"Time_Iter","Outer_Iter","Inner_Iter",    "rms[Rho]"    ,    "rms[RhoU]"   ,    "rms[RhoV]"   ,    "rms[RhoE]"   ,     "rms[nu]"    ,    "RefForce"    ,       "CD"       ,       "CL"       ,       "CSF"      ,       "CMx"      ,       "CMy"      ,       "CMz"      ,       "CFx"      ,       "CFy"      ,       "CFz"      ,      "CEff"      ,     "Buffet"     
          0,           0,           0,      -5.050591073,       -15.4763516,      -15.49520475,      -4.504573088,      -11.10302192,     0.01574597947,       1.394889247,       3.047301651,                 0,                 0,                 0,      0.8113990547,        1.17892235,       3.137181132,                 0,        2.18461907,     0.00106787874
          0,           0,           1,      -5.748703825,      -5.369526313,      -5.366943932,      -5.180710381,       -11.5143986,     0.01574597947,      0.5253513478,      0.7843434706,                 0,                 0,                 0,      0.1067751062,      0.4693585836,      0.8190795069,                 0,       1.492988405,     0.00106787874
          0,           0,           2,      -5.712748342,      -5.505786779,      -5.806800939,      -5.156399048,       -12.4199636,     0.01574597947,      0.4052916547,      0.4341505393,                 0,                 0,                 0,     0.06930900516,      0.3740195739,      0.4613646871,                 0,       1.071205228,     0.00106787874
          0,           0,           3,      -5.791036793,      -5.608098342,      -5.966372072,      -5.237008351,      -12.59009386,     0.01574597947,      0.3514736961,      0.4849559432,                 0,                 0,                 0,     0.06507487925,      0.3167887073,      0.5082921806,                 0,       1.379778768,     0.00106787874
          0,           0,           4,      -5.887713721,      -5.666396298,      -5.964201552,      -5.336332681,      -12.66862469,     0.01574597947,      0.2996395659,      0.3155030715,                 0,                 0,                 0,    0.005702820106,      0.2769012773,      0.3356363214,                 0,       1.052941959,     0.00106787874
          0,           0,           5,      -5.994149917,      -5.701784125,       -6.00783844,      -5.444837755,      -12.65554936,     0.01574597947,      0.2724783304,      0.3724804125,                 0,                 0,                 0,     0.02067531463,      0.2458316667,      0.3905801965,                 0,       1.367009303,     0.00106787874
          0,           0,           6,      -6.090638534,      -5.718031625,      -6.042719731,      -5.542940607,      -12.52417224,     0.01574597947,      0.2519271996,      0.3463977772,                 0,                 0,                 0,    0.002926497089,      0.2271500301,      0.3631275227,                 0,       1.374991576,     0.00106787874
          0,           0,           7,      -6.147266968,      -5.717267119,      -6.058843507,      -5.601489716,      -12.40107872,     0.01574597947,      0.2340112819,      0.3728197352,                 0,                 0,                 0,    0.007524890721,      0.2074346521,      0.3882353669,                 0,        1.59316992,     0.00106787874
          0,           0,           8,      -6.208591304,       -5.71500146,      -6.083165481,      -5.664608799,      -12.30080011,     0.01574597947,      0.2186056256,      0.3744060445,                 0,                 0,                 0,     0.00213474777,      0.1919558678,      0.3887431677,                 0,       1.712700867,     0.00106787874
          0,           0,           9,      -6.287227224,      -5.719155859,      -6.125362013,      -5.744022556,      -12.22060903,     0.01574597947,       0.206245666,      0.3851147312,                 0,                 0,                 0,    0.002402643351,      0.1788790163,      0.3985635815,                 0,       1.867262177,     0.00106787874
          0,           0,          10,      -6.356772221,      -5.727949215,      -6.182636366,      -5.813800706,      -12.15848595,     0.01574597947,      0.1932251979,      0.3896471322,                 0,                 0,                 0,   0.0002948196088,      0.1655741011,      0.4021766798,                 0,       2.016544097,     0.00106787874
          0,           0,          11,       -6.36096054,      -5.736734907,      -6.220739312,      -5.817452968,      -12.11363417,     0.01574597947,      0.1831565634,      0.3936674537,                 0,                 0,                 0,  -0.0004289310988,      0.1552495498,      0.4054848556,                 0,       2.149349423,     0.00106787874
          0,           0,          12,      -6.337396714,      -5.736493204,      -6.222820633,        -5.7938305,      -12.08505343,     0.01574597947,      0.1731349167,      0.3962854173,                 0,                 0,                 0,   -0.001772706206,      0.1450696955,      0.4073973672,                 0,       2.288882132,     0.00106787874
          0,           0,          13,      -6.336619101,      -5.724630732,      -6.208945438,       -5.79310972,      -12.07158032,     0.01574597947,      0.1642903874,      0.3981015266,                 0,                 0,                 0,   -0.002213505722,      0.1361200256,      0.4085920893,                 0,       2.423157757,     0.00106787874
          0,           0,          14,      -6.384735364,        -5.7095027,      -6.205200575,      -5.840698458,        -12.072305,     0.01574597947,      0.1564629006,      0.3992055112,                 0,                 0,                 0,    -0.00295405588,      0.1282345961,      0.4091473668,                 0,       2.551438774,     0.00106787874
          0,           0,          15,      -6.456626209,      -5.700735028,      -6.214861808,      -5.910644946,      -12.08554267,     0.01574597947,      0.1488639185,      0.4004835156,                 0,                 0,                 0,   -0.003264283711,      0.1205649757,      0.4098921799,                 0,       2.690265845,     0.00106787874
          0,           0,          16,      -6.508868486,      -5.702696677,      -6.230351969,      -5.959562626,      -12.11074835,     0.01574597947,      0.1422328443,      0.4018407648,                 0,                 0,                 0,   -0.003564566467,      0.1138553775,      0.4107835626,                 0,       2.825231871,     0.00106787874
          0,           0,          17,      -6.514094525,      -5.713243464,      -6.241648181,      -5.962817104,      -12.14633426,     0.01574597947,       0.135918811,      0.4034732799,                 0,                 0,                 0,   -0.003723162067,      0.1074428463,      0.4119716563,                 0,       2.968487416,     0.00106787874
          0,           0,          18,      -6.506287778,      -5.726744839,      -6.245609342,      -5.954662344,      -12.19090921,     0.01574597947,      0.1300511375,      0.4055313664,                 0,                 0,                 0,   -0.003720524929,      0.1014459014,      0.4136154211,                 0,       3.118245439,     0.00106787874
          0,           0,          19,      -6.519225196,      -5.737202227,      -6.246918699,      -5.967423782,      -12.24375863,     0.01574597947,      0.1246695853,      0.4076974355,                 0,                 0,                 0,   -0.003738228839,     0.09592636103,      0.4154008156,                 0,       3.270223723,     0.00106787874
          0,           0,          20,      -6.555212426,      -5.743134854,      -6.248359248,      -6.002391515,      -12.30408796,     0.01574597947,      0.1194958678,      0.4101331249,                 0,                 0,                 0,   -0.003679819055,     0.09059534128,      0.4174696716,                 0,       3.432195043,     0.00106787874
          0,           0,          21,      -6.598914888,      -5.746947446,      -6.251500592,      -6.044152447,      -12.37068762,     0.01574597947,      0.1146983241,      0.4124134926,                 0,                 0,                 0,   -0.003639687328,      0.0856504138,      0.4194098247,                 0,       3.595636604,     0.00106787874
          0,           0,          22,      -6.631503837,      -5.751466706,      -6.256120259,      -6.074720702,      -12.44203311,     0.01574597947,       0.110135816,      0.4146526623,                 0,                 0,                 0,    -0.00361853637,      0.0809428231,      0.4213252754,                 0,       3.764921145,     0.00106787874
          0,           0,          23,      -6.649416236,      -5.757452013,      -6.261651834,      -6.091303567,      -12.51661881,     0.01574597947,      0.1057905586,      0.4167011057,                 0,                 0,                 0,   -0.003608560814,     0.07646525837,       0.423065619,                 0,        3.93892528,     0.00106787874
          0,           0,          24,      -6.662095477,      -5.764150261,      -6.267788613,      -6.103125348,      -12.59076393,     0.01574597947,       0.101710321,      0.4184972334,                 0,                 0,                 0,   -0.003605317547,     0.07226966846,      0.4245727485,                 0,       4.114599477,     0.00106787874
          0,           0,          25,      -6.678496769,      -5.771135158,      -6.273891001,      -6.118498601,      -12.66188877,     0.01574597947,     0.09781597473,      0.4200490615,                 0,                 0,                 0,   -0.003588676643,      0.0682765586,      0.4258491406,                 0,       4.294278748,     0.00106787874
          0,           0,          26,      -6.700876645,      -5.779284037,      -6.279985863,      -6.139451868,      -12.72604048,     0.01574597947,     0.09413751442,      0.4213916864,                 0,                 0,                 0,   -0.003561407365,     0.06451340206,      0.4269318984,                 0,       4.476341754,     0.00106787874
          0,           0,          27,      -6.727195196,      -5.790088805,      -6.286983044,      -6.164214009,      -12.77733716,     0.01574597947,     0.09066476358,      0.4225653644,                 0,                 0,                 0,   -0.003530889276,     0.06096723902,      0.4278604707,                 0,       4.660745231,     0.00106787874
          0,           0,          28,      -6.754238786,      -5.804279981,      -6.295966046,      -6.190128888,      -12.81583645,     0.01574597947,     0.08736195016,      0.4236507172,                 0,                 0,                 0,   -0.003484185139,     0.05759676072,      0.4287127869,                 0,       4.849373399,     0.00106787874
          0,           0,          29,      -6.779676553,      -5.820962702,      -6.307305364,      -6.215214221,      -12.84255895,     0.01574597947,     0.08423706904,      0.4246982577,                 0,                 0,                 0,   -0.003431210956,     0.05440641891,       0.429539795,                 0,       5.041702691,     0.00106787874
          0,           0,          30,      -6.802175787,       -5.83780835,       -6.32013169,      -6.237956514,      -12.85714525,     0.01574597947,     0.08127340896,      0.4257631149,                 0,                 0,                 0,   -0.003370002132,     0.05137569747,      0.4303953238,                 0,       5.238652105,     0.00106787874
          0,           0,          31,      -6.821612197,      -5.852244473,      -6.332759963,      -6.257565067,      -12.86030389,     0.01574597947,     0.07844744433,      0.4268265443,                 0,                 0,                 0,   -0.003287371356,     0.04848243567,      0.4312590333,                 0,       5.440923511,     0.00106787874
          0,           0,          32,      -6.839433548,      -5.862924416,      -6.343777494,      -6.274771797,      -12.85834125,     0.01574597947,     0.07576326935,      0.4278833068,                 0,                 0,                 0,   -0.003192351165,     0.04573108317,      0.4321259831,                 0,         5.6476352,     0.00106787874
          0,           0,          33,      -6.858083694,      -5.870366766,      -6.352954743,      -6.291724156,      -12.85427417,     0.01574597947,     0.07320688931,      0.4289222342,                 0,                 0,                 0,    -0.00309677396,     0.04310845844,      0.4329840556,                 0,       5.859041932,     0.00106787874
          0,           0,          34,      -6.879454606,      -5.876347428,      -6.361258074,      -6.310536396,      -12.84581582,     0.01574597947,     0.07076554853,      0.4299342175,                 0,                 0,                 0,   -0.003003985813,     0.04060247225,      0.4338232745,                 0,       6.075473539,     0.00106787874
          0,           0,          35,      -6.903678581,      -5.882727978,      -6.370088796,      -6.331883763,      -12.83579159,     0.01574597947,     0.06843687765,      0.4309093876,                 0,                 0,                 0,   -0.002918831607,     0.03821144947,      0.4346336292,                 0,       6.296450136,     0.00106787874
          0,           0,          36,      -6.929084756,      -5.890647093,      -6.380409414,      -6.354717107,      -12.82446971,     0.01574597947,     0.06621083001,      0.4318424758,                 0,                 0,                 0,   -0.002841720367,     0.03592573543,      0.4354091633,                 0,       6.522233233,    0.001135234454
          0,           0,          37,      -6.953226634,      -5.900359697,      -6.392357768,      -6.377062249,      -12.81203517,     0.01574597947,     0.06408058495,      0.4327312915,                 0,                 0,                 0,   -0.002772690037,     0.03373867889,      0.4361472155,                 0,       6.752923555,    0.001135234454
          0,           0,          38,       -6.97459019,      -5.911507271,      -6.405397566,      -6.397487785,       -12.7985546,     0.01574597947,     0.06204366411,      0.4335709043,                 0,                 0,                 0,     -0.0027115261,     0.03164815147,      0.4368426945,                 0,       6.988157622,    0.001135234454
          0,           0,          39,      -6.993615587,      -5.923522037,      -6.418751326,      -6.416092143,      -12.78535107,     0.01574597947,     0.06009380308,      0.4343594306,                 0,                 0,                 0,   -0.002656160255,     0.02964803538,      0.4374932847,                 0,       7.228023662,    0.001135234454
          0,           0,          40,      -7.012206732,      -5.935952103,      -6.431857699,      -6.434264138,      -12.77172322,     0.01574597947,     0.05822687261,      0.4350997027,                 0,                 0,                 0,   -0.002604639479,     0.02773401389,       0.438101523,                 0,       7.472489646,    0.004900774085
          0,           0,          41,      -7.032249622,      -5.948603355,      -6.444591162,      -6.453526182,      -12.75739674,     0.01574597947,     0.05644065028,      0.4357992865,                 0,                 0,                 0,   -0.002554318613,      0.0259033422,      0.4386748021,                 0,       7.721372528,    0.004900774085
          0,           0,          42,      -7.054424628,      -5.961495607,      -6.457195489,      -6.474497324,      -12.74290309,     0.01574597947,     0.05473068572,      0.4364690242,                 0,                 0,                 0,   -0.002502288719,      0.0241508245,      0.4392236272,                 0,       7.974850276,    0.004900774085
          0,           0,          43,      -7.077991118,      -5.974715682,      -6.470036124,      -6.496632426,      -12.72789011,     0.01574597947,     0.05309335439,      0.4371187946,                 0,                 0,                 0,   -0.002446084642,     0.02247215593,      0.4397576003,                 0,        8.23302275,    0.004900774085
          0,           0,          44,      -7.101377498,      -5.988277236,      -6.483345547,      -6.518670388,      -12.71283484,     0.01574597947,      0.0515259543,      0.4377579791,                 0,                 0,                 0,   -0.002383594274,      0.0208639867,      0.4402858915,                 0,       8.495873293,    0.005150384177
          0,           0,          45,      -7.123171531,      -6.002056234,      -6.497120369,      -6.539437212,      -12.69749447,     0.01574597947,     0.05002475047,      0.4383944865,                 0,                 0,                 0,   -0.002313318545,      0.0193220392,      0.4408161297,                 0,       8.763551689,    0.005150384177
          0,           0,          46,      -7.142913848,      -6.015815148,      -6.511169238,      -6.558495706,      -12.68233309,     0.01574597947,     0.04858649285,      0.4390335914,                 0,                 0,                 0,   -0.002234584532,     0.01784270341,        0.44135335,                 0,       9.036124355,    0.005150384177
          0,           0,          47,      -7.161185186,      -6.029285727,      -6.525237375,      -6.576238596,      -12.66778974,     0.01574597947,     0.04720837934,      0.4396790409,                 0,                 0,                 0,   -0.002147541383,     0.01642292263,      0.4419010949,                 0,       9.313580492,    0.005150384177
          0,           0,          48,      -7.179035299,      -6.042262138,      -6.539132824,      -6.593456764,      -12.65387152,     0.01574597947,     0.04588706734,      0.4403325452,                 0,                 0,                 0,    -0.00205307595,     0.01505924312,      0.4424608373,                 0,       9.596005383,    0.005150384177
          0,           0,          49,      -7.197281935,      -6.054664894,      -6.552788954,      -6.610791214,      -12.64047057,     0.01574597947,     0.04461948816,      0.4409939088,                 0,                 0,                 0,   -0.001952692245,     0.01374861731,      0.4430321679,                 0,       9.883437192,    0.005150384177
          0,           0,          50,      -7.216151278,      -6.066556445,      -6.566258493,      -6.628445966,       -12.6274706,     0.01574597947,      0.0434028666,      0.4416615568,                 0,                 0,                 0,   -0.001848289526,     0.01248838661,      0.4436133224,                 0,       10.17586144,    0.005412010444
          0,           0,          51,      -7.235351802,      -6.078112153,      -6.579668868,      -6.646245669,      -12.61466756,     0.01574597947,     0.04223427063,      0.4423327145,                 0,                 0,                 0,   -0.001741901058,     0.01127581969,       0.444201328,                 0,        10.4733125,    0.005919089993
          0,           0,          52,      -7.254419076,      -6.089565884,      -6.593168276,      -6.663908037,      -12.60187436,     0.01574597947,     0.04111107608,      0.4430037471,                 0,                 0,                 0,   -0.001635456725,     0.01010855231,       0.444792376,                 0,         10.775776,    0.005919089993
          0,           0,          53,      -7.273080594,      -6.101152556,      -6.606886866,      -6.681317808,       -12.5891718,     0.01574597947,     0.04003092249,       0.443670664,                 0,                 0,                 0,   -0.001530679617,    0.008984508153,      0.4453823206,                 0,        11.0831986,    0.006189144545
          0,           0,          54,      -7.291427638,        -6.1130644,      -6.620914569,      -6.698634611,      -12.57647334,     0.01574597947,     0.03899151218,      0.4443294001,                 0,                 0,                 0,   -0.001428907315,    0.007901678685,      0.4459669464,                 0,       11.39554163,    0.006189144545
          0,           0,          55,      -7.309838016,      -6.125427474,      -6.635293788,      -6.716207516,      -12.56401224,     0.01574597947,     0.03799085586,      0.4449761142,                 0,                 0,                 0,   -0.001331017296,     0.00685834742,      0.4465422829,                 0,       11.71271623,    0.006189144545
          0,           0,          56,       -7.32874615,      -6.138297125,       -6.65002486,      -6.734383399,      -12.55173595,     0.01574597947,     0.03702717201,      0.4456074027,                 0,                 0,                 0,   -0.001237468797,     0.00585297459,      0.4471048104,                 0,       12.03460536,    0.006189144545
          0,           0,          57,      -7.348418916,      -6.151667295,      -6.665076288,      -6.753334793,      -12.53976426,     0.01574597947,     0.03609879936,      0.4462205309,                 0,                 0,                 0,   -0.001148336718,    0.004884093757,       0.447651685,                 0,       12.36109064,    0.006189144545
          0,           0,          58,      -7.368845888,      -6.165487034,      -6.680399742,      -6.772987804,      -12.52809106,     0.01574597947,     0.03520427894,      0.4468136434,                 0,                 0,                 0,   -0.001063413065,    0.003950378906,      0.4481809541,                 0,       12.69202656,    0.006189144545
          0,           0,          59,      -7.389760499,      -6.179678554,      -6.695945788,      -6.793057303,      -12.51669913,     0.01574597947,     0.03434225759,      0.4473857617,                 0,                 0,                 0,   -0.000982267682,     0.00305054844,      0.4486915472,                 0,       13.02726708,    0.006189144545
          0,           0,          60,      -7.410756048,      -6.194153353,      -6.711674377,      -6.813156818,      -12.50551261,     0.01574597947,     0.03351147849,       0.447936733,                 0,                 0,                 0,  -0.0009043275069,    0.002183359264,      0.4491832242,                 0,       13.36666578,    0.006189144545
          0,           0,          61,      -7.431434456,      -6.208824563,      -6.727559591,       -6.83292922,      -12.49451006,     0.01574597947,     0.03271078548,      0.4484670347,                 0,                 0,                 0,  -0.0008290163445,    0.001347624718,      0.4496563806,                 0,       13.71006621,    0.006189144545
          0,           0,          62,      -7.451526599,      -6.223615587,      -6.743586864,      -6.852146708,      -12.48374613,     0.01574597947,     0.03193906057,      0.4489775512,                 0,                 0,                 0,  -0.0007558177578,   0.0005421678602,      0.4501118207,                 0,       14.05731863,    0.006189144545
          0,           0,          63,      -7.470946972,      -6.238466122,      -6.759744997,        -6.8707509,      -12.47315173,     0.01574597947,     0.03119521884,      0.4494693681,                 0,                 0,                 0,  -0.0006843223261,  -0.0002341693208,      0.4505505517,                 0,       14.40827745,    0.006189144545
          0,           0,          64,      -7.489775224,      -6.253336461,      -6.776018758,       -6.88883012,      -12.46267353,     0.01574597947,     0.03047822055,      0.4499436049,                 0,                 0,                 0,  -0.0006142615884,  -0.0009825021288,      0.4509736181,                 0,       14.76279116,    0.006189144545
          0,           0,          65,      -7.508188844,      -6.268210329,       -6.79238644,      -6.906557208,      -12.45226424,     0.01574597947,     0.02978703291,      0.4504012659,                 0,                 0,                 0,  -0.0005455425111,   -0.001703930887,      0.4513819495,                 0,       15.12071603,    0.006189144545
          0,           0,          66,      -7.526385025,      -6.283095749,      -6.808825138,      -6.924120592,       -12.4418876,     0.01574597947,     0.02912063068,      0.4508430345,                 0,                 0,                 0,  -0.0004782545069,    -0.00239952601,       0.451776156,                 0,       15.48191176,    0.006189144545
          0,           0,          67,      -7.544520707,      -6.298022911,      -6.825322205,      -6.941672286,      -12.43150973,     0.01574597947,     0.02847800027,      0.4512692276,                 0,                 0,                 0,  -0.0004126915742,   -0.003070320726,      0.4521564833,                 0,       15.84624002,    0.006189144545
          0,           0,          68,      -7.562684198,      -6.313038421,      -6.841887159,      -6.959302952,      -12.42113835,     0.01574597947,     0.02785812393,        0.45167969,                 0,                 0,                 0,  -0.0003493304657,   -0.003717319496,      0.4525227054,                 0,       16.21357171,    0.006465786329
          0,           0,          69,      -7.580896355,      -6.328196185,      -6.858557671,      -6.977041517,      -12.41075258,     0.01574597947,     0.02725999863,      0.4520738103,                 0,                 0,                 0,  -0.0002887748729,   -0.004341480235,      0.4528741426,                 0,       16.58377964,    0.006465786329
          0,           0,          70,       -7.59913062,      -6.343546317,      -6.875395169,      -6.994870413,       -12.4003598,     0.01574597947,      0.0266826543,      0.4524505493,                 0,                 0,                 0,  -0.0002316997425,   -0.004943698163,      0.4532096904,                 0,       16.95672942,     0.01051723874
          0,           0,          71,      -7.617340258,      -6.359124311,       -6.89247057,      -7.012747091,      -12.38991647,     0.01574597947,     0.02612515987,      0.4528085217,                 0,                 0,                 0,  -0.0001787868559,   -0.005524805465,       0.453527902,                 0,       17.33227754,     0.01079387056
          0,           0,          72,      -7.635483191,      -6.374942879,      -6.909844916,       -7.03062451,      -12.37941756,     0.01574597947,     0.02558663182,      0.4531461438,                 0,                 0,                 0,  -0.0001306722438,   -0.006085573011,      0.4538271358,                 0,       17.71026945,     0.01079387056
          0,           0,          73,      -7.653537966,      -6.390988316,      -6.927551675,      -7.048465789,      -12.36886661,     0.01574597947,     0.02506625532,      0.4534618088,                 0,                 0,                 0,  -8.789387751e-05,   -0.006626701574,      0.4541057322,                 0,        18.0905286,     0.01079387056
          0,           0,          74,      -7.671508726,      -6.407222201,      -6.945586698,      -7.066251349,       -12.3582681,     0.01574597947,      0.0245632799,      0.4537540538,                 0,                 0,                 0,  -5.084437937e-05,   -0.007148837752,      0.4543621795,                 0,       18.47286094,     0.01079387056
          0,           0,          75,      -7.689421204,      -6.423588108,      -6.963908677,      -7.083979639,      -12.34761713,     0.01574597947,     0.02407701634,      0.4540217014,                 0,                 0,                 0,   -1.97439856e-05,   -0.007652586954,      0.4545952551,                 0,       18.85705832,     0.01079387056
          0,           0,          76,      -7.707313842,      -6.440021802,      -6.982449271,      -7.101663955,      -12.33692188,     0.01574597947,     0.02360685361,      0.4542639799,                 0,                 0,                 0,   5.380512315e-06,   -0.008138504878,      0.4548041465,                 0,       19.24288545,     0.01079387056
          0,           0,          77,      -7.725228342,      -6.456462771,       -7.00112933,      -7.119327939,      -12.32619289,     0.01574597947,     0.02315225323,      0.4544805771,                 0,                 0,                 0,   2.470958459e-05,   -0.008607106943,      0.4549885048,                 0,       19.63007974,     0.01079387056
          0,           0,          78,      -7.743203305,      -6.472864685,        -7.0198762,      -7.137002002,      -12.31543386,     0.01574597947,     0.02271273266,      0.4546716665,                 0,                 0,                 0,   3.859283252e-05,   -0.009058886582,      0.4551484694,                 0,       20.01836033,     0.01079387056
          0,           0,          79,      -7.761270505,      -6.489202747,      -7.038637721,      -7.154720259,      -12.30463833,     0.01574597947,     0.02228786002,      0.4548379638,                 0,                 0,                 0,   4.752644745e-05,   -0.009494324566,      0.4552847239,                 0,       20.40743092,     0.01079387056
          0,           0,          80,       -7.77945237,      -6.505476783,      -7.057389799,      -7.172517069,      -12.29379794,     0.01574597947,     0.02187724168,      0.4549806576,                 0,                 0,                 0,   5.213526533e-05,   -0.009913896477,      0.4553984268,                 0,       20.79698457,     0.01079387056
          0,           0,          81,      -7.797762118,      -6.521709901,      -7.076136727,      -7.190424641,      -12.28288985,     0.01574597947,     0.02148051608,      0.4551013487,                 0,                 0,                 0,   5.313581545e-05,    -0.01031807466,      0.4554911498,                 0,       21.18670459,     0.01079387056
          0,           0,          82,      -7.816204625,      -6.537943594,      -7.094905649,      -7.208470843,      -12.27189414,     0.01574597947,     0.02109734466,      0.4552019699,                 0,                 0,                 0,   5.130356097e-05,    -0.01070733167,      0.4555647971,                 0,       21.57626835,     0.01079387056
          0,           0,          83,      -7.834776852,      -6.554230663,      -7.113737641,       -7.22667676,       -12.2608022,     0.01574597947,     0.02072740574,      0.4552847005,                 0,                 0,                 0,   4.743815473e-05,    -0.01108214044,      0.4556215206,                 0,       21.96534898,     0.01079387056
          0,           0,          84,      -7.853468066,       -6.57062753,      -7.132678176,      -7.245054472,      -12.24961506,     0.01574597947,     0.02037038568,      0.4553518911,                 0,                 0,                 0,   4.232602818e-05,    -0.01144297779,       0.455663643,                 0,       22.35362149,     0.01079387056
          0,           0,          85,      -7.872260089,      -6.587187266,      -7.151769264,       -7.26360551,      -12.23834475,     0.01574597947,     0.02002596994,      0.4554059904,                 0,                 0,                 0,    3.67152958e-05,    -0.01179032833,      0.4556935854,                 0,        22.7407707,     0.01079387056
          0,           0,          86,      -7.891127946,      -6.603954208,      -7.171044484,      -7.282320241,      -12.22699121,     0.01574597947,     0.01969384018,      0.4554494649,                 0,                 0,                 0,   3.129017441e-05,    -0.01212468166,      0.4557137857,                 0,       23.12649339,     0.01079387056
          0,           0,          87,       -7.91004101,      -6.620960513,       -7.19052724,       -7.30117828,      -12.21557304,     0.01574597947,     0.01937367093,      0.4554847208,                 0,                 0,                 0,    2.66473185e-05,    -0.01244653033,      0.4557266218,                 0,       23.51050157,     0.01079387056
          0,           0,          88,      -7.928964765,      -6.638224633,      -7.210231581,      -7.320150025,      -12.20407334,     0.01574597947,      0.0190651235,      0.4555140314,                 0,                 0,                 0,   2.328233006e-05,    -0.01275637076,      0.4557343379,                 0,       23.89252981,     0.01079387056
          0,           0,          89,      -7.947862639,      -6.655751404,      -7.230164439,      -7.339198799,      -12.19248123,     0.01574597947,     0.01876784873,      0.4555394684,                 0,                 0,                 0,   2.157624854e-05,    -0.01305469577,      0.4557389761,                 0,       24.27233269,     0.01079387056
          0,           0,          90,      -7.966698503,      -6.673533378,      -7.250328053,      -7.358284013,      -12.18085047,     0.01574597947,     0.01848148105,      0.4555628474,                 0,                 0,                 0,   2.179032088e-05,    -0.01334199671,      0.4557423222,                 0,       24.64969372,     0.01079387056
          0,           0,          91,      -7.985439512,      -6.691552952,      -7.270721506,      -7.377364984,      -12.16922246,     0.01574597947,     0.01820564712,        0.45558569,                 0,                 0,                 0,   2.407150203e-05,    -0.01361875215,      0.4557458679,                 0,       25.02441616,     0.01079387056
          0,           0,          92,      -8.004058214,      -6.709784972,      -7.291341054,      -7.396404353,      -12.15763097,     0.01574597947,      0.0179399646,       0.455609201,                 0,                 0,                 0,   2.846173137e-05,    -0.01388542752,      0.4557507886,                 0,       25.39632665,     0.01079387056
          0,           0,          93,      -8.022533522,      -6.728199502,      -7.312179317,      -7.415370618,      -12.14610458,     0.01574597947,     0.01768404842,      0.4556342657,                 0,                 0,                 0,   3.491062092e-05,    -0.01414246873,      0.4557579404,                 0,       25.76526907,     0.01079387056
          0,           0,          94,       -8.04085101,      -6.746764566,      -7.333224005,      -7.434239908,      -12.13468316,     0.01574597947,     0.01743751139,      0.4556614626,                 0,                 0,                 0,   4.329137521e-05,    -0.01439030236,      0.4557678735,                 0,       26.13110624,     0.01079387056
          0,           0,          95,      -8.059001994,      -6.765448657,      -7.354457078,      -7.452996344,      -12.12340725,     0.01574597947,     0.01719997209,      0.4556910889,                 0,                 0,                 0,   5.341822708e-05,    -0.01462932966,      0.4557808577,                 0,       26.49371095,     0.01079387056
          0,           0,          96,      -8.076982244,       -6.78422288,       -7.37585513,      -7.471631575,      -12.11229069,     0.01574597947,      0.0169710577,      0.4557231959,                 0,                 0,                 0,   6.506486351e-05,     -0.0148599261,      0.4557969183,                 0,       26.85296368,     0.01079387056
          0,           0,          97,      -8.094790573,      -6.803062595,      -7.397391344,      -7.490143606,       -12.1014091,     0.01574597947,     0.01675040801,      0.4557576272,                 0,                 0,                 0,   7.797948227e-05,     -0.0150824401,      0.4558158739,                 0,       27.20874781,     0.01079387056
          0,           0,          98,      -8.112427742,      -6.821948448,      -7.419038684,      -7.508535357,       -12.0908023,     0.01574597947,     0.01653767512,      0.4557940692,                 0,                 0,                 0,   9.190223743e-05,    -0.01529719685,      0.4558373877,                 0,       27.56095194,     0.01079387056
          0,           0,          99,      -8.129895337,      -6.840866711,      -7.440773726,      -7.526812861,      -12.08053992,     0.01574597947,     0.01633252881,      0.4558320985,                 0,                 0,                 0,   0.0001065813916,    -0.01550449622,       0.455861014,                 0,       27.90946239,     0.01079387056
          0,           0,         100,      -8.147195337,      -6.859808947,      -7.462580076,      -7.544983899,      -12.07066732,     0.01574597947,     0.01613465757,      0.4558712272,                 0,                 0,                 0,   0.0001217850823,    -0.01570461494,      0.4558862446,                 0,        28.2541619,     0.01079387056
          0,           0,         101,      -8.164330005,      -6.878771054,      -7.484450424,      -7.563056938,      -12.06127381,     0.01574597947,     0.01594376901,       0.455910943,                 0,                 0,                 0,   0.0001373089626,    -0.01589780893,      0.4559125479,                 0,       28.59492901,     0.01079387056
          0,           0,         102,       -8.18130164,      -6.897751861,      -7.506386787,      -7.581040123,       -12.0524126,     0.01574597947,     0.01575959005,      0.4559507455,                 0,                 0,                 0,   0.0001529826846,    -0.01608431572,      0.4559394058,                 0,       28.93163743,     0.01079387056
          0,           0,         103,      -8.198111999,      -6.916751501,      -7.528398852,      -7.598940176,      -12.04414946,     0.01574597947,     0.01558186771,      0.4559901751,                 0,                 0,                 0,   0.0001686730095,    -0.01626435561,      0.4559663421,                 0,       29.26415393,     0.01079387056
          0,           0,         104,       -8.21476172,      -6.935769784,       -7.55050085,      -7.616761532,      -12.03654224,     0.01574597947,     0.01541036233,      0.4560288307,                 0,                 0,                 0,   0.0001842822855,    -0.01643813969,      0.4559929399,                 0,       29.59234967,     0.01079387056
          0,           0,         105,       -8.23124986,      -6.954804763,      -7.572707792,        -7.6345057,      -12.02964618,     0.01574597947,     0.01524485402,      0.4560663844,                 0,                 0,                 0,   0.0001997485886,    -0.01660586445,      0.4560188569,                 0,       29.91608734,     0.01079387056
          0,           0,         106,       -8.24757324,      -6.973851631,      -7.595031728,      -7.652170599,      -12.02352038,     0.01574597947,     0.01508513605,      0.4561025909,                 0,                 0,                 0,   0.0002150425494,    -0.01676771899,      0.4560438339,                 0,       30.23523217,     0.01079387056
          0,           0,         107,       -8.26372616,      -6.992902042,      -7.617478745,      -7.669750358,      -12.01819631,     0.01574597947,     0.01493101226,      0.4561372843,                 0,                 0,                 0,   0.0002301611673,    -0.01692388743,      0.4560676916,                 0,       30.54965572,     0.01079387056
          0,           0,         108,      -8.279699974,       -7.01194391,      -7.640047042,      -7.687235005,      -12.01370608,     0.01574597947,     0.01478229642,      0.4561703795,                 0,                 0,                 0,   0.0002451257029,    -0.01707454962,      0.4560903323,                 0,       30.85923639,     0.01079387056
          0,           0,         109,      -8.295483252,      -7.030961673,      -7.662726168,      -7.704610755,      -12.01008445,     0.01574597947,     0.01463880903,      0.4562018614,                 0,                 0,                 0,   0.0002599733971,    -0.01721988354,      0.4561117283,                 0,       31.16386453,     0.01079387056
          0,           0,         110,      -8.311062143,       -7.04993695,      -7.685497415,      -7.721860506,       -12.0073509,     0.01574597947,     0.01450037629,      0.4562317721,                 0,                 0,                 0,   0.0002747517106,    -0.01736006553,      0.4561319095,                 0,       31.46344363,     0.01079387056
          0,           0,         111,      -8.326420874,      -7.068849474,      -7.708335175,      -7.738964521,      -12.00552408,     0.01574597947,     0.01436682632,      0.4562601924,                 0,                 0,                 0,   0.0002895086164,    -0.01749527268,      0.4561509446,                 0,       31.75789713,     0.01079387056
          0,           0,         112,       -8.34154256,      -7.087678158,       -7.73120912,      -7.755901411,      -12.00462569,     0.01574597947,     0.01423799095,      0.4562872283,                 0,                 0,                 0,   0.0003042894519,    -0.01762568014,      0.4561689276,                 0,       32.04716382,     0.01079387056
          0,           0,         113,      -8.356409627,      -7.106402116,      -7.754086934,      -7.772648836,      -12.00467217,     0.01574597947,     0.01411370593,      0.4563129982,                 0,                 0,                 0,   0.0003191324891,    -0.01775146002,       0.456185965,                 0,       32.33119638,     0.01079387056
          0,           0,         114,      -8.371004231,      -7.125001502,        -7.7769372,      -7.789184172,      -12.00567174,     0.01574597947,     0.01399380794,      0.4563376109,                 0,                 0,                 0,   0.0003340627607,    -0.01787278285,      0.4562021541,                 0,       32.60996671,     0.01079387056
          0,           0,         115,       -8.38530838,      -7.143458127,      -7.799732116,       -7.80548489,      -12.00762172,     0.01574597947,     0.01387813343,      0.4563611461,                 0,                 0,                 0,   0.0003490858795,    -0.01798981732,       0.456217563,                 0,       32.88346726,     0.01079387056
          0,           0,         116,      -8.399303801,      -7.161755723,      -7.822449876,      -7.821528628,      -12.01051312,     0.01574597947,     0.01376651871,      0.4563836351,                 0,                 0,                 0,   0.0003641821292,    -0.01810272889,      0.4562322113,                 0,       33.15170992,     0.01079387056
          0,           0,         117,       -8.41297203,        -7.1798799,      -7.845076114,      -7.837293305,      -12.01432595,     0.01574597947,     0.01365879983,      0.4564050525,                 0,                 0,                 0,   0.0003793061913,    -0.01821167938,      0.4562460625,                 0,       33.41472591,     0.01491461313
          0,           0,         118,       -8.42629406,      -7.197817718,      -7.867604316,      -7.852756826,       -12.0190142,     0.01574597947,     0.01355481394,      0.4564253119,                 0,                 0,                 0,    0.000394389191,    -0.01831682519,      0.4562590188,                 0,       33.67256193,     0.01491461313
          0,           0,         119,      -8.439250581,      -7.215556966,      -7.890034926,      -7.867896994,      -12.02452603,     0.01574597947,     0.01345440002,      0.4564442692,                 0,                 0,                 0,   0.0004093447799,     -0.0184183169,      0.4562709254,                 0,        33.9252786,     0.01491461313
          0,           0,         120,      -8.451822043,      -7.233085168,      -7.912373431,      -7.882691333,      -12.03080112,     0.01574597947,     0.01335740221,      0.4564617222,                 0,                 0,                 0,   0.0004240703217,     -0.0185162959,      0.4562815697,                 0,       34.17294135,     0.01491461313
          0,           0,         121,      -8.463988908,      -7.250388572,      -7.934627707,      -7.897116974,       -12.0377697,     0.01574597947,     0.01326366785,      0.4564774126,                 0,                 0,                 0,   0.0004384503938,    -0.01861089642,      0.4562906833,                 0,       34.41562452,     0.01491461313
          0,           0,         122,      -8.475732255,      -7.267451157,       -7.95680508,      -7.911150859,      -12.04534513,     0.01574597947,     0.01317304856,      0.4564910295,                 0,                 0,                 0,    0.000452357329,    -0.01870224484,      0.4562979457,                 0,       34.65340825,     0.01491461313
          0,           0,         123,      -8.487034178,      -7.284253813,      -7.978909589,      -7.924769886,      -12.05342689,     0.01574597947,     0.01308540054,      0.4565022097,                 0,                 0,                 0,    0.000465651554,    -0.01879045924,      0.4563029847,                 0,       34.88637648,     0.01491461313
          0,           0,         124,        -8.4978779,      -7.300773807,      -8.000939523,      -7.937950845,      -12.06190029,     0.01574597947,     0.01300058501,       0.456510543,                 0,                 0,                 0,    0.000478182775,    -0.01887564947,      0.4563053812,                 0,       35.11461543,     0.01491461313
          0,           0,         125,      -8.508247753,      -7.316984535,        -8.0228857,      -7.950670349,      -12.07063147,     0.01574597947,     0.01291846796,      0.4565155768,                 0,                 0,                 0,   0.0004897928357,    -0.01895791763,      0.4563046745,                 0,       35.33821335,     0.01491461313
          0,           0,         126,      -8.518129079,      -7.332855657,      -8.044730305,      -7.962904782,      -12.07946641,     0.01574597947,     0.01283892117,      0.4565168229,                 0,                 0,                 0,   0.0005003169461,    -0.01903735757,      0.4563003687,                 0,       35.55725726,     0.01491461313
          0,           0,         127,      -8.527507997,      -7.348353622,      -8.066446256,      -7.974630166,      -12.08824725,     0.01574597947,     0.01276182195,      0.4565137632,                 0,                 0,                 0,   0.0005095863046,    -0.01911405554,      0.4562919383,                 0,       35.77183298,     0.01491461313
          0,           0,         128,      -8.536371373,      -7.363442518,      -8.087997056,       -7.98582234,      -12.09677865,     0.01574597947,     0.01268705275,      0.4565058589,                 0,                 0,                 0,   0.0005174311113,    -0.01918809123,      0.4562788376,                 0,       35.98202576,     0.01491461313
          0,           0,         129,      -8.544706482,      -7.378085183,      -8.109337033,      -7.996456872,      -12.10485314,     0.01574597947,      0.0126145019,      0.4564925587,                 0,                 0,                 0,    0.000523683766,    -0.01925953758,      0.4562605089,                 0,       36.18791787,     0.01491461313
          0,           0,         130,      -8.552500986,      -7.392244525,      -8.130411894,      -8.006509354,       -12.1122708,     0.01574597947,     0.01254406416,      0.4564733098,                 0,                 0,                 0,   0.0005281829646,      -0.019328461,      0.4562363935,                 0,       36.38958666,     0.01491461313
          0,           0,         131,      -8.559742736,        -7.4058849,      -8.151159358,      -8.015955533,       -12.1188285,     0.01574597947,     0.01247564015,      0.4564475685,                 0,                 0,                 0,   0.0005307773065,     -0.0193949227,      0.4562059418,                 0,       36.58710598,     0.01491461313
          0,           0,         132,      -8.566419575,      -7.418973414,      -8.171510189,      -8.024771401,      -12.12432685,     0.01574597947,     0.01240913689,      0.4564148115,                 0,                 0,                 0,   0.0005313288472,    -0.01945897896,      0.4561686256,                 0,       36.78054448,     0.01491461313
          0,           0,         133,      -8.572519253,      -7.431481048,      -8.191389181,      -8.032933349,      -12.12858559,     0.01574597947,     0.01234446813,       0.456374546,                 0,                 0,                 0,   0.0005297152037,    -0.01952068141,      0.4561239471,                 0,       36.96996429,     0.01491461313
          0,           0,         134,      -8.578029726,      -7.443383514,      -8.210716466,      -8.040418625,      -12.13144971,     0.01574597947,     0.01228155406,      0.4563263189,                 0,                 0,                 0,   0.0005258320308,    -0.01958007807,      0.4560714488,                 0,       37.15542159,     0.01491461313
          0,           0,         135,       -8.58293963,      -7.454661801,      -8.229408887,      -8.047205888,      -12.13279119,     0.01574597947,     0.01222032143,      0.4562697244,                 0,                 0,                 0,   0.0005195935783,     -0.0196372137,      0.4560107208,                 0,       37.33696587,     0.01491461313
          0,           0,         136,       -8.58723938,      -7.465302414,      -8.247381452,      -8.053276419,      -12.13252179,     0.01574597947,       0.012160703,      0.4562044096,                 0,                 0,                 0,   0.0005109332181,    -0.01969213079,      0.4559414064,                 0,       37.51464119,     0.01491461313
          0,           0,         137,      -8.590922824,      -7.475297364,      -8.264549356,      -8.058615901,      -12.13063056,     0.01574597947,     0.01210263752,      0.4561300797,                 0,                 0,                 0,    0.000499803504,    -0.01974486982,      0.4558632071,                 0,       37.68848558,     0.01491461313
          0,           0,         138,      -8.593988951,      -7.484644001,      -8.280830004,      -8.063216353,      -12.12713344,     0.01574597947,     0.01204606953,      0.4560464992,                 0,                 0,                 0,   0.0004861749824,    -0.01979546974,      0.4557758841,                 0,       37.85853121,     0.01491461313
          0,           0,         139,       -8.59644374,      -7.493344723,      -8.296145702,      -8.067078282,       -12.1221024,     0.01574597947,     0.01199094838,      0.4559534922,                 0,                 0,                 0,   0.0004700346904,    -0.01984396877,      0.4556792587,                 0,       38.02480652,     0.01491461313
          0,           0,         140,      -8.598301561,      -7.501406599,      -8.310426695,      -8.070212436,      -12.11562478,     0.01574597947,      0.0119372277,      0.4558509443,                 0,                 0,                 0,   0.0004513861043,    -0.01989040522,      0.4555732132,                 0,       38.18733761,     0.01491461313
          0,           0,         141,      -8.599585774,      -7.508840981,       -8.32361423,       -8.07264068,       -12.1078282,     0.01574597947,      0.0118848648,      0.4557388038,                 0,                 0,                 0,   0.0004302491776,    -0.01993481803,      0.4554576932,                 0,       38.34614961,     0.01491461313
          0,           0,         142,      -8.600328418,      -7.515663109,      -8.335663597,      -8.074395869,      -12.09886161,     0.01574597947,     0.01183382141,      0.4556170841,                 0,                 0,                 0,   0.0004066612447,    -0.01997724635,      0.4553327095,                 0,       38.50126415,     0.01491461313
          0,           0,         143,      -8.600569599,      -7.521891693,      -8.346546792,      -8.075521265,      -12.08891548,     0.01574597947,     0.01178406286,      0.4554858656,                 0,                 0,                 0,   0.0003806771903,    -0.02001773036,      0.4551983396,                 0,       38.65270164,     0.01491461313
          0,           0,         144,      -8.600356028,      -7.527548483,      -8.356254433,      -8.076068934,      -12.07816418,     0.01574597947,     0.01173555806,      0.4553452948,                 0,                 0,                 0,   0.0003523682664,    -0.02005631127,      0.4550547277,                 0,       38.80048077,     0.01491461313
          0,           0,         145,      -8.599739965,      -7.532657852,      -8.364796871,      -8.076098507,      -12.06679781,     0.01574597947,      0.0116882784,       0.455195582,                 0,                 0,                 0,   0.0003218203596,    -0.02009303232,      0.4549020815,                 0,       38.94462182,     0.01491461313
          0,           0,         146,      -8.598778238,      -7.537246379,      -8.372204364,      -8.075675915,      -12.05496904,     0.01574597947,     0.01164219716,      0.4550369964,                 0,                 0,                 0,   0.0002891319286,    -0.02012793894,      0.4547406678,                 0,       39.08514777,     0.01491461313
          0,           0,         147,      -8.597531146,       -7.54134249,      -8.378526444,      -8.074871914,      -12.04283666,     0.01574597947,     0.01159729087,      0.4548698638,                 0,                 0,                 0,   0.0002544111535,    -0.02016107726,      0.4545708098,                 0,       39.22207945,     0.01491461313
          0,           0,         148,       -8.59606136,        -7.5449761,      -8.383830611,      -8.073760652,      -12.03054696,     0.01574597947,      0.0115535369,      0.4546945599,                 0,                 0,                 0,   0.0002177744666,    -0.02019249607,      0.4543928808,                 0,       39.35544275,     0.01491461313
          0,           0,         149,      -8.594433063,      -7.548178314,      -8.388200236,      -8.072418428,      -12.01822662,     0.01574597947,      0.0115109139,      0.4545115054,                 0,                 0,                 0,   0.0001793453995,      -0.020222246,       0.454207299,                 0,       39.48526672,     0.01491461313
          0,           0,         150,      -8.592709633,      -7.550981024,      -8.391731476,      -8.070920918,       -12.0060135,     0.01574597947,     0.01146940145,      0.4543211584,                 0,                 0,                 0,   0.0001392542018,    -0.02025037939,      0.4540145199,                 0,       39.61158395,     0.01491461313
          0,           0,         151,      -8.590949539,      -7.553416334,      -8.394528456,      -8.069338412,       -11.9940054,     0.01574597947,     0.01142897969,      0.4541240048,                 0,                 0,                 0,   9.763484527e-05,    -0.02027694995,      0.4538150269,                 0,       39.73443101,     0.01491461313
          0,           0,         152,      -8.589203967,      -7.555516147,      -8.396698654,      -8.067732959,       -11.9822951,     0.01574597947,      0.0113896288,      0.4539205508,                 0,                 0,                 0,   5.462094113e-05,    -0.02030201274,      0.4536093234,                 0,       39.85384937,     0.01491461313
          0,           0,         153,      -8.587517781,      -7.557311942,      -8.398349042,      -8.066159312,      -11.97095835,     0.01574597947,     0.01135132887,      0.4537113179,                 0,                 0,                 0,   1.034537212e-05,    -0.02032562403,      0.4533979286,                 0,       39.96988573,     0.01491461313
          0,           0,         154,      -8.585930325,      -7.558834549,       -8.39958306,       -8.06466578,      -11.96005639,     0.01574597947,     0.01131405988,      0.4534968421,                 0,                 0,                 0,  -3.505866232e-05,    -0.02034784116,      0.4531813755,                 0,       40.08259166,     0.01491461313
          0,           0,         155,      -8.584475033,      -7.560113857,      -8.400497837,      -8.063293782,      -11.94964234,     0.01574597947,     0.01127780177,      0.4532776706,                 0,                 0,                 0,  -8.145722494e-05,    -0.02036872232,      0.4529602087,                 0,       40.19202323,     0.01491461313
          0,           0,         156,      -8.583179287,      -7.561178558,      -8.401182191,      -8.062077674,      -11.93975766,     0.01574597947,     0.01124253475,      0.4530543603,                 0,                 0,                 0,  -0.0001287152353,    -0.02038832609,      0.4527349822,                 0,       40.29823973,     0.01491461313
          0,           0,         157,       -8.58206489,      -7.562055953,      -8.401715637,      -8.061045244,        -11.930432,     0.01574597947,     0.01120823949,       0.452827476,                 0,                 0,                 0,  -0.0001766962996,    -0.02040671116,      0.4525062582,                 0,       40.40130267,     0.01491461313
          0,           0,         158,      -8.581149097,      -7.562771805,      -8.402168238,      -8.060218883,       -11.9216901,     0.01574597947,     0.01117489715,      0.4525975891,                 0,                 0,                 0,  -0.0002252629435,    -0.02042393618,      0.4522746055,                 0,       40.50127558,     0.01491461313
          0,           0,         159,      -8.580446151,      -7.563350261,      -8.402601304,      -8.059617296,      -11.91354967,     0.01574597947,     0.01114248931,      0.4523652765,                 0,                 0,                 0,   -0.000274277109,    -0.02044005976,      0.4520405982,                 0,       40.59822395,     0.01491461313
          0,           0,         160,      -8.579968585,      -7.563813808,      -8.403068524,      -8.059256992,       -11.9060214,     0.01574597947,     0.01111099792,      0.4521311178,                 0,                 0,                 0,  -0.0003236010225,    -0.02045514036,      0.4518048131,                 0,       40.69221515,     0.01491461313
          0,           0,         161,      -8.579728067,      -7.564183252,      -8.403617257,      -8.059153285,      -11.89910978,     0.01574597947,      0.0110804053,      0.4518956937,                 0,                 0,                 0,  -0.0003730978183,     -0.0204692361,      0.4515678285,                 0,       40.78331808,     0.01491461313
          0,           0,         162,      -8.579735672,      -7.564477747,      -8.404289637,       -8.05932062,      -11.89281085,     0.01574597947,     0.01105069409,      0.4516595829,                 0,                 0,                 0,  -0.0004226326557,    -0.02048240468,      0.4513302203,                 0,       40.87160311,     0.01491461313
          0,           0,         163,       -8.58000154,      -7.564714835,      -8.405123269,      -8.059772223,      -11.88711912,     0.01574597947,     0.01102184709,      0.4514233596,                 0,                 0,                 0,   -0.000472073258,    -0.02049470331,      0.4510925602,                 0,       40.95714229,     0.01491461313
          0,           0,         164,      -8.580534257,      -7.564910506,       -8.40615152,      -8.060519429,      -11.88202856,     0.01574597947,     0.01099384704,      0.4511875907,                 0,                 0,                 0,  -0.0005212907009,    -0.02050618874,      0.4508554124,                 0,       41.04000983,     0.01491461313
          0,           0,         165,      -8.581340117,      -7.565079271,      -8.407403458,      -8.061570863,       -11.8775278,     0.01574597947,     0.01096667658,      0.4509528328,                 0,                 0,                 0,  -0.0005701599033,    -0.02051691714,      0.4506193311,                 0,       41.12028194,     0.01491461313
          0,           0,         166,      -8.582422451,      -7.565234237,      -8.408903601,      -8.062931704,      -11.87359993,     0.01574597947,     0.01094031819,      0.4507196304,                 0,                 0,                 0,  -0.0006185600728,    -0.02052694393,       0.450384858,                 0,       41.19803669,     0.01491461313
          0,           0,         167,      -8.583781073,      -7.565387177,      -8.410671518,      -8.064603063,      -11.87023059,     0.01574597947,     0.01091475398,      0.4504885122,                 0,                 0,                 0,  -0.0006663751256,    -0.02053632389,      0.4501525196,                 0,       41.27335469,     0.01491461313
          0,           0,         168,      -8.585412248,      -7.565548593,      -8.412721661,      -8.066581948,      -11.86739982,     0.01574597947,     0.01088996618,      0.4502599902,                 0,                 0,                 0,  -0.0007134941145,    -0.02054511042,      0.4499228251,                 0,       41.34631669,     0.01491461313
          0,           0,         169,      -8.587308843,      -7.565727785,      -8.415063345,      -8.068861431,      -11.86508619,     0.01574597947,     0.01086593723,      0.4500345569,                 0,                 0,                 0,  -0.0007598111345,     -0.0205533554,      0.4496962648,                 0,       41.41700319,     0.01491461313
          0,           0,         170,      -8.589460726,      -7.565932942,      -8.417700987,      -8.071431095,      -11.86326945,     0.01574597947,     0.01084264905,      0.4498126841,                 0,                 0,                 0,  -0.0008052259549,    -0.02056110978,      0.4494733079,                 0,       41.48549693,     0.01491461313
          0,           0,         171,      -8.591855355,      -7.566171221,        -8.4206347,      -8.074277711,      -11.86192548,     0.01574597947,     0.01082008347,      0.4495948213,                 0,                 0,                 0,  -0.0008496436983,    -0.02056842306,      0.4492544018,                 0,       41.55188105,     0.01491461313
          0,           0,         172,      -8.594478494,      -7.566448815,      -8.423860886,      -8.077386018,      -11.86103181,     0.01574597947,     0.01079822219,      0.4493813958,                 0,                 0,                 0,  -0.0008929748478,    -0.02057534328,      0.4490399712,                 0,       41.61623905,     0.01491461313
          0,           0,         173,      -8.597314737,       -7.56677101,      -8.427372929,      -8.080739333,       -11.8605604,     0.01574597947,     0.01077704702,      0.4491728122,                 0,                 0,                 0,  -0.0009351348376,     -0.0205819168,      0.4488304186,                 0,       41.67865384,     0.01491461313
          0,           0,         174,      -8.600347982,      -7.567142262,      -8.431161825,      -8.084320127,      -11.86048771,     0.01574597947,     0.01075653965,      0.4489694491,                 0,                 0,                 0,  -0.0009760462646,    -0.02058818834,      0.4486261204,                 0,       41.73920833,     0.01491461313
          0,           0,         175,      -8.603561982,       -7.56756625,      -8.435216838,      -8.088110555,      -11.86078993,     0.01574597947,     0.01073668231,      0.4487716627,                 0,                 0,                 0,   -0.001015635247,    -0.02059420042,      0.4484274306,                 0,       41.79798282,     0.01491461313
          0,           0,         176,      -8.606940035,      -7.568045967,      -8.439525739,      -8.092092197,      -11.86144075,     0.01574597947,     0.01071745724,      0.4485797834,                 0,                 0,                 0,   -0.001053835777,    -0.02059999383,      0.4482346776,                 0,       41.85505697,     0.01491461313
          0,           0,         177,      -8.610465317,      -7.568583796,      -8.444075053,      -8.096246352,      -11.86241445,     0.01574597947,     0.01069884639,      0.4483941113,                 0,                 0,                 0,   -0.001090588989,    -0.02060560752,      0.4480481596,                 0,       41.91051025,     0.01491461313
          0,           0,         178,      -8.614120671,      -7.569181583,      -8.448850104,      -8.100553782,      -11.86368484,     0.01574597947,     0.01068083191,      0.4482149201,                 0,                 0,                 0,   -0.001125843358,    -0.02061107837,      0.4478681483,                 0,       41.96442038,     0.01491461313
          0,           0,         179,      -8.617888419,      -7.569840703,      -8.453834923,      -8.104994457,      -11.86522366,     0.01574597947,     0.01066339565,      0.4480424505,                 0,                 0,                 0,    -0.00115955593,    -0.02061644128,      0.4476948825,                 0,       42.01686453,     0.01491461313
          0,           0,         180,      -8.621750275,      -7.570562131,      -8.459011997,      -8.109547437,      -11.86700392,     0.01574597947,     0.01064651943,      0.4478769131,                 0,                 0,                 0,   -0.001191691275,    -0.02062172909,      0.4475285711,                 0,       42.06791863,     0.01491461313
          0,           0,         181,      -8.625687218,      -7.571346501,       -8.46436204,      -8.114190676,       -11.8689943,     0.01574597947,      0.0106301849,      0.4477184867,                 0,                 0,                 0,   -0.001222221971,    -0.02062697256,      0.4473693912,                 0,        42.1176575,     0.01491461313
          0,           0,         182,      -8.629679569,      -7.572194145,      -8.469863826,       -8.11890108,      -11.87116444,     0.01574597947,     0.01061437366,       0.447567319,                 0,                 0,                 0,    -0.00125112768,    -0.02063220036,      0.4472174887,                 0,       42.16615444,     0.01491461313
          0,           0,         183,      -8.633707365,      -7.573105121,      -8.475494063,      -8.123654914,       -11.8734887,     0.01574597947,     0.01059906732,      0.4474235275,                 0,                 0,                 0,    -0.00127839483,    -0.02063743903,      0.4470729799,                 0,       42.21348106,     0.01491461313
          0,           0,         184,      -8.637750898,      -7.574079249,      -8.481227609,      -8.128428419,      -11.87593748,     0.01574597947,     0.01058424769,      0.4472872006,                 0,                 0,                 0,   -0.001304016298,    -0.02064271287,      0.4469359513,                 0,       42.25970646,     0.01491461313
          0,           0,         185,      -8.641791155,      -7.575116115,      -8.487037904,       -8.13319833,      -11.87848099,     0.01574597947,     0.01056989664,       0.447158398,                 0,                 0,                 0,   -0.001327991011,    -0.02064804415,      0.4468064613,                 0,       42.30489789,     0.01491461313
          0,           0,         186,      -8.645810565,      -7.576215101,       -8.49289743,      -8.137942792,      -11.88109002,     0.01574597947,     0.01055599616,      0.4470371528,                 0,                 0,                 0,   -0.001350323211,    -0.02065345313,      0.4466845418,                 0,       42.34912044,     0.01491461313
          0,           0,         187,      -8.649793189,       -7.57737541,      -8.498778248,      -8.142641622,      -11.88373468,     0.01574597947,     0.01054252928,       0.446923473,                 0,                 0,                 0,   -0.001371022487,     -0.0206589573,      0.4465701996,                 0,       42.39243364,     0.01491461313
          0,           0,         188,      -8.653725185,      -7.578596097,      -8.504652813,      -8.147276914,      -11.88638503,     0.01574597947,     0.01052947866,      0.4468173421,                 0,                 0,                 0,   -0.001390103123,    -0.02066457281,      0.4464634168,                 0,       42.43489696,     0.01491461313
          0,           0,         189,      -8.657594771,      -7.579876077,      -8.510494441,      -8.151833063,      -11.88901128,     0.01574597947,     0.01051682765,      0.4467187221,                 0,                 0,                 0,   -0.001407583985,    -0.02067031362,      0.4463641546,                 0,       42.47656584,      0.0150665004
          0,           0,         190,      -8.661392762,      -7.581214225,      -8.516278119,      -8.156297458,      -11.89158518,     0.01574597947,     0.01050455985,      0.4466275517,                 0,                 0,                 0,   -0.001423488341,    -0.02067619182,      0.4462723505,                 0,       42.51749318,      0.0150665004
          0,           0,         191,      -8.665111452,      -7.582609313,      -8.521980318,      -8.160659197,      -11.89407886,     0.01574597947,     0.01049265959,      0.4465437529,                 0,                 0,                 0,   -0.001437843493,    -0.02068221758,      0.4461879257,                 0,       42.55772801,      0.0150665004
          0,           0,         192,      -8.668746214,      -7.584060221,      -8.527580179,      -8.164911046,      -11.89646528,     0.01574597947,     0.01048111114,      0.4464672233,                 0,                 0,                 0,   -0.001450680681,    -0.02068839947,       0.446110777,                 0,       42.59731793,      0.0150665004
          0,           0,         193,      -8.672292309,      -7.585565666,      -8.533057944,      -8.169045666,      -11.89871993,     0.01574597947,     0.01046990008,      0.4463978525,                 0,                 0,                 0,   -0.001462034154,    -0.02069474415,      0.4460407931,                 0,       42.63630493,      0.0150665004
          0,           0,         194,      -8.675749748,      -7.587124741,       -8.53839786,      -8.173061494,      -11.90081974,     0.01574597947,     0.01045901072,       0.446335499,                 0,                 0,                 0,   -0.001471942381,    -0.02070125742,      0.4459778319,                 0,       42.67473387,      0.0150665004
          0,           0,         195,       -8.67911515,      -7.588736011,       -8.54358344,      -8.176952965,      -11.90274829,     0.01574597947,     0.01044843063,      0.4462800308,                 0,                 0,                 0,   -0.001480444527,    -0.02070794248,      0.4459217608,                 0,       42.71263759,      0.0150665004
          0,           0,         196,      -8.682394606,      -7.590399061,      -8.548605363,      -8.180726028,       -11.9044821,     0.01574597947,     0.01043814279,      0.4462312637,                 0,                 0,                 0,    -0.00148758659,    -0.02071480343,      0.4458723948,                 0,       42.75006318,      0.0150665004
          0,           0,         197,       -8.68558297,      -7.592111883,      -8.553448419,      -8.184373276,       -11.9059976,     0.01574597947,     0.01042813938,      0.4461890627,                 0,                 0,                 0,   -0.001493408416,    -0.02072183867,      0.4458295988,                 0,        42.7870252,      0.0150665004
          0,           0,         198,      -8.688696386,      -7.593875339,      -8.558113634,      -8.187913013,      -11.90727985,     0.01574597947,       0.010418398,      0.4461531868,                 0,                 0,                 0,   -0.001497967367,    -0.02072905376,      0.4457931307,                 0,       42.82358832,      0.0150665004
          0,           0,         199,      -8.691720861,      -7.595685697,      -8.562580894,      -8.191327694,       -11.9083178,     0.01574597947,     0.01040892223,      0.4461235313,                 0,                 0,                 0,   -0.001501293288,    -0.02073643779,      0.4457628866,                 0,       42.85972377,      0.0150665004
          0,           0,         200,      -8.694692537,      -7.597547125,      -8.566871699,      -8.194659723,      -11.90909281,     0.01574597947,     0.01039967329,      0.4460997617,                 0,                 0,                 0,   -0.001503471838,     -0.0207440061,      0.4457385296,                 0,       42.89555539,      0.0150665004
          0,           0,         201,      -8.697571122,      -7.599450968,      -8.570945171,      -8.197861147,      -11.90961716,     0.01574597947,     0.01039068272,      0.4460818592,                 0,                 0,                 0,   -0.001504494088,    -0.02075172596,      0.4457200436,                 0,       42.93094796,      0.0150665004
          0,           0,         202,      -8.700434961,      -7.601409189,      -8.574865175,      -8.201023876,      -11.90988928,     0.01574597947,     0.01038187537,       0.446069369,                 0,                 0,                 0,   -0.001504503075,    -0.02075964058,      0.4457069694,                 0,        42.9661649,      0.0150665004
          0,           0,         203,      -8.703202708,       -7.60340533,      -8.578556412,      -8.204053446,      -11.90991788,     0.01574597947,     0.01037332094,      0.4460623322,                 0,                 0,                 0,   -0.001503433807,    -0.02076768331,      0.4456993531,                 0,       43.00091886,      0.0150665004
          0,           0,         204,       -8.70598173,      -7.605456901,      -8.582112086,      -8.207074363,      -11.90971462,     0.01574597947,     0.01036492135,      0.4460602734,                 0,                 0,                 0,   -0.001501466739,    -0.02077591883,      0.4456967134,                 0,       43.03556759,      0.0150665004
          0,           0,         205,      -8.708695118,      -7.607548356,      -8.585466104,      -8.209999331,      -11.90928461,     0.01574597947,     0.01035675131,      0.4460631699,                 0,                 0,                 0,   -0.001498538115,    -0.02078427101,      0.4456990329,                 0,       43.06979636,      0.0150665004
          0,           0,         206,      -8.711427742,      -7.609693047,      -8.588694595,       -8.21292692,      -11.90863214,     0.01574597947,     0.01034872109,      0.4460706007,                 0,                 0,                 0,   -0.001494831359,    -0.02079280001,      0.4457058854,                 0,       43.10393494,      0.0150665004
          0,           0,         207,      -8.714113828,      -7.611877797,      -8.591734366,      -8.215781756,      -11.90776484,     0.01574597947,     0.01034090103,      0.4460824857,                 0,                 0,                 0,   -0.001490253377,    -0.02080143009,       0.445717196,                 0,       43.13768061,      0.0150665004
          0,           0,         208,      -8.716846422,      -7.614117801,       -8.59468375,      -8.218672445,      -11.90671252,     0.01574597947,     0.01033320185,      0.4460984708,                 0,                 0,                 0,   -0.001485009836,    -0.02081022558,      0.4457326051,                 0,       43.17136909,      0.0150665004
          0,           0,         209,      -8.719552444,       -7.61639928,      -8.597471266,      -8.221516035,      -11.90550178,     0.01574597947,      0.0103256945,       0.446118389,                 0,                 0,                 0,   -0.001479007051,    -0.02081910407,      0.4457519511,                 0,       43.20468606,      0.0150665004
          0,           0,         210,      -8.722325268,      -7.618736642,      -8.600192935,      -8.224421226,      -11.90417529,     0.01574597947,     0.01031829544,      0.4461419606,                 0,                 0,                 0,    -0.00147244251,    -0.02082812937,      0.4457749491,                 0,       43.23795176,      0.0150665004
          0,           0,         211,      -8.725093583,      -7.621117762,      -8.602784652,      -8.227306852,      -11.90277012,     0.01574597947,      0.0103110693,      0.4461689543,                 0,                 0,                 0,   -0.001465225459,     -0.0208372209,       0.445801373,                 0,       43.27087148,      0.0150665004
          0,           0,         212,      -8.727950797,      -7.623556325,      -8.605341579,       -8.23028208,      -11.90129912,     0.01574597947,     0.01030394009,       0.446199146,                 0,                 0,                 0,   -0.001457550726,    -0.02084643881,      0.4458309938,                 0,       43.30374034,      0.0150665004
          0,           0,         213,      -8.730822508,      -7.626041482,      -8.607800239,      -8.233261792,      -11.89978448,     0.01574597947,     0.01029696737,       0.446232253,                 0,                 0,                 0,     -0.0014493291,    -0.02085570397,      0.4458635338,                 0,       43.33627923,      0.0150665004
          0,           0,         214,      -8.733803508,      -7.628586114,      -8.610254244,      -8.236357132,      -11.89826316,     0.01574597947,     0.01029008168,      0.4462681021,                 0,                 0,                 0,   -0.001440750086,    -0.02086507359,      0.4458988153,                 0,       43.36876186,      0.0150665004
          0,           0,         215,      -8.736816812,      -7.631180709,      -8.612642431,      -8.239479355,      -11.89677226,     0.01574597947,       0.010283337,      0.4463063655,                 0,                 0,                 0,    -0.00143173024,    -0.02087447096,      0.4459365149,                 0,       43.40092768,      0.0150665004
          0,           0,         216,      -8.739957389,      -7.633837249,        -8.6150534,      -8.242740159,      -11.89535342,     0.01574597947,      0.0102766714,      0.4463469129,                 0,                 0,                 0,   -0.001422450637,    -0.02088394876,      0.4459764986,                 0,       43.43302374,      0.0150665004
          0,           0,         217,      -8.743146597,      -7.636547576,      -8.617430447,       -8.24604829,       -11.8940326,     0.01574597947,     0.01027013209,       0.446389382,                 0,                 0,                 0,   -0.001412836451,    -0.02089343465,      0.4460184081,                 0,       43.46481411,      0.0150665004
          0,           0,         218,      -8.746478872,      -7.639322774,      -8.619856374,      -8.249515215,      -11.89282265,     0.01574597947,     0.01026366494,      0.4464336772,                 0,                 0,                 0,   -0.001403056762,    -0.02090297591,      0.4460621443,                 0,       43.49651705,      0.0150665004
          0,           0,         219,      -8.749875391,      -7.642156017,      -8.622278173,      -8.253048938,      -11.89174261,     0.01574597947,     0.01025731104,      0.4464794159,                 0,                 0,                 0,    -0.00139304645,    -0.02091250491,      0.4461073283,                 0,       43.52792016,      0.0150665004
          0,           0,         220,      -8.753428353,      -7.645057399,      -8.624772049,      -8.256758651,      -11.89083591,     0.01574597947,     0.01025102363,      0.4465265284,                 0,                 0,                 0,   -0.001382959641,     -0.0209220634,      0.4461538875,                 0,       43.55921366,      0.0150665004
          0,           0,         221,      -8.757060724,      -7.648021354,      -8.627289738,      -8.260553925,      -11.89013663,     0.01574597947,     0.01024483795,      0.4465746269,                 0,                 0,                 0,   -0.001372741418,    -0.02093158919,      0.4462014373,                 0,       43.59020895,      0.0150665004
          0,           0,         222,       -8.76085966,      -7.651056964,      -8.629899969,      -8.264538271,      -11.88965302,     0.01574597947,     0.01023871465,      0.4466236591,                 0,                 0,                 0,   -0.001362528991,    -0.02094111789,       0.446249923,                 0,       43.62106712,      0.0150665004
          0,           0,         223,      -8.764751384,      -7.654159903,      -8.632560442,      -8.268624696,      -11.88939612,     0.01574597947,     0.01023268335,      0.4466732466,                 0,                 0,                 0,   -0.001352277638,    -0.02095059355,       0.446298969,                 0,       43.65162404,      0.0150665004
          0,           0,         224,      -8.768815531,      -7.657338167,      -8.635330529,      -8.272908066,       -11.8893881,     0.01574597947,      0.0102267116,      0.4467233471,                 0,                 0,                 0,   -0.001342106513,    -0.02096004559,      0.4463485308,                 0,       43.68201282,      0.0150665004
          0,           0,         225,      -8.772984146,      -7.660588534,      -8.638173375,       -8.27730788,      -11.88965442,     0.01574597947,     0.01022082392,      0.4467736041,                 0,                 0,                 0,   -0.001331980761,    -0.02096942468,      0.4463982547,                 0,       43.71209286,      0.0150665004
          0,           0,         226,      -8.777326847,      -7.663917887,      -8.641138808,      -8.281907268,      -11.89021982,     0.01574597947,     0.01021499425,      0.4468239795,                 0,                 0,                 0,   -0.001322000547,    -0.02097875416,      0.4464481008,                 0,       43.74197073,      0.0150665004
          0,           0,         227,      -8.781782795,      -7.667324046,        -8.6441958,      -8.286633896,      -11.89107257,     0.01574597947,     0.01020924273,      0.4468741517,                 0,                 0,                 0,   -0.001312139695,     -0.0209879915,      0.4464977495,                 0,       43.77152779,      0.0150665004
          0,           0,         228,       -8.78640916,      -7.670812821,      -8.647383915,      -8.291556236,      -11.89222082,     0.01574597947,     0.01020354911,      0.4469240812,                 0,                 0,                 0,   -0.001302479592,    -0.02099715417,      0.4465471602,                 0,       43.80084583,      0.0150665004
          0,           0,         229,      -8.791153866,      -7.674382872,      -8.650677083,      -8.296612144,      -11.89369854,     0.01574597947,     0.01019792946,      0.4469734901,                 0,                 0,                 0,   -0.001293001855,    -0.02100620671,      0.4465960567,                 0,       43.82982762,      0.0150665004
          0,           0,         230,      -8.796061351,      -7.678038945,      -8.654105235,      -8.301854897,      -11.89548988,     0.01574597947,     0.01019236867,      0.4470223343,                 0,                 0,                 0,   -0.001283770155,    -0.02101516116,      0.4466443941,                 0,       43.85853269,      0.0150665004
          0,           0,         231,      -8.801089423,      -7.681780436,      -8.657647522,      -8.307233985,      -11.89760282,     0.01574597947,     0.01018687923,      0.4470703844,                 0,                 0,                 0,   -0.001274772723,    -0.02102398903,      0.4466919442,                 0,       43.88688375,      0.0150665004
          0,           0,         232,      -8.806269852,      -7.685611161,      -8.661324878,       -8.31278757,      -11.90002899,     0.01574597947,     0.01018145041,      0.4471175904,                 0,                 0,                 0,    -0.00126605721,    -0.02103269755,      0.4467386565,                 0,       43.91492099,      0.0150665004
          0,           0,         233,      -8.811570199,      -7.689531097,      -8.665121243,      -8.318476686,      -11.90278765,     0.01574597947,     0.01017609162,      0.4471637724,                 0,                 0,                 0,   -0.001257616842,    -0.02104126478,      0.4467843522,                 0,       43.94258513,      0.0150665004
          0,           0,         234,      -8.817010797,      -7.693543154,      -8.669049637,      -8.324325786,      -11.90590074,     0.01574597947,     0.01017079576,      0.4472088764,                 0,                 0,                 0,    -0.00124948523,    -0.02104969403,      0.4468289769,                 0,       43.96990037,      0.0150665004
          0,           0,         235,      -8.822568546,      -7.697647738,       -8.67309875,      -8.330306937,      -11.90933293,     0.01574597947,     0.01016556964,      0.4472527688,                 0,                 0,                 0,   -0.001241658942,     -0.0210579692,      0.4468723979,                 0,       43.99682305,      0.0150665004
          0,           0,         236,      -8.828254166,      -7.701847078,      -8.677276041,      -8.336433076,      -11.91308738,     0.01574597947,     0.01016040909,       0.447295395,                 0,                 0,                 0,   -0.001234160212,    -0.02106609063,      0.4469145602,                 0,       44.02336471,      0.0150665004
          0,           0,         237,      -8.834052289,      -7.706141832,      -8.681573141,      -8.342685564,      -11.91713951,     0.01574597947,     0.01015531874,      0.4473366612,                 0,                 0,                 0,   -0.001226987359,    -0.02107404716,      0.4469553708,                 0,       44.04949491,      0.0150665004
          0,           0,         238,      -8.839966996,      -7.710533676,      -8.685993569,      -8.349069217,       -11.9215222,     0.01574597947,     0.01015029652,      0.4473765169,                 0,                 0,                 0,   -0.001220153913,    -0.02108183735,      0.4469947791,                 0,       44.07521655,      0.0150665004
          0,           0,         239,      -8.845988048,       -7.71502335,      -8.690531254,      -8.355571567,      -11.92623081,     0.01574597947,     0.01014534541,      0.4474148998,                 0,                 0,                 0,    -0.00121365857,    -0.02108945385,      0.4470327231,                 0,       44.10050931,      0.0150665004
          0,           0,         240,       -8.85211511,       -7.71961208,      -8.695187326,      -8.362191993,      -11.93124184,     0.01574597947,     0.01014046474,      0.4474517687,                 0,                 0,                 0,   -0.001207508337,    -0.02109689448,      0.4470691618,                 0,       44.12537101,      0.0150665004
          0,           0,         241,      -8.858341287,      -7.724300629,      -8.699957675,      -8.368922075,      -11.93655457,     0.01574597947,     0.01013565639,      0.4474870844,                 0,                 0,                 0,   -0.001201701481,    -0.02110415461,       0.447104056,                 0,       44.14978835,      0.0150665004
          0,           0,         242,      -8.864664357,      -7.729089906,      -8.704841559,      -8.375758979,      -11.94214579,     0.01574597947,     0.01013092041,      0.4475208185,                 0,                 0,                 0,   -0.001196240111,    -0.02111123223,      0.4471373775,                 0,       44.17375722,      0.0150665004
          0,           0,         243,      -8.871079431,      -7.733980577,      -8.709835987,      -8.382696592,      -11.94805397,     0.01574597947,     0.01012625794,      0.4475529486,                 0,                 0,                 0,   -0.001191121681,    -0.02111812462,      0.4471691042,                 0,       44.19726924,      0.0150665004
          0,           0,         244,      -8.877583088,      -7.738973281,       -8.71493958,       -8.38973061,      -11.95422471,     0.01574597947,     0.01012166933,      0.4475834594,                 0,                 0,                 0,   -0.001186344966,    -0.02112483038,      0.4471992205,                 0,       44.22032027,      0.0150665004
          0,           0,         245,      -8.884171464,      -7.744068534,      -8.720150017,      -8.396856169,      -11.96066565,     0.01574597947,     0.01011715525,       0.447612342,                 0,                 0,                 0,   -0.001181906163,    -0.02113134822,      0.4472277179,                 0,       44.24290533,      0.0150665004
          0,           0,         246,      -8.890841261,      -7.749266768,      -8.725465738,      -8.404069092,      -11.96736998,     0.01574597947,     0.01011271607,      0.4476395932,                 0,                 0,                 0,   -0.001177801614,    -0.02113767752,      0.4472545931,                 0,       44.26502138,      0.0150665004
          0,           0,         247,      -8.897589134,       -7.75456831,      -8.730884826,      -8.411365153,       -11.9743209,     0.01574597947,     0.01010835217,      0.4476652151,                 0,                 0,                 0,   -0.001174026301,    -0.02114381809,      0.4472798481,                 0,       44.28666588,      0.0150665004
          0,           0,         248,       -8.90441201,      -7.759973399,      -8.736405827,      -8.418740429,      -11.98154176,     0.01574597947,     0.01010406379,      0.4476892145,                 0,                 0,                 0,   -0.001170574932,    -0.02114977014,      0.4473034899,                 0,       44.30783732,      0.0150665004
          0,           0,         249,      -8.911307016,      -7.765482183,      -8.742027186,      -8.426191297,      -11.98898468,     0.01574597947,     0.01009985107,      0.4477116027,                 0,                 0,                 0,   -0.001167441347,    -0.02115553431,      0.4473255298,                 0,       44.32853508,      0.0150665004
          0,           0,         250,      -8.918271486,      -7.771094726,      -8.747747564,      -8.433714326,      -11.99665408,     0.01574597947,     0.01009571408,      0.4477323951,                 0,                 0,                 0,   -0.001164619043,    -0.02116111164,      0.4473459829,                 0,       44.34875944,      0.0150665004
          0,           0,         251,      -8.925302815,      -7.776810987,       -8.75356565,      -8.441306178,      -12.00453904,     0.01574597947,     0.01009165271,      0.4477516101,                 0,                 0,                 0,   -0.001162101113,    -0.02116650349,      0.4473648678,                 0,       44.36851158,      0.0150665004
          0,           0,         252,      -8.932398525,      -7.782630847,      -8.759480218,        -8.4489637,      -12.01264327,     0.01574597947,     0.01008766684,      0.4477692697,                 0,                 0,                 0,   -0.001159880248,    -0.02117171152,      0.4473822063,                 0,       44.38779323,      0.0150665004
          0,           0,         253,      -8.939556208,      -7.788554067,      -8.765490252,      -8.456683774,      -12.02094194,     0.01574597947,     0.01008375625,      0.4477853979,                 0,                 0,                 0,   -0.001157949047,    -0.02117673763,      0.4473980225,                 0,       44.40660672,      0.0150665004
          0,           0,         254,      -8.946773927,      -7.794580392,      -8.771594898,      -8.464464017,      -12.02941733,     0.01574597947,      0.0100799206,      0.4478000219,                 0,                 0,                 0,   -0.001156299525,    -0.02118158405,      0.4474123432,                 0,        44.4249553,      0.0150665004
          0,           0,         255,      -8.954049805,      -7.800709454,      -8.777793266,      -8.472301959,      -12.03806331,     0.01574597947,     0.01007615944,      0.4478131704,                 0,                 0,                 0,   -0.001154923835,    -0.02118625324,      0.4474251974,                 0,       44.44284284,      0.0150665004
          0,           0,         256,      -8.961381815,      -7.806940795,      -8.784084376,      -8.480195002,      -12.04687239,     0.01574597947,     0.01007247226,      0.4478248739,                 0,                 0,                 0,   -0.001153813999,    -0.02119074783,      0.4474366151,                 0,       44.46027373,      0.0150665004
          0,           0,         257,      -8.968768037,      -7.813273886,      -8.790467413,      -8.488140721,      -12.05586394,     0.01574597947,     0.01006885847,      0.4478351643,                 0,                 0,                 0,   -0.001152961827,    -0.02119507064,      0.4474466285,                 0,       44.47725286,      0.0150665004
          0,           0,         258,      -8.976206587,      -7.819708095,      -8.796941647,      -8.496136682,      -12.06499417,     0.01574597947,     0.01006531746,      0.4478440747,                 0,                 0,                 0,   -0.001152359321,    -0.02119922459,      0.4474552701,                 0,       44.49378539,      0.0150665004
          0,           0,         259,      -8.983696004,      -7.826242765,      -8.803506661,      -8.504181113,      -12.07425084,     0.01574597947,     0.01006184852,      0.4478516392,                 0,                 0,                 0,    -0.00115199821,    -0.02120321275,      0.4474625742,                 0,       44.50987691,      0.0150665004
          0,           0,         260,       -8.99123496,      -7.832877201,      -8.810162064,      -8.512272361,        -12.083613,     0.01574597947,     0.01005845088,       0.447857893,                 0,                 0,                 0,   -0.001151870166,    -0.02120703835,      0.4474685758,                 0,       44.52553362,      0.0150665004
          0,           0,         261,      -8.998821877,      -7.839610592,      -8.816907035,      -8.520408358,      -12.09307264,     0.01574597947,     0.01005512369,      0.4478628716,                 0,                 0,                 0,   -0.001151967161,    -0.02121070473,      0.4474733101,                 0,       44.54076204,      0.0150665004
          0,           0,         262,      -9.006455067,      -7.846442058,        -8.8237408,      -8.528587003,      -12.10266286,     0.01574597947,     0.01005186607,      0.4478666107,                 0,                 0,                 0,   -0.001152281095,    -0.02121421525,      0.4474768129,                 0,       44.55556887,      0.0150665004
          0,           0,         263,      -9.014132897,      -7.853370632,      -8.830662749,      -8.536806257,      -12.11235517,     0.01574597947,     0.01004867712,      0.4478691466,                 0,                 0,                 0,   -0.001152804067,    -0.02121757331,      0.4474791201,                 0,       44.56996092,      0.0150665004
          0,           0,         264,        -9.0218541,      -7.860395327,       -8.83767257,      -8.545064625,        -12.122135,     0.01574597947,     0.01004555592,      0.4478705153,                 0,                 0,                 0,   -0.001153528142,    -0.02122078239,      0.4474802678,                 0,       44.58394526,      0.0150665004
          0,           0,         265,      -9.029617353,       -7.86751511,      -8.844769871,      -8.553360501,      -12.13197986,     0.01574597947,      0.0100425015,      0.4478707534,                 0,                 0,                 0,   -0.001154445485,    -0.02122384598,      0.4474802923,                 0,       44.59752914,      0.0150665004
          0,           0,         266,      -9.037421224,      -7.874728877,      -8.851954042,      -8.561692143,      -12.14189579,     0.01574597947,     0.01003951287,      0.4478698969,                 0,                 0,                 0,   -0.001155548512,    -0.02122676758,      0.4474792293,                 0,       44.61071994,      0.0150665004
          0,           0,         267,      -9.045264395,      -7.882035504,       -8.85922449,      -8.570058011,       -12.1518624,     0.01574597947,     0.01003658898,      0.4478679818,                 0,                 0,                 0,   -0.001156829577,    -0.02122955077,       0.447477115,                 0,       44.62352527,      0.0150665004
          0,           0,         268,      -9.053145223,      -7.889433754,      -8.866580462,      -8.578456032,       -12.1618917,     0.01574597947,     0.01003372878,      0.4478650439,                 0,                 0,                 0,   -0.001158281431,    -0.02123219906,      0.4474739847,                 0,       44.63595277,      0.0150665004
          0,           0,         269,      -9.061062164,      -7.896922332,      -8.874021139,       -8.58688438,      -12.17196128,     0.01574597947,     0.01003093123,      0.4478611181,                 0,                 0,                 0,   -0.001159896958,    -0.02123471595,      0.4474698734,                 0,       44.64801005,      0.0150665004
          0,           0,         270,      -9.069013964,      -7.904499933,      -8.881546067,      -8.595341688,      -12.18206729,     0.01574597947,     0.01002819526,      0.4478562396,                 0,                 0,                 0,   -0.001161669041,    -0.02123710494,      0.4474648159,                 0,       44.65970475,      0.0150665004
          0,           0,         271,      -9.076999247,      -7.912165213,      -8.889154711,      -8.603826342,       -12.1922057,     0.01574597947,     0.01002551981,      0.4478504428,                 0,                 0,                 0,   -0.001163590796,    -0.02123936951,      0.4474588465,                 0,       44.67104464,      0.0150665004
          0,           0,         272,      -9.085016643,      -7.919916773,      -8.896846265,      -8.612336758,      -12.20237258,     0.01574597947,     0.01002290377,      0.4478437617,                 0,                 0,                 0,   -0.001165655494,    -0.02124151313,      0.4474519992,                 0,       44.68203747,      0.0150665004
          0,           0,         273,      -9.093064625,      -7.927753174,      -8.904619823,      -8.620871162,      -12.21255955,     0.01574597947,     0.01002034606,      0.4478362299,                 0,                 0,                 0,   -0.001167856586,    -0.02124353921,      0.4474443073,                 0,       44.69269098,      0.0150665004
          0,           0,         274,      -9.101141582,      -7.935672911,      -8.912474486,      -8.629427703,      -12.22276727,     0.01574597947,      0.0100178456,      0.4478278803,                 0,                 0,                 0,   -0.001170187673,    -0.02124545114,      0.4474358037,                 0,       44.70301281,      0.0150665004
          0,           0,         275,       -9.10924613,      -7.943674461,      -8.920409435,      -8.638004855,      -12.23300113,     0.01574597947,     0.01001540132,      0.4478187457,                 0,                 0,                 0,   -0.001172642442,    -0.02124725227,      0.4474265208,                 0,       44.71301062,      0.0150665004
          0,           0,         276,      -9.117376854,      -7.951756253,      -8.928423685,      -8.646601024,      -12.24323983,     0.01574597947,     0.01001301215,      0.4478088581,                 0,                 0,                 0,   -0.001175214746,     -0.0212489459,      0.4474164906,                 0,       44.72269198,      0.0150665004
          0,           0,         277,      -9.125532369,      -7.959916687,      -8.936516208,      -8.655214699,      -12.25348198,     0.01574597947,     0.01001067701,      0.4477982491,                 0,                 0,                 0,   -0.001177898616,     -0.0212505353,      0.4474057446,                 0,       44.73206444,      0.0150665004
          0,           0,         278,       -9.13371119,      -7.968154116,       -8.94468593,       -8.66384426,      -12.26372579,     0.01574597947,     0.01000839484,      0.4477869499,                 0,                 0,                 0,   -0.001180688225,    -0.02125202372,      0.4473943137,                 0,       44.74113552,      0.0150665004
          0,           0,         279,      -9.141911753,      -7.976466848,      -8.952931627,      -8.672487951,      -12.27396806,     0.01574597947,     0.01000616457,      0.4477749909,                 0,                 0,                 0,   -0.001183577925,    -0.02125341434,      0.4473822283,                 0,       44.74991269,      0.0150665004
          0,           0,         280,      -9.150132643,      -7.984853169,      -8.961251961,      -8.681144253,      -12.28420523,     0.01574597947,     0.01000398515,      0.4477624022,                 0,                 0,                 0,    -0.00118656214,    -0.02125471031,      0.4473695182,                 0,       44.75840331,      0.0150665004
          0,           0,         281,      -9.158372517,      -7.993311323,      -8.969645616,      -8.689811786,      -12.29443337,     0.01574597947,     0.01000185554,      0.4477492134,                 0,                 0,                 0,   -0.001189635507,    -0.02125591473,       0.447356213,                 0,       44.76661473,      0.0150665004
          0,           0,         282,      -9.166629839,      -8.001839521,      -8.978111194,      -8.698488904,      -12.30464859,     0.01574597947,    0.009999774685,      0.4477354535,                 0,                 0,                 0,   -0.001192792747,    -0.02125703067,      0.4473423415,                 0,       44.77455419,      0.0150665004
          0,           0,         283,      -9.174903201,      -8.010435945,      -8.986647198,       -8.70717413,      -12.31484756,     0.01574597947,    0.009997741574,      0.4477211512,                 0,                 0,                 0,   -0.001196028708,    -0.02125806115,      0.4473279322,                 0,       44.78222885,      0.0150665004
          0,           0,         284,      -9.183191247,      -8.019098749,      -8.995252064,      -8.715866098,      -12.32502526,     0.01574597947,    0.009995755195,      0.4477063344,                 0,                 0,                 0,   -0.001199338366,    -0.02125900912,      0.4473130129,                 0,       44.78964577,      0.0150665004
          0,           0,         285,       -9.19149266,      -8.027826065,      -9.003924174,      -8.724563508,       -12.3351727,     0.01574597947,    0.009993814558,      0.4476910307,                 0,                 0,                 0,   -0.001202716817,     -0.0212598775,      0.4472976111,                 0,       44.79681188,      0.0150665004
          0,           0,         286,      -9.199806165,      -8.036616001,      -9.012661846,      -8.733265138,      -12.34528193,     0.01574597947,    0.009991918679,      0.4476752673,                 0,                 0,                 0,   -0.001206159294,    -0.02126066916,      0.4472817539,                 0,       44.80373407,      0.0150665004
          0,           0,         287,      -9.208130514,      -8.045466648,       -9.02146336,       -8.74196981,      -12.35534924,     0.01574597947,    0.009990066589,      0.4476590706,                 0,                 0,                 0,   -0.001209661139,    -0.02126138692,      0.4472654675,                 0,       44.81041909,      0.0150665004
          0,           0,         288,      -9.216464478,      -8.054376075,      -9.030326891,      -8.750676382,      -12.36537559,     0.01574597947,    0.009988257327,      0.4476424668,                 0,                 0,                 0,   -0.001213217818,    -0.02126203355,      0.4472487779,                 0,       44.81687367,      0.0150665004
          0,           0,         289,      -9.224806879,      -8.063342334,      -9.039250519,      -8.759383789,      -12.37536188,     0.01574597947,    0.009986489936,      0.4476254813,                 0,                 0,                 0,    -0.00121682493,    -0.02126261178,      0.4472317104,                 0,       44.82310443,      0.0150665004
          0,           0,         290,      -9.233156471,      -8.072363449,      -9.048232232,      -8.768090875,      -12.38531075,     0.01574597947,    0.009984763473,      0.4476081391,                 0,                 0,                 0,   -0.001220478205,    -0.02126312431,        0.44721429,                 0,       44.82911791,      0.0150665004
          0,           0,         291,      -9.241512028,      -8.081437428,      -9.057269988,      -8.776796543,      -12.39522456,     0.01574597947,    0.009983077011,      0.4475904645,                 0,                 0,                 0,   -0.001224173505,    -0.02126357375,      0.4471965409,                 0,       44.83492054,      0.0150665004
          0,           0,         292,      -9.249872402,       -8.09056227,      -9.066361732,       -8.78549982,      -12.40510305,     0.01574597947,    0.009981429635,      0.4475724814,                 0,                 0,                 0,   -0.001227906811,    -0.02126396268,      0.4471784867,                 0,       44.84051862,      0.0150665004
          0,           0,         293,      -9.258236414,      -8.099735964,      -9.075505391,       -8.79419971,      -12.41494257,     0.01574597947,    0.009979820445,      0.4475542131,                 0,                 0,                 0,   -0.001231674217,    -0.02126429361,      0.4471601506,                 0,       44.84591838,      0.0150665004
          0,           0,         294,      -9.266602918,      -8.108956488,      -9.084698896,      -8.802895263,      -12.42473665,     0.01574597947,    0.009978248555,      0.4475356822,                 0,                 0,                 0,   -0.001235471942,    -0.02126456902,      0.4471415552,                 0,        44.8511259,      0.0150665004
          0,           0,         295,      -9.274970895,      -8.118221824,      -9.093940046,      -8.811585723,      -12.43447768,     0.01574597947,    0.009976713096,      0.4475169109,                 0,                 0,                 0,   -0.001239296321,    -0.02126479132,      0.4471227225,                 0,       44.85614717,      0.0150665004
          0,           0,         296,      -9.283339301,      -8.127529944,      -9.103226662,      -8.820270313,      -12.44415889,     0.01574597947,    0.009975213212,      0.4474979206,                 0,                 0,                 0,   -0.001243143802,    -0.02126496285,      0.4471036739,                 0,       44.86098804,      0.0150665004
          0,           0,         297,       -9.29170713,      -8.136878833,      -9.112556497,      -8.828948319,      -12.45377629,     0.01574597947,    0.009973748063,      0.4474787323,                 0,                 0,                 0,   -0.001247010966,    -0.02126508592,        0.44708443,                 0,       44.86565426,      0.0150665004
          0,           0,         298,      -9.300073381,      -8.146266466,       -9.12192731,      -8.837619051,      -12.46332984,     0.01574597947,    0.009972316824,      0.4474593662,                 0,                 0,                 0,   -0.001250894503,    -0.02126516277,      0.4470650113,                 0,       44.87015145,      0.0150665004
          0,           0,         299,      -9.308437127,      -8.155690832,      -9.131336806,      -8.846281924,       -12.4728238,     0.01574597947,    0.009970918686,       0.447439842,                 0,                 0,                 0,   -0.001254791234,    -0.02126519556,      0.4470454372,                 0,        44.8744851,      0.0150665004
          0,           0,         300,      -9.316797457,      -8.165149933,      -9.140782747,      -8.854936401,      -12.48226611,     0.01574597947,    0.009969552854,      0.4474201789,                 0,                 0,                 0,   -0.001258698099,    -0.02126518643,      0.4470257266,                 0,        44.8786606,      0.0150665004
          0,           0,         301,      -9.325153449,      -8.174641764,      -9.150262824,      -8.863581935,       -12.4916671,     0.01574597947,    0.009968218547,      0.4474003951,                 0,                 0,                 0,   -0.001262612161,    -0.02126513745,       0.447005898,                 0,        44.8826832,      0.0150665004
          0,           0,         302,      -9.333504244,      -8.184164344,      -9.159774787,      -8.872218079,      -12.50103763,     0.01574597947,       0.009966915,      0.4473805086,                 0,                 0,                 0,   -0.001266530611,     -0.0212650506,       0.446985969,                 0,       44.88655803,      0.0150665004
          0,           0,         303,      -9.341849003,      -8.193715706,      -9.169316328,      -8.880844429,      -12.51038744,     0.01574597947,    0.009965641464,      0.4473605364,                 0,                 0,                 0,    -0.00127045075,    -0.02126492785,      0.4469659566,                 0,        44.8902901,      0.0150665004
          0,           0,         304,      -9.350186889,      -8.203293899,      -9.178885186,      -8.889460596,       -12.5197237,     0.01574597947,    0.009964397202,      0.4473404951,                 0,                 0,                 0,   -0.001274370003,    -0.02126477107,      0.4469458773,                 0,        44.8938843,      0.0150665004
          0,           0,         305,      -9.358517087,      -8.212896994,      -9.188479106,      -8.898066227,      -12.52905028,     0.01574597947,     0.00996318149,      0.4473204005,                 0,                 0,                 0,   -0.001278285901,    -0.02126458209,      0.4469257469,                 0,       44.89734539,      0.0150665004
          0,           0,         306,      -9.366838796,      -8.222523079,      -9.198095793,      -8.906661005,      -12.53836761,     0.01574597947,    0.009961993624,       0.447300268,                 0,                 0,                 0,   -0.001282196083,     -0.0212643627,      0.4469055806,                 0,       44.90067801,      0.0150665004
          0,           0,         307,      -9.375151204,      -8.232170268,      -9.207733001,       -8.91524461,      -12.54767316,     0.01574597947,    0.009960832912,      0.4472801123,                 0,                 0,                 0,     -0.0012860983,    -0.02126411459,       0.446885393,                 0,       44.90388668,      0.0150665004
          0,           0,         308,       -9.38345354,        -8.2418367,      -9.217388433,      -8.923816787,      -12.55696225,     0.01574597947,    0.009959698679,      0.4472599473,                 0,                 0,                 0,   -0.001289990398,    -0.02126383942,       0.446865198,                 0,       44.90697578,      0.0150665004
          0,           0,         309,      -9.391744988,      -8.251520538,      -9.227059829,       -8.93237723,      -12.56622915,     0.01574597947,    0.009958590267,      0.4472397866,                 0,                 0,                 0,    -0.00129387033,    -0.02126353879,      0.4468450091,                 0,       44.90994957,      0.0150665004
          0,           0,         310,        -9.4000248,      -8.261219975,      -9.236744934,      -8.940925744,      -12.57546806,     0.01574597947,    0.009957507032,      0.4472196431,                 0,                 0,                 0,   -0.001297736149,    -0.02126321424,      0.4468248391,                 0,       44.91281218,      0.0150665004
          0,           0,         311,       -9.40829224,      -8.270933235,      -9.246441495,      -8.949462153,      -12.58467401,     0.01574597947,    0.009956448346,       0.447199529,                 0,                 0,                 0,    -0.00130158601,    -0.02126286726,      0.4468047001,                 0,       44.91556762,      0.0150665004
          0,           0,         312,      -9.416546565,      -8.280658573,      -9.256147283,      -8.957986293,      -12.59384338,     0.01574597947,    0.009955413597,       0.447179456,                 0,                 0,                 0,   -0.001305418173,    -0.02126249927,      0.4467846039,                 0,       44.91821978,      0.0150665004
          0,           0,         313,      -9.424787134,      -8.290394279,      -9.265860102,      -8.966498146,      -12.60297428,     0.01574597947,    0.009954402185,      0.4471594354,                 0,                 0,                 0,    -0.00130923099,    -0.02126211165,      0.4467645614,                 0,       44.92077244,      0.0150665004
          0,           0,         314,      -9.433013241,      -8.300138678,      -9.275577837,       -8.97499762,       -12.6120666,     0.01574597947,    0.009953413526,      0.4471394776,                 0,                 0,                 0,   -0.001313022912,    -0.02126170572,      0.4467445833,                 0,       44.92322925,      0.0150665004
          0,           0,         315,      -9.441224253,      -8.309890132,      -9.285298297,      -8.983484735,      -12.62112187,     0.01574597947,     0.00995244705,      0.4471195928,                 0,                 0,                 0,   -0.001316792489,    -0.02126128275,      0.4467246796,                 0,       44.92559374,      0.0150665004
          0,           0,         316,      -9.449419534,      -8.319647045,      -9.295019403,      -8.991959488,      -12.63014302,     0.01574597947,    0.009951502199,      0.4470997905,                 0,                 0,                 0,   -0.001320538358,    -0.02126084396,      0.4467048596,                 0,       44.92786934,      0.0150665004
          0,           0,         317,      -9.457598402,       -8.32940786,      -9.304739048,      -9.000421861,        -12.639134,     0.01574597947,     0.00995057843,      0.4470800795,                 0,                 0,                 0,   -0.001324259248,    -0.02126039051,      0.4466851322,                 0,       44.93005936,      0.0150665004
          0,           0,         318,      -9.465760234,       -8.33917106,      -9.314455155,       -9.00887188,      -12.64809939,     0.01574597947,    0.009949675214,      0.4470604685,                 0,                 0,                 0,   -0.001327953973,    -0.02125992353,      0.4466655059,                 0,       44.93216702,      0.0150665004
          0,           0,         319,      -9.473904314,      -8.348935172,      -9.324165649,      -9.017309489,      -12.65704406,     0.01574597947,    0.009948792035,      0.4470409653,                 0,                 0,                 0,    -0.00133162143,    -0.02125944408,      0.4466459886,                 0,        44.9341954,      0.0150665004
          0,           0,         320,      -9.482029971,      -8.358698768,      -9.333868452,      -9.025734675,      -12.66597279,     0.01574597947,    0.009947928388,      0.4470215773,                 0,                 0,                 0,   -0.001335260592,    -0.02125895319,      0.4466265876,                 0,        44.9361475,      0.0150665004
          0,           0,         321,      -9.490136529,       -8.36846047,      -9.343561497,      -9.034147429,       -12.6748901,     0.01574597947,    0.009947083783,      0.4470023117,                 0,                 0,                 0,   -0.001338870511,    -0.02125845183,        0.44660731,                 0,        44.9380262,      0.0150665004
          0,           0,         322,      -9.498223246,       -8.37821894,      -9.353242758,      -9.042547671,      -12.68379994,     0.01574597947,    0.009946257744,      0.4469831749,                 0,                 0,                 0,   -0.001342450309,    -0.02125794094,      0.4465881622,                 0,        44.9398343,      0.0150665004
          0,           0,         323,      -9.506289411,      -8.387972889,      -9.362910163,      -9.050935348,       -12.6927057,     0.01574597947,    0.009945449807,       0.446964173,                 0,                 0,                 0,   -0.001345999175,    -0.02125742141,      0.4465691502,                 0,       44.94157445,      0.0150665004
          0,           0,         324,      -9.514334333,      -8.397721077,      -9.372561716,      -9.059310455,      -12.70161012,     0.01574597947,    0.009944659521,      0.4469453117,                 0,                 0,                 0,   -0.001349516365,    -0.02125689407,      0.4465502798,                 0,       44.94324926,      0.0150665004
          0,           0,         325,       -9.52235736,      -8.407462317,      -9.382195578,      -9.067673045,      -12.71051533,     0.01574597947,    0.009943886447,      0.4469265963,                 0,                 0,                 0,   -0.001353001209,    -0.02125635974,      0.4465315561,                 0,       44.94486122,      0.0150665004
          0,           0,         326,      -9.530357798,      -8.417195472,      -9.391809775,       -9.07602313,      -12.71942292,     0.01574597947,    0.009943130155,      0.4469080317,                 0,                 0,                 0,   -0.001356453091,    -0.02125581919,      0.4465129839,                 0,       44.94641273,      0.0150665004
          0,           0,         327,      -9.538334986,      -8.426919455,      -9.401402516,       -9.08436075,      -12.72833401,     0.01574597947,     0.00994239023,      0.4468896223,                 0,                 0,                 0,   -0.001359871456,    -0.02125527314,      0.4464945678,                 0,       44.94790609,      0.0150665004
          0,           0,         328,      -9.546288277,      -8.436633233,      -9.410972136,      -9.092686006,      -12.73724937,     0.01574597947,    0.009941666269,      0.4468713724,                 0,                 0,                 0,   -0.001363255807,    -0.02125472228,      0.4464763118,                 0,       44.94934353,      0.0150665004
          0,           0,         329,      -9.554217048,      -8.446335829,      -9.420516911,      -9.100999007,       -12.7461695,     0.01574597947,    0.009940957878,      0.4468532856,                 0,                 0,                 0,   -0.001366605706,    -0.02125416728,      0.4464582196,                 0,       44.95072719,      0.0150665004
          0,           0,         330,       -9.56212062,      -8.456026314,      -9.430035332,      -9.109299808,      -12.75509475,     0.01574597947,    0.009940264675,      0.4468353654,                 0,                 0,                 0,   -0.001369920763,    -0.02125360874,      0.4464402947,                 0,       44.95205913,      0.0150665004
          0,           0,         331,      -9.569998323,      -8.465703816,      -9.439525813,      -9.117588473,      -12.76402537,     0.01574597947,    0.009939586287,      0.4468176149,                 0,                 0,                 0,   -0.001373200644,    -0.02125304727,      0.4464225402,                 0,       44.95334132,      0.0150665004
          0,           0,         332,      -9.577849486,      -8.475367518,      -9.448986978,      -9.125865064,      -12.77296157,     0.01574597947,    0.009938922353,       0.446800037,                 0,                 0,                 0,   -0.001376445064,    -0.02125248341,      0.4464049588,                 0,       44.95457567,      0.0150665004
          0,           0,         333,      -9.585673393,      -8.485016657,      -9.458417435,      -9.134129607,      -12.78190357,     0.01574597947,     0.00993827252,      0.4467826341,                 0,                 0,                 0,   -0.001379653783,     -0.0212519177,      0.4463875529,                 0,       44.95576402,      0.0150665004
          0,           0,         334,       -9.59346933,      -8.494650521,       -9.46781588,      -9.142382126,      -12.79085158,     0.01574597947,    0.009937636446,      0.4467654085,                 0,                 0,                 0,   -0.001382826606,    -0.02125135062,      0.4463703249,                 0,       44.95690811,      0.0150665004
          0,           0,         335,      -9.601236587,      -8.504268464,      -9.477181065,       -9.15062265,       -12.7998059,     0.01574597947,    0.009937013799,      0.4467483621,                 0,                 0,                 0,   -0.001385963376,    -0.02125078266,      0.4463532765,                 0,       44.95800963,      0.0150665004
          0,           0,         336,      -9.608974388,       -8.51386988,      -9.486511841,      -9.158851127,      -12.80876685,     0.01574597947,    0.009936404256,      0.4467314965,                 0,                 0,                 0,   -0.001389063976,    -0.02125021423,      0.4463364096,                 0,        44.9590702,      0.0150665004
          0,           0,         337,      -9.616681999,      -8.523454214,      -9.495807117,      -9.167067575,      -12.81773481,     0.01574597947,    0.009935807503,      0.4467148133,                 0,                 0,                 0,   -0.001392128322,    -0.02124964577,      0.4463197253,                 0,       44.96009138,      0.0150665004
          0,           0,         338,      -9.624358637,      -8.533020972,      -9.505065944,      -9.175271951,      -12.82671017,     0.01574597947,    0.009935223236,      0.4466983136,                 0,                 0,                 0,   -0.001395156364,    -0.02124907765,      0.4463032251,                 0,       44.96107465,      0.0150665004
          0,           0,         339,      -9.632003503,      -8.542569705,      -9.514287379,      -9.183464189,      -12.83569334,     0.01574597947,     0.00993465116,      0.4466819985,                 0,                 0,                 0,   -0.001398148077,    -0.02124851025,      0.4462869098,                 0,       44.96202144,      0.0150665004
          0,           0,         340,       -9.63961583,      -8.552100016,       -9.52347072,      -9.191644272,      -12.84468468,     0.01574597947,     0.00993409099,      0.4466658687,                 0,                 0,                 0,   -0.001401103471,     -0.0212479439,      0.4462707803,                 0,       44.96293312,      0.0150665004
          0,           0,         341,      -9.647194845,      -8.561611556,      -9.532615228,      -9.199812205,      -12.85368451,     0.01574597947,    0.009933542446,       0.446649925,                 0,                 0,                 0,   -0.001404022577,    -0.02124737893,      0.4462548371,                 0,       44.96381099,      0.0150665004
          0,           0,         342,       -9.65473989,      -8.571104025,      -9.541720425,      -9.207968143,      -12.86269306,     0.01574597947,    0.009933005261,      0.4466341676,                 0,                 0,                 0,   -0.001406905455,    -0.02124681563,      0.4462390806,                 0,        44.9646563,      0.0150665004
          0,           0,         343,      -9.662250188,      -8.580577169,       -9.55078589,      -9.216112104,      -12.87171049,     0.01574597947,    0.009932479171,      0.4466185969,                 0,                 0,                 0,   -0.001409752188,    -0.02124625428,      0.4462235112,                 0,       44.96547028,      0.0150665004
          0,           0,         344,      -9.669725111,      -8.590030782,        -9.5598113,      -9.224244307,      -12.88073686,     0.01574597947,    0.009931963923,       0.446603213,                 0,                 0,                 0,   -0.001412562882,    -0.02124569515,      0.4462081288,                 0,       44.96625406,      0.0150665004
          0,           0,         345,       -9.67716394,      -8.599464701,      -9.568796522,      -9.232364872,      -12.88977211,     0.01574597947,    0.009931459268,      0.4465880159,                 0,                 0,                 0,   -0.001415337664,    -0.02124513847,      0.4461929335,                 0,       44.96700876,      0.0150665004
          0,           0,         346,      -9.684565968,      -8.608878805,      -9.577741526,      -9.240473929,      -12.89881607,     0.01574597947,    0.009930964968,      0.4465730053,                 0,                 0,                 0,   -0.001418076682,    -0.02124458448,       0.446177925,                 0,       44.96773544,      0.0150665004
          0,           0,         347,      -9.691930493,      -8.618273015,      -9.586646306,      -9.248571619,      -12.90786851,     0.01574597947,    0.009930480787,       0.446558181,                 0,                 0,                 0,   -0.001420780104,    -0.02124403339,       0.446163103,                 0,       44.96843512,      0.0150665004
          0,           0,         348,      -9.699256805,      -8.627647293,         -9.595511,      -9.256658092,      -12.91692907,     0.01574597947,    0.009930006498,      0.4465435424,                 0,                 0,                 0,   -0.001423448117,    -0.02124348539,       0.446148467,                 0,       44.96910878,      0.0150665004
          0,           0,         349,      -9.706544149,      -8.637001635,      -9.604335805,      -9.264733422,      -12.92599741,     0.01574597947,    0.009929541881,      0.4465290891,                 0,                 0,                 0,   -0.001426080922,    -0.02124294066,      0.4461340165,                 0,       44.96975736,      0.0150665004
          0,           0,         350,      -9.713791765,      -8.646336077,      -9.613120959,      -9.272797672,      -12.93507318,     0.01574597947,    0.009929086719,      0.4465148203,                 0,                 0,                 0,   -0.001428678738,    -0.02124239938,      0.4461197507,                 0,       44.97038176,      0.0150665004
          0,           0,         351,      -9.720998877,      -8.655650683,      -9.621866777,      -9.280850911,      -12.94415602,     0.01574597947,    0.009928640801,      0.4465007353,                 0,                 0,                 0,   -0.001431241798,    -0.02124186168,      0.4461056689,                 0,       44.97098286,      0.0150665004
          0,           0,         352,      -9.728164686,      -8.664945548,      -9.630573594,      -9.288893171,      -12.95324561,     0.01574597947,    0.009928203925,      0.4464868331,                 0,                 0,                 0,    -0.00143377035,    -0.02124132773,      0.4460917701,                 0,       44.97156147,      0.0150665004
          0,           0,         353,       -9.73528843,      -8.674220803,      -9.639241934,       -9.29692451,      -12.96234168,     0.01574597947,     0.00992777589,      0.4464731128,                 0,                 0,                 0,   -0.001436264653,    -0.02124079764,      0.4460780534,                 0,        44.9721184,      0.0150665004
          0,           0,         354,      -9.742369324,      -8.683476605,      -9.647872182,      -9.304945009,      -12.97144403,     0.01574597947,    0.009927356503,      0.4464595733,                 0,                 0,                 0,   -0.001438724978,    -0.02124027154,      0.4460645176,                 0,       44.97265442,      0.0150665004
          0,           0,         355,      -9.749406583,      -8.692713137,      -9.656464914,      -9.312954697,      -12.98055252,     0.01574597947,    0.009926945576,      0.4464462136,                 0,                 0,                 0,   -0.001441151605,    -0.02123974954,      0.4460511617,                 0,       44.97317026,      0.0150665004
          0,           0,         356,      -9.756399426,      -8.701930606,      -9.665020748,      -9.320953631,      -12.98966713,     0.01574597947,    0.009926542926,      0.4464330322,                 0,                 0,                 0,   -0.001443544821,    -0.02123923173,      0.4460379844,                 0,       44.97366662,      0.0150665004
          0,           0,         357,      -9.763347114,      -8.711129244,      -9.673540326,      -9.328941933,      -12.99878795,     0.01574597947,    0.009926148374,      0.4464200281,                 0,                 0,                 0,   -0.001445904923,     -0.0212387182,      0.4460249845,                 0,       44.97414418,      0.0150665004
          0,           0,         358,      -9.770248857,      -8.720309303,      -9.682024262,      -9.336919642,      -13.00791519,     0.01574597947,    0.009925761748,      0.4464071999,                 0,                 0,                 0,   -0.001448232215,    -0.02123820903,      0.4460121605,                 0,       44.97460358,      0.0150665004
          0,           0,         359,      -9.777103933,      -8.729471056,      -9.690473387,       -9.34488689,      -13.01704915,     0.01574597947,    0.009925382878,       0.446394546,                 0,                 0,                 0,   -0.001450527009,    -0.02123770429,      0.4459995111,                 0,       44.97504545,      0.0150665004
          0,           0,         360,      -9.783911599,      -8.738614792,      -9.698888527,      -9.352843775,      -13.02619023,     0.01574597947,      0.0099250116,      0.4463820653,                 0,                 0,                 0,    -0.00145278962,    -0.02123720404,      0.4459870348,                 0,       44.97547038,      0.0150665004
          0,           0,         361,       -9.79067115,       -8.74774082,      -9.707270447,       -9.36079043,      -13.03533886,     0.01574597947,    0.009924647754,       0.446369756,                 0,                 0,                 0,   -0.001455020371,    -0.02123670835,      0.4459747301,                 0,       44.97587895,      0.0150665004
          0,           0,         362,      -9.797381879,      -8.756849462,      -9.715620002,      -9.368726997,      -13.04449556,     0.01574597947,    0.009924291183,      0.4463576167,                 0,                 0,                 0,   -0.001457219585,    -0.02123621726,      0.4459625956,                 0,        44.9762717,      0.0150665004
          0,           0,         363,      -9.804043116,      -8.765941054,      -9.723938188,      -9.376653648,      -13.05366084,     0.01574597947,    0.009923941737,      0.4463456459,                 0,                 0,                 0,   -0.001459387593,    -0.02123573081,      0.4459506295,                 0,       44.97664917,      0.0150665004
          0,           0,         364,      -9.810654115,      -8.775015942,      -9.732225847,      -9.384570418,       -13.0628352,     0.01574597947,    0.009923599267,      0.4463338419,                 0,                 0,                 0,   -0.001461524723,    -0.02123524905,      0.4459388304,                 0,       44.97701186,      0.0150665004
          0,           0,         365,      -9.817214246,      -8.784074487,      -9.740483895,      -9.392477534,       -13.0720191,     0.01574597947,    0.009923263628,      0.4463222031,                 0,                 0,                 0,   -0.001463631312,    -0.02123477198,      0.4459271965,                 0,       44.97736025,      0.0150665004
          0,           0,         366,      -9.823722838,      -8.793117054,      -9.748713299,      -9.400375108,      -13.08121298,     0.01574597947,    0.009922934681,      0.4463107278,                 0,                 0,                 0,   -0.001465707695,    -0.02123429966,      0.4459157263,                 0,       44.97769482,      0.0150665004
          0,           0,         367,      -9.830179268,       -8.80214402,      -9.756915029,       -9.40826331,      -13.09041715,     0.01574597947,    0.009922612289,      0.4462994145,                 0,                 0,                 0,   -0.001467754208,    -0.02123383208,       0.445904418,                 0,       44.97801602,      0.0150665004
          0,           0,         368,      -9.836582897,      -8.811155767,      -9.765090074,      -9.416142275,      -13.09963183,     0.01574597947,    0.009922296317,      0.4462882613,                 0,                 0,                 0,   -0.001469771192,    -0.02123336928,      0.4458932699,                 0,       44.97832428,      0.0150665004
          0,           0,         369,      -9.842933067,      -8.820152679,      -9.773239328,      -9.424012046,      -13.10885713,     0.01574597947,    0.009921986636,      0.4462772666,                 0,                 0,                 0,   -0.001471758989,    -0.02123291126,      0.4458822804,                 0,       44.97862001,      0.0150665004
          0,           0,         370,      -9.849229259,      -8.829135152,      -9.781363797,      -9.431872932,      -13.11809304,     0.01574597947,    0.009921683117,      0.4462664287,                 0,                 0,                 0,   -0.001473717939,    -0.02123245802,      0.4458714477,                 0,       44.97890362,      0.0150665004
          0,           0,         371,      -9.855470872,      -8.838103576,      -9.789464517,      -9.439724985,      -13.12733946,     0.01574597947,    0.009921385637,      0.4462557458,                 0,                 0,                 0,   -0.001475648387,    -0.02123200957,      0.4458607701,                 0,        44.9791755,      0.0150665004
          0,           0,         372,      -9.861657322,      -8.847058346,      -9.797542374,       -9.44756832,      -13.13659613,     0.01574597947,    0.009921094073,      0.4462452161,                 0,                 0,                 0,   -0.001477550676,    -0.02123156591,      0.4458502457,                 0,       44.97943602,      0.0150665004
          0,           0,         373,      -9.867788096,      -8.855999858,      -9.805598401,      -9.455403092,       -13.1458627,     0.01574597947,    0.009920808307,      0.4462348379,                 0,                 0,                 0,    -0.00147942515,    -0.02123112704,      0.4458398729,                 0,       44.97968554,      0.0150665004
          0,           0,         374,      -9.873862648,      -8.864928506,      -9.813633424,      -9.463229398,      -13.15513869,     0.01574597947,    0.009920528222,      0.4462246095,                 0,                 0,                 0,   -0.001481272153,    -0.02123069294,      0.4458296498,                 0,        44.9799244,      0.0150665004
          0,           0,         375,      -9.879880469,      -8.873844684,      -9.821648454,      -9.471047301,      -13.16442354,     0.01574597947,    0.009920253705,       0.446214529,                 0,                 0,                 0,   -0.001483092028,    -0.02123026361,      0.4458195747,                 0,       44.98015295,      0.0150665004
          0,           0,         376,      -9.885841126,      -8.882748785,      -9.829644202,      -9.478856986,      -13.17371661,     0.01574597947,    0.009919984644,      0.4462045947,                 0,                 0,                 0,   -0.001484885118,    -0.02122983903,      0.4458096458,                 0,       44.98037151,      0.0150665004
          0,           0,         377,      -9.891744074,      -8.891641195,      -9.837621699,      -9.486658367,      -13.18301722,     0.01574597947,    0.009919720932,      0.4461948048,                 0,                 0,                 0,   -0.001486651764,    -0.02122941919,      0.4457998614,                 0,       44.98058038,      0.0150665004
          0,           0,         378,      -9.897588943,      -8.900522299,      -9.845581727,      -9.494451657,      -13.19232465,     0.01574597947,    0.009919462461,      0.4461851575,                 0,                 0,                 0,   -0.001488392305,    -0.02122900407,      0.4457902196,                 0,       44.98077988,      0.0150665004
          0,           0,         379,      -9.903375314,      -8.909392478,      -9.853525008,      -9.502236866,      -13.20163818,     0.01574597947,    0.009919209129,      0.4461756511,                 0,                 0,                 0,    -0.00149010708,    -0.02122859366,      0.4457807187,                 0,       44.98097028,      0.0150665004
          0,           0,         380,      -9.909102819,      -8.918252102,      -9.861452442,      -9.510014078,      -13.21095708,     0.01574597947,    0.009918960834,      0.4461662837,                 0,                 0,                 0,   -0.001491796423,    -0.02122818791,      0.4457713568,                 0,       44.98115188,      0.0150665004
          0,           0,         381,      -9.914771091,       -8.92710154,      -9.869364688,      -9.517783301,      -13.22028064,     0.01574597947,    0.009918717477,      0.4461570537,                 0,                 0,                 0,   -0.001493460669,    -0.02122778683,      0.4457621323,                 0,       44.98132493,      0.0150665004
          0,           0,         382,      -9.920379902,      -8.935941153,      -9.877262562,       -9.52554472,       -13.2296082,     0.01574597947,    0.009918478961,      0.4461479593,                 0,                 0,                 0,   -0.001495100149,    -0.02122739036,      0.4457530434,                 0,       44.98148971,      0.0150665004
          0,           0,         383,      -9.925929008,      -8.944771297,      -9.885146824,      -9.533298462,      -13.23893911,     0.01574597947,    0.009918245191,      0.4461389987,                 0,                 0,                 0,   -0.001496715192,     -0.0212269985,      0.4457440883,                 0,       44.98164646,      0.0150665004
          0,           0,         384,      -9.931418137,      -8.953592312,       -9.89301819,      -9.541044491,      -13.24827278,     0.01574597947,    0.009918016074,      0.4461301701,                 0,                 0,                 0,   -0.001498306126,    -0.02122661121,      0.4457352653,                 0,       44.98179543,      0.0150665004
          0,           0,         385,      -9.936847158,      -8.962404542,      -9.900877317,      -9.548782962,      -13.25760867,     0.01574597947,     0.00991779152,      0.4461214719,                 0,                 0,                 0,   -0.001499873275,    -0.02122622847,      0.4457265726,                 0,       44.98193686,      0.0150665004
          0,           0,         386,      -9.942215968,      -8.971208314,      -9.908725034,      -9.556514073,      -13.26694626,     0.01574597947,     0.00991757144,      0.4461129024,                 0,                 0,                 0,    -0.00150141696,    -0.02122585023,      0.4457180086,                 0,       44.98207097,      0.0150665004
          0,           0,         387,      -9.947524424,      -8.980003945,      -9.916561919,      -9.564237788,      -13.27628509,     0.01574597947,    0.009917355745,      0.4461044597,                 0,                 0,                 0,     -0.0015029375,    -0.02122547647,      0.4457095714,                 0,       44.98219799,      0.0150665004
          0,           0,         388,      -9.952772481,      -8.988791751,      -9.924388579,      -9.571954242,      -13.28562472,     0.01574597947,    0.009917144352,      0.4460961423,                 0,                 0,                 0,   -0.001504435214,    -0.02122510715,      0.4457012595,                 0,       44.98231814,      0.0150665004
          0,           0,         389,      -9.957960072,       -8.99757203,      -9.932205663,      -9.579663437,      -13.29496476,     0.01574597947,    0.009916937177,      0.4460879484,                 0,                 0,                 0,   -0.001505910412,    -0.02122474224,      0.4456930711,                 0,       44.98243162,      0.0150665004
          0,           0,         390,      -9.963087247,      -9.006345072,      -9.940013812,      -9.587365489,      -13.30430485,     0.01574597947,    0.009916734137,      0.4460798764,                 0,                 0,                 0,   -0.001507363408,    -0.02122438171,      0.4456850046,                 0,       44.98253863,      0.0150665004
          0,           0,         391,      -9.968154017,      -9.015111158,      -9.947813422,      -9.595060411,      -13.31364468,     0.01574597947,    0.009916535152,      0.4460719245,                 0,                 0,                 0,   -0.001508794508,    -0.02122402552,      0.4456770583,                 0,       44.98263937,      0.0150665004
          0,           0,         392,      -9.973160477,       -9.02387056,      -9.955605157,      -9.602748223,      -13.32298399,     0.01574597947,    0.009916340144,      0.4460640912,                 0,                 0,                 0,   -0.001510204017,    -0.02122367363,      0.4456692305,                 0,       44.98273403,      0.0150665004
          0,           0,         393,      -9.978106696,      -9.032623534,      -9.963389385,      -9.610428896,       -13.3323225,     0.01574597947,    0.009916149037,      0.4460563749,                 0,                 0,                 0,   -0.001511592239,    -0.02122332601,      0.4456615196,                 0,       44.98282279,      0.0150665004
          0,           0,         394,      -9.982992867,       -9.04137033,      -9.971166592,      -9.618102498,      -13.34166001,     0.01574597947,    0.009915961754,      0.4460487739,                 0,                 0,                 0,   -0.001512959471,    -0.02122298261,       0.445653924,                 0,       44.98290584,      0.0150665004
          0,           0,         395,      -9.987819207,      -9.050111187,      -9.978937288,      -9.625769153,      -13.35099628,     0.01574597947,    0.009915778221,      0.4460412865,                 0,                 0,                 0,   -0.001514306011,    -0.02122264341,      0.4456464421,                 0,       44.98298334,      0.0150665004
          0,           0,         396,      -9.992585942,      -9.058846332,      -9.986701726,      -9.633428819,      -13.36033112,     0.01574597947,    0.009915598365,      0.4460339113,                 0,                 0,                 0,   -0.001515632153,    -0.02122230836,      0.4456390723,                 0,       44.98305548,      0.0150665004
          0,           0,         397,      -9.997293292,      -9.067575974,       -9.99446041,       -9.64108138,      -13.36966435,     0.01574597947,    0.009915422114,      0.4460266466,                 0,                 0,                 0,   -0.001516938187,    -0.02122197742,       0.445631813,                 0,        44.9831224,      0.0150665004
          0,           0,         398,      -10.00194163,      -9.076300324,      -10.00221368,      -9.648726984,      -13.37899578,     0.01574597947,      0.0099152494,       0.446019491,                 0,                 0,                 0,   -0.001518224401,    -0.02122165056,      0.4456246627,                 0,       44.98318428,      0.0150665004
          0,           0,         399,      -10.00653127,      -9.085019574,      -10.00996187,      -9.656365577,      -13.38832525,     0.01574597947,    0.009915080153,      0.4460124427,                 0,                 0,                 0,   -0.001519491077,    -0.02122132773,      0.4456176199,                 0,       44.98324127,      0.0150665004
          0,           0,         400,       -10.0110626,      -9.093733905,      -10.01770525,      -9.663997115,       -13.3976526,     0.01574597947,    0.009914914306,      0.4460055004,                 0,                 0,                 0,   -0.001520738498,    -0.02122100891,      0.4456106829,                 0,       44.98329351,      0.0150665004
          0,           0,         401,        -10.015536,      -9.102443488,      -10.02544416,      -9.671621518,      -13.40697766,     0.01574597947,    0.009914751794,      0.4459986625,                 0,                 0,                 0,   -0.001521966942,    -0.02122069404,      0.4456038503,                 0,       44.98334117,      0.0150665004
          0,           0,         402,      -10.01995198,      -9.111148486,      -10.03317874,      -9.679238885,      -13.41630024,     0.01574597947,    0.009914592552,      0.4459919276,                 0,                 0,                 0,   -0.001523176683,    -0.02122038308,      0.4455971206,                 0,       44.98338436,      0.0150665004
          0,           0,         403,      -10.02431099,      -9.119849049,      -10.04090922,      -9.686849111,      -13.42562016,     0.01574597947,    0.009914436515,       0.445985294,                 0,                 0,                 0,   -0.001524367995,    -0.02122007601,      0.4455904924,                 0,       44.98342325,      0.0150665004
          0,           0,         404,      -10.02861357,      -9.128545315,       -10.0486359,      -9.694452134,      -13.43493728,     0.01574597947,    0.009914283622,      0.4459787605,                 0,                 0,                 0,   -0.001525541146,    -0.02121977277,      0.4455839641,                 0,       44.98345796,      0.0150665004
          0,           0,         405,      -10.03286024,      -9.137237413,      -10.05635902,      -9.702047932,      -13.44425147,     0.01574597947,    0.009914133812,      0.4459723255,                 0,                 0,                 0,   -0.001526696403,    -0.02121947333,      0.4455775343,                 0,       44.98348862,      0.0150665004
          0,           0,         406,      -10.03705162,      -9.145925463,      -10.06407849,      -9.709636484,       -13.4535626,     0.01574597947,    0.009913987024,      0.4459659876,                 0,                 0,                 0,   -0.001527834028,    -0.02121917765,      0.4455712016,                 0,       44.98351536,      0.0150665004
          0,           0,         407,      -10.04118831,      -9.154609568,      -10.07179478,      -9.717217658,       -13.4628706,     0.01574597947,      0.0099138432,      0.4459597454,                 0,                 0,                 0,   -0.001528954279,    -0.02121888569,      0.4455649646,                 0,       44.98353831,      0.0150665004
          0,           0,         408,      -10.04527094,       -9.16328983,      -10.07950778,       -9.72479148,      -13.47217539,     0.01574597947,    0.009913702282,      0.4459535975,                 0,                 0,                 0,   -0.001530057412,    -0.02121859741,      0.4455588218,                 0,       44.98355758,      0.0150665004
          0,           0,         409,      -10.04930021,      -9.171966332,      -10.08721769,      -9.732357818,      -13.48147691,     0.01574597947,    0.009913564215,      0.4459475425,                 0,                 0,                 0,   -0.001531143679,    -0.02121831277,       0.445552772,                 0,        44.9835733,      0.0150665004
          0,           0,         410,      -10.05327679,       -9.18063916,      -10.09492457,      -9.739916627,      -13.49077514,     0.01574597947,    0.009913428942,      0.4459415791,                 0,                 0,                 0,   -0.001532213329,    -0.02121803173,      0.4455468137,                 0,       44.98358557,      0.0150665004
          0,           0,         411,      -10.05720141,      -9.189308375,      -10.10262856,      -9.747467806,      -13.50007006,     0.01574597947,    0.009913296409,      0.4459357059,                 0,                 0,                 0,   -0.001533266607,    -0.02121775425,      0.4455409456,                 0,       44.98359451,      0.0150665004
          0,           0,         412,      -10.06107488,      -9.197974044,      -10.11032962,      -9.755011432,      -13.50936163,     0.01574597947,    0.009913166563,      0.4459299217,                 0,                 0,                 0,   -0.001534303753,    -0.02121748029,      0.4455351664,                 0,       44.98360023,      0.0150665004
          0,           0,         413,      -10.06489796,      -9.206636221,      -10.11802776,      -9.762547383,      -13.51864983,     0.01574597947,    0.009913039352,      0.4459242251,                 0,                 0,                 0,   -0.001535325008,    -0.02121720981,      0.4455294747,                 0,       44.98360283,      0.0150665004
          0,           0,         414,      -10.06867143,      -9.215294939,      -10.12572345,      -9.770075615,      -13.52793459,     0.01574597947,    0.009912914725,      0.4459186147,                 0,                 0,                 0,   -0.001536330607,    -0.02121694278,      0.4455238694,                 0,       44.98360241,      0.0150665004
          0,           0,         415,      -10.07239619,      -9.223950237,      -10.13341637,      -9.777596231,       -13.5372158,     0.01574597947,    0.009912792631,      0.4459130894,                 0,                 0,                 0,   -0.001537320781,    -0.02121667915,       0.445518349,                 0,       44.98359908,      0.0150665004
          0,           0,         416,      -10.07607307,      -9.232602147,      -10.14110675,      -9.785109188,      -13.54649331,     0.01574597947,    0.009912673021,       0.445907648,                 0,                 0,                 0,   -0.001538295759,    -0.02121641889,      0.4455129125,                 0,       44.98359292,      0.0150665004
          0,           0,         417,      -10.07970293,      -9.241250681,      -10.14879466,      -9.792614424,      -13.55576691,     0.01574597947,    0.009912555847,       0.445902289,                 0,                 0,                 0,   -0.001539255768,    -0.02121616196,      0.4455075584,                 0,       44.98358404,      0.0150665004
          0,           0,         418,      -10.08328663,      -9.249895855,      -10.15648004,      -9.800111871,      -13.56503636,     0.01574597947,    0.009912441061,      0.4458970114,                 0,                 0,                 0,   -0.001540201029,    -0.02121590832,      0.4455022857,                 0,       44.98357253,      0.0150665004
          0,           0,         419,      -10.08682508,      -9.258537675,      -10.16416298,      -9.807601527,      -13.57430138,     0.01574597947,    0.009912328617,       0.445891814,                 0,                 0,                 0,   -0.001541131762,    -0.02121565793,       0.445497093,                 0,       44.98355848,      0.0150665004
          0,           0,         420,      -10.09031914,      -9.267176134,      -10.17184342,      -9.815083308,      -13.58356163,     0.01574597947,    0.009912218469,      0.4458866955,                 0,                 0,                 0,   -0.001542048183,    -0.02121541076,      0.4454919793,                 0,       44.98354197,      0.0150665004
          0,           0,         421,      -10.09376973,      -9.275811223,      -10.17952136,       -9.82255701,      -13.59281677,     0.01574597947,    0.009912110572,      0.4458816548,                 0,                 0,                 0,   -0.001542950504,    -0.02121516678,      0.4454869434,                 0,       44.98352309,      0.0150665004
          0,           0,         422,      -10.09717781,      -9.284442929,      -10.18719687,      -9.830022961,      -13.60206644,     0.01574597947,    0.009912004882,      0.4458766907,                 0,                 0,                 0,   -0.001543838936,    -0.02121492593,       0.445481984,                 0,       44.98350193,      0.0150665004
          0,           0,         423,       -10.1005442,      -9.293071227,      -10.19486973,       -9.83748055,      -13.61131023,     0.01574597947,    0.009911901356,      0.4458718021,                 0,                 0,                 0,   -0.001544713683,    -0.02121468819,      0.4454771001,                 0,       44.98347856,      0.0150665004
          0,           0,         424,      -10.10386991,      -9.301696086,       -10.2025401,      -9.844930219,      -13.62054773,     0.01574597947,    0.009911799953,      0.4458669879,                 0,                 0,                 0,   -0.001545574951,    -0.02121445353,      0.4454722905,                 0,       44.98345306,      0.0150665004
          0,           0,         425,      -10.10715584,      -9.310317475,      -10.21020775,      -9.852371647,      -13.62977846,     0.01574597947,    0.009911700629,       0.445862247,                 0,                 0,                 0,   -0.001546422939,     -0.0212142219,      0.4454675542,                 0,       44.98342551,      0.0150665004
          0,           0,         426,      -10.11040298,      -9.318935356,      -10.21787278,      -9.859804943,       -13.6390019,     0.01574597947,    0.009911603346,      0.4458575783,                 0,                 0,                 0,   -0.001547257844,    -0.02121399327,      0.4454628901,                 0,         44.983396,      0.0150665004
          0,           0,         427,      -10.11361225,      -9.327549683,      -10.22553519,      -9.867230139,      -13.64821745,     0.01574597947,    0.009911508062,      0.4458529807,                 0,                 0,                 0,   -0.001548079861,    -0.02121376761,      0.4454582971,                 0,       44.98336458,      0.0150665004
          0,           0,         428,      -10.11678461,      -9.336160404,      -10.23319494,      -9.874647119,      -13.65742445,     0.01574597947,    0.009911414739,      0.4458484531,                 0,                 0,                 0,   -0.001548889179,    -0.02121354488,      0.4454537741,                 0,       44.98333133,      0.0150665004
          0,           0,         429,      -10.11992102,      -9.344767471,      -10.24085197,        -9.8820559,       -13.6666222,     0.01574597947,    0.009911323338,      0.4458439946,                 0,                 0,                 0,    -0.00154968599,    -0.02121332505,      0.4454493201,                 0,       44.98329632,      0.0150665004
          0,           0,         430,       -10.1230224,      -9.353370822,       -10.2485062,      -9.889456393,      -13.67580897,     0.01574597947,    0.009911233822,      0.4458396042,                 0,                 0,                 0,   -0.001550470476,    -0.02121310809,       0.445444934,                 0,       44.98325962,      0.0150665004
          0,           0,         431,      -10.12608968,      -9.361970401,      -10.25615774,      -9.896848743,      -13.68498383,     0.01574597947,    0.009911146154,      0.4458352807,                 0,                 0,                 0,   -0.001551242822,    -0.02121289395,       0.445440615,                 0,       44.98322129,      0.0150665004
          0,           0,         432,      -10.12912383,      -9.370566146,      -10.26380629,      -9.904232869,      -13.69414521,     0.01574597947,    0.009911060296,      0.4458310233,                 0,                 0,                 0,   -0.001552003208,    -0.02121268262,      0.4454363619,                 0,       44.98318141,      0.0150665004
          0,           0,         433,      -10.13212576,      -9.379157973,      -10.27145213,       -9.91160853,      -13.70329171,     0.01574597947,    0.009910976215,      0.4458268308,                 0,                 0,                 0,   -0.001552751812,    -0.02121247405,      0.4454321738,                 0,       44.98314002,      0.0150665004
          0,           0,         434,      -10.13509643,      -9.387745817,      -10.27909491,      -9.918976091,      -13.71242204,     0.01574597947,    0.009910893874,      0.4458227025,                 0,                 0,                 0,   -0.001553488807,    -0.02121226821,      0.4454280498,                 0,        44.9830972,      0.0150665004
          0,           0,         435,      -10.13803672,      -9.396329608,      -10.28673487,      -9.926335229,      -13.72153482,     0.01574597947,    0.009910813239,      0.4458186373,                 0,                 0,                 0,   -0.001554214367,    -0.02121206507,      0.4454239889,                 0,       44.98305301,      0.0150665004
          0,           0,         436,      -10.14094746,      -9.404909254,      -10.29437161,      -9.933685877,      -13.73062859,     0.01574597947,    0.009910734277,      0.4458146343,                 0,                 0,                 0,   -0.001554928661,    -0.02121186461,      0.4454199901,                 0,        44.9830075,      0.0150665004
          0,           0,         437,       -10.1438296,      -9.413484681,       -10.3020052,       -9.94102801,       -13.7397017,     0.01574597947,    0.009910656954,      0.4458106926,                 0,                 0,                 0,   -0.001555631857,    -0.02121166678,      0.4454160526,                 0,       44.98296073,      0.0150665004
          0,           0,         438,      -10.14668404,      -9.422055797,      -10.30963552,      -9.948361649,      -13.74875239,     0.01574597947,    0.009910581238,      0.4458068112,                 0,                 0,                 0,    -0.00155632412,    -0.02121147156,      0.4454121754,                 0,       44.98291275,      0.0150665004
          0,           0,         439,      -10.14951162,      -9.430622518,       -10.3172626,      -9.955686695,      -13.75777889,     0.01574597947,    0.009910507098,      0.4458029893,                 0,                 0,                 0,   -0.001557005612,    -0.02121127892,      0.4454083576,                 0,       44.98286363,      0.0150665004
          0,           0,         440,       -10.1523132,      -9.439184752,      -10.32488608,      -9.963003098,      -13.76677949,     0.01574597947,      0.0099104345,       0.445799226,                 0,                 0,                 0,   -0.001557676494,    -0.02121108882,      0.4454045984,                 0,       44.98281341,      0.0150665004
          0,           0,         441,      -10.15508968,       -9.44774241,      -10.33250599,      -9.970310703,      -13.77575272,     0.01574597947,    0.009910363416,      0.4457955204,                 0,                 0,                 0,   -0.001558336923,    -0.02121090124,      0.4454008969,                 0,       44.98276215,      0.0150665004
          0,           0,         442,      -10.15784182,      -9.456295396,       -10.3401224,      -9.977609687,      -13.78469744,     0.01574597947,    0.009910293815,      0.4457918717,                 0,                 0,                 0,   -0.001558987055,    -0.02121071615,      0.4453972522,                 0,        44.9827099,      0.0150665004
          0,           0,         443,      -10.16057052,      -9.464843619,      -10.34773485,      -9.984899904,       -13.7936129,     0.01574597947,    0.009910225666,       0.445788279,                 0,                 0,                 0,   -0.001559627043,    -0.02121053352,      0.4453936635,                 0,        44.9826567,      0.0150665004
          0,           0,         444,      -10.16327652,       -9.47338697,      -10.35534369,      -9.992181195,      -13.80249873,     0.01574597947,    0.009910158942,      0.4457847415,                 0,                 0,                 0,    -0.00156025704,    -0.02121035332,        0.44539013,                 0,       44.98260261,      0.0150665004
          0,           0,         445,      -10.16596064,      -9.481925361,      -10.36294829,      -9.999453486,      -13.81135488,     0.01574597947,    0.009910093613,      0.4457812583,                 0,                 0,                 0,   -0.001560877193,    -0.02121017552,      0.4453866508,                 0,       44.98254767,      0.0150665004
          0,           0,         446,      -10.16862364,      -9.490458694,      -10.37054885,      -10.00671686,      -13.82018151,     0.01574597947,    0.009910029652,      0.4457778288,                 0,                 0,                 0,    -0.00156148765,    -0.02121000009,      0.4453832251,                 0,       44.98249192,      0.0150665004
          0,           0,         447,      -10.17126635,       -9.49898686,      -10.37814516,      -10.01397102,      -13.82897888,     0.01574597947,    0.009909967031,       0.445774452,                 0,                 0,                 0,   -0.001562088556,    -0.02120982701,      0.4453798522,                 0,       44.98243542,      0.0150665004
          0,           0,         448,      -10.17388947,      -9.507509762,      -10.38573703,      -10.02121606,      -13.83774725,     0.01574597947,    0.009909905723,      0.4457711272,                 0,                 0,                 0,   -0.001562680054,    -0.02120965624,      0.4453765312,                 0,        44.9823782,      0.0150665004
          0,           0,         449,      -10.17649374,      -9.516027292,      -10.39332453,      -10.02845193,      -13.84648678,     0.01574597947,    0.009909845702,      0.4457678536,                 0,                 0,                 0,   -0.001563262284,    -0.02120948776,      0.4453732614,                 0,       44.98232031,      0.0150665004
          0,           0,         450,      -10.17907991,      -9.524539349,      -10.40090728,       -10.0356784,      -13.85519751,     0.01574597947,    0.009909786941,      0.4457646305,                 0,                 0,                 0,   -0.001563835385,    -0.02120932154,       0.445370042,                 0,       44.98226179,      0.0150665004
          0,           0,         451,      -10.18164865,       -9.53304583,      -10.40848526,      -10.04289545,      -13.86387936,     0.01574597947,    0.009909729416,       0.445761457,                 0,                 0,                 0,   -0.001564399495,    -0.02120915756,      0.4453668723,                 0,       44.98220268,      0.0150665004
          0,           0,         452,      -10.18420068,      -9.541546634,      -10.41605834,      -10.05010313,      -13.87253218,     0.01574597947,      0.0099096731,      0.4457583326,                 0,                 0,                 0,   -0.001564954749,    -0.02120899579,      0.4453637515,                 0,       44.98214301,      0.0150665004
          0,           0,         453,      -10.18673669,      -9.550041652,      -10.42362624,      -10.05730113,       -13.8811558,     0.01574597947,     0.00990961797,      0.4457552564,                 0,                 0,                 0,    -0.00156550128,     -0.0212088362,       0.445360679,                 0,       44.98208283,      0.0150665004
          0,           0,         454,      -10.18925729,      -9.558530779,      -10.43118868,      -10.06448933,       -13.8897501,     0.01574597947,    0.009909564002,      0.4457522276,                 0,                 0,                 0,   -0.001566039219,    -0.02120867876,      0.4453576539,                 0,       44.98202217,      0.0150665004
          0,           0,         455,      -10.19176316,       -9.56701391,      -10.43874588,      -10.07166778,      -13.89831509,     0.01574597947,    0.009909511171,      0.4457492457,                 0,                 0,                 0,   -0.001566568697,    -0.02120852346,      0.4453546755,                 0,       44.98196107,      0.0150665004
          0,           0,         456,      -10.19425484,      -9.575490933,       -10.4462975,      -10.07883618,      -13.90685091,     0.01574597947,    0.009909459454,      0.4457463099,                 0,                 0,                 0,   -0.001567089841,    -0.02120837025,      0.4453517433,                 0,       44.98189956,      0.0150665004
          0,           0,         457,      -10.19673309,      -9.583961745,      -10.45384327,      -10.08599446,       -13.9153579,     0.01574597947,     0.00990940883,      0.4457434195,                 0,                 0,                 0,   -0.001567602777,    -0.02120821913,      0.4453488564,                 0,       44.98183768,      0.0150665004
          0,           0,         458,      -10.19919842,      -9.592426248,      -10.46138311,      -10.09314277,      -13.92383655,     0.01574597947,    0.009909359275,      0.4457405739,                 0,                 0,                 0,   -0.001568107631,    -0.02120807006,      0.4453460142,                 0,       44.98177546,      0.0150665004
          0,           0,         459,      -10.20165143,      -9.600884328,      -10.46891654,      -10.10028078,       -13.9322875,     0.01574597947,    0.009909310767,      0.4457377723,                 0,                 0,                 0,   -0.001568604524,    -0.02120792302,       0.445343216,                 0,       44.98171293,      0.0150665004
          0,           0,         460,      -10.20409268,      -9.609335891,      -10.47644377,      -10.10740825,      -13.94071153,     0.01574597947,    0.009909263285,      0.4457350141,                 0,                 0,                 0,   -0.001569093579,    -0.02120777799,      0.4453404612,                 0,       44.98165012,      0.0150665004
          0,           0,         461,      -10.20652271,      -9.617780825,      -10.48396429,      -10.11452511,      -13.94910953,     0.01574597947,    0.009909216808,      0.4457322986,                 0,                 0,                 0,   -0.001569574914,    -0.02120763493,      0.4453377492,                 0,       44.98158707,      0.0150665004
          0,           0,         462,      -10.20894208,      -9.626219021,      -10.49147824,      -10.12163128,      -13.95748246,     0.01574597947,    0.009909171315,      0.4457296253,                 0,                 0,                 0,   -0.001570048647,    -0.02120749383,      0.4453350792,                 0,       44.98152379,      0.0150665004
          0,           0,         463,      -10.21135131,      -9.634650388,      -10.49898497,      -10.12872678,      -13.96583131,     0.01574597947,    0.009909126786,      0.4457269934,                 0,                 0,                 0,   -0.001570514895,    -0.02120735466,      0.4453324506,                 0,       44.98146033,      0.0150665004
          0,           0,         464,      -10.21375088,       -9.64307482,      -10.50648447,      -10.13581114,      -13.97415712,     0.01574597947,      0.0099090832,      0.4457244024,                 0,                 0,                 0,   -0.001570973773,     -0.0212072174,      0.4453298628,                 0,        44.9813967,      0.0150665004
          0,           0,         465,      -10.21614137,      -9.651492213,      -10.51397674,      -10.14288456,       -13.9824609,     0.01574597947,    0.009909040539,      0.4457218516,                 0,                 0,                 0,   -0.001571425392,    -0.02120708202,      0.4453273153,                 0,       44.98133294,      0.0150665004
          0,           0,         466,      -10.21852317,      -9.659902464,      -10.52146128,      -10.14994652,      -13.99074363,     0.01574597947,    0.009908998783,      0.4457193404,                 0,                 0,                 0,   -0.001571869866,    -0.02120694851,      0.4453248073,                 0,       44.98126906,      0.0150665004
          0,           0,         467,      -10.22089675,      -9.668305486,      -10.52893804,      -10.15699746,      -13.99900626,     0.01574597947,    0.009908957913,      0.4457168683,                 0,                 0,                 0,   -0.001572307303,    -0.02120681683,      0.4453223383,                 0,        44.9812051,      0.0150665004
          0,           0,         468,      -10.22326265,       -9.67670117,      -10.53640679,      -10.16403676,      -14.00724968,     0.01574597947,    0.009908917912,      0.4457144345,                 0,                 0,                 0,   -0.001572737813,    -0.02120668697,      0.4453199078,                 0,       44.98114108,      0.0150665004
          0,           0,         469,      -10.22562126,      -9.685089425,      -10.54386709,      -10.17106448,       -14.0154747,     0.01574597947,    0.009908878759,      0.4457120387,                 0,                 0,                 0,   -0.001573161502,    -0.02120655889,       0.445317515,                 0,       44.98107702,      0.0150665004
          0,           0,         470,      -10.22797301,      -9.693470153,      -10.55131892,      -10.17808034,      -14.02368208,     0.01574597947,    0.009908840439,      0.4457096801,                 0,                 0,                 0,   -0.001573578476,     -0.0212064326,      0.4453151595,                 0,       44.98101295,      0.0150665004
          0,           0,         471,      -10.23031829,      -9.701843263,       -10.5587622,      -10.18508441,      -14.03187247,     0.01574597947,    0.009908802934,      0.4457073582,                 0,                 0,                 0,   -0.001573988838,    -0.02120630804,      0.4453128406,                 0,       44.98094888,      0.0150665004
          0,           0,         472,       -10.2326575,      -9.710208664,      -10.56619661,      -10.19207663,      -14.04004649,     0.01574597947,    0.009908766226,      0.4457050725,                 0,                 0,                 0,   -0.001574392691,    -0.02120618522,      0.4453105579,                 0,       44.98088484,      0.0150665004
          0,           0,         473,       -10.2349911,      -9.718566261,      -10.57362179,      -10.19905658,      -14.04820467,     0.01574597947,      0.0099087303,      0.4457028224,                 0,                 0,                 0,   -0.001574790137,     -0.0212060641,      0.4453083108,                 0,       44.98082084,      0.0150665004
          0,           0,         474,      -10.23731942,      -9.726915973,      -10.58103759,       -10.2060246,      -14.05634749,     0.01574597947,    0.009908695138,      0.4457006073,                 0,                 0,                 0,   -0.001575181274,    -0.02120594466,      0.4453060987,                 0,       44.98075691,      0.0150665004
          0,           0,         475,      -10.23964283,        -9.7352577,      -10.58844396,      -10.21297987,      -14.06447538,     0.01574597947,    0.009908660725,      0.4456984268,                 0,                 0,                 0,   -0.001575566201,    -0.02120582688,      0.4453039211,                 0,       44.98069307,      0.0150665004
          0,           0,         476,      -10.24196165,      -9.743591352,       -10.5958406,      -10.21992256,      -14.07258872,     0.01574597947,    0.009908627044,      0.4456962803,                 0,                 0,                 0,   -0.001575945014,    -0.02120571075,      0.4453017774,                 0,       44.98062933,      0.0150665004
          0,           0,         477,      -10.24427628,      -9.751916874,      -10.60322686,      -10.22685296,      -14.08068785,     0.01574597947,    0.009908594081,      0.4456941672,                 0,                 0,                 0,   -0.001576317809,    -0.02120559623,      0.4452996672,                 0,       44.98056572,      0.0150665004
          0,           0,         478,      -10.24658705,      -9.760234147,      -10.61060296,      -10.23377011,      -14.08877308,     0.01574597947,    0.009908561821,      0.4456920872,                 0,                 0,                 0,   -0.001576684681,    -0.02120548331,        0.44529759,                 0,       44.98050224,      0.0150665004
          0,           0,         479,      -10.24889425,      -9.768543113,      -10.61796845,      -10.24067421,      -14.09684467,     0.01574597947,    0.009908530248,      0.4456900395,                 0,                 0,                 0,   -0.001577045721,    -0.02120537198,      0.4452955451,                 0,       44.98043891,      0.0150665004
          0,           0,         480,      -10.25119823,      -9.776843686,      -10.62532327,      -10.24756542,       -14.1049029,     0.01574597947,    0.009908499348,      0.4456880239,                 0,                 0,                 0,   -0.001577401021,     -0.0212052622,      0.4452935322,                 0,       44.98037576,      0.0150665004
          0,           0,         481,      -10.25349928,      -9.785135783,      -10.63266702,      -10.25444315,      -14.11294799,     0.01574597947,    0.009908469108,      0.4456860397,                 0,                 0,                 0,    -0.00157775067,    -0.02120515395,      0.4452915508,                 0,       44.98031279,      0.0150665004
          0,           0,         482,      -10.25579762,      -9.793419341,      -10.63999921,      -10.26130729,      -14.12098044,     0.01574597947,    0.009908439512,      0.4456840866,                 0,                 0,                 0,   -0.001578094759,    -0.02120504723,      0.4452896003,                 0,       44.98025002,      0.0150665004
          0,           0,         483,      -10.25809368,      -9.801694253,      -10.64732014,      -10.26815768,       -14.1290002,     0.01574597947,    0.009908410548,      0.4456821639,                 0,                 0,                 0,   -0.001578433373,    -0.02120494201,      0.4452876803,                 0,       44.98018746,      0.0150665004
          0,           0,         484,      -10.26038763,       -9.80996049,      -10.65462938,      -10.27499463,      -14.13700743,     0.01574597947,    0.009908382202,      0.4456802713,                 0,                 0,                 0,   -0.001578766599,    -0.02120483826,      0.4452857904,                 0,       44.98012513,      0.0150665004
          0,           0,         485,      -10.26267974,       -9.81821796,      -10.66192606,      -10.28181733,       -14.1450024,     0.01574597947,    0.009908354461,      0.4456784083,                 0,                 0,                 0,   -0.001579094521,    -0.02120473598,      0.4452839299,                 0,       44.98006304,      0.0150665004
          0,           0,         486,      -10.26497029,      -9.826466595,      -10.66921064,      -10.28862595,      -14.15298523,     0.01574597947,    0.009908327312,      0.4456765744,                 0,                 0,                 0,   -0.001579417225,    -0.02120463513,      0.4452820986,                 0,        44.9800012,      0.0150665004
          0,           0,         487,      -10.26725958,      -9.834706337,       -10.6764823,      -10.29542065,      -14.16095602,     0.01574597947,    0.009908300743,      0.4456747692,                 0,                 0,                 0,   -0.001579734791,    -0.02120453571,       0.445280296,                 0,       44.97993962,      0.0150665004
          0,           0,         488,      -10.26954781,      -9.842937102,      -10.68374176,      -10.30220085,       -14.1689149,     0.01574597947,    0.009908274742,      0.4456729922,                 0,                 0,                 0,   -0.001580047301,     -0.0212044377,      0.4452785215,                 0,       44.97987832,      0.0150665004
          0,           0,         489,      -10.27183513,      -9.851158837,       -10.6909875,      -10.30896578,        -14.176862,     0.01574597947,    0.009908249296,       0.445671243,                 0,                 0,                 0,   -0.001580354834,    -0.02120434106,      0.4452767748,                 0,       44.97981729,      0.0150665004
          0,           0,         490,      -10.27412193,      -9.859371471,      -10.69821997,      -10.31571668,      -14.18479747,     0.01574597947,    0.009908224393,      0.4456695212,                 0,                 0,                 0,   -0.001580657471,     -0.0212042458,      0.4452750555,                 0,       44.97975657,      0.0150665004
          0,           0,         491,      -10.27640829,      -9.867574939,      -10.70543854,      -10.32245237,      -14.19272149,     0.01574597947,    0.009908200024,      0.4456678264,                 0,                 0,                 0,   -0.001580955287,    -0.02120415188,       0.445273363,                 0,       44.97969614,      0.0150665004
          0,           0,         492,      -10.27869453,      -9.875769177,      -10.71264339,      -10.32917277,      -14.20063424,     0.01574597947,    0.009908176174,       0.445666158,                 0,                 0,                 0,   -0.001581248361,     -0.0212040593,      0.4452716971,                 0,       44.97963603,      0.0150665004
          0,           0,         493,      -10.28098076,      -9.883954139,      -10.71983382,      -10.33587817,       -14.2085359,     0.01574597947,    0.009908152835,      0.4456645158,                 0,                 0,                 0,   -0.001581536766,    -0.02120396802,      0.4452700573,                 0,       44.97957624,      0.0150665004
          0,           0,         494,      -10.28326721,      -9.892129768,      -10.72700949,      -10.34256849,      -14.21642668,     0.01574597947,    0.009908129994,      0.4456628993,                 0,                 0,                 0,   -0.001581820577,    -0.02120387805,      0.4452684431,                 0,       44.97951678,      0.0150665004
          0,           0,         495,      -10.28555408,      -9.900295998,      -10.73417026,      -10.34924289,      -14.22430679,     0.01574597947,    0.009908107643,      0.4456613081,                 0,                 0,                 0,   -0.001582099866,    -0.02120378935,      0.4452668542,                 0,       44.97945765,      0.0150665004
          0,           0,         496,      -10.28784157,      -9.908452758,       -10.7413164,      -10.35590144,      -14.23217646,     0.01574597947,    0.009908085769,      0.4456597418,                 0,                 0,                 0,   -0.001582374707,    -0.02120370191,      0.4452652902,                 0,       44.97939887,      0.0150665004
          0,           0,         497,      -10.29012984,      -9.916600015,       -10.7484469,      -10.36254443,       -14.2400359,     0.01574597947,    0.009908064363,      0.4456582001,                 0,                 0,                 0,    -0.00158264517,    -0.02120361572,      0.4452637508,                 0,       44.97934044,      0.0150665004
          0,           0,         498,      -10.29241902,      -9.924737707,      -10.75556176,      -10.36917127,      -14.24788531,     0.01574597947,    0.009908043415,      0.4456566825,                 0,                 0,                 0,   -0.001582911324,    -0.02120353075,      0.4452622354,                 0,       44.97928237,      0.0150665004
          0,           0,         499,      -10.29470932,      -9.932865773,      -10.76266037,      -10.37578184,       -14.2557249,     0.01574597947,    0.009908022915,      0.4456551887,                 0,                 0,                 0,   -0.001583173238,      -0.021203447,      0.4452607438,                 0,       44.97922466,      0.0150665004
          0,           0,         500,      -10.29700089,      -9.940984174,      -10.76974258,      -10.38237607,      -14.26355484,     0.01574597947,    0.009908002854,      0.4456537183,                 0,                 0,                 0,    -0.00158343098,    -0.02120336444,      0.4452592755,                 0,       44.97916733,      0.0150665004
          0,           0,         501,      -10.29929395,      -9.949092838,       -10.7768084,      -10.38895413,      -14.27137527,     0.01574597947,    0.009907983223,      0.4456522709,                 0,                 0,                 0,   -0.001583684617,    -0.02120328306,      0.4452578303,                 0,       44.97911037,      0.0150665004
          0,           0,         502,      -10.30158854,      -9.957191716,       -10.7838571,      -10.39551521,      -14.27918633,     0.01574597947,    0.009907964011,      0.4456508462,                 0,                 0,                 0,   -0.001583934214,    -0.02120320284,      0.4452564077,                 0,       44.97905379,      0.0150665004
          0,           0,         503,      -10.30388485,      -9.965280766,      -10.79088925,      -10.40205972,      -14.28698814,     0.01574597947,    0.009907945211,      0.4456494438,                 0,                 0,                 0,   -0.001584179837,    -0.02120312377,      0.4452550074,                 0,       44.97899759,      0.0150665004
          0,           0,         504,      -10.30618301,      -9.973359921,       -10.7979031,      -10.40858719,      -14.29478081,     0.01574597947,    0.009907926813,      0.4456480633,                 0,                 0,                 0,   -0.001584421548,    -0.02120304583,      0.4452536291,                 0,       44.97894179,      0.0150665004
          0,           0,         505,      -10.30848316,      -9.981429122,      -10.80490005,      -10.41509731,      -14.30256442,     0.01574597947,    0.009907908809,      0.4456467046,                 0,                 0,                 0,   -0.001584659411,      -0.021202969,      0.4452522724,                 0,       44.97888638,      0.0150665004
          0,           0,         506,      -10.31078537,      -9.989488359,      -10.81187819,      -10.42159034,      -14.31033907,     0.01574597947,    0.009907891191,       0.445645367,                 0,                 0,                 0,   -0.001584893487,    -0.02120289328,      0.4452509369,                 0,       44.97883137,      0.0150665004
          0,           0,         507,      -10.31308994,      -9.997537525,      -10.81883771,       -10.4280656,      -14.31810485,     0.01574597947,    0.009907873949,      0.4456440505,                 0,                 0,                 0,   -0.001585123837,    -0.02120281864,      0.4452496223,                 0,       44.97877676,      0.0150665004
          0,           0,         508,       -10.3153967,      -10.00557661,      -10.82577885,      -10.43452347,      -14.32586186,     0.01574597947,    0.009907857077,      0.4456427546,                 0,                 0,                 0,   -0.001585350522,    -0.02120274507,      0.4452483284,                 0,       44.97872255,      0.0150665004
          0,           0,         509,      -10.31770603,       -10.0136055,       -10.8327009,      -10.44096332,      -14.33361019,     0.01574597947,    0.009907840566,      0.4456414789,                 0,                 0,                 0,     -0.0015855736,    -0.02120267256,      0.4452470547,                 0,       44.97866876,      0.0150665004
          0,           0,         510,      -10.32001781,       -10.0216242,      -10.83960338,      -10.44738506,      -14.34134996,     0.01574597947,    0.009907824409,      0.4456402233,                 0,                 0,                 0,   -0.001585793129,    -0.02120260109,       0.445245801,                 0,       44.97861537,      0.0150665004
          0,           0,         511,      -10.32233233,      -10.02963261,      -10.84648599,      -10.45378884,      -14.34908128,     0.01574597947,    0.009907808598,      0.4456389873,                 0,                 0,                 0,   -0.001586009166,    -0.02120253064,      0.4452445669,                 0,        44.9785624,      0.0150665004
          0,           0,         512,      -10.32464954,       -10.0376307,      -10.85334857,      -10.46017408,      -14.35680427,     0.01574597947,    0.009907793126,      0.4456377707,                 0,                 0,                 0,   -0.001586221769,    -0.02120246121,      0.4452433522,                 0,       44.97850985,      0.0150665004
          0,           0,         513,      -10.32696967,       -10.0456184,       -10.8601907,      -10.46654093,      -14.36451909,     0.01574597947,    0.009907777985,      0.4456365731,                 0,                 0,                 0,   -0.001586430991,    -0.02120239278,      0.4452421565,                 0,       44.97845771,      0.0150665004
          0,           0,         514,      -10.32929271,      -10.05359566,      -10.86701255,      -10.47288914,      -14.37222587,     0.01574597947,    0.009907763168,      0.4456353943,                 0,                 0,                 0,   -0.001586636889,    -0.02120232533,      0.4452409795,                 0,         44.978406,      0.0150665004
          0,           0,         515,      -10.33161883,      -10.06156239,      -10.87381272,       -10.4792186,      -14.37992477,     0.01574597947,    0.009907748669,      0.4456342339,                 0,                 0,                 0,   -0.001586839515,    -0.02120225885,       0.445239821,                 0,       44.97835471,      0.0150665004
          0,           0,         516,      -10.33394803,      -10.06951856,      -10.88059179,      -10.48552931,      -14.38761594,     0.01574597947,     0.00990773448,      0.4456330918,                 0,                 0,                 0,   -0.001587038922,    -0.02120219333,      0.4452386806,                 0,       44.97830384,      0.0150665004
          0,           0,         517,      -10.33628043,      -10.07746407,      -10.88734919,       -10.4918208,      -14.39529954,     0.01574597947,    0.009907720595,      0.4456319674,                 0,                 0,                 0,   -0.001587235163,    -0.02120212875,       0.445237558,                 0,       44.97825339,      0.0150665004
          0,           0,         518,      -10.33861611,      -10.08539886,      -10.89408451,      -10.49809225,      -14.40297575,     0.01574597947,    0.009907707007,      0.4456308607,                 0,                 0,                 0,   -0.001587428289,     -0.0212020651,       0.445236453,                 0,       44.97820337,      0.0150665004
          0,           0,         519,      -10.34095508,      -10.09332291,      -10.90079725,      -10.50434513,      -14.41064471,     0.01574597947,    0.009907693711,      0.4456297713,                 0,                 0,                 0,    -0.00158761835,    -0.02120200237,      0.4452353654,                 0,       44.97815378,      0.0150665004
          0,           0,         520,       -10.3432975,      -10.10123608,      -10.90748742,      -10.51057857,      -14.41830661,     0.01574597947,      0.0099076807,      0.4456286989,                 0,                 0,                 0,   -0.001587805396,    -0.02120194055,      0.4452342947,                 0,       44.97810461,      0.0150665004
          0,           0,         521,      -10.34564349,      -10.10913831,      -10.91415431,       -10.5167922,      -14.42596161,     0.01574597947,    0.009907667967,      0.4456276434,                 0,                 0,                 0,   -0.001587989475,    -0.02120187962,      0.4452332408,                 0,       44.97805587,      0.0150665004
          0,           0,         522,      -10.34799289,      -10.11702955,      -10.92079878,       -10.5229856,      -14.43360986,     0.01574597947,    0.009907655507,      0.4456266043,                 0,                 0,                 0,   -0.001588170637,    -0.02120181956,      0.4452322034,                 0,       44.97800756,      0.0150665004
          0,           0,         523,      -10.35034597,      -10.12490969,      -10.92741883,      -10.52915882,      -14.44125152,     0.01574597947,    0.009907643314,      0.4456255814,                 0,                 0,                 0,   -0.001588348927,    -0.02120176038,      0.4452311822,                 0,       44.97795967,      0.0150665004
          0,           0,         524,      -10.35270267,       -10.1327787,      -10.93401504,      -10.53531274,      -14.44888674,     0.01574597947,    0.009907631382,      0.4456245746,                 0,                 0,                 0,   -0.001588524394,    -0.02120170205,       0.445230177,                 0,       44.97791222,      0.0150665004
          0,           0,         525,      -10.35506309,      -10.14063644,      -10.94058655,      -10.54144541,      -14.45651566,     0.01574597947,    0.009907619707,      0.4456235835,                 0,                 0,                 0,   -0.001588697082,    -0.02120164456,      0.4452291874,                 0,       44.97786519,      0.0150665004
          0,           0,         526,      -10.35742732,       -10.1484828,      -10.94713383,      -10.54755785,      -14.46413843,     0.01574597947,    0.009907608281,      0.4456226079,                 0,                 0,                 0,   -0.001588867037,     -0.0212015879,      0.4452282134,                 0,       44.97781858,      0.0150665004
          0,           0,         527,      -10.35979532,      -10.15631775,      -10.95365599,      -10.55365004,      -14.47175518,     0.01574597947,      0.0099075971,      0.4456216475,                 0,                 0,                 0,   -0.001589034304,    -0.02120153206,      0.4452272546,                 0,       44.97777241,      0.0150665004
          0,           0,         528,      -10.36216722,      -10.16414117,      -10.96015238,      -10.55972142,      -14.47936606,     0.01574597947,    0.009907586158,      0.4456207021,                 0,                 0,                 0,   -0.001589198926,    -0.02120147703,      0.4452263107,                 0,       44.97772666,      0.0150665004
          0,           0,         529,      -10.36454303,      -10.17195293,       -10.9666238,      -10.56577171,      -14.48697122,     0.01574597947,    0.009907575451,      0.4456197714,                 0,                 0,                 0,   -0.001589360946,    -0.02120142279,      0.4452253816,                 0,       44.97768134,      0.0150665004
          0,           0,         530,      -10.36692273,      -10.17975298,      -10.97306883,      -10.57180075,      -14.49457083,     0.01574597947,    0.009907564973,      0.4456188553,                 0,                 0,                 0,   -0.001589520407,    -0.02120136934,       0.445224467,                 0,       44.97763644,      0.0150665004
          0,           0,         531,      -10.36930646,      -10.18754114,      -10.97948739,      -10.57780848,      -14.50216505,     0.01574597947,     0.00990755472,      0.4456179535,                 0,                 0,                 0,   -0.001589677349,    -0.02120131666,      0.4452235667,                 0,       44.97759196,      0.0150665004
          0,           0,         532,       -10.3716942,      -10.19531736,       -10.9858797,      -10.58379615,      -14.50975405,     0.01574597947,    0.009907544686,      0.4456170658,                 0,                 0,                 0,   -0.001589831815,    -0.02120126474,      0.4452226804,                 0,       44.97754791,      0.0150665004
          0,           0,         533,      -10.37408604,       -10.2030815,      -10.99224459,      -10.58976161,      -14.51733804,     0.01574597947,    0.009907534868,      0.4456161919,                 0,                 0,                 0,   -0.001589983844,    -0.02120121358,      0.4452218079,                 0,       44.97750428,      0.0150665004
          0,           0,         534,        -10.376482,      -10.21083344,      -10.99858308,      -10.59570586,      -14.52491718,     0.01574597947,    0.009907525259,      0.4456153316,                 0,                 0,                 0,   -0.001590133477,    -0.02120116315,      0.4452209491,                 0,       44.97746106,      0.0150665004
          0,           0,         535,       -10.3788821,      -10.21857303,      -11.00489338,      -10.60162809,       -14.5324917,     0.01574597947,    0.009907515857,      0.4456144847,                 0,                 0,                 0,   -0.001590280752,    -0.02120111346,      0.4452201036,                 0,       44.97741827,      0.0150665004
          0,           0,         536,      -10.38128631,      -10.22630017,      -11.01117567,      -10.60752827,      -14.54006183,     0.01574597947,    0.009907506656,       0.445613651,                 0,                 0,                 0,   -0.001590425709,    -0.02120106448,      0.4452192713,                 0,       44.97737589,      0.0150665004
          0,           0,         537,      -10.38369473,      -10.23401476,      -11.01743051,      -10.61340766,      -14.54762782,     0.01574597947,    0.009907497652,      0.4456128303,                 0,                 0,                 0,   -0.001590568384,    -0.02120101621,       0.445218452,                 0,       44.97733393,      0.0150665004
          0,           0,         538,       -10.3861074,      -10.24171658,      -11.02365598,      -10.61926419,      -14.55518996,     0.01574597947,    0.009907488841,      0.4456120224,                 0,                 0,                 0,   -0.001590708816,    -0.02120096864,      0.4452176454,                 0,       44.97729239,      0.0150665004
          0,           0,         539,      -10.38852427,       -10.2494055,      -11.02985359,      -10.62509815,      -14.56274859,     0.01574597947,    0.009907480218,       0.445611227,                 0,                 0,                 0,    -0.00159084704,    -0.02120092176,      0.4452168514,                 0,       44.97725125,      0.0150665004
          0,           0,         540,      -10.39094551,       -10.2570814,      -11.03602172,      -10.63091075,      -14.57030403,     0.01574597947,    0.009907471781,       0.445610444,                 0,                 0,                 0,   -0.001590983094,    -0.02120087556,      0.4452160697,                 0,       44.97721053,      0.0150665004
          0,           0,         541,      -10.39337093,      -10.26474414,       -11.0421605,      -10.63670126,      -14.57785664,     0.01574597947,    0.009907463523,      0.4456096732,                 0,                 0,                 0,   -0.001591117011,    -0.02120083003,      0.4452153002,                 0,       44.97717021,      0.0150665004
          0,           0,         542,      -10.39580075,      -10.27239357,      -11.04826916,       -10.6424687,      -14.58540677,     0.01574597947,    0.009907455443,      0.4456089144,                 0,                 0,                 0,   -0.001591248828,    -0.02120078516,      0.4452145426,                 0,        44.9771303,      0.0150665004
          0,           0,         543,      -10.39823487,      -10.28002937,      -11.05434836,      -10.64821279,      -14.59295473,     0.01574597947,    0.009907447536,      0.4456081673,                 0,                 0,                 0,   -0.001591378579,    -0.02120074093,      0.4452137968,                 0,       44.97709079,      0.0150665004
          0,           0,         544,      -10.40067336,      -10.28765156,       -11.0603969,      -10.65393523,      -14.60050081,     0.01574597947,    0.009907439798,      0.4456074319,                 0,                 0,                 0,   -0.001591506297,    -0.02120069735,      0.4452130626,                 0,       44.97705168,      0.0150665004
          0,           0,         545,      -10.40311618,      -10.29525989,       -11.0664152,      -10.65963505,      -14.60804528,     0.01574597947,    0.009907432226,      0.4456067078,                 0,                 0,                 0,   -0.001591632015,    -0.02120065439,      0.4452123398,                 0,       44.97701298,      0.0150665004
          0,           0,         546,      -10.40556345,      -10.30285415,      -11.07240361,      -10.66531211,      -14.61558836,     0.01574597947,    0.009907424817,       0.445605995,                 0,                 0,                 0,   -0.001591755767,    -0.02120061206,      0.4452116282,                 0,       44.97697467,      0.0150665004
          0,           0,         547,      -10.40801508,      -10.31043418,      -11.07836066,      -10.67096686,      -14.62313026,     0.01574597947,    0.009907417565,      0.4456052932,                 0,                 0,                 0,   -0.001591877583,    -0.02120057034,      0.4452109276,                 0,       44.97693675,      0.0150665004
          0,           0,         548,       -10.4104713,      -10.31799984,       -11.0842862,      -10.67659817,      -14.63067116,     0.01574597947,     0.00990741047,      0.4456046023,                 0,                 0,                 0,   -0.001591997497,    -0.02120052923,      0.4452102379,                 0,       44.97689923,      0.0150665004
          0,           0,         549,      -10.41293174,      -10.32555083,      -11.09018157,       -10.6822064,      -14.63821125,     0.01574597947,    0.009907403526,      0.4456039221,                 0,                 0,                 0,   -0.001592115539,     -0.0212004887,      0.4452095589,                 0,        44.9768621,      0.0150665004
          0,           0,         550,      -10.41539681,      -10.33308698,      -11.09604484,      -10.68779196,       -14.6457507,     0.01574597947,    0.009907396731,      0.4456032524,                 0,                 0,                 0,    -0.00159223174,    -0.02120044877,      0.4452088904,                 0,       44.97682535,      0.0150665004
          0,           0,         551,      -10.41786631,       -10.3406081,      -11.10187589,      -10.69335462,      -14.65328967,     0.01574597947,    0.009907390081,      0.4456025931,                 0,                 0,                 0,    -0.00159234613,    -0.02120040941,      0.4452082322,                 0,       44.97678899,      0.0150665004
          0,           0,         552,      -10.42034028,      -10.34811398,      -11.10767522,      -10.69889402,      -14.66082833,     0.01574597947,    0.009907383574,       0.445601944,                 0,                 0,                 0,   -0.001592458739,    -0.02120037062,      0.4452075842,                 0,       44.97675301,      0.0150665004
          0,           0,         553,      -10.42281875,      -10.35560437,      -11.11344351,      -10.70441067,      -14.66836685,     0.01574597947,    0.009907377206,      0.4456013049,                 0,                 0,                 0,   -0.001592569595,    -0.02120033239,      0.4452069463,                 0,       44.97671742,      0.0150665004
          0,           0,         554,      -10.42530173,      -10.36307903,      -11.11917859,      -10.70990357,       -14.6759054,     0.01574597947,    0.009907370975,      0.4456006757,                 0,                 0,                 0,   -0.001592678728,    -0.02120029472,      0.4452063181,                 0,       44.97668219,      0.0150665004
          0,           0,         555,      -10.42778917,      -10.37053778,      -11.12488049,      -10.71537325,      -14.68344415,     0.01574597947,    0.009907364877,      0.4456000562,                 0,                 0,                 0,   -0.001592786166,    -0.02120025759,      0.4452056997,                 0,       44.97664735,      0.0150665004
          0,           0,         556,      -10.43028117,       -10.3779803,      -11.13055044,      -10.72081984,      -14.69098328,     0.01574597947,     0.00990735891,      0.4455994463,                 0,                 0,                 0,   -0.001592891937,    -0.02120022099,      0.4452050908,                 0,       44.97661287,      0.0150665004
          0,           0,         557,      -10.43277775,      -10.38540638,      -11.13618775,      -10.72624312,      -14.69852296,     0.01574597947,     0.00990735307,      0.4455988457,                 0,                 0,                 0,   -0.001592996067,    -0.02120018493,      0.4452044914,                 0,       44.97657877,      0.0150665004
          0,           0,         558,      -10.43527876,      -10.39281581,      -11.14179185,      -10.73164288,      -14.70606337,     0.01574597947,    0.009907347355,      0.4455982544,                 0,                 0,                 0,   -0.001593098584,    -0.02120014938,      0.4452039011,                 0,       44.97654503,      0.0150665004
          0,           0,         559,      -10.43778445,      -10.40020822,      -11.14736302,      -10.73701868,      -14.71360469,     0.01574597947,    0.009907341763,      0.4455976723,                 0,                 0,                 0,   -0.001593199514,    -0.02120011435,        0.44520332,                 0,       44.97651165,      0.0150665004
          0,           0,         560,       -10.4402946,      -10.40758348,      -11.15290112,      -10.74237219,      -14.72114711,     0.01574597947,    0.009907336291,       0.445597099,                 0,                 0,                 0,   -0.001593298883,    -0.02120007982,      0.4452027477,                 0,       44.97647864,      0.0150665004
          0,           0,         561,      -10.44280936,      -10.41494122,      -11.15840506,      -10.74770227,       -14.7286908,     0.01574597947,    0.009907330936,      0.4455965346,                 0,                 0,                 0,   -0.001593396716,    -0.02120004579,      0.4452021843,                 0,       44.97644598,      0.0150665004
          0,           0,         562,       -10.4453287,      -10.42228117,      -11.16387732,      -10.75300797,      -14.73623593,     0.01574597947,    0.009907325695,      0.4455959789,                 0,                 0,                 0,   -0.001593493039,    -0.02120001225,      0.4452016296,                 0,       44.97641368,      0.0150665004
          0,           0,         563,      -10.44785253,      -10.42960315,      -11.16931469,      -10.75829154,      -14.74378268,     0.01574597947,    0.009907320567,      0.4455954317,                 0,                 0,                 0,   -0.001593587877,     -0.0211999792,      0.4452010834,                 0,       44.97638172,      0.0150665004
          0,           0,         564,      -10.45038097,      -10.43690675,      -11.17471929,      -10.76355127,      -14.75133121,     0.01574597947,    0.009907315549,      0.4455948929,                 0,                 0,                 0,   -0.001593681252,    -0.02119994662,      0.4452005455,                 0,       44.97635012,      0.0150665004
          0,           0,         565,      -10.45291414,       -10.4441918,      -11.18009045,      -10.76878897,       -14.7588817,     0.01574597947,    0.009907310638,      0.4455943624,                 0,                 0,                 0,   -0.001593773191,    -0.02119991451,      0.4452000159,                 0,       44.97631886,      0.0150665004
          0,           0,         566,      -10.45545172,       -10.4514578,      -11.18542866,      -10.77400206,      -14.76643434,     0.01574597947,    0.009907305833,      0.4455938399,                 0,                 0,                 0,   -0.001593863715,    -0.02119988286,      0.4451994945,                 0,       44.97628795,      0.0150665004
          0,           0,         567,      -10.45799399,      -10.45870471,       -11.1907313,       -10.7791925,      -14.77398929,     0.01574597947,     0.00990730113,      0.4455933255,                 0,                 0,                 0,   -0.001593952848,    -0.02119985167,       0.445198981,                 0,       44.97625738,      0.0150665004
          0,           0,         568,      -10.46054078,      -10.46593201,      -11.19600306,      -10.78436021,      -14.78154673,     0.01574597947,    0.009907296528,       0.445592819,                 0,                 0,                 0,   -0.001594040613,    -0.02119982093,      0.4451984754,                 0,       44.97622714,      0.0150665004
          0,           0,         569,      -10.46309219,      -10.47313953,      -11.20123949,      -10.78950485,      -14.78910682,     0.01574597947,    0.009907292025,      0.4455923202,                 0,                 0,                 0,   -0.001594127032,    -0.02119979063,      0.4451979775,                 0,       44.97619724,      0.0150665004
          0,           0,         570,      -10.46564826,      -10.48032681,      -11.20644404,      -10.79462551,      -14.79666973,     0.01574597947,    0.009907287618,      0.4455918291,                 0,                 0,                 0,   -0.001594212127,    -0.02119976076,      0.4451974872,                 0,       44.97616767,      0.0150665004
          0,           0,         571,      -10.46820896,      -10.48749367,      -11.21161388,      -10.79972446,      -14.80423559,     0.01574597947,    0.009907283306,      0.4455913454,                 0,                 0,                 0,    -0.00159429592,    -0.02119973133,      0.4451970044,                 0,       44.97613843,      0.0150665004
          0,           0,         572,      -10.47077427,       -10.4946396,      -11.21675058,      -10.80479827,      -14.81180456,     0.01574597947,    0.009907279086,      0.4455908691,                 0,                 0,                 0,   -0.001594378432,    -0.02119970231,       0.445196529,                 0,       44.97610951,      0.0150665004
          0,           0,         573,      -10.47334409,      -10.50176447,      -11.22185427,      -10.80985088,      -14.81937676,     0.01574597947,    0.009907274957,      0.4455904001,                 0,                 0,                 0,   -0.001594459684,    -0.02119967371,      0.4451960609,                 0,       44.97608092,      0.0150665004
          0,           0,         574,       -10.4759186,      -10.50886785,      -11.22692402,      -10.81488046,      -14.82695232,     0.01574597947,    0.009907270916,      0.4455899383,                 0,                 0,                 0,   -0.001594539696,    -0.02119964553,      0.4451955999,                 0,       44.97605264,      0.0150665004
          0,           0,         575,      -10.47849773,      -10.51594947,      -11.23196077,      -10.81988847,      -14.83453138,     0.01574597947,    0.009907266962,      0.4455894834,                 0,                 0,                 0,   -0.001594618489,    -0.02119961774,      0.4451951459,                 0,       44.97602468,      0.0150665004
          0,           0,         576,      -10.48108138,      -10.52300882,      -11.23696395,      -10.82487255,      -14.84211405,     0.01574597947,    0.009907263093,      0.4455890355,                 0,                 0,                 0,   -0.001594696082,    -0.02119959036,      0.4451946988,                 0,       44.97599704,      0.0150665004
          0,           0,         577,      -10.48366973,      -10.53004571,      -11.24193407,      -10.82983364,      -14.84970046,     0.01574597947,    0.009907259306,      0.4455885944,                 0,                 0,                 0,   -0.001594772495,    -0.02119956337,      0.4451942585,                 0,       44.97596971,      0.0150665004
          0,           0,         578,      -10.48626278,      -10.53705963,      -11.24687346,      -10.83477348,      -14.85729074,     0.01574597947,    0.009907255601,        0.44558816,                 0,                 0,                 0,   -0.001594847747,    -0.02119953676,      0.4451938249,                 0,       44.97594268,      0.0150665004
          0,           0,         579,       -10.4888604,      -10.54405043,      -11.25177884,      -10.83969005,        -14.864885,     0.01574597947,    0.009907251976,      0.4455877322,                 0,                 0,                 0,   -0.001594921857,    -0.02119951054,      0.4451933979,                 0,       44.97591596,      0.0150665004
          0,           0,         580,       -10.4914626,       -10.5510177,      -11.25665164,      -10.84458531,      -14.87248336,     0.01574597947,    0.009907248428,      0.4455873109,                 0,                 0,                 0,   -0.001594994844,    -0.02119948469,      0.4451929773,                 0,       44.97588954,      0.0150665004
          0,           0,         581,      -10.49406944,      -10.55796112,      -11.26149215,      -10.84945939,      -14.88008591,     0.01574597947,    0.009907244956,       0.445586896,                 0,                 0,                 0,   -0.001595066725,     -0.0211994592,      0.4451925632,                 0,       44.97586342,      0.0150665004
          0,           0,         582,      -10.49668103,      -10.56488004,      -11.26630084,      -10.85430922,      -14.88769277,     0.01574597947,    0.009907241559,      0.4455864873,                 0,                 0,                 0,    -0.00159513752,    -0.02119943409,      0.4451921553,                 0,       44.97583759,      0.0150665004
          0,           0,         583,      -10.49929705,      -10.57177448,      -11.27107567,      -10.85913877,      -14.89530404,     0.01574597947,    0.009907238235,      0.4455860849,                 0,                 0,                 0,   -0.001595207244,    -0.02119940933,      0.4451917536,                 0,       44.97581206,      0.0150665004
          0,           0,         584,      -10.50191777,      -10.57864383,      -11.27581994,      -10.86394527,       -14.9029198,     0.01574597947,    0.009907234982,      0.4455856885,                 0,                 0,                 0,   -0.001595275917,    -0.02119938492,      0.4451913579,                 0,       44.97578682,      0.0150665004
          0,           0,         585,      -10.50454316,      -10.58548782,      -11.28053289,      -10.86873087,      -14.91054016,     0.01574597947,    0.009907231799,      0.4455852981,                 0,                 0,                 0,   -0.001595343554,    -0.02119936087,      0.4451909683,                 0,       44.97576186,      0.0150665004
          0,           0,         586,      -10.50717307,      -10.59230602,       -11.2852163,      -10.87349501,      -14.91816519,     0.01574597947,    0.009907228685,      0.4455849136,                 0,                 0,                 0,   -0.001595410173,    -0.02119933715,      0.4451905845,                 0,       44.97573719,      0.0150665004
          0,           0,         587,      -10.50980772,      -10.59909826,      -11.28986433,      -10.87823893,      -14.92579497,     0.01574597947,    0.009907225637,      0.4455845349,                 0,                 0,                 0,    -0.00159547579,    -0.02119931378,      0.4451902065,                 0,        44.9757128,      0.0150665004
          0,           0,         588,      -10.51244697,      -10.60586403,      -11.29448415,      -10.88296144,      -14.93342958,     0.01574597947,    0.009907222655,      0.4455841619,                 0,                 0,                 0,   -0.001595540421,    -0.02119929073,      0.4451898342,                 0,       44.97568869,      0.0150665004
          0,           0,         589,      -10.51509078,       -10.6126029,      -11.29907364,      -10.88766216,      -14.94106909,     0.01574597947,    0.009907219737,      0.4455837945,                 0,                 0,                 0,   -0.001595604082,    -0.02119926802,      0.4451894675,                 0,       44.97566486,      0.0150665004
          0,           0,         590,      -10.51773931,       -10.6193146,      -11.30363089,       -10.8923417,      -14.94871358,     0.01574597947,    0.009907216882,      0.4455834327,                 0,                 0,                 0,   -0.001595666789,    -0.02119924562,      0.4451891064,                 0,       44.97564129,      0.0150665004
          0,           0,         591,      -10.52039253,      -10.62599873,      -11.30815953,      -10.89700148,       -14.9563631,     0.01574597947,    0.009907214088,      0.4455830763,                 0,                 0,                 0,   -0.001595728557,    -0.02119922355,      0.4451887506,                 0,         44.975618,      0.0150665004
          0,           0,         592,      -10.52305012,      -10.63265494,      -11.31266003,      -10.90164029,      -14.96401772,     0.01574597947,    0.009907211355,      0.4455827252,                 0,                 0,                 0,   -0.001595789402,    -0.02119920179,      0.4451884002,                 0,       44.97559498,      0.0150665004
          0,           0,         593,      -10.52571246,      -10.63928278,       -11.3171289,      -10.90625731,      -14.97167748,     0.01574597947,     0.00990720868,      0.4455823794,                 0,                 0,                 0,   -0.001595849338,    -0.02119918033,      0.4451880551,                 0,       44.97557222,      0.0150665004
          0,           0,         594,      -10.52837931,      -10.64588215,      -11.32156904,      -10.91085619,      -14.97934244,     0.01574597947,    0.009907206063,      0.4455820388,                 0,                 0,                 0,    -0.00159590838,    -0.02119915919,      0.4451877151,                 0,       44.97554972,      0.0150665004
          0,           0,         595,      -10.53105079,      -10.65245247,       -11.3259801,      -10.91543435,      -14.98701264,     0.01574597947,    0.009907203502,      0.4455817033,                 0,                 0,                 0,   -0.001595966541,    -0.02119913834,      0.4451873803,                 0,       44.97552748,      0.0150665004
          0,           0,         596,      -10.53372697,      -10.65899366,      -11.33036194,        -10.919994,      -14.99468813,     0.01574597947,    0.009907200997,      0.4455813728,                 0,                 0,                 0,   -0.001596023837,    -0.02119911778,      0.4451870504,                 0,       44.97550549,      0.0150665004
          0,           0,         597,      -10.53640772,      -10.66550493,       -11.3347176,      -10.92453242,      -15.00236893,     0.01574597947,    0.009907198545,      0.4455810473,                 0,                 0,                 0,   -0.001596080282,    -0.02119909752,      0.4451867255,                 0,       44.97548376,      0.0150665004
          0,           0,         598,      -10.53909302,      -10.67198643,      -11.33904376,       -10.9290519,      -15.01005509,     0.01574597947,    0.009907196147,      0.4455807266,                 0,                 0,                 0,   -0.001596135889,    -0.02119907754,      0.4451864054,                 0,       44.97546228,      0.0150665004
          0,           0,         599,      -10.54178305,      -10.67843761,      -11.34334126,      -10.93355156,      -15.01774664,     0.01574597947,      0.0099071938,      0.4455804107,                 0,                 0,                 0,   -0.001596190671,    -0.02119905785,      0.4451860901,                 0,       44.97544105,      0.0150665004
          0,           0,         600,      -10.54447752,      -10.68485806,      -11.34761622,      -10.93803279,      -15.02544358,     0.01574597947,    0.009907191504,      0.4455800995,                 0,                 0,                 0,   -0.001596244641,    -0.02119903843,      0.4451857795,                 0,       44.97542006,      0.0150665004
          0,           0,         601,      -10.54717667,      -10.69124743,       -11.3518613,      -10.94249445,      -15.03314596,     0.01574597947,    0.009907189257,       0.445579793,                 0,                 0,                 0,   -0.001596297813,    -0.02119901929,      0.4451854736,                 0,       44.97539932,      0.0150665004
          0,           0,         602,      -10.54988036,      -10.69760556,      -11.35607962,      -10.94693621,      -15.04085377,     0.01574597947,    0.009907187059,       0.445579491,                 0,                 0,                 0,   -0.001596350199,    -0.02119900042,      0.4451851722,                 0,       44.97537882,      0.0150665004
          0,           0,         603,       -10.5525886,      -10.70393204,      -11.36027106,      -10.95136217,      -15.04856704,     0.01574597947,    0.009907184909,      0.4455791935,                 0,                 0,                 0,   -0.001596401812,    -0.02119898181,      0.4451848753,                 0,       44.97535855,      0.0150665004
          0,           0,         604,      -10.55530149,      -10.71022667,      -11.36443915,       -10.9557687,      -15.05628576,     0.01574597947,    0.009907182805,      0.4455789004,                 0,                 0,                 0,   -0.001596452665,    -0.02119896346,      0.4451845828,                 0,       44.97533852,      0.0150665004
          0,           0,         605,      -10.55801894,      -10.71648923,      -11.36858206,      -10.96015937,      -15.06400995,     0.01574597947,    0.009907180746,      0.4455786117,                 0,                 0,                 0,   -0.001596502768,    -0.02119894538,      0.4451842946,                 0,       44.97531872,      0.0150665004
          0,           0,         606,      -10.56074088,      -10.72271934,      -11.37269913,      -10.96452971,       -15.0717396,     0.01574597947,    0.009907178733,      0.4455783273,                 0,                 0,                 0,   -0.001596552135,    -0.02119892754,      0.4451840107,                 0,       44.97529915,      0.0150665004
          0,           0,         607,      -10.56346742,      -10.72891637,      -11.37679156,      -10.96888136,      -15.07947471,     0.01574597947,    0.009907176762,       0.445578047,                 0,                 0,                 0,   -0.001596600777,    -0.02119890996,       0.445183731,                 0,       44.97527981,      0.0150665004
          0,           0,         608,       -10.5661984,      -10.73508074,      -11.38085855,       -10.9732172,      -15.08721527,     0.01574597947,    0.009907174835,      0.4455777709,                 0,                 0,                 0,   -0.001596648706,    -0.02119889263,      0.4451834555,                 0,       44.97526069,      0.0150665004
          0,           0,         609,      -10.56893419,      -10.74121177,      -11.38490391,      -10.97753532,      -15.09496126,     0.01574597947,    0.009907172949,       0.445577499,                 0,                 0,                 0,   -0.001596695932,    -0.02119887553,       0.445183184,                 0,        44.9752418,      0.0150665004
          0,           0,         610,      -10.57167429,      -10.74730921,      -11.38892736,       -10.9818352,      -15.10271268,     0.01574597947,    0.009907171105,       0.445577231,                 0,                 0,                 0,   -0.001596742467,    -0.02119885868,      0.4451829166,                 0,       44.97522313,      0.0150665004
          0,           0,         611,      -10.57441895,      -10.75337296,      -11.39292507,      -10.98612019,       -15.1104695,     0.01574597947,      0.0099071693,       0.445576967,                 0,                 0,                 0,   -0.001596788322,    -0.02119884206,       0.445182653,                 0,       44.97520467,      0.0150665004
          0,           0,         612,      -10.57716822,      -10.75940245,      -11.39690195,      -10.99038729,       -15.1182317,     0.01574597947,    0.009907167534,      0.4455767068,                 0,                 0,                 0,   -0.001596833508,    -0.02119882568,      0.4451823934,                 0,       44.97518643,      0.0150665004
          0,           0,         613,       -10.5799219,      -10.76539815,      -11.40085406,      -10.99463863,      -15.12599925,     0.01574597947,    0.009907165807,      0.4455764505,                 0,                 0,                 0,   -0.001596878035,    -0.02119880952,      0.4451821376,                 0,        44.9751684,      0.0150665004
          0,           0,         614,      -10.58268022,       -10.7713592,      -11.40478626,      -10.99887278,      -15.13377213,     0.01574597947,    0.009907164118,       0.445576198,                 0,                 0,                 0,   -0.001596921913,    -0.02119879359,      0.4451818856,                 0,       44.97515058,      0.0150665004
          0,           0,         615,      -10.58544283,      -10.77728608,      -11.40869677,      -11.00309295,      -15.14155028,     0.01574597947,    0.009907162465,      0.4455759492,                 0,                 0,                 0,   -0.001596965154,    -0.02119877789,      0.4451816373,                 0,       44.97513297,      0.0150665004
          0,           0,         616,      -10.58821014,      -10.78317748,      -11.41258815,      -11.00729424,      -15.14933369,     0.01574597947,    0.009907160849,       0.445575704,                 0,                 0,                 0,   -0.001597007766,     -0.0211987624,      0.4451813926,                 0,       44.97511556,      0.0150665004
          0,           0,         617,      -10.59098173,      -10.78903435,       -11.4164569,       -11.0114819,       -15.1571223,     0.01574597947,    0.009907159267,      0.4455754625,                 0,                 0,                 0,    -0.00159704976,    -0.02119874712,      0.4451811515,                 0,       44.97509836,      0.0150665004
          0,           0,         618,        -10.593758,      -10.79485618,      -11.42030646,       -11.0156552,      -15.16491607,     0.01574597947,    0.009907157721,      0.4455752245,                 0,                 0,                 0,   -0.001597091145,    -0.02119873206,       0.445180914,                 0,       44.97508135,      0.0150665004
          0,           0,         619,       -10.5965387,      -10.80064297,      -11.42413674,      -11.01981128,      -15.17271495,     0.01574597947,    0.009907156208,      0.4455749899,                 0,                 0,                 0,   -0.001597131932,    -0.02119871721,      0.4451806799,                 0,       44.97506455,      0.0150665004
          0,           0,         620,      -10.59932373,      -10.80639385,      -11.42794857,      -11.02395152,      -15.18051889,     0.01574597947,    0.009907154728,      0.4455747589,                 0,                 0,                 0,   -0.001597172129,    -0.02119870257,      0.4451804493,                 0,       44.97504794,      0.0150665004
          0,           0,         621,      -10.60211326,      -10.81210978,       -11.4317391,      -11.02807818,      -15.18832784,     0.01574597947,     0.00990715328,      0.4455745311,                 0,                 0,                 0,   -0.001597211746,    -0.02119868813,      0.4451802221,                 0,       44.97503153,      0.0150665004
          0,           0,         622,      -10.60490728,      -10.81779035,      -11.43551218,      -11.03219353,      -15.19614173,     0.01574597947,    0.009907151864,      0.4455743068,                 0,                 0,                 0,   -0.001597250791,    -0.02119867389,      0.4451799981,                 0,       44.97501531,      0.0150665004
          0,           0,         623,      -10.60770563,      -10.82343485,      -11.43926917,      -11.03629043,       -15.2039605,     0.01574597947,    0.009907150479,      0.4455740856,                 0,                 0,                 0,   -0.001597289274,    -0.02119865985,      0.4451797775,                 0,       44.97499928,      0.0150665004
          0,           0,         624,      -10.61050832,      -10.82904396,      -11.44300505,      -11.04037372,      -15.21178409,     0.01574597947,    0.009907149125,      0.4455738678,                 0,                 0,                 0,   -0.001597327204,      -0.021198646,        0.44517956,                 0,       44.97498343,      0.0150665004
          0,           0,         625,      -10.61331563,      -10.83461703,       -11.4467246,      -11.04444326,      -15.21961243,     0.01574597947,      0.0099071478,      0.4455736531,                 0,                 0,                 0,   -0.001597364589,    -0.02119863234,      0.4451793457,                 0,       44.97496778,      0.0150665004
          0,           0,         626,      -10.61612714,      -10.84015436,      -11.45042769,      -11.04849946,      -15.22744545,     0.01574597947,    0.009907146504,      0.4455734415,                 0,                 0,                 0,   -0.001597401437,    -0.02119861888,      0.4451791346,                 0,        44.9749523,      0.0150665004
          0,           0,         627,       -10.6189432,      -10.84565587,      -11.45411608,      -11.05254271,      -15.23528308,     0.01574597947,    0.009907145237,       0.445573233,                 0,                 0,                 0,   -0.001597437757,     -0.0211986056,      0.4451789265,                 0,       44.97493701,      0.0150665004
          0,           0,         628,       -10.6217634,      -10.85112234,      -11.45778502,      -11.05657478,      -15.24312523,     0.01574597947,    0.009907143998,      0.4455730275,                 0,                 0,                 0,   -0.001597473558,     -0.0211985925,      0.4451787214,                 0,       44.97492189,      0.0150665004
          0,           0,         629,      -10.62458804,      -10.85655204,      -11.46144225,      -11.06058986,      -15.25097182,     0.01574597947,    0.009907142786,       0.445572825,                 0,                 0,                 0,   -0.001597508846,    -0.02119857958,      0.4451785193,                 0,       44.97490695,      0.0150665004
          0,           0,         630,      -10.62741701,      -10.86194656,      -11.46507985,       -11.0645928,      -15.25882278,     0.01574597947,    0.009907141601,      0.4455726254,                 0,                 0,                 0,   -0.001597543631,    -0.02119856684,      0.4451783202,                 0,       44.97489219,      0.0150665004
          0,           0,         631,      -10.63025045,      -10.86730515,      -11.46870556,      -11.06858463,      -15.26667801,     0.01574597947,    0.009907140442,      0.4455724288,                 0,                 0,                 0,    -0.00159757792,    -0.02119855428,      0.4451781239,                 0,        44.9748776,      0.0150665004
          0,           0,         632,      -10.63308794,      -10.87262784,      -11.47231622,      -11.07256115,      -15.27453742,     0.01574597947,    0.009907139309,      0.4455722349,                 0,                 0,                 0,    -0.00159761172,    -0.02119854189,      0.4451779305,                 0,       44.97486318,      0.0150665004
          0,           0,         633,      -10.63592969,      -10.87791559,      -11.47591112,      -11.07652897,      -15.28240093,     0.01574597947,      0.0099071382,      0.4455720439,                 0,                 0,                 0,   -0.001597645039,    -0.02119852967,      0.4451777398,                 0,       44.97484893,      0.0150665004
          0,           0,         634,      -10.63877592,      -10.88316712,      -11.47949291,      -11.08048165,      -15.29026844,     0.01574597947,    0.009907137117,      0.4455718557,                 0,                 0,                 0,   -0.001597677885,    -0.02119851762,       0.445177552,                 0,       44.97483485,      0.0150665004
          0,           0,         635,       -10.6416263,       -10.8883838,      -11.48306122,      -11.08442509,      -15.29813986,     0.01574597947,    0.009907136057,      0.4455716701,                 0,                 0,                 0,   -0.001597710265,    -0.02119850574,      0.4451773668,                 0,       44.97482093,      0.0150665004
          0,           0,         636,      -10.64448109,      -10.89356502,      -11.48661778,      -11.08835626,      -15.30601507,     0.01574597947,    0.009907135021,      0.4455714873,                 0,                 0,                 0,   -0.001597742185,    -0.02119849401,      0.4451771843,                 0,       44.97480718,      0.0150665004
          0,           0,         637,      -10.64734009,      -10.89871101,      -11.49016085,      -11.09227565,      -15.31389398,     0.01574597947,    0.009907134008,       0.445571307,                 0,                 0,                 0,   -0.001597773654,    -0.02119848245,      0.4451770044,                 0,       44.97479359,      0.0150665004
          0,           0,         638,       -10.6502031,      -10.90382177,       -11.4936903,      -11.09618314,       -15.3217765,     0.01574597947,    0.009907133017,      0.4455711294,                 0,                 0,                 0,   -0.001597804678,    -0.02119847105,      0.4451768272,                 0,       44.97478015,      0.0150665004
          0,           0,         639,       -10.6530705,      -10.90889807,      -11.49720579,      -11.10008195,       -15.3296625,     0.01574597947,    0.009907132049,      0.4455709543,                 0,                 0,                 0,   -0.001597835264,     -0.0211984598,      0.4451766524,                 0,       44.97476688,      0.0150665004
          0,           0,         640,      -10.65594188,      -10.91393928,       -11.5007148,      -11.10396702,      -15.33755188,     0.01574597947,    0.009907131102,      0.4455707817,                 0,                 0,                 0,   -0.001597865418,    -0.02119844871,      0.4451764802,                 0,       44.97475376,      0.0150665004
          0,           0,         641,       -10.6588176,      -10.91894654,      -11.50420861,      -11.10784212,      -15.34544452,     0.01574597947,    0.009907130176,      0.4455706116,                 0,                 0,                 0,   -0.001597895147,    -0.02119843777,      0.4451763105,                 0,       44.97474079,      0.0150665004
          0,           0,         642,      -10.66169751,      -10.92391901,      -11.50769161,      -11.11170923,      -15.35334032,     0.01574597947,    0.009907129271,       0.445570444,                 0,                 0,                 0,   -0.001597924458,    -0.02119842697,      0.4451761432,                 0,       44.97472798,      0.0150665004
          0,           0,         643,      -10.66458142,      -10.92885783,      -11.51116528,      -11.11556331,      -15.36123916,     0.01574597947,    0.009907128386,      0.4455702787,                 0,                 0,                 0,   -0.001597953357,    -0.02119841633,      0.4451759783,                 0,       44.97471531,      0.0150665004
          0,           0,         644,      -10.66746938,      -10.93376251,      -11.51462792,      -11.11940839,      -15.36914093,     0.01574597947,    0.009907127521,      0.4455701158,                 0,                 0,                 0,    -0.00159798185,    -0.02119840583,      0.4451758157,                 0,        44.9747028,      0.0150665004
          0,           0,         645,      -10.67036166,      -10.93863372,      -11.51808142,      -11.12324236,      -15.37704551,     0.01574597947,    0.009907126676,      0.4455699553,                 0,                 0,                 0,   -0.001598009943,    -0.02119839547,      0.4451756555,                 0,       44.97469043,      0.0150665004
          0,           0,         646,      -10.67325791,      -10.94347152,        -11.521522,      -11.12706611,      -15.38495276,     0.01574597947,     0.00990712585,       0.445569797,                 0,                 0,                 0,   -0.001598037644,    -0.02119838526,      0.4451754976,                 0,       44.97467821,      0.0150665004
          0,           0,         647,      -10.67615813,      -10.94827636,      -11.52495352,      -11.13088121,      -15.39286258,     0.01574597947,    0.009907125042,       0.445569641,                 0,                 0,                 0,   -0.001598064956,    -0.02119837518,      0.4451753419,                 0,       44.97466613,      0.0150665004
          0,           0,         648,      -10.67906259,      -10.95304813,      -11.52838023,      -11.13468621,      -15.40077483,     0.01574597947,    0.009907124252,      0.4455694872,                 0,                 0,                 0,   -0.001598091887,    -0.02119836524,      0.4451751884,                 0,       44.97465419,      0.0150665004
          0,           0,         649,      -10.68197095,      -10.95778756,      -11.53179369,      -11.13848304,      -15.40868939,     0.01574597947,     0.00990712348,      0.4455693357,                 0,                 0,                 0,   -0.001598118442,    -0.02119835544,      0.4451750371,                 0,       44.97464239,      0.0150665004
          0,           0,         650,      -10.68488327,      -10.96249448,      -11.53519924,      -11.14227056,      -15.41660613,     0.01574597947,    0.009907122726,      0.4455691862,                 0,                 0,                 0,   -0.001598144627,    -0.02119834577,       0.445174888,                 0,       44.97463073,      0.0150665004
          0,           0,         651,       -10.6877996,      -10.96716989,      -11.53859744,      -11.14604875,      -15.42452492,     0.01574597947,    0.009907121989,      0.4455690389,                 0,                 0,                 0,   -0.001598170448,    -0.02119833623,       0.445174741,                 0,       44.97461921,      0.0150665004
          0,           0,         652,      -10.69071999,      -10.97181354,      -11.54198727,      -11.14981815,      -15.43244563,     0.01574597947,    0.009907121268,      0.4455688937,                 0,                 0,                 0,   -0.001598195909,    -0.02119832682,      0.4451745961,                 0,       44.97460782,      0.0150665004
          0,           0,         653,      -10.69364403,      -10.97642537,      -11.54536903,      -11.15357725,      -15.44036812,     0.01574597947,    0.009907120564,      0.4455687505,                 0,                 0,                 0,   -0.001598221017,    -0.02119831753,      0.4451744533,                 0,       44.97459657,      0.0150665004
          0,           0,         654,       -10.6965722,      -10.98100722,      -11.54874219,      -11.15733329,      -15.44829228,     0.01574597947,    0.009907119876,      0.4455686094,                 0,                 0,                 0,   -0.001598245776,    -0.02119830837,      0.4451743124,                 0,       44.97458545,      0.0150665004
          0,           0,         655,      -10.69950434,      -10.98555771,      -11.55211077,      -11.16107661,      -15.45621795,     0.01574597947,    0.009907119203,      0.4455684703,                 0,                 0,                 0,   -0.001598270193,    -0.02119829934,      0.4451741736,                 0,       44.97457446,      0.0150665004
          0,           0,         656,      -10.70244037,      -10.99007914,      -11.55546894,      -11.16481639,        -15.464145,     0.01574597947,    0.009907118546,      0.4455683331,                 0,                 0,                 0,   -0.001598294271,    -0.02119829043,      0.4451740367,                 0,        44.9745636,      0.0150665004
          0,           0,         657,      -10.70538024,       -10.9945702,      -11.55882215,      -11.16854516,       -15.4720733,     0.01574597947,    0.009907117904,      0.4455681979,                 0,                 0,                 0,   -0.001598318016,    -0.02119828164,      0.4451739018,                 0,       44.97455286,      0.0150665004
          0,           0,         658,      -10.70832388,       -10.9990313,      -11.56216845,      -11.17226479,       -15.4800027,     0.01574597947,    0.009907117277,      0.4455680646,                 0,                 0,                 0,   -0.001598341434,    -0.02119827296,      0.4451737688,                 0,       44.97454226,      0.0150665004
          0,           0,         659,      -10.71127155,      -11.00346367,      -11.56550886,      -11.17597822,      -15.48793307,     0.01574597947,    0.009907116664,      0.4455679332,                 0,                 0,                 0,   -0.001598364529,    -0.02119826441,      0.4451736376,                 0,       44.97453177,      0.0150665004
          0,           0,         660,      -10.71422263,      -11.00786752,      -11.56884215,      -11.17968247,      -15.49586429,     0.01574597947,    0.009907116065,      0.4455678036,                 0,                 0,                 0,   -0.001598387305,    -0.02119825597,      0.4451735083,                 0,       44.97452141,      0.0150665004
          0,           0,         661,      -10.71717777,       -11.0122427,      -11.57216763,      -11.18338181,      -15.50379618,     0.01574597947,     0.00990711548,      0.4455676759,                 0,                 0,                 0,   -0.001598409768,    -0.02119824764,      0.4451733808,                 0,       44.97451117,      0.0150665004
          0,           0,         662,      -10.72013651,      -11.01659019,      -11.57548915,       -11.1870721,      -15.51172862,     0.01574597947,    0.009907114909,      0.4455675499,                 0,                 0,                 0,   -0.001598431923,    -0.02119823942,      0.4451732552,                 0,       44.97450106,      0.0150665004
          0,           0,         663,      -10.72309901,      -11.02090985,      -11.57880729,      -11.19075539,      -15.51966147,     0.01574597947,     0.00990711435,      0.4455674257,                 0,                 0,                 0,   -0.001598453773,    -0.02119823132,      0.4451731312,                 0,       44.97449106,      0.0150665004
          0,           0,         664,      -10.72606523,      -11.02520283,      -11.58211837,      -11.19443525,      -15.52759458,     0.01574597947,    0.009907113805,      0.4455673033,                 0,                 0,                 0,   -0.001598475323,    -0.02119822332,      0.4451730091,                 0,       44.97448117,      0.0150665004
          0,           0,         665,       -10.7290352,      -11.02946905,      -11.58542604,      -11.19810313,      -15.53552781,     0.01574597947,    0.009907113272,      0.4455671826,                 0,                 0,                 0,   -0.001598496579,    -0.02119821543,      0.4451728886,                 0,       44.97447141,      0.0150665004
          0,           0,         666,      -10.73200881,      -11.03370855,      -11.58872673,      -11.20176817,      -15.54346102,     0.01574597947,    0.009907112752,      0.4455670636,                 0,                 0,                 0,   -0.001598517544,    -0.02119820765,      0.4451727698,                 0,       44.97446176,      0.0150665004
          0,           0,         667,      -10.73498596,      -11.03792298,      -11.59202294,      -11.20542644,      -15.55139405,     0.01574597947,    0.009907112243,      0.4455669462,                 0,                 0,                 0,   -0.001598538222,    -0.02119819997,      0.4451726527,                 0,       44.97445222,      0.0150665004
          0,           0,         668,      -10.73796696,      -11.04211132,      -11.59531684,      -11.20907737,      -15.55932678,     0.01574597947,    0.009907111747,      0.4455668305,                 0,                 0,                 0,   -0.001598558619,    -0.02119819239,      0.4451725373,                 0,       44.97444279,      0.0150665004
          0,           0,         669,      -10.74095128,      -11.04627498,      -11.59860463,      -11.21272328,      -15.56725904,     0.01574597947,    0.009907111262,      0.4455667164,                 0,                 0,                 0,   -0.001598578737,    -0.02119818492,      0.4451724234,                 0,       44.97443347,      0.0150665004
          0,           0,         670,      -10.74393943,      -11.05041359,      -11.60188588,       -11.2163594,      -15.57519069,     0.01574597947,    0.009907110789,      0.4455666039,                 0,                 0,                 0,   -0.001598598581,    -0.02119817754,      0.4451723111,                 0,       44.97442427,      0.0150665004
          0,           0,         671,      -10.74693092,      -11.05452893,      -11.60516752,      -11.21999329,      -15.58312161,     0.01574597947,    0.009907110326,      0.4455664929,                 0,                 0,                 0,   -0.001598618155,    -0.02119817026,      0.4451722004,                 0,       44.97441517,      0.0150665004
          0,           0,         672,      -10.74992602,      -11.05862009,      -11.60844429,      -11.22362256,      -15.59105163,     0.01574597947,    0.009907109875,      0.4455663835,                 0,                 0,                 0,   -0.001598637464,    -0.02119816308,      0.4451720913,                 0,       44.97440618,      0.0150665004
          0,           0,         673,      -10.75292473,      -11.06268789,      -11.61171701,      -11.22724358,      -15.59898062,     0.01574597947,    0.009907109434,      0.4455662757,                 0,                 0,                 0,   -0.001598656511,      -0.021198156,      0.4451719836,                 0,       44.97439729,      0.0150665004
          0,           0,         674,      -10.75592692,      -11.06673298,      -11.61498535,      -11.23085983,      -15.60690843,     0.01574597947,    0.009907109004,      0.4455661693,                 0,                 0,                 0,   -0.001598675299,    -0.02119814901,      0.4451718775,                 0,       44.97438851,      0.0150665004
          0,           0,         675,      -10.75893245,      -11.07075571,      -11.61824929,      -11.23446975,       -15.6148349,     0.01574597947,    0.009907108584,      0.4455660644,                 0,                 0,                 0,   -0.001598693834,    -0.02119814211,      0.4451717728,                 0,       44.97437983,      0.0150665004
          0,           0,         676,      -10.76194133,      -11.07475618,      -11.62151465,       -11.2380731,      -15.62275991,     0.01574597947,    0.009907108173,       0.445565961,                 0,                 0,                 0,   -0.001598712117,     -0.0211981353,      0.4451716696,                 0,       44.97437125,      0.0150665004
          0,           0,         677,      -10.76495384,       -11.0787348,        -11.624779,       -11.2416718,      -15.63068332,     0.01574597947,    0.009907107773,       0.445565859,                 0,                 0,                 0,   -0.001598730154,    -0.02119812859,      0.4451715679,                 0,       44.97436277,      0.0150665004
          0,           0,         678,      -10.76796953,      -11.08269316,      -11.62803072,      -11.24526967,      -15.63860496,     0.01574597947,    0.009907107382,      0.4455657584,                 0,                 0,                 0,   -0.001598747948,    -0.02119812196,      0.4451714675,                 0,       44.97435439,      0.0150665004
          0,           0,         679,      -10.77098889,      -11.08663007,      -11.63128661,      -11.24885667,      -15.64652469,     0.01574597947,       0.009907107,      0.4455656592,                 0,                 0,                 0,   -0.001598765501,    -0.02119811542,      0.4451713685,                 0,       44.97434611,      0.0150665004
          0,           0,         680,      -10.77401135,      -11.09054742,      -11.63453666,      -11.25244322,      -15.65444238,     0.01574597947,    0.009907106628,      0.4455655614,                 0,                 0,                 0,   -0.001598782819,    -0.02119810897,      0.4451712709,                 0,       44.97433793,      0.0150665004
          0,           0,         681,      -10.77703697,      -11.09444421,      -11.63779026,      -11.25602159,      -15.66235788,     0.01574597947,    0.009907106265,      0.4455654649,                 0,                 0,                 0,   -0.001598799904,     -0.0211981026,      0.4451711747,                 0,       44.97432984,      0.0150665004
          0,           0,         682,      -10.78006614,      -11.09832216,      -11.64103621,      -11.25959788,      -15.67027106,     0.01574597947,     0.00990710591,      0.4455653698,                 0,                 0,                 0,    -0.00159881676,    -0.02119809632,      0.4451710797,                 0,       44.97432185,      0.0150665004
          0,           0,         683,      -10.78309852,      -11.10218105,      -11.64428496,      -11.26316882,      -15.67818176,     0.01574597947,    0.009907105564,       0.445565276,                 0,                 0,                 0,   -0.001598833389,    -0.02119809012,      0.4451709861,                 0,       44.97431395,      0.0150665004
          0,           0,         684,      -10.78613397,      -11.10602056,      -11.64752212,      -11.26673199,      -15.68608986,     0.01574597947,    0.009907105226,      0.4455651834,                 0,                 0,                 0,   -0.001598849796,      -0.021198084,      0.4451708938,                 0,       44.97430614,      0.0150665004
          0,           0,         685,      -10.78917294,       -11.1098424,      -11.65076539,      -11.27029369,      -15.69399521,     0.01574597947,    0.009907104897,      0.4455650922,                 0,                 0,                 0,   -0.001598865983,    -0.02119807797,      0.4451708027,                 0,       44.97429843,      0.0150665004
          0,           0,         686,      -10.79221487,      -11.11364627,       -11.6540074,      -11.27385254,      -15.70189768,     0.01574597947,    0.009907104575,      0.4455650022,                 0,                 0,                 0,   -0.001598881955,    -0.02119807201,      0.4451707129,                 0,        44.9742908,      0.0150665004
          0,           0,         687,      -10.79526016,      -11.11743355,      -11.65724242,      -11.27740727,      -15.70979711,     0.01574597947,    0.009907104261,      0.4455649134,                 0,                 0,                 0,   -0.001598897713,    -0.02119806613,      0.4451706243,                 0,       44.97428327,      0.0150665004
          0,           0,         688,      -10.79830838,      -11.12120317,      -11.66047811,      -11.28095508,      -15.71769338,     0.01574597947,    0.009907103955,      0.4455648259,                 0,                 0,                 0,   -0.001598913261,    -0.02119806033,       0.445170537,                 0,       44.97427582,      0.0150665004
          0,           0,         689,      -10.80135995,      -11.12495712,       -11.6637152,      -11.28450158,      -15.72558635,     0.01574597947,    0.009907103657,      0.4455647395,                 0,                 0,                 0,   -0.001598928602,     -0.0211980546,      0.4451704508,                 0,       44.97426846,      0.0150665004
          0,           0,         690,      -10.80441426,      -11.12869382,      -11.66694847,      -11.28804163,       -15.7334759,     0.01574597947,    0.009907103366,      0.4455646544,                 0,                 0,                 0,   -0.001598943739,    -0.02119804895,      0.4451703658,                 0,       44.97426118,      0.0150665004
          0,           0,         691,      -10.80747187,      -11.13241549,      -11.67018065,      -11.29157759,      -15.74136186,     0.01574597947,    0.009907103082,      0.4455645704,                 0,                 0,                 0,   -0.001598958675,    -0.02119804338,       0.445170282,                 0,       44.97425399,      0.0150665004
          0,           0,         692,      -10.81053273,        -11.136121,       -11.6734127,      -11.29511089,      -15.74924414,     0.01574597947,    0.009907102805,      0.4455644875,                 0,                 0,                 0,   -0.001598973413,    -0.02119803787,      0.4451701994,                 0,       44.97424689,      0.0150665004
          0,           0,         693,      -10.81359641,      -11.13981178,      -11.67664435,      -11.29863909,      -15.75712259,     0.01574597947,    0.009907102535,      0.4455644058,                 0,                 0,                 0,   -0.001598987956,    -0.02119803244,      0.4451701178,                 0,       44.97423986,      0.0150665004
          0,           0,         694,      -10.81666315,      -11.14348892,      -11.67987245,      -11.30216785,      -15.76499707,     0.01574597947,    0.009907102272,      0.4455643252,                 0,                 0,                 0,   -0.001599002306,    -0.02119802708,      0.4451700374,                 0,       44.97423292,      0.0150665004
          0,           0,         695,      -10.81973271,      -11.14715089,      -11.68310167,      -11.30569066,      -15.77286747,     0.01574597947,    0.009907102015,      0.4455642457,                 0,                 0,                 0,   -0.001599016467,    -0.02119802179,      0.4451699581,                 0,       44.97422606,      0.0150665004
          0,           0,         696,      -10.82280535,      -11.15079873,      -11.68632824,      -11.30920668,      -15.78073366,     0.01574597947,    0.009907101765,      0.4455641672,                 0,                 0,                 0,   -0.001599030441,    -0.02119801657,      0.4451698798,                 0,       44.97421928,      0.0150665004
          0,           0,         697,      -10.82588095,      -11.15443325,      -11.68955203,      -11.31272335,      -15.78859552,     0.01574597947,    0.009907101521,      0.4455640899,                 0,                 0,                 0,    -0.00159904423,    -0.02119801142,      0.4451698026,                 0,       44.97421258,      0.0150665004
          0,           0,         698,      -10.82895945,      -11.15805544,      -11.69278122,      -11.31623805,       -15.7964529,     0.01574597947,    0.009907101283,      0.4455640136,                 0,                 0,                 0,   -0.001599057838,    -0.02119800633,      0.4451697265,                 0,       44.97420596,      0.0150665004
          0,           0,         699,      -10.83204078,      -11.16166474,      -11.69600746,      -11.31974813,      -15.80430571,     0.01574597947,    0.009907101051,      0.4455639383,                 0,                 0,                 0,   -0.001599071267,    -0.02119800131,      0.4451696514,                 0,       44.97419941,      0.0150665004
          0,           0,         700,      -10.83512517,      -11.16526098,      -11.69923233,      -11.32325555,      -15.81215379,     0.01574597947,    0.009907100825,       0.445563864,                 0,                 0,                 0,    -0.00159908452,    -0.02119799636,      0.4451695773,                 0,       44.97419294,      0.0150665004
          0,           0,         701,      -10.83821196,      -11.16884461,      -11.70245741,      -11.32675699,      -15.81999705,     0.01574597947,    0.009907100605,      0.4455637908,                 0,                 0,                 0,   -0.001599097599,    -0.02119799147,      0.4451695042,                 0,       44.97418655,      0.0150665004
          0,           0,         702,      -10.84130183,      -11.17241727,      -11.70568369,      -11.33025498,      -15.82783535,     0.01574597947,    0.009907100391,      0.4455637185,                 0,                 0,                 0,   -0.001599110506,    -0.02119798664,      0.4451694321,                 0,       44.97418023,      0.0150665004
          0,           0,         703,      -10.84439453,      -11.17597856,      -11.70890942,      -11.33375457,      -15.83566858,     0.01574597947,    0.009907100182,      0.4455636472,                 0,                 0,                 0,   -0.001599123245,    -0.02119798188,       0.445169361,                 0,       44.97417398,      0.0150665004
          0,           0,         704,       -10.8474901,       -11.1795279,      -11.71212984,      -11.33724811,      -15.84349663,     0.01574597947,    0.009907099978,      0.4455635769,                 0,                 0,                 0,   -0.001599135817,    -0.02119797717,      0.4451692908,                 0,       44.97416781,      0.0150665004
          0,           0,         705,      -10.85058811,      -11.18306797,      -11.71535649,      -11.34073997,      -15.85131939,     0.01574597947,     0.00990709978,      0.4455635075,                 0,                 0,                 0,   -0.001599148225,    -0.02119797253,      0.4451692216,                 0,       44.97416171,      0.0150665004
          0,           0,         706,      -10.85368882,      -11.18659606,      -11.71857504,      -11.34422923,      -15.85913675,     0.01574597947,    0.009907099587,      0.4455634391,                 0,                 0,                 0,   -0.001599160471,    -0.02119796795,      0.4451691533,                 0,       44.97415567,      0.0150665004
          0,           0,         707,       -10.8567924,      -11.19011482,      -11.72180112,      -11.34771567,      -15.86694858,     0.01574597947,    0.009907099399,      0.4455633716,                 0,                 0,                 0,   -0.001599172557,    -0.02119796343,      0.4451690859,                 0,       44.97414971,      0.0150665004
          0,           0,         708,      -10.85989867,      -11.19362325,      -11.72502942,      -11.35119615,      -15.87475479,     0.01574597947,    0.009907099216,       0.445563305,                 0,                 0,                 0,   -0.001599184487,    -0.02119795897,      0.4451690195,                 0,       44.97414382,      0.0150665004
          0,           0,         709,      -10.86300756,      -11.19712225,      -11.72825234,      -11.35467937,      -15.88255525,     0.01574597947,    0.009907099038,      0.4455632393,                 0,                 0,                 0,   -0.001599196262,    -0.02119795456,      0.4451689539,                 0,         44.974138,      0.0150665004
          0,           0,         710,      -10.86611913,      -11.20061227,      -11.73147536,      -11.35816355,      -15.89034988,     0.01574597947,    0.009907098864,      0.4455631744,                 0,                 0,                 0,   -0.001599207883,    -0.02119795021,      0.4451688892,                 0,       44.97413224,      0.0150665004
          0,           0,         711,       -10.8692332,      -11.20409279,      -11.73469964,      -11.36163357,      -15.89813858,     0.01574597947,    0.009907098695,      0.4455631105,                 0,                 0,                 0,   -0.001599219355,    -0.02119794592,      0.4451688254,                 0,       44.97412655,      0.0150665004
          0,           0,         712,      -10.87234983,      -11.20756342,      -11.73792796,      -11.36510818,      -15.90592124,     0.01574597947,    0.009907098531,      0.4455630474,                 0,                 0,                 0,   -0.001599230678,    -0.02119794168,      0.4451687624,                 0,       44.97412093,      0.0150665004
          0,           0,         713,       -10.8754689,      -11.21102773,      -11.74114913,      -11.36858157,      -15.91369775,     0.01574597947,     0.00990709837,      0.4455629851,                 0,                 0,                 0,   -0.001599241854,    -0.02119793749,      0.4451687003,                 0,       44.97411537,      0.0150665004
          0,           0,         714,      -10.87859092,      -11.21448397,      -11.74437458,      -11.37205241,        -15.921468,     0.01574597947,    0.009907098215,      0.4455629236,                 0,                 0,                 0,   -0.001599252886,    -0.02119793336,       0.445168639,                 0,       44.97410987,      0.0150665004
          0,           0,         715,      -10.88171508,      -11.21793041,      -11.74760224,      -11.37551519,      -15.92923194,     0.01574597947,    0.009907098063,       0.445562863,                 0,                 0,                 0,   -0.001599263777,    -0.02119792929,      0.4451685785,                 0,       44.97410444,      0.0150665004
          0,           0,         716,      -10.88484172,      -11.22137081,      -11.75082576,      -11.37898498,      -15.93698947,     0.01574597947,    0.009907097916,      0.4455628032,                 0,                 0,                 0,   -0.001599274527,    -0.02119792526,      0.4451685188,                 0,       44.97409908,      0.0150665004
          0,           0,         717,      -10.88797087,      -11.22480124,      -11.75405638,      -11.38244011,      -15.94474047,     0.01574597947,    0.009907097772,      0.4455627442,                 0,                 0,                 0,   -0.001599285138,    -0.02119792129,        0.44516846,                 0,       44.97409377,      0.0150665004
          0,           0,         718,      -10.89110263,      -11.22822755,      -11.75727925,      -11.38590806,      -15.95248485,     0.01574597947,    0.009907097633,       0.445562686,                 0,                 0,                 0,   -0.001599295614,    -0.02119791736,      0.4451684019,                 0,       44.97408853,      0.0150665004
          0,           0,         719,      -10.89423667,      -11.23164535,      -11.76050628,      -11.38936312,      -15.96022254,     0.01574597947,    0.009907097497,      0.4455626285,                 0,                 0,                 0,   -0.001599305955,    -0.02119791349,      0.4451683445,                 0,       44.97408334,      0.0150665004
          0,           0,         720,      -10.89737317,      -11.23505708,      -11.76373329,      -11.39282289,      -15.96795344,     0.01574597947,    0.009907097366,      0.4455625718,                 0,                 0,                 0,   -0.001599316164,    -0.02119790967,       0.445168288,                 0,       44.97407822,      0.0150665004
          0,           0,         721,      -10.90051217,      -11.23846184,      -11.76696567,      -11.39627904,      -15.97567746,     0.01574597947,    0.009907097237,      0.4455625159,                 0,                 0,                 0,   -0.001599326242,    -0.02119790589,      0.4451682321,                 0,       44.97407315,      0.0150665004
          0,           0,         722,      -10.90365314,      -11.24185943,      -11.77019613,      -11.39972611,      -15.98339456,     0.01574597947,    0.009907097113,      0.4455624607,                 0,                 0,                 0,   -0.001599336192,    -0.02119790217,      0.4451681771,                 0,       44.97406814,      0.0150665004
          0,           0,         723,      -10.90679654,      -11.24525316,      -11.77342404,      -11.40317945,      -15.99110465,     0.01574597947,    0.009907096992,      0.4455624062,                 0,                 0,                 0,   -0.001599346015,    -0.02119789849,      0.4451681227,                 0,        44.9740632,      0.0150665004
          0,           0,         724,      -10.90994242,       -11.2486401,      -11.77665644,      -11.40663331,      -15.99880763,     0.01574597947,    0.009907096874,      0.4455623524,                 0,                 0,                 0,   -0.001599355712,    -0.02119789485,      0.4451680691,                 0,        44.9740583,      0.0150665004
          0,           0,         725,      -10.91309059,       -11.2520212,      -11.77988587,       -11.4100812,      -16.00650345,     0.01574597947,     0.00990709676,      0.4455622994,                 0,                 0,                 0,   -0.001599365287,    -0.02119789127,      0.4451680162,                 0,       44.97405347,      0.0150665004
          0,           0,         726,       -10.9162407,      -11.25539803,      -11.78311844,      -11.41352963,      -16.01419199,     0.01574597947,    0.009907096649,       0.445562247,                 0,                 0,                 0,    -0.00159937474,    -0.02119788773,      0.4451679639,                 0,       44.97404869,      0.0150665004
          0,           0,         727,      -10.91939374,      -11.25876746,      -11.78635078,      -11.41696842,      -16.02187322,     0.01574597947,    0.009907096541,      0.4455621954,                 0,                 0,                 0,   -0.001599384072,    -0.02119788423,      0.4451679124,                 0,       44.97404396,      0.0150665004
          0,           0,         728,      -10.92254833,      -11.26213349,      -11.78958577,       -11.4204128,      -16.02954706,     0.01574597947,    0.009907096437,      0.4455621444,                 0,                 0,                 0,   -0.001599393287,    -0.02119788078,      0.4451678615,                 0,       44.97403929,      0.0150665004
          0,           0,         729,      -10.92570576,      -11.26549551,      -11.79282053,      -11.42386126,      -16.03721344,     0.01574597947,    0.009907096335,      0.4455620941,                 0,                 0,                 0,   -0.001599402385,    -0.02119787737,      0.4451678113,                 0,       44.97403467,      0.0150665004
          0,           0,         730,      -10.92886513,       -11.2688509,      -11.79605718,      -11.42729932,      -16.04487228,     0.01574597947,    0.009907096237,      0.4455620444,                 0,                 0,                 0,   -0.001599411368,      -0.021197874,      0.4451677618,                 0,       44.97403011,      0.0150665004
          0,           0,         731,      -10.93202632,      -11.27220217,      -11.79928676,      -11.43073651,      -16.05252355,     0.01574597947,    0.009907096141,      0.4455619954,                 0,                 0,                 0,   -0.001599420238,    -0.02119787068,      0.4451677129,                 0,       44.97402559,      0.0150665004
          0,           0,         732,         -10.93519,      -11.27554998,       -11.8025331,      -11.43417794,      -16.06016719,     0.01574597947,    0.009907096048,       0.445561947,                 0,                 0,                 0,   -0.001599428996,     -0.0211978674,      0.4451676646,                 0,       44.97402113,      0.0150665004
          0,           0,         733,      -10.93835547,      -11.27889383,      -11.80576631,      -11.43761305,      -16.06780314,     0.01574597947,    0.009907095958,      0.4455618993,                 0,                 0,                 0,   -0.001599437644,    -0.02119786416,       0.445167617,                 0,       44.97401672,      0.0150665004
          0,           0,         734,      -10.94152338,       -11.2822323,      -11.80901202,      -11.44104519,       -16.0754313,     0.01574597947,    0.009907095871,      0.4455618522,                 0,                 0,                 0,   -0.001599446183,    -0.02119786096,        0.44516757,                 0,       44.97401236,      0.0150665004
          0,           0,         735,      -10.94469313,      -11.28556788,       -11.8122489,      -11.44447685,      -16.08305165,     0.01574597947,    0.009907095787,      0.4455618057,                 0,                 0,                 0,   -0.001599454616,     -0.0211978578,      0.4451675236,                 0,       44.97400805,      0.0150665004
          0,           0,         736,      -10.94786523,      -11.28890029,      -11.81548693,      -11.44791236,      -16.09066411,     0.01574597947,    0.009907095705,      0.4455617598,                 0,                 0,                 0,   -0.001599462942,    -0.02119785468,      0.4451674778,                 0,       44.97400379,      0.0150665004
          0,           0,         737,      -10.95103921,      -11.29222855,      -11.81872867,      -11.45134211,      -16.09826865,     0.01574597947,    0.009907095626,      0.4455617145,                 0,                 0,                 0,   -0.001599471165,     -0.0211978516,      0.4451674326,                 0,       44.97399958,      0.0150665004
          0,           0,         738,      -10.95421516,      -11.29555426,      -11.82196863,      -11.45477518,      -16.10586522,     0.01574597947,    0.009907095549,      0.4455616698,                 0,                 0,                 0,   -0.001599479285,    -0.02119784856,       0.445167388,                 0,       44.97399541,      0.0150665004
          0,           0,         739,      -10.95739324,      -11.29887594,      -11.82521555,      -11.45820217,      -16.11345377,     0.01574597947,    0.009907095474,      0.4455616256,                 0,                 0,                 0,   -0.001599487303,    -0.02119784555,       0.445167344,                 0,        44.9739913,      0.0150665004
          0,           0,         740,      -10.96057329,      -11.30219453,      -11.82845808,      -11.46162536,      -16.12103427,     0.01574597947,    0.009907095402,      0.4455615821,                 0,                 0,                 0,   -0.001599495222,    -0.02119784259,      0.4451673005,                 0,       44.97398723,      0.0150665004
          0,           0,         741,      -10.96375507,      -11.30551033,      -11.83170458,      -11.46505358,      -16.12860668,     0.01574597947,    0.009907095332,      0.4455615391,                 0,                 0,                 0,   -0.001599503042,    -0.02119783966,      0.4451672576,                 0,        44.9739832,      0.0150665004
          0,           0,         742,      -10.96693918,      -11.30882277,      -11.83495581,      -11.46847571,      -16.13617096,     0.01574597947,    0.009907095265,      0.4455614966,                 0,                 0,                 0,   -0.001599510765,    -0.02119783676,      0.4451672152,                 0,       44.97397922,      0.0150665004
          0,           0,         743,       -10.9701249,      -11.31213308,      -11.83820274,      -11.47189996,      -16.14372704,     0.01574597947,      0.0099070952,      0.4455614547,                 0,                 0,                 0,   -0.001599518393,     -0.0211978339,      0.4451671734,                 0,       44.97397529,      0.0150665004
          0,           0,         744,      -10.97331262,      -11.31544026,      -11.84144752,      -11.47532156,      -16.15127489,     0.01574597947,    0.009907095137,      0.4455614134,                 0,                 0,                 0,   -0.001599525926,    -0.02119783108,      0.4451671322,                 0,        44.9739714,      0.0150665004
          0,           0,         745,      -10.97650218,      -11.31874635,      -11.84470076,      -11.47874806,      -16.15881449,     0.01574597947,    0.009907095076,      0.4455613725,                 0,                 0,                 0,   -0.001599533365,    -0.02119782829,      0.4451670914,                 0,       44.97396756,      0.0150665004
          0,           0,         746,      -10.97969408,      -11.32204979,      -11.84795105,       -11.4821685,       -16.1663458,     0.01574597947,    0.009907095017,      0.4455613322,                 0,                 0,                 0,   -0.001599540713,    -0.02119782554,      0.4451670512,                 0,       44.97396376,      0.0150665004
          0,           0,         747,      -10.98288723,      -11.32535097,      -11.85120045,      -11.48558809,      -16.17386883,     0.01574597947,     0.00990709496,      0.4455612924,                 0,                 0,                 0,   -0.001599547971,    -0.02119782282,      0.4451670115,                 0,          44.97396,      0.0150665004
          0,           0,         748,      -10.98608244,      -11.32864823,      -11.85445362,      -11.48900445,      -16.18138347,     0.01574597947,    0.009907094905,      0.4455612531,                 0,                 0,                 0,   -0.001599555139,    -0.02119782014,      0.4451669723,                 0,       44.97395628,      0.0150665004
          0,           0,         749,      -10.98927935,      -11.33194512,      -11.85770806,      -11.49242308,      -16.18888971,     0.01574597947,    0.009907094852,      0.4455612144,                 0,                 0,                 0,   -0.001599562219,    -0.02119781748,      0.4451669336,                 0,       44.97395261,      0.0150665004
          0,           0,         750,      -10.99247844,      -11.33524103,      -11.86096254,      -11.49584384,      -16.19638756,     0.01574597947,    0.009907094801,      0.4455611761,                 0,                 0,                 0,   -0.001599569212,    -0.02119781486,      0.4451668954,                 0,       44.97394898,      0.0150665004
          0,           0,         751,      -10.99567915,      -11.33853415,      -11.86422062,      -11.49925782,      -16.20387698,     0.01574597947,    0.009907094752,      0.4455611383,                 0,                 0,                 0,    -0.00159957612,    -0.02119781228,      0.4451668577,                 0,       44.97394538,      0.0150665004
          0,           0,         752,       -10.9988813,      -11.34182545,       -11.8674809,      -11.50267495,      -16.21135797,     0.01574597947,    0.009907094704,       0.445561101,                 0,                 0,                 0,   -0.001599582943,    -0.02119780972,      0.4451668205,                 0,       44.97394183,      0.0150665004
          0,           0,         753,      -11.00208573,      -11.34511583,      -11.87074078,      -11.50608683,      -16.21883045,     0.01574597947,    0.009907094659,      0.4455610641,                 0,                 0,                 0,   -0.001599589683,     -0.0211978072,      0.4451667837,                 0,       44.97393832,      0.0150665004
          0,           0,         754,      -11.00529165,      -11.34840365,      -11.87399147,      -11.50950384,      -16.22629446,     0.01574597947,    0.009907094615,      0.4455610277,                 0,                 0,                 0,   -0.001599596341,     -0.0211978047,      0.4451667474,                 0,       44.97393485,      0.0150665004
          0,           0,         755,      -11.00849919,       -11.3516914,      -11.87725239,      -11.51292056,      -16.23374996,     0.01574597947,    0.009907094572,      0.4455609918,                 0,                 0,                 0,   -0.001599602917,    -0.02119780224,      0.4451667116,                 0,       44.97393142,      0.0150665004
          0,           0,         756,      -11.01170811,      -11.35497548,       -11.8805224,      -11.51633008,      -16.24119691,     0.01574597947,    0.009907094532,      0.4455609563,                 0,                 0,                 0,   -0.001599609414,    -0.02119779981,      0.4451666762,                 0,       44.97392802,      0.0150665004
          0,           0,         757,      -11.01491908,       -11.3582605,      -11.88378184,      -11.51973564,      -16.24863531,     0.01574597947,    0.009907094492,      0.4455609213,                 0,                 0,                 0,   -0.001599615831,     -0.0211977974,      0.4451666413,                 0,       44.97392466,      0.0150665004
          0,           0,         758,      -11.01813188,      -11.36154447,      -11.88704176,      -11.52315084,      -16.25606518,     0.01574597947,    0.009907094455,      0.4455608868,                 0,                 0,                 0,   -0.001599622171,    -0.02119779503,      0.4451666068,                 0,       44.97392134,      0.0150665004
          0,           0,         759,       -11.0213461,      -11.36482618,      -11.89030963,      -11.52656453,      -16.26348646,     0.01574597947,    0.009907094419,      0.4455608526,                 0,                 0,                 0,   -0.001599628435,    -0.02119779268,      0.4451665728,                 0,       44.97391806,      0.0150665004
          0,           0,         760,      -11.02456198,      -11.36810716,      -11.89357708,      -11.52997071,      -16.27089914,     0.01574597947,    0.009907094384,      0.4455608189,                 0,                 0,                 0,   -0.001599634622,    -0.02119779037,      0.4451665391,                 0,       44.97391482,      0.0150665004
          0,           0,         761,      -11.02777968,       -11.3713868,      -11.89683895,      -11.53337675,      -16.27830325,     0.01574597947,    0.009907094351,      0.4455607856,                 0,                 0,                 0,   -0.001599640735,    -0.02119778808,      0.4451665059,                 0,       44.97391161,      0.0150665004
          0,           0,         762,      -11.03099915,      -11.37466712,      -11.90011415,      -11.53679131,      -16.28569873,     0.01574597947,     0.00990709432,      0.4455607528,                 0,                 0,                 0,   -0.001599646775,    -0.02119778582,      0.4451664731,                 0,       44.97390843,      0.0150665004
          0,           0,         763,      -11.03421924,      -11.37794535,      -11.90337572,      -11.54019493,      -16.29308563,     0.01574597947,    0.009907094289,      0.4455607203,                 0,                 0,                 0,   -0.001599652742,    -0.02119778358,      0.4451664407,                 0,       44.97390529,      0.0150665004
          0,           0,         764,      -11.03744178,      -11.38122369,      -11.90665085,      -11.54360332,       -16.3004639,     0.01574597947,    0.009907094261,      0.4455606882,                 0,                 0,                 0,   -0.001599658637,    -0.02119778137,      0.4451664088,                 0,       44.97390219,      0.0150665004
          0,           0,         765,      -11.04066553,      -11.38449994,      -11.90991828,      -11.54700655,      -16.30783353,     0.01574597947,    0.009907094233,      0.4455606566,                 0,                 0,                 0,   -0.001599664461,    -0.02119777919,      0.4451663772,                 0,       44.97389912,      0.0150665004
          0,           0,         766,      -11.04389105,      -11.38777574,      -11.91319168,      -11.55041523,      -16.31519463,     0.01574597947,    0.009907094207,      0.4455606253,                 0,                 0,                 0,   -0.001599670216,    -0.02119777704,       0.445166346,                 0,       44.97389608,      0.0150665004
          0,           0,         767,       -11.0471176,      -11.39105246,       -11.9164696,      -11.55382112,      -16.32254707,     0.01574597947,    0.009907094182,      0.4455605945,                 0,                 0,                 0,   -0.001599675903,    -0.02119777491,      0.4451663152,                 0,       44.97389308,      0.0150665004
          0,           0,         768,      -11.05034582,      -11.39432843,      -11.91974367,      -11.55722762,      -16.32989085,     0.01574597947,    0.009907094158,       0.445560564,                 0,                 0,                 0,   -0.001599681521,    -0.02119777281,      0.4451662848,                 0,       44.97389011,      0.0150665004
          0,           0,         769,      -11.05357574,      -11.39760086,      -11.92301996,      -11.56062132,      -16.33722605,     0.01574597947,    0.009907094135,      0.4455605339,                 0,                 0,                 0,   -0.001599687073,    -0.02119777073,      0.4451662547,                 0,       44.97388718,      0.0150665004
          0,           0,         770,      -11.05680713,      -11.40087638,      -11.92629237,      -11.56403357,      -16.34455261,     0.01574597947,    0.009907094114,      0.4455605041,                 0,                 0,                 0,   -0.001599692558,    -0.02119776868,      0.4451662251,                 0,       44.97388427,      0.0150665004
          0,           0,         771,      -11.06003987,      -11.40415032,      -11.92956349,      -11.56744052,      -16.35187058,     0.01574597947,    0.009907094093,      0.4455604748,                 0,                 0,                 0,   -0.001599697979,    -0.02119776665,      0.4451661958,                 0,        44.9738814,      0.0150665004
          0,           0,         772,      -11.06327373,      -11.40742477,      -11.93285094,       -11.5708369,      -16.35917999,     0.01574597947,    0.009907094074,      0.4455604457,                 0,                 0,                 0,   -0.001599703335,    -0.02119776464,      0.4451661668,                 0,       44.97387856,      0.0150665004
          0,           0,         773,      -11.06650959,      -11.41069959,      -11.93612897,       -11.5742483,      -16.36648081,     0.01574597947,    0.009907094056,      0.4455604171,                 0,                 0,                 0,   -0.001599708628,    -0.02119776266,      0.4451661383,                 0,       44.97387575,      0.0150665004
          0,           0,         774,      -11.06974691,      -11.41397135,       -11.9394106,      -11.57764144,      -16.37377296,     0.01574597947,    0.009907094039,      0.4455603888,                 0,                 0,                 0,   -0.001599713858,    -0.02119776071,        0.44516611,                 0,       44.97387297,      0.0150665004
          0,           0,         775,      -11.07298497,      -11.41724427,      -11.94269306,      -11.58103853,      -16.38105657,     0.01574597947,    0.009907094023,      0.4455603609,                 0,                 0,                 0,   -0.001599719027,    -0.02119775877,      0.4451660821,                 0,       44.97387022,      0.0150665004
          0,           0,         776,        -11.076225,      -11.42051703,      -11.94598018,      -11.58444488,      -16.38833159,     0.01574597947,    0.009907094008,      0.4455603332,                 0,                 0,                 0,   -0.001599724135,    -0.02119775686,      0.4451660546,                 0,        44.9738675,      0.0150665004
          0,           0,         777,      -11.07946591,      -11.42378856,      -11.94925248,       -11.5878337,       -16.3955981,     0.01574597947,    0.009907093994,       0.445560306,                 0,                 0,                 0,   -0.001599729183,    -0.02119775497,      0.4451660274,                 0,       44.97386481,      0.0150665004
          0,           0,         778,       -11.0827088,      -11.42706086,      -11.95254212,      -11.59124295,      -16.40285605,     0.01574597947,    0.009907093981,       0.445560279,                 0,                 0,                 0,   -0.001599734172,    -0.02119775311,      0.4451660005,                 0,       44.97386215,      0.0150665004
          0,           0,         779,      -11.08595257,       -11.4303329,      -11.95582883,      -11.59463828,      -16.41010543,     0.01574597947,    0.009907093968,      0.4455602524,                 0,                 0,                 0,   -0.001599739103,    -0.02119775126,       0.445165974,                 0,       44.97385952,      0.0150665004
          0,           0,         780,      -11.08919765,      -11.43360829,      -11.95911602,      -11.59804861,      -16.41734625,     0.01574597947,    0.009907093957,      0.4455602261,                 0,                 0,                 0,   -0.001599743976,    -0.02119774944,      0.4451659478,                 0,       44.97385692,      0.0150665004
          0,           0,         781,      -11.09244407,      -11.43687914,      -11.96240288,      -11.60143978,      -16.42457851,     0.01574597947,    0.009907093947,      0.4455602002,                 0,                 0,                 0,   -0.001599748792,    -0.02119774764,      0.4451659219,                 0,       44.97385435,      0.0150665004
          0,           0,         782,      -11.09569195,      -11.44015173,       -11.9656868,       -11.6048342,      -16.43180223,     0.01574597947,    0.009907093937,      0.4455601745,                 0,                 0,                 0,   -0.001599753552,    -0.02119774586,      0.4451658963,                 0,        44.9738518,      0.0150665004
          0,           0,         783,      -11.09894091,      -11.44342541,      -11.96898217,      -11.60823889,      -16.43901749,     0.01574597947,    0.009907093929,      0.4455601492,                 0,                 0,                 0,   -0.001599758256,     -0.0211977441,       0.445165871,                 0,       44.97384928,      0.0150665004
          0,           0,         784,      -11.10219137,      -11.44669755,      -11.97227203,      -11.61162777,      -16.44622436,     0.01574597947,    0.009907093921,      0.4455601242,                 0,                 0,                 0,   -0.001599762906,    -0.02119774236,       0.445165846,                 0,       44.97384679,      0.0150665004
          0,           0,         785,      -11.10544253,      -11.44997185,      -11.97556763,      -11.61502298,      -16.45342267,     0.01574597947,    0.009907093914,      0.4455600994,                 0,                 0,                 0,   -0.001599767503,    -0.02119774065,      0.4451658214,                 0,       44.97384433,      0.0150665004
          0,           0,         786,      -11.10869541,       -11.4532446,      -11.97885816,      -11.61842292,      -16.46061254,     0.01574597947,    0.009907093908,       0.445560075,                 0,                 0,                 0,   -0.001599772046,    -0.02119773895,       0.445165797,                 0,       44.97384189,      0.0150665004
          0,           0,         787,      -11.11194916,      -11.45651731,      -11.98214622,      -11.62182155,      -16.46779391,     0.01574597947,    0.009907093902,      0.4455600509,                 0,                 0,                 0,   -0.001599776536,    -0.02119773727,      0.4451657729,                 0,       44.97383948,      0.0150665004
          0,           0,         788,      -11.11520448,      -11.45979268,      -11.98544038,      -11.62522534,      -16.47496694,     0.01574597947,    0.009907093897,       0.445560027,                 0,                 0,                 0,   -0.001599780975,    -0.02119773561,      0.4451657491,                 0,       44.97383709,      0.0150665004
          0,           0,         789,       -11.1184607,      -11.46306416,      -11.98873802,      -11.62860896,      -16.48213153,     0.01574597947,    0.009907093893,      0.4455600034,                 0,                 0,                 0,   -0.001599785363,    -0.02119773397,      0.4451657256,                 0,       44.97383473,      0.0150665004
          0,           0,         790,      -11.12171863,      -11.46633842,      -11.99203061,      -11.63200178,      -16.48928777,     0.01574597947,     0.00990709389,      0.4455599802,                 0,                 0,                 0,     -0.0015997897,    -0.02119773235,      0.4451657024,                 0,        44.9738324,      0.0150665004
          0,           0,         791,      -11.12497719,      -11.46961317,      -11.99532949,       -11.6354048,       -16.4964356,     0.01574597947,    0.009907093888,      0.4455599572,                 0,                 0,                 0,   -0.001599793988,    -0.02119773075,      0.4451656794,                 0,       44.97383009,      0.0150665004
          0,           0,         792,      -11.12823705,      -11.47288643,      -11.99863257,      -11.63878305,       -16.5035751,     0.01574597947,    0.009907093886,      0.4455599344,                 0,                 0,                 0,   -0.001599798227,    -0.02119772917,      0.4451656568,                 0,        44.9738278,      0.0150665004
          0,           0,         793,      -11.13149803,      -11.47616296,      -12.00192373,      -11.64219043,      -16.51070631,     0.01574597947,    0.009907093884,       0.445559912,                 0,                 0,                 0,   -0.001599802417,     -0.0211977276,      0.4451656344,                 0,       44.97382554,      0.0150665004
          0,           0,         794,      -11.13476016,      -11.47943893,      -12.00522122,       -11.6455901,      -16.51782916,     0.01574597947,    0.009907093884,      0.4455598898,                 0,                 0,                 0,   -0.001599806559,    -0.02119772605,      0.4451656122,                 0,        44.9738233,      0.0150665004
          0,           0,         795,      -11.13802398,      -11.48271361,      -12.00852854,      -11.64897349,      -16.52494369,     0.01574597947,    0.009907093884,      0.4455598679,                 0,                 0,                 0,   -0.001599810655,    -0.02119772452,      0.4451655904,                 0,       44.97382109,      0.0150665004
          0,           0,         796,      -11.14128813,         -11.48599,       -12.0118249,      -11.65237306,      -16.53204989,     0.01574597947,    0.009907093884,      0.4455598462,                 0,                 0,                 0,   -0.001599814703,    -0.02119772301,      0.4451655687,                 0,        44.9738189,      0.0150665004
          0,           0,         797,      -11.14455321,      -11.48926736,      -12.01513482,      -11.65575763,      -16.53914791,     0.01574597947,    0.009907093886,      0.4455598248,                 0,                 0,                 0,   -0.001599818706,    -0.02119772152,      0.4451655474,                 0,       44.97381673,      0.0150665004
          0,           0,         798,      -11.14781994,      -11.49254192,      -12.01842841,      -11.65914835,      -16.54623765,     0.01574597947,    0.009907093887,      0.4455598036,                 0,                 0,                 0,   -0.001599822664,    -0.02119772004,      0.4451655263,                 0,       44.97381459,      0.0150665004
          0,           0,         799,      -11.15108723,      -11.49581772,      -12.02173748,      -11.66254113,      -16.55331919,     0.01574597947,     0.00990709389,      0.4455597827,                 0,                 0,                 0,   -0.001599826577,    -0.02119771858,      0.4451655054,                 0,       44.97381247,      0.0150665004
          0,           0,         800,      -11.15435611,      -11.49909508,      -12.02504112,      -11.66593279,      -16.56039253,     0.01574597947,    0.009907093893,      0.4455597621,                 0,                 0,                 0,   -0.001599830446,    -0.02119771713,      0.4451654848,                 0,       44.97381037,      0.0150665004
          0,           0,         801,      -11.15762551,      -11.50237409,       -12.0283496,      -11.66932335,      -16.56745774,     0.01574597947,    0.009907093896,      0.4455597416,                 0,                 0,                 0,   -0.001599834271,    -0.02119771571,      0.4451654644,                 0,       44.97380829,      0.0150665004
          0,           0,         802,      -11.16089669,       -11.5056535,      -12.03165414,      -11.67272222,      -16.57451478,     0.01574597947,      0.0099070939,      0.4455597215,                 0,                 0,                 0,   -0.001599838053,    -0.02119771429,      0.4451654443,                 0,       44.97380624,      0.0150665004
          0,           0,         803,      -11.16416772,      -11.50893001,      -12.03495977,      -11.67610272,      -16.58156363,     0.01574597947,    0.009907093905,      0.4455597015,                 0,                 0,                 0,   -0.001599841793,     -0.0211977129,      0.4451654244,                 0,       44.97380421,      0.0150665004
          0,           0,         804,      -11.16744052,      -11.51221002,      -12.03826147,      -11.67949797,      -16.58860427,     0.01574597947,     0.00990709391,      0.4455596818,                 0,                 0,                 0,   -0.001599845491,    -0.02119771152,      0.4451654047,                 0,       44.97380219,      0.0150665004
          0,           0,         805,      -11.17071427,      -11.51548852,      -12.04157823,      -11.68287884,      -16.59563682,     0.01574597947,    0.009907093915,      0.4455596623,                 0,                 0,                 0,   -0.001599849147,    -0.02119771015,      0.4451653853,                 0,        44.9738002,      0.0150665004
          0,           0,         806,      -11.17398856,      -11.51877054,      -12.04487985,      -11.68627804,       -16.6026613,     0.01574597947,    0.009907093921,      0.4455596431,                 0,                 0,                 0,   -0.001599852763,     -0.0211977088,      0.4451653661,                 0,       44.97379823,      0.0150665004
          0,           0,         807,      -11.17726425,      -11.52204902,       -12.0481957,      -11.68965826,      -16.60967774,     0.01574597947,    0.009907093927,       0.445559624,                 0,                 0,                 0,   -0.001599856338,    -0.02119770747,      0.4451653471,                 0,       44.97379628,      0.0150665004
          0,           0,         808,      -11.18054112,      -11.52533251,      -12.05150038,      -11.69305372,      -16.61668611,     0.01574597947,    0.009907093934,      0.4455596052,                 0,                 0,                 0,   -0.001599859874,    -0.02119770615,      0.4451653284,                 0,       44.97379435,      0.0150665004
          0,           0,         809,      -11.18381833,      -11.52861271,       -12.0548174,      -11.69644239,      -16.62368647,     0.01574597947,    0.009907093941,      0.4455595866,                 0,                 0,                 0,   -0.001599863371,    -0.02119770485,      0.4451653098,                 0,       44.97379244,      0.0150665004
          0,           0,         810,      -11.18709695,      -11.53189404,      -12.05811964,      -11.69983237,      -16.63067878,     0.01574597947,    0.009907093949,      0.4455595682,                 0,                 0,                 0,   -0.001599866829,    -0.02119770356,      0.4451652915,                 0,       44.97379055,      0.0150665004
          0,           0,         811,      -11.19037609,      -11.53517467,       -12.0614475,      -11.70321057,      -16.63766302,     0.01574597947,    0.009907093957,      0.4455595501,                 0,                 0,                 0,   -0.001599870248,    -0.02119770228,      0.4451652733,                 0,       44.97378868,      0.0150665004
          0,           0,         812,      -11.19365677,       -11.5384579,      -12.06475208,      -11.70660417,      -16.64463923,     0.01574597947,    0.009907093966,      0.4455595321,                 0,                 0,                 0,    -0.00159987363,    -0.02119770102,      0.4451652554,                 0,       44.97378683,      0.0150665004
          0,           0,         813,      -11.19693786,      -11.54174004,      -12.06806387,      -11.70998972,      -16.65160739,     0.01574597947,    0.009907093975,      0.4455595144,                 0,                 0,                 0,   -0.001599876975,    -0.02119769977,      0.4451652377,                 0,         44.973785,      0.0150665004
          0,           0,         814,      -11.20021925,      -11.54502426,      -12.07138118,      -11.71337103,      -16.65856764,     0.01574597947,    0.009907093984,      0.4455594968,                 0,                 0,                 0,   -0.001599880282,    -0.02119769854,      0.4451652202,                 0,       44.97378319,      0.0150665004
          0,           0,         815,      -11.20350189,      -11.54830829,      -12.07468906,       -11.7167607,      -16.66551993,     0.01574597947,    0.009907093993,      0.4455594795,                 0,                 0,                 0,   -0.001599883554,    -0.02119769732,      0.4451652029,                 0,       44.97378139,      0.0150665004
          0,           0,         816,       -11.2067857,      -11.55159262,      -12.07800961,      -11.72015172,      -16.67246429,     0.01574597947,    0.009907094003,      0.4455594623,                 0,                 0,                 0,    -0.00159988679,    -0.02119769611,      0.4451651858,                 0,       44.97377961,      0.0150665004
          0,           0,         817,      -11.21007014,      -11.55487989,      -12.08131859,      -11.72353993,      -16.67940075,     0.01574597947,    0.009907094014,      0.4455594454,                 0,                 0,                 0,    -0.00159988999,    -0.02119769492,      0.4451651689,                 0,       44.97377786,      0.0150665004
          0,           0,         818,      -11.21335552,      -11.55816477,      -12.08464375,      -11.72692318,      -16.68632928,     0.01574597947,    0.009907094024,      0.4455594286,                 0,                 0,                 0,   -0.001599893155,    -0.02119769374,      0.4451651522,                 0,       44.97377612,      0.0150665004
          0,           0,         819,      -11.21664178,      -11.56145037,      -12.08796033,      -11.73030925,      -16.69324989,     0.01574597947,    0.009907094035,       0.445559412,                 0,                 0,                 0,   -0.001599896286,    -0.02119769258,      0.4451651357,                 0,       44.97377439,      0.0150665004
          0,           0,         820,      -11.21992879,      -11.56473569,      -12.09127995,      -11.73369061,      -16.70016271,     0.01574597947,    0.009907094047,      0.4455593957,                 0,                 0,                 0,   -0.001599899383,    -0.02119769142,      0.4451651193,                 0,       44.97377269,      0.0150665004
          0,           0,         821,      -11.22321686,      -11.56802393,      -12.09459022,      -11.73708114,      -16.70706751,     0.01574597947,    0.009907094058,      0.4455593795,                 0,                 0,                 0,   -0.001599902446,    -0.02119769028,      0.4451651032,                 0,         44.973771,      0.0150665004
          0,           0,         822,      -11.22650533,      -11.57131068,      -12.09790012,      -11.74045832,      -16.71396437,     0.01574597947,     0.00990709407,      0.4455593635,                 0,                 0,                 0,   -0.001599905476,    -0.02119768915,      0.4451650872,                 0,       44.97376933,      0.0150665004
          0,           0,         823,      -11.22979442,      -11.57459792,      -12.10124155,      -11.74384323,      -16.72085332,     0.01574597947,    0.009907094083,      0.4455593476,                 0,                 0,                 0,   -0.001599908474,    -0.02119768803,      0.4451650714,                 0,       44.97376768,      0.0150665004
          0,           0,         824,      -11.23308437,      -11.57788421,      -12.10455003,      -11.74721556,      -16.72773449,     0.01574597947,    0.009907094095,       0.445559332,                 0,                 0,                 0,   -0.001599911439,    -0.02119768693,      0.4451650558,                 0,       44.97376604,      0.0150665004
          0,           0,         825,      -11.23637591,       -11.5811756,      -12.10786788,      -11.75061126,      -16.73460779,     0.01574597947,    0.009907094108,      0.4455593165,                 0,                 0,                 0,   -0.001599914372,    -0.02119768584,      0.4451650403,                 0,       44.97376442,      0.0150665004
          0,           0,         826,      -11.23966733,      -11.58446393,       -12.1111879,       -11.7539913,      -16.74147331,     0.01574597947,    0.009907094121,      0.4455593012,                 0,                 0,                 0,   -0.001599917273,    -0.02119768476,      0.4451650251,                 0,       44.97376281,      0.0150665004
          0,           0,         827,      -11.24295978,      -11.58775411,      -12.11451002,      -11.75737869,      -16.74833093,     0.01574597947,    0.009907094134,       0.445559286,                 0,                 0,                 0,   -0.001599920144,    -0.02119768369,        0.44516501,                 0,       44.97376123,      0.0150665004
          0,           0,         828,      -11.24625239,      -11.59104436,       -12.1178434,      -11.76075638,      -16.75518072,     0.01574597947,    0.009907094148,      0.4455592711,                 0,                 0,                 0,   -0.001599922983,    -0.02119768263,       0.445164995,                 0,       44.97375965,      0.0150665004
          0,           0,         829,      -11.24954622,      -11.59433393,      -12.12116567,      -11.76413437,      -16.76202264,     0.01574597947,    0.009907094162,      0.4455592563,                 0,                 0,                 0,   -0.001599925793,    -0.02119768158,      0.4451649803,                 0,        44.9737581,      0.0150665004
          0,           0,         830,      -11.25284116,      -11.59762631,      -12.12448188,      -11.76751799,      -16.76885664,     0.01574597947,    0.009907094176,      0.4455592416,                 0,                 0,                 0,   -0.001599928572,    -0.02119768055,      0.4451649657,                 0,       44.97375656,      0.0150665004
          0,           0,         831,      -11.25613613,      -11.60091654,      -12.12780365,      -11.77089777,      -16.77568292,     0.01574597947,     0.00990709419,      0.4455592272,                 0,                 0,                 0,   -0.001599931321,    -0.02119767953,      0.4451649512,                 0,       44.97375503,      0.0150665004
          0,           0,         832,      -11.25943207,      -11.60420975,      -12.13112878,      -11.77428898,      -16.78250132,     0.01574597947,    0.009907094205,      0.4455592129,                 0,                 0,                 0,   -0.001599934042,    -0.02119767851,       0.445164937,                 0,       44.97375352,      0.0150665004
          0,           0,         833,      -11.26272845,      -11.60750299,      -12.13444643,      -11.77767002,      -16.78931188,     0.01574597947,    0.009907094219,      0.4455591987,                 0,                 0,                 0,   -0.001599936733,    -0.02119767751,      0.4451649229,                 0,       44.97375203,      0.0150665004
          0,           0,         834,      -11.26602541,      -11.61079223,      -12.13777982,      -11.78103946,      -16.79611465,     0.01574597947,    0.009907094234,      0.4455591847,                 0,                 0,                 0,   -0.001599939396,    -0.02119767652,      0.4451649089,                 0,       44.97375054,      0.0150665004
          0,           0,         835,      -11.26932281,      -11.61408604,      -12.14110346,      -11.78441203,      -16.80290941,     0.01574597947,    0.009907094249,      0.4455591709,                 0,                 0,                 0,   -0.001599942031,    -0.02119767554,      0.4451648951,                 0,       44.97374908,      0.0150665004
          0,           0,         836,       -11.2726218,      -11.61738129,      -12.14442687,       -11.7877996,      -16.80969645,     0.01574597947,    0.009907094265,      0.4455591572,                 0,                 0,                 0,   -0.001599944638,    -0.02119767457,      0.4451648814,                 0,       44.97374763,      0.0150665004
          0,           0,         837,      -11.27592067,      -11.62067697,      -12.14774777,      -11.79118634,      -16.81647567,     0.01574597947,     0.00990709428,      0.4455591436,                 0,                 0,                 0,   -0.001599947218,    -0.02119767361,      0.4451648679,                 0,       44.97374619,      0.0150665004
          0,           0,         838,      -11.27922083,      -11.62397235,      -12.15107884,      -11.79457351,      -16.82324693,     0.01574597947,    0.009907094296,      0.4455591303,                 0,                 0,                 0,    -0.00159994977,    -0.02119767266,      0.4451648546,                 0,       44.97374477,      0.0150665004
          0,           0,         839,      -11.28252067,      -11.62726574,      -12.15440537,       -11.7979398,      -16.83001032,     0.01574597947,    0.009907094312,       0.445559117,                 0,                 0,                 0,   -0.001599952296,    -0.02119767172,      0.4451648414,                 0,       44.97374336,      0.0150665004
          0,           0,         840,      -11.28582209,      -11.63056056,      -12.15773853,      -11.80131761,      -16.83676592,     0.01574597947,    0.009907094328,      0.4455591039,                 0,                 0,                 0,   -0.001599954795,    -0.02119767079,      0.4451648283,                 0,       44.97374196,      0.0150665004
          0,           0,         841,      -11.28912376,      -11.63385705,      -12.16105757,      -11.80469759,      -16.84351357,     0.01574597947,    0.009907094344,       0.445559091,                 0,                 0,                 0,   -0.001599957268,    -0.02119766987,      0.4451648154,                 0,       44.97374058,      0.0150665004
          0,           0,         842,      -11.29242585,      -11.63715092,      -12.16438073,      -11.80806738,      -16.85025314,     0.01574597947,    0.009907094361,      0.4455590781,                 0,                 0,                 0,   -0.001599959716,    -0.02119766896,      0.4451648026,                 0,       44.97373921,      0.0150665004
          0,           0,         843,      -11.29572847,      -11.64044894,        -12.167717,      -11.81144223,      -16.85698485,     0.01574597947,    0.009907094377,      0.4455590655,                 0,                 0,                 0,   -0.001599962137,    -0.02119766806,      0.4451647899,                 0,       44.97373786,      0.0150665004
          0,           0,         844,      -11.29903172,      -11.64374251,      -12.17104019,      -11.81481904,      -16.86370869,     0.01574597947,    0.009907094394,      0.4455590529,                 0,                 0,                 0,   -0.001599964534,    -0.02119766717,      0.4451647774,                 0,       44.97373652,      0.0150665004
          0,           0,         845,      -11.30233623,      -11.64704302,      -12.17436166,      -11.81820325,      -16.87042461,     0.01574597947,    0.009907094411,      0.4455590405,                 0,                 0,                 0,   -0.001599966906,    -0.02119766628,      0.4451647651,                 0,       44.97373519,      0.0150665004
          0,           0,         846,      -11.30564114,       -11.6503404,      -12.17770559,      -11.82159148,      -16.87713248,     0.01574597947,    0.009907094428,      0.4455590282,                 0,                 0,                 0,   -0.001599969253,    -0.02119766541,      0.4451647528,                 0,       44.97373387,      0.0150665004
          0,           0,         847,      -11.30894557,      -11.65364001,      -12.18102527,      -11.82495387,      -16.88383237,     0.01574597947,    0.009907094445,      0.4455590161,                 0,                 0,                 0,   -0.001599971576,    -0.02119766455,      0.4451647407,                 0,       44.97373257,      0.0150665004
          0,           0,         848,      -11.31225167,      -11.65693787,      -12.18434908,      -11.82833419,      -16.89052421,     0.01574597947,    0.009907094463,      0.4455590041,                 0,                 0,                 0,   -0.001599973874,    -0.02119766369,      0.4451647287,                 0,       44.97373128,      0.0150665004
          0,           0,         849,      -11.31555758,      -11.66023746,      -12.18768677,      -11.83170698,      -16.89720818,     0.01574597947,     0.00990709448,      0.4455589922,                 0,                 0,                 0,    -0.00159997615,    -0.02119766285,      0.4451647169,                 0,          44.97373,      0.0150665004
          0,           0,         850,      -11.31886379,      -11.66353725,      -12.19102411,      -11.83509088,       -16.9038841,     0.01574597947,    0.009907094498,      0.4455589805,                 0,                 0,                 0,   -0.001599978401,    -0.02119766201,      0.4451647052,                 0,       44.97372873,      0.0150665004
          0,           0,         851,      -11.32217106,      -11.66683682,      -12.19433801,        -11.838457,      -16.91055201,     0.01574597947,    0.009907094515,      0.4455589688,                 0,                 0,                 0,    -0.00159998063,    -0.02119766118,      0.4451646936,                 0,       44.97372748,      0.0150665004
          0,           0,         852,      -11.32547884,      -11.67013809,      -12.19767163,      -11.84184206,      -16.91721167,     0.01574597947,    0.009907094533,      0.4455589573,                 0,                 0,                 0,   -0.001599982836,    -0.02119766036,      0.4451646821,                 0,       44.97372624,      0.0150665004
          0,           0,         853,      -11.32878667,      -11.67343602,      -12.20100959,      -11.84520236,      -16.92386333,     0.01574597947,    0.009907094551,       0.445558946,                 0,                 0,                 0,   -0.001599985019,    -0.02119765955,      0.4451646707,                 0,       44.97372501,      0.0150665004
          0,           0,         854,      -11.33209594,      -11.67673567,      -12.20434219,       -11.8485821,      -16.93050668,     0.01574597947,    0.009907094569,      0.4455589347,                 0,                 0,                 0,    -0.00159998718,    -0.02119765875,      0.4451646595,                 0,       44.97372379,      0.0150665004
          0,           0,         855,      -11.33540553,      -11.68004086,      -12.20768139,      -11.85195994,      -16.93714202,     0.01574597947,    0.009907094587,      0.4455589236,                 0,                 0,                 0,   -0.001599989319,    -0.02119765795,      0.4451646484,                 0,       44.97372258,      0.0150665004
          0,           0,         856,      -11.33871521,      -11.68333866,       -12.2110037,      -11.85531707,      -16.94376908,     0.01574597947,    0.009907094606,      0.4455589125,                 0,                 0,                 0,   -0.001599991436,    -0.02119765716,      0.4451646374,                 0,       44.97372139,      0.0150665004
          0,           0,         857,      -11.34202543,      -11.68664203,      -12.21433696,      -11.85870183,      -16.95038805,     0.01574597947,    0.009907094624,      0.4455589016,                 0,                 0,                 0,   -0.001599993532,    -0.02119765638,      0.4451646265,                 0,        44.9737202,      0.0150665004
          0,           0,         858,      -11.34533552,       -11.6899467,      -12.21765537,      -11.86206997,      -16.95699849,     0.01574597947,    0.009907094642,      0.4455588909,                 0,                 0,                 0,   -0.001599995606,    -0.02119765561,      0.4451646158,                 0,       44.97371903,      0.0150665004
          0,           0,         859,       -11.3486466,      -11.69324723,      -12.22099516,      -11.86544056,      -16.96360062,     0.01574597947,    0.009907094661,      0.4455588802,                 0,                 0,                 0,    -0.00159999766,    -0.02119765485,      0.4451646051,                 0,       44.97371787,      0.0150665004
          0,           0,         860,      -11.35195851,      -11.69654983,      -12.22432562,      -11.86882985,      -16.97019445,     0.01574597947,    0.009907094679,      0.4455588696,                 0,                 0,                 0,   -0.001599999692,    -0.02119765409,      0.4451645946,                 0,       44.97371672,      0.0150665004
          0,           0,         861,      -11.35527056,      -11.69985479,      -12.22766024,      -11.87218849,      -16.97678006,     0.01574597947,    0.009907094698,      0.4455588592,                 0,                 0,                 0,   -0.001600001704,    -0.02119765335,      0.4451645842,                 0,       44.97371558,      0.0150665004
          0,           0,         862,      -11.35858331,       -11.7031578,      -12.23099598,      -11.87555668,      -16.98335734,     0.01574597947,    0.009907094717,      0.4455588488,                 0,                 0,                 0,   -0.001600003696,    -0.02119765261,      0.4451645738,                 0,       44.97371445,      0.0150665004
          0,           0,         863,      -11.36189625,      -11.70646094,      -12.23432504,       -11.8789274,      -16.98992616,     0.01574597947,    0.009907094736,      0.4455588386,                 0,                 0,                 0,   -0.001600005668,    -0.02119765187,      0.4451645636,                 0,       44.97371333,      0.0150665004
          0,           0,         864,      -11.36520921,      -11.70976492,      -12.23766317,      -11.88229842,       -16.9964866,     0.01574597947,    0.009907094755,      0.4455588285,                 0,                 0,                 0,    -0.00160000762,    -0.02119765115,      0.4451645535,                 0,       44.97371222,      0.0150665004
          0,           0,         865,      -11.36852406,      -11.71306838,      -12.24100177,      -11.88566152,      -17.00303835,     0.01574597947,    0.009907094774,      0.4455588184,                 0,                 0,                 0,   -0.001600009553,    -0.02119765043,      0.4451645435,                 0,       44.97371112,      0.0150665004
          0,           0,         866,      -11.37183826,      -11.71637418,      -12.24432626,       -11.8890427,      -17.00958166,     0.01574597947,    0.009907094793,      0.4455588085,                 0,                 0,                 0,   -0.001600011466,    -0.02119764972,      0.4451645336,                 0,       44.97371004,      0.0150665004
          0,           0,         867,      -11.37515309,      -11.71968388,      -12.24765217,      -11.89243239,      -17.01611617,     0.01574597947,    0.009907094812,      0.4455587987,                 0,                 0,                 0,   -0.001600013361,    -0.02119764902,      0.4451645239,                 0,       44.97370896,      0.0150665004
          0,           0,         868,      -11.37846739,      -11.72298535,      -12.25100836,      -11.89577693,      -17.02264201,     0.01574597947,    0.009907094831,       0.445558789,                 0,                 0,                 0,   -0.001600015236,    -0.02119764832,      0.4451645142,                 0,       44.97370789,      0.0150665004
          0,           0,         869,       -11.3817822,      -11.72629103,      -12.25433131,      -11.89914431,      -17.02915912,     0.01574597947,     0.00990709485,      0.4455587794,                 0,                 0,                 0,   -0.001600017093,    -0.02119764763,      0.4451645046,                 0,       44.97370683,      0.0150665004
          0,           0,         870,      -11.38509935,      -11.72960098,      -12.25765639,      -11.90253362,      -17.03566758,     0.01574597947,     0.00990709487,      0.4455587699,                 0,                 0,                 0,   -0.001600018931,    -0.02119764695,      0.4451644951,                 0,       44.97370579,      0.0150665004
          0,           0,         871,      -11.38841562,      -11.73290281,      -12.26099466,      -11.90589524,      -17.04216725,     0.01574597947,    0.009907094889,      0.4455587604,                 0,                 0,                 0,   -0.001600020751,    -0.02119764627,      0.4451644857,                 0,       44.97370475,      0.0150665004
          0,           0,         872,      -11.39173171,      -11.73620945,      -12.26432385,      -11.90926386,       -17.0486581,     0.01574597947,    0.009907094908,      0.4455587511,                 0,                 0,                 0,   -0.001600022553,     -0.0211976456,      0.4451644764,                 0,       44.97370372,      0.0150665004
          0,           0,         873,       -11.3950488,      -11.73951951,      -12.26765505,      -11.91264265,      -17.05514022,     0.01574597947,    0.009907094928,      0.4455587419,                 0,                 0,                 0,   -0.001600024338,    -0.02119764494,      0.4451644672,                 0,        44.9737027,      0.0150665004
          0,           0,         874,      -11.39836733,      -11.74282589,      -12.27101658,      -11.91600219,      -17.06161356,     0.01574597947,    0.009907094947,      0.4455587328,                 0,                 0,                 0,   -0.001600026104,    -0.02119764428,      0.4451644581,                 0,       44.97370169,      0.0150665004
          0,           0,         875,      -11.40168463,      -11.74613066,      -12.27433429,      -11.91935308,      -17.06807792,     0.01574597947,    0.009907094967,      0.4455587237,                 0,                 0,                 0,   -0.001600027854,    -0.02119764363,      0.4451644491,                 0,       44.97370069,      0.0150665004
          0,           0,         876,      -11.40500301,      -11.74944092,      -12.27765458,      -11.92273904,      -17.07453301,     0.01574597947,    0.009907094987,      0.4455587148,                 0,                 0,                 0,   -0.001600029586,    -0.02119764299,      0.4451644402,                 0,        44.9736997,      0.0150665004
          0,           0,         877,      -11.40832164,      -11.75274663,      -12.28101987,       -11.9260865,      -17.08097878,     0.01574597947,    0.009907095006,      0.4455587059,                 0,                 0,                 0,   -0.001600031301,    -0.02119764235,      0.4451644313,                 0,       44.97369871,      0.0150665004
          0,           0,         878,      -11.41164072,      -11.75605417,      -12.28434218,       -11.9294565,      -17.08741544,     0.01574597947,    0.009907095026,      0.4455586972,                 0,                 0,                 0,      -0.001600033,    -0.02119764172,      0.4451644226,                 0,       44.97369774,      0.0150665004
          0,           0,         879,      -11.41495989,      -11.75936211,      -12.28768318,      -11.93282707,      -17.09384299,     0.01574597947,    0.009907095045,      0.4455586885,                 0,                 0,                 0,   -0.001600034682,     -0.0211976411,      0.4451644139,                 0,       44.97369677,      0.0150665004
          0,           0,         880,      -11.41827982,      -11.76267041,      -12.29100992,      -11.93619483,       -17.1002613,     0.01574597947,    0.009907095065,      0.4455586799,                 0,                 0,                 0,   -0.001600036347,    -0.02119764048,      0.4451644054,                 0,       44.97369582,      0.0150665004
          0,           0,         881,      -11.42159913,      -11.76598081,      -12.29435241,       -11.9395564,      -17.10667015,     0.01574597947,    0.009907095085,      0.4455586714,                 0,                 0,                 0,   -0.001600037997,    -0.02119763986,      0.4451643969,                 0,       44.97369487,      0.0150665004
          0,           0,         882,       -11.4249198,      -11.76929148,      -12.29766879,      -11.94291887,      -17.11306967,     0.01574597947,    0.009907095105,       0.445558663,                 0,                 0,                 0,    -0.00160003963,    -0.02119763926,      0.4451643885,                 0,       44.97369393,      0.0150665004
          0,           0,         883,      -11.42824055,      -11.77259668,      -12.30103071,      -11.94628382,      -17.11945973,     0.01574597947,    0.009907095125,      0.4455586547,                 0,                 0,                 0,   -0.001600041247,    -0.02119763866,      0.4451643802,                 0,         44.973693,      0.0150665004
          0,           0,         884,      -11.43156132,      -11.77590872,      -12.30436512,      -11.94963788,      -17.12584025,     0.01574597947,    0.009907095144,      0.4455586464,                 0,                 0,                 0,   -0.001600042849,    -0.02119763806,       0.445164372,                 0,       44.97369208,      0.0150665004
          0,           0,         885,      -11.43488304,      -11.77922005,       -12.3076764,      -11.95301288,      -17.13221114,     0.01574597947,    0.009907095164,      0.4455586382,                 0,                 0,                 0,   -0.001600044436,    -0.02119763747,      0.4451643638,                 0,       44.97369116,      0.0150665004
          0,           0,         886,      -11.43820545,       -11.7825309,      -12.31102991,      -11.95638858,      -17.13857235,     0.01574597947,    0.009907095184,      0.4455586302,                 0,                 0,                 0,   -0.001600046007,    -0.02119763689,      0.4451643558,                 0,       44.97369026,      0.0150665004
          0,           0,         887,      -11.44152703,      -11.78584183,      -12.31436135,      -11.95973929,      -17.14492419,     0.01574597947,    0.009907095204,      0.4455586222,                 0,                 0,                 0,   -0.001600047562,    -0.02119763631,      0.4451643478,                 0,       44.97368936,      0.0150665004
          0,           0,         888,      -11.44484954,      -11.78914979,      -12.31770335,       -11.9631016,      -17.15126629,     0.01574597947,    0.009907095224,      0.4455586142,                 0,                 0,                 0,   -0.001600049103,    -0.02119763574,      0.4451643399,                 0,       44.97368847,      0.0150665004
          0,           0,         889,      -11.44817209,      -11.79246343,      -12.32101655,      -11.96647617,      -17.15759838,     0.01574597947,    0.009907095244,      0.4455586064,                 0,                 0,                 0,    -0.00160005063,    -0.02119763517,      0.4451643321,                 0,       44.97368759,      0.0150665004
          0,           0,         890,      -11.45149542,      -11.79577493,      -12.32437221,      -11.96984029,      -17.16392052,     0.01574597947,    0.009907095264,      0.4455585986,                 0,                 0,                 0,   -0.001600052141,    -0.02119763461,      0.4451643243,                 0,       44.97368671,      0.0150665004
          0,           0,         891,      -11.45481863,       -11.7990868,      -12.32771334,      -11.97320852,      -17.17023266,     0.01574597947,    0.009907095284,      0.4455585909,                 0,                 0,                 0,   -0.001600053638,    -0.02119763405,      0.4451643166,                 0,       44.97368585,      0.0150665004
          0,           0,         892,      -11.45814165,      -11.80239682,      -12.33103014,      -11.97656342,      -17.17653469,     0.01574597947,    0.009907095304,      0.4455585833,                 0,                 0,                 0,   -0.001600055121,     -0.0211976335,      0.4451643091,                 0,       44.97368499,      0.0150665004
          0,           0,         893,      -11.46146604,      -11.80570775,      -12.33438074,      -11.97990572,      -17.18282674,     0.01574597947,    0.009907095323,      0.4455585758,                 0,                 0,                 0,    -0.00160005659,    -0.02119763296,      0.4451643015,                 0,       44.97368414,      0.0150665004
          0,           0,         894,      -11.46479003,      -11.80901611,      -12.33772155,      -11.98325503,       -17.1891086,     0.01574597947,    0.009907095343,      0.4455585683,                 0,                 0,                 0,   -0.001600058044,    -0.02119763242,      0.4451642941,                 0,       44.97368329,      0.0150665004
          0,           0,         895,      -11.46811517,      -11.81232754,      -12.34105936,      -11.98663447,      -17.19538016,     0.01574597947,    0.009907095363,      0.4455585609,                 0,                 0,                 0,   -0.001600059485,    -0.02119763188,      0.4451642867,                 0,       44.97368246,      0.0150665004
          0,           0,         896,      -11.47144051,      -11.81564116,      -12.34438936,      -11.99000558,      -17.20164142,     0.01574597947,    0.009907095383,      0.4455585536,                 0,                 0,                 0,   -0.001600060913,    -0.02119763135,      0.4451642794,                 0,       44.97368163,      0.0150665004
          0,           0,         897,      -11.47476426,      -11.81895152,      -12.34772624,      -11.99334855,      -17.20789231,     0.01574597947,    0.009907095403,      0.4455585464,                 0,                 0,                 0,   -0.001600062326,    -0.02119763083,      0.4451642722,                 0,       44.97368081,      0.0150665004
          0,           0,         898,      -11.47809005,       -11.8222687,      -12.35105525,      -11.99672819,      -17.21413235,     0.01574597947,    0.009907095423,      0.4455585392,                 0,                 0,                 0,   -0.001600063727,    -0.02119763031,       0.445164265,                 0,       44.97367999,      0.0150665004
          0,           0,         899,      -11.48141625,      -11.82558172,      -12.35438768,      -12.00009436,      -17.22036187,     0.01574597947,    0.009907095443,      0.4455585321,                 0,                 0,                 0,   -0.001600065114,    -0.02119762979,       0.445164258,                 0,       44.97367918,      0.0150665004
          0,           0,         900,      -11.48474216,      -11.82888973,      -12.35775328,      -12.00343983,      -17.22658109,     0.01574597947,    0.009907095463,      0.4455585251,                 0,                 0,                 0,   -0.001600066488,    -0.02119762928,      0.4451642509,                 0,       44.97367838,      0.0150665004
          0,           0,         901,      -11.48806822,      -11.83220962,       -12.3610751,      -12.00681859,       -17.2327894,     0.01574597947,    0.009907095483,      0.4455585181,                 0,                 0,                 0,   -0.001600067849,    -0.02119762877,       0.445164244,                 0,       44.97367759,      0.0150665004
          0,           0,         902,      -11.49139546,      -11.83552248,      -12.36441353,      -12.01017788,      -17.23898704,     0.01574597947,    0.009907095503,      0.4455585112,                 0,                 0,                 0,   -0.001600069198,    -0.02119762827,      0.4451642371,                 0,        44.9736768,      0.0150665004
          0,           0,         903,      -11.49472194,      -11.83883145,      -12.36774733,      -12.01350844,      -17.24517354,     0.01574597947,    0.009907095523,      0.4455585044,                 0,                 0,                 0,   -0.001600070533,    -0.02119762778,      0.4451642303,                 0,       44.97367602,      0.0150665004
          0,           0,         904,       -11.4980488,      -11.84214431,      -12.37109195,       -12.0168593,      -17.25134916,     0.01574597947,    0.009907095543,      0.4455584976,                 0,                 0,                 0,   -0.001600071857,    -0.02119762728,      0.4451642236,                 0,       44.97367525,      0.0150665004
          0,           0,         905,      -11.50137817,      -11.84545905,      -12.37442141,      -12.02024518,      -17.25751366,     0.01574597947,    0.009907095563,      0.4455584909,                 0,                 0,                 0,   -0.001600073168,     -0.0211976268,      0.4451642169,                 0,       44.97367448,      0.0150665004
          0,           0,         906,      -11.50470532,      -11.84877683,      -12.37773366,       -12.0235956,      -17.26366744,     0.01574597947,    0.009907095583,      0.4455584843,                 0,                 0,                 0,   -0.001600074466,    -0.02119762631,      0.4451642103,                 0,       44.97367372,      0.0150665004
          0,           0,         907,      -11.50803256,      -11.85209007,      -12.38110353,      -12.02696042,      -17.26980992,     0.01574597947,    0.009907095603,      0.4455584777,                 0,                 0,                 0,   -0.001600075753,    -0.02119762584,      0.4451642037,                 0,       44.97367297,      0.0150665004
          0,           0,         908,      -11.51136089,      -11.85540229,      -12.38443087,      -12.03031289,      -17.27594116,     0.01574597947,    0.009907095623,      0.4455584712,                 0,                 0,                 0,   -0.001600077027,    -0.02119762536,      0.4451641972,                 0,       44.97367222,      0.0150665004
          0,           0,         909,      -11.51468762,       -11.8587173,      -12.38780042,      -12.03366479,      -17.28206106,     0.01574597947,    0.009907095642,      0.4455584648,                 0,                 0,                 0,    -0.00160007829,    -0.02119762489,      0.4451641908,                 0,       44.97367148,      0.0150665004
          0,           0,         910,      -11.51801707,      -11.86203571,      -12.39109523,      -12.03702336,       -17.2881696,     0.01574597947,    0.009907095662,      0.4455584584,                 0,                 0,                 0,   -0.001600079541,    -0.02119762443,      0.4451641844,                 0,       44.97367075,      0.0150665004
          0,           0,         911,      -11.52134593,      -11.86535005,      -12.39444151,      -12.04038931,      -17.29426661,     0.01574597947,    0.009907095682,      0.4455584521,                 0,                 0,                 0,   -0.001600080781,    -0.02119762397,      0.4451641781,                 0,       44.97367002,      0.0150665004
          0,           0,         912,      -11.52467481,      -11.86866112,      -12.39778917,      -12.04371607,      -17.30035209,     0.01574597947,    0.009907095702,      0.4455584458,                 0,                 0,                 0,   -0.001600082009,    -0.02119762351,      0.4451641719,                 0,        44.9736693,      0.0150665004
          0,           0,         913,      -11.52800576,      -11.87197959,      -12.40111498,      -12.04709588,      -17.30642568,     0.01574597947,    0.009907095722,      0.4455584396,                 0,                 0,                 0,   -0.001600083226,    -0.02119762306,      0.4451641657,                 0,       44.97366858,      0.0150665004
          0,           0,         914,       -11.5313343,      -11.87528732,      -12.40447209,      -12.05041105,      -17.31248786,     0.01574597947,    0.009907095742,      0.4455584334,                 0,                 0,                 0,   -0.001600084432,    -0.02119762261,      0.4451641596,                 0,       44.97366787,      0.0150665004
          0,           0,         915,      -11.53466463,      -11.87860673,      -12.40778793,      -12.05379692,      -17.31853816,     0.01574597947,    0.009907095761,      0.4455584274,                 0,                 0,                 0,   -0.001600085626,    -0.02119762217,      0.4451641535,                 0,       44.97366717,      0.0150665004
          0,           0,         916,      -11.53799536,      -11.88192042,      -12.41111365,      -12.05714127,      -17.32457654,     0.01574597947,    0.009907095781,      0.4455584213,                 0,                 0,                 0,    -0.00160008681,    -0.02119762173,      0.4451641475,                 0,       44.97366647,      0.0150665004
          0,           0,         917,      -11.54132587,      -11.88523659,      -12.41448439,      -12.06051898,      -17.33060311,     0.01574597947,    0.009907095801,      0.4455584154,                 0,                 0,                 0,   -0.001600087982,    -0.02119762129,      0.4451641415,                 0,       44.97366578,      0.0150665004
          0,           0,         918,      -11.54465652,        -11.888553,      -12.41780085,      -12.06386731,      -17.33661798,     0.01574597947,    0.009907095821,      0.4455584095,                 0,                 0,                 0,   -0.001600089144,    -0.02119762086,      0.4451641356,                 0,       44.97366509,      0.0150665004
          0,           0,         919,       -11.5479872,      -11.89186759,       -12.4211554,      -12.06721585,      -17.34262055,     0.01574597947,     0.00990709584,      0.4455584036,                 0,                 0,                 0,   -0.001600090296,    -0.02119762043,      0.4451641298,                 0,       44.97366441,      0.0150665004
          0,           0,         920,      -11.55131853,      -11.89518187,      -12.42447015,       -12.0705421,       -17.3486106,     0.01574597947,     0.00990709586,      0.4455583978,                 0,                 0,                 0,   -0.001600091437,       -0.02119762,       0.445164124,                 0,       44.97366373,      0.0150665004
          0,           0,         921,      -11.55464984,      -11.89850293,      -12.42782298,      -12.07393295,      -17.35458833,     0.01574597947,     0.00990709588,       0.445558392,                 0,                 0,                 0,   -0.001600092567,    -0.02119761958,      0.4451641183,                 0,       44.97366306,      0.0150665004
          0,           0,         922,      -11.55798111,      -11.90181707,      -12.43114978,      -12.07727616,      -17.36055373,     0.01574597947,    0.009907095899,      0.4455583864,                 0,                 0,                 0,   -0.001600093687,    -0.02119761917,      0.4451641126,                 0,        44.9736624,      0.0150665004
          0,           0,         923,       -11.5613127,      -11.90513559,      -12.43448548,      -12.08064202,      -17.36650646,     0.01574597947,    0.009907095919,      0.4455583807,                 0,                 0,                 0,   -0.001600094797,    -0.02119761875,       0.445164107,                 0,       44.97366174,      0.0150665004
          0,           0,         924,      -11.56464515,      -11.90844618,      -12.43784313,      -12.08397083,      -17.37244668,     0.01574597947,    0.009907095939,      0.4455583751,                 0,                 0,                 0,   -0.001600095897,    -0.02119761834,      0.4451641014,                 0,       44.97366109,      0.0150665004
          0,           0,         925,       -11.5679777,      -11.91176322,      -12.44115481,      -12.08732363,      -17.37837484,     0.01574597947,    0.009907095958,      0.4455583696,                 0,                 0,                 0,   -0.001600096988,    -0.02119761794,      0.4451640959,                 0,       44.97366044,      0.0150665004
          0,           0,         926,      -11.57131035,      -11.91508032,      -12.44451719,      -12.09068411,      -17.38429009,     0.01574597947,    0.009907095978,      0.4455583641,                 0,                 0,                 0,   -0.001600098068,    -0.02119761754,      0.4451640904,                 0,        44.9736598,      0.0150665004
          0,           0,         927,      -11.57464322,      -11.91839678,      -12.44779991,      -12.09403336,      -17.39019252,     0.01574597947,    0.009907095997,      0.4455583587,                 0,                 0,                 0,   -0.001600099138,    -0.02119761714,       0.445164085,                 0,       44.97365916,      0.0150665004
          0,           0,         928,      -11.57797593,      -11.92171479,      -12.45117434,       -12.0974158,      -17.39608177,     0.01574597947,    0.009907096017,      0.4455583533,                 0,                 0,                 0,   -0.001600100199,    -0.02119761674,      0.4451640796,                 0,       44.97365853,      0.0150665004
          0,           0,         929,      -11.58130868,       -11.9250369,      -12.45450736,      -12.10074602,      -17.40195859,     0.01574597947,    0.009907096036,       0.445558348,                 0,                 0,                 0,    -0.00160010125,    -0.02119761635,      0.4451640743,                 0,        44.9736579,      0.0150665004
          0,           0,         930,      -11.58464248,      -11.92834854,      -12.45784474,      -12.10409374,      -17.40782184,     0.01574597947,    0.009907096056,      0.4455583427,                 0,                 0,                 0,   -0.001600102292,    -0.02119761596,       0.445164069,                 0,       44.97365728,      0.0150665004
          0,           0,         931,       -11.5879761,      -11.93166231,      -12.46118616,      -12.10742175,      -17.41367257,     0.01574597947,    0.009907096075,      0.4455583374,                 0,                 0,                 0,   -0.001600103325,    -0.02119761558,      0.4451640638,                 0,       44.97365667,      0.0150665004
          0,           0,         932,      -11.59131069,      -11.93498268,      -12.46451808,      -12.11078838,      -17.41951059,     0.01574597947,    0.009907096094,      0.4455583323,                 0,                 0,                 0,   -0.001600104348,     -0.0211976152,      0.4451640586,                 0,       44.97365606,      0.0150665004
          0,           0,         933,      -11.59464421,      -11.93830009,      -12.46785963,      -12.11412889,      -17.42533526,     0.01574597947,    0.009907096114,      0.4455583271,                 0,                 0,                 0,   -0.001600105362,    -0.02119761482,      0.4451640535,                 0,       44.97365545,      0.0150665004
          0,           0,         934,      -11.59797793,      -11.94161417,      -12.47119031,      -12.11748565,      -17.43114692,     0.01574597947,    0.009907096133,       0.445558322,                 0,                 0,                 0,   -0.001600106367,    -0.02119761445,      0.4451640484,                 0,       44.97365485,      0.0150665004
          0,           0,         935,      -11.60131292,      -11.94492979,      -12.47453172,      -12.12083678,      -17.43694534,     0.01574597947,    0.009907096152,       0.445558317,                 0,                 0,                 0,   -0.001600107364,    -0.02119761408,      0.4451640434,                 0,       44.97365425,      0.0150665004
          0,           0,         936,      -11.60464751,      -11.94824746,      -12.47784246,      -12.12419894,       -17.4427296,     0.01574597947,    0.009907096171,       0.445558312,                 0,                 0,                 0,   -0.001600108351,    -0.02119761371,      0.4451640384,                 0,       44.97365366,      0.0150665004
          0,           0,         937,      -11.60798213,      -11.95156564,      -12.48121654,      -12.12754073,      -17.44850047,     0.01574597947,    0.009907096191,       0.445558307,                 0,                 0,                 0,   -0.001600109329,    -0.02119761334,      0.4451640335,                 0,       44.97365307,      0.0150665004
          0,           0,         938,      -11.61131769,      -11.95488716,      -12.48453323,      -12.13089046,      -17.45425758,     0.01574597947,     0.00990709621,      0.4455583021,                 0,                 0,                 0,   -0.001600110299,    -0.02119761298,      0.4451640286,                 0,       44.97365249,      0.0150665004
          0,           0,         939,      -11.61465342,      -11.95820375,      -12.48787268,      -12.13425472,      -17.46000165,     0.01574597947,    0.009907096229,      0.4455582973,                 0,                 0,                 0,   -0.001600111261,    -0.02119761262,      0.4451640237,                 0,       44.97365191,      0.0150665004
          0,           0,         940,       -11.6179881,      -11.96151977,      -12.49120494,      -12.13756389,      -17.46573211,     0.01574597947,    0.009907096248,      0.4455582924,                 0,                 0,                 0,   -0.001600112213,    -0.02119761227,      0.4451640189,                 0,       44.97365134,      0.0150665004
          0,           0,         941,      -11.62132367,      -11.96483991,      -12.49453707,      -12.14093343,      -17.47144936,     0.01574597947,    0.009907096267,      0.4455582877,                 0,                 0,                 0,   -0.001600113158,    -0.02119761192,      0.4451640142,                 0,       44.97365077,      0.0150665004
          0,           0,         942,      -11.62465906,      -11.96815484,       -12.4979005,      -12.14426873,      -17.47715187,     0.01574597947,    0.009907096286,      0.4455582829,                 0,                 0,                 0,   -0.001600114094,    -0.02119761157,      0.4451640095,                 0,       44.97365021,      0.0150665004
          0,           0,         943,      -11.62799629,      -11.97147388,      -12.50122297,      -12.14759878,      -17.48284051,     0.01574597947,    0.009907096305,      0.4455582783,                 0,                 0,                 0,   -0.001600115022,    -0.02119761122,      0.4451640048,                 0,       44.97364965,      0.0150665004
          0,           0,         944,      -11.63133391,      -11.97479605,      -12.50455774,      -12.15097681,      -17.48851535,     0.01574597947,    0.009907096324,      0.4455582736,                 0,                 0,                 0,   -0.001600115941,    -0.02119761088,      0.4451640001,                 0,       44.97364909,      0.0150665004
          0,           0,         945,      -11.63466922,      -11.97810832,      -12.50789234,       -12.1543001,      -17.49417633,     0.01574597947,    0.009907096343,       0.445558269,                 0,                 0,                 0,   -0.001600116853,    -0.02119761054,      0.4451639956,                 0,       44.97364854,      0.0150665004
          0,           0,         946,      -11.63800571,      -11.98142328,       -12.5112224,      -12.15764938,      -17.49982295,     0.01574597947,    0.009907096362,      0.4455582644,                 0,                 0,                 0,   -0.001600117757,     -0.0211976102,       0.445163991,                 0,         44.973648,      0.0150665004
          0,           0,         947,      -11.64134343,      -11.98474581,      -12.51455564,      -12.16100608,      -17.50545592,     0.01574597947,    0.009907096381,      0.4455582599,                 0,                 0,                 0,   -0.001600118652,    -0.02119760987,      0.4451639865,                 0,       44.97364745,      0.0150665004
          0,           0,         948,      -11.64467971,      -11.98806404,       -12.5178858,      -12.16435056,      -17.51107562,     0.01574597947,    0.009907096399,      0.4455582554,                 0,                 0,                 0,    -0.00160011954,    -0.02119760954,       0.445163982,                 0,       44.97364692,      0.0150665004
          0,           0,         949,      -11.64801753,      -11.99138296,      -12.52123818,      -12.16769115,      -17.51668026,     0.01574597947,    0.009907096418,       0.445558251,                 0,                 0,                 0,    -0.00160012042,    -0.02119760921,      0.4451639776,                 0,       44.97364638,      0.0150665004
          0,           0,         950,      -11.65135573,      -11.99470313,       -12.5245624,      -12.17106475,      -17.52227055,     0.01574597947,    0.009907096437,      0.4455582466,                 0,                 0,                 0,   -0.001600121293,    -0.02119760888,      0.4451639732,                 0,       44.97364585,      0.0150665004
          0,           0,         951,      -11.65469262,      -11.99801984,      -12.52792099,      -12.17439918,      -17.52784605,     0.01574597947,    0.009907096456,      0.4455582422,                 0,                 0,                 0,   -0.001600122158,    -0.02119760856,      0.4451639689,                 0,       44.97364533,      0.0150665004
          0,           0,         952,       -11.6580298,      -12.00133739,      -12.53125297,      -12.17772095,      -17.53340767,     0.01574597947,    0.009907096474,      0.4455582379,                 0,                 0,                 0,   -0.001600123015,    -0.02119760824,      0.4451639646,                 0,       44.97364481,      0.0150665004
          0,           0,         953,      -11.66136884,      -12.00465873,      -12.53457379,      -12.18108545,      -17.53895504,     0.01574597947,    0.009907096493,      0.4455582336,                 0,                 0,                 0,   -0.001600123865,    -0.02119760792,      0.4451639603,                 0,       44.97364429,      0.0150665004
          0,           0,         954,      -11.66470624,      -12.00797386,      -12.53790941,      -12.18441391,      -17.54448743,     0.01574597947,    0.009907096512,      0.4455582294,                 0,                 0,                 0,   -0.001600124708,    -0.02119760761,      0.4451639561,                 0,       44.97364378,      0.0150665004
          0,           0,         955,      -11.66804547,       -12.0112971,      -12.54124034,      -12.18777724,      -17.55000606,     0.01574597947,     0.00990709653,      0.4455582252,                 0,                 0,                 0,   -0.001600125543,     -0.0211976073,      0.4451639519,                 0,       44.97364327,      0.0150665004
          0,           0,         956,      -11.67138419,      -12.01461232,      -12.54459203,      -12.19109726,      -17.55550923,     0.01574597947,    0.009907096549,       0.445558221,                 0,                 0,                 0,   -0.001600126371,    -0.02119760699,      0.4451639477,                 0,       44.97364277,      0.0150665004
          0,           0,         957,      -11.67472302,      -12.01792991,      -12.54788876,      -12.19443414,      -17.56099809,     0.01574597947,    0.009907096567,      0.4455582169,                 0,                 0,                 0,   -0.001600127192,    -0.02119760668,      0.4451639436,                 0,       44.97364226,      0.0150665004
          0,           0,         958,      -11.67806036,      -12.02124666,       -12.5512503,      -12.19778203,      -17.56647308,     0.01574597947,    0.009907096585,      0.4455582128,                 0,                 0,                 0,   -0.001600128006,    -0.02119760638,      0.4451639395,                 0,       44.97364177,      0.0150665004
          0,           0,         959,      -11.68140006,      -12.02456819,      -12.55455612,      -12.20112095,      -17.57193313,     0.01574597947,    0.009907096604,      0.4455582087,                 0,                 0,                 0,   -0.001600128812,    -0.02119760607,      0.4451639354,                 0,       44.97364127,      0.0150665004
          0,           0,         960,      -11.68474007,      -12.02788481,      -12.55793266,      -12.20449991,      -17.57737801,     0.01574597947,    0.009907096622,      0.4455582047,                 0,                 0,                 0,   -0.001600129612,    -0.02119760577,      0.4451639314,                 0,       44.97364078,      0.0150665004
          0,           0,         961,      -11.68808018,      -12.03119871,       -12.5612521,      -12.20779615,      -17.58280802,     0.01574597947,     0.00990709664,      0.4455582007,                 0,                 0,                 0,   -0.001600130405,    -0.02119760548,      0.4451639275,                 0,        44.9736403,      0.0150665004
          0,           0,         962,      -11.69141969,      -12.03452355,       -12.5645669,      -12.21116574,      -17.58822303,     0.01574597947,    0.009907096659,      0.4455581968,                 0,                 0,                 0,   -0.001600131192,    -0.02119760518,      0.4451639235,                 0,       44.97363982,      0.0150665004
          0,           0,         963,      -11.69475747,      -12.03783872,      -12.56794316,      -12.21450545,       -17.5936235,     0.01574597947,    0.009907096677,      0.4455581928,                 0,                 0,                 0,   -0.001600131971,    -0.02119760489,      0.4451639196,                 0,       44.97363934,      0.0150665004
          0,           0,         964,      -11.69809854,      -12.04115682,      -12.57127023,      -12.21783966,      -17.59900969,     0.01574597947,    0.009907096695,       0.445558189,                 0,                 0,                 0,   -0.001600132744,     -0.0211976046,      0.4451639157,                 0,       44.97363886,      0.0150665004
          0,           0,         965,      -11.70144021,      -12.04447387,      -12.57456253,      -12.22116827,      -17.60438015,     0.01574597947,    0.009907096713,      0.4455581851,                 0,                 0,                 0,    -0.00160013351,    -0.02119760432,      0.4451639119,                 0,       44.97363839,      0.0150665004
          0,           0,         966,      -11.70478041,      -12.04779165,       -12.5779161,       -12.2245245,      -17.60973512,     0.01574597947,    0.009907096731,      0.4455581813,                 0,                 0,                 0,    -0.00160013427,    -0.02119760403,      0.4451639081,                 0,       44.97363793,      0.0150665004
          0,           0,         967,      -11.70812049,      -12.05111043,      -12.58124557,      -12.22785707,      -17.61507655,     0.01574597947,    0.009907096749,      0.4455581775,                 0,                 0,                 0,   -0.001600135023,    -0.02119760375,      0.4451639043,                 0,       44.97363746,      0.0150665004
          0,           0,         968,      -11.71146252,      -12.05443336,       -12.5846109,      -12.23122192,      -17.62040265,     0.01574597947,    0.009907096767,      0.4455581738,                 0,                 0,                 0,    -0.00160013577,    -0.02119760347,      0.4451639006,                 0,         44.973637,      0.0150665004
          0,           0,         969,      -11.71480336,      -12.05775508,      -12.58791831,      -12.23455575,      -17.62571312,     0.01574597947,    0.009907096785,        0.44555817,                 0,                 0,                 0,   -0.001600136511,    -0.02119760319,      0.4451638969,                 0,       44.97363654,      0.0150665004
          0,           0,         970,      -11.71814365,      -12.06106999,       -12.5912659,      -12.23790081,      -17.63100888,     0.01574597947,    0.009907096803,      0.4455581664,                 0,                 0,                 0,   -0.001600137245,    -0.02119760292,      0.4451638932,                 0,       44.97363609,      0.0150665004
          0,           0,         971,      -11.72148443,      -12.06438255,      -12.59458539,      -12.24121108,      -17.63628997,     0.01574597947,    0.009907096821,      0.4455581627,                 0,                 0,                 0,   -0.001600137973,    -0.02119760265,      0.4451638895,                 0,       44.97363564,      0.0150665004
          0,           0,         972,      -11.72482684,      -12.06770897,        -12.597927,      -12.24456276,      -17.64155448,     0.01574597947,    0.009907096839,      0.4455581591,                 0,                 0,                 0,   -0.001600138695,    -0.02119760238,      0.4451638859,                 0,       44.97363519,      0.0150665004
          0,           0,         973,       -11.7281689,      -12.07102665,      -12.60124792,      -12.24789426,      -17.64680532,     0.01574597947,    0.009907096857,      0.4455581555,                 0,                 0,                 0,   -0.001600139411,    -0.02119760211,      0.4451638824,                 0,       44.97363475,      0.0150665004
          0,           0,         974,      -11.73151001,      -12.07434611,      -12.60458832,      -12.25124354,      -17.65204145,     0.01574597947,    0.009907096875,      0.4455581519,                 0,                 0,                 0,   -0.001600140121,    -0.02119760184,      0.4451638788,                 0,       44.97363431,      0.0150665004
          0,           0,         975,      -11.73485262,      -12.07766835,      -12.60790027,      -12.25457946,      -17.65726233,     0.01574597947,    0.009907096892,      0.4455581484,                 0,                 0,                 0,   -0.001600140825,    -0.02119760158,      0.4451638753,                 0,       44.97363388,      0.0150665004
          0,           0,         976,      -11.73819602,      -12.08098338,      -12.61126227,        -12.257919,      -17.66246687,     0.01574597947,     0.00990709691,      0.4455581449,                 0,                 0,                 0,   -0.001600141523,    -0.02119760132,      0.4451638718,                 0,       44.97363344,      0.0150665004
          0,           0,         977,      -11.74153721,       -12.0843033,       -12.6146006,      -12.26128163,      -17.66765615,     0.01574597947,    0.009907096928,      0.4455581414,                 0,                 0,                 0,   -0.001600142215,    -0.02119760106,      0.4451638683,                 0,       44.97363301,      0.0150665004
          0,           0,         978,       -11.7448785,      -12.08762089,      -12.61790407,      -12.26460176,      -17.67283134,     0.01574597947,    0.009907096945,       0.445558138,                 0,                 0,                 0,   -0.001600142901,     -0.0211976008,      0.4451638649,                 0,       44.97363259,      0.0150665004
          0,           0,         979,      -11.74822313,       -12.0909407,      -12.62125953,      -12.26793335,      -17.67799264,     0.01574597947,    0.009907096963,      0.4455581346,                 0,                 0,                 0,   -0.001600143581,    -0.02119760054,      0.4451638615,                 0,       44.97363216,      0.0150665004
          0,           0,         980,      -11.75156641,      -12.09425931,      -12.62457109,      -12.27128956,      -17.68313749,     0.01574597947,     0.00990709698,      0.4455581312,                 0,                 0,                 0,   -0.001600144256,    -0.02119760029,      0.4451638581,                 0,       44.97363174,      0.0150665004
          0,           0,         981,      -11.75490922,      -12.09757816,      -12.62790936,      -12.27460242,      -17.68826685,     0.01574597947,    0.009907096998,      0.4455581279,                 0,                 0,                 0,   -0.001600144925,    -0.02119760004,      0.4451638548,                 0,       44.97363132,      0.0150665004
          0,           0,         982,      -11.75825183,      -12.10089343,      -12.63126407,      -12.27791764,      -17.69338122,     0.01574597947,    0.009907097015,      0.4455581245,                 0,                 0,                 0,   -0.001600145589,    -0.02119759979,      0.4451638515,                 0,       44.97363091,      0.0150665004
          0,           0,         983,      -11.76159384,      -12.10421472,      -12.63457659,      -12.28126017,      -17.69847978,     0.01574597947,    0.009907097033,      0.4455581212,                 0,                 0,                 0,   -0.001600146247,    -0.02119759954,      0.4451638482,                 0,        44.9736305,      0.0150665004
          0,           0,         984,       -11.7649388,      -12.10753345,      -12.63789364,       -12.2845914,      -17.70356422,     0.01574597947,     0.00990709705,       0.445558118,                 0,                 0,                 0,     -0.0016001469,     -0.0211975993,       0.445163845,                 0,       44.97363009,      0.0150665004
          0,           0,         985,      -11.76828255,      -12.11085289,       -12.6412116,      -12.28795306,      -17.70863332,     0.01574597947,    0.009907097067,      0.4455581147,                 0,                 0,                 0,   -0.001600147547,    -0.02119759906,      0.4451638417,                 0,       44.97362968,      0.0150665004
          0,           0,         986,      -11.77162532,      -12.11417464,      -12.64459881,      -12.29129871,      -17.71368731,     0.01574597947,    0.009907097084,      0.4455581115,                 0,                 0,                 0,   -0.001600148188,    -0.02119759881,      0.4451638385,                 0,       44.97362928,      0.0150665004
          0,           0,         987,      -11.77497031,      -12.11749487,      -12.64789286,      -12.29461591,      -17.71872638,     0.01574597947,    0.009907097102,      0.4455581084,                 0,                 0,                 0,   -0.001600148825,    -0.02119759858,      0.4451638354,                 0,       44.97362888,      0.0150665004
          0,           0,         988,      -11.77831462,      -12.12081246,      -12.65125513,      -12.29797614,      -17.72375074,     0.01574597947,    0.009907097119,      0.4455581052,                 0,                 0,                 0,   -0.001600149456,    -0.02119759834,      0.4451638322,                 0,       44.97362849,      0.0150665004
          0,           0,         989,      -11.78165925,      -12.12412608,      -12.65455308,      -12.30128311,      -17.72875834,     0.01574597947,    0.009907097136,      0.4455581021,                 0,                 0,                 0,   -0.001600150082,     -0.0211975981,      0.4451638291,                 0,       44.97362809,      0.0150665004
          0,           0,         990,      -11.78500356,      -12.12744356,      -12.65789736,       -12.3046093,       -17.7337516,     0.01574597947,    0.009907097153,       0.445558099,                 0,                 0,                 0,   -0.001600150703,    -0.02119759787,       0.445163826,                 0,        44.9736277,      0.0150665004
          0,           0,         991,      -11.78834957,      -12.13077023,      -12.66123843,      -12.30797597,      -17.73873096,     0.01574597947,     0.00990709717,      0.4455580959,                 0,                 0,                 0,   -0.001600151319,    -0.02119759764,      0.4451638229,                 0,       44.97362732,      0.0150665004
          0,           0,         992,      -11.79169385,      -12.13407968,      -12.66457351,      -12.31129527,      -17.74369433,     0.01574597947,    0.009907097187,      0.4455580928,                 0,                 0,                 0,   -0.001600151929,    -0.02119759741,      0.4451638199,                 0,       44.97362693,      0.0150665004
          0,           0,         993,      -11.79503953,      -12.13739517,      -12.66789463,      -12.31460771,        -17.748643,     0.01574597947,    0.009907097204,      0.4455580898,                 0,                 0,                 0,   -0.001600152535,    -0.02119759718,      0.4451638169,                 0,       44.97362655,      0.0150665004
          0,           0,         994,      -11.79838478,      -12.14071981,      -12.67122351,      -12.31799325,      -17.75357641,     0.01574597947,    0.009907097221,      0.4455580868,                 0,                 0,                 0,   -0.001600153135,    -0.02119759695,      0.4451638139,                 0,       44.97362617,      0.0150665004
          0,           0,         995,      -11.80172872,      -12.14404124,      -12.67456028,      -12.32130942,      -17.75849382,     0.01574597947,    0.009907097237,      0.4455580838,                 0,                 0,                 0,   -0.001600153731,    -0.02119759673,      0.4451638109,                 0,       44.97362579,      0.0150665004
          0,           0,         996,       -11.8050752,      -12.14735379,      -12.67787196,      -12.32462451,      -17.76339735,     0.01574597947,    0.009907097254,      0.4455580809,                 0,                 0,                 0,   -0.001600154322,    -0.02119759651,       0.445163808,                 0,       44.97362542,      0.0150665004
          0,           0,         997,      -11.80842053,      -12.15067721,      -12.68118926,       -12.3279786,      -17.76828575,     0.01574597947,    0.009907097271,       0.445558078,                 0,                 0,                 0,   -0.001600154908,    -0.02119759629,      0.4451638051,                 0,       44.97362505,      0.0150665004
          0,           0,         998,       -11.8117679,      -12.15399642,      -12.68453145,      -12.33129727,       -17.7731598,     0.01574597947,    0.009907097288,      0.4455580751,                 0,                 0,                 0,   -0.001600155489,    -0.02119759607,      0.4451638022,                 0,       44.97362468,      0.0150665004
          0,           0,         999,      -11.81511298,      -12.15731065,      -12.68786412,      -12.33460697,      -17.77801814,     0.01574597947,    0.009907097304,      0.4455580722,                 0,                 0,                 0,   -0.001600156065,    -0.02119759585,      0.4451637993,                 0,       44.97362431,      0.0150665004
          0,           0,        1000,      -11.81846041,      -12.16062533,      -12.69121534,       -12.3379326,      -17.78286319,     0.01574597947,    0.009907097321,      0.4455580693,                 0,                 0,                 0,   -0.001600156637,    -0.02119759564,      0.4451637965,                 0,       44.97362395,      0.0150665004
          0,           0,        1001,      -11.82180725,      -12.16394204,      -12.69451865,      -12.34128734,       -17.7876921,     0.01574597947,    0.009907097338,      0.4455580665,                 0,                 0,                 0,   -0.001600157204,    -0.02119759542,      0.4451637936,                 0,       44.97362359,      0.0150665004
          0,           0,        1002,      -11.82515416,      -12.16725701,      -12.69788179,      -12.34459615,      -17.79250777,     0.01574597947,    0.009907097354,      0.4455580637,                 0,                 0,                 0,   -0.001600157767,    -0.02119759521,      0.4451637908,                 0,       44.97362323,      0.0150665004
          0,           0,        1003,      -11.82850208,      -12.17058628,      -12.70118978,      -12.34795438,      -17.79730669,     0.01574597947,    0.009907097371,      0.4455580609,                 0,                 0,                 0,   -0.001600158325,      -0.021197595,      0.4451637881,                 0,       44.97362288,      0.0150665004
          0,           0,        1004,      -11.83184766,      -12.17390186,       -12.7045291,       -12.3512995,      -17.80209162,     0.01574597947,    0.009907097387,      0.4455580582,                 0,                 0,                 0,   -0.001600158878,    -0.02119759479,      0.4451637853,                 0,       44.97362252,      0.0150665004
          0,           0,        1005,      -11.83519522,      -12.17721623,      -12.70784959,       -12.3546291,      -17.80686229,     0.01574597947,    0.009907097403,      0.4455580554,                 0,                 0,                 0,   -0.001600159427,    -0.02119759458,      0.4451637826,                 0,       44.97362217,      0.0150665004
          0,           0,        1006,      -11.83854304,      -12.18054486,      -12.71114655,      -12.35798258,      -17.81161841,     0.01574597947,     0.00990709742,      0.4455580527,                 0,                 0,                 0,   -0.001600159971,    -0.02119759438,      0.4451637799,                 0,       44.97362182,      0.0150665004
          0,           0,        1007,      -11.84189047,       -12.1838617,      -12.71451338,      -12.36131468,      -17.81635947,     0.01574597947,    0.009907097436,        0.44555805,                 0,                 0,                 0,   -0.001600160511,    -0.02119759417,      0.4451637772,                 0,       44.97362148,      0.0150665004
          0,           0,        1008,      -11.84523827,      -12.18718022,      -12.71785297,      -12.36465844,      -17.82108515,     0.01574597947,    0.009907097452,      0.4455580474,                 0,                 0,                 0,   -0.001600161047,    -0.02119759397,      0.4451637745,                 0,       44.97362114,      0.0150665004
          0,           0,        1009,      -11.84858625,      -12.19049249,      -12.72118416,      -12.36792595,      -17.82579736,     0.01574597947,    0.009907097468,      0.4455580447,                 0,                 0,                 0,   -0.001600161578,    -0.02119759377,      0.4451637719,                 0,        44.9736208,      0.0150665004
          0,           0,        1010,      -11.85193503,      -12.19381552,      -12.72447353,      -12.37128377,      -17.83049545,     0.01574597947,    0.009907097485,      0.4455580421,                 0,                 0,                 0,   -0.001600162105,    -0.02119759357,      0.4451637693,                 0,       44.97362046,      0.0150665004
          0,           0,        1011,      -11.85528174,      -12.19714278,      -12.72780526,      -12.37462811,      -17.83518019,     0.01574597947,    0.009907097501,      0.4455580395,                 0,                 0,                 0,   -0.001600162628,    -0.02119759338,      0.4451637667,                 0,       44.97362012,      0.0150665004
          0,           0,        1012,      -11.85863105,      -12.20044154,      -12.73114004,      -12.37790083,      -17.83985064,     0.01574597947,    0.009907097517,      0.4455580369,                 0,                 0,                 0,   -0.001600163147,    -0.02119759318,      0.4451637641,                 0,       44.97361979,      0.0150665004
          0,           0,        1013,      -11.86197809,      -12.20376065,      -12.73446991,      -12.38123326,      -17.84450638,     0.01574597947,    0.009907097533,      0.4455580344,                 0,                 0,                 0,   -0.001600163661,    -0.02119759298,      0.4451637616,                 0,       44.97361946,      0.0150665004
          0,           0,        1014,      -11.86532714,      -12.20708587,      -12.73779903,      -12.38461791,       -17.8491488,     0.01574597947,    0.009907097549,      0.4455580318,                 0,                 0,                 0,   -0.001600164171,    -0.02119759279,       0.445163759,                 0,       44.97361913,      0.0150665004
          0,           0,        1015,      -11.86867669,      -12.21040682,      -12.74115229,      -12.38795756,      -17.85377581,     0.01574597947,    0.009907097565,      0.4455580293,                 0,                 0,                 0,   -0.001600164677,     -0.0211975926,      0.4451637565,                 0,        44.9736188,      0.0150665004
          0,           0,        1016,      -11.87202561,      -12.21371429,       -12.7444729,      -12.39123818,        -17.858389,     0.01574597947,    0.009907097581,      0.4455580268,                 0,                 0,                 0,   -0.001600165179,    -0.02119759241,       0.445163754,                 0,       44.97361848,      0.0150665004
          0,           0,        1017,      -11.87537506,      -12.21703614,      -12.74780176,      -12.39456292,      -17.86298841,     0.01574597947,    0.009907097596,      0.4455580243,                 0,                 0,                 0,   -0.001600165678,    -0.02119759222,      0.4451637516,                 0,       44.97361816,      0.0150665004
          0,           0,        1018,       -11.8787248,      -12.22035337,      -12.75110503,      -12.39788063,      -17.86757397,     0.01574597947,    0.009907097612,      0.4455580219,                 0,                 0,                 0,   -0.001600166172,    -0.02119759203,      0.4451637491,                 0,       44.97361784,      0.0150665004
          0,           0,        1019,      -11.88207358,      -12.22366871,      -12.75447794,      -12.40122464,      -17.87214344,     0.01574597947,    0.009907097628,      0.4455580194,                 0,                 0,                 0,   -0.001600166662,    -0.02119759185,      0.4451637467,                 0,       44.97361752,      0.0150665004
          0,           0,        1020,      -11.88542334,      -12.22698759,      -12.75776863,      -12.40455448,      -17.87670049,     0.01574597947,    0.009907097644,       0.445558017,                 0,                 0,                 0,   -0.001600167148,    -0.02119759166,      0.4451637443,                 0,        44.9736172,      0.0150665004
          0,           0,        1021,      -11.88877231,      -12.23030792,      -12.76110512,      -12.40789592,      -17.88124386,     0.01574597947,    0.009907097659,      0.4455580146,                 0,                 0,                 0,   -0.001600167631,    -0.02119759148,      0.4451637419,                 0,       44.97361689,      0.0150665004
          0,           0,        1022,      -11.89212262,      -12.23363059,      -12.76440582,      -12.41127069,      -17.88577352,     0.01574597947,    0.009907097675,      0.4455580123,                 0,                 0,                 0,   -0.001600168109,     -0.0211975913,      0.4451637395,                 0,       44.97361658,      0.0150665004
          0,           0,        1023,      -11.89547364,      -12.23694715,      -12.76775989,      -12.41456784,      -17.89028926,     0.01574597947,    0.009907097691,      0.4455580099,                 0,                 0,                 0,   -0.001600168584,    -0.02119759112,      0.4451637372,                 0,       44.97361627,      0.0150665004
          0,           0,        1024,       -11.8988256,      -12.24026502,      -12.77108451,      -12.41788424,      -17.89479203,     0.01574597947,    0.009907097706,      0.4455580076,                 0,                 0,                 0,   -0.001600169055,    -0.02119759094,      0.4451637348,                 0,       44.97361596,      0.0150665004
          0,           0,        1025,      -11.90217506,      -12.24358051,      -12.77441749,      -12.42119093,       -17.8992819,     0.01574597947,    0.009907097722,      0.4455580052,                 0,                 0,                 0,   -0.001600169522,    -0.02119759076,      0.4451637325,                 0,       44.97361566,      0.0150665004
          0,           0,        1026,      -11.90552544,      -12.24689496,      -12.77775876,      -12.42450162,      -17.90375753,     0.01574597947,    0.009907097737,      0.4455580029,                 0,                 0,                 0,   -0.001600169986,    -0.02119759059,      0.4451637302,                 0,       44.97361536,      0.0150665004
          0,           0,        1027,      -11.90887798,      -12.25022059,        -12.781114,      -12.42786589,       -17.9082211,     0.01574597947,    0.009907097752,      0.4455580007,                 0,                 0,                 0,   -0.001600170446,    -0.02119759041,       0.445163728,                 0,       44.97361506,      0.0150665004
          0,           0,        1028,      -11.91222962,      -12.25353884,      -12.78437649,      -12.43119633,      -17.91267058,     0.01574597947,    0.009907097768,      0.4455579984,                 0,                 0,                 0,   -0.001600170902,    -0.02119759024,      0.4451637257,                 0,       44.97361476,      0.0150665004
          0,           0,        1029,      -11.91557968,      -12.25685271,      -12.78769377,      -12.43450333,      -17.91710714,     0.01574597947,    0.009907097783,      0.4455579961,                 0,                 0,                 0,   -0.001600171355,    -0.02119759007,      0.4451637235,                 0,       44.97361446,      0.0150665004
          0,           0,        1030,        -11.918932,      -12.26017276,      -12.79105201,      -12.43784195,      -17.92152951,     0.01574597947,    0.009907097798,      0.4455579939,                 0,                 0,                 0,   -0.001600171804,     -0.0211975899,      0.4451637213,                 0,       44.97361417,      0.0150665004
          0,           0,        1031,      -11.92228328,      -12.26348437,      -12.79436681,      -12.44116828,      -17.92594042,     0.01574597947,    0.009907097814,      0.4455579917,                 0,                 0,                 0,   -0.001600172249,    -0.02119758973,       0.445163719,                 0,       44.97361388,      0.0150665004
          0,           0,        1032,      -11.92563698,      -12.26679754,      -12.79771898,      -12.44448953,      -17.93033763,     0.01574597947,    0.009907097829,      0.4455579895,                 0,                 0,                 0,   -0.001600172691,    -0.02119758956,      0.4451637169,                 0,       44.97361359,      0.0150665004
          0,           0,        1033,      -11.92898735,      -12.27011828,      -12.80101829,      -12.44778525,      -17.93472309,     0.01574597947,    0.009907097844,      0.4455579873,                 0,                 0,                 0,    -0.00160017313,    -0.02119758939,      0.4451637147,                 0,        44.9736133,      0.0150665004
          0,           0,        1034,      -11.93234087,       -12.2734338,      -12.80436019,      -12.45113397,      -17.93909312,     0.01574597947,    0.009907097859,      0.4455579852,                 0,                 0,                 0,   -0.001600173565,    -0.02119758923,      0.4451637125,                 0,       44.97361301,      0.0150665004
          0,           0,        1035,      -11.93569438,      -12.27675284,      -12.80769307,      -12.45447007,      -17.94345223,     0.01574597947,    0.009907097874,      0.4455579831,                 0,                 0,                 0,   -0.001600173996,    -0.02119758906,      0.4451637104,                 0,       44.97361273,      0.0150665004
          0,           0,        1036,      -11.93904316,      -12.28007244,      -12.81100664,      -12.45782388,      -17.94779982,     0.01574597947,    0.009907097889,      0.4455579809,                 0,                 0,                 0,   -0.001600174425,     -0.0211975889,      0.4451637083,                 0,       44.97361245,      0.0150665004
          0,           0,        1037,      -11.94239704,      -12.28339257,      -12.81426367,      -12.46110797,      -17.95213322,     0.01574597947,    0.009907097904,      0.4455579788,                 0,                 0,                 0,    -0.00160017485,    -0.02119758874,      0.4451637062,                 0,       44.97361217,      0.0150665004
          0,           0,        1038,      -11.94574924,      -12.28669825,      -12.81765113,      -12.46441951,      -17.95645525,     0.01574597947,    0.009907097919,      0.4455579767,                 0,                 0,                 0,   -0.001600175271,    -0.02119758858,      0.4451637041,                 0,       44.97361189,      0.0150665004
          0,           0,        1039,      -11.94910206,      -12.29001773,      -12.82100497,      -12.46771609,      -17.96076591,     0.01574597947,    0.009907097934,      0.4455579747,                 0,                 0,                 0,    -0.00160017569,    -0.02119758842,       0.445163702,                 0,       44.97361161,      0.0150665004
          0,           0,        1040,       -11.9524595,      -12.29333496,      -12.82429902,      -12.47110835,      -17.96506412,     0.01574597947,    0.009907097949,      0.4455579726,                 0,                 0,                 0,   -0.001600176105,    -0.02119758826,         0.4451637,                 0,       44.97361134,      0.0150665004
          0,           0,        1041,      -11.95581287,      -12.29666255,      -12.82760998,      -12.47445604,      -17.96934905,     0.01574597947,    0.009907097963,      0.4455579706,                 0,                 0,                 0,   -0.001600176516,    -0.02119758811,       0.445163698,                 0,       44.97361106,      0.0150665004
          0,           0,        1042,       -11.9591659,      -12.29997722,      -12.83094889,      -12.47776321,      -17.97362042,     0.01574597947,    0.009907097978,      0.4455579685,                 0,                 0,                 0,   -0.001600176925,    -0.02119758795,       0.445163696,                 0,       44.97361079,      0.0150665004
          0,           0,        1043,      -11.96251729,      -12.30328671,      -12.83429235,      -12.48102343,      -17.97787964,     0.01574597947,    0.009907097993,      0.4455579665,                 0,                 0,                 0,    -0.00160017733,    -0.02119758779,       0.445163694,                 0,       44.97361052,      0.0150665004
          0,           0,        1044,      -11.96587089,      -12.30660675,      -12.83761933,       -12.4843618,      -17.98212727,     0.01574597947,    0.009907098007,      0.4455579646,                 0,                 0,                 0,   -0.001600177733,    -0.02119758764,       0.445163692,                 0,       44.97361026,      0.0150665004
          0,           0,        1045,      -11.96922649,      -12.30992175,      -12.84091817,      -12.48765555,      -17.98636406,     0.01574597947,    0.009907098022,      0.4455579626,                 0,                 0,                 0,   -0.001600178132,    -0.02119758749,        0.44516369,                 0,       44.97360999,      0.0150665004
          0,           0,        1046,      -11.97258334,      -12.31324027,      -12.84424977,      -12.49100877,      -17.99058983,     0.01574597947,    0.009907098037,      0.4455579606,                 0,                 0,                 0,   -0.001600178528,    -0.02119758734,       0.445163688,                 0,       44.97360973,      0.0150665004
          0,           0,        1047,      -11.97593494,      -12.31655532,      -12.84757215,      -12.49436164,      -17.99480444,     0.01574597947,    0.009907098051,      0.4455579587,                 0,                 0,                 0,   -0.001600178921,    -0.02119758719,      0.4451636861,                 0,       44.97360946,      0.0150665004
          0,           0,        1048,      -11.97929269,      -12.31987532,      -12.85093446,      -12.49770436,      -17.99900841,     0.01574597947,    0.009907098065,      0.4455579567,                 0,                 0,                 0,   -0.001600179311,    -0.02119758704,      0.4451636842,                 0,        44.9736092,      0.0150665004
          0,           0,        1049,      -11.98264771,      -12.32319503,        -12.854251,      -12.50103853,      -18.00319661,     0.01574597947,     0.00990709808,      0.4455579548,                 0,                 0,                 0,   -0.001600179698,    -0.02119758689,      0.4451636823,                 0,       44.97360895,      0.0150665004
          0,           0,        1050,       -11.9859985,      -12.32650535,      -12.85748741,      -12.50431182,      -18.00737668,     0.01574597947,    0.009907098094,      0.4455579529,                 0,                 0,                 0,   -0.001600180082,    -0.02119758674,      0.4451636804,                 0,       44.97360869,      0.0150665004
          0,           0,        1051,      -11.98935644,       -12.3298164,      -12.86089089,      -12.50762784,      -18.01154426,     0.01574597947,    0.009907098109,      0.4455579511,                 0,                 0,                 0,   -0.001600180463,     -0.0211975866,      0.4451636785,                 0,       44.97360843,      0.0150665004
          0,           0,        1052,      -11.99271064,      -12.33313859,      -12.86420887,      -12.51097822,      -18.01570189,     0.01574597947,    0.009907098123,      0.4455579492,                 0,                 0,                 0,   -0.001600180841,    -0.02119758645,      0.4451636766,                 0,       44.97360818,      0.0150665004
          0,           0,        1053,      -11.99606621,      -12.33645451,      -12.86756419,      -12.51428137,      -18.01984659,     0.01574597947,    0.009907098137,      0.4455579473,                 0,                 0,                 0,   -0.001600181216,    -0.02119758631,      0.4451636748,                 0,       44.97360793,      0.0150665004
          0,           0,        1054,      -11.99942379,      -12.33976039,      -12.87083213,      -12.51758213,      -18.02398243,     0.01574597947,    0.009907098151,      0.4455579455,                 0,                 0,                 0,   -0.001600181588,    -0.02119758617,       0.445163673,                 0,       44.97360768,      0.0150665004
          0,           0,        1055,      -12.00278098,       -12.3430902,      -12.87418764,      -12.52097001,      -18.02810632,     0.01574597947,    0.009907098165,      0.4455579437,                 0,                 0,                 0,   -0.001600181957,    -0.02119758603,      0.4451636711,                 0,       44.97360743,      0.0150665004
