"Time_Iter","Outer_Iter","Inner_Iter",    "rms[Rho]"    ,    "rms[RhoU]"   ,    "rms[RhoV]"   ,    "rms[RhoE]"   ,     "rms[nu]"    ,    "RefForce"    ,       "CD"       ,       "CL"       ,       "CSF"      ,       "CMx"      ,       "CMy"      ,       "CMz"      ,       "CFx"      ,       "CFy"      ,       "CFz"      ,      "CEff"      ,     "Buffet"     
          0,           0,           0,      -5.077204784,       -15.4827946,      -15.49978813,      -4.531186798,      -15.16950248,     0.01574597947,       1.248386106,       1.534844796,                 0,                 0,                 0,      0.4061772213,       1.194060312,       1.577477857,                 0,       1.229463216,     0.00155141731
          0,           0,           1,      -5.775320221,      -5.374237735,      -5.423925669,      -5.204194615,      -14.50233481,     0.01574597947,      0.4884188225,      0.4201935584,                 0,                 0,                 0,     0.05960989574,      0.4734567473,      0.4369831589,                 0,      0.8603140154,     0.00155141731
          0,           0,           2,      -5.752998311,      -5.510909236,      -5.874224005,      -5.195921993,      -15.02606239,     0.01574597947,      0.3849668844,      0.2065762145,                 0,                 0,                 0,     0.03046697586,      0.3775229671,      0.2198855244,                 0,      0.5366077521,     0.00155141731
          0,           0,           3,      -5.834600591,      -5.613098618,      -6.004101376,      -5.279986876,      -14.97046507,     0.01574597947,      0.3321878547,      0.2388075799,                 0,                 0,                 0,     0.03233999781,      0.3236512305,      0.2502552937,                 0,      0.7188931699,     0.00155141731
          0,           0,           4,      -5.935238623,      -5.683113145,      -6.015512147,      -5.383427012,       -15.0696147,     0.01574597947,      0.2911391394,      0.1579051261,                 0,                 0,                 0,    0.002269873229,      0.2854509758,       0.167969544,                 0,      0.5423699695,     0.00155141731
          0,           0,           5,       -6.07607913,      -5.738076076,      -6.105957742,      -5.525735568,      -15.12518265,     0.01574597947,      0.2622643743,      0.1826070091,                 0,                 0,                 0,    0.009222357151,      0.2557317172,      0.1916486645,                 0,      0.6962707367,     0.00155141731
          0,           0,           6,      -6.214737002,      -5.782069308,      -6.190969196,      -5.666152335,      -15.00534622,     0.01574597947,      0.2444481511,      0.1737455884,                 0,                 0,                 0,    0.001604584358,      0.2382356063,      0.1821708647,                 0,      0.7107666293,     0.00155141731
          0,           0,           7,      -6.302312613,      -5.809613397,       -6.24801864,      -5.757738917,      -14.88961816,     0.01574597947,      0.2271799991,      0.1834194221,                 0,                 0,                 0,    0.002895552569,      0.2206403616,      0.1912361556,                 0,      0.8073748697,     0.00155141731
          0,           0,           8,      -6.375350668,      -5.827648148,      -6.298491525,      -5.834442742,      -14.79598536,     0.01574597947,      0.2127254645,      0.1880006058,                 0,                 0,                 0,    0.001452311142,      0.2060347514,      0.1953100926,                 0,      0.8837710439,     0.00155141731
          0,           0,           9,      -6.463344877,      -5.842228942,      -6.351381868,      -5.924781706,      -14.71881711,     0.01574597947,      0.2011717569,      0.1911968129,                 0,                 0,                 0,   0.0008861916497,       0.194376536,       0.198101134,                 0,      0.9504157831,     0.00155141731
          0,           0,          10,      -6.550252459,      -5.855848876,      -6.409990838,      -6.013362917,      -14.65770316,     0.01574597947,      0.1891705369,      0.1954844848,                 0,                 0,                 0,    0.000435571899,      0.1822329892,      0.2019673574,                 0,       1.033377015,     0.00155141731
          0,           0,          11,      -6.593052933,       -5.87023692,      -6.453832732,      -6.056167043,      -14.61204715,     0.01574597947,       0.179436295,      0.1971019226,                 0,                 0,                 0,  -0.0002762131502,      0.1724482294,      0.2032440898,                 0,       1.098450693,     0.00155141731
          0,           0,          12,      -6.599669166,       -5.88492947,        -6.4650055,      -6.061959467,       -14.5813551,     0.01574597947,      0.1702874434,       0.198854026,                 0,                 0,                 0,  -0.0008142296584,      0.1632438035,      0.2046758355,                 0,       1.167755073,     0.00155141731
          0,           0,          13,      -6.607168528,      -5.897003006,      -6.458555777,      -6.068829734,       -14.5644132,     0.01574597947,      0.1616897381,      0.1998839684,                 0,                 0,                 0,   -0.001077641671,      0.1546153912,       0.205405095,                 0,       1.236219261,     0.00155141731
          0,           0,          14,      -6.648011698,      -5.903733279,      -6.459062794,      -6.109791656,      -14.56027487,     0.01574597947,      0.1542507491,      0.2005425084,                 0,                 0,                 0,   -0.001412020209,      0.1471579511,      0.2058036169,                 0,       1.300107193,     0.00155141731
          0,           0,          15,       -6.71011125,      -5.904870535,      -6.467414388,      -6.171666302,      -14.56806624,     0.01574597947,      0.1469517859,      0.2011868158,                 0,                 0,                 0,   -0.001598158893,      0.1398409482,      0.2061928016,                 0,       1.369066831,     0.00155141731
          0,           0,          16,      -6.762729308,      -5.904327832,      -6.479745372,      -6.222165532,      -14.58670781,     0.01574597947,       0.140383579,      0.2019457304,                 0,                 0,                 0,   -0.001671872508,      0.1332502568,      0.2067220267,                 0,       1.438528151,     0.00155141731
          0,           0,          17,      -6.782645408,      -5.905870887,      -6.490199513,      -6.238740523,      -14.61567068,     0.01574597947,      0.1342876901,      0.2026948561,                 0,                 0,                 0,    -0.00178932654,      0.1271319372,      0.2072579527,                 0,       1.509407571,     0.00155141731
          0,           0,          18,      -6.779604748,      -5.911086894,      -6.491942106,      -6.233221466,      -14.65334921,     0.01574597947,      0.1284520883,      0.2037642107,                 0,                 0,                 0,   -0.001771765397,      0.1212625704,      0.2081229963,                 0,       1.586305162,     0.00155141731
          0,           0,          19,      -6.786529526,      -5.918555933,      -6.490738231,      -6.238901989,      -14.69921464,     0.01574597947,      0.1231344303,       0.204798592,                 0,                 0,                 0,   -0.001792393193,      0.1159120524,      0.2089711639,                 0,        1.66321143,     0.00155141731
          0,           0,          20,      -6.813865594,      -5.926169727,       -6.49024861,      -6.265197069,       -14.7530104,     0.01574597947,      0.1180474537,      0.2059675502,                 0,                 0,                 0,   -0.001783041515,      0.1107873786,      0.2099618771,                 0,       1.744786047,     0.00155141731
          0,           0,          21,      -6.854573752,      -5.933039072,      -6.491047925,      -6.304201838,      -14.81289966,     0.01574597947,      0.1132814453,      0.2070987885,                 0,                 0,                 0,   -0.001766771846,      0.1059847938,      0.2109260949,                 0,       1.828179257,     0.00155141731
          0,           0,          22,      -6.889803794,      -5.940326187,      -6.493138797,      -6.337131911,      -14.87852929,     0.01574597947,      0.1088077311,      0.2081402499,                 0,                 0,                 0,   -0.001772703197,      0.1014774584,      0.2118107915,                 0,       1.912917839,     0.00155141731
          0,           0,          23,      -6.909329193,      -5.950051236,      -6.496282761,      -6.354611839,      -14.94754509,     0.01574597947,      0.1045329502,      0.2091409678,                 0,                 0,                 0,   -0.001769480756,     0.09717035707,      0.2126617121,                 0,       2.000718121,     0.00155141731
          0,           0,          24,      -6.918224434,      -5.963002164,      -6.502221638,      -6.362582589,      -15.01867136,     0.01574597947,      0.1005154145,       0.210029786,                 0,                 0,                 0,   -0.001784936716,     0.09312424945,      0.2134097789,                 0,       2.089528128,     0.00155141731
          0,           0,          25,      -6.928620097,      -5.977731972,      -6.511715957,       -6.37287415,      -15.08848025,     0.01574597947,     0.09670147996,      0.2107965833,                 0,                 0,                 0,   -0.001793681431,     0.08928587737,      0.2140430047,                 0,       2.179869257,     0.00155141731
          0,           0,          26,      -6.946421346,      -5.991199829,      -6.522918131,      -6.390627999,      -15.15504177,     0.01574597947,     0.09307314479,      0.2114831449,                 0,                 0,                 0,   -0.001780692098,     0.08563579182,      0.2146025209,                 0,       2.272225198,     0.00155141731
          0,           0,          27,      -6.969929146,      -6.000685841,      -6.532947282,      -6.413406978,      -15.21509118,     0.01574597947,      0.0896478946,      0.2120825703,                 0,                 0,                 0,   -0.001762604401,     0.08219170857,      0.2150820418,                 0,       2.365728401,     0.00155141731
          0,           0,          28,      -6.993724712,      -6.005713729,       -6.53949803,       -6.43541332,      -15.26856611,     0.01574597947,     0.08638885776,      0.2126400408,                 0,                 0,                 0,   -0.001726785713,     0.07891520159,      0.2155254339,                 0,       2.461429012,     0.00155141731
          0,           0,          29,       -7.01403961,      -6.008237224,      -6.542964999,      -6.453121862,      -15.31049992,     0.01574597947,     0.08328973516,      0.2131791397,                 0,                 0,                 0,   -0.001677557808,     0.07579915262,      0.2159560466,                 0,       2.559488745,     0.00155141731
          0,           0,          30,      -7.031263347,      -6.011135008,      -6.545750474,      -6.467637423,      -15.34064383,     0.01574597947,     0.08034983067,      0.2137165503,                 0,                 0,                 0,   -0.001621147483,     0.07284228369,      0.2163905286,                 0,       2.659825771,     0.00155141731
          0,           0,          31,      -7.048198418,      -6.016586641,      -6.550461502,      -6.482389769,      -15.36506598,     0.01574597947,      0.0775470138,      0.2142705223,                 0,                 0,                 0,    -0.00155464645,     0.07002184087,      0.2168463462,                 0,       2.763104752,     0.00155141731
          0,           0,          32,      -7.067019845,      -6.025374964,      -6.558574325,      -6.499775384,      -15.37935489,     0.01574597947,     0.07487474251,      0.2148392554,                 0,                 0,                 0,   -0.001481022934,     0.06733134895,       0.217321472,                 0,       2.869315449,     0.00155141731
          0,           0,          33,       -7.08766981,      -6.037047487,      -6.569877559,      -6.519656282,      -15.38783163,     0.01574597947,      0.0723308903,      0.2154168776,                 0,                 0,                 0,   -0.001406779266,     0.06476888767,      0.2178099631,                 0,       2.978214103,     0.00155141731
          0,           0,          34,      -7.108615984,      -6.050440019,      -6.583035985,      -6.540247398,      -15.39199748,     0.01574597947,     0.06990143537,      0.2159946191,                 0,                 0,                 0,   -0.001334899866,     0.06232074981,      0.2183025659,                 0,       3.089988324,     0.00155141731
          0,           0,          35,      -7.128428197,       -6.06426143,      -6.596433439,      -6.559804159,      -15.39183232,     0.01574597947,     0.06758046952,      0.2165623031,                 0,                 0,                 0,   -0.001268831615,     0.05998138594,      0.2187889035,                 0,       3.204510188,     0.00155141731
          0,           0,          36,      -7.146912635,      -6.077561606,       -6.60887597,      -6.577855193,      -15.38841222,     0.01574597947,     0.06536432545,      0.2171096972,                 0,                 0,                 0,   -0.001211584664,      0.0577474881,      0.2192586219,                 0,       3.321531978,     0.00155141731
          0,           0,          37,      -7.165057757,      -6.089945698,      -6.620021784,      -6.595224665,      -15.38394615,     0.01574597947,     0.06324390285,      0.2176306165,                 0,                 0,                 0,     -0.0011629598,     0.05561017739,      0.2197052222,                 0,       3.441131978,     0.00155141731
          0,           0,          38,      -7.184025076,      -6.101511466,      -6.630256119,      -6.613064502,       -15.3768242,     0.01574597947,     0.06121466067,      0.2181201651,                 0,                 0,                 0,   -0.001122963145,     0.05356508637,       0.220123653,                 0,       3.563201408,     0.00155141731
          0,           0,          39,       -7.20424228,      -6.112609012,      -6.640293839,      -6.631911444,      -15.36816233,     0.01574597947,     0.05927308373,      0.2185753628,                 0,                 0,                 0,   -0.001090553755,     0.05160880601,      0.2205108134,                 0,       3.687598975,     0.00155141731
          0,           0,          40,      -7.225125583,        -6.1235873,      -6.650770665,      -6.651358812,      -15.35826145,     0.01574597947,     0.05741322564,       0.218997177,                 0,                 0,                 0,   -0.001063408476,      0.0497353598,      0.2208674625,                 0,       3.814402945,     0.00155141731
          0,           0,          41,      -7.245550806,      -6.134642247,      -6.662003303,      -6.670459034,      -15.34917574,     0.01574597947,     0.05563157946,      0.2193884636,                 0,                 0,                 0,   -0.001039481555,     0.04794114324,      0.2211963322,                 0,       3.943595809,    0.001691923908
          0,           0,          42,      -7.264622589,        -6.1457882,      -6.673985617,      -6.688414475,      -15.34112452,     0.01574597947,     0.05392504692,       0.219753649,                 0,                 0,                 0,   -0.001016570728,     0.04622290549,       0.221501738,                 0,       4.075168434,    0.001691923908
          0,           0,          43,      -7.282207485,      -6.156922163,      -6.686487235,      -6.705068728,      -15.33404392,     0.01574597947,      0.0522892169,       0.220098123,                 0,                 0,                 0,  -0.0009928363021,     0.04457605001,      0.2217889125,                 0,       4.209244966,    0.001691923908
          0,           0,          44,      -7.298935207,      -6.167921503,      -6.699211307,      -6.720932554,      -15.32842377,     0.01574597947,     0.05072081301,      0.2204271918,                 0,                 0,                 0,  -0.0009671322315,     0.04299711721,      0.2220630443,                 0,       4.345892321,    0.001691923908
          0,           0,          45,      -7.315714014,      -6.178724981,      -6.711934245,      -6.736783199,      -15.32302342,     0.01574597947,     0.04921680252,      0.2207456757,                 0,                 0,                 0,  -0.0009386357753,       0.041482908,       0.222328845,                 0,       4.485168973,    0.001691923908
          0,           0,          46,      -7.333212517,      -6.189372265,       -6.72455241,      -6.753221015,        -15.317144,     0.01574597947,     0.04777361639,      0.2210579453,                 0,                 0,                 0,  -0.0009068609053,     0.04002970296,       0.222590558,                 0,       4.627197228,    0.001947845131
          0,           0,          47,      -7.351613547,      -6.199996251,      -6.737076268,      -6.770450463,      -15.31080397,     0.01574597947,     0.04638834398,       0.221366932,                 0,                 0,                 0,  -0.0008718545633,     0.03863449094,      0.2228510111,                 0,       4.772037823,    0.001947845131
          0,           0,          48,       -7.37067331,      -6.210782759,      -6.749596461,      -6.788323159,      -15.30393489,     0.01574597947,     0.04505827747,       0.221674403,                 0,                 0,                 0,  -0.0008340339657,     0.03729450409,      0.2231118761,                 0,       4.919726528,    0.002208635263
          0,           0,          49,      -7.389976681,      -6.221919618,      -6.762239968,      -6.806546285,      -15.29636245,     0.01574597947,     0.04378049695,      0.2219811065,                 0,                 0,                 0,  -0.0007940453546,     0.03600679816,      0.2233737989,                 0,       5.070319479,    0.002429508455
          0,           0,          50,      -7.409198157,      -6.233552107,      -6.775139001,      -6.824889963,      -15.28777758,     0.01574597947,        0.04255246,      0.2222866702,                 0,                 0,                 0,   -0.000752782814,     0.03476884528,      0.2236363186,                 0,       5.223826547,    0.002429508455
          0,           0,          51,      -7.428238475,      -6.245754827,      -6.788402299,      -6.843288154,      -15.27851586,     0.01574597947,     0.04137180492,      0.2225900818,                 0,                 0,                 0,  -0.0007112622098,     0.03357832051,      0.2238983411,                 0,       5.380236182,    0.002429508455
          0,           0,          52,      -7.447193289,      -6.258522728,      -6.802088876,      -6.861803255,      -15.26883541,     0.01574597947,     0.04023610207,      0.2228899158,                 0,                 0,                 0,  -0.0006704065866,     0.03243284544,       0.224158357,                 0,       5.539550412,    0.002699367118
          0,           0,          53,       -7.46620734,      -6.271779408,       -6.81619352,      -6.880504036,      -15.25925574,     0.01574597947,     0.03914319125,      0.2231845952,                 0,                 0,                 0,  -0.0006309653448,     0.03133031623,      0.2244147149,                 0,        5.70174756,    0.002969391691
          0,           0,          54,      -7.485331235,      -6.285398296,      -6.830648457,      -6.899355398,      -15.25035134,     0.01574597947,     0.03809107987,      0.2234726689,                 0,                 0,                 0,  -0.0005934682208,     0.03026879214,      0.2246658949,                 0,       5.866797939,    0.002969391691
          0,           0,          55,      -7.504458057,      -6.299230534,      -6.845345843,      -6.918180323,      -15.24216397,     0.01574597947,      0.0370778079,       0.223752979,                 0,                 0,                 0,  -0.0005581554318,     0.02924635474,      0.2249106716,                 0,        6.03468737,    0.002969391691
          0,           0,          56,      -7.523356807,      -6.313133232,      -6.860171342,      -6.936704874,      -15.23467569,     0.01574597947,     0.03610161687,      0.2240247947,                 0,                 0,                 0,  -0.0005250038351,     0.02826127215,      0.2251482532,                 0,       6.205395054,    0.002969391691
          0,           0,          57,       -7.54177413,      -6.326992503,      -6.875035161,      -6.954659571,      -15.22780409,     0.01574597947,     0.03516088178,      0.2242878562,                 0,                 0,                 0,  -0.0004937649939,     0.02731192942,      0.2253783232,                 0,       6.378903057,    0.002969391691
          0,           0,          58,      -7.559544096,      -6.340737401,      -6.889892146,      -6.971881751,      -15.22132208,     0.01574597947,     0.03425403419,      0.2245423775,                 0,                 0,                 0,  -0.0004639803725,     0.02639675159,      0.2256010409,                 0,        6.55520971,    0.002969391691
          0,           0,          59,      -7.576655926,      -6.354343838,      -6.904743684,      -6.988374133,      -15.21512688,     0.01574597947,     0.03337963518,      0.2247890001,                 0,                 0,                 0,   -0.000435066237,     0.02551427823,      0.2258169972,                 0,       6.734315668,    0.002969391691
          0,           0,          60,      -7.593258441,      -6.367830024,      -6.919624112,      -7.004302022,       -15.2088723,     0.01574597947,      0.0325363406,      0.2250287103,                 0,                 0,                 0,  -0.0004063861639,     0.02466313161,      0.2260271308,                 0,       6.916226783,    0.002969391691
          0,           0,          61,      -7.609609242,      -6.381246413,      -6.934580359,      -7.019938837,      -15.20292438,     0.01574597947,     0.03172284997,      0.2252627384,                 0,                 0,                 0,  -0.0003773049766,     0.02384196907,      0.2262326259,                 0,       7.100961566,    0.002969391691
          0,           0,          62,       -7.62599912,      -6.394663622,       -6.94965286,       -7.03559037,      -15.19683416,     0.01574597947,     0.03093793484,      0.2254924258,                 0,                 0,                 0,  -0.0003472652858,     0.02304951611,      0.2264347802,                 0,       7.288541622,    0.002969391691
          0,           0,          63,      -7.642682121,      -6.408160986,      -6.964865632,      -7.051526491,      -15.19048075,     0.01574597947,     0.03018042867,      0.2257190947,                 0,                 0,                 0,  -0.0003158393299,     0.02228456077,      0.2266348745,                 0,       7.478989022,    0.002969391691
          0,           0,          64,       -7.65982809,      -6.421817114,      -6.980228495,      -7.067935743,      -15.18412528,     0.01574597947,      0.0294491924,      0.2259439461,                 0,                 0,                 0,  -0.0002827606276,     0.02154592275,      0.2268340691,                 0,       7.672330806,    0.002969391691
          0,           0,          65,      -7.677503049,      -6.435702647,      -6.995748843,      -7.084906862,      -15.17735453,     0.01574597947,     0.02874314157,      0.2261679565,                 0,                 0,                 0,  -0.0002479480427,     0.02083248417,      0.2270333023,                 0,       7.868588615,    0.002969391691
          0,           0,          66,      -7.695673638,      -6.449874744,      -7.011446412,      -7.102432523,      -15.17092876,     0.01574597947,     0.02806123152,      0.2263918149,                 0,                 0,                 0,  -0.0002114933671,     0.02014317698,       0.227233226,                 0,        8.06777902,    0.002969391691
          0,           0,          67,      -7.714228786,      -6.464372706,      -7.027362381,      -7.120428351,       -15.1639197,     0.01574597947,     0.02740244696,      0.2266158689,                 0,                 0,                 0,  -0.0001736441137,     0.01947697436,      0.2274341522,                 0,       8.269913603,    0.002969391691
          0,           0,          68,      -7.733011336,      -6.479214496,       -7.04355734,      -7.138760171,       -15.1567059,     0.01574597947,     0.02676581256,      0.2268401025,                 0,                 0,                 0,  -0.0001347763447,     0.01883290214,       0.227636031,                 0,        8.47499406,    0.003246032628
          0,           0,          69,      -7.751852001,      -6.494394496,      -7.060097751,      -7.157272934,      -15.14966044,     0.01574597947,     0.02615039015,      0.2270641371,                 0,                 0,                 0,  -9.537000032e-05,     0.01821003594,      0.2278384513,                 0,       8.683011451,    0.003246032628
          0,           0,          70,      -7.770599112,      -6.509883213,       -7.07703571,      -7.175816499,      -15.14164099,     0.01574597947,     0.02555527424,      0.2272872539,                 0,                 0,                 0,  -5.597367481e-05,     0.01760749589,      0.2280406629,                 0,       8.893946972,    0.003522669362
          0,           0,          71,      -7.789139442,      -6.525629628,      -7.094390111,      -7.194264943,      -15.13371372,     0.01574597947,     0.02497960609,      0.2275084515,                 0,                 0,                 0,  -1.716339742e-05,     0.01702445873,      0.2282416352,                 0,       9.107767782,    0.007397683528
          0,           0,          72,      -7.807407439,      -6.541566535,      -7.112136092,      -7.212527627,       -15.1251206,     0.01574597947,     0.02442256908,      0.2277265089,                 0,                 0,                 0,   2.048914396e-05,     0.01646015097,      0.2284401194,                 0,       9.324428897,    0.007397683528
          0,           0,          73,      -7.825383945,      -6.557618525,      -7.130206353,      -7.230552645,      -15.11577392,     0.01574597947,     0.02388338955,      0.2279400688,                 0,                 0,                 0,    5.64520574e-05,     0.01591384675,      0.2286347321,                 0,       9.543874345,    0.007397683528
          0,           0,          74,      -7.843087562,      -6.573711492,      -7.148503944,      -7.248324413,       -15.1063796,     0.01574597947,     0.02336134108,      0.2281477313,                 0,                 0,                 0,   9.026236079e-05,     0.01538486899,      0.2288240489,                 0,       9.766037424,    0.007397683528
          0,           0,          75,      -7.860562555,      -6.589782061,      -7.166922278,      -7.265857579,      -15.09617856,     0.01574597947,     0.02285573648,      0.2283481516,                 0,                 0,                 0,   0.0001215507655,     0.01487257782,      0.2290067018,                 0,       9.990846359,    0.007397683528
          0,           0,          76,      -7.877867068,      -6.605785191,      -7.185366438,      -7.283189529,      -15.08548393,     0.01574597947,     0.02236593916,      0.2285401349,                 0,                 0,                 0,   0.0001500590444,     0.01437637874,      0.2291814745,                 0,       10.21822215,    0.007397683528
          0,           0,          77,      -7.895063378,      -6.621698591,      -7.203770107,      -7.300372607,      -15.07451265,     0.01574597947,     0.02189135222,      0.2287227151,                 0,                 0,                 0,   0.0001756486695,     0.01389570896,      0.2293473805,                 0,       10.44808529,    0.007397683528
          0,           0,          78,      -7.912210726,      -6.637523344,       -7.22210435,      -7.317466695,      -15.06333539,     0.01574597947,     0.02143141695,      0.2288952083,                 0,                 0,                 0,    0.000198300762,     0.01343003394,      0.2295037172,                 0,       10.68035813,    0.007397683528
          0,           0,          79,       -7.92936039,      -6.653281021,      -7.240377372,      -7.334532429,      -15.05169406,     0.01574597947,     0.02098561152,      0.2290572346,                 0,                 0,                 0,   0.0002181053151,     0.01297884545,      0.2296500864,                 0,       10.91496592,    0.007397683528
          0,           0,          80,      -7.946552456,      -6.669008293,      -7.258626788,      -7.351625266,      -15.03996618,     0.01574597947,     0.02055343955,      0.2292087179,                 0,                 0,                 0,   0.0002352462665,     0.01254165005,      0.2297863948,                 0,       11.15184236,    0.007397683528
          0,           0,          81,      -7.963814235,      -6.684750417,      -7.276907681,       -7.36879096,      -15.02759787,     0.01574597947,     0.02013443695,      0.2293498606,                 0,                 0,                 0,   0.0002499781627,     0.01211797689,      0.2299128286,                 0,       11.39092497,    0.007397683528
          0,           0,          82,      -7.981160265,       -6.70055493,      -7.295279941,      -7.386062852,      -15.01511631,     0.01574597947,     0.01972815834,      0.2294811102,                 0,                 0,                 0,   0.0002626070075,     0.01170736523,      0.2300298193,                 0,        11.6321608,    0.007397683528
          0,           0,          83,      -7.998594077,      -6.716466492,      -7.313797727,      -7.403461319,      -15.00248336,     0.01574597947,     0.01933417789,      0.2296031153,                 0,                 0,                 0,   0.0002734677806,     0.01130936686,      0.2301380004,                 0,       11.87550444,    0.007397683528
          0,           0,          84,      -8.016111235,      -6.732523406,      -7.332502729,      -7.420995124,       -14.9893356,     0.01574597947,     0.01895208825,      0.2297166773,                 0,                 0,                 0,   0.0002829097712,     0.01092354673,      0.2302381585,                 0,        12.1209164,    0.007397683528
          0,           0,          85,      -8.033702919,      -6.748755804,      -7.351421797,      -7.438664017,      -14.97602765,     0.01574597947,     0.01858149075,      0.2298227056,                 0,                 0,                 0,   0.0002912800873,     0.01054947465,      0.2303311885,                 0,       12.36836746,    0.007397683528
          0,           0,          86,      -8.051359034,      -6.765185212,      -7.370568457,      -7.456461645,      -14.96278095,     0.01574597947,     0.01822200545,      0.2299221703,                 0,                 0,                 0,   0.0002989120411,     0.01018673707,      0.2304180467,                 0,       12.61783018,    0.007397683528
          0,           0,          87,      -8.069070286,      -6.781825016,      -7.389947001,      -7.474378179,      -14.94852817,     0.01574597947,       0.017873262,      0.2300160674,                 0,                 0,                 0,   0.0003061152785,    0.009834929107,      0.2304997157,                 0,       12.86928303,    0.007397683528
          0,           0,          88,      -8.086828743,      -6.798681343,      -7.409557408,      -7.492402019,       -14.9349452,     0.01574597947,     0.01753489927,      0.2301053814,                 0,                 0,                 0,   0.0003131669353,    0.009493655487,      0.2305771665,                 0,       13.12270905,    0.007397683528
          0,           0,          89,      -8.104626815,      -6.815753969,      -7.429399412,      -7.510520302,      -14.92081548,     0.01574597947,     0.01720656527,      0.2301910545,                 0,                 0,                 0,   0.0003203057682,    0.009162531548,      0.2306513288,                 0,        13.3780944,    0.007397683528
          0,           0,          90,      -8.122455099,      -6.833037051,      -7.449474481,      -7.528718346,      -14.90647574,     0.01574597947,     0.01688791894,      0.2302739645,                 0,                 0,                 0,   0.0003277295092,    0.008841185809,      0.2307230677,                 0,       13.63542574,    0.007397683528
          0,           0,          91,      -8.140299662,      -6.850519642,      -7.469785284,      -7.546978377,       -14.8922756,     0.01574597947,     0.01657862532,      0.2303549064,                 0,                 0,                 0,    0.000335594584,    0.008529255777,      0.2307931661,                 0,       13.89469283,    0.007397683528
          0,           0,          92,      -8.158139828,      -6.868186096,      -7.490333075,      -7.565278289,      -14.87777533,     0.01574597947,     0.01627835998,      0.2304345774,                 0,                 0,                 0,   0.0003440153414,    0.008226392872,      0.2308623094,                 0,       14.15588411,    0.007397683528
          0,           0,          93,      -8.175946944,      -6.886016546,      -7.511114145,      -7.583590823,      -14.86326491,     0.01574597947,     0.01598680675,      0.2305135694,                 0,                 0,                 0,   0.0003530677234,    0.007932260465,      0.2309310783,                 0,       14.41898767,    0.007397683528
          0,           0,          94,      -8.193684917,      -6.903987625,       -7.53211672,      -7.601883918,      -14.84875168,     0.01574597947,      0.0157036594,      0.2305923677,                 0,                 0,                 0,   0.0003627926324,    0.007646535582,      0.2309999469,                 0,       14.68398937,    0.007397683528
          0,           0,          95,      -8.211312512,      -6.922073532,      -7.553319583,      -7.620122322,      -14.83405873,     0.01574597947,     0.01542861895,      0.2306713509,                 0,                 0,                 0,   0.0003732001492,      0.0073689062,      0.2310692832,                 0,       14.95087484,    0.007397683528
          0,           0,          96,      -8.228787266,      -6.940247425,      -7.574693103,      -7.638270498,      -14.81910343,     0.01574597947,     0.01516139644,      0.2307508003,                 0,                 0,                 0,   0.0003842760648,    0.007099073735,      0.2311393582,                 0,       15.21962711,    0.007397683528
          0,           0,          97,      -8.246070156,       -6.95848303,      -7.596202591,      -7.656296177,       -14.8043771,     0.01574597947,     0.01490171554,      0.2308309076,                 0,                 0,                 0,    0.000395986626,    0.006836755322,       0.231210354,                 0,       15.49022372,    0.007397683528
          0,           0,          98,      -8.263130166,      -6.976756251,      -7.617813151,       -7.67417404,       -14.7891661,     0.01574597947,     0.01464930919,      0.2309117896,                 0,                 0,                 0,   0.0004082853382,    0.006581679986,      0.2312823779,                 0,       15.76264018,    0.007397683528
          0,           0,          99,      -8.279947929,      -6.995046532,       -7.63949491,      -7.691888719,      -14.77433337,     0.01574597947,     0.01440392026,      0.2309935011,                 0,                 0,                 0,   0.0004211181426,    0.006333588851,      0.2313554757,                 0,       16.03684948,    0.007397683528
          0,           0,         100,      -8.296517698,      -7.013337788,       -7.66122728,      -7.709436528,       -14.7592834,     0.01574597947,     0.01416530389,      0.2310760497,                 0,                 0,                 0,   0.0004344288779,    0.006092236934,      0.2314296464,                 0,        16.3128198,    0.007397683528
          0,           0,         101,      -8.312847193,      -7.031618734,       -7.68300138,       -7.72682544,      -14.74374364,     0.01574597947,     0.01393322586,      0.2311594098,                 0,                 0,                 0,   0.0004481631592,    0.005857391059,      0.2315048563,                 0,       16.59051623,    0.007397683528
          0,           0,         102,      -8.328955473,      -7.049882616,       -7.70482017,      -7.744073378,       -14.7289148,     0.01574597947,     0.01370746243,      0.2312435344,                 0,                 0,                 0,   0.0004622708371,    0.005628829245,      0.2315810506,                 0,       16.86990102,    0.007397683528
          0,           0,         103,      -8.344869493,      -7.068126398,      -7.726696498,      -7.761205268,      -14.71327448,     0.01574597947,     0.01348779905,      0.2313283671,                 0,                 0,                 0,   0.0004767096132,    0.005406339057,      0.2316581656,                 0,       17.15093518,    0.007397683528
          0,           0,         104,      -8.360619812,      -7.086349553,      -7.748649649,      -7.778249256,      -14.69809874,     0.01574597947,     0.01327403279,      0.2314138507,                 0,                 0,                 0,   0.0004914450902,     0.00518971969,      0.2317361367,                 0,       17.43357534,    0.007397683528
          0,           0,         105,      -8.376236067,       -7.10455268,      -7.770701119,      -7.795232601,      -14.68303848,     0.01574597947,     0.01306596925,      0.2314999323,                 0,                 0,                 0,   0.0005064513155,    0.004978778687,      0.2318149045,                 0,       17.71777722,    0.007397683528
          0,           0,         106,      -8.391743136,      -7.122736131,       -7.79287043,      -7.812178089,      -14.66708763,     0.01574597947,     0.01286342264,        0.23158657,                 0,                 0,                 0,   0.0005217106553,    0.004773331859,      0.2318944206,                 0,       18.00349537,    0.007397683528
          0,           0,         107,      -8.407158115,      -7.140898827,      -7.815171475,      -7.829101164,      -14.65181469,     0.01574597947,     0.01266621525,      0.2316737331,                 0,                 0,                 0,   0.0005372124148,     0.00457320265,      0.2319746482,                 0,        18.2906834,    0.007397683528
          0,           0,         108,        -8.4224884,      -7.159037407,      -7.837609786,      -7.846008043,      -14.63633255,     0.01574597947,     0.01247417728,      0.2317614024,                 0,                 0,                 0,   0.0005529509553,    0.004378222053,      0.2320555621,                 0,       18.57929362,    0.007397683528
          0,           0,         109,      -8.437731085,      -7.177145761,      -7.860180835,      -7.862895049,      -14.62075695,     0.01574597947,     0.01228714442,      0.2318495711,                 0,                 0,                 0,   0.0005689252541,    0.004188226083,      0.2321371498,                 0,       18.86928021,    0.007397683528
          0,           0,         110,      -8.452873718,       -7.19521498,      -7.882869595,      -7.879749305,      -14.60491549,     0.01574597947,      0.0121049602,      0.2319382396,                 0,                 0,                 0,    0.000585135685,    0.004003058357,      0.2322194061,                 0,       19.16059498,    0.007397683528
          0,           0,         111,      -8.467895587,      -7.213233672,      -7.905651238,      -7.896549819,      -14.58929705,     0.01574597947,     0.01192747267,      0.2320274106,                 0,                 0,                 0,    0.000601581614,    0.003822566928,      0.2323023285,                 0,       19.45319155,    0.007397683528
          0,           0,         112,      -8.482769792,      -7.231188534,      -7.928492998,      -7.913269444,      -14.57355529,     0.01574597947,     0.01175453601,      0.2321170876,                 0,                 0,                 0,   0.0006182608365,    0.003646605933,      0.2323859155,                 0,       19.74702254,    0.007397683528
          0,           0,         113,      -8.497465639,      -7.249065118,      -7.951356988,      -7.929877108,      -14.55767374,     0.01574597947,     0.01158600893,      0.2322072677,                 0,                 0,                 0,   0.0006351667396,    0.003475034274,      0.2324701592,                 0,       20.04204114,    0.007397683528
          0,           0,         114,      -8.511951085,      -7.266848603,      -7.974203738,      -7.946340073,      -14.54216481,     0.01574597947,      0.0114217548,      0.2322979377,                 0,                 0,                 0,   0.0006522873496,    0.003307715867,      0.2325550416,                 0,       20.33820037,    0.007397683528
          0,           0,         115,      -8.526194826,      -7.284524489,      -7.996995889,      -7.962625843,      -14.52644674,     0.01574597947,     0.01126164068,      0.2323890697,                 0,                 0,                 0,   0.0006696040437,    0.003144518822,      0.2326405302,                 0,       20.63545413,    0.007397683528
          0,           0,         116,      -8.540168229,        -7.3020791,      -8.019701539,      -7.978703915,      -14.51031129,     0.01574597947,       0.011105538,      0.2324806176,                 0,                 0,                 0,   0.0006870914283,    0.002985316256,      0.2327265744,                 0,       20.93375554,    0.007397683528
          0,           0,         117,      -8.553846672,      -7.319499843,      -8.042296702,      -7.994546966,      -14.49476754,     0.01574597947,     0.01095332225,      0.2325725143,                 0,                 0,                 0,   0.0007047167643,    0.002829986086,      0.2328131028,                 0,       21.23305687,    0.007397683528
          0,           0,         118,      -8.567210542,      -7.336775225,      -8.064766456,      -8.010131756,      -14.47888466,     0.01574597947,     0.01080487227,      0.2326646698,                 0,                 0,                 0,   0.0007224401185,    0.002678410362,      0.2329000213,                 0,       21.53331052,    0.007397683528
          0,           0,         119,      -8.580245848,       -7.35389463,      -8.087104665,      -8.025439665,      -14.46243955,     0.01574597947,     0.01066007093,      0.2327569713,                 0,                 0,                 0,   0.0007402153138,    0.002530475953,      0.2329872131,                 0,        21.8344674,    0.007397683528
          0,           0,         120,      -8.592944552,      -7.370847938,      -8.109312453,      -8.040457068,      -14.44686034,     0.01574597947,     0.01051880444,      0.2328492833,                 0,                 0,                 0,   0.0007579904912,    0.002386073875,      0.2330745388,                 0,       22.13647802,    0.007397683528
          0,           0,         121,      -8.605304418,      -7.387625062,      -8.131395749,      -8.055175304,      -14.43072552,     0.01574597947,     0.01038096285,      0.2329414489,                 0,                 0,                 0,   0.0007757092302,    0.002245099718,      0.2331618376,                 0,       22.43929126,    0.007397683528
          0,           0,         122,      -8.617328625,       -7.40421548,      -8.153362477,      -8.069590473,      -14.41441807,     0.01574597947,     0.01024644014,      0.2330332925,                 0,                 0,                 0,   0.0007933117495,    0.002107453662,      0.2332489305,                 0,       22.74285404,    0.007397683528
          0,           0,         123,      -8.629025005,      -7.420607848,      -8.175219866,      -8.083702921,      -14.39865877,     0.01574597947,     0.01011513267,      0.2331246243,                 0,                 0,                 0,   0.0008107371265,    0.001973038742,      0.2333356242,                 0,       23.04711486,    0.007397683528
          0,           0,         124,      -8.640405227,      -7.436789743,      -8.196972295,      -8.097516698,      -14.38256716,     0.01574597947,    0.009986942424,      0.2332152437,                 0,                 0,                 0,   0.0008279242941,     0.00184176402,      0.2334217145,                 0,       23.35201644,    0.007397683528
          0,           0,         125,       -8.65148349,      -7.452747559,       -8.21861978,      -8.111038505,      -14.36652568,     0.01574597947,    0.009861772615,      0.2333049434,                 0,                 0,                 0,   0.0008448131256,    0.001713539987,      0.2335069912,                 0,       23.65750586,    0.007397683528
          0,           0,         126,      -8.662275696,      -7.468466577,      -8.240157165,      -8.124277074,      -14.35030896,     0.01574597947,    0.009739532142,      0.2333935146,                 0,                 0,                 0,   0.0008613466179,    0.001588282888,      0.2335912424,                 0,       23.96352425,    0.007397683528
          0,           0,         127,      -8.672798218,      -7.483931179,      -8.261573916,      -8.137242103,      -14.33432882,     0.01574597947,    0.009620132727,       0.233480752,                 0,                 0,                 0,   0.0008774717355,    0.001465911667,      0.2336742596,                 0,       24.27001359,    0.007397683528
          0,           0,         128,       -8.68306706,      -7.499125181,      -8.282854248,      -8.149943525,      -14.31771692,     0.01574597947,    0.009503489671,      0.2335664562,                 0,                 0,                 0,   0.0008931401163,    0.001346348633,      0.2337558409,                 0,       24.57691483,    0.007397683528
          0,           0,         129,      -8.693097131,       -7.51403226,      -8.303977465,      -8.162390765,      -14.30156452,     0.01574597947,    0.009389522303,      0.2336504396,                 0,                 0,                 0,   0.0009083094683,    0.001229519714,      0.2338357956,                 0,       24.88416684,    0.007397683528
          0,           0,         130,      -8.702902013,      -7.528636423,      -8.324918538,      -8.174592521,      -14.28545346,     0.01574597947,    0.009278151002,      0.2337325277,                 0,                 0,                 0,   0.0009229434126,    0.001115351423,       0.233913947,                 0,       25.19171413,    0.007397683528
          0,           0,         131,      -8.712493896,      -7.542922489,      -8.345648775,       -8.18655662,      -14.26875092,     0.01574597947,    0.009169301878,       0.233812563,                 0,                 0,                 0,   0.0009370121204,    0.001003775415,      0.2339901348,                 0,       25.49949452,    0.007397683528
          0,           0,         132,      -8.721883255,      -7.556876546,      -8.366136637,      -8.198289728,      -14.25263345,     0.01574597947,    0.009062903229,      0.2338904073,                 0,                 0,                 0,   0.0009504928291,   0.0008947248537,      0.2340642184,                 0,       25.80744839,    0.007397683528
          0,           0,         133,      -8.731078927,      -7.570486362,      -8.386348542,      -8.209797281,      -14.23638632,     0.01574597947,     0.00895888617,      0.2339659418,                 0,                 0,                 0,   0.0009633690525,   0.0007881350425,      0.2341360767,                 0,       26.11551675,    0.007397683528
          0,           0,         134,       -8.74008844,      -7.583741724,      -8.406250017,      -8.221083781,       -14.2196892,     0.01574597947,    0.008857184601,      0.2340390693,                 0,                 0,                 0,   0.0009756309294,   0.0006839433149,      0.2342056103,                 0,       26.42364136,    0.007397683528
          0,           0,         135,      -8.748918189,      -7.596634686,      -8.425806832,      -8.232152935,      -14.20342401,     0.01574597947,    0.008757735034,      0.2341097134,                 0,                 0,                 0,   0.0009872744079,   0.0005820888871,      0.2342727407,                 0,       26.73176483,    0.007397683528
          0,           0,         136,      -8.757573754,      -7.609159731,      -8.444986183,      -8.243007974,      -14.18701344,     0.01574597947,    0.008660476504,      0.2341778187,                 0,                 0,                 0,   0.0009983010651,   0.0004825127644,      0.2343374102,                 0,       27.03983073,    0.007397683528
          0,           0,         137,      -8.766060125,      -7.621313813,      -8.463757768,      -8.253651869,      -14.17013229,     0.01574597947,    0.008565349888,      0.2342433504,                 0,                 0,                 0,    0.001008717636,   0.0003851570726,      0.2343995821,                 0,       27.34778538,    0.007397683528
          0,           0,         138,      -8.774382005,      -7.633096322,      -8.482094752,      -8.264087657,       -14.1536966,     0.01574597947,    0.008472298757,      0.2343062928,                 0,                 0,                 0,    0.001018535228,   0.0002899659699,      0.2344592387,                 0,       27.65557489,    0.007397683528
          0,           0,         139,      -8.782543989,      -7.644508955,      -8.499974478,      -8.274318635,      -14.13711915,     0.01574597947,     0.00838126835,      0.2343666478,                 0,                 0,                 0,    0.001027768743,   0.0001968846548,      0.2345163801,                 0,       27.96314806,    0.007397683528
          0,           0,         140,      -8.790550648,      -7.655555535,      -8.517378809,      -8.284348451,      -14.12036629,     0.01574597947,    0.008292205817,       0.234424434,                 0,                 0,                 0,    0.001036436337,   0.0001058596688,      0.2345710228,                 0,       28.27045531,    0.007397683528
          0,           0,         141,      -8.798406625,      -7.666241772,      -8.534294369,      -8.294181205,       -14.1036845,     0.01574597947,    0.008205060304,      0.2344796843,                 0,                 0,                 0,     0.00104455887,   1.683903188e-05,      0.2346231981,                 0,       28.57744802,    0.007397683528
          0,           0,         142,      -8.806116427,      -7.676574991,      -8.550712257,      -8.303821186,      -14.08679433,     0.01574597947,    0.008119781809,      0.2345324446,                 0,                 0,                 0,    0.001052159032,  -7.022881971e-05,      0.2346729501,                 0,       28.88408212,    0.007397683528
          0,           0,         143,      -8.813684742,      -7.686563857,      -8.566627814,      -8.313273249,      -14.07017638,     0.01574597947,    0.008036322386,      0.2345827714,                 0,                 0,                 0,    0.001059261051,  -0.0001553937818,      0.2347203335,                 0,        29.1903137,    0.007397683528
          0,           0,         144,      -8.821116231,      -7.696218106,      -8.582040152,      -8.322542521,      -14.05317725,     0.01574597947,    0.007954635558,      0.2346307308,                 0,                 0,                 0,    0.001065890167,  -0.0002387046057,      0.2347654128,                 0,       29.49610061,    0.007397683528
          0,           0,         145,      -8.828415341,      -7.705548296,      -8.596951531,      -8.331634144,      -14.03616012,     0.01574597947,    0.007874675973,      0.2346763963,                 0,                 0,                 0,    0.001072072306,  -0.0003202091853,        0.23480826,                 0,       29.80140352,    0.007397683528
          0,           0,         146,       -8.83558642,      -7.714565591,      -8.611366908,      -8.340553378,      -14.01916769,     0.01574597947,    0.007796399675,      0.2347198476,                 0,                 0,                 0,    0.001077833462,  -0.0003999542296,      0.2348489531,                 0,       30.10618457,    0.007397683528
          0,           0,         147,       -8.84263357,      -7.723281559,      -8.625293441,      -8.349305377,      -14.00199716,     0.01574597947,    0.007719763924,       0.234761169,                 0,                 0,                 0,    0.001083199596,  -0.0004779853902,      0.2348875747,                 0,       30.41040779,    0.007397683528
          0,           0,         148,      -8.849560655,      -7.731708034,      -8.638739952,      -8.357895165,      -13.98471654,     0.01574597947,    0.007644726987,      0.2348004478,                 0,                 0,                 0,    0.001088196194,  -0.0005543474281,      0.2349242108,                 0,       30.71403965,    0.007397683528
          0,           0,         149,      -8.856371359,      -7.739856993,      -8.651716689,      -8.366327674,      -13.96743401,     0.01574597947,    0.007571248371,      0.2348377733,                 0,                 0,                 0,    0.001092848062,  -0.0006290839248,      0.2349589493,                 0,       31.01704789,    0.007397683528
          0,           0,         150,      -8.863069091,      -7.747740461,       -8.66423501,       -8.37460759,      -13.95018629,     0.01574597947,    0.007499288617,      0.2348732357,                 0,                 0,                 0,    0.001097179236,  -0.0007022374614,      0.2349918787,                 0,        31.3194021,    0.007397683528
          0,           0,         151,      -8.869657071,       -7.75537044,      -8.676307138,      -8.382739443,      -13.93278209,     0.01574597947,     0.00742880931,      0.2349069247,                 0,                 0,                 0,    0.001101212629,  -0.0007738495649,      0.2350230875,                 0,       31.62107344,    0.007397683528
          0,           0,         152,      -8.876138403,      -7.762758857,      -8.687946193,      -8.390727656,      -13.91515989,     0.01574597947,    0.007359773034,      0.2349389291,                 0,                 0,                 0,    0.001104970103,  -0.0008439607235,      0.2350526631,                 0,       31.92203456,    0.007397683528
          0,           0,         153,      -8.882516122,      -7.769917521,      -8.699166095,       -8.39857661,      -13.89762478,     0.01574597947,    0.007292143361,      0.2349693359,                 0,                 0,                 0,    0.001108472306,  -0.0009126103783,       0.235080691,                 0,       32.22225953,    0.007397683528
          0,           0,         154,      -8.888793217,       -7.77685809,      -8.709981481,      -8.406290635,      -13.87999796,     0.01574597947,    0.007225884821,      0.2349982294,                 0,                 0,                 0,    0.001111738669,  -0.0009798369256,      0.2351072546,                 0,       32.52172367,    0.007397683528
          0,           0,         155,      -8.894972802,      -7.783592028,      -8.720407769,       -8.41387427,      -13.86226062,     0.01574597947,    0.007160962893,      0.2350256916,                 0,                 0,                 0,    0.001114787427,    -0.00104567772,      0.2351324343,                 0,        32.8204035,    0.007397683528
          0,           0,         156,      -8.901058114,      -7.790130576,      -8.730461043,      -8.421332221,      -13.84454921,     0.01574597947,    0.007097343952,      0.2350518008,                 0,                 0,                 0,     0.00111763552,   -0.001110169104,      0.2351563073,                 0,       33.11827669,    0.007397683528
          0,           0,         157,      -8.907052475,      -7.796484726,      -8.740157981,       -8.42866931,      -13.82669885,     0.01574597947,    0.007034995283,      0.2350766323,                 0,                 0,                 0,    0.001120298888,   -0.001173346401,      0.2351789478,                 0,       33.41532195,    0.007397683528
          0,           0,         158,       -8.91295934,      -7.802665181,      -8.749515753,      -8.435890568,      -13.80890574,     0.01574597947,    0.006973885048,       0.235100258,                 0,                 0,                 0,    0.001122792276,   -0.001235243935,      0.2352004264,                 0,       33.71151896,    0.007397683528
          0,           0,         159,      -8.918782122,      -7.808682313,      -8.758551738,      -8.443000945,      -13.79107447,     0.01574597947,    0.006913982272,      0.2351227461,                 0,                 0,                 0,    0.001125129366,    -0.00129589504,      0.2352208101,                 0,       34.00684827,    0.007397683528
          0,           0,         160,       -8.92452446,      -7.814546136,       -8.76728336,      -8.450005707,      -13.77318204,     0.01574597947,    0.006855256832,      0.2351441609,                 0,                 0,                 0,    0.001127322798,   -0.001355332072,      0.2352401624,                 0,        34.3012912,    0.007397683528
          0,           0,         161,       -8.93019015,      -7.820266289,      -8.775727914,      -8.456910335,      -13.75531907,     0.01574597947,    0.006797679465,      0.2351645635,                 0,                 0,                 0,    0.001129384385,   -0.001413586405,      0.2352585432,                 0,        34.5948297,    0.007397683528
          0,           0,         162,      -8.935782947,      -7.825851995,      -8.783902369,      -8.463720265,      -13.73744718,     0.01574597947,    0.006741221609,      0.2351840113,                 0,                 0,                 0,    0.001131324891,   -0.001470688587,      0.2352760088,                 0,       34.88744695,    0.007397683528
          0,           0,         163,      -8.941306802,      -7.831312068,      -8.791823207,      -8.470441216,      -13.71956323,     0.01574597947,    0.006685855596,       0.235202558,                 0,                 0,                 0,    0.001133154307,   -0.001526668143,      0.2352926119,                 0,       35.17912623,    0.007397683528
          0,           0,         164,      -8.946765643,      -7.836654887,      -8.799506348,      -8.477078893,      -13.70165955,     0.01574597947,    0.006631554756,       0.235220254,                 0,                 0,                 0,    0.001134881726,   -0.001581553487,      0.2353084021,                 0,       35.46985023,    0.007397683528
          0,           0,         165,      -8.952163239,      -7.841888401,      -8.806966933,      -8.483638775,      -13.68376532,     0.01574597947,    0.006578292426,      0.2352371468,                 0,                 0,                 0,    0.001136515854,    -0.00163537292,      0.2353234257,                 0,       35.75960622,    0.007397683528
          0,           0,         166,      -8.957503674,      -7.847020111,      -8.814219502,      -8.490126825,      -13.66588442,     0.01574597947,    0.006526043451,      0.2352532804,                 0,                 0,                 0,    0.001138064539,   -0.001688153124,      0.2353377261,                 0,       36.04837789,    0.007397683528
          0,           0,         167,      -8.962790855,      -7.852057084,      -8.821277863,      -8.496548787,      -13.64801502,     0.01574597947,    0.006474783135,      0.2352686962,                 0,                 0,                 0,     0.00113953515,   -0.001739920216,      0.2353513436,                 0,       36.33615078,    0.007397683528
          0,           0,         168,      -8.968028612,       -7.85700597,      -8.828155126,      -8.502910316,       -13.6301678,     0.01574597947,    0.006424487493,       0.235283433,                 0,                 0,                 0,    0.001140934642,   -0.001790699525,       0.235364316,                 0,       36.62291089,    0.007397683528
          0,           0,         169,      -8.973220719,      -7.861872998,      -8.834863673,      -8.509217061,      -13.61232369,     0.01574597947,    0.006375133205,      0.2352975267,                 0,                 0,                 0,    0.001142269405,   -0.001840515611,      0.2353766787,                 0,       36.90864475,    0.007397683528
          0,           0,         170,      -8.978370892,      -7.866664009,      -8.841415388,      -8.515474611,      -13.59452277,     0.01574597947,    0.006326697724,      0.2353110113,                 0,                 0,                 0,    0.001143545595,   -0.001889392192,      0.2353884647,                 0,        37.1933387,    0.007397683528
          0,           0,         171,      -8.983482617,      -7.871384457,      -8.847821556,      -8.521688289,      -13.57673486,     0.01574597947,    0.006279158936,      0.2353239181,                 0,                 0,                 0,    0.001144768686,   -0.001937352462,      0.2353997046,                 0,       37.47698068,    0.007397683528
          0,           0,         172,      -8.988559137,      -7.876039449,      -8.854092873,      -8.527863123,      -13.55898247,     0.01574597947,    0.006232495404,       0.235336276,                 0,                 0,                 0,    0.001145943718,   -0.001984418853,      0.2354104265,                 0,        37.7595587,    0.007397683528
          0,           0,         173,      -8.993603513,      -7.880633751,      -8.860239559,      -8.534003944,      -13.54125686,     0.01574597947,     0.00618668642,      0.2353481118,                 0,                 0,                 0,    0.001147075299,   -0.002030612996,      0.2354206564,                 0,       38.04106041,    0.007397683528
          0,           0,         174,      -8.998618527,      -7.885171828,      -8.866271172,      -8.540115243,      -13.52357505,     0.01574597947,      0.0061417118,      0.2353594498,                 0,                 0,                 0,    0.001148167434,   -0.002075955908,      0.2354304179,                 0,       38.32147412,    0.007397683528
          0,           0,         175,      -9.003606753,      -7.889657871,      -8.872196771,       -8.54620127,      -13.50592001,     0.01574597947,    0.006097551915,      0.2353703119,                 0,                 0,                 0,    0.001149223585,   -0.002120467971,      0.2354397321,                 0,        38.6007885,    0.007397683528
          0,           0,         176,      -9.008570578,      -7.894095809,      -8.878024985,      -8.552266029,      -13.48830618,     0.01574597947,     0.00605418764,      0.2353807174,                 0,                 0,                 0,    0.001150246656,   -0.002164168979,       0.235448618,                 0,       38.87899276,    0.007397683528
          0,           0,         177,       -9.01351213,      -7.898489339,      -8.883763747,      -8.558313176,      -13.47073334,     0.01574597947,    0.006011600404,      0.2353906836,                 0,                 0,                 0,    0.001151238954,   -0.002207078086,      0.2354570918,                 0,       39.15607622,    0.007397683528
          0,           0,         178,      -9.018433309,      -7.902841908,      -8.889420551,      -8.564346085,      -13.45320089,     0.01574597947,    0.005969772152,      0.2354002249,                 0,                 0,                 0,    0.001152202214,   -0.002249213845,      0.2354651675,                 0,       39.43202838,    0.007397683528
          0,           0,         179,      -9.023335956,      -7.907156743,       -8.89500233,      -8.570368042,      -13.43570597,     0.01574597947,    0.005928685338,      0.2354093537,                 0,                 0,                 0,     0.00115313776,   -0.002290594219,      0.2354728568,                 0,       39.70683891,    0.007397683528
          0,           0,         180,      -9.028221322,      -7.911436825,      -8.900515528,      -8.576381436,       -13.4182518,     0.01574597947,    0.005888322876,      0.2354180798,                 0,                 0,                 0,    0.001154046361,   -0.002331236631,       0.235480169,                 0,        39.9804978,    0.007397683528
          0,           0,         181,      -9.033090488,      -7.915684896,      -8.905966017,      -8.582388383,      -13.40084619,     0.01574597947,    0.005848668188,      0.2354264111,                 0,                 0,                 0,    0.001154928534,   -0.002371157922,      0.2354871113,                 0,       40.25299497,    0.007397683528
          0,           0,         182,      -9.037944171,      -7.919903463,      -8.911359163,      -8.588390421,      -13.38348525,     0.01574597947,    0.005809705184,      0.2354343536,                 0,                 0,                 0,    0.001155784478,   -0.002410374379,      0.2354936892,                 0,       40.52432028,    0.007397683528
          0,           0,         183,      -9.042782646,      -7.924094803,      -8.916699936,      -8.594388373,      -13.36616752,     0.01574597947,     0.00577141831,      0.2354419112,                 0,                 0,                 0,    0.001156614237,   -0.002448901687,       0.235499906,                 0,       40.79446309,    0.007397683528
          0,           0,         184,      -9.047605902,      -7.928260985,      -8.921992769,      -8.600382594,      -13.34890147,     0.01574597947,    0.005733792503,      0.2354490864,                 0,                 0,                 0,    0.001157417639,   -0.002486754983,      0.2355057636,                 0,       41.06341244,    0.007397683528
          0,           0,         185,      -9.052413939,      -7.932403925,      -8.927241681,      -8.606373423,      -13.33169148,     0.01574597947,    0.005696812708,      0.2354558795,                 0,                 0,                 0,    0.001158194176,   -0.002523949326,       0.235511262,                 0,       41.33116034,    0.007397683528
          0,           0,         186,      -9.057206687,      -7.936525406,      -8.932450526,      -8.612361084,      -13.31453725,     0.01574597947,     0.00566046492,      0.2354622895,                 0,                 0,                 0,    0.001158943402,   -0.002560498678,      0.2355163996,                 0,       41.59769433,    0.007397683528
          0,           0,         187,      -9.061983327,       -7.94062709,       -8.93762268,      -8.618344604,      -13.29744081,     0.01574597947,    0.005624735418,      0.2354683139,                 0,                 0,                 0,    0.001159664631,   -0.002596416662,      0.2355211734,                 0,       41.86300268,    0.007397683528
          0,           0,         188,      -9.066742833,      -7.944710541,      -8.942761261,       -8.62432264,      -13.28040693,     0.01574597947,    0.005589610886,      0.2354739482,                 0,                 0,                 0,    0.001160356979,   -0.002631716433,      0.2355255784,                 0,       42.12707342,    0.007397683528
          0,           0,         189,      -9.071483783,      -7.948777238,      -8.947868928,      -8.630293137,      -13.26344461,     0.01574597947,    0.005555078463,      0.2354791867,                 0,                 0,                 0,    0.001161019425,   -0.002666410641,      0.2355296086,                 0,       42.38989391,    0.007397683528
          0,           0,         190,      -9.076204582,      -7.952828707,       -8.95294798,      -8.636253705,       -13.2465522,     0.01574597947,    0.005521125748,      0.2354840218,                 0,                 0,                 0,    0.001161650709,   -0.002700511413,      0.2355332558,                 0,       42.65145053,    0.007397683528
          0,           0,         191,      -9.080903315,      -7.956866681,      -8.958000675,      -8.642201371,       -13.2297325,     0.01574597947,    0.005487740654,      0.2354884439,                 0,                 0,                 0,    0.001162249218,   -0.002734030502,      0.2355365101,                 0,       42.91172976,    0.007397683528
          0,           0,         192,      -9.085577675,      -7.960893247,      -8.963029299,      -8.648132477,      -13.21298874,     0.01574597947,    0.005454911583,      0.2354924419,                 0,                 0,                 0,     0.00116281303,     -0.0027669791,      0.2355393599,                 0,       43.17071657,    0.007397683528
          0,           0,         193,      -9.090225019,      -7.964910743,      -8.968036185,      -8.654042722,      -13.19632699,     0.01574597947,     0.00542262731,      0.2354960024,                 0,                 0,                 0,    0.001163339878,   -0.002799367966,      0.2355417915,                 0,       43.42839529,    0.007397683528
          0,           0,         194,       -9.09484225,      -7.968921485,      -8.973023655,       -8.65992685,      -13.17974738,     0.01574597947,    0.005390876931,      0.2354991101,                 0,                 0,                 0,    0.001163827066,   -0.002831207461,      0.2355437893,                 0,       43.68474983,    0.007397683528
          0,           0,         195,      -9.099425807,      -7.972927298,      -8.977993463,      -8.665778433,      -13.16325333,     0.01574597947,    0.005359650107,      0.2355017476,                 0,                 0,                 0,    0.001164271568,   -0.002862507312,      0.2355453354,                 0,       43.93976154,    0.007397683528
          0,           0,         196,      -9.103971796,      -7.976929159,      -8.982946477,      -8.671589996,      -13.14684851,     0.01574597947,    0.005328936292,      0.2355038957,                 0,                 0,                 0,    0.001164670098,   -0.002893277382,      0.2355464103,                 0,       44.19341549,    0.007397683528
          0,           0,         197,      -9.108476121,      -7.980927241,       -8.98788254,      -8.677353172,       -13.1305348,     0.01574597947,    0.005298725939,      0.2355055323,                 0,                 0,                 0,    0.001165018913,   -0.002923526451,      0.2355469916,                 0,       44.44569035,    0.007397683528
          0,           0,         198,      -9.112934371,      -7.984921399,      -8.992800772,      -8.683058638,      -13.11431686,     0.01574597947,    0.005269009647,      0.2355066339,                 0,                 0,                 0,    0.001165314296,   -0.002953263084,      0.2355470554,                 0,       44.69656533,    0.007397683528
          0,           0,         199,      -9.117341132,      -7.988911559,       -8.99769989,      -8.688695031,      -13.09819535,     0.01574597947,    0.005239778439,      0.2355071741,                 0,                 0,                 0,    0.001165552088,   -0.002982495337,      0.2355465751,                 0,       44.94601762,    0.007397683528
          0,           0,         200,      -9.121690485,      -7.992897914,       -9.00257807,      -8.694249787,      -13.08217371,     0.01574597947,    0.005211023761,      0.2355071239,                 0,                 0,                 0,    0.001165727965,   -0.003011230747,      0.2355455214,                 0,       45.19402226,    0.007397683528
          0,           0,         201,      -9.125976243,       -7.99688107,      -9.007433215,      -8.699709501,      -13.06624782,     0.01574597947,    0.005182737532,      0.2355064521,                 0,                 0,                 0,    0.001165837603,     -0.0030394763,      0.2355438629,                 0,       45.44055157,    0.007397683528
          0,           0,         202,      -9.130191235,      -8.000862388,      -9.012263283,       -8.70505874,       -13.0504164,     0.01574597947,    0.005154912186,      0.2355051247,                 0,                 0,                 0,    0.001165876559,   -0.003067238371,      0.2355415652,                 0,        45.6855745,    0.007397683528
          0,           0,         203,      -9.134327265,      -8.004844193,      -9.017066895,      -8.710280079,      -13.03467082,     0.01574597947,    0.005127540695,       0.235503105,                 0,                 0,                 0,    0.001165840272,   -0.003094522699,      0.2355385914,                 0,       45.92905624,    0.007397683528
          0,           0,         204,      -9.138374858,      -8.008829539,      -9.021842644,      -8.715353499,      -13.01900233,     0.01574597947,    0.005100616602,      0.2355003529,                 0,                 0,                 0,    0.001165723944,   -0.003121334345,      0.2355349014,                 0,        46.1709576,    0.007397683528
          0,           0,         205,      -9.142323274,      -8.012821484,      -9.026588323,      -8.720256117,      -13.00339486,     0.01574597947,    0.005074134052,      0.2354968255,                 0,                 0,                 0,    0.001165522701,   -0.003147677657,      0.2355304519,                 0,       46.41123452,    0.007397683528
          0,           0,         206,       -9.14615997,      -8.016822035,      -9.031299635,      -8.724960919,      -12.98783147,     0.01574597947,    0.005048087825,      0.2354924763,                 0,                 0,                 0,    0.001165231555,   -0.003173556233,      0.2355251963,                 0,       46.64983741,    0.007397683528
          0,           0,         207,      -9.149870705,      -8.020831347,      -9.035968658,      -8.729436674,      -12.97228183,     0.01574597947,    0.005022473397,      0.2354872557,                 0,                 0,                 0,    0.001164845756,   -0.003198972861,       0.235519085,                 0,        46.8867104,    0.007397683528
          0,           0,         208,      -9.153439665,      -8.024847146,      -9.040583101,      -8.733648069,       -12.9567157,     0.01574597947,    0.004997287039,      0.2354811112,                 0,                 0,                 0,    0.001164361144,   -0.003223929436,      0.2355120652,                 0,       47.12179015,    0.007397683528
          0,           0,         209,      -9.156849009,       -8.02886431,      -9.045125805,      -8.737554936,      -12.94108446,     0.01574597947,    0.004972525956,      0.2354739873,                 0,                 0,                 0,    0.001163774394,   -0.003248426817,      0.2355040816,                 0,       47.35500416,    0.007397683528
          0,           0,         210,      -9.160078399,       -8.03287426,      -9.049573514,      -8.741111763,      -12.92529936,     0.01574597947,    0.004948188519,      0.2354658257,                 0,                 0,                 0,    0.001163083051,   -0.003272464592,      0.2354950756,                 0,       47.58626815,    0.007397683528
          0,           0,         211,      -9.163104713,      -8.036865491,      -9.053897439,      -8.744267711,      -12.90933668,     0.01574597947,    0.004924274419,       0.235456564,                 0,                 0,                 0,    0.001162285075,   -0.003296040893,      0.2354849849,                 0,       47.81548385,    0.007397683528
          0,           0,         212,      -9.165901544,       -8.04081919,      -9.058057643,      -8.746965835,      -12.89314189,     0.01574597947,    0.004900784851,      0.2354461338,                 0,                 0,                 0,    0.001161378194,   -0.003319152143,      0.2354737413,                 0,       48.04253623,    0.007397683528
          0,           0,         213,      -9.168438456,       -8.04470524,      -9.061996387,      -8.749142658,      -12.87633443,     0.01574597947,     0.00487772276,      0.2354344602,                 0,                 0,                 0,    0.001160360016,   -0.003341792783,      0.2354612699,                 0,       48.26729024,    0.007397683528
          0,           0,         214,       -9.17067976,       -8.04848779,      -9.065646697,      -8.750725593,      -12.85876579,     0.01574597947,    0.004855093154,      0.2354214619,                 0,                 0,                 0,    0.001159228509,    -0.00336395497,      0.2354474898,                 0,         48.489587,    0.007397683528
          0,           0,         215,      -9.172582825,      -8.052109645,      -9.068912023,      -8.751632269,      -12.84037549,     0.01574597947,    0.004832903654,      0.2354070508,                 0,                 0,                 0,    0.001157984065,   -0.003385628015,      0.2354323131,                 0,       48.70923728,    0.007397683528
          0,           0,         216,      -9.174096196,      -8.055463674,      -9.071630617,      -8.751768123,      -12.82160591,     0.01574597947,    0.004811165628,      0.2353911379,                 0,                 0,                 0,    0.001156633313,   -0.003406797444,      0.2354156512,                 0,       48.92601005,    0.007397683528
          0,           0,         217,      -9.175156454,      -8.058354717,      -9.073537783,      -8.751016824,      -12.80193771,     0.01574597947,    0.004789895028,      0.2353736329,                 0,                 0,                 0,    0.001155190435,   -0.003427444173,      0.2353974146,                 0,       49.13962238,    0.007397683528
          0,           0,         218,      -9.175682454,      -8.060607215,      -9.074389004,      -8.749240404,       -12.7793817,     0.01574597947,    0.004769111732,       0.235354452,                 0,                 0,                 0,    0.001153671198,   -0.003447545404,        0.23537752,                 0,       49.34974587,    0.007397683528
          0,           0,         219,      -9.175579117,      -8.062135635,      -9.074030635,      -8.746293635,      -12.75601801,     0.01574597947,    0.004748842326,      0.2353335316,                 0,                 0,                 0,     0.00115208655,   -0.003467072351,       0.235355905,                 0,       49.55597922,    0.007397683528
          0,           0,         220,      -9.174778611,      -8.062221462,      -9.071670287,      -8.742075176,      -12.72772014,     0.01574597947,    0.004729120417,      0.2353107561,                 0,                 0,                 0,    0.001150474123,   -0.003485987392,      0.2353324551,                 0,       49.75782711,    0.007397683528
          0,           0,         221,      -9.173174565,      -8.060183787,      -9.066591344,      -8.736430984,      -12.69597726,     0.01574597947,    0.004709986519,      0.2352861035,                 0,                 0,                 0,    0.001148865066,    -0.00350424927,      0.2353071497,                 0,        49.9547297,    0.007397683528
          0,           0,         222,      -9.170666392,      -8.056145358,      -9.058918109,      -8.729270948,      -12.66306095,     0.01574597947,    0.004691491168,      0.2352594791,                 0,                 0,                 0,    0.001147267655,   -0.003521804178,      0.2352798961,                 0,       50.14599212,    0.007397683528
          0,           0,         223,      -9.167212348,      -8.048597411,      -9.047178474,      -8.720570411,      -12.63085812,     0.01574597947,    0.004673690343,      0.2352307531,                 0,                 0,                 0,     0.00114571788,   -0.003538591634,      0.2352505663,                 0,       50.33083833,    0.007397683528
          0,           0,         224,      -9.162716357,       -8.03767191,      -9.031767835,      -8.710314781,      -12.59913506,     0.01574597947,      0.0046566579,       0.235199875,                 0,                 0,                 0,    0.001144239765,   -0.003554536071,      0.2352191126,                 0,       50.50830016,    0.007397683528
          0,           0,         225,      -9.157062444,      -8.022816155,      -9.012537015,      -8.698430941,       -12.5629769,     0.01574597947,    0.004640480055,      0.2351666883,                 0,                 0,                 0,    0.001142826125,   -0.003569545864,      0.2351853816,                 0,       50.67723286,    0.007397683528
          0,           0,         226,       -9.15021562,      -8.004310451,      -8.989469009,      -8.685061645,      -12.51627116,     0.01574597947,    0.004625262136,      0.2351310765,                 0,                 0,                 0,     0.00114147947,   -0.003583511679,      0.2351492604,                 0,       50.83627038,    0.007397683528
          0,           0,         227,       -9.14219692,       -7.98200284,      -8.962798985,      -8.670275079,      -12.48261138,     0.01574597947,    0.004611126158,      0.2350928766,                 0,                 0,                 0,    0.001140206263,   -0.003596305888,      0.2351105904,                 0,       50.98383097,    0.007397683528
          0,           0,         228,      -9.132981406,      -7.957186641,      -8.933518916,      -8.654175616,      -12.46456731,     0.01574597947,    0.004598206708,       0.235051886,                 0,                 0,                 0,    0.001139002319,   -0.003607786916,      0.2350691738,                 0,       51.11816431,    0.007397683528
          0,           0,         229,      -9.122478966,      -7.932021714,      -8.904940313,      -8.636692447,      -12.44008042,     0.01574597947,    0.004586660108,      0.2350080249,                 0,                 0,                 0,    0.001137877029,   -0.003617795753,      0.2350249365,                 0,         51.237288,    0.007397683528
          0,           0,         230,      -9.110626281,      -7.909386922,      -8.878565841,      -8.618099882,      -12.43991241,     0.01574597947,    0.004576606181,       0.234961166,                 0,                 0,                 0,    0.001136648782,   -0.003626208201,      0.2349777552,                 0,       51.33960771,    0.007397683528
          0,           0,         231,      -9.097882512,      -7.887750822,      -8.853541704,      -8.598917609,      -12.44942324,     0.01574597947,    0.004568043841,      0.2349110348,                 0,                 0,                 0,    0.001135130822,   -0.003633015771,      0.2349273557,                 0,       51.42486432,    0.007397683528
          0,           0,         232,      -9.084642457,      -7.868156983,      -8.830832757,      -8.579785749,      -12.46513535,     0.01574597947,    0.004560848674,      0.2348574588,                 0,                 0,                 0,    0.001133087669,   -0.003638336782,      0.2348735613,                 0,       51.49424496,    0.007397683528
          0,           0,         233,      -9.071053187,      -7.851196473,      -8.810926851,      -8.560924972,      -12.48163256,     0.01574597947,    0.004554854701,      0.2347999602,                 0,                 0,                 0,    0.001130289868,   -0.003642320429,      0.2348158885,                 0,       51.54938534,    0.007397683528
          0,           0,         234,      -9.057252759,      -7.837955205,      -8.794548657,      -8.542543228,      -12.49334421,     0.01574597947,    0.004549919161,       0.234738239,                 0,                 0,                 0,    0.001126584936,   -0.003645098926,      0.2347540327,                 0,       51.59173839,    0.007397683528
          0,           0,         235,      -9.043266542,        -7.8278931,      -8.781171793,      -8.524618408,      -12.50278822,     0.01574597947,    0.004545908924,      0.2346718762,                 0,                 0,                 0,    0.001121784513,   -0.003646790691,      0.2346875704,                 0,       51.62265239,    0.007397683528
          0,           0,         236,      -9.029054583,      -7.821519619,       -8.77101396,      -8.507062917,      -12.51405218,     0.01574597947,    0.004542708321,      0.2346005532,                 0,                 0,                 0,     0.00111573644,   -0.003647500205,      0.2346161791,                 0,       51.64332301,    0.007397683528
          0,           0,         237,      -9.014647872,      -7.817659148,      -8.763004874,       -8.48981383,      -12.52231352,     0.01574597947,    0.004540192587,      0.2345238221,                 0,                 0,                 0,    0.001108263958,   -0.003647336531,      0.2345394069,                 0,       51.65503833,    0.007397683528
          0,           0,         238,      -9.000116872,       -7.81636351,       -8.75694203,      -8.472866363,      -12.53728051,     0.01574597947,    0.004538266274,      0.2344414154,                 0,                 0,                 0,    0.001099298327,   -0.003646385719,      0.2344569832,                 0,       51.65880564,    0.007397683528
          0,           0,         239,       -8.98549137,       -7.81690443,      -8.752078613,      -8.456165189,      -12.54576137,     0.01574597947,    0.004536818056,       0.234353043,                 0,                 0,                 0,    0.001088736178,   -0.003644748901,      0.2343686141,                 0,       51.65581693,    0.007397683528
          0,           0,         240,       -8.97079861,      -7.818799098,      -8.747987112,      -8.439674014,      -12.55542359,     0.01574597947,    0.004535730974,      0.2342583458,                 0,                 0,                 0,    0.001076453193,   -0.003642530439,      0.2342739367,                 0,       51.64731929,    0.007397683528
          0,           0,         241,      -8.956083422,      -7.821877771,      -8.744369051,      -8.423394539,      -12.56307647,     0.01574597947,    0.004534942803,      0.2341571347,                 0,                 0,                 0,    0.001062391479,   -0.003639785912,      0.2341727597,                 0,       51.63397751,    0.007397683528
          0,           0,         242,      -8.941448626,      -7.825739518,      -8.740827021,       -8.40739415,      -12.56862896,     0.01574597947,    0.004534414681,      0.2340491875,                 0,                 0,                 0,    0.001046490483,    -0.00363654641,      0.2340648599,                 0,       51.61618511,    0.007397683528
          0,           0,         243,      -8.927023955,      -7.829872176,      -8.736879032,      -8.391771389,      -12.57331282,     0.01574597947,    0.004534016062,      0.2339341036,                 0,                 0,                 0,    0.001028523982,   -0.003632928415,      0.2339498321,                 0,       51.59534073,    0.007397683528
          0,           0,         244,      -8.912944683,      -7.834160933,      -8.732466429,      -8.376642631,      -12.57423418,     0.01574597947,    0.004533664865,      0.2338114741,                 0,                 0,                 0,    0.001008411657,   -0.003628999691,      0.2338272651,                 0,       51.57228888,    0.007397683528
          0,           0,         245,      -8.899187869,      -7.838445705,      -8.727501538,      -8.361957057,      -12.57306121,     0.01574597947,    0.004533288585,      0.2336810477,                 0,                 0,                 0,   0.0009860095321,   -0.003624823925,       0.233696905,                 0,       51.54779876,    0.007397683528
          0,           0,         246,      -8.885751201,       -7.84261453,      -8.721943536,       -8.34769529,      -12.56990605,     0.01574597947,     0.00453281283,       0.233542174,                 0,                 0,                 0,   0.0009611313056,   -0.003620452768,      0.2335580993,                 0,       51.52257169,    0.007397683528
          0,           0,         247,      -8.872615603,      -7.846404107,        -8.7156296,      -8.333820759,      -12.56551163,     0.01574597947,    0.004532244227,      0.2333943742,                 0,                 0,                 0,   0.0009336092668,   -0.003615862885,      0.2334103697,                 0,       51.49642484,    0.007397683528
          0,           0,         248,      -8.859611572,      -7.849737534,      -8.708453056,      -8.320144734,      -12.56006904,     0.01574597947,    0.004531527436,      0.2332370507,                 0,                 0,                 0,   0.0009033043711,   -0.003611088731,       0.233253117,                 0,       51.46985294,    0.007397683528
          0,           0,         249,      -8.846584629,      -7.852543495,      -8.700317596,      -8.306498823,      -12.55346971,     0.01574597947,    0.004530639448,      0.2330696056,                 0,                 0,                 0,    0.000870049709,   -0.003606132426,      0.2330857429,                 0,       51.44298244,    0.007397683528
          0,           0,         250,      -8.833378834,        -7.8547069,      -8.691098794,      -8.292716677,       -12.5464793,     0.01574597947,    0.004529544865,      0.2328913112,                 0,                 0,                 0,   0.0008336391187,   -0.003601003961,       0.232907519,                 0,       51.41605133,    0.007397683528
          0,           0,         251,      -8.819858221,      -7.856188429,      -8.680710061,      -8.278655185,      -12.53840674,     0.01574597947,    0.004528307456,      0.2327016539,                 0,                 0,                 0,   0.0007940590836,   -0.003595621668,       0.232717934,                 0,       51.38821869,    0.007397683528
          0,           0,         252,      -8.805931917,      -7.856908538,      -8.669085136,      -8.264218851,      -12.53005233,     0.01574597947,    0.004526909386,      0.2325000252,                 0,                 0,                 0,   0.0007511748259,   -0.003589982148,      0.2325163793,                 0,       51.35954917,    0.007397683528
          0,           0,         253,      -8.791513413,      -7.856905584,      -8.656217618,      -8.249318529,      -12.52119117,     0.01574597947,    0.004525344416,      0.2322861944,                 0,                 0,                 0,   0.0007051270366,   -0.003584083577,      0.2323026242,                 0,       51.33005868,    0.007397683528
          0,           0,         254,      -8.776594116,      -7.856230787,      -8.642164988,      -8.233945066,      -12.51144687,     0.01574597947,    0.004523613124,      0.2320603044,                 0,                 0,                 0,   0.0006561601161,   -0.003577930367,      0.2320768113,                 0,       51.29976813,    0.007397683528
          0,           0,         255,      -8.761284557,      -7.854891217,      -8.627072185,      -8.218211321,      -12.50135392,     0.01574597947,    0.004521748379,      0.2318228553,                 0,                 0,                 0,   0.0006046614609,   -0.003571507122,      0.2318394418,                 0,       51.26841121,    0.007397683528
          0,           0,         256,      -8.745868763,        -7.8529435,      -8.611218957,      -8.202404885,      -12.49094659,     0.01574597947,    0.004519788514,      0.2315747883,                 0,                 0,                 0,   0.0005511184177,    -0.00356480838,      0.2315914575,                 0,       51.23575751,    0.007397683528
          0,           0,         257,      -8.730799132,      -7.850442736,      -8.595008665,      -8.186981584,      -12.47969755,     0.01574597947,     0.00451778634,      0.2313173525,                 0,                 0,                 0,     0.00049608554,   -0.003557824953,      0.2313341087,                 0,       51.20148123,    0.007397683528
          0,           0,         258,      -8.716643769,      -7.847483073,      -8.578965589,      -8.172511935,      -12.46815581,     0.01574597947,    0.004515793884,      0.2310521465,                 0,                 0,                 0,   0.0004401580337,    -0.00355056064,      0.2310689947,                 0,       51.16534377,    0.007397683528
          0,           0,         259,      -8.704005682,      -7.844126356,      -8.563671428,      -8.159599444,      -12.45601899,     0.01574597947,     0.00451385936,      0.2307809695,                 0,                 0,                 0,   0.0003839272472,   -0.003543030045,      0.2307979154,                 0,        51.1271954,    0.007397683528
          0,           0,         260,      -8.693460461,      -7.840556671,      -8.549743712,      -8.148818153,      -12.44372815,     0.01574597947,    0.004512031867,      0.2305057873,                 0,                 0,                 0,   0.0003279791141,   -0.003535252706,      0.2305228371,                 0,       51.08691475,    0.007397683528
          0,           0,         261,      -8.685474973,      -7.836846349,      -8.537736654,      -8.140632056,      -12.43105798,     0.01574597947,    0.004510350031,      0.2302286415,                 0,                 0,                 0,    0.000272839876,   -0.003527261267,      0.2302458014,                 0,       51.04451759,    0.007397683528
          0,           0,         262,      -8.680369422,      -7.833135081,      -8.528113897,      -8.135357849,      -12.41827531,     0.01574597947,    0.004508841022,      0.2299515289,                 0,                 0,                 0,   0.0002189730288,   -0.003519098265,      0.2299688049,                 0,       51.00014122,    0.007397683528
          0,           0,         263,      -8.678277878,      -7.829441796,      -8.521179051,      -8.133124976,      -12.40498626,     0.01574597947,    0.004507527622,      0.2296763239,                 0,                 0,                 0,   0.0001667741014,   -0.003510806351,      0.2296937217,                 0,       50.95394708,    0.007397683528
          0,           0,         264,      -8.679121325,      -7.825874497,      -8.517080824,      -8.133850654,      -12.39176611,     0.01574597947,    0.004506421072,       0.229404728,                 0,                 0,                 0,   0.0001165432468,   -0.003502433666,      0.2294222526,                 0,       50.90619015,    0.007397683528
          0,           0,         265,      -8.682648325,      -7.822407477,      -8.515784853,      -8.137279591,      -12.37886455,     0.01574597947,    0.004505521072,      0.2291381853,                 0,                 0,                 0,   6.849129918e-05,   -0.003494030914,       0.229155841,                 0,        50.8571998,    0.007397683528
          0,           0,         266,      -8.688477308,      -7.819169261,      -8.517129946,      -8.143027764,      -12.36612355,     0.01574597947,    0.004504826591,      0.2288778837,                 0,                 0,                 0,   2.275696095e-05,   -0.003485640576,      0.2288956737,                 0,       50.80725731,    0.007397683528
          0,           0,         267,      -8.696152931,      -7.816169529,      -8.520832364,      -8.150635828,      -12.35330376,     0.01574597947,    0.004504328539,      0.2286247394,                 0,                 0,                 0,  -2.060087596e-05,   -0.003477303713,      0.2286426661,                 0,       50.75667491,    0.007397683528
          0,           0,         268,      -8.705204016,      -7.813390452,      -8.526537399,      -8.159630529,      -12.34078107,     0.01574597947,    0.004504011188,      0.2283794333,                 0,                 0,                 0,  -6.159282533e-05,   -0.003469059812,      0.2283974984,                 0,       50.70578729,    0.007397683528
          0,           0,         269,      -8.715207535,      -7.810624122,      -8.533827383,      -8.169584612,      -12.32910996,     0.01574597947,    0.004503859039,      0.2281423766,                 0,                 0,                 0,  -0.0001002670969,   -0.003460938711,      0.2281605809,                 0,       50.65486611,    0.007397683528
          0,           0,         270,      -8.725791917,       -7.80813178,      -8.542370776,      -8.180124599,      -12.31746703,     0.01574597947,    0.004503859598,       0.227913812,                 0,                 0,                 0,  -0.0001367036448,   -0.003452961361,      0.2279321555,                 0,       50.60411121,    0.007397683528
          0,           0,         271,      -8.736643259,      -7.805762285,      -8.551801384,      -8.190933291,       -12.3063847,     0.01574597947,    0.004503994773,      0.2276937846,                 0,                 0,                 0,  -0.0001710175108,   -0.003445147424,      0.2277122669,                 0,       50.55374086,    0.007397683528
          0,           0,         272,      -8.747524772,      -7.803536324,      -8.561818686,      -8.201774123,      -12.29640767,     0.01574597947,    0.004504250205,      0.2274821839,                 0,                 0,                 0,  -0.0002033299946,   -0.003437507391,       0.227500804,                 0,       50.50389601,    0.007397683528
          0,           0,         273,      -8.758249716,      -7.801488078,      -8.572177738,      -8.212455555,       -12.2866197,     0.01574597947,    0.004504617415,      0.2272788442,                 0,                 0,                 0,  -0.0002337719075,   -0.003430043949,      0.2272976009,                 0,        50.4546387,    0.007397683528
          0,           0,         274,      -8.768746181,       -7.79949171,      -8.582679337,      -8.222908852,      -12.27751511,     0.01574597947,    0.004505081894,      0.2270835673,                 0,                 0,                 0,  -0.0002624893698,    -0.00342276469,      0.2271024592,                 0,       50.40609087,    0.007397683528
          0,           0,         275,      -8.779027323,      -7.797382916,      -8.593146825,      -8.233145537,      -12.26936669,     0.01574597947,    0.004505642329,      0.2268960791,                 0,                 0,                 0,  -0.0002895932948,   -0.003415661353,      0.2269151048,                 0,       50.35820924,    0.007397683528
          0,           0,         276,      -8.789122697,      -7.795708564,      -8.603621378,      -8.243198938,       -12.2613732,     0.01574597947,    0.004506293288,      0.2267161373,                 0,                 0,                 0,   -0.000315179244,    -0.00340873091,      0.2267352953,                 0,       50.31100348,    0.007397683528
          0,           0,         277,      -8.799030335,      -7.793990738,      -8.613943427,      -8.253066567,      -12.25463551,     0.01574597947,    0.004507030689,      0.2265434172,                 0,                 0,                 0,  -0.0003393432619,   -0.003401966114,      0.2265627062,                 0,       50.26444967,    0.007397683528
          0,           0,         278,      -8.808730762,      -7.792668968,      -8.624141382,      -8.262730206,      -12.24823886,     0.01574597947,     0.00450785812,      0.2263776771,                 0,                 0,                 0,   -0.000362154195,   -0.003395354941,      0.2263970959,                 0,       50.21845654,    0.007397683528
          0,           0,         279,      -8.818250721,      -7.791367976,      -8.634141142,      -8.272211921,      -12.24385206,     0.01574597947,    0.004508770217,      0.2262186853,                 0,                 0,                 0,   -0.000383687425,   -0.003388894664,      0.2262382328,                 0,       50.17303486,    0.007397683528
          0,           0,         280,      -8.827642494,      -7.789918154,      -8.643860691,      -8.281566408,      -12.23931321,     0.01574597947,    0.004509768061,      0.2260662253,                 0,                 0,                 0,  -0.0004039879386,   -0.003382576653,      0.2260859005,                 0,       50.12812683,    0.007397683528
          0,           0,         281,      -8.836933495,      -7.788857979,      -8.653427278,      -8.290821868,      -12.23660653,     0.01574597947,    0.004510862082,      0.2259201403,                 0,                 0,                 0,  -0.0004230748724,   -0.003376385006,      0.2259399427,                 0,       50.08358407,    0.007397683528
          0,           0,         282,      -8.846156079,      -7.788028256,      -8.662821445,      -8.300009911,      -12.23348455,     0.01574597947,    0.004512049391,      0.2257802708,                 0,                 0,                 0,  -0.0004409681695,   -0.003370317043,      0.2258001998,                 0,       50.03940587,    0.007397683528
          0,           0,         283,      -8.855303861,      -7.787430321,      -8.672021116,      -8.309127789,      -12.23192016,     0.01574597947,    0.004513334586,      0.2256464889,                 0,                 0,                 0,  -0.0004576815459,    -0.00336436371,      0.2256665443,                 0,       49.99551542,    0.007397683528
          0,           0,         284,      -8.864404706,      -7.787006464,      -8.681063777,      -8.318191755,      -12.23067024,     0.01574597947,    0.004514722189,      0.2255187124,                 0,                 0,                 0,  -0.0004732118918,   -0.003358517618,       0.225538894,                 0,       49.95184708,    0.007397683528
          0,           0,         285,      -8.873494337,       -7.78641706,      -8.689881583,      -8.327248721,      -12.23100349,     0.01574597947,    0.004516207442,       0.225396893,                 0,                 0,                 0,   -0.000487575612,   -0.003352781835,      0.2254172007,                 0,       49.90844552,    0.007397683528
          0,           0,         286,      -8.882606577,      -7.786032138,      -8.698598429,       -8.33633307,      -12.23201051,     0.01574597947,    0.004517798873,      0.2252809735,                 0,                 0,                 0,  -0.0005007549107,   -0.003347145839,      0.2253014073,                 0,       49.86520645,    0.007397683528
          0,           0,         287,      -8.891784693,      -7.786174024,      -8.707401769,      -8.345495214,      -12.23411821,     0.01574597947,    0.004519496463,      0.2251709641,                 0,                 0,                 0,  -0.0005127310383,   -0.003341610011,      0.2251915242,                 0,       49.82213526,    0.007397683528
          0,           0,         288,      -8.901028203,      -7.786398723,      -8.716175756,      -8.354740915,      -12.23669529,     0.01574597947,    0.004521298501,      0.2250667887,                 0,                 0,                 0,  -0.0005235129173,   -0.003336173401,      0.2250874751,                 0,       49.77923678,    0.007397683528
          0,           0,         289,      -8.910321626,      -7.786923761,      -8.725044027,      -8.364041554,      -12.23966352,     0.01574597947,    0.004523206372,      0.2249684419,                 0,                 0,                 0,  -0.0005330878516,    -0.00333083444,      0.2249892549,                 0,       49.73649739,    0.007397683528
          0,           0,         290,      -8.919662308,      -7.787398562,      -8.733958586,      -8.373411922,      -12.24419505,     0.01574597947,    0.004525214098,      0.2248758909,                 0,                 0,                 0,  -0.0005414788082,   -0.003325597952,      0.2248968303,                 0,       49.69397823,    0.007397683528
          0,           0,         291,      -8.929021476,      -7.787738981,      -8.742849382,      -8.382815798,      -12.24825544,     0.01574597947,    0.004527326002,      0.2247890674,                 0,                 0,                 0,  -0.0005486911883,   -0.003320457239,      0.2248101334,                 0,       49.65161936,    0.007397683528
          0,           0,         292,      -8.938381475,      -7.788843782,      -8.752071926,      -8.392249553,      -12.25495178,     0.01574597947,    0.004529533856,      0.2247079828,                 0,                 0,                 0,   -0.000554734696,   -0.003315420918,      0.2247291752,                 0,       49.60951611,    0.007397683528
          0,           0,         293,      -8.947725486,      -7.789813083,      -8.761280297,      -8.401691306,      -12.26101195,     0.01574597947,    0.004531836485,         0.2246325,                 0,                 0,                 0,  -0.0005596427283,    -0.00331048538,      0.2246538187,                 0,       49.56765336,    0.007397683528
          0,           0,         294,      -8.957007059,      -7.791218765,      -8.770621486,      -8.411087945,      -12.26876982,     0.01574597947,    0.004534231694,      0.2245625442,                 0,                 0,                 0,   -0.000563431941,   -0.003305650207,      0.2245839891,                 0,       49.52604087,    0.007397683528
          0,           0,         295,      -8.966159866,      -7.792599478,      -8.779969599,      -8.420372171,        -12.276937,     0.01574597947,    0.004536708129,      0.2244979798,                 0,                 0,                 0,  -0.0005661625503,   -0.003300922015,      0.2245195505,                 0,       49.48477473,    0.007397683528
          0,           0,         296,      -8.975127582,      -7.793677703,      -8.789104511,      -8.429486512,      -12.28529609,     0.01574597947,    0.004539259864,      0.2244386388,                 0,                 0,                 0,  -0.0005678840482,   -0.003296300865,      0.2244603347,                 0,       49.44388414,    0.007397683528
          0,           0,         297,      -8.983859248,      -7.795244102,      -8.798276353,       -8.43838871,      -12.29508779,     0.01574597947,    0.004541884371,      0.2243843738,                 0,                 0,                 0,  -0.0005686402732,   -0.003291784136,      0.2244061944,                 0,       49.40336554,    0.007397683528
          0,           0,         298,      -8.992323824,       -7.79696219,       -8.80731977,      -8.447041669,      -12.30481229,     0.01574597947,    0.004544573244,      0.2243350009,                 0,                 0,                 0,  -0.0005684939297,   -0.003287373812,      0.2243569454,                 0,       49.36327107,    0.007397683528
          0,           0,         299,      -9.000512395,       -7.79878602,      -8.816146296,      -8.455448365,       -12.3157534,     0.01574597947,      0.0045473214,      0.2242903065,                 0,                 0,                 0,  -0.0005675101083,   -0.003283067517,      0.2243123741,                 0,       49.32360982,    0.007397683528
          0,           0,         300,      -9.008413537,      -7.800868882,      -8.824785402,      -8.463574565,      -12.32760046,     0.01574597947,    0.004550123195,      0.2242500553,                 0,                 0,                 0,  -0.0005657451416,   -0.003278862682,      0.2242722452,                 0,       49.28439202,    0.007397683528
          0,           0,         301,      -9.016004659,      -7.802971762,      -8.833174124,      -8.471410142,      -12.33871215,     0.01574597947,    0.004552969019,      0.2242140245,                 0,                 0,                 0,  -0.0005632738203,   -0.003274761136,      0.2242363357,                 0,       49.24567322,    0.007397683528
          0,           0,         302,      -9.023259032,      -7.804792388,       -8.84111915,      -8.478923074,      -12.35074946,     0.01574597947,    0.004555853906,        0.22418193,                 0,                 0,                 0,  -0.0005601673011,   -0.003270757924,      0.2242043614,                 0,       49.20744489,    0.007397683528
          0,           0,         303,      -9.030160888,      -7.807029806,      -8.848926951,      -8.486109732,      -12.36399623,     0.01574597947,    0.004558771595,      0.2241535625,                 0,                 0,                 0,  -0.0005564835142,   -0.003266852001,       0.224176113,                 0,        49.1697287,    0.007397683528
          0,           0,         304,      -9.036729579,      -7.809409812,      -8.856489656,      -8.492987493,      -12.37777571,     0.01574597947,    0.004561719531,      0.2241286476,                 0,                 0,                 0,  -0.0005522866352,   -0.003263036344,      0.2241513162,                 0,       49.13249184,    0.007397683528
          0,           0,         305,      -9.042994083,      -7.811888835,      -8.863805194,      -8.499593156,      -12.39026231,     0.01574597947,    0.004564692693,      0.2241069613,                 0,                 0,                 0,  -0.0005476393494,    -0.00325930815,      0.2241297468,                 0,       49.09573905,    0.007397683528
          0,           0,         306,      -9.048996511,      -7.814632738,      -8.870946712,      -8.505963203,       -12.4041625,     0.01574597947,    0.004567687436,      0.2240882323,                 0,                 0,                 0,  -0.0005426005784,   -0.003255661599,      0.2241111338,                 0,       49.05944976,    0.007397683528
          0,           0,         307,      -9.054770854,      -7.817390537,      -8.877875361,      -8.512128363,      -12.41801942,     0.01574597947,    0.004570697419,      0.2240722384,                 0,                 0,                 0,  -0.0005372270328,    -0.00325209527,      0.2240952546,                 0,       49.02364296,    0.007397683528
          0,           0,         308,      -9.060337243,      -7.820240113,      -8.884651535,      -8.518110914,      -12.43253879,     0.01574597947,    0.004573718985,      0.2240587139,                 0,                 0,                 0,  -0.0005315749257,   -0.003248603548,      0.2240818439,                 0,       48.98829916,    0.007397683528
          0,           0,         309,      -9.065690502,      -7.822846276,      -8.891123131,      -8.523892987,      -12.44588457,     0.01574597947,    0.004576753349,      0.2240474377,                 0,                 0,                 0,   -0.000525687358,   -0.003245177499,      0.2240706805,                 0,       48.95335637,    0.007397683528
          0,           0,         310,      -9.070830061,        -7.8258567,      -8.897610901,      -8.529490409,      -12.46171384,     0.01574597947,    0.004579793882,      0.2240382111,                 0,                 0,                 0,  -0.0005196144283,   -0.003241816813,      0.2240615655,                 0,       48.91884151,    0.007397683528
          0,           0,         311,      -9.075796629,       -7.82893725,      -8.903973288,       -8.53493619,      -12.47684131,     0.01574597947,    0.004582840028,      0.2240308038,                 0,                 0,                 0,  -0.0005133891756,   -0.003238514013,      0.2240542691,                 0,       48.88470958,    0.007397683528
          0,           0,         312,      -9.080619715,      -7.832098645,      -8.910222926,      -8.540265749,      -12.49014141,     0.01574597947,     0.00458589346,      0.2240250558,                 0,                 0,                 0,  -0.0005070461724,   -0.003235261839,      0.2240486312,                 0,       48.85090719,    0.007397683528
          0,           0,         313,      -9.085333677,       -7.83546949,      -8.916409253,      -8.545508906,      -12.50539689,     0.01574597947,    0.004588951386,      0.2240207619,                 0,                 0,                 0,   -0.000500623144,    -0.00323205592,      0.2240444466,                 0,       48.81741885,    0.007397683528
          0,           0,         314,      -9.089976914,      -7.838890584,      -8.922496023,      -8.550702885,      -12.52078228,     0.01574597947,    0.004592009887,      0.2240177653,                 0,                 0,                 0,  -0.0004941507459,   -0.003228894703,      0.2240415585,                 0,       48.78425152,    0.007397683528
          0,           0,         315,       -9.09457424,      -7.842348689,      -8.928504106,      -8.555864788,      -12.53378311,     0.01574597947,     0.00459506863,      0.2240158797,                 0,                 0,                 0,  -0.0004876550602,   -0.003225772017,      0.2240397809,                 0,       48.75136755,    0.007397683528
          0,           0,         316,      -9.099105786,      -7.845668712,      -8.934341479,      -8.560970644,      -12.54897582,     0.01574597947,    0.004598128507,      0.2240149614,                 0,                 0,                 0,  -0.0004811624303,   -0.003222681956,      0.2240389699,                 0,       48.71872569,    0.007397683528
          0,           0,         317,      -9.103553527,      -7.849141366,      -8.940163826,      -8.566005748,      -12.56328346,     0.01574597947,    0.004601185652,      0.2240148618,                 0,                 0,                 0,  -0.0004747030946,   -0.003219623196,      0.2240389771,                 0,       48.68633407,    0.007397683528
          0,           0,         318,      -9.107925447,      -7.852632943,      -8.945911165,       -8.57097617,      -12.57625351,     0.01574597947,    0.004604242565,       0.224015441,                 0,                 0,                 0,  -0.0004682905074,   -0.003216588359,      0.2240396626,                 0,       48.65413536,    0.007397683528
          0,           0,         319,      -9.112224612,      -7.856194288,      -8.951618705,      -8.575888225,      -12.58855851,     0.01574597947,    0.004607298808,      0.2240165952,                 0,                 0,                 0,  -0.0004619432137,    -0.00321357426,      0.2240409228,                 0,       48.62211125,    0.007397683528
          0,           0,         320,      -9.116470386,      -7.859959524,      -8.957333176,      -8.580774004,      -12.60203247,     0.01574597947,     0.00461035529,      0.2240182009,                 0,                 0,                 0,  -0.0004556807419,   -0.003210575676,      0.2240426341,                 0,       48.59022499,    0.007397683528
          0,           0,         321,      -9.120693525,      -7.863728591,       -8.96299863,      -8.585652564,      -12.61532315,     0.01574597947,    0.004613409818,      0.2240201608,                 0,                 0,                 0,  -0.0004495174042,   -0.003207591409,      0.2240446994,                 0,       48.55847835,    0.007397683528
          0,           0,         322,       -9.12492777,      -7.867644294,      -8.968669836,      -8.590566436,      -12.62790405,     0.01574597947,    0.004616461209,      0.2240223684,                 0,                 0,                 0,  -0.0004434714169,   -0.003204618923,      0.2240470122,                 0,       48.52686036,    0.007397683528
          0,           0,         323,      -9.129185163,      -7.871532004,       -8.97431622,      -8.595517333,      -12.63790264,     0.01574597947,    0.004619510075,      0.2240247257,                 0,                 0,                 0,  -0.0004375506281,   -0.003201654181,      0.2240494744,                 0,       48.49534302,    0.007397683528
          0,           0,         324,      -9.133438414,      -7.875265857,      -8.979867332,      -8.600475068,        -12.648952,     0.01574597947,    0.004622556569,      0.2240271444,                 0,                 0,                 0,  -0.0004317725568,   -0.003198693955,       0.224051998,                 0,       48.46390543,    0.007397683528
          0,           0,         325,      -9.137665074,      -7.879125131,      -8.985461214,      -8.605417304,      -12.65860553,     0.01574597947,     0.00462560079,      0.2240295318,                 0,                 0,                 0,  -0.0004261512132,   -0.003195734906,      0.2240544902,                 0,       48.43252627,    0.007397683528
          0,           0,         326,      -9.141849893,      -7.882921168,      -8.991011582,      -8.610324103,      -12.66900796,     0.01574597947,    0.004628639158,       0.224031817,                 0,                 0,                 0,  -0.0004206990656,   -0.003192778144,      0.2240568801,                 0,       48.40122753,    0.007397683528
          0,           0,         327,      -9.145995769,      -7.886838644,      -8.996590573,      -8.615206211,      -12.67905502,     0.01574597947,    0.004631674663,      0.2240339215,                 0,                 0,                 0,  -0.0004154197263,   -0.003189817931,      0.2240590892,                 0,       48.36996071,    0.007397683528
          0,           0,         328,      -9.150096435,      -7.890732947,      -9.002128836,      -8.620055785,      -12.68708448,     0.01574597947,    0.004634708748,      0.2240358014,                 0,                 0,                 0,  -0.0004103204468,   -0.003186851305,      0.2240610739,                 0,       48.33870123,    0.007397683528
          0,           0,         329,      -9.154165763,      -7.894895626,      -9.007715792,      -8.624894591,       -12.6955779,     0.01574597947,    0.004637741299,      0.2240373917,                 0,                 0,                 0,   -0.000405409972,     -0.0031838761,       0.224062769,                 0,       48.30743615,    0.007397683528
          0,           0,         330,       -9.15823309,      -7.898945527,      -9.013227995,      -8.629750816,      -12.70393354,     0.01574597947,    0.004640769623,      0.2240386469,                 0,                 0,                 0,  -0.0004006953446,   -0.003180893426,      0.2240641291,                 0,        48.2761837,    0.007397683528
          0,           0,         331,      -9.162331141,      -7.903153736,      -9.018744918,      -8.634657014,      -12.70976048,     0.01574597947,    0.004643795092,      0.2240395102,                 0,                 0,                 0,  -0.0003961791812,   -0.003177899932,      0.2240650975,                 0,       48.24491732,    0.007397683528
          0,           0,         332,      -9.166452714,      -7.907287302,      -9.024204351,      -8.639600158,       -12.7136217,     0.01574597947,    0.004646817357,      0.2240399446,                 0,                 0,                 0,  -0.0003918638362,   -0.003174894667,      0.2240656371,                 0,       48.21363256,    0.007397683528
          0,           0,         333,      -9.170570775,      -7.911194522,      -9.029526375,      -8.644544365,      -12.72018006,     0.01574597947,    0.004649837755,      0.2240398945,                 0,                 0,                 0,  -0.0003877573473,   -0.003171874361,      0.2240656925,                 0,       48.18230363,    0.007397683528
          0,           0,         334,      -9.174658731,      -7.915314799,        -9.0349027,      -8.649468582,      -12.72441001,     0.01574597947,    0.004652853746,       0.224039332,                 0,                 0,                 0,  -0.0003838641194,   -0.003168840575,      0.2240652355,                 0,       48.15095084,    0.007397683528
          0,           0,         335,      -9.178704675,       -7.91920876,      -9.040153052,      -8.654345389,      -12.72637454,     0.01574597947,    0.004655866488,      0.2240382077,                 0,                 0,                 0,  -0.0003801865699,   -0.003165790432,      0.2240642171,                 0,       48.11955161,    0.007397683528
          0,           0,         336,      -9.182689595,      -7.923234979,       -9.04541317,      -8.659170056,      -12.72944845,     0.01574597947,    0.004658876255,      0.2240365108,                 0,                 0,                 0,  -0.0003767220378,   -0.003162723276,      0.2240626262,                 0,       48.08810076,    0.007397683528
          0,           0,         337,      -9.186604684,      -7.927163246,      -9.050590544,      -8.663924432,      -12.73314606,     0.01574597947,    0.004661884368,       0.224034215,                 0,                 0,                 0,  -0.0003734708328,   -0.003159636875,      0.2240604369,                 0,       48.05657913,    0.007397683528
          0,           0,         338,      -9.190457489,      -7.931346325,      -9.055784121,      -8.668634197,      -12.73317265,     0.01574597947,    0.004664893135,      0.2240313185,                 0,                 0,                 0,  -0.0003704280169,   -0.003156528852,      0.2240576471,                 0,       48.02496262,    0.007397683528
          0,           0,         339,      -9.194270792,      -7.935405577,      -9.060898222,      -8.673308416,      -12.73518807,     0.01574597947,    0.004667898993,      0.2240278055,                 0,                 0,                 0,  -0.0003675956664,   -0.003153402225,      0.2240542412,                 0,       47.99328474,    0.007397683528
          0,           0,         340,      -9.198087764,      -7.939598776,      -9.065992461,      -8.678009773,      -12.73394873,     0.01574597947,     0.00467090278,      0.2240236732,                 0,                 0,                 0,  -0.0003649665482,    -0.00315025605,      0.2240502162,                 0,       47.96153628,    0.007397683528
          0,           0,         341,      -9.201916217,      -7.943726976,      -9.071025505,      -8.682725646,      -12.73370068,     0.01574597947,    0.004673905821,      0.2240189196,                 0,                 0,                 0,  -0.0003625330691,   -0.003147088941,      0.2240455703,                 0,       47.92970337,    0.007397683528
          0,           0,         342,      -9.205734033,      -7.947708165,      -9.075973657,      -8.687435134,      -12.73458873,     0.01574597947,    0.004676908368,      0.2240135417,                 0,                 0,                 0,  -0.0003602942973,   -0.003143900537,      0.2240403004,                 0,        47.8977829,    0.007397683528
          0,           0,         343,      -9.209518531,       -7.95149312,      -9.080811677,      -8.692102192,      -12.73180989,     0.01574597947,    0.004679912772,      0.2240075315,                 0,                 0,                 0,  -0.0003582461723,    -0.00314068821,      0.2240343987,                 0,        47.8657493,    0.007397683528
          0,           0,         344,      -9.213247009,      -7.955507002,      -9.085704463,      -8.696710426,       -12.7316067,     0.01574597947,    0.004682915823,      0.2240009042,                 0,                 0,                 0,  -0.0003563870405,   -0.003137455701,      0.2240278803,                 0,       47.83363885,    0.007397683528
          0,           0,         345,      -9.216913156,      -7.959216243,      -9.090457075,      -8.701234728,      -12.72840708,     0.01574597947,    0.004685917148,      0.2239936458,                 0,                 0,                 0,  -0.0003547130556,   -0.003134202888,       0.224020731,                 0,       47.80145246,    0.007397683528
          0,           0,         346,      -9.220499616,      -7.963043156,      -9.095211878,      -8.705674498,       -12.7262149,     0.01574597947,    0.004688918738,      0.2239857828,                 0,                 0,                 0,  -0.0003532127969,   -0.003130928714,      0.2240129776,                 0,       47.76917566,    0.007397683528
          0,           0,         347,      -9.223989868,      -7.966734535,      -9.099871672,      -8.710000998,      -12.72539211,     0.01574597947,    0.004691921258,      0.2239773267,                 0,                 0,                 0,  -0.0003518827839,   -0.003127632909,      0.2240046315,                 0,       47.73680426,    0.007397683528
          0,           0,         348,      -9.227394168,        -7.9707127,      -9.104536197,      -8.714247809,      -12.72165382,     0.01574597947,    0.004694926317,      0.2239683031,                 0,                 0,                 0,  -0.0003507133613,    -0.00312431476,      0.2239957182,                 0,        47.7043276,    0.007397683528
          0,           0,         349,      -9.230743274,      -7.974538332,      -9.109112543,      -8.718428728,      -12.72048887,     0.01574597947,     0.00469792998,      0.2239587298,                 0,                 0,                 0,  -0.0003497005719,   -0.003120978826,      0.2239862556,                 0,       47.67178966,    0.007397683528
          0,           0,         350,      -9.234089266,      -7.978475128,       -9.11365744,      -8.722622363,      -12.71649945,     0.01574597947,    0.004700932992,      0.2239486298,                 0,                 0,                 0,  -0.0003488339679,   -0.003117625156,      0.2239762665,                 0,       47.63918783,    0.007397683528
          0,           0,         351,       -9.23744545,      -7.982343764,      -9.118140527,      -8.726822026,      -12.71307778,     0.01574597947,    0.004703936511,      0.2239380292,                 0,                 0,                 0,  -0.0003481019091,   -0.003114253512,      0.2239657772,                 0,       47.60651609,    0.007397683528
          0,           0,         352,      -9.240796651,      -7.986050075,      -9.122546339,      -8.731012208,      -12.71092407,     0.01574597947,    0.004706940679,      0.2239269497,                 0,                 0,                 0,  -0.0003474993168,   -0.003110864506,      0.2239548094,                 0,       47.57377775,    0.007397683528
          0,           0,         353,      -9.244126764,      -7.989451876,      -9.126832153,      -8.735162115,      -12.70617074,     0.01574597947,    0.004709948049,      0.2239154081,                 0,                 0,                 0,  -0.0003470178734,    -0.00310745617,      0.2239433797,                 0,       47.54095072,    0.007397683528
          0,           0,         354,      -9.247417812,      -7.993150527,      -9.131199699,      -8.739265187,      -12.70414473,     0.01574597947,    0.004712956129,      0.2239034412,                 0,                 0,                 0,  -0.0003466524329,   -0.003104032283,      0.2239315251,                 0,       47.50806819,    0.007397683528
          0,           0,         355,      -9.250664798,      -7.996485734,      -9.135451371,       -8.74328835,       -12.7022414,     0.01574597947,    0.004715963553,      0.2238910554,                 0,                 0,                 0,  -0.0003463972529,   -0.003100594435,      0.2239192518,                 0,        47.4751454,    0.007397683528
          0,           0,         356,      -9.253852614,       -7.99975897,      -9.139683179,      -8.747227556,      -12.69933643,     0.01574597947,    0.004718970949,      0.2238782878,                 0,                 0,                 0,  -0.0003462415939,   -0.003097143289,      0.2239065969,                 0,       47.44218396,    0.007397683528
          0,           0,         357,      -9.256958193,      -8.002976156,      -9.143894938,      -8.751056727,      -12.69477992,     0.01574597947,    0.004721980356,      0.2238651617,                 0,                 0,                 0,  -0.0003461781283,    -0.00309367762,      0.2238935839,                 0,       47.40916837,    0.007397683528
          0,           0,         358,      -9.259971145,      -8.006165765,      -9.148068964,      -8.754776655,      -12.69149915,     0.01574597947,    0.004724992888,      0.2238517156,                 0,                 0,                 0,  -0.0003461994832,   -0.003090197661,      0.2238802511,                 0,       47.37609577,    0.007397683528
          0,           0,         359,      -9.262909262,      -8.009497963,      -9.152245727,      -8.758400191,      -12.68918439,     0.01574597947,    0.004728008538,      0.2238379745,                 0,                 0,                 0,  -0.0003462988814,   -0.003086704289,      0.2238666236,                 0,       47.34297171,    0.007397683528
          0,           0,         360,      -9.265814259,      -8.012726236,       -9.15638942,      -8.761989437,      -12.68738924,     0.01574597947,    0.004731024646,      0.2238239726,                 0,                 0,                 0,  -0.0003464708308,   -0.003083201361,      0.2238527355,                 0,       47.30983019,    0.007397683528
          0,           0,         361,      -9.268736016,        -8.0159158,      -9.160512771,      -8.765605961,      -12.68498658,     0.01574597947,    0.004734041302,      0.2238097331,                 0,                 0,                 0,  -0.0003467077537,   -0.003079689591,      0.2238386099,                 0,       47.27667522,    0.007397683528
          0,           0,         362,      -9.271693222,      -8.019144051,      -9.164636904,      -8.769258439,      -12.68180905,     0.01574597947,     0.00473705984,      0.2237952937,                 0,                 0,                 0,  -0.0003469981025,   -0.003076168964,      0.2238242846,                 0,       47.24350151,    0.007397683528
          0,           0,         363,      -9.274677016,       -8.02218841,      -9.168742749,      -8.772927714,      -12.67755309,     0.01574597947,    0.004740081141,      0.2237806743,                 0,                 0,                 0,  -0.0003473373334,   -0.003072639293,      0.2238097796,                 0,       47.21030456,    0.007397683528
          0,           0,         364,      -9.277667288,      -8.024773319,      -9.172754361,      -8.776583787,      -12.67650029,     0.01574597947,    0.004743106488,      0.2237658974,                 0,                 0,                 0,  -0.0003477198334,   -0.003069100081,      0.2237951172,                 0,       47.17707644,    0.007397683528
          0,           0,         365,      -9.280650702,      -8.027697194,      -9.176895218,       -8.78022768,      -12.67475668,     0.01574597947,     0.00474613388,      0.2237509951,                 0,                 0,                 0,  -0.0003481414159,   -0.003065554452,      0.2237803297,                 0,       47.14384397,    0.007397683528
          0,           0,         366,      -9.283624562,      -8.030345602,      -9.181001572,       -8.78382855,      -12.67215531,     0.01574597947,    0.004749161648,      0.2237359827,                 0,                 0,                 0,  -0.0003485958703,   -0.003062004603,      0.2237654321,                 0,       47.11062694,    0.007397683528
          0,           0,         367,      -9.286574636,      -8.032856971,      -9.185112962,      -8.787379706,      -12.66942683,     0.01574597947,    0.004752191317,      0.2237208888,                 0,                 0,                 0,  -0.0003490743668,    -0.00305845001,      0.2237504531,                 0,       47.07741626,    0.007397683528
          0,           0,         368,      -9.289470598,      -8.035488472,      -9.189280502,      -8.790860435,      -12.66784064,     0.01574597947,    0.004755222641,      0.2237057413,                 0,                 0,                 0,  -0.0003495719218,   -0.003054891893,      0.2237354207,                 0,       47.04422026,    0.007397683528
          0,           0,         369,      -9.292300851,        -8.0379665,      -9.193420619,      -8.794249391,      -12.66658638,     0.01574597947,    0.004758256334,       0.223690566,                 0,                 0,                 0,  -0.0003500830544,   -0.003051330438,      0.2237203605,                 0,        47.0110373,    0.007397683528
          0,           0,         370,      -9.295075494,      -8.040779175,        -9.1976075,      -8.797587128,      -12.66464168,     0.01574597947,    0.004761292493,      0.2236753922,                 0,                 0,                 0,  -0.0003506031129,   -0.003047766571,      0.2237053019,                 0,       46.97787262,    0.007397683528
          0,           0,         371,       -9.29782312,       -8.04345703,      -9.201776089,       -8.80088989,      -12.66429583,     0.01574597947,    0.004764326245,      0.2236602381,                 0,                 0,                 0,  -0.0003511307706,   -0.003044205796,      0.2236902629,                 0,       46.94477804,    0.007397683528
          0,           0,         372,      -9.300597579,      -8.046206194,      -9.205965941,      -8.804247683,      -12.66318501,     0.01574597947,    0.004767357733,      0.2236451264,                 0,                 0,                 0,  -0.0003516590846,   -0.003040648764,      0.2236752662,                 0,       46.91175677,    0.007397683528
          0,           0,         373,      -9.303411537,      -8.049021204,      -9.210171541,      -8.807665339,      -12.66209504,     0.01574597947,    0.004770387152,      0.2236300817,                 0,                 0,                 0,  -0.0003521822344,   -0.003037096137,      0.2236603364,                 0,       46.87881183,    0.007397683528
          0,           0,         374,      -9.306260918,      -8.051718762,      -9.214383014,      -8.811124057,      -12.66027232,     0.01574597947,    0.004773414594,      0.2236151193,                 0,                 0,                 0,  -0.0003526961199,   -0.003033548359,      0.2236454887,                 0,       46.84594537,    0.007397683528
          0,           0,         375,      -9.309131763,      -8.054084168,      -9.218555616,      -8.814601506,      -12.65901762,     0.01574597947,    0.004776440924,      0.2236002551,                 0,                 0,                 0,  -0.0003531969319,   -0.003030005122,      0.2236307393,                 0,       46.81315203,    0.007397683528
          0,           0,         376,      -9.312009911,      -8.056500908,      -9.222782221,      -8.818083949,      -12.65814383,     0.01574597947,    0.004779466768,      0.2235855069,                 0,                 0,                 0,  -0.0003536810189,   -0.003026466415,      0.2236161056,                 0,       46.78042923,    0.007397683528
          0,           0,         377,      -9.314881725,      -8.058910322,      -9.227044221,      -8.821544094,      -12.65838171,     0.01574597947,    0.004782488748,      0.2235708937,                 0,                 0,                 0,  -0.0003541463872,   -0.003022936284,      0.2236016068,                 0,       46.74781385,    0.007397683528
          0,           0,         378,      -9.317743702,      -8.061126789,      -9.231305854,      -8.824964509,      -12.65819345,     0.01574597947,    0.004785506795,      0.2235564235,                 0,                 0,                 0,  -0.0003545875028,   -0.003019415071,      0.2235872507,                 0,       46.71530792,    0.007397683528
          0,           0,         379,      -9.320570091,      -8.063236436,      -9.235580714,      -8.828315293,      -12.65767559,     0.01574597947,    0.004788521175,      0.2235421185,                 0,                 0,                 0,  -0.0003549990751,   -0.003015903292,      0.2235730597,                 0,       46.68291324,    0.007397683528
          0,           0,         380,       -9.32333112,      -8.065334183,      -9.239872151,      -8.831563556,      -12.65769227,     0.01574597947,    0.004791533032,      0.2235279915,                 0,                 0,                 0,  -0.0003553780053,   -0.003012400243,      0.2235590464,                 0,       46.65062101,    0.007397683528
          0,           0,         381,      -9.326010087,      -8.067270389,      -9.244131265,      -8.834684079,      -12.65781164,     0.01574597947,    0.004794543934,      0.2235140621,                 0,                 0,                 0,  -0.0003557202572,   -0.003008905046,      0.2235452306,                 0,       46.61841985,    0.007397683528
          0,           0,         382,      -9.328610207,      -8.069400291,      -9.248388799,       -8.83770399,      -12.65744331,     0.01574597947,    0.004797555282,      0.2235003459,                 0,                 0,                 0,  -0.0003560237888,   -0.003005416845,      0.2235316278,                 0,       46.58629923,    0.007176810337
          0,           0,         383,      -9.331149666,      -8.071425866,      -9.252604896,      -8.840633134,      -12.65839087,     0.01574597947,    0.004800564041,      0.2234868566,                 0,                 0,                 0,  -0.0003562881872,   -0.003001939148,      0.2235182517,                 0,       46.55429127,    0.007176810337
          0,           0,         384,       -9.33367989,      -8.073556469,      -9.256820421,      -8.843561521,      -12.65917529,     0.01574597947,    0.004803569846,      0.2234736047,                 0,                 0,                 0,  -0.0003565103443,   -0.002998472691,      0.2235051128,                 0,       46.52240144,    0.007176810337
          0,           0,         385,      -9.336227122,      -8.075604631,      -9.261008626,      -8.846524188,      -12.65958393,     0.01574597947,    0.004806572074,      0.2234606065,                 0,                 0,                 0,   -0.000356687505,   -0.002995018658,      0.2234922272,                 0,       46.49063886,    0.007176810337
          0,           0,         386,      -9.338808993,      -8.077759272,      -9.265203555,      -8.849541419,      -12.66034831,     0.01574597947,    0.004809571524,      0.2234478718,                 0,                 0,                 0,  -0.0003568169652,   -0.002991576603,      0.2234796051,                 0,       46.45899759,    0.007176810337
          0,           0,         387,      -9.341426746,      -8.079759384,      -9.269396986,      -8.852596411,      -12.66137712,     0.01574597947,    0.004812569274,      0.2234354096,                 0,                 0,                 0,  -0.0003568961817,   -0.002988145752,       0.223467255,                 0,       46.42746874,    0.007176810337
          0,           0,         388,       -9.34406899,      -8.081428602,      -9.273561531,        -8.8556744,      -12.66096434,     0.01574597947,    0.004815566365,      0.2234232204,                 0,                 0,                 0,   -0.000356926075,    -0.00298472509,      0.2234551778,                 0,       46.39604222,    0.007176810337
          0,           0,         389,      -9.346726713,      -8.083132422,      -9.277776136,      -8.858769414,      -12.66336821,     0.01574597947,    0.004818562849,      0.2234113123,                 0,                 0,                 0,  -0.0003569063595,   -0.002981314844,      0.2234433815,                 0,       46.36471895,    0.007495071349
          0,           0,         390,      -9.349392649,      -8.084992822,      -9.282053074,      -8.861867912,      -12.66527478,     0.01574597947,    0.004821555366,      0.2233996913,                 0,                 0,                 0,  -0.0003568385435,   -0.002977918585,      0.2234318721,                 0,        46.3335323,    0.007495071349
          0,           0,         391,      -9.352066076,      -8.086675943,       -9.28633269,      -8.864948193,      -12.66666131,     0.01574597947,    0.004824543457,      0.2233883535,                 0,                 0,                 0,  -0.0003567201738,    -0.00297453663,      0.2234206455,                 0,        46.3024855,    0.007495071349
          0,           0,         392,      -9.354720889,      -8.088276066,       -9.29062889,      -8.867982925,      -12.66762369,     0.01574597947,    0.004827526631,      0.2233773085,                 0,                 0,                 0,  -0.0003565494819,   -0.002971169809,      0.2234097113,                 0,       46.27158493,    0.007495071349
          0,           0,         393,      -9.357327597,      -8.090006324,      -9.294952496,      -8.870946796,      -12.66934316,     0.01574597947,      0.0048305053,      0.2233665584,                 0,                 0,                 0,  -0.0003563258555,   -0.002967817783,      0.2233990718,                 0,        46.2408267,    0.007495071349
          0,           0,         394,      -9.359872047,      -8.091644351,       -9.29923796,      -8.873812123,      -12.67149491,     0.01574597947,    0.004833479882,      0.2233561117,                 0,                 0,                 0,  -0.0003560479352,   -0.002964480427,      0.2233887352,                 0,       46.21020821,    0.007495071349
          0,           0,         395,      -9.362362668,      -8.093627024,      -9.303507372,      -8.876621502,      -12.67268218,     0.01574597947,    0.004836450685,      0.2233459738,                 0,                 0,                 0,   -0.000355716215,   -0.002961157625,      0.2233787071,                 0,       46.17972731,    0.007495071349
          0,           0,         396,      -9.364819483,      -8.095584058,      -9.307715886,      -8.879377779,      -12.67542109,     0.01574597947,    0.004839413712,      0.2233361463,                 0,                 0,                 0,  -0.0003553321971,   -0.002957853429,       0.223368989,                 0,       46.14942214,    0.007820139145
          0,           0,         397,      -9.367288467,      -8.097722281,      -9.311896972,      -8.882170215,      -12.67797644,     0.01574597947,    0.004842367424,      0.2233266302,                 0,                 0,                 0,   -0.000354895258,   -0.002954569411,      0.2233595819,                 0,       46.11930709,    0.007820139145
          0,           0,         398,      -9.369784614,      -8.099914132,      -9.316034856,      -8.885016351,      -12.68005614,     0.01574597947,    0.004845310658,      0.2233174303,                 0,                 0,                 0,   -0.000354404383,   -0.002951306897,      0.2233504903,                 0,       46.08939366,    0.007820139145
          0,           0,         399,      -9.372311619,      -8.102188486,      -9.320142101,      -8.887921717,      -12.68189972,     0.01574597947,    0.004848243068,      0.2233085477,                 0,                 0,                 0,  -0.0003538592705,   -0.002948066276,      0.2233417154,                 0,       46.05968484,    0.007820139145
          0,           0,         400,      -9.374866477,      -8.104427416,      -9.324223039,      -8.890876532,       -12.6833086,     0.01574597947,     0.00485116535,       0.223299982,                 0,                 0,                 0,  -0.0003532596894,   -0.002944846833,      0.2233332569,                 0,       46.03017334,    0.007820139145
          0,           0,         401,      -9.377438785,      -8.106448098,      -9.328265397,       -8.89386204,      -12.68561133,     0.01574597947,    0.004854078259,      0.2232917287,                 0,                 0,                 0,   -0.000352606777,   -0.002941647664,      0.2233251103,                 0,       46.00085058,    0.007820139145
          0,           0,         402,      -9.380016139,      -8.108478351,       -9.33231569,      -8.896866464,      -12.68749723,     0.01574597947,    0.004856982615,      0.2232837865,                 0,                 0,                 0,  -0.0003519013205,   -0.002938467897,      0.2233172743,                 0,       45.97170799,    0.007820139145
          0,           0,         403,      -9.382583558,      -8.110483111,      -9.336368178,      -8.899865015,      -12.69031001,     0.01574597947,    0.004859874207,      0.2232761532,                 0,                 0,                 0,  -0.0003511475063,   -0.002935311669,      0.2233097466,                 0,       45.94278446,    0.007820139145
          0,           0,         404,      -9.385141646,      -8.112397773,      -9.340414373,      -8.902848591,      -12.69272658,     0.01574597947,    0.004862754146,      0.2232688186,                 0,                 0,                 0,  -0.0003503431455,   -0.002932177511,      0.2233025169,                 0,       45.91406678,    0.007820139145
          0,           0,         405,      -9.387661965,      -8.114241328,      -9.344450026,      -8.905775078,      -12.69472877,     0.01574597947,     0.00486562251,      0.2232617868,                 0,                 0,                 0,     -0.0003494883,   -0.002929065489,      0.2232955895,                 0,        45.8855545,    0.007820139145
          0,           0,         406,      -9.390104835,      -8.115977991,      -9.348454916,      -8.908584163,      -12.69654281,     0.01574597947,    0.004868479502,      0.2232550467,                 0,                 0,                 0,  -0.0003485857404,    -0.00292597501,      0.2232889532,                 0,       45.85724282,    0.008132111036
          0,           0,         407,      -9.392440731,      -8.117641916,      -9.352415784,      -8.911232982,      -12.69830734,     0.01574597947,    0.004871326498,       0.223248599,                 0,                 0,                 0,  -0.0003476347377,   -0.002922904727,      0.2232826088,                 0,       45.82911843,     0.00874737169
          0,           0,         408,      -9.394655553,       -8.11913728,      -9.356295976,      -8.913690806,      -12.70042328,     0.01574597947,    0.004874164983,       0.223242437,                 0,                 0,                 0,  -0.0003466371784,   -0.002919852921,      0.2232765496,                 0,       45.80116549,     0.00874737169
          0,           0,         409,      -9.396751857,      -8.120654261,      -9.360081834,      -8.915975601,      -12.70237567,     0.01574597947,    0.004876996566,      0.2232365622,                 0,                 0,                 0,  -0.0003455927147,   -0.002916818034,      0.2232707772,                 0,       45.77336874,     0.00874737169
          0,           0,         410,      -9.398741523,      -8.122149794,      -9.363745438,       -8.91808958,      -12.70458946,     0.01574597947,    0.004879821226,      0.2232309726,                 0,                 0,                 0,  -0.0003445021409,   -0.002913800023,      0.2232652897,                 0,       45.74572762,     0.00874737169
          0,           0,         411,      -9.400651624,        -8.1236332,      -9.367283463,      -8.920081818,      -12.70690499,     0.01574597947,    0.004882635787,      0.2232256687,                 0,                 0,                 0,  -0.0003433662619,    -0.00291080207,      0.2232600872,                 0,       45.71827152,     0.00874737169
          0,           0,         412,      -9.402520815,      -8.125129816,      -9.370709333,      -8.922009924,      -12.70887607,     0.01574597947,    0.004885441213,       0.223220652,                 0,                 0,                 0,  -0.0003421798364,   -0.002907823275,      0.2232551715,                 0,       45.69099131,     0.00874737169
          0,           0,         413,      -9.404354797,      -8.126626128,       -9.37402637,      -8.923886861,      -12.71057795,     0.01574597947,    0.004888237069,      0.2232159371,                 0,                 0,                 0,  -0.0003409385862,   -0.002904864575,       0.223250557,                 0,       45.66389354,     0.00874737169
          0,           0,         414,      -9.406163148,      -8.128063064,      -9.377245416,      -8.925736536,       -12.7121568,     0.01574597947,    0.004891023423,      0.2232115318,                 0,                 0,                 0,  -0.0003396383152,   -0.002901926176,      0.2232462516,                 0,       45.63697871,     0.00874737169
          0,           0,         415,      -9.407961167,      -8.129540112,      -9.380392804,      -8.927577292,      -12.71319445,     0.01574597947,    0.004893802169,      0.2232074575,                 0,                 0,                 0,  -0.0003382697634,   -0.002899006929,      0.2232422767,                 0,       45.61023306,     0.00874737169
          0,           0,         416,      -9.409747806,      -8.130904819,      -9.383479591,      -8.929397567,      -12.71370042,     0.01574597947,    0.004896574579,       0.223203732,                 0,                 0,                 0,  -0.0003368253582,   -0.002896106192,      0.2232386503,                 0,         45.583648,     0.00874737169
          0,           0,         417,      -9.411514167,      -8.131892703,      -9.386500471,      -8.931181592,         -12.71596,     0.01574597947,    0.004899341864,      0.2232003791,                 0,                 0,                 0,  -0.0003352949924,   -0.002893223578,      0.2232353961,                 0,       45.55721673,     0.00874737169
          0,           0,         418,      -9.413249897,      -8.133044359,      -9.389525867,      -8.932934345,      -12.71734376,     0.01574597947,     0.00490210386,      0.2231974341,                 0,                 0,                 0,  -0.0003336676443,   -0.002890360484,      0.2232325492,                 0,       45.53094762,     0.00874737169
          0,           0,         419,      -9.414940868,      -8.134169846,       -9.39252412,      -8.934624146,       -12.7196081,     0.01574597947,    0.004904857249,      0.2231949335,                 0,                 0,                 0,  -0.0003319316271,   -0.002887521505,      0.2232301463,                 0,       45.50487858,     0.00874737169
          0,           0,         420,      -9.416572679,      -8.135294149,      -9.395492316,      -8.936229265,      -12.72117553,     0.01574597947,    0.004907601683,      0.2231929177,                 0,                 0,                 0,  -0.0003300697704,   -0.002884708392,      0.2232282275,                 0,       45.47902054,     0.00874737169
          0,           0,         421,      -9.418097617,      -8.136286223,      -9.398399001,      -8.937678467,      -12.72229491,     0.01574597947,    0.004910336154,      0.2231914369,                 0,                 0,                 0,  -0.0003280661359,   -0.002881923907,       0.223226843,                 0,       45.45339258,     0.00874737169
          0,           0,         422,      -9.419461635,      -8.137274613,      -9.401209126,      -8.938907819,      -12.72319552,     0.01574597947,    0.004913060398,      0.2231905412,                 0,                 0,                 0,  -0.0003259052982,   -0.002879170062,      0.2232260429,                 0,        45.4280068,    0.009088584561
          0,           0,         423,      -9.420622599,       -8.13830067,      -9.403864133,      -8.939862158,      -12.72313429,     0.01574597947,    0.004915774704,      0.2231902906,                 0,                 0,                 0,   -0.000323570652,   -0.002876448663,      0.2232258872,                 0,       45.40287218,    0.009088584561
          0,           0,         424,      -9.421556527,       -8.13938915,      -9.406284774,       -8.94051981,      -12.72388584,     0.01574597947,    0.004918478277,      0.2231907454,                 0,                 0,                 0,  -0.0003210484057,    -0.00287376261,       0.223226436,                 0,       45.37800775,    0.009088584561
          0,           0,         425,      -9.422257713,      -8.140745846,      -9.408414507,      -8.940866542,      -12.72469754,     0.01574597947,    0.004921169429,      0.2231919698,                 0,                 0,                 0,  -0.0003183228917,    -0.00287111583,      0.2232277537,                 0,       45.35344151,    0.009088584561
          0,           0,         426,      -9.422724044,      -8.142131148,      -9.410193403,      -8.940904541,      -12.72616779,     0.01574597947,    0.004923842005,      0.2231940257,                 0,                 0,                 0,  -0.0003153810444,   -0.002868516631,      0.2232299015,                 0,       45.32924198,    0.009088584561
          0,           0,         427,      -9.422961144,      -8.143693106,      -9.411587108,      -8.940645664,      -12.72707171,     0.01574597947,    0.004926494288,      0.2231969765,                 0,                 0,                 0,  -0.0003122040184,   -0.002865968946,      0.2232329431,                 0,       45.30543699,    0.009088584561
          0,           0,         428,      -9.422919236,      -8.145335871,      -9.412521053,       -8.94002494,      -12.72727688,     0.01574597947,    0.004929123068,      0.2232009021,                 0,                 0,                 0,    -0.00030877275,   -0.002863478768,      0.2232369581,                 0,       45.28207128,    0.009088584561
          0,           0,         429,      -9.422543618,      -8.147063656,      -9.412927942,      -8.938974259,      -12.72721084,     0.01574597947,    0.004931726167,      0.2232058758,                 0,                 0,                 0,   -0.000305067687,   -0.002861050832,      0.2232420195,                 0,       45.25917867,    0.009088584561
          0,           0,         430,      -9.421776695,      -8.148817434,      -9.412735645,      -8.937416771,      -12.72697949,     0.01574597947,    0.004934302631,      0.2232119916,                 0,                 0,                 0,  -0.0003010620162,   -0.002858689379,      0.2232482216,                 0,       45.23678589,    0.009088584561
          0,           0,         431,      -9.420549998,      -8.150537689,      -9.411854818,      -8.935261722,      -12.72641744,     0.01574597947,     0.00493685214,      0.2232193487,                 0,                 0,                 0,  -0.0002967264151,   -0.002856398183,      0.2232556632,                 0,       45.21491477,    0.009088584561
          0,           0,         432,       -9.41878112,      -8.152139189,      -9.410184073,      -8.932402128,      -12.72559805,     0.01574597947,    0.004939375261,      0.2232280664,                 0,                 0,                 0,  -0.0002920237853,   -0.002854180839,      0.2232644636,                 0,       45.19358311,    0.009088584561
          0,           0,         433,      -9.416371599,      -8.153740643,      -9.407609382,      -8.928722316,      -12.72496002,     0.01574597947,    0.004941872351,      0.2232382832,                 0,                 0,                 0,  -0.0002869116353,   -0.002852041831,      0.2232747613,                 0,       45.17281453,    0.009088584561
          0,           0,         434,      -9.413209468,      -8.155277768,      -9.403992953,       -8.92408867,      -12.72426513,     0.01574597947,    0.004944340105,      0.2232501583,                 0,                 0,                 0,  -0.0002813421857,   -0.002849990019,      0.2232867154,                 0,       45.15267025,    0.009088584561
          0,           0,         435,       -9.40918037,      -8.156680377,      -9.399192476,      -8.918367023,      -12.72303759,     0.01574597947,    0.004946779305,      0.2232638762,                 0,                 0,                 0,  -0.0002752510644,    -0.00284803105,        0.22330051,                 0,       45.13317907,    0.009438898353
          0,           0,         436,      -9.404142554,      -8.157942113,      -9.393052693,      -8.911401596,      -12.72138253,     0.01574597947,    0.004949192906,      0.2232796628,                 0,                 0,                 0,   -0.000268568135,   -0.002846169864,      0.2233163712,                 0,       45.11435845,    0.009438898353
          0,           0,         437,      -9.397944512,      -8.159033795,      -9.385396827,      -8.903029739,      -12.71941982,     0.01574597947,     0.00495158766,      0.2232977478,                 0,                 0,                 0,  -0.0002612237353,   -0.002844407725,      0.2233345287,                 0,       45.09619199,    0.009438898353
          0,           0,         438,      -9.390442953,      -8.159898452,      -9.376059319,      -8.893104924,      -12.71702401,     0.01574597947,    0.004953970392,       0.223318384,                 0,                 0,                 0,  -0.0002531497972,   -0.002842746638,      0.2233552355,                 0,       45.07866747,    0.009438898353
          0,           0,         439,      -9.381495719,      -8.160457377,      -9.364807566,      -8.881491869,      -12.71429564,     0.01574597947,    0.004956342731,      0.2233418206,                 0,                 0,                 0,  -0.0002442802059,   -0.002841193671,      0.2233787407,                 0,       45.06181932,    0.009438898353
          0,           0,         440,      -9.370988067,      -8.160628884,      -9.351496335,      -8.868100695,      -12.71135375,     0.01574597947,    0.004958717741,      0.2233683027,                 0,                 0,                 0,  -0.0002345602168,    -0.00283974432,      0.2234052895,                 0,       45.04557718,    0.009438898353
          0,           0,         441,      -9.358861617,      -8.160462841,      -9.336059127,      -8.852925273,      -12.70751095,     0.01574597947,    0.004961105665,      0.2233981544,                 0,                 0,                 0,  -0.0002238925977,    -0.00283839966,      0.2234352064,                 0,       45.02991259,    0.009438898353
          0,           0,         442,       -9.34507606,      -8.159917885,      -9.318399311,      -8.835976624,       -12.7033652,     0.01574597947,    0.004963513916,      0.2234316373,                 0,                 0,                 0,  -0.0002122405955,   -0.002837161411,      0.2234687529,                 0,       45.01481029,    0.009156343542
          0,           0,         443,      -9.329668103,      -8.158981119,      -9.298550599,      -8.817358056,      -12.69931013,     0.01574597947,    0.004965958904,       0.223469039,                 0,                 0,                 0,  -0.0001995287343,   -0.002836023213,      0.2235062172,                 0,       45.00017888,    0.009156343542
          0,           0,         444,       -9.31270467,       -8.15761928,      -9.276734166,      -8.797203376,      -12.69491387,     0.01574597947,    0.004968457101,      0.2235106914,                 0,                 0,                 0,  -0.0001856848731,   -0.002834980188,      0.2235479314,                 0,       44.98593565,     0.00880602975
          0,           0,         445,      -9.294314399,       -8.15575972,      -9.253145425,      -8.775706762,      -12.68865285,     0.01574597947,    0.004970994288,      0.2235569108,                 0,                 0,                 0,  -0.0001706420625,    -0.00283405758,      0.2235942112,                 0,       44.97227272,     0.00880602975
          0,           0,         446,       -9.27471416,      -8.153319913,      -9.227896919,      -8.753145484,       -12.6808775,     0.01574597947,    0.004973556256,      0.2236080822,                 0,                 0,                 0,  -0.0001542982992,   -0.002833283028,      0.2236454408,                 0,       44.95939539,     0.00880602975
          0,           0,         447,      -9.254130545,      -8.150069342,      -9.200977443,      -8.729787079,      -12.67149131,     0.01574597947,    0.004976230815,      0.2236643809,                 0,                 0,                 0,  -0.0001367003252,   -0.002832574895,      0.2237017986,                 0,       44.94654474,     0.00880602975
          0,           0,         448,      -9.232578502,      -8.146163236,      -9.173106959,      -8.705650887,      -12.66148302,     0.01574597947,    0.004979044687,      0.2237257348,                 0,                 0,                 0,  -0.0001180026437,   -0.002831903956,      0.2237632133,                 0,       44.93346593,     0.00880602975
          0,           0,         449,      -9.210358798,      -8.141515747,      -9.144540918,      -8.681065244,      -12.65030931,     0.01574597947,    0.004981925281,      0.2237924203,                 0,                 0,                 0,  -9.810588009e-05,   -0.002831352406,      0.2238299587,                 0,       44.92087047,     0.00880602975
          0,           0,         450,      -9.187851476,      -8.135993247,      -9.115508709,      -8.656424273,      -12.63821235,     0.01574597947,    0.004984871213,      0.2238646115,                 0,                 0,                 0,  -7.704495325e-05,   -0.002830927708,      0.2239022088,                 0,       44.90880546,    0.008464816879
          0,           0,         451,      -9.165278379,      -8.129461994,      -9.086349756,      -8.631945969,      -12.62414679,     0.01574597947,    0.004987995918,      0.2239420696,                 0,                 0,                 0,  -5.503676464e-05,   -0.002830508155,      0.2239797287,                 0,       44.89620146,    0.008464816879
          0,           0,         452,      -9.142840514,      -8.122203855,      -9.057358767,      -8.607824667,      -12.61124473,     0.01574597947,    0.004991294799,      0.2240246368,                 0,                 0,                 0,  -3.212480203e-05,   -0.002830092836,      0.2240623607,                 0,       44.88307059,    0.008464816879
          0,           0,         453,      -9.121180932,      -8.114308616,      -9.029335542,       -8.58470329,      -12.60196102,     0.01574597947,    0.004994752727,      0.2241121391,                 0,                 0,                 0,  -8.519151944e-06,     -0.0028296908,      0.2241499304,                 0,       44.86951633,    0.008464816879
          0,           0,         454,      -9.100371508,      -8.105461823,      -9.001989741,      -8.562616813,      -12.59095872,     0.01574597947,    0.004998376159,      0.2242039854,                 0,                 0,                 0,   1.552600614e-05,   -0.002829274965,      0.2242418472,                 0,       44.85536467,    0.008132111036
          0,           0,         455,      -9.080685496,      -8.096144587,      -8.976098634,       -8.54182944,      -12.57579791,     0.01574597947,    0.005002165355,       0.224299673,                 0,                 0,                 0,   3.981416931e-05,   -0.002828827526,      0.2243376087,                 0,       44.84051547,    0.008132111036
          0,           0,         456,      -9.062553523,      -8.086390352,      -8.951932327,      -8.522753724,      -12.56879265,     0.01574597947,    0.005006172036,      0.2243984105,                 0,                 0,                 0,   6.402095786e-05,   -0.002828269175,      0.2244364259,                 0,       44.82435059,    0.008132111036
          0,           0,         457,      -9.046242187,      -8.076394905,      -8.929793429,       -8.50564126,      -12.55938595,     0.01574597947,    0.005010384165,       0.224499489,                 0,                 0,                 0,   8.793235432e-05,   -0.002827587203,      0.2245375899,                 0,       44.80684148,    0.007495071349
          0,           0,         458,       -9.03189246,      -8.066254998,      -8.909824343,      -8.490612831,       -12.5520612,     0.01574597947,     0.00501479971,      0.2246021738,                 0,                 0,                 0,    0.000111308742,   -0.002826757994,      0.2246403662,                 0,       44.78786527,    0.007495071349
          0,           0,         459,      -9.019565054,      -8.055973358,      -8.892024551,       -8.47770766,      -12.54521277,     0.01574597947,    0.005019406811,      0.2247055727,                 0,                 0,                 0,   0.0001339086667,   -0.002825762269,      0.2247438629,                 0,       44.76735622,    0.007495071349
          0,           0,         460,      -9.009345344,      -8.045870847,      -8.876609896,      -8.467002452,      -12.53759471,     0.01574597947,    0.005024176771,      0.2248088333,                 0,                 0,                 0,   0.0001555264351,   -0.002824598957,       0.224847227,                 0,       44.74540677,    0.007176810337
          0,           0,         461,      -9.001306359,      -8.035895324,      -8.863532301,      -8.458555399,      -12.53184265,     0.01574597947,    0.005029073505,      0.2249109632,                 0,                 0,                 0,   0.0001758764509,   -0.002823269488,      0.2249494656,                 0,       44.72214672,    0.007176810337
          0,           0,         462,       -8.99540796,      -8.026133082,      -8.852730868,      -8.452313322,      -12.52825698,     0.01574597947,    0.005034076437,      0.2250109291,                 0,                 0,                 0,   0.0001946892989,   -0.002821758363,      0.2250495452,                 0,        44.6975591,    0.007176810337
          0,           0,         463,      -8.991524003,      -8.016565902,      -8.844097295,      -8.448140169,      -12.51956035,     0.01574597947,    0.005039167452,      0.2251077131,                 0,                 0,                 0,   0.0002116884615,   -0.002820048164,       0.225146448,                 0,       44.67160801,    0.007176810337
          0,           0,         464,      -8.989476059,      -8.007335071,      -8.837595044,      -8.445847139,      -12.51320963,     0.01574597947,    0.005044326399,      0.2252002718,                 0,                 0,                 0,   0.0002266096803,   -0.002818122612,      0.2252391303,                 0,       44.64427041,    0.007176810337
          0,           0,         465,      -8.989046999,      -7.998424999,      -8.833037822,      -8.445212707,      -12.50497341,     0.01574597947,     0.00504953943,      0.2252876564,                 0,                 0,                 0,   0.0002392356542,   -0.002815962435,      0.2253266436,                 0,       44.61548613,    0.007176810337
          0,           0,         466,      -8.990020445,      -7.989937472,       -8.83023691,       -8.44601645,       -12.4987213,     0.01574597947,    0.005054797482,      0.2253689884,                 0,                 0,                 0,   0.0002493900689,   -0.002813546032,      0.2254081096,                 0,       44.58516671,    0.007176810337
          0,           0,         467,      -8.992187326,      -7.981657392,      -8.828829858,      -8.448041015,      -12.49256574,     0.01574597947,    0.005060098251,      0.2254435152,                 0,                 0,                 0,   0.0002569504126,   -0.002810849439,       0.225482776,                 0,       44.55318929,    0.007176810337
          0,           0,         468,      -8.995316947,       -7.97363246,      -8.828619411,      -8.451051189,       -12.4870122,     0.01574597947,    0.005065440653,      0.2255106019,                 0,                 0,                 0,   0.0002618460894,   -0.002807851584,      0.2255500083,                 0,       44.51944408,    0.007176810337
          0,           0,         469,       -8.99916051,      -7.965768825,      -8.829261449,      -8.454791462,      -12.48128074,     0.01574597947,    0.005070830314,       0.225569771,                 0,                 0,                 0,   0.0002640635088,   -0.002804530179,      0.2256093294,                 0,       44.48379398,    0.007176810337
          0,           0,         470,      -9.003442017,       -7.95816526,      -8.830568677,      -8.458981471,      -12.47442005,     0.01574597947,    0.005076275599,      0.2256206707,                 0,                 0,                 0,   0.0002636270246,   -0.002800864583,      0.2256603881,                 0,        44.4461035,    0.007176810337
          0,           0,         471,      -9.007850928,      -7.950799142,      -8.832202815,      -8.463304953,      -12.46881824,     0.01574597947,    0.005081782523,       0.225663109,                 0,                 0,                 0,   0.0002606100531,    -0.00279684209,      0.2257029928,                 0,       44.40629011,    0.007176810337
          0,           0,         472,      -9.012057465,      -7.943596776,       -8.83382798,      -8.467426764,      -12.45795588,     0.01574597947,    0.005087364767,      0.2256970285,                 0,                 0,                 0,   0.0002551233904,   -0.002792447019,      0.2257370864,                 0,       44.36423155,    0.007176810337
          0,           0,         473,       -9.01574924,      -7.936658693,      -8.835176531,      -8.471030469,       -12.4574237,     0.01574597947,    0.005093031989,      0.2257224853,                 0,                 0,                 0,   0.0002473059341,   -0.002787671681,      0.2257627255,                 0,       44.31986404,    0.007176810337
          0,           0,         474,      -9.018676897,      -7.929981125,      -8.835933326,      -8.473865964,      -12.44915698,     0.01574597947,    0.005098799884,      0.2257396566,                 0,                 0,                 0,   0.0002373241782,   -0.002782506568,      0.2257800876,                 0,       44.27309597,    0.007176810337
          0,           0,         475,      -9.020664507,      -7.923463099,      -8.835785028,      -8.475751087,       -12.4426352,     0.01574597947,     0.00510468463,      0.2257487944,                 0,                 0,                 0,   0.0002253594436,   -0.002776944311,      0.2257894252,                 0,       44.22384746,    0.007176810337
          0,           0,         476,      -9.021638077,      -7.917106618,      -8.834585843,      -8.476610158,      -12.44492308,     0.01574597947,    0.005110698961,      0.2257502267,                 0,                 0,                 0,   0.0002116101925,   -0.002770983632,      0.2257910666,                 0,       44.17208457,    0.007176810337
          0,           0,         477,      -9.021623891,      -7.910790375,      -8.832197912,      -8.476467651,      -12.43066988,     0.01574597947,    0.005116859062,      0.2257443558,                 0,                 0,                 0,   0.0001962764384,   -0.002764622391,      0.2257854142,                 0,       44.11775917,    0.007176810337
          0,           0,         478,      -9.020708728,      -7.904777923,      -8.828906479,      -8.475411958,      -12.43611631,     0.01574597947,    0.005123178168,      0.2257316052,                 0,                 0,                 0,   0.0001795539743,   -0.002757862145,      0.2257728919,                 0,       44.06085398,    0.007176810337
          0,           0,         479,      -9.019049677,      -7.898837862,      -8.824607842,      -8.473600388,      -12.44320619,     0.01574597947,    0.005129668239,      0.2257124583,                 0,                 0,                 0,    0.000161636238,   -0.002750707809,      0.2257539832,                 0,       44.00137548,    0.007176810337
          0,           0,         480,      -9.016843374,      -7.892778255,      -8.819361191,      -8.471233593,      -12.41491981,     0.01574597947,    0.005136340274,      0.2256874105,                 0,                 0,                 0,   0.0001427005008,   -0.002743165683,      0.2257291835,                 0,       43.93934172,    0.007176810337
          0,           0,         481,      -9.014297928,      -7.887243346,      -8.813975529,      -8.468528453,      -12.40663858,     0.01574597947,     0.00514320254,      0.2256569734,                 0,                 0,                 0,   0.0001229106527,   -0.002735245359,      0.2256990045,                 0,       43.87479817,    0.007176810337
          0,           0,         482,      -9.011605304,      -7.881039936,      -8.807488181,      -8.465657258,      -12.40199785,     0.01574597947,    0.005150254734,      0.2256216467,                 0,                 0,                 0,   0.0001024081227,   -0.002726964577,      0.2256639454,                 0,       43.80786162,    0.007176810337
          0,           0,         483,      -9.008926617,      -7.876344671,      -8.802208373,      -8.462831389,      -12.39692444,     0.01574597947,    0.005157496586,      0.2255819203,                 0,                 0,                 0,   8.133115157e-05,   -0.002718340705,      0.2256244959,                 0,       43.73864656,    0.007176810337
          0,           0,         484,      -9.006422738,      -7.870151239,      -8.795528009,      -8.460151984,      -12.39088024,     0.01574597947,    0.005164928662,      0.2255383125,                 0,                 0,                 0,   5.979290161e-05,   -0.002709391268,      0.2255811741,                 0,       43.66726577,    0.007176810337
          0,           0,         485,      -9.004146291,      -7.865715638,      -8.790458527,      -8.457739355,      -12.39090993,     0.01574597947,    0.005172550412,      0.2254911982,                 0,                 0,                 0,   3.787584765e-05,   -0.002700129895,      0.2255343545,                 0,       43.59381355,    0.007176810337
          0,           0,         486,      -9.002164723,      -7.860208612,      -8.784737418,       -8.45561092,      -12.39353749,     0.01574597947,    0.005180356039,      0.2254410769,                 0,                 0,                 0,   1.568348095e-05,   -0.002690579815,      0.2254845362,                 0,       43.51845225,    0.007176810337
          0,           0,         487,       -9.00047307,      -7.855820084,      -8.780120243,      -8.453800297,      -12.39388546,     0.01574597947,    0.005188343701,      0.2253882415,                 0,                 0,                 0,  -6.744237592e-06,   -0.002680753089,      0.2254320116,                 0,       43.44127037,    0.007176810337
          0,           0,         488,      -8.999050411,       -7.85120435,       -8.77573606,      -8.452273058,      -12.39114452,     0.01574597947,    0.005196504647,      0.2253330908,                 0,                 0,                 0,  -2.932525015e-05,   -0.002670672384,      0.2253771794,                 0,       43.36243421,    0.007176810337
          0,           0,         489,       -8.99787231,      -7.846775428,      -8.771641926,      -8.451000212,      -12.38613062,     0.01574597947,    0.005204832158,      0.2252758961,                 0,                 0,                 0,  -5.203277726e-05,   -0.002660353878,      0.2253203101,                 0,       43.28206737,    0.007176810337
          0,           0,         490,      -8.996875069,      -7.843032055,      -8.768527272,       -8.44994511,      -12.38115081,     0.01574597947,    0.005213325677,      0.2252169246,                 0,                 0,                 0,  -7.481450678e-05,   -0.002649807459,       0.225261671,                 0,        43.2002408,    0.007176810337
          0,           0,         491,      -8.996036349,      -7.838580601,      -8.764937081,      -8.449042045,      -12.37630442,     0.01574597947,    0.005221982505,      0.2251564427,                 0,                 0,                 0,  -9.764207835e-05,   -0.002639045116,      0.2252015281,                 0,       43.11704272,    0.007176810337
          0,           0,         492,      -8.995293838,      -7.835740641,      -8.763000513,      -8.448291357,      -12.37495053,     0.01574597947,    0.005230793119,      0.2250946047,                 0,                 0,                 0,  -0.0001204776007,   -0.002628081755,      0.2251400352,                 0,       43.03259556,    0.007397683528
          0,           0,         493,      -8.994683234,      -7.831455448,      -8.759987062,      -8.447647382,      -12.37188856,     0.01574597947,    0.005239751872,      0.2250316976,                 0,                 0,                 0,  -0.0001432867452,   -0.002616933034,      0.2250774791,                 0,       42.94701413,    0.007397683528
          0,           0,         494,       -8.99414211,      -7.829263349,      -8.758943072,      -8.447141382,      -12.36928091,     0.01574597947,    0.005248852793,      0.2249677179,                 0,                 0,                 0,  -0.0001660602732,   -0.002605604795,       0.225013856,                 0,       42.86035954,    0.007397683528
          0,           0,         495,      -8.993657107,      -7.825384311,      -8.756575846,      -8.446653883,      -12.37005746,     0.01574597947,    0.005258073162,      0.2249031791,                 0,                 0,                 0,   -0.000188717352,    -0.00259413767,      0.2249496782,                 0,       42.77292691,    0.007397683528
          0,           0,         496,       -8.99341966,      -7.823132255,      -8.755878057,      -8.446478189,      -12.36833008,     0.01574597947,    0.005267409393,      0.2248378737,                 0,                 0,                 0,  -0.0002112821934,   -0.002582528002,      0.2248847385,                 0,       42.68471594,    0.007397683528
          0,           0,         497,      -8.993354297,      -7.820443674,      -8.754828415,      -8.446457484,      -12.36730285,     0.01574597947,    0.005276864602,       0.224772196,                 0,                 0,                 0,   -0.000233707644,   -0.002570786436,      0.2248194308,                 0,       42.59578613,    0.007397683528
          0,           0,         498,      -8.993378282,      -7.817306888,      -8.753812859,      -8.446543711,      -12.36493122,     0.01574597947,    0.005286422056,      0.2247060522,                 0,                 0,                 0,   -0.000256011122,   -0.002558926416,      0.2247536608,                 0,       42.50626412,    0.007397683528
          0,           0,         499,      -8.993544478,       -7.81623879,      -8.754386696,      -8.446816928,      -12.36487495,     0.01574597947,     0.00529608521,      0.2246397294,                 0,                 0,                 0,   -0.000278133049,   -0.002546954516,      0.2246877156,                 0,       42.41618487,    0.007397683528
          0,           0,         500,      -8.993896762,      -7.812845838,      -8.753359466,      -8.447236604,      -12.36406566,     0.01574597947,    0.005305840839,      0.2245732918,                 0,                 0,                 0,  -0.0003000702734,   -0.002534886195,       0.224621659,                 0,       42.32567442,    0.007397683528
          0,           0,         501,      -8.994366984,      -7.811788966,      -8.754380942,      -8.447842896,      -12.36421167,     0.01574597947,    0.005315693344,      0.2245068092,                 0,                 0,                 0,  -0.0003217958676,    -0.00252271948,      0.2245555607,                 0,       42.23471797,    0.007397683528
          0,           0,         502,      -8.995053302,      -7.810121673,      -8.754865192,      -8.448640314,      -12.36680498,     0.01574597947,     0.00532563302,      0.2244405097,                 0,                 0,                 0,  -0.0003432898894,    -0.00251047204,      0.2244896485,                 0,       42.14344264,    0.007397683528
          0,           0,         503,      -8.995882909,      -7.807448092,      -8.754888842,      -8.449589506,      -12.36176621,     0.01574597947,    0.005335657836,      0.2243743242,                 0,                 0,                 0,  -0.0003645529667,    -0.00249814349,      0.2244238532,                 0,       42.05185773,    0.007397683528
          0,           0,         504,      -8.996848943,      -7.807578801,      -8.757043706,      -8.450739469,      -12.36931565,     0.01574597947,    0.005345764141,      0.2243084738,                 0,                 0,                 0,  -0.0003855378064,   -0.002485745196,      0.2243583956,                 0,       41.96003937,    0.007397683528
          0,           0,         505,      -8.998015705,      -7.805277311,      -8.757365032,      -8.452043607,      -12.36215458,     0.01574597947,    0.005355941105,      0.2242430356,                 0,                 0,                 0,  -0.0004062537697,    -0.00247329067,      0.2242933524,                 0,       41.86809212,    0.007397683528
          0,           0,         506,      -8.999269396,      -7.804737792,      -8.759297428,      -8.453500636,      -12.37223693,     0.01574597947,    0.005366185685,      0.2241779925,                 0,                 0,                 0,  -0.0004266775535,   -0.002460782361,      0.2242287065,                 0,       41.77604088,    0.007397683528
          0,           0,         507,      -9.000711604,      -7.804788381,      -8.761522324,      -8.455155926,       -12.3640091,     0.01574597947,    0.005376490511,      0.2241136083,                 0,                 0,                 0,  -0.0004467774446,   -0.002448236837,      0.2241647212,                 0,       41.68399588,    0.007397683528
          0,           0,         508,       -9.00230651,      -7.802802164,      -8.762341001,      -8.456948098,      -12.37577407,     0.01574597947,    0.005386842013,      0.2240497848,                 0,                 0,                 0,  -0.0004665663597,   -0.002435664231,      0.2241012978,                 0,       41.59204674,    0.007397683528
          0,           0,         509,      -9.003979601,      -7.803311108,        -8.7652436,      -8.458886578,      -12.37960064,     0.01574597947,    0.005397245515,      0.2239866885,                 0,                 0,                 0,  -0.0004860047656,   -0.002423065037,       0.224038603,                 0,       41.50018521,    0.007397683528
          0,           0,         510,      -9.005832513,      -7.803567579,      -8.767823119,      -8.460996773,      -12.37537872,     0.01574597947,    0.005407684258,      0.2239243935,                 0,                 0,                 0,  -0.0005051027171,    -0.00241045859,      0.2239767103,                 0,       41.40855546,    0.007397683528
          0,           0,         511,      -9.007815745,      -7.802237141,      -8.769329314,      -8.463229393,      -12.37588266,     0.01574597947,    0.005418156561,      0.2238628779,                 0,                 0,                 0,  -0.0005238500621,   -0.002397845802,      0.2239155976,                 0,       41.31716671,    0.007397683528
          0,           0,         512,       -9.00986182,      -7.802617878,      -8.772337001,      -8.465566498,      -12.37638575,     0.01574597947,    0.005428661872,      0.2238022646,                 0,                 0,                 0,  -0.0005422269056,   -0.002385231519,      0.2238553879,                 0,       41.22604611,    0.007397683528
          0,           0,         513,      -9.012059738,       -7.80320613,      -8.775402636,      -8.468069971,      -12.37575665,     0.01574597947,     0.00543918729,      0.2237425802,                 0,                 0,                 0,  -0.0005602410838,   -0.002372629555,      0.2237961071,                 0,       41.13529619,    0.007397683528
          0,           0,         514,      -9.014406064,      -7.803288686,      -8.778143329,      -8.470699345,       -12.3735404,     0.01574597947,     0.00544973802,      0.2236838614,                 0,                 0,                 0,   -0.000577891089,   -0.002360035997,      0.2237377924,                 0,       41.04488337,    0.007397683528
          0,           0,         515,      -9.016813993,      -7.802695841,      -8.780490437,      -8.473399103,       -12.3750598,     0.01574597947,    0.005460310913,      0.2236261154,                 0,                 0,                 0,  -0.0005951653356,   -0.002347454236,      0.2236804505,                 0,       40.95483186,    0.007397683528
          0,           0,         516,      -9.019288091,      -7.803543704,      -8.784020442,      -8.476191329,      -12.37052451,     0.01574597947,    0.005470905295,      0.2235694223,                 0,                 0,                 0,  -0.0006120648094,   -0.002334887748,      0.2236241617,                 0,       40.86516037,    0.007397683528
          0,           0,         517,      -9.021899132,      -7.804370354,      -8.787422486,       -8.47911999,      -12.37357997,     0.01574597947,    0.005481510017,      0.2235137599,                 0,                 0,                 0,  -0.0006285964264,   -0.002322346897,      0.2235689033,                 0,       40.77594663,    0.007397683528
          0,           0,         518,      -9.024609672,      -7.804558096,      -8.790382554,      -8.482128382,      -12.37288803,     0.01574597947,    0.005492126723,      0.2234591978,                 0,                 0,                 0,  -0.0006447480537,   -0.002309832469,      0.2235147449,                 0,       40.68718897,    0.007397683528
          0,           0,         519,      -9.027343927,      -7.804613196,      -8.793343521,      -8.485174848,      -12.37957469,     0.01574597947,    0.005502745989,      0.2234057218,                 0,                 0,                 0,  -0.0006605172908,   -0.002297353385,      0.2234616721,                 0,       40.59895227,    0.007397683528
          0,           0,         520,      -9.030169457,      -7.806155798,      -8.797487925,      -8.488345023,      -12.38382043,     0.01574597947,    0.005513368614,      0.2233534295,                 0,                 0,                 0,  -0.0006759001627,   -0.002284912257,      0.2234097824,                 0,       40.51124551,    0.007397683528
          0,           0,         521,      -9.033139359,      -7.807591948,      -8.801427198,       -8.49164749,      -12.38150081,     0.01574597947,    0.005523986744,      0.2233022886,                 0,                 0,                 0,  -0.0006909006494,   -0.002272515805,      0.2233590433,                 0,       40.42411739,    0.007397683528
          0,           0,         522,      -9.036179516,      -7.807776957,      -8.804457327,      -8.494998696,      -12.38722608,     0.01574597947,    0.005534598028,      0.2232523628,                 0,                 0,                 0,  -0.0007054931498,     -0.0022601686,      0.2233095182,                 0,       40.33759303,    0.007397683528
          0,           0,         523,      -9.039224986,      -7.808984633,      -8.808430659,      -8.498380542,      -12.38670152,     0.01574597947,    0.005545203359,      0.2232036571,                 0,                 0,                 0,  -0.0007196813082,   -0.002247869923,      0.2232612122,                 0,       40.25166304,    0.007397683528
          0,           0,         524,      -9.042351097,      -7.811087656,      -8.813033035,      -8.501868485,      -12.38599711,     0.01574597947,     0.00555579634,      0.2231562192,                 0,                 0,                 0,  -0.0007334524259,   -0.002235627837,       0.223214173,                 0,        40.1663786,    0.007397683528
          0,           0,         525,      -9.045590082,      -7.812962188,       -8.81740668,      -8.505446853,      -12.39059453,     0.01574597947,    0.005566373622,      0.2231100857,                 0,                 0,                 0,  -0.0007468069146,   -0.002223446961,      0.2231684367,                 0,       40.08176612,    0.007397683528
          0,           0,         526,       -9.04888137,      -7.813630103,      -8.820887231,      -8.509068066,       -12.3887318,     0.01574597947,    0.005576934018,      0.2230652455,                 0,                 0,                 0,  -0.0007597396026,   -0.002211328098,      0.2231239923,                 0,       39.99782761,    0.007397683528
          0,           0,         527,      -9.052170782,      -7.815576625,       -8.82546317,      -8.512711215,      -12.39349624,     0.01574597947,    0.005587474726,        0.22302172,                 0,                 0,                 0,  -0.0007722480923,   -0.002199274795,      0.2230808613,                 0,       39.91458234,    0.007397683528
          0,           0,         528,      -9.055517869,      -7.817895846,      -8.830314454,       -8.51642321,      -12.39844575,     0.01574597947,    0.005597990591,      0.2229795184,                 0,                 0,                 0,  -0.0007843419558,   -0.002187292519,      0.2230390523,                 0,        39.8320638,    0.007397683528
          0,           0,         529,      -9.058948788,       -7.82024921,      -8.835116844,      -8.520211807,      -12.39843579,     0.01574597947,    0.005608480652,      0.2229386179,                 0,                 0,                 0,  -0.0007960350799,   -0.002175381445,      0.2229985429,                 0,        39.7502696,    0.007397683528
          0,           0,         530,      -9.062419308,      -7.821877518,       -8.83934899,      -8.524018589,      -12.39737008,     0.01574597947,    0.005618943876,      0.2228990277,                 0,                 0,                 0,  -0.0008073407318,   -0.002163542916,       0.222959342,                 0,       39.66920344,    0.007397683528
          0,           0,         531,       -9.06588978,      -7.823465813,      -8.843600553,      -8.527830336,      -12.39966544,     0.01574597947,    0.005629369685,      0.2228606813,                 0,                 0,                 0,  -0.0008182716923,   -0.002151785186,      0.2229213827,                 0,        39.5889227,    0.007397683528
          0,           0,         532,      -9.069382768,       -7.82569812,       -8.84838142,      -8.531683979,       -12.4022924,     0.01574597947,    0.005639761086,       0.222823608,                 0,                 0,                 0,  -0.0008288350124,   -0.002140106277,      0.2228846947,                 0,       39.50940556,    0.007397683528
          0,           0,         533,      -9.072918587,      -7.828090378,       -8.85319835,      -8.535566896,      -12.40540381,     0.01574597947,    0.005650109492,      0.2227877329,                 0,                 0,                 0,  -0.0008390505735,   -0.002128512153,      0.2228492027,                 0,       39.43069302,    0.007397683528
          0,           0,         534,      -9.076506892,      -7.830135179,      -8.857788166,      -8.539502245,      -12.40836002,     0.01574597947,    0.005660418301,      0.2227530935,                 0,                 0,                 0,  -0.0008489120291,   -0.002117000724,      0.2228149441,                 0,       39.35276187,    0.007397683528
          0,           0,         535,      -9.080121544,       -7.83251602,      -8.862598523,      -8.543471967,      -12.40907783,     0.01574597947,    0.005670684207,      0.2227196609,                 0,                 0,                 0,  -0.0008584273626,   -0.002105574293,      0.2227818901,                 0,       39.27562403,    0.007397683528
          0,           0,         536,      -9.083761157,      -7.834147606,      -8.866693441,      -8.547443735,      -12.41108089,     0.01574597947,    0.005680907818,      0.2226874704,                 0,                 0,                 0,  -0.0008675918838,   -0.002094233477,      0.2227500761,                 0,       39.19927546,    0.007397683528
          0,           0,         537,      -9.087396416,      -7.836252202,      -8.871221225,      -8.551410149,       -12.4099545,     0.01574597947,    0.005691088473,      0.2226564704,                 0,                 0,                 0,  -0.0008764153373,   -0.002082977138,      0.2227194502,                 0,       39.12370567,    0.007397683528
          0,           0,         538,      -9.091045855,        -7.8381164,      -8.875510404,       -8.55538527,      -12.41536725,     0.01574597947,    0.005701223213,      0.2226267125,                 0,                 0,                 0,  -0.0008848808606,   -0.002071810036,      0.2226900641,                 0,       39.04893812,    0.007397683528
          0,           0,         539,       -9.09470778,       -7.84048337,      -8.880201846,      -8.559385666,      -12.41355419,     0.01574597947,    0.005711311354,      0.2225981831,                 0,                 0,                 0,  -0.0008929923639,   -0.002060732378,      0.2226619042,                 0,       38.97496901,    0.007397683528
          0,           0,         540,      -9.098415393,      -7.842867964,      -8.884846067,      -8.563419684,      -12.41657391,     0.01574597947,    0.005721353811,      0.2225708977,                 0,                 0,                 0,  -0.0009007474821,   -0.002049743792,      0.2226349858,                 0,       38.90178881,    0.007397683528
          0,           0,         541,      -9.102185462,      -7.845358099,      -8.889588826,        -8.5675269,      -12.41416419,     0.01574597947,    0.005731352995,      0.2225448498,                 0,                 0,                 0,  -0.0009081467615,   -0.002038841642,      0.2226093028,                 0,       38.82937414,    0.007397683528
          0,           0,         542,      -9.106020729,      -7.847446826,      -8.893931472,      -8.571698126,      -12.41782079,     0.01574597947,     0.00574130978,      0.2225200602,                 0,                 0,                 0,  -0.0009151849414,   -0.002028025777,      0.2225848758,                 0,       38.75771709,    0.007397683528
          0,           0,         543,      -9.109924907,      -7.849678507,      -8.898354575,      -8.575934738,       -12.4203185,     0.01574597947,    0.005751225015,       0.222496506,                 0,                 0,                 0,  -0.0009218715055,   -0.002017294553,       0.222561682,                 0,       38.68680245,    0.007397683528
          0,           0,         544,      -9.113859564,         -7.852518,      -8.903252947,      -8.580219412,      -12.42361146,     0.01574597947,    0.005761095085,      0.2224741831,                 0,                 0,                 0,  -0.0009282097615,   -0.002006651437,      0.2225397171,                 0,       38.61664836,    0.007397683528
          0,           0,         545,      -9.117811122,      -7.855258435,      -8.907997553,      -8.584500437,      -12.42668231,     0.01574597947,    0.005770920284,      0.2224531222,                 0,                 0,                 0,  -0.0009342053306,    -0.00199609721,       0.222519012,                 0,       38.54725265,    0.007397683528
          0,           0,         546,       -9.12183207,      -7.857875759,      -8.912684275,      -8.588847406,      -12.42640073,     0.01574597947,    0.005780701044,      0.2224332759,                 0,                 0,                 0,  -0.0009398688535,   -0.001985629781,      0.2224995191,                 0,       38.47859874,    0.007397683528
          0,           0,         547,      -9.125956002,      -7.861017169,      -8.917827661,      -8.593324949,         -12.43306,     0.01574597947,    0.005790434197,      0.2224146341,                 0,                 0,                 0,  -0.0009451951067,   -0.001975251968,      0.2224812283,                 0,       38.41070056,    0.007397683528
          0,           0,         548,      -9.130198718,      -7.863518715,      -8.922333754,       -8.59790517,      -12.43575819,     0.01574597947,    0.005800120305,      0.2223972006,                 0,                 0,                 0,  -0.0009501964442,   -0.001964963341,      0.2224641435,                 0,        38.3435496,    0.007397683528
          0,           0,         549,      -9.134528949,      -7.866554342,      -8.927307129,      -8.602591509,      -12.43552548,     0.01574597947,    0.005809757331,      0.2223809081,                 0,                 0,                 0,  -0.0009548889666,   -0.001954763586,      0.2224481973,                 0,       38.27714231,    0.007397683528
          0,           0,         550,      -9.138913225,      -7.869134704,      -8.931801009,      -8.607322274,      -12.44090659,     0.01574597947,    0.005819340976,      0.2223657871,                 0,                 0,                 0,  -0.0009592623336,   -0.001944658064,        0.22243342,                 0,       38.21150678,    0.007397683528
          0,           0,         551,      -9.143322873,      -7.872155218,      -8.936720471,      -8.612086308,      -12.44514324,     0.01574597947,    0.005828868592,       0.222351778,                 0,                 0,                 0,  -0.0009633407993,   -0.001934647341,      0.2224197519,                 0,        38.1466445,    0.007397683528
          0,           0,         552,      -9.147756462,      -7.874967717,      -8.941362332,      -8.616865767,       -12.4462467,     0.01574597947,     0.00583834089,      0.2223388759,                 0,                 0,                 0,  -0.0009671243356,   -0.001924730536,      0.2224071882,                 0,       38.08254436,    0.007397683528
          0,           0,         553,      -9.152216312,      -7.878122106,      -8.946338149,      -8.621678985,      -12.44971749,     0.01574597947,    0.005847756658,       0.222327046,                 0,                 0,                 0,  -0.0009706248777,   -0.001914907647,      0.2223956942,                 0,       38.01920275,    0.007397683528
          0,           0,         554,      -9.156711521,      -7.881178377,      -8.951186187,      -8.626526363,      -12.45166305,     0.01574597947,    0.005857113967,      0.2223162656,                 0,                 0,                 0,  -0.0009738461454,   -0.001905179808,      0.2223852469,                 0,       37.95662282,    0.007397683528
          0,           0,         555,      -9.161236531,      -7.884577631,      -8.956329726,      -8.631408853,      -12.45547582,     0.01574597947,    0.005866412647,       0.222306513,                 0,                 0,                 0,  -0.0009767963893,   -0.001895546431,      0.2223758247,                 0,       37.89479643,    0.007397683528
          0,           0,         556,      -9.165779563,      -7.887814647,       -8.96127573,      -8.636307616,      -12.45744165,     0.01574597947,    0.005875651371,      0.2222977675,                 0,                 0,                 0,  -0.0009794790994,   -0.001886008122,       0.222367407,                 0,       37.83372319,    0.007397683528
          0,           0,         557,      -9.170324941,      -7.890931415,      -8.966077578,      -8.641200025,      -12.46077717,     0.01574597947,    0.005884830908,      0.2222900092,                 0,                 0,                 0,  -0.0009819030634,   -0.001876563415,      0.2223599738,                 0,       37.77338936,    0.007397683528
          0,           0,         558,      -9.174855801,      -7.894225763,      -8.971035255,       -8.64608466,      -12.46436708,     0.01574597947,    0.005893951746,      0.2222832008,                 0,                 0,                 0,  -0.0009840782363,   -0.001867210524,      0.2223534879,                 0,       37.71378023,    0.007397683528
          0,           0,         559,      -9.179367337,      -7.897669635,      -8.976074969,      -8.650951565,       -12.4680626,     0.01574597947,    0.005903015774,       0.222277325,                 0,                 0,                 0,  -0.0009860129817,   -0.001857946955,       0.222347932,                 0,       37.65487566,    0.007397683528
          0,           0,         560,      -9.183858427,      -7.900973231,        -8.9809458,      -8.655787952,      -12.46980571,     0.01574597947,    0.005912024093,      0.2222723466,                 0,                 0,                 0,  -0.0009877170879,   -0.001848770378,      0.2223432709,                 0,       37.59665777,    0.007397683528
          0,           0,         561,      -9.188329122,      -7.904633427,      -8.986158078,      -8.660610324,      -12.47249241,     0.01574597947,    0.005920978062,       0.222268232,                 0,                 0,                 0,   -0.000989198616,   -0.001839678268,      0.2223394714,                 0,        37.5391075,    0.007397683528
          0,           0,         562,      -9.192790543,      -7.907946113,       -8.99099577,      -8.665416268,       -12.4753291,     0.01574597947,    0.005929879188,      0.2222649619,                 0,                 0,                 0,  -0.0009904641393,   -0.001830668439,      0.2223365139,                 0,       37.48220745,    0.007397683528
          0,           0,         563,      -9.197244258,      -7.911425854,      -8.995977064,      -8.670208315,      -12.47928515,     0.01574597947,    0.005938732642,      0.2222625042,                 0,                 0,                 0,  -0.0009915269165,   -0.001821734606,      0.2223343667,                 0,       37.42591519,    0.007397683528
          0,           0,         564,      -9.201687644,        -7.9148883,      -9.000956879,      -8.674987893,      -12.48213452,     0.01574597947,     0.00594753934,      0.2222608245,                 0,                 0,                 0,  -0.0009923885379,   -0.001812874653,      0.2223329954,                 0,       37.37021511,    0.007397683528
          0,           0,         565,      -9.206122863,      -7.918264805,      -9.005808456,      -8.679751419,      -12.48599682,     0.01574597947,    0.005956301838,      0.2222599177,                 0,                 0,                 0,   -0.000993052538,   -0.001804085845,      0.2223323949,                 0,        37.3150864,    0.007397683528
          0,           0,         566,      -9.210544759,      -7.921245698,      -9.010274206,       -8.68447974,      -12.48880452,     0.01574597947,    0.005965023028,      0.2222597525,                 0,                 0,                 0,  -0.0009935307499,   -0.001795364203,      0.2223325342,                 0,       37.26050201,    0.007397683528
          0,           0,         567,      -9.214945595,      -7.924576817,      -9.015060905,      -8.689196804,      -12.48973262,     0.01574597947,    0.005973704898,      0.2222602927,                 0,                 0,                 0,  -0.0009938286993,   -0.001786706472,       0.222333377,                 0,       37.20643996,    0.007397683528
          0,           0,         568,      -9.219331738,      -7.927480597,      -9.019357371,      -8.693874623,      -12.49293495,     0.01574597947,    0.005982349977,      0.2222615319,                 0,                 0,                 0,  -0.0009939537777,   -0.001778109908,      0.2223349172,                 0,       37.15288018,    0.007482212508
          0,           0,         569,      -9.223703731,       -7.93067188,      -9.023950338,      -8.698541826,      -12.49632307,     0.01574597947,    0.005990955261,      0.2222634132,                 0,                 0,                 0,  -0.0009939174028,   -0.001769575524,      0.2223370977,                 0,       37.09982858,    0.007482212508
          0,           0,         570,      -9.228076209,      -7.934029007,      -9.028694195,      -8.703222299,      -12.50072121,     0.01574597947,    0.005999520953,      0.2222659292,                 0,                 0,                 0,  -0.0009937219524,   -0.001761102857,      0.2223399111,                 0,       37.04727943,    0.007482212508
          0,           0,         571,      -9.232460422,      -7.937065047,      -9.033067969,      -8.707909826,      -12.50433376,     0.01574597947,    0.006008047499,      0.2222690481,                 0,                 0,                 0,  -0.0009933758736,   -0.001752690354,      0.2223433257,                 0,       36.99522152,    0.007482212508
          0,           0,         572,      -9.236849911,      -7.940256059,       -9.03761713,      -8.712600858,      -12.50455537,     0.01574597947,    0.006016538212,      0.2222727545,                 0,                 0,                 0,  -0.0009928845479,   -0.001744334164,      0.2223473261,                 0,       36.94362883,    0.007482212508
          0,           0,         573,      -9.241234177,      -7.943369511,      -9.042079396,       -8.71729329,      -12.50935766,     0.01574597947,    0.006024989156,      0.2222770158,                 0,                 0,                 0,  -0.0009922471137,   -0.001736037084,      0.2223518797,                 0,       36.89251716,    0.007482212508
          0,           0,         574,      -9.245608295,      -7.946167566,      -9.046212542,      -8.721954443,      -12.51322369,     0.01574597947,    0.006033402563,      0.2222818397,                 0,                 0,                 0,   -0.000991469074,   -0.001727797155,      0.2223569943,                 0,       36.84187113,    0.007482212508
          0,           0,         575,      -9.249958616,      -7.949060266,      -9.050485099,      -8.726597356,      -12.51786878,     0.01574597947,    0.006041775453,      0.2222871711,                 0,                 0,                 0,  -0.0009905584959,   -0.001719615429,      0.2223626147,                 0,       36.79169689,    0.007482212508
          0,           0,         576,      -9.254283822,      -7.952042398,      -9.054789665,      -8.731211938,      -12.52112694,     0.01574597947,    0.006050110056,      0.2222930172,                 0,                 0,                 0,    -0.00098951636,   -0.001711489928,      0.2223687481,                 0,       36.74197909,    0.007482212508
          0,           0,         577,      -9.258583993,      -7.954931789,      -9.059002286,       -8.73579264,      -12.52377916,     0.01574597947,    0.006058404821,      0.2222993354,                 0,                 0,                 0,  -0.0009883525477,   -0.001703420719,       0.222375352,                 0,        36.6927173,    0.007482212508
          0,           0,         578,      -9.262864225,      -7.958169667,      -9.063554117,      -8.740363252,      -12.52668432,     0.01574597947,    0.006066660951,      0.2223061147,                 0,                 0,                 0,  -0.0009870682445,    -0.00169540621,      0.2223824152,                 0,       36.64389958,    0.007482212508
          0,           0,         579,      -9.267138806,      -7.961064375,      -9.067745159,      -8.744924992,       -12.5306032,     0.01574597947,      0.0060748767,      0.2223133347,                 0,                 0,                 0,  -0.0009856684972,   -0.001687447441,      0.2223899175,                 0,       36.59553036,    0.007482212508
          0,           0,         580,       -9.27141648,      -7.964171859,      -9.072126584,      -8.749490912,      -12.53519893,     0.01574597947,    0.006083053622,      0.2223209812,                 0,                 0,                 0,  -0.0009841595843,   -0.001679542358,      0.2223978447,                 0,       36.54759516,    0.007482212508
          0,           0,         581,      -9.275703111,      -7.967292441,      -9.076531112,      -8.754069807,      -12.53802035,     0.01574597947,     0.00609119132,      0.2223290331,                 0,                 0,                 0,  -0.0009825436353,   -0.001671690625,      0.2224061757,                 0,       36.50009027,    0.007482212508
          0,           0,         582,      -9.280004593,      -7.970460705,      -9.080943907,      -8.758663024,      -12.54262324,     0.01574597947,    0.006099289528,       0.222337484,                 0,                 0,                 0,  -0.0009808216452,   -0.001663892286,      0.2224149042,                 0,       36.45301359,    0.007482212508
          0,           0,         583,      -9.284320278,      -7.973388388,      -9.085114628,      -8.763259924,      -12.54660223,     0.01574597947,    0.006107349106,      0.2223463188,                 0,                 0,                 0,     -0.0009790007,   -0.001656145946,      0.2224240148,                 0,       36.40635486,    0.007482212508
          0,           0,         584,      -9.288641204,      -7.976457217,      -9.089421448,      -8.767865528,      -12.55008007,     0.01574597947,    0.006115369591,      0.2223555143,                 0,                 0,                 0,  -0.0009770841668,   -0.001648451265,      0.2224334847,                 0,       36.36011054,    0.007482212508
          0,           0,         585,      -9.292964314,      -7.979609447,      -9.093766534,       -8.77247424,      -12.55207304,     0.01574597947,    0.006123352036,      0.2223650621,                 0,                 0,                 0,  -0.0009750780781,   -0.001640806895,      0.2224433052,                 0,       36.31427048,    0.007482212508
          0,           0,         586,       -9.29728804,      -7.982777837,      -9.098093579,      -8.777083853,      -12.55695722,     0.01574597947,    0.006131292903,      0.2223749346,                 0,                 0,                 0,   -0.000972988385,   -0.001633215413,      0.2224534489,                 0,        36.2688487,    0.007482212508
          0,           0,         587,      -9.301614426,      -7.986100178,      -9.102542356,      -8.781701378,      -12.56097213,     0.01574597947,    0.006139189352,      0.2223851202,                 0,                 0,                 0,  -0.0009708186338,   -0.001625679247,      0.2224639039,                 0,        36.2238575,    0.007482212508
          0,           0,         588,      -9.305950363,      -7.989509398,      -9.107069126,      -8.786338447,      -12.56523334,     0.01574597947,    0.006147039114,      0.2223955939,                 0,                 0,                 0,  -0.0009685736162,   -0.001618199792,      0.2224746451,                 0,       36.17930353,    0.007482212508
          0,           0,         589,      -9.310304158,      -7.992847086,       -9.11149461,       -8.79099868,      -12.56898485,     0.01574597947,    0.006154842493,       0.222406346,                 0,                 0,                 0,  -0.0009662576629,   -0.001610776411,       0.222485663,                 0,       36.13518076,    0.007482212508
          0,           0,         590,      -9.314674088,      -7.996292115,      -9.116017291,      -8.795683854,      -12.57159243,     0.01574597947,    0.006162598258,      0.2224173534,                 0,                 0,                 0,  -0.0009638773763,   -0.001603409523,      0.2224969344,                 0,       36.09149001,    0.007482212508
          0,           0,         591,      -9.319059951,      -7.999714729,      -9.120518596,      -8.800391697,      -12.57608854,     0.01574597947,    0.006170305369,      0.2224286028,                 0,                 0,                 0,  -0.0009614347166,   -0.001596099703,      0.2225084458,                 0,       36.04823254,    0.007482212508
          0,           0,         592,      -9.323464512,      -8.003209022,      -9.125074256,      -8.805121817,      -12.58034388,     0.01574597947,    0.006177961802,      0.2224400778,                 0,                 0,                 0,  -0.0009589339833,   -0.001588848408,      0.2225201811,                 0,       36.00541488,    0.007482212508
          0,           0,         593,      -9.327887588,      -8.006613681,      -9.129541935,      -8.809865197,      -12.58430368,     0.01574597947,    0.006185567715,      0.2224517649,                 0,                 0,                 0,  -0.0009563809239,   -0.001581655002,      0.2225321265,                 0,       35.96303123,    0.007482212508
          0,           0,         594,      -9.332319142,      -8.010022396,      -9.134013249,      -8.814612547,      -12.58830563,     0.01574597947,    0.006193121514,      0.2224636446,                 0,                 0,                 0,  -0.0009537781957,   -0.001574520398,      0.2225442626,                 0,       35.92108504,    0.007482212508
          0,           0,         595,      -9.336747543,      -8.013477541,      -9.138519976,      -8.819349922,       -12.5925587,     0.01574597947,    0.006200623924,      0.2224757063,                 0,                 0,                 0,  -0.0009511306057,   -0.001567443508,      0.2225565788,                 0,       35.87956778,    0.007482212508
          0,           0,         596,      -9.341163279,      -8.016881385,      -9.142974804,      -8.824060844,      -12.59709943,     0.01574597947,    0.006208075531,      0.2224879278,                 0,                 0,                 0,  -0.0009484434868,   -0.001560422965,      0.2225690529,                 0,       35.83846987,    0.007482212508
          0,           0,         597,      -9.345563078,      -8.020363953,      -9.147495555,      -8.828746804,      -12.60103232,     0.01574597947,    0.006215476994,      0.2225002949,                 0,                 0,                 0,  -0.0009457196113,   -0.001553457615,      0.2225816708,                 0,       35.79778272,    0.007482212508
          0,           0,         598,      -9.349949566,      -8.023882778,      -9.152027238,      -8.833410458,      -12.60588804,     0.01574597947,     0.00622282836,      0.2225127893,                 0,                 0,                 0,  -0.0009429644177,   -0.001546546776,      0.2225944141,                 0,       35.75750068,    0.007482212508
          0,           0,         599,      -9.354330538,      -8.027444336,      -9.156579911,      -8.838062841,      -12.61068351,     0.01574597947,    0.006230130207,       0.222525394,                 0,                 0,                 0,  -0.0009401826858,   -0.001539689274,      0.2226072659,                 0,        35.7176153,    0.007482212508
          0,           0,         600,      -9.358714337,      -8.030948388,      -9.161044483,      -8.842713707,      -12.61519455,     0.01574597947,     0.00623738322,      0.2225380937,                 0,                 0,                 0,  -0.0009373793039,   -0.001532883894,      0.2226202111,                 0,       35.67811787,    0.007482212508
          0,           0,         601,      -9.363104631,      -8.034467082,      -9.165497096,      -8.847368952,      -12.61994762,     0.01574597947,    0.006244588158,      0.2225508723,                 0,                 0,                 0,  -0.0009345597075,   -0.001526129311,      0.2226332333,                 0,       35.63899919,    0.007482212508
          0,           0,         602,      -9.367505741,      -8.037965258,      -9.169915285,       -8.85203578,      -12.62507917,     0.01574597947,    0.006251744712,      0.2225637134,                 0,                 0,                 0,  -0.0009317283248,   -0.001519425265,      0.2226463164,                 0,        35.6002562,    0.007482212508
          0,           0,         603,      -9.371922029,      -8.041429581,      -9.174285485,      -8.856718196,      -12.62960062,     0.01574597947,    0.006258851521,      0.2225766034,                 0,                 0,                 0,  -0.0009288893049,   -0.001512772639,      0.2226594465,                 0,       35.56189225,    0.007482212508
          0,           0,         604,       -9.37635571,       -8.04487328,      -9.178622915,      -8.861419262,      -12.63539366,     0.01574597947,    0.006265906394,      0.2225895297,                 0,                 0,                 0,  -0.0009260437782,   -0.001506173187,      0.2226726112,                 0,       35.52391558,    0.007482212508
          0,           0,         605,      -9.380810846,      -8.048305423,      -9.182941545,      -8.866141572,      -12.64079764,     0.01574597947,    0.006272909714,       0.222602483,                 0,                 0,                 0,  -0.0009231961404,   -0.001499626196,       0.222685801,                 0,       35.48632025,    0.007482212508
          0,           0,         606,       -9.38528304,      -8.051682715,        -9.1871964,      -8.870876655,      -12.64620639,     0.01574597947,    0.006279860643,       0.222615449,                 0,                 0,                 0,  -0.0009203492216,   -0.001493132007,      0.2226990017,                 0,       35.44910654,    0.007482212508
          0,           0,         607,      -9.389757876,      -8.055022518,      -9.191421603,      -8.875608782,      -12.65166214,     0.01574597947,    0.006286759504,      0.2226284201,                 0,                 0,                 0,  -0.0009175050518,   -0.001486690033,      0.2227122056,                 0,       35.41226922,    0.007482212508
          0,           0,         608,      -9.394218237,      -8.058340943,      -9.195628613,      -8.880318263,      -12.65727533,     0.01574597947,    0.006293606861,      0.2226413832,                 0,                 0,                 0,  -0.0009146669648,   -0.001480299253,      0.2227253998,                 0,       35.37580089,    0.007482212508
          0,           0,         609,      -9.398648278,      -8.061578984,      -9.199771469,       -8.88498401,      -12.66235996,     0.01574597947,    0.006300403921,      0.2226543299,                 0,                 0,                 0,  -0.0009118368576,   -0.001473958168,      0.2227385759,                 0,       35.33969135,    0.007482212508
          0,           0,         610,      -9.403039091,      -8.064854079,      -9.203956553,      -8.889601197,      -12.66840136,     0.01574597947,    0.006307151033,      0.2226672477,                 0,                 0,                 0,  -0.0009090166857,   -0.001467665988,      0.2227517212,                 0,       35.30393461,    0.007482212508
          0,           0,         611,      -9.407388351,      -8.068074274,      -9.208088123,      -8.894165489,      -12.67463298,     0.01574597947,    0.006313848148,      0.2226801294,                 0,                 0,                 0,  -0.0009062076741,    -0.00146142252,      0.2227648288,                 0,       35.26852788,    0.007482212508
          0,           0,         612,      -9.411699867,      -8.071255937,      -9.212198408,      -8.898682833,      -12.68083487,     0.01574597947,    0.006320495849,      0.2226929642,                 0,                 0,                 0,  -0.0009034129728,   -0.001455226796,      0.2227778878,                 0,        35.2334642,    0.007482212508
          0,           0,         613,      -9.415977595,      -8.074396029,      -9.216286478,      -8.903161446,      -12.68682469,     0.01574597947,      0.0063270948,      0.2227057439,                 0,                 0,                 0,  -0.0009006338439,   -0.001449077871,        0.22279089,                 0,        35.1987367,    0.007482212508
          0,           0,         614,      -9.420221496,      -8.077313596,      -9.220188124,      -8.907595822,      -12.69296766,     0.01574597947,    0.006333646162,      0.2227184617,                 0,                 0,                 0,  -0.0008978719077,   -0.001442974343,      0.2228038287,                 0,       35.16433599,    0.007482212508
          0,           0,         615,      -9.424432425,      -8.080188182,      -9.224088734,      -8.911989459,      -12.69935111,     0.01574597947,    0.006340151978,       0.222731111,                 0,                 0,                 0,  -0.0008951290188,   -0.001436913945,      0.2228166974,                 0,       35.13024795,    0.007482212508
          0,           0,         616,       -9.42861658,      -8.082925006,      -9.227909577,      -8.916349578,      -12.70461707,     0.01574597947,    0.006346614208,      0.2227436861,                 0,                 0,                 0,   -0.000892405416,   -0.001430894516,      0.2228294903,                 0,       35.09645912,    0.007482212508
          0,           0,         617,      -9.432785364,      -8.085588162,       -9.23169914,      -8.920686846,      -12.71179981,     0.01574597947,    0.006353033624,      0.2227561845,                 0,                 0,                 0,  -0.0008897001715,   -0.001424915197,      0.2228422051,                 0,       35.06296325,    0.007482212508
          0,           0,         618,      -9.436954411,      -8.088144669,      -9.235426749,      -8.925017521,      -12.71879919,     0.01574597947,      0.0063594114,      0.2227686036,                 0,                 0,                 0,  -0.0008870143676,   -0.001418974728,      0.2228548393,                 0,        35.0297519,    0.007482212508
          0,           0,         619,      -9.441129463,      -8.090671867,       -9.23914952,      -8.929345294,      -12.72558212,     0.01574597947,    0.006365748318,      0.2227809399,                 0,                 0,                 0,  -0.0008843478461,   -0.001413072202,      0.2228673892,                 0,       34.99681872,    0.007482212508
          0,           0,         620,      -9.445305085,      -8.093061268,      -9.242763934,      -8.933658644,      -12.73178595,     0.01574597947,    0.006372045729,       0.222793195,                 0,                 0,                 0,  -0.0008817006904,   -0.001407206323,      0.2228798566,                 0,       34.96415507,    0.007482212508
          0,           0,         621,      -9.449468973,      -8.095484096,      -9.246427408,      -8.937951739,       -12.7369435,     0.01574597947,    0.006378305236,      0.2228053636,                 0,                 0,                 0,  -0.0008790738786,   -0.001401375309,      0.2228922363,                 0,       34.93174996,    0.007482212508
          0,           0,         622,      -9.453607904,      -8.097825886,      -9.250017305,      -8.942203177,      -12.74336915,     0.01574597947,    0.006384528914,      0.2228174454,                 0,                 0,                 0,  -0.0008764674996,   -0.001395577068,      0.2229045278,                 0,       34.89959061,    0.007482212508
          0,           0,         623,      -9.457714779,       -8.10029458,      -9.253724771,      -8.946417259,      -12.75080164,     0.01574597947,    0.006390718296,      0.2228294342,                 0,                 0,                 0,  -0.0008738825967,    -0.00138980986,      0.2229167254,                 0,       34.86766649,    0.007482212508
          0,           0,         624,       -9.46179402,      -8.102844744,      -9.257471445,      -8.950599074,      -12.75801362,     0.01574597947,    0.006396872309,      0.2228413279,                 0,                 0,                 0,   -0.000871318035,    -0.00138407468,      0.2229288266,                 0,       34.83598188,    0.007482212508
          0,           0,         625,      -9.465857742,      -8.105446986,      -9.261247348,        -8.9547681,      -12.76500413,     0.01574597947,    0.006402992221,       0.222853123,                 0,                 0,                 0,   -0.000868778017,   -0.001378370138,      0.2229408281,                 0,       34.80452814,    0.007482212508
          0,           0,         626,      -9.469914711,      -8.108128781,      -9.265068346,      -8.958942423,      -12.77163805,     0.01574597947,    0.006409075577,      0.2228648096,                 0,                 0,                 0,    -0.00086626254,   -0.001372698345,      0.2229527199,                 0,       34.77331588,    0.007482212508
          0,           0,         627,      -9.473960851,       -8.11075758,      -9.268822561,      -8.963116602,      -12.77778078,     0.01574597947,    0.006415121232,      0.2228763879,                 0,                 0,                 0,  -0.0008637730065,   -0.001367060451,      0.2229645021,                 0,       34.74235012,    0.007482212508
          0,           0,         628,      -9.477993721,      -8.113436674,      -9.272629145,      -8.967292894,      -12.78284768,     0.01574597947,     0.00642112834,      0.2228878469,                 0,                 0,                 0,  -0.0008613116032,   -0.001361456917,      0.2229761638,                 0,       34.71163246,    0.007482212508
          0,           0,         629,      -9.482019397,      -8.116093525,       -9.27642768,      -8.971479718,      -12.78918031,     0.01574597947,    0.006427096441,      0.2228991859,                 0,                 0,                 0,  -0.0008588776926,   -0.001355888174,      0.2229877041,                 0,       34.68116402,    0.007482212508
          0,           0,         630,      -9.486048973,        -8.1188035,      -9.280280161,      -8.975689382,      -12.79549204,     0.01574597947,    0.006433024095,      0.2229103983,                 0,                 0,                 0,  -0.0008564722903,   -0.001350355439,      0.2229991166,                 0,       34.65095031,    0.007482212508
          0,           0,         631,      -9.490094502,      -8.121484736,      -9.284128079,      -8.979933466,      -12.80239663,     0.01574597947,    0.006438909483,      0.2229214821,                 0,                 0,                 0,  -0.0008540953562,   -0.001344860455,       0.223010399,                 0,       34.62099951,    0.007482212508
          0,           0,         632,      -9.494163077,      -8.124249096,      -9.288044391,      -8.984217378,       -12.8087293,     0.01574597947,    0.006444751868,      0.2229324317,                 0,                 0,                 0,  -0.0008517493052,   -0.001339403765,      0.2230215459,                 0,       34.59131341,    0.007482212508
          0,           0,         633,      -9.498250053,      -8.127050956,       -9.29199784,      -8.988530759,      -12.81433563,     0.01574597947,    0.006450550364,      0.2229432436,                 0,                 0,                 0,  -0.0008494345333,   -0.001333986131,      0.2230325535,                 0,       34.56189488,    0.007482212508
          0,           0,         634,      -9.502341031,      -8.129923806,      -9.296019083,      -8.992855623,      -12.81937311,     0.01574597947,    0.006456304366,      0.2229539139,                 0,                 0,                 0,  -0.0008471519646,   -0.001328608022,      0.2230434181,                 0,       34.53274524,    0.007482212508
          0,           0,         635,      -9.506418648,      -8.132814405,      -9.300057233,      -8.997166677,      -12.82470006,     0.01574597947,    0.006462013825,      0.2229644384,                 0,                 0,                 0,   -0.000844902749,   -0.001323269342,      0.2230541355,                 0,        34.5038628,    0.007482212508
          0,           0,         636,      -9.510469693,      -8.135784811,      -9.304169276,      -9.001450313,      -12.83034172,     0.01574597947,    0.006467678961,      0.2229748124,                 0,                 0,                 0,  -0.0008426879571,   -0.001317969705,      0.2230647009,                 0,       34.47524433,    0.007482212508
          0,           0,         637,      -9.514488083,      -8.138882515,      -9.308383792,      -9.005699006,      -12.83529471,     0.01574597947,    0.006473299725,      0.2229850304,                 0,                 0,                 0,  -0.0008405083643,   -0.001312708969,      0.2230751089,                 0,       34.44688797,    0.007482212508
          0,           0,         638,      -9.518475408,       -8.14208524,       -9.31267817,      -9.009914804,      -12.84101131,     0.01574597947,    0.006478873878,       0.222995088,                 0,                 0,                 0,  -0.0008383632943,   -0.001307489214,      0.2230853548,                 0,       34.41880366,    0.007482212508
          0,           0,         639,      -9.522439019,      -8.145389729,      -9.317036488,      -9.014105947,      -12.84617704,     0.01574597947,    0.006484402124,       0.223004982,                 0,                 0,                 0,   -0.000836255863,   -0.001302309633,      0.2230954358,                 0,        34.3909859,    0.007482212508
          0,           0,         640,      -9.526391902,      -8.148739132,      -9.321412643,      -9.018287395,       -12.8508637,     0.01574597947,      0.0064898839,      0.2230147046,                 0,                 0,                 0,  -0.0008341868024,   -0.001297170511,      0.2231053438,                 0,       34.36343517,    0.007482212508
          0,           0,         641,      -9.530333772,      -8.152072932,      -9.325764256,      -9.022458489,      -12.85531334,     0.01574597947,    0.006495319346,      0.2230242546,                 0,                 0,                 0,  -0.0008321565861,   -0.001292071664,      0.2231150776,                 0,       34.33614926,    0.007482212508
          0,           0,         642,      -9.534263366,      -8.155373648,      -9.330086686,       -9.02661877,      -12.85959771,     0.01574597947,    0.006500708878,      0.2230336247,                 0,                 0,                 0,  -0.0008301672532,   -0.001287012429,      0.2231246301,                 0,       34.30912366,    0.007482212508
          0,           0,         643,      -9.538180384,      -8.158621688,      -9.334371307,      -9.030768447,      -12.86373251,     0.01574597947,    0.006506053352,      0.2230428127,                 0,                 0,                 0,  -0.0008282193577,   -0.001281991866,       0.223133999,                 0,       34.28235224,    0.007482212508
          0,           0,         644,      -9.542087209,      -8.161829552,      -9.338633973,      -9.034910247,       -12.8673648,     0.01574597947,    0.006511353829,      0.2230518137,                 0,                 0,                 0,  -0.0008263142812,   -0.001277008747,      0.2231431795,                 0,       34.25582752,    0.007482212508
          0,           0,         645,       -9.54598868,      -8.165010461,      -9.342886077,      -9.039049896,       -12.8716659,     0.01574597947,    0.006516611396,      0.2230606253,                 0,                 0,                 0,  -0.0008244521804,   -0.001272061906,      0.2231521693,                 0,       34.22954229,    0.007482212508
          0,           0,         646,      -9.549891811,       -8.16814472,      -9.347122759,       -9.04319396,      -12.87579586,     0.01574597947,    0.006521825167,      0.2230692456,                 0,                 0,                 0,  -0.0008226321016,   -0.001267152155,      0.2231609663,                 0,       34.20349977,    0.007482212508
          0,           0,         647,      -9.553805616,      -8.171261735,      -9.351352107,      -9.047350961,      -12.87963121,     0.01574597947,    0.006526995749,      0.2230776738,                 0,                 0,                 0,  -0.0008208554374,   -0.001262278863,      0.2231695698,                 0,       34.17769559,    0.007482212508
          0,           0,         648,      -9.557737684,      -8.174379396,      -9.355591205,      -9.051527903,      -12.88319749,     0.01574597947,    0.006532123683,      0.2230859061,                 0,                 0,                 0,  -0.0008191229968,   -0.001257441354,       0.223177976,                 0,       34.15212524,    0.007482212508
          0,           0,         649,      -9.561687037,      -8.177499132,      -9.359851163,      -9.055721152,      -12.88654947,     0.01574597947,    0.006537209795,      0.2230939422,                 0,                 0,                 0,  -0.0008174345688,   -0.001252638796,      0.2231861847,                 0,       34.12678332,    0.007482212508
          0,           0,         650,      -9.565644832,      -8.180619603,      -9.364133779,      -9.059917575,      -12.88965235,     0.01574597947,    0.006542255077,        0.22310178,                 0,                 0,                 0,  -0.0008157906662,   -0.001247870122,      0.2231941938,                 0,       34.10166332,    0.007482212508
          0,           0,         651,      -9.569599561,      -8.183724203,       -9.36841972,      -9.064100623,      -12.89260021,     0.01574597947,    0.006547260951,      0.2231094196,                 0,                 0,                 0,  -0.0008141912786,   -0.001243133917,      0.2232020035,                 0,       34.07675687,    0.007482212508
          0,           0,         652,      -9.573541112,      -8.186810259,      -9.372701033,      -9.068257499,      -12.89553605,     0.01574597947,    0.006552229003,      0.2231168601,                 0,                 0,                 0,  -0.0008126368209,   -0.001238428563,      0.2232096129,                 0,       34.05205466,    0.007482212508
          0,           0,         653,      -9.577462909,       -8.18989349,      -9.376981774,      -9.072380914,      -12.89852353,     0.01574597947,    0.006557161136,      0.2231241017,                 0,                 0,                 0,  -0.0008111273774,   -0.001233752162,      0.2232170222,                 0,       34.02754593,    0.007482212508
          0,           0,         654,      -9.581362018,      -8.193008939,       -9.38128266,      -9.076470046,      -12.90130729,     0.01574597947,    0.006562059071,      0.2231311439,                 0,                 0,                 0,  -0.0008096630606,   -0.001229102981,       0.223224231,                 0,       34.00322087,    0.007482212508
          0,           0,         655,      -9.585239365,      -8.196200838,      -9.385630553,      -9.080529093,      -12.90436709,     0.01574597947,    0.006566922606,       0.223137987,                 0,                 0,                 0,  -0.0008082425784,   -0.001224481228,      0.2232312397,                 0,       33.97907976,    0.007482212508
          0,           0,         656,      -9.589095073,      -8.199461084,       -9.39000553,      -9.084560161,      -12.90722449,     0.01574597947,    0.006571751402,      0.2231446331,                 0,                 0,                 0,  -0.0008068660508,    -0.00121988732,      0.2232380503,                 0,       33.95512391,    0.007482212508
          0,           0,         657,      -9.592936855,       -8.20278624,      -9.394398438,      -9.088573794,      -12.90984391,     0.01574597947,    0.006576545214,       0.223151082,                 0,                 0,                 0,   -0.000805534417,   -0.001215321492,      0.2232446626,                 0,       33.93135374,    0.007482212508
          0,           0,         658,      -9.596769068,      -8.206145801,      -9.398789895,      -9.092576261,      -12.91230597,     0.01574597947,    0.006581302799,      0.2231573353,                 0,                 0,                 0,   -0.000804246835,   -0.001210785041,      0.2232510781,                 0,       33.90777512,    0.007482212508
          0,           0,         659,      -9.600584606,      -8.209501409,      -9.403156351,      -9.096560114,       -12.9146255,     0.01574597947,    0.006586023073,      0.2231633955,                 0,                 0,                 0,  -0.0008030027583,   -0.001206279141,      0.2232572993,                 0,       33.88439322,    0.007482212508
          0,           0,         660,      -9.604377716,      -8.212822529,      -9.407479139,      -9.100519978,      -12.91682502,     0.01574597947,    0.006590705468,      0.2231692653,                 0,                 0,                 0,  -0.0008018015289,   -0.001201804449,      0.2232633289,                 0,       33.86121051,    0.007482212508
          0,           0,         661,      -9.608146824,      -8.216091916,      -9.411748435,      -9.104456186,      -12.91892417,     0.01574597947,    0.006595349619,      0.2231749477,                 0,                 0,                 0,  -0.0008006424068,   -0.001197361442,      0.2232691699,                 0,       33.83822854,    0.007482212508
          0,           0,         662,       -9.61189054,      -8.219311912,      -9.415968506,      -9.108369309,      -12.92086073,     0.01574597947,    0.006599955524,      0.2231804459,                 0,                 0,                 0,  -0.0007995247338,   -0.001192950227,      0.2232748256,                 0,       33.81544695,    0.007482212508
          0,           0,         663,      -9.615608003,      -8.222505837,       -9.42015839,      -9.112260482,      -12.92282851,     0.01574597947,    0.006604523543,      0.2231857637,                 0,                 0,                 0,  -0.0007984475649,    -0.00118857058,      0.2232802995,                 0,       33.79286368,    0.007482212508
          0,           0,         664,      -9.619300282,      -8.225688551,      -9.424330047,      -9.116132051,      -12.92483978,     0.01574597947,    0.006609053987,      0.2231909054,                 0,                 0,                 0,  -0.0007974097018,   -0.001184222336,      0.2232855962,                 0,       33.77047695,    0.007482212508
          0,           0,         665,      -9.622970677,      -8.228879038,      -9.428497868,      -9.119988861,      -12.92690318,     0.01574597947,    0.006613546346,       0.223195876,                 0,                 0,                 0,  -0.0007964091177,   -0.001179906187,      0.2232907206,                 0,        33.7482894,    0.007482212508
          0,           0,         666,      -9.626621798,      -8.232074258,      -9.432658556,      -9.123833707,      -12.92882061,     0.01574597947,    0.006617998686,      0.2232006822,                 0,                 0,                 0,  -0.0007954433421,    -0.00117562429,      0.2232956792,                 0,       33.72631104,    0.007482212508
          0,           0,         667,       -9.63025529,      -8.235300019,      -9.436813583,       -9.12766616,      -12.93059989,     0.01574597947,    0.006622411255,      0.2232053301,                 0,                 0,                 0,   -0.000794512686,   -0.001171376622,      0.2233004783,                 0,       33.70454077,    0.007482212508
          0,           0,         668,      -9.633876445,       -8.23855138,      -9.440976103,      -9.131492008,      -12.93225497,     0.01574597947,    0.006626783355,      0.2232098237,                 0,                 0,                 0,   -0.000793615427,   -0.001167164008,      0.2233051217,                 0,       33.68298188,    0.007482212508
          0,           0,         669,      -9.637479474,      -8.241832956,      -9.445163666,      -9.135303262,      -12.93381778,     0.01574597947,    0.006631115019,      0.2232141716,                 0,                 0,                 0,  -0.0007927497354,   -0.001162986722,      0.2233096181,                 0,       33.66163472,    0.007482212508
          0,           0,         670,      -9.641054439,      -8.245140306,      -9.449380403,      -9.139086562,      -12.93529502,     0.01574597947,    0.006635406199,       0.223218378,                 0,                 0,                 0,  -0.0007919147225,   -0.001158844958,      0.2233139717,                 0,       33.64049936,    0.007482212508
          0,           0,         671,      -9.644590989,       -8.24845072,      -9.453606742,      -9.142827306,      -12.93668912,     0.01574597947,    0.006639657216,      0.2232224513,                 0,                 0,                 0,  -0.0007911085272,   -0.001154738685,      0.2233181909,                 0,       33.61957462,    0.007482212508
          0,           0,         672,      -9.648080505,      -8.251736971,      -9.457818293,      -9.146513303,      -12.93802235,     0.01574597947,    0.006643868511,       0.223226397,                 0,                 0,                 0,  -0.0007903302272,   -0.001150667661,      0.2233222812,                 0,       33.59885835,    0.007482212508
          0,           0,         673,      -9.651515669,      -8.254978007,      -9.461993002,      -9.150135113,      -12.93931172,     0.01574597947,    0.006648040999,      0.2232302227,                 0,                 0,                 0,   -0.000789578313,   -0.001146631228,      0.2233262501,                 0,       33.57834627,    0.007482212508
          0,           0,         674,       -9.65489043,      -8.258166153,      -9.466119253,      -9.153686415,      -12.94053967,     0.01574597947,    0.006652175811,      0.2232339345,                 0,                 0,                 0,  -0.0007888517411,   -0.001142628474,       0.223330104,                 0,       33.55803286,    0.007482212508
          0,           0,         675,      -9.658200595,      -8.261312357,      -9.470201936,      -9.157164129,       -12.9418335,     0.01574597947,    0.006656274199,      0.2232375388,                 0,                 0,                 0,  -0.0007881492468,   -0.001138658371,      0.2233338491,                 0,       33.53791206,    0.007482212508
          0,           0,         676,      -9.661443897,      -8.264437688,      -9.474253452,       -9.16056798,      -12.94320418,     0.01574597947,    0.006660336943,      0.2232410416,                 0,                 0,                 0,  -0.0007874693778,   -0.001134720349,      0.2233374916,                 0,       33.51798017,    0.007482212508
          0,           0,         677,      -9.664618048,      -8.267543629,       -9.47826706,      -9.163896672,       -12.9445328,     0.01574597947,     0.00666436298,       0.223244449,                 0,                 0,                 0,  -0.0007868097663,   -0.001130815683,      0.2233410375,                 0,       33.49824278,    0.007482212508
          0,           0,         678,      -9.667717366,      -8.270617724,      -9.482226941,      -9.167142283,      -12.94575464,     0.01574597947,    0.006668352949,      0.2232477685,                 0,                 0,                 0,  -0.0007861705825,   -0.001126943994,      0.2233444942,                 0,        33.4786971,    0.007482212508
          0,           0,         679,       -9.67075249,       -8.27365055,      -9.486132132,      -9.170316713,       -12.9469136,     0.01574597947,    0.006672307234,       0.223251003,                 0,                 0,                 0,  -0.0007855513671,   -0.001123104999,      0.2233478647,                 0,         33.459341,    0.007482212508
          0,           0,         680,      -9.673724459,      -8.276620775,      -9.489978635,      -9.173419894,      -12.94803357,     0.01574597947,    0.006676226473,      0.2232541597,                 0,                 0,                 0,  -0.0007849506692,   -0.001119298315,      0.2233511563,                 0,       33.44017172,    0.007482212508
          0,           0,         681,      -9.676627276,      -8.279494572,      -9.493748161,      -9.176443415,      -12.94912438,     0.01574597947,     0.00668011134,      0.2232572422,                 0,                 0,                 0,  -0.0007843682373,   -0.001115523393,      0.2233543725,                 0,        33.4211858,    0.007482212508
          0,           0,         682,      -9.679455488,      -8.282226642,      -9.497407966,      -9.179379975,      -12.95019139,     0.01574597947,     0.00668396278,      0.2232602563,                 0,                 0,                 0,  -0.0007838031795,   -0.001111779487,      0.2233575191,                 0,       33.40237874,    0.007482212508
          0,           0,         683,       -9.68220491,      -8.284782264,      -9.500935531,       -9.18222534,       -12.9512452,     0.01574597947,    0.006687781812,      0.2232632057,                 0,                 0,                 0,  -0.0007832552358,   -0.001108065716,         0.2233606,                 0,       33.38374546,    0.007482212508
          0,           0,         684,      -9.684872665,      -8.287139884,      -9.504316139,      -9.184978057,      -12.95229588,     0.01574597947,    0.006691569838,      0.2232660948,                 0,                 0,                 0,  -0.0007827238646,   -0.001104380823,      0.2233636195,                 0,       33.36527902,    0.007482212508
          0,           0,         685,      -9.687456513,       -8.28929574,      -9.507546708,      -9.187638085,      -12.95337381,     0.01574597947,    0.006695328551,       0.223268927,                 0,                 0,                 0,   -0.000782208766,   -0.001100723244,      0.2233665812,                 0,         33.346971,    0.007482212508
          0,           0,         686,      -9.689956366,      -8.291265204,      -9.510639056,       -9.19020855,      -12.95448277,     0.01574597947,     0.00669905987,       0.223271706,                 0,                 0,                 0,  -0.0007817094789,   -0.001097091182,      0.2233694887,                 0,       33.32881185,    0.007482212508
          0,           0,         687,      -9.692374037,      -8.293072988,      -9.513612023,      -9.192694618,      -12.95568541,     0.01574597947,    0.006702765854,       0.223274435,                 0,                 0,                 0,  -0.0007812254746,   -0.001093482697,      0.2233723454,                 0,       33.31079137,    0.007482212508
          0,           0,         688,      -9.694715782,      -8.294734306,      -9.516476678,      -9.195105838,      -12.95705542,     0.01574597947,    0.006706448179,      0.2232771175,                 0,                 0,                 0,  -0.0007807558016,   -0.001089896235,      0.2233751548,                 0,       33.29290133,    0.007482212508
          0,           0,         689,       -9.69698902,      -8.296252213,      -9.519240278,       -9.19745271,      -12.95854001,     0.01574597947,    0.006710106916,      0.2232797579,                 0,                 0,                 0,  -0.0007802985413,   -0.001086331875,      0.2233779213,                 0,       33.27514162,    0.007482212508
          0,           0,         690,      -9.699200331,      -8.297644073,      -9.521904005,      -9.199742523,      -12.95997356,     0.01574597947,    0.006713742621,      0.2232823608,                 0,                 0,                 0,  -0.0007798533106,   -0.001082789225,      0.2233806495,                 0,       33.25750977,    0.007482212508
          0,           0,         691,       -9.70135947,      -8.298928194,      -9.524480013,       -9.20198598,      -12.96143036,     0.01574597947,    0.006717356675,      0.2232849286,                 0,                 0,                 0,  -0.0007794203909,   -0.001079266988,      0.2233833419,                 0,       33.23999892,    0.007482212508
          0,           0,         692,       -9.70347097,      -8.300104977,      -9.526994718,      -9.204187974,      -12.96292821,     0.01574597947,    0.006720950159,      0.2232874649,                 0,                 0,                 0,  -0.0007789985603,   -0.001075764207,       0.223386002,                 0,       33.22260389,    0.007482212508
          0,           0,         693,       -9.70552761,      -8.301195492,      -9.529478479,       -9.20633899,      -12.96448164,     0.01574597947,    0.006724524454,      0.2232899733,                 0,                 0,                 0,  -0.0007785871808,    -0.00107227963,      0.2233886336,                 0,       33.20531805,    0.007482212508
          0,           0,         694,      -9.707518338,      -8.302202183,      -9.531932151,      -9.208423656,      -12.96609488,     0.01574597947,    0.006728081007,      0.2232924567,                 0,                 0,                 0,  -0.0007781856735,   -0.001068811916,      0.2233912397,                 0,       33.18813441,    0.007482212508
          0,           0,         695,      -9.709432682,       -8.30311275,      -9.534335755,       -9.21042633,      -12.96777641,     0.01574597947,    0.006731621419,      0.2232949192,                 0,                 0,                 0,    -0.00077779333,   -0.001065359598,      0.2233938241,                 0,       33.17104532,    0.007482212508
          0,           0,         696,      -9.711261504,      -8.303910971,      -9.536663666,      -9.212333613,      -12.96949033,     0.01574597947,    0.006735147498,      0.2232973637,                 0,                 0,                 0,   -0.000777409658,    -0.00106192098,      0.2233963902,                 0,        33.1540421,    0.007482212508
          0,           0,         697,       -9.71299711,      -8.304597432,      -9.538903043,      -9.214135744,      -12.97133031,     0.01574597947,    0.006738661375,      0.2232997938,                 0,                 0,                 0,  -0.0007770340349,   -0.001058494053,      0.2233989415,                 0,       33.13711454,    0.007482212508
          0,           0,         698,      -9.714634171,      -8.305198192,      -9.541061426,      -9.215828067,       -12.9734791,     0.01574597947,    0.006742165247,      0.2233022123,                 0,                 0,                 0,   -0.000776666007,   -0.001055076719,      0.2234014808,                 0,       33.12025204,    0.007482212508
          0,           0,         699,      -9.716172947,      -8.305760908,      -9.543167362,       -9.21741379,      -12.97575688,     0.01574597947,    0.006745661092,      0.2233046216,                 0,                 0,                 0,  -0.0007763049623,   -0.001051667087,      0.2234040106,                 0,        33.1034451,    0.007482212508
          0,           0,         700,      -9.717620003,      -8.306342544,      -9.545251783,      -9.218904014,      -12.97846772,     0.01574597947,     0.00674914928,      0.2233070238,                 0,                 0,                 0,  -0.0007759495137,   -0.001048264861,      0.2234065331,                 0,       33.08669205,    0.007482212508
          0,           0,         701,      -9.718981902,      -8.306946476,      -9.547303824,       -9.22030733,       -12.9812014,     0.01574597947,    0.006752628955,      0.2233094223,                 0,                 0,                 0,  -0.0007755986245,   -0.001044871011,      0.2234090516,                 0,       33.06999745,    0.007482212508
          0,           0,         702,      -9.720273983,      -8.307585896,      -9.549329513,      -9.221640797,      -12.98394529,     0.01574597947,    0.006756100701,       0.223311819,                 0,                 0,                 0,  -0.0007752535279,   -0.001041485026,       0.223411568,                 0,       33.05335858,    0.007482212508
          0,           0,         703,      -9.721522432,      -8.308246802,      -9.551329704,      -9.222933517,      -12.98676652,     0.01574597947,    0.006759563667,      0.2233142137,                 0,                 0,                 0,  -0.0007749135986,   -0.001038107739,       0.223414082,                 0,       33.03677939,    0.007482212508
          0,           0,         704,      -9.722732447,      -8.308903983,      -9.553297814,       -9.22418945,      -12.98966301,     0.01574597947,    0.006763016927,      0.2233166098,                 0,                 0,                 0,  -0.0007745779545,   -0.001034740206,      0.2234165972,                 0,        33.0202648,    0.007482212508
          0,           0,         705,      -9.723906549,      -8.309529115,      -9.555221136,      -9.225410509,       -12.9926433,     0.01574597947,    0.006766459537,       0.223319007,                 0,                 0,                 0,  -0.0007742467549,   -0.001031383355,      0.2234191131,                 0,       33.00381917,    0.007482212508
          0,           0,         706,      -9.725052398,      -8.310112712,      -9.557099621,      -9.226606091,      -12.99573885,     0.01574597947,    0.006769890843,      0.2233214077,                 0,                 0,                 0,  -0.0007739192762,   -0.001028037922,      0.2234216321,                 0,       32.98744586,    0.007482212508
          0,           0,         707,      -9.726181282,      -8.310663591,      -9.558946291,      -9.227790812,      -12.99897882,     0.01574597947,    0.006773310335,       0.223323812,                 0,                 0,                 0,   -0.000773595577,   -0.001024704424,      0.2234241543,                 0,       32.97114719,    0.007482212508
          0,           0,         708,      -9.727305049,      -8.311218159,      -9.560792613,      -9.228980293,      -13.00233357,     0.01574597947,    0.006776717829,       0.223326221,                 0,                 0,                 0,   -0.000773275297,   -0.001021383076,      0.2234266807,                 0,       32.95492399,    0.007482212508
          0,           0,         709,        -9.7284367,      -8.311810625,      -9.562665015,      -9.230191251,      -13.00591034,     0.01574597947,    0.006780113238,      0.2233286352,                 0,                 0,                 0,  -0.0007729582634,    -0.00101807399,      0.2234292119,                 0,       32.93877658,    0.007482212508
          0,           0,         710,      -9.729591807,      -8.312479985,       -9.56459232,      -9.231442815,      -13.00981159,     0.01574597947,    0.006783496123,      0.2233310554,                 0,                 0,                 0,  -0.0007726438782,    -0.00101477763,      0.2234317487,                 0,       32.92270701,    0.007482212508
          0,           0,         711,       -9.73078508,      -8.313231337,      -9.566579353,      -9.232752691,      -13.01403836,     0.01574597947,    0.006786864643,      0.2233334831,                 0,                 0,                 0,  -0.0007723307645,   -0.001011495889,      0.2234342925,                 0,       32.90672422,    0.007482212508
          0,           0,         712,      -9.732026255,      -8.314094399,      -9.568635889,        -9.2341309,      -13.01825572,     0.01574597947,    0.006790216829,      0.2233359204,                 0,                 0,                 0,  -0.0007720186394,   -0.001008230804,      0.2234368453,                 0,        32.8908378,    0.007482212508
          0,           0,         713,      -9.733327488,      -8.315102781,      -9.570773697,      -9.235588713,      -13.02252784,     0.01574597947,    0.006793551998,      0.2233383671,                 0,                 0,                 0,   -0.000771708454,   -0.001004983058,       0.223439407,                 0,       32.87505082,    0.007482212508
          0,           0,         714,      -9.734702239,      -8.316255112,       -9.57302254,      -9.237139129,      -13.02690126,     0.01574597947,    0.006796868967,      0.2233408235,                 0,                 0,                 0,  -0.0007713996166,   -0.001001753834,      0.2234419776,                 0,       32.85936871,    0.007482212508
          0,           0,         715,      -9.736150234,      -8.317566584,      -9.575414622,      -9.238778157,      -13.03139722,     0.01574597947,    0.006800166952,       0.223343291,                 0,                 0,                 0,  -0.0007710917775,  -0.0009985439747,      0.2234445587,                 0,       32.84379525,    0.007482212508
          0,           0,         716,      -9.737665965,       -8.31903297,      -9.577954951,      -9.240495267,      -13.03601887,     0.01574597947,    0.006803445208,      0.2233457693,                 0,                 0,                 0,  -0.0007707850146,  -0.0009953542072,      0.2234471499,                 0,       32.82833366,    0.007482212508
          0,           0,         717,      -9.739242203,      -8.320631762,      -9.580624672,      -9.242277402,      -13.04077065,     0.01574597947,    0.006806703231,      0.2233482598,                 0,                 0,                 0,  -0.0007704789123,  -0.0009921850839,      0.2234497526,                 0,       32.81298629,    0.007482212508
          0,           0,         718,       -9.74087406,       -8.32233408,      -9.583396446,      -9.244115284,      -13.04565435,     0.01574597947,    0.006809940667,      0.2233507625,                 0,                 0,                 0,  -0.0007701735031,  -0.0009890369628,      0.2234523667,                 0,       32.79775454,    0.007482212508
          0,           0,         719,      -9.742557486,      -8.324118599,      -9.586245078,      -9.246001892,      -13.05068448,     0.01574597947,    0.006813157555,      0.2233532783,                 0,                 0,                 0,  -0.0007698685162,  -0.0009859098366,      0.2234549933,                 0,       32.78263808,    0.007482212508
          0,           0,         720,      -9.744289083,      -8.325977528,      -9.589154082,      -9.247932675,      -13.05590654,     0.01574597947,    0.006816354138,      0.2233558078,                 0,                 0,                 0,  -0.0007695638635,  -0.0009828034774,      0.2234576328,                 0,       32.76763549,    0.007482212508
          0,           0,         721,      -9.746067419,      -8.327922134,      -9.592121635,      -9.249906885,      -13.06132803,     0.01574597947,    0.006819530794,      0.2233583514,                 0,                 0,                 0,  -0.0007692592988,  -0.0009797175263,      0.2234602857,                 0,       32.75274474,    0.007482212508
          0,           0,         722,      -9.747892466,      -8.329974883,      -9.595155193,      -9.251926148,       -13.0670598,     0.01574597947,    0.006822687678,      0.2233609094,                 0,                 0,                 0,  -0.0007689544298,  -0.0009766518391,      0.2234629523,                 0,       32.73796485,    0.007482212508
          0,           0,         723,      -9.749763453,       -8.33214832,      -9.598251354,      -9.253990846,      -13.07306214,     0.01574597947,    0.006825823639,      0.2233634824,                 0,                 0,                 0,  -0.0007686481704,  -0.0009736075859,      0.2234656332,                 0,       32.72330113,    0.007482212508
          0,           0,         724,      -9.751669831,      -8.334427455,      -9.601382062,      -9.256087372,      -13.07905221,     0.01574597947,     0.00682893719,      0.2233660721,                 0,                 0,                 0,   -0.000768340008,  -0.0009705863094,        0.22346833,                 0,       32.70876065,    0.007482212508
          0,           0,         725,      -9.753610008,      -8.336809147,      -9.604539816,      -9.258210928,      -13.08511447,     0.01574597947,    0.006832028247,      0.2233686786,                 0,                 0,                 0,  -0.0007680308922,  -0.0009675881012,      0.2234710428,                 0,       32.69434354,    0.007482212508
          0,           0,         726,      -9.755605203,      -8.339283356,      -9.607735054,      -9.260383583,      -13.09126057,     0.01574597947,    0.006835096206,      0.2233713015,                 0,                 0,                 0,  -0.0007677202919,  -0.0009646135508,      0.2234737712,                 0,        32.6800523,    0.007482212508
          0,           0,         727,      -9.757659364,      -8.341834872,      -9.610974167,      -9.262606607,       -13.0975048,     0.01574597947,     0.00683814084,      0.2233739429,                 0,                 0,                 0,  -0.0007674076819,  -0.0009616629545,      0.2234765172,                 0,       32.66588801,    0.007482212508
          0,           0,         728,      -9.759768382,      -8.344436184,      -9.614246567,      -9.264872205,      -13.10383452,     0.01574597947,    0.006841161898,      0.2233766024,                 0,                 0,                 0,  -0.0007670930898,  -0.0009587365517,      0.2234792805,                 0,        32.6518515,    0.007482212508
          0,           0,         729,      -9.761928546,      -8.347052555,      -9.617530292,      -9.267173808,        -13.110236,     0.01574597947,     0.00684415929,      0.2233792817,                 0,                 0,                 0,  -0.0007667760026,  -0.0009558344912,      0.2234820628,                 0,       32.63794313,    0.007482212508
          0,           0,         730,      -9.764139449,      -8.349653682,      -9.620807773,      -9.269510273,      -13.11669525,     0.01574597947,    0.006847133033,      0.2233819811,                 0,                 0,                 0,  -0.0007664564062,  -0.0009529567662,      0.2234848643,                 0,       32.62416255,    0.007482212508
          0,           0,         731,      -9.766402199,      -8.352220575,      -9.624069272,      -9.271884166,      -13.12321352,     0.01574597947,    0.006850083471,      0.2233847016,                 0,                 0,                 0,  -0.0007661339599,  -0.0009501030734,      0.2234876862,                 0,       32.61050797,    0.007482212508
          0,           0,         732,      -9.768718668,      -8.354743933,      -9.627309242,       -9.27430092,      -13.12978708,     0.01574597947,    0.006853011128,      0.2233874441,                 0,                 0,                 0,  -0.0007658084485,  -0.0009472729112,      0.2234905292,                 0,       32.59697671,    0.007482212508
          0,           0,         733,      -9.771088227,      -8.357224508,      -9.630526089,      -9.276764076,      -13.13641978,     0.01574597947,     0.00685591678,      0.2233902095,                 0,                 0,                 0,   -0.000765479496,   -0.000944465538,      0.2234933942,                 0,       32.58356492,    0.007482212508
          0,           0,         734,      -9.773508757,      -8.359675675,      -9.633725236,      -9.279276008,      -13.14312495,     0.01574597947,    0.006858801437,      0.2233929987,                 0,                 0,                 0,   -0.000765146706,  -0.0009416799803,      0.2234962824,                 0,       32.57026767,    0.007482212508
          0,           0,         735,      -9.775977186,      -8.362117419,      -9.636915361,      -9.281838145,      -13.14992089,     0.01574597947,    0.006861666193,      0.2233958129,                 0,                 0,                 0,  -0.0007648095302,  -0.0009389151856,       0.223499195,                 0,       32.55707967,    0.007482212508
          0,           0,         736,      -9.778489512,      -8.364566926,      -9.640101814,      -9.284450286,      -13.15685535,     0.01574597947,    0.006864512068,      0.2233986538,                 0,                 0,                 0,  -0.0007644672371,  -0.0009361701884,      0.2235021334,                 0,       32.54399607,    0.007482212508
          0,           0,         737,      -9.781040327,      -8.367033315,      -9.643284874,      -9.287110402,      -13.16398696,     0.01574597947,    0.006867339482,      0.2234015231,                 0,                 0,                 0,  -0.0007641187145,  -0.0009334446356,      0.2235050997,                 0,       32.53101492,    0.007482212508
          0,           0,         738,       -9.78361787,       -8.36951611,      -9.646456466,       -9.28980775,      -13.17109256,     0.01574597947,    0.006870147661,      0.2234044237,                 0,                 0,                 0,  -0.0007637624127,  -0.0009307393975,      0.2235080965,                 0,       32.51814004,    0.007482212508
          0,           0,         739,      -9.786202217,      -8.372031318,      -9.649599124,      -9.292518725,      -13.17803874,     0.01574597947,    0.006872936721,      0.2234073584,                 0,                 0,                 0,  -0.0007633981926,  -0.0009280544534,      0.2235111267,                 0,       32.50537106,    0.007482212508
          0,           0,         740,      -9.788792034,      -8.374583641,      -9.652718442,      -9.295241579,      -13.18489274,     0.01574597947,     0.00687570712,      0.2234103281,                 0,                 0,                 0,  -0.0007630258139,  -0.0009253893844,      0.2235141913,                 0,       32.49270573,    0.007482212508
          0,           0,         741,      -9.791388759,      -8.377163966,      -9.655830404,        -9.2979777,      -13.19165415,     0.01574597947,    0.006878459271,       0.223413336,                 0,                 0,                 0,  -0.0007626440925,  -0.0009227438853,      0.2235172934,                 0,       32.48014232,    0.007482212508
          0,           0,         742,      -9.793979539,      -8.379761854,      -9.658942591,      -9.300710089,      -13.19833653,     0.01574597947,    0.006881193863,      0.2234163844,                 0,                 0,                 0,  -0.0007622524803,  -0.0009201173455,      0.2235204354,                 0,       32.46767768,    0.007482212508
          0,           0,         743,      -9.796548052,      -8.382367959,      -9.662058641,      -9.303417042,      -13.20490847,     0.01574597947,    0.006883911574,      0.2234194757,                 0,                 0,                 0,  -0.0007618501585,  -0.0009175091725,      0.2235236196,                 0,       32.45530877,    0.007482212508
          0,           0,         744,      -9.799079636,      -8.384964528,      -9.665169532,      -9.306078518,      -13.21136644,     0.01574597947,    0.006886613166,      0.2234226123,                 0,                 0,                 0,   -0.000761436477,   -0.000914918693,      0.2235268486,                 0,       32.44303214,    0.007482212508
          0,           0,         745,      -9.801563934,      -8.387534824,       -9.66826357,      -9.308680017,      -13.21768843,     0.01574597947,    0.006889299517,      0.2234257962,                 0,                 0,                 0,   -0.000761010825,  -0.0009123450971,      0.2235301244,                 0,       32.43084376,    0.007482212508
          0,           0,         746,      -9.803991086,      -8.390057997,      -9.671319967,      -9.311207979,      -13.22386472,     0.01574597947,    0.006891971692,      0.2234290297,                 0,                 0,                 0,  -0.0007605725476,  -0.0009097873974,      0.2235334492,                 0,       32.41873875,    0.007482212508
          0,           0,         747,      -9.806351623,      -8.392509427,      -9.674310831,      -9.313649917,      -13.22989182,     0.01574597947,    0.006894630888,      0.2234323146,                 0,                 0,                 0,  -0.0007601210599,  -0.0009072444598,      0.2235368248,                 0,       32.40671157,    0.007482212508
          0,           0,         748,      -9.808635315,      -8.394869714,      -9.677208693,       -9.31599355,      -13.23577429,     0.01574597947,    0.006897278525,      0.2234356525,                 0,                 0,                 0,  -0.0007596557335,  -0.0009047149297,      0.2235402531,                 0,       32.39475566,    0.007482212508
          0,           0,         749,      -9.810832141,      -8.397132889,      -9.679993618,      -9.318228451,      -13.24151649,     0.01574597947,    0.006899916177,      0.2234390453,                 0,                 0,                 0,  -0.0007591760478,    -0.00090219729,      0.2235437359,                 0,       32.38286373,    0.007482212508
          0,           0,         750,      -9.812933273,      -8.399306756,      -9.682653466,      -9.320346784,      -13.24715292,     0.01574597947,    0.006902545558,      0.2234424944,                 0,                 0,                 0,  -0.0007586815414,  -0.0008996898836,      0.2235472747,                 0,       32.37102784,    0.007482212508
          0,           0,         751,      -9.814933064,      -8.401410008,      -9.685183929,      -9.322345732,      -13.25271847,     0.01574597947,     0.00690516846,      0.2234460014,                 0,                 0,                 0,  -0.0007581717613,  -0.0008971909704,       0.223550871,                 0,        32.3592397,    0.007482212508
          0,           0,         752,      -9.816826927,      -8.403469038,      -9.687588523,      -9.324224496,       -13.2582711,     0.01574597947,    0.006907786564,      0.2234495673,                 0,                 0,                 0,  -0.0007576462511,  -0.0008946989109,      0.2235545262,                 0,       32.34749152,    0.007482212508
          0,           0,         753,      -9.818612807,      -8.405512098,        -9.6898742,      -9.325985274,      -13.26390566,     0.01574597947,    0.006910401081,      0.2234531933,                 0,                 0,                 0,  -0.0007571044597,  -0.0008922125324,      0.2235582412,                 0,       32.33577772,    0.007482212508
          0,           0,         754,      -9.820287519,      -8.407554151,      -9.692037648,      -9.327628083,      -13.26958916,     0.01574597947,    0.006913012062,      0.2234568804,                 0,                 0,                 0,  -0.0007565455647,  -0.0008897318189,      0.2235620171,                 0,       32.32409815,    0.007482212508
          0,           0,         755,      -9.821839977,      -8.409591994,       -9.69406299,      -9.329141159,      -13.27496427,     0.01574597947,    0.006915618668,      0.2234606297,                 0,                 0,                 0,  -0.0007559691563,  -0.0008872576505,      0.2235658552,                 0,       32.31245684,    0.007482212508
          0,           0,         756,      -9.823266402,      -8.411632017,       -9.69595523,      -9.330519091,      -13.28003816,     0.01574597947,    0.006918220391,      0.2234644415,                 0,                 0,                 0,  -0.0007553759392,  -0.0008847905414,      0.2235697554,                 0,       32.30085613,    0.007482212508
          0,           0,         757,      -9.824592563,      -8.413684105,       -9.69774716,      -9.331791665,      -13.28483541,     0.01574597947,    0.006920816117,      0.2234683149,                 0,                 0,                 0,  -0.0007547660438,  -0.0008823315774,      0.2235737171,                 0,       32.28930102,    0.007482212508
          0,           0,         758,      -9.825839112,      -8.415748222,      -9.699470776,      -9.332981604,      -13.28933196,     0.01574597947,     0.00692340455,      0.2234722505,                 0,                 0,                 0,  -0.0007541392941,  -0.0008798820692,      0.2235777405,                 0,       32.27779756,    0.007482212508
          0,           0,         759,      -9.827015579,      -8.417822241,      -9.701154286,      -9.334097675,      -13.29355055,     0.01574597947,    0.006925984592,      0.2234762473,                 0,                 0,                 0,  -0.0007534959483,  -0.0008774430856,       0.223581825,                 0,       32.26635063,    0.007482212508
          0,           0,         760,      -9.828131532,       -8.41990371,      -9.702821656,      -9.335148213,      -13.29749143,     0.01574597947,    0.006928555175,      0.2234803049,                 0,                 0,                 0,  -0.0007528361056,   -0.000875015677,      0.2235859698,                 0,       32.25496503,    0.007482212508
          0,           0,         761,      -9.829196354,      -8.421983939,      -9.704486948,      -9.336140922,      -13.30115534,     0.01574597947,    0.006931115299,      0.2234844221,                 0,                 0,                 0,  -0.0007521602278,  -0.0008726008016,      0.2235901739,                 0,       32.24364514,    0.007482212508
          0,           0,         762,      -9.830220698,      -8.424053851,      -9.706159475,      -9.337084871,      -13.30453331,     0.01574597947,    0.006933664104,      0.2234885974,                 0,                 0,                 0,  -0.0007514687862,   -0.000870199264,      0.2235944355,                 0,       32.23239459,    0.007482212508
          0,           0,         763,      -9.831217213,      -8.426103671,      -9.707843876,      -9.337991964,      -13.30762927,     0.01574597947,    0.006936200879,       0.223492829,                 0,                 0,                 0,  -0.0007507623453,  -0.0008678117153,      0.2235987531,                 0,       32.22121632,    0.007482212508
          0,           0,         764,      -9.832200076,      -8.428124525,      -9.709542912,      -9.338876817,      -13.31043776,     0.01574597947,    0.006938725041,      0.2234971148,                 0,                 0,                 0,  -0.0007500415129,  -0.0008654386624,      0.2236031244,                 0,       32.21011258,    0.007482212508
          0,           0,         765,      -9.833182922,      -8.430112879,       -9.71126055,      -9.339754678,      -13.31297221,     0.01574597947,    0.006941236203,      0.2235014524,                 0,                 0,                 0,  -0.0007493069208,   -0.000863080413,       0.223607547,                 0,        32.1990847,    0.007482212508
          0,           0,         766,      -9.834178716,      -8.432070531,      -9.713001466,       -9.34064121,      -13.31524067,     0.01574597947,     0.00694373414,      0.2235058394,                 0,                 0,                 0,  -0.0007485592249,  -0.0008607371018,      0.2236120185,                 0,       32.18813321,    0.007482212508
          0,           0,         767,      -9.835198069,      -8.434003433,      -9.714768564,      -9.341550197,      -13.31725924,     0.01574597947,    0.006946218792,      0.2235102731,                 0,                 0,                 0,  -0.0007477990217,  -0.0008584086956,      0.2236165362,                 0,       32.17725784,    0.007482212508
          0,           0,         768,       -9.83624848,      -8.435921595,      -9.716563486,      -9.342492202,      -13.31905097,     0.01574597947,    0.006948690265,      0.2235147506,                 0,                 0,                 0,  -0.0007470269059,  -0.0008560949914,      0.2236210973,                 0,       32.16645758,    0.007482212508
          0,           0,         769,      -9.837334919,      -8.437840231,      -9.718389117,      -9.343475078,      -13.32064492,     0.01574597947,    0.006951148799,      0.2235192692,                 0,                 0,                 0,  -0.0007462434193,  -0.0008537956532,      0.2236256989,                 0,       32.15573076,    0.007482212508
          0,           0,         770,      -9.838460236,      -8.439776995,       -9.72024836,      -9.344504251,      -13.32207991,     0.01574597947,     0.00695359472,      0.2235238262,                 0,                 0,                 0,  -0.0007454490526,  -0.0008515102566,      0.2236303385,                 0,       32.14507534,    0.007482212508
          0,           0,         771,      -9.839625597,      -8.441747823,      -9.722142009,      -9.345583155,      -13.32340574,     0.01574597947,    0.006956028339,      0.2235284187,                 0,                 0,                 0,  -0.0007446441979,  -0.0008492383981,      0.2236350132,                 0,       32.13448937,    0.007482212508
          0,           0,         772,      -9.840829767,      -8.443764165,      -9.724067962,      -9.346712116,      -13.32468341,     0.01574597947,    0.006958449746,      0.2235330444,                 0,                 0,                 0,  -0.0007438290954,  -0.0008469799004,      0.2236397205,                 0,       32.12397195,    0.007482212508
          0,           0,         773,      -9.842067974,      -8.445831006,      -9.726019961,      -9.347886804,      -13.32590817,     0.01574597947,    0.006960858452,      0.2235377011,                 0,                 0,                 0,  -0.0007430037376,  -0.0008447351779,      0.2236444584,                 0,       32.11352488,    0.007482212508
          0,           0,         774,      -9.843329444,      -8.447947707,      -9.727983469,      -9.349094692,      -13.32681824,     0.01574597947,    0.006963253375,      0.2235423871,                 0,                 0,                 0,  -0.0007421681302,  -0.0008425052514,      0.2236492251,                 0,        32.1031528,    0.007482212508
          0,           0,         775,      -9.844601476,      -8.450119114,      -9.729940533,      -9.350319246,      -13.32731107,     0.01574597947,    0.006965633873,      0.2235471003,                 0,                 0,                 0,  -0.0007413230058,  -0.0008402906923,      0.2236540185,                 0,       32.09285822,    0.007482212508
          0,           0,         776,      -9.845886611,      -8.452346826,      -9.731894754,      -9.351562158,       -13.3275029,     0.01574597947,    0.006967999615,       0.223551838,                 0,                 0,                 0,  -0.0007404690162,  -0.0008380917349,      0.2236588359,                 0,       32.08264213,    0.007482212508
          0,           0,         777,      -9.847192455,      -8.454628183,      -9.733858969,      -9.352831862,      -13.32746049,     0.01574597947,     0.00697035045,      0.2235565981,                 0,                 0,                 0,  -0.0007396065422,  -0.0008359084589,      0.2236636752,                 0,       32.07250478,    0.007482212508
          0,           0,         778,      -9.848519304,      -8.456951195,      -9.735840162,      -9.354127461,      -13.32720276,     0.01574597947,    0.006972686335,      0.2235613782,                 0,                 0,                 0,  -0.0007387360999,  -0.0008337408188,      0.2236685339,                 0,       32.06244587,    0.007482212508
          0,           0,         779,      -9.849862623,      -8.459298615,      -9.737836931,      -9.355441753,      -13.32674486,     0.01574597947,    0.006975007369,      0.2235661759,                 0,                 0,                 0,  -0.0007378582115,  -0.0008315886358,      0.2236734097,                 0,       32.05246447,    0.007482212508
          0,           0,         780,      -9.851219192,      -8.461653506,      -9.739846047,      -9.356768414,      -13.32609716,     0.01574597947,    0.006977313711,      0.2235709885,                 0,                 0,                 0,  -0.0007369735085,  -0.0008294516555,      0.2236782998,                 0,       32.04255932,    0.007482212508
          0,           0,         781,      -9.852588677,      -8.463991627,      -9.741858576,      -9.358104516,       -13.3252659,     0.01574597947,    0.006979605606,      0.2235758133,                 0,                 0,                 0,  -0.0007360825647,  -0.0008273295417,      0.2236832017,                 0,       32.03272878,    0.007482212508
          0,           0,         782,      -9.853972277,      -8.466284803,      -9.743861904,      -9.359448931,      -13.32426113,     0.01574597947,    0.006981883427,      0.2235806475,                 0,                 0,                 0,  -0.0007351860513,  -0.0008252218191,      0.2236881124,                 0,       32.02297057,    0.007482212508
          0,           0,         783,      -9.855372943,      -8.468507491,      -9.745844939,      -9.360802609,      -13.32310541,     0.01574597947,    0.006984147667,       0.223585488,                 0,                 0,                 0,  -0.0007342846319,  -0.0008231278893,       0.223693029,                 0,       32.01328189,    0.007482212508
          0,           0,         784,      -9.856794772,      -8.470638743,      -9.747797201,      -9.362168447,      -13.32181931,     0.01574597947,    0.006986398949,      0.2235903319,                 0,                 0,                 0,  -0.0007333789239,  -0.0008210470279,      0.2236979485,                 0,       32.00365933,    0.007482212508
          0,           0,         785,      -9.858240703,      -8.472663113,      -9.749706977,      -9.363548181,      -13.32042801,     0.01574597947,    0.006988638031,      0.2235951761,                 0,                 0,                 0,  -0.0007324695429,  -0.0008189783704,      0.2237028679,                 0,       31.99409887,    0.007482212508
          0,           0,         786,      -9.859712814,      -8.474568388,      -9.751559277,      -9.364942871,      -13.31895324,     0.01574597947,    0.006990865799,      0.2236000178,                 0,                 0,                 0,  -0.0007315570501,  -0.0008169209316,      0.2237077844,                 0,       31.98459593,    0.007482212508
          0,           0,         787,        -9.8612113,      -8.476345575,      -9.753336473,      -9.366352045,      -13.31742452,     0.01574597947,    0.006993083268,      0.2236048542,                 0,                 0,                 0,  -0.0007306419766,  -0.0008148736001,      0.2237126952,                 0,       31.97514538,    0.007482212508
          0,           0,         788,      -9.862734456,      -8.477993496,      -9.755023282,       -9.36777397,      -13.31587438,     0.01574597947,    0.006995291588,      0.2236096827,                 0,                 0,                 0,  -0.0007297248133,  -0.0008128351397,      0.2237175979,                 0,       31.96574152,    0.007482212508
          0,           0,         789,      -9.864278996,      -8.479522158,       -9.75661013,      -9.369206257,      -13.31433799,     0.01574597947,    0.006997492025,       0.223614501,                 0,                 0,                 0,  -0.0007288060154,  -0.0008108041982,        0.22372249,                 0,       31.95637811,    0.007482212508
          0,           0,         790,      -9.865840541,      -8.480950999,      -9.758092806,      -9.370646543,       -13.3128541,     0.01574597947,     0.00699968596,      0.2236193067,                 0,                 0,                 0,  -0.0007278859979,  -0.0008087793168,      0.2237273694,                 0,       31.94704848,    0.007482212508
          0,           0,         791,      -9.867413887,      -8.482304984,      -9.759470955,      -9.372092734,      -13.31147191,     0.01574597947,    0.007001874842,      0.2236240976,                 0,                 0,                 0,  -0.0007269651472,  -0.0008067589693,      0.2237322338,                 0,       31.93774563,    0.007482212508
          0,           0,         792,      -9.868993749,      -8.483612513,      -9.760748769,      -9.373543675,      -13.31023838,     0.01574597947,    0.007004060107,      0.2236288714,                 0,                 0,                 0,  -0.0007260438207,  -0.0008047416377,      0.2237370809,                 0,       31.92846263,    0.007482212508
          0,           0,         793,      -9.870575316,      -8.484905389,      -9.761937252,      -9.374999066,      -13.30921616,     0.01574597947,    0.007006243045,      0.2236336257,                 0,                 0,                 0,   -0.000725122364,  -0.0008027259521,      0.2237419085,                 0,       31.91919325,    0.007482212508
          0,           0,         794,      -9.872154721,      -8.486214897,      -9.763053026,      -9.376460227,      -13.30846875,     0.01574597947,    0.007008424505,      0.2236383582,                 0,                 0,                 0,   -0.000724201021,  -0.0008007109822,      0.2237467142,                 0,       31.90993326,    0.007482212508
          0,           0,         795,      -9.873725489,      -8.487564062,      -9.764111329,      -9.377924574,      -13.30799552,     0.01574597947,    0.007010604511,      0.2236430668,                 0,                 0,                 0,  -0.0007232799004,  -0.0007986966317,      0.2237514961,                 0,       31.90068224,    0.007482212508
          0,           0,         796,      -9.875274854,      -8.488961937,      -9.765119492,      -9.379380263,      -13.30761908,     0.01574597947,    0.007012782112,      0.2236477496,                 0,                 0,                 0,   -0.000722359192,  -0.0007966837839,       0.223756252,                 0,       31.89144422,    0.007482212508
          0,           0,         797,       -9.87678875,      -8.490415255,      -9.766086271,      -9.380811383,      -13.30723425,     0.01574597947,    0.007014955972,      0.2236524042,                 0,                 0,                 0,  -0.0007214395925,   -0.000794673693,      0.2237609796,                 0,       31.88222494,    0.007482212508
          0,           0,         798,      -9.878270138,      -8.491934805,      -9.767035451,      -9.382220438,      -13.30685193,     0.01574597947,    0.007017124465,      0.2236570278,                 0,                 0,                 0,  -0.0007205217207,  -0.0007926678832,      0.2237656761,                 0,       31.87303132,    0.007482212508
          0,           0,         799,      -9.879732208,      -8.493535705,      -9.768005291,      -9.383621305,      -13.30651732,     0.01574597947,    0.007019286075,      0.2236616181,                 0,                 0,                 0,  -0.0007196058549,  -0.0007906677879,       0.223770339,                 0,       31.86386987,    0.007482212508
          0,           0,         800,      -9.881191945,      -8.495235843,      -9.769042626,      -9.385032749,      -13.30627404,     0.01574597947,     0.00702143954,      0.2236661725,                 0,                 0,                 0,  -0.0007186924084,  -0.0007886745803,      0.2237749658,                 0,       31.85474591,    0.007482212508
          0,           0,         801,      -9.882665423,      -8.497048298,      -9.770190144,       -9.38647201,      -13.30616659,     0.01574597947,     0.00702358369,      0.2236706886,                 0,                 0,                 0,  -0.0007177818637,  -0.0007866893457,       0.223779554,                 0,       31.84566433,    0.007482212508
          0,           0,         802,      -9.884163447,       -8.49897854,      -9.771478547,      -9.387949777,      -13.30620099,     0.01574597947,     0.00702571741,      0.2236751637,                 0,                 0,                 0,  -0.0007168748352,  -0.0007847131049,      0.2237841008,                 0,       31.83662972,    0.007482212508
          0,           0,         803,      -9.885692596,      -8.501026279,      -9.772926924,      -9.389469834,      -13.30638198,     0.01574597947,    0.007027839682,      0.2236795951,                 0,                 0,                 0,  -0.0007159719933,  -0.0007827467796,      0.2237886036,                 0,       31.82764622,    0.007482212508
          0,           0,         804,       -9.88725922,      -8.503183985,      -9.774543337,      -9.391034995,      -13.30671155,     0.01574597947,    0.007029949559,        0.22368398,                 0,                 0,                 0,  -0.0007150740482,  -0.0007807912197,      0.2237930595,                 0,       31.81871764,    0.007482212508
          0,           0,         805,      -9.888869419,      -8.505438559,       -9.77632792,      -9.392647701,      -13.30718787,     0.01574597947,    0.007032046169,      0.2236883155,                 0,                 0,                 0,   -0.000714181783,  -0.0007788471943,      0.2237974655,                 0,        31.8098474,    0.007482212508
          0,           0,         806,      -9.890529756,      -8.507775058,      -9.778276633,       -9.39431099,      -13.30781394,     0.01574597947,    0.007034128749,      0.2236925987,                 0,                 0,                 0,  -0.0007132960272,  -0.0007769153618,      0.2238018187,                 0,       31.80103843,    0.007482212508
          0,           0,         807,      -9.892248074,      -8.510177982,      -9.780383103,      -9.396029918,      -13.30858842,     0.01574597947,     0.00703619661,      0.2236968264,                 0,                 0,                 0,  -0.0007124176073,  -0.0007749963058,       0.223806116,                 0,       31.79229331,    0.007482212508
          0,           0,         808,       -9.89403184,      -8.512631299,      -9.782638828,      -9.397809575,      -13.30950974,     0.01574597947,    0.007038249154,      0.2237009957,                 0,                 0,                 0,  -0.0007115473505,  -0.0007730905197,      0.2238103545,                 0,       31.78361419,    0.007482212508
          0,           0,         809,      -9.895888346,      -8.515119615,      -9.785033622,      -9.399655322,      -13.31057417,     0.01574597947,    0.007040285895,      0.2237051037,                 0,                 0,                 0,  -0.0007106860726,  -0.0007711983868,       0.223814531,                 0,       31.77500276,    0.007482212508
          0,           0,         810,      -9.897823881,      -8.517629187,      -9.787556903,       -9.40157227,      -13.31177794,     0.01574597947,    0.007042306441,      0.2237091474,                 0,                 0,                 0,  -0.0007098345753,  -0.0007693201936,      0.2238186428,                 0,       31.76646022,    0.007482212508
          0,           0,         811,      -9.899844133,      -8.520149868,      -9.790199166,      -9.403565641,      -13.31311644,     0.01574597947,    0.007044310505,      0.2237131239,                 0,                 0,                 0,  -0.0007089936442,  -0.0007674561274,      0.2238226868,                 0,       31.75798734,    0.007482212508
          0,           0,         812,      -9.901953894,      -8.522676292,      -9.792952553,      -9.405640467,      -13.31458028,     0.01574597947,    0.007046297907,      0.2237170303,                 0,                 0,                 0,  -0.0007081640372,   -0.000765606267,      0.2238266601,                 0,       31.74958442,    0.007482212508
          0,           0,         813,      -9.904156692,      -8.525207068,      -9.795809414,      -9.407801151,      -13.31616861,     0.01574597947,    0.007048268581,      0.2237208638,                 0,                 0,                 0,  -0.0007073464925,   -0.000763770581,      0.2238305601,                 0,       31.74125123,    0.007482212508
          0,           0,         814,      -9.906454682,      -8.527743642,      -9.798761632,      -9.410051424,      -13.31788165,     0.01574597947,    0.007050222567,      0.2237246217,                 0,                 0,                 0,  -0.0007065417017,  -0.0007619489345,      0.2238343839,                 0,       31.73298709,    0.007482212508
          0,           0,         815,      -9.908847929,       -8.53029047,      -9.801800781,      -9.412393278,      -13.31971446,     0.01574597947,    0.007052160006,      0.2237283014,                 0,                 0,                 0,  -0.0007057503093,  -0.0007601410964,       0.223838129,                 0,       31.72479087,    0.007482212508
          0,           0,         816,      -9.911334611,      -8.532855203,      -9.804919131,      -9.414827009,      -13.32166573,     0.01574597947,    0.007054081134,      0.2237319004,                 0,                 0,                 0,  -0.0007049729099,  -0.0007583467431,      0.2238417929,                 0,       31.71666106,    0.007482212508
          0,           0,         817,      -9.913911339,      -8.535447892,      -9.808110001,      -9.417351615,      -13.32373621,     0.01574597947,    0.007055986249,      0.2237354164,                 0,                 0,                 0,  -0.0007042100381,  -0.0007565654948,      0.2238453732,                 0,       31.70859587,    0.007482212508
          0,           0,         818,      -9.916573449,      -8.538079623,      -9.811367286,      -9.419964947,      -13.32592921,     0.01574597947,    0.007057875674,      0.2237388472,                 0,                 0,                 0,  -0.0007034621472,  -0.0007547969546,      0.2238488679,                 0,       31.70059343,    0.007482212508
          0,           0,         819,      -9.919314962,       -8.54076137,      -9.814685191,      -9.422663535,      -13.32824936,     0.01574597947,    0.007059749674,       0.223742191,                 0,                 0,                 0,  -0.0007027295777,  -0.0007530407905,       0.223852275,                 0,       31.69265219,    0.007482212508
          0,           0,         820,      -9.922127769,      -8.543502574,      -9.818057081,      -9.425441403,      -13.33069586,     0.01574597947,    0.007061608338,      0.2237454459,                 0,                 0,                 0,  -0.0007020125382,  -0.0007512968556,      0.2238555928,                 0,        31.6847714,    0.007482212508
          0,           0,         821,      -9.925001135,      -8.546309148,      -9.821474018,      -9.428289325,      -13.33323091,     0.01574597947,    0.007063451415,      0.2237486109,                 0,                 0,                 0,   -0.000701311083,   -0.000749565356,      0.2238588202,                 0,       31.67695192,    0.007482212508
          0,           0,         822,      -9.927920591,      -8.549182421,      -9.824922832,       -9.43119318,      -13.33572278,     0.01574597947,    0.007065278294,      0.2237516848,                 0,                 0,                 0,  -0.0007006252136,  -0.0007478468677,       0.223861956,                 0,       31.66919624,    0.007482212508
          0,           0,         823,      -9.930870737,      -8.552123379,      -9.828388352,      -9.434136791,      -13.33806816,     0.01574597947,    0.007067088391,      0.2237546668,                 0,                 0,                 0,  -0.0006999551625,   -0.000746141945,      0.2238649993,                 0,       31.66150675,    0.007482212508
          0,           0,         824,      -9.933845467,      -8.555136038,      -9.831866637,      -9.437114607,      -13.34028937,     0.01574597947,    0.007068881337,       0.223757556,                 0,                 0,                 0,   -0.000699301253,   -0.000744450921,      0.2238679493,                 0,       31.65388486,    0.007482212508
          0,           0,         825,      -9.936847269,      -8.558226005,      -9.835365521,      -9.440131705,      -13.34240855,     0.01574597947,    0.007070656892,      0.2237603514,                 0,                 0,                 0,  -0.0006986636643,  -0.0007427740078,       0.223870805,                 0,       31.64633143,    0.007482212508
          0,           0,         826,      -9.939876992,      -8.561396061,      -9.838892911,        -9.4431915,      -13.34442212,     0.01574597947,    0.007072414962,      0.2237630526,                 0,                 0,                 0,  -0.0006980425847,  -0.0007411112775,      0.2238735659,                 0,       31.63884667,    0.007482212508
          0,           0,         827,      -9.942931847,      -8.564643152,      -9.842452117,      -9.446292942,      -13.34631328,     0.01574597947,    0.007074155565,      0.2237656588,                 0,                 0,                 0,   -0.000697438218,  -0.0007394626915,      0.2238762313,                 0,       31.63143032,    0.007482212508
          0,           0,         828,      -9.946007261,       -8.56795795,      -9.846041681,      -9.449432605,      -13.34806592,     0.01574597947,    0.007075878798,      0.2237681696,                 0,                 0,                 0,   -0.000696850759,  -0.0007378281335,      0.2238788007,                 0,       31.62408176,    0.007482212508
          0,           0,         829,      -9.949099246,      -8.571326155,      -9.849656608,      -9.452607346,      -13.34966879,     0.01574597947,     0.00707758483,      0.2237705845,                 0,                 0,                 0,  -0.0006962803801,  -0.0007362074211,      0.2238812737,                 0,       31.61680007,    0.007482212508
          0,           0,         830,       -9.95220413,      -8.574730297,      -9.853289185,      -9.455814356,      -13.35110645,     0.01574597947,    0.007079273901,      0.2237729033,                 0,                 0,                 0,  -0.0006957272612,  -0.0007346003026,        0.22388365,                 0,       31.60958404,    0.007482212508
          0,           0,         831,      -9.955318598,      -8.578150686,      -9.856930116,      -9.459050767,      -13.35236586,     0.01574597947,    0.007080946331,      0.2237751256,                 0,                 0,                 0,  -0.0006951915805,  -0.0007330064491,      0.2238859293,                 0,        31.6024321,    0.007482212508
          0,           0,         832,      -9.958440284,      -8.581565586,      -9.860569208,      -9.462314556,      -13.35343559,     0.01574597947,    0.007082602513,      0.2237772513,                 0,                 0,                 0,  -0.0006946734781,  -0.0007314254623,      0.2238881115,                 0,       31.59534238,    0.007482212508
          0,           0,         833,       -9.96156705,      -8.584950533,        -9.8641942,      -9.465603735,      -13.35430626,     0.01574597947,    0.007084242915,      0.2237792804,                 0,                 0,                 0,  -0.0006941730708,  -0.0007298568724,      0.2238901966,                 0,       31.58831269,    0.007482212508
          0,           0,         834,      -9.964696435,      -8.588279256,      -9.867791061,      -9.468915641,      -13.35496668,     0.01574597947,    0.007085868083,      0.2237812129,                 0,                 0,                 0,  -0.0006936904382,  -0.0007283001393,      0.2238921847,                 0,       31.58134054,    0.007482212508
          0,           0,         835,      -9.967825369,      -8.591524836,      -9.871344002,      -9.472246493,      -13.35542096,     0.01574597947,    0.007087478646,      0.2237830492,                 0,                 0,                 0,  -0.0006932256305,  -0.0007267546417,       0.223894076,                 0,       31.57442306,    0.007482212508
          0,           0,         836,       -9.97095034,      -8.594660301,      -9.874835903,       -9.47559192,      -13.35566352,     0.01574597947,    0.007089075314,      0.2237847896,                 0,                 0,                 0,  -0.0006927786383,  -0.0007252196861,      0.2238958711,                 0,       31.56755708,    0.007482212508
          0,           0,         837,      -9.974066006,      -8.597659877,      -9.878248767,      -9.478945003,      -13.35569493,     0.01574597947,    0.007090658883,      0.2237864347,                 0,                 0,                 0,  -0.0006923494209,  -0.0007236944966,      0.2238975705,                 0,       31.56073906,    0.007482212508
          0,           0,         838,      -9.977165938,       -8.60050035,      -9.881564332,      -9.482297417,      -13.35551849,     0.01574597947,    0.007092230233,      0.2237879853,                 0,                 0,                 0,  -0.0006919378938,  -0.0007221782177,       0.223899175,                 0,       31.55396511,    0.007482212508
          0,           0,         839,      -9.980241762,      -8.603162211,      -9.884763678,       -9.48563839,      -13.35514041,     0.01574597947,    0.007093790326,      0.2237894422,                 0,                 0,                 0,  -0.0006915439334,  -0.0007206699197,      0.2239006854,                 0,       31.54723102,    0.007482212508
          0,           0,         840,       -9.98328258,      -8.605629607,      -9.887825847,      -9.488954082,      -13.35456971,     0.01574597947,    0.007095340205,      0.2237908064,                 0,                 0,                 0,  -0.0006911673798,  -0.0007191685948,      0.2239021029,                 0,       31.54053223,    0.007482212508
          0,           0,         841,      -9.986274553,       -8.60788937,      -9.890726648,      -9.492227101,      -13.35381831,     0.01574597947,    0.007096880985,      0.2237920789,                 0,                 0,                 0,  -0.0006908080339,  -0.0007176731642,      0.2239034284,                 0,       31.53386388,    0.007482212508
          0,           0,         842,       -9.98920035,      -8.609930951,      -9.893438918,      -9.495435809,      -13.35289917,     0.01574597947,    0.007098413855,      0.2237932611,                 0,                 0,                 0,  -0.0006904656376,  -0.0007161824833,      0.2239046633,                 0,       31.52722082,    0.007482212508
          0,           0,         843,       -9.99204037,      -8.611748934,      -9.895934521,      -9.498555581,      -13.35183246,     0.01574597947,    0.007099940094,       0.223794354,                 0,                 0,                 0,   -0.000690140027,  -0.0007146953151,      0.2239058088,                 0,       31.52059749,    0.007482212508
          0,           0,         844,      -9.994774086,      -8.613345833,      -9.898188044,      -9.501561042,      -13.35064121,     0.01574597947,    0.007101461036,      0.2237953588,                 0,                 0,                 0,  -0.0006898310853,  -0.0007132103673,      0.2239068661,                 0,       31.51398813,    0.007482212508
          0,           0,         845,      -9.997379088,      -8.614734264,      -9.900179913,        -9.5044259,      -13.34935121,     0.01574597947,    0.007102978021,      0.2237962769,                 0,                 0,                 0,  -0.0006895384137,  -0.0007117263481,      0.2239078366,                 0,       31.50738693,    0.007482212508
          0,           0,         846,      -9.999832591,      -8.615935575,      -9.901894601,      -9.507124076,      -13.34799278,     0.01574597947,    0.007104492481,      0.2237971099,                 0,                 0,                 0,  -0.0006892617823,  -0.0007102418833,       0.223908722,                 0,       31.50078778,    0.007482212508
          0,           0,         847,      -10.00211494,       -8.61697719,      -9.903322499,      -9.509632747,      -13.34660027,     0.01574597947,    0.007106005844,      0.2237978592,                 0,                 0,                 0,  -0.0006890009986,  -0.0007087555918,      0.2239095236,                 0,       31.49418451,    0.007482212508
          0,           0,         848,      -10.00421085,      -8.617889817,      -9.904461183,      -9.511934439,      -13.34521046,     0.01574597947,    0.007107519485,      0.2237985263,                 0,                 0,                 0,  -0.0006887558036,  -0.0007072661547,      0.2239102431,                 0,       31.48757127,    0.007482212508
          0,           0,         849,      -10.00610994,      -8.618705115,      -9.905315061,      -9.514017916,        -13.343862,     0.01574597947,    0.007109034654,      0.2237991126,                 0,                 0,                 0,  -0.0006885259871,  -0.0007057723691,      0.2239108819,                 0,        31.4809427,    0.007482212508
          0,           0,         850,      -10.00780663,      -8.619453844,      -9.905895313,      -9.515878012,      -13.34258614,     0.01574597947,     0.00711055234,      0.2237996194,                 0,                 0,                 0,  -0.0006883112812,  -0.0007042732966,      0.2239114414,                 0,       31.47429464,    0.007482212508
          0,           0,         851,      -10.00929905,      -8.620163344,       -9.90621855,      -9.517514188,      -13.34141381,     0.01574597947,    0.007112073065,       0.223800048,                 0,                 0,                 0,  -0.0006881114454,  -0.0007027684568,      0.2239119229,                 0,       31.46762498,    0.007482212508
          0,           0,         852,      -10.01058909,      -8.620853507,      -9.906305127,      -9.518930153,      -13.34030055,     0.01574597947,    0.007113596669,      0.2238003997,                 0,                 0,                 0,  -0.0006879261765,  -0.0007012580549,      0.2239123275,                 0,       31.46093462,    0.007482212508
          0,           0,         853,       -10.0116802,      -8.621536088,      -9.906178936,      -9.520129768,      -13.33913678,     0.01574597947,    0.007115122289,      0.2238006758,                 0,                 0,                 0,  -0.0006877552213,  -0.0006997429972,      0.2239126566,                 0,       31.45422758,    0.007482212508
          0,           0,         854,      -10.01258212,      -8.622222135,      -9.905874573,       -9.52112287,      -13.33785755,     0.01574597947,    0.007116648707,      0.2238008773,                 0,                 0,                 0,  -0.0006875984737,  -0.0006982245436,      0.2239129113,                 0,       31.44750943,    0.007482212508
          0,           0,         855,      -10.01331974,       -8.62293253,       -9.90544847,      -9.521936909,      -13.33650559,     0.01574597947,    0.007118174706,      0.2238010056,                 0,                 0,                 0,  -0.0006874558554,  -0.0006967039522,      0.2239130928,                 0,       31.44078572,    0.007482212508
          0,           0,         856,      -10.01392976,      -8.623698227,      -9.904974707,      -9.522614264,      -13.33513649,     0.01574597947,    0.007119699154,      0.2238010619,                 0,                 0,                 0,  -0.0006873272271,  -0.0006951823968,      0.2239132023,                 0,       31.43406162,    0.007482212508
          0,           0,         857,      -10.01444656,      -8.624552452,      -9.904527966,      -9.523195037,       -13.3337806,     0.01574597947,    0.007121221007,      0.2238010473,                 0,                 0,                 0,  -0.0006872125059,  -0.0006936609614,      0.2239132408,                 0,        31.4273419,    0.007482212508
          0,           0,         858,      -10.01489653,       -8.62552333,      -9.904170938,      -9.523709451,      -13.33245489,     0.01574597947,    0.007122739289,      0.2238009629,                 0,                 0,                 0,  -0.0006871116554,  -0.0006921406586,      0.2239132094,                 0,         31.420631,    0.007482212508
          0,           0,         859,      -10.01530027,      -8.626630683,      -9.903951085,      -9.524179943,       -13.3311701,     0.01574597947,    0.007124253082,      0.2238008097,                 0,                 0,                 0,  -0.0006870246582,  -0.0006906224425,      0.2239131092,                 0,       31.41393311,    0.007482212508
          0,           0,         860,      -10.01567575,      -8.627885455,      -9.903902087,      -9.524625187,      -13.32993402,     0.01574597947,     0.00712576152,      0.2238005888,                 0,                 0,                 0,  -0.0006869515227,  -0.0006891072131,       0.223912941,                 0,       31.40725215,    0.007482212508
          0,           0,         861,      -10.01603952,      -8.629290526,      -9.904046275,      -9.525061929,      -13.32875202,     0.01574597947,    0.007127263788,      0.2238003011,                 0,                 0,                 0,  -0.0006868922555,  -0.0006875958196,      0.2239127059,                 0,       31.40059184,    0.007482212508
          0,           0,         862,       -10.0164069,      -8.630842172,       -9.90439707,       -9.52550523,      -13.32762838,     0.01574597947,    0.007128759118,      0.2237999477,                 0,                 0,                 0,  -0.0006868468652,  -0.0006860890654,      0.2239124049,                 0,       31.39395566,    0.007482212508
          0,           0,         863,      -10.01679174,      -8.632531814,       -9.90496136,      -9.525968274,      -13.32656628,     0.01574597947,    0.007130246794,      0.2237995296,                 0,                 0,                 0,  -0.0006868153488,  -0.0006845877053,       0.223912039,                 0,        31.3873469,    0.007482212508
          0,           0,         864,       -10.0172064,      -8.634347519,      -9.905740908,      -9.526462395,      -13.32556782,     0.01574597947,    0.007131726151,       0.223799048,                 0,                 0,                 0,  -0.0006867976878,  -0.0006830924428,      0.2239116094,                 0,        31.3807686,    0.007482212508
          0,           0,         865,      -10.01766188,      -8.636274914,      -9.906733962,      -9.526997205,      -13.32463402,     0.01574597947,    0.007133196581,      0.2237985042,                 0,                 0,                 0,  -0.0006867938428,  -0.0006816039303,      0.2239111172,                 0,       31.37422356,    0.007482212508
          0,           0,         866,      -10.01816773,      -8.638297657,      -9.907935795,       -9.52758065,       -13.3237654,     0.01574597947,    0.007134657529,      0.2237978996,                 0,                 0,                 0,  -0.0006868037453,  -0.0006801227715,      0.2239105639,                 0,       31.36771439,    0.007482212508
          0,           0,         867,      -10.01873208,      -8.640397436,      -9.909339588,      -9.528218935,      -13.32295492,     0.01574597947,    0.007136108494,      0.2237972356,                 0,                 0,                 0,  -0.0006868272986,  -0.0006786495174,       0.223909951,                 0,       31.36124343,    0.007482212508
          0,           0,         868,      -10.01936193,       -8.64255523,      -9.910937078,      -9.528916639,      -13.32221285,     0.01574597947,    0.007137549041,      0.2237965139,                 0,                 0,                 0,  -0.0006868643995,  -0.0006771846603,        0.22390928,                 0,       31.35481278,    0.007482212508
          0,           0,         869,      -10.02006343,      -8.644750589,      -9.912718565,      -9.529678645,      -13.32153562,     0.01574597947,    0.007138978783,      0.2237957362,                 0,                 0,                 0,  -0.0006869148947,  -0.0006757286469,      0.2239085526,                 0,       31.34842433,    0.007482212508
          0,           0,         870,      -10.02084087,      -8.646963087,      -9.914673983,      -9.530507065,      -13.32092267,     0.01574597947,    0.007140397394,      0.2237949043,                 0,                 0,                 0,  -0.0006869786179,   -0.000674281868,      0.2239077708,                 0,       31.34207971,    0.007482212508
          0,           0,         871,      -10.02169809,      -8.649172788,      -9.916792717,      -9.531403555,      -13.32037356,     0.01574597947,    0.007141804607,      0.2237940202,                 0,                 0,                 0,  -0.0006870553805,  -0.0006728446572,      0.2239069363,                 0,       31.33578031,    0.007482212508
          0,           0,         872,      -10.02263879,      -8.651360681,       -9.91906396,      -9.532369993,      -13.31988792,     0.01574597947,    0.007143200218,       0.223793086,                 0,                 0,                 0,   -0.000687144972,  -0.0006714172929,      0.2239060514,                 0,       31.32952726,    0.007482212508
          0,           0,         873,      -10.02366622,      -8.653509281,      -9.921477109,      -9.533408211,       -13.3194655,     0.01574597947,    0.007144584073,      0.2237921037,                 0,                 0,                 0,  -0.0006872471651,  -0.0006700000003,       0.223905118,                 0,       31.32332147,    0.007482212508
          0,           0,         874,      -10.02478329,      -8.655602904,      -9.924021475,      -9.534520051,      -13.31911163,     0.01574597947,    0.007145956078,      0.2237910757,                 0,                 0,                 0,  -0.0006873617118,  -0.0006685929534,      0.2239041385,                 0,       31.31716362,    0.007482212508
          0,           0,         875,       -10.0259925,      -8.657627381,      -9.926685163,      -9.535707473,      -13.31882212,     0.01574597947,    0.007147316205,      0.2237900042,                 0,                 0,                 0,  -0.0006874883229,  -0.0006671962608,      0.2239031151,                 0,       31.31105408,    0.007482212508
          0,           0,         876,      -10.02729332,      -8.659570946,      -9.929456151,      -9.536969765,      -13.31860285,     0.01574597947,    0.007148664489,      0.2237888916,                 0,                 0,                 0,  -0.0006876266921,    -0.00066580997,      0.2239020503,                 0,       31.30499298,    0.007482212508
          0,           0,         877,      -10.02868415,      -8.661425371,      -9.932322704,      -9.538305827,      -13.31845699,     0.01574597947,    0.007150001026,      0.2237877405,                 0,                 0,                 0,  -0.0006877764775,  -0.0006644340719,      0.2239009465,                 0,       31.29898019,    0.007482212508
          0,           0,         878,       -10.0301614,      -8.663186648,      -9.935273324,      -9.539712804,       -13.3183901,     0.01574597947,    0.007151325976,      0.2237865532,                 0,                 0,                 0,  -0.0006879373026,  -0.0006630684945,      0.2238998062,                 0,        31.2930153,    0.007482212508
          0,           0,         879,      -10.03171976,      -8.664854462,      -9.938295353,      -9.541186622,      -13.31840943,     0.01574597947,    0.007152639563,      0.2237853325,                 0,                 0,                 0,  -0.0006881087515,  -0.0006617131049,       0.223898632,                 0,       31.28709765,    0.007482212508
          0,           0,         880,      -10.03335158,      -8.666430964,      -9.941374457,        -9.5427211,       -13.3185231,     0.01574597947,    0.007153942073,       0.223784081,                 0,                 0,                 0,  -0.0006882903546,  -0.0006603677111,      0.2238974267,                 0,       31.28122631,    0.007482212508
          0,           0,         881,      -10.03504704,      -8.667920412,      -9.944494184,       -9.54430815,      -13.31874325,     0.01574597947,    0.007155233861,      0.2237828014,                 0,                 0,                 0,  -0.0006884815903,  -0.0006590320536,       0.223896193,                 0,       31.27540004,    0.007482212508
          0,           0,         882,      -10.03679404,      -8.669329505,      -9.947638214,       -9.54593769,      -13.31908512,     0.01574597947,    0.007156515341,      0.2237814967,                 0,                 0,                 0,  -0.0006886818846,  -0.0006577058197,      0.2238949338,                 0,        31.2696174,    0.007482212508
          0,           0,         883,      -10.03857914,      -8.670667111,      -9.950790563,      -9.547598519,       -13.3195642,     0.01574597947,    0.007157786964,      0.2237801696,                 0,                 0,                 0,  -0.0006888906081,   -0.000656388659,       0.223893652,                 0,       31.26387678,    0.007482212508
          0,           0,         884,      -10.04038822,      -8.671943401,      -9.953935823,      -9.549278841,      -13.32019974,     0.01574597947,    0.007159049208,      0.2237788234,                 0,                 0,                 0,   -0.000689107068,  -0.0006550801995,      0.2238923506,                 0,       31.25817645,    0.007482212508
          0,           0,         885,      -10.04220617,       -8.67316917,      -9.957059883,      -9.550966102,      -13.32101324,     0.01574597947,     0.00716030253,      0.2237774609,                 0,                 0,                 0,  -0.0006893305009,  -0.0006537800926,      0.2238910327,                 0,       31.25251482,    0.007482212508
          0,           0,         886,      -10.04401732,      -8.674355052,      -9.960150011,      -9.552647179,      -13.32202602,     0.01574597947,    0.007161547295,      0.2237760855,                 0,                 0,                 0,  -0.0006895600706,  -0.0006524880842,      0.2238897016,                 0,       31.24689069,    0.007482212508
          0,           0,         887,      -10.04580548,      -8.675510092,      -9.963194394,      -9.554308329,      -13.32324635,     0.01574597947,    0.007162783684,      0.2237747004,                 0,                 0,                 0,  -0.0006897948589,  -0.0006512041091,      0.2238883605,                 0,        31.2413037,    0.007482212508
          0,           0,         888,      -10.04755341,      -8.676639516,      -9.966180674,      -9.555934361,      -13.32466275,     0.01574597947,    0.007164011585,       0.223773309,                 0,                 0,                 0,  -0.0006900338957,  -0.0006499283971,      0.2238870128,                 0,       31.23575477,    0.007482212508
          0,           0,         889,      -10.04924263,      -8.677744181,       -9.96909504,      -9.557507967,      -13.32621238,     0.01574597947,    0.007165230579,      0.2237719149,                 0,                 0,                 0,  -0.0006902761949,  -0.0006486614903,       0.223885662,                 0,       31.23024617,    0.007482212508
          0,           0,         890,      -10.05085659,      -8.678825604,      -9.971925932,      -9.559012994,      -13.32785295,     0.01574597947,    0.007166440183,      0.2237705215,                 0,                 0,                 0,  -0.0006905209304,  -0.0006474039941,      0.2238843117,                 0,       31.22478047,    0.007482212508
          0,           0,         891,      -10.05238835,      -8.679892485,      -9.974674812,      -9.560443708,      -13.32961556,     0.01574597947,    0.007167640035,      0.2237691322,                 0,                 0,                 0,  -0.0006907673883,  -0.0006461563898,      0.2238829651,                 0,       31.21935967,    0.007482212508
          0,           0,         892,      -10.05384049,      -8.680959399,      -9.977357344,      -9.561805394,      -13.33152932,     0.01574597947,    0.007168829856,      0.2237677506,                 0,                 0,                 0,  -0.0006910148102,  -0.0006449190756,      0.2238816259,                 0,       31.21398542,    0.007482212508
          0,           0,         893,      -10.05521548,      -8.682039906,      -9.979991558,      -9.563102915,      -13.33362168,     0.01574597947,    0.007170009448,        0.22376638,                 0,                 0,                 0,  -0.0006912624638,  -0.0006436923689,      0.2238802973,                 0,       31.20865902,    0.007482212508
          0,           0,         894,      -10.05651246,      -8.683141572,      -9.982591497,      -9.564336954,      -13.33589732,     0.01574597947,    0.007171178669,      0.2237650237,                 0,                 0,                 0,  -0.0006915096457,  -0.0006424765261,      0.2238789826,                 0,       31.20338148,    0.007482212508
          0,           0,         895,      -10.05772767,      -8.684265085,       -9.98516597,      -9.565503744,      -13.33836244,     0.01574597947,    0.007172337436,      0.2237636849,                 0,                 0,                 0,  -0.0006917557109,  -0.0006412717427,      0.2238776851,                 0,       31.19815359,    0.007482212508
          0,           0,         896,      -10.05885852,      -8.685404881,      -9.987720057,      -9.566600175,      -13.34102118,     0.01574597947,    0.007173485708,      0.2237623668,                 0,                 0,                 0,  -0.0006920000691,  -0.0006400781669,      0.2238764078,                 0,       31.19297589,    0.007482212508
          0,           0,         897,      -10.05990407,      -8.686550119,       -9.99025651,      -9.567624549,       -13.3438749,     0.01574597947,    0.007174623481,      0.2237610721,                 0,                 0,                 0,  -0.0006922421799,  -0.0006388959052,      0.2238751537,                 0,       31.18784878,    0.007482212508
          0,           0,         898,        -10.060865,      -8.687686085,      -9.992776925,      -9.568576313,      -13.34692661,     0.01574597947,    0.007175750776,      0.2237598037,                 0,                 0,                 0,  -0.0006924815631,  -0.0006377250292,      0.2238739254,                 0,       31.18277246,    0.007482212508
          0,           0,         899,      -10.06174364,      -8.688796035,       -9.99528244,      -9.569456261,      -13.35017264,     0.01574597947,    0.007176867651,      0.2237585641,                 0,                 0,                 0,  -0.0006927177994,  -0.0006365655718,      0.2238727255,                 0,       31.17774703,    0.007482212508
          0,           0,         900,      -10.06254407,      -8.689862452,      -9.997774665,      -9.570266653,       -13.3536113,     0.01574597947,    0.007177974198,      0.2237573556,                 0,                 0,                 0,  -0.0006929505339,  -0.0006354175227,      0.2238715563,                 0,       31.17277234,    0.007482212508
          0,           0,         901,       -10.0632723,      -8.690867375,      -10.00025567,      -9.571011685,      -13.35724139,     0.01574597947,    0.007179070538,      0.2237561803,                 0,                 0,                 0,  -0.0006931794632,  -0.0006342808342,        0.22387042,                 0,       31.16784814,    0.007482212508
          0,           0,         902,      -10.06393606,      -8.691792621,      -10.00272762,       -9.57169715,      -13.36105885,     0.01574597947,    0.007180156815,      0.2237550403,                 0,                 0,                 0,  -0.0006934043152,  -0.0006331554318,      0.2238693186,                 0,       31.16297401,    0.007482212508
          0,           0,         903,      -10.06454453,       -8.69261936,      -10.00519302,      -9.572330239,       -13.3650582,     0.01574597947,    0.007181233212,      0.2237539372,                 0,                 0,                 0,  -0.0006936248735,  -0.0006320411949,      0.2238682538,                 0,       31.15814939,    0.007482212508
          0,           0,         904,      -10.06510882,      -8.693331376,      -10.00765599,      -9.572920166,      -13.36923326,     0.01574597947,    0.007182299934,      0.2237528726,                 0,                 0,                 0,   -0.000693840974,  -0.0006309379702,      0.2238672271,                 0,       31.15337353,    0.007482212508
          0,           0,         905,       -10.0656417,      -8.693916319,      -10.01012228,      -9.573478082,      -13.37357612,     0.01574597947,    0.007183357231,       0.223751848,                 0,                 0,                 0,  -0.0006940524828,  -0.0006298455559,      0.2238662399,                 0,       31.14864551,    0.007482212508
          0,           0,         906,      -10.06615765,      -8.694367787,      -10.01259877,      -9.574017451,      -13.37807754,     0.01574597947,    0.007184405388,      0.2237508643,                 0,                 0,                 0,  -0.0006942593138,  -0.0006287637077,      0.2238652934,                 0,       31.14396421,    0.007482212508
          0,           0,         907,      -10.06667191,      -8.694684935,      -10.01509196,      -9.574553072,      -13.38272691,     0.01574597947,    0.007185444724,      0.2237499225,                 0,                 0,                 0,  -0.0006944614063,  -0.0006276921379,      0.2238643885,                 0,       31.13932834,    0.007482212508
          0,           0,         908,       -10.0671997,      -8.694870196,      -10.01760522,      -9.575100402,      -13.38750118,     0.01574597947,    0.007186475598,      0.2237490235,                 0,                 0,                 0,  -0.0006946587286,  -0.0006266305161,       0.223863526,                 0,       31.13473641,    0.007482212508
          0,           0,         909,      -10.06775436,      -8.694928693,      -10.02013808,      -9.575673249,      -13.39241009,     0.01574597947,    0.007187498416,      0.2237481678,                 0,                 0,                 0,  -0.0006948512979,  -0.0006255784585,      0.2238627066,                 0,       31.13018673,    0.007482212508
          0,           0,         910,      -10.06834716,      -8.694869413,      -10.02268806,      -9.576284858,      -13.39743429,     0.01574597947,    0.007188513609,       0.223747356,                 0,                 0,                 0,  -0.0006950391056,  -0.0006245355532,      0.2238619307,                 0,       31.12567746,    0.007482212508
          0,           0,         911,      -10.06898478,      -8.694708707,      -10.02525255,      -9.576943123,      -13.40256399,     0.01574597947,    0.007189521659,      0.2237465885,                 0,                 0,                 0,  -0.0006952221873,  -0.0006235013322,      0.2238611989,                 0,       31.12120655,    0.007482212508
          0,           0,         912,      -10.06967129,        -8.6944717,      -10.02782984,      -9.577653847,      -13.40779107,     0.01574597947,    0.007190523086,      0.2237458656,                 0,                 0,                 0,  -0.0006954005867,  -0.0006224752848,      0.2238605113,                 0,       31.11677174,    0.007482212508
          0,           0,         913,      -10.07040849,      -8.694190244,       -10.0304173,      -9.578421036,       -13.4131096,     0.01574597947,    0.007191518441,      0.2237451874,                 0,                 0,                 0,   -0.000695574344,   -0.000621456866,      0.2238598682,                 0,       31.11237066,    0.007482212508
          0,           0,         914,      -10.07119595,      -8.693899173,      -10.03301033,      -9.579246612,      -13.41851756,     0.01574597947,    0.007192508292,      0.2237445539,                 0,                 0,                 0,  -0.0006957435013,  -0.0006204455112,      0.2238592697,                 0,       31.10800083,    0.007482212508
          0,           0,         915,      -10.07203125,      -8.693633124,      -10.03560253,      -9.580130509,      -13.42402181,     0.01574597947,    0.007193493192,      0.2237439653,                 0,                 0,                 0,   -0.000695908077,  -0.0006194406688,      0.2238587158,                 0,       31.10365984,    0.007482212508
          0,           0,         916,      -10.07291012,      -8.693424548,      -10.03818676,      -9.581070402,      -13.42962642,     0.01574597947,    0.007194473627,      0.2237434215,                 0,                 0,                 0,  -0.0006960680489,  -0.0006184418517,      0.2238582065,                 0,       31.09934556,    0.007482212508
          0,           0,         917,      -10.07382614,       -8.69330133,      -10.04075299,      -9.582061295,      -13.43533806,     0.01574597947,    0.007195449926,      0.2237429224,                 0,                 0,                 0,  -0.0006962233468,  -0.0006174487307,      0.2238577418,                 0,       31.09505656,    0.007482212508
          0,           0,         918,      -10.07476953,      -8.693283414,      -10.04328632,      -9.583093843,      -13.44113929,     0.01574597947,    0.007196422127,      0.2237424681,                 0,                 0,                 0,  -0.0006963738286,  -0.0006164612671,      0.2238573217,                 0,       31.09079264,    0.007482212508
          0,           0,         919,      -10.07572528,      -8.693379321,      -10.04576502,      -9.584151751,       -13.4469233,     0.01574597947,    0.007197389863,      0.2237420587,                 0,                 0,                 0,  -0.0006965192925,  -0.0006154798303,      0.2238569463,                 0,       31.08655539,    0.007482212508
          0,           0,         920,      -10.07667327,      -8.693590108,      -10.04816507,      -9.585211399,       -13.4524876,     0.01574597947,    0.007198352482,      0.2237416942,                 0,                 0,                 0,  -0.0006966596131,  -0.0006145050794,      0.2238566157,                 0,       31.08234763,    0.007482212508
          0,           0,         921,      -10.07759943,      -8.693923985,      -10.05047626,      -9.586254874,      -13.45775193,     0.01574597947,      0.0071993094,      0.2237413749,                 0,                 0,                 0,  -0.0006967948637,  -0.0006135376004,        0.22385633,                 0,       31.07817187,    0.007482212508
          0,           0,         922,      -10.07851065,      -8.694401304,      -10.05271512,      -9.587287982,      -13.46276969,     0.01574597947,    0.007200260155,      0.2237411007,                 0,                 0,                 0,  -0.0006969251471,  -0.0006125778551,      0.2238560891,                 0,       31.07403009,    0.007482212508
          0,           0,         923,      -10.07942468,      -8.695043416,      -10.05491152,      -9.588331272,      -13.46755357,     0.01574597947,    0.007201204337,      0.2237408717,                 0,                 0,                 0,   -0.000697050454,  -0.0006116262555,      0.2238558932,                 0,       31.06992403,    0.007482212508
          0,           0,         924,      -10.08035237,      -8.695865481,      -10.05709369,      -9.589396905,      -13.47209207,     0.01574597947,    0.007202141616,       0.223740688,                 0,                 0,                 0,  -0.0006971708265,  -0.0006106831355,      0.2238557423,                 0,       31.06585511,    0.007482212508
          0,           0,         925,      -10.08129836,       -8.69687324,       -10.0592819,      -9.590489278,      -13.47636675,     0.01574597947,    0.007203071712,      0.2237405496,                 0,                 0,                 0,   -0.000697286314,   -0.000609748777,      0.2238556365,                 0,       31.06182453,    0.007482212508
          0,           0,         926,      -10.08226504,      -8.698062997,      -10.06148866,      -9.591609964,      -13.48035754,     0.01574597947,    0.007203994378,      0.2237404566,                 0,                 0,                 0,  -0.0006973969786,  -0.0006088234272,      0.2238555757,                 0,       31.05783331,    0.007482212508
          0,           0,         927,      -10.08325438,      -8.699423235,      -10.06372052,       -9.59275993,      -13.48403917,     0.01574597947,    0.007204909402,       0.223740409,                 0,                 0,                 0,  -0.0006975028907,  -0.0006079073013,      0.2238555601,                 0,       31.05388237,    0.007482212508
          0,           0,         928,       -10.0842682,      -8.700937057,      -10.06597999,      -9.593939786,      -13.48740669,     0.01574597947,      0.0072058166,       0.223740407,                 0,                 0,                 0,  -0.0006976041293,  -0.0006070005851,      0.2238555898,                 0,       31.04997246,    0.007482212508
          0,           0,         929,       -10.0853086,      -8.702584335,      -10.06826812,      -9.595150549,      -13.49044284,     0.01574597947,    0.007206715815,      0.2237404506,                 0,                 0,                 0,  -0.0006977007637,  -0.0006061034391,      0.2238556647,                 0,       31.04610426,    0.007482212508
          0,           0,         930,      -10.08637745,      -8.704343412,      -10.07058581,      -9.596392548,      -13.49313718,     0.01574597947,    0.007207606924,      0.2237405399,                 0,                 0,                 0,  -0.0006977928606,  -0.0006052159914,      0.2238557851,                 0,       31.04227829,    0.007482212508
          0,           0,         931,      -10.08747748,      -8.706191312,      -10.07293398,      -9.597666964,      -13.49548394,     0.01574597947,    0.007208489836,      0.2237406753,                 0,                 0,                 0,  -0.0006978804674,  -0.0006043383397,      0.2238559512,                 0,       31.03849493,    0.007482212508
          0,           0,         932,      -10.08861186,      -8.708104016,      -10.07531361,      -9.598975479,      -13.49748167,     0.01574597947,    0.007209364495,      0.2237408568,                 0,                 0,                 0,  -0.0006979636063,  -0.0006034705508,      0.2238561631,                 0,       31.03475445,    0.007482212508
          0,           0,         933,      -10.08978413,       -8.71005716,      -10.07772571,      -9.600320188,      -13.49913308,     0.01574597947,    0.007210230877,       0.223741085,                 0,                 0,                 0,  -0.0006980422719,  -0.0006026126593,      0.2238564214,                 0,       31.03105696,    0.007482212508
          0,           0,         934,      -10.09099819,       -8.71202697,       -10.0801718,      -9.601703489,      -13.50044551,     0.01574597947,    0.007211089001,      0.2237413603,                 0,                 0,                 0,  -0.0006981164242,  -0.0006017646653,      0.2238567265,                 0,       31.02740242,    0.007482212508
          0,           0,         935,      -10.09225845,      -8.713991033,      -10.08265352,      -9.603128515,       -13.5014307,     0.01574597947,     0.00721193892,      0.2237416832,                 0,                 0,                 0,  -0.0006981859913,  -0.0006009265336,      0.2238570789,                 0,       31.02379065,    0.007482212508
          0,           0,         936,      -10.09356977,      -8.715928809,      -10.08517273,      -9.604599064,      -13.50210412,     0.01574597947,    0.007212780735,      0.2237420545,                 0,                 0,                 0,  -0.0006982508621,  -0.0006000981896,      0.2238574793,                 0,       31.02022129,    0.007482212508
          0,           0,         937,      -10.09493733,      -8.717821825,      -10.08773121,      -9.606119647,      -13.50248498,     0.01574597947,    0.007213614584,       0.223742475,                 0,                 0,                 0,  -0.0006983108901,  -0.0005992795224,      0.2238579286,                 0,       31.01669383,    0.007482212508
          0,           0,         938,      -10.09636651,      -8.719654105,      -10.09032981,      -9.607695408,      -13.50259426,     0.01574597947,    0.007214440646,      0.2237429455,                 0,                 0,                 0,   -0.000698365885,  -0.0005984703861,      0.2238584277,                 0,       31.01320761,    0.007482212508
          0,           0,         939,      -10.09786197,      -8.721412213,      -10.09296836,      -9.609330839,      -13.50245626,     0.01574597947,    0.007215259143,      0.2237434673,                 0,                 0,                 0,  -0.0006984156232,  -0.0005976705967,      0.2238589777,                 0,       31.00976179,    0.007482212508
          0,           0,         940,      -10.09942815,      -8.723087157,      -10.09564623,      -9.611030884,      -13.50210288,     0.01574597947,    0.007216070333,      0.2237440414,                 0,                 0,                 0,  -0.0006984598378,  -0.0005968799369,      0.2238595798,                 0,       31.00635541,    0.007482212508
          0,           0,         941,      -10.10106794,      -8.724673909,      -10.09836228,      -9.612799528,      -13.50156606,     0.01574597947,    0.007216874513,      0.2237446692,                 0,                 0,                 0,  -0.0006984982174,  -0.0005960981564,      0.2238602353,                 0,       31.00298734,    0.007482212508
          0,           0,         942,      -10.10278249,      -8.726173684,      -10.10111416,      -9.614638966,      -13.50087014,     0.01574597947,    0.007217672015,      0.2237453521,                 0,                 0,                 0,  -0.0006985304099,  -0.0005953249724,      0.2238609456,                 0,       30.99965634,    0.007482212508
          0,           0,         943,      -10.10457098,      -8.727592098,      -10.10389675,      -9.616549291,      -13.50006664,     0.01574597947,    0.007218463208,      0.2237460915,                 0,                 0,                 0,  -0.0006985560305,  -0.0005945600675,      0.2238617122,                 0,       30.99636101,    0.007482212508
          0,           0,         944,      -10.10643085,      -8.728937575,      -10.10670056,      -9.618529728,      -13.49919509,     0.01574597947,    0.007219248489,      0.2237468891,                 0,                 0,                 0,  -0.0006985746332,  -0.0005938031014,      0.2238625367,                 0,       30.99309983,    0.007482212508
          0,           0,         945,      -10.10835614,      -8.730221921,      -10.10951297,      -9.620575415,      -13.49829368,     0.01574597947,    0.007220028284,      0.2237477467,                 0,                 0,                 0,  -0.0006985857321,  -0.0005930537084,      0.2238634209,                 0,       30.98987121,    0.007482212508
          0,           0,         946,      -10.11033851,      -8.731460577,       -10.1123192,      -9.622678366,      -13.49740482,     0.01574597947,    0.007220803041,      0.2237486659,                 0,                 0,                 0,  -0.0006985888059,  -0.0005923115051,      0.2238643667,                 0,       30.98667345,    0.007482212508
          0,           0,         947,      -10.11236843,       -8.73267218,      -10.11510322,      -9.624829508,      -13.49657107,     0.01574597947,    0.007221573217,      0.2237496488,                 0,                 0,                 0,  -0.0006985832933,  -0.0005915761006,      0.2238653758,                 0,       30.98350485,    0.007482212508
          0,           0,         948,      -10.11443521,      -8.733877655,      -10.11784918,      -9.627018613,      -13.49584518,     0.01574597947,    0.007222339258,      0.2237506973,                 0,                 0,                 0,  -0.0006985685924,  -0.0005908471188,      0.2238664504,                 0,       30.98036375,    0.007482212508
          0,           0,         949,      -10.11652703,       -8.73510013,      -10.12054197,      -9.629234174,      -13.49526819,     0.01574597947,    0.007223101574,      0.2237518135,                 0,                 0,                 0,  -0.0006985440658,  -0.0005901242224,      0.2238675926,                 0,       30.97724866,    0.007482212508
          0,           0,         950,      -10.11863084,      -8.736363311,      -10.12316706,      -9.631463168,       -13.4948829,     0.01574597947,    0.007223860483,      0.2237529996,                 0,                 0,                 0,  -0.0006985090274,  -0.0005894071693,      0.2238688044,                 0,        30.9741585,    0.007482212508
          0,           0,         951,      -10.12073213,      -8.737689952,      -10.12570943,      -9.633690482,      -13.49471562,     0.01574597947,    0.007224616153,      0.2237542578,                 0,                 0,                 0,  -0.0006984627442,   -0.000588695871,      0.2238700882,                 0,       30.97109287,    0.007482212508
          0,           0,         952,       -10.1228144,      -8.739099344,      -10.12815195,      -9.635898076,      -13.49475396,     0.01574597947,    0.007225368533,      0.2237555906,                 0,                 0,                 0,  -0.0006984044436,  -0.0005879904615,      0.2238714464,                 0,       30.96805229,    0.007482212508
          0,           0,         953,      -10.12485929,      -8.740605431,      -10.13047482,      -9.638064802,      -13.49493064,     0.01574597947,    0.007226117324,      0.2237570003,                 0,                 0,                 0,  -0.0006983333387,  -0.0005872913248,      0.2238728814,                 0,       30.96503838,    0.007482212508
          0,           0,         954,       -10.1268489,      -8.742218647,      -10.13265839,      -9.640168828,      -13.49517618,     0.01574597947,    0.007226862086,      0.2237584895,                 0,                 0,                 0,  -0.0006982486965,  -0.0005865989879,      0.2238743957,                 0,       30.96205335,    0.007482212508
          0,           0,         955,      -10.12877268,        -8.7439517,      -10.13469339,      -9.642196298,       -13.4955131,     0.01574597947,    0.007227602396,      0.2237600605,                 0,                 0,                 0,  -0.0006981498667,  -0.0005859139583,      0.2238759916,                 0,       30.95909933,    0.007482212508
          0,           0,         956,      -10.13063212,      -8.745822749,       -10.1365903,      -9.644147822,      -13.49600307,     0.01574597947,    0.007228337888,      0.2237617158,                 0,                 0,                 0,  -0.0006980362113,  -0.0005852366836,      0.2238776716,                 0,       30.95617821,    0.007482212508
          0,           0,         957,      -10.13243421,      -8.747851381,      -10.13836955,      -9.646031245,      -13.49668486,     0.01574597947,    0.007229068239,      0.2237634577,                 0,                 0,                 0,  -0.0006979070904,  -0.0005845675689,      0.2238794379,                 0,       30.95329167,    0.007482212508
          0,           0,         958,      -10.13418318,       -8.75005339,      -10.14004929,      -9.647851281,      -13.49758213,     0.01574597947,    0.007229793161,      0.2237652885,                 0,                 0,                 0,  -0.0006977618943,  -0.0005839069818,      0.2238812929,                 0,       30.95044125,    0.007482212508
          0,           0,         959,      -10.13587951,      -8.752438864,      -10.14164059,      -9.649607927,      -13.49870755,     0.01574597947,    0.007230512396,      0.2237672103,                 0,                 0,                 0,  -0.0006976000461,  -0.0005832552544,      0.2238832386,                 0,       30.94762833,    0.007482212508
          0,           0,         960,       -10.1375222,      -8.755012011,      -10.14314753,      -9.651299487,      -13.50007193,     0.01574597947,    0.007231225709,      0.2237692251,                 0,                 0,                 0,  -0.0006974210123,  -0.0005826126928,      0.2238852771,                 0,       30.94485418,    0.007482212508
          0,           0,         961,      -10.13911019,      -8.757772041,      -10.14456888,      -9.652924125,      -13.50168306,     0.01574597947,    0.007231932888,      0.2237713349,                 0,                 0,                 0,  -0.0006972243058,  -0.0005819795743,      0.2238874103,                 0,       30.94211995,    0.007482212508
          0,           0,         962,      -10.14064324,      -8.760714208,      -10.14590133,        -9.6544811,      -13.50354641,     0.01574597947,    0.007232633741,      0.2237735413,                 0,                 0,                 0,  -0.0006970094828,  -0.0005813561514,      0.2238896398,                 0,       30.93942668,    0.007482212508
          0,           0,         963,      -10.14212184,      -8.763830785,      -10.14714034,      -9.655970614,      -13.50566575,     0.01574597947,    0.007233328094,      0.2237758459,                 0,                 0,                 0,  -0.0006967761422,  -0.0005807426515,      0.2238919673,                 0,        30.9367753,    0.007482212508
          0,           0,         964,      -10.14354702,      -8.767111902,      -10.14828207,      -9.657393503,        -13.508043,     0.01574597947,    0.007234015793,      0.2237782502,                 0,                 0,                 0,  -0.0006965239263,  -0.0005801392777,       0.223894394,                 0,       30.93416666,    0.007482212508
          0,           0,         965,      -10.14492026,      -8.770546226,      -10.14932324,      -9.658751145,      -13.51067898,     0.01574597947,      0.0072346967,      0.2237807552,                 0,                 0,                 0,   -0.000696252517,  -0.0005795462092,      0.2238969213,                 0,       30.93160148,    0.007482212508
          0,           0,         966,      -10.14624343,      -8.774121506,       -10.1502618,      -9.660045412,      -13.51357287,     0.01574597947,    0.007235370696,       0.223783362,                 0,                 0,                 0,  -0.0006959616371,  -0.0005789636016,      0.2238995501,                 0,       30.92908041,    0.007482212508
          0,           0,         967,      -10.14751866,       -8.77782488,      -10.15109701,      -9.661278395,      -13.51671217,     0.01574597947,     0.00723603768,      0.2237860716,                 0,                 0,                 0,  -0.0006956510465,  -0.0005783915867,      0.2239022812,                 0,       30.92660397,    0.007482212508
          0,           0,         968,      -10.14874845,      -8.781643208,      -10.15182927,      -9.662452807,      -13.52010826,     0.01574597947,    0.007236697576,      0.2237888845,                 0,                 0,                 0,  -0.0006953205671,   -0.000577830262,      0.2239051155,                 0,       30.92417255,    0.007482212508
          0,           0,         969,      -10.14993573,      -8.785563585,      -10.15245977,      -9.663572044,      -13.52375376,     0.01574597947,    0.007237350319,      0.2237918013,                 0,                 0,                 0,  -0.0006949700304,  -0.0005772797127,      0.2239080533,                 0,        30.9217865,    0.007482212508
          0,           0,         970,      -10.15108363,      -8.789572744,      -10.15299111,      -9.664639549,      -13.52764199,     0.01574597947,    0.007237995865,      0.2237948224,                 0,                 0,                 0,  -0.0006945993226,  -0.0005767399929,      0.2239110951,                 0,       30.91944601,    0.007482212508
          0,           0,         971,       -10.1521948,      -8.793657114,      -10.15342665,      -9.665658307,      -13.53176626,     0.01574597947,    0.007238634192,      0.2237979478,                 0,                 0,                 0,  -0.0006942083732,  -0.0005762111305,      0.2239142409,                 0,        30.9171512,    0.007482212508
          0,           0,         972,      -10.15327269,      -8.797803087,      -10.15377034,      -9.666632249,      -13.53612573,     0.01574597947,    0.007239265297,      0.2238011776,                 0,                 0,                 0,  -0.0006937971478,   -0.000575693129,      0.2239174907,                 0,       30.91490206,    0.007482212508
          0,           0,         973,      -10.15432124,      -8.801996997,      -10.15402704,      -9.667566122,      -13.54070896,     0.01574597947,    0.007239889194,      0.2238045116,                 0,                 0,                 0,  -0.0006933656539,  -0.0005751859674,      0.2239208445,                 0,       30.91269848,    0.007482212508
          0,           0,         974,      -10.15534437,      -8.806225318,      -10.15420257,      -9.668464757,      -13.54550708,     0.01574597947,    0.007240505916,      0.2238079495,                 0,                 0,                 0,  -0.0006929139439,  -0.0005746895986,      0.2239243017,                 0,       30.91054024,    0.007482212508
          0,           0,         975,      -10.15634672,      -8.810474631,      -10.15430391,      -9.669333967,      -13.55051058,     0.01574597947,    0.007241115519,      0.2238114906,                 0,                 0,                 0,  -0.0006924421122,  -0.0005742039499,      0.2239278619,                 0,       30.90842702,    0.007482212508
          0,           0,         976,      -10.15733337,      -8.814731504,      -10.15433927,      -9.670180361,      -13.55570967,     0.01574597947,    0.007241718075,      0.2238151342,                 0,                 0,                 0,  -0.0006919502961,  -0.0005737289235,      0.2239315244,                 0,        30.9063584,    0.007482212508
          0,           0,         977,      -10.15830968,      -8.818982633,      -10.15431736,      -9.671010863,      -13.56109364,     0.01574597947,    0.007242313676,      0.2238188796,                 0,                 0,                 0,  -0.0006914386746,  -0.0005732643965,      0.2239352883,                 0,       30.90433384,    0.007482212508
          0,           0,         978,      -10.15928125,      -8.823214675,      -10.15424775,      -9.671832779,      -13.56665117,     0.01574597947,     0.00724290243,      0.2238227256,                 0,                 0,                 0,  -0.0006909074672,  -0.0005728102232,      0.2239391525,                 0,       30.90235271,    0.007482212508
          0,           0,         979,      -10.16025358,      -8.827413723,      -10.15414017,      -9.672653305,      -13.57237062,     0.01574597947,    0.007243484467,      0.2238266709,                 0,                 0,                 0,  -0.0006903569326,  -0.0005723662316,      0.2239431157,                 0,       30.90041429,    0.007482212508
          0,           0,         980,      -10.16123209,       -8.83156541,      -10.15400439,      -9.673479624,      -13.57823961,     0.01574597947,    0.007244059932,      0.2238307142,                 0,                 0,                 0,  -0.0006897873678,  -0.0005719322267,      0.2239471767,                 0,       30.89851773,    0.007482212508
          0,           0,         981,      -10.16222179,      -8.835654909,      -10.15385001,      -9.674318408,      -13.58424548,     0.01574597947,    0.007244628991,       0.223834854,                 0,                 0,                 0,  -0.0006891991066,  -0.0005715079901,      0.2239513337,                 0,        30.8966621,    0.007482212508
          0,           0,         982,      -10.16322733,      -8.839666925,       -10.1536861,      -9.675175963,      -13.59037595,     0.01574597947,    0.007245191823,      0.2238390884,                 0,                 0,                 0,  -0.0006885925163,    -0.00057109328,      0.2239555852,                 0,       30.89484639,    0.007482212508
          0,           0,         983,      -10.16425282,      -8.843585651,      -10.15352116,       -9.67605785,      -13.59661714,     0.01574597947,    0.007245748631,      0.2238434157,                 0,                 0,                 0,  -0.0006879679965,  -0.0005706878303,      0.2239599293,                 0,       30.89306945,    0.007482212508
          0,           0,         984,      -10.16530178,        -8.8473949,      -10.15336287,      -9.676969023,      -13.60295555,     0.01574597947,    0.007246299632,      0.2238478338,                 0,                 0,                 0,  -0.0006873259726,  -0.0005702913543,      0.2239643639,                 0,       30.89133008,    0.007482212508
          0,           0,         985,      -10.16637698,      -8.851078433,       -10.1532178,      -9.677913458,      -13.60937788,     0.01574597947,    0.007246845064,      0.2238523405,                 0,                 0,                 0,  -0.0006866669013,  -0.0005699035392,       0.223968887,                 0,       30.88962694,    0.007482212508
          0,           0,         986,      -10.16748057,      -8.854620461,      -10.15309175,      -9.678894387,      -13.61587077,     0.01574597947,     0.00724738518,      0.2238569337,                 0,                 0,                 0,  -0.0006859912604,  -0.0005695240523,      0.2239734962,                 0,       30.88795865,    0.007482212508
          0,           0,         987,      -10.16861392,      -8.858006397,      -10.15298961,      -9.679914095,      -13.62242142,     0.01574597947,    0.007247920253,       0.223861611,                 0,                 0,                 0,  -0.0006852995445,  -0.0005691525388,      0.2239781893,                 0,       30.88632369,    0.007482212508
          0,           0,         988,      -10.16977754,      -8.861223515,      -10.15291446,      -9.680973876,      -13.62901728,     0.01574597947,    0.007248450573,      0.2238663698,                 0,                 0,                 0,  -0.0006845922643,  -0.0005687886226,      0.2239829637,                 0,       30.88472047,    0.007482212508
          0,           0,         989,      -10.17097092,      -8.864261085,      -10.15286749,      -9.682073764,      -13.63564675,     0.01574597947,    0.007248976445,      0.2238712076,                 0,                 0,                 0,  -0.0006838699395,  -0.0005684319078,       0.223987817,                 0,       30.88314734,    0.007482212508
          0,           0,         990,      -10.17219223,      -8.867110121,      -10.15284748,      -9.683212381,       -13.6422992,     0.01574597947,    0.007249498195,      0.2238761218,                 0,                 0,                 0,   -0.000683133096,  -0.0005680819788,      0.2239927464,                 0,       30.88160253,    0.007482212508
          0,           0,         991,      -10.17343841,      -8.869763342,      -10.15285076,      -9.684386941,      -13.64896631,     0.01574597947,    0.007250016162,      0.2238811097,                 0,                 0,                 0,   -0.000682382261,  -0.0005677384013,      0.2239977493,                 0,       30.88008422,    0.007482212508
          0,           0,         992,      -10.17470497,      -8.872216009,      -10.15287234,      -9.685593148,       -13.6556421,     0.01574597947,    0.007250530703,      0.2238861685,                 0,                 0,                 0,   -0.000681617962,  -0.0005674007225,      0.2240028229,                 0,        30.8785905,    0.007482212508
          0,           0,         993,      -10.17598635,      -8.874467477,       -10.1529071,      -9.686825545,      -13.66232419,     0.01574597947,    0.007251042194,      0.2238912955,                 0,                 0,                 0,  -0.0006808407209,  -0.0005670684721,      0.2240079647,                 0,       30.87711938,    0.007482212508
          0,           0,         994,      -10.17727609,       -8.87652257,      -10.15295008,      -9.688077745,      -13.66901352,     0.01574597947,    0.007251551026,      0.2238964879,                 0,                 0,                 0,  -0.0006800510521,  -0.0005667411625,      0.2240131716,                 0,       30.87566881,    0.007482212508
          0,           0,         995,      -10.17856721,      -8.878391891,       -10.1529968,      -9.689342753,      -13.67571638,     0.01574597947,    0.007252057603,      0.2239017429,                 0,                 0,                 0,   -0.000679249458,  -0.0005664182912,      0.2240184411,                 0,       30.87423668,    0.007482212508
          0,           0,         996,      -10.17985243,      -8.880090987,      -10.15304266,      -9.690613355,       -13.6824454,     0.01574597947,    0.007252562344,      0.2239070577,                 0,                 0,                 0,  -0.0006784364248,  -0.0005660993441,      0.2240237704,                 0,       30.87282082,    0.007482212508
          0,           0,         997,       -10.1811243,      -8.881638975,      -10.15308296,      -9.691882091,       -13.6892227,     0.01574597947,    0.007253065671,      0.2239124297,                 0,                 0,                 0,  -0.0006776124197,  -0.0005657838032,      0.2240291567,                 0,       30.87141905,    0.007482212508
          0,           0,         998,      -10.18237556,      -8.883057281,      -10.15311291,      -9.693141598,      -13.69607886,     0.01574597947,    0.007253568002,       0.223917856,                 0,                 0,                 0,  -0.0006767778808,  -0.0005654711546,      0.2240345972,                 0,        30.8700292,    0.007482212508
          0,           0,         999,       -10.1835991,      -8.884368715,      -10.15312802,      -9.694384605,      -13.70305086,     0.01574597947,    0.007254069737,      0.2239233341,                 0,                 0,                 0,  -0.0006759332121,  -0.0005651609056,      0.2240400894,                 0,       30.86864921,    0.007482212508
          0,           0,        1000,      -10.18478812,      -8.885596626,      -10.15312406,      -9.695603998,      -13.71018122,     0.01574597947,    0.007254571228,      0.2239288612,                 0,                 0,                 0,  -0.0006750787843,  -0.0005648526143,      0.2240456307,                 0,       30.86727722,    0.007482212508
          0,           0,        1001,      -10.18593595,      -8.886763697,       -10.1530971,      -9.696792553,      -13.71749832,     0.01574597947,     0.00725507274,      0.2239344349,                 0,                 0,                 0,  -0.0006742149284,  -0.0005645459269,      0.2240512185,                 0,       30.86591175,    0.007482212508
          0,           0,        1002,      -10.18703603,      -8.887890386,      -10.15304336,      -9.697942666,      -13.72498621,     0.01574597947,    0.007255574412,      0.2239400527,                 0,                 0,                 0,  -0.0006733419366,  -0.0005642406197,      0.2240568504,                 0,       30.86455186,    0.007482212508
          0,           0,        1003,      -10.18808183,      -8.888993573,      -10.15295908,      -9.699046256,      -13.73256823,     0.01574597947,    0.007256076221,      0.2239457123,                 0,                 0,                 0,  -0.0006724600693,  -0.0005639366338,      0.2240625241,                 0,       30.86319734,    0.007482212508
          0,           0,        1004,      -10.18906759,      -8.890086813,      -10.15284181,      -9.700095506,      -13.74008791,     0.01574597947,    0.007256577985,      0.2239514115,                 0,                 0,                 0,  -0.0006715695751,  -0.0005636340725,      0.2240682372,                 0,       30.86184865,    0.007482212508
          0,           0,        1005,      -10.18998992,      -8.891183501,      -10.15269218,      -9.701084808,      -13.74744422,     0.01574597947,    0.007257079419,       0.223957148,                 0,                 0,                 0,  -0.0006706707233,  -0.0005633331457,      0.2240739878,                 0,        30.8605067,    0.007482212508
          0,           0,        1006,      -10.19085004,      -8.892302226,      -10.15251669,      -9.702013848,      -13.75464044,     0.01574597947,      0.0072575802,      0.2239629197,                 0,                 0,                 0,  -0.0006697637853,  -0.0005630340998,      0.2240797735,                 0,       30.85917255,    0.007482212508
          0,           0,        1007,      -10.19165505,      -8.893469833,      -10.15232809,      -9.702889289,      -13.76171589,     0.01574597947,    0.007258080024,      0.2239687246,                 0,                 0,                 0,  -0.0006688490465,  -0.0005627371673,      0.2240855922,                 0,       30.85784723,    0.007482212508
          0,           0,        1008,      -10.19241567,      -8.894718814,      -10.15214192,      -9.703722385,      -13.76873913,     0.01574597947,    0.007258578605,      0.2239745605,                 0,                 0,                 0,  -0.0006679267987,  -0.0005624425603,       0.224091442,                 0,       30.85653165,    0.007482212508
          0,           0,        1009,      -10.19314289,      -8.896081578,      -10.15197322,      -9.704525448,      -13.77573529,     0.01574597947,    0.007259075666,      0.2239804253,                 0,                 0,                 0,  -0.0006669973201,  -0.0005621504821,      0.2240973206,                 0,        30.8552267,    0.007482212508
          0,           0,        1010,      -10.19384655,      -8.897586845,      -10.15183409,      -9.705309355,      -13.78271125,     0.01574597947,    0.007259570945,      0.2239863171,                 0,                 0,                 0,  -0.0006660609034,  -0.0005618611249,      0.2241032261,                 0,       30.85393322,    0.007482212508
          0,           0,        1011,      -10.19453596,      -8.899258038,      -10.15173397,      -9.706084246,      -13.78967543,     0.01574597947,    0.007260064186,      0.2239922337,                 0,                 0,                 0,   -0.000665117855,  -0.0005615746703,      0.2241091563,                 0,       30.85265198,    0.007482212508
          0,           0,        1012,      -10.19522057,      -8.901113053,      -10.15168082,      -9.706860617,      -13.79663476,     0.01574597947,    0.007260555144,      0.2239981731,                 0,                 0,                 0,  -0.0006641684935,  -0.0005612912924,      0.2241151091,                 0,       30.85138376,    0.007482212508
          0,           0,        1013,      -10.19591033,      -8.903164747,      -10.15168187,      -9.707649655,      -13.80359529,     0.01574597947,    0.007261043578,       0.224004133,                 0,                 0,                 0,  -0.0006632131503,  -0.0005610111563,      0.2241210825,                 0,       30.85012927,    0.007482212508
          0,           0,        1014,      -10.19661555,       -8.90542171,      -10.15174428,      -9.708462963,       -13.8105617,     0.01574597947,    0.007261529258,      0.2240101115,                 0,                 0,                 0,   -0.000662252169,  -0.0005607344182,      0.2241270743,                 0,        30.8488892,    0.007482212508
          0,           0,        1015,      -10.19734655,      -8.907889039,      -10.15187519,      -9.709312251,      -13.81753994,     0.01574597947,    0.007262011961,      0.2240161063,                 0,                 0,                 0,  -0.0006612859048,  -0.0005604612252,      0.2241330823,                 0,       30.84766419,    0.007482212508
          0,           0,        1016,      -10.19811336,      -8.910569083,      -10.15208164,        -9.7102088,      -13.82453612,     0.01574597947,    0.007262491473,      0.2240221153,                 0,                 0,                 0,  -0.0006603147233,  -0.0005601917148,      0.2241391044,                 0,       30.84645485,    0.007482212508
          0,           0,        1017,      -10.19892551,      -8.913462053,      -10.15237029,      -9.711163275,       -13.8315525,     0.01574597947,     0.00726296759,      0.2240281362,                 0,                 0,                 0,  -0.0006593389986,  -0.0005599260144,      0.2241451382,                 0,       30.84526172,    0.007482212508
          0,           0,        1018,      -10.19979191,      -8.916566559,      -10.15274752,      -9.712185558,      -13.83859159,     0.01574597947,    0.007263440115,      0.2240341668,                 0,                 0,                 0,  -0.0006583591119,  -0.0005596642417,      0.2241511816,                 0,       30.84408534,    0.007482212508
          0,           0,        1019,      -10.20072067,          -8.91988,      -10.15321906,      -9.713284554,      -13.84565559,     0.01574597947,    0.007263908863,      0.2240402048,                 0,                 0,                 0,  -0.0006573754543,  -0.0005594065043,      0.2241572324,                 0,       30.84292618,    0.007482212508
          0,           0,        1020,      -10.20171907,      -8.923398871,      -10.15378956,      -9.714468196,      -13.85274721,     0.01574597947,    0.007264373656,      0.2240462481,                 0,                 0,                 0,  -0.0006563884244,  -0.0005591528997,      0.2241632881,                 0,       30.84178467,    0.007482212508
          0,           0,        1021,      -10.20279356,      -8.927119051,      -10.15446324,      -9.715743494,      -13.85986909,     0.01574597947,    0.007264834327,      0.2240522942,                 0,                 0,                 0,  -0.0006553984289,  -0.0005589035154,      0.2241693466,                 0,        30.8406612,    0.007482212508
          0,           0,        1022,      -10.20394994,        -8.9310359,      -10.15524362,      -9.717116681,      -13.86702323,     0.01574597947,    0.007265290718,      0.2240583409,                 0,                 0,                 0,  -0.0006544058823,  -0.0005586584287,      0.2241754056,                 0,       30.83955612,    0.007482212508
          0,           0,        1023,      -10.20519331,      -8.935144408,      -10.15613379,      -9.718593342,      -13.87421096,     0.01574597947,    0.007265742684,      0.2240643859,                 0,                 0,                 0,  -0.0006534112071,  -0.0005584177068,      0.2241814627,                 0,       30.83846974,    0.007482212508
          0,           0,        1024,      -10.20652844,      -8.939439273,      -10.15713645,      -9.720178845,      -13.88143297,     0.01574597947,    0.007266190085,      0.2240704269,                 0,                 0,                 0,  -0.0006524148354,  -0.0005581814061,      0.2241875156,                 0,       30.83740231,    0.007482212508
          0,           0,        1025,      -10.20795958,      -8.943914966,      -10.15825436,      -9.721878024,      -13.88868961,     0.01574597947,    0.007266632794,      0.2240764616,                 0,                 0,                 0,  -0.0006514172079,  -0.0005579495742,      0.2241935621,                 0,       30.83635405,    0.007482212508
          0,           0,        1026,      -10.20949076,      -8.948565718,      -10.15949023,      -9.723695773,      -13.89598103,     0.01574597947,    0.007267070692,      0.2240824876,                 0,                 0,                 0,  -0.0006504187744,  -0.0005577222475,      0.2241995997,                 0,       30.83532514,    0.007482212508
          0,           0,        1027,      -10.21112562,      -8.953385555,      -10.16084715,      -9.725636647,      -13.90330577,     0.01574597947,    0.007267503671,      0.2240885026,                 0,                 0,                 0,  -0.0006494199932,   -0.000557499453,      0.2242056262,                 0,       30.83431571,    0.007482212508
          0,           0,        1028,       -10.2128675,      -8.958368278,      -10.16232835,      -9.727705086,      -13.91066077,     0.01574597947,    0.007267931633,      0.2240945043,                 0,                 0,                 0,  -0.0006484213297,  -0.0005572812074,      0.2242116391,                 0,       30.83332585,    0.007482212508
          0,           0,        1029,       -10.2147194,      -8.963507442,      -10.16393724,      -9.729905318,      -13.91804472,     0.01574597947,    0.007268354487,      0.2241004902,                 0,                 0,                 0,   -0.000647423257,  -0.0005570675177,      0.2242176362,                 0,       30.83235561,    0.007482212508
          0,           0,        1030,      -10.21668386,      -8.968796349,      -10.16567747,      -9.732241245,      -13.92545801,     0.01574597947,    0.007268772156,      0.2241064581,                 0,                 0,                 0,  -0.0006464262555,  -0.0005568583808,       0.224223615,                 0,       30.83140499,    0.007482212508
          0,           0,        1031,      -10.21876292,      -8.974228016,      -10.16755273,      -9.734716342,      -13.93290216,     0.01574597947,    0.007269184568,      0.2241124056,                 0,                 0,                 0,  -0.0006454308103,  -0.0005566537838,      0.2242295733,                 0,       30.83047397,    0.007482212508
          0,           0,        1032,      -10.22095806,      -8.979795172,      -10.16956672,      -9.737333573,      -13.94037855,     0.01574597947,    0.007269591666,      0.2241183303,                 0,                 0,                 0,  -0.0006444374103,  -0.0005564537036,      0.2242355086,                 0,       30.82956246,    0.007482212508
          0,           0,        1033,      -10.22327023,       -8.98549021,      -10.17172303,      -9.740095491,      -13.94788797,     0.01574597947,    0.007269993398,      0.2241242299,                 0,                 0,                 0,  -0.0006434465446,  -0.0005562581079,      0.2242414186,                 0,       30.82867035,    0.007482212508
          0,           0,        1034,      -10.22569992,      -8.991305099,      -10.17402502,      -9.743004234,      -13.95543061,     0.01574597947,    0.007270389726,       0.224130102,                 0,                 0,                 0,  -0.0006424587012,  -0.0005560669553,       0.224247301,                 0,       30.82779747,    0.007482212508
          0,           0,        1035,      -10.22824687,      -8.997231574,      -10.17647582,      -9.746061159,      -13.96300619,     0.01574597947,     0.00727078062,      0.2241359444,                 0,                 0,                 0,  -0.0006414743669,  -0.0005558801948,      0.2242531534,                 0,       30.82694364,    0.007482212508
          0,           0,        1036,      -10.23091015,      -9.003261149,      -10.17907814,      -9.749266905,      -13.97061477,     0.01574597947,     0.00727116606,      0.2241417547,                 0,                 0,                 0,   -0.000640494024,  -0.0005556977666,      0.2242589736,                 0,       30.82610861,    0.007482212508
          0,           0,        1037,      -10.23368841,      -9.009384947,      -10.18183423,      -9.752621843,      -13.97825692,     0.01574597947,    0.007271546036,      0.2241475307,                 0,                 0,                 0,  -0.0006395181489,  -0.0005555196019,      0.2242647594,                 0,       30.82529212,    0.007482212508
          0,           0,        1038,      -10.23657968,      -9.015593621,      -10.18474602,      -9.756125585,      -13.98593353,     0.01574597947,    0.007271920549,      0.2241532702,                 0,                 0,                 0,  -0.0006385472065,  -0.0005553456241,      0.2242705085,                 0,       30.82449385,    0.007482212508
          0,           0,        1039,      -10.23958163,      -9.021877607,      -10.18781492,      -9.759777525,      -13.99364583,     0.01574597947,    0.007272289609,      0.2241589712,                 0,                 0,                 0,  -0.0006375816533,  -0.0005551757483,      0.2242762188,                 0,       30.82371347,    0.007482212508
          0,           0,        1040,      -10.24269133,      -9.028226951,      -10.19104204,      -9.763576361,      -14.00139519,     0.01574597947,    0.007272653236,      0.2241646314,                 0,                 0,                 0,  -0.0006366219311,  -0.0005550098817,      0.2242818883,                 0,       30.82295059,    0.007482212508
          0,           0,        1041,      -10.24590562,      -9.034631417,        -10.194428,      -9.767520637,      -14.00918301,     0.01574597947,    0.007273011459,      0.2241702489,                 0,                 0,                 0,  -0.0006356684665,  -0.0005548479244,      0.2242875148,                 0,       30.82220482,    0.007482212508
          0,           0,        1042,      -10.24922086,      -9.041080457,      -10.19797294,       -9.77160839,      -14.01701041,     0.01574597947,    0.007273364318,      0.2241758217,                 0,                 0,                 0,  -0.0006347216687,   -0.000554689769,      0.2242930966,                 0,       30.82147571,    0.007482212508
          0,           0,        1043,      -10.25263308,      -9.047563226,      -10.20167669,      -9.775837284,      -14.02487801,     0.01574597947,    0.007273711863,       0.224181348,                 0,                 0,                 0,  -0.0006337819268,  -0.0005545353016,      0.2242986317,                 0,        30.8207628,    0.007482212508
          0,           0,        1044,      -10.25613813,      -9.054068679,       -10.2055385,      -9.780204786,      -14.03278589,     0.01574597947,    0.007274054152,      0.2241868261,                 0,                 0,                 0,  -0.0006328496093,  -0.0005543844021,      0.2243041183,                 0,       30.82006559,    0.007482212508
          0,           0,        1045,       -10.2597314,      -9.060585734,      -10.20955739,      -9.784707921,      -14.04073327,     0.01574597947,    0.007274391252,      0.2241922542,                 0,                 0,                 0,  -0.0006319250613,  -0.0005542369451,      0.2243095549,                 0,       30.81938356,    0.007482212508
          0,           0,        1046,      -10.26340817,      -9.067102876,      -10.21373154,      -9.789343447,      -14.04872159,     0.01574597947,    0.007274723241,      0.2241976308,                 0,                 0,                 0,  -0.0006310086041,  -0.0005540927988,      0.2243149398,                 0,       30.81871617,    0.007482212508
          0,           0,        1047,      -10.26716342,      -9.073608796,      -10.21805902,      -9.794107846,      -14.05673874,     0.01574597947,    0.007275050203,      0.2242029544,                 0,                 0,                 0,  -0.0006301005285,  -0.0005539518289,      0.2243202716,                 0,       30.81806285,    0.007482212508
          0,           0,        1048,      -10.27099192,      -9.080091994,      -10.22253697,      -9.798997107,      -14.06477942,     0.01574597947,    0.007275372233,      0.2242082237,                 0,                 0,                 0,  -0.0006292011107,  -0.0005538138915,      0.2243255489,                 0,       30.81742302,    0.007482212508
          0,           0,        1049,      -10.27488807,      -9.086540687,      -10.22716226,      -9.804007011,      -14.07283706,     0.01574597947,    0.007275689435,      0.2242134375,                 0,                 0,                 0,  -0.0006283105952,  -0.0005536788409,      0.2243307706,                 0,       30.81679606,    0.007482212508
          0,           0,        1050,      -10.27884623,      -9.092942757,      -10.23193116,      -9.809133142,      -14.08090263,     0.01574597947,    0.007276001921,      0.2242185946,                 0,                 0,                 0,  -0.0006274292009,  -0.0005535465266,      0.2243359355,                 0,       30.81618134,    0.007482212508
          0,           0,        1051,      -10.28286056,      -9.099285851,      -10.23683969,      -9.814370845,      -14.08896458,     0.01574597947,    0.007276309812,      0.2242236941,                 0,                 0,                 0,  -0.0006265571225,  -0.0005534167936,      0.2243410427,                 0,       30.81557822,    0.007482212508
          0,           0,        1052,      -10.28692495,      -9.105557422,      -10.24188332,      -9.819714992,      -14.09700916,     0.01574597947,    0.007276613235,      0.2242287351,                 0,                 0,                 0,  -0.0006256945292,  -0.0005532894833,      0.2243460912,                 0,       30.81498602,    0.007482212508
          0,           0,        1053,      -10.29103332,      -9.111744746,      -10.24705678,      -9.825160407,      -14.10501966,     0.01574597947,    0.007276912326,      0.2242337168,                 0,                 0,                 0,  -0.0006248415651,  -0.0005531644334,      0.2243510803,                 0,       30.81440407,    0.007482212508
          0,           0,        1054,      -10.29517948,      -9.117834928,      -10.25235465,      -9.830701668,      -14.11297831,     0.01574597947,     0.00727720723,      0.2242386386,                 0,                 0,                 0,  -0.0006239983518,  -0.0005530414778,      0.2243560094,                 0,       30.81383167,    0.007482212508
          0,           0,        1055,      -10.29935742,      -9.123814858,      -10.25777115,      -9.836333442,      -14.12086424,     0.01574597947,    0.007277498097,         0.2242435,                 0,                 0,                 0,  -0.0006231649875,  -0.0005529204471,      0.2243608779,                 0,       30.81326811,    0.007482212508
          0,           0,        1056,       -10.3035611,      -9.129671198,      -10.26330009,       -9.84205037,      -14.12865424,     0.01574597947,    0.007277785086,      0.2242483005,                 0,                 0,                 0,  -0.0006223415507,   -0.000552801168,      0.2243656855,                 0,       30.81271264,    0.007482212508
          0,           0,        1057,      -10.30778476,      -9.135390325,      -10.26893521,      -9.847847127,      -14.13632309,     0.01574597947,     0.00727806836,      0.2242530398,                 0,                 0,                 0,  -0.0006215280991,  -0.0005526834644,      0.2243704318,                 0,       30.81216453,    0.007482212508
          0,           0,        1058,      -10.31202268,      -9.140958379,      -10.27467001,      -9.853718521,      -14.14384352,     0.01574597947,    0.007278348094,      0.2242577176,                 0,                 0,                 0,  -0.0006207246757,  -0.0005525671551,      0.2243751165,                 0,       30.81162301,    0.007482212508
          0,           0,        1059,      -10.31626952,      -9.146361172,      -10.28049821,      -9.859659517,      -14.15118659,     0.01574597947,    0.007278624463,      0.2242623338,                 0,                 0,                 0,  -0.0006199313092,  -0.0005524520567,      0.2243797396,                 0,        30.8110873,    0.007482212508
          0,           0,        1060,      -10.32051972,       -9.15158414,      -10.28641338,      -9.865664661,      -14.15832221,     0.01574597947,    0.007278897653,      0.2242668883,                 0,                 0,                 0,  -0.0006191480175,  -0.0005523379824,      0.2243843008,                 0,       30.81055662,    0.007482212508
          0,           0,        1061,      -10.32476783,       -9.15661223,      -10.29240896,       -9.87172832,      -14.16521917,     0.01574597947,    0.007279167852,      0.2242713811,                 0,                 0,                 0,  -0.0006183748072,  -0.0005522247437,      0.2243888003,                 0,       30.81003016,    0.007482212508
          0,           0,        1062,      -10.32900809,      -9.161429853,      -10.29847818,      -9.877844119,      -14.17184574,     0.01574597947,    0.007279435255,      0.2242758122,                 0,                 0,                 0,  -0.0006176116788,  -0.0005521121479,       0.224393238,                 0,        30.8095071,    0.007482212508
          0,           0,        1063,      -10.33323465,      -9.166020686,      -10.30461411,      -9.884005181,      -14.17817032,     0.01574597947,     0.00727970006,      0.2242801818,                 0,                 0,                 0,  -0.0006168586235,  -0.0005520000005,      0.2243976142,                 0,       30.80898662,    0.007482212508
          0,           0,        1064,      -10.33744137,      -9.170367625,      -10.31080939,      -9.890203871,      -14.18416217,     0.01574597947,    0.007279962471,        0.22428449,                 0,                 0,                 0,  -0.0006161156248,   -0.000551888104,       0.224401929,                 0,       30.80846788,    0.007482212508
          0,           0,        1065,      -10.34162226,      -9.174452695,      -10.31705664,      -9.896432258,      -14.18979208,     0.01574597947,    0.007280222697,      0.2242887371,                 0,                 0,                 0,  -0.0006153826607,  -0.0005517762581,      0.2244061826,                 0,       30.80795003,    0.007482212508
          0,           0,        1066,      -10.34577109,      -9.178257012,      -10.32334832,      -9.902681673,        -14.195033,     0.01574597947,    0.007280480951,      0.2242929233,                 0,                 0,                 0,  -0.0006146597032,  -0.0005516642594,      0.2244103753,                 0,       30.80743221,    0.007482212508
          0,           0,        1067,      -10.34988165,      -9.181760913,      -10.32967659,       -9.90894299,      -14.19986003,     0.01574597947,    0.007280737448,       0.224297049,                 0,                 0,                 0,  -0.0006139467221,   -0.000551551902,      0.2244145074,                 0,       30.80691353,    0.007482212508
          0,           0,        1068,      -10.35394766,      -9.184944037,      -10.33603341,      -9.915206408,      -14.20424303,     0.01574597947,     0.00728099241,      0.2243011144,                 0,                 0,                 0,  -0.0006132436846,  -0.0005514389768,      0.2244185792,                 0,       30.80639311,    0.007482212508
          0,           0,        1069,      -10.35796258,       -9.18778563,      -10.34241088,      -9.921461239,       -14.2081865,     0.01574597947,    0.007281246059,      0.2243051199,                 0,                 0,                 0,  -0.0006125505585,  -0.0005513252724,      0.2244225911,                 0,       30.80587005,    0.007482212508
          0,           0,        1070,      -10.36191939,      -9.190264922,      -10.34880035,       -9.92769517,      -14.21170813,     0.01574597947,    0.007281498621,      0.2243090659,                 0,                 0,                 0,  -0.0006118673135,  -0.0005512105755,      0.2244265435,                 0,       30.80534345,    0.007482212508
          0,           0,        1071,      -10.36581028,      -9.192361564,      -10.35519243,      -9.933894072,      -14.21475948,     0.01574597947,    0.007281750325,      0.2243129527,                 0,                 0,                 0,  -0.0006111939217,   -0.000551094672,      0.2244304367,                 0,       30.80481239,    0.007482212508
          0,           0,        1072,      -10.36962607,      -9.194056031,      -10.36157671,      -9.940040589,      -14.21734847,     0.01574597947,    0.007282001403,      0.2243167808,                 0,                 0,                 0,  -0.0006105303569,  -0.0005509773463,      0.2244342712,                 0,       30.80427596,    0.007482212508
          0,           0,        1073,      -10.37335604,      -9.195330295,      -10.36794093,      -9.946114073,      -14.21948217,     0.01574597947,    0.007282252087,      0.2243205506,                 0,                 0,                 0,  -0.0006098765904,  -0.0005508583811,      0.2244380475,                 0,       30.80373323,    0.007482212508
          0,           0,        1074,        -10.376988,      -9.196168534,      -10.37427077,      -9.952090517,      -14.22117365,     0.01574597947,    0.007282502619,      0.2243242628,                 0,                 0,                 0,  -0.0006092325857,  -0.0005507375533,      0.2244417662,                 0,       30.80318326,    0.007482212508
          0,           0,        1075,      -10.38051029,      -9.196558057,      -10.38055123,      -9.957945703,      -14.22244174,     0.01574597947,    0.007282753244,      0.2243279176,                 0,                 0,                 0,  -0.0006085982969,   -0.000550614633,      0.2244454275,                 0,       30.80262506,    0.007482212508
          0,           0,        1076,      -10.38391253,      -9.196490093,      -10.38676709,      -9.963656681,      -14.22331295,     0.01574597947,    0.007283004213,      0.2243315156,                 0,                 0,                 0,  -0.0006079736767,  -0.0005504893842,      0.2244490321,                 0,       30.80205764,    0.007482212508
          0,           0,        1077,      -10.38718577,      -9.195960284,      -10.39290456,      -9.969202033,      -14.22382228,     0.01574597947,     0.00728325578,      0.2243350571,                 0,                 0,                 0,  -0.0006073586846,  -0.0005503615674,      0.2244525802,                 0,       30.80147998,    0.007482212508
          0,           0,        1078,      -10.39032024,      -9.194968698,      -10.39894926,      -9.974557996,      -14.22401463,     0.01574597947,    0.007283508202,      0.2243385425,                 0,                 0,                 0,   -0.000606753292,  -0.0005502309387,      0.2244560723,                 0,       30.80089104,    0.007482212508
          0,           0,        1079,      -10.39330417,      -9.193519679,      -10.40488569,      -9.979696613,      -14.22392388,     0.01574597947,    0.007283761742,      0.2243419722,                 0,                 0,                 0,   -0.000606157475,  -0.0005500972492,      0.2244595088,                 0,       30.80028977,    0.007482212508
          0,           0,        1080,      -10.39612395,      -9.191621958,      -10.41069607,      -9.984585765,      -14.22356035,     0.01574597947,    0.007284016673,      0.2243453467,                 0,                 0,                 0,  -0.0006055712186,  -0.0005499602414,      0.2244628901,                 0,       30.79967507,    0.007482212508
          0,           0,        1081,      -10.39876512,      -9.189288877,      -10.41636065,      -9.989191447,      -14.22312689,     0.01574597947,    0.007284273273,      0.2243486663,                 0,                 0,                 0,  -0.0006049945103,  -0.0005498196493,      0.2244662166,                 0,       30.79904582,    0.007482212508
          0,           0,        1082,      -10.40121343,      -9.186538449,       -10.4218583,      -9.993480068,      -14.22273371,     0.01574597947,    0.007284531826,      0.2243519314,                 0,                 0,                 0,   -0.000604427322,  -0.0005496752054,      0.2244694888,                 0,       30.79840089,    0.007482212508
          0,           0,        1083,      -10.40345634,      -9.183394875,       -10.4271688,      -9.997420226,      -14.22250835,     0.01574597947,    0.007284792615,      0.2243551424,                 0,                 0,                 0,  -0.0006038696251,  -0.0005495266378,       0.224472707,                 0,       30.79773911,    0.007482212508
          0,           0,        1084,      -10.40548371,        -9.1798892,      -10.43227405,      -10.00098449,      -14.22262922,     0.01574597947,    0.007285055928,      0.2243582998,                 0,                 0,                 0,  -0.0006033213883,   -0.000549373674,      0.2244758715,                 0,       30.79705935,    0.007482212508
          0,           0,        1085,      -10.40728837,      -9.176059425,      -10.43715913,       -10.0041514,      -14.22330901,     0.01574597947,     0.00728532204,      0.2243614037,                 0,                 0,                 0,  -0.0006027825744,  -0.0005492160505,      0.2244789829,                 0,       30.79636047,    0.007482212508
          0,           0,        1086,      -10.40886589,      -9.171950183,       -10.4418132,      -10.00690493,      -14.22477069,     0.01574597947,    0.007285591207,      0.2243644546,                 0,                 0,                 0,  -0.0006022531408,  -0.0005490535229,      0.2244820413,                 0,       30.79564146,    0.007482212508
          0,           0,        1087,      -10.41021484,      -9.167611433,      -10.44622978,      -10.00923587,      -14.22718052,     0.01574597947,    0.007285863649,      0.2243674529,                 0,                 0,                 0,  -0.0006017330384,  -0.0005488858854,      0.2244850473,                 0,       30.79490143,    0.007482212508
          0,           0,        1088,      -10.41133655,      -9.163096093,      -10.45040569,      -10.01114117,      -14.23052648,     0.01574597947,    0.007286139522,      0.2243703988,                 0,                 0,                 0,  -0.0006012222114,  -0.0005487129922,      0.2244880011,                 0,       30.79413977,    0.007482212508
          0,           0,        1089,      -10.41223536,      -9.158456944,       -10.4543418,      -10.01262475,      -14.23450257,     0.01574597947,    0.007286418902,      0.2243732928,                 0,                 0,                 0,  -0.0006007205937,  -0.0005485347809,       0.224490903,                 0,       30.79335622,    0.007482212508
          0,           0,        1090,      -10.41291875,      -9.153744174,      -10.45804175,      -10.01369775,      -14.23852307,     0.01574597947,     0.00728670177,      0.2243761353,                 0,                 0,                 0,  -0.0006002281126,  -0.0005483512858,      0.2244937537,                 0,       30.79255092,    0.007482212508
          0,           0,        1091,      -10.41339755,      -9.149004869,      -10.46151357,      -10.01437859,       -14.2419769,     0.01574597947,    0.007286988017,      0.2243789268,                 0,                 0,                 0,   -0.000599744689,  -0.0005481626358,      0.2244965534,                 0,       30.79172441,    0.007482212508
          0,           0,        1092,      -10.41368618,      -9.144285126,       -10.4647702,      -10.01469342,      -14.24449222,     0.01574597947,    0.007287277459,       0.224381668,                 0,                 0,                 0,  -0.0005992702389,  -0.0005479690345,       0.224499303,                 0,       30.79087756,    0.007482212508
          0,           0,        1093,      -10.41380248,      -9.139633608,      -10.46783126,      -10.01467549,      -14.24608249,     0.01574597947,    0.007287569874,      0.2243843594,                 0,                 0,                 0,  -0.0005988046768,  -0.0005477707289,      0.2245020031,                 0,       30.79001139,    0.007482212508
          0,           0,        1094,      -10.41376705,      -9.135103332,       -10.4707216,      -10.01436389,      -14.24698142,     0.01574597947,    0.007287865024,       0.224387002,                 0,                 0,                 0,  -0.0005983479138,  -0.0005475679834,      0.2245046543,                 0,       30.78912703,    0.007482212508
          0,           0,        1095,      -10.41360193,      -9.130749695,      -10.47346947,      -10.01380086,      -14.24743455,     0.01574597947,    0.007288162668,      0.2243895965,                 0,                 0,                 0,  -0.0005978998553,  -0.0005473610658,      0.2245072576,                 0,       30.78822561,    0.007482212508
          0,           0,        1096,      -10.41332937,      -9.126625915,      -10.47610308,      -10.01302942,       -14.2476223,     0.01574597947,    0.007288462568,      0.2243921436,                 0,                 0,                 0,  -0.0005974604039,  -0.0005471502417,      0.2245098136,                 0,       30.78730823,    0.007482212508
          0,           0,        1097,      -10.41297115,      -9.122778753,      -10.47864832,      -10.01209182,      -14.24766942,     0.01574597947,    0.007288764492,      0.2243946442,                 0,                 0,                 0,  -0.0005970294631,  -0.0005469357726,      0.2245123233,                 0,         30.786376,    0.007482212508
          0,           0,        1098,      -10.41254854,      -9.119246147,      -10.48112735,      -10.01102909,      -14.24766844,     0.01574597947,    0.007289068207,      0.2243970991,                 0,                 0,                 0,  -0.0005966069402,  -0.0005467179162,      0.2245147873,                 0,       30.78543001,    0.007482212508
          0,           0,        1099,      -10.41208223,      -9.116056683,      -10.48355963,      -10.00988077,      -14.24769499,     0.01574597947,    0.007289373486,       0.224399509,                 0,                 0,                 0,  -0.0005961927514,  -0.0005464969263,      0.2245172063,                 0,       30.78447131,    0.007482212508
          0,           0,        1100,      -10.41159243,      -9.113230257,      -10.48596192,      -10.00868477,      -14.24781563,     0.01574597947,    0.007289680104,      0.2244018745,                 0,                 0,                 0,  -0.0005957868214,  -0.0005462730523,      0.2245195811,                 0,       30.78350097,    0.007482212508
          0,           0,        1101,      -10.41109854,      -9.110779222,      -10.48834906,      -10.00747676,       -14.2480916,     0.01574597947,    0.007289987837,      0.2244041964,                 0,                 0,                 0,  -0.0005953890856,  -0.0005460465395,      0.2245219124,                 0,          30.78252,    0.007482212508
          0,           0,        1102,      -10.41061914,      -9.108709899,      -10.49073491,      -10.00629006,      -14.24858163,     0.01574597947,    0.007290296466,      0.2244064752,                 0,                 0,                 0,  -0.0005949994896,  -0.0005458176282,      0.2245242005,                 0,       30.78152943,    0.007482212508
          0,           0,        1103,      -10.41017167,      -9.107023826,      -10.49313236,      -10.00515502,      -14.24933434,     0.01574597947,    0.007290605773,      0.2244087115,                 0,                 0,                 0,  -0.0005946179871,  -0.0005455865539,      0.2245264462,                 0,       30.78053024,    0.007482212508
          0,           0,        1104,       -10.4097722,      -9.105718809,      -10.49555287,      -10.00409886,      -14.25040153,     0.01574597947,    0.007290915546,      0.2244109057,                 0,                 0,                 0,   -0.000594244539,  -0.0005453535467,      0.2245286499,                 0,       30.77952341,    0.007482212508
          0,           0,        1105,      -10.40943565,      -9.104789953,      -10.49800729,      -10.00314598,      -14.25183064,     0.01574597947,    0.007291225576,      0.2244130583,                 0,                 0,                 0,  -0.0005938791099,  -0.0005451188301,       0.224530812,                 0,       30.77850986,    0.007482212508
          0,           0,        1106,      -10.40917539,       -9.10423046,      -10.50050503,      -10.00231758,      -14.25367512,     0.01574597947,    0.007291535661,      0.2244151697,                 0,                 0,                 0,  -0.0005935216675,  -0.0005448826212,       0.224532933,                 0,       30.77749053,    0.007482212508
          0,           0,        1107,      -10.40900343,      -9.104032246,      -10.50305445,      -10.00163208,      -14.25595444,     0.01574597947,    0.007291845601,      0.2244172403,                 0,                 0,                 0,  -0.0005931721836,  -0.0005446451331,      0.2245350132,                 0,       30.77646629,    0.007482212508
          0,           0,        1108,       -10.4089304,      -9.104186433,      -10.50566268,      -10.00110524,      -14.25871065,     0.01574597947,    0.007292155205,      0.2244192706,                 0,                 0,                 0,  -0.0005928306351,   -0.000544406572,       0.224537053,                 0,       30.77543802,    0.007482212508
          0,           0,        1109,      -10.40896514,      -9.104683808,      -10.50833507,       -10.0007496,      -14.26198022,     0.01574597947,    0.007292464284,      0.2244212608,                 0,                 0,                 0,  -0.0005924969995,  -0.0005441671407,      0.2245390528,                 0,       30.77440658,    0.007482212508
          0,           0,        1110,      -10.40911455,      -9.105514824,      -10.51107504,      -10.00057466,      -14.26579667,     0.01574597947,    0.007292772657,      0.2244232116,                 0,                 0,                 0,  -0.0005921712503,  -0.0005439270378,      0.2245410132,                 0,       30.77337279,    0.007482212508
          0,           0,        1111,      -10.40938402,      -9.106669823,      -10.51388406,      -10.00058731,         -14.27019,     0.01574597947,    0.007293080146,      0.2244251234,                 0,                 0,                 0,  -0.0005918533419,  -0.0005436864547,      0.2245429345,                 0,       30.77233746,    0.007482212508
          0,           0,        1112,      -10.40977888,      -9.108139209,      -10.51676341,      -10.00079463,        -14.275186,     0.01574597947,     0.00729338658,      0.2244269964,                 0,                 0,                 0,  -0.0005915431952,  -0.0005434455753,      0.2245448171,                 0,       30.77130136,    0.007482212508
          0,           0,        1113,      -10.41030627,      -9.109913644,      -10.51971631,      -10.00120648,      -14.28080635,     0.01574597947,    0.007293691792,       0.224428831,                 0,                 0,                 0,   -0.000591240714,  -0.0005432045764,      0.2245466612,                 0,       30.77026524,    0.007482212508
          0,           0,        1114,      -10.41097424,      -9.111984119,      -10.52274986,      -10.00183422,      -14.28706853,     0.01574597947,    0.007293995618,      0.2244306275,                 0,                 0,                 0,  -0.0005909458213,  -0.0005429636319,      0.2245484672,                 0,       30.76922983,    0.007482212508
          0,           0,        1115,      -10.41178862,      -9.114341968,      -10.52587156,      -10.00268553,      -14.29398576,     0.01574597947,      0.0072942979,      0.2244323862,                 0,                 0,                 0,  -0.0005906584531,  -0.0005427229125,      0.2245502354,                 0,       30.76819583,    0.007482212508
          0,           0,        1116,      -10.41275198,      -9.116978837,      -10.52908699,      -10.00376275,      -14.30156686,     0.01574597947,    0.007294598489,      0.2244341077,                 0,                 0,                 0,  -0.0005903785372,  -0.0005424825837,      0.2245519663,                 0,       30.76716395,    0.007482212508
          0,           0,        1117,      -10.41386484,      -9.119886681,      -10.53239959,       -10.0050654,      -14.30981609,     0.01574597947,    0.007294897238,      0.2244357922,                 0,                 0,                 0,  -0.0005901059901,  -0.0005422428048,      0.2245536602,                 0,       30.76613485,    0.007482212508
          0,           0,        1118,      -10.41512701,      -9.123057738,      -10.53581082,      -10.00659205,      -14.31873287,     0.01574597947,     0.00729519401,      0.2244374403,                 0,                 0,                 0,  -0.0005898407173,  -0.0005420037308,      0.2245553176,                 0,       30.76510918,    0.007482212508
          0,           0,        1119,      -10.41653801,      -9.126484493,      -10.53932149,      -10.00834149,      -14.32831128,     0.01574597947,    0.007295488672,      0.2244390524,                 0,                 0,                 0,  -0.0005895826107,  -0.0005417655121,      0.2245569391,                 0,       30.76408758,    0.007482212508
          0,           0,        1120,      -10.41809705,      -9.130159627,      -10.54293208,      -10.01031237,      -14.33853974,     0.01574597947,    0.007295781095,      0.2244406292,                 0,                 0,                 0,  -0.0005893315475,  -0.0005415282949,      0.2245585251,                 0,       30.76307063,    0.007482212508
          0,           0,        1121,      -10.41980278,      -9.134075969,      -10.54664328,      -10.01250293,      -14.34940028,     0.01574597947,    0.007296071157,      0.2244421711,                 0,                 0,                 0,  -0.0005890873907,  -0.0005412922217,      0.2245600762,                 0,       30.76205896,    0.007482212508
          0,           0,        1122,      -10.42165319,      -9.138226424,      -10.55045581,       -10.0149108,       -14.3608677,     0.01574597947,    0.007296358743,      0.2244436788,                 0,                 0,                 0,   -0.000588849987,  -0.0005410574305,       0.224561593,                 0,       30.76105311,    0.007482212508
          0,           0,        1123,      -10.42364549,      -9.142603927,      -10.55437087,      -10.01753259,      -14.37290869,     0.01574597947,    0.007296643742,      0.2244451531,                 0,                 0,                 0,  -0.0005886191677,  -0.0005408240555,      0.2245630763,                 0,       30.76005366,    0.007482212508
          0,           0,        1124,      -10.42577611,      -9.147201383,       -10.5583891,      -10.02036398,      -14.38548082,     0.01574597947,    0.007296926048,      0.2244465945,                 0,                 0,                 0,    -0.00058839475,  -0.0005405922269,      0.2245645267,                 0,       30.75906115,    0.007482212508
          0,           0,        1125,      -10.42804059,      -9.152011621,      -10.56251118,      -10.02339956,      -14.39853158,     0.01574597947,    0.007297205564,       0.224448004,                 0,                 0,                 0,  -0.0005881765352,   -0.000540362071,      0.2245659451,                 0,       30.75807609,    0.007482212508
          0,           0,        1126,      -10.43043374,      -9.157027347,      -10.56673703,      -10.02663276,      -14.41199733,     0.01574597947,    0.007297482196,      0.2244493823,                 0,                 0,                 0,  -0.0005879643111,  -0.0005401337097,      0.2245673322,                 0,       30.75709899,    0.007482212508
          0,           0,        1127,      -10.43294955,      -9.162241109,      -10.57106526,      -10.03005608,      -14.42580224,     0.01574597947,    0.007297755858,      0.2244507303,                 0,                 0,                 0,  -0.0005877578519,  -0.0005399072611,       0.224568689,                 0,       30.75613034,    0.007482212508
          0,           0,        1128,      -10.43558139,      -9.167645265,      -10.57549407,       -10.0336609,      -14.43985753,     0.01574597947,     0.00729802647,      0.2244520491,                 0,                 0,                 0,  -0.0005875569187,   -0.000539682839,      0.2245700164,                 0,        30.7551706,    0.007482212508
          0,           0,        1129,      -10.43832198,      -9.173231962,      -10.58002036,      -10.03743787,      -14.45381134,     0.01574597947,    0.007298293956,      0.2244533396,                 0,                 0,                 0,  -0.0005873612608,  -0.0005394605534,      0.2245713155,                 0,       30.75422023,    0.007482212508
          0,           0,        1130,      -10.44116354,      -9.178994376,      -10.58464016,      -10.04137627,      -14.46794515,     0.01574597947,    0.007298558253,      0.2244546029,                 0,                 0,                 0,  -0.0005871706311,  -0.0005392405037,      0.2245725872,                 0,       30.75327963,    0.007482212508
          0,           0,        1131,      -10.44409852,      -9.184923121,      -10.58934938,      -10.04546778,      -14.48186032,     0.01574597947,    0.007298819297,        0.22445584,                 0,                 0,                 0,  -0.0005869847515,  -0.0005390227931,      0.2245738326,                 0,       30.75234923,    0.007482212508
          0,           0,        1132,      -10.44711848,      -9.191008714,      -10.59414255,      -10.04970161,      -14.49563773,     0.01574597947,    0.007299077033,      0.2244570521,                 0,                 0,                 0,  -0.0005868033489,  -0.0005388075158,       0.224575053,                 0,        30.7514294,    0.007482212508
          0,           0,        1133,      -10.45021378,      -9.197242153,       -10.5990135,      -10.05406502,      -14.50905841,     0.01574597947,    0.007299331409,      0.2244582404,                 0,                 0,                 0,  -0.0005866261307,  -0.0005385947654,      0.2245762495,                 0,       30.75052053,    0.007482212508
          0,           0,        1134,      -10.45337399,      -9.203613616,      -10.60395555,      -10.05854298,      -14.52196367,     0.01574597947,    0.007299582381,      0.2244594061,                 0,                 0,                 0,  -0.0005864528015,  -0.0005383846303,      0.2245774232,                 0,       30.74962298,    0.007482212508
          0,           0,        1135,      -10.45658901,      -9.210113286,       -10.6089617,      -10.06312066,       -14.5342066,     0.01574597947,    0.007299829907,      0.2244605505,                 0,                 0,                 0,  -0.0005862830582,  -0.0005381771941,      0.2245785756,                 0,       30.74873707,    0.007482212508
          0,           0,        1136,      -10.45984986,      -9.216731413,      -10.61402511,      -10.06778509,      -14.54564881,     0.01574597947,    0.007300073953,      0.2244616749,                 0,                 0,                 0,  -0.0005861165898,  -0.0005379725367,      0.2245797078,                 0,       30.74786315,    0.007482212508
          0,           0,        1137,      -10.46314776,      -9.223458248,      -10.61913922,      -10.07252353,      -14.55616674,     0.01574597947,    0.007300314491,      0.2244627806,                 0,                 0,                 0,  -0.0005859530818,  -0.0005377707335,      0.2245808212,                 0,       30.74700149,    0.007482212508
          0,           0,        1138,      -10.46647411,      -9.230284036,      -10.62429796,      -10.07732338,      -14.56565877,     0.01574597947,    0.007300551497,      0.2244638689,                 0,                 0,                 0,   -0.000585792213,  -0.0005375718557,      0.2245819172,                 0,        30.7461524,    0.007482212508
          0,           0,        1139,      -10.46982019,      -9.237198858,      -10.62949509,      -10.08217193,      -14.57405108,     0.01574597947,    0.007300784951,      0.2244649413,                 0,                 0,                 0,  -0.0005856336606,  -0.0005373759699,      0.2245829971,                 0,       30.74531613,    0.007482212508
          0,           0,        1140,      -10.47317752,      -9.244192925,      -10.63472392,      -10.08705608,      -14.58130266,     0.01574597947,    0.007301014839,      0.2244659991,                 0,                 0,                 0,  -0.0005854770984,  -0.0005371831391,      0.2245840623,                 0,       30.74449294,    0.007482212508
          0,           0,        1141,      -10.47653784,       -9.25125646,      -10.63997737,      -10.09196322,      -14.58740685,     0.01574597947,    0.007301241152,      0.2244670438,                 0,                 0,                 0,  -0.0005853221998,  -0.0005369934213,      0.2245851142,                 0,       30.74368304,    0.007482212508
          0,           0,        1142,      -10.47989316,      -9.258379657,      -10.64524754,      -10.09688065,      -14.59239027,     0.01574597947,    0.007301463885,      0.2244680767,                 0,                 0,                 0,  -0.0005851686378,  -0.0005368068707,      0.2245861542,                 0,       30.74288666,    0.007482212508
          0,           0,        1143,      -10.48323576,      -9.265552774,      -10.65052665,      -10.10179594,       -14.5963099,     0.01574597947,    0.007301683038,      0.2244690992,                 0,                 0,                 0,  -0.0005850160873,   -0.000536623537,      0.2245871837,                 0,       30.74210398,    0.007482212508
          0,           0,        1144,      -10.48655825,      -9.272766164,      -10.65580626,      -10.10669691,      -14.59924699,     0.01574597947,    0.007301898613,      0.2244701127,                 0,                 0,                 0,   -0.000584864226,  -0.0005364434655,      0.2245882042,                 0,       30.74133518,    0.007482212508
          0,           0,        1145,      -10.48985364,      -9.280010304,      -10.66107729,      -10.11157171,      -14.60129907,     0.01574597947,     0.00730211062,      0.2244711188,                 0,                 0,                 0,  -0.0005847127348,  -0.0005362666974,       0.224589217,                 0,       30.74058042,    0.007482212508
          0,           0,        1146,      -10.49311544,      -9.287275835,      -10.66633063,      -10.11640913,       -14.6025754,     0.01574597947,    0.007302319069,      0.2244721186,                 0,                 0,                 0,  -0.0005845613002,  -0.0005360932697,      0.2245902235,                 0,       30.73983984,    0.007482212508
          0,           0,        1147,      -10.49633759,        -9.2945536,      -10.67155689,      -10.12119831,      -14.60318562,     0.01574597947,    0.007302523975,      0.2244731136,                 0,                 0,                 0,  -0.0005844096141,  -0.0005359232153,      0.2245912251,                 0,       30.73911355,    0.007482212508
          0,           0,        1148,       -10.4995144,      -9.301834617,      -10.67674627,       -10.1259289,      -14.60323368,     0.01574597947,    0.007302725356,      0.2244741052,                 0,                 0,                 0,  -0.0005842573756,  -0.0005357565622,      0.2245922231,                 0,       30.73840166,    0.007482212508
          0,           0,        1149,      -10.50264079,      -9.309110153,      -10.68188857,      -10.13059105,      -14.60281188,     0.01574597947,    0.007302923234,      0.2244750946,                 0,                 0,                 0,  -0.0005841042916,  -0.0005355933346,      0.2245932188,                 0,       30.73770427,    0.007482212508
          0,           0,        1150,      -10.50571207,      -9.316371845,      -10.68697347,      -10.13517578,      -14.60199603,     0.01574597947,    0.007303117635,      0.2244760832,                 0,                 0,                 0,  -0.0005839500776,  -0.0005354335522,      0.2245942136,                 0,       30.73702142,    0.007482212508
          0,           0,        1151,      -10.50872409,      -9.323611661,      -10.69199054,      -10.13967459,      -14.60084223,     0.01574597947,    0.007303308585,      0.2244770721,                 0,                 0,                 0,  -0.0005837944587,  -0.0005352772308,      0.2245952085,                 0,       30.73635319,    0.007482212508
          0,           0,        1152,      -10.51167323,      -9.330821974,      -10.69692823,      -10.14407977,      -14.59938407,     0.01574597947,    0.007303496116,      0.2244780626,                 0,                 0,                 0,  -0.0005836371701,  -0.0005351243821,       0.224596205,                 0,       30.73569959,    0.007482212508
          0,           0,        1153,      -10.51455631,      -9.337995604,      -10.70177594,      -10.14838436,      -14.59762708,     0.01574597947,     0.00730368026,      0.2244790558,                 0,                 0,                 0,  -0.0005834779575,  -0.0005349750139,       0.224597204,                 0,       30.73506066,    0.007482212508
          0,           0,        1154,      -10.51737075,      -9.345125855,      -10.70652201,      -10.15258217,      -14.59556486,     0.01574597947,    0.007303861053,      0.2244800529,                 0,                 0,                 0,  -0.0005833165763,  -0.0005348291298,      0.2245982068,                 0,       30.73443639,    0.007482212508
          0,           0,        1155,      -10.52011433,      -9.352206544,      -10.71115515,      -10.15666791,      -14.59315961,     0.01574597947,    0.007304038533,       0.224481055,                 0,                 0,                 0,  -0.0005831527903,  -0.0005346867278,      0.2245992145,                 0,       30.73382677,    0.007482212508
          0,           0,        1156,      -10.52278559,      -9.359232033,      -10.71566409,      -10.16063742,      -14.59035369,     0.01574597947,    0.007304212748,      0.2244820629,                 0,                 0,                 0,    -0.00058298637,  -0.0005345477968,      0.2246002279,                 0,       30.73323172,    0.007482212508
          0,           0,        1157,      -10.52538431,      -9.366197365,      -10.72003951,      -10.16448879,      -14.58707075,     0.01574597947,    0.007304383743,      0.2244830777,                 0,                 0,                 0,  -0.0005828170996,  -0.0005344123199,       0.224601248,                 0,       30.73265118,    0.007482212508
          0,           0,        1158,      -10.52791134,      -9.373098335,      -10.72427477,      -10.16822252,      -14.58321498,     0.01574597947,    0.007304551566,      0.2244841001,                 0,                 0,                 0,  -0.0005826447936,  -0.0005342802799,      0.2246022756,                 0,       30.73208506,    0.007482212508
          0,           0,        1159,      -10.53036797,      -9.379931501,      -10.72836347,      -10.17183948,      -14.57869373,     0.01574597947,    0.007304716271,      0.2244851307,                 0,                 0,                 0,  -0.0005824692903,  -0.0005341516449,      0.2246033114,                 0,       30.73153322,    0.007482212508
          0,           0,        1160,       -10.5327576,      -9.386694488,      -10.73230425,      -10.17534407,      -14.57339332,     0.01574597947,    0.007304877893,      0.2244861704,                 0,                 0,                 0,  -0.0005822904521,  -0.0005340264046,      0.2246043561,                 0,        30.7309956,    0.007482212508
          0,           0,        1161,      -10.53508166,       -9.39338571,      -10.73609181,      -10.17873651,      -14.56716949,     0.01574597947,    0.007305036466,      0.2244872197,                 0,                 0,                 0,  -0.0005821081825,  -0.0005339045491,      0.2246054103,                 0,       30.73047216,    0.007482212508
          0,           0,        1162,      -10.53733917,      -9.400004715,      -10.73971538,      -10.18201278,      -14.56010321,     0.01574597947,    0.007305192041,      0.2244882793,                 0,                 0,                 0,  -0.0005819223777,  -0.0005337860478,      0.2246064746,                 0,       30.72996275,    0.007482212508
          0,           0,        1163,      -10.53953011,      -9.406551634,      -10.74316341,      -10.18517104,      -14.55191346,     0.01574597947,    0.007305344673,      0.2244893497,                 0,                 0,                 0,  -0.0005817329432,  -0.0005336708635,      0.2246075497,                 0,       30.72946722,    0.007482212508
          0,           0,        1164,      -10.54165624,      -9.413026351,      -10.74642816,      -10.18821408,      -14.54261455,     0.01574597947,    0.007305494414,      0.2244904312,                 0,                 0,                 0,   -0.000581539783,  -0.0005335589604,      0.2246086358,                 0,       30.72898541,    0.007482212508
          0,           0,        1165,      -10.54372112,      -9.419428631,      -10.74950637,      -10.19114934,      -14.53219825,     0.01574597947,    0.007305641317,      0.2244915244,                 0,                 0,                 0,  -0.0005813428102,  -0.0005334502987,      0.2246097334,                 0,       30.72851714,    0.007482212508
          0,           0,        1166,      -10.54572865,       -9.42575825,      -10.75239881,      -10.19398469,      -14.52067861,     0.01574597947,    0.007305785437,      0.2244926295,                 0,                 0,                 0,  -0.0005811419557,  -0.0005333448351,      0.2246108429,                 0,       30.72806223,    0.007482212508
          0,           0,        1167,      -10.54768265,       -9.43201508,      -10.75510891,       -10.1967279,       -14.5081039,     0.01574597947,    0.007305926829,      0.2244937469,                 0,                 0,                 0,  -0.0005809371667,  -0.0005332425232,      0.2246119645,                 0,       30.72762048,    0.007482212508
          0,           0,        1168,      -10.54958666,      -9.438199109,      -10.75764145,      -10.19938639,      -14.49454218,     0.01574597947,     0.00730606555,      0.2244948766,                 0,                 0,                 0,  -0.0005807284114,  -0.0005331433136,      0.2246130984,                 0,       30.72719168,    0.007482212508
          0,           0,        1169,      -10.55144419,      -9.444310451,      -10.76000113,      -10.20196743,      -14.48009066,     0.01574597947,    0.007306201656,      0.2244960188,                 0,                 0,                 0,  -0.0005805156767,  -0.0005330471536,      0.2246142447,                 0,       30.72677561,    0.007482212508
          0,           0,        1170,      -10.55325868,      -9.450349351,      -10.76219402,       -10.2044783,      -14.46485599,     0.01574597947,    0.007306335202,      0.2244971736,                 0,                 0,                 0,  -0.0005802989704,  -0.0005329539879,      0.2246154034,                 0,       30.72637202,    0.007482212508
          0,           0,        1171,      -10.55503359,      -9.456316255,      -10.76422595,       -10.2069263,      -14.44899663,     0.01574597947,    0.007306466246,      0.2244983407,                 0,                 0,                 0,  -0.0005800783194,  -0.0005328637583,      0.2246165744,                 0,       30.72598068,    0.007482212508
          0,           0,        1172,       -10.5567725,      -9.462211801,      -10.76610384,      -10.20931923,      -14.43262154,     0.01574597947,    0.007306594844,      0.2244995203,                 0,                 0,                 0,   -0.000579853771,  -0.0005327764036,      0.2246177577,                 0,       30.72560133,    0.007482212508
          0,           0,        1173,      -10.55847913,      -9.468036802,      -10.76783589,      -10.21166559,      -14.41587159,     0.01574597947,    0.007306721052,      0.2245007119,                 0,                 0,                 0,  -0.0005796253914,  -0.0005326918602,       0.224618953,                 0,        30.7252337,    0.007482212508
          0,           0,        1174,      -10.56015755,      -9.473792248,      -10.76943185,      -10.21397451,      -14.39888154,     0.01574597947,    0.007306844928,      0.2245019154,                 0,                 0,                 0,  -0.0005793932654,  -0.0005326100611,      0.2246201601,                 0,       30.72487751,    0.007482212508
          0,           0,        1175,      -10.56181211,      -9.479479267,        -10.770904,      -10.21625613,      -14.38177851,     0.01574597947,    0.007306966529,      0.2245031304,                 0,                 0,                 0,  -0.0005791574958,   -0.000532530937,      0.2246213786,                 0,       30.72453247,    0.007482212508
          0,           0,        1176,      -10.56344715,      -9.485099107,      -10.77226618,      -10.21852094,      -14.36467998,     0.01574597947,     0.00730708591,      0.2245043564,                 0,                 0,                 0,  -0.0005789182033,  -0.0005324544153,       0.224622608,                 0,       30.72419829,    0.007482212508
          0,           0,        1177,      -10.56506722,       -9.49065311,      -10.77353437,      -10.22078002,      -14.34769249,     0.01574597947,    0.007307203131,       0.224505593,                 0,                 0,                 0,  -0.0005786755254,  -0.0005323804207,      0.2246238479,                 0,       30.72387464,    0.007482212508
          0,           0,        1178,      -10.56667688,      -9.496142683,      -10.77472585,      -10.22304434,      -14.33091041,     0.01574597947,    0.007307318248,      0.2245068394,                 0,                 0,                 0,  -0.0005784296168,  -0.0005323088752,      0.2246250977,                 0,        30.7235612,    0.007482212508
          0,           0,        1179,      -10.56828053,      -9.501569285,      -10.77585868,      -10.22532516,      -14.31441777,     0.01574597947,     0.00730743132,      0.2245080952,                 0,                 0,                 0,  -0.0005781806479,  -0.0005322396978,      0.2246263566,                 0,       30.72325765,    0.007482212508
          0,           0,        1180,      -10.56988241,      -9.506934396,      -10.77695176,      -10.22763308,      -14.29828682,     0.01574597947,    0.007307542404,      0.2245093595,                 0,                 0,                 0,  -0.0005779288049,   -0.000532172805,       0.224627624,                 0,       30.72296363,    0.007482212508
          0,           0,        1181,      -10.57148664,      -9.512239497,      -10.77802286,      -10.22997858,      -14.28257942,     0.01574597947,    0.007307651559,      0.2245106316,                 0,                 0,                 0,  -0.0005776742887,  -0.0005321081104,      0.2246288991,                 0,       30.72267879,    0.007482212508
          0,           0,        1182,      -10.57309698,      -9.517486065,      -10.77909063,      -10.23237157,      -14.26734796,     0.01574597947,    0.007307758845,      0.2245119105,                 0,                 0,                 0,  -0.0005774173145,  -0.0005320455253,       0.224630181,                 0,       30.72240276,    0.007482212508
          0,           0,        1183,      -10.57471706,      -9.522675556,      -10.78017266,      -10.23482179,      -14.25263635,     0.01574597947,     0.00730786432,      0.2245131955,                 0,                 0,                 0,  -0.0005771581107,  -0.0005319849585,      0.2246314689,                 0,       30.72213517,    0.007482212508
          0,           0,        1184,      -10.57635025,      -9.527809389,       -10.7812864,      -10.23733854,      -14.23848103,     0.01574597947,    0.007307968044,      0.2245144854,                 0,                 0,                 0,  -0.0005768969183,  -0.0005319263164,      0.2246327617,                 0,       30.72187564,    0.007482212508
          0,           0,        1185,      -10.57799976,      -9.532888946,      -10.78244948,      -10.23993086,      -14.22491191,     0.01574597947,    0.007308070077,      0.2245157794,                 0,                 0,                 0,  -0.0005766339899,  -0.0005318695034,      0.2246340584,                 0,       30.72162377,    0.007482212508
          0,           0,        1186,      -10.57966859,      -9.537915587,      -10.78367824,      -10.24260769,      -14.21195319,     0.01574597947,    0.007308170478,      0.2245170762,                 0,                 0,                 0,  -0.0005763695888,  -0.0005318144218,      0.2246353579,                 0,       30.72137915,    0.007482212508
          0,           0,        1187,      -10.58135953,      -9.542890616,       -10.7849897,      -10.24537741,      -14.19962394,     0.01574597947,    0.007308269308,      0.2245183748,                 0,                 0,                 0,  -0.0005761039876,  -0.0005317609723,      0.2246366592,                 0,        30.7211414,    0.007482212508
          0,           0,        1188,      -10.58307518,      -9.547815304,      -10.78639993,       -10.2482483,      -14.18793719,     0.01574597947,    0.007308366627,       0.224519674,                 0,                 0,                 0,  -0.0005758374669,  -0.0005317090536,      0.2246379609,                 0,       30.72091008,    0.007482212508
          0,           0,        1189,      -10.58481787,      -9.552691008,      -10.78792509,      -10.25122845,      -14.17689097,     0.01574597947,    0.007308462494,      0.2245209725,                 0,                 0,                 0,  -0.0005755703129,   -0.000531658564,      0.2246392621,                 0,       30.72068478,    0.007482212508
          0,           0,        1190,      -10.58658974,      -9.557519409,      -10.78958059,      -10.25432529,      -14.16654889,     0.01574597947,     0.00730855697,      0.2245222693,                 0,                 0,                 0,  -0.0005753028137,  -0.0005316094019,      0.2246405613,                 0,       30.72046509,    0.007482212508
          0,           0,        1191,      -10.58839264,      -9.562302635,      -10.79138109,      -10.25754531,      -14.15686749,     0.01574597947,    0.007308650117,      0.2245235629,                 0,                 0,                 0,  -0.0005750352764,  -0.0005315614593,      0.2246418574,                 0,       30.72025057,    0.007482212508
          0,           0,        1192,      -10.59022866,       -9.56704124,      -10.79334035,      -10.26089683,       -14.1478599,     0.01574597947,    0.007308741996,      0.2245248522,                 0,                 0,                 0,  -0.0005747680023,  -0.0005315146296,      0.2246431491,                 0,       30.72004078,    0.007482212508
          0,           0,        1193,      -10.59209914,      -9.571735038,      -10.79547269,      -10.26438641,      -14.13952667,     0.01574597947,     0.00730883267,      0.2245261357,                 0,                 0,                 0,  -0.0005745012975,   -0.000531468806,       0.224644435,                 0,       30.71983528,    0.007482212508
          0,           0,        1194,      -10.59400439,      -9.576383551,      -10.79779059,       -10.2680188,      -14.13187766,     0.01574597947,    0.007308922201,      0.2245274122,                 0,                 0,                 0,  -0.0005742354698,  -0.0005314238801,      0.2246457139,                 0,       30.71963363,    0.007482212508
          0,           0,        1195,      -10.59594427,      -9.580986271,      -10.80030615,      -10.27179762,      -14.12492246,     0.01574597947,     0.00730901065,      0.2245286804,                 0,                 0,                 0,   -0.000573970827,  -0.0005313797442,      0.2246469844,                 0,       30.71943539,    0.007482212508
          0,           0,        1196,      -10.59791838,       -9.58554302,      -10.80302943,      -10.27572588,      -14.11864361,     0.01574597947,    0.007309098079,      0.2245299389,                 0,                 0,                 0,  -0.0005737076803,  -0.0005313362895,      0.2246482452,                 0,       30.71924012,    0.007482212508
          0,           0,        1197,       -10.5999262,      -9.590053278,      -10.80596933,      -10.27980602,      -14.11304223,     0.01574597947,    0.007309184549,      0.2245311864,                 0,                 0,                 0,  -0.0005734463404,  -0.0005312934064,      0.2246494949,                 0,       30.71904736,    0.007482212508
          0,           0,        1198,      -10.60196661,      -9.594516095,       -10.8091337,      -10.28403985,       -14.1081174,     0.01574597947,    0.007309270123,      0.2245324214,                 0,                 0,                 0,  -0.0005731871167,  -0.0005312509863,      0.2246507321,                 0,       30.71885668,    0.007482212508
          0,           0,        1199,      -10.60403859,      -9.598930645,       -10.8125293,      -10.28842896,      -14.10386684,     0.01574597947,    0.007309354862,      0.2245336426,                 0,                 0,                 0,  -0.0005729303175,    -0.00053120892,      0.2246519556,                 0,       30.71866763,    0.007482212508
          0,           0,        1200,      -10.60614054,       -9.60329603,      -10.81616179,      -10.29297357,      -14.10028765,     0.01574597947,    0.007309438828,      0.2245348488,                 0,                 0,                 0,  -0.0005726762471,  -0.0005311670986,      0.2246531639,                 0,       30.71847977,    0.007482212508
          0,           0,        1201,      -10.60827064,      -9.607611205,      -10.82003565,      -10.29767328,      -14.09737647,     0.01574597947,    0.007309522081,      0.2245360384,                 0,                 0,                 0,  -0.0005724252039,  -0.0005311254139,      0.2246543558,                 0,       30.71829265,    0.007482212508
          0,           0,        1202,      -10.61042661,      -9.611874859,       -10.8241543,       -10.3025269,      -14.09512964,     0.01574597947,    0.007309604685,      0.2245372103,                 0,                 0,                 0,  -0.0005721774782,  -0.0005310837585,      0.2246555298,                 0,       30.71810583,    0.007482212508
          0,           0,        1203,      -10.61260579,      -9.616085394,      -10.82851828,      -10.30753215,      -14.09354305,     0.01574597947,    0.007309686701,      0.2245383631,                 0,                 0,                 0,   -0.000571933349,  -0.0005310420262,      0.2246566848,                 0,       30.71791888,    0.007482212508
          0,           0,        1204,       -10.6148049,      -9.620240824,      -10.83312777,      -10.31268515,      -14.09260896,     0.01574597947,    0.007309768192,      0.2245394957,                 0,                 0,                 0,  -0.0005716930836,  -0.0005310001127,      0.2246578196,                 0,       30.71773138,    0.007482212508
          0,           0,        1205,      -10.61702045,      -9.624338786,      -10.83798003,      -10.31798168,      -14.09233799,     0.01574597947,    0.007309849219,       0.224540607,                 0,                 0,                 0,  -0.0005714569347,  -0.0005309579157,       0.224658933,                 0,        30.7175429,    0.007482212508
          0,           0,        1206,      -10.61924863,       -9.62837666,      -10.84307045,       -10.3234156,      -14.09271383,     0.01574597947,    0.007309929845,      0.2245416957,                 0,                 0,                 0,   -0.000571225141,  -0.0005309153352,      0.2246600238,                 0,       30.71735303,    0.007482212508
          0,           0,        1207,      -10.62148543,      -9.632351206,      -10.84839315,      -10.32898052,      -14.09373485,     0.01574597947,    0.007310010131,      0.2245427609,                 0,                 0,                 0,  -0.0005709979271,  -0.0005308722726,      0.2246610912,                 0,       30.71716138,    0.007482212508
          0,           0,        1208,      -10.62372673,      -9.636258334,      -10.85394035,      -10.33466896,      -14.09539813,     0.01574597947,    0.007310090139,      0.2245438015,                 0,                 0,                 0,  -0.0005707755046,  -0.0005308286314,       0.224662134,                 0,       30.71696754,    0.007482212508
          0,           0,        1209,      -10.62596816,      -9.640093088,      -10.85970346,      -10.34047255,      -14.09770057,     0.01574597947,    0.007310169933,      0.2245448167,                 0,                 0,                 0,  -0.0005705580787,  -0.0005307843147,      0.2246631513,                 0,       30.71677112,    0.007482212508
          0,           0,        1210,       -10.6282052,      -9.643849569,      -10.86567163,      -10.34638207,      -14.10063906,     0.01574597947,     0.00731024958,      0.2245458054,                 0,                 0,                 0,  -0.0005703458608,  -0.0005307392225,      0.2246641422,                 0,       30.71657171,    0.007482212508
          0,           0,        1211,      -10.63043403,      -9.647520962,      -10.87183489,      -10.35238967,      -14.10421051,     0.01574597947,    0.007310329149,      0.2245467668,                 0,                 0,                 0,  -0.0005701390706,   -0.000530693252,      0.2246651057,                 0,       30.71636888,    0.007482212508
          0,           0,        1212,        -10.632652,      -9.651099653,      -10.87818387,      -10.35848999,      -14.10841178,     0.01574597947,    0.007310408698,      0.2245476999,                 0,                 0,                 0,  -0.0005699378586,  -0.0005306463189,      0.2246660411,                 0,       30.71616228,    0.007482212508
          0,           0,        1213,      -10.63485534,       -9.65457701,      -10.88470731,      -10.36467292,      -14.11323916,     0.01574597947,    0.007310488271,      0.2245486044,                 0,                 0,                 0,  -0.0005697422918,  -0.0005305983596,      0.2246669478,                 0,       30.71595167,    0.007482212508
          0,           0,        1214,      -10.63703504,      -9.657942901,       -10.8913824,      -10.37091224,       -14.1186867,     0.01574597947,    0.007310567943,      0.2245494793,                 0,                 0,                 0,  -0.0005695525722,  -0.0005305492699,       0.224667825,                 0,        30.7157366,    0.007482212508
          0,           0,        1215,      -10.63918605,      -9.661186379,       -10.8981871,      -10.37719081,      -14.12476537,     0.01574597947,    0.007310647782,       0.224550324,                 0,                 0,                 0,  -0.0005693688615,  -0.0005304989577,      0.2246686719,                 0,       30.71551669,    0.007482212508
          0,           0,        1216,      -10.64130624,      -9.664296644,      -10.90510075,      -10.38349619,      -14.13145703,     0.01574597947,    0.007310727836,      0.2245511379,                 0,                 0,                 0,  -0.0005691912174,  -0.0005304473597,      0.2246694882,                 0,       30.71529169,    0.007482212508
          0,           0,        1217,      -10.64338815,      -9.667260162,      -10.91209194,      -10.38980018,      -14.13875962,     0.01574597947,    0.007310808171,      0.2245519207,                 0,                 0,                 0,  -0.0005690197397,  -0.0005303943925,      0.2246702733,                 0,       30.71506124,    0.007482212508
          0,           0,        1218,      -10.64542362,      -9.670061597,      -10.91912386,      -10.39607145,      -14.14666916,     0.01574597947,    0.007310888854,       0.224552672,                 0,                 0,                 0,   -0.000568854509,  -0.0005303399764,      0.2246710269,                 0,       30.71482503,    0.007482212508
          0,           0,        1219,      -10.64740566,      -9.672684144,      -10.92615479,      -10.40228016,      -14.15518063,     0.01574597947,    0.007310969951,      0.2245533913,                 0,                 0,                 0,  -0.0005686956021,  -0.0005302840324,      0.2246717486,                 0,       30.71458271,    0.007482212508
          0,           0,        1220,      -10.64932811,      -9.675109635,      -10.93314165,      -10.40839704,      -14.16428797,     0.01574597947,     0.00731105153,      0.2245540783,                 0,                 0,                 0,  -0.0005685430819,  -0.0005302264815,      0.2246724381,                 0,       30.71433397,    0.007482212508
          0,           0,        1221,      -10.65118499,      -9.677318525,      -10.94003844,      -10.41439038,      -14.17398387,     0.01574597947,    0.007311133661,      0.2245547329,                 0,                 0,                 0,  -0.0005683970033,  -0.0005301672456,      0.2246730951,                 0,       30.71407847,    0.007482212508
          0,           0,        1222,      -10.65297035,      -9.679289896,      -10.94679563,      -10.42022569,      -14.18425935,     0.01574597947,    0.007311216417,      0.2245553549,                 0,                 0,                 0,   -0.000568257412,  -0.0005301062462,      0.2246737196,                 0,       30.71381588,    0.007482212508
          0,           0,        1223,      -10.65467792,      -9.681001514,      -10.95336007,      -10.42586493,      -14.19510333,     0.01574597947,    0.007311299871,      0.2245559441,                 0,                 0,                 0,   -0.000568124344,  -0.0005300434046,      0.2246743113,                 0,       30.71354588,    0.007482212508
          0,           0,        1224,      -10.65630148,      -9.682429789,      -10.95967406,      -10.43126682,      -14.20650202,     0.01574597947,    0.007311384101,      0.2245565004,                 0,                 0,                 0,  -0.0005679978262,  -0.0005299786417,      0.2246748703,                 0,       30.71326814,    0.007482212508
          0,           0,        1225,      -10.65783451,      -9.683549829,      -10.96567604,      -10.43638633,      -14.21843816,     0.01574597947,    0.007311469186,      0.2245570238,                 0,                 0,                 0,  -0.0005678778756,  -0.0005299118772,      0.2246753964,                 0,       30.71298232,    0.007482212508
          0,           0,        1226,      -10.65927055,      -9.684335601,      -10.97130064,      -10.44117657,      -14.23089009,     0.01574597947,    0.007311555209,      0.2245575145,                 0,                 0,                 0,  -0.0005677644998,  -0.0005298430299,      0.2246758897,                 0,       30.71268808,    0.007482212508
          0,           0,        1227,      -10.66060308,      -9.684760016,      -10.97647985,      -10.44558788,       -14.2438307,     0.01574597947,    0.007311642258,      0.2245579725,                 0,                 0,                 0,  -0.0005676576956,  -0.0005297720169,      0.2246763505,                 0,       30.71238506,    0.007482212508
          0,           0,        1228,      -10.66182545,      -9.684795041,      -10.98114385,      -10.44956901,      -14.25722608,     0.01574597947,    0.007311730423,      0.2245583979,                 0,                 0,                 0,  -0.0005675574501,  -0.0005296987534,      0.2246767787,                 0,       30.71207292,    0.007482212508
          0,           0,        1229,      -10.66293095,       -9.68441192,      -10.98522149,      -10.45306796,      -14.27103402,     0.01574597947,      0.0073118198,      0.2245587911,                 0,                 0,                 0,  -0.0005674637397,  -0.0005296231527,      0.2246771748,                 0,       30.71175128,    0.007482212508
          0,           0,        1230,      -10.66391265,      -9.683581382,       -10.9886429,      -10.45603206,      -14.28520219,     0.01574597947,    0.007311910487,      0.2245591523,                 0,                 0,                 0,  -0.0005673765301,  -0.0005295451255,      0.2246775389,                 0,       30.71141977,    0.007482212508
          0,           0,        1231,      -10.66476345,      -9.682273933,      -10.99134131,      -10.45840913,      -14.29966612,     0.01574597947,     0.00731200259,      0.2245594818,                 0,                 0,                 0,  -0.0005672957763,  -0.0005294645798,      0.2246778715,                 0,       30.71107799,    0.007482212508
          0,           0,        1232,      -10.66547582,      -9.680460173,      -10.99325243,      -10.46014832,      -14.31434695,     0.01574597947,    0.007312096218,      0.2245597802,                 0,                 0,                 0,  -0.0005672214232,  -0.0005293814203,      0.2246781729,                 0,       30.71072555,    0.007482212508
          0,           0,        1233,      -10.66604194,      -9.678111164,      -10.99431967,      -10.46120145,      -14.32914902,     0.01574597947,    0.007312191487,      0.2245600477,                 0,                 0,                 0,  -0.0005671534041,  -0.0005292955482,      0.2246784436,                 0,       30.71036202,    0.007482212508
          0,           0,        1234,      -10.66645332,      -9.675198849,      -10.99449366,      -10.46152325,      -14.34395751,     0.01574597947,    0.007312288517,      0.2245602851,                 0,                 0,                 0,  -0.0005670916431,  -0.0005292068605,      0.2246786842,                 0,       30.70998697,    0.007482212508
          0,           0,        1235,      -10.66670086,      -9.671696532,      -10.99373303,      -10.46107268,      -14.35863627,     0.01574597947,    0.007312387436,      0.2245604928,                 0,                 0,                 0,  -0.0005670360528,  -0.0005291152498,      0.2246788952,                 0,       30.70959994,    0.007482212508
          0,           0,        1236,      -10.66677456,      -9.667579344,      -10.99200812,      -10.45981361,      -14.37302622,     0.01574597947,    0.007312488377,      0.2245606714,                 0,                 0,                 0,  -0.0005669865371,  -0.0005290206032,      0.2246790773,                 0,       30.70920045,    0.007482212508
          0,           0,        1237,      -10.66666342,      -9.662824746,      -10.98929777,      -10.45771571,      -14.38694471,     0.01574597947,    0.007312591483,      0.2245608216,                 0,                 0,                 0,    -0.00056694299,  -0.0005289228021,       0.224679231,                 0,         30.708788,    0.007482212508
          0,           0,        1238,      -10.66635537,      -9.657412971,      -10.98559388,      -10.45475526,      -14.40018656,     0.01574597947,    0.007312696902,       0.224560944,                 0,                 0,                 0,  -0.0005669052977,  -0.0005288217208,       0.224679357,                 0,       30.70836205,    0.007482212508
          0,           0,        1239,      -10.66583696,      -9.651327529,      -10.98089643,      -10.45091522,      -14.41252712,     0.01574597947,     0.00731280479,      0.2245610394,                 0,                 0,                 0,  -0.0005668733392,  -0.0005287172261,      0.2246794561,                 0,       30.70792204,    0.007482212508
          0,           0,        1240,      -10.66509348,       -9.64455558,      -10.97521632,      -10.44618495,      -14.42372817,     0.01574597947,    0.007312915316,      0.2245611084,                 0,                 0,                 0,  -0.0005668469891,  -0.0005286091754,      0.2246795289,                 0,       30.70746736,    0.007482212508
          0,           0,        1241,      -10.66410879,      -9.637088275,      -10.96857203,      -10.44056156,      -14.43353102,     0.01574597947,    0.007313028654,      0.2245611516,                 0,                 0,                 0,  -0.0005668261195,  -0.0005284974161,      0.2246795761,                 0,       30.70699737,    0.007482212508
          0,           0,        1242,       -10.6628655,      -9.628921111,      -10.96098971,      -10.43404853,      -14.44168654,     0.01574597947,    0.007313144995,      0.2245611699,                 0,                 0,                 0,  -0.0005668106066,  -0.0005283817831,      0.2246795984,                 0,       30.70651136,    0.007482212508
          0,           0,        1243,       -10.6613444,      -9.620053647,      -10.95249935,      -10.42665479,      -14.44800529,     0.01574597947,    0.007313264537,      0.2245611637,                 0,                 0,                 0,  -0.0005668003303,  -0.0005282620982,      0.2246795964,                 0,       30.70600859,    0.007482212508
          0,           0,        1244,      -10.65952541,      -9.610489657,      -10.94313406,      -10.41839466,      -14.45230582,     0.01574597947,    0.007313387494,      0.2245611337,                 0,                 0,                 0,  -0.0005667951786,  -0.0005281381701,      0.2246795707,                 0,       30.70548825,    0.007482212508
          0,           0,        1245,      -10.65738802,      -9.600237365,      -10.93292986,      -10.40928781,      -14.45446511,     0.01574597947,     0.00731351409,      0.2245610805,                 0,                 0,                 0,  -0.0005667950521,  -0.0005280097919,      0.2246795219,                 0,       30.70494945,    0.007482212508
          0,           0,        1246,      -10.65491168,      -9.589309409,      -10.92192173,      -10.39935819,      -14.45423474,     0.01574597947,    0.007313644567,      0.2245610044,                 0,                 0,                 0,  -0.0005667998665,  -0.0005278767404,      0.2246794504,                 0,       30.70439127,    0.007482212508
          0,           0,        1247,      -10.65207636,      -9.577723886,      -10.91014454,      -10.38863439,      -14.45182364,     0.01574597947,    0.007313779183,       0.224560906,                 0,                 0,                 0,  -0.0005668095659,  -0.0005277387718,      0.2246793568,                 0,       30.70381268,    0.007482212508
          0,           0,        1248,      -10.64886172,      -9.565500744,      -10.89763086,      -10.37714473,      -14.44738584,     0.01574597947,    0.007313918207,      0.2245607856,                 0,                 0,                 0,  -0.0005668240982,  -0.0005275956292,      0.2246792413,                 0,       30.70321259,    0.007482212508
          0,           0,        1249,      -10.64524993,      -9.552664038,      -10.88441168,       -10.3649239,      -14.44098804,     0.01574597947,    0.007314061925,      0.2245606435,                 0,                 0,                 0,  -0.0005668434239,  -0.0005274470402,      0.2246791043,                 0,       30.70258986,    0.007482212508
          0,           0,        1250,      -10.64122629,      -9.539241669,      -10.87051739,      -10.35201167,      -14.43280482,     0.01574597947,    0.007314210637,        0.22456048,                 0,                 0,                 0,  -0.0005668675169,  -0.0005272927145,      0.2246789461,                 0,       30.70194327,    0.007482212508
          0,           0,        1251,      -10.63677865,      -9.525264919,      -10.85597901,      -10.33845036,      -14.42304432,     0.01574597947,     0.00731436466,      0.2245602955,                 0,                 0,                 0,  -0.0005668963531,  -0.0005271323457,      0.2246787671,                 0,       30.70127153,    0.007482212508
          0,           0,        1252,      -10.63189767,      -9.510768206,      -10.84082721,       -10.3242844,      -14.41198433,     0.01574597947,    0.007314524326,      0.2245600902,                 0,                 0,                 0,  -0.0005669299077,  -0.0005269656125,      0.2246785675,                 0,        30.7005733,    0.007482212508
          0,           0,        1253,      -10.62657671,      -9.495787901,      -10.82509101,       -10.3095602,      -14.39980969,     0.01574597947,    0.007314689985,      0.2245598645,                 0,                 0,                 0,  -0.0005669681467,  -0.0005267921769,      0.2246783477,                 0,       30.69984715,    0.007482212508
          0,           0,        1254,      -10.62081108,      -9.480361794,      -10.80879683,      -10.29432319,      -14.38675497,     0.01574597947,    0.007314862003,      0.2245596187,                 0,                 0,                 0,  -0.0005670110229,  -0.0005266116851,       0.224678108,                 0,        30.6990916,    0.007482212508
          0,           0,        1255,      -10.61459762,      -9.464528477,      -10.79196886,       -10.2786174,      -14.37303736,     0.01574597947,    0.007315040765,      0.2245593532,                 0,                 0,                 0,  -0.0005670584719,  -0.0005264237672,       0.224677849,                 0,        30.6983051,    0.007482212508
          0,           0,        1256,      -10.60793452,      -9.448327085,      -10.77462897,        -10.262485,      -14.35885762,     0.01574597947,    0.007315226674,      0.2245590685,                 0,                 0,                 0,  -0.0005671104092,  -0.0005262280363,      0.2246775709,                 0,       30.69748602,    0.007482212508
          0,           0,        1257,      -10.60082132,      -9.431797247,      -10.75679663,      -10.24596635,      -14.34439935,     0.01574597947,    0.007315420153,      0.2245587652,                 0,                 0,                 0,  -0.0005671667296,   -0.000526024088,      0.2246772745,                 0,       30.69663266,    0.007482212508
          0,           0,        1258,      -10.59325884,      -9.414979149,      -10.73848985,       -10.2290999,      -14.32982751,     0.01574597947,    0.007315621646,      0.2245584437,                 0,                 0,                 0,  -0.0005672273066,  -0.0005258114999,      0.2246769603,                 0,       30.69574325,    0.007482212508
          0,           0,        1259,       -10.5852494,      -9.397913413,      -10.71972617,      -10.21192274,      -14.31527617,     0.01574597947,    0.007315831616,      0.2245581048,                 0,                 0,                 0,   -0.000567291994,  -0.0005255898303,       0.224676629,                 0,       30.69481593,    0.007482212508
          0,           0,        1260,      -10.57679696,      -9.380640737,      -10.70052324,      -10.19447049,      -14.30090809,     0.01574597947,    0.007316050551,      0.2245577492,                 0,                 0,                 0,   -0.000567360628,  -0.0005253586175,      0.2246762812,                 0,       30.69384877,    0.007482212508
          0,           0,        1261,      -10.56790699,      -9.363201491,      -10.68089951,      -10.17677725,      -14.28684604,     0.01574597947,    0.007316278956,      0.2245573775,                 0,                 0,                 0,  -0.0005674330265,  -0.0005251173803,      0.2246759177,                 0,       30.69283975,    0.007482212508
          0,           0,        1262,      -10.55858701,      -9.345635067,      -10.66087504,      -10.15887604,      -14.27309708,     0.01574597947,     0.00731651736,      0.2245569906,                 0,                 0,                 0,  -0.0005675089912,  -0.0005248656185,      0.2246755393,                 0,       30.69178676,    0.007482212508
          0,           0,        1263,      -10.54884661,      -9.327978047,      -10.64046824,      -10.14079879,      -14.25994792,     0.01574597947,    0.007316766316,      0.2245565893,                 0,                 0,                 0,   -0.000567588299,  -0.0005246028071,      0.2246751469,                 0,        30.6906876,    0.007482212508
          0,           0,        1264,      -10.53869229,      -9.310264928,      -10.61970232,      -10.12256801,      -14.24748472,     0.01574597947,    0.007317026388,      0.2245561743,                 0,                 0,                 0,  -0.0005676707215,  -0.0005243284108,      0.2246747413,                 0,       30.68954004,    0.007482212508
          0,           0,        1265,      -10.52813544,      -9.292528831,      -10.59860372,      -10.10420936,      -14.23581354,     0.01574597947,    0.007317298145,      0.2245557465,                 0,                 0,                 0,  -0.0005677560113,  -0.0005240418902,      0.2246743233,                 0,        30.6883418,    0.007482212508
          0,           0,        1266,      -10.51719045,      -9.274800992,      -10.57719901,       -10.0857487,      -14.22498834,     0.01574597947,    0.007317582152,      0.2245553068,                 0,                 0,                 0,  -0.0005678439054,  -0.0005237427104,      0.2246738937,                 0,       30.68709064,    0.007482212508
          0,           0,        1267,      -10.50587391,      -9.257110664,      -10.55551753,      -10.06721104,      -14.21495721,     0.01574597947,     0.00731787895,      0.2245548559,                 0,                 0,                 0,  -0.0005679341246,  -0.0005234303582,      0.2246734535,                 0,       30.68578443,    0.007482212508
          0,           0,        1268,      -10.49420435,      -9.239485549,       -10.5335936,      -10.04862037,      -14.20553964,     0.01574597947,    0.007318189048,      0.2245543948,                 0,                 0,                 0,  -0.0005680263755,  -0.0005231043579,      0.2246730035,                 0,       30.68442116,    0.007482212508
          0,           0,        1269,      -10.48220323,      -9.221952509,      -10.51146735,      -10.03000154,      -14.19642848,     0.01574597947,    0.007318512899,      0.2245539244,                 0,                 0,                 0,  -0.0005681203568,  -0.0005227642849,      0.2246725446,                 0,       30.68299906,    0.007482212508
          0,           0,        1270,       -10.4698958,      -9.204538345,      -10.48918565,      -10.01138172,      -14.18730391,     0.01574597947,    0.007318850903,      0.2245534454,                 0,                 0,                 0,  -0.0005682157646,  -0.0005224097718,      0.2246720777,                 0,        30.6815166,    0.007482212508
          0,           0,        1271,       -10.4573114,      -9.187270613,      -10.46680183,       -9.99279096,      -14.17796511,     0.01574597947,    0.007319203407,      0.2245529589,                 0,                 0,                 0,   -0.000568312302,  -0.0005220405026,      0.2246716038,                 0,       30.67997245,    0.007482212508
          0,           0,        1272,      -10.44448398,      -9.170178597,      -10.44437517,      -9.974262736,       -14.1683956,     0.01574597947,    0.007319570721,      0.2245524657,                 0,                 0,                 0,  -0.0005684096852,   -0.000521656199,      0.2246711237,                 0,       30.67836547,    0.007482212508
          0,           0,        1273,      -10.43145207,      -9.153294153,      -10.42197049,       -9.95583414,      -14.15872151,     0.01574597947,    0.007319953134,      0.2245519667,                 0,                 0,                 0,  -0.0005685076497,  -0.0005212566041,      0.2246706383,                 0,       30.67669459,    0.007482212508
          0,           0,        1274,      -10.41825902,      -9.136651688,      -10.39965814,      -9.937546137,      -14.14912045,     0.01574597947,    0.007320350926,      0.2245514627,                 0,                 0,                 0,  -0.0005686059521,  -0.0005208414661,      0.2246701486,                 0,       30.67495875,    0.007482212508
          0,           0,        1275,      -10.40495329,      -9.120287015,      -10.37751307,      -9.919443841,        -14.139762,     0.01574597947,    0.007320764383,      0.2245509546,                 0,                 0,                 0,  -0.0005687043727,  -0.0005204105279,      0.2246696552,                 0,       30.67315691,    0.007482212508
          0,           0,        1276,      -10.39158867,      -9.104236163,      -10.35561442,      -9.901576981,       -14.1307985,     0.01574597947,    0.007321193799,       0.224550443,                 0,                 0,                 0,  -0.0005688027174,  -0.0005199635209,       0.224669159,                 0,       30.67128794,    0.007482212508
          0,           0,        1277,      -10.37822468,      -9.088535753,      -10.33404636,       -9.88400019,      -14.12238105,     0.01574597947,    0.007321639479,      0.2245499288,                 0,                 0,                 0,   -0.000568900821,  -0.0005195001644,      0.2246686605,                 0,       30.66935068,    0.007482212508
          0,           0,        1278,      -10.36492693,      -9.073225109,      -10.31290044,      -9.866773485,      -14.11468064,     0.01574597947,    0.007322101726,      0.2245494123,                 0,                 0,                 0,  -0.0005689985522,  -0.0005190201734,      0.2246681605,                 0,       30.66734398,    0.007482212508
          0,           0,        1279,      -10.35176726,      -9.058348187,      -10.29227648,      -9.849962539,      -14.10790475,     0.01574597947,     0.00732258083,       0.224548894,                 0,                 0,                 0,  -0.0005690958189,  -0.0005185232741,      0.2246676593,                 0,       30.66526669,    0.007482212508
          0,           0,        1280,      -10.33882354,      -9.043952922,      -10.27227976,      -9.833638339,      -14.10229489,     0.01574597947,    0.007323077039,      0.2245483744,                 0,                 0,                 0,  -0.0005691925721,  -0.0005180092334,      0.2246671573,                 0,       30.66311787,    0.007482212508
          0,           0,        1281,      -10.32617843,       -9.03008743,      -10.25301429,      -9.817875671,      -14.09808752,     0.01574597947,    0.007323590505,      0.2245478537,                 0,                 0,                 0,  -0.0005692888063,  -0.0005174779066,      0.2246666548,                 0,       30.66089693,    0.007482212508
          0,           0,        1282,      -10.31391722,      -9.016794392,      -10.23457353,      -9.802750672,      -14.09534976,     0.01574597947,     0.00732412122,      0.2245473319,                 0,                 0,                 0,  -0.0005693845549,  -0.0005169293069,      0.2246661519,                 0,       30.65860397,    0.007482212508
          0,           0,        1283,      -10.30212421,      -9.004106936,      -10.21703441,      -9.788336677,      -14.09375428,     0.01574597947,    0.007324668932,      0.2245468092,                 0,                 0,                 0,  -0.0005694798778,  -0.0005163636851,      0.2246656486,                 0,       30.65624007,    0.007482212508
          0,           0,        1284,      -10.29087852,      -8.992048335,      -10.20045663,       -9.77470001,      -14.09256696,     0.01574597947,     0.00732523309,      0.2245462852,                 0,                 0,                 0,  -0.0005695748431,  -0.0005157815845,      0.2246651446,                 0,       30.65380752,    0.007482212508
          0,           0,        1285,      -10.28024915,      -8.980636058,      -10.18488755,      -9.761895314,      -14.09103266,     0.01574597947,    0.007325812856,      0.2245457597,                 0,                 0,                 0,  -0.0005696695086,  -0.0005151838304,      0.2246646396,                 0,       30.65130984,    0.007482212508
          0,           0,        1286,      -10.27028943,      -8.969888859,      -10.17036868,      -9.749960593,      -14.08866534,     0.01574597947,    0.007326407202,      0.2245452322,                 0,                 0,                 0,  -0.0005697639079,  -0.0005145714389,      0.2246641333,                 0,        30.6487513,    0.007482212508
          0,           0,        1287,      -10.26103292,      -8.959831739,      -10.15693674,      -9.738913878,      -14.08590314,     0.01574597947,    0.007327015041,      0.2245447026,                 0,                 0,                 0,   -0.000569858034,  -0.0005139454856,      0.2246636251,                 0,       30.64613643,    0.007482212508
          0,           0,        1288,      -10.25249122,      -8.950496624,      -10.14462435,      -9.728752207,      -14.08302879,     0.01574597947,    0.007327635271,      0.2245441703,                 0,                 0,                 0,  -0.0005699519206,  -0.0005133070556,      0.2246631148,                 0,       30.64346982,    0.007482212508
          0,           0,        1289,      -10.24465988,      -8.941912698,       -10.1334456,      -9.719456524,      -14.08019288,     0.01574597947,    0.007328266789,      0.2245436349,                 0,                 0,                 0,  -0.0005700455748,  -0.0005126572403,      0.2246626018,                 0,       30.64075605,    0.007482212508
          0,           0,        1290,      -10.23752507,      -8.934099628,      -10.12339335,      -9.710998976,       -14.0774825,     0.01574597947,    0.007328908501,      0.2245430962,                 0,                 0,                 0,  -0.0005701390201,  -0.0005119971173,      0.2246620858,                 0,       30.63799966,    0.007482212508
          0,           0,        1291,      -10.23106862,      -8.927065269,      -10.11444297,      -9.703348238,        -14.074872,     0.01574597947,    0.007329559325,      0.2245425536,                 0,                 0,                 0,  -0.0005702322781,  -0.0005113277539,      0.2246615663,                 0,       30.63520515,    0.007482212508
          0,           0,        1292,      -10.22527047,       -8.92080646,      -10.10655713,      -9.696472093,      -14.07252355,     0.01574597947,    0.007330218197,      0.2245420068,                 0,                 0,                 0,  -0.0005703253792,  -0.0005106502001,      0.2246610428,                 0,       30.63237693,    0.007482212508
          0,           0,        1293,      -10.22010982,      -8.915310798,       -10.0996901,      -9.690338878,      -14.07039285,     0.01574597947,    0.007330884061,      0.2245414554,                 0,                 0,                 0,  -0.0005704183219,  -0.0005099654989,       0.224660515,                 0,       30.62951938,    0.007482212508
          0,           0,        1294,        -10.215565,      -8.910559152,      -10.09379133,      -9.684916735,      -14.06848556,     0.01574597947,    0.007331555887,      0.2245408992,                 0,                 0,                 0,  -0.0005705111098,  -0.0005092746708,      0.2246599826,                 0,       30.62663679,    0.007482212508
          0,           0,        1295,      -10.21161465,       -8.90652765,      -10.08880818,      -9.680175099,      -14.06680533,     0.01574597947,    0.007332232665,      0.2245403379,                 0,                 0,                 0,  -0.0005706037316,  -0.0005085787147,      0.2246594452,                 0,       30.62373334,    0.007482212508
          0,           0,        1296,      -10.20823748,      -8.903189603,      -10.08468773,      -9.676084257,      -14.06535121,     0.01574597947,     0.00733291341,      0.2245397712,                 0,                 0,                 0,  -0.0005706961628,   -0.000507878608,      0.2246589026,                 0,       30.62081313,    0.007482212508
          0,           0,        1297,      -10.20541231,      -8.900516887,      -10.08137803,      -9.672615354,      -14.06412265,     0.01574597947,    0.007333597165,      0.2245391991,                 0,                 0,                 0,  -0.0005707883682,  -0.0005071753028,      0.2246583547,                 0,       30.61788015,    0.007482212508
          0,           0,        1298,      -10.20311785,      -8.898480898,      -10.07882865,      -9.669740043,      -14.06311276,     0.01574597947,       0.007334283,      0.2245386214,                 0,                 0,                 0,  -0.0005708802994,  -0.0005064697246,      0.2246578013,                 0,       30.61493829,    0.007482212508
          0,           0,        1299,      -10.20133327,      -8.897053236,      -10.07699143,      -9.667430978,      -14.06231415,     0.01574597947,    0.007334970015,      0.2245380381,                 0,                 0,                 0,  -0.0005709718994,  -0.0005057627718,      0.2246572424,                 0,       30.61199128,    0.007482212508
          0,           0,        1300,      -10.20003777,      -8.896206092,      -10.07582047,       -9.66566138,      -14.06171637,     0.01574597947,     0.00733565734,      0.2245374492,                 0,                 0,                 0,  -0.0005710631014,  -0.0005050553136,      0.2246566779,                 0,       30.60904277,    0.007482212508
          0,           0,        1301,      -10.19921078,        -8.8959125,      -10.07527223,      -9.664405123,       -14.0613067,     0.01574597947,    0.007336344138,      0.2245368548,                 0,                 0,                 0,   -0.000571153833,  -0.0005043481888,      0.2246561078,                 0,       30.60609625,    0.007482212508
          0,           0,        1302,      -10.19883194,      -8.896146424,      -10.07530539,      -9.663636674,      -14.06104752,     0.01574597947,    0.007337029604,      0.2245362549,                 0,                 0,                 0,  -0.0005712440129,   -0.000503642204,      0.2246555321,                 0,        30.6031551,    0.007482212508
          0,           0,        1303,      -10.19888107,      -8.896883029,       -10.0758814,      -9.663331028,      -14.06080668,     0.01574597947,     0.00733771297,      0.2245356496,                 0,                 0,                 0,  -0.0005713335537,  -0.0005029381293,      0.2246549511,                 0,       30.60022251,    0.007482212508
          0,           0,        1304,      -10.19933819,        -8.8980985,      -10.07696391,      -9.663463789,      -14.06078472,     0.01574597947,    0.007338393516,      0.2245350391,                 0,                 0,                 0,  -0.0005714223568,  -0.0005022366902,      0.2246543646,                 0,       30.59730152,    0.007482212508
          0,           0,        1305,      -10.20018282,      -8.899768101,      -10.07851629,      -9.664011364,      -14.06087971,     0.01574597947,    0.007339070539,      0.2245344234,                 0,                 0,                 0,   -0.000571510347,  -0.0005015385915,      0.2246537729,                 0,       30.59439505,    0.007482212508
          0,           0,        1306,      -10.20139285,      -8.901867998,      -10.08050246,      -9.664947406,      -14.06107424,     0.01574597947,    0.007339743373,      0.2245338026,                 0,                 0,                 0,  -0.0005715974372,  -0.0005008445044,       0.224653176,                 0,       30.59150589,    0.007482212508
          0,           0,        1307,      -10.20294758,      -8.904375546,      -10.08288816,       -9.66624741,      -14.06134911,     0.01574597947,    0.007340411384,      0.2245331769,                 0,                 0,                 0,  -0.0005716835468,  -0.0005001550644,      0.2246525741,                 0,       30.58863668,    0.007482212508
          0,           0,        1308,      -10.20482708,      -8.907268696,      -10.08564031,      -9.667887952,      -14.06168162,     0.01574597947,    0.007341073978,      0.2245325465,                 0,                 0,                 0,  -0.0005717685974,  -0.0004994708724,      0.2246519671,                 0,       30.58578992,    0.007482212508
          0,           0,        1309,      -10.20701236,      -8.910526368,       -10.0887276,       -9.66984679,      -14.06204541,     0.01574597947,    0.007341730589,      0.2245319114,                 0,                 0,                 0,  -0.0005718525137,  -0.0004987924949,      0.2246513553,                 0,       30.58296796,    0.007482212508
          0,           0,        1310,      -10.20948487,      -8.914128225,      -10.09212043,      -9.672102478,      -14.06241636,     0.01574597947,    0.007342380694,      0.2245312717,                 0,                 0,                 0,  -0.0005719352276,  -0.0004981204613,      0.2246507387,                 0,       30.58017298,    0.007482212508
          0,           0,        1311,      -10.21222644,      -8.918054541,      -10.09579077,      -9.674634283,      -14.06277059,     0.01574597947,      0.0073430238,      0.2245306275,                 0,                 0,                 0,  -0.0005720166706,  -0.0004974552661,      0.2246501174,                 0,       30.57740702,    0.007482212508
          0,           0,        1312,      -10.21521897,      -8.922286109,      -10.09971179,      -9.677421826,      -14.06308174,     0.01574597947,    0.007343659453,       0.224529979,                 0,                 0,                 0,  -0.0005720967762,   -0.000496797367,      0.2246494914,                 0,       30.57467199,    0.007482212508
          0,           0,        1313,      -10.21844464,      -8.926804168,      -10.10385793,      -9.680445275,      -14.06332325,     0.01574597947,    0.007344287234,      0.2245293262,                 0,                 0,                 0,  -0.0005721754761,  -0.0004961471852,      0.2246488609,                 0,       30.57196961,    0.007482212508
          0,           0,        1314,      -10.22188561,      -8.931590307,      -10.10820454,      -9.683685016,       -14.0634665,     0.01574597947,    0.007344906762,      0.2245286691,                 0,                 0,                 0,  -0.0005722527019,  -0.0004955051052,      0.2246482259,                 0,       30.56930148,    0.007482212508
          0,           0,        1315,      -10.22552422,      -8.936626395,      -10.11272805,      -9.687121901,      -14.06348605,     0.01574597947,     0.00734551769,       0.224528008,                 0,                 0,                 0,   -0.000572328384,  -0.0004948714758,      0.2246475865,                 0,       30.56666902,    0.007482212508
          0,           0,        1316,      -10.22934298,      -8.941894521,       -10.1174058,      -9.690737169,      -14.06335311,     0.01574597947,    0.007346119706,      0.2245273428,                 0,                 0,                 0,  -0.0005724024524,   -0.000494246611,      0.2246469427,                 0,       30.56407352,    0.007482212508
          0,           0,        1317,      -10.23332438,       -8.94737699,      -10.12221612,      -9.694512284,      -14.06303917,     0.01574597947,    0.007346712533,      0.2245266736,                 0,                 0,                 0,   -0.000572474838,  -0.0004936307915,      0.2246462946,                 0,       30.56151614,    0.007482212508
          0,           0,        1318,      -10.23745131,      -8.953056269,      -10.12713825,      -9.698429315,      -14.06251031,     0.01574597947,    0.007347295923,      0.2245260005,                 0,                 0,                 0,  -0.0005725454704,  -0.0004930242654,      0.2246456423,                 0,       30.55899788,    0.007482212508
          0,           0,        1319,      -10.24170657,      -8.958914989,      -10.13215243,        -9.7024705,      -14.06173929,     0.01574597947,    0.007347869663,      0.2245253235,                 0,                 0,                 0,  -0.0005726142804,  -0.0004924272482,      0.2246449857,                 0,       30.55651962,    0.007482212508
          0,           0,        1320,      -10.24607341,      -8.964935958,      -10.13723991,       -9.70661872,      -14.06069374,     0.01574597947,     0.00734843357,      0.2245246427,                 0,                 0,                 0,  -0.0005726812001,  -0.0004918399254,       0.224644325,                 0,       30.55408212,    0.007482212508
          0,           0,        1321,      -10.25053541,      -8.971102197,      -10.14238297,      -9.710857389,      -14.05933909,     0.01574597947,    0.007348987488,      0.2245239581,                 0,                 0,                 0,  -0.0005727461634,  -0.0004912624528,      0.2246436602,                 0,         30.551686,    0.007482212508
          0,           0,        1322,      -10.25507611,      -8.977396866,      -10.14756502,      -9.715170103,      -14.05763962,     0.01574597947,    0.007349531292,      0.2245232698,                 0,                 0,                 0,  -0.0005728091084,  -0.0004906949565,      0.2246429912,                 0,       30.54933177,    0.007482212508
          0,           0,        1323,      -10.25967971,      -8.983803425,       -10.1527705,       -9.71954125,      -14.05556098,     0.01574597947,    0.007350064882,      0.2245225777,                 0,                 0,                 0,  -0.0005728699809,  -0.0004901375371,      0.2246423181,                 0,       30.54701982,    0.007482212508
          0,           0,        1324,      -10.26433089,      -8.990305473,      -10.15798509,      -9.723956045,      -14.05306479,     0.01574597947,    0.007350588183,      0.2245218817,                 0,                 0,                 0,  -0.0005729287355,  -0.0004895902678,      0.2246416409,                 0,       30.54475045,    0.007482212508
          0,           0,        1325,      -10.26901458,      -8.996887087,      -10.16319535,      -9.728399966,      -14.05011175,     0.01574597947,    0.007351101141,       0.224521182,                 0,                 0,                 0,  -0.0005729853393,  -0.0004890532012,      0.2246409595,                 0,       30.54252386,    0.007482212508
          0,           0,        1326,      -10.27371627,      -9.003532553,      -10.16838913,      -9.732859227,      -14.04666144,     0.01574597947,    0.007351603725,      0.2245204783,                 0,                 0,                 0,  -0.0005730397755,  -0.0004885263645,      0.2246402737,                 0,       30.54034013,    0.007482212508
          0,           0,        1327,        -10.278422,      -9.010226673,       -10.1735554,      -9.737320782,      -14.04267366,     0.01574597947,    0.007352095921,      0.2245197705,                 0,                 0,                 0,  -0.0005730920435,  -0.0004880097668,      0.2246395836,                 0,        30.5381993,    0.007482212508
          0,           0,        1328,      -10.28311858,      -9.016954776,      -10.17868442,      -9.741772421,      -14.03810892,     0.01574597947,    0.007352577734,      0.2245190584,                 0,                 0,                 0,  -0.0005731421641,  -0.0004875033966,      0.2246388887,                 0,       30.53610129,    0.007482212508
          0,           0,        1329,      -10.28779339,       -9.02370269,      -10.18376766,      -9.746202666,      -14.03292908,     0.01574597947,    0.007353049184,      0.2245183418,                 0,                 0,                 0,  -0.0005731901776,   -0.000487007225,       0.224638189,                 0,       30.53404597,    0.007482212508
          0,           0,        1330,      -10.29243465,      -9.030456894,      -10.18879772,       -9.75060094,      -14.02709474,     0.01574597947,    0.007353510308,      0.2245176204,                 0,                 0,                 0,  -0.0005732361466,   -0.000486521206,      0.2246374842,                 0,       30.53203314,    0.007482212508
          0,           0,        1331,      -10.29703129,      -9.037204492,      -10.19376815,      -9.754957432,      -14.02057676,     0.01574597947,    0.007353961154,      0.2245168939,                 0,                 0,                 0,  -0.0005732801553,   -0.000486045278,      0.2246367738,                 0,       30.53006253,    0.007482212508
          0,           0,        1332,      -10.30157303,      -9.043933276,      -10.19867364,      -9.759263157,      -14.01334686,     0.01574597947,    0.007354401785,      0.2245161617,                 0,                 0,                 0,  -0.0005733223106,  -0.0004855793643,      0.2246360575,                 0,        30.5281338,    0.007482212508
          0,           0,        1333,      -10.30605039,      -9.050631917,      -10.20350985,      -9.763509966,      -14.00538277,     0.01574597947,    0.007354832273,      0.2245154235,                 0,                 0,                 0,  -0.0005733627424,  -0.0004851233752,      0.2246353347,                 0,       30.52624658,    0.007482212508
          0,           0,        1334,      -10.31045469,      -9.057289745,      -10.20827314,      -9.767690508,      -13.99666879,     0.01574597947,    0.007355252701,      0.2245146787,                 0,                 0,                 0,  -0.0005734016049,  -0.0004846772076,       0.224634605,                 0,       30.52440042,    0.007482212508
          0,           0,        1335,      -10.31477798,      -9.063896919,      -10.21296058,      -9.771798108,      -13.98719524,     0.01574597947,    0.007355663163,      0.2245139265,                 0,                 0,                 0,  -0.0005734390776,  -0.0004842407464,      0.2246338676,                 0,       30.52259484,    0.007482212508
          0,           0,        1336,      -10.31901307,      -9.070444443,      -10.21756998,      -9.775826853,      -13.97696579,     0.01574597947,     0.00735606376,      0.2245131664,                 0,                 0,                 0,  -0.0005734753661,  -0.0004838138662,       0.224633122,                 0,       30.52082931,    0.007482212508
          0,           0,        1337,      -10.32315356,      -9.076924167,      -10.22209969,        -9.7797715,      -13.96598905,     0.01574597947,    0.007356454598,      0.2245123975,                 0,                 0,                 0,  -0.0005735107026,  -0.0004833964323,      0.2246323672,                 0,       30.51910326,    0.007482212508
          0,           0,        1338,      -10.32719384,      -9.083328812,      -10.22654852,      -9.783627566,      -13.95428511,     0.01574597947,     0.00735683579,       0.224511619,                 0,                 0,                 0,  -0.0005735453454,  -0.0004829883025,      0.2246316025,                 0,        30.5174161,    0.007482212508
          0,           0,        1339,      -10.33112901,      -9.089651978,       -10.2309158,      -9.787391153,      -13.94188065,     0.01574597947,    0.007357207454,        0.22451083,                 0,                 0,                 0,  -0.0005735795788,  -0.0004825893282,      0.2246308269,                 0,       30.51576721,    0.007482212508
          0,           0,        1340,      -10.33495491,      -9.095888119,      -10.23520107,      -9.791058978,      -13.92881174,     0.01574597947,    0.007357569708,      0.2245100294,                 0,                 0,                 0,  -0.0005736137109,  -0.0004821993546,      0.2246300394,                 0,       30.51415594,    0.007482212508
          0,           0,        1341,      -10.33866808,       -9.10203252,      -10.23940438,      -9.794628365,      -13.91512168,     0.01574597947,    0.007357922675,      0.2245092162,                 0,                 0,                 0,   -0.000573648073,  -0.0004818182227,       0.224629239,                 0,       30.51258162,    0.007482212508
          0,           0,        1342,      -10.34226575,      -9.108081266,      -10.24352579,      -9.798097182,      -13.90085982,     0.01574597947,    0.007358266479,      0.2245083893,                 0,                 0,                 0,   -0.000573683017,  -0.0004814457699,      0.2246284246,                 0,       30.51104359,    0.007482212508
          0,           0,        1343,      -10.34574582,      -9.114031243,      -10.24756576,      -9.801463842,      -13.88608034,     0.01574597947,    0.007358601244,      0.2245075475,                 0,                 0,                 0,  -0.0005737189135,  -0.0004810818311,      0.2246275951,                 0,       30.50954116,    0.007482212508
          0,           0,        1344,      -10.34910675,      -9.119880082,      -10.25152456,      -9.804727122,      -13.87084074,     0.01574597947,    0.007358927096,      0.2245066897,                 0,                 0,                 0,  -0.0005737561481,  -0.0004807262397,      0.2246267491,                 0,       30.50807363,    0.007482212508
          0,           0,        1345,      -10.35234774,      -9.125626111,      -10.25540275,      -9.807886478,      -13.85520092,     0.01574597947,    0.007359244158,      0.2245058145,                 0,                 0,                 0,  -0.0005737951188,  -0.0004803788282,      0.2246258856,                 0,       30.50664032,    0.007482212508
          0,           0,        1346,      -10.35546835,      -9.131268332,      -10.25920061,      -9.810941511,      -13.83921902,     0.01574597947,    0.007359552554,      0.2245049208,                 0,                 0,                 0,  -0.0005738362342,  -0.0004800394298,      0.2246250031,                 0,       30.50524052,    0.007482212508
          0,           0,        1347,      -10.35846889,       -9.13680634,      -10.26291859,      -9.813892467,      -13.82296117,     0.01574597947,    0.007359852403,      0.2245040072,                 0,                 0,                 0,  -0.0005738799081,  -0.0004797078795,      0.2246241006,                 0,       30.50387357,    0.007482212508
          0,           0,        1348,      -10.36135006,      -9.142240301,      -10.26655682,      -9.816739816,      -13.80648697,     0.01574597947,    0.007360143824,      0.2245030725,                 0,                 0,                 0,   -0.000573926557,   -0.000479384015,      0.2246231766,                 0,       30.50253879,    0.007482212508
          0,           0,        1349,      -10.36411285,      -9.147570947,      -10.27011546,      -9.819484144,      -13.78985545,     0.01574597947,    0.007360426931,      0.2245021154,                 0,                 0,                 0,  -0.0005739765965,  -0.0004790676781,        0.22462223,                 0,       30.50123553,    0.007482212508
          0,           0,        1350,       -10.3667588,      -9.152799545,       -10.2735944,      -9.822126527,      -13.77310951,     0.01574597947,    0.007360701831,      0.2245011346,                 0,                 0,                 0,  -0.0005740304407,  -0.0004787587171,      0.2246212594,                 0,       30.49996315,    0.007482212508
          0,           0,        1351,      -10.36928943,      -9.157927988,      -10.27699357,      -9.824667815,      -13.75634714,     0.01574597947,    0.007360968618,       0.224500129,                 0,                 0,                 0,  -0.0005740884971,  -0.0004784569953,      0.2246202637,                 0,       30.49872111,    0.007482212508
          0,           0,        1352,       -10.3717058,      -9.162959134,      -10.28031263,      -9.827108231,      -13.73958504,     0.01574597947,    0.007361227397,      0.2244990972,                 0,                 0,                 0,  -0.0005741511686,  -0.0004781623684,      0.2246192416,                 0,       30.49750879,    0.007482212508
          0,           0,        1353,      -10.37401026,      -9.167895057,      -10.28355094,      -9.829449378,       -13.7228772,     0.01574597947,     0.00736147826,      0.2244980383,                 0,                 0,                 0,  -0.0005742188447,  -0.0004778747015,      0.2246181921,                 0,       30.49632565,    0.007482212508
          0,           0,        1354,        -10.376206,      -9.172737108,      -10.28670792,      -9.831693645,       -13.7062684,     0.01574597947,    0.007361721298,      0.2244969511,                 0,                 0,                 0,  -0.0005742919042,  -0.0004775938691,       0.224617114,                 0,       30.49517117,    0.007482212508
          0,           0,        1355,      -10.37829647,      -9.177486152,      -10.28978276,      -9.833843539,      -13.68980041,     0.01574597947,    0.007361956594,      0.2244958346,                 0,                 0,                 0,    -0.00057437071,  -0.0004773197515,      0.2246160064,                 0,       30.49404486,    0.007482212508
          0,           0,        1356,       -10.3802851,      -9.182142506,      -10.29277447,      -9.835901524,      -13.67351111,     0.01574597947,    0.007362184225,      0.2244946879,                 0,                 0,                 0,  -0.0005744556103,  -0.0004770522381,      0.2246148683,                 0,       30.49294625,    0.007482212508
          0,           0,        1357,      -10.38217543,      -9.186706031,      -10.29568173,      -9.837870181,      -13.65743866,     0.01574597947,    0.007362404264,      0.2244935101,                 0,                 0,                 0,  -0.0005745469353,  -0.0004767912273,      0.2246136989,                 0,       30.49187494,    0.007482212508
          0,           0,        1358,      -10.38397122,      -9.191176307,      -10.29850347,      -9.839752233,      -13.64161213,     0.01574597947,    0.007362616778,      0.2244923003,                 0,                 0,                 0,  -0.0005746449957,  -0.0004765366248,      0.2246124973,                 0,       30.49083052,    0.007482212508
          0,           0,        1359,      -10.38567666,      -9.195552663,      -10.30123836,      -9.841550894,       -13.6260605,     0.01574597947,    0.007362821827,      0.2244910581,                 0,                 0,                 0,  -0.0005747500818,  -0.0004762883452,      0.2246112629,                 0,       30.48981265,    0.007482212508
          0,           0,        1360,      -10.38729599,       -9.19983402,       -10.3038853,      -9.843269411,      -13.61080953,     0.01574597947,    0.007363019468,      0.2244897826,                 0,                 0,                 0,  -0.0005748624619,  -0.0004760463121,      0.2246099952,                 0,         30.488821,    0.007482212508
          0,           0,        1361,      -10.38883374,      -9.204018907,       -10.3064431,      -9.844911312,      -13.59588274,     0.01574597947,    0.007363209751,      0.2244884735,                 0,                 0,                 0,  -0.0005749823826,  -0.0004758104583,      0.2246086935,                 0,       30.48785531,    0.007482212508
          0,           0,        1362,      -10.39029444,      -9.208105529,      -10.30891062,      -9.846480218,      -13.58130724,     0.01574597947,    0.007363392721,      0.2244871304,                 0,                 0,                 0,  -0.0005751100671,  -0.0004755807251,      0.2246073576,                 0,       30.48691532,    0.007482212508
          0,           0,        1363,      -10.39168257,      -9.212091863,      -10.31128695,      -9.847979674,      -13.56709781,     0.01574597947,    0.007363568418,      0.2244857529,                 0,                 0,                 0,  -0.0005752457133,  -0.0004753570627,      0.2246059871,                 0,       30.48600083,    0.007482212508
          0,           0,        1364,      -10.39300271,      -9.215975528,      -10.31357136,      -9.849413396,      -13.55327597,     0.01574597947,    0.007363736875,      0.2244843409,                 0,                 0,                 0,  -0.0005753894966,  -0.0004751394306,      0.2246045819,                 0,       30.48511167,    0.007482212508
          0,           0,        1365,      -10.39425937,      -9.219754346,      -10.31576351,      -9.850785081,      -13.53985524,     0.01574597947,     0.00736389813,      0.2244828944,                 0,                 0,                 0,  -0.0005755415592,  -0.0004749277914,      0.2246031418,                 0,       30.48424767,    0.007482212508
          0,           0,        1366,      -10.39545789,      -9.223425683,      -10.31786355,      -9.852099366,      -13.52685103,     0.01574597947,    0.007364052215,      0.2244814134,                 0,                 0,                 0,  -0.0005757020181,  -0.0004747221133,      0.2246016671,                 0,       30.48340871,    0.007482212508
          0,           0,        1367,      -10.39660399,      -9.226986683,      -10.31987166,      -9.853361181,      -13.51427676,     0.01574597947,    0.007364199164,       0.224479898,                 0,                 0,                 0,  -0.0005758709621,  -0.0004745223688,      0.2246001578,                 0,       30.48259465,    0.007482212508
          0,           0,        1368,      -10.39770369,      -9.230434485,      -10.32178905,      -9.854575955,      -13.50214486,     0.01574597947,    0.007364339011,      0.2244783487,                 0,                 0,                 0,  -0.0005760484495,  -0.0004743285345,      0.2245986142,                 0,       30.48180541,    0.007482212508
          0,           0,        1369,      -10.39876349,       -9.23376644,      -10.32361719,      -9.855749596,      -13.49046637,     0.01574597947,    0.007364471793,      0.2244767657,                 0,                 0,                 0,  -0.0005762345091,  -0.0004741405876,      0.2245970368,                 0,       30.48104087,    0.007482212508
          0,           0,        1370,      -10.39979055,      -9.236980343,      -10.32535944,      -9.856888888,      -13.47925147,     0.01574597947,    0.007364597551,      0.2244751496,                 0,                 0,                 0,  -0.0005764291366,  -0.0004739585061,      0.2245954261,                 0,       30.48030093,    0.007482212508
          0,           0,        1371,      -10.40079283,      -9.240074633,      -10.32701992,      -9.858001478,      -13.46850943,     0.01574597947,    0.007364716331,      0.2244735011,                 0,                 0,                 0,   -0.000576632298,  -0.0004737822674,      0.2245937828,                 0,        30.4795855,    0.007482212508
          0,           0,        1372,      -10.40177893,      -9.243048555,      -10.32860384,      -9.859095812,      -13.45824861,     0.01574597947,    0.007364828184,       0.224471821,                 0,                 0,                 0,  -0.0005768439251,  -0.0004736118476,      0.2245921077,                 0,       30.47889447,    0.007482212508
          0,           0,        1373,      -10.40275812,       -9.24590237,      -10.33011832,      -9.860181184,      -13.44847659,     0.01574597947,    0.007364933171,      0.2244701102,                 0,                 0,                 0,  -0.0005770639179,  -0.0004734472194,      0.2245904016,                 0,       30.47822771,    0.007482212508
          0,           0,        1374,      -10.40374042,        -9.2486375,      -10.33157175,      -9.861267693,      -13.43920027,     0.01574597947,    0.007365031358,      0.2244683698,                 0,                 0,                 0,  -0.0005772921429,  -0.0004732883523,      0.2245886656,                 0,       30.47758508,    0.007482212508
          0,           0,        1375,      -10.40473639,      -9.251256614,      -10.33297386,      -9.862366188,      -13.43042593,     0.01574597947,    0.007365122822,      0.2244666009,                 0,                 0,                 0,  -0.0005775284334,  -0.0004731352108,       0.224586901,                 0,       30.47696642,    0.007482212508
          0,           0,        1376,       -10.4057571,      -9.253763722,      -10.33433585,      -9.863488119,      -13.42215926,     0.01574597947,    0.007365207649,      0.2244648049,                 0,                 0,                 0,  -0.0005777725897,  -0.0004729877544,       0.224585109,                 0,       30.47637155,    0.007482212508
          0,           0,        1377,      -10.40681414,      -9.256164196,      -10.33567045,       -9.86464563,      -13.41440522,     0.01574597947,    0.007365285936,      0.2244629831,                 0,                 0,                 0,  -0.0005780243792,  -0.0004728459366,      0.2245832911,                 0,       30.47580027,    0.007482212508
          0,           0,        1378,      -10.40791931,      -9.258464759,      -10.33699122,      -9.865851121,      -13.40716814,     0.01574597947,    0.007365357791,      0.2244611372,                 0,                 0,                 0,  -0.0005782835374,   -0.000472709705,      0.2245814489,                 0,       30.47525234,    0.007482212508
          0,           0,        1379,      -10.40908473,      -9.260673431,      -10.33831298,      -9.867117453,       -13.4004519,     0.01574597947,     0.00736542333,      0.2244592689,                 0,                 0,                 0,  -0.0005785497693,  -0.0004725790009,      0.2245795839,                 0,        30.4747275,    0.007482212508
          0,           0,        1380,      -10.41032221,      -9.262799434,       -10.3396513,       -9.86845726,      -13.39425986,     0.01574597947,    0.007365482682,      0.2244573799,                 0,                 0,                 0,  -0.0005788227501,  -0.0004724537589,      0.2245776981,                 0,       30.47422546,    0.007482212508
          0,           0,        1381,      -10.41164383,      -9.264853085,      -10.34102241,      -9.869883504,      -13.38859486,     0.01574597947,    0.007365535985,      0.2244554721,                 0,                 0,                 0,  -0.0005791021272,   -0.000472333908,      0.2245757934,                 0,       30.47374591,    0.007482212508
          0,           0,        1382,      -10.41306101,      -9.266845646,      -10.34244259,      -9.871408547,      -13.38345945,     0.01574597947,    0.007365583386,      0.2244535475,                 0,                 0,                 0,  -0.0005793875221,  -0.0004722193706,      0.2245738717,                 0,       30.47328851,    0.007482212508
          0,           0,        1383,      -10.41458495,      -9.268789167,      -10.34392845,       -9.87304457,      -13.37885576,     0.01574597947,    0.007365625041,      0.2244516084,                 0,                 0,                 0,  -0.0005796785323,   -0.000472110064,      0.2245719351,                 0,       30.47285289,    0.007482212508
          0,           0,        1384,      -10.41622627,      -9.270696324,       -10.3454967,      -9.874803306,      -13.37478548,     0.01574597947,    0.007365661115,      0.2244496567,                 0,                 0,                 0,  -0.0005799747344,  -0.0004720059002,      0.2245699859,                 0,       30.47243868,    0.007482212508
          0,           0,        1385,      -10.41799479,       -9.27258025,      -10.34716348,      -9.876695555,       -13.3712499,     0.01574597947,    0.007365691779,      0.2244476948,                 0,                 0,                 0,  -0.0005802756861,  -0.0004719067871,      0.2245680263,                 0,       30.47204547,    0.007482212508
          0,           0,        1386,      -10.41989978,      -9.274454349,      -10.34894468,      -9.878731755,      -13.36824974,     0.01574597947,    0.007365717208,      0.2244457251,                 0,                 0,                 0,  -0.0005805809291,  -0.0004718126291,      0.2245660586,                 0,       30.47167285,    0.007482212508
          0,           0,        1387,      -10.42194947,      -9.276332111,      -10.35085538,      -9.880921231,       -13.3657847,     0.01574597947,    0.007365737585,      0.2244437498,                 0,                 0,                 0,  -0.0005808899923,  -0.0004717233292,      0.2245640853,                 0,       30.47132038,    0.007482212508
          0,           0,        1388,      -10.42415136,      -9.278226895,      -10.35290995,      -9.883272738,      -13.36385854,     0.01574597947,    0.007365753088,      0.2244417715,                 0,                 0,                 0,   -0.000581202397,   -0.000471638793,      0.2245621087,                 0,       30.47098766,    0.007482212508
          0,           0,        1389,      -10.42651148,      -9.280151887,      -10.35512177,      -9.885793784,      -13.36246916,     0.01574597947,     0.00736576391,      0.2244397926,                 0,                 0,                 0,  -0.0005815176397,  -0.0004715589155,      0.2245601314,                 0,       30.47067423,    0.007482212508
          0,           0,        1390,      -10.42903533,      -9.282120165,      -10.35750383,      -9.888490908,      -13.36161677,     0.01574597947,    0.007365770242,      0.2244378157,                 0,                 0,                 0,  -0.0005818352179,  -0.0004714835935,      0.2245581559,                 0,       30.47037965,    0.007482212508
          0,           0,        1391,      -10.43172821,      -9.284144278,      -10.36006777,      -9.891370375,      -13.36130117,     0.01574597947,    0.007365772278,      0.2244358433,                 0,                 0,                 0,  -0.0005821546241,  -0.0004714127243,      0.2245561848,                 0,       30.47010345,    0.007482212508
          0,           0,        1392,      -10.43459461,      -9.286236347,      -10.36282398,       -9.89443781,        -13.361522,     0.01574597947,    0.007365770214,      0.2244338781,                 0,                 0,                 0,  -0.0005824753518,  -0.0004713462013,      0.2245542207,                 0,       30.46984518,    0.007482212508
          0,           0,        1393,      -10.43763851,      -9.288407984,      -10.36578244,      -9.897698259,      -13.36227876,     0.01574597947,     0.00736576425,      0.2244319225,                 0,                 0,                 0,  -0.0005827969042,  -0.0004712839149,      0.2245522661,                 0,       30.46960436,    0.007482212508
          0,           0,        1394,      -10.44086327,      -9.290670155,      -10.36895252,      -9.901156316,      -13.36357079,     0.01574597947,    0.007365754588,      0.2244299792,                 0,                 0,                 0,   -0.000583118792,  -0.0004712257504,      0.2245503237,                 0,        30.4693805,    0.007482212508
          0,           0,        1395,      -10.44427213,      -9.293033214,      -10.37234292,      -9.904816559,      -13.36539733,     0.01574597947,    0.007365741435,      0.2244280507,                 0,                 0,                 0,  -0.0005834405288,  -0.0004711715898,      0.2245483958,                 0,       30.46917308,    0.007482212508
          0,           0,        1396,       -10.4478678,      -9.295506849,      -10.37596246,      -9.908683106,      -13.36775759,     0.01574597947,    0.007365724995,      0.2244261393,                 0,                 0,                 0,  -0.0005837616192,  -0.0004711213148,      0.2245464851,                 0,        30.4689816,    0.007482212508
          0,           0,        1397,      -10.45165195,      -9.298100086,      -10.37981868,      -9.912759227,      -13.37065058,     0.01574597947,    0.007365705469,      0.2244242476,                 0,                 0,                 0,  -0.0005840815651,  -0.0004710748085,      0.2245445938,                 0,       30.46880554,    0.007482212508
          0,           0,        1398,      -10.45562382,      -9.300821193,      -10.38391762,      -9.917045745,      -13.37407619,     0.01574597947,    0.007365683052,      0.2244223778,                 0,                 0,                 0,  -0.0005843998804,  -0.0004710319558,      0.2245427243,                 0,       30.46864441,    0.007482212508
          0,           0,        1399,      -10.45978031,        -9.3036777,      -10.38826306,      -9.921541268,      -13.37803312,     0.01574597947,    0.007365657931,       0.224420532,                 0,                 0,                 0,  -0.0005847161041,  -0.0004709926443,      0.2245408788,                 0,       30.46849773,    0.007482212508
          0,           0,        1400,      -10.46411673,      -9.306676349,      -10.39285667,      -9.926242729,      -13.38252086,     0.01574597947,    0.007365630288,      0.2244187123,                 0,                 0,                 0,  -0.0005850298026,  -0.0004709567632,      0.2245390592,                 0,       30.46836502,    0.007482212508
          0,           0,        1401,        -10.468628,      -9.309823172,      -10.39769867,      -9.931146789,      -13.38753898,     0.01574597947,    0.007365600302,      0.2244169206,                 0,                 0,                 0,  -0.0005853405668,  -0.0004709242033,      0.2245372676,                 0,       30.46824582,    0.007482212508
          0,           0,        1402,      -10.47330901,      -9.313123489,      -10.40278884,      -9.936250019,      -13.39308723,     0.01574597947,    0.007365568146,      0.2244151589,                 0,                 0,                 0,  -0.0005856480099,  -0.0004708948568,      0.2245355059,                 0,       30.46813965,    0.007482212508
          0,           0,        1403,      -10.47815486,      -9.316581954,      -10.40812605,      -9.941549376,       -13.3991656,     0.01574597947,    0.007365533989,      0.2244134289,                 0,                 0,                 0,  -0.0005859517639,  -0.0004708686171,      0.2245337757,                 0,       30.46804607,    0.007482212508
          0,           0,        1404,      -10.48316056,      -9.320202547,      -10.41370947,      -9.947041796,      -13.40577442,     0.01574597947,    0.007365497995,      0.2244117323,                 0,                 0,                 0,  -0.0005862514793,  -0.0004708453792,      0.2245320789,                 0,       30.46796462,    0.007482212508
          0,           0,        1405,      -10.48832102,      -9.323988585,      -10.41953791,       -9.95272418,      -13.41291442,     0.01574597947,    0.007365460324,      0.2244100707,                 0,                 0,                 0,  -0.0005865468239,  -0.0004708250397,       0.224530417,                 0,       30.46789486,    0.007482212508
          0,           0,        1406,      -10.49363048,      -9.327942755,      -10.42560965,      -9.958592864,      -13.42058677,     0.01574597947,    0.007365421129,      0.2244084457,                 0,                 0,                 0,  -0.0005868374824,  -0.0004708074972,      0.2245287916,                 0,       30.46783636,    0.007482212508
          0,           0,        1407,      -10.49908281,      -9.332067151,      -10.43192299,      -9.964643953,      -13.42879312,     0.01574597947,    0.007365380562,      0.2244068586,                 0,                 0,                 0,  -0.0005871231557,  -0.0004707926524,      0.2245272041,                 0,        30.4677887,    0.007482212508
          0,           0,        1408,      -10.50467085,      -9.336363253,      -10.43847502,      -9.970872471,      -13.43753571,     0.01574597947,    0.007365338763,      0.2244053109,                 0,                 0,                 0,  -0.0005874035611,  -0.0004707804085,      0.2245256558,                 0,       30.46775146,    0.007482212508
          0,           0,        1409,      -10.51038693,      -9.340832062,      -10.44526162,      -9.977273117,      -13.44681738,     0.01574597947,    0.007365295873,      0.2244038036,                 0,                 0,                 0,  -0.0005876784306,  -0.0004707706706,       0.224524148,                 0,       30.46772424,    0.007482212508
          0,           0,        1410,      -10.51622257,      -9.345473997,      -10.45227877,      -9.983839792,      -13.45664162,     0.01574597947,    0.007365252024,      0.2244023381,                 0,                 0,                 0,  -0.0005879475122,  -0.0004707633469,      0.2245226818,                 0,       30.46770665,    0.007482212508
          0,           0,        1411,      -10.52216852,      -9.350288993,      -10.45952019,      -9.990565643,      -13.46701272,     0.01574597947,     0.00736520734,      0.2244009153,                 0,                 0,                 0,  -0.0005882105684,  -0.0004707583481,      0.2245212583,                 0,       30.46769832,    0.007482212508
          0,           0,        1412,      -10.52821501,      -9.355276498,      -10.46697894,      -9.997443372,       -13.4779358,     0.01574597947,    0.007365161944,      0.2243995362,                 0,                 0,                 0,  -0.0005884673769,  -0.0004707555873,      0.2245198785,                 0,       30.46769886,    0.007482212508
          0,           0,        1413,       -10.5343513,       -9.36043551,      -10.47464731,      -10.00446462,      -13.48941694,     0.01574597947,     0.00736511595,      0.2243982017,                 0,                 0,                 0,  -0.0005887177301,  -0.0004707549806,      0.2245185433,                 0,       30.46770794,    0.007482212508
          0,           0,        1414,      -10.54056661,      -9.365764605,      -10.48251607,      -10.01162103,      -13.50146331,     0.01574597947,    0.007365069467,      0.2243969126,                 0,                 0,                 0,  -0.0005889614354,  -0.0004707564468,      0.2245172533,                 0,        30.4677252,    0.007482212508
          0,           0,        1415,      -10.54684926,      -9.371261933,      -10.49057569,      -10.01890324,       -13.5140833,     0.01574597947,    0.007365022598,      0.2243956696,                 0,                 0,                 0,  -0.0005891983147,  -0.0004707599074,      0.2245160094,                 0,       30.46775032,    0.007482212508
          0,           0,        1416,      -10.55318726,      -9.376925255,      -10.49881496,      -10.02630166,      -13.52728664,     0.01574597947,     0.00736497544,      0.2243944733,                 0,                 0,                 0,  -0.0005894282045,  -0.0004707652866,      0.2245148122,                 0,       30.46778298,    0.007482212508
          0,           0,        1417,      -10.55956798,      -9.382751942,      -10.50722242,      -10.03380578,       -13.5410846,     0.01574597947,    0.007364928084,      0.2243933243,                 0,                 0,                 0,  -0.0005896509554,  -0.0004707725117,      0.2245136622,                 0,       30.46782286,    0.007482212508
          0,           0,        1418,       -10.5659785,         -9.388739,      -10.51578465,      -10.04140468,      -13.55549012,     0.01574597947,    0.007364880615,      0.2243922229,                 0,                 0,                 0,  -0.0005898664321,  -0.0004707815124,      0.2245125598,                 0,       30.46786969,    0.007482212508
          0,           0,        1419,      -10.57240546,      -9.394883076,      -10.52448807,      -10.04908692,      -13.57051805,     0.01574597947,    0.007364833115,      0.2243911695,                 0,                 0,                 0,  -0.0005900745129,  -0.0004707922215,      0.2245115054,                 0,       30.46792317,    0.007482212508
          0,           0,        1420,      -10.57883519,      -9.401180478,      -10.53331775,      -10.05684047,      -13.58618539,     0.01574597947,    0.007364785658,      0.2243901644,                 0,                 0,                 0,  -0.0005902750896,  -0.0004708045742,      0.2245104993,                 0,       30.46798303,    0.007482212508
          0,           0,        1421,      -10.58525389,      -9.407627072,      -10.54225743,      -10.06465294,       -13.6025114,     0.01574597947,    0.007364738312,      0.2243892079,                 0,                 0,                 0,  -0.0005904680667,   -0.000470818508,      0.2245095417,                 0,       30.46804902,    0.007482212508
          0,           0,        1422,      -10.59164731,      -9.414218485,      -10.55128951,      -10.07251117,      -13.61951787,     0.01574597947,    0.007364691144,         0.2243883,                 0,                 0,                 0,  -0.0005906533613,  -0.0004708339632,      0.2245086327,                 0,       30.46812088,    0.007482212508
          0,           0,        1423,      -10.59800121,      -9.420949977,      -10.56039585,      -10.08040161,      -13.63722943,     0.01574597947,    0.007364644212,      0.2243874408,                 0,                 0,                 0,   -0.000590830903,   -0.000470850882,      0.2245077724,                 0,       30.46819838,    0.007482212508
          0,           0,        1424,      -10.60430155,      -9.427816459,      -10.56955614,      -10.08831064,      -13.65567355,     0.01574597947,    0.007364597571,      0.2243866304,                 0,                 0,                 0,  -0.0005910006326,   -0.000470869209,      0.2245069608,                 0,       30.46828129,    0.007482212508
          0,           0,        1425,        -10.610534,      -9.434812482,      -10.57874974,      -10.09622374,      -13.67488132,     0.01574597947,    0.007364551273,      0.2243858685,                 0,                 0,                 0,  -0.0005911625029,  -0.0004708888905,      0.2245061978,                 0,       30.46836938,    0.007482212508
          0,           0,        1426,      -10.61668493,      -9.441932272,      -10.58795452,       -10.1041268,      -13.69488688,     0.01574597947,    0.007364505365,      0.2243851551,                 0,                 0,                 0,  -0.0005913164775,  -0.0004709098749,      0.2245054833,                 0,       30.46846245,    0.007482212508
          0,           0,        1427,      -10.62274059,      -9.449169695,      -10.59714741,      -10.11200483,      -13.71572819,     0.01574597947,    0.007364459888,      0.2243844901,                 0,                 0,                 0,  -0.0005914625311,  -0.0004709321123,       0.224504817,                 0,       30.46856028,    0.007482212508
          0,           0,        1428,      -10.62868792,      -9.456518267,      -10.60630383,      -10.11984318,      -13.73744707,     0.01574597947,    0.007364414884,       0.224383873,                 0,                 0,                 0,   -0.000591600649,  -0.0004709555544,      0.2245041988,                 0,       30.46866269,    0.007482212508
          0,           0,        1429,      -10.63451438,      -9.463971153,      -10.61539958,      -10.12762705,      -13.76008932,     0.01574597947,    0.007364370386,      0.2243833036,                 0,                 0,                 0,  -0.0005917308275,  -0.0004709801546,      0.2245036282,                 0,       30.46876948,    0.007482212508
          0,           0,        1430,      -10.64020791,      -9.471521151,      -10.62440856,      -10.13534152,      -13.78370462,     0.01574597947,    0.007364326428,      0.2243827816,                 0,                 0,                 0,  -0.0005918530723,  -0.0004710058675,       0.224503105,                 0,       30.46888046,    0.007482212508
          0,           0,        1431,      -10.64575734,      -9.479160702,      -10.63330458,      -10.14297191,      -13.80834621,     0.01574597947,    0.007364283039,      0.2243823065,                 0,                 0,                 0,  -0.0005919674002,  -0.0004710326495,      0.2245026286,                 0,       30.46899546,    0.007482212508
          0,           0,        1432,      -10.65115233,      -9.486881877,      -10.64206116,      -10.15050389,      -13.83407014,     0.01574597947,    0.007364240244,      0.2243818778,                 0,                 0,                 0,  -0.0005920738376,   -0.000471060458,      0.2245021987,                 0,       30.46911432,    0.007482212508
          0,           0,        1433,      -10.65638331,      -9.494676379,      -10.65065117,      -10.15792312,      -13.86093372,     0.01574597947,    0.007364198067,      0.2243814951,                 0,                 0,                 0,  -0.0005921724212,  -0.0004710892518,      0.2245018148,                 0,       30.46923685,    0.007482212508
          0,           0,        1434,      -10.66144177,      -9.502535527,      -10.65904853,      -10.16521585,      -13.88899311,     0.01574597947,    0.007364156528,      0.2243811577,                 0,                 0,                 0,  -0.0005922631974,   -0.000471118991,      0.2245014761,                 0,        30.4693629,    0.007482212508
          0,           0,        1435,      -10.66632056,      -9.510450279,      -10.66722651,      -10.17236938,      -13.91829913,     0.01574597947,    0.007364115645,      0.2243808651,                 0,                 0,                 0,  -0.0005923462229,  -0.0004711496364,      0.2245011822,                 0,       30.46949232,    0.007482212508
          0,           0,        1436,       -10.6710132,      -9.518411201,      -10.67516036,      -10.17937081,      -13.94889064,     0.01574597947,    0.007364075433,      0.2243806165,                 0,                 0,                 0,  -0.0005924215639,  -0.0004711811501,      0.2245009325,                 0,       30.46962495,    0.007482212508
          0,           0,        1437,      -10.67551468,      -9.526408492,      -10.68282475,      -10.18620858,      -13.98078383,     0.01574597947,    0.007364035905,      0.2243804114,                 0,                 0,                 0,  -0.0005924892962,  -0.0004712134949,      0.2245007261,                 0,       30.46976065,    0.007482212508
          0,           0,        1438,      -10.67982127,      -9.534431992,      -10.69019745,      -10.19287221,      -14.01395571,     0.01574597947,    0.007363997073,       0.224380249,                 0,                 0,                 0,  -0.0005925495051,  -0.0004712466344,      0.2245005624,                 0,       30.46989926,    0.007482212508
          0,           0,        1439,      -10.68393018,      -9.542471173,      -10.69725718,      -10.19935168,      -14.04831912,     0.01574597947,    0.007363958946,      0.2243801285,                 0,                 0,                 0,  -0.0005926022848,  -0.0004712805328,      0.2245004406,                 0,       30.47004066,    0.007482212508
          0,           0,        1440,      -10.68783994,      -9.550515159,      -10.70398478,      -10.20563829,      -14.08368344,     0.01574597947,    0.007363921531,      0.2243800491,                 0,                 0,                 0,  -0.0005926477382,  -0.0004713151548,        0.22450036,                 0,       30.47018469,    0.007482212508
          0,           0,        1441,      -10.69155038,      -9.558552768,      -10.71036339,      -10.21172464,      -14.11970025,     0.01574597947,    0.007363884833,        0.22438001,                 0,                 0,                 0,  -0.0005926859768,  -0.0004713504657,      0.2245003196,                 0,       30.47033123,    0.007482212508
          0,           0,        1442,      -10.69506229,      -9.566572501,      -10.71638002,      -10.21760428,      -14.15578872,     0.01574597947,    0.007363848859,      0.2243800104,                 0,                 0,                 0,  -0.0005927171197,  -0.0004713864313,      0.2245003188,                 0,       30.47048014,    0.007482212508
          0,           0,        1443,      -10.69837773,      -9.574562606,      -10.72202356,      -10.22327242,       -14.1910467,     0.01574597947,     0.00736381361,      0.2243800493,                 0,                 0,                 0,  -0.0005927412937,  -0.0004714230176,      0.2245003564,                 0,       30.47063128,    0.007482212508
          0,           0,        1444,      -10.70149985,       -9.58251112,      -10.72728583,      -10.22872549,      -14.22417148,     0.01574597947,    0.007363779089,      0.2243801259,                 0,                 0,                 0,  -0.0005927586329,   -0.000471460191,      0.2245004318,                 0,       30.47078453,    0.007482212508
          0,           0,        1445,      -10.70443257,      -9.590405862,      -10.73216398,      -10.23396095,      -14.25343841,     0.01574597947,    0.007363745296,      0.2243802393,                 0,                 0,                 0,  -0.0005927692778,  -0.0004714979183,      0.2245005439,                 0,       30.47093975,    0.007482212508
          0,           0,        1446,      -10.70718099,      -9.598234568,      -10.73665628,      -10.23897817,      -14.27683758,     0.01574597947,    0.007363712232,      0.2243803884,                 0,                 0,                 0,  -0.0005927733755,  -0.0004715361664,      0.2245006917,                 0,       30.47109682,    0.007482212508
          0,           0,        1447,      -10.70975091,      -9.605984885,      -10.74076513,      -10.24377747,      -14.29243468,     0.01574597947,    0.007363679894,      0.2243805723,                 0,                 0,                 0,  -0.0005927710791,  -0.0004715749024,      0.2245008744,                 0,       30.47125561,    0.007482212508
          0,           0,        1448,      -10.71214899,      -9.613644463,      -10.74449756,      -10.24836072,      -14.29889635,     0.01574597947,    0.007363648282,        0.22438079,                 0,                 0,                 0,  -0.0005927625473,  -0.0004716140939,      0.2245010909,                 0,       30.47141599,    0.007482212508
          0,           0,        1449,      -10.71438263,       -9.62120105,      -10.74786156,       -10.2527313,      -14.29597548,     0.01574597947,    0.007363617392,      0.2243810405,                 0,                 0,                 0,  -0.0005927479442,  -0.0004716537083,      0.2245013402,                 0,       30.47157784,    0.007482212508
          0,           0,        1450,      -10.71645972,      -9.628642529,      -10.75087012,      -10.25689344,      -14.28459881,     0.01574597947,     0.00736358722,      0.2243813228,                 0,                 0,                 0,   -0.000592727438,  -0.0004716937132,      0.2245016212,                 0,       30.47174103,    0.007482212508
          0,           0,        1451,      -10.71838879,      -9.635957041,      -10.75353712,      -10.26085291,      -14.26652314,     0.01574597947,    0.007363557763,      0.2243816358,                 0,                 0,                 0,  -0.0005927012019,  -0.0004717340764,      0.2245019331,                 0,       30.47190543,    0.007482212508
          0,           0,        1452,      -10.72017861,      -9.643133067,      -10.75587916,      -10.26461634,      -14.24378833,     0.01574597947,    0.007363529017,      0.2243819785,                 0,                 0,                 0,  -0.0005926694129,  -0.0004717747656,      0.2245022745,                 0,       30.47207093,    0.007482212508
          0,           0,        1453,      -10.72183885,       -9.65015953,      -10.75791635,      -10.26819198,      -14.21826852,     0.01574597947,    0.007363500975,      0.2243823498,                 0,                 0,                 0,  -0.0005926322515,  -0.0004718157488,      0.2245026447,                 0,        30.4722374,    0.007482212508
          0,           0,        1454,      -10.72337873,      -9.657025878,      -10.75966857,      -10.27158822,      -14.19145101,     0.01574597947,    0.007363473633,      0.2243827487,                 0,                 0,                 0,  -0.0005925899022,  -0.0004718569939,      0.2245030423,                 0,       30.47240472,    0.007482212508
          0,           0,        1455,      -10.72480818,      -9.663722203,      -10.76115798,       -10.2748149,      -14.16440147,     0.01574597947,    0.007363446984,       0.224383174,                 0,                 0,                 0,  -0.0005925425521,  -0.0004718984688,      0.2245034664,                 0,       30.47257276,    0.007482212508
          0,           0,        1456,      -10.72613702,      -9.670239305,      -10.76240721,      -10.27788234,      -14.13782767,     0.01574597947,    0.007363421022,      0.2243836246,                 0,                 0,                 0,   -0.000592490391,  -0.0004719401415,      0.2245039158,                 0,        30.4727414,    0.007482212508
          0,           0,        1457,      -10.72737533,      -9.676568822,      -10.76343925,      -10.28080177,       -14.1121685,     0.01574597947,     0.00736339574,      0.2243840995,                 0,                 0,                 0,  -0.0005924336112,  -0.0004719819802,      0.2245043895,                 0,       30.47291051,    0.007482212508
          0,           0,        1458,      -10.72853265,      -9.682703275,      -10.76427867,      -10.28358417,      -14.08767584,     0.01574597947,    0.007363371132,      0.2243845974,                 0,                 0,                 0,  -0.0005923724071,  -0.0004720239532,      0.2245048863,                 0,       30.47307998,    0.007482212508
          0,           0,        1459,        -10.729619,      -9.688636198,      -10.76494794,      -10.28624177,      -14.06447728,     0.01574597947,    0.007363347189,      0.2243851174,                 0,                 0,                 0,  -0.0005923069746,  -0.0004720660287,      0.2245054052,                 0,       30.47324969,    0.007482212508
          0,           0,        1460,      -10.73064378,      -9.694362162,      -10.76547103,      -10.28878633,      -14.04262078,     0.01574597947,    0.007363323904,      0.2243856583,                 0,                 0,                 0,  -0.0005922375109,  -0.0004721081752,      0.2245059449,                 0,       30.47341951,    0.007482212508
          0,           0,        1461,      -10.73161635,      -9.699876861,      -10.76586964,      -10.29123024,      -14.02210505,     0.01574597947,     0.00736330127,      0.2243862189,                 0,                 0,                 0,  -0.0005921642138,  -0.0004721503611,      0.2245065044,                 0,       30.47358932,    0.007482212508
          0,           0,        1462,      -10.73254555,      -9.705177146,      -10.76616689,       -10.2935852,      -14.00289933,     0.01574597947,    0.007363279279,      0.2243867982,                 0,                 0,                 0,  -0.0005920872811,  -0.0004721925549,      0.2245070826,                 0,         30.473759,    0.007482212508
          0,           0,        1463,      -10.73344035,       -9.71026109,      -10.76638281,      -10.29586382,      -13.98495751,     0.01574597947,    0.007363257924,       0.224387395,                 0,                 0,                 0,  -0.0005920069104,  -0.0004722347245,      0.2245076782,                 0,       30.47392843,    0.007482212508
          0,           0,        1464,      -10.73430949,      -9.715128026,      -10.76653872,      -10.29807862,      -13.96822409,     0.01574597947,    0.007363237197,      0.2243880081,                 0,                 0,                 0,   -0.000591923299,  -0.0004722768372,      0.2245082903,                 0,       30.47409748,    0.007482212508
          0,           0,        1465,      -10.73516174,      -9.719778542,      -10.76665487,      -10.30024247,      -13.95264055,     0.01574597947,    0.007363217091,      0.2243886365,                 0,                 0,                 0,  -0.0005918366465,  -0.0004723188597,      0.2245089175,                 0,       30.47426603,    0.007482212508
          0,           0,        1466,      -10.73600616,      -9.724214557,      -10.76675026,       -10.3023688,      -13.93814817,     0.01574597947,    0.007363197601,      0.2243892789,                 0,                 0,                 0,  -0.0005917471563,  -0.0004723607583,      0.2245095589,                 0,       30.47443394,    0.007482212508
          0,           0,        1467,      -10.73685161,      -9.728439188,      -10.76684464,      -10.30447112,      -13.92468996,     0.01574597947,    0.007363178718,      0.2243899342,                 0,                 0,                 0,  -0.0005916550354,  -0.0004724024993,      0.2245102131,                 0,       30.47460109,    0.007482212508
          0,           0,        1468,      -10.73770659,      -9.732456796,      -10.76695618,      -10.30656256,      -13.91221155,     0.01574597947,    0.007363160437,      0.2243906012,                 0,                 0,                 0,  -0.0005915604921,  -0.0004724440497,      0.2245108791,                 0,       30.47476735,    0.007482212508
          0,           0,        1469,      -10.73857897,      -9.736272841,      -10.76710092,      -10.30865537,      -13.90066171,     0.01574597947,    0.007363142748,      0.2243912789,                 0,                 0,                 0,  -0.0005914637355,  -0.0004724853767,      0.2245115557,                 0,       30.47493259,    0.007482212508
          0,           0,        1470,      -10.73947614,      -9.739893848,      -10.76729455,      -10.31076136,      -13.88999249,     0.01574597947,    0.007363125644,      0.2243919659,                 0,                 0,                 0,  -0.0005913649748,  -0.0004725264482,      0.2245122418,                 0,       30.47509669,    0.007482212508
          0,           0,        1471,      -10.74040438,      -9.743327261,      -10.76755124,      -10.31289107,      -13.88015929,     0.01574597947,    0.007363109118,      0.2243926613,                 0,                 0,                 0,  -0.0005912644185,  -0.0004725672332,      0.2245129362,                 0,       30.47525953,    0.007482212508
          0,           0,        1472,      -10.74136911,      -9.746581376,      -10.76788236,      -10.31505371,      -13.87112067,     0.01574597947,    0.007363093159,      0.2243933639,                 0,                 0,                 0,  -0.0005911622734,  -0.0004726077016,      0.2245136378,                 0,         30.475421,    0.007482212508
          0,           0,        1473,      -10.74237512,      -9.749665227,      -10.76829887,      -10.31725781,      -13.86283818,     0.01574597947,    0.007363077759,      0.2243940726,                 0,                 0,                 0,  -0.0005910587425,  -0.0004726478241,      0.2245143455,                 0,       30.47558099,    0.007482212508
          0,           0,        1474,      -10.74342618,      -9.752588518,      -10.76880964,      -10.31951053,      -13.85527631,     0.01574597947,    0.007363062909,      0.2243947862,                 0,                 0,                 0,  -0.0005909540256,  -0.0004726875722,      0.2245150582,                 0,       30.47573938,    0.007482212508
          0,           0,        1475,      -10.74452603,      -9.755361499,      -10.76942213,      -10.32181876,      -13.84840202,     0.01574597947,    0.007363048601,      0.2243955039,                 0,                 0,                 0,  -0.0005908483177,  -0.0004727269181,      0.2245157749,                 0,       30.47589607,    0.007482212508
          0,           0,        1476,      -10.74567761,      -9.757994865,      -10.77014439,      -10.32418868,      -13.84218456,     0.01574597947,    0.007363034825,      0.2243962245,                 0,                 0,                 0,  -0.0005907418098,  -0.0004727658342,      0.2245164946,                 0,       30.47605095,    0.007482212508
          0,           0,        1477,      -10.74688407,      -9.760499697,      -10.77098276,      -10.32662643,      -13.83659546,     0.01574597947,    0.007363021573,       0.224396947,                 0,                 0,                 0,  -0.0005906346885,  -0.0004728042936,      0.2245172162,                 0,       30.47620393,    0.007482212508
          0,           0,        1478,      -10.74814788,      -9.762887298,      -10.77194335,      -10.32913737,      -13.83160811,     0.01574597947,    0.007363008838,      0.2243976705,                 0,                 0,                 0,  -0.0005905271357,  -0.0004728422699,      0.2245179388,                 0,        30.4763549,    0.007482212508
          0,           0,        1479,      -10.74947162,      -9.765169137,      -10.77303149,      -10.33172683,      -13.82719775,     0.01574597947,    0.007362996611,      0.2243983939,                 0,                 0,                 0,  -0.0005904193288,  -0.0004728797372,      0.2245186614,                 0,       30.47650377,    0.007482212508
          0,           0,        1480,      -10.75085732,      -9.767356747,      -10.77425247,      -10.33439938,       -13.8233414,     0.01574597947,    0.007362984885,      0.2243991164,                 0,                 0,                 0,  -0.0005903114406,  -0.0004729166703,       0.224519383,                 0,       30.47665043,    0.007482212508
          0,           0,        1481,      -10.75230655,      -9.769461581,      -10.77561092,      -10.33715904,       -13.8200175,     0.01574597947,    0.007362973653,       0.224399837,                 0,                 0,                 0,  -0.0005902036381,  -0.0004729530445,      0.2245201028,                 0,       30.47679479,    0.007482212508
          0,           0,        1482,      -10.75382098,      -9.771495039,      -10.77711031,      -10.34000984,       -13.8172059,     0.01574597947,    0.007362962908,      0.2244005549,                 0,                 0,                 0,  -0.0005900960833,  -0.0004729888359,      0.2245208199,                 0,       30.47693676,    0.007482212508
          0,           0,        1483,      -10.75540176,      -9.773468298,       -10.7787546,      -10.34295517,      -13.81488772,     0.01574597947,    0.007362952644,      0.2244012692,                 0,                 0,                 0,  -0.0005899889324,  -0.0004730240212,      0.2245215333,                 0,       30.47707625,    0.007482212508
          0,           0,        1484,      -10.75704997,      -9.775392323,      -10.78054721,      -10.34599814,      -13.81304528,     0.01574597947,    0.007362942854,       0.224401979,                 0,                 0,                 0,  -0.0005898823355,  -0.0004730585781,      0.2245222424,                 0,       30.47721318,    0.007482212508
          0,           0,        1485,      -10.75876608,      -9.777277771,      -10.78249072,        -10.349141,      -13.81166197,     0.01574597947,    0.007362933532,      0.2244026836,                 0,                 0,                 0,  -0.0005897764365,  -0.0004730924851,      0.2245229462,                 0,       30.47734746,    0.007482212508
          0,           0,        1486,      -10.76055051,      -9.779134968,      -10.78458711,      -10.35238608,      -13.81072215,     0.01574597947,    0.007362924673,      0.2244033823,                 0,                 0,                 0,  -0.0005896713728,  -0.0004731257212,      0.2245236442,                 0,       30.47747902,    0.007482212508
          0,           0,        1487,       -10.7624034,      -9.780973865,      -10.78683798,      -10.35573511,       -13.8102111,     0.01574597947,    0.007362916271,      0.2244040742,                 0,                 0,                 0,  -0.0005895672749,  -0.0004731582669,      0.2245243354,                 0,       30.47760778,    0.007482212508
          0,           0,        1488,      -10.76432468,      -9.782804035,      -10.78924457,      -10.35918973,      -13.81011493,     0.01574597947,    0.007362908321,      0.2244047588,                 0,                 0,                 0,  -0.0005894642664,  -0.0004731901031,      0.2245250193,                 0,       30.47773366,    0.007482212508
          0,           0,        1489,      -10.76631407,      -9.784634599,      -10.79180814,      -10.36275085,      -13.81042052,     0.01574597947,    0.007362900818,      0.2244054353,                 0,                 0,                 0,  -0.0005893624643,  -0.0004732212121,      0.2245256951,                 0,        30.4778566,    0.007482212508
          0,           0,        1490,      -10.76837098,      -9.786474248,        -10.794529,      -10.36641917,      -13.81111545,     0.01574597947,    0.007362893757,      0.2244061032,                 0,                 0,                 0,  -0.0005892619781,   -0.000473251577,      0.2245263623,                 0,       30.47797654,    0.007482212508
          0,           0,        1491,      -10.77049442,      -9.788331238,      -10.79740729,      -10.37019492,      -13.81218796,     0.01574597947,    0.007362887135,      0.2244067618,                 0,                 0,                 0,  -0.0005891629102,  -0.0004732811819,      0.2245270204,                 0,       30.47809341,    0.007482212508
          0,           0,        1492,      -10.77268388,       -9.79021337,      -10.80044275,      -10.37407883,      -13.81362691,     0.01574597947,    0.007362880946,      0.2244074107,                 0,                 0,                 0,  -0.0005890653562,  -0.0004733100122,      0.2245276686,                 0,       30.47820715,    0.007482212508
          0,           0,        1493,      -10.77493801,       -9.79212799,      -10.80363468,       -10.3780703,      -13.81542172,     0.01574597947,    0.007362875186,      0.2244080493,                 0,                 0,                 0,  -0.0005889694043,  -0.0004733380542,      0.2245283066,                 0,       30.47831772,    0.007482212508
          0,           0,        1494,      -10.77725563,      -9.794081997,      -10.80698183,        -10.382169,      -13.81756232,     0.01574597947,    0.007362869853,      0.2244086771,                 0,                 0,                 0,  -0.0005888751358,  -0.0004733652953,      0.2245289339,                 0,       30.47842507,    0.007482212508
          0,           0,        1495,      -10.77963549,      -9.796081841,      -10.81048408,      -10.38637473,      -13.82003914,     0.01574597947,    0.007362864941,      0.2244092938,                 0,                 0,                 0,  -0.0005887826249,  -0.0004733917243,        0.22452955,                 0,       30.47852915,    0.007482212508
          0,           0,        1496,      -10.78207627,      -9.798133537,      -10.81413892,      -10.39068704,      -13.82284308,     0.01574597947,    0.007362860448,      0.2244098988,                 0,                 0,                 0,   -0.000588691939,  -0.0004734173309,      0.2245301545,                 0,       30.47862993,    0.007482212508
          0,           0,        1497,      -10.78457627,       -9.80024269,       -10.8179464,      -10.39510466,      -13.82596548,     0.01574597947,     0.00736285637,      0.2244104919,                 0,                 0,                 0,  -0.0005886031389,  -0.0004734421059,      0.2245307471,                 0,       30.47872736,    0.007482212508
          0,           0,        1498,      -10.78713388,      -9.802414472,      -10.82190293,      -10.39962679,      -13.82939805,     0.01574597947,    0.007362852704,      0.2244110728,                 0,                 0,                 0,   -0.000588516279,  -0.0004734660416,      0.2245313275,                 0,       30.47882143,    0.007482212508
          0,           0,        1499,      -10.78974762,        -9.8046537,      -10.82600788,      -10.40425246,      -13.83313292,     0.01574597947,    0.007362849446,      0.2244116411,                 0,                 0,                 0,  -0.0005884314072,  -0.0004734891311,      0.2245318953,                 0,        30.4789121,    0.007482212508
          0,           0,        1500,      -10.79241556,      -9.806964753,      -10.83025893,       -10.4089803,      -13.83716259,     0.01574597947,    0.007362846592,      0.2244121966,                 0,                 0,                 0,  -0.0005883485654,  -0.0004735113689,      0.2245324504,                 0,       30.47899936,    0.007482212508
          0,           0,        1501,       -10.7951362,      -9.809351706,      -10.83465444,      -10.41380973,      -13.84147993,     0.01574597947,     0.00736284414,       0.224412739,                 0,                 0,                 0,  -0.0005882677896,  -0.0004735327503,      0.2245329924,                 0,       30.47908318,    0.007482212508
          0,           0,        1502,      -10.79790753,      -9.811818229,       -10.8391915,      -10.41873902,      -13.84607819,     0.01574597947,    0.007362842087,      0.2244132682,                 0,                 0,                 0,  -0.0005881891104,  -0.0004735532722,      0.2245335212,                 0,       30.47916356,    0.007482212508
          0,           0,        1503,      -10.80072762,      -9.814367707,      -10.84386923,      -10.42376668,      -13.85095104,     0.01574597947,    0.007362840428,      0.2244137841,                 0,                 0,                 0,   -0.000588112553,  -0.0004735729321,      0.2245340367,                 0,       30.47924048,    0.007482212508
          0,           0,        1504,      -10.80359479,      -9.817003171,       -10.8486844,       -10.4288918,      -13.85609247,     0.01574597947,    0.007362839161,      0.2244142864,                 0,                 0,                 0,  -0.0005880381375,   -0.000473591729,      0.2245345386,                 0,       30.47931395,    0.007482212508
          0,           0,        1505,      -10.80650736,      -9.819727398,      -10.85363605,      -10.43411317,      -13.86149684,     0.01574597947,    0.007362838282,      0.2244147751,                 0,                 0,                 0,  -0.0005879658792,  -0.0004736096628,       0.224535027,                 0,       30.47938397,    0.007482212508
          0,           0,        1506,      -10.80946295,      -9.822542832,       -10.8587209,      -10.43942883,      -13.86715886,     0.01574597947,    0.007362837787,      0.2244152501,                 0,                 0,                 0,  -0.0005878957889,  -0.0004736267342,      0.2245355017,                 0,       30.47945053,    0.007482212508
          0,           0,        1507,      -10.81245997,      -9.825451685,      -10.86393725,       -10.4448377,      -13.87307361,     0.01574597947,    0.007362837674,      0.2244157113,                 0,                 0,                 0,  -0.0005878278732,  -0.0004736429453,      0.2245359627,                 0,       30.47951364,    0.007482212508
          0,           0,        1508,      -10.81549686,      -9.828455917,      -10.86928373,      -10.45033921,      -13.87923653,     0.01574597947,    0.007362837937,      0.2244161588,                 0,                 0,                 0,  -0.0005877621344,  -0.0004736582989,      0.2245364099,                 0,       30.47957333,    0.007482212508
          0,           0,        1509,      -10.81857063,      -9.831557189,      -10.87475758,      -10.45593023,      -13.88564339,     0.01574597947,    0.007362838575,      0.2244165925,                 0,                 0,                 0,  -0.0005876985716,  -0.0004736727988,      0.2245368434,                 0,        30.4796296,    0.007482212508
          0,           0,        1510,      -10.82168044,      -9.834757043,      -10.88035628,      -10.46161112,       -13.8922903,     0.01574597947,    0.007362839581,      0.2244170125,                 0,                 0,                 0,  -0.0005876371798,  -0.0004736864497,      0.2245372631,                 0,       30.47968247,    0.007482212508
          0,           0,        1511,      -10.82482383,      -9.838056704,      -10.88607886,      -10.46737975,      -13.89917372,     0.01574597947,    0.007362840954,      0.2244174188,                 0,                 0,                 0,  -0.0005875779512,   -0.000473699257,      0.2245376692,                 0,       30.47973197,    0.007482212508
          0,           0,        1512,      -10.82799878,      -9.841457274,      -10.89192204,      -10.47323461,      -13.90629044,     0.01574597947,    0.007362842688,      0.2244178114,                 0,                 0,                 0,  -0.0005875208749,  -0.0004737112272,      0.2245380617,                 0,       30.47977812,    0.007482212508
          0,           0,        1513,      -10.83120358,      -9.844959618,      -10.89788517,      -10.47917496,      -13.91363753,     0.01574597947,    0.007362844779,      0.2244181905,                 0,                 0,                 0,  -0.0005874659371,  -0.0004737223674,      0.2245384406,                 0,       30.47982095,    0.007482212508
          0,           0,        1514,      -10.83443609,      -9.848564446,      -10.90396603,      -10.48519912,      -13.92121242,     0.01574597947,    0.007362847223,      0.2244185562,                 0,                 0,                 0,  -0.0005874131216,  -0.0004737326854,      0.2245388061,                 0,       30.47986049,    0.007482212508
          0,           0,        1515,      -10.83769435,      -9.852272285,      -10.91016304,      -10.49130621,      -13.92901277,     0.01574597947,    0.007362850015,      0.2244189085,                 0,                 0,                 0,    -0.00058736241,  -0.0004737421898,      0.2245391583,                 0,       30.47989678,    0.007482212508
          0,           0,        1516,      -10.84097635,      -9.856083515,      -10.91647338,      -10.49749451,       -13.9370366,     0.01574597947,    0.007362853152,      0.2244192476,                 0,                 0,                 0,  -0.0005873137817,  -0.0004737508896,      0.2245394973,                 0,       30.47992985,    0.007482212508
          0,           0,        1517,      -10.84428005,      -9.859998376,      -10.92289554,      -10.50376316,      -13.94528217,     0.01574597947,    0.007362856627,      0.2244195736,                 0,                 0,                 0,   -0.000587267214,  -0.0004737587946,      0.2245398232,                 0,       30.47995974,    0.007482212508
          0,           0,        1518,      -10.84760339,       -9.86401694,      -10.92942797,      -10.51011062,      -13.95374801,     0.01574597947,    0.007362860436,      0.2244198867,                 0,                 0,                 0,  -0.0005872226826,  -0.0004737659152,      0.2245401363,                 0,        30.4799865,    0.007482212508
          0,           0,        1519,      -10.85094454,      -9.868139153,      -10.93606944,      -10.51653644,      -13.96243295,     0.01574597947,    0.007362864575,      0.2244201871,                 0,                 0,                 0,   -0.000587180162,  -0.0004737722622,      0.2245404366,                 0,       30.48001016,    0.007482212508
          0,           0,        1520,      -10.85430115,      -9.872364829,      -10.94281853,      -10.52303877,      -13.97133604,     0.01574597947,    0.007362869038,      0.2244204749,                 0,                 0,                 0,  -0.0005871396247,  -0.0004737778469,      0.2245407244,                 0,       30.48003078,    0.007482212508
          0,           0,        1521,      -10.85767122,      -9.876693677,      -10.94967245,      -10.52961663,       -13.9804566,     0.01574597947,     0.00736287382,      0.2244207504,                 0,                 0,                 0,  -0.0005871010426,  -0.0004737826809,      0.2245409999,                 0,       30.48004839,    0.007482212508
          0,           0,        1522,      -10.86105258,      -9.881125247,      -10.95663046,      -10.53626896,       -13.9897942,     0.01574597947,    0.007362878917,      0.2244210137,                 0,                 0,                 0,  -0.0005870643863,  -0.0004737867765,      0.2245412632,                 0,       30.48006306,    0.007482212508
          0,           0,        1523,      -10.86444345,      -9.885659032,      -10.96369035,      -10.54299536,      -13.99934865,     0.01574597947,    0.007362884321,       0.224421265,                 0,                 0,                 0,  -0.0005870296256,  -0.0004737901459,      0.2245415146,                 0,       30.48007482,    0.007482212508
          0,           0,        1524,      -10.86784139,      -9.890294361,      -10.97085201,      -10.54979389,      -14.00912001,     0.01574597947,    0.007362890029,      0.2244215045,                 0,                 0,                 0,  -0.0005869967298,   -0.000473792802,      0.2245417542,                 0,       30.48008372,    0.007482212508
          0,           0,        1525,      -10.87124397,      -9.895030457,      -10.97811264,      -10.55666357,      -14.01910855,     0.01574597947,    0.007362896035,      0.2244217326,                 0,                 0,                 0,  -0.0005869656672,  -0.0004737947578,      0.2245419823,                 0,       30.48008983,    0.007482212508
          0,           0,        1526,      -10.87464959,      -9.899866496,      -10.98547114,      -10.56360402,      -14.02931484,     0.01574597947,    0.007362902333,      0.2244219493,                 0,                 0,                 0,  -0.0005869364057,  -0.0004737960266,      0.2245421991,                 0,       30.48009319,    0.007482212508
          0,           0,        1527,      -10.87805571,      -9.904801479,      -10.99292785,      -10.57061354,      -14.03973963,     0.01574597947,    0.007362908918,      0.2244221549,                 0,                 0,                 0,  -0.0005869089132,  -0.0004737966216,      0.2245424048,                 0,       30.48009386,    0.007482212508
          0,           0,        1528,      -10.88146024,       -9.90983436,       -11.0004781,      -10.57769152,      -14.05038394,     0.01574597947,    0.007362915783,      0.2244223496,                 0,                 0,                 0,  -0.0005868831567,  -0.0004737965566,      0.2245425996,                 0,       30.48009189,    0.007482212508
          0,           0,        1529,       -10.8848608,      -9.914963979,      -11.00812241,      -10.58483646,      -14.06124896,     0.01574597947,    0.007362922924,      0.2244225337,                 0,                 0,                 0,  -0.0005868591035,  -0.0004737958452,      0.2245427839,                 0,       30.48008733,    0.007482212508
          0,           0,        1530,      -10.88825535,      -9.920189063,      -11.01586048,      -10.59204761,      -14.07233615,     0.01574597947,    0.007362930335,      0.2244227074,                 0,                 0,                 0,  -0.0005868367202,  -0.0004737945011,      0.2245429577,                 0,       30.48008024,    0.007482212508
          0,           0,        1531,      -10.89164153,      -9.925508269,      -11.02368954,       -10.5993238,      -14.08364715,     0.01574597947,    0.007362938009,      0.2244228709,                 0,                 0,                 0,  -0.0005868159736,  -0.0004737925382,      0.2245431214,                 0,       30.48007068,    0.007482212508
          0,           0,        1532,       -10.8950171,      -9.930920149,      -11.03160806,      -10.60666352,      -14.09518387,     0.01574597947,    0.007362945942,      0.2244230245,                 0,                 0,                 0,  -0.0005867968302,  -0.0004737899702,      0.2245432752,                 0,        30.4800587,    0.007482212508
          0,           0,        1533,      -10.89837996,       -9.93642317,      -11.03961477,      -10.61406578,      -14.10694841,     0.01574597947,    0.007362954127,      0.2244231684,                 0,                 0,                 0,  -0.0005867792563,  -0.0004737868111,      0.2245434193,                 0,       30.48004436,    0.007482212508
          0,           0,        1534,      -10.90172808,      -9.942015701,      -11.04770953,      -10.62152982,      -14.11894302,     0.01574597947,     0.00736296256,      0.2244233028,                 0,                 0,                 0,  -0.0005867632178,  -0.0004737830746,      0.2245435539,                 0,       30.48002771,    0.007482212508
          0,           0,        1535,      -10.90505905,      -9.947696029,      -11.05588998,       -10.6290536,      -14.13117055,     0.01574597947,    0.007362971234,       0.224423428,                 0,                 0,                 0,  -0.0005867486805,  -0.0004737787746,      0.2245436793,                 0,        30.4800088,    0.007482212508
          0,           0,        1536,      -10.90837084,      -9.953462341,       -11.0641533,      -10.63663593,      -14.14363373,     0.01574597947,    0.007362980143,      0.2244235442,                 0,                 0,                 0,  -0.0005867356096,   -0.000473773925,      0.2245437957,                 0,        30.4799877,    0.007482212508
          0,           0,        1537,      -10.91166163,      -9.959312728,      -11.07249999,      -10.64427594,      -14.15633574,     0.01574597947,    0.007362989282,      0.2244236516,                 0,                 0,                 0,    -0.00058672397,  -0.0004737685397,      0.2245439034,                 0,       30.47996445,    0.007482212508
          0,           0,        1538,      -10.91492898,      -9.965245177,      -11.08092732,      -10.65197124,      -14.16928002,     0.01574597947,    0.007362998646,      0.2244237505,                 0,                 0,                 0,  -0.0005867137257,  -0.0004737626329,      0.2245440025,                 0,       30.47993912,    0.007482212508
          0,           0,        1539,      -10.91817166,      -9.971257617,      -11.08943411,       -10.6597214,      -14.18247031,     0.01574597947,    0.007363008229,      0.2244238411,                 0,                 0,                 0,    -0.00058670484,  -0.0004737562184,      0.2245440934,                 0,       30.47991176,    0.007482212508
          0,           0,        1540,      -10.92138734,      -9.977347781,      -11.09801899,      -10.66752419,      -14.19591068,     0.01574597947,    0.007363018025,      0.2244239237,                 0,                 0,                 0,  -0.0005866972757,  -0.0004737493106,      0.2245441763,                 0,       30.47988242,    0.007482212508
          0,           0,        1541,      -10.92457411,      -9.983513359,      -11.10667905,      -10.67537756,      -14.20960548,     0.01574597947,    0.007363028028,      0.2244239985,                 0,                 0,                 0,  -0.0005866909941,  -0.0004737419236,      0.2245442514,                 0,       30.47985117,    0.007482212508
          0,           0,        1542,      -10.92773044,        -9.9897519,      -11.11541415,      -10.68328047,      -14.22355939,     0.01574597947,    0.007363038233,      0.2244240657,                 0,                 0,                 0,  -0.0005866859564,  -0.0004737340717,       0.224544319,                 0,       30.47981806,    0.007482212508
          0,           0,        1543,      -10.93085483,      -9.996060847,      -11.12422079,      -10.69123123,      -14.23777752,     0.01574597947,    0.007363048635,      0.2244241257,                 0,                 0,                 0,  -0.0005866821223,  -0.0004737257691,      0.2245443793,                 0,       30.47978314,    0.007482212508
          0,           0,        1544,      -10.93394569,      -10.00243749,      -11.13309884,      -10.69922806,      -14.25226521,     0.01574597947,    0.007363059229,      0.2244241786,                 0,                 0,                 0,  -0.0005866794509,  -0.0004737170299,      0.2245444325,                 0,       30.47974648,    0.007482212508
          0,           0,        1545,      -10.93700131,      -10.00887902,       -11.1420458,      -10.70726808,      -14.26702828,     0.01574597947,    0.007363070008,      0.2244242248,                 0,                 0,                 0,  -0.0005866779002,  -0.0004737078684,      0.2245444791,                 0,       30.47970813,    0.007482212508
          0,           0,        1546,      -10.94002048,      -10.01538246,      -11.15105908,      -10.71534973,      -14.28207296,     0.01574597947,    0.007363080968,      0.2244242644,                 0,                 0,                 0,  -0.0005866774274,  -0.0004736982987,      0.2245445191,                 0,       30.47966815,    0.007482212508
          0,           0,        1547,      -10.94300189,      -10.02194477,      -11.16013614,      -10.72347039,      -14.29740595,     0.01574597947,    0.007363092103,      0.2244242978,                 0,                 0,                 0,  -0.0005866779886,  -0.0004736883353,      0.2245445528,                 0,       30.47962659,    0.007482212508
          0,           0,        1548,      -10.94594466,       -10.0285627,      -11.16927461,      -10.73162798,      -14.31303448,     0.01574597947,    0.007363103409,      0.2244243252,                 0,                 0,                 0,  -0.0005866795387,  -0.0004736779923,      0.2245445806,                 0,        30.4795835,    0.007482212508
          0,           0,        1549,      -10.94884789,      -10.03523289,      -11.17847451,      -10.73981991,      -14.32896628,     0.01574597947,    0.007363114881,      0.2244243469,                 0,                 0,                 0,  -0.0005866820314,   -0.000473667284,      0.2245446027,                 0,       30.47953896,    0.007482212508
          0,           0,        1550,      -10.95171073,      -10.04195184,       -11.1877286,      -10.74804316,      -14.34520968,     0.01574597947,    0.007363126513,      0.2244243631,                 0,                 0,                 0,  -0.0005866854194,   -0.000473656225,      0.2245446193,                 0,       30.47949301,    0.007482212508
          0,           0,        1551,      -10.95453264,      -10.04871585,      -11.19703773,      -10.75629539,      -14.36177361,     0.01574597947,    0.007363138301,      0.2244243741,                 0,                 0,                 0,   -0.000586689654,  -0.0004736448297,      0.2245446307,                 0,       30.47944572,    0.007482212508
          0,           0,        1552,       -10.9573133,      -10.05552112,      -11.20639904,      -10.76457351,      -14.37866768,     0.01574597947,    0.007363150239,      0.2244243803,                 0,                 0,                 0,  -0.0005866946851,  -0.0004736331127,      0.2245446372,                 0,       30.47939713,    0.007482212508
          0,           0,        1553,      -10.96005265,      -10.06236366,      -11.21580742,      -10.77287406,      -14.39590215,     0.01574597947,    0.007363162323,      0.2244243818,                 0,                 0,                 0,  -0.0005867004613,  -0.0004736210888,      0.2245446392,                 0,       30.47934732,    0.007482212508
          0,           0,        1554,      -10.96275103,      -10.06923933,      -11.22526196,      -10.78119518,      -14.41348807,     0.01574597947,    0.007363174547,       0.224424379,                 0,                 0,                 0,    -0.00058670693,   -0.000473608773,      0.2245446368,                 0,       30.47929633,    0.007482212508
          0,           0,        1555,        -10.965409,      -10.07614381,      -11.23475896,      -10.78953391,      -14.43143727,     0.01574597947,    0.007363186908,      0.2244243721,                 0,                 0,                 0,  -0.0005867140373,    -0.00047359618,      0.2245446303,                 0,       30.47924423,    0.007482212508
          0,           0,        1556,      -10.96802716,      -10.08307259,      -11.24429791,      -10.79788632,      -14.44976242,     0.01574597947,      0.0073631994,      0.2244243615,                 0,                 0,                 0,  -0.0005867217277,  -0.0004735833254,      0.2245446202,                 0,       30.47919108,    0.007482212508
          0,           0,        1557,      -10.97060658,      -10.09002104,      -11.25387059,      -10.80624894,      -14.46847712,     0.01574597947,    0.007363212017,      0.2244243474,                 0,                 0,                 0,  -0.0005867299454,  -0.0004735702243,      0.2245446065,                 0,       30.47913694,    0.007482212508
          0,           0,        1558,      -10.97314943,      -10.09698433,       -11.2634805,      -10.81462104,      -14.48759595,     0.01574597947,    0.007363224756,      0.2244243302,                 0,                 0,                 0,  -0.0005867386327,  -0.0004735568921,      0.2245445898,                 0,       30.47908187,    0.007482212508
          0,           0,        1559,      -10.97565664,      -10.10395743,      -11.27312125,      -10.82299681,      -14.50713454,     0.01574597947,    0.007363237612,      0.2244243101,                 0,                 0,                 0,  -0.0005867477314,  -0.0004735433444,      0.2245445702,                 0,       30.47902593,    0.007482212508
          0,           0,        1560,      -10.97813071,      -10.11093516,      -11.28278884,       -10.8313735,      -14.52710962,     0.01574597947,    0.007363250578,      0.2244242875,                 0,                 0,                 0,  -0.0005867571826,  -0.0004735295968,       0.224544548,                 0,       30.47896919,    0.007482212508
          0,           0,        1561,      -10.98057423,      -10.11791217,      -11.29248691,      -10.83974972,      -14.54753914,     0.01574597947,    0.007363263652,      0.2244242627,                 0,                 0,                 0,  -0.0005867669269,  -0.0004735156649,      0.2245445237,                 0,        30.4789117,    0.007482212508
          0,           0,        1562,      -10.98298947,      -10.12488294,      -11.30220705,       -10.8481188,      -14.56844235,     0.01574597947,    0.007363276827,      0.2244242359,                 0,                 0,                 0,  -0.0005867769054,  -0.0004735015641,      0.2245444974,                 0,       30.47885353,    0.007482212508
          0,           0,        1563,      -10.98537965,      -10.13184181,      -11.31194757,      -10.85648025,      -14.58983983,     0.01574597947,      0.0073632901,      0.2244242076,                 0,                 0,                 0,  -0.0005867870591,    -0.00047348731,      0.2245444695,                 0,       30.47879474,    0.007482212508
          0,           0,        1564,      -10.98774703,      -10.13878292,      -11.32170978,      -10.86482761,      -14.61175362,     0.01574597947,    0.007363303466,      0.2244241779,                 0,                 0,                 0,  -0.0005867973301,  -0.0004734729176,      0.2245444404,                 0,       30.47873539,    0.007482212508
          0,           0,        1565,      -10.99009471,      -10.14570029,      -11.33148378,      -10.87315793,      -14.63420737,     0.01574597947,    0.007363316919,      0.2244241473,                 0,                 0,                 0,  -0.0005868076622,  -0.0004734584018,      0.2245444102,                 0,       30.47867554,    0.007482212508
          0,           0,        1566,      -10.99242485,      -10.15258779,      -11.34127418,      -10.88146576,      -14.65722621,     0.01574597947,    0.007363330457,      0.2244241159,                 0,                 0,                 0,  -0.0005868180009,  -0.0004734437769,      0.2245443793,                 0,       30.47861524,    0.007482212508
          0,           0,        1567,      -10.99473947,      -10.15943917,      -11.35107298,      -10.88974575,      -14.68083686,     0.01574597947,    0.007363344075,      0.2244240841,                 0,                 0,                 0,  -0.0005868282943,  -0.0004734290572,       0.224544348,                 0,       30.47855455,    0.007482212508
          0,           0,        1568,       -10.9970403,      -10.16624804,      -11.36087753,      -10.89799239,      -14.70506753,     0.01574597947,    0.007363357769,      0.2244240521,                 0,                 0,                 0,  -0.0005868384931,   -0.000473414256,      0.2245443165,                 0,       30.47849353,    0.007482212508
          0,           0,        1569,      -10.99932845,      -10.17300794,      -11.37068319,      -10.90619867,      -14.72994785,     0.01574597947,    0.007363371535,      0.2244240202,                 0,                 0,                 0,  -0.0005868485518,  -0.0004733993863,      0.2245442852,                 0,       30.47843222,    0.007482212508
          0,           0,        1570,      -11.00160451,      -10.17971227,      -11.38048328,      -10.91435831,      -14.75550852,     0.01574597947,     0.00736338537,      0.2244239887,                 0,                 0,                 0,  -0.0005868584275,  -0.0004733844607,      0.2245442542,                 0,       30.47837068,    0.007482212508
          0,           0,        1571,      -11.00386876,      -10.18635441,      -11.39027684,      -10.92246434,      -14.78178076,     0.01574597947,    0.007363399269,      0.2244239578,                 0,                 0,                 0,  -0.0005868680811,  -0.0004733694908,      0.2245442237,                 0,       30.47830895,    0.007482212508
          0,           0,        1572,      -11.00612073,      -10.19292765,      -11.40005119,      -10.93050855,       -14.8087955,     0.01574597947,    0.007363413231,      0.2244239277,                 0,                 0,                 0,  -0.0005868774767,  -0.0004733544881,      0.2245441942,                 0,       30.47824707,    0.007482212508
          0,           0,        1573,      -11.00836016,      -10.19942529,       -11.4097999,      -10.93848508,      -14.83658207,     0.01574597947,     0.00736342725,      0.2244238987,                 0,                 0,                 0,  -0.0005868865819,  -0.0004733394633,      0.2245441656,                 0,        30.4781851,    0.007482212508
          0,           0,        1574,      -11.01058576,      -10.20584061,      -11.41951223,      -10.94638245,       -14.8651663,     0.01574597947,    0.007363441324,      0.2244238709,                 0,                 0,                 0,  -0.0005868953671,  -0.0004733244269,      0.2245441383,                 0,       30.47812307,    0.007482212508
          0,           0,        1575,      -11.01279679,      -10.21216689,      -11.42918452,      -10.95419479,      -14.89456767,     0.01574597947,    0.007363455448,      0.2244238444,                 0,                 0,                 0,  -0.0005869038055,  -0.0004733093887,      0.2245441124,                 0,       30.47806102,    0.007482212508
          0,           0,        1576,      -11.01499191,      -10.21839759,      -11.43879776,      -10.96191146,      -14.92479508,     0.01574597947,    0.007363469621,      0.2244238196,                 0,                 0,                 0,  -0.0005869118733,   -0.000473294358,      0.2245440881,                 0,       30.47799898,    0.007482212508
          0,           0,        1577,      -11.01717024,       -10.2245262,      -11.44834609,      -10.96952603,      -14.95584097,     0.01574597947,    0.007363483838,      0.2244237965,                 0,                 0,                 0,  -0.0005869195488,  -0.0004732793438,      0.2245440655,                 0,         30.477937,    0.007482212508
          0,           0,        1578,      -11.01933018,      -10.23054636,      -11.45781428,      -10.97702722,      -14.98767273,     0.01574597947,    0.007363498095,      0.2244237753,                 0,                 0,                 0,  -0.0005869268129,  -0.0004732643544,      0.2245440448,                 0,       30.47787511,    0.007482212508
          0,           0,        1579,      -11.02147095,      -10.23645195,      -11.46718803,      -10.98440786,      -15.02022072,     0.01574597947,     0.00736351239,      0.2244237561,                 0,                 0,                 0,  -0.0005869336485,  -0.0004732493976,      0.2245440261,                 0,       30.47781333,    0.007482212508
          0,           0,        1580,      -11.02359097,      -10.24223699,      -11.47645854,      -10.99165614,      -15.05336181,     0.01574597947,    0.007363526719,       0.224423739,                 0,                 0,                 0,  -0.0005869400405,  -0.0004732344809,      0.2245440095,                 0,        30.4777517,    0.007482212508
          0,           0,        1581,      -11.02568981,      -10.24789584,       -11.4856067,      -10.99876688,      -15.08689735,     0.01574597947,     0.00736354108,      0.2244237241,                 0,                 0,                 0,  -0.0005869459757,  -0.0004732196112,      0.2245439951,                 0,       30.47769025,    0.007482212508
          0,           0,        1582,      -11.02776633,       -10.2534231,      -11.49462221,      -11.00573045,      -15.12052531,     0.01574597947,    0.007363555468,      0.2244237116,                 0,                 0,                 0,  -0.0005869514423,  -0.0004732047947,      0.2245439831,                 0,       30.47762899,    0.007482212508
          0,           0,        1583,      -11.02981925,      -10.25881365,      -11.50348214,      -11.01253503,      -15.15380776,     0.01574597947,    0.007363569883,      0.2244237015,                 0,                 0,                 0,  -0.0005869564306,  -0.0004731900373,      0.2245439736,                 0,       30.47756796,    0.007482212508
          0,           0,        1584,      -11.03184822,      -10.26406283,      -11.51218139,      -11.01917595,       -15.1861381,     0.01574597947,     0.00736358432,       0.224423694,                 0,                 0,                 0,  -0.0005869609321,  -0.0004731753444,      0.2245439665,                 0,       30.47750718,    0.007482212508
          0,           0,        1585,      -11.03385241,      -10.26916626,      -11.52069342,      -11.02564262,      -15.21671888,     0.01574597947,    0.007363598778,       0.224423689,                 0,                 0,                 0,  -0.0005869649391,  -0.0004731607208,       0.224543962,                 0,       30.47744666,    0.007482212508
          0,           0,        1586,      -11.03583115,      -10.27411995,      -11.52901631,       -11.0319283,      -15.24456819,     0.01574597947,    0.007363613254,      0.2244236866,                 0,                 0,                 0,  -0.0005869684456,   -0.000473146171,      0.2245439602,                 0,       30.47738642,    0.007482212508
          0,           0,        1587,      -11.03778386,      -10.27892038,      -11.53711941,      -11.03802482,      -15.26857922,     0.01574597947,    0.007363627746,      0.2244236869,                 0,                 0,                 0,  -0.0005869714463,  -0.0004731316991,       0.224543961,                 0,       30.47732649,    0.007482212508
          0,           0,        1588,      -11.03971023,      -10.28356437,      -11.54500199,      -11.04392576,      -15.28765143,     0.01574597947,    0.007363642253,        0.22442369,                 0,                 0,                 0,  -0.0005869739368,  -0.0004731173087,      0.2245439646,                 0,       30.47726686,    0.007482212508
          0,           0,        1589,      -11.04160973,      -10.28804929,      -11.55264196,      -11.04962419,      -15.30088496,     0.01574597947,    0.007363656772,      0.2244236959,                 0,                 0,                 0,  -0.0005869759134,  -0.0004731030032,      0.2245439709,                 0,       30.47720757,    0.007482212508
          0,           0,        1590,      -11.04348202,      -10.29237281,      -11.56003157,      -11.05511413,      -15.30778521,     0.01574597947,    0.007363671302,      0.2244237046,                 0,                 0,                 0,   -0.000586977373,  -0.0004730887854,      0.2245439801,                 0,       30.47714861,    0.007482212508
          0,           0,        1591,      -11.04532695,      -10.29653314,       -11.5671578,      -11.06039101,      -15.30839233,     0.01574597947,    0.007363685841,      0.2244237161,                 0,                 0,                 0,  -0.0005869783131,  -0.0004730746583,      0.2245439922,                 0,          30.47709,    0.007482212508
          0,           0,        1592,      -11.04714442,      -10.30052896,      -11.57400682,        -11.065452,       -15.3032708,     0.01574597947,    0.007363700389,      0.2244237306,                 0,                 0,                 0,  -0.0005869787317,  -0.0004730606242,      0.2245440072,                 0,       30.47703176,    0.007482212508
          0,           0,        1593,      -11.04893422,       -10.3043593,      -11.58056694,       -11.0702909,      -15.29336448,     0.01574597947,    0.007363714943,       0.224423748,                 0,                 0,                 0,  -0.0005869786272,  -0.0004730466854,       0.224544025,                 0,       30.47697388,    0.007482212508
          0,           0,        1594,      -11.05069634,      -10.30802365,      -11.58683511,      -11.07490638,      -15.27978865,     0.01574597947,    0.007363729502,      0.2244237683,                 0,                 0,                 0,  -0.0005869779984,  -0.0004730328437,      0.2245440458,                 0,       30.47691638,    0.007482212508
          0,           0,        1595,      -11.05243063,      -10.31152193,      -11.59279704,       -11.0792949,      -15.26364227,     0.01574597947,    0.007363744066,      0.2244237915,                 0,                 0,                 0,  -0.0005869768446,  -0.0004730191008,      0.2245440696,                 0,       30.47685926,    0.007482212508
          0,           0,        1596,      -11.05413762,      -10.31485451,      -11.59845098,      -11.08345757,      -15.24588694,     0.01574597947,    0.007363758633,      0.2244238178,                 0,                 0,                 0,  -0.0005869751655,  -0.0004730054583,      0.2245440963,                 0,       30.47680254,    0.007482212508
          0,           0,        1597,      -11.05581718,      -10.31802211,      -11.60378892,      -11.08739309,      -15.22729612,     0.01574597947,    0.007363773203,       0.224423847,                 0,                 0,                 0,   -0.000586972961,  -0.0004729919174,      0.2245441261,                 0,        30.4767462,    0.007482212508
          0,           0,        1598,      -11.05746918,      -10.32102582,      -11.60881018,      -11.09109863,      -15.20845387,     0.01574597947,    0.007363787775,      0.2244238793,                 0,                 0,                 0,  -0.0005869702317,  -0.0004729784792,      0.2245441588,                 0,       30.47669027,    0.007482212508
          0,           0,        1599,      -11.05909434,      -10.32386717,      -11.61351253,      -11.09458027,      -15.18977775,     0.01574597947,    0.007363802348,      0.2244239145,                 0,                 0,                 0,  -0.0005869669783,  -0.0004729651446,      0.2245441945,                 0,       30.47663474,    0.007482212508
          0,           0,        1600,      -11.06069247,      -10.32654788,      -11.61789283,      -11.09783525,       -15.1715588,     0.01574597947,    0.007363816922,      0.2244239527,                 0,                 0,                 0,  -0.0005869632021,  -0.0004729519143,      0.2245442332,                 0,       30.47657962,    0.007482212508
          0,           0,        1601,      -11.06226416,      -10.32907013,      -11.62195073,      -11.10086834,      -15.15398336,     0.01574597947,    0.007363831495,       0.224423994,                 0,                 0,                 0,  -0.0005869589048,  -0.0004729387887,      0.2245442749,                 0,        30.4765249,    0.007482212508
          0,           0,        1602,      -11.06380943,      -10.33143626,      -11.62568699,      -11.10368104,      -15.13716762,     0.01574597947,    0.007363846069,      0.2244240382,                 0,                 0,                 0,  -0.0005869540882,  -0.0004729257683,      0.2245443197,                 0,        30.4764706,    0.007482212508
          0,           0,        1603,       -11.0653291,      -10.33364894,      -11.62911137,      -11.10628043,      -15.12117584,     0.01574597947,    0.007363860641,      0.2244240854,                 0,                 0,                 0,   -0.000586948755,  -0.0004729128532,      0.2245443674,                 0,        30.4764167,    0.007482212508
          0,           0,        1604,      -11.06682312,      -10.33571102,      -11.63222464,      -11.10866734,      -15.10603646,     0.01574597947,    0.007363875213,      0.2244241357,                 0,                 0,                 0,  -0.0005869429077,  -0.0004729000433,      0.2245444181,                 0,       30.47636322,    0.007482212508
          0,           0,        1605,       -11.0682918,      -10.33762552,      -11.63503248,      -11.11084683,      -15.09175371,     0.01574597947,    0.007363889784,      0.2244241889,                 0,                 0,                 0,  -0.0005869365497,  -0.0004728873385,      0.2245444718,                 0,       30.47631014,    0.007482212508
          0,           0,        1606,      -11.06973581,      -10.33939568,      -11.63754184,      -11.11282617,      -15.07831574,     0.01574597947,    0.007363904354,      0.2244242451,                 0,                 0,                 0,  -0.0005869296844,  -0.0004728747384,      0.2245445284,                 0,       30.47625747,    0.007482212508
          0,           0,        1607,      -11.07115551,      -10.34102482,       -11.6397627,      -11.11461006,      -15.06570042,     0.01574597947,    0.007363918922,      0.2244243042,                 0,                 0,                 0,  -0.0005869223156,  -0.0004728622424,       0.224544588,                 0,       30.47620521,    0.007482212508
          0,           0,        1608,      -11.07255114,      -10.34251641,      -11.64170201,      -11.11620394,      -15.05387933,     0.01574597947,     0.00736393349,      0.2244243663,                 0,                 0,                 0,  -0.0005869144475,  -0.0004728498497,      0.2245446506,                 0,       30.47615334,    0.007482212508
          0,           0,        1609,      -11.07392338,      -10.34387399,      -11.64337091,      -11.11761621,      -15.04282047,     0.01574597947,    0.007363948058,      0.2244244313,                 0,                 0,                 0,  -0.0005869060843,  -0.0004728375595,       0.224544716,                 0,       30.47610188,    0.007482212508
          0,           0,        1610,      -11.07527251,      -10.34510116,      -11.64478059,      -11.11885196,      -15.03249011,     0.01574597947,    0.007363962625,      0.2244244992,                 0,                 0,                 0,  -0.0005868972309,  -0.0004728253707,      0.2245447844,                 0,       30.47605082,    0.007482212508
          0,           0,        1611,      -11.07659891,      -10.34620151,      -11.64594187,      -11.11991874,      -15.02285413,     0.01574597947,    0.007363977192,      0.2244245699,                 0,                 0,                 0,  -0.0005868878924,   -0.000472813282,      0.2245448556,                 0,       30.47600014,    0.007482212508
          0,           0,        1612,      -11.07790334,      -10.34717869,      -11.64686098,      -11.12082392,      -15.01387888,     0.01574597947,     0.00736399176,      0.2244246436,                 0,                 0,                 0,   -0.000586878074,  -0.0004728012921,      0.2245449297,                 0,       30.47594985,    0.007482212508
          0,           0,        1613,      -11.07918593,      -10.34803627,      -11.64755857,      -11.12157405,      -15.00553166,     0.01574597947,     0.00736400633,        0.22442472,                 0,                 0,                 0,  -0.0005868677812,  -0.0004727893993,      0.2245450066,                 0,       30.47589993,    0.007482212508
          0,           0,        1614,      -11.08044727,      -10.34877786,      -11.64804017,       -11.1221759,      -14.99778103,     0.01574597947,    0.007364020902,      0.2244247993,                 0,                 0,                 0,  -0.0005868570198,  -0.0004727776019,      0.2245450864,                 0,       30.47585039,    0.007482212508
          0,           0,        1615,      -11.08168771,        -10.349407,       -11.6483211,      -11.12263693,        -14.990597,     0.01574597947,    0.007364035477,      0.2244248813,                 0,                 0,                 0,  -0.0005868457958,   -0.000472765898,      0.2245451688,                 0,        30.4758012,    0.007482212508
          0,           0,        1616,      -11.08290779,      -10.34992715,      -11.64841232,      -11.12296467,      -14.98395107,     0.01574597947,    0.007364050057,       0.224424966,                 0,                 0,                 0,  -0.0005868341153,  -0.0004727542856,       0.224545254,                 0,       30.47575238,    0.007482212508
          0,           0,        1617,      -11.08410796,       -10.3503417,      -11.64832603,      -11.12316631,      -14.97781629,     0.01574597947,    0.007364064641,      0.2244250535,                 0,                 0,                 0,  -0.0005868219848,  -0.0004727427625,       0.224545342,                 0,        30.4757039,    0.007482212508
          0,           0,        1618,      -11.08528866,      -10.35065398,      -11.64807445,      -11.12324759,      -14.97216717,     0.01574597947,    0.007364079232,      0.2244251436,                 0,                 0,                 0,  -0.0005868094108,  -0.0004727313263,      0.2245454326,                 0,       30.47565576,    0.007482212508
          0,           0,        1619,      -11.08645028,      -10.35086714,      -11.64766953,      -11.12321655,      -14.96697968,     0.01574597947,     0.00736409383,      0.2244252364,                 0,                 0,                 0,  -0.0005867964001,  -0.0004727199746,      0.2245455258,                 0,       30.47560794,    0.007482212508
          0,           0,        1620,      -11.08759322,      -10.35098433,      -11.64712281,      -11.12307803,      -14.96223119,     0.01574597947,    0.007364108438,      0.2244253318,                 0,                 0,                 0,  -0.0005867829595,  -0.0004727087048,      0.2245456216,                 0,       30.47556044,    0.007482212508
          0,           0,        1621,      -11.08871799,       -10.3510085,      -11.64644528,      -11.12283928,      -14.95790033,     0.01574597947,    0.007364123055,      0.2244254297,                 0,                 0,                 0,   -0.000586769096,  -0.0004726975141,        0.22454572,                 0,       30.47551325,    0.007482212508
          0,           0,        1622,        -11.089825,      -10.35094253,      -11.64564855,      -11.12250714,      -14.95396696,     0.01574597947,    0.007364137685,      0.2244255302,                 0,                 0,                 0,  -0.0005867548171,  -0.0004726863997,      0.2245458209,                 0,       30.47546635,    0.007482212508
          0,           0,        1623,       -11.0909148,      -10.35078912,      -11.64474384,      -11.12208652,      -14.95041206,     0.01574597947,    0.007364152329,      0.2244256332,                 0,                 0,                 0,  -0.0005867401296,  -0.0004726753586,      0.2245459243,                 0,       30.47541973,    0.007482212508
          0,           0,        1624,      -11.09198754,      -10.35055078,      -11.64373896,      -11.12158336,      -14.94721761,     0.01574597947,    0.007364166988,      0.2244257386,                 0,                 0,                 0,  -0.0005867250416,  -0.0004726643877,      0.2245460302,                 0,       30.47537338,    0.007482212508
          0,           0,        1625,      -11.09304379,      -10.35022983,      -11.64264671,      -11.12100286,      -14.94436651,     0.01574597947,    0.007364181664,      0.2244258464,                 0,                 0,                 0,  -0.0005867095601,  -0.0004726534837,      0.2245461385,                 0,       30.47532729,    0.007482212508
          0,           0,        1626,      -11.09408392,      -10.34982875,       -11.6414743,      -11.12034986,      -14.94184253,     0.01574597947,    0.007364196359,      0.2244259566,                 0,                 0,                 0,  -0.0005866936933,  -0.0004726426435,      0.2245462491,                 0,       30.47528144,    0.007482212508
          0,           0,        1627,      -11.09510827,       -10.3493498,      -11.64023116,      -11.11962882,      -14.93963021,     0.01574597947,    0.007364211074,      0.2244260691,                 0,                 0,                 0,   -0.000586677449,  -0.0004726318634,      0.2245463621,                 0,       30.47523582,    0.007482212508
          0,           0,        1628,       -11.0961172,      -10.34879474,      -11.63892513,      -11.11884544,      -14.93771479,     0.01574597947,    0.007364225813,      0.2244261839,                 0,                 0,                 0,   -0.000586660835,  -0.0004726211402,      0.2245464773,                 0,       30.47519042,    0.007482212508
          0,           0,        1629,      -11.09711111,      -10.34816529,      -11.63756395,      -11.11800291,      -14.93608222,     0.01574597947,    0.007364240577,       0.224426301,                 0,                 0,                 0,  -0.0005866438596,  -0.0004726104701,      0.2245465948,                 0,       30.47514521,    0.007482212508
          0,           0,        1630,      -11.09809034,      -10.34746336,      -11.63615555,      -11.11710507,      -14.93471906,     0.01574597947,    0.007364255369,      0.2244264202,                 0,                 0,                 0,  -0.0005866265311,  -0.0004725998494,      0.2245467145,                 0,        30.4751002,    0.007482212508
          0,           0,        1631,      -11.09905526,      -10.34669049,      -11.63470749,      -11.11615568,      -14.93361249,     0.01574597947,    0.007364270189,      0.2244265416,                 0,                 0,                 0,  -0.0005866088577,  -0.0004725892744,      0.2245468364,                 0,       30.47505535,    0.007482212508
          0,           0,        1632,      -11.10000615,      -10.34584814,      -11.63322254,       -11.1151572,      -14.93275025,     0.01574597947,    0.007364285042,      0.2244266651,                 0,                 0,                 0,  -0.0005865908481,  -0.0004725787411,      0.2245469603,                 0,       30.47501066,    0.007482212508
          0,           0,        1633,      -11.10094324,      -10.34493765,      -11.63170823,      -11.11411473,      -14.93212066,     0.01574597947,    0.007364299928,      0.2244267907,                 0,                 0,                 0,  -0.0005865725109,  -0.0004725682458,      0.2245470863,                 0,        30.4749661,    0.007482212508
          0,           0,        1634,      -11.10186704,      -10.34396014,      -11.63017131,      -11.11302944,      -14.93171253,     0.01574597947,    0.007364314852,      0.2244269183,                 0,                 0,                 0,  -0.0005865538546,  -0.0004725577843,      0.2245472143,                 0,       30.47492167,    0.007482212508
          0,           0,        1635,       -11.1027777,      -10.34291658,      -11.62861424,      -11.11190362,      -14.93151517,     0.01574597947,    0.007364329814,      0.2244270478,                 0,                 0,                 0,  -0.0005865348882,  -0.0004725473525,      0.2245473443,                 0,       30.47487735,    0.007482212508
          0,           0,        1636,      -11.10367547,      -10.34180784,      -11.62704267,      -11.11074064,      -14.93151835,     0.01574597947,    0.007364344818,      0.2244271793,                 0,                 0,                 0,  -0.0005865156207,  -0.0004725369463,      0.2245474763,                 0,       30.47483311,    0.007482212508
          0,           0,        1637,       -11.1045607,      -10.34063459,      -11.62545908,      -11.10954077,      -14.93171059,     0.01574597947,    0.007364359866,      0.2244273127,                 0,                 0,                 0,  -0.0005864960608,  -0.0004725265615,      0.2245476101,                 0,       30.47478895,    0.007482212508
          0,           0,        1638,      -11.10543348,      -10.33939745,      -11.62387011,      -11.10830734,      -14.93208517,     0.01574597947,     0.00736437496,      0.2244274478,                 0,                 0,                 0,  -0.0005864762178,  -0.0004725161937,      0.2245477457,                 0,       30.47474484,    0.007482212508
          0,           0,        1639,      -11.10629407,       -10.3380969,      -11.62227465,      -11.10704031,      -14.93263184,     0.01574597947,    0.007364390105,      0.2244275848,                 0,                 0,                 0,  -0.0005864561006,  -0.0004725058385,      0.2245478831,                 0,       30.47470077,    0.007482212508
          0,           0,        1640,      -11.10714281,      -10.33673313,      -11.62067791,      -11.10574211,      -14.93334208,     0.01574597947,    0.007364405301,      0.2244277235,                 0,                 0,                 0,  -0.0005864357185,  -0.0004724954916,      0.2245480222,                 0,       30.47465672,    0.007482212508
          0,           0,        1641,      -11.10797954,       -10.3353064,      -11.61908368,       -11.1044122,      -14.93420735,     0.01574597947,    0.007364420553,      0.2244278639,                 0,                 0,                 0,  -0.0005864150808,  -0.0004724851485,      0.2245481631,                 0,       30.47461267,    0.007482212508
          0,           0,        1642,       -11.1088048,      -10.33381681,      -11.61748888,      -11.10305195,      -14.93521935,     0.01574597947,    0.007364435863,      0.2244280059,                 0,                 0,                 0,  -0.0005863941965,  -0.0004724748046,      0.2245483055,                 0,        30.4745686,    0.007482212508
          0,           0,        1643,      -11.10961854,      -10.33226429,      -11.61590045,      -11.10166239,      -14.93636997,     0.01574597947,    0.007364451234,      0.2244281495,                 0,                 0,                 0,  -0.0005863730753,  -0.0004724644554,      0.2245484496,                 0,        30.4745245,    0.007482212508
          0,           0,        1644,      -11.11042089,      -10.33064864,      -11.61431531,      -11.10024128,      -14.93765127,     0.01574597947,    0.007364466669,      0.2244282947,                 0,                 0,                 0,  -0.0005863517262,   -0.000472454096,      0.2245485952,                 0,       30.47448034,    0.007482212508
          0,           0,        1645,      -11.11121194,      -10.32896961,      -11.61273771,      -11.09879178,       -14.9390555,     0.01574597947,    0.007364482171,      0.2244284414,                 0,                 0,                 0,  -0.0005863301589,  -0.0004724437219,      0.2245487424,                 0,        30.4744361,    0.007482212508
          0,           0,        1646,      -11.11199177,      -10.32722674,      -11.61116472,      -11.09731219,      -14.94057507,     0.01574597947,    0.007364497744,      0.2244285895,                 0,                 0,                 0,  -0.0005863083827,  -0.0004724333283,      0.2245488909,                 0,       30.47439178,    0.007482212508
          0,           0,        1647,      -11.11276039,       -10.3254196,      -11.60960197,      -11.09580203,       -14.9422025,     0.01574597947,    0.007364513389,       0.224428739,                 0,                 0,                 0,  -0.0005862864072,  -0.0004724229102,      0.2245490409,                 0,       30.47434734,    0.007482212508
          0,           0,        1648,      -11.11351782,      -10.32354739,      -11.60804429,      -11.09426041,      -14.94393046,     0.01574597947,    0.007364529112,      0.2244288899,                 0,                 0,                 0,  -0.0005862642417,  -0.0004724124628,      0.2245491922,                 0,       30.47430277,    0.007482212508
          0,           0,        1649,      -11.11426409,      -10.32160935,      -11.60649486,      -11.09268769,      -14.94575176,     0.01574597947,    0.007364544915,      0.2244290421,                 0,                 0,                 0,   -0.000586241896,  -0.0004724019812,      0.2245493449,                 0,       30.47425804,    0.007482212508
          0,           0,        1650,      -11.11499915,      -10.31960459,      -11.60495378,      -11.09108034,      -14.94765931,     0.01574597947,    0.007364560801,      0.2244291955,                 0,                 0,                 0,  -0.0005862193796,  -0.0004723914602,      0.2245494988,                 0,       30.47421314,    0.007482212508
          0,           0,        1651,      -11.11572299,      -10.31753216,      -11.60341815,       -11.0894396,      -14.94964616,     0.01574597947,    0.007364576774,      0.2244293502,                 0,                 0,                 0,  -0.0005861967018,  -0.0004723808949,      0.2245496539,                 0,       30.47416805,    0.007482212508
          0,           0,        1652,       -11.1164354,      -10.31539089,      -11.60188916,      -11.08776304,       -14.9517054,     0.01574597947,    0.007364592837,      0.2244295061,                 0,                 0,                 0,  -0.0005861738724,  -0.0004723702802,      0.2245498103,                 0,       30.47412274,    0.007482212508
          0,           0,        1653,      -11.11713648,      -10.31317951,       -11.6003639,      -11.08604952,      -14.95383017,     0.01574597947,    0.007364608995,       0.224429663,                 0,                 0,                 0,  -0.0005861509006,  -0.0004723596106,      0.2245499677,                 0,        30.4740772,    0.007482212508
          0,           0,        1654,      -11.11782574,      -10.31089678,      -11.59884242,      -11.08429739,      -14.95601361,     0.01574597947,    0.007364625251,      0.2244298211,                 0,                 0,                 0,   -0.000586127796,  -0.0004723488811,      0.2245501262,                 0,       30.47403139,    0.007482212508
          0,           0,        1655,      -11.11850327,      -10.30854118,      -11.59732382,      -11.08250476,      -14.95824884,     0.01574597947,    0.007364641609,      0.2244299802,                 0,                 0,                 0,  -0.0005861045679,  -0.0004723380861,      0.2245502858,                 0,       30.47398531,    0.007482212508
          0,           0,        1656,      -11.11916867,      -10.30611114,      -11.59580664,      -11.08066876,      -14.96052891,     0.01574597947,    0.007364658072,      0.2244301403,                 0,                 0,                 0,  -0.0005860812256,  -0.0004723272203,      0.2245504464,                 0,       30.47393893,    0.007482212508
          0,           0,        1657,       -11.1198218,      -10.30360494,      -11.59428856,      -11.07878807,       -14.9628468,     0.01574597947,    0.007364674645,      0.2244303014,                 0,                 0,                 0,  -0.0005860577787,  -0.0004723162781,      0.2245506079,                 0,       30.47389222,    0.007482212508
          0,           0,        1658,       -11.1204622,      -10.30102074,      -11.59276625,      -11.07685979,      -14.96519536,     0.01574597947,    0.007364691332,      0.2244304633,                 0,                 0,                 0,  -0.0005860342362,  -0.0004723052538,      0.2245507704,                 0,       30.47384516,    0.007482212508
          0,           0,        1659,      -11.12108954,      -10.29835659,      -11.59123896,      -11.07488142,       -14.9675673,     0.01574597947,    0.007364708137,      0.2244306262,                 0,                 0,                 0,  -0.0005860106076,  -0.0004722941418,      0.2245509337,                 0,       30.47379774,    0.007482212508
          0,           0,        1660,      -11.12170363,      -10.29561037,      -11.58970522,      -11.07285055,      -14.96995515,     0.01574597947,    0.007364725065,      0.2244307898,                 0,                 0,                 0,   -0.000585986902,  -0.0004722829362,      0.2245510979,                 0,       30.47374992,    0.007482212508
          0,           0,        1661,      -11.12230383,      -10.29277991,      -11.58815861,      -11.07076322,      -14.97235119,     0.01574597947,    0.007364742121,      0.2244309543,                 0,                 0,                 0,  -0.0005859631284,  -0.0004722716309,      0.2245512628,                 0,       30.47370168,    0.007482212508
          0,           0,        1662,      -11.12288964,      -10.28986284,      -11.58660138,      -11.06861686,      -14.97474739,     0.01574597947,    0.007364759308,      0.2244311195,                 0,                 0,                 0,  -0.0005859392961,    -0.00047226022,      0.2245514285,                 0,       30.47365299,    0.007482212508
          0,           0,        1663,      -11.12346055,      -10.28685673,      -11.58502721,       -11.0664095,       -14.9771354,     0.01574597947,    0.007364776632,      0.2244312855,                 0,                 0,                 0,  -0.0005859154139,  -0.0004722486973,       0.224551595,                 0,       30.47360384,    0.007482212508
          0,           0,        1664,      -11.12401593,      -10.28375892,      -11.58343347,      -11.06413538,      -14.97950646,     0.01574597947,    0.007364794099,      0.2244314521,                 0,                 0,                 0,  -0.0005858914908,  -0.0004722370562,      0.2245517621,                 0,       30.47355419,    0.007482212508
          0,           0,        1665,      -11.12455507,      -10.28056654,      -11.58181589,      -11.06179181,      -14.98185135,     0.01574597947,    0.007364811712,      0.2244316193,                 0,                 0,                 0,  -0.0005858675357,  -0.0004722252904,      0.2245519299,                 0,       30.47350402,    0.007482212508
          0,           0,        1666,      -11.12507723,      -10.27727667,      -11.58017164,      -11.05937558,      -14.98416037,     0.01574597947,    0.007364829479,      0.2244317872,                 0,                 0,                 0,  -0.0005858435574,  -0.0004722133931,      0.2245520982,                 0,        30.4734533,    0.007482212508
          0,           0,        1667,      -11.12558165,      -10.27388626,      -11.57849716,      -11.05688128,       -14.9864233,     0.01574597947,    0.007364847403,      0.2244319556,                 0,                 0,                 0,  -0.0005858195644,  -0.0004722013575,      0.2245522672,                 0,         30.473402,    0.007482212508
          0,           0,        1668,      -11.12606732,      -10.27039199,      -11.57678892,      -11.05430502,      -14.98862937,     0.01574597947,    0.007364865493,      0.2244321246,                 0,                 0,                 0,  -0.0005857955651,  -0.0004721891764,      0.2245524367,                 0,        30.4733501,    0.007482212508
          0,           0,        1669,      -11.12653326,      -10.26679041,      -11.57503923,       -11.0516438,      -14.99076617,     0.01574597947,    0.007364883752,      0.2244322941,                 0,                 0,                 0,  -0.0005857715684,  -0.0004721768427,      0.2245526067,                 0,       30.47329756,    0.007482212508
          0,           0,        1670,      -11.12697847,       -10.2630779,      -11.57324784,      -11.04889017,      -14.99282336,     0.01574597947,    0.007364902189,       0.224432464,                 0,                 0,                 0,  -0.0005857475825,  -0.0004721643487,      0.2245527772,                 0,       30.47324435,    0.007482212508
          0,           0,        1671,      -11.12740173,      -10.25925064,      -11.57140443,      -11.04604058,      -14.99478766,     0.01574597947,     0.00736492081,      0.2244326344,                 0,                 0,                 0,  -0.0005857236155,  -0.0004721516868,      0.2245529482,                 0,       30.47319044,    0.007482212508
          0,           0,        1672,      -11.12780168,      -10.25530461,      -11.56950936,      -11.04308917,      -14.99664615,     0.01574597947,    0.007364939621,      0.2244328053,                 0,                 0,                 0,  -0.0005856996756,  -0.0004721388489,      0.2245531196,                 0,       30.47313581,    0.007482212508
          0,           0,        1673,      -11.12817699,      -10.25123563,      -11.56755272,      -11.04003151,      -14.99838454,     0.01574597947,    0.007364958631,      0.2244329765,                 0,                 0,                 0,  -0.0005856757712,  -0.0004721258267,      0.2245532914,                 0,        30.4730804,    0.007482212508
          0,           0,        1674,      -11.12852619,      -10.24703928,      -11.56552905,      -11.03686074,      -14.99998793,     0.01574597947,    0.007364977846,      0.2244331481,                 0,                 0,                 0,  -0.0005856519099,  -0.0004721126117,      0.2245534635,                 0,        30.4730242,    0.007482212508
          0,           0,        1675,      -11.12884758,      -10.24271095,      -11.56343412,       -11.0335711,      -15.00144047,     0.01574597947,    0.007364997276,      0.2244333201,                 0,                 0,                 0,     -0.0005856281,  -0.0004720991948,       0.224553636,                 0,       30.47296715,    0.007482212508
          0,           0,        1676,      -11.12913937,       -10.2382458,      -11.56126053,      -11.03015679,       -15.0027253,     0.01574597947,    0.007365016928,      0.2244334923,                 0,                 0,                 0,  -0.0005856043494,  -0.0004720855668,      0.2245538089,                 0,       30.47290923,    0.007482212508
          0,           0,        1677,      -11.12939973,      -10.23363873,      -11.55900083,      -11.02661068,      -15.00382459,     0.01574597947,    0.007365036812,      0.2244336649,                 0,                 0,                 0,  -0.0005855806659,  -0.0004720717179,      0.2245539821,                 0,       30.47285039,    0.007482212508
          0,           0,        1678,      -11.12962636,      -10.22888447,       -11.5566496,       -11.0229262,      -15.00471943,     0.01574597947,    0.007365056937,      0.2244338378,                 0,                 0,                 0,  -0.0005855570575,  -0.0004720576382,      0.2245541555,                 0,        30.4727906,    0.007482212508
          0,           0,        1679,      -11.12981723,      -10.22397748,      -11.55419639,      -11.01909619,      -15.00538979,     0.01574597947,    0.007365077313,      0.2244340109,                 0,                 0,                 0,  -0.0005855335323,   -0.000472043317,      0.2245543293,                 0,        30.4727298,    0.007482212508
          0,           0,        1680,      -11.12996981,      -10.21891187,      -11.55163441,      -11.01511288,      -15.00581451,     0.01574597947,     0.00736509795,      0.2244341843,                 0,                 0,                 0,   -0.000585510098,  -0.0004720287434,      0.2245545033,                 0,       30.47266796,    0.007482212508
          0,           0,        1681,      -11.13008137,      -10.21368167,      -11.54895869,       -11.0109693,      -15.00597116,     0.01574597947,    0.007365118859,      0.2244343579,                 0,                 0,                 0,  -0.0005854867627,  -0.0004720139057,      0.2245546775,                 0,       30.47260502,    0.007482212508
          0,           0,        1682,      -11.13014903,      -10.20828059,      -11.54615877,       -11.0066572,      -15.00583604,     0.01574597947,    0.007365140053,      0.2244345317,                 0,                 0,                 0,  -0.0005854635345,   -0.000471998792,       0.224554852,                 0,       30.47254093,    0.007482212508
          0,           0,        1683,      -11.13016977,      -10.20270208,       -11.5432226,      -11.00216799,      -15.00538413,     0.01574597947,    0.007365161542,      0.2244347058,                 0,                 0,                 0,  -0.0005854404216,  -0.0004719833895,      0.2245550267,                 0,       30.47247565,    0.007482212508
          0,           0,        1684,      -11.13014017,      -10.19693927,      -11.54014424,      -10.99749397,      -15.00458906,     0.01574597947,    0.007365183341,        0.22443488,                 0,                 0,                 0,  -0.0005854174321,  -0.0004719676849,      0.2245552015,                 0,       30.47240912,    0.007482212508
          0,           0,        1685,      -11.13005654,      -10.19098503,      -11.53691218,      -10.99262562,      -15.00342318,     0.01574597947,    0.007365205462,      0.2244350544,                 0,                 0,                 0,  -0.0005853945745,  -0.0004719516641,      0.2245553766,                 0,       30.47234128,    0.007482212508
          0,           0,        1686,      -11.12991504,      -10.18483198,      -11.53351885,        -10.987554,      -15.00185764,     0.01574597947,    0.007365227921,       0.224435229,                 0,                 0,                 0,  -0.0005853718575,  -0.0004719353125,      0.2245555519,                 0,       30.47227207,    0.007482212508
          0,           0,        1687,      -11.12971117,      -10.17847247,      -11.52995062,      -10.98226918,      -14.99986251,     0.01574597947,    0.007365250733,      0.2244354038,                 0,                 0,                 0,  -0.0005853492896,  -0.0004719186143,      0.2245557274,                 0,       30.47220142,    0.007482212508
          0,           0,        1688,      -11.12944042,      -10.17189859,       -11.5261987,      -10.97676205,      -14.99740701,     0.01574597947,    0.007365273913,      0.2244355787,                 0,                 0,                 0,  -0.0005853268802,  -0.0004719015532,       0.224555903,                 0,       30.47212926,    0.007482212508
          0,           0,        1689,      -11.12909779,      -10.16510232,      -11.52224994,      -10.97102215,      -14.99445972,     0.01574597947,    0.007365297479,      0.2244357538,                 0,                 0,                 0,  -0.0005853046386,  -0.0004718841118,      0.2245560788,                 0,       30.47205554,    0.007482212508
          0,           0,        1690,      -11.12867762,      -10.15807505,      -11.51809325,      -10.96504006,      -14.99098898,     0.01574597947,     0.00736532145,      0.2244359291,                 0,                 0,                 0,  -0.0005852825746,  -0.0004718662717,      0.2245562548,                 0,       30.47198016,    0.007482212508
          0,           0,        1691,      -11.12817433,      -10.15080816,      -11.51371833,      -10.95880492,      -14.98696321,     0.01574597947,    0.007365345844,      0.2244361045,                 0,                 0,                 0,  -0.0005852606985,  -0.0004718480134,      0.2245564309,                 0,       30.47190305,    0.007482212508
          0,           0,        1692,      -11.12758136,      -10.14329297,      -11.50910951,      -10.95230602,      -14.98235143,     0.01574597947,    0.007365370683,        0.22443628,                 0,                 0,                 0,  -0.0005852390205,  -0.0004718293162,      0.2245566072,                 0,       30.47182412,    0.007482212508
          0,           0,        1693,      -11.12689192,      -10.13552052,       -11.5042562,      -10.94553298,      -14.97712388,     0.01574597947,    0.007365395988,      0.2244364557,                 0,                 0,                 0,  -0.0005852175523,  -0.0004718101585,      0.2245567837,                 0,       30.47174328,    0.007482212508
          0,           0,        1694,      -11.12609851,      -10.12748178,      -11.49914295,      -10.93847528,       -14.9712526,     0.01574597947,    0.007365421782,      0.2244366316,                 0,                 0,                 0,   -0.000585196305,  -0.0004717905169,      0.2245569604,                 0,       30.47166044,    0.007482212508
          0,           0,        1695,      -11.12519354,      -10.11916777,      -11.49375853,      -10.93112232,       -14.9647121,     0.01574597947,    0.007365448091,      0.2244368076,                 0,                 0,                 0,  -0.0005851752909,  -0.0004717703668,      0.2245571372,                 0,        30.4715755,    0.007482212508
          0,           0,        1696,       -11.1241682,      -10.11056939,      -11.48808779,      -10.92346364,      -14.95747967,     0.01574597947,    0.007365474939,      0.2244369837,                 0,                 0,                 0,  -0.0005851545229,  -0.0004717496823,      0.2245573141,                 0,       30.47148834,    0.007482212508
          0,           0,        1697,      -11.12301369,      -10.10167812,      -11.48211947,      -10.91548973,      -14.94953399,     0.01574597947,    0.007365502356,        0.22443716,                 0,                 0,                 0,  -0.0005851340145,  -0.0004717284356,      0.2245574913,                 0,       30.47139885,    0.007482212508
          0,           0,        1698,      -11.12172035,      -10.09248536,      -11.47583852,      -10.90719084,      -14.94084259,     0.01574597947,    0.007365530371,      0.2244373365,                 0,                 0,                 0,  -0.0005851137792,  -0.0004717065972,      0.2245576687,                 0,       30.47130692,    0.007482212508
          0,           0,        1699,       -11.1202781,      -10.08298335,      -11.46923256,      -10.89855904,      -14.93108857,     0.01574597947,    0.007365559014,      0.2244375132,                 0,                 0,                 0,  -0.0005850938316,   -0.000471684136,      0.2245578462,                 0,        30.4712124,    0.007482212508
          0,           0,        1700,      -11.11867691,      -10.07316642,       -11.4622892,      -10.88958806,      -14.92150767,     0.01574597947,    0.007365588319,        0.22443769,                 0,                 0,                 0,  -0.0005850741853,  -0.0004716610197,      0.2245580239,                 0,       30.47111517,    0.007482212508
          0,           0,        1701,      -11.11690739,      -10.06302946,      -11.45499876,      -10.88027695,      -14.91101235,     0.01574597947,    0.007365618322,       0.224437867,                 0,                 0,                 0,  -0.0005850548568,  -0.0004716372129,      0.2245582019,                 0,       30.47101508,    0.007482212508
          0,           0,        1702,      -11.11495879,      -10.05256729,      -11.44735475,      -10.87062257,      -14.89976484,     0.01574597947,    0.007365649059,      0.2244380442,                 0,                 0,                 0,  -0.0005850358623,  -0.0004716126788,      0.2245583801,                 0,       30.47091199,    0.007482212508
          0,           0,        1703,      -11.11281952,        -10.041774,      -11.43934818,      -10.86062115,      -14.88780666,     0.01574597947,    0.007365680571,      0.2244382216,                 0,                 0,                 0,  -0.0005850172195,  -0.0004715873777,      0.2245585585,                 0,       30.47080571,    0.007482212508
          0,           0,        1704,      -11.11047665,      -10.03064273,      -11.43097291,      -10.85026737,      -14.87516432,     0.01574597947,      0.0073657129,      0.2244383993,                 0,                 0,                 0,   -0.000584998947,  -0.0004715612679,      0.2245587371,                 0,       30.47069609,    0.007482212508
          0,           0,        1705,      -11.10791598,      -10.01916583,      -11.42222388,      -10.83955492,      -14.86186795,     0.01574597947,    0.007365746091,      0.2244385771,                 0,                 0,                 0,  -0.0005849810652,  -0.0004715343043,       0.224558916,                 0,       30.47058293,    0.007482212508
          0,           0,        1706,      -11.10512228,      -10.00733504,      -11.41309448,      -10.82847633,      -14.84795543,     0.01574597947,    0.007365780193,      0.2244387552,                 0,                 0,                 0,  -0.0005849635952,  -0.0004715064396,      0.2245590952,                 0,       30.47046604,    0.007482212508
          0,           0,        1707,      -11.10207911,       -9.99514173,      -11.40357729,      -10.81702422,      -14.83347329,     0.01574597947,    0.007365815256,      0.2244389336,                 0,                 0,                 0,  -0.0005849465603,  -0.0004714776231,      0.2245592747,                 0,       30.47034521,    0.007482212508
          0,           0,        1708,      -11.09876894,      -9.982577274,      -11.39366265,       -10.8051906,      -14.81847634,     0.01574597947,    0.007365851334,      0.2244391123,                 0,                 0,                 0,  -0.0005849299852,   -0.000471447801,      0.2245594545,                 0,       30.47022022,    0.007482212508
          0,           0,        1709,      -11.09517324,      -9.969633397,      -11.38334378,      -10.79296855,      -14.80302671,     0.01574597947,    0.007365888487,      0.2244392912,                 0,                 0,                 0,  -0.0005849138963,  -0.0004714169162,      0.2245596346,                 0,       30.47009082,    0.007482212508
          0,           0,        1710,      -11.09127293,      -9.956302617,      -11.37261212,      -10.78035142,      -14.78719234,     0.01574597947,    0.007365926773,      0.2244394704,                 0,                 0,                 0,   -0.000584898322,  -0.0004713849079,      0.2245598151,                 0,       30.46995678,    0.007482212508
          0,           0,        1711,      -11.08704822,      -9.942578666,      -11.36146028,      -10.76733417,      -14.77104513,     0.01574597947,    0.007365966259,        0.22443965,                 0,                 0,                 0,  -0.0005848832925,  -0.0004713517119,      0.2245599959,                 0,       30.46981782,    0.007482212508
          0,           0,        1712,       -11.0824794,      -9.928456917,      -11.34988327,      -10.75391397,      -14.75465898,     0.01574597947,    0.007366007014,      0.2244398298,                 0,                 0,                 0,  -0.0005848688396,  -0.0004713172599,      0.2245601771,                 0,       30.46967365,    0.007482212508
          0,           0,        1713,      -11.07754672,      -9.913934788,      -11.33787626,      -10.74008954,      -14.73810767,     0.01574597947,    0.007366049109,      0.2244400101,                 0,                 0,                 0,  -0.0005848549969,    -0.00047128148,      0.2245603587,                 0,       30.46952399,    0.007482212508
          0,           0,        1714,      -11.07223131,      -9.899012084,      -11.32543918,      -10.72586312,      -14.72146299,     0.01574597947,    0.007366092622,      0.2244401907,                 0,                 0,                 0,  -0.0005848417995,   -0.000471244296,      0.2245605407,                 0,       30.46936852,    0.007482212508
          0,           0,        1715,      -11.06651545,      -9.883691308,      -11.31257348,      -10.71124019,      -14.70479296,     0.01574597947,    0.007366137634,      0.2244403716,                 0,                 0,                 0,  -0.0005848292841,  -0.0004712056278,      0.2245607231,                 0,        30.4692069,    0.007482212508
          0,           0,        1716,      -11.06038275,      -9.867977869,      -11.29928662,      -10.69622913,      -14.68816051,     0.01574597947,    0.007366184229,       0.224440553,                 0,                 0,                 0,  -0.0005848174885,  -0.0004711653913,       0.224560906,                 0,       30.46903879,    0.007482212508
          0,           0,        1717,      -11.05381924,       -9.85188024,      -11.28558964,      -10.68084254,      -14.67162238,     0.01574597947,    0.007366232496,      0.2244407348,                 0,                 0,                 0,  -0.0005848064515,   -0.000471123498,      0.2245610894,                 0,       30.46886382,    0.007482212508
          0,           0,        1718,      -11.04681334,      -9.835410006,      -11.27149655,      -10.66509636,      -14.65522845,     0.01574597947,     0.00736628253,      0.2244409171,                 0,                 0,                 0,   -0.000584796213,  -0.0004710798555,      0.2245612733,                 0,       30.46868161,    0.007482212508
          0,           0,        1719,      -11.03935641,       -9.81858183,      -11.25702688,      -10.64901013,      -14.63902208,     0.01574597947,    0.007366334427,      0.2244410998,                 0,                 0,                 0,  -0.0005847868133,  -0.0004710343674,      0.2245614577,                 0,       30.46849176,    0.007482212508
          0,           0,        1720,      -11.03144333,      -9.801413328,      -11.24220475,      -10.63260672,      -14.62303927,     0.01574597947,    0.007366388289,       0.224441283,                 0,                 0,                 0,  -0.0005847782931,  -0.0004709869332,      0.2245616427,                 0,       30.46829386,    0.007482212508
          0,           0,        1721,      -11.02307231,       -9.78392485,      -11.22705633,      -10.61591164,      -14.60730973,     0.01574597947,    0.007366444222,      0.2244414668,                 0,                 0,                 0,  -0.0005847706931,  -0.0004709374483,      0.2245618284,                 0,       30.46808746,    0.007482212508
          0,           0,        1722,      -11.01424558,      -9.766139197,      -11.21161256,      -10.59895295,      -14.59185724,     0.01574597947,    0.007366502336,      0.2244416512,                 0,                 0,                 0,  -0.0005847640543,  -0.0004708858045,      0.2245620147,                 0,       30.46787213,    0.007482212508
          0,           0,        1723,      -11.00496884,      -9.748081284,      -11.19590511,      -10.58176043,      -14.57670054,     0.01574597947,    0.007366562745,      0.2244418362,                 0,                 0,                 0,  -0.0005847584173,  -0.0004708318893,      0.2245622017,                 0,       30.46764739,    0.007482212508
          0,           0,        1724,      -10.99525174,      -9.729777813,      -11.17996742,      -10.56436515,      -14.56185423,     0.01574597947,    0.007366625567,      0.2244420219,                 0,                 0,                 0,  -0.0005847538216,  -0.0004707755865,      0.2245623894,                 0,       30.46741278,    0.007482212508
          0,           0,        1725,      -10.98510721,      -9.711256965,       -11.1638341,      -10.54679863,      -14.54732976,     0.01574597947,    0.007366690925,      0.2244422084,                 0,                 0,                 0,   -0.000584750307,  -0.0004707167759,      0.2245625781,                 0,       30.46716778,    0.007482212508
          0,           0,        1726,       -10.9745515,      -9.692548182,      -11.14753888,      -10.52909257,      -14.53313653,     0.01574597947,    0.007366758944,      0.2244423956,                 0,                 0,                 0,  -0.0005847479113,  -0.0004706553331,      0.2245627676,                 0,       30.46691189,    0.007482212508
          0,           0,        1727,      -10.96360378,      -9.673681959,      -11.13111553,      -10.51127844,      -14.51928296,     0.01574597947,    0.007366829757,      0.2244425838,                 0,                 0,                 0,  -0.0005847466717,  -0.0004705911296,      0.2245629581,                 0,       30.46664457,    0.007482212508
          0,           0,        1728,      -10.95228569,       -9.65468968,      -11.11459602,      -10.49338676,      -14.50577775,     0.01574597947,    0.007366903499,      0.2244427729,                 0,                 0,                 0,  -0.0005847466235,  -0.0004705240323,      0.2245631496,                 0,       30.46636527,    0.007482212508
          0,           0,        1729,      -10.94062104,      -9.635603559,      -11.09801067,      -10.47544739,       -14.4926311,     0.01574597947,    0.007366980311,      0.2244429631,                 0,                 0,                 0,     -0.0005847478,  -0.0004704539033,      0.2245633424,                 0,       30.46607342,    0.007482212508
          0,           0,        1730,      -10.92863564,      -9.616456342,       -11.0813878,      -10.45748908,      -14.47985623,     0.01574597947,     0.00736706034,      0.2244431544,                 0,                 0,                 0,  -0.0005847502321,  -0.0004703805998,      0.2245635364,                 0,       30.46576844,    0.007482212508
          0,           0,        1731,      -10.91635674,       -9.59728105,      -11.06475252,      -10.43953954,      -14.46747099,     0.01574597947,    0.007367143739,       0.224443347,                 0,                 0,                 0,  -0.0005847539476,  -0.0004703039733,      0.2245637317,                 0,       30.46544969,    0.007482212508
          0,           0,        1732,      -10.90381306,      -9.578110809,       -11.0481284,      -10.42162548,      -14.45550021,     0.01574597947,    0.007367230665,      0.2244435409,                 0,                 0,                 0,  -0.0005847589707,  -0.0004702238693,      0.2245639286,                 0,       30.46511656,    0.007482212508
          0,           0,        1733,      -10.89103452,      -9.558978816,        -11.031535,      -10.40377292,      -14.44397808,     0.01574597947,    0.007367321285,      0.2244437364,                 0,                 0,                 0,  -0.0005847653212,   -0.000470140127,      0.2245641272,                 0,       30.46476836,    0.007482212508
          0,           0,        1734,      -10.87805205,      -9.539918711,      -11.01499035,      -10.38600694,      -14.43295148,     0.01574597947,    0.007367415771,      0.2244439336,                 0,                 0,                 0,  -0.0005847730137,  -0.0004700525785,      0.2245643275,                 0,       30.46440442,    0.007482212508
          0,           0,        1735,      -10.86489792,      -9.520965274,      -10.99851133,      -10.36835266,       -14.4224841,     0.01574597947,    0.007367514305,      0.2244441325,                 0,                 0,                 0,  -0.0005847820572,  -0.0004699610488,      0.2245645298,                 0,       30.46402399,    0.007482212508
          0,           0,        1736,      -10.85160557,      -9.502155069,      -10.98211412,      -10.35083528,      -14.41266127,     0.01574597947,    0.007367617076,      0.2244443335,                 0,                 0,                 0,   -0.000584792453,  -0.0004698653556,      0.2245647342,                 0,       30.46362633,    0.007482212508
          0,           0,        1737,       -10.8382101,      -9.483527044,      -10.96581696,       -10.3334807,      -14.40359497,     0.01574597947,    0.007367724279,      0.2244445368,                 0,                 0,                 0,  -0.0005848041943,  -0.0004697653103,      0.2245649411,                 0,       30.46321066,    0.007482212508
          0,           0,        1738,      -10.82474824,      -9.465122879,      -10.94964051,        -10.316316,       -14.3954272,     0.01574597947,    0.007367836115,      0.2244447424,                 0,                 0,                 0,  -0.0005848172641,  -0.0004696607197,      0.2245651505,                 0,       30.46277617,    0.007482212508
          0,           0,        1739,       -10.8112587,      -9.446986862,      -10.93360867,      -10.29936976,      -14.38824799,     0.01574597947,    0.007367952786,      0.2244449508,                 0,                 0,                 0,  -0.0005848316323,  -0.0004695513899,      0.2245653628,                 0,       30.46232207,    0.007482212508
          0,           0,        1740,      -10.79778227,      -9.429166278,      -10.91775017,      -10.28267251,      -14.38230818,     0.01574597947,    0.007368074495,       0.224445162,                 0,                 0,                 0,  -0.0005848472627,  -0.0004694371294,      0.2245655782,                 0,       30.46184755,    0.007482212508
          0,           0,        1741,      -10.78435797,       -9.41170677,      -10.90209302,      -10.26625276,       -14.3776862,     0.01574597947,    0.007368201426,      0.2244453766,                 0,                 0,                 0,  -0.0005848640951,  -0.0004693177628,       0.224565797,                 0,       30.46135191,    0.007482212508
          0,           0,        1742,      -10.77102618,       -9.39465167,      -10.88666705,      -10.25014006,      -14.37434487,     0.01574597947,    0.007368333739,      0.2244455947,                 0,                 0,                 0,  -0.0005848820533,  -0.0004691931419,      0.2245660196,                 0,       30.46083451,    0.007482212508
          0,           0,        1743,      -10.75782905,      -9.378041353,      -10.87150313,      -10.23436542,      -14.37162909,     0.01574597947,    0.007368471555,      0.2244458167,                 0,                 0,                 0,  -0.0005849010463,  -0.0004690631579,      0.2245662463,                 0,       30.46029492,    0.007482212508
          0,           0,        1744,      -10.74481055,      -9.361911492,      -10.85663261,      -10.21896159,      -14.36973565,     0.01574597947,    0.007368614952,       0.224446043,                 0,                 0,                 0,  -0.0005849209907,  -0.0004689277464,      0.2245664775,                 0,       30.45973286,    0.007482212508
          0,           0,        1745,      -10.73201274,      -9.346289631,      -10.84208114,      -10.20396156,      -14.36787274,     0.01574597947,    0.007368763935,       0.224446274,                 0,                 0,                 0,  -0.0005849417488,  -0.0004687869177,      0.2245667136,                 0,       30.45914838,    0.007482212508
          0,           0,        1746,       -10.7194755,      -9.331198312,      -10.82788321,      -10.18939337,      -14.36550164,     0.01574597947,    0.007368918454,      0.2244465103,                 0,                 0,                 0,   -0.000584963192,  -0.0004686407373,      0.2245669551,                 0,       30.45854174,    0.007482212508
          0,           0,        1747,      -10.70724106,      -9.316657731,      -10.81408004,      -10.17528753,      -14.36238108,     0.01574597947,    0.007369078413,      0.2244467522,                 0,                 0,                 0,  -0.0005849851875,  -0.0004684893183,      0.2245672024,                 0,       30.45791341,    0.007482212508
          0,           0,        1748,      -10.69534887,      -9.302688396,      -10.80071795,      -10.16167207,      -14.35856205,     0.01574597947,    0.007369243679,      0.2244470003,                 0,                 0,                 0,  -0.0005850075994,  -0.0004683328117,      0.2245674561,                 0,       30.45726401,    0.007482212508
          0,           0,        1749,      -10.68383153,      -9.289311728,      -10.78784072,      -10.14856862,        -14.354233,     0.01574597947,    0.007369414098,      0.2244472551,                 0,                 0,                 0,  -0.0005850302908,  -0.0004681713903,      0.2245677168,                 0,       30.45659426,    0.007482212508
          0,           0,        1750,       -10.6727141,      -9.276549258,      -10.77548419,      -10.13599185,      -14.34960142,     0.01574597947,    0.007369589501,      0.2244475172,                 0,                 0,                 0,  -0.0005850531224,  -0.0004680052415,      0.2245679848,                 0,       30.45590493,    0.007482212508
          0,           0,        1751,      -10.66201527,       -9.26442034,      -10.76367306,       -10.1239509,      -14.34483162,     0.01574597947,    0.007369769713,      0.2244477872,                 0,                 0,                 0,  -0.0005850759541,  -0.0004678345613,      0.2245682609,                 0,       30.45519683,    0.007482212508
          0,           0,        1752,      -10.65174859,      -9.252939937,      -10.75242127,       -10.1124505,      -14.34003656,     0.01574597947,     0.00736995455,      0.2244480656,                 0,                 0,                 0,  -0.0005850986443,  -0.0004676595524,      0.2245685456,                 0,       30.45447079,    0.007482212508
          0,           0,        1753,      -10.64192349,      -9.242117347,      -10.74173231,      -10.10149208,      -14.33529064,     0.01574597947,    0.007370143826,       0.224448353,                 0,                 0,                 0,  -0.0005851210517,  -0.0004674804224,      0.2245688395,                 0,       30.45372768,    0.007482212508
          0,           0,        1754,      -10.63254608,      -9.231955804,      -10.73160199,      -10.09107432,      -14.33064343,     0.01574597947,    0.007370337347,        0.22444865,                 0,                 0,                 0,  -0.0005851430344,  -0.0004672973844,       0.224569143,                 0,       30.45296836,    0.007482212508
          0,           0,        1755,      -10.62361998,      -9.222453349,      -10.72202007,      -10.08119394,      -14.32612908,     0.01574597947,    0.007370534916,      0.2244489572,                 0,                 0,                 0,  -0.0005851644519,  -0.0004671106553,      0.2245694569,                 0,       30.45219373,    0.007482212508
          0,           0,        1756,      -10.61514653,      -9.213603201,      -10.71297224,      -10.07184589,      -14.32177215,     0.01574597947,    0.007370736332,      0.2244492751,                 0,                 0,                 0,  -0.0005851851646,  -0.0004669204568,      0.2245697816,                 0,       30.45140471,    0.007482212508
          0,           0,        1757,      -10.60712523,      -9.205394933,      -10.70444118,      -10.06302369,      -14.31759097,     0.01574597947,    0.007370941389,      0.2244496043,                 0,                 0,                 0,  -0.0005852050334,   -0.000466727014,      0.2245701178,                 0,       30.45060223,    0.007482212508
          0,           0,        1758,      -10.59955406,      -9.197815394,      -10.69640791,      -10.05471973,      -14.31359964,     0.01574597947,    0.007371149877,      0.2244499453,                 0,                 0,                 0,  -0.0005852239194,  -0.0004665305555,      0.2245704659,                 0,       30.44978722,    0.007482212508
          0,           0,        1759,      -10.59242963,       -9.19084951,      -10.68885253,      -10.04692543,      -14.30980921,     0.01574597947,    0.007371361584,      0.2244502988,                 0,                 0,                 0,  -0.0005852416842,  -0.0004663313125,      0.2245708265,                 0,       30.44896065,    0.007482212508
          0,           0,        1760,      -10.58574753,      -9.184480956,      -10.68175465,      -10.03963151,      -14.30621406,     0.01574597947,    0.007371576297,      0.2244506652,                 0,                 0,                 0,  -0.0005852581893,  -0.0004661295188,      0.2245712002,                 0,       30.44812346,    0.007482212508
          0,           0,        1761,      -10.57950244,      -9.178692864,      -10.67509379,      -10.03282804,      -14.30279854,     0.01574597947,    0.007371793798,      0.2244510451,                 0,                 0,                 0,  -0.0005852732975,  -0.0004659254088,      0.2245715875,                 0,       30.44727664,    0.007482212508
          0,           0,        1762,      -10.57368839,      -9.173468006,      -10.66884949,      -10.02650493,      -14.29958913,     0.01574597947,     0.00737201387,      0.2244514391,                 0,                 0,                 0,  -0.0005852868715,  -0.0004657192183,      0.2245719889,                 0,       30.44642115,    0.007482212508
          0,           0,        1763,      -10.56829815,      -9.168788898,      -10.66300094,      -10.02065105,      -14.29658695,     0.01574597947,    0.007372236296,      0.2244518475,                 0,                 0,                 0,  -0.0005852987726,  -0.0004655111837,      0.2245724049,                 0,       30.44555797,    0.007482212508
          0,           0,        1764,      -10.56332389,      -9.164638064,       -10.6575277,      -10.01525499,      -14.29379896,     0.01574597947,    0.007372460856,      0.2244522711,                 0,                 0,                 0,   -0.000585308862,  -0.0004653015417,       0.224572836,                 0,       30.44468807,    0.007482212508
          0,           0,        1765,      -10.55875756,      -9.160998276,      -10.65241035,      -10.01030519,      -14.29123063,     0.01574597947,    0.007372687331,      0.2244527102,                 0,                 0,                 0,  -0.0005853170006,  -0.0004650905291,      0.2245732827,                 0,       30.44381242,    0.007482212508
          0,           0,        1766,      -10.55459091,      -9.157852709,      -10.64763024,      -10.00579016,      -14.28888476,     0.01574597947,    0.007372915504,      0.2244531654,                 0,                 0,                 0,  -0.0005853230492,  -0.0004648783817,      0.2245737456,                 0,       30.44293201,    0.007482212508
          0,           0,        1767,      -10.55081566,       -9.15518507,      -10.64317008,      -10.00169852,      -14.28676216,     0.01574597947,    0.007373145156,      0.2244536371,                 0,                 0,                 0,  -0.0005853268688,  -0.0004646653344,      0.2245742251,                 0,       30.44204778,    0.007482212508
          0,           0,        1768,      -10.54742349,      -9.152979669,       -10.6390135,       -9.99801905,      -14.28486151,     0.01574597947,     0.00737337607,       0.224454126,                 0,                 0,                 0,  -0.0005853283207,  -0.0004644516206,      0.2245747217,                 0,       30.44116072,    0.007482212508
          0,           0,        1769,      -10.54440615,      -9.151221462,      -10.63514532,      -9.994740739,      -14.28317989,     0.01574597947,    0.007373608033,      0.2244546324,                 0,                 0,                 0,  -0.0005853272667,   -0.000464237472,      0.2245752359,                 0,       30.44027176,    0.007482212508
          0,           0,        1770,      -10.54175524,      -9.149896067,      -10.63155159,      -9.991852636,      -14.28171183,     0.01574597947,    0.007373840832,      0.2244551568,                 0,                 0,                 0,  -0.0005853235689,  -0.0004640231176,      0.2245757681,                 0,       30.43938185,    0.007482212508
          0,           0,        1771,      -10.53946228,      -9.148989749,      -10.62821875,      -9.989343849,      -14.28045016,     0.01574597947,    0.007374074256,      0.2244556997,                 0,                 0,                 0,  -0.0005853170901,  -0.0004638087841,      0.2245763189,                 0,       30.43849193,    0.007482212508
          0,           0,        1772,      -10.53751864,      -9.148489392,      -10.62513444,      -9.987203528,      -14.27938594,     0.01574597947,    0.007374308098,      0.2244562617,                 0,                 0,                 0,   -0.000585307694,  -0.0004635946951,      0.2245768886,                 0,       30.43760292,    0.007482212508
          0,           0,        1773,      -10.53591552,      -9.148382453,      -10.62228681,      -9.985420771,      -14.27843473,     0.01574597947,    0.007374542153,       0.224456843,                 0,                 0,                 0,  -0.0005852952448,  -0.0004633810707,      0.2245774777,                 0,       30.43671571,    0.007482212508
          0,           0,        1774,      -10.53464385,      -9.148657029,      -10.61966448,      -9.983984555,      -14.27753447,     0.01574597947,    0.007374776223,      0.2244574442,                 0,                 0,                 0,  -0.0005852796149,  -0.0004631681243,      0.2245780867,                 0,       30.43583119,    0.007482212508
          0,           0,        1775,      -10.53369385,      -9.149302076,      -10.61725571,      -9.982883643,      -14.27676243,     0.01574597947,    0.007375010115,      0.2244580657,                 0,                 0,                 0,  -0.0005852606787,   -0.000462956064,       0.224578716,                 0,       30.43495021,    0.007482212508
          0,           0,        1776,      -10.53305487,      -9.150307646,      -10.61504845,      -9.982106055,      -14.27624709,     0.01574597947,     0.00737524364,      0.2244587079,                 0,                 0,                 0,  -0.0005852383097,  -0.0004627450944,       0.224579366,                 0,       30.43407362,    0.007482212508
          0,           0,        1777,      -10.53271664,      -9.151661408,      -10.61303005,      -9.981640395,      -14.27587431,     0.01574597947,    0.007375476607,      0.2244593712,                 0,                 0,                 0,  -0.0005852123691,  -0.0004625354202,      0.2245800371,                 0,       30.43320224,    0.007482212508
          0,           0,        1778,      -10.53266723,      -9.153351463,      -10.61118864,      -9.981473186,      -14.27562679,     0.01574597947,    0.007375708835,      0.2244600562,                 0,                 0,                 0,  -0.0005851827299,  -0.0004623272378,      0.2245807297,                 0,        30.4323369,    0.007482212508
          0,           0,        1779,      -10.53289462,       -9.15536647,       -10.6095142,      -9.981591062,      -14.27548657,     0.01574597947,    0.007375940146,      0.2244607631,                 0,                 0,                 0,   -0.000585149263,  -0.0004621207383,      0.2245814442,                 0,       30.43147838,    0.007482212508
          0,           0,        1780,        -10.533387,      -9.157695579,      -10.60799807,      -9.981980876,      -14.27543403,     0.01574597947,    0.007376170367,      0.2244614923,                 0,                 0,                 0,   -0.000585111839,  -0.0004619161081,      0.2245821811,                 0,       30.43062743,    0.007482212508
          0,           0,        1781,      -10.53413263,      -9.160328318,      -10.60663232,       -9.98262974,      -14.27544862,     0.01574597947,    0.007376399333,      0.2244622444,                 0,                 0,                 0,  -0.0005850703287,  -0.0004617135273,      0.2245829407,                 0,       30.42978481,    0.007482212508
          0,           0,        1782,      -10.53511962,      -9.163254506,       -10.6054088,      -9.983524677,      -14.27550925,     0.01574597947,    0.007376626884,      0.2244630196,                 0,                 0,                 0,  -0.0005850246023,  -0.0004615131697,      0.2245837233,                 0,       30.42895122,    0.007482212508
          0,           0,        1783,      -10.53633565,      -9.166464165,      -10.60431974,      -9.984652452,      -14.27559444,     0.01574597947,    0.007376852864,      0.2244638183,                 0,                 0,                 0,  -0.0005849745299,  -0.0004613152033,      0.2245845295,                 0,       30.42812734,    0.007482212508
          0,           0,        1784,      -10.53776788,      -9.169947444,      -10.60335665,      -9.985999444,      -14.27568119,     0.01574597947,    0.007377077127,       0.224464641,                 0,                 0,                 0,  -0.0005849199811,  -0.0004611197892,      0.2245853595,                 0,       30.42731385,    0.007482212508
          0,           0,        1785,      -10.53940321,      -9.173694574,      -10.60251083,      -9.987551928,      -14.27574728,     0.01574597947,     0.00737729953,      0.2244654881,                 0,                 0,                 0,  -0.0005848608256,  -0.0004609270825,      0.2245862138,                 0,       30.42651138,    0.007482212508
          0,           0,        1786,      -10.54122811,      -9.177695772,      -10.60177379,      -9.989295793,      -14.27577069,     0.01574597947,    0.007377519938,      0.2244663598,                 0,                 0,                 0,  -0.0005847969331,  -0.0004607372313,      0.2245870927,                 0,       30.42572052,    0.007482212508
          0,           0,        1787,      -10.54322861,       -9.18194122,      -10.60113656,       -9.99121669,      -14.27573005,     0.01574597947,    0.007377738224,      0.2244672566,                 0,                 0,                 0,  -0.0005847281733,  -0.0004605503773,      0.2245879966,                 0,       30.42494187,    0.007482212508
          0,           0,        1788,      -10.54539039,      -9.186420974,      -10.60059007,      -9.993299945,      -14.27560232,     0.01574597947,    0.007377954264,      0.2244681789,                 0,                 0,                 0,  -0.0005846544152,  -0.0004603666556,      0.2245889258,                 0,       30.42417598,    0.007482212508
          0,           0,        1789,       -10.5476987,      -9.191125031,      -10.60012552,      -9.995530614,        -14.275366,     0.01574597947,    0.007378167945,       0.224469127,                 0,                 0,                 0,  -0.0005845755281,  -0.0004601861944,      0.2245898809,                 0,       30.42342336,    0.007482212508
          0,           0,        1790,      -10.55013853,      -9.196043209,      -10.59973365,      -9.997893509,      -14.27499987,     0.01574597947,    0.007378379156,      0.2244701014,                 0,                 0,                 0,  -0.0005844913805,  -0.0004600091154,       0.224590862,                 0,       30.42268452,    0.007482212508
          0,           0,        1791,      -10.55269453,      -9.201165223,       -10.5994053,      -10.00037324,      -14.27448289,     0.01574597947,    0.007378587797,      0.2244711023,                 0,                 0,                 0,  -0.0005844018403,  -0.0004598355337,      0.2245918696,                 0,       30.42195993,    0.007482212508
          0,           0,        1792,      -10.55535118,       -9.20648056,      -10.59913152,       -10.0029543,      -14.27379434,     0.01574597947,    0.007378793771,      0.2244721302,                 0,                 0,                 0,  -0.0005843067745,  -0.0004596655577,       0.224592904,                 0,       30.42125002,    0.007482212508
          0,           0,        1793,      -10.55809271,      -9.211978569,       -10.5989028,        -10.005621,      -14.27291368,     0.01574597947,    0.007378996991,      0.2244731854,                 0,                 0,                 0,  -0.0005842060491,  -0.0004594992892,      0.2245939657,                 0,       30.42055522,    0.007482212508
          0,           0,        1794,      -10.56090336,      -9.217648476,       -10.5987103,      -10.00835769,       -14.2718216,     0.01574597947,    0.007379197372,      0.2244742684,                 0,                 0,                 0,  -0.0005840995289,   -0.000459336824,       0.224595055,                 0,       30.41987591,    0.007482212508
          0,           0,        1795,      -10.56376742,      -9.223479299,      -10.59854494,      -10.01114884,      -14.27049901,     0.01574597947,     0.00737939484,      0.2244753794,                 0,                 0,                 0,  -0.0005839870776,  -0.0004591782508,      0.2245961722,                 0,       30.41921245,    0.007482212508
          0,           0,        1796,      -10.56666902,      -9.229459924,      -10.59839771,      -10.01397884,      -14.26892746,     0.01574597947,    0.007379589324,      0.2244765189,                 0,                 0,                 0,  -0.0005838685578,  -0.0004590236525,      0.2245973178,                 0,       30.41856518,    0.007482212508
          0,           0,        1797,      -10.56959257,      -9.235579094,      -10.59825957,      -10.01683238,      -14.26708886,     0.01574597947,    0.007379780762,      0.2244776872,                 0,                 0,                 0,  -0.0005837438316,  -0.0004588731055,      0.2245984921,                 0,       30.41793441,    0.007482212508
          0,           0,        1798,      -10.57252266,      -9.241825445,      -10.59812238,      -10.01969439,      -14.26496398,     0.01574597947,    0.007379969095,      0.2244788847,                 0,                 0,                 0,  -0.0005836127606,  -0.0004587266803,      0.2245996955,                 0,       30.41732043,    0.007482212508
          0,           0,        1799,      -10.57544422,      -9.248187542,      -10.59797734,      -10.02255014,      -14.26253801,     0.01574597947,    0.007380154271,      0.2244801118,                 0,                 0,                 0,  -0.0005834752062,   -0.000458584441,      0.2246009283,                 0,       30.41672349,    0.007482212508
          0,           0,        1800,      -10.57834274,       -9.25465387,      -10.59781644,      -10.02538555,      -14.25979676,     0.01574597947,    0.007380336247,      0.2244813688,                 0,                 0,                 0,  -0.0005833310315,  -0.0004584464454,      0.2246021908,                 0,       30.41614383,    0.007482212508
          0,           0,        1801,      -10.58120412,      -9.261212878,      -10.59763169,      -10.02818691,      -14.25672674,     0.01574597947,    0.007380514981,      0.2244826561,                 0,                 0,                 0,  -0.0005831801007,  -0.0004583127457,      0.2246034836,                 0,       30.41558166,    0.007482212508
          0,           0,        1802,      -10.58401488,      -9.267853005,      -10.59741604,      -10.03094118,      -14.25331574,     0.01574597947,    0.007380690439,       0.224483974,                 0,                 0,                 0,    -0.00058302228,  -0.0004581833878,      0.2246048068,                 0,       30.41503716,    0.007482212508
          0,           0,        1803,      -10.58676233,      -9.274562719,       -10.5971621,      -10.03363608,      -14.24955266,     0.01574597947,    0.007380862593,      0.2244853228,                 0,                 0,                 0,  -0.0005828574388,  -0.0004580584123,      0.2246061608,                 0,        30.4145105,    0.007482212508
          0,           0,        1804,      -10.58943475,      -9.281330557,      -10.59686333,      -10.03626035,       -14.2454253,     0.01574597947,    0.007381031418,      0.2244867029,                 0,                 0,                 0,  -0.0005826854496,  -0.0004579378538,      0.2246075459,                 0,       30.41400181,    0.007482212508
          0,           0,        1805,      -10.59202115,       -9.28814515,       -10.5965137,      -10.03880338,      -14.24092896,     0.01574597947,    0.007381196896,      0.2244881145,                 0,                 0,                 0,  -0.0005825061899,  -0.0004578217417,      0.2246089625,                 0,       30.41351121,    0.007482212508
          0,           0,        1806,      -10.59451172,      -9.294995258,      -10.59610803,      -10.04125579,      -14.23605635,     0.01574597947,    0.007381359012,       0.224489558,                 0,                 0,                 0,  -0.0005823195423,  -0.0004577100999,      0.2246104107,                 0,       30.41303879,    0.007482212508
          0,           0,        1807,      -10.59689763,      -9.301869817,      -10.59564133,      -10.04360911,      -14.23080153,     0.01574597947,    0.007381517757,      0.2244910335,                 0,                 0,                 0,  -0.0005821253949,  -0.0004576029466,      0.2246118908,                 0,       30.41258463,    0.007482212508
          0,           0,        1808,       -10.5991712,      -9.308757967,      -10.59510959,      -10.04585599,       -14.2251629,     0.01574597947,    0.007381673124,      0.2244925413,                 0,                 0,                 0,  -0.0005819236427,  -0.0004575002951,      0.2246134032,                 0,       30.41214878,    0.007482212508
          0,           0,        1809,      -10.60132582,      -9.315649079,      -10.59450924,      -10.04799016,      -14.21914163,     0.01574597947,    0.007381825114,      0.2244940816,                 0,                 0,                 0,  -0.0005817141872,  -0.0004574021537,      0.2246149478,                 0,       30.41173126,    0.007482212508
          0,           0,        1810,      -10.60335601,      -9.322532805,      -10.59383704,      -10.05000635,      -14.21273998,     0.01574597947,    0.007381973729,      0.2244956545,                 0,                 0,                 0,   -0.000581496937,  -0.0004573085251,       0.224616525,                 0,       30.41133209,    0.007482212508
          0,           0,        1811,      -10.60525741,      -9.329399082,      -10.59309117,       -10.0519004,      -14.20596235,     0.01574597947,    0.007382118975,      0.2244972603,                 0,                 0,                 0,  -0.0005812718077,  -0.0004572194075,      0.2246181349,                 0,       30.41095125,    0.007482212508
          0,           0,        1812,      -10.60702701,      -9.336238201,      -10.59227012,      -10.05366944,       -14.1988156,     0.01574597947,    0.007382260863,       0.224498899,                 0,                 0,                 0,  -0.0005810387237,  -0.0004571347943,      0.2246197775,                 0,       30.41058872,    0.007482212508
          0,           0,        1813,      -10.60866281,      -9.343040846,      -10.59137297,      -10.05531149,      -14.19130913,     0.01574597947,    0.007382399407,      0.2245005706,                 0,                 0,                 0,  -0.0005807976195,  -0.0004570546753,       0.224621453,                 0,       30.41024445,    0.007482212508
          0,           0,        1814,      -10.61016403,       -9.34979823,      -10.59039978,      -10.05682582,      -14.18345628,     0.01574597947,    0.007382534622,      0.2245022753,                 0,                 0,                 0,   -0.000580548443,  -0.0004569790367,      0.2246231614,                 0,       30.40991839,    0.007482212508
          0,           0,        1815,      -10.61153074,      -9.356502058,      -10.58935032,       -10.0582124,       -14.1752721,     0.01574597947,    0.007382666527,      0.2245040132,                 0,                 0,                 0,  -0.0005802911513,  -0.0004569078613,      0.2246249027,                 0,       30.40961045,    0.007482212508
          0,           0,        1816,       -10.6127638,      -9.363144564,      -10.58822481,      -10.05947206,      -14.16677385,     0.01574597947,    0.007382795143,      0.2245057841,                 0,                 0,                 0,  -0.0005800257066,  -0.0004568411269,       0.224626677,                 0,       30.40932055,    0.007482212508
          0,           0,        1817,       -10.6138655,       -9.36971855,      -10.58702419,      -10.06060695,      -14.15797971,     0.01574597947,    0.007382920496,       0.224507588,                 0,                 0,                 0,  -0.0005797520753,  -0.0004567788065,      0.2246284843,                 0,       30.40904858,    0.007482212508
          0,           0,        1818,      -10.61484004,      -9.376217418,      -10.58575013,      -10.06162109,      -14.14891226,     0.01574597947,    0.007383042613,      0.2245094249,                 0,                 0,                 0,  -0.0005794702312,  -0.0004567208694,      0.2246303243,                 0,        30.4087944,    0.007482212508
          0,           0,        1819,      -10.61569324,      -9.382635218,      -10.58440655,      -10.06252013,      -14.13959632,     0.01574597947,    0.007383161523,      0.2245112945,                 0,                 0,                 0,  -0.0005791801609,  -0.0004566672812,      0.2246321969,                 0,       30.40855788,    0.007482212508
          0,           0,        1820,      -10.61643184,      -9.388966604,      -10.58299775,       -10.0633105,      -14.13005642,     0.01574597947,    0.007383277255,      0.2245131967,                 0,                 0,                 0,  -0.0005788818661,  -0.0004566180044,      0.2246341019,                 0,       30.40833886,    0.007482212508
          0,           0,        1821,      -10.61706313,      -9.395206824,      -10.58152934,      -10.06399922,      -14.12031964,     0.01574597947,    0.007383389842,      0.2245151311,                 0,                 0,                 0,  -0.0005785753652,  -0.0004565729981,      0.2246360392,                 0,       30.40813717,    0.007482212508
          0,           0,        1822,      -10.61759438,      -9.401351742,      -10.58000707,      -10.06459322,      -14.11041368,     0.01574597947,    0.007383499317,      0.2245170976,                 0,                 0,                 0,  -0.0005782606922,  -0.0004565322179,      0.2246380082,                 0,       30.40795264,    0.007482212508
          0,           0,        1823,       -10.6180334,      -9.407397851,      -10.57843669,      -10.06509996,      -14.10036725,     0.01574597947,    0.007383605714,      0.2245190956,                 0,                 0,                 0,   -0.000577937897,  -0.0004564956162,      0.2246400088,                 0,       30.40778507,    0.007482212508
          0,           0,        1824,      -10.61838818,      -9.413342229,      -10.57682437,      -10.06552697,      -14.09020965,     0.01574597947,    0.007383709071,      0.2245211249,                 0,                 0,                 0,   -0.000577607044,  -0.0004564631422,      0.2246420404,                 0,       30.40763425,    0.007482212508
          0,           0,        1825,      -10.61866764,      -9.419182598,       -10.5751766,      -10.06588283,      -14.07997054,     0.01574597947,    0.007383809423,      0.2245231848,                 0,                 0,                 0,  -0.0005772682136,  -0.0004564347423,      0.2246441026,                 0,       30.40749997,    0.007482212508
          0,           0,        1826,      -10.61888112,      -9.424917313,      -10.57350046,      -10.06617633,      -14.06967973,     0.01574597947,    0.007383906808,      0.2245252749,                 0,                 0,                 0,   -0.000576921501,  -0.0004564103594,      0.2246461948,                 0,       30.40738199,    0.007482212508
          0,           0,        1827,      -10.61903867,      -9.430545354,      -10.57180362,      -10.06641714,      -14.05936714,     0.01574597947,    0.007384001265,      0.2245273945,                 0,                 0,                 0,  -0.0005765670168,  -0.0004563899342,      0.2246483164,                 0,       30.40728007,    0.007482212508
          0,           0,        1828,       -10.6191508,      -9.436066274,      -10.57009453,      -10.06661528,      -14.04906159,     0.01574597947,    0.007384092833,      0.2245295431,                 0,                 0,                 0,  -0.0005762048878,  -0.0004563734044,      0.2246504669,                 0,       30.40719397,    0.007482212508
          0,           0,        1829,      -10.61922853,      -9.441480175,      -10.56838249,      -10.06678136,       -14.0387904,     0.01574597947,    0.007384181551,      0.2245317197,                 0,                 0,                 0,   -0.000575835256,  -0.0004563607043,      0.2246526453,                 0,       30.40712341,    0.007482212508
          0,           0,        1830,      -10.61928307,      -9.446787795,      -10.56667709,      -10.06692611,      -14.02858136,     0.01574597947,     0.00738426746,      0.2245339237,                 0,                 0,                 0,  -0.0005754582796,  -0.0004563517661,      0.2246548509,                 0,       30.40706812,    0.007482212508
          0,           0,        1831,      -10.61932573,      -9.451990393,      -10.56498862,      -10.06706044,      -14.01846389,     0.01574597947,      0.0073843506,      0.2245361542,                 0,                 0,                 0,   -0.000575074134,  -0.0004563465191,      0.2246570829,                 0,       30.40702783,    0.007482212508
          0,           0,        1832,       -10.6193676,      -9.457089664,       -10.5633274,        -10.067195,      -14.00846363,     0.01574597947,    0.007384431011,      0.2245384102,                 0,                 0,                 0,  -0.0005746830103,  -0.0004563448901,      0.2246593404,                 0,       30.40700222,    0.007482212508
          0,           0,        1833,      -10.61941987,      -9.462087813,       -10.5617037,      -10.06734068,      -13.99860434,     0.01574597947,    0.007384508733,      0.2245406907,                 0,                 0,                 0,  -0.0005742851165,  -0.0004563468042,      0.2246616222,                 0,       30.40699101,    0.007482212508
          0,           0,        1834,      -10.61949337,      -9.466987492,      -10.56012802,      -10.06750788,      -13.98888908,     0.01574597947,    0.007384583805,      0.2245429946,                 0,                 0,                 0,  -0.0005738806762,  -0.0004563521842,      0.2246639274,                 0,       30.40699389,    0.007482212508
          0,           0,        1835,      -10.61959861,      -9.471791443,      -10.55861066,      -10.06770677,      -13.97940214,     0.01574597947,    0.007384656264,      0.2245453209,                 0,                 0,                 0,  -0.0005734699203,  -0.0004563609549,      0.2246662547,                 0,       30.40701054,    0.007482212508
          0,           0,        1836,      -10.61974488,      -9.476504621,      -10.55716104,      -10.06794626,      -13.97011683,     0.01574597947,    0.007384726151,      0.2245476683,                 0,                 0,                 0,  -0.0005730531149,  -0.0004563730321,      0.2246686031,                 0,       30.40704065,    0.007482212508
          0,           0,        1837,      -10.61994267,      -9.481131044,      -10.55578912,      -10.06823655,      -13.96106123,     0.01574597947,    0.007384793505,      0.2245500354,                 0,                 0,                 0,  -0.0005726305342,  -0.0004563883317,      0.2246709712,                 0,       30.40708386,    0.007482212508
          0,           0,        1838,      -10.62020298,      -9.485674294,      -10.55450568,      -10.06858837,      -13.95225622,     0.01574597947,    0.007384858365,       0.224552421,                 0,                 0,                 0,  -0.0005722024698,   -0.000456406768,      0.2246733576,                 0,       30.40713984,    0.007482212508
          0,           0,        1839,      -10.62053675,      -9.490137736,      -10.55332126,      -10.06901247,      -13.94372046,     0.01574597947,     0.00738492077,      0.2245548237,                 0,                 0,                 0,  -0.0005717692313,  -0.0004564282521,      0.2246757609,                 0,       30.40720824,    0.007482212508
          0,           0,        1840,      -10.62095426,       -9.49452467,      -10.55224675,      -10.06951892,      -13.93547121,     0.01574597947,    0.007384980758,      0.2245572418,                 0,                 0,                 0,  -0.0005713311421,  -0.0004564526935,      0.2246781797,                 0,       30.40728868,    0.007482212508
          0,           0,        1841,      -10.62146588,      -9.498838398,      -10.55129322,      -10.07011793,      -13.92752465,     0.01574597947,    0.007385038367,       0.224559674,                 0,                 0,                 0,  -0.0005708885426,       -0.00045648,      0.2246806124,                 0,       30.40738082,    0.007482212508
          0,           0,        1842,       -10.6220816,      -9.503082323,      -10.55047129,      -10.07081938,      -13.91989575,     0.01574597947,    0.007385093638,      0.2245621185,                 0,                 0,                 0,  -0.0005704417861,  -0.0004565100765,      0.2246830574,                 0,       30.40748426,    0.007482212508
          0,           0,        1843,      -10.62281111,      -9.507259979,       -10.5497917,      -10.07163285,      -13.91259843,     0.01574597947,    0.007385146606,      0.2245645738,                 0,                 0,                 0,    -0.00056999124,   -0.000456542827,       0.224685513,                 0,       30.40759862,    0.007482212508
          0,           0,        1844,      -10.62366416,      -9.511375066,      -10.54926511,      -10.07256802,      -13.90564556,     0.01574597947,    0.007385197312,       0.224567038,                 0,                 0,                 0,  -0.0005695372839,  -0.0004565781527,      0.2246879775,                 0,       30.40772352,    0.007482212508
          0,           0,        1845,      -10.62464997,      -9.515431478,      -10.54890207,      -10.07363413,      -13.89904898,     0.01574597947,    0.007385245794,      0.2245695095,                 0,                 0,                 0,  -0.0005690803083,  -0.0004566159532,      0.2246904491,                 0,       30.40785855,    0.007482212508
          0,           0,        1846,      -10.62577756,      -9.519433325,       -10.5487127,      -10.07484016,      -13.89281955,     0.01574597947,     0.00738529209,      0.2245719863,                 0,                 0,                 0,  -0.0005686207146,  -0.0004566561263,      0.2246929261,                 0,       30.40800331,    0.007482212508
          0,           0,        1847,      -10.62705548,      -9.523384909,        -10.548707,      -10.07619469,       -13.8869672,     0.01574597947,    0.007385336239,      0.2245744667,                 0,                 0,                 0,  -0.0005681589128,  -0.0004566985679,      0.2246954065,                 0,       30.40815738,    0.007482212508
          0,           0,        1848,      -10.62849193,      -9.527290748,       -10.5488946,      -10.07770599,      -13.88150105,     0.01574597947,    0.007385378282,      0.2245769487,                 0,                 0,                 0,  -0.0005676953206,  -0.0004567431722,      0.2246978885,                 0,       30.40832035,    0.007482212508
          0,           0,        1849,      -10.63009474,      -9.531155568,      -10.54928463,      -10.07938198,      -13.87642938,     0.01574597947,    0.007385418258,      0.2245794304,                 0,                 0,                 0,  -0.0005672303631,  -0.0004567898318,      0.2247003701,                 0,       30.40849179,    0.007482212508
          0,           0,        1850,      -10.63187096,      -9.534984262,      -10.54988564,      -10.08122979,      -13.87175966,     0.01574597947,    0.007385456207,      0.2245819099,                 0,                 0,                 0,    -0.00056676447,  -0.0004568384377,      0.2247028494,                 0,       30.40867126,    0.007482212508
          0,           0,        1851,       -10.6338275,      -9.538781895,      -10.55070619,      -10.08325649,      -13.86749884,     0.01574597947,    0.007385492171,      0.2245843851,                 0,                 0,                 0,  -0.0005662980754,  -0.0004568888799,      0.2247053244,                 0,       30.40885833,    0.007482212508
          0,           0,        1852,      -10.63597066,      -9.542553666,      -10.55175391,      -10.08546848,      -13.86365324,     0.01574597947,    0.007385526192,      0.2245868541,                 0,                 0,                 0,  -0.0005658316162,  -0.0004569410467,       0.224707793,                 0,       30.40905256,    0.007482212508
          0,           0,        1853,      -10.63830615,      -9.546304889,      -10.55303613,      -10.08787168,      -13.86022858,     0.01574597947,    0.007385558311,      0.2245893149,                 0,                 0,                 0,  -0.0005653655305,  -0.0004569948257,      0.2247102534,                 0,       30.40925349,    0.007482212508
          0,           0,        1854,      -10.64083953,      -9.550040971,      -10.55455987,      -10.09047182,      -13.85723006,     0.01574597947,    0.007385588573,      0.2245917654,                 0,                 0,                 0,  -0.0005649002568,  -0.0004570501037,      0.2247127035,                 0,       30.40946069,    0.007482212508
          0,           0,        1855,      -10.64357545,      -9.553767362,      -10.55633132,      -10.09327375,      -13.85466238,     0.01574597947,     0.00738561702,      0.2245942036,                 0,                 0,                 0,  -0.0005644362312,   -0.000457106767,      0.2247151412,                 0,        30.4096737,    0.007482212508
          0,           0,        1856,      -10.64651814,      -9.557489529,      -10.55835652,      -10.09628196,      -13.85252978,     0.01574597947,    0.007385643697,      0.2245966276,                 0,                 0,                 0,  -0.0005639738882,  -0.0004571647016,      0.2247175646,                 0,       30.40989206,    0.007482212508
          0,           0,        1857,      -10.64967156,      -9.561212941,      -10.56064083,      -10.09950065,      -13.85083608,     0.01574597947,    0.007385668649,      0.2245990353,                 0,                 0,                 0,  -0.0005635136567,  -0.0004572237934,      0.2247199718,                 0,       30.41011532,    0.007482212508
          0,           0,        1858,      -10.65303881,      -9.564943016,      -10.56318943,      -10.10293318,      -13.84958468,     0.01574597947,    0.007385691921,      0.2246014248,                 0,                 0,                 0,  -0.0005630559597,  -0.0004572839287,      0.2247223606,                 0,       30.41034303,    0.007482212508
          0,           0,        1859,      -10.65662281,      -9.568685114,      -10.56600686,      -10.10658273,       -13.8487786,     0.01574597947,    0.007385713559,      0.2246037942,                 0,                 0,                 0,  -0.0005626012132,  -0.0004573449944,      0.2247247293,                 0,       30.41057475,    0.007482212508
          0,           0,        1860,      -10.66042571,      -9.572444469,      -10.56909731,      -10.11045179,      -13.84842047,     0.01574597947,    0.007385733609,      0.2246061416,                 0,                 0,                 0,  -0.0005621498236,   -0.000457406878,       0.224727076,                 0,       30.41081001,    0.007482212508
          0,           0,        1861,      -10.66444927,      -9.576226196,      -10.57246397,      -10.11454242,       -13.8485126,     0.01574597947,    0.007385752118,      0.2246084651,                 0,                 0,                 0,  -0.0005617021876,  -0.0004574694686,      0.2247293987,                 0,       30.41104839,    0.007482212508
          0,           0,        1862,      -10.66869438,      -9.580035246,      -10.57610989,      -10.11885587,      -13.84905695,     0.01574597947,    0.007385769133,      0.2246107629,                 0,                 0,                 0,  -0.0005612586903,  -0.0004575326563,      0.2247316957,                 0,       30.41128944,    0.007482212508
          0,           0,        1863,      -10.67316198,      -9.583876367,      -10.58003854,      -10.12339349,      -13.85005507,     0.01574597947,    0.007385784701,      0.2246130333,                 0,                 0,                 0,  -0.0005608197047,  -0.0004575963329,      0.2247339652,                 0,       30.41153274,    0.007482212508
          0,           0,        1864,      -10.67785211,      -9.587754112,       -10.5842514,      -10.12815568,      -13.85150757,     0.01574597947,    0.007385798869,      0.2246152745,                 0,                 0,                 0,  -0.0005603855931,  -0.0004576603919,      0.2247362056,                 0,       30.41177786,    0.007482212508
          0,           0,        1865,      -10.68276474,       -9.59167279,      -10.58875062,      -10.13314281,      -13.85341951,     0.01574597947,    0.007385811683,      0.2246174849,                 0,                 0,                 0,   -0.000559956708,  -0.0004577247279,      0.2247384151,                 0,       30.41202437,    0.007482212508
          0,           0,        1866,      -10.68789992,      -9.595636492,      -10.59353798,      -10.13835539,      -13.85578862,     0.01574597947,    0.007385823189,      0.2246196628,                 0,                 0,                 0,   -0.000559533395,  -0.0004577892369,      0.2247405921,                 0,       30.41227187,    0.007482212508
          0,           0,        1867,      -10.69325709,      -9.599649081,      -10.59861505,      -10.14379334,      -13.85861643,     0.01574597947,    0.007385833433,      0.2246218066,                 0,                 0,                 0,  -0.0005591159948,  -0.0004578538157,      0.2247427349,                 0,       30.41251995,    0.007482212508
          0,           0,        1868,      -10.69883665,      -9.603714238,      -10.60398431,      -10.14945747,      -13.86190404,     0.01574597947,     0.00738584246,      0.2246239146,                 0,                 0,                 0,  -0.0005587048422,  -0.0004579183627,       0.224744842,                 0,       30.41276819,    0.007482212508
          0,           0,        1869,      -10.70463796,      -9.607835399,      -10.60964692,      -10.15534769,      -13.86565226,     0.01574597947,    0.007385850314,      0.2246259852,                 0,                 0,                 0,  -0.0005583002617,  -0.0004579827776,      0.2247469116,                 0,        30.4130162,    0.007482212508
          0,           0,        1870,      -10.71065948,      -9.612015751,      -10.61560413,      -10.16146304,      -13.86986196,     0.01574597947,    0.007385857041,       0.224628017,                 0,                 0,                 0,  -0.0005579025597,  -0.0004580469633,      0.2247489424,                 0,       30.41326359,    0.007482212508
          0,           0,        1871,      -10.71689747,      -9.616258108,      -10.62185613,      -10.16780048,      -13.87453388,     0.01574597947,    0.007385862688,      0.2246300086,                 0,                 0,                 0,   -0.000557512022,  -0.0004581108256,       0.224750933,                 0,       30.41350999,    0.007482212508
          0,           0,        1872,      -10.72334728,      -9.620564916,      -10.62840115,       -10.1743562,      -13.87966894,     0.01574597947,      0.0073858673,      0.2246319588,                 0,                 0,                 0,  -0.0005571289111,  -0.0004581742748,      0.2247528821,                 0,       30.41375503,    0.007482212508
          0,           0,        1873,      -10.73000218,      -9.624938182,      -10.63523691,       -10.1811243,      -13.88526809,     0.01574597947,    0.007385870926,      0.2246338663,                 0,                 0,                 0,  -0.0005567534674,  -0.0004582372251,      0.2247547886,                 0,       30.41399838,    0.007482212508
          0,           0,        1874,      -10.73685468,      -9.629379525,      -10.64235919,      -10.18809831,      -13.89133241,     0.01574597947,     0.00738587361,      0.2246357303,                 0,                 0,                 0,  -0.0005563859101,  -0.0004582995934,      0.2247566516,                 0,       30.41423969,    0.007482212508
          0,           0,        1875,      -10.74389783,      -9.633890167,      -10.64976264,      -10.19527217,      -13.89786317,     0.01574597947,    0.007385875403,      0.2246375497,                 0,                 0,                 0,  -0.0005560264427,  -0.0004583612965,      0.2247584699,                 0,       30.41447864,    0.007482212508
          0,           0,        1876,      -10.75112756,      -9.638471025,      -10.65744424,      -10.20264288,      -13.90486175,     0.01574597947,    0.007385876346,      0.2246393236,                 0,                 0,                 0,  -0.0005556752356,   -0.000458422262,      0.2247602427,                 0,       30.41471493,    0.007482212508
          0,           0,        1877,      -10.75853948,      -9.643122743,      -10.66540071,      -10.21020717,      -13.91232966,     0.01574597947,    0.007385876469,      0.2246410513,                 0,                 0,                 0,  -0.0005553324153,   -0.000458482437,      0.2247619694,                 0,       30.41494835,    0.007482212508
          0,           0,        1878,      -10.76611841,      -9.647845491,      -10.67362426,       -10.2179512,      -13.92026831,     0.01574597947,    0.007385875815,      0.2246427323,                 0,                 0,                 0,  -0.0005549981103,  -0.0004585417549,      0.2247636493,                 0,       30.41517863,    0.007482212508
          0,           0,        1879,      -10.77385544,       -9.65263959,      -10.68210785,       -10.2258672,      -13.92867617,     0.01574597947,     0.00738587443,      0.2246443657,                 0,                 0,                 0,  -0.0005546724359,  -0.0004586001449,      0.2247652817,                 0,       30.41540549,    0.007482212508
          0,           0,        1880,      -10.78175717,      -9.657505932,      -10.69085194,      -10.23396307,      -13.93756143,     0.01574597947,    0.007385872344,       0.224645951,                 0,                 0,                 0,  -0.0005543554907,  -0.0004586575556,       0.224766866,                 0,       30.41562872,    0.007482212508
          0,           0,        1881,      -10.78982293,       -9.66244584,      -10.69985685,      -10.24223964,      -13.94693498,     0.01574597947,    0.007385869589,      0.2246474876,                 0,                 0,                 0,  -0.0005540473724,  -0.0004587139374,      0.2247684016,                 0,       30.41584812,    0.007482212508
          0,           0,        1882,      -10.79803803,      -9.667459673,      -10.70911826,      -10.25068388,      -13.95678976,     0.01574597947,    0.007385866202,      0.2246489753,                 0,                 0,                 0,  -0.0005537481638,  -0.0004587692399,      0.2247698882,                 0,       30.41606348,    0.007482212508
          0,           0,        1883,      -10.80638314,      -9.672545786,      -10.71862677,      -10.25927824,      -13.96713177,     0.01574597947,    0.007385862216,      0.2246504135,                 0,                 0,                 0,   -0.000553457929,  -0.0004588234175,      0.2247713254,                 0,       30.41627463,    0.007482212508
          0,           0,        1884,      -10.81484119,      -9.677702159,      -10.72837052,      -10.26800734,      -13.97796626,     0.01574597947,    0.007385857664,      0.2246518021,                 0,                 0,                 0,   -0.000553176718,  -0.0004588764284,       0.224772713,                 0,       30.41648138,    0.007482212508
          0,           0,        1885,      -10.82339787,      -9.682926775,      -10.73833788,      -10.27685872,      -13.98929871,     0.01574597947,    0.007385852578,      0.2246531409,                 0,                 0,                 0,  -0.0005529045728,  -0.0004589282333,      0.2247740508,                 0,       30.41668359,    0.007482212508
          0,           0,        1886,       -10.8320413,      -9.688217727,      -10.74851714,      -10.28582238,      -14.00113508,     0.01574597947,    0.007385846987,      0.2246544296,                 0,                 0,                 0,  -0.0005526415257,  -0.0004589787961,      0.2247753385,                 0,        30.4168811,    0.007482212508
          0,           0,        1887,      -10.84075945,      -9.693573203,      -10.75889603,       -10.2948883,      -14.01348194,     0.01574597947,    0.007385840921,      0.2246556681,                 0,                 0,                 0,  -0.0005523876019,  -0.0004590280831,      0.2247765761,                 0,       30.41707377,    0.007482212508
          0,           0,        1888,      -10.84953965,      -9.698991456,      -10.76946329,      -10.30404596,      -14.02634655,     0.01574597947,    0.007385834409,      0.2246568565,                 0,                 0,                 0,  -0.0005521428174,  -0.0004590760638,      0.2247777635,                 0,       30.41726148,    0.007482212508
          0,           0,        1889,      -10.85836782,       -9.70447076,      -10.78020646,      -10.31328338,      -14.03973687,     0.01574597947,     0.00738582748,      0.2246579946,                 0,                 0,                 0,    -0.00055190718,  -0.0004591227098,      0.2247789007,                 0,       30.41744412,    0.007482212508
          0,           0,        1890,      -10.86722856,      -9.710009405,      -10.79111206,       -10.3225874,      -14.05366152,     0.01574597947,     0.00738582016,      0.2246590826,                 0,                 0,                 0,  -0.0005516806881,  -0.0004591679955,      0.2247799878,                 0,       30.41762157,    0.007482212508
          0,           0,        1891,      -10.87610469,      -9.715605647,      -10.80216393,      -10.33194309,      -14.06812995,     0.01574597947,    0.007385812478,      0.2246601206,                 0,                 0,                 0,   -0.000551463331,  -0.0004592118976,      0.2247810249,                 0,       30.41779375,    0.007482212508
          0,           0,        1892,      -10.88497731,      -9.721257709,       -10.8133446,      -10.34133383,       -14.0831525,     0.01574597947,    0.007385804459,      0.2246611087,                 0,                 0,                 0,  -0.0005512550881,  -0.0004592543955,      0.2247820121,                 0,       30.41796055,    0.007482212508
          0,           0,        1893,      -10.89382636,      -9.726963764,      -10.82463231,      -10.35074157,      -14.09874023,     0.01574597947,     0.00738579613,      0.2246620472,                 0,                 0,                 0,   -0.000551055928,   -0.000459295471,      0.2247829497,                 0,       30.41812192,    0.007482212508
          0,           0,        1894,      -10.90263043,      -9.732721923,       -10.8360042,      -10.36014703,      -14.11490506,     0.01574597947,    0.007385787518,      0.2246629363,                 0,                 0,                 0,  -0.0005508658092,  -0.0004593351087,       0.224783838,                 0,       30.41827777,    0.007482212508
          0,           0,        1895,      -10.91136687,      -9.738530264,      -10.84743218,      -10.36952932,      -14.13165969,     0.01574597947,    0.007385778647,      0.2246637765,                 0,                 0,                 0,  -0.0005506846781,  -0.0004593732959,      0.2247846773,                 0,       30.41842806,    0.007482212508
          0,           0,        1896,      -10.92001289,      -9.744386801,      -10.85888567,      -10.37886736,      -14.14901744,     0.01574597947,    0.007385769543,      0.2246645681,                 0,                 0,                 0,  -0.0005505124708,  -0.0004594100226,      0.2247854682,                 0,       30.41857275,    0.007482212508
          0,           0,        1897,      -10.92854503,      -9.750289542,      -10.87033183,      -10.38813888,      -14.16699168,     0.01574597947,    0.007385760229,      0.2246653117,                 0,                 0,                 0,  -0.0005503491109,  -0.0004594452818,       0.224786211,                 0,       30.41871178,    0.007482212508
          0,           0,        1898,      -10.93694041,      -9.756236537,      -10.88173456,      -10.39732183,      -14.18559145,     0.01574597947,    0.007385750731,      0.2246660079,                 0,                 0,                 0,  -0.0005501945118,  -0.0004594790695,      0.2247869064,                 0,       30.41884516,    0.007482212508
          0,           0,        1899,      -10.94517636,      -9.762226572,      -10.89305546,      -10.40639397,      -14.20484494,     0.01574597947,    0.007385741068,      0.2246666571,                 0,                 0,                 0,  -0.0005500485723,  -0.0004595113858,      0.2247875549,                 0,       30.41897287,    0.007482212508
          0,           0,        1900,       -10.9532319,      -9.768256719,      -10.90425437,      -10.41533441,      -14.22476246,     0.01574597947,    0.007385731265,      0.2246672603,                 0,                 0,                 0,  -0.0005499111876,  -0.0004595422318,      0.2247881573,                 0,        30.4190949,    0.007482212508
          0,           0,        1901,      -10.96108573,      -9.774323659,      -10.91528905,      -10.42412119,      -14.24535463,     0.01574597947,    0.007385721342,      0.2246678179,                 0,                 0,                 0,  -0.0005497822398,  -0.0004595716118,      0.2247887143,                 0,       30.41921128,    0.007482212508
          0,           0,        1902,        -10.968718,      -9.780424527,      -10.92611688,      -10.43273303,      -14.26663158,     0.01574597947,    0.007385711317,       0.224668331,                 0,                 0,                 0,  -0.0005496616007,  -0.0004595995343,      0.2247892267,                 0,       30.41932203,    0.007482212508
          0,           0,        1903,      -10.97611021,      -9.786556622,      -10.93669489,      -10.44114939,      -14.28861365,     0.01574597947,     0.00738570121,      0.2246688002,                 0,                 0,                 0,  -0.0005495491336,  -0.0004596260102,      0.2247896953,                 0,       30.41942718,    0.007482212508
          0,           0,        1904,      -10.98324634,      -9.792717075,      -10.94697929,      -10.44935163,      -14.31129813,     0.01574597947,    0.007385691038,      0.2246692264,                 0,                 0,                 0,  -0.0005494446945,   -0.000459651053,      0.2247901209,                 0,        30.4195268,    0.007482212508
          0,           0,        1905,      -10.99011234,      -9.798902935,      -10.95692743,      -10.45732246,      -14.33468505,     0.01574597947,    0.007385680815,      0.2246696107,                 0,                 0,                 0,  -0.0005493481314,  -0.0004596746791,      0.2247905046,                 0,       30.41962093,    0.007482212508
          0,           0,        1906,      -10.99669626,      -9.805111259,      -10.96649748,      -10.46504609,      -14.35876424,     0.01574597947,    0.007385670555,      0.2246699538,                 0,                 0,                 0,  -0.0005492592849,  -0.0004596969076,      0.2247908471,                 0,       30.41970964,    0.007482212508
          0,           0,        1907,       -11.0029884,      -9.811339115,      -10.97565192,      -10.47250846,      -14.38351186,     0.01574597947,    0.007385660272,      0.2246702568,                 0,                 0,                 0,  -0.0005491779898,  -0.0004597177597,      0.2247911496,                 0,       30.41979302,    0.007482212508
          0,           0,        1908,      -11.00898154,      -9.817583543,      -10.98435274,      -10.47969769,      -14.40888549,     0.01574597947,    0.007385649976,      0.2246705207,                 0,                 0,                 0,  -0.0005491040741,  -0.0004597372591,       0.224791413,                 0,       30.41987116,    0.007482212508
          0,           0,        1909,      -11.01467189,      -9.823841568,      -10.99257069,      -10.48660496,      -14.43481725,     0.01574597947,    0.007385639677,      0.2246707465,                 0,                 0,                 0,  -0.0005490373624,  -0.0004597554312,      0.2247916383,                 0,       30.41994415,    0.007482212508
          0,           0,        1910,      -11.02005746,       -9.83011018,      -11.00027568,      -10.49322308,      -14.46120518,     0.01574597947,    0.007385629385,      0.2246709352,                 0,                 0,                 0,  -0.0005489776753,  -0.0004597723032,      0.2247918265,                 0,       30.42001209,    0.007482212508
          0,           0,        1911,      -11.02513961,      -9.836386316,      -11.00744952,      -10.49954818,      -14.48790241,     0.01574597947,    0.007385619106,      0.2246710878,                 0,                 0,                 0,   -0.000548924831,  -0.0004597879033,      0.2247919787,                 0,        30.4200751,    0.007482212508
          0,           0,        1912,      -11.02992166,       -9.84266688,      -11.01407634,      -10.50557849,      -14.51470431,     0.01574597947,    0.007385608846,      0.2246712055,                 0,                 0,                 0,  -0.0005488786462,  -0.0004598022612,      0.2247920959,                 0,       30.42013328,    0.007482212508
          0,           0,        1913,      -11.03440914,      -9.848948726,      -11.02014772,      -10.51131428,      -14.54133419,     0.01574597947,    0.007385598612,      0.2246712891,                 0,                 0,                 0,  -0.0005488389375,  -0.0004598154069,      0.2247921791,                 0,       30.42018675,    0.007482212508
          0,           0,        1914,      -11.03860971,      -9.855228679,       -11.0256618,      -10.51675867,      -14.56742914,     0.01574597947,    0.007385588408,      0.2246713397,                 0,                 0,                 0,  -0.0005488055218,  -0.0004598273714,      0.2247922293,                 0,       30.42023564,    0.007482212508
          0,           0,        1915,       -11.0425322,      -9.861503517,      -11.03062434,      -10.52191633,      -14.59253033,     0.01574597947,    0.007385578238,      0.2246713583,                 0,                 0,                 0,   -0.000548778218,  -0.0004598381856,      0.2247922476,                 0,       30.42028005,    0.007482212508
          0,           0,        1916,      -11.04618693,      -9.867770007,      -11.03504589,       -10.5267935,      -14.61608831,     0.01574597947,    0.007385568106,       0.224671346,                 0,                 0,                 0,  -0.0005487568466,  -0.0004598478806,      0.2247922349,                 0,       30.42032011,    0.007482212508
          0,           0,        1917,      -11.04958493,      -9.874024936,      -11.03894098,      -10.53139759,       -14.6374676,     0.01574597947,    0.007385558013,      0.2246713036,                 0,                 0,                 0,  -0.0005487412322,  -0.0004598564868,      0.2247921921,                 0,       30.42035594,    0.007482212508
          0,           0,        1918,      -11.05273765,      -9.880265071,      -11.04233072,      -10.53573701,      -14.65599132,     0.01574597947,    0.007385547963,       0.224671232,                 0,                 0,                 0,  -0.0005487312029,  -0.0004598640348,      0.2247921203,                 0,       30.42038765,    0.007482212508
          0,           0,        1919,      -11.05565716,      -9.886487222,       -11.0452402,      -10.53982114,      -14.67102019,     0.01574597947,    0.007385537958,      0.2246711323,                 0,                 0,                 0,  -0.0005487265913,  -0.0004598705539,      0.2247920203,                 0,       30.42041536,    0.007482212508
          0,           0,        1920,      -11.05835514,      -9.892688206,      -11.04769454,      -10.54365928,      -14.68202799,     0.01574597947,       0.007385528,      0.2246710053,                 0,                 0,                 0,  -0.0005487272348,   -0.000459876073,       0.224791893,                 0,       30.42043918,    0.007482212508
          0,           0,        1921,      -11.06084389,      -9.898864853,       -11.0497233,      -10.54726166,      -14.68867061,     0.01574597947,    0.007385518091,      0.2246708518,                 0,                 0,                 0,  -0.0005487329755,  -0.0004598806198,      0.2247917393,                 0,       30.42045921,    0.007482212508
          0,           0,        1922,      -11.06313545,      -9.905014089,      -11.05135524,      -10.55063862,      -14.69088362,     0.01574597947,    0.007385508233,      0.2246706727,                 0,                 0,                 0,  -0.0005487436609,  -0.0004598842211,      0.2247915599,                 0,       30.42047556,    0.007482212508
          0,           0,        1923,      -11.06524127,       -9.91113295,      -11.05262194,      -10.55380024,      -14.68888308,     0.01574597947,    0.007385498428,      0.2246704688,                 0,                 0,                 0,  -0.0005487591429,  -0.0004598869027,      0.2247913558,                 0,       30.42048834,    0.007482212508
          0,           0,        1924,      -11.06717332,       -9.91721862,      -11.05355209,      -10.55675744,      -14.68311176,     0.01574597947,     0.00738548868,      0.2246702408,                 0,                 0,                 0,  -0.0005487792781,  -0.0004598886892,      0.2247911276,                 0,       30.42049762,    0.007482212508
          0,           0,        1925,      -11.06894249,      -9.923268427,      -11.05417821,      -10.55951996,      -14.67417138,     0.01574597947,    0.007385478992,      0.2246699896,                 0,                 0,                 0,  -0.0005488039271,  -0.0004598896042,      0.2247908762,                 0,       30.42050351,    0.007482212508
          0,           0,        1926,      -11.07056075,      -9.929279912,      -11.05452524,      -10.56209928,      -14.66273073,     0.01574597947,    0.007385469366,      0.2246697159,                 0,                 0,                 0,  -0.0005488329544,  -0.0004598896703,      0.2247906023,                 0,        30.4205061,    0.007482212508
          0,           0,        1927,      -11.07203924,      -9.935250726,      -11.05462691,      -10.56450634,      -14.64944728,     0.01574597947,    0.007385459807,      0.2246694203,                 0,                 0,                 0,  -0.0005488662283,  -0.0004598889092,      0.2247903066,                 0,       30.42050545,    0.007482212508
          0,           0,        1928,      -11.07338867,      -9.941178727,      -11.05450563,       -10.5667516,      -14.63491445,     0.01574597947,    0.007385450318,      0.2246691037,                 0,                 0,                 0,  -0.0005489036195,  -0.0004598873418,      0.2247899898,                 0,       30.42050166,    0.007482212508
          0,           0,        1929,      -11.07462007,      -9.947061926,       -11.0541903,      -10.56884618,      -14.61963494,     0.01574597947,    0.007385440902,      0.2246687666,                 0,                 0,                 0,  -0.0005489450017,   -0.000459884988,      0.2247896526,                 0,       30.42049481,    0.007482212508
          0,           0,        1930,      -11.07574416,      -9.952898504,      -11.05370354,      -10.57080119,      -14.60401397,     0.01574597947,    0.007385431566,      0.2246684098,                 0,                 0,                 0,  -0.0005489902512,  -0.0004598818674,      0.2247892957,                 0,       30.42048495,    0.007482212508
          0,           0,        1931,      -11.07677172,      -9.958686797,      -11.05307007,      -10.57262808,      -14.58836544,     0.01574597947,    0.007385422312,       0.224668034,                 0,                 0,                 0,  -0.0005490392459,  -0.0004598779985,      0.2247889198,                 0,       30.42047218,    0.007482212508
          0,           0,        1932,      -11.07771231,      -9.964425284,      -11.05231146,      -10.57433673,      -14.57292423,     0.01574597947,    0.007385413147,      0.2246676397,                 0,                 0,                 0,  -0.0005490918656,  -0.0004598733998,      0.2247885255,                 0,       30.42045655,    0.007482212508
          0,           0,        1933,       -11.0785769,      -9.970112654,      -11.05144813,      -10.57593951,      -14.55786052,     0.01574597947,    0.007385404073,      0.2246672277,                 0,                 0,                 0,  -0.0005491479925,  -0.0004598680888,      0.2247881134,                 0,       30.42043814,    0.007482212508
          0,           0,        1934,      -11.07937466,      -9.975747704,      -11.05049933,      -10.57744638,      -14.54329329,     0.01574597947,    0.007385395097,      0.2246667986,                 0,                 0,                 0,  -0.0005492075091,   -0.000459862083,      0.2247876842,                 0,       30.42041701,    0.007482212508
          0,           0,        1935,       -11.0801154,      -9.981329413,      -11.04948321,      -10.57886835,      -14.52930223,     0.01574597947,    0.007385386224,       0.224666353,                 0,                 0,                 0,     -0.0005492703,  -0.0004598553994,      0.2247872386,                 0,       30.42039322,    0.007482212508
          0,           0,        1936,      -11.08080843,      -9.986856897,      -11.04841799,      -10.58021631,      -14.51593754,     0.01574597947,    0.007385377458,      0.2246658915,                 0,                 0,                 0,  -0.0005493362507,  -0.0004598480548,      0.2247867771,                 0,       30.42036684,    0.007482212508
          0,           0,        1937,      -11.08146236,      -9.992329433,      -11.04731807,      -10.58150016,      -14.50322764,     0.01574597947,    0.007385368804,      0.2246654148,                 0,                 0,                 0,  -0.0005494052476,  -0.0004598400656,      0.2247863003,                 0,       30.42033793,    0.007482212508
          0,           0,        1938,      -11.08208596,      -9.997746477,      -11.04619961,      -10.58273021,      -14.49118481,     0.01574597947,    0.007385360268,      0.2246649234,                 0,                 0,                 0,  -0.0005494771785,  -0.0004598314481,       0.224785809,                 0,       30.42030656,    0.007482212508
          0,           0,        1939,       -11.0826873,      -10.00310759,      -11.04507479,      -10.58391599,      -14.47980975,     0.01574597947,    0.007385351854,       0.224664418,                 0,                 0,                 0,  -0.0005495519318,  -0.0004598222186,      0.2247853036,                 0,       30.42027279,    0.007482212508
          0,           0,        1940,      -11.08327441,      -10.00841253,      -11.04395715,      -10.58506744,      -14.46909504,     0.01574597947,    0.007385343567,      0.2246638992,                 0,                 0,                 0,  -0.0005496293967,  -0.0004598123931,      0.2247847848,                 0,       30.42023667,    0.007482212508
          0,           0,        1941,      -11.08385443,      -10.01366118,      -11.04285813,        -10.586193,      -14.45902757,     0.01574597947,    0.007385335411,      0.2246633675,                 0,                 0,                 0,  -0.0005497094637,  -0.0004598019875,      0.2247842531,                 0,       30.42019826,    0.007482212508
          0,           0,        1942,      -11.08443449,      -10.01885358,      -11.04178806,      -10.58730146,      -14.44959048,     0.01574597947,    0.007385327392,      0.2246628235,                 0,                 0,                 0,  -0.0005497920236,  -0.0004597910178,      0.2247837092,                 0,       30.42015764,    0.007482212508
          0,           0,        1943,      -11.08502132,      -10.02398989,      -11.04075896,       -10.5884016,      -14.44076453,     0.01574597947,    0.007385319513,      0.2246622678,                 0,                 0,                 0,  -0.0005498769687,  -0.0004597794997,      0.2247831536,                 0,       30.42011486,    0.007482212508
          0,           0,        1944,      -11.08562126,      -10.02907049,      -11.03977719,      -10.58950118,      -14.43252908,     0.01574597947,    0.007385311779,      0.2246617011,                 0,                 0,                 0,  -0.0005499641924,  -0.0004597674491,      0.2247825869,                 0,       30.42006997,    0.007482212508
          0,           0,        1945,      -11.08623973,      -10.03409583,      -11.03885286,      -10.59060688,      -14.42486278,     0.01574597947,    0.007385304194,      0.2246611238,                 0,                 0,                 0,  -0.0005500535888,  -0.0004597548817,      0.2247820097,                 0,       30.42002304,    0.007482212508
          0,           0,        1946,      -11.08688269,      -10.03906655,      -11.03799265,      -10.59172664,      -14.41774407,     0.01574597947,    0.007385296762,      0.2246605365,                 0,                 0,                 0,   -0.000550145054,  -0.0004597418133,      0.2247814225,                 0,       30.41997413,    0.007482212508
          0,           0,        1947,      -11.08755508,      -10.04398339,      -11.03720405,      -10.59286684,      -14.41115153,     0.01574597947,    0.007385289486,      0.2246599397,                 0,                 0,                 0,  -0.0005502384862,  -0.0004597282595,      0.2247808259,                 0,       30.41992331,    0.007482212508
          0,           0,        1948,      -11.08826223,       -10.0488473,      -11.03649409,      -10.59403431,      -14.40506434,     0.01574597947,    0.007385282369,      0.2246593341,                 0,                 0,                 0,  -0.0005503337851,  -0.0004597142361,      0.2247802204,                 0,       30.41987062,    0.007482212508
          0,           0,        1949,       -11.0890094,       -10.0536594,      -11.03586831,      -10.59523611,      -14.39946198,     0.01574597947,    0.007385275417,      0.2246587202,                 0,                 0,                 0,  -0.0005504308528,  -0.0004596997587,      0.2247796066,                 0,       30.41981613,    0.007482212508
          0,           0,        1950,      -11.08980236,      -10.05842095,      -11.03533318,      -10.59647969,      -14.39432474,     0.01574597947,    0.007385268631,      0.2246580985,                 0,                 0,                 0,  -0.0005505295921,  -0.0004596848433,       0.224778985,                 0,       30.41975989,    0.007482212508
          0,           0,        1951,      -11.09064706,      -10.06313347,       -11.0348959,      -10.59777322,      -14.38963363,     0.01574597947,    0.007385262015,      0.2246574696,                 0,                 0,                 0,  -0.0005506299042,  -0.0004596695056,      0.2247783562,                 0,       30.41970198,    0.007482212508
          0,           0,        1952,      -11.09154897,      -10.06779859,      -11.03456176,      -10.59912371,      -14.38537051,     0.01574597947,    0.007385255572,      0.2246568339,                 0,                 0,                 0,  -0.0005507316896,  -0.0004596537615,      0.2247777208,                 0,       30.41964246,    0.007482212508
          0,           0,        1953,      -11.09251294,      -10.07241804,      -11.03433818,      -10.60053767,      -14.38151812,     0.01574597947,    0.007385249305,      0.2246561922,                 0,                 0,                 0,  -0.0005508348479,  -0.0004596376272,      0.2247770792,                 0,       30.41958137,    0.007482212508
          0,           0,        1954,       -11.0935416,      -10.07699367,      -11.03422938,       -10.6020191,      -14.37806013,     0.01574597947,    0.007385243215,      0.2246555448,                 0,                 0,                 0,  -0.0005509392797,  -0.0004596211189,      0.2247764319,                 0,       30.41951879,    0.007482212508
          0,           0,        1955,      -11.09463759,      -10.08152738,       -11.0342385,       -10.6035719,      -14.37498079,     0.01574597947,    0.007385237306,      0.2246548923,                 0,                 0,                 0,  -0.0005510448874,   -0.000459604253,      0.2247757796,                 0,       30.41945478,    0.007482212508
          0,           0,        1956,      -11.09580342,      -10.08602118,      -11.03436884,      -10.60519963,      -14.37226516,     0.01574597947,    0.007385231577,      0.2246542352,                 0,                 0,                 0,  -0.0005511515766,  -0.0004595870458,      0.2247751227,                 0,        30.4193894,    0.007482212508
          0,           0,        1957,      -11.09704159,      -10.09047724,      -11.03462335,      -10.60690625,      -14.36989862,     0.01574597947,     0.00738522603,       0.224653574,                 0,                 0,                 0,  -0.0005512592543,  -0.0004595695138,      0.2247744617,                 0,       30.41932272,    0.007482212508
          0,           0,        1958,      -11.09835576,      -10.09489791,      -11.03500554,      -10.60869682,      -14.36786861,     0.01574597947,    0.007385220666,      0.2246529092,                 0,                 0,                 0,  -0.0005513678286,  -0.0004595516735,      0.2247737972,                 0,        30.4192548,    0.007482212508
          0,           0,        1959,      -11.09974888,      -10.09928562,      -11.03551701,      -10.61057585,       -14.3661624,     0.01574597947,    0.007385215487,      0.2246522413,                 0,                 0,                 0,  -0.0005514772086,  -0.0004595335415,      0.2247731295,                 0,        30.4191857,    0.007482212508
          0,           0,        1960,      -11.10122315,      -10.10364288,       -11.0361617,      -10.61254689,      -14.36476812,     0.01574597947,     0.00738521049,      0.2246515708,                 0,                 0,                 0,  -0.0005515873056,  -0.0004595151342,      0.2247724592,                 0,       30.41911548,    0.007482212508
          0,           0,        1961,      -11.10278092,      -10.10797231,      -11.03694192,      -10.61461323,      -14.36367461,     0.01574597947,    0.007385205678,      0.2246508981,                 0,                 0,                 0,  -0.0005516980324,  -0.0004594964678,      0.2247717868,                 0,       30.41904422,    0.007482212508
          0,           0,        1962,      -11.10442244,      -10.11227656,      -11.03785896,      -10.61677631,      -14.36287159,     0.01574597947,    0.007385201049,      0.2246502237,                 0,                 0,                 0,  -0.0005518093041,  -0.0004594775587,      0.2247711127,                 0,       30.41897198,    0.007482212508
          0,           0,        1963,      -11.10614841,       -10.1165583,       -11.0389133,      -10.61903759,      -14.36234959,     0.01574597947,    0.007385196602,      0.2246495481,                 0,                 0,                 0,  -0.0005519210389,  -0.0004594584227,      0.2247704373,                 0,        30.4188988,    0.007482212508
          0,           0,        1964,      -11.10795915,       -10.1208203,      -11.04010537,      -10.62139805,      -14.36209984,     0.01574597947,    0.007385192337,      0.2246488716,                 0,                 0,                 0,  -0.0005520331571,  -0.0004594390757,       0.224769761,                 0,       30.41882477,    0.007482212508
          0,           0,        1965,      -11.10985455,      -10.12506532,      -11.04143489,      -10.62385854,      -14.36211395,     0.01574597947,    0.007385188252,      0.2246481946,                 0,                 0,                 0,  -0.0005521455821,  -0.0004594195332,      0.2247690844,                 0,       30.41874993,    0.007482212508
          0,           0,        1966,      -11.11183505,       -10.1292962,      -11.04290117,      -10.62642041,      -14.36238416,     0.01574597947,    0.007385184346,      0.2246475177,                 0,                 0,                 0,  -0.0005522582393,  -0.0004593998106,      0.2247684077,                 0,       30.41867435,    0.007482212508
          0,           0,        1967,      -11.11390029,      -10.13351571,      -11.04450393,      -10.62908367,       -14.3629028,     0.01574597947,    0.007385180618,      0.2246468411,                 0,                 0,                 0,  -0.0005523710574,  -0.0004593799232,      0.2247677314,                 0,       30.41859809,    0.007482212508
          0,           0,        1968,      -11.11605103,      -10.13772672,      -11.04624284,      -10.63185059,      -14.36366262,     0.01574597947,    0.007385177065,      0.2246461652,                 0,                 0,                 0,  -0.0005524839663,  -0.0004593598856,      0.2247670558,                 0,       30.41852121,    0.007482212508
          0,           0,        1969,       -11.1182866,      -10.14193211,      -11.04811675,      -10.63472099,      -14.36465655,     0.01574597947,    0.007385173686,      0.2246454904,                 0,                 0,                 0,   -0.000552596898,  -0.0004593397128,      0.2247663813,                 0,       30.41844375,    0.007482212508
          0,           0,        1970,      -11.12060738,      -10.14613469,      -11.05012582,      -10.63769625,      -14.36587911,     0.01574597947,    0.007385170479,      0.2246448171,                 0,                 0,                 0,  -0.0005527097875,  -0.0004593194191,      0.2247657082,                 0,       30.41836579,    0.007482212508
          0,           0,        1971,      -11.12301311,      -10.15033733,        -11.052269,        -10.640777,      -14.36732409,     0.01574597947,    0.007385167441,      0.2246441455,                 0,                 0,                 0,  -0.0005528225705,  -0.0004592990187,       0.224765037,                 0,       30.41828737,    0.007482212508
          0,           0,        1972,      -11.12550372,      -10.15454285,      -11.05454636,       -10.6439641,      -14.36898605,     0.01574597947,     0.00738516457,      0.2246434761,                 0,                 0,                 0,  -0.0005529351852,  -0.0004592785255,      0.2247643679,                 0,       30.41820855,    0.007482212508
          0,           0,        1973,      -11.12807889,      -10.15875404,      -11.05695592,      -10.64725796,      -14.37085981,     0.01574597947,    0.007385161864,      0.2246428091,                 0,                 0,                 0,  -0.0005530475712,  -0.0004592579531,      0.2247637012,                 0,       30.41812939,    0.007482212508
          0,           0,        1974,      -11.13073837,      -10.16297368,      -11.05949765,       -10.6506594,      -14.37294043,     0.01574597947,    0.007385159319,      0.2246421449,                 0,                 0,                 0,  -0.0005531596703,  -0.0004592373151,      0.2247630373,                 0,       30.41804993,    0.007482212508
          0,           0,        1975,      -11.13348164,       -10.1672045,       -11.0621726,      -10.65416872,      -14.37522319,     0.01574597947,    0.007385156934,      0.2246414837,                 0,                 0,                 0,  -0.0005532714253,  -0.0004592166245,      0.2247623765,                 0,       30.41797022,    0.007482212508
          0,           0,        1976,      -11.13630907,       -10.1714493,      -11.06497868,      -10.65778755,       -14.3777035,     0.01574597947,    0.007385154705,      0.2246408259,                 0,                 0,                 0,  -0.0005533827812,  -0.0004591958944,       0.224761719,                 0,       30.41789033,    0.007482212508
          0,           0,        1977,      -11.13921968,      -10.17571062,      -11.06791548,      -10.66151581,      -14.38037692,     0.01574597947,     0.00738515263,      0.2246401717,                 0,                 0,                 0,  -0.0005534936846,  -0.0004591751373,      0.2247610651,                 0,        30.4178103,    0.007482212508
          0,           0,        1978,      -11.14221321,      -10.17999115,      -11.07098333,      -10.66535433,      -14.38323912,     0.01574597947,    0.007385150705,      0.2246395214,                 0,                 0,                 0,  -0.0005536040836,  -0.0004591543658,      0.2247604151,                 0,       30.41773017,    0.007482212508
          0,           0,        1979,      -11.14528951,      -10.18429346,       -11.0741819,      -10.66930417,      -14.38628584,     0.01574597947,    0.007385148928,      0.2246388753,                 0,                 0,                 0,  -0.0005537139278,  -0.0004591335919,      0.2247597693,                 0,          30.41765,    0.007482212508
          0,           0,        1980,      -11.14844823,      -10.18862003,      -11.07751131,      -10.67336633,      -14.38951341,     0.01574597947,    0.007385147296,      0.2246382336,                 0,                 0,                 0,  -0.0005538231682,  -0.0004591128278,      0.2247591279,                 0,       30.41756983,    0.007482212508
          0,           0,        1981,      -11.15168948,      -10.19297342,      -11.08097094,      -10.67754208,       -14.3929183,     0.01574597947,    0.007385145804,      0.2246375965,                 0,                 0,                 0,  -0.0005539317581,  -0.0004590920852,      0.2247584912,                 0,       30.41748971,    0.007482212508
          0,           0,        1982,       -11.1550125,      -10.19735598,      -11.08456072,        -10.681832,      -14.39649707,     0.01574597947,    0.007385144451,      0.2246369643,                 0,                 0,                 0,  -0.0005540396513,  -0.0004590713756,      0.2247578594,                 0,       30.41740968,    0.007482212508
          0,           0,        1983,        -11.158417,      -10.20177011,       -11.0882813,      -10.68623701,      -14.40024659,     0.01574597947,    0.007385143233,      0.2246363373,                 0,                 0,                 0,  -0.0005541468035,  -0.0004590507103,      0.2247572327,                 0,        30.4173298,    0.007482212508
          0,           0,        1984,      -11.16190285,       -10.2062181,      -11.09213309,      -10.69075855,      -14.40416401,     0.01574597947,    0.007385142146,      0.2246357156,                 0,                 0,                 0,  -0.0005542531719,  -0.0004590301005,      0.2247566114,                 0,        30.4172501,    0.007482212508
          0,           0,        1985,      -11.16546837,      -10.21070213,      -11.09611559,      -10.69539642,      -14.40824671,     0.01574597947,    0.007385141187,      0.2246350995,                 0,                 0,                 0,   -0.000554358715,  -0.0004590095568,      0.2247559956,                 0,       30.41717062,    0.007482212508
          0,           0,        1986,       -11.1691135,      -10.21522437,      -11.10022964,      -10.70015182,      -14.41249233,     0.01574597947,    0.007385140353,      0.2246344892,                 0,                 0,                 0,  -0.0005544633929,    -0.00045898909,      0.2247553856,                 0,       30.41709141,    0.007482212508
          0,           0,        1987,      -11.17283725,      -10.21978697,       -11.1044744,      -10.70502535,      -14.41689874,     0.01574597947,    0.007385139639,      0.2246338848,                 0,                 0,                 0,  -0.0005545671671,  -0.0004589687103,      0.2247547816,                 0,       30.41701251,    0.007482212508
          0,           0,        1988,      -11.17663827,      -10.22439188,      -11.10884939,      -10.71001684,        -14.421464,     0.01574597947,    0.007385139043,      0.2246332866,                 0,                 0,                 0,  -0.0005546700008,  -0.0004589484277,      0.2247541837,                 0,       30.41693396,    0.007482212508
          0,           0,        1989,      -11.18051513,      -10.22904106,      -11.11335583,       -10.7151265,      -14.42618637,     0.01574597947,    0.007385138561,      0.2246326947,                 0,                 0,                 0,  -0.0005547718584,  -0.0004589282519,      0.2247535921,                 0,        30.4168558,    0.007482212508
          0,           0,        1990,      -11.18446678,      -10.23373636,      -11.11799232,      -10.72035491,       -14.4310643,     0.01574597947,    0.007385138189,      0.2246321092,                 0,                 0,                 0,  -0.0005548727066,  -0.0004589081925,       0.224753007,                 0,       30.41677806,    0.007482212508
          0,           0,        1991,      -11.18849171,       -10.2384796,       -11.1227581,      -10.72570183,       -14.4360964,     0.01574597947,    0.007385137924,      0.2246315304,                 0,                 0,                 0,  -0.0005549725133,  -0.0004588882585,      0.2247524286,                 0,       30.41670078,    0.007482212508
          0,           0,        1992,      -11.19258775,      -10.24327244,      -11.12765418,      -10.73116661,      -14.44128141,     0.01574597947,    0.007385137762,      0.2246309585,                 0,                 0,                 0,  -0.0005550712484,  -0.0004588684588,      0.2247518569,                 0,         30.416624,    0.007482212508
          0,           0,        1993,       -11.1967545,      -10.24811657,      -11.13267968,      -10.73675088,      -14.44661818,     0.01574597947,    0.007385137699,      0.2246303934,                 0,                 0,                 0,  -0.0005551688834,  -0.0004588488019,      0.2247512922,                 0,       30.41654774,    0.007482212508
          0,           0,        1994,      -11.20098986,      -10.25301361,      -11.13783415,      -10.74245401,      -14.45210565,     0.01574597947,    0.007385137732,      0.2246298354,                 0,                 0,                 0,  -0.0005552653911,  -0.0004588292961,      0.2247507346,                 0,       30.41647206,    0.007482212508
          0,           0,        1995,      -11.20529131,      -10.25796499,      -11.14311666,      -10.74827489,      -14.45774285,     0.01574597947,    0.007385137856,      0.2246292847,                 0,                 0,                 0,  -0.0005553607463,  -0.0004588099491,      0.2247501842,                 0,       30.41639696,    0.007482212508
          0,           0,        1996,      -11.20965768,      -10.26297213,      -11.14852714,       -10.7542145,      -14.46352887,     0.01574597947,     0.00738513807,      0.2246287412,                 0,                 0,                 0,  -0.0005554549255,  -0.0004587907688,       0.224749641,                 0,       30.41632249,    0.007482212508
          0,           0,        1997,      -11.21408769,      -10.26803649,       -11.1540661,       -10.7602734,      -14.46946293,     0.01574597947,    0.007385138367,      0.2246282051,                 0,                 0,                 0,  -0.0005555479062,  -0.0004587717622,      0.2247491053,                 0,       30.41624868,    0.007482212508
          0,           0,        1998,      -11.21857785,      -10.27315927,      -11.15973233,      -10.76644952,       -14.4755443,     0.01574597947,    0.007385138746,      0.2246276765,                 0,                 0,                 0,  -0.0005556396681,  -0.0004587529363,       0.224748577,                 0,       30.41617554,    0.007482212508
          0,           0,        1999,      -11.22312717,      -10.27834176,      -11.16552396,      -10.77274384,      -14.48177237,     0.01574597947,    0.007385139203,      0.2246271555,                 0,                 0,                 0,  -0.0005557301923,  -0.0004587342979,      0.2247480564,                 0,       30.41610312,    0.007482212508
          0,           0,        2000,      -11.22773329,      -10.28358511,      -11.17144227,      -10.77915597,       -14.4881466,     0.01574597947,    0.007385139734,      0.2246266422,                 0,                 0,                 0,  -0.0005558194612,   -0.000458715853,      0.2247475434,                 0,       30.41603142,    0.007482212508
          0,           0,        2001,      -11.23239402,      -10.28889043,      -11.17748622,      -10.78568565,      -14.49466659,     0.01574597947,    0.007385140335,      0.2246261366,                 0,                 0,                 0,  -0.0005559074585,  -0.0004586976079,      0.2247470381,                 0,       30.41596049,    0.007482212508
          0,           0,        2002,      -11.23710701,      -10.29425874,      -11.18365494,       -10.7923328,      -14.50133216,     0.01574597947,    0.007385141003,      0.2246256389,                 0,                 0,                 0,  -0.0005559941702,  -0.0004586795681,      0.2247465407,                 0,       30.41589034,    0.007482212508
          0,           0,        2003,      -11.24186957,      -10.29969101,        -11.189948,      -10.79909626,      -14.50814302,     0.01574597947,    0.007385141736,       0.224625149,                 0,                 0,                 0,  -0.0005560795827,  -0.0004586617389,      0.2247460511,                 0,       30.41582098,    0.007482212508
          0,           0,        2004,       -11.2466805,      -10.30518817,      -11.19636432,      -10.80597765,      -14.51509903,     0.01574597947,    0.007385142528,       0.224624667,                 0,                 0,                 0,  -0.0005561636846,  -0.0004586441255,      0.2247455695,                 0,       30.41575245,    0.007482212508
          0,           0,        2005,       -11.2515365,      -10.31075109,      -11.20290534,      -10.81297516,       -14.5222001,     0.01574597947,    0.007385143378,      0.2246241929,                 0,                 0,                 0,  -0.0005562464654,  -0.0004586267323,      0.2247450957,                 0,       30.41568477,    0.007482212508
          0,           0,        2006,      -11.25643521,      -10.31638059,      -11.20956708,      -10.82008866,      -14.52944625,     0.01574597947,    0.007385144282,      0.2246237269,                 0,                 0,                 0,  -0.0005563279164,  -0.0004586095641,        0.22474463,                 0,       30.41561794,    0.007482212508
          0,           0,        2007,      -11.26137413,      -10.32207742,      -11.21635163,      -10.82731793,      -14.53683764,     0.01574597947,    0.007385145236,      0.2246232688,                 0,                 0,                 0,    -0.00055640803,  -0.0004585926246,      0.2247441723,                 0,       30.41555198,    0.007482212508
          0,           0,        2008,       -11.2663501,       -10.3278422,      -11.22325885,      -10.83466205,      -14.54437451,     0.01574597947,    0.007385146239,      0.2246228188,                 0,                 0,                 0,  -0.0005564867996,  -0.0004585759177,      0.2247437226,                 0,       30.41548692,    0.007482212508
          0,           0,        2009,      -11.27136156,      -10.33367567,      -11.23028639,      -10.84212231,      -14.55205727,     0.01574597947,    0.007385147286,      0.2246223769,                 0,                 0,                 0,   -0.000556564221,   -0.000458559447,      0.2247432809,                 0,       30.41542276,    0.007482212508
          0,           0,        2010,       -11.2764054,       -10.3395784,      -11.23743426,       -10.8496974,      -14.55988645,     0.01574597947,    0.007385148374,      0.2246219429,                 0,                 0,                 0,  -0.0005566402898,  -0.0004585432154,      0.2247428473,                 0,       30.41535952,    0.007482212508
          0,           0,        2011,      -11.28147822,      -10.34555092,      -11.24470263,      -10.85738633,      -14.56786271,     0.01574597947,    0.007385149502,      0.2246215171,                 0,                 0,                 0,  -0.0005567150038,   -0.000458527226,      0.2247424217,                 0,       30.41529721,    0.007482212508
          0,           0,        2012,      -11.28657754,      -10.35159376,      -11.25208944,      -10.86518933,      -14.57598686,     0.01574597947,    0.007385150665,      0.2246210992,                 0,                 0,                 0,  -0.0005567883618,  -0.0004585114812,      0.2247420042,                 0,       30.41523585,    0.007482212508
          0,           0,        2013,      -11.29170056,      -10.35770737,      -11.25959483,      -10.87310558,      -14.58425985,     0.01574597947,    0.007385151862,      0.2246206894,                 0,                 0,                 0,  -0.0005568603634,  -0.0004584959836,      0.2247415947,                 0,       30.41517543,    0.007482212508
          0,           0,        2014,      -11.29684428,      -10.36389211,      -11.26721965,      -10.88113491,      -14.59268272,     0.01574597947,    0.007385153089,      0.2246202877,                 0,                 0,                 0,  -0.0005569310089,  -0.0004584807352,      0.2247411932,                 0,       30.41511597,    0.007482212508
          0,           0,        2015,      -11.30200602,      -10.37014843,      -11.27496285,       -10.8892774,      -14.60125666,     0.01574597947,    0.007385154345,      0.2246198939,                 0,                 0,                 0,  -0.0005570002988,  -0.0004584657379,      0.2247407997,                 0,       30.41505748,    0.007482212508
          0,           0,        2016,      -11.30718319,      -10.37647668,      -11.28282041,       -10.8975331,        -14.609983,     0.01574597947,    0.007385155626,      0.2246195081,                 0,                 0,                 0,  -0.0005570682352,  -0.0004584509938,      0.2247404142,                 0,       30.41499997,    0.007482212508
          0,           0,        2017,      -11.31237344,      -10.38287719,      -11.29079792,      -10.90590263,      -14.61886317,     0.01574597947,     0.00738515693,      0.2246191303,                 0,                 0,                 0,  -0.0005571348187,  -0.0004584365045,      0.2247400366,                 0,       30.41494343,    0.007482212508
          0,           0,        2018,      -11.31757347,      -10.38935029,      -11.29889128,      -10.91438564,      -14.62789872,     0.01574597947,    0.007385158256,      0.2246187604,                 0,                 0,                 0,  -0.0005572000501,  -0.0004584222718,       0.224739667,                 0,       30.41488789,    0.007482212508
          0,           0,        2019,      -11.32278256,      -10.39589633,      -11.30710408,       -10.9229855,      -14.63709126,     0.01574597947,      0.0073851596,      0.2246183985,                 0,                 0,                 0,   -0.000557263931,  -0.0004584082975,      0.2247393054,                 0,       30.41483335,    0.007482212508
          0,           0,        2020,      -11.32799743,      -10.40251565,      -11.31543285,      -10.93170153,      -14.64644239,     0.01574597947,     0.00738516096,      0.2246180445,                 0,                 0,                 0,  -0.0005573264623,  -0.0004583945828,      0.2247389516,                 0,       30.41477981,    0.007482212508
          0,           0,        2021,      -11.33321529,      -10.40920854,      -11.32388011,      -10.94053342,      -14.65595406,     0.01574597947,    0.007385162336,      0.2246176984,                 0,                 0,                 0,  -0.0005573876467,  -0.0004583811289,      0.2247386058,                 0,       30.41472728,    0.007482212508
          0,           0,        2022,        -11.338433,      -10.41597522,      -11.33244593,      -10.94948064,      -14.66562817,     0.01574597947,    0.007385163723,      0.2246173601,                 0,                 0,                 0,  -0.0005574474881,  -0.0004583679368,      0.2247382678,                 0,       30.41467576,    0.007482212508
          0,           0,        2023,      -11.34364782,      -10.42281595,       -11.3411301,      -10.95854342,      -14.67546671,     0.01574597947,    0.007385165121,      0.2246170296,                 0,                 0,                 0,  -0.0005575059925,   -0.000458355007,      0.2247379375,                 0,       30.41462526,    0.007482212508
          0,           0,        2024,      -11.34885544,      -10.42973082,      -11.34993095,      -10.96771913,      -14.68547164,     0.01574597947,    0.007385166526,      0.2246167069,                 0,                 0,                 0,  -0.0005575631672,  -0.0004583423397,      0.2247376151,                 0,       30.41457577,    0.007482212508
          0,           0,        2025,      -11.35405302,      -10.43671997,      -11.35884829,      -10.97700689,      -14.69564497,     0.01574597947,    0.007385167938,      0.2246163919,                 0,                 0,                 0,  -0.0005576190219,  -0.0004583299345,      0.2247373003,                 0,        30.4145273,    0.007482212508
          0,           0,        2026,      -11.35923529,      -10.44378341,      -11.36788053,      -10.98640282,      -14.70598878,     0.01574597947,    0.007385169353,      0.2246160845,                 0,                 0,                 0,  -0.0005576735677,  -0.0004583177912,      0.2247369931,                 0,       30.41447985,    0.007482212508
          0,           0,        2027,      -11.36440018,      -10.45092122,      -11.37702405,      -10.99590783,      -14.71650524,     0.01574597947,    0.007385170771,      0.2246157846,                 0,                 0,                 0,  -0.0005577268171,  -0.0004583059088,      0.2247366935,                 0,        30.4144334,    0.007482212508
          0,           0,        2028,      -11.36954407,       -10.4581334,      -11.38628107,      -11.00552013,      -14.72719664,     0.01574597947,    0.007385172189,      0.2246154922,                 0,                 0,                 0,  -0.0005577787835,  -0.0004582942866,      0.2247364013,                 0,       30.41438797,    0.007482212508
          0,           0,        2029,       -11.3746634,       -10.4654198,      -11.39564968,      -11.01523821,      -14.73806543,     0.01574597947,    0.007385173605,      0.2246152071,                 0,                 0,                 0,  -0.0005578294815,  -0.0004582829233,      0.2247361164,                 0,       30.41434354,    0.007482212508
          0,           0,        2030,      -11.37975552,      -10.47278039,      -11.40512508,       -11.0250624,      -14.74911423,     0.01574597947,    0.007385175018,      0.2246149294,                 0,                 0,                 0,  -0.0005578789256,  -0.0004582718175,      0.2247358389,                 0,       30.41430011,    0.007482212508
          0,           0,        2031,      -11.38481731,      -10.48021516,      -11.41470988,      -11.03499096,      -14.76034586,     0.01574597947,    0.007385176427,      0.2246146588,                 0,                 0,                 0,  -0.0005579271308,  -0.0004582609677,      0.2247355686,                 0,       30.41425767,    0.007482212508
          0,           0,        2032,      -11.38984479,      -10.48772387,      -11.42440231,      -11.04502152,      -14.77176329,     0.01574597947,    0.007385177829,      0.2246143954,                 0,                 0,                 0,  -0.0005579741126,  -0.0004582503719,      0.2247353053,                 0,       30.41421623,    0.007482212508
          0,           0,        2033,      -11.39483444,      -10.49530636,      -11.43419771,      -11.05515114,      -14.78336971,     0.01574597947,    0.007385179224,      0.2246141389,                 0,                 0,                 0,  -0.0005580198863,   -0.000458240028,      0.2247350491,                 0,       30.41417576,    0.007482212508
          0,           0,        2034,      -11.39978376,      -10.50296252,      -11.44409658,      -11.06537916,      -14.79516843,     0.01574597947,     0.00738518061,      0.2246138894,                 0,                 0,                 0,  -0.0005580644679,  -0.0004582299338,      0.2247347998,                 0,       30.41413626,    0.007482212508
          0,           0,        2035,      -11.40468839,      -10.51069196,      -11.45409685,      -11.07570073,      -14.80716296,     0.01574597947,    0.007385181987,      0.2246136466,                 0,                 0,                 0,  -0.0005581078739,   -0.000458220087,      0.2247345572,                 0,       30.41409772,    0.007482212508
          0,           0,        2036,      -11.40954662,      -10.51849457,      -11.46419599,      -11.08611633,      -14.81935711,     0.01574597947,    0.007385183352,      0.2246134106,                 0,                 0,                 0,  -0.0005581501214,   -0.000458210485,      0.2247343214,                 0,       30.41406014,    0.007482212508
          0,           0,        2037,      -11.41435544,      -10.52637007,      -11.47439364,      -11.09662352,       -14.8317545,     0.01574597947,    0.007385184706,      0.2246131812,                 0,                 0,                 0,  -0.0005581912268,  -0.0004582011251,      0.2247340921,                 0,        30.4140235,    0.007482212508
          0,           0,        2038,      -11.41911208,       -10.5343181,      -11.48468748,      -11.10721972,      -14.84435908,     0.01574597947,    0.007385186047,      0.2246129583,                 0,                 0,                 0,  -0.0005582312074,  -0.0004581920048,      0.2247338694,                 0,       30.41398779,    0.007482212508
          0,           0,        2039,      -11.42381644,      -10.54233849,      -11.49507485,      -11.11790969,      -14.85717502,     0.01574597947,    0.007385187375,      0.2246127417,                 0,                 0,                 0,  -0.0005582700801,  -0.0004581831214,       0.224733653,                 0,         30.413953,    0.007482212508
          0,           0,        2040,      -11.42846675,       -10.5504309,       -11.5055626,      -11.12869347,      -14.87020669,     0.01574597947,    0.007385188688,      0.2246125315,                 0,                 0,                 0,  -0.0005583078619,  -0.0004581744719,       0.224733443,                 0,       30.41391913,    0.007482212508
          0,           0,        2041,      -11.43306114,      -10.55859505,      -11.51614403,      -11.13957028,       -14.8834587,     0.01574597947,    0.007385189986,      0.2246123274,                 0,                 0,                 0,  -0.0005583445699,  -0.0004581660535,      0.2247332391,                 0,       30.41388615,    0.007482212508
          0,           0,        2042,      -11.43759721,      -10.56683053,      -11.52682232,       -11.1505374,       -14.8969359,     0.01574597947,    0.007385191268,      0.2246121295,                 0,                 0,                 0,  -0.0005583802211,  -0.0004581578633,      0.2247330413,                 0,       30.41385407,    0.007482212508
          0,           0,        2043,      -11.44207382,      -10.57513697,      -11.53759748,      -11.16159588,      -14.91064337,     0.01574597947,    0.007385192534,      0.2246119375,                 0,                 0,                 0,  -0.0005584148333,  -0.0004581498982,      0.2247328495,                 0,       30.41382286,    0.007482212508
          0,           0,        2044,      -11.44648934,      -10.58351405,      -11.54846736,      -11.17274423,      -14.92458646,     0.01574597947,    0.007385193783,      0.2246117514,                 0,                 0,                 0,  -0.0005584484236,  -0.0004581421551,      0.2247326635,                 0,       30.41379252,    0.007482212508
          0,           0,        2045,      -11.45084191,      -10.59196123,      -11.55943247,      -11.18398077,      -14.93877078,     0.01574597947,    0.007385195014,      0.2246115711,                 0,                 0,                 0,  -0.0005584810094,   -0.000458134631,      0.2247324834,                 0,       30.41376303,    0.007482212508
          0,           0,        2046,      -11.45513064,       -10.6004782,      -11.57048849,      -11.19530392,      -14.95320222,     0.01574597947,    0.007385196227,      0.2246113964,                 0,                 0,                 0,  -0.0005585126088,  -0.0004581273225,      0.2247323088,                 0,       30.41373438,    0.007482212508
          0,           0,        2047,      -11.45935373,      -10.60906434,      -11.58163712,      -11.20671234,      -14.96788696,     0.01574597947,    0.007385197422,      0.2246112273,                 0,                 0,                 0,  -0.0005585432391,  -0.0004581202264,      0.2247321399,                 0,       30.41370656,    0.007482212508
          0,           0,        2048,      -11.46350815,       -10.6177191,      -11.59287265,      -11.21819788,       -14.9828315,     0.01574597947,    0.007385198598,      0.2246110636,                 0,                 0,                 0,  -0.0005585729185,  -0.0004581133395,      0.2247319763,                 0,       30.41367956,    0.007482212508
          0,           0,        2049,      -11.46759478,      -10.62644199,      -11.60419739,      -11.22976476,      -14.99804271,     0.01574597947,    0.007385199755,      0.2246109053,                 0,                 0,                 0,   -0.000558601665,  -0.0004581066583,      0.2247318182,                 0,       30.41365336,    0.007482212508
          0,           0,        2050,      -11.47161229,      -10.63523234,      -11.61560906,      -11.24141138,      -15.01352785,     0.01574597947,    0.007385200892,      0.2246107522,                 0,                 0,                 0,  -0.0005586294966,  -0.0004581001795,      0.2247316652,                 0,       30.41362794,    0.007482212508
          0,           0,        2051,        -11.475559,      -10.64408956,      -11.62710017,      -11.25313117,      -15.02929458,     0.01574597947,    0.007385202009,      0.2246106043,                 0,                 0,                 0,   -0.000558656432,  -0.0004580938996,      0.2247315174,                 0,       30.41360331,    0.007482212508
          0,           0,        2052,       -11.4794345,      -10.65301291,      -11.63868286,      -11.26492597,      -15.04535103,     0.01574597947,    0.007385203105,      0.2246104613,                 0,                 0,                 0,  -0.0005586824889,  -0.0004580878156,      0.2247313746,                 0,       30.41357944,    0.007482212508
          0,           0,        2053,      -11.48323882,      -10.66200184,      -11.65033895,      -11.27679724,      -15.06170578,     0.01574597947,    0.007385204182,      0.2246103233,                 0,                 0,                 0,  -0.0005587076854,  -0.0004580819239,      0.2247312367,                 0,       30.41355632,    0.007482212508
          0,           0,        2054,      -11.48697184,      -10.67105573,      -11.66207792,      -11.28874567,      -15.07836789,     0.01574597947,    0.007385205237,      0.2246101902,                 0,                 0,                 0,  -0.0005587320382,  -0.0004580762216,      0.2247311037,                 0,       30.41353395,    0.007482212508
          0,           0,        2055,      -11.49063347,      -10.68017375,      -11.67389849,      -11.30077178,      -15.09534694,     0.01574597947,    0.007385206271,      0.2246100617,                 0,                 0,                 0,  -0.0005587555641,   -0.000458070705,      0.2247309753,                 0,       30.41351229,    0.007482212508
          0,           0,        2056,      -11.49422327,      -10.68935524,      -11.68580432,      -11.31287151,      -15.11265305,     0.01574597947,    0.007385207284,      0.2246099379,                 0,                 0,                 0,  -0.0005587782792,  -0.0004580653712,      0.2247308516,                 0,       30.41349135,    0.007482212508
          0,           0,        2057,      -11.49774089,      -10.69859934,      -11.69778453,      -11.32504201,      -15.13029704,     0.01574597947,    0.007385208276,      0.2246098186,                 0,                 0,                 0,  -0.0005588002005,  -0.0004580602169,      0.2247307324,                 0,       30.41347112,    0.007482212508
          0,           0,        2058,      -11.50118804,       -10.7079053,      -11.70984633,       -11.3372881,      -15.14829042,     0.01574597947,    0.007385209246,      0.2246097037,                 0,                 0,                 0,  -0.0005588213444,  -0.0004580552386,      0.2247306177,                 0,       30.41345157,    0.007482212508
          0,           0,        2059,      -11.50456255,      -10.71727218,      -11.72198363,      -11.34959456,       -15.1666456,     0.01574597947,    0.007385210195,      0.2246095932,                 0,                 0,                 0,  -0.0005588417273,  -0.0004580504332,      0.2247305072,                 0,        30.4134327,    0.007482212508
          0,           0,        2060,      -11.50786598,      -10.72669899,      -11.73419792,      -11.36196564,      -15.18537592,     0.01574597947,    0.007385211121,      0.2246094869,                 0,                 0,                 0,  -0.0005588613658,  -0.0004580457974,       0.224730401,                 0,       30.41341449,    0.007482212508
          0,           0,        2061,      -11.51109943,      -10.73618492,      -11.74648603,      -11.37439942,       -15.2044958,     0.01574597947,    0.007385212026,      0.2246093848,                 0,                 0,                 0,  -0.0005588802759,  -0.0004580413278,       0.224730299,                 0,       30.41339693,    0.007482212508
          0,           0,        2062,        -11.514262,      -10.74572877,      -11.75884039,      -11.38688758,       -15.2240208,     0.01574597947,    0.007385212909,      0.2246092866,                 0,                 0,                 0,  -0.0005588984739,  -0.0004580370214,      0.2247302009,                 0,       30.41338001,    0.007482212508
          0,           0,        2063,      -11.51735599,      -10.75532959,      -11.77126007,      -11.39943271,      -15.24396628,     0.01574597947,     0.00738521377,      0.2246091925,                 0,                 0,                 0,  -0.0005589159757,  -0.0004580328749,      0.2247301069,                 0,       30.41336371,    0.007482212508
          0,           0,        2064,      -11.52038165,      -10.76498606,      -11.78375246,       -11.4120287,      -15.26435337,     0.01574597947,    0.007385214609,      0.2246091022,                 0,                 0,                 0,  -0.0005589327971,   -0.000458028885,      0.2247300167,                 0,       30.41334803,    0.007482212508
          0,           0,        2065,      -11.52333977,      -10.77469715,      -11.79630372,      -11.42466992,      -15.28520011,     0.01574597947,    0.007385215426,      0.2246090157,                 0,                 0,                 0,  -0.0005589489537,  -0.0004580250486,      0.2247299302,                 0,       30.41333295,    0.007482212508
          0,           0,        2066,      -11.52623189,      -10.78446164,       -11.8089215,      -11.43735503,      -15.30652745,     0.01574597947,    0.007385216221,      0.2246089328,                 0,                 0,                 0,   -0.000558964461,  -0.0004580213625,      0.2247298474,                 0,       30.41331846,    0.007482212508
          0,           0,        2067,       -11.5290592,      -10.79427807,       -11.8215951,      -11.45007917,       -15.3283581,     0.01574597947,    0.007385216994,      0.2246088535,                 0,                 0,                 0,  -0.0005589793344,  -0.0004580178236,      0.2247297682,                 0,       30.41330454,    0.007482212508
          0,           0,        2068,      -11.53182337,      -10.80414525,      -11.83432185,      -11.46284047,      -15.35071629,     0.01574597947,    0.007385217746,      0.2246087778,                 0,                 0,                 0,  -0.0005589935886,  -0.0004580144286,      0.2247296926,                 0,       30.41329119,    0.007482212508
          0,           0,        2069,      -11.53452613,      -10.81406176,      -11.84709676,      -11.47563488,      -15.37362789,     0.01574597947,    0.007385218475,      0.2246087054,                 0,                 0,                 0,  -0.0005590072391,  -0.0004580111746,      0.2247296203,                 0,       30.41327839,    0.007482212508
          0,           0,        2070,      -11.53716782,      -10.82402591,      -11.85992755,      -11.48844879,      -15.39712046,     0.01574597947,    0.007385219183,      0.2246086364,                 0,                 0,                 0,  -0.0005590203004,  -0.0004580080584,      0.2247295513,                 0,       30.41326612,    0.007482212508
          0,           0,        2071,      -11.53975114,      -10.83403626,      -11.87279599,       -11.5012822,      -15.42122331,     0.01574597947,    0.007385219868,      0.2246085706,                 0,                 0,                 0,  -0.0005590327867,   -0.000458005077,      0.2247294856,                 0,       30.41325439,    0.007482212508
          0,           0,        2072,      -11.54227815,       -10.8440912,      -11.88570681,      -11.51413085,      -15.44596736,     0.01574597947,    0.007385220533,       0.224608508,                 0,                 0,                 0,  -0.0005590447132,  -0.0004580022272,       0.224729423,                 0,       30.41324318,    0.007482212508
          0,           0,        2073,      -11.54474947,        -10.854189,      -11.89864494,      -11.52698091,      -15.47138504,     0.01574597947,    0.007385221176,      0.2246084484,                 0,                 0,                 0,  -0.0005590560935,  -0.0004579995063,      0.2247293635,                 0,       30.41323246,    0.007482212508
          0,           0,        2074,      -11.54716872,      -10.86432771,      -11.91162349,      -11.53983219,      -15.49751003,     0.01574597947,    0.007385221797,      0.2246083919,                 0,                 0,                 0,  -0.0005590669421,  -0.0004579969109,       0.224729307,                 0,       30.41322224,    0.007482212508
          0,           0,        2075,      -11.54953737,      -10.87450577,      -11.92462024,      -11.55267622,      -15.52437675,     0.01574597947,    0.007385222398,      0.2246083382,                 0,                 0,                 0,  -0.0005590772725,  -0.0004579944383,      0.2247292534,                 0,       30.41321251,    0.007482212508
          0,           0,        2076,      -11.55185823,      -10.88472107,      -11.93763809,      -11.56550685,      -15.55201971,     0.01574597947,    0.007385222977,      0.2246082874,                 0,                 0,                 0,   -0.000559087099,  -0.0004579920854,      0.2247292026,                 0,       30.41320324,    0.007482212508
          0,           0,        2077,      -11.55413213,      -10.89497155,      -11.95066377,      -11.57830582,      -15.58047232,     0.01574597947,    0.007385223536,      0.2246082393,                 0,                 0,                 0,   -0.000559096435,  -0.0004579898491,      0.2247291546,                 0,       30.41319443,    0.007482212508
          0,           0,        2078,      -11.55636273,       -10.9052552,      -11.96369515,      -11.59107404,      -15.60976523,     0.01574597947,    0.007385224074,      0.2246081939,                 0,                 0,                 0,  -0.0005591052941,  -0.0004579877265,      0.2247291092,                 0,       30.41318606,    0.007482212508
          0,           0,        2079,      -11.55855171,      -10.91556969,      -11.97672599,      -11.60379456,      -15.63992369,     0.01574597947,    0.007385224592,      0.2246081511,                 0,                 0,                 0,  -0.0005591136895,  -0.0004579857146,      0.2247290665,                 0,       30.41317813,    0.007482212508
          0,           0,        2080,      -11.56070143,      -10.92591271,      -11.98973907,      -11.61646162,      -15.67096376,     0.01574597947,    0.007385225089,      0.2246081107,                 0,                 0,                 0,  -0.0005591216351,  -0.0004579838103,      0.2247290262,                 0,       30.41317062,    0.007482212508
          0,           0,        2081,      -11.56281383,      -10.93628195,      -12.00274111,      -11.62905938,      -15.70288668,     0.01574597947,    0.007385225567,      0.2246080728,                 0,                 0,                 0,  -0.0005591291435,  -0.0004579820107,      0.2247289883,                 0,       30.41316353,    0.007482212508
          0,           0,        2082,      -11.56489179,       -10.9466749,       -12.0157055,      -11.64158007,        -15.735671,     0.01574597947,    0.007385226024,      0.2246080373,                 0,                 0,                 0,  -0.0005591362284,  -0.0004579803128,      0.2247289528,                 0,       30.41315683,    0.007482212508
          0,           0,        2083,      -11.56693705,       -10.9570889,      -12.02863923,      -11.65401919,      -15.76926127,     0.01574597947,    0.007385226463,       0.224608004,                 0,                 0,                 0,  -0.0005591429025,  -0.0004579787134,      0.2247289196,                 0,       30.41315052,    0.007482212508
          0,           0,        2084,      -11.56895188,      -10.96752154,      -12.04151601,      -11.66636482,      -15.80355257,     0.01574597947,    0.007385226883,       0.224607973,                 0,                 0,                 0,  -0.0005591491788,  -0.0004579772096,      0.2247288885,                 0,       30.41314458,    0.007482212508
          0,           0,        2085,      -11.57093757,      -10.97796954,      -12.05434773,       -11.6785962,      -15.83836961,     0.01574597947,    0.007385227284,       0.224607944,                 0,                 0,                 0,  -0.0005591550707,  -0.0004579757983,      0.2247288596,                 0,       30.41313901,    0.007482212508
          0,           0,        2086,      -11.57289518,      -10.98843021,      -12.06710546,      -11.69070124,      -15.87343977,     0.01574597947,    0.007385227666,      0.2246079171,                 0,                 0,                 0,  -0.0005591605904,  -0.0004579744765,      0.2247288327,                 0,       30.41313379,    0.007482212508
          0,           0,        2087,      -11.57482804,      -10.99890079,      -12.07979361,      -11.70269129,      -15.90836053,     0.01574597947,    0.007385228031,      0.2246078921,                 0,                 0,                 0,  -0.0005591657508,  -0.0004579732413,      0.2247288078,                 0,       30.41312891,    0.007482212508
          0,           0,        2088,      -11.57673616,      -11.00937799,      -12.09239742,      -11.71454481,      -15.94256481,     0.01574597947,    0.007385228378,      0.2246078691,                 0,                 0,                 0,  -0.0005591705643,  -0.0004579720896,      0.2247287848,                 0,       30.41312436,    0.007482212508
          0,           0,        2089,      -11.57862078,      -11.01985856,      -12.10489505,      -11.72624656,      -15.97529299,     0.01574597947,    0.007385228709,      0.2246078479,                 0,                 0,                 0,  -0.0005591750432,  -0.0004579710186,      0.2247287636,                 0,       30.41312012,    0.007482212508
          0,           0,        2090,      -11.58048413,      -11.03033962,      -12.11729302,      -11.73780764,      -16.00558858,     0.01574597947,    0.007385229022,      0.2246078284,                 0,                 0,                 0,  -0.0005591791997,  -0.0004579700252,      0.2247287441,                 0,       30.41311619,    0.007482212508
          0,           0,        2091,      -11.58232588,      -11.04081741,      -12.12958808,      -11.74920914,      -16.03234169,     0.01574597947,     0.00738522932,      0.2246078106,                 0,                 0,                 0,  -0.0005591830458,  -0.0004579691067,      0.2247287264,                 0,       30.41311256,    0.007482212508
          0,           0,        2092,      -11.58414711,      -11.05128874,      -12.14176527,      -11.76044843,      -16.05440374,     0.01574597947,    0.007385229602,      0.2246077944,                 0,                 0,                 0,   -0.000559186593,  -0.0004579682603,      0.2247287102,                 0,       30.41310921,    0.007482212508
          0,           0,        2093,      -11.58594846,      -11.06174989,       -12.1538227,      -11.77151928,      -16.07077482,     0.01574597947,    0.007385229868,      0.2246077798,                 0,                 0,                 0,  -0.0005591898531,  -0.0004579674831,      0.2247286956,                 0,       30.41310613,    0.007482212508
          0,           0,        2094,       -11.5877302,      -11.07219745,      -12.16573273,      -11.78241909,      -16.08082127,     0.01574597947,     0.00738523012,      0.2246077666,                 0,                 0,                 0,  -0.0005591928372,  -0.0004579667726,      0.2247286824,                 0,       30.41310331,    0.007482212508
          0,           0,        2095,        -11.589492,      -11.08262754,      -12.17751938,      -11.79313008,      -16.08443886,     0.01574597947,    0.007385230357,      0.2246077549,                 0,                 0,                 0,  -0.0005591955565,   -0.000457966126,      0.2247286707,                 0,       30.41310074,    0.007482212508
          0,           0,        2096,      -11.59123518,      -11.09303662,      -12.18915887,      -11.80366684,      -16.08208148,     0.01574597947,     0.00738523058,      0.2246077445,                 0,                 0,                 0,  -0.0005591980218,  -0.0004579655407,      0.2247286604,                 0,       30.41309842,    0.007482212508
          0,           0,        2097,      -11.59295906,       -11.1034209,      -12.20063014,      -11.81401968,      -16.07463992,     0.01574597947,     0.00738523079,      0.2246077354,                 0,                 0,                 0,  -0.0005592002438,  -0.0004579650144,      0.2247286513,                 0,       30.41309633,    0.007482212508
          0,           0,        2098,       -11.5946641,      -11.11377622,      -12.21197936,      -11.82418014,      -16.06323305,     0.01574597947,    0.007385230987,      0.2246077276,                 0,                 0,                 0,  -0.0005592022327,  -0.0004579645444,      0.2247286435,                 0,       30.41309446,    0.007482212508
          0,           0,        2099,      -11.59634985,      -11.12409911,      -12.22315538,      -11.83415558,       -16.0489619,     0.01574597947,    0.007385231171,      0.2246077209,                 0,                 0,                 0,  -0.0005592039987,  -0.0004579641285,      0.2247286368,                 0,        30.4130928,    0.007482212508
          0,           0,        2100,       -11.5980163,      -11.13438547,      -12.23417826,      -11.84393956,      -16.03291054,     0.01574597947,    0.007385231342,      0.2246077154,                 0,                 0,                 0,  -0.0005592055515,  -0.0004579637644,      0.2247286313,                 0,       30.41309134,    0.007482212508
          0,           0,        2101,      -11.59966406,       -11.1446315,      -12.24503187,      -11.85353427,      -16.01589729,     0.01574597947,    0.007385231502,       0.224607711,                 0,                 0,                 0,  -0.0005592069009,  -0.0004579634498,      0.2247286269,                 0,       30.41309008,    0.007482212508
          0,           0,        2102,      -11.60129216,      -11.15483275,      -12.25572924,      -11.86293493,      -15.99854954,     0.01574597947,     0.00738523165,      0.2246077076,                 0,                 0,                 0,   -0.000559208056,  -0.0004579631825,      0.2247286235,                 0,       30.41308901,    0.007482212508
          0,           0,        2103,      -11.60290128,      -11.16498557,      -12.26625782,      -11.87214142,      -15.98132714,     0.01574597947,    0.007385231787,      0.2246077051,                 0,                 0,                 0,  -0.0005592090258,  -0.0004579629605,       0.224728621,                 0,       30.41308812,    0.007482212508
          0,           0,        2104,      -11.60449122,      -11.17508622,      -12.27662175,      -11.88116309,       -15.9645449,     0.01574597947,    0.007385231914,      0.2246077036,                 0,                 0,                 0,  -0.0005592098191,  -0.0004579627818,      0.2247286195,                 0,       30.41308739,    0.007482212508
          0,           0,        2105,      -11.60606181,      -11.18513051,      -12.28680515,      -11.88998575,      -15.94840896,     0.01574597947,    0.007385232029,       0.224607703,                 0,                 0,                 0,  -0.0005592104443,  -0.0004579626443,      0.2247286189,                 0,       30.41308683,    0.007482212508
          0,           0,        2106,      -11.60761341,      -11.19511442,      -12.29682273,      -11.89862741,      -15.93304654,     0.01574597947,    0.007385232135,      0.2246077032,                 0,                 0,                 0,  -0.0005592109098,  -0.0004579625462,      0.2247286191,                 0,       30.41308643,    0.007482212508
          0,           0,        2107,      -11.60914625,      -11.20503418,      -12.30669085,       -11.9070833,      -15.91852902,     0.01574597947,    0.007385232231,      0.2246077042,                 0,                 0,                 0,  -0.0005592112235,  -0.0004579624857,      0.2247286202,                 0,       30.41308617,    0.007482212508
          0,           0,        2108,      -11.61066098,      -11.21488636,      -12.31637608,      -11.91537049,      -15.90488915,     0.01574597947,    0.007385232317,       0.224607706,                 0,                 0,                 0,  -0.0005592113929,   -0.000457962461,      0.2247286219,                 0,       30.41308605,    0.007482212508
          0,           0,        2109,      -11.61215731,       -11.2246667,      -12.32591424,      -11.92347286,      -15.89213371,     0.01574597947,    0.007385232394,      0.2246077084,                 0,                 0,                 0,  -0.0005592114258,  -0.0004579624704,      0.2247286244,                 0,       30.41308607,    0.007482212508
          0,           0,        2110,      -11.61363539,      -11.23437168,      -12.33528356,      -11.93140049,       -15.8802524,     0.01574597947,    0.007385232462,      0.2246077116,                 0,                 0,                 0,  -0.0005592113295,  -0.0004579625121,      0.2247286275,                 0,       30.41308622,    0.007482212508
          0,           0,        2111,      -11.61509645,      -11.24399779,      -12.34447967,      -11.93915821,      -15.86922408,     0.01574597947,    0.007385232521,      0.2246077154,                 0,                 0,                 0,  -0.0005592111109,  -0.0004579625847,      0.2247286313,                 0,       30.41308648,    0.007482212508
          0,           0,        2112,      -11.61654032,      -11.25354182,       -12.3535251,       -11.9467574,      -15.85902106,     0.01574597947,    0.007385232572,      0.2246077198,                 0,                 0,                 0,  -0.0005592107769,  -0.0004579626866,      0.2247286357,                 0,       30.41308687,    0.007482212508
          0,           0,        2113,      -11.61796852,      -11.26300022,      -12.36242506,      -11.95419741,      -15.84961197,     0.01574597947,    0.007385232615,      0.2246077247,                 0,                 0,                 0,   -0.000559210334,  -0.0004579628162,      0.2247286406,                 0,       30.41308736,    0.007482212508
          0,           0,        2114,      -11.61938035,      -11.27236977,      -12.37118269,      -11.96148448,       -15.8409637,     0.01574597947,     0.00738523265,      0.2246077302,                 0,                 0,                 0,  -0.0005592097888,  -0.0004579629721,      0.2247286461,                 0,       30.41308796,    0.007482212508
          0,           0,        2115,      -11.62077684,       -11.2816477,      -12.37980046,      -11.96863982,      -15.83304264,     0.01574597947,    0.007385232677,      0.2246077361,                 0,                 0,                 0,  -0.0005592091474,  -0.0004579631529,      0.2247286521,                 0,       30.41308865,    0.007482212508
          0,           0,        2116,      -11.62215842,      -11.29083114,      -12.38828299,      -11.97564654,       -15.8258156,     0.01574597947,    0.007385232697,      0.2246077425,                 0,                 0,                 0,  -0.0005592084158,  -0.0004579633572,      0.2247286585,                 0,       30.41308944,    0.007482212508
          0,           0,        2117,      -11.62352574,      -11.29991743,      -12.39664327,      -11.98251996,      -15.81925032,     0.01574597947,    0.007385232709,      0.2246077494,                 0,                 0,                 0,  -0.0005592075998,  -0.0004579635836,      0.2247286653,                 0,       30.41309031,    0.007482212508
          0,           0,        2118,      -11.62487947,      -11.30890445,      -12.40485478,      -11.98928168,      -15.81331589,     0.01574597947,    0.007385232715,      0.2246077566,                 0,                 0,                 0,   -0.000559206705,   -0.000457963831,      0.2247286726,                 0,       30.41309127,    0.007482212508
          0,           0,        2119,      -11.62622028,       -11.3177893,      -12.41297376,       -11.9959233,      -15.80798294,     0.01574597947,    0.007385232714,      0.2246077642,                 0,                 0,                 0,  -0.0005592057368,  -0.0004579640979,      0.2247286802,                 0,       30.41309231,    0.007482212508
          0,           0,        2120,       -11.6275484,      -11.32657095,      -12.42097359,      -12.00246545,      -15.80322382,     0.01574597947,    0.007385232706,      0.2246077722,                 0,                 0,                 0,  -0.0005592047005,  -0.0004579643832,      0.2247286881,                 0,       30.41309342,    0.007482212508
          0,           0,        2121,      -11.62886419,      -11.33524702,       -12.4288601,      -12.00889732,      -15.79901258,     0.01574597947,    0.007385232692,      0.2246077804,                 0,                 0,                 0,  -0.0005592036012,  -0.0004579646856,      0.2247286964,                 0,       30.41309459,    0.007482212508
          0,           0,        2122,      -11.63016908,      -11.34381632,      -12.43666573,      -12.01525038,      -15.79532493,     0.01574597947,    0.007385232671,       0.224607789,                 0,                 0,                 0,  -0.0005592024437,  -0.0004579650042,      0.2247287049,                 0,       30.41309583,    0.007482212508
          0,           0,        2123,       -11.6314625,      -11.35227731,      -12.44437462,      -12.02150017,      -15.79213813,     0.01574597947,    0.007385232645,      0.2246077978,                 0,                 0,                 0,  -0.0005592012329,  -0.0004579653376,      0.2247287137,                 0,       30.41309713,    0.007482212508
          0,           0,        2124,      -11.63274555,      -11.36062954,      -12.45200172,      -12.02767743,      -15.78943086,     0.01574597947,    0.007385232613,      0.2246078068,                 0,                 0,                 0,  -0.0005591999734,  -0.0004579656848,      0.2247287227,                 0,       30.41309849,    0.007482212508
          0,           0,        2125,      -11.63401867,      -11.36887189,      -12.45956373,      -12.03379754,      -15.78718301,     0.01574597947,    0.007385232576,      0.2246078161,                 0,                 0,                 0,  -0.0005591986694,  -0.0004579660448,       0.224728732,                 0,       30.41309989,    0.007482212508
          0,           0,        2126,      -11.63528223,      -11.37700417,      -12.46704662,      -12.03983572,      -15.78537552,     0.01574597947,    0.007385232533,      0.2246078255,                 0,                 0,                 0,  -0.0005591973254,  -0.0004579664165,      0.2247287414,                 0,       30.41310135,    0.007482212508
          0,           0,        2127,      -11.63653681,      -11.38502615,      -12.47448152,      -12.04583035,      -15.78399022,     0.01574597947,    0.007385232485,      0.2246078351,                 0,                 0,                 0,  -0.0005591959455,  -0.0004579667991,       0.224728751,                 0,       30.41310284,    0.007482212508
          0,           0,        2128,      -11.63778263,      -11.39293794,      -12.48186896,      -12.05178699,      -15.78300985,     0.01574597947,    0.007385232433,      0.2246078448,                 0,                 0,                 0,  -0.0005591945335,  -0.0004579671913,      0.2247287607,                 0,       30.41310438,    0.007482212508
          0,           0,        2129,      -11.63902034,      -11.40074009,      -12.48920092,      -12.05769636,      -15.78241802,     0.01574597947,    0.007385232375,      0.2246078547,                 0,                 0,                 0,  -0.0005591930935,  -0.0004579675924,      0.2247287705,                 0,       30.41310595,    0.007482212508
          0,           0,        2130,       -11.6402501,      -11.40843305,      -12.49653056,      -12.06356284,      -15.78219914,     0.01574597947,    0.007385232314,      0.2246078646,                 0,                 0,                 0,   -0.000559191629,  -0.0004579680015,      0.2247287805,                 0,       30.41310755,    0.007482212508
          0,           0,        2131,      -11.64147228,      -11.41601804,      -12.50380479,      -12.06940512,      -15.78233843,     0.01574597947,    0.007385232247,      0.2246078747,                 0,                 0,                 0,  -0.0005591901435,  -0.0004579684176,      0.2247287905,                 0,       30.41310918,    0.007482212508
          0,           0,        2132,      -11.64268716,      -11.42349625,      -12.51104291,      -12.07522062,      -15.78282191,     0.01574597947,    0.007385232177,      0.2246078848,                 0,                 0,                 0,  -0.0005591886405,  -0.0004579688399,      0.2247288006,                 0,       30.41311084,    0.007482212508
          0,           0,        2133,      -11.64389533,      -11.43086876,      -12.51829231,      -12.08102375,      -15.78363639,     0.01574597947,    0.007385232103,      0.2246078949,                 0,                 0,                 0,  -0.0005591871232,  -0.0004579692677,      0.2247288107,                 0,       30.41311251,    0.007482212508
          0,           0,        2134,      -11.64509657,      -11.43813765,      -12.52551864,      -12.08680799,      -15.78476948,     0.01574597947,    0.007385232025,       0.224607905,                 0,                 0,                 0,  -0.0005591855948,  -0.0004579697001,      0.2247288209,                 0,       30.41311421,    0.007482212508
          0,           0,        2135,      -11.64629208,      -11.44530429,      -12.53276071,      -12.09258459,      -15.78620963,     0.01574597947,    0.007385231944,      0.2246079152,                 0,                 0,                 0,  -0.0005591840581,  -0.0004579701363,       0.224728831,                 0,       30.41311592,    0.007482212508
          0,           0,        2136,      -11.64748142,      -11.45237174,      -12.53997519,      -12.09837308,      -15.78794605,     0.01574597947,    0.007385231859,      0.2246079254,                 0,                 0,                 0,  -0.0005591825161,  -0.0004579705756,      0.2247288412,                 0,       30.41311765,    0.007482212508
          0,           0,        2137,      -11.64866508,      -11.45934086,      -12.54725749,      -12.10414367,      -15.78996875,     0.01574597947,    0.007385231772,      0.2246079355,                 0,                 0,                 0,  -0.0005591809714,  -0.0004579710173,      0.2247288513,                 0,       30.41311938,    0.007482212508
          0,           0,        2138,      -11.64984319,      -11.46621543,      -12.55447932,      -12.10992964,      -15.79226847,     0.01574597947,    0.007385231681,      0.2246079456,                 0,                 0,                 0,  -0.0005591794269,  -0.0004579714608,      0.2247288614,                 0,       30.41312112,    0.007482212508
          0,           0,        2139,        -11.651016,      -11.47299746,      -12.56177931,      -12.11573052,      -15.79483665,     0.01574597947,    0.007385231587,      0.2246079557,                 0,                 0,                 0,  -0.0005591778846,  -0.0004579719053,      0.2247288715,                 0,       30.41312287,    0.007482212508
          0,           0,        2140,      -11.65218404,      -11.47969005,       -12.5690607,       -12.1215338,       -15.7976653,     0.01574597947,    0.007385231491,      0.2246079657,                 0,                 0,                 0,  -0.0005591763472,  -0.0004579723503,      0.2247288814,                 0,       30.41312462,    0.007482212508
          0,           0,        2141,      -11.65334719,      -11.48629545,      -12.57642403,      -12.12734792,      -15.80074702,     0.01574597947,    0.007385231392,      0.2246079756,                 0,                 0,                 0,  -0.0005591748167,  -0.0004579727952,      0.2247288914,                 0,       30.41312637,    0.007482212508
          0,           0,        2142,      -11.65450582,      -11.49281768,      -12.58376291,       -12.1331812,      -15.80407487,     0.01574597947,    0.007385231291,      0.2246079854,                 0,                 0,                 0,  -0.0005591732955,  -0.0004579732393,      0.2247289012,                 0,       30.41312812,    0.007482212508
          0,           0,        2143,      -11.65566007,      -11.49925903,      -12.59120342,       -12.1390508,      -15.80764237,     0.01574597947,    0.007385231188,      0.2246079952,                 0,                 0,                 0,  -0.0005591717853,  -0.0004579736822,      0.2247289109,                 0,       30.41312986,    0.007482212508
          0,           0,        2144,      -11.65680991,       -11.5056231,      -12.59862864,      -12.14491822,      -15.81144338,     0.01574597947,    0.007385231083,      0.2246080048,                 0,                 0,                 0,  -0.0005591702883,  -0.0004579741232,      0.2247289205,                 0,        30.4131316,    0.007482212508
          0,           0,        2145,      -11.65795595,      -11.51191293,      -12.60610767,      -12.15082132,      -15.81547209,     0.01574597947,    0.007385230977,      0.2246080143,                 0,                 0,                 0,  -0.0005591688059,  -0.0004579745619,        0.22472893,                 0,       30.41313332,    0.007482212508
          0,           0,        2146,      -11.65909798,      -11.51813226,      -12.61363104,      -12.15674271,      -15.81972302,     0.01574597947,    0.007385230868,      0.2246080237,                 0,                 0,                 0,  -0.0005591673401,  -0.0004579749979,      0.2247289394,                 0,       30.41313504,    0.007482212508
          0,           0,        2147,      -11.66023612,      -11.52428377,      -12.62124927,      -12.16270164,      -15.82419094,     0.01574597947,    0.007385230758,       0.224608033,                 0,                 0,                 0,  -0.0005591658924,  -0.0004579754306,      0.2247289487,                 0,       30.41313675,    0.007482212508
          0,           0,        2148,      -11.66137102,      -11.53037146,      -12.62888947,      -12.16869179,      -15.82887093,     0.01574597947,    0.007385230647,      0.2246080421,                 0,                 0,                 0,  -0.0005591644642,  -0.0004579758596,      0.2247289578,                 0,       30.41313844,    0.007482212508
          0,           0,        2149,      -11.66250244,      -11.53639832,      -12.63656219,      -12.17468854,       -15.8337583,     0.01574597947,    0.007385230535,       0.224608051,                 0,                 0,                 0,  -0.0005591630572,  -0.0004579762846,      0.2247289667,                 0,       30.41314011,    0.007482212508
          0,           0,        2150,       -11.6636304,      -11.54236781,      -12.64432312,      -12.18072809,      -15.83884866,     0.01574597947,    0.007385230421,      0.2246080598,                 0,                 0,                 0,  -0.0005591616722,  -0.0004579767051,      0.2247289755,                 0,       30.41314177,    0.007482212508
          0,           0,        2151,      -11.66475537,      -11.54828286,      -12.65211023,      -12.18678272,      -15.84413786,     0.01574597947,    0.007385230307,      0.2246080685,                 0,                 0,                 0,  -0.0005591603108,  -0.0004579771207,      0.2247289841,                 0,       30.41314341,    0.007482212508
          0,           0,        2152,       -11.6658773,      -11.55414716,      -12.65998907,      -12.19287048,        -15.849622,     0.01574597947,    0.007385230192,      0.2246080769,                 0,                 0,                 0,  -0.0005591589742,  -0.0004579775312,      0.2247289926,                 0,       30.41314503,    0.007482212508
          0,           0,        2153,      -11.66699655,      -11.55996359,      -12.66790216,      -12.19899464,      -15.85529742,     0.01574597947,    0.007385230076,      0.2246080852,                 0,                 0,                 0,  -0.0005591576631,  -0.0004579779362,      0.2247290009,                 0,       30.41314663,    0.007482212508
          0,           0,        2154,      -11.66811294,      -11.56573605,      -12.67588579,       -12.2051323,      -15.86116069,     0.01574597947,     0.00738522996,      0.2246080933,                 0,                 0,                 0,  -0.0005591563787,  -0.0004579783353,       0.224729009,                 0,       30.41314821,    0.007482212508
          0,           0,        2155,      -11.66922644,      -11.57146677,      -12.68394386,      -12.21131807,      -15.86720864,     0.01574597947,    0.007385229843,      0.2246081012,                 0,                 0,                 0,   -0.000559155122,  -0.0004579787284,      0.2247290169,                 0,       30.41314976,    0.007482212508
          0,           0,        2156,      -11.67033791,       -11.5771591,      -12.69204433,      -12.21750353,      -15.87343821,     0.01574597947,    0.007385229726,       0.224608109,                 0,                 0,                 0,  -0.0005591538937,   -0.000457979115,      0.2247290246,                 0,       30.41315129,    0.007482212508
          0,           0,        2157,      -11.67144681,      -11.58281576,      -12.70019399,      -12.22373541,      -15.87984662,     0.01574597947,    0.007385229609,      0.2246081165,                 0,                 0,                 0,  -0.0005591526945,  -0.0004579794951,      0.2247290321,                 0,       30.41315279,    0.007482212508
          0,           0,        2158,      -11.67255362,      -11.58843955,      -12.70844268,      -12.22997685,      -15.88643127,     0.01574597947,    0.007385229491,      0.2246081238,                 0,                 0,                 0,  -0.0005591515253,  -0.0004579798682,      0.2247290394,                 0,       30.41315427,    0.007482212508
          0,           0,        2159,      -11.67365845,      -11.59403335,      -12.71670153,      -12.23624801,      -15.89318979,     0.01574597947,    0.007385229374,       0.224608131,                 0,                 0,                 0,  -0.0005591503867,  -0.0004579802343,      0.2247290466,                 0,       30.41315572,    0.007482212508
          0,           0,        2160,      -11.67476105,      -11.59959978,      -12.72506652,        -12.242534,      -15.90011999,     0.01574597947,    0.007385229257,      0.2246081379,                 0,                 0,                 0,   -0.000559149279,  -0.0004579805932,      0.2247290535,                 0,       30.41315714,    0.007482212508
          0,           0,        2161,      -11.67586202,      -11.60514124,      -12.73346102,      -12.24884498,      -15.90721981,     0.01574597947,     0.00738522914,      0.2246081446,                 0,                 0,                 0,  -0.0005591482029,  -0.0004579809445,      0.2247290602,                 0,       30.41315853,    0.007482212508
          0,           0,        2162,      -11.67696116,      -11.61065981,      -12.74193067,      -12.25516522,      -15.91448739,     0.01574597947,    0.007385229024,      0.2246081511,                 0,                 0,                 0,   -0.000559147159,  -0.0004579812882,      0.2247290667,                 0,       30.41315989,    0.007482212508
          0,           0,        2163,      -11.67805886,       -11.6161581,      -12.75042092,      -12.26149915,      -15.92192102,     0.01574597947,    0.007385228908,      0.2246081574,                 0,                 0,                 0,  -0.0005591461475,  -0.0004579816241,       0.224729073,                 0,       30.41316122,    0.007482212508
          0,           0,        2164,       -11.6791546,      -11.62163866,      -12.75899913,      -12.26785069,      -15.92951914,     0.01574597947,    0.007385228792,      0.2246081635,                 0,                 0,                 0,  -0.0005591451688,  -0.0004579819521,      0.2247290791,                 0,       30.41316252,    0.007482212508
          0,           0,        2165,      -11.68024938,      -11.62710239,      -12.76760897,      -12.27419639,      -15.93728034,     0.01574597947,    0.007385228677,      0.2246081694,                 0,                 0,                 0,  -0.0005591442232,   -0.000457982272,      0.2247290849,                 0,       30.41316379,    0.007482212508
          0,           0,        2166,      -11.68134285,      -11.63255207,      -12.77626419,      -12.28057215,      -15.94520339,     0.01574597947,    0.007385228563,      0.2246081751,                 0,                 0,                 0,  -0.0005591433111,  -0.0004579825836,      0.2247290906,                 0,       30.41316503,    0.007482212508
          0,           0,        2167,      -11.68243534,      -11.63798911,      -12.78496746,      -12.28694662,      -15.95328719,     0.01574597947,     0.00738522845,      0.2246081805,                 0,                 0,                 0,  -0.0005591424323,   -0.000457982887,       0.224729096,                 0,       30.41316623,    0.007482212508
          0,           0,        2168,      -11.68352668,      -11.64341556,      -12.79369446,      -12.29333256,       -15.9615308,     0.01574597947,    0.007385228337,      0.2246081857,                 0,                 0,                 0,  -0.0005591415874,   -0.000457983182,      0.2247291013,                 0,        30.4131674,    0.007482212508
          0,           0,        2169,      -11.68461699,      -11.64883258,      -12.80246663,      -12.29970506,      -15.96993345,     0.01574597947,    0.007385228226,      0.2246081908,                 0,                 0,                 0,  -0.0005591407761,  -0.0004579834686,      0.2247291063,                 0,       30.41316854,    0.007482212508
          0,           0,        2170,      -11.68570635,      -11.65424144,      -12.81129591,      -12.30605942,      -15.97849448,     0.01574597947,    0.007385228115,      0.2246081956,                 0,                 0,                 0,  -0.0005591399986,  -0.0004579837466,      0.2247291111,                 0,       30.41316965,    0.007482212508
          0,           0,        2171,      -11.68679518,      -11.65964385,      -12.82011612,      -12.31243141,      -15.98721338,     0.01574597947,    0.007385228006,      0.2246082001,                 0,                 0,                 0,  -0.0005591392549,   -0.000457984016,      0.2247291156,                 0,       30.41317072,    0.007482212508
          0,           0,        2172,      -11.68788318,      -11.66504065,      -12.82895273,      -12.31878236,      -15.99608975,     0.01574597947,    0.007385227897,      0.2246082045,                 0,                 0,                 0,   -0.000559138545,  -0.0004579842768,        0.22472912,                 0,       30.41317176,    0.007482212508
          0,           0,        2173,      -11.68897084,      -11.67043314,      -12.83781115,      -12.32512478,      -16.00512333,     0.01574597947,     0.00738522779,      0.2246082087,                 0,                 0,                 0,  -0.0005591378688,  -0.0004579845289,      0.2247291241,                 0,       30.41317276,    0.007482212508
          0,           0,        2174,      -11.69005802,      -11.67582175,      -12.84667149,      -12.33143635,      -16.01431398,     0.01574597947,    0.007385227684,      0.2246082126,                 0,                 0,                 0,  -0.0005591372259,  -0.0004579847724,      0.2247291281,                 0,       30.41317373,    0.007482212508
          0,           0,        2175,      -11.69114458,      -11.68120766,      -12.85555528,      -12.33773392,      -16.02366167,     0.01574597947,    0.007385227579,      0.2246082163,                 0,                 0,                 0,  -0.0005591366164,  -0.0004579850073,      0.2247291318,                 0,       30.41317467,    0.007482212508
          0,           0,        2176,        -11.692231,      -11.68659192,      -12.86440157,      -12.34400699,      -16.03316649,     0.01574597947,    0.007385227476,      0.2246082199,                 0,                 0,                 0,  -0.0005591360402,  -0.0004579852334,      0.2247291353,                 0,       30.41317557,    0.007482212508
          0,           0,        2177,      -11.69331692,      -11.69197436,      -12.87321523,      -12.35025747,      -16.04282865,     0.01574597947,    0.007385227374,      0.2246082232,                 0,                 0,                 0,  -0.0005591354967,  -0.0004579854509,      0.2247291386,                 0,       30.41317644,    0.007482212508
          0,           0,        2178,      -11.69440314,      -11.69735558,      -12.88205387,      -12.35644076,      -16.05264851,     0.01574597947,    0.007385227274,      0.2246082263,                 0,                 0,                 0,  -0.0005591349861,  -0.0004579856598,      0.2247291417,                 0,       30.41317727,    0.007482212508
          0,           0,        2179,      -11.69548881,      -11.70273589,      -12.89084257,      -12.36262028,      -16.06262653,     0.01574597947,    0.007385227175,      0.2246082292,                 0,                 0,                 0,  -0.0005591345077,  -0.0004579858601,      0.2247291446,                 0,       30.41317807,    0.007482212508
          0,           0,        2180,      -11.69657467,      -11.70811607,      -12.89960794,       -12.3687559,      -16.07276332,     0.01574597947,    0.007385227077,      0.2246082319,                 0,                 0,                 0,  -0.0005591340616,  -0.0004579860518,      0.2247291473,                 0,       30.41317884,    0.007482212508
          0,           0,        2181,      -11.69766051,      -11.71349556,      -12.90828028,      -12.37484415,      -16.08305961,     0.01574597947,    0.007385226981,      0.2246082344,                 0,                 0,                 0,  -0.0005591336472,   -0.000457986235,      0.2247291498,                 0,       30.41317958,    0.007482212508
          0,           0,        2182,      -11.69874625,      -11.71887489,      -12.91693112,       -12.3808736,      -16.09351624,     0.01574597947,    0.007385226887,      0.2246082367,                 0,                 0,                 0,  -0.0005591332643,  -0.0004579864098,      0.2247291521,                 0,       30.41318028,    0.007482212508
          0,           0,        2183,       -11.6998324,      -11.72425344,       -12.9254832,      -12.38683893,      -16.10413425,     0.01574597947,    0.007385226794,      0.2246082388,                 0,                 0,                 0,  -0.0005591329125,  -0.0004579865761,      0.2247291542,                 0,       30.41318094,    0.007482212508
          0,           0,        2184,      -11.70091869,      -11.72963204,      -12.93392901,      -12.39280239,      -16.11491473,     0.01574597947,    0.007385226703,      0.2246082407,                 0,                 0,                 0,  -0.0005591325915,  -0.0004579867342,      0.2247291562,                 0,       30.41318158,    0.007482212508
          0,           0,        2185,      -11.70200532,      -11.73500909,      -12.94239293,      -12.39865789,      -16.12585892,     0.01574597947,    0.007385226614,      0.2246082425,                 0,                 0,                 0,  -0.0005591323008,  -0.0004579868839,      0.2247291579,                 0,       30.41318218,    0.007482212508
          0,           0,        2186,      -11.70309286,      -11.74038515,      -12.95064305,      -12.40445194,      -16.13696819,     0.01574597947,    0.007385226526,       0.224608244,                 0,                 0,                 0,    -0.00055913204,  -0.0004579870255,      0.2247291594,                 0,       30.41318275,    0.007482212508
          0,           0,        2187,      -11.70418016,      -11.74576038,      -12.95876348,      -12.41019855,      -16.14824403,     0.01574597947,     0.00738522644,      0.2246082454,                 0,                 0,                 0,  -0.0005591318086,   -0.000457987159,      0.2247291608,                 0,       30.41318329,    0.007482212508
          0,           0,        2188,      -11.70526805,      -11.75113282,      -12.96688655,       -12.4158599,      -16.15968805,     0.01574597947,    0.007385226356,      0.2246082466,                 0,                 0,                 0,  -0.0005591316064,  -0.0004579872845,       0.224729162,                 0,        30.4131838,    0.007482212508
          0,           0,        2189,      -11.70635673,      -11.75650291,      -12.97480198,      -12.42144891,      -16.17130199,     0.01574597947,    0.007385226273,      0.2246082476,                 0,                 0,                 0,  -0.0005591314326,  -0.0004579874021,       0.224729163,                 0,       30.41318427,    0.007482212508
          0,           0,        2190,      -11.70744533,      -11.76187043,      -12.98256207,      -12.42697793,      -16.18308768,     0.01574597947,    0.007385226192,      0.2246082484,                 0,                 0,                 0,  -0.0005591312871,  -0.0004579875119,      0.2247291638,                 0,       30.41318472,    0.007482212508
          0,           0,        2191,      -11.70853499,      -11.76723384,      -12.99018193,      -12.43244158,      -16.19504712,     0.01574597947,    0.007385226113,       0.224608249,                 0,                 0,                 0,  -0.0005591311691,  -0.0004579876139,      0.2247291644,                 0,       30.41318514,    0.007482212508
          0,           0,        2192,      -11.70962513,      -11.77259263,      -12.99763281,      -12.43779526,      -16.20718245,     0.01574597947,    0.007385226036,      0.2246082495,                 0,                 0,                 0,  -0.0005591310783,  -0.0004579877083,      0.2247291649,                 0,       30.41318552,    0.007482212508
          0,           0,        2193,      -11.71071618,      -11.77794628,      -13.00487786,      -12.44308281,       -16.2194959,     0.01574597947,     0.00738522596,      0.2246082499,                 0,                 0,                 0,   -0.000559131014,  -0.0004579877953,      0.2247291653,                 0,       30.41318588,    0.007482212508
          0,           0,        2194,      -11.71180778,      -11.78329323,      -13.01199135,      -12.44826245,       -16.2319899,     0.01574597947,    0.007385225887,        0.22460825,                 0,                 0,                 0,  -0.0005591309757,  -0.0004579878749,      0.2247291654,                 0,        30.4131862,    0.007482212508
          0,           0,        2195,      -11.71289997,       -11.7886336,      -13.01882204,      -12.45339486,      -16.24466697,     0.01574597947,    0.007385225815,        0.22460825,                 0,                 0,                 0,   -0.000559130963,  -0.0004579879471,      0.2247291654,                 0,        30.4131865,    0.007482212508
          0,           0,        2196,      -11.71399283,      -11.79396676,      -13.02543157,      -12.45843651,      -16.25752983,     0.01574597947,    0.007385225745,      0.2246082499,                 0,                 0,                 0,  -0.0005591309752,  -0.0004579880123,      0.2247291653,                 0,       30.41318677,    0.007482212508
          0,           0,        2197,      -11.71508706,      -11.79928935,        -13.031922,      -12.46333526,      -16.27058133,     0.01574597947,    0.007385225676,      0.2246082496,                 0,                 0,                 0,  -0.0005591310118,  -0.0004579880703,       0.224729165,                 0,       30.41318701,    0.007482212508
          0,           0,        2198,      -11.71618191,      -11.80460252,      -13.03824095,      -12.46817499,      -16.28382449,     0.01574597947,     0.00738522561,      0.2246082492,                 0,                 0,                 0,  -0.0005591310722,  -0.0004579881215,      0.2247291646,                 0,       30.41318723,    0.007482212508
          0,           0,        2199,      -11.71727757,      -11.80990507,      -13.04416467,       -12.4729455,      -16.29726249,     0.01574597947,    0.007385225545,      0.2246082486,                 0,                 0,                 0,  -0.0005591311559,  -0.0004579881659,       0.224729164,                 0,       30.41318741,    0.007482212508
          0,           0,        2200,      -11.71837429,      -11.81519516,        -13.049979,      -12.47760678,      -16.31089871,     0.01574597947,    0.007385225482,      0.2246082479,                 0,                 0,                 0,  -0.0005591312621,  -0.0004579882037,      0.2247291633,                 0,       30.41318758,    0.007482212508
          0,           0,        2201,      -11.71947212,      -11.82047244,       -13.0554794,      -12.48221959,       -16.3247367,     0.01574597947,    0.007385225421,       0.224608247,                 0,                 0,                 0,  -0.0005591313906,   -0.000457988235,      0.2247291624,                 0,       30.41318771,    0.007482212508
          0,           0,        2202,      -11.72057133,      -11.82573409,      -13.06087463,      -12.48668921,      -16.33878019,     0.01574597947,    0.007385225362,       0.224608246,                 0,                 0,                 0,  -0.0005591315405,  -0.0004579882598,      0.2247291614,                 0,       30.41318782,    0.007482212508
          0,           0,        2203,      -11.72167117,      -11.83098073,      -13.06590546,         -12.49107,       -16.3530331,     0.01574597947,    0.007385225305,      0.2246082449,                 0,                 0,                 0,  -0.0005591317113,  -0.0004579882784,      0.2247291603,                 0,       30.41318791,    0.007482212508
          0,           0,        2204,      -11.72277228,       -11.8362108,      -13.07074792,      -12.49540861,      -16.36749956,     0.01574597947,    0.007385225249,      0.2246082437,                 0,                 0,                 0,  -0.0005591319024,  -0.0004579882908,      0.2247291591,                 0,       30.41318797,    0.007482212508
          0,           0,        2205,      -11.72387455,       -11.8414232,       -13.0753917,      -12.49963553,      -16.38218392,     0.01574597947,    0.007385225195,      0.2246082423,                 0,                 0,                 0,  -0.0005591321131,  -0.0004579882973,      0.2247291577,                 0,       30.41318801,    0.007482212508
          0,           0,        2206,      -11.72497781,      -11.84661624,      -13.07969722,      -12.50376677,      -16.39709075,     0.01574597947,    0.007385225143,      0.2246082409,                 0,                 0,                 0,  -0.0005591323429,   -0.000457988298,      0.2247291562,                 0,       30.41318802,    0.007482212508
          0,           0,        2207,      -11.72608265,      -11.85178822,      -13.08385117,      -12.50780349,      -16.41222474,     0.01574597947,    0.007385225093,      0.2246082393,                 0,                 0,                 0,  -0.0005591325913,  -0.0004579882929,      0.2247291546,                 0,       30.41318801,    0.007482212508
          0,           0,        2208,      -11.72718889,      -11.85693891,      -13.08779595,      -12.51177096,      -16.42759091,     0.01574597947,    0.007385225044,      0.2246082376,                 0,                 0,                 0,  -0.0005591328576,  -0.0004579882822,      0.2247291529,                 0,       30.41318799,    0.007482212508
          0,           0,        2209,        -11.728296,      -11.86206736,      -13.09152138,       -12.5156692,      -16.44319451,     0.01574597947,    0.007385224997,      0.2246082358,                 0,                 0,                 0,   -0.000559133141,  -0.0004579882662,      0.2247291512,                 0,       30.41318793,    0.007482212508
          0,           0,        2210,      -11.72940497,      -11.86717178,      -13.09499497,      -12.51949096,      -16.45904094,     0.01574597947,    0.007385224953,      0.2246082339,                 0,                 0,                 0,  -0.0005591334413,  -0.0004579882447,      0.2247291492,                 0,       30.41318786,    0.007482212508
          0,           0,        2211,      -11.73051515,      -11.87225086,       -13.0982928,      -12.52322028,      -16.47513593,     0.01574597947,    0.007385224909,      0.2246082319,                 0,                 0,                 0,  -0.0005591337576,  -0.0004579882181,      0.2247291473,                 0,       30.41318777,    0.007482212508
          0,           0,        2212,      -11.73162683,      -11.87730375,      -13.10140531,      -12.52685576,      -16.49148536,     0.01574597947,    0.007385224868,      0.2246082298,                 0,                 0,                 0,  -0.0005591340894,  -0.0004579881866,      0.2247291452,                 0,       30.41318766,    0.007482212508
          0,           0,        2213,      -11.73273978,      -11.88232901,      -13.10440762,      -12.53047401,      -16.50809538,     0.01574597947,    0.007385224828,      0.2246082276,                 0,                 0,                 0,  -0.0005591344361,    -0.00045798815,       0.224729143,                 0,       30.41318752,    0.007482212508
          0,           0,        2214,      -11.73385498,       -11.8873255,      -13.10713219,       -12.5339897,      -16.52497242,     0.01574597947,     0.00738522479,      0.2246082253,                 0,                 0,                 0,  -0.0005591347972,  -0.0004579881089,      0.2247291407,                 0,       30.41318737,    0.007482212508
          0,           0,        2215,      -11.73497096,      -11.89229209,      -13.10974958,      -12.53742144,      -16.54212302,     0.01574597947,    0.007385224754,       0.224608223,                 0,                 0,                 0,  -0.0005591351721,   -0.000457988063,      0.2247291384,                 0,        30.4131872,    0.007482212508
          0,           0,        2216,      -11.73608869,      -11.89722729,      -13.11218909,      -12.54081776,      -16.55955404,     0.01574597947,    0.007385224719,      0.2246082206,                 0,                 0,                 0,    -0.00055913556,  -0.0004579880127,      0.2247291359,                 0,       30.41318702,    0.007482212508
          0,           0,        2217,      -11.73720838,      -11.90213095,      -13.11450507,      -12.54415498,      -16.57727247,     0.01574597947,    0.007385224686,       0.224608218,                 0,                 0,                 0,  -0.0005591359608,   -0.000457987958,      0.2247291334,                 0,       30.41318681,    0.007482212508
          0,           0,        2218,       -11.7383297,       -11.9070021,      -13.11666824,      -12.54744753,       -16.5952855,     0.01574597947,    0.007385224655,      0.2246082155,                 0,                 0,                 0,  -0.0005591363736,  -0.0004579878991,      0.2247291308,                 0,       30.41318659,    0.007482212508
          0,           0,        2219,      -11.73945269,      -11.91183911,       -13.1186291,      -12.55063154,      -16.61360044,     0.01574597947,    0.007385224626,      0.2246082128,                 0,                 0,                 0,  -0.0005591367979,  -0.0004579878362,      0.2247291282,                 0,       30.41318636,    0.007482212508
          0,           0,        2220,      -11.74057779,       -11.9166411,      -13.12064463,       -12.5538151,      -16.63222466,     0.01574597947,    0.007385224598,      0.2246082101,                 0,                 0,                 0,  -0.0005591372333,  -0.0004579877693,      0.2247291255,                 0,        30.4131861,    0.007482212508
          0,           0,        2221,      -11.74170424,      -11.92140586,      -13.12257906,       -12.5568643,       -16.6511656,     0.01574597947,    0.007385224571,      0.2246082073,                 0,                 0,                 0,  -0.0005591376794,  -0.0004579876985,      0.2247291227,                 0,       30.41318583,    0.007482212508
          0,           0,        2222,      -11.74283238,       -11.9261352,      -13.12430095,      -12.55994018,      -16.67043056,     0.01574597947,    0.007385224546,      0.2246082045,                 0,                 0,                 0,  -0.0005591381351,  -0.0004579876243,      0.2247291198,                 0,       30.41318555,    0.007482212508
          0,           0,        2223,      -11.74396202,       -11.9308262,      -13.12598305,      -12.56296213,      -16.69002677,     0.01574597947,    0.007385224523,      0.2246082016,                 0,                 0,                 0,  -0.0005591386006,  -0.0004579875463,      0.2247291169,                 0,       30.41318526,    0.007482212508
          0,           0,        2224,      -11.74509373,      -11.93547892,      -13.12755327,      -12.56592372,       -16.7099612,     0.01574597947,    0.007385224502,      0.2246081986,                 0,                 0,                 0,  -0.0005591390751,  -0.0004579874648,       0.224729114,                 0,       30.41318494,    0.007482212508
          0,           0,        2225,      -11.74622707,      -11.94009166,      -13.12910271,      -12.56879907,      -16.73024034,     0.01574597947,    0.007385224482,      0.2246081956,                 0,                 0,                 0,   -0.000559139558,  -0.0004579873802,       0.224729111,                 0,       30.41318462,    0.007482212508
          0,           0,        2226,      -11.74736266,      -11.94466606,      -13.13056036,        -12.571717,      -16.75087009,     0.01574597947,    0.007385224463,      0.2246081926,                 0,                 0,                 0,   -0.000559140049,  -0.0004579872923,       0.224729108,                 0,       30.41318428,    0.007482212508
          0,           0,        2227,        -11.748499,      -11.94919768,      -13.13206492,      -12.57447385,      -16.77185536,     0.01574597947,    0.007385224446,      0.2246081895,                 0,                 0,                 0,  -0.0005591405475,  -0.0004579872014,      0.2247291049,                 0,       30.41318394,    0.007482212508
          0,           0,        2228,      -11.74963778,      -11.95368953,      -13.13347648,      -12.57728064,      -16.79319991,     0.01574597947,     0.00738522443,      0.2246081863,                 0,                 0,                 0,  -0.0005591410533,  -0.0004579871076,      0.2247291017,                 0,       30.41318358,    0.007482212508
          0,           0,        2229,      -11.75077797,      -11.95814007,      -13.13471417,      -12.58007618,      -16.81490585,     0.01574597947,    0.007385224416,      0.2246081832,                 0,                 0,                 0,  -0.0005591415657,  -0.0004579870109,      0.2247290985,                 0,        30.4131832,    0.007482212508
          0,           0,        2230,      -11.75192015,      -11.96254733,      -13.13611149,      -12.58275508,      -16.83697327,     0.01574597947,    0.007385224403,        0.22460818,                 0,                 0,                 0,  -0.0005591420843,  -0.0004579869115,      0.2247290953,                 0,       30.41318282,    0.007482212508
          0,           0,        2231,      -11.75306387,      -11.96691144,      -13.13742262,       -12.5854049,      -16.85939965,     0.01574597947,    0.007385224392,      0.2246081767,                 0,                 0,                 0,  -0.0005591426089,  -0.0004579868095,      0.2247290921,                 0,       30.41318243,    0.007482212508
          0,           0,        2232,      -11.75420888,      -11.97123336,      -13.13863431,      -12.58802864,      -16.88217908,     0.01574597947,    0.007385224382,      0.2246081734,                 0,                 0,                 0,  -0.0005591431387,  -0.0004579867052,      0.2247290888,                 0,       30.41318203,    0.007482212508
          0,           0,        2233,      -11.75535569,       -11.9755102,       -13.1399127,      -12.59063054,      -16.90530116,     0.01574597947,    0.007385224374,      0.2246081701,                 0,                 0,                 0,  -0.0005591436738,  -0.0004579865983,      0.2247290855,                 0,       30.41318161,    0.007482212508
          0,           0,        2234,      -11.75650442,      -11.97974488,      -13.14110131,      -12.59318747,      -16.92875028,     0.01574597947,    0.007385224366,      0.2246081668,                 0,                 0,                 0,  -0.0005591442132,  -0.0004579864894,      0.2247290822,                 0,       30.41318119,    0.007482212508
          0,           0,        2235,      -11.75765383,      -11.98393392,      -13.14239327,      -12.59572291,      -16.95250409,     0.01574597947,     0.00738522436,      0.2246081634,                 0,                 0,                 0,   -0.000559144757,  -0.0004579863782,      0.2247290788,                 0,       30.41318076,    0.007482212508
          0,           0,        2236,      -11.75880548,      -11.98808042,      -13.14356746,      -12.59826739,      -16.97653203,     0.01574597947,    0.007385224356,      0.2246081601,                 0,                 0,                 0,  -0.0005591453046,   -0.000457986265,      0.2247290755,                 0,       30.41318032,    0.007482212508
          0,           0,        2237,      -11.75995821,       -11.9921825,      -13.14478748,      -12.60076035,      -17.00079316,     0.01574597947,    0.007385224352,      0.2246081567,                 0,                 0,                 0,  -0.0005591458557,  -0.0004579861498,      0.2247290721,                 0,       30.41317988,    0.007482212508
          0,           0,        2238,      -11.76111284,       -11.9962398,      -13.14605084,      -12.60319987,      -17.02523484,     0.01574597947,     0.00738522435,      0.2246081532,                 0,                 0,                 0,  -0.0005591464099,   -0.000457986033,      0.2247290686,                 0,       30.41317943,    0.007482212508
          0,           0,        2239,      -11.76226831,      -12.00025271,      -13.14735957,      -12.60563015,      -17.04978984,     0.01574597947,    0.007385224349,      0.2246081498,                 0,                 0,                 0,  -0.0005591469668,  -0.0004579859143,      0.2247290652,                 0,       30.41317897,    0.007482212508
          0,           0,        2240,      -11.76342526,      -12.00422176,      -13.14859255,      -12.60802835,      -17.07437372,     0.01574597947,    0.007385224349,      0.2246081464,                 0,                 0,                 0,  -0.0005591475262,   -0.000457985794,      0.2247290618,                 0,        30.4131785,    0.007482212508
          0,           0,        2241,      -11.76458438,      -12.00814807,      -13.14973665,      -12.61044584,      -17.09888236,     0.01574597947,     0.00738522435,      0.2246081429,                 0,                 0,                 0,  -0.0005591480876,  -0.0004579856722,      0.2247290583,                 0,       30.41317803,    0.007482212508
          0,           0,        2242,      -11.76574394,      -12.01202811,      -13.15104057,       -12.6127898,      -17.12319002,     0.01574597947,    0.007385224353,      0.2246081395,                 0,                 0,                 0,  -0.0005591486507,   -0.000457985549,      0.2247290549,                 0,       30.41317755,    0.007482212508
          0,           0,        2243,      -11.76690517,      -12.01586567,      -13.15230811,      -12.61518624,      -17.14714643,     0.01574597947,    0.007385224356,       0.224608136,                 0,                 0,                 0,  -0.0005591492153,  -0.0004579854243,      0.2247290514,                 0,       30.41317706,    0.007482212508
          0,           0,        2244,      -11.76806743,      -12.01966095,      -13.15363615,      -12.61751641,      -17.17057704,     0.01574597947,    0.007385224361,      0.2246081325,                 0,                 0,                 0,  -0.0005591497808,  -0.0004579852986,      0.2247290479,                 0,       30.41317657,    0.007482212508
          0,           0,        2245,      -11.76923049,      -12.02341273,       -13.1550244,      -12.61985741,      -17.19328217,     0.01574597947,    0.007385224366,       0.224608129,                 0,                 0,                 0,  -0.0005591503473,  -0.0004579851716,      0.2247290445,                 0,       30.41317608,    0.007482212508
          0,           0,        2246,      -11.77039506,      -12.02712027,      -13.15634603,      -12.62213351,      -17.21504192,     0.01574597947,    0.007385224373,      0.2246081256,                 0,                 0,                 0,  -0.0005591509141,  -0.0004579850435,       0.224729041,                 0,       30.41317558,    0.007482212508
          0,           0,        2247,      -11.77156111,      -12.03078744,      -13.15770584,      -12.62441722,      -17.23562101,     0.01574597947,    0.007385224381,      0.2246081221,                 0,                 0,                 0,  -0.0005591514812,  -0.0004579849145,      0.2247290375,                 0,       30.41317508,    0.007482212508
          0,           0,        2248,      -11.77272767,      -12.03441182,      -13.15915166,      -12.62671309,      -17.25477848,     0.01574597947,     0.00738522439,      0.2246081186,                 0,                 0,                 0,  -0.0005591520482,  -0.0004579847845,       0.224729034,                 0,       30.41317457,    0.007482212508
          0,           0,        2249,      -11.77389588,       -12.0379958,       -13.1605674,      -12.62901486,      -17.27228175,     0.01574597947,    0.007385224399,      0.2246081151,                 0,                 0,                 0,  -0.0005591526149,  -0.0004579846537,      0.2247290306,                 0,       30.41317406,    0.007482212508
          0,           0,        2250,      -11.77506465,       -12.0415387,      -13.16199235,      -12.63120767,      -17.28792048,     0.01574597947,     0.00738522441,      0.2246081117,                 0,                 0,                 0,   -0.000559153181,  -0.0004579845222,      0.2247290271,                 0,       30.41317355,    0.007482212508
          0,           0,        2251,      -11.77623439,      -12.04504243,      -13.16350889,      -12.63352667,      -17.30152418,     0.01574597947,    0.007385224421,      0.2246081082,                 0,                 0,                 0,  -0.0005591537461,    -0.00045798439,      0.2247290236,                 0,       30.41317303,    0.007482212508
          0,           0,        2252,      -11.77740573,      -12.04850582,      -13.16498364,       -12.6357232,      -17.31297836,     0.01574597947,    0.007385224434,      0.2246081048,                 0,                 0,                 0,  -0.0005591543101,  -0.0004579842572,      0.2247290202,                 0,       30.41317252,    0.007482212508
          0,           0,        2253,      -11.77857748,      -12.05193073,      -13.16650016,      -12.63794207,      -17.32223447,     0.01574597947,    0.007385224447,      0.2246081013,                 0,                 0,                 0,  -0.0005591548729,  -0.0004579841239,      0.2247290168,                 0,         30.413172,    0.007482212508
          0,           0,        2254,      -11.77975023,      -12.05531821,      -13.16811595,      -12.64019125,      -17.32931529,     0.01574597947,    0.007385224461,      0.2246080979,                 0,                 0,                 0,  -0.0005591554339,  -0.0004579839902,      0.2247290133,                 0,       30.41317147,    0.007482212508
          0,           0,        2255,      -11.78092362,      -12.05866666,      -13.16970917,      -12.64240867,      -17.33431078,     0.01574597947,    0.007385224476,      0.2246080945,                 0,                 0,                 0,  -0.0005591559933,   -0.000457983856,      0.2247290099,                 0,       30.41317095,    0.007482212508
          0,           0,        2256,      -11.78209838,      -12.06198034,      -13.17134967,      -12.64464742,      -17.33737285,     0.01574597947,    0.007385224492,      0.2246080911,                 0,                 0,                 0,  -0.0005591565504,  -0.0004579837215,      0.2247290065,                 0,       30.41317042,    0.007482212508
          0,           0,        2257,      -11.78327338,      -12.06525763,      -13.17302482,       -12.6468379,      -17.33869978,     0.01574597947,    0.007385224508,      0.2246080877,                 0,                 0,                 0,  -0.0005591571054,  -0.0004579835868,      0.2247290031,                 0,        30.4131699,    0.007482212508
          0,           0,        2258,      -11.78444987,      -12.06849875,      -13.17470602,      -12.64901522,      -17.33851811,     0.01574597947,    0.007385224526,      0.2246080843,                 0,                 0,                 0,   -0.000559157658,  -0.0004579834519,      0.2247289998,                 0,       30.41316937,    0.007482212508
          0,           0,        2259,      -11.78562684,      -12.07170426,      -13.17647526,      -12.65119107,      -17.33706868,     0.01574597947,    0.007385224544,       0.224608081,                 0,                 0,                 0,  -0.0005591582079,  -0.0004579833168,      0.2247289964,                 0,       30.41316884,    0.007482212508
          0,           0,        2260,      -11.78680461,      -12.07487897,      -13.17813957,      -12.65342666,       -17.3345915,     0.01574597947,    0.007385224562,      0.2246080776,                 0,                 0,                 0,  -0.0005591587551,  -0.0004579831817,      0.2247289931,                 0,       30.41316831,    0.007482212508
          0,           0,        2261,      -11.78798336,       -12.0780195,      -13.18002977,      -12.65561869,       -17.3313144,     0.01574597947,    0.007385224582,      0.2246080743,                 0,                 0,                 0,  -0.0005591592992,  -0.0004579830466,      0.2247289898,                 0,       30.41316778,    0.007482212508
          0,           0,        2262,      -11.78916277,      -12.08112902,      -13.18179206,      -12.65783888,      -17.32744684,     0.01574597947,    0.007385224602,       0.224608071,                 0,                 0,                 0,  -0.0005591598402,  -0.0004579829115,      0.2247289865,                 0,       30.41316725,    0.007482212508
          0,           0,        2263,      -11.79034245,      -12.08420627,      -13.18370046,      -12.65996507,      -17.32317328,     0.01574597947,    0.007385224623,      0.2246080678,                 0,                 0,                 0,  -0.0005591603779,  -0.0004579827764,      0.2247289832,                 0,       30.41316672,    0.007482212508
          0,           0,        2264,      -11.79152347,      -12.08725346,      -13.18562728,      -12.66219694,      -17.31865611,     0.01574597947,    0.007385224644,      0.2246080645,                 0,                 0,                 0,  -0.0005591609122,  -0.0004579826415,        0.22472898,                 0,        30.4131662,    0.007482212508
          0,           0,        2265,      -11.79270562,      -12.09027159,      -13.18759549,      -12.66436164,      -17.31403179,     0.01574597947,    0.007385224666,      0.2246080613,                 0,                 0,                 0,  -0.0005591614429,  -0.0004579825069,      0.2247289767,                 0,       30.41316567,    0.007482212508
          0,           0,        2266,      -11.79388774,       -12.0932597,      -13.18953585,      -12.66652507,      -17.30941284,     0.01574597947,    0.007385224689,      0.2246080581,                 0,                 0,                 0,  -0.0005591619698,  -0.0004579823723,      0.2247289735,                 0,       30.41316514,    0.007482212508
          0,           0,        2267,      -11.79507094,      -12.09622108,      -13.19160286,       -12.6686631,      -17.30489357,     0.01574597947,    0.007385224712,      0.2246080549,                 0,                 0,                 0,   -0.000559162493,  -0.0004579822381,      0.2247289704,                 0,       30.41316461,    0.007482212508
          0,           0,        2268,      -11.79625487,      -12.09915461,      -13.19359919,      -12.67080238,      -17.30054843,     0.01574597947,    0.007385224736,      0.2246080517,                 0,                 0,                 0,  -0.0005591630121,  -0.0004579821042,      0.2247289672,                 0,       30.41316409,    0.007482212508
          0,           0,        2269,      -11.79743957,      -12.10206321,       -13.1956756,      -12.67301728,      -17.29643743,     0.01574597947,    0.007385224761,      0.2246080486,                 0,                 0,                 0,  -0.0005591635272,  -0.0004579819707,      0.2247289641,                 0,       30.41316357,    0.007482212508
          0,           0,        2270,      -11.79862424,      -12.10494634,      -13.19776363,      -12.67523066,      -17.29260813,     0.01574597947,    0.007385224786,      0.2246080455,                 0,                 0,                 0,   -0.000559164038,  -0.0004579818376,       0.224728961,                 0,       30.41316304,    0.007482212508
          0,           0,        2271,      -11.79981024,      -12.10780433,      -13.19987168,      -12.67741125,      -17.28909533,     0.01574597947,    0.007385224811,      0.2246080424,                 0,                 0,                 0,  -0.0005591645447,  -0.0004579817049,      0.2247289579,                 0,       30.41316252,    0.007482212508
          0,           0,        2272,      -11.80099635,      -12.11063816,      -13.20221032,      -12.67953728,      -17.28592652,     0.01574597947,    0.007385224837,      0.2246080394,                 0,                 0,                 0,  -0.0005591650468,  -0.0004579815726,      0.2247289549,                 0,         30.413162,    0.007482212508
          0,           0,        2273,      -11.80218383,       -12.1134494,      -13.20431106,      -12.68167535,      -17.28312136,     0.01574597947,    0.007385224864,      0.2246080364,                 0,                 0,                 0,  -0.0005591655446,  -0.0004579814409,      0.2247289519,                 0,       30.41316149,    0.007482212508
          0,           0,        2274,      -11.80337106,      -12.11623763,      -13.20646555,      -12.68382388,      -17.28069404,     0.01574597947,    0.007385224891,      0.2246080334,                 0,                 0,                 0,  -0.0005591660376,  -0.0004579813097,      0.2247289489,                 0,       30.41316097,    0.007482212508
          0,           0,        2275,      -11.80455962,      -12.11900741,       -13.2087798,      -12.68602361,      -17.27865468,     0.01574597947,    0.007385224918,      0.2246080304,                 0,                 0,                 0,  -0.0005591665261,  -0.0004579811791,      0.2247289459,                 0,       30.41316046,    0.007482212508
          0,           0,        2276,      -11.80574826,      -12.12175152,      -13.21108905,      -12.68812722,      -17.27700862,     0.01574597947,    0.007385224946,      0.2246080275,                 0,                 0,                 0,  -0.0005591670098,  -0.0004579810491,       0.224728943,                 0,       30.41315995,    0.007482212508
          0,           0,        2277,      -11.80693782,      -12.12447815,      -13.21344599,       -12.6902672,      -17.27575922,     0.01574597947,    0.007385224974,      0.2246080246,                 0,                 0,                 0,  -0.0005591674888,  -0.0004579809197,      0.2247289401,                 0,       30.41315944,    0.007482212508
          0,           0,        2278,       -11.8081279,      -12.12718695,       -13.2157057,      -12.69246932,      -17.27490648,     0.01574597947,    0.007385225003,      0.2246080218,                 0,                 0,                 0,  -0.0005591679628,   -0.000457980791,      0.2247289373,                 0,       30.41315893,    0.007482212508
          0,           0,        2279,      -11.80931836,      -12.12987451,      -13.21820896,      -12.69457155,      -17.27444994,     0.01574597947,    0.007385225032,      0.2246080189,                 0,                 0,                 0,  -0.0005591684319,  -0.0004579806629,      0.2247289344,                 0,       30.41315843,    0.007482212508
          0,           0,        2280,      -11.81050948,      -12.13254505,       -13.2204866,      -12.69668021,       -17.2743874,     0.01574597947,    0.007385225062,      0.2246080161,                 0,                 0,                 0,  -0.0005591688961,  -0.0004579805356,      0.2247289316,                 0,       30.41315793,    0.007482212508
          0,           0,        2281,      -11.81170176,       -12.1352004,      -13.22301524,      -12.69888524,      -17.27471576,     0.01574597947,    0.007385225092,      0.2246080133,                 0,                 0,                 0,  -0.0005591693552,   -0.000457980409,      0.2247289289,                 0,       30.41315743,    0.007482212508
          0,           0,        2282,      -11.81289359,       -12.1378374,      -13.22546156,      -12.70098479,      -17.27543087,     0.01574597947,    0.007385225122,      0.2246080106,                 0,                 0,                 0,  -0.0005591698092,  -0.0004579802832,      0.2247289261,                 0,       30.41315693,    0.007482212508
          0,           0,        2283,      -11.81408665,      -12.14045694,      -13.22796063,      -12.70306301,      -17.27652903,     0.01574597947,    0.007385225153,      0.2246080079,                 0,                 0,                 0,   -0.000559170258,  -0.0004579801581,      0.2247289234,                 0,       30.41315644,    0.007482212508
          0,           0,        2284,      -11.81527993,      -12.14306239,      -13.23035233,      -12.70519078,      -17.27800593,     0.01574597947,    0.007385225184,      0.2246080052,                 0,                 0,                 0,  -0.0005591707017,  -0.0004579800339,      0.2247289207,                 0,       30.41315595,    0.007482212508
          0,           0,        2285,      -11.81647382,      -12.14565387,      -13.23291674,      -12.70735457,      -17.27985614,     0.01574597947,    0.007385225215,      0.2246080026,                 0,                 0,                 0,  -0.0005591711402,  -0.0004579799103,      0.2247289181,                 0,       30.41315546,    0.007482212508
          0,           0,        2286,      -11.81766863,      -12.14822991,      -13.23546166,      -12.70944688,      -17.28207596,     0.01574597947,    0.007385225247,          0.224608,                 0,                 0,                 0,  -0.0005591715734,  -0.0004579797878,      0.2247289155,                 0,       30.41315498,    0.007482212508
          0,           0,        2287,      -11.81886392,      -12.15079415,      -13.23813604,      -12.71163726,      -17.28466039,     0.01574597947,    0.007385225278,      0.2246079974,                 0,                 0,                 0,  -0.0005591720014,   -0.000457979666,      0.2247289129,                 0,        30.4131545,    0.007482212508
          0,           0,        2288,      -11.82005964,      -12.15334109,      -13.24066601,      -12.71370531,      -17.28760505,     0.01574597947,    0.007385225311,      0.2246079949,                 0,                 0,                 0,  -0.0005591724241,  -0.0004579795451,      0.2247289104,                 0,       30.41315402,    0.007482212508
          0,           0,        2289,      -11.82125548,      -12.15587723,      -13.24338974,      -12.71575774,      -17.29090634,     0.01574597947,    0.007385225343,      0.2246079924,                 0,                 0,                 0,  -0.0005591728414,  -0.0004579794251,      0.2247289079,                 0,       30.41315355,    0.007482212508
          0,           0,        2290,      -11.82245212,      -12.15840237,      -13.24593404,      -12.71787165,      -17.29456006,     0.01574597947,    0.007385225376,      0.2246079899,                 0,                 0,                 0,  -0.0005591732535,  -0.0004579793059,      0.2247289054,                 0,       30.41315308,    0.007482212508
          0,           0,        2291,      -11.82364907,      -12.16091439,      -13.24848444,      -12.71994991,      -17.29856267,     0.01574597947,    0.007385225409,      0.2246079874,                 0,                 0,                 0,  -0.0005591736602,  -0.0004579791877,       0.224728903,                 0,       30.41315261,    0.007482212508
          0,           0,        2292,      -11.82484664,      -12.16341739,      -13.25114661,      -12.72205503,      -17.30291148,     0.01574597947,    0.007385225442,       0.224607985,                 0,                 0,                 0,  -0.0005591740615,  -0.0004579790704,      0.2247289006,                 0,       30.41315215,    0.007482212508
          0,           0,        2293,      -11.82604453,      -12.16590608,      -13.25389893,      -12.72411261,      -17.30760293,     0.01574597947,    0.007385225476,      0.2246079827,                 0,                 0,                 0,  -0.0005591744574,  -0.0004579789541,      0.2247288982,                 0,       30.41315169,    0.007482212508
          0,           0,        2294,      -11.82724284,      -12.16838383,      -13.25663886,      -12.72613456,      -17.31263498,     0.01574597947,     0.00738522551,      0.2246079803,                 0,                 0,                 0,  -0.0005591748479,  -0.0004579788387,      0.2247288959,                 0,       30.41315123,    0.007482212508
          0,           0,        2295,       -11.8284418,      -12.17085628,      -13.25921613,      -12.72831112,      -17.31800487,     0.01574597947,    0.007385225544,       0.224607978,                 0,                 0,                 0,  -0.0005591752331,  -0.0004579787242,      0.2247288936,                 0,       30.41315078,    0.007482212508
          0,           0,        2296,      -11.82964103,      -12.17331649,       -13.2620972,      -12.73033024,      -17.32371089,     0.01574597947,    0.007385225578,      0.2246079757,                 0,                 0,                 0,  -0.0005591756128,  -0.0004579786107,      0.2247288913,                 0,       30.41315033,    0.007482212508
          0,           0,        2297,      -11.83084126,      -12.17576828,      -13.26481178,      -12.73241752,      -17.32975218,     0.01574597947,    0.007385225612,      0.2246079735,                 0,                 0,                 0,  -0.0005591759871,  -0.0004579784982,      0.2247288891,                 0,       30.41314989,    0.007482212508
          0,           0,        2298,      -11.83204121,      -12.17821273,      -13.26750263,      -12.73448068,      -17.33612681,     0.01574597947,    0.007385225647,      0.2246079713,                 0,                 0,                 0,  -0.0005591763562,  -0.0004579783866,      0.2247288868,                 0,       30.41314945,    0.007482212508
          0,           0,        2299,      -11.83324243,      -12.18064549,      -13.27033356,      -12.73649223,      -17.34283457,     0.01574597947,    0.007385225682,      0.2246079691,                 0,                 0,                 0,  -0.0005591767197,   -0.000457978276,      0.2247288847,                 0,       30.41314901,    0.007482212508
          0,           0,        2300,      -11.83444344,      -12.18306909,      -13.27322582,      -12.73847373,      -17.34987488,     0.01574597947,    0.007385225717,       0.224607967,                 0,                 0,                 0,   -0.000559177078,  -0.0004579781664,      0.2247288825,                 0,       30.41314858,    0.007482212508
          0,           0,        2301,      -11.83564535,      -12.18548726,      -13.27585349,      -12.74054421,      -17.35724702,     0.01574597947,    0.007385225752,      0.2246079649,                 0,                 0,                 0,  -0.0005591774309,  -0.0004579780578,      0.2247288804,                 0,       30.41314815,    0.007482212508
          0,           0,        2302,      -11.83684731,      -12.18789638,      -13.27868663,      -12.74258104,      -17.36495164,     0.01574597947,    0.007385225787,      0.2246079628,                 0,                 0,                 0,  -0.0005591777783,  -0.0004579779502,      0.2247288784,                 0,       30.41314772,    0.007482212508
          0,           0,        2303,      -11.83805016,      -12.19029925,      -13.28157152,      -12.74463415,      -17.37298903,     0.01574597947,    0.007385225823,      0.2246079608,                 0,                 0,                 0,  -0.0005591781206,  -0.0004579778436,      0.2247288763,                 0,        30.4131473,    0.007482212508
          0,           0,        2304,      -11.83925261,      -12.19269344,      -13.28433185,      -12.74657937,      -17.38136016,     0.01574597947,    0.007385225859,      0.2246079588,                 0,                 0,                 0,  -0.0005591784575,   -0.000457977738,      0.2247288743,                 0,       30.41314688,    0.007482212508
          0,           0,        2305,      -11.84045576,      -12.19508001,      -13.28719946,      -12.74857719,       -17.3900662,     0.01574597947,    0.007385225894,      0.2246079568,                 0,                 0,                 0,   -0.000559178789,  -0.0004579776334,      0.2247288724,                 0,       30.41314646,    0.007482212508
          0,           0,        2306,       -11.8416593,      -12.19746083,      -13.29008196,      -12.75058912,      -17.39910796,     0.01574597947,     0.00738522593,      0.2246079549,                 0,                 0,                 0,  -0.0005591791154,  -0.0004579775298,      0.2247288704,                 0,       30.41314605,    0.007482212508
          0,           0,        2307,      -11.84286383,      -12.19983958,      -13.29282162,      -12.75265771,        -17.408487,     0.01574597947,    0.007385225966,       0.224607953,                 0,                 0,                 0,  -0.0005591794364,  -0.0004579774272,      0.2247288685,                 0,       30.41314565,    0.007482212508
          0,           0,        2308,       -11.8440689,      -12.20220592,      -13.29567387,      -12.75462723,      -17.41820477,     0.01574597947,    0.007385226002,      0.2246079511,                 0,                 0,                 0,  -0.0005591797525,  -0.0004579773256,      0.2247288667,                 0,       30.41314524,    0.007482212508
          0,           0,        2309,      -11.84527388,      -12.20456845,      -13.29851576,      -12.75654742,      -17.42826271,     0.01574597947,    0.007385226039,      0.2246079492,                 0,                 0,                 0,  -0.0005591800631,   -0.000457977225,      0.2247288648,                 0,       30.41314485,    0.007482212508
          0,           0,        2310,      -11.84647966,      -12.20692543,      -13.30150667,      -12.75851315,      -17.43866266,     0.01574597947,    0.007385226075,      0.2246079474,                 0,                 0,                 0,  -0.0005591803687,  -0.0004579771254,       0.224728863,                 0,       30.41314445,    0.007482212508
          0,           0,        2311,       -11.8476856,       -12.2092757,      -13.30427171,      -12.76047659,      -17.44940602,     0.01574597947,    0.007385226112,      0.2246079456,                 0,                 0,                 0,  -0.0005591806693,  -0.0004579770268,      0.2247288612,                 0,       30.41314406,    0.007482212508
          0,           0,        2312,       -11.8488921,      -12.21162048,      -13.30730074,      -12.76246469,      -17.46049334,     0.01574597947,    0.007385226148,      0.2246079439,                 0,                 0,                 0,  -0.0005591809646,  -0.0004579769292,      0.2247288595,                 0,       30.41314367,    0.007482212508
          0,           0,        2313,      -11.85009913,      -12.21396102,      -13.31015366,      -12.76440706,      -17.47192548,     0.01574597947,    0.007385226185,      0.2246079422,                 0,                 0,                 0,   -0.000559181255,  -0.0004579768326,      0.2247288578,                 0,       30.41314329,    0.007482212508
          0,           0,        2314,      -11.85130629,      -12.21629605,      -13.31281253,      -12.76629083,      -17.48370359,     0.01574597947,    0.007385226222,      0.2246079405,                 0,                 0,                 0,  -0.0005591815404,   -0.000457976737,      0.2247288561,                 0,       30.41314291,    0.007482212508
          0,           0,        2315,      -11.85251378,      -12.21862603,      -13.31582651,      -12.76828623,      -17.49582591,     0.01574597947,    0.007385226259,      0.2246079388,                 0,                 0,                 0,  -0.0005591818208,  -0.0004579766424,      0.2247288544,                 0,       30.41314253,    0.007482212508
          0,           0,        2316,      -11.85372181,      -12.22095039,      -13.31869649,      -12.77018824,      -17.50829201,     0.01574597947,    0.007385226296,      0.2246079372,                 0,                 0,                 0,  -0.0005591820963,  -0.0004579765488,      0.2247288528,                 0,       30.41314216,    0.007482212508
          0,           0,        2317,      -11.85493039,      -12.22326814,      -13.32173277,       -12.7720765,      -17.52109838,     0.01574597947,    0.007385226333,      0.2246079356,                 0,                 0,                 0,   -0.000559182367,  -0.0004579764561,      0.2247288512,                 0,       30.41314179,    0.007482212508
          0,           0,        2318,      -11.85613952,      -12.22558403,       -13.3244726,      -12.77395173,      -17.53424124,     0.01574597947,     0.00738522637,      0.2246079341,                 0,                 0,                 0,  -0.0005591826328,  -0.0004579763644,      0.2247288497,                 0,       30.41314143,    0.007482212508
          0,           0,        2319,      -11.85734895,      -12.22789407,      -13.32758844,      -12.77590538,      -17.54771437,     0.01574597947,    0.007385226407,      0.2246079325,                 0,                 0,                 0,  -0.0005591828938,  -0.0004579762736,      0.2247288481,                 0,       30.41314107,    0.007482212508
          0,           0,        2320,      -11.85855921,      -12.23020254,       -13.3303546,      -12.77782124,      -17.56150852,     0.01574597947,    0.007385226445,       0.224607931,                 0,                 0,                 0,  -0.0005591831502,  -0.0004579761838,      0.2247288466,                 0,       30.41314071,    0.007482212508
          0,           0,        2321,      -11.85976911,       -12.2325004,      -13.33313721,      -12.77960219,      -17.57561172,     0.01574597947,    0.007385226482,      0.2246079295,                 0,                 0,                 0,  -0.0005591834019,   -0.000457976095,      0.2247288451,                 0,       30.41314035,    0.007482212508
          0,           0,        2322,      -11.86098036,      -12.23479717,      -13.33611827,      -12.78152284,       -17.5900075,     0.01574597947,    0.007385226519,      0.2246079281,                 0,                 0,                 0,  -0.0005591836489,  -0.0004579760072,      0.2247288437,                 0,          30.41314,    0.007482212508
          0,           0,        2323,      -11.86219133,      -12.23708901,      -13.33887928,      -12.78331717,      -17.60467481,     0.01574597947,    0.007385226557,      0.2246079267,                 0,                 0,                 0,  -0.0005591838913,  -0.0004579759203,      0.2247288423,                 0,       30.41313966,    0.007482212508
          0,           0,        2324,      -11.86340284,       -12.2393759,      -13.34178038,      -12.78520227,       -17.6195872,     0.01574597947,    0.007385226594,      0.2246079253,                 0,                 0,                 0,  -0.0005591841292,  -0.0004579758342,      0.2247288409,                 0,       30.41313932,    0.007482212508
          0,           0,        2325,      -11.86461465,       -12.2416572,      -13.34485207,      -12.78704577,      -17.63471117,     0.01574597947,    0.007385226632,      0.2246079239,                 0,                 0,                 0,  -0.0005591843626,  -0.0004579757491,      0.2247288395,                 0,       30.41313898,    0.007482212508
          0,           0,        2326,       -11.8658274,      -12.24393674,      -13.34755315,      -12.78883139,      -17.65000544,     0.01574597947,    0.007385226669,      0.2246079226,                 0,                 0,                 0,  -0.0005591845916,   -0.000457975665,      0.2247288382,                 0,       30.41313864,    0.007482212508
          0,           0,        2327,      -11.86704038,      -12.24621247,       -13.3504234,      -12.79071804,      -17.66541762,     0.01574597947,    0.007385226707,      0.2246079213,                 0,                 0,                 0,  -0.0005591848162,  -0.0004579755817,      0.2247288369,                 0,       30.41313831,    0.007482212508
          0,           0,        2328,      -11.86825364,      -12.24848324,      -13.35327853,      -12.79256251,      -17.68088512,     0.01574597947,    0.007385226744,        0.22460792,                 0,                 0,                 0,  -0.0005591850364,  -0.0004579754994,      0.2247288356,                 0,       30.41313798,    0.007482212508
          0,           0,        2329,       -11.8694677,      -12.25074948,      -13.35632159,      -12.79433975,      -17.69633281,     0.01574597947,    0.007385226782,      0.2246079187,                 0,                 0,                 0,  -0.0005591852524,  -0.0004579754179,      0.2247288344,                 0,       30.41313766,    0.007482212508
          0,           0,        2330,      -11.87068167,      -12.25301371,      -13.35909571,      -12.79613498,      -17.71167049,     0.01574597947,     0.00738522682,      0.2246079175,                 0,                 0,                 0,  -0.0005591854642,  -0.0004579753373,      0.2247288331,                 0,       30.41313733,    0.007482212508
          0,           0,        2331,      -11.87189603,      -12.25526901,      -13.36179875,      -12.79788957,      -17.72679326,     0.01574597947,    0.007385226857,      0.2246079163,                 0,                 0,                 0,  -0.0005591856717,  -0.0004579752576,      0.2247288319,                 0,       30.41313702,    0.007482212508
          0,           0,        2332,      -11.87311128,      -12.25752351,      -13.36481637,      -12.79962758,      -17.74157896,     0.01574597947,    0.007385226895,      0.2246079151,                 0,                 0,                 0,  -0.0005591858753,  -0.0004579751788,      0.2247288307,                 0,        30.4131367,    0.007482212508
          0,           0,        2333,      -11.87432653,       -12.2597733,      -13.36761174,       -12.8013959,      -17.75588904,     0.01574597947,    0.007385226933,       0.224607914,                 0,                 0,                 0,  -0.0005591860747,  -0.0004579751008,      0.2247288296,                 0,       30.41313639,    0.007482212508
          0,           0,        2334,      -11.87554266,      -12.26202443,       -13.3704443,      -12.80327305,      -17.76956793,     0.01574597947,     0.00738522697,      0.2246079128,                 0,                 0,                 0,  -0.0005591862701,  -0.0004579750236,      0.2247288285,                 0,       30.41313608,    0.007482212508
          0,           0,        2335,      -11.87675871,      -12.26426709,      -13.37329371,      -12.80498184,      -17.78244827,     0.01574597947,    0.007385227008,      0.2246079117,                 0,                 0,                 0,  -0.0005591864614,  -0.0004579749474,      0.2247288274,                 0,       30.41313578,    0.007482212508
          0,           0,        2336,      -11.87797474,      -12.26650784,      -13.37591003,      -12.80670851,      -17.79435077,     0.01574597947,    0.007385227046,      0.2246079106,                 0,                 0,                 0,  -0.0005591866491,  -0.0004579748719,      0.2247288263,                 0,       30.41313547,    0.007482212508
          0,           0,        2337,      -11.87919185,      -12.26874401,      -13.37876405,      -12.80848403,      -17.80509476,     0.01574597947,    0.007385227084,      0.2246079096,                 0,                 0,                 0,  -0.0005591868327,  -0.0004579747972,      0.2247288252,                 0,       30.41313517,    0.007482212508
          0,           0,        2338,      -11.88040937,      -12.27097499,      -13.38169611,      -12.81016638,      -17.81450371,     0.01574597947,    0.007385227121,      0.2246079086,                 0,                 0,                 0,  -0.0005591870125,  -0.0004579747234,      0.2247288242,                 0,       30.41313488,    0.007482212508
          0,           0,        2339,      -11.88162725,      -12.27320359,      -13.38442518,      -12.81186405,      -17.82241358,     0.01574597947,    0.007385227159,      0.2246079075,                 0,                 0,                 0,  -0.0005591871887,  -0.0004579746502,      0.2247288232,                 0,       30.41313459,    0.007482212508
          0,           0,        2340,      -11.88284586,      -12.27542836,      -13.38717387,      -12.81358904,      -17.82868638,     0.01574597947,    0.007385227197,      0.2246079066,                 0,                 0,                 0,  -0.0005591873611,   -0.000457974578,      0.2247288222,                 0,        30.4131343,    0.007482212508
          0,           0,        2341,      -11.88406454,      -12.27764819,      -13.38988225,      -12.81535149,      -17.83321714,     0.01574597947,    0.007385227235,      0.2246079056,                 0,                 0,                 0,  -0.0005591875299,  -0.0004579745065,      0.2247288212,                 0,       30.41313401,    0.007482212508
          0,           0,        2342,      -11.88528341,      -12.27986364,      -13.39272239,      -12.81703241,      -17.83594323,     0.01574597947,    0.007385227273,      0.2246079046,                 0,                 0,                 0,  -0.0005591876951,  -0.0004579744358,      0.2247288203,                 0,       30.41313373,    0.007482212508
          0,           0,        2343,      -11.88650327,       -12.2820781,      -13.39560639,      -12.81874127,      -17.83684849,     0.01574597947,     0.00738522731,      0.2246079037,                 0,                 0,                 0,  -0.0005591878567,  -0.0004579743659,      0.2247288194,                 0,       30.41313345,    0.007482212508
          0,           0,        2344,       -11.8877228,      -12.28428665,      -13.39828375,      -12.82040639,      -17.83596489,     0.01574597947,    0.007385227348,      0.2246079028,                 0,                 0,                 0,   -0.000559188015,  -0.0004579742966,      0.2247288185,                 0,       30.41313317,    0.007482212508
          0,           0,        2345,      -11.88894297,       -12.2864941,      -13.40092524,      -12.82213622,       -17.8333715,     0.01574597947,    0.007385227386,      0.2246079019,                 0,                 0,                 0,  -0.0005591881696,  -0.0004579742282,      0.2247288176,                 0,       30.41313289,    0.007482212508
          0,           0,        2346,      -11.89016377,      -12.28869995,      -13.40357685,      -12.82382987,      -17.82918409,     0.01574597947,    0.007385227424,      0.2246079011,                 0,                 0,                 0,   -0.000559188321,  -0.0004579741604,      0.2247288167,                 0,       30.41313262,    0.007482212508
          0,           0,        2347,       -11.8913848,      -12.29089745,      -13.40646222,      -12.82541128,      -17.82355165,     0.01574597947,    0.007385227462,      0.2246079002,                 0,                 0,                 0,  -0.0005591884691,  -0.0004579740935,      0.2247288159,                 0,       30.41313235,    0.007482212508
          0,           0,        2348,      -11.89260615,      -12.29309244,      -13.40910474,      -12.82708759,      -17.81663894,     0.01574597947,    0.007385227499,      0.2246078994,                 0,                 0,                 0,  -0.0005591886138,   -0.000457974027,      0.2247288151,                 0,       30.41313209,    0.007482212508
          0,           0,        2349,      -11.89382861,      -12.29528307,      -13.41156755,      -12.82873301,      -17.80862634,     0.01574597947,    0.007385227537,      0.2246078986,                 0,                 0,                 0,  -0.0005591887552,  -0.0004579739616,      0.2247288143,                 0,       30.41313182,    0.007482212508
          0,           0,        2350,       -11.8950504,       -12.2974726,      -13.41445399,       -12.8303769,      -17.79969035,     0.01574597947,    0.007385227575,      0.2246078978,                 0,                 0,                 0,  -0.0005591888937,  -0.0004579738965,      0.2247288135,                 0,       30.41313156,    0.007482212508
          0,           0,        2351,      -11.89627278,      -12.29965956,      -13.41733767,      -12.83198486,      -17.79000349,     0.01574597947,    0.007385227613,      0.2246078971,                 0,                 0,                 0,  -0.0005591890287,  -0.0004579738323,      0.2247288128,                 0,        30.4131313,    0.007482212508
          0,           0,        2352,      -11.89749574,      -12.30183973,      -13.41961435,      -12.83359059,      -17.77972623,     0.01574597947,     0.00738522765,      0.2246078963,                 0,                 0,                 0,   -0.000559189161,  -0.0004579737688,       0.224728812,                 0,       30.41313105,    0.007482212508
          0,           0,        2353,      -11.89871865,      -12.30401843,       -13.4223117,       -12.8351728,      -17.76900527,     0.01574597947,    0.007385227688,      0.2246078956,                 0,                 0,                 0,  -0.0005591892901,  -0.0004579737058,      0.2247288113,                 0,       30.41313079,    0.007482212508
          0,           0,        2354,      -11.89994287,      -12.30619309,      -13.42499625,      -12.83685213,      -17.75796987,     0.01574597947,    0.007385227726,      0.2246078949,                 0,                 0,                 0,  -0.0005591894161,  -0.0004579736436,      0.2247288106,                 0,       30.41313054,    0.007482212508
          0,           0,        2355,       -11.9011666,      -12.30836591,      -13.42754752,      -12.83844955,      -17.74673283,     0.01574597947,    0.007385227763,      0.2246078942,                 0,                 0,                 0,  -0.0005591895394,  -0.0004579735819,      0.2247288099,                 0,        30.4131303,    0.007482212508
          0,           0,        2356,       -11.9023911,      -12.31053585,      -13.43018372,      -12.84008163,      -17.73539093,     0.01574597947,    0.007385227801,      0.2246078936,                 0,                 0,                 0,  -0.0005591896596,   -0.000457973521,      0.2247288092,                 0,       30.41313005,    0.007482212508
          0,           0,        2357,      -11.90361569,      -12.31269953,      -13.43269399,      -12.84166016,      -17.72402492,     0.01574597947,    0.007385227839,      0.2246078929,                 0,                 0,                 0,  -0.0005591897771,  -0.0004579734606,      0.2247288086,                 0,       30.41312981,    0.007482212508
          0,           0,        2358,      -11.90484036,      -12.31485961,      -13.43534054,      -12.84318128,       -17.7127029,     0.01574597947,    0.007385227876,      0.2246078923,                 0,                 0,                 0,  -0.0005591898917,  -0.0004579734009,      0.2247288079,                 0,       30.41312957,    0.007482212508
          0,           0,        2359,      -11.90606566,       -12.3170162,      -13.43791353,      -12.84472977,      -17.70147987,     0.01574597947,    0.007385227914,      0.2246078917,                 0,                 0,                 0,  -0.0005591900036,  -0.0004579733417,      0.2247288073,                 0,       30.41312933,    0.007482212508
          0,           0,        2360,      -11.90729117,      -12.31917267,      -13.44033243,      -12.84633682,      -17.69040058,     0.01574597947,    0.007385227951,      0.2246078911,                 0,                 0,                 0,  -0.0005591901128,  -0.0004579732832,      0.2247288067,                 0,       30.41312909,    0.007482212508
          0,           0,        2361,      -11.90851674,      -12.32132783,      -13.44281276,      -12.84802436,       -17.6795003,     0.01574597947,    0.007385227989,      0.2246078905,                 0,                 0,                 0,  -0.0005591902193,  -0.0004579732252,      0.2247288061,                 0,       30.41312886,    0.007482212508
          0,           0,        2362,      -11.90974326,      -12.32347597,      -13.44567559,      -12.84952623,      -17.66880686,     0.01574597947,    0.007385228026,      0.2246078899,                 0,                 0,                 0,  -0.0005591903233,  -0.0004579731678,      0.2247288056,                 0,       30.41312863,    0.007482212508
          0,           0,        2363,      -11.91096983,      -12.32562482,      -13.44795149,      -12.85107758,      -17.65834154,     0.01574597947,    0.007385228064,      0.2246078893,                 0,                 0,                 0,  -0.0005591904246,   -0.000457973111,       0.224728805,                 0,        30.4131284,    0.007482212508
          0,           0,        2364,      -11.91219685,      -12.32776733,      -13.45056933,      -12.85263825,      -17.64812062,     0.01574597947,    0.007385228101,      0.2246078888,                 0,                 0,                 0,  -0.0005591905235,  -0.0004579730547,      0.2247288045,                 0,       30.41312817,    0.007482212508
          0,           0,        2365,      -11.91342367,      -12.32990754,      -13.45285497,      -12.85417859,      -17.63815486,     0.01574597947,    0.007385228139,      0.2246078883,                 0,                 0,                 0,  -0.0005591906198,   -0.000457972999,       0.224728804,                 0,       30.41312794,    0.007482212508
          0,           0,        2366,       -11.9146512,      -12.33204658,      -13.45556164,      -12.85575021,       -17.6284523,     0.01574597947,    0.007385228176,      0.2246078878,                 0,                 0,                 0,  -0.0005591907138,  -0.0004579729438,      0.2247288035,                 0,       30.41312772,    0.007482212508
          0,           0,        2367,      -11.91587938,       -12.3341795,      -13.45789523,      -12.85719883,      -17.61901769,     0.01574597947,    0.007385228213,      0.2246078873,                 0,                 0,                 0,  -0.0005591908053,  -0.0004579728893,       0.224728803,                 0,        30.4131275,    0.007482212508
          0,           0,        2368,      -11.91710665,      -12.33631478,      -13.46031731,      -12.85876957,        -17.609853,     0.01574597947,    0.007385228251,      0.2246078868,                 0,                 0,                 0,  -0.0005591908945,  -0.0004579728351,      0.2247288025,                 0,       30.41312728,    0.007482212508
          0,           0,        2369,      -11.91833541,      -12.33844345,      -13.46264663,      -12.86030432,      -17.60095868,     0.01574597947,    0.007385228288,      0.2246078863,                 0,                 0,                 0,  -0.0005591909814,  -0.0004579727815,       0.224728802,                 0,       30.41312706,    0.007482212508
          0,           0,        2370,      -11.91956441,      -12.34056815,      -13.46529159,      -12.86179895,      -17.59233362,     0.01574597947,    0.007385228325,      0.2246078859,                 0,                 0,                 0,  -0.0005591910661,  -0.0004579727284,      0.2247288016,                 0,       30.41312685,    0.007482212508
          0,           0,        2371,      -11.92079325,       -12.3426916,       -13.4676544,      -12.86328928,      -17.58397517,     0.01574597947,    0.007385228363,      0.2246078854,                 0,                 0,                 0,  -0.0005591911483,  -0.0004579726758,      0.2247288011,                 0,       30.41312664,    0.007482212508
          0,           0,        2372,        -11.922023,      -12.34481375,      -13.46980726,      -12.86486285,      -17.57587994,     0.01574597947,      0.0073852284,       0.224607885,                 0,                 0,                 0,  -0.0005591912286,  -0.0004579726237,      0.2247288007,                 0,       30.41312643,    0.007482212508
          0,           0,        2373,       -11.9232523,       -12.3469312,       -13.4723048,       -12.8663734,      -17.56804384,     0.01574597947,    0.007385228437,      0.2246078846,                 0,                 0,                 0,  -0.0005591913066,  -0.0004579725721,      0.2247288003,                 0,       30.41312622,    0.007482212508
          0,           0,        2374,      -11.92448248,      -12.34904614,      -13.47474119,      -12.86786383,       -17.5604618,     0.01574597947,    0.007385228474,      0.2246078842,                 0,                 0,                 0,  -0.0005591913825,   -0.000457972521,      0.2247287999,                 0,       30.41312601,    0.007482212508
          0,           0,        2375,      -11.92571219,      -12.35116458,      -13.47692447,       -12.8694366,      -17.55312869,     0.01574597947,    0.007385228511,      0.2246078838,                 0,                 0,                 0,  -0.0005591914565,  -0.0004579724702,      0.2247287995,                 0,        30.4131258,    0.007482212508
          0,           0,        2376,        -11.926943,       -12.3532749,      -13.47931691,      -12.87091189,      -17.54603858,     0.01574597947,    0.007385228548,      0.2246078834,                 0,                 0,                 0,  -0.0005591915282,  -0.0004579724201,      0.2247287991,                 0,        30.4131256,    0.007482212508
          0,           0,        2377,      -11.92817297,      -12.35538362,      -13.48159824,      -12.87235268,      -17.53918625,     0.01574597947,    0.007385228586,      0.2246078831,                 0,                 0,                 0,  -0.0005591915981,  -0.0004579723703,      0.2247287988,                 0,        30.4131254,    0.007482212508
          0,           0,        2378,      -11.92940488,      -12.35749116,      -13.48415338,      -12.87389023,      -17.53256577,     0.01574597947,    0.007385228623,      0.2246078827,                 0,                 0,                 0,   -0.000559191666,   -0.000457972321,      0.2247287984,                 0,        30.4131252,    0.007482212508
          0,           0,        2379,      -11.93063566,      -12.35959307,       -13.4862219,      -12.87531386,      -17.52617168,     0.01574597947,     0.00738522866,      0.2246078824,                 0,                 0,                 0,   -0.000559191732,   -0.000457972272,      0.2247287981,                 0,         30.413125,    0.007482212508
          0,           0,        2380,        -11.931868,      -12.36169454,      -13.48833282,      -12.87684747,      -17.51999743,     0.01574597947,    0.007385228696,       0.224607882,                 0,                 0,                 0,   -0.000559191796,  -0.0004579722237,      0.2247287977,                 0,        30.4131248,    0.007482212508
          0,           0,        2381,      -11.93309962,      -12.36379358,      -13.49096415,      -12.87829586,      -17.51403718,     0.01574597947,    0.007385228733,      0.2246078817,                 0,                 0,                 0,  -0.0005591918583,  -0.0004579721756,      0.2247287974,                 0,       30.41312461,    0.007482212508
          0,           0,        2382,      -11.93433163,      -12.36589054,      -13.49305555,      -12.87978681,      -17.50828569,     0.01574597947,     0.00738522877,      0.2246078814,                 0,                 0,                 0,  -0.0005591919186,  -0.0004579721279,      0.2247287971,                 0,       30.41312441,    0.007482212508
          0,           0,        2383,       -11.9355647,      -12.36798728,      -13.49536496,      -12.88130174,      -17.50273645,     0.01574597947,    0.007385228807,      0.2246078811,                 0,                 0,                 0,  -0.0005591919773,  -0.0004579720808,      0.2247287968,                 0,       30.41312422,    0.007482212508
          0,           0,        2384,      -11.93679745,      -12.37008371,      -13.49755493,      -12.88279196,      -17.49738424,     0.01574597947,    0.007385228844,      0.2246078808,                 0,                 0,                 0,  -0.0005591920341,  -0.0004579720339,      0.2247287965,                 0,       30.41312403,    0.007482212508
          0,           0,        2385,       -11.9380302,        -12.372175,      -13.49980317,      -12.88425004,      -17.49222321,     0.01574597947,    0.007385228881,      0.2246078805,                 0,                 0,                 0,  -0.0005591920893,  -0.0004579719875,      0.2247287963,                 0,       30.41312384,    0.007482212508
          0,           0,        2386,      -11.93926373,      -12.37426643,      -13.50197991,      -12.88569692,      -17.48724802,     0.01574597947,    0.007385228917,      0.2246078803,                 0,                 0,                 0,  -0.0005591921427,  -0.0004579719416,       0.224728796,                 0,       30.41312365,    0.007482212508
          0,           0,        2387,      -11.94049703,      -12.37635439,      -13.50418691,      -12.88708732,      -17.48245371,     0.01574597947,    0.007385228954,        0.22460788,                 0,                 0,                 0,  -0.0005591921947,  -0.0004579718958,      0.2247287957,                 0,       30.41312347,    0.007482212508
          0,           0,        2388,      -11.94173117,      -12.37843717,      -13.50641736,      -12.88854355,      -17.47783502,     0.01574597947,    0.007385228991,      0.2246078798,                 0,                 0,                 0,  -0.0005591922447,  -0.0004579718507,      0.2247287955,                 0,       30.41312328,    0.007482212508
          0,           0,        2389,      -11.94296558,      -12.38052569,      -13.50856179,       -12.8901169,      -17.47338731,     0.01574597947,    0.007385229027,      0.2246078795,                 0,                 0,                 0,  -0.0005591922935,  -0.0004579718056,      0.2247287953,                 0,        30.4131231,    0.007482212508
          0,           0,        2390,      -11.94419986,      -12.38260688,      -13.51087993,      -12.89145931,      -17.46910508,     0.01574597947,    0.007385229064,      0.2246078793,                 0,                 0,                 0,  -0.0005591923405,  -0.0004579717612,       0.224728795,                 0,       30.41312292,    0.007482212508
          0,           0,        2391,      -11.94543463,      -12.38468463,      -13.51302241,      -12.89283592,      -17.46498408,     0.01574597947,    0.007385229101,      0.2246078791,                 0,                 0,                 0,   -0.000559192386,   -0.000457971717,      0.2247287948,                 0,       30.41312274,    0.007482212508
          0,           0,        2392,      -11.94667023,       -12.3867645,      -13.51512508,      -12.89433448,      -17.46101955,     0.01574597947,    0.007385229137,      0.2246078789,                 0,                 0,                 0,  -0.0005591924301,  -0.0004579716731,      0.2247287946,                 0,       30.41312256,    0.007482212508
          0,           0,        2393,       -11.9479056,      -12.38884518,      -13.51698867,      -12.89580036,       -17.4572071,     0.01574597947,    0.007385229174,      0.2246078787,                 0,                 0,                 0,  -0.0005591924727,  -0.0004579716297,      0.2247287944,                 0,       30.41312238,    0.007482212508
          0,           0,        2394,      -11.94914154,      -12.39091809,      -13.51938126,      -12.89720838,      -17.45354289,     0.01574597947,     0.00738522921,      0.2246078785,                 0,                 0,                 0,  -0.0005591925137,  -0.0004579715865,      0.2247287942,                 0,       30.41312221,    0.007482212508
          0,           0,        2395,      -11.95037771,      -12.39299317,      -13.52143319,      -12.89869212,      -17.45002233,     0.01574597947,    0.007385229246,      0.2246078783,                 0,                 0,                 0,  -0.0005591925536,  -0.0004579715436,       0.224728794,                 0,       30.41312203,    0.007482212508
          0,           0,        2396,      -11.95161403,      -12.39506406,      -13.52359347,      -12.90009504,      -17.44664165,     0.01574597947,    0.007385229283,      0.2246078781,                 0,                 0,                 0,  -0.0005591925918,  -0.0004579715011,      0.2247287939,                 0,       30.41312186,    0.007482212508
          0,           0,        2397,      -11.95285012,      -12.39713993,      -13.52540242,      -12.90156784,        -17.443397,     0.01574597947,    0.007385229319,      0.2246078779,                 0,                 0,                 0,  -0.0005591926288,   -0.000457971459,      0.2247287937,                 0,       30.41312168,    0.007482212508
          0,           0,        2398,      -11.95408715,      -12.39921202,      -13.52769437,      -12.90309737,      -17.44028467,     0.01574597947,    0.007385229355,      0.2246078778,                 0,                 0,                 0,  -0.0005591926644,  -0.0004579714172,      0.2247287935,                 0,       30.41312151,    0.007482212508
          0,           0,        2399,      -11.95532346,      -12.40128291,       -13.5298343,      -12.90447341,      -17.43730114,     0.01574597947,    0.007385229391,      0.2246078776,                 0,                 0,                 0,  -0.0005591926987,  -0.0004579713756,      0.2247287934,                 0,       30.41312134,    0.007482212508
          0,           0,        2400,      -11.95656103,      -12.40335247,      -13.53190692,      -12.90587117,      -17.43444271,     0.01574597947,    0.007385229428,      0.2246078775,                 0,                 0,                 0,  -0.0005591927317,  -0.0004579713344,      0.2247287932,                 0,       30.41312118,    0.007482212508
          0,           0,        2401,      -11.95779813,      -12.40542175,      -13.53410999,        -12.907353,      -17.43170622,     0.01574597947,    0.007385229464,      0.2246078773,                 0,                 0,                 0,  -0.0005591927636,  -0.0004579712934,      0.2247287931,                 0,       30.41312101,    0.007482212508
          0,           0,        2402,       -11.9590364,      -12.40748429,      -13.53603226,      -12.90872312,      -17.42908801,     0.01574597947,      0.0073852295,      0.2246078772,                 0,                 0,                 0,  -0.0005591927942,  -0.0004579712528,       0.224728793,                 0,       30.41312084,    0.007482212508
          0,           0,        2403,      -11.96027513,       -12.4095549,      -13.53781991,      -12.91023053,      -17.42658493,     0.01574597947,    0.007385229536,      0.2246078771,                 0,                 0,                 0,  -0.0005591928235,  -0.0004579712125,      0.2247287928,                 0,       30.41312068,    0.007482212508
          0,           0,        2404,      -11.96151358,      -12.41161924,      -13.54012108,      -12.91159117,      -17.42419404,     0.01574597947,    0.007385229572,       0.224607877,                 0,                 0,                 0,  -0.0005591928517,  -0.0004579711724,      0.2247287927,                 0,       30.41312051,    0.007482212508
          0,           0,        2405,      -11.96275196,      -12.41368191,      -13.54203557,      -12.91298432,      -17.42191255,     0.01574597947,    0.007385229608,      0.2246078769,                 0,                 0,                 0,  -0.0005591928787,  -0.0004579711327,      0.2247287926,                 0,       30.41312035,    0.007482212508
          0,           0,        2406,      -11.96399093,      -12.41574648,      -13.54382575,      -12.91440365,      -17.41973767,     0.01574597947,    0.007385229644,      0.2246078768,                 0,                 0,                 0,  -0.0005591929047,  -0.0004579710931,      0.2247287925,                 0,       30.41312019,    0.007482212508
          0,           0,        2407,      -11.96523123,      -12.41781212,      -13.54604522,      -12.91591633,      -17.41766636,     0.01574597947,    0.007385229679,      0.2246078767,                 0,                 0,                 0,  -0.0005591929294,  -0.0004579710539,      0.2247287924,                 0,       30.41312003,    0.007482212508
          0,           0,        2408,      -11.96647042,      -12.41986967,      -13.54826773,      -12.91724176,      -17.41569623,     0.01574597947,    0.007385229715,      0.2246078766,                 0,                 0,                 0,  -0.0005591929532,  -0.0004579710149,      0.2247287923,                 0,       30.41311987,    0.007482212508
          0,           0,        2409,      -11.96771045,      -12.42193466,      -13.54989143,      -12.91880887,      -17.41382441,     0.01574597947,    0.007385229751,      0.2246078765,                 0,                 0,                 0,  -0.0005591929758,  -0.0004579709762,      0.2247287922,                 0,       30.41311971,    0.007482212508
          0,           0,        2410,       -11.9689506,      -12.42399942,      -13.55176346,       -12.9202336,      -17.41204839,     0.01574597947,    0.007385229787,      0.2246078764,                 0,                 0,                 0,  -0.0005591929974,  -0.0004579709378,      0.2247287922,                 0,       30.41311955,    0.007482212508
          0,           0,        2411,      -11.97019093,      -12.42605973,      -13.55384055,      -12.92161643,      -17.41036588,     0.01574597947,    0.007385229822,      0.2246078763,                 0,                 0,                 0,   -0.000559193018,  -0.0004579708996,      0.2247287921,                 0,       30.41311939,    0.007482212508
          0,           0,        2412,      -11.97143199,      -12.42811396,      -13.55597004,      -12.92297342,      -17.40877434,     0.01574597947,    0.007385229858,      0.2246078763,                 0,                 0,                 0,  -0.0005591930376,  -0.0004579708617,       0.224728792,                 0,       30.41311924,    0.007482212508
          0,           0,        2413,      -11.97267263,      -12.43017233,      -13.55820362,      -12.92439802,      -17.40727161,     0.01574597947,    0.007385229894,      0.2246078762,                 0,                 0,                 0,  -0.0005591930561,   -0.000457970824,       0.224728792,                 0,       30.41311908,    0.007482212508
          0,           0,        2414,      -11.97391432,      -12.43223398,      -13.55989401,      -12.92584694,      -17.40585543,     0.01574597947,    0.007385229929,      0.2246078762,                 0,                 0,                 0,  -0.0005591930738,  -0.0004579707866,      0.2247287919,                 0,       30.41311893,    0.007482212508
          0,           0,        2415,      -11.97515597,      -12.43429556,      -13.56163394,      -12.92736995,      -17.40452364,     0.01574597947,    0.007385229964,      0.2246078761,                 0,                 0,                 0,  -0.0005591930904,  -0.0004579707494,      0.2247287919,                 0,       30.41311878,    0.007482212508
          0,           0,        2416,       -11.9763977,      -12.43634863,      -13.56381163,      -12.92867855,      -17.40327409,     0.01574597947,        0.00738523,      0.2246078761,                 0,                 0,                 0,  -0.0005591931063,  -0.0004579707123,      0.2247287918,                 0,       30.41311862,    0.007482212508
          0,           0,        2417,      -11.97764111,      -12.43840752,      -13.56560889,      -12.93003026,      -17.40210471,     0.01574597947,    0.007385230035,       0.224607876,                 0,                 0,                 0,  -0.0005591931211,  -0.0004579706757,      0.2247287918,                 0,       30.41311847,    0.007482212508
          0,           0,        2418,       -11.9788832,      -12.44046463,      -13.56759033,      -12.93152926,      -17.40101393,     0.01574597947,    0.007385230071,       0.224607876,                 0,                 0,                 0,  -0.0005591931351,  -0.0004579706391,      0.2247287917,                 0,       30.41311832,    0.007482212508
          0,           0,        2419,      -11.98012704,       -12.4425199,      -13.56953105,      -12.93287912,      -17.39999925,     0.01574597947,    0.007385230106,      0.2246078759,                 0,                 0,                 0,  -0.0005591931483,  -0.0004579706028,      0.2247287917,                 0,       30.41311817,    0.007482212508
          0,           0,        2420,      -11.98136998,      -12.44458091,      -13.57123882,      -12.93433669,      -17.39905909,     0.01574597947,    0.007385230141,      0.2246078759,                 0,                 0,                 0,  -0.0005591931606,  -0.0004579705667,      0.2247287917,                 0,       30.41311803,    0.007482212508
          0,           0,        2421,      -11.98261323,      -12.44663841,      -13.57322299,      -12.93576122,       -17.3981917,     0.01574597947,    0.007385230176,      0.2246078759,                 0,                 0,                 0,   -0.000559193172,   -0.000457970531,      0.2247287917,                 0,       30.41311788,    0.007482212508
          0,           0,        2422,      -11.98385725,      -12.44869647,      -13.57513711,      -12.93714377,      -17.39739529,     0.01574597947,    0.007385230211,      0.2246078759,                 0,                 0,                 0,  -0.0005591931826,  -0.0004579704953,      0.2247287917,                 0,       30.41311773,    0.007482212508
          0,           0,        2423,      -11.98510137,      -12.45074941,      -13.57697501,      -12.93850166,      -17.39666798,     0.01574597947,    0.007385230246,      0.2246078759,                 0,                 0,                 0,  -0.0005591931924,  -0.0004579704599,      0.2247287916,                 0,       30.41311759,    0.007482212508
          0,           0,        2424,      -11.98634555,       -12.4528112,      -13.57883405,      -12.93999078,      -17.39600805,     0.01574597947,    0.007385230281,      0.2246078759,                 0,                 0,                 0,  -0.0005591932015,  -0.0004579704247,      0.2247287916,                 0,       30.41311744,    0.007482212508
          0,           0,        2425,      -11.98759024,      -12.45486514,      -13.58064398,      -12.94131381,      -17.39541406,     0.01574597947,    0.007385230316,      0.2246078759,                 0,                 0,                 0,  -0.0005591932098,  -0.0004579703897,      0.2247287916,                 0,        30.4131173,    0.007482212508
          0,           0,        2426,      -11.98883585,      -12.45692299,      -13.58258871,      -12.94283329,      -17.39488449,     0.01574597947,    0.007385230351,      0.2246078759,                 0,                 0,                 0,  -0.0005591932174,  -0.0004579703549,      0.2247287916,                 0,       30.41311715,    0.007482212508
          0,           0,        2427,      -11.99008086,      -12.45898045,      -13.58470229,      -12.94418722,      -17.39441765,     0.01574597947,    0.007385230386,      0.2246078759,                 0,                 0,                 0,   -0.000559193224,  -0.0004579703204,      0.2247287916,                 0,       30.41311701,    0.007482212508
          0,           0,        2428,      -11.99132572,      -12.46103765,      -13.58624419,      -12.94561036,      -17.39401235,     0.01574597947,    0.007385230421,      0.2246078759,                 0,                 0,                 0,  -0.0005591932303,  -0.0004579702858,      0.2247287917,                 0,       30.41311687,    0.007482212508
          0,           0,        2429,      -11.99257159,      -12.46309211,      -13.58816989,      -12.94700097,      -17.39366677,     0.01574597947,    0.007385230455,      0.2246078759,                 0,                 0,                 0,  -0.0005591932355,  -0.0004579702517,      0.2247287917,                 0,       30.41311673,    0.007482212508
          0,           0,        2430,      -11.99381846,      -12.46515523,      -13.58997228,      -12.94848944,      -17.39337962,     0.01574597947,     0.00738523049,      0.2246078759,                 0,                 0,                 0,  -0.0005591932404,  -0.0004579702176,      0.2247287917,                 0,       30.41311659,    0.007482212508
          0,           0,        2431,      -11.99506517,      -12.46720974,      -13.59182217,      -12.94988063,      -17.39314941,     0.01574597947,    0.007385230525,      0.2246078759,                 0,                 0,                 0,  -0.0005591932443,  -0.0004579701839,      0.2247287917,                 0,       30.41311645,    0.007482212508
          0,           0,        2432,      -11.99631197,       -12.4692708,      -13.59371599,      -12.95127957,      -17.39297494,     0.01574597947,    0.007385230559,       0.224607876,                 0,                 0,                 0,  -0.0005591932477,  -0.0004579701502,      0.2247287917,                 0,       30.41311631,    0.007482212508
          0,           0,        2433,      -11.99755877,      -12.47132439,      -13.59561641,      -12.95262155,      -17.39285503,     0.01574597947,    0.007385230594,       0.224607876,                 0,                 0,                 0,  -0.0005591932504,  -0.0004579701168,      0.2247287918,                 0,       30.41311617,    0.007482212508
          0,           0,        2434,      -11.99880655,       -12.4733873,      -13.59709535,      -12.95408077,      -17.39278835,     0.01574597947,    0.007385230628,       0.224607876,                 0,                 0,                 0,  -0.0005591932524,  -0.0004579700836,      0.2247287918,                 0,       30.41311603,    0.007482212508
          0,           0,        2435,       -12.0000543,      -12.47544636,      -13.59922853,      -12.95548701,      -17.39277369,     0.01574597947,    0.007385230663,      0.2246078761,                 0,                 0,                 0,   -0.000559193254,  -0.0004579700504,      0.2247287918,                 0,        30.4131159,    0.007482212508
