"Time_Iter","Outer_Iter","Inner_Iter",    "rms[Rho]"    ,    "rms[RhoU]"   ,    "rms[RhoV]"   ,    "rms[RhoE]"   ,     "rms[nu]"    ,    "RefForce"    ,       "CD"       ,       "CL"       ,       "CSF"      ,       "CMx"      ,       "CMy"      ,       "CMz"      ,       "CFx"      ,       "CFy"      ,       "CFz"      ,      "CEff"      ,     "Buffet"     
          0,           0,           0,      -4.767049101,      -15.11708786,      -15.12058333,      -4.221031116,      -10.79302003,     0.01574611451,       1.457490867,       3.404263496,                 0,                 0,                 0,       1.225066502,       1.155243561,       3.518337944,                 0,       2.335701426,   0.0008191091793
          0,           0,           1,      -5.738545688,      -5.087899071,      -5.044663027,      -5.154739806,      -11.20463673,     0.01574611451,      0.5886298204,        1.14793616,                 0,                 0,                 0,      0.3389055744,      0.4863406776,       1.194870386,                 0,       1.950183495,   0.0008191091793
          0,           0,           2,      -5.429819959,      -5.220338116,      -5.516020966,      -4.876168583,      -12.12064701,     0.01574611451,      0.4712518355,      0.9646635223,                 0,                 0,                 0,      0.2418857759,      0.3853826142,        1.00206499,                 0,       2.047023374,   0.0008191091793
          0,           0,           3,      -5.495835424,      -5.301824373,      -5.666012577,      -4.943376667,      -12.31508066,     0.01574611451,      0.3683835285,      0.7423603173,                 0,                 0,                 0,      0.1249934175,      0.3022807531,      0.7716421522,                 0,       2.015183253,   0.0008191091793
          0,           0,           4,      -5.651636478,      -5.335772129,       -5.63054378,      -5.099828582,      -12.20766125,     0.01574611451,      0.3182122512,      0.7061819447,                 0,                 0,                 0,      0.0882520579,      0.2554535456,      0.7312287343,                 0,       2.219216709,   0.0008191091793
          0,           0,           5,      -5.777498538,      -5.343892668,      -5.612527725,      -5.227739119,      -12.06596974,     0.01574611451,      0.2838236066,      0.6950167971,                 0,                 0,                 0,     0.06794134435,      0.2221688669,      0.7171089056,                 0,       2.448763179,   0.0008191091793
          0,           0,           6,      -5.883814611,      -5.351726978,      -5.647174208,      -5.336614325,      -11.96390326,     0.01574611451,      0.2584688195,      0.6942952478,                 0,                 0,                 0,     0.05702894434,      0.1969734496,      0.7141802867,                 0,       2.686185704,   0.0008191091793
          0,           0,           7,      -5.951042504,      -5.359739297,      -5.696175417,       -5.40790983,      -11.90315756,     0.01574611451,      0.2381446267,      0.6947838655,                 0,                 0,                 0,     0.05075426759,      0.1766840106,       0.712895675,                 0,       2.917487055,   0.0008191091793
          0,           0,           8,      -6.022856081,       -5.36330903,      -5.724756765,      -5.483653871,      -11.87595726,     0.01574611451,      0.2214481376,      0.6949084573,                 0,                 0,                 0,     0.04688877374,      0.1600401978,      0.7115645978,                 0,       3.138018973,   0.0008191091793
          0,           0,           9,      -6.093486657,      -5.365426607,      -5.732049232,      -5.556168628,      -11.87519504,     0.01574611451,      0.2073307329,      0.6954535941,                 0,                 0,                 0,     0.04422458899,      0.1459290023,      0.7108772472,                 0,       3.354319856,   0.0008191091793
          0,           0,          10,      -6.128185711,      -5.372387529,      -5.733907899,      -5.589029591,      -11.89610153,     0.01574611451,      0.1951348088,      0.6965459558,                 0,                 0,                 0,     0.04253596266,      0.1336842818,      0.7109025073,                 0,       3.569562806,   0.0008191091793
          0,           0,          11,      -6.129931267,      -5.384410663,      -5.732700673,      -5.587167026,      -11.93366574,     0.01574611451,      0.1844179003,       0.698805583,                 0,                 0,                 0,     0.04145721565,      0.1228112149,      0.7122194959,                 0,       3.789250294,   0.0008191091793
          0,           0,          12,       -6.14176575,      -5.398101574,      -5.730108051,      -5.595529224,      -11.98647873,     0.01574611451,      0.1748214726,      0.7023560612,                 0,                 0,                 0,     0.04078839912,      0.1129418599,      0.7149200796,                 0,       4.017561749,   0.0008191091793
          0,           0,          13,      -6.171548166,      -5.413170364,      -5.731086568,      -5.622827615,      -12.05300585,     0.01574611451,      0.1660595572,      0.7064447472,                 0,                 0,                 0,     0.04030334216,      0.1038569338,      0.7182295557,                 0,       4.254164946,   0.0008191091793
          0,           0,          14,      -6.205298313,      -5.429891746,      -5.736848405,      -5.655763037,      -12.13417027,     0.01574611451,      0.1579527371,       0.710593455,                 0,                 0,                 0,     0.03993132511,     0.09541937885,      0.7216559205,                 0,       4.498772659,   0.0008191091793
          0,           0,          15,      -6.233013098,       -5.44782544,      -5.745954953,      -5.683848538,        -12.229338,     0.01574611451,      0.1504029935,      0.7139696807,                 0,                 0,                 0,     0.03957349366,     0.08760410692,      0.7243612951,                 0,        4.74704435,   0.0008191091793
          0,           0,          16,      -6.257308851,      -5.466142381,      -5.757002059,      -5.708498488,       -12.3339694,     0.01574611451,      0.1433872368,      0.7167233089,                 0,                 0,                 0,     0.03926404754,     0.08037505277,      0.7264929814,                 0,       4.998515382,   0.0008191091793
          0,           0,          17,      -6.281558522,      -5.484242782,       -5.76918605,      -5.732642583,      -12.44173402,     0.01574611451,      0.1368853609,      0.7190757358,                 0,                 0,                 0,     0.03904261632,     0.07369289097,      0.7282697809,                 0,       5.253123715,   0.0008191091793
          0,           0,          18,       -6.30835318,      -5.501833564,       -5.78220046,      -5.759000321,      -12.54308076,     0.01574611451,      0.1308616406,       0.721326247,                 0,                 0,                 0,     0.03892430689,      0.0674959477,      0.7299867263,                 0,       5.512129023,   0.0008191091793
          0,           0,          19,      -6.339582328,      -5.518892852,      -5.795887288,      -5.789599897,      -12.62227866,     0.01574611451,      0.1252680128,      0.7235658293,                 0,                 0,                 0,     0.03890741228,     0.06172841288,      0.7317302695,                 0,       5.776141996,   0.0008191091793
          0,           0,          20,      -6.374383867,      -5.535492482,      -5.810032775,      -5.823670886,      -12.67865133,     0.01574611451,      0.1200617213,       0.725847183,                 0,                 0,                 0,     0.03899561599,     0.05634309981,      0.7335491838,                 0,       6.045616999,   0.0008191091793
          0,           0,          21,      -6.410655495,      -5.551705125,      -5.824569375,      -5.859103715,      -12.70200143,     0.01574611451,      0.1152013571,      0.7282940845,                 0,                 0,                 0,     0.03916663389,     0.05128796924,      0.7355631655,                 0,       6.321922789,   0.0008191091793
          0,           0,          22,      -6.446328631,      -5.567629854,      -5.839486187,      -5.893741574,      -12.71046069,     0.01574611451,      0.1106374522,        0.73081598,                 0,                 0,                 0,     0.03938579406,      0.0465216337,      0.7376776938,                 0,       6.605502619,   0.0008191091793
          0,           0,          23,      -6.480686762,      -5.583361128,      -5.854754953,       -5.92676439,      -12.70911567,     0.01574611451,      0.1063309909,      0.7333096511,                 0,                 0,                 0,     0.03963091078,     0.04201422204,       0.739786543,                 0,       6.896480933,   0.0008191091793
          0,           0,          24,      -6.514393514,       -5.59896171,       -5.87033401,      -5.958777386,      -12.69925827,     0.01574611451,      0.1022554257,      0.7356867114,                 0,                 0,                 0,     0.03987623942,     0.03774699117,      0.7417993489,                 0,       7.194598295,   0.0008191091793
          0,           0,          25,      -6.548255389,      -5.614474763,      -5.886171192,      -5.990611703,      -12.68846776,     0.01574611451,     0.09839565699,      0.7379391969,                 0,                 0,                 0,     0.04011789006,       0.033705593,      0.7437068621,                 0,       7.499713092,   0.0008191091793
          0,           0,          26,      -6.582463402,      -5.629938426,      -5.902230911,      -6.022535842,      -12.67023032,     0.01574611451,      0.0947367709,      0.7400756074,                 0,                 0,                 0,     0.04035043165,     0.02987442963,      0.7455162499,                 0,       7.811915061,   0.0008191091793
          0,           0,          27,      -6.616645795,      -5.645393986,       -5.91850172,      -6.054264794,      -12.65160534,     0.01574611451,      0.0912661131,      0.7421328096,                 0,                 0,                 0,     0.04057689354,     0.02623768175,       0.747263136,                 0,       8.131526416,   0.0008191091793
          0,           0,          28,      -6.650305337,      -5.660884485,      -5.934985736,       -6.08536622,      -12.63343534,     0.01574611451,     0.08797202619,       0.744119998,                 0,                 0,                 0,     0.04080506373,     0.02278293496,       0.748955664,                 0,       8.458597922,   0.0008191091793
          0,           0,          29,      -6.683181501,      -5.676451304,      -5.951688776,      -6.115611478,      -12.61269981,     0.01574611451,     0.08484402748,      0.7460353182,                 0,                 0,                 0,     0.04104012792,     0.01949990807,      0.7505910728,                 0,       8.793021033,   0.0008191091793
          0,           0,          30,      -6.715331448,      -5.692131726,      -5.968617756,      -6.145065635,      -12.59270508,     0.01574611451,     0.08187259816,      0.7478915341,                 0,                 0,                 0,     0.04128239087,     0.01637800606,      0.7521812481,                 0,       9.134821062,   0.0008191091793
          0,           0,          31,      -6.746955341,      -5.707956881,      -5.985779762,        -6.1739338,      -12.57394473,     0.01574611451,     0.07904798265,      0.7496960376,                 0,                 0,                 0,      0.0415314708,     0.01340686621,      0.7537327035,                 0,       9.484062876,   0.0008191091793
          0,           0,          32,      -6.778215377,      -5.723950758,      -6.003182619,      -6.202394961,      -12.55603315,     0.01574611451,     0.07636106166,      0.7514551085,                 0,                 0,                 0,     0.04178704494,     0.01057685665,      0.7552508999,                 0,        9.84081536,   0.0008191091793
          0,           0,          33,       -6.80918496,      -5.740130612,      -6.020834891,      -6.230548817,       -12.5393302,     0.01574611451,     0.07380352924,      0.7531759506,                 0,                 0,                 0,     0.04204901668,    0.007879075135,      0.7567422901,                 0,       10.20514816,   0.0008191091793
          0,           0,          34,      -6.839891855,      -5.756508449,      -6.038745074,      -6.258446388,      -12.52372513,     0.01574611451,     0.07136768059,      0.7548678264,                 0,                 0,                 0,     0.04231723567,    0.005305038938,      0.7582154296,                 0,        10.5771663,   0.0008191091793
          0,           0,          35,      -6.870370965,      -5.773093015,       -6.05692032,       -6.28613328,      -12.50927551,     0.01574611451,     0.06904630006,      0.7565393999,                 0,                 0,                 0,     0.04259133453,    0.002846804725,      0.7596783207,                 0,       10.95698682,   0.0008191091793
          0,           0,          36,        -6.9006788,      -5.789891426,      -6.075365518,      -6.313664478,      -12.49523519,     0.01574611451,     0.06683236482,        0.75819576,                 0,                 0,                 0,     0.04287072365,   0.0004969328855,      0.7611354206,                 0,       11.34473936,    0.004740067922
          0,           0,          37,       -6.93087104,      -5.806909824,      -6.094083477,       -6.34108992,      -12.48161131,     0.01574611451,      0.0647192337,        0.75983708,                 0,                 0,                 0,     0.04315422766,   -0.001751207603,      0.7625863234,                 0,       11.74051417,    0.004740067922
          0,           0,          38,      -6.960972099,      -5.824153169,      -6.113076286,      -6.368433002,      -12.46830436,     0.01574611451,      0.0627005582,      0.7614597682,                 0,                 0,                 0,     0.04343972731,   -0.003903628024,      0.7640268976,                 0,       12.14438579,    0.004740067922
          0,           0,          39,      -6.990963872,      -5.841624791,      -6.132346737,      -6.395683022,      -12.45510327,     0.01574611451,     0.06077030907,      0.7630582117,                 0,                 0,                 0,     0.04372451105,   -0.005965845508,      0.7654510263,                 0,       12.55643131,    0.004740067922
          0,           0,          40,      -7.020798327,      -5.859326208,      -6.151898842,      -6.422805392,      -12.44126002,     0.01574611451,      0.0589230086,      0.7646262241,                 0,                 0,                 0,     0.04400601209,   -0.007942777721,      0.7668520691,                 0,       12.97670031,    0.004740067922
          0,           0,          41,      -7.050420604,      -5.877257497,      -6.171737316,      -6.449759803,       -12.4270092,     0.01574611451,     0.05715376918,      0.7661583677,                 0,                 0,                 0,     0.04428232464,   -0.009838819759,       0.768224183,                 0,       13.40521157,    0.004740067922
          0,           0,          42,      -7.079787471,      -5.895417915,       -6.19186651,      -6.476514942,       -12.4127854,     0.01574611451,     0.05545827525,      0.7676509131,                 0,                 0,                 0,     0.04455237799,    -0.01165794573,      0.7695632767,                 0,       13.84195433,    0.004740067922
          0,           0,          43,      -7.108874493,      -5.913806499,      -6.212289564,      -6.503054671,      -12.39856886,     0.01574611451,     0.05383280516,      0.7691022678,                 0,                 0,                 0,     0.04481587354,    -0.01340372431,      0.7708674396,                 0,        14.2868696,    0.004740067922
          0,           0,          44,      -7.137673656,      -5.932422366,      -6.233008173,      -6.529376955,      -12.38459367,     0.01574611451,     0.05227406009,      0.7705128218,                 0,                 0,                 0,     0.04507311056,    -0.01507947577,      0.7721367724,                 0,       14.73986946,    0.004740067922
          0,           0,          45,      -7.166186578,      -5.951264775,      -6.254023033,      -6.555488936,      -12.37068111,     0.01574611451,     0.05077907033,      0.7718845224,                 0,                 0,                 0,     0.04532480322,    -0.01668832823,      0.7733729563,                 0,       15.20083998,    0.004740067922
          0,           0,          46,      -7.194418271,      -5.970332984,      -6.275334519,      -6.581401877,       -12.3566848,     0.01574611451,     0.04934505867,      0.7732202839,                 0,                 0,                 0,     0.04557185233,    -0.01823330233,      0.7745786526,                 0,       15.66965984,    0.004740067922
          0,           0,          47,      -7.222374757,      -5.989626029,      -6.296943144,      -6.607128709,      -12.34256956,     0.01574611451,     0.04796939177,      0.7745234692,                 0,                 0,                 0,     0.04581516772,    -0.01971731448,      0.7757569816,                 0,       16.14620158,    0.004740067922
          0,           0,          48,      -7.250063224,      -6.009142611,      -6.318849648,      -6.632683568,      -12.32827076,     0.01574611451,     0.04664953926,      0.7757974282,                 0,                 0,                 0,     0.04605551975,     -0.0211431774,        0.77691106,                 0,        16.6303342,    0.004740067922
          0,           0,          49,      -7.277491709,      -6.028881103,      -6.341054823,      -6.658081298,      -12.31375453,     0.01574611451,     0.04538300142,       0.777045076,                 0,                 0,                 0,     0.04629345621,    -0.02251363535,      0.7780435741,                 0,       17.12194107,    0.004740067922
          0,           0,          50,      -7.304667267,      -6.048839584,      -6.363559301,      -6.683336051,      -12.29901904,     0.01574611451,     0.04416732701,      0.7782686473,                 0,                 0,                 0,     0.04652926337,    -0.02383132502,      0.7791565364,                 0,       17.62091347,    0.004740067922
          0,           0,          51,      -7.331594327,      -6.069015878,      -6.386363404,      -6.708460074,      -12.28407419,     0.01574611451,     0.04300012343,      0.7794695686,                 0,                 0,                 0,     0.04676296116,    -0.02509875423,      0.7802511593,                 0,       18.12714724,    0.004740067922
          0,           0,          52,      -7.358274968,      -6.089407541,      -6.409467121,       -6.73346366,      -12.26893345,     0.01574611451,     0.04187904307,      0.7806483746,                 0,                 0,                 0,     0.04699430257,    -0.02631830825,       0.781327771,                 0,       18.64054948,    0.004740067922
          0,           0,          53,      -7.384709633,      -6.110011841,      -6.432870146,      -6.758355364,      -12.25369495,     0.01574611451,     0.04080182183,      0.7818048039,                 0,                 0,                 0,     0.04722283973,    -0.02749221979,      0.7823859137,                 0,       19.16102686,    0.004740067922
          0,           0,          54,      -7.410897535,      -6.130825716,       -6.45657203,      -6.783141992,       -12.2384296,     0.01574611451,     0.03976626962,      0.7829378498,                 0,                 0,                 0,     0.04744795577,    -0.02862258287,      0.7834243937,                 0,       19.68849121,    0.004972198801
          0,           0,          55,      -7.436836522,      -6.151845795,      -6.480572244,      -6.807828295,      -12.22322087,     0.01574611451,     0.03877031459,      0.7840459231,                 0,                 0,                 0,     0.04766893088,    -0.02971132294,      0.7844414472,                 0,       20.22284141,    0.004972198801
          0,           0,          56,      -7.462524125,      -6.173068398,      -6.504870214,      -6.832417763,      -12.20809697,     0.01574611451,     0.03781199613,      0.7851270219,                 0,                 0,                 0,     0.04788500677,    -0.03076021868,      0.7854349092,                 0,       20.76396653,    0.005230171872
          0,           0,          57,      -7.487959035,      -6.194489532,       -6.52946526,      -6.856913768,      -12.19307174,     0.01574611451,     0.03688948743,       0.786178947,                 0,                 0,                 0,      0.0480954535,    -0.03177089826,      0.7864024294,                 0,       21.31173409,    0.005230171872
          0,           0,          58,        -7.5131423,      -6.216104921,      -6.554356524,      -6.881320572,      -12.17817327,     0.01574611451,     0.03600110189,      0.7871995199,                 0,                 0,                 0,      0.0482996236,    -0.03274485202,      0.7873416908,                 0,       21.86598406,    0.005230171872
          0,           0,          59,       -7.53807742,      -6.237909991,      -6.579542941,      -6.905643417,      -12.16343345,     0.01574611451,     0.03514528617,      0.7881868004,                 0,                 0,                 0,     0.04849700186,    -0.03368345827,      0.7882506252,                 0,       22.42652959,     0.00551396044
          0,           0,          60,      -7.562769084,      -6.259899843,      -6.605023183,      -6.929887606,       -12.1488743,     0.01574611451,     0.03432063128,      0.7891392684,                 0,                 0,                 0,      0.0486872482,    -0.03458798815,      0.7891275954,                 0,       22.99314549,     0.00551396044
          0,           0,          61,      -7.587222614,      -6.282069206,      -6.630795607,      -6.954058193,      -12.13453643,     0.01574611451,     0.03352585404,      0.7900559076,                 0,                 0,                 0,     0.04887019731,    -0.03545963139,       0.789971477,                 0,       23.56557141,     0.01001961693
          0,           0,          62,      -7.611443894,      -6.304412353,      -6.656858158,      -6.978159913,      -12.12043969,     0.01574611451,     0.03275978434,      0.7909362561,                 0,                 0,                 0,     0.04904586063,     -0.0362995134,      0.7907817082,                 0,        24.1435123,     0.01001961693
          0,           0,          63,      -7.635438908,      -6.326923057,      -6.683208332,       -7.00219701,      -12.10661585,     0.01574611451,     0.03202134259,        0.79178039,                 0,                 0,                 0,     0.04921440772,    -0.03710871627,      0.7915582705,                 0,        24.7266456,     0.01001961693
          0,           0,          64,      -7.659212663,      -6.349594502,      -6.709843197,      -7.026172715,       -12.0930776,     0.01574611451,     0.03130953635,        0.79258888,                 0,                 0,                 0,     0.04937614152,    -0.03788827842,      0.7923016459,                 0,       25.31461569,     0.01001961693
          0,           0,          65,      -7.682768193,      -6.372419214,      -6.736759401,      -7.050088572,       -12.0798462,     0.01574611451,     0.03062343262,      0.7933626934,                 0,                 0,                 0,      0.0495314446,    -0.03863921359,      0.7930127168,                 0,       25.90704652,     0.01030332254
          0,           0,          66,      -7.706106333,      -6.395388962,      -6.763953163,      -7.073944457,      -12.06693453,     0.01574611451,     0.02996215159,      0.7941031589,                 0,                 0,                 0,     0.04968077484,    -0.03936251408,      0.7936927302,                 0,       26.50354253,     0.01030332254
          0,           0,          67,      -7.729225365,      -6.418494691,      -6.791420191,      -7.097738251,      -12.05436333,     0.01574611451,     0.02932484075,      0.7948118376,                 0,                 0,                 0,     0.04982460655,    -0.04005916517,      0.7943431669,                 0,       27.10370516,     0.01061296869
          0,           0,          68,      -7.752120729,      -6.441726428,      -6.819155606,      -7.121465616,      -12.04214412,     0.01574611451,     0.02871068089,      0.7954904355,                 0,                 0,                 0,     0.04996340962,    -0.04073013168,      0.7949656549,                 0,       27.70712539,     0.01061296869
          0,           0,          69,      -7.774785161,      -6.465073163,      -6.847153881,      -7.145119959,      -12.03028928,     0.01574611451,     0.02811886584,      0.7961406951,                 0,                 0,                 0,     0.05009761925,    -0.04137636854,        0.79556186,                 0,       28.31339996,     0.01061296869
          0,           0,          70,      -7.797208481,      -6.488522726,      -6.875408914,      -7.168692112,        -12.018801,     0.01574611451,     0.02754860054,      0.7967642981,                 0,                 0,                 0,     0.05022761788,     -0.0419988144,      0.7961333881,                 0,       28.92213334,     0.01061296869
          0,           0,          71,      -7.819377796,      -6.512061715,      -6.903914023,      -7.192170234,      -12.00768277,     0.01574611451,     0.02699909641,      0.7973627634,                 0,                 0,                 0,     0.05035370733,    -0.04259838718,      0.7966816836,                 0,       29.53294255,     0.01061296869
          0,           0,          72,      -7.841278159,      -6.535675388,      -6.932662017,      -7.215540192,      -11.99691549,     0.01574611451,     0.02646957017,      0.7979374246,                 0,                 0,                 0,     0.05047612226,    -0.04317598345,      0.7972080069,                 0,       30.14546212,     0.01061296869
          0,           0,          73,      -7.862893648,      -6.559347595,      -6.961645249,      -7.238786147,       -11.9865149,     0.01574611451,     0.02595925029,      0.7984893678,                 0,                 0,                 0,     0.05059500983,    -0.04373246642,      0.7977133724,                 0,       30.75933853,     0.01061296869
          0,           0,          74,      -7.884208379,      -6.583060682,      -6.990855601,      -7.261891299,      -11.97648054,     0.01574611451,     0.02546737784,      0.7990194409,                 0,                 0,                 0,     0.05071044057,    -0.04426866606,      0.7981985589,                 0,       31.37423279,     0.01061296869
          0,           0,          75,      -7.905206469,      -6.606795438,      -7.020284378,      -7.284837758,      -11.96680917,     0.01574611451,      0.0249932072,      0.7995282643,                 0,                 0,                 0,     0.05082241751,    -0.04478537922,      0.7986641194,                 0,       31.98982259,     0.01061296869
          0,           0,          76,      -7.925872229,       -6.63053107,      -7.049922088,      -7.307606635,      -11.95750537,     0.01574611451,     0.02453601501,      0.8000162622,                 0,                 0,                 0,     0.05093089252,    -0.04528336348,      0.7991104134,                 0,       32.60579446,     0.01061296869
          0,           0,          77,      -7.946190264,      -6.654245141,      -7.079758352,      -7.330178128,      -11.94854016,     0.01574611451,     0.02409509553,       0.800483681,                 0,                 0,                 0,     0.05103577024,    -0.04576334336,      0.7995376248,                 0,       33.22185131,     0.01061296869
          0,           0,          78,      -7.966146022,      -6.677913601,       -7.10978177,      -7.352532003,      -11.93991483,     0.01574611451,     0.02366977371,      0.8009306467,                 0,                 0,                 0,     0.05113694147,    -0.04622600233,      0.7999458204,                 0,       33.83769767,     0.01061296869
          0,           0,          79,      -7.985725912,      -6.701510792,      -7.139979903,      -7.374647779,      -11.93162014,     0.01574611451,     0.02325940492,      0.8013571843,                 0,                 0,                 0,     0.05123428285,    -0.04667198475,       0.800334969,                 0,       34.45303898,     0.01061296869
          0,           0,          80,       -8.00491699,      -6.725009478,      -7.170339107,      -7.396504466,      -11.92362695,     0.01574611451,     0.02286337424,      0.8017632648,                 0,                 0,                 0,     0.05132767507,    -0.04710190065,      0.8007049878,                 0,       35.06758261,     0.01061296869
          0,           0,          81,      -8.023708145,      -6.748380892,      -7.200844441,      -7.418081698,      -11.91594255,     0.01574611451,     0.02248110175,      0.8021488476,                 0,                 0,                 0,     0.05141701646,    -0.04751632424,      0.8010557862,                 0,       35.68102918,      0.0109223933
          0,           0,          82,      -8.042091078,      -6.771594766,      -7.231479631,      -7.439360816,      -11.90854788,     0.01574611451,     0.02211204101,       0.802513916,                 0,                 0,                 0,     0.05150222952,     -0.0479157984,      0.8013872997,                 0,       36.29307288,      0.0109223933
          0,           0,          83,      -8.060059749,      -6.794619458,      -7.262226689,      -7.460324425,      -11.90140865,     0.01574611451,     0.02175568243,      0.8028585127,                 0,                 0,                 0,     0.05158327021,    -0.04830083451,      0.8016995263,                 0,       36.90339365,      0.0109223933
          0,           0,          84,      -8.077609221,      -6.817421937,      -7.293065614,      -7.480955776,       -11.8945351,     0.01574611451,     0.02141155193,      0.8031827685,                 0,                 0,                 0,     0.05166013505,    -0.04867191624,      0.8019925553,                 0,       37.51165591,     0.01125812224
          0,           0,          85,      -8.094735249,      -6.839967918,      -7.323973908,      -7.501238408,      -11.88793963,     0.01574611451,     0.02107920105,      0.8034869132,                 0,                 0,                 0,     0.05173285742,    -0.04902951039,      0.8022665763,                 0,       38.11752217,     0.01125812224
          0,           0,          86,      -8.111434747,      -6.862221927,      -7.354926308,      -7.521156768,      -11.88157007,     0.01574611451,     0.02075821648,      0.8037712835,                 0,                 0,                 0,     0.05180151253,    -0.04937405801,      0.8025218889,                 0,       38.72063307,     0.01125812224
          0,           0,          87,      -8.127705377,      -6.884147475,      -7.385894549,      -7.540695875,      -11.87546243,     0.01574611451,      0.0204482107,      0.8040363184,                 0,                 0,                 0,     0.05186621081,    -0.04970598344,      0.8027588964,                 0,        39.3206198,     0.01125812224
          0,           0,          88,      -8.143545325,      -6.905707428,      -7.416846919,        -7.5598412,      -11.86957213,     0.01574611451,     0.02014881618,      0.8042825476,                 0,                 0,                 0,     0.05192709249,    -0.05002569896,      0.8029780947,                 0,       39.91711177,     0.01125812224
          0,           0,          89,      -8.158953165,      -6.926864308,      -7.447748415,      -7.578578713,      -11.86390449,     0.01574611451,     0.01985968799,      0.8045105783,                 0,                 0,                 0,     0.05198432205,    -0.05033360112,      0.8031800585,                 0,       40.50972899,     0.01125812224
          0,           0,          90,      -8.173927639,      -6.947580797,      -7.478560464,      -7.596894707,      -11.85844468,     0.01574611451,     0.01958049674,      0.8047210796,                 0,                 0,                 0,     0.05203808073,    -0.05063007635,      0.8033654256,                 0,       41.09809318,     0.01125812224
          0,           0,          91,      -8.188468369,      -6.967820253,      -7.509241003,      -7.614776561,      -11.85322332,     0.01574611451,     0.01931092475,      0.8049147577,                 0,                 0,                 0,     0.05208855989,    -0.05091550271,       0.803534872,                 0,       41.68183389,     0.01125812224
          0,           0,          92,      -8.202575848,      -6.987547296,      -7.539744469,      -7.632212787,      -11.84826025,     0.01574611451,     0.01905066916,      0.8050923497,                 0,                 0,                 0,     0.05213595275,    -0.05119024611,      0.8036891055,                 0,       42.26058113,     0.01125812224
          0,           0,          93,      -8.216251422,      -7.006728397,      -7.570021856,      -7.649192955,      -11.84355894,     0.01574611451,     0.01879943451,      0.8052545905,                 0,                 0,                 0,     0.05218044746,    -0.05145466495,      0.8038288323,                 0,        42.8339794,     0.01125812224
          0,           0,          94,       -8.22949749,      -7.025332528,      -7.600020583,      -7.665708052,      -11.83918115,     0.01574611451,     0.01855693132,      0.8054022033,                 0,                 0,                 0,     0.05222222216,    -0.05170911065,      0.8039547479,                 0,       43.40169122,     0.01125812224
          0,           0,          95,       -8.24231734,       -7.04333175,      -7.629684888,      -7.681750341,      -11.83519825,     0.01574611451,     0.01832287493,      0.8055358827,                 0,                 0,                 0,      0.0522614399,    -0.05195392731,      0.8040675192,                 0,       43.96340016,     0.01125812224
          0,           0,          96,      -8.254715533,      -7.060701764,      -7.658956102,      -7.697313932,      -11.83165278,     0.01574611451,      0.0180969855,      0.8056562776,                 0,                 0,                 0,     0.05229824297,    -0.05218945026,      0.8041677684,                 0,       44.51881102,     0.01615491212
          0,           0,          97,      -8.266699009,      -7.077422486,      -7.687773411,      -7.712396013,      -11.82859595,     0.01574611451,     0.01787898613,      0.8057639796,                 0,                 0,                 0,     0.05233275044,    -0.05241600693,      0.8042560607,                 0,       45.06765504,     0.01615491212
          0,           0,          98,      -8.278276201,      -7.093478521,      -7.716074339,      -7.726995908,      -11.82607179,     0.01574611451,     0.01766860089,      0.8058595099,                 0,                 0,                 0,     0.05236505407,     -0.0526339176,      0.8043328912,                 0,       45.60969568,     0.01615491212
          0,           0,          99,      -8.289457761,      -7.108859376,      -7.743796214,        -7.7411162,      -11.82410305,     0.01574611451,     0.01746555498,      0.8059433062,                 0,                 0,                 0,     0.05239521608,    -0.05284349419,       0.804398672,                 0,       46.14472928,     0.01615491212
          0,           0,         100,      -8.300255699,      -7.123559717,      -7.770876561,      -7.754761908,      -11.82272696,     0.01574611451,      0.0172695764,      0.8060157176,                 0,                 0,                 0,     0.05242327004,    -0.05304503808,      0.8044537272,                 0,       46.67258181,     0.01615491212
          0,           0,         101,       -8.31068318,      -7.137579419,      -7.797254284,      -7.767940437,      -11.82197302,     0.01574611451,     0.01708039248,      0.8060769967,                 0,                 0,                 0,     0.05244921986,    -0.05323884292,      0.8044982846,                 0,        47.1931191,     0.01615491212
          0,           0,         102,      -8.320754176,      -7.150923467,      -7.822870658,      -7.780661284,      -11.82184172,     0.01574611451,     0.01689773654,      0.8061273005,                 0,                 0,                 0,     0.05247304359,    -0.05342518807,      0.8045324775,                 0,       47.70622967,     0.01615491212
          0,           0,         103,      -8.330482728,      -7.163601694,      -7.847670019,      -7.792935318,      -11.82229947,     0.01574611451,     0.01672134313,      0.8061666932,                 0,                 0,                 0,     0.05249469598,    -0.05360434355,      0.8045563466,                 0,       48.21183842,     0.01615491212
          0,           0,         104,      -8.339883195,      -7.175628367,      -7.871600594,      -7.804775181,      -11.82332092,     0.01574611451,     0.01655095544,      0.8061951525,                 0,                 0,                 0,     0.05251411249,    -0.05377656326,      0.8045698474,                 0,       48.70988599,     0.01615491212
          0,           0,         105,      -8.348969245,      -7.187021725,      -7.894615314,      -7.816194094,      -11.82491366,     0.01574611451,     0.01638632144,      0.8062125765,                 0,                 0,                 0,     0.05253121211,    -0.05394208938,      0.8045728562,                 0,       49.20033942,     0.01615491212
          0,           0,         106,      -8.357753674,      -7.197803365,      -7.916672426,      -7.827205618,      -11.82702894,     0.01574611451,     0.01622719709,      0.8062187923,                 0,                 0,                 0,     0.05254590079,    -0.05410114996,      0.8045651799,                 0,       49.68318237,     0.01615491212
          0,           0,         107,      -8.366247736,      -7.207997614,       -7.93773576,       -7.83782295,      -11.82960445,     0.01574611451,     0.01607334823,      0.8062135685,                 0,                 0,                 0,     0.05255807596,    -0.05425395809,      0.8045465671,                 0,       50.15840863,     0.01615491212
          0,           0,         108,      -8.374461011,      -7.217630893,      -7.957774776,      -7.848058661,      -11.83256281,     0.01574611451,     0.01592454738,      0.8061966234,                 0,                 0,                 0,     0.05256762906,    -0.05440071584,      0.8045167176,                 0,       50.62603063,     0.01615491212
          0,           0,         109,      -8.382401196,      -7.226731071,      -7.976764539,      -7.857924318,      -11.83577186,     0.01574611451,     0.01578057837,      0.8061676344,                 0,                 0,                 0,     0.05257444779,    -0.05454161044,      0.8044752912,                 0,       51.08606385,     0.01615491212
          0,           0,         110,      -8.390074419,      -7.235326877,      -7.994685263,      -7.867430665,      -11.83917594,     0.01574611451,     0.01564123464,      0.8061262495,                 0,                 0,                 0,      0.0525784201,    -0.05467681701,      0.8044219192,                 0,       51.53853056,     0.01615491212
          0,           0,         111,      -8.397485242,      -7.243447308,      -8.011521714,       -7.87658743,      -11.84273613,     0.01574611451,     0.01550631988,      0.8060720993,                 0,                 0,                 0,     0.05257943764,    -0.05480649886,      0.8043562164,                 0,       51.98345612,     0.01615491212
          0,           0,         112,       -8.40463703,      -7.251121167,      -8.027262547,      -7.885403524,      -11.84633133,     0.01574611451,     0.01537565008,      0.8060048079,                 0,                 0,                 0,     0.05257739849,     -0.0549308066,      0.8042777925,                 0,       52.42086049,     0.01615491212
          0,           0,         113,      -8.411532181,       -7.25837674,      -8.041899628,      -7.893887159,      -11.84986027,     0.01574611451,     0.01524904923,      0.8059240085,                 0,                 0,                 0,     0.05257221121,    -0.05504988356,      0.8041862665,                 0,       52.85077098,     0.01648906504
          0,           0,         114,      -8.418171816,      -7.265241421,      -8.055427643,      -7.902045315,      -11.85321538,     0.01574611451,     0.01512635593,      0.8058293531,                 0,                 0,                 0,     0.05256379621,    -0.05516386022,       0.804081278,                 0,        53.2731979,     0.01648906504
          0,           0,         115,      -8.424556126,      -7.271741557,      -8.067843398,      -7.909883983,      -11.85629281,     0.01574611451,      0.0150074186,      0.8057205246,                 0,                 0,                 0,      0.0525520874,    -0.05527285993,      0.8039624975,                 0,       53.68814892,     0.01648906504
          0,           0,         116,      -8.430685014,      -7.277902231,       -8.07914706,      -7.917408821,      -11.85900478,     0.01574611451,     0.01489209479,      0.8055972453,                 0,                 0,                 0,     0.05253703274,     -0.0553770004,      0.8038296362,                 0,       54.09562972,     0.01648906504
          0,           0,         117,      -8.436558361,      -7.283747267,      -8.089342401,      -7.924625088,      -11.86127606,     0.01574611451,     0.01478025295,      0.8054592852,                 0,                 0,                 0,     0.05251859455,    -0.05547639262,      0.8036824533,                 0,       54.49563602,     0.01648906504
          0,           0,         118,      -8.442176377,      -7.289299108,      -8.098437604,      -7.931537986,      -11.86304222,     0.01574611451,     0.01467176906,      0.8053064661,                 0,                 0,                 0,     0.05249674896,    -0.05557114463,      0.8035207608,                 0,       54.88816396,     0.01648906504
          0,           0,         119,      -8.447540512,      -7.294578869,      -8.106446711,      -7.938153734,      -11.86426091,     0.01574611451,     0.01456652785,      0.8051386667,                 0,                 0,                 0,      0.0524714859,     -0.0556613607,      0.8033444276,                 0,       55.27320408,     0.01648906504
          0,           0,         120,      -8.452653611,      -7.299606392,      -8.113389674,      -7.944479682,        -11.864893,     0.01574611451,     0.01446442077,      0.8049558221,                 0,                 0,                 0,     0.05244280721,    -0.05574714328,      0.8031533795,                 0,       55.65074711,     0.01648906504
          0,           0,         121,      -8.457520179,       -7.30440032,      -8.119293786,      -7.950524594,      -11.86491464,     0.01574611451,     0.01436534402,      0.8047579198,                 0,                 0,                 0,     0.05241072398,    -0.05582859469,      0.8029475952,                 0,       56.02078995,     0.01648906504
          0,           0,         122,      -8.462146387,      -7.308978158,      -8.124193623,      -7.956298589,      -11.86431832,     0.01574611451,     0.01426919857,      0.8045449943,                 0,                 0,                 0,     0.05237525348,    -0.05590581658,      0.8027271002,                 0,       56.38333437,     0.01648906504
          0,           0,         123,      -8.466539758,      -7.313356366,       -8.12813094,      -7.961812733,      -11.86310953,     0.01574611451,     0.01417588805,       0.804317118,                 0,                 0,                 0,     0.05233641606,    -0.05597891131,      0.8024919586,                 0,       56.73839376,     0.01648906504
          0,           0,         124,      -8.470709278,      -7.317550348,      -8.131154531,      -7.967079173,      -11.86130735,     0.01574611451,     0.01408531765,      0.8040743934,                 0,                 0,                 0,     0.05229423299,    -0.05604798222,      0.8022422639,                 0,       57.08599646,     0.01648906504
          0,           0,         125,      -8.474665484,      -7.321574615,      -8.133318917,      -7.972111241,      -11.85893577,     0.01574611451,     0.01399739455,      0.8038169387,                 0,                 0,                 0,     0.05224872007,    -0.05611313209,      0.8019781259,                 0,       57.42618285,     0.01648906504
          0,           0,         126,      -8.478419516,      -7.325442703,      -8.134682925,       -7.97692222,      -11.85602171,     0.01574611451,     0.01391202408,      0.8035448802,                 0,                 0,                 0,     0.05219989312,    -0.05617446623,      0.8016996621,                 0,       57.75902021,     0.01648906504
          0,           0,         127,      -8.481983591,      -7.329167399,      -8.135307647,      -7.981526111,       -11.8526157,     0.01574611451,     0.01382911499,      0.8032583456,                 0,                 0,                 0,     0.05214775922,     -0.0562320867,      0.8014069919,                 0,       58.08458072,     0.01648906504
          0,           0,         128,      -8.485370041,      -7.332760685,      -8.135254589,      -7.985936405,      -11.84878216,     0.01574611451,     0.01374857484,      0.8029574554,                 0,                 0,                 0,     0.05209232126,    -0.05628609606,      0.8011002272,                 0,        58.4029592,     0.01648906504
          0,           0,         129,      -8.488591081,      -7.336233825,       -8.13458341,       -7.99016581,       -11.8445935,     0.01574611451,     0.01367031361,       0.802642327,                 0,                 0,                 0,     0.05203358165,    -0.05633659424,       0.800779477,                 0,       58.71425851,     0.01685272303
          0,           0,         130,      -8.491658626,      -7.339597378,      -8.133350585,      -7.994226186,      -11.84013239,     0.01574611451,     0.01359424452,      0.8023130799,                 0,                 0,                 0,     0.05197154602,    -0.05638367808,      0.8004448528,                 0,        59.0185853,     0.01685272303
          0,           0,         131,       -8.49458433,      -7.342861285,      -8.131608973,      -7.998128707,      -11.83548149,     0.01574611451,     0.01352028548,      0.8019698452,                 0,                 0,                 0,     0.05190622735,    -0.05642744081,      0.8000964784,                 0,       59.31604378,     0.01685272303
          0,           0,         132,      -8.497379404,      -7.346034943,      -8.129408374,      -8.001883562,      -11.83072877,     0.01574611451,     0.01344835994,      0.8016127763,                 0,                 0,                 0,     0.05183764915,    -0.05646797204,      0.7997344994,                 0,        59.6067312,     0.01685272303
          0,           0,         133,      -8.500055058,      -7.349127367,      -8.126796772,      -8.005500751,       -11.8259477,     0.01574611451,     0.01337839774,      0.8012420611,                 0,                 0,                 0,     0.05176584946,    -0.05650535806,      0.7993590974,                 0,       59.89073406,     0.01685272303
          0,           0,         134,      -8.502622419,      -7.352147311,       -8.12382231,      -8.008990064,      -11.82121109,     0.01574611451,     0.01331033569,      0.8008579351,                 0,                 0,                 0,     0.05169088376,    -0.05653968233,      0.7989705011,                 0,       60.16812452,     0.01685272303
          0,           0,         135,      -8.505092784,      -7.355103431,       -8.12053489,      -8.012361457,      -11.81660107,     0.01574611451,     0.01324411779,      0.8004606938,                 0,                 0,                 0,     0.05161282847,    -0.05657102639,      0.7985690001,                 0,       60.43895913,     0.01685272303
          0,           0,         136,      -8.507477912,      -7.358004396,      -8.116987207,      -8.015625599,      -11.81218813,     0.01574611451,     0.01317969298,      0.8000506936,                 0,                 0,                 0,     0.05153177643,    -0.05659947217,      0.7981549451,                 0,       60.70328761,     0.01685272303
          0,           0,         137,      -8.509789538,      -7.360858987,      -8.113235317,      -8.018793195,      -11.80804287,     0.01574611451,     0.01311701754,      0.7996283708,                 0,                 0,                 0,     0.05144784696,    -0.05662510125,      0.7977287669,                 0,       60.96114214,     0.01685272303
          0,           0,         138,       -8.51204029,      -7.363676166,      -8.109337772,      -8.021876431,      -11.80423149,     0.01574611451,     0.01305605189,      0.7991942307,                 0,                 0,                 0,     0.05136117582,     -0.0566479971,      0.7972909653,                 0,       61.21255011,     0.01685272303
          0,           0,         139,      -8.514243073,      -7.366465088,      -8.105354896,      -8.024887984,      -11.80080668,     0.01574611451,     0.01299676111,      0.7987488504,                 0,                 0,                 0,     0.05127191677,    -0.05666824482,      0.7968421123,                 0,       61.45753113,     0.01685272303
          0,           0,         140,       -8.51641125,      -7.369235041,      -8.101347425,      -8.027841313,      -11.79780742,     0.01574611451,      0.0129391117,      0.7982928711,                 0,                 0,                 0,     0.05118023817,    -0.05668593363,      0.7963828436,                 0,       61.69611093,     0.01685272303
          0,           0,         141,        -8.5185587,      -7.371995417,       -8.09737503,      -8.030750726,      -11.79527125,     0.01574611451,     0.01288307271,        0.79782699,                 0,                 0,                 0,     0.05108631944,    -0.05670115517,      0.7959138512,                 0,       61.92831539,     0.01685272303
          0,           0,         142,      -8.520699633,      -7.374755563,      -8.093495095,      -8.033631097,      -11.79322613,     0.01574611451,     0.01282861439,      0.7973519519,                 0,                 0,                 0,     0.05099034875,    -0.05671400396,      0.7954358744,                 0,       62.15417564,     0.01685272303
          0,           0,         143,       -8.52284836,      -7.377524732,      -8.089761266,      -8.036497541,      -11.79168882,     0.01574611451,     0.01277570712,      0.7968685413,                 0,                 0,                 0,     0.05089252234,    -0.05672457789,      0.7949496922,                 0,       62.37373272,     0.01685272303
          0,           0,         144,      -8.525019293,      -7.380311949,       -8.08622243,      -8.039365452,      -11.79066647,     0.01574611451,     0.01272432042,       0.796377564,                 0,                 0,                 0,     0.05079303447,    -0.05673297756,      0.7944561046,                 0,       62.58704102,     0.01685272303
          0,           0,         145,      -8.527226107,      -7.383125903,      -8.082921995,      -8.042249296,        -11.790163,     0.01574611451,     0.01267442512,      0.7958798558,                 0,                 0,                 0,     0.05069208857,    -0.05673930487,      0.7939559416,                 0,       62.79415819,     0.01685272303
          0,           0,         146,      -8.529482524,      -7.385974838,      -8.079897814,      -8.045163937,      -11.79017888,     0.01574611451,     0.01262599127,      0.7953762625,                 0,                 0,                 0,     0.05058988611,    -0.05674366335,      0.7934500433,                 0,       62.99515382,     0.01685272303
          0,           0,         147,      -8.531801551,      -7.388866446,      -8.077182366,      -8.048123396,      -11.79070947,     0.01574611451,     0.01257898806,      0.7948676378,                 0,                 0,                 0,     0.05048662792,    -0.05674615815,      0.7929392576,                 0,       63.19010988,     0.01685272303
          0,           0,         148,      -8.534195605,      -7.391807932,      -8.074803148,      -8.051141205,      -11.79174828,     0.01574611451,      0.0125333847,      0.7943548355,                 0,                 0,                 0,     0.05038251183,    -0.05674689431,       0.792424432,                 0,       63.37911544,     0.01685272303
          0,           0,         149,       -8.53667639,       -7.39480588,      -8.072783369,      -8.054230309,        -11.793288,     0.01574611451,     0.01248914974,      0.7938387032,                 0,                 0,                 0,     0.05027773184,    -0.05674597704,      0.7919064084,                 0,       63.56226963,     0.01685272303
          0,           0,         150,        -8.5392548,      -7.397866306,      -8.071142215,      -8.057402968,      -11.79531678,     0.01574611451,     0.01244625117,       0.793320077,                 0,                 0,                 0,     0.05017247664,    -0.05674351111,      0.7913860168,                 0,       63.73968079,     0.01685272303
          0,           0,         151,      -8.541940757,      -7.400994546,      -8.069895018,      -8.060670538,      -11.79782388,     0.01574611451,     0.01240465644,      0.7927997766,                 0,                 0,                 0,       0.050066929,     -0.0567396004,      0.7908640711,                 0,       63.91146588,     0.01685272303
          0,           0,         152,      -8.544743158,        -7.4041953,      -8.069053342,      -8.064043431,      -11.80079493,     0.01574611451,     0.01236433327,      0.7922786056,                 0,                 0,                 0,     0.04996126791,    -0.05673434708,       0.790341369,                 0,       64.07774589,     0.01685272303
          0,           0,         153,      -8.547669882,       -7.40747262,      -8.068625106,      -8.067531106,      -11.80421634,     0.01574611451,     0.01232524722,      0.7917573329,                 0,                 0,                 0,     0.04985565775,    -0.05672785249,      0.7898186733,                 0,       64.23865733,     0.01685272303
          0,           0,         154,       -8.55072699,      -7.410829885,      -8.068614834,      -8.071140883,      -11.80807159,     0.01574611451,     0.01228736594,      0.7912367129,                 0,                 0,                 0,     0.04975026393,     -0.0567202146,      0.7892967329,                 0,       64.39433128,     0.01685272303
          0,           0,         155,      -8.553919947,      -7.414269823,      -8.069024166,      -8.074879785,      -11.81234259,     0.01574611451,      0.0122506561,      0.7907174668,                 0,                 0,                 0,     0.04964524089,    -0.05671152946,      0.7887762631,                 0,       64.54490764,     0.01685272303
          0,           0,         156,      -8.557252837,      -7.417794533,      -8.069852311,      -8.078753184,       -11.8170109,     0.01574611451,     0.01221508498,      0.7902002887,                 0,                 0,                 0,     0.04954073664,    -0.05670189018,      0.7882579528,                 0,       64.69052731,     0.01685272303
          0,           0,         157,      -8.560728692,       -7.42140553,      -8.071096607,      -8.082765335,      -11.82205781,     0.01574611451,     0.01218062005,      0.7896858417,                 0,                 0,                 0,      0.0494368911,    -0.05669138696,      0.7877424597,                 0,        64.8313336,     0.01685272303
          0,           0,         158,      -8.564349602,      -7.425103761,      -8.072753034,      -8.086919469,      -11.82746385,     0.01574611451,     0.01214722925,      0.7891747572,                 0,                 0,                 0,       0.049333836,    -0.05668010675,      0.7872304098,                 0,       64.96747046,     0.01685272303
          0,           0,         159,      -8.568116725,      -7.428889683,      -8.074816508,      -8.091217751,      -11.83320972,     0.01574611451,     0.01211488003,      0.7886676298,                 0,                 0,                 0,     0.04923169327,     -0.0566681338,      0.7867223927,                 0,       65.09908704,     0.01685272303
          0,           0,         160,      -8.572030317,      -7.432763269,      -8.077280869,       -8.09566129,      -11.83927597,     0.01574611451,        0.01208354,      0.7881650168,                 0,                 0,                 0,     0.04913057519,    -0.05665554897,      0.7862189609,                 0,       65.22633407,     0.01685272303
          0,           0,         161,      -8.576089735,      -7.436724033,      -8.080138788,      -8.100250076,      -11.84564132,     0.01574611451,     0.01205317661,       0.787667435,                 0,                 0,                 0,     0.04903058345,     -0.0566424297,      0.7857206262,                 0,       65.34936479,     0.01685272303
          0,           0,         162,      -8.580293494,       -7.44077106,      -8.083381473,      -8.104983004,      -11.85228658,     0.01574611451,     0.01202375699,      0.7871753584,                 0,                 0,                 0,     0.04893180907,    -0.05662885007,       0.785227858,                 0,       65.46833564,     0.01685272303
          0,           0,         163,      -8.584639165,       -7.44490301,      -8.086998433,      -8.109857693,      -11.85919156,     0.01574611451,     0.01199524881,      0.7866892206,                 0,                 0,                 0,     0.04883433423,    -0.05661488007,      0.7847410854,                 0,       65.58340167,     0.01685272303
          0,           0,         164,      -8.589123652,      -7.449118142,      -8.090977512,      -8.114870878,      -11.86633479,     0.01574611451,      0.0119676183,      0.7862094028,                 0,                 0,                 0,     0.04873822485,    -0.05660058655,      0.7842606853,                 0,       65.69472578,     0.01685272303
          0,           0,         165,       -8.59374255,      -7.453414341,       -8.09530499,       -8.12001742,      -11.87369356,     0.01574611451,     0.01194083374,      0.7857362519,                 0,                 0,                 0,     0.04864354333,    -0.05658603137,      0.7837870004,                 0,       65.80246143,     0.01685272303
          0,           0,         166,      -8.598491262,      -7.457789165,      -8.099965725,      -8.125291981,      -11.88124504,     0.01574611451,     0.01191486345,       0.785270069,                 0,                 0,                 0,     0.04855034001,    -0.05657127232,      0.7833203281,                 0,       65.90676194,     0.01685272303
          0,           0,         167,      -8.603364493,       -7.46223989,       -8.10494359,      -8.130688168,      -11.88896604,     0.01574611451,     0.01188967663,      0.7848111176,                 0,                 0,                 0,     0.04845865765,    -0.05655636305,      0.7828609279,                 0,       66.00777651,     0.01685272303
          0,           0,         168,      -8.608356531,      -7.466763551,      -8.110221793,      -8.136199038,      -11.89683243,     0.01574611451,     0.01186524307,      0.7843596247,                 0,                 0,                 0,     0.04836853168,    -0.05654135343,      0.7824090236,                 0,       66.10565159,     0.01685272303
          0,           0,         169,      -8.613461394,       -7.47135701,      -8.115783242,      -8.141817271,      -11.90482019,     0.01574611451,     0.01184153366,      0.7839157836,                 0,                 0,                 0,     0.04827999087,    -0.05652628932,       0.781964805,                 0,       66.20052824,     0.01685272303
          0,           0,         170,      -8.618672902,      -7.476016997,      -8.121610923,      -8.147535264,      -11.91290563,     0.01574611451,     0.01181852052,      0.7834797567,                 0,                 0,                 0,     0.04819305809,    -0.05651121265,      0.7815284316,                 0,       66.29254107,     0.01685272303
          0,           0,         171,      -8.623984658,      -7.480740153,      -8.127688147,      -8.153345136,       -11.9210657,     0.01574611451,     0.01179617668,      0.7830516778,                 0,                 0,                 0,     0.04810775066,    -0.05649616191,      0.7811000343,                 0,       66.38182003,     0.01685272303
          0,           0,         172,       -8.62939013,      -7.485523045,       -8.13399864,      -8.159238812,      -11.92927788,     0.01574611451,     0.01177447671,      0.7826316542,                 0,                 0,                 0,     0.04802408102,    -0.05648117185,      0.7806797177,                 0,        66.4684872,     0.01685272303
          0,           0,         173,      -8.634882732,      -7.490362215,      -8.140526601,      -8.165208154,      -11.93751954,     0.01574611451,     0.01175339618,      0.7822197689,                 0,                 0,                 0,     0.04794205696,    -0.05646627399,      0.7802675625,                 0,       66.55265907,     0.01685272303
          0,           0,         174,      -8.640455895,      -7.495254192,      -8.147256641,      -8.171245035,      -11.94576897,     0.01574611451,     0.01173291172,      0.7818160823,                 0,                 0,                 0,     0.04786168225,     -0.0564514969,      0.7798636267,                 0,       66.63444682,     0.01685272303
          0,           0,         175,      -8.646103003,       -7.50019549,      -8.154173755,      -8.177341263,       -11.9540048,     0.01574611451,     0.01171300087,      0.7814206342,                 0,                 0,                 0,     0.04778295698,    -0.05643686641,      0.7794679481,                 0,        66.7139568,     0.01685272303
          0,           0,         176,      -8.651817492,      -7.505182633,      -8.161263278,       -8.18348871,      -11.96220583,     0.01574611451,     0.01169364236,      0.7810334459,                 0,                 0,                 0,     0.04770587812,    -0.05642240557,      0.7790805459,                 0,       66.79128898,     0.01685272303
          0,           0,         177,      -8.657592879,      -7.510212158,      -8.168510904,      -8.189679337,      -11.97034923,     0.01574611451,     0.01167481608,      0.7806545219,                 0,                 0,                 0,     0.04763043999,    -0.05640813481,      0.7787014231,                 0,       66.86653705,     0.01685272303
          0,           0,         178,       -8.66342285,      -7.515280623,      -8.175902799,       -8.19590536,       -11.9784149,     0.01574611451,      0.0116565031,       0.780283853,                 0,                 0,                 0,     0.04755663489,    -0.05639407218,      0.7783305686,                 0,        66.9397886,     0.01685272303
          0,           0,         179,      -8.669301293,      -7.520384622,      -8.183425687,      -8.202159265,       -11.9863821,     0.01574611451,      0.0116386851,      0.7799214167,                 0,                 0,                 0,     0.04748445309,    -0.05638023397,      0.7779679585,                 0,       67.01112798,     0.01685272303
          0,           0,         180,      -8.675222317,      -7.525520783,      -8.191066963,      -8.208433877,      -11.99423088,     0.01574611451,     0.01162134479,      0.7795671789,                 0,                 0,                 0,     0.04741388303,    -0.05636663444,      0.7776135573,                 0,       67.08063423,     0.01685272303
          0,           0,         181,       -8.68118022,      -7.530685776,      -8.198814747,      -8.214722301,      -12.00194106,     0.01574611451,     0.01160446583,      0.7792210953,                 0,                 0,                 0,     0.04734491167,    -0.05635328599,      0.7772673197,                 0,        67.1483812,     0.01685272303
          0,           0,         182,      -8.687169552,      -7.535876328,      -8.206657894,      -8.221018011,      -12.00949142,     0.01574611451,     0.01158803295,      0.7788831128,                 0,                 0,                 0,     0.04727752465,    -0.05634019923,       0.776929191,                 0,        67.2144372,     0.01685272303
          0,           0,         183,      -8.693185116,      -7.541089211,      -8.214585926,      -8.227314882,      -12.01686294,     0.01574611451,      0.0115720315,        0.77855317,                 0,                 0,                 0,      0.0472117065,    -0.05632738337,      0.7765991091,                 0,       67.27886715,     0.01685272303
          0,           0,         184,      -8.699221852,      -7.546321244,      -8.222588937,      -8.233607004,      -12.02403666,     0.01574611451,     0.01155644761,      0.7782311986,                 0,                 0,                 0,     0.04714744084,     -0.0563148463,      0.7762770047,                 0,       67.34173205,     0.01685272303
          0,           0,         185,      -8.705274943,      -7.551569292,      -8.230657482,      -8.239888839,      -12.03099211,     0.01574611451,     0.01154126818,       0.777917124,                 0,                 0,                 0,     0.04708471047,    -0.05630259457,      0.7759628023,                 0,       67.40308878,     0.01685272303
          0,           0,         186,      -8.711339731,      -7.556830265,      -8.238782494,      -8.246155085,      -12.03770935,     0.01574611451,     0.01152648088,      0.7776108668,                 0,                 0,                 0,     0.04702349788,    -0.05629063353,      0.7756564217,                 0,       67.46299023,     0.01685272303
          0,           0,         187,      -8.717411771,      -7.562101105,      -8.246955335,      -8.252400793,      -12.04417029,     0.01574611451,      0.0115120739,      0.7773123434,                 0,                 0,                 0,     0.04696378534,    -0.05627896766,      0.7753577786,                 0,        67.5214866,     0.01685272303
          0,           0,         188,      -8.723486867,      -7.567378797,      -8.255167828,      -8.258621384,      -12.05034683,     0.01574611451,     0.01149803615,      0.7770214674,                 0,                 0,                 0,     0.04690555505,    -0.05626760047,       0.775066786,                 0,       67.57862448,     0.01685272303
          0,           0,         189,       -8.72956102,      -7.572660376,      -8.263412318,      -8.264812593,      -12.05622903,     0.01574611451,     0.01148435721,      0.7767381499,                 0,                 0,                 0,     0.04684878937,    -0.05625653461,      0.7747833544,                 0,       67.63444709,     0.01685272303
          0,           0,         190,      -8.735630497,      -7.577942924,      -8.271681725,      -8.270970552,      -12.06180728,     0.01574611451,     0.01147102653,       0.776462297,                 0,                 0,                 0,     0.04679346857,    -0.05624577239,      0.7745073893,                 0,       67.68899843,     0.01697900297
          0,           0,         191,      -8.741691599,      -7.583223577,      -8.279969552,      -8.277091467,      -12.06707189,     0.01574611451,     0.01145803434,      0.7761938136,                 0,                 0,                 0,     0.04673957392,    -0.05623531528,      0.7742387953,                 0,       67.74231868,     0.01697900297
          0,           0,         192,      -8.747740682,        -7.5884995,      -8.288269662,      -8.283171684,      -12.07202048,     0.01574611451,     0.01144537114,      0.7759326013,                 0,                 0,                 0,      0.0466870857,    -0.05622516414,      0.7739774733,                 0,        67.7944465,     0.01697900297
          0,           0,         193,      -8.753774594,      -7.593767885,      -8.296576126,      -8.289208256,      -12.07665488,     0.01574611451,     0.01143302793,      0.7756785598,                 0,                 0,                 0,     0.04663598439,    -0.05621531921,      0.7737233227,                 0,       67.84541808,     0.01697900297
          0,           0,         194,      -8.759790201,      -7.599025943,         -8.304883,      -8.295198289,      -12.08098135,     0.01574611451,     0.01142099602,      0.7754315873,                 0,                 0,                 0,     0.04658625059,    -0.05620578025,      0.7734762414,                 0,       67.89526813,     0.01734042505
          0,           0,         195,      -8.765784341,      -7.604270908,      -8.313184232,      -8.301138884,      -12.08501058,     0.01574611451,     0.01140926719,      0.7751915813,                 0,                 0,                 0,     0.04653786521,    -0.05619654655,      0.7732361264,                 0,       67.94402902,     0.01734042505
          0,           0,         196,      -8.771754165,      -7.609500049,      -8.321473812,      -8.307027587,      -12.08875728,     0.01574611451,     0.01139783379,      0.7749584389,                 0,                 0,                 0,     0.04649080946,    -0.05618761675,      0.7730028748,                 0,        67.9917301,     0.01734042505
          0,           0,         197,      -8.777697053,      -7.614710681,      -8.329745982,      -8.312862257,      -12.09223774,     0.01574611451,     0.01138668854,      0.7747320573,                 0,                 0,                 0,     0.04644506485,    -0.05617898913,      0.7727763832,                 0,       68.03839891,     0.01734042505
          0,           0,         198,       -8.78361049,      -7.619900165,      -8.337995411,      -8.318640917,      -12.09546816,     0.01574611451,     0.01137582456,      0.7745123339,                 0,                 0,                 0,     0.04640061331,    -0.05617066162,      0.7725565491,                 0,       68.08406105,     0.01734042505
          0,           0,         199,      -8.789492182,      -7.625065907,      -8.346217248,      -8.324361912,      -12.09846242,     0.01574611451,     0.01136523516,      0.7742991668,                 0,                 0,                 0,     0.04635743711,    -0.05616263198,      0.7723432702,                 0,       68.12874139,     0.01734042505
          0,           0,         200,       -8.79534012,      -7.630205348,      -8.354407092,       -8.33002397,      -12.10122947,     0.01574611451,     0.01135491383,      0.7740924539,                 0,                 0,                 0,     0.04631551854,    -0.05615489782,      0.7721364444,                 0,       68.17246398,     0.01734042505
          0,           0,         201,      -8.801152449,      -7.635315968,      -8.362560825,      -8.335626057,      -12.10377261,     0.01574611451,     0.01134485438,      0.7738920946,                 0,                 0,                 0,      0.0462748406,    -0.05614745652,      0.7719359707,                 0,       68.21525146,     0.01697676707
          0,           0,         202,      -8.806927539,      -7.640395291,      -8.370674451,      -8.341167421,      -12.10608906,     0.01574611451,     0.01133505043,      0.7736979863,                 0,                 0,                 0,     0.04623538534,    -0.05614030551,      0.7717417466,                 0,       68.25712782,     0.01697676707
          0,           0,         203,      -8.812663885,      -7.645440908,       -8.37874395,      -8.346647466,      -12.10817039,     0.01574611451,     0.01132549575,      0.7735100261,                 0,                 0,                 0,     0.04619713468,    -0.05613344203,       0.771553669,                 0,       68.29811631,     0.01697676707
          0,           0,         204,      -8.818360105,       -7.65045049,      -8.386765143,      -8.352065714,      -12.11000449,     0.01574611451,     0.01131618419,       0.773328109,                 0,                 0,                 0,     0.04616006986,    -0.05612686303,      0.7713716325,                 0,        68.3382398,     0.01697676707
          0,           0,         205,      -8.824014984,      -7.655421792,      -8.394733525,      -8.357421878,      -12.11157797,     0.01574611451,     0.01130710958,      0.7731521282,                 0,                 0,                 0,     0.04612417169,    -0.05612056538,      0.7711955305,                 0,       68.37752147,     0.01697676707
          0,           0,         206,      -8.829627415,      -7.660352646,       -8.40264416,      -8.362715772,      -12.11287853,     0.01574611451,     0.01129826596,      0.7729819753,                 0,                 0,                 0,     0.04608942067,    -0.05611454554,      0.7710252543,                 0,       68.41598329,     0.01697676707
          0,           0,         207,      -8.835196456,      -7.665240957,      -8.410491603,      -8.367947389,      -12.11389693,     0.01574611451,     0.01128964745,      0.7728175406,                 0,                 0,                 0,     0.04605579718,    -0.05610879983,      0.7708606942,                 0,       68.45364695,     0.01697676707
          0,           0,         208,      -8.840721369,      -7.670084716,      -8.418269998,      -8.373116937,       -12.1146282,     0.01574611451,     0.01128124821,      0.7726587135,                 0,                 0,                 0,     0.04602328155,     -0.0561033244,      0.7707017394,                 0,       68.49053392,     0.01697676707
          0,           0,         209,      -8.846201668,      -7.674882028,      -8.425973252,      -8.378224934,      -12.11507217,     0.01574611451,     0.01127306254,      0.7725053823,                 0,                 0,                 0,     0.04599185403,    -0.05609811524,      0.7705482783,                 0,        68.5266652,     0.01697676707
          0,           0,         210,      -8.851637089,      -7.679631159,      -8.433595352,      -8.383272164,       -12.1152334,     0.01574611451,     0.01126508496,      0.7723574348,                 0,                 0,                 0,      0.0459614947,    -0.05609316799,      0.7704001984,                 0,       68.56206036,     0.01697676707
          0,           0,         211,      -8.857027589,      -7.684330581,      -8.441130533,      -8.388259661,      -12.11512049,     0.01574611451,     0.01125731009,      0.7722147575,                 0,                 0,                 0,     0.04593218334,    -0.05608847812,      0.7702573864,                 0,       68.59673859,     0.01697676707
          0,           0,         212,      -8.862373382,      -7.688978997,       -8.44857343,      -8.393188729,      -12.11474533,     0.01574611451,     0.01124973264,      0.7720772358,                 0,                 0,                 0,     0.04590389933,    -0.05608404094,      0.7701197277,                 0,       68.63071869,     0.01697676707
          0,           0,         213,      -8.867674845,      -7.693575348,      -8.455919026,      -8.398060854,      -12.11412226,     0.01574611451,     0.01124234748,      0.7719447538,                 0,                 0,                 0,     0.04587662158,    -0.05607985143,      0.7699871061,                 0,       68.66401839,     0.01697676707
          0,           0,         214,      -8.872932539,      -7.698118809,      -8.463162556,      -8.402877699,      -12.11326731,     0.01574611451,     0.01123514941,      0.7718171937,                 0,                 0,                 0,     0.04585032842,    -0.05607590451,      0.7698594041,                 0,       68.69665596,     0.01697676707
          0,           0,         215,      -8.878147227,      -7.702608789,        -8.4702993,      -8.407641091,      -12.11219756,     0.01574611451,      0.0112281331,      0.7716944357,                 0,                 0,                 0,     0.04582499746,    -0.05607219505,      0.7697365016,                 0,       68.72865048,     0.01697676707
          0,           0,         216,      -8.883319899,      -7.707044944,      -8.477324593,      -8.412353086,      -12.11093085,     0.01574611451,     0.01122129325,      0.7715763574,                 0,                 0,                 0,     0.04580060553,    -0.05606871767,      0.7696182765,                 0,       68.76002079,     0.01697676707
          0,           0,         217,      -8.888451734,      -7.711427202,      -8.484233768,      -8.417015902,      -12.10948554,     0.01574611451,     0.01121462442,      0.7714628341,                 0,                 0,                 0,     0.04577712858,    -0.05606546692,       0.769504604,                 0,       68.79078648,     0.01697676707
          0,           0,         218,      -8.893544119,        -7.7157558,      -8.491022279,      -8.421631922,       -12.1078804,     0.01574611451,     0.01120812119,      0.7713537381,                 0,                 0,                 0,     0.04575454166,    -0.05606243705,      0.7693953563,                 0,       68.82096694,     0.01697676707
          0,           0,         219,      -8.898598629,      -7.720031314,      -8.497685807,       -8.42620369,      -12.10613445,     0.01574611451,     0.01120177819,      0.7712489388,                 0,                 0,                 0,     0.04573281895,    -0.05605962207,      0.7692904031,                 0,        68.8505812,     0.01697676707
          0,           0,         220,      -8.903617087,       -7.72425468,      -8.504220361,      -8.430733965,      -12.10426707,     0.01574611451,     0.01119559023,      0.7711483033,                 0,                 0,                 0,     0.04571193399,    -0.05605701551,      0.7691896112,                 0,       68.87964701,     0.01697676707
          0,           0,         221,      -8.908601504,      -7.728427198,      -8.510622416,      -8.435225672,      -12.10229808,     0.01574611451,     0.01118955204,      0.7710516963,                 0,                 0,                 0,     0.04569185976,    -0.05605461088,      0.7690928456,                 0,       68.90818271,     0.01697676707
          0,           0,         222,      -8.913554139,      -7.732550536,      -8.516889012,      -8.439681953,      -12.10024774,     0.01574611451,     0.01118365837,      0.7709589806,                 0,                 0,                 0,     0.04567256872,    -0.05605240141,       0.768999969,                 0,        68.9362063,     0.01697676707
          0,           0,         223,      -8.918477496,      -7.736626723,      -8.523017923,      -8.444106213,      -12.09813669,     0.01574611451,     0.01117790418,      0.7708700173,                 0,                 0,                 0,     0.04565403291,    -0.05605038004,      0.7689108427,                 0,       68.96373462,     0.01697676707
          0,           0,         224,      -8.923374262,      -7.740658148,       -8.52900778,      -8.448502009,      -12.09598594,     0.01574611451,      0.0111722844,      0.7707846657,                 0,                 0,                 0,      0.0456362238,    -0.05604853955,      0.7688253261,                 0,       68.99078451,     0.01697676707
          0,           0,         225,       -8.92824739,      -7.744647563,      -8.534858201,      -8.452873151,       -12.0938169,     0.01574611451,     0.01116679427,       0.770702784,                 0,                 0,                 0,     0.04561911249,    -0.05604687233,      0.7687432774,                 0,       69.01737107,     0.01697676707
          0,           0,         226,      -8.933099989,       -7.74859808,      -8.540569837,       -8.45722358,      -12.09165134,     0.01574611451,     0.01116142903,      0.7706242288,                 0,                 0,                 0,     0.04560266967,    -0.05604537062,      0.7686645536,                 0,        69.0435093,     0.01697676707
          0,           0,         227,      -8.937935358,      -7.752513172,      -8.546144378,      -8.461557383,      -12.08951123,     0.01574611451,     0.01115618404,      0.7705488559,                 0,                 0,                 0,     0.04558686565,    -0.05604402646,      0.7685890104,                 0,       69.06921336,     0.01697676707
          0,           0,         228,      -8.942756985,      -7.756396663,      -8.551584477,      -8.465878821,      -12.08741858,     0.01574611451,     0.01115105466,      0.7704765196,                 0,                 0,                 0,     0.04557167026,    -0.05604283181,      0.7685165023,                 0,       69.09449764,     0.01697676707
          0,           0,         229,      -8.947568535,      -7.760252718,      -8.556893724,       -8.47019229,      -12.08539388,     0.01574611451,     0.01114603624,      0.7704070735,                 0,                 0,                 0,     0.04555705297,    -0.05604177851,      0.7684468831,                 0,       69.11937635,     0.01697676707
          0,           0,         230,      -8.952373821,      -7.764085818,       -8.56207655,      -8.474502291,      -12.08345977,     0.01574611451,     0.01114112431,      0.7703403704,                 0,                 0,                 0,     0.04554298304,    -0.05604085819,      0.7683800057,                 0,        69.1438628,     0.01697676707
          0,           0,         231,      -8.957176799,      -7.767900743,       -8.56713812,      -8.478813436,      -12.08163862,     0.01574611451,     0.01113631459,      0.7702762629,                 0,                 0,                 0,     0.04552942972,    -0.05604006226,       0.768315723,                 0,       69.16796902,     0.01697676707
          0,           0,         232,      -8.961981571,      -7.771702537,      -8.572084361,      -8.483130427,      -12.07995174,     0.01574611451,     0.01113160306,       0.770214604,                 0,                 0,                 0,     0.04551636238,    -0.05603938193,       0.768253888,                 0,        69.1917058,     0.01697676707
          0,           0,         233,      -8.966792312,      -7.775496488,      -8.576921892,      -8.487457996,      -12.07841992,     0.01574611451,     0.01112698587,      0.7701552473,                 0,                 0,                 0,     0.04550375071,    -0.05603880828,      0.7681943548,                 0,       69.21508272,     0.01697676707
          0,           0,         234,      -8.971613358,      -7.779288096,      -8.581658014,       -8.49180101,      -12.07706385,     0.01574611451,     0.01112245937,      0.7700980481,                 0,                 0,                 0,     0.04549156479,    -0.05603833231,      0.7681369787,                 0,       69.23810843,     0.01697676707
          0,           0,         235,      -8.976449129,      -7.783083044,      -8.586300756,      -8.496164375,      -12.07590266,     0.01574611451,     0.01111802039,      0.7700428634,                 0,                 0,                 0,      0.0454797752,    -0.05603794474,      0.7680816171,                 0,       69.26078891,     0.01697676707
          0,           0,         236,      -8.981304157,      -7.786887173,      -8.590858795,      -8.500553113,      -12.07495464,     0.01574611451,      0.0111136652,      0.7699895519,                 0,                 0,                 0,     0.04546835325,    -0.05603763696,      0.7680281289,                 0,       69.28313371,     0.01697676707
          0,           0,         237,      -8.986182953,      -7.790706443,      -8.595341412,      -8.504972134,      -12.07423744,     0.01574611451,      0.0111093912,      0.7699379758,                 0,                 0,                 0,     0.04545727095,    -0.05603739954,      0.7679763766,                 0,       69.30514568,     0.01697676707
          0,           0,         238,      -8.991090021,      -7.794546901,      -8.599758297,      -8.509426301,       -12.0737669,     0.01574611451,     0.01110519577,      0.7698880002,                 0,                 0,                 0,     0.04544650104,    -0.05603722335,      0.7679262255,                 0,       69.32682829,     0.01697676707
          0,           0,         239,      -8.996029875,      -7.798414653,      -8.604119512,      -8.513920449,      -12.07355775,     0.01574611451,     0.01110107648,      0.7698394933,                 0,                 0,                 0,     0.04543601707,     -0.0560370993,      0.7678775442,                 0,       69.34818391,     0.01697676707
          0,           0,         240,      -9.001006949,      -7.802315829,      -8.608435376,      -8.518459296,      -12.07362333,     0.01574611451,     0.01109703106,      0.7697923267,                 0,                 0,                 0,     0.04542579331,    -0.05603701849,      0.7678302045,                 0,       69.36921438,     0.01697676707
          0,           0,         241,      -9.006025635,      -7.806256547,      -8.612716204,      -8.523047433,      -12.07397562,     0.01574611451,     0.01109305736,      0.7697463755,                 0,                 0,                 0,     0.04541580477,    -0.05603697216,      0.7677840818,                 0,       69.38992116,     0.01697676707
          0,           0,         242,      -9.011090227,      -7.810242883,      -8.616972279,      -8.527689297,      -12.07462532,     0.01574611451,     0.01108915335,      0.7697015183,                 0,                 0,                 0,     0.04540602711,    -0.05603695175,       0.767739055,                 0,       69.41030521,     0.01697676707
          0,           0,         243,       -9.01620491,      -7.814280843,      -8.621213682,      -8.532389161,      -12.07558184,     0.01574611451,     0.01108531717,      0.7696576371,                 0,                 0,                 0,     0.04539643675,    -0.05603694883,      0.7676950065,                 0,       69.43036677,     0.01697676707
          0,           0,         244,      -9.021373787,      -7.818376327,      -8.625450145,      -8.537151168,      -12.07685326,     0.01574611451,     0.01108154716,      0.7696146179,                 0,                 0,                 0,     0.04538701095,    -0.05603695512,      0.7676518224,                 0,       69.45010534,     0.01697676707
          0,           0,         245,      -9.026600811,      -7.822535111,      -8.629690995,      -8.541979251,      -12.07844627,     0.01574611451,      0.0110778418,      0.7695723505,                 0,                 0,                 0,      0.0453777279,    -0.05603696254,      0.7676093929,                 0,       69.46951983,     0.01697676707
          0,           0,         246,      -9.031889789,      -7.826762819,      -8.633945057,      -8.546877132,      -12.08036503,     0.01574611451,     0.01107419971,      0.7695307293,                 0,                 0,                 0,     0.04536856686,    -0.05603696324,      0.7675676127,                 0,       69.48860859,     0.01697676707
          0,           0,         247,      -9.037244336,      -7.831064895,      -8.638220663,      -8.551848306,      -12.08261104,     0.01574611451,      0.0110706197,      0.7694896533,                 0,                 0,                 0,      0.0453595082,    -0.05603694962,      0.7675263809,                 0,       69.50736942,     0.01697676707
          0,           0,         248,      -9.042667957,      -7.835446594,      -8.642525619,      -8.556896122,      -12.08518898,     0.01574611451,     0.01106710076,      0.7694490262,                 0,                 0,                 0,     0.04535053348,    -0.05603691428,      0.7674856017,                 0,       69.52579928,     0.01697676707
          0,           0,         249,      -9.048163895,      -7.839912955,      -8.646867238,      -8.562023636,      -12.08810013,     0.01574611451,      0.0110636421,      0.7694087571,                 0,                 0,                 0,     0.04534162551,    -0.05603685009,      0.7674451844,                 0,       69.54389431,     0.01697676707
          0,           0,         250,      -9.053735249,      -7.844468794,       -8.65125239,      -8.567233747,      -12.09134731,     0.01574611451,     0.01106024312,      0.7693687602,                 0,                 0,                 0,     0.04533276833,    -0.05603675019,      0.7674050435,                 0,       69.56164997,     0.01697676707
          0,           0,         251,      -9.059384904,       -7.84911869,      -8.655687464,      -8.572529108,      -12.09492826,     0.01574611451,     0.01105690334,      0.7693289553,                 0,                 0,                 0,     0.04532394723,    -0.05603660804,       0.767365099,                 0,       69.57906132,     0.01697676707
          0,           0,         252,      -9.065115444,      -7.853866966,      -8.660178428,      -8.577912063,      -12.09884238,     0.01574611451,     0.01105362242,      0.7692892676,                 0,                 0,                 0,     0.04531514866,    -0.05603641745,      0.7673252763,                 0,       69.59612316,     0.01697676707
          0,           0,         253,      -9.070929324,      -7.858717684,      -8.664730787,      -8.583384809,       -12.1030872,     0.01574611451,     0.01105040011,      0.7692496274,                 0,                 0,                 0,     0.04530636022,    -0.05603617262,      0.7672855061,                 0,       69.61283025,     0.01697676707
          0,           0,         254,      -9.076828663,      -7.863674633,       -8.66934953,      -8.588949213,      -12.10765809,     0.01574611451,     0.01104723621,      0.7692099702,                 0,                 0,                 0,      0.0452975705,    -0.05603586814,      0.7672457241,                 0,       69.62917744,     0.01697676707
          0,           0,         255,      -9.082815417,      -7.868741325,      -8.674039147,      -8.594606968,      -12.11254955,     0.01574611451,     0.01104413059,      0.7691702368,                 0,                 0,                 0,     0.04528876917,    -0.05603549896,      0.7672058713,                 0,       69.64515956,     0.01697676707
          0,           0,         256,      -9.088891243,      -7.873920992,      -8.678803546,       -8.60035944,       -12.1177572,     0.01574611451,     0.01104108317,      0.7691303726,                 0,                 0,                 0,     0.04527994677,    -0.05603506038,      0.7671658931,                 0,       69.66077159,     0.01697676707
          0,           0,         257,      -9.095057613,      -7.879216581,      -8.683646049,      -8.606207849,      -12.12327512,     0.01574611451,     0.01103809387,      0.7690903275,                 0,                 0,                 0,     0.04527109475,    -0.05603454814,      0.7671257398,                 0,       69.67600897,     0.01661534499
          0,           0,         258,      -9.101315848,      -7.884630757,      -8.688569402,      -8.612153275,      -12.12909595,     0.01574611451,     0.01103516267,      0.7690500561,                 0,                 0,                 0,     0.04526220546,     -0.0560339583,      0.7670853662,                 0,       69.69086719,     0.01661534499
          0,           0,         259,      -9.107667046,      -7.890165903,      -8.693575749,        -8.6181966,      -12.13521219,     0.01574611451,     0.01103228953,      0.7690095175,                 0,                 0,                 0,     0.04525327214,    -0.05603328734,      0.7670447315,                 0,       69.70534224,     0.01661534499
          0,           0,         260,      -9.114112119,      -7.895824125,      -8.698666659,      -8.624338509,      -12.14161652,     0.01574611451,     0.01102947444,      0.7689686752,                 0,                 0,                 0,     0.04524428895,    -0.05603253208,      0.7670037993,                 0,       69.71943039,     0.01661534499
          0,           0,         261,      -9.120651783,      -7.901607252,      -8.703843172,      -8.630579575,      -12.14829989,     0.01574611451,     0.01102671741,      0.7689274971,                 0,                 0,                 0,     0.04523525096,     -0.0560316897,      0.7669625375,                 0,       69.73312803,     0.01661534499
          0,           0,         262,      -9.127286601,      -7.907516851,      -8.709105869,      -8.636920228,      -12.15525364,     0.01574611451,     0.01102401854,      0.7688859554,                 0,                 0,                 0,     0.04522615418,    -0.05603075771,      0.7669209187,                 0,       69.74643163,     0.01661534499
          0,           0,         263,      -9.134016938,      -7.913554231,      -8.714454852,      -8.643360733,      -12.16246877,     0.01574611451,     0.01102137792,      0.7688440267,                 0,                 0,                 0,     0.04521699544,    -0.05602973395,      0.7668789195,                 0,       69.75933791,     0.01661534499
          0,           0,         264,      -9.140842966,      -7.919720447,      -8.719890001,      -8.649901249,      -12.16993565,     0.01574611451,     0.01101879567,      0.7688016919,                 0,                 0,                 0,     0.04520777236,    -0.05602861666,      0.7668365207,                 0,       69.77184396,     0.01661534499
          0,           0,         265,       -9.14776465,      -7.926016316,       -8.72541084,      -8.656541729,      -12.17764497,     0.01574611451,     0.01101627183,      0.7687589355,                 0,                 0,                 0,     0.04519848326,    -0.05602740442,       0.766793707,                 0,       69.78394752,     0.01661534499
          0,           0,         266,      -9.154781858,      -7.932442423,       -8.73101671,       -8.66328211,      -12.18558732,     0.01574611451,     0.01101380648,      0.7687157459,                 0,                 0,                 0,     0.04518912714,    -0.05602609618,      0.7667504669,                 0,       69.79564672,     0.01638321411
          0,           0,         267,      -9.161894188,      -7.938999127,      -8.736706691,      -8.670122101,      -12.19375273,     0.01574611451,     0.01101139961,      0.7686721153,                 0,                 0,                 0,     0.04517970358,    -0.05602469123,      0.7667067925,                 0,        69.8069403,     0.01638321411
          0,           0,         268,      -9.169101145,      -7.945686589,      -8.742479652,      -8.677061339,      -12.20213118,     0.01574611451,     0.01100905118,      0.7686280387,                 0,                 0,                 0,     0.04517021265,     -0.0560231892,       0.766662679,                 0,       69.81782774,     0.01638321411
          0,           0,         269,      -9.176401991,      -7.952504762,      -8.748334247,      -8.684099322,      -12.21071252,     0.01574611451,     0.01100676106,      0.7685835145,                 0,                 0,                 0,     0.04516065491,    -0.05602159006,      0.7666181246,                 0,       69.82830919,     0.01638321411
          0,           0,         270,      -9.183795866,      -7.959453411,      -8.754268792,      -8.691235446,      -12.21948665,     0.01574611451,     0.01100452913,       0.768538544,                 0,                 0,                 0,     0.04515103154,    -0.05601989406,      0.7665731308,                 0,       69.83838519,     0.01638321411
          0,           0,         271,       -9.19128172,      -7.966532121,      -8.760281329,      -8.698468897,      -12.22844353,     0.01574611451,     0.01100235502,      0.7684931305,                 0,                 0,                 0,     0.04514134352,    -0.05601810185,      0.7665277005,                 0,       69.84805792,     0.01638321411
          0,           0,         272,      -9.198858602,      -7.973740306,      -8.766369825,      -8.705799202,      -12.23757329,     0.01574611451,      0.0110002385,      0.7684472806,                 0,                 0,                 0,     0.04513159297,    -0.05601621423,      0.7664818406,                 0,       69.85732903,     0.01638321411
          0,           0,         273,      -9.206525062,      -7.981077221,      -8.772531828,      -8.713225258,      -12.24686631,     0.01574611451,     0.01099817924,      0.7684010031,                 0,                 0,                 0,     0.04512178212,    -0.05601423231,      0.7664355598,                 0,       69.86620116,     0.01638321411
          0,           0,         274,      -9.214279703,      -7.988541971,      -8.778764851,      -8.720746101,      -12.25631202,     0.01574611451,     0.01099617687,      0.7683543093,                 0,                 0,                 0,      0.0451119137,    -0.05601215743,      0.7663888692,                 0,       69.87467722,     0.01638321411
          0,           0,         275,      -9.222120904,      -7.996133528,      -8.785066343,      -8.728360645,      -12.26590096,     0.01574611451,     0.01099423101,       0.768307213,                 0,                 0,                 0,     0.04510199084,    -0.05600999117,      0.7663417825,                 0,       69.88276054,     0.01638321411
          0,           0,         276,      -9.230046965,      -8.003850738,      -8.791433722,       -8.73606778,      -12.27562419,     0.01574611451,     0.01099234125,        0.76825973,                 0,                 0,                 0,     0.04509201707,    -0.05600773531,      0.7662943154,                 0,       69.89045485,     0.01638321411
          0,           0,         277,      -9.238056017,      -8.011692324,      -8.797864625,      -8.743866265,       -12.2854726,     0.01574611451,     0.01099050714,      0.7682118783,                 0,                 0,                 0,     0.04508199625,    -0.05600539189,      0.7662464859,                 0,       69.89776434,     0.01638321411
          0,           0,         278,      -9.246146082,      -8.019656907,      -8.804356751,      -8.751754814,      -12.29543684,     0.01574611451,     0.01098872821,      0.7681636779,                 0,                 0,                 0,     0.04507193264,    -0.05600296312,      0.7661983139,                 0,       69.90469354,     0.01638321411
          0,           0,         279,      -9.254314931,      -8.027743006,      -8.810908066,      -8.759731927,      -12.30550756,     0.01574611451,     0.01098700393,      0.7681151507,                 0,                 0,                 0,     0.04506183073,    -0.05600045141,      0.7661498211,                 0,        69.9112475,     0.01638321411
          0,           0,         280,      -9.262560339,      -8.035949049,       -8.81751668,      -8.767796208,      -12.31567558,     0.01574611451,     0.01098533373,        0.76806632,                 0,                 0,                 0,      0.0450516953,    -0.05599785938,      0.7661010307,                 0,       69.91743162,     0.01638321411
          0,           0,         281,      -9.270879835,      -8.044273372,      -8.824180879,         -8.775946,      -12.32593205,     0.01574611451,       0.010983717,      0.7680172107,                 0,                 0,                 0,     0.04504153134,     -0.0559951898,      0.7660519674,                 0,       69.92325188,     0.01638321411
          0,           0,         282,      -9.279270773,      -8.052714224,      -8.830899079,      -8.784179565,      -12.33626867,     0.01574611451,     0.01098215307,      0.7679678488,                 0,                 0,                 0,       0.045031344,     -0.0559924456,       0.766002657,                 0,       69.92871467,     0.01638321411
          0,           0,         283,      -9.287730543,      -8.061269786,      -8.837669847,      -8.792495237,      -12.34667765,     0.01574611451,     0.01098064122,      0.7679182612,                 0,                 0,                 0,     0.04502113857,    -0.05598962986,      0.7659531263,                 0,        69.9338268,     0.01638321411
          0,           0,         284,      -9.296256186,      -8.069938152,      -8.844491855,      -8.800891046,      -12.35715192,     0.01574611451,     0.01097918066,      0.7678684757,                 0,                 0,                 0,      0.0450109204,    -0.05598674577,      0.7659034029,                 0,       69.93859557,     0.01638321411
          0,           0,         285,      -9.304844767,      -8.078717349,      -8.851363858,      -8.809365076,      -12.36768517,     0.01574611451,     0.01097777055,      0.7678185203,                 0,                 0,                 0,     0.04500069484,    -0.05598379661,      0.7658535148,                 0,       69.94302866,     0.01638321411
          0,           0,         286,      -9.313493174,      -8.087605325,      -8.858284757,      -8.817915282,      -12.37827195,     0.01574611451,     0.01097641001,      0.7677684236,                 0,                 0,                 0,     0.04499046726,    -0.05598078576,      0.7658034901,                 0,       69.94713416,     0.01638321411
          0,           0,         287,      -9.322198083,      -8.096599958,      -8.865253463,      -8.826539473,      -12.38890763,     0.01574611451,     0.01097509809,      0.7677182141,                 0,                 0,                 0,     0.04498024297,    -0.05597771664,      0.7657533573,                 0,       69.95092048,     0.01638321411
          0,           0,         288,      -9.330956131,       -8.10569906,      -8.872268902,      -8.835235415,      -12.39958791,     0.01574611451,     0.01097383381,      0.7676679201,                 0,                 0,                 0,     0.04497002716,    -0.05597459271,      0.7657031446,                 0,        69.9543964,     0.01638321411
          0,           0,         289,      -9.339763754,      -8.114900367,      -8.879330027,      -8.844000748,      -12.41030916,     0.01574611451,     0.01097261612,      0.7676175699,                 0,                 0,                 0,     0.04495982498,    -0.05597141745,      0.7656528798,                 0,       69.95757087,     0.01638321411
          0,           0,         290,        -9.3486173,      -8.124201545,      -8.886435623,      -8.852833021,      -12.42106809,     0.01574611451,     0.01097144399,      0.7675671914,                 0,                 0,                 0,     0.04494964148,    -0.05596819434,      0.7656025908,                 0,       69.96045299,     0.01638321411
          0,           0,         291,      -9.357512903,      -8.133600186,      -8.893584474,      -8.861729649,      -12.43186134,     0.01574611451,     0.01097031633,      0.7675168119,                 0,                 0,                 0,     0.04493948163,    -0.05596492685,      0.7655523048,                 0,       69.96305198,     0.01638321411
          0,           0,         292,      -9.366446671,       -8.14309381,      -8.900775256,      -8.870687978,      -12.44268572,     0.01574611451,     0.01096923208,      0.7674664586,                 0,                 0,                 0,     0.04492935026,     -0.0559616184,      0.7655020486,                 0,       69.96537709,     0.01638321411
          0,           0,         293,      -9.375414483,      -8.152679857,      -8.908006579,      -8.879705251,      -12.45353813,     0.01574611451,     0.01096819012,      0.7674161579,                 0,                 0,                 0,     0.04491925208,    -0.05595827239,      0.7654518485,                 0,       69.96743759,     0.01638321411
          0,           0,         294,      -9.384412315,      -8.162355707,      -8.915277175,      -8.888778779,      -12.46441536,     0.01574611451,     0.01096718938,      0.7673659357,                 0,                 0,                 0,     0.04490919173,    -0.05595489217,      0.7654017301,                 0,        69.9692427,     0.01638321411
          0,           0,         295,      -9.393435918,      -8.172118664,      -8.922585622,      -8.897905697,      -12.47531412,     0.01574611451,     0.01096622876,      0.7673158173,                 0,                 0,                 0,     0.04489917366,    -0.05595148103,      0.7653517188,                 0,       69.97080162,     0.01638321411
          0,           0,         296,      -9.402481068,      -8.181965955,      -8.929930675,      -8.907083201,      -12.48623104,     0.01574611451,     0.01096530717,      0.7672658275,                 0,                 0,                 0,     0.04488920224,    -0.05594804221,      0.7653018388,                 0,       69.97212349,     0.01638321411
          0,           0,         297,       -9.41154341,      -8.191894741,       -8.93731099,      -8.916308333,      -12.49716287,     0.01574611451,     0.01096442352,      0.7672159902,                 0,                 0,                 0,     0.04487928168,     -0.0559445789,      0.7652521142,                 0,       69.97321736,     0.01638321411
          0,           0,         298,      -9.420618649,      -8.201902105,      -8.944725343,      -8.925578274,      -12.50810677,     0.01574611451,     0.01096357673,      0.7671663288,                 0,                 0,                 0,     0.04486941602,    -0.05594109419,       0.765202568,                 0,       69.97409219,     0.01638321411
          0,           0,         299,      -9.429702473,      -8.211985066,      -8.952172352,      -8.934890128,      -12.51906041,     0.01574611451,     0.01096276573,      0.7671168657,                 0,                 0,                 0,     0.04485960915,    -0.05593759111,      0.7651532224,                 0,       69.97475682,     0.01638321411
          0,           0,         300,      -9.438790457,      -8.222140567,      -8.959650701,      -8.944240944,      -12.53002159,     0.01574611451,     0.01096198942,      0.7670676226,                 0,                 0,                 0,      0.0448498647,    -0.05593407264,       0.765104099,                 0,       69.97522011,     0.01638321411
          0,           0,         301,      -9.447878312,      -8.232365475,      -8.967159039,       -8.95362788,      -12.54098786,     0.01574611451,     0.01096124673,      0.7670186201,                 0,                 0,                 0,     0.04484018611,    -0.05593054165,      0.7650552183,                 0,       69.97549082,     0.01638321411
          0,           0,         302,      -9.456961684,      -8.242656603,       -8.97469588,      -8.963048003,      -12.55195701,     0.01574611451,     0.01096053657,      0.7669698778,                 0,                 0,                 0,     0.04483057659,    -0.05592700094,      0.7650065996,                 0,       69.97557764,     0.01638321411
          0,           0,         303,      -9.466036306,      -8.253010684,      -8.982259698,      -8.972498529,      -12.56292699,     0.01574611451,     0.01095985786,      0.7669214144,                 0,                 0,                 0,     0.04482103915,    -0.05592345321,      0.7649582614,                 0,       69.97548913,     0.01638321411
          0,           0,         304,       -9.47509783,      -8.263424387,      -8.989848684,      -8.981976486,      -12.57389582,     0.01574611451,     0.01095920952,      0.7668732476,                 0,                 0,                 0,     0.04481157657,    -0.05591990107,      0.7649102214,                 0,       69.97523373,     0.01638321411
          0,           0,         305,      -9.484142072,      -8.273894317,      -8.997460902,      -8.991479046,      -12.58486162,     0.01574611451,     0.01095859049,      0.7668253938,                 0,                 0,                 0,     0.04480219141,    -0.05591634701,      0.7648624958,                 0,       69.97481972,     0.01638321411
          0,           0,         306,      -9.493164736,      -8.284417014,      -9.005094259,      -9.001003196,      -12.59582261,     0.01574611451,     0.01095799972,      0.7667778688,                 0,                 0,                 0,     0.04479288605,    -0.05591279345,      0.7648151001,                 0,       69.97425517,     0.01638321411
          0,           0,         307,      -9.502161613,      -8.294988961,      -9.012746585,      -9.010546084,      -12.60677716,     0.01574611451,      0.0109574362,       0.766730687,                 0,                 0,                 0,     0.04478366269,    -0.05590924267,      0.7647680488,                 0,       69.97354794,     0.01638321411
          0,           0,         308,      -9.511128582,      -8.305606586,      -9.020415574,        -9.0201048,      -12.61772391,     0.01574611451,     0.01095689891,      0.7666838623,                 0,                 0,                 0,     0.04477452334,    -0.05590569687,      0.7647213554,                 0,       69.97270566,     0.01638321411
          0,           0,         309,      -9.520061662,      -8.316266278,      -9.028098984,      -9.029676538,      -12.62866189,     0.01574611451,     0.01095638693,      0.7666374076,                 0,                 0,                 0,     0.04476547004,     -0.0559021581,      0.7646750328,                 0,       69.97173543,     0.01638321411
          0,           0,         310,      -9.528956953,      -8.326964384,      -9.035794623,       -9.03925847,       -12.6395905,     0.01574611451,      0.0109558992,      0.7665913341,                 0,                 0,                 0,     0.04475650401,    -0.05589862842,      0.7646290922,                 0,       69.97064507,     0.01638321411
          0,           0,         311,      -9.537810481,      -8.337697213,      -9.043500273,      -9.048847793,      -12.65050943,     0.01574611451,     0.01095543483,      0.7665456531,                 0,                 0,                 0,     0.04474762697,    -0.05589510966,      0.7645835445,                 0,       69.96944121,     0.01638321411
          0,           0,         312,      -9.546618493,      -8.348461047,      -9.051213775,      -9.058441647,      -12.66141879,     0.01574611451,     0.01095499289,      0.7665003744,                 0,                 0,                 0,     0.04473884017,    -0.05589160361,      0.7645383996,                 0,       69.96813072,     0.01638321411
          0,           0,         313,      -9.555377485,      -8.359252156,      -9.058932798,      -9.068037422,      -12.67231818,     0.01574611451,      0.0109545725,      0.7664555071,                 0,                 0,                 0,     0.04473014483,    -0.05588811197,      0.7644936664,                 0,       69.96672006,     0.01638321411
          0,           0,         314,      -9.564083889,      -8.370066796,      -9.066655073,      -9.077632287,      -12.68320603,     0.01574611451,      0.0109541728,      0.7664110598,                 0,                 0,                 0,       0.044721542,     -0.0558846363,      0.7644493534,                 0,       69.96521542,     0.01638321411
          0,           0,         315,      -9.572734303,      -8.380901211,       -9.07437827,       -9.08722361,      -12.69408107,     0.01574611451,     0.01095379298,        0.76636704,                 0,                 0,                 0,     0.04471303262,     -0.0558811781,       0.764405468,                 0,       69.96362276,     0.01638321411
          0,           0,         316,      -9.581325559,      -8.391751663,      -9.082100197,      -9.096808812,      -12.70494211,     0.01574611451,     0.01095343224,      0.7663234547,                 0,                 0,                 0,     0.04470461751,    -0.05587773876,      0.7643620172,                 0,        69.9619478,     0.01638321411
          0,           0,         317,      -9.589854488,      -8.402614411,      -9.089818964,      -9.106385234,      -12.71578801,     0.01574611451,      0.0109530898,      0.7662803102,                 0,                 0,                 0,     0.04469629732,     -0.0558743196,      0.7643190069,                 0,       69.96019607,     0.01638321411
          0,           0,         318,      -9.598318277,      -8.413485751,      -9.097532797,      -9.115950497,      -12.72661745,     0.01574611451,     0.01095276492,      0.7662376118,                 0,                 0,                 0,      0.0446880726,    -0.05587092184,      0.7642764427,                 0,       69.95837286,     0.01638321411
          0,           0,         319,      -9.606714184,      -8.424362009,      -9.105240099,      -9.125502172,      -12.73742891,     0.01574611451,     0.01095245685,      0.7661953645,                 0,                 0,                 0,     0.04467994378,    -0.05586754664,      0.7642343294,                 0,       69.95648327,     0.01638321411
          0,           0,         320,      -9.615039805,      -8.435239561,      -9.112939256,      -9.135038088,      -12.74822063,     0.01574611451,     0.01095216491,      0.7661535725,                 0,                 0,                 0,     0.04467191119,    -0.05586419506,      0.7641926709,                 0,       69.95453219,     0.01638321411
          0,           0,         321,       -9.62329277,      -8.446114824,      -9.120628638,      -9.144556024,       -12.7589908,     0.01574611451,      0.0109518884,      0.7661122393,                 0,                 0,                 0,     0.04466397505,    -0.05586086809,      0.7641514709,                 0,        69.9525243,     0.01638321411
          0,           0,         322,      -9.631470762,      -8.456984275,      -9.128306623,      -9.154053588,      -12.76973812,     0.01574611451,     0.01095162667,      0.7660713678,                 0,                 0,                 0,     0.04465613546,    -0.05585756663,      0.7641107322,                 0,       69.95046405,     0.01638321411
          0,           0,         323,      -9.639571931,      -8.467844469,      -9.135971631,      -9.163528875,      -12.78046214,     0.01574611451,      0.0109513791,      0.7660309606,                 0,                 0,                 0,     0.04464839245,    -0.05585429154,      0.7640704571,                 0,       69.94835571,     0.01638321411
          0,           0,         324,      -9.647594243,      -8.478692022,      -9.143622302,      -9.172979648,      -12.79116309,     0.01574611451,     0.01095114506,      0.7659910194,                 0,                 0,                 0,     0.04464074594,    -0.05585104359,      0.7640306475,                 0,       69.94620336,     0.01638321411
          0,           0,         325,      -9.655536273,      -8.489523659,       -9.15125733,      -9.182404194,       -12.8018417,     0.01574611451,     0.01095092397,      0.7659515456,                 0,                 0,                 0,     0.04463319578,    -0.05584782347,      0.7639913046,                 0,        69.9440109,     0.01638321411
          0,           0,         326,      -9.663396337,      -8.500336193,      -9.158875658,      -9.191800429,      -12.81249925,     0.01574611451,     0.01095071526,        0.76591254,                 0,                 0,                 0,      0.0446257417,    -0.05584463182,      0.7639524293,                 0,       69.94178206,     0.01638321411
          0,           0,         327,      -9.671173396,      -8.511126555,      -9.166476171,      -9.201166889,      -12.82313856,     0.01574611451,     0.01095051837,      0.7658740029,                 0,                 0,                 0,     0.04461838338,    -0.05584146923,      0.7639140217,                 0,       69.93952039,     0.01638321411
          0,           0,         328,      -9.678866351,      -8.521891778,      -9.174057969,      -9.210501922,      -12.83376823,     0.01574611451,     0.01095033278,      0.7658359343,                 0,                 0,                 0,      0.0446111204,    -0.05583833622,      0.7638760817,                 0,       69.93722927,     0.01638321411
          0,           0,         329,      -9.686474281,      -8.532629035,       -9.18162006,      -9.219803915,      -12.84440245,     0.01574611451,     0.01095015797,      0.7657983335,                 0,                 0,                 0,     0.04460395227,    -0.05583523324,      0.7638386088,                 0,       69.93491194,     0.01638321411
          0,           0,         330,      -9.693996502,      -8.543335616,      -9.189161537,      -9.229071549,      -12.85498072,     0.01574611451,     0.01094999345,      0.7657611995,                 0,                 0,                 0,     0.04459687844,    -0.05583216069,      0.7638016018,                 0,       69.93257148,     0.01638321411
          0,           0,         331,      -9.701432359,      -8.554008964,      -9.196681484,      -9.238303272,      -12.86553996,     0.01574611451,     0.01094983875,       0.765724531,                 0,                 0,                 0,     0.04458989829,    -0.05582911893,      0.7637650593,                 0,       69.93021068,     0.01638321411
          0,           0,         332,      -9.708781521,      -8.564646653,      -9.204179225,      -9.247497962,      -12.87608306,     0.01574611451,     0.01094969342,      0.7656883263,                 0,                 0,                 0,     0.04458301115,    -0.05582610826,      0.7637289797,                 0,       69.92783243,     0.01638321411
          0,           0,         333,      -9.716043731,      -8.575246418,      -9.211653974,      -9.256654375,      -12.88660353,     0.01574611451,       0.010949557,      0.7656525831,                 0,                 0,                 0,     0.04457621628,    -0.05582312894,      0.7636933607,                 0,       69.92543929,     0.01638321411
          0,           0,         334,      -9.723218888,      -8.585806142,      -9.219105172,      -9.265771448,      -12.89709329,     0.01574611451,     0.01094942908,      0.7656172991,                 0,                 0,                 0,      0.0445695129,    -0.05582018117,      0.7636581998,                 0,       69.92303374,     0.01638321411
          0,           0,         335,      -9.730307101,      -8.596323868,      -9.226532294,      -9.274848253,      -12.90755349,     0.01574611451,     0.01094930926,      0.7655824716,                 0,                 0,                 0,     0.04456290015,    -0.05581726512,      0.7636234943,                 0,       69.92061815,     0.01638321411
          0,           0,         336,      -9.737308497,      -8.606797799,      -9.233934797,      -9.283883835,      -12.91798158,     0.01574611451,     0.01094919713,      0.7655480974,                 0,                 0,                 0,     0.04455637716,     -0.0558143809,      0.7635892411,                 0,       69.91819474,     0.01638321411
          0,           0,         337,       -9.74422354,      -8.617226309,        -9.2413123,      -9.292877557,      -12.92834228,     0.01574611451,     0.01094909234,      0.7655141733,                 0,                 0,                 0,     0.04454994302,    -0.05581152862,       0.763555437,                 0,       69.91576556,     0.01638321411
          0,           0,         338,       -9.75105261,       -8.62760794,      -9.248664245,       -9.30182861,      -12.93866493,     0.01574611451,     0.01094899453,      0.7654806957,                 0,                 0,                 0,     0.04454359678,     -0.0558087083,      0.7635220783,                 0,       69.91333257,     0.01638321411
          0,           0,         339,      -9.757796293,      -8.637941383,      -9.255990244,      -9.310736405,         -12.94899,     0.01574611451,     0.01094890336,       0.765447661,                 0,                 0,                 0,      0.0445373375,    -0.05580591995,      0.7634891613,                 0,       69.91089757,     0.01638321411
          0,           0,         340,       -9.76445529,      -8.648225514,      -9.263290104,      -9.319600379,      -12.95929457,     0.01574611451,     0.01094881851,      0.7654150652,                 0,                 0,                 0,     0.04453116417,    -0.05580316357,      0.7634566822,                 0,       69.90846223,     0.01638321411
          0,           0,         341,      -9.771030448,      -8.658459375,      -9.270563571,      -9.328420249,      -12.96958122,     0.01574611451,     0.01094873968,      0.7653829043,                 0,                 0,                 0,     0.04452507579,    -0.05580043909,      0.7634246368,                 0,       69.90602816,     0.01638321411
          0,           0,         342,      -9.777522746,      -8.668642153,      -9.277810603,       -9.33719584,      -12.97985655,     0.01574611451,     0.01094866658,       0.765351174,                 0,                 0,                 0,     0.04451907134,    -0.05579774644,      0.7633930209,                 0,       69.90359681,     0.01638321411
          0,           0,         343,      -9.783933008,      -8.678773215,       -9.28503134,      -9.345926593,       -12.9901284,     0.01574611451,     0.01094859892,      0.7653198701,                 0,                 0,                 0,     0.04451314978,    -0.05579508551,      0.7633618302,                 0,       69.90116958,     0.01638321411
          0,           0,         344,        -9.7902627,      -8.688852077,      -9.292225819,      -9.354613029,      -13.00040298,     0.01574611451,     0.01094853646,      0.7652889879,                 0,                 0,                 0,     0.04450731005,    -0.05579245619,      0.7633310601,                 0,       69.89874773,     0.01638321411
          0,           0,         345,      -9.796512724,      -8.698878406,      -9.299394175,      -9.363254643,      -13.01068347,     0.01574611451,     0.01094847893,       0.765258523,                 0,                 0,                 0,     0.04450155112,    -0.05578985831,      0.7633007061,                 0,       69.89633245,     0.01638321411
          0,           0,         346,      -9.802684361,      -8.708852005,      -9.306536515,      -9.371851563,      -13.02096965,     0.01574611451,     0.01094842611,      0.7652284708,                 0,                 0,                 0,     0.04449587195,    -0.05578729171,      0.7632707637,                 0,       69.89392479,     0.01638321411
          0,           0,         347,      -9.808779052,      -8.718772837,      -9.313653049,      -9.380404207,      -13.03125828,     0.01574611451,     0.01094837776,      0.7651988266,                 0,                 0,                 0,     0.04449027149,     -0.0557847562,       0.763241228,                 0,       69.89152576,     0.01638321411
          0,           0,         348,      -9.814798203,      -8.728640981,      -9.320744045,      -9.388912784,      -13.04154437,     0.01574611451,      0.0109483337,      0.7651695856,                 0,                 0,                 0,     0.04448474871,    -0.05578225158,      0.7632120945,                 0,       69.88913624,     0.01638321411
          0,           0,         349,       -9.82074299,      -8.738456633,      -9.327810064,      -9.397377289,      -13.05182251,     0.01574611451,     0.01094829372,      0.7651407432,                 0,                 0,                 0,      0.0444793026,    -0.05577977763,      0.7631833584,                 0,       69.88675704,     0.01638321411
          0,           0,         350,      -9.826615188,      -8.748220128,      -9.334851592,      -9.405798649,      -13.06208815,     0.01574611451,     0.01094825764,      0.7651122948,                 0,                 0,                 0,     0.04447393215,    -0.05577733412,       0.763155015,                 0,       69.88438892,     0.01638321411
          0,           0,         351,      -9.832416211,      -8.757931909,      -9.341869333,      -9.414177162,      -13.07233823,     0.01574611451,     0.01094822528,      0.7650842354,                 0,                 0,                 0,     0.04446863636,    -0.05577492083,      0.7631270596,                 0,       69.88203254,     0.01638321411
          0,           0,         352,      -9.838147692,      -8.767592506,      -9.348864045,       -9.42251356,      -13.08257121,     0.01574611451,     0.01094819649,      0.7650565606,                 0,                 0,                 0,     0.04446341425,    -0.05577253749,      0.7630994876,                 0,       69.87968853,     0.01638321411
          0,           0,         353,      -9.843811301,      -8.777202558,       -9.35583649,       -9.43080868,      -13.09278694,     0.01574611451,      0.0109481711,      0.7650292655,                 0,                 0,                 0,     0.04445826483,    -0.05577018386,      0.7630722942,                 0,       69.87735746,     0.01638321411
          0,           0,         354,      -9.849408569,      -8.786762775,      -9.362787578,      -9.439063065,      -13.10298606,     0.01574611451,     0.01094814898,      0.7650023456,                 0,                 0,                 0,     0.04445318714,    -0.05576785967,      0.7630454748,                 0,       69.87503982,     0.01638321411
          0,           0,         355,      -9.854941215,      -8.796273948,      -9.369718083,      -9.447277702,       -13.1131697,     0.01574611451,     0.01094812997,      0.7649757962,                 0,                 0,                 0,     0.04444818024,    -0.05576556467,      0.7630190247,                 0,        69.8727361,     0.01638321411
          0,           0,         356,      -9.860410744,       -8.80573692,      -9.376628898,      -9.455453221,      -13.12333916,     0.01574611451,     0.01094811395,      0.7649496126,                 0,                 0,                 0,     0.04444324318,    -0.05576329858,      0.7629929394,                 0,       69.87044673,     0.01638321411
          0,           0,         357,      -9.865818801,      -8.815152599,      -9.383520864,      -9.463590495,      -13.13349583,     0.01574611451,     0.01094810079,      0.7649237904,                 0,                 0,                 0,     0.04443837503,    -0.05576106113,      0.7629672143,                 0,       69.86817209,     0.01638321411
          0,           0,         358,      -9.871167042,      -8.824521934,      -9.390394857,      -9.471690597,      -13.14364088,     0.01574611451,     0.01094809038,      0.7648983248,                 0,                 0,                 0,     0.04443357488,    -0.05575885204,      0.7629418447,                 0,       69.86591252,      0.0160995085
          0,           0,         359,      -9.876457062,      -8.833845907,      -9.397251807,      -9.479754319,      -13.15377415,     0.01574611451,     0.01094808259,      0.7648732116,                 0,                 0,                 0,     0.04442884183,    -0.05575667103,      0.7629168264,                 0,       69.86366836,      0.0160995085
          0,           0,         360,      -9.881690368,      -8.843125546,      -9.404092595,       -9.48778252,       -13.1638944,     0.01574611451,     0.01094807733,      0.7648484461,                 0,                 0,                 0,     0.04442417498,    -0.05575451782,      0.7628921547,                 0,       69.86143987,      0.0160995085
          0,           0,         361,       -9.88686865,      -8.852361869,       -9.41091811,      -9.495776311,       -13.1740018,     0.01574611451,     0.01094807448,       0.764824024,                 0,                 0,                 0,     0.04441957348,    -0.05575239213,      0.7628678253,                 0,       69.85922732,      0.0160995085
          0,           0,         362,       -9.89199333,       -8.86155594,      -9.417729246,      -9.503736524,      -13.18409235,     0.01574611451,     0.01094807396,      0.7647999409,                 0,                 0,                 0,     0.04441503644,    -0.05575029368,      0.7628438338,                 0,       69.85703093,      0.0160995085
          0,           0,         363,      -9.897065859,      -8.870708798,      -9.424526813,      -9.511663877,      -13.19416835,     0.01574611451,     0.01094807565,      0.7647761925,                 0,                 0,                 0,     0.04441056303,    -0.05574822217,      0.7628201759,                 0,        69.8548509,      0.0160995085
          0,           0,         364,      -9.902087945,       -8.87982151,       -9.43131177,      -9.519559828,      -13.20422932,     0.01574611451,     0.01094807949,      0.7647527745,                 0,                 0,                 0,      0.0444061524,    -0.05574617734,      0.7627968473,                 0,       69.85268743,      0.0160995085
          0,           0,         365,        -9.9070609,      -8.888895114,      -9.438084891,      -9.527424994,       -13.2142747,     0.01574611451,     0.01094808537,      0.7647296827,                 0,                 0,                 0,     0.04440180372,     -0.0557441589,      0.7627738439,                 0,       69.85054069,      0.0160995085
          0,           0,         366,      -9.911986126,      -8.897930642,      -9.444846982,      -9.535260241,      -13.22430397,     0.01574611451,     0.01094809322,      0.7647069129,                 0,                 0,                 0,     0.04439751619,    -0.05574216656,      0.7627511614,                 0,       69.84841083,      0.0160995085
          0,           0,         367,      -9.916864953,       -8.90692911,      -9.451598778,      -9.543066348,      -13.23431678,     0.01574611451,     0.01094810295,      0.7646844609,                 0,                 0,                 0,     0.04439328899,    -0.05574020004,      0.7627287957,                 0,       69.84629797,      0.0160995085
          0,           0,         368,       -9.92169895,      -8.915891524,      -9.458341041,        -9.5508447,      -13.24431306,     0.01574611451,     0.01094811449,      0.7646623226,                 0,                 0,                 0,     0.04438912133,    -0.05573825907,      0.7627067427,                 0,       69.84420225,      0.0160995085
          0,           0,         369,      -9.926489228,      -8.924818838,      -9.465074463,      -9.558595674,      -13.25429305,     0.01574611451,     0.01094812776,       0.764640494,                 0,                 0,                 0,     0.04438501242,    -0.05573634336,      0.7626849983,                 0,       69.84212376,      0.0160995085
          0,           0,         370,      -9.931237167,      -8.933711999,      -9.471799695,      -9.566320266,      -13.26425708,     0.01574611451,     0.01094814269,      0.7646189711,                 0,                 0,                 0,     0.04438096147,    -0.05573445264,      0.7626635586,                 0,       69.84006262,      0.0160995085
          0,           0,         371,      -9.935943888,      -8.942571902,      -9.478517289,      -9.574018958,      -13.27420563,     0.01574611451,     0.01094815921,      0.7645977498,                 0,                 0,                 0,     0.04437696773,    -0.05573258663,      0.7626424195,                 0,       69.83801888,      0.0160995085
          0,           0,         372,      -9.940610687,       -8.95139941,      -9.485227754,      -9.581692668,      -13.28413896,     0.01574611451,     0.01094817726,      0.7645768263,                 0,                 0,                 0,     0.04437303043,    -0.05573074505,      0.7626215772,                 0,       69.83599262,      0.0160995085
          0,           0,         373,      -9.945238688,      -8.960195371,      -9.491931602,      -9.589342289,      -13.29405714,     0.01574611451,     0.01094819677,      0.7645561967,                 0,                 0,                 0,     0.04436914883,    -0.05572892762,      0.7626010278,                 0,        69.8339839,      0.0160995085
          0,           0,         374,      -9.949829099,      -8.968960567,      -9.498629365,      -9.596968369,      -13.30395997,     0.01574611451,     0.01094821767,      0.7645358571,                 0,                 0,                 0,     0.04436532219,    -0.05572713408,      0.7625807674,                 0,       69.83199276,      0.0160995085
          0,           0,         375,      -9.954382877,      -8.977695759,      -9.505321425,      -9.604571443,      -13.31384704,     0.01574611451,     0.01094823991,      0.7645158036,                 0,                 0,                 0,     0.04436154976,    -0.05572536416,      0.7625607922,                 0,       69.83001927,      0.0160995085
          0,           0,         376,      -9.958901209,      -8.986401641,      -9.512008302,      -9.612152301,      -13.32371786,     0.01574611451,     0.01094826342,      0.7644960326,                 0,                 0,                 0,     0.04435783081,    -0.05572361758,      0.7625410985,                 0,       69.82806345,      0.0160995085
          0,           0,         377,      -9.963384971,      -8.995078913,      -9.518690245,      -9.619711192,      -13.33357197,     0.01574611451,     0.01094828815,      0.7644765403,                 0,                 0,                 0,     0.04435416464,    -0.05572189408,      0.7625216825,                 0,       69.82612533,      0.0160995085
          0,           0,         378,      -9.967835406,      -9.003728182,      -9.525367598,      -9.627249333,      -13.34340907,     0.01574611451,     0.01094831404,       0.764457323,                 0,                 0,                 0,     0.04435055053,    -0.05572019339,      0.7625025406,                 0,       69.82420491,      0.0160995085
          0,           0,         379,      -9.972253233,      -9.012350045,      -9.532040547,      -9.634766616,      -13.35322901,     0.01574611451,     0.01094834105,      0.7644383771,                 0,                 0,                 0,     0.04434698781,    -0.05571851524,      0.7624836691,                 0,       69.82230219,      0.0160995085
          0,           0,         380,      -9.976639417,      -9.020945049,      -9.538709263,      -9.642263564,       -13.3630315,     0.01574611451,     0.01094836912,       0.764419699,                 0,                 0,                 0,     0.04434347578,    -0.05571685936,      0.7624650645,                 0,       69.82041714,      0.0160995085
          0,           0,         381,      -9.980995067,      -9.029513709,      -9.545374131,      -9.649741151,      -13.37281568,     0.01574611451,     0.01094839821,      0.7644012851,                 0,                 0,                 0,     0.04434001379,    -0.05571522551,      0.7624467232,                 0,       69.81854975,      0.0160995085
          0,           0,         382,      -9.985320849,      -9.038056529,      -9.552035375,      -9.657199297,      -13.38258018,     0.01574611451,     0.01094842827,       0.764383132,                 0,                 0,                 0,     0.04433660115,    -0.05571361342,      0.7624286419,                 0,           69.8167,      0.0160995085
          0,           0,         383,      -9.989617753,      -9.046573927,      -9.558693569,      -9.664638764,      -13.39232439,     0.01574611451,     0.01094845926,      0.7643652363,                 0,                 0,                 0,     0.04433323721,    -0.05571202283,      0.7624108169,                 0,       69.81486786,      0.0160995085
          0,           0,         384,      -9.993886645,      -9.055066324,      -9.565348948,        -9.6720603,      -13.40204856,     0.01574611451,     0.01094849112,      0.7643475944,                 0,                 0,                 0,     0.04432992132,     -0.0557104535,      0.7623932449,                 0,       69.81305331,      0.0160995085
          0,           0,         385,      -9.998128412,      -9.063534116,       -9.57200171,      -9.679464196,      -13.41175312,     0.01574611451,     0.01094852383,      0.7643302031,                 0,                 0,                 0,     0.04432665282,    -0.05570890517,      0.7623759226,                 0,       69.81125632,      0.0160995085
          0,           0,         386,      -10.00234368,      -9.071977654,      -9.578651989,      -9.686850558,       -13.4214382,     0.01574611451,     0.01094855732,      0.7643130589,                 0,                 0,                 0,     0.04432343107,    -0.05570737758,      0.7623588466,                 0,       69.80947687,      0.0160995085
          0,           0,         387,      -10.00653326,      -9.080397232,      -9.585299818,      -9.694219763,      -13.43110372,     0.01574611451,     0.01094859156,      0.7642961585,                 0,                 0,                 0,     0.04432025544,    -0.05570587051,      0.7623420135,                 0,       69.80771491,      0.0160995085
          0,           0,         388,      -10.01069792,      -9.088793146,      -9.591945156,      -9.701572367,      -13.44074974,     0.01574611451,     0.01094862652,      0.7642794987,                 0,                 0,                 0,      0.0443171253,    -0.05570438368,      0.7623254201,                 0,       69.80597041,      0.0160995085
          0,           0,         389,      -10.01483822,      -9.097165662,      -9.598588065,      -9.708908152,      -13.45037665,     0.01574611451,     0.01094866214,      0.7642630761,                 0,                 0,                 0,     0.04431404003,    -0.05570291688,      0.7623090631,                 0,       69.80424331,      0.0160995085
          0,           0,         390,      -10.01895492,      -9.105514992,      -9.605228502,      -9.716227779,      -13.45998521,     0.01574611451,     0.01094869842,      0.7642468877,                 0,                 0,                 0,     0.04431099907,    -0.05570146983,      0.7622929395,                 0,       69.80253347,      0.0160995085
          0,           0,         391,      -10.02304882,      -9.113841395,      -9.611866656,      -9.723531768,      -13.46957625,     0.01574611451,     0.01094873527,      0.7642309302,                 0,                 0,                 0,      0.0443080017,    -0.05570004232,      0.7622770459,                 0,       69.80084104,      0.0160995085
          0,           0,         392,      -10.02712025,      -9.122145026,      -9.618502606,      -9.730819617,      -13.47915037,     0.01574611451,     0.01094877269,      0.7642152004,                 0,                 0,                 0,     0.04430504737,    -0.05569863411,      0.7622613793,                 0,       69.79916584,      0.0160995085
          0,           0,         393,      -10.03116994,       -9.13042609,      -9.625136156,      -9.738091837,      -13.48870772,     0.01574611451,     0.01094881062,      0.7641996953,                 0,                 0,                 0,     0.04430213548,    -0.05569724495,      0.7622459364,                 0,       69.79750783,      0.0160995085
          0,           0,         394,      -10.03519873,      -9.138684732,      -9.631767438,       -9.74534919,      -13.49824791,     0.01574611451,     0.01094884905,      0.7641844117,                 0,                 0,                 0,     0.04429926545,    -0.05569587462,      0.7622307143,                 0,       69.79586696,      0.0160995085
          0,           0,         395,      -10.03920684,       -9.14692111,      -9.638396211,      -9.752590914,      -13.50777009,     0.01574611451,     0.01094888793,      0.7641693465,                 0,                 0,                 0,     0.04429643668,    -0.05569452287,      0.7622157099,                 0,       69.79424314,      0.0160995085
          0,           0,         396,      -10.04319487,      -9.155135361,      -9.645022273,      -9.759817145,      -13.51727196,     0.01574611451,     0.01094892725,      0.7641544969,                 0,                 0,                 0,     0.04429364862,    -0.05569318948,      0.7622009203,                 0,       69.79263629,      0.0160995085
          0,           0,         397,      -10.04716372,      -9.163327599,      -9.651645638,      -9.767029429,      -13.52675332,     0.01574611451,     0.01094896695,      0.7641398599,                 0,                 0,                 0,     0.04429090069,    -0.05569187422,      0.7621863423,                 0,       69.79104633,      0.0160995085
          0,           0,         398,      -10.05111352,      -9.171497966,      -9.658266236,      -9.774226334,      -13.53621326,     0.01574611451,     0.01094900703,      0.7641254323,                 0,                 0,                 0,     0.04428819232,    -0.05569057686,      0.7621719732,                 0,       69.78947319,      0.0160995085
          0,           0,         399,      -10.05504509,      -9.179646569,      -9.664884194,      -9.781409114,      -13.54564996,     0.01574611451,     0.01094904744,      0.7641112115,                 0,                 0,                 0,     0.04428552296,    -0.05568929717,        0.76215781,                 0,        69.7879168,      0.0160995085
          0,           0,         400,      -10.05895865,      -9.187773518,      -9.671499512,      -9.788577102,      -13.55506341,     0.01574611451,     0.01094908816,      0.7640971945,                 0,                 0,                 0,     0.04428289206,    -0.05568803494,      0.7621438499,                 0,       69.78637705,      0.0160995085
          0,           0,         401,      -10.06285487,      -9.195878933,      -9.678112146,      -9.795730973,      -13.56445364,     0.01574611451,     0.01094912916,      0.7640833783,                 0,                 0,                 0,     0.04428029906,    -0.05568678995,      0.7621300899,                 0,       69.78485388,      0.0160995085
          0,           0,         402,      -10.06673428,      -9.203962929,      -9.684721835,      -9.802870876,       -13.5738206,     0.01574611451,     0.01094917042,      0.7640697604,                 0,                 0,                 0,     0.04427774345,    -0.05568556196,      0.7621165273,                 0,       69.78334717,      0.0160995085
          0,           0,         403,      -10.07059726,      -9.212025585,      -9.691328504,      -9.809996754,      -13.58316435,     0.01574611451,     0.01094921191,      0.7640563378,                 0,                 0,                 0,     0.04427522469,    -0.05568435077,      0.7621031594,                 0,       69.78185683,      0.0160995085
          0,           0,         404,      -10.07444414,      -9.220067014,      -9.697931892,      -9.817108534,      -13.59248501,     0.01574611451,     0.01094925361,      0.7640431078,                 0,                 0,                 0,     0.04427274226,    -0.05568315616,      0.7620899834,                 0,       69.78038276,      0.0160995085
          0,           0,         405,      -10.07827553,      -9.228087319,      -9.704532261,       -9.82420647,      -13.60178274,     0.01574611451,      0.0109492955,      0.7640300678,                 0,                 0,                 0,     0.04427029565,    -0.05568197791,      0.7620769967,                 0,       69.77892484,      0.0160995085
          0,           0,         406,      -10.08209177,      -9.236086612,      -9.711129513,      -9.831290774,      -13.61105766,     0.01574611451,     0.01094933756,      0.7640172151,                 0,                 0,                 0,     0.04426788435,    -0.05568081583,      0.7620641965,                 0,       69.77748299,      0.0160995085
          0,           0,         407,      -10.08589339,      -9.244065005,      -9.717723744,      -9.838362003,      -13.62030981,     0.01574611451,     0.01094937976,       0.764004547,                 0,                 0,                 0,     0.04426550786,    -0.05567966969,      0.7620515803,                 0,       69.77605708,      0.0160995085
          0,           0,         408,      -10.08968058,      -9.252022634,      -9.724314955,      -9.845419465,      -13.62953911,     0.01574611451,     0.01094942208,       0.763992061,                 0,                 0,                 0,      0.0442631657,     -0.0556785393,      0.7620391455,                 0,       69.77464702,      0.0160995085
          0,           0,         409,      -10.09345398,      -9.259959611,        -9.7309032,      -9.852463984,      -13.63874536,     0.01574611451,     0.01094946452,      0.7639797544,                 0,                 0,                 0,     0.04426085736,    -0.05567742444,      0.7620268895,                 0,       69.77325269,      0.0160995085
          0,           0,         410,      -10.09721393,      -9.267876073,      -9.737488262,      -9.859495696,      -13.64792829,     0.01574611451,     0.01094950703,      0.7639676249,                 0,                 0,                 0,     0.04425858237,    -0.05567632493,      0.7620148098,                 0,       69.77187398,      0.0160995085
          0,           0,         411,      -10.10096072,      -9.275772113,      -9.744070302,       -9.86651434,      -13.65708757,     0.01574611451,     0.01094954962,      0.7639556698,                 0,                 0,                 0,     0.04425634025,    -0.05567524055,      0.7620029039,                 0,       69.77051079,      0.0160995085
          0,           0,         412,      -10.10469465,      -9.283647906,      -9.750649136,      -9.873520321,      -13.66622288,     0.01574611451,     0.01094959225,      0.7639438867,                 0,                 0,                 0,     0.04425413054,    -0.05567417111,      0.7619911694,                 0,       69.76916299,      0.0160995085
          0,           0,         413,      -10.10841628,      -9.291503538,      -9.757224859,      -9.880513676,      -13.67533384,     0.01574611451,     0.01094963493,      0.7639322732,                 0,                 0,                 0,     0.04425195278,    -0.05567311642,      0.7619796038,                 0,       69.76783047,      0.0160995085
          0,           0,         414,      -10.11212569,      -9.299339189,      -9.763797464,      -9.887494121,      -13.68442009,     0.01574611451,     0.01094967761,      0.7639208268,                 0,                 0,                 0,     0.04424980651,    -0.05567207628,      0.7619682047,                 0,       69.76651311,      0.0160995085
          0,           0,         415,      -10.11582359,      -9.307154986,      -9.770366985,      -9.894463342,      -13.69348131,     0.01574611451,     0.01094972031,      0.7639095453,                 0,                 0,                 0,     0.04424769128,     -0.0556710505,      0.7619569699,                 0,       69.76521079,      0.0160995085
          0,           0,         416,      -10.11950978,      -9.314951092,      -9.776933451,      -9.901419269,      -13.70251726,     0.01574611451,     0.01094976299,      0.7638984263,                 0,                 0,                 0,     0.04424560666,    -0.05567003889,      0.7619458969,                 0,       69.76392338,      0.0160995085
          0,           0,         417,      -10.12318507,      -9.322727637,      -9.783497058,      -9.908363834,      -13.71152773,     0.01574611451,     0.01094980565,      0.7638874675,                 0,                 0,                 0,      0.0442435522,    -0.05566904128,      0.7619349835,                 0,       69.76265078,      0.0160995085
          0,           0,         418,      -10.12684959,       -9.33048482,      -9.790057667,      -9.915296833,      -13.72051253,     0.01574611451,     0.01094984827,      0.7638766666,                 0,                 0,                 0,     0.04424152749,    -0.05566805746,      0.7619242275,                 0,       69.76139285,      0.0160995085
          0,           0,         419,      -10.13050353,      -9.338222771,      -9.796615463,      -9.922217606,      -13.72947151,     0.01574611451,     0.01094989084,      0.7638660215,                 0,                 0,                 0,     0.04423953209,    -0.05566708726,      0.7619136265,                 0,       69.76014947,      0.0160995085
          0,           0,         420,      -10.13414728,      -9.345941684,      -9.803170466,      -9.929126719,      -13.73840454,     0.01574611451,     0.01094993334,      0.7638555298,                 0,                 0,                 0,      0.0442375656,    -0.05566613051,      0.7619031785,                 0,       69.75892052,      0.0160995085
          0,           0,         421,      -10.13778116,      -9.353641724,      -9.809722838,      -9.936025091,      -13.74731155,     0.01574611451,     0.01094997578,      0.7638451895,                 0,                 0,                 0,      0.0442356276,    -0.05566518702,      0.7618928812,                 0,       69.75770587,      0.0160995085
          0,           0,         422,      -10.14140543,      -9.361323051,       -9.81627271,      -9.942912445,      -13.75619247,     0.01574611451,     0.01095001812,      0.7638349984,                 0,                 0,                 0,     0.04423371769,    -0.05566425663,      0.7618827326,                 0,       69.75650542,      0.0160995085
          0,           0,         423,      -10.14502028,       -9.36898589,      -9.822819839,      -9.949788559,       -13.7650473,     0.01574611451,     0.01095006037,      0.7638249544,                 0,                 0,                 0,     0.04423183547,    -0.05566333915,      0.7618727305,                 0,       69.75531903,      0.0160995085
          0,           0,         424,      -10.14862609,      -9.376630364,      -9.829364671,      -9.956654344,      -13.77387605,     0.01574611451,     0.01095010251,      0.7638150554,                 0,                 0,                 0,     0.04422998054,    -0.05566243441,      0.7618628728,                 0,       69.75414658,      0.0160995085
          0,           0,         425,      -10.15222303,       -9.38425669,      -9.835907108,      -9.963508922,      -13.78267873,     0.01574611451,     0.01095014453,      0.7638052994,                 0,                 0,                 0,     0.04422815252,    -0.05566154226,      0.7618531576,                 0,       69.75298795,      0.0160995085
          0,           0,         426,      -10.15581136,      -9.391865029,      -9.842447222,      -9.970353203,      -13.79145533,     0.01574611451,     0.01095018642,      0.7637956843,                 0,                 0,                 0,     0.04422635102,    -0.05566066251,      0.7618435827,                 0,       69.75184301,      0.0160995085
          0,           0,         427,      -10.15939131,      -9.399455594,       -9.84898518,      -9.977187278,      -13.80020579,     0.01574611451,     0.01095022818,      0.7637862081,                 0,                 0,                 0,     0.04422457567,    -0.05565979502,      0.7618341463,                 0,       69.75071166,      0.0160995085
          0,           0,         428,      -10.16296315,      -9.407028545,      -9.855521068,      -9.984011404,      -13.80893001,     0.01574611451,     0.01095026978,      0.7637768689,                 0,                 0,                 0,     0.04422282609,     -0.0556589396,      0.7618248462,                 0,       69.74959376,      0.0160995085
          0,           0,         429,      -10.16652707,       -9.41458411,      -9.862054813,      -9.990824894,      -13.81762787,     0.01574611451,     0.01095031123,      0.7637676647,                 0,                 0,                 0,     0.04422110192,    -0.05565809612,      0.7618156807,                 0,       69.74848921,      0.0160995085
          0,           0,         430,      -10.17008326,      -9.422122416,       -9.86858648,       -9.99762912,      -13.82629926,     0.01574611451,     0.01095035252,      0.7637585937,                 0,                 0,                 0,     0.04421940279,    -0.05565726439,      0.7618066478,                 0,       69.74739786,      0.0160995085
          0,           0,         431,      -10.17363201,       -9.42964369,      -9.875116163,      -10.00442346,      -13.83494403,     0.01574611451,     0.01095039363,      0.7637496539,                 0,                 0,                 0,     0.04421772834,    -0.05565644428,      0.7617977456,                 0,       69.74631961,      0.0160995085
          0,           0,         432,      -10.17717348,      -9.437148118,      -9.881643923,      -10.01120798,      -13.84356204,     0.01574611451,     0.01095043456,      0.7637408434,                 0,                 0,                 0,     0.04421607823,    -0.05565563562,      0.7617889722,                 0,       69.74525433,      0.0160995085
          0,           0,         433,      -10.18070773,      -9.444635876,      -9.888169824,      -10.01798292,      -13.85215316,     0.01574611451,     0.01095047531,      0.7637321605,                 0,                 0,                 0,      0.0442144521,    -0.05565483827,      0.7617803259,                 0,       69.74420189,      0.0160995085
          0,           0,         434,      -10.18423508,      -9.452107165,      -9.894693939,      -10.02474882,      -13.86071725,     0.01574611451,     0.01095051586,      0.7637236033,                 0,                 0,                 0,     0.04421284963,    -0.05565405206,      0.7617718048,                 0,       69.74316218,      0.0160995085
          0,           0,         435,      -10.18775579,      -9.459562155,      -9.901216407,      -10.03150533,      -13.86925418,     0.01574611451,     0.01095055621,      0.7637151701,                 0,                 0,                 0,     0.04421127047,    -0.05565327686,      0.7617634072,                 0,       69.74213506,      0.0160995085
          0,           0,         436,      -10.19126989,      -9.467001085,      -9.907737279,      -10.03825319,      -13.87776381,     0.01574611451,     0.01095059636,      0.7637068591,                 0,                 0,                 0,     0.04420971429,    -0.05565251251,      0.7617551313,                 0,       69.74112042,      0.0160995085
          0,           0,         437,      -10.19477772,       -9.47442415,      -9.914256806,      -10.04499241,      -13.88624598,     0.01574611451,     0.01095063629,      0.7636986685,                 0,                 0,                 0,     0.04420818078,    -0.05565175888,      0.7617469754,                 0,       69.74011813,      0.0160995085
          0,           0,         438,      -10.19827931,      -9.481831479,      -9.920775252,      -10.05172245,      -13.89470053,     0.01574611451,     0.01095067601,      0.7636905968,                 0,                 0,                 0,     0.04420666961,    -0.05565101581,      0.7617389378,                 0,       69.73912806,      0.0160995085
          0,           0,         439,      -10.20177502,      -9.489223327,      -9.927292614,      -10.05844455,      -13.90312729,     0.01574611451,     0.01095071551,      0.7636826421,                 0,                 0,                 0,     0.04420518047,    -0.05565028317,      0.7617310169,                 0,       69.73815011,      0.0160995085
          0,           0,         440,      -10.20526488,      -9.496599906,      -9.933808924,      -10.06515905,      -13.91152609,     0.01574611451,     0.01095075479,       0.763674803,                 0,                 0,                 0,     0.04420371305,    -0.05564956081,       0.761723211,                 0,       69.73718413,      0.0160995085
          0,           0,         441,      -10.20874891,      -9.503961385,      -9.940324651,      -10.07186428,      -13.91989679,     0.01574611451,     0.01095079383,      0.7636670777,                 0,                 0,                 0,     0.04420226705,    -0.05564884861,      0.7617155185,                 0,       69.73623002,      0.0160995085
          0,           0,         442,      -10.21222754,      -9.511307953,      -9.946839772,      -10.07856233,      -13.92823926,     0.01574611451,     0.01095083265,      0.7636594646,                 0,                 0,                 0,     0.04420084217,    -0.05564814643,      0.7617079378,                 0,       69.73528765,      0.0160995085
          0,           0,         443,      -10.21570092,      -9.518639838,      -9.953354514,      -10.08525291,      -13.93655341,     0.01574611451,     0.01095087122,      0.7636519623,                 0,                 0,                 0,      0.0441994381,    -0.05564745412,      0.7617004673,                 0,       69.73435691,      0.0160995085
          0,           0,         444,      -10.21916896,       -9.52595723,      -9.959869152,      -10.09193588,      -13.94483913,     0.01574611451,     0.01095090956,      0.7636445691,                 0,                 0,                 0,     0.04419805456,    -0.05564677157,      0.7616931056,                 0,       69.73343767,      0.0160995085
          0,           0,         445,      -10.22263192,      -9.533260294,       -9.96638351,      -10.09861153,      -13.95309632,     0.01574611451,     0.01095094765,      0.7636372834,                 0,                 0,                 0,     0.04419669126,    -0.05564609864,       0.761685851,                 0,       69.73252982,      0.0160995085
          0,           0,         446,      -10.22608999,      -9.540549252,      -9.972898106,      -10.10527998,      -13.96132489,     0.01574611451,     0.01095098549,      0.7636301039,                 0,                 0,                 0,     0.04419534793,    -0.05564543521,      0.7616787021,                 0,       69.73163325,      0.0160995085
          0,           0,         447,      -10.22954329,      -9.547824301,       -9.97941294,      -10.11194157,      -13.96952478,     0.01574611451,     0.01095102308,       0.763623029,                 0,                 0,                 0,     0.04419402426,    -0.05564478114,      0.7616716574,                 0,       69.73074784,      0.0160995085
          0,           0,         448,      -10.23299204,      -9.555085597,      -9.985928126,      -10.11859712,      -13.97769596,     0.01574611451,     0.01095106042,      0.7636160573,                 0,                 0,                 0,        0.04419272,    -0.05564413632,      0.7616647154,                 0,       69.72987347,      0.0160995085
          0,           0,         449,      -10.23643611,      -9.562333374,      -9.992443775,      -10.12524606,      -13.98583842,     0.01574611451,      0.0109510975,      0.7636091872,                 0,                 0,                 0,     0.04419143487,    -0.05564350062,      0.7616578748,                 0,       69.72901004,      0.0160995085
          0,           0,         450,      -10.23987574,      -9.569567755,      -9.998960002,       -10.1318878,      -13.99395222,     0.01574611451,     0.01095113431,      0.7636024174,                 0,                 0,                 0,      0.0441901686,    -0.05564287392,       0.761651134,                 0,       69.72815743,      0.0160995085
          0,           0,         451,      -10.24331097,      -9.576788936,      -10.00547699,      -10.13852273,      -14.00203747,     0.01574611451,     0.01095117087,      0.7635957465,                 0,                 0,                 0,     0.04418892093,    -0.05564225609,      0.7616444916,                 0,       69.72731553,      0.0160995085
          0,           0,         452,      -10.24674214,      -9.583997126,      -10.01199476,      -10.14515251,       -14.0100943,     0.01574611451,     0.01095120716,      0.7635891731,                 0,                 0,                 0,     0.04418769159,    -0.05564164703,      0.7616379464,                 0,       69.72648424,      0.0160995085
          0,           0,         453,      -10.25016918,      -9.591192533,       -10.0185135,      -10.15177627,      -14.01812292,     0.01574611451,     0.01095124318,      0.7635826958,                 0,                 0,                 0,     0.04418648033,    -0.05564104662,      0.7616314969,                 0,       69.72566343,      0.0160995085
          0,           0,         454,       -10.2535922,      -9.598375271,      -10.02503308,      -10.15839358,      -14.02612355,     0.01574611451,     0.01095127892,      0.7635763133,                 0,                 0,                 0,      0.0441852869,    -0.05564045473,      0.7616251418,                 0,       69.72485301,      0.0160995085
          0,           0,         455,      -10.25701132,      -9.605545521,      -10.03155377,      -10.16500528,      -14.03409641,     0.01574611451,      0.0109513144,      0.7635700242,                 0,                 0,                 0,     0.04418411103,    -0.05563987126,      0.7616188797,                 0,       69.72405287,      0.0160995085
          0,           0,         456,      -10.26042659,      -9.612703512,       -10.0380757,      -10.17161086,      -14.04204176,     0.01574611451,      0.0109513496,      0.7635638273,                 0,                 0,                 0,     0.04418295249,    -0.05563929609,      0.7616127094,                 0,       69.72326289,      0.0160995085
          0,           0,         457,       -10.2638383,       -9.61984936,      -10.04459876,      -10.17821147,      -14.04995981,     0.01574611451,     0.01095138453,      0.7635577211,                 0,                 0,                 0,     0.04418181102,    -0.05563872912,      0.7616066295,                 0,       69.72248297,      0.0160995085
          0,           0,         458,      -10.26724625,      -9.626983262,      -10.05112319,      -10.18480587,      -14.05785083,     0.01574611451,     0.01095141917,      0.7635517046,                 0,                 0,                 0,      0.0441806864,    -0.05563817022,      0.7616006389,                 0,       69.72171301,      0.0160995085
          0,           0,         459,      -10.27065071,      -9.634105401,      -10.05764889,      -10.19139546,      -14.06571506,     0.01574611451,     0.01095145354,      0.7635457763,                 0,                 0,                 0,     0.04417957838,    -0.05563761931,      0.7615947362,                 0,        69.7209529,      0.0160995085
          0,           0,         460,      -10.27405175,       -9.64121596,      -10.06417605,      -10.19797953,      -14.07355276,     0.01574611451,     0.01095148762,      0.7635399351,                 0,                 0,                 0,     0.04417848673,    -0.05563707625,      0.7615889202,                 0,       69.72020253,      0.0160995085
          0,           0,         461,      -10.27744933,      -9.648315092,      -10.07070476,      -10.20455817,      -14.08136415,     0.01574611451,     0.01095152142,      0.7635341797,                 0,                 0,                 0,     0.04417741122,    -0.05563654097,      0.7615831896,                 0,       69.71946181,      0.0160995085
          0,           0,         462,      -10.28084364,      -9.655402947,      -10.07723532,      -10.21113191,      -14.08914947,     0.01574611451,     0.01095155494,      0.7635285089,                 0,                 0,                 0,     0.04417635161,    -0.05563601334,      0.7615775434,                 0,       69.71873063,      0.0160995085
          0,           0,         463,      -10.28423473,      -9.662479769,      -10.08376718,       -10.2177008,      -14.09690893,     0.01574611451,     0.01095158818,      0.7635229216,                 0,                 0,                 0,     0.04417530769,    -0.05563549326,      0.7615719802,                 0,       69.71800887,      0.0160995085
          0,           0,         464,      -10.28762278,      -9.669545671,      -10.09030074,      -10.22426466,      -14.10464272,     0.01574611451,     0.01095162112,      0.7635174166,                 0,                 0,                 0,     0.04417427923,    -0.05563498064,      0.7615664989,                 0,       69.71729645,      0.0160995085
          0,           0,         465,      -10.29100771,      -9.676600897,      -10.09683628,      -10.23082428,      -14.11235102,     0.01574611451,     0.01095165379,      0.7635119926,                 0,                 0,                 0,     0.04417326602,    -0.05563447537,      0.7615610985,                 0,       69.71659327,      0.0160995085
          0,           0,         466,      -10.29438958,       -9.68364555,      -10.10337365,      -10.23737797,      -14.12003399,     0.01574611451,     0.01095168616,      0.7635066486,                 0,                 0,                 0,     0.04417226784,    -0.05563397736,      0.7615557776,                 0,       69.71589921,      0.0160995085
          0,           0,         467,       -10.2977685,      -9.690679837,      -10.10991295,      -10.24392718,      -14.12769178,     0.01574611451,     0.01095171825,      0.7635013834,                 0,                 0,                 0,     0.04417128448,     -0.0556334865,      0.7615505353,                 0,       69.71521418,      0.0160995085
          0,           0,         468,      -10.30114467,      -9.697703938,      -10.11645431,      -10.25047264,      -14.13532456,     0.01574611451,     0.01095175005,      0.7634961959,                 0,                 0,                 0,     0.04417031572,    -0.05563300271,      0.7615453703,                 0,       69.71453808,      0.0160995085
          0,           0,         469,        -10.304518,      -9.704718032,      -10.12299768,      -10.25701344,      -14.14293251,     0.01574611451,     0.01095178156,      0.7634910851,                 0,                 0,                 0,     0.04416936137,    -0.05563252587,      0.7615402817,                 0,       69.71387081,      0.0160995085
          0,           0,         470,      -10.30788876,      -9.711722315,      -10.12954322,      -10.26355103,      -14.15051587,     0.01574611451,     0.01095181279,      0.7634860498,                 0,                 0,                 0,     0.04416842121,    -0.05563205591,      0.7615352683,                 0,       69.71321228,      0.0160995085
          0,           0,         471,      -10.31125663,       -9.71871691,      -10.13609116,      -10.27008287,      -14.15807488,     0.01574611451,     0.01095184373,       0.763481089,                 0,                 0,                 0,     0.04416749505,    -0.05563159273,       0.761530329,                 0,       69.71256238,      0.0160995085
          0,           0,         472,      -10.31462174,      -9.725702044,      -10.14264128,       -10.2766096,       -14.1656098,     0.01574611451,     0.01095187438,      0.7634762016,                 0,                 0,                 0,     0.04416658269,    -0.05563113623,      0.7615254629,                 0,       69.71192102,      0.0160995085
          0,           0,         473,      -10.31798461,      -9.732677863,      -10.14919378,      -10.28313394,      -14.17312085,     0.01574611451,     0.01095190474,      0.7634713866,                 0,                 0,                 0,     0.04416568394,    -0.05563068633,      0.7615206689,                 0,       69.71128811,      0.0160995085
          0,           0,         474,       -10.3213447,       -9.73964457,       -10.1557488,      -10.28965333,      -14.18060827,     0.01574611451,     0.01095193481,       0.763466643,                 0,                 0,                 0,     0.04416479859,    -0.05563024294,      0.7615159459,                 0,       69.71066354,      0.0160995085
          0,           0,         475,      -10.32470254,      -9.746602347,      -10.16230607,      -10.29616934,      -14.18807231,     0.01574611451,      0.0109519646,      0.7634619697,                 0,                 0,                 0,     0.04416392647,    -0.05562980596,       0.761511293,                 0,       69.71004723,      0.0160995085
          0,           0,         476,      -10.32805785,      -9.753551378,       -10.1688661,      -10.30268102,      -14.19551325,     0.01574611451,      0.0109519941,      0.7634573658,                 0,                 0,                 0,     0.04416306737,    -0.05562937531,      0.7615067092,                 0,       69.70943908,      0.0160995085
          0,           0,         477,      -10.33141072,      -9.760491768,      -10.17542883,      -10.30918812,      -14.20293139,     0.01574611451,     0.01095202332,      0.7634528302,                 0,                 0,                 0,     0.04416222113,    -0.05562895091,      0.7615021935,                 0,         69.708839,      0.0160995085
          0,           0,         478,       -10.3347614,      -9.767423791,      -10.18199402,      -10.31569405,      -14.21032706,     0.01574611451,     0.01095205225,      0.7634483621,                 0,                 0,                 0,     0.04416138755,    -0.05562853267,      0.7614977449,                 0,        69.7082469,      0.0160995085
          0,           0,         479,      -10.33810975,      -9.774347581,      -10.18856202,      -10.32219397,      -14.21770055,     0.01574611451,     0.01095208089,      0.7634439604,                 0,                 0,                 0,     0.04416056645,     -0.0556281205,      0.7614933624,                 0,       69.70766268,      0.0160995085
          0,           0,         480,      -10.34145595,      -9.781263302,      -10.19513267,      -10.32869154,      -14.22505218,     0.01574611451,     0.01095210925,      0.7634396243,                 0,                 0,                 0,     0.04415975766,    -0.05562771433,      0.7614890452,                 0,       69.70708626,      0.0160995085
          0,           0,         481,      -10.34479981,      -9.788171146,      -10.20170629,      -10.33518455,      -14.23238217,     0.01574611451,     0.01095213733,      0.7634353527,                 0,                 0,                 0,       0.044158961,    -0.05562731407,      0.7614847924,                 0,       69.70651754,      0.0160995085
          0,           0,         482,      -10.34814168,      -9.795071234,      -10.20828269,      -10.34167477,      -14.23969076,     0.01574611451,     0.01095216512,      0.7634311448,                 0,                 0,                 0,     0.04415817631,    -0.05562691964,      0.7614806029,                 0,       69.70595643,      0.0160995085
          0,           0,         483,      -10.35148132,      -9.801963828,      -10.21486224,      -10.34816023,      -14.24697809,     0.01574611451,     0.01095219263,      0.7634269997,                 0,                 0,                 0,      0.0441574034,    -0.05562653096,      0.7614764759,                 0,       69.70540285,      0.0160995085
          0,           0,         484,      -10.35481891,      -9.808849062,      -10.22144455,        -10.354645,      -14.25424436,     0.01574611451,     0.01095221987,      0.7634229164,                 0,                 0,                 0,     0.04415664211,    -0.05562614795,      0.7614724106,                 0,       69.70485671,      0.0160995085
          0,           0,         485,      -10.35815455,      -9.815727116,      -10.22802981,      -10.36112548,      -14.26148982,     0.01574611451,     0.01095224682,      0.7634188941,                 0,                 0,                 0,     0.04415589228,    -0.05562577053,       0.761468406,                 0,       69.70431793,      0.0160995085
          0,           0,         486,      -10.36148807,       -9.82259811,      -10.23461845,       -10.3676016,      -14.26871481,     0.01574611451,     0.01095227349,       0.763414932,                 0,                 0,                 0,     0.04415515373,    -0.05562539864,      0.7614644612,                 0,       69.70378641,      0.0160995085
          0,           0,         487,      -10.36481962,      -9.829462249,      -10.24120988,      -10.37407321,       -14.2759198,     0.01574611451,     0.01095229988,      0.7634110291,                 0,                 0,                 0,     0.04415442632,    -0.05562503219,      0.7614605755,                 0,       69.70326207,      0.0160995085
          0,           0,         488,       -10.3681495,      -9.836319748,       -10.2478046,      -10.38054456,      -14.28310537,     0.01574611451,       0.010952326,      0.7634071846,                 0,                 0,                 0,     0.04415370988,     -0.0556246711,      0.7614567479,                 0,       69.70274483,      0.0160995085
          0,           0,         489,      -10.37147715,      -9.843170766,      -10.25440247,      -10.38701138,       -14.2902722,     0.01574611451,     0.01095235184,      0.7634033977,                 0,                 0,                 0,     0.04415300424,    -0.05562431531,      0.7614529777,                 0,       69.70223461,      0.0160995085
          0,           0,         490,      -10.37480315,       -9.85001537,       -10.2610035,      -10.39347541,      -14.29742099,     0.01574611451,     0.01095237741,      0.7633996676,                 0,                 0,                 0,     0.04415230927,    -0.05562396473,       0.761449264,                 0,       69.70173131,      0.0160995085
          0,           0,         491,      -10.37812726,      -9.856853776,      -10.26760795,      -10.39993528,      -14.30455241,     0.01574611451,     0.01095240271,      0.7633959934,                 0,                 0,                 0,      0.0441516248,    -0.05562361931,       0.761445606,                 0,       69.70123486,      0.0160995085
          0,           0,         492,      -10.38144963,      -9.863686211,      -10.27421556,      -10.40639393,      -14.31166705,     0.01574611451,     0.01095242773,      0.7633923744,                 0,                 0,                 0,     0.04415095068,    -0.05562327896,      0.7614420029,                 0,       69.70074517,      0.0160995085
          0,           0,         493,      -10.38477003,      -9.870512791,      -10.28082647,      -10.41284778,      -14.31876538,     0.01574611451,     0.01095245249,      0.7633888097,                 0,                 0,                 0,     0.04415028677,    -0.05562294362,       0.761438454,                 0,       69.70026217,      0.0160995085
          0,           0,         494,      -10.38808889,      -9.877333593,      -10.28744051,      -10.41929953,      -14.32584772,     0.01574611451,     0.01095247697,      0.7633852987,                 0,                 0,                 0,     0.04414963292,    -0.05562261322,      0.7614349584,                 0,       69.69978577,      0.0160995085
          0,           0,         495,      -10.39140589,      -9.884148922,      -10.29405813,      -10.42574848,      -14.33291426,     0.01574611451,     0.01095250119,      0.7633818404,                 0,                 0,                 0,     0.04414898898,    -0.05562228768,      0.7614315154,                 0,        69.6993159,      0.0160995085
          0,           0,         496,      -10.39472116,      -9.890958878,      -10.30067927,      -10.43219353,      -14.33996505,     0.01574611451,     0.01095252514,      0.7633784342,                 0,                 0,                 0,      0.0441483548,    -0.05562196695,      0.7614281243,                 0,       69.69885247,      0.0160995085
          0,           0,         497,      -10.39803511,      -9.897763575,       -10.3073034,      -10.43863755,       -14.3470001,     0.01574611451,     0.01095254883,      0.7633750793,                 0,                 0,                 0,     0.04414773026,    -0.05562165096,      0.7614247842,                 0,       69.69839541,      0.0160995085
          0,           0,         498,      -10.40134705,      -9.904563198,      -10.31393117,       -10.4450756,      -14.35401938,     0.01574611451,     0.01095257226,       0.763371775,                 0,                 0,                 0,      0.0441471152,    -0.05562133963,      0.7614214945,                 0,       69.69794465,      0.0160995085
          0,           0,         499,      -10.40465727,      -9.911357874,      -10.32056235,      -10.45151178,      -14.36102289,     0.01574611451,     0.01095259542,      0.7633685205,                 0,                 0,                 0,      0.0441465095,     -0.0556210329,      0.7614182544,                 0,       69.69750009,      0.0160995085
          0,           0,         500,      -10.40796624,      -9.918147786,       -10.3271967,      -10.45794623,      -14.36801068,     0.01574611451,     0.01095261833,      0.7633653151,                 0,                 0,                 0,     0.04414591302,    -0.05562073072,      0.7614150632,                 0,       69.69706167,      0.0160995085
          0,           0,         501,      -10.41127349,      -9.924933029,      -10.33383473,      -10.46437804,      -14.37498286,     0.01574611451,     0.01095264098,      0.7633621582,                 0,                 0,                 0,     0.04414532561,    -0.05562043301,      0.7614119203,                 0,       69.69662932,      0.0160995085
          0,           0,         502,       -10.4145792,      -9.931713807,      -10.34047623,      -10.47080521,      -14.38193962,     0.01574611451,     0.01095266337,      0.7633590489,                 0,                 0,                 0,     0.04414474716,    -0.05562013972,      0.7614088248,                 0,       69.69620295,      0.0160995085
          0,           0,         503,       -10.4178833,      -9.938490249,      -10.34712083,      -10.47722978,      -14.38888127,     0.01574611451,      0.0109526855,      0.7633559867,                 0,                 0,                 0,     0.04414417753,    -0.05561985077,      0.7614057762,                 0,        69.6957825,      0.0160995085
          0,           0,         504,      -10.42118577,      -9.945262465,      -10.35376915,      -10.48365127,       -14.3958082,     0.01574611451,     0.01095270739,      0.7633529709,                 0,                 0,                 0,     0.04414361658,    -0.05561956612,      0.7614027737,                 0,       69.69536788,      0.0160995085
          0,           0,         505,      -10.42448706,      -9.952030644,       -10.3604209,       -10.4900711,      -14.40272059,     0.01574611451,     0.01095272902,      0.7633500007,                 0,                 0,                 0,     0.04414306421,     -0.0556192857,      0.7613998167,                 0,       69.69495904,      0.0160995085
          0,           0,         506,      -10.42778649,      -9.958794843,      -10.36707618,      -10.49648396,      -14.40961887,     0.01574611451,     0.01095275041,      0.7633470755,                 0,                 0,                 0,     0.04414252028,    -0.05561900945,      0.7613969045,                 0,       69.69455589,      0.0160995085
          0,           0,         507,      -10.43108485,      -9.965555267,      -10.37373484,       -10.5028985,      -14.41650333,     0.01574611451,     0.01095277155,      0.7633441946,                 0,                 0,                 0,     0.04414198467,    -0.05561873731,      0.7613940365,                 0,       69.69415836,      0.0160995085
          0,           0,         508,      -10.43438157,      -9.972312085,      -10.38039691,      -10.50930782,      -14.42337424,     0.01574611451,     0.01095279244,      0.7633413575,                 0,                 0,                 0,     0.04414145725,    -0.05561846923,       0.761391212,                 0,       69.69376639,      0.0160995085
          0,           0,         509,       -10.4376769,      -9.979065331,      -10.38706266,      -10.51571506,      -14.43023185,     0.01574611451,     0.01095281309,      0.7633385635,                 0,                 0,                 0,      0.0441409379,    -0.05561820514,      0.7613884304,                 0,        69.6933799,      0.0160995085
          0,           0,         510,      -10.44097075,      -9.985815126,      -10.39373184,      -10.52211837,      -14.43707649,     0.01574611451,     0.01095283349,      0.7633358119,                 0,                 0,                 0,     0.04414042652,      -0.055617945,       0.761385691,                 0,       69.69299883,      0.0160995085
          0,           0,         511,      -10.44426322,      -9.992561694,      -10.40040445,      -10.52851888,      -14.44390855,     0.01574611451,     0.01095285366,      0.7633331021,                 0,                 0,                 0,     0.04413992297,    -0.05561768873,      0.7613829933,                 0,       69.69262312,      0.0160995085
          0,           0,         512,      -10.44755434,      -9.999305116,      -10.40708037,      -10.53491519,      -14.45072845,     0.01574611451,     0.01095287359,      0.7633304336,                 0,                 0,                 0,     0.04413942714,     -0.0556174363,      0.7613803366,                 0,       69.69225268,      0.0160995085
          0,           0,         513,      -10.45084431,      -10.00604549,       -10.4137591,      -10.54131041,      -14.45753664,     0.01574611451,     0.01095289328,      0.7633278056,                 0,                 0,                 0,     0.04413893893,    -0.05561718765,      0.7613777204,                 0,       69.69188747,      0.0160995085
          0,           0,         514,      -10.45413267,      -10.01278291,      -10.42044117,       -10.5477008,       -14.4643336,     0.01574611451,     0.01095291273,      0.7633252177,                 0,                 0,                 0,     0.04413845821,    -0.05561694271,       0.761375144,                 0,       69.69152739,      0.0160995085
          0,           0,         515,      -10.45741977,      -10.01951746,      -10.42712639,      -10.55408811,      -14.47111978,     0.01574611451,     0.01095293195,      0.7633226692,                 0,                 0,                 0,     0.04413798488,    -0.05561670144,      0.7613726069,                 0,        69.6911724,      0.0160995085
          0,           0,         516,      -10.46070543,       -10.0262494,      -10.43381476,      -10.56047179,      -14.47789558,     0.01574611451,     0.01095295095,      0.7633201595,                 0,                 0,                 0,     0.04413751884,    -0.05561646379,      0.7613701084,                 0,       69.69082243,      0.0160995085
          0,           0,         517,      -10.46399002,      -10.03297871,      -10.44050661,      -10.56685449,      -14.48466135,     0.01574611451,     0.01095296971,      0.7633176881,                 0,                 0,                 0,     0.04413705996,    -0.05561622971,      0.7613676481,                 0,        69.6904774,      0.0160995085
          0,           0,         518,      -10.46727302,      -10.03970555,      -10.44720165,      -10.57322826,      -14.49141736,     0.01574611451,     0.01095298825,      0.7633152545,                 0,                 0,                 0,     0.04413660815,    -0.05561599913,      0.7613652253,                 0,       69.69013727,      0.0160995085
          0,           0,         519,      -10.47055498,      -10.04643009,      -10.45390004,       -10.5796046,      -14.49816384,     0.01574611451,     0.01095300656,       0.763312858,                 0,                 0,                 0,      0.0441361633,    -0.05561577202,      0.7613628395,                 0,       69.68980195,      0.0160995085
          0,           0,         520,       -10.4738357,      -10.05315231,      -10.46060162,      -10.58597367,      -14.50490096,     0.01574611451,     0.01095302465,      0.7633104981,                 0,                 0,                 0,      0.0441357253,    -0.05561554833,      0.7613604902,                 0,       69.68947141,      0.0160995085
          0,           0,         521,      -10.47711497,      -10.05987243,      -10.46730642,      -10.59234015,      -14.51162887,     0.01574611451,     0.01095304252,      0.7633081743,                 0,                 0,                 0,     0.04413529406,    -0.05561532799,      0.7613581768,                 0,       69.68914556,      0.0160995085
          0,           0,         522,      -10.48039308,      -10.06659047,      -10.47401427,      -10.59870405,      -14.51834773,     0.01574611451,     0.01095306016,       0.763305886,                 0,                 0,                 0,     0.04413486947,    -0.05561511098,      0.7613558988,                 0,       69.68882436,      0.0160995085
          0,           0,         523,         -10.48367,      -10.07330655,       -10.4807248,      -10.60506275,       -14.5250577,     0.01574611451,      0.0109530776,      0.7633036328,                 0,                 0,                 0,     0.04413445144,    -0.05561489723,      0.7613536556,                 0,       69.68850774,      0.0160995085
          0,           0,         524,       -10.4869458,      -10.08002076,      -10.48743797,      -10.61141936,      -14.53175901,     0.01574611451,     0.01095309481,       0.763301414,                 0,                 0,                 0,     0.04413403986,     -0.0556146867,      0.7613514468,                 0,       69.68819563,      0.0160995085
          0,           0,         525,      -10.49022004,      -10.08673317,      -10.49415458,      -10.61776947,      -14.53845189,     0.01574611451,     0.01095311181,      0.7632992293,                 0,                 0,                 0,     0.04413363465,    -0.05561447935,      0.7613492718,                 0,       69.68788799,      0.0160995085
          0,           0,         526,      -10.49349339,      -10.09344397,      -10.50087372,      -10.62411441,      -14.54513661,     0.01574611451,     0.01095312861,       0.763297078,                 0,                 0,                 0,      0.0441332357,    -0.05561427512,      0.7613471302,                 0,       69.68758475,      0.0160995085
          0,           0,         527,      -10.49676558,      -10.10015315,       -10.5075958,      -10.63046215,      -14.55181345,     0.01574611451,     0.01095314519,      0.7632949596,                 0,                 0,                 0,     0.04413284292,    -0.05561407398,      0.7613450214,                 0,       69.68728585,      0.0160995085
          0,           0,         528,      -10.50003638,      -10.10686088,      -10.51432089,      -10.63679929,      -14.55848272,     0.01574611451,     0.01095316156,      0.7632928738,                 0,                 0,                 0,     0.04413245622,    -0.05561387588,      0.7613429449,                 0,       69.68699124,      0.0160995085
          0,           0,         529,      -10.50330609,      -10.11356717,      -10.52104836,      -10.64313384,      -14.56514471,     0.01574611451,     0.01095317773,        0.76329082,                 0,                 0,                 0,     0.04413207551,    -0.05561368077,      0.7613409003,                 0,       69.68670086,      0.0160995085
          0,           0,         530,       -10.5065749,      -10.12027208,      -10.52777895,       -10.6494668,      -14.57179971,     0.01574611451,      0.0109531937,      0.7632887977,                 0,                 0,                 0,      0.0441317007,    -0.05561348861,      0.7613388871,                 0,       69.68641465,      0.0160995085
          0,           0,         531,        -10.509842,      -10.12697577,      -10.53451221,      -10.65579181,      -14.57844802,     0.01574611451,     0.01095320946,      0.7632868065,                 0,                 0,                 0,     0.04413133169,    -0.05561329935,      0.7613369048,                 0,       69.68613256,      0.0160995085
          0,           0,         532,      -10.51310849,       -10.1336783,      -10.54124809,      -10.66211668,      -14.58508989,     0.01574611451,     0.01095322503,      0.7632848458,                 0,                 0,                 0,     0.04413096841,    -0.05561311297,       0.761334953,                 0,       69.68585454,      0.0160995085
          0,           0,         533,      -10.51637365,      -10.14037978,      -10.54798632,      -10.66843308,      -14.59172559,     0.01574611451,     0.01095324039,      0.7632829153,                 0,                 0,                 0,     0.04413061076,    -0.05561292941,      0.7613330312,                 0,       69.68558052,      0.0160995085
          0,           0,         534,      -10.51963758,      -10.14708014,      -10.55472705,      -10.67474392,      -14.59835536,     0.01574611451,     0.01095325556,      0.7632810145,                 0,                 0,                 0,     0.04413025866,    -0.05561274862,      0.7613311389,                 0,       69.68531046,      0.0160995085
          0,           0,         535,      -10.52290075,      -10.15377957,      -10.56146999,      -10.68105671,      -14.60497941,     0.01574611451,     0.01095327054,      0.7632791429,                 0,                 0,                 0,     0.04412991203,    -0.05561257058,      0.7613292758,                 0,        69.6850443,      0.0160995085
          0,           0,         536,      -10.52616261,      -10.16047811,      -10.56821585,      -10.68735844,      -14.61159797,     0.01574611451,     0.01095328533,      0.7632773001,                 0,                 0,                 0,     0.04412957078,    -0.05561239525,      0.7613274413,                 0,         69.684782,      0.0160995085
          0,           0,         537,      -10.52942325,      -10.16717584,       -10.5749632,       -10.6936582,      -14.61821123,     0.01574611451,     0.01095329992,      0.7632754857,                 0,                 0,                 0,     0.04412923483,    -0.05561222257,       0.761325635,                 0,       69.68452349,      0.0160995085
          0,           0,         538,      -10.53268285,      -10.17387277,      -10.58171325,      -10.69994956,       -14.6248194,     0.01574611451,     0.01095331433,      0.7632736992,                 0,                 0,                 0,      0.0441289041,    -0.05561205251,      0.7613238566,                 0,       69.68426872,      0.0160995085
          0,           0,         539,      -10.53594133,      -10.18056901,      -10.58846558,      -10.70623831,      -14.63142266,     0.01574611451,     0.01095332855,      0.7632719402,                 0,                 0,                 0,     0.04412857852,    -0.05561188504,      0.7613221056,                 0,       69.68401765,      0.0160995085
          0,           0,         540,      -10.53919899,      -10.18726457,      -10.59521984,      -10.71252299,       -14.6380212,     0.01574611451,     0.01095334259,      0.7632702084,                 0,                 0,                 0,     0.04412825799,    -0.05561172011,      0.7613203815,                 0,       69.68377023,      0.0160995085
          0,           0,         541,      -10.54245529,      -10.19395954,      -10.60197628,      -10.71880051,       -14.6446152,     0.01574611451,     0.01095335645,      0.7632685032,                 0,                 0,                 0,     0.04412794246,    -0.05561155769,       0.761318684,                 0,       69.68352641,      0.0160995085
          0,           0,         542,      -10.54571084,      -10.20065403,      -10.60873451,      -10.72507601,      -14.65120485,     0.01574611451,     0.01095337012,      0.7632668243,                 0,                 0,                 0,     0.04412763183,    -0.05561139775,      0.7613170127,                 0,       69.68328613,      0.0160995085
          0,           0,         543,      -10.54896516,        -10.207348,       -10.6154947,      -10.73134418,      -14.65779032,     0.01574611451,     0.01095338362,      0.7632651713,                 0,                 0,                 0,     0.04412732604,    -0.05561124023,      0.7613153672,                 0,       69.68304935,      0.0160995085
          0,           0,         544,      -10.55221838,      -10.21404147,        -10.622257,      -10.73760462,      -14.66437179,     0.01574611451,     0.01095339694,      0.7632635438,                 0,                 0,                 0,     0.04412702501,    -0.05561108512,      0.7613137471,                 0,       69.68281602,      0.0160995085
          0,           0,         545,      -10.55547078,      -10.22073456,      -10.62902103,      -10.74386069,      -14.67094945,     0.01574611451,     0.01095341009,      0.7632619415,                 0,                 0,                 0,     0.04412672867,    -0.05561093236,      0.7613121519,                 0,       69.68258609,      0.0160995085
          0,           0,         546,        -10.558722,      -10.22742727,      -10.63578656,      -10.75011277,      -14.67752347,     0.01574611451,     0.01095342306,      0.7632603638,                 0,                 0,                 0,     0.04412643694,    -0.05561078194,      0.7613105814,                 0,       69.68235952,      0.0160995085
          0,           0,         547,      -10.56197217,      -10.23411969,      -10.64255401,      -10.75635572,      -14.68409405,     0.01574611451,     0.01095343587,      0.7632588105,                 0,                 0,                 0,     0.04412614976,     -0.0556106338,      0.7613090352,                 0,       69.68213626,      0.0160995085
          0,           0,         548,      -10.56522126,        -10.240812,      -10.64932263,       -10.7625956,      -14.69066137,     0.01574611451,      0.0109534485,      0.7632572812,                 0,                 0,                 0,     0.04412586706,    -0.05561048793,      0.7613075128,                 0,       69.68191626,      0.0160995085
          0,           0,         549,      -10.56846952,      -10.24750378,       -10.6560933,      -10.76882517,      -14.69722563,     0.01574611451,     0.01095346097,      0.7632557755,                 0,                 0,                 0,     0.04412558876,    -0.05561034428,      0.7613060139,                 0,       69.68169948,      0.0160995085
          0,           0,         550,      -10.57171682,      -10.25419555,      -10.66286501,       -10.7750558,      -14.70378702,     0.01574611451,     0.01095347327,      0.7632542931,                 0,                 0,                 0,     0.04412531481,    -0.05561020282,      0.7613045382,                 0,       69.68148588,      0.0160995085
          0,           0,         551,      -10.57496299,      -10.26088708,      -10.66963797,      -10.78127468,      -14.71034572,     0.01574611451,     0.01095348541,      0.7632528336,                 0,                 0,                 0,     0.04412504512,    -0.05561006352,      0.7613030853,                 0,       69.68127541,      0.0160995085
          0,           0,         552,      -10.57820818,      -10.26757838,       -10.6764125,      -10.78748596,       -14.7169019,     0.01574611451,     0.01095349739,      0.7632513966,                 0,                 0,                 0,     0.04412477965,    -0.05560992635,      0.7613016548,                 0,       69.68106802,      0.0160995085
          0,           0,         553,      -10.58145261,      -10.27426964,      -10.68318804,      -10.79369467,      -14.72345575,     0.01574611451,     0.01095350921,      0.7632499818,                 0,                 0,                 0,     0.04412451831,    -0.05560979127,      0.7613002465,                 0,       69.68086368,      0.0160995085
          0,           0,         554,      -10.58469587,      -10.28096082,      -10.68996476,       -10.7998958,      -14.73000741,     0.01574611451,     0.01095352087,      0.7632485889,                 0,                 0,                 0,     0.04412426105,    -0.05560965826,      0.7612988599,                 0,       69.68066234,      0.0160995085
          0,           0,         555,      -10.58793795,      -10.28765184,      -10.69674301,      -10.80609038,      -14.73655706,     0.01574611451,     0.01095353237,      0.7632472176,                 0,                 0,                 0,     0.04412400781,    -0.05560952728,      0.7612974947,                 0,       69.68046396,      0.0160995085
          0,           0,         556,      -10.59117945,      -10.29434284,      -10.70352156,      -10.81227532,      -14.74310482,     0.01574611451,     0.01095354372,      0.7632458674,                 0,                 0,                 0,     0.04412375852,     -0.0556093983,      0.7612961507,                 0,        69.6802685,      0.0160995085
          0,           0,         557,      -10.59441968,      -10.30103381,      -10.71030122,      -10.81845274,      -14.74965083,     0.01574611451,     0.01095355492,      0.7632445382,                 0,                 0,                 0,     0.04412351313,    -0.05560927129,      0.7612948275,                 0,       69.68007591,      0.0160995085
          0,           0,         558,      -10.59765912,      -10.30772471,       -10.7170817,      -10.82462405,      -14.75619521,     0.01574611451,     0.01095356597,      0.7632432295,                 0,                 0,                 0,     0.04412327156,    -0.05560914622,      0.7612935247,                 0,       69.67988616,      0.0160995085
          0,           0,         559,       -10.6008978,      -10.31441559,       -10.7238629,      -10.83079253,      -14.76273807,     0.01574611451,     0.01095357686,       0.763241941,                 0,                 0,                 0,     0.04412303377,    -0.05560902307,      0.7612922421,                 0,        69.6796992,      0.0160995085
          0,           0,         560,      -10.60413521,      -10.32110654,      -10.73064486,      -10.83694689,      -14.76927953,     0.01574611451,     0.01095358761,      0.7632406725,                 0,                 0,                 0,     0.04412279969,     -0.0556089018,      0.7612909794,                 0,         69.679515,      0.0160995085
          0,           0,         561,      -10.60737185,      -10.32779746,      -10.73742774,      -10.84309851,      -14.77581968,     0.01574611451,     0.01095359822,      0.7632394236,                 0,                 0,                 0,     0.04412256927,    -0.05560878238,      0.7612897361,                 0,       69.67933352,      0.0160995085
          0,           0,         562,      -10.61060747,      -10.33448835,      -10.74421046,      -10.84923915,      -14.78235862,     0.01574611451,     0.01095360868,       0.763238194,                 0,                 0,                 0,     0.04412234244,     -0.0556086648,      0.7612885121,                 0,       69.67915472,      0.0160995085
          0,           0,         563,      -10.61384229,      -10.34117926,      -10.75099408,      -10.85537585,      -14.78889645,     0.01574611451,       0.010953619,      0.7632369834,                 0,                 0,                 0,     0.04412211916,    -0.05560854901,      0.7612873071,                 0,       69.67897855,      0.0160995085
          0,           0,         564,      -10.61707602,      -10.34787011,      -10.75777817,       -10.8614992,      -14.79543326,     0.01574611451,     0.01095362918,      0.7632357916,                 0,                 0,                 0,     0.04412189937,      -0.055608435,      0.7612861207,                 0,       69.67880499,      0.0160995085
          0,           0,         565,      -10.62030905,      -10.35456112,      -10.76456239,      -10.86761868,      -14.80196918,     0.01574611451,     0.01095363922,      0.7632346183,                 0,                 0,                 0,     0.04412168301,    -0.05560832273,      0.7612849527,                 0,         69.678634,      0.0160995085
          0,           0,         566,      -10.62354087,      -10.36125189,      -10.77134702,      -10.87372869,      -14.80850429,     0.01574611451,     0.01095364912,       0.763233463,                 0,                 0,                 0,     0.04412147003,    -0.05560821218,      0.7612838027,                 0,       69.67846554,      0.0160995085
          0,           0,         567,      -10.62677209,      -10.36794288,      -10.77813099,      -10.87983292,      -14.81503869,     0.01574611451,     0.01095365889,      0.7632323257,                 0,                 0,                 0,     0.04412126038,    -0.05560810332,      0.7612826706,                 0,       69.67829957,      0.0160995085
          0,           0,         568,      -10.63000217,      -10.37463366,      -10.78491588,      -10.88592243,      -14.82157249,     0.01574611451,     0.01095366853,       0.763231206,                 0,                 0,                 0,     0.04412105401,    -0.05560799613,      0.7612815559,                 0,       69.67813605,      0.0160995085
          0,           0,         569,      -10.63323147,      -10.38132456,      -10.79169973,       -10.8920076,      -14.82810581,     0.01574611451,     0.01095367803,      0.7632301036,                 0,                 0,                 0,     0.04412085086,    -0.05560789058,      0.7612804585,                 0,       69.67797496,      0.0160995085
          0,           0,         570,       -10.6364598,      -10.38801531,      -10.79848419,      -10.89808476,      -14.83463876,     0.01574611451,      0.0109536874,      0.7632290182,                 0,                 0,                 0,     0.04412065088,    -0.05560778665,      0.7612793781,                 0,       69.67781626,      0.0160995085
          0,           0,         571,      -10.63968754,      -10.39470609,      -10.80526798,      -10.90415667,      -14.84117146,     0.01574611451,     0.01095369665,      0.7632279497,                 0,                 0,                 0,     0.04412045403,    -0.05560768432,      0.7612783145,                 0,       69.67765991,      0.0160995085
          0,           0,         572,      -10.64291419,      -10.40139678,      -10.81205126,      -10.91021309,        -14.847704,     0.01574611451,     0.01095370576,      0.7632268977,                 0,                 0,                 0,     0.04412026025,    -0.05560758355,      0.7612772673,                 0,       69.67750588,      0.0160995085
          0,           0,         573,      -10.64613983,      -10.40808726,      -10.81883424,      -10.91626079,      -14.85423651,     0.01574611451,     0.01095371475,      0.7632258619,                 0,                 0,                 0,      0.0441200695,    -0.05560748432,      0.7612762362,                 0,       69.67735414,      0.0160995085
          0,           0,         574,      -10.64936448,      -10.41477757,      -10.82561639,      -10.92229853,      -14.86076909,     0.01574611451,     0.01095372362,      0.7632248422,                 0,                 0,                 0,     0.04411988173,    -0.05560738661,      0.7612752212,                 0,       69.67720465,      0.0160995085
          0,           0,         575,      -10.65258838,      -10.42146784,      -10.83239849,      -10.92832883,      -14.86730185,     0.01574611451,     0.01095373236,      0.7632238383,                 0,                 0,                 0,     0.04411969689,    -0.05560729041,      0.7612742218,                 0,       69.67705738,      0.0160995085
          0,           0,         576,      -10.65581152,      -10.42815798,      -10.83917976,      -10.93434856,      -14.87383487,     0.01574611451,     0.01095374098,      0.7632228499,                 0,                 0,                 0,     0.04411951494,    -0.05560719567,       0.761273238,                 0,        69.6769123,      0.0160995085
          0,           0,         577,      -10.65903339,      -10.43484776,      -10.84595986,       -10.9403577,      -14.88036823,     0.01574611451,     0.01095374949,      0.7632218768,                 0,                 0,                 0,     0.04411933583,    -0.05560710239,      0.7612722693,                 0,       69.67676937,      0.0160995085
          0,           0,         578,      -10.66225505,      -10.44153729,       -10.8527391,      -10.94636106,      -14.88690201,     0.01574611451,     0.01095375787,      0.7632209187,                 0,                 0,                 0,     0.04411915952,    -0.05560701054,      0.7612713156,                 0,       69.67662857,      0.0160995085
          0,           0,         579,      -10.66547549,      -10.44822665,      -10.85951645,      -10.95235317,       -14.8934363,     0.01574611451,     0.01095376614,      0.7632199755,                 0,                 0,                 0,     0.04411898596,    -0.05560692009,      0.7612703767,                 0,       69.67648987,      0.0160995085
          0,           0,         580,      -10.66869494,      -10.45491567,      -10.86629336,      -10.95833234,      -14.89997114,     0.01574611451,     0.01095377429,      0.7632190469,                 0,                 0,                 0,     0.04411881511,    -0.05560683103,      0.7612694523,                 0,       69.67635323,      0.0160995085
          0,           0,         581,      -10.67191348,      -10.46160423,      -10.87306922,      -10.96429689,      -14.90650661,     0.01574611451,     0.01095378233,      0.7632181326,                 0,                 0,                 0,     0.04411864692,    -0.05560674334,      0.7612685422,                 0,       69.67621862,      0.0160995085
          0,           0,         582,       -10.6751312,      -10.46829248,       -10.8798434,      -10.97026197,      -14.91304279,     0.01574611451,     0.01095379026,      0.7632172324,                 0,                 0,                 0,     0.04411848136,    -0.05560665699,      0.7612676461,                 0,       69.67608601,      0.0160995085
          0,           0,         583,      -10.67834832,      -10.47498041,      -10.88661621,      -10.97621588,      -14.91957967,     0.01574611451,     0.01095379808,      0.7632163462,                 0,                 0,                 0,     0.04411831839,    -0.05560657196,       0.761266764,                 0,       69.67595538,      0.0160995085
          0,           0,         584,      -10.68156415,      -10.48166761,      -10.89338689,      -10.98214972,      -14.92611736,     0.01574611451,     0.01095380579,      0.7632154736,                 0,                 0,                 0,     0.04411815796,    -0.05560648823,      0.7612658954,                 0,        69.6758267,      0.0160995085
          0,           0,         585,       -10.6847794,      -10.48835453,       -10.9001567,        -10.988079,      -14.93265588,     0.01574611451,     0.01095381339,      0.7632146146,                 0,                 0,                 0,     0.04411800003,    -0.05560640579,      0.7612650403,                 0,       69.67569993,      0.0160995085
          0,           0,         586,      -10.68799349,      -10.49504078,      -10.90692498,      -10.99400023,      -14.93919529,     0.01574611451,     0.01095382088,      0.7632137688,                 0,                 0,                 0,     0.04411784456,    -0.05560632461,      0.7612641984,                 0,       69.67557506,      0.0160995085
          0,           0,         587,      -10.69120707,      -10.50172633,      -10.91369079,      -10.99990109,      -14.94573563,     0.01574611451,     0.01095382827,      0.7632129361,                 0,                 0,                 0,     0.04411769152,    -0.05560624467,      0.7612633695,                 0,       69.67545204,      0.0160995085
          0,           0,         588,      -10.69441957,      -10.50841128,      -10.92045536,      -11.00579626,      -14.95227694,     0.01574611451,     0.01095383555,      0.7632121162,                 0,                 0,                 0,     0.04411754086,    -0.05560616596,      0.7612625534,                 0,       69.67533086,      0.0160995085
          0,           0,         589,      -10.69763105,      -10.51509563,       -10.9272178,      -11.01168136,      -14.95881927,     0.01574611451,     0.01095384273,       0.763211309,                 0,                 0,                 0,     0.04411739255,    -0.05560608846,      0.7612617499,                 0,       69.67521149,      0.0160995085
          0,           0,         590,      -10.70084161,      -10.52177913,      -10.93397746,      -11.01755051,      -14.96536267,     0.01574611451,     0.01095384981,      0.7632105143,                 0,                 0,                 0,     0.04411724656,    -0.05560601214,      0.7612609588,                 0,       69.67509389,      0.0160995085
          0,           0,         591,      -10.70405147,      -10.52846184,      -10.94073499,      -11.02341164,      -14.97190718,     0.01574611451,      0.0109538568,      0.7632097318,                 0,                 0,                 0,     0.04411710283,    -0.05560593698,      0.7612601799,                 0,       69.67497805,      0.0160995085
          0,           0,         592,      -10.70726048,      -10.53514335,       -10.9474903,      -11.02925697,      -14.97845285,     0.01574611451,     0.01095386368,      0.7632089614,                 0,                 0,                 0,     0.04411696135,    -0.05560586298,       0.761259413,                 0,       69.67486394,      0.0160995085
          0,           0,         593,      -10.71046856,       -10.5418242,      -10.95424373,      -11.03509638,      -14.98499971,     0.01574611451,     0.01095387046,      0.7632082029,                 0,                 0,                 0,     0.04411682207,    -0.05560579011,       0.761258658,                 0,       69.67475154,      0.0160995085
          0,           0,         594,       -10.7136755,      -10.54850438,      -10.96099439,      -11.04091895,       -14.9915478,     0.01574611451,     0.01095387715,      0.7632074561,                 0,                 0,                 0,     0.04411668495,    -0.05560571836,      0.7612579146,                 0,       69.67464081,      0.0160995085
          0,           0,         595,      -10.71688183,      -10.55518327,      -10.96774367,      -11.04672829,      -14.99809716,     0.01574611451,     0.01095388375,      0.7632067208,                 0,                 0,                 0,     0.04411654998,    -0.05560564771,      0.7612571827,                 0,       69.67453173,      0.0160995085
          0,           0,         596,      -10.72008685,      -10.56186111,      -10.97448956,      -11.05252107,      -15.00464783,     0.01574611451,     0.01095389025,      0.7632059968,                 0,                 0,                 0,      0.0441164171,    -0.05560557813,       0.761256462,                 0,       69.67442429,      0.0160995085
          0,           0,         597,      -10.72329151,      -10.56853771,      -10.98123254,      -11.05831776,      -15.01119984,     0.01574611451,     0.01095389666,       0.763205284,                 0,                 0,                 0,     0.04411628629,    -0.05560550962,      0.7612557525,                 0,       69.67431845,      0.0160995085
          0,           0,         598,      -10.72649528,      -10.57521325,      -10.98797264,      -11.06409338,      -15.01775323,     0.01574611451,     0.01095390298,      0.7632045822,                 0,                 0,                 0,     0.04411615751,    -0.05560544216,      0.7612550539,                 0,       69.67421419,      0.0160995085
          0,           0,         599,      -10.72969782,      -10.58188774,      -10.99471089,      -11.06985785,      -15.02430804,     0.01574611451,     0.01095390921,      0.7632038912,                 0,                 0,                 0,     0.04411603073,    -0.05560537573,      0.7612543661,                 0,       69.67411149,      0.0160995085
          0,           0,         600,      -10.73289986,      -10.58856065,      -11.00144771,       -11.0756083,      -15.03086429,     0.01574611451,     0.01095391535,      0.7632032109,                 0,                 0,                 0,     0.04411590593,    -0.05560531032,      0.7612536889,                 0,       69.67401032,      0.0160995085
          0,           0,         601,      -10.73610068,      -10.59523265,      -11.00817988,      -11.08134287,      -15.03742199,     0.01574611451,      0.0109539214,       0.763202541,                 0,                 0,                 0,     0.04411578306,    -0.05560524591,      0.7612530221,                 0,       69.67391067,      0.0160995085
          0,           0,         602,      -10.73930063,       -10.6019031,      -11.01491088,      -11.08706159,      -15.04398119,     0.01574611451,     0.01095392737,      0.7632018815,                 0,                 0,                 0,     0.04411566211,    -0.05560518248,      0.7612523656,                 0,       69.67381251,      0.0160995085
          0,           0,         603,      -10.74249974,      -10.60857234,      -11.02163722,      -11.09278004,      -15.05054192,     0.01574611451,     0.01095393325,      0.7632012321,                 0,                 0,                 0,     0.04411554303,    -0.05560512002,      0.7612517191,                 0,       69.67371581,      0.0160995085
          0,           0,         604,      -10.74569837,      -10.61523968,      -11.02836315,      -11.09847333,       -15.0571042,     0.01574611451,     0.01095393904,      0.7632005926,                 0,                 0,                 0,      0.0441154258,    -0.05560505852,      0.7612510827,                 0,       69.67362056,      0.0160995085
          0,           0,         605,      -10.74889604,      -10.62190573,      -11.03508422,      -11.10415981,      -15.06366802,     0.01574611451,     0.01095394476,      0.7631999631,                 0,                 0,                 0,     0.04411531039,    -0.05560499795,       0.761250456,                 0,       69.67352674,      0.0160995085
          0,           0,         606,      -10.75209264,      -10.62857062,      -11.04180249,      -11.10983263,      -15.07023343,     0.01574611451,     0.01095395039,      0.7631993432,                 0,                 0,                 0,     0.04411519677,    -0.05560493832,      0.7612498389,                 0,       69.67343432,      0.0160995085
          0,           0,         607,      -10.75528841,      -10.63523346,      -11.04851801,      -11.11549928,      -15.07680044,     0.01574611451,     0.01095395594,      0.7631987328,                 0,                 0,                 0,     0.04411508491,    -0.05560487959,      0.7612492314,                 0,       69.67334329,      0.0160995085
          0,           0,         608,      -10.75848381,      -10.64189482,      -11.05523165,      -11.12114288,      -15.08336906,     0.01574611451,     0.01095396142,      0.7631981318,                 0,                 0,                 0,     0.04411497479,    -0.05560482176,      0.7612486332,                 0,       69.67325361,      0.0160995085
          0,           0,         609,      -10.76167817,      -10.64855463,      -11.06194044,      -11.12678197,      -15.08993931,     0.01574611451,     0.01095396681,      0.7631975401,                 0,                 0,                 0,     0.04411486637,    -0.05560476481,      0.7612480441,                 0,       69.67316528,      0.0160995085
          0,           0,         610,      -10.76487125,       -10.6552124,      -11.06864666,      -11.13238972,      -15.09651122,     0.01574611451,     0.01095397213,      0.7631969574,                 0,                 0,                 0,     0.04411475963,    -0.05560470873,      0.7612474642,                 0,       69.67307828,      0.0160995085
          0,           0,         611,      -10.76806393,      -10.66186831,      -11.07535001,      -11.13799127,      -15.10308478,     0.01574611451,     0.01095397737,      0.7631963837,                 0,                 0,                 0,     0.04411465455,    -0.05560465351,      0.7612468931,                 0,       69.67299257,      0.0160995085
          0,           0,         612,      -10.77125579,      -10.66852254,      -11.08205098,      -11.14358367,      -15.10966004,     0.01574611451,     0.01095398253,      0.7631958188,                 0,                 0,                 0,     0.04411455109,    -0.05560459913,      0.7612463308,                 0,       69.67290815,      0.0160995085
          0,           0,         613,      -10.77444689,      -10.67517495,      -11.08874684,      -11.14915681,      -15.11623699,     0.01574611451,     0.01095398762,      0.7631952626,                 0,                 0,                 0,     0.04411444924,    -0.05560454558,      0.7612457771,                 0,       69.67282499,      0.0160995085
          0,           0,         614,      -10.77763726,      -10.68182528,      -11.09544001,      -11.15472527,      -15.12281564,     0.01574611451,     0.01095399264,      0.7631947149,                 0,                 0,                 0,     0.04411434896,    -0.05560449285,       0.761245232,                 0,       69.67274308,      0.0160995085
          0,           0,         615,      -10.78082709,      -10.68847371,      -11.10213037,      -11.16028674,        -15.129396,     0.01574611451,     0.01095399758,      0.7631941756,                 0,                 0,                 0,     0.04411425023,    -0.05560444092,      0.7612446952,                 0,        69.6726624,      0.0160995085
          0,           0,         616,      -10.78401593,      -10.69512001,      -11.10881556,      -11.16583354,      -15.13597809,     0.01574611451,     0.01095400246,      0.7631936446,                 0,                 0,                 0,     0.04411415303,    -0.05560438978,      0.7612441666,                 0,       69.67258292,      0.0160995085
          0,           0,         617,      -10.78720378,      -10.70176415,      -11.11549957,      -11.17133528,      -15.14256194,     0.01574611451,     0.01095400726,      0.7631931217,                 0,                 0,                 0,     0.04411405733,    -0.05560433943,      0.7612436461,                 0,       69.67250464,      0.0160995085
          0,           0,         618,      -10.79039132,      -10.70840592,      -11.12217859,       -11.1768462,      -15.14914756,     0.01574611451,     0.01095401199,      0.7631926068,                 0,                 0,                 0,     0.04411396311,    -0.05560428984,      0.7612431336,                 0,       69.67242753,      0.0160995085
          0,           0,         619,      -10.79357807,      -10.71504592,      -11.12885384,      -11.18233725,      -15.15573494,     0.01574611451,     0.01095401666,      0.7631920999,                 0,                 0,                 0,     0.04411387035,      -0.055604241,       0.761242629,                 0,       69.67235157,      0.0160995085
          0,           0,         620,      -10.79676342,      -10.72168351,       -11.1355252,      -11.18781571,       -15.1623241,     0.01574611451,     0.01095402126,      0.7631916006,                 0,                 0,                 0,     0.04411377902,    -0.05560419291,      0.7612421321,                 0,       69.67227676,      0.0160995085
          0,           0,         621,      -10.79994914,      -10.72831866,      -11.14219288,      -11.19329716,      -15.16891507,     0.01574611451,     0.01095402579,      0.7631911091,                 0,                 0,                 0,     0.04411368909,    -0.05560414556,      0.7612416427,                 0,       69.67220306,      0.0160995085
          0,           0,         622,      -10.80313364,      -10.73495088,      -11.14885804,       -11.1987429,      -15.17550786,     0.01574611451,     0.01095403025,       0.763190625,                 0,                 0,                 0,     0.04411360056,    -0.05560409892,      0.7612411609,                 0,       69.67213047,      0.0160995085
          0,           0,         623,      -10.80631732,      -10.74158132,      -11.15551752,      -11.20417425,      -15.18210249,     0.01574611451,     0.01095403465,      0.7631901484,                 0,                 0,                 0,     0.04411351339,    -0.05560405299,      0.7612406865,                 0,       69.67205897,      0.0160995085
          0,           0,         624,      -10.80950019,      -10.74820895,      -11.16217371,      -11.20959121,      -15.18869894,     0.01574611451,     0.01095403899,       0.763189679,                 0,                 0,                 0,     0.04411342757,    -0.05560400777,      0.7612402193,                 0,       69.67198853,      0.0160995085
          0,           0,         625,      -10.81268234,      -10.75483366,      -11.16882686,      -11.21499749,      -15.19529722,     0.01574611451,     0.01095404327,      0.7631892169,                 0,                 0,                 0,     0.04411334307,    -0.05560396323,      0.7612397592,                 0,       69.67191916,      0.0160995085
          0,           0,         626,      -10.81586412,      -10.76145592,      -11.17547424,      -11.22038895,       -15.2018974,     0.01574611451,     0.01095404748,      0.7631887617,                 0,                 0,                 0,     0.04411325987,    -0.05560391937,      0.7612393062,                 0,       69.67185082,      0.0160995085
          0,           0,         627,      -10.81904505,      -10.76807565,      -11.18211965,      -11.22576776,      -15.20849944,     0.01574611451,     0.01095405163,      0.7631883136,                 0,                 0,                 0,     0.04411317795,    -0.05560387617,      0.7612388601,                 0,       69.67178351,      0.0160995085
          0,           0,         628,      -10.82222564,      -10.77469229,      -11.18876009,       -11.2311422,      -15.21510335,     0.01574611451,     0.01095405572,      0.7631878723,                 0,                 0,                 0,      0.0441130973,    -0.05560383364,      0.7612384209,                 0,       69.67171721,      0.0160995085
          0,           0,         629,      -10.82540523,      -10.78130651,      -11.19539444,       -11.2364829,      -15.22170914,     0.01574611451,     0.01095405975,      0.7631874377,                 0,                 0,                 0,     0.04411301788,    -0.05560379174,      0.7612379883,                 0,        69.6716519,      0.0160995085
          0,           0,         630,       -10.8285843,       -10.7879176,      -11.20202705,      -11.24181694,      -15.22831682,     0.01574611451,     0.01095406372,      0.7631870098,                 0,                 0,                 0,     0.04411293969,    -0.05560375049,      0.7612375623,                 0,       69.67158757,      0.0160995085
          0,           0,         631,      -10.83176266,      -10.79452542,      -11.20865431,      -11.24713434,      -15.23492641,     0.01574611451,     0.01095406763,      0.7631865884,                 0,                 0,                 0,      0.0441128627,    -0.05560370986,      0.7612371429,                 0,        69.6715242,      0.0160995085
          0,           0,         632,       -10.8349404,      -10.80113009,      -11.21527748,      -11.25244181,      -15.24153792,     0.01574611451,     0.01095407149,      0.7631861734,                 0,                 0,                 0,      0.0441127869,    -0.05560366985,      0.7612367298,                 0,       69.67146179,      0.0160995085
          0,           0,         633,      -10.83811711,      -10.80773181,      -11.22189668,      -11.25771523,      -15.24815132,     0.01574611451,     0.01095407529,      0.7631857647,                 0,                 0,                 0,     0.04411271225,    -0.05560363045,       0.761236323,                 0,       69.67140031,      0.0160995085
          0,           0,         634,      -10.84129374,      -10.81433009,      -11.22851004,       -11.2629945,      -15.25476662,     0.01574611451,     0.01095407904,      0.7631853623,                 0,                 0,                 0,     0.04411263876,    -0.05560359165,      0.7612359225,                 0,       69.67133975,      0.0160995085
          0,           0,         635,       -10.8444695,      -10.82092504,      -11.23512035,      -11.26825654,      -15.26138384,     0.01574611451,     0.01095408273,       0.763184966,                 0,                 0,                 0,      0.0441125664,    -0.05560355343,       0.761235528,                 0,        69.6712801,      0.0160995085
          0,           0,         636,      -10.84764456,      -10.82751727,      -11.24172492,       -11.2734953,      -15.26800294,     0.01574611451,     0.01095408636,      0.7631845758,                 0,                 0,                 0,     0.04411249514,    -0.05560351579,      0.7612351396,                 0,       69.67122135,      0.0160995085
          0,           0,         637,      -10.85081929,      -10.83410563,      -11.24832506,      -11.27872902,      -15.27462396,     0.01574611451,     0.01095408995,      0.7631841914,                 0,                 0,                 0,     0.04411242498,    -0.05560347873,       0.761234757,                 0,       69.67116347,      0.0160995085
          0,           0,         638,      -10.85399289,      -10.84068998,      -11.25492134,      -11.28392863,      -15.28124686,     0.01574611451,     0.01095409348,       0.763183813,                 0,                 0,                 0,      0.0441123559,    -0.05560344223,      0.7612343803,                 0,       69.67110647,      0.0160995085
          0,           0,         639,      -10.85716609,      -10.84727098,      -11.26151057,      -11.28912045,      -15.28787168,     0.01574611451,     0.01095409696,      0.7631834403,                 0,                 0,                 0,     0.04411228787,    -0.05560340628,      0.7612340093,                 0,       69.67105031,      0.0160995085
          0,           0,         640,      -10.86033855,      -10.85384829,      -11.26809807,      -11.29430065,      -15.29449838,     0.01574611451,     0.01095410039,      0.7631830732,                 0,                 0,                 0,     0.04411222089,    -0.05560337087,       0.761233644,                 0,         69.670995,      0.0160995085
          0,           0,         641,      -10.86351079,      -10.86042163,      -11.27467903,      -11.29946838,      -15.30112694,     0.01574611451,     0.01095410376,      0.7631827118,                 0,                 0,                 0,     0.04411215494,    -0.05560333601,      0.7612332842,                 0,       69.67094052,      0.0160995085
          0,           0,         642,      -10.86668226,      -10.86699173,      -11.28125465,      -11.30462832,      -15.30775742,     0.01574611451,     0.01095410709,      0.7631823558,                 0,                 0,                 0,     0.04411208999,    -0.05560330167,      0.7612329299,                 0,       69.67088686,      0.0160995085
          0,           0,         643,      -10.86985303,       -10.8735573,      -11.28782528,      -11.30976775,      -15.31438977,     0.01574611451,     0.01095411037,      0.7631820053,                 0,                 0,                 0,     0.04411202604,    -0.05560326785,       0.761232581,                 0,         69.670834,      0.0160995085
          0,           0,         644,      -10.87302293,      -10.88011916,      -11.29439111,      -11.31486552,      -15.32102395,     0.01574611451,      0.0109541136,      0.7631816601,                 0,                 0,                 0,     0.04411196307,    -0.05560323454,      0.7612322374,                 0,       69.67078194,      0.0160995085
          0,           0,         645,      -10.87619263,       -10.8866765,      -11.30095108,       -11.3199764,      -15.32765998,     0.01574611451,     0.01095411679,      0.7631813201,                 0,                 0,                 0,     0.04411190106,    -0.05560320174,       0.761231899,                 0,       69.67073065,      0.0160995085
          0,           0,         646,      -10.87936137,       -10.8932294,        -11.307506,      -11.32506057,      -15.33429785,     0.01574611451,     0.01095411992,      0.7631809853,                 0,                 0,                 0,        0.04411184,    -0.05560316943,      0.7612315657,                 0,       69.67068013,      0.0160995085
          0,           0,         647,      -10.88253034,      -10.89977867,      -11.31405709,      -11.33013443,      -15.34093756,     0.01574611451,     0.01095412301,      0.7631806555,                 0,                 0,                 0,     0.04411177988,    -0.05560313762,      0.7612312375,                 0,       69.67063037,      0.0160995085
          0,           0,         648,      -10.88569789,      -10.90632295,      -11.32060255,      -11.33519226,       -15.3475791,     0.01574611451,     0.01095412606,      0.7631803308,                 0,                 0,                 0,     0.04411172067,    -0.05560310628,      0.7612309142,                 0,       69.67058136,      0.0160995085
          0,           0,         649,      -10.88886516,      -10.91286282,      -11.32714385,      -11.34023063,      -15.35422239,     0.01574611451,     0.01095412906,       0.763180011,                 0,                 0,                 0,     0.04411166237,    -0.05560307542,      0.7612305959,                 0,       69.67053308,      0.0160995085
          0,           0,         650,      -10.89203182,      -10.91939857,      -11.33367542,      -11.34525537,      -15.36086747,     0.01574611451,     0.01095413202,       0.763179696,                 0,                 0,                 0,     0.04411160495,    -0.05560304502,      0.7612302824,                 0,       69.67048553,      0.0160995085
          0,           0,         651,      -10.89519774,      -10.92592926,      -11.34020527,      -11.35025475,      -15.36751431,     0.01574611451,     0.01095413493,      0.7631793859,                 0,                 0,                 0,     0.04411154842,    -0.05560301509,      0.7612299736,                 0,       69.67043869,      0.0160995085
          0,           0,         652,      -10.89836383,      -10.93245524,      -11.34672614,      -11.35525535,      -15.37416287,     0.01574611451,      0.0109541378,      0.7631790804,                 0,                 0,                 0,     0.04411149275,     -0.0556029856,      0.7612296696,                 0,       69.67039255,      0.0160995085
          0,           0,         653,      -10.90152854,      -10.93897602,      -11.35324269,      -11.36022879,      -15.38081317,     0.01574611451,     0.01095414062,      0.7631787795,                 0,                 0,                 0,     0.04411143792,    -0.05560295656,      0.7612293701,                 0,        69.6703471,      0.0160995085
          0,           0,         654,      -10.90469315,      -10.94549288,      -11.35975449,      -11.36520852,      -15.38746518,     0.01574611451,     0.01095414341,      0.7631784832,                 0,                 0,                 0,     0.04411138393,    -0.05560292796,      0.7612290751,                 0,       69.67030234,      0.0160995085
          0,           0,         655,      -10.90785649,      -10.95200321,      -11.36626114,      -11.37011964,       -15.3941189,     0.01574611451,     0.01095414615,      0.7631781914,                 0,                 0,                 0,     0.04411133077,     -0.0556028998,      0.7612287847,                 0,       69.67025824,      0.0160995085
          0,           0,         656,      -10.91102032,      -10.95850882,       -11.3727625,      -11.37506726,      -15.40077426,     0.01574611451,     0.01095414886,      0.7631779039,                 0,                 0,                 0,     0.04411127841,    -0.05560287205,      0.7612284986,                 0,       69.67021481,      0.0160995085
          0,           0,         657,      -10.91418331,      -10.96500976,      -11.37925242,      -11.37997253,      -15.40743129,     0.01574611451,     0.01095415152,      0.7631776209,                 0,                 0,                 0,     0.04411122685,    -0.05560284473,      0.7612282168,                 0,       69.67017203,      0.0160995085
          0,           0,         658,      -10.91734549,      -10.97150535,      -11.38574017,      -11.38487422,      -15.41408995,     0.01574611451,     0.01095415414,      0.7631773421,                 0,                 0,                 0,     0.04411117608,    -0.05560281782,      0.7612279393,                 0,       69.67012989,      0.0160995085
          0,           0,         659,      -10.92050748,      -10.97799509,      -11.39221999,      -11.38975179,      -15.42075023,     0.01574611451,     0.01095415673,      0.7631770675,                 0,                 0,                 0,     0.04411112608,    -0.05560279131,       0.761227666,                 0,       69.67008838,      0.0160995085
          0,           0,         660,      -10.92366882,      -10.98447891,      -11.39869533,      -11.39462271,       -15.4274121,     0.01574611451,     0.01095415928,      0.7631767971,                 0,                 0,                 0,     0.04411107684,     -0.0556027652,      0.7612273968,                 0,       69.67004749,      0.0160995085
          0,           0,         661,      -10.92682909,      -10.99095722,      -11.40516417,      -11.39944726,      -15.43407554,     0.01574611451,     0.01095416179,      0.7631765307,                 0,                 0,                 0,     0.04411102835,    -0.05560273949,      0.7612271317,                 0,       69.67000722,      0.0160995085
          0,           0,         662,      -10.92998969,      -10.99743073,      -11.41162797,      -11.40430982,      -15.44074054,     0.01574611451,     0.01095416426,      0.7631762684,                 0,                 0,                 0,     0.04411098059,    -0.05560271416,      0.7612268706,                 0,       69.66996755,      0.0160995085
          0,           0,         663,      -10.93314907,      -11.00389714,      -11.41808395,      -11.40911719,       -15.4474071,     0.01574611451,     0.01095416669,        0.76317601,                 0,                 0,                 0,     0.04411093357,    -0.05560268922,      0.7612266134,                 0,       69.66992847,      0.0160995085
          0,           0,         664,      -10.93630869,      -11.01035857,      -11.42453271,      -11.41392031,      -15.45407515,     0.01574611451,     0.01095416909,      0.7631757556,                 0,                 0,                 0,     0.04411088725,    -0.05560266465,      0.7612263602,                 0,       69.66988998,      0.0160995085
          0,           0,         665,      -10.93946725,      -11.01681278,      -11.43097634,      -11.41870753,      -15.46074466,     0.01574611451,     0.01095417146,      0.7631755049,                 0,                 0,                 0,     0.04411084164,    -0.05560264045,      0.7612261107,                 0,       69.66985207,      0.0160995085
          0,           0,         666,      -10.94262526,      -11.02326176,      -11.43740978,      -11.42346639,      -15.46741565,     0.01574611451,     0.01095417379,      0.7631752581,                 0,                 0,                 0,     0.04411079672,    -0.05560261662,       0.761225865,                 0,       69.66981472,      0.0160995085
          0,           0,         667,      -10.94578324,      -11.02970413,      -11.44383912,      -11.42823577,      -15.47408809,     0.01574611451,     0.01095417608,      0.7631750149,                 0,                 0,                 0,     0.04411075248,    -0.05560259314,       0.761225623,                 0,       69.66977794,      0.0160995085
          0,           0,         668,      -10.94894021,      -11.03614076,       -11.4502661,      -11.43296434,      -15.48076198,     0.01574611451,     0.01095417834,      0.7631747755,                 0,                 0,                 0,     0.04411070892,    -0.05560257002,      0.7612253846,                 0,        69.6697417,      0.0160995085
          0,           0,         669,      -10.95209681,      -11.04257036,      -11.45668399,      -11.43768985,       -15.4874373,     0.01574611451,     0.01095418057,      0.7631745396,                 0,                 0,                 0,     0.04411066601,    -0.05560254724,      0.7612251498,                 0,       69.66970601,      0.0160995085
          0,           0,         670,      -10.95525305,      -11.04899402,      -11.46309222,      -11.44239935,      -15.49411396,     0.01574611451,     0.01095418276,      0.7631743073,                 0,                 0,                 0,     0.04411062376,    -0.05560252481,      0.7612249186,                 0,       69.66967086,      0.0160995085
          0,           0,         671,      -10.95840913,      -11.05541085,      -11.46949339,      -11.44709706,      -15.50079194,     0.01574611451,     0.01095418492,      0.7631740785,                 0,                 0,                 0,     0.04411058214,    -0.05560250272,      0.7612246908,                 0,       69.66963623,      0.0160995085
          0,           0,         672,      -10.96156412,      -11.06181951,      -11.47588811,      -11.45176337,      -15.50747127,     0.01574611451,     0.01095418705,      0.7631738531,                 0,                 0,                 0,     0.04411054116,    -0.05560248095,      0.7612244665,                 0,       69.66960212,      0.0160995085
          0,           0,         673,      -10.96471951,      -11.06822278,      -11.48228084,      -11.45643463,      -15.51415189,     0.01574611451,     0.01095418914,      0.7631736311,                 0,                 0,                 0,     0.04411050079,    -0.05560245952,      0.7612242455,                 0,       69.66956852,      0.0160995085
          0,           0,         674,      -10.96787377,      -11.07461933,       -11.4886606,      -11.46107799,      -15.52083384,     0.01574611451,     0.01095419121,      0.7631734125,                 0,                 0,                 0,     0.04411046104,     -0.0556024384,      0.7612240279,                 0,       69.66953542,      0.0160995085
          0,           0,         675,       -10.9710279,      -11.08100919,      -11.49503555,      -11.46572266,      -15.52751703,     0.01574611451,     0.01095419324,      0.7631731971,                 0,                 0,                 0,     0.04411042189,    -0.05560241761,      0.7612238135,                 0,       69.66950282,      0.0160995085
          0,           0,         676,      -10.97418098,      -11.08739074,      -11.50140224,      -11.47031395,      -15.53420146,     0.01574611451,     0.01095419525,       0.763172985,                 0,                 0,                 0,     0.04411038333,    -0.05560239712,      0.7612236024,                 0,       69.66947071,      0.0160995085
          0,           0,         677,      -10.97733439,      -11.09376578,      -11.50776203,      -11.47492299,      -15.54088703,     0.01574611451,     0.01095419722,       0.763172776,                 0,                 0,                 0,     0.04411034535,    -0.05560237694,      0.7612233944,                 0,       69.66943908,      0.0160995085
          0,           0,         678,      -10.98048668,      -11.10013273,      -11.51411608,       -11.4794982,      -15.54757255,     0.01574611451,     0.01095419917,      0.7631725702,                 0,                 0,                 0,     0.04411030795,    -0.05560235707,      0.7612231895,                 0,       69.66940792,      0.0160995085
          0,           0,         679,      -10.98363888,      -11.10649222,      -11.52046053,      -11.48406675,      -15.55425882,     0.01574611451,     0.01095420108,      0.7631723675,                 0,                 0,                 0,     0.04411027111,    -0.05560233749,      0.7612229878,                 0,       69.66937724,      0.0160995085
          0,           0,         680,      -10.98679086,      -11.11284469,      -11.52679842,      -11.48863669,       -15.5609466,     0.01574611451,     0.01095420297,      0.7631721678,                 0,                 0,                 0,     0.04411023483,    -0.05560231821,       0.761222789,                 0,       69.66934701,      0.0160995085
          0,           0,         681,      -10.98994179,      -11.11919038,       -11.5331281,       -11.4931636,      -15.56763599,     0.01574611451,     0.01095420483,      0.7631719711,                 0,                 0,                 0,      0.0441101991,    -0.05560229922,      0.7612225932,                 0,       69.66931723,      0.0160995085
          0,           0,         682,      -10.99309225,      -11.12552493,      -11.53945352,       -11.4976625,      -15.57432682,     0.01574611451,     0.01095420666,      0.7631717774,                 0,                 0,                 0,     0.04411016391,    -0.05560228051,      0.7612224004,                 0,        69.6692879,      0.0160995085
          0,           0,         683,      -10.99624289,       -11.1318533,      -11.54576654,      -11.50217311,      -15.58101886,     0.01574611451,     0.01095420846,      0.7631715866,                 0,                 0,                 0,     0.04411012924,    -0.05560226208,      0.7612222105,                 0,       69.66925901,      0.0160995085
          0,           0,         684,      -10.99939294,      -11.13817359,      -11.55207191,      -11.50665251,      -15.58771204,     0.01574611451,     0.01095421024,      0.7631713986,                 0,                 0,                 0,      0.0441100951,    -0.05560224393,      0.7612220234,                 0,       69.66923055,      0.0160995085
          0,           0,         685,      -11.00254283,      -11.14448541,      -11.55837105,      -11.51113952,      -15.59440621,     0.01574611451,     0.01095421199,      0.7631712135,                 0,                 0,                 0,     0.04411006148,    -0.05560222605,      0.7612218391,                 0,       69.66920252,      0.0160995085
          0,           0,         686,      -11.00569216,      -11.15078949,      -11.56465962,      -11.51558481,      -15.60110132,     0.01574611451,     0.01095421371,      0.7631710311,                 0,                 0,                 0,     0.04411002836,    -0.05560220844,      0.7612216575,                 0,       69.66917491,      0.0160995085
          0,           0,         687,      -11.00884143,       -11.1570859,      -11.57094191,      -11.52005154,      -15.60779735,     0.01574611451,     0.01095421541,      0.7631708514,                 0,                 0,                 0,     0.04410999574,    -0.05560219109,      0.7612214787,                 0,       69.66914771,      0.0160995085
          0,           0,         688,      -11.01198967,      -11.16337301,      -11.57721677,      -11.52449156,      -15.61449421,     0.01574611451,     0.01095421708,      0.7631706745,                 0,                 0,                 0,     0.04410996361,      -0.055602174,      0.7612213026,                 0,       69.66912092,      0.0160995085
          0,           0,         689,      -11.01513768,       -11.1696521,      -11.58348362,      -11.52890941,      -15.62119197,     0.01574611451,     0.01095421873,      0.7631705002,                 0,                 0,                 0,     0.04410993196,    -0.05560215717,      0.7612211291,                 0,       69.66909454,      0.0160995085
          0,           0,         690,      -11.01828542,      -11.17592234,      -11.58974061,      -11.53332742,      -15.62789055,     0.01574611451,     0.01095422035,      0.7631703285,                 0,                 0,                 0,      0.0441099008,    -0.05560214058,      0.7612209582,                 0,       69.66906854,      0.0160995085
          0,           0,         691,      -11.02143275,      -11.18218227,       -11.5959858,      -11.53768833,      -15.63458992,     0.01574611451,     0.01095422195,      0.7631701593,                 0,                 0,                 0,      0.0441098701,    -0.05560212425,      0.7612207898,                 0,       69.66904294,      0.0160995085
          0,           0,         692,         -11.02458,      -11.18843505,      -11.60222528,      -11.54207111,       -15.6412901,     0.01574611451,     0.01095422352,      0.7631699927,                 0,                 0,                 0,     0.04410983986,    -0.05560210816,       0.761220624,                 0,       69.66901772,      0.0160995085
          0,           0,         693,      -11.02772686,      -11.19467867,       -11.6084559,      -11.54643114,      -15.64799097,     0.01574611451,     0.01095422507,      0.7631698286,                 0,                 0,                 0,     0.04410981007,    -0.05560209231,      0.7612204606,                 0,       69.66899288,      0.0160995085
          0,           0,         694,      -11.03087239,      -11.20091205,      -11.61468405,      -11.55074373,      -15.65469257,     0.01574611451,      0.0109542266,      0.7631696669,                 0,                 0,                 0,     0.04410978074,     -0.0556020767,      0.7612202997,                 0,       69.66896841,      0.0160995085
          0,           0,         695,       -11.0340189,      -11.20713668,      -11.62089615,      -11.55510412,       -15.6613948,     0.01574611451,      0.0109542281,      0.7631695077,                 0,                 0,                 0,     0.04410975184,    -0.05560206132,      0.7612201412,                 0,        69.6689443,      0.0160995085
          0,           0,         696,       -11.0371645,      -11.21335345,      -11.62709876,       -11.5594407,      -15.66809766,     0.01574611451,     0.01095422959,      0.7631693508,                 0,                 0,                 0,     0.04410972338,    -0.05560204618,       0.761219985,                 0,       69.66892056,      0.0160995085
          0,           0,         697,      -11.04030937,      -11.21955802,      -11.63329942,       -11.5637093,      -15.67480116,     0.01574611451,     0.01095423104,      0.7631691962,                 0,                 0,                 0,     0.04410969535,    -0.05560203125,      0.7612198312,                 0,       69.66889717,      0.0160995085
          0,           0,         698,       -11.0434547,      -11.22575506,      -11.63948114,      -11.56801186,      -15.68150521,     0.01574611451,     0.01095423248,       0.763169044,                 0,                 0,                 0,     0.04410966774,    -0.05560201655,      0.7612196797,                 0,       69.66887414,      0.0160995085
          0,           0,         699,       -11.0465987,      -11.23194019,      -11.64566124,      -11.57226354,      -15.68820983,     0.01574611451,      0.0109542339,       0.763168894,                 0,                 0,                 0,     0.04410964054,    -0.05560200207,      0.7612195304,                 0,       69.66885145,      0.0160995085
          0,           0,         700,      -11.04974346,      -11.23811883,      -11.65182652,       -11.5765444,      -15.69491501,     0.01574611451,     0.01095423529,      0.7631687463,                 0,                 0,                 0,     0.04410961375,    -0.05560198781,      0.7612193834,                 0,        69.6688291,      0.0160995085
          0,           0,         701,       -11.0528868,      -11.24428358,      -11.65798859,      -11.58076557,      -15.70162069,     0.01574611451,     0.01095423666,      0.7631686008,                 0,                 0,                 0,     0.04410958736,    -0.05560197376,      0.7612192385,                 0,       69.66880708,      0.0160995085
          0,           0,         702,      -11.05603103,      -11.25044013,      -11.66414074,      -11.58500176,      -15.70832682,     0.01574611451,     0.01095423802,      0.7631684574,                 0,                 0,                 0,     0.04410956136,    -0.05560195992,      0.7612190958,                 0,        69.6687854,      0.0160995085
          0,           0,         703,      -11.05917395,      -11.25658644,      -11.67028414,      -11.58920154,      -15.71503335,     0.01574611451,     0.01095423935,      0.7631683162,                 0,                 0,                 0,     0.04410953576,    -0.05560194628,      0.7612189552,                 0,       69.66876403,      0.0160995085
          0,           0,         704,      -11.06231704,      -11.26272247,       -11.6764113,      -11.59343195,      -15.72174031,     0.01574611451,     0.01095424066,      0.7631681771,                 0,                 0,                 0,     0.04410951054,    -0.05560193285,      0.7612188168,                 0,       69.66874299,      0.0160995085
          0,           0,         705,       -11.0654599,      -11.26884954,      -11.68253177,       -11.5976359,       -15.7284476,     0.01574611451,     0.01095424195,      0.7631680401,                 0,                 0,                 0,      0.0441094857,    -0.05560191962,      0.7612186803,                 0,       69.66872227,      0.0160995085
          0,           0,         706,      -11.06860201,      -11.27496488,      -11.68863718,      -11.60179393,       -15.7351553,     0.01574611451,     0.01095424322,       0.763167905,                 0,                 0,                 0,     0.04410946123,    -0.05560190659,       0.761218546,                 0,       69.66870185,      0.0160995085
          0,           0,         707,      -11.07174454,      -11.28107024,      -11.69473761,      -11.60595566,      -15.74186334,     0.01574611451,     0.01095424448,       0.763167772,                 0,                 0,                 0,     0.04410943712,    -0.05560189375,      0.7612184136,                 0,       69.66868174,      0.0160995085
          0,           0,         708,      -11.07488538,      -11.28716476,      -11.70083281,      -11.61010116,      -15.74857169,     0.01574611451,     0.01095424571,       0.763167641,                 0,                 0,                 0,     0.04410941338,     -0.0556018811,      0.7612182832,                 0,       69.66866193,      0.0160995085
          0,           0,         709,      -11.07802712,      -11.29324608,      -11.70691651,      -11.61424289,      -15.75528028,     0.01574611451,     0.01095424692,      0.7631675119,                 0,                 0,                 0,     0.04410938999,    -0.05560186864,      0.7612181547,                 0,       69.66864242,      0.0160995085
          0,           0,         710,      -11.08116858,      -11.29931875,      -11.71298314,      -11.61836891,      -15.76198907,     0.01574611451,     0.01095424812,      0.7631673848,                 0,                 0,                 0,     0.04410936695,    -0.05560185636,      0.7612180281,                 0,        69.6686232,      0.0160995085
          0,           0,         711,      -11.08430856,      -11.30537924,      -11.71905037,      -11.62245533,      -15.76869807,     0.01574611451,      0.0109542493,      0.7631672595,                 0,                 0,                 0,     0.04410934426,    -0.05560184427,      0.7612179034,                 0,       69.66860427,      0.0160995085
          0,           0,         712,      -11.08744962,      -11.31142872,      -11.72510178,      -11.62655154,      -15.77540728,     0.01574611451,     0.01095425046,      0.7631671361,                 0,                 0,                 0,      0.0441093219,    -0.05560183236,      0.7612177806,                 0,       69.66858562,      0.0160995085
          0,           0,         713,      -11.09059015,      -11.31746816,      -11.73113215,      -11.63065071,      -15.78211662,     0.01574611451,      0.0109542516,      0.7631670145,                 0,                 0,                 0,     0.04410929988,    -0.05560182062,      0.7612176596,                 0,       69.66856725,      0.0160995085
          0,           0,         714,      -11.09372938,       -11.3234932,      -11.73716336,      -11.63468286,      -15.78882604,     0.01574611451,     0.01095425273,      0.7631668948,                 0,                 0,                 0,     0.04410927819,    -0.05560180906,      0.7612175404,                 0,       69.66854916,      0.0160995085
          0,           0,         715,      -11.09686994,       -11.3295108,      -11.74318447,      -11.63876846,      -15.79553557,     0.01574611451,     0.01095425384,      0.7631667768,                 0,                 0,                 0,     0.04410925682,    -0.05560179768,      0.7612174229,                 0,       69.66853134,      0.0160995085
          0,           0,         716,      -11.10000984,      -11.33551224,      -11.74918478,      -11.64280981,      -15.80224518,     0.01574611451,     0.01095425493,      0.7631666605,                 0,                 0,                 0,     0.04410923577,    -0.05560178646,      0.7612173072,                 0,       69.66851378,      0.0160995085
          0,           0,         717,      -11.10314931,      -11.34150648,      -11.75518325,      -11.64685443,      -15.80895476,     0.01574611451,     0.01095425601,       0.763166546,                 0,                 0,                 0,     0.04410921503,    -0.05560177541,      0.7612171932,                 0,       69.66849649,      0.0160995085
          0,           0,         718,      -11.10628819,      -11.34748415,       -11.7611675,      -11.65086899,      -15.81566428,     0.01574611451,     0.01095425706,      0.7631664332,                 0,                 0,                 0,      0.0441091946,    -0.05560176452,      0.7612170809,                 0,       69.66847946,      0.0160995085
          0,           0,         719,      -11.10942619,      -11.35344922,      -11.76714906,      -11.65484385,      -15.82237379,     0.01574611451,     0.01095425811,      0.7631663221,                 0,                 0,                 0,     0.04410917448,    -0.05560175379,      0.7612169703,                 0,       69.66846268,      0.0160995085
          0,           0,         720,      -11.11256524,      -11.35940739,      -11.77310381,      -11.65887008,      -15.82908325,     0.01574611451,     0.01095425913,      0.7631662126,                 0,                 0,                 0,     0.04410915466,    -0.05560174323,      0.7612168613,                 0,       69.66844615,      0.0160995085
          0,           0,         721,      -11.11570256,      -11.36534662,      -11.77905735,      -11.66280221,      -15.83579269,     0.01574611451,     0.01095426014,      0.7631661047,                 0,                 0,                 0,     0.04410913513,    -0.05560173282,      0.7612167539,                 0,       69.66842987,      0.0160995085
          0,           0,         722,      -11.11884097,      -11.37127891,      -11.78500105,      -11.66680832,      -15.84250194,     0.01574611451,     0.01095426114,      0.7631659984,                 0,                 0,                 0,     0.04410911589,    -0.05560172256,      0.7612166481,                 0,       69.66841384,      0.0160995085
          0,           0,         723,      -11.12197924,      -11.37719848,      -11.79091689,       -11.6707708,      -15.84921108,     0.01574611451,     0.01095426212,      0.7631658937,                 0,                 0,                 0,     0.04410909694,    -0.05560171246,      0.7612165439,                 0,       69.66839804,      0.0160995085
          0,           0,         724,      -11.12511659,      -11.38310408,      -11.79684282,      -11.67472802,      -15.85592004,     0.01574611451,     0.01095426309,      0.7631657905,                 0,                 0,                 0,     0.04410907827,     -0.0556017025,      0.7612164412,                 0,       69.66838248,      0.0160995085
          0,           0,         725,      -11.12825369,      -11.38899486,      -11.80275048,      -11.67864213,      -15.86262887,     0.01574611451,     0.01095426404,      0.7631656889,                 0,                 0,                 0,     0.04410905988,     -0.0556016927,      0.7612163401,                 0,       69.66836715,      0.0160995085
          0,           0,         726,       -11.1313908,      -11.39487385,      -11.80863683,      -11.68256395,      -15.86933735,     0.01574611451,     0.01095426497,      0.7631655888,                 0,                 0,                 0,     0.04410904177,    -0.05560168304,      0.7612162404,                 0,       69.66835206,      0.0160995085
          0,           0,         727,      -11.13452773,      -11.40073882,       -11.8145228,      -11.68645895,      -15.87604568,     0.01574611451,      0.0109542659,      0.7631654901,                 0,                 0,                 0,     0.04410902392,    -0.05560167352,      0.7612161422,                 0,       69.66833719,      0.0160995085
          0,           0,         728,      -11.13766391,      -11.40659362,      -11.82037931,      -11.69033703,      -15.88275373,     0.01574611451,      0.0109542668,      0.7631653929,                 0,                 0,                 0,     0.04410900634,    -0.05560166415,      0.7612160455,                 0,       69.66832254,      0.0160995085
          0,           0,         729,          -11.1408,      -11.41243401,      -11.82624149,      -11.69426493,      -15.88946142,     0.01574611451,      0.0109542677,      0.7631652972,                 0,                 0,                 0,     0.04410898901,    -0.05560165491,      0.7612159501,                 0,       69.66830811,      0.0160995085
          0,           0,         730,      -11.14393651,      -11.41826081,      -11.83208388,      -11.69812077,      -15.89616877,     0.01574611451,     0.01095426858,      0.7631652028,                 0,                 0,                 0,     0.04410897195,    -0.05560164581,      0.7612158562,                 0,        69.6682939,      0.0160995085
          0,           0,         731,      -11.14707181,      -11.42407077,      -11.83791339,      -11.70196748,      -15.90287571,     0.01574611451,     0.01095426945,      0.7631651099,                 0,                 0,                 0,     0.04410895514,    -0.05560163685,      0.7612157637,                 0,        69.6682799,      0.0160995085
          0,           0,         732,      -11.15020771,      -11.42987175,      -11.84373834,      -11.70580635,      -15.90958235,     0.01574611451,      0.0109542703,      0.7631650183,                 0,                 0,                 0,     0.04410893858,    -0.05560162801,      0.7612156726,                 0,       69.66826611,      0.0160995085
          0,           0,         733,      -11.15334325,      -11.43565506,      -11.84954911,      -11.70962836,      -15.91628855,     0.01574611451,     0.01095427114,      0.7631649281,                 0,                 0,                 0,     0.04410892226,    -0.05560161931,      0.7612155828,                 0,       69.66825253,      0.0160995085
          0,           0,         734,      -11.15647909,      -11.44142696,      -11.85534831,      -11.71348447,      -15.92299423,     0.01574611451,     0.01095427197,      0.7631648392,                 0,                 0,                 0,     0.04410890619,    -0.05560161074,      0.7612154943,                 0,       69.66823915,      0.0160995085
          0,           0,         735,      -11.15961384,      -11.44718513,      -11.86111999,      -11.71729355,      -15.92969952,     0.01574611451,     0.01095427278,      0.7631647516,                 0,                 0,                 0,     0.04410889036,     -0.0556016023,      0.7612154071,                 0,       69.66822597,      0.0160995085
          0,           0,         736,      -11.16274865,      -11.45293105,      -11.86687777,      -11.72112092,      -15.93640428,     0.01574611451,     0.01095427359,      0.7631646653,                 0,                 0,                 0,     0.04410887476,    -0.05560159398,      0.7612153212,                 0,       69.66821298,      0.0160995085
          0,           0,         737,      -11.16588376,      -11.45865876,      -11.87263733,      -11.72495223,      -15.94310849,     0.01574611451,     0.01095427438,      0.7631645803,                 0,                 0,                 0,     0.04410885939,    -0.05560158578,      0.7612152366,                 0,       69.66820019,      0.0160995085
          0,           0,         738,      -11.16901771,      -11.46437363,      -11.87838864,      -11.72871983,      -15.94981218,     0.01574611451,     0.01095427516,      0.7631644965,                 0,                 0,                 0,     0.04410884425,     -0.0556015777,      0.7612151532,                 0,        69.6681876,      0.0160995085
          0,           0,         739,      -11.17215232,      -11.47007326,       -11.8841158,      -11.73248136,      -15.95651537,     0.01574611451,     0.01095427592,       0.763164414,                 0,                 0,                 0,     0.04410882933,    -0.05560156975,       0.761215071,                 0,       69.66817519,      0.0160995085
          0,           0,         740,      -11.17528643,      -11.47576217,      -11.88981856,      -11.73625066,      -15.96321796,     0.01574611451,     0.01095427668,      0.7631643327,                 0,                 0,                 0,     0.04410881463,    -0.05560156191,      0.7612149901,                 0,       69.66816297,      0.0160995085
          0,           0,         741,      -11.17842011,      -11.48143619,      -11.89553287,      -11.74003819,      -15.96991996,     0.01574611451,     0.01095427742,      0.7631642525,                 0,                 0,                 0,     0.04410880016,    -0.05560155418,      0.7612149103,                 0,       69.66815093,      0.0160995085
          0,           0,         742,      -11.18155315,      -11.48709004,      -11.90122427,      -11.74369736,      -15.97662147,     0.01574611451,     0.01095427815,      0.7631641736,                 0,                 0,                 0,     0.04410878589,    -0.05560154657,      0.7612148318,                 0,       69.66813907,      0.0160995085
          0,           0,         743,      -11.18468763,      -11.49273365,      -11.90688331,       -11.7474585,      -15.98332221,     0.01574611451,     0.01095427887,      0.7631640958,                 0,                 0,                 0,     0.04410877184,    -0.05560153908,      0.7612147543,                 0,       69.66812739,      0.0160995085
          0,           0,         744,      -11.18782014,      -11.49835911,      -11.91255656,      -11.75118229,      -15.99002225,     0.01574611451,     0.01095427958,      0.7631640192,                 0,                 0,                 0,     0.04410875799,    -0.05560153169,      0.7612146781,                 0,       69.66811588,      0.0160995085
          0,           0,         745,      -11.19095325,      -11.50397009,      -11.91820478,      -11.75486014,      -15.99672142,     0.01574611451,     0.01095428028,      0.7631639437,                 0,                 0,                 0,     0.04410874435,    -0.05560152441,      0.7612146029,                 0,       69.66810454,      0.0160995085
          0,           0,         746,      -11.19408755,      -11.50956743,      -11.92383514,      -11.75859837,      -16.00341973,     0.01574611451,     0.01095428097,      0.7631638693,                 0,                 0,                 0,     0.04410873091,    -0.05560151724,      0.7612145288,                 0,       69.66809338,      0.0160995085
          0,           0,         747,       -11.1972192,      -11.51514729,        -11.929456,      -11.76229706,      -16.01011745,     0.01574611451,     0.01095428164,       0.763163796,                 0,                 0,                 0,     0.04410871767,    -0.05560151018,      0.7612144559,                 0,       69.66808238,      0.0160995085
          0,           0,         748,      -11.20035229,      -11.52071391,      -11.93505957,      -11.76596805,      -16.01681451,     0.01574611451,     0.01095428231,      0.7631637237,                 0,                 0,                 0,     0.04410870463,    -0.05560150322,       0.761214384,                 0,       69.66807155,      0.0160995085
          0,           0,         749,      -11.20348488,      -11.52626558,        -11.940652,      -11.76963615,      -16.02351061,     0.01574611451,     0.01095428297,      0.7631636526,                 0,                 0,                 0,     0.04410869177,    -0.05560149636,      0.7612143131,                 0,       69.66806088,      0.0160995085
          0,           0,         750,      -11.20661684,      -11.53180051,      -11.94621844,      -11.77328988,       -16.0302059,     0.01574611451,     0.01095428361,      0.7631635824,                 0,                 0,                 0,     0.04410867911,    -0.05560148961,      0.7612142433,                 0,       69.66805036,      0.0160995085
          0,           0,         751,      -11.20974908,      -11.53732352,      -11.95177903,      -11.77701837,      -16.03690043,     0.01574611451,     0.01095428425,      0.7631635133,                 0,                 0,                 0,     0.04410866663,    -0.05560148295,      0.7612141745,                 0,       69.66804001,      0.0160995085
          0,           0,         752,      -11.21288109,      -11.54282897,      -11.95733931,      -11.78061626,      -16.04359403,     0.01574611451,     0.01095428488,      0.7631634453,                 0,                 0,                 0,     0.04410865434,    -0.05560147639,      0.7612141068,                 0,       69.66802981,      0.0160995085
          0,           0,         753,      -11.21601239,      -11.54831039,      -11.96286773,      -11.78420268,      -16.05028669,     0.01574611451,     0.01095428549,      0.7631633782,                 0,                 0,                 0,     0.04410864223,    -0.05560146993,        0.76121404,                 0,       69.66801976,      0.0160995085
          0,           0,         754,      -11.21914418,      -11.55378836,      -11.96837444,      -11.78786905,       -16.0569785,     0.01574611451,      0.0109542861,      0.7631633121,                 0,                 0,                 0,      0.0441086303,    -0.05560146357,      0.7612139742,                 0,       69.66800986,      0.0160995085
          0,           0,         755,      -11.22227553,      -11.55923962,      -11.97388691,      -11.79143809,      -16.06366928,     0.01574611451,      0.0109542867,      0.7631632469,                 0,                 0,                 0,     0.04410861854,    -0.05560145729,      0.7612139094,                 0,       69.66800012,      0.0160995085
          0,           0,         756,      -11.22540773,      -11.56467562,      -11.97938093,      -11.79505885,      -16.07035913,     0.01574611451,     0.01095428729,      0.7631631827,                 0,                 0,                 0,     0.04410860696,    -0.05560145111,      0.7612138455,                 0,       69.66799051,      0.0160995085
          0,           0,         757,      -11.22853787,      -11.57009628,        -11.984833,      -11.79859755,      -16.07704807,     0.01574611451,     0.01095428787,      0.7631631195,                 0,                 0,                 0,     0.04410859554,    -0.05560144502,      0.7612137825,                 0,       69.66798105,      0.0160995085
          0,           0,         758,      -11.23166993,      -11.57550715,      -11.99028622,      -11.80226638,      -16.08373608,     0.01574611451,     0.01095428844,      0.7631630572,                 0,                 0,                 0,      0.0441085843,    -0.05560143902,      0.7612137205,                 0,       69.66797173,      0.0160995085
          0,           0,         759,       -11.2348005,       -11.5808977,      -11.99574817,      -11.80583304,      -16.09042296,     0.01574611451,       0.010954289,      0.7631629958,                 0,                 0,                 0,     0.04410857322,    -0.05560143311,      0.7612136594,                 0,       69.66796255,      0.0160995085
          0,           0,         760,      -11.23793037,      -11.58627214,      -12.00116483,      -11.80939274,      -16.09710881,     0.01574611451,     0.01095428955,      0.7631629353,                 0,                 0,                 0,      0.0441085623,    -0.05560142729,      0.7612135991,                 0,       69.66795351,      0.0160995085
          0,           0,         761,       -11.2410622,      -11.59163084,      -12.00657821,      -11.81301777,      -16.10379361,     0.01574611451,      0.0109542901,      0.7631628757,                 0,                 0,                 0,     0.04410855155,    -0.05560142155,      0.7612135398,                 0,       69.66794461,      0.0160995085
          0,           0,         762,      -11.24419153,      -11.59697135,      -12.01197652,      -11.81652858,      -16.11047724,     0.01574611451,     0.01095429063,      0.7631628169,                 0,                 0,                 0,     0.04410854095,    -0.05560141589,      0.7612134813,                 0,       69.66793583,      0.0160995085
          0,           0,         763,      -11.24732154,      -11.60229236,      -12.01737501,       -11.8200127,      -16.11715976,     0.01574611451,     0.01095429116,       0.763162759,                 0,                 0,                 0,     0.04410853051,    -0.05560141032,      0.7612134237,                 0,       69.66792719,      0.0160995085
          0,           0,         764,      -11.25045124,       -11.6075959,      -12.02271915,      -11.82354418,       -16.1238412,     0.01574611451,     0.01095429168,       0.763162702,                 0,                 0,                 0,     0.04410852022,    -0.05560140483,      0.7612133669,                 0,       69.66791868,      0.0160995085
          0,           0,         765,      -11.25358286,      -11.61289161,      -12.02808263,      -11.82713421,      -16.13052151,     0.01574611451,     0.01095429219,      0.7631626458,                 0,                 0,                 0,     0.04410851008,    -0.05560139942,       0.761213311,                 0,       69.66791029,      0.0160995085
          0,           0,         766,      -11.25671206,       -11.6181611,      -12.03339435,      -11.83062962,      -16.13720076,     0.01574611451,      0.0109542927,      0.7631625904,                 0,                 0,                 0,     0.04410850009,    -0.05560139409,      0.7612132558,                 0,       69.66790203,      0.0160995085
          0,           0,         767,      -11.25984186,      -11.62341234,      -12.03872244,      -11.83412076,      -16.14387873,     0.01574611451,     0.01095429319,      0.7631625358,                 0,                 0,                 0,     0.04410849024,    -0.05560138884,      0.7612132015,                 0,       69.66789389,      0.0160995085
          0,           0,         768,      -11.26297132,      -11.62866008,      -12.04400658,      -11.83768534,      -16.15055553,     0.01574611451,     0.01095429368,       0.763162482,                 0,                 0,                 0,     0.04410848055,    -0.05560138367,      0.7612131479,                 0,       69.66788588,      0.0160995085
          0,           0,         769,      -11.26610099,      -11.63387828,      -12.04930133,       -11.8411658,      -16.15723103,     0.01574611451,     0.01095429416,       0.763162429,                 0,                 0,                 0,     0.04410847099,    -0.05560137857,      0.7612130952,                 0,       69.66787798,      0.0160995085
          0,           0,         770,       -11.2692308,      -11.63909253,      -12.05458446,      -11.84465392,      -16.16390532,     0.01574611451,     0.01095429463,      0.7631623767,                 0,                 0,                 0,     0.04410846157,    -0.05560137355,      0.7612130432,                 0,        69.6678702,      0.0160995085
          0,           0,         771,      -11.27235914,      -11.64427447,      -12.05984264,       -11.8481138,      -16.17057848,     0.01574611451,      0.0109542951,      0.7631623253,                 0,                 0,                 0,     0.04410845229,     -0.0556013686,      0.7612129919,                 0,       69.66786254,      0.0160995085
          0,           0,         772,      -11.27548883,      -11.64944621,      -12.06506836,      -11.85162703,      -16.17725059,     0.01574611451,     0.01095429556,      0.7631622746,                 0,                 0,                 0,     0.04410844315,    -0.05560136372,      0.7612129415,                 0,       69.66785499,      0.0160995085
          0,           0,         773,      -11.27861787,       -11.6545973,      -12.07028053,      -11.85503549,       -16.1839212,     0.01574611451,     0.01095429601,      0.7631622246,                 0,                 0,                 0,     0.04410843414,    -0.05560135891,      0.7612128917,                 0,       69.66784756,      0.0160995085
          0,           0,         774,      -11.28174699,      -11.65972843,      -12.07548434,      -11.85849427,      -16.19059062,     0.01574611451,     0.01095429646,      0.7631621753,                 0,                 0,                 0,     0.04410842527,    -0.05560135418,      0.7612128427,                 0,       69.66784023,      0.0160995085
          0,           0,         775,       -11.2848754,      -11.66484977,       -12.0806791,      -11.86192651,      -16.19725878,     0.01574611451,     0.01095429689,      0.7631621268,                 0,                 0,                 0,     0.04410841652,    -0.05560134951,      0.7612127944,                 0,       69.66783302,      0.0160995085
          0,           0,         776,      -11.28800359,      -11.66994184,       -12.0858616,      -11.86530615,       -16.2039256,     0.01574611451,     0.01095429732,      0.7631620789,                 0,                 0,                 0,      0.0441084079,    -0.05560134491,      0.7612127467,                 0,       69.66782591,      0.0160995085
          0,           0,         777,      -11.29113258,      -11.67503493,      -12.09099079,      -11.86886614,       -16.2105911,     0.01574611451,     0.01095429775,      0.7631620318,                 0,                 0,                 0,     0.04410839941,    -0.05560134038,      0.7612126998,                 0,       69.66781891,      0.0160995085
          0,           0,         778,      -11.29425975,       -11.6800958,      -12.09615928,      -11.87224847,      -16.21725524,     0.01574611451,     0.01095429817,      0.7631619853,                 0,                 0,                 0,     0.04410839104,    -0.05560133592,      0.7612126536,                 0,       69.66781201,      0.0160995085
          0,           0,         779,      -11.29738879,      -11.68514819,       -12.1012826,      -11.87567812,       -16.2239179,     0.01574611451,     0.01095429858,      0.7631619396,                 0,                 0,                 0,     0.04410838279,    -0.05560133152,       0.761212608,                 0,       69.66780522,      0.0160995085
          0,           0,         780,      -11.30051633,      -11.69018008,      -12.10636352,      -11.87903629,      -16.23057925,     0.01574611451,     0.01095429898,      0.7631618945,                 0,                 0,                 0,     0.04410837466,    -0.05560132718,      0.7612125631,                 0,       69.66779853,      0.0160995085
          0,           0,         781,      -11.30364475,       -11.6951905,      -12.11146027,      -11.88249887,      -16.23723922,     0.01574611451,     0.01095429938,        0.76316185,                 0,                 0,                 0,     0.04410836665,    -0.05560132291,      0.7612125188,                 0,       69.66779193,      0.0160995085
          0,           0,         782,      -11.30677257,      -11.70018787,      -12.11652944,      -11.88588282,      -16.24389785,     0.01574611451,     0.01095429977,      0.7631618062,                 0,                 0,                 0,     0.04410835876,     -0.0556013187,      0.7612124752,                 0,       69.66778544,      0.0160995085
          0,           0,         783,      -11.30990144,      -11.70516409,       -12.1215818,      -11.88926559,      -16.25055506,     0.01574611451,     0.01095430016,       0.763161763,                 0,                 0,                 0,     0.04410835099,    -0.05560131455,      0.7612124322,                 0,       69.66777904,      0.0160995085
          0,           0,         784,      -11.31302835,      -11.71012364,      -12.12660831,       -11.8926348,      -16.25721079,     0.01574611451,     0.01095430054,      0.7631617204,                 0,                 0,                 0,     0.04410834332,    -0.05560131046,      0.7612123899,                 0,       69.66777274,      0.0160995085
          0,           0,         785,      -11.31615678,      -11.71505946,      -12.13164635,      -11.89597452,      -16.26386514,     0.01574611451,     0.01095430091,      0.7631616785,                 0,                 0,                 0,     0.04410833577,    -0.05560130644,      0.7612123481,                 0,       69.66776653,      0.0160995085
          0,           0,         786,      -11.31928495,      -11.71997192,      -12.13664148,      -11.89932379,      -16.27051806,     0.01574611451,     0.01095430128,      0.7631616372,                 0,                 0,                 0,     0.04410832833,    -0.05560130247,       0.761212307,                 0,       69.66776041,      0.0160995085
          0,           0,         787,      -11.32241166,        -11.724893,      -12.14163195,      -11.90278485,      -16.27716941,     0.01574611451,     0.01095430164,      0.7631615964,                 0,                 0,                 0,       0.044108321,    -0.05560129855,      0.7612122665,                 0,       69.66775439,      0.0160995085
          0,           0,         788,      -11.32553848,      -11.72976869,      -12.14659845,      -11.90605388,       -16.2838194,     0.01574611451,       0.010954302,      0.7631615563,                 0,                 0,                 0,     0.04410831377,     -0.0556012947,      0.7612122265,                 0,       69.66774845,      0.0160995085
          0,           0,         789,      -11.32866622,      -11.73464862,      -12.15155407,      -11.90946165,      -16.29046783,     0.01574611451,     0.01095430235,      0.7631615167,                 0,                 0,                 0,     0.04410830665,     -0.0556012909,      0.7612121871,                 0,       69.66774261,      0.0160995085
          0,           0,         790,      -11.33179363,      -11.73948603,      -12.15650474,      -11.91272556,      -16.29711461,     0.01574611451,      0.0109543027,      0.7631614777,                 0,                 0,                 0,     0.04410829963,    -0.05560128716,      0.7612121483,                 0,       69.66773685,      0.0160995085
          0,           0,         791,      -11.33492117,      -11.74433208,      -12.16139552,      -11.91613632,       -16.3037602,     0.01574611451,     0.01095430304,      0.7631614393,                 0,                 0,                 0,     0.04410829271,    -0.05560128347,      0.7612121101,                 0,       69.66773117,      0.0160995085
          0,           0,         792,       -11.3380484,        -11.749151,      -12.16629474,      -11.91951347,      -16.31040439,     0.01574611451,     0.01095430337,      0.7631614014,                 0,                 0,                 0,      0.0441082859,    -0.05560127984,      0.7612120724,                 0,       69.66772558,      0.0160995085
          0,           0,         793,      -11.34117527,      -11.75394455,      -12.17120932,      -11.92281341,      -16.31704691,     0.01574611451,      0.0109543037,      0.7631613641,                 0,                 0,                 0,     0.04410827918,    -0.05560127625,      0.7612120352,                 0,       69.66772008,      0.0160995085
          0,           0,         794,      -11.34430127,      -11.75873269,      -12.17602993,      -11.92608136,      -16.32368774,     0.01574611451,     0.01095430403,      0.7631613273,                 0,                 0,                 0,     0.04410827256,    -0.05560127272,      0.7612119986,                 0,       69.66771465,      0.0160995085
          0,           0,         795,      -11.34742842,       -11.7634903,      -12.18092848,      -11.92942885,       -16.3303272,     0.01574611451,     0.01095430435,      0.7631612911,                 0,                 0,                 0,     0.04410826604,    -0.05560126925,      0.7612119625,                 0,       69.66770931,      0.0160995085
          0,           0,         796,      -11.35055509,      -11.76823749,       -12.1857367,      -11.93271285,       -16.3369651,     0.01574611451,     0.01095430466,      0.7631612554,                 0,                 0,                 0,     0.04410825961,    -0.05560126582,      0.7612119269,                 0,       69.66770404,      0.0160995085
          0,           0,         797,      -11.35368051,      -11.77296185,      -12.19054901,      -11.93597132,      -16.34360137,     0.01574611451,     0.01095430497,      0.7631612201,                 0,                 0,                 0,     0.04410825327,    -0.05560126244,      0.7612118919,                 0,       69.66769886,      0.0160995085
          0,           0,         798,      -11.35680706,      -11.77767075,      -12.19536491,      -11.93925292,      -16.35023615,     0.01574611451,     0.01095430528,      0.7631611854,                 0,                 0,                 0,     0.04410824703,    -0.05560125911,      0.7612118573,                 0,       69.66769375,      0.0160995085
          0,           0,         799,      -11.35993391,      -11.78236088,      -12.20012139,      -11.94256024,      -16.35686921,     0.01574611451,     0.01095430558,      0.7631611512,                 0,                 0,                 0,     0.04410824088,    -0.05560125583,      0.7612118233,                 0,       69.66768871,      0.0160995085
          0,           0,         800,      -11.36305954,      -11.78703373,      -12.20489068,      -11.94585337,       -16.3635007,     0.01574611451,     0.01095430588,      0.7631611175,                 0,                 0,                 0,     0.04410823481,     -0.0556012526,      0.7612117897,                 0,       69.66768376,      0.0160995085
          0,           0,         801,      -11.36618642,       -11.7916799,      -12.20965918,      -11.94911884,      -16.37013062,     0.01574611451,     0.01095430617,      0.7631610843,                 0,                 0,                 0,     0.04410822884,    -0.05560124941,      0.7612117566,                 0,       69.66767887,      0.0160995085
          0,           0,         802,      -11.36931267,      -11.79632787,      -12.21438271,      -11.95245285,        -16.376759,     0.01574611451,     0.01095430645,      0.7631610515,                 0,                 0,                 0,     0.04410822295,    -0.05560124627,       0.761211724,                 0,       69.66767406,      0.0160995085
          0,           0,         803,      -11.37243905,      -11.80094714,      -12.21906849,      -11.95568914,      -16.38338568,     0.01574611451,     0.01095430674,      0.7631610192,                 0,                 0,                 0,     0.04410821714,    -0.05560124318,      0.7612116919,                 0,       69.66766932,      0.0160995085
          0,           0,         804,      -11.37556541,      -11.80554572,       -12.2237662,      -11.95895231,      -16.39001124,     0.01574611451,     0.01095430701,      0.7631609874,                 0,                 0,                 0,     0.04410821142,    -0.05560124013,      0.7612116602,                 0,       69.66766465,      0.0160995085
          0,           0,         805,       -11.3786918,      -11.81013901,      -12.22844637,      -11.96226274,      -16.39663495,     0.01574611451,     0.01095430729,      0.7631609561,                 0,                 0,                 0,     0.04410820578,    -0.05560123712,       0.761211629,                 0,       69.66766005,      0.0160995085
          0,           0,         806,      -11.38181788,      -11.81470063,      -12.23313691,      -11.96548765,      -16.40325696,     0.01574611451,     0.01095430756,      0.7631609251,                 0,                 0,                 0,     0.04410820023,    -0.05560123416,      0.7612115982,                 0,       69.66765551,      0.0160995085
          0,           0,         807,      -11.38494312,       -11.8192591,       -12.2377443,      -11.96873075,      -16.40987734,     0.01574611451,     0.01095430782,      0.7631608947,                 0,                 0,                 0,     0.04410819475,    -0.05560123124,      0.7612115679,                 0,       69.66765105,      0.0160995085
          0,           0,         808,      -11.38806802,      -11.82378555,      -12.24240783,      -11.97199986,      -16.41649622,     0.01574611451,     0.01095430808,      0.7631608646,                 0,                 0,                 0,     0.04410818935,    -0.05560122836,       0.761211538,                 0,       69.66764665,      0.0160995085
          0,           0,         809,      -11.39119571,      -11.82829514,      -12.24703463,      -11.97519549,      -16.42311355,     0.01574611451,     0.01095430834,       0.763160835,                 0,                 0,                 0,     0.04410818403,    -0.05560122553,      0.7612115085,                 0,       69.66764231,      0.0160995085
          0,           0,         810,      -11.39432017,      -11.83279445,      -12.25157694,      -11.97843643,      -16.42972896,     0.01574611451,     0.01095430859,      0.7631608059,                 0,                 0,                 0,     0.04410817879,    -0.05560122273,      0.7612114795,                 0,       69.66763804,      0.0160995085
          0,           0,         811,      -11.39744584,      -11.83728072,      -12.25613774,        -11.981616,      -16.43634267,     0.01574611451,     0.01095430884,      0.7631607771,                 0,                 0,                 0,     0.04410817362,    -0.05560121998,      0.7612114509,                 0,       69.66763384,      0.0160995085
          0,           0,         812,       -11.4005721,      -11.84172747,      -12.26071331,      -11.98484674,      -16.44295468,     0.01574611451,     0.01095430908,      0.7631607488,                 0,                 0,                 0,     0.04410816853,    -0.05560121726,      0.7612114227,                 0,       69.66762969,      0.0160995085
          0,           0,         813,      -11.40369801,      -11.84617309,      -12.26526235,      -11.98802232,      -16.44956508,     0.01574611451,     0.01095430932,      0.7631607208,                 0,                 0,                 0,     0.04410816351,    -0.05560121459,      0.7612113948,                 0,       69.66762561,      0.0160995085
          0,           0,         814,      -11.40682274,      -11.85060833,      -12.26976117,       -11.9913094,      -16.45617387,     0.01574611451,     0.01095430956,      0.7631606933,                 0,                 0,                 0,     0.04410815856,    -0.05560121195,      0.7612113674,                 0,       69.66762159,      0.0160995085
          0,           0,         815,       -11.4099477,      -11.85500912,      -12.27429134,      -11.99448609,      -16.46278119,     0.01574611451,     0.01095430979,      0.7631606661,                 0,                 0,                 0,     0.04410815368,    -0.05560120935,      0.7612113404,                 0,       69.66761762,      0.0160995085
          0,           0,         816,      -11.41307515,      -11.85941353,      -12.27881031,      -11.99779128,       -16.4693866,     0.01574611451,     0.01095431002,      0.7631606394,                 0,                 0,                 0,     0.04410814887,    -0.05560120679,      0.7612113138,                 0,       69.66761372,      0.0160995085
          0,           0,         817,      -11.41619828,      -11.86377891,      -12.28322342,      -12.00084318,      -16.47599026,     0.01574611451,     0.01095431025,       0.763160613,                 0,                 0,                 0,     0.04410814414,    -0.05560120427,      0.7612112875,                 0,       69.66760987,      0.0160995085
          0,           0,         818,      -11.41932416,      -11.86814254,      -12.28770025,      -12.00410508,      -16.48259224,     0.01574611451,     0.01095431047,       0.763160587,                 0,                 0,                 0,     0.04410813947,    -0.05560120178,      0.7612112616,                 0,       69.66760608,      0.0160995085
          0,           0,         819,      -11.42244814,      -11.87246967,      -12.29214226,      -12.00714399,      -16.48919253,     0.01574611451,     0.01095431069,      0.7631605614,                 0,                 0,                 0,     0.04410813486,    -0.05560119933,      0.7612112361,                 0,       69.66760235,      0.0160995085
          0,           0,         820,      -11.42557412,      -11.87680264,      -12.29652575,      -12.01039815,      -16.49579146,     0.01574611451,     0.01095431091,      0.7631605361,                 0,                 0,                 0,     0.04410813033,    -0.05560119691,       0.761211211,                 0,       69.66759867,      0.0160995085
          0,           0,         821,       -11.4287003,      -11.88110554,      -12.30098672,      -12.01363258,       -16.5023886,     0.01574611451,     0.01095431112,      0.7631605112,                 0,                 0,                 0,     0.04410812586,    -0.05560119453,      0.7612111862,                 0,       69.66759505,      0.0160995085
          0,           0,         822,      -11.43182568,      -11.88541016,      -12.30536144,      -12.01682148,      -16.50898392,     0.01574611451,     0.01095431133,      0.7631604867,                 0,                 0,                 0,     0.04410812145,    -0.05560119218,      0.7612111617,                 0,       69.66759148,      0.0160995085
          0,           0,         823,      -11.43495232,      -11.88968512,      -12.30973038,      -12.02004265,      -16.51557747,     0.01574611451,     0.01095431154,      0.7631604625,                 0,                 0,                 0,      0.0441081171,    -0.05560118987,      0.7612111377,                 0,       69.66758796,      0.0160995085
          0,           0,         824,      -11.43807814,      -11.89395568,      -12.31412113,      -12.02320348,      -16.52216917,     0.01574611451,     0.01095431174,      0.7631604386,                 0,                 0,                 0,     0.04410811282,    -0.05560118759,      0.7612111139,                 0,       69.66758449,      0.0160995085
          0,           0,         825,      -11.44120231,      -11.89820092,      -12.31841231,      -12.02637676,      -16.52875957,     0.01574611451,     0.01095431194,      0.7631604151,                 0,                 0,                 0,      0.0441081086,    -0.05560118534,      0.7612110905,                 0,       69.66758108,      0.0160995085
          0,           0,         826,       -11.4443278,      -11.90241335,      -12.32273429,      -12.02948923,      -16.53534809,     0.01574611451,     0.01095431213,      0.7631603919,                 0,                 0,                 0,     0.04410810444,    -0.05560118312,      0.7612110674,                 0,       69.66757771,      0.0160995085
          0,           0,         827,      -11.44745302,       -11.9066229,      -12.32710332,      -12.03254836,       -16.5419352,     0.01574611451,     0.01095431233,      0.7631603691,                 0,                 0,                 0,     0.04410810034,    -0.05560118094,      0.7612110447,                 0,        69.6675744,      0.0160995085
          0,           0,         828,      -11.45057692,      -11.91081568,      -12.33137956,      -12.03578321,      -16.54852028,     0.01574611451,     0.01095431252,      0.7631603465,                 0,                 0,                 0,     0.04410809629,    -0.05560117879,      0.7612110223,                 0,       69.66757113,      0.0160995085
          0,           0,         829,      -11.45370262,      -11.91500867,      -12.33560534,      -12.03893158,       -16.5551038,     0.01574611451,      0.0109543127,      0.7631603243,                 0,                 0,                 0,     0.04410809231,    -0.05560117666,      0.7612110001,                 0,       69.66756791,      0.0160995085
          0,           0,         830,      -11.45682805,       -11.9191512,      -12.33988408,      -12.04200919,      -16.56168568,     0.01574611451,     0.01095431289,      0.7631603024,                 0,                 0,                 0,     0.04410808838,    -0.05560117457,      0.7612109784,                 0,       69.66756474,      0.0160995085
          0,           0,         831,      -11.45995193,      -11.92327942,      -12.34412155,      -12.04503665,      -16.56826589,     0.01574611451,     0.01095431307,      0.7631602809,                 0,                 0,                 0,     0.04410808451,    -0.05560117251,      0.7612109569,                 0,       69.66756162,      0.0160995085
          0,           0,         832,      -11.46307818,      -11.92743145,      -12.34838398,      -12.04832443,      -16.57484438,     0.01574611451,     0.01095431325,      0.7631602596,                 0,                 0,                 0,     0.04410808069,    -0.05560117048,      0.7612109357,                 0,       69.66755854,      0.0160995085
          0,           0,         833,      -11.46620349,      -11.93155434,      -12.35257592,       -12.0514729,      -16.58142142,     0.01574611451,     0.01095431342,      0.7631602386,                 0,                 0,                 0,     0.04410807693,    -0.05560116848,      0.7612109148,                 0,       69.66755551,      0.0160995085
          0,           0,         834,      -11.46932883,      -11.93564697,      -12.35676782,      -12.05459692,      -16.58799634,     0.01574611451,      0.0109543136,      0.7631602179,                 0,                 0,                 0,     0.04410807322,     -0.0556011665,      0.7612108942,                 0,       69.66755252,      0.0160995085
          0,           0,         835,      -11.47245419,      -11.93973526,      -12.36091096,       -12.0577524,      -16.59456956,     0.01574611451,     0.01095431377,      0.7631601975,                 0,                 0,                 0,     0.04410806956,    -0.05560116456,      0.7612108739,                 0,       69.66754958,      0.0160995085
          0,           0,         836,      -11.47557761,      -11.94380203,      -12.36512544,      -12.06082942,      -16.60114094,     0.01574611451,     0.01095431394,      0.7631601774,                 0,                 0,                 0,     0.04410806596,    -0.05560116264,      0.7612108539,                 0,       69.66754668,      0.0160995085
          0,           0,         837,      -11.47870343,      -11.94784874,      -12.36920205,      -12.06393301,      -16.60771101,     0.01574611451,      0.0109543141,      0.7631601576,                 0,                 0,                 0,      0.0441080624,    -0.05560116075,      0.7612108342,                 0,       69.66754382,      0.0160995085
          0,           0,         838,       -11.4818297,      -11.95189019,      -12.37343438,      -12.06706475,      -16.61427904,     0.01574611451,     0.01095431426,      0.7631601381,                 0,                 0,                 0,      0.0441080589,    -0.05560115888,      0.7612108148,                 0,         69.667541,      0.0160995085
          0,           0,         839,      -11.48495473,      -11.95589401,      -12.37751199,      -12.07016568,      -16.62084515,     0.01574611451,     0.01095431442,      0.7631601188,                 0,                 0,                 0,     0.04410805545,    -0.05560115704,      0.7612107956,                 0,       69.66753823,      0.0160995085
          0,           0,         840,      -11.48807966,      -11.95990346,      -12.38161283,      -12.07322261,      -16.62740975,     0.01574611451,     0.01095431458,      0.7631600999,                 0,                 0,                 0,     0.04410805204,    -0.05560115523,      0.7612107767,                 0,       69.66753549,      0.0160995085
          0,           0,         841,       -11.4912058,       -11.9639245,      -12.38563628,      -12.07640187,      -16.63397274,     0.01574611451,     0.01095431474,      0.7631600811,                 0,                 0,                 0,     0.04410804869,    -0.05560115345,      0.7612107581,                 0,        69.6675328,      0.0160995085
          0,           0,         842,      -11.49433016,      -11.96788194,      -12.38973772,      -12.07948756,      -16.64053384,     0.01574611451,     0.01095431489,      0.7631600627,                 0,                 0,                 0,     0.04410804538,    -0.05560115169,      0.7612107397,                 0,       69.66753015,      0.0160995085
          0,           0,         843,      -11.49745608,      -11.97187894,      -12.39379941,      -12.08276153,      -16.64709336,     0.01574611451,     0.01095431504,      0.7631600445,                 0,                 0,                 0,     0.04410804212,    -0.05560114995,      0.7612107216,                 0,       69.66752753,      0.0160995085
          0,           0,         844,      -11.50057963,      -11.97579277,      -12.39790553,      -12.08561836,      -16.65365098,     0.01574611451,     0.01095431519,      0.7631600266,                 0,                 0,                 0,      0.0441080389,    -0.05560114824,      0.7612107037,                 0,       69.66752495,      0.0160995085
          0,           0,         845,      -11.50370537,      -11.97975312,        -12.401903,      -12.08881459,      -16.66020688,     0.01574611451,     0.01095431533,      0.7631600089,                 0,                 0,                 0,     0.04410803573,    -0.05560114655,      0.7612106861,                 0,       69.66752241,      0.0160995085
          0,           0,         846,       -11.5068309,       -11.9836345,      -12.40589362,      -12.09173007,      -16.66676146,     0.01574611451,     0.01095431547,      0.7631599914,                 0,                 0,                 0,      0.0441080326,    -0.05560114489,      0.7612106688,                 0,       69.66751991,      0.0160995085
          0,           0,         847,       -11.5099561,      -11.98755467,      -12.40992477,      -12.09489275,      -16.67331383,     0.01574611451,     0.01095431562,      0.7631599742,                 0,                 0,                 0,     0.04410802952,    -0.05560114325,      0.7612106517,                 0,       69.66751744,      0.0160995085
          0,           0,         848,      -11.51308039,      -11.99141853,       -12.4138798,      -12.09794998,      -16.67986457,     0.01574611451,     0.01095431575,      0.7631599573,                 0,                 0,                 0,     0.04410802649,    -0.05560114164,      0.7612106348,                 0,       69.66751501,      0.0160995085
          0,           0,         849,      -11.51620704,      -11.99532084,      -12.41785167,      -12.10115694,      -16.68641347,     0.01574611451,     0.01095431589,      0.7631599406,                 0,                 0,                 0,     0.04410802349,    -0.05560114005,      0.7612106181,                 0,       69.66751262,      0.0160995085
          0,           0,         850,      -11.51933245,      -11.99917566,      -12.42181634,      -12.10418065,      -16.69296068,     0.01574611451,     0.01095431603,      0.7631599241,                 0,                 0,                 0,     0.04410802054,    -0.05560113848,      0.7612106017,                 0,       69.66751026,      0.0160995085
          0,           0,         851,      -11.52245681,      -12.00305876,      -12.42569583,      -12.10726963,      -16.69950604,     0.01574611451,     0.01095431616,      0.7631599079,                 0,                 0,                 0,     0.04410801763,    -0.05560113693,      0.7612105856,                 0,       69.66750794,      0.0160995085
          0,           0,         852,      -11.52558184,      -12.00684714,      -12.42969274,      -12.11021951,      -16.70604968,     0.01574611451,     0.01095431629,      0.7631598918,                 0,                 0,                 0,     0.04410801476,     -0.0556011354,      0.7612105696,                 0,       69.66750564,      0.0160995085
          0,           0,         853,      -11.52870677,      -12.01069527,      -12.43360455,      -12.11334293,      -16.71259158,     0.01574611451,     0.01095431642,       0.763159876,                 0,                 0,                 0,     0.04410801193,     -0.0556011339,      0.7612105539,                 0,       69.66750339,      0.0160995085
          0,           0,         854,      -11.53183296,      -12.01448587,      -12.43745517,      -12.11635419,      -16.71913145,     0.01574611451,     0.01095431654,      0.7631598605,                 0,                 0,                 0,     0.04410800914,    -0.05560113241,      0.7612105384,                 0,       69.66750116,      0.0160995085
          0,           0,         855,      -11.53495928,      -12.01829169,      -12.44139721,      -12.11942244,      -16.72566956,     0.01574611451,     0.01095431667,      0.7631598451,                 0,                 0,                 0,     0.04410800639,    -0.05560113095,      0.7612105231,                 0,       69.66749897,      0.0160995085
          0,           0,         856,      -11.53808586,      -12.02207952,      -12.44530053,      -12.12257346,      -16.73220607,     0.01574611451,     0.01095431679,        0.76315983,                 0,                 0,                 0,     0.04410800367,    -0.05560112951,       0.761210508,                 0,       69.66749681,      0.0160995085
          0,           0,         857,      -11.54121248,      -12.02586179,      -12.44914581,      -12.12563636,      -16.73874105,     0.01574611451,     0.01095431691,       0.763159815,                 0,                 0,                 0,       0.044108001,    -0.05560112809,      0.7612104932,                 0,       69.66749468,      0.0160995085
          0,           0,         858,      -11.54433806,      -12.02963039,      -12.45291993,      -12.12878797,      -16.74527453,     0.01574611451,     0.01095431703,      0.7631598003,                 0,                 0,                 0,     0.04410799836,    -0.05560112669,      0.7612104785,                 0,       69.66749258,      0.0160995085
          0,           0,         859,      -11.54746275,      -12.03335107,      -12.45680282,      -12.13168227,      -16.75180648,     0.01574611451,     0.01095431715,      0.7631597858,                 0,                 0,                 0,     0.04410799576,    -0.05560112531,      0.7612104641,                 0,       69.66749052,      0.0160995085
          0,           0,         860,      -11.55058897,      -12.03709314,      -12.46059212,      -12.13477617,      -16.75833645,     0.01574611451,     0.01095431726,      0.7631597715,                 0,                 0,                 0,      0.0441079932,    -0.05560112394,      0.7612104498,                 0,       69.66748848,      0.0160995085
          0,           0,         861,      -11.55371473,      -12.04081194,      -12.46442838,      -12.13783328,       -16.7648646,     0.01574611451,     0.01095431737,      0.7631597574,                 0,                 0,                 0,     0.04410799067,     -0.0556011226,      0.7612104358,                 0,       69.66748647,      0.0160995085
          0,           0,         862,      -11.55683928,      -12.04452269,      -12.46818557,      -12.14083699,        -16.771391,     0.01574611451,     0.01095431748,      0.7631597435,                 0,                 0,                 0,     0.04410798818,    -0.05560112128,      0.7612104219,                 0,       69.66748449,      0.0160995085
          0,           0,         863,      -11.55996652,      -12.04822114,      -12.47202757,       -12.1438485,      -16.77791534,     0.01574611451,     0.01095431759,      0.7631597297,                 0,                 0,                 0,     0.04410798572,    -0.05560111997,      0.7612104083,                 0,       69.66748254,      0.0160995085
          0,           0,         864,      -11.56309292,      -12.05189082,       -12.4757771,      -12.14691015,      -16.78443767,     0.01574611451,      0.0109543177,      0.7631597162,                 0,                 0,                 0,      0.0441079833,    -0.05560111869,      0.7612103948,                 0,       69.66748062,      0.0160995085
          0,           0,         865,      -11.56622034,       -12.0555783,       -12.4795011,      -12.15001066,      -16.79095858,     0.01574611451,     0.01095431781,      0.7631597029,                 0,                 0,                 0,     0.04410798091,    -0.05560111742,      0.7612103815,                 0,       69.66747873,      0.0160995085
          0,           0,         866,      -11.56934559,      -12.05922371,      -12.48327128,      -12.15292925,      -16.79747797,     0.01574611451,     0.01095431791,      0.7631596897,                 0,                 0,                 0,     0.04410797856,    -0.05560111617,      0.7612103684,                 0,       69.66747686,      0.0160995085
          0,           0,         867,      -11.57247343,      -12.06287772,      -12.48698309,      -12.15611789,      -16.80399574,     0.01574611451,     0.01095431802,      0.7631596767,                 0,                 0,                 0,     0.04410797623,    -0.05560111493,      0.7612103555,                 0,       69.66747502,      0.0160995085
          0,           0,         868,      -11.57559951,      -12.06652768,      -12.49074809,      -12.15912082,      -16.81051153,     0.01574611451,     0.01095431812,      0.7631596639,                 0,                 0,                 0,     0.04410797394,    -0.05560111372,      0.7612103427,                 0,       69.66747321,      0.0160995085
          0,           0,         869,       -11.5787251,      -12.07012633,      -12.49436706,      -12.16206965,      -16.81702539,     0.01574611451,     0.01095431822,      0.7631596513,                 0,                 0,                 0,     0.04410797168,    -0.05560111252,      0.7612103302,                 0,       69.66747142,      0.0160995085
          0,           0,         870,      -11.58185282,      -12.07376243,      -12.49811945,      -12.16515209,      -16.82353785,     0.01574611451,     0.01095431831,      0.7631596389,                 0,                 0,                 0,     0.04410796946,    -0.05560111133,      0.7612103178,                 0,       69.66746966,      0.0160995085
          0,           0,         871,      -11.58498017,       -12.0773398,      -12.50186998,      -12.16812352,      -16.83004839,     0.01574611451,     0.01095431841,      0.7631596266,                 0,                 0,                 0,     0.04410796726,    -0.05560111017,      0.7612103056,                 0,       69.66746793,      0.0160995085
          0,           0,         872,      -11.58810763,      -12.08095847,      -12.50544886,      -12.17117236,      -16.83655727,     0.01574611451,     0.01095431851,      0.7631596145,                 0,                 0,                 0,     0.04410796509,    -0.05560110902,      0.7612102935,                 0,       69.66746622,      0.0160995085
          0,           0,         873,      -11.59123472,       -12.0845531,       -12.5090878,      -12.17418322,      -16.84306372,     0.01574611451,      0.0109543186,      0.7631596026,                 0,                 0,                 0,     0.04410796296,    -0.05560110788,      0.7612102816,                 0,       69.66746453,      0.0160995085
          0,           0,         874,      -11.59435999,      -12.08809464,      -12.51277483,      -12.17715736,      -16.84956895,     0.01574611451,     0.01095431869,      0.7631595908,                 0,                 0,                 0,     0.04410796085,    -0.05560110677,      0.7612102699,                 0,       69.66746287,      0.0160995085
          0,           0,         875,      -11.59748723,      -12.09165314,      -12.51643028,      -12.18021732,      -16.85607232,     0.01574611451,     0.01095431878,      0.7631595792,                 0,                 0,                 0,     0.04410795877,    -0.05560110566,      0.7612102584,                 0,       69.66746123,      0.0160995085
          0,           0,         876,      -11.60061527,      -12.09520511,      -12.52008172,      -12.18315319,      -16.86257374,     0.01574611451,     0.01095431887,      0.7631595677,                 0,                 0,                 0,     0.04410795672,    -0.05560110458,       0.761210247,                 0,       69.66745962,      0.0160995085
          0,           0,         877,      -11.60374051,      -12.09872117,      -12.52361358,       -12.1860831,      -16.86907369,     0.01574611451,     0.01095431896,      0.7631595564,                 0,                 0,                 0,     0.04410795471,    -0.05560110351,      0.7612102357,                 0,       69.66745803,      0.0160995085
          0,           0,         878,       -11.6068672,      -12.10225875,      -12.52723015,      -12.18919452,      -16.87557166,     0.01574611451,     0.01095431905,      0.7631595453,                 0,                 0,                 0,     0.04410795271,    -0.05560110245,      0.7612102246,                 0,       69.66745646,      0.0160995085
          0,           0,         879,      -11.60999857,      -12.10578034,      -12.53079249,      -12.19226687,      -16.88206741,     0.01574611451,     0.01095431913,      0.7631595343,                 0,                 0,                 0,     0.04410795075,    -0.05560110141,      0.7612102137,                 0,       69.66745492,      0.0160995085
          0,           0,         880,      -11.61312233,      -12.10928198,      -12.53435172,      -12.19528064,      -16.88856144,     0.01574611451,     0.01095431922,      0.7631595235,                 0,                 0,                 0,     0.04410794881,    -0.05560110038,      0.7612102029,                 0,       69.66745339,      0.0160995085
          0,           0,         881,      -11.61625128,       -12.1128179,      -12.53800037,      -12.19839773,      -16.89505376,     0.01574611451,      0.0109543193,      0.7631595128,                 0,                 0,                 0,      0.0441079469,    -0.05560109937,      0.7612101923,                 0,       69.66745189,      0.0160995085
          0,           0,         882,      -11.61938012,       -12.1163103,      -12.54149969,      -12.20135521,      -16.90154442,     0.01574611451,     0.01095431938,      0.7631595023,                 0,                 0,                 0,     0.04410794502,    -0.05560109837,      0.7612101818,                 0,       69.66745041,      0.0160995085
          0,           0,         883,      -11.62250669,      -12.11973773,      -12.54513195,      -12.20424531,      -16.90803354,     0.01574611451,     0.01095431946,      0.7631594919,                 0,                 0,                 0,     0.04410794316,    -0.05560109738,      0.7612101715,                 0,       69.66744895,      0.0160995085
          0,           0,         884,      -11.62563574,      -12.12319742,        -12.548624,      -12.20716921,      -16.91452096,     0.01574611451,     0.01095431954,      0.7631594816,                 0,                 0,                 0,     0.04410794132,    -0.05560109641,      0.7612101613,                 0,       69.66744752,      0.0160995085
          0,           0,         885,      -11.62876539,      -12.12666589,      -12.55220616,      -12.21024814,      -16.92100622,     0.01574611451,     0.01095431962,      0.7631594715,                 0,                 0,                 0,     0.04410793952,    -0.05560109545,      0.7612101512,                 0,        69.6674461,      0.0160995085
          0,           0,         886,      -11.63189275,      -12.13013805,      -12.55574301,      -12.21320587,       -16.9274894,     0.01574611451,     0.01095431969,      0.7631594615,                 0,                 0,                 0,     0.04410793773,    -0.05560109451,      0.7612101413,                 0,        69.6674447,      0.0160995085
          0,           0,         887,      -11.63502244,      -12.13355652,      -12.55913165,      -12.21622073,      -16.93397163,     0.01574611451,     0.01095431977,      0.7631594517,                 0,                 0,                 0,     0.04410793597,    -0.05560109357,      0.7612101315,                 0,       69.66744333,      0.0160995085
          0,           0,         888,      -11.63815097,      -12.13699157,      -12.56268337,      -12.21927186,      -16.94045206,     0.01574611451,     0.01095431984,       0.763159442,                 0,                 0,                 0,     0.04410793424,    -0.05560109265,      0.7612101218,                 0,       69.66744197,      0.0160995085
          0,           0,         889,      -11.64127854,      -12.14043068,      -12.56617177,      -12.22220542,      -16.94692992,     0.01574611451,     0.01095431992,      0.7631594325,                 0,                 0,                 0,     0.04410793253,    -0.05560109175,      0.7612101123,                 0,       69.66744063,      0.0160995085
          0,           0,         890,      -11.64441041,      -12.14386347,      -12.56969169,      -12.22526791,       -16.9534058,     0.01574611451,     0.01095431999,       0.763159423,                 0,                 0,                 0,     0.04410793084,    -0.05560109085,      0.7612101029,                 0,       69.66743931,      0.0160995085
          0,           0,         891,      -11.64753453,      -12.14723005,      -12.57314053,      -12.22813196,       -16.9598802,     0.01574611451,     0.01095432006,      0.7631594137,                 0,                 0,                 0,     0.04410792918,    -0.05560108997,      0.7612100936,                 0,       69.66743801,      0.0160995085
          0,           0,         892,      -11.65066666,      -12.15066472,      -12.57661277,      -12.23124999,      -16.96635214,     0.01574611451,     0.01095432013,      0.7631594045,                 0,                 0,                 0,     0.04410792754,     -0.0556010891,      0.7612100845,                 0,       69.66743673,      0.0160995085
          0,           0,         893,      -11.65379649,      -12.15406633,      -12.58003174,      -12.23433884,       -16.9728221,     0.01574611451,      0.0109543202,      0.7631593955,                 0,                 0,                 0,     0.04410792592,    -0.05560108825,      0.7612100755,                 0,       69.66743547,      0.0160995085
          0,           0,         894,      -11.65692659,        -12.157433,      -12.58347361,      -12.23715518,      -16.97929059,     0.01574611451,     0.01095432026,      0.7631593865,                 0,                 0,                 0,     0.04410792432,     -0.0556010874,      0.7612100666,                 0,       69.66743422,      0.0160995085
          0,           0,         895,      -11.66005481,      -12.16075193,      -12.58703153,      -12.24001761,      -16.98575745,     0.01574611451,     0.01095432033,      0.7631593777,                 0,                 0,                 0,     0.04410792274,    -0.05560108657,      0.7612100578,                 0,         69.667433,      0.0160995085
          0,           0,         896,      -11.66318603,       -12.1641488,      -12.59040209,      -12.24318168,      -16.99222256,     0.01574611451,      0.0109543204,       0.763159369,                 0,                 0,                 0,     0.04410792119,    -0.05560108574,      0.7612100492,                 0,       69.66743179,      0.0160995085
          0,           0,         897,      -11.66631585,       -12.1675273,      -12.59374985,      -12.24618271,      -16.99868608,     0.01574611451,     0.01095432046,      0.7631593605,                 0,                 0,                 0,     0.04410791966,    -0.05560108493,      0.7612100406,                 0,       69.66743059,      0.0160995085
          0,           0,         898,      -11.66944714,      -12.17085425,      -12.59722477,      -12.24912854,      -17.00514681,     0.01574611451,     0.01095432053,       0.763159352,                 0,                 0,                 0,     0.04410791815,    -0.05560108413,      0.7612100322,                 0,       69.66742942,      0.0160995085
          0,           0,         899,      -11.67257422,      -12.17421418,      -12.60062434,      -12.25214485,      -17.01160594,     0.01574611451,     0.01095432059,      0.7631593437,                 0,                 0,                 0,     0.04410791666,    -0.05560108334,      0.7612100239,                 0,       69.66742826,      0.0160995085
          0,           0,         900,      -11.67570854,      -12.17757887,      -12.60398968,      -12.25518612,      -17.01806324,     0.01574611451,     0.01095432065,      0.7631593354,                 0,                 0,                 0,     0.04410791518,    -0.05560108256,      0.7612100157,                 0,       69.66742712,      0.0160995085
          0,           0,         901,      -11.67883638,      -12.18085765,       -12.6074875,      -12.25795185,      -17.02451859,     0.01574611451,     0.01095432071,      0.7631593273,                 0,                 0,                 0,     0.04410791373,    -0.05560108179,      0.7612100076,                 0,       69.66742599,      0.0160995085
          0,           0,         902,      -11.68197036,      -12.18419976,      -12.61078006,      -12.26098072,      -17.03097239,     0.01574611451,     0.01095432077,      0.7631593193,                 0,                 0,                 0,      0.0441079123,    -0.05560108104,      0.7612099996,                 0,       69.66742488,      0.0160995085
          0,           0,         903,       -11.6851017,      -12.18752351,      -12.61421247,      -12.26408436,      -17.03742335,     0.01574611451,     0.01095432083,      0.7631593114,                 0,                 0,                 0,     0.04410791089,    -0.05560108029,      0.7612099918,                 0,       69.66742378,      0.0160995085
          0,           0,         904,      -11.68823346,      -12.19080457,      -12.61755066,      -12.26696691,      -17.04387289,     0.01574611451,     0.01095432089,      0.7631593036,                 0,                 0,                 0,      0.0441079095,    -0.05560107955,       0.761209984,                 0,        69.6674227,      0.0160995085
          0,           0,         905,      -11.69136587,      -12.19416599,      -12.62071164,        -12.269971,      -17.05031922,     0.01574611451,     0.01095432094,      0.7631592959,                 0,                 0,                 0,     0.04410790812,    -0.05560107883,      0.7612099764,                 0,       69.66742164,      0.0160995085
          0,           0,         906,      -11.69449553,      -12.19740611,      -12.62434535,      -12.27287448,      -17.05676478,     0.01574611451,       0.010954321,      0.7631592883,                 0,                 0,                 0,     0.04410790677,    -0.05560107811,      0.7612099688,                 0,       69.66742059,      0.0160995085
          0,           0,         907,      -11.69762919,       -12.2006751,      -12.62757374,      -12.27582932,      -17.06320829,     0.01574611451,     0.01095432105,      0.7631592808,                 0,                 0,                 0,     0.04410790543,     -0.0556010774,      0.7612099614,                 0,       69.66741955,      0.0160995085
          0,           0,         908,       -11.7007607,      -12.20394422,      -12.63087164,      -12.27888069,      -17.06964977,     0.01574611451,     0.01095432111,      0.7631592735,                 0,                 0,                 0,     0.04410790411,     -0.0556010767,       0.761209954,                 0,       69.66741853,      0.0160995085
          0,           0,         909,      -11.70389394,      -12.20729079,      -12.63422416,      -12.28196602,      -17.07608797,     0.01574611451,     0.01095432116,      0.7631592662,                 0,                 0,                 0,     0.04410790281,    -0.05560107601,      0.7612099468,                 0,       69.66741753,      0.0160995085
          0,           0,         910,      -11.70702163,      -12.21048617,      -12.63752417,      -12.28471222,       -17.0825249,     0.01574611451,     0.01095432122,       0.763159259,                 0,                 0,                 0,     0.04410790152,    -0.05560107534,      0.7612099396,                 0,       69.66741653,      0.0160995085
          0,           0,         911,      -11.71015699,      -12.21372295,      -12.64080417,      -12.28758814,      -17.08896034,     0.01574611451,     0.01095432127,      0.7631592519,                 0,                 0,                 0,     0.04410790026,    -0.05560107467,      0.7612099325,                 0,       69.66741556,      0.0160995085
          0,           0,         912,      -11.71329127,      -12.21704427,      -12.64405829,      -12.29093902,      -17.09539344,     0.01574611451,     0.01095432132,      0.7631592449,                 0,                 0,                 0,     0.04410789901,      -0.055601074,      0.7612099256,                 0,       69.66741459,      0.0160995085
          0,           0,         913,      -11.71642434,      -12.22028515,      -12.64746486,       -12.2937433,      -17.10182471,     0.01574611451,     0.01095432137,       0.763159238,                 0,                 0,                 0,     0.04410789777,    -0.05560107335,      0.7612099187,                 0,       69.66741364,      0.0160995085
          0,           0,         914,      -11.71955481,      -12.22346076,      -12.65081656,      -12.29654806,      -17.10825346,     0.01574611451,     0.01095432142,      0.7631592312,                 0,                 0,                 0,     0.04410789656,    -0.05560107271,      0.7612099119,                 0,        69.6674127,      0.0160995085
          0,           0,         915,      -11.72268975,      -12.22672865,      -12.65399598,      -12.29960812,      -17.11467933,     0.01574611451,     0.01095432147,      0.7631592245,                 0,                 0,                 0,     0.04410789535,    -0.05560107208,      0.7612099052,                 0,       69.66741178,      0.0160995085
          0,           0,         916,      -11.72582407,      -12.22994519,      -12.65726164,      -12.30261439,      -17.12110359,     0.01574611451,     0.01095432152,      0.7631592178,                 0,                 0,                 0,     0.04410789417,    -0.05560107145,      0.7612098986,                 0,       69.66741087,      0.0160995085
          0,           0,         917,      -11.72895914,        -12.233146,      -12.66049989,      -12.30551573,      -17.12752619,     0.01574611451,     0.01095432156,      0.7631592113,                 0,                 0,                 0,       0.044107893,    -0.05560107083,      0.7612098921,                 0,       69.66740997,      0.0160995085
          0,           0,         918,      -11.73209357,      -12.23636977,      -12.66379712,      -12.30850441,      -17.13394566,     0.01574611451,     0.01095432161,      0.7631592048,                 0,                 0,                 0,     0.04410789185,    -0.05560107022,      0.7612098857,                 0,       69.66740908,      0.0160995085
          0,           0,         919,      -11.73522644,      -12.23959184,      -12.66714455,      -12.31147896,      -17.14036319,     0.01574611451,     0.01095432166,      0.7631591985,                 0,                 0,                 0,     0.04410789071,    -0.05560106962,      0.7612098794,                 0,       69.66740821,      0.0160995085
          0,           0,         920,      -11.73836384,      -12.24282393,      -12.67031796,      -12.31447294,      -17.14677887,     0.01574611451,      0.0109543217,      0.7631591922,                 0,                 0,                 0,     0.04410788959,    -0.05560106903,      0.7612098731,                 0,       69.66740734,      0.0160995085
          0,           0,         921,      -11.74149744,      -12.24598476,      -12.67363265,      -12.31720376,      -17.15319238,     0.01574611451,     0.01095432175,       0.763159186,                 0,                 0,                 0,     0.04410788848,    -0.05560106844,      0.7612098669,                 0,       69.66740649,      0.0160995085
          0,           0,         922,      -11.74463215,      -12.24919944,      -12.67674261,       -12.3203438,      -17.15960396,     0.01574611451,     0.01095432179,      0.7631591799,                 0,                 0,                 0,     0.04410788739,    -0.05560106787,      0.7612098608,                 0,       69.66740566,      0.0160995085
          0,           0,         923,      -11.74776989,      -12.25238087,      -12.68001501,      -12.32329361,       -17.1660134,     0.01574611451,     0.01095432183,      0.7631591738,                 0,                 0,                 0,     0.04410788631,     -0.0556010673,      0.7612098548,                 0,       69.66740483,      0.0160995085
          0,           0,         924,      -11.75090538,      -12.25557609,       -12.6833441,      -12.32624543,      -17.17241974,     0.01574611451,     0.01095432188,      0.7631591679,                 0,                 0,                 0,     0.04410788524,    -0.05560106674,      0.7612098489,                 0,       69.66740401,      0.0160995085
          0,           0,         925,      -11.75403954,       -12.2587703,      -12.68646768,       -12.3292484,      -17.17882392,     0.01574611451,     0.01095432192,       0.763159162,                 0,                 0,                 0,     0.04410788419,    -0.05560106618,       0.761209843,                 0,       69.66740321,      0.0160995085
          0,           0,         926,      -11.75717928,      -12.26193697,      -12.68959752,      -12.33217852,      -17.18522551,     0.01574611451,     0.01095432196,      0.7631591562,                 0,                 0,                 0,     0.04410788316,    -0.05560106563,      0.7612098373,                 0,       69.66740242,      0.0160995085
          0,           0,         927,      -11.76031527,      -12.26509803,      -12.69300862,      -12.33533812,      -17.19162563,     0.01574611451,       0.010954322,      0.7631591505,                 0,                 0,                 0,     0.04410788213,    -0.05560106509,      0.7612098316,                 0,       69.66740163,      0.0160995085
          0,           0,         928,      -11.76344904,      -12.26827526,      -12.69619332,      -12.33807982,      -17.19802389,     0.01574611451,     0.01095432204,      0.7631591448,                 0,                 0,                 0,     0.04410788112,    -0.05560106456,      0.7612098259,                 0,       69.66740086,      0.0160995085
          0,           0,         929,      -11.76658753,      -12.27142477,      -12.69938142,       -12.3410812,      -17.20441901,     0.01574611451,     0.01095432208,      0.7631591392,                 0,                 0,                 0,     0.04410788013,    -0.05560106404,      0.7612098204,                 0,        69.6674001,      0.0160995085
          0,           0,         930,      -11.76972441,      -12.27457921,      -12.70255107,      -12.34411762,      -17.21081136,     0.01574611451,     0.01095432212,      0.7631591337,                 0,                 0,                 0,     0.04410787914,    -0.05560106352,      0.7612098149,                 0,       69.66739935,      0.0160995085
          0,           0,         931,      -11.77286209,      -12.27770443,      -12.70580113,      -12.34690145,      -17.21720173,     0.01574611451,     0.01095432216,      0.7631591283,                 0,                 0,                 0,     0.04410787817,    -0.05560106301,      0.7612098095,                 0,       69.66739861,      0.0160995085
          0,           0,         932,      -11.77599783,      -12.28088063,      -12.70885098,      -12.34992956,      -17.22359054,     0.01574611451,      0.0109543222,      0.7631591229,                 0,                 0,                 0,     0.04410787722,     -0.0556010625,      0.7612098042,                 0,       69.66739788,      0.0160995085
          0,           0,         933,      -11.77913872,      -12.28403869,      -12.71222123,      -12.35296588,      -17.22997576,     0.01574611451,     0.01095432223,      0.7631591177,                 0,                 0,                 0,     0.04410787627,      -0.055601062,      0.7612097989,                 0,       69.66739716,      0.0160995085
          0,           0,         934,      -11.78227543,      -12.28713457,      -12.71534196,      -12.35566704,      -17.23635814,     0.01574611451,     0.01095432227,      0.7631591124,                 0,                 0,                 0,     0.04410787534,    -0.05560106151,      0.7612097937,                 0,       69.66739645,      0.0160995085
          0,           0,         935,      -11.78541567,      -12.29026784,       -12.7184164,      -12.35867664,      -17.24273839,     0.01574611451,     0.01095432231,      0.7631591073,                 0,                 0,                 0,     0.04410787442,    -0.05560106103,      0.7612097886,                 0,       69.66739575,      0.0160995085
          0,           0,         936,      -11.78855927,      -12.29345572,      -12.72159094,      -12.36178081,      -17.24911666,     0.01574611451,     0.01095432234,      0.7631591022,                 0,                 0,                 0,     0.04410787351,    -0.05560106055,      0.7612097835,                 0,       69.66739506,      0.0160995085
          0,           0,         937,      -11.79169353,      -12.29654346,      -12.72491377,      -12.36463975,      -17.25549295,     0.01574611451,     0.01095432238,      0.7631590972,                 0,                 0,                 0,     0.04410787261,    -0.05560106008,      0.7612097785,                 0,       69.66739437,      0.0160995085
          0,           0,         938,       -11.7948346,      -12.29972832,      -12.72792695,      -12.36769157,      -17.26186675,     0.01574611451,     0.01095432241,      0.7631590922,                 0,                 0,                 0,     0.04410787173,    -0.05560105961,      0.7612097736,                 0,        69.6673937,      0.0160995085
          0,           0,         939,      -11.79797358,      -12.30271355,      -12.73128914,      -12.37038224,       -17.2682376,     0.01574611451,     0.01095432245,      0.7631590873,                 0,                 0,                 0,     0.04410787085,    -0.05560105915,      0.7612097687,                 0,       69.66739304,      0.0160995085
          0,           0,         940,      -11.80111216,       -12.3059027,      -12.73418652,      -12.37351062,      -17.27460554,     0.01574611451,     0.01095432248,      0.7631590825,                 0,                 0,                 0,     0.04410786999,     -0.0556010587,      0.7612097639,                 0,       69.66739238,      0.0160995085
          0,           0,         941,      -11.80425314,      -12.30900488,      -12.73729139,      -12.37658008,      -17.28097196,     0.01574611451,     0.01095432251,      0.7631590778,                 0,                 0,                 0,     0.04410786914,    -0.05560105825,      0.7612097592,                 0,       69.66739174,      0.0160995085
          0,           0,         942,      -11.80739355,      -12.31208521,      -12.74053257,      -12.37938362,      -17.28733627,     0.01574611451,     0.01095432255,      0.7631590731,                 0,                 0,                 0,      0.0441078683,    -0.05560105781,      0.7612097545,                 0,        69.6673911,      0.0160995085
          0,           0,         943,       -11.8105329,      -12.31518104,      -12.74365085,      -12.38239477,      -17.29369655,     0.01574611451,     0.01095432258,      0.7631590684,                 0,                 0,                 0,     0.04410786747,    -0.05560105737,      0.7612097499,                 0,       69.66739047,      0.0160995085
          0,           0,         944,      -11.81367511,       -12.3183425,      -12.74678015,      -12.38544109,      -17.30005425,     0.01574611451,     0.01095432261,      0.7631590638,                 0,                 0,                 0,     0.04410786665,    -0.05560105694,      0.7612097453,                 0,       69.66738985,      0.0160995085
          0,           0,         945,      -11.81681935,      -12.32140975,      -12.74999844,      -12.38832331,      -17.30640843,     0.01574611451,     0.01095432264,      0.7631590593,                 0,                 0,                 0,     0.04410786584,    -0.05560105651,      0.7612097408,                 0,       69.66738924,      0.0160995085
          0,           0,         946,      -11.81995958,      -12.32450837,      -12.75304516,      -12.39120509,      -17.31276063,     0.01574611451,     0.01095432267,      0.7631590549,                 0,                 0,                 0,     0.04410786505,    -0.05560105609,      0.7612097364,                 0,       69.66738863,      0.0160995085
          0,           0,         947,      -11.82310206,      -12.32762154,      -12.75625738,       -12.3941236,      -17.31911146,     0.01574611451,      0.0109543227,      0.7631590505,                 0,                 0,                 0,     0.04410786426,    -0.05560105568,       0.761209732,                 0,       69.66738804,      0.0160995085
          0,           0,         948,      -11.82624702,      -12.33067846,      -12.75930978,      -12.39723238,      -17.32545776,     0.01574611451,     0.01095432273,      0.7631590461,                 0,                 0,                 0,     0.04410786348,    -0.05560105527,      0.7612097277,                 0,       69.66738745,      0.0160995085
          0,           0,         949,      -11.82938608,       -12.3337161,      -12.76237534,      -12.39999634,      -17.33180124,     0.01574611451,     0.01095432276,      0.7631590418,                 0,                 0,                 0,     0.04410786272,    -0.05560105487,      0.7612097234,                 0,       69.66738687,      0.0160995085
          0,           0,         950,      -11.83252839,      -12.33680789,      -12.76552312,      -12.40276237,       -17.3381431,     0.01574611451,     0.01095432279,      0.7631590376,                 0,                 0,                 0,     0.04410786196,    -0.05560105447,      0.7612097192,                 0,        69.6673863,      0.0160995085
          0,           0,         951,      -11.83567479,      -12.33990393,      -12.76861454,      -12.40604011,       -17.3444819,     0.01574611451,     0.01095432282,      0.7631590334,                 0,                 0,                 0,     0.04410786121,    -0.05560105407,       0.761209715,                 0,       69.66738574,      0.0160995085
          0,           0,         952,      -11.83881653,      -12.34298523,      -12.77186114,        -12.408957,      -17.35081818,     0.01574611451,     0.01095432285,      0.7631590293,                 0,                 0,                 0,     0.04410786047,    -0.05560105369,      0.7612097109,                 0,       69.66738518,      0.0160995085
          0,           0,         953,      -11.84196194,      -12.34613419,      -12.77480775,      -12.41206023,      -17.35715143,     0.01574611451,     0.01095432288,      0.7631590252,                 0,                 0,                 0,     0.04410785974,     -0.0556010533,      0.7612097068,                 0,       69.66738463,      0.0160995085
          0,           0,         954,      -11.84510636,      -12.34913302,      -12.77788668,      -12.41481729,      -17.36348307,     0.01574611451,      0.0109543229,      0.7631590212,                 0,                 0,                 0,     0.04410785902,    -0.05560105293,      0.7612097028,                 0,       69.66738409,      0.0160995085
          0,           0,         955,       -11.8482499,      -12.35220441,      -12.78100258,      -12.41776717,      -17.36981063,     0.01574611451,     0.01095432293,      0.7631590172,                 0,                 0,                 0,     0.04410785831,    -0.05560105255,      0.7612096989,                 0,       69.66738355,      0.0160995085
          0,           0,         956,      -11.85139519,      -12.35525704,      -12.78414103,      -12.42064871,      -17.37613572,     0.01574611451,     0.01095432296,      0.7631590133,                 0,                 0,                 0,     0.04410785761,    -0.05560105218,       0.761209695,                 0,       69.66738302,      0.0160995085
          0,           0,         957,      -11.85454041,      -12.35834816,      -12.78719868,      -12.42370896,      -17.38245779,     0.01574611451,     0.01095432298,      0.7631590094,                 0,                 0,                 0,     0.04410785692,    -0.05560105182,      0.7612096911,                 0,        69.6673825,      0.0160995085
          0,           0,         958,      -11.85768852,      -12.36141938,      -12.79034937,      -12.42675639,      -17.38877618,     0.01574611451,     0.01095432301,      0.7631590056,                 0,                 0,                 0,     0.04410785623,    -0.05560105146,      0.7612096873,                 0,       69.66738199,      0.0160995085
          0,           0,         959,      -11.86083044,      -12.36444141,      -12.79335421,      -12.42953047,      -17.39509351,     0.01574611451,     0.01095432304,      0.7631590018,                 0,                 0,                 0,     0.04410785556,    -0.05560105111,      0.7612096835,                 0,       69.66738148,      0.0160995085
          0,           0,         960,       -11.8639776,      -12.36748504,      -12.79633164,      -12.43239334,      -17.40140782,     0.01574611451,     0.01095432306,      0.7631589981,                 0,                 0,                 0,     0.04410785489,    -0.05560105076,      0.7612096798,                 0,       69.66738098,      0.0160995085
          0,           0,         961,      -11.86712391,      -12.37053213,      -12.79964532,      -12.43541472,      -17.40771752,     0.01574611451,     0.01095432309,      0.7631589944,                 0,                 0,                 0,     0.04410785423,    -0.05560105041,      0.7612096762,                 0,       69.66738048,      0.0160995085
          0,           0,         962,      -11.87027077,      -12.37359028,      -12.80261485,      -12.43838579,      -17.41402371,     0.01574611451,     0.01095432311,      0.7631589907,                 0,                 0,                 0,     0.04410785358,    -0.05560105007,      0.7612096726,                 0,          69.66738,      0.0160995085
          0,           0,         963,       -11.8734217,      -12.37659991,      -12.80561396,      -12.44142523,      -17.42032619,     0.01574611451,     0.01095432313,      0.7631589872,                 0,                 0,                 0,     0.04410785294,    -0.05560104973,       0.761209669,                 0,       69.66737951,      0.0160995085
          0,           0,         964,       -11.8765643,      -12.37967231,       -12.8087316,      -12.44422507,      -17.42662709,     0.01574611451,     0.01095432316,      0.7631589836,                 0,                 0,                 0,     0.04410785231,     -0.0556010494,      0.7612096655,                 0,       69.66737904,      0.0160995085
          0,           0,         965,       -11.8797138,      -12.38270284,       -12.8118103,      -12.44734443,      -17.43292541,     0.01574611451,     0.01095432318,      0.7631589801,                 0,                 0,                 0,     0.04410785168,    -0.05560104907,       0.761209662,                 0,       69.66737857,      0.0160995085
          0,           0,         966,      -11.88286305,      -12.38572493,      -12.81479117,      -12.45022354,      -17.43922104,     0.01574611451,     0.01095432321,      0.7631589767,                 0,                 0,                 0,     0.04410785106,    -0.05560104875,      0.7612096585,                 0,       69.66737811,      0.0160995085
          0,           0,         967,      -11.88601105,       -12.3887626,      -12.81788818,      -12.45307001,       -17.4455131,     0.01574611451,     0.01095432323,      0.7631589733,                 0,                 0,                 0,     0.04410785045,    -0.05560104843,      0.7612096551,                 0,       69.66737765,      0.0160995085
          0,           0,         968,      -11.88916211,      -12.39183521,      -12.82102747,      -12.45627407,      -17.45180005,     0.01574611451,     0.01095432325,      0.7631589699,                 0,                 0,                 0,     0.04410784985,    -0.05560104811,      0.7612096518,                 0,        69.6673772,      0.0160995085
          0,           0,         969,      -11.89230882,      -12.39486662,      -12.82408887,      -12.45900282,      -17.45808399,     0.01574611451,     0.01095432327,      0.7631589666,                 0,                 0,                 0,     0.04410784926,     -0.0556010478,      0.7612096485,                 0,       69.66737675,      0.0160995085
          0,           0,         970,      -11.89545391,      -12.39787189,      -12.82703226,      -12.46189974,      -17.46436748,     0.01574611451,      0.0109543233,      0.7631589633,                 0,                 0,                 0,     0.04410784867,    -0.05560104749,      0.7612096452,                 0,       69.66737631,      0.0160995085
          0,           0,         971,      -11.89860757,      -12.40087396,      -12.83010874,      -12.46479714,      -17.47064667,     0.01574611451,     0.01095432332,        0.76315896,                 0,                 0,                 0,     0.04410784809,    -0.05560104719,       0.761209642,                 0,       69.66737588,      0.0160995085
          0,           0,         972,      -11.90176025,      -12.40393389,      -12.83319245,      -12.46792527,      -17.47692229,     0.01574611451,     0.01095432334,      0.7631589568,                 0,                 0,                 0,     0.04410784751,    -0.05560104689,      0.7612096388,                 0,       69.66737545,      0.0160995085
          0,           0,         973,      -11.90490712,      -12.40695571,      -12.83613619,      -12.47086073,      -17.48319384,     0.01574611451,     0.01095432336,      0.7631589537,                 0,                 0,                 0,     0.04410784695,    -0.05560104659,      0.7612096356,                 0,       69.66737503,      0.0160995085
          0,           0,         974,      -11.90805858,      -12.40998088,      -12.83930826,      -12.47371966,      -17.48946261,     0.01574611451,     0.01095432338,      0.7631589505,                 0,                 0,                 0,     0.04410784639,     -0.0556010463,      0.7612096325,                 0,       69.66737461,      0.0160995085
          0,           0,         975,      -11.91121175,      -12.41299054,      -12.84239754,      -12.47688685,      -17.49572789,     0.01574611451,      0.0109543234,      0.7631589475,                 0,                 0,                 0,     0.04410784584,    -0.05560104601,      0.7612096294,                 0,        69.6673742,      0.0160995085
          0,           0,         976,       -11.9143655,       -12.4159826,      -12.84519533,      -12.47967461,      -17.50199004,     0.01574611451,     0.01095432342,      0.7631589444,                 0,                 0,                 0,     0.04410784529,    -0.05560104572,      0.7612096264,                 0,       69.66737379,      0.0160995085
          0,           0,         977,      -11.91751396,      -12.41903418,      -12.84850641,      -12.48262443,      -17.50824909,     0.01574611451,     0.01095432344,      0.7631589414,                 0,                 0,                 0,     0.04410784475,    -0.05560104544,      0.7612096234,                 0,       69.66737339,      0.0160995085
          0,           0,         978,      -11.92066636,      -12.42209576,      -12.85145641,      -12.48580443,      -17.51450451,     0.01574611451,     0.01095432346,      0.7631589384,                 0,                 0,                 0,     0.04410784422,    -0.05560104516,      0.7612096205,                 0,       69.66737299,      0.0160995085
          0,           0,         979,      -11.92382123,      -12.42504698,      -12.85446362,      -12.48844367,      -17.52075754,     0.01574611451,     0.01095432348,      0.7631589355,                 0,                 0,                 0,     0.04410784369,    -0.05560104488,      0.7612096175,                 0,        69.6673726,      0.0160995085
          0,           0,         980,      -11.92697745,      -12.42807927,      -12.85726669,      -12.49145918,      -17.52700685,     0.01574611451,      0.0109543235,      0.7631589326,                 0,                 0,                 0,     0.04410784317,    -0.05560104461,      0.7612096147,                 0,       69.66737221,      0.0160995085
          0,           0,         981,      -11.93012872,      -12.43108822,      -12.86054308,      -12.49437391,      -17.53325102,     0.01574611451,     0.01095432352,      0.7631589297,                 0,                 0,                 0,     0.04410784266,    -0.05560104434,      0.7612096118,                 0,       69.66737183,      0.0160995085
          0,           0,         982,      -11.93328091,      -12.43411093,      -12.86351368,      -12.49741064,      -17.53949219,     0.01574611451,     0.01095432354,      0.7631589269,                 0,                 0,                 0,     0.04410784215,    -0.05560104408,       0.761209609,                 0,       69.66737145,      0.0160995085
          0,           0,         983,      -11.93643728,      -12.43709053,      -12.86663141,       -12.5003913,      -17.54572917,     0.01574611451,     0.01095432356,      0.7631589241,                 0,                 0,                 0,     0.04410784165,    -0.05560104382,      0.7612096062,                 0,       69.66737108,      0.0160995085
          0,           0,         984,      -11.93959083,      -12.44009715,      -12.86949817,      -12.50332078,       -17.5519633,     0.01574611451,     0.01095432357,      0.7631589213,                 0,                 0,                 0,     0.04410784116,    -0.05560104356,      0.7612096035,                 0,       69.66737071,      0.0160995085
          0,           0,         985,      -11.94275125,      -12.44311959,      -12.87254208,      -12.50637947,      -17.55819095,     0.01574611451,     0.01095432359,      0.7631589186,                 0,                 0,                 0,     0.04410784067,     -0.0556010433,      0.7612096007,                 0,       69.66737035,      0.0160995085
          0,           0,         986,      -11.94590323,      -12.44609892,      -12.87579164,      -12.50935642,      -17.56441646,     0.01574611451,     0.01095432361,      0.7631589159,                 0,                 0,                 0,     0.04410784018,    -0.05560104305,      0.7612095981,                 0,       69.66736999,      0.0160995085
          0,           0,         987,      -11.94906097,      -12.44911275,      -12.87867376,      -12.51216514,      -17.57063783,     0.01574611451,     0.01095432363,      0.7631589133,                 0,                 0,                 0,     0.04410783971,     -0.0556010428,      0.7612095954,                 0,       69.66736964,      0.0160995085
          0,           0,         988,      -11.95221397,      -12.45213169,      -12.88162985,      -12.51511867,      -17.57685713,     0.01574611451,     0.01095432364,      0.7631589106,                 0,                 0,                 0,     0.04410783923,    -0.05560104255,      0.7612095928,                 0,       69.66736929,      0.0160995085
          0,           0,         989,      -11.95537529,      -12.45513877,      -12.88460921,       -12.5182423,      -17.58307302,     0.01574611451,     0.01095432366,       0.763158908,                 0,                 0,                 0,     0.04410783877,    -0.05560104231,      0.7612095902,                 0,       69.66736894,      0.0160995085
          0,           0,         990,      -11.95852842,      -12.45809278,      -12.88778236,      -12.52074513,      -17.58928512,     0.01574611451,     0.01095432368,      0.7631589055,                 0,                 0,                 0,     0.04410783831,    -0.05560104207,      0.7612095877,                 0,        69.6673686,      0.0160995085
          0,           0,         991,      -11.96168389,      -12.46113373,      -12.89069352,      -12.52387216,      -17.59549428,     0.01574611451,      0.0109543237,      0.7631589029,                 0,                 0,                 0,     0.04410783785,    -0.05560104183,      0.7612095851,                 0,       69.66736826,      0.0160995085
          0,           0,         992,      -11.96484795,      -12.46414935,      -12.89357593,      -12.52686156,      -17.60169935,     0.01574611451,     0.01095432371,      0.7631589004,                 0,                 0,                 0,      0.0441078374,     -0.0556010416,      0.7612095826,                 0,       69.66736793,      0.0160995085
          0,           0,         993,      -11.96799976,      -12.46717633,      -12.89682666,      -12.53008428,      -17.60790115,     0.01574611451,     0.01095432373,       0.763158898,                 0,                 0,                 0,     0.04410783696,    -0.05560104137,      0.7612095802,                 0,        69.6673676,      0.0160995085
          0,           0,         994,       -11.9711652,      -12.47016096,      -12.89975501,      -12.53302082,      -17.61409779,     0.01574611451,     0.01095432374,      0.7631588955,                 0,                 0,                 0,     0.04410783652,    -0.05560104114,      0.7612095777,                 0,       69.66736727,      0.0160995085
          0,           0,         995,      -11.97432034,      -12.47316492,      -12.90302127,      -12.53559522,      -17.62029028,     0.01574611451,     0.01095432376,      0.7631588931,                 0,                 0,                 0,     0.04410783609,    -0.05560104091,      0.7612095753,                 0,       69.66736695,      0.0160995085
          0,           0,         996,      -11.97747754,      -12.47618352,      -12.90573752,      -12.53880733,      -17.62647976,     0.01574611451,     0.01095432378,      0.7631588907,                 0,                 0,                 0,     0.04410783566,    -0.05560104069,       0.761209573,                 0,       69.66736664,      0.0160995085
          0,           0,         997,      -11.98064669,      -12.47919024,      -12.90892286,      -12.54206218,      -17.63266289,     0.01574611451,     0.01095432379,      0.7631588884,                 0,                 0,                 0,     0.04410783524,    -0.05560104047,      0.7612095706,                 0,       69.66736632,      0.0160995085
          0,           0,         998,      -11.98380328,      -12.48214576,      -12.91184699,      -12.54471785,      -17.63884392,     0.01574611451,     0.01095432381,       0.763158886,                 0,                 0,                 0,     0.04410783482,    -0.05560104025,      0.7612095683,                 0,       69.66736601,      0.0160995085
          0,           0,         999,      -11.98696155,      -12.48508766,      -12.91472302,      -12.54752882,      -17.64502294,     0.01574611451,     0.01095432382,      0.7631588837,                 0,                 0,                 0,     0.04410783441,    -0.05560104003,       0.761209566,                 0,       69.66736571,      0.0160995085
          0,           0,        1000,      -11.99012912,      -12.48810032,      -12.91780269,      -12.55083778,      -17.65119319,     0.01574611451,     0.01095432384,      0.7631588815,                 0,                 0,                 0,       0.044107834,    -0.05560103982,      0.7612095637,                 0,       69.66736541,      0.0160995085
          0,           0,        1001,      -11.99328385,      -12.49106162,      -12.92080301,      -12.55352261,      -17.65736054,     0.01574611451,     0.01095432385,      0.7631588792,                 0,                 0,                 0,     0.04410783359,    -0.05560103961,      0.7612095615,                 0,       69.66736511,      0.0160995085
          0,           0,        1002,      -11.99644831,       -12.4940538,      -12.92384901,      -12.55674591,      -17.66352452,     0.01574611451,     0.01095432387,       0.763158877,                 0,                 0,                 0,     0.04410783319,     -0.0556010394,      0.7612095593,                 0,       69.66736481,      0.0160995085
          0,           0,        1003,      -11.99961034,      -12.49703004,      -12.92689529,      -12.55928951,      -17.66968469,     0.01574611451,     0.01095432388,      0.7631588748,                 0,                 0,                 0,      0.0441078328,     -0.0556010392,      0.7612095571,                 0,       69.66736452,      0.0160995085
          0,           0,        1004,       -12.0027737,      -12.50010044,      -12.92977117,      -12.56254929,      -17.67584005,     0.01574611451,     0.01095432389,      0.7631588726,                 0,                 0,                 0,     0.04410783241,    -0.05560103899,       0.761209555,                 0,       69.66736423,      0.0160995085
