"Time_Iter","Outer_Iter","Inner_Iter",    "rms[Rho]"    ,    "rms[RhoU]"   ,    "rms[RhoV]"   ,    "rms[RhoE]"   ,     "rms[nu]"    ,    "RefForce"    ,       "CD"       ,       "CL"       ,       "CSF"      ,       "CMx"      ,       "CMy"      ,       "CMz"      ,       "CFx"      ,       "CFy"      ,       "CFz"      ,      "CEff"      ,     "Buffet"     
          0,           0,           0,      -3.819842291,      -7.210800384,      -7.895005901,      -3.273828171,       -9.86774603,     0.01574254708,       1.957618131,       3.065121227,                 0,                 0,                 0,       1.407661283,       1.683025886,       3.224075178,                 0,       1.565740109,   0.0007381591749
          0,           0,           1,      -4.827446854,      -4.144736648,      -4.087395311,       -4.26633665,      -10.29112612,     0.01574254708,      0.8262335615,       1.656162799,                 0,                 0,                 0,      0.5771818246,      0.6787453945,       1.721871599,                 0,       2.004472919,   0.0007381591749
          0,           0,           2,      -4.484202029,      -4.299967447,      -4.511101261,      -3.930627547,      -11.19950183,     0.01574254708,      0.5468389044,        1.19391664,                 0,                 0,                 0,       0.315014381,      0.4407013257,       1.237033578,                 0,       2.183305962,   0.0007381591749
          0,           0,           3,      -4.551767985,      -4.394669769,      -4.677566717,       -4.00048886,      -11.51882595,     0.01574254708,      0.4030194261,       1.002181248,                 0,                 0,                 0,      0.1874082369,      0.3141399645,       1.033493103,                 0,       2.486682237,   0.0007381591749
          0,           0,           4,      -4.710327185,      -4.459569453,      -4.711648738,      -4.159941382,      -11.74892913,     0.01574254708,      0.3295705144,      0.9313582941,                 0,                 0,                 0,      0.1331613727,      0.2471431753,      0.9565381576,                 0,       2.825975788,   0.0007381591749
          0,           0,           5,      -4.838869372,      -4.509782049,      -4.731034642,       -4.28990235,      -11.90027711,     0.01574254708,       0.286986904,      0.9098731867,                 0,                 0,                 0,      0.1093181667,      0.2065941588,      0.9314234012,                 0,       3.170434518,   0.0007381591749
          0,           0,           6,      -4.963604123,      -4.554705657,      -4.769982875,      -4.416071769,      -11.97596059,     0.01574254708,      0.2589831188,       0.907464392,                 0,                 0,                 0,     0.09835978448,      0.1789068767,      0.9265830821,                 0,       3.503951903,   0.0009509343114
          0,           0,           7,      -5.066633431,      -4.596403816,      -4.801683447,      -4.520299705,       -12.0297185,     0.01574254708,      0.2385123174,      0.9107204336,                 0,                 0,                 0,     0.09315634632,      0.1582301902,      0.9280425856,                 0,       3.818337114,   0.0009509343114
          0,           0,           8,      -5.155211992,        -4.6354479,      -4.826219504,      -4.609791026,      -12.04354425,     0.01574254708,      0.2220814159,      0.9144075079,                 0,                 0,                 0,     0.09033613109,      0.1415404635,       0.930283582,                 0,       4.117442715,   0.0009509343114
          0,           0,           9,      -5.237423009,       -4.67177212,      -4.847052101,      -4.692607953,      -12.05061445,     0.01574254708,      0.2081538223,       0.918414056,                 0,                 0,                 0,     0.08865417467,      0.1273166749,      0.9330610142,                 0,       4.412189246,   0.0009509343114
          0,           0,          10,      -5.310401494,      -4.705551718,      -4.865611192,      -4.765914698,      -12.04073807,     0.01574254708,      0.1960904069,      0.9238564015,                 0,                 0,                 0,     0.08779805135,      0.1148248328,      0.9374312541,                 0,         4.7113799,   0.0009509343114
          0,           0,          11,      -5.371100421,      -4.737372861,      -4.883018942,      -4.826884306,      -12.03289988,     0.01574254708,      0.1854852194,      0.9307835245,                 0,                 0,                 0,     0.08754460491,      0.1036562627,      0.9434077142,                 0,       5.018100782,   0.0009509343114
          0,           0,          12,      -5.418737234,      -4.768066442,       -4.89966581,       -4.87473073,      -12.02680098,     0.01574254708,      0.1759724953,      0.9378114644,                 0,                 0,                 0,     0.08753666095,     0.09356721209,      0.9495798222,                 0,       5.329307076,   0.0009509343114
          0,           0,          13,      -5.457534772,      -4.798221697,      -4.916669345,      -4.913550023,      -12.00018501,     0.01574254708,      0.1672664441,      0.9432560477,                 0,                 0,                 0,     0.08745456797,     0.08441976334,      0.9542449048,                 0,       5.639242544,   0.0009509343114
          0,           0,          14,      -5.491861502,       -4.82806931,      -4.935144637,      -4.947763285,      -11.97688857,     0.01574254708,      0.1592207541,      0.9465140928,                 0,                 0,                 0,     0.08721958673,     0.07612073232,       0.956789324,                 0,       5.944665304,   0.0009509343114
          0,           0,          15,      -5.525402053,      -4.857517541,      -4.955098267,      -4.981086174,      -11.94992275,     0.01574254708,      0.1517920456,        0.94831255,                 0,                 0,                 0,     0.08693978851,     0.06856354638,      0.9579334829,                 0,       6.247445617,   0.0009509343114
          0,           0,          16,      -5.562238388,      -4.886417203,      -4.976054138,       -5.01750995,      -11.91930609,     0.01574254708,      0.1449837831,       0.949973821,                 0,                 0,                 0,     0.08682308589,     0.06163640208,      0.9589950531,                 0,       6.552276404,   0.0009509343114
          0,           0,          17,      -5.604662174,      -4.914775096,      -4.997898496,      -5.059287768,      -11.88195582,     0.01574254708,      0.1387660666,      0.9524277517,                 0,                 0,                 0,     0.08697841962,     0.05522847167,      0.9608977362,                 0,       6.863549391,   0.0009509343114
          0,           0,          18,       -5.65096026,       -4.94275246,      -5.020867574,      -5.104767921,      -11.84588874,     0.01574254708,       0.133047645,      0.9558200286,                 0,                 0,                 0,     0.08735635487,     0.04923615402,      0.9637787111,                 0,       7.184043194,   0.0009509343114
          0,           0,          19,      -5.696560928,      -4.970549898,      -5.045186492,      -5.149463116,       -11.8079336,     0.01574254708,        0.12771139,      0.9595778197,                 0,                 0,                 0,     0.08779677113,     0.04359269205,      0.9670571174,                 0,       7.513643218,   0.0009509343114
          0,           0,          20,      -5.737919115,      -4.998284894,       -5.07094591,      -5.189898185,      -11.76967147,     0.01574254708,      0.1226588439,      0.9628283621,                 0,                 0,                 0,     0.08813142675,     0.03827606893,      0.9698549322,                 0,       7.849644848,   0.0009509343114
          0,           0,          21,       -5.77516466,      -5.026005984,      -5.098107003,      -5.226262955,      -11.73042058,     0.01574254708,      0.1178490346,      0.9649808072,                 0,                 0,                 0,      0.0882869263,     0.03329696442,       0.971579984,                 0,       8.188279274,   0.0009509343114
          0,           0,          22,      -5.811012169,      -5.053727672,      -5.126519113,      -5.261312884,      -11.69193448,     0.01574254708,      0.1132874885,      0.9659992356,                 0,                 0,                 0,      0.0882982691,     0.02866401449,      0.9721969721,                 0,       8.526971943,   0.0009509343114
          0,           0,          23,      -5.848178575,      -5.081468547,      -5.156019209,      -5.297761067,      -11.65391346,     0.01574254708,      0.1090002272,      0.9663130939,                 0,                 0,                 0,     0.08826254523,       0.024365713,      0.9721359766,                 0,       8.865239264,   0.0009509343114
          0,           0,          24,      -5.887894454,      -5.109263588,      -5.186517194,      -5.336796896,      -11.61712699,     0.01574254708,      0.1050060742,      0.9665173423,                 0,                 0,                 0,     0.08828647625,     0.02036895755,      0.9719913344,                 0,       9.204394598,   0.0009509343114
          0,           0,          25,      -5.929887479,      -5.137150262,      -5.217969978,      -5.378117823,      -11.58180387,     0.01574254708,      0.1012890717,      0.9670600008,                 0,                 0,                 0,     0.08841384005,     0.01661880358,      0.9722079698,                 0,       9.547525556,   0.0009509343114
          0,           0,          26,      -5.972981979,      -5.165156258,      -5.250309567,       -5.42057951,      -11.54821895,     0.01574254708,      0.0978051307,      0.9680964811,                 0,                 0,                 0,     0.08862866529,     0.01305778479,      0.9729368605,                 0,       9.898217754,   0.0009509343114
          0,           0,          27,      -6.015875221,      -5.193316258,      -5.283405237,        -5.4629769,      -11.51645894,     0.01574254708,     0.09450442612,      0.9695012785,                 0,                 0,                 0,     0.08887912575,    0.009647204231,      0.9740486368,                 0,       10.25879229,   0.0009509343114
          0,           0,          28,      -6.057676959,      -5.221697124,      -5.317092116,       -5.50451414,      -11.48636812,     0.01574254708,     0.09134628436,      0.9709971134,                 0,                 0,                 0,     0.08910634065,    0.006370709546,      0.9752635295,                 0,       10.62984795,   0.0009509343114
          0,           0,          29,      -6.098128776,      -5.250394085,      -5.351223647,      -5.544939447,      -11.45798133,     0.01574254708,     0.08830813723,      0.9722953986,                 0,                 0,                 0,     0.08926845827,    0.003230970467,      0.9762920824,                 0,       11.01025827,   0.0009509343114
          0,           0,          30,      -6.137708311,      -5.279496085,      -5.385706871,      -5.584632616,      -11.43115731,     0.01574254708,     0.08538781798,      0.9732036883,                 0,                 0,                 0,     0.08935352061,   0.0002426012595,      0.9769423931,                 0,       11.39745354,   0.0009509343114
          0,           0,          31,      -6.177379798,      -5.309038122,      -5.420518349,      -5.624426969,      -11.40576503,     0.01574254708,     0.08259421395,      0.9736591863,                 0,                 0,                 0,     0.08937270028,   -0.002580071539,      0.9771526792,                 0,       11.78846725,   0.0009509343114
          0,           0,          32,      -6.217833019,      -5.338970221,      -5.455716025,      -5.664937558,      -11.38164411,     0.01574254708,     0.07993906443,      0.9737121572,                 0,                 0,                 0,     0.08935108399,   -0.005229734124,       0.976974037,                 0,       12.18067992,   0.0009509343114
          0,           0,          33,      -6.258859818,      -5.369159618,      -5.491435195,      -5.705963668,      -11.35862655,     0.01574254708,     0.07743101015,      0.9734944454,                 0,                 0,                 0,     0.08931942273,   -0.007709269668,      0.9765385623,                 0,        12.5724105,   0.0009509343114
          0,           0,          34,      -6.299531882,      -5.399414359,      -5.527871905,      -5.746625881,      -11.33666268,     0.01574254708,      0.0750708081,       0.973185398,                 0,                 0,                 0,      0.0893061809,    -0.01003355518,      0.9760249858,                 0,        12.9635663,   0.0009509343114
          0,           0,          35,      -6.339134804,      -5.429510414,      -5.565268725,      -5.786244245,       -11.3157948,     0.01574254708,     0.07284857435,      0.9729459402,                 0,                 0,                 0,     0.08932671179,    -0.01222646254,      0.9755927587,                 0,       13.35573069,   0.0009509343114
          0,           0,          36,      -6.377820721,      -5.459204729,      -5.603878419,      -5.824973009,      -11.29608971,     0.01574254708,     0.07074593301,      0.9728486631,                 0,                 0,                 0,     0.08937600163,    -0.01431262443,      0.9753125945,                 0,       13.75130162,    0.007399812571
          0,           0,          37,      -6.416309038,      -5.488253905,      -5.643894618,      -5.863544485,      -11.27781667,     0.01574254708,     0.06874406177,        0.97289558,                 0,                 0,                 0,     0.08944061212,    -0.01631096703,      0.9751848584,                 0,       14.15243084,    0.007399812571
          0,           0,          38,      -6.455236468,      -5.516452349,      -5.685400313,      -5.902650078,      -11.26089049,     0.01574254708,     0.06682729977,      0.9730454646,                 0,                 0,                 0,     0.08950583663,    -0.01823349847,      0.9751671157,                 0,       14.56059826,    0.007399812571
          0,           0,          39,      -6.494741302,      -5.543664615,       -5.72834926,        -5.9424879,      -11.24537212,     0.01574254708,     0.06498444714,      0.9732315817,                 0,                 0,                 0,     0.08955873803,    -0.02008555967,      0.9751919094,                 0,       14.97637703,    0.007399812571
          0,           0,          40,      -6.534520619,      -5.569844072,      -5.772556633,      -5.982765113,      -11.23136949,     0.01574254708,     0.06320858447,       0.973380033,                 0,                 0,                 0,     0.08958967924,    -0.02186760303,      0.9751850193,                 0,       15.39949108,    0.007399812571
          0,           0,          41,      -6.574242162,      -5.595030428,      -5.817682668,      -6.023099454,       -11.2189333,     0.01574254708,     0.06149661943,      0.9734299349,                 0,                 0,                 0,     0.08959374721,    -0.02357740276,      0.9750855236,                 0,       15.82899912,    0.007399812571
          0,           0,          42,      -6.613832593,      -5.619325972,      -5.863206664,      -6.063354717,      -11.20808637,     0.01574254708,     0.05984827781,      0.9733417131,                 0,                 0,                 0,     0.08957041402,     -0.0252117829,      0.9748539751,                 0,       16.26348742,    0.007399812571
          0,           0,          43,      -6.653404299,      -5.642863114,      -5.908429557,      -6.103620788,      -11.19882834,     0.01574254708,      0.0582649325,       0.973092763,                 0,                 0,                 0,      0.0895215789,    -0.02676740567,      0.9744679747,                 0,       16.70117378,    0.007399812571
          0,           0,          44,      -6.692987016,      -5.665778233,      -5.952555513,      -6.143961509,      -11.19111857,     0.01574254708,     0.05674875626,      0.9726830972,                 0,                 0,                 0,      0.0894519451,    -0.02824210769,      0.9739277244,                 0,        17.1401659,    0.007399812571
          0,           0,          45,      -6.732339822,      -5.688195876,      -5.994860215,      -6.184208076,      -11.18488857,     0.01574254708,     0.05530147393,      0.9721437399,                 0,                 0,                 0,     0.08936939902,    -0.02963687458,      0.9732642805,                 0,       17.57898426,    0.007399812571
          0,           0,          46,      -6.771051907,      -5.710220746,      -6.034890181,       -6.22401965,       -11.1802427,     0.01574254708,     0.05392301548,      0.9715263816,                 0,                 0,                 0,      0.0892825103,    -0.03095628126,      0.9725291309,                 0,       18.01691491,    0.007399812571
          0,           0,          47,      -6.808751901,      -5.731929906,      -6.072577148,      -6.263058582,      -11.17706558,     0.01574254708,       0.052610971,      0.9708796431,                 0,                 0,                 0,     0.08919734201,    -0.03220696604,      0.9717705012,                 0,       18.45393888,    0.007399812571
          0,           0,          48,      -6.845159662,      -5.753366255,      -6.108211696,      -6.301034885,      -11.17538859,     0.01574254708,     0.05136108276,      0.9702372507,                 0,                 0,                 0,     0.08911671169,    -0.03339610989,      0.9710216183,                 0,       18.89051396,    0.007399812571
          0,           0,          49,      -6.880103449,      -5.774537841,       -6.14235245,      -6.337741098,      -11.17531468,     0.01574254708,     0.05016813011,      0.9696187386,                 0,                 0,                 0,     0.08904115764,    -0.03453061611,      0.9703014872,                 0,       19.32738447,    0.007399812571
          0,           0,          50,      -6.913557779,      -5.795425535,      -6.175713382,       -6.37311256,      -11.17694591,     0.01574254708,     0.04902675817,      0.9690323759,                 0,                 0,                 0,     0.08896994078,    -0.03561653991,      0.9696178787,                 0,       19.76537736,    0.007399812571
          0,           0,          51,      -6.945636916,      -5.815994183,      -6.209030413,      -6.407236001,      -11.18031405,     0.01574254708,     0.04793197706,      0.9684767723,                 0,                 0,                 0,     0.08890140497,    -0.03665873101,      0.9689689728,                 0,       20.20523316,    0.007399812571
          0,           0,          52,      -6.976528576,      -5.836205086,      -6.242928995,      -6.440289738,      -11.18536018,     0.01574254708,     0.04687937486,      0.9679422278,                 0,                 0,                 0,     0.08883298722,    -0.03766073912,      0.9683447222,                 0,       20.64750716,    0.007399812571
          0,           0,          53,      -7.006386245,      -5.856024906,      -6.277825129,      -6.472431789,      -11.19204149,     0.01574254708,     0.04586522772,      0.9674129717,                 0,                 0,                 0,     0.08876140805,    -0.03862489941,      0.9677290913,                 0,        21.0925143,    0.007399812571
          0,           0,          54,      -7.035233441,      -5.875430287,      -6.313876888,      -6.503688489,      -11.19981596,     0.01574254708,     0.04488664145,      0.9668705246,                 0,                 0,                 0,     0.08868325678,    -0.03955248448,      0.9671034189,                 0,        21.5402733,    0.007399812571
          0,           0,          55,      -7.062943889,      -5.894407834,      -6.350984524,      -6.533919529,      -11.20872261,     0.01574254708,     0.04394167502,      0.9662974472,                 0,                 0,                 0,     0.08859575946,    -0.04044390804,       0.966450163,                 0,       21.99045545,    0.007399812571
          0,           0,          56,      -7.089327375,      -5.912951383,      -6.388828485,      -6.562904974,      -11.21883837,     0.01574254708,     0.04302931394,      0.9656805382,                 0,                 0,                 0,     0.08849736478,    -0.04129903015,       0.965756084,                 0,       22.44238752,    0.007399812571
          0,           0,          57,      -7.114264683,      -5.931059599,      -6.426927659,      -6.590500348,      -11.23007802,     0.01574254708,     0.04214925547,      0.9650130136,                 0,                 0,                 0,     0.08838799923,    -0.04211756113,      0.9650143974,                 0,       22.89513783,    0.007399812571
          0,           0,          58,       -7.13781289,      -5.948734372,      -6.464711612,      -6.616773445,      -11.24180738,     0.01574254708,     0.04130158269,      0.9642953334,                 0,                 0,                 0,     0.08826900516,    -0.04289945831,      0.9642255686,                 0,       23.34766056,    0.007399812571
          0,           0,          59,      -7.160201335,      -5.965981782,      -6.501600914,      -6.642015795,      -11.25366197,     0.01574254708,      0.0404863872,      0.9635343933,                 0,                 0,                 0,     0.08814274292,    -0.04364523144,      0.9633964752,                 0,       23.79897195,    0.007399812571
          0,           0,          60,      -7.181728808,      -5.982813826,      -6.537091439,      -6.666624158,      -11.26554842,     0.01574254708,     0.03970347375,       0.962741371,                 0,                 0,                 0,     0.08801203304,    -0.04435604922,      0.9625382351,                 0,       24.24829064,    0.007399812571
          0,           0,          61,      -7.202641486,      -5.999249113,      -6.570834553,      -6.690937226,      -11.27747089,     0.01574254708,     0.03895219373,      0.9619288198,                 0,                 0,                 0,      0.0878795611,     -0.0450336519,      0.9616632976,                 0,       24.69511285,    0.007399812571
          0,           0,          62,      -7.223061279,      -6.015311565,      -6.602691674,      -6.715118817,      -11.28945125,     0.01574254708,      0.0382314339,        0.96110803,                 0,                 0,                 0,     0.08774742124,    -0.04568013246,      0.9607828128,                 0,        25.1392096,    0.007399812571
          0,           0,          63,      -7.242981543,      -6.031028057,      -6.632739581,      -6.739130742,      -11.30140162,     0.01574254708,     0.03753971453,      0.9602873594,                 0,                 0,                 0,     0.08761686833,    -0.04629769347,      0.9599049778,                 0,       25.58057171,    0.007399812571
          0,           0,          64,      -7.262303394,      -6.046425819,      -6.661215803,      -6.762778598,      -11.31309485,     0.01574254708,     0.03687536099,      0.9594718183,                 0,                 0,                 0,     0.08748834949,    -0.04688843985,      0.9590346378,                 0,       26.01932001,    0.007399812571
          0,           0,          65,      -7.280882752,      -6.061530591,      -6.688421902,      -6.785791329,       -11.3244136,     0.01574254708,      0.0362366678,      0.9586635053,                 0,                 0,                 0,     0.08736168028,    -0.04745425351,       0.958173735,                 0,       26.45561978,    0.007399812571
          0,           0,          66,      -7.298565258,      -6.076365519,      -6.714623588,      -6.807888518,      -11.33535018,     0.01574254708,       0.035622012,      0.9578623878,                 0,                 0,                 0,     0.08723626629,    -0.04799674838,      0.9573220952,                 0,       26.88962061,    0.007399812571
          0,           0,          67,       -7.31520793,      -6.090950788,      -6.739984216,      -6.828816629,      -11.34580248,     0.01574254708,     0.03502995906,      0.9570672757,                 0,                 0,                 0,     0.08711140833,    -0.04851724978,      0.9564784078,                 0,       27.32139292,    0.007399812571
          0,           0,          68,      -7.330677092,      -6.105303231,       -6.76455092,      -6.848340974,      -11.35581377,     0.01574254708,     0.03445922309,       0.956276296,                 0,                 0,                 0,     0.08698632453,    -0.04901687551,      0.9556406952,                 0,       27.75095345,    0.007399812571
          0,           0,          69,       -7.34485829,      -6.119436507,      -6.788280056,      -6.866247676,      -11.36527169,     0.01574254708,     0.03390873206,      0.9554876095,                 0,                 0,                 0,     0.08686045032,    -0.04949653319,      0.9548070314,                 0,       28.17821698,    0.007399812571
          0,           0,          70,      -7.357691622,      -6.133361495,      -6.811078975,      -6.882380412,      -11.37420727,     0.01574254708,     0.03337757872,      0.9546996909,                 0,                 0,                 0,     0.08673344786,    -0.04995699371,       0.953975818,                 0,       28.60302417,    0.007399812571
          0,           0,          71,      -7.369203926,      -6.147086828,      -6.832845376,      -6.896697469,      -11.38256938,     0.01574254708,     0.03286493113,      0.9539112073,                 0,                 0,                 0,     0.08660507836,    -0.05039896964,      0.9531456546,                 0,       29.02520025,    0.007399812571
          0,           0,          72,      -7.379528388,      -6.160619291,      -6.853488234,      -6.909316145,      -11.39047647,     0.01574254708,     0.03237008942,      0.9531213081,                 0,                 0,                 0,     0.08647536396,    -0.05082308408,      0.9523156329,                 0,       29.44450649,    0.007399812571
          0,           0,          73,      -7.388881855,      -6.173964595,      -6.872935267,      -6.920494957,      -11.39826681,     0.01574254708,     0.03189241982,       0.952329488,                 0,                 0,                 0,     0.08634444461,    -0.05122992434,      0.9514851943,                 0,       29.86068456,    0.007399812571
          0,           0,          74,      -7.397512089,      -6.187127736,      -6.891139516,      -6.930564108,      -11.40561699,     0.01574254708,     0.03143135837,      0.9515355979,                 0,                 0,                 0,     0.08621256038,    -0.05162003922,       0.950654141,                 0,       30.27344815,    0.007399812571
          0,           0,          75,      -7.405636802,      -6.200113463,      -6.908085444,      -6.939833219,      -11.41239932,     0.01574254708,     0.03098638075,      0.9507397484,                 0,                 0,                 0,     0.08607996332,    -0.05199396072,      0.9498225377,                 0,       30.68250391,     0.01956800349
          0,           0,          76,      -7.413406084,      -6.212926214,      -6.923794886,      -6.948525807,        -11.418644,     0.01574254708,     0.03055703076,      0.9499424692,                 0,                 0,                 0,     0.08594698083,    -0.05235218943,       0.948990872,                 0,       31.08752537,     0.01956800349
          0,           0,          77,      -7.420893596,      -6.225570039,      -6.938329359,      -6.956759204,      -11.42442319,     0.01574254708,     0.03014288689,      0.9491446275,                 0,                 0,                 0,     0.08581394621,    -0.05269522088,      0.9481599713,                 0,       31.48817932,     0.01956800349
          0,           0,          78,      -7.428123727,      -6.238048225,      -6.951786718,      -6.964577614,      -11.42979731,     0.01574254708,     0.02974353211,      0.9483473622,                 0,                 0,                 0,     0.08568116533,    -0.05302356975,      0.9473309339,                 0,       31.88415413,     0.01956800349
          0,           0,          79,      -7.435105267,      -6.250363206,      -6.964288189,      -6.972001757,      -11.43480634,     0.01574254708,     0.02935856214,      0.9475520473,                 0,                 0,                 0,     0.08554894351,    -0.05333775852,       0.946505093,                 0,       32.27515172,     0.01956800349
          0,           0,          80,       -7.44185552,      -6.262516184,       -6.97596147,      -6.979064316,      -11.43948563,     0.01574254708,     0.02898755459,      0.9467601626,                 0,                 0,                 0,     0.08541755361,    -0.05363833698,      0.9456838862,                 0,       32.66091866,     0.01956800349
          0,           0,          81,      -7.448408184,      -6.274507126,      -6.986927672,      -6.985822899,      -11.44386501,     0.01574254708,     0.02863006404,      0.9459731707,                 0,                 0,                 0,     0.08528722921,    -0.05392587631,      0.9448687317,                 0,       33.04125235,     0.01956800349
          0,           0,          82,      -7.454804141,      -6.286334942,      -6.997292322,      -6.992346251,      -11.44796545,     0.01574254708,     0.02828561529,      0.9451924062,                 0,                 0,                 0,     0.08515816124,    -0.05420096622,      0.9440609175,                 0,       33.41601011,     0.01956800349
          0,           0,          83,      -7.461075209,      -6.297997852,      -7.007141972,      -6.998688824,      -11.45180629,     0.01574254708,     0.02795371134,      0.9444189863,                 0,                 0,                 0,     0.08503049526,    -0.05446419919,      0.9432615134,                 0,       33.78510191,     0.01956800349
          0,           0,          84,      -7.467231383,      -6.309493715,      -7.016546041,      -7.004871095,      -11.45541065,     0.01574254708,     0.02763384203,      0.9436537551,                 0,                 0,                 0,     0.08490433275,    -0.05471615701,      0.9424713157,                 0,       34.14848193,     0.01956800349
          0,           0,          85,      -7.473257733,      -6.320820444,      -7.025560196,      -7.010873763,       -11.4587995,     0.01574254708,     0.02732549602,      0.9428972649,                 0,                 0,                 0,     0.08477973497,     -0.0549573972,        0.94169083,                 0,       34.50613538,     0.01956800349
          0,           0,          86,      -7.479122254,      -6.331976336,      -7.034229859,      -7.016648739,      -11.46199146,     0.01574254708,     0.02702817226,        0.94214979,                 0,                 0,                 0,     0.08465672785,    -0.05518844283,      0.9409202861,                 0,       34.85806517,     0.01956800349
          0,           0,          87,      -7.484790023,      -6.342960314,      -7.042592949,      -7.022140582,      -11.46499946,     0.01574254708,     0.02674139102,      0.9414113652,                 0,                 0,                 0,     0.08453530793,    -0.05540977481,      0.9401596765,                 0,       35.20427806,     0.01956800349
          0,           0,          88,      -7.490236764,      -6.353772042,      -7.050681133,      -7.027307842,      -11.46778979,     0.01574254708,     0.02646470132,      0.9406818407,                 0,                 0,                 0,     0.08441544919,    -0.05562182937,       0.939408813,                 0,       35.54477451,     0.01956800349
          0,           0,          89,      -7.495457302,      -6.364411963,      -7.058520399,      -7.032137346,      -11.47042315,     0.01574254708,     0.02619768436,      0.9399609414,                 0,                 0,                 0,     0.08429710882,    -0.05582499974,      0.9386673848,                 0,       35.87954296,     0.01956800349
          0,           0,          90,      -7.500466862,      -6.374881275,      -7.066130994,      -7.036647576,      -11.47289345,     0.01574254708,     0.02593995679,      0.9392483299,                 0,                 0,                 0,     0.08418023742,    -0.05601963839,      0.9379350226,                 0,       36.20855414,     0.01956800349
          0,           0,          91,      -7.505296287,      -6.385181861,      -7.073527529,      -7.040882545,      -11.47520382,     0.01574254708,     0.02569115804,      0.9385436346,                 0,                 0,                 0,     0.08406476933,    -0.05620607215,      0.9372113247,                 0,       36.53177616,     0.01956800349
          0,           0,          92,      -7.509985191,      -6.395316237,      -7.080719125,      -7.044901913,      -11.47736397,     0.01574254708,     0.02545096215,      0.9378465052,                 0,                 0,                 0,     0.08395064569,    -0.05638459519,      0.9364959136,                 0,        36.8491572,     0.01956800349
          0,           0,          93,       -7.51457397,      -6.405287535,      -7.087709839,      -7.048768738,      -11.47938091,     0.01574254708,     0.02521906265,      0.9371566287,                 0,                 0,                 0,     0.08383780803,    -0.05655548555,      0.9357884509,                 0,       37.16064478,     0.01956800349
          0,           0,          94,      -7.519099917,      -6.415099444,      -7.094500609,      -7.052543181,      -11.48127037,     0.01574254708,     0.02499517056,      0.9364737414,                 0,                 0,                 0,     0.08372620219,    -0.05671900811,      0.9350886488,                 0,       37.46618729,     0.01956800349
          0,           0,          95,      -7.523594899,      -6.424756156,      -7.101091307,      -7.056278365,       -11.4830433,     0.01574254708,     0.02477901031,      0.9357976346,                 0,                 0,                 0,     0.08361578061,    -0.05687541922,      0.9343962752,                 0,       37.76573895,     0.01956800349
          0,           0,          96,      -7.528084882,      -6.434262306,      -7.107482723,      -7.060018972,      -11.48470778,     0.01574254708,     0.02457031585,       0.935128148,                 0,                 0,                 0,     0.08350650213,    -0.05702496993,      0.9337111472,                 0,       38.05926443,     0.01956800349
          0,           0,          97,      -7.532590212,      -6.443622933,      -7.113678254,      -7.063801009,      -11.48627101,     0.01574254708,     0.02436882788,       0.934465159,                 0,                 0,                 0,     0.08339833091,    -0.05716790787,      0.9330331202,                 0,       38.34674214,     0.01956800349
          0,           0,          98,      -7.537126042,      -6.452843383,      -7.119685058,       -7.06765188,      -11.48773981,     0.01574254708,     0.02417429202,      0.9338085685,                 0,                 0,                 0,     0.08329123495,    -0.05730447783,      0.9323620734,                 0,       38.62816614,     0.01956800349
          0,           0,          99,      -7.541702705,      -6.461929247,      -7.125514471,      -7.071590542,      -11.48912068,     0.01574254708,      0.0239864577,      0.9331582825,                 0,                 0,                 0,     0.08318518259,    -0.05743492123,      0.9316978911,                 0,       38.90354692,     0.01956800349
          0,           0,         100,      -7.546325854,      -6.470886325,      -7.131181412,      -7.075627511,        -11.490422,     0.01574254708,     0.02380507803,      0.9325141967,                 0,                 0,                 0,     0.08308014058,    -0.05755947491,      0.9310404479,                 0,       39.17291073,     0.01956800349
          0,           0,         101,      -7.550996828,      -6.479720569,      -7.136703112,       -7.07976544,      -11.49165397,     0.01574254708,     0.02362991103,      0.9318761831,                 0,                 0,                 0,     0.08297607176,     -0.0576783688,      0.9303895953,                 0,       39.43629673,     0.01956800349
          0,           0,         102,      -7.555712937,      -6.488438041,      -7.142097366,      -7.083999822,      -11.49282805,     0.01574254708,     0.02346072108,      0.9312440822,                 0,                 0,                 0,     0.08287293393,    -0.05779182371,      0.9297451539,                 0,       39.69375362,     0.01956800349
          0,           0,         103,      -7.560468218,      -6.497044918,      -7.147380514,      -7.088320376,      -11.49395787,     0.01574254708,     0.02329728018,      0.9306177028,                 0,                 0,                 0,     0.08277068027,    -0.05790005011,      0.9291069132,                 0,       39.94533678,     0.01956800349
          0,           0,         104,      -7.565254496,      -6.505547453,      -7.152566187,      -7.092713102,       -11.4950558,     0.01574254708,     0.02313937006,      0.9299968257,                 0,                 0,                 0,     0.08266926012,    -0.05800324633,       0.928474636,                 0,       40.19110388,     0.01956800349
          0,           0,         105,      -7.570062358,      -6.513952015,      -7.157664535,      -7.097162144,      -11.49613544,     0.01574254708,     0.02298678297,      0.9293812123,                 0,                 0,                 0,     0.08256862082,    -0.05810159854,      0.9278480664,                 0,       40.43111268,     0.01956800349
          0,           0,         106,      -7.574882497,      -6.522264964,      -7.162682112,      -7.101652007,       -11.4972116,     0.01574254708,     0.02283932216,      0.9287706155,                 0,                 0,                 0,     0.08246870877,    -0.05819528119,       0.927226941,                 0,       40.66541944,     0.01956800349
          0,           0,         107,      -7.579706586,      -6.530492665,      -7.167622355,      -7.106169005,      -11.49829936,     0.01574254708,     0.02269680174,      0.9281647902,                 0,                 0,                 0,      0.0823694717,    -0.05828445813,      0.9266109996,                 0,       40.89407842,     0.01956800349
          0,           0,         108,      -7.584528192,      -6.538641369,       -7.17248656,      -7.110702681,      -11.49941525,     0.01574254708,     0.02255904527,      0.9275635026,                 0,                 0,                 0,     0.08227085943,    -0.05836928472,      0.9259999938,                 0,       41.11714354,     0.01956800349
          0,           0,         109,      -7.589343253,       -6.54671711,      -7.177274946,      -7.115246497,      -11.50057813,     0.01574254708,     0.02242588484,       0.926966536,                 0,                 0,                 0,     0.08217282462,    -0.05844990937,      0.9253936931,                 0,        41.3346694,     0.01956800349
          0,           0,         110,      -7.594150064,       -6.55472565,       -7.18198756,      -7.119797704,      -11.50181126,     0.01574254708,     0.02229715988,      0.9263736937,                 0,                 0,                 0,     0.08207532372,    -0.05852647488,      0.9247918876,                 0,       41.54671262,     0.01956800349
          0,           0,         111,      -7.598949135,      -6.562672386,      -7.186624962,      -7.124356972,      -11.50315197,     0.01574254708,     0.02217271576,       0.925784798,                 0,                 0,                 0,     0.08197831627,    -0.05859911981,      0.9241943868,                 0,        41.7533336,     0.01956800349
          0,           0,         112,       -7.60374282,      -6.570562245,      -7.191188553,      -7.128927755,      -11.50466888,     0.01574254708,     0.02205240242,      0.9251996868,                 0,                 0,                 0,     0.08188176448,    -0.05866797952,      0.9236010162,                 0,       41.95459837,     0.01956800349
          0,           0,         113,      -7.608534623,      -6.578399728,      -7.195680497,      -7.133515177,      -11.50646283,     0.01574254708,     0.02193607408,      0.9246182095,                 0,                 0,                 0,     0.08178563301,    -0.05873318611,      0.9230116129,                 0,       42.15057836,     0.01956800349
          0,           0,         114,      -7.613328619,      -6.586188833,      -7.200103426,      -7.138125119,      -11.50885369,     0.01574254708,     0.02182358872,      0.9240402219,                 0,                 0,                 0,     0.08168988834,    -0.05879486849,       0.922426021,                 0,       42.34135062,     0.01956800349
          0,           0,         115,      -7.618128754,      -6.593933101,      -7.204460726,      -7.142763143,      -11.51075592,     0.01574254708,     0.02171480883,      0.9234655835,                 0,                 0,                 0,     0.08159449921,    -0.05885315141,      0.9218440885,                 0,       42.52699578,     0.01956800349
          0,           0,         116,      -7.622938547,      -6.601635614,      -7.208755382,      -7.147434196,      -11.51181788,     0.01574254708,     0.02160960123,       0.922894155,                 0,                 0,                 0,     0.08149943598,    -0.05890815539,       0.921265665,                 0,       42.70759767,     0.01956800349
          0,           0,         117,      -7.627760728,      -6.609299158,      -7.212989388,      -7.152141929,      -11.51290674,     0.01574254708,     0.02150783745,      0.9223257982,                 0,                 0,                 0,     0.08140467087,    -0.05895999636,      0.9206906016,                 0,       42.88324199,     0.01956800349
          0,           0,         118,      -7.632596764,      -6.616926263,      -7.217164831,      -7.156888035,      -11.51434838,     0.01574254708,     0.02140939444,      0.9217603768,                 0,                 0,                 0,     0.08131017832,    -0.05900878504,      0.9201187519,                 0,       43.05401441,     0.01956800349
          0,           0,         119,      -7.637446795,      -6.624519183,       -7.22128345,      -7.161672381,      -11.51613249,     0.01574254708,     0.02131415468,      0.9211977594,                 0,                 0,                 0,     0.08121593535,    -0.05905462705,      0.9195499748,                 0,       43.21999973,     0.01956800349
          0,           0,         120,      -7.642309889,      -6.632079967,      -7.225346524,      -7.166493348,      -11.51811836,     0.01574254708,     0.02122200782,       0.920637825,                 0,                 0,                 0,     0.08112192358,    -0.05909762177,        0.91898414,                 0,        43.3812782,     0.01956800349
          0,           0,         121,      -7.647184269,      -6.639610526,      -7.229355149,      -7.171348111,       -11.5202427,     0.01574254708,     0.02113284591,      0.9200804585,                 0,                 0,                 0,     0.08102812329,     -0.0591378667,      0.9184211235,                 0,       43.53793439,     0.01956800349
          0,           0,         122,      -7.652067847,      -6.647112685,      -7.233310385,      -7.176233467,      -11.52255188,     0.01574254708,     0.02104656724,      0.9195255591,                 0,                 0,                 0,     0.08093452077,    -0.05917545438,      0.9178608159,                 0,       43.69004924,     0.01956800349
          0,           0,         123,      -7.656958149,      -6.654588153,      -7.237213238,      -7.181145631,      -11.52505651,     0.01574254708,       0.020963075,      0.9189730409,                 0,                 0,                 0,     0.08084110425,    -0.05921047377,      0.9173031234,                 0,       43.83770229,     0.01956800349
          0,           0,         124,       -7.66185271,      -6.662038537,       -7.24106505,      -7.186080965,      -11.52770629,     0.01574254708,     0.02088227623,      0.9184228309,                 0,                 0,                 0,     0.08074786417,    -0.05924301112,      0.9167479651,                 0,       43.98097319,     0.01956800349
          0,           0,         125,      -7.666749462,      -6.669465349,      -7.244867725,      -7.191036439,      -11.52979685,     0.01574254708,     0.02080408197,      0.9178748689,                 0,                 0,                 0,      0.0806547942,     -0.0592731498,      0.9161952731,                 0,         44.119941,     0.01956800349
          0,           0,         126,      -7.671646792,      -6.676869983,      -7.248624031,       -7.19600955,      -11.53160475,     0.01574254708,     0.02072840633,      0.9173291103,                 0,                 0,                 0,     0.08056189032,    -0.05930097147,      0.9156449957,                 0,       44.25468586,     0.01956800349
          0,           0,         127,      -7.676543826,      -6.684253765,      -7.252336176,       -7.20099883,      -11.53404803,     0.01574254708,     0.02065516589,      0.9167855219,                 0,                 0,                 0,     0.08046914992,    -0.05932655635,      0.9150970925,                 0,        44.3852897,     0.01956800349
          0,           0,         128,      -7.681440205,       -6.69161798,      -7.256007355,      -7.206003425,      -11.53732179,     0.01574254708,     0.02058428002,      0.9162440809,                 0,                 0,                 0,     0.08037657257,    -0.05934998278,      0.9145515337,                 0,       44.51183524,     0.01956800349
          0,           0,         129,      -7.686335744,      -6.698963755,      -7.259641843,      -7.211022778,       -11.5412128,     0.01574254708,     0.02051567088,      0.9157047739,                 0,                 0,                 0,     0.08028415966,    -0.05937132715,      0.9140082993,                 0,       44.63440554,     0.01956800349
          0,           0,         130,      -7.691230578,      -6.706292103,      -7.263243887,      -7.216056829,      -11.54533402,     0.01574254708,     0.02044926304,      0.9151675952,                 0,                 0,                 0,     0.08019191437,    -0.05939066408,      0.9134673769,                 0,       44.75308442,     0.01956800349
          0,           0,         131,      -7.696125149,       -6.71360396,      -7.266817627,      -7.221105872,      -11.54947491,     0.01574254708,     0.02038498378,      0.9146325466,                 0,                 0,                 0,     0.08009984172,    -0.05940806618,      0.9129287621,                 0,       44.86795557,     0.01956800349
          0,           0,         132,      -7.701020007,      -6.720900227,      -7.270367185,       -7.22617027,      -11.55359537,     0.01574254708,      0.0203227625,      0.9140996356,                 0,                 0,                 0,     0.08000794793,    -0.05942360443,       0.912392456,                 0,       44.97910339,     0.01956800349
          0,           0,         133,      -7.705915632,      -6.728181756,      -7.273896651,      -7.231250259,      -11.55772408,     0.01574254708,      0.0202625311,      0.9135688749,                 0,                 0,                 0,     0.07991624058,    -0.05943734779,      0.9118584655,                 0,       45.08661185,     0.01956800349
          0,           0,         134,      -7.710812247,      -6.735449352,      -7.277409893,      -7.236345683,      -11.56188164,     0.01574254708,     0.02020422417,      0.9130402833,                 0,                 0,                 0,     0.07982472908,    -0.05944936305,      0.9113268036,                 0,       45.19056389,     0.01956800349
          0,           0,         135,      -7.715709847,      -6.742703775,      -7.280910575,      -7.241456062,      -11.56608022,     0.01574254708,     0.02014777913,      0.9125138868,                 0,                 0,                 0,     0.07973342504,    -0.05945971482,      0.9107974906,                 0,        45.2910408,     0.01956800349
          0,           0,         136,      -7.720608286,      -6.749945767,      -7.284402214,      -7.246580724,      -11.57035084,     0.01574254708,     0.02009313525,       0.911989715,                 0,                 0,                 0,      0.0796423401,    -0.05946846619,       0.910270551,                 0,       45.38812404,     0.01956800349
          0,           0,         137,      -7.725507366,      -6.757176057,      -7.287888162,       -7.25171887,      -11.57472795,     0.01574254708,     0.02004023427,      0.9114678037,                 0,                 0,                 0,     0.07955148748,    -0.05947567829,       0.909746015,                 0,       45.48189364,     0.01956800349
          0,           0,         138,      -7.730406707,      -6.764395341,      -7.291371544,      -7.256869473,        -11.579228,     0.01574254708,     0.01998902023,      0.9109481937,                 0,                 0,                 0,     0.07946088159,    -0.05948141046,      0.9092239187,                 0,       45.57242843,     0.01956800349
          0,           0,         139,        -7.7353059,      -6.771604273,      -7.294855377,      -7.262031495,      -11.58385078,     0.01574254708,     0.01993943931,      0.9104309317,                 0,                 0,                 0,     0.07937053786,    -0.05948572035,      0.9087043038,                 0,       45.65980605,     0.01956800349
          0,           0,         140,      -7.740204612,      -6.778803473,      -7.298342708,      -7.267204013,      -11.58858891,     0.01574254708,     0.01989143975,      0.9099160696,                 0,                 0,                 0,     0.07928047284,    -0.05948866407,      0.9081872175,                 0,       45.74410303,     0.01956800349
          0,           0,         141,      -7.745102741,       -6.78599353,        -7.3018367,      -7.272386455,      -11.59343362,     0.01574254708,     0.01984497159,      0.9094036644,                 0,                 0,                 0,     0.07919070388,    -0.05949029635,      0.9076727122,                 0,       45.82539513,     0.01956800349
          0,           0,         142,      -7.750000351,      -6.793175002,       -7.30534062,      -7.277578503,      -11.59837801,     0.01574254708,     0.01979998667,      0.9088937773,                 0,                 0,                 0,       0.079101249,     -0.0594906705,      0.9071608447,                 0,       45.90375704,     0.01956800349
          0,           0,         143,      -7.754897671,      -6.800348417,       -7.30885775,      -7.282780091,      -11.60341708,     0.01574254708,     0.01975643845,      0.9083864735,                 0,                 0,                 0,     0.07901212681,    -0.05948983856,      0.9066516758,                 0,        45.9792627,     0.01956800349
          0,           0,         144,      -7.759795083,      -6.807514262,      -7.312391343,      -7.287991391,        -11.608547,     0.01574254708,     0.01971428189,      0.9078818209,                 0,                 0,                 0,     0.07892335622,    -0.05948785133,      0.9061452693,                 0,       46.05198536,     0.01956800349
          0,           0,         145,      -7.764693087,      -6.814672986,      -7.315944561,      -7.293212762,      -11.61376482,     0.01574254708,     0.01967347443,      0.9073798915,                 0,                 0,                 0,      0.0788349576,    -0.05948475748,      0.9056416934,                 0,       46.12199511,     0.01956800349
          0,           0,         146,      -7.769592225,      -6.821824999,      -7.319520543,      -7.298444629,      -11.61906789,     0.01574254708,     0.01963397187,      0.9068807564,                 0,                 0,                 0,     0.07874694903,    -0.05948060723,      0.9051410148,                 0,       46.18936822,     0.01956800349
          0,           0,         147,      -7.774493208,      -6.828970736,      -7.323122288,      -7.303687669,       -11.6244528,     0.01574254708,     0.01959573435,      0.9063844881,                 0,                 0,                 0,     0.07865935001,    -0.05947544661,      0.9046433022,                 0,       46.25417308,     0.01956800349
          0,           0,         148,      -7.779396462,      -6.836110556,      -7.326752372,      -7.308942157,      -11.62991743,     0.01574254708,      0.0195587221,      0.9058911591,                 0,                 0,                 0,     0.07857217961,    -0.05946932156,      0.9041486247,                 0,       46.31647989,     0.01956800349
          0,           0,         149,      -7.784302416,      -6.843244714,      -7.330413142,      -7.314208385,      -11.63545911,     0.01574254708,      0.0195228966,      0.9054008413,                 0,                 0,                 0,     0.07848545655,    -0.05946227672,      0.9036570503,                 0,       46.37635797,     0.01956800349
          0,           0,         150,       -7.78921145,      -6.850373486,      -7.334106675,      -7.319486583,      -11.64107522,     0.01574254708,     0.01948822064,      0.9049136061,                 0,                 0,                 0,     0.07839919931,    -0.05945435539,       0.903168647,                 0,       46.43387525,     0.01956800349
          0,           0,         151,      -7.794123982,      -6.857497131,      -7.337834879,      -7.324777048,      -11.64676394,     0.01574254708,     0.01945465817,       0.904429524,                 0,                 0,                 0,     0.07831342603,     -0.0594455996,      0.9026834818,                 0,       46.48909871,     0.01956800349
          0,           0,         152,      -7.799040427,      -6.864615882,      -7.341599526,      -7.330080085,      -11.65252311,     0.01574254708,     0.01942217433,      0.9039486643,                 0,                 0,                 0,     0.07822815457,    -0.05943605015,      0.9022016207,                 0,       46.54209405,     0.01956800349
          0,           0,         153,      -7.803961185,      -6.871729951,      -7.345402244,      -7.335395981,      -11.65835139,     0.01574254708,     0.01939073544,      0.9034710954,                 0,                 0,                 0,     0.07814340241,    -0.05942574653,      0.9017231291,                 0,       46.59292568,     0.01956800349
          0,           0,         154,      -7.808886623,      -6.878839536,      -7.349244504,      -7.340725014,      -11.66424847,     0.01574254708,     0.01936030884,      0.9029968843,                 0,                 0,                 0,     0.07805918664,    -0.05941472713,      0.9012480706,                 0,       46.64165699,     0.01956800349
          0,           0,         155,      -7.813817138,      -6.885944823,      -7.353127625,      -7.346067514,      -11.67021394,     0.01574254708,      0.0193308629,      0.9025260964,                 0,                 0,                 0,     0.07797552379,    -0.05940302915,      0.9007765079,                 0,       46.68835017,     0.01956800349
          0,           0,         156,      -7.818753133,      -6.893045992,      -7.357052794,      -7.351423842,      -11.67624686,     0.01574254708,     0.01930236699,      0.9020587955,                 0,                 0,                 0,     0.07789242999,    -0.05939068866,      0.9003085015,                 0,       46.73306625,     0.01956800349
          0,           0,         157,       -7.82369504,      -6.900143217,      -7.361021085,      -7.356794416,      -11.68234653,     0.01574254708,     0.01927479148,      0.9015950434,                 0,                 0,                 0,     0.07780992091,    -0.05937774059,      0.8998441108,                 0,       46.77586496,     0.01956800349
          0,           0,         158,      -7.828643302,      -6.907236679,       -7.36503345,      -7.362179704,      -11.68851216,     0.01574254708,     0.01924810787,      0.9011348997,                 0,                 0,                 0,     0.07772801146,    -0.05936421849,      0.8993833925,                 0,       46.81680431,     0.01956800349
          0,           0,         159,      -7.833598318,      -6.914326559,      -7.369090654,      -7.367580127,      -11.69474358,     0.01574254708,     0.01922228837,       0.900678421,                 0,                 0,                 0,     0.07764671584,      -0.059350155,      0.8989264005,                 0,       46.85594158,     0.01956800349
          0,           0,         160,      -7.838560431,       -6.92141304,      -7.373193275,      -7.372996046,      -11.70104218,     0.01574254708,     0.01919730588,      0.9002256609,                 0,                 0,                 0,     0.07756604726,    -0.05933558178,      0.8984731859,                 0,       46.89333319,     0.01956800349
          0,           0,         161,      -7.843529921,      -6.928496306,      -7.377341705,      -7.378427749,      -11.70740695,     0.01574254708,     0.01917313402,      0.8997766693,                 0,                 0,                 0,     0.07748601799,    -0.05932052947,      0.8980237962,                 0,       46.92903459,     0.01956800349
          0,           0,         162,         -7.848507,      -6.935576547,       -7.38153615,      -7.383875448,      -11.71383809,     0.01574254708,     0.01914974725,      0.8993314931,                 0,                 0,                 0,     0.07740663954,    -0.05930502758,      0.8975782757,                 0,       46.96309991,     0.01956800349
          0,           0,         163,       -7.85349182,      -6.942653954,      -7.385776677,      -7.389339288,      -11.72033459,     0.01574254708,     0.01912712144,      0.8988901764,                 0,                 0,                 0,      0.0773279231,    -0.05928910401,      0.8971366664,                 0,       46.99558056,     0.01956800349
          0,           0,         164,      -7.858484474,      -6.949728694,      -7.390063296,       -7.39481934,       -11.7268942,     0.01574254708,     0.01910523134,      0.8984527589,                 0,                 0,                 0,     0.07724987801,    -0.05927278736,      0.8966990056,                 0,       47.02653126,     0.01956800349
          0,           0,         165,      -7.863485142,      -6.956800947,      -7.394395929,      -7.400315812,      -11.73351365,     0.01574254708,     0.01908405441,      0.8980192774,                 0,                 0,                 0,     0.07717251358,     -0.0592561033,      0.8962653279,                 0,       47.05600069,     0.01956800349
          0,           0,         166,      -7.868493839,      -6.963870882,       -7.39877432,      -7.405828703,      -11.74027973,     0.01574254708,     0.01906356816,      0.8975897658,                 0,                 0,                 0,     0.07709583844,     -0.0592390772,      0.8958356652,                 0,       47.08403791,     0.01956800349
          0,           0,         167,      -7.873510608,      -6.970938653,      -7.403198201,      -7.411358053,      -11.74688662,     0.01574254708,     0.01904375087,      0.8971642552,                 0,                 0,                 0,     0.07701986064,    -0.05922173338,      0.8954100466,                 0,        47.1106906,     0.01956800349
          0,           0,         168,      -7.878535519,      -6.978004405,      -7.407667358,      -7.416903969,       -11.7532648,     0.01574254708,     0.01902458171,      0.8967427747,                 0,                 0,                 0,     0.07694458794,    -0.05920409515,      0.8949884993,                 0,       47.13600479,     0.01956800349
          0,           0,         169,      -7.883568717,       -6.98506827,        -7.4121817,      -7.422466679,      -11.75965849,     0.01574254708,     0.01900604071,       0.896325352,                 0,                 0,                 0,     0.07687002797,    -0.05918618481,       0.894571049,                 0,       47.16002483,     0.01956800349
          0,           0,         170,      -7.888610483,      -6.992130376,      -7.416741339,      -7.428046638,      -11.76588024,     0.01574254708,     0.01898810884,      0.8959120142,                 0,                 0,                 0,     0.07679618857,    -0.05916802368,      0.8941577212,                 0,       47.18279328,     0.01956800349
          0,           0,         171,       -7.89366125,      -6.999190861,      -7.421346663,      -7.433644536,      -11.77184681,     0.01574254708,     0.01897076769,      0.8955027876,                 0,                 0,                 0,     0.07672307733,     -0.0591496324,      0.8937485405,                 0,       47.20435157,     0.01956800349
          0,           0,         172,       -7.89872161,      -7.006249896,      -7.425998259,      -7.439261302,      -11.77766638,     0.01574254708,     0.01895399919,      0.8950976962,                 0,                 0,                 0,      0.0766507008,    -0.05913103104,      0.8933435291,                 0,       47.22474065,     0.01956800349
          0,           0,         173,      -7.903792121,      -7.013307691,      -7.430696574,      -7.444897812,       -11.7835557,     0.01574254708,     0.01893778518,      0.8946967589,                 0,                 0,                 0,     0.07657906375,    -0.05911223936,      0.8929427043,                 0,        47.2440019,     0.01956800349
          0,           0,         174,      -7.908873024,      -7.020364468,      -7.435441447,      -7.450554474,      -11.78971775,     0.01574254708,     0.01892210756,      0.8942999883,                 0,                 0,                 0,     0.07650816884,     -0.0590932765,      0.8925460772,                 0,       47.26217656,     0.01956800349
          0,           0,         175,      -7.913964026,      -7.027420428,      -7.440231789,      -7.456230911,      -11.79628038,     0.01574254708,     0.01890694832,      0.8939073896,                 0,                 0,                 0,     0.07643801656,    -0.05907416082,      0.8921536512,                 0,       47.27930572,     0.01956800349
          0,           0,         176,      -7.919064186,      -7.034475699,      -7.445065521,      -7.461925796,      -11.80329008,     0.01574254708,     0.01889228976,      0.8935189606,                 0,                 0,                 0,     0.07636860579,    -0.05905490978,      0.8917654227,                 0,       47.29542962,     0.01956800349
          0,           0,         177,      -7.924172126,      -7.041530324,       -7.44993985,      -7.467637166,      -11.81072726,     0.01574254708,      0.0188781147,      0.8931346932,                 0,                 0,                 0,     0.07629993428,    -0.05903553979,      0.8913813821,                 0,       47.31058728,     0.01956800349
          0,           0,         178,      -7.929286346,       -7.04858427,      -7.454851701,       -7.47336288,      -11.81853577,     0.01574254708,     0.01886440665,      0.8927545746,                 0,                 0,                 0,     0.07623199914,    -0.05901606615,      0.8910015152,                 0,       47.32481605,     0.01956800349
          0,           0,         179,      -7.934405478,      -7.055637456,      -7.459798105,      -7.479101009,      -11.82664504,     0.01574254708,     0.01885114994,      0.8923785891,                 0,                 0,                 0,     0.07616479733,    -0.05899650312,      0.8906258051,                 0,       47.33815135,     0.01956800349
          0,           0,         180,      -7.939528456,      -7.062689779,      -7.464776501,      -7.484850087,      -11.83502736,     0.01574254708,      0.0188383302,      0.8920067205,                 0,                 0,                 0,     0.07609832648,     -0.0589768636,      0.8902542343,                 0,       47.35062563,     0.01956800349
          0,           0,         181,      -7.944654635,      -7.069741138,      -7.469785054,      -7.490609285,      -11.84370743,     0.01574254708,     0.01882593323,      0.8916389546,                 0,                 0,                 0,     0.07603258533,    -0.05895716048,      0.8898867874,                 0,       47.36227116,     0.01956800349
          0,           0,         182,      -7.949783933,      -7.076791426,      -7.474822947,      -7.496378626,      -11.85263972,     0.01574254708,     0.01881394713,      0.8912752812,                 0,                 0,                 0,     0.07596757459,    -0.05893740474,      0.8895234532,                 0,         47.373115,     0.01956800349
          0,           0,         183,      -7.954916835,      -7.083840545,      -7.479890646,      -7.502158998,      -11.86143284,     0.01574254708,     0.01880236081,      0.8909156964,                 0,                 0,                 0,     0.07590329715,    -0.05891760709,      0.8891642269,                 0,       47.38318263,     0.01956800349
          0,           0,         184,      -7.960054601,      -7.090888489,      -7.484990053,      -7.507952478,       -11.8694086,     0.01574254708,     0.01879116409,      0.8905602026,                 0,                 0,                 0,     0.07583975764,    -0.05889777788,        0.88880911,                 0,       47.39249778,     0.01956800349
          0,           0,         185,      -7.965199134,      -7.097935401,      -7.490124206,      -7.513762116,       -11.8762487,     0.01574254708,     0.01878034684,      0.8902088053,                 0,                 0,                 0,     0.07577696067,    -0.05887792767,      0.8884581071,                 0,       47.40108437,     0.01956800349
          0,           0,         186,      -7.970352677,      -7.104981616,      -7.495296485,       -7.51959147,      -11.88228229,     0.01574254708,     0.01876989833,      0.8898615085,                 0,                 0,                 0,     0.07571490903,    -0.05885806752,      0.8881112212,                 0,       47.40896796,     0.01956800349
          0,           0,         187,      -7.975517081,      -7.112027571,      -7.500509505,      -7.525443489,      -11.88811751,     0.01574254708,      0.0187598075,       0.889518311,                 0,                 0,                 0,     0.07565360299,    -0.05883820831,      0.8877684503,                 0,       47.41617476,     0.01956800349
          0,           0,         188,      -7.980692978,      -7.119073644,      -7.505764197,      -7.531319282,      -11.89426184,     0.01574254708,     0.01875006292,      0.8891792049,                 0,                 0,                 0,     0.07559304071,    -0.05881836077,      0.8874297852,                 0,       47.42273179,     0.01956800349
          0,           0,         189,      -7.985879589,      -7.126120042,      -7.511059604,      -7.537217747,      -11.90087333,     0.01574254708,     0.01874065208,      0.8888441759,                 0,                 0,                 0,     0.07553321885,     -0.0587985361,      0.8870952109,                 0,       47.42866855,     0.01956800349
          0,           0,         190,      -7.991075371,      -7.133166808,       -7.51639349,      -7.543136672,      -11.90820568,     0.01574254708,     0.01873156365,      0.8885132039,                 0,                 0,                 0,     0.07547413265,    -0.05877874382,      0.8867647062,                 0,        47.4340114,     0.01956800349
          0,           0,         191,      -7.996278225,      -7.140213806,      -7.521763153,       -7.54907305,      -11.91933818,     0.01574254708,      0.0187227866,      0.8881862644,                 0,                 0,                 0,     0.07541577679,    -0.05875899283,      0.8864382459,                 0,       47.43878588,     0.01956800349
          0,           0,         192,      -8.001486288,      -7.147260687,      -7.527166794,      -7.555024179,      -11.92667843,     0.01574254708,     0.01871431054,      0.8878633303,                 0,                 0,                 0,     0.07535814577,    -0.05873929107,      0.8861158019,                 0,       47.44301578,     0.01956800349
          0,           0,         193,      -8.006698336,      -7.154307101,      -7.532601303,      -7.560988243,      -11.93154595,     0.01574254708,     0.01870612555,      0.8875443731,                 0,                 0,                 0,     0.07530123421,    -0.05871964597,      0.8857973451,                 0,       47.44672384,     0.01956800349
          0,           0,         194,      -8.011913687,       -7.16135293,      -7.538063852,      -7.566964383,       -11.9366161,     0.01574254708,     0.01869822221,      0.8872293646,                 0,                 0,                 0,     0.07524503709,    -0.05870006443,      0.8854828464,                 0,       47.44993159,     0.01956800349
          0,           0,         195,      -8.017131797,       -7.16839807,      -7.543553047,       -7.57295195,      -11.94261901,     0.01574254708,     0.01869059169,       0.886918277,                 0,                 0,                 0,     0.07518954989,    -0.05868055285,      0.8851722776,                 0,       47.45265916,     0.01956800349
          0,           0,         196,      -8.022352309,      -7.175442359,      -7.549068193,      -7.578950515,      -11.94937671,     0.01574254708,     0.01868322549,       0.886611083,                 0,                 0,                 0,     0.07513476805,     -0.0586611173,      0.8848656106,                 0,       47.45492601,     0.01956800349
          0,           0,         197,      -8.027575213,      -7.182485679,      -7.554608826,       -7.58496018,      -11.95656186,     0.01574254708,     0.01867611561,      0.8863077562,                 0,                 0,                 0,     0.07508068757,    -0.05864176344,      0.8845628183,                 0,       47.45675036,     0.01956800349
          0,           0,         198,      -8.032800751,      -7.189527976,      -7.560174708,      -7.590981463,      -11.96393386,     0.01574254708,     0.01866925438,      0.8860082707,                 0,                 0,                 0,     0.07502730447,    -0.05862249668,      0.8842638745,                 0,       47.45814978,     0.01956800349
          0,           0,         199,      -8.038029283,      -7.196569241,      -7.565765862,      -7.597015087,      -11.97127067,     0.01574254708,     0.01866263435,      0.8857126008,                 0,                 0,                 0,     0.07497461483,    -0.05860332219,      0.8839687527,                 0,       47.45914131,     0.01956800349
          0,           0,         200,      -8.043261131,      -7.203609497,      -7.571382503,      -7.603061719,      -11.97829688,     0.01574254708,     0.01865624843,      0.8854207209,                 0,                 0,                 0,     0.07492261465,     -0.0585842448,       0.883677427,                 0,       47.45974113,     0.01956800349
          0,           0,         201,       -8.04849658,      -7.210648776,      -7.577024656,      -7.609121992,      -11.98529321,     0.01574254708,      0.0186500892,      0.8851326048,                 0,                 0,                 0,     0.07487129957,    -0.05856526963,      0.8833898704,                 0,        47.4599663,     0.01956800349
          0,           0,         202,      -8.053735774,      -7.217687127,       -7.58269241,      -7.615196349,      -11.99241611,     0.01574254708,     0.01864414989,      0.8848482255,                 0,                 0,                 0,     0.07482066508,    -0.05854640105,      0.8831060556,                 0,       47.45983222,     0.01956800349
          0,           0,         203,      -8.058978595,      -7.224724561,       -7.58838573,      -7.621284794,      -11.99966176,     0.01574254708,     0.01863842371,      0.8845675554,                 0,                 0,                 0,     0.07477070639,    -0.05852764342,      0.8828259544,                 0,       47.45935436,     0.01956800349
          0,           0,         204,      -8.064224787,      -7.231761053,      -7.594104422,        -7.6273871,      -12.00697613,     0.01574254708,     0.01863290396,      0.8842905654,                 0,                 0,                 0,     0.07472141834,     -0.0585090009,      0.8825495374,                 0,       47.45854791,     0.01956800349
          0,           0,         205,      -8.069474015,      -7.238796554,      -7.599848123,      -7.633502915,      -12.01431351,     0.01574254708,      0.0186275841,      0.8840172256,                 0,                 0,                 0,      0.0746727954,    -0.05849047738,      0.8822767741,                 0,        47.4574277,     0.01956800349
          0,           0,         206,      -8.074725863,      -7.245830986,      -7.605616266,      -7.639631747,      -12.02158762,     0.01574254708,     0.01862245768,      0.8837475044,                 0,                 0,                 0,     0.07462483164,    -0.05847207654,      0.8820076324,                 0,        47.4560082,     0.01956800349
          0,           0,         207,      -8.079979832,      -7.252864235,      -7.611408094,      -7.645772967,      -12.02746425,     0.01574254708,     0.01861751841,      0.8834813688,                 0,                 0,                 0,     0.07457752079,    -0.05845380176,      0.8817420791,                 0,       47.45430347,     0.01956800349
          0,           0,         208,      -8.085235343,      -7.259896221,      -7.617222926,      -7.651925808,       -12.0291194,     0.01574254708,     0.01861276024,      0.8832187847,                 0,                 0,                 0,     0.07453085631,    -0.05843565612,      0.8814800795,                 0,       47.45232698,     0.01956800349
          0,           0,         209,      -8.090491861,      -7.266926741,      -7.623059609,      -7.658089523,      -12.03324379,     0.01574254708,     0.01860817724,      0.8829597166,                 0,                 0,                 0,      0.0744848313,     -0.0584176424,      0.8812215978,                 0,        47.4500917,     0.01956800349
          0,           0,         210,      -8.095749072,      -7.273955658,      -7.628915841,      -7.664263764,      -12.03958879,     0.01574254708,     0.01860376343,      0.8827041275,                 0,                 0,                 0,     0.07443943843,    -0.05839976337,      0.8809665966,                 0,       47.44761084,     0.01956800349
          0,           0,         211,        -8.1010061,      -7.280982945,      -7.634790292,      -7.670447404,      -12.04777064,     0.01574254708,      0.0185995131,      0.8824519796,                 0,                 0,                 0,     0.07439467024,    -0.05838202138,      0.8807150378,                 0,       47.44489679,     0.01956800349
          0,           0,         212,      -8.106261943,      -7.288008344,      -7.640681945,      -7.676638898,      -12.05704351,     0.01574254708,     0.01859542077,      0.8822032337,                 0,                 0,                 0,     0.07435051899,     -0.0583644185,      0.8804668817,                 0,       47.44196136,     0.01956800349
          0,           0,         213,      -8.111515816,      -7.295031529,      -7.646589453,      -7.682837002,      -12.06643937,     0.01574254708,     0.01859148109,        0.88195785,                 0,                 0,                 0,     0.07430697684,     -0.0583469566,      0.8802220884,                 0,       47.43881597,     0.01956800349
          0,           0,         214,      -8.116767176,      -7.302052234,      -7.652511248,      -7.689040926,      -12.07545222,     0.01574254708,     0.01858768887,      0.8817157878,                 0,                 0,                 0,     0.07426403574,    -0.05832963728,      0.8799806169,                 0,       47.43547162,     0.01956800349
          0,           0,         215,      -8.122015609,      -7.309070241,      -7.658445793,      -7.695250127,      -12.08399196,     0.01574254708,      0.0185840391,      0.8814770059,                 0,                 0,                 0,     0.07422168753,    -0.05831246194,      0.8797424255,                 0,       47.43193883,     0.01956800349
          0,           0,         216,      -8.127260692,       -7.31608534,      -7.664391626,      -7.701464029,       -12.0921495,     0.01574254708,     0.01858052693,      0.8812414624,                 0,                 0,                 0,     0.07417992401,    -0.05829543177,      0.8795074722,                 0,       47.42822771,     0.01956800349
          0,           0,         217,      -8.132501976,      -7.323097317,      -7.670347357,      -7.707682003,       -12.1000457,     0.01574254708,     0.01857714772,      0.8810091152,                 0,                 0,                 0,     0.07413873698,    -0.05827854774,      0.8792757147,                 0,       47.42434784,     0.01956800349
          0,           0,         218,      -8.137739022,      -7.330105962,      -7.676311668,      -7.713903416,      -12.10777615,     0.01574254708,     0.01857389698,      0.8807799223,                 0,                 0,                 0,     0.07409811823,    -0.05826181063,      0.8790471106,                 0,       47.42030837,     0.01956800349
          0,           0,         219,      -8.142971421,      -7.337111071,       -7.68228333,      -7.720127688,      -12.11540348,     0.01574254708,     0.01857077042,      0.8805538414,                 0,                 0,                 0,     0.07405805964,    -0.05824522105,      0.8788216175,                 0,       47.41611799,     0.01956800349
          0,           0,         220,      -8.148198709,      -7.344112441,      -7.688261189,      -7.726354116,      -12.12293611,     0.01574254708,      0.0185677639,      0.8803308308,                 0,                 0,                 0,     0.07401855323,    -0.05822877947,      0.8785991935,                 0,       47.41178505,     0.01956800349
          0,           0,         221,      -8.153420735,      -7.351109886,      -7.694244385,      -7.732582563,      -12.13026033,     0.01574254708,     0.01856487368,        0.88011085,                 0,                 0,                 0,     0.07397959169,     -0.0582124861,      0.8783797979,                 0,       47.40731692,     0.01956800349
          0,           0,         222,      -8.158637256,      -7.358103188,      -7.700232456,      -7.738812707,      -12.13737885,     0.01574254708,     0.01856209634,      0.8798938604,                 0,                 0,                 0,     0.07394116823,    -0.05819634098,      0.8781633919,                 0,       47.40272027,     0.01956800349
          0,           0,         223,      -8.163848345,      -7.365092307,        -7.7062252,      -7.745044782,      -12.14440629,     0.01574254708,     0.01855942795,      0.8796798218,                 0,                 0,                 0,     0.07390327488,    -0.05818034452,      0.8779499352,                 0,         47.398003,     0.01956800349
          0,           0,         224,      -8.169054237,      -7.372077236,      -7.712222476,      -7.751279271,      -12.15147687,     0.01574254708,     0.01855686476,      0.8794686936,                 0,                 0,                 0,     0.07386590371,    -0.05816449693,      0.8777393871,                 0,       47.39317256,     0.01956800349
          0,           0,         225,      -8.174254648,      -7.379057898,       -7.71822355,      -7.757515741,      -12.15868283,     0.01574254708,     0.01855440316,      0.8792604355,                 0,                 0,                 0,      0.0738290469,    -0.05814879827,      0.8775317069,                 0,       47.38823599,     0.01956800349
          0,           0,         226,      -8.179448962,      -7.386034157,      -7.724227305,      -7.763753163,      -12.16602327,     0.01574254708,     0.01855203973,      0.8790550069,                 0,                 0,                 0,     0.07379269671,    -0.05813324843,       0.877326854,                 0,        47.3831999,     0.01956800349
          0,           0,         227,      -8.184636567,      -7.393005842,       -7.73023271,      -7.769990489,      -12.17344738,     0.01574254708,     0.01854977128,      0.8788523683,                 0,                 0,                 0,     0.07375684584,    -0.05811784713,      0.8771247888,                 0,       47.37807034,     0.01956800349
          0,           0,         228,      -8.189817075,      -7.399972778,      -7.736239161,      -7.776227057,      -12.18090305,     0.01574254708,     0.01854759473,       0.878652481,                 0,                 0,                 0,     0.07372148714,    -0.05810259407,      0.8769254724,                 0,       47.37285312,     0.01956800349
          0,           0,         229,       -8.19499033,       -7.40693481,      -7.742246409,       -7.78246261,       -12.1883554,     0.01574254708,     0.01854550717,      0.8784553073,                 0,                 0,                 0,     0.07368661382,    -0.05808748886,      0.8767288671,                 0,       47.36755372,     0.01956800349
          0,           0,         230,      -8.200156336,      -7.413891812,      -7.748254446,      -7.788697176,      -12.19579024,     0.01574254708,     0.01854350582,      0.8782608106,                 0,                 0,                 0,     0.07365221933,    -0.05807253109,      0.8765349361,                 0,       47.36217732,     0.01956800349
          0,           0,         231,      -8.205315195,       -7.42084369,      -7.754263411,      -7.794930953,      -12.20320597,     0.01574254708,     0.01854158802,      0.8780689555,                 0,                 0,                 0,     0.07361829739,    -0.05805772032,      0.8763436439,                 0,       47.35672881,     0.01956800349
          0,           0,         232,      -8.210467065,      -7.427790387,      -7.760273579,      -7.801164233,      -12.21060447,     0.01574254708,     0.01853975121,      0.8778797073,                 0,                 0,                 0,     0.07358484189,    -0.05804305608,      0.8761549558,                 0,       47.35121295,     0.01956800349
          0,           0,         233,      -8.215612122,      -7.434731867,      -7.766285311,       -7.80739733,      -12.21798944,     0.01574254708,     0.01853799293,      0.8776930324,                 0,                 0,                 0,     0.07355184684,    -0.05802853787,       0.875968838,                 0,       47.34563421,     0.01956800349
          0,           0,         234,      -8.220750517,      -7.441668114,      -7.772299001,      -7.813630514,      -12.22536443,     0.01574254708,     0.01853631068,      0.8775088976,                 0,                 0,                 0,     0.07351930635,    -0.05801416532,      0.8757852572,                 0,       47.33999731,     0.01956800349
          0,           0,         235,      -8.225882353,      -7.448599089,       -7.77831502,       -7.81986397,      -12.23273173,     0.01574254708,     0.01853470211,      0.8773272701,                 0,                 0,                 0,     0.07348721456,    -0.05799993788,      0.8756041806,                 0,       47.33430647,     0.01956800349
          0,           0,         236,      -8.231007667,      -7.455524756,      -7.784333632,      -7.826097753,      -12.24009231,     0.01574254708,     0.01853316488,      0.8771481176,                 0,                 0,                 0,     0.07345556564,    -0.05798585509,      0.8754255759,                 0,       47.32856601,     0.01956800349
          0,           0,         237,      -8.236126452,      -7.462445075,      -7.790354959,       -7.83233185,      -12.24744644,     0.01574254708,     0.01853169669,       0.876971408,                 0,                 0,                 0,     0.07342435374,    -0.05797191644,      0.8752494108,                 0,       47.32278014,     0.01956800349
          0,           0,         238,      -8.241238612,       -7.46935999,      -7.796378989,      -7.838566081,       -12.2547943,     0.01574254708,     0.01853029527,      0.8767971093,                 0,                 0,                 0,     0.07339357299,     -0.0579581214,      0.8750756533,                 0,       47.31695295,     0.01956800349
          0,           0,         239,      -8.246343988,      -7.476269487,      -7.802405584,      -7.844800139,      -12.26213604,     0.01574254708,     0.01852895842,      0.8766251897,                 0,                 0,                 0,     0.07336321758,    -0.05794446938,      0.8749042714,                 0,       47.31108839,     0.01956800349
          0,           0,         240,      -8.251442372,      -7.483173445,      -7.808434578,      -7.851033619,       -12.2694717,     0.01574254708,       0.018527684,      0.8764556176,                 0,                 0,                 0,     0.07333328167,    -0.05793095977,      0.8747352334,                 0,       47.30519031,     0.01956800349
          0,           0,         241,      -8.256533588,      -7.490071728,      -7.814465719,      -7.857266171,      -12.27680117,     0.01574254708,     0.01852646987,      0.8762883614,                 0,                 0,                 0,     0.07330375939,    -0.05791759194,      0.8745685078,                 0,        47.2992625,     0.01956800349
          0,           0,         242,      -8.261617489,      -7.496964235,      -7.820498638,      -7.863497493,      -12.28412957,     0.01574254708,     0.01852531397,      0.8761233896,                 0,                 0,                 0,      0.0732746449,     -0.0579043652,      0.8744040631,                 0,       47.29330856,     0.01956800349
          0,           0,         243,      -8.266693918,      -7.503850856,      -7.826532915,      -7.869727264,      -12.29145086,     0.01574254708,     0.01852421429,      0.8759606708,                 0,                 0,                 0,     0.07324593232,    -0.05789127883,      0.8742418677,                 0,       47.28733199,     0.01956800349
          0,           0,         244,      -8.271762688,      -7.510731484,      -7.832568075,      -7.875955098,      -12.29876634,     0.01574254708,     0.01852316886,      0.8758001739,                 0,                 0,                 0,     0.07321761583,    -0.05787833204,      0.8740818904,                 0,       47.28133617,     0.01956800349
          0,           0,         245,      -8.276823608,      -7.517606003,      -7.838603583,      -7.882180596,      -12.30607475,     0.01574254708,     0.01852217581,      0.8756418677,                 0,                 0,                 0,     0.07318968961,    -0.05786552402,         0.8739241,                 0,       47.27532428,     0.01956800349
          0,           0,         246,      -8.281876501,      -7.524474298,      -7.844638889,      -7.888403385,      -12.31337645,     0.01574254708,     0.01852123329,      0.8754857213,                 0,                 0,                 0,     0.07316214793,     -0.0578528539,      0.8737684656,                 0,       47.26929938,     0.01956800349
          0,           0,         247,      -8.286921227,      -7.531336253,      -7.850673493,      -7.894623163,      -12.32067132,     0.01574254708,     0.01852033971,      0.8753317043,                 0,                 0,                 0,     0.07313498503,    -0.05784032062,      0.8736149569,                 0,       47.26326397,     0.01956800349
          0,           0,         248,      -8.291957571,      -7.538191772,      -7.856706932,      -7.900839674,      -12.32795881,     0.01574254708,     0.01851949329,      0.8751797864,                 0,                 0,                 0,     0.07310819538,    -0.05782792329,      0.8734635433,                 0,       47.25722095,     0.01956800349
          0,           0,         249,       -8.29698553,      -7.545040777,      -7.862738802,      -7.907052779,      -12.33523843,     0.01574254708,     0.01851869235,      0.8750299377,                 0,                 0,                 0,     0.07308177355,    -0.05781566102,       0.873314195,                 0,        47.2511731,     0.01956800349
          0,           0,         250,      -8.302005186,      -7.551883196,      -7.868768781,      -7.913262396,      -12.34250996,     0.01574254708,     0.01851793529,       0.874882129,                 0,                 0,                 0,     0.07305571415,    -0.05780353281,      0.8731668828,                 0,       47.24512291,     0.01956800349
          0,           0,         251,      -8.307016566,      -7.558718976,      -7.874796663,      -7.919468524,      -12.34977345,     0.01574254708,     0.01851722061,      0.8747363315,                 0,                 0,                 0,      0.0730300119,    -0.05779153768,      0.8730215778,                 0,       47.23907274,     0.01956800349
          0,           0,         252,      -8.312019705,      -7.565548081,      -7.880822357,       -7.92567125,      -12.35702911,     0.01574254708,     0.01851654686,      0.8745925168,                 0,                 0,                 0,     0.07300466165,     -0.0577796746,      0.8728782516,                 0,       47.23302479,     0.01956800349
          0,           0,         253,      -8.317014634,      -7.572370495,      -7.886845837,      -7.931870638,       -12.3642771,     0.01574254708,     0.01851591263,      0.8744506571,                 0,                 0,                 0,     0.07297965833,    -0.05776794253,      0.8727368765,                 0,       47.22698118,     0.01956800349
          0,           0,         254,      -8.322001436,      -7.579186211,      -7.892867095,      -7.938066831,      -12.37151615,     0.01574254708,     0.01851531659,      0.8743107252,                 0,                 0,                 0,     0.07295499703,    -0.05775634043,      0.8725974251,                 0,       47.22094386,     0.01956800349
          0,           0,         255,      -8.326980198,      -7.585995222,      -7.898886183,      -7.944259982,      -12.37874819,     0.01574254708,     0.01851475747,      0.8741726943,                 0,                 0,                 0,       0.072930673,    -0.05774486724,      0.8724598707,                 0,       47.21491469,     0.01956800349
          0,           0,         256,      -8.331951042,      -7.592797576,      -7.904903248,       -7.95045029,      -12.38597211,     0.01574254708,     0.01851423402,      0.8740365383,                 0,                 0,                 0,     0.07290668153,    -0.05773352192,      0.8723241872,                 0,       47.20889546,     0.01956800349
          0,           0,         257,      -8.336914114,      -7.599593308,      -7.910918537,      -7.956638032,      -12.39318739,     0.01574254708,     0.01851374503,      0.8739022316,                 0,                 0,                 0,     0.07288301804,    -0.05772230344,       0.872190349,                 0,       47.20288792,     0.01956800349
          0,           0,         258,      -8.341869553,      -7.606382467,      -7.916932331,      -7.962823444,      -12.40039481,     0.01574254708,     0.01851328932,      0.8737697489,                 0,                 0,                 0,     0.07285967797,    -0.05771121079,      0.8720583307,                 0,       47.19689374,     0.01956800349
          0,           0,         259,      -8.346817432,      -7.613165106,       -7.92294483,      -7.969006632,      -12.40759656,     0.01574254708,     0.01851286574,      0.8736390653,                 0,                 0,                 0,     0.07283665689,    -0.05770024294,      0.8719281075,                 0,       47.19091456,     0.01956800349
          0,           0,         260,      -8.351757771,       -7.61994127,      -7.928956173,      -7.975187587,      -12.41479331,     0.01574254708,     0.01851247315,      0.8735101562,                 0,                 0,                 0,     0.07281395029,    -0.05768939885,      0.8717996547,                 0,       47.18495195,     0.01956800349
          0,           0,         261,      -8.356690587,      -7.626711005,      -7.934966434,      -7.981366291,      -12.42198413,     0.01574254708,     0.01851211047,      0.8733829972,                 0,                 0,                 0,     0.07279155381,    -0.05767867753,       0.871672948,                 0,       47.17900743,     0.01956800349
          0,           0,         262,      -8.361615868,      -7.633474343,      -7.940975633,      -7.987542669,      -12.42916778,     0.01574254708,     0.01851177661,      0.8732575645,                 0,                 0,                 0,      0.0727694631,    -0.05766807793,      0.8715479634,                 0,       47.17308245,      0.0296174277
          0,           0,         263,      -8.366533591,      -7.640231313,      -7.946983766,       -7.99371662,      -12.43634347,     0.01574254708,     0.01851147055,      0.8731338341,                 0,                 0,                 0,     0.07274767384,    -0.05765759902,      0.8714246772,                 0,       47.16717842,      0.0296174277
          0,           0,         264,      -8.371443736,      -7.646981936,      -7.952990803,      -7.999888045,      -12.44351093,     0.01574254708,     0.01851119125,      0.8730117827,                 0,                 0,                 0,     0.07272618179,    -0.05764723976,      0.8713030659,                 0,       47.16129668,      0.0296174277
          0,           0,         265,      -8.376346273,      -7.653726228,      -7.958996681,      -8.006056824,      -12.45067039,     0.01574254708,     0.01851093775,      0.8728913869,                 0,                 0,                 0,     0.07270498272,    -0.05763699912,      0.8711831062,                 0,       47.15543851,      0.0296174277
          0,           0,         266,      -8.381241183,      -7.660464205,      -7.965001307,      -8.012222856,      -12.45782252,     0.01574254708,     0.01851070908,       0.872772624,                 0,                 0,                 0,     0.07268407248,    -0.05762687605,      0.8710647752,                 0,       47.14960514,      0.0296174277
          0,           0,         267,      -8.386128448,      -7.667195877,      -7.971004578,      -8.018386039,      -12.46496785,     0.01574254708,     0.01851050432,      0.8726554711,                 0,                 0,                 0,     0.07266344696,    -0.05761686949,      0.8709480503,                 0,       47.14379772,      0.0296174277
          0,           0,         268,      -8.391008066,      -7.673921261,      -7.977006384,      -8.024546314,      -12.47210622,     0.01574254708,     0.01851032256,       0.872539906,                 0,                 0,                 0,     0.07264310211,    -0.05760697839,      0.8708329091,                 0,       47.13801734,      0.0296174277
          0,           0,         269,      -8.395880042,      -7.680640371,      -7.983006625,       -8.03070363,      -12.47923692,     0.01574254708,     0.01851016296,      0.8724259066,                 0,                 0,                 0,     0.07262303394,    -0.05759720168,      0.8707193296,                 0,       47.13226504,      0.0296174277
          0,           0,         270,      -8.400744393,      -7.687353229,      -7.989005212,      -8.036857961,      -12.48635865,     0.01574254708,     0.01851002467,      0.8723134511,                 0,                 0,                 0,     0.07260323851,     -0.0575875383,        0.87060729,                 0,       47.12654179,      0.0296174277
          0,           0,         271,      -8.405601146,      -7.694059856,      -7.995002076,      -8.043009308,       -12.4934699,     0.01574254708,     0.01850990688,       0.872202518,                 0,                 0,                 0,     0.07258371196,    -0.05757798719,      0.8704967688,                 0,       47.12084851,      0.0296174277
          0,           0,         272,      -8.410450333,      -7.700760285,       -8.00099716,       -8.04915768,      -12.50056883,     0.01574254708,     0.01850980882,      0.8720930863,                 0,                 0,                 0,     0.07256445047,    -0.05756854728,       0.870387745,                 0,       47.11518605,      0.0296174277
          0,           0,         273,      -8.415291995,      -7.707454554,      -8.006990441,      -8.055303109,      -12.50765329,     0.01574254708,     0.01850972973,      0.8719851352,                 0,                 0,                 0,     0.07254545031,     -0.0575592175,      0.8702801977,                 0,       47.10955523,      0.0296174277
          0,           0,         274,      -8.420126189,      -7.714142696,      -8.012981914,      -8.061445662,      -12.51473346,     0.01574254708,     0.01850966889,       0.871878644,                 0,                 0,                 0,      0.0725267078,    -0.05754999679,      0.8701741065,                 0,        47.1039568,      0.0296174277
          0,           0,         275,      -8.424952966,      -7.720824752,      -8.018971603,      -8.067585396,       -12.5217896,     0.01574254708,     0.01850962559,      0.8717735927,                 0,                 0,                 0,     0.07250821927,     -0.0575408841,      0.8700694511,                 0,       47.09839151,     0.04312313136
          0,           0,         276,      -8.429772376,      -7.727500777,      -8.024959516,      -8.073722362,      -12.52877556,     0.01574254708,     0.01850959913,      0.8716699612,                 0,                 0,                 0,     0.07248998114,    -0.05753187838,      0.8699662117,                 0,       47.09286004,     0.04312313136
          0,           0,         277,      -8.434584448,      -7.734170821,       -8.03094562,      -8.079856567,      -12.53564608,     0.01574254708,     0.01850958884,      0.8715677297,                 0,                 0,                 0,     0.07247198982,    -0.05752297858,      0.8698643683,                 0,       47.08736307,     0.04312313136
          0,           0,         278,      -8.439389193,      -7.740834935,      -8.036929869,      -8.085987972,      -12.54261116,     0.01574254708,     0.01850959409,       0.871466879,                 0,                 0,                 0,      0.0724542419,    -0.05751418362,      0.8697639019,                 0,       47.08190113,     0.04312313136
          0,           0,         279,       -8.44418664,      -7.747493158,      -8.042912303,      -8.092116584,      -12.54955394,     0.01574254708,     0.01850961433,      0.8713673902,                 0,                 0,                 0,     0.07243673406,    -0.05750549244,      0.8696647934,                 0,       47.07647467,     0.04312313136
          0,           0,         280,      -8.448976892,      -7.754145539,      -8.048893109,      -8.098242578,      -12.55643265,     0.01574254708,     0.01850964899,       0.871269245,                 0,                 0,                 0,     0.07241946311,    -0.05749690399,      0.8695670247,                 0,       47.07108413,     0.04312313136
          0,           0,         281,      -8.453760123,      -7.760792149,      -8.054872664,      -8.104366306,      -12.56321909,     0.01574254708,     0.01850969755,      0.8711724254,                 0,                 0,                 0,     0.07240242594,    -0.05748841723,      0.8694705777,                 0,        47.0657299,     0.04312313136
          0,           0,         282,      -8.458536552,      -7.767433086,      -8.060851445,      -8.110488221,      -12.56989045,     0.01574254708,     0.01850975949,       0.871076914,                 0,                 0,                 0,     0.07238561952,    -0.05748003116,      0.8693754352,                 0,       47.06041234,     0.04312313136
          0,           0,         283,      -8.463306389,      -7.774068462,      -8.066829949,      -8.116608773,      -12.57642629,     0.01574254708,     0.01850983434,      0.8709826937,                 0,                 0,                 0,     0.07236904089,    -0.05747174476,        0.86928158,                 0,       47.05513177,     0.04312313136
          0,           0,         284,      -8.468069828,      -7.780698401,      -8.072808667,      -8.122728371,      -12.58280498,     0.01574254708,     0.01850992161,      0.8708897478,                 0,                 0,                 0,     0.07235268716,    -0.05746355706,      0.8691889954,                 0,        47.0498885,     0.04312313136
          0,           0,         285,      -8.472827033,      -7.787323026,      -8.078788058,      -8.128847363,      -12.58900182,     0.01574254708,     0.01851002084,      0.8707980598,                 0,                 0,                 0,     0.07233655545,    -0.05745546706,      0.8690976649,                 0,       47.04468284,     0.04312313136
          0,           0,         286,      -8.477578137,       -7.79394246,      -8.084768562,      -8.134966023,      -12.59498967,     0.01574254708,     0.01851013157,      0.8707076135,                 0,                 0,                 0,     0.07232064293,    -0.05744747384,      0.8690075724,                 0,        47.0395151,     0.04312313136
          0,           0,         287,      -8.482323249,      -7.800556816,      -8.090750559,      -8.141084577,      -12.60074179,     0.01574254708,     0.01851025335,      0.8706183929,                 0,                 0,                 0,     0.07230494678,    -0.05743957643,      0.8689187019,                 0,       47.03438556,     0.04312313136
          0,           0,         288,      -8.487062442,      -7.807166195,      -8.096734361,      -8.147203161,      -12.60624828,     0.01574254708,     0.01851038572,       0.870530382,                 0,                 0,                 0,     0.07228946421,    -0.05743177391,      0.8688310375,                 0,       47.02929453,     0.04312313136
          0,           0,         289,      -8.491795753,      -7.813770692,       -8.10272014,      -8.153321835,      -12.61150091,     0.01574254708,     0.01851052822,      0.8704435652,                 0,                 0,                 0,     0.07227419236,    -0.05742406537,      0.8687445635,                 0,       47.02424235,     0.04312313136
          0,           0,         290,      -8.496523163,      -7.820370418,      -8.108707911,      -8.159440518,      -12.61651183,     0.01574254708,     0.01851068033,      0.8703579263,                 0,                 0,                 0,     0.07225912825,    -0.05741644992,      0.8686592637,                 0,       47.01922949,     0.04312313136
          0,           0,         291,      -8.501244563,      -7.826965489,      -8.114697446,      -8.165558915,      -12.62130284,     0.01574254708,     0.01851084161,      0.8702734497,                 0,                 0,                 0,     0.07224426907,    -0.05740892663,      0.8685751226,                 0,       47.01425618,     0.04312313136
          0,           0,         292,      -8.505959812,      -7.833555842,      -8.120688362,      -8.171676628,      -12.62588659,     0.01574254708,     0.01851101166,      0.8701901196,                 0,                 0,                 0,     0.07222961204,    -0.05740149453,      0.8684921245,                 0,       47.00932264,     0.04312313136
          0,           0,         293,      -8.510668891,      -7.840141478,      -8.126680443,      -8.177793559,      -12.63029097,     0.01574254708,     0.01851119007,      0.8701079209,                 0,                 0,                 0,      0.0722151544,    -0.05739415271,       0.868410254,                 0,       47.00442909,     0.04312313136
          0,           0,         294,      -8.515371815,      -7.846722434,      -8.132673614,      -8.183909692,      -12.63456921,     0.01574254708,     0.01851137644,      0.8700268382,                 0,                 0,                 0,     0.07220089344,    -0.05738690023,      0.8683294962,                 0,        46.9995757,     0.04312313136
          0,           0,         295,      -8.520068626,      -7.853298758,       -8.13866782,      -8.190025086,      -12.63879526,     0.01574254708,     0.01851157038,      0.8699468566,                 0,                 0,                 0,     0.07218682648,    -0.05737973618,      0.8682498359,                 0,       46.99476268,     0.04312313136
          0,           0,         296,      -8.524759368,      -7.859870517,      -8.144662939,      -8.196139816,      -12.64305155,     0.01574254708,      0.0185117715,      0.8698679613,                 0,                 0,                 0,     0.07217295081,    -0.05737265964,      0.8681712583,                 0,       46.98999019,     0.04312313136
          0,           0,         297,      -8.529444057,      -7.866437786,      -8.150658773,      -8.202253876,      -12.64741663,     0.01574254708,     0.01851197943,      0.8697901374,                 0,                 0,                 0,     0.07215926377,    -0.05736566971,      0.8680937487,                 0,       46.98525843,     0.04312313136
          0,           0,         298,      -8.534122661,      -7.873000638,      -8.156655045,      -8.208367138,      -12.65195686,     0.01574254708,     0.01851219377,      0.8697133703,                 0,                 0,                 0,     0.07214576267,    -0.05735876548,      0.8680172923,                 0,       46.98056756,     0.04312313136
          0,           0,         299,      -8.538795124,      -7.879559134,      -8.162651432,      -8.214479398,      -12.65672277,     0.01574254708,     0.01851241417,      0.8696376452,                 0,                 0,                 0,     0.07213244485,    -0.05735194604,      0.8679418746,                 0,       46.97591773,     0.04312313136
          0,           0,         300,      -8.543461362,      -7.886113326,      -8.168647568,       -8.22059039,      -12.66174814,     0.01574254708,     0.01851264026,      0.8695629478,                 0,                 0,                 0,     0.07211930767,     -0.0573452105,      0.8678674812,                 0,       46.97130909,     0.04312313136
          0,           0,         301,      -8.548121294,      -7.892663258,      -8.174643078,      -8.226699839,      -12.66705094,     0.01574254708,      0.0185128717,      0.8694892636,                 0,                 0,                 0,     0.07210634853,    -0.05733855794,      0.8677940975,                 0,       46.96674171,     0.04312313136
          0,           0,         302,      -8.552774828,      -7.899208969,      -8.180637592,      -8.232807454,      -12.67263539,     0.01574254708,     0.01851310816,      0.8694165784,                 0,                 0,                 0,     0.07209356485,    -0.05733198745,      0.8677217095,                 0,       46.96221568,     0.04312313136
          0,           0,         303,      -8.557421901,      -7.905750493,      -8.186630787,      -8.238913003,      -12.67849456,     0.01574254708,     0.01851334933,      0.8693448781,                 0,                 0,                 0,     0.07208095412,    -0.05732549811,      0.8676503031,                 0,       46.95773102,     0.04312313136
          0,           0,         304,      -8.562062468,      -7.912287873,      -8.192622412,      -8.245016314,      -12.68461316,     0.01574254708,     0.01851359492,      0.8692741491,                 0,                 0,                 0,     0.07206851388,    -0.05731908901,      0.8675798646,                 0,       46.95328772,     0.04312313136
          0,           0,         305,      -8.566696523,      -7.918821154,      -8.198612306,      -8.251117299,      -12.69097034,     0.01574254708,     0.01851384466,      0.8692043777,                 0,                 0,                 0,     0.07205624172,    -0.05731275925,      0.8675103805,                 0,       46.94888574,     0.04312313136
          0,           0,         306,      -8.571324077,      -7.925350394,      -8.204600403,      -8.257215936,      -12.69754191,     0.01574254708,      0.0185140983,      0.8691355507,                 0,                 0,                 0,      0.0720441353,     -0.0573065079,      0.8674418375,                 0,       46.94452501,     0.04312313136
          0,           0,         307,      -8.575945177,      -7.931875655,      -8.210586731,      -8.263312288,      -12.70430215,     0.01574254708,     0.01851435559,      0.8690676549,                 0,                 0,                 0,      0.0720321923,    -0.05730033408,      0.8673742226,                 0,       46.94020543,     0.04312313136
          0,           0,         308,       -8.58055988,      -7.938397011,      -8.216571372,      -8.269406447,      -12.71122534,     0.01574254708,     0.01851461631,      0.8690006777,                 0,                 0,                 0,      0.0720204105,     -0.0572942369,      0.8673075229,                 0,       46.93592689,     0.04312313136
          0,           0,         309,      -8.585168255,      -7.944914534,      -8.222554465,      -8.275498543,      -12.71828655,     0.01574254708,     0.01851488024,      0.8689346063,                 0,                 0,                 0,     0.07200878768,    -0.05728821548,      0.8672417259,                 0,       46.93168927,     0.04312313136
          0,           0,         310,      -8.589770363,        -7.9514283,       -8.22853617,      -8.281588688,      -12.72546255,     0.01574254708,     0.01851514717,      0.8688694284,                 0,                 0,                 0,     0.07199732167,    -0.05728226894,      0.8671768193,                 0,       46.92749243,     0.04312313136
          0,           0,         311,      -8.594366268,      -7.957938377,      -8.234516645,      -8.287676993,       -12.7327324,     0.01574254708,     0.01851541688,      0.8688051319,                 0,                 0,                 0,     0.07198601033,    -0.05727639644,       0.867112791,                 0,       46.92333623,     0.04312313136
          0,           0,         312,      -8.598956016,      -7.964444828,      -8.240496049,      -8.293763533,      -12.74007703,     0.01574254708,     0.01851568919,      0.8687417046,                 0,                 0,                 0,     0.07197485156,    -0.05727059712,      0.8670496288,                 0,       46.91922054,     0.04312313136
          0,           0,         313,      -8.603539644,      -7.970947705,      -8.246474507,       -8.29984834,      -12.74747974,     0.01574254708,     0.01851596389,      0.8686791348,                 0,                 0,                 0,     0.07196384326,    -0.05726487015,      0.8669873211,                 0,       46.91514521,     0.04312313136
          0,           0,         314,      -8.608117174,      -7.977447043,      -8.252452104,      -8.305931416,      -12.75492594,     0.01574254708,     0.01851624079,      0.8686174108,                 0,                 0,                 0,     0.07195298335,    -0.05725921469,       0.866925856,                 0,       46.91111011,     0.04312313136
          0,           0,         315,      -8.612688619,      -7.983942864,      -8.258428877,       -8.31201272,      -12.76240353,     0.01574254708,      0.0185165197,      0.8685565208,                 0,                 0,                 0,     0.07194226979,    -0.05725362994,      0.8668652221,                 0,        46.9071151,     0.04312313136
          0,           0,         316,      -8.617253969,      -7.990435172,      -8.264404807,      -8.318092152,      -12.76990177,     0.01574254708,     0.01851680043,      0.8684964535,                 0,                 0,                 0,     0.07193170052,    -0.05724811507,      0.8668054078,                 0,       46.90316002,     0.04312313136
          0,           0,         317,      -8.621813218,      -7.996923958,       -8.27037983,      -8.324169616,      -12.77741176,     0.01574254708,     0.01851708279,      0.8684371975,                 0,                 0,                 0,     0.07192127353,    -0.05724266928,      0.8667464018,                 0,       46.89924474,     0.04312313136
          0,           0,         318,      -8.626366356,      -8.003409201,      -8.276353847,      -8.330244996,      -12.78492619,     0.01574254708,     0.01851736661,      0.8683787415,                 0,                 0,                 0,     0.07191098682,    -0.05723729176,       0.866688193,                 0,       46.89536907,     0.04312313136
          0,           0,         319,      -8.630913375,       -8.00989087,      -8.282326731,       -8.33631818,      -12.79243905,     0.01574254708,     0.01851765172,      0.8683210744,                 0,                 0,                 0,      0.0719008384,    -0.05723198172,      0.8666307702,                 0,       46.89153287,     0.04312313136
          0,           0,         320,      -8.635454266,       -8.01636893,      -8.288298348,      -8.342389051,      -12.79994517,     0.01574254708,     0.01851793796,      0.8682641853,                 0,                 0,                 0,     0.07189082632,    -0.05722673835,      0.8665741225,                 0,       46.88773595,     0.04312313136
          0,           0,         321,      -8.639989043,      -8.022843349,      -8.294268564,      -8.348457558,      -12.80744086,     0.01574254708,     0.01851822516,      0.8682080633,                 0,                 0,                 0,     0.07188094867,    -0.05722156089,      0.8665182392,                 0,       46.88397811,     0.04312313136
          0,           0,         322,      -8.644517726,       -8.02931409,      -8.300237272,      -8.354523666,      -12.81492293,     0.01574254708,     0.01851851319,      0.8681526978,                 0,                 0,                 0,     0.07187120355,    -0.05721644854,      0.8664631095,                 0,       46.88025916,     0.04312313136
          0,           0,         323,      -8.649040351,      -8.035781131,      -8.306204389,      -8.360587379,      -12.82238867,     0.01574254708,     0.01851880191,      0.8680980783,                 0,                 0,                 0,      0.0718615891,    -0.05721140052,       0.866408723,                 0,       46.87657888,     0.04312313136
          0,           0,         324,       -8.65355697,      -8.042244456,       -8.31216988,      -8.366648758,      -12.82983641,     0.01574254708,     0.01851909117,      0.8680441945,                 0,                 0,                 0,     0.07185210351,    -0.05720641607,      0.8663550694,                 0,       46.87293704,     0.04312313136
          0,           0,         325,      -8.658067641,      -8.048704063,      -8.318133756,      -8.372707884,      -12.83726455,     0.01574254708,     0.01851938087,      0.8679910362,                 0,                 0,                 0,       0.071842745,    -0.05720149443,      0.8663021387,                 0,        46.8693334,     0.04312313136
          0,           0,         326,      -8.662572443,      -8.055159957,      -8.324096079,      -8.378764896,      -12.84467199,     0.01574254708,     0.01851967088,      0.8679385935,                 0,                 0,                 0,     0.07183351182,    -0.05719663484,      0.8662499208,                 0,       46.86576772,     0.04312313136
          0,           0,         327,      -8.667071453,      -8.061612165,      -8.330056951,      -8.384819941,      -12.85205786,     0.01574254708,      0.0185199611,      0.8678868567,                 0,                 0,                 0,     0.07182440227,    -0.05719183656,      0.8661984061,                 0,       46.86223973,     0.04312313136
          0,           0,         328,      -8.671564767,       -8.06806072,       -8.33601652,      -8.390873221,      -12.85942194,     0.01574254708,     0.01852025142,      0.8678358161,                 0,                 0,                 0,     0.07181541467,    -0.05718709886,      0.8661475851,                 0,       46.85874918,     0.04312313136
          0,           0,         329,      -8.676052469,      -8.074505666,      -8.341974967,      -8.396924908,      -12.86676416,     0.01574254708,     0.01852054175,      0.8677854623,                 0,                 0,                 0,      0.0718065474,    -0.05718242102,      0.8660974482,                 0,        46.8552958,     0.04312313136
          0,           0,         330,      -8.680534655,      -8.080947059,      -8.347932513,      -8.402975211,       -12.8740843,     0.01574254708,     0.01852083201,      0.8677357863,                 0,                 0,                 0,     0.07179779887,    -0.05717780231,      0.8660479865,                 0,       46.85187932,     0.04312313136
          0,           0,         331,       -8.68501141,       -8.08738497,      -8.353889409,      -8.409024314,      -12.88138295,     0.01574254708,      0.0185211221,      0.8676867788,                 0,                 0,                 0,     0.07178916751,    -0.05717324204,      0.8659991908,                 0,       46.84849947,     0.04312313136
          0,           0,         332,       -8.68948285,      -8.093819488,      -8.359845924,      -8.415072498,      -12.88866081,     0.01574254708,     0.01852141194,      0.8676384312,                 0,                 0,                 0,     0.07178065178,    -0.05716873952,      0.8659510524,                 0,       46.84515596,     0.04312313136
          0,           0,         333,      -8.693949062,        -8.1002507,      -8.365802341,      -8.421119968,      -12.89591791,     0.01574254708,     0.01852170146,      0.8675907345,                 0,                 0,                 0,     0.07177225018,    -0.05716429407,      0.8659035625,                 0,       46.84184854,     0.04312313136
          0,           0,         334,      -8.698410124,      -8.106678701,      -8.371758927,        -8.4271669,      -12.90315466,     0.01574254708,     0.01852199058,      0.8675436804,                 0,                 0,                 0,     0.07176396123,    -0.05715990502,      0.8658567126,                 0,       46.83857692,     0.04312313136
          0,           0,         335,      -8.702866114,      -8.113103591,       -8.37771594,      -8.433213467,      -12.91037134,     0.01574254708,     0.01852227922,      0.8674972603,                 0,                 0,                 0,     0.07175578347,     -0.0571555717,      0.8658104943,                 0,       46.83534084,     0.04312313136
          0,           0,         336,      -8.707317087,      -8.119525464,      -8.383673618,      -8.439259784,      -12.91756275,     0.01574254708,     0.01852256731,       0.867451466,                 0,                 0,                 0,     0.07174771546,    -0.05715129347,      0.8657648994,                 0,       46.83214004,     0.04312313136
          0,           0,         337,      -8.711763104,      -8.125944417,      -8.389632182,      -8.445305971,      -12.92473541,     0.01574254708,      0.0185228548,      0.8674062893,                 0,                 0,                 0,     0.07173975585,    -0.05714706967,      0.8657199197,                 0,       46.82897419,     0.04312313136
          0,           0,         338,      -8.716204247,       -8.13236056,      -8.395591954,      -8.451352237,      -12.93188637,     0.01574254708,     0.01852314163,      0.8673617224,                 0,                 0,                 0,     0.07173190325,    -0.05714289966,      0.8656755474,                 0,       46.82584303,     0.04312313136
          0,           0,         339,      -8.720640618,      -8.138774011,      -8.401553314,       -8.45739887,      -12.93901563,     0.01574254708,     0.01852342774,      0.8673177574,                 0,                 0,                 0,     0.07172415632,    -0.05713878284,      0.8656317746,                 0,       46.82274629,     0.04312313136
          0,           0,         340,      -8.725072304,       -8.14518489,      -8.407516585,      -8.463446094,      -12.94612528,     0.01574254708,     0.01852371306,      0.8672743865,                 0,                 0,                 0,     0.07171651373,    -0.05713471858,      0.8655885936,                 0,       46.81968371,     0.04312313136
          0,           0,         341,      -8.729499368,      -8.151593313,      -8.413481996,      -8.469494065,      -12.95321846,     0.01574254708,     0.01852399753,      0.8672316021,                 0,                 0,                 0,     0.07170897414,    -0.05713070629,      0.8655459968,                 0,       46.81665503,     0.04312313136
          0,           0,         342,      -8.733921833,      -8.157999381,      -8.419449682,      -8.475542808,      -12.96029719,     0.01574254708,     0.01852428109,      0.8671893966,                 0,                 0,                 0,     0.07170153622,    -0.05712674536,      0.8655039766,                 0,          46.81366,     0.04312313136
          0,           0,         343,      -8.738339621,      -8.164403104,        -8.4254196,      -8.481591861,      -12.96736267,     0.01574254708,     0.01852456366,      0.8671477626,                 0,                 0,                 0,     0.07169419866,    -0.05712283522,      0.8654625256,                 0,       46.81069842,     0.04312313136
          0,           0,         344,      -8.742752838,      -8.170804676,      -8.431391838,      -8.487641747,      -12.97441479,     0.01574254708,     0.01852484518,      0.8671066924,                 0,                 0,                 0,     0.07168696016,    -0.05711897527,      0.8654216363,                 0,          46.80777,     0.04312313136
          0,           0,         345,       -8.74716149,      -8.177204127,      -8.437366393,      -8.493692315,      -12.98145332,     0.01574254708,      0.0185251256,      0.8670661789,                 0,                 0,                 0,     0.07167981941,    -0.05711516493,      0.8653813014,                 0,        46.8048745,     0.04312313136
          0,           0,         346,      -8.751565539,      -8.183601507,      -8.443343172,      -8.499743421,        -12.988479,     0.01574254708,     0.01852540486,      0.8670262146,                 0,                 0,                 0,     0.07167277513,    -0.05711140361,      0.8653415135,                 0,       46.80201168,     0.04312313136
          0,           0,         347,      -8.755964967,      -8.189996851,      -8.449322039,      -8.505794919,      -12.99549096,     0.01574254708,     0.01852568289,      0.8669867922,                 0,                 0,                 0,     0.07166582602,    -0.05710769075,      0.8653022654,                 0,       46.79918129,     0.04312313136
          0,           0,         348,      -8.760359736,      -8.196390189,      -8.455302825,      -8.511846596,      -13.00248941,     0.01574254708,     0.01852595964,      0.8669479046,                 0,                 0,                 0,     0.07165897081,    -0.05710402578,      0.8652635498,                 0,        46.7963831,     0.04312313136
          0,           0,         349,       -8.76474982,      -8.202781539,      -8.461285329,      -8.517898303,        -13.009475,     0.01574254708,     0.01852623505,      0.8669095445,                 0,                 0,                 0,     0.07165220823,    -0.05710040812,      0.8652253598,                 0,       46.79361685,     0.04312313136
          0,           0,         350,      -8.769135205,      -8.209170922,      -8.467269359,      -8.523949905,      -13.01644814,     0.01574254708,     0.01852650907,       0.866871705,                 0,                 0,                 0,     0.07164553703,    -0.05709683721,      0.8651876881,                 0,        46.7908823,     0.04312313136
          0,           0,         351,      -8.773515882,      -8.215558349,      -8.473254733,       -8.53000131,      -13.02340769,     0.01574254708,     0.01852678164,       0.866834379,                 0,                 0,                 0,     0.07163895596,     -0.0570933125,      0.8651505279,                 0,       46.78817918,     0.04312313136
          0,           0,         352,      -8.777891848,      -8.221943834,      -8.479241288,      -8.536052438,       -13.0303537,     0.01574254708,     0.01852705273,      0.8667975595,                 0,                 0,                 0,     0.07163246381,    -0.05708983341,      0.8651138721,                 0,       46.78550723,     0.04312313136
          0,           0,         353,       -8.78226311,      -8.228327394,      -8.485228879,      -8.542103236,       -13.0372875,     0.01574254708,     0.01852732229,      0.8667612397,                 0,                 0,                 0,     0.07162605936,     -0.0570863994,      0.8650777141,                 0,        46.7828662,     0.04312313136
          0,           0,         354,      -8.786629677,      -8.234709048,      -8.491217372,       -8.54815367,      -13.04421027,     0.01574254708,     0.01852759028,       0.866725413,                 0,                 0,                 0,     0.07161974144,    -0.05708300992,       0.865042047,                 0,       46.78025581,     0.04312313136
          0,           0,         355,      -8.790991571,       -8.24108882,      -8.497206675,      -8.554203747,      -13.05115168,     0.01574254708,     0.01852785667,      0.8666900726,                 0,                 0,                 0,     0.07161350886,    -0.05707966442,      0.8650068643,                 0,       46.77767579,     0.04312313136
          0,           0,         356,      -8.795348817,      -8.247466741,       -8.50319673,      -8.560253484,      -13.05807482,     0.01574254708,     0.01852812142,      0.8666552118,                 0,                 0,                 0,     0.07160736045,    -0.05707636237,      0.8649721593,                 0,       46.77512589,     0.04312313136
          0,           0,         357,      -8.799701428,      -8.253842852,      -8.509187411,      -8.566302867,      -13.06500278,     0.01574254708,     0.01852838448,      0.8666208243,                 0,                 0,                 0,     0.07160129503,    -0.05707310324,      0.8649379255,                 0,       46.77260586,     0.04312313136
          0,           0,         358,      -8.804049395,      -8.260217165,      -8.515178498,      -8.572351766,      -13.07192717,     0.01574254708,     0.01852864582,      0.8665869033,                 0,                 0,                 0,     0.07159531146,    -0.05706988649,      0.8649041564,                 0,       46.77011542,     0.04312313136
          0,           0,         359,      -8.808392684,       -8.26658967,      -8.521169768,      -8.578399976,      -13.07884308,     0.01574254708,     0.01852890541,      0.8665534427,                 0,                 0,                 0,     0.07158940862,     -0.0570667116,      0.8648708457,                 0,        46.7676543,     0.04312313136
          0,           0,         360,      -8.812731276,      -8.272960352,      -8.527161093,      -8.584447319,      -13.08574666,     0.01574254708,     0.01852916323,       0.866520436,                 0,                 0,                 0,      0.0715835854,    -0.05706357804,      0.8648379871,                 0,       46.76522222,     0.04312313136
          0,           0,         361,      -8.817065192,      -8.279329206,      -8.533152418,      -8.590493779,      -13.09263466,     0.01574254708,     0.01852941926,      0.8664878772,                 0,                 0,                 0,     0.07157784072,    -0.05706048529,      0.8648055745,                 0,       46.76281889,     0.04312313136
          0,           0,         362,      -8.821394476,      -8.285696242,       -8.53914379,      -8.596539435,      -13.09950444,     0.01574254708,     0.01852967349,      0.8664557601,                 0,                 0,                 0,     0.07157217355,    -0.05705743284,      0.8647736018,                 0,       46.76044402,     0.04312313136
          0,           0,         363,      -8.825719189,      -8.292061489,      -8.545135322,      -8.602584451,      -13.10635776,     0.01574254708,      0.0185299259,      0.8664240788,                 0,                 0,                 0,     0.07156658284,    -0.05705442018,       0.864742063,                 0,       46.75809732,     0.04312313136
          0,           0,         364,      -8.830039406,      -8.298424987,       -8.55112718,      -8.608629031,      -13.11319647,     0.01574254708,     0.01853017649,      0.8663928275,                 0,                 0,                 0,      0.0715610676,    -0.05705144681,      0.8647109525,                 0,       46.75577849,     0.04312313136
          0,           0,         365,      -8.834355198,      -8.304786794,      -8.557119569,      -8.614673377,      -13.12002204,     0.01574254708,     0.01853042525,      0.8663620005,                 0,                 0,                 0,     0.07155562683,    -0.05704851226,      0.8646802645,                 0,       46.75348725,     0.04312313136
          0,           0,         366,       -8.83866664,       -8.31114697,      -8.563112718,      -8.620717712,      -13.12683655,     0.01574254708,     0.01853067216,      0.8663315922,                 0,                 0,                 0,     0.07155025958,    -0.05704561602,      0.8646499934,                 0,        46.7512233,     0.04312313136
          0,           0,         367,      -8.842973795,      -8.317505588,      -8.569106853,       -8.62676221,      -13.13364164,     0.01574254708,     0.01853091723,       0.866301597,                 0,                 0,                 0,     0.07154496488,    -0.05704275763,      0.8646201337,                 0,       46.74898637,     0.04312313136
          0,           0,         368,       -8.84727672,      -8.323862709,      -8.575102193,      -8.632807022,      -13.14043892,     0.01574254708,     0.01853116044,      0.8662720095,                 0,                 0,                 0,     0.07153974179,    -0.05703993663,        0.86459068,                 0,       46.74677618,     0.04312313136
          0,           0,         369,      -8.851575459,      -8.330218402,      -8.581098931,      -8.638852251,      -13.14722776,     0.01574254708,     0.01853140179,      0.8662428244,                 0,                 0,                 0,     0.07153458938,    -0.05703715255,       0.864561627,                 0,       46.74459246,     0.04312313136
          0,           0,         370,      -8.855870046,      -8.336572718,      -8.587097219,      -8.644897955,      -13.15400903,     0.01574254708,     0.01853164126,      0.8662140362,                 0,                 0,                 0,     0.07152950674,    -0.05703440494,      0.8645329693,                 0,       46.74243495,     0.04312313136
          0,           0,         371,      -8.860160508,      -8.342925711,      -8.593097181,      -8.650944168,       -13.1607843,     0.01574254708,     0.01853187886,      0.8661856399,                 0,                 0,                 0,     0.07152449296,    -0.05703169334,      0.8645047017,                 0,       46.74030338,     0.06048531089
          0,           0,         372,      -8.864446864,      -8.349277424,        -8.5990989,      -8.656990879,      -13.16755221,     0.01574254708,     0.01853211456,      0.8661576303,                 0,                 0,                 0,     0.07151954713,    -0.05702901733,      0.8644768192,                 0,       46.73819749,     0.06048531089
          0,           0,         373,      -8.868729132,      -8.355627891,      -8.605102441,       -8.66303808,      -13.17431418,     0.01574254708,     0.01853234837,      0.8661300021,                 0,                 0,                 0,     0.07151466836,    -0.05702637646,      0.8644493166,                 0,       46.73611702,     0.06048531089
          0,           0,         374,      -8.873007325,      -8.361977145,      -8.611107819,      -8.669085736,      -13.18106969,     0.01574254708,     0.01853258027,      0.8661027505,                 0,                 0,                 0,     0.07150985578,    -0.05702377031,      0.8644221888,                 0,       46.73406173,     0.06048531089
          0,           0,         375,      -8.877281448,      -8.368325206,       -8.61711505,      -8.675133778,      -13.18781883,     0.01574254708,     0.01853281026,      0.8660758703,                 0,                 0,                 0,      0.0715051085,    -0.05702119843,       0.864395431,                 0,       46.73203136,     0.06048531089
          0,           0,         376,      -8.881551511,      -8.374672099,      -8.623124103,      -8.681182158,      -13.19456162,     0.01574254708,     0.01853303833,      0.8660493567,                 0,                 0,                 0,     0.07150042567,    -0.05701866041,      0.8643690382,                 0,       46.73002565,     0.06048531089
          0,           0,         377,      -8.885817526,      -8.381017837,      -8.629134948,      -8.687230832,      -13.20129975,     0.01574254708,     0.01853326448,      0.8660232048,                 0,                 0,                 0,     0.07149580642,    -0.05701615584,      0.8643430055,                 0,       46.72804437,     0.06048531089
          0,           0,         378,      -8.890079504,      -8.387362437,      -8.635147528,      -8.693279749,      -13.20803227,     0.01574254708,     0.01853348869,      0.8659974098,                 0,                 0,                 0,     0.07149124993,    -0.05701368429,      0.8643173281,                 0,       46.72608726,     0.06048531089
          0,           0,         379,      -8.894337453,      -8.393705912,      -8.641161789,      -8.699328858,      -13.21475997,     0.01574254708,     0.01853371097,      0.8659719668,                 0,                 0,                 0,     0.07148675534,    -0.05701124536,      0.8642920014,                 0,       46.72415408,     0.06048531089
          0,           0,         380,      -8.898591389,      -8.400048277,      -8.647177674,      -8.705378126,      -13.22148234,     0.01574254708,      0.0185339313,      0.8659468712,                 0,                 0,                 0,     0.07148232183,    -0.05700883864,      0.8642670205,                 0,       46.72224458,     0.06048531089
          0,           0,         381,      -8.902841323,      -8.406389549,      -8.653195123,      -8.711427513,      -13.22819971,     0.01574254708,     0.01853414969,      0.8659221184,                 0,                 0,                 0,     0.07147794859,    -0.05700646373,      0.8642423809,                 0,       46.72035852,     0.06048531089
          0,           0,         382,      -8.907087279,      -8.412729741,      -8.659214094,      -8.717477022,      -13.23491218,     0.01574254708,     0.01853436614,      0.8658977037,                 0,                 0,                 0,     0.07147363482,    -0.05700412023,      0.8642180779,                 0,       46.71849565,     0.06048531089
          0,           0,         383,      -8.911329268,      -8.419068874,      -8.665234525,      -8.723526609,      -13.24162058,     0.01574254708,     0.01853458063,      0.8658736226,                 0,                 0,                 0,     0.07146937971,    -0.05700180774,      0.8641941071,                 0,       46.71665573,     0.06048531089
          0,           0,         384,      -8.915567313,      -8.425406967,      -8.671256393,      -8.729576287,      -13.24832341,     0.01574254708,     0.01853479318,      0.8658498706,                 0,                 0,                 0,     0.07146518249,    -0.05699952588,      0.8641704641,                 0,       46.71483852,     0.06048531089
          0,           0,         385,      -8.919801436,      -8.431744041,      -8.677279652,       -8.73562605,      -13.25502233,     0.01574254708,     0.01853500379,      0.8658264433,                 0,                 0,                 0,     0.07146104238,    -0.05699727426,      0.8641471443,                 0,       46.71304378,     0.06048531089
          0,           0,         386,       -8.92403165,      -8.438080118,      -8.683304282,      -8.741675865,      -13.26171765,     0.01574254708,     0.01853521244,      0.8658033364,                 0,                 0,                 0,     0.07145695862,     -0.0569950525,      0.8641241436,                 0,       46.71127127,     0.06048531089
          0,           0,         387,      -8.928257986,      -8.444415219,      -8.689330267,      -8.747725777,      -13.26840863,     0.01574254708,     0.01853541916,      0.8657805456,                 0,                 0,                 0,     0.07145293044,    -0.05699286022,      0.8641014575,                 0,       46.70952074,     0.06048531089
          0,           0,         388,      -8.932480458,       -8.45074937,      -8.695357584,      -8.753775751,      -13.27509492,     0.01574254708,     0.01853562393,      0.8657580666,                 0,                 0,                 0,     0.07144895712,    -0.05699069705,      0.8640790818,                 0,       46.70779197,     0.06048531089
          0,           0,         389,       -8.93669909,      -8.457082594,      -8.701386223,      -8.759825795,      -13.28177844,     0.01574254708,     0.01853582676,      0.8657358951,                 0,                 0,                 0,     0.07144503791,    -0.05698856262,      0.8640570124,                 0,       46.70608472,     0.06048531089
          0,           0,         390,      -8.940913904,      -8.463414914,       -8.70741619,      -8.765875928,      -13.28845717,     0.01574254708,     0.01853602767,      0.8657140272,                 0,                 0,                 0,      0.0714411721,    -0.05698645656,      0.8640352452,                 0,       46.70439874,     0.06048531089
          0,           0,         391,      -8.945124917,      -8.469746361,      -8.713447471,       -8.77192612,      -13.29513318,     0.01574254708,     0.01853622664,      0.8656924586,                 0,                 0,                 0,     0.07143735896,    -0.05698437852,      0.8640137761,                 0,       46.70273381,     0.06048531089
          0,           0,         392,      -8.949332161,      -8.476076958,      -8.719480082,       -8.77797642,      -13.30180632,     0.01574254708,     0.01853642369,      0.8656711855,                 0,                 0,                 0,      0.0714335978,    -0.05698232814,       0.863992601,                 0,        46.7010897,     0.06048531089
          0,           0,         393,      -8.953535645,      -8.482406727,      -8.725514025,      -8.784026769,      -13.30847654,     0.01574254708,     0.01853661882,      0.8656502037,                 0,                 0,                 0,     0.07142988791,    -0.05698030507,      0.8639717161,                 0,       46.69946618,     0.06048531089
          0,           0,         394,      -8.957735399,      -8.488735695,      -8.731549309,      -8.790077213,      -13.31514477,     0.01574254708,     0.01853681204,      0.8656295094,                 0,                 0,                 0,     0.07142622862,    -0.05697830896,      0.8639511174,                 0,       46.69786301,     0.06048531089
          0,           0,         395,      -8.961931439,      -8.495063887,      -8.737585939,      -8.796127717,      -13.32181019,     0.01574254708,     0.01853700336,      0.8656090988,                 0,                 0,                 0,     0.07142261925,    -0.05697633947,      0.8639308011,                 0,       46.69627997,     0.06048531089
          0,           0,         396,       -8.96612379,      -8.501391323,      -8.743623929,      -8.802178297,      -13.32847372,     0.01574254708,     0.01853719278,      0.8655889679,                 0,                 0,                 0,     0.07141905912,    -0.05697439625,      0.8639107634,                 0,       46.69471685,     0.06048531089
          0,           0,         397,      -8.970312469,      -8.507718022,      -8.749663285,       -8.80822894,       -13.3351351,     0.01574254708,     0.01853738031,      0.8655691131,                 0,                 0,                 0,     0.07141554759,    -0.05697247897,      0.8638910004,                 0,        46.6931734,     0.06048531089
          0,           0,         398,      -8.974497498,      -8.514044006,      -8.755704016,      -8.814279625,      -13.34179587,     0.01574254708,     0.01853756595,      0.8655495306,                 0,                 0,                 0,       0.071412084,    -0.05697058731,      0.8638715087,                 0,       46.69164942,     0.06048531089
          0,           0,         399,      -8.978678896,      -8.520369294,      -8.761746122,       -8.82033036,      -13.34845469,     0.01574254708,     0.01853774973,      0.8655302168,                 0,                 0,                 0,      0.0714086677,    -0.05696872092,      0.8638522844,                 0,       46.69014468,     0.06048531089
          0,           0,         400,      -8.982856684,      -8.526693901,      -8.767789604,      -8.826381119,      -13.35511293,     0.01574254708,     0.01853793163,       0.865511168,                 0,                 0,                 0,     0.07140529808,     -0.0569668795,      0.8638333239,                 0,       46.68865897,     0.06048531089
          0,           0,         401,      -8.987030881,      -8.533017849,      -8.773834457,      -8.832431886,      -13.36176941,     0.01574254708,     0.01853811168,      0.8654923807,                 0,                 0,                 0,     0.07140197449,    -0.05696506272,      0.8638146238,                 0,       46.68719208,     0.06048531089
          0,           0,         402,      -8.991201507,      -8.539341145,        -8.7798807,      -8.838482664,      -13.36842882,     0.01574254708,     0.01853828988,      0.8654738514,                 0,                 0,                 0,     0.07139869633,    -0.05696327026,      0.8637961805,                 0,       46.68574378,     0.06048531089
          0,           0,         403,      -8.995368586,      -8.545663814,      -8.785928308,      -8.844533445,      -13.37509229,     0.01574254708,     0.01853846624,      0.8654555765,                 0,                 0,                 0,     0.07139546299,    -0.05696150181,      0.8637779906,                 0,       46.68431387,     0.06048531089
          0,           0,         404,       -8.99953213,       -8.55198586,      -8.791977307,       -8.85058418,      -13.38175835,     0.01574254708,     0.01853864077,      0.8654375527,                 0,                 0,                 0,     0.07139227386,    -0.05695975706,      0.8637600505,                 0,       46.68290213,     0.06048531089
          0,           0,         405,      -9.003692168,      -8.558307307,      -8.798027667,      -8.856634903,      -13.38842984,     0.01574254708,     0.01853881348,      0.8654197766,                 0,                 0,                 0,     0.07138912836,    -0.05695803571,      0.8637423571,                 0,       46.68150836,     0.06048531089
