"Time_Iter","Outer_Iter","Inner_Iter",    "rms[Rho]"    ,    "rms[RhoU]"   ,    "rms[RhoV]"   ,    "rms[RhoE]"   ,     "rms[nu]"    ,    "RefForce"    ,       "CD"       ,       "CL"       ,       "CSF"      ,       "CMx"      ,       "CMy"      ,       "CMz"      ,       "CFx"      ,       "CFy"      ,       "CFz"      ,      "CEff"      ,     "Buffet"     
          0,           0,           0,       -5.09807527,      -16.68718007,      -16.72959846,      -4.552057285,      -11.25959071,     0.01574748436,       2.468658369,        4.55274306,                 0,                 0,                 0,       2.270000453,       2.062466675,       4.750576252,                 0,       1.844217538,    0.001495946672
          0,           0,           1,       -5.79453418,      -5.474570073,      -5.419133898,      -5.197185033,      -11.66542116,     0.01574748436,      0.5450448739,       2.029434571,                 0,                 0,                 0,      0.6038211993,      0.3660939362,        2.06921575,                 0,        3.72342658,    0.001495946672
          0,           0,           2,      -5.757122584,      -5.637288355,      -5.838474891,      -5.216485832,      -12.44956996,     0.01574748436,      0.2804531879,     -0.1106233304,                 0,                 0,                 0,      -0.196002588,      0.2890274374,    -0.08575926937,                 0,     -0.3944449027,    0.001495946672
          0,           0,           3,      -5.800880861,      -5.746585136,      -5.969400237,      -5.256344917,      -12.61589037,     0.01574748436,      0.4740205905,      0.5604041328,                 0,                 0,                 0,      0.2868764067,      0.4233743607,      0.5995852425,                 0,       1.182235844,    0.001495946672
          0,           0,           4,      -5.948331147,      -5.818687652,      -6.062405364,       -5.40005518,      -12.89815066,     0.01574748436,      0.4061488499,       1.285486391,                 0,                 0,                 0,      0.3064386103,      0.2925658097,       1.315992932,                 0,       3.165062245,    0.001495946672
          0,           0,           5,      -6.097436245,      -5.851325246,      -6.120873156,       -5.55205465,       -12.7228156,     0.01574748436,      0.2801316737,      0.3873421663,                 0,                 0,                 0,    -0.03784613993,      0.2453065939,      0.4102832965,                 0,        1.38271464,    0.001495946672
          0,           0,           6,      -6.144442794,      -5.849367397,      -6.131668612,      -5.606242461,      -12.73250898,     0.01574748436,      0.2658512132,      0.4626363145,                 0,                 0,                 0,     0.08269363137,      0.2245181574,      0.4840463036,                 0,       1.740207648,    0.001495946672
          0,           0,           7,      -6.260950749,      -5.854466233,      -6.203875033,      -5.727317908,      -12.63292229,     0.01574748436,      0.3037780854,       1.084590206,                 0,                 0,                 0,      0.2171150341,      0.2080938531,       1.106939017,                 0,       3.570337223,    0.001495946672
          0,           0,           8,       -6.29588749,      -5.848215934,      -6.231943705,      -5.762835706,       -12.5548407,     0.01574748436,      0.2421538748,      0.6852349893,                 0,                 0,                 0,     0.04249547854,      0.1815102418,      0.7037325641,                 0,       2.829750256,    0.001495946672
          0,           0,           9,      -6.346775766,      -5.853400251,      -6.266440046,      -5.812600787,      -12.48939186,     0.01574748436,      0.2170569394,      0.6191695054,                 0,                 0,                 0,     0.06091918506,      0.1622667941,      0.6357311373,                 0,       2.852567197,    0.001495946672
          0,           0,          10,      -6.364546708,      -5.864587689,      -6.300735907,      -5.828713953,      -12.44722809,     0.01574748436,      0.2335783272,      0.9966999958,                 0,                 0,                 0,      0.1626423951,      0.1458213627,       1.013264944,                 0,       4.267091078,    0.001495946672
          0,           0,          11,      -6.365766357,      -5.875218839,      -6.339312038,      -5.827036789,       -12.4259417,     0.01574748436,      0.2017557693,      0.8300510159,                 0,                 0,                 0,     0.07406256558,      0.1286443148,      0.8444765951,                 0,       4.114137697,    0.001495946672
          0,           0,          12,      -6.346918936,       -5.87799726,      -6.345354069,      -5.806572659,      -12.42242608,     0.01574748436,      0.1844168039,       0.728783703,                 0,                 0,                 0,     0.06079822112,      0.1201973573,      0.7420834445,                 0,       3.951829159,    0.001495946672
          0,           0,          13,      -6.357255269,      -5.878094218,      -6.347211566,      -5.815390914,      -12.43396582,     0.01574748436,      0.1895492476,      0.9328983846,                 0,                 0,                 0,      0.1232881618,      0.1075205039,      0.9458687301,                 0,       4.921667569,    0.001495946672
          0,           0,          14,      -6.381175239,      -5.878614883,       -6.34012982,      -5.838154116,      -12.45708953,     0.01574748436,      0.1689215774,      0.8893869457,                 0,                 0,                 0,     0.08826745664,     0.09076359992,      0.9007250454,                 0,       5.265087856,    0.001495946672
          0,           0,          15,      -6.401292162,      -5.880548314,      -6.338651479,      -5.857287073,      -12.49253218,     0.01574748436,      0.1576850498,      0.7962326056,                 0,                 0,                 0,     0.06649502335,     0.08768876639,      0.8069458578,                 0,       5.049512347,    0.001495946672
          0,           0,          16,      -6.428700329,      -5.887261574,      -6.347320845,      -5.883195399,      -12.53405664,     0.01574748436,      0.1607622039,      0.8859481486,                 0,                 0,                 0,       0.099095603,     0.08293498622,      0.8965881977,                 0,       5.510923135,    0.001495946672
          0,           0,          17,      -6.441937808,      -5.895024626,       -6.35200512,       -5.89553395,      -12.57961647,     0.01574748436,      0.1471523102,      0.8997518704,                 0,                 0,                 0,     0.09298786237,     0.06817380864,      0.9091532118,                 0,       6.114425723,    0.001495946672
          0,           0,          18,      -6.463848682,      -5.905003826,      -6.360384334,      -5.916528219,      -12.62937434,     0.01574748436,      0.1374668353,      0.8413282752,                 0,                 0,                 0,     0.07546558719,     0.06361714174,      0.8501077912,                 0,       6.120227279,    0.001495946672
          0,           0,          19,      -6.480679374,      -5.915267358,      -6.364398924,      -5.932952092,      -12.68177987,     0.01574748436,      0.1390929715,      0.8699425466,                 0,                 0,                 0,     0.08870844896,     0.06274319199,      0.8787549038,                 0,       6.254396157,    0.001495946672
          0,           0,          20,       -6.49826698,      -5.926491801,      -6.367972687,      -5.950228569,      -12.73350594,     0.01574748436,      0.1313155943,      0.8976076688,                 0,                 0,                 0,     0.09205461656,     0.05258423572,      0.9056369087,                 0,       6.835499423,    0.001495946672
          0,           0,          21,      -6.515970784,      -5.937851752,       -6.37105327,      -5.967955587,      -12.78121076,     0.01574748436,       0.122010075,      0.8746522635,                 0,                 0,                 0,     0.08257597455,     0.04531482213,      0.8819578262,                 0,       7.168688846,    0.001495946672
          0,           0,          22,      -6.534061641,      -5.949055237,      -6.375319447,      -5.986196102,      -12.82760848,     0.01574748436,      0.1211504013,      0.8803566162,                 0,                 0,                 0,     0.08662413318,     0.04396125273,      0.8875655467,                 0,       7.266642177,    0.001495946672
          0,           0,          23,      -6.552858351,      -5.959976884,       -6.38072104,      -6.005208093,      -12.86874483,     0.01574748436,      0.1176542005,      0.9025230836,                 0,                 0,                 0,     0.09106250608,     0.03854642102,        0.90934295,                 0,       7.670980551,    0.001495946672
          0,           0,          24,      -6.570568912,      -5.970585122,      -6.386890859,      -6.023124282,      -12.90743573,     0.01574748436,        0.10999025,      0.8989844086,                 0,                 0,                 0,     0.08709623972,     0.03122005006,      0.9051497835,                 0,       8.173309984,    0.001495946672
          0,           0,          25,      -6.589067435,      -5.980958762,      -6.394121302,      -6.041777256,      -12.94035437,     0.01574748436,        0.10624309,      0.8974556674,                 0,                 0,                 0,     0.08697067454,     0.02762038771,       0.903300273,                 0,        8.44719094,    0.001495946672
          0,           0,          26,      -6.606784434,      -5.991066358,      -6.401990652,      -6.059620441,      -12.97022247,     0.01574748436,      0.1043397039,      0.9093046445,                 0,                 0,                 0,     0.08987063063,     0.02469153814,      0.9149382701,                 0,       8.714847853,    0.001495946672
          0,           0,          27,      -6.625073173,      -6.001140435,      -6.410547906,      -6.077928163,      -12.99393103,     0.01574748436,     0.09954338673,      0.9129678893,                 0,                 0,                 0,     0.08882853442,     0.01959419959,      0.9181695487,                 0,       9.171557442,    0.001495946672
          0,           0,          28,       -6.64283939,      -6.011159941,      -6.419229309,      -6.095683325,      -13.01391859,     0.01574748436,     0.09463679332,      0.9108652449,                 0,                 0,                 0,     0.08734985547,     0.01488953478,      0.9156472677,                 0,        9.62485322,    0.001495946672
          0,           0,          29,      -6.661220148,      -6.021252051,      -6.428316823,       -6.11402901,      -13.03151327,     0.01574748436,     0.09210728671,      0.9159469321,                 0,                 0,                 0,      0.0886551697,     0.01192675549,      0.9204891565,                 0,       9.944348214,    0.001495946672
          0,           0,          30,      -6.679399755,      -6.031368692,      -6.437621812,       -6.13216215,      -13.04390952,     0.01574748436,      0.0893431822,       0.920056012,                 0,                 0,                 0,     0.08870601719,    0.008815039327,      0.9243416925,                 0,       10.29799912,    0.001495946672
          0,           0,          31,      -6.697971569,      -6.041574667,      -6.447174933,      -6.150630916,      -13.05271153,     0.01574748436,     0.08540763194,      0.9193241027,                 0,                 0,                 0,     0.08741111585,    0.004958255114,      0.9232695625,                 0,       10.76395729,    0.001495946672
          0,           0,          32,      -6.716534197,      -6.051802238,      -6.456862481,      -6.169065175,      -13.05905844,     0.01574748436,     0.08207920578,      0.9204100275,                 0,                 0,                 0,     0.08731299537,    0.001547850043,      0.9240612636,                 0,       11.21368097,    0.001495946672
          0,           0,          33,      -6.735659967,      -6.062103488,      -6.466873113,      -6.188025097,      -13.06143467,     0.01574748436,     0.07968622159,      0.9237644336,                 0,                 0,                 0,     0.08779750558,   -0.001128383876,      0.9271943429,                 0,       11.59252397,    0.001495946672
          0,           0,          34,       -6.75504769,      -6.072448947,      -6.477190081,      -6.207207751,      -13.05881429,     0.01574748436,     0.07703906866,      0.9242551843,                 0,                 0,                 0,     0.08715724767,   -0.003808235332,      0.9274525115,                 0,       11.99722687,    0.001495946672
          0,           0,          35,      -6.774886864,      -6.082863549,      -6.487882176,      -6.226789987,      -13.05116436,     0.01574748436,     0.07416764963,      0.9241263396,                 0,                 0,                 0,     0.08666324502,   -0.006657498192,      0.9270738965,                 0,       12.45996528,    0.001495946672
          0,           0,          36,      -6.794871135,      -6.093324494,       -6.49895103,      -6.246491234,      -13.04280445,     0.01574748436,     0.07169322311,      0.9261317292,                 0,                 0,                 0,     0.08700617448,   -0.009297289989,      0.9288559945,                 0,       12.91798149,     0.00155575211
          0,           0,          37,      -6.815107968,      -6.103863533,      -6.510457113,      -6.266422752,      -13.03222964,     0.01574748436,     0.06956476106,      0.9280222465,                 0,                 0,                 0,     0.08719949718,    -0.01158242204,      0.9305538101,                 0,        13.3404073,     0.00155575211
          0,           0,          38,      -6.835320385,      -6.114467903,      -6.522354312,       -6.28631126,      -13.01911352,     0.01574748436,     0.06744537487,      0.9283350362,                 0,                 0,                 0,     0.08696536176,    -0.01372100474,      0.9306806929,                 0,       13.76425052,     0.00155575211
          0,           0,          39,      -6.855492321,      -6.125137767,      -6.534604769,      -6.306134367,      -13.00562991,     0.01574748436,     0.06538917531,      0.9295045461,                 0,                 0,                 0,     0.08719145455,    -0.01587130935,      0.9316665429,                 0,       14.21496053,     0.00155575211
          0,           0,          40,      -6.875457706,        -6.1358559,      -6.547150263,      -6.325735892,      -12.99240557,     0.01574748436,     0.06348501381,      0.9318039891,                 0,                 0,                 0,     0.08773738283,     -0.0179686346,      0.9337912771,                 0,       14.67754251,     0.00155575211
          0,           0,          41,      -6.895298776,      -6.146627574,      -6.559969045,      -6.345197604,      -12.97900722,     0.01574748436,     0.06172343714,      0.9334312672,                 0,                 0,                 0,     0.08801569215,    -0.01986533457,      0.9352588314,                 0,       15.12280117,     0.00155575211
          0,           0,          42,      -6.914952072,      -6.157445161,      -6.573008716,      -6.364456717,      -12.96526459,     0.01574748436,     0.06007073828,      0.9345574882,                 0,                 0,                 0,     0.08820949648,    -0.02160990104,      0.9362367246,                 0,       15.55761615,     0.00155575211
          0,           0,          43,      -6.934469958,      -6.168308604,      -6.586222982,      -6.383563452,      -12.95139151,     0.01574748436,     0.05847484449,      0.9365257101,                 0,                 0,                 0,     0.08868037433,    -0.02337126382,      0.9380583656,                 0,       16.01587346,     0.00155575211
          0,           0,          44,      -6.953839391,      -6.179217007,       -6.59957053,       -6.40251149,      -12.93658489,     0.01574748436,     0.05688759747,      0.9387529799,                 0,                 0,                 0,     0.08913235478,    -0.02514659023,      0.9401388222,                 0,       16.50189183,     0.00155575211
          0,           0,          45,      -6.973158882,      -6.190181246,      -6.613035795,      -6.421402207,      -12.92080382,     0.01574748436,     0.05537099736,      0.9403701797,                 0,                 0,                 0,     0.08936217131,    -0.02679836747,      0.9416176877,                 0,       16.98308184,     0.00155575211
          0,           0,          46,      -6.992460332,      -6.201209598,      -6.626593656,      -6.440268823,       -12.9045878,     0.01574748436,     0.05395045447,      0.9419602869,                 0,                 0,                 0,     0.08959824466,    -0.02835209174,      0.9430779356,                 0,       17.45972849,    0.001853860485
          0,           0,          47,      -7.011806918,      -6.212314124,      -6.640227213,      -6.459172782,      -12.88784361,     0.01574748436,      0.0525298792,      0.9439288819,                 0,                 0,                 0,      0.0898966684,    -0.02993883565,      0.9449152281,                 0,       17.96937089,    0.001853860485
          0,           0,          48,      -7.031222703,      -6.223508398,      -6.653936834,      -6.478140285,       -12.8708523,     0.01574748436,     0.05108864837,      0.9456632352,                 0,                 0,                 0,     0.09006249159,    -0.03152574101,      0.9465173702,                 0,       18.51024181,    0.001853860485
          0,           0,          49,      -7.050774497,        -6.2348098,      -6.667743437,      -6.497238492,      -12.85388834,     0.01574748436,     0.04972061032,      0.9470539591,                 0,                 0,                 0,     0.09013257169,    -0.03300978285,      0.9477835696,                 0,       19.04751275,    0.002514568823
          0,           0,          50,      -7.070459568,      -6.246229044,      -6.681659039,      -6.516465638,      -12.83646395,     0.01574748436,     0.04842128788,      0.9485065056,                 0,                 0,                 0,     0.09022857613,    -0.03443075874,      0.9491173453,                 0,       19.58862614,    0.005321362666
          0,           0,          51,      -7.090261012,      -6.257773981,      -6.695691363,       -6.53580434,      -12.81852867,     0.01574748436,     0.04711566205,      0.9499566175,                 0,                 0,                 0,      0.0903034211,    -0.03585780184,      0.9504481463,                 0,       20.16222581,    0.005321362666
          0,           0,          52,      -7.110124732,      -6.269447347,      -6.709843953,      -6.555203937,      -12.80049592,     0.01574748436,     0.04583280896,       0.951167338,                 0,                 0,                 0,     0.09031714077,    -0.03724129454,      0.9515424517,                 0,       20.75297935,    0.005321362666
          0,           0,          53,       -7.13001675,      -6.281247573,      -6.724118546,      -6.574633026,      -12.78224646,     0.01574748436,     0.04463369563,      0.9522649342,                 0,                 0,                 0,     0.09033493973,     -0.0385315067,      0.9525313616,                 0,       21.33511287,    0.005321362666
          0,           0,          54,      -7.149891704,      -6.293166927,      -6.738505635,      -6.594047348,      -12.76388542,     0.01574748436,      0.0434891891,      0.9533660709,                 0,                 0,                 0,     0.09037455222,    -0.03976762841,      0.9535285577,                 0,       21.92190957,    0.005655022221
          0,           0,          55,      -7.169719156,      -6.305196869,      -6.752990561,      -6.613415861,      -12.74543077,     0.01574748436,     0.04236351417,      0.9543925733,                 0,                 0,                 0,     0.09040891593,     -0.0409784854,       0.954453045,                 0,       22.52864504,    0.005655022221
          0,           0,          56,       -7.18947379,      -6.317330142,      -6.767561289,        -6.6327149,      -12.72708467,     0.01574748436,     0.04128801168,      0.9553296888,                 0,                 0,                 0,     0.09045042143,    -0.04213157027,      0.9552928583,                 0,       23.13818588,    0.005655022221
          0,           0,          57,      -7.209155873,      -6.329562428,      -6.782213634,      -6.651945498,      -12.70880121,     0.01574748436,     0.04028513407,      0.9562531077,                 0,                 0,                 0,     0.09051979217,    -0.04321111289,      0.9561253567,                 0,       23.73712115,    0.005945437318
          0,           0,          58,      -7.228759265,      -6.341891331,      -6.796945325,      -6.671101826,      -12.69057456,     0.01574748436,      0.0393286144,      0.9571769559,                 0,                 0,                 0,      0.0906082924,    -0.04424451138,      0.9569623232,                 0,       24.33792725,    0.006287999657
          0,           0,          59,      -7.248273869,      -6.354317617,      -6.811757261,       -6.69017473,      -12.67255241,     0.01574748436,      0.0384043093,      0.9580950765,                 0,                 0,                 0,     0.09071435958,    -0.04524531871,      0.9577963916,                 0,       24.94759297,    0.006287999657
          0,           0,          60,       -7.26768624,      -6.366844524,      -6.826656503,      -6.709153738,      -12.65474442,     0.01574748436,     0.03752952583,      0.9590344291,                 0,                 0,                 0,      0.0908476117,    -0.04619864334,      0.9586559273,                 0,       25.55413126,    0.006287999657
          0,           0,          61,      -7.286987695,      -6.379476414,      -6.841654283,      -6.728032473,      -12.63717935,     0.01574748436,     0.03670806201,      0.9600079803,                 0,                 0,                 0,     0.09100417009,    -0.04710183182,      0.9595541785,                 0,       26.15251058,    0.006287999657
          0,           0,          62,      -7.306159989,      -6.392216572,      -6.856760069,        -6.7467943,      -12.61965987,     0.01574748436,     0.03592286132,      0.9610151505,                 0,                 0,                 0,     0.09117765325,    -0.04797182525,      0.9604890814,                 0,       26.75218831,    0.006287999657
          0,           0,          63,      -7.325184692,      -6.405067304,      -6.871982185,      -6.765422193,      -12.60216989,     0.01574748436,     0.03516762082,      0.9620720174,                 0,                 0,                 0,     0.09137162782,    -0.04881630385,       0.961476103,                 0,       27.35675588,    0.006287999657
          0,           0,          64,       -7.34405078,      -6.418029919,      -6.887329369,      -6.783906587,      -12.58472292,     0.01574748436,     0.03444854248,      0.9631798582,                 0,                 0,                 0,     0.09158291222,    -0.04962920056,      0.9625170563,                 0,       27.95995966,    0.006287999657
          0,           0,          65,      -7.362756425,      -6.431104296,      -6.902809015,      -6.802245845,      -12.56735012,     0.01574748436,     0.03376324261,      0.9643200592,                 0,                 0,                 0,     0.09180127277,    -0.05041126773,      0.9635931907,                 0,       28.56123953,    0.006287999657
          0,           0,          66,      -7.381301467,       -6.44428857,      -6.918424724,      -6.820439247,      -12.55007921,     0.01574748436,     0.03310176666,       0.965491851,                 0,                 0,                 0,     0.09202447392,    -0.05117235495,      0.9647028721,                 0,       29.16738133,    0.006287999657
          0,           0,          67,      -7.399692931,      -6.457580104,      -6.934177407,       -6.83849323,      -12.53294315,     0.01574748436,     0.03246035708,      0.9666975989,                 0,                 0,                 0,     0.09225158202,    -0.05191641162,      0.9658481292,                 0,       29.78086767,    0.006287999657
          0,           0,          68,       -7.41794681,       -6.47097638,      -6.950066447,      -6.856423451,      -12.51594527,     0.01574748436,      0.0318404037,      0.9679146061,                 0,                 0,                 0,     0.09247383655,    -0.05264007506,      0.9670064729,                 0,       30.39894265,    0.006287999657
          0,           0,          69,        -7.4360834,      -6.484475006,      -6.966088792,      -6.874249725,      -12.49910785,     0.01574748436,     0.03123964743,       0.969123224,                 0,                 0,                 0,     0.09268501178,    -0.05334388326,      0.9681581322,                 0,       31.02222028,    0.006287999657
          0,           0,          70,      -7.454122431,      -6.498073753,      -6.982238398,      -6.891991468,      -12.48237214,     0.01574748436,     0.03065292253,      0.9703222404,                 0,                 0,                 0,     0.09288495881,    -0.05403287666,      0.9693014496,                 0,       31.65512976,    0.006287999657
          0,           0,          71,      -7.472084776,      -6.511771277,      -6.998507782,      -6.909669557,      -12.46577031,     0.01574748436,     0.03007828715,      0.9715007752,                 0,                 0,                 0,     0.09307038226,    -0.05470804146,      0.9704254169,                 0,       32.29907243,    0.006287999657
          0,           0,          72,      -7.489991473,      -6.525567404,      -7.014889497,      -6.927305138,      -12.44927118,     0.01574748436,     0.02951687784,      0.9726371819,                 0,                 0,                 0,     0.09323593405,     -0.0553663588,      0.9715085692,                 0,       32.95189915,    0.006631004078
          0,           0,          73,      -7.507860131,      -6.539462605,      -7.031376532,       -6.94491567,      -12.43286344,     0.01574748436,     0.02896810102,      0.9737231245,                 0,                 0,                 0,     0.09338102763,    -0.05600769349,      0.9725425504,                 0,       33.61363328,    0.006631004078
          0,           0,          74,      -7.525703771,      -6.553457648,      -7.047962606,      -6.962513795,      -12.41653882,     0.01574748436,     0.02842966725,      0.9747574062,                 0,                 0,                 0,     0.09350666389,    -0.05663422196,      0.9735259688,                 0,       34.28662733,    0.006631004078
          0,           0,          75,      -7.543532593,      -6.567553885,      -7.064643369,      -6.980109182,      -12.40029672,     0.01574748436,     0.02790146104,      0.9757303574,                 0,                 0,                 0,      0.0936115443,    -0.05724521646,      0.9744491814,                 0,       34.97058293,    0.006631004078
          0,           0,          76,      -7.561354349,       -6.58175303,      -7.081417197,      -6.997708882,      -12.38414866,     0.01574748436,     0.02738518417,      0.9766333452,                 0,                 0,                 0,     0.09369541272,    -0.05783822931,      0.9753037365,                 0,       35.66283649,    0.006631004078
          0,           0,          77,      -7.579173313,      -6.596056545,      -7.098284918,      -7.015316321,      -12.36807794,     0.01574748436,      0.0268810198,      0.9774672061,                 0,                 0,                 0,     0.09376043353,    -0.05841315095,      0.9760904835,                 0,        36.3627278,    0.006631004078
          0,           0,          78,      -7.596991151,      -6.610465479,      -7.115249211,      -7.032932377,      -12.35198309,     0.01574748436,     0.02638808413,      0.9782330169,                 0,                 0,                 0,     0.09380823245,    -0.05897095567,       0.976810418,                 0,       37.07101328,    0.006631004078
          0,           0,          79,      -7.614809046,      -6.624980644,      -7.132314314,      -7.050557683,      -12.33567568,     0.01574748436,     0.02590701583,      0.9789282765,                 0,                 0,                 0,      0.0938395584,    -0.05951078922,      0.9774611041,                 0,       37.78622296,    0.006631004078
          0,           0,          80,      -7.632628812,      -6.639602493,      -7.149485551,      -7.068193651,      -12.31930486,     0.01574748436,     0.02543913073,      0.9795534978,                 0,                 0,                 0,     0.09385599688,    -0.06003138551,      0.9780431674,                 0,       38.50577711,     0.01065106534
          0,           0,          81,      -7.650452458,      -6.654330814,      -7.166768255,      -7.085841997,      -12.30294009,     0.01574748436,     0.02498433009,      0.9801127438,                 0,                 0,                 0,     0.09385953771,    -0.06053319699,      0.9785606467,                 0,       39.22909841,     0.01065106534
          0,           0,          82,      -7.668282511,      -6.669164801,      -7.184166804,      -7.103505171,      -12.28666808,     0.01574748436,     0.02454208757,      0.9806089521,                 0,                 0,                 0,     0.09385155576,    -0.06101700405,      0.9790164228,                 0,         39.956216,     0.01065106534
          0,           0,          83,      -7.686123287,       -6.68410331,      -7.201684209,      -7.121187621,      -12.27049858,     0.01574748436,     0.02411287645,      0.9810440894,                 0,                 0,                 0,     0.09383321928,    -0.06148250661,      0.9794124961,                 0,       40.68548568,     0.01065106534
          0,           0,          84,       -7.70398037,      -6.699144869,      -7.219321969,      -7.138895101,      -12.25448521,     0.01574748436,     0.02369721449,      0.9814217075,                 0,                 0,                 0,     0.09380596939,    -0.06192949843,      0.9797524499,                 0,       41.41506623,     0.01065106534
          0,           0,          85,      -7.721859602,      -6.714287613,      -7.237079883,      -7.156633561,      -12.23862902,     0.01574748436,     0.02329472617,      0.9817463628,                 0,                 0,                 0,     0.09377122304,    -0.06235875073,      0.9800407906,                 0,       42.14457623,     0.01065106534
          0,           0,          86,      -7.739766961,      -6.729529439,      -7.254956003,      -7.174408927,      -12.22293765,     0.01574748436,     0.02290500942,      0.9820221497,                 0,                 0,                 0,      0.0937302124,    -0.06277102091,      0.9802815621,                 0,       42.87368461,     0.01065106534
          0,           0,          87,      -7.757707916,      -6.744868057,      -7.272947074,       -7.19222669,      -12.20746069,     0.01574748436,     0.02252826563,      0.9822530516,                 0,                 0,                 0,     0.09368419177,     -0.0631664555,      0.9804787499,                 0,       43.60091751,     0.01065106534
          0,           0,          88,      -7.775684935,      -6.760301005,       -7.29104966,      -7.210089803,      -12.19221113,     0.01574748436,     0.02216458982,      0.9824436231,                 0,                 0,                 0,     0.09363448417,    -0.06354535681,      0.9806368998,                 0,       44.32491785,     0.01065106534
          0,           0,          89,      -7.793696807,      -6.775825619,      -7.309260369,      -7.227997959,      -12.17719909,     0.01574748436,     0.02181360629,      0.9825988035,                 0,                 0,                 0,      0.0935824212,    -0.06390852961,      0.9807608995,                 0,       45.04522501,     0.01065106534
          0,           0,          90,      -7.811738845,      -6.791439052,      -7.327576041,      -7.245947793,      -12.16245157,     0.01574748436,     0.02147507744,      0.9827234016,                 0,                 0,                 0,       0.093529322,    -0.06425662969,      0.9808555187,                 0,       45.76111096,     0.01065106534
          0,           0,          91,      -7.829803797,      -6.807138375,      -7.345994166,      -7.263933646,      -12.14799901,     0.01574748436,     0.02114906617,       0.982821943,                 0,                 0,                 0,     0.09347639668,    -0.06458998884,      0.9809252713,                 0,       46.47117443,     0.01065106534
          0,           0,          92,      -7.847881528,      -6.822920502,      -7.364512966,      -7.281947189,      -12.13385595,     0.01574748436,     0.02083545757,      0.9828990156,                 0,                 0,                 0,     0.09342477156,    -0.06490912139,      0.9809747179,                 0,       47.17434269,     0.01065106534
          0,           0,          93,      -7.865958494,      -6.838782137,      -7.383131054,       -7.29997699,      -12.12004025,     0.01574748436,     0.02053390264,      0.9829593418,                 0,                 0,                 0,     0.09337553136,    -0.06521478658,      0.9810085323,                 0,       47.87006927,     0.01065106534
          0,           0,          94,      -7.884018409,      -6.854719841,      -7.401846949,      -7.318009159,      -12.10658187,     0.01574748436,     0.02024413651,      0.9830072595,                 0,                 0,                 0,     0.09332959258,    -0.06550762638,      0.9810310129,                 0,       48.55762848,     0.01065106534
          0,           0,          95,      -7.902043343,      -6.870730094,      -7.420658733,      -7.336028271,      -12.09350439,     0.01574748436,     0.01996598126,      0.9830465245,                 0,                 0,                 0,     0.09328762215,    -0.06578814532,      0.9810458856,                 0,       49.23607368,     0.01065106534
          0,           0,          96,       -7.92001389,      -6.886809265,       -7.43956383,      -7.354017463,      -12.08083389,     0.01574748436,     0.01969908886,      0.9830806853,                 0,                 0,                 0,     0.09325013974,    -0.06605699943,      0.9810566552,                 0,         49.904881,     0.01065106534
          0,           0,          97,      -7.937909157,      -6.902953579,      -7.458558835,      -7.371958419,      -12.06858329,     0.01574748436,     0.01944302329,      0.9831126664,                 0,                 0,                 0,     0.09321737009,    -0.06631487792,       0.981066197,                 0,       50.56377558,     0.01065106534
          0,           0,          98,      -7.955714697,      -6.919160091,      -7.477639771,      -7.389837954,      -12.05675551,     0.01574748436,     0.01919734678,      0.9831457969,                 0,                 0,                 0,     0.09318974502,    -0.06656250708,      0.9810777894,                 0,       51.21258725,     0.01065106534
          0,           0,          99,      -7.973404334,      -6.935424752,      -7.496802269,      -7.407632887,      -12.04538274,     0.01574748436,     0.01896165504,      0.9831820572,                 0,                 0,                 0,     0.09316719072,    -0.06680046223,      0.9810933697,                 0,       51.85106759,     0.01065106534
          0,           0,         100,      -7.990957041,      -6.951743566,      -7.516041676,      -7.425323998,      -12.03445953,     0.01574748436,     0.01873548813,      0.9832233485,                 0,                 0,                 0,     0.09314968064,    -0.06702936728,      0.9811147922,                 0,       52.47919572,     0.01065106534
          0,           0,         101,      -8.008354184,      -6.968112579,      -7.535353882,       -7.44289415,      -12.02399423,     0.01574748436,     0.01851832999,      0.9832716332,                 0,                 0,                 0,      0.0931371577,    -0.06724990737,      0.9811439666,                 0,       53.09720876,     0.01065106534
          0,           0,         102,      -8.025577356,      -6.984527632,      -7.554735483,      -7.460326164,      -12.01401765,     0.01574748436,     0.01830976937,      0.9833283417,                 0,                 0,                 0,     0.09312954946,    -0.06746261682,      0.9811822821,                 0,       53.70511894,     0.01065106534
          0,           0,         103,      -8.042608469,      -7.000984305,       -7.57418405,      -7.477602927,      -12.00451459,     0.01574748436,     0.01810942624,      0.9833946222,                 0,                 0,                 0,     0.09312673782,     -0.0676679743,      0.9812308492,                 0,       54.30291436,     0.01065106534
          0,           0,         104,      -8.059429887,       -7.01747776,      -7.593698027,      -7.494707582,      -11.99551862,     0.01574748436,     0.01791693324,      0.9834717929,                 0,                 0,                 0,     0.09312874086,    -0.06786646068,      0.9812909494,                 0,        54.8906322,     0.01065106534
          0,           0,         105,      -8.076025162,      -7.034002651,      -7.613276464,      -7.511624277,      -11.98700358,     0.01574748436,     0.01773196737,      0.9835610675,                 0,                 0,                 0,     0.09313562453,    -0.06805850349,      0.9813637635,                 0,       55.46824257,     0.01065106534
          0,           0,         106,      -8.092378708,      -7.050553152,      -7.632918763,      -7.528337811,      -11.97902907,     0.01574748436,     0.01755427616,      0.9836634789,                 0,                 0,                 0,     0.09314746388,    -0.06824444427,      0.9814502983,                 0,       56.03554767,     0.01065106534
          0,           0,         107,      -8.108475674,      -7.067122841,      -7.652624232,       -7.54483351,       -11.9715607,     0.01574748436,     0.01738366591,      0.9837801583,                 0,                 0,                 0,     0.09316443581,    -0.06842457459,      0.9815516641,                 0,       56.59221498,     0.01065106534
          0,           0,         108,      -8.124303432,       -7.08370478,      -7.672391632,       -7.56109864,      -11.96465092,     0.01574748436,     0.01721995298,      0.9839123266,                 0,                 0,                 0,     0.09318677539,    -0.06859918376,       0.981669061,                 0,       57.13792179,     0.01065106534
          0,           0,         109,      -8.139848883,      -7.100291548,      -7.692218724,      -7.577119848,      -11.95826862,     0.01574748436,     0.01706297951,      0.9840611583,                 0,                 0,                 0,     0.09321471988,    -0.06876853143,      0.9818036452,                 0,       57.67229325,     0.01065106534
          0,           0,         110,        -8.1550986,      -7.116875342,      -7.712101966,      -7.592883307,      -11.95248019,     0.01574748436,     0.01691262541,      0.9842278009,                 0,                 0,                 0,     0.09324851597,    -0.06893283725,      0.9819565494,                 0,       58.19485603,     0.01065106534
          0,           0,         111,      -8.170039351,      -7.133448008,      -7.732036247,      -7.608375135,      -11.94725028,     0.01574748436,     0.01676877557,      0.9844134277,                 0,                 0,                 0,     0.09328840342,    -0.06909231815,      0.9821289325,                 0,       58.70514657,     0.01065106534
          0,           0,         112,       -8.18465894,      -7.150001124,       -7.75201474,      -7.623582178,      -11.94260368,     0.01574748436,     0.01663128734,      0.9846191866,                 0,                 0,                 0,     0.09333458984,    -0.06924721626,      0.9823219255,                 0,       59.20282456,     0.01065106534
          0,           0,         113,      -8.198944997,      -7.166525922,      -7.772028728,      -7.638490871,      -11.93857365,     0.01574748436,     0.01650001104,      0.9848461281,                 0,                 0,                 0,      0.0933872306,    -0.06939777227,      0.9825365619,                 0,       59.68760418,     0.01065106534
          0,           0,         114,      -8.212887676,       -7.18301335,      -7.792067626,      -7.653089764,      -11.93513981,     0.01574748436,     0.01637479257,       0.985095193,                 0,                 0,                 0,     0.09344641763,    -0.06954422168,      0.9827737655,                 0,       60.15924713,     0.01065106534
          0,           0,         115,      -8.226477949,      -7.199454091,      -7.812118891,      -7.667367944,      -11.93235275,     0.01574748436,     0.01625544881,      0.9853672348,                 0,                 0,                 0,     0.09351219722,    -0.06968682131,      0.9830343707,                 0,       60.61765788,     0.01065106534
          0,           0,         116,      -8.239708436,      -7.215838462,      -7.832168027,      -7.681315873,      -11.93018563,     0.01574748436,     0.01614176862,      0.9856629726,                 0,                 0,                 0,     0.09358454821,    -0.06982584416,      0.9833190752,                 0,       61.06288572,     0.01476816809
          0,           0,         117,      -8.252574392,      -7.232156563,       -7.85219857,      -7.694926268,      -11.92869557,     0.01574748436,     0.01603352718,      0.9859829566,                 0,                 0,                 0,      0.0936633901,    -0.06996156215,      0.9836284077,                 0,       61.49507502,     0.01476816809
          0,           0,         118,      -8.265073644,      -7.248398546,      -7.872192299,      -7.708194097,      -11.92783897,     0.01574748436,     0.01593049049,      0.9863275766,                 0,                 0,                 0,     0.09374859681,    -0.07009424237,      0.9839627362,                 0,       61.91445125,     0.01476816809
          0,           0,         119,       -8.27720736,      -7.264554798,       -7.89212939,      -7.721117409,      -11.92766255,     0.01574748436,      0.0158324104,      0.9866970801,                 0,                 0,                 0,     0.09384000484,    -0.07022415358,      0.9843222853,                 0,       62.32134306,     0.01476816809
          0,           0,         120,      -8.288979092,      -7.280616241,      -7.911988569,      -7.733696429,      -11.92817505,     0.01574748436,     0.01573902772,      0.9870915445,                 0,                 0,                 0,     0.09393741406,    -0.07035156075,      0.9847071098,                 0,       62.71617041,     0.01476816809
          0,           0,         121,      -8.300396541,        -7.2965749,      -7.931747608,      -7.745935287,      -11.92939197,     0.01574748436,       0.015650087,      0.9875108727,                 0,                 0,                 0,     0.09404059594,    -0.07047670989,      0.9851170907,                 0,       63.09938548,     0.01476816809
          0,           0,         122,      -8.311470708,      -7.312423812,      -7.951383563,      -7.757841373,      -11.93129398,     0.01574748436,     0.01556534005,      0.9879548141,                 0,                 0,                 0,     0.09414930329,     -0.0705998264,      0.9855519566,                 0,       63.47145717,     0.01476816809
          0,           0,         123,      -8.322214737,      -7.328156974,      -7.970873128,      -7.769424227,      -11.93391082,     0.01574748436,     0.01548453976,      0.9884229725,                 0,                 0,                 0,     0.09426327223,    -0.07072112191,      0.9860112912,                 0,        63.8328932,     0.01476816809
          0,           0,         124,      -8.332643616,      -7.343768986,      -7.990192878,      -7.780695348,      -11.93726041,     0.01574748436,     0.01540744638,      0.9889148004,                 0,                 0,                 0,     0.09438222308,    -0.07084078756,      0.9864945285,                 0,       64.18421173,     0.01476816809
          0,           0,         125,      -8.342775429,      -7.359254629,      -8.009319585,      -7.791669439,      -11.94131317,     0.01574748436,     0.01533383298,       0.989429603,                 0,                 0,                 0,     0.09450586019,    -0.07095898883,      0.9870009562,                 0,       64.52591496,     0.01476816809
          0,           0,         126,      -8.352627605,      -7.374608366,      -8.028230261,       -7.80236083,      -11.94608646,     0.01574748436,     0.01526348443,      0.9899665653,                 0,                 0,                 0,     0.09463387882,    -0.07107586903,      0.9875297439,                 0,       64.85849084,     0.01476816809
          0,           0,         127,      -8.362217682,      -7.389823714,      -8.046902057,      -7.812784187,      -11.95155672,     0.01574748436,     0.01519619432,      0.9905247549,                 0,                 0,                 0,     0.09476596078,    -0.07119155252,      0.9880799448,                 0,       65.18242228,     0.01476816809
          0,           0,         128,      -8.371562987,      -7.404893007,      -8.065312295,       -7.82295431,      -11.95778882,     0.01574748436,     0.01513176584,      0.9911031282,                 0,                 0,                 0,     0.09490177455,    -0.07130614437,      0.9886505018,                 0,       65.49818037,     0.01476816809
          0,           0,         129,      -8.380680179,       -7.41980758,      -8.083438565,      -7.832885616,      -11.96471584,     0.01574748436,       0.015070013,      0.9917005397,                 0,                 0,                 0,     0.09504097331,    -0.07141973007,      0.9892402579,                 0,       65.80621662,     0.01476816809
          0,           0,         130,      -8.389586038,      -7.434557387,      -8.101258326,      -7.842592892,      -11.97236273,     0.01574748436,     0.01501075697,      0.9923157633,                 0,                 0,                 0,     0.09518319877,    -0.07153238088,      0.9898479759,                 0,       66.10697684,     0.01476816809
          0,           0,         131,      -8.398298309,       -7.44913136,      -8.118749667,      -7.852092271,      -11.98071435,     0.01574748436,     0.01495382777,      0.9929475046,                 0,                 0,                 0,     0.09532808835,    -0.07164415332,      0.9904723515,                 0,        66.4008921,     0.01476816809
          0,           0,         132,      -8.406832456,      -7.463517677,      -8.135891141,      -7.861397912,      -11.98976722,     0.01574748436,     0.01489906666,      0.9935944177,                 0,                 0,                 0,     0.09547527762,    -0.07175508825,      0.9911120301,                 0,       66.68836648,     0.01476816809
          0,           0,         133,      -8.415207822,      -7.477704453,      -8.152662315,      -7.870528101,        -11.999536,     0.01574748436,     0.01484632044,      0.9942551063,                 0,                 0,                 0,     0.09562439885,    -0.07186521657,      0.9917656076,                 0,       66.96979971,     0.01476816809
          0,           0,         134,      -8.423439935,      -7.491680737,      -8.169044325,      -7.879497571,      -12.01002372,     0.01574748436,     0.01479544955,       0.994928157,                 0,                 0,                 0,      0.0957750989,    -0.07197455411,      0.9924316634,                 0,       67.24555099,     0.01476816809
          0,           0,         135,      -8.431544505,       -7.50543756,      -8.185020691,      -7.888321513,      -12.02124584,     0.01574748436,     0.01474632311,      0.9956121432,                 0,                 0,                 0,     0.09592702815,    -0.07208310693,      0.9931087651,                 0,       67.51595877,     0.01476816809
          0,           0,         136,      -8.439535845,      -7.518969029,      -8.200577877,      -7.897014028,      -12.03320265,     0.01574748436,     0.01469882002,       0.996305628,                 0,                 0,                 0,     0.09607984929,    -0.07219087044,      0.9937954709,                 0,        67.7813339,     0.01476816809
          0,           0,         137,      -8.447432709,      -7.532272923,      -8.215705805,      -7.905593983,      -12.04592739,     0.01574748436,     0.01465282723,      0.9970071728,                 0,                 0,                 0,     0.09623323733,    -0.07229783187,      0.9944903375,                 0,       68.04196606,     0.01476816809
          0,           0,         138,       -8.45525112,      -7.545350977,      -8.230399194,      -7.914077818,      -12.05941527,     0.01574748436,     0.01460824677,      0.9977153669,                 0,                 0,                 0,     0.09638689057,    -0.07240396587,      0.9951919514,                 0,       68.29809096,     0.01476816809
          0,           0,         139,      -8.463005868,       -7.55820849,      -8.244657421,      -7.922480972,      -12.07370823,     0.01574748436,     0.01456498652,       0.998428814,                 0,                 0,                 0,     0.09654051908,    -0.07250924251,      0.9958989131,                 0,        68.5499305,     0.01476816809
          0,           0,         140,       -8.47070948,      -7.570853852,      -8.258484653,      -7.930816704,      -12.08883714,     0.01574748436,     0.01452296384,      0.9991461351,                 0,                 0,                 0,     0.09669385267,    -0.07261362394,      0.9966098421,                 0,       68.79767423,     0.01476816809
          0,           0,         141,      -8.478377252,      -7.583297782,      -8.271890006,      -7.939101282,      -12.10481028,     0.01574748436,     0.01448210488,      0.9998659848,                 0,                 0,                 0,     0.09684663788,    -0.07271706646,      0.9973233915,                 0,        69.0414821,     0.01476816809
          0,           0,         142,      -8.486020553,      -7.595552226,      -8.284887584,       -7.94734691,      -12.12165084,     0.01574748436,     0.01444234204,       1.000587065,                 0,                 0,                 0,     0.09699863872,    -0.07281952426,      0.9980382622,                 0,       69.28149617,     0.01476816809
          0,           0,         143,      -8.493649059,      -7.607629564,      -8.297495254,      -7.955563914,      -12.13940118,     0.01574748436,     0.01440360871,       1.001308119,                 0,                 0,                 0,     0.09714962359,     -0.0729209542,      0.9987531966,                 0,       69.51786451,     0.01476816809
          0,           0,         144,      -8.501271158,      -7.619541991,      -8.309734001,      -7.963761629,      -12.15806766,     0.01574748436,     0.01436584578,       1.002027945,                 0,                 0,                 0,      0.0972993798,    -0.07302131039,      0.9994669919,                 0,       69.75071015,     0.01476816809
          0,           0,         145,      -8.508894252,       -7.63130102,      -8.321627841,      -7.971948677,      -12.17764214,     0.01574748436,     0.01432900009,       1.002745389,                 0,                 0,                 0,     0.09744771778,    -0.07312054527,       1.000178495,                 0,       69.98013698,     0.01476816809
          0,           0,         146,      -8.516524736,      -7.642917312,      -8.333203621,      -7.980132783,      -12.19819226,     0.01574748436,     0.01429302201,       1.003459352,                 0,                 0,                 0,     0.09759445988,    -0.07321861241,       1.000886605,                 0,       70.20624131,     0.01476816809
          0,           0,         147,      -8.524174907,      -7.654400303,      -8.344490328,      -7.988327642,      -12.21966861,     0.01574748436,      0.0142578693,        1.00416877,                 0,                 0,                 0,     0.09773943671,    -0.07331546117,        1.00159026,                 0,       70.42909068,     0.01476816809
          0,           0,         148,      -8.531853715,      -7.665757616,      -8.355518247,      -7.996543525,      -12.24212493,     0.01574748436,     0.01422350193,       1.004872639,                 0,                 0,                 0,     0.09788249952,      -0.073411044,       1.002288455,                 0,       70.64875051,     0.01476816809
          0,           0,         149,      -8.539567771,      -7.676994625,      -8.366318627,      -8.004788356,      -12.26545497,     0.01574748436,     0.01418988544,       1.005569998,                 0,                 0,                 0,      0.0980235044,    -0.07350531139,        1.00298023,                 0,       70.86526539,     0.01476816809
          0,           0,         150,      -8.547321823,      -7.688113963,      -8.376922205,      -8.013068225,      -12.28962999,     0.01574748436,     0.01415698785,       1.006259926,                 0,                 0,                 0,     0.09816231653,    -0.07359821498,       1.003664666,                 0,       71.07867411,     0.01476816809
          0,           0,         151,       -8.55512287,      -7.699115726,      -8.387359647,      -8.021391688,      -12.31451677,     0.01574748436,     0.01412478005,       1.006941547,                 0,                 0,                 0,     0.09829881169,    -0.07368970746,       1.004340886,                 0,       71.28900724,     0.01476816809
          0,           0,         152,      -8.562976365,      -7.709997691,      -8.397660434,      -8.029765734,      -12.34005604,     0.01574748436,     0.01409323529,       1.007614028,                 0,                 0,                 0,     0.09843287124,    -0.07377974277,       1.005008059,                 0,       71.49628935,     0.01476816809
          0,           0,         153,      -8.570897556,      -7.720755944,      -8.407852127,       -8.03820791,      -12.36602307,     0.01574748436,     0.01406232821,       1.008276564,                 0,                 0,                 0,     0.09856438265,    -0.07386827606,        1.00566538,                 0,       71.70054269,     0.01476816809
          0,           0,         154,      -8.578894858,      -7.731385423,      -8.417960949,      -8.046728655,      -12.39223999,     0.01574748436,     0.01403203857,       1.008928399,                 0,                 0,                 0,     0.09869324525,    -0.07395526159,       1.006312095,                 0,       71.90176923,     0.01476816809
          0,           0,         155,      -8.586976225,      -7.741880416,       -8.42801026,      -8.055338203,      -12.41828822,     0.01574748436,     0.01400235007,       1.009568817,                 0,                 0,                 0,     0.09881936739,    -0.07404065319,       1.006947488,                 0,       72.09995549,     0.01476816809
          0,           0,         156,      -8.595144374,       -7.75223507,      -8.438022243,       -8.06404131,      -12.44369008,     0.01574748436,     0.01397324756,       1.010197133,                 0,                 0,                 0,     0.09894266385,    -0.07412440629,       1.007570876,                 0,        72.2950859,     0.01476816809
          0,           0,         157,      -8.603404033,      -7.762444011,      -8.448017596,      -8.072844967,      -12.46795892,     0.01574748436,     0.01394471904,       1.010812699,                 0,                 0,                 0,     0.09906305528,    -0.07420647637,       1.008181614,                 0,       72.48713266,     0.01476816809
          0,           0,         158,      -8.611760023,      -7.772502898,      -8.458015541,      -8.081756345,      -12.49045181,     0.01574748436,     0.01391675242,       1.011414896,                 0,                 0,                 0,     0.09918046543,    -0.07428682151,       1.008779082,                 0,       72.67607167,     0.01476816809
          0,           0,         159,       -8.62021773,      -7.782408615,      -8.468033836,      -8.090783471,      -12.51063915,     0.01574748436,      0.0138893368,       1.012003129,                 0,                 0,                 0,     0.09929482166,    -0.07436540067,       1.009362687,                 0,       72.86187548,     0.01476816809
          0,           0,         160,      -8.628778996,      -7.792159154,       -8.47808916,      -8.099930768,      -12.52757799,     0.01574748436,     0.01386246409,       1.012576834,                 0,                 0,                 0,     0.09940605776,    -0.07444217287,       1.009931867,                 0,       73.04450552,     0.01476816809
          0,           0,         161,      -8.637444303,      -7.801753919,      -8.488197746,      -8.109201144,      -12.54082137,     0.01574748436,     0.01383612273,       1.013135465,                 0,                 0,                 0,     0.09951410366,    -0.07451710182,       1.010486076,                 0,       73.22394319,     0.01476816809
          0,           0,         162,      -8.646215638,      -7.811193574,      -8.498373953,      -8.118599371,      -12.54994312,     0.01574748436,     0.01381030219,       1.013678491,                 0,                 0,                 0,     0.09961889096,    -0.07459015199,       1.011024786,                 0,        73.4001673,     0.01476816809
          0,           0,         163,      -8.655091853,      -7.820479624,      -8.508630942,      -8.128126886,      -12.55480704,     0.01574748436,     0.01378499254,       1.014205414,                 0,                 0,                 0,     0.09972035634,     -0.0746612897,       1.011547498,                 0,       73.57315657,     0.01476816809
          0,           0,         164,      -8.664069033,      -7.829614236,      -8.518980811,      -8.137782284,      -12.55548807,     0.01574748436,     0.01376018382,       1.014715757,                 0,                 0,                 0,     0.09981843613,    -0.07473048334,       1.012053737,                 0,       73.74289256,     0.01476816809
          0,           0,         165,      -8.673140928,      -7.838599939,      -8.529433874,       -8.14756169,      -12.55262192,     0.01574748436,     0.01373586543,       1.015209068,                 0,                 0,                 0,     0.09991307027,    -0.07479770407,       1.012543051,                 0,       73.90936327,     0.01476816809
          0,           0,         166,      -8.682296932,      -7.847439221,      -8.539999363,      -8.157456401,      -12.54666924,     0.01574748436,     0.01371202463,       1.015684917,                 0,                 0,                 0,      0.1000041965,    -0.07486292713,       1.013015011,                 0,       74.07257098,     0.01476816809
          0,           0,         167,      -8.691528142,      -7.856134494,       -8.55068395,      -8.167459555,      -12.53832628,     0.01574748436,     0.01368864613,       1.016142893,                 0,                 0,                 0,      0.1000917486,     -0.0749261319,       1.013469207,                 0,       74.23253431,     0.01476816809
          0,           0,         168,      -8.700822546,      -7.864687636,       -8.56149181,      -8.177561022,      -12.52837472,     0.01574748436,     0.01366571376,       1.016582603,                 0,                 0,                 0,      0.1001756614,    -0.07498730021,       1.013905244,                 0,       74.38927965,     0.01476816809
          0,           0,         169,      -8.710164362,       -7.87309963,      -8.572424661,      -8.187746415,      -12.51743073,     0.01574748436,     0.01364321228,       1.017003683,                 0,                 0,                 0,      0.1002558741,    -0.07504641565,       1.014322761,                 0,       74.54283214,     0.01476816809
          0,           0,         170,      -8.719533492,      -7.881370398,       -8.58348178,      -8.197996559,      -12.50598828,     0.01574748436,     0.01362112324,       1.017405792,                 0,                 0,                 0,      0.1003323248,    -0.07510346674,       1.014721415,                 0,       74.69323741,     0.01476816809
          0,           0,         171,      -8.728907368,      -7.889498672,      -8.594658857,      -8.208289306,      -12.49448856,     0.01574748436,     0.01359942688,       1.017788609,                 0,                 0,                 0,      0.1004049528,    -0.07515844519,       1.015100884,                 0,       74.84055157,     0.01476816809
          0,           0,         172,      -8.738259415,      -7.897481883,      -8.605948055,      -8.218597739,      -12.48326874,     0.01574748436,      0.0135781032,       1.018151843,                 0,                 0,                 0,      0.1004737027,     -0.0752113457,       1.015460878,                 0,       74.98483612,     0.01476816809
          0,           0,         173,      -8.747558825,       -7.90531593,      -8.617338069,      -8.228889852,        -12.472553,     0.01574748436,     0.01355713203,       1.018495235,                 0,                 0,                 0,      0.1005385221,    -0.07526216564,       1.015801135,                 0,       75.12615739,     0.01476816809
          0,           0,         174,      -8.756771365,      -7.912995249,      -8.628813599,      -8.239129289,      -12.46250828,     0.01574748436,     0.01353649215,       1.018818549,                 0,                 0,                 0,      0.1005993614,    -0.07531090562,        1.01612142,                 0,       75.26459127,     0.01476816809
          0,           0,         175,      -8.765859528,      -7.920512771,      -8.640354904,      -8.249275279,      -12.45324007,     0.01574748436,     0.01351616133,       1.019121579,                 0,                 0,                 0,      0.1006561773,     -0.0753575699,       1.016421525,                 0,       75.40022304,     0.01476816809
          0,           0,         176,      -8.774782026,      -7.927859967,      -8.651937294,      -8.259281988,      -12.44484067,     0.01574748436,     0.01349611869,       1.019404151,                 0,                 0,                 0,      0.1007089317,    -0.07540216409,       1.016701275,                 0,       75.53313474,     0.01476816809
          0,           0,         177,      -8.783493644,      -7.935026834,      -8.663530694,      -8.269098075,      -12.43735097,     0.01574748436,     0.01347634547,       1.019666124,                 0,                 0,                 0,      0.1007575953,    -0.07544469451,       1.016960528,                 0,       75.66340048,     0.01476816809
          0,           0,         178,      -8.791945807,       -7.94200216,      -8.675099559,      -8.278667159,       -12.4307641,     0.01574748436,     0.01345682116,       1.019907385,                 0,                 0,                 0,      0.1008021432,    -0.07548517179,       1.017199169,                 0,       75.79110793,     0.01476816809
          0,           0,         179,      -8.800088573,      -7.948773788,      -8.686602182,      -8.287929908,      -12.42511046,     0.01574748436,     0.01343752697,       1.020127847,                 0,                 0,                 0,      0.1008425543,    -0.07552360709,        1.01741711,                 0,       75.91633857,     0.01476816809
          0,           0,         180,       -8.80786975,       -7.95532869,      -8.697990842,      -8.296822916,      -12.42034027,     0.01574748436,     0.01341844425,       1.020327449,                 0,                 0,                 0,       0.100878813,    -0.07556001364,       1.017614289,                 0,       76.03917637,     0.01476816809
          0,           0,         181,      -8.815237347,      -7.961653242,       -8.70921221,      -8.305281528,      -12.41643003,     0.01574748436,     0.01339955566,       1.020506153,                 0,                 0,                 0,      0.1009109088,    -0.07559440546,       1.017790667,                 0,       76.15970104,     0.01476816809
          0,           0,         182,       -8.82213984,      -7.967733514,      -8.720207276,      -8.313240175,      -12.41333897,     0.01574748436,     0.01338084536,       1.020663943,                 0,                 0,                 0,      0.1009388337,    -0.07562679687,       1.017946226,                 0,        76.2779866,     0.01476816809
          0,           0,         183,      -8.828527629,      -7.973555416,      -8.730911515,      -8.320634213,      -12.41102713,     0.01574748436,     0.01336229774,       1.020800822,                 0,                 0,                 0,      0.1009625843,    -0.07565720369,       1.018080968,                 0,       76.39410843,     0.01476816809
          0,           0,         184,       -8.83435384,      -7.979104944,      -8.741255585,       -8.32740104,      -12.40943231,     0.01574748436,     0.01334389778,       1.020916812,                 0,                 0,                 0,        0.10098216,    -0.07568564279,       1.018194912,                 0,       76.50814094,     0.01476816809
          0,           0,         185,      -8.839576665,      -7.984368458,      -8.751166474,      -8.333483174,      -12.40849565,     0.01574748436,     0.01332563105,       1.021011947,                 0,                 0,                 0,      0.1009975611,    -0.07571213161,       1.018288094,                 0,       76.62015731,     0.01476816809
          0,           0,         186,      -8.844161251,      -7.989332936,      -8.760569082,      -8.338831002,      -12.40815541,     0.01574748436,     0.01330748389,       1.021086275,                 0,                 0,                 0,      0.1010087888,    -0.07573668783,       1.018360557,                 0,       76.73022817,     0.01476816809
          0,           0,         187,      -8.848080525,      -7.993986219,      -8.769387844,      -8.343404246,      -12.40837011,     0.01574748436,     0.01328944335,       1.021139854,                 0,                 0,                 0,      0.1010158456,    -0.07575932941,        1.01841236,                 0,       76.83842183,     0.01476816809
          0,           0,         188,      -8.851315352,      -7.998317264,      -8.777548236,      -8.347172582,      -12.40904148,     0.01574748436,     0.01327149696,       1.021172751,                 0,                 0,                 0,      0.1010187348,    -0.07578007465,       1.018443567,                 0,       76.94480537,     0.01476816809
          0,           0,         189,      -8.853855836,      -8.002316345,      -8.784979025,      -8.350117694,      -12.41010015,     0.01574748436,     0.01325363319,       1.021185042,                 0,                 0,                 0,      0.1010174608,    -0.07579894167,       1.018454254,                 0,       77.04944198,     0.01476816809
          0,           0,         190,      -8.855701953,      -8.005975305,      -8.791614237,      -8.352234323,      -12.41146675,     0.01574748436,     0.01323584155,       1.021176813,                 0,                 0,                 0,      0.1010120302,    -0.07581594844,       1.018444507,                 0,       77.15239027,     0.01476816809
          0,           0,         191,      -8.856863809,      -8.009287713,      -8.797395751,       -8.35353085,      -12.41305052,     0.01574748436,      0.0132181125,       1.021148162,                 0,                 0,                 0,      0.1010024517,    -0.07583111294,        1.01841442,                 0,       77.25370487,     0.01476816809
          0,           0,         192,      -8.857361242,      -8.012249098,      -8.802275666,      -8.354028896,      -12.41474965,     0.01574748436,     0.01320043687,       1.021099197,                 0,                 0,                 0,      0.1009887362,    -0.07584445368,         1.0183641,                 0,       77.35343963,     0.01476816809
          0,           0,         193,       -8.85722323,      -8.014857051,      -8.806217893,      -8.353762671,      -12.41645592,     0.01574748436,      0.0131828089,       1.021030037,                 0,                 0,                 0,      0.1009708985,    -0.07585598695,       1.018293667,                 0,       77.45163002,     0.01476816809
          0,           0,         194,      -8.856486648,      -8.017111443,      -8.809199814,      -8.352777259,       -12.4180361,     0.01574748436,     0.01316522287,       1.020940822,                 0,                 0,                 0,      0.1009489585,    -0.07586573042,       1.018203259,                 0,       77.54831286,     0.01476816809
          0,           0,         195,      -8.855195592,      -8.019014411,      -8.811213545,       -8.35112763,      -12.41934458,     0.01574748436,     0.01314767605,       1.020831707,                 0,                 0,                 0,      0.1009229424,     -0.0758737005,        1.01809303,                 0,       77.64350929,     0.01476816809
          0,           0,         196,      -8.853400002,      -8.020570458,      -8.812266175,      -8.348876568,      -12.42022284,     0.01574748436,     0.01313016828,       1.020702874,                 0,                 0,                 0,      0.1008928843,    -0.07587991307,       1.017963161,                 0,       77.73722714,     0.01476816809
          0,           0,         197,      -8.851154469,      -8.021786494,      -8.812379927,      -8.346092893,      -12.42049758,     0.01574748436,     0.01311270241,        1.02055453,                 0,                 0,                 0,      0.1008588279,    -0.07588438343,       1.017813859,                 0,       77.82945862,     0.01476816809
          0,           0,         198,      -8.848516747,      -8.022671842,      -8.811591362,      -8.342849362,      -12.41998575,     0.01574748436,     0.01309528435,       1.020386914,                 0,                 0,                 0,      0.1008208272,    -0.07588712657,       1.017645363,                 0,       77.92018003,     0.01476816809
          0,           0,         199,      -8.845546516,      -8.023238093,      -8.809950265,      -8.339220804,       -12.4185061,     0.01574748436,     0.01307792313,       1.020200301,                 0,                 0,                 0,      0.1007789465,    -0.07588815728,       1.017457947,                 0,       78.00935139,     0.01476816809
          0,           0,         200,      -8.842304457,      -8.023499036,      -8.807518153,      -8.335282709,       -12.4158786,     0.01574748436,     0.01306063089,       1.019994997,                 0,                 0,                 0,      0.1007332612,    -0.07588749034,       1.017251917,                 0,       78.09691627,     0.01476816809
          0,           0,         201,      -8.838850311,      -8.023470559,      -8.804365946,      -8.331108779,      -12.41194638,     0.01574748436,     0.01304342237,       1.019771351,                 0,                 0,                 0,      0.1006838576,     -0.0758851413,       1.017027622,                 0,       78.18280525,     0.01476816809
          0,           0,         202,      -8.835242546,       -8.02317047,      -8.800572159,      -8.326770313,      -12.40657537,     0.01574748436,     0.01302631523,       1.019529747,                 0,                 0,                 0,      0.1006308335,    -0.07588112617,       1.016785446,                 0,       78.26693344,     0.01476816809
          0,           0,         203,      -8.831537158,      -8.022618272,      -8.796220635,      -8.322334761,      -12.39967259,     0.01574748436,     0.01300932894,       1.019270612,                 0,                 0,                 0,      0.1005742977,    -0.07587546276,       1.016525818,                 0,       78.34920747,      0.0189476923
          0,           0,         204,      -8.827787192,      -8.021834938,      -8.791398072,      -8.317865219,      -12.39119152,     0.01574748436,     0.01299248515,       1.018994416,                 0,                 0,                 0,      0.1005143695,    -0.07586817032,       1.016249204,                 0,       78.42952322,      0.0189476923
          0,           0,         205,      -8.824042135,      -8.020842661,      -8.786191955,       -8.31341975,      -12.38113833,     0.01574748436,     0.01297580716,       1.018701666,                 0,                 0,                 0,      0.1004511791,    -0.07585927004,       1.015956115,                 0,       78.50776861,      0.0189476923
          0,           0,         206,      -8.820347822,      -8.019664633,       -8.78068863,      -8.309051262,      -12.36957639,     0.01574748436,      0.0129593196,       1.018392916,                 0,                 0,                 0,      0.1003848667,    -0.07584878553,       1.015647103,                 0,       78.58382595,      0.0189476923
          0,           0,         207,      -8.816745627,      -8.018324707,      -8.774971518,      -8.304806882,      -12.35661249,     0.01574748436,     0.01294304749,       1.018068758,                 0,                 0,                 0,      0.1003155811,    -0.07583674345,        1.01532276,                 0,       78.65757722,      0.0189476923
          0,           0,         208,      -8.813272835,      -8.016847067,      -8.769120073,      -8.300728406,      -12.34237054,     0.01574748436,     0.01292701773,       1.017729822,                 0,                 0,                 0,      0.1002434797,      -0.075823172,       1.014983716,                 0,         78.728895,      0.0189476923
          0,           0,         209,      -8.809962083,      -8.015255951,      -8.763208461,      -8.296851801,      -12.32705161,     0.01574748436,     0.01291125592,       1.017376776,                 0,                 0,                 0,      0.1001687265,    -0.07580810385,        1.01463064,                 0,       78.79766169,      0.0189476923
          0,           0,         210,      -8.806842005,      -8.013575336,      -8.757305016,      -8.293208103,      -12.31084309,     0.01574748436,     0.01289578638,       1.017010319,                 0,                 0,                 0,      0.1000914911,    -0.07579157576,        1.01426423,                 0,       78.86376908,      0.0189476923
          0,           0,         211,      -8.803937337,      -8.011828691,      -8.751471915,      -8.289823648,      -12.29395362,     0.01574748436,     0.01288063332,       1.016631182,                 0,                 0,                 0,      0.1000119466,    -0.07577362712,       1.013885214,                 0,       78.92711144,      0.0189476923
          0,           0,         212,      -8.801268754,      -8.010038764,      -8.745764994,      -8.286719978,      -12.27658519,     0.01574748436,     0.01286581934,       1.016240117,                 0,                 0,                 0,     0.09993027011,    -0.07575430121,       1.013494347,                 0,       78.98759423,      0.0189476923
          0,           0,         213,      -8.798853286,      -8.008227362,      -8.740233871,      -8.283914423,      -12.25892887,     0.01574748436,     0.01285136495,       1.015837901,                 0,                 0,                 0,     0.09984663984,    -0.07573364517,       1.013092402,                 0,       79.04513686,      0.0189476923
          0,           0,         214,      -8.796706284,      -8.006415192,      -8.734921898,      -8.281422421,      -12.24114309,     0.01574748436,     0.01283728864,       1.015425327,                 0,                 0,                 0,     0.09976123492,    -0.07571170966,        1.01268017,                 0,       79.09967247,      0.0189476923
          0,           0,         215,       -8.79483454,      -8.004621584,      -8.729866324,      -8.279249646,          -12.2234,     0.01574748436,     0.01282360619,       1.015003196,                 0,                 0,                 0,     0.09967423361,    -0.07568854894,       1.012258453,                 0,        79.1511515,      0.0189476923
          0,           0,         216,      -8.793246118,      -8.002864528,      -8.725098658,        -8.2774034,      -12.20585351,     0.01574748436,     0.01281033175,       1.014572324,                 0,                 0,                 0,     0.09958581503,    -0.07566421986,       1.011828063,                 0,       79.19953546,      0.0189476923
          0,           0,         217,      -8.791946108,      -8.001160599,      -8.720645071,      -8.275887693,      -12.18861924,     0.01574748436,      0.0127974769,       1.014133528,                 0,                 0,                 0,      0.0994961549,    -0.07563878221,       1.011389817,                 0,       79.24480235,      0.0189476923
          0,           0,         218,       -8.79093751,      -7.999524876,      -8.716526895,      -8.274704337,      -12.17179779,     0.01574748436,     0.01278505125,       1.013687624,                 0,                 0,                 0,     0.09940542667,    -0.07561229754,       1.010944527,                 0,        79.2869426,      0.0189476923
          0,           0,         219,      -8.790220645,      -7.997970936,      -8.712760812,       -8.27385225,      -12.15547411,     0.01574748436,     0.01277306175,       1.013235429,                 0,                 0,                 0,      0.0993138013,    -0.07558483001,       1.010493008,                 0,       79.32596342,      0.0189476923
          0,           0,         220,      -8.789794247,      -7.996510903,      -8.709359605,      -8.273328711,      -12.13971741,     0.01574748436,     0.01276151339,       1.012777749,                 0,                 0,                 0,     0.09922144509,    -0.07555644499,       1.010036063,                 0,       79.36188431,      0.0189476923
          0,           0,         221,      -8.789655604,      -7.995155467,       -8.70633263,      -8.273129537,      -12.12458965,     0.01574748436,     0.01275040876,       1.012315379,                 0,                 0,                 0,     0.09912851905,    -0.07552720917,       1.009574485,                 0,       79.39473928,      0.0189476923
          0,           0,         222,       -8.78980096,      -7.993913974,      -8.703686286,      -8.273249523,      -12.11013495,     0.01574748436,      0.0127397484,       1.011849101,                 0,                 0,                 0,     0.09903517925,    -0.07549719015,       1.009109052,                 0,        79.4245749,      0.0189476923
          0,           0,         223,      -8.790225685,      -7.992794496,      -8.701424589,      -8.273682631,      -12.09638946,     0.01574748436,     0.01272953079,       1.011379679,                 0,                 0,                 0,     0.09894157533,    -0.07546645604,       1.008640526,                 0,       79.45144999,      0.0189476923
          0,           0,         224,      -8.790924205,      -7.991803906,      -8.699549346,      -8.274421887,      -12.08337878,     0.01574748436,     0.01271975144,       1.010907854,                 0,                 0,                 0,     0.09884784891,    -0.07543507589,       1.008169643,                 0,        79.4754409,      0.0189476923
          0,           0,         225,      -8.791891222,      -7.990948018,      -8.698060427,      -8.275460809,      -12.07112367,     0.01574748436,     0.01271040519,       1.010434345,                 0,                 0,                 0,     0.09875413546,    -0.07540311754,       1.007697122,                 0,       79.49662734,      0.0189476923
          0,           0,         226,      -8.793118585,      -7.990231573,      -8.696955977,      -8.276789729,      -12.05964011,     0.01574748436,     0.01270148413,       1.009959844,                 0,                 0,                 0,     0.09866056254,    -0.07537064922,       1.007223649,                 0,       79.51510499,      0.0189476923
          0,           0,         227,      -8.794597932,       -7.98965835,      -8.696232425,      -8.278398876,        -12.048936,     0.01574748436,     0.01269297912,       1.009485019,                 0,                 0,                 0,     0.09856725048,    -0.07533773808,       1.006749889,                 0,       79.53097604,      0.0189476923
          0,           0,         228,      -8.796321905,      -7.989231332,      -8.695884784,      -8.280279751,      -12.03901271,     0.01574748436,     0.01268487932,       1.009010504,                 0,                 0,                 0,     0.09847431173,    -0.07530445042,       1.006276475,                 0,       79.54435188,      0.0189476923
          0,           0,         229,      -8.798282561,      -7.988952728,      -8.695906729,      -8.282423269,      -12.02987254,     0.01574748436,     0.01267717231,       1.008536907,                 0,                 0,                 0,      0.0983818507,    -0.07527085136,       1.005804008,                 0,       79.55535208,      0.0189476923
          0,           0,         230,      -8.800471324,      -7.988824049,      -8.696290592,      -8.284819697,      -12.02151282,     0.01574748436,     0.01266984463,         1.0080648,                 0,                 0,                 0,      0.0982899643,    -0.07523700434,       1.005333059,                 0,       79.56410116,      0.0189476923
          0,           0,         231,      -8.802879203,      -7.988846177,      -8.697027546,      -8.287458905,      -12.01393152,     0.01574748436,     0.01266288178,       1.007594726,                 0,                 0,                 0,     0.09819874171,    -0.07520297101,       1.004864166,                 0,       79.57072831,      0.0189476923
          0,           0,         232,      -8.805497095,      -7.989019432,      -8.698107784,      -8.290330692,      -12.00711899,     0.01574748436,     0.01265626835,        1.00712719,                 0,                 0,                 0,     0.09810826424,    -0.07516881089,       1.004397834,                 0,       79.57536634,      0.0189476923
          0,           0,         233,      -8.808315804,      -7.989343656,      -8.699520673,      -8.293424801,      -12.00106899,     0.01574748436,     0.01264998814,       1.006662667,                 0,                 0,                 0,     0.09801860566,    -0.07513458135,       1.003934531,                 0,       79.57815107,      0.0189476923
          0,           0,         234,      -8.811326306,      -7.989818237,      -8.701254917,      -8.296731202,      -11.99576088,     0.01574748436,     0.01264402467,       1.006201597,                 0,                 0,                 0,     0.09792983287,     -0.0751003372,       1.003474695,                 0,       79.57921814,      0.0189476923
          0,           0,         235,      -8.814519559,      -7.990442218,      -8.703298648,      -8.300239892,      -11.99118438,     0.01574748436,     0.01263836063,       1.005744383,                 0,                 0,                 0,     0.09784200472,    -0.07506613087,       1.003018728,                 0,       79.57870587,      0.0189476923
          0,           0,         236,      -8.817886603,      -7.991214338,      -8.705639558,      -8.303940983,      -11.98733975,     0.01574748436,     0.01263297875,       1.005291397,                 0,                 0,                 0,     0.09775517392,     -0.0750320119,       1.002566996,                 0,       79.57675041,      0.0189476923
          0,           0,         237,      -8.821418432,      -7.992133062,      -8.708264961,      -8.307824554,      -11.98421268,     0.01574748436,     0.01262786164,       1.004842976,                 0,                 0,                 0,     0.09766938654,    -0.07499802714,       1.002119836,                 0,       79.57348638,      0.0189476923
          0,           0,         238,      -8.825106231,      -7.993196647,      -8.711161895,      -8.311880914,      -11.98178716,     0.01574748436,     0.01262299189,       1.004399428,                 0,                 0,                 0,     0.09758468226,    -0.07496422057,       1.001677551,                 0,       79.56904646,      0.0189476923
          0,           0,         239,      -8.828941459,      -7.994403188,      -8.714317241,      -8.316100692,       -11.9800517,     0.01574748436,     0.01261835277,       1.003961026,                 0,                 0,                 0,     0.09750109523,     -0.0749306328,       1.001240413,                 0,       79.56355671,      0.0189476923
          0,           0,         240,      -8.832915815,       -7.99575064,      -8.717717792,      -8.320474798,      -11.97899266,     0.01574748436,     0.01261392645,       1.003528017,                 0,                 0,                 0,     0.09741865423,    -0.07489730308,       1.000808667,                 0,       79.55714831,      0.0189476923
          0,           0,         241,      -8.837022066,      -7.997236889,      -8.721350415,      -8.324995415,      -11.97859599,     0.01574748436,     0.01260969695,       1.003100619,                 0,                 0,                 0,     0.09733738301,    -0.07486426629,       1.000382526,                 0,       79.54993869,      0.0189476923
          0,           0,         242,      -8.841250906,      -7.998859669,      -8.725202059,      -8.329652211,      -11.97884524,     0.01574748436,     0.01260564769,       1.002679021,                 0,                 0,                 0,      0.0972572997,    -0.07483155543,      0.9999621794,                 0,         79.542047,      0.0189476923
          0,           0,         243,      -8.845595179,      -8.000616701,      -8.729259893,      -8.334437426,      -11.97972882,     0.01574748436,     0.01260176331,       1.002263389,                 0,                 0,                 0,     0.09717841977,    -0.07479920026,      0.9995477898,                 0,       79.53358301,      0.0189476923
          0,           0,         244,       -8.85004804,      -8.002505676,      -8.733511358,      -8.339343625,      -11.98123373,     0.01574748436,     0.01259802889,       1.001853862,                 0,                 0,                 0,     0.09710075289,    -0.07476722792,      0.9991394966,                 0,       79.52465193,      0.0189476923
          0,           0,         245,      -8.854602917,      -8.004524269,      -8.737944229,      -8.344363677,      -11.98334665,     0.01574748436,     0.01259442973,        1.00145056,                 0,                 0,                 0,     0.09702430516,    -0.07473566322,      0.9987374148,                 0,       79.51535566,      0.0189476923
          0,           0,         246,      -8.859253213,       -8.00667012,      -8.742546601,      -8.349490415,      -11.98605399,     0.01574748436,     0.01259095067,       1.001053575,                 0,                 0,                 0,     0.09694907997,    -0.07470452959,      0.9983416379,                 0,       79.50579759,      0.0189476923
          0,           0,         247,        -8.8639927,      -8.008940857,      -8.747306901,      -8.354717094,      -11.98934217,     0.01574748436,     0.01258757934,       1.000662986,                 0,                 0,                 0,     0.09687507656,    -0.07467384594,      0.9979522406,                 0,       79.49606182,      0.0189476923
          0,           0,         248,       -8.86881535,       -8.01133413,      -8.752213955,      -8.360037087,      -11.99320084,     0.01574748436,     0.01258430268,       1.000278848,                 0,                 0,                 0,     0.09680229211,    -0.07464363038,      0.9975692797,                 0,       79.48623566,      0.0189476923
          0,           0,         249,      -8.873715429,       -8.01384758,      -8.757257022,       -8.36544418,      -11.99761855,     0.01574748436,     0.01258110751,      0.9999012016,                 0,                 0,                 0,     0.09673072099,     -0.0746138993,      0.9971927914,                 0,       79.47640546,      0.0189476923
          0,           0,         250,      -8.878687848,      -8.016478867,      -8.762425645,      -8.370932883,      -12.00258442,     0.01574748436,     0.01257798325,      0.9995300691,                 0,                 0,                 0,     0.09666035536,    -0.07458466535,      0.9968227989,                 0,       79.46664019,      0.0189476923
          0,           0,         251,      -8.883727344,      -8.019225676,      -8.767709772,      -8.376497458,      -12.00809457,     0.01574748436,     0.01257491911,      0.9991654604,                 0,                 0,                 0,       0.096591186,    -0.07455594008,      0.9964593106,                 0,       79.45700895,      0.0189476923
          0,           0,         252,      -8.888829066,      -8.022085724,      -8.773099822,      -8.382132643,       -12.0141155,     0.01574748436,     0.01257190486,      0.9988073698,                 0,                 0,                 0,     0.09652320119,    -0.07452773321,      0.9961023199,                 0,       79.44757625,      0.0189476923
          0,           0,         253,      -8.893988411,      -8.025056745,      -8.778586708,      -8.387833431,      -12.02064701,     0.01574748436,     0.01256893104,      0.9984557803,                 0,                 0,                 0,     0.09645638818,    -0.07450005267,      0.9957518091,                 0,       79.43840068,      0.0189476923
          0,           0,         254,      -8.899201022,      -8.028136518,      -8.784161834,      -8.393595086,      -12.02768459,     0.01574748436,     0.01256598898,      0.9981106637,                 0,                 0,                 0,     0.09639073301,    -0.07447290464,      0.9954077494,                 0,       79.42953516,      0.0189476923
          0,           0,         255,      -8.904462879,      -8.031322869,      -8.789817153,      -8.399413246,      -12.03521603,     0.01574748436,     0.01256307056,       0.997771981,                 0,                 0,                 0,     0.09632622015,    -0.07444629381,      0.9950701011,                 0,       79.42102816,      0.0189476923
          0,           0,         256,      -8.909770165,       -8.03461365,        -8.7955452,      -8.405283757,      -12.04323177,     0.01574748436,     0.01256016838,      0.9974396839,                 0,                 0,                 0,     0.09626283334,    -0.07442022335,      0.9947388156,                 0,       79.41292297,      0.0189476923
          0,           0,         257,      -8.915119266,      -8.038006755,      -8.801339054,      -8.411202682,      -12.05172225,     0.01574748436,     0.01255727556,       0.997113716,                 0,                 0,                 0,     0.09620055534,    -0.07439469519,       0.994413836,                 0,       79.40525885,      0.0189476923
          0,           0,         258,      -8.920506717,      -8.041500114,      -8.807192309,      -8.417166249,      -12.06067797,     0.01574748436,     0.01255438577,       0.996794013,                 0,                 0,                 0,     0.09613936802,    -0.07436971003,      0.9940950977,                 0,       79.39807105,      0.0189476923
          0,           0,         259,       -8.92592935,       -8.04509171,      -8.813099075,      -8.423171013,      -12.07008957,     0.01574748436,     0.01255149323,      0.9964805038,                 0,                 0,                 0,     0.09607925283,    -0.07434526743,      0.9937825293,                 0,       79.39139078,      0.0189476923
          0,           0,         260,      -8.931384022,      -8.048779565,       -8.81905391,      -8.429213532,      -12.07994862,     0.01574748436,     0.01254859279,      0.9961731116,                 0,                 0,                 0,     0.09602019067,    -0.07432136585,      0.9934760541,                 0,       79.38524489,      0.0189476923
          0,           0,         261,      -8.936867895,      -8.052561745,      -8.825051804,      -8.435290709,      -12.09024318,     0.01574748436,     0.01254567973,      0.9958717538,                 0,                 0,                 0,     0.09596216185,    -0.07429800276,      0.9931755892,                 0,       79.37965702,      0.0189476923
          0,           0,         262,      -8.942378188,      -8.056436359,      -8.831088151,        -8.4413995,      -12.10096659,     0.01574748436,     0.01254274975,      0.9955763434,                 0,                 0,                 0,     0.09590514652,    -0.07427517487,      0.9928810475,                 0,       79.37464774,      0.0189476923
          0,           0,         263,      -8.947912162,       -8.06040154,      -8.837158742,      -8.447536886,      -12.11211369,     0.01574748436,     0.01253979889,      0.9952867888,                 0,                 0,                 0,     0.09584912428,    -0.07425287816,      0.9925923376,                 0,       79.37023531,      0.0189476923
          0,           0,         264,      -8.953467233,      -8.064455481,       -8.84325971,      -8.453700004,      -12.12367643,     0.01574748436,     0.01253682416,      0.9950029944,                 0,                 0,                 0,      0.0957940744,    -0.07423110725,      0.9923093638,                 0,       79.36643135,      0.0189476923
          0,           0,         265,      -8.959040825,      -8.068596429,      -8.849387523,      -8.459885998,      -12.13564298,     0.01574748436,     0.01253382201,      0.9947248617,                 0,                 0,                 0,     0.09573997645,    -0.07420985712,      0.9920320279,                 0,       79.36325098,      0.0189476923
          0,           0,         266,      -8.964630535,      -8.072822621,      -8.855539017,        -8.4660922,      -12.14798958,     0.01574748436,     0.01253078975,      0.9944522898,                 0,                 0,                 0,     0.09568680907,    -0.07418912163,      0.9917602289,                 0,       79.36070351,      0.0189476923
          0,           0,         267,      -8.970234499,      -8.077132341,      -8.861711404,      -8.472316614,      -12.16072625,     0.01574748436,     0.01252772546,       0.994185174,                 0,                 0,                 0,     0.09563455094,    -0.07416889359,      0.9914938625,                 0,       79.35879322,      0.0189476923
          0,           0,         268,      -8.975850339,      -8.081523947,      -8.867902064,      -8.478556556,      -12.17384518,     0.01574748436,     0.01252462674,      0.9939234094,                 0,                 0,                 0,     0.09558318159,    -0.07414916623,      0.9912328239,                 0,       79.35752741,      0.0189476923
          0,           0,         269,      -8.981475919,      -8.085995813,      -8.874108713,      -8.484809636,       -12.1873353,     0.01574748436,     0.01252149232,      0.9936668881,                 0,                 0,                 0,     0.09553267979,    -0.07412993142,      0.9909770056,                 0,       79.35690594,      0.0189476923
          0,           0,         270,      -8.987109079,      -8.090546323,      -8.880329227,      -8.491073439,      -12.20118719,     0.01574748436,     0.01251831989,      0.9934155013,                 0,                 0,                 0,     0.09548302466,    -0.07411118197,      0.9907262989,                 0,        79.3569353,      0.0189476923
          0,           0,         271,      -8.992747926,      -8.095173888,       -8.88656174,      -8.497345846,      -12.21539107,     0.01574748436,     0.01251510905,      0.9931691399,                 0,                 0,                 0,     0.09543419572,    -0.07409290878,      0.9904805951,                 0,       79.35760976,      0.0189476923
          0,           0,         272,      -8.998390404,      -8.099876936,      -8.892804547,      -8.503624543,      -12.22993697,     0.01574748436,     0.01251185875,      0.9929276945,                 0,                 0,                 0,      0.0953861724,    -0.07407510336,      0.9902397852,                 0,       79.35892774,      0.0189476923
          0,           0,         273,      -9.004034733,      -8.104653929,      -8.899056175,      -8.509907536,      -12.24481496,     0.01574748436,     0.01250856845,      0.9926910545,                 0,                 0,                 0,     0.09533893442,     -0.0740577566,      0.9900037589,                 0,       79.36088435,      0.0189476923
          0,           0,         274,       -9.00967899,      -8.109503338,      -8.905315339,      -8.516192655,      -12.26001517,     0.01574748436,     0.01250523783,      0.9924591098,                 0,                 0,                 0,     0.09529246174,    -0.07404085923,      0.9897724065,                 0,       79.36347338,      0.0189476923
          0,           0,         275,      -9.015321456,      -8.114423645,      -8.911580915,      -8.522477968,      -12.27552826,     0.01574748436,     0.01250186673,       0.992231751,                 0,                 0,                 0,     0.09524673473,    -0.07402440188,      0.9895456191,                 0,       79.36668756,      0.0189476923
          0,           0,         276,      -9.020960211,      -8.119413339,      -8.917851941,      -8.528761279,      -12.29134416,     0.01574748436,      0.0124984552,      0.9920088685,                 0,                 0,                 0,      0.0952017339,    -0.07400837494,      0.9893232874,                 0,       79.37051839,      0.0189476923
          0,           0,         277,      -9.026593452,      -8.124470917,      -8.924127598,       -8.53504055,      -12.30745382,     0.01574748436,     0.01249500356,      0.9917903543,                 0,                 0,                 0,      0.0951574403,    -0.07399276868,      0.9891053039,                 0,       79.37495574,      0.0189476923
          0,           0,         278,      -9.032219293,      -8.129594868,      -8.930407185,      -8.541313529,      -12.32384838,     0.01574748436,     0.01249151214,      0.9915761004,                 0,                 0,                 0,     0.09511383499,    -0.07397757335,       0.988891561,                 0,       79.37998933,      0.0189476923
          0,           0,         279,      -9.037835989,      -8.134783688,      -8.936690063,      -8.547578212,      -12.34051701,     0.01574748436,     0.01248798176,      0.9913660011,                 0,                 0,                 0,     0.09507090026,    -0.07396277894,      0.9886819535,                 0,       79.38560608,      0.0189476923
          0,           0,         280,      -9.043441799,      -8.140035868,      -8.942975633,       -8.55383256,       -12.3574626,     0.01574748436,     0.01248441321,      0.9911599519,                 0,                 0,                 0,     0.09502861815,    -0.07394837554,      0.9884763773,                 0,       79.39179319,      0.0189476923
          0,           0,         281,      -9.049034933,      -8.145349895,      -8.949263348,      -8.560074453,      -12.37464679,     0.01574748436,     0.01248080737,      0.9909578492,                 0,                 0,                 0,     0.09498697131,    -0.07393435325,      0.9882747295,                 0,        79.3985373,      0.0189476923
          0,           0,         282,      -9.054613601,       -8.15072424,      -8.955552748,      -8.566301744,      -12.39203471,     0.01574748436,     0.01247716544,       0.990759592,                 0,                 0,                 0,     0.09494594316,    -0.07392070207,      0.9880769093,                 0,       79.40582314,      0.0189476923
          0,           0,         283,      -9.060175953,      -8.156157362,      -8.961843387,      -8.572512195,      -12.40964878,     0.01574748436,     0.01247348866,      0.9905650814,                 0,                 0,                 0,     0.09490551742,    -0.07390741214,      0.9878828183,                 0,       79.41363546,      0.0189476923
          0,           0,         284,      -9.065720209,        -8.1616477,      -8.968134849,      -8.578703628,      -12.42746734,     0.01574748436,     0.01246977835,      0.9903742193,                 0,                 0,                 0,     0.09486567819,     -0.0738944736,      0.9876923592,                 0,       79.42195857,      0.0189476923
          0,           0,         285,      -9.071244595,      -8.167193675,      -8.974426788,       -8.58487384,      -12.44546982,     0.01574748436,     0.01246603599,      0.9901869107,                 0,                 0,                 0,     0.09482641027,    -0.07388187671,      0.9875054372,                 0,        79.4307759,      0.0189476923
          0,           0,         286,      -9.076747344,      -8.172793679,      -8.980718881,      -8.591020621,      -12.46363394,     0.01574748436,     0.01246226314,      0.9900030629,                 0,                 0,                 0,     0.09478769899,     -0.0738696118,      0.9873219602,                 0,       79.44007052,      0.0189476923
          0,           0,         287,      -9.082226615,      -8.178446071,      -8.987010819,      -8.597141632,      -12.48193264,     0.01574748436,     0.01245846139,      0.9898225849,                 0,                 0,                 0,     0.09474953002,    -0.07385766939,      0.9871418375,                 0,       79.44982562,      0.0189476923
          0,           0,         288,      -9.087680557,      -8.184149176,      -8.993302286,      -8.603234491,      -12.50034619,     0.01574748436,     0.01245463243,      0.9896453882,                 0,                 0,                 0,     0.09471188966,    -0.07384604007,      0.9869649815,                 0,        79.4600237,      0.0189476923
          0,           0,         289,      -9.093107311,       -8.18990128,       -8.99959295,      -8.609296771,      -12.51886247,     0.01574748436,     0.01245077804,      0.9894713872,                 0,                 0,                 0,     0.09467476479,    -0.07383471461,      0.9867913066,                 0,       79.47064704,      0.0189476923
          0,           0,         290,      -9.098505042,      -8.195700627,      -9.005882458,       -8.61532605,      -12.53741338,     0.01574748436,     0.01244689996,      0.9893004982,                 0,                 0,                 0,     0.09463814267,    -0.07382368398,      0.9866207299,                 0,       79.48167831,      0.0189476923
          0,           0,         291,      -9.103871912,       -8.20154541,       -9.01217042,      -8.621319864,      -12.55599482,     0.01574748436,     0.01244300022,      0.9891326402,                 0,                 0,                 0,     0.09460201117,    -0.07381293909,      0.9864531708,                 0,       79.49309836,      0.0189476923
          0,           0,         292,      -9.109206019,      -8.207433773,        -9.0184564,      -8.627275626,      -12.57458929,     0.01574748436,     0.01243908063,      0.9889677347,                 0,                 0,                 0,     0.09456635866,     -0.0738024713,      0.9862885512,                 0,       79.50488981,      0.0189476923
          0,           0,         293,        -9.1145055,        -8.2133638,      -9.024739915,      -8.633190771,      -12.59315983,     0.01574748436,     0.01243514293,      0.9888057057,                 0,                 0,                 0,      0.0945311738,    -0.07379227226,      0.9861267956,                 0,       79.51703582,      0.0189476923
          0,           0,         294,      -9.119768648,      -8.219333514,      -9.031020484,      -8.639062905,      -12.61167298,     0.01574748436,     0.01243118926,      0.9886464792,                 0,                 0,                 0,     0.09449644577,    -0.07378233338,      0.9859678304,                 0,       79.52951711,      0.0189476923
          0,           0,         295,      -9.124993536,       -8.22534087,      -9.037297543,      -8.644889304,       -12.6300919,     0.01574748436,     0.01242722135,      0.9884899844,                 0,                 0,                 0,     0.09446216431,    -0.07377264677,      0.9858115853,                 0,       79.54231736,      0.0189476923
          0,           0,         296,      -9.130178376,       -8.23138376,      -9.043570503,      -8.650667392,      -12.64837604,     0.01574748436,     0.01242324113,      0.9883361518,                 0,                 0,                 0,     0.09442831941,    -0.07376320444,      0.9856579911,                 0,       79.55541885,      0.0189476923
          0,           0,         297,      -9.135321271,      -8.237459992,      -9.049838691,      -8.656394418,      -12.66647859,     0.01574748436,     0.01241925051,      0.9881849148,                 0,                 0,                 0,     0.09439490148,    -0.07375399871,      0.9855069818,                 0,       79.56880441,      0.0189476923
          0,           0,         298,      -9.140420338,      -8.243567279,      -9.056101334,      -8.662067614,      -12.68434965,     0.01574748436,     0.01241525139,      0.9880362092,                 0,                 0,                 0,     0.09436190151,    -0.07374502206,      0.9853584936,                 0,       79.58245692,      0.0189476923
          0,           0,         299,      -9.145473715,       -8.24970324,      -9.062357592,      -8.667684216,      -12.70195582,     0.01574748436,     0.01241124564,      0.9878899729,                 0,                 0,                 0,     0.09432931067,    -0.07373626723,      0.9852124646,                 0,       79.59635973,      0.0189476923
          0,           0,         300,      -9.150479531,      -8.255865377,      -9.068606535,      -8.673241422,      -12.71920553,     0.01574748436,     0.01240723506,      0.9877461457,                 0,                 0,                 0,      0.0942971206,    -0.07372772719,      0.9850688352,                 0,       79.61049667,      0.0189476923
          0,           0,         301,      -9.155435922,      -8.262051071,      -9.074847166,      -8.678736425,      -12.73608844,     0.01574748436,     0.01240322147,      0.9876046701,                 0,                 0,                 0,     0.09426532328,     -0.0737193951,      0.9849275482,                 0,       79.62485171,      0.0189476923
          0,           0,         302,       -9.16034096,      -8.268257563,      -9.081078398,      -8.684166315,      -12.75254486,     0.01574748436,     0.01239920659,      0.9874654903,                 0,                 0,                 0,     0.09423391098,    -0.07371126438,       0.984788548,                 0,       79.63940942,      0.0189476923
          0,           0,         303,      -9.165192761,      -8.274481966,      -9.087299067,      -8.689528223,      -12.76852273,     0.01574748436,     0.01239519214,      0.9873285523,                 0,                 0,                 0,     0.09420287629,    -0.07370332863,      0.9846517813,                 0,       79.65415472,      0.0189476923
          0,           0,         304,      -9.169989453,      -8.280721269,      -9.093507939,      -8.694819267,      -12.78397475,     0.01574748436,      0.0123911798,      0.9871938046,                 0,                 0,                 0,     0.09417221215,    -0.07369558165,      0.9845171966,                 0,       79.66907271,     0.01914316415
          0,           0,         305,      -9.174729219,      -8.286972371,      -9.099703716,      -8.700036596,      -12.79884463,     0.01574748436,     0.01238717122,      0.9870611971,                 0,                 0,                 0,     0.09414191173,    -0.07368801748,      0.9843847444,                 0,       79.68414899,     0.01914316415
          0,           0,         306,      -9.179410318,      -8.293232123,      -9.105885055,      -8.705177412,      -12.81305745,     0.01574748436,     0.01238316796,      0.9869306818,                 0,                 0,                 0,     0.09411196845,    -0.07368063034,      0.9842543768,                 0,       79.69936972,     0.01914316415
          0,           0,         307,      -9.184031081,      -8.299497368,      -9.112050525,      -8.710238953,      -12.82658049,     0.01574748436,     0.01237917156,      0.9868022121,                 0,                 0,                 0,       0.094082376,    -0.07367341467,      0.9841260477,                 0,        79.7147214,     0.01914316415
          0,           0,         308,      -9.188589929,      -8.305764962,      -9.118198643,      -8.715218502,      -12.83934835,     0.01574748436,     0.01237518355,      0.9866757437,                 0,                 0,                 0,     0.09405312847,    -0.07366636505,       0.983999713,                 0,       79.73019062,     0.01914316415
          0,           0,         309,      -9.193085178,      -8.312031763,      -9.124327855,      -8.720113135,      -12.85137421,     0.01574748436,     0.01237120543,      0.9865512334,                 0,                 0,                 0,     0.09402421975,    -0.07365947625,      0.9838753297,                 0,       79.74576439,     0.01914316415
          0,           0,         310,      -9.197515636,      -8.318294635,       -9.13043654,      -8.724920595,      -12.86263223,     0.01574748436,       0.012367238,       0.986428639,                 0,                 0,                 0,     0.09399564405,    -0.07365274378,       0.983752856,                 0,       79.76143414,     0.01914316415
          0,           0,         311,      -9.201880101,      -8.324550419,      -9.136523079,      -8.729638577,      -12.87309609,     0.01574748436,     0.01236328302,      0.9863079207,                 0,                 0,                 0,     0.09396739604,    -0.07364616241,      0.9836322524,                 0,       79.77718532,     0.01914316415
          0,           0,         312,      -9.206177136,       -8.33079591,       -9.14258567,      -8.734264488,       -12.8827544,     0.01574748436,     0.01235934172,      0.9861890403,                 0,                 0,                 0,     0.09393947054,     -0.0736397276,      0.9835134808,                 0,       79.79300697,     0.01914316415
          0,           0,         313,      -9.210405402,      -8.337027877,      -9.148622492,      -8.738795885,      -12.89160052,     0.01574748436,     0.01235541524,      0.9860719603,                 0,                 0,                 0,     0.09391186237,    -0.07363343494,      0.9833965041,                 0,       79.80888874,     0.01914316415
          0,           0,         314,      -9.214563603,      -8.343243042,      -9.154631631,      -8.743230418,      -12.89963663,     0.01574748436,     0.01235150474,      0.9859566446,                 0,                 0,                 0,     0.09388456672,    -0.07362728015,      0.9832812865,                 0,       79.82482017,     0.01914316415
          0,           0,         315,      -9.218650556,      -8.349438084,      -9.160611113,      -8.747565925,      -12.90687511,     0.01574748436,     0.01234761134,      0.9858430595,                 0,                 0,                 0,     0.09385757909,    -0.07362125914,      0.9831677943,                 0,       79.84079128,     0.01914316415
          0,           0,         316,      -9.222665172,      -8.355609645,      -9.166558929,      -8.751800405,      -12.91333664,     0.01574748436,     0.01234373616,      0.9857311715,                 0,                 0,                 0,     0.09383089495,    -0.07361536789,      0.9830559943,                 0,       79.85679204,     0.01914316415
          0,           0,         317,      -9.226606322,       -8.36175432,      -9.172473039,      -8.755931829,      -12.91905027,     0.01574748436,     0.01233988024,      0.9856209486,                 0,                 0,                 0,     0.09380451001,    -0.07360960257,      0.9829458548,                 0,       79.87281314,     0.01914316415
          0,           0,         318,      -9.230472929,      -8.367868646,      -9.178351357,      -8.759958286,      -12.92405144,     0.01574748436,     0.01233604456,      0.9855123604,                 0,                 0,                 0,     0.09377842028,    -0.07360395957,      0.9828373455,                 0,        79.8888457,     0.01914316415
          0,           0,         319,      -9.234264008,      -8.373949122,      -9.184191759,      -8.763878047,      -12.92837457,     0.01574748436,     0.01233223005,      0.9854053774,                 0,                 0,                 0,     0.09375262186,    -0.07359843538,      0.9827304371,                 0,       79.90488121,     0.01914316415
          0,           0,         320,       -9.23797862,      -8.379992202,       -9.18999214,      -8.767689519,      -12.93206275,     0.01574748436,     0.01232843762,       0.985299971,                 0,                 0,                 0,     0.09372711099,    -0.07359302662,      0.9826251013,                 0,       79.92091145,     0.01914316415
          0,           0,         321,      -9.241615907,      -8.385994312,      -9.195750377,      -8.771391289,      -12.93516116,     0.01574748436,     0.01232466816,      0.9851961144,                 0,                 0,                 0,     0.09370188426,    -0.07358773003,      0.9825213113,                 0,       79.93692828,     0.01914316415
          0,           0,         322,      -9.245175055,      -8.391951848,      -9.201464319,      -8.774982079,      -12.93771186,     0.01574748436,     0.01232092252,      0.9850937814,                 0,                 0,                 0,     0.09367693833,    -0.07358254251,      0.9824190413,                 0,       79.95292399,     0.01914316415
          0,           0,         323,      -9.248655295,       -8.39786119,      -9.207131811,      -8.778460744,      -12.93975578,     0.01574748436,     0.01231720149,      0.9849929471,                 0,                 0,                 0,     0.09365227002,    -0.07357746108,      0.9823182664,                 0,       79.96889128,     0.01914316415
          0,           0,         324,      -9.252055951,      -8.403718717,      -9.212750685,      -8.781826339,      -12.94133227,     0.01574748436,     0.01231350585,      0.9848935874,                 0,                 0,                 0,     0.09362787631,    -0.07357248289,      0.9822189627,                 0,       79.98482312,     0.01914316415
          0,           0,         325,      -9.255376452,      -8.409520848,      -9.218318763,       -8.78507813,      -12.94247937,     0.01574748436,     0.01230983633,      0.9847956794,                 0,                 0,                 0,     0.09360375436,    -0.07356760521,      0.9821211075,                 0,        80.0007127,     0.01914316415
          0,           0,         326,      -9.258616275,      -8.415264038,       -9.22383387,      -8.788215525,      -12.94323432,     0.01574748436,      0.0123061937,       0.984699201,                 0,                 0,                 0,     0.09357990137,    -0.07356282533,      0.9820246787,                 0,       80.01655304,     0.01914316415
          0,           0,         327,      -9.261774974,       -8.42094477,      -9.229293841,      -8.791238136,      -12.94363361,     0.01574748436,     0.01230257836,      0.9846041308,                 0,                 0,                 0,     0.09355631476,    -0.07355814099,      0.9819296552,                 0,       80.03233969,     0.01914316415
          0,           0,         328,      -9.264852309,      -8.426559553,      -9.234696544,      -8.794145933,      -12.94371189,     0.01574748436,     0.01229899114,      0.9845104483,                 0,                 0,                 0,     0.09353299197,    -0.07355354959,      0.9818360165,                 0,       80.04806546,     0.01914316415
          0,           0,         329,      -9.267847984,      -8.432104918,      -9.240039829,      -8.796938915,      -12.94350217,     0.01574748436,     0.01229543257,      0.9844181342,                 0,                 0,                 0,     0.09350993069,    -0.07354904892,      0.9817437436,                 0,       80.06372516,     0.01914316415
          0,           0,         330,      -9.270761819,      -8.437577466,      -9.245321589,      -8.799617318,      -12.94303535,     0.01574748436,     0.01229190318,      0.9843271696,                 0,                 0,                 0,     0.09348712866,     -0.0735446368,      0.9816528175,                 0,       80.07931362,     0.01914316415
          0,           0,         331,       -9.27359371,      -8.442973889,      -9.250539726,      -8.802181567,      -12.94233997,     0.01574748436,     0.01228840348,      0.9842375364,                 0,                 0,                 0,     0.09346458369,    -0.07354031113,      0.9815632204,                 0,        80.0948258,     0.01914316415
          0,           0,         332,      -9.276343663,      -8.448290974,      -9.255692154,        -8.8046323,       -12.9414408,     0.01574748436,       0.012284934,      0.9841492175,                 0,                 0,                 0,     0.09344229393,    -0.07353606991,      0.9814749351,                 0,       80.11025681,     0.01914316415
          0,           0,         333,      -9.279011782,      -8.453525596,      -9.260776811,      -8.806970369,      -12.94036081,     0.01574748436,      0.0122814952,      0.9840621963,                 0,                 0,                 0,      0.0934202575,    -0.07353191122,      0.9813879454,                 0,       80.12560197,     0.01914316415
          0,           0,         334,      -9.281598291,      -8.458674731,       -9.26579168,      -8.809196854,      -12.93912311,     0.01574748436,     0.01227808756,       0.983976457,                 0,                 0,                 0,     0.09339847269,    -0.07352783322,      0.9813022353,                 0,       80.14085679,     0.01914316415
          0,           0,         335,      -9.284103495,      -8.463735482,      -9.270734791,      -8.811313012,      -12.93774702,     0.01574748436,     0.01227471154,      0.9838919846,                 0,                 0,                 0,       0.093376938,    -0.07352383415,      0.9812177901,                 0,       80.15601684,     0.01914316415
          0,           0,         336,      -9.286527717,      -8.468705121,      -9.275604241,      -8.813320178,      -12.93624932,     0.01574748436,     0.01227136766,      0.9838087647,                 0,                 0,                 0,     0.09335565195,    -0.07351991221,      0.9811345955,                 0,       80.17107728,     0.01914316415
          0,           0,         337,       -9.28887131,      -8.473581115,      -9.280398229,      -8.815219779,      -12.93464478,     0.01574748436,     0.01226805617,      0.9837267833,                 0,                 0,                 0,     0.09333461305,    -0.07351606596,      0.9810526375,                 0,       80.18603519,     0.01914316415
          0,           0,         338,      -9.291135221,      -8.478361122,      -9.285115081,      -8.817014115,      -12.93294632,     0.01574748436,     0.01226477744,      0.9836460272,                 0,                 0,                 0,     0.09331382001,    -0.07351229385,      0.9809719029,                 0,       80.20088682,     0.01914316415
          0,           0,         339,      -9.293320236,      -8.483042965,      -9.289753193,      -8.818705295,      -12.93116545,     0.01574748436,     0.01226153188,      0.9835664837,                 0,                 0,                 0,     0.09329327167,    -0.07350859438,      0.9808923792,                 0,       80.21562833,     0.01914316415
          0,           0,         340,       -9.29542711,      -8.487624639,      -9.294311057,      -8.820295414,      -12.92931217,     0.01574748436,     0.01225831978,      0.9834881404,                 0,                 0,                 0,      0.0932729668,    -0.07350496618,       0.980814054,                 0,       80.23025651,     0.01914316415
          0,           0,         341,      -9.297456796,      -8.492104311,      -9.298787244,      -8.821786858,      -12.92739544,     0.01574748436,     0.01225514142,      0.9834109854,                 0,                 0,                 0,     0.09325290427,    -0.07350140796,      0.9807369157,                 0,       80.24476845,     0.01914316415
          0,           0,         342,      -9.299410387,       -8.49648037,        -9.3031804,      -8.823182216,      -12.92542311,     0.01574748436,     0.01225199707,      0.9833350075,                 0,                 0,                 0,     0.09323308311,    -0.07349791843,      0.9806609528,                 0,       80.25916117,     0.01914316415
          0,           0,         343,      -9.301289084,      -8.500751441,      -9.307489251,      -8.824484226,      -12.92340214,     0.01574748436,       0.012248887,      0.9832601958,                 0,                 0,                 0,     0.09321350238,     -0.0734944964,      0.9805861547,                 0,       80.27343187,     0.01914316415
          0,           0,         344,      -9.303094176,      -8.504916375,       -9.31171259,      -8.825695751,      -12.92133846,     0.01574748436,     0.01224581145,      0.9831865397,                 0,                 0,                 0,     0.09319416115,    -0.07349114069,      0.9805125109,                 0,       80.28757781,     0.01914316415
          0,           0,         345,      -9.304827013,       -8.50897424,      -9.315849276,      -8.826819736,      -12.91923744,     0.01574748436,     0.01224277049,       0.983114029,                 0,                 0,                 0,     0.09317505857,    -0.07348785035,      0.9804400111,                 0,       80.30159758,     0.01914316415
          0,           0,         346,      -9.306489182,      -8.512924325,      -9.319898305,      -8.827859419,      -12.91710347,     0.01574748436,     0.01223976444,      0.9830426538,                 0,                 0,                 0,     0.09315619381,     -0.0734846242,      0.9803686455,                 0,       80.31548795,     0.01914316415
          0,           0,         347,        -9.3080822,      -8.516766152,      -9.323858742,      -8.828817911,      -12.91494052,     0.01574748436,      0.0122367934,      0.9829724047,                 0,                 0,                 0,     0.09313756607,    -0.07348146133,      0.9802984047,                 0,       80.32924744,     0.01914316415
          0,           0,         348,      -9.309607767,      -8.520499533,      -9.327729789,      -8.829698529,      -12.91275198,     0.01574748436,     0.01223385744,       0.982903272,                 0,                 0,                 0,     0.09311917457,    -0.07347836081,      0.9802292793,                 0,       80.34287445,     0.01914316415
          0,           0,         349,      -9.311067676,      -8.524124558,      -9.331510771,       -8.83050467,      -12.91053914,     0.01574748436,     0.01223095669,      0.9828352468,                 0,                 0,                 0,     0.09310101852,    -0.07347532172,        0.98016126,                 0,       80.35636718,     0.01914316415
          0,           0,         350,      -9.312463823,      -8.527641545,      -9.335201121,      -8.831239824,      -12.90830631,     0.01574748436,      0.0122280912,      0.9827683199,                 0,                 0,                 0,      0.0930830972,    -0.07347234325,      0.9800943382,                 0,       80.36972439,     0.01914316415
          0,           0,         351,      -9.313798162,      -8.531050965,      -9.338800381,      -8.831907534,       -12.9060565,     0.01574748436,     0.01222526103,      0.9827024827,                 0,                 0,                 0,     0.09306540985,    -0.07346942456,      0.9800285048,                 0,       80.38294481,     0.01914316415
          0,           0,         352,       -9.31507268,      -8.534353373,      -9.342308201,      -8.832511345,      -12.90379341,     0.01574748436,     0.01222246618,      0.9826377263,                 0,                 0,                 0,     0.09304795572,    -0.07346656489,      0.9799637513,                 0,       80.39602744,     0.01914316415
          0,           0,         353,        -9.3162895,      -8.537549416,      -9.345724334,      -8.833054935,      -12.90151846,     0.01574748436,     0.01221970669,      0.9825740424,                 0,                 0,                 0,     0.09303073416,    -0.07346376345,      0.9799000691,                 0,        80.4089711,     0.01914316415
          0,           0,         354,        -9.3174508,      -8.540639889,      -9.349048657,       -8.83354197,      -12.89922738,     0.01574748436,     0.01221698253,      0.9825114224,                 0,                 0,                 0,     0.09301374442,    -0.07346101956,        0.97983745,                 0,        80.4217752,     0.01914316415
          0,           0,         355,      -9.318558785,      -8.543625799,      -9.352281177,      -8.833976056,      -12.89692362,     0.01574748436,     0.01221429368,      0.9824498582,                 0,                 0,                 0,     0.09299698581,     -0.0734583325,      0.9797758857,                 0,       80.43443888,     0.01914316415
          0,           0,         356,      -9.319615748,      -8.546508408,       -9.35542205,      -8.834360811,      -12.89460992,     0.01574748436,     0.01221164012,      0.9823893414,                 0,                 0,                 0,     0.09298045769,    -0.07345570157,      0.9797153679,                 0,       80.44696138,     0.01914316415
          0,           0,         357,      -9.320624001,      -8.549289246,      -9.358471575,      -8.834699779,      -12.89228691,     0.01574748436,     0.01220902184,      0.9823298641,                 0,                 0,                 0,     0.09296415944,     -0.0734531261,      0.9796558888,                 0,       80.45934204,     0.01914316415
          0,           0,         358,      -9.321585942,      -8.551970155,      -9.361430201,      -8.834996527,      -12.88995528,     0.01574748436,     0.01220643881,      0.9822714183,                 0,                 0,                 0,     0.09294809043,    -0.07345060542,      0.9795974403,                 0,       80.47158009,     0.01914316415
          0,           0,         359,      -9.322503872,       -8.55455328,      -9.364298523,      -8.835254387,      -12.88761612,     0.01574748436,     0.01220389091,       0.982213996,                 0,                 0,                 0,     0.09293224989,    -0.07344813894,      0.9795400144,                 0,       80.48367554,     0.01914316415
          0,           0,         360,      -9.323380592,      -8.557040997,      -9.367077352,      -8.835477272,      -12.88526996,     0.01574748436,     0.01220137806,       0.982157589,                 0,                 0,                 0,     0.09291663704,    -0.07344572604,       0.979483603,                 0,       80.49562798,     0.01914316415
          0,           0,         361,      -9.324218659,      -8.559435739,      -9.369767573,      -8.835668692,      -12.88291716,     0.01574748436,      0.0121989002,      0.9821021895,                 0,                 0,                 0,     0.09290125129,    -0.07344336608,      0.9794281984,                 0,       80.50743704,     0.01914316415
          0,           0,         362,      -9.325020654,      -8.561739814,      -9.372370229,      -8.835832142,      -12.88055393,     0.01574748436,     0.01219645724,      0.9820477898,                 0,                 0,                 0,     0.09288609194,     -0.0734410585,      0.9793737928,                 0,       80.51910244,     0.01914316415
          0,           0,         363,      -9.325789195,      -8.563955295,      -9.374886455,      -8.835971134,      -12.87818318,     0.01574748436,     0.01219404908,       0.981994382,                 0,                 0,                 0,     0.09287115824,     -0.0734388027,      0.9793203783,                 0,       80.53062406,     0.01914316415
          0,           0,         364,       -9.32652692,      -8.566084038,      -9.377317496,      -8.836089159,      -12.87581212,     0.01574748436,      0.0121916756,      0.9819419583,                 0,                 0,                 0,     0.09285644954,    -0.07343659811,      0.9792679473,                 0,       80.54200179,     0.01914316415
          0,           0,         365,      -9.327236481,      -8.568127826,      -9.379664747,      -8.836189648,      -12.87343162,     0.01574748436,     0.01218933675,      0.9818905113,                 0,                 0,                 0,     0.09284196523,    -0.07343444417,      0.9792164921,                 0,       80.55323532,     0.01914316415
          0,           0,         366,      -9.327920526,      -8.570088612,      -9.381929747,      -8.836275904,      -12.87104765,     0.01574748436,     0.01218703242,      0.9818400335,                 0,                 0,                 0,     0.09282770471,     -0.0734323403,      0.9791660056,                 0,       80.56432444,     0.01914316415
          0,           0,         367,      -9.328581726,      -8.571968698,      -9.384114188,      -8.836351106,      -12.86866176,     0.01574748436,     0.01218476253,      0.9817905176,                 0,                 0,                 0,     0.09281366749,    -0.07343028595,      0.9791164803,                 0,        80.5752689,     0.01914316415
          0,           0,         368,      -9.329222779,      -8.573770716,      -9.386219881,      -8.836418326,       -12.8662733,     0.01574748436,     0.01218252706,      0.9817419566,                 0,                 0,                 0,     0.09279985321,    -0.07342828055,      0.9790679093,                 0,       80.58606823,     0.01914316415
          0,           0,         369,      -9.329846413,      -8.575497396,      -9.388248726,      -8.836480585,      -12.86388266,     0.01574748436,     0.01218032597,      0.9816943439,                 0,                 0,                 0,     0.09278626158,    -0.07342632354,      0.9790202859,                 0,       80.59672181,     0.01914316415
          0,           0,         370,      -9.330455355,      -8.577151372,      -9.390202713,      -8.836540861,       -12.8614905,     0.01574748436,     0.01217815925,      0.9816476729,                 0,                 0,                 0,     0.09277289244,    -0.07342441436,      0.9789736036,                 0,       80.60722909,     0.01914316415
          0,           0,         371,      -9.331052293,      -8.578735122,      -9.392083949,       -8.83660205,      -12.85909747,     0.01574748436,     0.01217602694,      0.9816019374,                 0,                 0,                 0,     0.09275974572,    -0.07342255245,      0.9789278563,                 0,       80.61758913,     0.01914316415
          0,           0,         372,      -9.331639882,      -8.580251066,      -9.393894721,      -8.836666956,       -12.8567042,     0.01574748436,     0.01217392909,      0.9815571316,                 0,                 0,                 0,     0.09274682144,    -0.07342073724,      0.9788830382,                 0,       80.62780097,     0.01914316415
          0,           0,         373,      -9.332220757,      -8.581701687,      -9.395637532,      -8.836738291,      -12.85431118,     0.01574748436,     0.01217186569,      0.9815132498,                 0,                 0,                 0,     0.09273411961,    -0.07341896824,      0.9788391435,                 0,       80.63786398,     0.01914316415
          0,           0,         374,      -9.332797555,      -8.583089614,      -9.397315092,      -8.836818686,      -12.85191829,     0.01574748436,     0.01216983673,      0.9814702862,                 0,                 0,                 0,     0.09272164016,    -0.07341724495,      0.9787961666,                 0,       80.64777763,     0.01914316415
          0,           0,         375,      -9.333372996,      -8.584417612,      -9.398930283,      -8.836910806,      -12.84952443,     0.01574748436,     0.01216784225,      0.9814282352,                 0,                 0,                 0,     0.09270938299,    -0.07341556685,      0.9787541018,                 0,       80.65754099,     0.01914316415
          0,           0,         376,      -9.333949875,      -8.585688479,      -9.400486109,      -8.837017353,       -12.8471307,     0.01574748436,     0.01216588214,      0.9813870909,                 0,                 0,                 0,     0.09269734784,    -0.07341393354,      0.9787129432,                 0,        80.6671542,     0.01914316415
          0,           0,         377,      -9.334531126,      -8.586904908,      -9.401985556,      -8.837141168,      -12.84473684,     0.01574748436,     0.01216395628,      0.9813468473,                 0,                 0,                 0,      0.0926855343,    -0.07341234462,      0.9786726849,                 0,       80.67661746,     0.01914316415
          0,           0,         378,      -9.335119777,      -8.588069423,      -9.403431594,      -8.837285198,      -12.84234239,     0.01574748436,     0.01216206448,      0.9813074982,                 0,                 0,                 0,     0.09267394186,    -0.07341079971,      0.9786333206,                 0,       80.68593122,     0.01914316415
          0,           0,         379,      -9.335718869,      -8.589184428,      -9.404827124,      -8.837452385,      -12.83994678,     0.01574748436,     0.01216020656,       0.981269037,                 0,                 0,                 0,     0.09266256989,    -0.07340929846,      0.9785948439,                 0,       80.69509614,     0.01914316415
          0,           0,         380,      -9.336331515,      -8.590252373,      -9.406174992,      -8.837645728,      -12.83754926,     0.01574748436,     0.01215838226,      0.9812314572,                 0,                 0,                 0,     0.09265141767,    -0.07340784052,      0.9785572481,                 0,        80.7041131,     0.01914316415
          0,           0,         381,      -9.336960815,      -8.591275827,      -9.407477984,      -8.837868163,      -12.83514824,     0.01574748436,     0.01215659135,      0.9811947518,                 0,                 0,                 0,     0.09264048438,    -0.07340642553,      0.9785205263,                 0,       80.71298306,     0.01914316415
          0,           0,         382,      -9.337609771,      -8.592257427,      -9.408738834,      -8.838122464,      -12.83274269,     0.01574748436,     0.01215483356,      0.9811589137,                 0,                 0,                 0,     0.09262976914,    -0.07340505313,      0.9784846713,                 0,       80.72170705,     0.01914316415
          0,           0,         383,      -9.338281463,      -8.593199759,      -9.409960226,      -8.838411493,      -12.83033303,     0.01574748436,     0.01215310855,      0.9811239352,                 0,                 0,                 0,     0.09261927086,    -0.07340372299,      0.9784496756,                 0,       80.73028649,     0.01914316415
          0,           0,         384,       -9.33897907,      -8.594105257,      -9.411144778,      -8.838738244,      -12.82791848,     0.01574748436,     0.01215141602,      0.9810898084,                 0,                 0,                 0,     0.09260898836,    -0.07340243474,      0.9784155312,                 0,       80.73872269,     0.01914316415
          0,           0,         385,      -9.339705625,      -8.594976221,      -9.412295085,       -8.83910554,      -12.82549821,     0.01574748436,     0.01214975564,      0.9810565252,                 0,                 0,                 0,     0.09259892042,    -0.07340118798,      0.9783822299,                 0,       80.74701701,     0.01914316415
          0,           0,         386,      -9.340464103,      -8.595814943,       -9.41341377,      -8.839516142,      -12.82307121,     0.01574748436,     0.01214812704,      0.9810240769,                 0,                 0,                 0,     0.09258906563,    -0.07339998233,      0.9783497632,                 0,       80.75517104,     0.01914316415
          0,           0,         387,      -9.341257448,      -8.596623827,      -9.414503484,      -8.839972755,      -12.82063621,     0.01574748436,     0.01214652985,      0.9809924545,                 0,                 0,                 0,     0.09257942236,    -0.07339881737,      0.9783181219,                 0,       80.76318642,     0.01914316415
          0,           0,         388,      -9.342088614,      -8.597405397,      -9.415566927,      -8.840478084,      -12.81819192,     0.01574748436,     0.01214496364,      0.9809616484,                 0,                 0,                 0,     0.09256998891,    -0.07339769269,      0.9782872965,                 0,       80.77106509,     0.01914316415
          0,           0,         389,      -9.342960523,      -8.598162171,      -9.416606828,      -8.841034802,      -12.81573689,     0.01574748436,     0.01214342798,      0.9809316485,                 0,                 0,                 0,     0.09256076338,    -0.07339660783,      0.9782572769,                 0,        80.7788089,     0.01914316415
          0,           0,         390,      -9.343876028,      -8.598896504,       -9.41762592,      -8.841645529,      -12.81326964,     0.01574748436,     0.01214192243,      0.9809024443,                 0,                 0,                 0,     0.09255174371,    -0.07339556235,      0.9782280527,                 0,       80.78641992,     0.01914316415
          0,           0,         391,      -9.344837882,      -8.599610568,      -9.418626918,      -8.842312806,       -12.8107887,     0.01574748436,      0.0121404465,      0.9808740249,                 0,                 0,                 0,     0.09254292765,    -0.07339455574,      0.9781996127,                 0,       80.79390035,     0.01914316415
          0,           0,         392,      -9.345848741,      -8.600306507,      -9.419612547,       -8.84303909,      -12.80829269,     0.01574748436,     0.01213899969,      0.9808463784,                 0,                 0,                 0,     0.09253431282,    -0.07339358751,      0.9781719454,                 0,       80.80125246,     0.01914316415
          0,           0,         393,      -9.346911221,      -8.600986709,      -9.420585538,       -8.84382681,      -12.80578019,     0.01574748436,     0.01213758151,      0.9808194931,                 0,                 0,                 0,     0.09252589667,    -0.07339265708,      0.9781450387,                 0,       80.80847841,     0.01914316415
          0,           0,         394,      -9.348027824,      -8.601653989,      -9.421548605,       -8.84467827,      -12.80325003,     0.01574748436,     0.01213619141,      0.9807933562,                 0,                 0,                 0,     0.09251767656,     -0.0733917639,      0.9781188802,                 0,       80.81558067,     0.01914316415
          0,           0,         395,      -9.349200981,      -8.602311456,      -9.422504434,      -8.845595703,      -12.80070132,     0.01574748436,     0.01213482891,      0.9807679548,                 0,                 0,                 0,     0.09250964968,    -0.07339090734,      0.9780934567,                 0,       80.82256142,     0.01914316415
          0,           0,         396,      -9.350433028,       -8.60296218,      -9.423455668,      -8.846581258,      -12.79813356,     0.01574748436,      0.0121334935,      0.9807432754,                 0,                 0,                 0,     0.09250181314,    -0.07339008672,      0.9780687548,                 0,       80.82942274,     0.01914316415
          0,           0,         397,        -9.3517262,      -8.603608855,      -9.424404898,      -8.847636983,      -12.79554714,     0.01574748436,     0.01213218464,      0.9807193041,                 0,                 0,                 0,     0.09249416382,    -0.07338930136,      0.9780447606,                 0,       80.83616706,     0.01914316415
          0,           0,         398,      -9.353082655,      -8.604253728,      -9.425354675,       -8.84876486,      -12.79294223,     0.01574748436,      0.0121309018,      0.9806960264,                 0,                 0,                 0,     0.09248669851,    -0.07338855053,      0.9780214596,                 0,       80.84279654,     0.01914316415
          0,           0,         399,      -9.354504529,      -8.604898783,       -9.42630751,      -8.849966866,      -12.79031005,     0.01574748436,     0.01212964448,      0.9806734275,                 0,                 0,                 0,     0.09247941391,    -0.07338783344,      0.9779988372,                 0,       80.84931335,     0.01914316415
          0,           0,         400,      -9.355993812,      -8.605545908,      -9.427265903,      -8.851244835,      -12.78765071,     0.01574748436,     0.01212841213,      0.9806514922,                 0,                 0,                 0,     0.09247230659,    -0.07338714932,       0.977976878,                 0,       80.85571973,     0.01914316415
          0,           0,         401,      -9.357552475,      -8.606197017,      -9.428232315,      -8.852600611,      -12.78496967,     0.01574748436,     0.01212720433,       0.980630205,                 0,                 0,                 0,      0.0924653731,    -0.07338649723,      0.9779555665,                 0,       80.86201722,     0.01914316415
          0,           0,         402,      -9.359182321,      -8.606854102,      -9.429209187,      -8.854035869,      -12.78226881,     0.01574748436,     0.01212602054,      0.9806095501,                 0,                 0,                 0,      0.0924586099,    -0.07338587631,      0.9779348871,                 0,       80.86820789,     0.01914316415
          0,           0,         403,      -9.360885041,      -8.607519267,      -9.430198913,      -8.855552185,      -12.77955189,     0.01574748436,     0.01212486034,      0.9805895115,                 0,                 0,                 0,     0.09245201345,    -0.07338528561,      0.9779148236,                 0,       80.87429328,     0.01914316415
          0,           0,         404,      -9.362662163,       -8.60819476,      -9.431203855,      -8.857150988,      -12.77682988,     0.01574748436,     0.01212372329,      0.9805700728,                 0,                 0,                 0,     0.09244558011,    -0.07338472414,      0.9778953597,                 0,       80.88027492,     0.01914316415
          0,           0,         405,      -9.364515016,      -8.608882946,      -9.432226336,        -8.8588335,      -12.77409304,     0.01574748436,     0.01212260895,      0.9805512173,                 0,                 0,                 0,     0.09243930615,    -0.07338419088,      0.9778764788,                 0,       80.88615426,     0.01914316415
          0,           0,         406,      -9.366444953,      -8.609586282,      -9.433268694,      -8.860600997,      -12.77131578,     0.01574748436,     0.01212151685,      0.9805329279,                 0,                 0,                 0,     0.09243318759,     -0.0733836848,      0.9778581639,                 0,       80.89193289,     0.01914316415
          0,           0,         407,      -9.368453191,      -8.610307299,      -9.434333245,      -8.862454615,      -12.76851725,     0.01574748436,     0.01212044653,       0.980515187,                 0,                 0,                 0,     0.09242722024,    -0.07338320483,      0.9778403972,                 0,       80.89761254,     0.01914316415
          0,           0,         408,      -9.370540935,      -8.611048575,      -9.435422256,      -8.864395487,      -12.76570686,     0.01574748436,     0.01211939741,      0.9804979762,                 0,                 0,                 0,     0.09242139953,    -0.07338274993,      0.9778231605,                 0,       80.90319533,     0.01914316415
          0,           0,         409,      -9.372709433,      -8.611812687,      -9.436537995,      -8.866424806,      -12.76288673,     0.01574748436,     0.01211836883,      0.9804812762,                 0,                 0,                 0,     0.09241572058,     -0.0733823191,      0.9778064344,                 0,       80.90868418,     0.01914316415
          0,           0,         410,      -9.374959949,      -8.612602142,      -9.437682671,      -8.868543796,      -12.76006101,     0.01574748436,     0.01211736007,      0.9804650671,                 0,                 0,                 0,      0.0924101782,     -0.0733819113,      0.9777901991,                 0,       80.91408204,     0.01914316415
          0,           0,         411,      -9.377293762,       -8.61341934,      -9.438858369,      -8.870753702,      -12.75722413,     0.01574748436,     0.01211637041,      0.9804493283,                 0,                 0,                 0,     0.09240476695,    -0.07338152547,      0.9777744338,                 0,       80.91939214,     0.01914316415
          0,           0,         412,      -9.379712077,      -8.614266564,      -9.440067041,      -8.873055688,      -12.75439875,     0.01574748436,     0.01211539898,      0.9804340382,                 0,                 0,                 0,     0.09239948115,    -0.07338116058,      0.9777591172,                 0,       80.92461833,     0.01914316415
          0,           0,         413,      -9.382216119,      -8.615146033,      -9.441310497,      -8.875450961,      -12.75154757,     0.01574748436,     0.01211444498,       0.980419175,                 0,                 0,                 0,     0.09239431509,    -0.07338081554,      0.9777442275,                 0,       80.92976414,     0.01914316415
          0,           0,         414,      -9.384806856,      -8.616059934,      -9.442590397,      -8.877940428,      -12.74874544,     0.01574748436,     0.01211350767,      0.9804047165,                 0,                 0,                 0,      0.0923892631,    -0.07338048915,      0.9777297423,                 0,       80.93483271,     0.01914316415
          0,           0,         415,      -9.387485089,      -8.617010436,       -9.44390824,      -8.880524824,      -12.74597611,     0.01574748436,     0.01211258632,      0.9803906404,                 0,                 0,                 0,     0.09238431949,    -0.07338018017,      0.9777156395,                 0,       80.93982693,     0.01914316415
          0,           0,         416,      -9.390251394,      -8.617999695,       -9.44526549,      -8.883204624,      -12.74324189,     0.01574748436,     0.01211168027,      0.9803769239,                 0,                 0,                 0,     0.09237947864,    -0.07337988731,      0.9777018962,                 0,       80.94474938,     0.01914316415
          0,           0,         417,      -9.393106095,      -8.619029847,      -9.446663545,      -8.885980027,      -12.74054815,     0.01574748436,     0.01211078893,      0.9803635446,                 0,                 0,                 0,     0.09237473509,    -0.07337960917,      0.9776884901,                 0,       80.94960208,     0.01914316415
          0,           0,         418,      -9.396049283,       -8.62010299,      -9.448103754,       -8.88885097,      -12.73790185,     0.01574748436,     0.01210991177,      0.9803504797,                 0,                 0,                 0,     0.09237008345,    -0.07337934431,      0.9776753985,                 0,       80.95438662,     0.01914316415
          0,           0,         419,      -9.399080858,      -8.621221182,      -9.449587465,      -8.891817178,      -12.73531146,     0.01574748436,     0.01210904833,      0.9803377069,                 0,                 0,                 0,     0.09236551837,    -0.07337909124,       0.977662599,                 0,        80.9591043,     0.01914316415
          0,           0,         420,      -9.402200575,      -8.622386424,      -9.451116064,      -8.894878211,      -12.73278618,     0.01574748436,     0.01210819818,      0.9803252035,                 0,                 0,                 0,     0.09236103461,    -0.07337884842,      0.9776500691,                 0,       80.96375605,     0.01914316415
          0,           0,         421,      -9.405408113,      -8.623600671,      -9.452690956,      -8.898033559,      -12.73033696,     0.01574748436,     0.01210736094,      0.9803129473,                 0,                 0,                 0,       0.092356627,    -0.07337861427,      0.9776377866,                 0,       80.96834251,     0.01914316415
          0,           0,         422,      -9.408703033,      -8.624865813,      -9.454313573,      -8.901282578,      -12.72797521,     0.01574748436,     0.01210653628,      0.9803009161,                 0,                 0,                 0,     0.09235229049,     -0.0733783872,      0.9776257293,                 0,       80.97286402,     0.01914316415
          0,           0,         423,      -9.412084806,      -8.626183694,      -9.455985302,      -8.904624536,       -12.7257111,     0.01574748436,     0.01210572393,      0.9802890882,                 0,                 0,                 0,     0.09234802015,     -0.0733781656,      0.9776138757,                 0,       80.97732066,     0.01914316415
          0,           0,         424,         -9.415553,      -8.627556109,      -9.457707509,      -8.908058822,      -12.72355393,     0.01574748436,     0.01210492362,      0.9802774422,                 0,                 0,                 0,     0.09234381118,    -0.07337794784,      0.9776022041,                 0,       80.98171231,     0.01914316415
          0,           0,         425,      -9.419106967,      -8.628984789,       -9.45948153,      -8.911584586,      -12.72151151,     0.01574748436,     0.01210413518,       0.980265957,                 0,                 0,                 0,     0.09233965898,    -0.07337773228,       0.977590694,                 0,       80.98603846,     0.01914316415
          0,           0,         426,      -9.422745947,        -8.6304714,      -9.461308654,      -8.915200854,      -12.71959053,     0.01574748436,     0.01210335845,      0.9802546123,                 0,                 0,                 0,     0.09233555914,     -0.0733775173,      0.9775793248,                 0,       80.99029837,     0.01914316415
          0,           0,         427,      -9.426469272,       -8.63201755,      -9.463190109,      -8.918906783,      -12.71779674,     0.01574748436,     0.01210259334,      0.9802433883,                 0,                 0,                 0,      0.0923315074,    -0.07337730127,      0.9775680768,                 0,        80.9944911,     0.01914316415
          0,           0,         428,      -9.430276053,      -8.633624779,      -9.465127073,      -8.922701281,      -12.71613542,     0.01574748436,     0.01210183976,      0.9802322657,                 0,                 0,                 0,     0.09232749965,    -0.07337708258,      0.9775569309,                 0,       80.99861555,     0.01914316415
          0,           0,         429,      -9.434165404,      -8.635294561,      -9.467120673,      -8.926583279,      -12.71461121,     0.01574748436,     0.01210109765,      0.9802212258,                 0,                 0,                 0,     0.09232353194,    -0.07337685967,      0.9775458682,                 0,       81.00267048,     0.01914316415
          0,           0,         430,      -9.438136446,      -8.637028316,      -9.469171996,       -8.93055173,      -12.71322902,     0.01574748436,       0.012100367,      0.9802102503,                 0,                 0,                 0,     0.09231960042,    -0.07337663097,      0.9775348709,                 0,       81.00665462,     0.01914316415
          0,           0,         431,      -9.442188312,      -8.638827381,      -9.471282108,      -8.934605618,      -12.71199373,     0.01574748436,     0.01209964776,      0.9801993217,                 0,                 0,                 0,     0.09231570138,    -0.07337639498,      0.9775239212,                 0,       81.01056669,     0.01914316415
          0,           0,         432,      -9.446320147,      -8.640693027,      -9.473452029,      -8.938743959,      -12.71091028,     0.01574748436,      0.0120989399,      0.9801884228,                 0,                 0,                 0,     0.09231183121,    -0.07337615024,       0.977513002,                 0,       81.01440545,     0.01914316415
          0,           0,         433,      -9.450531105,       -8.64262647,      -9.475682731,      -8.942965791,      -12.70998361,     0.01574748436,     0.01209824341,       0.980177537,                 0,                 0,                 0,     0.09230798636,    -0.07337589532,      0.9775020969,                 0,       81.01816964,     0.01914316415
          0,           0,         434,      -9.454820283,      -8.644628859,      -9.477975158,      -8.947270104,      -12.70921855,     0.01574748436,     0.01209755825,      0.9801666481,                 0,                 0,                 0,     0.09230416346,    -0.07337562885,      0.9774911897,                 0,       81.02185814,     0.01908335872
          0,           0,         435,      -9.459186902,      -8.646701285,      -9.480330234,      -8.951656045,      -12.70861968,     0.01574748436,     0.01209688438,      0.9801557405,                 0,                 0,                 0,     0.09230035916,    -0.07337534949,      0.9774802649,                 0,       81.02546983,     0.01908335872
          0,           0,         436,      -9.463630204,      -8.648844779,       -9.48274884,      -8.956122806,      -12.70819121,     0.01574748436,     0.01209622178,       0.980144799,                 0,                 0,                 0,     0.09229657026,    -0.07337505595,      0.9774693073,                 0,       81.02900366,     0.01908335872
          0,           0,         437,      -9.468149412,      -8.651060313,        -9.4852318,      -8.960669572,      -12.70793636,     0.01574748436,     0.01209557042,       0.980133809,                 0,                 0,                 0,     0.09229279365,    -0.07337474699,      0.9774583024,                 0,       81.03245856,     0.01908335872
          0,           0,         438,      -9.472743765,      -8.653348803,      -9.487779862,      -8.965295555,      -12.70785849,     0.01574748436,     0.01209493028,      0.9801227564,                 0,                 0,                 0,     0.09228902638,    -0.07337442139,       0.977447236,                 0,       81.03583349,     0.01908335872
          0,           0,         439,      -9.477412461,      -8.655711119,      -9.490393727,       -8.96999994,      -12.70796022,     0.01574748436,     0.01209430134,      0.9801116274,                 0,                 0,                 0,     0.09228526554,      -0.073374078,      0.9774360946,                 0,       81.03912746,     0.01908335872
          0,           0,         440,      -9.482154706,      -8.658148062,      -9.493074071,       -8.97478193,       -12.7082437,     0.01574748436,     0.01209368356,       0.980100409,                 0,                 0,                 0,     0.09228150839,    -0.07337371567,       0.977424865,                 0,       81.04233949,     0.01908335872
          0,           0,         441,      -9.486969669,      -8.660660373,      -9.495821484,      -8.979640702,      -12.70871076,     0.01574748436,     0.01209307696,      0.9800890886,                 0,                 0,                 0,     0.09227775232,    -0.07337333332,      0.9774135348,                 0,       81.04546854,     0.01908335872
          0,           0,         442,       -9.49185657,      -8.663248761,      -9.498636493,      -8.984575505,      -12.70936254,     0.01574748436,     0.01209248153,       0.980077654,                 0,                 0,                 0,     0.09227399481,    -0.07337292989,      0.9774020918,                 0,       81.04851361,     0.01908335872
          0,           0,         443,      -9.496814737,      -8.665913841,      -9.501519563,      -8.989585735,      -12.71020001,     0.01574748436,     0.01209189727,      0.9800660936,                 0,                 0,                 0,     0.09227023347,    -0.07337250438,      0.9773905245,                 0,        81.0514737,     0.01908335872
          0,           0,         444,      -9.501843625,      -8.668656212,      -9.504471138,      -8.994670947,      -12.71122338,     0.01574748436,     0.01209132419,      0.9800543963,                 0,                 0,                 0,     0.09226646603,    -0.07337205579,      0.9773788218,                 0,        81.0543478,     0.01908335872
          0,           0,         445,      -9.506942457,      -8.671476425,      -9.507491583,      -8.999830442,      -12.71243254,     0.01574748436,     0.01209076231,      0.9800425516,                 0,                 0,                 0,     0.09226269031,     -0.0733715832,      0.9773669732,                 0,       81.05713488,     0.01908335872
          0,           0,         446,      -9.512110477,      -8.674374932,      -9.510581205,      -9.005063564,      -12.71382727,     0.01574748436,     0.01209021166,      0.9800305492,                 0,                 0,                 0,     0.09225890424,    -0.07337108568,      0.9773549685,                 0,       81.05983395,     0.01908335872
          0,           0,         447,      -9.517346878,      -8.677352175,      -9.513740226,      -9.010369597,      -12.71540715,     0.01574748436,     0.01208967223,      0.9800183794,                 0,                 0,                 0,      0.0922551058,    -0.07337056239,       0.977342798,                 0,       81.06244411,     0.01908335872
          0,           0,         448,      -9.522650848,       -8.68040854,        -9.5169688,      -9.015747837,      -12.71717153,     0.01574748436,     0.01208914404,      0.9800060329,                 0,                 0,                 0,     0.09225129306,     -0.0733700125,      0.9773304524,                 0,       81.06496456,     0.01908335872
          0,           0,         449,      -9.528021722,       -8.68354436,      -9.520267026,      -9.021197761,      -12.71911947,     0.01574748436,      0.0120886271,      0.9799935009,                 0,                 0,                 0,      0.0922474642,    -0.07336943523,       0.977317923,                 0,       81.06739439,     0.01908335872
          0,           0,         450,      -9.533458798,      -8.686759928,      -9.523634944,      -9.026718825,      -12.72124997,     0.01574748436,     0.01208812141,      0.9799807747,                 0,                 0,                 0,     0.09224361739,    -0.07336882984,      0.9773052012,                 0,       81.06973298,     0.01908335872
          0,           0,         451,      -9.538961344,      -8.690055501,      -9.527072539,      -9.032310461,      -12.72356141,     0.01574748436,     0.01208762692,      0.9799678462,                 0,                 0,                 0,     0.09223975085,    -0.07336819566,      0.9772922788,                 0,       81.07197988,     0.01908335872
          0,           0,         452,      -9.544528677,      -8.693431294,      -9.530579708,      -9.037972172,      -12.72605211,     0.01574748436,     0.01208714363,      0.9799547075,                 0,                 0,                 0,     0.09223586293,      -0.073367532,       0.977279148,                 0,       81.07413445,     0.01908335872
          0,           0,         453,      -9.550160011,       -8.69688748,      -9.534156294,      -9.043703355,      -12.72872058,     0.01574748436,     0.01208667152,      0.9799413512,                 0,                 0,                 0,     0.09223195201,    -0.07336683822,      0.9772658013,                 0,       81.07619616,     0.01908335872
          0,           0,         454,      -9.555854589,      -8.700424191,       -9.53780203,      -9.049503457,      -12.73156494,     0.01574748436,     0.01208621055,        0.97992777,                 0,                 0,                 0,     0.09222801647,    -0.07336611376,      0.9772522317,                 0,       81.07816474,     0.01908335872
          0,           0,         455,      -9.561611617,      -8.704041528,      -9.541516549,      -9.055371891,      -12.73458329,     0.01574748436,     0.01208576066,       0.979913957,                 0,                 0,                 0,     0.09222405477,    -0.07336535806,       0.977238432,                 0,       81.08003992,     0.01908335872
          0,           0,         456,      -9.567430255,       -8.70773955,      -9.545299408,      -9.061308036,      -12.73777365,     0.01574748436,     0.01208532182,      0.9798999056,                 0,                 0,                 0,     0.09222006543,    -0.07336457057,      0.9772243958,                 0,       81.08182143,     0.01908335872
          0,           0,         457,      -9.573309658,      -8.711518286,      -9.549150062,      -9.067311276,      -12.74113389,     0.01574748436,     0.01208489397,      0.9798856094,                 0,                 0,                 0,     0.09221604702,     -0.0733637508,      0.9772101168,                 0,       81.08350904,     0.01908335872
          0,           0,         458,      -9.579248914,       -8.71537773,      -9.553067873,      -9.073380936,      -12.74466183,     0.01574748436,     0.01208447705,      0.9798710624,                 0,                 0,                 0,     0.09221199814,    -0.07336289827,      0.9771955888,                 0,       81.08510266,     0.01908335872
          0,           0,         459,      -9.585247077,      -8.719317844,      -9.557052117,      -9.079516314,      -12.74835535,     0.01574748436,     0.01208407102,      0.9798562587,                 0,                 0,                 0,     0.09220791746,    -0.07336201253,       0.977180806,                 0,       81.08660213,     0.01908335872
          0,           0,         460,      -9.591303163,      -8.723338562,      -9.561101977,      -9.085716681,      -12.75221207,     0.01574748436,     0.01208367581,      0.9798411926,                 0,                 0,                 0,     0.09220380368,    -0.07336109314,      0.9771657628,                 0,       81.08800732,     0.01908335872
          0,           0,         461,      -9.597416081,      -8.727439784,      -9.565216548,        -9.0919812,      -12.75622983,     0.01574748436,     0.01208329138,      0.9798258589,                 0,                 0,                 0,     0.09219965556,    -0.07336013969,      0.9771504539,                 0,       81.08931815,     0.01908335872
          0,           0,         462,      -9.603584715,      -8.731621384,      -9.569394841,      -9.098309021,      -12.76040614,     0.01574748436,     0.01208291766,      0.9798102524,                 0,                 0,                 0,     0.09219547189,    -0.07335915178,      0.9771348742,                 0,       81.09053455,     0.01908335872
          0,           0,         463,      -9.609807868,      -8.735883204,      -9.573635755,      -9.104699216,      -12.76473853,     0.01574748436,     0.01208255462,      0.9797943681,                 0,                 0,                 0,     0.09219125152,    -0.07335812904,      0.9771190187,                 0,       81.09165645,     0.01908335872
          0,           0,         464,      -9.616084279,      -8.740225069,      -9.577938102,      -9.111150797,      -12.76922483,     0.01574748436,     0.01208220219,      0.9797782014,                 0,                 0,                 0,     0.09218699335,    -0.07335707111,      0.9771028828,                 0,       81.09268376,     0.01908335872
          0,           0,         465,      -9.622412601,       -8.74464676,      -9.582300641,      -9.117662697,      -12.77386268,     0.01574748436,     0.01208186034,      0.9797617478,                 0,                 0,                 0,     0.09218269632,    -0.07335597764,       0.977086462,                 0,       81.09361643,     0.01908335872
          0,           0,         466,      -9.628791482,      -8.749148048,      -9.586721996,      -9.124233864,      -12.77864972,     0.01574748436,     0.01208152901,       0.979745003,                 0,                 0,                 0,      0.0921783594,     -0.0733548483,      0.9770697521,                 0,       81.09445437,     0.01908335872
          0,           0,         467,       -9.63521942,      -8.753728675,       -9.59120069,      -9.130863085,      -12.78358362,     0.01574748436,     0.01208120817,       0.979727963,                 0,                 0,                 0,     0.09217398162,    -0.07335368278,       0.977052749,                 0,       81.09519755,     0.01908335872
          0,           0,         468,       -9.64169481,       -8.75838837,      -9.595735175,       -9.13754905,      -12.78866201,     0.01574748436,     0.01208089777,      0.9797106239,                 0,                 0,                 0,     0.09216956204,     -0.0733524808,      0.9770354488,                 0,        81.0958459,     0.01908335872
          0,           0,         469,      -9.648215996,      -8.763126832,      -9.600323791,      -9.144290403,      -12.79388262,     0.01574748436,     0.01208059778,      0.9796929821,                 0,                 0,                 0,     0.09216509976,    -0.07335124207,       0.977017848,                 0,       81.09639939,     0.01908335872
          0,           0,         470,      -9.654781187,      -8.767943738,      -9.604964771,      -9.151085653,      -12.79924315,     0.01574748436,     0.01208030814,      0.9796750341,                 0,                 0,                 0,     0.09216059393,    -0.07334996632,       0.976999943,                 0,       81.09685799,     0.01908335872
          0,           0,         471,      -9.661388507,      -8.772838758,      -9.609656243,      -9.157933229,      -12.80474113,     0.01574748436,     0.01208002884,      0.9796567766,                 0,                 0,                 0,     0.09215604373,    -0.07334865331,      0.9769817307,                 0,       81.09722165,     0.01908335872
          0,           0,         472,      -9.668035919,       -8.77781152,       -9.61439626,      -9.164831385,      -12.81037433,     0.01574748436,     0.01207975984,      0.9796382066,                 0,                 0,                 0,     0.09215144842,    -0.07334730281,      0.9769632079,                 0,       81.09749031,     0.01908335872
          0,           0,         473,      -9.674721396,       -8.78286165,      -9.619182742,      -9.171778419,      -12.81614015,     0.01574748436,     0.01207950111,      0.9796193213,                 0,                 0,                 0,     0.09214680728,    -0.07334591459,      0.9769443719,                 0,       81.09766389,     0.01908335872
          0,           0,         474,      -9.681442724,      -8.787988752,      -9.624013493,      -9.178772423,      -12.82203629,     0.01574748436,     0.01207925264,      0.9796001182,                 0,                 0,                 0,     0.09214211968,    -0.07334448846,      0.9769252202,                 0,       81.09774232,     0.01908335872
          0,           0,         475,      -9.688197641,      -8.793192416,      -9.628886232,      -9.185811456,      -12.82806036,     0.01574748436,     0.01207901441,      0.9795805948,                 0,                 0,                 0,     0.09213738503,    -0.07334302421,      0.9769057504,                 0,       81.09772549,     0.01908335872
          0,           0,         476,      -9.694983623,      -8.798472215,      -9.633798587,      -9.192893279,      -12.83420987,     0.01574748436,     0.01207878641,      0.9795607491,                 0,                 0,                 0,     0.09213260276,    -0.07334152167,      0.9768859603,                 0,       81.09761326,     0.01908335872
          0,           0,         477,      -9.701798137,      -8.803827706,      -9.638748091,      -9.200015665,       -12.8404828,     0.01574748436,     0.01207856864,      0.9795405791,                 0,                 0,                 0,     0.09212777239,    -0.07333998068,      0.9768658481,                 0,       81.09740553,     0.01908335872
          0,           0,         478,      -9.708638439,      -8.809258429,      -9.643732204,      -9.207176153,      -12.84687688,     0.01574748436,     0.01207836108,      0.9795200831,                 0,                 0,                 0,     0.09212289347,    -0.07333840111,       0.976845412,                 0,       81.09710219,     0.01908335872
          0,           0,         479,      -9.715501578,      -8.814763907,      -9.648748297,      -9.214372043,      -12.85338997,     0.01574748436,     0.01207816375,      0.9794992598,                 0,                 0,                 0,      0.0921179656,    -0.07333678282,      0.9768246507,                 0,       81.09670312,     0.01908335872
          0,           0,         480,      -9.722384511,      -8.820343644,      -9.653793645,      -9.221600553,       -12.8600199,     0.01574748436,     0.01207797663,       0.979478108,                 0,                 0,                 0,     0.09211298845,    -0.07333512572,      0.9768035631,                 0,       81.09620823,     0.01908335872
          0,           0,         481,      -9.729284137,      -8.825997136,      -9.658865449,      -9.228858841,      -12.86676452,     0.01574748436,     0.01207779974,      0.9794566267,                 0,                 0,                 0,     0.09210796175,    -0.07333342972,      0.9767821481,                 0,        81.0956174,     0.01908335872
          0,           0,         482,      -9.736197157,      -8.831723857,      -9.663960862,      -9.236143842,       -12.8736216,     0.01574748436,     0.01207763308,      0.9794348153,                 0,                 0,                 0,     0.09210288526,    -0.07333169476,      0.9767604052,                 0,       81.09493052,     0.01908335872
          0,           0,         483,       -9.74312015,      -8.837523269,      -9.669076956,      -9.243452352,      -12.88058884,     0.01574748436,     0.01207747666,      0.9794126735,                 0,                 0,                 0,     0.09209775885,     -0.0733299208,       0.976738334,                 0,       81.09414747,     0.01908335872
          0,           0,         484,      -9.750049628,      -8.843394826,      -9.674210755,      -9.250781092,      -12.88766389,     0.01574748436,     0.01207733051,      0.9793902011,                 0,                 0,                 0,     0.09209258242,     -0.0733281078,      0.9767159344,                 0,       81.09326814,     0.01908335872
          0,           0,         485,      -9.756981776,       -8.84933796,      -9.679359236,       -9.25812639,      -12.89484438,     0.01574748436,     0.01207719462,      0.9793673984,                 0,                 0,                 0,     0.09208735594,    -0.07332625579,      0.9766932067,                 0,       81.09229249,     0.01874035429
          0,           0,         486,      -9.763912703,      -8.855352089,      -9.684519314,      -9.265484489,      -12.90212792,     0.01574748436,     0.01207706903,       0.979344266,                 0,                 0,                 0,     0.09208207946,    -0.07332436478,      0.9766701513,                 0,       81.09122038,     0.01874035429
          0,           0,         487,      -9.770838398,      -8.861436613,      -9.689687886,      -9.272851479,      -12.90951215,     0.01574748436,     0.01207695374,      0.9793208046,                 0,                 0,                 0,     0.09207675308,    -0.07332243482,      0.9766467691,                 0,        81.0900518,     0.01874035429
          0,           0,         488,      -9.777754743,      -8.867590917,      -9.694861834,      -9.280223317,      -12.91699491,     0.01574748436,      0.0120768488,      0.9792970154,                 0,                 0,                 0,     0.09207137698,    -0.07332046601,      0.9766230613,                 0,       81.08878664,     0.01874035429
          0,           0,         489,      -9.784657509,       -8.87381437,      -9.700038042,      -9.287595813,      -12.92457379,     0.01574748436,      0.0120767542,      0.9792728999,                 0,                 0,                 0,     0.09206595141,    -0.07331845844,      0.9765990294,                 0,       81.08742493,     0.01874035429
          0,           0,         490,      -9.791542327,      -8.880106323,      -9.705213406,      -9.294964589,      -12.93224637,     0.01574748436,     0.01207666999,      0.9792484599,                 0,                 0,                 0,     0.09206047668,    -0.07331641225,      0.9765746751,                 0,       81.08596665,     0.01874035429
          0,           0,         491,      -9.798404738,       -8.88646611,      -9.710384858,      -9.302325135,       -12.9400103,     0.01574748436,     0.01207659618,      0.9792236977,                 0,                 0,                 0,      0.0920549532,    -0.07331432761,      0.9765500006,                 0,       81.08441182,     0.01874035429
          0,           0,         492,      -9.805240192,      -8.892893048,      -9.715549379,      -9.309672808,      -12.94786323,     0.01574748436,     0.01207653279,      0.9791986157,                 0,                 0,                 0,     0.09204938144,    -0.07331220472,      0.9765250085,                 0,       81.08276052,     0.01874035429
          0,           0,         493,      -9.812044042,      -8.899386435,      -9.720704011,      -9.317002814,      -12.95580272,     0.01574748436,     0.01207647984,      0.9791732169,                 0,                 0,                 0,     0.09204376195,    -0.07331004381,      0.9764997017,                 0,       81.08101282,     0.01874035429
          0,           0,         494,       -9.81881159,       -8.90594555,       -9.72584586,      -9.324310255,       -12.9638263,     0.01574748436,     0.01207643737,      0.9791475045,                 0,                 0,                 0,     0.09203809536,    -0.07330784514,      0.9764740836,                 0,       81.07916884,     0.01874035429
          0,           0,         495,      -9.825538087,      -8.912569648,      -9.730972154,       -9.33159013,      -12.97193186,     0.01574748436,     0.01207640538,      0.9791214824,                 0,                 0,                 0,     0.09203238238,    -0.07330560903,      0.9764481576,                 0,       81.07722883,     0.01874035429
          0,           0,         496,      -9.832218775,      -8.919257965,      -9.736080227,      -9.338837377,      -12.98011691,     0.01574748436,     0.01207638389,      0.9790951544,                 0,                 0,                 0,     0.09202662378,     -0.0733033358,       0.976421928,                 0,       81.07519299,     0.01874035429
          0,           0,         497,      -9.838848882,      -8.926009716,      -9.741167544,      -9.346046865,      -12.98837883,     0.01574748436,     0.01207637291,      0.9790685252,                 0,                 0,                 0,     0.09202082045,    -0.07330102585,      0.9763953991,                 0,       81.07306161,     0.01874035429
          0,           0,         498,      -9.845423612,      -8.932824081,      -9.746231718,      -9.353213369,      -12.99671528,     0.01574748436,     0.01207637247,      0.9790415997,                 0,                 0,                 0,     0.09201497336,    -0.07329867958,       0.976368576,                 0,       81.07083501,     0.01874035429
          0,           0,         499,      -9.851938236,      -8.939700226,      -9.751270536,      -9.360331689,      -13.00512411,     0.01574748436,     0.01207638256,      0.9790143831,                 0,                 0,                 0,     0.09200908355,    -0.07329629745,      0.9763414639,                 0,       81.06851357,     0.01874035429
          0,           0,         500,       -9.85838811,      -8.946637287,      -9.756281975,      -9.367396649,      -13.01360306,     0.01574748436,     0.01207640319,      0.9789868814,                 0,                 0,                 0,     0.09200315219,    -0.07329387996,      0.9763140686,                 0,       81.06609775,     0.01874035429
          0,           0,         501,      -9.864768742,      -8.953634383,      -9.761264201,      -9.374403206,       -13.0221498,     0.01574748436,     0.01207643438,      0.9789591008,                 0,                 0,                 0,     0.09199718052,    -0.07329142765,      0.9762863965,                 0,         81.063588,     0.01874035429
          0,           0,         502,      -9.871075732,      -8.960690598,      -9.766215623,      -9.381346354,      -13.03076196,     0.01574748436,     0.01207647612,      0.9789310481,                 0,                 0,                 0,      0.0919911699,    -0.07328894111,      0.9762584542,                 0,       81.06098487,     0.01874035429
          0,           0,         503,      -9.877304822,      -8.967804993,      -9.771134883,      -9.388221181,      -13.03943727,     0.01574748436,     0.01207652842,      0.9789027306,                 0,                 0,                 0,     0.09198512177,    -0.07328642098,       0.976230249,                 0,       81.05828897,     0.01874035429
          0,           0,         504,       -9.88345199,      -8.974976595,      -9.776020896,       -9.39502299,      -13.04817334,     0.01574748436,     0.01207659128,       0.978874156,                 0,                 0,                 0,      0.0919790377,    -0.07328386792,      0.9762017886,                 0,       81.05550096,     0.01874035429
          0,           0,         505,      -9.889513464,      -8.982204407,      -9.780872863,       -9.40174731,      -13.05696791,     0.01574748436,     0.01207666469,      0.9788453327,                 0,                 0,                 0,     0.09197291935,    -0.07328128267,      0.9761730814,                 0,       81.05262156,     0.01874035429
          0,           0,         506,      -9.895485743,        -8.9894874,      -9.785690282,      -9.408389933,      -13.06581886,     0.01574748436,     0.01207674864,      0.9788162695,                 0,                 0,                 0,     0.09196676848,    -0.07327866602,      0.9761441361,                 0,        81.0496516,     0.01874035429
          0,           0,         507,      -9.901365636,      -8.996824521,      -9.790472979,      -9.414946953,      -13.07472417,     0.01574748436,     0.01207684312,      0.9787869758,                 0,                 0,                 0,     0.09196058698,    -0.07327601879,      0.9761149621,                 0,       81.04659194,     0.01874035429
          0,           0,         508,      -9.907150346,      -9.004214689,       -9.79522111,      -9.421414877,       -13.0836819,     0.01574748436,      0.0120769481,      0.9787574617,                 0,                 0,                 0,     0.09195437685,    -0.07327334188,      0.9760855695,                 0,       81.04344354,     0.01874035429
          0,           0,         509,      -9.912837465,      -9.011656796,      -9.799935185,       -9.42779062,      -13.09269008,     0.01574748436,     0.01207706358,      0.9787277378,                 0,                 0,                 0,      0.0919481402,    -0.07327063623,      0.9760559687,                 0,       81.04020745,     0.01874035429
          0,           0,         510,      -9.918425051,       -9.01914971,       -9.80461609,      -9.434071595,      -13.10174675,     0.01574748436,     0.01207718951,      0.9786978151,                 0,                 0,                 0,     0.09194187924,    -0.07326790285,      0.9760261709,                 0,       81.03688482,     0.01874035429
          0,           0,         511,      -9.923911695,      -9.026692274,      -9.809265126,      -9.440255807,      -13.11084988,     0.01574748436,     0.01207732585,      0.9786677056,                 0,                 0,                 0,     0.09193559631,     -0.0732651428,      0.9759961878,                 0,        81.0334769,     0.01874035429
          0,           0,         512,      -9.929296601,      -9.034283317,      -9.813884042,      -9.446341938,      -13.11999737,     0.01574748436,     0.01207747256,      0.9786374217,                 0,                 0,                 0,     0.09192929384,    -0.07326235723,      0.9759660319,                 0,       81.02998508,     0.01874035429
          0,           0,         513,       -9.93457959,      -9.041921655,      -9.818475084,      -9.452329362,      -13.12918713,     0.01574748436,     0.01207762957,      0.9786069763,                 0,                 0,                 0,     0.09192297435,    -0.07325954734,      0.9759357161,                 0,       81.02641093,     0.01844224592
          0,           0,         514,      -9.939761202,      -9.049606092,      -9.823041001,       -9.45821827,      -13.13841704,     0.01574748436,     0.01207779678,      0.9785763831,                 0,                 0,                 0,     0.09191664047,    -0.07325671439,      0.9759052539,                 0,       81.02275615,     0.01844224592
          0,           0,         515,      -9.944842961,      -9.057335431,      -9.827584998,      -9.464010064,      -13.14768501,     0.01574748436,      0.0120779741,      0.9785456562,                 0,                 0,                 0,     0.09191029491,    -0.07325385971,      0.9758746593,                 0,       81.01902256,     0.01844224592
          0,           0,         516,       -9.94982565,      -9.065108436,      -9.832110596,         -9.469705,      -13.15698899,     0.01574748436,     0.01207816139,      0.9785148096,                 0,                 0,                 0,     0.09190394035,    -0.07325098468,      0.9758439464,                 0,       81.01521235,     0.01844224592
          0,           0,         517,      -9.954710973,      -9.072923831,      -9.836621213,      -9.475304598,      -13.16632703,     0.01574748436,     0.01207835853,      0.9784838576,                 0,                 0,                 0,     0.09189757964,    -0.07324809065,      0.9758131294,                 0,       81.01132742,     0.01844224592
          0,           0,         518,      -9.959500107,      -9.080780245,      -9.841119835,      -9.480809718,      -13.17569724,     0.01574748436,     0.01207856538,      0.9784528142,                 0,                 0,                 0,     0.09189121545,    -0.07324517897,      0.9757822222,                 0,       81.00736992,     0.01844224592
          0,           0,         519,      -9.964193575,       -9.08867618,      -9.845608647,      -9.486220484,      -13.18509786,     0.01574748436,     0.01207878178,      0.9784216929,                 0,                 0,                 0,     0.09188485043,    -0.07324225099,      0.9757512381,                 0,       81.00334209,     0.01844224592
          0,           0,         520,      -9.968791215,      -9.096609985,      -9.850088879,      -9.491536262,      -13.19452729,     0.01574748436,      0.0120790076,      0.9783905067,                 0,                 0,                 0,     0.09187848718,    -0.07323930798,      0.9757201903,                 0,        80.9992459,     0.01844224592
          0,           0,         521,      -9.973292663,      -9.104579864,      -9.854561044,      -9.496756277,      -13.20398406,     0.01574748436,     0.01207924266,      0.9783592685,                 0,                 0,                 0,     0.09187212816,    -0.07323635122,      0.9756890914,                 0,       80.99508352,     0.01844224592
          0,           0,         522,      -9.977698009,      -9.112583909,      -9.859025361,      -9.501880406,      -13.21346686,     0.01574748436,      0.0120794868,      0.9783279905,                 0,                 0,                 0,     0.09186577573,    -0.07323338196,      0.9756579538,                 0,       80.99085723,     0.01844224592
          0,           0,         523,      -9.982008188,      -9.120620138,      -9.863482156,      -9.506909612,      -13.22297458,     0.01574748436,     0.01207973981,      0.9782966852,                 0,                 0,                 0,     0.09185943221,    -0.07323040148,      0.9756267897,                 0,       80.98656931,     0.01844224592
          0,           0,         524,      -9.986225026,      -9.128686515,      -9.867932127,      -9.511845945,      -13.23250629,     0.01574748436,     0.01208000147,      0.9782653645,                 0,                 0,                 0,     0.09185309976,    -0.07322741103,      0.9755956109,                 0,       80.98222228,     0.01844224592
          0,           0,         525,      -9.990351032,      -9.136780965,      -9.872376361,       -9.51669224,      -13.24206126,     0.01574748436,     0.01208027155,        0.97823404,                 0,                 0,                 0,     0.09184678047,    -0.07322441188,      0.9755644292,                 0,       80.97781878,     0.01844224592
          0,           0,         526,      -9.994389022,      -9.144901368,      -9.876816224,      -9.521451616,      -13.25163893,     0.01574748436,     0.01208054977,      0.9782027233,                 0,                 0,                 0,     0.09184047636,    -0.07322140528,      0.9755332559,                 0,       80.97336148,     0.01844224592
          0,           0,         527,      -9.998342103,      -9.153045539,      -9.881253136,      -9.526127494,       -13.2612389,     0.01574748436,     0.01208083586,      0.9781714255,                 0,                 0,                 0,     0.09183418933,    -0.07321839249,      0.9755021021,                 0,        80.9688532,     0.01844224592
          0,           0,         528,      -10.00221313,      -9.161211221,      -9.885688367,       -9.53072288,      -13.27086084,     0.01574748436,     0.01208112953,      0.9781401571,                 0,                 0,                 0,     0.09182792118,    -0.07321537472,      0.9754709783,                 0,       80.96429681,     0.01844224592
          0,           0,         529,      -10.00600482,      -9.169396068,      -9.890122846,      -9.535240575,      -13.28050447,     0.01574748436,     0.01208143048,      0.9781089284,                 0,                 0,                 0,     0.09182167362,    -0.07321235316,      0.9754398947,                 0,       80.95969516,     0.01844224592
          0,           0,         530,      -10.00971973,       -9.17759763,      -9.894557066,      -9.539683127,      -13.29016951,     0.01574748436,     0.01208173839,      0.9780777493,                 0,                 0,                 0,     0.09181544827,    -0.07320932897,       0.975408861,                 0,       80.95505111,     0.01844224592
          0,           0,         531,      -10.01336026,       -9.18581335,      -9.898991068,      -9.544052899,      -13.29985563,     0.01574748436,     0.01208205298,       0.978046629,                 0,                 0,                 0,     0.09180924666,    -0.07320630327,      0.9753778866,                 0,       80.95036751,     0.01844224592
          0,           0,         532,       -10.0169287,      -9.194040558,      -9.903424477,      -9.548352102,      -13.30956242,     0.01574748436,     0.01208237392,      0.9780155765,                 0,                 0,                 0,     0.09180307021,    -0.07320327714,      0.9753469802,                 0,       80.94564715,     0.01844224592
          0,           0,         533,       -10.0204273,      -9.202276477,      -9.907856612,      -9.552582899,      -13.31928941,     0.01574748436,     0.01208270093,      0.9779846001,                 0,                 0,                 0,     0.09179692028,    -0.07320025161,      0.9753161502,                 0,       80.94089275,     0.01844224592
          0,           0,         534,      -10.02385825,      -9.210518226,      -9.912286602,      -9.556747427,      -13.32903606,     0.01574748436,      0.0120830337,      0.9779537079,                 0,                 0,                 0,      0.0917907981,    -0.07319722768,      0.9752854045,                 0,       80.93610698,     0.01844224592
          0,           0,         535,      -10.02722376,      -9.218762821,      -9.916713476,      -9.560847826,      -13.33880174,     0.01574748436,     0.01208337193,      0.9779229073,                 0,                 0,                 0,     0.09178470483,    -0.07319420628,      0.9752547506,                 0,       80.93129244,     0.01844224592
          0,           0,         536,      -10.03052602,      -9.227007182,      -9.921136235,      -9.564886235,      -13.34858576,     0.01574748436,     0.01208371534,      0.9778922055,                 0,                 0,                 0,     0.09177864157,    -0.07319118834,      0.9752241956,                 0,       80.92645167,     0.01844224592
          0,           0,         537,      -10.03376726,      -9.235248145,      -9.925553882,      -9.568864861,      -13.35838737,     0.01574748436,     0.01208406364,      0.9778616091,                 0,                 0,                 0,      0.0917726093,    -0.07318817471,       0.975193746,                 0,       80.92158713,     0.01844224592
          0,           0,         538,      -10.03694967,      -9.243482464,      -9.929965443,       -9.57278587,      -13.36820576,     0.01574748436,     0.01208441656,      0.9778311245,                 0,                 0,                 0,     0.09176660893,    -0.07318516622,      0.9751634081,                 0,       80.91670121,     0.01844224592
          0,           0,         539,      -10.04007542,      -9.251706812,      -9.934369938,      -9.576651386,      -13.37804008,     0.01574748436,     0.01208477383,      0.9778007575,                 0,                 0,                 0,     0.09176064132,    -0.07318216367,      0.9751331879,                 0,       80.91179625,     0.01844224592
          0,           0,         540,      -10.04314668,      -9.259917794,      -9.938766356,      -9.580463557,      -13.38788942,     0.01574748436,     0.01208513516,      0.9777705138,                 0,                 0,                 0,     0.09175470725,    -0.07317916779,      0.9751030907,                 0,       80.90687451,     0.01844224592
          0,           0,         541,      -10.04616555,       -9.26811195,      -9.943153647,      -9.584224432,      -13.39775284,     0.01574748436,     0.01208550031,      0.9777403985,                 0,                 0,                 0,     0.09174880741,    -0.07317617932,      0.9750731219,                 0,       80.90193816,     0.01844224592
          0,           0,         542,      -10.04913409,      -9.276285757,       -9.94753071,      -9.587936012,      -13.40762932,     0.01574748436,     0.01208586901,      0.9777104165,                 0,                 0,                 0,     0.09174294245,    -0.07317319892,      0.9750432861,                 0,       80.89698935,     0.01844224592
          0,           0,         543,      -10.05205432,      -9.284435642,      -9.951896407,      -9.591600248,      -13.41751777,     0.01574748436,     0.01208624102,      0.9776805724,                 0,                 0,                 0,     0.09173711295,    -0.07317022724,       0.975013588,                 0,       80.89203013,     0.01844224592
          0,           0,         544,      -10.05492824,      -9.292557983,      -9.956249571,      -9.595219029,      -13.42741711,     0.01574748436,     0.01208661608,      0.9776508704,                 0,                 0,                 0,     0.09173131942,     -0.0731672649,      0.9749840317,                 0,       80.88706252,     0.01844224592
          0,           0,         545,      -10.05775773,      -9.300649116,      -9.960589025,      -9.598794141,      -13.43732617,     0.01574748436,     0.01208699396,      0.9776213144,                 0,                 0,                 0,     0.09172556234,    -0.07316431248,      0.9749546211,                 0,       80.88208841,     0.01844224592
          0,           0,         546,      -10.06054476,      -9.308705356,      -9.964913622,      -9.602327462,      -13.44724378,     0.01574748436,     0.01208737444,      0.9775919081,                 0,                 0,                 0,     0.09171984213,    -0.07316137053,      0.9749253599,                 0,        80.8771097,     0.01844224592
          0,           0,         547,      -10.06329118,      -9.316722982,      -9.969222237,      -9.605820697,      -13.45716874,     0.01574748436,     0.01208775727,      0.9775626549,                 0,                 0,                 0,     0.09171415915,    -0.07315843957,      0.9748962514,                 0,       80.87212815,     0.01844224592
          0,           0,         548,       -10.0659988,      -9.324698274,      -9.973513809,      -9.609275544,      -13.46709978,     0.01574748436,     0.01208814224,      0.9775335579,                 0,                 0,                 0,     0.09170851374,    -0.07315552009,      0.9748672987,                 0,       80.86714552,     0.01844224592
          0,           0,         549,      -10.06866943,      -9.332627507,      -9.977787333,      -9.612693669,      -13.47703557,     0.01574748436,     0.01208852915,      0.9775046201,                 0,                 0,                 0,     0.09170290617,    -0.07315261255,      0.9748385046,                 0,       80.86216346,     0.01844224592
          0,           0,         550,      -10.07130484,      -9.340506974,      -9.982041872,      -9.616076736,      -13.48697471,     0.01574748436,     0.01208891778,       0.977475844,                 0,                 0,                 0,      0.0916973367,     -0.0731497174,      0.9748098719,                 0,       80.85718356,     0.01844224592
          0,           0,         551,      -10.07390678,      -9.348332992,      -9.986276574,      -9.619426367,      -13.49691569,     0.01574748436,     0.01208930794,      0.9774472321,                 0,                 0,                 0,     0.09169180554,    -0.07314683504,      0.9747814029,                 0,       80.85220736,     0.01844224592
          0,           0,         552,      -10.07647695,      -9.356101922,      -9.990490659,       -9.62274413,      -13.50685694,     0.01574748436,     0.01208969943,      0.9774187868,                 0,                 0,                 0,     0.09168631288,    -0.07314396586,      0.9747530999,                 0,       80.84723631,     0.01844224592
          0,           0,         553,      -10.07901701,      -9.363810175,      -9.994683438,       -9.62603158,      -13.51679681,     0.01574748436,     0.01209009208,        0.97739051,                 0,                 0,                 0,     0.09168085887,    -0.07314111022,       0.974724965,                 0,        80.8422718,     0.01844224592
          0,           0,         554,      -10.08152861,      -9.371454222,      -9.998854313,      -9.629290249,       -13.5267336,     0.01574748436,      0.0120904857,      0.9773624037,                 0,                 0,                 0,     0.09167544362,    -0.07313826847,      0.9746969999,                 0,       80.83731519,     0.01844224592
          0,           0,         555,      -10.08401337,      -9.379030622,      -10.00300276,      -9.632521658,      -13.53666561,     0.01574748436,     0.01209088014,      0.9773344695,                 0,                 0,                 0,     0.09167006725,    -0.07313544092,      0.9746692065,                 0,       80.83236773,     0.01844224592
          0,           0,         556,      -10.08647284,      -9.386536027,      -10.00712837,      -9.635727279,      -13.54659112,     0.01574748436,     0.01209127522,      0.9773067092,                 0,                 0,                 0,     0.09166472983,    -0.07313262787,      0.9746415862,                 0,       80.82743066,     0.01844224592
          0,           0,         557,      -10.08890855,      -9.393967198,      -10.01123077,      -9.638908552,      -13.55650842,     0.01574748436,     0.01209167078,      0.9772791239,                 0,                 0,                 0,     0.09165943142,     -0.0731298296,      0.9746141404,                 0,       80.82250514,     0.01844224592
          0,           0,         558,        -10.091322,      -9.401321022,      -10.01530971,        -9.6420669,      -13.56641576,     0.01574748436,     0.01209206669,      0.9772517152,                 0,                 0,                 0,     0.09165417205,    -0.07312704637,      0.9745868704,                 0,       80.81759227,     0.01844224592
          0,           0,         559,      -10.09371463,      -9.408594513,      -10.01936501,        -9.6452037,       -13.5763114,     0.01574748436,     0.01209246278,       0.977224484,                 0,                 0,                 0,     0.09164895173,    -0.07312427842,      0.9745597774,                 0,       80.81269312,     0.01844224592
          0,           0,         560,      -10.09608784,      -9.415784846,      -10.02339657,      -9.648320312,      -13.58619353,     0.01574748436,     0.01209285894,      0.9771974314,                 0,                 0,                 0,     0.09164377047,    -0.07312152599,      0.9745328622,                 0,       80.80780868,     0.01844224592
          0,           0,         561,      -10.09844302,      -9.422889348,      -10.02740436,      -9.651418073,      -13.59606033,     0.01574748436,     0.01209325501,      0.9771705583,                 0,                 0,                 0,     0.09163862825,    -0.07311878927,      0.9745061259,                 0,       80.80293992,     0.01844224592
          0,           0,         562,      -10.10078149,      -9.429905529,      -10.03138844,      -9.654498289,      -13.60590994,     0.01574748436,     0.01209365089,      0.9771438655,                 0,                 0,                 0,     0.09163352503,    -0.07311606847,      0.9744795692,                 0,       80.79808774,     0.01844224592
          0,           0,         563,      -10.10310453,      -9.436831084,      -10.03534891,      -9.657562241,      -13.61574047,     0.01574748436,     0.01209404644,      0.9771173536,                 0,                 0,                 0,     0.09162846077,    -0.07311336377,      0.9744531927,                 0,         80.793253,     0.01844224592
          0,           0,         564,       -10.1054134,      -9.443663908,      -10.03928597,      -9.660611179,      -13.62555004,     0.01574748436,     0.01209444155,      0.9770910234,                 0,                 0,                 0,     0.09162343541,    -0.07311067533,      0.9744269971,                 0,       80.78843652,     0.01844224592
          0,           0,         565,      -10.10770931,      -9.450402102,      -10.04319987,      -9.663646317,      -13.63533686,     0.01574748436,     0.01209483611,      0.9770648752,                 0,                 0,                 0,     0.09161844888,     -0.0731080033,      0.9744009827,                 0,       80.78363909,     0.01844224592
          0,           0,         566,       -10.1099934,      -9.457043979,      -10.04709092,      -9.666668838,      -13.64509929,     0.01574748436,     0.01209523002,      0.9770389094,                 0,                 0,                 0,      0.0916135011,    -0.07310534783,      0.9743751501,                 0,       80.77886143,     0.01844224592
          0,           0,         567,      -10.11226679,      -9.463588081,       -10.0509595,        -9.6696799,       -13.6548358,     0.01574748436,     0.01209562317,      0.9770131264,                 0,                 0,                 0,     0.09160859197,    -0.07310270904,      0.9743494995,                 0,       80.77410423,     0.01844224592
          0,           0,         568,      -10.11453057,      -9.470033176,        -10.054806,      -9.672680626,      -13.66454417,     0.01574748436,     0.01209601546,      0.9769875264,                 0,                 0,                 0,     0.09160372139,    -0.07310008705,      0.9743240311,                 0,       80.76936817,     0.01844224592
          0,           0,         569,      -10.11678576,      -9.476378273,      -10.05863091,      -9.675672109,      -13.67422079,     0.01574748436,     0.01209640682,      0.9769621096,                 0,                 0,                 0,     0.09159888925,    -0.07309748196,      0.9742987451,                 0,       80.76465386,     0.01844224592
          0,           0,         570,      -10.11903338,      -9.482622624,      -10.06243474,       -9.67865543,      -13.68386238,     0.01574748436,     0.01209679714,      0.9769368761,                 0,                 0,                 0,     0.09159409544,    -0.07309489387,      0.9742736416,                 0,       80.75996188,     0.01844224592
          0,           0,         571,      -10.12127436,       -9.48876571,      -10.06621803,      -9.681631626,      -13.69346612,     0.01574748436,     0.01209718635,      0.9769118259,                 0,                 0,                 0,     0.09158933981,    -0.07309232287,      0.9742487207,                 0,       80.75529278,     0.01844224592
          0,           0,         572,      -10.12350962,      -9.494807252,      -10.06998137,      -9.684601699,      -13.70302971,     0.01574748436,     0.01209757438,      0.9768869589,                 0,                 0,                 0,     0.09158462225,    -0.07308976903,      0.9742239822,                 0,       80.75064707,     0.01844224592
          0,           0,         573,      -10.12574003,      -9.500747204,      -10.07372539,      -9.687566606,      -13.71255141,     0.01574748436,     0.01209796113,      0.9768622752,                 0,                 0,                 0,     0.09157994262,    -0.07308723242,      0.9741994261,                 0,       80.74602526,     0.01844224592
          0,           0,         574,      -10.12796643,      -9.506585758,      -10.07745073,      -9.690527315,      -13.72202965,     0.01574748436,     0.01209834655,      0.9768377745,                 0,                 0,                 0,     0.09157530076,    -0.07308471309,      0.9741750523,                 0,       80.74142778,     0.01844224592
          0,           0,         575,      -10.13018964,      -9.512323339,      -10.08115809,      -9.693484759,      -13.73146328,     0.01574748436,     0.01209873057,      0.9768134567,                 0,                 0,                 0,     0.09157069655,     -0.0730822111,      0.9741508605,                 0,       80.73685505,     0.01844224592
          0,           0,         576,       -10.1324104,        -9.5179606,      -10.08484818,      -9.696439832,       -13.7408516,     0.01574748436,     0.01209911313,      0.9767893216,                 0,                 0,                 0,     0.09156612981,    -0.07307972648,      0.9741268505,                 0,       80.73230748,     0.01810858636
          0,           0,         577,      -10.13462948,      -9.523498434,       -10.0885217,      -9.699393437,      -13.75019068,     0.01574748436,     0.01209949417,      0.9767653688,                 0,                 0,                 0,      0.0915616004,    -0.07307725927,      0.9741030221,                 0,       80.72778541,     0.01810858636
          0,           0,         578,      -10.13684762,       -9.52893791,      -10.09217948,      -9.702346502,      -13.75947916,     0.01574748436,     0.01209987363,       0.976741598,                 0,                 0,                 0,     0.09155710814,    -0.07307480949,      0.9740793748,                 0,       80.72328918,     0.01810858636
          0,           0,         579,      -10.13906537,      -9.534280302,       -10.0958223,      -9.705299678,      -13.76871459,     0.01574748436,     0.01210025145,      0.9767180089,                 0,                 0,                 0,     0.09155265288,    -0.07307237718,      0.9740559084,                 0,       80.71881915,     0.01810858636
          0,           0,         580,       -10.1412834,      -9.539527078,      -10.09945096,      -9.708253797,      -13.77789372,     0.01574748436,      0.0121006276,      0.9766946011,                 0,                 0,                 0,     0.09154823444,    -0.07306996234,      0.9740326224,                 0,       80.71437562,     0.01810858636
          0,           0,         581,      -10.14350222,      -9.544679887,      -10.10306625,      -9.711209498,      -13.78701436,     0.01574748436,     0.01210100201,       0.976671374,                 0,                 0,                 0,     0.09154385264,    -0.07306756498,      0.9740095164,                 0,       80.70995885,     0.01810858636
          0,           0,         582,      -10.14572238,      -9.549740542,      -10.10666899,      -9.714167478,      -13.79607521,     0.01574748436,     0.01210137464,      0.9766483273,                 0,                 0,                 0,      0.0915395073,    -0.07306518511,      0.9739865898,                 0,        80.7055691,     0.01810858636
          0,           0,         583,      -10.14794439,      -9.554711006,      -10.11025993,      -9.717128418,       -13.8050759,     0.01574748436,     0.01210174546,      0.9766254604,                 0,                 0,                 0,     0.09153519825,    -0.07306282272,      0.9739638423,                 0,        80.7012066,     0.01810858636
          0,           0,         584,      -10.15016874,      -9.559593386,      -10.11383985,      -9.720092973,      -13.81401641,     0.01574748436,     0.01210211442,      0.9766027728,                 0,                 0,                 0,      0.0915309253,    -0.07306047781,      0.9739412731,                 0,       80.69687156,     0.01810858636
          0,           0,         585,      -10.15239588,      -9.564389918,      -10.11740951,      -9.723061748,      -13.82289673,     0.01574748436,     0.01210248148,      0.9765802638,                 0,                 0,                 0,     0.09152668827,    -0.07305815036,      0.9739188819,                 0,       80.69256418,     0.01810858636
          0,           0,         586,      -10.15462625,      -9.569102953,      -10.12096964,      -9.726035391,      -13.83171648,     0.01574748436,     0.01210284662,      0.9765579331,                 0,                 0,                 0,     0.09152248697,    -0.07305584035,      0.9738966679,                 0,       80.68828462,     0.01810858636
          0,           0,         587,      -10.15686026,      -9.573734946,      -10.12452101,      -9.729014467,      -13.84047497,     0.01574748436,     0.01210320981,      0.9765357798,                 0,                 0,                 0,     0.09151832123,    -0.07305354777,      0.9738746306,                 0,       80.68403304,     0.01810858636
          0,           0,         588,      -10.15909828,      -9.578288436,      -10.12806438,      -9.731999538,      -13.84917125,     0.01574748436,       0.012103571,      0.9765138034,                 0,                 0,                 0,     0.09151419083,    -0.07305127258,      0.9738527692,                 0,       80.67980958,     0.01810858636
          0,           0,         589,      -10.16134066,      -9.582766038,      -10.13160054,       -9.73499113,      -13.85780427,     0.01574748436,     0.01210393017,      0.9764920031,                 0,                 0,                 0,      0.0915100956,    -0.07304901475,      0.9738310833,                 0,       80.67561437,     0.01810858636
          0,           0,         590,      -10.16358773,      -9.587170427,      -10.13513025,      -9.737989737,      -13.86637304,     0.01574748436,     0.01210428731,      0.9764703784,                 0,                 0,                 0,     0.09150603533,    -0.07304677426,      0.9738095719,                 0,       80.67144752,     0.01810858636
          0,           0,         591,      -10.16583976,      -9.591504322,      -10.13865426,      -9.740995816,       -13.8748767,     0.01574748436,     0.01210464237,      0.9764489284,                 0,                 0,                 0,     0.09150200982,    -0.07304455106,      0.9737882346,                 0,       80.66730915,     0.01810858636
          0,           0,         592,      -10.16809703,      -9.595770479,      -10.14217329,      -9.744009795,      -13.88331448,     0.01574748436,     0.01210499535,      0.9764276526,                 0,                 0,                 0,     0.09149801889,    -0.07304234511,      0.9737670704,                 0,       80.66319932,     0.01810858636
          0,           0,         593,      -10.17035977,      -9.599971673,      -10.14568805,      -9.747032073,      -13.89168566,     0.01574748436,     0.01210534621,        0.97640655,                 0,                 0,                 0,     0.09149406231,    -0.07304015637,      0.9737460787,                 0,       80.65911813,     0.01810858636
          0,           0,         594,      -10.17262819,      -9.604110693,      -10.14919916,      -9.750063023,      -13.89998946,     0.01574748436,     0.01210569494,      0.9763856199,                 0,                 0,                 0,     0.09149013989,     -0.0730379848,      0.9737252587,                 0,       80.65506564,     0.01810858636
          0,           0,         595,      -10.17490247,      -9.608190324,      -10.15270726,      -9.753102978,      -13.90822481,     0.01574748436,     0.01210604152,      0.9763648616,                 0,                 0,                 0,     0.09148625143,    -0.07303583033,      0.9737046095,                 0,       80.65104189,     0.01810858636
          0,           0,         596,      -10.17718279,      -9.612213342,      -10.15621292,      -9.756152254,      -13.91639003,     0.01574748436,     0.01210638593,      0.9763442742,                 0,                 0,                 0,     0.09148239671,    -0.07303369292,      0.9736841305,                 0,       80.64704694,     0.01810858636
          0,           0,         597,      -10.17946928,      -9.616182503,      -10.15971671,      -9.759211138,      -13.92448329,     0.01574748436,     0.01210672815,      0.9763238569,                 0,                 0,                 0,     0.09147857553,    -0.07303157251,      0.9736638207,                 0,       80.64308082,     0.01810858636
          0,           0,         598,      -10.18176206,      -9.620100538,      -10.16321916,      -9.762279892,      -13.93250338,     0.01574748436,     0.01210706818,      0.9763036088,                 0,                 0,                 0,     0.09147478766,    -0.07302946905,      0.9736436794,                 0,       80.63914356,     0.01810858636
          0,           0,         599,      -10.18406125,      -9.623970134,      -10.16672079,      -9.765358758,      -13.94044961,     0.01574748436,     0.01210740599,      0.9762835292,                 0,                 0,                 0,     0.09147103291,    -0.07302738246,      0.9736237056,                 0,       80.63523515,     0.01810858636
          0,           0,         600,      -10.18636692,      -9.627793935,      -10.17022208,      -9.768447944,      -13.94832189,     0.01574748436,     0.01210774158,      0.9762636171,                 0,                 0,                 0,     0.09146731105,     -0.0730253127,      0.9736038985,                 0,       80.63135563,     0.01810858636
          0,           0,         601,      -10.18867914,      -9.631574533,      -10.17372352,      -9.771547634,       -13.9561205,     0.01574748436,     0.01210807493,      0.9762438716,                 0,                 0,                 0,     0.09146362187,    -0.07302325968,      0.9735842572,                 0,       80.62750497,     0.01810858636
          0,           0,         602,      -10.19099796,      -9.635314467,      -10.17722553,      -9.774658003,      -13.96384571,     0.01574748436,     0.01210840604,      0.9762242918,                 0,                 0,                 0,     0.09145996515,    -0.07302122335,      0.9735647808,                 0,       80.62368316,     0.01810858636
          0,           0,         603,      -10.19332341,      -9.639016224,      -10.18072853,      -9.777779206,      -13.97149752,     0.01574748436,     0.01210873488,      0.9762048769,                 0,                 0,                 0,     0.09145634067,    -0.07301920363,      0.9735454684,                 0,        80.6198902,     0.01810858636
          0,           0,         604,      -10.19565553,      -9.642682221,      -10.18423291,      -9.780911368,      -13.97907564,     0.01574748436,     0.01210906147,      0.9761856258,                 0,                 0,                 0,     0.09145274822,    -0.07301720044,       0.973526319,                 0,       80.61612605,     0.01810858636
          0,           0,         605,      -10.19799431,      -9.646314811,      -10.18773904,      -9.784054604,      -13.98657966,     0.01574748436,     0.01210938579,      0.9761665377,                 0,                 0,                 0,     0.09144918757,    -0.07301521372,      0.9735073318,                 0,       80.61239066,     0.01810858636
          0,           0,         606,      -10.20033973,      -9.649916269,      -10.19124728,      -9.787208972,      -13.99400921,     0.01574748436,     0.01210970782,      0.9761476115,                 0,                 0,                 0,     0.09144565849,    -0.07301324339,      0.9734885058,                 0,       80.60868403,     0.01810858636
          0,           0,         607,      -10.20269178,        -9.6534888,      -10.19475793,      -9.790374545,      -14.00136418,     0.01574748436,     0.01211002758,      0.9761288464,                 0,                 0,                 0,     0.09144216078,    -0.07301128936,      0.9734698399,                 0,       80.60500607,     0.01810858636
          0,           0,         608,      -10.20505046,      -9.657034538,       -10.1982713,      -9.793551456,      -14.00864485,     0.01574748436,     0.01211034504,      0.9761102414,                 0,                 0,                 0,     0.09143869419,    -0.07300935157,      0.9734513333,                 0,       80.60135676,     0.01810858636
          0,           0,         609,      -10.20741574,      -9.660555539,      -10.20178765,      -9.796739741,      -14.01585185,     0.01574748436,     0.01211066022,      0.9760917954,                 0,                 0,                 0,      0.0914352585,    -0.07300742991,       0.973432985,                 0,       80.59773603,     0.01810858636
          0,           0,         610,      -10.20978755,      -9.664053785,      -10.20530724,      -9.799939404,      -14.02298611,     0.01574748436,      0.0121109731,      0.9760735074,                 0,                 0,                 0,     0.09143185349,    -0.07300552433,      0.9734147939,                 0,       80.59414381,     0.01810858636
          0,           0,         611,      -10.21216582,      -9.667531167,      -10.20883028,      -9.803150425,      -14.03004868,     0.01574748436,     0.01211128368,      0.9760553765,                 0,                 0,                 0,     0.09142847893,    -0.07300363472,      0.9733967591,                 0,       80.59058004,     0.01810858636
          0,           0,         612,      -10.21455047,        -9.6709895,      -10.21235695,      -9.806372793,      -14.03704066,     0.01574748436,     0.01211159196,      0.9760374017,                 0,                 0,                 0,     0.09142513458,      -0.073001761,      0.9733788795,                 0,       80.58704463,     0.01810858636
          0,           0,         613,      -10.21694143,      -9.674430524,      -10.21588744,      -9.809606492,      -14.04396339,     0.01574748436,     0.01211189794,      0.9760195818,                 0,                 0,                 0,     0.09142182023,    -0.07299990308,      0.9733611541,                 0,       80.58353752,     0.01810858636
          0,           0,         614,       -10.2193386,      -9.677855901,      -10.21942188,      -9.812851467,      -14.05081836,     0.01574748436,     0.01211220161,       0.976001916,                 0,                 0,                 0,     0.09141853563,    -0.07299806088,      0.9733435819,                 0,       80.58005862,     0.01810858636
          0,           0,         615,      -10.22174188,      -9.681267211,      -10.22296041,      -9.816107661,      -14.05760633,     0.01574748436,     0.01211250299,       0.975984403,                 0,                 0,                 0,     0.09141528055,     -0.0729962343,      0.9733261619,                 0,       80.57660782,     0.01810858636
          0,           0,         616,      -10.22415116,      -9.684665963,      -10.22650312,      -9.819374999,      -14.06432769,     0.01574748436,     0.01211280206,       0.975967042,                 0,                 0,                 0,     0.09141205478,    -0.07299442325,       0.973308893,                 0,       80.57318504,     0.01810858636
          0,           0,         617,      -10.22656633,      -9.688053594,      -10.23005012,        -9.8226534,      -14.07098244,     0.01574748436,     0.01211309884,      0.9759498318,                 0,                 0,                 0,     0.09140885807,    -0.07299262764,      0.9732917742,                 0,       80.56979017,     0.01810858636
          0,           0,         618,      -10.22898728,      -9.691431468,       -10.2336015,      -9.825942783,       -14.0775703,     0.01574748436,     0.01211339332,      0.9759327714,                 0,                 0,                 0,     0.09140569019,    -0.07299084737,      0.9732748044,                 0,       80.56642311,     0.01810858636
          0,           0,         619,       -10.2314139,      -9.694800879,      -10.23715732,      -9.829243068,      -14.08409099,     0.01574748436,      0.0121136855,      0.9759158598,                 0,                 0,                 0,      0.0914025509,    -0.07298908234,      0.9732579825,                 0,       80.56308375,     0.01810858636
          0,           0,         620,      -10.23384606,      -9.698163053,      -10.24071765,       -9.83255415,      -14.09054436,     0.01574748436,      0.0121139754,      0.9758990957,                 0,                 0,                 0,     0.09139943999,    -0.07298733247,      0.9732413075,                 0,       80.55977198,     0.01810858636
          0,           0,         621,      -10.23628364,      -9.701519148,      -10.24428253,      -9.835875928,      -14.09693051,     0.01574748436,       0.012114263,      0.9758824782,                 0,                 0,                 0,     0.09139635721,    -0.07298559765,      0.9732247784,                 0,       80.55648767,     0.01810858636
          0,           0,         622,      -10.23872651,      -9.704870257,      -10.24785201,      -9.839208282,       -14.1032498,     0.01574748436,     0.01211454833,      0.9758660063,                 0,                 0,                 0,     0.09139330233,    -0.07298387779,       0.973208394,                 0,       80.55323072,     0.01810858636
          0,           0,         623,      -10.24117454,      -9.708217409,       -10.2514261,      -9.842551084,       -14.1095029,     0.01574748436,     0.01211483137,      0.9758496787,                 0,                 0,                 0,     0.09139027512,    -0.07298217278,      0.9731921532,                 0,       80.55000099,     0.01810858636
          0,           0,         624,      -10.24362759,      -9.711561572,       -10.2550048,      -9.845904191,      -14.11569058,     0.01574748436,     0.01211511214,      0.9758334945,                 0,                 0,                 0,     0.09138727534,    -0.07298048253,       0.973176055,                 0,       80.54679836,     0.01810858636
          0,           0,         625,      -10.24608551,      -9.714903655,      -10.25858809,      -9.849267459,      -14.12181369,     0.01574748436,     0.01211539064,      0.9758174524,                 0,                 0,                 0,     0.09138430276,    -0.07297880693,      0.9731600983,                 0,       80.54362269,     0.01810858636
          0,           0,         626,      -10.24854817,      -9.718244511,      -10.26217594,       -9.85264074,      -14.12787322,     0.01574748436,     0.01211566688,      0.9758015516,                 0,                 0,                 0,     0.09138135716,    -0.07297714589,       0.973144282,                 0,       80.54047387,     0.01810858636
          0,           0,         627,      -10.25101542,      -9.721584937,      -10.26576832,      -9.856023876,      -14.13387033,     0.01574748436,     0.01211594086,      0.9757857907,                 0,                 0,                 0,     0.09137843828,    -0.07297549931,       0.973128605,                 0,       80.53735174,     0.01810858636
          0,           0,         628,      -10.25348712,      -9.724925679,      -10.26936518,        -9.8594167,      -14.13980635,     0.01574748436,     0.01211621259,      0.9757701688,                 0,                 0,                 0,     0.09137554591,    -0.07297386707,      0.9731130663,                 0,       80.53425617,     0.01810858636
          0,           0,         629,      -10.25596311,      -9.728267433,      -10.27296645,      -9.862819049,      -14.14568267,     0.01574748436,     0.01211648209,      0.9757546848,                 0,                 0,                 0,     0.09137267981,    -0.07297224908,      0.9730976646,                 0,       80.53118701,     0.01810858636
          0,           0,         630,      -10.25844325,      -9.731610846,      -10.27657209,      -9.866230749,      -14.15150082,     0.01574748436,     0.01211674934,      0.9757393375,                 0,                 0,                 0,     0.09136983974,    -0.07297064523,       0.973082399,                 0,       80.52814412,     0.01810858636
          0,           0,         631,      -10.26092737,      -9.734956522,      -10.28018202,      -9.869651583,      -14.15726257,     0.01574748436,     0.01211701437,      0.9757241258,                 0,                 0,                 0,     0.09136702549,    -0.07296905542,      0.9730672683,                 0,       80.52512737,     0.01810858636
          0,           0,         632,      -10.26341536,      -9.738305016,      -10.28379616,      -9.873081457,      -14.16297017,     0.01574748436,     0.01211727719,      0.9757090486,                 0,                 0,                 0,     0.09136423681,    -0.07296747955,      0.9730522714,                 0,       80.52213658,     0.01810858636
          0,           0,         633,      -10.26590706,      -9.741656849,      -10.28741444,      -9.876520156,      -14.16862539,     0.01574748436,     0.01211753779,      0.9756941049,                 0,                 0,                 0,     0.09136147348,    -0.07296591751,      0.9730374073,                 0,       80.51917161,     0.01810858636
          0,           0,         634,       -10.2684023,      -9.745012493,      -10.29103676,      -9.879967445,      -14.17422935,     0.01574748436,     0.01211779619,      0.9756792936,                 0,                 0,                 0,     0.09135873526,    -0.07296436919,      0.9730226748,                 0,       80.51623232,     0.01810858636
          0,           0,         635,      -10.27090095,      -9.748372393,      -10.29466303,      -9.883423204,      -14.17978299,     0.01574748436,     0.01211805241,      0.9756646134,                 0,                 0,                 0,     0.09135602194,     -0.0729628345,      0.9730080729,                 0,       80.51331854,     0.01810858636
          0,           0,         636,      -10.27340288,      -9.751736957,      -10.29829317,      -9.886887227,      -14.18528753,     0.01574748436,     0.01211830644,      0.9756500634,                 0,                 0,                 0,     0.09135333328,    -0.07296131332,      0.9729936004,                 0,        80.5104301,     0.01810858636
          0,           0,         637,      -10.27590792,      -9.755106558,      -10.30192707,      -9.890359332,      -14.19074451,     0.01574748436,      0.0121185583,      0.9756356425,                 0,                 0,                 0,     0.09135066905,    -0.07295980555,      0.9729792562,                 0,       80.50756687,     0.01810858636
          0,           0,         638,      -10.27841595,      -9.758481535,      -10.30556463,      -9.893839326,      -14.19615611,     0.01574748436,       0.012118808,      0.9756213494,                 0,                 0,                 0,     0.09134802903,    -0.07295831108,      0.9729650394,                 0,       80.50472865,     0.01810858636
          0,           0,         639,      -10.28092681,      -9.761862195,      -10.30920575,      -9.897327019,      -14.20152504,     0.01574748436,     0.01211905555,      0.9756071833,                 0,                 0,                 0,       0.091345413,    -0.07295682981,      0.9729509487,                 0,       80.50191531,     0.01810858636
          0,           0,         640,      -10.28344037,      -9.765248817,      -10.31285032,      -9.900822218,      -14.20685329,     0.01574748436,     0.01211930096,      0.9755931428,                 0,                 0,                 0,     0.09134282073,    -0.07295536162,      0.9729369831,                 0,       80.49912666,     0.01810858636
          0,           0,         641,      -10.28595648,      -9.768641656,      -10.31649822,      -9.904324737,      -14.21213447,     0.01574748436,     0.01211954424,      0.9755792271,                 0,                 0,                 0,       0.091340252,    -0.07295390643,      0.9729231415,                 0,       80.49636254,     0.01810858636
          0,           0,         642,        -10.288475,      -9.772040937,      -10.32014934,      -9.907834366,      -14.21732129,     0.01574748436,     0.01211978541,      0.9755654349,                 0,                 0,                 0,     0.09133770659,    -0.07295246411,      0.9729094228,                 0,       80.49362278,     0.01810858636
          0,           0,         643,       -10.2909958,      -9.775446864,      -10.32380357,      -9.911350909,      -14.22252122,     0.01574748436,     0.01212002447,      0.9755517652,                 0,                 0,                 0,     0.09133518427,    -0.07295103457,      0.9728958259,                 0,       80.49090722,     0.01810858636
          0,           0,         644,      -10.29351873,      -9.778859614,      -10.32746079,      -9.914874179,      -14.22817144,     0.01574748436,     0.01212026144,      0.9755382169,                 0,                 0,                 0,     0.09133268483,    -0.07294961769,      0.9728823499,                 0,       80.48821567,     0.01810858636
          0,           0,         645,      -10.29604368,       -9.78227935,      -10.33112091,      -9.918403984,      -14.23337918,     0.01574748436,     0.01212049633,       0.975524789,                 0,                 0,                 0,     0.09133020806,    -0.07294821337,      0.9728689935,                 0,       80.48554797,     0.01810858636
          0,           0,         646,      -10.29857051,      -9.785706201,      -10.33478379,      -9.921940147,      -14.23847156,     0.01574748436,     0.01212072915,      0.9755114804,                 0,                 0,                 0,     0.09132775373,    -0.07294682151,      0.9728557558,                 0,       80.48290396,     0.01810858636
          0,           0,         647,      -10.30109907,      -9.789140284,      -10.33844933,      -9.925482436,      -14.24351964,     0.01574748436,     0.01212095992,      0.9754982899,                 0,                 0,                 0,     0.09132532163,      -0.072945442,      0.9728426357,                 0,       80.48028344,     0.01810858636
          0,           0,         648,      -10.30362925,      -9.792581697,       -10.3421174,      -9.929030675,      -14.24852865,     0.01574748436,     0.01212118864,      0.9754852166,                 0,                 0,                 0,     0.09132291154,    -0.07294407473,       0.972829632,                 0,       80.47768626,     0.01810858636
          0,           0,         649,      -10.30616092,      -9.796030525,      -10.34578789,      -9.932584677,      -14.25349063,     0.01574748436,     0.01212141533,      0.9754722594,                 0,                 0,                 0,     0.09132052326,     -0.0729427196,      0.9728167439,                 0,       80.47511223,     0.01810858636
          0,           0,         650,      -10.30869395,      -9.799486832,      -10.34946066,      -9.936144241,      -14.25839159,     0.01574748436,     0.01212164001,      0.9754594171,                 0,                 0,                 0,     0.09131815657,    -0.07294137651,      0.9728039701,                 0,       80.47256118,     0.01810858636
          0,           0,         651,      -10.31122823,      -9.802950667,       -10.3531356,      -9.939709182,       -14.2632128,     0.01574748436,     0.01212186268,      0.9754466889,                 0,                 0,                 0,     0.09131581126,    -0.07294004535,      0.9727913097,                 0,       80.47003293,     0.01810858636
          0,           0,         652,      -10.31376363,      -9.806422067,      -10.35681258,      -9.943279314,      -14.26793564,     0.01574748436,     0.01212208336,      0.9754340736,                 0,                 0,                 0,     0.09131348712,    -0.07293872602,      0.9727787617,                 0,       80.46752732,     0.01810858636
          0,           0,         653,      -10.31630004,      -9.809901052,      -10.36049149,      -9.946854442,      -14.27256783,     0.01574748436,     0.01212230206,      0.9754215702,                 0,                 0,                 0,     0.09131118395,    -0.07293741841,      0.9727663249,                 0,       80.46504415,     0.01810858636
          0,           0,         654,      -10.31883734,      -9.813387629,      -10.36417218,      -9.950434371,       -14.2771209,     0.01574748436,     0.01212251879,      0.9754091777,                 0,                 0,                 0,     0.09130890154,    -0.07293612242,      0.9727539984,                 0,       80.46258326,     0.01810858636
          0,           0,         655,      -10.32137541,      -9.816881795,      -10.36785454,       -9.95401892,      -14.28160983,     0.01574748436,     0.01212273358,       0.975396895,                 0,                 0,                 0,     0.09130663968,    -0.07293483794,      0.9727417812,                 0,       80.46014446,     0.01810858636
          0,           0,         656,      -10.32391415,      -9.820383535,      -10.37153845,      -9.957607898,      -14.28605136,     0.01574748436,     0.01212294643,      0.9753847211,                 0,                 0,                 0,     0.09130439818,    -0.07293356488,      0.9727296722,                 0,       80.45772759,     0.01810858636
          0,           0,         657,      -10.32645345,      -9.823892824,      -10.37522378,      -9.961201125,       -14.2904607,     0.01574748436,     0.01212315735,       0.975372655,                 0,                 0,                 0,     0.09130217683,    -0.07293230313,      0.9727176704,                 0,       80.45533246,     0.01810858636
          0,           0,         658,       -10.3289932,      -9.827409625,      -10.37891042,      -9.964798415,      -14.29484141,     0.01574748436,     0.01212336636,      0.9753606957,                 0,                 0,                 0,     0.09129997544,    -0.07293105259,      0.9727057748,                 0,       80.45295889,     0.01810858636
          0,           0,         659,      -10.33153329,      -9.830933891,      -10.38259823,      -9.968399587,      -14.29899886,     0.01574748436,     0.01212357348,      0.9753488422,                 0,                 0,                 0,      0.0912977938,    -0.07292981315,      0.9726939844,                 0,       80.45060671,     0.01810858636
          0,           0,         660,      -10.33407364,      -9.834465573,       -10.3862871,      -9.972004463,      -14.30283718,     0.01574748436,     0.01212377872,      0.9753370935,                 0,                 0,                 0,     0.09129563173,    -0.07292858473,      0.9726822983,                 0,       80.44827574,     0.01810858636
          0,           0,         661,      -10.33661413,      -9.838004601,      -10.38997692,      -9.975612862,      -14.30720896,     0.01574748436,     0.01212398209,      0.9753254486,                 0,                 0,                 0,     0.09129348902,    -0.07292736721,      0.9726707154,                 0,        80.4459658,     0.01810858636
          0,           0,         662,      -10.33915466,      -9.841550901,      -10.39366757,      -9.979224605,      -14.31154979,     0.01574748436,     0.01212418361,      0.9753139065,                 0,                 0,                 0,     0.09129136548,     -0.0729261605,      0.9726592348,                 0,       80.44367671,     0.01810858636
          0,           0,         663,      -10.34169515,      -9.845104399,      -10.39735893,      -9.982839524,      -14.31581769,     0.01574748436,     0.01212438329,      0.9753024662,                 0,                 0,                 0,     0.09128926092,     -0.0729249645,      0.9726478555,                 0,        80.4414083,     0.01810858636
          0,           0,         664,      -10.34423549,      -9.848665013,       -10.4010509,      -9.986457416,       -14.3200498,     0.01574748436,     0.01212458114,      0.9752911268,                 0,                 0,                 0,     0.09128717516,     -0.0729237791,      0.9726365765,                 0,       80.43916038,     0.01810858636
          0,           0,         665,      -10.34677563,      -9.852232652,      -10.40474337,      -9.990078199,      -14.32425221,     0.01574748436,     0.01212477718,      0.9752798873,                 0,                 0,                 0,     0.09128510801,    -0.07292260422,      0.9726253969,                 0,       80.43693279,     0.01810858636
          0,           0,         666,      -10.34931547,      -9.855807219,      -10.40843624,      -9.993701679,      -14.32842604,     0.01574748436,     0.01212497143,      0.9752687468,                 0,                 0,                 0,     0.09128305928,    -0.07292143975,      0.9726143157,                 0,       80.43472535,     0.01810858636
          0,           0,         667,      -10.35185492,      -9.859388612,       -10.4121294,      -9.997327683,      -14.33257805,     0.01574748436,      0.0121251639,      0.9752577043,                 0,                 0,                 0,     0.09128102878,     -0.0729202856,      0.9726033319,                 0,       80.43253787,     0.01810858636
          0,           0,         668,       -10.3543939,       -9.86297672,      -10.41582275,      -10.00095604,      -14.33672103,     0.01574748436,      0.0121253546,      0.9752467588,                 0,                 0,                 0,     0.09127901634,    -0.07291914167,      0.9725924448,                 0,       80.43037018,     0.01810858636
          0,           0,         669,      -10.35693233,      -9.866571432,       -10.4195162,      -10.00458659,      -14.34087019,     0.01574748436,     0.01212554355,      0.9752359095,                 0,                 0,                 0,     0.09127702177,    -0.07291800786,      0.9725816532,                 0,       80.42822211,     0.01810858636
          0,           0,         670,      -10.35947013,      -9.870172626,      -10.42320964,      -10.00821919,      -14.34505579,     0.01574748436,     0.01212573076,      0.9752251554,                 0,                 0,                 0,      0.0912750449,    -0.07291688408,      0.9725709563,                 0,       80.42609348,     0.01810858636
          0,           0,         671,      -10.36200723,      -9.873780194,      -10.42690299,      -10.01185365,      -14.34924354,     0.01574748436,     0.01212591625,      0.9752144956,                 0,                 0,                 0,     0.09127308555,    -0.07291577023,      0.9725603533,                 0,       80.42398411,     0.01810858636
          0,           0,         672,      -10.36454356,      -9.877394005,      -10.43059614,      -10.01548988,      -14.35341659,     0.01574748436,     0.01212610003,      0.9752039292,                 0,                 0,                 0,     0.09127114354,    -0.07291466622,      0.9725498431,                 0,       80.42189384,     0.01810858636
          0,           0,         673,      -10.36707905,      -9.881013913,      -10.43428899,       -10.0191277,      -14.35760761,     0.01574748436,     0.01212628212,      0.9751934553,                 0,                 0,                 0,      0.0912692187,    -0.07291357197,      0.9725394249,                 0,       80.41982249,     0.01810858636
          0,           0,         674,      -10.36961363,      -9.884639781,      -10.43798148,      -10.02276695,      -14.36181275,     0.01574748436,     0.01212646253,      0.9751830729,                 0,                 0,                 0,     0.09126731086,    -0.07291248736,      0.9725290978,                 0,       80.41776989,     0.01810858636
          0,           0,         675,      -10.37214724,      -9.888271473,      -10.44167349,      -10.02640749,       -14.3660156,     0.01574748436,     0.01212664127,      0.9751727813,                 0,                 0,                 0,     0.09126541985,    -0.07291141232,      0.9725188609,                 0,       80.41573586,     0.01810858636
          0,           0,         676,       -10.3746798,      -9.891908848,      -10.44536495,      -10.03004919,      -14.37019908,     0.01574748436,     0.01212681837,      0.9751625795,                 0,                 0,                 0,     0.09126354549,    -0.07291034675,      0.9725087133,                 0,       80.41372023,     0.01810858636
          0,           0,         677,      -10.37721125,      -9.895551759,      -10.44905578,      -10.03369188,      -14.37435007,     0.01574748436,     0.01212699383,      0.9751524667,                 0,                 0,                 0,     0.09126168763,    -0.07290929057,      0.9724986543,                 0,       80.41172285,     0.01810858636
          0,           0,         678,      -10.37974154,      -9.899200065,      -10.45274589,      -10.03733544,      -14.37846043,     0.01574748436,     0.01212716767,      0.9751424419,                 0,                 0,                 0,      0.0912598461,    -0.07290824367,      0.9724886828,                 0,       80.40974353,     0.01810858636
          0,           0,         679,      -10.38227062,      -9.902853614,      -10.45643518,      -10.04097975,      -14.38252638,     0.01574748436,      0.0121273399,      0.9751325044,                 0,                 0,                 0,     0.09125802073,    -0.07290720598,      0.9724787981,                 0,       80.40778211,     0.01810858636
          0,           0,         680,      -10.38479842,      -9.906512258,      -10.46012358,      -10.04462466,      -14.38654738,     0.01574748436,     0.01212751054,      0.9751226532,                 0,                 0,                 0,     0.09125621137,    -0.07290617741,      0.9724689993,                 0,       80.40583842,     0.01810858636
          0,           0,         681,       -10.3873249,      -9.910175843,      -10.46381101,      -10.04827005,      -14.39052492,     0.01574748436,     0.01212767961,      0.9751128876,                 0,                 0,                 0,     0.09125441785,    -0.07290515786,      0.9724592856,                 0,        80.4039123,     0.01810858636
          0,           0,         682,      -10.38985001,      -9.913844215,      -10.46749738,      -10.05191578,      -14.39446148,     0.01574748436,     0.01212784711,      0.9751032068,                 0,                 0,                 0,     0.09125264001,    -0.07290414725,      0.9724496562,                 0,       80.40200358,     0.01810858636
          0,           0,         683,      -10.39237368,      -9.917517216,      -10.47118261,      -10.05556172,      -14.39835983,     0.01574748436,     0.01212801306,      0.9750936098,                 0,                 0,                 0,      0.0912508777,     -0.0729031455,      0.9724401102,                 0,       80.40011209,     0.01810858636
          0,           0,         684,      -10.39489588,      -9.921194685,      -10.47486664,      -10.05920775,      -14.40222262,     0.01574748436,     0.01212817748,      0.9750840959,                 0,                 0,                 0,     0.09124913076,    -0.07290215251,      0.9724306468,                 0,       80.39823769,     0.01810858636
          0,           0,         685,      -10.39741656,      -9.924876465,      -10.47854936,      -10.06285374,       -14.4060521,     0.01574748436,     0.01212834038,      0.9750746642,                 0,                 0,                 0,     0.09124739904,    -0.07290116821,      0.9724212653,                 0,       80.39638019,     0.01810858636
          0,           0,         686,      -10.39993568,      -9.928562392,       -10.4822307,      -10.06649957,      -14.40985014,     0.01574748436,     0.01212850177,       0.975065314,                 0,                 0,                 0,     0.09124568239,    -0.07290019251,      0.9724119647,                 0,       80.39453945,     0.01810858636
          0,           0,         687,      -10.40245319,      -9.932252302,      -10.48591061,      -10.07014513,      -14.41361822,     0.01574748436,     0.01212866167,      0.9750560445,                 0,                 0,                 0,     0.09124398065,    -0.07289922533,      0.9724027444,                 0,        80.3927153,     0.01810858636
          0,           0,         688,      -10.40496905,      -9.935946031,      -10.48958899,      -10.07379028,      -14.41735756,     0.01574748436,     0.01212882009,      0.9750468549,                 0,                 0,                 0,     0.09124229368,    -0.07289826658,      0.9723936035,                 0,       80.39090759,     0.01810858636
          0,           0,         689,      -10.40748322,      -9.939643415,      -10.49326577,      -10.07743493,      -14.42106916,     0.01574748436,     0.01212897704,      0.9750377443,                 0,                 0,                 0,     0.09124062133,    -0.07289731619,      0.9723845413,                 0,       80.38911615,     0.01810858636
          0,           0,         690,      -10.40999567,      -9.943344286,       -10.4969409,      -10.08107895,      -14.42475388,     0.01574748436,     0.01212913255,      0.9750287121,                 0,                 0,                 0,     0.09123896346,    -0.07289637407,      0.9723755571,                 0,       80.38734083,     0.01810858636
          0,           0,         691,      -10.41250636,      -9.947048478,       -10.5006143,      -10.08472224,      -14.42841247,     0.01574748436,     0.01212928661,      0.9750197575,                 0,                 0,                 0,     0.09123731992,    -0.07289544014,      0.9723666499,                 0,       80.38558148,     0.01810858636
          0,           0,         692,      -10.41501525,      -9.950755825,       -10.5042859,      -10.08836468,      -14.43204562,     0.01574748436,     0.01212943926,      0.9750108797,                 0,                 0,                 0,     0.09123569056,    -0.07289451432,      0.9723578192,                 0,       80.38383794,     0.01810858636
          0,           0,         693,      -10.41752232,      -9.954466158,      -10.50795565,      -10.09200617,      -14.43565389,     0.01574748436,     0.01212959049,      0.9750020779,                 0,                 0,                 0,     0.09123407526,    -0.07289359654,      0.9723490641,                 0,       80.38211006,     0.01810858636
          0,           0,         694,      -10.42002753,      -9.958179312,      -10.51162348,       -10.0956466,      -14.43923778,     0.01574748436,     0.01212974033,      0.9749933515,                 0,                 0,                 0,     0.09123247386,    -0.07289268671,      0.9723403839,                 0,       80.38039768,     0.01810858636
          0,           0,         695,      -10.42253086,      -9.961895116,      -10.51528934,      -10.09928588,      -14.44279765,     0.01574748436,     0.01212988878,      0.9749846996,                 0,                 0,                 0,     0.09123088623,    -0.07289178477,      0.9723317779,                 0,       80.37870067,     0.01810858636
          0,           0,         696,      -10.42503228,      -9.965613402,      -10.51895315,       -10.1029239,      -14.44633375,     0.01574748436,     0.01213003587,      0.9749761216,                 0,                 0,                 0,     0.09122931224,    -0.07289089062,      0.9723232454,                 0,       80.37701886,     0.01810858636
          0,           0,         697,      -10.42753174,      -9.969334003,      -10.52261485,      -10.10656055,      -14.44984625,     0.01574748436,     0.01213018159,      0.9749676167,                 0,                 0,                 0,     0.09122775174,     -0.0728900042,      0.9723147856,                 0,       80.37535211,     0.01810858636
          0,           0,         698,      -10.43002924,       -9.97305675,      -10.52627438,      -10.11019573,      -14.45333522,     0.01574748436,     0.01213032598,      0.9749591843,                 0,                 0,                 0,     0.09122620461,    -0.07288912544,      0.9723063978,                 0,       80.37370029,     0.01810858636
          0,           0,         699,      -10.43252474,      -9.976781475,      -10.52993169,      -10.11382933,      -14.45680068,     0.01574748436,     0.01213046903,      0.9749508236,                 0,                 0,                 0,     0.09122467071,    -0.07288825424,      0.9722980814,                 0,       80.37206323,     0.01810858636
          0,           0,         700,      -10.43501822,       -9.98050801,      -10.53358671,      -10.11746128,       -14.4602426,     0.01574748436,     0.01213061076,      0.9749425339,                 0,                 0,                 0,     0.09122314992,    -0.07288739056,      0.9722898357,                 0,       80.37044079,     0.01810858636
          0,           0,         701,      -10.43750966,      -9.984236188,      -10.53723937,      -10.12109147,      -14.46366088,     0.01574748436,     0.01213075119,      0.9749343146,                 0,                 0,                 0,     0.09122164209,     -0.0728865343,      0.9722816598,                 0,       80.36883284,     0.01810858636
          0,           0,         702,      -10.43999903,      -9.987965844,      -10.54088961,      -10.12471981,       -14.4670554,     0.01574748436,     0.01213089033,      0.9749261649,                 0,                 0,                 0,     0.09122014712,     -0.0728856854,      0.9722735533,                 0,       80.36723923,     0.01810858636
          0,           0,         703,      -10.44248633,      -9.991696812,       -10.5445374,      -10.12834621,      -14.47042602,     0.01574748436,     0.01213102818,      0.9749180842,                 0,                 0,                 0,     0.09121866486,    -0.07288484379,      0.9722655153,                 0,       80.36565982,     0.01810858636
          0,           0,         704,      -10.44497153,      -9.995428927,      -10.54818267,      -10.13197059,      -14.47377255,     0.01574748436,     0.01213116477,      0.9749100718,                 0,                 0,                 0,     0.09121719519,    -0.07288400939,      0.9722575453,                 0,       80.36409447,     0.01810858636
          0,           0,         705,      -10.44745461,      -9.999162027,      -10.55182539,      -10.13559288,       -14.4770948,     0.01574748436,     0.01213130011,      0.9749021271,                 0,                 0,                 0,       0.091215738,    -0.07288318214,      0.9722496426,                 0,       80.36254305,     0.01810858636
          0,           0,         706,      -10.44993557,      -10.00289595,      -10.55546551,      -10.13921298,      -14.48039254,     0.01574748436,      0.0121314342,      0.9748942493,                 0,                 0,                 0,     0.09121429316,    -0.07288236197,      0.9722418065,                 0,        80.3610054,     0.01810858636
          0,           0,         707,      -10.45241438,      -10.00663054,      -10.55910301,      -10.14283082,       -14.4836655,     0.01574748436,     0.01213156706,      0.9748864379,                 0,                 0,                 0,     0.09121286054,     -0.0728815488,      0.9722340364,                 0,       80.35948141,     0.01810858636
          0,           0,         708,      -10.45489105,      -10.01036563,      -10.56273783,      -10.14644634,      -14.48691336,     0.01574748436,     0.01213169871,      0.9748786922,                 0,                 0,                 0,     0.09121144004,    -0.07288074258,      0.9722263317,                 0,       80.35797093,     0.01810858636
          0,           0,         709,      -10.45736555,      -10.01410107,      -10.56636994,      -10.15005945,      -14.49013578,     0.01574748436,     0.01213182915,      0.9748710116,                 0,                 0,                 0,     0.09121003153,    -0.07287994322,      0.9722186916,                 0,       80.35647383,     0.01810858636
          0,           0,         710,      -10.45983788,       -10.0178367,      -10.56999932,       -10.1536701,      -14.49333246,     0.01574748436,      0.0121319584,      0.9748633954,                 0,                 0,                 0,      0.0912086349,    -0.07287915067,      0.9722111157,                 0,       80.35498998,     0.01810858636
          0,           0,         711,      -10.46230803,      -10.02157237,      -10.57362594,       -10.1572782,      -14.49650319,     0.01574748436,     0.01213208646,      0.9748558431,                 0,                 0,                 0,     0.09120725002,    -0.07287836486,      0.9722036033,                 0,       80.35351925,     0.01810858636
          0,           0,         712,      -10.46477599,      -10.02530792,      -10.57724976,       -10.1608837,      -14.49964792,     0.01574748436,     0.01213221336,      0.9748483539,                 0,                 0,                 0,      0.0912058768,    -0.07287758573,      0.9721961537,                 0,        80.3520615,     0.01810858636
          0,           0,         713,      -10.46724176,      -10.02904321,      -10.58087075,      -10.16448654,      -14.50276674,     0.01574748436,      0.0121323391,      0.9748409274,                 0,                 0,                 0,     0.09120451511,    -0.07287681321,      0.9721887664,                 0,       80.35061661,     0.01810858636
          0,           0,         714,      -10.46970533,      -10.03277808,      -10.58448889,      -10.16808663,      -14.50585988,     0.01574748436,     0.01213246369,      0.9748335629,                 0,                 0,                 0,     0.09120316484,    -0.07287604723,      0.9721814408,                 0,       80.34918446,     0.01810858636
          0,           0,         715,      -10.47216669,      -10.03651238,      -10.58810414,      -10.17168393,      -14.50892766,     0.01574748436,     0.01213258715,      0.9748262598,                 0,                 0,                 0,     0.09120182589,    -0.07287528773,      0.9721741762,                 0,       80.34776491,     0.01810858636
          0,           0,         716,      -10.47462584,      -10.04024596,      -10.59171649,      -10.17527838,      -14.51197042,     0.01574748436,     0.01213270948,      0.9748190175,                 0,                 0,                 0,     0.09120049814,    -0.07287453466,      0.9721669722,                 0,       80.34635784,     0.01810858636
          0,           0,         717,      -10.47708277,      -10.04397869,       -10.5953259,       -10.1788699,      -14.51498848,     0.01574748436,      0.0121328307,      0.9748118355,                 0,                 0,                 0,     0.09119918149,    -0.07287378795,      0.9721598281,                 0,       80.34496313,     0.01810858636
          0,           0,         718,      -10.47953749,      -10.04771042,      -10.59893235,      -10.18245845,      -14.51798209,     0.01574748436,     0.01213295082,      0.9748047132,                 0,                 0,                 0,     0.09119787583,    -0.07287304753,      0.9721527433,                 0,       80.34358066,     0.01810858636
          0,           0,         719,      -10.48198998,        -10.051441,      -10.60253581,      -10.18604397,      -14.52095149,     0.01574748436,     0.01213306986,        0.97479765,                 0,                 0,                 0,     0.09119658106,    -0.07287231335,      0.9721457173,                 0,        80.3422103,     0.01810858636
          0,           0,         720,      -10.48444026,      -10.05517029,      -10.60613625,      -10.18962641,      -14.52389685,     0.01574748436,     0.01213318781,      0.9747906453,                 0,                 0,                 0,     0.09119529707,    -0.07287158535,      0.9721387496,                 0,       80.34085194,     0.01810858636
          0,           0,         721,       -10.4868883,      -10.05889816,      -10.60973366,      -10.19320571,      -14.52681833,     0.01574748436,     0.01213330469,      0.9747836986,                 0,                 0,                 0,     0.09119402376,    -0.07287086347,      0.9721318395,                 0,       80.33950546,     0.01810858636
          0,           0,         722,      -10.48933413,      -10.06262448,        -10.613328,      -10.19678181,       -14.5297161,     0.01574748436,     0.01213342052,      0.9747768094,                 0,                 0,                 0,     0.09119276103,    -0.07287014764,      0.9721249866,                 0,       80.33817074,     0.01810858636
          0,           0,         723,      -10.49177773,       -10.0663491,      -10.61691926,      -10.20035468,      -14.53259032,     0.01574748436,      0.0121335353,       0.974769977,                 0,                 0,                 0,     0.09119150877,    -0.07286943782,      0.9721181903,                 0,       80.33684767,     0.01810858636
          0,           0,         724,       -10.4942191,      -10.07007189,      -10.62050741,      -10.20392427,      -14.53544136,     0.01574748436,     0.01213364904,      0.9747632011,                 0,                 0,                 0,     0.09119026689,    -0.07286873395,        0.97211145,                 0,       80.33553612,     0.01810858636
          0,           0,         725,      -10.49665827,      -10.07379274,      -10.62409243,      -10.20749054,      -14.53826943,     0.01574748436,     0.01213376176,      0.9747564809,                 0,                 0,                 0,      0.0911890353,    -0.07286803596,      0.9721047652,                 0,         80.334236,     0.01810858636
          0,           0,         726,      -10.49909521,      -10.07751152,      -10.62767432,      -10.21105343,       -14.5410748,     0.01574748436,     0.01213387346,      0.9747498161,                 0,                 0,                 0,     0.09118781388,     -0.0728673438,      0.9720981355,                 0,       80.33294718,     0.01810858636
          0,           0,         727,      -10.50152993,      -10.08122808,      -10.63125305,      -10.21461291,      -14.54385774,     0.01574748436,     0.01213398416,       0.974743206,                 0,                 0,                 0,     0.09118660255,    -0.07286665742,      0.9720915603,                 0,       80.33166955,     0.01810858636
          0,           0,         728,      -10.50396246,      -10.08494233,       -10.6348286,      -10.21816897,      -14.54661851,     0.01574748436,     0.01213409386,      0.9747366503,                 0,                 0,                 0,     0.09118540122,    -0.07286597676,       0.972085039,                 0,         80.330403,     0.01810858636
          0,           0,         729,      -10.50639278,      -10.08865414,      -10.63840097,      -10.22172155,      -14.54935736,     0.01574748436,     0.01213420258,      0.9747301482,                 0,                 0,                 0,     0.09118420978,    -0.07286530177,      0.9720785712,                 0,       80.32914744,     0.01810858636
          0,           0,         730,      -10.50882091,      -10.09236339,      -10.64197015,      -10.22527062,      -14.55207456,     0.01574748436,     0.01213431032,      0.9747236995,                 0,                 0,                 0,     0.09118302815,    -0.07286463239,      0.9720721564,                 0,       80.32790273,     0.01810858636
          0,           0,         731,      -10.51124685,      -10.09606996,      -10.64553613,      -10.22881616,      -14.55477034,     0.01574748436,      0.0121344171,      0.9747173035,                 0,                 0,                 0,     0.09118185623,    -0.07286396858,       0.972065794,                 0,       80.32666879,     0.01810858636
          0,           0,         732,      -10.51367061,      -10.09977376,      -10.64909892,      -10.23235812,      -14.55744492,     0.01574748436,     0.01213452292,      0.9747109598,                 0,                 0,                 0,     0.09118069394,    -0.07286331027,      0.9720594837,                 0,       80.32544551,     0.01810858636
          0,           0,         733,      -10.51609218,      -10.10347466,      -10.65265849,      -10.23589647,      -14.56009847,     0.01574748436,      0.0121346278,      0.9747046679,                 0,                 0,                 0,     0.09117954118,    -0.07286265741,      0.9720532248,                 0,       80.32423278,     0.01810858636
          0,           0,         734,      -10.51851157,      -10.10717256,      -10.65621483,      -10.23943116,      -14.56273111,     0.01574748436,     0.01213473174,      0.9746984272,                 0,                 0,                 0,     0.09117839786,    -0.07286200996,       0.972047017,                 0,        80.3230305,     0.01810858636
          0,           0,         735,      -10.52092879,      -10.11086734,      -10.65976794,      -10.24296214,      -14.56534291,     0.01574748436,     0.01213483475,      0.9746922374,                 0,                 0,                 0,     0.09117726389,    -0.07286136787,      0.9720408598,                 0,       80.32183856,     0.01810858636
          0,           0,         736,      -10.52334384,      -10.11455892,      -10.66331779,       -10.2464894,      -14.56793393,     0.01574748436,     0.01213493684,       0.974686098,                 0,                 0,                 0,     0.09117613919,    -0.07286073108,      0.9720347526,                 0,       80.32065688,     0.01810858636
          0,           0,         737,      -10.52575674,      -10.11824719,      -10.66686437,       -10.2500129,      -14.57050426,     0.01574748436,     0.01213503802,      0.9746800085,                 0,                 0,                 0,     0.09117502368,    -0.07286009954,       0.972028695,                 0,       80.31948534,     0.01810858636
          0,           0,         738,      -10.52816748,      -10.12193204,      -10.67040764,      -10.25353262,      -14.57305401,     0.01574748436,      0.0121351383,      0.9746739683,                 0,                 0,                 0,     0.09117391727,    -0.07285947321,      0.9720226866,                 0,       80.31832385,     0.01810858636
          0,           0,         739,      -10.53057609,      -10.12561339,      -10.67394762,      -10.25704856,      -14.57558337,     0.01574748436,      0.0121352377,      0.9746679772,                 0,                 0,                 0,     0.09117281987,    -0.07285885203,       0.972016727,                 0,       80.31717231,     0.01810858636
          0,           0,         740,      -10.53298256,      -10.12929114,      -10.67748428,      -10.26056071,      -14.57809253,     0.01574748436,     0.01213533621,      0.9746620346,                 0,                 0,                 0,      0.0911717314,    -0.07285823596,      0.9720108155,                 0,       80.31603062,     0.01810858636
          0,           0,         741,      -10.53538693,      -10.13296521,      -10.68101766,      -10.26406905,      -14.58058176,     0.01574748436,     0.01213543385,      0.9746561401,                 0,                 0,                 0,     0.09117065179,    -0.07285762495,       0.972004952,                 0,       80.31489869,     0.01810858636
          0,           0,         742,       -10.5377892,      -10.13663551,      -10.68454778,      -10.26757358,      -14.58305127,     0.01574748436,     0.01213553062,      0.9746502932,                 0,                 0,                 0,     0.09116958094,    -0.07285701896,      0.9719991358,                 0,       80.31377642,     0.01810858636
          0,           0,         743,      -10.54018937,      -10.14030195,      -10.68807464,      -10.27107426,      -14.58550132,     0.01574748436,     0.01213562654,      0.9746444935,                 0,                 0,                 0,     0.09116851879,    -0.07285641793,      0.9719933665,                 0,       80.31266372,     0.01810858636
          0,           0,         744,      -10.54258747,      -10.14396447,      -10.69159828,      -10.27457112,      -14.58793215,     0.01574748436,     0.01213572162,      0.9746387406,                 0,                 0,                 0,     0.09116746524,    -0.07285582182,      0.9719876438,                 0,       80.31156049,     0.01810858636
          0,           0,         745,      -10.54498349,      -10.14762297,      -10.69511871,      -10.27806412,      -14.59034401,     0.01574748436,     0.01213581585,      0.9746330341,                 0,                 0,                 0,     0.09116642022,    -0.07285523058,      0.9719819672,                 0,       80.31046664,     0.01810858636
          0,           0,         746,      -10.54737746,      -10.15127738,      -10.69863592,      -10.28155324,       -14.5927372,     0.01574748436,     0.01213590926,      0.9746273735,                 0,                 0,                 0,     0.09116538366,    -0.07285464418,      0.9719763362,                 0,        80.3093821,     0.01810858636
          0,           0,         747,      -10.54976938,      -10.15492763,      -10.70214992,      -10.28503848,      -14.59511205,     0.01574748436,     0.01213600184,      0.9746217584,                 0,                 0,                 0,     0.09116435547,    -0.07285406256,      0.9719707506,                 0,       80.30830675,     0.01810858636
          0,           0,         748,      -10.55215926,      -10.15857365,       -10.7056607,      -10.28851982,      -14.59746891,     0.01574748436,     0.01213609361,      0.9746161884,                 0,                 0,                 0,     0.09116333559,    -0.07285348568,      0.9719652098,                 0,       80.30724052,     0.01810858636
          0,           0,         749,       -10.5545471,      -10.16221536,      -10.70916825,      -10.29199722,      -14.59980814,     0.01574748436,     0.01213618457,      0.9746106631,                 0,                 0,                 0,     0.09116232393,     -0.0728529135,      0.9719597134,                 0,       80.30618332,     0.01810858636
          0,           0,         750,      -10.55693294,       -10.1658527,      -10.71267257,      -10.29547074,      -14.60213009,     0.01574748436,     0.01213627474,       0.974605182,                 0,                 0,                 0,     0.09116132042,    -0.07285234598,      0.9719542611,                 0,       80.30513507,     0.01810858636
          0,           0,         751,      -10.55931677,      -10.16948562,      -10.71617365,      -10.29894034,      -14.60443511,     0.01574748436,     0.01213636411,      0.9745997449,                 0,                 0,                 0,     0.09116032499,    -0.07285178307,      0.9719488525,                 0,       80.30409567,     0.01810858636
          0,           0,         752,      -10.56169861,      -10.17311403,      -10.71967151,      -10.30240599,      -14.60672349,     0.01574748436,     0.01213645271,      0.9745943513,                 0,                 0,                 0,     0.09115933756,    -0.07285122472,      0.9719434871,                 0,       80.30306505,     0.01810858636
          0,           0,         753,      -10.56407846,      -10.17673789,      -10.72316615,       -10.3058677,      -14.60899548,     0.01574748436,     0.01213654053,      0.9745890008,                 0,                 0,                 0,     0.09115835807,    -0.07285067091,      0.9719381646,                 0,       80.30204312,     0.01810858636
          0,           0,         754,      -10.56645635,      -10.18035713,      -10.72665757,      -10.30932548,       -14.6112513,     0.01574748436,     0.01213662758,       0.974583693,                 0,                 0,                 0,     0.09115738644,    -0.07285012158,      0.9719328846,                 0,       80.30102979,     0.01810858636
          0,           0,         755,      -10.56883227,      -10.18397171,      -10.73014577,      -10.31277929,      -14.61349118,     0.01574748436,     0.01213671387,      0.9745784275,                 0,                 0,                 0,      0.0911564226,     -0.0728495767,      0.9719276467,                 0,         80.300025,     0.01810858636
          0,           0,         756,      -10.57120625,      -10.18758157,      -10.73363077,      -10.31622915,      -14.61571538,     0.01574748436,     0.01213679942,       0.974573204,                 0,                 0,                 0,     0.09115546647,    -0.07284903623,      0.9719224505,                 0,       80.29902864,     0.01810858636
          0,           0,         757,       -10.5735783,      -10.19118666,      -10.73711257,      -10.31967507,      -14.61792413,     0.01574748436,     0.01213688421,      0.9745680221,                 0,                 0,                 0,     0.09115451801,    -0.07284850012,      0.9719172957,                 0,       80.29804065,     0.01810858636
          0,           0,         758,      -10.57594842,      -10.19478693,      -10.74059117,      -10.32311703,      -14.62011763,     0.01574748436,     0.01213696828,      0.9745628814,                 0,                 0,                 0,     0.09115357712,    -0.07284796833,      0.9719121819,                 0,       80.29706095,     0.01810858636
          0,           0,         759,      -10.57831663,      -10.19838234,       -10.7440666,      -10.32655504,      -14.62229606,     0.01574748436,     0.01213705161,      0.9745577815,                 0,                 0,                 0,     0.09115264375,    -0.07284744084,      0.9719071087,                 0,       80.29608946,     0.01810858636
          0,           0,         760,      -10.58068295,      -10.20197285,      -10.74753885,      -10.32998913,      -14.62445957,     0.01574748436,     0.01213713421,      0.9745527221,                 0,                 0,                 0,     0.09115171784,    -0.07284691759,      0.9719020758,                 0,       80.29512609,     0.01810858636
          0,           0,         761,      -10.58304739,      -10.20555842,      -10.75100794,      -10.33341927,      -14.62660831,     0.01574748436,     0.01213721611,      0.9745477029,                 0,                 0,                 0,      0.0911507993,    -0.07284639855,      0.9718970828,                 0,       80.29417078,     0.01810858636
          0,           0,         762,      -10.58540995,      -10.20913901,       -10.7544739,      -10.33684546,      -14.62874244,     0.01574748436,     0.01213729729,      0.9745427234,                 0,                 0,                 0,     0.09114988809,    -0.07284588369,      0.9718921293,                 0,       80.29322345,     0.01810858636
          0,           0,         763,      -10.58777066,      -10.21271459,      -10.75793672,      -10.34026774,       -14.6308622,     0.01574748436,     0.01213737777,      0.9745377834,                 0,                 0,                 0,     0.09114898413,    -0.07284537296,      0.9718872151,                 0,       80.29228402,     0.01810858636
          0,           0,         764,      -10.59012954,      -10.21628512,      -10.76139644,      -10.34368612,      -14.63296791,     0.01574748436,     0.01213745756,      0.9745328824,                 0,                 0,                 0,     0.09114808735,    -0.07284486633,      0.9718823397,                 0,       80.29135242,     0.01810858636
          0,           0,         765,      -10.59248658,      -10.21985058,      -10.76485306,      -10.34710056,      -14.63505996,     0.01574748436,     0.01213753666,      0.9745280202,                 0,                 0,                 0,     0.09114719771,    -0.07284436376,      0.9718775029,                 0,       80.29042858,     0.01810858636
          0,           0,         766,      -10.59484181,      -10.22341094,      -10.76830658,      -10.35051113,      -14.63713886,     0.01574748436,     0.01213761508,      0.9745231964,                 0,                 0,                 0,     0.09114631513,    -0.07284386522,      0.9718727043,                 0,       80.28951242,     0.01810858636
          0,           0,         767,      -10.59719523,      -10.22696617,      -10.77175705,       -10.3539178,       -14.6392052,     0.01574748436,     0.01213769282,      0.9745184106,                 0,                 0,                 0,     0.09114543955,    -0.07284337067,      0.9718679435,                 0,       80.28860387,     0.01810858636
          0,           0,         768,      -10.59954687,      -10.23051624,      -10.77520445,       -10.3573206,      -14.64125963,     0.01574748436,     0.01213776989,      0.9745136626,                 0,                 0,                 0,     0.09114457091,    -0.07284288007,      0.9718632202,                 0,       80.28770287,     0.01810858636
          0,           0,         769,      -10.60189673,      -10.23406115,      -10.77864879,      -10.36071952,      -14.64330286,     0.01574748436,      0.0121378463,      0.9745089519,                 0,                 0,                 0,     0.09114370915,    -0.07284239338,      0.9718585341,                 0,       80.28680934,     0.01810858636
          0,           0,         770,      -10.60424482,      -10.23760086,      -10.78209011,      -10.36411457,      -14.64533559,     0.01574748436,     0.01213792206,      0.9745042783,                 0,                 0,                 0,     0.09114285421,    -0.07284191059,       0.971853885,                 0,       80.28592321,     0.01810858636
          0,           0,         771,      -10.60659117,      -10.24113536,      -10.78552839,      -10.36750576,      -14.64735854,     0.01574748436,     0.01213799717,      0.9744996415,                 0,                 0,                 0,     0.09114200603,    -0.07284143164,      0.9718492723,                 0,       80.28504441,     0.01810858636
          0,           0,         772,      -10.60893576,      -10.24466463,      -10.78896366,      -10.37089312,      -14.64937241,     0.01574748436,     0.01213807163,      0.9744950411,                 0,                 0,                 0,     0.09114116455,    -0.07284095651,      0.9718446959,                 0,       80.28417288,     0.01810858636
          0,           0,         773,      -10.61127864,      -10.24818865,      -10.79239592,      -10.37427663,      -14.65137784,     0.01574748436,     0.01213814545,      0.9744904768,                 0,                 0,                 0,     0.09114032971,    -0.07284048516,      0.9718401554,                 0,       80.28330856,     0.01810858636
          0,           0,         774,       -10.6136198,      -10.25170743,      -10.79582518,      -10.37765633,      -14.65337541,     0.01574748436,     0.01213821865,      0.9744859483,                 0,                 0,                 0,     0.09113950146,    -0.07284001756,      0.9718356505,                 0,       80.28245136,     0.01810858636
          0,           0,         775,      -10.61595926,      -10.25522094,      -10.79925147,      -10.38103222,      -14.65536565,     0.01574748436,     0.01213829122,      0.9744814553,                 0,                 0,                 0,     0.09113867973,    -0.07283955368,       0.971831181,                 0,       80.28160124,     0.01810858636
          0,           0,         776,      -10.61829703,      -10.25872918,       -10.8026748,      -10.38440432,      -14.65734897,     0.01574748436,     0.01213836317,      0.9744769975,                 0,                 0,                 0,     0.09113786448,    -0.07283909347,      0.9718267464,                 0,       80.28075811,     0.01810858636
          0,           0,         777,      -10.62063313,      -10.26223214,      -10.80609518,      -10.38777266,      -14.65932574,     0.01574748436,     0.01213843451,      0.9744725746,                 0,                 0,                 0,     0.09113705564,    -0.07283863693,      0.9718223465,                 0,       80.27992193,     0.01810858636
          0,           0,         778,      -10.62296756,      -10.26572982,      -10.80951262,      -10.39113721,      -14.66129623,     0.01574748436,     0.01213850524,      0.9744681862,                 0,                 0,                 0,     0.09113625317,      -0.072838184,       0.971817981,                 0,       80.27909262,     0.01810858636
          0,           0,         779,      -10.62530034,      -10.26922221,      -10.81292714,      -10.39449803,      -14.66326063,     0.01574748436,     0.01213857537,      0.9744638322,                 0,                 0,                 0,     0.09113545699,    -0.07283773465,      0.9718136496,                 0,       80.27827013,     0.01810858636
          0,           0,         780,      -10.62763148,      -10.27270932,      -10.81633877,      -10.39785512,      -14.66521909,     0.01574748436,      0.0121386449,      0.9744595121,                 0,                 0,                 0,     0.09113466707,    -0.07283728887,      0.9718093521,                 0,       80.27745438,     0.01810858636
          0,           0,         781,        -10.629961,      -10.27619115,      -10.81974751,      -10.40120851,      -14.66717174,     0.01574748436,     0.01213871384,      0.9744552258,                 0,                 0,                 0,     0.09113388335,    -0.07283684661,       0.971805088,                 0,       80.27664533,     0.01810858636
          0,           0,         782,      -10.63228891,       -10.2796677,      -10.82315338,      -10.40455819,      -14.66911868,     0.01574748436,      0.0121387822,      0.9744509728,                 0,                 0,                 0,     0.09113310577,    -0.07283640784,      0.9718008572,                 0,       80.27584291,     0.01810858636
          0,           0,         783,      -10.63461522,      -10.28313897,       -10.8265564,      -10.40790421,      -14.67106001,     0.01574748436,     0.01213884998,       0.974446753,                 0,                 0,                 0,     0.09113233428,    -0.07283597254,      0.9717966594,                 0,       80.27504705,     0.01810858636
          0,           0,         784,      -10.63693994,      -10.28660499,       -10.8299566,      -10.41124659,      -14.67299587,     0.01574748436,     0.01213891718,       0.974442566,                 0,                 0,                 0,     0.09113156884,    -0.07283554067,      0.9717924942,                 0,       80.27425771,     0.01810858636
          0,           0,         785,      -10.63926309,      -10.29006574,      -10.83335397,      -10.41458532,      -14.67492625,     0.01574748436,     0.01213898382,      0.9744384116,                 0,                 0,                 0,     0.09113080938,    -0.07283511221,      0.9717883614,                 0,       80.27347481,     0.01810858636
          0,           0,         786,      -10.64158467,      -10.29352124,      -10.83674854,      -10.41792041,      -14.67685128,     0.01574748436,     0.01213904989,      0.9744342895,                 0,                 0,                 0,     0.09113005585,    -0.07283468712,      0.9717842608,                 0,       80.27269831,     0.01810858636
          0,           0,         787,      -10.64390471,      -10.29697151,      -10.84014032,      -10.42125195,      -14.67877117,     0.01574748436,      0.0121391154,      0.9744301995,                 0,                 0,                 0,     0.09112930822,    -0.07283426538,       0.971780192,                 0,       80.27192814,     0.01810858636
          0,           0,         788,       -10.6462232,      -10.30041655,      -10.84352934,      -10.42457989,      -14.68068796,     0.01574748436,     0.01213918037,      0.9744261411,                 0,                 0,                 0,     0.09112856642,    -0.07283384696,      0.9717761548,                 0,       80.27116426,     0.01810858636
          0,           0,         789,      -10.64854018,       -10.3038564,      -10.84691559,      -10.42790429,      -14.68260529,     0.01574748436,     0.01213924478,      0.9744221143,                 0,                 0,                 0,      0.0911278304,    -0.07283343183,      0.9717721488,                 0,       80.27040659,     0.01810858636
          0,           0,         790,      -10.65085565,      -10.30729107,      -10.85029907,      -10.43122523,      -14.68451802,     0.01574748436,     0.01213930865,      0.9744181187,                 0,                 0,                 0,     0.09112710013,    -0.07283301996,       0.971768174,                 0,       80.26965509,     0.01810858636
          0,           0,         791,      -10.65316967,      -10.31072061,      -10.85367984,      -10.43454282,      -14.68642743,     0.01574748436,     0.01213937199,       0.974414154,                 0,                 0,                 0,     0.09112637555,    -0.07283261132,      0.9717642299,                 0,        80.2689097,     0.01810858636
          0,           0,         792,       -10.6554822,      -10.31414501,      -10.85705792,      -10.43785697,      -14.68833347,     0.01574748436,     0.01213943479,        0.97441022,                 0,                 0,                 0,      0.0911256566,    -0.07283220589,      0.9717603164,                 0,       80.26817036,     0.01810858636
          0,           0,         793,      -10.65779324,       -10.3175643,      -10.86043333,      -10.44116761,      -14.69023607,     0.01574748436,     0.01213949707,      0.9744063165,                 0,                 0,                 0,     0.09112494325,    -0.07283180363,      0.9717564331,                 0,       80.26743703,     0.01810858636
          0,           0,         794,       -10.6601028,      -10.32097847,      -10.86380608,      -10.44447473,      -14.69213536,     0.01574748436,     0.01213955882,      0.9744024431,                 0,                 0,                 0,     0.09112423545,    -0.07283140453,      0.9717525799,                 0,       80.26670965,     0.01810858636
          0,           0,         795,       -10.6624109,      -10.32438756,      -10.86717619,      -10.44777836,      -14.69403169,     0.01574748436,     0.01213962005,      0.9743985997,                 0,                 0,                 0,     0.09112353314,    -0.07283100855,      0.9717487564,                 0,       80.26598817,     0.01810858636
          0,           0,         796,      -10.66471755,      -10.32779158,      -10.87054368,      -10.45107857,      -14.69592556,     0.01574748436,     0.01213968078,      0.9743947859,                 0,                 0,                 0,     0.09112283629,    -0.07283061567,      0.9717449625,                 0,       80.26527253,     0.01810858636
          0,           0,         797,      -10.66702276,      -10.33119057,      -10.87390853,      -10.45437539,      -14.69781758,     0.01574748436,     0.01213974099,      0.9743910016,                 0,                 0,                 0,     0.09112214485,    -0.07283022586,      0.9717411978,                 0,       80.26456268,     0.01810858636
          0,           0,         798,      -10.66932655,      -10.33458454,       -10.8772708,      -10.45766886,      -14.69970841,     0.01574748436,      0.0121398007,      0.9743872465,                 0,                 0,                 0,     0.09112145877,     -0.0728298391,      0.9717374622,                 0,       80.26385858,     0.01810858636
          0,           0,         799,      -10.67162893,      -10.33797353,      -10.88063045,      -10.46095895,      -14.70159869,     0.01574748436,     0.01213985991,      0.9743835203,                 0,                 0,                 0,       0.091120778,    -0.07282945535,      0.9717337553,                 0,       80.26316017,     0.01810858636
          0,           0,         800,       -10.6739299,      -10.34135756,      -10.88398752,      -10.46424574,      -14.70348908,     0.01574748436,     0.01213991862,      0.9743798228,                 0,                 0,                 0,     0.09112010251,    -0.07282907461,       0.971730077,                 0,        80.2624674,     0.01810858636
          0,           0,         801,      -10.67622949,      -10.34473668,      -10.88734198,      -10.46752924,      -14.70538021,     0.01574748436,     0.01213997685,      0.9743761538,                 0,                 0,                 0,     0.09111943225,    -0.07282869683,       0.971726427,                 0,       80.26178022,     0.01810858636
          0,           0,         802,       -10.6785277,      -10.34811089,       -10.8906939,      -10.47080944,      -14.70727273,     0.01574748436,     0.01214003459,       0.974372513,                 0,                 0,                 0,     0.09111876717,    -0.07282832199,      0.9717228051,                 0,       80.26109859,     0.01810858636
          0,           0,         803,      -10.68082454,      -10.35148024,      -10.89404326,       -10.4740864,      -14.70916724,     0.01574748436,     0.01214009185,      0.9743689002,                 0,                 0,                 0,     0.09111810723,    -0.07282795008,      0.9717192111,                 0,       80.26042245,     0.01810858636
          0,           0,         804,      -10.68312003,      -10.35484477,      -10.89739008,      -10.47736014,      -14.71106433,     0.01574748436,     0.01214014863,      0.9743653152,                 0,                 0,                 0,      0.0911174524,    -0.07282758106,      0.9717156447,                 0,       80.25975176,     0.01810858636
          0,           0,         805,      -10.68541417,       -10.3582045,       -10.9007344,       -10.4806307,      -14.71296452,     0.01574748436,     0.01214020494,      0.9743617577,                 0,                 0,                 0,     0.09111680261,    -0.07282721491,      0.9717121056,                 0,       80.25908646,     0.01810858636
          0,           0,         806,      -10.68770698,      -10.36155947,      -10.90407621,      -10.48389807,      -14.71486828,     0.01574748436,     0.01214026078,      0.9743582275,                 0,                 0,                 0,     0.09111615785,     -0.0728268516,      0.9717085937,                 0,       80.25842652,     0.01810858636
          0,           0,         807,      -10.68999847,      -10.36490971,      -10.90741554,      -10.48716228,      -14.71677606,     0.01574748436,     0.01214031615,      0.9743547244,                 0,                 0,                 0,     0.09111551805,    -0.07282649112,      0.9717051088,                 0,       80.25777189,     0.01810858636
          0,           0,         808,      -10.69228865,      -10.36825526,      -10.91075241,      -10.49042339,       -14.7186883,     0.01574748436,     0.01214037107,      0.9743512482,                 0,                 0,                 0,     0.09111488319,    -0.07282613344,      0.9717016506,                 0,       80.25712251,     0.01810858636
          0,           0,         809,      -10.69457753,      -10.37159617,      -10.91408683,      -10.49368139,      -14.72060542,     0.01574748436,     0.01214042553,      0.9743477986,                 0,                 0,                 0,     0.09111425322,    -0.07282577854,      0.9716982189,                 0,       80.25647835,     0.01810858636
          0,           0,         810,      -10.69686511,      -10.37493247,       -10.9174188,      -10.49693631,      -14.72252789,     0.01574748436,     0.01214047954,      0.9743443754,                 0,                 0,                 0,      0.0911136281,    -0.07282542639,      0.9716948134,                 0,       80.25583935,     0.01810858636
          0,           0,         811,      -10.69915142,       -10.3782642,      -10.92074836,      -10.50018819,      -14.72445621,     0.01574748436,      0.0121405331,      0.9743409785,                 0,                 0,                 0,     0.09111300779,    -0.07282507696,      0.9716914341,                 0,       80.25520548,     0.01810858636
          0,           0,         812,      -10.70143646,       -10.3815914,       -10.9240755,      -10.50343703,      -14.72639095,     0.01574748436,     0.01214058622,      0.9743376075,                 0,                 0,                 0,     0.09111239225,    -0.07282473025,      0.9716880806,                 0,       80.25457669,     0.01810858636
          0,           0,         813,      -10.70372022,       -10.3849141,      -10.92740026,      -10.50668286,      -14.72833273,     0.01574748436,     0.01214063889,      0.9743342623,                 0,                 0,                 0,     0.09111178144,    -0.07282438622,      0.9716847527,                 0,       80.25395293,     0.01810858636
          0,           0,         814,      -10.70600275,      -10.38823235,      -10.93072263,      -10.50992572,      -14.73028224,     0.01574748436,     0.01214069114,      0.9743309427,                 0,                 0,                 0,     0.09111117532,    -0.07282404486,      0.9716814503,                 0,       80.25333417,     0.01810858636
          0,           0,         815,      -10.70828403,       -10.3915462,      -10.93404265,      -10.51316564,      -14.73224019,     0.01574748436,     0.01214074294,      0.9743276485,                 0,                 0,                 0,     0.09111057386,    -0.07282370613,      0.9716781731,                 0,       80.25272036,     0.01810858636
          0,           0,         816,      -10.71056409,      -10.39485568,      -10.93736031,       -10.5164026,      -14.73420736,     0.01574748436,     0.01214079433,      0.9743243794,                 0,                 0,                 0,     0.09110997701,    -0.07282337002,      0.9716749209,                 0,       80.25211145,     0.01810858636
          0,           0,         817,      -10.71284292,      -10.39816084,      -10.94067563,      -10.51963668,      -14.73618454,     0.01574748436,     0.01214084528,      0.9743211353,                 0,                 0,                 0,     0.09110938474,    -0.07282303652,      0.9716716936,                 0,       80.25150741,     0.01810858636
          0,           0,         818,      -10.71512054,      -10.40146172,      -10.94398863,      -10.52286786,      -14.73817255,     0.01574748436,     0.01214089582,      0.9743179159,                 0,                 0,                 0,     0.09110879701,    -0.07282270558,      0.9716684908,                 0,       80.25090819,     0.01810858636
          0,           0,         819,      -10.71739696,      -10.40475838,      -10.94729932,      -10.52609622,      -14.74017225,     0.01574748436,     0.01214094594,       0.974314721,                 0,                 0,                 0,     0.09110821378,    -0.07282237721,      0.9716653125,                 0,       80.25031376,     0.01810858636
          0,           0,         820,      -10.71967219,      -10.40805084,      -10.95060771,      -10.52932169,      -14.74218453,     0.01574748436,     0.01214099565,      0.9743115506,                 0,                 0,                 0,     0.09110763502,    -0.07282205136,      0.9716621584,                 0,       80.24972406,     0.01810858636
          0,           0,         821,      -10.72194623,      -10.41133916,      -10.95391381,      -10.53254437,       -14.7442103,     0.01574748436,     0.01214104494,      0.9743084042,                 0,                 0,                 0,     0.09110706069,    -0.07282172803,      0.9716590284,                 0,       80.24913907,     0.01810858636
          0,           0,         822,      -10.72421911,      -10.41462338,      -10.95721765,      -10.53576427,      -14.74625049,     0.01574748436,     0.01214109384,      0.9743052818,                 0,                 0,                 0,     0.09110649076,    -0.07282140719,      0.9716559221,                 0,       80.24855874,     0.01810858636
          0,           0,         823,      -10.72649082,      -10.41790355,      -10.96051925,       -10.5389814,      -14.74830611,     0.01574748436,     0.01214114233,      0.9743021832,                 0,                 0,                 0,     0.09110592518,    -0.07282108883,      0.9716528396,                 0,       80.24798303,     0.01810858636
          0,           0,         824,      -10.72876137,      -10.42117972,      -10.96381861,      -10.54219579,      -14.75037821,     0.01574748436,     0.01214119042,      0.9742991082,                 0,                 0,                 0,     0.09110536392,    -0.07282077291,      0.9716497804,                 0,        80.2474119,     0.01810858636
          0,           0,         825,      -10.73103078,      -10.42445194,      -10.96711571,      -10.54540748,      -14.75246794,     0.01574748436,     0.01214123811,      0.9742960566,                 0,                 0,                 0,     0.09110480695,    -0.07282045943,      0.9716467445,                 0,       80.24684531,     0.01810858636
          0,           0,         826,      -10.73329906,      -10.42772024,      -10.97041062,      -10.54861648,       -14.7545766,     0.01574748436,     0.01214128541,      0.9742930281,                 0,                 0,                 0,     0.09110425423,    -0.07282014836,      0.9716437317,                 0,       80.24628323,     0.01810858636
          0,           0,         827,       -10.7355662,      -10.43098468,      -10.97370332,       -10.5518228,      -14.75670574,     0.01574748436,     0.01214133233,      0.9742900227,                 0,                 0,                 0,     0.09110370573,    -0.07281983968,      0.9716407418,                 0,       80.24572562,     0.01810858636
          0,           0,         828,      -10.73783223,      -10.43424531,      -10.97699383,      -10.55502647,      -14.75885728,     0.01574748436,     0.01214137886,      0.9742870401,                 0,                 0,                 0,     0.09110316142,    -0.07281953338,      0.9716377746,                 0,       80.24517243,     0.01810858636
          0,           0,         829,      -10.74009714,      -10.43750218,      -10.98028216,      -10.55822753,      -14.76103361,     0.01574748436,     0.01214142501,      0.9742840801,                 0,                 0,                 0,     0.09110262125,    -0.07281922943,      0.9716348299,                 0,       80.24462364,     0.01810858636
          0,           0,         830,      -10.74236097,      -10.44075532,      -10.98356835,      -10.56142601,      -14.76323761,     0.01574748436,     0.01214147078,      0.9742811426,                 0,                 0,                 0,      0.0911020852,    -0.07281892781,      0.9716319076,                 0,        80.2440792,     0.01810858636
          0,           0,         831,      -10.74462369,       -10.4440048,      -10.98685238,      -10.56462188,      -14.76547246,     0.01574748436,     0.01214151617,      0.9742782273,                 0,                 0,                 0,     0.09110155323,    -0.07281862851,      0.9716290074,                 0,       80.24353908,     0.01810858636
          0,           0,         832,      -10.74688533,      -10.44725066,      -10.99013427,      -10.56781521,       -14.7677407,     0.01574748436,     0.01214156119,      0.9742753342,                 0,                 0,                 0,     0.09110102532,    -0.07281833151,      0.9716261292,                 0,       80.24300325,     0.01810858636
          0,           0,         833,       -10.7491459,      -10.45049294,      -10.99341404,      -10.57100601,      -14.77004245,     0.01574748436,     0.01214160585,       0.974272463,                 0,                 0,                 0,     0.09110050142,    -0.07281803678,      0.9716232728,                 0,       80.24247165,     0.01810858636
          0,           0,         834,       -10.7514054,       -10.4537317,      -10.99669169,      -10.57419432,      -14.77237249,     0.01574748436,     0.01214165014,      0.9742696136,                 0,                 0,                 0,      0.0910999815,    -0.07281774432,      0.9716204381,                 0,       80.24194427,     0.01810858636
          0,           0,         835,      -10.75366386,      -10.45696698,      -10.99996724,      -10.57738016,       -14.7747173,     0.01574748436,     0.01214169406,      0.9742667857,                 0,                 0,                 0,     0.09109946554,    -0.07281745409,      0.9716176248,                 0,       80.24142106,     0.01810858636
          0,           0,         836,      -10.75592126,      -10.46019884,      -11.00324072,      -10.58056354,      -14.77705399,     0.01574748436,     0.01214173763,      0.9742639793,                 0,                 0,                 0,      0.0910989535,    -0.07281716609,      0.9716148329,                 0,         80.240902,     0.01810858636
          0,           0,         837,      -10.75817762,      -10.46342731,      -11.00651209,      -10.58374446,      -14.77935328,     0.01574748436,     0.01214178084,      0.9742611941,                 0,                 0,                 0,     0.09109844534,     -0.0728168803,       0.971612062,                 0,       80.24038704,     0.01810858636
          0,           0,         838,      -10.76043295,      -10.46665245,       -11.0097814,      -10.58692299,      -14.78158617,     0.01574748436,      0.0121418237,      0.9742584299,                 0,                 0,                 0,     0.09109794105,    -0.07281659669,      0.9716093121,                 0,       80.23987614,     0.01810858636
          0,           0,         839,      -10.76268726,      -10.46987431,      -11.01304867,      -10.59009913,      -14.78373082,     0.01574748436,     0.01214186621,      0.9742556867,                 0,                 0,                 0,     0.09109744058,    -0.07281631526,       0.971606583,                 0,       80.23936929,     0.01810858636
          0,           0,         840,      -10.76494056,      -10.47309294,      -11.01631387,      -10.59327293,      -14.78577581,     0.01574748436,     0.01214190837,      0.9742529642,                 0,                 0,                 0,     0.09109694391,    -0.07281603597,      0.9716038745,                 0,       80.23886644,     0.01810858636
          0,           0,         841,      -10.76719284,       -10.4763084,      -11.01957706,      -10.59644435,      -14.78771892,     0.01574748436,     0.01214195019,      0.9742502622,                 0,                 0,                 0,     0.09109645101,    -0.07281575882,      0.9716011865,                 0,       80.23836756,     0.01810858636
          0,           0,         842,      -10.76944412,      -10.47952074,      -11.02283822,      -10.59961347,      -14.78956391,     0.01574748436,     0.01214199167,      0.9742475807,                 0,                 0,                 0,     0.09109596184,    -0.07281548379,      0.9715985188,                 0,       80.23787262,     0.01810858636
          0,           0,         843,      -10.77169441,         -10.48273,      -11.02609736,      -10.60278026,      -14.79131763,     0.01574748436,     0.01214203281,      0.9742449194,                 0,                 0,                 0,     0.09109547637,    -0.07281521087,      0.9715958713,                 0,       80.23738159,     0.01810858636
          0,           0,         844,      -10.77394372,      -10.48593625,      -11.02935449,      -10.60594478,      -14.79298878,     0.01574748436,     0.01214207361,      0.9742422782,                 0,                 0,                 0,     0.09109499459,    -0.07281494002,      0.9715932437,                 0,       80.23689442,     0.01810858636
          0,           0,         845,      -10.77619204,      -10.48913953,      -11.03260963,      -10.60910706,      -14.79458779,     0.01574748436,     0.01214211408,       0.974239657,                 0,                 0,                 0,     0.09109451645,    -0.07281467125,      0.9715906359,                 0,        80.2364111,     0.01810858636
          0,           0,         846,      -10.77843939,      -10.49233989,      -11.03586279,      -10.61226706,       -14.7961272,     0.01574748436,     0.01214215422,      0.9742370555,                 0,                 0,                 0,     0.09109404193,    -0.07281440452,      0.9715880479,                 0,       80.23593158,     0.01810858636
          0,           0,         847,      -10.78068578,      -10.49553739,      -11.03911397,      -10.61542482,      -14.79762191,     0.01574748436,     0.01214219404,      0.9742344736,                 0,                 0,                 0,       0.091093571,    -0.07281413984,      0.9715854793,                 0,       80.23545585,     0.01810858636
          0,           0,         848,      -10.78293121,      -10.49873206,       -11.0423632,      -10.61858041,      -14.79908898,     0.01574748436,     0.01214223353,      0.9742319112,                 0,                 0,                 0,     0.09109310362,    -0.07281387717,      0.9715829301,                 0,       80.23498385,     0.01810858636
          0,           0,         849,      -10.78517569,      -10.50192396,      -11.04561048,      -10.62173378,      -14.80054681,     0.01574748436,      0.0121422727,      0.9742293681,                 0,                 0,                 0,     0.09109263979,     -0.0728136165,      0.9715804001,                 0,       80.23451558,     0.01810858636
          0,           0,         850,      -10.78741923,      -10.50511314,      -11.04885583,      -10.62488497,      -14.80201401,     0.01574748436,     0.01214231155,      0.9742268442,                 0,                 0,                 0,     0.09109217945,    -0.07281335782,      0.9715778891,                 0,       80.23405098,     0.01810858636
          0,           0,         851,      -10.78966184,      -10.50829964,      -11.05209919,      -10.62803402,      -14.80350807,     0.01574748436,     0.01214235009,      0.9742243393,                 0,                 0,                 0,     0.09109172259,    -0.07281310111,      0.9715753971,                 0,       80.23359005,     0.01810858636
          0,           0,         852,      -10.79190353,      -10.51148351,      -11.05534067,      -10.63118093,      -14.80504403,     0.01574748436,     0.01214238831,      0.9742218532,                 0,                 0,                 0,     0.09109126918,    -0.07281284636,      0.9715729238,                 0,       80.23313273,     0.01810858636
          0,           0,         853,      -10.79414429,       -10.5146648,      -11.05858025,      -10.63432574,      -14.80663353,     0.01574748436,     0.01214242623,      0.9742193858,                 0,                 0,                 0,     0.09109081919,    -0.07281259354,      0.9715704691,                 0,       80.23267901,     0.01810858636
          0,           0,         854,      -10.79638414,      -10.51784357,       -11.0618179,      -10.63746845,      -14.80828429,     0.01574748436,     0.01214246383,       0.974216937,                 0,                 0,                 0,      0.0910903726,    -0.07281234265,      0.9715680329,                 0,       80.23222886,     0.01810858636
          0,           0,         855,      -10.79862309,      -10.52101984,      -11.06505367,      -10.64060906,      -14.81000005,     0.01574748436,     0.01214250113,      0.9742145067,                 0,                 0,                 0,     0.09108992937,    -0.07281209367,      0.9715656151,                 0,       80.23178224,     0.01810858636
          0,           0,         856,      -10.80086115,      -10.52419367,      -11.06828753,      -10.64374762,      -14.81178091,     0.01574748436,     0.01214253813,      0.9742120946,                 0,                 0,                 0,     0.09108948948,    -0.07281184659,      0.9715632154,                 0,       80.23133913,     0.01810858636
          0,           0,         857,      -10.80309832,      -10.52736511,      -11.07151952,      -10.64688416,      -14.81362405,     0.01574748436,     0.01214257483,      0.9742097006,                 0,                 0,                 0,     0.09108905291,    -0.07281160138,      0.9715608337,                 0,       80.23089949,     0.01810858636
          0,           0,         858,      -10.80533462,      -10.53053421,      -11.07474962,      -10.65001867,      -14.81552453,     0.01574748436,     0.01214261123,      0.9742073246,                 0,                 0,                 0,     0.09108861963,    -0.07281135804,      0.9715584699,                 0,       80.23046331,     0.01810858636
          0,           0,         859,      -10.80757003,        -10.533701,      -11.07797789,      -10.65315114,      -14.81747614,     0.01574748436,     0.01214264733,      0.9742049665,                 0,                 0,                 0,     0.09108818961,    -0.07281111655,      0.9715561239,                 0,       80.23003054,     0.01810858636
          0,           0,         860,      -10.80980457,      -10.53686554,      -11.08120426,      -10.65628163,      -14.81947216,     0.01574748436,     0.01214268315,      0.9742026261,                 0,                 0,                 0,     0.09108776282,    -0.07281087689,      0.9715537955,                 0,       80.22960117,     0.01810858636
          0,           0,         861,      -10.81203827,      -10.54002788,      -11.08442879,      -10.65941016,      -14.82150598,     0.01574748436,     0.01214271867,      0.9742003032,                 0,                 0,                 0,     0.09108733925,    -0.07281063905,      0.9715514846,                 0,       80.22917516,     0.01810858636
          0,           0,         862,       -10.8142711,      -10.54318804,      -11.08765147,      -10.66253669,      -14.82357148,     0.01574748436,     0.01214275391,      0.9741979978,                 0,                 0,                 0,     0.09108691886,    -0.07281040302,       0.971549191,                 0,        80.2287525,     0.01810858636
          0,           0,         863,      -10.81650309,       -10.5463461,      -11.09087231,      -10.66566132,      -14.82566331,     0.01574748436,     0.01214278886,      0.9741957097,                 0,                 0,                 0,     0.09108650163,    -0.07281016878,      0.9715469147,                 0,       80.22833314,     0.01810858636
          0,           0,         864,      -10.81873424,      -10.54950207,      -11.09409135,      -10.66878403,      -14.82777701,     0.01574748436,     0.01214282352,      0.9741934387,                 0,                 0,                 0,     0.09108608753,    -0.07280993632,      0.9715446554,                 0,       80.22791707,     0.01810858636
          0,           0,         865,      -10.82096457,      -10.55265602,      -11.09730855,      -10.67190478,      -14.82990895,     0.01574748436,     0.01214285791,      0.9741911848,                 0,                 0,                 0,     0.09108567655,    -0.07280970562,       0.971542413,                 0,       80.22750425,     0.01810858636
          0,           0,         866,      -10.82319406,      -10.55580798,      -11.10052392,      -10.67502366,      -14.83205631,     0.01574748436,     0.01214289202,      0.9741889478,                 0,                 0,                 0,     0.09108526866,    -0.07280947667,      0.9715401875,                 0,       80.22709467,     0.01810858636
          0,           0,         867,      -10.82542274,      -10.55895801,      -11.10373751,      -10.67814068,      -14.83421694,     0.01574748436,     0.01214292586,      0.9741867275,                 0,                 0,                 0,     0.09108486382,    -0.07280924946,      0.9715379786,                 0,       80.22668829,     0.01810858636
          0,           0,         868,       -10.8276506,      -10.56210612,      -11.10694933,      -10.68125577,      -14.83638925,     0.01574748436,     0.01214295942,      0.9741845239,                 0,                 0,                 0,     0.09108446203,    -0.07280902396,      0.9715357863,                 0,       80.22628508,     0.01810858636
          0,           0,         869,      -10.82987767,      -10.56525239,      -11.11015932,      -10.68436909,       -14.8385721,     0.01574748436,     0.01214299271,      0.9741823368,                 0,                 0,                 0,     0.09108406325,    -0.07280880018,      0.9715336105,                 0,       80.22588503,     0.01810858636
          0,           0,         870,      -10.83210394,      -10.56839684,      -11.11336755,      -10.68748051,      -14.84076469,     0.01574748436,     0.01214302573,      0.9741801661,                 0,                 0,                 0,     0.09108366746,     -0.0728085781,      0.9715314509,                 0,       80.22548811,     0.01810858636
          0,           0,         871,      -10.83432942,      -10.57153952,      -11.11657401,      -10.69059013,      -14.84296645,     0.01574748436,     0.01214305848,      0.9741780116,                 0,                 0,                 0,     0.09108327463,    -0.07280835769,      0.9715293074,                 0,       80.22509429,     0.01810858636
          0,           0,         872,      -10.83655411,      -10.57468047,      -11.11977868,      -10.69369795,        -14.845177,     0.01574748436,     0.01214309097,      0.9741758733,                 0,                 0,                 0,     0.09108288475,    -0.07280813896,      0.9715271801,                 0,       80.22470354,     0.01810858636
          0,           0,         873,      -10.83877804,      -10.57781973,      -11.12298159,      -10.69680399,      -14.84739611,     0.01574748436,      0.0121431232,      0.9741737509,                 0,                 0,                 0,      0.0910824978,    -0.07280792188,      0.9715250686,                 0,       80.22431585,     0.01810858636
          0,           0,         874,      -10.84100117,      -10.58095734,      -11.12618271,       -10.6999082,       -14.8496236,     0.01574748436,     0.01214315517,      0.9741716445,                 0,                 0,                 0,     0.09108211374,    -0.07280770644,       0.971522973,                 0,       80.22393118,     0.01810858636
          0,           0,         875,      -10.84322355,      -10.58409334,      -11.12938213,      -10.70301063,      -14.85185938,     0.01574748436,     0.01214318688,      0.9741695538,                 0,                 0,                 0,     0.09108173255,    -0.07280749263,       0.971520893,                 0,       80.22354951,     0.01810858636
          0,           0,         876,       -10.8454452,      -10.58722777,      -11.13257975,      -10.70611138,      -14.85410339,     0.01574748436,     0.01214321833,      0.9741674787,                 0,                 0,                 0,     0.09108135422,    -0.07280728044,      0.9715188285,                 0,       80.22317083,     0.01810858636
          0,           0,         877,      -10.84766607,      -10.59036067,      -11.13577566,      -10.70921033,      -14.85635558,     0.01574748436,     0.01214324953,      0.9741654191,                 0,                 0,                 0,     0.09108097872,    -0.07280706986,      0.9715167795,                 0,       80.22279509,     0.01810858636
          0,           0,         878,       -10.8498862,      -10.59349207,       -11.1389698,      -10.71230754,      -14.85861594,     0.01574748436,     0.01214328048,       0.974163375,                 0,                 0,                 0,     0.09108060603,    -0.07280686087,      0.9715147459,                 0,       80.22242229,     0.01810858636
          0,           0,         879,       -10.8521056,      -10.59662201,      -11.14216218,      -10.71540304,      -14.86088445,     0.01574748436,     0.01214331118,      0.9741613461,                 0,                 0,                 0,     0.09108023613,    -0.07280665345,      0.9715127274,                 0,       80.22205239,     0.01810858636
          0,           0,         880,      -10.85432427,      -10.59975053,      -11.14535282,      -10.71849681,      -14.86316111,     0.01574748436,     0.01214334164,      0.9741593324,                 0,                 0,                 0,     0.09107986899,    -0.07280644761,      0.9715107239,                 0,       80.22168538,     0.01810858636
          0,           0,         881,       -10.8565422,      -10.60287768,      -11.14854174,      -10.72158887,      -14.86544592,     0.01574748436,     0.01214337185,      0.9741573337,                 0,                 0,                 0,      0.0910795046,    -0.07280624332,      0.9715087355,                 0,       80.22132123,     0.01810858636
          0,           0,         882,      -10.85875943,      -10.60600348,      -11.15172894,      -10.72467929,      -14.86773886,     0.01574748436,     0.01214340181,      0.9741553499,                 0,                 0,                 0,     0.09107914292,    -0.07280604057,      0.9715067619,                 0,       80.22095991,     0.01810858636
          0,           0,         883,      -10.86097594,      -10.60912796,       -11.1549144,      -10.72776798,      -14.87003995,     0.01574748436,     0.01214343154,      0.9741533809,                 0,                 0,                 0,     0.09107878395,    -0.07280583935,       0.971504803,                 0,       80.22060141,     0.01810858636
          0,           0,         884,      -10.86319174,      -10.61225117,      -11.15809814,      -10.73085502,      -14.87234917,     0.01574748436,     0.01214346102,      0.9741514267,                 0,                 0,                 0,     0.09107842766,    -0.07280563966,      0.9715028588,                 0,        80.2202457,     0.01810858636
          0,           0,         885,      -10.86540685,      -10.61537314,      -11.16128016,      -10.73394039,      -14.87466651,     0.01574748436,     0.01214349027,       0.974149487,                 0,                 0,                 0,     0.09107807403,    -0.07280544147,       0.971500929,                 0,       80.21989275,     0.01810858636
          0,           0,         886,      -10.86762125,      -10.61849389,      -11.16446045,      -10.73702409,      -14.87699196,     0.01574748436,     0.01214351928,      0.9741475618,                 0,                 0,                 0,     0.09107772303,    -0.07280524477,      0.9714990137,                 0,       80.21954256,     0.01810858636
          0,           0,         887,      -10.86983498,      -10.62161348,      -11.16763901,      -10.74010616,      -14.87932553,     0.01574748436,     0.01214354806,       0.974145651,                 0,                 0,                 0,     0.09107737465,    -0.07280504956,      0.9714971126,                 0,       80.21919509,     0.01810858636
          0,           0,         888,      -10.87204803,      -10.62473192,      -11.17081587,      -10.74318661,      -14.88166719,     0.01574748436,     0.01214357661,      0.9741437544,                 0,                 0,                 0,     0.09107702888,    -0.07280485582,      0.9714952257,                 0,       80.21885032,     0.01810858636
          0,           0,         889,       -10.8742604,      -10.62784926,      -11.17399099,      -10.74626543,      -14.88401694,     0.01574748436,     0.01214360493,      0.9741418719,                 0,                 0,                 0,     0.09107668567,    -0.07280466354,      0.9714933529,                 0,       80.21850823,     0.01810858636
          0,           0,         890,      -10.87647211,      -10.63096551,      -11.17716441,      -10.74934261,      -14.88637478,     0.01574748436,     0.01214363302,      0.9741400035,                 0,                 0,                 0,     0.09107634503,    -0.07280447271,       0.971491494,                 0,        80.2181688,     0.01810858636
          0,           0,         891,      -10.87868316,      -10.63408072,      -11.18033609,      -10.75241822,       -14.8887407,     0.01574748436,     0.01214366089,       0.974138149,                 0,                 0,                 0,     0.09107600692,    -0.07280428332,       0.971489649,                 0,       80.21783201,     0.01810858636
          0,           0,         892,      -10.88089354,       -10.6371949,      -11.18350612,      -10.75549216,       -14.8911147,     0.01574748436,     0.01214368853,      0.9741363083,                 0,                 0,                 0,     0.09107567134,    -0.07280409536,      0.9714878177,                 0,       80.21749784,     0.01810858636
          0,           0,         893,      -10.88310328,       -10.6403081,       -11.1866744,      -10.75856455,      -14.89349676,     0.01574748436,     0.01214371595,      0.9741344813,                 0,                 0,                 0,     0.09107533825,    -0.07280390881,      0.9714860001,                 0,       80.21716626,     0.01810858636
          0,           0,         894,      -10.88531238,      -10.64342035,      -11.18984098,      -10.76163536,      -14.89588688,     0.01574748436,     0.01214374315,      0.9741326679,                 0,                 0,                 0,     0.09107500764,    -0.07280372367,       0.971484196,                 0,       80.21683726,     0.01810858636
          0,           0,         895,      -10.88752084,      -10.64653167,      -11.19300587,      -10.76470461,      -14.89828505,     0.01574748436,     0.01214377013,       0.974130868,                 0,                 0,                 0,     0.09107467948,    -0.07280353992,      0.9714824053,                 0,       80.21651081,     0.01810858636
          0,           0,         896,      -10.88972868,      -10.64964209,      -11.19616906,      -10.76777231,      -14.90069125,     0.01574748436,      0.0121437969,      0.9741290815,                 0,                 0,                 0,     0.09107435378,    -0.07280335755,      0.9714806279,                 0,        80.2161869,     0.01810858636
          0,           0,         897,      -10.89193589,      -10.65275163,      -11.19933053,      -10.77083839,      -14.90310545,     0.01574748436,     0.01214382345,      0.9741273083,                 0,                 0,                 0,     0.09107403049,    -0.07280317656,      0.9714788638,                 0,        80.2158655,     0.01810858636
          0,           0,         898,      -10.89414248,      -10.65586033,      -11.20249034,      -10.77390297,      -14.90552763,     0.01574748436,     0.01214384979,      0.9741255483,                 0,                 0,                 0,      0.0910737096,    -0.07280299692,      0.9714771128,                 0,       80.21554659,     0.01810858636
          0,           0,         899,      -10.89634846,      -10.65896822,      -11.20564842,      -10.77696598,      -14.90795777,     0.01574748436,     0.01214387591,      0.9741238014,                 0,                 0,                 0,      0.0910733911,    -0.07280281864,      0.9714753748,                 0,       80.21523016,     0.01810858636
          0,           0,         900,      -10.89855383,       -10.6620753,      -11.20880485,      -10.78002739,      -14.91039584,     0.01574748436,     0.01214390183,      0.9741220675,                 0,                 0,                 0,     0.09107307497,     -0.0728026417,      0.9714736497,                 0,       80.21491618,     0.01810858636
          0,           0,         901,      -10.90075862,      -10.66518163,      -11.21195955,      -10.78308734,       -14.9128418,     0.01574748436,     0.01214392754,      0.9741203465,                 0,                 0,                 0,     0.09107276119,    -0.07280246609,      0.9714719375,                 0,       80.21460463,     0.01810858636
          0,           0,         902,      -10.90296281,       -10.6682872,      -11.21511258,      -10.78614575,      -14.91529562,     0.01574748436,     0.01214395305,      0.9741186383,                 0,                 0,                 0,     0.09107244973,     -0.0728022918,       0.971470238,                 0,        80.2142955,     0.01810858636
          0,           0,         903,      -10.90516641,      -10.67139208,      -11.21826384,      -10.78920265,      -14.91775728,     0.01574748436,     0.01214397835,      0.9741169427,                 0,                 0,                 0,     0.09107214059,    -0.07280211882,      0.9714685511,                 0,       80.21398877,     0.01810858636
          0,           0,         904,      -10.90736943,      -10.67449624,       -11.2214135,        -10.792258,      -14.92022674,     0.01574748436,     0.01214400344,      0.9741152598,                 0,                 0,                 0,     0.09107183374,    -0.07280194714,      0.9714668768,                 0,       80.21368441,     0.01810858636
          0,           0,         905,      -10.90957187,      -10.67759973,      -11.22456139,      -10.79531183,      -14.92270397,     0.01574748436,     0.01214402834,      0.9741135893,                 0,                 0,                 0,     0.09107152917,    -0.07280177675,      0.9714652148,                 0,       80.21338241,     0.01810858636
          0,           0,         906,      -10.91177375,      -10.68070258,      -11.22770761,      -10.79836416,      -14.92518893,     0.01574748436,     0.01214405304,      0.9741119313,                 0,                 0,                 0,     0.09107122685,    -0.07280160764,      0.9714635653,                 0,       80.21308274,     0.01810858636
          0,           0,         907,      -10.91397507,       -10.6838048,      -11.23085213,      -10.80141503,       -14.9276816,     0.01574748436,     0.01214407754,      0.9741102856,                 0,                 0,                 0,     0.09107092678,     -0.0728014398,      0.9714619279,                 0,        80.2127854,     0.01810858636
          0,           0,         908,      -10.91617582,       -10.6869064,      -11.23399496,       -10.8044643,      -14.93018193,     0.01574748436,     0.01214410184,      0.9741086521,                 0,                 0,                 0,     0.09107062893,    -0.07280127322,      0.9714603028,                 0,       80.21249036,     0.01810858636
          0,           0,         909,      -10.91837604,      -10.69000743,      -11.23713611,      -10.80751216,      -14.93268989,     0.01574748436,     0.01214412595,      0.9741070307,                 0,                 0,                 0,     0.09107033329,    -0.07280110789,      0.9714586897,                 0,       80.21219759,     0.01810858636
          0,           0,         910,      -10.92057571,      -10.69310789,      -11.24027554,      -10.81055852,      -14.93520544,     0.01574748436,     0.01214414987,      0.9741054213,                 0,                 0,                 0,     0.09107003984,    -0.07280094379,      0.9714570885,                 0,        80.2119071,     0.01810858636
          0,           0,         911,      -10.92277482,      -10.69620781,      -11.24341327,      -10.81360333,      -14.93772855,     0.01574748436,      0.0121441736,      0.9741038239,                 0,                 0,                 0,     0.09106974857,    -0.07280078093,      0.9714554992,                 0,       80.21161885,     0.01810858636
          0,           0,         912,      -10.92497342,       -10.6993072,      -11.24654927,       -10.8166467,      -14.94025918,     0.01574748436,     0.01214419714,      0.9741022383,                 0,                 0,                 0,     0.09106945945,     -0.0728006193,      0.9714539217,                 0,       80.21133283,     0.01810858636
          0,           0,         913,      -10.92717149,      -10.70240606,       -11.2496836,       -10.8196886,      -14.94279727,     0.01574748436,     0.01214422048,      0.9741006645,                 0,                 0,                 0,     0.09106917247,    -0.07280045887,       0.971452356,                 0,       80.21104902,     0.01810858636
          0,           0,         914,      -10.92936905,      -10.70550446,      -11.25281621,      -10.82272904,       -14.9453428,     0.01574748436,     0.01214424365,      0.9740991024,                 0,                 0,                 0,     0.09106888761,    -0.07280029964,      0.9714508018,                 0,        80.2107674,     0.01810858636
          0,           0,         915,      -10.93156608,      -10.70860237,      -11.25594718,      -10.82576802,      -14.94789571,     0.01574748436,     0.01214426662,      0.9740975518,                 0,                 0,                 0,     0.09106860486,    -0.07280014161,      0.9714492591,                 0,       80.21048796,     0.01810858636
          0,           0,         916,      -10.93376261,      -10.71169983,      -11.25907638,      -10.82880548,      -14.95045597,     0.01574748436,     0.01214428942,      0.9740960127,                 0,                 0,                 0,      0.0910683242,    -0.07279998477,      0.9714477279,                 0,       80.21021067,     0.01810858636
          0,           0,         917,      -10.93595865,      -10.71479685,       -11.2622039,      -10.83184154,      -14.95302353,     0.01574748436,     0.01214431203,       0.974094485,                 0,                 0,                 0,     0.09106804562,    -0.07279982909,       0.971446208,                 0,       80.20993553,     0.01810858636
          0,           0,         918,      -10.93815418,      -10.71789345,      -11.26532974,      -10.83487609,      -14.95559834,     0.01574748436,     0.01214433446,      0.9740929687,                 0,                 0,                 0,     0.09106776909,    -0.07279967459,      0.9714446993,                 0,       80.20966251,     0.01810858636
          0,           0,         919,      -10.94034924,      -10.72098963,      -11.26845386,       -10.8379092,      -14.95818035,     0.01574748436,     0.01214435672,      0.9740914635,                 0,                 0,                 0,     0.09106749461,    -0.07279952124,      0.9714432019,                 0,        80.2093916,     0.01810858636
          0,           0,         920,      -10.94254379,      -10.72408542,      -11.27157628,      -10.84094085,      -14.96076952,     0.01574748436,     0.01214437879,      0.9740899696,                 0,                 0,                 0,     0.09106722216,    -0.07279936904,      0.9714417155,                 0,       80.20912278,     0.01810858636
          0,           0,         921,      -10.94473788,      -10.72718085,      -11.27469697,      -10.84397107,       -14.9633658,     0.01574748436,     0.01214440069,      0.9740884866,                 0,                 0,                 0,     0.09106695172,    -0.07279921797,      0.9714402401,                 0,       80.20885603,     0.01810858636
          0,           0,         922,      -10.94693149,      -10.73027589,      -11.27781597,      -10.84699978,      -14.96596915,     0.01574748436,     0.01214442242,      0.9740870147,                 0,                 0,                 0,     0.09106668328,    -0.07279906804,      0.9714387756,                 0,       80.20859133,     0.01810858636
          0,           0,         923,      -10.94912465,      -10.73337059,      -11.28093325,      -10.85002713,      -14.96857951,     0.01574748436,     0.01214444397,      0.9740855536,                 0,                 0,                 0,     0.09106641682,    -0.07279891923,       0.971437322,                 0,       80.20832868,     0.01810858636
          0,           0,         924,      -10.95131734,      -10.73646493,       -11.2840488,      -10.85305302,      -14.97119685,     0.01574748436,     0.01214446535,      0.9740841033,                 0,                 0,                 0,     0.09106615232,    -0.07279877153,      0.9714358791,                 0,       80.20806806,     0.01810858636
          0,           0,         925,      -10.95350957,      -10.73955896,       -11.2871627,       -10.8560774,      -14.97382087,     0.01574748436,     0.01214448656,      0.9740826638,                 0,                 0,                 0,     0.09106588977,    -0.07279862494,      0.9714344469,                 0,       80.20780944,     0.01810858636
          0,           0,         926,      -10.95570136,      -10.74265267,      -11.29027482,      -10.85910041,      -14.97643696,     0.01574748436,      0.0121445076,      0.9740812349,                 0,                 0,                 0,     0.09106562917,    -0.07279847944,      0.9714330253,                 0,       80.20755281,     0.01810858636
          0,           0,         927,      -10.95789271,      -10.74574607,      -11.29338526,      -10.86212191,      -14.97904894,     0.01574748436,     0.01214452848,      0.9740798166,                 0,                 0,                 0,     0.09106537048,    -0.07279833503,      0.9714316142,                 0,       80.20729816,     0.01810858636
          0,           0,         928,      -10.96008363,      -10.74883917,      -11.29649396,      -10.86514204,      -14.98166169,     0.01574748436,     0.01214454919,      0.9740784087,                 0,                 0,                 0,      0.0910651137,     -0.0727981917,      0.9714302135,                 0,       80.20704547,     0.01810858636
          0,           0,         929,      -10.96227412,      -10.75193198,      -11.29960093,      -10.86816069,      -14.98427692,     0.01574748436,     0.01214456973,      0.9740770113,                 0,                 0,                 0,     0.09106485881,    -0.07279804944,      0.9714288232,                 0,       80.20679472,     0.01810858636
          0,           0,         930,      -10.96446418,      -10.75502452,       -11.3027062,      -10.87117792,      -14.98689551,     0.01574748436,     0.01214459011,      0.9740756242,                 0,                 0,                 0,      0.0910646058,    -0.07279790824,      0.9714274431,                 0,       80.20654591,     0.01810858636
          0,           0,         931,      -10.96665383,      -10.75811681,      -11.30580972,      -10.87419376,      -14.98951741,     0.01574748436,     0.01214461033,      0.9740742473,                 0,                 0,                 0,     0.09106435466,     -0.0727977681,      0.9714260732,                 0,       80.20629901,     0.01810858636
          0,           0,         932,      -10.96884306,      -10.76120882,      -11.30891152,      -10.87720812,      -14.99214204,     0.01574748436,     0.01214463039,      0.9740728806,                 0,                 0,                 0,     0.09106410536,      -0.072797629,      0.9714247135,                 0,         80.206054,     0.01810858636
          0,           0,         933,      -10.97103189,       -10.7643006,      -11.31201157,      -10.88022107,       -14.9947688,     0.01574748436,     0.01214465028,       0.974071524,                 0,                 0,                 0,      0.0910638579,    -0.07279749094,      0.9714233638,                 0,       80.20581089,     0.01810858636
          0,           0,         934,      -10.97322032,      -10.76739214,       -11.3151099,      -10.88323259,      -14.99739767,     0.01574748436,     0.01214467002,      0.9740701774,                 0,                 0,                 0,     0.09106361226,    -0.07279735391,       0.971422024,                 0,       80.20556963,     0.01810858636
          0,           0,         935,      -10.97540836,      -10.77048344,       -11.3182065,      -10.88624271,      -15.00002944,     0.01574748436,     0.01214468961,      0.9740688407,                 0,                 0,                 0,     0.09106336842,     -0.0727972179,      0.9714206941,                 0,       80.20533024,     0.01810858636
          0,           0,         936,        -10.977596,      -10.77357451,      -11.32130139,      -10.88925136,      -15.00266581,     0.01574748436,     0.01214470904,      0.9740675139,                 0,                 0,                 0,     0.09106312638,    -0.07279708291,      0.9714193741,                 0,       80.20509268,     0.01810858636
          0,           0,         937,      -10.97978327,      -10.77666536,      -11.32439449,      -10.89225854,      -15.00530911,     0.01574748436,     0.01214472831,      0.9740661969,                 0,                 0,                 0,     0.09106288612,    -0.07279694892,      0.9714180637,                 0,       80.20485695,     0.01810858636
          0,           0,         938,      -10.98197015,        -10.779756,      -11.32748588,      -10.89526435,       -15.0079619,     0.01574748436,     0.01214474743,      0.9740648896,                 0,                 0,                 0,     0.09106264763,    -0.07279681593,      0.9714167631,                 0,       80.20462303,     0.01810858636
          0,           0,         939,      -10.98415668,      -10.78284641,      -11.33057548,      -10.89826868,      -15.01062646,     0.01574748436,      0.0121447664,      0.9740635919,                 0,                 0,                 0,     0.09106241089,    -0.07279668393,       0.971415472,                 0,        80.2043909,     0.01810858636
          0,           0,         940,      -10.98634284,      -10.78593664,      -11.33366335,      -10.90127168,      -15.01330447,     0.01574748436,     0.01214478522,      0.9740623038,                 0,                 0,                 0,     0.09106217588,    -0.07279655292,      0.9714141904,                 0,       80.20416055,     0.01810858636
          0,           0,         941,      -10.98852865,      -10.78902666,      -11.33674947,      -10.90427323,      -15.01599676,     0.01574748436,     0.01214480389,      0.9740610252,                 0,                 0,                 0,     0.09106194261,    -0.07279642288,      0.9714129183,                 0,       80.20393198,     0.01810858636
          0,           0,         942,      -10.99071408,      -10.79211647,      -11.33983386,      -10.90727327,      -15.01870334,     0.01574748436,     0.01214482241,       0.974059756,                 0,                 0,                 0,     0.09106171104,    -0.07279629381,      0.9714116555,                 0,       80.20370515,     0.01810858636
          0,           0,         943,      -10.99289919,      -10.79520611,      -11.34291644,      -10.91027201,      -15.02142355,     0.01574748436,     0.01214484079,      0.9740584961,                 0,                 0,                 0,     0.09106148118,    -0.07279616571,      0.9714104021,                 0,       80.20348007,     0.01810858636
          0,           0,         944,      -10.99508396,      -10.79829554,      -11.34599725,      -10.91326927,      -15.02415633,     0.01574748436,     0.01214485902,      0.9740572455,                 0,                 0,                 0,     0.09106125301,    -0.07279603855,      0.9714091579,                 0,       80.20325671,     0.01810858636
          0,           0,         945,      -10.99726838,       -10.8013848,       -11.3490764,      -10.91626507,      -15.02690042,     0.01574748436,      0.0121448771,      0.9740560042,                 0,                 0,                 0,      0.0910610265,    -0.07279591234,      0.9714079228,                 0,       80.20303506,     0.01810858636
          0,           0,         946,      -10.99945247,      -10.80447386,       -11.3521537,      -10.91925944,      -15.02965457,     0.01574748436,     0.01214489505,       0.974054772,                 0,                 0,                 0,     0.09106080166,    -0.07279578707,      0.9714066968,                 0,       80.20281511,     0.01810858636
          0,           0,         947,      -11.00163624,      -10.80756275,      -11.35522921,       -10.9222524,      -15.03241769,     0.01574748436,     0.01214491285,      0.9740535488,                 0,                 0,                 0,     0.09106057847,    -0.07279566273,      0.9714054799,                 0,       80.20259684,     0.01810858636
          0,           0,         948,      -11.00381971,      -10.81065145,      -11.35830302,      -10.92524395,      -15.03518888,     0.01574748436,     0.01214493051,      0.9740523346,                 0,                 0,                 0,     0.09106035691,    -0.07279553932,      0.9714042719,                 0,       80.20238025,     0.01810858636
          0,           0,         949,      -11.00600284,      -10.81373998,      -11.36137498,      -10.92823406,      -15.03796747,     0.01574748436,     0.01214494803,      0.9740511294,                 0,                 0,                 0,     0.09106013698,    -0.07279541683,      0.9714030728,                 0,       80.20216531,     0.01810858636
          0,           0,         950,      -11.00818569,      -10.81682833,      -11.36444519,      -10.93122276,      -15.04075298,     0.01574748436,     0.01214496541,      0.9740499331,                 0,                 0,                 0,     0.09105991866,    -0.07279529524,      0.9714018825,                 0,       80.20195202,     0.01810858636
          0,           0,         951,      -11.01036823,      -10.81991651,      -11.36751365,      -10.93421008,      -15.04354506,     0.01574748436,     0.01214498265,      0.9740487455,                 0,                 0,                 0,     0.09105970194,    -0.07279517456,      0.9714007009,                 0,       80.20174037,     0.01810858636
          0,           0,         952,      -11.01255048,      -10.82300451,      -11.37058028,      -10.93719591,      -15.04634348,     0.01574748436,     0.01214499976,      0.9740475667,                 0,                 0,                 0,      0.0910594868,    -0.07279505477,      0.9713995281,                 0,       80.20153033,     0.01810858636
          0,           0,         953,      -11.01473242,      -10.82609233,       -11.3736451,      -10.94018032,      -15.04914808,     0.01574748436,     0.01214501673,      0.9740463965,                 0,                 0,                 0,     0.09105927324,    -0.07279493588,      0.9713983638,                 0,       80.20132189,     0.01810858636
          0,           0,         954,      -11.01691411,      -10.82917997,      -11.37670817,      -10.94316327,      -15.05195878,     0.01574748436,     0.01214503357,      0.9740452349,                 0,                 0,                 0,     0.09105906125,    -0.07279481786,      0.9713972081,                 0,       80.20111505,     0.01810858636
          0,           0,         955,      -11.01909551,      -10.83226744,      -11.37976942,      -10.94614489,      -15.05477547,     0.01574748436,     0.01214505028,      0.9740440819,                 0,                 0,                 0,      0.0910588508,    -0.07279470073,      0.9713960609,                 0,       80.20090979,     0.01810858636
          0,           0,         956,      -11.02127664,      -10.83535473,      -11.38282886,      -10.94912496,      -15.05759811,     0.01574748436,     0.01214506685,      0.9740429373,                 0,                 0,                 0,     0.09105864189,    -0.07279458446,      0.9713949221,                 0,        80.2007061,     0.01810858636
          0,           0,         957,       -11.0234575,      -10.83844185,      -11.38588651,       -10.9521037,      -15.06042665,     0.01574748436,      0.0121450833,      0.9740418011,                 0,                 0,                 0,     0.09105843452,    -0.07279446905,      0.9713937917,                 0,       80.20050397,     0.01810858636
          0,           0,         958,       -11.0256381,      -10.84152878,      -11.38894232,      -10.95508099,      -15.06326102,     0.01574748436,     0.01214509961,      0.9740406733,                 0,                 0,                 0,     0.09105822865,    -0.07279435451,      0.9713926696,                 0,       80.20030338,     0.01810858636
          0,           0,         959,      -11.02781845,      -10.84461553,      -11.39199638,      -10.95805677,      -15.06610118,     0.01574748436,     0.01214511579,      0.9740395537,                 0,                 0,                 0,     0.09105802429,    -0.07279424081,      0.9713915557,                 0,       80.20010432,     0.01810858636
          0,           0,         960,      -11.02999856,       -10.8477021,      -11.39504858,      -10.96103126,      -15.06894709,     0.01574748436,     0.01214513185,      0.9740384424,                 0,                 0,                 0,     0.09105782143,    -0.07279412795,        0.97139045,                 0,       80.19990678,     0.01810858636
          0,           0,         961,      -11.03217841,      -10.85078848,        -11.398099,      -10.96400417,      -15.07179868,     0.01574748436,     0.01214514778,      0.9740373392,                 0,                 0,                 0,     0.09105762004,    -0.07279401593,      0.9713893524,                 0,       80.19971074,     0.01810858636
          0,           0,         962,      -11.03435805,      -10.85387467,      -11.40114755,      -10.96697576,      -15.07465592,     0.01574748436,     0.01214516359,       0.974036244,                 0,                 0,                 0,     0.09105742013,    -0.07279390474,      0.9713882628,                 0,       80.19951621,     0.01810858636
          0,           0,         963,      -11.03653742,      -10.85696068,      -11.40419428,      -10.96994583,      -15.07751875,     0.01574748436,     0.01214517927,       0.974035157,                 0,                 0,                 0,     0.09105722168,    -0.07279379437,      0.9713871812,                 0,       80.19932315,     0.01810858636
          0,           0,         964,      -11.03871659,      -10.86004648,      -11.40723922,      -10.97291453,       -15.0803871,     0.01574748436,     0.01214519483,      0.9740340779,                 0,                 0,                 0,     0.09105702467,    -0.07279368482,      0.9713861076,                 0,       80.19913157,     0.01810858636
          0,           0,         965,      -11.04089554,      -10.86313209,      -11.41028229,      -10.97588177,      -15.08326094,     0.01574748436,     0.01214521026,      0.9740330067,                 0,                 0,                 0,      0.0910568291,    -0.07279357609,      0.9713850418,                 0,       80.19894144,     0.01810858636
          0,           0,         966,      -11.04307427,      -10.86621751,      -11.41332354,      -10.97884759,       -15.0861402,     0.01574748436,     0.01214522558,      0.9740319433,                 0,                 0,                 0,     0.09105663496,    -0.07279346815,      0.9713839838,                 0,       80.19875277,     0.01810858636
          0,           0,         967,      -11.04525279,      -10.86930272,      -11.41636305,      -10.98181197,      -15.08902482,     0.01574748436,     0.01214524077,      0.9740308877,                 0,                 0,                 0,     0.09105644223,    -0.07279336102,      0.9713829336,                 0,       80.19856553,     0.01810858636
          0,           0,         968,      -11.04743111,      -10.87238771,      -11.41940054,      -10.98477485,      -15.09191475,     0.01574748436,     0.01214525584,      0.9740298399,                 0,                 0,                 0,     0.09105625091,    -0.07279325468,      0.9713818911,                 0,       80.19837972,     0.01810858636
          0,           0,         969,      -11.04960923,      -10.87547249,      -11.42243626,       -10.9877364,      -15.09480994,     0.01574748436,      0.0121452708,      0.9740287997,                 0,                 0,                 0,     0.09105606098,    -0.07279314912,      0.9713808562,                 0,       80.19819532,     0.01810858636
          0,           0,         970,      -11.05178715,      -10.87855707,      -11.42547017,      -10.99069647,      -15.09771031,     0.01574748436,     0.01214528564,      0.9740277672,                 0,                 0,                 0,     0.09105587244,    -0.07279304435,      0.9713798288,                 0,       80.19801233,     0.01810858636
          0,           0,         971,      -11.05396489,       -10.8816414,      -11.42850219,      -10.99365504,      -15.10061582,     0.01574748436,     0.01214530036,      0.9740267422,                 0,                 0,                 0,     0.09105568527,    -0.07279294035,       0.971378809,                 0,       80.19783073,     0.01810858636
          0,           0,         972,      -11.05614245,      -10.88472552,      -11.43153242,      -10.99661225,      -15.10352641,     0.01574748436,     0.01214531496,      0.9740257247,                 0,                 0,                 0,     0.09105549946,    -0.07279283712,      0.9713777967,                 0,       80.19765051,     0.01810858636
          0,           0,         973,      -11.05831983,       -10.8878094,      -11.43456076,      -10.99956795,      -15.10644202,     0.01574748436,     0.01214532945,      0.9740247146,                 0,                 0,                 0,     0.09105531501,    -0.07279273465,      0.9713767917,                 0,       80.19747166,     0.01810858636
          0,           0,         974,      -11.06049704,      -10.89089305,      -11.43758724,      -11.00252232,      -15.10936259,     0.01574748436,     0.01214534383,      0.9740237119,                 0,                 0,                 0,     0.09105513189,    -0.07279263293,      0.9713757941,                 0,       80.19729416,     0.01810858636
          0,           0,         975,       -11.0626741,      -10.89397645,       -11.4406119,      -11.00547518,      -15.11228806,     0.01574748436,      0.0121453581,      0.9740227166,                 0,                 0,                 0,     0.09105495011,    -0.07279253197,      0.9713748038,                 0,       80.19711802,     0.01810858636
          0,           0,         976,      -11.06485098,      -10.89705961,      -11.44363468,      -11.00842659,      -15.11521838,     0.01574748436,     0.01214537225,      0.9740217285,                 0,                 0,                 0,     0.09105476965,    -0.07279243176,      0.9713738207,                 0,       80.19694322,     0.01810858636
          0,           0,         977,      -11.06702774,      -10.90014253,      -11.44665557,      -11.01137667,       -15.1181535,     0.01574748436,     0.01214538629,      0.9740207476,                 0,                 0,                 0,     0.09105459051,    -0.07279233228,      0.9713728448,                 0,       80.19676974,     0.01810858636
          0,           0,         978,      -11.06920431,      -10.90322517,      -11.44967464,      -11.01432513,      -15.12109335,     0.01574748436,     0.01214540022,      0.9740197739,                 0,                 0,                 0,     0.09105441266,    -0.07279223354,       0.971371876,                 0,       80.19659758,     0.01810858636
          0,           0,         979,      -11.07138076,      -10.90630756,      -11.45269186,      -11.01727226,      -15.12403788,     0.01574748436,     0.01214541404,      0.9740188073,                 0,                 0,                 0,     0.09105423611,    -0.07279213553,      0.9713709143,                 0,       80.19642672,     0.01810858636
          0,           0,         980,      -11.07355706,      -10.90938966,      -11.45570724,      -11.02021793,      -15.12698704,     0.01574748436,     0.01214542776,      0.9740178478,                 0,                 0,                 0,     0.09105406084,    -0.07279203824,      0.9713699596,                 0,       80.19625717,     0.01810858636
          0,           0,         981,      -11.07573324,      -10.91247149,      -11.45872074,      -11.02316209,      -15.12994077,     0.01574748436,     0.01214544136,      0.9740168953,                 0,                 0,                 0,     0.09105388684,    -0.07279194166,      0.9713690119,                 0,       80.19608889,     0.01810858636
          0,           0,         982,       -11.0779093,      -10.91555303,      -11.46173233,      -11.02610497,      -15.13289902,     0.01574748436,     0.01214545486,      0.9740159497,                 0,                 0,                 0,     0.09105371411,     -0.0727918458,      0.9713680711,                 0,        80.1959219,     0.01810858636
          0,           0,         983,      -11.08008523,       -10.9186343,      -11.46474218,       -11.0290464,      -15.13586174,     0.01574748436,     0.01214546826,       0.974015011,                 0,                 0,                 0,     0.09105354263,    -0.07279175065,      0.9713671372,                 0,       80.19575617,     0.01810858636
          0,           0,         984,      -11.08226103,      -10.92171525,      -11.46775012,      -11.03198625,      -15.13882887,     0.01574748436,     0.01214548155,      0.9740140792,                 0,                 0,                 0,      0.0910533724,    -0.07279165619,        0.97136621,                 0,       80.19559169,     0.01810858636
          0,           0,         985,      -11.08443674,      -10.92479591,      -11.47075615,      -11.03492475,      -15.14180036,     0.01574748436,     0.01214549474,      0.9740131541,                 0,                 0,                 0,     0.09105320339,    -0.07279156244,      0.9713652896,                 0,       80.19542846,     0.01810858636
          0,           0,         986,      -11.08661235,      -10.92787626,      -11.47376031,      -11.03786187,      -15.14477617,     0.01574748436,     0.01214550782,      0.9740122359,                 0,                 0,                 0,     0.09105303562,    -0.07279146937,       0.971364376,                 0,       80.19526647,     0.01810858636
          0,           0,         987,      -11.08878784,      -10.93095629,      -11.47676263,      -11.04079744,      -15.14775623,     0.01574748436,      0.0121455208,      0.9740113242,                 0,                 0,                 0,     0.09105286906,    -0.07279137698,       0.971363469,                 0,        80.1951057,     0.01810858636
          0,           0,         988,      -11.09096323,      -10.93403598,      -11.47976312,      -11.04373163,      -15.15074051,     0.01574748436,     0.01214553368,      0.9740104193,                 0,                 0,                 0,     0.09105270371,    -0.07279128528,      0.9713625686,                 0,       80.19494615,     0.01810858636
          0,           0,         989,      -11.09313855,      -10.93711535,      -11.48276173,      -11.04666433,      -15.15372895,     0.01574748436,     0.01214554646,      0.9740095209,                 0,                 0,                 0,     0.09105253956,    -0.07279119425,      0.9713616747,                 0,       80.19478781,     0.01810858636
          0,           0,         990,      -11.09531377,      -10.94019438,      -11.48575845,      -11.04959569,       -15.1567215,     0.01574748436,     0.01214555914,      0.9740086291,                 0,                 0,                 0,     0.09105237659,    -0.07279110389,      0.9713607874,                 0,       80.19463066,     0.01810858636
          0,           0,         991,      -11.09748893,      -10.94327307,      -11.48875332,      -11.05252564,      -15.15971811,     0.01574748436,     0.01214557172,      0.9740077437,                 0,                 0,                 0,     0.09105221481,     -0.0727910142,      0.9713599065,                 0,        80.1944747,     0.01810858636
          0,           0,         992,        -11.099664,      -10.94635139,      -11.49174634,      -11.05545404,      -15.16271875,     0.01574748436,      0.0121455842,      0.9740068648,                 0,                 0,                 0,      0.0910520542,    -0.07279092516,      0.9713590321,                 0,       80.19431992,     0.01810858636
          0,           0,         993,      -11.10183899,      -10.94942934,      -11.49473747,      -11.05838101,      -15.16572335,     0.01574748436,     0.01214559658,      0.9740059923,                 0,                 0,                 0,     0.09105189475,    -0.07279083678,       0.971358164,                 0,       80.19416631,     0.01810858636
          0,           0,         994,      -11.10401393,      -10.95250694,      -11.49772678,       -11.0613066,      -15.16873188,     0.01574748436,     0.01214560887,      0.9740051262,                 0,                 0,                 0,     0.09105173645,    -0.07279074905,      0.9713573022,                 0,       80.19401386,     0.01810858636
          0,           0,         995,      -11.10618883,      -10.95558415,      -11.50071422,       -11.0642308,      -15.17174429,     0.01574748436,     0.01214562106,      0.9740042663,                 0,                 0,                 0,      0.0910515793,    -0.07279066196,      0.9713564467,                 0,       80.19386256,     0.01810858636
          0,           0,         996,      -11.10836365,      -10.95866098,      -11.50369978,      -11.06715348,      -15.17476054,     0.01574748436,     0.01214563316,      0.9740034127,                 0,                 0,                 0,     0.09105142329,    -0.07279057552,      0.9713555974,                 0,       80.19371241,     0.01810858636
          0,           0,         997,      -11.11053844,      -10.96173741,      -11.50668344,      -11.07007487,      -15.17778058,     0.01574748436,     0.01214564516,      0.9740025653,                 0,                 0,                 0,      0.0910512684,     -0.0727904897,      0.9713547542,                 0,       80.19356338,     0.01810858636
          0,           0,         998,      -11.11271315,      -10.96481344,      -11.50966526,      -11.07299461,      -15.18080437,     0.01574748436,     0.01214565707,      0.9740017241,                 0,                 0,                 0,     0.09105111464,    -0.07279040452,      0.9713539172,                 0,       80.19341548,     0.01810858636
          0,           0,         999,      -11.11488787,      -10.96788906,      -11.51264527,      -11.07591316,      -15.18383188,     0.01574748436,     0.01214566889,       0.974000889,                 0,                 0,                 0,     0.09105096198,    -0.07279031996,      0.9713530863,                 0,        80.1932687,     0.01810858636
          0,           0,        1000,      -11.11706251,      -10.97096424,      -11.51562339,       -11.0788301,      -15.18686306,     0.01574748436,     0.01214568062,      0.9740000599,                 0,                 0,                 0,     0.09105081043,    -0.07279023602,      0.9713522614,                 0,       80.19312302,     0.01810858636
          0,           0,        1001,      -11.11923716,      -10.97403902,      -11.51859964,      -11.08174579,      -15.18989788,     0.01574748436,     0.01214569225,      0.9739992369,                 0,                 0,                 0,     0.09105065997,     -0.0727901527,      0.9713514425,                 0,       80.19297844,     0.01810858636
          0,           0,        1002,      -11.12141175,      -10.97711334,      -11.52157408,      -11.08465986,       -15.1929363,     0.01574748436,      0.0121457038,      0.9739984198,                 0,                 0,                 0,      0.0910505106,    -0.07279006999,      0.9713506296,                 0,       80.19283495,     0.01810858636
          0,           0,        1003,      -11.12358634,      -10.98018724,      -11.52454663,      -11.08757265,      -15.19597831,     0.01574748436,     0.01214571525,      0.9739976087,                 0,                 0,                 0,     0.09105036231,    -0.07278998788,      0.9713498225,                 0,       80.19269254,     0.01810858636
          0,           0,        1004,      -11.12576091,      -10.98326067,      -11.52751727,      -11.09048394,      -15.19902388,     0.01574748436,     0.01214572661,      0.9739968034,                 0,                 0,                 0,     0.09105021509,    -0.07278990638,      0.9713490213,                 0,        80.1925512,     0.01810858636
          0,           0,        1005,      -11.12793546,      -10.98633365,      -11.53048607,       -11.0933938,      -15.20207301,     0.01574748436,     0.01214573789,       0.973996004,                 0,                 0,                 0,     0.09105006893,    -0.07278982547,       0.971348226,                 0,       80.19241093,     0.01810858636
          0,           0,        1006,      -11.13011003,      -10.98940614,      -11.53345313,      -11.09630234,       -15.2051257,     0.01574748436,     0.01214574908,      0.9739952104,                 0,                 0,                 0,     0.09104992382,    -0.07278974516,      0.9713474363,                 0,       80.19227171,     0.01810858636
          0,           0,        1007,      -11.13228459,      -10.99247819,      -11.53641824,      -11.09920951,       -15.2081819,     0.01574748436,     0.01214576018,      0.9739944225,                 0,                 0,                 0,     0.09104977976,    -0.07278966543,      0.9713466525,                 0,       80.19213354,     0.01810858636
          0,           0,        1008,      -11.13445913,      -10.99554972,      -11.53938147,       -11.1021151,      -15.21124152,     0.01574748436,      0.0121457712,      0.9739936404,                 0,                 0,                 0,     0.09104963674,    -0.07278958629,      0.9713458742,                 0,        80.1919964,     0.01810858636
          0,           0,        1009,       -11.1366337,      -10.99862076,      -11.54234294,      -11.10501929,      -15.21430443,     0.01574748436,     0.01214578213,      0.9739928639,                 0,                 0,                 0,     0.09104949475,    -0.07278950772,      0.9713451017,                 0,        80.1918603,     0.01810858636
          0,           0,        1010,      -11.13880829,       -11.0016913,      -11.54530251,      -11.10792227,       -15.2173705,     0.01574748436,     0.01214579298,      0.9739920931,                 0,                 0,                 0,     0.09104935378,    -0.07278942973,      0.9713443347,                 0,       80.19172522,     0.01810858636
          0,           0,        1011,      -11.14098288,      -11.00476134,      -11.54826025,       -11.1108236,      -15.22043961,     0.01574748436,     0.01214580374,      0.9739913278,                 0,                 0,                 0,     0.09104921383,    -0.07278935232,      0.9713435733,                 0,       80.19159116,     0.01810858636
          0,           0,        1012,       -11.1431575,      -11.00783083,      -11.55121619,      -11.11372353,      -15.22351167,     0.01574748436,     0.01214581442,      0.9739905681,                 0,                 0,                 0,     0.09104907488,    -0.07278927546,      0.9713428174,                 0,        80.1914581,     0.01810858636
          0,           0,        1013,      -11.14533214,       -11.0108998,      -11.55417025,      -11.11662213,       -15.2265866,     0.01574748436,     0.01214582502,      0.9739898139,                 0,                 0,                 0,     0.09104893694,    -0.07278919917,       0.971342067,                 0,       80.19132604,     0.01810858636
          0,           0,        1014,      -11.14750682,      -11.01396825,      -11.55712247,      -11.11951936,      -15.22966433,     0.01574748436,     0.01214583553,      0.9739890651,                 0,                 0,                 0,     0.09104879999,    -0.07278912344,       0.971341322,                 0,       80.19119498,     0.01810858636
          0,           0,        1015,      -11.14968155,      -11.01703614,      -11.56007287,      -11.12241526,      -15.23274479,     0.01574748436,     0.01214584596,      0.9739883217,                 0,                 0,                 0,     0.09104866402,    -0.07278904826,      0.9713405824,                 0,       80.19106489,     0.01810858636
          0,           0,        1016,      -11.15185631,      -11.02010349,      -11.56302136,       -11.1253097,      -15.23582792,     0.01574748436,     0.01214585631,      0.9739875838,                 0,                 0,                 0,     0.09104852903,    -0.07278897363,      0.9713398481,                 0,       80.19093579,     0.01810858636
          0,           0,        1017,      -11.15403111,      -11.02317028,      -11.56596815,      -11.12820272,      -15.23891367,     0.01574748436,     0.01214586659,      0.9739868512,                 0,                 0,                 0,     0.09104839501,    -0.07278889954,      0.9713391192,                 0,       80.19080765,     0.01810858636
          0,           0,        1018,      -11.15620594,      -11.02623648,      -11.56891307,      -11.13109435,      -15.24200205,     0.01574748436,     0.01214587678,      0.9739861238,                 0,                 0,                 0,     0.09104826196,      -0.072788826,      0.9713383955,                 0,       80.19068047,     0.01810858636
          0,           0,        1019,      -11.15838085,       -11.0293021,      -11.57185604,      -11.13398457,      -15.24509306,     0.01574748436,     0.01214588689,      0.9739854017,                 0,                 0,                 0,     0.09104812986,    -0.07278875299,       0.971337677,                 0,       80.19055424,     0.01810858636
          0,           0,        1020,      -11.16055582,      -11.03236715,      -11.57479729,      -11.13687342,      -15.24818674,     0.01574748436,     0.01214589693,      0.9739846849,                 0,                 0,                 0,     0.09104799872,    -0.07278868051,      0.9713369638,                 0,       80.19042896,     0.01810858636
          0,           0,        1021,      -11.16273083,       -11.0354316,      -11.57773678,       -11.1397608,      -15.25128315,     0.01574748436,     0.01214590689,      0.9739839732,                 0,                 0,                 0,     0.09104786851,    -0.07278860856,      0.9713362557,                 0,       80.19030462,     0.01810858636
          0,           0,        1022,      -11.16490589,       -11.0384954,      -11.58067436,      -11.14264678,      -15.25438231,     0.01574748436,     0.01214591677,      0.9739832667,                 0,                 0,                 0,     0.09104773924,    -0.07278853714,      0.9713355527,                 0,       80.19018121,     0.01810858636
          0,           0,        1023,      -11.16708106,      -11.04155864,      -11.58361014,      -11.14553156,      -15.25748426,     0.01574748436,     0.01214592658,      0.9739825653,                 0,                 0,                 0,      0.0910476109,    -0.07278846624,      0.9713348548,                 0,       80.19005872,     0.01810858636
          0,           0,        1024,      -11.16925628,      -11.04462125,      -11.58654408,      -11.14841497,        -15.260589,     0.01574748436,     0.01214593631,      0.9739818689,                 0,                 0,                 0,     0.09104748348,    -0.07278839586,      0.9713341619,                 0,       80.18993715,     0.01810858636
          0,           0,        1025,      -11.17143161,      -11.04768323,      -11.58947632,      -11.15129685,      -15.26369651,     0.01574748436,     0.01214594596,      0.9739811776,                 0,                 0,                 0,     0.09104735697,    -0.07278832598,      0.9713334741,                 0,       80.18981648,     0.01810858636
          0,           0,        1026,      -11.17360698,      -11.05074457,      -11.59240667,      -11.15417733,      -15.26680677,     0.01574748436,     0.01214595554,      0.9739804912,                 0,                 0,                 0,     0.09104723137,    -0.07278825662,      0.9713327912,                 0,       80.18969672,     0.01810858636
          0,           0,        1027,      -11.17578246,      -11.05380525,      -11.59533531,      -11.15705652,      -15.26991973,     0.01574748436,     0.01214596505,      0.9739798098,                 0,                 0,                 0,     0.09104710667,    -0.07278818776,      0.9713321132,                 0,       80.18957786,     0.01810858636
          0,           0,        1028,      -11.17795803,       -11.0568653,       -11.5982621,      -11.15993444,      -15.27303532,     0.01574748436,     0.01214597448,      0.9739791334,                 0,                 0,                 0,     0.09104698287,    -0.07278811941,      0.9713314401,                 0,       80.18945988,     0.01810858636
          0,           0,        1029,      -11.18013371,      -11.05992469,       -11.6011871,      -11.16281089,      -15.27615348,     0.01574748436,     0.01214598384,      0.9739784618,                 0,                 0,                 0,     0.09104685995,    -0.07278805155,      0.9713307719,                 0,       80.18934279,     0.01810858636
          0,           0,        1030,      -11.18230944,       -11.0629834,      -11.60411033,      -11.16568593,      -15.27927415,     0.01574748436,     0.01214599313,       0.973977795,                 0,                 0,                 0,     0.09104673792,    -0.07278798418,      0.9713301085,                 0,       80.18922657,     0.01810858636
          0,           0,        1031,      -11.18448531,      -11.06604144,      -11.60703182,      -11.16855969,      -15.28239729,     0.01574748436,     0.01214600235,      0.9739771331,                 0,                 0,                 0,     0.09104661676,    -0.07278791731,      0.9713294499,                 0,       80.18911122,     0.01810858636
          0,           0,        1032,      -11.18666128,       -11.0690988,      -11.60995143,      -11.17143214,      -15.28552282,     0.01574748436,     0.01214601149,      0.9739764759,                 0,                 0,                 0,     0.09104649647,    -0.07278785092,       0.971328796,                 0,       80.18899673,     0.01810858636
          0,           0,        1033,      -11.18883735,      -11.07215547,      -11.61286931,      -11.17430312,      -15.28865071,     0.01574748436,     0.01214602057,      0.9739758234,                 0,                 0,                 0,     0.09104637703,    -0.07278778502,      0.9713281468,                 0,       80.18888309,     0.01810858636
          0,           0,        1034,      -11.19101357,      -11.07521144,      -11.61578537,      -11.17717289,      -15.29178091,     0.01574748436,     0.01214602958,      0.9739751757,                 0,                 0,                 0,     0.09104625846,    -0.07278771959,      0.9713275023,                 0,        80.1887703,     0.01810858636
          0,           0,        1035,      -11.19318985,      -11.07826668,       -11.6186998,       -11.1800411,      -15.29491339,     0.01574748436,     0.01214603851,      0.9739745326,                 0,                 0,                 0,     0.09104614073,    -0.07278765464,      0.9713268625,                 0,       80.18865835,     0.01810858636
          0,           0,        1036,      -11.19536629,      -11.08132122,      -11.62161239,      -11.18290813,      -15.29804809,     0.01574748436,     0.01214604738,      0.9739738942,                 0,                 0,                 0,     0.09104602385,    -0.07278759016,      0.9713262272,                 0,       80.18854724,     0.01810858636
          0,           0,        1037,      -11.19754286,      -11.08437505,      -11.62452315,      -11.18577382,      -15.30118499,     0.01574748436,     0.01214605618,      0.9739732603,                 0,                 0,                 0,      0.0910459078,    -0.07278752615,      0.9713255966,                 0,       80.18843695,     0.01810858636
          0,           0,        1038,      -11.19971954,      -11.08742816,      -11.62743225,      -11.18863815,      -15.30432406,     0.01574748436,     0.01214606491,      0.9739726311,                 0,                 0,                 0,     0.09104579258,     -0.0727874626,      0.9713249704,                 0,       80.18832749,     0.01810858636
          0,           0,        1039,      -11.20189635,      -11.09048053,      -11.63033961,      -11.19150121,      -15.30746525,     0.01574748436,     0.01214607358,      0.9739720063,                 0,                 0,                 0,     0.09104567819,    -0.07278739952,      0.9713243488,                 0,       80.18821884,     0.01810858636
          0,           0,        1040,       -11.2040733,      -11.09353215,      -11.63324525,      -11.19436287,      -15.31060853,     0.01574748436,     0.01214608218,       0.973971386,                 0,                 0,                 0,     0.09104556461,     -0.0727873369,      0.9713237317,                 0,         80.188111,     0.01810858636
          0,           0,        1041,      -11.20625039,      -11.09658304,      -11.63614912,      -11.19722325,      -15.31375386,     0.01574748436,     0.01214609071,      0.9739707702,                 0,                 0,                 0,     0.09104545185,    -0.07278727472,       0.971323119,                 0,       80.18800396,     0.01810858636
          0,           0,        1042,      -11.20842763,      -11.09963316,      -11.63905132,      -11.20008229,      -15.31690122,     0.01574748436,     0.01214609918,      0.9739701589,                 0,                 0,                 0,     0.09104533989,      -0.072787213,      0.9713225107,                 0,       80.18789772,     0.01810858636
          0,           0,        1043,      -11.21060501,      -11.10268254,       -11.6419517,      -11.20294007,      -15.32005057,     0.01574748436,     0.01214610758,      0.9739695519,                 0,                 0,                 0,     0.09104522874,    -0.07278715173,      0.9713219067,                 0,       80.18779227,     0.01810858636
          0,           0,        1044,      -11.21278253,      -11.10573114,      -11.64485049,      -11.20579645,      -15.32320187,     0.01574748436,     0.01214611592,      0.9739689493,                 0,                 0,                 0,     0.09104511837,     -0.0727870909,      0.9713213071,                 0,       80.18768761,     0.01810858636
          0,           0,        1045,      -11.21496022,      -11.10877894,       -11.6477474,      -11.20865158,       -15.3263551,     0.01574748436,      0.0121461242,       0.973968351,                 0,                 0,                 0,      0.0910450088,    -0.07278703052,      0.9713207119,                 0,       80.18758372,     0.01810858636
          0,           0,        1046,      -11.21713806,      -11.11182601,      -11.65064272,      -11.21150541,      -15.32951022,     0.01574748436,     0.01214613241,       0.973967757,                 0,                 0,                 0,     0.09104490001,    -0.07278697057,      0.9713201209,                 0,       80.18748061,     0.01810858636
          0,           0,        1047,      -11.21931606,      -11.11487225,      -11.65353634,      -11.21435785,      -15.33266719,     0.01574748436,     0.01214614056,      0.9739671673,                 0,                 0,                 0,     0.09104479199,    -0.07278691105,      0.9713195341,                 0,       80.18737826,     0.01810858636
          0,           0,        1048,      -11.22149423,      -11.11791772,      -11.65642829,      -11.21720919,      -15.33582599,     0.01574748436,     0.01214614864,      0.9739665819,                 0,                 0,                 0,     0.09104468475,    -0.07278685197,      0.9713189516,                 0,       80.18727667,     0.01810858636
          0,           0,        1049,      -11.22367253,      -11.12096236,      -11.65931854,      -11.22005895,      -15.33898658,     0.01574748436,     0.01214615667,      0.9739660006,                 0,                 0,                 0,     0.09104457827,    -0.07278679332,      0.9713183732,                 0,       80.18717584,     0.01810858636
          0,           0,        1050,      -11.22585103,      -11.12400624,      -11.66220706,      -11.22290772,      -15.34214893,     0.01574748436,     0.01214616463,      0.9739654235,                 0,                 0,                 0,     0.09104447255,    -0.07278673509,       0.971317799,                 0,       80.18707575,     0.01810858636
          0,           0,        1051,      -11.22802971,      -11.12704929,      -11.66509399,      -11.22575504,      -15.34531301,     0.01574748436,     0.01214617253,      0.9739648505,                 0,                 0,                 0,     0.09104436758,    -0.07278667728,      0.9713172289,                 0,       80.18697641,     0.01810858636
          0,           0,        1052,      -11.23020857,      -11.13009153,      -11.66797912,      -11.22860115,      -15.34847879,     0.01574748436,     0.01214618038,      0.9739642817,                 0,                 0,                 0,     0.09104426337,    -0.07278661989,      0.9713166629,                 0,       80.18687781,     0.01810858636
          0,           0,        1053,       -11.2323876,      -11.13313296,      -11.67086271,       -11.2314461,      -15.35164623,     0.01574748436,     0.01214618816,      0.9739637169,                 0,                 0,                 0,     0.09104415989,    -0.07278656291,       0.971316101,                 0,       80.18677994,     0.01810858636
          0,           0,        1054,      -11.23456681,      -11.13617355,      -11.67374442,      -11.23428966,      -15.35481532,     0.01574748436,     0.01214619588,      0.9739631562,                 0,                 0,                 0,     0.09104405716,    -0.07278650635,      0.9713155431,                 0,       80.18668279,     0.01810858636
          0,           0,        1055,       -11.2367462,      -11.13921329,      -11.67662473,      -11.23713182,        -15.357986,     0.01574748436,     0.01214620354,      0.9739625996,                 0,                 0,                 0,     0.09104395515,     -0.0727864502,      0.9713149892,                 0,       80.18658636,     0.01810858636
          0,           0,        1056,      -11.23892579,      -11.14225221,      -11.67950345,      -11.23997295,      -15.36115827,     0.01574748436,     0.01214621115,      0.9739620469,                 0,                 0,                 0,     0.09104385388,    -0.07278639445,      0.9713144393,                 0,       80.18649065,     0.01810858636
          0,           0,        1057,      -11.24110556,      -11.14529028,      -11.68238042,      -11.24281267,      -15.36433208,     0.01574748436,      0.0121462187,      0.9739614981,                 0,                 0,                 0,     0.09104375332,    -0.07278633911,      0.9713138933,                 0,       80.18639565,     0.01810858636
          0,           0,        1058,      -11.24328553,      -11.14832752,      -11.68525565,      -11.24565129,      -15.36750742,     0.01574748436,     0.01214622619,      0.9739609533,                 0,                 0,                 0,     0.09104365348,    -0.07278628417,      0.9713133512,                 0,       80.18630135,     0.01810858636
          0,           0,        1059,       -11.2454657,       -11.1513639,      -11.68812942,      -11.24848853,      -15.37068425,     0.01574748436,     0.01214623362,      0.9739604125,                 0,                 0,                 0,     0.09104355435,    -0.07278622962,      0.9713128131,                 0,       80.18620776,     0.01810858636
          0,           0,        1060,      -11.24764608,       -11.1543994,      -11.69100156,      -11.25132455,      -15.37386254,     0.01574748436,       0.012146241,      0.9739598755,                 0,                 0,                 0,     0.09104345593,    -0.07278617547,      0.9713122787,                 0,       80.18611485,     0.01810858636
          0,           0,        1061,      -11.24982664,      -11.15743403,      -11.69387199,      -11.25415932,      -15.37704228,     0.01574748436,     0.01214624832,      0.9739593423,                 0,                 0,                 0,     0.09104335821,    -0.07278612171,      0.9713117482,                 0,       80.18602263,     0.01810858636
          0,           0,        1062,      -11.25200743,      -11.16046784,      -11.69674078,      -11.25699311,      -15.38022343,     0.01574748436,     0.01214625558,      0.9739588129,                 0,                 0,                 0,     0.09104326118,    -0.07278606834,      0.9713112215,                 0,        80.1859311,     0.01810858636
          0,           0,        1063,       -11.2541884,      -11.16350078,      -11.69960805,      -11.25982544,      -15.38340597,     0.01574748436,     0.01214626279,      0.9739582874,                 0,                 0,                 0,     0.09104316485,    -0.07278601535,      0.9713106986,                 0,       80.18584024,     0.01810858636
          0,           0,        1064,      -11.25636962,      -11.16653279,      -11.70247381,      -11.26265651,      -15.38658988,     0.01574748436,     0.01214626994,      0.9739577656,                 0,                 0,                 0,      0.0910430692,    -0.07278596275,      0.9713101794,                 0,       80.18575005,     0.01810858636
          0,           0,        1065,      -11.25855101,      -11.16956396,      -11.70533789,      -11.26548641,      -15.38977513,     0.01574748436,     0.01214627704,      0.9739572476,                 0,                 0,                 0,     0.09104297423,    -0.07278591053,       0.971309664,                 0,       80.18566054,     0.01810858636
          0,           0,        1066,      -11.26073264,      -11.17259425,      -11.70820051,      -11.26831528,      -15.39296171,     0.01574748436,     0.01214628409,      0.9739567332,                 0,                 0,                 0,     0.09104287993,    -0.07278585868,      0.9713091522,                 0,       80.18557168,     0.01810858636
          0,           0,        1067,      -11.26291449,      -11.17562364,      -11.71106143,      -11.27114268,       -15.3961496,     0.01574748436,     0.01214629108,      0.9739562226,                 0,                 0,                 0,     0.09104278631,    -0.07278580721,      0.9713086441,                 0,       80.18548348,     0.01810858636
          0,           0,        1068,      -11.26509655,      -11.17865216,      -11.71392082,      -11.27396916,      -15.39933877,     0.01574748436,     0.01214629802,      0.9739557155,                 0,                 0,                 0,     0.09104269335,    -0.07278575611,      0.9713081396,                 0,       80.18539593,     0.01810858636
          0,           0,        1069,      -11.26727884,      -11.18167975,      -11.71677874,      -11.27679419,      -15.40252921,     0.01574748436,      0.0121463049,      0.9739552122,                 0,                 0,                 0,     0.09104260105,    -0.07278570537,      0.9713076388,                 0,       80.18530903,     0.01810858636
          0,           0,        1070,      -11.26946136,      -11.18470646,      -11.71963509,      -11.27961806,      -15.40572091,     0.01574748436,     0.01214631174,      0.9739547124,                 0,                 0,                 0,     0.09104250941,    -0.07278565501,      0.9713071415,                 0,       80.18522277,     0.01810858636
          0,           0,        1071,      -11.27164414,      -11.18773227,      -11.72248978,      -11.28244098,      -15.40891387,     0.01574748436,     0.01214631852,      0.9739542162,                 0,                 0,                 0,     0.09104241842,    -0.07278560501,      0.9713066478,                 0,       80.18513715,     0.01810858636
          0,           0,        1072,      -11.27382712,      -11.19075718,      -11.72534304,      -11.28526257,      -15.41210807,     0.01574748436,     0.01214632525,      0.9739537235,                 0,                 0,                 0,     0.09104232808,    -0.07278555536,      0.9713061576,                 0,       80.18505216,     0.01810858636
          0,           0,        1073,      -11.27601035,      -11.19378119,      -11.72819476,      -11.28808301,      -15.41530354,     0.01574748436,     0.01214633193,      0.9739532344,                 0,                 0,                 0,     0.09104223837,    -0.07278550608,      0.9713056709,                 0,        80.1849678,     0.01810858636
          0,           0,        1074,       -11.2781938,      -11.19680426,      -11.73104501,      -11.29090221,       -15.4185003,     0.01574748436,     0.01214633855,      0.9739527488,                 0,                 0,                 0,     0.09104214931,    -0.07278545715,      0.9713051877,                 0,       80.18488406,     0.01810858636
          0,           0,        1075,      -11.28037749,      -11.19982643,      -11.73389386,      -11.29372023,      -15.42169839,     0.01574748436,     0.01214634513,      0.9739522666,                 0,                 0,                 0,     0.09104206088,    -0.07278540858,      0.9713047079,                 0,       80.18480094,     0.01810858636
          0,           0,        1076,      -11.28256142,      -11.20284766,      -11.73674106,      -11.29653708,      -15.42489789,     0.01574748436,     0.01214635166,      0.9739517879,                 0,                 0,                 0,     0.09104197307,    -0.07278536035,      0.9713042316,                 0,       80.18471843,     0.01810858636
          0,           0,        1077,      -11.28474559,      -11.20586801,      -11.73958672,      -11.29935293,      -15.42809892,     0.01574748436,     0.01214635814,      0.9739513126,                 0,                 0,                 0,     0.09104188589,    -0.07278531247,      0.9713037587,                 0,       80.18463654,     0.01810858636
          0,           0,        1078,      -11.28693001,      -11.20888738,      -11.74243093,       -11.3021674,      -15.43130169,     0.01574748436,     0.01214636457,      0.9739508407,                 0,                 0,                 0,     0.09104179933,    -0.07278526494,      0.9713032892,                 0,       80.18455524,     0.01810858636
          0,           0,        1079,      -11.28911468,      -11.21190587,      -11.74527366,      -11.30498106,      -15.43450653,     0.01574748436,     0.01214637095,      0.9739503722,                 0,                 0,                 0,     0.09104171338,    -0.07278521775,       0.971302823,                 0,       80.18447455,     0.01810858636
          0,           0,        1080,      -11.29129963,      -11.21492343,      -11.74811497,      -11.30779359,      -15.43771403,     0.01574748436,     0.01214637728,       0.973949907,                 0,                 0,                 0,     0.09104162804,     -0.0727851709,      0.9713023601,                 0,       80.18439444,     0.01810858636
          0,           0,        1081,       -11.2934848,      -11.21794004,      -11.75095488,      -11.31060457,      -15.44092513,     0.01574748436,     0.01214638357,      0.9739494452,                 0,                 0,                 0,     0.09104154331,    -0.07278512438,      0.9713019006,                 0,       80.18431493,     0.01810858636
          0,           0,        1082,      -11.29567025,      -11.22095574,      -11.75379329,      -11.31341469,      -15.44414157,     0.01574748436,      0.0121463898,      0.9739489866,                 0,                 0,                 0,     0.09104145918,     -0.0727850782,      0.9713014443,                 0,       80.18423601,     0.01810858636
          0,           0,        1083,      -11.29785594,      -11.22397047,      -11.75663014,      -11.31622366,      -15.44736645,     0.01574748436,     0.01214639599,      0.9739485313,                 0,                 0,                 0,     0.09104137564,    -0.07278503236,      0.9713009913,                 0,       80.18415767,     0.01810858636
          0,           0,        1084,      -11.30004189,      -11.22698431,      -11.75946566,      -11.31903158,      -15.45060538,     0.01574748436,     0.01214640213,      0.9739480793,                 0,                 0,                 0,      0.0910412927,    -0.07278498684,      0.9713005415,                 0,        80.1840799,     0.01810858636
          0,           0,        1085,      -11.30222806,      -11.22999714,      -11.76229966,      -11.32183806,      -15.45386638,     0.01574748436,     0.01214640823,      0.9739476305,                 0,                 0,                 0,     0.09104121034,    -0.07278494165,       0.971300095,                 0,       80.18400271,     0.01810858636
          0,           0,        1086,      -11.30441456,      -11.23300908,      -11.76513242,      -11.32464386,      -15.45713999,     0.01574748436,     0.01214641428,      0.9739471849,                 0,                 0,                 0,     0.09104112857,    -0.07278489679,      0.9712996516,                 0,       80.18392608,     0.01810858636
          0,           0,        1087,       -11.3066013,      -11.23602004,      -11.76796376,       -11.3274483,        -15.460363,     0.01574748436,     0.01214642029,      0.9739467425,                 0,                 0,                 0,     0.09104104738,    -0.07278485225,      0.9712992114,                 0,       80.18385002,     0.01810858636
          0,           0,        1088,      -11.30878828,       -11.2390301,      -11.77079349,       -11.3302517,      -15.46353597,     0.01574748436,     0.01214642624,      0.9739463032,                 0,                 0,                 0,     0.09104096676,    -0.07278480803,      0.9712987743,                 0,       80.18377452,     0.01810858636
          0,           0,        1089,      -11.31097557,      -11.24203917,      -11.77362177,      -11.33305401,      -15.46669157,     0.01574748436,     0.01214643216,      0.9739458671,                 0,                 0,                 0,     0.09104088672,    -0.07278476413,      0.9712983403,                 0,       80.18369958,     0.01810858636
          0,           0,        1090,      -11.31316311,      -11.24504731,      -11.77644889,      -11.33585526,      -15.46984553,     0.01574748436,     0.01214643803,      0.9739454341,                 0,                 0,                 0,     0.09104080724,    -0.07278472054,      0.9712979095,                 0,       80.18362518,     0.01810858636
          0,           0,        1091,      -11.31535096,      -11.24805452,      -11.77927454,      -11.33865542,      -15.47300856,     0.01574748436,     0.01214644385,      0.9739450042,                 0,                 0,                 0,     0.09104072832,    -0.07278467727,      0.9712974817,                 0,       80.18355134,     0.01810858636
          0,           0,        1092,      -11.31753901,      -11.25106073,      -11.78209888,      -11.34145444,      -15.47618537,     0.01574748436,     0.01214644963,      0.9739445773,                 0,                 0,                 0,     0.09104064997,    -0.07278463431,       0.971297057,                 0,       80.18347803,     0.01810858636
          0,           0,        1093,       -11.3197274,      -11.25406603,       -11.7849217,      -11.34425257,      -15.47937522,     0.01574748436,     0.01214645537,      0.9739441535,                 0,                 0,                 0,     0.09104057217,    -0.07278459165,      0.9712966353,                 0,       80.18340527,     0.01810858636
          0,           0,        1094,      -11.32191604,      -11.25707037,      -11.78774331,       -11.3470495,      -15.48257476,     0.01574748436,     0.01214646106,      0.9739437327,                 0,                 0,                 0,     0.09104049492,    -0.07278454931,      0.9712962166,                 0,       80.18333304,     0.01810858636
          0,           0,        1095,      -11.32410497,      -11.26007376,      -11.79056353,      -11.34984525,       -15.4857804,     0.01574748436,     0.01214646671,      0.9739433149,                 0,                 0,                 0,     0.09104041821,    -0.07278450726,      0.9712958009,                 0,       80.18326134,     0.01810858636
          0,           0,        1096,      -11.32629421,      -11.26307619,      -11.79338228,      -11.35264021,      -15.48898848,     0.01574748436,     0.01214647232,      0.9739429001,                 0,                 0,                 0,     0.09104034205,    -0.07278446552,      0.9712953881,                 0,       80.18319017,     0.01810858636
          0,           0,        1097,      -11.32848367,      -11.26607765,      -11.79619987,      -11.35543393,      -15.49219058,     0.01574748436,     0.01214647789,      0.9739424882,                 0,                 0,                 0,     0.09104026643,    -0.07278442408,      0.9712949783,                 0,       80.18311952,     0.01810858636
          0,           0,        1098,      -11.33067344,      -11.26907815,      -11.79901607,      -11.35822659,      -15.49539324,     0.01574748436,     0.01214648341,      0.9739420793,                 0,                 0,                 0,     0.09104019135,    -0.07278438294,      0.9712945714,                 0,       80.18304939,     0.01810858636
          0,           0,        1099,       -11.3328635,      -11.27207768,      -11.80183079,      -11.36101817,      -15.49859726,     0.01574748436,     0.01214648889,      0.9739416733,                 0,                 0,                 0,     0.09104011679,    -0.07278434209,      0.9712941675,                 0,       80.18297978,     0.01810858636
          0,           0,        1100,      -11.33505386,      -11.27507631,      -11.80464446,      -11.36380891,       -15.5018035,     0.01574748436,     0.01214649433,      0.9739412702,                 0,                 0,                 0,     0.09104004277,    -0.07278430154,      0.9712937664,                 0,       80.18291067,     0.01810858636
          0,           0,        1101,       -11.3372445,      -11.27807394,      -11.80745659,      -11.36659856,      -15.50501228,     0.01574748436,     0.01214649973,        0.97394087,                 0,                 0,                 0,     0.09103996926,    -0.07278426128,      0.9712933681,                 0,       80.18284208,     0.01810858636
          0,           0,        1102,       -11.3394354,       -11.2810706,      -11.81026767,      -11.36938703,       -15.5082233,     0.01574748436,     0.01214650509,      0.9739404726,                 0,                 0,                 0,     0.09103989628,    -0.07278422131,      0.9712929727,                 0,       80.18277399,     0.01810858636
          0,           0,        1103,      -11.34162665,      -11.28406634,      -11.81307721,      -11.37217467,        -15.511436,     0.01574748436,     0.01214651041,       0.973940078,                 0,                 0,                 0,     0.09103982381,    -0.07278418162,      0.9712925801,                 0,       80.18270639,     0.01810858636
          0,           0,        1104,      -11.34381814,      -11.28706107,      -11.81588567,      -11.37496117,      -15.51464977,     0.01574748436,     0.01214651569,      0.9739396863,                 0,                 0,                 0,     0.09103975186,    -0.07278414222,      0.9712921903,                 0,        80.1826393,     0.01810858636
          0,           0,        1105,      -11.34600996,      -11.29005491,      -11.81869265,      -11.37774695,      -15.51786285,     0.01574748436,     0.01214652093,      0.9739392973,                 0,                 0,                 0,     0.09103968041,     -0.0727841031,      0.9712918033,                 0,       80.18257269,     0.01810858636
          0,           0,        1106,      -11.34820207,      -11.29304769,      -11.82149867,       -11.3805311,      -15.52106087,     0.01574748436,     0.01214652613,      0.9739389111,                 0,                 0,                 0,     0.09103960947,    -0.07278406426,      0.9712914191,                 0,       80.18250658,     0.01810858636
          0,           0,        1107,      -11.35039443,       -11.2960396,      -11.82430306,       -11.3833147,      -15.52420783,     0.01574748436,     0.01214653129,      0.9739385277,                 0,                 0,                 0,     0.09103953904,     -0.0727840257,      0.9712910375,                 0,       80.18244095,     0.01810858636
          0,           0,        1108,      -11.35258716,      -11.29903053,       -11.8271065,      -11.38609734,      -15.52733449,     0.01574748436,     0.01214653641,       0.973938147,                 0,                 0,                 0,      0.0910394691,    -0.07278398742,      0.9712906587,                 0,        80.1823758,     0.01810858636
          0,           0,        1109,      -11.35478017,      -11.30202047,      -11.82990857,      -11.38887888,      -15.53048894,     0.01574748436,     0.01214654149,       0.973937769,                 0,                 0,                 0,     0.09103939965,    -0.07278394942,      0.9712902826,                 0,       80.18231113,     0.01810858636
          0,           0,        1110,      -11.35697345,      -11.30500948,      -11.83270936,      -11.39165927,      -15.53367915,     0.01574748436,     0.01214654654,      0.9739373937,                 0,                 0,                 0,      0.0910393307,    -0.07278391168,      0.9712899092,                 0,       80.18224693,     0.01810858636
          0,           0,        1111,      -11.35916709,      -11.30799753,      -11.83550907,      -11.39443895,      -15.53690117,     0.01574748436,     0.01214655154,      0.9739370211,                 0,                 0,                 0,     0.09103926223,    -0.07278387422,      0.9712895384,                 0,       80.18218321,     0.01810858636
          0,           0,        1112,        -11.361361,       -11.3109846,      -11.83830741,      -11.39721759,        -15.540145,     0.01574748436,     0.01214655651,      0.9739366511,                 0,                 0,                 0,     0.09103919424,    -0.07278383702,      0.9712891703,                 0,       80.18211995,     0.01810858636
          0,           0,        1113,      -11.36355521,      -11.31397076,      -11.84110449,      -11.39999517,      -15.54339862,     0.01574748436,     0.01214656144,      0.9739362838,                 0,                 0,                 0,     0.09103912674,    -0.07278380009,      0.9712888048,                 0,       80.18205715,     0.01810858636
          0,           0,        1114,      -11.36574971,      -11.31695595,      -11.84390056,      -11.40277171,       -15.5466524,     0.01574748436,     0.01214656634,      0.9739359191,                 0,                 0,                 0,     0.09103905971,    -0.07278376343,      0.9712884419,                 0,       80.18199482,     0.01810858636
          0,           0,        1115,      -11.36794454,      -11.31994013,      -11.84669526,      -11.40554738,      -15.54990085,     0.01574748436,     0.01214657119,       0.973935557,                 0,                 0,                 0,     0.09103899316,    -0.07278372703,      0.9712880816,                 0,       80.18193294,     0.01810858636
          0,           0,        1116,      -11.37013967,      -11.32292341,      -11.84948886,      -11.40832212,      -15.55314215,     0.01574748436,     0.01214657602,      0.9739351974,                 0,                 0,                 0,     0.09103892708,    -0.07278369089,      0.9712877238,                 0,       80.18187152,     0.01810858636
          0,           0,        1117,      -11.37233511,       -11.3259057,      -11.85228131,      -11.41109578,      -15.55637671,     0.01574748436,      0.0121465808,      0.9739348404,                 0,                 0,                 0,     0.09103886146,    -0.07278365501,      0.9712873686,                 0,       80.18181054,     0.01810858636
          0,           0,        1118,      -11.37453089,      -11.32888707,      -11.85507245,      -11.41386866,      -15.55960582,     0.01574748436,     0.01214658555,       0.973934486,                 0,                 0,                 0,     0.09103879631,    -0.07278361939,      0.9712870159,                 0,       80.18175001,     0.01810858636
          0,           0,        1119,      -11.37672691,      -11.33186748,      -11.85786245,      -11.41664043,       -15.5628309,     0.01574748436,     0.01214659026,       0.973934134,                 0,                 0,                 0,     0.09103873162,    -0.07278358402,      0.9712866657,                 0,       80.18168993,     0.01810858636
          0,           0,        1120,      -11.37892327,      -11.33484691,      -11.86065141,      -11.41941113,      -15.56605312,     0.01574748436,     0.01214659494,      0.9739337846,                 0,                 0,                 0,     0.09103866739,    -0.07278354891,       0.971286318,                 0,       80.18163028,     0.01810858636
          0,           0,        1121,         -11.38112,       -11.3378254,      -11.86343916,      -11.42218138,      -15.56927338,     0.01574748436,     0.01214659958,      0.9739334377,                 0,                 0,                 0,     0.09103860361,    -0.07278351404,      0.9712859728,                 0,       80.18157108,     0.01810858636
          0,           0,        1122,      -11.38331701,      -11.34080293,      -11.86622559,       -11.4249503,      -15.57249231,     0.01574748436,     0.01214660419,      0.9739330932,                 0,                 0,                 0,     0.09103854027,    -0.07278347943,      0.9712856301,                 0,        80.1815123,     0.01810858636
          0,           0,        1123,      -11.38551432,      -11.34377954,      -11.86901125,      -11.42771839,      -15.57571036,     0.01574748436,     0.01214660876,      0.9739327512,                 0,                 0,                 0,     0.09103847739,    -0.07278344507,      0.9712852898,                 0,       80.18145396,     0.01810858636
          0,           0,        1124,      -11.38771198,      -11.34675523,       -11.8717953,      -11.43048575,      -15.57892783,     0.01574748436,      0.0121466133,      0.9739324116,                 0,                 0,                 0,     0.09103841495,    -0.07278341095,      0.9712849519,                 0,       80.18139604,     0.01810858636
          0,           0,        1125,      -11.38990991,      -11.34972985,      -11.87457861,      -11.43325163,      -15.58214492,     0.01574748436,     0.01214661781,      0.9739320745,                 0,                 0,                 0,     0.09103835295,    -0.07278337708,      0.9712846164,                 0,       80.18133855,     0.01810858636
          0,           0,        1126,       -11.3921082,      -11.35270364,      -11.87736064,      -11.43601731,      -15.58536177,     0.01574748436,     0.01214662228,      0.9739317397,                 0,                 0,                 0,     0.09103829139,    -0.07278334345,      0.9712842833,                 0,       80.18128147,     0.01810858636
          0,           0,        1127,      -11.39430675,      -11.35567644,      -11.88014161,      -11.43878138,      -15.58857844,     0.01574748436,     0.01214662671,      0.9739314073,                 0,                 0,                 0,     0.09103823027,    -0.07278331006,      0.9712839525,                 0,       80.18122482,     0.01810858636
          0,           0,        1128,      -11.39650568,      -11.35864834,      -11.88292125,      -11.44154492,      -15.59179496,     0.01574748436,     0.01214663112,      0.9739310773,                 0,                 0,                 0,     0.09103816957,    -0.07278327691,      0.9712836242,                 0,       80.18116858,     0.01810858636
          0,           0,        1129,       -11.3987049,      -11.36161929,      -11.88569985,      -11.44430779,      -15.59501131,     0.01574748436,     0.01214663549,      0.9739307496,                 0,                 0,                 0,     0.09103810931,    -0.07278324399,      0.9712832981,                 0,       80.18111275,     0.01810858636
          0,           0,        1130,      -11.40090445,       -11.3645893,      -11.88847771,      -11.44706948,      -15.59822745,     0.01574748436,     0.01214663983,      0.9739304243,                 0,                 0,                 0,     0.09103804947,    -0.07278321132,      0.9712829744,                 0,       80.18105733,     0.01810858636
          0,           0,        1131,      -11.40310426,      -11.36755832,      -11.89125436,      -11.44982991,      -15.60144332,     0.01574748436,     0.01214664413,      0.9739301012,                 0,                 0,                 0,     0.09103799005,    -0.07278317887,       0.971282653,                 0,       80.18100232,     0.01810858636
          0,           0,        1132,      -11.40530448,       -11.3705264,      -11.89402965,      -11.45258977,      -15.60465887,     0.01574748436,      0.0121466484,      0.9739297805,                 0,                 0,                 0,     0.09103793105,    -0.07278314666,      0.9712823338,                 0,        80.1809477,     0.01810858636
          0,           0,        1133,      -11.40750496,      -11.37349357,      -11.89680404,      -11.45534882,      -15.60787405,     0.01574748436,     0.01214665265,      0.9739294621,                 0,                 0,                 0,     0.09103787247,    -0.07278311468,       0.971282017,                 0,       80.18089349,     0.01810858636
          0,           0,        1134,      -11.40970582,      -11.37645984,      -11.89957747,      -11.45810714,       -15.6110888,     0.01574748436,     0.01214665686,      0.9739291459,                 0,                 0,                 0,      0.0910378143,    -0.07278308293,      0.9712817023,                 0,       80.18083967,     0.01810858636
          0,           0,        1135,      -11.41190699,      -11.37942521,      -11.90234976,      -11.46086446,      -15.61430307,     0.01574748436,     0.01214666103,      0.9739288319,                 0,                 0,                 0,     0.09103775654,    -0.07278305141,        0.97128139,                 0,       80.18078625,     0.01810858636
          0,           0,        1136,      -11.41410845,      -11.38238954,      -11.90512087,      -11.46362047,      -15.61751682,     0.01574748436,     0.01214666518,      0.9739285202,                 0,                 0,                 0,     0.09103769919,    -0.07278302011,      0.9712810798,                 0,       80.18073322,     0.01810858636
          0,           0,        1137,      -11.41631027,      -11.38535299,      -11.90789119,      -11.46637607,      -15.62073003,     0.01574748436,      0.0121466693,      0.9739282108,                 0,                 0,                 0,     0.09103764224,    -0.07278298904,      0.9712807719,                 0,       80.18068057,     0.01810858636
          0,           0,        1138,      -11.41851239,      -11.38831555,      -11.91065997,      -11.46913057,      -15.62394267,     0.01574748436,     0.01214667338,      0.9739279035,                 0,                 0,                 0,      0.0910375857,    -0.07278295819,      0.9712804661,                 0,       80.18062831,     0.01810858636
          0,           0,        1139,      -11.42071484,      -11.39127718,      -11.91342815,      -11.47188443,      -15.62715471,     0.01574748436,     0.01214667743,      0.9739275984,                 0,                 0,                 0,     0.09103752955,    -0.07278292756,      0.9712801625,                 0,       80.18057643,     0.01810858636
          0,           0,        1140,       -11.4229176,      -11.39423784,      -11.91619529,      -11.47463743,      -15.63036616,     0.01574748436,     0.01214668146,      0.9739272955,                 0,                 0,                 0,     0.09103747381,    -0.07278289715,      0.9712798611,                 0,       80.18052493,     0.01810858636
          0,           0,        1141,      -11.42512072,       -11.3971976,      -11.91896133,      -11.47738929,      -15.63357698,     0.01574748436,     0.01214668545,      0.9739269947,                 0,                 0,                 0,     0.09103741845,    -0.07278286696,      0.9712795618,                 0,       80.18047381,     0.01810858636
          0,           0,        1142,      -11.42732414,      -11.40015644,      -11.92172638,      -11.48014025,      -15.63678716,     0.01574748436,     0.01214668941,       0.973926696,                 0,                 0,                 0,     0.09103736348,    -0.07278283698,      0.9712792647,                 0,       80.18042306,     0.01810858636
          0,           0,        1143,      -11.42952786,      -11.40311437,      -11.92449022,      -11.48289041,       -15.6399967,     0.01574748436,     0.01214669335,      0.9739263995,                 0,                 0,                 0,     0.09103730891,    -0.07278280722,      0.9712789696,                 0,       80.18037268,     0.01810858636
          0,           0,        1144,      -11.43173195,      -11.40607134,      -11.92725316,      -11.48563987,      -15.64320558,     0.01574748436,     0.01214669725,      0.9739261051,                 0,                 0,                 0,     0.09103725472,    -0.07278277767,      0.9712786767,                 0,       80.18032267,     0.01810858636
          0,           0,        1145,      -11.43393635,       -11.4090274,      -11.93001517,      -11.48838828,      -15.64641378,     0.01574748436,     0.01214670113,      0.9739258128,                 0,                 0,                 0,     0.09103720091,    -0.07278274833,      0.9712783858,                 0,       80.18027303,     0.01810858636
          0,           0,        1146,      -11.43614113,       -11.4119826,       -11.9327763,      -11.49113629,       -15.6496213,     0.01574748436,     0.01214670497,      0.9739255226,                 0,                 0,                 0,     0.09103714748,    -0.07278271921,       0.971278097,                 0,       80.18022375,     0.01810858636
          0,           0,        1147,      -11.43834617,      -11.41493695,      -11.93553626,      -11.49388324,      -15.65282812,     0.01574748436,     0.01214670879,      0.9739252344,                 0,                 0,                 0,     0.09103709442,    -0.07278269029,      0.9712778103,                 0,       80.18017483,     0.01810858636
          0,           0,        1148,      -11.44055155,      -11.41789025,      -11.93829537,      -11.49662912,      -15.65603423,     0.01574748436,     0.01214671258,      0.9739249483,                 0,                 0,                 0,     0.09103704174,    -0.07278266158,      0.9712775256,                 0,       80.18012626,     0.01810858636
          0,           0,        1149,      -11.44275726,      -11.42084273,      -11.94105317,      -11.49937442,       -15.6592396,     0.01574748436,     0.01214671634,      0.9739246642,                 0,                 0,                 0,     0.09103698944,    -0.07278263307,      0.9712772429,                 0,       80.18007805,     0.01810858636
          0,           0,        1150,       -11.4449633,      -11.42379427,      -11.94381034,      -11.50211862,      -15.66244422,     0.01574748436,     0.01214672007,      0.9739243822,                 0,                 0,                 0,      0.0910369375,    -0.07278260477,      0.9712769623,                 0,       80.18003019,     0.01810858636
          0,           0,        1151,       -11.4471697,       -11.4267449,      -11.94656641,      -11.50486219,      -15.66564809,     0.01574748436,     0.01214672378,      0.9739241021,                 0,                 0,                 0,     0.09103688593,    -0.07278257667,      0.9712766836,                 0,       80.17998268,     0.01810858636
          0,           0,        1152,       -11.4493764,      -11.42969471,      -11.94932147,      -11.50760475,      -15.66885117,     0.01574748436,     0.01214672745,       0.973923824,                 0,                 0,                 0,     0.09103683472,    -0.07278254877,      0.9712764069,                 0,       80.17993552,     0.01810858636
          0,           0,        1153,      -11.45158343,      -11.43264351,      -11.95207562,      -11.51034643,      -15.67205347,     0.01574748436,      0.0121467311,      0.9739235479,                 0,                 0,                 0,     0.09103678387,    -0.07278252108,      0.9712761322,                 0,        80.1798887,     0.01810858636
          0,           0,        1154,      -11.45379079,      -11.43559148,      -11.95482899,      -11.51308747,      -15.67525495,     0.01574748436,     0.01214673472,      0.9739232738,                 0,                 0,                 0,     0.09103673338,    -0.07278249358,      0.9712758594,                 0,       80.17984223,     0.01810858636
          0,           0,        1155,      -11.45599848,      -11.43853858,      -11.95758116,      -11.51582794,       -15.6784556,     0.01574748436,     0.01214673832,      0.9739230016,                 0,                 0,                 0,     0.09103668325,    -0.07278246627,      0.9712755886,                 0,       80.17979609,     0.01810858636
          0,           0,        1156,      -11.45820647,      -11.44148477,      -11.96033229,       -11.5185672,       -15.6816554,     0.01574748436,     0.01214674189,      0.9739227314,                 0,                 0,                 0,     0.09103663347,    -0.07278243917,      0.9712753197,                 0,       80.17975029,     0.01810858636
          0,           0,        1157,      -11.46041484,      -11.44443004,      -11.96308282,      -11.52130569,      -15.68485435,     0.01574748436,     0.01214674543,      0.9739224631,                 0,                 0,                 0,     0.09103658404,    -0.07278241225,      0.9712750527,                 0,       80.17970483,     0.01810858636
          0,           0,        1158,      -11.46262355,      -11.44737444,      -11.96583233,      -11.52404356,      -15.68805242,     0.01574748436,     0.01214674894,      0.9739221967,                 0,                 0,                 0,     0.09103653497,    -0.07278238553,      0.9712747876,                 0,        80.1796597,     0.01810858636
          0,           0,        1159,      -11.46483252,      -11.45031795,      -11.96858075,      -11.52678058,       -15.6912496,     0.01574748436,     0.01214675243,      0.9739219322,                 0,                 0,                 0,     0.09103648623,      -0.072782359,      0.9712745244,                 0,       80.17961489,     0.01810858636
          0,           0,        1160,      -11.46704188,      -11.45326055,      -11.97132838,       -11.5295165,      -15.69444586,     0.01574748436,     0.01214675589,      0.9739216695,                 0,                 0,                 0,     0.09103643784,    -0.07278233266,      0.9712742631,                 0,       80.17957042,     0.01810858636
          0,           0,        1161,      -11.46925152,       -11.4562023,      -11.97407491,      -11.53225183,      -15.69764119,     0.01574748436,     0.01214675933,      0.9739214088,                 0,                 0,                 0,      0.0910363898,    -0.07278230651,      0.9712740036,                 0,       80.17952626,     0.01810858636
          0,           0,        1162,      -11.47146154,      -11.45914324,      -11.97682067,      -11.53498646,      -15.70083558,     0.01574748436,     0.01214676274,      0.9739211498,                 0,                 0,                 0,     0.09103634209,    -0.07278228055,       0.971273746,                 0,       80.17948243,     0.01810858636
          0,           0,        1163,      -11.47367182,      -11.46208318,      -11.97956559,      -11.53771992,      -15.70402901,     0.01574748436,     0.01214676613,      0.9739208928,                 0,                 0,                 0,     0.09103629472,    -0.07278225477,      0.9712734902,                 0,       80.17943892,     0.01810858636
          0,           0,        1164,      -11.47588251,      -11.46502232,      -11.98230957,      -11.54045299,      -15.70722146,     0.01574748436,     0.01214676949,      0.9739206375,                 0,                 0,                 0,     0.09103624768,    -0.07278222918,      0.9712732362,                 0,       80.17939573,     0.01810858636
          0,           0,        1165,      -11.47809349,      -11.46796061,      -11.98505272,      -11.54318527,      -15.71041292,     0.01574748436,     0.01214677282,      0.9739203841,                 0,                 0,                 0,     0.09103620097,    -0.07278220377,       0.971272984,                 0,       80.17935285,     0.01810858636
          0,           0,        1166,      -11.48030479,      -11.47089792,      -11.98779503,      -11.54591617,      -15.71360337,     0.01574748436,     0.01214677613,      0.9739201325,                 0,                 0,                 0,      0.0910361546,    -0.07278217854,      0.9712727336,                 0,       80.17931029,     0.01810858636
          0,           0,        1167,      -11.48251642,      -11.47383443,      -11.99053617,      -11.54864668,       -15.7167928,     0.01574748436,     0.01214677942,      0.9739198826,                 0,                 0,                 0,     0.09103610855,    -0.07278215349,       0.971272485,                 0,       80.17926804,     0.01810858636
          0,           0,        1168,      -11.48472839,      -11.47677004,      -11.99327657,      -11.55137652,      -15.71998119,     0.01574748436,     0.01214678268,      0.9739196346,                 0,                 0,                 0,     0.09103606282,    -0.07278212863,      0.9712722382,                 0,       80.17922609,     0.01810858636
          0,           0,        1169,      -11.48694067,      -11.47970487,       -11.9960156,      -11.55410532,      -15.72316853,     0.01574748436,     0.01214678591,      0.9739193883,                 0,                 0,                 0,     0.09103601742,    -0.07278210394,      0.9712719931,                 0,       80.17918445,     0.01810858636
          0,           0,        1170,      -11.48915331,      -11.48263876,      -11.99875448,      -11.55683339,       -15.7263548,     0.01574748436,     0.01214678913,      0.9739191437,                 0,                 0,                 0,     0.09103597234,    -0.07278207942,      0.9712717498,                 0,       80.17914312,     0.01810858636
          0,           0,        1171,      -11.49136625,      -11.48557178,      -12.00149226,      -11.55956049,      -15.72953999,     0.01574748436,     0.01214679231,      0.9739189009,                 0,                 0,                 0,     0.09103592758,    -0.07278205509,      0.9712715082,                 0,       80.17910208,     0.01810858636
          0,           0,        1172,      -11.49357951,      -11.48850401,      -12.00422902,      -11.56228701,      -15.73272408,     0.01574748436,     0.01214679548,      0.9739186599,                 0,                 0,                 0,     0.09103588313,    -0.07278203092,      0.9712712683,                 0,       80.17906135,     0.01810858636
          0,           0,        1173,      -11.49579313,      -11.49143537,      -12.00696496,      -11.56501307,      -15.73590706,     0.01574748436,     0.01214679862,      0.9739184205,                 0,                 0,                 0,     0.09103583899,    -0.07278200693,      0.9712710301,                 0,       80.17902091,     0.01810858636
          0,           0,        1174,      -11.49800707,       -11.4943658,      -12.00970013,      -11.56773775,      -15.73908893,     0.01574748436,     0.01214680174,      0.9739181828,                 0,                 0,                 0,     0.09103579517,    -0.07278198311,      0.9712707937,                 0,       80.17898077,     0.01810858636
          0,           0,        1175,      -11.50022127,      -11.49729543,      -12.01243432,      -11.57046186,      -15.74226965,     0.01574748436,     0.01214680483,      0.9739179469,                 0,                 0,                 0,     0.09103575166,    -0.07278195946,      0.9712705589,                 0,       80.17894092,     0.01810858636
          0,           0,        1176,      -11.50243587,      -11.50022421,      -12.01516769,      -11.57318554,      -15.74544924,     0.01574748436,      0.0121468079,      0.9739177126,                 0,                 0,                 0,     0.09103570845,    -0.07278193599,      0.9712703257,                 0,       80.17890136,     0.01810858636
          0,           0,        1177,      -11.50465075,      -11.50315214,      -12.01790028,      -11.57590782,      -15.74862766,     0.01574748436,     0.01214681095,        0.97391748,                 0,                 0,                 0,     0.09103566555,    -0.07278191267,      0.9712700943,                 0,       80.17886209,     0.01810858636
          0,           0,        1178,      -11.50686604,      -11.50607925,        -12.020632,      -11.57862989,      -15.75180491,     0.01574748436,     0.01214681398,       0.973917249,                 0,                 0,                 0,     0.09103562295,    -0.07278188953,      0.9712698644,                 0,        80.1788231,     0.01810858636
          0,           0,        1179,      -11.50908158,      -11.50900553,      -12.02336271,      -11.58135108,      -15.75498097,     0.01574748436,     0.01214681698,      0.9739170197,                 0,                 0,                 0,     0.09103558065,    -0.07278186655,      0.9712696362,                 0,        80.1787844,     0.01810858636
          0,           0,        1180,      -11.51129745,       -11.5119309,      -12.02609284,      -11.58407108,      -15.75815584,     0.01574748436,     0.01214681996,       0.973916792,                 0,                 0,                 0,     0.09103553865,    -0.07278184374,      0.9712694097,                 0,       80.17874599,     0.01810858636
          0,           0,        1181,      -11.51351366,      -11.51485547,      -12.02882191,      -11.58679046,      -15.76132951,     0.01574748436,     0.01214682292,      0.9739165659,                 0,                 0,                 0,     0.09103549694,    -0.07278182109,      0.9712691847,                 0,       80.17870785,     0.01810858636
          0,           0,        1182,      -11.51573016,      -11.51777914,      -12.03155021,      -11.58950898,      -15.76450197,     0.01574748436,     0.01214682585,      0.9739163415,                 0,                 0,                 0,     0.09103545553,     -0.0727817986,      0.9712689614,                 0,       80.17866999,     0.01810858636
          0,           0,        1183,      -11.51794703,      -11.52070194,      -12.03427758,      -11.59222678,       -15.7676732,     0.01574748436,     0.01214682877,      0.9739161186,                 0,                 0,                 0,     0.09103541442,    -0.07278177627,      0.9712687396,                 0,        80.1786324,     0.01810858636
          0,           0,        1184,      -11.52016423,       -11.5236241,      -12.03700384,      -11.59494421,       -15.7708432,     0.01574748436,     0.01214683166,      0.9739158973,                 0,                 0,                 0,     0.09103537359,    -0.07278175411,      0.9712685194,                 0,        80.1785951,     0.01810858636
          0,           0,        1185,      -11.52238167,      -11.52654523,      -12.03972973,      -11.59766042,      -15.77401196,     0.01574748436,     0.01214683453,      0.9739156776,                 0,                 0,                 0,     0.09103533305,     -0.0727817321,      0.9712683008,                 0,       80.17855806,     0.01810858636
          0,           0,        1186,      -11.52459952,      -11.52946567,        -12.042455,      -11.60037633,      -15.77717947,     0.01574748436,     0.01214683738,      0.9739154595,                 0,                 0,                 0,      0.0910352928,    -0.07278171025,      0.9712680837,                 0,       80.17852129,     0.01810858636
          0,           0,        1187,       -11.5268177,      -11.53238522,      -12.04517927,      -11.60309111,      -15.78034572,     0.01574748436,     0.01214684021,      0.9739152429,                 0,                 0,                 0,     0.09103525283,    -0.07278168855,      0.9712678682,                 0,       80.17848479,     0.01810858636
          0,           0,        1188,      -11.52903615,      -11.53530392,      -12.04790225,      -11.60580526,       -15.7835107,     0.01574748436,     0.01214684301,      0.9739150278,                 0,                 0,                 0,     0.09103521314,    -0.07278166701,      0.9712676542,                 0,       80.17844856,     0.01810858636
          0,           0,        1189,      -11.53125492,      -11.53822176,      -12.05062465,      -11.60851836,      -15.78667442,     0.01574748436,      0.0121468458,      0.9739148143,                 0,                 0,                 0,     0.09103517373,    -0.07278164563,      0.9712674418,                 0,       80.17841259,     0.01810858636
          0,           0,        1190,      -11.53347408,      -11.54113888,      -12.05334632,      -11.61123106,      -15.78983686,     0.01574748436,     0.01214684857,      0.9739146023,                 0,                 0,                 0,      0.0910351346,     -0.0727816244,      0.9712672308,                 0,       80.17837688,     0.01810858636
          0,           0,        1191,      -11.53569353,      -11.54405504,      -12.05606731,      -11.61394269,      -15.79299801,     0.01574748436,     0.01214685131,      0.9739143918,                 0,                 0,                 0,     0.09103509575,    -0.07278160332,      0.9712670214,                 0,       80.17834144,     0.01810858636
          0,           0,        1192,      -11.53791322,      -11.54697047,       -12.0587874,      -11.61665356,      -15.79615787,     0.01574748436,     0.01214685404,      0.9739141828,                 0,                 0,                 0,     0.09103505717,    -0.07278158239,      0.9712668134,                 0,       80.17830625,     0.01810858636
          0,           0,        1193,      -11.54013332,      -11.54988518,      -12.06150659,      -11.61936408,      -15.79931644,     0.01574748436,     0.01214685674,      0.9739139753,                 0,                 0,                 0,     0.09103501887,    -0.07278156161,      0.9712666069,                 0,       80.17827132,     0.01810858636
          0,           0,        1194,      -11.54235368,      -11.55279899,      -12.06422494,      -11.62207362,       -15.8024737,     0.01574748436,     0.01214685942,      0.9739137693,                 0,                 0,                 0,     0.09103498083,    -0.07278154098,      0.9712664019,                 0,       80.17823664,     0.01810858636
          0,           0,        1195,      -11.54457436,      -11.55571186,      -12.06694241,      -11.62478185,      -15.80562966,     0.01574748436,     0.01214686209,      0.9739135647,                 0,                 0,                 0,     0.09103494306,     -0.0727815205,      0.9712661984,                 0,       80.17820222,     0.01810858636
          0,           0,        1196,       -11.5467954,      -11.55862399,      -12.06965921,      -11.62748977,      -15.80878432,     0.01574748436,     0.01214686473,      0.9739133616,                 0,                 0,                 0,     0.09103490556,    -0.07278150016,      0.9712659963,                 0,       80.17816804,     0.01810858636
          0,           0,        1197,      -11.54901675,      -11.56153536,      -12.07237518,      -11.63019741,      -15.81193767,     0.01574748436,     0.01214686736,        0.97391316,                 0,                 0,                 0,     0.09103486832,    -0.07278147997,      0.9712657956,                 0,       80.17813412,     0.01810858636
          0,           0,        1198,      -11.55123834,      -11.56444582,      -12.07509037,      -11.63290315,      -15.81508971,     0.01574748436,     0.01214686996,      0.9739129598,                 0,                 0,                 0,     0.09103483135,    -0.07278145993,      0.9712655964,                 0,       80.17810044,     0.01810858636
          0,           0,        1199,      -11.55346033,      -11.56735549,      -12.07780465,      -11.63560906,      -15.81824043,     0.01574748436,     0.01214687255,       0.973912761,                 0,                 0,                 0,     0.09103479464,    -0.07278144002,      0.9712653986,                 0,       80.17806701,     0.01810858636
          0,           0,        1200,      -11.55568258,      -11.57026444,      -12.08051827,      -11.63831382,      -15.82138984,     0.01574748436,     0.01214687511,      0.9739125636,                 0,                 0,                 0,     0.09103475818,    -0.07278142027,      0.9712652022,                 0,       80.17803382,     0.01810858636
          0,           0,        1201,      -11.55790521,      -11.57317252,      -12.08323099,      -11.64101828,      -15.82453793,     0.01574748436,     0.01214687766,      0.9739123676,                 0,                 0,                 0,     0.09103472199,    -0.07278140065,      0.9712650072,                 0,       80.17800088,     0.01810858636
          0,           0,        1202,      -11.56012808,      -11.57607977,      -12.08594272,      -11.64372132,       -15.8276847,     0.01574748436,     0.01214688019,       0.973912173,                 0,                 0,                 0,     0.09103468605,    -0.07278138117,      0.9712648135,                 0,       80.17796817,     0.01810858636
          0,           0,        1203,      -11.56235133,      -11.57898625,      -12.08865412,      -11.64642434,      -15.83083015,     0.01574748436,      0.0121468827,      0.9739119798,                 0,                 0,                 0,     0.09103465036,    -0.07278136183,      0.9712646213,                 0,        80.1779357,     0.01810858636
          0,           0,        1204,      -11.56457485,      -11.58189196,      -12.09136437,      -11.64912614,      -15.83397429,     0.01574748436,     0.01214688519,       0.973911788,                 0,                 0,                 0,     0.09103461493,    -0.07278134263,      0.9712644304,                 0,       80.17790347,     0.01810858636
          0,           0,        1205,       -11.5667987,      -11.58479668,      -12.09407379,      -11.65182657,      -15.83711711,     0.01574748436,     0.01214688766,      0.9739115976,                 0,                 0,                 0,     0.09103457974,    -0.07278132357,      0.9712642409,                 0,       80.17787148,     0.01810858636
          0,           0,        1206,      -11.56902287,      -11.58770087,      -12.09678259,      -11.65452738,      -15.84025861,     0.01574748436,     0.01214689011,      0.9739114085,                 0,                 0,                 0,      0.0910345448,    -0.07278130465,      0.9712640528,                 0,       80.17783972,     0.01810858636
          0,           0,        1207,      -11.57124728,        -11.590604,      -12.09949064,      -11.65722629,       -15.8433988,     0.01574748436,     0.01214689255,      0.9739112207,                 0,                 0,                 0,     0.09103451011,    -0.07278128586,       0.971263866,                 0,       80.17780818,     0.01810858636
          0,           0,        1208,      -11.57347205,      -11.59350647,      -12.10219792,      -11.65992516,      -15.84653768,     0.01574748436,     0.01214689496,      0.9739110343,                 0,                 0,                 0,     0.09103447567,     -0.0727812672,      0.9712636805,                 0,       80.17777688,     0.01810858636
          0,           0,        1209,      -11.57569715,      -11.59640804,      -12.10490449,       -11.6626233,      -15.84967525,     0.01574748436,     0.01214689736,      0.9739108492,                 0,                 0,                 0,     0.09103444147,    -0.07278124868,      0.9712634963,                 0,       80.17774581,     0.01810858636
          0,           0,        1210,      -11.57792255,      -11.59930892,      -12.10760977,      -11.66532054,      -15.85281152,     0.01574748436,     0.01214689975,      0.9739106655,                 0,                 0,                 0,     0.09103440751,     -0.0727812303,      0.9712633134,                 0,       80.17771496,     0.01810858636
          0,           0,        1211,      -11.58014822,      -11.60220897,      -12.11031471,      -11.66801721,      -15.85594648,     0.01574748436,     0.01214690211,       0.973910483,                 0,                 0,                 0,     0.09103437379,    -0.07278121204,      0.9712631319,                 0,       80.17768434,     0.01810858636
          0,           0,        1212,       -11.5823742,      -11.60510825,      -12.11301866,      -11.67071264,      -15.85908014,     0.01574748436,     0.01214690446,      0.9739103019,                 0,                 0,                 0,     0.09103434031,    -0.07278119391,      0.9712629516,                 0,       80.17765394,     0.01810858636
          0,           0,        1213,      -11.58460049,      -11.60800664,      -12.11572182,      -11.67340746,      -15.86221251,     0.01574748436,     0.01214690678,       0.973910122,                 0,                 0,                 0,     0.09103430706,    -0.07278117592,      0.9712627726,                 0,       80.17762376,     0.01810858636
          0,           0,        1214,      -11.58682714,      -11.61090428,      -12.11842438,      -11.67610166,      -15.86534359,     0.01574748436,      0.0121469091,      0.9739099434,                 0,                 0,                 0,     0.09103427405,    -0.07278115805,      0.9712625949,                 0,       80.17759381,     0.01810858636
          0,           0,        1215,      -11.58905401,      -11.61380115,      -12.12112597,      -11.67879482,      -15.86847339,     0.01574748436,     0.01214691139,      0.9739097661,                 0,                 0,                 0,     0.09103424127,    -0.07278114031,      0.9712624185,                 0,       80.17756407,     0.01810858636
          0,           0,        1216,      -11.59128124,      -11.61669721,      -12.12382654,      -11.68148785,      -15.87160191,     0.01574748436,     0.01214691367,      0.9739095901,                 0,                 0,                 0,     0.09103420873,     -0.0727811227,      0.9712622433,                 0,       80.17753454,     0.01810858636
          0,           0,        1217,      -11.59350875,      -11.61959253,      -12.12652666,      -11.68417974,      -15.87472916,     0.01574748436,     0.01214691593,      0.9739094153,                 0,                 0,                 0,     0.09103417641,    -0.07278110521,      0.9712620694,                 0,       80.17750524,     0.01810858636
          0,           0,        1218,      -11.59573659,      -11.62248697,      -12.12922613,      -11.68687092,      -15.87785514,     0.01574748436,     0.01214691817,      0.9739092417,                 0,                 0,                 0,     0.09103414432,    -0.07278108785,      0.9712618967,                 0,       80.17747614,     0.01810858636
          0,           0,        1219,      -11.59796467,      -11.62538064,      -12.13192472,      -11.68956099,      -15.88097987,     0.01574748436,      0.0121469204,      0.9739090694,                 0,                 0,                 0,     0.09103411246,    -0.07278107062,      0.9712617253,                 0,       80.17744726,     0.01810858636
          0,           0,        1220,      -11.60019304,      -11.62827356,      -12.13462244,      -11.69225048,      -15.88410334,     0.01574748436,     0.01214692261,      0.9739088984,                 0,                 0,                 0,     0.09103408082,    -0.07278105351,       0.971261555,                 0,       80.17741859,     0.01810858636
          0,           0,        1221,      -11.60242179,      -11.63116565,       -12.1373193,      -11.69493972,      -15.88722557,     0.01574748436,      0.0121469248,      0.9739087285,                 0,                 0,                 0,     0.09103404941,    -0.07278103652,       0.971261386,                 0,       80.17739013,     0.01810858636
          0,           0,        1222,      -11.60465073,      -11.63405684,      -12.14001549,      -11.69762694,      -15.89034657,     0.01574748436,     0.01214692698,      0.9739085598,                 0,                 0,                 0,     0.09103401822,    -0.07278101965,      0.9712612182,                 0,       80.17736187,     0.01810858636
          0,           0,        1223,      -11.60688002,      -11.63694732,       -12.1427107,      -11.70031432,      -15.89346633,     0.01574748436,     0.01214692914,      0.9739083924,                 0,                 0,                 0,     0.09103398725,     -0.0727810029,      0.9712610516,                 0,       80.17733382,     0.01810858636
          0,           0,        1224,      -11.60910963,      -11.63983709,      -12.14540504,      -11.70300102,      -15.89658488,     0.01574748436,     0.01214693128,      0.9739082261,                 0,                 0,                 0,      0.0910339565,    -0.07278098627,      0.9712608861,                 0,       80.17730597,     0.01810858636
          0,           0,        1225,      -11.61133956,      -11.64272598,       -12.1480988,      -11.70568667,      -15.89970223,     0.01574748436,     0.01214693341,      0.9739080611,                 0,                 0,                 0,     0.09103392596,    -0.07278096977,      0.9712607219,                 0,       80.17727833,     0.01810858636
          0,           0,        1226,      -11.61356979,      -11.64561402,      -12.15079201,      -11.70837153,      -15.90281837,     0.01574748436,     0.01214693553,      0.9739078972,                 0,                 0,                 0,     0.09103389564,    -0.07278095338,      0.9712605588,                 0,       80.17725089,     0.01810858636
          0,           0,        1227,      -11.61580025,      -11.64850144,      -12.15348437,      -11.71105565,      -15.90593331,     0.01574748436,     0.01214693762,      0.9739077345,                 0,                 0,                 0,     0.09103386554,    -0.07278093711,      0.9712603969,                 0,       80.17722365,     0.01810858636
          0,           0,        1228,      -11.61803099,      -11.65138796,      -12.15617563,      -11.71373911,      -15.90904708,     0.01574748436,     0.01214693971,      0.9739075729,                 0,                 0,                 0,     0.09103383565,    -0.07278092095,      0.9712602361,                 0,       80.17719661,     0.01810858636
          0,           0,        1229,      -11.62026209,      -11.65427371,      -12.15886632,      -11.71642194,      -15.91215968,     0.01574748436,     0.01214694177,      0.9739074125,                 0,                 0,                 0,     0.09103380597,    -0.07278090491,      0.9712600765,                 0,       80.17716976,     0.01810858636
          0,           0,        1230,      -11.62249342,      -11.65715876,      -12.16155582,      -11.71910376,      -15.91527112,     0.01574748436,     0.01214694382,      0.9739072532,                 0,                 0,                 0,      0.0910337765,    -0.07278088899,       0.971259918,                 0,       80.17714311,     0.01810858636
          0,           0,        1231,      -11.62472497,      -11.66004282,      -12.16424503,      -11.72178386,       -15.9183814,     0.01574748436,     0.01214694586,      0.9739070951,                 0,                 0,                 0,     0.09103374723,    -0.07278087318,      0.9712597606,                 0,       80.17711665,     0.01810858636
          0,           0,        1232,      -11.62695693,      -11.66292621,      -12.16693335,      -11.72446456,      -15.92149055,     0.01574748436,     0.01214694788,      0.9739069381,                 0,                 0,                 0,     0.09103371818,    -0.07278085748,      0.9712596044,                 0,       80.17709039,     0.01810858636
          0,           0,        1233,      -11.62918917,      -11.66580878,      -12.16962054,      -11.72714433,      -15.92459856,     0.01574748436,     0.01214694989,      0.9739067822,                 0,                 0,                 0,     0.09103368933,     -0.0727808419,      0.9712594493,                 0,       80.17706432,     0.01810858636
          0,           0,        1234,      -11.63142153,      -11.66869048,      -12.17230704,      -11.72982249,      -15.92770546,     0.01574748436,     0.01214695188,      0.9739066274,                 0,                 0,                 0,     0.09103366068,    -0.07278082642,      0.9712592953,                 0,       80.17703843,     0.01810858636
          0,           0,        1235,      -11.63365438,      -11.67157152,      -12.17499297,      -11.73250054,      -15.93081125,     0.01574748436,     0.01214695385,      0.9739064737,                 0,                 0,                 0,     0.09103363224,    -0.07278081106,      0.9712591424,                 0,       80.17701274,     0.01810858636
          0,           0,        1236,      -11.63588735,      -11.67445172,      -12.17767817,      -11.73517736,      -15.93391595,     0.01574748436,     0.01214695581,      0.9739063212,                 0,                 0,                 0,     0.09103360399,    -0.07278079581,      0.9712589905,                 0,       80.17698723,     0.01810858636
          0,           0,        1237,      -11.63812073,      -11.67733095,      -12.18036226,      -11.73785335,      -15.93701956,     0.01574748436,     0.01214695776,      0.9739061697,                 0,                 0,                 0,     0.09103357595,    -0.07278078067,      0.9712588398,                 0,       80.17696191,     0.01810858636
          0,           0,        1238,      -11.64035428,      -11.68020958,      -12.18304564,      -11.74052867,       -15.9401221,     0.01574748436,     0.01214695969,      0.9739060193,                 0,                 0,                 0,     0.09103354811,    -0.07278076563,      0.9712586901,                 0,       80.17693677,     0.01810858636
          0,           0,        1239,      -11.64258823,      -11.68308744,      -12.18572855,      -11.74320393,      -15.94322358,     0.01574748436,     0.01214696161,      0.9739058699,                 0,                 0,                 0,     0.09103352046,    -0.07278075071,      0.9712585415,                 0,       80.17691182,     0.01810858636
          0,           0,        1240,      -11.64482238,      -11.68596442,      -12.18840997,      -11.74587772,      -15.94632401,     0.01574748436,     0.01214696352,      0.9739057217,                 0,                 0,                 0,       0.091033493,    -0.07278073589,       0.971258394,                 0,       80.17688704,     0.01810858636
          0,           0,        1241,       -11.6470568,      -11.68884058,      -12.19109092,      -11.74855048,       -15.9494234,     0.01574748436,      0.0121469654,      0.9739055745,                 0,                 0,                 0,     0.09103346574,    -0.07278072117,      0.9712582475,                 0,       80.17686245,     0.01810858636
          0,           0,        1242,      -11.64929152,      -11.69171594,      -12.19377118,      -11.75122279,      -15.95252176,     0.01574748436,     0.01214696728,      0.9739054283,                 0,                 0,                 0,     0.09103343868,    -0.07278070657,      0.9712581021,                 0,       80.17683804,     0.01810858636
          0,           0,        1243,      -11.65152638,      -11.69459044,      -12.19645022,       -11.7538935,      -15.95561909,     0.01574748436,     0.01214696914,      0.9739052832,                 0,                 0,                 0,      0.0910334118,    -0.07278069206,      0.9712579577,                 0,        80.1768138,     0.01810858636
          0,           0,        1244,      -11.65376161,      -11.69746421,      -12.19912871,      -11.75656426,      -15.95871542,     0.01574748436,     0.01214697099,      0.9739051391,                 0,                 0,                 0,     0.09103338512,    -0.07278067767,      0.9712578143,                 0,       80.17678974,     0.01810858636
          0,           0,        1245,      -11.65599703,      -11.70033707,      -12.20180637,      -11.75923372,      -15.96181076,     0.01574748436,     0.01214697282,      0.9739049961,                 0,                 0,                 0,     0.09103335862,    -0.07278066337,      0.9712576719,                 0,       80.17676586,     0.01810858636
          0,           0,        1246,      -11.65823276,      -11.70320904,      -12.20448301,      -11.76190208,       -15.9649051,     0.01574748436,     0.01214697465,       0.973904854,                 0,                 0,                 0,     0.09103333231,    -0.07278064918,      0.9712575306,                 0,       80.17674215,     0.01810858636
          0,           0,        1247,      -11.66046871,       -11.7060804,      -12.20715869,      -11.76456989,      -15.96799845,     0.01574748436,     0.01214697645,       0.973904713,                 0,                 0,                 0,     0.09103330619,    -0.07278063509,      0.9712573903,                 0,       80.17671861,     0.01810858636
          0,           0,        1248,      -11.66270487,      -11.70895063,      -12.20983385,      -11.76723621,      -15.97109082,     0.01574748436,     0.01214697825,       0.973904573,                 0,                 0,                 0,     0.09103328025,     -0.0727806211,       0.971257251,                 0,       80.17669524,     0.01810858636
          0,           0,        1249,      -11.66494132,      -11.71182008,      -12.21250731,      -11.76990175,       -15.9741822,     0.01574748436,     0.01214698003,      0.9739044339,                 0,                 0,                 0,     0.09103325449,    -0.07278060721,      0.9712571126,                 0,       80.17667204,     0.01810858636
          0,           0,        1250,      -11.66717793,      -11.71468856,      -12.21518047,      -11.77256588,      -15.97727258,     0.01574748436,     0.01214698179,      0.9739042959,                 0,                 0,                 0,     0.09103322892,    -0.07278059341,      0.9712569753,                 0,       80.17664902,     0.01810858636
          0,           0,        1251,      -11.66941476,      -11.71755639,      -12.21785183,      -11.77522947,      -15.98036195,     0.01574748436,     0.01214698355,      0.9739041589,                 0,                 0,                 0,     0.09103320352,    -0.07278057972,      0.9712568389,                 0,       80.17662616,     0.01810858636
          0,           0,        1252,      -11.67165176,      -11.72042307,      -12.22052249,      -11.77789111,      -15.98345026,     0.01574748436,     0.01214698529,      0.9739040228,                 0,                 0,                 0,     0.09103317831,    -0.07278056613,      0.9712567035,                 0,       80.17660346,     0.01810858636
          0,           0,        1253,      -11.67388881,      -11.72328865,      -12.22319202,      -11.78055058,      -15.98653746,     0.01574748436,     0.01214698702,      0.9739038877,                 0,                 0,                 0,     0.09103315327,    -0.07278055263,       0.971256569,                 0,       80.17658093,     0.01810858636
          0,           0,        1254,      -11.67612597,      -11.72615304,      -12.22585926,       -11.7832081,       -15.9896235,     0.01574748436,     0.01214698873,      0.9739037535,                 0,                 0,                 0,      0.0910331284,    -0.07278053923,      0.9712564355,                 0,       80.17655856,     0.01810858636
          0,           0,        1255,      -11.67836302,       -11.7290161,       -12.2285252,      -11.78586231,      -15.99270859,     0.01574748436,     0.01214699044,      0.9739036203,                 0,                 0,                 0,     0.09103310371,    -0.07278052592,       0.971256303,                 0,       80.17653636,     0.01810858636
          0,           0,        1256,      -11.68060042,      -11.73187847,      -12.23118983,      -11.78851787,      -15.99579424,     0.01574748436,     0.01214699213,      0.9739034881,                 0,                 0,                 0,     0.09103307921,    -0.07278051272,      0.9712561714,                 0,       80.17651432,     0.01810858636
          0,           0,        1257,      -11.68283959,      -11.73474266,      -12.23385985,      -11.79119212,      -15.99888154,     0.01574748436,     0.01214699381,      0.9739033569,                 0,                 0,                 0,     0.09103305488,    -0.07278049961,      0.9712560409,                 0,       80.17649243,     0.01810858636
          0,           0,        1258,      -11.68508133,      -11.73760931,      -12.23653954,      -11.79388523,      -16.00196931,     0.01574748436,     0.01214699547,      0.9739032266,                 0,                 0,                 0,     0.09103303073,    -0.07278048659,      0.9712559112,                 0,        80.1764707,     0.01810858636
          0,           0,        1259,      -11.68732346,      -11.74047528,      -12.23922092,      -11.79657021,      -16.00505704,     0.01574748436,     0.01214699713,      0.9739030973,                 0,                 0,                 0,     0.09103300676,    -0.07278047367,      0.9712557825,                 0,       80.17644914,     0.01810858636
          0,           0,        1260,      -11.68956529,      -11.74334022,      -12.24189956,      -11.79924312,      -16.00814373,     0.01574748436,     0.01214699877,      0.9739029689,                 0,                 0,                 0,     0.09103298295,    -0.07278046085,      0.9712556548,                 0,       80.17642773,     0.01810858636
          0,           0,        1261,      -11.69180706,       -11.7462044,      -12.24457626,      -11.80191105,      -16.01122851,     0.01574748436,      0.0121470004,      0.9739028414,                 0,                 0,                 0,     0.09103295931,    -0.07278044811,      0.9712555279,                 0,       80.17640648,     0.01810858636
          0,           0,        1262,      -11.69404898,      -11.74906775,      -12.24725191,       -11.8045741,      -16.01431124,     0.01574748436,     0.01214700201,      0.9739027148,                 0,                 0,                 0,     0.09103293584,    -0.07278043547,      0.9712554019,                 0,       80.17638539,     0.01810858636
          0,           0,        1263,      -11.69629118,      -11.75193021,      -12.24992639,        -11.807236,      -16.01739223,     0.01574748436,     0.01214700362,      0.9739025891,                 0,                 0,                 0,     0.09103291253,    -0.07278042291,      0.9712552768,                 0,       80.17636445,     0.01810858636
          0,           0,        1264,      -11.69853358,      -11.75479181,      -12.25259771,      -11.80989472,      -16.02047198,     0.01574748436,     0.01214700521,      0.9739024643,                 0,                 0,                 0,     0.09103288939,    -0.07278041045,      0.9712551527,                 0,       80.17634367,     0.01810858636
          0,           0,        1265,      -11.70077633,       -11.7576528,      -12.25526557,      -11.81255354,       -16.0235509,     0.01574748436,     0.01214700679,      0.9739023404,                 0,                 0,                 0,     0.09103286641,    -0.07278039808,      0.9712550294,                 0,       80.17632304,     0.01810858636
          0,           0,        1266,      -11.70301923,      -11.76051258,       -12.2579304,      -11.81520929,      -16.02662914,     0.01574748436,     0.01214700836,      0.9739022174,                 0,                 0,                 0,      0.0910328436,     -0.0727803858,       0.971254907,                 0,       80.17630255,     0.01810858636
          0,           0,        1267,      -11.70526241,      -11.76337146,      -12.26059264,      -11.81786436,      -16.02970684,     0.01574748436,     0.01214700992,      0.9739020953,                 0,                 0,                 0,     0.09103282094,     -0.0727803736,      0.9712547854,                 0,       80.17628222,     0.01810858636
          0,           0,        1268,      -11.70750589,      -11.76622926,      -12.26325272,      -11.82051779,      -16.03278409,     0.01574748436,     0.01214701146,       0.973901974,                 0,                 0,                 0,     0.09103279845,    -0.07278036149,      0.9712546648,                 0,       80.17626204,     0.01810858636
          0,           0,        1269,       -11.7097497,      -11.76908634,      -12.26591113,       -11.8231718,      -16.03586091,     0.01574748436,       0.012147013,      0.9739018536,                 0,                 0,                 0,     0.09103277611,    -0.07278034947,       0.971254545,                 0,         80.176242,     0.01810858636
          0,           0,        1270,      -11.71199387,      -11.77194255,      -12.26856932,      -11.82582597,      -16.03893737,     0.01574748436,     0.01214701452,      0.9739017341,                 0,                 0,                 0,     0.09103275393,    -0.07278033753,       0.971254426,                 0,       80.17622211,     0.01810858636
          0,           0,        1271,      -11.71423821,      -11.77479782,      -12.27122704,      -11.82847734,      -16.04201359,     0.01574748436,     0.01214701603,      0.9739016154,                 0,                 0,                 0,     0.09103273191,    -0.07278032568,      0.9712543079,                 0,       80.17620237,     0.01810858636
          0,           0,        1272,      -11.71648291,      -11.77765234,      -12.27388388,      -11.83112857,      -16.04508968,     0.01574748436,     0.01214701753,      0.9739014975,                 0,                 0,                 0,     0.09103271005,    -0.07278031392,      0.9712541906,                 0,       80.17618277,     0.01810858636
          0,           0,        1273,      -11.71872788,      -11.78050614,       -12.2765404,      -11.83377934,      -16.04816575,     0.01574748436,     0.01214701902,      0.9739013805,                 0,                 0,                 0,     0.09103268833,    -0.07278030224,      0.9712540742,                 0,       80.17616331,     0.01810858636
          0,           0,        1274,      -11.72097304,      -11.78335898,      -12.27919499,      -11.83642815,       -16.0512419,     0.01574748436,      0.0121470205,      0.9739012644,                 0,                 0,                 0,     0.09103266678,    -0.07278029064,      0.9712539586,                 0,       80.17614399,     0.01810858636
          0,           0,        1275,      -11.72321845,      -11.78621123,      -12.28184986,      -11.83907602,      -16.05431817,     0.01574748436,     0.01214702196,       0.973901149,                 0,                 0,                 0,     0.09103264537,    -0.07278027913,      0.9712538438,                 0,       80.17612482,     0.01810858636
          0,           0,        1276,      -11.72546407,      -11.78906234,      -12.28450375,      -11.84172342,      -16.05739457,     0.01574748436,     0.01214702342,      0.9739010345,                 0,                 0,                 0,     0.09103262412,     -0.0727802677,      0.9712537299,                 0,       80.17610578,     0.01810858636
          0,           0,        1277,      -11.72771006,      -11.79191292,      -12.28715583,      -11.84436993,      -16.06047106,     0.01574748436,     0.01214702486,      0.9739009208,                 0,                 0,                 0,     0.09103260301,    -0.07278025635,      0.9712536168,                 0,       80.17608688,     0.01810858636
          0,           0,        1278,      -11.72995612,      -11.79476233,       -12.2898076,      -11.84701473,      -16.06354753,     0.01574748436,      0.0121470263,      0.9739008079,                 0,                 0,                 0,     0.09103258206,    -0.07278024508,      0.9712535044,                 0,       80.17606812,     0.01810858636
          0,           0,        1279,      -11.73220254,      -11.79761114,      -12.29245828,      -11.84965969,      -16.06662383,     0.01574748436,     0.01214702772,      0.9739006959,                 0,                 0,                 0,     0.09103256125,    -0.07278023389,      0.9712533929,                 0,       80.17604949,     0.01810858636
          0,           0,        1280,      -11.73444912,      -11.80045905,      -12.29510767,      -11.85230421,      -16.06969983,     0.01574748436,     0.01214702914,      0.9739005846,                 0,                 0,                 0,     0.09103254059,    -0.07278022279,      0.9712532822,                 0,         80.176031,     0.01810858636
          0,           0,        1281,      -11.73669596,      -11.80330609,      -12.29775656,      -11.85494652,      -16.07277537,     0.01574748436,     0.01214703054,      0.9739004741,                 0,                 0,                 0,     0.09103252008,    -0.07278021176,      0.9712531722,                 0,       80.17601264,     0.01810858636
          0,           0,        1282,      -11.73894292,      -11.80615225,      -12.30040481,      -11.85758887,      -16.07585032,     0.01574748436,     0.01214703193,      0.9739003644,                 0,                 0,                 0,     0.09103249971,    -0.07278020081,      0.9712530631,                 0,       80.17599442,     0.01810858636
          0,           0,        1283,      -11.74119019,      -11.80899743,       -12.3030526,      -11.86022923,      -16.07892457,     0.01574748436,     0.01214703331,      0.9739002555,                 0,                 0,                 0,     0.09103247948,    -0.07278018994,      0.9712529547,                 0,       80.17597633,     0.01810858636
          0,           0,        1284,      -11.74343756,      -11.81184182,      -12.30569854,      -11.86287036,      -16.08199805,     0.01574748436,     0.01214703469,      0.9739001474,                 0,                 0,                 0,      0.0910324594,    -0.07278017915,      0.9712528471,                 0,       80.17595837,     0.01810858636
          0,           0,        1285,      -11.74568529,      -11.81468542,      -12.30834479,      -11.86550991,      -16.08507071,     0.01574748436,     0.01214703605,        0.97390004,                 0,                 0,                 0,     0.09103243946,    -0.07278016844,      0.9712527403,                 0,       80.17594054,     0.01810858636
          0,           0,        1286,      -11.74793307,       -11.8175281,       -12.3109901,      -11.86814766,      -16.08814254,     0.01574748436,      0.0121470374,      0.9738999334,                 0,                 0,                 0,     0.09103241967,     -0.0727801578,      0.9712526342,                 0,       80.17592284,     0.01810858636
          0,           0,        1287,      -11.75018113,      -11.82036965,      -12.31363357,       -11.8707853,      -16.09121355,     0.01574748436,     0.01214703874,      0.9738998276,                 0,                 0,                 0,     0.09103240001,    -0.07278014724,      0.9712525289,                 0,       80.17590527,     0.01810858636
          0,           0,        1288,       -11.7524293,      -11.82321062,      -12.31627643,      -11.87342206,      -16.09428378,     0.01574748436,     0.01214704008,      0.9738997225,                 0,                 0,                 0,     0.09103238049,    -0.07278013675,      0.9712524243,                 0,       80.17588782,     0.01810858636
          0,           0,        1289,      -11.75467766,      -11.82605042,      -12.31891839,      -11.87605751,      -16.09735328,     0.01574748436,      0.0121470414,      0.9738996182,                 0,                 0,                 0,     0.09103236111,    -0.07278012634,      0.9712523205,                 0,       80.17587051,     0.01810858636
          0,           0,        1290,      -11.75692632,      -11.82888962,      -12.32156026,      -11.87869248,      -16.10042208,     0.01574748436,     0.01214704271,      0.9738995146,                 0,                 0,                 0,     0.09103234187,    -0.07278011601,      0.9712522174,                 0,       80.17585331,     0.01810858636
          0,           0,        1291,      -11.75917516,      -11.83172793,      -12.32419986,      -11.88132715,      -16.10349023,     0.01574748436,     0.01214704401,      0.9738994117,                 0,                 0,                 0,     0.09103232276,    -0.07278010575,      0.9712521151,                 0,       80.17583625,     0.01810858636
          0,           0,        1292,      -11.76142406,      -11.83456492,      -12.32683969,      -11.88396008,       -16.1065578,     0.01574748436,     0.01214704531,      0.9738993096,                 0,                 0,                 0,     0.09103230379,    -0.07278009556,      0.9712520135,                 0,        80.1758193,     0.01810858636
          0,           0,        1293,      -11.76367321,      -11.83740122,      -12.32947823,      -11.88659211,      -16.10962482,     0.01574748436,     0.01214704659,      0.9738992082,                 0,                 0,                 0,     0.09103228495,    -0.07278008544,      0.9712519126,                 0,       80.17580248,     0.01810858636
          0,           0,        1294,      -11.76592256,      -11.84023675,      -12.33211501,      -11.88922373,      -16.11269134,     0.01574748436,     0.01214704787,      0.9738991076,                 0,                 0,                 0,     0.09103226624,     -0.0727800754,      0.9712518124,                 0,       80.17578578,     0.01810858636
          0,           0,        1295,      -11.76817204,      -11.84307118,      -12.33475155,      -11.89185398,      -16.11575739,     0.01574748436,     0.01214704913,      0.9738990077,                 0,                 0,                 0,     0.09103224767,    -0.07278006543,       0.971251713,                 0,       80.17576921,     0.01810858636
          0,           0,        1296,      -11.77042176,      -11.84590482,       -12.3373875,      -11.89448413,      -16.11882301,     0.01574748436,     0.01214705039,      0.9738989084,                 0,                 0,                 0,     0.09103222923,    -0.07278005553,      0.9712516143,                 0,       80.17575275,     0.01810858636
          0,           0,        1297,      -11.77267161,      -11.84873761,      -12.34002204,      -11.89711308,      -16.12188822,     0.01574748436,     0.01214705163,      0.9738988099,                 0,                 0,                 0,     0.09103221092,    -0.07278004571,      0.9712515162,                 0,       80.17573641,     0.01810858636
          0,           0,        1298,      -11.77492172,      -11.85156944,      -12.34265582,      -11.89974191,      -16.12495306,     0.01574748436,     0.01214705287,      0.9738987121,                 0,                 0,                 0,     0.09103219274,    -0.07278003595,      0.9712514189,                 0,       80.17572019,     0.01810858636
          0,           0,        1299,      -11.77717197,      -11.85440034,      -12.34528938,      -11.90236863,      -16.12801754,     0.01574748436,      0.0121470541,       0.973898615,                 0,                 0,                 0,     0.09103217469,    -0.07278002626,      0.9712513223,                 0,       80.17570409,     0.01810858636
          0,           0,        1300,       -11.7794224,      -11.85723031,      -12.34792138,      -11.90499485,      -16.13108168,     0.01574748436,     0.01214705532,      0.9738985186,                 0,                 0,                 0,     0.09103215676,    -0.07278001664,      0.9712512263,                 0,       80.17568811,     0.01810858636
          0,           0,        1301,      -11.78167299,      -11.86005937,      -12.35055267,      -11.90762033,      -16.13414551,     0.01574748436,     0.01214705653,      0.9738984229,                 0,                 0,                 0,     0.09103213897,    -0.07278000709,      0.9712511311,                 0,       80.17567224,     0.01810858636
          0,           0,        1302,      -11.78392382,      -11.86288764,      -12.35318305,       -11.9102461,      -16.13720904,     0.01574748436,     0.01214705773,      0.9738983278,                 0,                 0,                 0,     0.09103212129,    -0.07277999761,      0.9712510365,                 0,       80.17565648,     0.01810858636
          0,           0,        1303,       -11.7861748,      -11.86571516,       -12.3558119,      -11.91286988,      -16.14027229,     0.01574748436,     0.01214705892,      0.9738982334,                 0,                 0,                 0,     0.09103210375,     -0.0727799882,      0.9712509426,                 0,       80.17564084,     0.01810858636
          0,           0,        1304,      -11.78842598,      -11.86854147,      -12.35844014,      -11.91549309,      -16.14333529,     0.01574748436,     0.01214706011,      0.9738981398,                 0,                 0,                 0,     0.09103208633,    -0.07277997886,      0.9712508494,                 0,       80.17562532,     0.01810858636
          0,           0,        1305,      -11.79067728,      -11.87136698,      -12.36106808,      -11.91811529,      -16.14639805,     0.01574748436,     0.01214706128,      0.9738980467,                 0,                 0,                 0,     0.09103206903,    -0.07277996958,      0.9712507568,                 0,        80.1756099,     0.01810858636
          0,           0,        1306,      -11.79292879,      -11.87419171,      -12.36369503,      -11.92073671,       -16.1494606,     0.01574748436,     0.01214706245,      0.9738979544,                 0,                 0,                 0,     0.09103205185,    -0.07277996037,      0.9712506649,                 0,        80.1755946,     0.01810858636
          0,           0,        1307,      -11.79518058,      -11.87701529,      -12.36632028,      -11.92335735,      -16.15252295,     0.01574748436,     0.01214706361,      0.9738978627,                 0,                 0,                 0,      0.0910320348,    -0.07277995122,      0.9712505736,                 0,       80.17557941,     0.01810858636
          0,           0,        1308,      -11.79743253,       -11.8798384,      -12.36894594,      -11.92597805,      -16.15558511,     0.01574748436,     0.01214706476,      0.9738977716,                 0,                 0,                 0,     0.09103201786,    -0.07277994214,       0.971250483,                 0,       80.17556433,     0.01810858636
          0,           0,        1309,      -11.79968457,      -11.88266017,      -12.37156902,      -11.92859669,       -16.1586471,     0.01574748436,      0.0121470659,      0.9738976813,                 0,                 0,                 0,     0.09103200105,    -0.07277993313,      0.9712503931,                 0,       80.17554935,     0.01810858636
          0,           0,        1310,      -11.80193689,      -11.88548098,      -12.37419257,      -11.93121459,      -16.16170894,     0.01574748436,     0.01214706703,      0.9738975915,                 0,                 0,                 0,     0.09103198435,    -0.07277992418,      0.9712503038,                 0,       80.17553449,     0.01810858636
          0,           0,        1311,      -11.80418929,      -11.88830114,      -12.37681527,      -11.93383222,      -16.16477064,     0.01574748436,     0.01214706815,      0.9738975024,                 0,                 0,                 0,     0.09103196777,    -0.07277991529,      0.9712502151,                 0,       80.17551973,     0.01810858636
          0,           0,        1312,      -11.80644205,      -11.89112041,      -12.37943638,      -11.93644903,      -16.16783223,     0.01574748436,     0.01214706927,      0.9738974139,                 0,                 0,                 0,     0.09103195132,    -0.07277990647,      0.9712501271,                 0,       80.17550508,     0.01810858636
          0,           0,        1313,      -11.80869494,      -11.89393861,      -12.38205703,      -11.93906486,       -16.1708937,     0.01574748436,     0.01214707038,      0.9738973261,                 0,                 0,                 0,     0.09103193497,    -0.07277989771,      0.9712500397,                 0,       80.17549054,     0.01810858636
          0,           0,        1314,      -11.81094797,      -11.89675601,       -12.3846765,      -11.94167969,      -16.17395507,     0.01574748436,     0.01214707148,      0.9738972389,                 0,                 0,                 0,     0.09103191874,    -0.07277988901,      0.9712499529,                 0,        80.1754761,     0.01810858636
          0,           0,        1315,       -11.8132013,       -11.8995725,      -12.38729504,      -11.94429486,      -16.17701636,     0.01574748436,     0.01214707257,      0.9738971523,                 0,                 0,                 0,     0.09103190263,    -0.07277988038,      0.9712498668,                 0,       80.17546177,     0.01810858636
          0,           0,        1316,      -11.81545478,       -11.9023881,      -12.38991304,      -11.94690809,      -16.18007757,     0.01574748436,     0.01214707365,      0.9738970664,                 0,                 0,                 0,     0.09103188663,    -0.07277987181,      0.9712497812,                 0,       80.17544754,     0.01810858636
          0,           0,        1317,      -11.81770836,      -11.90520278,      -12.39252984,       -11.9495205,      -16.18313874,     0.01574748436,     0.01214707473,       0.973896981,                 0,                 0,                 0,     0.09103187075,     -0.0727798633,      0.9712496963,                 0,       80.17543341,     0.01810858636
          0,           0,        1318,      -11.81996227,       -11.9080167,      -12.39514615,      -11.95213281,      -16.18619985,     0.01574748436,      0.0121470758,      0.9738968963,                 0,                 0,                 0,     0.09103185498,    -0.07277985485,       0.971249612,                 0,       80.17541939,     0.01810858636
          0,           0,        1319,      -11.82221638,      -11.91082963,      -12.39776063,      -11.95474429,      -16.18926092,     0.01574748436,     0.01214707686,      0.9738968121,                 0,                 0,                 0,     0.09103183931,    -0.07277984646,      0.9712495282,                 0,       80.17540547,     0.01810858636
          0,           0,        1320,      -11.82447061,      -11.91364144,      -12.40037534,      -11.95735409,      -16.19232196,     0.01574748436,     0.01214707791,      0.9738967286,                 0,                 0,                 0,     0.09103182376,    -0.07277983813,      0.9712494451,                 0,       80.17539165,     0.01810858636
          0,           0,        1321,      -11.82672504,      -11.91645267,      -12.40298909,      -11.95996342,      -16.19538298,     0.01574748436,     0.01214707895,      0.9738966457,                 0,                 0,                 0,     0.09103180832,    -0.07277982986,      0.9712493626,                 0,       80.17537792,     0.01810858636
          0,           0,        1322,      -11.82897972,      -11.91926258,      -12.40560115,      -11.96257187,        -16.198444,     0.01574748436,     0.01214707999,      0.9738965633,                 0,                 0,                 0,     0.09103179299,    -0.07277982165,      0.9712492806,                 0,        80.1753643,     0.01810858636
          0,           0,        1323,      -11.83123466,      -11.92207204,      -12.40821287,      -11.96518029,      -16.20150502,     0.01574748436,     0.01214708102,      0.9738964816,                 0,                 0,                 0,     0.09103177777,     -0.0727798135,      0.9712491993,                 0,       80.17535078,     0.01810858636
          0,           0,        1324,      -11.83348965,      -11.92488036,      -12.41082358,       -11.9677873,      -16.20456606,     0.01574748436,     0.01214708204,      0.9738964004,                 0,                 0,                 0,     0.09103176266,    -0.07277980541,      0.9712491185,                 0,       80.17533735,     0.01810858636
          0,           0,        1325,      -11.83574491,      -11.92768793,      -12.41343338,      -11.97039332,      -16.20762712,     0.01574748436,     0.01214708305,      0.9738963198,                 0,                 0,                 0,     0.09103174765,    -0.07277979737,      0.9712490383,                 0,       80.17532402,     0.01810858636
          0,           0,        1326,      -11.83800041,      -11.93049432,      -12.41604285,      -11.97299787,      -16.21068821,     0.01574748436,     0.01214708406,      0.9738962398,                 0,                 0,                 0,     0.09103173275,     -0.0727797894,      0.9712489587,                 0,       80.17531079,     0.01810858636
          0,           0,        1327,      -11.84025617,      -11.93330019,      -12.41865053,      -11.97560412,      -16.21374935,     0.01574748436,     0.01214708506,      0.9738961603,                 0,                 0,                 0,     0.09103171795,    -0.07277978148,      0.9712488796,                 0,       80.17529765,     0.01810858636
          0,           0,        1328,      -11.84251203,      -11.93610488,      -12.42125752,      -11.97820787,      -16.21681053,     0.01574748436,     0.01214708605,      0.9738960815,                 0,                 0,                 0,     0.09103170326,    -0.07277977362,      0.9712488011,                 0,       80.17528461,     0.01810858636
          0,           0,        1329,      -11.84476818,      -11.93890865,      -12.42386436,      -11.98081049,      -16.21987178,     0.01574748436,     0.01214708704,      0.9738960031,                 0,                 0,                 0,     0.09103168867,    -0.07277976581,      0.9712487232,                 0,       80.17527166,     0.01810858636
          0,           0,        1330,      -11.84702441,      -11.94171155,      -12.42646947,      -11.98341272,       -16.2229331,     0.01574748436,     0.01214708802,      0.9738959254,                 0,                 0,                 0,     0.09103167419,    -0.07277975806,      0.9712486458,                 0,       80.17525881,     0.01810858636
          0,           0,        1331,      -11.84928094,      -11.94451355,      -12.42907418,      -11.98601447,       -16.2259945,     0.01574748436,     0.01214708899,      0.9738958482,                 0,                 0,                 0,     0.09103165981,    -0.07277975036,       0.971248569,                 0,       80.17524605,     0.01810858636
          0,           0,        1332,      -11.85153772,      -11.94731486,      -12.43167761,      -11.98861496,      -16.22905599,     0.01574748436,     0.01214708995,      0.9738957715,                 0,                 0,                 0,     0.09103164553,    -0.07277974272,      0.9712484928,                 0,       80.17523338,     0.01810858636
          0,           0,        1333,      -11.85379461,      -11.95011492,      -12.43428006,      -11.99121501,      -16.23211757,     0.01574748436,     0.01214709091,      0.9738956954,                 0,                 0,                 0,     0.09103163135,    -0.07277973514,       0.971248417,                 0,        80.1752208,     0.01810858636
          0,           0,        1334,      -11.85605185,      -11.95291444,      -12.43688248,      -11.99381517,      -16.23517927,     0.01574748436,     0.01214709185,      0.9738956199,                 0,                 0,                 0,     0.09103161727,    -0.07277972761,      0.9712483418,                 0,       80.17520831,     0.01810858636
          0,           0,        1335,      -11.85830916,      -11.95571253,      -12.43948328,      -11.99641175,      -16.23824107,     0.01574748436,      0.0121470928,      0.9738955449,                 0,                 0,                 0,     0.09103160329,    -0.07277972013,      0.9712482672,                 0,       80.17519592,     0.01810858636
          0,           0,        1336,      -11.86056681,      -11.95851032,      -12.44208325,      -11.99901062,      -16.24130298,     0.01574748436,     0.01214709373,      0.9738954704,                 0,                 0,                 0,     0.09103158941,    -0.07277971271,      0.9712481931,                 0,       80.17518361,     0.01810858636
          0,           0,        1337,      -11.86282459,      -11.96130676,       -12.4446823,      -12.00160686,      -16.24436503,     0.01574748436,     0.01214709466,      0.9738953964,                 0,                 0,                 0,     0.09103157563,    -0.07277970534,      0.9712481195,                 0,        80.1751714,     0.01810858636
          0,           0,        1338,      -11.86508253,      -11.96410261,      -12.44728036,      -12.00420271,      -16.24742722,     0.01574748436,     0.01214709558,       0.973895323,                 0,                 0,                 0,     0.09103156194,    -0.07277969802,      0.9712480464,                 0,       80.17515927,     0.01810858636
          0,           0,        1339,      -11.86734089,      -11.96689749,       -12.4498771,      -12.00679964,      -16.25048955,     0.01574748436,      0.0121470965,      0.9738952501,                 0,                 0,                 0,     0.09103154836,    -0.07277969075,      0.9712479739,                 0,       80.17514722,     0.01810858636
          0,           0,        1340,      -11.86959924,      -11.96969141,      -12.45247438,       -12.0093929,      -16.25355203,     0.01574748436,     0.01214709741,      0.9738951778,                 0,                 0,                 0,     0.09103153487,    -0.07277968354,      0.9712479019,                 0,       80.17513527,     0.01810858636
          0,           0,        1341,       -11.8718578,      -11.97248424,      -12.45507024,      -12.01198594,      -16.25661468,     0.01574748436,     0.01214709831,      0.9738951059,                 0,                 0,                 0,     0.09103152147,    -0.07277967638,      0.9712478304,                 0,        80.1751234,     0.01810858636
          0,           0,        1342,      -11.87411663,      -11.97527618,      -12.45766397,      -12.01457876,      -16.25967749,     0.01574748436,      0.0121470992,      0.9738950346,                 0,                 0,                 0,     0.09103150817,    -0.07277966927,      0.9712477594,                 0,       80.17511162,     0.01810858636
          0,           0,        1343,      -11.87637582,      -11.97806755,      -12.46025812,      -12.01717106,      -16.26274048,     0.01574748436,     0.01214710009,      0.9738949637,                 0,                 0,                 0,     0.09103149496,    -0.07277966221,      0.9712476889,                 0,       80.17509992,     0.01810858636
          0,           0,        1344,      -11.87863506,      -11.98085791,      -12.46285115,      -12.01976314,      -16.26580364,     0.01574748436,     0.01214710098,      0.9738948934,                 0,                 0,                 0,     0.09103148185,     -0.0727796552,      0.9712476189,                 0,       80.17508831,     0.01810858636
          0,           0,        1345,       -11.8808945,      -11.98364745,      -12.46544224,      -12.02235369,        -16.268867,     0.01574748436,     0.01214710185,      0.9738948236,                 0,                 0,                 0,     0.09103146883,    -0.07277964824,      0.9712475494,                 0,       80.17507678,     0.01810858636
          0,           0,        1346,       -11.8831542,       -11.9864357,      -12.46803335,       -12.0249427,      -16.27193056,     0.01574748436,     0.01214710272,      0.9738947542,                 0,                 0,                 0,      0.0910314559,    -0.07277964134,      0.9712474804,                 0,       80.17506533,     0.01810858636
          0,           0,        1347,      -11.88541413,       -11.9892232,      -12.47062395,       -12.0275312,      -16.27499431,     0.01574748436,     0.01214710358,      0.9738946854,                 0,                 0,                 0,     0.09103144306,    -0.07277963448,      0.9712474119,                 0,       80.17505397,     0.01810858636
          0,           0,        1348,      -11.88767419,       -11.9920099,      -12.47321256,      -12.03011955,      -16.27805828,     0.01574748436,     0.01214710444,      0.9738946171,                 0,                 0,                 0,     0.09103143031,    -0.07277962767,      0.9712473439,                 0,       80.17504269,     0.01810858636
          0,           0,        1349,      -11.88993465,       -11.9947958,       -12.4758011,      -12.03270845,      -16.28112246,     0.01574748436,     0.01214710529,      0.9738945492,                 0,                 0,                 0,     0.09103141766,    -0.07277962091,      0.9712472764,                 0,       80.17503149,     0.01810858636
          0,           0,        1350,      -11.89219518,      -11.99758078,      -12.47838807,      -12.03529458,      -16.28418687,     0.01574748436,     0.01214710614,      0.9738944818,                 0,                 0,                 0,     0.09103140509,    -0.07277961419,      0.9712472094,                 0,       80.17502037,     0.01810858636
          0,           0,        1351,      -11.89445588,      -12.00036447,      -12.48097546,      -12.03787929,       -16.2872515,     0.01574748436,     0.01214710697,       0.973894415,                 0,                 0,                 0,     0.09103139261,    -0.07277960753,      0.9712471428,                 0,       80.17500933,     0.01810858636
          0,           0,        1352,      -11.89671685,      -12.00314782,      -12.48355977,      -12.04046495,      -16.29031639,     0.01574748436,     0.01214710781,      0.9738943485,                 0,                 0,                 0,     0.09103138022,    -0.07277960091,      0.9712470767,                 0,       80.17499837,     0.01810858636
          0,           0,        1353,        -11.898978,      -12.00592964,      -12.48614572,      -12.04304776,      -16.29338151,     0.01574748436,     0.01214710863,      0.9738942826,                 0,                 0,                 0,     0.09103136792,    -0.07277959434,      0.9712470111,                 0,       80.17498749,     0.01810858636
          0,           0,        1354,      -11.90123942,      -12.00871112,      -12.48872953,      -12.04563296,      -16.29644687,     0.01574748436,     0.01214710945,      0.9738942171,                 0,                 0,                 0,     0.09103135571,    -0.07277958782,       0.971246946,                 0,       80.17497669,     0.01810858636
          0,           0,        1355,      -11.90350109,      -12.01149147,      -12.49131098,      -12.04821541,      -16.29951249,     0.01574748436,     0.01214711027,      0.9738941521,                 0,                 0,                 0,     0.09103134358,    -0.07277958134,      0.9712468813,                 0,       80.17496597,     0.01810858636
          0,           0,        1356,      -11.90576291,      -12.01427093,      -12.49389323,      -12.05079799,      -16.30257838,     0.01574748436,     0.01214711107,      0.9738940876,                 0,                 0,                 0,     0.09103133153,    -0.07277957491,      0.9712468171,                 0,       80.17495532,     0.01810858636
          0,           0,        1357,      -11.90802485,       -12.0170492,      -12.49647496,      -12.05337771,      -16.30564453,     0.01574748436,     0.01214711188,      0.9738940235,                 0,                 0,                 0,     0.09103131958,    -0.07277956853,      0.9712467533,                 0,       80.17494475,     0.01810858636
          0,           0,        1358,      -11.91028716,      -12.01982699,      -12.49905511,      -12.05595921,      -16.30871096,     0.01574748436,     0.01214711267,      0.9738939599,                 0,                 0,                 0,      0.0910313077,    -0.07277956219,        0.97124669,                 0,       80.17493426,     0.01810858636
          0,           0,        1359,      -11.91254967,      -12.02260381,      -12.50163331,      -12.05853951,      -16.31177767,     0.01574748436,     0.01214711346,      0.9738938968,                 0,                 0,                 0,     0.09103129591,     -0.0727795559,      0.9712466271,                 0,       80.17492384,     0.01810858636
          0,           0,        1360,      -11.91481223,      -12.02537962,       -12.5042128,      -12.06111776,      -16.31484467,     0.01574748436,     0.01214711425,       0.973893834,                 0,                 0,                 0,     0.09103128421,    -0.07277954965,      0.9712465647,                 0,        80.1749135,     0.01810858636
          0,           0,        1361,      -11.91707517,      -12.02815441,      -12.50678972,      -12.06369548,      -16.31791195,     0.01574748436,     0.01214711503,      0.9738937718,                 0,                 0,                 0,     0.09103127258,    -0.07277954345,      0.9712465028,                 0,       80.17490323,     0.01810858636
          0,           0,        1362,      -11.91933818,      -12.03092842,      -12.50936662,      -12.06627349,      -16.32097953,     0.01574748436,      0.0121471158,        0.97389371,                 0,                 0,                 0,     0.09103126104,    -0.07277953729,      0.9712464413,                 0,       80.17489303,     0.01810858636
          0,           0,        1363,      -11.92160144,      -12.03370152,      -12.51194174,      -12.06885012,      -16.32404741,     0.01574748436,     0.01214711657,      0.9738936486,                 0,                 0,                 0,     0.09103124958,    -0.07277953118,      0.9712463802,                 0,       80.17488291,     0.01810858636
          0,           0,        1364,      -11.92386497,      -12.03647363,      -12.51451599,      -12.07142586,      -16.32711561,     0.01574748436,     0.01214711733,      0.9738935876,                 0,                 0,                 0,      0.0910312382,    -0.07277952511,      0.9712463195,                 0,       80.17487286,     0.01810858636
          0,           0,        1365,      -11.92612871,      -12.03924491,      -12.51708991,      -12.07400048,      -16.33018411,     0.01574748436,     0.01214711809,      0.9738935271,                 0,                 0,                 0,      0.0910312269,    -0.07277951908,      0.9712462593,                 0,       80.17486289,     0.01810858636
          0,           0,        1366,      -11.92839248,      -12.04201509,      -12.51966299,      -12.07657421,      -16.33325293,     0.01574748436,     0.01214711884,      0.9738934671,                 0,                 0,                 0,     0.09103121569,    -0.07277951309,      0.9712461996,                 0,       80.17485299,     0.01810858636
          0,           0,        1367,      -11.93065669,      -12.04478437,      -12.52223425,      -12.07914795,      -16.33632208,     0.01574748436,     0.01214711958,      0.9738934074,                 0,                 0,                 0,     0.09103120455,    -0.07277950715,      0.9712461402,                 0,       80.17484315,     0.01810858636
          0,           0,        1368,      -11.93292097,      -12.04755298,      -12.52480625,      -12.08172011,      -16.33939154,     0.01574748436,     0.01214712032,      0.9738933482,                 0,                 0,                 0,     0.09103119349,    -0.07277950125,      0.9712460813,                 0,       80.17483339,     0.01810858636
          0,           0,        1369,       -11.9351855,      -12.05032045,      -12.52737602,      -12.08429279,      -16.34246135,     0.01574748436,     0.01214712106,      0.9738932894,                 0,                 0,                 0,      0.0910311825,     -0.0727794954,      0.9712460228,                 0,        80.1748237,     0.01810858636
          0,           0,        1370,      -11.93745025,      -12.05308755,      -12.52994497,      -12.08686665,       -16.3455315,     0.01574748436,     0.01214712179,       0.973893231,                 0,                 0,                 0,      0.0910311716,    -0.07277948958,      0.9712459647,                 0,       80.17481408,     0.01810858636
          0,           0,        1371,      -11.93971526,      -12.05585294,      -12.53251373,      -12.08943499,      -16.34860198,     0.01574748436,     0.01214712251,      0.9738931731,                 0,                 0,                 0,     0.09103116077,    -0.07277948381,       0.971245907,                 0,       80.17480452,     0.01810858636
          0,           0,        1372,      -11.94198034,      -12.05861778,      -12.53508119,      -12.09200423,      -16.35167282,     0.01574748436,     0.01214712323,      0.9738931155,                 0,                 0,                 0,     0.09103115002,    -0.07277947808,      0.9712458497,                 0,       80.17479504,     0.01810858636
          0,           0,        1373,      -11.94424572,       -12.0613817,      -12.53764682,      -12.09457446,      -16.35474401,     0.01574748436,     0.01214712395,      0.9738930584,                 0,                 0,                 0,     0.09103113934,    -0.07277947239,      0.9712457929,                 0,       80.17478563,     0.01810858636
          0,           0,        1374,      -11.94651129,      -12.06414499,      -12.54021291,      -12.09714186,      -16.35781557,     0.01574748436,     0.01214712466,      0.9738930016,                 0,                 0,                 0,     0.09103112874,    -0.07277946674,      0.9712457364,                 0,       80.17477628,     0.01810858636
          0,           0,        1375,      -11.94877708,      -12.06690715,      -12.54277734,      -12.09970965,      -16.36088748,     0.01574748436,     0.01214712536,      0.9738929453,                 0,                 0,                 0,     0.09103111822,    -0.07277946113,      0.9712456804,                 0,         80.174767,     0.01810858636
          0,           0,        1376,        -11.951043,      -12.06966832,      -12.54534089,      -12.10227713,      -16.36395976,     0.01574748436,     0.01214712606,      0.9738928894,                 0,                 0,                 0,     0.09103110777,    -0.07277945556,      0.9712456247,                 0,       80.17475778,     0.01810858636
          0,           0,        1377,      -11.95330923,       -12.0724284,       -12.5479041,      -12.10484233,      -16.36703241,     0.01574748436,     0.01214712675,      0.9738928339,                 0,                 0,                 0,     0.09103109739,    -0.07277945003,      0.9712455695,                 0,       80.17474864,     0.01810858636
          0,           0,        1378,      -11.95557553,      -12.07518759,      -12.55046694,      -12.10740677,      -16.37010544,     0.01574748436,     0.01214712744,      0.9738927787,                 0,                 0,                 0,     0.09103108709,    -0.07277944454,      0.9712455146,                 0,       80.17473955,     0.01810858636
          0,           0,        1379,      -11.95784204,      -12.07794607,      -12.55302826,      -12.10997107,      -16.37317884,     0.01574748436,     0.01214712812,       0.973892724,                 0,                 0,                 0,     0.09103107685,    -0.07277943908,      0.9712454601,                 0,       80.17473054,     0.01810858636
          0,           0,        1380,      -11.96010891,      -12.08070347,       -12.5555875,       -12.1125354,      -16.37625262,     0.01574748436,      0.0121471288,      0.9738926696,                 0,                 0,                 0,      0.0910310667,    -0.07277943367,       0.971245406,                 0,       80.17472158,     0.01810858636
          0,           0,        1381,      -11.96237597,      -12.08346025,      -12.55814729,      -12.11509886,      -16.37932679,     0.01574748436,     0.01214712947,      0.9738926157,                 0,                 0,                 0,     0.09103105661,     -0.0727794283,      0.9712453524,                 0,        80.1747127,     0.01810858636
          0,           0,        1382,      -11.96464311,      -12.08621552,      -12.56070617,      -12.11766109,      -16.38240136,     0.01574748436,     0.01214713014,      0.9738925621,                 0,                 0,                 0,     0.09103104659,    -0.07277942296,       0.971245299,                 0,       80.17470387,     0.01810858636
          0,           0,        1383,      -11.96691039,      -12.08897031,      -12.56326272,      -12.12022243,      -16.38547632,     0.01574748436,     0.01214713081,      0.9738925089,                 0,                 0,                 0,     0.09103103665,    -0.07277941766,      0.9712452461,                 0,       80.17469511,     0.01810858636
          0,           0,        1384,      -11.96917801,      -12.09172447,      -12.56581995,      -12.12278441,      -16.38855168,     0.01574748436,     0.01214713147,      0.9738924561,                 0,                 0,                 0,     0.09103102677,    -0.07277941241,      0.9712451936,                 0,       80.17468642,     0.01810858636
          0,           0,        1385,      -11.97144586,      -12.09447731,        -12.568376,      -12.12534543,      -16.39162744,     0.01574748436,     0.01214713212,      0.9738924037,                 0,                 0,                 0,     0.09103101697,    -0.07277940718,      0.9712451414,                 0,       80.17467778,     0.01810858636
          0,           0,        1386,       -11.9737137,      -12.09722887,       -12.5709302,       -12.1279019,      -16.39470359,     0.01574748436,     0.01214713277,      0.9738923516,                 0,                 0,                 0,     0.09103100723,      -0.072779402,      0.9712450896,                 0,       80.17466921,     0.01810858636
          0,           0,        1387,      -11.97598198,      -12.09997968,      -12.57348475,      -12.13046083,      -16.39778016,     0.01574748436,     0.01214713341,      0.9738922999,                 0,                 0,                 0,     0.09103099756,    -0.07277939685,      0.9712450381,                 0,        80.1746607,     0.01810858636
          0,           0,        1388,      -11.97825045,      -12.10273004,      -12.57603748,      -12.13301925,      -16.40085713,     0.01574748436,     0.01214713405,      0.9738922486,                 0,                 0,                 0,     0.09103098796,    -0.07277939174,       0.971244987,                 0,       80.17465225,     0.01810858636
          0,           0,        1389,      -11.98051903,      -12.10547934,      -12.57858981,      -12.13557736,      -16.40393452,     0.01574748436,     0.01214713469,      0.9738921976,                 0,                 0,                 0,     0.09103097843,    -0.07277938667,      0.9712449363,                 0,       80.17464386,     0.01810858636
          0,           0,        1390,      -11.98278784,      -12.10822735,      -12.58114039,      -12.13813378,      -16.40701232,     0.01574748436,     0.01214713532,       0.973892147,                 0,                 0,                 0,     0.09103096897,    -0.07277938163,       0.971244886,                 0,       80.17463553,     0.01810858636
          0,           0,        1391,       -11.9850569,      -12.11097484,      -12.58369147,         -12.14069,      -16.41009055,     0.01574748436,     0.01214713595,      0.9738920968,                 0,                 0,                 0,     0.09103095957,    -0.07277937663,       0.971244836,                 0,       80.17462726,     0.01810858636
          0,           0,        1392,      -11.98732601,      -12.11372098,      -12.58624023,      -12.14324439,      -16.41316921,     0.01574748436,     0.01214713657,      0.9738920469,                 0,                 0,                 0,     0.09103095024,    -0.07277937166,      0.9712447864,                 0,       80.17461905,     0.01810858636
          0,           0,        1393,      -11.98959552,       -12.1164667,      -12.58878848,      -12.14580014,      -16.41624829,     0.01574748436,     0.01214713719,      0.9738919974,                 0,                 0,                 0,     0.09103094097,    -0.07277936673,      0.9712447371,                 0,        80.1746109,     0.01810858636
          0,           0,        1394,      -11.99186501,       -12.1192111,      -12.59133677,      -12.14835126,       -16.4193278,     0.01574748436,      0.0121471378,      0.9738919482,                 0,                 0,                 0,     0.09103093177,    -0.07277936183,      0.9712446882,                 0,        80.1746028,     0.01810858636
          0,           0,        1395,      -11.99413477,      -12.12195439,      -12.59388364,      -12.15090481,      -16.42240774,     0.01574748436,     0.01214713841,      0.9738918994,                 0,                 0,                 0,     0.09103092264,    -0.07277935697,      0.9712446396,                 0,       80.17459477,     0.01810858636
          0,           0,        1396,      -11.99640482,      -12.12469731,      -12.59642895,      -12.15345819,      -16.42548812,     0.01574748436,     0.01214713901,      0.9738918509,                 0,                 0,                 0,     0.09103091357,    -0.07277935214,      0.9712445913,                 0,       80.17458679,     0.01810858636
          0,           0,        1397,      -11.99867499,      -12.12743863,      -12.59897539,      -12.15600927,      -16.42856894,     0.01574748436,     0.01214713961,      0.9738918028,                 0,                 0,                 0,     0.09103090456,    -0.07277934735,      0.9712445435,                 0,       80.17457887,     0.01810858636
          0,           0,        1398,      -12.00094547,      -12.13017968,      -12.60152021,      -12.15856056,      -16.43165019,     0.01574748436,     0.01214714021,       0.973891755,                 0,                 0,                 0,     0.09103089562,    -0.07277934259,      0.9712444959,                 0,       80.17457101,     0.01810858636
