% n4415 128x128
% Mon Aug 18 11:28:26 2025
%
% Problem dimension
%
NDIME= 2
%
% Inner element connectivity
%
NELEM= 16384
9	0	1	129	128	0
9	1	2	130	129	1
9	2	3	131	130	2
9	3	4	132	131	3
9	4	5	133	132	4
9	5	6	134	133	5
9	6	7	135	134	6
9	7	8	136	135	7
9	8	9	137	136	8
9	9	10	138	137	9
9	10	11	139	138	10
9	11	12	140	139	11
9	12	13	141	140	12
9	13	14	142	141	13
9	14	15	143	142	14
9	15	16	144	143	15
9	16	17	145	144	16
9	17	18	146	145	17
9	18	19	147	146	18
9	19	20	148	147	19
9	20	21	149	148	20
9	21	22	150	149	21
9	22	23	151	150	22
9	23	24	152	151	23
9	24	25	153	152	24
9	25	26	154	153	25
9	26	27	155	154	26
9	27	28	156	155	27
9	28	29	157	156	28
9	29	30	158	157	29
9	30	31	159	158	30
9	31	32	160	159	31
9	32	33	161	160	32
9	33	34	162	161	33
9	34	35	163	162	34
9	35	36	164	163	35
9	36	37	165	164	36
9	37	38	166	165	37
9	38	39	167	166	38
9	39	40	168	167	39
9	40	41	169	168	40
9	41	42	170	169	41
9	42	43	171	170	42
9	43	44	172	171	43
9	44	45	173	172	44
9	45	46	174	173	45
9	46	47	175	174	46
9	47	48	176	175	47
9	48	49	177	176	48
9	49	50	178	177	49
9	50	51	179	178	50
9	51	52	180	179	51
9	52	53	181	180	52
9	53	54	182	181	53
9	54	55	183	182	54
9	55	56	184	183	55
9	56	57	185	184	56
9	57	58	186	185	57
9	58	59	187	186	58
9	59	60	188	187	59
9	60	61	189	188	60
9	61	62	190	189	61
9	62	63	191	190	62
9	63	64	192	191	63
9	64	65	193	192	64
9	65	66	194	193	65
9	66	67	195	194	66
9	67	68	196	195	67
9	68	69	197	196	68
9	69	70	198	197	69
9	70	71	199	198	70
9	71	72	200	199	71
9	72	73	201	200	72
9	73	74	202	201	73
9	74	75	203	202	74
9	75	76	204	203	75
9	76	77	205	204	76
9	77	78	206	205	77
9	78	79	207	206	78
9	79	80	208	207	79
9	80	81	209	208	80
9	81	82	210	209	81
9	82	83	211	210	82
9	83	84	212	211	83
9	84	85	213	212	84
9	85	86	214	213	85
9	86	87	215	214	86
9	87	88	216	215	87
9	88	89	217	216	88
9	89	90	218	217	89
9	90	91	219	218	90
9	91	92	220	219	91
9	92	93	221	220	92
9	93	94	222	221	93
9	94	95	223	222	94
9	95	96	224	223	95
9	96	97	225	224	96
9	97	98	226	225	97
9	98	99	227	226	98
9	99	100	228	227	99
9	100	101	229	228	100
9	101	102	230	229	101
9	102	103	231	230	102
9	103	104	232	231	103
9	104	105	233	232	104
9	105	106	234	233	105
9	106	107	235	234	106
9	107	108	236	235	107
9	108	109	237	236	108
9	109	110	238	237	109
9	110	111	239	238	110
9	111	112	240	239	111
9	112	113	241	240	112
9	113	114	242	241	113
9	114	115	243	242	114
9	115	116	244	243	115
9	116	117	245	244	116
9	117	118	246	245	117
9	118	119	247	246	118
9	119	120	248	247	119
9	120	121	249	248	120
9	121	122	250	249	121
9	122	123	251	250	122
9	123	124	252	251	123
9	124	125	253	252	124
9	125	126	254	253	125
9	126	127	255	254	126
9	127	0	128	255	127
9	128	129	257	256	128
9	129	130	258	257	129
9	130	131	259	258	130
9	131	132	260	259	131
9	132	133	261	260	132
9	133	134	262	261	133
9	134	135	263	262	134
9	135	136	264	263	135
9	136	137	265	264	136
9	137	138	266	265	137
9	138	139	267	266	138
9	139	140	268	267	139
9	140	141	269	268	140
9	141	142	270	269	141
9	142	143	271	270	142
9	143	144	272	271	143
9	144	145	273	272	144
9	145	146	274	273	145
9	146	147	275	274	146
9	147	148	276	275	147
9	148	149	277	276	148
9	149	150	278	277	149
9	150	151	279	278	150
9	151	152	280	279	151
9	152	153	281	280	152
9	153	154	282	281	153
9	154	155	283	282	154
9	155	156	284	283	155
9	156	157	285	284	156
9	157	158	286	285	157
9	158	159	287	286	158
9	159	160	288	287	159
9	160	161	289	288	160
9	161	162	290	289	161
9	162	163	291	290	162
9	163	164	292	291	163
9	164	165	293	292	164
9	165	166	294	293	165
9	166	167	295	294	166
9	167	168	296	295	167
9	168	169	297	296	168
9	169	170	298	297	169
9	170	171	299	298	170
9	171	172	300	299	171
9	172	173	301	300	172
9	173	174	302	301	173
9	174	175	303	302	174
9	175	176	304	303	175
9	176	177	305	304	176
9	177	178	306	305	177
9	178	179	307	306	178
9	179	180	308	307	179
9	180	181	309	308	180
9	181	182	310	309	181
9	182	183	311	310	182
9	183	184	312	311	183
9	184	185	313	312	184
9	185	186	314	313	185
9	186	187	315	314	186
9	187	188	316	315	187
9	188	189	317	316	188
9	189	190	318	317	189
9	190	191	319	318	190
9	191	192	320	319	191
9	192	193	321	320	192
9	193	194	322	321	193
9	194	195	323	322	194
9	195	196	324	323	195
9	196	197	325	324	196
9	197	198	326	325	197
9	198	199	327	326	198
9	199	200	328	327	199
9	200	201	329	328	200
9	201	202	330	329	201
9	202	203	331	330	202
9	203	204	332	331	203
9	204	205	333	332	204
9	205	206	334	333	205
9	206	207	335	334	206
9	207	208	336	335	207
9	208	209	337	336	208
9	209	210	338	337	209
9	210	211	339	338	210
9	211	212	340	339	211
9	212	213	341	340	212
9	213	214	342	341	213
9	214	215	343	342	214
9	215	216	344	343	215
9	216	217	345	344	216
9	217	218	346	345	217
9	218	219	347	346	218
9	219	220	348	347	219
9	220	221	349	348	220
9	221	222	350	349	221
9	222	223	351	350	222
9	223	224	352	351	223
9	224	225	353	352	224
9	225	226	354	353	225
9	226	227	355	354	226
9	227	228	356	355	227
9	228	229	357	356	228
9	229	230	358	357	229
9	230	231	359	358	230
9	231	232	360	359	231
9	232	233	361	360	232
9	233	234	362	361	233
9	234	235	363	362	234
9	235	236	364	363	235
9	236	237	365	364	236
9	237	238	366	365	237
9	238	239	367	366	238
9	239	240	368	367	239
9	240	241	369	368	240
9	241	242	370	369	241
9	242	243	371	370	242
9	243	244	372	371	243
9	244	245	373	372	244
9	245	246	374	373	245
9	246	247	375	374	246
9	247	248	376	375	247
9	248	249	377	376	248
9	249	250	378	377	249
9	250	251	379	378	250
9	251	252	380	379	251
9	252	253	381	380	252
9	253	254	382	381	253
9	254	255	383	382	254
9	255	128	256	383	255
9	256	257	385	384	256
9	257	258	386	385	257
9	258	259	387	386	258
9	259	260	388	387	259
9	260	261	389	388	260
9	261	262	390	389	261
9	262	263	391	390	262
9	263	264	392	391	263
9	264	265	393	392	264
9	265	266	394	393	265
9	266	267	395	394	266
9	267	268	396	395	267
9	268	269	397	396	268
9	269	270	398	397	269
9	270	271	399	398	270
9	271	272	400	399	271
9	272	273	401	400	272
9	273	274	402	401	273
9	274	275	403	402	274
9	275	276	404	403	275
9	276	277	405	404	276
9	277	278	406	405	277
9	278	279	407	406	278
9	279	280	408	407	279
9	280	281	409	408	280
9	281	282	410	409	281
9	282	283	411	410	282
9	283	284	412	411	283
9	284	285	413	412	284
9	285	286	414	413	285
9	286	287	415	414	286
9	287	288	416	415	287
9	288	289	417	416	288
9	289	290	418	417	289
9	290	291	419	418	290
9	291	292	420	419	291
9	292	293	421	420	292
9	293	294	422	421	293
9	294	295	423	422	294
9	295	296	424	423	295
9	296	297	425	424	296
9	297	298	426	425	297
9	298	299	427	426	298
9	299	300	428	427	299
9	300	301	429	428	300
9	301	302	430	429	301
9	302	303	431	430	302
9	303	304	432	431	303
9	304	305	433	432	304
9	305	306	434	433	305
9	306	307	435	434	306
9	307	308	436	435	307
9	308	309	437	436	308
9	309	310	438	437	309
9	310	311	439	438	310
9	311	312	440	439	311
9	312	313	441	440	312
9	313	314	442	441	313
9	314	315	443	442	314
9	315	316	444	443	315
9	316	317	445	444	316
9	317	318	446	445	317
9	318	319	447	446	318
9	319	320	448	447	319
9	320	321	449	448	320
9	321	322	450	449	321
9	322	323	451	450	322
9	323	324	452	451	323
9	324	325	453	452	324
9	325	326	454	453	325
9	326	327	455	454	326
9	327	328	456	455	327
9	328	329	457	456	328
9	329	330	458	457	329
9	330	331	459	458	330
9	331	332	460	459	331
9	332	333	461	460	332
9	333	334	462	461	333
9	334	335	463	462	334
9	335	336	464	463	335
9	336	337	465	464	336
9	337	338	466	465	337
9	338	339	467	466	338
9	339	340	468	467	339
9	340	341	469	468	340
9	341	342	470	469	341
9	342	343	471	470	342
9	343	344	472	471	343
9	344	345	473	472	344
9	345	346	474	473	345
9	346	347	475	474	346
9	347	348	476	475	347
9	348	349	477	476	348
9	349	350	478	477	349
9	350	351	479	478	350
9	351	352	480	479	351
9	352	353	481	480	352
9	353	354	482	481	353
9	354	355	483	482	354
9	355	356	484	483	355
9	356	357	485	484	356
9	357	358	486	485	357
9	358	359	487	486	358
9	359	360	488	487	359
9	360	361	489	488	360
9	361	362	490	489	361
9	362	363	491	490	362
9	363	364	492	491	363
9	364	365	493	492	364
9	365	366	494	493	365
9	366	367	495	494	366
9	367	368	496	495	367
9	368	369	497	496	368
9	369	370	498	497	369
9	370	371	499	498	370
9	371	372	500	499	371
9	372	373	501	500	372
9	373	374	502	501	373
9	374	375	503	502	374
9	375	376	504	503	375
9	376	377	505	504	376
9	377	378	506	505	377
9	378	379	507	506	378
9	379	380	508	507	379
9	380	381	509	508	380
9	381	382	510	509	381
9	382	383	511	510	382
9	383	256	384	511	383
9	384	385	513	512	384
9	385	386	514	513	385
9	386	387	515	514	386
9	387	388	516	515	387
9	388	389	517	516	388
9	389	390	518	517	389
9	390	391	519	518	390
9	391	392	520	519	391
9	392	393	521	520	392
9	393	394	522	521	393
9	394	395	523	522	394
9	395	396	524	523	395
9	396	397	525	524	396
9	397	398	526	525	397
9	398	399	527	526	398
9	399	400	528	527	399
9	400	401	529	528	400
9	401	402	530	529	401
9	402	403	531	530	402
9	403	404	532	531	403
9	404	405	533	532	404
9	405	406	534	533	405
9	406	407	535	534	406
9	407	408	536	535	407
9	408	409	537	536	408
9	409	410	538	537	409
9	410	411	539	538	410
9	411	412	540	539	411
9	412	413	541	540	412
9	413	414	542	541	413
9	414	415	543	542	414
9	415	416	544	543	415
9	416	417	545	544	416
9	417	418	546	545	417
9	418	419	547	546	418
9	419	420	548	547	419
9	420	421	549	548	420
9	421	422	550	549	421
9	422	423	551	550	422
9	423	424	552	551	423
9	424	425	553	552	424
9	425	426	554	553	425
9	426	427	555	554	426
9	427	428	556	555	427
9	428	429	557	556	428
9	429	430	558	557	429
9	430	431	559	558	430
9	431	432	560	559	431
9	432	433	561	560	432
9	433	434	562	561	433
9	434	435	563	562	434
9	435	436	564	563	435
9	436	437	565	564	436
9	437	438	566	565	437
9	438	439	567	566	438
9	439	440	568	567	439
9	440	441	569	568	440
9	441	442	570	569	441
9	442	443	571	570	442
9	443	444	572	571	443
9	444	445	573	572	444
9	445	446	574	573	445
9	446	447	575	574	446
9	447	448	576	575	447
9	448	449	577	576	448
9	449	450	578	577	449
9	450	451	579	578	450
9	451	452	580	579	451
9	452	453	581	580	452
9	453	454	582	581	453
9	454	455	583	582	454
9	455	456	584	583	455
9	456	457	585	584	456
9	457	458	586	585	457
9	458	459	587	586	458
9	459	460	588	587	459
9	460	461	589	588	460
9	461	462	590	589	461
9	462	463	591	590	462
9	463	464	592	591	463
9	464	465	593	592	464
9	465	466	594	593	465
9	466	467	595	594	466
9	467	468	596	595	467
9	468	469	597	596	468
9	469	470	598	597	469
9	470	471	599	598	470
9	471	472	600	599	471
9	472	473	601	600	472
9	473	474	602	601	473
9	474	475	603	602	474
9	475	476	604	603	475
9	476	477	605	604	476
9	477	478	606	605	477
9	478	479	607	606	478
9	479	480	608	607	479
9	480	481	609	608	480
9	481	482	610	609	481
9	482	483	611	610	482
9	483	484	612	611	483
9	484	485	613	612	484
9	485	486	614	613	485
9	486	487	615	614	486
9	487	488	616	615	487
9	488	489	617	616	488
9	489	490	618	617	489
9	490	491	619	618	490
9	491	492	620	619	491
9	492	493	621	620	492
9	493	494	622	621	493
9	494	495	623	622	494
9	495	496	624	623	495
9	496	497	625	624	496
9	497	498	626	625	497
9	498	499	627	626	498
9	499	500	628	627	499
9	500	501	629	628	500
9	501	502	630	629	501
9	502	503	631	630	502
9	503	504	632	631	503
9	504	505	633	632	504
9	505	506	634	633	505
9	506	507	635	634	506
9	507	508	636	635	507
9	508	509	637	636	508
9	509	510	638	637	509
9	510	511	639	638	510
9	511	384	512	639	511
9	512	513	641	640	512
9	513	514	642	641	513
9	514	515	643	642	514
9	515	516	644	643	515
9	516	517	645	644	516
9	517	518	646	645	517
9	518	519	647	646	518
9	519	520	648	647	519
9	520	521	649	648	520
9	521	522	650	649	521
9	522	523	651	650	522
9	523	524	652	651	523
9	524	525	653	652	524
9	525	526	654	653	525
9	526	527	655	654	526
9	527	528	656	655	527
9	528	529	657	656	528
9	529	530	658	657	529
9	530	531	659	658	530
9	531	532	660	659	531
9	532	533	661	660	532
9	533	534	662	661	533
9	534	535	663	662	534
9	535	536	664	663	535
9	536	537	665	664	536
9	537	538	666	665	537
9	538	539	667	666	538
9	539	540	668	667	539
9	540	541	669	668	540
9	541	542	670	669	541
9	542	543	671	670	542
9	543	544	672	671	543
9	544	545	673	672	544
9	545	546	674	673	545
9	546	547	675	674	546
9	547	548	676	675	547
9	548	549	677	676	548
9	549	550	678	677	549
9	550	551	679	678	550
9	551	552	680	679	551
9	552	553	681	680	552
9	553	554	682	681	553
9	554	555	683	682	554
9	555	556	684	683	555
9	556	557	685	684	556
9	557	558	686	685	557
9	558	559	687	686	558
9	559	560	688	687	559
9	560	561	689	688	560
9	561	562	690	689	561
9	562	563	691	690	562
9	563	564	692	691	563
9	564	565	693	692	564
9	565	566	694	693	565
9	566	567	695	694	566
9	567	568	696	695	567
9	568	569	697	696	568
9	569	570	698	697	569
9	570	571	699	698	570
9	571	572	700	699	571
9	572	573	701	700	572
9	573	574	702	701	573
9	574	575	703	702	574
9	575	576	704	703	575
9	576	577	705	704	576
9	577	578	706	705	577
9	578	579	707	706	578
9	579	580	708	707	579
9	580	581	709	708	580
9	581	582	710	709	581
9	582	583	711	710	582
9	583	584	712	711	583
9	584	585	713	712	584
9	585	586	714	713	585
9	586	587	715	714	586
9	587	588	716	715	587
9	588	589	717	716	588
9	589	590	718	717	589
9	590	591	719	718	590
9	591	592	720	719	591
9	592	593	721	720	592
9	593	594	722	721	593
9	594	595	723	722	594
9	595	596	724	723	595
9	596	597	725	724	596
9	597	598	726	725	597
9	598	599	727	726	598
9	599	600	728	727	599
9	600	601	729	728	600
9	601	602	730	729	601
9	602	603	731	730	602
9	603	604	732	731	603
9	604	605	733	732	604
9	605	606	734	733	605
9	606	607	735	734	606
9	607	608	736	735	607
9	608	609	737	736	608
9	609	610	738	737	609
9	610	611	739	738	610
9	611	612	740	739	611
9	612	613	741	740	612
9	613	614	742	741	613
9	614	615	743	742	614
9	615	616	744	743	615
9	616	617	745	744	616
9	617	618	746	745	617
9	618	619	747	746	618
9	619	620	748	747	619
9	620	621	749	748	620
9	621	622	750	749	621
9	622	623	751	750	622
9	623	624	752	751	623
9	624	625	753	752	624
9	625	626	754	753	625
9	626	627	755	754	626
9	627	628	756	755	627
9	628	629	757	756	628
9	629	630	758	757	629
9	630	631	759	758	630
9	631	632	760	759	631
9	632	633	761	760	632
9	633	634	762	761	633
9	634	635	763	762	634
9	635	636	764	763	635
9	636	637	765	764	636
9	637	638	766	765	637
9	638	639	767	766	638
9	639	512	640	767	639
9	640	641	769	768	640
9	641	642	770	769	641
9	642	643	771	770	642
9	643	644	772	771	643
9	644	645	773	772	644
9	645	646	774	773	645
9	646	647	775	774	646
9	647	648	776	775	647
9	648	649	777	776	648
9	649	650	778	777	649
9	650	651	779	778	650
9	651	652	780	779	651
9	652	653	781	780	652
9	653	654	782	781	653
9	654	655	783	782	654
9	655	656	784	783	655
9	656	657	785	784	656
9	657	658	786	785	657
9	658	659	787	786	658
9	659	660	788	787	659
9	660	661	789	788	660
9	661	662	790	789	661
9	662	663	791	790	662
9	663	664	792	791	663
9	664	665	793	792	664
9	665	666	794	793	665
9	666	667	795	794	666
9	667	668	796	795	667
9	668	669	797	796	668
9	669	670	798	797	669
9	670	671	799	798	670
9	671	672	800	799	671
9	672	673	801	800	672
9	673	674	802	801	673
9	674	675	803	802	674
9	675	676	804	803	675
9	676	677	805	804	676
9	677	678	806	805	677
9	678	679	807	806	678
9	679	680	808	807	679
9	680	681	809	808	680
9	681	682	810	809	681
9	682	683	811	810	682
9	683	684	812	811	683
9	684	685	813	812	684
9	685	686	814	813	685
9	686	687	815	814	686
9	687	688	816	815	687
9	688	689	817	816	688
9	689	690	818	817	689
9	690	691	819	818	690
9	691	692	820	819	691
9	692	693	821	820	692
9	693	694	822	821	693
9	694	695	823	822	694
9	695	696	824	823	695
9	696	697	825	824	696
9	697	698	826	825	697
9	698	699	827	826	698
9	699	700	828	827	699
9	700	701	829	828	700
9	701	702	830	829	701
9	702	703	831	830	702
9	703	704	832	831	703
9	704	705	833	832	704
9	705	706	834	833	705
9	706	707	835	834	706
9	707	708	836	835	707
9	708	709	837	836	708
9	709	710	838	837	709
9	710	711	839	838	710
9	711	712	840	839	711
9	712	713	841	840	712
9	713	714	842	841	713
9	714	715	843	842	714
9	715	716	844	843	715
9	716	717	845	844	716
9	717	718	846	845	717
9	718	719	847	846	718
9	719	720	848	847	719
9	720	721	849	848	720
9	721	722	850	849	721
9	722	723	851	850	722
9	723	724	852	851	723
9	724	725	853	852	724
9	725	726	854	853	725
9	726	727	855	854	726
9	727	728	856	855	727
9	728	729	857	856	728
9	729	730	858	857	729
9	730	731	859	858	730
9	731	732	860	859	731
9	732	733	861	860	732
9	733	734	862	861	733
9	734	735	863	862	734
9	735	736	864	863	735
9	736	737	865	864	736
9	737	738	866	865	737
9	738	739	867	866	738
9	739	740	868	867	739
9	740	741	869	868	740
9	741	742	870	869	741
9	742	743	871	870	742
9	743	744	872	871	743
9	744	745	873	872	744
9	745	746	874	873	745
9	746	747	875	874	746
9	747	748	876	875	747
9	748	749	877	876	748
9	749	750	878	877	749
9	750	751	879	878	750
9	751	752	880	879	751
9	752	753	881	880	752
9	753	754	882	881	753
9	754	755	883	882	754
9	755	756	884	883	755
9	756	757	885	884	756
9	757	758	886	885	757
9	758	759	887	886	758
9	759	760	888	887	759
9	760	761	889	888	760
9	761	762	890	889	761
9	762	763	891	890	762
9	763	764	892	891	763
9	764	765	893	892	764
9	765	766	894	893	765
9	766	767	895	894	766
9	767	640	768	895	767
9	768	769	897	896	768
9	769	770	898	897	769
9	770	771	899	898	770
9	771	772	900	899	771
9	772	773	901	900	772
9	773	774	902	901	773
9	774	775	903	902	774
9	775	776	904	903	775
9	776	777	905	904	776
9	777	778	906	905	777
9	778	779	907	906	778
9	779	780	908	907	779
9	780	781	909	908	780
9	781	782	910	909	781
9	782	783	911	910	782
9	783	784	912	911	783
9	784	785	913	912	784
9	785	786	914	913	785
9	786	787	915	914	786
9	787	788	916	915	787
9	788	789	917	916	788
9	789	790	918	917	789
9	790	791	919	918	790
9	791	792	920	919	791
9	792	793	921	920	792
9	793	794	922	921	793
9	794	795	923	922	794
9	795	796	924	923	795
9	796	797	925	924	796
9	797	798	926	925	797
9	798	799	927	926	798
9	799	800	928	927	799
9	800	801	929	928	800
9	801	802	930	929	801
9	802	803	931	930	802
9	803	804	932	931	803
9	804	805	933	932	804
9	805	806	934	933	805
9	806	807	935	934	806
9	807	808	936	935	807
9	808	809	937	936	808
9	809	810	938	937	809
9	810	811	939	938	810
9	811	812	940	939	811
9	812	813	941	940	812
9	813	814	942	941	813
9	814	815	943	942	814
9	815	816	944	943	815
9	816	817	945	944	816
9	817	818	946	945	817
9	818	819	947	946	818
9	819	820	948	947	819
9	820	821	949	948	820
9	821	822	950	949	821
9	822	823	951	950	822
9	823	824	952	951	823
9	824	825	953	952	824
9	825	826	954	953	825
9	826	827	955	954	826
9	827	828	956	955	827
9	828	829	957	956	828
9	829	830	958	957	829
9	830	831	959	958	830
9	831	832	960	959	831
9	832	833	961	960	832
9	833	834	962	961	833
9	834	835	963	962	834
9	835	836	964	963	835
9	836	837	965	964	836
9	837	838	966	965	837
9	838	839	967	966	838
9	839	840	968	967	839
9	840	841	969	968	840
9	841	842	970	969	841
9	842	843	971	970	842
9	843	844	972	971	843
9	844	845	973	972	844
9	845	846	974	973	845
9	846	847	975	974	846
9	847	848	976	975	847
9	848	849	977	976	848
9	849	850	978	977	849
9	850	851	979	978	850
9	851	852	980	979	851
9	852	853	981	980	852
9	853	854	982	981	853
9	854	855	983	982	854
9	855	856	984	983	855
9	856	857	985	984	856
9	857	858	986	985	857
9	858	859	987	986	858
9	859	860	988	987	859
9	860	861	989	988	860
9	861	862	990	989	861
9	862	863	991	990	862
9	863	864	992	991	863
9	864	865	993	992	864
9	865	866	994	993	865
9	866	867	995	994	866
9	867	868	996	995	867
9	868	869	997	996	868
9	869	870	998	997	869
9	870	871	999	998	870
9	871	872	1000	999	871
9	872	873	1001	1000	872
9	873	874	1002	1001	873
9	874	875	1003	1002	874
9	875	876	1004	1003	875
9	876	877	1005	1004	876
9	877	878	1006	1005	877
9	878	879	1007	1006	878
9	879	880	1008	1007	879
9	880	881	1009	1008	880
9	881	882	1010	1009	881
9	882	883	1011	1010	882
9	883	884	1012	1011	883
9	884	885	1013	1012	884
9	885	886	1014	1013	885
9	886	887	1015	1014	886
9	887	888	1016	1015	887
9	888	889	1017	1016	888
9	889	890	1018	1017	889
9	890	891	1019	1018	890
9	891	892	1020	1019	891
9	892	893	1021	1020	892
9	893	894	1022	1021	893
9	894	895	1023	1022	894
9	895	768	896	1023	895
9	896	897	1025	1024	896
9	897	898	1026	1025	897
9	898	899	1027	1026	898
9	899	900	1028	1027	899
9	900	901	1029	1028	900
9	901	902	1030	1029	901
9	902	903	1031	1030	902
9	903	904	1032	1031	903
9	904	905	1033	1032	904
9	905	906	1034	1033	905
9	906	907	1035	1034	906
9	907	908	1036	1035	907
9	908	909	1037	1036	908
9	909	910	1038	1037	909
9	910	911	1039	1038	910
9	911	912	1040	1039	911
9	912	913	1041	1040	912
9	913	914	1042	1041	913
9	914	915	1043	1042	914
9	915	916	1044	1043	915
9	916	917	1045	1044	916
9	917	918	1046	1045	917
9	918	919	1047	1046	918
9	919	920	1048	1047	919
9	920	921	1049	1048	920
9	921	922	1050	1049	921
9	922	923	1051	1050	922
9	923	924	1052	1051	923
9	924	925	1053	1052	924
9	925	926	1054	1053	925
9	926	927	1055	1054	926
9	927	928	1056	1055	927
9	928	929	1057	1056	928
9	929	930	1058	1057	929
9	930	931	1059	1058	930
9	931	932	1060	1059	931
9	932	933	1061	1060	932
9	933	934	1062	1061	933
9	934	935	1063	1062	934
9	935	936	1064	1063	935
9	936	937	1065	1064	936
9	937	938	1066	1065	937
9	938	939	1067	1066	938
9	939	940	1068	1067	939
9	940	941	1069	1068	940
9	941	942	1070	1069	941
9	942	943	1071	1070	942
9	943	944	1072	1071	943
9	944	945	1073	1072	944
9	945	946	1074	1073	945
9	946	947	1075	1074	946
9	947	948	1076	1075	947
9	948	949	1077	1076	948
9	949	950	1078	1077	949
9	950	951	1079	1078	950
9	951	952	1080	1079	951
9	952	953	1081	1080	952
9	953	954	1082	1081	953
9	954	955	1083	1082	954
9	955	956	1084	1083	955
9	956	957	1085	1084	956
9	957	958	1086	1085	957
9	958	959	1087	1086	958
9	959	960	1088	1087	959
9	960	961	1089	1088	960
9	961	962	1090	1089	961
9	962	963	1091	1090	962
9	963	964	1092	1091	963
9	964	965	1093	1092	964
9	965	966	1094	1093	965
9	966	967	1095	1094	966
9	967	968	1096	1095	967
9	968	969	1097	1096	968
9	969	970	1098	1097	969
9	970	971	1099	1098	970
9	971	972	1100	1099	971
9	972	973	1101	1100	972
9	973	974	1102	1101	973
9	974	975	1103	1102	974
9	975	976	1104	1103	975
9	976	977	1105	1104	976
9	977	978	1106	1105	977
9	978	979	1107	1106	978
9	979	980	1108	1107	979
9	980	981	1109	1108	980
9	981	982	1110	1109	981
9	982	983	1111	1110	982
9	983	984	1112	1111	983
9	984	985	1113	1112	984
9	985	986	1114	1113	985
9	986	987	1115	1114	986
9	987	988	1116	1115	987
9	988	989	1117	1116	988
9	989	990	1118	1117	989
9	990	991	1119	1118	990
9	991	992	1120	1119	991
9	992	993	1121	1120	992
9	993	994	1122	1121	993
9	994	995	1123	1122	994
9	995	996	1124	1123	995
9	996	997	1125	1124	996
9	997	998	1126	1125	997
9	998	999	1127	1126	998
9	999	1000	1128	1127	999
9	1000	1001	1129	1128	1000
9	1001	1002	1130	1129	1001
9	1002	1003	1131	1130	1002
9	1003	1004	1132	1131	1003
9	1004	1005	1133	1132	1004
9	1005	1006	1134	1133	1005
9	1006	1007	1135	1134	1006
9	1007	1008	1136	1135	1007
9	1008	1009	1137	1136	1008
9	1009	1010	1138	1137	1009
9	1010	1011	1139	1138	1010
9	1011	1012	1140	1139	1011
9	1012	1013	1141	1140	1012
9	1013	1014	1142	1141	1013
9	1014	1015	1143	1142	1014
9	1015	1016	1144	1143	1015
9	1016	1017	1145	1144	1016
9	1017	1018	1146	1145	1017
9	1018	1019	1147	1146	1018
9	1019	1020	1148	1147	1019
9	1020	1021	1149	1148	1020
9	1021	1022	1150	1149	1021
9	1022	1023	1151	1150	1022
9	1023	896	1024	1151	1023
9	1024	1025	1153	1152	1024
9	1025	1026	1154	1153	1025
9	1026	1027	1155	1154	1026
9	1027	1028	1156	1155	1027
9	1028	1029	1157	1156	1028
9	1029	1030	1158	1157	1029
9	1030	1031	1159	1158	1030
9	1031	1032	1160	1159	1031
9	1032	1033	1161	1160	1032
9	1033	1034	1162	1161	1033
9	1034	1035	1163	1162	1034
9	1035	1036	1164	1163	1035
9	1036	1037	1165	1164	1036
9	1037	1038	1166	1165	1037
9	1038	1039	1167	1166	1038
9	1039	1040	1168	1167	1039
9	1040	1041	1169	1168	1040
9	1041	1042	1170	1169	1041
9	1042	1043	1171	1170	1042
9	1043	1044	1172	1171	1043
9	1044	1045	1173	1172	1044
9	1045	1046	1174	1173	1045
9	1046	1047	1175	1174	1046
9	1047	1048	1176	1175	1047
9	1048	1049	1177	1176	1048
9	1049	1050	1178	1177	1049
9	1050	1051	1179	1178	1050
9	1051	1052	1180	1179	1051
9	1052	1053	1181	1180	1052
9	1053	1054	1182	1181	1053
9	1054	1055	1183	1182	1054
9	1055	1056	1184	1183	1055
9	1056	1057	1185	1184	1056
9	1057	1058	1186	1185	1057
9	1058	1059	1187	1186	1058
9	1059	1060	1188	1187	1059
9	1060	1061	1189	1188	1060
9	1061	1062	1190	1189	1061
9	1062	1063	1191	1190	1062
9	1063	1064	1192	1191	1063
9	1064	1065	1193	1192	1064
9	1065	1066	1194	1193	1065
9	1066	1067	1195	1194	1066
9	1067	1068	1196	1195	1067
9	1068	1069	1197	1196	1068
9	1069	1070	1198	1197	1069
9	1070	1071	1199	1198	1070
9	1071	1072	1200	1199	1071
9	1072	1073	1201	1200	1072
9	1073	1074	1202	1201	1073
9	1074	1075	1203	1202	1074
9	1075	1076	1204	1203	1075
9	1076	1077	1205	1204	1076
9	1077	1078	1206	1205	1077
9	1078	1079	1207	1206	1078
9	1079	1080	1208	1207	1079
9	1080	1081	1209	1208	1080
9	1081	1082	1210	1209	1081
9	1082	1083	1211	1210	1082
9	1083	1084	1212	1211	1083
9	1084	1085	1213	1212	1084
9	1085	1086	1214	1213	1085
9	1086	1087	1215	1214	1086
9	1087	1088	1216	1215	1087
9	1088	1089	1217	1216	1088
9	1089	1090	1218	1217	1089
9	1090	1091	1219	1218	1090
9	1091	1092	1220	1219	1091
9	1092	1093	1221	1220	1092
9	1093	1094	1222	1221	1093
9	1094	1095	1223	1222	1094
9	1095	1096	1224	1223	1095
9	1096	1097	1225	1224	1096
9	1097	1098	1226	1225	1097
9	1098	1099	1227	1226	1098
9	1099	1100	1228	1227	1099
9	1100	1101	1229	1228	1100
9	1101	1102	1230	1229	1101
9	1102	1103	1231	1230	1102
9	1103	1104	1232	1231	1103
9	1104	1105	1233	1232	1104
9	1105	1106	1234	1233	1105
9	1106	1107	1235	1234	1106
9	1107	1108	1236	1235	1107
9	1108	1109	1237	1236	1108
9	1109	1110	1238	1237	1109
9	1110	1111	1239	1238	1110
9	1111	1112	1240	1239	1111
9	1112	1113	1241	1240	1112
9	1113	1114	1242	1241	1113
9	1114	1115	1243	1242	1114
9	1115	1116	1244	1243	1115
9	1116	1117	1245	1244	1116
9	1117	1118	1246	1245	1117
9	1118	1119	1247	1246	1118
9	1119	1120	1248	1247	1119
9	1120	1121	1249	1248	1120
9	1121	1122	1250	1249	1121
9	1122	1123	1251	1250	1122
9	1123	1124	1252	1251	1123
9	1124	1125	1253	1252	1124
9	1125	1126	1254	1253	1125
9	1126	1127	1255	1254	1126
9	1127	1128	1256	1255	1127
9	1128	1129	1257	1256	1128
9	1129	1130	1258	1257	1129
9	1130	1131	1259	1258	1130
9	1131	1132	1260	1259	1131
9	1132	1133	1261	1260	1132
9	1133	1134	1262	1261	1133
9	1134	1135	1263	1262	1134
9	1135	1136	1264	1263	1135
9	1136	1137	1265	1264	1136
9	1137	1138	1266	1265	1137
9	1138	1139	1267	1266	1138
9	1139	1140	1268	1267	1139
9	1140	1141	1269	1268	1140
9	1141	1142	1270	1269	1141
9	1142	1143	1271	1270	1142
9	1143	1144	1272	1271	1143
9	1144	1145	1273	1272	1144
9	1145	1146	1274	1273	1145
9	1146	1147	1275	1274	1146
9	1147	1148	1276	1275	1147
9	1148	1149	1277	1276	1148
9	1149	1150	1278	1277	1149
9	1150	1151	1279	1278	1150
9	1151	1024	1152	1279	1151
9	1152	1153	1281	1280	1152
9	1153	1154	1282	1281	1153
9	1154	1155	1283	1282	1154
9	1155	1156	1284	1283	1155
9	1156	1157	1285	1284	1156
9	1157	1158	1286	1285	1157
9	1158	1159	1287	1286	1158
9	1159	1160	1288	1287	1159
9	1160	1161	1289	1288	1160
9	1161	1162	1290	1289	1161
9	1162	1163	1291	1290	1162
9	1163	1164	1292	1291	1163
9	1164	1165	1293	1292	1164
9	1165	1166	1294	1293	1165
9	1166	1167	1295	1294	1166
9	1167	1168	1296	1295	1167
9	1168	1169	1297	1296	1168
9	1169	1170	1298	1297	1169
9	1170	1171	1299	1298	1170
9	1171	1172	1300	1299	1171
9	1172	1173	1301	1300	1172
9	1173	1174	1302	1301	1173
9	1174	1175	1303	1302	1174
9	1175	1176	1304	1303	1175
9	1176	1177	1305	1304	1176
9	1177	1178	1306	1305	1177
9	1178	1179	1307	1306	1178
9	1179	1180	1308	1307	1179
9	1180	1181	1309	1308	1180
9	1181	1182	1310	1309	1181
9	1182	1183	1311	1310	1182
9	1183	1184	1312	1311	1183
9	1184	1185	1313	1312	1184
9	1185	1186	1314	1313	1185
9	1186	1187	1315	1314	1186
9	1187	1188	1316	1315	1187
9	1188	1189	1317	1316	1188
9	1189	1190	1318	1317	1189
9	1190	1191	1319	1318	1190
9	1191	1192	1320	1319	1191
9	1192	1193	1321	1320	1192
9	1193	1194	1322	1321	1193
9	1194	1195	1323	1322	1194
9	1195	1196	1324	1323	1195
9	1196	1197	1325	1324	1196
9	1197	1198	1326	1325	1197
9	1198	1199	1327	1326	1198
9	1199	1200	1328	1327	1199
9	1200	1201	1329	1328	1200
9	1201	1202	1330	1329	1201
9	1202	1203	1331	1330	1202
9	1203	1204	1332	1331	1203
9	1204	1205	1333	1332	1204
9	1205	1206	1334	1333	1205
9	1206	1207	1335	1334	1206
9	1207	1208	1336	1335	1207
9	1208	1209	1337	1336	1208
9	1209	1210	1338	1337	1209
9	1210	1211	1339	1338	1210
9	1211	1212	1340	1339	1211
9	1212	1213	1341	1340	1212
9	1213	1214	1342	1341	1213
9	1214	1215	1343	1342	1214
9	1215	1216	1344	1343	1215
9	1216	1217	1345	1344	1216
9	1217	1218	1346	1345	1217
9	1218	1219	1347	1346	1218
9	1219	1220	1348	1347	1219
9	1220	1221	1349	1348	1220
9	1221	1222	1350	1349	1221
9	1222	1223	1351	1350	1222
9	1223	1224	1352	1351	1223
9	1224	1225	1353	1352	1224
9	1225	1226	1354	1353	1225
9	1226	1227	1355	1354	1226
9	1227	1228	1356	1355	1227
9	1228	1229	1357	1356	1228
9	1229	1230	1358	1357	1229
9	1230	1231	1359	1358	1230
9	1231	1232	1360	1359	1231
9	1232	1233	1361	1360	1232
9	1233	1234	1362	1361	1233
9	1234	1235	1363	1362	1234
9	1235	1236	1364	1363	1235
9	1236	1237	1365	1364	1236
9	1237	1238	1366	1365	1237
9	1238	1239	1367	1366	1238
9	1239	1240	1368	1367	1239
9	1240	1241	1369	1368	1240
9	1241	1242	1370	1369	1241
9	1242	1243	1371	1370	1242
9	1243	1244	1372	1371	1243
9	1244	1245	1373	1372	1244
9	1245	1246	1374	1373	1245
9	1246	1247	1375	1374	1246
9	1247	1248	1376	1375	1247
9	1248	1249	1377	1376	1248
9	1249	1250	1378	1377	1249
9	1250	1251	1379	1378	1250
9	1251	1252	1380	1379	1251
9	1252	1253	1381	1380	1252
9	1253	1254	1382	1381	1253
9	1254	1255	1383	1382	1254
9	1255	1256	1384	1383	1255
9	1256	1257	1385	1384	1256
9	1257	1258	1386	1385	1257
9	1258	1259	1387	1386	1258
9	1259	1260	1388	1387	1259
9	1260	1261	1389	1388	1260
9	1261	1262	1390	1389	1261
9	1262	1263	1391	1390	1262
9	1263	1264	1392	1391	1263
9	1264	1265	1393	1392	1264
9	1265	1266	1394	1393	1265
9	1266	1267	1395	1394	1266
9	1267	1268	1396	1395	1267
9	1268	1269	1397	1396	1268
9	1269	1270	1398	1397	1269
9	1270	1271	1399	1398	1270
9	1271	1272	1400	1399	1271
9	1272	1273	1401	1400	1272
9	1273	1274	1402	1401	1273
9	1274	1275	1403	1402	1274
9	1275	1276	1404	1403	1275
9	1276	1277	1405	1404	1276
9	1277	1278	1406	1405	1277
9	1278	1279	1407	1406	1278
9	1279	1152	1280	1407	1279
9	1280	1281	1409	1408	1280
9	1281	1282	1410	1409	1281
9	1282	1283	1411	1410	1282
9	1283	1284	1412	1411	1283
9	1284	1285	1413	1412	1284
9	1285	1286	1414	1413	1285
9	1286	1287	1415	1414	1286
9	1287	1288	1416	1415	1287
9	1288	1289	1417	1416	1288
9	1289	1290	1418	1417	1289
9	1290	1291	1419	1418	1290
9	1291	1292	1420	1419	1291
9	1292	1293	1421	1420	1292
9	1293	1294	1422	1421	1293
9	1294	1295	1423	1422	1294
9	1295	1296	1424	1423	1295
9	1296	1297	1425	1424	1296
9	1297	1298	1426	1425	1297
9	1298	1299	1427	1426	1298
9	1299	1300	1428	1427	1299
9	1300	1301	1429	1428	1300
9	1301	1302	1430	1429	1301
9	1302	1303	1431	1430	1302
9	1303	1304	1432	1431	1303
9	1304	1305	1433	1432	1304
9	1305	1306	1434	1433	1305
9	1306	1307	1435	1434	1306
9	1307	1308	1436	1435	1307
9	1308	1309	1437	1436	1308
9	1309	1310	1438	1437	1309
9	1310	1311	1439	1438	1310
9	1311	1312	1440	1439	1311
9	1312	1313	1441	1440	1312
9	1313	1314	1442	1441	1313
9	1314	1315	1443	1442	1314
9	1315	1316	1444	1443	1315
9	1316	1317	1445	1444	1316
9	1317	1318	1446	1445	1317
9	1318	1319	1447	1446	1318
9	1319	1320	1448	1447	1319
9	1320	1321	1449	1448	1320
9	1321	1322	1450	1449	1321
9	1322	1323	1451	1450	1322
9	1323	1324	1452	1451	1323
9	1324	1325	1453	1452	1324
9	1325	1326	1454	1453	1325
9	1326	1327	1455	1454	1326
9	1327	1328	1456	1455	1327
9	1328	1329	1457	1456	1328
9	1329	1330	1458	1457	1329
9	1330	1331	1459	1458	1330
9	1331	1332	1460	1459	1331
9	1332	1333	1461	1460	1332
9	1333	1334	1462	1461	1333
9	1334	1335	1463	1462	1334
9	1335	1336	1464	1463	1335
9	1336	1337	1465	1464	1336
9	1337	1338	1466	1465	1337
9	1338	1339	1467	1466	1338
9	1339	1340	1468	1467	1339
9	1340	1341	1469	1468	1340
9	1341	1342	1470	1469	1341
9	1342	1343	1471	1470	1342
9	1343	1344	1472	1471	1343
9	1344	1345	1473	1472	1344
9	1345	1346	1474	1473	1345
9	1346	1347	1475	1474	1346
9	1347	1348	1476	1475	1347
9	1348	1349	1477	1476	1348
9	1349	1350	1478	1477	1349
9	1350	1351	1479	1478	1350
9	1351	1352	1480	1479	1351
9	1352	1353	1481	1480	1352
9	1353	1354	1482	1481	1353
9	1354	1355	1483	1482	1354
9	1355	1356	1484	1483	1355
9	1356	1357	1485	1484	1356
9	1357	1358	1486	1485	1357
9	1358	1359	1487	1486	1358
9	1359	1360	1488	1487	1359
9	1360	1361	1489	1488	1360
9	1361	1362	1490	1489	1361
9	1362	1363	1491	1490	1362
9	1363	1364	1492	1491	1363
9	1364	1365	1493	1492	1364
9	1365	1366	1494	1493	1365
9	1366	1367	1495	1494	1366
9	1367	1368	1496	1495	1367
9	1368	1369	1497	1496	1368
9	1369	1370	1498	1497	1369
9	1370	1371	1499	1498	1370
9	1371	1372	1500	1499	1371
9	1372	1373	1501	1500	1372
9	1373	1374	1502	1501	1373
9	1374	1375	1503	1502	1374
9	1375	1376	1504	1503	1375
9	1376	1377	1505	1504	1376
9	1377	1378	1506	1505	1377
9	1378	1379	1507	1506	1378
9	1379	1380	1508	1507	1379
9	1380	1381	1509	1508	1380
9	1381	1382	1510	1509	1381
9	1382	1383	1511	1510	1382
9	1383	1384	1512	1511	1383
9	1384	1385	1513	1512	1384
9	1385	1386	1514	1513	1385
9	1386	1387	1515	1514	1386
9	1387	1388	1516	1515	1387
9	1388	1389	1517	1516	1388
9	1389	1390	1518	1517	1389
9	1390	1391	1519	1518	1390
9	1391	1392	1520	1519	1391
9	1392	1393	1521	1520	1392
9	1393	1394	1522	1521	1393
9	1394	1395	1523	1522	1394
9	1395	1396	1524	1523	1395
9	1396	1397	1525	1524	1396
9	1397	1398	1526	1525	1397
9	1398	1399	1527	1526	1398
9	1399	1400	1528	1527	1399
9	1400	1401	1529	1528	1400
9	1401	1402	1530	1529	1401
9	1402	1403	1531	1530	1402
9	1403	1404	1532	1531	1403
9	1404	1405	1533	1532	1404
9	1405	1406	1534	1533	1405
9	1406	1407	1535	1534	1406
9	1407	1280	1408	1535	1407
9	1408	1409	1537	1536	1408
9	1409	1410	1538	1537	1409
9	1410	1411	1539	1538	1410
9	1411	1412	1540	1539	1411
9	1412	1413	1541	1540	1412
9	1413	1414	1542	1541	1413
9	1414	1415	1543	1542	1414
9	1415	1416	1544	1543	1415
9	1416	1417	1545	1544	1416
9	1417	1418	1546	1545	1417
9	1418	1419	1547	1546	1418
9	1419	1420	1548	1547	1419
9	1420	1421	1549	1548	1420
9	1421	1422	1550	1549	1421
9	1422	1423	1551	1550	1422
9	1423	1424	1552	1551	1423
9	1424	1425	1553	1552	1424
9	1425	1426	1554	1553	1425
9	1426	1427	1555	1554	1426
9	1427	1428	1556	1555	1427
9	1428	1429	1557	1556	1428
9	1429	1430	1558	1557	1429
9	1430	1431	1559	1558	1430
9	1431	1432	1560	1559	1431
9	1432	1433	1561	1560	1432
9	1433	1434	1562	1561	1433
9	1434	1435	1563	1562	1434
9	1435	1436	1564	1563	1435
9	1436	1437	1565	1564	1436
9	1437	1438	1566	1565	1437
9	1438	1439	1567	1566	1438
9	1439	1440	1568	1567	1439
9	1440	1441	1569	1568	1440
9	1441	1442	1570	1569	1441
9	1442	1443	1571	1570	1442
9	1443	1444	1572	1571	1443
9	1444	1445	1573	1572	1444
9	1445	1446	1574	1573	1445
9	1446	1447	1575	1574	1446
9	1447	1448	1576	1575	1447
9	1448	1449	1577	1576	1448
9	1449	1450	1578	1577	1449
9	1450	1451	1579	1578	1450
9	1451	1452	1580	1579	1451
9	1452	1453	1581	1580	1452
9	1453	1454	1582	1581	1453
9	1454	1455	1583	1582	1454
9	1455	1456	1584	1583	1455
9	1456	1457	1585	1584	1456
9	1457	1458	1586	1585	1457
9	1458	1459	1587	1586	1458
9	1459	1460	1588	1587	1459
9	1460	1461	1589	1588	1460
9	1461	1462	1590	1589	1461
9	1462	1463	1591	1590	1462
9	1463	1464	1592	1591	1463
9	1464	1465	1593	1592	1464
9	1465	1466	1594	1593	1465
9	1466	1467	1595	1594	1466
9	1467	1468	1596	1595	1467
9	1468	1469	1597	1596	1468
9	1469	1470	1598	1597	1469
9	1470	1471	1599	1598	1470
9	1471	1472	1600	1599	1471
9	1472	1473	1601	1600	1472
9	1473	1474	1602	1601	1473
9	1474	1475	1603	1602	1474
9	1475	1476	1604	1603	1475
9	1476	1477	1605	1604	1476
9	1477	1478	1606	1605	1477
9	1478	1479	1607	1606	1478
9	1479	1480	1608	1607	1479
9	1480	1481	1609	1608	1480
9	1481	1482	1610	1609	1481
9	1482	1483	1611	1610	1482
9	1483	1484	1612	1611	1483
9	1484	1485	1613	1612	1484
9	1485	1486	1614	1613	1485
9	1486	1487	1615	1614	1486
9	1487	1488	1616	1615	1487
9	1488	1489	1617	1616	1488
9	1489	1490	1618	1617	1489
9	1490	1491	1619	1618	1490
9	1491	1492	1620	1619	1491
9	1492	1493	1621	1620	1492
9	1493	1494	1622	1621	1493
9	1494	1495	1623	1622	1494
9	1495	1496	1624	1623	1495
9	1496	1497	1625	1624	1496
9	1497	1498	1626	1625	1497
9	1498	1499	1627	1626	1498
9	1499	1500	1628	1627	1499
9	1500	1501	1629	1628	1500
9	1501	1502	1630	1629	1501
9	1502	1503	1631	1630	1502
9	1503	1504	1632	1631	1503
9	1504	1505	1633	1632	1504
9	1505	1506	1634	1633	1505
9	1506	1507	1635	1634	1506
9	1507	1508	1636	1635	1507
9	1508	1509	1637	1636	1508
9	1509	1510	1638	1637	1509
9	1510	1511	1639	1638	1510
9	1511	1512	1640	1639	1511
9	1512	1513	1641	1640	1512
9	1513	1514	1642	1641	1513
9	1514	1515	1643	1642	1514
9	1515	1516	1644	1643	1515
9	1516	1517	1645	1644	1516
9	1517	1518	1646	1645	1517
9	1518	1519	1647	1646	1518
9	1519	1520	1648	1647	1519
9	1520	1521	1649	1648	1520
9	1521	1522	1650	1649	1521
9	1522	1523	1651	1650	1522
9	1523	1524	1652	1651	1523
9	1524	1525	1653	1652	1524
9	1525	1526	1654	1653	1525
9	1526	1527	1655	1654	1526
9	1527	1528	1656	1655	1527
9	1528	1529	1657	1656	1528
9	1529	1530	1658	1657	1529
9	1530	1531	1659	1658	1530
9	1531	1532	1660	1659	1531
9	1532	1533	1661	1660	1532
9	1533	1534	1662	1661	1533
9	1534	1535	1663	1662	1534
9	1535	1408	1536	1663	1535
9	1536	1537	1665	1664	1536
9	1537	1538	1666	1665	1537
9	1538	1539	1667	1666	1538
9	1539	1540	1668	1667	1539
9	1540	1541	1669	1668	1540
9	1541	1542	1670	1669	1541
9	1542	1543	1671	1670	1542
9	1543	1544	1672	1671	1543
9	1544	1545	1673	1672	1544
9	1545	1546	1674	1673	1545
9	1546	1547	1675	1674	1546
9	1547	1548	1676	1675	1547
9	1548	1549	1677	1676	1548
9	1549	1550	1678	1677	1549
9	1550	1551	1679	1678	1550
9	1551	1552	1680	1679	1551
9	1552	1553	1681	1680	1552
9	1553	1554	1682	1681	1553
9	1554	1555	1683	1682	1554
9	1555	1556	1684	1683	1555
9	1556	1557	1685	1684	1556
9	1557	1558	1686	1685	1557
9	1558	1559	1687	1686	1558
9	1559	1560	1688	1687	1559
9	1560	1561	1689	1688	1560
9	1561	1562	1690	1689	1561
9	1562	1563	1691	1690	1562
9	1563	1564	1692	1691	1563
9	1564	1565	1693	1692	1564
9	1565	1566	1694	1693	1565
9	1566	1567	1695	1694	1566
9	1567	1568	1696	1695	1567
9	1568	1569	1697	1696	1568
9	1569	1570	1698	1697	1569
9	1570	1571	1699	1698	1570
9	1571	1572	1700	1699	1571
9	1572	1573	1701	1700	1572
9	1573	1574	1702	1701	1573
9	1574	1575	1703	1702	1574
9	1575	1576	1704	1703	1575
9	1576	1577	1705	1704	1576
9	1577	1578	1706	1705	1577
9	1578	1579	1707	1706	1578
9	1579	1580	1708	1707	1579
9	1580	1581	1709	1708	1580
9	1581	1582	1710	1709	1581
9	1582	1583	1711	1710	1582
9	1583	1584	1712	1711	1583
9	1584	1585	1713	1712	1584
9	1585	1586	1714	1713	1585
9	1586	1587	1715	1714	1586
9	1587	1588	1716	1715	1587
9	1588	1589	1717	1716	1588
9	1589	1590	1718	1717	1589
9	1590	1591	1719	1718	1590
9	1591	1592	1720	1719	1591
9	1592	1593	1721	1720	1592
9	1593	1594	1722	1721	1593
9	1594	1595	1723	1722	1594
9	1595	1596	1724	1723	1595
9	1596	1597	1725	1724	1596
9	1597	1598	1726	1725	1597
9	1598	1599	1727	1726	1598
9	1599	1600	1728	1727	1599
9	1600	1601	1729	1728	1600
9	1601	1602	1730	1729	1601
9	1602	1603	1731	1730	1602
9	1603	1604	1732	1731	1603
9	1604	1605	1733	1732	1604
9	1605	1606	1734	1733	1605
9	1606	1607	1735	1734	1606
9	1607	1608	1736	1735	1607
9	1608	1609	1737	1736	1608
9	1609	1610	1738	1737	1609
9	1610	1611	1739	1738	1610
9	1611	1612	1740	1739	1611
9	1612	1613	1741	1740	1612
9	1613	1614	1742	1741	1613
9	1614	1615	1743	1742	1614
9	1615	1616	1744	1743	1615
9	1616	1617	1745	1744	1616
9	1617	1618	1746	1745	1617
9	1618	1619	1747	1746	1618
9	1619	1620	1748	1747	1619
9	1620	1621	1749	1748	1620
9	1621	1622	1750	1749	1621
9	1622	1623	1751	1750	1622
9	1623	1624	1752	1751	1623
9	1624	1625	1753	1752	1624
9	1625	1626	1754	1753	1625
9	1626	1627	1755	1754	1626
9	1627	1628	1756	1755	1627
9	1628	1629	1757	1756	1628
9	1629	1630	1758	1757	1629
9	1630	1631	1759	1758	1630
9	1631	1632	1760	1759	1631
9	1632	1633	1761	1760	1632
9	1633	1634	1762	1761	1633
9	1634	1635	1763	1762	1634
9	1635	1636	1764	1763	1635
9	1636	1637	1765	1764	1636
9	1637	1638	1766	1765	1637
9	1638	1639	1767	1766	1638
9	1639	1640	1768	1767	1639
9	1640	1641	1769	1768	1640
9	1641	1642	1770	1769	1641
9	1642	1643	1771	1770	1642
9	1643	1644	1772	1771	1643
9	1644	1645	1773	1772	1644
9	1645	1646	1774	1773	1645
9	1646	1647	1775	1774	1646
9	1647	1648	1776	1775	1647
9	1648	1649	1777	1776	1648
9	1649	1650	1778	1777	1649
9	1650	1651	1779	1778	1650
9	1651	1652	1780	1779	1651
9	1652	1653	1781	1780	1652
9	1653	1654	1782	1781	1653
9	1654	1655	1783	1782	1654
9	1655	1656	1784	1783	1655
9	1656	1657	1785	1784	1656
9	1657	1658	1786	1785	1657
9	1658	1659	1787	1786	1658
9	1659	1660	1788	1787	1659
9	1660	1661	1789	1788	1660
9	1661	1662	1790	1789	1661
9	1662	1663	1791	1790	1662
9	1663	1536	1664	1791	1663
9	1664	1665	1793	1792	1664
9	1665	1666	1794	1793	1665
9	1666	1667	1795	1794	1666
9	1667	1668	1796	1795	1667
9	1668	1669	1797	1796	1668
9	1669	1670	1798	1797	1669
9	1670	1671	1799	1798	1670
9	1671	1672	1800	1799	1671
9	1672	1673	1801	1800	1672
9	1673	1674	1802	1801	1673
9	1674	1675	1803	1802	1674
9	1675	1676	1804	1803	1675
9	1676	1677	1805	1804	1676
9	1677	1678	1806	1805	1677
9	1678	1679	1807	1806	1678
9	1679	1680	1808	1807	1679
9	1680	1681	1809	1808	1680
9	1681	1682	1810	1809	1681
9	1682	1683	1811	1810	1682
9	1683	1684	1812	1811	1683
9	1684	1685	1813	1812	1684
9	1685	1686	1814	1813	1685
9	1686	1687	1815	1814	1686
9	1687	1688	1816	1815	1687
9	1688	1689	1817	1816	1688
9	1689	1690	1818	1817	1689
9	1690	1691	1819	1818	1690
9	1691	1692	1820	1819	1691
9	1692	1693	1821	1820	1692
9	1693	1694	1822	1821	1693
9	1694	1695	1823	1822	1694
9	1695	1696	1824	1823	1695
9	1696	1697	1825	1824	1696
9	1697	1698	1826	1825	1697
9	1698	1699	1827	1826	1698
9	1699	1700	1828	1827	1699
9	1700	1701	1829	1828	1700
9	1701	1702	1830	1829	1701
9	1702	1703	1831	1830	1702
9	1703	1704	1832	1831	1703
9	1704	1705	1833	1832	1704
9	1705	1706	1834	1833	1705
9	1706	1707	1835	1834	1706
9	1707	1708	1836	1835	1707
9	1708	1709	1837	1836	1708
9	1709	1710	1838	1837	1709
9	1710	1711	1839	1838	1710
9	1711	1712	1840	1839	1711
9	1712	1713	1841	1840	1712
9	1713	1714	1842	1841	1713
9	1714	1715	1843	1842	1714
9	1715	1716	1844	1843	1715
9	1716	1717	1845	1844	1716
9	1717	1718	1846	1845	1717
9	1718	1719	1847	1846	1718
9	1719	1720	1848	1847	1719
9	1720	1721	1849	1848	1720
9	1721	1722	1850	1849	1721
9	1722	1723	1851	1850	1722
9	1723	1724	1852	1851	1723
9	1724	1725	1853	1852	1724
9	1725	1726	1854	1853	1725
9	1726	1727	1855	1854	1726
9	1727	1728	1856	1855	1727
9	1728	1729	1857	1856	1728
9	1729	1730	1858	1857	1729
9	1730	1731	1859	1858	1730
9	1731	1732	1860	1859	1731
9	1732	1733	1861	1860	1732
9	1733	1734	1862	1861	1733
9	1734	1735	1863	1862	1734
9	1735	1736	1864	1863	1735
9	1736	1737	1865	1864	1736
9	1737	1738	1866	1865	1737
9	1738	1739	1867	1866	1738
9	1739	1740	1868	1867	1739
9	1740	1741	1869	1868	1740
9	1741	1742	1870	1869	1741
9	1742	1743	1871	1870	1742
9	1743	1744	1872	1871	1743
9	1744	1745	1873	1872	1744
9	1745	1746	1874	1873	1745
9	1746	1747	1875	1874	1746
9	1747	1748	1876	1875	1747
9	1748	1749	1877	1876	1748
9	1749	1750	1878	1877	1749
9	1750	1751	1879	1878	1750
9	1751	1752	1880	1879	1751
9	1752	1753	1881	1880	1752
9	1753	1754	1882	1881	1753
9	1754	1755	1883	1882	1754
9	1755	1756	1884	1883	1755
9	1756	1757	1885	1884	1756
9	1757	1758	1886	1885	1757
9	1758	1759	1887	1886	1758
9	1759	1760	1888	1887	1759
9	1760	1761	1889	1888	1760
9	1761	1762	1890	1889	1761
9	1762	1763	1891	1890	1762
9	1763	1764	1892	1891	1763
9	1764	1765	1893	1892	1764
9	1765	1766	1894	1893	1765
9	1766	1767	1895	1894	1766
9	1767	1768	1896	1895	1767
9	1768	1769	1897	1896	1768
9	1769	1770	1898	1897	1769
9	1770	1771	1899	1898	1770
9	1771	1772	1900	1899	1771
9	1772	1773	1901	1900	1772
9	1773	1774	1902	1901	1773
9	1774	1775	1903	1902	1774
9	1775	1776	1904	1903	1775
9	1776	1777	1905	1904	1776
9	1777	1778	1906	1905	1777
9	1778	1779	1907	1906	1778
9	1779	1780	1908	1907	1779
9	1780	1781	1909	1908	1780
9	1781	1782	1910	1909	1781
9	1782	1783	1911	1910	1782
9	1783	1784	1912	1911	1783
9	1784	1785	1913	1912	1784
9	1785	1786	1914	1913	1785
9	1786	1787	1915	1914	1786
9	1787	1788	1916	1915	1787
9	1788	1789	1917	1916	1788
9	1789	1790	1918	1917	1789
9	1790	1791	1919	1918	1790
9	1791	1664	1792	1919	1791
9	1792	1793	1921	1920	1792
9	1793	1794	1922	1921	1793
9	1794	1795	1923	1922	1794
9	1795	1796	1924	1923	1795
9	1796	1797	1925	1924	1796
9	1797	1798	1926	1925	1797
9	1798	1799	1927	1926	1798
9	1799	1800	1928	1927	1799
9	1800	1801	1929	1928	1800
9	1801	1802	1930	1929	1801
9	1802	1803	1931	1930	1802
9	1803	1804	1932	1931	1803
9	1804	1805	1933	1932	1804
9	1805	1806	1934	1933	1805
9	1806	1807	1935	1934	1806
9	1807	1808	1936	1935	1807
9	1808	1809	1937	1936	1808
9	1809	1810	1938	1937	1809
9	1810	1811	1939	1938	1810
9	1811	1812	1940	1939	1811
9	1812	1813	1941	1940	1812
9	1813	1814	1942	1941	1813
9	1814	1815	1943	1942	1814
9	1815	1816	1944	1943	1815
9	1816	1817	1945	1944	1816
9	1817	1818	1946	1945	1817
9	1818	1819	1947	1946	1818
9	1819	1820	1948	1947	1819
9	1820	1821	1949	1948	1820
9	1821	1822	1950	1949	1821
9	1822	1823	1951	1950	1822
9	1823	1824	1952	1951	1823
9	1824	1825	1953	1952	1824
9	1825	1826	1954	1953	1825
9	1826	1827	1955	1954	1826
9	1827	1828	1956	1955	1827
9	1828	1829	1957	1956	1828
9	1829	1830	1958	1957	1829
9	1830	1831	1959	1958	1830
9	1831	1832	1960	1959	1831
9	1832	1833	1961	1960	1832
9	1833	1834	1962	1961	1833
9	1834	1835	1963	1962	1834
9	1835	1836	1964	1963	1835
9	1836	1837	1965	1964	1836
9	1837	1838	1966	1965	1837
9	1838	1839	1967	1966	1838
9	1839	1840	1968	1967	1839
9	1840	1841	1969	1968	1840
9	1841	1842	1970	1969	1841
9	1842	1843	1971	1970	1842
9	1843	1844	1972	1971	1843
9	1844	1845	1973	1972	1844
9	1845	1846	1974	1973	1845
9	1846	1847	1975	1974	1846
9	1847	1848	1976	1975	1847
9	1848	1849	1977	1976	1848
9	1849	1850	1978	1977	1849
9	1850	1851	1979	1978	1850
9	1851	1852	1980	1979	1851
9	1852	1853	1981	1980	1852
9	1853	1854	1982	1981	1853
9	1854	1855	1983	1982	1854
9	1855	1856	1984	1983	1855
9	1856	1857	1985	1984	1856
9	1857	1858	1986	1985	1857
9	1858	1859	1987	1986	1858
9	1859	1860	1988	1987	1859
9	1860	1861	1989	1988	1860
9	1861	1862	1990	1989	1861
9	1862	1863	1991	1990	1862
9	1863	1864	1992	1991	1863
9	1864	1865	1993	1992	1864
9	1865	1866	1994	1993	1865
9	1866	1867	1995	1994	1866
9	1867	1868	1996	1995	1867
9	1868	1869	1997	1996	1868
9	1869	1870	1998	1997	1869
9	1870	1871	1999	1998	1870
9	1871	1872	2000	1999	1871
9	1872	1873	2001	2000	1872
9	1873	1874	2002	2001	1873
9	1874	1875	2003	2002	1874
9	1875	1876	2004	2003	1875
9	1876	1877	2005	2004	1876
9	1877	1878	2006	2005	1877
9	1878	1879	2007	2006	1878
9	1879	1880	2008	2007	1879
9	1880	1881	2009	2008	1880
9	1881	1882	2010	2009	1881
9	1882	1883	2011	2010	1882
9	1883	1884	2012	2011	1883
9	1884	1885	2013	2012	1884
9	1885	1886	2014	2013	1885
9	1886	1887	2015	2014	1886
9	1887	1888	2016	2015	1887
9	1888	1889	2017	2016	1888
9	1889	1890	2018	2017	1889
9	1890	1891	2019	2018	1890
9	1891	1892	2020	2019	1891
9	1892	1893	2021	2020	1892
9	1893	1894	2022	2021	1893
9	1894	1895	2023	2022	1894
9	1895	1896	2024	2023	1895
9	1896	1897	2025	2024	1896
9	1897	1898	2026	2025	1897
9	1898	1899	2027	2026	1898
9	1899	1900	2028	2027	1899
9	1900	1901	2029	2028	1900
9	1901	1902	2030	2029	1901
9	1902	1903	2031	2030	1902
9	1903	1904	2032	2031	1903
9	1904	1905	2033	2032	1904
9	1905	1906	2034	2033	1905
9	1906	1907	2035	2034	1906
9	1907	1908	2036	2035	1907
9	1908	1909	2037	2036	1908
9	1909	1910	2038	2037	1909
9	1910	1911	2039	2038	1910
9	1911	1912	2040	2039	1911
9	1912	1913	2041	2040	1912
9	1913	1914	2042	2041	1913
9	1914	1915	2043	2042	1914
9	1915	1916	2044	2043	1915
9	1916	1917	2045	2044	1916
9	1917	1918	2046	2045	1917
9	1918	1919	2047	2046	1918
9	1919	1792	1920	2047	1919
9	1920	1921	2049	2048	1920
9	1921	1922	2050	2049	1921
9	1922	1923	2051	2050	1922
9	1923	1924	2052	2051	1923
9	1924	1925	2053	2052	1924
9	1925	1926	2054	2053	1925
9	1926	1927	2055	2054	1926
9	1927	1928	2056	2055	1927
9	1928	1929	2057	2056	1928
9	1929	1930	2058	2057	1929
9	1930	1931	2059	2058	1930
9	1931	1932	2060	2059	1931
9	1932	1933	2061	2060	1932
9	1933	1934	2062	2061	1933
9	1934	1935	2063	2062	1934
9	1935	1936	2064	2063	1935
9	1936	1937	2065	2064	1936
9	1937	1938	2066	2065	1937
9	1938	1939	2067	2066	1938
9	1939	1940	2068	2067	1939
9	1940	1941	2069	2068	1940
9	1941	1942	2070	2069	1941
9	1942	1943	2071	2070	1942
9	1943	1944	2072	2071	1943
9	1944	1945	2073	2072	1944
9	1945	1946	2074	2073	1945
9	1946	1947	2075	2074	1946
9	1947	1948	2076	2075	1947
9	1948	1949	2077	2076	1948
9	1949	1950	2078	2077	1949
9	1950	1951	2079	2078	1950
9	1951	1952	2080	2079	1951
9	1952	1953	2081	2080	1952
9	1953	1954	2082	2081	1953
9	1954	1955	2083	2082	1954
9	1955	1956	2084	2083	1955
9	1956	1957	2085	2084	1956
9	1957	1958	2086	2085	1957
9	1958	1959	2087	2086	1958
9	1959	1960	2088	2087	1959
9	1960	1961	2089	2088	1960
9	1961	1962	2090	2089	1961
9	1962	1963	2091	2090	1962
9	1963	1964	2092	2091	1963
9	1964	1965	2093	2092	1964
9	1965	1966	2094	2093	1965
9	1966	1967	2095	2094	1966
9	1967	1968	2096	2095	1967
9	1968	1969	2097	2096	1968
9	1969	1970	2098	2097	1969
9	1970	1971	2099	2098	1970
9	1971	1972	2100	2099	1971
9	1972	1973	2101	2100	1972
9	1973	1974	2102	2101	1973
9	1974	1975	2103	2102	1974
9	1975	1976	2104	2103	1975
9	1976	1977	2105	2104	1976
9	1977	1978	2106	2105	1977
9	1978	1979	2107	2106	1978
9	1979	1980	2108	2107	1979
9	1980	1981	2109	2108	1980
9	1981	1982	2110	2109	1981
9	1982	1983	2111	2110	1982
9	1983	1984	2112	2111	1983
9	1984	1985	2113	2112	1984
9	1985	1986	2114	2113	1985
9	1986	1987	2115	2114	1986
9	1987	1988	2116	2115	1987
9	1988	1989	2117	2116	1988
9	1989	1990	2118	2117	1989
9	1990	1991	2119	2118	1990
9	1991	1992	2120	2119	1991
9	1992	1993	2121	2120	1992
9	1993	1994	2122	2121	1993
9	1994	1995	2123	2122	1994
9	1995	1996	2124	2123	1995
9	1996	1997	2125	2124	1996
9	1997	1998	2126	2125	1997
9	1998	1999	2127	2126	1998
9	1999	2000	2128	2127	1999
9	2000	2001	2129	2128	2000
9	2001	2002	2130	2129	2001
9	2002	2003	2131	2130	2002
9	2003	2004	2132	2131	2003
9	2004	2005	2133	2132	2004
9	2005	2006	2134	2133	2005
9	2006	2007	2135	2134	2006
9	2007	2008	2136	2135	2007
9	2008	2009	2137	2136	2008
9	2009	2010	2138	2137	2009
9	2010	2011	2139	2138	2010
9	2011	2012	2140	2139	2011
9	2012	2013	2141	2140	2012
9	2013	2014	2142	2141	2013
9	2014	2015	2143	2142	2014
9	2015	2016	2144	2143	2015
9	2016	2017	2145	2144	2016
9	2017	2018	2146	2145	2017
9	2018	2019	2147	2146	2018
9	2019	2020	2148	2147	2019
9	2020	2021	2149	2148	2020
9	2021	2022	2150	2149	2021
9	2022	2023	2151	2150	2022
9	2023	2024	2152	2151	2023
9	2024	2025	2153	2152	2024
9	2025	2026	2154	2153	2025
9	2026	2027	2155	2154	2026
9	2027	2028	2156	2155	2027
9	2028	2029	2157	2156	2028
9	2029	2030	2158	2157	2029
9	2030	2031	2159	2158	2030
9	2031	2032	2160	2159	2031
9	2032	2033	2161	2160	2032
9	2033	2034	2162	2161	2033
9	2034	2035	2163	2162	2034
9	2035	2036	2164	2163	2035
9	2036	2037	2165	2164	2036
9	2037	2038	2166	2165	2037
9	2038	2039	2167	2166	2038
9	2039	2040	2168	2167	2039
9	2040	2041	2169	2168	2040
9	2041	2042	2170	2169	2041
9	2042	2043	2171	2170	2042
9	2043	2044	2172	2171	2043
9	2044	2045	2173	2172	2044
9	2045	2046	2174	2173	2045
9	2046	2047	2175	2174	2046
9	2047	1920	2048	2175	2047
9	2048	2049	2177	2176	2048
9	2049	2050	2178	2177	2049
9	2050	2051	2179	2178	2050
9	2051	2052	2180	2179	2051
9	2052	2053	2181	2180	2052
9	2053	2054	2182	2181	2053
9	2054	2055	2183	2182	2054
9	2055	2056	2184	2183	2055
9	2056	2057	2185	2184	2056
9	2057	2058	2186	2185	2057
9	2058	2059	2187	2186	2058
9	2059	2060	2188	2187	2059
9	2060	2061	2189	2188	2060
9	2061	2062	2190	2189	2061
9	2062	2063	2191	2190	2062
9	2063	2064	2192	2191	2063
9	2064	2065	2193	2192	2064
9	2065	2066	2194	2193	2065
9	2066	2067	2195	2194	2066
9	2067	2068	2196	2195	2067
9	2068	2069	2197	2196	2068
9	2069	2070	2198	2197	2069
9	2070	2071	2199	2198	2070
9	2071	2072	2200	2199	2071
9	2072	2073	2201	2200	2072
9	2073	2074	2202	2201	2073
9	2074	2075	2203	2202	2074
9	2075	2076	2204	2203	2075
9	2076	2077	2205	2204	2076
9	2077	2078	2206	2205	2077
9	2078	2079	2207	2206	2078
9	2079	2080	2208	2207	2079
9	2080	2081	2209	2208	2080
9	2081	2082	2210	2209	2081
9	2082	2083	2211	2210	2082
9	2083	2084	2212	2211	2083
9	2084	2085	2213	2212	2084
9	2085	2086	2214	2213	2085
9	2086	2087	2215	2214	2086
9	2087	2088	2216	2215	2087
9	2088	2089	2217	2216	2088
9	2089	2090	2218	2217	2089
9	2090	2091	2219	2218	2090
9	2091	2092	2220	2219	2091
9	2092	2093	2221	2220	2092
9	2093	2094	2222	2221	2093
9	2094	2095	2223	2222	2094
9	2095	2096	2224	2223	2095
9	2096	2097	2225	2224	2096
9	2097	2098	2226	2225	2097
9	2098	2099	2227	2226	2098
9	2099	2100	2228	2227	2099
9	2100	2101	2229	2228	2100
9	2101	2102	2230	2229	2101
9	2102	2103	2231	2230	2102
9	2103	2104	2232	2231	2103
9	2104	2105	2233	2232	2104
9	2105	2106	2234	2233	2105
9	2106	2107	2235	2234	2106
9	2107	2108	2236	2235	2107
9	2108	2109	2237	2236	2108
9	2109	2110	2238	2237	2109
9	2110	2111	2239	2238	2110
9	2111	2112	2240	2239	2111
9	2112	2113	2241	2240	2112
9	2113	2114	2242	2241	2113
9	2114	2115	2243	2242	2114
9	2115	2116	2244	2243	2115
9	2116	2117	2245	2244	2116
9	2117	2118	2246	2245	2117
9	2118	2119	2247	2246	2118
9	2119	2120	2248	2247	2119
9	2120	2121	2249	2248	2120
9	2121	2122	2250	2249	2121
9	2122	2123	2251	2250	2122
9	2123	2124	2252	2251	2123
9	2124	2125	2253	2252	2124
9	2125	2126	2254	2253	2125
9	2126	2127	2255	2254	2126
9	2127	2128	2256	2255	2127
9	2128	2129	2257	2256	2128
9	2129	2130	2258	2257	2129
9	2130	2131	2259	2258	2130
9	2131	2132	2260	2259	2131
9	2132	2133	2261	2260	2132
9	2133	2134	2262	2261	2133
9	2134	2135	2263	2262	2134
9	2135	2136	2264	2263	2135
9	2136	2137	2265	2264	2136
9	2137	2138	2266	2265	2137
9	2138	2139	2267	2266	2138
9	2139	2140	2268	2267	2139
9	2140	2141	2269	2268	2140
9	2141	2142	2270	2269	2141
9	2142	2143	2271	2270	2142
9	2143	2144	2272	2271	2143
9	2144	2145	2273	2272	2144
9	2145	2146	2274	2273	2145
9	2146	2147	2275	2274	2146
9	2147	2148	2276	2275	2147
9	2148	2149	2277	2276	2148
9	2149	2150	2278	2277	2149
9	2150	2151	2279	2278	2150
9	2151	2152	2280	2279	2151
9	2152	2153	2281	2280	2152
9	2153	2154	2282	2281	2153
9	2154	2155	2283	2282	2154
9	2155	2156	2284	2283	2155
9	2156	2157	2285	2284	2156
9	2157	2158	2286	2285	2157
9	2158	2159	2287	2286	2158
9	2159	2160	2288	2287	2159
9	2160	2161	2289	2288	2160
9	2161	2162	2290	2289	2161
9	2162	2163	2291	2290	2162
9	2163	2164	2292	2291	2163
9	2164	2165	2293	2292	2164
9	2165	2166	2294	2293	2165
9	2166	2167	2295	2294	2166
9	2167	2168	2296	2295	2167
9	2168	2169	2297	2296	2168
9	2169	2170	2298	2297	2169
9	2170	2171	2299	2298	2170
9	2171	2172	2300	2299	2171
9	2172	2173	2301	2300	2172
9	2173	2174	2302	2301	2173
9	2174	2175	2303	2302	2174
9	2175	2048	2176	2303	2175
9	2176	2177	2305	2304	2176
9	2177	2178	2306	2305	2177
9	2178	2179	2307	2306	2178
9	2179	2180	2308	2307	2179
9	2180	2181	2309	2308	2180
9	2181	2182	2310	2309	2181
9	2182	2183	2311	2310	2182
9	2183	2184	2312	2311	2183
9	2184	2185	2313	2312	2184
9	2185	2186	2314	2313	2185
9	2186	2187	2315	2314	2186
9	2187	2188	2316	2315	2187
9	2188	2189	2317	2316	2188
9	2189	2190	2318	2317	2189
9	2190	2191	2319	2318	2190
9	2191	2192	2320	2319	2191
9	2192	2193	2321	2320	2192
9	2193	2194	2322	2321	2193
9	2194	2195	2323	2322	2194
9	2195	2196	2324	2323	2195
9	2196	2197	2325	2324	2196
9	2197	2198	2326	2325	2197
9	2198	2199	2327	2326	2198
9	2199	2200	2328	2327	2199
9	2200	2201	2329	2328	2200
9	2201	2202	2330	2329	2201
9	2202	2203	2331	2330	2202
9	2203	2204	2332	2331	2203
9	2204	2205	2333	2332	2204
9	2205	2206	2334	2333	2205
9	2206	2207	2335	2334	2206
9	2207	2208	2336	2335	2207
9	2208	2209	2337	2336	2208
9	2209	2210	2338	2337	2209
9	2210	2211	2339	2338	2210
9	2211	2212	2340	2339	2211
9	2212	2213	2341	2340	2212
9	2213	2214	2342	2341	2213
9	2214	2215	2343	2342	2214
9	2215	2216	2344	2343	2215
9	2216	2217	2345	2344	2216
9	2217	2218	2346	2345	2217
9	2218	2219	2347	2346	2218
9	2219	2220	2348	2347	2219
9	2220	2221	2349	2348	2220
9	2221	2222	2350	2349	2221
9	2222	2223	2351	2350	2222
9	2223	2224	2352	2351	2223
9	2224	2225	2353	2352	2224
9	2225	2226	2354	2353	2225
9	2226	2227	2355	2354	2226
9	2227	2228	2356	2355	2227
9	2228	2229	2357	2356	2228
9	2229	2230	2358	2357	2229
9	2230	2231	2359	2358	2230
9	2231	2232	2360	2359	2231
9	2232	2233	2361	2360	2232
9	2233	2234	2362	2361	2233
9	2234	2235	2363	2362	2234
9	2235	2236	2364	2363	2235
9	2236	2237	2365	2364	2236
9	2237	2238	2366	2365	2237
9	2238	2239	2367	2366	2238
9	2239	2240	2368	2367	2239
9	2240	2241	2369	2368	2240
9	2241	2242	2370	2369	2241
9	2242	2243	2371	2370	2242
9	2243	2244	2372	2371	2243
9	2244	2245	2373	2372	2244
9	2245	2246	2374	2373	2245
9	2246	2247	2375	2374	2246
9	2247	2248	2376	2375	2247
9	2248	2249	2377	2376	2248
9	2249	2250	2378	2377	2249
9	2250	2251	2379	2378	2250
9	2251	2252	2380	2379	2251
9	2252	2253	2381	2380	2252
9	2253	2254	2382	2381	2253
9	2254	2255	2383	2382	2254
9	2255	2256	2384	2383	2255
9	2256	2257	2385	2384	2256
9	2257	2258	2386	2385	2257
9	2258	2259	2387	2386	2258
9	2259	2260	2388	2387	2259
9	2260	2261	2389	2388	2260
9	2261	2262	2390	2389	2261
9	2262	2263	2391	2390	2262
9	2263	2264	2392	2391	2263
9	2264	2265	2393	2392	2264
9	2265	2266	2394	2393	2265
9	2266	2267	2395	2394	2266
9	2267	2268	2396	2395	2267
9	2268	2269	2397	2396	2268
9	2269	2270	2398	2397	2269
9	2270	2271	2399	2398	2270
9	2271	2272	2400	2399	2271
9	2272	2273	2401	2400	2272
9	2273	2274	2402	2401	2273
9	2274	2275	2403	2402	2274
9	2275	2276	2404	2403	2275
9	2276	2277	2405	2404	2276
9	2277	2278	2406	2405	2277
9	2278	2279	2407	2406	2278
9	2279	2280	2408	2407	2279
9	2280	2281	2409	2408	2280
9	2281	2282	2410	2409	2281
9	2282	2283	2411	2410	2282
9	2283	2284	2412	2411	2283
9	2284	2285	2413	2412	2284
9	2285	2286	2414	2413	2285
9	2286	2287	2415	2414	2286
9	2287	2288	2416	2415	2287
9	2288	2289	2417	2416	2288
9	2289	2290	2418	2417	2289
9	2290	2291	2419	2418	2290
9	2291	2292	2420	2419	2291
9	2292	2293	2421	2420	2292
9	2293	2294	2422	2421	2293
9	2294	2295	2423	2422	2294
9	2295	2296	2424	2423	2295
9	2296	2297	2425	2424	2296
9	2297	2298	2426	2425	2297
9	2298	2299	2427	2426	2298
9	2299	2300	2428	2427	2299
9	2300	2301	2429	2428	2300
9	2301	2302	2430	2429	2301
9	2302	2303	2431	2430	2302
9	2303	2176	2304	2431	2303
9	2304	2305	2433	2432	2304
9	2305	2306	2434	2433	2305
9	2306	2307	2435	2434	2306
9	2307	2308	2436	2435	2307
9	2308	2309	2437	2436	2308
9	2309	2310	2438	2437	2309
9	2310	2311	2439	2438	2310
9	2311	2312	2440	2439	2311
9	2312	2313	2441	2440	2312
9	2313	2314	2442	2441	2313
9	2314	2315	2443	2442	2314
9	2315	2316	2444	2443	2315
9	2316	2317	2445	2444	2316
9	2317	2318	2446	2445	2317
9	2318	2319	2447	2446	2318
9	2319	2320	2448	2447	2319
9	2320	2321	2449	2448	2320
9	2321	2322	2450	2449	2321
9	2322	2323	2451	2450	2322
9	2323	2324	2452	2451	2323
9	2324	2325	2453	2452	2324
9	2325	2326	2454	2453	2325
9	2326	2327	2455	2454	2326
9	2327	2328	2456	2455	2327
9	2328	2329	2457	2456	2328
9	2329	2330	2458	2457	2329
9	2330	2331	2459	2458	2330
9	2331	2332	2460	2459	2331
9	2332	2333	2461	2460	2332
9	2333	2334	2462	2461	2333
9	2334	2335	2463	2462	2334
9	2335	2336	2464	2463	2335
9	2336	2337	2465	2464	2336
9	2337	2338	2466	2465	2337
9	2338	2339	2467	2466	2338
9	2339	2340	2468	2467	2339
9	2340	2341	2469	2468	2340
9	2341	2342	2470	2469	2341
9	2342	2343	2471	2470	2342
9	2343	2344	2472	2471	2343
9	2344	2345	2473	2472	2344
9	2345	2346	2474	2473	2345
9	2346	2347	2475	2474	2346
9	2347	2348	2476	2475	2347
9	2348	2349	2477	2476	2348
9	2349	2350	2478	2477	2349
9	2350	2351	2479	2478	2350
9	2351	2352	2480	2479	2351
9	2352	2353	2481	2480	2352
9	2353	2354	2482	2481	2353
9	2354	2355	2483	2482	2354
9	2355	2356	2484	2483	2355
9	2356	2357	2485	2484	2356
9	2357	2358	2486	2485	2357
9	2358	2359	2487	2486	2358
9	2359	2360	2488	2487	2359
9	2360	2361	2489	2488	2360
9	2361	2362	2490	2489	2361
9	2362	2363	2491	2490	2362
9	2363	2364	2492	2491	2363
9	2364	2365	2493	2492	2364
9	2365	2366	2494	2493	2365
9	2366	2367	2495	2494	2366
9	2367	2368	2496	2495	2367
9	2368	2369	2497	2496	2368
9	2369	2370	2498	2497	2369
9	2370	2371	2499	2498	2370
9	2371	2372	2500	2499	2371
9	2372	2373	2501	2500	2372
9	2373	2374	2502	2501	2373
9	2374	2375	2503	2502	2374
9	2375	2376	2504	2503	2375
9	2376	2377	2505	2504	2376
9	2377	2378	2506	2505	2377
9	2378	2379	2507	2506	2378
9	2379	2380	2508	2507	2379
9	2380	2381	2509	2508	2380
9	2381	2382	2510	2509	2381
9	2382	2383	2511	2510	2382
9	2383	2384	2512	2511	2383
9	2384	2385	2513	2512	2384
9	2385	2386	2514	2513	2385
9	2386	2387	2515	2514	2386
9	2387	2388	2516	2515	2387
9	2388	2389	2517	2516	2388
9	2389	2390	2518	2517	2389
9	2390	2391	2519	2518	2390
9	2391	2392	2520	2519	2391
9	2392	2393	2521	2520	2392
9	2393	2394	2522	2521	2393
9	2394	2395	2523	2522	2394
9	2395	2396	2524	2523	2395
9	2396	2397	2525	2524	2396
9	2397	2398	2526	2525	2397
9	2398	2399	2527	2526	2398
9	2399	2400	2528	2527	2399
9	2400	2401	2529	2528	2400
9	2401	2402	2530	2529	2401
9	2402	2403	2531	2530	2402
9	2403	2404	2532	2531	2403
9	2404	2405	2533	2532	2404
9	2405	2406	2534	2533	2405
9	2406	2407	2535	2534	2406
9	2407	2408	2536	2535	2407
9	2408	2409	2537	2536	2408
9	2409	2410	2538	2537	2409
9	2410	2411	2539	2538	2410
9	2411	2412	2540	2539	2411
9	2412	2413	2541	2540	2412
9	2413	2414	2542	2541	2413
9	2414	2415	2543	2542	2414
9	2415	2416	2544	2543	2415
9	2416	2417	2545	2544	2416
9	2417	2418	2546	2545	2417
9	2418	2419	2547	2546	2418
9	2419	2420	2548	2547	2419
9	2420	2421	2549	2548	2420
9	2421	2422	2550	2549	2421
9	2422	2423	2551	2550	2422
9	2423	2424	2552	2551	2423
9	2424	2425	2553	2552	2424
9	2425	2426	2554	2553	2425
9	2426	2427	2555	2554	2426
9	2427	2428	2556	2555	2427
9	2428	2429	2557	2556	2428
9	2429	2430	2558	2557	2429
9	2430	2431	2559	2558	2430
9	2431	2304	2432	2559	2431
9	2432	2433	2561	2560	2432
9	2433	2434	2562	2561	2433
9	2434	2435	2563	2562	2434
9	2435	2436	2564	2563	2435
9	2436	2437	2565	2564	2436
9	2437	2438	2566	2565	2437
9	2438	2439	2567	2566	2438
9	2439	2440	2568	2567	2439
9	2440	2441	2569	2568	2440
9	2441	2442	2570	2569	2441
9	2442	2443	2571	2570	2442
9	2443	2444	2572	2571	2443
9	2444	2445	2573	2572	2444
9	2445	2446	2574	2573	2445
9	2446	2447	2575	2574	2446
9	2447	2448	2576	2575	2447
9	2448	2449	2577	2576	2448
9	2449	2450	2578	2577	2449
9	2450	2451	2579	2578	2450
9	2451	2452	2580	2579	2451
9	2452	2453	2581	2580	2452
9	2453	2454	2582	2581	2453
9	2454	2455	2583	2582	2454
9	2455	2456	2584	2583	2455
9	2456	2457	2585	2584	2456
9	2457	2458	2586	2585	2457
9	2458	2459	2587	2586	2458
9	2459	2460	2588	2587	2459
9	2460	2461	2589	2588	2460
9	2461	2462	2590	2589	2461
9	2462	2463	2591	2590	2462
9	2463	2464	2592	2591	2463
9	2464	2465	2593	2592	2464
9	2465	2466	2594	2593	2465
9	2466	2467	2595	2594	2466
9	2467	2468	2596	2595	2467
9	2468	2469	2597	2596	2468
9	2469	2470	2598	2597	2469
9	2470	2471	2599	2598	2470
9	2471	2472	2600	2599	2471
9	2472	2473	2601	2600	2472
9	2473	2474	2602	2601	2473
9	2474	2475	2603	2602	2474
9	2475	2476	2604	2603	2475
9	2476	2477	2605	2604	2476
9	2477	2478	2606	2605	2477
9	2478	2479	2607	2606	2478
9	2479	2480	2608	2607	2479
9	2480	2481	2609	2608	2480
9	2481	2482	2610	2609	2481
9	2482	2483	2611	2610	2482
9	2483	2484	2612	2611	2483
9	2484	2485	2613	2612	2484
9	2485	2486	2614	2613	2485
9	2486	2487	2615	2614	2486
9	2487	2488	2616	2615	2487
9	2488	2489	2617	2616	2488
9	2489	2490	2618	2617	2489
9	2490	2491	2619	2618	2490
9	2491	2492	2620	2619	2491
9	2492	2493	2621	2620	2492
9	2493	2494	2622	2621	2493
9	2494	2495	2623	2622	2494
9	2495	2496	2624	2623	2495
9	2496	2497	2625	2624	2496
9	2497	2498	2626	2625	2497
9	2498	2499	2627	2626	2498
9	2499	2500	2628	2627	2499
9	2500	2501	2629	2628	2500
9	2501	2502	2630	2629	2501
9	2502	2503	2631	2630	2502
9	2503	2504	2632	2631	2503
9	2504	2505	2633	2632	2504
9	2505	2506	2634	2633	2505
9	2506	2507	2635	2634	2506
9	2507	2508	2636	2635	2507
9	2508	2509	2637	2636	2508
9	2509	2510	2638	2637	2509
9	2510	2511	2639	2638	2510
9	2511	2512	2640	2639	2511
9	2512	2513	2641	2640	2512
9	2513	2514	2642	2641	2513
9	2514	2515	2643	2642	2514
9	2515	2516	2644	2643	2515
9	2516	2517	2645	2644	2516
9	2517	2518	2646	2645	2517
9	2518	2519	2647	2646	2518
9	2519	2520	2648	2647	2519
9	2520	2521	2649	2648	2520
9	2521	2522	2650	2649	2521
9	2522	2523	2651	2650	2522
9	2523	2524	2652	2651	2523
9	2524	2525	2653	2652	2524
9	2525	2526	2654	2653	2525
9	2526	2527	2655	2654	2526
9	2527	2528	2656	2655	2527
9	2528	2529	2657	2656	2528
9	2529	2530	2658	2657	2529
9	2530	2531	2659	2658	2530
9	2531	2532	2660	2659	2531
9	2532	2533	2661	2660	2532
9	2533	2534	2662	2661	2533
9	2534	2535	2663	2662	2534
9	2535	2536	2664	2663	2535
9	2536	2537	2665	2664	2536
9	2537	2538	2666	2665	2537
9	2538	2539	2667	2666	2538
9	2539	2540	2668	2667	2539
9	2540	2541	2669	2668	2540
9	2541	2542	2670	2669	2541
9	2542	2543	2671	2670	2542
9	2543	2544	2672	2671	2543
9	2544	2545	2673	2672	2544
9	2545	2546	2674	2673	2545
9	2546	2547	2675	2674	2546
9	2547	2548	2676	2675	2547
9	2548	2549	2677	2676	2548
9	2549	2550	2678	2677	2549
9	2550	2551	2679	2678	2550
9	2551	2552	2680	2679	2551
9	2552	2553	2681	2680	2552
9	2553	2554	2682	2681	2553
9	2554	2555	2683	2682	2554
9	2555	2556	2684	2683	2555
9	2556	2557	2685	2684	2556
9	2557	2558	2686	2685	2557
9	2558	2559	2687	2686	2558
9	2559	2432	2560	2687	2559
9	2560	2561	2689	2688	2560
9	2561	2562	2690	2689	2561
9	2562	2563	2691	2690	2562
9	2563	2564	2692	2691	2563
9	2564	2565	2693	2692	2564
9	2565	2566	2694	2693	2565
9	2566	2567	2695	2694	2566
9	2567	2568	2696	2695	2567
9	2568	2569	2697	2696	2568
9	2569	2570	2698	2697	2569
9	2570	2571	2699	2698	2570
9	2571	2572	2700	2699	2571
9	2572	2573	2701	2700	2572
9	2573	2574	2702	2701	2573
9	2574	2575	2703	2702	2574
9	2575	2576	2704	2703	2575
9	2576	2577	2705	2704	2576
9	2577	2578	2706	2705	2577
9	2578	2579	2707	2706	2578
9	2579	2580	2708	2707	2579
9	2580	2581	2709	2708	2580
9	2581	2582	2710	2709	2581
9	2582	2583	2711	2710	2582
9	2583	2584	2712	2711	2583
9	2584	2585	2713	2712	2584
9	2585	2586	2714	2713	2585
9	2586	2587	2715	2714	2586
9	2587	2588	2716	2715	2587
9	2588	2589	2717	2716	2588
9	2589	2590	2718	2717	2589
9	2590	2591	2719	2718	2590
9	2591	2592	2720	2719	2591
9	2592	2593	2721	2720	2592
9	2593	2594	2722	2721	2593
9	2594	2595	2723	2722	2594
9	2595	2596	2724	2723	2595
9	2596	2597	2725	2724	2596
9	2597	2598	2726	2725	2597
9	2598	2599	2727	2726	2598
9	2599	2600	2728	2727	2599
9	2600	2601	2729	2728	2600
9	2601	2602	2730	2729	2601
9	2602	2603	2731	2730	2602
9	2603	2604	2732	2731	2603
9	2604	2605	2733	2732	2604
9	2605	2606	2734	2733	2605
9	2606	2607	2735	2734	2606
9	2607	2608	2736	2735	2607
9	2608	2609	2737	2736	2608
9	2609	2610	2738	2737	2609
9	2610	2611	2739	2738	2610
9	2611	2612	2740	2739	2611
9	2612	2613	2741	2740	2612
9	2613	2614	2742	2741	2613
9	2614	2615	2743	2742	2614
9	2615	2616	2744	2743	2615
9	2616	2617	2745	2744	2616
9	2617	2618	2746	2745	2617
9	2618	2619	2747	2746	2618
9	2619	2620	2748	2747	2619
9	2620	2621	2749	2748	2620
9	2621	2622	2750	2749	2621
9	2622	2623	2751	2750	2622
9	2623	2624	2752	2751	2623
9	2624	2625	2753	2752	2624
9	2625	2626	2754	2753	2625
9	2626	2627	2755	2754	2626
9	2627	2628	2756	2755	2627
9	2628	2629	2757	2756	2628
9	2629	2630	2758	2757	2629
9	2630	2631	2759	2758	2630
9	2631	2632	2760	2759	2631
9	2632	2633	2761	2760	2632
9	2633	2634	2762	2761	2633
9	2634	2635	2763	2762	2634
9	2635	2636	2764	2763	2635
9	2636	2637	2765	2764	2636
9	2637	2638	2766	2765	2637
9	2638	2639	2767	2766	2638
9	2639	2640	2768	2767	2639
9	2640	2641	2769	2768	2640
9	2641	2642	2770	2769	2641
9	2642	2643	2771	2770	2642
9	2643	2644	2772	2771	2643
9	2644	2645	2773	2772	2644
9	2645	2646	2774	2773	2645
9	2646	2647	2775	2774	2646
9	2647	2648	2776	2775	2647
9	2648	2649	2777	2776	2648
9	2649	2650	2778	2777	2649
9	2650	2651	2779	2778	2650
9	2651	2652	2780	2779	2651
9	2652	2653	2781	2780	2652
9	2653	2654	2782	2781	2653
9	2654	2655	2783	2782	2654
9	2655	2656	2784	2783	2655
9	2656	2657	2785	2784	2656
9	2657	2658	2786	2785	2657
9	2658	2659	2787	2786	2658
9	2659	2660	2788	2787	2659
9	2660	2661	2789	2788	2660
9	2661	2662	2790	2789	2661
9	2662	2663	2791	2790	2662
9	2663	2664	2792	2791	2663
9	2664	2665	2793	2792	2664
9	2665	2666	2794	2793	2665
9	2666	2667	2795	2794	2666
9	2667	2668	2796	2795	2667
9	2668	2669	2797	2796	2668
9	2669	2670	2798	2797	2669
9	2670	2671	2799	2798	2670
9	2671	2672	2800	2799	2671
9	2672	2673	2801	2800	2672
9	2673	2674	2802	2801	2673
9	2674	2675	2803	2802	2674
9	2675	2676	2804	2803	2675
9	2676	2677	2805	2804	2676
9	2677	2678	2806	2805	2677
9	2678	2679	2807	2806	2678
9	2679	2680	2808	2807	2679
9	2680	2681	2809	2808	2680
9	2681	2682	2810	2809	2681
9	2682	2683	2811	2810	2682
9	2683	2684	2812	2811	2683
9	2684	2685	2813	2812	2684
9	2685	2686	2814	2813	2685
9	2686	2687	2815	2814	2686
9	2687	2560	2688	2815	2687
9	2688	2689	2817	2816	2688
9	2689	2690	2818	2817	2689
9	2690	2691	2819	2818	2690
9	2691	2692	2820	2819	2691
9	2692	2693	2821	2820	2692
9	2693	2694	2822	2821	2693
9	2694	2695	2823	2822	2694
9	2695	2696	2824	2823	2695
9	2696	2697	2825	2824	2696
9	2697	2698	2826	2825	2697
9	2698	2699	2827	2826	2698
9	2699	2700	2828	2827	2699
9	2700	2701	2829	2828	2700
9	2701	2702	2830	2829	2701
9	2702	2703	2831	2830	2702
9	2703	2704	2832	2831	2703
9	2704	2705	2833	2832	2704
9	2705	2706	2834	2833	2705
9	2706	2707	2835	2834	2706
9	2707	2708	2836	2835	2707
9	2708	2709	2837	2836	2708
9	2709	2710	2838	2837	2709
9	2710	2711	2839	2838	2710
9	2711	2712	2840	2839	2711
9	2712	2713	2841	2840	2712
9	2713	2714	2842	2841	2713
9	2714	2715	2843	2842	2714
9	2715	2716	2844	2843	2715
9	2716	2717	2845	2844	2716
9	2717	2718	2846	2845	2717
9	2718	2719	2847	2846	2718
9	2719	2720	2848	2847	2719
9	2720	2721	2849	2848	2720
9	2721	2722	2850	2849	2721
9	2722	2723	2851	2850	2722
9	2723	2724	2852	2851	2723
9	2724	2725	2853	2852	2724
9	2725	2726	2854	2853	2725
9	2726	2727	2855	2854	2726
9	2727	2728	2856	2855	2727
9	2728	2729	2857	2856	2728
9	2729	2730	2858	2857	2729
9	2730	2731	2859	2858	2730
9	2731	2732	2860	2859	2731
9	2732	2733	2861	2860	2732
9	2733	2734	2862	2861	2733
9	2734	2735	2863	2862	2734
9	2735	2736	2864	2863	2735
9	2736	2737	2865	2864	2736
9	2737	2738	2866	2865	2737
9	2738	2739	2867	2866	2738
9	2739	2740	2868	2867	2739
9	2740	2741	2869	2868	2740
9	2741	2742	2870	2869	2741
9	2742	2743	2871	2870	2742
9	2743	2744	2872	2871	2743
9	2744	2745	2873	2872	2744
9	2745	2746	2874	2873	2745
9	2746	2747	2875	2874	2746
9	2747	2748	2876	2875	2747
9	2748	2749	2877	2876	2748
9	2749	2750	2878	2877	2749
9	2750	2751	2879	2878	2750
9	2751	2752	2880	2879	2751
9	2752	2753	2881	2880	2752
9	2753	2754	2882	2881	2753
9	2754	2755	2883	2882	2754
9	2755	2756	2884	2883	2755
9	2756	2757	2885	2884	2756
9	2757	2758	2886	2885	2757
9	2758	2759	2887	2886	2758
9	2759	2760	2888	2887	2759
9	2760	2761	2889	2888	2760
9	2761	2762	2890	2889	2761
9	2762	2763	2891	2890	2762
9	2763	2764	2892	2891	2763
9	2764	2765	2893	2892	2764
9	2765	2766	2894	2893	2765
9	2766	2767	2895	2894	2766
9	2767	2768	2896	2895	2767
9	2768	2769	2897	2896	2768
9	2769	2770	2898	2897	2769
9	2770	2771	2899	2898	2770
9	2771	2772	2900	2899	2771
9	2772	2773	2901	2900	2772
9	2773	2774	2902	2901	2773
9	2774	2775	2903	2902	2774
9	2775	2776	2904	2903	2775
9	2776	2777	2905	2904	2776
9	2777	2778	2906	2905	2777
9	2778	2779	2907	2906	2778
9	2779	2780	2908	2907	2779
9	2780	2781	2909	2908	2780
9	2781	2782	2910	2909	2781
9	2782	2783	2911	2910	2782
9	2783	2784	2912	2911	2783
9	2784	2785	2913	2912	2784
9	2785	2786	2914	2913	2785
9	2786	2787	2915	2914	2786
9	2787	2788	2916	2915	2787
9	2788	2789	2917	2916	2788
9	2789	2790	2918	2917	2789
9	2790	2791	2919	2918	2790
9	2791	2792	2920	2919	2791
9	2792	2793	2921	2920	2792
9	2793	2794	2922	2921	2793
9	2794	2795	2923	2922	2794
9	2795	2796	2924	2923	2795
9	2796	2797	2925	2924	2796
9	2797	2798	2926	2925	2797
9	2798	2799	2927	2926	2798
9	2799	2800	2928	2927	2799
9	2800	2801	2929	2928	2800
9	2801	2802	2930	2929	2801
9	2802	2803	2931	2930	2802
9	2803	2804	2932	2931	2803
9	2804	2805	2933	2932	2804
9	2805	2806	2934	2933	2805
9	2806	2807	2935	2934	2806
9	2807	2808	2936	2935	2807
9	2808	2809	2937	2936	2808
9	2809	2810	2938	2937	2809
9	2810	2811	2939	2938	2810
9	2811	2812	2940	2939	2811
9	2812	2813	2941	2940	2812
9	2813	2814	2942	2941	2813
9	2814	2815	2943	2942	2814
9	2815	2688	2816	2943	2815
9	2816	2817	2945	2944	2816
9	2817	2818	2946	2945	2817
9	2818	2819	2947	2946	2818
9	2819	2820	2948	2947	2819
9	2820	2821	2949	2948	2820
9	2821	2822	2950	2949	2821
9	2822	2823	2951	2950	2822
9	2823	2824	2952	2951	2823
9	2824	2825	2953	2952	2824
9	2825	2826	2954	2953	2825
9	2826	2827	2955	2954	2826
9	2827	2828	2956	2955	2827
9	2828	2829	2957	2956	2828
9	2829	2830	2958	2957	2829
9	2830	2831	2959	2958	2830
9	2831	2832	2960	2959	2831
9	2832	2833	2961	2960	2832
9	2833	2834	2962	2961	2833
9	2834	2835	2963	2962	2834
9	2835	2836	2964	2963	2835
9	2836	2837	2965	2964	2836
9	2837	2838	2966	2965	2837
9	2838	2839	2967	2966	2838
9	2839	2840	2968	2967	2839
9	2840	2841	2969	2968	2840
9	2841	2842	2970	2969	2841
9	2842	2843	2971	2970	2842
9	2843	2844	2972	2971	2843
9	2844	2845	2973	2972	2844
9	2845	2846	2974	2973	2845
9	2846	2847	2975	2974	2846
9	2847	2848	2976	2975	2847
9	2848	2849	2977	2976	2848
9	2849	2850	2978	2977	2849
9	2850	2851	2979	2978	2850
9	2851	2852	2980	2979	2851
9	2852	2853	2981	2980	2852
9	2853	2854	2982	2981	2853
9	2854	2855	2983	2982	2854
9	2855	2856	2984	2983	2855
9	2856	2857	2985	2984	2856
9	2857	2858	2986	2985	2857
9	2858	2859	2987	2986	2858
9	2859	2860	2988	2987	2859
9	2860	2861	2989	2988	2860
9	2861	2862	2990	2989	2861
9	2862	2863	2991	2990	2862
9	2863	2864	2992	2991	2863
9	2864	2865	2993	2992	2864
9	2865	2866	2994	2993	2865
9	2866	2867	2995	2994	2866
9	2867	2868	2996	2995	2867
9	2868	2869	2997	2996	2868
9	2869	2870	2998	2997	2869
9	2870	2871	2999	2998	2870
9	2871	2872	3000	2999	2871
9	2872	2873	3001	3000	2872
9	2873	2874	3002	3001	2873
9	2874	2875	3003	3002	2874
9	2875	2876	3004	3003	2875
9	2876	2877	3005	3004	2876
9	2877	2878	3006	3005	2877
9	2878	2879	3007	3006	2878
9	2879	2880	3008	3007	2879
9	2880	2881	3009	3008	2880
9	2881	2882	3010	3009	2881
9	2882	2883	3011	3010	2882
9	2883	2884	3012	3011	2883
9	2884	2885	3013	3012	2884
9	2885	2886	3014	3013	2885
9	2886	2887	3015	3014	2886
9	2887	2888	3016	3015	2887
9	2888	2889	3017	3016	2888
9	2889	2890	3018	3017	2889
9	2890	2891	3019	3018	2890
9	2891	2892	3020	3019	2891
9	2892	2893	3021	3020	2892
9	2893	2894	3022	3021	2893
9	2894	2895	3023	3022	2894
9	2895	2896	3024	3023	2895
9	2896	2897	3025	3024	2896
9	2897	2898	3026	3025	2897
9	2898	2899	3027	3026	2898
9	2899	2900	3028	3027	2899
9	2900	2901	3029	3028	2900
9	2901	2902	3030	3029	2901
9	2902	2903	3031	3030	2902
9	2903	2904	3032	3031	2903
9	2904	2905	3033	3032	2904
9	2905	2906	3034	3033	2905
9	2906	2907	3035	3034	2906
9	2907	2908	3036	3035	2907
9	2908	2909	3037	3036	2908
9	2909	2910	3038	3037	2909
9	2910	2911	3039	3038	2910
9	2911	2912	3040	3039	2911
9	2912	2913	3041	3040	2912
9	2913	2914	3042	3041	2913
9	2914	2915	3043	3042	2914
9	2915	2916	3044	3043	2915
9	2916	2917	3045	3044	2916
9	2917	2918	3046	3045	2917
9	2918	2919	3047	3046	2918
9	2919	2920	3048	3047	2919
9	2920	2921	3049	3048	2920
9	2921	2922	3050	3049	2921
9	2922	2923	3051	3050	2922
9	2923	2924	3052	3051	2923
9	2924	2925	3053	3052	2924
9	2925	2926	3054	3053	2925
9	2926	2927	3055	3054	2926
9	2927	2928	3056	3055	2927
9	2928	2929	3057	3056	2928
9	2929	2930	3058	3057	2929
9	2930	2931	3059	3058	2930
9	2931	2932	3060	3059	2931
9	2932	2933	3061	3060	2932
9	2933	2934	3062	3061	2933
9	2934	2935	3063	3062	2934
9	2935	2936	3064	3063	2935
9	2936	2937	3065	3064	2936
9	2937	2938	3066	3065	2937
9	2938	2939	3067	3066	2938
9	2939	2940	3068	3067	2939
9	2940	2941	3069	3068	2940
9	2941	2942	3070	3069	2941
9	2942	2943	3071	3070	2942
9	2943	2816	2944	3071	2943
9	2944	2945	3073	3072	2944
9	2945	2946	3074	3073	2945
9	2946	2947	3075	3074	2946
9	2947	2948	3076	3075	2947
9	2948	2949	3077	3076	2948
9	2949	2950	3078	3077	2949
9	2950	2951	3079	3078	2950
9	2951	2952	3080	3079	2951
9	2952	2953	3081	3080	2952
9	2953	2954	3082	3081	2953
9	2954	2955	3083	3082	2954
9	2955	2956	3084	3083	2955
9	2956	2957	3085	3084	2956
9	2957	2958	3086	3085	2957
9	2958	2959	3087	3086	2958
9	2959	2960	3088	3087	2959
9	2960	2961	3089	3088	2960
9	2961	2962	3090	3089	2961
9	2962	2963	3091	3090	2962
9	2963	2964	3092	3091	2963
9	2964	2965	3093	3092	2964
9	2965	2966	3094	3093	2965
9	2966	2967	3095	3094	2966
9	2967	2968	3096	3095	2967
9	2968	2969	3097	3096	2968
9	2969	2970	3098	3097	2969
9	2970	2971	3099	3098	2970
9	2971	2972	3100	3099	2971
9	2972	2973	3101	3100	2972
9	2973	2974	3102	3101	2973
9	2974	2975	3103	3102	2974
9	2975	2976	3104	3103	2975
9	2976	2977	3105	3104	2976
9	2977	2978	3106	3105	2977
9	2978	2979	3107	3106	2978
9	2979	2980	3108	3107	2979
9	2980	2981	3109	3108	2980
9	2981	2982	3110	3109	2981
9	2982	2983	3111	3110	2982
9	2983	2984	3112	3111	2983
9	2984	2985	3113	3112	2984
9	2985	2986	3114	3113	2985
9	2986	2987	3115	3114	2986
9	2987	2988	3116	3115	2987
9	2988	2989	3117	3116	2988
9	2989	2990	3118	3117	2989
9	2990	2991	3119	3118	2990
9	2991	2992	3120	3119	2991
9	2992	2993	3121	3120	2992
9	2993	2994	3122	3121	2993
9	2994	2995	3123	3122	2994
9	2995	2996	3124	3123	2995
9	2996	2997	3125	3124	2996
9	2997	2998	3126	3125	2997
9	2998	2999	3127	3126	2998
9	2999	3000	3128	3127	2999
9	3000	3001	3129	3128	3000
9	3001	3002	3130	3129	3001
9	3002	3003	3131	3130	3002
9	3003	3004	3132	3131	3003
9	3004	3005	3133	3132	3004
9	3005	3006	3134	3133	3005
9	3006	3007	3135	3134	3006
9	3007	3008	3136	3135	3007
9	3008	3009	3137	3136	3008
9	3009	3010	3138	3137	3009
9	3010	3011	3139	3138	3010
9	3011	3012	3140	3139	3011
9	3012	3013	3141	3140	3012
9	3013	3014	3142	3141	3013
9	3014	3015	3143	3142	3014
9	3015	3016	3144	3143	3015
9	3016	3017	3145	3144	3016
9	3017	3018	3146	3145	3017
9	3018	3019	3147	3146	3018
9	3019	3020	3148	3147	3019
9	3020	3021	3149	3148	3020
9	3021	3022	3150	3149	3021
9	3022	3023	3151	3150	3022
9	3023	3024	3152	3151	3023
9	3024	3025	3153	3152	3024
9	3025	3026	3154	3153	3025
9	3026	3027	3155	3154	3026
9	3027	3028	3156	3155	3027
9	3028	3029	3157	3156	3028
9	3029	3030	3158	3157	3029
9	3030	3031	3159	3158	3030
9	3031	3032	3160	3159	3031
9	3032	3033	3161	3160	3032
9	3033	3034	3162	3161	3033
9	3034	3035	3163	3162	3034
9	3035	3036	3164	3163	3035
9	3036	3037	3165	3164	3036
9	3037	3038	3166	3165	3037
9	3038	3039	3167	3166	3038
9	3039	3040	3168	3167	3039
9	3040	3041	3169	3168	3040
9	3041	3042	3170	3169	3041
9	3042	3043	3171	3170	3042
9	3043	3044	3172	3171	3043
9	3044	3045	3173	3172	3044
9	3045	3046	3174	3173	3045
9	3046	3047	3175	3174	3046
9	3047	3048	3176	3175	3047
9	3048	3049	3177	3176	3048
9	3049	3050	3178	3177	3049
9	3050	3051	3179	3178	3050
9	3051	3052	3180	3179	3051
9	3052	3053	3181	3180	3052
9	3053	3054	3182	3181	3053
9	3054	3055	3183	3182	3054
9	3055	3056	3184	3183	3055
9	3056	3057	3185	3184	3056
9	3057	3058	3186	3185	3057
9	3058	3059	3187	3186	3058
9	3059	3060	3188	3187	3059
9	3060	3061	3189	3188	3060
9	3061	3062	3190	3189	3061
9	3062	3063	3191	3190	3062
9	3063	3064	3192	3191	3063
9	3064	3065	3193	3192	3064
9	3065	3066	3194	3193	3065
9	3066	3067	3195	3194	3066
9	3067	3068	3196	3195	3067
9	3068	3069	3197	3196	3068
9	3069	3070	3198	3197	3069
9	3070	3071	3199	3198	3070
9	3071	2944	3072	3199	3071
9	3072	3073	3201	3200	3072
9	3073	3074	3202	3201	3073
9	3074	3075	3203	3202	3074
9	3075	3076	3204	3203	3075
9	3076	3077	3205	3204	3076
9	3077	3078	3206	3205	3077
9	3078	3079	3207	3206	3078
9	3079	3080	3208	3207	3079
9	3080	3081	3209	3208	3080
9	3081	3082	3210	3209	3081
9	3082	3083	3211	3210	3082
9	3083	3084	3212	3211	3083
9	3084	3085	3213	3212	3084
9	3085	3086	3214	3213	3085
9	3086	3087	3215	3214	3086
9	3087	3088	3216	3215	3087
9	3088	3089	3217	3216	3088
9	3089	3090	3218	3217	3089
9	3090	3091	3219	3218	3090
9	3091	3092	3220	3219	3091
9	3092	3093	3221	3220	3092
9	3093	3094	3222	3221	3093
9	3094	3095	3223	3222	3094
9	3095	3096	3224	3223	3095
9	3096	3097	3225	3224	3096
9	3097	3098	3226	3225	3097
9	3098	3099	3227	3226	3098
9	3099	3100	3228	3227	3099
9	3100	3101	3229	3228	3100
9	3101	3102	3230	3229	3101
9	3102	3103	3231	3230	3102
9	3103	3104	3232	3231	3103
9	3104	3105	3233	3232	3104
9	3105	3106	3234	3233	3105
9	3106	3107	3235	3234	3106
9	3107	3108	3236	3235	3107
9	3108	3109	3237	3236	3108
9	3109	3110	3238	3237	3109
9	3110	3111	3239	3238	3110
9	3111	3112	3240	3239	3111
9	3112	3113	3241	3240	3112
9	3113	3114	3242	3241	3113
9	3114	3115	3243	3242	3114
9	3115	3116	3244	3243	3115
9	3116	3117	3245	3244	3116
9	3117	3118	3246	3245	3117
9	3118	3119	3247	3246	3118
9	3119	3120	3248	3247	3119
9	3120	3121	3249	3248	3120
9	3121	3122	3250	3249	3121
9	3122	3123	3251	3250	3122
9	3123	3124	3252	3251	3123
9	3124	3125	3253	3252	3124
9	3125	3126	3254	3253	3125
9	3126	3127	3255	3254	3126
9	3127	3128	3256	3255	3127
9	3128	3129	3257	3256	3128
9	3129	3130	3258	3257	3129
9	3130	3131	3259	3258	3130
9	3131	3132	3260	3259	3131
9	3132	3133	3261	3260	3132
9	3133	3134	3262	3261	3133
9	3134	3135	3263	3262	3134
9	3135	3136	3264	3263	3135
9	3136	3137	3265	3264	3136
9	3137	3138	3266	3265	3137
9	3138	3139	3267	3266	3138
9	3139	3140	3268	3267	3139
9	3140	3141	3269	3268	3140
9	3141	3142	3270	3269	3141
9	3142	3143	3271	3270	3142
9	3143	3144	3272	3271	3143
9	3144	3145	3273	3272	3144
9	3145	3146	3274	3273	3145
9	3146	3147	3275	3274	3146
9	3147	3148	3276	3275	3147
9	3148	3149	3277	3276	3148
9	3149	3150	3278	3277	3149
9	3150	3151	3279	3278	3150
9	3151	3152	3280	3279	3151
9	3152	3153	3281	3280	3152
9	3153	3154	3282	3281	3153
9	3154	3155	3283	3282	3154
9	3155	3156	3284	3283	3155
9	3156	3157	3285	3284	3156
9	3157	3158	3286	3285	3157
9	3158	3159	3287	3286	3158
9	3159	3160	3288	3287	3159
9	3160	3161	3289	3288	3160
9	3161	3162	3290	3289	3161
9	3162	3163	3291	3290	3162
9	3163	3164	3292	3291	3163
9	3164	3165	3293	3292	3164
9	3165	3166	3294	3293	3165
9	3166	3167	3295	3294	3166
9	3167	3168	3296	3295	3167
9	3168	3169	3297	3296	3168
9	3169	3170	3298	3297	3169
9	3170	3171	3299	3298	3170
9	3171	3172	3300	3299	3171
9	3172	3173	3301	3300	3172
9	3173	3174	3302	3301	3173
9	3174	3175	3303	3302	3174
9	3175	3176	3304	3303	3175
9	3176	3177	3305	3304	3176
9	3177	3178	3306	3305	3177
9	3178	3179	3307	3306	3178
9	3179	3180	3308	3307	3179
9	3180	3181	3309	3308	3180
9	3181	3182	3310	3309	3181
9	3182	3183	3311	3310	3182
9	3183	3184	3312	3311	3183
9	3184	3185	3313	3312	3184
9	3185	3186	3314	3313	3185
9	3186	3187	3315	3314	3186
9	3187	3188	3316	3315	3187
9	3188	3189	3317	3316	3188
9	3189	3190	3318	3317	3189
9	3190	3191	3319	3318	3190
9	3191	3192	3320	3319	3191
9	3192	3193	3321	3320	3192
9	3193	3194	3322	3321	3193
9	3194	3195	3323	3322	3194
9	3195	3196	3324	3323	3195
9	3196	3197	3325	3324	3196
9	3197	3198	3326	3325	3197
9	3198	3199	3327	3326	3198
9	3199	3072	3200	3327	3199
9	3200	3201	3329	3328	3200
9	3201	3202	3330	3329	3201
9	3202	3203	3331	3330	3202
9	3203	3204	3332	3331	3203
9	3204	3205	3333	3332	3204
9	3205	3206	3334	3333	3205
9	3206	3207	3335	3334	3206
9	3207	3208	3336	3335	3207
9	3208	3209	3337	3336	3208
9	3209	3210	3338	3337	3209
9	3210	3211	3339	3338	3210
9	3211	3212	3340	3339	3211
9	3212	3213	3341	3340	3212
9	3213	3214	3342	3341	3213
9	3214	3215	3343	3342	3214
9	3215	3216	3344	3343	3215
9	3216	3217	3345	3344	3216
9	3217	3218	3346	3345	3217
9	3218	3219	3347	3346	3218
9	3219	3220	3348	3347	3219
9	3220	3221	3349	3348	3220
9	3221	3222	3350	3349	3221
9	3222	3223	3351	3350	3222
9	3223	3224	3352	3351	3223
9	3224	3225	3353	3352	3224
9	3225	3226	3354	3353	3225
9	3226	3227	3355	3354	3226
9	3227	3228	3356	3355	3227
9	3228	3229	3357	3356	3228
9	3229	3230	3358	3357	3229
9	3230	3231	3359	3358	3230
9	3231	3232	3360	3359	3231
9	3232	3233	3361	3360	3232
9	3233	3234	3362	3361	3233
9	3234	3235	3363	3362	3234
9	3235	3236	3364	3363	3235
9	3236	3237	3365	3364	3236
9	3237	3238	3366	3365	3237
9	3238	3239	3367	3366	3238
9	3239	3240	3368	3367	3239
9	3240	3241	3369	3368	3240
9	3241	3242	3370	3369	3241
9	3242	3243	3371	3370	3242
9	3243	3244	3372	3371	3243
9	3244	3245	3373	3372	3244
9	3245	3246	3374	3373	3245
9	3246	3247	3375	3374	3246
9	3247	3248	3376	3375	3247
9	3248	3249	3377	3376	3248
9	3249	3250	3378	3377	3249
9	3250	3251	3379	3378	3250
9	3251	3252	3380	3379	3251
9	3252	3253	3381	3380	3252
9	3253	3254	3382	3381	3253
9	3254	3255	3383	3382	3254
9	3255	3256	3384	3383	3255
9	3256	3257	3385	3384	3256
9	3257	3258	3386	3385	3257
9	3258	3259	3387	3386	3258
9	3259	3260	3388	3387	3259
9	3260	3261	3389	3388	3260
9	3261	3262	3390	3389	3261
9	3262	3263	3391	3390	3262
9	3263	3264	3392	3391	3263
9	3264	3265	3393	3392	3264
9	3265	3266	3394	3393	3265
9	3266	3267	3395	3394	3266
9	3267	3268	3396	3395	3267
9	3268	3269	3397	3396	3268
9	3269	3270	3398	3397	3269
9	3270	3271	3399	3398	3270
9	3271	3272	3400	3399	3271
9	3272	3273	3401	3400	3272
9	3273	3274	3402	3401	3273
9	3274	3275	3403	3402	3274
9	3275	3276	3404	3403	3275
9	3276	3277	3405	3404	3276
9	3277	3278	3406	3405	3277
9	3278	3279	3407	3406	3278
9	3279	3280	3408	3407	3279
9	3280	3281	3409	3408	3280
9	3281	3282	3410	3409	3281
9	3282	3283	3411	3410	3282
9	3283	3284	3412	3411	3283
9	3284	3285	3413	3412	3284
9	3285	3286	3414	3413	3285
9	3286	3287	3415	3414	3286
9	3287	3288	3416	3415	3287
9	3288	3289	3417	3416	3288
9	3289	3290	3418	3417	3289
9	3290	3291	3419	3418	3290
9	3291	3292	3420	3419	3291
9	3292	3293	3421	3420	3292
9	3293	3294	3422	3421	3293
9	3294	3295	3423	3422	3294
9	3295	3296	3424	3423	3295
9	3296	3297	3425	3424	3296
9	3297	3298	3426	3425	3297
9	3298	3299	3427	3426	3298
9	3299	3300	3428	3427	3299
9	3300	3301	3429	3428	3300
9	3301	3302	3430	3429	3301
9	3302	3303	3431	3430	3302
9	3303	3304	3432	3431	3303
9	3304	3305	3433	3432	3304
9	3305	3306	3434	3433	3305
9	3306	3307	3435	3434	3306
9	3307	3308	3436	3435	3307
9	3308	3309	3437	3436	3308
9	3309	3310	3438	3437	3309
9	3310	3311	3439	3438	3310
9	3311	3312	3440	3439	3311
9	3312	3313	3441	3440	3312
9	3313	3314	3442	3441	3313
9	3314	3315	3443	3442	3314
9	3315	3316	3444	3443	3315
9	3316	3317	3445	3444	3316
9	3317	3318	3446	3445	3317
9	3318	3319	3447	3446	3318
9	3319	3320	3448	3447	3319
9	3320	3321	3449	3448	3320
9	3321	3322	3450	3449	3321
9	3322	3323	3451	3450	3322
9	3323	3324	3452	3451	3323
9	3324	3325	3453	3452	3324
9	3325	3326	3454	3453	3325
9	3326	3327	3455	3454	3326
9	3327	3200	3328	3455	3327
9	3328	3329	3457	3456	3328
9	3329	3330	3458	3457	3329
9	3330	3331	3459	3458	3330
9	3331	3332	3460	3459	3331
9	3332	3333	3461	3460	3332
9	3333	3334	3462	3461	3333
9	3334	3335	3463	3462	3334
9	3335	3336	3464	3463	3335
9	3336	3337	3465	3464	3336
9	3337	3338	3466	3465	3337
9	3338	3339	3467	3466	3338
9	3339	3340	3468	3467	3339
9	3340	3341	3469	3468	3340
9	3341	3342	3470	3469	3341
9	3342	3343	3471	3470	3342
9	3343	3344	3472	3471	3343
9	3344	3345	3473	3472	3344
9	3345	3346	3474	3473	3345
9	3346	3347	3475	3474	3346
9	3347	3348	3476	3475	3347
9	3348	3349	3477	3476	3348
9	3349	3350	3478	3477	3349
9	3350	3351	3479	3478	3350
9	3351	3352	3480	3479	3351
9	3352	3353	3481	3480	3352
9	3353	3354	3482	3481	3353
9	3354	3355	3483	3482	3354
9	3355	3356	3484	3483	3355
9	3356	3357	3485	3484	3356
9	3357	3358	3486	3485	3357
9	3358	3359	3487	3486	3358
9	3359	3360	3488	3487	3359
9	3360	3361	3489	3488	3360
9	3361	3362	3490	3489	3361
9	3362	3363	3491	3490	3362
9	3363	3364	3492	3491	3363
9	3364	3365	3493	3492	3364
9	3365	3366	3494	3493	3365
9	3366	3367	3495	3494	3366
9	3367	3368	3496	3495	3367
9	3368	3369	3497	3496	3368
9	3369	3370	3498	3497	3369
9	3370	3371	3499	3498	3370
9	3371	3372	3500	3499	3371
9	3372	3373	3501	3500	3372
9	3373	3374	3502	3501	3373
9	3374	3375	3503	3502	3374
9	3375	3376	3504	3503	3375
9	3376	3377	3505	3504	3376
9	3377	3378	3506	3505	3377
9	3378	3379	3507	3506	3378
9	3379	3380	3508	3507	3379
9	3380	3381	3509	3508	3380
9	3381	3382	3510	3509	3381
9	3382	3383	3511	3510	3382
9	3383	3384	3512	3511	3383
9	3384	3385	3513	3512	3384
9	3385	3386	3514	3513	3385
9	3386	3387	3515	3514	3386
9	3387	3388	3516	3515	3387
9	3388	3389	3517	3516	3388
9	3389	3390	3518	3517	3389
9	3390	3391	3519	3518	3390
9	3391	3392	3520	3519	3391
9	3392	3393	3521	3520	3392
9	3393	3394	3522	3521	3393
9	3394	3395	3523	3522	3394
9	3395	3396	3524	3523	3395
9	3396	3397	3525	3524	3396
9	3397	3398	3526	3525	3397
9	3398	3399	3527	3526	3398
9	3399	3400	3528	3527	3399
9	3400	3401	3529	3528	3400
9	3401	3402	3530	3529	3401
9	3402	3403	3531	3530	3402
9	3403	3404	3532	3531	3403
9	3404	3405	3533	3532	3404
9	3405	3406	3534	3533	3405
9	3406	3407	3535	3534	3406
9	3407	3408	3536	3535	3407
9	3408	3409	3537	3536	3408
9	3409	3410	3538	3537	3409
9	3410	3411	3539	3538	3410
9	3411	3412	3540	3539	3411
9	3412	3413	3541	3540	3412
9	3413	3414	3542	3541	3413
9	3414	3415	3543	3542	3414
9	3415	3416	3544	3543	3415
9	3416	3417	3545	3544	3416
9	3417	3418	3546	3545	3417
9	3418	3419	3547	3546	3418
9	3419	3420	3548	3547	3419
9	3420	3421	3549	3548	3420
9	3421	3422	3550	3549	3421
9	3422	3423	3551	3550	3422
9	3423	3424	3552	3551	3423
9	3424	3425	3553	3552	3424
9	3425	3426	3554	3553	3425
9	3426	3427	3555	3554	3426
9	3427	3428	3556	3555	3427
9	3428	3429	3557	3556	3428
9	3429	3430	3558	3557	3429
9	3430	3431	3559	3558	3430
9	3431	3432	3560	3559	3431
9	3432	3433	3561	3560	3432
9	3433	3434	3562	3561	3433
9	3434	3435	3563	3562	3434
9	3435	3436	3564	3563	3435
9	3436	3437	3565	3564	3436
9	3437	3438	3566	3565	3437
9	3438	3439	3567	3566	3438
9	3439	3440	3568	3567	3439
9	3440	3441	3569	3568	3440
9	3441	3442	3570	3569	3441
9	3442	3443	3571	3570	3442
9	3443	3444	3572	3571	3443
9	3444	3445	3573	3572	3444
9	3445	3446	3574	3573	3445
9	3446	3447	3575	3574	3446
9	3447	3448	3576	3575	3447
9	3448	3449	3577	3576	3448
9	3449	3450	3578	3577	3449
9	3450	3451	3579	3578	3450
9	3451	3452	3580	3579	3451
9	3452	3453	3581	3580	3452
9	3453	3454	3582	3581	3453
9	3454	3455	3583	3582	3454
9	3455	3328	3456	3583	3455
9	3456	3457	3585	3584	3456
9	3457	3458	3586	3585	3457
9	3458	3459	3587	3586	3458
9	3459	3460	3588	3587	3459
9	3460	3461	3589	3588	3460
9	3461	3462	3590	3589	3461
9	3462	3463	3591	3590	3462
9	3463	3464	3592	3591	3463
9	3464	3465	3593	3592	3464
9	3465	3466	3594	3593	3465
9	3466	3467	3595	3594	3466
9	3467	3468	3596	3595	3467
9	3468	3469	3597	3596	3468
9	3469	3470	3598	3597	3469
9	3470	3471	3599	3598	3470
9	3471	3472	3600	3599	3471
9	3472	3473	3601	3600	3472
9	3473	3474	3602	3601	3473
9	3474	3475	3603	3602	3474
9	3475	3476	3604	3603	3475
9	3476	3477	3605	3604	3476
9	3477	3478	3606	3605	3477
9	3478	3479	3607	3606	3478
9	3479	3480	3608	3607	3479
9	3480	3481	3609	3608	3480
9	3481	3482	3610	3609	3481
9	3482	3483	3611	3610	3482
9	3483	3484	3612	3611	3483
9	3484	3485	3613	3612	3484
9	3485	3486	3614	3613	3485
9	3486	3487	3615	3614	3486
9	3487	3488	3616	3615	3487
9	3488	3489	3617	3616	3488
9	3489	3490	3618	3617	3489
9	3490	3491	3619	3618	3490
9	3491	3492	3620	3619	3491
9	3492	3493	3621	3620	3492
9	3493	3494	3622	3621	3493
9	3494	3495	3623	3622	3494
9	3495	3496	3624	3623	3495
9	3496	3497	3625	3624	3496
9	3497	3498	3626	3625	3497
9	3498	3499	3627	3626	3498
9	3499	3500	3628	3627	3499
9	3500	3501	3629	3628	3500
9	3501	3502	3630	3629	3501
9	3502	3503	3631	3630	3502
9	3503	3504	3632	3631	3503
9	3504	3505	3633	3632	3504
9	3505	3506	3634	3633	3505
9	3506	3507	3635	3634	3506
9	3507	3508	3636	3635	3507
9	3508	3509	3637	3636	3508
9	3509	3510	3638	3637	3509
9	3510	3511	3639	3638	3510
9	3511	3512	3640	3639	3511
9	3512	3513	3641	3640	3512
9	3513	3514	3642	3641	3513
9	3514	3515	3643	3642	3514
9	3515	3516	3644	3643	3515
9	3516	3517	3645	3644	3516
9	3517	3518	3646	3645	3517
9	3518	3519	3647	3646	3518
9	3519	3520	3648	3647	3519
9	3520	3521	3649	3648	3520
9	3521	3522	3650	3649	3521
9	3522	3523	3651	3650	3522
9	3523	3524	3652	3651	3523
9	3524	3525	3653	3652	3524
9	3525	3526	3654	3653	3525
9	3526	3527	3655	3654	3526
9	3527	3528	3656	3655	3527
9	3528	3529	3657	3656	3528
9	3529	3530	3658	3657	3529
9	3530	3531	3659	3658	3530
9	3531	3532	3660	3659	3531
9	3532	3533	3661	3660	3532
9	3533	3534	3662	3661	3533
9	3534	3535	3663	3662	3534
9	3535	3536	3664	3663	3535
9	3536	3537	3665	3664	3536
9	3537	3538	3666	3665	3537
9	3538	3539	3667	3666	3538
9	3539	3540	3668	3667	3539
9	3540	3541	3669	3668	3540
9	3541	3542	3670	3669	3541
9	3542	3543	3671	3670	3542
9	3543	3544	3672	3671	3543
9	3544	3545	3673	3672	3544
9	3545	3546	3674	3673	3545
9	3546	3547	3675	3674	3546
9	3547	3548	3676	3675	3547
9	3548	3549	3677	3676	3548
9	3549	3550	3678	3677	3549
9	3550	3551	3679	3678	3550
9	3551	3552	3680	3679	3551
9	3552	3553	3681	3680	3552
9	3553	3554	3682	3681	3553
9	3554	3555	3683	3682	3554
9	3555	3556	3684	3683	3555
9	3556	3557	3685	3684	3556
9	3557	3558	3686	3685	3557
9	3558	3559	3687	3686	3558
9	3559	3560	3688	3687	3559
9	3560	3561	3689	3688	3560
9	3561	3562	3690	3689	3561
9	3562	3563	3691	3690	3562
9	3563	3564	3692	3691	3563
9	3564	3565	3693	3692	3564
9	3565	3566	3694	3693	3565
9	3566	3567	3695	3694	3566
9	3567	3568	3696	3695	3567
9	3568	3569	3697	3696	3568
9	3569	3570	3698	3697	3569
9	3570	3571	3699	3698	3570
9	3571	3572	3700	3699	3571
9	3572	3573	3701	3700	3572
9	3573	3574	3702	3701	3573
9	3574	3575	3703	3702	3574
9	3575	3576	3704	3703	3575
9	3576	3577	3705	3704	3576
9	3577	3578	3706	3705	3577
9	3578	3579	3707	3706	3578
9	3579	3580	3708	3707	3579
9	3580	3581	3709	3708	3580
9	3581	3582	3710	3709	3581
9	3582	3583	3711	3710	3582
9	3583	3456	3584	3711	3583
9	3584	3585	3713	3712	3584
9	3585	3586	3714	3713	3585
9	3586	3587	3715	3714	3586
9	3587	3588	3716	3715	3587
9	3588	3589	3717	3716	3588
9	3589	3590	3718	3717	3589
9	3590	3591	3719	3718	3590
9	3591	3592	3720	3719	3591
9	3592	3593	3721	3720	3592
9	3593	3594	3722	3721	3593
9	3594	3595	3723	3722	3594
9	3595	3596	3724	3723	3595
9	3596	3597	3725	3724	3596
9	3597	3598	3726	3725	3597
9	3598	3599	3727	3726	3598
9	3599	3600	3728	3727	3599
9	3600	3601	3729	3728	3600
9	3601	3602	3730	3729	3601
9	3602	3603	3731	3730	3602
9	3603	3604	3732	3731	3603
9	3604	3605	3733	3732	3604
9	3605	3606	3734	3733	3605
9	3606	3607	3735	3734	3606
9	3607	3608	3736	3735	3607
9	3608	3609	3737	3736	3608
9	3609	3610	3738	3737	3609
9	3610	3611	3739	3738	3610
9	3611	3612	3740	3739	3611
9	3612	3613	3741	3740	3612
9	3613	3614	3742	3741	3613
9	3614	3615	3743	3742	3614
9	3615	3616	3744	3743	3615
9	3616	3617	3745	3744	3616
9	3617	3618	3746	3745	3617
9	3618	3619	3747	3746	3618
9	3619	3620	3748	3747	3619
9	3620	3621	3749	3748	3620
9	3621	3622	3750	3749	3621
9	3622	3623	3751	3750	3622
9	3623	3624	3752	3751	3623
9	3624	3625	3753	3752	3624
9	3625	3626	3754	3753	3625
9	3626	3627	3755	3754	3626
9	3627	3628	3756	3755	3627
9	3628	3629	3757	3756	3628
9	3629	3630	3758	3757	3629
9	3630	3631	3759	3758	3630
9	3631	3632	3760	3759	3631
9	3632	3633	3761	3760	3632
9	3633	3634	3762	3761	3633
9	3634	3635	3763	3762	3634
9	3635	3636	3764	3763	3635
9	3636	3637	3765	3764	3636
9	3637	3638	3766	3765	3637
9	3638	3639	3767	3766	3638
9	3639	3640	3768	3767	3639
9	3640	3641	3769	3768	3640
9	3641	3642	3770	3769	3641
9	3642	3643	3771	3770	3642
9	3643	3644	3772	3771	3643
9	3644	3645	3773	3772	3644
9	3645	3646	3774	3773	3645
9	3646	3647	3775	3774	3646
9	3647	3648	3776	3775	3647
9	3648	3649	3777	3776	3648
9	3649	3650	3778	3777	3649
9	3650	3651	3779	3778	3650
9	3651	3652	3780	3779	3651
9	3652	3653	3781	3780	3652
9	3653	3654	3782	3781	3653
9	3654	3655	3783	3782	3654
9	3655	3656	3784	3783	3655
9	3656	3657	3785	3784	3656
9	3657	3658	3786	3785	3657
9	3658	3659	3787	3786	3658
9	3659	3660	3788	3787	3659
9	3660	3661	3789	3788	3660
9	3661	3662	3790	3789	3661
9	3662	3663	3791	3790	3662
9	3663	3664	3792	3791	3663
9	3664	3665	3793	3792	3664
9	3665	3666	3794	3793	3665
9	3666	3667	3795	3794	3666
9	3667	3668	3796	3795	3667
9	3668	3669	3797	3796	3668
9	3669	3670	3798	3797	3669
9	3670	3671	3799	3798	3670
9	3671	3672	3800	3799	3671
9	3672	3673	3801	3800	3672
9	3673	3674	3802	3801	3673
9	3674	3675	3803	3802	3674
9	3675	3676	3804	3803	3675
9	3676	3677	3805	3804	3676
9	3677	3678	3806	3805	3677
9	3678	3679	3807	3806	3678
9	3679	3680	3808	3807	3679
9	3680	3681	3809	3808	3680
9	3681	3682	3810	3809	3681
9	3682	3683	3811	3810	3682
9	3683	3684	3812	3811	3683
9	3684	3685	3813	3812	3684
9	3685	3686	3814	3813	3685
9	3686	3687	3815	3814	3686
9	3687	3688	3816	3815	3687
9	3688	3689	3817	3816	3688
9	3689	3690	3818	3817	3689
9	3690	3691	3819	3818	3690
9	3691	3692	3820	3819	3691
9	3692	3693	3821	3820	3692
9	3693	3694	3822	3821	3693
9	3694	3695	3823	3822	3694
9	3695	3696	3824	3823	3695
9	3696	3697	3825	3824	3696
9	3697	3698	3826	3825	3697
9	3698	3699	3827	3826	3698
9	3699	3700	3828	3827	3699
9	3700	3701	3829	3828	3700
9	3701	3702	3830	3829	3701
9	3702	3703	3831	3830	3702
9	3703	3704	3832	3831	3703
9	3704	3705	3833	3832	3704
9	3705	3706	3834	3833	3705
9	3706	3707	3835	3834	3706
9	3707	3708	3836	3835	3707
9	3708	3709	3837	3836	3708
9	3709	3710	3838	3837	3709
9	3710	3711	3839	3838	3710
9	3711	3584	3712	3839	3711
9	3712	3713	3841	3840	3712
9	3713	3714	3842	3841	3713
9	3714	3715	3843	3842	3714
9	3715	3716	3844	3843	3715
9	3716	3717	3845	3844	3716
9	3717	3718	3846	3845	3717
9	3718	3719	3847	3846	3718
9	3719	3720	3848	3847	3719
9	3720	3721	3849	3848	3720
9	3721	3722	3850	3849	3721
9	3722	3723	3851	3850	3722
9	3723	3724	3852	3851	3723
9	3724	3725	3853	3852	3724
9	3725	3726	3854	3853	3725
9	3726	3727	3855	3854	3726
9	3727	3728	3856	3855	3727
9	3728	3729	3857	3856	3728
9	3729	3730	3858	3857	3729
9	3730	3731	3859	3858	3730
9	3731	3732	3860	3859	3731
9	3732	3733	3861	3860	3732
9	3733	3734	3862	3861	3733
9	3734	3735	3863	3862	3734
9	3735	3736	3864	3863	3735
9	3736	3737	3865	3864	3736
9	3737	3738	3866	3865	3737
9	3738	3739	3867	3866	3738
9	3739	3740	3868	3867	3739
9	3740	3741	3869	3868	3740
9	3741	3742	3870	3869	3741
9	3742	3743	3871	3870	3742
9	3743	3744	3872	3871	3743
9	3744	3745	3873	3872	3744
9	3745	3746	3874	3873	3745
9	3746	3747	3875	3874	3746
9	3747	3748	3876	3875	3747
9	3748	3749	3877	3876	3748
9	3749	3750	3878	3877	3749
9	3750	3751	3879	3878	3750
9	3751	3752	3880	3879	3751
9	3752	3753	3881	3880	3752
9	3753	3754	3882	3881	3753
9	3754	3755	3883	3882	3754
9	3755	3756	3884	3883	3755
9	3756	3757	3885	3884	3756
9	3757	3758	3886	3885	3757
9	3758	3759	3887	3886	3758
9	3759	3760	3888	3887	3759
9	3760	3761	3889	3888	3760
9	3761	3762	3890	3889	3761
9	3762	3763	3891	3890	3762
9	3763	3764	3892	3891	3763
9	3764	3765	3893	3892	3764
9	3765	3766	3894	3893	3765
9	3766	3767	3895	3894	3766
9	3767	3768	3896	3895	3767
9	3768	3769	3897	3896	3768
9	3769	3770	3898	3897	3769
9	3770	3771	3899	3898	3770
9	3771	3772	3900	3899	3771
9	3772	3773	3901	3900	3772
9	3773	3774	3902	3901	3773
9	3774	3775	3903	3902	3774
9	3775	3776	3904	3903	3775
9	3776	3777	3905	3904	3776
9	3777	3778	3906	3905	3777
9	3778	3779	3907	3906	3778
9	3779	3780	3908	3907	3779
9	3780	3781	3909	3908	3780
9	3781	3782	3910	3909	3781
9	3782	3783	3911	3910	3782
9	3783	3784	3912	3911	3783
9	3784	3785	3913	3912	3784
9	3785	3786	3914	3913	3785
9	3786	3787	3915	3914	3786
9	3787	3788	3916	3915	3787
9	3788	3789	3917	3916	3788
9	3789	3790	3918	3917	3789
9	3790	3791	3919	3918	3790
9	3791	3792	3920	3919	3791
9	3792	3793	3921	3920	3792
9	3793	3794	3922	3921	3793
9	3794	3795	3923	3922	3794
9	3795	3796	3924	3923	3795
9	3796	3797	3925	3924	3796
9	3797	3798	3926	3925	3797
9	3798	3799	3927	3926	3798
9	3799	3800	3928	3927	3799
9	3800	3801	3929	3928	3800
9	3801	3802	3930	3929	3801
9	3802	3803	3931	3930	3802
9	3803	3804	3932	3931	3803
9	3804	3805	3933	3932	3804
9	3805	3806	3934	3933	3805
9	3806	3807	3935	3934	3806
9	3807	3808	3936	3935	3807
9	3808	3809	3937	3936	3808
9	3809	3810	3938	3937	3809
9	3810	3811	3939	3938	3810
9	3811	3812	3940	3939	3811
9	3812	3813	3941	3940	3812
9	3813	3814	3942	3941	3813
9	3814	3815	3943	3942	3814
9	3815	3816	3944	3943	3815
9	3816	3817	3945	3944	3816
9	3817	3818	3946	3945	3817
9	3818	3819	3947	3946	3818
9	3819	3820	3948	3947	3819
9	3820	3821	3949	3948	3820
9	3821	3822	3950	3949	3821
9	3822	3823	3951	3950	3822
9	3823	3824	3952	3951	3823
9	3824	3825	3953	3952	3824
9	3825	3826	3954	3953	3825
9	3826	3827	3955	3954	3826
9	3827	3828	3956	3955	3827
9	3828	3829	3957	3956	3828
9	3829	3830	3958	3957	3829
9	3830	3831	3959	3958	3830
9	3831	3832	3960	3959	3831
9	3832	3833	3961	3960	3832
9	3833	3834	3962	3961	3833
9	3834	3835	3963	3962	3834
9	3835	3836	3964	3963	3835
9	3836	3837	3965	3964	3836
9	3837	3838	3966	3965	3837
9	3838	3839	3967	3966	3838
9	3839	3712	3840	3967	3839
9	3840	3841	3969	3968	3840
9	3841	3842	3970	3969	3841
9	3842	3843	3971	3970	3842
9	3843	3844	3972	3971	3843
9	3844	3845	3973	3972	3844
9	3845	3846	3974	3973	3845
9	3846	3847	3975	3974	3846
9	3847	3848	3976	3975	3847
9	3848	3849	3977	3976	3848
9	3849	3850	3978	3977	3849
9	3850	3851	3979	3978	3850
9	3851	3852	3980	3979	3851
9	3852	3853	3981	3980	3852
9	3853	3854	3982	3981	3853
9	3854	3855	3983	3982	3854
9	3855	3856	3984	3983	3855
9	3856	3857	3985	3984	3856
9	3857	3858	3986	3985	3857
9	3858	3859	3987	3986	3858
9	3859	3860	3988	3987	3859
9	3860	3861	3989	3988	3860
9	3861	3862	3990	3989	3861
9	3862	3863	3991	3990	3862
9	3863	3864	3992	3991	3863
9	3864	3865	3993	3992	3864
9	3865	3866	3994	3993	3865
9	3866	3867	3995	3994	3866
9	3867	3868	3996	3995	3867
9	3868	3869	3997	3996	3868
9	3869	3870	3998	3997	3869
9	3870	3871	3999	3998	3870
9	3871	3872	4000	3999	3871
9	3872	3873	4001	4000	3872
9	3873	3874	4002	4001	3873
9	3874	3875	4003	4002	3874
9	3875	3876	4004	4003	3875
9	3876	3877	4005	4004	3876
9	3877	3878	4006	4005	3877
9	3878	3879	4007	4006	3878
9	3879	3880	4008	4007	3879
9	3880	3881	4009	4008	3880
9	3881	3882	4010	4009	3881
9	3882	3883	4011	4010	3882
9	3883	3884	4012	4011	3883
9	3884	3885	4013	4012	3884
9	3885	3886	4014	4013	3885
9	3886	3887	4015	4014	3886
9	3887	3888	4016	4015	3887
9	3888	3889	4017	4016	3888
9	3889	3890	4018	4017	3889
9	3890	3891	4019	4018	3890
9	3891	3892	4020	4019	3891
9	3892	3893	4021	4020	3892
9	3893	3894	4022	4021	3893
9	3894	3895	4023	4022	3894
9	3895	3896	4024	4023	3895
9	3896	3897	4025	4024	3896
9	3897	3898	4026	4025	3897
9	3898	3899	4027	4026	3898
9	3899	3900	4028	4027	3899
9	3900	3901	4029	4028	3900
9	3901	3902	4030	4029	3901
9	3902	3903	4031	4030	3902
9	3903	3904	4032	4031	3903
9	3904	3905	4033	4032	3904
9	3905	3906	4034	4033	3905
9	3906	3907	4035	4034	3906
9	3907	3908	4036	4035	3907
9	3908	3909	4037	4036	3908
9	3909	3910	4038	4037	3909
9	3910	3911	4039	4038	3910
9	3911	3912	4040	4039	3911
9	3912	3913	4041	4040	3912
9	3913	3914	4042	4041	3913
9	3914	3915	4043	4042	3914
9	3915	3916	4044	4043	3915
9	3916	3917	4045	4044	3916
9	3917	3918	4046	4045	3917
9	3918	3919	4047	4046	3918
9	3919	3920	4048	4047	3919
9	3920	3921	4049	4048	3920
9	3921	3922	4050	4049	3921
9	3922	3923	4051	4050	3922
9	3923	3924	4052	4051	3923
9	3924	3925	4053	4052	3924
9	3925	3926	4054	4053	3925
9	3926	3927	4055	4054	3926
9	3927	3928	4056	4055	3927
9	3928	3929	4057	4056	3928
9	3929	3930	4058	4057	3929
9	3930	3931	4059	4058	3930
9	3931	3932	4060	4059	3931
9	3932	3933	4061	4060	3932
9	3933	3934	4062	4061	3933
9	3934	3935	4063	4062	3934
9	3935	3936	4064	4063	3935
9	3936	3937	4065	4064	3936
9	3937	3938	4066	4065	3937
9	3938	3939	4067	4066	3938
9	3939	3940	4068	4067	3939
9	3940	3941	4069	4068	3940
9	3941	3942	4070	4069	3941
9	3942	3943	4071	4070	3942
9	3943	3944	4072	4071	3943
9	3944	3945	4073	4072	3944
9	3945	3946	4074	4073	3945
9	3946	3947	4075	4074	3946
9	3947	3948	4076	4075	3947
9	3948	3949	4077	4076	3948
9	3949	3950	4078	4077	3949
9	3950	3951	4079	4078	3950
9	3951	3952	4080	4079	3951
9	3952	3953	4081	4080	3952
9	3953	3954	4082	4081	3953
9	3954	3955	4083	4082	3954
9	3955	3956	4084	4083	3955
9	3956	3957	4085	4084	3956
9	3957	3958	4086	4085	3957
9	3958	3959	4087	4086	3958
9	3959	3960	4088	4087	3959
9	3960	3961	4089	4088	3960
9	3961	3962	4090	4089	3961
9	3962	3963	4091	4090	3962
9	3963	3964	4092	4091	3963
9	3964	3965	4093	4092	3964
9	3965	3966	4094	4093	3965
9	3966	3967	4095	4094	3966
9	3967	3840	3968	4095	3967
9	3968	3969	4097	4096	3968
9	3969	3970	4098	4097	3969
9	3970	3971	4099	4098	3970
9	3971	3972	4100	4099	3971
9	3972	3973	4101	4100	3972
9	3973	3974	4102	4101	3973
9	3974	3975	4103	4102	3974
9	3975	3976	4104	4103	3975
9	3976	3977	4105	4104	3976
9	3977	3978	4106	4105	3977
9	3978	3979	4107	4106	3978
9	3979	3980	4108	4107	3979
9	3980	3981	4109	4108	3980
9	3981	3982	4110	4109	3981
9	3982	3983	4111	4110	3982
9	3983	3984	4112	4111	3983
9	3984	3985	4113	4112	3984
9	3985	3986	4114	4113	3985
9	3986	3987	4115	4114	3986
9	3987	3988	4116	4115	3987
9	3988	3989	4117	4116	3988
9	3989	3990	4118	4117	3989
9	3990	3991	4119	4118	3990
9	3991	3992	4120	4119	3991
9	3992	3993	4121	4120	3992
9	3993	3994	4122	4121	3993
9	3994	3995	4123	4122	3994
9	3995	3996	4124	4123	3995
9	3996	3997	4125	4124	3996
9	3997	3998	4126	4125	3997
9	3998	3999	4127	4126	3998
9	3999	4000	4128	4127	3999
9	4000	4001	4129	4128	4000
9	4001	4002	4130	4129	4001
9	4002	4003	4131	4130	4002
9	4003	4004	4132	4131	4003
9	4004	4005	4133	4132	4004
9	4005	4006	4134	4133	4005
9	4006	4007	4135	4134	4006
9	4007	4008	4136	4135	4007
9	4008	4009	4137	4136	4008
9	4009	4010	4138	4137	4009
9	4010	4011	4139	4138	4010
9	4011	4012	4140	4139	4011
9	4012	4013	4141	4140	4012
9	4013	4014	4142	4141	4013
9	4014	4015	4143	4142	4014
9	4015	4016	4144	4143	4015
9	4016	4017	4145	4144	4016
9	4017	4018	4146	4145	4017
9	4018	4019	4147	4146	4018
9	4019	4020	4148	4147	4019
9	4020	4021	4149	4148	4020
9	4021	4022	4150	4149	4021
9	4022	4023	4151	4150	4022
9	4023	4024	4152	4151	4023
9	4024	4025	4153	4152	4024
9	4025	4026	4154	4153	4025
9	4026	4027	4155	4154	4026
9	4027	4028	4156	4155	4027
9	4028	4029	4157	4156	4028
9	4029	4030	4158	4157	4029
9	4030	4031	4159	4158	4030
9	4031	4032	4160	4159	4031
9	4032	4033	4161	4160	4032
9	4033	4034	4162	4161	4033
9	4034	4035	4163	4162	4034
9	4035	4036	4164	4163	4035
9	4036	4037	4165	4164	4036
9	4037	4038	4166	4165	4037
9	4038	4039	4167	4166	4038
9	4039	4040	4168	4167	4039
9	4040	4041	4169	4168	4040
9	4041	4042	4170	4169	4041
9	4042	4043	4171	4170	4042
9	4043	4044	4172	4171	4043
9	4044	4045	4173	4172	4044
9	4045	4046	4174	4173	4045
9	4046	4047	4175	4174	4046
9	4047	4048	4176	4175	4047
9	4048	4049	4177	4176	4048
9	4049	4050	4178	4177	4049
9	4050	4051	4179	4178	4050
9	4051	4052	4180	4179	4051
9	4052	4053	4181	4180	4052
9	4053	4054	4182	4181	4053
9	4054	4055	4183	4182	4054
9	4055	4056	4184	4183	4055
9	4056	4057	4185	4184	4056
9	4057	4058	4186	4185	4057
9	4058	4059	4187	4186	4058
9	4059	4060	4188	4187	4059
9	4060	4061	4189	4188	4060
9	4061	4062	4190	4189	4061
9	4062	4063	4191	4190	4062
9	4063	4064	4192	4191	4063
9	4064	4065	4193	4192	4064
9	4065	4066	4194	4193	4065
9	4066	4067	4195	4194	4066
9	4067	4068	4196	4195	4067
9	4068	4069	4197	4196	4068
9	4069	4070	4198	4197	4069
9	4070	4071	4199	4198	4070
9	4071	4072	4200	4199	4071
9	4072	4073	4201	4200	4072
9	4073	4074	4202	4201	4073
9	4074	4075	4203	4202	4074
9	4075	4076	4204	4203	4075
9	4076	4077	4205	4204	4076
9	4077	4078	4206	4205	4077
9	4078	4079	4207	4206	4078
9	4079	4080	4208	4207	4079
9	4080	4081	4209	4208	4080
9	4081	4082	4210	4209	4081
9	4082	4083	4211	4210	4082
9	4083	4084	4212	4211	4083
9	4084	4085	4213	4212	4084
9	4085	4086	4214	4213	4085
9	4086	4087	4215	4214	4086
9	4087	4088	4216	4215	4087
9	4088	4089	4217	4216	4088
9	4089	4090	4218	4217	4089
9	4090	4091	4219	4218	4090
9	4091	4092	4220	4219	4091
9	4092	4093	4221	4220	4092
9	4093	4094	4222	4221	4093
9	4094	4095	4223	4222	4094
9	4095	3968	4096	4223	4095
9	4096	4097	4225	4224	4096
9	4097	4098	4226	4225	4097
9	4098	4099	4227	4226	4098
9	4099	4100	4228	4227	4099
9	4100	4101	4229	4228	4100
9	4101	4102	4230	4229	4101
9	4102	4103	4231	4230	4102
9	4103	4104	4232	4231	4103
9	4104	4105	4233	4232	4104
9	4105	4106	4234	4233	4105
9	4106	4107	4235	4234	4106
9	4107	4108	4236	4235	4107
9	4108	4109	4237	4236	4108
9	4109	4110	4238	4237	4109
9	4110	4111	4239	4238	4110
9	4111	4112	4240	4239	4111
9	4112	4113	4241	4240	4112
9	4113	4114	4242	4241	4113
9	4114	4115	4243	4242	4114
9	4115	4116	4244	4243	4115
9	4116	4117	4245	4244	4116
9	4117	4118	4246	4245	4117
9	4118	4119	4247	4246	4118
9	4119	4120	4248	4247	4119
9	4120	4121	4249	4248	4120
9	4121	4122	4250	4249	4121
9	4122	4123	4251	4250	4122
9	4123	4124	4252	4251	4123
9	4124	4125	4253	4252	4124
9	4125	4126	4254	4253	4125
9	4126	4127	4255	4254	4126
9	4127	4128	4256	4255	4127
9	4128	4129	4257	4256	4128
9	4129	4130	4258	4257	4129
9	4130	4131	4259	4258	4130
9	4131	4132	4260	4259	4131
9	4132	4133	4261	4260	4132
9	4133	4134	4262	4261	4133
9	4134	4135	4263	4262	4134
9	4135	4136	4264	4263	4135
9	4136	4137	4265	4264	4136
9	4137	4138	4266	4265	4137
9	4138	4139	4267	4266	4138
9	4139	4140	4268	4267	4139
9	4140	4141	4269	4268	4140
9	4141	4142	4270	4269	4141
9	4142	4143	4271	4270	4142
9	4143	4144	4272	4271	4143
9	4144	4145	4273	4272	4144
9	4145	4146	4274	4273	4145
9	4146	4147	4275	4274	4146
9	4147	4148	4276	4275	4147
9	4148	4149	4277	4276	4148
9	4149	4150	4278	4277	4149
9	4150	4151	4279	4278	4150
9	4151	4152	4280	4279	4151
9	4152	4153	4281	4280	4152
9	4153	4154	4282	4281	4153
9	4154	4155	4283	4282	4154
9	4155	4156	4284	4283	4155
9	4156	4157	4285	4284	4156
9	4157	4158	4286	4285	4157
9	4158	4159	4287	4286	4158
9	4159	4160	4288	4287	4159
9	4160	4161	4289	4288	4160
9	4161	4162	4290	4289	4161
9	4162	4163	4291	4290	4162
9	4163	4164	4292	4291	4163
9	4164	4165	4293	4292	4164
9	4165	4166	4294	4293	4165
9	4166	4167	4295	4294	4166
9	4167	4168	4296	4295	4167
9	4168	4169	4297	4296	4168
9	4169	4170	4298	4297	4169
9	4170	4171	4299	4298	4170
9	4171	4172	4300	4299	4171
9	4172	4173	4301	4300	4172
9	4173	4174	4302	4301	4173
9	4174	4175	4303	4302	4174
9	4175	4176	4304	4303	4175
9	4176	4177	4305	4304	4176
9	4177	4178	4306	4305	4177
9	4178	4179	4307	4306	4178
9	4179	4180	4308	4307	4179
9	4180	4181	4309	4308	4180
9	4181	4182	4310	4309	4181
9	4182	4183	4311	4310	4182
9	4183	4184	4312	4311	4183
9	4184	4185	4313	4312	4184
9	4185	4186	4314	4313	4185
9	4186	4187	4315	4314	4186
9	4187	4188	4316	4315	4187
9	4188	4189	4317	4316	4188
9	4189	4190	4318	4317	4189
9	4190	4191	4319	4318	4190
9	4191	4192	4320	4319	4191
9	4192	4193	4321	4320	4192
9	4193	4194	4322	4321	4193
9	4194	4195	4323	4322	4194
9	4195	4196	4324	4323	4195
9	4196	4197	4325	4324	4196
9	4197	4198	4326	4325	4197
9	4198	4199	4327	4326	4198
9	4199	4200	4328	4327	4199
9	4200	4201	4329	4328	4200
9	4201	4202	4330	4329	4201
9	4202	4203	4331	4330	4202
9	4203	4204	4332	4331	4203
9	4204	4205	4333	4332	4204
9	4205	4206	4334	4333	4205
9	4206	4207	4335	4334	4206
9	4207	4208	4336	4335	4207
9	4208	4209	4337	4336	4208
9	4209	4210	4338	4337	4209
9	4210	4211	4339	4338	4210
9	4211	4212	4340	4339	4211
9	4212	4213	4341	4340	4212
9	4213	4214	4342	4341	4213
9	4214	4215	4343	4342	4214
9	4215	4216	4344	4343	4215
9	4216	4217	4345	4344	4216
9	4217	4218	4346	4345	4217
9	4218	4219	4347	4346	4218
9	4219	4220	4348	4347	4219
9	4220	4221	4349	4348	4220
9	4221	4222	4350	4349	4221
9	4222	4223	4351	4350	4222
9	4223	4096	4224	4351	4223
9	4224	4225	4353	4352	4224
9	4225	4226	4354	4353	4225
9	4226	4227	4355	4354	4226
9	4227	4228	4356	4355	4227
9	4228	4229	4357	4356	4228
9	4229	4230	4358	4357	4229
9	4230	4231	4359	4358	4230
9	4231	4232	4360	4359	4231
9	4232	4233	4361	4360	4232
9	4233	4234	4362	4361	4233
9	4234	4235	4363	4362	4234
9	4235	4236	4364	4363	4235
9	4236	4237	4365	4364	4236
9	4237	4238	4366	4365	4237
9	4238	4239	4367	4366	4238
9	4239	4240	4368	4367	4239
9	4240	4241	4369	4368	4240
9	4241	4242	4370	4369	4241
9	4242	4243	4371	4370	4242
9	4243	4244	4372	4371	4243
9	4244	4245	4373	4372	4244
9	4245	4246	4374	4373	4245
9	4246	4247	4375	4374	4246
9	4247	4248	4376	4375	4247
9	4248	4249	4377	4376	4248
9	4249	4250	4378	4377	4249
9	4250	4251	4379	4378	4250
9	4251	4252	4380	4379	4251
9	4252	4253	4381	4380	4252
9	4253	4254	4382	4381	4253
9	4254	4255	4383	4382	4254
9	4255	4256	4384	4383	4255
9	4256	4257	4385	4384	4256
9	4257	4258	4386	4385	4257
9	4258	4259	4387	4386	4258
9	4259	4260	4388	4387	4259
9	4260	4261	4389	4388	4260
9	4261	4262	4390	4389	4261
9	4262	4263	4391	4390	4262
9	4263	4264	4392	4391	4263
9	4264	4265	4393	4392	4264
9	4265	4266	4394	4393	4265
9	4266	4267	4395	4394	4266
9	4267	4268	4396	4395	4267
9	4268	4269	4397	4396	4268
9	4269	4270	4398	4397	4269
9	4270	4271	4399	4398	4270
9	4271	4272	4400	4399	4271
9	4272	4273	4401	4400	4272
9	4273	4274	4402	4401	4273
9	4274	4275	4403	4402	4274
9	4275	4276	4404	4403	4275
9	4276	4277	4405	4404	4276
9	4277	4278	4406	4405	4277
9	4278	4279	4407	4406	4278
9	4279	4280	4408	4407	4279
9	4280	4281	4409	4408	4280
9	4281	4282	4410	4409	4281
9	4282	4283	4411	4410	4282
9	4283	4284	4412	4411	4283
9	4284	4285	4413	4412	4284
9	4285	4286	4414	4413	4285
9	4286	4287	4415	4414	4286
9	4287	4288	4416	4415	4287
9	4288	4289	4417	4416	4288
9	4289	4290	4418	4417	4289
9	4290	4291	4419	4418	4290
9	4291	4292	4420	4419	4291
9	4292	4293	4421	4420	4292
9	4293	4294	4422	4421	4293
9	4294	4295	4423	4422	4294
9	4295	4296	4424	4423	4295
9	4296	4297	4425	4424	4296
9	4297	4298	4426	4425	4297
9	4298	4299	4427	4426	4298
9	4299	4300	4428	4427	4299
9	4300	4301	4429	4428	4300
9	4301	4302	4430	4429	4301
9	4302	4303	4431	4430	4302
9	4303	4304	4432	4431	4303
9	4304	4305	4433	4432	4304
9	4305	4306	4434	4433	4305
9	4306	4307	4435	4434	4306
9	4307	4308	4436	4435	4307
9	4308	4309	4437	4436	4308
9	4309	4310	4438	4437	4309
9	4310	4311	4439	4438	4310
9	4311	4312	4440	4439	4311
9	4312	4313	4441	4440	4312
9	4313	4314	4442	4441	4313
9	4314	4315	4443	4442	4314
9	4315	4316	4444	4443	4315
9	4316	4317	4445	4444	4316
9	4317	4318	4446	4445	4317
9	4318	4319	4447	4446	4318
9	4319	4320	4448	4447	4319
9	4320	4321	4449	4448	4320
9	4321	4322	4450	4449	4321
9	4322	4323	4451	4450	4322
9	4323	4324	4452	4451	4323
9	4324	4325	4453	4452	4324
9	4325	4326	4454	4453	4325
9	4326	4327	4455	4454	4326
9	4327	4328	4456	4455	4327
9	4328	4329	4457	4456	4328
9	4329	4330	4458	4457	4329
9	4330	4331	4459	4458	4330
9	4331	4332	4460	4459	4331
9	4332	4333	4461	4460	4332
9	4333	4334	4462	4461	4333
9	4334	4335	4463	4462	4334
9	4335	4336	4464	4463	4335
9	4336	4337	4465	4464	4336
9	4337	4338	4466	4465	4337
9	4338	4339	4467	4466	4338
9	4339	4340	4468	4467	4339
9	4340	4341	4469	4468	4340
9	4341	4342	4470	4469	4341
9	4342	4343	4471	4470	4342
9	4343	4344	4472	4471	4343
9	4344	4345	4473	4472	4344
9	4345	4346	4474	4473	4345
9	4346	4347	4475	4474	4346
9	4347	4348	4476	4475	4347
9	4348	4349	4477	4476	4348
9	4349	4350	4478	4477	4349
9	4350	4351	4479	4478	4350
9	4351	4224	4352	4479	4351
9	4352	4353	4481	4480	4352
9	4353	4354	4482	4481	4353
9	4354	4355	4483	4482	4354
9	4355	4356	4484	4483	4355
9	4356	4357	4485	4484	4356
9	4357	4358	4486	4485	4357
9	4358	4359	4487	4486	4358
9	4359	4360	4488	4487	4359
9	4360	4361	4489	4488	4360
9	4361	4362	4490	4489	4361
9	4362	4363	4491	4490	4362
9	4363	4364	4492	4491	4363
9	4364	4365	4493	4492	4364
9	4365	4366	4494	4493	4365
9	4366	4367	4495	4494	4366
9	4367	4368	4496	4495	4367
9	4368	4369	4497	4496	4368
9	4369	4370	4498	4497	4369
9	4370	4371	4499	4498	4370
9	4371	4372	4500	4499	4371
9	4372	4373	4501	4500	4372
9	4373	4374	4502	4501	4373
9	4374	4375	4503	4502	4374
9	4375	4376	4504	4503	4375
9	4376	4377	4505	4504	4376
9	4377	4378	4506	4505	4377
9	4378	4379	4507	4506	4378
9	4379	4380	4508	4507	4379
9	4380	4381	4509	4508	4380
9	4381	4382	4510	4509	4381
9	4382	4383	4511	4510	4382
9	4383	4384	4512	4511	4383
9	4384	4385	4513	4512	4384
9	4385	4386	4514	4513	4385
9	4386	4387	4515	4514	4386
9	4387	4388	4516	4515	4387
9	4388	4389	4517	4516	4388
9	4389	4390	4518	4517	4389
9	4390	4391	4519	4518	4390
9	4391	4392	4520	4519	4391
9	4392	4393	4521	4520	4392
9	4393	4394	4522	4521	4393
9	4394	4395	4523	4522	4394
9	4395	4396	4524	4523	4395
9	4396	4397	4525	4524	4396
9	4397	4398	4526	4525	4397
9	4398	4399	4527	4526	4398
9	4399	4400	4528	4527	4399
9	4400	4401	4529	4528	4400
9	4401	4402	4530	4529	4401
9	4402	4403	4531	4530	4402
9	4403	4404	4532	4531	4403
9	4404	4405	4533	4532	4404
9	4405	4406	4534	4533	4405
9	4406	4407	4535	4534	4406
9	4407	4408	4536	4535	4407
9	4408	4409	4537	4536	4408
9	4409	4410	4538	4537	4409
9	4410	4411	4539	4538	4410
9	4411	4412	4540	4539	4411
9	4412	4413	4541	4540	4412
9	4413	4414	4542	4541	4413
9	4414	4415	4543	4542	4414
9	4415	4416	4544	4543	4415
9	4416	4417	4545	4544	4416
9	4417	4418	4546	4545	4417
9	4418	4419	4547	4546	4418
9	4419	4420	4548	4547	4419
9	4420	4421	4549	4548	4420
9	4421	4422	4550	4549	4421
9	4422	4423	4551	4550	4422
9	4423	4424	4552	4551	4423
9	4424	4425	4553	4552	4424
9	4425	4426	4554	4553	4425
9	4426	4427	4555	4554	4426
9	4427	4428	4556	4555	4427
9	4428	4429	4557	4556	4428
9	4429	4430	4558	4557	4429
9	4430	4431	4559	4558	4430
9	4431	4432	4560	4559	4431
9	4432	4433	4561	4560	4432
9	4433	4434	4562	4561	4433
9	4434	4435	4563	4562	4434
9	4435	4436	4564	4563	4435
9	4436	4437	4565	4564	4436
9	4437	4438	4566	4565	4437
9	4438	4439	4567	4566	4438
9	4439	4440	4568	4567	4439
9	4440	4441	4569	4568	4440
9	4441	4442	4570	4569	4441
9	4442	4443	4571	4570	4442
9	4443	4444	4572	4571	4443
9	4444	4445	4573	4572	4444
9	4445	4446	4574	4573	4445
9	4446	4447	4575	4574	4446
9	4447	4448	4576	4575	4447
9	4448	4449	4577	4576	4448
9	4449	4450	4578	4577	4449
9	4450	4451	4579	4578	4450
9	4451	4452	4580	4579	4451
9	4452	4453	4581	4580	4452
9	4453	4454	4582	4581	4453
9	4454	4455	4583	4582	4454
9	4455	4456	4584	4583	4455
9	4456	4457	4585	4584	4456
9	4457	4458	4586	4585	4457
9	4458	4459	4587	4586	4458
9	4459	4460	4588	4587	4459
9	4460	4461	4589	4588	4460
9	4461	4462	4590	4589	4461
9	4462	4463	4591	4590	4462
9	4463	4464	4592	4591	4463
9	4464	4465	4593	4592	4464
9	4465	4466	4594	4593	4465
9	4466	4467	4595	4594	4466
9	4467	4468	4596	4595	4467
9	4468	4469	4597	4596	4468
9	4469	4470	4598	4597	4469
9	4470	4471	4599	4598	4470
9	4471	4472	4600	4599	4471
9	4472	4473	4601	4600	4472
9	4473	4474	4602	4601	4473
9	4474	4475	4603	4602	4474
9	4475	4476	4604	4603	4475
9	4476	4477	4605	4604	4476
9	4477	4478	4606	4605	4477
9	4478	4479	4607	4606	4478
9	4479	4352	4480	4607	4479
9	4480	4481	4609	4608	4480
9	4481	4482	4610	4609	4481
9	4482	4483	4611	4610	4482
9	4483	4484	4612	4611	4483
9	4484	4485	4613	4612	4484
9	4485	4486	4614	4613	4485
9	4486	4487	4615	4614	4486
9	4487	4488	4616	4615	4487
9	4488	4489	4617	4616	4488
9	4489	4490	4618	4617	4489
9	4490	4491	4619	4618	4490
9	4491	4492	4620	4619	4491
9	4492	4493	4621	4620	4492
9	4493	4494	4622	4621	4493
9	4494	4495	4623	4622	4494
9	4495	4496	4624	4623	4495
9	4496	4497	4625	4624	4496
9	4497	4498	4626	4625	4497
9	4498	4499	4627	4626	4498
9	4499	4500	4628	4627	4499
9	4500	4501	4629	4628	4500
9	4501	4502	4630	4629	4501
9	4502	4503	4631	4630	4502
9	4503	4504	4632	4631	4503
9	4504	4505	4633	4632	4504
9	4505	4506	4634	4633	4505
9	4506	4507	4635	4634	4506
9	4507	4508	4636	4635	4507
9	4508	4509	4637	4636	4508
9	4509	4510	4638	4637	4509
9	4510	4511	4639	4638	4510
9	4511	4512	4640	4639	4511
9	4512	4513	4641	4640	4512
9	4513	4514	4642	4641	4513
9	4514	4515	4643	4642	4514
9	4515	4516	4644	4643	4515
9	4516	4517	4645	4644	4516
9	4517	4518	4646	4645	4517
9	4518	4519	4647	4646	4518
9	4519	4520	4648	4647	4519
9	4520	4521	4649	4648	4520
9	4521	4522	4650	4649	4521
9	4522	4523	4651	4650	4522
9	4523	4524	4652	4651	4523
9	4524	4525	4653	4652	4524
9	4525	4526	4654	4653	4525
9	4526	4527	4655	4654	4526
9	4527	4528	4656	4655	4527
9	4528	4529	4657	4656	4528
9	4529	4530	4658	4657	4529
9	4530	4531	4659	4658	4530
9	4531	4532	4660	4659	4531
9	4532	4533	4661	4660	4532
9	4533	4534	4662	4661	4533
9	4534	4535	4663	4662	4534
9	4535	4536	4664	4663	4535
9	4536	4537	4665	4664	4536
9	4537	4538	4666	4665	4537
9	4538	4539	4667	4666	4538
9	4539	4540	4668	4667	4539
9	4540	4541	4669	4668	4540
9	4541	4542	4670	4669	4541
9	4542	4543	4671	4670	4542
9	4543	4544	4672	4671	4543
9	4544	4545	4673	4672	4544
9	4545	4546	4674	4673	4545
9	4546	4547	4675	4674	4546
9	4547	4548	4676	4675	4547
9	4548	4549	4677	4676	4548
9	4549	4550	4678	4677	4549
9	4550	4551	4679	4678	4550
9	4551	4552	4680	4679	4551
9	4552	4553	4681	4680	4552
9	4553	4554	4682	4681	4553
9	4554	4555	4683	4682	4554
9	4555	4556	4684	4683	4555
9	4556	4557	4685	4684	4556
9	4557	4558	4686	4685	4557
9	4558	4559	4687	4686	4558
9	4559	4560	4688	4687	4559
9	4560	4561	4689	4688	4560
9	4561	4562	4690	4689	4561
9	4562	4563	4691	4690	4562
9	4563	4564	4692	4691	4563
9	4564	4565	4693	4692	4564
9	4565	4566	4694	4693	4565
9	4566	4567	4695	4694	4566
9	4567	4568	4696	4695	4567
9	4568	4569	4697	4696	4568
9	4569	4570	4698	4697	4569
9	4570	4571	4699	4698	4570
9	4571	4572	4700	4699	4571
9	4572	4573	4701	4700	4572
9	4573	4574	4702	4701	4573
9	4574	4575	4703	4702	4574
9	4575	4576	4704	4703	4575
9	4576	4577	4705	4704	4576
9	4577	4578	4706	4705	4577
9	4578	4579	4707	4706	4578
9	4579	4580	4708	4707	4579
9	4580	4581	4709	4708	4580
9	4581	4582	4710	4709	4581
9	4582	4583	4711	4710	4582
9	4583	4584	4712	4711	4583
9	4584	4585	4713	4712	4584
9	4585	4586	4714	4713	4585
9	4586	4587	4715	4714	4586
9	4587	4588	4716	4715	4587
9	4588	4589	4717	4716	4588
9	4589	4590	4718	4717	4589
9	4590	4591	4719	4718	4590
9	4591	4592	4720	4719	4591
9	4592	4593	4721	4720	4592
9	4593	4594	4722	4721	4593
9	4594	4595	4723	4722	4594
9	4595	4596	4724	4723	4595
9	4596	4597	4725	4724	4596
9	4597	4598	4726	4725	4597
9	4598	4599	4727	4726	4598
9	4599	4600	4728	4727	4599
9	4600	4601	4729	4728	4600
9	4601	4602	4730	4729	4601
9	4602	4603	4731	4730	4602
9	4603	4604	4732	4731	4603
9	4604	4605	4733	4732	4604
9	4605	4606	4734	4733	4605
9	4606	4607	4735	4734	4606
9	4607	4480	4608	4735	4607
9	4608	4609	4737	4736	4608
9	4609	4610	4738	4737	4609
9	4610	4611	4739	4738	4610
9	4611	4612	4740	4739	4611
9	4612	4613	4741	4740	4612
9	4613	4614	4742	4741	4613
9	4614	4615	4743	4742	4614
9	4615	4616	4744	4743	4615
9	4616	4617	4745	4744	4616
9	4617	4618	4746	4745	4617
9	4618	4619	4747	4746	4618
9	4619	4620	4748	4747	4619
9	4620	4621	4749	4748	4620
9	4621	4622	4750	4749	4621
9	4622	4623	4751	4750	4622
9	4623	4624	4752	4751	4623
9	4624	4625	4753	4752	4624
9	4625	4626	4754	4753	4625
9	4626	4627	4755	4754	4626
9	4627	4628	4756	4755	4627
9	4628	4629	4757	4756	4628
9	4629	4630	4758	4757	4629
9	4630	4631	4759	4758	4630
9	4631	4632	4760	4759	4631
9	4632	4633	4761	4760	4632
9	4633	4634	4762	4761	4633
9	4634	4635	4763	4762	4634
9	4635	4636	4764	4763	4635
9	4636	4637	4765	4764	4636
9	4637	4638	4766	4765	4637
9	4638	4639	4767	4766	4638
9	4639	4640	4768	4767	4639
9	4640	4641	4769	4768	4640
9	4641	4642	4770	4769	4641
9	4642	4643	4771	4770	4642
9	4643	4644	4772	4771	4643
9	4644	4645	4773	4772	4644
9	4645	4646	4774	4773	4645
9	4646	4647	4775	4774	4646
9	4647	4648	4776	4775	4647
9	4648	4649	4777	4776	4648
9	4649	4650	4778	4777	4649
9	4650	4651	4779	4778	4650
9	4651	4652	4780	4779	4651
9	4652	4653	4781	4780	4652
9	4653	4654	4782	4781	4653
9	4654	4655	4783	4782	4654
9	4655	4656	4784	4783	4655
9	4656	4657	4785	4784	4656
9	4657	4658	4786	4785	4657
9	4658	4659	4787	4786	4658
9	4659	4660	4788	4787	4659
9	4660	4661	4789	4788	4660
9	4661	4662	4790	4789	4661
9	4662	4663	4791	4790	4662
9	4663	4664	4792	4791	4663
9	4664	4665	4793	4792	4664
9	4665	4666	4794	4793	4665
9	4666	4667	4795	4794	4666
9	4667	4668	4796	4795	4667
9	4668	4669	4797	4796	4668
9	4669	4670	4798	4797	4669
9	4670	4671	4799	4798	4670
9	4671	4672	4800	4799	4671
9	4672	4673	4801	4800	4672
9	4673	4674	4802	4801	4673
9	4674	4675	4803	4802	4674
9	4675	4676	4804	4803	4675
9	4676	4677	4805	4804	4676
9	4677	4678	4806	4805	4677
9	4678	4679	4807	4806	4678
9	4679	4680	4808	4807	4679
9	4680	4681	4809	4808	4680
9	4681	4682	4810	4809	4681
9	4682	4683	4811	4810	4682
9	4683	4684	4812	4811	4683
9	4684	4685	4813	4812	4684
9	4685	4686	4814	4813	4685
9	4686	4687	4815	4814	4686
9	4687	4688	4816	4815	4687
9	4688	4689	4817	4816	4688
9	4689	4690	4818	4817	4689
9	4690	4691	4819	4818	4690
9	4691	4692	4820	4819	4691
9	4692	4693	4821	4820	4692
9	4693	4694	4822	4821	4693
9	4694	4695	4823	4822	4694
9	4695	4696	4824	4823	4695
9	4696	4697	4825	4824	4696
9	4697	4698	4826	4825	4697
9	4698	4699	4827	4826	4698
9	4699	4700	4828	4827	4699
9	4700	4701	4829	4828	4700
9	4701	4702	4830	4829	4701
9	4702	4703	4831	4830	4702
9	4703	4704	4832	4831	4703
9	4704	4705	4833	4832	4704
9	4705	4706	4834	4833	4705
9	4706	4707	4835	4834	4706
9	4707	4708	4836	4835	4707
9	4708	4709	4837	4836	4708
9	4709	4710	4838	4837	4709
9	4710	4711	4839	4838	4710
9	4711	4712	4840	4839	4711
9	4712	4713	4841	4840	4712
9	4713	4714	4842	4841	4713
9	4714	4715	4843	4842	4714
9	4715	4716	4844	4843	4715
9	4716	4717	4845	4844	4716
9	4717	4718	4846	4845	4717
9	4718	4719	4847	4846	4718
9	4719	4720	4848	4847	4719
9	4720	4721	4849	4848	4720
9	4721	4722	4850	4849	4721
9	4722	4723	4851	4850	4722
9	4723	4724	4852	4851	4723
9	4724	4725	4853	4852	4724
9	4725	4726	4854	4853	4725
9	4726	4727	4855	4854	4726
9	4727	4728	4856	4855	4727
9	4728	4729	4857	4856	4728
9	4729	4730	4858	4857	4729
9	4730	4731	4859	4858	4730
9	4731	4732	4860	4859	4731
9	4732	4733	4861	4860	4732
9	4733	4734	4862	4861	4733
9	4734	4735	4863	4862	4734
9	4735	4608	4736	4863	4735
9	4736	4737	4865	4864	4736
9	4737	4738	4866	4865	4737
9	4738	4739	4867	4866	4738
9	4739	4740	4868	4867	4739
9	4740	4741	4869	4868	4740
9	4741	4742	4870	4869	4741
9	4742	4743	4871	4870	4742
9	4743	4744	4872	4871	4743
9	4744	4745	4873	4872	4744
9	4745	4746	4874	4873	4745
9	4746	4747	4875	4874	4746
9	4747	4748	4876	4875	4747
9	4748	4749	4877	4876	4748
9	4749	4750	4878	4877	4749
9	4750	4751	4879	4878	4750
9	4751	4752	4880	4879	4751
9	4752	4753	4881	4880	4752
9	4753	4754	4882	4881	4753
9	4754	4755	4883	4882	4754
9	4755	4756	4884	4883	4755
9	4756	4757	4885	4884	4756
9	4757	4758	4886	4885	4757
9	4758	4759	4887	4886	4758
9	4759	4760	4888	4887	4759
9	4760	4761	4889	4888	4760
9	4761	4762	4890	4889	4761
9	4762	4763	4891	4890	4762
9	4763	4764	4892	4891	4763
9	4764	4765	4893	4892	4764
9	4765	4766	4894	4893	4765
9	4766	4767	4895	4894	4766
9	4767	4768	4896	4895	4767
9	4768	4769	4897	4896	4768
9	4769	4770	4898	4897	4769
9	4770	4771	4899	4898	4770
9	4771	4772	4900	4899	4771
9	4772	4773	4901	4900	4772
9	4773	4774	4902	4901	4773
9	4774	4775	4903	4902	4774
9	4775	4776	4904	4903	4775
9	4776	4777	4905	4904	4776
9	4777	4778	4906	4905	4777
9	4778	4779	4907	4906	4778
9	4779	4780	4908	4907	4779
9	4780	4781	4909	4908	4780
9	4781	4782	4910	4909	4781
9	4782	4783	4911	4910	4782
9	4783	4784	4912	4911	4783
9	4784	4785	4913	4912	4784
9	4785	4786	4914	4913	4785
9	4786	4787	4915	4914	4786
9	4787	4788	4916	4915	4787
9	4788	4789	4917	4916	4788
9	4789	4790	4918	4917	4789
9	4790	4791	4919	4918	4790
9	4791	4792	4920	4919	4791
9	4792	4793	4921	4920	4792
9	4793	4794	4922	4921	4793
9	4794	4795	4923	4922	4794
9	4795	4796	4924	4923	4795
9	4796	4797	4925	4924	4796
9	4797	4798	4926	4925	4797
9	4798	4799	4927	4926	4798
9	4799	4800	4928	4927	4799
9	4800	4801	4929	4928	4800
9	4801	4802	4930	4929	4801
9	4802	4803	4931	4930	4802
9	4803	4804	4932	4931	4803
9	4804	4805	4933	4932	4804
9	4805	4806	4934	4933	4805
9	4806	4807	4935	4934	4806
9	4807	4808	4936	4935	4807
9	4808	4809	4937	4936	4808
9	4809	4810	4938	4937	4809
9	4810	4811	4939	4938	4810
9	4811	4812	4940	4939	4811
9	4812	4813	4941	4940	4812
9	4813	4814	4942	4941	4813
9	4814	4815	4943	4942	4814
9	4815	4816	4944	4943	4815
9	4816	4817	4945	4944	4816
9	4817	4818	4946	4945	4817
9	4818	4819	4947	4946	4818
9	4819	4820	4948	4947	4819
9	4820	4821	4949	4948	4820
9	4821	4822	4950	4949	4821
9	4822	4823	4951	4950	4822
9	4823	4824	4952	4951	4823
9	4824	4825	4953	4952	4824
9	4825	4826	4954	4953	4825
9	4826	4827	4955	4954	4826
9	4827	4828	4956	4955	4827
9	4828	4829	4957	4956	4828
9	4829	4830	4958	4957	4829
9	4830	4831	4959	4958	4830
9	4831	4832	4960	4959	4831
9	4832	4833	4961	4960	4832
9	4833	4834	4962	4961	4833
9	4834	4835	4963	4962	4834
9	4835	4836	4964	4963	4835
9	4836	4837	4965	4964	4836
9	4837	4838	4966	4965	4837
9	4838	4839	4967	4966	4838
9	4839	4840	4968	4967	4839
9	4840	4841	4969	4968	4840
9	4841	4842	4970	4969	4841
9	4842	4843	4971	4970	4842
9	4843	4844	4972	4971	4843
9	4844	4845	4973	4972	4844
9	4845	4846	4974	4973	4845
9	4846	4847	4975	4974	4846
9	4847	4848	4976	4975	4847
9	4848	4849	4977	4976	4848
9	4849	4850	4978	4977	4849
9	4850	4851	4979	4978	4850
9	4851	4852	4980	4979	4851
9	4852	4853	4981	4980	4852
9	4853	4854	4982	4981	4853
9	4854	4855	4983	4982	4854
9	4855	4856	4984	4983	4855
9	4856	4857	4985	4984	4856
9	4857	4858	4986	4985	4857
9	4858	4859	4987	4986	4858
9	4859	4860	4988	4987	4859
9	4860	4861	4989	4988	4860
9	4861	4862	4990	4989	4861
9	4862	4863	4991	4990	4862
9	4863	4736	4864	4991	4863
9	4864	4865	4993	4992	4864
9	4865	4866	4994	4993	4865
9	4866	4867	4995	4994	4866
9	4867	4868	4996	4995	4867
9	4868	4869	4997	4996	4868
9	4869	4870	4998	4997	4869
9	4870	4871	4999	4998	4870
9	4871	4872	5000	4999	4871
9	4872	4873	5001	5000	4872
9	4873	4874	5002	5001	4873
9	4874	4875	5003	5002	4874
9	4875	4876	5004	5003	4875
9	4876	4877	5005	5004	4876
9	4877	4878	5006	5005	4877
9	4878	4879	5007	5006	4878
9	4879	4880	5008	5007	4879
9	4880	4881	5009	5008	4880
9	4881	4882	5010	5009	4881
9	4882	4883	5011	5010	4882
9	4883	4884	5012	5011	4883
9	4884	4885	5013	5012	4884
9	4885	4886	5014	5013	4885
9	4886	4887	5015	5014	4886
9	4887	4888	5016	5015	4887
9	4888	4889	5017	5016	4888
9	4889	4890	5018	5017	4889
9	4890	4891	5019	5018	4890
9	4891	4892	5020	5019	4891
9	4892	4893	5021	5020	4892
9	4893	4894	5022	5021	4893
9	4894	4895	5023	5022	4894
9	4895	4896	5024	5023	4895
9	4896	4897	5025	5024	4896
9	4897	4898	5026	5025	4897
9	4898	4899	5027	5026	4898
9	4899	4900	5028	5027	4899
9	4900	4901	5029	5028	4900
9	4901	4902	5030	5029	4901
9	4902	4903	5031	5030	4902
9	4903	4904	5032	5031	4903
9	4904	4905	5033	5032	4904
9	4905	4906	5034	5033	4905
9	4906	4907	5035	5034	4906
9	4907	4908	5036	5035	4907
9	4908	4909	5037	5036	4908
9	4909	4910	5038	5037	4909
9	4910	4911	5039	5038	4910
9	4911	4912	5040	5039	4911
9	4912	4913	5041	5040	4912
9	4913	4914	5042	5041	4913
9	4914	4915	5043	5042	4914
9	4915	4916	5044	5043	4915
9	4916	4917	5045	5044	4916
9	4917	4918	5046	5045	4917
9	4918	4919	5047	5046	4918
9	4919	4920	5048	5047	4919
9	4920	4921	5049	5048	4920
9	4921	4922	5050	5049	4921
9	4922	4923	5051	5050	4922
9	4923	4924	5052	5051	4923
9	4924	4925	5053	5052	4924
9	4925	4926	5054	5053	4925
9	4926	4927	5055	5054	4926
9	4927	4928	5056	5055	4927
9	4928	4929	5057	5056	4928
9	4929	4930	5058	5057	4929
9	4930	4931	5059	5058	4930
9	4931	4932	5060	5059	4931
9	4932	4933	5061	5060	4932
9	4933	4934	5062	5061	4933
9	4934	4935	5063	5062	4934
9	4935	4936	5064	5063	4935
9	4936	4937	5065	5064	4936
9	4937	4938	5066	5065	4937
9	4938	4939	5067	5066	4938
9	4939	4940	5068	5067	4939
9	4940	4941	5069	5068	4940
9	4941	4942	5070	5069	4941
9	4942	4943	5071	5070	4942
9	4943	4944	5072	5071	4943
9	4944	4945	5073	5072	4944
9	4945	4946	5074	5073	4945
9	4946	4947	5075	5074	4946
9	4947	4948	5076	5075	4947
9	4948	4949	5077	5076	4948
9	4949	4950	5078	5077	4949
9	4950	4951	5079	5078	4950
9	4951	4952	5080	5079	4951
9	4952	4953	5081	5080	4952
9	4953	4954	5082	5081	4953
9	4954	4955	5083	5082	4954
9	4955	4956	5084	5083	4955
9	4956	4957	5085	5084	4956
9	4957	4958	5086	5085	4957
9	4958	4959	5087	5086	4958
9	4959	4960	5088	5087	4959
9	4960	4961	5089	5088	4960
9	4961	4962	5090	5089	4961
9	4962	4963	5091	5090	4962
9	4963	4964	5092	5091	4963
9	4964	4965	5093	5092	4964
9	4965	4966	5094	5093	4965
9	4966	4967	5095	5094	4966
9	4967	4968	5096	5095	4967
9	4968	4969	5097	5096	4968
9	4969	4970	5098	5097	4969
9	4970	4971	5099	5098	4970
9	4971	4972	5100	5099	4971
9	4972	4973	5101	5100	4972
9	4973	4974	5102	5101	4973
9	4974	4975	5103	5102	4974
9	4975	4976	5104	5103	4975
9	4976	4977	5105	5104	4976
9	4977	4978	5106	5105	4977
9	4978	4979	5107	5106	4978
9	4979	4980	5108	5107	4979
9	4980	4981	5109	5108	4980
9	4981	4982	5110	5109	4981
9	4982	4983	5111	5110	4982
9	4983	4984	5112	5111	4983
9	4984	4985	5113	5112	4984
9	4985	4986	5114	5113	4985
9	4986	4987	5115	5114	4986
9	4987	4988	5116	5115	4987
9	4988	4989	5117	5116	4988
9	4989	4990	5118	5117	4989
9	4990	4991	5119	5118	4990
9	4991	4864	4992	5119	4991
9	4992	4993	5121	5120	4992
9	4993	4994	5122	5121	4993
9	4994	4995	5123	5122	4994
9	4995	4996	5124	5123	4995
9	4996	4997	5125	5124	4996
9	4997	4998	5126	5125	4997
9	4998	4999	5127	5126	4998
9	4999	5000	5128	5127	4999
9	5000	5001	5129	5128	5000
9	5001	5002	5130	5129	5001
9	5002	5003	5131	5130	5002
9	5003	5004	5132	5131	5003
9	5004	5005	5133	5132	5004
9	5005	5006	5134	5133	5005
9	5006	5007	5135	5134	5006
9	5007	5008	5136	5135	5007
9	5008	5009	5137	5136	5008
9	5009	5010	5138	5137	5009
9	5010	5011	5139	5138	5010
9	5011	5012	5140	5139	5011
9	5012	5013	5141	5140	5012
9	5013	5014	5142	5141	5013
9	5014	5015	5143	5142	5014
9	5015	5016	5144	5143	5015
9	5016	5017	5145	5144	5016
9	5017	5018	5146	5145	5017
9	5018	5019	5147	5146	5018
9	5019	5020	5148	5147	5019
9	5020	5021	5149	5148	5020
9	5021	5022	5150	5149	5021
9	5022	5023	5151	5150	5022
9	5023	5024	5152	5151	5023
9	5024	5025	5153	5152	5024
9	5025	5026	5154	5153	5025
9	5026	5027	5155	5154	5026
9	5027	5028	5156	5155	5027
9	5028	5029	5157	5156	5028
9	5029	5030	5158	5157	5029
9	5030	5031	5159	5158	5030
9	5031	5032	5160	5159	5031
9	5032	5033	5161	5160	5032
9	5033	5034	5162	5161	5033
9	5034	5035	5163	5162	5034
9	5035	5036	5164	5163	5035
9	5036	5037	5165	5164	5036
9	5037	5038	5166	5165	5037
9	5038	5039	5167	5166	5038
9	5039	5040	5168	5167	5039
9	5040	5041	5169	5168	5040
9	5041	5042	5170	5169	5041
9	5042	5043	5171	5170	5042
9	5043	5044	5172	5171	5043
9	5044	5045	5173	5172	5044
9	5045	5046	5174	5173	5045
9	5046	5047	5175	5174	5046
9	5047	5048	5176	5175	5047
9	5048	5049	5177	5176	5048
9	5049	5050	5178	5177	5049
9	5050	5051	5179	5178	5050
9	5051	5052	5180	5179	5051
9	5052	5053	5181	5180	5052
9	5053	5054	5182	5181	5053
9	5054	5055	5183	5182	5054
9	5055	5056	5184	5183	5055
9	5056	5057	5185	5184	5056
9	5057	5058	5186	5185	5057
9	5058	5059	5187	5186	5058
9	5059	5060	5188	5187	5059
9	5060	5061	5189	5188	5060
9	5061	5062	5190	5189	5061
9	5062	5063	5191	5190	5062
9	5063	5064	5192	5191	5063
9	5064	5065	5193	5192	5064
9	5065	5066	5194	5193	5065
9	5066	5067	5195	5194	5066
9	5067	5068	5196	5195	5067
9	5068	5069	5197	5196	5068
9	5069	5070	5198	5197	5069
9	5070	5071	5199	5198	5070
9	5071	5072	5200	5199	5071
9	5072	5073	5201	5200	5072
9	5073	5074	5202	5201	5073
9	5074	5075	5203	5202	5074
9	5075	5076	5204	5203	5075
9	5076	5077	5205	5204	5076
9	5077	5078	5206	5205	5077
9	5078	5079	5207	5206	5078
9	5079	5080	5208	5207	5079
9	5080	5081	5209	5208	5080
9	5081	5082	5210	5209	5081
9	5082	5083	5211	5210	5082
9	5083	5084	5212	5211	5083
9	5084	5085	5213	5212	5084
9	5085	5086	5214	5213	5085
9	5086	5087	5215	5214	5086
9	5087	5088	5216	5215	5087
9	5088	5089	5217	5216	5088
9	5089	5090	5218	5217	5089
9	5090	5091	5219	5218	5090
9	5091	5092	5220	5219	5091
9	5092	5093	5221	5220	5092
9	5093	5094	5222	5221	5093
9	5094	5095	5223	5222	5094
9	5095	5096	5224	5223	5095
9	5096	5097	5225	5224	5096
9	5097	5098	5226	5225	5097
9	5098	5099	5227	5226	5098
9	5099	5100	5228	5227	5099
9	5100	5101	5229	5228	5100
9	5101	5102	5230	5229	5101
9	5102	5103	5231	5230	5102
9	5103	5104	5232	5231	5103
9	5104	5105	5233	5232	5104
9	5105	5106	5234	5233	5105
9	5106	5107	5235	5234	5106
9	5107	5108	5236	5235	5107
9	5108	5109	5237	5236	5108
9	5109	5110	5238	5237	5109
9	5110	5111	5239	5238	5110
9	5111	5112	5240	5239	5111
9	5112	5113	5241	5240	5112
9	5113	5114	5242	5241	5113
9	5114	5115	5243	5242	5114
9	5115	5116	5244	5243	5115
9	5116	5117	5245	5244	5116
9	5117	5118	5246	5245	5117
9	5118	5119	5247	5246	5118
9	5119	4992	5120	5247	5119
9	5120	5121	5249	5248	5120
9	5121	5122	5250	5249	5121
9	5122	5123	5251	5250	5122
9	5123	5124	5252	5251	5123
9	5124	5125	5253	5252	5124
9	5125	5126	5254	5253	5125
9	5126	5127	5255	5254	5126
9	5127	5128	5256	5255	5127
9	5128	5129	5257	5256	5128
9	5129	5130	5258	5257	5129
9	5130	5131	5259	5258	5130
9	5131	5132	5260	5259	5131
9	5132	5133	5261	5260	5132
9	5133	5134	5262	5261	5133
9	5134	5135	5263	5262	5134
9	5135	5136	5264	5263	5135
9	5136	5137	5265	5264	5136
9	5137	5138	5266	5265	5137
9	5138	5139	5267	5266	5138
9	5139	5140	5268	5267	5139
9	5140	5141	5269	5268	5140
9	5141	5142	5270	5269	5141
9	5142	5143	5271	5270	5142
9	5143	5144	5272	5271	5143
9	5144	5145	5273	5272	5144
9	5145	5146	5274	5273	5145
9	5146	5147	5275	5274	5146
9	5147	5148	5276	5275	5147
9	5148	5149	5277	5276	5148
9	5149	5150	5278	5277	5149
9	5150	5151	5279	5278	5150
9	5151	5152	5280	5279	5151
9	5152	5153	5281	5280	5152
9	5153	5154	5282	5281	5153
9	5154	5155	5283	5282	5154
9	5155	5156	5284	5283	5155
9	5156	5157	5285	5284	5156
9	5157	5158	5286	5285	5157
9	5158	5159	5287	5286	5158
9	5159	5160	5288	5287	5159
9	5160	5161	5289	5288	5160
9	5161	5162	5290	5289	5161
9	5162	5163	5291	5290	5162
9	5163	5164	5292	5291	5163
9	5164	5165	5293	5292	5164
9	5165	5166	5294	5293	5165
9	5166	5167	5295	5294	5166
9	5167	5168	5296	5295	5167
9	5168	5169	5297	5296	5168
9	5169	5170	5298	5297	5169
9	5170	5171	5299	5298	5170
9	5171	5172	5300	5299	5171
9	5172	5173	5301	5300	5172
9	5173	5174	5302	5301	5173
9	5174	5175	5303	5302	5174
9	5175	5176	5304	5303	5175
9	5176	5177	5305	5304	5176
9	5177	5178	5306	5305	5177
9	5178	5179	5307	5306	5178
9	5179	5180	5308	5307	5179
9	5180	5181	5309	5308	5180
9	5181	5182	5310	5309	5181
9	5182	5183	5311	5310	5182
9	5183	5184	5312	5311	5183
9	5184	5185	5313	5312	5184
9	5185	5186	5314	5313	5185
9	5186	5187	5315	5314	5186
9	5187	5188	5316	5315	5187
9	5188	5189	5317	5316	5188
9	5189	5190	5318	5317	5189
9	5190	5191	5319	5318	5190
9	5191	5192	5320	5319	5191
9	5192	5193	5321	5320	5192
9	5193	5194	5322	5321	5193
9	5194	5195	5323	5322	5194
9	5195	5196	5324	5323	5195
9	5196	5197	5325	5324	5196
9	5197	5198	5326	5325	5197
9	5198	5199	5327	5326	5198
9	5199	5200	5328	5327	5199
9	5200	5201	5329	5328	5200
9	5201	5202	5330	5329	5201
9	5202	5203	5331	5330	5202
9	5203	5204	5332	5331	5203
9	5204	5205	5333	5332	5204
9	5205	5206	5334	5333	5205
9	5206	5207	5335	5334	5206
9	5207	5208	5336	5335	5207
9	5208	5209	5337	5336	5208
9	5209	5210	5338	5337	5209
9	5210	5211	5339	5338	5210
9	5211	5212	5340	5339	5211
9	5212	5213	5341	5340	5212
9	5213	5214	5342	5341	5213
9	5214	5215	5343	5342	5214
9	5215	5216	5344	5343	5215
9	5216	5217	5345	5344	5216
9	5217	5218	5346	5345	5217
9	5218	5219	5347	5346	5218
9	5219	5220	5348	5347	5219
9	5220	5221	5349	5348	5220
9	5221	5222	5350	5349	5221
9	5222	5223	5351	5350	5222
9	5223	5224	5352	5351	5223
9	5224	5225	5353	5352	5224
9	5225	5226	5354	5353	5225
9	5226	5227	5355	5354	5226
9	5227	5228	5356	5355	5227
9	5228	5229	5357	5356	5228
9	5229	5230	5358	5357	5229
9	5230	5231	5359	5358	5230
9	5231	5232	5360	5359	5231
9	5232	5233	5361	5360	5232
9	5233	5234	5362	5361	5233
9	5234	5235	5363	5362	5234
9	5235	5236	5364	5363	5235
9	5236	5237	5365	5364	5236
9	5237	5238	5366	5365	5237
9	5238	5239	5367	5366	5238
9	5239	5240	5368	5367	5239
9	5240	5241	5369	5368	5240
9	5241	5242	5370	5369	5241
9	5242	5243	5371	5370	5242
9	5243	5244	5372	5371	5243
9	5244	5245	5373	5372	5244
9	5245	5246	5374	5373	5245
9	5246	5247	5375	5374	5246
9	5247	5120	5248	5375	5247
9	5248	5249	5377	5376	5248
9	5249	5250	5378	5377	5249
9	5250	5251	5379	5378	5250
9	5251	5252	5380	5379	5251
9	5252	5253	5381	5380	5252
9	5253	5254	5382	5381	5253
9	5254	5255	5383	5382	5254
9	5255	5256	5384	5383	5255
9	5256	5257	5385	5384	5256
9	5257	5258	5386	5385	5257
9	5258	5259	5387	5386	5258
9	5259	5260	5388	5387	5259
9	5260	5261	5389	5388	5260
9	5261	5262	5390	5389	5261
9	5262	5263	5391	5390	5262
9	5263	5264	5392	5391	5263
9	5264	5265	5393	5392	5264
9	5265	5266	5394	5393	5265
9	5266	5267	5395	5394	5266
9	5267	5268	5396	5395	5267
9	5268	5269	5397	5396	5268
9	5269	5270	5398	5397	5269
9	5270	5271	5399	5398	5270
9	5271	5272	5400	5399	5271
9	5272	5273	5401	5400	5272
9	5273	5274	5402	5401	5273
9	5274	5275	5403	5402	5274
9	5275	5276	5404	5403	5275
9	5276	5277	5405	5404	5276
9	5277	5278	5406	5405	5277
9	5278	5279	5407	5406	5278
9	5279	5280	5408	5407	5279
9	5280	5281	5409	5408	5280
9	5281	5282	5410	5409	5281
9	5282	5283	5411	5410	5282
9	5283	5284	5412	5411	5283
9	5284	5285	5413	5412	5284
9	5285	5286	5414	5413	5285
9	5286	5287	5415	5414	5286
9	5287	5288	5416	5415	5287
9	5288	5289	5417	5416	5288
9	5289	5290	5418	5417	5289
9	5290	5291	5419	5418	5290
9	5291	5292	5420	5419	5291
9	5292	5293	5421	5420	5292
9	5293	5294	5422	5421	5293
9	5294	5295	5423	5422	5294
9	5295	5296	5424	5423	5295
9	5296	5297	5425	5424	5296
9	5297	5298	5426	5425	5297
9	5298	5299	5427	5426	5298
9	5299	5300	5428	5427	5299
9	5300	5301	5429	5428	5300
9	5301	5302	5430	5429	5301
9	5302	5303	5431	5430	5302
9	5303	5304	5432	5431	5303
9	5304	5305	5433	5432	5304
9	5305	5306	5434	5433	5305
9	5306	5307	5435	5434	5306
9	5307	5308	5436	5435	5307
9	5308	5309	5437	5436	5308
9	5309	5310	5438	5437	5309
9	5310	5311	5439	5438	5310
9	5311	5312	5440	5439	5311
9	5312	5313	5441	5440	5312
9	5313	5314	5442	5441	5313
9	5314	5315	5443	5442	5314
9	5315	5316	5444	5443	5315
9	5316	5317	5445	5444	5316
9	5317	5318	5446	5445	5317
9	5318	5319	5447	5446	5318
9	5319	5320	5448	5447	5319
9	5320	5321	5449	5448	5320
9	5321	5322	5450	5449	5321
9	5322	5323	5451	5450	5322
9	5323	5324	5452	5451	5323
9	5324	5325	5453	5452	5324
9	5325	5326	5454	5453	5325
9	5326	5327	5455	5454	5326
9	5327	5328	5456	5455	5327
9	5328	5329	5457	5456	5328
9	5329	5330	5458	5457	5329
9	5330	5331	5459	5458	5330
9	5331	5332	5460	5459	5331
9	5332	5333	5461	5460	5332
9	5333	5334	5462	5461	5333
9	5334	5335	5463	5462	5334
9	5335	5336	5464	5463	5335
9	5336	5337	5465	5464	5336
9	5337	5338	5466	5465	5337
9	5338	5339	5467	5466	5338
9	5339	5340	5468	5467	5339
9	5340	5341	5469	5468	5340
9	5341	5342	5470	5469	5341
9	5342	5343	5471	5470	5342
9	5343	5344	5472	5471	5343
9	5344	5345	5473	5472	5344
9	5345	5346	5474	5473	5345
9	5346	5347	5475	5474	5346
9	5347	5348	5476	5475	5347
9	5348	5349	5477	5476	5348
9	5349	5350	5478	5477	5349
9	5350	5351	5479	5478	5350
9	5351	5352	5480	5479	5351
9	5352	5353	5481	5480	5352
9	5353	5354	5482	5481	5353
9	5354	5355	5483	5482	5354
9	5355	5356	5484	5483	5355
9	5356	5357	5485	5484	5356
9	5357	5358	5486	5485	5357
9	5358	5359	5487	5486	5358
9	5359	5360	5488	5487	5359
9	5360	5361	5489	5488	5360
9	5361	5362	5490	5489	5361
9	5362	5363	5491	5490	5362
9	5363	5364	5492	5491	5363
9	5364	5365	5493	5492	5364
9	5365	5366	5494	5493	5365
9	5366	5367	5495	5494	5366
9	5367	5368	5496	5495	5367
9	5368	5369	5497	5496	5368
9	5369	5370	5498	5497	5369
9	5370	5371	5499	5498	5370
9	5371	5372	5500	5499	5371
9	5372	5373	5501	5500	5372
9	5373	5374	5502	5501	5373
9	5374	5375	5503	5502	5374
9	5375	5248	5376	5503	5375
9	5376	5377	5505	5504	5376
9	5377	5378	5506	5505	5377
9	5378	5379	5507	5506	5378
9	5379	5380	5508	5507	5379
9	5380	5381	5509	5508	5380
9	5381	5382	5510	5509	5381
9	5382	5383	5511	5510	5382
9	5383	5384	5512	5511	5383
9	5384	5385	5513	5512	5384
9	5385	5386	5514	5513	5385
9	5386	5387	5515	5514	5386
9	5387	5388	5516	5515	5387
9	5388	5389	5517	5516	5388
9	5389	5390	5518	5517	5389
9	5390	5391	5519	5518	5390
9	5391	5392	5520	5519	5391
9	5392	5393	5521	5520	5392
9	5393	5394	5522	5521	5393
9	5394	5395	5523	5522	5394
9	5395	5396	5524	5523	5395
9	5396	5397	5525	5524	5396
9	5397	5398	5526	5525	5397
9	5398	5399	5527	5526	5398
9	5399	5400	5528	5527	5399
9	5400	5401	5529	5528	5400
9	5401	5402	5530	5529	5401
9	5402	5403	5531	5530	5402
9	5403	5404	5532	5531	5403
9	5404	5405	5533	5532	5404
9	5405	5406	5534	5533	5405
9	5406	5407	5535	5534	5406
9	5407	5408	5536	5535	5407
9	5408	5409	5537	5536	5408
9	5409	5410	5538	5537	5409
9	5410	5411	5539	5538	5410
9	5411	5412	5540	5539	5411
9	5412	5413	5541	5540	5412
9	5413	5414	5542	5541	5413
9	5414	5415	5543	5542	5414
9	5415	5416	5544	5543	5415
9	5416	5417	5545	5544	5416
9	5417	5418	5546	5545	5417
9	5418	5419	5547	5546	5418
9	5419	5420	5548	5547	5419
9	5420	5421	5549	5548	5420
9	5421	5422	5550	5549	5421
9	5422	5423	5551	5550	5422
9	5423	5424	5552	5551	5423
9	5424	5425	5553	5552	5424
9	5425	5426	5554	5553	5425
9	5426	5427	5555	5554	5426
9	5427	5428	5556	5555	5427
9	5428	5429	5557	5556	5428
9	5429	5430	5558	5557	5429
9	5430	5431	5559	5558	5430
9	5431	5432	5560	5559	5431
9	5432	5433	5561	5560	5432
9	5433	5434	5562	5561	5433
9	5434	5435	5563	5562	5434
9	5435	5436	5564	5563	5435
9	5436	5437	5565	5564	5436
9	5437	5438	5566	5565	5437
9	5438	5439	5567	5566	5438
9	5439	5440	5568	5567	5439
9	5440	5441	5569	5568	5440
9	5441	5442	5570	5569	5441
9	5442	5443	5571	5570	5442
9	5443	5444	5572	5571	5443
9	5444	5445	5573	5572	5444
9	5445	5446	5574	5573	5445
9	5446	5447	5575	5574	5446
9	5447	5448	5576	5575	5447
9	5448	5449	5577	5576	5448
9	5449	5450	5578	5577	5449
9	5450	5451	5579	5578	5450
9	5451	5452	5580	5579	5451
9	5452	5453	5581	5580	5452
9	5453	5454	5582	5581	5453
9	5454	5455	5583	5582	5454
9	5455	5456	5584	5583	5455
9	5456	5457	5585	5584	5456
9	5457	5458	5586	5585	5457
9	5458	5459	5587	5586	5458
9	5459	5460	5588	5587	5459
9	5460	5461	5589	5588	5460
9	5461	5462	5590	5589	5461
9	5462	5463	5591	5590	5462
9	5463	5464	5592	5591	5463
9	5464	5465	5593	5592	5464
9	5465	5466	5594	5593	5465
9	5466	5467	5595	5594	5466
9	5467	5468	5596	5595	5467
9	5468	5469	5597	5596	5468
9	5469	5470	5598	5597	5469
9	5470	5471	5599	5598	5470
9	5471	5472	5600	5599	5471
9	5472	5473	5601	5600	5472
9	5473	5474	5602	5601	5473
9	5474	5475	5603	5602	5474
9	5475	5476	5604	5603	5475
9	5476	5477	5605	5604	5476
9	5477	5478	5606	5605	5477
9	5478	5479	5607	5606	5478
9	5479	5480	5608	5607	5479
9	5480	5481	5609	5608	5480
9	5481	5482	5610	5609	5481
9	5482	5483	5611	5610	5482
9	5483	5484	5612	5611	5483
9	5484	5485	5613	5612	5484
9	5485	5486	5614	5613	5485
9	5486	5487	5615	5614	5486
9	5487	5488	5616	5615	5487
9	5488	5489	5617	5616	5488
9	5489	5490	5618	5617	5489
9	5490	5491	5619	5618	5490
9	5491	5492	5620	5619	5491
9	5492	5493	5621	5620	5492
9	5493	5494	5622	5621	5493
9	5494	5495	5623	5622	5494
9	5495	5496	5624	5623	5495
9	5496	5497	5625	5624	5496
9	5497	5498	5626	5625	5497
9	5498	5499	5627	5626	5498
9	5499	5500	5628	5627	5499
9	5500	5501	5629	5628	5500
9	5501	5502	5630	5629	5501
9	5502	5503	5631	5630	5502
9	5503	5376	5504	5631	5503
9	5504	5505	5633	5632	5504
9	5505	5506	5634	5633	5505
9	5506	5507	5635	5634	5506
9	5507	5508	5636	5635	5507
9	5508	5509	5637	5636	5508
9	5509	5510	5638	5637	5509
9	5510	5511	5639	5638	5510
9	5511	5512	5640	5639	5511
9	5512	5513	5641	5640	5512
9	5513	5514	5642	5641	5513
9	5514	5515	5643	5642	5514
9	5515	5516	5644	5643	5515
9	5516	5517	5645	5644	5516
9	5517	5518	5646	5645	5517
9	5518	5519	5647	5646	5518
9	5519	5520	5648	5647	5519
9	5520	5521	5649	5648	5520
9	5521	5522	5650	5649	5521
9	5522	5523	5651	5650	5522
9	5523	5524	5652	5651	5523
9	5524	5525	5653	5652	5524
9	5525	5526	5654	5653	5525
9	5526	5527	5655	5654	5526
9	5527	5528	5656	5655	5527
9	5528	5529	5657	5656	5528
9	5529	5530	5658	5657	5529
9	5530	5531	5659	5658	5530
9	5531	5532	5660	5659	5531
9	5532	5533	5661	5660	5532
9	5533	5534	5662	5661	5533
9	5534	5535	5663	5662	5534
9	5535	5536	5664	5663	5535
9	5536	5537	5665	5664	5536
9	5537	5538	5666	5665	5537
9	5538	5539	5667	5666	5538
9	5539	5540	5668	5667	5539
9	5540	5541	5669	5668	5540
9	5541	5542	5670	5669	5541
9	5542	5543	5671	5670	5542
9	5543	5544	5672	5671	5543
9	5544	5545	5673	5672	5544
9	5545	5546	5674	5673	5545
9	5546	5547	5675	5674	5546
9	5547	5548	5676	5675	5547
9	5548	5549	5677	5676	5548
9	5549	5550	5678	5677	5549
9	5550	5551	5679	5678	5550
9	5551	5552	5680	5679	5551
9	5552	5553	5681	5680	5552
9	5553	5554	5682	5681	5553
9	5554	5555	5683	5682	5554
9	5555	5556	5684	5683	5555
9	5556	5557	5685	5684	5556
9	5557	5558	5686	5685	5557
9	5558	5559	5687	5686	5558
9	5559	5560	5688	5687	5559
9	5560	5561	5689	5688	5560
9	5561	5562	5690	5689	5561
9	5562	5563	5691	5690	5562
9	5563	5564	5692	5691	5563
9	5564	5565	5693	5692	5564
9	5565	5566	5694	5693	5565
9	5566	5567	5695	5694	5566
9	5567	5568	5696	5695	5567
9	5568	5569	5697	5696	5568
9	5569	5570	5698	5697	5569
9	5570	5571	5699	5698	5570
9	5571	5572	5700	5699	5571
9	5572	5573	5701	5700	5572
9	5573	5574	5702	5701	5573
9	5574	5575	5703	5702	5574
9	5575	5576	5704	5703	5575
9	5576	5577	5705	5704	5576
9	5577	5578	5706	5705	5577
9	5578	5579	5707	5706	5578
9	5579	5580	5708	5707	5579
9	5580	5581	5709	5708	5580
9	5581	5582	5710	5709	5581
9	5582	5583	5711	5710	5582
9	5583	5584	5712	5711	5583
9	5584	5585	5713	5712	5584
9	5585	5586	5714	5713	5585
9	5586	5587	5715	5714	5586
9	5587	5588	5716	5715	5587
9	5588	5589	5717	5716	5588
9	5589	5590	5718	5717	5589
9	5590	5591	5719	5718	5590
9	5591	5592	5720	5719	5591
9	5592	5593	5721	5720	5592
9	5593	5594	5722	5721	5593
9	5594	5595	5723	5722	5594
9	5595	5596	5724	5723	5595
9	5596	5597	5725	5724	5596
9	5597	5598	5726	5725	5597
9	5598	5599	5727	5726	5598
9	5599	5600	5728	5727	5599
9	5600	5601	5729	5728	5600
9	5601	5602	5730	5729	5601
9	5602	5603	5731	5730	5602
9	5603	5604	5732	5731	5603
9	5604	5605	5733	5732	5604
9	5605	5606	5734	5733	5605
9	5606	5607	5735	5734	5606
9	5607	5608	5736	5735	5607
9	5608	5609	5737	5736	5608
9	5609	5610	5738	5737	5609
9	5610	5611	5739	5738	5610
9	5611	5612	5740	5739	5611
9	5612	5613	5741	5740	5612
9	5613	5614	5742	5741	5613
9	5614	5615	5743	5742	5614
9	5615	5616	5744	5743	5615
9	5616	5617	5745	5744	5616
9	5617	5618	5746	5745	5617
9	5618	5619	5747	5746	5618
9	5619	5620	5748	5747	5619
9	5620	5621	5749	5748	5620
9	5621	5622	5750	5749	5621
9	5622	5623	5751	5750	5622
9	5623	5624	5752	5751	5623
9	5624	5625	5753	5752	5624
9	5625	5626	5754	5753	5625
9	5626	5627	5755	5754	5626
9	5627	5628	5756	5755	5627
9	5628	5629	5757	5756	5628
9	5629	5630	5758	5757	5629
9	5630	5631	5759	5758	5630
9	5631	5504	5632	5759	5631
9	5632	5633	5761	5760	5632
9	5633	5634	5762	5761	5633
9	5634	5635	5763	5762	5634
9	5635	5636	5764	5763	5635
9	5636	5637	5765	5764	5636
9	5637	5638	5766	5765	5637
9	5638	5639	5767	5766	5638
9	5639	5640	5768	5767	5639
9	5640	5641	5769	5768	5640
9	5641	5642	5770	5769	5641
9	5642	5643	5771	5770	5642
9	5643	5644	5772	5771	5643
9	5644	5645	5773	5772	5644
9	5645	5646	5774	5773	5645
9	5646	5647	5775	5774	5646
9	5647	5648	5776	5775	5647
9	5648	5649	5777	5776	5648
9	5649	5650	5778	5777	5649
9	5650	5651	5779	5778	5650
9	5651	5652	5780	5779	5651
9	5652	5653	5781	5780	5652
9	5653	5654	5782	5781	5653
9	5654	5655	5783	5782	5654
9	5655	5656	5784	5783	5655
9	5656	5657	5785	5784	5656
9	5657	5658	5786	5785	5657
9	5658	5659	5787	5786	5658
9	5659	5660	5788	5787	5659
9	5660	5661	5789	5788	5660
9	5661	5662	5790	5789	5661
9	5662	5663	5791	5790	5662
9	5663	5664	5792	5791	5663
9	5664	5665	5793	5792	5664
9	5665	5666	5794	5793	5665
9	5666	5667	5795	5794	5666
9	5667	5668	5796	5795	5667
9	5668	5669	5797	5796	5668
9	5669	5670	5798	5797	5669
9	5670	5671	5799	5798	5670
9	5671	5672	5800	5799	5671
9	5672	5673	5801	5800	5672
9	5673	5674	5802	5801	5673
9	5674	5675	5803	5802	5674
9	5675	5676	5804	5803	5675
9	5676	5677	5805	5804	5676
9	5677	5678	5806	5805	5677
9	5678	5679	5807	5806	5678
9	5679	5680	5808	5807	5679
9	5680	5681	5809	5808	5680
9	5681	5682	5810	5809	5681
9	5682	5683	5811	5810	5682
9	5683	5684	5812	5811	5683
9	5684	5685	5813	5812	5684
9	5685	5686	5814	5813	5685
9	5686	5687	5815	5814	5686
9	5687	5688	5816	5815	5687
9	5688	5689	5817	5816	5688
9	5689	5690	5818	5817	5689
9	5690	5691	5819	5818	5690
9	5691	5692	5820	5819	5691
9	5692	5693	5821	5820	5692
9	5693	5694	5822	5821	5693
9	5694	5695	5823	5822	5694
9	5695	5696	5824	5823	5695
9	5696	5697	5825	5824	5696
9	5697	5698	5826	5825	5697
9	5698	5699	5827	5826	5698
9	5699	5700	5828	5827	5699
9	5700	5701	5829	5828	5700
9	5701	5702	5830	5829	5701
9	5702	5703	5831	5830	5702
9	5703	5704	5832	5831	5703
9	5704	5705	5833	5832	5704
9	5705	5706	5834	5833	5705
9	5706	5707	5835	5834	5706
9	5707	5708	5836	5835	5707
9	5708	5709	5837	5836	5708
9	5709	5710	5838	5837	5709
9	5710	5711	5839	5838	5710
9	5711	5712	5840	5839	5711
9	5712	5713	5841	5840	5712
9	5713	5714	5842	5841	5713
9	5714	5715	5843	5842	5714
9	5715	5716	5844	5843	5715
9	5716	5717	5845	5844	5716
9	5717	5718	5846	5845	5717
9	5718	5719	5847	5846	5718
9	5719	5720	5848	5847	5719
9	5720	5721	5849	5848	5720
9	5721	5722	5850	5849	5721
9	5722	5723	5851	5850	5722
9	5723	5724	5852	5851	5723
9	5724	5725	5853	5852	5724
9	5725	5726	5854	5853	5725
9	5726	5727	5855	5854	5726
9	5727	5728	5856	5855	5727
9	5728	5729	5857	5856	5728
9	5729	5730	5858	5857	5729
9	5730	5731	5859	5858	5730
9	5731	5732	5860	5859	5731
9	5732	5733	5861	5860	5732
9	5733	5734	5862	5861	5733
9	5734	5735	5863	5862	5734
9	5735	5736	5864	5863	5735
9	5736	5737	5865	5864	5736
9	5737	5738	5866	5865	5737
9	5738	5739	5867	5866	5738
9	5739	5740	5868	5867	5739
9	5740	5741	5869	5868	5740
9	5741	5742	5870	5869	5741
9	5742	5743	5871	5870	5742
9	5743	5744	5872	5871	5743
9	5744	5745	5873	5872	5744
9	5745	5746	5874	5873	5745
9	5746	5747	5875	5874	5746
9	5747	5748	5876	5875	5747
9	5748	5749	5877	5876	5748
9	5749	5750	5878	5877	5749
9	5750	5751	5879	5878	5750
9	5751	5752	5880	5879	5751
9	5752	5753	5881	5880	5752
9	5753	5754	5882	5881	5753
9	5754	5755	5883	5882	5754
9	5755	5756	5884	5883	5755
9	5756	5757	5885	5884	5756
9	5757	5758	5886	5885	5757
9	5758	5759	5887	5886	5758
9	5759	5632	5760	5887	5759
9	5760	5761	5889	5888	5760
9	5761	5762	5890	5889	5761
9	5762	5763	5891	5890	5762
9	5763	5764	5892	5891	5763
9	5764	5765	5893	5892	5764
9	5765	5766	5894	5893	5765
9	5766	5767	5895	5894	5766
9	5767	5768	5896	5895	5767
9	5768	5769	5897	5896	5768
9	5769	5770	5898	5897	5769
9	5770	5771	5899	5898	5770
9	5771	5772	5900	5899	5771
9	5772	5773	5901	5900	5772
9	5773	5774	5902	5901	5773
9	5774	5775	5903	5902	5774
9	5775	5776	5904	5903	5775
9	5776	5777	5905	5904	5776
9	5777	5778	5906	5905	5777
9	5778	5779	5907	5906	5778
9	5779	5780	5908	5907	5779
9	5780	5781	5909	5908	5780
9	5781	5782	5910	5909	5781
9	5782	5783	5911	5910	5782
9	5783	5784	5912	5911	5783
9	5784	5785	5913	5912	5784
9	5785	5786	5914	5913	5785
9	5786	5787	5915	5914	5786
9	5787	5788	5916	5915	5787
9	5788	5789	5917	5916	5788
9	5789	5790	5918	5917	5789
9	5790	5791	5919	5918	5790
9	5791	5792	5920	5919	5791
9	5792	5793	5921	5920	5792
9	5793	5794	5922	5921	5793
9	5794	5795	5923	5922	5794
9	5795	5796	5924	5923	5795
9	5796	5797	5925	5924	5796
9	5797	5798	5926	5925	5797
9	5798	5799	5927	5926	5798
9	5799	5800	5928	5927	5799
9	5800	5801	5929	5928	5800
9	5801	5802	5930	5929	5801
9	5802	5803	5931	5930	5802
9	5803	5804	5932	5931	5803
9	5804	5805	5933	5932	5804
9	5805	5806	5934	5933	5805
9	5806	5807	5935	5934	5806
9	5807	5808	5936	5935	5807
9	5808	5809	5937	5936	5808
9	5809	5810	5938	5937	5809
9	5810	5811	5939	5938	5810
9	5811	5812	5940	5939	5811
9	5812	5813	5941	5940	5812
9	5813	5814	5942	5941	5813
9	5814	5815	5943	5942	5814
9	5815	5816	5944	5943	5815
9	5816	5817	5945	5944	5816
9	5817	5818	5946	5945	5817
9	5818	5819	5947	5946	5818
9	5819	5820	5948	5947	5819
9	5820	5821	5949	5948	5820
9	5821	5822	5950	5949	5821
9	5822	5823	5951	5950	5822
9	5823	5824	5952	5951	5823
9	5824	5825	5953	5952	5824
9	5825	5826	5954	5953	5825
9	5826	5827	5955	5954	5826
9	5827	5828	5956	5955	5827
9	5828	5829	5957	5956	5828
9	5829	5830	5958	5957	5829
9	5830	5831	5959	5958	5830
9	5831	5832	5960	5959	5831
9	5832	5833	5961	5960	5832
9	5833	5834	5962	5961	5833
9	5834	5835	5963	5962	5834
9	5835	5836	5964	5963	5835
9	5836	5837	5965	5964	5836
9	5837	5838	5966	5965	5837
9	5838	5839	5967	5966	5838
9	5839	5840	5968	5967	5839
9	5840	5841	5969	5968	5840
9	5841	5842	5970	5969	5841
9	5842	5843	5971	5970	5842
9	5843	5844	5972	5971	5843
9	5844	5845	5973	5972	5844
9	5845	5846	5974	5973	5845
9	5846	5847	5975	5974	5846
9	5847	5848	5976	5975	5847
9	5848	5849	5977	5976	5848
9	5849	5850	5978	5977	5849
9	5850	5851	5979	5978	5850
9	5851	5852	5980	5979	5851
9	5852	5853	5981	5980	5852
9	5853	5854	5982	5981	5853
9	5854	5855	5983	5982	5854
9	5855	5856	5984	5983	5855
9	5856	5857	5985	5984	5856
9	5857	5858	5986	5985	5857
9	5858	5859	5987	5986	5858
9	5859	5860	5988	5987	5859
9	5860	5861	5989	5988	5860
9	5861	5862	5990	5989	5861
9	5862	5863	5991	5990	5862
9	5863	5864	5992	5991	5863
9	5864	5865	5993	5992	5864
9	5865	5866	5994	5993	5865
9	5866	5867	5995	5994	5866
9	5867	5868	5996	5995	5867
9	5868	5869	5997	5996	5868
9	5869	5870	5998	5997	5869
9	5870	5871	5999	5998	5870
9	5871	5872	6000	5999	5871
9	5872	5873	6001	6000	5872
9	5873	5874	6002	6001	5873
9	5874	5875	6003	6002	5874
9	5875	5876	6004	6003	5875
9	5876	5877	6005	6004	5876
9	5877	5878	6006	6005	5877
9	5878	5879	6007	6006	5878
9	5879	5880	6008	6007	5879
9	5880	5881	6009	6008	5880
9	5881	5882	6010	6009	5881
9	5882	5883	6011	6010	5882
9	5883	5884	6012	6011	5883
9	5884	5885	6013	6012	5884
9	5885	5886	6014	6013	5885
9	5886	5887	6015	6014	5886
9	5887	5760	5888	6015	5887
9	5888	5889	6017	6016	5888
9	5889	5890	6018	6017	5889
9	5890	5891	6019	6018	5890
9	5891	5892	6020	6019	5891
9	5892	5893	6021	6020	5892
9	5893	5894	6022	6021	5893
9	5894	5895	6023	6022	5894
9	5895	5896	6024	6023	5895
9	5896	5897	6025	6024	5896
9	5897	5898	6026	6025	5897
9	5898	5899	6027	6026	5898
9	5899	5900	6028	6027	5899
9	5900	5901	6029	6028	5900
9	5901	5902	6030	6029	5901
9	5902	5903	6031	6030	5902
9	5903	5904	6032	6031	5903
9	5904	5905	6033	6032	5904
9	5905	5906	6034	6033	5905
9	5906	5907	6035	6034	5906
9	5907	5908	6036	6035	5907
9	5908	5909	6037	6036	5908
9	5909	5910	6038	6037	5909
9	5910	5911	6039	6038	5910
9	5911	5912	6040	6039	5911
9	5912	5913	6041	6040	5912
9	5913	5914	6042	6041	5913
9	5914	5915	6043	6042	5914
9	5915	5916	6044	6043	5915
9	5916	5917	6045	6044	5916
9	5917	5918	6046	6045	5917
9	5918	5919	6047	6046	5918
9	5919	5920	6048	6047	5919
9	5920	5921	6049	6048	5920
9	5921	5922	6050	6049	5921
9	5922	5923	6051	6050	5922
9	5923	5924	6052	6051	5923
9	5924	5925	6053	6052	5924
9	5925	5926	6054	6053	5925
9	5926	5927	6055	6054	5926
9	5927	5928	6056	6055	5927
9	5928	5929	6057	6056	5928
9	5929	5930	6058	6057	5929
9	5930	5931	6059	6058	5930
9	5931	5932	6060	6059	5931
9	5932	5933	6061	6060	5932
9	5933	5934	6062	6061	5933
9	5934	5935	6063	6062	5934
9	5935	5936	6064	6063	5935
9	5936	5937	6065	6064	5936
9	5937	5938	6066	6065	5937
9	5938	5939	6067	6066	5938
9	5939	5940	6068	6067	5939
9	5940	5941	6069	6068	5940
9	5941	5942	6070	6069	5941
9	5942	5943	6071	6070	5942
9	5943	5944	6072	6071	5943
9	5944	5945	6073	6072	5944
9	5945	5946	6074	6073	5945
9	5946	5947	6075	6074	5946
9	5947	5948	6076	6075	5947
9	5948	5949	6077	6076	5948
9	5949	5950	6078	6077	5949
9	5950	5951	6079	6078	5950
9	5951	5952	6080	6079	5951
9	5952	5953	6081	6080	5952
9	5953	5954	6082	6081	5953
9	5954	5955	6083	6082	5954
9	5955	5956	6084	6083	5955
9	5956	5957	6085	6084	5956
9	5957	5958	6086	6085	5957
9	5958	5959	6087	6086	5958
9	5959	5960	6088	6087	5959
9	5960	5961	6089	6088	5960
9	5961	5962	6090	6089	5961
9	5962	5963	6091	6090	5962
9	5963	5964	6092	6091	5963
9	5964	5965	6093	6092	5964
9	5965	5966	6094	6093	5965
9	5966	5967	6095	6094	5966
9	5967	5968	6096	6095	5967
9	5968	5969	6097	6096	5968
9	5969	5970	6098	6097	5969
9	5970	5971	6099	6098	5970
9	5971	5972	6100	6099	5971
9	5972	5973	6101	6100	5972
9	5973	5974	6102	6101	5973
9	5974	5975	6103	6102	5974
9	5975	5976	6104	6103	5975
9	5976	5977	6105	6104	5976
9	5977	5978	6106	6105	5977
9	5978	5979	6107	6106	5978
9	5979	5980	6108	6107	5979
9	5980	5981	6109	6108	5980
9	5981	5982	6110	6109	5981
9	5982	5983	6111	6110	5982
9	5983	5984	6112	6111	5983
9	5984	5985	6113	6112	5984
9	5985	5986	6114	6113	5985
9	5986	5987	6115	6114	5986
9	5987	5988	6116	6115	5987
9	5988	5989	6117	6116	5988
9	5989	5990	6118	6117	5989
9	5990	5991	6119	6118	5990
9	5991	5992	6120	6119	5991
9	5992	5993	6121	6120	5992
9	5993	5994	6122	6121	5993
9	5994	5995	6123	6122	5994
9	5995	5996	6124	6123	5995
9	5996	5997	6125	6124	5996
9	5997	5998	6126	6125	5997
9	5998	5999	6127	6126	5998
9	5999	6000	6128	6127	5999
9	6000	6001	6129	6128	6000
9	6001	6002	6130	6129	6001
9	6002	6003	6131	6130	6002
9	6003	6004	6132	6131	6003
9	6004	6005	6133	6132	6004
9	6005	6006	6134	6133	6005
9	6006	6007	6135	6134	6006
9	6007	6008	6136	6135	6007
9	6008	6009	6137	6136	6008
9	6009	6010	6138	6137	6009
9	6010	6011	6139	6138	6010
9	6011	6012	6140	6139	6011
9	6012	6013	6141	6140	6012
9	6013	6014	6142	6141	6013
9	6014	6015	6143	6142	6014
9	6015	5888	6016	6143	6015
9	6016	6017	6145	6144	6016
9	6017	6018	6146	6145	6017
9	6018	6019	6147	6146	6018
9	6019	6020	6148	6147	6019
9	6020	6021	6149	6148	6020
9	6021	6022	6150	6149	6021
9	6022	6023	6151	6150	6022
9	6023	6024	6152	6151	6023
9	6024	6025	6153	6152	6024
9	6025	6026	6154	6153	6025
9	6026	6027	6155	6154	6026
9	6027	6028	6156	6155	6027
9	6028	6029	6157	6156	6028
9	6029	6030	6158	6157	6029
9	6030	6031	6159	6158	6030
9	6031	6032	6160	6159	6031
9	6032	6033	6161	6160	6032
9	6033	6034	6162	6161	6033
9	6034	6035	6163	6162	6034
9	6035	6036	6164	6163	6035
9	6036	6037	6165	6164	6036
9	6037	6038	6166	6165	6037
9	6038	6039	6167	6166	6038
9	6039	6040	6168	6167	6039
9	6040	6041	6169	6168	6040
9	6041	6042	6170	6169	6041
9	6042	6043	6171	6170	6042
9	6043	6044	6172	6171	6043
9	6044	6045	6173	6172	6044
9	6045	6046	6174	6173	6045
9	6046	6047	6175	6174	6046
9	6047	6048	6176	6175	6047
9	6048	6049	6177	6176	6048
9	6049	6050	6178	6177	6049
9	6050	6051	6179	6178	6050
9	6051	6052	6180	6179	6051
9	6052	6053	6181	6180	6052
9	6053	6054	6182	6181	6053
9	6054	6055	6183	6182	6054
9	6055	6056	6184	6183	6055
9	6056	6057	6185	6184	6056
9	6057	6058	6186	6185	6057
9	6058	6059	6187	6186	6058
9	6059	6060	6188	6187	6059
9	6060	6061	6189	6188	6060
9	6061	6062	6190	6189	6061
9	6062	6063	6191	6190	6062
9	6063	6064	6192	6191	6063
9	6064	6065	6193	6192	6064
9	6065	6066	6194	6193	6065
9	6066	6067	6195	6194	6066
9	6067	6068	6196	6195	6067
9	6068	6069	6197	6196	6068
9	6069	6070	6198	6197	6069
9	6070	6071	6199	6198	6070
9	6071	6072	6200	6199	6071
9	6072	6073	6201	6200	6072
9	6073	6074	6202	6201	6073
9	6074	6075	6203	6202	6074
9	6075	6076	6204	6203	6075
9	6076	6077	6205	6204	6076
9	6077	6078	6206	6205	6077
9	6078	6079	6207	6206	6078
9	6079	6080	6208	6207	6079
9	6080	6081	6209	6208	6080
9	6081	6082	6210	6209	6081
9	6082	6083	6211	6210	6082
9	6083	6084	6212	6211	6083
9	6084	6085	6213	6212	6084
9	6085	6086	6214	6213	6085
9	6086	6087	6215	6214	6086
9	6087	6088	6216	6215	6087
9	6088	6089	6217	6216	6088
9	6089	6090	6218	6217	6089
9	6090	6091	6219	6218	6090
9	6091	6092	6220	6219	6091
9	6092	6093	6221	6220	6092
9	6093	6094	6222	6221	6093
9	6094	6095	6223	6222	6094
9	6095	6096	6224	6223	6095
9	6096	6097	6225	6224	6096
9	6097	6098	6226	6225	6097
9	6098	6099	6227	6226	6098
9	6099	6100	6228	6227	6099
9	6100	6101	6229	6228	6100
9	6101	6102	6230	6229	6101
9	6102	6103	6231	6230	6102
9	6103	6104	6232	6231	6103
9	6104	6105	6233	6232	6104
9	6105	6106	6234	6233	6105
9	6106	6107	6235	6234	6106
9	6107	6108	6236	6235	6107
9	6108	6109	6237	6236	6108
9	6109	6110	6238	6237	6109
9	6110	6111	6239	6238	6110
9	6111	6112	6240	6239	6111
9	6112	6113	6241	6240	6112
9	6113	6114	6242	6241	6113
9	6114	6115	6243	6242	6114
9	6115	6116	6244	6243	6115
9	6116	6117	6245	6244	6116
9	6117	6118	6246	6245	6117
9	6118	6119	6247	6246	6118
9	6119	6120	6248	6247	6119
9	6120	6121	6249	6248	6120
9	6121	6122	6250	6249	6121
9	6122	6123	6251	6250	6122
9	6123	6124	6252	6251	6123
9	6124	6125	6253	6252	6124
9	6125	6126	6254	6253	6125
9	6126	6127	6255	6254	6126
9	6127	6128	6256	6255	6127
9	6128	6129	6257	6256	6128
9	6129	6130	6258	6257	6129
9	6130	6131	6259	6258	6130
9	6131	6132	6260	6259	6131
9	6132	6133	6261	6260	6132
9	6133	6134	6262	6261	6133
9	6134	6135	6263	6262	6134
9	6135	6136	6264	6263	6135
9	6136	6137	6265	6264	6136
9	6137	6138	6266	6265	6137
9	6138	6139	6267	6266	6138
9	6139	6140	6268	6267	6139
9	6140	6141	6269	6268	6140
9	6141	6142	6270	6269	6141
9	6142	6143	6271	6270	6142
9	6143	6016	6144	6271	6143
9	6144	6145	6273	6272	6144
9	6145	6146	6274	6273	6145
9	6146	6147	6275	6274	6146
9	6147	6148	6276	6275	6147
9	6148	6149	6277	6276	6148
9	6149	6150	6278	6277	6149
9	6150	6151	6279	6278	6150
9	6151	6152	6280	6279	6151
9	6152	6153	6281	6280	6152
9	6153	6154	6282	6281	6153
9	6154	6155	6283	6282	6154
9	6155	6156	6284	6283	6155
9	6156	6157	6285	6284	6156
9	6157	6158	6286	6285	6157
9	6158	6159	6287	6286	6158
9	6159	6160	6288	6287	6159
9	6160	6161	6289	6288	6160
9	6161	6162	6290	6289	6161
9	6162	6163	6291	6290	6162
9	6163	6164	6292	6291	6163
9	6164	6165	6293	6292	6164
9	6165	6166	6294	6293	6165
9	6166	6167	6295	6294	6166
9	6167	6168	6296	6295	6167
9	6168	6169	6297	6296	6168
9	6169	6170	6298	6297	6169
9	6170	6171	6299	6298	6170
9	6171	6172	6300	6299	6171
9	6172	6173	6301	6300	6172
9	6173	6174	6302	6301	6173
9	6174	6175	6303	6302	6174
9	6175	6176	6304	6303	6175
9	6176	6177	6305	6304	6176
9	6177	6178	6306	6305	6177
9	6178	6179	6307	6306	6178
9	6179	6180	6308	6307	6179
9	6180	6181	6309	6308	6180
9	6181	6182	6310	6309	6181
9	6182	6183	6311	6310	6182
9	6183	6184	6312	6311	6183
9	6184	6185	6313	6312	6184
9	6185	6186	6314	6313	6185
9	6186	6187	6315	6314	6186
9	6187	6188	6316	6315	6187
9	6188	6189	6317	6316	6188
9	6189	6190	6318	6317	6189
9	6190	6191	6319	6318	6190
9	6191	6192	6320	6319	6191
9	6192	6193	6321	6320	6192
9	6193	6194	6322	6321	6193
9	6194	6195	6323	6322	6194
9	6195	6196	6324	6323	6195
9	6196	6197	6325	6324	6196
9	6197	6198	6326	6325	6197
9	6198	6199	6327	6326	6198
9	6199	6200	6328	6327	6199
9	6200	6201	6329	6328	6200
9	6201	6202	6330	6329	6201
9	6202	6203	6331	6330	6202
9	6203	6204	6332	6331	6203
9	6204	6205	6333	6332	6204
9	6205	6206	6334	6333	6205
9	6206	6207	6335	6334	6206
9	6207	6208	6336	6335	6207
9	6208	6209	6337	6336	6208
9	6209	6210	6338	6337	6209
9	6210	6211	6339	6338	6210
9	6211	6212	6340	6339	6211
9	6212	6213	6341	6340	6212
9	6213	6214	6342	6341	6213
9	6214	6215	6343	6342	6214
9	6215	6216	6344	6343	6215
9	6216	6217	6345	6344	6216
9	6217	6218	6346	6345	6217
9	6218	6219	6347	6346	6218
9	6219	6220	6348	6347	6219
9	6220	6221	6349	6348	6220
9	6221	6222	6350	6349	6221
9	6222	6223	6351	6350	6222
9	6223	6224	6352	6351	6223
9	6224	6225	6353	6352	6224
9	6225	6226	6354	6353	6225
9	6226	6227	6355	6354	6226
9	6227	6228	6356	6355	6227
9	6228	6229	6357	6356	6228
9	6229	6230	6358	6357	6229
9	6230	6231	6359	6358	6230
9	6231	6232	6360	6359	6231
9	6232	6233	6361	6360	6232
9	6233	6234	6362	6361	6233
9	6234	6235	6363	6362	6234
9	6235	6236	6364	6363	6235
9	6236	6237	6365	6364	6236
9	6237	6238	6366	6365	6237
9	6238	6239	6367	6366	6238
9	6239	6240	6368	6367	6239
9	6240	6241	6369	6368	6240
9	6241	6242	6370	6369	6241
9	6242	6243	6371	6370	6242
9	6243	6244	6372	6371	6243
9	6244	6245	6373	6372	6244
9	6245	6246	6374	6373	6245
9	6246	6247	6375	6374	6246
9	6247	6248	6376	6375	6247
9	6248	6249	6377	6376	6248
9	6249	6250	6378	6377	6249
9	6250	6251	6379	6378	6250
9	6251	6252	6380	6379	6251
9	6252	6253	6381	6380	6252
9	6253	6254	6382	6381	6253
9	6254	6255	6383	6382	6254
9	6255	6256	6384	6383	6255
9	6256	6257	6385	6384	6256
9	6257	6258	6386	6385	6257
9	6258	6259	6387	6386	6258
9	6259	6260	6388	6387	6259
9	6260	6261	6389	6388	6260
9	6261	6262	6390	6389	6261
9	6262	6263	6391	6390	6262
9	6263	6264	6392	6391	6263
9	6264	6265	6393	6392	6264
9	6265	6266	6394	6393	6265
9	6266	6267	6395	6394	6266
9	6267	6268	6396	6395	6267
9	6268	6269	6397	6396	6268
9	6269	6270	6398	6397	6269
9	6270	6271	6399	6398	6270
9	6271	6144	6272	6399	6271
9	6272	6273	6401	6400	6272
9	6273	6274	6402	6401	6273
9	6274	6275	6403	6402	6274
9	6275	6276	6404	6403	6275
9	6276	6277	6405	6404	6276
9	6277	6278	6406	6405	6277
9	6278	6279	6407	6406	6278
9	6279	6280	6408	6407	6279
9	6280	6281	6409	6408	6280
9	6281	6282	6410	6409	6281
9	6282	6283	6411	6410	6282
9	6283	6284	6412	6411	6283
9	6284	6285	6413	6412	6284
9	6285	6286	6414	6413	6285
9	6286	6287	6415	6414	6286
9	6287	6288	6416	6415	6287
9	6288	6289	6417	6416	6288
9	6289	6290	6418	6417	6289
9	6290	6291	6419	6418	6290
9	6291	6292	6420	6419	6291
9	6292	6293	6421	6420	6292
9	6293	6294	6422	6421	6293
9	6294	6295	6423	6422	6294
9	6295	6296	6424	6423	6295
9	6296	6297	6425	6424	6296
9	6297	6298	6426	6425	6297
9	6298	6299	6427	6426	6298
9	6299	6300	6428	6427	6299
9	6300	6301	6429	6428	6300
9	6301	6302	6430	6429	6301
9	6302	6303	6431	6430	6302
9	6303	6304	6432	6431	6303
9	6304	6305	6433	6432	6304
9	6305	6306	6434	6433	6305
9	6306	6307	6435	6434	6306
9	6307	6308	6436	6435	6307
9	6308	6309	6437	6436	6308
9	6309	6310	6438	6437	6309
9	6310	6311	6439	6438	6310
9	6311	6312	6440	6439	6311
9	6312	6313	6441	6440	6312
9	6313	6314	6442	6441	6313
9	6314	6315	6443	6442	6314
9	6315	6316	6444	6443	6315
9	6316	6317	6445	6444	6316
9	6317	6318	6446	6445	6317
9	6318	6319	6447	6446	6318
9	6319	6320	6448	6447	6319
9	6320	6321	6449	6448	6320
9	6321	6322	6450	6449	6321
9	6322	6323	6451	6450	6322
9	6323	6324	6452	6451	6323
9	6324	6325	6453	6452	6324
9	6325	6326	6454	6453	6325
9	6326	6327	6455	6454	6326
9	6327	6328	6456	6455	6327
9	6328	6329	6457	6456	6328
9	6329	6330	6458	6457	6329
9	6330	6331	6459	6458	6330
9	6331	6332	6460	6459	6331
9	6332	6333	6461	6460	6332
9	6333	6334	6462	6461	6333
9	6334	6335	6463	6462	6334
9	6335	6336	6464	6463	6335
9	6336	6337	6465	6464	6336
9	6337	6338	6466	6465	6337
9	6338	6339	6467	6466	6338
9	6339	6340	6468	6467	6339
9	6340	6341	6469	6468	6340
9	6341	6342	6470	6469	6341
9	6342	6343	6471	6470	6342
9	6343	6344	6472	6471	6343
9	6344	6345	6473	6472	6344
9	6345	6346	6474	6473	6345
9	6346	6347	6475	6474	6346
9	6347	6348	6476	6475	6347
9	6348	6349	6477	6476	6348
9	6349	6350	6478	6477	6349
9	6350	6351	6479	6478	6350
9	6351	6352	6480	6479	6351
9	6352	6353	6481	6480	6352
9	6353	6354	6482	6481	6353
9	6354	6355	6483	6482	6354
9	6355	6356	6484	6483	6355
9	6356	6357	6485	6484	6356
9	6357	6358	6486	6485	6357
9	6358	6359	6487	6486	6358
9	6359	6360	6488	6487	6359
9	6360	6361	6489	6488	6360
9	6361	6362	6490	6489	6361
9	6362	6363	6491	6490	6362
9	6363	6364	6492	6491	6363
9	6364	6365	6493	6492	6364
9	6365	6366	6494	6493	6365
9	6366	6367	6495	6494	6366
9	6367	6368	6496	6495	6367
9	6368	6369	6497	6496	6368
9	6369	6370	6498	6497	6369
9	6370	6371	6499	6498	6370
9	6371	6372	6500	6499	6371
9	6372	6373	6501	6500	6372
9	6373	6374	6502	6501	6373
9	6374	6375	6503	6502	6374
9	6375	6376	6504	6503	6375
9	6376	6377	6505	6504	6376
9	6377	6378	6506	6505	6377
9	6378	6379	6507	6506	6378
9	6379	6380	6508	6507	6379
9	6380	6381	6509	6508	6380
9	6381	6382	6510	6509	6381
9	6382	6383	6511	6510	6382
9	6383	6384	6512	6511	6383
9	6384	6385	6513	6512	6384
9	6385	6386	6514	6513	6385
9	6386	6387	6515	6514	6386
9	6387	6388	6516	6515	6387
9	6388	6389	6517	6516	6388
9	6389	6390	6518	6517	6389
9	6390	6391	6519	6518	6390
9	6391	6392	6520	6519	6391
9	6392	6393	6521	6520	6392
9	6393	6394	6522	6521	6393
9	6394	6395	6523	6522	6394
9	6395	6396	6524	6523	6395
9	6396	6397	6525	6524	6396
9	6397	6398	6526	6525	6397
9	6398	6399	6527	6526	6398
9	6399	6272	6400	6527	6399
9	6400	6401	6529	6528	6400
9	6401	6402	6530	6529	6401
9	6402	6403	6531	6530	6402
9	6403	6404	6532	6531	6403
9	6404	6405	6533	6532	6404
9	6405	6406	6534	6533	6405
9	6406	6407	6535	6534	6406
9	6407	6408	6536	6535	6407
9	6408	6409	6537	6536	6408
9	6409	6410	6538	6537	6409
9	6410	6411	6539	6538	6410
9	6411	6412	6540	6539	6411
9	6412	6413	6541	6540	6412
9	6413	6414	6542	6541	6413
9	6414	6415	6543	6542	6414
9	6415	6416	6544	6543	6415
9	6416	6417	6545	6544	6416
9	6417	6418	6546	6545	6417
9	6418	6419	6547	6546	6418
9	6419	6420	6548	6547	6419
9	6420	6421	6549	6548	6420
9	6421	6422	6550	6549	6421
9	6422	6423	6551	6550	6422
9	6423	6424	6552	6551	6423
9	6424	6425	6553	6552	6424
9	6425	6426	6554	6553	6425
9	6426	6427	6555	6554	6426
9	6427	6428	6556	6555	6427
9	6428	6429	6557	6556	6428
9	6429	6430	6558	6557	6429
9	6430	6431	6559	6558	6430
9	6431	6432	6560	6559	6431
9	6432	6433	6561	6560	6432
9	6433	6434	6562	6561	6433
9	6434	6435	6563	6562	6434
9	6435	6436	6564	6563	6435
9	6436	6437	6565	6564	6436
9	6437	6438	6566	6565	6437
9	6438	6439	6567	6566	6438
9	6439	6440	6568	6567	6439
9	6440	6441	6569	6568	6440
9	6441	6442	6570	6569	6441
9	6442	6443	6571	6570	6442
9	6443	6444	6572	6571	6443
9	6444	6445	6573	6572	6444
9	6445	6446	6574	6573	6445
9	6446	6447	6575	6574	6446
9	6447	6448	6576	6575	6447
9	6448	6449	6577	6576	6448
9	6449	6450	6578	6577	6449
9	6450	6451	6579	6578	6450
9	6451	6452	6580	6579	6451
9	6452	6453	6581	6580	6452
9	6453	6454	6582	6581	6453
9	6454	6455	6583	6582	6454
9	6455	6456	6584	6583	6455
9	6456	6457	6585	6584	6456
9	6457	6458	6586	6585	6457
9	6458	6459	6587	6586	6458
9	6459	6460	6588	6587	6459
9	6460	6461	6589	6588	6460
9	6461	6462	6590	6589	6461
9	6462	6463	6591	6590	6462
9	6463	6464	6592	6591	6463
9	6464	6465	6593	6592	6464
9	6465	6466	6594	6593	6465
9	6466	6467	6595	6594	6466
9	6467	6468	6596	6595	6467
9	6468	6469	6597	6596	6468
9	6469	6470	6598	6597	6469
9	6470	6471	6599	6598	6470
9	6471	6472	6600	6599	6471
9	6472	6473	6601	6600	6472
9	6473	6474	6602	6601	6473
9	6474	6475	6603	6602	6474
9	6475	6476	6604	6603	6475
9	6476	6477	6605	6604	6476
9	6477	6478	6606	6605	6477
9	6478	6479	6607	6606	6478
9	6479	6480	6608	6607	6479
9	6480	6481	6609	6608	6480
9	6481	6482	6610	6609	6481
9	6482	6483	6611	6610	6482
9	6483	6484	6612	6611	6483
9	6484	6485	6613	6612	6484
9	6485	6486	6614	6613	6485
9	6486	6487	6615	6614	6486
9	6487	6488	6616	6615	6487
9	6488	6489	6617	6616	6488
9	6489	6490	6618	6617	6489
9	6490	6491	6619	6618	6490
9	6491	6492	6620	6619	6491
9	6492	6493	6621	6620	6492
9	6493	6494	6622	6621	6493
9	6494	6495	6623	6622	6494
9	6495	6496	6624	6623	6495
9	6496	6497	6625	6624	6496
9	6497	6498	6626	6625	6497
9	6498	6499	6627	6626	6498
9	6499	6500	6628	6627	6499
9	6500	6501	6629	6628	6500
9	6501	6502	6630	6629	6501
9	6502	6503	6631	6630	6502
9	6503	6504	6632	6631	6503
9	6504	6505	6633	6632	6504
9	6505	6506	6634	6633	6505
9	6506	6507	6635	6634	6506
9	6507	6508	6636	6635	6507
9	6508	6509	6637	6636	6508
9	6509	6510	6638	6637	6509
9	6510	6511	6639	6638	6510
9	6511	6512	6640	6639	6511
9	6512	6513	6641	6640	6512
9	6513	6514	6642	6641	6513
9	6514	6515	6643	6642	6514
9	6515	6516	6644	6643	6515
9	6516	6517	6645	6644	6516
9	6517	6518	6646	6645	6517
9	6518	6519	6647	6646	6518
9	6519	6520	6648	6647	6519
9	6520	6521	6649	6648	6520
9	6521	6522	6650	6649	6521
9	6522	6523	6651	6650	6522
9	6523	6524	6652	6651	6523
9	6524	6525	6653	6652	6524
9	6525	6526	6654	6653	6525
9	6526	6527	6655	6654	6526
9	6527	6400	6528	6655	6527
9	6528	6529	6657	6656	6528
9	6529	6530	6658	6657	6529
9	6530	6531	6659	6658	6530
9	6531	6532	6660	6659	6531
9	6532	6533	6661	6660	6532
9	6533	6534	6662	6661	6533
9	6534	6535	6663	6662	6534
9	6535	6536	6664	6663	6535
9	6536	6537	6665	6664	6536
9	6537	6538	6666	6665	6537
9	6538	6539	6667	6666	6538
9	6539	6540	6668	6667	6539
9	6540	6541	6669	6668	6540
9	6541	6542	6670	6669	6541
9	6542	6543	6671	6670	6542
9	6543	6544	6672	6671	6543
9	6544	6545	6673	6672	6544
9	6545	6546	6674	6673	6545
9	6546	6547	6675	6674	6546
9	6547	6548	6676	6675	6547
9	6548	6549	6677	6676	6548
9	6549	6550	6678	6677	6549
9	6550	6551	6679	6678	6550
9	6551	6552	6680	6679	6551
9	6552	6553	6681	6680	6552
9	6553	6554	6682	6681	6553
9	6554	6555	6683	6682	6554
9	6555	6556	6684	6683	6555
9	6556	6557	6685	6684	6556
9	6557	6558	6686	6685	6557
9	6558	6559	6687	6686	6558
9	6559	6560	6688	6687	6559
9	6560	6561	6689	6688	6560
9	6561	6562	6690	6689	6561
9	6562	6563	6691	6690	6562
9	6563	6564	6692	6691	6563
9	6564	6565	6693	6692	6564
9	6565	6566	6694	6693	6565
9	6566	6567	6695	6694	6566
9	6567	6568	6696	6695	6567
9	6568	6569	6697	6696	6568
9	6569	6570	6698	6697	6569
9	6570	6571	6699	6698	6570
9	6571	6572	6700	6699	6571
9	6572	6573	6701	6700	6572
9	6573	6574	6702	6701	6573
9	6574	6575	6703	6702	6574
9	6575	6576	6704	6703	6575
9	6576	6577	6705	6704	6576
9	6577	6578	6706	6705	6577
9	6578	6579	6707	6706	6578
9	6579	6580	6708	6707	6579
9	6580	6581	6709	6708	6580
9	6581	6582	6710	6709	6581
9	6582	6583	6711	6710	6582
9	6583	6584	6712	6711	6583
9	6584	6585	6713	6712	6584
9	6585	6586	6714	6713	6585
9	6586	6587	6715	6714	6586
9	6587	6588	6716	6715	6587
9	6588	6589	6717	6716	6588
9	6589	6590	6718	6717	6589
9	6590	6591	6719	6718	6590
9	6591	6592	6720	6719	6591
9	6592	6593	6721	6720	6592
9	6593	6594	6722	6721	6593
9	6594	6595	6723	6722	6594
9	6595	6596	6724	6723	6595
9	6596	6597	6725	6724	6596
9	6597	6598	6726	6725	6597
9	6598	6599	6727	6726	6598
9	6599	6600	6728	6727	6599
9	6600	6601	6729	6728	6600
9	6601	6602	6730	6729	6601
9	6602	6603	6731	6730	6602
9	6603	6604	6732	6731	6603
9	6604	6605	6733	6732	6604
9	6605	6606	6734	6733	6605
9	6606	6607	6735	6734	6606
9	6607	6608	6736	6735	6607
9	6608	6609	6737	6736	6608
9	6609	6610	6738	6737	6609
9	6610	6611	6739	6738	6610
9	6611	6612	6740	6739	6611
9	6612	6613	6741	6740	6612
9	6613	6614	6742	6741	6613
9	6614	6615	6743	6742	6614
9	6615	6616	6744	6743	6615
9	6616	6617	6745	6744	6616
9	6617	6618	6746	6745	6617
9	6618	6619	6747	6746	6618
9	6619	6620	6748	6747	6619
9	6620	6621	6749	6748	6620
9	6621	6622	6750	6749	6621
9	6622	6623	6751	6750	6622
9	6623	6624	6752	6751	6623
9	6624	6625	6753	6752	6624
9	6625	6626	6754	6753	6625
9	6626	6627	6755	6754	6626
9	6627	6628	6756	6755	6627
9	6628	6629	6757	6756	6628
9	6629	6630	6758	6757	6629
9	6630	6631	6759	6758	6630
9	6631	6632	6760	6759	6631
9	6632	6633	6761	6760	6632
9	6633	6634	6762	6761	6633
9	6634	6635	6763	6762	6634
9	6635	6636	6764	6763	6635
9	6636	6637	6765	6764	6636
9	6637	6638	6766	6765	6637
9	6638	6639	6767	6766	6638
9	6639	6640	6768	6767	6639
9	6640	6641	6769	6768	6640
9	6641	6642	6770	6769	6641
9	6642	6643	6771	6770	6642
9	6643	6644	6772	6771	6643
9	6644	6645	6773	6772	6644
9	6645	6646	6774	6773	6645
9	6646	6647	6775	6774	6646
9	6647	6648	6776	6775	6647
9	6648	6649	6777	6776	6648
9	6649	6650	6778	6777	6649
9	6650	6651	6779	6778	6650
9	6651	6652	6780	6779	6651
9	6652	6653	6781	6780	6652
9	6653	6654	6782	6781	6653
9	6654	6655	6783	6782	6654
9	6655	6528	6656	6783	6655
9	6656	6657	6785	6784	6656
9	6657	6658	6786	6785	6657
9	6658	6659	6787	6786	6658
9	6659	6660	6788	6787	6659
9	6660	6661	6789	6788	6660
9	6661	6662	6790	6789	6661
9	6662	6663	6791	6790	6662
9	6663	6664	6792	6791	6663
9	6664	6665	6793	6792	6664
9	6665	6666	6794	6793	6665
9	6666	6667	6795	6794	6666
9	6667	6668	6796	6795	6667
9	6668	6669	6797	6796	6668
9	6669	6670	6798	6797	6669
9	6670	6671	6799	6798	6670
9	6671	6672	6800	6799	6671
9	6672	6673	6801	6800	6672
9	6673	6674	6802	6801	6673
9	6674	6675	6803	6802	6674
9	6675	6676	6804	6803	6675
9	6676	6677	6805	6804	6676
9	6677	6678	6806	6805	6677
9	6678	6679	6807	6806	6678
9	6679	6680	6808	6807	6679
9	6680	6681	6809	6808	6680
9	6681	6682	6810	6809	6681
9	6682	6683	6811	6810	6682
9	6683	6684	6812	6811	6683
9	6684	6685	6813	6812	6684
9	6685	6686	6814	6813	6685
9	6686	6687	6815	6814	6686
9	6687	6688	6816	6815	6687
9	6688	6689	6817	6816	6688
9	6689	6690	6818	6817	6689
9	6690	6691	6819	6818	6690
9	6691	6692	6820	6819	6691
9	6692	6693	6821	6820	6692
9	6693	6694	6822	6821	6693
9	6694	6695	6823	6822	6694
9	6695	6696	6824	6823	6695
9	6696	6697	6825	6824	6696
9	6697	6698	6826	6825	6697
9	6698	6699	6827	6826	6698
9	6699	6700	6828	6827	6699
9	6700	6701	6829	6828	6700
9	6701	6702	6830	6829	6701
9	6702	6703	6831	6830	6702
9	6703	6704	6832	6831	6703
9	6704	6705	6833	6832	6704
9	6705	6706	6834	6833	6705
9	6706	6707	6835	6834	6706
9	6707	6708	6836	6835	6707
9	6708	6709	6837	6836	6708
9	6709	6710	6838	6837	6709
9	6710	6711	6839	6838	6710
9	6711	6712	6840	6839	6711
9	6712	6713	6841	6840	6712
9	6713	6714	6842	6841	6713
9	6714	6715	6843	6842	6714
9	6715	6716	6844	6843	6715
9	6716	6717	6845	6844	6716
9	6717	6718	6846	6845	6717
9	6718	6719	6847	6846	6718
9	6719	6720	6848	6847	6719
9	6720	6721	6849	6848	6720
9	6721	6722	6850	6849	6721
9	6722	6723	6851	6850	6722
9	6723	6724	6852	6851	6723
9	6724	6725	6853	6852	6724
9	6725	6726	6854	6853	6725
9	6726	6727	6855	6854	6726
9	6727	6728	6856	6855	6727
9	6728	6729	6857	6856	6728
9	6729	6730	6858	6857	6729
9	6730	6731	6859	6858	6730
9	6731	6732	6860	6859	6731
9	6732	6733	6861	6860	6732
9	6733	6734	6862	6861	6733
9	6734	6735	6863	6862	6734
9	6735	6736	6864	6863	6735
9	6736	6737	6865	6864	6736
9	6737	6738	6866	6865	6737
9	6738	6739	6867	6866	6738
9	6739	6740	6868	6867	6739
9	6740	6741	6869	6868	6740
9	6741	6742	6870	6869	6741
9	6742	6743	6871	6870	6742
9	6743	6744	6872	6871	6743
9	6744	6745	6873	6872	6744
9	6745	6746	6874	6873	6745
9	6746	6747	6875	6874	6746
9	6747	6748	6876	6875	6747
9	6748	6749	6877	6876	6748
9	6749	6750	6878	6877	6749
9	6750	6751	6879	6878	6750
9	6751	6752	6880	6879	6751
9	6752	6753	6881	6880	6752
9	6753	6754	6882	6881	6753
9	6754	6755	6883	6882	6754
9	6755	6756	6884	6883	6755
9	6756	6757	6885	6884	6756
9	6757	6758	6886	6885	6757
9	6758	6759	6887	6886	6758
9	6759	6760	6888	6887	6759
9	6760	6761	6889	6888	6760
9	6761	6762	6890	6889	6761
9	6762	6763	6891	6890	6762
9	6763	6764	6892	6891	6763
9	6764	6765	6893	6892	6764
9	6765	6766	6894	6893	6765
9	6766	6767	6895	6894	6766
9	6767	6768	6896	6895	6767
9	6768	6769	6897	6896	6768
9	6769	6770	6898	6897	6769
9	6770	6771	6899	6898	6770
9	6771	6772	6900	6899	6771
9	6772	6773	6901	6900	6772
9	6773	6774	6902	6901	6773
9	6774	6775	6903	6902	6774
9	6775	6776	6904	6903	6775
9	6776	6777	6905	6904	6776
9	6777	6778	6906	6905	6777
9	6778	6779	6907	6906	6778
9	6779	6780	6908	6907	6779
9	6780	6781	6909	6908	6780
9	6781	6782	6910	6909	6781
9	6782	6783	6911	6910	6782
9	6783	6656	6784	6911	6783
9	6784	6785	6913	6912	6784
9	6785	6786	6914	6913	6785
9	6786	6787	6915	6914	6786
9	6787	6788	6916	6915	6787
9	6788	6789	6917	6916	6788
9	6789	6790	6918	6917	6789
9	6790	6791	6919	6918	6790
9	6791	6792	6920	6919	6791
9	6792	6793	6921	6920	6792
9	6793	6794	6922	6921	6793
9	6794	6795	6923	6922	6794
9	6795	6796	6924	6923	6795
9	6796	6797	6925	6924	6796
9	6797	6798	6926	6925	6797
9	6798	6799	6927	6926	6798
9	6799	6800	6928	6927	6799
9	6800	6801	6929	6928	6800
9	6801	6802	6930	6929	6801
9	6802	6803	6931	6930	6802
9	6803	6804	6932	6931	6803
9	6804	6805	6933	6932	6804
9	6805	6806	6934	6933	6805
9	6806	6807	6935	6934	6806
9	6807	6808	6936	6935	6807
9	6808	6809	6937	6936	6808
9	6809	6810	6938	6937	6809
9	6810	6811	6939	6938	6810
9	6811	6812	6940	6939	6811
9	6812	6813	6941	6940	6812
9	6813	6814	6942	6941	6813
9	6814	6815	6943	6942	6814
9	6815	6816	6944	6943	6815
9	6816	6817	6945	6944	6816
9	6817	6818	6946	6945	6817
9	6818	6819	6947	6946	6818
9	6819	6820	6948	6947	6819
9	6820	6821	6949	6948	6820
9	6821	6822	6950	6949	6821
9	6822	6823	6951	6950	6822
9	6823	6824	6952	6951	6823
9	6824	6825	6953	6952	6824
9	6825	6826	6954	6953	6825
9	6826	6827	6955	6954	6826
9	6827	6828	6956	6955	6827
9	6828	6829	6957	6956	6828
9	6829	6830	6958	6957	6829
9	6830	6831	6959	6958	6830
9	6831	6832	6960	6959	6831
9	6832	6833	6961	6960	6832
9	6833	6834	6962	6961	6833
9	6834	6835	6963	6962	6834
9	6835	6836	6964	6963	6835
9	6836	6837	6965	6964	6836
9	6837	6838	6966	6965	6837
9	6838	6839	6967	6966	6838
9	6839	6840	6968	6967	6839
9	6840	6841	6969	6968	6840
9	6841	6842	6970	6969	6841
9	6842	6843	6971	6970	6842
9	6843	6844	6972	6971	6843
9	6844	6845	6973	6972	6844
9	6845	6846	6974	6973	6845
9	6846	6847	6975	6974	6846
9	6847	6848	6976	6975	6847
9	6848	6849	6977	6976	6848
9	6849	6850	6978	6977	6849
9	6850	6851	6979	6978	6850
9	6851	6852	6980	6979	6851
9	6852	6853	6981	6980	6852
9	6853	6854	6982	6981	6853
9	6854	6855	6983	6982	6854
9	6855	6856	6984	6983	6855
9	6856	6857	6985	6984	6856
9	6857	6858	6986	6985	6857
9	6858	6859	6987	6986	6858
9	6859	6860	6988	6987	6859
9	6860	6861	6989	6988	6860
9	6861	6862	6990	6989	6861
9	6862	6863	6991	6990	6862
9	6863	6864	6992	6991	6863
9	6864	6865	6993	6992	6864
9	6865	6866	6994	6993	6865
9	6866	6867	6995	6994	6866
9	6867	6868	6996	6995	6867
9	6868	6869	6997	6996	6868
9	6869	6870	6998	6997	6869
9	6870	6871	6999	6998	6870
9	6871	6872	7000	6999	6871
9	6872	6873	7001	7000	6872
9	6873	6874	7002	7001	6873
9	6874	6875	7003	7002	6874
9	6875	6876	7004	7003	6875
9	6876	6877	7005	7004	6876
9	6877	6878	7006	7005	6877
9	6878	6879	7007	7006	6878
9	6879	6880	7008	7007	6879
9	6880	6881	7009	7008	6880
9	6881	6882	7010	7009	6881
9	6882	6883	7011	7010	6882
9	6883	6884	7012	7011	6883
9	6884	6885	7013	7012	6884
9	6885	6886	7014	7013	6885
9	6886	6887	7015	7014	6886
9	6887	6888	7016	7015	6887
9	6888	6889	7017	7016	6888
9	6889	6890	7018	7017	6889
9	6890	6891	7019	7018	6890
9	6891	6892	7020	7019	6891
9	6892	6893	7021	7020	6892
9	6893	6894	7022	7021	6893
9	6894	6895	7023	7022	6894
9	6895	6896	7024	7023	6895
9	6896	6897	7025	7024	6896
9	6897	6898	7026	7025	6897
9	6898	6899	7027	7026	6898
9	6899	6900	7028	7027	6899
9	6900	6901	7029	7028	6900
9	6901	6902	7030	7029	6901
9	6902	6903	7031	7030	6902
9	6903	6904	7032	7031	6903
9	6904	6905	7033	7032	6904
9	6905	6906	7034	7033	6905
9	6906	6907	7035	7034	6906
9	6907	6908	7036	7035	6907
9	6908	6909	7037	7036	6908
9	6909	6910	7038	7037	6909
9	6910	6911	7039	7038	6910
9	6911	6784	6912	7039	6911
9	6912	6913	7041	7040	6912
9	6913	6914	7042	7041	6913
9	6914	6915	7043	7042	6914
9	6915	6916	7044	7043	6915
9	6916	6917	7045	7044	6916
9	6917	6918	7046	7045	6917
9	6918	6919	7047	7046	6918
9	6919	6920	7048	7047	6919
9	6920	6921	7049	7048	6920
9	6921	6922	7050	7049	6921
9	6922	6923	7051	7050	6922
9	6923	6924	7052	7051	6923
9	6924	6925	7053	7052	6924
9	6925	6926	7054	7053	6925
9	6926	6927	7055	7054	6926
9	6927	6928	7056	7055	6927
9	6928	6929	7057	7056	6928
9	6929	6930	7058	7057	6929
9	6930	6931	7059	7058	6930
9	6931	6932	7060	7059	6931
9	6932	6933	7061	7060	6932
9	6933	6934	7062	7061	6933
9	6934	6935	7063	7062	6934
9	6935	6936	7064	7063	6935
9	6936	6937	7065	7064	6936
9	6937	6938	7066	7065	6937
9	6938	6939	7067	7066	6938
9	6939	6940	7068	7067	6939
9	6940	6941	7069	7068	6940
9	6941	6942	7070	7069	6941
9	6942	6943	7071	7070	6942
9	6943	6944	7072	7071	6943
9	6944	6945	7073	7072	6944
9	6945	6946	7074	7073	6945
9	6946	6947	7075	7074	6946
9	6947	6948	7076	7075	6947
9	6948	6949	7077	7076	6948
9	6949	6950	7078	7077	6949
9	6950	6951	7079	7078	6950
9	6951	6952	7080	7079	6951
9	6952	6953	7081	7080	6952
9	6953	6954	7082	7081	6953
9	6954	6955	7083	7082	6954
9	6955	6956	7084	7083	6955
9	6956	6957	7085	7084	6956
9	6957	6958	7086	7085	6957
9	6958	6959	7087	7086	6958
9	6959	6960	7088	7087	6959
9	6960	6961	7089	7088	6960
9	6961	6962	7090	7089	6961
9	6962	6963	7091	7090	6962
9	6963	6964	7092	7091	6963
9	6964	6965	7093	7092	6964
9	6965	6966	7094	7093	6965
9	6966	6967	7095	7094	6966
9	6967	6968	7096	7095	6967
9	6968	6969	7097	7096	6968
9	6969	6970	7098	7097	6969
9	6970	6971	7099	7098	6970
9	6971	6972	7100	7099	6971
9	6972	6973	7101	7100	6972
9	6973	6974	7102	7101	6973
9	6974	6975	7103	7102	6974
9	6975	6976	7104	7103	6975
9	6976	6977	7105	7104	6976
9	6977	6978	7106	7105	6977
9	6978	6979	7107	7106	6978
9	6979	6980	7108	7107	6979
9	6980	6981	7109	7108	6980
9	6981	6982	7110	7109	6981
9	6982	6983	7111	7110	6982
9	6983	6984	7112	7111	6983
9	6984	6985	7113	7112	6984
9	6985	6986	7114	7113	6985
9	6986	6987	7115	7114	6986
9	6987	6988	7116	7115	6987
9	6988	6989	7117	7116	6988
9	6989	6990	7118	7117	6989
9	6990	6991	7119	7118	6990
9	6991	6992	7120	7119	6991
9	6992	6993	7121	7120	6992
9	6993	6994	7122	7121	6993
9	6994	6995	7123	7122	6994
9	6995	6996	7124	7123	6995
9	6996	6997	7125	7124	6996
9	6997	6998	7126	7125	6997
9	6998	6999	7127	7126	6998
9	6999	7000	7128	7127	6999
9	7000	7001	7129	7128	7000
9	7001	7002	7130	7129	7001
9	7002	7003	7131	7130	7002
9	7003	7004	7132	7131	7003
9	7004	7005	7133	7132	7004
9	7005	7006	7134	7133	7005
9	7006	7007	7135	7134	7006
9	7007	7008	7136	7135	7007
9	7008	7009	7137	7136	7008
9	7009	7010	7138	7137	7009
9	7010	7011	7139	7138	7010
9	7011	7012	7140	7139	7011
9	7012	7013	7141	7140	7012
9	7013	7014	7142	7141	7013
9	7014	7015	7143	7142	7014
9	7015	7016	7144	7143	7015
9	7016	7017	7145	7144	7016
9	7017	7018	7146	7145	7017
9	7018	7019	7147	7146	7018
9	7019	7020	7148	7147	7019
9	7020	7021	7149	7148	7020
9	7021	7022	7150	7149	7021
9	7022	7023	7151	7150	7022
9	7023	7024	7152	7151	7023
9	7024	7025	7153	7152	7024
9	7025	7026	7154	7153	7025
9	7026	7027	7155	7154	7026
9	7027	7028	7156	7155	7027
9	7028	7029	7157	7156	7028
9	7029	7030	7158	7157	7029
9	7030	7031	7159	7158	7030
9	7031	7032	7160	7159	7031
9	7032	7033	7161	7160	7032
9	7033	7034	7162	7161	7033
9	7034	7035	7163	7162	7034
9	7035	7036	7164	7163	7035
9	7036	7037	7165	7164	7036
9	7037	7038	7166	7165	7037
9	7038	7039	7167	7166	7038
9	7039	6912	7040	7167	7039
9	7040	7041	7169	7168	7040
9	7041	7042	7170	7169	7041
9	7042	7043	7171	7170	7042
9	7043	7044	7172	7171	7043
9	7044	7045	7173	7172	7044
9	7045	7046	7174	7173	7045
9	7046	7047	7175	7174	7046
9	7047	7048	7176	7175	7047
9	7048	7049	7177	7176	7048
9	7049	7050	7178	7177	7049
9	7050	7051	7179	7178	7050
9	7051	7052	7180	7179	7051
9	7052	7053	7181	7180	7052
9	7053	7054	7182	7181	7053
9	7054	7055	7183	7182	7054
9	7055	7056	7184	7183	7055
9	7056	7057	7185	7184	7056
9	7057	7058	7186	7185	7057
9	7058	7059	7187	7186	7058
9	7059	7060	7188	7187	7059
9	7060	7061	7189	7188	7060
9	7061	7062	7190	7189	7061
9	7062	7063	7191	7190	7062
9	7063	7064	7192	7191	7063
9	7064	7065	7193	7192	7064
9	7065	7066	7194	7193	7065
9	7066	7067	7195	7194	7066
9	7067	7068	7196	7195	7067
9	7068	7069	7197	7196	7068
9	7069	7070	7198	7197	7069
9	7070	7071	7199	7198	7070
9	7071	7072	7200	7199	7071
9	7072	7073	7201	7200	7072
9	7073	7074	7202	7201	7073
9	7074	7075	7203	7202	7074
9	7075	7076	7204	7203	7075
9	7076	7077	7205	7204	7076
9	7077	7078	7206	7205	7077
9	7078	7079	7207	7206	7078
9	7079	7080	7208	7207	7079
9	7080	7081	7209	7208	7080
9	7081	7082	7210	7209	7081
9	7082	7083	7211	7210	7082
9	7083	7084	7212	7211	7083
9	7084	7085	7213	7212	7084
9	7085	7086	7214	7213	7085
9	7086	7087	7215	7214	7086
9	7087	7088	7216	7215	7087
9	7088	7089	7217	7216	7088
9	7089	7090	7218	7217	7089
9	7090	7091	7219	7218	7090
9	7091	7092	7220	7219	7091
9	7092	7093	7221	7220	7092
9	7093	7094	7222	7221	7093
9	7094	7095	7223	7222	7094
9	7095	7096	7224	7223	7095
9	7096	7097	7225	7224	7096
9	7097	7098	7226	7225	7097
9	7098	7099	7227	7226	7098
9	7099	7100	7228	7227	7099
9	7100	7101	7229	7228	7100
9	7101	7102	7230	7229	7101
9	7102	7103	7231	7230	7102
9	7103	7104	7232	7231	7103
9	7104	7105	7233	7232	7104
9	7105	7106	7234	7233	7105
9	7106	7107	7235	7234	7106
9	7107	7108	7236	7235	7107
9	7108	7109	7237	7236	7108
9	7109	7110	7238	7237	7109
9	7110	7111	7239	7238	7110
9	7111	7112	7240	7239	7111
9	7112	7113	7241	7240	7112
9	7113	7114	7242	7241	7113
9	7114	7115	7243	7242	7114
9	7115	7116	7244	7243	7115
9	7116	7117	7245	7244	7116
9	7117	7118	7246	7245	7117
9	7118	7119	7247	7246	7118
9	7119	7120	7248	7247	7119
9	7120	7121	7249	7248	7120
9	7121	7122	7250	7249	7121
9	7122	7123	7251	7250	7122
9	7123	7124	7252	7251	7123
9	7124	7125	7253	7252	7124
9	7125	7126	7254	7253	7125
9	7126	7127	7255	7254	7126
9	7127	7128	7256	7255	7127
9	7128	7129	7257	7256	7128
9	7129	7130	7258	7257	7129
9	7130	7131	7259	7258	7130
9	7131	7132	7260	7259	7131
9	7132	7133	7261	7260	7132
9	7133	7134	7262	7261	7133
9	7134	7135	7263	7262	7134
9	7135	7136	7264	7263	7135
9	7136	7137	7265	7264	7136
9	7137	7138	7266	7265	7137
9	7138	7139	7267	7266	7138
9	7139	7140	7268	7267	7139
9	7140	7141	7269	7268	7140
9	7141	7142	7270	7269	7141
9	7142	7143	7271	7270	7142
9	7143	7144	7272	7271	7143
9	7144	7145	7273	7272	7144
9	7145	7146	7274	7273	7145
9	7146	7147	7275	7274	7146
9	7147	7148	7276	7275	7147
9	7148	7149	7277	7276	7148
9	7149	7150	7278	7277	7149
9	7150	7151	7279	7278	7150
9	7151	7152	7280	7279	7151
9	7152	7153	7281	7280	7152
9	7153	7154	7282	7281	7153
9	7154	7155	7283	7282	7154
9	7155	7156	7284	7283	7155
9	7156	7157	7285	7284	7156
9	7157	7158	7286	7285	7157
9	7158	7159	7287	7286	7158
9	7159	7160	7288	7287	7159
9	7160	7161	7289	7288	7160
9	7161	7162	7290	7289	7161
9	7162	7163	7291	7290	7162
9	7163	7164	7292	7291	7163
9	7164	7165	7293	7292	7164
9	7165	7166	7294	7293	7165
9	7166	7167	7295	7294	7166
9	7167	7040	7168	7295	7167
9	7168	7169	7297	7296	7168
9	7169	7170	7298	7297	7169
9	7170	7171	7299	7298	7170
9	7171	7172	7300	7299	7171
9	7172	7173	7301	7300	7172
9	7173	7174	7302	7301	7173
9	7174	7175	7303	7302	7174
9	7175	7176	7304	7303	7175
9	7176	7177	7305	7304	7176
9	7177	7178	7306	7305	7177
9	7178	7179	7307	7306	7178
9	7179	7180	7308	7307	7179
9	7180	7181	7309	7308	7180
9	7181	7182	7310	7309	7181
9	7182	7183	7311	7310	7182
9	7183	7184	7312	7311	7183
9	7184	7185	7313	7312	7184
9	7185	7186	7314	7313	7185
9	7186	7187	7315	7314	7186
9	7187	7188	7316	7315	7187
9	7188	7189	7317	7316	7188
9	7189	7190	7318	7317	7189
9	7190	7191	7319	7318	7190
9	7191	7192	7320	7319	7191
9	7192	7193	7321	7320	7192
9	7193	7194	7322	7321	7193
9	7194	7195	7323	7322	7194
9	7195	7196	7324	7323	7195
9	7196	7197	7325	7324	7196
9	7197	7198	7326	7325	7197
9	7198	7199	7327	7326	7198
9	7199	7200	7328	7327	7199
9	7200	7201	7329	7328	7200
9	7201	7202	7330	7329	7201
9	7202	7203	7331	7330	7202
9	7203	7204	7332	7331	7203
9	7204	7205	7333	7332	7204
9	7205	7206	7334	7333	7205
9	7206	7207	7335	7334	7206
9	7207	7208	7336	7335	7207
9	7208	7209	7337	7336	7208
9	7209	7210	7338	7337	7209
9	7210	7211	7339	7338	7210
9	7211	7212	7340	7339	7211
9	7212	7213	7341	7340	7212
9	7213	7214	7342	7341	7213
9	7214	7215	7343	7342	7214
9	7215	7216	7344	7343	7215
9	7216	7217	7345	7344	7216
9	7217	7218	7346	7345	7217
9	7218	7219	7347	7346	7218
9	7219	7220	7348	7347	7219
9	7220	7221	7349	7348	7220
9	7221	7222	7350	7349	7221
9	7222	7223	7351	7350	7222
9	7223	7224	7352	7351	7223
9	7224	7225	7353	7352	7224
9	7225	7226	7354	7353	7225
9	7226	7227	7355	7354	7226
9	7227	7228	7356	7355	7227
9	7228	7229	7357	7356	7228
9	7229	7230	7358	7357	7229
9	7230	7231	7359	7358	7230
9	7231	7232	7360	7359	7231
9	7232	7233	7361	7360	7232
9	7233	7234	7362	7361	7233
9	7234	7235	7363	7362	7234
9	7235	7236	7364	7363	7235
9	7236	7237	7365	7364	7236
9	7237	7238	7366	7365	7237
9	7238	7239	7367	7366	7238
9	7239	7240	7368	7367	7239
9	7240	7241	7369	7368	7240
9	7241	7242	7370	7369	7241
9	7242	7243	7371	7370	7242
9	7243	7244	7372	7371	7243
9	7244	7245	7373	7372	7244
9	7245	7246	7374	7373	7245
9	7246	7247	7375	7374	7246
9	7247	7248	7376	7375	7247
9	7248	7249	7377	7376	7248
9	7249	7250	7378	7377	7249
9	7250	7251	7379	7378	7250
9	7251	7252	7380	7379	7251
9	7252	7253	7381	7380	7252
9	7253	7254	7382	7381	7253
9	7254	7255	7383	7382	7254
9	7255	7256	7384	7383	7255
9	7256	7257	7385	7384	7256
9	7257	7258	7386	7385	7257
9	7258	7259	7387	7386	7258
9	7259	7260	7388	7387	7259
9	7260	7261	7389	7388	7260
9	7261	7262	7390	7389	7261
9	7262	7263	7391	7390	7262
9	7263	7264	7392	7391	7263
9	7264	7265	7393	7392	7264
9	7265	7266	7394	7393	7265
9	7266	7267	7395	7394	7266
9	7267	7268	7396	7395	7267
9	7268	7269	7397	7396	7268
9	7269	7270	7398	7397	7269
9	7270	7271	7399	7398	7270
9	7271	7272	7400	7399	7271
9	7272	7273	7401	7400	7272
9	7273	7274	7402	7401	7273
9	7274	7275	7403	7402	7274
9	7275	7276	7404	7403	7275
9	7276	7277	7405	7404	7276
9	7277	7278	7406	7405	7277
9	7278	7279	7407	7406	7278
9	7279	7280	7408	7407	7279
9	7280	7281	7409	7408	7280
9	7281	7282	7410	7409	7281
9	7282	7283	7411	7410	7282
9	7283	7284	7412	7411	7283
9	7284	7285	7413	7412	7284
9	7285	7286	7414	7413	7285
9	7286	7287	7415	7414	7286
9	7287	7288	7416	7415	7287
9	7288	7289	7417	7416	7288
9	7289	7290	7418	7417	7289
9	7290	7291	7419	7418	7290
9	7291	7292	7420	7419	7291
9	7292	7293	7421	7420	7292
9	7293	7294	7422	7421	7293
9	7294	7295	7423	7422	7294
9	7295	7168	7296	7423	7295
9	7296	7297	7425	7424	7296
9	7297	7298	7426	7425	7297
9	7298	7299	7427	7426	7298
9	7299	7300	7428	7427	7299
9	7300	7301	7429	7428	7300
9	7301	7302	7430	7429	7301
9	7302	7303	7431	7430	7302
9	7303	7304	7432	7431	7303
9	7304	7305	7433	7432	7304
9	7305	7306	7434	7433	7305
9	7306	7307	7435	7434	7306
9	7307	7308	7436	7435	7307
9	7308	7309	7437	7436	7308
9	7309	7310	7438	7437	7309
9	7310	7311	7439	7438	7310
9	7311	7312	7440	7439	7311
9	7312	7313	7441	7440	7312
9	7313	7314	7442	7441	7313
9	7314	7315	7443	7442	7314
9	7315	7316	7444	7443	7315
9	7316	7317	7445	7444	7316
9	7317	7318	7446	7445	7317
9	7318	7319	7447	7446	7318
9	7319	7320	7448	7447	7319
9	7320	7321	7449	7448	7320
9	7321	7322	7450	7449	7321
9	7322	7323	7451	7450	7322
9	7323	7324	7452	7451	7323
9	7324	7325	7453	7452	7324
9	7325	7326	7454	7453	7325
9	7326	7327	7455	7454	7326
9	7327	7328	7456	7455	7327
9	7328	7329	7457	7456	7328
9	7329	7330	7458	7457	7329
9	7330	7331	7459	7458	7330
9	7331	7332	7460	7459	7331
9	7332	7333	7461	7460	7332
9	7333	7334	7462	7461	7333
9	7334	7335	7463	7462	7334
9	7335	7336	7464	7463	7335
9	7336	7337	7465	7464	7336
9	7337	7338	7466	7465	7337
9	7338	7339	7467	7466	7338
9	7339	7340	7468	7467	7339
9	7340	7341	7469	7468	7340
9	7341	7342	7470	7469	7341
9	7342	7343	7471	7470	7342
9	7343	7344	7472	7471	7343
9	7344	7345	7473	7472	7344
9	7345	7346	7474	7473	7345
9	7346	7347	7475	7474	7346
9	7347	7348	7476	7475	7347
9	7348	7349	7477	7476	7348
9	7349	7350	7478	7477	7349
9	7350	7351	7479	7478	7350
9	7351	7352	7480	7479	7351
9	7352	7353	7481	7480	7352
9	7353	7354	7482	7481	7353
9	7354	7355	7483	7482	7354
9	7355	7356	7484	7483	7355
9	7356	7357	7485	7484	7356
9	7357	7358	7486	7485	7357
9	7358	7359	7487	7486	7358
9	7359	7360	7488	7487	7359
9	7360	7361	7489	7488	7360
9	7361	7362	7490	7489	7361
9	7362	7363	7491	7490	7362
9	7363	7364	7492	7491	7363
9	7364	7365	7493	7492	7364
9	7365	7366	7494	7493	7365
9	7366	7367	7495	7494	7366
9	7367	7368	7496	7495	7367
9	7368	7369	7497	7496	7368
9	7369	7370	7498	7497	7369
9	7370	7371	7499	7498	7370
9	7371	7372	7500	7499	7371
9	7372	7373	7501	7500	7372
9	7373	7374	7502	7501	7373
9	7374	7375	7503	7502	7374
9	7375	7376	7504	7503	7375
9	7376	7377	7505	7504	7376
9	7377	7378	7506	7505	7377
9	7378	7379	7507	7506	7378
9	7379	7380	7508	7507	7379
9	7380	7381	7509	7508	7380
9	7381	7382	7510	7509	7381
9	7382	7383	7511	7510	7382
9	7383	7384	7512	7511	7383
9	7384	7385	7513	7512	7384
9	7385	7386	7514	7513	7385
9	7386	7387	7515	7514	7386
9	7387	7388	7516	7515	7387
9	7388	7389	7517	7516	7388
9	7389	7390	7518	7517	7389
9	7390	7391	7519	7518	7390
9	7391	7392	7520	7519	7391
9	7392	7393	7521	7520	7392
9	7393	7394	7522	7521	7393
9	7394	7395	7523	7522	7394
9	7395	7396	7524	7523	7395
9	7396	7397	7525	7524	7396
9	7397	7398	7526	7525	7397
9	7398	7399	7527	7526	7398
9	7399	7400	7528	7527	7399
9	7400	7401	7529	7528	7400
9	7401	7402	7530	7529	7401
9	7402	7403	7531	7530	7402
9	7403	7404	7532	7531	7403
9	7404	7405	7533	7532	7404
9	7405	7406	7534	7533	7405
9	7406	7407	7535	7534	7406
9	7407	7408	7536	7535	7407
9	7408	7409	7537	7536	7408
9	7409	7410	7538	7537	7409
9	7410	7411	7539	7538	7410
9	7411	7412	7540	7539	7411
9	7412	7413	7541	7540	7412
9	7413	7414	7542	7541	7413
9	7414	7415	7543	7542	7414
9	7415	7416	7544	7543	7415
9	7416	7417	7545	7544	7416
9	7417	7418	7546	7545	7417
9	7418	7419	7547	7546	7418
9	7419	7420	7548	7547	7419
9	7420	7421	7549	7548	7420
9	7421	7422	7550	7549	7421
9	7422	7423	7551	7550	7422
9	7423	7296	7424	7551	7423
9	7424	7425	7553	7552	7424
9	7425	7426	7554	7553	7425
9	7426	7427	7555	7554	7426
9	7427	7428	7556	7555	7427
9	7428	7429	7557	7556	7428
9	7429	7430	7558	7557	7429
9	7430	7431	7559	7558	7430
9	7431	7432	7560	7559	7431
9	7432	7433	7561	7560	7432
9	7433	7434	7562	7561	7433
9	7434	7435	7563	7562	7434
9	7435	7436	7564	7563	7435
9	7436	7437	7565	7564	7436
9	7437	7438	7566	7565	7437
9	7438	7439	7567	7566	7438
9	7439	7440	7568	7567	7439
9	7440	7441	7569	7568	7440
9	7441	7442	7570	7569	7441
9	7442	7443	7571	7570	7442
9	7443	7444	7572	7571	7443
9	7444	7445	7573	7572	7444
9	7445	7446	7574	7573	7445
9	7446	7447	7575	7574	7446
9	7447	7448	7576	7575	7447
9	7448	7449	7577	7576	7448
9	7449	7450	7578	7577	7449
9	7450	7451	7579	7578	7450
9	7451	7452	7580	7579	7451
9	7452	7453	7581	7580	7452
9	7453	7454	7582	7581	7453
9	7454	7455	7583	7582	7454
9	7455	7456	7584	7583	7455
9	7456	7457	7585	7584	7456
9	7457	7458	7586	7585	7457
9	7458	7459	7587	7586	7458
9	7459	7460	7588	7587	7459
9	7460	7461	7589	7588	7460
9	7461	7462	7590	7589	7461
9	7462	7463	7591	7590	7462
9	7463	7464	7592	7591	7463
9	7464	7465	7593	7592	7464
9	7465	7466	7594	7593	7465
9	7466	7467	7595	7594	7466
9	7467	7468	7596	7595	7467
9	7468	7469	7597	7596	7468
9	7469	7470	7598	7597	7469
9	7470	7471	7599	7598	7470
9	7471	7472	7600	7599	7471
9	7472	7473	7601	7600	7472
9	7473	7474	7602	7601	7473
9	7474	7475	7603	7602	7474
9	7475	7476	7604	7603	7475
9	7476	7477	7605	7604	7476
9	7477	7478	7606	7605	7477
9	7478	7479	7607	7606	7478
9	7479	7480	7608	7607	7479
9	7480	7481	7609	7608	7480
9	7481	7482	7610	7609	7481
9	7482	7483	7611	7610	7482
9	7483	7484	7612	7611	7483
9	7484	7485	7613	7612	7484
9	7485	7486	7614	7613	7485
9	7486	7487	7615	7614	7486
9	7487	7488	7616	7615	7487
9	7488	7489	7617	7616	7488
9	7489	7490	7618	7617	7489
9	7490	7491	7619	7618	7490
9	7491	7492	7620	7619	7491
9	7492	7493	7621	7620	7492
9	7493	7494	7622	7621	7493
9	7494	7495	7623	7622	7494
9	7495	7496	7624	7623	7495
9	7496	7497	7625	7624	7496
9	7497	7498	7626	7625	7497
9	7498	7499	7627	7626	7498
9	7499	7500	7628	7627	7499
9	7500	7501	7629	7628	7500
9	7501	7502	7630	7629	7501
9	7502	7503	7631	7630	7502
9	7503	7504	7632	7631	7503
9	7504	7505	7633	7632	7504
9	7505	7506	7634	7633	7505
9	7506	7507	7635	7634	7506
9	7507	7508	7636	7635	7507
9	7508	7509	7637	7636	7508
9	7509	7510	7638	7637	7509
9	7510	7511	7639	7638	7510
9	7511	7512	7640	7639	7511
9	7512	7513	7641	7640	7512
9	7513	7514	7642	7641	7513
9	7514	7515	7643	7642	7514
9	7515	7516	7644	7643	7515
9	7516	7517	7645	7644	7516
9	7517	7518	7646	7645	7517
9	7518	7519	7647	7646	7518
9	7519	7520	7648	7647	7519
9	7520	7521	7649	7648	7520
9	7521	7522	7650	7649	7521
9	7522	7523	7651	7650	7522
9	7523	7524	7652	7651	7523
9	7524	7525	7653	7652	7524
9	7525	7526	7654	7653	7525
9	7526	7527	7655	7654	7526
9	7527	7528	7656	7655	7527
9	7528	7529	7657	7656	7528
9	7529	7530	7658	7657	7529
9	7530	7531	7659	7658	7530
9	7531	7532	7660	7659	7531
9	7532	7533	7661	7660	7532
9	7533	7534	7662	7661	7533
9	7534	7535	7663	7662	7534
9	7535	7536	7664	7663	7535
9	7536	7537	7665	7664	7536
9	7537	7538	7666	7665	7537
9	7538	7539	7667	7666	7538
9	7539	7540	7668	7667	7539
9	7540	7541	7669	7668	7540
9	7541	7542	7670	7669	7541
9	7542	7543	7671	7670	7542
9	7543	7544	7672	7671	7543
9	7544	7545	7673	7672	7544
9	7545	7546	7674	7673	7545
9	7546	7547	7675	7674	7546
9	7547	7548	7676	7675	7547
9	7548	7549	7677	7676	7548
9	7549	7550	7678	7677	7549
9	7550	7551	7679	7678	7550
9	7551	7424	7552	7679	7551
9	7552	7553	7681	7680	7552
9	7553	7554	7682	7681	7553
9	7554	7555	7683	7682	7554
9	7555	7556	7684	7683	7555
9	7556	7557	7685	7684	7556
9	7557	7558	7686	7685	7557
9	7558	7559	7687	7686	7558
9	7559	7560	7688	7687	7559
9	7560	7561	7689	7688	7560
9	7561	7562	7690	7689	7561
9	7562	7563	7691	7690	7562
9	7563	7564	7692	7691	7563
9	7564	7565	7693	7692	7564
9	7565	7566	7694	7693	7565
9	7566	7567	7695	7694	7566
9	7567	7568	7696	7695	7567
9	7568	7569	7697	7696	7568
9	7569	7570	7698	7697	7569
9	7570	7571	7699	7698	7570
9	7571	7572	7700	7699	7571
9	7572	7573	7701	7700	7572
9	7573	7574	7702	7701	7573
9	7574	7575	7703	7702	7574
9	7575	7576	7704	7703	7575
9	7576	7577	7705	7704	7576
9	7577	7578	7706	7705	7577
9	7578	7579	7707	7706	7578
9	7579	7580	7708	7707	7579
9	7580	7581	7709	7708	7580
9	7581	7582	7710	7709	7581
9	7582	7583	7711	7710	7582
9	7583	7584	7712	7711	7583
9	7584	7585	7713	7712	7584
9	7585	7586	7714	7713	7585
9	7586	7587	7715	7714	7586
9	7587	7588	7716	7715	7587
9	7588	7589	7717	7716	7588
9	7589	7590	7718	7717	7589
9	7590	7591	7719	7718	7590
9	7591	7592	7720	7719	7591
9	7592	7593	7721	7720	7592
9	7593	7594	7722	7721	7593
9	7594	7595	7723	7722	7594
9	7595	7596	7724	7723	7595
9	7596	7597	7725	7724	7596
9	7597	7598	7726	7725	7597
9	7598	7599	7727	7726	7598
9	7599	7600	7728	7727	7599
9	7600	7601	7729	7728	7600
9	7601	7602	7730	7729	7601
9	7602	7603	7731	7730	7602
9	7603	7604	7732	7731	7603
9	7604	7605	7733	7732	7604
9	7605	7606	7734	7733	7605
9	7606	7607	7735	7734	7606
9	7607	7608	7736	7735	7607
9	7608	7609	7737	7736	7608
9	7609	7610	7738	7737	7609
9	7610	7611	7739	7738	7610
9	7611	7612	7740	7739	7611
9	7612	7613	7741	7740	7612
9	7613	7614	7742	7741	7613
9	7614	7615	7743	7742	7614
9	7615	7616	7744	7743	7615
9	7616	7617	7745	7744	7616
9	7617	7618	7746	7745	7617
9	7618	7619	7747	7746	7618
9	7619	7620	7748	7747	7619
9	7620	7621	7749	7748	7620
9	7621	7622	7750	7749	7621
9	7622	7623	7751	7750	7622
9	7623	7624	7752	7751	7623
9	7624	7625	7753	7752	7624
9	7625	7626	7754	7753	7625
9	7626	7627	7755	7754	7626
9	7627	7628	7756	7755	7627
9	7628	7629	7757	7756	7628
9	7629	7630	7758	7757	7629
9	7630	7631	7759	7758	7630
9	7631	7632	7760	7759	7631
9	7632	7633	7761	7760	7632
9	7633	7634	7762	7761	7633
9	7634	7635	7763	7762	7634
9	7635	7636	7764	7763	7635
9	7636	7637	7765	7764	7636
9	7637	7638	7766	7765	7637
9	7638	7639	7767	7766	7638
9	7639	7640	7768	7767	7639
9	7640	7641	7769	7768	7640
9	7641	7642	7770	7769	7641
9	7642	7643	7771	7770	7642
9	7643	7644	7772	7771	7643
9	7644	7645	7773	7772	7644
9	7645	7646	7774	7773	7645
9	7646	7647	7775	7774	7646
9	7647	7648	7776	7775	7647
9	7648	7649	7777	7776	7648
9	7649	7650	7778	7777	7649
9	7650	7651	7779	7778	7650
9	7651	7652	7780	7779	7651
9	7652	7653	7781	7780	7652
9	7653	7654	7782	7781	7653
9	7654	7655	7783	7782	7654
9	7655	7656	7784	7783	7655
9	7656	7657	7785	7784	7656
9	7657	7658	7786	7785	7657
9	7658	7659	7787	7786	7658
9	7659	7660	7788	7787	7659
9	7660	7661	7789	7788	7660
9	7661	7662	7790	7789	7661
9	7662	7663	7791	7790	7662
9	7663	7664	7792	7791	7663
9	7664	7665	7793	7792	7664
9	7665	7666	7794	7793	7665
9	7666	7667	7795	7794	7666
9	7667	7668	7796	7795	7667
9	7668	7669	7797	7796	7668
9	7669	7670	7798	7797	7669
9	7670	7671	7799	7798	7670
9	7671	7672	7800	7799	7671
9	7672	7673	7801	7800	7672
9	7673	7674	7802	7801	7673
9	7674	7675	7803	7802	7674
9	7675	7676	7804	7803	7675
9	7676	7677	7805	7804	7676
9	7677	7678	7806	7805	7677
9	7678	7679	7807	7806	7678
9	7679	7552	7680	7807	7679
9	7680	7681	7809	7808	7680
9	7681	7682	7810	7809	7681
9	7682	7683	7811	7810	7682
9	7683	7684	7812	7811	7683
9	7684	7685	7813	7812	7684
9	7685	7686	7814	7813	7685
9	7686	7687	7815	7814	7686
9	7687	7688	7816	7815	7687
9	7688	7689	7817	7816	7688
9	7689	7690	7818	7817	7689
9	7690	7691	7819	7818	7690
9	7691	7692	7820	7819	7691
9	7692	7693	7821	7820	7692
9	7693	7694	7822	7821	7693
9	7694	7695	7823	7822	7694
9	7695	7696	7824	7823	7695
9	7696	7697	7825	7824	7696
9	7697	7698	7826	7825	7697
9	7698	7699	7827	7826	7698
9	7699	7700	7828	7827	7699
9	7700	7701	7829	7828	7700
9	7701	7702	7830	7829	7701
9	7702	7703	7831	7830	7702
9	7703	7704	7832	7831	7703
9	7704	7705	7833	7832	7704
9	7705	7706	7834	7833	7705
9	7706	7707	7835	7834	7706
9	7707	7708	7836	7835	7707
9	7708	7709	7837	7836	7708
9	7709	7710	7838	7837	7709
9	7710	7711	7839	7838	7710
9	7711	7712	7840	7839	7711
9	7712	7713	7841	7840	7712
9	7713	7714	7842	7841	7713
9	7714	7715	7843	7842	7714
9	7715	7716	7844	7843	7715
9	7716	7717	7845	7844	7716
9	7717	7718	7846	7845	7717
9	7718	7719	7847	7846	7718
9	7719	7720	7848	7847	7719
9	7720	7721	7849	7848	7720
9	7721	7722	7850	7849	7721
9	7722	7723	7851	7850	7722
9	7723	7724	7852	7851	7723
9	7724	7725	7853	7852	7724
9	7725	7726	7854	7853	7725
9	7726	7727	7855	7854	7726
9	7727	7728	7856	7855	7727
9	7728	7729	7857	7856	7728
9	7729	7730	7858	7857	7729
9	7730	7731	7859	7858	7730
9	7731	7732	7860	7859	7731
9	7732	7733	7861	7860	7732
9	7733	7734	7862	7861	7733
9	7734	7735	7863	7862	7734
9	7735	7736	7864	7863	7735
9	7736	7737	7865	7864	7736
9	7737	7738	7866	7865	7737
9	7738	7739	7867	7866	7738
9	7739	7740	7868	7867	7739
9	7740	7741	7869	7868	7740
9	7741	7742	7870	7869	7741
9	7742	7743	7871	7870	7742
9	7743	7744	7872	7871	7743
9	7744	7745	7873	7872	7744
9	7745	7746	7874	7873	7745
9	7746	7747	7875	7874	7746
9	7747	7748	7876	7875	7747
9	7748	7749	7877	7876	7748
9	7749	7750	7878	7877	7749
9	7750	7751	7879	7878	7750
9	7751	7752	7880	7879	7751
9	7752	7753	7881	7880	7752
9	7753	7754	7882	7881	7753
9	7754	7755	7883	7882	7754
9	7755	7756	7884	7883	7755
9	7756	7757	7885	7884	7756
9	7757	7758	7886	7885	7757
9	7758	7759	7887	7886	7758
9	7759	7760	7888	7887	7759
9	7760	7761	7889	7888	7760
9	7761	7762	7890	7889	7761
9	7762	7763	7891	7890	7762
9	7763	7764	7892	7891	7763
9	7764	7765	7893	7892	7764
9	7765	7766	7894	7893	7765
9	7766	7767	7895	7894	7766
9	7767	7768	7896	7895	7767
9	7768	7769	7897	7896	7768
9	7769	7770	7898	7897	7769
9	7770	7771	7899	7898	7770
9	7771	7772	7900	7899	7771
9	7772	7773	7901	7900	7772
9	7773	7774	7902	7901	7773
9	7774	7775	7903	7902	7774
9	7775	7776	7904	7903	7775
9	7776	7777	7905	7904	7776
9	7777	7778	7906	7905	7777
9	7778	7779	7907	7906	7778
9	7779	7780	7908	7907	7779
9	7780	7781	7909	7908	7780
9	7781	7782	7910	7909	7781
9	7782	7783	7911	7910	7782
9	7783	7784	7912	7911	7783
9	7784	7785	7913	7912	7784
9	7785	7786	7914	7913	7785
9	7786	7787	7915	7914	7786
9	7787	7788	7916	7915	7787
9	7788	7789	7917	7916	7788
9	7789	7790	7918	7917	7789
9	7790	7791	7919	7918	7790
9	7791	7792	7920	7919	7791
9	7792	7793	7921	7920	7792
9	7793	7794	7922	7921	7793
9	7794	7795	7923	7922	7794
9	7795	7796	7924	7923	7795
9	7796	7797	7925	7924	7796
9	7797	7798	7926	7925	7797
9	7798	7799	7927	7926	7798
9	7799	7800	7928	7927	7799
9	7800	7801	7929	7928	7800
9	7801	7802	7930	7929	7801
9	7802	7803	7931	7930	7802
9	7803	7804	7932	7931	7803
9	7804	7805	7933	7932	7804
9	7805	7806	7934	7933	7805
9	7806	7807	7935	7934	7806
9	7807	7680	7808	7935	7807
9	7808	7809	7937	7936	7808
9	7809	7810	7938	7937	7809
9	7810	7811	7939	7938	7810
9	7811	7812	7940	7939	7811
9	7812	7813	7941	7940	7812
9	7813	7814	7942	7941	7813
9	7814	7815	7943	7942	7814
9	7815	7816	7944	7943	7815
9	7816	7817	7945	7944	7816
9	7817	7818	7946	7945	7817
9	7818	7819	7947	7946	7818
9	7819	7820	7948	7947	7819
9	7820	7821	7949	7948	7820
9	7821	7822	7950	7949	7821
9	7822	7823	7951	7950	7822
9	7823	7824	7952	7951	7823
9	7824	7825	7953	7952	7824
9	7825	7826	7954	7953	7825
9	7826	7827	7955	7954	7826
9	7827	7828	7956	7955	7827
9	7828	7829	7957	7956	7828
9	7829	7830	7958	7957	7829
9	7830	7831	7959	7958	7830
9	7831	7832	7960	7959	7831
9	7832	7833	7961	7960	7832
9	7833	7834	7962	7961	7833
9	7834	7835	7963	7962	7834
9	7835	7836	7964	7963	7835
9	7836	7837	7965	7964	7836
9	7837	7838	7966	7965	7837
9	7838	7839	7967	7966	7838
9	7839	7840	7968	7967	7839
9	7840	7841	7969	7968	7840
9	7841	7842	7970	7969	7841
9	7842	7843	7971	7970	7842
9	7843	7844	7972	7971	7843
9	7844	7845	7973	7972	7844
9	7845	7846	7974	7973	7845
9	7846	7847	7975	7974	7846
9	7847	7848	7976	7975	7847
9	7848	7849	7977	7976	7848
9	7849	7850	7978	7977	7849
9	7850	7851	7979	7978	7850
9	7851	7852	7980	7979	7851
9	7852	7853	7981	7980	7852
9	7853	7854	7982	7981	7853
9	7854	7855	7983	7982	7854
9	7855	7856	7984	7983	7855
9	7856	7857	7985	7984	7856
9	7857	7858	7986	7985	7857
9	7858	7859	7987	7986	7858
9	7859	7860	7988	7987	7859
9	7860	7861	7989	7988	7860
9	7861	7862	7990	7989	7861
9	7862	7863	7991	7990	7862
9	7863	7864	7992	7991	7863
9	7864	7865	7993	7992	7864
9	7865	7866	7994	7993	7865
9	7866	7867	7995	7994	7866
9	7867	7868	7996	7995	7867
9	7868	7869	7997	7996	7868
9	7869	7870	7998	7997	7869
9	7870	7871	7999	7998	7870
9	7871	7872	8000	7999	7871
9	7872	7873	8001	8000	7872
9	7873	7874	8002	8001	7873
9	7874	7875	8003	8002	7874
9	7875	7876	8004	8003	7875
9	7876	7877	8005	8004	7876
9	7877	7878	8006	8005	7877
9	7878	7879	8007	8006	7878
9	7879	7880	8008	8007	7879
9	7880	7881	8009	8008	7880
9	7881	7882	8010	8009	7881
9	7882	7883	8011	8010	7882
9	7883	7884	8012	8011	7883
9	7884	7885	8013	8012	7884
9	7885	7886	8014	8013	7885
9	7886	7887	8015	8014	7886
9	7887	7888	8016	8015	7887
9	7888	7889	8017	8016	7888
9	7889	7890	8018	8017	7889
9	7890	7891	8019	8018	7890
9	7891	7892	8020	8019	7891
9	7892	7893	8021	8020	7892
9	7893	7894	8022	8021	7893
9	7894	7895	8023	8022	7894
9	7895	7896	8024	8023	7895
9	7896	7897	8025	8024	7896
9	7897	7898	8026	8025	7897
9	7898	7899	8027	8026	7898
9	7899	7900	8028	8027	7899
9	7900	7901	8029	8028	7900
9	7901	7902	8030	8029	7901
9	7902	7903	8031	8030	7902
9	7903	7904	8032	8031	7903
9	7904	7905	8033	8032	7904
9	7905	7906	8034	8033	7905
9	7906	7907	8035	8034	7906
9	7907	7908	8036	8035	7907
9	7908	7909	8037	8036	7908
9	7909	7910	8038	8037	7909
9	7910	7911	8039	8038	7910
9	7911	7912	8040	8039	7911
9	7912	7913	8041	8040	7912
9	7913	7914	8042	8041	7913
9	7914	7915	8043	8042	7914
9	7915	7916	8044	8043	7915
9	7916	7917	8045	8044	7916
9	7917	7918	8046	8045	7917
9	7918	7919	8047	8046	7918
9	7919	7920	8048	8047	7919
9	7920	7921	8049	8048	7920
9	7921	7922	8050	8049	7921
9	7922	7923	8051	8050	7922
9	7923	7924	8052	8051	7923
9	7924	7925	8053	8052	7924
9	7925	7926	8054	8053	7925
9	7926	7927	8055	8054	7926
9	7927	7928	8056	8055	7927
9	7928	7929	8057	8056	7928
9	7929	7930	8058	8057	7929
9	7930	7931	8059	8058	7930
9	7931	7932	8060	8059	7931
9	7932	7933	8061	8060	7932
9	7933	7934	8062	8061	7933
9	7934	7935	8063	8062	7934
9	7935	7808	7936	8063	7935
9	7936	7937	8065	8064	7936
9	7937	7938	8066	8065	7937
9	7938	7939	8067	8066	7938
9	7939	7940	8068	8067	7939
9	7940	7941	8069	8068	7940
9	7941	7942	8070	8069	7941
9	7942	7943	8071	8070	7942
9	7943	7944	8072	8071	7943
9	7944	7945	8073	8072	7944
9	7945	7946	8074	8073	7945
9	7946	7947	8075	8074	7946
9	7947	7948	8076	8075	7947
9	7948	7949	8077	8076	7948
9	7949	7950	8078	8077	7949
9	7950	7951	8079	8078	7950
9	7951	7952	8080	8079	7951
9	7952	7953	8081	8080	7952
9	7953	7954	8082	8081	7953
9	7954	7955	8083	8082	7954
9	7955	7956	8084	8083	7955
9	7956	7957	8085	8084	7956
9	7957	7958	8086	8085	7957
9	7958	7959	8087	8086	7958
9	7959	7960	8088	8087	7959
9	7960	7961	8089	8088	7960
9	7961	7962	8090	8089	7961
9	7962	7963	8091	8090	7962
9	7963	7964	8092	8091	7963
9	7964	7965	8093	8092	7964
9	7965	7966	8094	8093	7965
9	7966	7967	8095	8094	7966
9	7967	7968	8096	8095	7967
9	7968	7969	8097	8096	7968
9	7969	7970	8098	8097	7969
9	7970	7971	8099	8098	7970
9	7971	7972	8100	8099	7971
9	7972	7973	8101	8100	7972
9	7973	7974	8102	8101	7973
9	7974	7975	8103	8102	7974
9	7975	7976	8104	8103	7975
9	7976	7977	8105	8104	7976
9	7977	7978	8106	8105	7977
9	7978	7979	8107	8106	7978
9	7979	7980	8108	8107	7979
9	7980	7981	8109	8108	7980
9	7981	7982	8110	8109	7981
9	7982	7983	8111	8110	7982
9	7983	7984	8112	8111	7983
9	7984	7985	8113	8112	7984
9	7985	7986	8114	8113	7985
9	7986	7987	8115	8114	7986
9	7987	7988	8116	8115	7987
9	7988	7989	8117	8116	7988
9	7989	7990	8118	8117	7989
9	7990	7991	8119	8118	7990
9	7991	7992	8120	8119	7991
9	7992	7993	8121	8120	7992
9	7993	7994	8122	8121	7993
9	7994	7995	8123	8122	7994
9	7995	7996	8124	8123	7995
9	7996	7997	8125	8124	7996
9	7997	7998	8126	8125	7997
9	7998	7999	8127	8126	7998
9	7999	8000	8128	8127	7999
9	8000	8001	8129	8128	8000
9	8001	8002	8130	8129	8001
9	8002	8003	8131	8130	8002
9	8003	8004	8132	8131	8003
9	8004	8005	8133	8132	8004
9	8005	8006	8134	8133	8005
9	8006	8007	8135	8134	8006
9	8007	8008	8136	8135	8007
9	8008	8009	8137	8136	8008
9	8009	8010	8138	8137	8009
9	8010	8011	8139	8138	8010
9	8011	8012	8140	8139	8011
9	8012	8013	8141	8140	8012
9	8013	8014	8142	8141	8013
9	8014	8015	8143	8142	8014
9	8015	8016	8144	8143	8015
9	8016	8017	8145	8144	8016
9	8017	8018	8146	8145	8017
9	8018	8019	8147	8146	8018
9	8019	8020	8148	8147	8019
9	8020	8021	8149	8148	8020
9	8021	8022	8150	8149	8021
9	8022	8023	8151	8150	8022
9	8023	8024	8152	8151	8023
9	8024	8025	8153	8152	8024
9	8025	8026	8154	8153	8025
9	8026	8027	8155	8154	8026
9	8027	8028	8156	8155	8027
9	8028	8029	8157	8156	8028
9	8029	8030	8158	8157	8029
9	8030	8031	8159	8158	8030
9	8031	8032	8160	8159	8031
9	8032	8033	8161	8160	8032
9	8033	8034	8162	8161	8033
9	8034	8035	8163	8162	8034
9	8035	8036	8164	8163	8035
9	8036	8037	8165	8164	8036
9	8037	8038	8166	8165	8037
9	8038	8039	8167	8166	8038
9	8039	8040	8168	8167	8039
9	8040	8041	8169	8168	8040
9	8041	8042	8170	8169	8041
9	8042	8043	8171	8170	8042
9	8043	8044	8172	8171	8043
9	8044	8045	8173	8172	8044
9	8045	8046	8174	8173	8045
9	8046	8047	8175	8174	8046
9	8047	8048	8176	8175	8047
9	8048	8049	8177	8176	8048
9	8049	8050	8178	8177	8049
9	8050	8051	8179	8178	8050
9	8051	8052	8180	8179	8051
9	8052	8053	8181	8180	8052
9	8053	8054	8182	8181	8053
9	8054	8055	8183	8182	8054
9	8055	8056	8184	8183	8055
9	8056	8057	8185	8184	8056
9	8057	8058	8186	8185	8057
9	8058	8059	8187	8186	8058
9	8059	8060	8188	8187	8059
9	8060	8061	8189	8188	8060
9	8061	8062	8190	8189	8061
9	8062	8063	8191	8190	8062
9	8063	7936	8064	8191	8063
9	8064	8065	8193	8192	8064
9	8065	8066	8194	8193	8065
9	8066	8067	8195	8194	8066
9	8067	8068	8196	8195	8067
9	8068	8069	8197	8196	8068
9	8069	8070	8198	8197	8069
9	8070	8071	8199	8198	8070
9	8071	8072	8200	8199	8071
9	8072	8073	8201	8200	8072
9	8073	8074	8202	8201	8073
9	8074	8075	8203	8202	8074
9	8075	8076	8204	8203	8075
9	8076	8077	8205	8204	8076
9	8077	8078	8206	8205	8077
9	8078	8079	8207	8206	8078
9	8079	8080	8208	8207	8079
9	8080	8081	8209	8208	8080
9	8081	8082	8210	8209	8081
9	8082	8083	8211	8210	8082
9	8083	8084	8212	8211	8083
9	8084	8085	8213	8212	8084
9	8085	8086	8214	8213	8085
9	8086	8087	8215	8214	8086
9	8087	8088	8216	8215	8087
9	8088	8089	8217	8216	8088
9	8089	8090	8218	8217	8089
9	8090	8091	8219	8218	8090
9	8091	8092	8220	8219	8091
9	8092	8093	8221	8220	8092
9	8093	8094	8222	8221	8093
9	8094	8095	8223	8222	8094
9	8095	8096	8224	8223	8095
9	8096	8097	8225	8224	8096
9	8097	8098	8226	8225	8097
9	8098	8099	8227	8226	8098
9	8099	8100	8228	8227	8099
9	8100	8101	8229	8228	8100
9	8101	8102	8230	8229	8101
9	8102	8103	8231	8230	8102
9	8103	8104	8232	8231	8103
9	8104	8105	8233	8232	8104
9	8105	8106	8234	8233	8105
9	8106	8107	8235	8234	8106
9	8107	8108	8236	8235	8107
9	8108	8109	8237	8236	8108
9	8109	8110	8238	8237	8109
9	8110	8111	8239	8238	8110
9	8111	8112	8240	8239	8111
9	8112	8113	8241	8240	8112
9	8113	8114	8242	8241	8113
9	8114	8115	8243	8242	8114
9	8115	8116	8244	8243	8115
9	8116	8117	8245	8244	8116
9	8117	8118	8246	8245	8117
9	8118	8119	8247	8246	8118
9	8119	8120	8248	8247	8119
9	8120	8121	8249	8248	8120
9	8121	8122	8250	8249	8121
9	8122	8123	8251	8250	8122
9	8123	8124	8252	8251	8123
9	8124	8125	8253	8252	8124
9	8125	8126	8254	8253	8125
9	8126	8127	8255	8254	8126
9	8127	8128	8256	8255	8127
9	8128	8129	8257	8256	8128
9	8129	8130	8258	8257	8129
9	8130	8131	8259	8258	8130
9	8131	8132	8260	8259	8131
9	8132	8133	8261	8260	8132
9	8133	8134	8262	8261	8133
9	8134	8135	8263	8262	8134
9	8135	8136	8264	8263	8135
9	8136	8137	8265	8264	8136
9	8137	8138	8266	8265	8137
9	8138	8139	8267	8266	8138
9	8139	8140	8268	8267	8139
9	8140	8141	8269	8268	8140
9	8141	8142	8270	8269	8141
9	8142	8143	8271	8270	8142
9	8143	8144	8272	8271	8143
9	8144	8145	8273	8272	8144
9	8145	8146	8274	8273	8145
9	8146	8147	8275	8274	8146
9	8147	8148	8276	8275	8147
9	8148	8149	8277	8276	8148
9	8149	8150	8278	8277	8149
9	8150	8151	8279	8278	8150
9	8151	8152	8280	8279	8151
9	8152	8153	8281	8280	8152
9	8153	8154	8282	8281	8153
9	8154	8155	8283	8282	8154
9	8155	8156	8284	8283	8155
9	8156	8157	8285	8284	8156
9	8157	8158	8286	8285	8157
9	8158	8159	8287	8286	8158
9	8159	8160	8288	8287	8159
9	8160	8161	8289	8288	8160
9	8161	8162	8290	8289	8161
9	8162	8163	8291	8290	8162
9	8163	8164	8292	8291	8163
9	8164	8165	8293	8292	8164
9	8165	8166	8294	8293	8165
9	8166	8167	8295	8294	8166
9	8167	8168	8296	8295	8167
9	8168	8169	8297	8296	8168
9	8169	8170	8298	8297	8169
9	8170	8171	8299	8298	8170
9	8171	8172	8300	8299	8171
9	8172	8173	8301	8300	8172
9	8173	8174	8302	8301	8173
9	8174	8175	8303	8302	8174
9	8175	8176	8304	8303	8175
9	8176	8177	8305	8304	8176
9	8177	8178	8306	8305	8177
9	8178	8179	8307	8306	8178
9	8179	8180	8308	8307	8179
9	8180	8181	8309	8308	8180
9	8181	8182	8310	8309	8181
9	8182	8183	8311	8310	8182
9	8183	8184	8312	8311	8183
9	8184	8185	8313	8312	8184
9	8185	8186	8314	8313	8185
9	8186	8187	8315	8314	8186
9	8187	8188	8316	8315	8187
9	8188	8189	8317	8316	8188
9	8189	8190	8318	8317	8189
9	8190	8191	8319	8318	8190
9	8191	8064	8192	8319	8191
9	8192	8193	8321	8320	8192
9	8193	8194	8322	8321	8193
9	8194	8195	8323	8322	8194
9	8195	8196	8324	8323	8195
9	8196	8197	8325	8324	8196
9	8197	8198	8326	8325	8197
9	8198	8199	8327	8326	8198
9	8199	8200	8328	8327	8199
9	8200	8201	8329	8328	8200
9	8201	8202	8330	8329	8201
9	8202	8203	8331	8330	8202
9	8203	8204	8332	8331	8203
9	8204	8205	8333	8332	8204
9	8205	8206	8334	8333	8205
9	8206	8207	8335	8334	8206
9	8207	8208	8336	8335	8207
9	8208	8209	8337	8336	8208
9	8209	8210	8338	8337	8209
9	8210	8211	8339	8338	8210
9	8211	8212	8340	8339	8211
9	8212	8213	8341	8340	8212
9	8213	8214	8342	8341	8213
9	8214	8215	8343	8342	8214
9	8215	8216	8344	8343	8215
9	8216	8217	8345	8344	8216
9	8217	8218	8346	8345	8217
9	8218	8219	8347	8346	8218
9	8219	8220	8348	8347	8219
9	8220	8221	8349	8348	8220
9	8221	8222	8350	8349	8221
9	8222	8223	8351	8350	8222
9	8223	8224	8352	8351	8223
9	8224	8225	8353	8352	8224
9	8225	8226	8354	8353	8225
9	8226	8227	8355	8354	8226
9	8227	8228	8356	8355	8227
9	8228	8229	8357	8356	8228
9	8229	8230	8358	8357	8229
9	8230	8231	8359	8358	8230
9	8231	8232	8360	8359	8231
9	8232	8233	8361	8360	8232
9	8233	8234	8362	8361	8233
9	8234	8235	8363	8362	8234
9	8235	8236	8364	8363	8235
9	8236	8237	8365	8364	8236
9	8237	8238	8366	8365	8237
9	8238	8239	8367	8366	8238
9	8239	8240	8368	8367	8239
9	8240	8241	8369	8368	8240
9	8241	8242	8370	8369	8241
9	8242	8243	8371	8370	8242
9	8243	8244	8372	8371	8243
9	8244	8245	8373	8372	8244
9	8245	8246	8374	8373	8245
9	8246	8247	8375	8374	8246
9	8247	8248	8376	8375	8247
9	8248	8249	8377	8376	8248
9	8249	8250	8378	8377	8249
9	8250	8251	8379	8378	8250
9	8251	8252	8380	8379	8251
9	8252	8253	8381	8380	8252
9	8253	8254	8382	8381	8253
9	8254	8255	8383	8382	8254
9	8255	8256	8384	8383	8255
9	8256	8257	8385	8384	8256
9	8257	8258	8386	8385	8257
9	8258	8259	8387	8386	8258
9	8259	8260	8388	8387	8259
9	8260	8261	8389	8388	8260
9	8261	8262	8390	8389	8261
9	8262	8263	8391	8390	8262
9	8263	8264	8392	8391	8263
9	8264	8265	8393	8392	8264
9	8265	8266	8394	8393	8265
9	8266	8267	8395	8394	8266
9	8267	8268	8396	8395	8267
9	8268	8269	8397	8396	8268
9	8269	8270	8398	8397	8269
9	8270	8271	8399	8398	8270
9	8271	8272	8400	8399	8271
9	8272	8273	8401	8400	8272
9	8273	8274	8402	8401	8273
9	8274	8275	8403	8402	8274
9	8275	8276	8404	8403	8275
9	8276	8277	8405	8404	8276
9	8277	8278	8406	8405	8277
9	8278	8279	8407	8406	8278
9	8279	8280	8408	8407	8279
9	8280	8281	8409	8408	8280
9	8281	8282	8410	8409	8281
9	8282	8283	8411	8410	8282
9	8283	8284	8412	8411	8283
9	8284	8285	8413	8412	8284
9	8285	8286	8414	8413	8285
9	8286	8287	8415	8414	8286
9	8287	8288	8416	8415	8287
9	8288	8289	8417	8416	8288
9	8289	8290	8418	8417	8289
9	8290	8291	8419	8418	8290
9	8291	8292	8420	8419	8291
9	8292	8293	8421	8420	8292
9	8293	8294	8422	8421	8293
9	8294	8295	8423	8422	8294
9	8295	8296	8424	8423	8295
9	8296	8297	8425	8424	8296
9	8297	8298	8426	8425	8297
9	8298	8299	8427	8426	8298
9	8299	8300	8428	8427	8299
9	8300	8301	8429	8428	8300
9	8301	8302	8430	8429	8301
9	8302	8303	8431	8430	8302
9	8303	8304	8432	8431	8303
9	8304	8305	8433	8432	8304
9	8305	8306	8434	8433	8305
9	8306	8307	8435	8434	8306
9	8307	8308	8436	8435	8307
9	8308	8309	8437	8436	8308
9	8309	8310	8438	8437	8309
9	8310	8311	8439	8438	8310
9	8311	8312	8440	8439	8311
9	8312	8313	8441	8440	8312
9	8313	8314	8442	8441	8313
9	8314	8315	8443	8442	8314
9	8315	8316	8444	8443	8315
9	8316	8317	8445	8444	8316
9	8317	8318	8446	8445	8317
9	8318	8319	8447	8446	8318
9	8319	8192	8320	8447	8319
9	8320	8321	8449	8448	8320
9	8321	8322	8450	8449	8321
9	8322	8323	8451	8450	8322
9	8323	8324	8452	8451	8323
9	8324	8325	8453	8452	8324
9	8325	8326	8454	8453	8325
9	8326	8327	8455	8454	8326
9	8327	8328	8456	8455	8327
9	8328	8329	8457	8456	8328
9	8329	8330	8458	8457	8329
9	8330	8331	8459	8458	8330
9	8331	8332	8460	8459	8331
9	8332	8333	8461	8460	8332
9	8333	8334	8462	8461	8333
9	8334	8335	8463	8462	8334
9	8335	8336	8464	8463	8335
9	8336	8337	8465	8464	8336
9	8337	8338	8466	8465	8337
9	8338	8339	8467	8466	8338
9	8339	8340	8468	8467	8339
9	8340	8341	8469	8468	8340
9	8341	8342	8470	8469	8341
9	8342	8343	8471	8470	8342
9	8343	8344	8472	8471	8343
9	8344	8345	8473	8472	8344
9	8345	8346	8474	8473	8345
9	8346	8347	8475	8474	8346
9	8347	8348	8476	8475	8347
9	8348	8349	8477	8476	8348
9	8349	8350	8478	8477	8349
9	8350	8351	8479	8478	8350
9	8351	8352	8480	8479	8351
9	8352	8353	8481	8480	8352
9	8353	8354	8482	8481	8353
9	8354	8355	8483	8482	8354
9	8355	8356	8484	8483	8355
9	8356	8357	8485	8484	8356
9	8357	8358	8486	8485	8357
9	8358	8359	8487	8486	8358
9	8359	8360	8488	8487	8359
9	8360	8361	8489	8488	8360
9	8361	8362	8490	8489	8361
9	8362	8363	8491	8490	8362
9	8363	8364	8492	8491	8363
9	8364	8365	8493	8492	8364
9	8365	8366	8494	8493	8365
9	8366	8367	8495	8494	8366
9	8367	8368	8496	8495	8367
9	8368	8369	8497	8496	8368
9	8369	8370	8498	8497	8369
9	8370	8371	8499	8498	8370
9	8371	8372	8500	8499	8371
9	8372	8373	8501	8500	8372
9	8373	8374	8502	8501	8373
9	8374	8375	8503	8502	8374
9	8375	8376	8504	8503	8375
9	8376	8377	8505	8504	8376
9	8377	8378	8506	8505	8377
9	8378	8379	8507	8506	8378
9	8379	8380	8508	8507	8379
9	8380	8381	8509	8508	8380
9	8381	8382	8510	8509	8381
9	8382	8383	8511	8510	8382
9	8383	8384	8512	8511	8383
9	8384	8385	8513	8512	8384
9	8385	8386	8514	8513	8385
9	8386	8387	8515	8514	8386
9	8387	8388	8516	8515	8387
9	8388	8389	8517	8516	8388
9	8389	8390	8518	8517	8389
9	8390	8391	8519	8518	8390
9	8391	8392	8520	8519	8391
9	8392	8393	8521	8520	8392
9	8393	8394	8522	8521	8393
9	8394	8395	8523	8522	8394
9	8395	8396	8524	8523	8395
9	8396	8397	8525	8524	8396
9	8397	8398	8526	8525	8397
9	8398	8399	8527	8526	8398
9	8399	8400	8528	8527	8399
9	8400	8401	8529	8528	8400
9	8401	8402	8530	8529	8401
9	8402	8403	8531	8530	8402
9	8403	8404	8532	8531	8403
9	8404	8405	8533	8532	8404
9	8405	8406	8534	8533	8405
9	8406	8407	8535	8534	8406
9	8407	8408	8536	8535	8407
9	8408	8409	8537	8536	8408
9	8409	8410	8538	8537	8409
9	8410	8411	8539	8538	8410
9	8411	8412	8540	8539	8411
9	8412	8413	8541	8540	8412
9	8413	8414	8542	8541	8413
9	8414	8415	8543	8542	8414
9	8415	8416	8544	8543	8415
9	8416	8417	8545	8544	8416
9	8417	8418	8546	8545	8417
9	8418	8419	8547	8546	8418
9	8419	8420	8548	8547	8419
9	8420	8421	8549	8548	8420
9	8421	8422	8550	8549	8421
9	8422	8423	8551	8550	8422
9	8423	8424	8552	8551	8423
9	8424	8425	8553	8552	8424
9	8425	8426	8554	8553	8425
9	8426	8427	8555	8554	8426
9	8427	8428	8556	8555	8427
9	8428	8429	8557	8556	8428
9	8429	8430	8558	8557	8429
9	8430	8431	8559	8558	8430
9	8431	8432	8560	8559	8431
9	8432	8433	8561	8560	8432
9	8433	8434	8562	8561	8433
9	8434	8435	8563	8562	8434
9	8435	8436	8564	8563	8435
9	8436	8437	8565	8564	8436
9	8437	8438	8566	8565	8437
9	8438	8439	8567	8566	8438
9	8439	8440	8568	8567	8439
9	8440	8441	8569	8568	8440
9	8441	8442	8570	8569	8441
9	8442	8443	8571	8570	8442
9	8443	8444	8572	8571	8443
9	8444	8445	8573	8572	8444
9	8445	8446	8574	8573	8445
9	8446	8447	8575	8574	8446
9	8447	8320	8448	8575	8447
9	8448	8449	8577	8576	8448
9	8449	8450	8578	8577	8449
9	8450	8451	8579	8578	8450
9	8451	8452	8580	8579	8451
9	8452	8453	8581	8580	8452
9	8453	8454	8582	8581	8453
9	8454	8455	8583	8582	8454
9	8455	8456	8584	8583	8455
9	8456	8457	8585	8584	8456
9	8457	8458	8586	8585	8457
9	8458	8459	8587	8586	8458
9	8459	8460	8588	8587	8459
9	8460	8461	8589	8588	8460
9	8461	8462	8590	8589	8461
9	8462	8463	8591	8590	8462
9	8463	8464	8592	8591	8463
9	8464	8465	8593	8592	8464
9	8465	8466	8594	8593	8465
9	8466	8467	8595	8594	8466
9	8467	8468	8596	8595	8467
9	8468	8469	8597	8596	8468
9	8469	8470	8598	8597	8469
9	8470	8471	8599	8598	8470
9	8471	8472	8600	8599	8471
9	8472	8473	8601	8600	8472
9	8473	8474	8602	8601	8473
9	8474	8475	8603	8602	8474
9	8475	8476	8604	8603	8475
9	8476	8477	8605	8604	8476
9	8477	8478	8606	8605	8477
9	8478	8479	8607	8606	8478
9	8479	8480	8608	8607	8479
9	8480	8481	8609	8608	8480
9	8481	8482	8610	8609	8481
9	8482	8483	8611	8610	8482
9	8483	8484	8612	8611	8483
9	8484	8485	8613	8612	8484
9	8485	8486	8614	8613	8485
9	8486	8487	8615	8614	8486
9	8487	8488	8616	8615	8487
9	8488	8489	8617	8616	8488
9	8489	8490	8618	8617	8489
9	8490	8491	8619	8618	8490
9	8491	8492	8620	8619	8491
9	8492	8493	8621	8620	8492
9	8493	8494	8622	8621	8493
9	8494	8495	8623	8622	8494
9	8495	8496	8624	8623	8495
9	8496	8497	8625	8624	8496
9	8497	8498	8626	8625	8497
9	8498	8499	8627	8626	8498
9	8499	8500	8628	8627	8499
9	8500	8501	8629	8628	8500
9	8501	8502	8630	8629	8501
9	8502	8503	8631	8630	8502
9	8503	8504	8632	8631	8503
9	8504	8505	8633	8632	8504
9	8505	8506	8634	8633	8505
9	8506	8507	8635	8634	8506
9	8507	8508	8636	8635	8507
9	8508	8509	8637	8636	8508
9	8509	8510	8638	8637	8509
9	8510	8511	8639	8638	8510
9	8511	8512	8640	8639	8511
9	8512	8513	8641	8640	8512
9	8513	8514	8642	8641	8513
9	8514	8515	8643	8642	8514
9	8515	8516	8644	8643	8515
9	8516	8517	8645	8644	8516
9	8517	8518	8646	8645	8517
9	8518	8519	8647	8646	8518
9	8519	8520	8648	8647	8519
9	8520	8521	8649	8648	8520
9	8521	8522	8650	8649	8521
9	8522	8523	8651	8650	8522
9	8523	8524	8652	8651	8523
9	8524	8525	8653	8652	8524
9	8525	8526	8654	8653	8525
9	8526	8527	8655	8654	8526
9	8527	8528	8656	8655	8527
9	8528	8529	8657	8656	8528
9	8529	8530	8658	8657	8529
9	8530	8531	8659	8658	8530
9	8531	8532	8660	8659	8531
9	8532	8533	8661	8660	8532
9	8533	8534	8662	8661	8533
9	8534	8535	8663	8662	8534
9	8535	8536	8664	8663	8535
9	8536	8537	8665	8664	8536
9	8537	8538	8666	8665	8537
9	8538	8539	8667	8666	8538
9	8539	8540	8668	8667	8539
9	8540	8541	8669	8668	8540
9	8541	8542	8670	8669	8541
9	8542	8543	8671	8670	8542
9	8543	8544	8672	8671	8543
9	8544	8545	8673	8672	8544
9	8545	8546	8674	8673	8545
9	8546	8547	8675	8674	8546
9	8547	8548	8676	8675	8547
9	8548	8549	8677	8676	8548
9	8549	8550	8678	8677	8549
9	8550	8551	8679	8678	8550
9	8551	8552	8680	8679	8551
9	8552	8553	8681	8680	8552
9	8553	8554	8682	8681	8553
9	8554	8555	8683	8682	8554
9	8555	8556	8684	8683	8555
9	8556	8557	8685	8684	8556
9	8557	8558	8686	8685	8557
9	8558	8559	8687	8686	8558
9	8559	8560	8688	8687	8559
9	8560	8561	8689	8688	8560
9	8561	8562	8690	8689	8561
9	8562	8563	8691	8690	8562
9	8563	8564	8692	8691	8563
9	8564	8565	8693	8692	8564
9	8565	8566	8694	8693	8565
9	8566	8567	8695	8694	8566
9	8567	8568	8696	8695	8567
9	8568	8569	8697	8696	8568
9	8569	8570	8698	8697	8569
9	8570	8571	8699	8698	8570
9	8571	8572	8700	8699	8571
9	8572	8573	8701	8700	8572
9	8573	8574	8702	8701	8573
9	8574	8575	8703	8702	8574
9	8575	8448	8576	8703	8575
9	8576	8577	8705	8704	8576
9	8577	8578	8706	8705	8577
9	8578	8579	8707	8706	8578
9	8579	8580	8708	8707	8579
9	8580	8581	8709	8708	8580
9	8581	8582	8710	8709	8581
9	8582	8583	8711	8710	8582
9	8583	8584	8712	8711	8583
9	8584	8585	8713	8712	8584
9	8585	8586	8714	8713	8585
9	8586	8587	8715	8714	8586
9	8587	8588	8716	8715	8587
9	8588	8589	8717	8716	8588
9	8589	8590	8718	8717	8589
9	8590	8591	8719	8718	8590
9	8591	8592	8720	8719	8591
9	8592	8593	8721	8720	8592
9	8593	8594	8722	8721	8593
9	8594	8595	8723	8722	8594
9	8595	8596	8724	8723	8595
9	8596	8597	8725	8724	8596
9	8597	8598	8726	8725	8597
9	8598	8599	8727	8726	8598
9	8599	8600	8728	8727	8599
9	8600	8601	8729	8728	8600
9	8601	8602	8730	8729	8601
9	8602	8603	8731	8730	8602
9	8603	8604	8732	8731	8603
9	8604	8605	8733	8732	8604
9	8605	8606	8734	8733	8605
9	8606	8607	8735	8734	8606
9	8607	8608	8736	8735	8607
9	8608	8609	8737	8736	8608
9	8609	8610	8738	8737	8609
9	8610	8611	8739	8738	8610
9	8611	8612	8740	8739	8611
9	8612	8613	8741	8740	8612
9	8613	8614	8742	8741	8613
9	8614	8615	8743	8742	8614
9	8615	8616	8744	8743	8615
9	8616	8617	8745	8744	8616
9	8617	8618	8746	8745	8617
9	8618	8619	8747	8746	8618
9	8619	8620	8748	8747	8619
9	8620	8621	8749	8748	8620
9	8621	8622	8750	8749	8621
9	8622	8623	8751	8750	8622
9	8623	8624	8752	8751	8623
9	8624	8625	8753	8752	8624
9	8625	8626	8754	8753	8625
9	8626	8627	8755	8754	8626
9	8627	8628	8756	8755	8627
9	8628	8629	8757	8756	8628
9	8629	8630	8758	8757	8629
9	8630	8631	8759	8758	8630
9	8631	8632	8760	8759	8631
9	8632	8633	8761	8760	8632
9	8633	8634	8762	8761	8633
9	8634	8635	8763	8762	8634
9	8635	8636	8764	8763	8635
9	8636	8637	8765	8764	8636
9	8637	8638	8766	8765	8637
9	8638	8639	8767	8766	8638
9	8639	8640	8768	8767	8639
9	8640	8641	8769	8768	8640
9	8641	8642	8770	8769	8641
9	8642	8643	8771	8770	8642
9	8643	8644	8772	8771	8643
9	8644	8645	8773	8772	8644
9	8645	8646	8774	8773	8645
9	8646	8647	8775	8774	8646
9	8647	8648	8776	8775	8647
9	8648	8649	8777	8776	8648
9	8649	8650	8778	8777	8649
9	8650	8651	8779	8778	8650
9	8651	8652	8780	8779	8651
9	8652	8653	8781	8780	8652
9	8653	8654	8782	8781	8653
9	8654	8655	8783	8782	8654
9	8655	8656	8784	8783	8655
9	8656	8657	8785	8784	8656
9	8657	8658	8786	8785	8657
9	8658	8659	8787	8786	8658
9	8659	8660	8788	8787	8659
9	8660	8661	8789	8788	8660
9	8661	8662	8790	8789	8661
9	8662	8663	8791	8790	8662
9	8663	8664	8792	8791	8663
9	8664	8665	8793	8792	8664
9	8665	8666	8794	8793	8665
9	8666	8667	8795	8794	8666
9	8667	8668	8796	8795	8667
9	8668	8669	8797	8796	8668
9	8669	8670	8798	8797	8669
9	8670	8671	8799	8798	8670
9	8671	8672	8800	8799	8671
9	8672	8673	8801	8800	8672
9	8673	8674	8802	8801	8673
9	8674	8675	8803	8802	8674
9	8675	8676	8804	8803	8675
9	8676	8677	8805	8804	8676
9	8677	8678	8806	8805	8677
9	8678	8679	8807	8806	8678
9	8679	8680	8808	8807	8679
9	8680	8681	8809	8808	8680
9	8681	8682	8810	8809	8681
9	8682	8683	8811	8810	8682
9	8683	8684	8812	8811	8683
9	8684	8685	8813	8812	8684
9	8685	8686	8814	8813	8685
9	8686	8687	8815	8814	8686
9	8687	8688	8816	8815	8687
9	8688	8689	8817	8816	8688
9	8689	8690	8818	8817	8689
9	8690	8691	8819	8818	8690
9	8691	8692	8820	8819	8691
9	8692	8693	8821	8820	8692
9	8693	8694	8822	8821	8693
9	8694	8695	8823	8822	8694
9	8695	8696	8824	8823	8695
9	8696	8697	8825	8824	8696
9	8697	8698	8826	8825	8697
9	8698	8699	8827	8826	8698
9	8699	8700	8828	8827	8699
9	8700	8701	8829	8828	8700
9	8701	8702	8830	8829	8701
9	8702	8703	8831	8830	8702
9	8703	8576	8704	8831	8703
9	8704	8705	8833	8832	8704
9	8705	8706	8834	8833	8705
9	8706	8707	8835	8834	8706
9	8707	8708	8836	8835	8707
9	8708	8709	8837	8836	8708
9	8709	8710	8838	8837	8709
9	8710	8711	8839	8838	8710
9	8711	8712	8840	8839	8711
9	8712	8713	8841	8840	8712
9	8713	8714	8842	8841	8713
9	8714	8715	8843	8842	8714
9	8715	8716	8844	8843	8715
9	8716	8717	8845	8844	8716
9	8717	8718	8846	8845	8717
9	8718	8719	8847	8846	8718
9	8719	8720	8848	8847	8719
9	8720	8721	8849	8848	8720
9	8721	8722	8850	8849	8721
9	8722	8723	8851	8850	8722
9	8723	8724	8852	8851	8723
9	8724	8725	8853	8852	8724
9	8725	8726	8854	8853	8725
9	8726	8727	8855	8854	8726
9	8727	8728	8856	8855	8727
9	8728	8729	8857	8856	8728
9	8729	8730	8858	8857	8729
9	8730	8731	8859	8858	8730
9	8731	8732	8860	8859	8731
9	8732	8733	8861	8860	8732
9	8733	8734	8862	8861	8733
9	8734	8735	8863	8862	8734
9	8735	8736	8864	8863	8735
9	8736	8737	8865	8864	8736
9	8737	8738	8866	8865	8737
9	8738	8739	8867	8866	8738
9	8739	8740	8868	8867	8739
9	8740	8741	8869	8868	8740
9	8741	8742	8870	8869	8741
9	8742	8743	8871	8870	8742
9	8743	8744	8872	8871	8743
9	8744	8745	8873	8872	8744
9	8745	8746	8874	8873	8745
9	8746	8747	8875	8874	8746
9	8747	8748	8876	8875	8747
9	8748	8749	8877	8876	8748
9	8749	8750	8878	8877	8749
9	8750	8751	8879	8878	8750
9	8751	8752	8880	8879	8751
9	8752	8753	8881	8880	8752
9	8753	8754	8882	8881	8753
9	8754	8755	8883	8882	8754
9	8755	8756	8884	8883	8755
9	8756	8757	8885	8884	8756
9	8757	8758	8886	8885	8757
9	8758	8759	8887	8886	8758
9	8759	8760	8888	8887	8759
9	8760	8761	8889	8888	8760
9	8761	8762	8890	8889	8761
9	8762	8763	8891	8890	8762
9	8763	8764	8892	8891	8763
9	8764	8765	8893	8892	8764
9	8765	8766	8894	8893	8765
9	8766	8767	8895	8894	8766
9	8767	8768	8896	8895	8767
9	8768	8769	8897	8896	8768
9	8769	8770	8898	8897	8769
9	8770	8771	8899	8898	8770
9	8771	8772	8900	8899	8771
9	8772	8773	8901	8900	8772
9	8773	8774	8902	8901	8773
9	8774	8775	8903	8902	8774
9	8775	8776	8904	8903	8775
9	8776	8777	8905	8904	8776
9	8777	8778	8906	8905	8777
9	8778	8779	8907	8906	8778
9	8779	8780	8908	8907	8779
9	8780	8781	8909	8908	8780
9	8781	8782	8910	8909	8781
9	8782	8783	8911	8910	8782
9	8783	8784	8912	8911	8783
9	8784	8785	8913	8912	8784
9	8785	8786	8914	8913	8785
9	8786	8787	8915	8914	8786
9	8787	8788	8916	8915	8787
9	8788	8789	8917	8916	8788
9	8789	8790	8918	8917	8789
9	8790	8791	8919	8918	8790
9	8791	8792	8920	8919	8791
9	8792	8793	8921	8920	8792
9	8793	8794	8922	8921	8793
9	8794	8795	8923	8922	8794
9	8795	8796	8924	8923	8795
9	8796	8797	8925	8924	8796
9	8797	8798	8926	8925	8797
9	8798	8799	8927	8926	8798
9	8799	8800	8928	8927	8799
9	8800	8801	8929	8928	8800
9	8801	8802	8930	8929	8801
9	8802	8803	8931	8930	8802
9	8803	8804	8932	8931	8803
9	8804	8805	8933	8932	8804
9	8805	8806	8934	8933	8805
9	8806	8807	8935	8934	8806
9	8807	8808	8936	8935	8807
9	8808	8809	8937	8936	8808
9	8809	8810	8938	8937	8809
9	8810	8811	8939	8938	8810
9	8811	8812	8940	8939	8811
9	8812	8813	8941	8940	8812
9	8813	8814	8942	8941	8813
9	8814	8815	8943	8942	8814
9	8815	8816	8944	8943	8815
9	8816	8817	8945	8944	8816
9	8817	8818	8946	8945	8817
9	8818	8819	8947	8946	8818
9	8819	8820	8948	8947	8819
9	8820	8821	8949	8948	8820
9	8821	8822	8950	8949	8821
9	8822	8823	8951	8950	8822
9	8823	8824	8952	8951	8823
9	8824	8825	8953	8952	8824
9	8825	8826	8954	8953	8825
9	8826	8827	8955	8954	8826
9	8827	8828	8956	8955	8827
9	8828	8829	8957	8956	8828
9	8829	8830	8958	8957	8829
9	8830	8831	8959	8958	8830
9	8831	8704	8832	8959	8831
9	8832	8833	8961	8960	8832
9	8833	8834	8962	8961	8833
9	8834	8835	8963	8962	8834
9	8835	8836	8964	8963	8835
9	8836	8837	8965	8964	8836
9	8837	8838	8966	8965	8837
9	8838	8839	8967	8966	8838
9	8839	8840	8968	8967	8839
9	8840	8841	8969	8968	8840
9	8841	8842	8970	8969	8841
9	8842	8843	8971	8970	8842
9	8843	8844	8972	8971	8843
9	8844	8845	8973	8972	8844
9	8845	8846	8974	8973	8845
9	8846	8847	8975	8974	8846
9	8847	8848	8976	8975	8847
9	8848	8849	8977	8976	8848
9	8849	8850	8978	8977	8849
9	8850	8851	8979	8978	8850
9	8851	8852	8980	8979	8851
9	8852	8853	8981	8980	8852
9	8853	8854	8982	8981	8853
9	8854	8855	8983	8982	8854
9	8855	8856	8984	8983	8855
9	8856	8857	8985	8984	8856
9	8857	8858	8986	8985	8857
9	8858	8859	8987	8986	8858
9	8859	8860	8988	8987	8859
9	8860	8861	8989	8988	8860
9	8861	8862	8990	8989	8861
9	8862	8863	8991	8990	8862
9	8863	8864	8992	8991	8863
9	8864	8865	8993	8992	8864
9	8865	8866	8994	8993	8865
9	8866	8867	8995	8994	8866
9	8867	8868	8996	8995	8867
9	8868	8869	8997	8996	8868
9	8869	8870	8998	8997	8869
9	8870	8871	8999	8998	8870
9	8871	8872	9000	8999	8871
9	8872	8873	9001	9000	8872
9	8873	8874	9002	9001	8873
9	8874	8875	9003	9002	8874
9	8875	8876	9004	9003	8875
9	8876	8877	9005	9004	8876
9	8877	8878	9006	9005	8877
9	8878	8879	9007	9006	8878
9	8879	8880	9008	9007	8879
9	8880	8881	9009	9008	8880
9	8881	8882	9010	9009	8881
9	8882	8883	9011	9010	8882
9	8883	8884	9012	9011	8883
9	8884	8885	9013	9012	8884
9	8885	8886	9014	9013	8885
9	8886	8887	9015	9014	8886
9	8887	8888	9016	9015	8887
9	8888	8889	9017	9016	8888
9	8889	8890	9018	9017	8889
9	8890	8891	9019	9018	8890
9	8891	8892	9020	9019	8891
9	8892	8893	9021	9020	8892
9	8893	8894	9022	9021	8893
9	8894	8895	9023	9022	8894
9	8895	8896	9024	9023	8895
9	8896	8897	9025	9024	8896
9	8897	8898	9026	9025	8897
9	8898	8899	9027	9026	8898
9	8899	8900	9028	9027	8899
9	8900	8901	9029	9028	8900
9	8901	8902	9030	9029	8901
9	8902	8903	9031	9030	8902
9	8903	8904	9032	9031	8903
9	8904	8905	9033	9032	8904
9	8905	8906	9034	9033	8905
9	8906	8907	9035	9034	8906
9	8907	8908	9036	9035	8907
9	8908	8909	9037	9036	8908
9	8909	8910	9038	9037	8909
9	8910	8911	9039	9038	8910
9	8911	8912	9040	9039	8911
9	8912	8913	9041	9040	8912
9	8913	8914	9042	9041	8913
9	8914	8915	9043	9042	8914
9	8915	8916	9044	9043	8915
9	8916	8917	9045	9044	8916
9	8917	8918	9046	9045	8917
9	8918	8919	9047	9046	8918
9	8919	8920	9048	9047	8919
9	8920	8921	9049	9048	8920
9	8921	8922	9050	9049	8921
9	8922	8923	9051	9050	8922
9	8923	8924	9052	9051	8923
9	8924	8925	9053	9052	8924
9	8925	8926	9054	9053	8925
9	8926	8927	9055	9054	8926
9	8927	8928	9056	9055	8927
9	8928	8929	9057	9056	8928
9	8929	8930	9058	9057	8929
9	8930	8931	9059	9058	8930
9	8931	8932	9060	9059	8931
9	8932	8933	9061	9060	8932
9	8933	8934	9062	9061	8933
9	8934	8935	9063	9062	8934
9	8935	8936	9064	9063	8935
9	8936	8937	9065	9064	8936
9	8937	8938	9066	9065	8937
9	8938	8939	9067	9066	8938
9	8939	8940	9068	9067	8939
9	8940	8941	9069	9068	8940
9	8941	8942	9070	9069	8941
9	8942	8943	9071	9070	8942
9	8943	8944	9072	9071	8943
9	8944	8945	9073	9072	8944
9	8945	8946	9074	9073	8945
9	8946	8947	9075	9074	8946
9	8947	8948	9076	9075	8947
9	8948	8949	9077	9076	8948
9	8949	8950	9078	9077	8949
9	8950	8951	9079	9078	8950
9	8951	8952	9080	9079	8951
9	8952	8953	9081	9080	8952
9	8953	8954	9082	9081	8953
9	8954	8955	9083	9082	8954
9	8955	8956	9084	9083	8955
9	8956	8957	9085	9084	8956
9	8957	8958	9086	9085	8957
9	8958	8959	9087	9086	8958
9	8959	8832	8960	9087	8959
9	8960	8961	9089	9088	8960
9	8961	8962	9090	9089	8961
9	8962	8963	9091	9090	8962
9	8963	8964	9092	9091	8963
9	8964	8965	9093	9092	8964
9	8965	8966	9094	9093	8965
9	8966	8967	9095	9094	8966
9	8967	8968	9096	9095	8967
9	8968	8969	9097	9096	8968
9	8969	8970	9098	9097	8969
9	8970	8971	9099	9098	8970
9	8971	8972	9100	9099	8971
9	8972	8973	9101	9100	8972
9	8973	8974	9102	9101	8973
9	8974	8975	9103	9102	8974
9	8975	8976	9104	9103	8975
9	8976	8977	9105	9104	8976
9	8977	8978	9106	9105	8977
9	8978	8979	9107	9106	8978
9	8979	8980	9108	9107	8979
9	8980	8981	9109	9108	8980
9	8981	8982	9110	9109	8981
9	8982	8983	9111	9110	8982
9	8983	8984	9112	9111	8983
9	8984	8985	9113	9112	8984
9	8985	8986	9114	9113	8985
9	8986	8987	9115	9114	8986
9	8987	8988	9116	9115	8987
9	8988	8989	9117	9116	8988
9	8989	8990	9118	9117	8989
9	8990	8991	9119	9118	8990
9	8991	8992	9120	9119	8991
9	8992	8993	9121	9120	8992
9	8993	8994	9122	9121	8993
9	8994	8995	9123	9122	8994
9	8995	8996	9124	9123	8995
9	8996	8997	9125	9124	8996
9	8997	8998	9126	9125	8997
9	8998	8999	9127	9126	8998
9	8999	9000	9128	9127	8999
9	9000	9001	9129	9128	9000
9	9001	9002	9130	9129	9001
9	9002	9003	9131	9130	9002
9	9003	9004	9132	9131	9003
9	9004	9005	9133	9132	9004
9	9005	9006	9134	9133	9005
9	9006	9007	9135	9134	9006
9	9007	9008	9136	9135	9007
9	9008	9009	9137	9136	9008
9	9009	9010	9138	9137	9009
9	9010	9011	9139	9138	9010
9	9011	9012	9140	9139	9011
9	9012	9013	9141	9140	9012
9	9013	9014	9142	9141	9013
9	9014	9015	9143	9142	9014
9	9015	9016	9144	9143	9015
9	9016	9017	9145	9144	9016
9	9017	9018	9146	9145	9017
9	9018	9019	9147	9146	9018
9	9019	9020	9148	9147	9019
9	9020	9021	9149	9148	9020
9	9021	9022	9150	9149	9021
9	9022	9023	9151	9150	9022
9	9023	9024	9152	9151	9023
9	9024	9025	9153	9152	9024
9	9025	9026	9154	9153	9025
9	9026	9027	9155	9154	9026
9	9027	9028	9156	9155	9027
9	9028	9029	9157	9156	9028
9	9029	9030	9158	9157	9029
9	9030	9031	9159	9158	9030
9	9031	9032	9160	9159	9031
9	9032	9033	9161	9160	9032
9	9033	9034	9162	9161	9033
9	9034	9035	9163	9162	9034
9	9035	9036	9164	9163	9035
9	9036	9037	9165	9164	9036
9	9037	9038	9166	9165	9037
9	9038	9039	9167	9166	9038
9	9039	9040	9168	9167	9039
9	9040	9041	9169	9168	9040
9	9041	9042	9170	9169	9041
9	9042	9043	9171	9170	9042
9	9043	9044	9172	9171	9043
9	9044	9045	9173	9172	9044
9	9045	9046	9174	9173	9045
9	9046	9047	9175	9174	9046
9	9047	9048	9176	9175	9047
9	9048	9049	9177	9176	9048
9	9049	9050	9178	9177	9049
9	9050	9051	9179	9178	9050
9	9051	9052	9180	9179	9051
9	9052	9053	9181	9180	9052
9	9053	9054	9182	9181	9053
9	9054	9055	9183	9182	9054
9	9055	9056	9184	9183	9055
9	9056	9057	9185	9184	9056
9	9057	9058	9186	9185	9057
9	9058	9059	9187	9186	9058
9	9059	9060	9188	9187	9059
9	9060	9061	9189	9188	9060
9	9061	9062	9190	9189	9061
9	9062	9063	9191	9190	9062
9	9063	9064	9192	9191	9063
9	9064	9065	9193	9192	9064
9	9065	9066	9194	9193	9065
9	9066	9067	9195	9194	9066
9	9067	9068	9196	9195	9067
9	9068	9069	9197	9196	9068
9	9069	9070	9198	9197	9069
9	9070	9071	9199	9198	9070
9	9071	9072	9200	9199	9071
9	9072	9073	9201	9200	9072
9	9073	9074	9202	9201	9073
9	9074	9075	9203	9202	9074
9	9075	9076	9204	9203	9075
9	9076	9077	9205	9204	9076
9	9077	9078	9206	9205	9077
9	9078	9079	9207	9206	9078
9	9079	9080	9208	9207	9079
9	9080	9081	9209	9208	9080
9	9081	9082	9210	9209	9081
9	9082	9083	9211	9210	9082
9	9083	9084	9212	9211	9083
9	9084	9085	9213	9212	9084
9	9085	9086	9214	9213	9085
9	9086	9087	9215	9214	9086
9	9087	8960	9088	9215	9087
9	9088	9089	9217	9216	9088
9	9089	9090	9218	9217	9089
9	9090	9091	9219	9218	9090
9	9091	9092	9220	9219	9091
9	9092	9093	9221	9220	9092
9	9093	9094	9222	9221	9093
9	9094	9095	9223	9222	9094
9	9095	9096	9224	9223	9095
9	9096	9097	9225	9224	9096
9	9097	9098	9226	9225	9097
9	9098	9099	9227	9226	9098
9	9099	9100	9228	9227	9099
9	9100	9101	9229	9228	9100
9	9101	9102	9230	9229	9101
9	9102	9103	9231	9230	9102
9	9103	9104	9232	9231	9103
9	9104	9105	9233	9232	9104
9	9105	9106	9234	9233	9105
9	9106	9107	9235	9234	9106
9	9107	9108	9236	9235	9107
9	9108	9109	9237	9236	9108
9	9109	9110	9238	9237	9109
9	9110	9111	9239	9238	9110
9	9111	9112	9240	9239	9111
9	9112	9113	9241	9240	9112
9	9113	9114	9242	9241	9113
9	9114	9115	9243	9242	9114
9	9115	9116	9244	9243	9115
9	9116	9117	9245	9244	9116
9	9117	9118	9246	9245	9117
9	9118	9119	9247	9246	9118
9	9119	9120	9248	9247	9119
9	9120	9121	9249	9248	9120
9	9121	9122	9250	9249	9121
9	9122	9123	9251	9250	9122
9	9123	9124	9252	9251	9123
9	9124	9125	9253	9252	9124
9	9125	9126	9254	9253	9125
9	9126	9127	9255	9254	9126
9	9127	9128	9256	9255	9127
9	9128	9129	9257	9256	9128
9	9129	9130	9258	9257	9129
9	9130	9131	9259	9258	9130
9	9131	9132	9260	9259	9131
9	9132	9133	9261	9260	9132
9	9133	9134	9262	9261	9133
9	9134	9135	9263	9262	9134
9	9135	9136	9264	9263	9135
9	9136	9137	9265	9264	9136
9	9137	9138	9266	9265	9137
9	9138	9139	9267	9266	9138
9	9139	9140	9268	9267	9139
9	9140	9141	9269	9268	9140
9	9141	9142	9270	9269	9141
9	9142	9143	9271	9270	9142
9	9143	9144	9272	9271	9143
9	9144	9145	9273	9272	9144
9	9145	9146	9274	9273	9145
9	9146	9147	9275	9274	9146
9	9147	9148	9276	9275	9147
9	9148	9149	9277	9276	9148
9	9149	9150	9278	9277	9149
9	9150	9151	9279	9278	9150
9	9151	9152	9280	9279	9151
9	9152	9153	9281	9280	9152
9	9153	9154	9282	9281	9153
9	9154	9155	9283	9282	9154
9	9155	9156	9284	9283	9155
9	9156	9157	9285	9284	9156
9	9157	9158	9286	9285	9157
9	9158	9159	9287	9286	9158
9	9159	9160	9288	9287	9159
9	9160	9161	9289	9288	9160
9	9161	9162	9290	9289	9161
9	9162	9163	9291	9290	9162
9	9163	9164	9292	9291	9163
9	9164	9165	9293	9292	9164
9	9165	9166	9294	9293	9165
9	9166	9167	9295	9294	9166
9	9167	9168	9296	9295	9167
9	9168	9169	9297	9296	9168
9	9169	9170	9298	9297	9169
9	9170	9171	9299	9298	9170
9	9171	9172	9300	9299	9171
9	9172	9173	9301	9300	9172
9	9173	9174	9302	9301	9173
9	9174	9175	9303	9302	9174
9	9175	9176	9304	9303	9175
9	9176	9177	9305	9304	9176
9	9177	9178	9306	9305	9177
9	9178	9179	9307	9306	9178
9	9179	9180	9308	9307	9179
9	9180	9181	9309	9308	9180
9	9181	9182	9310	9309	9181
9	9182	9183	9311	9310	9182
9	9183	9184	9312	9311	9183
9	9184	9185	9313	9312	9184
9	9185	9186	9314	9313	9185
9	9186	9187	9315	9314	9186
9	9187	9188	9316	9315	9187
9	9188	9189	9317	9316	9188
9	9189	9190	9318	9317	9189
9	9190	9191	9319	9318	9190
9	9191	9192	9320	9319	9191
9	9192	9193	9321	9320	9192
9	9193	9194	9322	9321	9193
9	9194	9195	9323	9322	9194
9	9195	9196	9324	9323	9195
9	9196	9197	9325	9324	9196
9	9197	9198	9326	9325	9197
9	9198	9199	9327	9326	9198
9	9199	9200	9328	9327	9199
9	9200	9201	9329	9328	9200
9	9201	9202	9330	9329	9201
9	9202	9203	9331	9330	9202
9	9203	9204	9332	9331	9203
9	9204	9205	9333	9332	9204
9	9205	9206	9334	9333	9205
9	9206	9207	9335	9334	9206
9	9207	9208	9336	9335	9207
9	9208	9209	9337	9336	9208
9	9209	9210	9338	9337	9209
9	9210	9211	9339	9338	9210
9	9211	9212	9340	9339	9211
9	9212	9213	9341	9340	9212
9	9213	9214	9342	9341	9213
9	9214	9215	9343	9342	9214
9	9215	9088	9216	9343	9215
9	9216	9217	9345	9344	9216
9	9217	9218	9346	9345	9217
9	9218	9219	9347	9346	9218
9	9219	9220	9348	9347	9219
9	9220	9221	9349	9348	9220
9	9221	9222	9350	9349	9221
9	9222	9223	9351	9350	9222
9	9223	9224	9352	9351	9223
9	9224	9225	9353	9352	9224
9	9225	9226	9354	9353	9225
9	9226	9227	9355	9354	9226
9	9227	9228	9356	9355	9227
9	9228	9229	9357	9356	9228
9	9229	9230	9358	9357	9229
9	9230	9231	9359	9358	9230
9	9231	9232	9360	9359	9231
9	9232	9233	9361	9360	9232
9	9233	9234	9362	9361	9233
9	9234	9235	9363	9362	9234
9	9235	9236	9364	9363	9235
9	9236	9237	9365	9364	9236
9	9237	9238	9366	9365	9237
9	9238	9239	9367	9366	9238
9	9239	9240	9368	9367	9239
9	9240	9241	9369	9368	9240
9	9241	9242	9370	9369	9241
9	9242	9243	9371	9370	9242
9	9243	9244	9372	9371	9243
9	9244	9245	9373	9372	9244
9	9245	9246	9374	9373	9245
9	9246	9247	9375	9374	9246
9	9247	9248	9376	9375	9247
9	9248	9249	9377	9376	9248
9	9249	9250	9378	9377	9249
9	9250	9251	9379	9378	9250
9	9251	9252	9380	9379	9251
9	9252	9253	9381	9380	9252
9	9253	9254	9382	9381	9253
9	9254	9255	9383	9382	9254
9	9255	9256	9384	9383	9255
9	9256	9257	9385	9384	9256
9	9257	9258	9386	9385	9257
9	9258	9259	9387	9386	9258
9	9259	9260	9388	9387	9259
9	9260	9261	9389	9388	9260
9	9261	9262	9390	9389	9261
9	9262	9263	9391	9390	9262
9	9263	9264	9392	9391	9263
9	9264	9265	9393	9392	9264
9	9265	9266	9394	9393	9265
9	9266	9267	9395	9394	9266
9	9267	9268	9396	9395	9267
9	9268	9269	9397	9396	9268
9	9269	9270	9398	9397	9269
9	9270	9271	9399	9398	9270
9	9271	9272	9400	9399	9271
9	9272	9273	9401	9400	9272
9	9273	9274	9402	9401	9273
9	9274	9275	9403	9402	9274
9	9275	9276	9404	9403	9275
9	9276	9277	9405	9404	9276
9	9277	9278	9406	9405	9277
9	9278	9279	9407	9406	9278
9	9279	9280	9408	9407	9279
9	9280	9281	9409	9408	9280
9	9281	9282	9410	9409	9281
9	9282	9283	9411	9410	9282
9	9283	9284	9412	9411	9283
9	9284	9285	9413	9412	9284
9	9285	9286	9414	9413	9285
9	9286	9287	9415	9414	9286
9	9287	9288	9416	9415	9287
9	9288	9289	9417	9416	9288
9	9289	9290	9418	9417	9289
9	9290	9291	9419	9418	9290
9	9291	9292	9420	9419	9291
9	9292	9293	9421	9420	9292
9	9293	9294	9422	9421	9293
9	9294	9295	9423	9422	9294
9	9295	9296	9424	9423	9295
9	9296	9297	9425	9424	9296
9	9297	9298	9426	9425	9297
9	9298	9299	9427	9426	9298
9	9299	9300	9428	9427	9299
9	9300	9301	9429	9428	9300
9	9301	9302	9430	9429	9301
9	9302	9303	9431	9430	9302
9	9303	9304	9432	9431	9303
9	9304	9305	9433	9432	9304
9	9305	9306	9434	9433	9305
9	9306	9307	9435	9434	9306
9	9307	9308	9436	9435	9307
9	9308	9309	9437	9436	9308
9	9309	9310	9438	9437	9309
9	9310	9311	9439	9438	9310
9	9311	9312	9440	9439	9311
9	9312	9313	9441	9440	9312
9	9313	9314	9442	9441	9313
9	9314	9315	9443	9442	9314
9	9315	9316	9444	9443	9315
9	9316	9317	9445	9444	9316
9	9317	9318	9446	9445	9317
9	9318	9319	9447	9446	9318
9	9319	9320	9448	9447	9319
9	9320	9321	9449	9448	9320
9	9321	9322	9450	9449	9321
9	9322	9323	9451	9450	9322
9	9323	9324	9452	9451	9323
9	9324	9325	9453	9452	9324
9	9325	9326	9454	9453	9325
9	9326	9327	9455	9454	9326
9	9327	9328	9456	9455	9327
9	9328	9329	9457	9456	9328
9	9329	9330	9458	9457	9329
9	9330	9331	9459	9458	9330
9	9331	9332	9460	9459	9331
9	9332	9333	9461	9460	9332
9	9333	9334	9462	9461	9333
9	9334	9335	9463	9462	9334
9	9335	9336	9464	9463	9335
9	9336	9337	9465	9464	9336
9	9337	9338	9466	9465	9337
9	9338	9339	9467	9466	9338
9	9339	9340	9468	9467	9339
9	9340	9341	9469	9468	9340
9	9341	9342	9470	9469	9341
9	9342	9343	9471	9470	9342
9	9343	9216	9344	9471	9343
9	9344	9345	9473	9472	9344
9	9345	9346	9474	9473	9345
9	9346	9347	9475	9474	9346
9	9347	9348	9476	9475	9347
9	9348	9349	9477	9476	9348
9	9349	9350	9478	9477	9349
9	9350	9351	9479	9478	9350
9	9351	9352	9480	9479	9351
9	9352	9353	9481	9480	9352
9	9353	9354	9482	9481	9353
9	9354	9355	9483	9482	9354
9	9355	9356	9484	9483	9355
9	9356	9357	9485	9484	9356
9	9357	9358	9486	9485	9357
9	9358	9359	9487	9486	9358
9	9359	9360	9488	9487	9359
9	9360	9361	9489	9488	9360
9	9361	9362	9490	9489	9361
9	9362	9363	9491	9490	9362
9	9363	9364	9492	9491	9363
9	9364	9365	9493	9492	9364
9	9365	9366	9494	9493	9365
9	9366	9367	9495	9494	9366
9	9367	9368	9496	9495	9367
9	9368	9369	9497	9496	9368
9	9369	9370	9498	9497	9369
9	9370	9371	9499	9498	9370
9	9371	9372	9500	9499	9371
9	9372	9373	9501	9500	9372
9	9373	9374	9502	9501	9373
9	9374	9375	9503	9502	9374
9	9375	9376	9504	9503	9375
9	9376	9377	9505	9504	9376
9	9377	9378	9506	9505	9377
9	9378	9379	9507	9506	9378
9	9379	9380	9508	9507	9379
9	9380	9381	9509	9508	9380
9	9381	9382	9510	9509	9381
9	9382	9383	9511	9510	9382
9	9383	9384	9512	9511	9383
9	9384	9385	9513	9512	9384
9	9385	9386	9514	9513	9385
9	9386	9387	9515	9514	9386
9	9387	9388	9516	9515	9387
9	9388	9389	9517	9516	9388
9	9389	9390	9518	9517	9389
9	9390	9391	9519	9518	9390
9	9391	9392	9520	9519	9391
9	9392	9393	9521	9520	9392
9	9393	9394	9522	9521	9393
9	9394	9395	9523	9522	9394
9	9395	9396	9524	9523	9395
9	9396	9397	9525	9524	9396
9	9397	9398	9526	9525	9397
9	9398	9399	9527	9526	9398
9	9399	9400	9528	9527	9399
9	9400	9401	9529	9528	9400
9	9401	9402	9530	9529	9401
9	9402	9403	9531	9530	9402
9	9403	9404	9532	9531	9403
9	9404	9405	9533	9532	9404
9	9405	9406	9534	9533	9405
9	9406	9407	9535	9534	9406
9	9407	9408	9536	9535	9407
9	9408	9409	9537	9536	9408
9	9409	9410	9538	9537	9409
9	9410	9411	9539	9538	9410
9	9411	9412	9540	9539	9411
9	9412	9413	9541	9540	9412
9	9413	9414	9542	9541	9413
9	9414	9415	9543	9542	9414
9	9415	9416	9544	9543	9415
9	9416	9417	9545	9544	9416
9	9417	9418	9546	9545	9417
9	9418	9419	9547	9546	9418
9	9419	9420	9548	9547	9419
9	9420	9421	9549	9548	9420
9	9421	9422	9550	9549	9421
9	9422	9423	9551	9550	9422
9	9423	9424	9552	9551	9423
9	9424	9425	9553	9552	9424
9	9425	9426	9554	9553	9425
9	9426	9427	9555	9554	9426
9	9427	9428	9556	9555	9427
9	9428	9429	9557	9556	9428
9	9429	9430	9558	9557	9429
9	9430	9431	9559	9558	9430
9	9431	9432	9560	9559	9431
9	9432	9433	9561	9560	9432
9	9433	9434	9562	9561	9433
9	9434	9435	9563	9562	9434
9	9435	9436	9564	9563	9435
9	9436	9437	9565	9564	9436
9	9437	9438	9566	9565	9437
9	9438	9439	9567	9566	9438
9	9439	9440	9568	9567	9439
9	9440	9441	9569	9568	9440
9	9441	9442	9570	9569	9441
9	9442	9443	9571	9570	9442
9	9443	9444	9572	9571	9443
9	9444	9445	9573	9572	9444
9	9445	9446	9574	9573	9445
9	9446	9447	9575	9574	9446
9	9447	9448	9576	9575	9447
9	9448	9449	9577	9576	9448
9	9449	9450	9578	9577	9449
9	9450	9451	9579	9578	9450
9	9451	9452	9580	9579	9451
9	9452	9453	9581	9580	9452
9	9453	9454	9582	9581	9453
9	9454	9455	9583	9582	9454
9	9455	9456	9584	9583	9455
9	9456	9457	9585	9584	9456
9	9457	9458	9586	9585	9457
9	9458	9459	9587	9586	9458
9	9459	9460	9588	9587	9459
9	9460	9461	9589	9588	9460
9	9461	9462	9590	9589	9461
9	9462	9463	9591	9590	9462
9	9463	9464	9592	9591	9463
9	9464	9465	9593	9592	9464
9	9465	9466	9594	9593	9465
9	9466	9467	9595	9594	9466
9	9467	9468	9596	9595	9467
9	9468	9469	9597	9596	9468
9	9469	9470	9598	9597	9469
9	9470	9471	9599	9598	9470
9	9471	9344	9472	9599	9471
9	9472	9473	9601	9600	9472
9	9473	9474	9602	9601	9473
9	9474	9475	9603	9602	9474
9	9475	9476	9604	9603	9475
9	9476	9477	9605	9604	9476
9	9477	9478	9606	9605	9477
9	9478	9479	9607	9606	9478
9	9479	9480	9608	9607	9479
9	9480	9481	9609	9608	9480
9	9481	9482	9610	9609	9481
9	9482	9483	9611	9610	9482
9	9483	9484	9612	9611	9483
9	9484	9485	9613	9612	9484
9	9485	9486	9614	9613	9485
9	9486	9487	9615	9614	9486
9	9487	9488	9616	9615	9487
9	9488	9489	9617	9616	9488
9	9489	9490	9618	9617	9489
9	9490	9491	9619	9618	9490
9	9491	9492	9620	9619	9491
9	9492	9493	9621	9620	9492
9	9493	9494	9622	9621	9493
9	9494	9495	9623	9622	9494
9	9495	9496	9624	9623	9495
9	9496	9497	9625	9624	9496
9	9497	9498	9626	9625	9497
9	9498	9499	9627	9626	9498
9	9499	9500	9628	9627	9499
9	9500	9501	9629	9628	9500
9	9501	9502	9630	9629	9501
9	9502	9503	9631	9630	9502
9	9503	9504	9632	9631	9503
9	9504	9505	9633	9632	9504
9	9505	9506	9634	9633	9505
9	9506	9507	9635	9634	9506
9	9507	9508	9636	9635	9507
9	9508	9509	9637	9636	9508
9	9509	9510	9638	9637	9509
9	9510	9511	9639	9638	9510
9	9511	9512	9640	9639	9511
9	9512	9513	9641	9640	9512
9	9513	9514	9642	9641	9513
9	9514	9515	9643	9642	9514
9	9515	9516	9644	9643	9515
9	9516	9517	9645	9644	9516
9	9517	9518	9646	9645	9517
9	9518	9519	9647	9646	9518
9	9519	9520	9648	9647	9519
9	9520	9521	9649	9648	9520
9	9521	9522	9650	9649	9521
9	9522	9523	9651	9650	9522
9	9523	9524	9652	9651	9523
9	9524	9525	9653	9652	9524
9	9525	9526	9654	9653	9525
9	9526	9527	9655	9654	9526
9	9527	9528	9656	9655	9527
9	9528	9529	9657	9656	9528
9	9529	9530	9658	9657	9529
9	9530	9531	9659	9658	9530
9	9531	9532	9660	9659	9531
9	9532	9533	9661	9660	9532
9	9533	9534	9662	9661	9533
9	9534	9535	9663	9662	9534
9	9535	9536	9664	9663	9535
9	9536	9537	9665	9664	9536
9	9537	9538	9666	9665	9537
9	9538	9539	9667	9666	9538
9	9539	9540	9668	9667	9539
9	9540	9541	9669	9668	9540
9	9541	9542	9670	9669	9541
9	9542	9543	9671	9670	9542
9	9543	9544	9672	9671	9543
9	9544	9545	9673	9672	9544
9	9545	9546	9674	9673	9545
9	9546	9547	9675	9674	9546
9	9547	9548	9676	9675	9547
9	9548	9549	9677	9676	9548
9	9549	9550	9678	9677	9549
9	9550	9551	9679	9678	9550
9	9551	9552	9680	9679	9551
9	9552	9553	9681	9680	9552
9	9553	9554	9682	9681	9553
9	9554	9555	9683	9682	9554
9	9555	9556	9684	9683	9555
9	9556	9557	9685	9684	9556
9	9557	9558	9686	9685	9557
9	9558	9559	9687	9686	9558
9	9559	9560	9688	9687	9559
9	9560	9561	9689	9688	9560
9	9561	9562	9690	9689	9561
9	9562	9563	9691	9690	9562
9	9563	9564	9692	9691	9563
9	9564	9565	9693	9692	9564
9	9565	9566	9694	9693	9565
9	9566	9567	9695	9694	9566
9	9567	9568	9696	9695	9567
9	9568	9569	9697	9696	9568
9	9569	9570	9698	9697	9569
9	9570	9571	9699	9698	9570
9	9571	9572	9700	9699	9571
9	9572	9573	9701	9700	9572
9	9573	9574	9702	9701	9573
9	9574	9575	9703	9702	9574
9	9575	9576	9704	9703	9575
9	9576	9577	9705	9704	9576
9	9577	9578	9706	9705	9577
9	9578	9579	9707	9706	9578
9	9579	9580	9708	9707	9579
9	9580	9581	9709	9708	9580
9	9581	9582	9710	9709	9581
9	9582	9583	9711	9710	9582
9	9583	9584	9712	9711	9583
9	9584	9585	9713	9712	9584
9	9585	9586	9714	9713	9585
9	9586	9587	9715	9714	9586
9	9587	9588	9716	9715	9587
9	9588	9589	9717	9716	9588
9	9589	9590	9718	9717	9589
9	9590	9591	9719	9718	9590
9	9591	9592	9720	9719	9591
9	9592	9593	9721	9720	9592
9	9593	9594	9722	9721	9593
9	9594	9595	9723	9722	9594
9	9595	9596	9724	9723	9595
9	9596	9597	9725	9724	9596
9	9597	9598	9726	9725	9597
9	9598	9599	9727	9726	9598
9	9599	9472	9600	9727	9599
9	9600	9601	9729	9728	9600
9	9601	9602	9730	9729	9601
9	9602	9603	9731	9730	9602
9	9603	9604	9732	9731	9603
9	9604	9605	9733	9732	9604
9	9605	9606	9734	9733	9605
9	9606	9607	9735	9734	9606
9	9607	9608	9736	9735	9607
9	9608	9609	9737	9736	9608
9	9609	9610	9738	9737	9609
9	9610	9611	9739	9738	9610
9	9611	9612	9740	9739	9611
9	9612	9613	9741	9740	9612
9	9613	9614	9742	9741	9613
9	9614	9615	9743	9742	9614
9	9615	9616	9744	9743	9615
9	9616	9617	9745	9744	9616
9	9617	9618	9746	9745	9617
9	9618	9619	9747	9746	9618
9	9619	9620	9748	9747	9619
9	9620	9621	9749	9748	9620
9	9621	9622	9750	9749	9621
9	9622	9623	9751	9750	9622
9	9623	9624	9752	9751	9623
9	9624	9625	9753	9752	9624
9	9625	9626	9754	9753	9625
9	9626	9627	9755	9754	9626
9	9627	9628	9756	9755	9627
9	9628	9629	9757	9756	9628
9	9629	9630	9758	9757	9629
9	9630	9631	9759	9758	9630
9	9631	9632	9760	9759	9631
9	9632	9633	9761	9760	9632
9	9633	9634	9762	9761	9633
9	9634	9635	9763	9762	9634
9	9635	9636	9764	9763	9635
9	9636	9637	9765	9764	9636
9	9637	9638	9766	9765	9637
9	9638	9639	9767	9766	9638
9	9639	9640	9768	9767	9639
9	9640	9641	9769	9768	9640
9	9641	9642	9770	9769	9641
9	9642	9643	9771	9770	9642
9	9643	9644	9772	9771	9643
9	9644	9645	9773	9772	9644
9	9645	9646	9774	9773	9645
9	9646	9647	9775	9774	9646
9	9647	9648	9776	9775	9647
9	9648	9649	9777	9776	9648
9	9649	9650	9778	9777	9649
9	9650	9651	9779	9778	9650
9	9651	9652	9780	9779	9651
9	9652	9653	9781	9780	9652
9	9653	9654	9782	9781	9653
9	9654	9655	9783	9782	9654
9	9655	9656	9784	9783	9655
9	9656	9657	9785	9784	9656
9	9657	9658	9786	9785	9657
9	9658	9659	9787	9786	9658
9	9659	9660	9788	9787	9659
9	9660	9661	9789	9788	9660
9	9661	9662	9790	9789	9661
9	9662	9663	9791	9790	9662
9	9663	9664	9792	9791	9663
9	9664	9665	9793	9792	9664
9	9665	9666	9794	9793	9665
9	9666	9667	9795	9794	9666
9	9667	9668	9796	9795	9667
9	9668	9669	9797	9796	9668
9	9669	9670	9798	9797	9669
9	9670	9671	9799	9798	9670
9	9671	9672	9800	9799	9671
9	9672	9673	9801	9800	9672
9	9673	9674	9802	9801	9673
9	9674	9675	9803	9802	9674
9	9675	9676	9804	9803	9675
9	9676	9677	9805	9804	9676
9	9677	9678	9806	9805	9677
9	9678	9679	9807	9806	9678
9	9679	9680	9808	9807	9679
9	9680	9681	9809	9808	9680
9	9681	9682	9810	9809	9681
9	9682	9683	9811	9810	9682
9	9683	9684	9812	9811	9683
9	9684	9685	9813	9812	9684
9	9685	9686	9814	9813	9685
9	9686	9687	9815	9814	9686
9	9687	9688	9816	9815	9687
9	9688	9689	9817	9816	9688
9	9689	9690	9818	9817	9689
9	9690	9691	9819	9818	9690
9	9691	9692	9820	9819	9691
9	9692	9693	9821	9820	9692
9	9693	9694	9822	9821	9693
9	9694	9695	9823	9822	9694
9	9695	9696	9824	9823	9695
9	9696	9697	9825	9824	9696
9	9697	9698	9826	9825	9697
9	9698	9699	9827	9826	9698
9	9699	9700	9828	9827	9699
9	9700	9701	9829	9828	9700
9	9701	9702	9830	9829	9701
9	9702	9703	9831	9830	9702
9	9703	9704	9832	9831	9703
9	9704	9705	9833	9832	9704
9	9705	9706	9834	9833	9705
9	9706	9707	9835	9834	9706
9	9707	9708	9836	9835	9707
9	9708	9709	9837	9836	9708
9	9709	9710	9838	9837	9709
9	9710	9711	9839	9838	9710
9	9711	9712	9840	9839	9711
9	9712	9713	9841	9840	9712
9	9713	9714	9842	9841	9713
9	9714	9715	9843	9842	9714
9	9715	9716	9844	9843	9715
9	9716	9717	9845	9844	9716
9	9717	9718	9846	9845	9717
9	9718	9719	9847	9846	9718
9	9719	9720	9848	9847	9719
9	9720	9721	9849	9848	9720
9	9721	9722	9850	9849	9721
9	9722	9723	9851	9850	9722
9	9723	9724	9852	9851	9723
9	9724	9725	9853	9852	9724
9	9725	9726	9854	9853	9725
9	9726	9727	9855	9854	9726
9	9727	9600	9728	9855	9727
9	9728	9729	9857	9856	9728
9	9729	9730	9858	9857	9729
9	9730	9731	9859	9858	9730
9	9731	9732	9860	9859	9731
9	9732	9733	9861	9860	9732
9	9733	9734	9862	9861	9733
9	9734	9735	9863	9862	9734
9	9735	9736	9864	9863	9735
9	9736	9737	9865	9864	9736
9	9737	9738	9866	9865	9737
9	9738	9739	9867	9866	9738
9	9739	9740	9868	9867	9739
9	9740	9741	9869	9868	9740
9	9741	9742	9870	9869	9741
9	9742	9743	9871	9870	9742
9	9743	9744	9872	9871	9743
9	9744	9745	9873	9872	9744
9	9745	9746	9874	9873	9745
9	9746	9747	9875	9874	9746
9	9747	9748	9876	9875	9747
9	9748	9749	9877	9876	9748
9	9749	9750	9878	9877	9749
9	9750	9751	9879	9878	9750
9	9751	9752	9880	9879	9751
9	9752	9753	9881	9880	9752
9	9753	9754	9882	9881	9753
9	9754	9755	9883	9882	9754
9	9755	9756	9884	9883	9755
9	9756	9757	9885	9884	9756
9	9757	9758	9886	9885	9757
9	9758	9759	9887	9886	9758
9	9759	9760	9888	9887	9759
9	9760	9761	9889	9888	9760
9	9761	9762	9890	9889	9761
9	9762	9763	9891	9890	9762
9	9763	9764	9892	9891	9763
9	9764	9765	9893	9892	9764
9	9765	9766	9894	9893	9765
9	9766	9767	9895	9894	9766
9	9767	9768	9896	9895	9767
9	9768	9769	9897	9896	9768
9	9769	9770	9898	9897	9769
9	9770	9771	9899	9898	9770
9	9771	9772	9900	9899	9771
9	9772	9773	9901	9900	9772
9	9773	9774	9902	9901	9773
9	9774	9775	9903	9902	9774
9	9775	9776	9904	9903	9775
9	9776	9777	9905	9904	9776
9	9777	9778	9906	9905	9777
9	9778	9779	9907	9906	9778
9	9779	9780	9908	9907	9779
9	9780	9781	9909	9908	9780
9	9781	9782	9910	9909	9781
9	9782	9783	9911	9910	9782
9	9783	9784	9912	9911	9783
9	9784	9785	9913	9912	9784
9	9785	9786	9914	9913	9785
9	9786	9787	9915	9914	9786
9	9787	9788	9916	9915	9787
9	9788	9789	9917	9916	9788
9	9789	9790	9918	9917	9789
9	9790	9791	9919	9918	9790
9	9791	9792	9920	9919	9791
9	9792	9793	9921	9920	9792
9	9793	9794	9922	9921	9793
9	9794	9795	9923	9922	9794
9	9795	9796	9924	9923	9795
9	9796	9797	9925	9924	9796
9	9797	9798	9926	9925	9797
9	9798	9799	9927	9926	9798
9	9799	9800	9928	9927	9799
9	9800	9801	9929	9928	9800
9	9801	9802	9930	9929	9801
9	9802	9803	9931	9930	9802
9	9803	9804	9932	9931	9803
9	9804	9805	9933	9932	9804
9	9805	9806	9934	9933	9805
9	9806	9807	9935	9934	9806
9	9807	9808	9936	9935	9807
9	9808	9809	9937	9936	9808
9	9809	9810	9938	9937	9809
9	9810	9811	9939	9938	9810
9	9811	9812	9940	9939	9811
9	9812	9813	9941	9940	9812
9	9813	9814	9942	9941	9813
9	9814	9815	9943	9942	9814
9	9815	9816	9944	9943	9815
9	9816	9817	9945	9944	9816
9	9817	9818	9946	9945	9817
9	9818	9819	9947	9946	9818
9	9819	9820	9948	9947	9819
9	9820	9821	9949	9948	9820
9	9821	9822	9950	9949	9821
9	9822	9823	9951	9950	9822
9	9823	9824	9952	9951	9823
9	9824	9825	9953	9952	9824
9	9825	9826	9954	9953	9825
9	9826	9827	9955	9954	9826
9	9827	9828	9956	9955	9827
9	9828	9829	9957	9956	9828
9	9829	9830	9958	9957	9829
9	9830	9831	9959	9958	9830
9	9831	9832	9960	9959	9831
9	9832	9833	9961	9960	9832
9	9833	9834	9962	9961	9833
9	9834	9835	9963	9962	9834
9	9835	9836	9964	9963	9835
9	9836	9837	9965	9964	9836
9	9837	9838	9966	9965	9837
9	9838	9839	9967	9966	9838
9	9839	9840	9968	9967	9839
9	9840	9841	9969	9968	9840
9	9841	9842	9970	9969	9841
9	9842	9843	9971	9970	9842
9	9843	9844	9972	9971	9843
9	9844	9845	9973	9972	9844
9	9845	9846	9974	9973	9845
9	9846	9847	9975	9974	9846
9	9847	9848	9976	9975	9847
9	9848	9849	9977	9976	9848
9	9849	9850	9978	9977	9849
9	9850	9851	9979	9978	9850
9	9851	9852	9980	9979	9851
9	9852	9853	9981	9980	9852
9	9853	9854	9982	9981	9853
9	9854	9855	9983	9982	9854
9	9855	9728	9856	9983	9855
9	9856	9857	9985	9984	9856
9	9857	9858	9986	9985	9857
9	9858	9859	9987	9986	9858
9	9859	9860	9988	9987	9859
9	9860	9861	9989	9988	9860
9	9861	9862	9990	9989	9861
9	9862	9863	9991	9990	9862
9	9863	9864	9992	9991	9863
9	9864	9865	9993	9992	9864
9	9865	9866	9994	9993	9865
9	9866	9867	9995	9994	9866
9	9867	9868	9996	9995	9867
9	9868	9869	9997	9996	9868
9	9869	9870	9998	9997	9869
9	9870	9871	9999	9998	9870
9	9871	9872	10000	9999	9871
9	9872	9873	10001	10000	9872
9	9873	9874	10002	10001	9873
9	9874	9875	10003	10002	9874
9	9875	9876	10004	10003	9875
9	9876	9877	10005	10004	9876
9	9877	9878	10006	10005	9877
9	9878	9879	10007	10006	9878
9	9879	9880	10008	10007	9879
9	9880	9881	10009	10008	9880
9	9881	9882	10010	10009	9881
9	9882	9883	10011	10010	9882
9	9883	9884	10012	10011	9883
9	9884	9885	10013	10012	9884
9	9885	9886	10014	10013	9885
9	9886	9887	10015	10014	9886
9	9887	9888	10016	10015	9887
9	9888	9889	10017	10016	9888
9	9889	9890	10018	10017	9889
9	9890	9891	10019	10018	9890
9	9891	9892	10020	10019	9891
9	9892	9893	10021	10020	9892
9	9893	9894	10022	10021	9893
9	9894	9895	10023	10022	9894
9	9895	9896	10024	10023	9895
9	9896	9897	10025	10024	9896
9	9897	9898	10026	10025	9897
9	9898	9899	10027	10026	9898
9	9899	9900	10028	10027	9899
9	9900	9901	10029	10028	9900
9	9901	9902	10030	10029	9901
9	9902	9903	10031	10030	9902
9	9903	9904	10032	10031	9903
9	9904	9905	10033	10032	9904
9	9905	9906	10034	10033	9905
9	9906	9907	10035	10034	9906
9	9907	9908	10036	10035	9907
9	9908	9909	10037	10036	9908
9	9909	9910	10038	10037	9909
9	9910	9911	10039	10038	9910
9	9911	9912	10040	10039	9911
9	9912	9913	10041	10040	9912
9	9913	9914	10042	10041	9913
9	9914	9915	10043	10042	9914
9	9915	9916	10044	10043	9915
9	9916	9917	10045	10044	9916
9	9917	9918	10046	10045	9917
9	9918	9919	10047	10046	9918
9	9919	9920	10048	10047	9919
9	9920	9921	10049	10048	9920
9	9921	9922	10050	10049	9921
9	9922	9923	10051	10050	9922
9	9923	9924	10052	10051	9923
9	9924	9925	10053	10052	9924
9	9925	9926	10054	10053	9925
9	9926	9927	10055	10054	9926
9	9927	9928	10056	10055	9927
9	9928	9929	10057	10056	9928
9	9929	9930	10058	10057	9929
9	9930	9931	10059	10058	9930
9	9931	9932	10060	10059	9931
9	9932	9933	10061	10060	9932
9	9933	9934	10062	10061	9933
9	9934	9935	10063	10062	9934
9	9935	9936	10064	10063	9935
9	9936	9937	10065	10064	9936
9	9937	9938	10066	10065	9937
9	9938	9939	10067	10066	9938
9	9939	9940	10068	10067	9939
9	9940	9941	10069	10068	9940
9	9941	9942	10070	10069	9941
9	9942	9943	10071	10070	9942
9	9943	9944	10072	10071	9943
9	9944	9945	10073	10072	9944
9	9945	9946	10074	10073	9945
9	9946	9947	10075	10074	9946
9	9947	9948	10076	10075	9947
9	9948	9949	10077	10076	9948
9	9949	9950	10078	10077	9949
9	9950	9951	10079	10078	9950
9	9951	9952	10080	10079	9951
9	9952	9953	10081	10080	9952
9	9953	9954	10082	10081	9953
9	9954	9955	10083	10082	9954
9	9955	9956	10084	10083	9955
9	9956	9957	10085	10084	9956
9	9957	9958	10086	10085	9957
9	9958	9959	10087	10086	9958
9	9959	9960	10088	10087	9959
9	9960	9961	10089	10088	9960
9	9961	9962	10090	10089	9961
9	9962	9963	10091	10090	9962
9	9963	9964	10092	10091	9963
9	9964	9965	10093	10092	9964
9	9965	9966	10094	10093	9965
9	9966	9967	10095	10094	9966
9	9967	9968	10096	10095	9967
9	9968	9969	10097	10096	9968
9	9969	9970	10098	10097	9969
9	9970	9971	10099	10098	9970
9	9971	9972	10100	10099	9971
9	9972	9973	10101	10100	9972
9	9973	9974	10102	10101	9973
9	9974	9975	10103	10102	9974
9	9975	9976	10104	10103	9975
9	9976	9977	10105	10104	9976
9	9977	9978	10106	10105	9977
9	9978	9979	10107	10106	9978
9	9979	9980	10108	10107	9979
9	9980	9981	10109	10108	9980
9	9981	9982	10110	10109	9981
9	9982	9983	10111	10110	9982
9	9983	9856	9984	10111	9983
9	9984	9985	10113	10112	9984
9	9985	9986	10114	10113	9985
9	9986	9987	10115	10114	9986
9	9987	9988	10116	10115	9987
9	9988	9989	10117	10116	9988
9	9989	9990	10118	10117	9989
9	9990	9991	10119	10118	9990
9	9991	9992	10120	10119	9991
9	9992	9993	10121	10120	9992
9	9993	9994	10122	10121	9993
9	9994	9995	10123	10122	9994
9	9995	9996	10124	10123	9995
9	9996	9997	10125	10124	9996
9	9997	9998	10126	10125	9997
9	9998	9999	10127	10126	9998
9	9999	10000	10128	10127	9999
9	10000	10001	10129	10128	10000
9	10001	10002	10130	10129	10001
9	10002	10003	10131	10130	10002
9	10003	10004	10132	10131	10003
9	10004	10005	10133	10132	10004
9	10005	10006	10134	10133	10005
9	10006	10007	10135	10134	10006
9	10007	10008	10136	10135	10007
9	10008	10009	10137	10136	10008
9	10009	10010	10138	10137	10009
9	10010	10011	10139	10138	10010
9	10011	10012	10140	10139	10011
9	10012	10013	10141	10140	10012
9	10013	10014	10142	10141	10013
9	10014	10015	10143	10142	10014
9	10015	10016	10144	10143	10015
9	10016	10017	10145	10144	10016
9	10017	10018	10146	10145	10017
9	10018	10019	10147	10146	10018
9	10019	10020	10148	10147	10019
9	10020	10021	10149	10148	10020
9	10021	10022	10150	10149	10021
9	10022	10023	10151	10150	10022
9	10023	10024	10152	10151	10023
9	10024	10025	10153	10152	10024
9	10025	10026	10154	10153	10025
9	10026	10027	10155	10154	10026
9	10027	10028	10156	10155	10027
9	10028	10029	10157	10156	10028
9	10029	10030	10158	10157	10029
9	10030	10031	10159	10158	10030
9	10031	10032	10160	10159	10031
9	10032	10033	10161	10160	10032
9	10033	10034	10162	10161	10033
9	10034	10035	10163	10162	10034
9	10035	10036	10164	10163	10035
9	10036	10037	10165	10164	10036
9	10037	10038	10166	10165	10037
9	10038	10039	10167	10166	10038
9	10039	10040	10168	10167	10039
9	10040	10041	10169	10168	10040
9	10041	10042	10170	10169	10041
9	10042	10043	10171	10170	10042
9	10043	10044	10172	10171	10043
9	10044	10045	10173	10172	10044
9	10045	10046	10174	10173	10045
9	10046	10047	10175	10174	10046
9	10047	10048	10176	10175	10047
9	10048	10049	10177	10176	10048
9	10049	10050	10178	10177	10049
9	10050	10051	10179	10178	10050
9	10051	10052	10180	10179	10051
9	10052	10053	10181	10180	10052
9	10053	10054	10182	10181	10053
9	10054	10055	10183	10182	10054
9	10055	10056	10184	10183	10055
9	10056	10057	10185	10184	10056
9	10057	10058	10186	10185	10057
9	10058	10059	10187	10186	10058
9	10059	10060	10188	10187	10059
9	10060	10061	10189	10188	10060
9	10061	10062	10190	10189	10061
9	10062	10063	10191	10190	10062
9	10063	10064	10192	10191	10063
9	10064	10065	10193	10192	10064
9	10065	10066	10194	10193	10065
9	10066	10067	10195	10194	10066
9	10067	10068	10196	10195	10067
9	10068	10069	10197	10196	10068
9	10069	10070	10198	10197	10069
9	10070	10071	10199	10198	10070
9	10071	10072	10200	10199	10071
9	10072	10073	10201	10200	10072
9	10073	10074	10202	10201	10073
9	10074	10075	10203	10202	10074
9	10075	10076	10204	10203	10075
9	10076	10077	10205	10204	10076
9	10077	10078	10206	10205	10077
9	10078	10079	10207	10206	10078
9	10079	10080	10208	10207	10079
9	10080	10081	10209	10208	10080
9	10081	10082	10210	10209	10081
9	10082	10083	10211	10210	10082
9	10083	10084	10212	10211	10083
9	10084	10085	10213	10212	10084
9	10085	10086	10214	10213	10085
9	10086	10087	10215	10214	10086
9	10087	10088	10216	10215	10087
9	10088	10089	10217	10216	10088
9	10089	10090	10218	10217	10089
9	10090	10091	10219	10218	10090
9	10091	10092	10220	10219	10091
9	10092	10093	10221	10220	10092
9	10093	10094	10222	10221	10093
9	10094	10095	10223	10222	10094
9	10095	10096	10224	10223	10095
9	10096	10097	10225	10224	10096
9	10097	10098	10226	10225	10097
9	10098	10099	10227	10226	10098
9	10099	10100	10228	10227	10099
9	10100	10101	10229	10228	10100
9	10101	10102	10230	10229	10101
9	10102	10103	10231	10230	10102
9	10103	10104	10232	10231	10103
9	10104	10105	10233	10232	10104
9	10105	10106	10234	10233	10105
9	10106	10107	10235	10234	10106
9	10107	10108	10236	10235	10107
9	10108	10109	10237	10236	10108
9	10109	10110	10238	10237	10109
9	10110	10111	10239	10238	10110
9	10111	9984	10112	10239	10111
9	10112	10113	10241	10240	10112
9	10113	10114	10242	10241	10113
9	10114	10115	10243	10242	10114
9	10115	10116	10244	10243	10115
9	10116	10117	10245	10244	10116
9	10117	10118	10246	10245	10117
9	10118	10119	10247	10246	10118
9	10119	10120	10248	10247	10119
9	10120	10121	10249	10248	10120
9	10121	10122	10250	10249	10121
9	10122	10123	10251	10250	10122
9	10123	10124	10252	10251	10123
9	10124	10125	10253	10252	10124
9	10125	10126	10254	10253	10125
9	10126	10127	10255	10254	10126
9	10127	10128	10256	10255	10127
9	10128	10129	10257	10256	10128
9	10129	10130	10258	10257	10129
9	10130	10131	10259	10258	10130
9	10131	10132	10260	10259	10131
9	10132	10133	10261	10260	10132
9	10133	10134	10262	10261	10133
9	10134	10135	10263	10262	10134
9	10135	10136	10264	10263	10135
9	10136	10137	10265	10264	10136
9	10137	10138	10266	10265	10137
9	10138	10139	10267	10266	10138
9	10139	10140	10268	10267	10139
9	10140	10141	10269	10268	10140
9	10141	10142	10270	10269	10141
9	10142	10143	10271	10270	10142
9	10143	10144	10272	10271	10143
9	10144	10145	10273	10272	10144
9	10145	10146	10274	10273	10145
9	10146	10147	10275	10274	10146
9	10147	10148	10276	10275	10147
9	10148	10149	10277	10276	10148
9	10149	10150	10278	10277	10149
9	10150	10151	10279	10278	10150
9	10151	10152	10280	10279	10151
9	10152	10153	10281	10280	10152
9	10153	10154	10282	10281	10153
9	10154	10155	10283	10282	10154
9	10155	10156	10284	10283	10155
9	10156	10157	10285	10284	10156
9	10157	10158	10286	10285	10157
9	10158	10159	10287	10286	10158
9	10159	10160	10288	10287	10159
9	10160	10161	10289	10288	10160
9	10161	10162	10290	10289	10161
9	10162	10163	10291	10290	10162
9	10163	10164	10292	10291	10163
9	10164	10165	10293	10292	10164
9	10165	10166	10294	10293	10165
9	10166	10167	10295	10294	10166
9	10167	10168	10296	10295	10167
9	10168	10169	10297	10296	10168
9	10169	10170	10298	10297	10169
9	10170	10171	10299	10298	10170
9	10171	10172	10300	10299	10171
9	10172	10173	10301	10300	10172
9	10173	10174	10302	10301	10173
9	10174	10175	10303	10302	10174
9	10175	10176	10304	10303	10175
9	10176	10177	10305	10304	10176
9	10177	10178	10306	10305	10177
9	10178	10179	10307	10306	10178
9	10179	10180	10308	10307	10179
9	10180	10181	10309	10308	10180
9	10181	10182	10310	10309	10181
9	10182	10183	10311	10310	10182
9	10183	10184	10312	10311	10183
9	10184	10185	10313	10312	10184
9	10185	10186	10314	10313	10185
9	10186	10187	10315	10314	10186
9	10187	10188	10316	10315	10187
9	10188	10189	10317	10316	10188
9	10189	10190	10318	10317	10189
9	10190	10191	10319	10318	10190
9	10191	10192	10320	10319	10191
9	10192	10193	10321	10320	10192
9	10193	10194	10322	10321	10193
9	10194	10195	10323	10322	10194
9	10195	10196	10324	10323	10195
9	10196	10197	10325	10324	10196
9	10197	10198	10326	10325	10197
9	10198	10199	10327	10326	10198
9	10199	10200	10328	10327	10199
9	10200	10201	10329	10328	10200
9	10201	10202	10330	10329	10201
9	10202	10203	10331	10330	10202
9	10203	10204	10332	10331	10203
9	10204	10205	10333	10332	10204
9	10205	10206	10334	10333	10205
9	10206	10207	10335	10334	10206
9	10207	10208	10336	10335	10207
9	10208	10209	10337	10336	10208
9	10209	10210	10338	10337	10209
9	10210	10211	10339	10338	10210
9	10211	10212	10340	10339	10211
9	10212	10213	10341	10340	10212
9	10213	10214	10342	10341	10213
9	10214	10215	10343	10342	10214
9	10215	10216	10344	10343	10215
9	10216	10217	10345	10344	10216
9	10217	10218	10346	10345	10217
9	10218	10219	10347	10346	10218
9	10219	10220	10348	10347	10219
9	10220	10221	10349	10348	10220
9	10221	10222	10350	10349	10221
9	10222	10223	10351	10350	10222
9	10223	10224	10352	10351	10223
9	10224	10225	10353	10352	10224
9	10225	10226	10354	10353	10225
9	10226	10227	10355	10354	10226
9	10227	10228	10356	10355	10227
9	10228	10229	10357	10356	10228
9	10229	10230	10358	10357	10229
9	10230	10231	10359	10358	10230
9	10231	10232	10360	10359	10231
9	10232	10233	10361	10360	10232
9	10233	10234	10362	10361	10233
9	10234	10235	10363	10362	10234
9	10235	10236	10364	10363	10235
9	10236	10237	10365	10364	10236
9	10237	10238	10366	10365	10237
9	10238	10239	10367	10366	10238
9	10239	10112	10240	10367	10239
9	10240	10241	10369	10368	10240
9	10241	10242	10370	10369	10241
9	10242	10243	10371	10370	10242
9	10243	10244	10372	10371	10243
9	10244	10245	10373	10372	10244
9	10245	10246	10374	10373	10245
9	10246	10247	10375	10374	10246
9	10247	10248	10376	10375	10247
9	10248	10249	10377	10376	10248
9	10249	10250	10378	10377	10249
9	10250	10251	10379	10378	10250
9	10251	10252	10380	10379	10251
9	10252	10253	10381	10380	10252
9	10253	10254	10382	10381	10253
9	10254	10255	10383	10382	10254
9	10255	10256	10384	10383	10255
9	10256	10257	10385	10384	10256
9	10257	10258	10386	10385	10257
9	10258	10259	10387	10386	10258
9	10259	10260	10388	10387	10259
9	10260	10261	10389	10388	10260
9	10261	10262	10390	10389	10261
9	10262	10263	10391	10390	10262
9	10263	10264	10392	10391	10263
9	10264	10265	10393	10392	10264
9	10265	10266	10394	10393	10265
9	10266	10267	10395	10394	10266
9	10267	10268	10396	10395	10267
9	10268	10269	10397	10396	10268
9	10269	10270	10398	10397	10269
9	10270	10271	10399	10398	10270
9	10271	10272	10400	10399	10271
9	10272	10273	10401	10400	10272
9	10273	10274	10402	10401	10273
9	10274	10275	10403	10402	10274
9	10275	10276	10404	10403	10275
9	10276	10277	10405	10404	10276
9	10277	10278	10406	10405	10277
9	10278	10279	10407	10406	10278
9	10279	10280	10408	10407	10279
9	10280	10281	10409	10408	10280
9	10281	10282	10410	10409	10281
9	10282	10283	10411	10410	10282
9	10283	10284	10412	10411	10283
9	10284	10285	10413	10412	10284
9	10285	10286	10414	10413	10285
9	10286	10287	10415	10414	10286
9	10287	10288	10416	10415	10287
9	10288	10289	10417	10416	10288
9	10289	10290	10418	10417	10289
9	10290	10291	10419	10418	10290
9	10291	10292	10420	10419	10291
9	10292	10293	10421	10420	10292
9	10293	10294	10422	10421	10293
9	10294	10295	10423	10422	10294
9	10295	10296	10424	10423	10295
9	10296	10297	10425	10424	10296
9	10297	10298	10426	10425	10297
9	10298	10299	10427	10426	10298
9	10299	10300	10428	10427	10299
9	10300	10301	10429	10428	10300
9	10301	10302	10430	10429	10301
9	10302	10303	10431	10430	10302
9	10303	10304	10432	10431	10303
9	10304	10305	10433	10432	10304
9	10305	10306	10434	10433	10305
9	10306	10307	10435	10434	10306
9	10307	10308	10436	10435	10307
9	10308	10309	10437	10436	10308
9	10309	10310	10438	10437	10309
9	10310	10311	10439	10438	10310
9	10311	10312	10440	10439	10311
9	10312	10313	10441	10440	10312
9	10313	10314	10442	10441	10313
9	10314	10315	10443	10442	10314
9	10315	10316	10444	10443	10315
9	10316	10317	10445	10444	10316
9	10317	10318	10446	10445	10317
9	10318	10319	10447	10446	10318
9	10319	10320	10448	10447	10319
9	10320	10321	10449	10448	10320
9	10321	10322	10450	10449	10321
9	10322	10323	10451	10450	10322
9	10323	10324	10452	10451	10323
9	10324	10325	10453	10452	10324
9	10325	10326	10454	10453	10325
9	10326	10327	10455	10454	10326
9	10327	10328	10456	10455	10327
9	10328	10329	10457	10456	10328
9	10329	10330	10458	10457	10329
9	10330	10331	10459	10458	10330
9	10331	10332	10460	10459	10331
9	10332	10333	10461	10460	10332
9	10333	10334	10462	10461	10333
9	10334	10335	10463	10462	10334
9	10335	10336	10464	10463	10335
9	10336	10337	10465	10464	10336
9	10337	10338	10466	10465	10337
9	10338	10339	10467	10466	10338
9	10339	10340	10468	10467	10339
9	10340	10341	10469	10468	10340
9	10341	10342	10470	10469	10341
9	10342	10343	10471	10470	10342
9	10343	10344	10472	10471	10343
9	10344	10345	10473	10472	10344
9	10345	10346	10474	10473	10345
9	10346	10347	10475	10474	10346
9	10347	10348	10476	10475	10347
9	10348	10349	10477	10476	10348
9	10349	10350	10478	10477	10349
9	10350	10351	10479	10478	10350
9	10351	10352	10480	10479	10351
9	10352	10353	10481	10480	10352
9	10353	10354	10482	10481	10353
9	10354	10355	10483	10482	10354
9	10355	10356	10484	10483	10355
9	10356	10357	10485	10484	10356
9	10357	10358	10486	10485	10357
9	10358	10359	10487	10486	10358
9	10359	10360	10488	10487	10359
9	10360	10361	10489	10488	10360
9	10361	10362	10490	10489	10361
9	10362	10363	10491	10490	10362
9	10363	10364	10492	10491	10363
9	10364	10365	10493	10492	10364
9	10365	10366	10494	10493	10365
9	10366	10367	10495	10494	10366
9	10367	10240	10368	10495	10367
9	10368	10369	10497	10496	10368
9	10369	10370	10498	10497	10369
9	10370	10371	10499	10498	10370
9	10371	10372	10500	10499	10371
9	10372	10373	10501	10500	10372
9	10373	10374	10502	10501	10373
9	10374	10375	10503	10502	10374
9	10375	10376	10504	10503	10375
9	10376	10377	10505	10504	10376
9	10377	10378	10506	10505	10377
9	10378	10379	10507	10506	10378
9	10379	10380	10508	10507	10379
9	10380	10381	10509	10508	10380
9	10381	10382	10510	10509	10381
9	10382	10383	10511	10510	10382
9	10383	10384	10512	10511	10383
9	10384	10385	10513	10512	10384
9	10385	10386	10514	10513	10385
9	10386	10387	10515	10514	10386
9	10387	10388	10516	10515	10387
9	10388	10389	10517	10516	10388
9	10389	10390	10518	10517	10389
9	10390	10391	10519	10518	10390
9	10391	10392	10520	10519	10391
9	10392	10393	10521	10520	10392
9	10393	10394	10522	10521	10393
9	10394	10395	10523	10522	10394
9	10395	10396	10524	10523	10395
9	10396	10397	10525	10524	10396
9	10397	10398	10526	10525	10397
9	10398	10399	10527	10526	10398
9	10399	10400	10528	10527	10399
9	10400	10401	10529	10528	10400
9	10401	10402	10530	10529	10401
9	10402	10403	10531	10530	10402
9	10403	10404	10532	10531	10403
9	10404	10405	10533	10532	10404
9	10405	10406	10534	10533	10405
9	10406	10407	10535	10534	10406
9	10407	10408	10536	10535	10407
9	10408	10409	10537	10536	10408
9	10409	10410	10538	10537	10409
9	10410	10411	10539	10538	10410
9	10411	10412	10540	10539	10411
9	10412	10413	10541	10540	10412
9	10413	10414	10542	10541	10413
9	10414	10415	10543	10542	10414
9	10415	10416	10544	10543	10415
9	10416	10417	10545	10544	10416
9	10417	10418	10546	10545	10417
9	10418	10419	10547	10546	10418
9	10419	10420	10548	10547	10419
9	10420	10421	10549	10548	10420
9	10421	10422	10550	10549	10421
9	10422	10423	10551	10550	10422
9	10423	10424	10552	10551	10423
9	10424	10425	10553	10552	10424
9	10425	10426	10554	10553	10425
9	10426	10427	10555	10554	10426
9	10427	10428	10556	10555	10427
9	10428	10429	10557	10556	10428
9	10429	10430	10558	10557	10429
9	10430	10431	10559	10558	10430
9	10431	10432	10560	10559	10431
9	10432	10433	10561	10560	10432
9	10433	10434	10562	10561	10433
9	10434	10435	10563	10562	10434
9	10435	10436	10564	10563	10435
9	10436	10437	10565	10564	10436
9	10437	10438	10566	10565	10437
9	10438	10439	10567	10566	10438
9	10439	10440	10568	10567	10439
9	10440	10441	10569	10568	10440
9	10441	10442	10570	10569	10441
9	10442	10443	10571	10570	10442
9	10443	10444	10572	10571	10443
9	10444	10445	10573	10572	10444
9	10445	10446	10574	10573	10445
9	10446	10447	10575	10574	10446
9	10447	10448	10576	10575	10447
9	10448	10449	10577	10576	10448
9	10449	10450	10578	10577	10449
9	10450	10451	10579	10578	10450
9	10451	10452	10580	10579	10451
9	10452	10453	10581	10580	10452
9	10453	10454	10582	10581	10453
9	10454	10455	10583	10582	10454
9	10455	10456	10584	10583	10455
9	10456	10457	10585	10584	10456
9	10457	10458	10586	10585	10457
9	10458	10459	10587	10586	10458
9	10459	10460	10588	10587	10459
9	10460	10461	10589	10588	10460
9	10461	10462	10590	10589	10461
9	10462	10463	10591	10590	10462
9	10463	10464	10592	10591	10463
9	10464	10465	10593	10592	10464
9	10465	10466	10594	10593	10465
9	10466	10467	10595	10594	10466
9	10467	10468	10596	10595	10467
9	10468	10469	10597	10596	10468
9	10469	10470	10598	10597	10469
9	10470	10471	10599	10598	10470
9	10471	10472	10600	10599	10471
9	10472	10473	10601	10600	10472
9	10473	10474	10602	10601	10473
9	10474	10475	10603	10602	10474
9	10475	10476	10604	10603	10475
9	10476	10477	10605	10604	10476
9	10477	10478	10606	10605	10477
9	10478	10479	10607	10606	10478
9	10479	10480	10608	10607	10479
9	10480	10481	10609	10608	10480
9	10481	10482	10610	10609	10481
9	10482	10483	10611	10610	10482
9	10483	10484	10612	10611	10483
9	10484	10485	10613	10612	10484
9	10485	10486	10614	10613	10485
9	10486	10487	10615	10614	10486
9	10487	10488	10616	10615	10487
9	10488	10489	10617	10616	10488
9	10489	10490	10618	10617	10489
9	10490	10491	10619	10618	10490
9	10491	10492	10620	10619	10491
9	10492	10493	10621	10620	10492
9	10493	10494	10622	10621	10493
9	10494	10495	10623	10622	10494
9	10495	10368	10496	10623	10495
9	10496	10497	10625	10624	10496
9	10497	10498	10626	10625	10497
9	10498	10499	10627	10626	10498
9	10499	10500	10628	10627	10499
9	10500	10501	10629	10628	10500
9	10501	10502	10630	10629	10501
9	10502	10503	10631	10630	10502
9	10503	10504	10632	10631	10503
9	10504	10505	10633	10632	10504
9	10505	10506	10634	10633	10505
9	10506	10507	10635	10634	10506
9	10507	10508	10636	10635	10507
9	10508	10509	10637	10636	10508
9	10509	10510	10638	10637	10509
9	10510	10511	10639	10638	10510
9	10511	10512	10640	10639	10511
9	10512	10513	10641	10640	10512
9	10513	10514	10642	10641	10513
9	10514	10515	10643	10642	10514
9	10515	10516	10644	10643	10515
9	10516	10517	10645	10644	10516
9	10517	10518	10646	10645	10517
9	10518	10519	10647	10646	10518
9	10519	10520	10648	10647	10519
9	10520	10521	10649	10648	10520
9	10521	10522	10650	10649	10521
9	10522	10523	10651	10650	10522
9	10523	10524	10652	10651	10523
9	10524	10525	10653	10652	10524
9	10525	10526	10654	10653	10525
9	10526	10527	10655	10654	10526
9	10527	10528	10656	10655	10527
9	10528	10529	10657	10656	10528
9	10529	10530	10658	10657	10529
9	10530	10531	10659	10658	10530
9	10531	10532	10660	10659	10531
9	10532	10533	10661	10660	10532
9	10533	10534	10662	10661	10533
9	10534	10535	10663	10662	10534
9	10535	10536	10664	10663	10535
9	10536	10537	10665	10664	10536
9	10537	10538	10666	10665	10537
9	10538	10539	10667	10666	10538
9	10539	10540	10668	10667	10539
9	10540	10541	10669	10668	10540
9	10541	10542	10670	10669	10541
9	10542	10543	10671	10670	10542
9	10543	10544	10672	10671	10543
9	10544	10545	10673	10672	10544
9	10545	10546	10674	10673	10545
9	10546	10547	10675	10674	10546
9	10547	10548	10676	10675	10547
9	10548	10549	10677	10676	10548
9	10549	10550	10678	10677	10549
9	10550	10551	10679	10678	10550
9	10551	10552	10680	10679	10551
9	10552	10553	10681	10680	10552
9	10553	10554	10682	10681	10553
9	10554	10555	10683	10682	10554
9	10555	10556	10684	10683	10555
9	10556	10557	10685	10684	10556
9	10557	10558	10686	10685	10557
9	10558	10559	10687	10686	10558
9	10559	10560	10688	10687	10559
9	10560	10561	10689	10688	10560
9	10561	10562	10690	10689	10561
9	10562	10563	10691	10690	10562
9	10563	10564	10692	10691	10563
9	10564	10565	10693	10692	10564
9	10565	10566	10694	10693	10565
9	10566	10567	10695	10694	10566
9	10567	10568	10696	10695	10567
9	10568	10569	10697	10696	10568
9	10569	10570	10698	10697	10569
9	10570	10571	10699	10698	10570
9	10571	10572	10700	10699	10571
9	10572	10573	10701	10700	10572
9	10573	10574	10702	10701	10573
9	10574	10575	10703	10702	10574
9	10575	10576	10704	10703	10575
9	10576	10577	10705	10704	10576
9	10577	10578	10706	10705	10577
9	10578	10579	10707	10706	10578
9	10579	10580	10708	10707	10579
9	10580	10581	10709	10708	10580
9	10581	10582	10710	10709	10581
9	10582	10583	10711	10710	10582
9	10583	10584	10712	10711	10583
9	10584	10585	10713	10712	10584
9	10585	10586	10714	10713	10585
9	10586	10587	10715	10714	10586
9	10587	10588	10716	10715	10587
9	10588	10589	10717	10716	10588
9	10589	10590	10718	10717	10589
9	10590	10591	10719	10718	10590
9	10591	10592	10720	10719	10591
9	10592	10593	10721	10720	10592
9	10593	10594	10722	10721	10593
9	10594	10595	10723	10722	10594
9	10595	10596	10724	10723	10595
9	10596	10597	10725	10724	10596
9	10597	10598	10726	10725	10597
9	10598	10599	10727	10726	10598
9	10599	10600	10728	10727	10599
9	10600	10601	10729	10728	10600
9	10601	10602	10730	10729	10601
9	10602	10603	10731	10730	10602
9	10603	10604	10732	10731	10603
9	10604	10605	10733	10732	10604
9	10605	10606	10734	10733	10605
9	10606	10607	10735	10734	10606
9	10607	10608	10736	10735	10607
9	10608	10609	10737	10736	10608
9	10609	10610	10738	10737	10609
9	10610	10611	10739	10738	10610
9	10611	10612	10740	10739	10611
9	10612	10613	10741	10740	10612
9	10613	10614	10742	10741	10613
9	10614	10615	10743	10742	10614
9	10615	10616	10744	10743	10615
9	10616	10617	10745	10744	10616
9	10617	10618	10746	10745	10617
9	10618	10619	10747	10746	10618
9	10619	10620	10748	10747	10619
9	10620	10621	10749	10748	10620
9	10621	10622	10750	10749	10621
9	10622	10623	10751	10750	10622
9	10623	10496	10624	10751	10623
9	10624	10625	10753	10752	10624
9	10625	10626	10754	10753	10625
9	10626	10627	10755	10754	10626
9	10627	10628	10756	10755	10627
9	10628	10629	10757	10756	10628
9	10629	10630	10758	10757	10629
9	10630	10631	10759	10758	10630
9	10631	10632	10760	10759	10631
9	10632	10633	10761	10760	10632
9	10633	10634	10762	10761	10633
9	10634	10635	10763	10762	10634
9	10635	10636	10764	10763	10635
9	10636	10637	10765	10764	10636
9	10637	10638	10766	10765	10637
9	10638	10639	10767	10766	10638
9	10639	10640	10768	10767	10639
9	10640	10641	10769	10768	10640
9	10641	10642	10770	10769	10641
9	10642	10643	10771	10770	10642
9	10643	10644	10772	10771	10643
9	10644	10645	10773	10772	10644
9	10645	10646	10774	10773	10645
9	10646	10647	10775	10774	10646
9	10647	10648	10776	10775	10647
9	10648	10649	10777	10776	10648
9	10649	10650	10778	10777	10649
9	10650	10651	10779	10778	10650
9	10651	10652	10780	10779	10651
9	10652	10653	10781	10780	10652
9	10653	10654	10782	10781	10653
9	10654	10655	10783	10782	10654
9	10655	10656	10784	10783	10655
9	10656	10657	10785	10784	10656
9	10657	10658	10786	10785	10657
9	10658	10659	10787	10786	10658
9	10659	10660	10788	10787	10659
9	10660	10661	10789	10788	10660
9	10661	10662	10790	10789	10661
9	10662	10663	10791	10790	10662
9	10663	10664	10792	10791	10663
9	10664	10665	10793	10792	10664
9	10665	10666	10794	10793	10665
9	10666	10667	10795	10794	10666
9	10667	10668	10796	10795	10667
9	10668	10669	10797	10796	10668
9	10669	10670	10798	10797	10669
9	10670	10671	10799	10798	10670
9	10671	10672	10800	10799	10671
9	10672	10673	10801	10800	10672
9	10673	10674	10802	10801	10673
9	10674	10675	10803	10802	10674
9	10675	10676	10804	10803	10675
9	10676	10677	10805	10804	10676
9	10677	10678	10806	10805	10677
9	10678	10679	10807	10806	10678
9	10679	10680	10808	10807	10679
9	10680	10681	10809	10808	10680
9	10681	10682	10810	10809	10681
9	10682	10683	10811	10810	10682
9	10683	10684	10812	10811	10683
9	10684	10685	10813	10812	10684
9	10685	10686	10814	10813	10685
9	10686	10687	10815	10814	10686
9	10687	10688	10816	10815	10687
9	10688	10689	10817	10816	10688
9	10689	10690	10818	10817	10689
9	10690	10691	10819	10818	10690
9	10691	10692	10820	10819	10691
9	10692	10693	10821	10820	10692
9	10693	10694	10822	10821	10693
9	10694	10695	10823	10822	10694
9	10695	10696	10824	10823	10695
9	10696	10697	10825	10824	10696
9	10697	10698	10826	10825	10697
9	10698	10699	10827	10826	10698
9	10699	10700	10828	10827	10699
9	10700	10701	10829	10828	10700
9	10701	10702	10830	10829	10701
9	10702	10703	10831	10830	10702
9	10703	10704	10832	10831	10703
9	10704	10705	10833	10832	10704
9	10705	10706	10834	10833	10705
9	10706	10707	10835	10834	10706
9	10707	10708	10836	10835	10707
9	10708	10709	10837	10836	10708
9	10709	10710	10838	10837	10709
9	10710	10711	10839	10838	10710
9	10711	10712	10840	10839	10711
9	10712	10713	10841	10840	10712
9	10713	10714	10842	10841	10713
9	10714	10715	10843	10842	10714
9	10715	10716	10844	10843	10715
9	10716	10717	10845	10844	10716
9	10717	10718	10846	10845	10717
9	10718	10719	10847	10846	10718
9	10719	10720	10848	10847	10719
9	10720	10721	10849	10848	10720
9	10721	10722	10850	10849	10721
9	10722	10723	10851	10850	10722
9	10723	10724	10852	10851	10723
9	10724	10725	10853	10852	10724
9	10725	10726	10854	10853	10725
9	10726	10727	10855	10854	10726
9	10727	10728	10856	10855	10727
9	10728	10729	10857	10856	10728
9	10729	10730	10858	10857	10729
9	10730	10731	10859	10858	10730
9	10731	10732	10860	10859	10731
9	10732	10733	10861	10860	10732
9	10733	10734	10862	10861	10733
9	10734	10735	10863	10862	10734
9	10735	10736	10864	10863	10735
9	10736	10737	10865	10864	10736
9	10737	10738	10866	10865	10737
9	10738	10739	10867	10866	10738
9	10739	10740	10868	10867	10739
9	10740	10741	10869	10868	10740
9	10741	10742	10870	10869	10741
9	10742	10743	10871	10870	10742
9	10743	10744	10872	10871	10743
9	10744	10745	10873	10872	10744
9	10745	10746	10874	10873	10745
9	10746	10747	10875	10874	10746
9	10747	10748	10876	10875	10747
9	10748	10749	10877	10876	10748
9	10749	10750	10878	10877	10749
9	10750	10751	10879	10878	10750
9	10751	10624	10752	10879	10751
9	10752	10753	10881	10880	10752
9	10753	10754	10882	10881	10753
9	10754	10755	10883	10882	10754
9	10755	10756	10884	10883	10755
9	10756	10757	10885	10884	10756
9	10757	10758	10886	10885	10757
9	10758	10759	10887	10886	10758
9	10759	10760	10888	10887	10759
9	10760	10761	10889	10888	10760
9	10761	10762	10890	10889	10761
9	10762	10763	10891	10890	10762
9	10763	10764	10892	10891	10763
9	10764	10765	10893	10892	10764
9	10765	10766	10894	10893	10765
9	10766	10767	10895	10894	10766
9	10767	10768	10896	10895	10767
9	10768	10769	10897	10896	10768
9	10769	10770	10898	10897	10769
9	10770	10771	10899	10898	10770
9	10771	10772	10900	10899	10771
9	10772	10773	10901	10900	10772
9	10773	10774	10902	10901	10773
9	10774	10775	10903	10902	10774
9	10775	10776	10904	10903	10775
9	10776	10777	10905	10904	10776
9	10777	10778	10906	10905	10777
9	10778	10779	10907	10906	10778
9	10779	10780	10908	10907	10779
9	10780	10781	10909	10908	10780
9	10781	10782	10910	10909	10781
9	10782	10783	10911	10910	10782
9	10783	10784	10912	10911	10783
9	10784	10785	10913	10912	10784
9	10785	10786	10914	10913	10785
9	10786	10787	10915	10914	10786
9	10787	10788	10916	10915	10787
9	10788	10789	10917	10916	10788
9	10789	10790	10918	10917	10789
9	10790	10791	10919	10918	10790
9	10791	10792	10920	10919	10791
9	10792	10793	10921	10920	10792
9	10793	10794	10922	10921	10793
9	10794	10795	10923	10922	10794
9	10795	10796	10924	10923	10795
9	10796	10797	10925	10924	10796
9	10797	10798	10926	10925	10797
9	10798	10799	10927	10926	10798
9	10799	10800	10928	10927	10799
9	10800	10801	10929	10928	10800
9	10801	10802	10930	10929	10801
9	10802	10803	10931	10930	10802
9	10803	10804	10932	10931	10803
9	10804	10805	10933	10932	10804
9	10805	10806	10934	10933	10805
9	10806	10807	10935	10934	10806
9	10807	10808	10936	10935	10807
9	10808	10809	10937	10936	10808
9	10809	10810	10938	10937	10809
9	10810	10811	10939	10938	10810
9	10811	10812	10940	10939	10811
9	10812	10813	10941	10940	10812
9	10813	10814	10942	10941	10813
9	10814	10815	10943	10942	10814
9	10815	10816	10944	10943	10815
9	10816	10817	10945	10944	10816
9	10817	10818	10946	10945	10817
9	10818	10819	10947	10946	10818
9	10819	10820	10948	10947	10819
9	10820	10821	10949	10948	10820
9	10821	10822	10950	10949	10821
9	10822	10823	10951	10950	10822
9	10823	10824	10952	10951	10823
9	10824	10825	10953	10952	10824
9	10825	10826	10954	10953	10825
9	10826	10827	10955	10954	10826
9	10827	10828	10956	10955	10827
9	10828	10829	10957	10956	10828
9	10829	10830	10958	10957	10829
9	10830	10831	10959	10958	10830
9	10831	10832	10960	10959	10831
9	10832	10833	10961	10960	10832
9	10833	10834	10962	10961	10833
9	10834	10835	10963	10962	10834
9	10835	10836	10964	10963	10835
9	10836	10837	10965	10964	10836
9	10837	10838	10966	10965	10837
9	10838	10839	10967	10966	10838
9	10839	10840	10968	10967	10839
9	10840	10841	10969	10968	10840
9	10841	10842	10970	10969	10841
9	10842	10843	10971	10970	10842
9	10843	10844	10972	10971	10843
9	10844	10845	10973	10972	10844
9	10845	10846	10974	10973	10845
9	10846	10847	10975	10974	10846
9	10847	10848	10976	10975	10847
9	10848	10849	10977	10976	10848
9	10849	10850	10978	10977	10849
9	10850	10851	10979	10978	10850
9	10851	10852	10980	10979	10851
9	10852	10853	10981	10980	10852
9	10853	10854	10982	10981	10853
9	10854	10855	10983	10982	10854
9	10855	10856	10984	10983	10855
9	10856	10857	10985	10984	10856
9	10857	10858	10986	10985	10857
9	10858	10859	10987	10986	10858
9	10859	10860	10988	10987	10859
9	10860	10861	10989	10988	10860
9	10861	10862	10990	10989	10861
9	10862	10863	10991	10990	10862
9	10863	10864	10992	10991	10863
9	10864	10865	10993	10992	10864
9	10865	10866	10994	10993	10865
9	10866	10867	10995	10994	10866
9	10867	10868	10996	10995	10867
9	10868	10869	10997	10996	10868
9	10869	10870	10998	10997	10869
9	10870	10871	10999	10998	10870
9	10871	10872	11000	10999	10871
9	10872	10873	11001	11000	10872
9	10873	10874	11002	11001	10873
9	10874	10875	11003	11002	10874
9	10875	10876	11004	11003	10875
9	10876	10877	11005	11004	10876
9	10877	10878	11006	11005	10877
9	10878	10879	11007	11006	10878
9	10879	10752	10880	11007	10879
9	10880	10881	11009	11008	10880
9	10881	10882	11010	11009	10881
9	10882	10883	11011	11010	10882
9	10883	10884	11012	11011	10883
9	10884	10885	11013	11012	10884
9	10885	10886	11014	11013	10885
9	10886	10887	11015	11014	10886
9	10887	10888	11016	11015	10887
9	10888	10889	11017	11016	10888
9	10889	10890	11018	11017	10889
9	10890	10891	11019	11018	10890
9	10891	10892	11020	11019	10891
9	10892	10893	11021	11020	10892
9	10893	10894	11022	11021	10893
9	10894	10895	11023	11022	10894
9	10895	10896	11024	11023	10895
9	10896	10897	11025	11024	10896
9	10897	10898	11026	11025	10897
9	10898	10899	11027	11026	10898
9	10899	10900	11028	11027	10899
9	10900	10901	11029	11028	10900
9	10901	10902	11030	11029	10901
9	10902	10903	11031	11030	10902
9	10903	10904	11032	11031	10903
9	10904	10905	11033	11032	10904
9	10905	10906	11034	11033	10905
9	10906	10907	11035	11034	10906
9	10907	10908	11036	11035	10907
9	10908	10909	11037	11036	10908
9	10909	10910	11038	11037	10909
9	10910	10911	11039	11038	10910
9	10911	10912	11040	11039	10911
9	10912	10913	11041	11040	10912
9	10913	10914	11042	11041	10913
9	10914	10915	11043	11042	10914
9	10915	10916	11044	11043	10915
9	10916	10917	11045	11044	10916
9	10917	10918	11046	11045	10917
9	10918	10919	11047	11046	10918
9	10919	10920	11048	11047	10919
9	10920	10921	11049	11048	10920
9	10921	10922	11050	11049	10921
9	10922	10923	11051	11050	10922
9	10923	10924	11052	11051	10923
9	10924	10925	11053	11052	10924
9	10925	10926	11054	11053	10925
9	10926	10927	11055	11054	10926
9	10927	10928	11056	11055	10927
9	10928	10929	11057	11056	10928
9	10929	10930	11058	11057	10929
9	10930	10931	11059	11058	10930
9	10931	10932	11060	11059	10931
9	10932	10933	11061	11060	10932
9	10933	10934	11062	11061	10933
9	10934	10935	11063	11062	10934
9	10935	10936	11064	11063	10935
9	10936	10937	11065	11064	10936
9	10937	10938	11066	11065	10937
9	10938	10939	11067	11066	10938
9	10939	10940	11068	11067	10939
9	10940	10941	11069	11068	10940
9	10941	10942	11070	11069	10941
9	10942	10943	11071	11070	10942
9	10943	10944	11072	11071	10943
9	10944	10945	11073	11072	10944
9	10945	10946	11074	11073	10945
9	10946	10947	11075	11074	10946
9	10947	10948	11076	11075	10947
9	10948	10949	11077	11076	10948
9	10949	10950	11078	11077	10949
9	10950	10951	11079	11078	10950
9	10951	10952	11080	11079	10951
9	10952	10953	11081	11080	10952
9	10953	10954	11082	11081	10953
9	10954	10955	11083	11082	10954
9	10955	10956	11084	11083	10955
9	10956	10957	11085	11084	10956
9	10957	10958	11086	11085	10957
9	10958	10959	11087	11086	10958
9	10959	10960	11088	11087	10959
9	10960	10961	11089	11088	10960
9	10961	10962	11090	11089	10961
9	10962	10963	11091	11090	10962
9	10963	10964	11092	11091	10963
9	10964	10965	11093	11092	10964
9	10965	10966	11094	11093	10965
9	10966	10967	11095	11094	10966
9	10967	10968	11096	11095	10967
9	10968	10969	11097	11096	10968
9	10969	10970	11098	11097	10969
9	10970	10971	11099	11098	10970
9	10971	10972	11100	11099	10971
9	10972	10973	11101	11100	10972
9	10973	10974	11102	11101	10973
9	10974	10975	11103	11102	10974
9	10975	10976	11104	11103	10975
9	10976	10977	11105	11104	10976
9	10977	10978	11106	11105	10977
9	10978	10979	11107	11106	10978
9	10979	10980	11108	11107	10979
9	10980	10981	11109	11108	10980
9	10981	10982	11110	11109	10981
9	10982	10983	11111	11110	10982
9	10983	10984	11112	11111	10983
9	10984	10985	11113	11112	10984
9	10985	10986	11114	11113	10985
9	10986	10987	11115	11114	10986
9	10987	10988	11116	11115	10987
9	10988	10989	11117	11116	10988
9	10989	10990	11118	11117	10989
9	10990	10991	11119	11118	10990
9	10991	10992	11120	11119	10991
9	10992	10993	11121	11120	10992
9	10993	10994	11122	11121	10993
9	10994	10995	11123	11122	10994
9	10995	10996	11124	11123	10995
9	10996	10997	11125	11124	10996
9	10997	10998	11126	11125	10997
9	10998	10999	11127	11126	10998
9	10999	11000	11128	11127	10999
9	11000	11001	11129	11128	11000
9	11001	11002	11130	11129	11001
9	11002	11003	11131	11130	11002
9	11003	11004	11132	11131	11003
9	11004	11005	11133	11132	11004
9	11005	11006	11134	11133	11005
9	11006	11007	11135	11134	11006
9	11007	10880	11008	11135	11007
9	11008	11009	11137	11136	11008
9	11009	11010	11138	11137	11009
9	11010	11011	11139	11138	11010
9	11011	11012	11140	11139	11011
9	11012	11013	11141	11140	11012
9	11013	11014	11142	11141	11013
9	11014	11015	11143	11142	11014
9	11015	11016	11144	11143	11015
9	11016	11017	11145	11144	11016
9	11017	11018	11146	11145	11017
9	11018	11019	11147	11146	11018
9	11019	11020	11148	11147	11019
9	11020	11021	11149	11148	11020
9	11021	11022	11150	11149	11021
9	11022	11023	11151	11150	11022
9	11023	11024	11152	11151	11023
9	11024	11025	11153	11152	11024
9	11025	11026	11154	11153	11025
9	11026	11027	11155	11154	11026
9	11027	11028	11156	11155	11027
9	11028	11029	11157	11156	11028
9	11029	11030	11158	11157	11029
9	11030	11031	11159	11158	11030
9	11031	11032	11160	11159	11031
9	11032	11033	11161	11160	11032
9	11033	11034	11162	11161	11033
9	11034	11035	11163	11162	11034
9	11035	11036	11164	11163	11035
9	11036	11037	11165	11164	11036
9	11037	11038	11166	11165	11037
9	11038	11039	11167	11166	11038
9	11039	11040	11168	11167	11039
9	11040	11041	11169	11168	11040
9	11041	11042	11170	11169	11041
9	11042	11043	11171	11170	11042
9	11043	11044	11172	11171	11043
9	11044	11045	11173	11172	11044
9	11045	11046	11174	11173	11045
9	11046	11047	11175	11174	11046
9	11047	11048	11176	11175	11047
9	11048	11049	11177	11176	11048
9	11049	11050	11178	11177	11049
9	11050	11051	11179	11178	11050
9	11051	11052	11180	11179	11051
9	11052	11053	11181	11180	11052
9	11053	11054	11182	11181	11053
9	11054	11055	11183	11182	11054
9	11055	11056	11184	11183	11055
9	11056	11057	11185	11184	11056
9	11057	11058	11186	11185	11057
9	11058	11059	11187	11186	11058
9	11059	11060	11188	11187	11059
9	11060	11061	11189	11188	11060
9	11061	11062	11190	11189	11061
9	11062	11063	11191	11190	11062
9	11063	11064	11192	11191	11063
9	11064	11065	11193	11192	11064
9	11065	11066	11194	11193	11065
9	11066	11067	11195	11194	11066
9	11067	11068	11196	11195	11067
9	11068	11069	11197	11196	11068
9	11069	11070	11198	11197	11069
9	11070	11071	11199	11198	11070
9	11071	11072	11200	11199	11071
9	11072	11073	11201	11200	11072
9	11073	11074	11202	11201	11073
9	11074	11075	11203	11202	11074
9	11075	11076	11204	11203	11075
9	11076	11077	11205	11204	11076
9	11077	11078	11206	11205	11077
9	11078	11079	11207	11206	11078
9	11079	11080	11208	11207	11079
9	11080	11081	11209	11208	11080
9	11081	11082	11210	11209	11081
9	11082	11083	11211	11210	11082
9	11083	11084	11212	11211	11083
9	11084	11085	11213	11212	11084
9	11085	11086	11214	11213	11085
9	11086	11087	11215	11214	11086
9	11087	11088	11216	11215	11087
9	11088	11089	11217	11216	11088
9	11089	11090	11218	11217	11089
9	11090	11091	11219	11218	11090
9	11091	11092	11220	11219	11091
9	11092	11093	11221	11220	11092
9	11093	11094	11222	11221	11093
9	11094	11095	11223	11222	11094
9	11095	11096	11224	11223	11095
9	11096	11097	11225	11224	11096
9	11097	11098	11226	11225	11097
9	11098	11099	11227	11226	11098
9	11099	11100	11228	11227	11099
9	11100	11101	11229	11228	11100
9	11101	11102	11230	11229	11101
9	11102	11103	11231	11230	11102
9	11103	11104	11232	11231	11103
9	11104	11105	11233	11232	11104
9	11105	11106	11234	11233	11105
9	11106	11107	11235	11234	11106
9	11107	11108	11236	11235	11107
9	11108	11109	11237	11236	11108
9	11109	11110	11238	11237	11109
9	11110	11111	11239	11238	11110
9	11111	11112	11240	11239	11111
9	11112	11113	11241	11240	11112
9	11113	11114	11242	11241	11113
9	11114	11115	11243	11242	11114
9	11115	11116	11244	11243	11115
9	11116	11117	11245	11244	11116
9	11117	11118	11246	11245	11117
9	11118	11119	11247	11246	11118
9	11119	11120	11248	11247	11119
9	11120	11121	11249	11248	11120
9	11121	11122	11250	11249	11121
9	11122	11123	11251	11250	11122
9	11123	11124	11252	11251	11123
9	11124	11125	11253	11252	11124
9	11125	11126	11254	11253	11125
9	11126	11127	11255	11254	11126
9	11127	11128	11256	11255	11127
9	11128	11129	11257	11256	11128
9	11129	11130	11258	11257	11129
9	11130	11131	11259	11258	11130
9	11131	11132	11260	11259	11131
9	11132	11133	11261	11260	11132
9	11133	11134	11262	11261	11133
9	11134	11135	11263	11262	11134
9	11135	11008	11136	11263	11135
9	11136	11137	11265	11264	11136
9	11137	11138	11266	11265	11137
9	11138	11139	11267	11266	11138
9	11139	11140	11268	11267	11139
9	11140	11141	11269	11268	11140
9	11141	11142	11270	11269	11141
9	11142	11143	11271	11270	11142
9	11143	11144	11272	11271	11143
9	11144	11145	11273	11272	11144
9	11145	11146	11274	11273	11145
9	11146	11147	11275	11274	11146
9	11147	11148	11276	11275	11147
9	11148	11149	11277	11276	11148
9	11149	11150	11278	11277	11149
9	11150	11151	11279	11278	11150
9	11151	11152	11280	11279	11151
9	11152	11153	11281	11280	11152
9	11153	11154	11282	11281	11153
9	11154	11155	11283	11282	11154
9	11155	11156	11284	11283	11155
9	11156	11157	11285	11284	11156
9	11157	11158	11286	11285	11157
9	11158	11159	11287	11286	11158
9	11159	11160	11288	11287	11159
9	11160	11161	11289	11288	11160
9	11161	11162	11290	11289	11161
9	11162	11163	11291	11290	11162
9	11163	11164	11292	11291	11163
9	11164	11165	11293	11292	11164
9	11165	11166	11294	11293	11165
9	11166	11167	11295	11294	11166
9	11167	11168	11296	11295	11167
9	11168	11169	11297	11296	11168
9	11169	11170	11298	11297	11169
9	11170	11171	11299	11298	11170
9	11171	11172	11300	11299	11171
9	11172	11173	11301	11300	11172
9	11173	11174	11302	11301	11173
9	11174	11175	11303	11302	11174
9	11175	11176	11304	11303	11175
9	11176	11177	11305	11304	11176
9	11177	11178	11306	11305	11177
9	11178	11179	11307	11306	11178
9	11179	11180	11308	11307	11179
9	11180	11181	11309	11308	11180
9	11181	11182	11310	11309	11181
9	11182	11183	11311	11310	11182
9	11183	11184	11312	11311	11183
9	11184	11185	11313	11312	11184
9	11185	11186	11314	11313	11185
9	11186	11187	11315	11314	11186
9	11187	11188	11316	11315	11187
9	11188	11189	11317	11316	11188
9	11189	11190	11318	11317	11189
9	11190	11191	11319	11318	11190
9	11191	11192	11320	11319	11191
9	11192	11193	11321	11320	11192
9	11193	11194	11322	11321	11193
9	11194	11195	11323	11322	11194
9	11195	11196	11324	11323	11195
9	11196	11197	11325	11324	11196
9	11197	11198	11326	11325	11197
9	11198	11199	11327	11326	11198
9	11199	11200	11328	11327	11199
9	11200	11201	11329	11328	11200
9	11201	11202	11330	11329	11201
9	11202	11203	11331	11330	11202
9	11203	11204	11332	11331	11203
9	11204	11205	11333	11332	11204
9	11205	11206	11334	11333	11205
9	11206	11207	11335	11334	11206
9	11207	11208	11336	11335	11207
9	11208	11209	11337	11336	11208
9	11209	11210	11338	11337	11209
9	11210	11211	11339	11338	11210
9	11211	11212	11340	11339	11211
9	11212	11213	11341	11340	11212
9	11213	11214	11342	11341	11213
9	11214	11215	11343	11342	11214
9	11215	11216	11344	11343	11215
9	11216	11217	11345	11344	11216
9	11217	11218	11346	11345	11217
9	11218	11219	11347	11346	11218
9	11219	11220	11348	11347	11219
9	11220	11221	11349	11348	11220
9	11221	11222	11350	11349	11221
9	11222	11223	11351	11350	11222
9	11223	11224	11352	11351	11223
9	11224	11225	11353	11352	11224
9	11225	11226	11354	11353	11225
9	11226	11227	11355	11354	11226
9	11227	11228	11356	11355	11227
9	11228	11229	11357	11356	11228
9	11229	11230	11358	11357	11229
9	11230	11231	11359	11358	11230
9	11231	11232	11360	11359	11231
9	11232	11233	11361	11360	11232
9	11233	11234	11362	11361	11233
9	11234	11235	11363	11362	11234
9	11235	11236	11364	11363	11235
9	11236	11237	11365	11364	11236
9	11237	11238	11366	11365	11237
9	11238	11239	11367	11366	11238
9	11239	11240	11368	11367	11239
9	11240	11241	11369	11368	11240
9	11241	11242	11370	11369	11241
9	11242	11243	11371	11370	11242
9	11243	11244	11372	11371	11243
9	11244	11245	11373	11372	11244
9	11245	11246	11374	11373	11245
9	11246	11247	11375	11374	11246
9	11247	11248	11376	11375	11247
9	11248	11249	11377	11376	11248
9	11249	11250	11378	11377	11249
9	11250	11251	11379	11378	11250
9	11251	11252	11380	11379	11251
9	11252	11253	11381	11380	11252
9	11253	11254	11382	11381	11253
9	11254	11255	11383	11382	11254
9	11255	11256	11384	11383	11255
9	11256	11257	11385	11384	11256
9	11257	11258	11386	11385	11257
9	11258	11259	11387	11386	11258
9	11259	11260	11388	11387	11259
9	11260	11261	11389	11388	11260
9	11261	11262	11390	11389	11261
9	11262	11263	11391	11390	11262
9	11263	11136	11264	11391	11263
9	11264	11265	11393	11392	11264
9	11265	11266	11394	11393	11265
9	11266	11267	11395	11394	11266
9	11267	11268	11396	11395	11267
9	11268	11269	11397	11396	11268
9	11269	11270	11398	11397	11269
9	11270	11271	11399	11398	11270
9	11271	11272	11400	11399	11271
9	11272	11273	11401	11400	11272
9	11273	11274	11402	11401	11273
9	11274	11275	11403	11402	11274
9	11275	11276	11404	11403	11275
9	11276	11277	11405	11404	11276
9	11277	11278	11406	11405	11277
9	11278	11279	11407	11406	11278
9	11279	11280	11408	11407	11279
9	11280	11281	11409	11408	11280
9	11281	11282	11410	11409	11281
9	11282	11283	11411	11410	11282
9	11283	11284	11412	11411	11283
9	11284	11285	11413	11412	11284
9	11285	11286	11414	11413	11285
9	11286	11287	11415	11414	11286
9	11287	11288	11416	11415	11287
9	11288	11289	11417	11416	11288
9	11289	11290	11418	11417	11289
9	11290	11291	11419	11418	11290
9	11291	11292	11420	11419	11291
9	11292	11293	11421	11420	11292
9	11293	11294	11422	11421	11293
9	11294	11295	11423	11422	11294
9	11295	11296	11424	11423	11295
9	11296	11297	11425	11424	11296
9	11297	11298	11426	11425	11297
9	11298	11299	11427	11426	11298
9	11299	11300	11428	11427	11299
9	11300	11301	11429	11428	11300
9	11301	11302	11430	11429	11301
9	11302	11303	11431	11430	11302
9	11303	11304	11432	11431	11303
9	11304	11305	11433	11432	11304
9	11305	11306	11434	11433	11305
9	11306	11307	11435	11434	11306
9	11307	11308	11436	11435	11307
9	11308	11309	11437	11436	11308
9	11309	11310	11438	11437	11309
9	11310	11311	11439	11438	11310
9	11311	11312	11440	11439	11311
9	11312	11313	11441	11440	11312
9	11313	11314	11442	11441	11313
9	11314	11315	11443	11442	11314
9	11315	11316	11444	11443	11315
9	11316	11317	11445	11444	11316
9	11317	11318	11446	11445	11317
9	11318	11319	11447	11446	11318
9	11319	11320	11448	11447	11319
9	11320	11321	11449	11448	11320
9	11321	11322	11450	11449	11321
9	11322	11323	11451	11450	11322
9	11323	11324	11452	11451	11323
9	11324	11325	11453	11452	11324
9	11325	11326	11454	11453	11325
9	11326	11327	11455	11454	11326
9	11327	11328	11456	11455	11327
9	11328	11329	11457	11456	11328
9	11329	11330	11458	11457	11329
9	11330	11331	11459	11458	11330
9	11331	11332	11460	11459	11331
9	11332	11333	11461	11460	11332
9	11333	11334	11462	11461	11333
9	11334	11335	11463	11462	11334
9	11335	11336	11464	11463	11335
9	11336	11337	11465	11464	11336
9	11337	11338	11466	11465	11337
9	11338	11339	11467	11466	11338
9	11339	11340	11468	11467	11339
9	11340	11341	11469	11468	11340
9	11341	11342	11470	11469	11341
9	11342	11343	11471	11470	11342
9	11343	11344	11472	11471	11343
9	11344	11345	11473	11472	11344
9	11345	11346	11474	11473	11345
9	11346	11347	11475	11474	11346
9	11347	11348	11476	11475	11347
9	11348	11349	11477	11476	11348
9	11349	11350	11478	11477	11349
9	11350	11351	11479	11478	11350
9	11351	11352	11480	11479	11351
9	11352	11353	11481	11480	11352
9	11353	11354	11482	11481	11353
9	11354	11355	11483	11482	11354
9	11355	11356	11484	11483	11355
9	11356	11357	11485	11484	11356
9	11357	11358	11486	11485	11357
9	11358	11359	11487	11486	11358
9	11359	11360	11488	11487	11359
9	11360	11361	11489	11488	11360
9	11361	11362	11490	11489	11361
9	11362	11363	11491	11490	11362
9	11363	11364	11492	11491	11363
9	11364	11365	11493	11492	11364
9	11365	11366	11494	11493	11365
9	11366	11367	11495	11494	11366
9	11367	11368	11496	11495	11367
9	11368	11369	11497	11496	11368
9	11369	11370	11498	11497	11369
9	11370	11371	11499	11498	11370
9	11371	11372	11500	11499	11371
9	11372	11373	11501	11500	11372
9	11373	11374	11502	11501	11373
9	11374	11375	11503	11502	11374
9	11375	11376	11504	11503	11375
9	11376	11377	11505	11504	11376
9	11377	11378	11506	11505	11377
9	11378	11379	11507	11506	11378
9	11379	11380	11508	11507	11379
9	11380	11381	11509	11508	11380
9	11381	11382	11510	11509	11381
9	11382	11383	11511	11510	11382
9	11383	11384	11512	11511	11383
9	11384	11385	11513	11512	11384
9	11385	11386	11514	11513	11385
9	11386	11387	11515	11514	11386
9	11387	11388	11516	11515	11387
9	11388	11389	11517	11516	11388
9	11389	11390	11518	11517	11389
9	11390	11391	11519	11518	11390
9	11391	11264	11392	11519	11391
9	11392	11393	11521	11520	11392
9	11393	11394	11522	11521	11393
9	11394	11395	11523	11522	11394
9	11395	11396	11524	11523	11395
9	11396	11397	11525	11524	11396
9	11397	11398	11526	11525	11397
9	11398	11399	11527	11526	11398
9	11399	11400	11528	11527	11399
9	11400	11401	11529	11528	11400
9	11401	11402	11530	11529	11401
9	11402	11403	11531	11530	11402
9	11403	11404	11532	11531	11403
9	11404	11405	11533	11532	11404
9	11405	11406	11534	11533	11405
9	11406	11407	11535	11534	11406
9	11407	11408	11536	11535	11407
9	11408	11409	11537	11536	11408
9	11409	11410	11538	11537	11409
9	11410	11411	11539	11538	11410
9	11411	11412	11540	11539	11411
9	11412	11413	11541	11540	11412
9	11413	11414	11542	11541	11413
9	11414	11415	11543	11542	11414
9	11415	11416	11544	11543	11415
9	11416	11417	11545	11544	11416
9	11417	11418	11546	11545	11417
9	11418	11419	11547	11546	11418
9	11419	11420	11548	11547	11419
9	11420	11421	11549	11548	11420
9	11421	11422	11550	11549	11421
9	11422	11423	11551	11550	11422
9	11423	11424	11552	11551	11423
9	11424	11425	11553	11552	11424
9	11425	11426	11554	11553	11425
9	11426	11427	11555	11554	11426
9	11427	11428	11556	11555	11427
9	11428	11429	11557	11556	11428
9	11429	11430	11558	11557	11429
9	11430	11431	11559	11558	11430
9	11431	11432	11560	11559	11431
9	11432	11433	11561	11560	11432
9	11433	11434	11562	11561	11433
9	11434	11435	11563	11562	11434
9	11435	11436	11564	11563	11435
9	11436	11437	11565	11564	11436
9	11437	11438	11566	11565	11437
9	11438	11439	11567	11566	11438
9	11439	11440	11568	11567	11439
9	11440	11441	11569	11568	11440
9	11441	11442	11570	11569	11441
9	11442	11443	11571	11570	11442
9	11443	11444	11572	11571	11443
9	11444	11445	11573	11572	11444
9	11445	11446	11574	11573	11445
9	11446	11447	11575	11574	11446
9	11447	11448	11576	11575	11447
9	11448	11449	11577	11576	11448
9	11449	11450	11578	11577	11449
9	11450	11451	11579	11578	11450
9	11451	11452	11580	11579	11451
9	11452	11453	11581	11580	11452
9	11453	11454	11582	11581	11453
9	11454	11455	11583	11582	11454
9	11455	11456	11584	11583	11455
9	11456	11457	11585	11584	11456
9	11457	11458	11586	11585	11457
9	11458	11459	11587	11586	11458
9	11459	11460	11588	11587	11459
9	11460	11461	11589	11588	11460
9	11461	11462	11590	11589	11461
9	11462	11463	11591	11590	11462
9	11463	11464	11592	11591	11463
9	11464	11465	11593	11592	11464
9	11465	11466	11594	11593	11465
9	11466	11467	11595	11594	11466
9	11467	11468	11596	11595	11467
9	11468	11469	11597	11596	11468
9	11469	11470	11598	11597	11469
9	11470	11471	11599	11598	11470
9	11471	11472	11600	11599	11471
9	11472	11473	11601	11600	11472
9	11473	11474	11602	11601	11473
9	11474	11475	11603	11602	11474
9	11475	11476	11604	11603	11475
9	11476	11477	11605	11604	11476
9	11477	11478	11606	11605	11477
9	11478	11479	11607	11606	11478
9	11479	11480	11608	11607	11479
9	11480	11481	11609	11608	11480
9	11481	11482	11610	11609	11481
9	11482	11483	11611	11610	11482
9	11483	11484	11612	11611	11483
9	11484	11485	11613	11612	11484
9	11485	11486	11614	11613	11485
9	11486	11487	11615	11614	11486
9	11487	11488	11616	11615	11487
9	11488	11489	11617	11616	11488
9	11489	11490	11618	11617	11489
9	11490	11491	11619	11618	11490
9	11491	11492	11620	11619	11491
9	11492	11493	11621	11620	11492
9	11493	11494	11622	11621	11493
9	11494	11495	11623	11622	11494
9	11495	11496	11624	11623	11495
9	11496	11497	11625	11624	11496
9	11497	11498	11626	11625	11497
9	11498	11499	11627	11626	11498
9	11499	11500	11628	11627	11499
9	11500	11501	11629	11628	11500
9	11501	11502	11630	11629	11501
9	11502	11503	11631	11630	11502
9	11503	11504	11632	11631	11503
9	11504	11505	11633	11632	11504
9	11505	11506	11634	11633	11505
9	11506	11507	11635	11634	11506
9	11507	11508	11636	11635	11507
9	11508	11509	11637	11636	11508
9	11509	11510	11638	11637	11509
9	11510	11511	11639	11638	11510
9	11511	11512	11640	11639	11511
9	11512	11513	11641	11640	11512
9	11513	11514	11642	11641	11513
9	11514	11515	11643	11642	11514
9	11515	11516	11644	11643	11515
9	11516	11517	11645	11644	11516
9	11517	11518	11646	11645	11517
9	11518	11519	11647	11646	11518
9	11519	11392	11520	11647	11519
9	11520	11521	11649	11648	11520
9	11521	11522	11650	11649	11521
9	11522	11523	11651	11650	11522
9	11523	11524	11652	11651	11523
9	11524	11525	11653	11652	11524
9	11525	11526	11654	11653	11525
9	11526	11527	11655	11654	11526
9	11527	11528	11656	11655	11527
9	11528	11529	11657	11656	11528
9	11529	11530	11658	11657	11529
9	11530	11531	11659	11658	11530
9	11531	11532	11660	11659	11531
9	11532	11533	11661	11660	11532
9	11533	11534	11662	11661	11533
9	11534	11535	11663	11662	11534
9	11535	11536	11664	11663	11535
9	11536	11537	11665	11664	11536
9	11537	11538	11666	11665	11537
9	11538	11539	11667	11666	11538
9	11539	11540	11668	11667	11539
9	11540	11541	11669	11668	11540
9	11541	11542	11670	11669	11541
9	11542	11543	11671	11670	11542
9	11543	11544	11672	11671	11543
9	11544	11545	11673	11672	11544
9	11545	11546	11674	11673	11545
9	11546	11547	11675	11674	11546
9	11547	11548	11676	11675	11547
9	11548	11549	11677	11676	11548
9	11549	11550	11678	11677	11549
9	11550	11551	11679	11678	11550
9	11551	11552	11680	11679	11551
9	11552	11553	11681	11680	11552
9	11553	11554	11682	11681	11553
9	11554	11555	11683	11682	11554
9	11555	11556	11684	11683	11555
9	11556	11557	11685	11684	11556
9	11557	11558	11686	11685	11557
9	11558	11559	11687	11686	11558
9	11559	11560	11688	11687	11559
9	11560	11561	11689	11688	11560
9	11561	11562	11690	11689	11561
9	11562	11563	11691	11690	11562
9	11563	11564	11692	11691	11563
9	11564	11565	11693	11692	11564
9	11565	11566	11694	11693	11565
9	11566	11567	11695	11694	11566
9	11567	11568	11696	11695	11567
9	11568	11569	11697	11696	11568
9	11569	11570	11698	11697	11569
9	11570	11571	11699	11698	11570
9	11571	11572	11700	11699	11571
9	11572	11573	11701	11700	11572
9	11573	11574	11702	11701	11573
9	11574	11575	11703	11702	11574
9	11575	11576	11704	11703	11575
9	11576	11577	11705	11704	11576
9	11577	11578	11706	11705	11577
9	11578	11579	11707	11706	11578
9	11579	11580	11708	11707	11579
9	11580	11581	11709	11708	11580
9	11581	11582	11710	11709	11581
9	11582	11583	11711	11710	11582
9	11583	11584	11712	11711	11583
9	11584	11585	11713	11712	11584
9	11585	11586	11714	11713	11585
9	11586	11587	11715	11714	11586
9	11587	11588	11716	11715	11587
9	11588	11589	11717	11716	11588
9	11589	11590	11718	11717	11589
9	11590	11591	11719	11718	11590
9	11591	11592	11720	11719	11591
9	11592	11593	11721	11720	11592
9	11593	11594	11722	11721	11593
9	11594	11595	11723	11722	11594
9	11595	11596	11724	11723	11595
9	11596	11597	11725	11724	11596
9	11597	11598	11726	11725	11597
9	11598	11599	11727	11726	11598
9	11599	11600	11728	11727	11599
9	11600	11601	11729	11728	11600
9	11601	11602	11730	11729	11601
9	11602	11603	11731	11730	11602
9	11603	11604	11732	11731	11603
9	11604	11605	11733	11732	11604
9	11605	11606	11734	11733	11605
9	11606	11607	11735	11734	11606
9	11607	11608	11736	11735	11607
9	11608	11609	11737	11736	11608
9	11609	11610	11738	11737	11609
9	11610	11611	11739	11738	11610
9	11611	11612	11740	11739	11611
9	11612	11613	11741	11740	11612
9	11613	11614	11742	11741	11613
9	11614	11615	11743	11742	11614
9	11615	11616	11744	11743	11615
9	11616	11617	11745	11744	11616
9	11617	11618	11746	11745	11617
9	11618	11619	11747	11746	11618
9	11619	11620	11748	11747	11619
9	11620	11621	11749	11748	11620
9	11621	11622	11750	11749	11621
9	11622	11623	11751	11750	11622
9	11623	11624	11752	11751	11623
9	11624	11625	11753	11752	11624
9	11625	11626	11754	11753	11625
9	11626	11627	11755	11754	11626
9	11627	11628	11756	11755	11627
9	11628	11629	11757	11756	11628
9	11629	11630	11758	11757	11629
9	11630	11631	11759	11758	11630
9	11631	11632	11760	11759	11631
9	11632	11633	11761	11760	11632
9	11633	11634	11762	11761	11633
9	11634	11635	11763	11762	11634
9	11635	11636	11764	11763	11635
9	11636	11637	11765	11764	11636
9	11637	11638	11766	11765	11637
9	11638	11639	11767	11766	11638
9	11639	11640	11768	11767	11639
9	11640	11641	11769	11768	11640
9	11641	11642	11770	11769	11641
9	11642	11643	11771	11770	11642
9	11643	11644	11772	11771	11643
9	11644	11645	11773	11772	11644
9	11645	11646	11774	11773	11645
9	11646	11647	11775	11774	11646
9	11647	11520	11648	11775	11647
9	11648	11649	11777	11776	11648
9	11649	11650	11778	11777	11649
9	11650	11651	11779	11778	11650
9	11651	11652	11780	11779	11651
9	11652	11653	11781	11780	11652
9	11653	11654	11782	11781	11653
9	11654	11655	11783	11782	11654
9	11655	11656	11784	11783	11655
9	11656	11657	11785	11784	11656
9	11657	11658	11786	11785	11657
9	11658	11659	11787	11786	11658
9	11659	11660	11788	11787	11659
9	11660	11661	11789	11788	11660
9	11661	11662	11790	11789	11661
9	11662	11663	11791	11790	11662
9	11663	11664	11792	11791	11663
9	11664	11665	11793	11792	11664
9	11665	11666	11794	11793	11665
9	11666	11667	11795	11794	11666
9	11667	11668	11796	11795	11667
9	11668	11669	11797	11796	11668
9	11669	11670	11798	11797	11669
9	11670	11671	11799	11798	11670
9	11671	11672	11800	11799	11671
9	11672	11673	11801	11800	11672
9	11673	11674	11802	11801	11673
9	11674	11675	11803	11802	11674
9	11675	11676	11804	11803	11675
9	11676	11677	11805	11804	11676
9	11677	11678	11806	11805	11677
9	11678	11679	11807	11806	11678
9	11679	11680	11808	11807	11679
9	11680	11681	11809	11808	11680
9	11681	11682	11810	11809	11681
9	11682	11683	11811	11810	11682
9	11683	11684	11812	11811	11683
9	11684	11685	11813	11812	11684
9	11685	11686	11814	11813	11685
9	11686	11687	11815	11814	11686
9	11687	11688	11816	11815	11687
9	11688	11689	11817	11816	11688
9	11689	11690	11818	11817	11689
9	11690	11691	11819	11818	11690
9	11691	11692	11820	11819	11691
9	11692	11693	11821	11820	11692
9	11693	11694	11822	11821	11693
9	11694	11695	11823	11822	11694
9	11695	11696	11824	11823	11695
9	11696	11697	11825	11824	11696
9	11697	11698	11826	11825	11697
9	11698	11699	11827	11826	11698
9	11699	11700	11828	11827	11699
9	11700	11701	11829	11828	11700
9	11701	11702	11830	11829	11701
9	11702	11703	11831	11830	11702
9	11703	11704	11832	11831	11703
9	11704	11705	11833	11832	11704
9	11705	11706	11834	11833	11705
9	11706	11707	11835	11834	11706
9	11707	11708	11836	11835	11707
9	11708	11709	11837	11836	11708
9	11709	11710	11838	11837	11709
9	11710	11711	11839	11838	11710
9	11711	11712	11840	11839	11711
9	11712	11713	11841	11840	11712
9	11713	11714	11842	11841	11713
9	11714	11715	11843	11842	11714
9	11715	11716	11844	11843	11715
9	11716	11717	11845	11844	11716
9	11717	11718	11846	11845	11717
9	11718	11719	11847	11846	11718
9	11719	11720	11848	11847	11719
9	11720	11721	11849	11848	11720
9	11721	11722	11850	11849	11721
9	11722	11723	11851	11850	11722
9	11723	11724	11852	11851	11723
9	11724	11725	11853	11852	11724
9	11725	11726	11854	11853	11725
9	11726	11727	11855	11854	11726
9	11727	11728	11856	11855	11727
9	11728	11729	11857	11856	11728
9	11729	11730	11858	11857	11729
9	11730	11731	11859	11858	11730
9	11731	11732	11860	11859	11731
9	11732	11733	11861	11860	11732
9	11733	11734	11862	11861	11733
9	11734	11735	11863	11862	11734
9	11735	11736	11864	11863	11735
9	11736	11737	11865	11864	11736
9	11737	11738	11866	11865	11737
9	11738	11739	11867	11866	11738
9	11739	11740	11868	11867	11739
9	11740	11741	11869	11868	11740
9	11741	11742	11870	11869	11741
9	11742	11743	11871	11870	11742
9	11743	11744	11872	11871	11743
9	11744	11745	11873	11872	11744
9	11745	11746	11874	11873	11745
9	11746	11747	11875	11874	11746
9	11747	11748	11876	11875	11747
9	11748	11749	11877	11876	11748
9	11749	11750	11878	11877	11749
9	11750	11751	11879	11878	11750
9	11751	11752	11880	11879	11751
9	11752	11753	11881	11880	11752
9	11753	11754	11882	11881	11753
9	11754	11755	11883	11882	11754
9	11755	11756	11884	11883	11755
9	11756	11757	11885	11884	11756
9	11757	11758	11886	11885	11757
9	11758	11759	11887	11886	11758
9	11759	11760	11888	11887	11759
9	11760	11761	11889	11888	11760
9	11761	11762	11890	11889	11761
9	11762	11763	11891	11890	11762
9	11763	11764	11892	11891	11763
9	11764	11765	11893	11892	11764
9	11765	11766	11894	11893	11765
9	11766	11767	11895	11894	11766
9	11767	11768	11896	11895	11767
9	11768	11769	11897	11896	11768
9	11769	11770	11898	11897	11769
9	11770	11771	11899	11898	11770
9	11771	11772	11900	11899	11771
9	11772	11773	11901	11900	11772
9	11773	11774	11902	11901	11773
9	11774	11775	11903	11902	11774
9	11775	11648	11776	11903	11775
9	11776	11777	11905	11904	11776
9	11777	11778	11906	11905	11777
9	11778	11779	11907	11906	11778
9	11779	11780	11908	11907	11779
9	11780	11781	11909	11908	11780
9	11781	11782	11910	11909	11781
9	11782	11783	11911	11910	11782
9	11783	11784	11912	11911	11783
9	11784	11785	11913	11912	11784
9	11785	11786	11914	11913	11785
9	11786	11787	11915	11914	11786
9	11787	11788	11916	11915	11787
9	11788	11789	11917	11916	11788
9	11789	11790	11918	11917	11789
9	11790	11791	11919	11918	11790
9	11791	11792	11920	11919	11791
9	11792	11793	11921	11920	11792
9	11793	11794	11922	11921	11793
9	11794	11795	11923	11922	11794
9	11795	11796	11924	11923	11795
9	11796	11797	11925	11924	11796
9	11797	11798	11926	11925	11797
9	11798	11799	11927	11926	11798
9	11799	11800	11928	11927	11799
9	11800	11801	11929	11928	11800
9	11801	11802	11930	11929	11801
9	11802	11803	11931	11930	11802
9	11803	11804	11932	11931	11803
9	11804	11805	11933	11932	11804
9	11805	11806	11934	11933	11805
9	11806	11807	11935	11934	11806
9	11807	11808	11936	11935	11807
9	11808	11809	11937	11936	11808
9	11809	11810	11938	11937	11809
9	11810	11811	11939	11938	11810
9	11811	11812	11940	11939	11811
9	11812	11813	11941	11940	11812
9	11813	11814	11942	11941	11813
9	11814	11815	11943	11942	11814
9	11815	11816	11944	11943	11815
9	11816	11817	11945	11944	11816
9	11817	11818	11946	11945	11817
9	11818	11819	11947	11946	11818
9	11819	11820	11948	11947	11819
9	11820	11821	11949	11948	11820
9	11821	11822	11950	11949	11821
9	11822	11823	11951	11950	11822
9	11823	11824	11952	11951	11823
9	11824	11825	11953	11952	11824
9	11825	11826	11954	11953	11825
9	11826	11827	11955	11954	11826
9	11827	11828	11956	11955	11827
9	11828	11829	11957	11956	11828
9	11829	11830	11958	11957	11829
9	11830	11831	11959	11958	11830
9	11831	11832	11960	11959	11831
9	11832	11833	11961	11960	11832
9	11833	11834	11962	11961	11833
9	11834	11835	11963	11962	11834
9	11835	11836	11964	11963	11835
9	11836	11837	11965	11964	11836
9	11837	11838	11966	11965	11837
9	11838	11839	11967	11966	11838
9	11839	11840	11968	11967	11839
9	11840	11841	11969	11968	11840
9	11841	11842	11970	11969	11841
9	11842	11843	11971	11970	11842
9	11843	11844	11972	11971	11843
9	11844	11845	11973	11972	11844
9	11845	11846	11974	11973	11845
9	11846	11847	11975	11974	11846
9	11847	11848	11976	11975	11847
9	11848	11849	11977	11976	11848
9	11849	11850	11978	11977	11849
9	11850	11851	11979	11978	11850
9	11851	11852	11980	11979	11851
9	11852	11853	11981	11980	11852
9	11853	11854	11982	11981	11853
9	11854	11855	11983	11982	11854
9	11855	11856	11984	11983	11855
9	11856	11857	11985	11984	11856
9	11857	11858	11986	11985	11857
9	11858	11859	11987	11986	11858
9	11859	11860	11988	11987	11859
9	11860	11861	11989	11988	11860
9	11861	11862	11990	11989	11861
9	11862	11863	11991	11990	11862
9	11863	11864	11992	11991	11863
9	11864	11865	11993	11992	11864
9	11865	11866	11994	11993	11865
9	11866	11867	11995	11994	11866
9	11867	11868	11996	11995	11867
9	11868	11869	11997	11996	11868
9	11869	11870	11998	11997	11869
9	11870	11871	11999	11998	11870
9	11871	11872	12000	11999	11871
9	11872	11873	12001	12000	11872
9	11873	11874	12002	12001	11873
9	11874	11875	12003	12002	11874
9	11875	11876	12004	12003	11875
9	11876	11877	12005	12004	11876
9	11877	11878	12006	12005	11877
9	11878	11879	12007	12006	11878
9	11879	11880	12008	12007	11879
9	11880	11881	12009	12008	11880
9	11881	11882	12010	12009	11881
9	11882	11883	12011	12010	11882
9	11883	11884	12012	12011	11883
9	11884	11885	12013	12012	11884
9	11885	11886	12014	12013	11885
9	11886	11887	12015	12014	11886
9	11887	11888	12016	12015	11887
9	11888	11889	12017	12016	11888
9	11889	11890	12018	12017	11889
9	11890	11891	12019	12018	11890
9	11891	11892	12020	12019	11891
9	11892	11893	12021	12020	11892
9	11893	11894	12022	12021	11893
9	11894	11895	12023	12022	11894
9	11895	11896	12024	12023	11895
9	11896	11897	12025	12024	11896
9	11897	11898	12026	12025	11897
9	11898	11899	12027	12026	11898
9	11899	11900	12028	12027	11899
9	11900	11901	12029	12028	11900
9	11901	11902	12030	12029	11901
9	11902	11903	12031	12030	11902
9	11903	11776	11904	12031	11903
9	11904	11905	12033	12032	11904
9	11905	11906	12034	12033	11905
9	11906	11907	12035	12034	11906
9	11907	11908	12036	12035	11907
9	11908	11909	12037	12036	11908
9	11909	11910	12038	12037	11909
9	11910	11911	12039	12038	11910
9	11911	11912	12040	12039	11911
9	11912	11913	12041	12040	11912
9	11913	11914	12042	12041	11913
9	11914	11915	12043	12042	11914
9	11915	11916	12044	12043	11915
9	11916	11917	12045	12044	11916
9	11917	11918	12046	12045	11917
9	11918	11919	12047	12046	11918
9	11919	11920	12048	12047	11919
9	11920	11921	12049	12048	11920
9	11921	11922	12050	12049	11921
9	11922	11923	12051	12050	11922
9	11923	11924	12052	12051	11923
9	11924	11925	12053	12052	11924
9	11925	11926	12054	12053	11925
9	11926	11927	12055	12054	11926
9	11927	11928	12056	12055	11927
9	11928	11929	12057	12056	11928
9	11929	11930	12058	12057	11929
9	11930	11931	12059	12058	11930
9	11931	11932	12060	12059	11931
9	11932	11933	12061	12060	11932
9	11933	11934	12062	12061	11933
9	11934	11935	12063	12062	11934
9	11935	11936	12064	12063	11935
9	11936	11937	12065	12064	11936
9	11937	11938	12066	12065	11937
9	11938	11939	12067	12066	11938
9	11939	11940	12068	12067	11939
9	11940	11941	12069	12068	11940
9	11941	11942	12070	12069	11941
9	11942	11943	12071	12070	11942
9	11943	11944	12072	12071	11943
9	11944	11945	12073	12072	11944
9	11945	11946	12074	12073	11945
9	11946	11947	12075	12074	11946
9	11947	11948	12076	12075	11947
9	11948	11949	12077	12076	11948
9	11949	11950	12078	12077	11949
9	11950	11951	12079	12078	11950
9	11951	11952	12080	12079	11951
9	11952	11953	12081	12080	11952
9	11953	11954	12082	12081	11953
9	11954	11955	12083	12082	11954
9	11955	11956	12084	12083	11955
9	11956	11957	12085	12084	11956
9	11957	11958	12086	12085	11957
9	11958	11959	12087	12086	11958
9	11959	11960	12088	12087	11959
9	11960	11961	12089	12088	11960
9	11961	11962	12090	12089	11961
9	11962	11963	12091	12090	11962
9	11963	11964	12092	12091	11963
9	11964	11965	12093	12092	11964
9	11965	11966	12094	12093	11965
9	11966	11967	12095	12094	11966
9	11967	11968	12096	12095	11967
9	11968	11969	12097	12096	11968
9	11969	11970	12098	12097	11969
9	11970	11971	12099	12098	11970
9	11971	11972	12100	12099	11971
9	11972	11973	12101	12100	11972
9	11973	11974	12102	12101	11973
9	11974	11975	12103	12102	11974
9	11975	11976	12104	12103	11975
9	11976	11977	12105	12104	11976
9	11977	11978	12106	12105	11977
9	11978	11979	12107	12106	11978
9	11979	11980	12108	12107	11979
9	11980	11981	12109	12108	11980
9	11981	11982	12110	12109	11981
9	11982	11983	12111	12110	11982
9	11983	11984	12112	12111	11983
9	11984	11985	12113	12112	11984
9	11985	11986	12114	12113	11985
9	11986	11987	12115	12114	11986
9	11987	11988	12116	12115	11987
9	11988	11989	12117	12116	11988
9	11989	11990	12118	12117	11989
9	11990	11991	12119	12118	11990
9	11991	11992	12120	12119	11991
9	11992	11993	12121	12120	11992
9	11993	11994	12122	12121	11993
9	11994	11995	12123	12122	11994
9	11995	11996	12124	12123	11995
9	11996	11997	12125	12124	11996
9	11997	11998	12126	12125	11997
9	11998	11999	12127	12126	11998
9	11999	12000	12128	12127	11999
9	12000	12001	12129	12128	12000
9	12001	12002	12130	12129	12001
9	12002	12003	12131	12130	12002
9	12003	12004	12132	12131	12003
9	12004	12005	12133	12132	12004
9	12005	12006	12134	12133	12005
9	12006	12007	12135	12134	12006
9	12007	12008	12136	12135	12007
9	12008	12009	12137	12136	12008
9	12009	12010	12138	12137	12009
9	12010	12011	12139	12138	12010
9	12011	12012	12140	12139	12011
9	12012	12013	12141	12140	12012
9	12013	12014	12142	12141	12013
9	12014	12015	12143	12142	12014
9	12015	12016	12144	12143	12015
9	12016	12017	12145	12144	12016
9	12017	12018	12146	12145	12017
9	12018	12019	12147	12146	12018
9	12019	12020	12148	12147	12019
9	12020	12021	12149	12148	12020
9	12021	12022	12150	12149	12021
9	12022	12023	12151	12150	12022
9	12023	12024	12152	12151	12023
9	12024	12025	12153	12152	12024
9	12025	12026	12154	12153	12025
9	12026	12027	12155	12154	12026
9	12027	12028	12156	12155	12027
9	12028	12029	12157	12156	12028
9	12029	12030	12158	12157	12029
9	12030	12031	12159	12158	12030
9	12031	11904	12032	12159	12031
9	12032	12033	12161	12160	12032
9	12033	12034	12162	12161	12033
9	12034	12035	12163	12162	12034
9	12035	12036	12164	12163	12035
9	12036	12037	12165	12164	12036
9	12037	12038	12166	12165	12037
9	12038	12039	12167	12166	12038
9	12039	12040	12168	12167	12039
9	12040	12041	12169	12168	12040
9	12041	12042	12170	12169	12041
9	12042	12043	12171	12170	12042
9	12043	12044	12172	12171	12043
9	12044	12045	12173	12172	12044
9	12045	12046	12174	12173	12045
9	12046	12047	12175	12174	12046
9	12047	12048	12176	12175	12047
9	12048	12049	12177	12176	12048
9	12049	12050	12178	12177	12049
9	12050	12051	12179	12178	12050
9	12051	12052	12180	12179	12051
9	12052	12053	12181	12180	12052
9	12053	12054	12182	12181	12053
9	12054	12055	12183	12182	12054
9	12055	12056	12184	12183	12055
9	12056	12057	12185	12184	12056
9	12057	12058	12186	12185	12057
9	12058	12059	12187	12186	12058
9	12059	12060	12188	12187	12059
9	12060	12061	12189	12188	12060
9	12061	12062	12190	12189	12061
9	12062	12063	12191	12190	12062
9	12063	12064	12192	12191	12063
9	12064	12065	12193	12192	12064
9	12065	12066	12194	12193	12065
9	12066	12067	12195	12194	12066
9	12067	12068	12196	12195	12067
9	12068	12069	12197	12196	12068
9	12069	12070	12198	12197	12069
9	12070	12071	12199	12198	12070
9	12071	12072	12200	12199	12071
9	12072	12073	12201	12200	12072
9	12073	12074	12202	12201	12073
9	12074	12075	12203	12202	12074
9	12075	12076	12204	12203	12075
9	12076	12077	12205	12204	12076
9	12077	12078	12206	12205	12077
9	12078	12079	12207	12206	12078
9	12079	12080	12208	12207	12079
9	12080	12081	12209	12208	12080
9	12081	12082	12210	12209	12081
9	12082	12083	12211	12210	12082
9	12083	12084	12212	12211	12083
9	12084	12085	12213	12212	12084
9	12085	12086	12214	12213	12085
9	12086	12087	12215	12214	12086
9	12087	12088	12216	12215	12087
9	12088	12089	12217	12216	12088
9	12089	12090	12218	12217	12089
9	12090	12091	12219	12218	12090
9	12091	12092	12220	12219	12091
9	12092	12093	12221	12220	12092
9	12093	12094	12222	12221	12093
9	12094	12095	12223	12222	12094
9	12095	12096	12224	12223	12095
9	12096	12097	12225	12224	12096
9	12097	12098	12226	12225	12097
9	12098	12099	12227	12226	12098
9	12099	12100	12228	12227	12099
9	12100	12101	12229	12228	12100
9	12101	12102	12230	12229	12101
9	12102	12103	12231	12230	12102
9	12103	12104	12232	12231	12103
9	12104	12105	12233	12232	12104
9	12105	12106	12234	12233	12105
9	12106	12107	12235	12234	12106
9	12107	12108	12236	12235	12107
9	12108	12109	12237	12236	12108
9	12109	12110	12238	12237	12109
9	12110	12111	12239	12238	12110
9	12111	12112	12240	12239	12111
9	12112	12113	12241	12240	12112
9	12113	12114	12242	12241	12113
9	12114	12115	12243	12242	12114
9	12115	12116	12244	12243	12115
9	12116	12117	12245	12244	12116
9	12117	12118	12246	12245	12117
9	12118	12119	12247	12246	12118
9	12119	12120	12248	12247	12119
9	12120	12121	12249	12248	12120
9	12121	12122	12250	12249	12121
9	12122	12123	12251	12250	12122
9	12123	12124	12252	12251	12123
9	12124	12125	12253	12252	12124
9	12125	12126	12254	12253	12125
9	12126	12127	12255	12254	12126
9	12127	12128	12256	12255	12127
9	12128	12129	12257	12256	12128
9	12129	12130	12258	12257	12129
9	12130	12131	12259	12258	12130
9	12131	12132	12260	12259	12131
9	12132	12133	12261	12260	12132
9	12133	12134	12262	12261	12133
9	12134	12135	12263	12262	12134
9	12135	12136	12264	12263	12135
9	12136	12137	12265	12264	12136
9	12137	12138	12266	12265	12137
9	12138	12139	12267	12266	12138
9	12139	12140	12268	12267	12139
9	12140	12141	12269	12268	12140
9	12141	12142	12270	12269	12141
9	12142	12143	12271	12270	12142
9	12143	12144	12272	12271	12143
9	12144	12145	12273	12272	12144
9	12145	12146	12274	12273	12145
9	12146	12147	12275	12274	12146
9	12147	12148	12276	12275	12147
9	12148	12149	12277	12276	12148
9	12149	12150	12278	12277	12149
9	12150	12151	12279	12278	12150
9	12151	12152	12280	12279	12151
9	12152	12153	12281	12280	12152
9	12153	12154	12282	12281	12153
9	12154	12155	12283	12282	12154
9	12155	12156	12284	12283	12155
9	12156	12157	12285	12284	12156
9	12157	12158	12286	12285	12157
9	12158	12159	12287	12286	12158
9	12159	12032	12160	12287	12159
9	12160	12161	12289	12288	12160
9	12161	12162	12290	12289	12161
9	12162	12163	12291	12290	12162
9	12163	12164	12292	12291	12163
9	12164	12165	12293	12292	12164
9	12165	12166	12294	12293	12165
9	12166	12167	12295	12294	12166
9	12167	12168	12296	12295	12167
9	12168	12169	12297	12296	12168
9	12169	12170	12298	12297	12169
9	12170	12171	12299	12298	12170
9	12171	12172	12300	12299	12171
9	12172	12173	12301	12300	12172
9	12173	12174	12302	12301	12173
9	12174	12175	12303	12302	12174
9	12175	12176	12304	12303	12175
9	12176	12177	12305	12304	12176
9	12177	12178	12306	12305	12177
9	12178	12179	12307	12306	12178
9	12179	12180	12308	12307	12179
9	12180	12181	12309	12308	12180
9	12181	12182	12310	12309	12181
9	12182	12183	12311	12310	12182
9	12183	12184	12312	12311	12183
9	12184	12185	12313	12312	12184
9	12185	12186	12314	12313	12185
9	12186	12187	12315	12314	12186
9	12187	12188	12316	12315	12187
9	12188	12189	12317	12316	12188
9	12189	12190	12318	12317	12189
9	12190	12191	12319	12318	12190
9	12191	12192	12320	12319	12191
9	12192	12193	12321	12320	12192
9	12193	12194	12322	12321	12193
9	12194	12195	12323	12322	12194
9	12195	12196	12324	12323	12195
9	12196	12197	12325	12324	12196
9	12197	12198	12326	12325	12197
9	12198	12199	12327	12326	12198
9	12199	12200	12328	12327	12199
9	12200	12201	12329	12328	12200
9	12201	12202	12330	12329	12201
9	12202	12203	12331	12330	12202
9	12203	12204	12332	12331	12203
9	12204	12205	12333	12332	12204
9	12205	12206	12334	12333	12205
9	12206	12207	12335	12334	12206
9	12207	12208	12336	12335	12207
9	12208	12209	12337	12336	12208
9	12209	12210	12338	12337	12209
9	12210	12211	12339	12338	12210
9	12211	12212	12340	12339	12211
9	12212	12213	12341	12340	12212
9	12213	12214	12342	12341	12213
9	12214	12215	12343	12342	12214
9	12215	12216	12344	12343	12215
9	12216	12217	12345	12344	12216
9	12217	12218	12346	12345	12217
9	12218	12219	12347	12346	12218
9	12219	12220	12348	12347	12219
9	12220	12221	12349	12348	12220
9	12221	12222	12350	12349	12221
9	12222	12223	12351	12350	12222
9	12223	12224	12352	12351	12223
9	12224	12225	12353	12352	12224
9	12225	12226	12354	12353	12225
9	12226	12227	12355	12354	12226
9	12227	12228	12356	12355	12227
9	12228	12229	12357	12356	12228
9	12229	12230	12358	12357	12229
9	12230	12231	12359	12358	12230
9	12231	12232	12360	12359	12231
9	12232	12233	12361	12360	12232
9	12233	12234	12362	12361	12233
9	12234	12235	12363	12362	12234
9	12235	12236	12364	12363	12235
9	12236	12237	12365	12364	12236
9	12237	12238	12366	12365	12237
9	12238	12239	12367	12366	12238
9	12239	12240	12368	12367	12239
9	12240	12241	12369	12368	12240
9	12241	12242	12370	12369	12241
9	12242	12243	12371	12370	12242
9	12243	12244	12372	12371	12243
9	12244	12245	12373	12372	12244
9	12245	12246	12374	12373	12245
9	12246	12247	12375	12374	12246
9	12247	12248	12376	12375	12247
9	12248	12249	12377	12376	12248
9	12249	12250	12378	12377	12249
9	12250	12251	12379	12378	12250
9	12251	12252	12380	12379	12251
9	12252	12253	12381	12380	12252
9	12253	12254	12382	12381	12253
9	12254	12255	12383	12382	12254
9	12255	12256	12384	12383	12255
9	12256	12257	12385	12384	12256
9	12257	12258	12386	12385	12257
9	12258	12259	12387	12386	12258
9	12259	12260	12388	12387	12259
9	12260	12261	12389	12388	12260
9	12261	12262	12390	12389	12261
9	12262	12263	12391	12390	12262
9	12263	12264	12392	12391	12263
9	12264	12265	12393	12392	12264
9	12265	12266	12394	12393	12265
9	12266	12267	12395	12394	12266
9	12267	12268	12396	12395	12267
9	12268	12269	12397	12396	12268
9	12269	12270	12398	12397	12269
9	12270	12271	12399	12398	12270
9	12271	12272	12400	12399	12271
9	12272	12273	12401	12400	12272
9	12273	12274	12402	12401	12273
9	12274	12275	12403	12402	12274
9	12275	12276	12404	12403	12275
9	12276	12277	12405	12404	12276
9	12277	12278	12406	12405	12277
9	12278	12279	12407	12406	12278
9	12279	12280	12408	12407	12279
9	12280	12281	12409	12408	12280
9	12281	12282	12410	12409	12281
9	12282	12283	12411	12410	12282
9	12283	12284	12412	12411	12283
9	12284	12285	12413	12412	12284
9	12285	12286	12414	12413	12285
9	12286	12287	12415	12414	12286
9	12287	12160	12288	12415	12287
9	12288	12289	12417	12416	12288
9	12289	12290	12418	12417	12289
9	12290	12291	12419	12418	12290
9	12291	12292	12420	12419	12291
9	12292	12293	12421	12420	12292
9	12293	12294	12422	12421	12293
9	12294	12295	12423	12422	12294
9	12295	12296	12424	12423	12295
9	12296	12297	12425	12424	12296
9	12297	12298	12426	12425	12297
9	12298	12299	12427	12426	12298
9	12299	12300	12428	12427	12299
9	12300	12301	12429	12428	12300
9	12301	12302	12430	12429	12301
9	12302	12303	12431	12430	12302
9	12303	12304	12432	12431	12303
9	12304	12305	12433	12432	12304
9	12305	12306	12434	12433	12305
9	12306	12307	12435	12434	12306
9	12307	12308	12436	12435	12307
9	12308	12309	12437	12436	12308
9	12309	12310	12438	12437	12309
9	12310	12311	12439	12438	12310
9	12311	12312	12440	12439	12311
9	12312	12313	12441	12440	12312
9	12313	12314	12442	12441	12313
9	12314	12315	12443	12442	12314
9	12315	12316	12444	12443	12315
9	12316	12317	12445	12444	12316
9	12317	12318	12446	12445	12317
9	12318	12319	12447	12446	12318
9	12319	12320	12448	12447	12319
9	12320	12321	12449	12448	12320
9	12321	12322	12450	12449	12321
9	12322	12323	12451	12450	12322
9	12323	12324	12452	12451	12323
9	12324	12325	12453	12452	12324
9	12325	12326	12454	12453	12325
9	12326	12327	12455	12454	12326
9	12327	12328	12456	12455	12327
9	12328	12329	12457	12456	12328
9	12329	12330	12458	12457	12329
9	12330	12331	12459	12458	12330
9	12331	12332	12460	12459	12331
9	12332	12333	12461	12460	12332
9	12333	12334	12462	12461	12333
9	12334	12335	12463	12462	12334
9	12335	12336	12464	12463	12335
9	12336	12337	12465	12464	12336
9	12337	12338	12466	12465	12337
9	12338	12339	12467	12466	12338
9	12339	12340	12468	12467	12339
9	12340	12341	12469	12468	12340
9	12341	12342	12470	12469	12341
9	12342	12343	12471	12470	12342
9	12343	12344	12472	12471	12343
9	12344	12345	12473	12472	12344
9	12345	12346	12474	12473	12345
9	12346	12347	12475	12474	12346
9	12347	12348	12476	12475	12347
9	12348	12349	12477	12476	12348
9	12349	12350	12478	12477	12349
9	12350	12351	12479	12478	12350
9	12351	12352	12480	12479	12351
9	12352	12353	12481	12480	12352
9	12353	12354	12482	12481	12353
9	12354	12355	12483	12482	12354
9	12355	12356	12484	12483	12355
9	12356	12357	12485	12484	12356
9	12357	12358	12486	12485	12357
9	12358	12359	12487	12486	12358
9	12359	12360	12488	12487	12359
9	12360	12361	12489	12488	12360
9	12361	12362	12490	12489	12361
9	12362	12363	12491	12490	12362
9	12363	12364	12492	12491	12363
9	12364	12365	12493	12492	12364
9	12365	12366	12494	12493	12365
9	12366	12367	12495	12494	12366
9	12367	12368	12496	12495	12367
9	12368	12369	12497	12496	12368
9	12369	12370	12498	12497	12369
9	12370	12371	12499	12498	12370
9	12371	12372	12500	12499	12371
9	12372	12373	12501	12500	12372
9	12373	12374	12502	12501	12373
9	12374	12375	12503	12502	12374
9	12375	12376	12504	12503	12375
9	12376	12377	12505	12504	12376
9	12377	12378	12506	12505	12377
9	12378	12379	12507	12506	12378
9	12379	12380	12508	12507	12379
9	12380	12381	12509	12508	12380
9	12381	12382	12510	12509	12381
9	12382	12383	12511	12510	12382
9	12383	12384	12512	12511	12383
9	12384	12385	12513	12512	12384
9	12385	12386	12514	12513	12385
9	12386	12387	12515	12514	12386
9	12387	12388	12516	12515	12387
9	12388	12389	12517	12516	12388
9	12389	12390	12518	12517	12389
9	12390	12391	12519	12518	12390
9	12391	12392	12520	12519	12391
9	12392	12393	12521	12520	12392
9	12393	12394	12522	12521	12393
9	12394	12395	12523	12522	12394
9	12395	12396	12524	12523	12395
9	12396	12397	12525	12524	12396
9	12397	12398	12526	12525	12397
9	12398	12399	12527	12526	12398
9	12399	12400	12528	12527	12399
9	12400	12401	12529	12528	12400
9	12401	12402	12530	12529	12401
9	12402	12403	12531	12530	12402
9	12403	12404	12532	12531	12403
9	12404	12405	12533	12532	12404
9	12405	12406	12534	12533	12405
9	12406	12407	12535	12534	12406
9	12407	12408	12536	12535	12407
9	12408	12409	12537	12536	12408
9	12409	12410	12538	12537	12409
9	12410	12411	12539	12538	12410
9	12411	12412	12540	12539	12411
9	12412	12413	12541	12540	12412
9	12413	12414	12542	12541	12413
9	12414	12415	12543	12542	12414
9	12415	12288	12416	12543	12415
9	12416	12417	12545	12544	12416
9	12417	12418	12546	12545	12417
9	12418	12419	12547	12546	12418
9	12419	12420	12548	12547	12419
9	12420	12421	12549	12548	12420
9	12421	12422	12550	12549	12421
9	12422	12423	12551	12550	12422
9	12423	12424	12552	12551	12423
9	12424	12425	12553	12552	12424
9	12425	12426	12554	12553	12425
9	12426	12427	12555	12554	12426
9	12427	12428	12556	12555	12427
9	12428	12429	12557	12556	12428
9	12429	12430	12558	12557	12429
9	12430	12431	12559	12558	12430
9	12431	12432	12560	12559	12431
9	12432	12433	12561	12560	12432
9	12433	12434	12562	12561	12433
9	12434	12435	12563	12562	12434
9	12435	12436	12564	12563	12435
9	12436	12437	12565	12564	12436
9	12437	12438	12566	12565	12437
9	12438	12439	12567	12566	12438
9	12439	12440	12568	12567	12439
9	12440	12441	12569	12568	12440
9	12441	12442	12570	12569	12441
9	12442	12443	12571	12570	12442
9	12443	12444	12572	12571	12443
9	12444	12445	12573	12572	12444
9	12445	12446	12574	12573	12445
9	12446	12447	12575	12574	12446
9	12447	12448	12576	12575	12447
9	12448	12449	12577	12576	12448
9	12449	12450	12578	12577	12449
9	12450	12451	12579	12578	12450
9	12451	12452	12580	12579	12451
9	12452	12453	12581	12580	12452
9	12453	12454	12582	12581	12453
9	12454	12455	12583	12582	12454
9	12455	12456	12584	12583	12455
9	12456	12457	12585	12584	12456
9	12457	12458	12586	12585	12457
9	12458	12459	12587	12586	12458
9	12459	12460	12588	12587	12459
9	12460	12461	12589	12588	12460
9	12461	12462	12590	12589	12461
9	12462	12463	12591	12590	12462
9	12463	12464	12592	12591	12463
9	12464	12465	12593	12592	12464
9	12465	12466	12594	12593	12465
9	12466	12467	12595	12594	12466
9	12467	12468	12596	12595	12467
9	12468	12469	12597	12596	12468
9	12469	12470	12598	12597	12469
9	12470	12471	12599	12598	12470
9	12471	12472	12600	12599	12471
9	12472	12473	12601	12600	12472
9	12473	12474	12602	12601	12473
9	12474	12475	12603	12602	12474
9	12475	12476	12604	12603	12475
9	12476	12477	12605	12604	12476
9	12477	12478	12606	12605	12477
9	12478	12479	12607	12606	12478
9	12479	12480	12608	12607	12479
9	12480	12481	12609	12608	12480
9	12481	12482	12610	12609	12481
9	12482	12483	12611	12610	12482
9	12483	12484	12612	12611	12483
9	12484	12485	12613	12612	12484
9	12485	12486	12614	12613	12485
9	12486	12487	12615	12614	12486
9	12487	12488	12616	12615	12487
9	12488	12489	12617	12616	12488
9	12489	12490	12618	12617	12489
9	12490	12491	12619	12618	12490
9	12491	12492	12620	12619	12491
9	12492	12493	12621	12620	12492
9	12493	12494	12622	12621	12493
9	12494	12495	12623	12622	12494
9	12495	12496	12624	12623	12495
9	12496	12497	12625	12624	12496
9	12497	12498	12626	12625	12497
9	12498	12499	12627	12626	12498
9	12499	12500	12628	12627	12499
9	12500	12501	12629	12628	12500
9	12501	12502	12630	12629	12501
9	12502	12503	12631	12630	12502
9	12503	12504	12632	12631	12503
9	12504	12505	12633	12632	12504
9	12505	12506	12634	12633	12505
9	12506	12507	12635	12634	12506
9	12507	12508	12636	12635	12507
9	12508	12509	12637	12636	12508
9	12509	12510	12638	12637	12509
9	12510	12511	12639	12638	12510
9	12511	12512	12640	12639	12511
9	12512	12513	12641	12640	12512
9	12513	12514	12642	12641	12513
9	12514	12515	12643	12642	12514
9	12515	12516	12644	12643	12515
9	12516	12517	12645	12644	12516
9	12517	12518	12646	12645	12517
9	12518	12519	12647	12646	12518
9	12519	12520	12648	12647	12519
9	12520	12521	12649	12648	12520
9	12521	12522	12650	12649	12521
9	12522	12523	12651	12650	12522
9	12523	12524	12652	12651	12523
9	12524	12525	12653	12652	12524
9	12525	12526	12654	12653	12525
9	12526	12527	12655	12654	12526
9	12527	12528	12656	12655	12527
9	12528	12529	12657	12656	12528
9	12529	12530	12658	12657	12529
9	12530	12531	12659	12658	12530
9	12531	12532	12660	12659	12531
9	12532	12533	12661	12660	12532
9	12533	12534	12662	12661	12533
9	12534	12535	12663	12662	12534
9	12535	12536	12664	12663	12535
9	12536	12537	12665	12664	12536
9	12537	12538	12666	12665	12537
9	12538	12539	12667	12666	12538
9	12539	12540	12668	12667	12539
9	12540	12541	12669	12668	12540
9	12541	12542	12670	12669	12541
9	12542	12543	12671	12670	12542
9	12543	12416	12544	12671	12543
9	12544	12545	12673	12672	12544
9	12545	12546	12674	12673	12545
9	12546	12547	12675	12674	12546
9	12547	12548	12676	12675	12547
9	12548	12549	12677	12676	12548
9	12549	12550	12678	12677	12549
9	12550	12551	12679	12678	12550
9	12551	12552	12680	12679	12551
9	12552	12553	12681	12680	12552
9	12553	12554	12682	12681	12553
9	12554	12555	12683	12682	12554
9	12555	12556	12684	12683	12555
9	12556	12557	12685	12684	12556
9	12557	12558	12686	12685	12557
9	12558	12559	12687	12686	12558
9	12559	12560	12688	12687	12559
9	12560	12561	12689	12688	12560
9	12561	12562	12690	12689	12561
9	12562	12563	12691	12690	12562
9	12563	12564	12692	12691	12563
9	12564	12565	12693	12692	12564
9	12565	12566	12694	12693	12565
9	12566	12567	12695	12694	12566
9	12567	12568	12696	12695	12567
9	12568	12569	12697	12696	12568
9	12569	12570	12698	12697	12569
9	12570	12571	12699	12698	12570
9	12571	12572	12700	12699	12571
9	12572	12573	12701	12700	12572
9	12573	12574	12702	12701	12573
9	12574	12575	12703	12702	12574
9	12575	12576	12704	12703	12575
9	12576	12577	12705	12704	12576
9	12577	12578	12706	12705	12577
9	12578	12579	12707	12706	12578
9	12579	12580	12708	12707	12579
9	12580	12581	12709	12708	12580
9	12581	12582	12710	12709	12581
9	12582	12583	12711	12710	12582
9	12583	12584	12712	12711	12583
9	12584	12585	12713	12712	12584
9	12585	12586	12714	12713	12585
9	12586	12587	12715	12714	12586
9	12587	12588	12716	12715	12587
9	12588	12589	12717	12716	12588
9	12589	12590	12718	12717	12589
9	12590	12591	12719	12718	12590
9	12591	12592	12720	12719	12591
9	12592	12593	12721	12720	12592
9	12593	12594	12722	12721	12593
9	12594	12595	12723	12722	12594
9	12595	12596	12724	12723	12595
9	12596	12597	12725	12724	12596
9	12597	12598	12726	12725	12597
9	12598	12599	12727	12726	12598
9	12599	12600	12728	12727	12599
9	12600	12601	12729	12728	12600
9	12601	12602	12730	12729	12601
9	12602	12603	12731	12730	12602
9	12603	12604	12732	12731	12603
9	12604	12605	12733	12732	12604
9	12605	12606	12734	12733	12605
9	12606	12607	12735	12734	12606
9	12607	12608	12736	12735	12607
9	12608	12609	12737	12736	12608
9	12609	12610	12738	12737	12609
9	12610	12611	12739	12738	12610
9	12611	12612	12740	12739	12611
9	12612	12613	12741	12740	12612
9	12613	12614	12742	12741	12613
9	12614	12615	12743	12742	12614
9	12615	12616	12744	12743	12615
9	12616	12617	12745	12744	12616
9	12617	12618	12746	12745	12617
9	12618	12619	12747	12746	12618
9	12619	12620	12748	12747	12619
9	12620	12621	12749	12748	12620
9	12621	12622	12750	12749	12621
9	12622	12623	12751	12750	12622
9	12623	12624	12752	12751	12623
9	12624	12625	12753	12752	12624
9	12625	12626	12754	12753	12625
9	12626	12627	12755	12754	12626
9	12627	12628	12756	12755	12627
9	12628	12629	12757	12756	12628
9	12629	12630	12758	12757	12629
9	12630	12631	12759	12758	12630
9	12631	12632	12760	12759	12631
9	12632	12633	12761	12760	12632
9	12633	12634	12762	12761	12633
9	12634	12635	12763	12762	12634
9	12635	12636	12764	12763	12635
9	12636	12637	12765	12764	12636
9	12637	12638	12766	12765	12637
9	12638	12639	12767	12766	12638
9	12639	12640	12768	12767	12639
9	12640	12641	12769	12768	12640
9	12641	12642	12770	12769	12641
9	12642	12643	12771	12770	12642
9	12643	12644	12772	12771	12643
9	12644	12645	12773	12772	12644
9	12645	12646	12774	12773	12645
9	12646	12647	12775	12774	12646
9	12647	12648	12776	12775	12647
9	12648	12649	12777	12776	12648
9	12649	12650	12778	12777	12649
9	12650	12651	12779	12778	12650
9	12651	12652	12780	12779	12651
9	12652	12653	12781	12780	12652
9	12653	12654	12782	12781	12653
9	12654	12655	12783	12782	12654
9	12655	12656	12784	12783	12655
9	12656	12657	12785	12784	12656
9	12657	12658	12786	12785	12657
9	12658	12659	12787	12786	12658
9	12659	12660	12788	12787	12659
9	12660	12661	12789	12788	12660
9	12661	12662	12790	12789	12661
9	12662	12663	12791	12790	12662
9	12663	12664	12792	12791	12663
9	12664	12665	12793	12792	12664
9	12665	12666	12794	12793	12665
9	12666	12667	12795	12794	12666
9	12667	12668	12796	12795	12667
9	12668	12669	12797	12796	12668
9	12669	12670	12798	12797	12669
9	12670	12671	12799	12798	12670
9	12671	12544	12672	12799	12671
9	12672	12673	12801	12800	12672
9	12673	12674	12802	12801	12673
9	12674	12675	12803	12802	12674
9	12675	12676	12804	12803	12675
9	12676	12677	12805	12804	12676
9	12677	12678	12806	12805	12677
9	12678	12679	12807	12806	12678
9	12679	12680	12808	12807	12679
9	12680	12681	12809	12808	12680
9	12681	12682	12810	12809	12681
9	12682	12683	12811	12810	12682
9	12683	12684	12812	12811	12683
9	12684	12685	12813	12812	12684
9	12685	12686	12814	12813	12685
9	12686	12687	12815	12814	12686
9	12687	12688	12816	12815	12687
9	12688	12689	12817	12816	12688
9	12689	12690	12818	12817	12689
9	12690	12691	12819	12818	12690
9	12691	12692	12820	12819	12691
9	12692	12693	12821	12820	12692
9	12693	12694	12822	12821	12693
9	12694	12695	12823	12822	12694
9	12695	12696	12824	12823	12695
9	12696	12697	12825	12824	12696
9	12697	12698	12826	12825	12697
9	12698	12699	12827	12826	12698
9	12699	12700	12828	12827	12699
9	12700	12701	12829	12828	12700
9	12701	12702	12830	12829	12701
9	12702	12703	12831	12830	12702
9	12703	12704	12832	12831	12703
9	12704	12705	12833	12832	12704
9	12705	12706	12834	12833	12705
9	12706	12707	12835	12834	12706
9	12707	12708	12836	12835	12707
9	12708	12709	12837	12836	12708
9	12709	12710	12838	12837	12709
9	12710	12711	12839	12838	12710
9	12711	12712	12840	12839	12711
9	12712	12713	12841	12840	12712
9	12713	12714	12842	12841	12713
9	12714	12715	12843	12842	12714
9	12715	12716	12844	12843	12715
9	12716	12717	12845	12844	12716
9	12717	12718	12846	12845	12717
9	12718	12719	12847	12846	12718
9	12719	12720	12848	12847	12719
9	12720	12721	12849	12848	12720
9	12721	12722	12850	12849	12721
9	12722	12723	12851	12850	12722
9	12723	12724	12852	12851	12723
9	12724	12725	12853	12852	12724
9	12725	12726	12854	12853	12725
9	12726	12727	12855	12854	12726
9	12727	12728	12856	12855	12727
9	12728	12729	12857	12856	12728
9	12729	12730	12858	12857	12729
9	12730	12731	12859	12858	12730
9	12731	12732	12860	12859	12731
9	12732	12733	12861	12860	12732
9	12733	12734	12862	12861	12733
9	12734	12735	12863	12862	12734
9	12735	12736	12864	12863	12735
9	12736	12737	12865	12864	12736
9	12737	12738	12866	12865	12737
9	12738	12739	12867	12866	12738
9	12739	12740	12868	12867	12739
9	12740	12741	12869	12868	12740
9	12741	12742	12870	12869	12741
9	12742	12743	12871	12870	12742
9	12743	12744	12872	12871	12743
9	12744	12745	12873	12872	12744
9	12745	12746	12874	12873	12745
9	12746	12747	12875	12874	12746
9	12747	12748	12876	12875	12747
9	12748	12749	12877	12876	12748
9	12749	12750	12878	12877	12749
9	12750	12751	12879	12878	12750
9	12751	12752	12880	12879	12751
9	12752	12753	12881	12880	12752
9	12753	12754	12882	12881	12753
9	12754	12755	12883	12882	12754
9	12755	12756	12884	12883	12755
9	12756	12757	12885	12884	12756
9	12757	12758	12886	12885	12757
9	12758	12759	12887	12886	12758
9	12759	12760	12888	12887	12759
9	12760	12761	12889	12888	12760
9	12761	12762	12890	12889	12761
9	12762	12763	12891	12890	12762
9	12763	12764	12892	12891	12763
9	12764	12765	12893	12892	12764
9	12765	12766	12894	12893	12765
9	12766	12767	12895	12894	12766
9	12767	12768	12896	12895	12767
9	12768	12769	12897	12896	12768
9	12769	12770	12898	12897	12769
9	12770	12771	12899	12898	12770
9	12771	12772	12900	12899	12771
9	12772	12773	12901	12900	12772
9	12773	12774	12902	12901	12773
9	12774	12775	12903	12902	12774
9	12775	12776	12904	12903	12775
9	12776	12777	12905	12904	12776
9	12777	12778	12906	12905	12777
9	12778	12779	12907	12906	12778
9	12779	12780	12908	12907	12779
9	12780	12781	12909	12908	12780
9	12781	12782	12910	12909	12781
9	12782	12783	12911	12910	12782
9	12783	12784	12912	12911	12783
9	12784	12785	12913	12912	12784
9	12785	12786	12914	12913	12785
9	12786	12787	12915	12914	12786
9	12787	12788	12916	12915	12787
9	12788	12789	12917	12916	12788
9	12789	12790	12918	12917	12789
9	12790	12791	12919	12918	12790
9	12791	12792	12920	12919	12791
9	12792	12793	12921	12920	12792
9	12793	12794	12922	12921	12793
9	12794	12795	12923	12922	12794
9	12795	12796	12924	12923	12795
9	12796	12797	12925	12924	12796
9	12797	12798	12926	12925	12797
9	12798	12799	12927	12926	12798
9	12799	12672	12800	12927	12799
9	12800	12801	12929	12928	12800
9	12801	12802	12930	12929	12801
9	12802	12803	12931	12930	12802
9	12803	12804	12932	12931	12803
9	12804	12805	12933	12932	12804
9	12805	12806	12934	12933	12805
9	12806	12807	12935	12934	12806
9	12807	12808	12936	12935	12807
9	12808	12809	12937	12936	12808
9	12809	12810	12938	12937	12809
9	12810	12811	12939	12938	12810
9	12811	12812	12940	12939	12811
9	12812	12813	12941	12940	12812
9	12813	12814	12942	12941	12813
9	12814	12815	12943	12942	12814
9	12815	12816	12944	12943	12815
9	12816	12817	12945	12944	12816
9	12817	12818	12946	12945	12817
9	12818	12819	12947	12946	12818
9	12819	12820	12948	12947	12819
9	12820	12821	12949	12948	12820
9	12821	12822	12950	12949	12821
9	12822	12823	12951	12950	12822
9	12823	12824	12952	12951	12823
9	12824	12825	12953	12952	12824
9	12825	12826	12954	12953	12825
9	12826	12827	12955	12954	12826
9	12827	12828	12956	12955	12827
9	12828	12829	12957	12956	12828
9	12829	12830	12958	12957	12829
9	12830	12831	12959	12958	12830
9	12831	12832	12960	12959	12831
9	12832	12833	12961	12960	12832
9	12833	12834	12962	12961	12833
9	12834	12835	12963	12962	12834
9	12835	12836	12964	12963	12835
9	12836	12837	12965	12964	12836
9	12837	12838	12966	12965	12837
9	12838	12839	12967	12966	12838
9	12839	12840	12968	12967	12839
9	12840	12841	12969	12968	12840
9	12841	12842	12970	12969	12841
9	12842	12843	12971	12970	12842
9	12843	12844	12972	12971	12843
9	12844	12845	12973	12972	12844
9	12845	12846	12974	12973	12845
9	12846	12847	12975	12974	12846
9	12847	12848	12976	12975	12847
9	12848	12849	12977	12976	12848
9	12849	12850	12978	12977	12849
9	12850	12851	12979	12978	12850
9	12851	12852	12980	12979	12851
9	12852	12853	12981	12980	12852
9	12853	12854	12982	12981	12853
9	12854	12855	12983	12982	12854
9	12855	12856	12984	12983	12855
9	12856	12857	12985	12984	12856
9	12857	12858	12986	12985	12857
9	12858	12859	12987	12986	12858
9	12859	12860	12988	12987	12859
9	12860	12861	12989	12988	12860
9	12861	12862	12990	12989	12861
9	12862	12863	12991	12990	12862
9	12863	12864	12992	12991	12863
9	12864	12865	12993	12992	12864
9	12865	12866	12994	12993	12865
9	12866	12867	12995	12994	12866
9	12867	12868	12996	12995	12867
9	12868	12869	12997	12996	12868
9	12869	12870	12998	12997	12869
9	12870	12871	12999	12998	12870
9	12871	12872	13000	12999	12871
9	12872	12873	13001	13000	12872
9	12873	12874	13002	13001	12873
9	12874	12875	13003	13002	12874
9	12875	12876	13004	13003	12875
9	12876	12877	13005	13004	12876
9	12877	12878	13006	13005	12877
9	12878	12879	13007	13006	12878
9	12879	12880	13008	13007	12879
9	12880	12881	13009	13008	12880
9	12881	12882	13010	13009	12881
9	12882	12883	13011	13010	12882
9	12883	12884	13012	13011	12883
9	12884	12885	13013	13012	12884
9	12885	12886	13014	13013	12885
9	12886	12887	13015	13014	12886
9	12887	12888	13016	13015	12887
9	12888	12889	13017	13016	12888
9	12889	12890	13018	13017	12889
9	12890	12891	13019	13018	12890
9	12891	12892	13020	13019	12891
9	12892	12893	13021	13020	12892
9	12893	12894	13022	13021	12893
9	12894	12895	13023	13022	12894
9	12895	12896	13024	13023	12895
9	12896	12897	13025	13024	12896
9	12897	12898	13026	13025	12897
9	12898	12899	13027	13026	12898
9	12899	12900	13028	13027	12899
9	12900	12901	13029	13028	12900
9	12901	12902	13030	13029	12901
9	12902	12903	13031	13030	12902
9	12903	12904	13032	13031	12903
9	12904	12905	13033	13032	12904
9	12905	12906	13034	13033	12905
9	12906	12907	13035	13034	12906
9	12907	12908	13036	13035	12907
9	12908	12909	13037	13036	12908
9	12909	12910	13038	13037	12909
9	12910	12911	13039	13038	12910
9	12911	12912	13040	13039	12911
9	12912	12913	13041	13040	12912
9	12913	12914	13042	13041	12913
9	12914	12915	13043	13042	12914
9	12915	12916	13044	13043	12915
9	12916	12917	13045	13044	12916
9	12917	12918	13046	13045	12917
9	12918	12919	13047	13046	12918
9	12919	12920	13048	13047	12919
9	12920	12921	13049	13048	12920
9	12921	12922	13050	13049	12921
9	12922	12923	13051	13050	12922
9	12923	12924	13052	13051	12923
9	12924	12925	13053	13052	12924
9	12925	12926	13054	13053	12925
9	12926	12927	13055	13054	12926
9	12927	12800	12928	13055	12927
9	12928	12929	13057	13056	12928
9	12929	12930	13058	13057	12929
9	12930	12931	13059	13058	12930
9	12931	12932	13060	13059	12931
9	12932	12933	13061	13060	12932
9	12933	12934	13062	13061	12933
9	12934	12935	13063	13062	12934
9	12935	12936	13064	13063	12935
9	12936	12937	13065	13064	12936
9	12937	12938	13066	13065	12937
9	12938	12939	13067	13066	12938
9	12939	12940	13068	13067	12939
9	12940	12941	13069	13068	12940
9	12941	12942	13070	13069	12941
9	12942	12943	13071	13070	12942
9	12943	12944	13072	13071	12943
9	12944	12945	13073	13072	12944
9	12945	12946	13074	13073	12945
9	12946	12947	13075	13074	12946
9	12947	12948	13076	13075	12947
9	12948	12949	13077	13076	12948
9	12949	12950	13078	13077	12949
9	12950	12951	13079	13078	12950
9	12951	12952	13080	13079	12951
9	12952	12953	13081	13080	12952
9	12953	12954	13082	13081	12953
9	12954	12955	13083	13082	12954
9	12955	12956	13084	13083	12955
9	12956	12957	13085	13084	12956
9	12957	12958	13086	13085	12957
9	12958	12959	13087	13086	12958
9	12959	12960	13088	13087	12959
9	12960	12961	13089	13088	12960
9	12961	12962	13090	13089	12961
9	12962	12963	13091	13090	12962
9	12963	12964	13092	13091	12963
9	12964	12965	13093	13092	12964
9	12965	12966	13094	13093	12965
9	12966	12967	13095	13094	12966
9	12967	12968	13096	13095	12967
9	12968	12969	13097	13096	12968
9	12969	12970	13098	13097	12969
9	12970	12971	13099	13098	12970
9	12971	12972	13100	13099	12971
9	12972	12973	13101	13100	12972
9	12973	12974	13102	13101	12973
9	12974	12975	13103	13102	12974
9	12975	12976	13104	13103	12975
9	12976	12977	13105	13104	12976
9	12977	12978	13106	13105	12977
9	12978	12979	13107	13106	12978
9	12979	12980	13108	13107	12979
9	12980	12981	13109	13108	12980
9	12981	12982	13110	13109	12981
9	12982	12983	13111	13110	12982
9	12983	12984	13112	13111	12983
9	12984	12985	13113	13112	12984
9	12985	12986	13114	13113	12985
9	12986	12987	13115	13114	12986
9	12987	12988	13116	13115	12987
9	12988	12989	13117	13116	12988
9	12989	12990	13118	13117	12989
9	12990	12991	13119	13118	12990
9	12991	12992	13120	13119	12991
9	12992	12993	13121	13120	12992
9	12993	12994	13122	13121	12993
9	12994	12995	13123	13122	12994
9	12995	12996	13124	13123	12995
9	12996	12997	13125	13124	12996
9	12997	12998	13126	13125	12997
9	12998	12999	13127	13126	12998
9	12999	13000	13128	13127	12999
9	13000	13001	13129	13128	13000
9	13001	13002	13130	13129	13001
9	13002	13003	13131	13130	13002
9	13003	13004	13132	13131	13003
9	13004	13005	13133	13132	13004
9	13005	13006	13134	13133	13005
9	13006	13007	13135	13134	13006
9	13007	13008	13136	13135	13007
9	13008	13009	13137	13136	13008
9	13009	13010	13138	13137	13009
9	13010	13011	13139	13138	13010
9	13011	13012	13140	13139	13011
9	13012	13013	13141	13140	13012
9	13013	13014	13142	13141	13013
9	13014	13015	13143	13142	13014
9	13015	13016	13144	13143	13015
9	13016	13017	13145	13144	13016
9	13017	13018	13146	13145	13017
9	13018	13019	13147	13146	13018
9	13019	13020	13148	13147	13019
9	13020	13021	13149	13148	13020
9	13021	13022	13150	13149	13021
9	13022	13023	13151	13150	13022
9	13023	13024	13152	13151	13023
9	13024	13025	13153	13152	13024
9	13025	13026	13154	13153	13025
9	13026	13027	13155	13154	13026
9	13027	13028	13156	13155	13027
9	13028	13029	13157	13156	13028
9	13029	13030	13158	13157	13029
9	13030	13031	13159	13158	13030
9	13031	13032	13160	13159	13031
9	13032	13033	13161	13160	13032
9	13033	13034	13162	13161	13033
9	13034	13035	13163	13162	13034
9	13035	13036	13164	13163	13035
9	13036	13037	13165	13164	13036
9	13037	13038	13166	13165	13037
9	13038	13039	13167	13166	13038
9	13039	13040	13168	13167	13039
9	13040	13041	13169	13168	13040
9	13041	13042	13170	13169	13041
9	13042	13043	13171	13170	13042
9	13043	13044	13172	13171	13043
9	13044	13045	13173	13172	13044
9	13045	13046	13174	13173	13045
9	13046	13047	13175	13174	13046
9	13047	13048	13176	13175	13047
9	13048	13049	13177	13176	13048
9	13049	13050	13178	13177	13049
9	13050	13051	13179	13178	13050
9	13051	13052	13180	13179	13051
9	13052	13053	13181	13180	13052
9	13053	13054	13182	13181	13053
9	13054	13055	13183	13182	13054
9	13055	12928	13056	13183	13055
9	13056	13057	13185	13184	13056
9	13057	13058	13186	13185	13057
9	13058	13059	13187	13186	13058
9	13059	13060	13188	13187	13059
9	13060	13061	13189	13188	13060
9	13061	13062	13190	13189	13061
9	13062	13063	13191	13190	13062
9	13063	13064	13192	13191	13063
9	13064	13065	13193	13192	13064
9	13065	13066	13194	13193	13065
9	13066	13067	13195	13194	13066
9	13067	13068	13196	13195	13067
9	13068	13069	13197	13196	13068
9	13069	13070	13198	13197	13069
9	13070	13071	13199	13198	13070
9	13071	13072	13200	13199	13071
9	13072	13073	13201	13200	13072
9	13073	13074	13202	13201	13073
9	13074	13075	13203	13202	13074
9	13075	13076	13204	13203	13075
9	13076	13077	13205	13204	13076
9	13077	13078	13206	13205	13077
9	13078	13079	13207	13206	13078
9	13079	13080	13208	13207	13079
9	13080	13081	13209	13208	13080
9	13081	13082	13210	13209	13081
9	13082	13083	13211	13210	13082
9	13083	13084	13212	13211	13083
9	13084	13085	13213	13212	13084
9	13085	13086	13214	13213	13085
9	13086	13087	13215	13214	13086
9	13087	13088	13216	13215	13087
9	13088	13089	13217	13216	13088
9	13089	13090	13218	13217	13089
9	13090	13091	13219	13218	13090
9	13091	13092	13220	13219	13091
9	13092	13093	13221	13220	13092
9	13093	13094	13222	13221	13093
9	13094	13095	13223	13222	13094
9	13095	13096	13224	13223	13095
9	13096	13097	13225	13224	13096
9	13097	13098	13226	13225	13097
9	13098	13099	13227	13226	13098
9	13099	13100	13228	13227	13099
9	13100	13101	13229	13228	13100
9	13101	13102	13230	13229	13101
9	13102	13103	13231	13230	13102
9	13103	13104	13232	13231	13103
9	13104	13105	13233	13232	13104
9	13105	13106	13234	13233	13105
9	13106	13107	13235	13234	13106
9	13107	13108	13236	13235	13107
9	13108	13109	13237	13236	13108
9	13109	13110	13238	13237	13109
9	13110	13111	13239	13238	13110
9	13111	13112	13240	13239	13111
9	13112	13113	13241	13240	13112
9	13113	13114	13242	13241	13113
9	13114	13115	13243	13242	13114
9	13115	13116	13244	13243	13115
9	13116	13117	13245	13244	13116
9	13117	13118	13246	13245	13117
9	13118	13119	13247	13246	13118
9	13119	13120	13248	13247	13119
9	13120	13121	13249	13248	13120
9	13121	13122	13250	13249	13121
9	13122	13123	13251	13250	13122
9	13123	13124	13252	13251	13123
9	13124	13125	13253	13252	13124
9	13125	13126	13254	13253	13125
9	13126	13127	13255	13254	13126
9	13127	13128	13256	13255	13127
9	13128	13129	13257	13256	13128
9	13129	13130	13258	13257	13129
9	13130	13131	13259	13258	13130
9	13131	13132	13260	13259	13131
9	13132	13133	13261	13260	13132
9	13133	13134	13262	13261	13133
9	13134	13135	13263	13262	13134
9	13135	13136	13264	13263	13135
9	13136	13137	13265	13264	13136
9	13137	13138	13266	13265	13137
9	13138	13139	13267	13266	13138
9	13139	13140	13268	13267	13139
9	13140	13141	13269	13268	13140
9	13141	13142	13270	13269	13141
9	13142	13143	13271	13270	13142
9	13143	13144	13272	13271	13143
9	13144	13145	13273	13272	13144
9	13145	13146	13274	13273	13145
9	13146	13147	13275	13274	13146
9	13147	13148	13276	13275	13147
9	13148	13149	13277	13276	13148
9	13149	13150	13278	13277	13149
9	13150	13151	13279	13278	13150
9	13151	13152	13280	13279	13151
9	13152	13153	13281	13280	13152
9	13153	13154	13282	13281	13153
9	13154	13155	13283	13282	13154
9	13155	13156	13284	13283	13155
9	13156	13157	13285	13284	13156
9	13157	13158	13286	13285	13157
9	13158	13159	13287	13286	13158
9	13159	13160	13288	13287	13159
9	13160	13161	13289	13288	13160
9	13161	13162	13290	13289	13161
9	13162	13163	13291	13290	13162
9	13163	13164	13292	13291	13163
9	13164	13165	13293	13292	13164
9	13165	13166	13294	13293	13165
9	13166	13167	13295	13294	13166
9	13167	13168	13296	13295	13167
9	13168	13169	13297	13296	13168
9	13169	13170	13298	13297	13169
9	13170	13171	13299	13298	13170
9	13171	13172	13300	13299	13171
9	13172	13173	13301	13300	13172
9	13173	13174	13302	13301	13173
9	13174	13175	13303	13302	13174
9	13175	13176	13304	13303	13175
9	13176	13177	13305	13304	13176
9	13177	13178	13306	13305	13177
9	13178	13179	13307	13306	13178
9	13179	13180	13308	13307	13179
9	13180	13181	13309	13308	13180
9	13181	13182	13310	13309	13181
9	13182	13183	13311	13310	13182
9	13183	13056	13184	13311	13183
9	13184	13185	13313	13312	13184
9	13185	13186	13314	13313	13185
9	13186	13187	13315	13314	13186
9	13187	13188	13316	13315	13187
9	13188	13189	13317	13316	13188
9	13189	13190	13318	13317	13189
9	13190	13191	13319	13318	13190
9	13191	13192	13320	13319	13191
9	13192	13193	13321	13320	13192
9	13193	13194	13322	13321	13193
9	13194	13195	13323	13322	13194
9	13195	13196	13324	13323	13195
9	13196	13197	13325	13324	13196
9	13197	13198	13326	13325	13197
9	13198	13199	13327	13326	13198
9	13199	13200	13328	13327	13199
9	13200	13201	13329	13328	13200
9	13201	13202	13330	13329	13201
9	13202	13203	13331	13330	13202
9	13203	13204	13332	13331	13203
9	13204	13205	13333	13332	13204
9	13205	13206	13334	13333	13205
9	13206	13207	13335	13334	13206
9	13207	13208	13336	13335	13207
9	13208	13209	13337	13336	13208
9	13209	13210	13338	13337	13209
9	13210	13211	13339	13338	13210
9	13211	13212	13340	13339	13211
9	13212	13213	13341	13340	13212
9	13213	13214	13342	13341	13213
9	13214	13215	13343	13342	13214
9	13215	13216	13344	13343	13215
9	13216	13217	13345	13344	13216
9	13217	13218	13346	13345	13217
9	13218	13219	13347	13346	13218
9	13219	13220	13348	13347	13219
9	13220	13221	13349	13348	13220
9	13221	13222	13350	13349	13221
9	13222	13223	13351	13350	13222
9	13223	13224	13352	13351	13223
9	13224	13225	13353	13352	13224
9	13225	13226	13354	13353	13225
9	13226	13227	13355	13354	13226
9	13227	13228	13356	13355	13227
9	13228	13229	13357	13356	13228
9	13229	13230	13358	13357	13229
9	13230	13231	13359	13358	13230
9	13231	13232	13360	13359	13231
9	13232	13233	13361	13360	13232
9	13233	13234	13362	13361	13233
9	13234	13235	13363	13362	13234
9	13235	13236	13364	13363	13235
9	13236	13237	13365	13364	13236
9	13237	13238	13366	13365	13237
9	13238	13239	13367	13366	13238
9	13239	13240	13368	13367	13239
9	13240	13241	13369	13368	13240
9	13241	13242	13370	13369	13241
9	13242	13243	13371	13370	13242
9	13243	13244	13372	13371	13243
9	13244	13245	13373	13372	13244
9	13245	13246	13374	13373	13245
9	13246	13247	13375	13374	13246
9	13247	13248	13376	13375	13247
9	13248	13249	13377	13376	13248
9	13249	13250	13378	13377	13249
9	13250	13251	13379	13378	13250
9	13251	13252	13380	13379	13251
9	13252	13253	13381	13380	13252
9	13253	13254	13382	13381	13253
9	13254	13255	13383	13382	13254
9	13255	13256	13384	13383	13255
9	13256	13257	13385	13384	13256
9	13257	13258	13386	13385	13257
9	13258	13259	13387	13386	13258
9	13259	13260	13388	13387	13259
9	13260	13261	13389	13388	13260
9	13261	13262	13390	13389	13261
9	13262	13263	13391	13390	13262
9	13263	13264	13392	13391	13263
9	13264	13265	13393	13392	13264
9	13265	13266	13394	13393	13265
9	13266	13267	13395	13394	13266
9	13267	13268	13396	13395	13267
9	13268	13269	13397	13396	13268
9	13269	13270	13398	13397	13269
9	13270	13271	13399	13398	13270
9	13271	13272	13400	13399	13271
9	13272	13273	13401	13400	13272
9	13273	13274	13402	13401	13273
9	13274	13275	13403	13402	13274
9	13275	13276	13404	13403	13275
9	13276	13277	13405	13404	13276
9	13277	13278	13406	13405	13277
9	13278	13279	13407	13406	13278
9	13279	13280	13408	13407	13279
9	13280	13281	13409	13408	13280
9	13281	13282	13410	13409	13281
9	13282	13283	13411	13410	13282
9	13283	13284	13412	13411	13283
9	13284	13285	13413	13412	13284
9	13285	13286	13414	13413	13285
9	13286	13287	13415	13414	13286
9	13287	13288	13416	13415	13287
9	13288	13289	13417	13416	13288
9	13289	13290	13418	13417	13289
9	13290	13291	13419	13418	13290
9	13291	13292	13420	13419	13291
9	13292	13293	13421	13420	13292
9	13293	13294	13422	13421	13293
9	13294	13295	13423	13422	13294
9	13295	13296	13424	13423	13295
9	13296	13297	13425	13424	13296
9	13297	13298	13426	13425	13297
9	13298	13299	13427	13426	13298
9	13299	13300	13428	13427	13299
9	13300	13301	13429	13428	13300
9	13301	13302	13430	13429	13301
9	13302	13303	13431	13430	13302
9	13303	13304	13432	13431	13303
9	13304	13305	13433	13432	13304
9	13305	13306	13434	13433	13305
9	13306	13307	13435	13434	13306
9	13307	13308	13436	13435	13307
9	13308	13309	13437	13436	13308
9	13309	13310	13438	13437	13309
9	13310	13311	13439	13438	13310
9	13311	13184	13312	13439	13311
9	13312	13313	13441	13440	13312
9	13313	13314	13442	13441	13313
9	13314	13315	13443	13442	13314
9	13315	13316	13444	13443	13315
9	13316	13317	13445	13444	13316
9	13317	13318	13446	13445	13317
9	13318	13319	13447	13446	13318
9	13319	13320	13448	13447	13319
9	13320	13321	13449	13448	13320
9	13321	13322	13450	13449	13321
9	13322	13323	13451	13450	13322
9	13323	13324	13452	13451	13323
9	13324	13325	13453	13452	13324
9	13325	13326	13454	13453	13325
9	13326	13327	13455	13454	13326
9	13327	13328	13456	13455	13327
9	13328	13329	13457	13456	13328
9	13329	13330	13458	13457	13329
9	13330	13331	13459	13458	13330
9	13331	13332	13460	13459	13331
9	13332	13333	13461	13460	13332
9	13333	13334	13462	13461	13333
9	13334	13335	13463	13462	13334
9	13335	13336	13464	13463	13335
9	13336	13337	13465	13464	13336
9	13337	13338	13466	13465	13337
9	13338	13339	13467	13466	13338
9	13339	13340	13468	13467	13339
9	13340	13341	13469	13468	13340
9	13341	13342	13470	13469	13341
9	13342	13343	13471	13470	13342
9	13343	13344	13472	13471	13343
9	13344	13345	13473	13472	13344
9	13345	13346	13474	13473	13345
9	13346	13347	13475	13474	13346
9	13347	13348	13476	13475	13347
9	13348	13349	13477	13476	13348
9	13349	13350	13478	13477	13349
9	13350	13351	13479	13478	13350
9	13351	13352	13480	13479	13351
9	13352	13353	13481	13480	13352
9	13353	13354	13482	13481	13353
9	13354	13355	13483	13482	13354
9	13355	13356	13484	13483	13355
9	13356	13357	13485	13484	13356
9	13357	13358	13486	13485	13357
9	13358	13359	13487	13486	13358
9	13359	13360	13488	13487	13359
9	13360	13361	13489	13488	13360
9	13361	13362	13490	13489	13361
9	13362	13363	13491	13490	13362
9	13363	13364	13492	13491	13363
9	13364	13365	13493	13492	13364
9	13365	13366	13494	13493	13365
9	13366	13367	13495	13494	13366
9	13367	13368	13496	13495	13367
9	13368	13369	13497	13496	13368
9	13369	13370	13498	13497	13369
9	13370	13371	13499	13498	13370
9	13371	13372	13500	13499	13371
9	13372	13373	13501	13500	13372
9	13373	13374	13502	13501	13373
9	13374	13375	13503	13502	13374
9	13375	13376	13504	13503	13375
9	13376	13377	13505	13504	13376
9	13377	13378	13506	13505	13377
9	13378	13379	13507	13506	13378
9	13379	13380	13508	13507	13379
9	13380	13381	13509	13508	13380
9	13381	13382	13510	13509	13381
9	13382	13383	13511	13510	13382
9	13383	13384	13512	13511	13383
9	13384	13385	13513	13512	13384
9	13385	13386	13514	13513	13385
9	13386	13387	13515	13514	13386
9	13387	13388	13516	13515	13387
9	13388	13389	13517	13516	13388
9	13389	13390	13518	13517	13389
9	13390	13391	13519	13518	13390
9	13391	13392	13520	13519	13391
9	13392	13393	13521	13520	13392
9	13393	13394	13522	13521	13393
9	13394	13395	13523	13522	13394
9	13395	13396	13524	13523	13395
9	13396	13397	13525	13524	13396
9	13397	13398	13526	13525	13397
9	13398	13399	13527	13526	13398
9	13399	13400	13528	13527	13399
9	13400	13401	13529	13528	13400
9	13401	13402	13530	13529	13401
9	13402	13403	13531	13530	13402
9	13403	13404	13532	13531	13403
9	13404	13405	13533	13532	13404
9	13405	13406	13534	13533	13405
9	13406	13407	13535	13534	13406
9	13407	13408	13536	13535	13407
9	13408	13409	13537	13536	13408
9	13409	13410	13538	13537	13409
9	13410	13411	13539	13538	13410
9	13411	13412	13540	13539	13411
9	13412	13413	13541	13540	13412
9	13413	13414	13542	13541	13413
9	13414	13415	13543	13542	13414
9	13415	13416	13544	13543	13415
9	13416	13417	13545	13544	13416
9	13417	13418	13546	13545	13417
9	13418	13419	13547	13546	13418
9	13419	13420	13548	13547	13419
9	13420	13421	13549	13548	13420
9	13421	13422	13550	13549	13421
9	13422	13423	13551	13550	13422
9	13423	13424	13552	13551	13423
9	13424	13425	13553	13552	13424
9	13425	13426	13554	13553	13425
9	13426	13427	13555	13554	13426
9	13427	13428	13556	13555	13427
9	13428	13429	13557	13556	13428
9	13429	13430	13558	13557	13429
9	13430	13431	13559	13558	13430
9	13431	13432	13560	13559	13431
9	13432	13433	13561	13560	13432
9	13433	13434	13562	13561	13433
9	13434	13435	13563	13562	13434
9	13435	13436	13564	13563	13435
9	13436	13437	13565	13564	13436
9	13437	13438	13566	13565	13437
9	13438	13439	13567	13566	13438
9	13439	13312	13440	13567	13439
9	13440	13441	13569	13568	13440
9	13441	13442	13570	13569	13441
9	13442	13443	13571	13570	13442
9	13443	13444	13572	13571	13443
9	13444	13445	13573	13572	13444
9	13445	13446	13574	13573	13445
9	13446	13447	13575	13574	13446
9	13447	13448	13576	13575	13447
9	13448	13449	13577	13576	13448
9	13449	13450	13578	13577	13449
9	13450	13451	13579	13578	13450
9	13451	13452	13580	13579	13451
9	13452	13453	13581	13580	13452
9	13453	13454	13582	13581	13453
9	13454	13455	13583	13582	13454
9	13455	13456	13584	13583	13455
9	13456	13457	13585	13584	13456
9	13457	13458	13586	13585	13457
9	13458	13459	13587	13586	13458
9	13459	13460	13588	13587	13459
9	13460	13461	13589	13588	13460
9	13461	13462	13590	13589	13461
9	13462	13463	13591	13590	13462
9	13463	13464	13592	13591	13463
9	13464	13465	13593	13592	13464
9	13465	13466	13594	13593	13465
9	13466	13467	13595	13594	13466
9	13467	13468	13596	13595	13467
9	13468	13469	13597	13596	13468
9	13469	13470	13598	13597	13469
9	13470	13471	13599	13598	13470
9	13471	13472	13600	13599	13471
9	13472	13473	13601	13600	13472
9	13473	13474	13602	13601	13473
9	13474	13475	13603	13602	13474
9	13475	13476	13604	13603	13475
9	13476	13477	13605	13604	13476
9	13477	13478	13606	13605	13477
9	13478	13479	13607	13606	13478
9	13479	13480	13608	13607	13479
9	13480	13481	13609	13608	13480
9	13481	13482	13610	13609	13481
9	13482	13483	13611	13610	13482
9	13483	13484	13612	13611	13483
9	13484	13485	13613	13612	13484
9	13485	13486	13614	13613	13485
9	13486	13487	13615	13614	13486
9	13487	13488	13616	13615	13487
9	13488	13489	13617	13616	13488
9	13489	13490	13618	13617	13489
9	13490	13491	13619	13618	13490
9	13491	13492	13620	13619	13491
9	13492	13493	13621	13620	13492
9	13493	13494	13622	13621	13493
9	13494	13495	13623	13622	13494
9	13495	13496	13624	13623	13495
9	13496	13497	13625	13624	13496
9	13497	13498	13626	13625	13497
9	13498	13499	13627	13626	13498
9	13499	13500	13628	13627	13499
9	13500	13501	13629	13628	13500
9	13501	13502	13630	13629	13501
9	13502	13503	13631	13630	13502
9	13503	13504	13632	13631	13503
9	13504	13505	13633	13632	13504
9	13505	13506	13634	13633	13505
9	13506	13507	13635	13634	13506
9	13507	13508	13636	13635	13507
9	13508	13509	13637	13636	13508
9	13509	13510	13638	13637	13509
9	13510	13511	13639	13638	13510
9	13511	13512	13640	13639	13511
9	13512	13513	13641	13640	13512
9	13513	13514	13642	13641	13513
9	13514	13515	13643	13642	13514
9	13515	13516	13644	13643	13515
9	13516	13517	13645	13644	13516
9	13517	13518	13646	13645	13517
9	13518	13519	13647	13646	13518
9	13519	13520	13648	13647	13519
9	13520	13521	13649	13648	13520
9	13521	13522	13650	13649	13521
9	13522	13523	13651	13650	13522
9	13523	13524	13652	13651	13523
9	13524	13525	13653	13652	13524
9	13525	13526	13654	13653	13525
9	13526	13527	13655	13654	13526
9	13527	13528	13656	13655	13527
9	13528	13529	13657	13656	13528
9	13529	13530	13658	13657	13529
9	13530	13531	13659	13658	13530
9	13531	13532	13660	13659	13531
9	13532	13533	13661	13660	13532
9	13533	13534	13662	13661	13533
9	13534	13535	13663	13662	13534
9	13535	13536	13664	13663	13535
9	13536	13537	13665	13664	13536
9	13537	13538	13666	13665	13537
9	13538	13539	13667	13666	13538
9	13539	13540	13668	13667	13539
9	13540	13541	13669	13668	13540
9	13541	13542	13670	13669	13541
9	13542	13543	13671	13670	13542
9	13543	13544	13672	13671	13543
9	13544	13545	13673	13672	13544
9	13545	13546	13674	13673	13545
9	13546	13547	13675	13674	13546
9	13547	13548	13676	13675	13547
9	13548	13549	13677	13676	13548
9	13549	13550	13678	13677	13549
9	13550	13551	13679	13678	13550
9	13551	13552	13680	13679	13551
9	13552	13553	13681	13680	13552
9	13553	13554	13682	13681	13553
9	13554	13555	13683	13682	13554
9	13555	13556	13684	13683	13555
9	13556	13557	13685	13684	13556
9	13557	13558	13686	13685	13557
9	13558	13559	13687	13686	13558
9	13559	13560	13688	13687	13559
9	13560	13561	13689	13688	13560
9	13561	13562	13690	13689	13561
9	13562	13563	13691	13690	13562
9	13563	13564	13692	13691	13563
9	13564	13565	13693	13692	13564
9	13565	13566	13694	13693	13565
9	13566	13567	13695	13694	13566
9	13567	13440	13568	13695	13567
9	13568	13569	13697	13696	13568
9	13569	13570	13698	13697	13569
9	13570	13571	13699	13698	13570
9	13571	13572	13700	13699	13571
9	13572	13573	13701	13700	13572
9	13573	13574	13702	13701	13573
9	13574	13575	13703	13702	13574
9	13575	13576	13704	13703	13575
9	13576	13577	13705	13704	13576
9	13577	13578	13706	13705	13577
9	13578	13579	13707	13706	13578
9	13579	13580	13708	13707	13579
9	13580	13581	13709	13708	13580
9	13581	13582	13710	13709	13581
9	13582	13583	13711	13710	13582
9	13583	13584	13712	13711	13583
9	13584	13585	13713	13712	13584
9	13585	13586	13714	13713	13585
9	13586	13587	13715	13714	13586
9	13587	13588	13716	13715	13587
9	13588	13589	13717	13716	13588
9	13589	13590	13718	13717	13589
9	13590	13591	13719	13718	13590
9	13591	13592	13720	13719	13591
9	13592	13593	13721	13720	13592
9	13593	13594	13722	13721	13593
9	13594	13595	13723	13722	13594
9	13595	13596	13724	13723	13595
9	13596	13597	13725	13724	13596
9	13597	13598	13726	13725	13597
9	13598	13599	13727	13726	13598
9	13599	13600	13728	13727	13599
9	13600	13601	13729	13728	13600
9	13601	13602	13730	13729	13601
9	13602	13603	13731	13730	13602
9	13603	13604	13732	13731	13603
9	13604	13605	13733	13732	13604
9	13605	13606	13734	13733	13605
9	13606	13607	13735	13734	13606
9	13607	13608	13736	13735	13607
9	13608	13609	13737	13736	13608
9	13609	13610	13738	13737	13609
9	13610	13611	13739	13738	13610
9	13611	13612	13740	13739	13611
9	13612	13613	13741	13740	13612
9	13613	13614	13742	13741	13613
9	13614	13615	13743	13742	13614
9	13615	13616	13744	13743	13615
9	13616	13617	13745	13744	13616
9	13617	13618	13746	13745	13617
9	13618	13619	13747	13746	13618
9	13619	13620	13748	13747	13619
9	13620	13621	13749	13748	13620
9	13621	13622	13750	13749	13621
9	13622	13623	13751	13750	13622
9	13623	13624	13752	13751	13623
9	13624	13625	13753	13752	13624
9	13625	13626	13754	13753	13625
9	13626	13627	13755	13754	13626
9	13627	13628	13756	13755	13627
9	13628	13629	13757	13756	13628
9	13629	13630	13758	13757	13629
9	13630	13631	13759	13758	13630
9	13631	13632	13760	13759	13631
9	13632	13633	13761	13760	13632
9	13633	13634	13762	13761	13633
9	13634	13635	13763	13762	13634
9	13635	13636	13764	13763	13635
9	13636	13637	13765	13764	13636
9	13637	13638	13766	13765	13637
9	13638	13639	13767	13766	13638
9	13639	13640	13768	13767	13639
9	13640	13641	13769	13768	13640
9	13641	13642	13770	13769	13641
9	13642	13643	13771	13770	13642
9	13643	13644	13772	13771	13643
9	13644	13645	13773	13772	13644
9	13645	13646	13774	13773	13645
9	13646	13647	13775	13774	13646
9	13647	13648	13776	13775	13647
9	13648	13649	13777	13776	13648
9	13649	13650	13778	13777	13649
9	13650	13651	13779	13778	13650
9	13651	13652	13780	13779	13651
9	13652	13653	13781	13780	13652
9	13653	13654	13782	13781	13653
9	13654	13655	13783	13782	13654
9	13655	13656	13784	13783	13655
9	13656	13657	13785	13784	13656
9	13657	13658	13786	13785	13657
9	13658	13659	13787	13786	13658
9	13659	13660	13788	13787	13659
9	13660	13661	13789	13788	13660
9	13661	13662	13790	13789	13661
9	13662	13663	13791	13790	13662
9	13663	13664	13792	13791	13663
9	13664	13665	13793	13792	13664
9	13665	13666	13794	13793	13665
9	13666	13667	13795	13794	13666
9	13667	13668	13796	13795	13667
9	13668	13669	13797	13796	13668
9	13669	13670	13798	13797	13669
9	13670	13671	13799	13798	13670
9	13671	13672	13800	13799	13671
9	13672	13673	13801	13800	13672
9	13673	13674	13802	13801	13673
9	13674	13675	13803	13802	13674
9	13675	13676	13804	13803	13675
9	13676	13677	13805	13804	13676
9	13677	13678	13806	13805	13677
9	13678	13679	13807	13806	13678
9	13679	13680	13808	13807	13679
9	13680	13681	13809	13808	13680
9	13681	13682	13810	13809	13681
9	13682	13683	13811	13810	13682
9	13683	13684	13812	13811	13683
9	13684	13685	13813	13812	13684
9	13685	13686	13814	13813	13685
9	13686	13687	13815	13814	13686
9	13687	13688	13816	13815	13687
9	13688	13689	13817	13816	13688
9	13689	13690	13818	13817	13689
9	13690	13691	13819	13818	13690
9	13691	13692	13820	13819	13691
9	13692	13693	13821	13820	13692
9	13693	13694	13822	13821	13693
9	13694	13695	13823	13822	13694
9	13695	13568	13696	13823	13695
9	13696	13697	13825	13824	13696
9	13697	13698	13826	13825	13697
9	13698	13699	13827	13826	13698
9	13699	13700	13828	13827	13699
9	13700	13701	13829	13828	13700
9	13701	13702	13830	13829	13701
9	13702	13703	13831	13830	13702
9	13703	13704	13832	13831	13703
9	13704	13705	13833	13832	13704
9	13705	13706	13834	13833	13705
9	13706	13707	13835	13834	13706
9	13707	13708	13836	13835	13707
9	13708	13709	13837	13836	13708
9	13709	13710	13838	13837	13709
9	13710	13711	13839	13838	13710
9	13711	13712	13840	13839	13711
9	13712	13713	13841	13840	13712
9	13713	13714	13842	13841	13713
9	13714	13715	13843	13842	13714
9	13715	13716	13844	13843	13715
9	13716	13717	13845	13844	13716
9	13717	13718	13846	13845	13717
9	13718	13719	13847	13846	13718
9	13719	13720	13848	13847	13719
9	13720	13721	13849	13848	13720
9	13721	13722	13850	13849	13721
9	13722	13723	13851	13850	13722
9	13723	13724	13852	13851	13723
9	13724	13725	13853	13852	13724
9	13725	13726	13854	13853	13725
9	13726	13727	13855	13854	13726
9	13727	13728	13856	13855	13727
9	13728	13729	13857	13856	13728
9	13729	13730	13858	13857	13729
9	13730	13731	13859	13858	13730
9	13731	13732	13860	13859	13731
9	13732	13733	13861	13860	13732
9	13733	13734	13862	13861	13733
9	13734	13735	13863	13862	13734
9	13735	13736	13864	13863	13735
9	13736	13737	13865	13864	13736
9	13737	13738	13866	13865	13737
9	13738	13739	13867	13866	13738
9	13739	13740	13868	13867	13739
9	13740	13741	13869	13868	13740
9	13741	13742	13870	13869	13741
9	13742	13743	13871	13870	13742
9	13743	13744	13872	13871	13743
9	13744	13745	13873	13872	13744
9	13745	13746	13874	13873	13745
9	13746	13747	13875	13874	13746
9	13747	13748	13876	13875	13747
9	13748	13749	13877	13876	13748
9	13749	13750	13878	13877	13749
9	13750	13751	13879	13878	13750
9	13751	13752	13880	13879	13751
9	13752	13753	13881	13880	13752
9	13753	13754	13882	13881	13753
9	13754	13755	13883	13882	13754
9	13755	13756	13884	13883	13755
9	13756	13757	13885	13884	13756
9	13757	13758	13886	13885	13757
9	13758	13759	13887	13886	13758
9	13759	13760	13888	13887	13759
9	13760	13761	13889	13888	13760
9	13761	13762	13890	13889	13761
9	13762	13763	13891	13890	13762
9	13763	13764	13892	13891	13763
9	13764	13765	13893	13892	13764
9	13765	13766	13894	13893	13765
9	13766	13767	13895	13894	13766
9	13767	13768	13896	13895	13767
9	13768	13769	13897	13896	13768
9	13769	13770	13898	13897	13769
9	13770	13771	13899	13898	13770
9	13771	13772	13900	13899	13771
9	13772	13773	13901	13900	13772
9	13773	13774	13902	13901	13773
9	13774	13775	13903	13902	13774
9	13775	13776	13904	13903	13775
9	13776	13777	13905	13904	13776
9	13777	13778	13906	13905	13777
9	13778	13779	13907	13906	13778
9	13779	13780	13908	13907	13779
9	13780	13781	13909	13908	13780
9	13781	13782	13910	13909	13781
9	13782	13783	13911	13910	13782
9	13783	13784	13912	13911	13783
9	13784	13785	13913	13912	13784
9	13785	13786	13914	13913	13785
9	13786	13787	13915	13914	13786
9	13787	13788	13916	13915	13787
9	13788	13789	13917	13916	13788
9	13789	13790	13918	13917	13789
9	13790	13791	13919	13918	13790
9	13791	13792	13920	13919	13791
9	13792	13793	13921	13920	13792
9	13793	13794	13922	13921	13793
9	13794	13795	13923	13922	13794
9	13795	13796	13924	13923	13795
9	13796	13797	13925	13924	13796
9	13797	13798	13926	13925	13797
9	13798	13799	13927	13926	13798
9	13799	13800	13928	13927	13799
9	13800	13801	13929	13928	13800
9	13801	13802	13930	13929	13801
9	13802	13803	13931	13930	13802
9	13803	13804	13932	13931	13803
9	13804	13805	13933	13932	13804
9	13805	13806	13934	13933	13805
9	13806	13807	13935	13934	13806
9	13807	13808	13936	13935	13807
9	13808	13809	13937	13936	13808
9	13809	13810	13938	13937	13809
9	13810	13811	13939	13938	13810
9	13811	13812	13940	13939	13811
9	13812	13813	13941	13940	13812
9	13813	13814	13942	13941	13813
9	13814	13815	13943	13942	13814
9	13815	13816	13944	13943	13815
9	13816	13817	13945	13944	13816
9	13817	13818	13946	13945	13817
9	13818	13819	13947	13946	13818
9	13819	13820	13948	13947	13819
9	13820	13821	13949	13948	13820
9	13821	13822	13950	13949	13821
9	13822	13823	13951	13950	13822
9	13823	13696	13824	13951	13823
9	13824	13825	13953	13952	13824
9	13825	13826	13954	13953	13825
9	13826	13827	13955	13954	13826
9	13827	13828	13956	13955	13827
9	13828	13829	13957	13956	13828
9	13829	13830	13958	13957	13829
9	13830	13831	13959	13958	13830
9	13831	13832	13960	13959	13831
9	13832	13833	13961	13960	13832
9	13833	13834	13962	13961	13833
9	13834	13835	13963	13962	13834
9	13835	13836	13964	13963	13835
9	13836	13837	13965	13964	13836
9	13837	13838	13966	13965	13837
9	13838	13839	13967	13966	13838
9	13839	13840	13968	13967	13839
9	13840	13841	13969	13968	13840
9	13841	13842	13970	13969	13841
9	13842	13843	13971	13970	13842
9	13843	13844	13972	13971	13843
9	13844	13845	13973	13972	13844
9	13845	13846	13974	13973	13845
9	13846	13847	13975	13974	13846
9	13847	13848	13976	13975	13847
9	13848	13849	13977	13976	13848
9	13849	13850	13978	13977	13849
9	13850	13851	13979	13978	13850
9	13851	13852	13980	13979	13851
9	13852	13853	13981	13980	13852
9	13853	13854	13982	13981	13853
9	13854	13855	13983	13982	13854
9	13855	13856	13984	13983	13855
9	13856	13857	13985	13984	13856
9	13857	13858	13986	13985	13857
9	13858	13859	13987	13986	13858
9	13859	13860	13988	13987	13859
9	13860	13861	13989	13988	13860
9	13861	13862	13990	13989	13861
9	13862	13863	13991	13990	13862
9	13863	13864	13992	13991	13863
9	13864	13865	13993	13992	13864
9	13865	13866	13994	13993	13865
9	13866	13867	13995	13994	13866
9	13867	13868	13996	13995	13867
9	13868	13869	13997	13996	13868
9	13869	13870	13998	13997	13869
9	13870	13871	13999	13998	13870
9	13871	13872	14000	13999	13871
9	13872	13873	14001	14000	13872
9	13873	13874	14002	14001	13873
9	13874	13875	14003	14002	13874
9	13875	13876	14004	14003	13875
9	13876	13877	14005	14004	13876
9	13877	13878	14006	14005	13877
9	13878	13879	14007	14006	13878
9	13879	13880	14008	14007	13879
9	13880	13881	14009	14008	13880
9	13881	13882	14010	14009	13881
9	13882	13883	14011	14010	13882
9	13883	13884	14012	14011	13883
9	13884	13885	14013	14012	13884
9	13885	13886	14014	14013	13885
9	13886	13887	14015	14014	13886
9	13887	13888	14016	14015	13887
9	13888	13889	14017	14016	13888
9	13889	13890	14018	14017	13889
9	13890	13891	14019	14018	13890
9	13891	13892	14020	14019	13891
9	13892	13893	14021	14020	13892
9	13893	13894	14022	14021	13893
9	13894	13895	14023	14022	13894
9	13895	13896	14024	14023	13895
9	13896	13897	14025	14024	13896
9	13897	13898	14026	14025	13897
9	13898	13899	14027	14026	13898
9	13899	13900	14028	14027	13899
9	13900	13901	14029	14028	13900
9	13901	13902	14030	14029	13901
9	13902	13903	14031	14030	13902
9	13903	13904	14032	14031	13903
9	13904	13905	14033	14032	13904
9	13905	13906	14034	14033	13905
9	13906	13907	14035	14034	13906
9	13907	13908	14036	14035	13907
9	13908	13909	14037	14036	13908
9	13909	13910	14038	14037	13909
9	13910	13911	14039	14038	13910
9	13911	13912	14040	14039	13911
9	13912	13913	14041	14040	13912
9	13913	13914	14042	14041	13913
9	13914	13915	14043	14042	13914
9	13915	13916	14044	14043	13915
9	13916	13917	14045	14044	13916
9	13917	13918	14046	14045	13917
9	13918	13919	14047	14046	13918
9	13919	13920	14048	14047	13919
9	13920	13921	14049	14048	13920
9	13921	13922	14050	14049	13921
9	13922	13923	14051	14050	13922
9	13923	13924	14052	14051	13923
9	13924	13925	14053	14052	13924
9	13925	13926	14054	14053	13925
9	13926	13927	14055	14054	13926
9	13927	13928	14056	14055	13927
9	13928	13929	14057	14056	13928
9	13929	13930	14058	14057	13929
9	13930	13931	14059	14058	13930
9	13931	13932	14060	14059	13931
9	13932	13933	14061	14060	13932
9	13933	13934	14062	14061	13933
9	13934	13935	14063	14062	13934
9	13935	13936	14064	14063	13935
9	13936	13937	14065	14064	13936
9	13937	13938	14066	14065	13937
9	13938	13939	14067	14066	13938
9	13939	13940	14068	14067	13939
9	13940	13941	14069	14068	13940
9	13941	13942	14070	14069	13941
9	13942	13943	14071	14070	13942
9	13943	13944	14072	14071	13943
9	13944	13945	14073	14072	13944
9	13945	13946	14074	14073	13945
9	13946	13947	14075	14074	13946
9	13947	13948	14076	14075	13947
9	13948	13949	14077	14076	13948
9	13949	13950	14078	14077	13949
9	13950	13951	14079	14078	13950
9	13951	13824	13952	14079	13951
9	13952	13953	14081	14080	13952
9	13953	13954	14082	14081	13953
9	13954	13955	14083	14082	13954
9	13955	13956	14084	14083	13955
9	13956	13957	14085	14084	13956
9	13957	13958	14086	14085	13957
9	13958	13959	14087	14086	13958
9	13959	13960	14088	14087	13959
9	13960	13961	14089	14088	13960
9	13961	13962	14090	14089	13961
9	13962	13963	14091	14090	13962
9	13963	13964	14092	14091	13963
9	13964	13965	14093	14092	13964
9	13965	13966	14094	14093	13965
9	13966	13967	14095	14094	13966
9	13967	13968	14096	14095	13967
9	13968	13969	14097	14096	13968
9	13969	13970	14098	14097	13969
9	13970	13971	14099	14098	13970
9	13971	13972	14100	14099	13971
9	13972	13973	14101	14100	13972
9	13973	13974	14102	14101	13973
9	13974	13975	14103	14102	13974
9	13975	13976	14104	14103	13975
9	13976	13977	14105	14104	13976
9	13977	13978	14106	14105	13977
9	13978	13979	14107	14106	13978
9	13979	13980	14108	14107	13979
9	13980	13981	14109	14108	13980
9	13981	13982	14110	14109	13981
9	13982	13983	14111	14110	13982
9	13983	13984	14112	14111	13983
9	13984	13985	14113	14112	13984
9	13985	13986	14114	14113	13985
9	13986	13987	14115	14114	13986
9	13987	13988	14116	14115	13987
9	13988	13989	14117	14116	13988
9	13989	13990	14118	14117	13989
9	13990	13991	14119	14118	13990
9	13991	13992	14120	14119	13991
9	13992	13993	14121	14120	13992
9	13993	13994	14122	14121	13993
9	13994	13995	14123	14122	13994
9	13995	13996	14124	14123	13995
9	13996	13997	14125	14124	13996
9	13997	13998	14126	14125	13997
9	13998	13999	14127	14126	13998
9	13999	14000	14128	14127	13999
9	14000	14001	14129	14128	14000
9	14001	14002	14130	14129	14001
9	14002	14003	14131	14130	14002
9	14003	14004	14132	14131	14003
9	14004	14005	14133	14132	14004
9	14005	14006	14134	14133	14005
9	14006	14007	14135	14134	14006
9	14007	14008	14136	14135	14007
9	14008	14009	14137	14136	14008
9	14009	14010	14138	14137	14009
9	14010	14011	14139	14138	14010
9	14011	14012	14140	14139	14011
9	14012	14013	14141	14140	14012
9	14013	14014	14142	14141	14013
9	14014	14015	14143	14142	14014
9	14015	14016	14144	14143	14015
9	14016	14017	14145	14144	14016
9	14017	14018	14146	14145	14017
9	14018	14019	14147	14146	14018
9	14019	14020	14148	14147	14019
9	14020	14021	14149	14148	14020
9	14021	14022	14150	14149	14021
9	14022	14023	14151	14150	14022
9	14023	14024	14152	14151	14023
9	14024	14025	14153	14152	14024
9	14025	14026	14154	14153	14025
9	14026	14027	14155	14154	14026
9	14027	14028	14156	14155	14027
9	14028	14029	14157	14156	14028
9	14029	14030	14158	14157	14029
9	14030	14031	14159	14158	14030
9	14031	14032	14160	14159	14031
9	14032	14033	14161	14160	14032
9	14033	14034	14162	14161	14033
9	14034	14035	14163	14162	14034
9	14035	14036	14164	14163	14035
9	14036	14037	14165	14164	14036
9	14037	14038	14166	14165	14037
9	14038	14039	14167	14166	14038
9	14039	14040	14168	14167	14039
9	14040	14041	14169	14168	14040
9	14041	14042	14170	14169	14041
9	14042	14043	14171	14170	14042
9	14043	14044	14172	14171	14043
9	14044	14045	14173	14172	14044
9	14045	14046	14174	14173	14045
9	14046	14047	14175	14174	14046
9	14047	14048	14176	14175	14047
9	14048	14049	14177	14176	14048
9	14049	14050	14178	14177	14049
9	14050	14051	14179	14178	14050
9	14051	14052	14180	14179	14051
9	14052	14053	14181	14180	14052
9	14053	14054	14182	14181	14053
9	14054	14055	14183	14182	14054
9	14055	14056	14184	14183	14055
9	14056	14057	14185	14184	14056
9	14057	14058	14186	14185	14057
9	14058	14059	14187	14186	14058
9	14059	14060	14188	14187	14059
9	14060	14061	14189	14188	14060
9	14061	14062	14190	14189	14061
9	14062	14063	14191	14190	14062
9	14063	14064	14192	14191	14063
9	14064	14065	14193	14192	14064
9	14065	14066	14194	14193	14065
9	14066	14067	14195	14194	14066
9	14067	14068	14196	14195	14067
9	14068	14069	14197	14196	14068
9	14069	14070	14198	14197	14069
9	14070	14071	14199	14198	14070
9	14071	14072	14200	14199	14071
9	14072	14073	14201	14200	14072
9	14073	14074	14202	14201	14073
9	14074	14075	14203	14202	14074
9	14075	14076	14204	14203	14075
9	14076	14077	14205	14204	14076
9	14077	14078	14206	14205	14077
9	14078	14079	14207	14206	14078
9	14079	13952	14080	14207	14079
9	14080	14081	14209	14208	14080
9	14081	14082	14210	14209	14081
9	14082	14083	14211	14210	14082
9	14083	14084	14212	14211	14083
9	14084	14085	14213	14212	14084
9	14085	14086	14214	14213	14085
9	14086	14087	14215	14214	14086
9	14087	14088	14216	14215	14087
9	14088	14089	14217	14216	14088
9	14089	14090	14218	14217	14089
9	14090	14091	14219	14218	14090
9	14091	14092	14220	14219	14091
9	14092	14093	14221	14220	14092
9	14093	14094	14222	14221	14093
9	14094	14095	14223	14222	14094
9	14095	14096	14224	14223	14095
9	14096	14097	14225	14224	14096
9	14097	14098	14226	14225	14097
9	14098	14099	14227	14226	14098
9	14099	14100	14228	14227	14099
9	14100	14101	14229	14228	14100
9	14101	14102	14230	14229	14101
9	14102	14103	14231	14230	14102
9	14103	14104	14232	14231	14103
9	14104	14105	14233	14232	14104
9	14105	14106	14234	14233	14105
9	14106	14107	14235	14234	14106
9	14107	14108	14236	14235	14107
9	14108	14109	14237	14236	14108
9	14109	14110	14238	14237	14109
9	14110	14111	14239	14238	14110
9	14111	14112	14240	14239	14111
9	14112	14113	14241	14240	14112
9	14113	14114	14242	14241	14113
9	14114	14115	14243	14242	14114
9	14115	14116	14244	14243	14115
9	14116	14117	14245	14244	14116
9	14117	14118	14246	14245	14117
9	14118	14119	14247	14246	14118
9	14119	14120	14248	14247	14119
9	14120	14121	14249	14248	14120
9	14121	14122	14250	14249	14121
9	14122	14123	14251	14250	14122
9	14123	14124	14252	14251	14123
9	14124	14125	14253	14252	14124
9	14125	14126	14254	14253	14125
9	14126	14127	14255	14254	14126
9	14127	14128	14256	14255	14127
9	14128	14129	14257	14256	14128
9	14129	14130	14258	14257	14129
9	14130	14131	14259	14258	14130
9	14131	14132	14260	14259	14131
9	14132	14133	14261	14260	14132
9	14133	14134	14262	14261	14133
9	14134	14135	14263	14262	14134
9	14135	14136	14264	14263	14135
9	14136	14137	14265	14264	14136
9	14137	14138	14266	14265	14137
9	14138	14139	14267	14266	14138
9	14139	14140	14268	14267	14139
9	14140	14141	14269	14268	14140
9	14141	14142	14270	14269	14141
9	14142	14143	14271	14270	14142
9	14143	14144	14272	14271	14143
9	14144	14145	14273	14272	14144
9	14145	14146	14274	14273	14145
9	14146	14147	14275	14274	14146
9	14147	14148	14276	14275	14147
9	14148	14149	14277	14276	14148
9	14149	14150	14278	14277	14149
9	14150	14151	14279	14278	14150
9	14151	14152	14280	14279	14151
9	14152	14153	14281	14280	14152
9	14153	14154	14282	14281	14153
9	14154	14155	14283	14282	14154
9	14155	14156	14284	14283	14155
9	14156	14157	14285	14284	14156
9	14157	14158	14286	14285	14157
9	14158	14159	14287	14286	14158
9	14159	14160	14288	14287	14159
9	14160	14161	14289	14288	14160
9	14161	14162	14290	14289	14161
9	14162	14163	14291	14290	14162
9	14163	14164	14292	14291	14163
9	14164	14165	14293	14292	14164
9	14165	14166	14294	14293	14165
9	14166	14167	14295	14294	14166
9	14167	14168	14296	14295	14167
9	14168	14169	14297	14296	14168
9	14169	14170	14298	14297	14169
9	14170	14171	14299	14298	14170
9	14171	14172	14300	14299	14171
9	14172	14173	14301	14300	14172
9	14173	14174	14302	14301	14173
9	14174	14175	14303	14302	14174
9	14175	14176	14304	14303	14175
9	14176	14177	14305	14304	14176
9	14177	14178	14306	14305	14177
9	14178	14179	14307	14306	14178
9	14179	14180	14308	14307	14179
9	14180	14181	14309	14308	14180
9	14181	14182	14310	14309	14181
9	14182	14183	14311	14310	14182
9	14183	14184	14312	14311	14183
9	14184	14185	14313	14312	14184
9	14185	14186	14314	14313	14185
9	14186	14187	14315	14314	14186
9	14187	14188	14316	14315	14187
9	14188	14189	14317	14316	14188
9	14189	14190	14318	14317	14189
9	14190	14191	14319	14318	14190
9	14191	14192	14320	14319	14191
9	14192	14193	14321	14320	14192
9	14193	14194	14322	14321	14193
9	14194	14195	14323	14322	14194
9	14195	14196	14324	14323	14195
9	14196	14197	14325	14324	14196
9	14197	14198	14326	14325	14197
9	14198	14199	14327	14326	14198
9	14199	14200	14328	14327	14199
9	14200	14201	14329	14328	14200
9	14201	14202	14330	14329	14201
9	14202	14203	14331	14330	14202
9	14203	14204	14332	14331	14203
9	14204	14205	14333	14332	14204
9	14205	14206	14334	14333	14205
9	14206	14207	14335	14334	14206
9	14207	14080	14208	14335	14207
9	14208	14209	14337	14336	14208
9	14209	14210	14338	14337	14209
9	14210	14211	14339	14338	14210
9	14211	14212	14340	14339	14211
9	14212	14213	14341	14340	14212
9	14213	14214	14342	14341	14213
9	14214	14215	14343	14342	14214
9	14215	14216	14344	14343	14215
9	14216	14217	14345	14344	14216
9	14217	14218	14346	14345	14217
9	14218	14219	14347	14346	14218
9	14219	14220	14348	14347	14219
9	14220	14221	14349	14348	14220
9	14221	14222	14350	14349	14221
9	14222	14223	14351	14350	14222
9	14223	14224	14352	14351	14223
9	14224	14225	14353	14352	14224
9	14225	14226	14354	14353	14225
9	14226	14227	14355	14354	14226
9	14227	14228	14356	14355	14227
9	14228	14229	14357	14356	14228
9	14229	14230	14358	14357	14229
9	14230	14231	14359	14358	14230
9	14231	14232	14360	14359	14231
9	14232	14233	14361	14360	14232
9	14233	14234	14362	14361	14233
9	14234	14235	14363	14362	14234
9	14235	14236	14364	14363	14235
9	14236	14237	14365	14364	14236
9	14237	14238	14366	14365	14237
9	14238	14239	14367	14366	14238
9	14239	14240	14368	14367	14239
9	14240	14241	14369	14368	14240
9	14241	14242	14370	14369	14241
9	14242	14243	14371	14370	14242
9	14243	14244	14372	14371	14243
9	14244	14245	14373	14372	14244
9	14245	14246	14374	14373	14245
9	14246	14247	14375	14374	14246
9	14247	14248	14376	14375	14247
9	14248	14249	14377	14376	14248
9	14249	14250	14378	14377	14249
9	14250	14251	14379	14378	14250
9	14251	14252	14380	14379	14251
9	14252	14253	14381	14380	14252
9	14253	14254	14382	14381	14253
9	14254	14255	14383	14382	14254
9	14255	14256	14384	14383	14255
9	14256	14257	14385	14384	14256
9	14257	14258	14386	14385	14257
9	14258	14259	14387	14386	14258
9	14259	14260	14388	14387	14259
9	14260	14261	14389	14388	14260
9	14261	14262	14390	14389	14261
9	14262	14263	14391	14390	14262
9	14263	14264	14392	14391	14263
9	14264	14265	14393	14392	14264
9	14265	14266	14394	14393	14265
9	14266	14267	14395	14394	14266
9	14267	14268	14396	14395	14267
9	14268	14269	14397	14396	14268
9	14269	14270	14398	14397	14269
9	14270	14271	14399	14398	14270
9	14271	14272	14400	14399	14271
9	14272	14273	14401	14400	14272
9	14273	14274	14402	14401	14273
9	14274	14275	14403	14402	14274
9	14275	14276	14404	14403	14275
9	14276	14277	14405	14404	14276
9	14277	14278	14406	14405	14277
9	14278	14279	14407	14406	14278
9	14279	14280	14408	14407	14279
9	14280	14281	14409	14408	14280
9	14281	14282	14410	14409	14281
9	14282	14283	14411	14410	14282
9	14283	14284	14412	14411	14283
9	14284	14285	14413	14412	14284
9	14285	14286	14414	14413	14285
9	14286	14287	14415	14414	14286
9	14287	14288	14416	14415	14287
9	14288	14289	14417	14416	14288
9	14289	14290	14418	14417	14289
9	14290	14291	14419	14418	14290
9	14291	14292	14420	14419	14291
9	14292	14293	14421	14420	14292
9	14293	14294	14422	14421	14293
9	14294	14295	14423	14422	14294
9	14295	14296	14424	14423	14295
9	14296	14297	14425	14424	14296
9	14297	14298	14426	14425	14297
9	14298	14299	14427	14426	14298
9	14299	14300	14428	14427	14299
9	14300	14301	14429	14428	14300
9	14301	14302	14430	14429	14301
9	14302	14303	14431	14430	14302
9	14303	14304	14432	14431	14303
9	14304	14305	14433	14432	14304
9	14305	14306	14434	14433	14305
9	14306	14307	14435	14434	14306
9	14307	14308	14436	14435	14307
9	14308	14309	14437	14436	14308
9	14309	14310	14438	14437	14309
9	14310	14311	14439	14438	14310
9	14311	14312	14440	14439	14311
9	14312	14313	14441	14440	14312
9	14313	14314	14442	14441	14313
9	14314	14315	14443	14442	14314
9	14315	14316	14444	14443	14315
9	14316	14317	14445	14444	14316
9	14317	14318	14446	14445	14317
9	14318	14319	14447	14446	14318
9	14319	14320	14448	14447	14319
9	14320	14321	14449	14448	14320
9	14321	14322	14450	14449	14321
9	14322	14323	14451	14450	14322
9	14323	14324	14452	14451	14323
9	14324	14325	14453	14452	14324
9	14325	14326	14454	14453	14325
9	14326	14327	14455	14454	14326
9	14327	14328	14456	14455	14327
9	14328	14329	14457	14456	14328
9	14329	14330	14458	14457	14329
9	14330	14331	14459	14458	14330
9	14331	14332	14460	14459	14331
9	14332	14333	14461	14460	14332
9	14333	14334	14462	14461	14333
9	14334	14335	14463	14462	14334
9	14335	14208	14336	14463	14335
9	14336	14337	14465	14464	14336
9	14337	14338	14466	14465	14337
9	14338	14339	14467	14466	14338
9	14339	14340	14468	14467	14339
9	14340	14341	14469	14468	14340
9	14341	14342	14470	14469	14341
9	14342	14343	14471	14470	14342
9	14343	14344	14472	14471	14343
9	14344	14345	14473	14472	14344
9	14345	14346	14474	14473	14345
9	14346	14347	14475	14474	14346
9	14347	14348	14476	14475	14347
9	14348	14349	14477	14476	14348
9	14349	14350	14478	14477	14349
9	14350	14351	14479	14478	14350
9	14351	14352	14480	14479	14351
9	14352	14353	14481	14480	14352
9	14353	14354	14482	14481	14353
9	14354	14355	14483	14482	14354
9	14355	14356	14484	14483	14355
9	14356	14357	14485	14484	14356
9	14357	14358	14486	14485	14357
9	14358	14359	14487	14486	14358
9	14359	14360	14488	14487	14359
9	14360	14361	14489	14488	14360
9	14361	14362	14490	14489	14361
9	14362	14363	14491	14490	14362
9	14363	14364	14492	14491	14363
9	14364	14365	14493	14492	14364
9	14365	14366	14494	14493	14365
9	14366	14367	14495	14494	14366
9	14367	14368	14496	14495	14367
9	14368	14369	14497	14496	14368
9	14369	14370	14498	14497	14369
9	14370	14371	14499	14498	14370
9	14371	14372	14500	14499	14371
9	14372	14373	14501	14500	14372
9	14373	14374	14502	14501	14373
9	14374	14375	14503	14502	14374
9	14375	14376	14504	14503	14375
9	14376	14377	14505	14504	14376
9	14377	14378	14506	14505	14377
9	14378	14379	14507	14506	14378
9	14379	14380	14508	14507	14379
9	14380	14381	14509	14508	14380
9	14381	14382	14510	14509	14381
9	14382	14383	14511	14510	14382
9	14383	14384	14512	14511	14383
9	14384	14385	14513	14512	14384
9	14385	14386	14514	14513	14385
9	14386	14387	14515	14514	14386
9	14387	14388	14516	14515	14387
9	14388	14389	14517	14516	14388
9	14389	14390	14518	14517	14389
9	14390	14391	14519	14518	14390
9	14391	14392	14520	14519	14391
9	14392	14393	14521	14520	14392
9	14393	14394	14522	14521	14393
9	14394	14395	14523	14522	14394
9	14395	14396	14524	14523	14395
9	14396	14397	14525	14524	14396
9	14397	14398	14526	14525	14397
9	14398	14399	14527	14526	14398
9	14399	14400	14528	14527	14399
9	14400	14401	14529	14528	14400
9	14401	14402	14530	14529	14401
9	14402	14403	14531	14530	14402
9	14403	14404	14532	14531	14403
9	14404	14405	14533	14532	14404
9	14405	14406	14534	14533	14405
9	14406	14407	14535	14534	14406
9	14407	14408	14536	14535	14407
9	14408	14409	14537	14536	14408
9	14409	14410	14538	14537	14409
9	14410	14411	14539	14538	14410
9	14411	14412	14540	14539	14411
9	14412	14413	14541	14540	14412
9	14413	14414	14542	14541	14413
9	14414	14415	14543	14542	14414
9	14415	14416	14544	14543	14415
9	14416	14417	14545	14544	14416
9	14417	14418	14546	14545	14417
9	14418	14419	14547	14546	14418
9	14419	14420	14548	14547	14419
9	14420	14421	14549	14548	14420
9	14421	14422	14550	14549	14421
9	14422	14423	14551	14550	14422
9	14423	14424	14552	14551	14423
9	14424	14425	14553	14552	14424
9	14425	14426	14554	14553	14425
9	14426	14427	14555	14554	14426
9	14427	14428	14556	14555	14427
9	14428	14429	14557	14556	14428
9	14429	14430	14558	14557	14429
9	14430	14431	14559	14558	14430
9	14431	14432	14560	14559	14431
9	14432	14433	14561	14560	14432
9	14433	14434	14562	14561	14433
9	14434	14435	14563	14562	14434
9	14435	14436	14564	14563	14435
9	14436	14437	14565	14564	14436
9	14437	14438	14566	14565	14437
9	14438	14439	14567	14566	14438
9	14439	14440	14568	14567	14439
9	14440	14441	14569	14568	14440
9	14441	14442	14570	14569	14441
9	14442	14443	14571	14570	14442
9	14443	14444	14572	14571	14443
9	14444	14445	14573	14572	14444
9	14445	14446	14574	14573	14445
9	14446	14447	14575	14574	14446
9	14447	14448	14576	14575	14447
9	14448	14449	14577	14576	14448
9	14449	14450	14578	14577	14449
9	14450	14451	14579	14578	14450
9	14451	14452	14580	14579	14451
9	14452	14453	14581	14580	14452
9	14453	14454	14582	14581	14453
9	14454	14455	14583	14582	14454
9	14455	14456	14584	14583	14455
9	14456	14457	14585	14584	14456
9	14457	14458	14586	14585	14457
9	14458	14459	14587	14586	14458
9	14459	14460	14588	14587	14459
9	14460	14461	14589	14588	14460
9	14461	14462	14590	14589	14461
9	14462	14463	14591	14590	14462
9	14463	14336	14464	14591	14463
9	14464	14465	14593	14592	14464
9	14465	14466	14594	14593	14465
9	14466	14467	14595	14594	14466
9	14467	14468	14596	14595	14467
9	14468	14469	14597	14596	14468
9	14469	14470	14598	14597	14469
9	14470	14471	14599	14598	14470
9	14471	14472	14600	14599	14471
9	14472	14473	14601	14600	14472
9	14473	14474	14602	14601	14473
9	14474	14475	14603	14602	14474
9	14475	14476	14604	14603	14475
9	14476	14477	14605	14604	14476
9	14477	14478	14606	14605	14477
9	14478	14479	14607	14606	14478
9	14479	14480	14608	14607	14479
9	14480	14481	14609	14608	14480
9	14481	14482	14610	14609	14481
9	14482	14483	14611	14610	14482
9	14483	14484	14612	14611	14483
9	14484	14485	14613	14612	14484
9	14485	14486	14614	14613	14485
9	14486	14487	14615	14614	14486
9	14487	14488	14616	14615	14487
9	14488	14489	14617	14616	14488
9	14489	14490	14618	14617	14489
9	14490	14491	14619	14618	14490
9	14491	14492	14620	14619	14491
9	14492	14493	14621	14620	14492
9	14493	14494	14622	14621	14493
9	14494	14495	14623	14622	14494
9	14495	14496	14624	14623	14495
9	14496	14497	14625	14624	14496
9	14497	14498	14626	14625	14497
9	14498	14499	14627	14626	14498
9	14499	14500	14628	14627	14499
9	14500	14501	14629	14628	14500
9	14501	14502	14630	14629	14501
9	14502	14503	14631	14630	14502
9	14503	14504	14632	14631	14503
9	14504	14505	14633	14632	14504
9	14505	14506	14634	14633	14505
9	14506	14507	14635	14634	14506
9	14507	14508	14636	14635	14507
9	14508	14509	14637	14636	14508
9	14509	14510	14638	14637	14509
9	14510	14511	14639	14638	14510
9	14511	14512	14640	14639	14511
9	14512	14513	14641	14640	14512
9	14513	14514	14642	14641	14513
9	14514	14515	14643	14642	14514
9	14515	14516	14644	14643	14515
9	14516	14517	14645	14644	14516
9	14517	14518	14646	14645	14517
9	14518	14519	14647	14646	14518
9	14519	14520	14648	14647	14519
9	14520	14521	14649	14648	14520
9	14521	14522	14650	14649	14521
9	14522	14523	14651	14650	14522
9	14523	14524	14652	14651	14523
9	14524	14525	14653	14652	14524
9	14525	14526	14654	14653	14525
9	14526	14527	14655	14654	14526
9	14527	14528	14656	14655	14527
9	14528	14529	14657	14656	14528
9	14529	14530	14658	14657	14529
9	14530	14531	14659	14658	14530
9	14531	14532	14660	14659	14531
9	14532	14533	14661	14660	14532
9	14533	14534	14662	14661	14533
9	14534	14535	14663	14662	14534
9	14535	14536	14664	14663	14535
9	14536	14537	14665	14664	14536
9	14537	14538	14666	14665	14537
9	14538	14539	14667	14666	14538
9	14539	14540	14668	14667	14539
9	14540	14541	14669	14668	14540
9	14541	14542	14670	14669	14541
9	14542	14543	14671	14670	14542
9	14543	14544	14672	14671	14543
9	14544	14545	14673	14672	14544
9	14545	14546	14674	14673	14545
9	14546	14547	14675	14674	14546
9	14547	14548	14676	14675	14547
9	14548	14549	14677	14676	14548
9	14549	14550	14678	14677	14549
9	14550	14551	14679	14678	14550
9	14551	14552	14680	14679	14551
9	14552	14553	14681	14680	14552
9	14553	14554	14682	14681	14553
9	14554	14555	14683	14682	14554
9	14555	14556	14684	14683	14555
9	14556	14557	14685	14684	14556
9	14557	14558	14686	14685	14557
9	14558	14559	14687	14686	14558
9	14559	14560	14688	14687	14559
9	14560	14561	14689	14688	14560
9	14561	14562	14690	14689	14561
9	14562	14563	14691	14690	14562
9	14563	14564	14692	14691	14563
9	14564	14565	14693	14692	14564
9	14565	14566	14694	14693	14565
9	14566	14567	14695	14694	14566
9	14567	14568	14696	14695	14567
9	14568	14569	14697	14696	14568
9	14569	14570	14698	14697	14569
9	14570	14571	14699	14698	14570
9	14571	14572	14700	14699	14571
9	14572	14573	14701	14700	14572
9	14573	14574	14702	14701	14573
9	14574	14575	14703	14702	14574
9	14575	14576	14704	14703	14575
9	14576	14577	14705	14704	14576
9	14577	14578	14706	14705	14577
9	14578	14579	14707	14706	14578
9	14579	14580	14708	14707	14579
9	14580	14581	14709	14708	14580
9	14581	14582	14710	14709	14581
9	14582	14583	14711	14710	14582
9	14583	14584	14712	14711	14583
9	14584	14585	14713	14712	14584
9	14585	14586	14714	14713	14585
9	14586	14587	14715	14714	14586
9	14587	14588	14716	14715	14587
9	14588	14589	14717	14716	14588
9	14589	14590	14718	14717	14589
9	14590	14591	14719	14718	14590
9	14591	14464	14592	14719	14591
9	14592	14593	14721	14720	14592
9	14593	14594	14722	14721	14593
9	14594	14595	14723	14722	14594
9	14595	14596	14724	14723	14595
9	14596	14597	14725	14724	14596
9	14597	14598	14726	14725	14597
9	14598	14599	14727	14726	14598
9	14599	14600	14728	14727	14599
9	14600	14601	14729	14728	14600
9	14601	14602	14730	14729	14601
9	14602	14603	14731	14730	14602
9	14603	14604	14732	14731	14603
9	14604	14605	14733	14732	14604
9	14605	14606	14734	14733	14605
9	14606	14607	14735	14734	14606
9	14607	14608	14736	14735	14607
9	14608	14609	14737	14736	14608
9	14609	14610	14738	14737	14609
9	14610	14611	14739	14738	14610
9	14611	14612	14740	14739	14611
9	14612	14613	14741	14740	14612
9	14613	14614	14742	14741	14613
9	14614	14615	14743	14742	14614
9	14615	14616	14744	14743	14615
9	14616	14617	14745	14744	14616
9	14617	14618	14746	14745	14617
9	14618	14619	14747	14746	14618
9	14619	14620	14748	14747	14619
9	14620	14621	14749	14748	14620
9	14621	14622	14750	14749	14621
9	14622	14623	14751	14750	14622
9	14623	14624	14752	14751	14623
9	14624	14625	14753	14752	14624
9	14625	14626	14754	14753	14625
9	14626	14627	14755	14754	14626
9	14627	14628	14756	14755	14627
9	14628	14629	14757	14756	14628
9	14629	14630	14758	14757	14629
9	14630	14631	14759	14758	14630
9	14631	14632	14760	14759	14631
9	14632	14633	14761	14760	14632
9	14633	14634	14762	14761	14633
9	14634	14635	14763	14762	14634
9	14635	14636	14764	14763	14635
9	14636	14637	14765	14764	14636
9	14637	14638	14766	14765	14637
9	14638	14639	14767	14766	14638
9	14639	14640	14768	14767	14639
9	14640	14641	14769	14768	14640
9	14641	14642	14770	14769	14641
9	14642	14643	14771	14770	14642
9	14643	14644	14772	14771	14643
9	14644	14645	14773	14772	14644
9	14645	14646	14774	14773	14645
9	14646	14647	14775	14774	14646
9	14647	14648	14776	14775	14647
9	14648	14649	14777	14776	14648
9	14649	14650	14778	14777	14649
9	14650	14651	14779	14778	14650
9	14651	14652	14780	14779	14651
9	14652	14653	14781	14780	14652
9	14653	14654	14782	14781	14653
9	14654	14655	14783	14782	14654
9	14655	14656	14784	14783	14655
9	14656	14657	14785	14784	14656
9	14657	14658	14786	14785	14657
9	14658	14659	14787	14786	14658
9	14659	14660	14788	14787	14659
9	14660	14661	14789	14788	14660
9	14661	14662	14790	14789	14661
9	14662	14663	14791	14790	14662
9	14663	14664	14792	14791	14663
9	14664	14665	14793	14792	14664
9	14665	14666	14794	14793	14665
9	14666	14667	14795	14794	14666
9	14667	14668	14796	14795	14667
9	14668	14669	14797	14796	14668
9	14669	14670	14798	14797	14669
9	14670	14671	14799	14798	14670
9	14671	14672	14800	14799	14671
9	14672	14673	14801	14800	14672
9	14673	14674	14802	14801	14673
9	14674	14675	14803	14802	14674
9	14675	14676	14804	14803	14675
9	14676	14677	14805	14804	14676
9	14677	14678	14806	14805	14677
9	14678	14679	14807	14806	14678
9	14679	14680	14808	14807	14679
9	14680	14681	14809	14808	14680
9	14681	14682	14810	14809	14681
9	14682	14683	14811	14810	14682
9	14683	14684	14812	14811	14683
9	14684	14685	14813	14812	14684
9	14685	14686	14814	14813	14685
9	14686	14687	14815	14814	14686
9	14687	14688	14816	14815	14687
9	14688	14689	14817	14816	14688
9	14689	14690	14818	14817	14689
9	14690	14691	14819	14818	14690
9	14691	14692	14820	14819	14691
9	14692	14693	14821	14820	14692
9	14693	14694	14822	14821	14693
9	14694	14695	14823	14822	14694
9	14695	14696	14824	14823	14695
9	14696	14697	14825	14824	14696
9	14697	14698	14826	14825	14697
9	14698	14699	14827	14826	14698
9	14699	14700	14828	14827	14699
9	14700	14701	14829	14828	14700
9	14701	14702	14830	14829	14701
9	14702	14703	14831	14830	14702
9	14703	14704	14832	14831	14703
9	14704	14705	14833	14832	14704
9	14705	14706	14834	14833	14705
9	14706	14707	14835	14834	14706
9	14707	14708	14836	14835	14707
9	14708	14709	14837	14836	14708
9	14709	14710	14838	14837	14709
9	14710	14711	14839	14838	14710
9	14711	14712	14840	14839	14711
9	14712	14713	14841	14840	14712
9	14713	14714	14842	14841	14713
9	14714	14715	14843	14842	14714
9	14715	14716	14844	14843	14715
9	14716	14717	14845	14844	14716
9	14717	14718	14846	14845	14717
9	14718	14719	14847	14846	14718
9	14719	14592	14720	14847	14719
9	14720	14721	14849	14848	14720
9	14721	14722	14850	14849	14721
9	14722	14723	14851	14850	14722
9	14723	14724	14852	14851	14723
9	14724	14725	14853	14852	14724
9	14725	14726	14854	14853	14725
9	14726	14727	14855	14854	14726
9	14727	14728	14856	14855	14727
9	14728	14729	14857	14856	14728
9	14729	14730	14858	14857	14729
9	14730	14731	14859	14858	14730
9	14731	14732	14860	14859	14731
9	14732	14733	14861	14860	14732
9	14733	14734	14862	14861	14733
9	14734	14735	14863	14862	14734
9	14735	14736	14864	14863	14735
9	14736	14737	14865	14864	14736
9	14737	14738	14866	14865	14737
9	14738	14739	14867	14866	14738
9	14739	14740	14868	14867	14739
9	14740	14741	14869	14868	14740
9	14741	14742	14870	14869	14741
9	14742	14743	14871	14870	14742
9	14743	14744	14872	14871	14743
9	14744	14745	14873	14872	14744
9	14745	14746	14874	14873	14745
9	14746	14747	14875	14874	14746
9	14747	14748	14876	14875	14747
9	14748	14749	14877	14876	14748
9	14749	14750	14878	14877	14749
9	14750	14751	14879	14878	14750
9	14751	14752	14880	14879	14751
9	14752	14753	14881	14880	14752
9	14753	14754	14882	14881	14753
9	14754	14755	14883	14882	14754
9	14755	14756	14884	14883	14755
9	14756	14757	14885	14884	14756
9	14757	14758	14886	14885	14757
9	14758	14759	14887	14886	14758
9	14759	14760	14888	14887	14759
9	14760	14761	14889	14888	14760
9	14761	14762	14890	14889	14761
9	14762	14763	14891	14890	14762
9	14763	14764	14892	14891	14763
9	14764	14765	14893	14892	14764
9	14765	14766	14894	14893	14765
9	14766	14767	14895	14894	14766
9	14767	14768	14896	14895	14767
9	14768	14769	14897	14896	14768
9	14769	14770	14898	14897	14769
9	14770	14771	14899	14898	14770
9	14771	14772	14900	14899	14771
9	14772	14773	14901	14900	14772
9	14773	14774	14902	14901	14773
9	14774	14775	14903	14902	14774
9	14775	14776	14904	14903	14775
9	14776	14777	14905	14904	14776
9	14777	14778	14906	14905	14777
9	14778	14779	14907	14906	14778
9	14779	14780	14908	14907	14779
9	14780	14781	14909	14908	14780
9	14781	14782	14910	14909	14781
9	14782	14783	14911	14910	14782
9	14783	14784	14912	14911	14783
9	14784	14785	14913	14912	14784
9	14785	14786	14914	14913	14785
9	14786	14787	14915	14914	14786
9	14787	14788	14916	14915	14787
9	14788	14789	14917	14916	14788
9	14789	14790	14918	14917	14789
9	14790	14791	14919	14918	14790
9	14791	14792	14920	14919	14791
9	14792	14793	14921	14920	14792
9	14793	14794	14922	14921	14793
9	14794	14795	14923	14922	14794
9	14795	14796	14924	14923	14795
9	14796	14797	14925	14924	14796
9	14797	14798	14926	14925	14797
9	14798	14799	14927	14926	14798
9	14799	14800	14928	14927	14799
9	14800	14801	14929	14928	14800
9	14801	14802	14930	14929	14801
9	14802	14803	14931	14930	14802
9	14803	14804	14932	14931	14803
9	14804	14805	14933	14932	14804
9	14805	14806	14934	14933	14805
9	14806	14807	14935	14934	14806
9	14807	14808	14936	14935	14807
9	14808	14809	14937	14936	14808
9	14809	14810	14938	14937	14809
9	14810	14811	14939	14938	14810
9	14811	14812	14940	14939	14811
9	14812	14813	14941	14940	14812
9	14813	14814	14942	14941	14813
9	14814	14815	14943	14942	14814
9	14815	14816	14944	14943	14815
9	14816	14817	14945	14944	14816
9	14817	14818	14946	14945	14817
9	14818	14819	14947	14946	14818
9	14819	14820	14948	14947	14819
9	14820	14821	14949	14948	14820
9	14821	14822	14950	14949	14821
9	14822	14823	14951	14950	14822
9	14823	14824	14952	14951	14823
9	14824	14825	14953	14952	14824
9	14825	14826	14954	14953	14825
9	14826	14827	14955	14954	14826
9	14827	14828	14956	14955	14827
9	14828	14829	14957	14956	14828
9	14829	14830	14958	14957	14829
9	14830	14831	14959	14958	14830
9	14831	14832	14960	14959	14831
9	14832	14833	14961	14960	14832
9	14833	14834	14962	14961	14833
9	14834	14835	14963	14962	14834
9	14835	14836	14964	14963	14835
9	14836	14837	14965	14964	14836
9	14837	14838	14966	14965	14837
9	14838	14839	14967	14966	14838
9	14839	14840	14968	14967	14839
9	14840	14841	14969	14968	14840
9	14841	14842	14970	14969	14841
9	14842	14843	14971	14970	14842
9	14843	14844	14972	14971	14843
9	14844	14845	14973	14972	14844
9	14845	14846	14974	14973	14845
9	14846	14847	14975	14974	14846
9	14847	14720	14848	14975	14847
9	14848	14849	14977	14976	14848
9	14849	14850	14978	14977	14849
9	14850	14851	14979	14978	14850
9	14851	14852	14980	14979	14851
9	14852	14853	14981	14980	14852
9	14853	14854	14982	14981	14853
9	14854	14855	14983	14982	14854
9	14855	14856	14984	14983	14855
9	14856	14857	14985	14984	14856
9	14857	14858	14986	14985	14857
9	14858	14859	14987	14986	14858
9	14859	14860	14988	14987	14859
9	14860	14861	14989	14988	14860
9	14861	14862	14990	14989	14861
9	14862	14863	14991	14990	14862
9	14863	14864	14992	14991	14863
9	14864	14865	14993	14992	14864
9	14865	14866	14994	14993	14865
9	14866	14867	14995	14994	14866
9	14867	14868	14996	14995	14867
9	14868	14869	14997	14996	14868
9	14869	14870	14998	14997	14869
9	14870	14871	14999	14998	14870
9	14871	14872	15000	14999	14871
9	14872	14873	15001	15000	14872
9	14873	14874	15002	15001	14873
9	14874	14875	15003	15002	14874
9	14875	14876	15004	15003	14875
9	14876	14877	15005	15004	14876
9	14877	14878	15006	15005	14877
9	14878	14879	15007	15006	14878
9	14879	14880	15008	15007	14879
9	14880	14881	15009	15008	14880
9	14881	14882	15010	15009	14881
9	14882	14883	15011	15010	14882
9	14883	14884	15012	15011	14883
9	14884	14885	15013	15012	14884
9	14885	14886	15014	15013	14885
9	14886	14887	15015	15014	14886
9	14887	14888	15016	15015	14887
9	14888	14889	15017	15016	14888
9	14889	14890	15018	15017	14889
9	14890	14891	15019	15018	14890
9	14891	14892	15020	15019	14891
9	14892	14893	15021	15020	14892
9	14893	14894	15022	15021	14893
9	14894	14895	15023	15022	14894
9	14895	14896	15024	15023	14895
9	14896	14897	15025	15024	14896
9	14897	14898	15026	15025	14897
9	14898	14899	15027	15026	14898
9	14899	14900	15028	15027	14899
9	14900	14901	15029	15028	14900
9	14901	14902	15030	15029	14901
9	14902	14903	15031	15030	14902
9	14903	14904	15032	15031	14903
9	14904	14905	15033	15032	14904
9	14905	14906	15034	15033	14905
9	14906	14907	15035	15034	14906
9	14907	14908	15036	15035	14907
9	14908	14909	15037	15036	14908
9	14909	14910	15038	15037	14909
9	14910	14911	15039	15038	14910
9	14911	14912	15040	15039	14911
9	14912	14913	15041	15040	14912
9	14913	14914	15042	15041	14913
9	14914	14915	15043	15042	14914
9	14915	14916	15044	15043	14915
9	14916	14917	15045	15044	14916
9	14917	14918	15046	15045	14917
9	14918	14919	15047	15046	14918
9	14919	14920	15048	15047	14919
9	14920	14921	15049	15048	14920
9	14921	14922	15050	15049	14921
9	14922	14923	15051	15050	14922
9	14923	14924	15052	15051	14923
9	14924	14925	15053	15052	14924
9	14925	14926	15054	15053	14925
9	14926	14927	15055	15054	14926
9	14927	14928	15056	15055	14927
9	14928	14929	15057	15056	14928
9	14929	14930	15058	15057	14929
9	14930	14931	15059	15058	14930
9	14931	14932	15060	15059	14931
9	14932	14933	15061	15060	14932
9	14933	14934	15062	15061	14933
9	14934	14935	15063	15062	14934
9	14935	14936	15064	15063	14935
9	14936	14937	15065	15064	14936
9	14937	14938	15066	15065	14937
9	14938	14939	15067	15066	14938
9	14939	14940	15068	15067	14939
9	14940	14941	15069	15068	14940
9	14941	14942	15070	15069	14941
9	14942	14943	15071	15070	14942
9	14943	14944	15072	15071	14943
9	14944	14945	15073	15072	14944
9	14945	14946	15074	15073	14945
9	14946	14947	15075	15074	14946
9	14947	14948	15076	15075	14947
9	14948	14949	15077	15076	14948
9	14949	14950	15078	15077	14949
9	14950	14951	15079	15078	14950
9	14951	14952	15080	15079	14951
9	14952	14953	15081	15080	14952
9	14953	14954	15082	15081	14953
9	14954	14955	15083	15082	14954
9	14955	14956	15084	15083	14955
9	14956	14957	15085	15084	14956
9	14957	14958	15086	15085	14957
9	14958	14959	15087	15086	14958
9	14959	14960	15088	15087	14959
9	14960	14961	15089	15088	14960
9	14961	14962	15090	15089	14961
9	14962	14963	15091	15090	14962
9	14963	14964	15092	15091	14963
9	14964	14965	15093	15092	14964
9	14965	14966	15094	15093	14965
9	14966	14967	15095	15094	14966
9	14967	14968	15096	15095	14967
9	14968	14969	15097	15096	14968
9	14969	14970	15098	15097	14969
9	14970	14971	15099	15098	14970
9	14971	14972	15100	15099	14971
9	14972	14973	15101	15100	14972
9	14973	14974	15102	15101	14973
9	14974	14975	15103	15102	14974
9	14975	14848	14976	15103	14975
9	14976	14977	15105	15104	14976
9	14977	14978	15106	15105	14977
9	14978	14979	15107	15106	14978
9	14979	14980	15108	15107	14979
9	14980	14981	15109	15108	14980
9	14981	14982	15110	15109	14981
9	14982	14983	15111	15110	14982
9	14983	14984	15112	15111	14983
9	14984	14985	15113	15112	14984
9	14985	14986	15114	15113	14985
9	14986	14987	15115	15114	14986
9	14987	14988	15116	15115	14987
9	14988	14989	15117	15116	14988
9	14989	14990	15118	15117	14989
9	14990	14991	15119	15118	14990
9	14991	14992	15120	15119	14991
9	14992	14993	15121	15120	14992
9	14993	14994	15122	15121	14993
9	14994	14995	15123	15122	14994
9	14995	14996	15124	15123	14995
9	14996	14997	15125	15124	14996
9	14997	14998	15126	15125	14997
9	14998	14999	15127	15126	14998
9	14999	15000	15128	15127	14999
9	15000	15001	15129	15128	15000
9	15001	15002	15130	15129	15001
9	15002	15003	15131	15130	15002
9	15003	15004	15132	15131	15003
9	15004	15005	15133	15132	15004
9	15005	15006	15134	15133	15005
9	15006	15007	15135	15134	15006
9	15007	15008	15136	15135	15007
9	15008	15009	15137	15136	15008
9	15009	15010	15138	15137	15009
9	15010	15011	15139	15138	15010
9	15011	15012	15140	15139	15011
9	15012	15013	15141	15140	15012
9	15013	15014	15142	15141	15013
9	15014	15015	15143	15142	15014
9	15015	15016	15144	15143	15015
9	15016	15017	15145	15144	15016
9	15017	15018	15146	15145	15017
9	15018	15019	15147	15146	15018
9	15019	15020	15148	15147	15019
9	15020	15021	15149	15148	15020
9	15021	15022	15150	15149	15021
9	15022	15023	15151	15150	15022
9	15023	15024	15152	15151	15023
9	15024	15025	15153	15152	15024
9	15025	15026	15154	15153	15025
9	15026	15027	15155	15154	15026
9	15027	15028	15156	15155	15027
9	15028	15029	15157	15156	15028
9	15029	15030	15158	15157	15029
9	15030	15031	15159	15158	15030
9	15031	15032	15160	15159	15031
9	15032	15033	15161	15160	15032
9	15033	15034	15162	15161	15033
9	15034	15035	15163	15162	15034
9	15035	15036	15164	15163	15035
9	15036	15037	15165	15164	15036
9	15037	15038	15166	15165	15037
9	15038	15039	15167	15166	15038
9	15039	15040	15168	15167	15039
9	15040	15041	15169	15168	15040
9	15041	15042	15170	15169	15041
9	15042	15043	15171	15170	15042
9	15043	15044	15172	15171	15043
9	15044	15045	15173	15172	15044
9	15045	15046	15174	15173	15045
9	15046	15047	15175	15174	15046
9	15047	15048	15176	15175	15047
9	15048	15049	15177	15176	15048
9	15049	15050	15178	15177	15049
9	15050	15051	15179	15178	15050
9	15051	15052	15180	15179	15051
9	15052	15053	15181	15180	15052
9	15053	15054	15182	15181	15053
9	15054	15055	15183	15182	15054
9	15055	15056	15184	15183	15055
9	15056	15057	15185	15184	15056
9	15057	15058	15186	15185	15057
9	15058	15059	15187	15186	15058
9	15059	15060	15188	15187	15059
9	15060	15061	15189	15188	15060
9	15061	15062	15190	15189	15061
9	15062	15063	15191	15190	15062
9	15063	15064	15192	15191	15063
9	15064	15065	15193	15192	15064
9	15065	15066	15194	15193	15065
9	15066	15067	15195	15194	15066
9	15067	15068	15196	15195	15067
9	15068	15069	15197	15196	15068
9	15069	15070	15198	15197	15069
9	15070	15071	15199	15198	15070
9	15071	15072	15200	15199	15071
9	15072	15073	15201	15200	15072
9	15073	15074	15202	15201	15073
9	15074	15075	15203	15202	15074
9	15075	15076	15204	15203	15075
9	15076	15077	15205	15204	15076
9	15077	15078	15206	15205	15077
9	15078	15079	15207	15206	15078
9	15079	15080	15208	15207	15079
9	15080	15081	15209	15208	15080
9	15081	15082	15210	15209	15081
9	15082	15083	15211	15210	15082
9	15083	15084	15212	15211	15083
9	15084	15085	15213	15212	15084
9	15085	15086	15214	15213	15085
9	15086	15087	15215	15214	15086
9	15087	15088	15216	15215	15087
9	15088	15089	15217	15216	15088
9	15089	15090	15218	15217	15089
9	15090	15091	15219	15218	15090
9	15091	15092	15220	15219	15091
9	15092	15093	15221	15220	15092
9	15093	15094	15222	15221	15093
9	15094	15095	15223	15222	15094
9	15095	15096	15224	15223	15095
9	15096	15097	15225	15224	15096
9	15097	15098	15226	15225	15097
9	15098	15099	15227	15226	15098
9	15099	15100	15228	15227	15099
9	15100	15101	15229	15228	15100
9	15101	15102	15230	15229	15101
9	15102	15103	15231	15230	15102
9	15103	14976	15104	15231	15103
9	15104	15105	15233	15232	15104
9	15105	15106	15234	15233	15105
9	15106	15107	15235	15234	15106
9	15107	15108	15236	15235	15107
9	15108	15109	15237	15236	15108
9	15109	15110	15238	15237	15109
9	15110	15111	15239	15238	15110
9	15111	15112	15240	15239	15111
9	15112	15113	15241	15240	15112
9	15113	15114	15242	15241	15113
9	15114	15115	15243	15242	15114
9	15115	15116	15244	15243	15115
9	15116	15117	15245	15244	15116
9	15117	15118	15246	15245	15117
9	15118	15119	15247	15246	15118
9	15119	15120	15248	15247	15119
9	15120	15121	15249	15248	15120
9	15121	15122	15250	15249	15121
9	15122	15123	15251	15250	15122
9	15123	15124	15252	15251	15123
9	15124	15125	15253	15252	15124
9	15125	15126	15254	15253	15125
9	15126	15127	15255	15254	15126
9	15127	15128	15256	15255	15127
9	15128	15129	15257	15256	15128
9	15129	15130	15258	15257	15129
9	15130	15131	15259	15258	15130
9	15131	15132	15260	15259	15131
9	15132	15133	15261	15260	15132
9	15133	15134	15262	15261	15133
9	15134	15135	15263	15262	15134
9	15135	15136	15264	15263	15135
9	15136	15137	15265	15264	15136
9	15137	15138	15266	15265	15137
9	15138	15139	15267	15266	15138
9	15139	15140	15268	15267	15139
9	15140	15141	15269	15268	15140
9	15141	15142	15270	15269	15141
9	15142	15143	15271	15270	15142
9	15143	15144	15272	15271	15143
9	15144	15145	15273	15272	15144
9	15145	15146	15274	15273	15145
9	15146	15147	15275	15274	15146
9	15147	15148	15276	15275	15147
9	15148	15149	15277	15276	15148
9	15149	15150	15278	15277	15149
9	15150	15151	15279	15278	15150
9	15151	15152	15280	15279	15151
9	15152	15153	15281	15280	15152
9	15153	15154	15282	15281	15153
9	15154	15155	15283	15282	15154
9	15155	15156	15284	15283	15155
9	15156	15157	15285	15284	15156
9	15157	15158	15286	15285	15157
9	15158	15159	15287	15286	15158
9	15159	15160	15288	15287	15159
9	15160	15161	15289	15288	15160
9	15161	15162	15290	15289	15161
9	15162	15163	15291	15290	15162
9	15163	15164	15292	15291	15163
9	15164	15165	15293	15292	15164
9	15165	15166	15294	15293	15165
9	15166	15167	15295	15294	15166
9	15167	15168	15296	15295	15167
9	15168	15169	15297	15296	15168
9	15169	15170	15298	15297	15169
9	15170	15171	15299	15298	15170
9	15171	15172	15300	15299	15171
9	15172	15173	15301	15300	15172
9	15173	15174	15302	15301	15173
9	15174	15175	15303	15302	15174
9	15175	15176	15304	15303	15175
9	15176	15177	15305	15304	15176
9	15177	15178	15306	15305	15177
9	15178	15179	15307	15306	15178
9	15179	15180	15308	15307	15179
9	15180	15181	15309	15308	15180
9	15181	15182	15310	15309	15181
9	15182	15183	15311	15310	15182
9	15183	15184	15312	15311	15183
9	15184	15185	15313	15312	15184
9	15185	15186	15314	15313	15185
9	15186	15187	15315	15314	15186
9	15187	15188	15316	15315	15187
9	15188	15189	15317	15316	15188
9	15189	15190	15318	15317	15189
9	15190	15191	15319	15318	15190
9	15191	15192	15320	15319	15191
9	15192	15193	15321	15320	15192
9	15193	15194	15322	15321	15193
9	15194	15195	15323	15322	15194
9	15195	15196	15324	15323	15195
9	15196	15197	15325	15324	15196
9	15197	15198	15326	15325	15197
9	15198	15199	15327	15326	15198
9	15199	15200	15328	15327	15199
9	15200	15201	15329	15328	15200
9	15201	15202	15330	15329	15201
9	15202	15203	15331	15330	15202
9	15203	15204	15332	15331	15203
9	15204	15205	15333	15332	15204
9	15205	15206	15334	15333	15205
9	15206	15207	15335	15334	15206
9	15207	15208	15336	15335	15207
9	15208	15209	15337	15336	15208
9	15209	15210	15338	15337	15209
9	15210	15211	15339	15338	15210
9	15211	15212	15340	15339	15211
9	15212	15213	15341	15340	15212
9	15213	15214	15342	15341	15213
9	15214	15215	15343	15342	15214
9	15215	15216	15344	15343	15215
9	15216	15217	15345	15344	15216
9	15217	15218	15346	15345	15217
9	15218	15219	15347	15346	15218
9	15219	15220	15348	15347	15219
9	15220	15221	15349	15348	15220
9	15221	15222	15350	15349	15221
9	15222	15223	15351	15350	15222
9	15223	15224	15352	15351	15223
9	15224	15225	15353	15352	15224
9	15225	15226	15354	15353	15225
9	15226	15227	15355	15354	15226
9	15227	15228	15356	15355	15227
9	15228	15229	15357	15356	15228
9	15229	15230	15358	15357	15229
9	15230	15231	15359	15358	15230
9	15231	15104	15232	15359	15231
9	15232	15233	15361	15360	15232
9	15233	15234	15362	15361	15233
9	15234	15235	15363	15362	15234
9	15235	15236	15364	15363	15235
9	15236	15237	15365	15364	15236
9	15237	15238	15366	15365	15237
9	15238	15239	15367	15366	15238
9	15239	15240	15368	15367	15239
9	15240	15241	15369	15368	15240
9	15241	15242	15370	15369	15241
9	15242	15243	15371	15370	15242
9	15243	15244	15372	15371	15243
9	15244	15245	15373	15372	15244
9	15245	15246	15374	15373	15245
9	15246	15247	15375	15374	15246
9	15247	15248	15376	15375	15247
9	15248	15249	15377	15376	15248
9	15249	15250	15378	15377	15249
9	15250	15251	15379	15378	15250
9	15251	15252	15380	15379	15251
9	15252	15253	15381	15380	15252
9	15253	15254	15382	15381	15253
9	15254	15255	15383	15382	15254
9	15255	15256	15384	15383	15255
9	15256	15257	15385	15384	15256
9	15257	15258	15386	15385	15257
9	15258	15259	15387	15386	15258
9	15259	15260	15388	15387	15259
9	15260	15261	15389	15388	15260
9	15261	15262	15390	15389	15261
9	15262	15263	15391	15390	15262
9	15263	15264	15392	15391	15263
9	15264	15265	15393	15392	15264
9	15265	15266	15394	15393	15265
9	15266	15267	15395	15394	15266
9	15267	15268	15396	15395	15267
9	15268	15269	15397	15396	15268
9	15269	15270	15398	15397	15269
9	15270	15271	15399	15398	15270
9	15271	15272	15400	15399	15271
9	15272	15273	15401	15400	15272
9	15273	15274	15402	15401	15273
9	15274	15275	15403	15402	15274
9	15275	15276	15404	15403	15275
9	15276	15277	15405	15404	15276
9	15277	15278	15406	15405	15277
9	15278	15279	15407	15406	15278
9	15279	15280	15408	15407	15279
9	15280	15281	15409	15408	15280
9	15281	15282	15410	15409	15281
9	15282	15283	15411	15410	15282
9	15283	15284	15412	15411	15283
9	15284	15285	15413	15412	15284
9	15285	15286	15414	15413	15285
9	15286	15287	15415	15414	15286
9	15287	15288	15416	15415	15287
9	15288	15289	15417	15416	15288
9	15289	15290	15418	15417	15289
9	15290	15291	15419	15418	15290
9	15291	15292	15420	15419	15291
9	15292	15293	15421	15420	15292
9	15293	15294	15422	15421	15293
9	15294	15295	15423	15422	15294
9	15295	15296	15424	15423	15295
9	15296	15297	15425	15424	15296
9	15297	15298	15426	15425	15297
9	15298	15299	15427	15426	15298
9	15299	15300	15428	15427	15299
9	15300	15301	15429	15428	15300
9	15301	15302	15430	15429	15301
9	15302	15303	15431	15430	15302
9	15303	15304	15432	15431	15303
9	15304	15305	15433	15432	15304
9	15305	15306	15434	15433	15305
9	15306	15307	15435	15434	15306
9	15307	15308	15436	15435	15307
9	15308	15309	15437	15436	15308
9	15309	15310	15438	15437	15309
9	15310	15311	15439	15438	15310
9	15311	15312	15440	15439	15311
9	15312	15313	15441	15440	15312
9	15313	15314	15442	15441	15313
9	15314	15315	15443	15442	15314
9	15315	15316	15444	15443	15315
9	15316	15317	15445	15444	15316
9	15317	15318	15446	15445	15317
9	15318	15319	15447	15446	15318
9	15319	15320	15448	15447	15319
9	15320	15321	15449	15448	15320
9	15321	15322	15450	15449	15321
9	15322	15323	15451	15450	15322
9	15323	15324	15452	15451	15323
9	15324	15325	15453	15452	15324
9	15325	15326	15454	15453	15325
9	15326	15327	15455	15454	15326
9	15327	15328	15456	15455	15327
9	15328	15329	15457	15456	15328
9	15329	15330	15458	15457	15329
9	15330	15331	15459	15458	15330
9	15331	15332	15460	15459	15331
9	15332	15333	15461	15460	15332
9	15333	15334	15462	15461	15333
9	15334	15335	15463	15462	15334
9	15335	15336	15464	15463	15335
9	15336	15337	15465	15464	15336
9	15337	15338	15466	15465	15337
9	15338	15339	15467	15466	15338
9	15339	15340	15468	15467	15339
9	15340	15341	15469	15468	15340
9	15341	15342	15470	15469	15341
9	15342	15343	15471	15470	15342
9	15343	15344	15472	15471	15343
9	15344	15345	15473	15472	15344
9	15345	15346	15474	15473	15345
9	15346	15347	15475	15474	15346
9	15347	15348	15476	15475	15347
9	15348	15349	15477	15476	15348
9	15349	15350	15478	15477	15349
9	15350	15351	15479	15478	15350
9	15351	15352	15480	15479	15351
9	15352	15353	15481	15480	15352
9	15353	15354	15482	15481	15353
9	15354	15355	15483	15482	15354
9	15355	15356	15484	15483	15355
9	15356	15357	15485	15484	15356
9	15357	15358	15486	15485	15357
9	15358	15359	15487	15486	15358
9	15359	15232	15360	15487	15359
9	15360	15361	15489	15488	15360
9	15361	15362	15490	15489	15361
9	15362	15363	15491	15490	15362
9	15363	15364	15492	15491	15363
9	15364	15365	15493	15492	15364
9	15365	15366	15494	15493	15365
9	15366	15367	15495	15494	15366
9	15367	15368	15496	15495	15367
9	15368	15369	15497	15496	15368
9	15369	15370	15498	15497	15369
9	15370	15371	15499	15498	15370
9	15371	15372	15500	15499	15371
9	15372	15373	15501	15500	15372
9	15373	15374	15502	15501	15373
9	15374	15375	15503	15502	15374
9	15375	15376	15504	15503	15375
9	15376	15377	15505	15504	15376
9	15377	15378	15506	15505	15377
9	15378	15379	15507	15506	15378
9	15379	15380	15508	15507	15379
9	15380	15381	15509	15508	15380
9	15381	15382	15510	15509	15381
9	15382	15383	15511	15510	15382
9	15383	15384	15512	15511	15383
9	15384	15385	15513	15512	15384
9	15385	15386	15514	15513	15385
9	15386	15387	15515	15514	15386
9	15387	15388	15516	15515	15387
9	15388	15389	15517	15516	15388
9	15389	15390	15518	15517	15389
9	15390	15391	15519	15518	15390
9	15391	15392	15520	15519	15391
9	15392	15393	15521	15520	15392
9	15393	15394	15522	15521	15393
9	15394	15395	15523	15522	15394
9	15395	15396	15524	15523	15395
9	15396	15397	15525	15524	15396
9	15397	15398	15526	15525	15397
9	15398	15399	15527	15526	15398
9	15399	15400	15528	15527	15399
9	15400	15401	15529	15528	15400
9	15401	15402	15530	15529	15401
9	15402	15403	15531	15530	15402
9	15403	15404	15532	15531	15403
9	15404	15405	15533	15532	15404
9	15405	15406	15534	15533	15405
9	15406	15407	15535	15534	15406
9	15407	15408	15536	15535	15407
9	15408	15409	15537	15536	15408
9	15409	15410	15538	15537	15409
9	15410	15411	15539	15538	15410
9	15411	15412	15540	15539	15411
9	15412	15413	15541	15540	15412
9	15413	15414	15542	15541	15413
9	15414	15415	15543	15542	15414
9	15415	15416	15544	15543	15415
9	15416	15417	15545	15544	15416
9	15417	15418	15546	15545	15417
9	15418	15419	15547	15546	15418
9	15419	15420	15548	15547	15419
9	15420	15421	15549	15548	15420
9	15421	15422	15550	15549	15421
9	15422	15423	15551	15550	15422
9	15423	15424	15552	15551	15423
9	15424	15425	15553	15552	15424
9	15425	15426	15554	15553	15425
9	15426	15427	15555	15554	15426
9	15427	15428	15556	15555	15427
9	15428	15429	15557	15556	15428
9	15429	15430	15558	15557	15429
9	15430	15431	15559	15558	15430
9	15431	15432	15560	15559	15431
9	15432	15433	15561	15560	15432
9	15433	15434	15562	15561	15433
9	15434	15435	15563	15562	15434
9	15435	15436	15564	15563	15435
9	15436	15437	15565	15564	15436
9	15437	15438	15566	15565	15437
9	15438	15439	15567	15566	15438
9	15439	15440	15568	15567	15439
9	15440	15441	15569	15568	15440
9	15441	15442	15570	15569	15441
9	15442	15443	15571	15570	15442
9	15443	15444	15572	15571	15443
9	15444	15445	15573	15572	15444
9	15445	15446	15574	15573	15445
9	15446	15447	15575	15574	15446
9	15447	15448	15576	15575	15447
9	15448	15449	15577	15576	15448
9	15449	15450	15578	15577	15449
9	15450	15451	15579	15578	15450
9	15451	15452	15580	15579	15451
9	15452	15453	15581	15580	15452
9	15453	15454	15582	15581	15453
9	15454	15455	15583	15582	15454
9	15455	15456	15584	15583	15455
9	15456	15457	15585	15584	15456
9	15457	15458	15586	15585	15457
9	15458	15459	15587	15586	15458
9	15459	15460	15588	15587	15459
9	15460	15461	15589	15588	15460
9	15461	15462	15590	15589	15461
9	15462	15463	15591	15590	15462
9	15463	15464	15592	15591	15463
9	15464	15465	15593	15592	15464
9	15465	15466	15594	15593	15465
9	15466	15467	15595	15594	15466
9	15467	15468	15596	15595	15467
9	15468	15469	15597	15596	15468
9	15469	15470	15598	15597	15469
9	15470	15471	15599	15598	15470
9	15471	15472	15600	15599	15471
9	15472	15473	15601	15600	15472
9	15473	15474	15602	15601	15473
9	15474	15475	15603	15602	15474
9	15475	15476	15604	15603	15475
9	15476	15477	15605	15604	15476
9	15477	15478	15606	15605	15477
9	15478	15479	15607	15606	15478
9	15479	15480	15608	15607	15479
9	15480	15481	15609	15608	15480
9	15481	15482	15610	15609	15481
9	15482	15483	15611	15610	15482
9	15483	15484	15612	15611	15483
9	15484	15485	15613	15612	15484
9	15485	15486	15614	15613	15485
9	15486	15487	15615	15614	15486
9	15487	15360	15488	15615	15487
9	15488	15489	15617	15616	15488
9	15489	15490	15618	15617	15489
9	15490	15491	15619	15618	15490
9	15491	15492	15620	15619	15491
9	15492	15493	15621	15620	15492
9	15493	15494	15622	15621	15493
9	15494	15495	15623	15622	15494
9	15495	15496	15624	15623	15495
9	15496	15497	15625	15624	15496
9	15497	15498	15626	15625	15497
9	15498	15499	15627	15626	15498
9	15499	15500	15628	15627	15499
9	15500	15501	15629	15628	15500
9	15501	15502	15630	15629	15501
9	15502	15503	15631	15630	15502
9	15503	15504	15632	15631	15503
9	15504	15505	15633	15632	15504
9	15505	15506	15634	15633	15505
9	15506	15507	15635	15634	15506
9	15507	15508	15636	15635	15507
9	15508	15509	15637	15636	15508
9	15509	15510	15638	15637	15509
9	15510	15511	15639	15638	15510
9	15511	15512	15640	15639	15511
9	15512	15513	15641	15640	15512
9	15513	15514	15642	15641	15513
9	15514	15515	15643	15642	15514
9	15515	15516	15644	15643	15515
9	15516	15517	15645	15644	15516
9	15517	15518	15646	15645	15517
9	15518	15519	15647	15646	15518
9	15519	15520	15648	15647	15519
9	15520	15521	15649	15648	15520
9	15521	15522	15650	15649	15521
9	15522	15523	15651	15650	15522
9	15523	15524	15652	15651	15523
9	15524	15525	15653	15652	15524
9	15525	15526	15654	15653	15525
9	15526	15527	15655	15654	15526
9	15527	15528	15656	15655	15527
9	15528	15529	15657	15656	15528
9	15529	15530	15658	15657	15529
9	15530	15531	15659	15658	15530
9	15531	15532	15660	15659	15531
9	15532	15533	15661	15660	15532
9	15533	15534	15662	15661	15533
9	15534	15535	15663	15662	15534
9	15535	15536	15664	15663	15535
9	15536	15537	15665	15664	15536
9	15537	15538	15666	15665	15537
9	15538	15539	15667	15666	15538
9	15539	15540	15668	15667	15539
9	15540	15541	15669	15668	15540
9	15541	15542	15670	15669	15541
9	15542	15543	15671	15670	15542
9	15543	15544	15672	15671	15543
9	15544	15545	15673	15672	15544
9	15545	15546	15674	15673	15545
9	15546	15547	15675	15674	15546
9	15547	15548	15676	15675	15547
9	15548	15549	15677	15676	15548
9	15549	15550	15678	15677	15549
9	15550	15551	15679	15678	15550
9	15551	15552	15680	15679	15551
9	15552	15553	15681	15680	15552
9	15553	15554	15682	15681	15553
9	15554	15555	15683	15682	15554
9	15555	15556	15684	15683	15555
9	15556	15557	15685	15684	15556
9	15557	15558	15686	15685	15557
9	15558	15559	15687	15686	15558
9	15559	15560	15688	15687	15559
9	15560	15561	15689	15688	15560
9	15561	15562	15690	15689	15561
9	15562	15563	15691	15690	15562
9	15563	15564	15692	15691	15563
9	15564	15565	15693	15692	15564
9	15565	15566	15694	15693	15565
9	15566	15567	15695	15694	15566
9	15567	15568	15696	15695	15567
9	15568	15569	15697	15696	15568
9	15569	15570	15698	15697	15569
9	15570	15571	15699	15698	15570
9	15571	15572	15700	15699	15571
9	15572	15573	15701	15700	15572
9	15573	15574	15702	15701	15573
9	15574	15575	15703	15702	15574
9	15575	15576	15704	15703	15575
9	15576	15577	15705	15704	15576
9	15577	15578	15706	15705	15577
9	15578	15579	15707	15706	15578
9	15579	15580	15708	15707	15579
9	15580	15581	15709	15708	15580
9	15581	15582	15710	15709	15581
9	15582	15583	15711	15710	15582
9	15583	15584	15712	15711	15583
9	15584	15585	15713	15712	15584
9	15585	15586	15714	15713	15585
9	15586	15587	15715	15714	15586
9	15587	15588	15716	15715	15587
9	15588	15589	15717	15716	15588
9	15589	15590	15718	15717	15589
9	15590	15591	15719	15718	15590
9	15591	15592	15720	15719	15591
9	15592	15593	15721	15720	15592
9	15593	15594	15722	15721	15593
9	15594	15595	15723	15722	15594
9	15595	15596	15724	15723	15595
9	15596	15597	15725	15724	15596
9	15597	15598	15726	15725	15597
9	15598	15599	15727	15726	15598
9	15599	15600	15728	15727	15599
9	15600	15601	15729	15728	15600
9	15601	15602	15730	15729	15601
9	15602	15603	15731	15730	15602
9	15603	15604	15732	15731	15603
9	15604	15605	15733	15732	15604
9	15605	15606	15734	15733	15605
9	15606	15607	15735	15734	15606
9	15607	15608	15736	15735	15607
9	15608	15609	15737	15736	15608
9	15609	15610	15738	15737	15609
9	15610	15611	15739	15738	15610
9	15611	15612	15740	15739	15611
9	15612	15613	15741	15740	15612
9	15613	15614	15742	15741	15613
9	15614	15615	15743	15742	15614
9	15615	15488	15616	15743	15615
9	15616	15617	15745	15744	15616
9	15617	15618	15746	15745	15617
9	15618	15619	15747	15746	15618
9	15619	15620	15748	15747	15619
9	15620	15621	15749	15748	15620
9	15621	15622	15750	15749	15621
9	15622	15623	15751	15750	15622
9	15623	15624	15752	15751	15623
9	15624	15625	15753	15752	15624
9	15625	15626	15754	15753	15625
9	15626	15627	15755	15754	15626
9	15627	15628	15756	15755	15627
9	15628	15629	15757	15756	15628
9	15629	15630	15758	15757	15629
9	15630	15631	15759	15758	15630
9	15631	15632	15760	15759	15631
9	15632	15633	15761	15760	15632
9	15633	15634	15762	15761	15633
9	15634	15635	15763	15762	15634
9	15635	15636	15764	15763	15635
9	15636	15637	15765	15764	15636
9	15637	15638	15766	15765	15637
9	15638	15639	15767	15766	15638
9	15639	15640	15768	15767	15639
9	15640	15641	15769	15768	15640
9	15641	15642	15770	15769	15641
9	15642	15643	15771	15770	15642
9	15643	15644	15772	15771	15643
9	15644	15645	15773	15772	15644
9	15645	15646	15774	15773	15645
9	15646	15647	15775	15774	15646
9	15647	15648	15776	15775	15647
9	15648	15649	15777	15776	15648
9	15649	15650	15778	15777	15649
9	15650	15651	15779	15778	15650
9	15651	15652	15780	15779	15651
9	15652	15653	15781	15780	15652
9	15653	15654	15782	15781	15653
9	15654	15655	15783	15782	15654
9	15655	15656	15784	15783	15655
9	15656	15657	15785	15784	15656
9	15657	15658	15786	15785	15657
9	15658	15659	15787	15786	15658
9	15659	15660	15788	15787	15659
9	15660	15661	15789	15788	15660
9	15661	15662	15790	15789	15661
9	15662	15663	15791	15790	15662
9	15663	15664	15792	15791	15663
9	15664	15665	15793	15792	15664
9	15665	15666	15794	15793	15665
9	15666	15667	15795	15794	15666
9	15667	15668	15796	15795	15667
9	15668	15669	15797	15796	15668
9	15669	15670	15798	15797	15669
9	15670	15671	15799	15798	15670
9	15671	15672	15800	15799	15671
9	15672	15673	15801	15800	15672
9	15673	15674	15802	15801	15673
9	15674	15675	15803	15802	15674
9	15675	15676	15804	15803	15675
9	15676	15677	15805	15804	15676
9	15677	15678	15806	15805	15677
9	15678	15679	15807	15806	15678
9	15679	15680	15808	15807	15679
9	15680	15681	15809	15808	15680
9	15681	15682	15810	15809	15681
9	15682	15683	15811	15810	15682
9	15683	15684	15812	15811	15683
9	15684	15685	15813	15812	15684
9	15685	15686	15814	15813	15685
9	15686	15687	15815	15814	15686
9	15687	15688	15816	15815	15687
9	15688	15689	15817	15816	15688
9	15689	15690	15818	15817	15689
9	15690	15691	15819	15818	15690
9	15691	15692	15820	15819	15691
9	15692	15693	15821	15820	15692
9	15693	15694	15822	15821	15693
9	15694	15695	15823	15822	15694
9	15695	15696	15824	15823	15695
9	15696	15697	15825	15824	15696
9	15697	15698	15826	15825	15697
9	15698	15699	15827	15826	15698
9	15699	15700	15828	15827	15699
9	15700	15701	15829	15828	15700
9	15701	15702	15830	15829	15701
9	15702	15703	15831	15830	15702
9	15703	15704	15832	15831	15703
9	15704	15705	15833	15832	15704
9	15705	15706	15834	15833	15705
9	15706	15707	15835	15834	15706
9	15707	15708	15836	15835	15707
9	15708	15709	15837	15836	15708
9	15709	15710	15838	15837	15709
9	15710	15711	15839	15838	15710
9	15711	15712	15840	15839	15711
9	15712	15713	15841	15840	15712
9	15713	15714	15842	15841	15713
9	15714	15715	15843	15842	15714
9	15715	15716	15844	15843	15715
9	15716	15717	15845	15844	15716
9	15717	15718	15846	15845	15717
9	15718	15719	15847	15846	15718
9	15719	15720	15848	15847	15719
9	15720	15721	15849	15848	15720
9	15721	15722	15850	15849	15721
9	15722	15723	15851	15850	15722
9	15723	15724	15852	15851	15723
9	15724	15725	15853	15852	15724
9	15725	15726	15854	15853	15725
9	15726	15727	15855	15854	15726
9	15727	15728	15856	15855	15727
9	15728	15729	15857	15856	15728
9	15729	15730	15858	15857	15729
9	15730	15731	15859	15858	15730
9	15731	15732	15860	15859	15731
9	15732	15733	15861	15860	15732
9	15733	15734	15862	15861	15733
9	15734	15735	15863	15862	15734
9	15735	15736	15864	15863	15735
9	15736	15737	15865	15864	15736
9	15737	15738	15866	15865	15737
9	15738	15739	15867	15866	15738
9	15739	15740	15868	15867	15739
9	15740	15741	15869	15868	15740
9	15741	15742	15870	15869	15741
9	15742	15743	15871	15870	15742
9	15743	15616	15744	15871	15743
9	15744	15745	15873	15872	15744
9	15745	15746	15874	15873	15745
9	15746	15747	15875	15874	15746
9	15747	15748	15876	15875	15747
9	15748	15749	15877	15876	15748
9	15749	15750	15878	15877	15749
9	15750	15751	15879	15878	15750
9	15751	15752	15880	15879	15751
9	15752	15753	15881	15880	15752
9	15753	15754	15882	15881	15753
9	15754	15755	15883	15882	15754
9	15755	15756	15884	15883	15755
9	15756	15757	15885	15884	15756
9	15757	15758	15886	15885	15757
9	15758	15759	15887	15886	15758
9	15759	15760	15888	15887	15759
9	15760	15761	15889	15888	15760
9	15761	15762	15890	15889	15761
9	15762	15763	15891	15890	15762
9	15763	15764	15892	15891	15763
9	15764	15765	15893	15892	15764
9	15765	15766	15894	15893	15765
9	15766	15767	15895	15894	15766
9	15767	15768	15896	15895	15767
9	15768	15769	15897	15896	15768
9	15769	15770	15898	15897	15769
9	15770	15771	15899	15898	15770
9	15771	15772	15900	15899	15771
9	15772	15773	15901	15900	15772
9	15773	15774	15902	15901	15773
9	15774	15775	15903	15902	15774
9	15775	15776	15904	15903	15775
9	15776	15777	15905	15904	15776
9	15777	15778	15906	15905	15777
9	15778	15779	15907	15906	15778
9	15779	15780	15908	15907	15779
9	15780	15781	15909	15908	15780
9	15781	15782	15910	15909	15781
9	15782	15783	15911	15910	15782
9	15783	15784	15912	15911	15783
9	15784	15785	15913	15912	15784
9	15785	15786	15914	15913	15785
9	15786	15787	15915	15914	15786
9	15787	15788	15916	15915	15787
9	15788	15789	15917	15916	15788
9	15789	15790	15918	15917	15789
9	15790	15791	15919	15918	15790
9	15791	15792	15920	15919	15791
9	15792	15793	15921	15920	15792
9	15793	15794	15922	15921	15793
9	15794	15795	15923	15922	15794
9	15795	15796	15924	15923	15795
9	15796	15797	15925	15924	15796
9	15797	15798	15926	15925	15797
9	15798	15799	15927	15926	15798
9	15799	15800	15928	15927	15799
9	15800	15801	15929	15928	15800
9	15801	15802	15930	15929	15801
9	15802	15803	15931	15930	15802
9	15803	15804	15932	15931	15803
9	15804	15805	15933	15932	15804
9	15805	15806	15934	15933	15805
9	15806	15807	15935	15934	15806
9	15807	15808	15936	15935	15807
9	15808	15809	15937	15936	15808
9	15809	15810	15938	15937	15809
9	15810	15811	15939	15938	15810
9	15811	15812	15940	15939	15811
9	15812	15813	15941	15940	15812
9	15813	15814	15942	15941	15813
9	15814	15815	15943	15942	15814
9	15815	15816	15944	15943	15815
9	15816	15817	15945	15944	15816
9	15817	15818	15946	15945	15817
9	15818	15819	15947	15946	15818
9	15819	15820	15948	15947	15819
9	15820	15821	15949	15948	15820
9	15821	15822	15950	15949	15821
9	15822	15823	15951	15950	15822
9	15823	15824	15952	15951	15823
9	15824	15825	15953	15952	15824
9	15825	15826	15954	15953	15825
9	15826	15827	15955	15954	15826
9	15827	15828	15956	15955	15827
9	15828	15829	15957	15956	15828
9	15829	15830	15958	15957	15829
9	15830	15831	15959	15958	15830
9	15831	15832	15960	15959	15831
9	15832	15833	15961	15960	15832
9	15833	15834	15962	15961	15833
9	15834	15835	15963	15962	15834
9	15835	15836	15964	15963	15835
9	15836	15837	15965	15964	15836
9	15837	15838	15966	15965	15837
9	15838	15839	15967	15966	15838
9	15839	15840	15968	15967	15839
9	15840	15841	15969	15968	15840
9	15841	15842	15970	15969	15841
9	15842	15843	15971	15970	15842
9	15843	15844	15972	15971	15843
9	15844	15845	15973	15972	15844
9	15845	15846	15974	15973	15845
9	15846	15847	15975	15974	15846
9	15847	15848	15976	15975	15847
9	15848	15849	15977	15976	15848
9	15849	15850	15978	15977	15849
9	15850	15851	15979	15978	15850
9	15851	15852	15980	15979	15851
9	15852	15853	15981	15980	15852
9	15853	15854	15982	15981	15853
9	15854	15855	15983	15982	15854
9	15855	15856	15984	15983	15855
9	15856	15857	15985	15984	15856
9	15857	15858	15986	15985	15857
9	15858	15859	15987	15986	15858
9	15859	15860	15988	15987	15859
9	15860	15861	15989	15988	15860
9	15861	15862	15990	15989	15861
9	15862	15863	15991	15990	15862
9	15863	15864	15992	15991	15863
9	15864	15865	15993	15992	15864
9	15865	15866	15994	15993	15865
9	15866	15867	15995	15994	15866
9	15867	15868	15996	15995	15867
9	15868	15869	15997	15996	15868
9	15869	15870	15998	15997	15869
9	15870	15871	15999	15998	15870
9	15871	15744	15872	15999	15871
9	15872	15873	16001	16000	15872
9	15873	15874	16002	16001	15873
9	15874	15875	16003	16002	15874
9	15875	15876	16004	16003	15875
9	15876	15877	16005	16004	15876
9	15877	15878	16006	16005	15877
9	15878	15879	16007	16006	15878
9	15879	15880	16008	16007	15879
9	15880	15881	16009	16008	15880
9	15881	15882	16010	16009	15881
9	15882	15883	16011	16010	15882
9	15883	15884	16012	16011	15883
9	15884	15885	16013	16012	15884
9	15885	15886	16014	16013	15885
9	15886	15887	16015	16014	15886
9	15887	15888	16016	16015	15887
9	15888	15889	16017	16016	15888
9	15889	15890	16018	16017	15889
9	15890	15891	16019	16018	15890
9	15891	15892	16020	16019	15891
9	15892	15893	16021	16020	15892
9	15893	15894	16022	16021	15893
9	15894	15895	16023	16022	15894
9	15895	15896	16024	16023	15895
9	15896	15897	16025	16024	15896
9	15897	15898	16026	16025	15897
9	15898	15899	16027	16026	15898
9	15899	15900	16028	16027	15899
9	15900	15901	16029	16028	15900
9	15901	15902	16030	16029	15901
9	15902	15903	16031	16030	15902
9	15903	15904	16032	16031	15903
9	15904	15905	16033	16032	15904
9	15905	15906	16034	16033	15905
9	15906	15907	16035	16034	15906
9	15907	15908	16036	16035	15907
9	15908	15909	16037	16036	15908
9	15909	15910	16038	16037	15909
9	15910	15911	16039	16038	15910
9	15911	15912	16040	16039	15911
9	15912	15913	16041	16040	15912
9	15913	15914	16042	16041	15913
9	15914	15915	16043	16042	15914
9	15915	15916	16044	16043	15915
9	15916	15917	16045	16044	15916
9	15917	15918	16046	16045	15917
9	15918	15919	16047	16046	15918
9	15919	15920	16048	16047	15919
9	15920	15921	16049	16048	15920
9	15921	15922	16050	16049	15921
9	15922	15923	16051	16050	15922
9	15923	15924	16052	16051	15923
9	15924	15925	16053	16052	15924
9	15925	15926	16054	16053	15925
9	15926	15927	16055	16054	15926
9	15927	15928	16056	16055	15927
9	15928	15929	16057	16056	15928
9	15929	15930	16058	16057	15929
9	15930	15931	16059	16058	15930
9	15931	15932	16060	16059	15931
9	15932	15933	16061	16060	15932
9	15933	15934	16062	16061	15933
9	15934	15935	16063	16062	15934
9	15935	15936	16064	16063	15935
9	15936	15937	16065	16064	15936
9	15937	15938	16066	16065	15937
9	15938	15939	16067	16066	15938
9	15939	15940	16068	16067	15939
9	15940	15941	16069	16068	15940
9	15941	15942	16070	16069	15941
9	15942	15943	16071	16070	15942
9	15943	15944	16072	16071	15943
9	15944	15945	16073	16072	15944
9	15945	15946	16074	16073	15945
9	15946	15947	16075	16074	15946
9	15947	15948	16076	16075	15947
9	15948	15949	16077	16076	15948
9	15949	15950	16078	16077	15949
9	15950	15951	16079	16078	15950
9	15951	15952	16080	16079	15951
9	15952	15953	16081	16080	15952
9	15953	15954	16082	16081	15953
9	15954	15955	16083	16082	15954
9	15955	15956	16084	16083	15955
9	15956	15957	16085	16084	15956
9	15957	15958	16086	16085	15957
9	15958	15959	16087	16086	15958
9	15959	15960	16088	16087	15959
9	15960	15961	16089	16088	15960
9	15961	15962	16090	16089	15961
9	15962	15963	16091	16090	15962
9	15963	15964	16092	16091	15963
9	15964	15965	16093	16092	15964
9	15965	15966	16094	16093	15965
9	15966	15967	16095	16094	15966
9	15967	15968	16096	16095	15967
9	15968	15969	16097	16096	15968
9	15969	15970	16098	16097	15969
9	15970	15971	16099	16098	15970
9	15971	15972	16100	16099	15971
9	15972	15973	16101	16100	15972
9	15973	15974	16102	16101	15973
9	15974	15975	16103	16102	15974
9	15975	15976	16104	16103	15975
9	15976	15977	16105	16104	15976
9	15977	15978	16106	16105	15977
9	15978	15979	16107	16106	15978
9	15979	15980	16108	16107	15979
9	15980	15981	16109	16108	15980
9	15981	15982	16110	16109	15981
9	15982	15983	16111	16110	15982
9	15983	15984	16112	16111	15983
9	15984	15985	16113	16112	15984
9	15985	15986	16114	16113	15985
9	15986	15987	16115	16114	15986
9	15987	15988	16116	16115	15987
9	15988	15989	16117	16116	15988
9	15989	15990	16118	16117	15989
9	15990	15991	16119	16118	15990
9	15991	15992	16120	16119	15991
9	15992	15993	16121	16120	15992
9	15993	15994	16122	16121	15993
9	15994	15995	16123	16122	15994
9	15995	15996	16124	16123	15995
9	15996	15997	16125	16124	15996
9	15997	15998	16126	16125	15997
9	15998	15999	16127	16126	15998
9	15999	15872	16000	16127	15999
9	16000	16001	16129	16128	16000
9	16001	16002	16130	16129	16001
9	16002	16003	16131	16130	16002
9	16003	16004	16132	16131	16003
9	16004	16005	16133	16132	16004
9	16005	16006	16134	16133	16005
9	16006	16007	16135	16134	16006
9	16007	16008	16136	16135	16007
9	16008	16009	16137	16136	16008
9	16009	16010	16138	16137	16009
9	16010	16011	16139	16138	16010
9	16011	16012	16140	16139	16011
9	16012	16013	16141	16140	16012
9	16013	16014	16142	16141	16013
9	16014	16015	16143	16142	16014
9	16015	16016	16144	16143	16015
9	16016	16017	16145	16144	16016
9	16017	16018	16146	16145	16017
9	16018	16019	16147	16146	16018
9	16019	16020	16148	16147	16019
9	16020	16021	16149	16148	16020
9	16021	16022	16150	16149	16021
9	16022	16023	16151	16150	16022
9	16023	16024	16152	16151	16023
9	16024	16025	16153	16152	16024
9	16025	16026	16154	16153	16025
9	16026	16027	16155	16154	16026
9	16027	16028	16156	16155	16027
9	16028	16029	16157	16156	16028
9	16029	16030	16158	16157	16029
9	16030	16031	16159	16158	16030
9	16031	16032	16160	16159	16031
9	16032	16033	16161	16160	16032
9	16033	16034	16162	16161	16033
9	16034	16035	16163	16162	16034
9	16035	16036	16164	16163	16035
9	16036	16037	16165	16164	16036
9	16037	16038	16166	16165	16037
9	16038	16039	16167	16166	16038
9	16039	16040	16168	16167	16039
9	16040	16041	16169	16168	16040
9	16041	16042	16170	16169	16041
9	16042	16043	16171	16170	16042
9	16043	16044	16172	16171	16043
9	16044	16045	16173	16172	16044
9	16045	16046	16174	16173	16045
9	16046	16047	16175	16174	16046
9	16047	16048	16176	16175	16047
9	16048	16049	16177	16176	16048
9	16049	16050	16178	16177	16049
9	16050	16051	16179	16178	16050
9	16051	16052	16180	16179	16051
9	16052	16053	16181	16180	16052
9	16053	16054	16182	16181	16053
9	16054	16055	16183	16182	16054
9	16055	16056	16184	16183	16055
9	16056	16057	16185	16184	16056
9	16057	16058	16186	16185	16057
9	16058	16059	16187	16186	16058
9	16059	16060	16188	16187	16059
9	16060	16061	16189	16188	16060
9	16061	16062	16190	16189	16061
9	16062	16063	16191	16190	16062
9	16063	16064	16192	16191	16063
9	16064	16065	16193	16192	16064
9	16065	16066	16194	16193	16065
9	16066	16067	16195	16194	16066
9	16067	16068	16196	16195	16067
9	16068	16069	16197	16196	16068
9	16069	16070	16198	16197	16069
9	16070	16071	16199	16198	16070
9	16071	16072	16200	16199	16071
9	16072	16073	16201	16200	16072
9	16073	16074	16202	16201	16073
9	16074	16075	16203	16202	16074
9	16075	16076	16204	16203	16075
9	16076	16077	16205	16204	16076
9	16077	16078	16206	16205	16077
9	16078	16079	16207	16206	16078
9	16079	16080	16208	16207	16079
9	16080	16081	16209	16208	16080
9	16081	16082	16210	16209	16081
9	16082	16083	16211	16210	16082
9	16083	16084	16212	16211	16083
9	16084	16085	16213	16212	16084
9	16085	16086	16214	16213	16085
9	16086	16087	16215	16214	16086
9	16087	16088	16216	16215	16087
9	16088	16089	16217	16216	16088
9	16089	16090	16218	16217	16089
9	16090	16091	16219	16218	16090
9	16091	16092	16220	16219	16091
9	16092	16093	16221	16220	16092
9	16093	16094	16222	16221	16093
9	16094	16095	16223	16222	16094
9	16095	16096	16224	16223	16095
9	16096	16097	16225	16224	16096
9	16097	16098	16226	16225	16097
9	16098	16099	16227	16226	16098
9	16099	16100	16228	16227	16099
9	16100	16101	16229	16228	16100
9	16101	16102	16230	16229	16101
9	16102	16103	16231	16230	16102
9	16103	16104	16232	16231	16103
9	16104	16105	16233	16232	16104
9	16105	16106	16234	16233	16105
9	16106	16107	16235	16234	16106
9	16107	16108	16236	16235	16107
9	16108	16109	16237	16236	16108
9	16109	16110	16238	16237	16109
9	16110	16111	16239	16238	16110
9	16111	16112	16240	16239	16111
9	16112	16113	16241	16240	16112
9	16113	16114	16242	16241	16113
9	16114	16115	16243	16242	16114
9	16115	16116	16244	16243	16115
9	16116	16117	16245	16244	16116
9	16117	16118	16246	16245	16117
9	16118	16119	16247	16246	16118
9	16119	16120	16248	16247	16119
9	16120	16121	16249	16248	16120
9	16121	16122	16250	16249	16121
9	16122	16123	16251	16250	16122
9	16123	16124	16252	16251	16123
9	16124	16125	16253	16252	16124
9	16125	16126	16254	16253	16125
9	16126	16127	16255	16254	16126
9	16127	16000	16128	16255	16127
9	16128	16129	16257	16256	16128
9	16129	16130	16258	16257	16129
9	16130	16131	16259	16258	16130
9	16131	16132	16260	16259	16131
9	16132	16133	16261	16260	16132
9	16133	16134	16262	16261	16133
9	16134	16135	16263	16262	16134
9	16135	16136	16264	16263	16135
9	16136	16137	16265	16264	16136
9	16137	16138	16266	16265	16137
9	16138	16139	16267	16266	16138
9	16139	16140	16268	16267	16139
9	16140	16141	16269	16268	16140
9	16141	16142	16270	16269	16141
9	16142	16143	16271	16270	16142
9	16143	16144	16272	16271	16143
9	16144	16145	16273	16272	16144
9	16145	16146	16274	16273	16145
9	16146	16147	16275	16274	16146
9	16147	16148	16276	16275	16147
9	16148	16149	16277	16276	16148
9	16149	16150	16278	16277	16149
9	16150	16151	16279	16278	16150
9	16151	16152	16280	16279	16151
9	16152	16153	16281	16280	16152
9	16153	16154	16282	16281	16153
9	16154	16155	16283	16282	16154
9	16155	16156	16284	16283	16155
9	16156	16157	16285	16284	16156
9	16157	16158	16286	16285	16157
9	16158	16159	16287	16286	16158
9	16159	16160	16288	16287	16159
9	16160	16161	16289	16288	16160
9	16161	16162	16290	16289	16161
9	16162	16163	16291	16290	16162
9	16163	16164	16292	16291	16163
9	16164	16165	16293	16292	16164
9	16165	16166	16294	16293	16165
9	16166	16167	16295	16294	16166
9	16167	16168	16296	16295	16167
9	16168	16169	16297	16296	16168
9	16169	16170	16298	16297	16169
9	16170	16171	16299	16298	16170
9	16171	16172	16300	16299	16171
9	16172	16173	16301	16300	16172
9	16173	16174	16302	16301	16173
9	16174	16175	16303	16302	16174
9	16175	16176	16304	16303	16175
9	16176	16177	16305	16304	16176
9	16177	16178	16306	16305	16177
9	16178	16179	16307	16306	16178
9	16179	16180	16308	16307	16179
9	16180	16181	16309	16308	16180
9	16181	16182	16310	16309	16181
9	16182	16183	16311	16310	16182
9	16183	16184	16312	16311	16183
9	16184	16185	16313	16312	16184
9	16185	16186	16314	16313	16185
9	16186	16187	16315	16314	16186
9	16187	16188	16316	16315	16187
9	16188	16189	16317	16316	16188
9	16189	16190	16318	16317	16189
9	16190	16191	16319	16318	16190
9	16191	16192	16320	16319	16191
9	16192	16193	16321	16320	16192
9	16193	16194	16322	16321	16193
9	16194	16195	16323	16322	16194
9	16195	16196	16324	16323	16195
9	16196	16197	16325	16324	16196
9	16197	16198	16326	16325	16197
9	16198	16199	16327	16326	16198
9	16199	16200	16328	16327	16199
9	16200	16201	16329	16328	16200
9	16201	16202	16330	16329	16201
9	16202	16203	16331	16330	16202
9	16203	16204	16332	16331	16203
9	16204	16205	16333	16332	16204
9	16205	16206	16334	16333	16205
9	16206	16207	16335	16334	16206
9	16207	16208	16336	16335	16207
9	16208	16209	16337	16336	16208
9	16209	16210	16338	16337	16209
9	16210	16211	16339	16338	16210
9	16211	16212	16340	16339	16211
9	16212	16213	16341	16340	16212
9	16213	16214	16342	16341	16213
9	16214	16215	16343	16342	16214
9	16215	16216	16344	16343	16215
9	16216	16217	16345	16344	16216
9	16217	16218	16346	16345	16217
9	16218	16219	16347	16346	16218
9	16219	16220	16348	16347	16219
9	16220	16221	16349	16348	16220
9	16221	16222	16350	16349	16221
9	16222	16223	16351	16350	16222
9	16223	16224	16352	16351	16223
9	16224	16225	16353	16352	16224
9	16225	16226	16354	16353	16225
9	16226	16227	16355	16354	16226
9	16227	16228	16356	16355	16227
9	16228	16229	16357	16356	16228
9	16229	16230	16358	16357	16229
9	16230	16231	16359	16358	16230
9	16231	16232	16360	16359	16231
9	16232	16233	16361	16360	16232
9	16233	16234	16362	16361	16233
9	16234	16235	16363	16362	16234
9	16235	16236	16364	16363	16235
9	16236	16237	16365	16364	16236
9	16237	16238	16366	16365	16237
9	16238	16239	16367	16366	16238
9	16239	16240	16368	16367	16239
9	16240	16241	16369	16368	16240
9	16241	16242	16370	16369	16241
9	16242	16243	16371	16370	16242
9	16243	16244	16372	16371	16243
9	16244	16245	16373	16372	16244
9	16245	16246	16374	16373	16245
9	16246	16247	16375	16374	16246
9	16247	16248	16376	16375	16247
9	16248	16249	16377	16376	16248
9	16249	16250	16378	16377	16249
9	16250	16251	16379	16378	16250
9	16251	16252	16380	16379	16251
9	16252	16253	16381	16380	16252
9	16253	16254	16382	16381	16253
9	16254	16255	16383	16382	16254
9	16255	16128	16256	16383	16255
9	16256	16257	16385	16384	16256
9	16257	16258	16386	16385	16257
9	16258	16259	16387	16386	16258
9	16259	16260	16388	16387	16259
9	16260	16261	16389	16388	16260
9	16261	16262	16390	16389	16261
9	16262	16263	16391	16390	16262
9	16263	16264	16392	16391	16263
9	16264	16265	16393	16392	16264
9	16265	16266	16394	16393	16265
9	16266	16267	16395	16394	16266
9	16267	16268	16396	16395	16267
9	16268	16269	16397	16396	16268
9	16269	16270	16398	16397	16269
9	16270	16271	16399	16398	16270
9	16271	16272	16400	16399	16271
9	16272	16273	16401	16400	16272
9	16273	16274	16402	16401	16273
9	16274	16275	16403	16402	16274
9	16275	16276	16404	16403	16275
9	16276	16277	16405	16404	16276
9	16277	16278	16406	16405	16277
9	16278	16279	16407	16406	16278
9	16279	16280	16408	16407	16279
9	16280	16281	16409	16408	16280
9	16281	16282	16410	16409	16281
9	16282	16283	16411	16410	16282
9	16283	16284	16412	16411	16283
9	16284	16285	16413	16412	16284
9	16285	16286	16414	16413	16285
9	16286	16287	16415	16414	16286
9	16287	16288	16416	16415	16287
9	16288	16289	16417	16416	16288
9	16289	16290	16418	16417	16289
9	16290	16291	16419	16418	16290
9	16291	16292	16420	16419	16291
9	16292	16293	16421	16420	16292
9	16293	16294	16422	16421	16293
9	16294	16295	16423	16422	16294
9	16295	16296	16424	16423	16295
9	16296	16297	16425	16424	16296
9	16297	16298	16426	16425	16297
9	16298	16299	16427	16426	16298
9	16299	16300	16428	16427	16299
9	16300	16301	16429	16428	16300
9	16301	16302	16430	16429	16301
9	16302	16303	16431	16430	16302
9	16303	16304	16432	16431	16303
9	16304	16305	16433	16432	16304
9	16305	16306	16434	16433	16305
9	16306	16307	16435	16434	16306
9	16307	16308	16436	16435	16307
9	16308	16309	16437	16436	16308
9	16309	16310	16438	16437	16309
9	16310	16311	16439	16438	16310
9	16311	16312	16440	16439	16311
9	16312	16313	16441	16440	16312
9	16313	16314	16442	16441	16313
9	16314	16315	16443	16442	16314
9	16315	16316	16444	16443	16315
9	16316	16317	16445	16444	16316
9	16317	16318	16446	16445	16317
9	16318	16319	16447	16446	16318
9	16319	16320	16448	16447	16319
9	16320	16321	16449	16448	16320
9	16321	16322	16450	16449	16321
9	16322	16323	16451	16450	16322
9	16323	16324	16452	16451	16323
9	16324	16325	16453	16452	16324
9	16325	16326	16454	16453	16325
9	16326	16327	16455	16454	16326
9	16327	16328	16456	16455	16327
9	16328	16329	16457	16456	16328
9	16329	16330	16458	16457	16329
9	16330	16331	16459	16458	16330
9	16331	16332	16460	16459	16331
9	16332	16333	16461	16460	16332
9	16333	16334	16462	16461	16333
9	16334	16335	16463	16462	16334
9	16335	16336	16464	16463	16335
9	16336	16337	16465	16464	16336
9	16337	16338	16466	16465	16337
9	16338	16339	16467	16466	16338
9	16339	16340	16468	16467	16339
9	16340	16341	16469	16468	16340
9	16341	16342	16470	16469	16341
9	16342	16343	16471	16470	16342
9	16343	16344	16472	16471	16343
9	16344	16345	16473	16472	16344
9	16345	16346	16474	16473	16345
9	16346	16347	16475	16474	16346
9	16347	16348	16476	16475	16347
9	16348	16349	16477	16476	16348
9	16349	16350	16478	16477	16349
9	16350	16351	16479	16478	16350
9	16351	16352	16480	16479	16351
9	16352	16353	16481	16480	16352
9	16353	16354	16482	16481	16353
9	16354	16355	16483	16482	16354
9	16355	16356	16484	16483	16355
9	16356	16357	16485	16484	16356
9	16357	16358	16486	16485	16357
9	16358	16359	16487	16486	16358
9	16359	16360	16488	16487	16359
9	16360	16361	16489	16488	16360
9	16361	16362	16490	16489	16361
9	16362	16363	16491	16490	16362
9	16363	16364	16492	16491	16363
9	16364	16365	16493	16492	16364
9	16365	16366	16494	16493	16365
9	16366	16367	16495	16494	16366
9	16367	16368	16496	16495	16367
9	16368	16369	16497	16496	16368
9	16369	16370	16498	16497	16369
9	16370	16371	16499	16498	16370
9	16371	16372	16500	16499	16371
9	16372	16373	16501	16500	16372
9	16373	16374	16502	16501	16373
9	16374	16375	16503	16502	16374
9	16375	16376	16504	16503	16375
9	16376	16377	16505	16504	16376
9	16377	16378	16506	16505	16377
9	16378	16379	16507	16506	16378
9	16379	16380	16508	16507	16379
9	16380	16381	16509	16508	16380
9	16381	16382	16510	16509	16381
9	16382	16383	16511	16510	16382
9	16383	16256	16384	16511	16383
%
% Node coordinates
%
NPOIN= 16512
0.999997632	0.000125709763	0
0.999973355	-0.000217434768	1
0.999827947	-0.000542146621	2
0.999466375	-0.000849025102	3
0.998862564	-0.00114053123	4
0.998011844	-0.00141584443	5
0.996830313	-0.00163947542	6
0.995262517	-0.00177777444	7
0.993250079	-0.00185579803	8
0.990730558	-0.00195259892	9
0.987637017	-0.00208734323	10
0.983901404	-0.0022548096	11
0.979456373	-0.00244429007	12
0.974237449	-0.0026609219	13
0.968182914	-0.00291636339	14
0.961233266	-0.00321346427	15
0.953332157	-0.00355093419	16
0.944427616	-0.00393186908	17
0.934472438	-0.00436106595	18
0.923424506	-0.00484146754	19
0.911247453	-0.00537567476	20
0.897911274	-0.0059670733	21
0.88339279	-0.00661934736	22
0.867676108	-0.00733632497	23
0.850753048	-0.00812180114	24
0.832623534	-0.00897947085	25
0.813295933	-0.00991297019	26
0.792787349	-0.0109258007	27
0.771123847	-0.0120212185	28
0.748340619	-0.0132019596	29
0.724482013	-0.0144687902	30
0.69960157	-0.0158206172	31
0.673762072	-0.01725598	32
0.64703527	-0.0187703506	33
0.61950155	-0.020353751	34
0.591249973	-0.0219965671	35
0.562377524	-0.0236829679	36
0.532988851	-0.0253942522	37
0.503195466	-0.0271046261	38
0.473115534	-0.0287879691	39
0.442872876	-0.0304135931	40
0.412595649	-0.0319333	41
0.382419917	-0.0333760232	42
0.352488715	-0.0348560899	43
0.322940602	-0.0363603692	44
0.293912129	-0.0378252174	45
0.26553935	-0.0391918948	46
0.237956315	-0.0403973537	47
0.211294205	-0.0413785317	48
0.18568033	-0.0420717034	49
0.161237313	-0.0424154682	50
0.138082339	-0.0423517477	51
0.116326634	-0.0418247186	52
0.0960753658	-0.0407825205	53
0.077428605	-0.0391729959	54
0.0604835501	-0.0369470451	55
0.0453398532	-0.034052885	56
0.0321100337	-0.0304387582	57
0.020941329	-0.026052429	58
0.0120414654	-0.0208865829	59
0.00566948851	-0.0150958848	60
0.0019238189	-0.00919834903	61
0.000337726149	-0.00398949665	62
-9.63762625e-08	-5.80543953e-06	63
0.000314931358	0.00398012186	64
0.0016474738	0.00920892954	65
0.00453312933	0.0154594404	66
0.00931024426	0.0224229885	67
0.0161106146	0.029830053	68
0.0249505148	0.0374886806	69
0.0358015104	0.0452613021	70
0.0486186381	0.0530380161	71
0.063347791	0.0607196013	72
0.0799262026	0.0682095322	73
0.0982810929	0.0754098891	74
0.118326816	0.0822262115	75
0.139965685	0.0885655597	76
0.163087684	0.0943388641	77
0.187570275	0.0994676512	78
0.213280855	0.103880966	79
0.240077408	0.107522743	80
0.26781118	0.110349747	81
0.296328785	0.112330852	82
0.325473946	0.11345359	83
0.355090116	0.113717594	84
0.385022167	0.113132941	85
0.415120333	0.111768109	86
0.44525145	0.109831669	87
0.475286898	0.1074098	88
0.505101544	0.104542151	89
0.534577048	0.101276932	90
0.563602049	0.0976635947	91
0.592072467	0.0937507977	92
0.61989191	0.0895865359	93
0.646972122	0.085218618	94
0.67323346	0.0806954328	95
0.698604287	0.0760610787	96
0.723021879	0.0713595909	97
0.746432013	0.066632304	98
0.768788969	0.0619175949	99
0.790055775	0.0572523842	100
0.810203863	0.0526707546	101
0.829212873	0.0482037677	102
0.847070237	0.0438786269	103
0.863771256	0.0397199913	104
0.879318706	0.03574962	105
0.893722235	0.0319852917	106
0.906998229	0.02844177	107
0.919169367	0.0251306975	108
0.930263923	0.0220597596	109
0.940315522	0.0192334428	110
0.949362886	0.0166538659	111
0.957448936	0.0143196599	112
0.964620067	0.0122254372	113
0.970926721	0.0103651089	114
0.976423162	0.0087328758	115
0.981164531	0.00731630911	116
0.985206062	0.00609570988	117
0.988606778	0.00505652258	118
0.99143067	0.00419433778	119
0.993740277	0.00349776417	120
0.995590839	0.0029323235	121
0.997021452	0.00241723187	122
0.998082779	0.00192576864	123
0.998838981	0.0014773133	124
0.999369148	0.00109027943	125
0.99970775	0.00074987203	126
0.999894353	0.000433695161	127
0.999999626	0.000125957213	128
0.999975307	-0.000217907947	129
0.999829493	-0.000543428667	130
0.999467386	-0.00085076146	131
0.998863286	-0.00114240605	132
0.998012319	-0.0014177964	133
0.996830566	-0.00164146854	134
0.995262625	-0.00177978058	135
0.993250151	-0.00185780584	136
0.990730641	-0.00195460627	137
0.987637107	-0.0020893503	138
0.983901491	-0.00225681677	139
0.979456457	-0.0024462974	140
0.974237532	-0.00266292924	141
0.968183	-0.00291837066	142
0.961233352	-0.00321547152	143
0.953332243	-0.00355294145	144
0.944427702	-0.00393387631	145
0.934472525	-0.00436307315	146
0.923424594	-0.00484347471	147
0.911247541	-0.0053776819	148
0.897911363	-0.00596908039	149
0.883392881	-0.00662135439	150
0.867676201	-0.00733833193	151
0.850753142	-0.00812380802	152
0.83262363	-0.00898147765	153
0.813296031	-0.00991497688	154
0.792787449	-0.0109278072	155
0.77112395	-0.012023225	156
0.748340725	-0.0132039659	157
0.724482121	-0.0144707964	158
0.69960168	-0.0158226232	159
0.673762184	-0.0172579859	160
0.647035384	-0.0187723564	161
0.619501666	-0.0203557567	162
0.59125009	-0.0219985727	163
0.562377642	-0.0236849736	164
0.532988967	-0.0253962579	165
0.50319558	-0.027106632	166
0.473115645	-0.0287899752	167
0.44287298	-0.0304155995	168
0.412595746	-0.0319353067	169
0.382420014	-0.03337803	170
0.352488816	-0.0348580964	171
0.322940704	-0.0363623757	172
0.293912229	-0.037827224	173
0.265539443	-0.0391939018	174
0.237956396	-0.0403993611	175
0.21129427	-0.0413805398	176
0.185680372	-0.042073712	177
0.161237326	-0.0424174772	178
0.138082314	-0.0423537566	179
0.116326561	-0.0418267263	180
0.096075231	-0.040784525	181
0.0774283923	-0.0391749937	182
0.060483237	-0.0369490296	183
0.045339409	-0.0340548444	184
0.032109415	-0.0304406697	185
0.0209404759	-0.0260542479	186
0.0120403064	-0.020888224	187
0.00566797721	-0.0150972085	188
0.00192200987	-0.009199223	189
0.000335761449	-0.00398991663	190
-2.10546156e-06	-5.80559756e-06	191
0.000312956442	0.00398049083	192
0.00164559062	0.00920962959	193
0.00453139489	0.0154604544	194
0.00930868406	0.0224242543	195
0.0161092247	0.0298315038	196
0.0249492788	0.0374902644	197
0.0358004097	0.0452629829	198
0.0486176567	0.0530397692	199
0.0633469162	0.06072141	200
0.0799254248	0.0682113847	201
0.0982804048	0.0754117766	202
0.118326211	0.0822281277	203
0.139965161	0.0885674991	204
0.163087236	0.0943408226	205
0.1875699	0.099469625	206
0.213280551	0.103882952	207
0.240077172	0.107524738	208
0.267811009	0.110351749	209
0.296328677	0.112332858	210
0.325473899	0.113455598	211
0.355090128	0.113719603	212
0.385022233	0.113134949	213
0.415120444	0.111770115	214
0.445251595	0.109833673	215
0.475287076	0.107411801	216
0.505101751	0.10454415	217
0.534577283	0.101278927	218
0.56360231	0.0976655867	219
0.592072753	0.0937527864	220
0.619892219	0.0895885211	221
0.646972452	0.0852205997	222
0.673233811	0.0806974109	223
0.698604657	0.0760630534	224
0.723022267	0.071361562	225
0.74643242	0.0666342716	226
0.768789392	0.0619195591	227
0.790056213	0.057254345	228
0.810204316	0.0526727121	229
0.829213339	0.048205722	230
0.847070716	0.0438805781	231
0.863771747	0.0397219395	232
0.879319208	0.0357515653	233
0.893722748	0.0319872342	234
0.906998752	0.0284437099	235
0.919169898	0.025132635	236
0.930264463	0.0220616948	237
0.940316069	0.0192353759	238
0.94936344	0.0166557971	239
0.957449496	0.0143215894	240
0.964620633	0.012227365	241
0.970927291	0.0103670354	242
0.976423735	0.00873480136	243
0.981165109	0.00731823341	244
0.985206646	0.0060976322	245
0.988607366	0.00505844375	246
0.991431254	0.00419626011	247
0.993740855	0.0034996884	248
0.995591456	0.00293423524	249
0.997022198	0.00241909738	250
0.998083701	0.00192755354	251
0.998840072	0.00147900053	252
0.999370417	0.00109183701	253
0.999709311	0.000751136547	254
0.999896168	0.000434556917	255
1.00000186	0.00012622879	256
0.999977493	-0.000218460114	257
0.999831248	-0.000544844547	258
0.999468571	-0.000852679018	259
0.998864105	-0.00114450657	260
0.998012857	-0.00141998569	261
0.99683086	-0.00164370358	262
0.995262761	-0.00178203082	263
0.993250238	-0.00186005851	264
0.990730734	-0.00195685872	265
0.987637207	-0.00209160248	266
0.98390159	-0.00225906903	267
0.979456551	-0.00244854984	268
0.974237627	-0.00266518171	269
0.968183095	-0.00292062309	270
0.961233448	-0.00321772394	271
0.953332339	-0.00355519389	272
0.944427799	-0.00393612875	273
0.934472622	-0.00436532557	274
0.923424692	-0.00484572711	275
0.911247641	-0.00537993426	276
0.897911464	-0.0059713327	277
0.883392983	-0.00662360665	278
0.867676305	-0.00734058412	279
0.850753248	-0.00812606013	280
0.832623737	-0.00898372966	281
0.813296141	-0.00991722878	282
0.792787562	-0.010930059	283
0.771124065	-0.0120254766	284
0.748340843	-0.0132062174	285
0.724482242	-0.0144730478	286
0.699601804	-0.0158248744	287
0.673762311	-0.017260237	288
0.647035513	-0.0187746073	289
0.619501796	-0.0203580075	290
0.591250221	-0.0220008234	291
0.562377773	-0.0236872243	292
0.532989097	-0.0253985086	293
0.503195708	-0.0271088828	294
0.473115768	-0.0287922262	295
0.442873097	-0.0304178509	296
0.412595857	-0.0319375584	297
0.382420123	-0.0333802817	298
0.352488929	-0.0348603479	299
0.322940818	-0.0363646271	300
0.29391234	-0.0378294756	301
0.265539546	-0.0391961536	302
0.237956487	-0.0404016134	303
0.211294342	-0.0413827928	304
0.185680419	-0.0420759656	305
0.161237339	-0.0424197312	306
0.138082284	-0.0423560104	307
0.116326476	-0.0418289787	308
0.0960750775	-0.0407867737	309
0.0774281504	-0.0391772345	310
0.0604828814	-0.0369512552	311
0.0453389043	-0.0340570409	312
0.0321087115	-0.0304428107	313
0.0209395055	-0.026056282	314
0.0120389909	-0.0208900538	315
0.00566627261	-0.0150986826	316
0.00191997846	-0.00920019853	317
0.00033355615	-0.00399038009	318
-4.35890949e-06	-5.81001289e-06	319
0.000310738731	0.00398089047	320
0.00164347558	0.00921040712	321
0.00452944515	0.0154615842	322
0.00930692861	0.0224256672	323
0.0161076608	0.0298331262	324
0.0249478883	0.0374920377	325
0.0357991719	0.045264866	326
0.0486165536	0.0530417343	327
0.0633459332	0.0607234379	328
0.0799245511	0.068213462	329
0.0982796319	0.0754138936	330
0.118325533	0.0822302769	331
0.139964572	0.0885696746	332
0.163086733	0.0943430195	333
0.187569479	0.0994718392	334
0.213280209	0.10388518	335
0.240076906	0.107526976	336
0.267810817	0.110353995	337
0.296328556	0.112335109	338
0.325473846	0.113457852	339
0.35509014	0.113721857	340
0.385022306	0.113137202	341
0.415120568	0.111772366	342
0.445251758	0.109835921	343
0.475287274	0.107414047	344
0.505101983	0.104546392	345
0.534577546	0.101281166	346
0.563602603	0.0976678219	347
0.592073073	0.0937550178	348
0.619892565	0.0895907487	349
0.646972823	0.0852228233	350
0.673234204	0.0806996306	351
0.698605073	0.0760652691	352
0.723022704	0.0713637738	353
0.746432875	0.0666364795	354
0.768789865	0.0619217631	355
0.790056704	0.0572565452	356
0.810204823	0.0526749086	357
0.829213862	0.0482079148	358
0.847071254	0.0438827674	359
0.863772298	0.0397241254	360
0.879319772	0.035753748	361
0.893723323	0.0319894139	362
0.906999338	0.0284458867	363
0.919170495	0.0251348091	364
0.930265068	0.0220638663	365
0.940316683	0.019237545	366
0.949364061	0.0166579641	367
0.957450125	0.0143237543	368
0.964621267	0.0122295281	369
0.970927931	0.0103691971	370
0.976424379	0.00873696187	371
0.981165757	0.00732039245	372
0.985207301	0.00609978921	373
0.988608025	0.00506059966	374
0.991431909	0.0041984171	375
0.993741509	0.00350184562	376
0.995592161	0.00293637649	377
0.997023042	0.00242118766	378
0.998084737	0.00192955594	379
0.998841299	0.00148089134	380
0.999371861	0.00109356759	381
0.99971107	0.000752547039	382
0.999898211	0.000435509294	383
1.00000438	0.000126523399	384
0.999979942	-0.000219089908	385
0.999833233	-0.000546411878	386
0.999469941	-0.000854805191	387
0.998865041	-0.00114685611	388
0.998013468	-0.00142244006	389
0.996831202	-0.00164620982	390
0.995262927	-0.00178455486	391
0.993250342	-0.00186258589	392
0.990730839	-0.00195938613	393
0.987637318	-0.00209412968	394
0.9839017	-0.00226159632	395
0.979456658	-0.00245107732	396
0.974237733	-0.00266770925	397
0.968183203	-0.00292315062	398
0.961233556	-0.00322025149	399
0.953332447	-0.00355772147	400
0.944427907	-0.00393865634	401
0.934472732	-0.00436785315	402
0.923424803	-0.00484825468	403
0.911247752	-0.00538246181	404
0.897911577	-0.00597386021	405
0.883393098	-0.00662613411	406
0.867676421	-0.00734311151	407
0.850753366	-0.00812858742	408
0.832623858	-0.00898625685	409
0.813296264	-0.00991975585	410
0.792787688	-0.0109325859	411
0.771124195	-0.0120280034	412
0.748340975	-0.013208744	413
0.724482378	-0.0144755742	414
0.699601943	-0.0158274006	415
0.673762452	-0.017262763	416
0.647035657	-0.0187771331	417
0.619501942	-0.0203605332	418
0.591250368	-0.0220033491	419
0.56237792	-0.0236897499	420
0.532989243	-0.0254010343	421
0.503195851	-0.0271114086	422
0.473115906	-0.0287947522	423
0.442873228	-0.0304203772	424
0.412595981	-0.031940085	425
0.382420247	-0.0333828082	426
0.352489056	-0.0348628743	427
0.322940946	-0.0363671533	428
0.293912464	-0.0378320019	429
0.265539661	-0.0391986802	430
0.237956588	-0.0404041406	431
0.211294422	-0.0413853206	432
0.18568047	-0.0420784941	433
0.161237353	-0.0424222601	434
0.138082249	-0.0423585389	435
0.11632638	-0.0418315055	436
0.0960749025	-0.0407892962	437
0.0774278755	-0.0391797479	438
0.0604824772	-0.036953751	439
0.0453383304	-0.0340595031	440
0.0321079111	-0.0304452087	441
0.0209384017	-0.0260585561	442
0.0120374985	-0.020892094	443
0.00566434856	-0.0151003219	444
0.00191769554	-0.00920128359	445
0.00033108162	-0.00399089528	446
-6.88643583e-06	-5.81959302e-06	447
0.000308249193	0.00398132694	448
0.00164109909	0.0092112677	449
0.00452725207	0.0154628407	450
0.00930495282	0.0224272435	451
0.0161059004	0.0298349399	452
0.0249463236	0.0374940229	453
0.0357977798	0.0452669759	454
0.0486153135	0.053043937	455
0.0633448286	0.0607257116	456
0.0799235695	0.0682157916	457
0.0982787638	0.075416268	458
0.118324771	0.0822326875	459
0.139963911	0.0885721149	460
0.163086168	0.0943454839	461
0.187569006	0.099474323	462
0.213279825	0.103887679	463
0.240076608	0.107529487	464
0.267810602	0.110356514	465
0.29632842	0.112337634	466
0.325473786	0.11346038	467
0.355090153	0.113724386	468
0.385022387	0.113139729	469
0.415120705	0.111774891	470
0.44525194	0.109838444	471
0.475287496	0.107416566	472
0.505102243	0.104548908	473
0.534577841	0.101283678	474
0.563602931	0.0976703299	475
0.592073432	0.0937575216	476
0.619892953	0.0895932481	477
0.646973239	0.0852253184	478
0.673234646	0.0807021212	479
0.698605539	0.0760677553	480
0.723023193	0.0713662556	481
0.746433386	0.0666389568	482
0.768790397	0.0619242361	483
0.790057255	0.057259014	484
0.810205393	0.0526773732	485
0.829214448	0.0482103754	486
0.847071857	0.0438852241	487
0.863772916	0.0397265783	488
0.879320405	0.0357561973	489
0.893723969	0.0319918596	490
0.906999996	0.0284483292	491
0.919171164	0.0251372485	492
0.930265748	0.0220663028	493
0.940317372	0.019239979	494
0.949364758	0.0166603956	495
0.957450829	0.0143261836	496
0.964621979	0.0122319552	497
0.970928649	0.0103716226	498
0.976425101	0.00873938602	499
0.981166484	0.00732281493	500
0.985208035	0.00610220957	501
0.988608763	0.00506301887	502
0.991432644	0.00420083703	503
0.99374225	0.00350426399	504
0.995592963	0.00293877523	505
0.997023997	0.00242352969	506
0.998085902	0.00193180084	507
0.998842684	0.00148300778	508
0.9993735	0.0010954941	509
0.999713052	0.000754118236	510
0.99990051	0.000436562763	511
1.0000072	0.000126842415	512
0.999982689	-0.00021980182	513
0.999835476	-0.000548149573	514
0.999471514	-0.000857167474	515
0.998866114	-0.00114948339	516
0.998014167	-0.00142519081	517
0.996831599	-0.00164902007	518
0.995263128	-0.00178738602	519
0.993250468	-0.00186542143	520
0.990730959	-0.00196222202	521
0.987637442	-0.00209696545	522
0.983901823	-0.00226443221	523
0.979456778	-0.00245391343	524
0.974237852	-0.00267054546	525
0.968183323	-0.00292598686	526
0.961233677	-0.00322308776	527
0.953332569	-0.00356055779	528
0.944428029	-0.0039414927	529
0.934472855	-0.00437068952	530
0.923424927	-0.00485109105	531
0.911247878	-0.00538529816	532
0.897911703	-0.00597669654	533
0.883393226	-0.00662897039	534
0.867676552	-0.00734594771	535
0.850753499	-0.00813142354	536
0.832623994	-0.00898909285	537
0.813296403	-0.00992259171	538
0.79278783	-0.0109354216	539
0.77112434	-0.0120308389	540
0.748341124	-0.0132115793	541
0.72448253	-0.0144784093	542
0.699602099	-0.0158302355	543
0.673762611	-0.0172655977	544
0.647035818	-0.0187799676	545
0.619502106	-0.0203633675	546
0.591250533	-0.0220061833	547
0.562378085	-0.023692584	548
0.532989406	-0.0254038684	549
0.503196011	-0.0271142428	550
0.473116061	-0.0287975867	551
0.442873376	-0.0304232119	552
0.412596122	-0.03194292	553
0.382420385	-0.0333856432	554
0.352489197	-0.034865709	555
0.322941088	-0.0363699879	556
0.293912602	-0.0378348365	557
0.26553979	-0.0392015152	558
0.2379567	-0.0404069761	559
0.21129451	-0.0413881568	560
0.185680526	-0.0420813309	561
0.161237366	-0.0424250973	562
0.138082208	-0.0423613756	563
0.116326269	-0.0418343402	564
0.0960747031	-0.0407921258	565
0.0774275627	-0.0391825671	566
0.0604820176	-0.0369565497	567
0.0453376778	-0.034062263	568
0.0321070005	-0.0304478944	569
0.0209371468	-0.026061099	570
0.0120358067	-0.0208943694	571
0.00566217799	-0.0151021461	572
0.00191513067	-0.00920249173	573
0.000328305553	-0.0039914706	574
-9.72136773e-06	-5.83529948e-06	575
0.000305455071	0.00398180619	576
0.00163842939	0.00921222136	577
0.00452478549	0.0154642381	578
0.00930272903	0.0224290019	579
0.0161039188	0.0298369674	580
0.0249445629	0.037496245	581
0.035796214	0.0452693395	582
0.0486139192	0.0530464059	583
0.0633435872	0.060728261	584
0.0799224666	0.0682184041	585
0.0982777888	0.0754189309	586
0.118323916	0.0822353913	587
0.139963168	0.0885748521	588
0.163085533	0.0943482483	589
0.187568475	0.0994771094	590
0.213279394	0.103890483	591
0.240076273	0.107532304	592
0.267810359	0.110359341	593
0.296328266	0.112340467	594
0.325473718	0.113463216	595
0.355090166	0.113727223	596
0.385022476	0.113142565	597
0.415120857	0.111777725	598
0.445252143	0.109841274	599
0.475287745	0.107419393	600
0.505102534	0.104551731	601
0.534578172	0.101286496	602
0.563603299	0.0976731439	603
0.592073834	0.0937603309	604
0.619893388	0.0895960526	605
0.646973705	0.085228118	606
0.673235141	0.0807049159	607
0.698606061	0.076070545	608
0.723023741	0.0713690403	609
0.746433959	0.0666417367	610
0.768790993	0.0619270111	611
0.790057873	0.0572617842	612
0.810206031	0.0526801388	613
0.829215107	0.0482131364	614
0.847072533	0.0438879807	615
0.86377361	0.0397293307	616
0.879321114	0.0357589456	617
0.893724693	0.031994604	618
0.907000734	0.0284510699	619
0.919171914	0.0251399858	620
0.93026651	0.0220690369	621
0.940318144	0.01924271	622
0.949365541	0.0166631239	623
0.95745162	0.0143289093	624
0.964622778	0.0122346787	625
0.970929454	0.0103743441	626
0.976425911	0.00874210598	627
0.981167301	0.007325533	628
0.985208859	0.00610492539	629
0.988609591	0.00506573339	630
0.991433472	0.00420355167	631
0.993743088	0.00350697517	632
0.995593874	0.00294146278	633
0.997025077	0.00242615375	634
0.998087215	0.00193431657	635
0.998844248	0.00148537587	636
0.999375356	0.00109764096	637
0.999715286	0.000755867786	638
0.999903097	0.000437728773	639
1.00001036	0.000127188351	640
0.999985771	-0.000220603226	641
0.99983801	-0.000550078639	642
0.999473312	-0.000859795582	643
0.998867343	-0.00115242124	644
0.998014967	-0.00142827328	645
0.99683206	-0.00165217112	646
0.995263368	-0.00179056166	647
0.993250619	-0.00186860269	648
0.990731096	-0.001965404	649
0.987637581	-0.00210014745	650
0.983901961	-0.00226761439	651
0.979456912	-0.00245709587	652
0.974237986	-0.00267372804	653
0.968183458	-0.00292916949	654
0.961233813	-0.00322627047	655
0.953332705	-0.00356374057	656
0.944428166	-0.00394467554	657
0.934472993	-0.0043738724	658
0.923425066	-0.00485427394	659
0.911248018	-0.00538848106	660
0.897911846	-0.00597987942	661
0.883393371	-0.00663215322	662
0.867676698	-0.00734913047	663
0.850753649	-0.0081346062	664
0.832624146	-0.00899227539	665
0.813296559	-0.0099257741	666
0.792787989	-0.0109386039	667
0.771124503	-0.0120340209	668
0.748341291	-0.0132147611	669
0.724482701	-0.0144815908	670
0.699602273	-0.0158334168	671
0.67376279	-0.0172687787	672
0.647036	-0.0187831484	673
0.61950229	-0.0203665481	674
0.591250718	-0.0220093637	675
0.56237827	-0.0236957644	676
0.532989589	-0.0254070488	677
0.50319619	-0.0271174233	678
0.473116235	-0.0288007673	679
0.442873541	-0.0304263929	680
0.41259628	-0.0319461011	681
0.382420542	-0.0333888243	682
0.352489356	-0.0348688898	683
0.322941247	-0.0363731685	684
0.293912756	-0.0378380171	685
0.265539933	-0.0392046961	686
0.237956825	-0.0404101575	687
0.211294608	-0.0413913389	688
0.185680587	-0.0420845137	689
0.161237379	-0.0424282804	690
0.138082159	-0.0423645582	691
0.116326142	-0.0418375202	692
0.0960744757	-0.0407952999	693
0.0774272068	-0.0391857291	694
0.0604814951	-0.0369596882	695
0.0453369356	-0.0340653566	696
0.0321059649	-0.0304509022	697
0.0209357213	-0.0260639425	698
0.0120338909	-0.0208969083	699
0.00565973111	-0.0151041776	700
0.00191224995	-0.00920383872	701
0.000325191585	-0.00399211488	702
-1.29010849e-05	-5.85819702e-06	703
0.000302319519	0.00398233435	704
0.00163543103	0.00921327981	705
0.00452201202	0.0154657933	706
0.00930022651	0.0224309637	707
0.0161016883	0.0298392339	708
0.0249425815	0.0374987324	709
0.0357944527	0.0452719875	710
0.0486123516	0.0530491732	711
0.063342192	0.0607311193	712
0.0799212275	0.0682213337	713
0.0982766935	0.0754219175	714
0.118322955	0.0822384241	715
0.139962335	0.0885779225	716
0.163084821	0.0943513493	717
0.187567879	0.099480235	718
0.213278909	0.103893628	719
0.240075896	0.107535464	720
0.267810086	0.110362512	721
0.296328094	0.112343645	722
0.325473641	0.113466398	723
0.355090181	0.113730406	724
0.385022574	0.113145747	725
0.415121026	0.111780904	726
0.445252371	0.10984445	727
0.475288024	0.107422564	728
0.505102861	0.104554898	729
0.534578543	0.101289659	730
0.563603711	0.0976763014	731
0.592074286	0.0937634832	732
0.619893877	0.0895991995	733
0.646974228	0.0852312593	734
0.673235697	0.0807080517	735
0.698606648	0.0760736753	736
0.723024357	0.0713721651	737
0.746434602	0.0666448559	738
0.768791662	0.0619301249	739
0.790058567	0.0572648927	740
0.810206748	0.052683242	741
0.829215845	0.0482162346	742
0.847073292	0.0438910738	743
0.863774388	0.0397324191	744
0.87932191	0.0357620294	745
0.893725505	0.0319976835	746
0.907001562	0.0284541452	747
0.919172756	0.0251430572	748
0.930267365	0.0220721047	749
0.940319011	0.0192457745	750
0.949366418	0.0166661852	751
0.957452508	0.0143319678	752
0.964623674	0.0122377346	753
0.970930357	0.0103773979	754
0.97642682	0.00874515788	755
0.981168217	0.00732858276	756
0.985209783	0.00610797268	757
0.98861052	0.0050687791	758
0.991434403	0.00420659674	759
0.993744037	0.00351001462	760
0.995594909	0.00294447421	761
0.9970263	0.00242909377	762
0.998088696	0.00193713514	763
0.998846014	0.00148802523	764
0.999377455	0.00110003503	765
0.999717804	0.000757816149	766
0.999906008	0.000439020257	767
1.00001391	0.000127564252	768
0.999989229	-0.000221503406	769
0.999840868	-0.000552222402	770
0.999475361	-0.000862722159	771
0.998868747	-0.00115570666	772
0.998015882	-0.00143172718	773
0.996832594	-0.00165570424	774
0.995263653	-0.0017941237	775
0.993250797	-0.00187217181	776
0.990731253	-0.0019689743	777
0.987637738	-0.00210371793	778
0.983902116	-0.00227118512	779
0.979457064	-0.00246066692	780
0.974238136	-0.00267729928	781
0.96818361	-0.00293274084	782
0.961233966	-0.00322984192	783
0.953332858	-0.00356731214	784
0.94442832	-0.00394824719	785
0.934473147	-0.00437744411	786
0.923425222	-0.0048578457	787
0.911248176	-0.00539205283	788
0.897912005	-0.00598345118	789
0.883393532	-0.00663572495	790
0.867676863	-0.00735270213	791
0.850753816	-0.00813817776	792
0.832624317	-0.00899584682	793
0.813296733	-0.00992934536	794
0.792788168	-0.0109421749	795
0.771124686	-0.0120375917	796
0.748341479	-0.0132183316	797
0.724482893	-0.0144851611	798
0.699602469	-0.0158369868	799
0.67376299	-0.0172723485	800
0.647036203	-0.0187867179	801
0.619502495	-0.0203701173	802
0.591250925	-0.0220129327	803
0.562378477	-0.0236993332	804
0.532989794	-0.0254106176	805
0.503196391	-0.0271209922	806
0.47311643	-0.0288043364	807
0.442873727	-0.0304299622	808
0.412596458	-0.0319496707	809
0.382420718	-0.0333923937	810
0.352489534	-0.0348724588	811
0.322941425	-0.0363767372	812
0.293912929	-0.0378415859	813
0.265540093	-0.0392082652	814
0.237956964	-0.0404137272	815
0.211294717	-0.0413949092	816
0.185680655	-0.0420880847	817
0.161237393	-0.0424318516	818
0.138082102	-0.0423681286	819
0.116325996	-0.0418410877	820
0.0960742164	-0.0407988606	821
0.0774268018	-0.0391892757	822
0.0604809009	-0.0369632076	823
0.0453360918	-0.0340688242	824
0.0321047878	-0.0304542708	825
0.0209341035	-0.0260671225	826
0.0120317235	-0.020899742	827
0.00565697451	-0.0151064417	828
0.00190901528	-0.0092053421	829
0.000321698838	-0.00399283758	830
-1.64675097e-05	-5.88981556e-06	831
0.000298801127	0.00398291794	832
0.00163206416	0.00921445609	833
0.00451889426	0.0154675251	834
0.0092974109	0.0224331529	835
0.0160991781	0.0298417677	836
0.024940352	0.0375015166	837
0.0357924716	0.0452749539	838
0.048610589	0.0530522748	839
0.0633406239	0.0607343239	840
0.0799198354	0.0682246189	841
0.0982754631	0.075425267	842
0.118321875	0.0822418256	843
0.139961398	0.0885813665	844
0.16308402	0.0943548278	845
0.187567209	0.0994837413	846
0.213278365	0.103897156	847
0.240075473	0.107539009	848
0.26780978	0.110366069	849
0.296327899	0.112347211	850
0.325473554	0.113469968	851
0.355090196	0.113733978	852
0.385022683	0.113149317	853
0.415121215	0.111784471	854
0.445252625	0.109848013	855
0.475288336	0.107426123	856
0.505103227	0.104558452	857
0.534578959	0.101293207	858
0.563604174	0.0976798442	859
0.592074792	0.0937670201	860
0.619894424	0.0896027304	861
0.646974814	0.0852347841	862
0.67323632	0.0807115703	863
0.698607305	0.0760771877	864
0.723025047	0.0713756713	865
0.746435323	0.066648356	866
0.768792413	0.0619336188	867
0.790059345	0.0572683806	868
0.810207552	0.0526867241	869
0.829216673	0.0482197109	870
0.847074143	0.0438945447	871
0.863775261	0.0397358845	872
0.879322803	0.0357654897	873
0.893726417	0.0320011389	874
0.907002491	0.028457596	875
0.919173701	0.0251465037	876
0.930268324	0.022075547	877
0.940319984	0.019249213	878
0.949367403	0.0166696203	879
0.957453503	0.0143353997	880
0.964624679	0.0122411635	881
0.97093137	0.0103808243	882
0.976427841	0.00874858221	883
0.981169245	0.00733200467	884
0.98521082	0.00611139185	885
0.988611563	0.00507219627	886
0.991435451	0.00421001231	887
0.993745111	0.00351342222	888
0.995596082	0.00294784876	889
0.997027683	0.00243238779	890
0.998090367	0.00194029256	891
0.998848008	0.00149098924	892
0.999379827	0.00110270616	893
0.999720642	0.00075998652	894
0.999909281	0.000440451825	895
1.0000179	0.000127973535	896
0.999993108	-0.000222513164	897
0.99984409	-0.00055460665	898
0.999477693	-0.000865983256	899
0.998870351	-0.00115938104	900
0.99801693	-0.00143559707	901
0.996833212	-0.00165966568	902
0.99526399	-0.00179811912	903
0.993251009	-0.00187617605	904
0.990731435	-0.00197298026	905
0.987637916	-0.00210772429	906
0.98390229	-0.00227519184	907
0.979457234	-0.00246467403	908
0.974238305	-0.00268130666	909
0.96818378	-0.00293674836	910
0.961234136	-0.0032338496	911
0.953333029	-0.00357131997	912
0.944428492	-0.00395225515	913
0.934473321	-0.00438145217	914
0.923425397	-0.00486185382	915
0.911248353	-0.005396061	916
0.897912184	-0.00598745936	917
0.883393714	-0.0066397331	918
0.867677047	-0.00735671021	919
0.850754004	-0.00814218574	920
0.832624509	-0.00899985465	921
0.813296929	-0.00993335301	922
0.792788368	-0.0109461823	923
0.771124891	-0.0120415989	924
0.748341689	-0.0132223385	925
0.724483108	-0.0144891677	926
0.699602689	-0.015840993	927
0.673763214	-0.0172763543	928
0.647036431	-0.0187907234	929
0.619502726	-0.0203741226	930
0.591251157	-0.0220169377	931
0.562378709	-0.0237033381	932
0.532990024	-0.0254146223	933
0.503196617	-0.0271249969	934
0.473116648	-0.0288083413	935
0.442873936	-0.0304339674	936
0.412596658	-0.031953676	937
0.382420915	-0.0333963988	938
0.352489733	-0.0348764635	939
0.322941624	-0.0363807416	940
0.293913121	-0.0378455902	941
0.265540271	-0.0392122697	942
0.237957119	-0.0404177323	943
0.211294838	-0.0413989151	944
0.185680728	-0.0420920913	945
0.161237405	-0.0424358583	946
0.138082036	-0.0423721342	947
0.116325829	-0.0418450898	948
0.0960739208	-0.0408028547	949
0.077426341	-0.0391932536	950
0.0604802253	-0.0369671541	951
0.0453351326	-0.034072711	952
0.0321034508	-0.0304580437	953
0.0209322689	-0.0260706795	954
0.0120292734	-0.020902906	955
0.00565387061	-0.0151089668	956
0.00190538385	-0.00920702138	957
0.000317781398	-0.00399364903	958
-2.04676679e-05	-5.9312455e-06	959
0.0002948534	0.00398356395	960
0.00162828404	0.00921576464	961
0.00451539025	0.0154694548	962
0.00929424368	0.0224355966	963
0.0160963534	0.0298446006	964
0.0249378433	0.0375046332	965
0.0357902431	0.045278277	966
0.0486086073	0.0530557511	967
0.0633388614	0.0607379168	968
0.0799182711	0.0682283029	969
0.0982740811	0.0754290237	970
0.118320663	0.082245641	971
0.139960347	0.0885852296	972
0.163083122	0.0943587298	973
0.187566457	0.0994876747	974
0.213277754	0.103901115	975
0.240074998	0.107542986	976
0.267809436	0.11037006	977
0.296327681	0.112351211	978
0.325473456	0.113473974	979
0.355090211	0.113737985	980
0.385022803	0.113153323	981
0.415121424	0.111788473	982
0.445252909	0.10985201	983
0.475288686	0.107430116	984
0.505103636	0.104562439	985
0.534579424	0.101297189	986
0.563604692	0.0976838194	987
0.59207536	0.0937709888	988
0.619895038	0.0896066923	989
0.646975472	0.0852387392	990
0.673237018	0.0807155185	991
0.698608043	0.0760811288	992
0.723025821	0.0713796055	993
0.746436132	0.0666522833	994
0.768793255	0.0619375394	995
0.790060217	0.0572722944	996
0.810208454	0.0526906313	997
0.829217603	0.0482236118	998
0.847075098	0.0438984393	999
0.86377624	0.0397397731	1000
0.879323804	0.0357693725	1001
0.89372744	0.0320050163	1002
0.907003533	0.0284614681	1003
0.919174761	0.0251503709	1004
0.9302694	0.0220794096	1005
0.940321075	0.0192530713	1006
0.949368507	0.0166734747	1007
0.95745462	0.0143392505	1008
0.964625807	0.012245011	1009
0.970932507	0.010384669	1010
0.976428985	0.00875242443	1011
0.981170399	0.00733584414	1012
0.985211983	0.0061152282	1013
0.988612735	0.00507603008	1014
0.991436631	0.00421384337	1015
0.993746325	0.00351724261	1016
0.995597411	0.00295163041	1017
0.997029247	0.00243607841	1018
0.998092254	0.00194382923	1019
0.99885026	0.00149430529	1020
0.999382506	0.00110568751	1021
0.999723839	0.000762404882	1022
0.999912961	0.000442039772	1023
1.00002238	0.000128419967	1024
0.999997461	-0.000223644738	1025
0.999847722	-0.000557259869	1026
0.999480341	-0.000869618822	1027
0.99887218	-0.00116349069	1028
0.998018128	-0.00143993284	1029
0.996833927	-0.00166410726	1030
0.995264387	-0.00180260062	1031
0.99325126	-0.00188066842	1032
0.990731644	-0.00197747502	1033
0.987638117	-0.00211221971	1034
0.983902486	-0.00227968778	1035
0.979457425	-0.00246917046	1036
0.974238495	-0.00268580342	1037
0.968183971	-0.00294124534	1038
0.961234328	-0.00323834678	1039
0.953333222	-0.00357581736	1040
0.944428686	-0.00395675272	1041
0.934473516	-0.00438594987	1042
0.923425594	-0.00486635162	1043
0.911248552	-0.00540055887	1044
0.897912386	-0.00599195726	1045
0.883393918	-0.00664423098	1046
0.867677255	-0.00736120804	1047
0.850754216	-0.00814668346	1048
0.832624724	-0.00900435222	1049
0.813297149	-0.00993785038	1050
0.792788593	-0.0109506795	1051
0.771125121	-0.0120460957	1052
0.748341925	-0.013226835	1053
0.724483349	-0.0144936638	1054
0.699602936	-0.0158454887	1055
0.673763466	-0.0172808496	1056
0.647036687	-0.0187952183	1057
0.619502985	-0.0203786171	1058
0.591251418	-0.022021432	1059
0.562378969	-0.0237078321	1060
0.532990282	-0.0254191162	1061
0.503196869	-0.0271294909	1062
0.473116892	-0.0288128353	1063
0.44287417	-0.0304384616	1064
0.412596883	-0.0319581703	1065
0.382421137	-0.0334008929	1066
0.352489957	-0.0348809571	1067
0.322941847	-0.0363852348	1068
0.293913336	-0.0378500832	1069
0.26554047	-0.039216763	1070
0.237957291	-0.0404222261	1071
0.211294971	-0.0414034096	1072
0.185680809	-0.0420965864	1073
0.161237416	-0.0424403535	1074
0.138081958	-0.0423766281	1075
0.116325637	-0.0418495796	1076
0.0960735837	-0.0408073352	1077
0.0774258168	-0.0391977153	1078
0.0604794572	-0.0369715796	1079
0.0453340428	-0.0340770676	1080
0.0321019329	-0.0304622695	1081
0.0209301899	-0.0260746585	1082
0.0120265056	-0.0209064398	1083
0.00565037715	-0.0151117845	1084
0.00190130755	-0.00920889827	1085
0.000313387734	-0.00399456065	1086
-2.49543062e-05	-5.98374553e-06	1087
0.000290424149	0.00398428006	1088
0.00162404044	0.0092172215	1089
0.00451145286	0.0154716061	1090
0.00929068163	0.022438325	1091
0.0160931751	0.0298477682	1092
0.0249350207	0.0375081219	1093
0.0357877364	0.0452819998	1094
0.048606379	0.0530596474	1095
0.0633368805	0.0607419451	1096
0.0799165135	0.0682324341	1097
0.0982725285	0.0754332368	1098
0.118319302	0.0822499203	1099
0.139959166	0.0885895628	1100
0.163082113	0.0943631068	1101
0.187565613	0.099492087	1102
0.213277068	0.103905555	1103
0.240074464	0.107547448	1104
0.267809048	0.110374538	1105
0.296327435	0.112355699	1106
0.325473344	0.113478467	1107
0.355090228	0.11374248	1108
0.385022937	0.113157817	1109
0.415121658	0.111792963	1110
0.445253227	0.109856496	1111
0.475289077	0.107434596	1112
0.505104096	0.104566913	1113
0.534579947	0.101301656	1114
0.563605273	0.0976882797	1115
0.592075996	0.0937754418	1116
0.619895727	0.0896111378	1117
0.646976209	0.085243177	1118
0.673237802	0.0807199486	1119
0.69860887	0.0760855512	1120
0.72302669	0.07138402	1121
0.74643704	0.0666566901	1122
0.768794199	0.0619419385	1123
0.790061196	0.0572766861	1124
0.810209466	0.0526950156	1125
0.829218645	0.0482279889	1126
0.84707617	0.0439028094	1127
0.863777338	0.0397441365	1128
0.879324928	0.0357737294	1129
0.893728587	0.032009367	1130
0.907004702	0.028465813	1131
0.91917595	0.0251547102	1132
0.930270608	0.0220837438	1133
0.940322299	0.0192574007	1134
0.949369747	0.0166777996	1135
0.957455873	0.0143435713	1136
0.964627072	0.0122493282	1137
0.970933783	0.010388983	1138
0.97643027	0.00875673554	1139
0.981171693	0.0073401521	1140
0.985213289	0.00611953256	1141
0.988614051	0.00508033119	1142
0.99143796	0.00421814035	1143
0.993747697	0.00352152583	1144
0.995598917	0.0029558684	1145
0.997031016	0.00244021335	1146
0.998094384	0.00194779044	1147
0.998852802	0.00149801526	1148
0.999385531	0.00110901602	1149
0.999727439	0.000765100219	1150
0.999917099	0.000443802183	1151
1.0000274	0.000128907674	1152
1.00000235	-0.000224911874	1153
0.999851814	-0.000560213592	1154
0.999483347	-0.00087367322	1155
0.998874264	-0.00116808737	1156
0.9980195	-0.00144479043	1157
0.996834753	-0.0016690871	1158
0.995264853	-0.0018076273	1159
0.993251554	-0.0018857084	1160
0.990731886	-0.00198251819	1161
0.987638346	-0.00211726388	1162
0.983902707	-0.00228473265	1163
0.97945764	-0.00247421594	1164
0.974238709	-0.00269084933	1165
0.968184185	-0.00294629156	1166
0.961234544	-0.00324339327	1167
0.953333438	-0.00358086412	1168
0.944428903	-0.0039617997	1169
0.934473735	-0.00439099703	1170
0.923425815	-0.00487139893	1171
0.911248775	-0.00540560628	1172
0.897912611	-0.00599700473	1173
0.883394147	-0.00664927845	1174
0.867677488	-0.00736625546	1175
0.850754453	-0.00815173077	1176
0.832624966	-0.00900939936	1177
0.813297396	-0.0099428973	1178
0.792788846	-0.0109557261	1179
0.77112538	-0.012051142	1180
0.748342189	-0.0132318809	1181
0.72448362	-0.0144987093	1182
0.699603213	-0.0158505338	1183
0.673763748	-0.0172858942	1184
0.647036974	-0.0188002624	1185
0.619503275	-0.0203836608	1186
0.59125171	-0.0220264753	1187
0.562379261	-0.0237128751	1188
0.532990571	-0.0254241591	1189
0.503197152	-0.0271345336	1190
0.473117167	-0.0288178782	1191
0.442874434	-0.0304435046	1192
0.412597136	-0.0319632134	1193
0.382421387	-0.0334059356	1194
0.352490208	-0.0348859992	1195
0.322942096	-0.0363902763	1196
0.293913576	-0.0378551246	1197
0.265540691	-0.0392218045	1198
0.237957482	-0.0404272681	1199
0.211295118	-0.0414084524	1200
0.185680897	-0.0421016298	1201
0.161237426	-0.0424453968	1202
0.138081867	-0.0423816697	1203
0.116325418	-0.0418546163	1204
0.0960731995	-0.0408123611	1205
0.0774252204	-0.0392027195	1206
0.0604785843	-0.0369765421	1207
0.0453328049	-0.0340819508	1208
0.0321002106	-0.0304670026	1209
0.0209278355	-0.0260791102	1210
0.0120233807	-0.0209103877	1211
0.00564644662	-0.01511493	1212
0.00189673235	-0.00921099701	1213
0.000308460019	-0.00399558512	1214
-2.99865838e-05	-6.04903972e-06	1215
0.000285454812	0.00398507472	1216
0.00161927695	0.00921884454	1217
0.00450702919	0.0154740055	1218
0.00928667623	0.0224413721	1219
0.0160895996	0.0298513104	1220
0.0249318451	0.0375120273	1221
0.035784917	0.0452861702	1222
0.0486038735	0.0530640143	1223
0.0633346539	0.0607464614	1224
0.0799145386	0.0682370667	1225
0.0982707844	0.0754379619	1226
0.118317773	0.0822547201	1227
0.139957839	0.0885944234	1228
0.163080979	0.0943680167	1229
0.187564665	0.0994970367	1230
0.213276298	0.103910536	1231
0.240073864	0.107552453	1232
0.267808613	0.110379561	1233
0.296327157	0.112360734	1234
0.325473218	0.113483509	1235
0.355090245	0.113747524	1236
0.385023085	0.113162859	1237
0.415121919	0.111798001	1238
0.445253582	0.109861529	1239
0.475289516	0.107439623	1240
0.50510461	0.104571933	1241
0.534580532	0.101306669	1242
0.563605925	0.0976932843	1243
0.59207671	0.0937804383	1244
0.619896499	0.0896161259	1245
0.646977037	0.0852481566	1246
0.673238681	0.0807249195	1247
0.698609798	0.0760905133	1248
0.723027664	0.0713889735	1249
0.746438058	0.0666616349	1250
0.768795258	0.0619468748	1251
0.790062295	0.0572816139	1252
0.8102106	0.0526999352	1253
0.829219815	0.0482329004	1254
0.847077372	0.043907713	1255
0.863778571	0.0397490326	1256
0.879326189	0.0357786182	1257
0.893729874	0.0320142488	1258
0.907006013	0.0284706883	1259
0.919177284	0.0251595793	1260
0.930271963	0.0220886071	1261
0.940323673	0.0192622585	1262
0.949371137	0.0166826525	1263
0.957457279	0.0143484196	1264
0.964628492	0.0122541723	1265
0.970935214	0.0103938235	1266
0.976431711	0.00876157274	1267
0.981173146	0.00734498567	1268
0.985214756	0.00612436195	1269
0.98861553	0.00508515647	1270
0.991439457	0.00422295983	1271
0.993749248	0.00352632801	1272
0.995600623	0.00296061791	1273
0.997033017	0.00244484608	1274
0.998096788	0.00195222692	1275
0.998855672	0.00150216597	1276
0.999388944	0.00111273284	1277
0.999731493	0.00076810482	1278
0.99992175	0.000445759081	1279
1.00003304	0.000129441164	1280
1.00000783	-0.000226329973	1281
0.999856423	-0.000563502806	1282
0.999486754	-0.000878195801	1283
0.998876638	-0.00117322892	1284
0.998021069	-0.00145023243	1285
0.996835706	-0.00167467031	1286
0.995265398	-0.00181326541	1287
0.993251901	-0.0018913627	1288
0.990732165	-0.00198817666	1289
0.987638606	-0.00212292377	1290
0.983902957	-0.00229039345	1291
0.979457883	-0.00247987752	1292
0.974238949	-0.00269651145	1293
0.968184426	-0.00295195408	1294
0.961234785	-0.00324905615	1295
0.95333368	-0.00358652734	1296
0.944429147	-0.00396746322	1297
0.93447398	-0.00439666079	1298
0.923426062	-0.00487706288	1299
0.911249025	-0.00541127038	1300
0.897912865	-0.0060026689	1301
0.883394404	-0.00665494265	1302
0.867677749	-0.00737191961	1303
0.850754719	-0.00815739481	1304
0.832625237	-0.00901506323	1305
0.813297674	-0.00994856092	1306
0.792789129	-0.0109613894	1307
0.77112567	-0.0120568049	1308
0.748342487	-0.0132375434	1309
0.724483924	-0.0145043712	1310
0.699603523	-0.0158561952	1311
0.673764064	-0.0172915551	1312
0.647037296	-0.0188059228	1313
0.619503601	-0.0203893207	1314
0.591252037	-0.0220321347	1315
0.562379588	-0.0237185342	1316
0.532990895	-0.0254298179	1317
0.50319747	-0.0271401924	1318
0.473117475	-0.0288235369	1319
0.442874729	-0.0304491634	1320
0.41259742	-0.0319688722	1321
0.382421667	-0.033411594	1322
0.352490488	-0.0348916568	1323
0.322942375	-0.0363959333	1324
0.293913845	-0.0378607812	1325
0.265540938	-0.0392274613	1326
0.237957695	-0.0404329254	1327
0.211295282	-0.0414141103	1328
0.185680993	-0.0421072882	1329
0.161237434	-0.042451055	1330
0.138081761	-0.0423873258	1331
0.116325166	-0.0418602667	1332
0.0960727615	-0.0408179989	1333
0.0774245419	-0.0392083323	1334
0.0604775923	-0.0369821067	1335
0.0453313994	-0.0340874244	1336
0.0320982573	-0.0304723042	1337
0.0209251709	-0.026084091	1338
0.0120198545	-0.0209147994	1339
0.0056420256	-0.015118443	1340
0.00189159758	-0.0092133446	1341
0.000302933383	-0.00399673659	1342
-3.56308544e-05	-6.12907605e-06	1343
0.000279879687	0.00398595729	1344
0.00161393027	0.00922065368	1345
0.00450205986	0.0154766826	1346
0.00928217301	0.0224447758	1347
0.0160855777	0.0298552719	1348
0.0249282727	0.0375163992	1349
0.0357817459	0.0452908421	1350
0.0486010564	0.0530689088	1351
0.0633321512	0.0607515247	1352
0.0799123194	0.0682422615	1353
0.0982688251	0.0754432613	1354
0.118316055	0.0822601037	1355
0.13995635	0.0885998754	1356
0.163079707	0.0943735243	1357
0.187563599	0.0995025892	1358
0.213275432	0.103916124	1359
0.24007319	0.107558069	1360
0.267808124	0.110385196	1361
0.296326846	0.112366382	1362
0.325473076	0.113489165	1363
0.355090262	0.113753182	1364
0.385023249	0.113168516	1365
0.415122209	0.111803654	1366
0.445253978	0.109867175	1367
0.475290006	0.107445263	1368
0.505105187	0.104577565	1369
0.534581188	0.101312293	1370
0.563606655	0.0976988998	1371
0.592077511	0.0937860446	1372
0.619897365	0.0896217228	1373
0.646977964	0.0852537439	1374
0.673239667	0.0807304971	1375
0.698610839	0.0760960813	1376
0.723028757	0.0713945317	1377
0.7464392	0.0666671835	1378
0.768796447	0.0619524137	1379
0.790063527	0.0572871434	1380
0.810211874	0.0527054554	1381
0.829221127	0.0482384115	1382
0.84707872	0.0439132154	1383
0.863779953	0.0397545264	1384
0.879327603	0.035784104	1385
0.893731318	0.0320197268	1386
0.907007485	0.0284761588	1387
0.919178781	0.0251650428	1388
0.930273482	0.0220940641	1389
0.940325214	0.0192677094	1390
0.949372697	0.0166880978	1391
0.957458856	0.0143538597	1392
0.964630084	0.0122596077	1393
0.970936819	0.0103992547	1394
0.976433329	0.00876700021	1395
0.981174777	0.00735040896	1396
0.985216402	0.00612978034	1397
0.988617192	0.00509056966	1398
0.991441144	0.00422836526	1399
0.993751002	0.00353171205	1400
0.995602553	0.00296594077	1401
0.997035279	0.00245003648	1402
0.998099503	0.00195719546	1403
0.998858911	0.00150680977	1404
0.999392794	0.00111688387	1405
0.999736057	0.000771454663	1406
0.999926979	0.000447931409	1407
1.00003936	0.000130025357	1408
1.00001398	-0.000227916298	1409
0.999861614	-0.000567166415	1410
0.999490616	-0.000883241545	1411
0.99887934	-0.00117897998	1412
0.998022862	-0.00145632896	1413
0.996836805	-0.00168092985	1414
0.995266035	-0.00181958924	1415
0.993252307	-0.00189770614	1416
0.990732488	-0.00199452547	1417
0.987638901	-0.00212927449	1418
0.983903239	-0.00229674539	1419
0.979458156	-0.00248623042	1420
0.974239219	-0.00270286504	1421
0.968184696	-0.00295830817	1422
0.961235057	-0.00325541071	1423
0.953333952	-0.00359288233	1424
0.94442942	-0.00397381858	1425
0.934474256	-0.00440301646	1426
0.92342634	-0.00488341881	1427
0.911249306	-0.0054176265	1428
0.897913149	-0.00600902514	1429
0.883394693	-0.00666129894	1430
0.867678042	-0.00737827587	1431
0.850755017	-0.00816375097	1432
0.832625542	-0.00902141919	1433
0.813297985	-0.00995491661	1434
0.792789447	-0.0109677447	1435
0.771125996	-0.0120631598	1436
0.74834282	-0.0132438978	1437
0.724484265	-0.0145107251	1438
0.699603872	-0.0158625485	1439
0.67376442	-0.0172979077	1440
0.647037657	-0.0188122748	1441
0.619503966	-0.020395672	1442
0.591252405	-0.0220384855	1443
0.562379955	-0.0237248845	1444
0.532991258	-0.0254361679	1445
0.503197826	-0.0271465422	1446
0.47311782	-0.0288298867	1447
0.44287506	-0.0304555132	1448
0.412597739	-0.0319752218	1449
0.382421981	-0.0334179431	1450
0.352490803	-0.034898005	1451
0.322942686	-0.0364022807	1452
0.293914144	-0.0378671282	1453
0.265541214	-0.0392338083	1454
0.237957932	-0.0404392728	1455
0.211295463	-0.0414204584	1456
0.185681098	-0.0421136368	1457
0.161237439	-0.0424574031	1458
0.138081638	-0.0423936713	1459
0.116324878	-0.0418666055	1460
0.0960722622	-0.0408243231	1461
0.0774237702	-0.0392146275	1462
0.0604764653	-0.0369883466	1463
0.0453298041	-0.0340935597	1464
0.0320960432	-0.0304782427	1465
0.0209221568	-0.0260896646	1466
0.0120158772	-0.0209197303	1467
0.00563705409	-0.0151223675	1468
0.0018858352	-0.00921597135	1469
0.000296735051	-0.0039980309	1470
-4.19615421e-05	-6.22606237e-06	1471
0.000273625064	0.0039869382	1472
0.00160792936	0.00922267115	1473
0.00449647821	0.0154796706	1474
0.00927711083	0.0224485786	1475
0.0160810543	0.0298597027	1476
0.0249242544	0.0375212936	1477
0.0357781794	0.045296076	1478
0.0485978889	0.0530743945	1479
0.0633293382	0.0607572015	1480
0.0799098257	0.0682480869	1481
0.098266624	0.0754492045	1482
0.118314126	0.082266142	1483
0.139954677	0.0886059908	1484
0.163078278	0.0943797025	1485
0.187562403	0.0995088178	1486
0.213274459	0.103922393	1487
0.240072433	0.107564368	1488
0.267807574	0.110391518	1489
0.296326494	0.112372719	1490
0.325472914	0.113495511	1491
0.35509028	0.113759531	1492
0.38502343	0.113174863	1493
0.415122532	0.111809996	1494
0.445254422	0.109873511	1495
0.475290556	0.107451591	1496
0.505105833	0.104583885	1497
0.534581924	0.101318603	1498
0.563607474	0.0977052005	1499
0.592078408	0.0937923352	1500
0.619898336	0.0896280029	1501
0.646979005	0.0852600133	1502
0.673240773	0.0807367557	1503
0.698612007	0.0761023289	1504
0.723029983	0.0714007685	1505
0.746440481	0.0666734094	1506
0.76879778	0.0619586289	1507
0.790064909	0.057293348	1508
0.810213302	0.0527116496	1509
0.829222598	0.0482445956	1510
0.847080233	0.0439193896	1511
0.863781504	0.0397606911	1512
0.87932919	0.0357902594	1513
0.893732938	0.0320258735	1514
0.907009136	0.0284822972	1515
0.91918046	0.0251711734	1516
0.930275187	0.0221001873	1517
0.940326942	0.0192738258	1518
0.949374447	0.0166942078	1519
0.957460625	0.0143599638	1520
0.964631871	0.0122657065	1521
0.970938621	0.0104053488	1522
0.976435144	0.00877308998	1523
0.981176608	0.00735649387	1524
0.98521825	0.00613585947	1525
0.988619061	0.00509664229	1526
0.991443045	0.0042344278	1527
0.993752983	0.00353774842	1528
0.995604738	0.00297190624	1529
0.997037837	0.0024558516	1530
0.998102568	0.00196275966	1531
0.998862566	0.00151200525	1532
0.999397136	0.00112152035	1533
0.999741196	0.000775189266	1534
0.999932855	0.000450344993	1535
1.00004646	0.000130665569	1536
1.00002088	-0.00022969022	1537
0.999867459	-0.000571247763	1538
0.999494989	-0.000888871771	1539
0.998882414	-0.00118541284	1540
0.998024911	-0.00146315851	1541
0.996838071	-0.00168794751	1542
0.995266778	-0.00182668207	1543
0.993252782	-0.00190482267	1544
0.990732862	-0.00200164879	1545
0.987639239	-0.00213640035	1546
0.983903559	-0.00230387281	1547
0.979458464	-0.00249335904	1548
0.974239522	-0.00270999453	1549
0.968185	-0.00296543831	1550
0.961235361	-0.00326254143	1551
0.953334258	-0.00360001359	1552
0.944429727	-0.00398095031	1553
0.934474565	-0.00441014858	1554
0.923426653	-0.00489055125	1555
0.911249621	-0.00542475919	1556
0.897913468	-0.006016158	1557
0.883395017	-0.00666843188	1558
0.867678371	-0.0073854088	1559
0.850755352	-0.00817088379	1560
0.832625884	-0.00902855181	1561
0.813298334	-0.00996204893	1562
0.792789804	-0.0109748767	1563
0.771126361	-0.0120702913	1564
0.748343194	-0.0132510286	1565
0.724484648	-0.0145178553	1566
0.699604263	-0.015869678	1567
0.673764818	-0.0173050364	1568
0.647038061	-0.0188194028	1569
0.619504375	-0.0204027993	1570
0.591252816	-0.0220456121	1571
0.562380366	-0.0237320106	1572
0.532991665	-0.0254432936	1573
0.503198225	-0.0271536676	1574
0.473118207	-0.028837012	1575
0.442875433	-0.0304626384	1576
0.412598098	-0.0319823468	1577
0.382422334	-0.0334250673	1578
0.352491156	-0.0349051281	1579
0.322943035	-0.0364094029	1580
0.293914479	-0.0378742498	1581
0.265541521	-0.0392409298	1582
0.237958195	-0.0404463947	1583
0.211295663	-0.0414275809	1584
0.185681212	-0.0421207596	1585
0.161237441	-0.0424645252	1586
0.138081494	-0.0424007903	1587
0.116324548	-0.0418737165	1588
0.0960716931	-0.0408314172	1589
0.0774228926	-0.0392216882	1590
0.0604751853	-0.0369953436	1591
0.0453279942	-0.0341004368	1592
0.0320935347	-0.0304848948	1593
0.0209187488	-0.026095902	1594
0.0120113927	-0.0209252426	1595
0.00563146468	-0.015126753	1596
0.00187936882	-0.00921891117	1597
0.000289783396	-0.0039994858	1598
-4.9062122e-05	-6.34250434e-06	1599
0.000266608255	0.00398802903	1600
0.00160119451	0.00922492179	1601
0.00449020941	0.0154830064	1602
0.00927142102	0.0224528281	1603
0.0160759673	0.029864659	1604
0.0249197346	0.0375267732	1605
0.0357741683	0.0453019394	1606
0.0485943275	0.0530805428	1607
0.0633261762	0.0607635659	1608
0.0799070235	0.0682546192	1609
0.0982641511	0.07545587	1610
0.118311959	0.0822729146	1611
0.139952798	0.0886128505	1612
0.163076672	0.0943866328	1613
0.18756106	0.099515805	1614
0.213273367	0.103929425	1615
0.240071583	0.107571435	1616
0.267806956	0.11039861	1617
0.296326099	0.112379829	1618
0.325472732	0.11350263	1619
0.355090298	0.113766654	1620
0.385023632	0.113181984	1621
0.415122893	0.111817112	1622
0.445254917	0.10988062	1623
0.475291171	0.107458691	1624
0.505106557	0.104590976	1625
0.534582748	0.101325684	1626
0.563608393	0.0977122703	1627
0.592079414	0.0937993936	1628
0.619899426	0.0896350496	1629
0.646980172	0.085267048	1630
0.673242014	0.0807437783	1631
0.698613317	0.0761093393	1632
0.723031358	0.0714077667	1633
0.746441918	0.0666803954	1634
0.768799275	0.0619656028	1635
0.790066459	0.05730031	1636
0.810214905	0.0527186	1637
0.82922425	0.0482515347	1638
0.84708193	0.0439263176	1639
0.863783245	0.0397676084	1640
0.879330971	0.0357971665	1641
0.893734756	0.0320327706	1642
0.907010988	0.028489185	1643
0.919182343	0.0251780524	1644
0.9302771	0.022107058	1645
0.940328882	0.0192806888	1646
0.94937641	0.0167010637	1647
0.95746261	0.0143668131	1648
0.964633876	0.0122725497	1649
0.970940643	0.0104121867	1650
0.976437182	0.00877992282	1651
0.981178662	0.00736332105	1652
0.985220327	0.00614267983	1653
0.988621162	0.00510345458	1654
0.991445186	0.00424122723	1655
0.993755222	0.00354451608	1656
0.99560721	0.00297859193	1657
0.997040728	0.00246236659	1658
0.998106029	0.00196899073	1659
0.998866691	0.00151781793	1660
0.999402033	0.00112669949	1661
0.999746981	0.000779352607	1662
0.999939459	0.000453027159	1663
1.00005443	0.000131366707	1664
1.00002863	-0.000231673511	1665
0.999874039	-0.000575795229	1666
0.999499939	-0.00089515494	1667
0.99888591	-0.00119260835	1668
0.998027251	-0.00147080897	1669
0.996839529	-0.00169581493	1670
0.995267644	-0.00183463733	1671
0.993253338	-0.00191280643	1672
0.990733294	-0.00200964108	1673
0.987639624	-0.00214439593	1674
0.98390392	-0.00231187037	1675
0.979458811	-0.0025013581	1676
0.974239864	-0.00271799467	1677
0.968185341	-0.00297343926	1678
0.961235703	-0.00327054311	1679
0.953334601	-0.00360801594	1680
0.944430072	-0.00398895323	1681
0.934474913	-0.004418152	1682
0.923427003	-0.00489855508	1683
0.911249975	-0.00543276334	1684
0.897913827	-0.00602416237	1685
0.88339538	-0.00667643637	1686
0.867678741	-0.0073934133	1687
0.850755729	-0.00817888819	1688
0.832626267	-0.00903655599	1689
0.813298726	-0.00997005278	1690
0.792790205	-0.0109828801	1691
0.771126772	-0.0120782941	1692
0.748343614	-0.0132590308	1693
0.724485077	-0.0145258567	1694
0.699604701	-0.0158776786	1695
0.673765265	-0.0173130362	1696
0.647038515	-0.0188274017	1697
0.619504834	-0.0204107974	1698
0.591253278	-0.0220536094	1699
0.562380827	-0.0237400072	1700
0.532992122	-0.0254512896	1701
0.503198672	-0.0271616632	1702
0.473118641	-0.0288450074	1703
0.44287585	-0.0304706336	1704
0.412598501	-0.0319903416	1705
0.382422731	-0.0334330612	1706
0.352491551	-0.0349131208	1707
0.322943425	-0.0364173944	1708
0.293914852	-0.0378822406	1709
0.265541863	-0.0392489204	1710
0.237958487	-0.0404543855	1711
0.211295884	-0.0414355722	1712
0.185681337	-0.0421287511	1713
0.161237438	-0.0424725157	1714
0.138081327	-0.042408777	1715
0.11632417	-0.0418816938	1716
0.0960710446	-0.0408393749	1717
0.0774218948	-0.0392296074	1718
0.0604737319	-0.0370031897	1719
0.0453259413	-0.0341081453	1720
0.0320906936	-0.0304923466	1721
0.0209148972	-0.0261028827	1722
0.0120063381	-0.0209314057	1723
0.00562518165	-0.0151316549	1724
0.00187211273	-0.00922220198	1725
0.000281986853	-0.00400112115	1726
-5.70262213e-05	-6.48124677e-06	1727
0.000258736503	0.00398924272	1728
0.00159363628	0.00922743338	1729
0.00448316946	0.0154867316	1730
0.0092650265	0.0224575774	1731
0.0160702473	0.0298702034	1732
0.0249146514	0.0375329081	1733
0.0357696574	0.0453085082	1734
0.0485903232	0.0530874337	1735
0.063322622	0.0607707012	1736
0.0799038746	0.0682619442	1737
0.0982613728	0.0754633453	1738
0.118309525	0.0822805109	1739
0.139950688	0.0886205448	1740
0.16307487	0.0943944067	1741
0.187559551	0.0995236431	1742
0.21327214	0.103937314	1743
0.240070627	0.107579363	1744
0.267806261	0.110406567	1745
0.296325654	0.112387805	1746
0.325472525	0.113510618	1747
0.355090315	0.113774645	1748
0.385023855	0.113189974	1749
0.415123295	0.111825096	1750
0.445255472	0.109888596	1751
0.475291859	0.107466658	1752
0.505107367	0.104598932	1753
0.534583672	0.101333629	1754
0.563609422	0.0977202028	1755
0.592080543	0.0938073134	1756
0.619900647	0.0896429563	1757
0.646981481	0.0852749414	1758
0.673243405	0.0807516581	1759
0.698614786	0.0761172055	1760
0.723032901	0.0714156192	1761
0.74644353	0.0666882343	1762
0.768800953	0.0619734282	1763
0.790068199	0.0573081221	1764
0.810216702	0.0527263991	1765
0.829226102	0.0482593209	1766
0.847083834	0.0439340915	1767
0.863785197	0.0397753703	1768
0.879332968	0.0358049168	1769
0.893736795	0.0320405099	1770
0.907013065	0.0284969138	1771
0.919184457	0.0251857712	1772
0.930279246	0.0221147675	1773
0.940331057	0.0192883896	1774
0.949378613	0.0167087565	1775
0.957464838	0.0143744984	1776
0.964636125	0.0122802282	1777
0.970942911	0.0104198591	1778
0.976439468	0.00878758937	1779
0.981180969	0.00737098102	1780
0.985222659	0.0061503317	1781
0.988623525	0.0051110965	1782
0.991447599	0.00424885304	1783
0.993757751	0.00355210367	1784
0.995610006	0.00298608483	1785
0.997043997	0.00246966558	1786
0.998109936	0.00197596841	1787
0.998871345	0.00152432114	1788
0.999407554	0.00113248523	1789
0.999753493	0.000783995396	1790
0.99994688	0.000456008288	1791
1.00006337	0.000132135678	1792
1.00003733	-0.000233890678	1793
0.999881445	-0.000580862887	1794
0.999505541	-0.000902167557	1795
0.998889883	-0.00120065693	1796
0.998029924	-0.00147937879	1797
0.996841206	-0.00170463481	1798
0.99526865	-0.00184355977	1799
0.993253987	-0.00192176298	1800
0.990733794	-0.00201860829	1801
0.987640064	-0.00215336735	1802
0.98390433	-0.0023208443	1803
0.979459203	-0.00251033387	1804
0.974240249	-0.00272697177	1805
0.968185724	-0.00298241738	1806
0.961236087	-0.00327952212	1807
0.953334986	-0.00361699577	1808
0.944430459	-0.00399793379	1809
0.934475302	-0.00442713317	1810
0.923427396	-0.00490753675	1811
0.911250373	-0.00544174541	1812
0.897914229	-0.00603314474	1813
0.883395788	-0.0066854189	1814
0.867679155	-0.00740239587	1815
0.850756151	-0.00818787066	1816
0.832626698	-0.00904553824	1817
0.813299165	-0.00997903466	1818
0.792790655	-0.0109918614	1819
0.771127232	-0.0120872749	1820
0.748344085	-0.0132680108	1821
0.724485559	-0.0145348359	1822
0.699605193	-0.0158866568	1823
0.673765766	-0.0173220134	1824
0.647039024	-0.0188363778	1825
0.619505349	-0.0204197725	1826
0.591253796	-0.0220625836	1827
0.562381344	-0.0237489806	1828
0.532992633	-0.0254602623	1829
0.503199174	-0.0271706354	1830
0.473119128	-0.0288539792	1831
0.442876319	-0.0304796052	1832
0.412598954	-0.0319993125	1833
0.382423175	-0.033442031	1834
0.352491994	-0.0349220891	1835
0.322943861	-0.0364263613	1836
0.293915269	-0.0378912066	1837
0.265542244	-0.039257886	1838
0.237958812	-0.0404633513	1839
0.211296128	-0.0414445383	1840
0.185681472	-0.0421377172	1841
0.161237429	-0.0424814804	1842
0.138081132	-0.0424177371	1843
0.116323737	-0.041890643	1844
0.0960703058	-0.0408483013	1845
0.0774207605	-0.0392384894	1846
0.0604720819	-0.0370119877	1847
0.0453236136	-0.0341167859	1848
0.0320874771	-0.0305006942	1849
0.0209105459	-0.026110696	1850
0.0120006426	-0.0209382977	1851
0.00561811997	-0.015137135	1852
0.00186397077	-0.00922588624	1853
0.000273242722	-0.00400295925	1854
-6.59588544e-05	-6.64551926e-06	1855
0.000249905757	0.0039905937	1856
0.00158515432	0.00923023694	1857
0.00447526411	0.0154908925	1858
0.00925784072	0.0224628862	1859
0.016063816	0.0298764062	1860
0.0249089348	0.0375397768	1861
0.0357645847	0.0453158672	1862
0.0485858211	0.0530951571	1863
0.063318627	0.0607787008	1864
0.079900336	0.0682701581	1865
0.0982582515	0.075471729	1866
0.118306791	0.0822890309	1867
0.139948318	0.0886291754	1868
0.163072845	0.094403127	1869
0.187557856	0.0995324357	1870
0.213270762	0.103946164	1871
0.240069553	0.107588257	1872
0.26780548	0.110415493	1873
0.296325153	0.112396753	1874
0.325472291	0.113519579	1875
0.355090333	0.113783611	1876
0.385024103	0.113198938	1877
0.415123743	0.111834053	1878
0.445256091	0.109897545	1879
0.47529263	0.107475596	1880
0.505108276	0.104607858	1881
0.534584708	0.101342543	1882
0.563610577	0.0977291034	1883
0.592081808	0.0938161998	1884
0.619902017	0.0896518281	1885
0.646982949	0.0852837982	1886
0.673244966	0.0807604998	1887
0.698616434	0.0761260319	1888
0.723034631	0.0714244303	1889
0.746445338	0.0666970302	1890
0.768802835	0.061982209	1891
0.79007015	0.057316888	1892
0.810218719	0.0527351503	1893
0.82922818	0.0482680579	1894
0.84708597	0.0439428145	1895
0.863787387	0.0397840798	1896
0.879335208	0.0358136133	1897
0.893739082	0.032049194	1898
0.907015396	0.0285055861	1899
0.919186828	0.0251944324	1900
0.930281654	0.0221234182	1901
0.940333498	0.0192970305	1902
0.949381084	0.0167173883	1903
0.957467336	0.0143831219	1904
0.964638648	0.0122888439	1905
0.970945457	0.0104284678	1906
0.976442035	0.00879619133	1907
0.98118356	0.00737957528	1908
0.985225279	0.00615891637	1909
0.988626183	0.00511966897	1910
0.991450319	0.00425740552	1911
0.993760609	0.00356061052	1912
0.99561317	0.0029944824	1913
0.997047692	0.00247784287	1914
0.998114348	0.00198378202	1915
0.998876596	0.00153159695	1916
0.999413777	0.00113894906	1917
0.999760821	0.000789173207	1918
0.999955218	0.000459322176	1919
1.0000734	0.000132979126	1920
1.00004709	-0.00023636922	1921
0.999889781	-0.000586511262	1922
0.999511876	-0.000909995181	1923
0.998894398	-0.00120965983	1924
0.998032974	-0.00148897822	1925
0.996843134	-0.00171452226	1926
0.995269817	-0.00185356683	1927
0.993254743	-0.0019318108	1928
0.990734372	-0.00202866927	1929
0.987640567	-0.00216343366	1930
0.983904795	-0.00233091375	1931
0.979459646	-0.00252040559	1932
0.974240682	-0.00273704513	1933
0.968186156	-0.00299249201	1934
0.961236518	-0.00328959785	1935
0.953335418	-0.0036270725	1936
0.944430893	-0.00400801139	1937
0.93447574	-0.00443721152	1938
0.923427837	-0.00491761573	1939
0.911250819	-0.00545182489	1940
0.89791468	-0.00604322459	1941
0.883396246	-0.00669549897	1942
0.867679621	-0.00741247601	1943
0.850756625	-0.00819795072	1944
0.832627181	-0.00905561806	1945
0.813299659	-0.00998911408	1946
0.79279116	-0.0110019403	1947
0.771127748	-0.012097353	1948
0.748344613	-0.0132780881	1949
0.724486099	-0.0145449122	1950
0.699605745	-0.015896732	1951
0.673766329	-0.0173320875	1952
0.647039596	-0.0188464507	1953
0.619505927	-0.0204298442	1954
0.591254376	-0.0220726542	1955
0.562381923	-0.0237590501	1956
0.532993207	-0.0254703311	1957
0.503199736	-0.0271807035	1958
0.473119674	-0.0288640467	1959
0.442876846	-0.0304896722	1960
0.412599462	-0.0320093788	1961
0.382423675	-0.0334520959	1962
0.35249249	-0.0349321522	1963
0.322944349	-0.0364364227	1964
0.293915735	-0.0379012668	1965
0.26554267	-0.0392679456	1966
0.237959174	-0.0404734109	1967
0.211296399	-0.0414545981	1968
0.185681619	-0.0421477769	1969
0.161237413	-0.0424915382	1970
0.138080906	-0.0424277893	1971
0.116323242	-0.0419006824	1972
0.0960694641	-0.0408583143	1973
0.0774194712	-0.0392484514	1974
0.0604702092	-0.0370218532	1975
0.0453209753	-0.0341264713	1976
0.0320838371	-0.0305100458	1977
0.0209056316	-0.0261194418	1978
0.0119942266	-0.0209460057	1979
0.00561018415	-0.0151432626	1980
0.00185483504	-0.00923001153	1981
0.000263435806	-0.00400502508	1982
-7.5977807e-05	-6.83898743e-06	1983
0.000239999302	0.00399209806	1984
0.00157563604	0.00923336719	1985
0.00446638756	0.015495541	1986
0.00924976651	0.0224688212	1987
0.0160565858	0.0298833463	1988
0.0249025064	0.0375474676	1989
0.0357588804	0.0453241116	1990
0.0485807593	0.0531038133	1991
0.0633141365	0.0607876693	1992
0.0798963595	0.0682793688	1993
0.0982547447	0.0754811312	1994
0.11830372	0.082298587	1995
0.139945655	0.0886388562	1996
0.163070571	0.0944129089	1997
0.187555953	0.099542299	1998
0.213269215	0.103956092	1999
0.240068347	0.107598235	2000
0.267804601	0.110425507	2001
0.296324589	0.112406792	2002
0.325472026	0.113529632	2003
0.35509035	0.11379367	2004
0.385024378	0.113208995	2005
0.415124243	0.111844104	2006
0.445256783	0.109907586	2007
0.475293492	0.107485625	2008
0.505109293	0.104617875	2009
0.534585869	0.101352545	2010
0.563611871	0.0977390903	2011
0.592083227	0.0938261709	2012
0.619903553	0.0896617828	2013
0.646984596	0.0852937362	2014
0.673246716	0.0807704208	2015
0.698618283	0.0761359358	2016
0.723036573	0.0714343171	2017
0.746447367	0.0667068999	2018
0.768804946	0.0619920618	2019
0.790072339	0.0573267241	2020
0.810220981	0.05274497	2021
0.829230512	0.0482778615	2022
0.847088367	0.0439526025	2023
0.863789844	0.0397938527	2024
0.879337722	0.0358233717	2025
0.893741649	0.0320589384	2026
0.907018011	0.0285153173	2027
0.919189488	0.025204151	2028
0.930284355	0.022133125	2029
0.940336237	0.0193067263	2030
0.949383857	0.0167270739	2031
0.95747014	0.014392798	2032
0.96464148	0.0122985112	2033
0.970948313	0.0104381271	2034
0.976444915	0.00880584279	2035
0.981186468	0.00738921774	2036
0.985228222	0.00616854743	2037
0.988629173	0.00512928517	2038
0.991453385	0.0042669971	2039
0.993763837	0.00357014798	2040
0.995616747	0.0030038939	2041
0.997051868	0.0024870041	2042
0.998119329	0.00199253161	2043
0.99888252	0.00153973727	2044
0.999420792	0.00114616985	2045
0.999769068	0.000794948117	2046
0.999964588	0.000463006416	2047
1.00008466	0.000133904151	2048
1.00005804	-0.000239139905	2049
0.999899162	-0.00059280817	2050
0.99951904	-0.000918733577	2051
0.998899524	-0.00121973038	2052
0.998036455	-0.00149973077	2053
0.996845349	-0.0017256063	2054
0.995271171	-0.00186479022	2055
0.993255624	-0.00194308275	2056
0.99073504	-0.00203995736	2057
0.987641143	-0.00217472846	2058
0.983905323	-0.00234221246	2059
0.979460146	-0.00253170707	2060
0.97424117	-0.00274834862	2061
0.96818664	-0.00300379704	2062
0.961237003	-0.00330090423	2063
0.953335903	-0.0036383801	2064
0.94443138	-0.00401932006	2065
0.934476231	-0.0044485211	2066
0.923428333	-0.00492892608	2067
0.911251319	-0.00546313587	2068
0.897915187	-0.00605453602	2069
0.88339676	-0.0067068107	2070
0.867680143	-0.00742378785	2071
0.850757157	-0.00820926249	2072
0.832627724	-0.00906692957	2073
0.813300213	-0.0100004252	2074
0.792791726	-0.0110132507	2075
0.771128328	-0.0121086626	2076
0.748345207	-0.0132893967	2077
0.724486706	-0.0145562197	2078
0.699606365	-0.0159080383	2079
0.67376696	-0.0173433924	2080
0.647040236	-0.0188577543	2081
0.619506574	-0.0204411464	2082
0.591255027	-0.0220839551	2083
0.562382573	-0.0237703498	2084
0.53299385	-0.0254816297	2085
0.503200367	-0.0271920012	2086
0.473120287	-0.0288753437	2087
0.442877436	-0.0305009685	2088
0.412600032	-0.0320206741	2089
0.382424235	-0.0334633896	2090
0.352493046	-0.0349434437	2091
0.322944895	-0.0364477122	2092
0.293916256	-0.0379125548	2093
0.265543144	-0.0392792328	2094
0.237959576	-0.0404846979	2095
0.211296697	-0.0414658851	2096
0.185681777	-0.0421590634	2097
0.161237389	-0.0425028223	2098
0.138080644	-0.0424390667	2099
0.116322675	-0.0419119448	2100
0.0960685054	-0.0408695462	2101
0.0774180062	-0.0392596245	2102
0.0604680844	-0.0370329157	2103
0.0453179856	-0.0341373279	2104
0.0320797189	-0.0305205222	2105
0.0209000834	-0.0261292318	2106
0.0119870005	-0.0209546273	2107
0.00560126696	-0.0151501153	2108
0.00184458445	-0.0092346311	2109
0.000252436897	-0.0040073467	2110
-8.72151899e-05	-7.0658103e-06	2111
0.000228886213	0.0039937738	2112
0.00156495513	0.00923686295	2113
0.00445642107	0.0155007351	2114
0.00924069477	0.022475457	2115
0.016048458	0.0298911117	2116
0.0248952781	0.037556079	2117
0.0357524662	0.0453333481	2118
0.0485750684	0.0531135152	2119
0.0633090889	0.0607977241	2120
0.0798918909	0.068289697	2121
0.0982508046	0.0754916757	2122
0.11830027	0.0823093051	2123
0.139942665	0.0886497149	2124
0.163068017	0.0944238816	2125
0.187553815	0.0995533635	2126
0.213267476	0.103967229	2127
0.240066991	0.107609428	2128
0.267803614	0.110436742	2129
0.296323954	0.112418055	2130
0.325471727	0.113540911	2131
0.355090366	0.113804956	2132
0.385024683	0.113220279	2133
0.415124801	0.11185538	2134
0.445257557	0.109918851	2135
0.475294458	0.107496878	2136
0.505110433	0.104629113	2137
0.53458717	0.101363767	2138
0.563613322	0.097750296	2139
0.592084818	0.0938373589	2140
0.619905276	0.0896729526	2141
0.646986442	0.0853048873	2142
0.67324868	0.0807815529	2143
0.698620356	0.0761470488	2144
0.72303875	0.0714454109	2145
0.746449643	0.0667179746	2146
0.768807314	0.0620031176	2147
0.790074795	0.0573377612	2148
0.810223519	0.0527559887	2149
0.829233127	0.0482888622	2150
0.847091055	0.0439635856	2151
0.863792601	0.0398048188	2152
0.879340542	0.0358343214	2153
0.893744528	0.0320698725	2154
0.907020945	0.0285262364	2155
0.919192472	0.0252150561	2156
0.930287385	0.0221440168	2157
0.94033931	0.0193176057	2158
0.949386968	0.0167379417	2159
0.957473286	0.0144036551	2160
0.964644657	0.0123093584	2161
0.970951519	0.0104489651	2162
0.976448149	0.00881667175	2163
0.981189734	0.00740003615	2164
0.98523153	0.00617935234	2165
0.988632536	0.00514007206	2166
0.99145684	0.00427775401	2167
0.993767484	0.00358084087	2168
0.995620793	0.00301444178	2169
0.997056587	0.00249726767	2170
0.998124951	0.00200232929	2171
0.998889202	0.00154884502	2172
0.9994287	0.00115423569	2173
0.999778347	0.000801389496	2174
0.999975115	0.000467102838	2175
1.00009729	0.000134918293	2176
1.00007033	-0.000242238462	2177
0.999909717	-0.000599829674	2178
0.999527136	-0.00092849	2179
0.998905344	-0.00123099551	2180
0.998040423	-0.00151177481	2181
0.996847892	-0.00173803155	2182
0.995272739	-0.00187737761	2183
0.993256648	-0.00195572786	2184
0.990735814	-0.00205262218	2185
0.987641802	-0.00218740163	2186
0.983905922	-0.00235489045	2187
0.979460712	-0.00254438845	2188
0.974241719	-0.00276103245	2189
0.968187185	-0.00301648276	2190
0.961237547	-0.00331359159	2191
0.953336448	-0.00365106893	2192
0.944431928	-0.00403201017	2193
0.934476782	-0.00446121232	2194
0.923428888	-0.00494161824	2195
0.911251881	-0.00547582879	2196
0.897915756	-0.00606722951	2197
0.883397337	-0.00671950456	2198
0.86768073	-0.00743648188	2199
0.850757754	-0.00822195647	2200
0.832628333	-0.00907962329	2201
0.813300835	-0.0100131184	2202
0.792792362	-0.0110259433	2203
0.771128978	-0.0121213542	2204
0.748345872	-0.0133020872	2205
0.724487386	-0.0145689089	2206
0.699607059	-0.015920726	2207
0.673767667	-0.0173560786	2208
0.647040955	-0.0188704388	2209
0.6195073	-0.0204538294	2210
0.591255757	-0.0220966365	2211
0.562383301	-0.0237830297	2212
0.532994571	-0.0254943083	2213
0.503201074	-0.0272046788	2214
0.473120974	-0.0288880203	2215
0.442878099	-0.0305136441	2216
0.412600673	-0.0320333485	2217
0.382424863	-0.033476062	2218
0.352493669	-0.0349561135	2219
0.322945505	-0.0364603796	2220
0.293916837	-0.0379252204	2221
0.265543672	-0.0392918974	2222
0.237960023	-0.040497362	2223
0.211297027	-0.041478549	2224
0.185681949	-0.0421717263	2225
0.161237353	-0.0425154822	2226
0.13808034	-0.0424517187	2227
0.116322026	-0.0419245792	2228
0.0960674136	-0.0408821454	2229
0.0774163417	-0.039272156	2230
0.060465674	-0.0370453204	2231
0.0453145989	-0.0341494973	2232
0.0320750613	-0.0305322589	2233
0.0208938211	-0.0261401915	2234
0.0119788637	-0.0209642717	2235
0.00559124801	-0.01515778	2236
0.00183308319	-0.00923980463	2237
0.000240101072	-0.00400995553	2238
-9.98191813e-05	-7.33070501e-06	2239
0.000216419633	0.003995641	2240
0.00155296986	0.00924076765	2241
0.0044452314	0.0155065398	2242
0.00923050302	0.0224828771	2243
0.0160393219	0.0298998011	2244
0.0248871509	0.0375657216	2245
0.035745254	0.0453436962	2246
0.0485686703	0.053124389	2247
0.0633034153	0.0608089966	2248
0.079886869	0.0683012785	2249
0.0982463778	0.0755035013	2250
0.118296394	0.0823213265	2251
0.139939306	0.0886618948	2252
0.163065148	0.09443619	2253
0.187551414	0.0995657754	2254
0.213265522	0.103979723	2255
0.240065468	0.107621985	2256
0.267802503	0.110449346	2257
0.296323239	0.112430691	2258
0.325471388	0.113553566	2259
0.355090381	0.113817618	2260
0.385025021	0.113232939	2261
0.415125422	0.111868032	2262
0.445258423	0.109931492	2263
0.475295539	0.107509504	2264
0.505111711	0.104641723	2265
0.534588628	0.101376359	2266
0.563614948	0.0977628692	2267
0.592086603	0.0938499125	2268
0.619907208	0.0896854857	2269
0.646988513	0.0853173995	2270
0.673250882	0.0807940439	2271
0.698622682	0.0761595184	2272
0.723041192	0.0714578591	2273
0.746452195	0.0667304014	2274
0.768809971	0.0620155231	2275
0.79007755	0.0573501457	2276
0.810226367	0.0527683526	2277
0.829236062	0.0483012059	2278
0.847094071	0.0439759096	2279
0.863795693	0.0398171238	2280
0.879343706	0.035846608	2281
0.893747758	0.0320821416	2282
0.907024237	0.0285384887	2283
0.91919582	0.0252272925	2284
0.930290785	0.0221562383	2285
0.940342757	0.0193298132	2286
0.949390458	0.0167501362	2287
0.957476815	0.0144158375	2288
0.964648222	0.0123215295	2289
0.970955116	0.0104611257	2290
0.976451778	0.00882882182	2291
0.981193401	0.00741217386	2292
0.985235246	0.00619147405	2293
0.98863632	0.00515217192	2294
0.991460735	0.00428981775	2295
0.993771603	0.00359282917	2296
0.995625366	0.00302626331	2297
0.997061919	0.00250876627	2298
0.998131296	0.00201330068	2299
0.998896737	0.0015590355	2300
0.999437611	0.0011632482	2301
0.999788787	0.000808574887	2302
0.999986943	0.000471657976	2303
1.00011147	0.000136029498	2304
1.00008412	-0.000245704931	2305
0.999921592	-0.00060765772	2306
0.999536282	-0.000939384644	2307
0.998911946	-0.00124359746	2308
0.998044946	-0.00152526545	2309
0.996850809	-0.00175196012	2310
0.995274552	-0.00189149461	2311
0.993257837	-0.00196991329	2312
0.990736707	-0.00206683156	2313
0.987642558	-0.00220162128	2314
0.983906604	-0.00236911607	2315
0.979461351	-0.00255861818	2316
0.974242339	-0.00277526516	2317
0.968187798	-0.00303071778	2318
0.961238158	-0.00332782859	2319
0.95333706	-0.00366530769	2320
0.944432542	-0.00404625049	2321
0.9344774	-0.00447545397	2322
0.923429512	-0.00495586103	2323
0.911252511	-0.0054900725	2324
0.897916394	-0.00608147393	2325
0.883397985	-0.00673374944	2326
0.867681388	-0.00745072699	2327
0.850758424	-0.00823620155	2328
0.832629016	-0.00909386809	2329
0.813301533	-0.0100273627	2330
0.792793076	-0.0110401867	2331
0.771129708	-0.0121355967	2332
0.748346619	-0.0133163284	2333
0.72448815	-0.0145831485	2334
0.699607839	-0.015934964	2335
0.673768461	-0.0173703148	2336
0.64704176	-0.0188846732	2337
0.619508114	-0.0204680618	2338
0.591256575	-0.0221108671	2339
0.562384118	-0.0237972586	2340
0.532995379	-0.0255085357	2341
0.503201867	-0.0272189048	2342
0.473121745	-0.0289022451	2343
0.442878842	-0.0305278676	2344
0.412601391	-0.0320475704	2345
0.382425568	-0.0334902814	2346
0.352494367	-0.03497033	2347
0.322946188	-0.0364745932	2348
0.293917487	-0.0379394318	2349
0.265544261	-0.0393061073	2350
0.237960519	-0.0405115711	2351
0.211297392	-0.0414927576	2352
0.185682135	-0.0421859336	2353
0.161237304	-0.0425296857	2354
0.138079988	-0.0424659126	2355
0.116321284	-0.0419387527	2356
0.0960661706	-0.0408962782	2357
0.0774144509	-0.0392862111	2358
0.0604629402	-0.0370592302	2359
0.0453107633	-0.0341631385	2360
0.0320697949	-0.030545408	2361
0.0208867541	-0.0261524608	2362
0.0119697031	-0.0209750614	2363
0.00557999211	-0.0151663538	2364
0.00182017886	-0.00924559896	2365
0.00022626578	-0.00401288687	2366
-0.00011395598	-7.6390199e-06	2367
0.000202434829	0.00399772211	2368
0.00153952125	0.00924512987	2369
0.00443266902	0.0155130278	2370
0.00921905375	0.0224911752	2371
0.0160290532	0.0299095251	2372
0.0248780134	0.037576519	2373
0.0357371449	0.0453552898	2374
0.0485614772	0.0531365764	2375
0.0632970379	0.0608216344	2376
0.0798812255	0.0683142653	2377
0.0982414039	0.0755167636	2378
0.11829204	0.0823348098	2379
0.139935534	0.0886755568	2380
0.163061926	0.0944499968	2381
0.187548716	0.0995796987	2382
0.213263328	0.103993738	2383
0.240063757	0.107636072	2384
0.267801255	0.110463485	2385
0.296322434	0.112444866	2386
0.325471004	0.113567763	2387
0.355090394	0.113831824	2388
0.385025397	0.113247143	2389
0.415126116	0.111882228	2390
0.44525939	0.109945674	2391
0.475296749	0.107523671	2392
0.505113142	0.104655871	2393
0.534590262	0.101390488	2394
0.563616772	0.0977769769	2395
0.592088603	0.0938639982	2396
0.619909375	0.0896995486	2397
0.646990836	0.0853314391	2398
0.673253352	0.0808080597	2399
0.698625291	0.0761735103	2400
0.723043932	0.071471827	2401
0.746455059	0.0667443453	2402
0.768812951	0.0620294432	2403
0.79008064	0.0573640422	2404
0.810229561	0.052782226	2405
0.829239354	0.0483150567	2406
0.847097455	0.0439897384	2407
0.863799163	0.0398309311	2408
0.879347256	0.0358603947	2409
0.893751382	0.0320959085	2410
0.90702793	0.0285522368	2411
0.919199576	0.0252410228	2412
0.9302946	0.0221699517	2413
0.940346625	0.019343511	2414
0.949394374	0.0167638193	2415
0.957480775	0.0144295068	2416
0.964652222	0.0123351861	2417
0.970959154	0.0104747702	2418
0.976455853	0.00884245412	2419
0.98119752	0.00742579169	2420
0.985239423	0.00620507293	2421
0.988640578	0.0051657445	2422
0.991465125	0.00430334701	2423
0.993776254	0.00360626983	2424
0.995630536	0.00303951239	2425
0.997067943	0.00252164868	2426
0.998138457	0.00202558661	2427
0.998905236	0.00157043671	2428
0.99944765	0.00117331939	2429
0.999800533	0.000816590984	2430
1.00000023	0.000476723588	2431
1.00012738	0.000137246065	2432
1.0000996	-0.000249584743	2433
0.99993495	-0.000616390514	2434
0.999546612	-0.00095155227	2435
0.998919433	-0.00125769565	2436
0.998050099	-0.00154037652	2437
0.996854153	-0.00176757379	2438
0.995276646	-0.00190732695	2439
0.993259217	-0.00198582655	2440
0.99073774	-0.0020827738	2441
0.987643423	-0.00221757613	2442
0.983907379	-0.00238507821	2443
0.979462075	-0.00257458531	2444
0.974243038	-0.00279123589	2445
0.968188488	-0.00304669129	2446
0.961238845	-0.00334380449	2447
0.953337747	-0.00368128572	2448
0.944433231	-0.00406223037	2449
0.934478094	-0.00449143546	2450
0.923430213	-0.00497184388	2451
0.911253219	-0.00550605647	2452
0.89791711	-0.00609745876	2453
0.883398711	-0.00674973486	2454
0.867682126	-0.0074667127	2455
0.850759176	-0.00825218728	2456
0.832629783	-0.00910985353	2457
0.813302316	-0.0100433475	2458
0.792793876	-0.0110561707	2459
0.771130528	-0.0121515795	2460
0.748347457	-0.0133323097	2461
0.724489006	-0.0145991282	2462
0.699608713	-0.0159509418	2463
0.673769352	-0.0173862905	2464
0.647042664	-0.0189006467	2465
0.619509028	-0.0204840331	2466
0.591257492	-0.0221268362	2467
0.562385034	-0.0238132257	2468
0.532996286	-0.0255245008	2469
0.503202756	-0.0272348682	2470
0.473122609	-0.028918207	2471
0.442879677	-0.030543828	2472
0.412602198	-0.0320635287	2473
0.382426359	-0.0335062369	2474
0.352495149	-0.0349862819	2475
0.322946952	-0.0364905417	2476
0.293918212	-0.0379553775	2477
0.265544918	-0.0393220512	2478
0.23796107	-0.0405275139	2479
0.211297794	-0.0415086995	2480
0.185682335	-0.0422018736	2481
0.161237239	-0.0425456208	2482
0.13807958	-0.0424818365	2483
0.116320436	-0.0419546528	2484
0.0960647555	-0.0409121313	2485
0.0774123035	-0.0393019748	2486
0.0604598404	-0.0370748277	2487
0.0453064204	-0.0341784294	2488
0.0320638418	-0.0305601395	2489
0.0208787814	-0.0261661972	2490
0.0119593915	-0.0209871334	2491
0.00556734751	-0.0151759457	2492
0.00180570049	-0.00925208898	2493
0.000210748699	-0.00401618031	2494
-0.000129811999	-7.99681705e-06	2495
0.000186747021	0.00400004222	2496
0.00152443094	0.009250004	2497
0.00441856611	0.0155202804	2498
0.00920619261	0.022500456	2499
0.0160175123	0.0299204074	2500
0.0248677408	0.0375886101	2501
0.0357280277	0.0453682789	2502
0.0485533905	0.053150236	2503
0.0632898696	0.0608358028	2504
0.0798748833	0.0683288277	2505
0.0982358153	0.0755316371	2506
0.118287149	0.0823499325	2507
0.139931296	0.088690881	2508
0.163058306	0.0944654842	2509
0.187545687	0.0995953175	2510
0.213260863	0.104009461	2511
0.240061833	0.107651875	2512
0.267799851	0.110479348	2513
0.296321527	0.11246077	2514
0.325470571	0.113583691	2515
0.355090404	0.113847762	2516
0.385025814	0.11326308	2517
0.41512689	0.111898155	2518
0.445260472	0.109961586	2519
0.475298104	0.107539566	2520
0.505114745	0.104671746	2521
0.534592094	0.101406341	2522
0.563618816	0.0977928064	2523
0.592090846	0.093879803	2524
0.619911804	0.089715328	2525
0.646993441	0.0853471923	2526
0.673256122	0.0808237865	2527
0.698628217	0.0761892103	2528
0.723047005	0.0714875	2529
0.746458271	0.0667599915	2530
0.768816295	0.0620450627	2531
0.790084107	0.0573796354	2532
0.810233145	0.0527977933	2533
0.829243047	0.0483305985	2534
0.847101251	0.0440052555	2535
0.863803055	0.0398464242	2536
0.879351238	0.0358758647	2537
0.893755448	0.0321113563	2538
0.907032073	0.0285676634	2539
0.919203791	0.0252564293	2540
0.930298879	0.0221853394	2541
0.940350964	0.0193588809	2542
0.949398768	0.0167791727	2543
0.957485218	0.0144448447	2544
0.964656711	0.0123505093	2545
0.970963685	0.0104900796	2546
0.976460427	0.00885774941	2547
0.981202145	0.00744107003	2548
0.985244118	0.00622032883	2549
0.98864537	0.00518096898	2550
0.991470074	0.00431851976	2551
0.993781507	0.00362133887	2552
0.995636378	0.0030543616	2553
0.997074747	0.0025360817	2554
0.998146538	0.00203934498	2555
0.998914822	0.00158319159	2556
0.999458959	0.00118457474	2557
0.999813746	0.000825534726	2558
1.00001516	0.000482357223	2559
1.00014524	0.000138576565	2560
1.00011697	-0.000253929499	2561
0.999949973	-0.000626136181	2562
0.999558273	-0.000965144042	2563
0.998927919	-0.00127346881	2564
0.998055964	-0.00155730291	2565
0.996857983	-0.00178507636	2566
0.995279063	-0.00192508292	2567
0.993260815	-0.00200367797	2568
0.990738932	-0.00210066013	2569
0.987644415	-0.00223547785	2570
0.983908261	-0.00240298879	2571
0.979462895	-0.00259250193	2572
0.974243827	-0.00280915685	2573
0.968189265	-0.00306461563	2574
0.961239617	-0.00336173169	2575
0.953338518	-0.00369921546	2576
0.944434006	-0.00408016233	2577
0.934478873	-0.00450936934	2578
0.923430998	-0.00498977939	2579
0.911254013	-0.00552399333	2580
0.897917915	-0.00611539666	2581
0.883399527	-0.00676767348	2582
0.867682955	-0.00748465171	2583
0.85076002	-0.00827012634	2584
0.832630644	-0.0091277923	2585
0.813303195	-0.0100612856	2586
0.792794775	-0.0110741078	2587
0.771131447	-0.0121695152	2588
0.748348397	-0.0133502438	2589
0.724489967	-0.0146170604	2590
0.699609694	-0.0159688717	2591
0.673770351	-0.017404218	2592
0.647043678	-0.0189185717	2593
0.619510052	-0.0205019556	2594
0.591258521	-0.0221447562	2595
0.56238606	-0.0238311432	2596
0.532997302	-0.0255424161	2597
0.503203753	-0.0272527814	2598
0.473123579	-0.0289361182	2599
0.442880613	-0.0305617372	2600
0.412603103	-0.0320814355	2601
0.382427245	-0.0335241402	2602
0.352496025	-0.035004181	2603
0.322947807	-0.0365084368	2604
0.293919021	-0.0379732694	2605
0.26554565	-0.0393399407	2606
0.237961683	-0.0405454018	2607
0.211298237	-0.041526586	2608
0.185682551	-0.0422197576	2609
0.161237155	-0.0425634989	2610
0.138079108	-0.0424997013	2611
0.116319466	-0.0419724898	2612
0.0960631448	-0.040929914	2613
0.0774098652	-0.039319655	2614
0.0604563262	-0.0370923175	2615
0.0453015044	-0.0341955696	2616
0.0320571136	-0.0305766442	2617
0.0208697889	-0.0261815768	2618
0.011947786	-0.021000641	2619
0.00555314381	-0.0151866775	2620
0.00178945626	-0.00925935861	2621
0.000193345335	-0.00401988026	2622
-0.000147596322	-8.4109658e-06	2623
0.000169148942	0.00400262937	2624
0.00150749883	0.00925545088	2625
0.00440273437	0.0155283888	2626
0.00919174631	0.0225108367	2627
0.0160045423	0.0299325866	2628
0.0248561927	0.03760215	2629
0.0357177773	0.0453828316	2630
0.0485442995	0.0531655457	2631
0.0632818122	0.0608516871	2632
0.0798677559	0.0683451569	2633
0.0982295359	0.0755483174	2634
0.118281653	0.0823668939	2635
0.139926535	0.0887080697	2636
0.163054241	0.0944828569	2637
0.187542284	0.0996128383	2638
0.213258094	0.1040271	2639
0.240059672	0.107669604	2640
0.267798273	0.110497144	2641
0.296320506	0.112478612	2642
0.32547008	0.113601561	2643
0.355090411	0.113865643	2644
0.385026276	0.11328096	2645
0.415127753	0.111916025	2646
0.445261682	0.10997944	2647
0.475299621	0.1075574	2648
0.50511654	0.104689558	2649
0.534594147	0.101424128	2650
0.563621108	0.0978105678	2651
0.592093362	0.0938975369	2652
0.619914529	0.0897330334	2653
0.646996363	0.0853648685	2654
0.67325923	0.080841433	2655
0.698631499	0.0762068268	2656
0.723050453	0.0715050865	2657
0.746461874	0.0667775479	2658
0.768820045	0.0620625892	2659
0.790087997	0.0573971324	2660
0.810237165	0.0528152612	2661
0.82924719	0.048348038	2662
0.847105509	0.0440226671	2663
0.863807422	0.0398638089	2664
0.879355705	0.0358932234	2665
0.893760009	0.03212869	2666
0.907036721	0.0285849734	2667
0.919208518	0.0252737168	2668
0.930303681	0.0222026055	2669
0.940355832	0.019376127	2670
0.949403697	0.0167964002	2671
0.957490204	0.0144620546	2672
0.964661748	0.0123677027	2673
0.97096877	0.0105072571	2674
0.976465562	0.00887491052	2675
0.981207341	0.00745821131	2676
0.985249395	0.00623744355	2677
0.988650761	0.00519804631	2678
0.991475652	0.00433553565	2679
0.993787437	0.00363823369	2680
0.995642979	0.00307100448	2681
0.99708243	0.00255225239	2682
0.998155653	0.00205475286	2683
0.998925627	0.00159746457	2684
0.999471695	0.00119715485	2685
0.999828608	0.000835514504	2686
1.00003193	0.000488622835	2687
1.00016527	0.000140029724	2688
1.00013646	-0.000258797848	2689
0.999966863	-0.000637016132	2690
0.999571432	-0.000980329535	2691
0.998937532	-0.00129111741	2692
0.998062636	-0.00157626316	2693
0.996862365	-0.00180469639	2694
0.995281848	-0.00194499614	2695
0.993262664	-0.0020237035	2696
0.990740307	-0.00212072755	2697
0.987645552	-0.00225556396	2698
0.983909266	-0.00242308563	2699
0.979463823	-0.00261260606	2700
0.974244717	-0.0028292662	2701
0.968190139	-0.00308472901	2702
0.961240485	-0.00338184851	2703
0.953339385	-0.00371933531	2704
0.944434875	-0.00410028482	2705
0.934479748	-0.00452949412	2706
0.92343188	-0.00500990612	2707
0.911254904	-0.00554412167	2708
0.897918817	-0.00613552626	2709
0.883400442	-0.00678780396	2710
0.867683886	-0.00750478269	2711
0.850760967	-0.00829025742	2712
0.83263161	-0.00914792307	2713
0.813304182	-0.0100814157	2714
0.792795783	-0.0110942368	2715
0.771132478	-0.0121896427	2716
0.748349452	-0.0133703694	2717
0.724491046	-0.0146371837	2718
0.699610795	-0.0159889925	2719
0.673771471	-0.0174243361	2720
0.647044815	-0.0189386869	2721
0.6195112	-0.0205220677	2722
0.591259675	-0.0221648653	2723
0.562387212	-0.0238512495	2724
0.532998442	-0.0255625196	2725
0.503204872	-0.0272728824	2726
0.473124666	-0.0289562168	2727
0.442881663	-0.0305818334	2728
0.412604119	-0.0321015286	2729
0.38242824	-0.0335442292	2730
0.352497006	-0.0350242651	2731
0.322948763	-0.0365285162	2732
0.293919926	-0.0379933448	2733
0.265546465	-0.0393600131	2734
0.237962363	-0.0405654722	2735
0.211298727	-0.0415466543	2736
0.185682782	-0.0422398227	2737
0.161237047	-0.0425835567	2738
0.138078563	-0.0425197433	2739
0.116318357	-0.0419924996	2740
0.0960613119	-0.0409498612	2741
0.0774070969	-0.0393394845	2742
0.0604523432	-0.0371119293	2743
0.0452959406	-0.0342147829	2744
0.0320495116	-0.0305951358	2745
0.0208596481	-0.0261987969	2746
0.0119347259	-0.0210157561	2747
0.00553718972	-0.0151986857	2748
0.00177123099	-0.00926750186	2749
0.000173826322	-0.00402403658	2750
-0.000167543461	-8.88924893e-06	2751
0.000149408103	0.00400551493	2752
0.00148850043	0.0092615386	2753
0.00438496249	0.0155374547	2754
0.0091755203	0.0225224484	2755
0.015989967	0.029946218	2756
0.0248432112	0.0376173128	2757
0.0357062535	0.0453991364	2758
0.0485340796	0.0531827049	2759
0.0632727555	0.0608694952	2760
0.079859746	0.0683634673	2761
0.0982224803	0.0755670241	2762
0.11827548	0.0823859177	2763
0.139921188	0.0887273496	2764
0.163049674	0.0945023442	2765
0.187538461	0.0996324926	2766
0.213254983	0.104046886	2767
0.240057243	0.107689493	2768
0.267796498	0.110517109	2769
0.296319357	0.112498629	2770
0.325469525	0.113621609	2771
0.355090413	0.113885705	2772
0.385026789	0.113301021	2773
0.415128715	0.111936074	2774
0.445263034	0.109999472	2775
0.475301318	0.10757741	2776
0.505118552	0.104709544	2777
0.534596448	0.101444087	2778
0.563623677	0.0978304968	2779
0.592096182	0.0939174352	2780
0.619917585	0.0897528999	2781
0.64699964	0.0853847024	2782
0.673262715	0.0808612337	2783
0.698635181	0.0762265939	2784
0.72305432	0.0715248199	2785
0.746465917	0.0667972476	2786
0.768824253	0.0620822555	2787
0.79009236	0.0574167656	2788
0.810241675	0.0528348618	2789
0.829251838	0.0483676066	2790
0.847110287	0.0440422046	2791
0.863812321	0.0398833161	2792
0.879360718	0.0359127014	2793
0.893765127	0.0321481401	2794
0.907041935	0.0286043967	2795
0.919213823	0.0252931147	2796
0.930309068	0.0222219795	2797
0.940361294	0.0193954785	2798
0.949409228	0.0168157306	2799
0.957495797	0.0144813652	2800
0.9646674	0.0123869944	2801
0.970974478	0.0105265307	2802
0.976471327	0.00889416501	2803
0.981213176	0.00747744257	2804
0.985255326	0.00625664354	2805
0.988656828	0.00521720195	2806
0.991481938	0.0043546186	2807
0.993794131	0.00365717574	2808
0.995650436	0.00308965811	2809
0.997091104	0.00257037059	2810
0.998165939	0.00207200581	2811
0.998937805	0.00161343769	2812
0.999486037	0.00121121728	2813
0.999845324	0.000846651509	2814
1.00005077	0.000495591445	2815
1.00018775	0.000141614264	2816
1.00015833	-0.00026425651	2817
0.999985851	-0.000649167068	2818
0.999586286	-0.000997291386	2819
0.998948416	-0.0013108663	2820
0.998070221	-0.00159750239	2821
0.996867374	-0.0018266902	2822
0.995285053	-0.00196732865	2823
0.993264801	-0.00204616783	2824
0.990741892	-0.00214324196	2825
0.987646854	-0.00227810095	2826
0.983910409	-0.00244563558	2827
0.979464875	-0.00263516473	2828
0.974245721	-0.00285183114	2829
0.968191123	-0.00310729879	2830
0.961241461	-0.00340442238	2831
0.953340358	-0.00374191278	2832
0.944435851	-0.00412286544	2833
0.93448073	-0.00455207745	2834
0.92343287	-0.00503249178	2835
0.911255904	-0.00556670925	2836
0.89791983	-0.00615811534	2837
0.88340147	-0.00681039412	2838
0.86768493	-0.00752737347	2839
0.85076203	-0.00831284836	2840
0.832632694	-0.00917051371	2841
0.813305289	-0.0101040055	2842
0.792796915	-0.0111168254	2843
0.771133636	-0.0122122296	2844
0.748350636	-0.0133929541	2845
0.724492256	-0.0146597658	2846
0.699612029	-0.0160115718	2847
0.673772728	-0.0174469122	2848
0.64704609	-0.0189612596	2849
0.619512488	-0.020544637	2850
0.591260969	-0.0221874311	2851
0.562388503	-0.0238738118	2852
0.532999719	-0.0255850788	2853
0.503206125	-0.0272954385	2854
0.473125886	-0.02897877	2855
0.442882842	-0.0306043835	2856
0.412605259	-0.0321240751	2857
0.382429355	-0.0335667707	2858
0.352498105	-0.035046801	2859
0.322949832	-0.0365510464	2860
0.293920935	-0.0380158702	2861
0.265547374	-0.0393825349	2862
0.237963118	-0.0405879912	2863
0.211299266	-0.0415691707	2864
0.18568303	-0.0422623349	2865
0.161236912	-0.0426060601	2866
0.138077933	-0.042542228	2867
0.11631709	-0.0420149469	2868
0.0960592265	-0.0409722363	2869
0.0774039545	-0.0393617245	2870
0.0604478295	-0.0371339206	2871
0.0452896452	-0.03423632	2872
0.0320409241	-0.0306158539	2873
0.0208482144	-0.0262180785	2874
0.0119200307	-0.0210326711	2875
0.0055192705	-0.0152121232	2876
0.00175078328	-0.00927662411	2877
0.000151934403	-0.00402870521	2878
-0.000189916449	-9.44048337e-06	2879
0.000127263723	0.00400873396	2880
0.00146718391	0.00926834342	2881
0.00436501336	0.0155475924	2882
0.00915729621	0.0225354383	2883
0.0159735888	0.0299614754	2884
0.0248286191	0.0376342934	2885
0.0356932985	0.0454174043	2886
0.0485225906	0.053201937	2887
0.0632625757	0.0608894598	2888
0.0798507442	0.0683839991	2889
0.0982145523	0.0755880031	2890
0.118268544	0.0824072545	2891
0.139915181	0.0887489753	2892
0.163044545	0.0945242037	2893
0.187534167	0.0996545402	2894
0.213251488	0.104069083	2895
0.240054514	0.107711805	2896
0.267794503	0.110539506	2897
0.296318063	0.112521086	2898
0.325468897	0.113644102	2899
0.35509041	0.113908213	2900
0.385027359	0.113323528	2901
0.41512979	0.11195857	2902
0.445264546	0.110021948	2903
0.475303219	0.107599862	2904
0.505120806	0.104731968	2905
0.534599027	0.10146648	2906
0.563626558	0.097852858	2907
0.592099344	0.0939397622	2908
0.619921012	0.0897751913	2909
0.647003316	0.0854069573	2910
0.673266624	0.0808834514	2911
0.698639311	0.0762487742	2912
0.723058658	0.0715469624	2913
0.746470451	0.0668193524	2914
0.768828973	0.0621043228	2915
0.790097255	0.0574387957	2916
0.810246734	0.0528568554	2917
0.829257053	0.0483895644	2918
0.847115647	0.0440641274	2919
0.863817817	0.0399052051	2920
0.879366341	0.0359345576	2921
0.893770868	0.0321699647	2922
0.907047786	0.0286261914	2923
0.919219774	0.0253148809	2924
0.930315111	0.0222437187	2925
0.940367422	0.0194171924	2926
0.949415433	0.0168374207	2927
0.957502074	0.0145030328	2928
0.964673743	0.0124086406	2929
0.970980884	0.010548156	2930
0.976477799	0.00891576819	2931
0.981219732	0.00749901855	2932
0.985261994	0.00627818284	2933
0.988663655	0.00523868882	2934
0.991489023	0.00437601986	2935
0.993801686	0.00367841341	2936
0.995658856	0.00311056603	2937
0.997100894	0.00259067169	2938
0.99817754	0.00209132799	2939
0.998951527	0.00163131519	2940
0.999502184	0.00122693861	2941
0.999864122	0.000859081219	2942
1.00007193	0.000503341864	2943
1.00021298	0.000143338687	2944
1.00018287	-0.00027038143	2945
1.00000719	-0.00066274295	2946
0.999603034	-0.00101624998	2947
0.998960732	-0.00133296755	2948
0.998078839	-0.00162129554	2949
0.996873096	-0.00185134532	2950
0.995288737	-0.0019923744	2951
0.993267267	-0.0020713679	2952
0.990743718	-0.00216850166	2953
0.987648345	-0.00230338782	2954
0.983911711	-0.00247093802	2955
0.979466066	-0.00266047762	2956
0.974246855	-0.00287715152	2957
0.968192231	-0.00313262495	2958
0.961242558	-0.00342975341	2959
0.953341452	-0.00376724808	2960
0.944436946	-0.00414820446	2961
0.934481832	-0.00457741969	2962
0.923433981	-0.00505783677	2963
0.911257027	-0.00559205653	2964
0.897920966	-0.00618346443	2965
0.883402623	-0.0068357445	2966
0.867686102	-0.00755272462	2967
0.850763224	-0.00833819975	2968
0.832633911	-0.00919586479	2969
0.813306531	-0.0101293558	2970
0.792798185	-0.0111421742	2971
0.771134935	-0.0122375764	2972
0.748351965	-0.0134182985	2973
0.724493613	-0.0146851073	2974
0.699613414	-0.01603691	2975
0.673774138	-0.0174722467	2976
0.64704752	-0.0189865902	2977
0.619513933	-0.0205699635	2978
0.59126242	-0.0222127535	2979
0.56238995	-0.0238991303	2980
0.533001152	-0.0256103934	2981
0.503207531	-0.0273207495	2982
0.473127254	-0.0290040774	2983
0.442884164	-0.0306296872	2984
0.412606537	-0.0321493743	2985
0.382430606	-0.0335920642	2986
0.352499335	-0.0350720877	2987
0.322951028	-0.0365763266	2988
0.293922063	-0.0380411448	2989
0.265548386	-0.039407805	2990
0.237963957	-0.0406132578	2991
0.21129986	-0.0415944338	2992
0.185683294	-0.0422875925	2993
0.161236744	-0.0426313071	2994
0.138077205	-0.0425674531	2995
0.116315643	-0.0420401285	2996
0.0960568541	-0.0409973348	2997
0.0774003882	-0.0393866681	2998
0.0604427154	-0.0371585798	2999
0.0452825232	-0.0342604622	3000
0.0320312251	-0.0306390669	3001
0.020835325	-0.026239669	3002
0.0119034976	-0.0210516013	3003
0.00549914511	-0.0152271612	3004
0.00172784229	-0.00928684344	3005
0.000127381035	-0.00403394896	3006
-0.000215010307	-1.00747402e-05	3007
0.000102423289	0.00401232566	3008
0.00144326677	0.00927595065	3009
0.0043426209	0.0155589297	3010
0.00913682893	0.0225499709	3011
0.0159551855	0.0299785534	3012
0.0248122175	0.0376533101	3013
0.0356787348	0.0454378719	3014
0.0485096755	0.0532234925	3015
0.0632511333	0.0609118423	3016
0.0798406277	0.0684070218	3017
0.098205644	0.0756115304	3018
0.118260752	0.0824311855	3019
0.139908432	0.0887732321	3020
0.163038782	0.094548724	3021
0.187529343	0.0996792725	3022
0.213247561	0.104093984	3023
0.240051447	0.107736836	3024
0.267792259	0.110564634	3025
0.296316606	0.11254628	3026
0.325468186	0.113669336	3027
0.355090401	0.113933466	3028
0.385027991	0.113348781	3029
0.415130988	0.111983809	3030
0.445266236	0.110047166	3031
0.475305347	0.107625053	3032
0.50512333	0.104757128	3033
0.534601917	0.101491607	3034
0.563629787	0.0978779482	3035
0.59210289	0.0939648142	3036
0.619924855	0.0898002035	3037
0.647007438	0.0854319288	3038
0.673271009	0.0809083814	3039
0.698643943	0.0762736621	3040
0.723063524	0.0715718081	3041
0.746475538	0.0668441559	3042
0.768834268	0.0621290842	3043
0.790102746	0.0574635156	3044
0.81025241	0.0528815343	3045
0.829262903	0.0484142031	3046
0.84712166	0.0440887269	3047
0.863823983	0.0399297664	3048
0.879372649	0.0359590822	3049
0.893777309	0.032194454	3050
0.907054349	0.0286506469	3051
0.91922645	0.0253393043	3052
0.930321891	0.0222681118	3053
0.940374298	0.0194415569	3054
0.949422395	0.0168617584	3055
0.957509116	0.014527345	3056
0.964680861	0.0124329284	3057
0.970988074	0.0105724199	3058
0.976485066	0.00894000654	3059
0.981227094	0.00752322518	3060
0.985269488	0.00630234647	3061
0.988671337	0.00526279073	3062
0.991497005	0.00440002129	3063
0.993810211	0.00370222541	3064
0.995668362	0.00313400147	3065
0.997111943	0.00261341845	3066
0.998190619	0.00211297029	3067
0.998966985	0.00165132622	3068
0.99952036	0.00124451677	3069
0.999885266	0.000872949928	3070
1.00009571	0.00051195229	3071
1.0002413	0.000145210981	3072
1.0002104	-0.000277259115	3073
1.00003118	-0.000677917216	3074
0.999621913	-0.0010374456	3075
0.998974674	-0.00135769726	3076
0.998088621	-0.00164795108	3077
0.996879624	-0.00187898428	3078
0.995292967	-0.00202046313	3079
0.993270108	-0.00209963684	3080
0.990745819	-0.00219684137	3081
0.987650052	-0.00233176007	3082
0.983913194	-0.00249932893	3083
0.979467417	-0.00268888097	3084
0.974248136	-0.00290556379	3085
0.968193478	-0.00316104411	3086
0.961243791	-0.00345817835	3087
0.95334268	-0.00379567806	3088
0.944438176	-0.00417663884	3089
0.934483068	-0.00460585787	3090
0.923435228	-0.00508627821	3091
0.911258287	-0.00562050069	3092
0.897922242	-0.00621191073	3093
0.883403917	-0.00686419236	3094
0.867687417	-0.00758117343	3095
0.850764563	-0.00836664889	3096
0.832635277	-0.00922431363	3097
0.813307926	-0.0101578037	3098
0.79279961	-0.0111706205	3099
0.771136392	-0.0122660205	3100
0.748353455	-0.0134467398	3101
0.724495136	-0.0147135453	3102
0.699614968	-0.0160653441	3103
0.673775719	-0.0175006766	3104
0.647049124	-0.0190150156	3105
0.619515552	-0.0205983843	3106
0.591264047	-0.0222411695	3107
0.562391573	-0.0239275416	3108
0.533002759	-0.0256388002	3109
0.503209108	-0.0273491519	3110
0.473128788	-0.0290324755	3111
0.442885647	-0.0306580808	3112
0.412607972	-0.0321777626	3113
0.382432008	-0.0336204457	3114
0.352500713	-0.0351004613	3115
0.322952365	-0.0366046925	3116
0.293923322	-0.0380695039	3117
0.265549514	-0.0394361587	3118
0.237964888	-0.040641607	3119
0.211300514	-0.0416227785	3120
0.185683576	-0.0423159305	3121
0.161236536	-0.0426596322	3122
0.138076365	-0.0425957525	3123
0.11631399	-0.0420683775	3124
0.0960541558	-0.0410254881	3125
0.0773963414	-0.0394146439	3126
0.0604369221	-0.0371862308	3127
0.0452744677	-0.0342875245	3128
0.0320202728	-0.0306650755	3129
0.0208207969	-0.0262638456	3130
0.0118848985	-0.021072788	3131
0.00547654295	-0.0152439913	3132
0.00170210423	-0.00929829223	3133
9.98425932e-05	-0.00403983832	3134
-0.000243155931	-1.08036353e-05	3135
7.45586942e-05	0.0040163339	3136
0.00141643209	0.00928445585	3137
0.00431748656	0.0155716094	3138
0.0091138433	0.0225662303	3139
0.0159345077	0.02999767	3140
0.0247937827	0.0376746076	3141
0.0356623635	0.0454608042	3142
0.0484951572	0.0532476521	3143
0.0632382721	0.0609369353	3144
0.0798292583	0.0684328375	3145
0.098195634	0.0756379157	3146
0.118251997	0.082458026	3147
0.139900851	0.0888004399	3148
0.163032309	0.094576229	3149
0.187523924	0.0997070165	3150
0.21324315	0.104121917	3151
0.240048	0.107764916	3152
0.267789736	0.110592823	3153
0.296314965	0.112574545	3154
0.325467383	0.113697647	3155
0.355090383	0.113961798	3156
0.385028693	0.113377114	3157
0.415132325	0.112012127	3158
0.445268126	0.110075461	3159
0.475307728	0.107653318	3160
0.505126159	0.104785359	3161
0.534605155	0.1015198	3162
0.563633407	0.0979061005	3163
0.592106867	0.0939929238	3164
0.619929165	0.0898282688	3165
0.647012061	0.0854599484	3166
0.673275927	0.0809363545	3167
0.698649139	0.0763015882	3168
0.723068983	0.071599687	3169
0.746481244	0.0668719875	3170
0.768840208	0.0621568687	3171
0.790108907	0.0574912535	3172
0.810258778	0.0529092263	3173
0.829269466	0.0484418501	3174
0.847128406	0.0441163298	3175
0.8638309	0.0399573266	3176
0.879379727	0.035986601	3177
0.893784535	0.0322219331	3178
0.907061713	0.0286780881	3179
0.919233941	0.0253667095	3180
0.930329498	0.0222954829	3181
0.940382011	0.0194688958	3182
0.949430207	0.0168890669	3183
0.957517018	0.0145546248	3184
0.964688848	0.0124601805	3185
0.970996144	0.0105996445	3186
0.976493225	0.00896720147	3187
0.981235365	0.00755038324	3188
0.985277911	0.00632945427	3189
0.988679981	0.00528982608	3190
0.991505999	0.00442693918	3191
0.993819827	0.00372892445	3192
0.995679089	0.00316027103	3193
0.997124411	0.0026389059	3194
0.998205358	0.00213721341	3195
0.998984395	0.0016737279	3196
0.999540818	0.00126417356	3197
0.999909046	0.000888424381	3198
1.00012242	0.000521523493	3199
1.00027307	0.000147226901	3200
1.00024129	-0.00028498816	3201
1.00005812	-0.000694885279	3202
0.999643184	-0.00106114819	3203
0.998990433	-0.00138537939	3204
0.998099728	-0.0016778119	3205
0.996887066	-0.00190996896	3206
0.995297816	-0.00205196479	3207
0.993273378	-0.00213134841	3208
0.990748234	-0.00222863661	3209
0.987652005	-0.00236359415	3210
0.983914881	-0.00253118526	3211
0.979468947	-0.00272075209	3212
0.974249581	-0.00293744551	3213
0.968194883	-0.003192934	3214
0.961245177	-0.00349007509	3215
0.953344059	-0.00382758075	3216
0.944439557	-0.0042085467	3217
0.934484457	-0.00463777023	3218
0.923436628	-0.00511819442	3219
0.9112597	-0.0056524201	3220
0.897923673	-0.00624383268	3221
0.883405369	-0.00689611617	3222
0.867688893	-0.00761309841	3223
0.850766066	-0.00839857431	3224
0.832636809	-0.00925623876	3225
0.813309491	-0.0101897278	3226
0.79280121	-0.0112025428	3227
0.771138028	-0.0122979404	3228
0.748355128	-0.0134786565	3229
0.724496845	-0.0147454582	3230
0.699616711	-0.0160972526	3231
0.673777493	-0.0175325802	3232
0.647050923	-0.019046914	3233
0.619517369	-0.0206302772	3234
0.591265871	-0.0222730569	3235
0.562393393	-0.0239594235	3236
0.53300456	-0.0256706767	3237
0.503210876	-0.0273810232	3238
0.473130509	-0.0290643416	3239
0.44288731	-0.0306899415	3240
0.412609581	-0.032209617	3241
0.38243358	-0.0336522921	3242
0.352502257	-0.0351322985	3243
0.322953861	-0.0366365206	3244
0.293924727	-0.0381013241	3245
0.26555077	-0.0394679723	3246
0.237965921	-0.040673415	3247
0.211301234	-0.0416545808	3248
0.185683874	-0.0423477245	3249
0.161236282	-0.0426914108	3250
0.138075396	-0.0426275009	3251
0.116312102	-0.0421000674	3252
0.0960510872	-0.0410570678	3253
0.0773917501	-0.0394460202	3254
0.0604303604	-0.0372172364	3255
0.0452653577	-0.0343178603	3256
0.0320079073	-0.0306942168	3257
0.0208044239	-0.0262909188	3258
0.0118639771	-0.0210965013	3259
0.0054511603	-0.0152628284	3260
0.0016732283	-0.00931111884	3261
6.89561018e-05	-0.00404645246	3262
-0.000274724477	-1.1639678e-05	3263
4.33019084e-05	0.00402080773	3264
0.00138632434	0.009293966	3265
0.00428927536	0.0155857919	3266
0.00908803047	0.0225844229	3267
0.0159112753	0.0300190694	3268
0.0247730635	0.0376984597	3269
0.0356439605	0.0454864982	3270
0.0484788372	0.0532747305	3271
0.063223816	0.0609650671	3272
0.0798164808	0.068461785	3273
0.098184386	0.0756675058	3274
0.118242161	0.0824881297	3275
0.139892334	0.0888309579	3276
0.163025038	0.0946070818	3277
0.187517837	0.0997381388	3278
0.213238193	0.104153253	3279
0.240044126	0.107796418	3280
0.267786899	0.110624448	3281
0.296313118	0.112606255	3282
0.325466474	0.11372941	3283
0.355090355	0.113993585	3284
0.385029471	0.113408901	3285
0.415133817	0.112043899	3286
0.44527024	0.110107207	3287
0.475310394	0.107685032	3288
0.505129327	0.104817034	3289
0.534608785	0.101551433	3290
0.563637466	0.0979376887	3291
0.592111325	0.0940244642	3292
0.619933998	0.0898597596	3293
0.647017246	0.0854913882	3294
0.673281443	0.0809677424	3295
0.698654968	0.0763329235	3296
0.723075106	0.0716309693	3297
0.746487645	0.0669032168	3298
0.768846871	0.0621880454	3299
0.790115817	0.0575223779	3300
0.810265922	0.0529402992	3301
0.829276828	0.0484728725	3302
0.847135975	0.0441473028	3303
0.863838661	0.0399882516	3304
0.879387667	0.0360174797	3305
0.893792642	0.0322527672	3306
0.907069974	0.0287088796	3307
0.919242344	0.0253974604	3308
0.930338033	0.0223261954	3309
0.940390665	0.0194995721	3310
0.949438971	0.016919709	3311
0.957525884	0.0145852343	3312
0.96469781	0.0124907585	3313
0.971005201	0.0106301911	3314
0.976502384	0.00899771373	3315
0.981244653	0.00758085267	3316
0.985287378	0.0063598651	3317
0.988689704	0.00532015221	3318
0.991516129	0.00445712843	3319
0.993830671	0.00375886149	3320
0.995691193	0.00318971841	3321
0.99713847	0.00266746893	3322
0.998221965	0.00216437245	3323
0.999003997	0.00169880877	3324
0.999563844	0.00128615272	3325
0.999935784	0.000905698006	3326
1.00015242	0.000532163329	3327
1.00030872	0.000149398661	3328
1.00027594	-0.000293681015	3329
1.00008839	-0.000713867326	3330
0.999667143	-0.00108766101	3331
0.999008235	-0.00141637078	3332
0.998112324	-0.00171126674	3333
0.996895542	-0.00194470502	3334
0.995303367	-0.00208729442	3335
0.993277134	-0.00216692196	3336
0.990751006	-0.00226430875	3337
0.987654238	-0.00239931244	3338
0.9839168	-0.00256693	3339
0.979470681	-0.00275651438	3340
0.974251214	-0.00297322033	3341
0.968196466	-0.00322871849	3342
0.961246736	-0.00352586766	3343
0.953345609	-0.00386338033	3344
0.944441107	-0.00424435238	3345
0.934486014	-0.00467358118	3346
0.923438198	-0.00515400989	3347
0.911261287	-0.00568823935	3348
0.897925279	-0.00627965495	3349
0.883406998	-0.00693194066	3350
0.867690549	-0.00764892431	3351
0.850767752	-0.00843440078	3352
0.832638529	-0.00929206495	3353
0.813311246	-0.0102255528	3354
0.792803004	-0.0112383659	3355
0.771139863	-0.0123337606	3356
0.748357004	-0.0135144731	3357
0.724498762	-0.0147812704	3358
0.699618666	-0.0161330598	3359
0.673779483	-0.0175683819	3360
0.647052941	-0.0190827096	3361
0.619519407	-0.0206660666	3362
0.591267917	-0.0223088399	3363
0.562395434	-0.0239952	3364
0.53300658	-0.0257064469	3365
0.503212858	-0.0274167872	3366
0.473132438	-0.0291000994	3367
0.442889176	-0.0307256928	3368
0.412611386	-0.0322453607	3369
0.382435343	-0.0336880264	3370
0.352503985	-0.0351680221	3371
0.322955533	-0.0366722337	3372
0.293926296	-0.0381370277	3373
0.265552169	-0.0395036679	3374
0.237967067	-0.0407091038	3375
0.211302026	-0.0416902624	3376
0.18568419	-0.0423833959	3377
0.161235973	-0.0427270639	3378
0.138074279	-0.0426631186	3379
0.116309947	-0.0421356174	3380
0.0960475981	-0.0410924911	3381
0.0773865418	-0.0394812106	3382
0.0604229296	-0.0372520036	3383
0.045255057	-0.0343518656	3384
0.0319939483	-0.0307268684	3385
0.0207859743	-0.0263212366	3386
0.0118404458	-0.0211230439	3387
0.00542265629	-0.0152839131	3388
0.0016408322	-0.00932548967	3389
3.43144592e-05	-0.00405388029	3390
-0.000310132229	-1.25974252e-05	3391
8.24011953e-06	0.00402580203	3392
0.00135254472	0.00930460089	3393
0.00425761141	0.0156016564	3394
0.00905904379	0.0226047797	3395
0.0158851739	0.0300430251	3396
0.0247497776	0.0377251736	3397
0.0356232743	0.0455152869	3398
0.0484604921	0.0533050803	3399
0.0632075674	0.0609966056	3400
0.0798021208	0.068494244	3401
0.0981717467	0.0757006899	3402
0.118231109	0.0825218932	3403
0.139882766	0.0888651885	3404
0.163016869	0.09464169	3405
0.187510997	0.0997730507	3406
0.213232624	0.104188406	3407
0.240039772	0.107831758	3408
0.267783708	0.110659926	3409
0.296311037	0.11264183	3410
0.325465447	0.113765045	3411
0.355090314	0.114029248	3412
0.385030335	0.113444566	3413
0.415135482	0.112079547	3414
0.445272603	0.110142827	3415
0.475313379	0.107720615	3416
0.505132876	0.104852575	3417
0.534612854	0.101586927	3418
0.563642015	0.0979731319	3419
0.592116324	0.0940598542	3420
0.619939417	0.0898950941	3421
0.647023061	0.0855266658	3422
0.67328763	0.0810029618	3423
0.698661505	0.0763680841	3424
0.723081974	0.0716660707	3425
0.746494826	0.0669382589	3426
0.768854346	0.0622230283	3427
0.79012357	0.0575573023	3428
0.810273936	0.0529751659	3429
0.829285088	0.0485076825	3430
0.847144466	0.0441820574	3431
0.863847368	0.0400229524	3432
0.879396575	0.0360521284	3433
0.893801737	0.0322873658	3434
0.907079243	0.0287434303	3435
0.919251772	0.0254319656	3436
0.930347607	0.0223606573	3437
0.940400375	0.0195339932	3438
0.949448804	0.0169540915	3439
0.957535832	0.01461958	3440
0.964707867	0.0125250684	3441
0.971015365	0.010664465	3442
0.976512667	0.00903194811	3443
0.981255086	0.00761503741	3444
0.985298017	0.00639398172	3445
0.988700642	0.00535417013	3446
0.991527537	0.00449098738	3447
0.993842896	0.0037924304	3448
0.99570485	0.00322272727	3449
0.997154317	0.00269948121	3450
0.998240669	0.00219480118	3451
0.999026065	0.00172689262	3452
0.999589759	0.00131072992	3453
0.999965848	0.000924981039	3454
1.00018612	0.000543988848	3455
1.00034873	0.000151728882	3456
1.00031481	-0.000303470712	3457
1.00012239	-0.000735111465	3458
0.999694118	-0.00111732465	3459
0.999028335	-0.00145107202	3460
0.998126592	-0.00174875353	3461
0.996905198	-0.00198364484	3462
0.995309715	-0.00212691774	3463
0.993281444	-0.00220682802	3464
0.990754184	-0.00230433059	3465
0.987656789	-0.00243938891	3466
0.983918983	-0.00260703781	3467
0.979472644	-0.0027966429	3468
0.974253056	-0.00301336365	3469
0.968198247	-0.00326887323	3470
0.961248488	-0.00356603191	3471
0.953347349	-0.00390355281	3472
0.944442847	-0.00428453202	3473
0.934487763	-0.00471376701	3474
0.92343996	-0.00519420104	3475
0.911263067	-0.00572843495	3476
0.897927081	-0.0063198541	3477
0.883408826	-0.00697214245	3478
0.867692408	-0.00768912778	3479
0.850769644	-0.00847460498	3480
0.832640459	-0.0093322689	3481
0.813313217	-0.0102657555	3482
0.792805018	-0.0112785664	3483
0.771141922	-0.0123739579	3484
0.748359109	-0.0135546662	3485
0.724500912	-0.0148214586	3486
0.69962086	-0.0161732422	3487
0.673781715	-0.0176085579	3488
0.647055205	-0.0191228787	3489
0.619521691	-0.0207062284	3490
0.591270211	-0.0223489942	3491
0.562397722	-0.0240353468	3492
0.533008845	-0.0257465862	3493
0.503215081	-0.0274569192	3494
0.473134603	-0.029140224	3495
0.442891269	-0.0307658096	3496
0.412613411	-0.0322854686	3497
0.382437319	-0.0337281233	3498
0.352505921	-0.0352081066	3499
0.322957403	-0.0367123058	3500
0.293928047	-0.0381770887	3501
0.265553728	-0.0395437194	3502
0.237968338	-0.0407491468	3503
0.211302896	-0.0417302966	3504
0.185684522	-0.0424234177	3505
0.161235599	-0.0427670638	3506
0.138072992	-0.0427030771	3507
0.116307487	-0.0421754976	3508
0.0960436315	-0.0411322256	3509
0.0773806344	-0.0395206784	3510
0.0604145158	-0.0372909887	3511
0.0452434118	-0.0343899844	3512
0.0319781929	-0.0307634536	3513
0.0207651871	-0.0263551887	3514
0.0118139811	-0.0211527547	3515
0.00539064832	-0.0153075149	3516
0.00160448711	-0.00934159128	3517
-4.53892178e-06	-0.00406222171	3518
-0.000349846099	-1.36934001e-05	3519
-3.10897139e-05	0.00403137819	3520
0.00131464584	0.00931649469	3521
0.00422207299	0.0156194038	3522
0.00902649418	0.0226275594	3523
0.0158558504	0.0300698433	3524
0.0247236083	0.037755093	3525
0.0356000225	0.045547543	3526
0.0484398709	0.0533390969	3527
0.063189304	0.0610319633	3528
0.0797859822	0.0685306405	3529
0.0981575437	0.0757379046	3530
0.118218692	0.0825597614	3531
0.139872016	0.0889035834	3532
0.163007691	0.0946805106	3533
0.187503314	0.0998122137	3534
0.213226366	0.104227841	3535
0.240034879	0.107871403	3536
0.26778012	0.110699728	3537
0.296308695	0.112681742	3538
0.325464285	0.113805024	3539
0.355090258	0.114069259	3540
0.385031294	0.113484581	3541
0.415137339	0.112119544	3542
0.445275245	0.110182792	3543
0.47531672	0.107760539	3544
0.505136852	0.104892452	3545
0.534617413	0.101626752	3546
0.563647115	0.0980129008	3547
0.592121929	0.0940995636	3548
0.619945495	0.0899347416	3549
0.647029582	0.0855662495	3550
0.673294569	0.0810424806	3551
0.698668838	0.0764075369	3552
0.723089678	0.0717054572	3553
0.746502881	0.066977579	3554
0.768862732	0.0622622823	3555
0.790132267	0.0575964907	3556
0.810282927	0.0530142895	3557
0.829294355	0.0485467425	3558
0.847153991	0.0442210554	3559
0.863857136	0.0400618899	3560
0.879406569	0.0360910074	3561
0.893811941	0.0323261886	3562
0.907089641	0.0287821993	3563
0.919262349	0.0254706834	3564
0.930358349	0.0223993265	3565
0.940411267	0.0195726164	3566
0.949459835	0.0169926712	3567
0.957546993	0.014658118	3568
0.964719152	0.0125635657	3569
0.971026773	0.0107029212	3570
0.976524211	0.00907035887	3571
0.981266802	0.00765339078	3572
0.985309972	0.00643225612	3573
0.988712942	0.00539232991	3574
0.991540381	0.00452896311	3575
0.993856673	0.00383007331	3576
0.995720245	0.00325973387	3577
0.997172171	0.00273536225	3578
0.998261729	0.00222889679	3579
0.999050901	0.00175834194	3580
0.999618915	0.00133822265	3581
0.999999649	0.000946507823	3582
1.00022398	0.000557128889	3583
1.00039363	0.000154217038	3584
1.00035841	-0.000314503913	3585
1.00016056	-0.00075889725	3586
0.999724479	-0.00115052166	3587
0.999051017	-0.00148993274	3588
0.998142742	-0.00179076153	3589
0.996916173	-0.00202730255	3590
0.995316971	-0.00217135604	3591
0.993286381	-0.00225159455	3592
0.990757823	-0.00234923265	3593
0.9876597	-0.0024843554	3594
0.983921463	-0.00265204128	3595
0.979474866	-0.00284167078	3596
0.974255134	-0.00305840895	3597
0.968200253	-0.00331393195	3598
0.961250458	-0.0036111018	3599
0.953349303	-0.00394863236	3600
0.9444448	-0.00432961994	3601
0.934489724	-0.00475886219	3602
0.923441937	-0.00523930245	3603
0.911265064	-0.00577354157	3604
0.897929103	-0.00636496491	3605
0.883410878	-0.00701725637	3606
0.867694493	-0.00773424374	3607
0.850771768	-0.00851972185	3608
0.832642624	-0.00937738556	3609
0.813315428	-0.0103108708	3610
0.792807278	-0.0113236792	3611
0.771144233	-0.0124190671	3612
0.748361472	-0.0135997707	3613
0.724503325	-0.0148665574	3614
0.699623321	-0.0162183344	3615
0.673784219	-0.0176536427	3616
0.647057743	-0.0191679555	3617
0.619524254	-0.0207512968	3618
0.591272783	-0.0223940539	3619
0.562400287	-0.0240803978	3620
0.533011384	-0.0257916285	3621
0.503217574	-0.0275019528	3622
0.47313703	-0.0291852488	3623
0.442893617	-0.0308108253	3624
0.412615682	-0.0323304736	3625
0.382439533	-0.0337731155	3626
0.352508088	-0.0352530843	3627
0.322959494	-0.036757269	3628
0.293930002	-0.0382220389	3629
0.265555463	-0.0395886581	3630
0.237969749	-0.0407940754	3631
0.211303853	-0.0417752143	3632
0.185684869	-0.0424683203	3633
0.161235149	-0.0428119404	3634
0.13807151	-0.0427479054	3635
0.11630468	-0.0422202353	3636
0.0960391228	-0.0411767959	3637
0.0773739352	-0.0395649435	3638
0.0604049905	-0.0373347032	3639
0.0452302485	-0.0344327142	3640
0.0319604124	-0.0308044466	3641
0.0207417691	-0.0263932115	3642
0.0117842199	-0.0211860134	3643
0.00535470704	-0.0153339358	3644
0.00156371207	-0.00935963295	3645
-4.81161208e-05	-0.00407158899	3646
-0.000394389783	-1.49463753e-05	3647
-7.52069753e-05	0.00403760488	3648
0.00127212583	0.00932979763	3649
0.0041821869	0.0156392591	3650
0.00898994493	0.0226530518	3651
0.0158229082	0.0300998672	3652
0.0246941995	0.0377886033	3653
0.0355738875	0.0455836846	3654
0.0484166918	0.0533772231	3655
0.0631687763	0.0610716026	3656
0.0797678446	0.068571452	3657
0.0981415835	0.0757796393	3658
0.11820474	0.0826022332	3659
0.139859939	0.0889466492	3660
0.162997381	0.0947240562	3661
0.187494682	0.0998561453	3662
0.213219335	0.104272079	3663
0.240029379	0.107915878	3664
0.267776085	0.110744381	3665
0.296306056	0.112726518	3666
0.32546297	0.113849878	3667
0.355090185	0.114114149	3668
0.385032358	0.113529475	3669
0.415139412	0.112164419	3670
0.4452782	0.110227632	3671
0.47532046	0.107805335	3672
0.505141305	0.104937196	3673
0.534622522	0.101671437	3674
0.563652833	0.0980575232	3675
0.592128213	0.0941441195	3676
0.619952311	0.0899792284	3677
0.647036897	0.0856106651	3678
0.673302353	0.0810868234	3679
0.698677064	0.0764518061	3680
0.723098321	0.0717496521	3681
0.746511916	0.0670216995	3682
0.768872139	0.0623063286	3683
0.790142024	0.0576404635	3684
0.810293013	0.0530581898	3685
0.829304751	0.0485905716	3686
0.847164677	0.0442648147	3687
0.863868094	0.0401055814	3688
0.87941778	0.0361346333	3689
0.893823388	0.0323697514	3690
0.907101306	0.0288257016	3691
0.919274215	0.0255141281	3692
0.9303704	0.0224427166	3693
0.940423488	0.0196159548	3694
0.949472212	0.0170359605	3695
0.957559516	0.0147013602	3696
0.964731814	0.0126067618	3697
0.971039575	0.0107460704	3698
0.976537168	0.0091134558	3699
0.981279958	0.00769642155	3700
0.985323404	0.00647519563	3701
0.988726773	0.00543513673	3702
0.991554837	0.00457155745	3703
0.993872198	0.00387228423	3704
0.995737591	0.00330122522	3705
0.997192281	0.00277558315	3706
0.998285435	0.00226710523	3707
0.999078859	0.00179355637	3708
0.999651711	0.00136897982	3709
1.00003765	0.000970539317	3710
1.00026651	0.000571724947	3711
1.00044402	0.000156858644	3712
1.00040731	-0.000326948062	3713
1.00020343	-0.000785536445	3714
0.999758642	-0.00118768149	3715
0.999076601	-0.00153345751	3716
0.99816101	-0.00183783979	3717
0.996928632	-0.00207625189	3718
0.995325252	-0.00222119564	3719
0.993292028	-0.00230181396	3720
0.990761984	-0.00239961021	3721
0.987663018	-0.00253480868	3722
0.98392428	-0.00270253806	3723
0.97947738	-0.00289219622	3724
0.974257479	-0.00310895484	3725
0.96820251	-0.0033644936	3726
0.961252671	-0.00366167654	3727
0.953351497	-0.00399921839	3728
0.944446992	-0.00438021576	3729
0.934491925	-0.0048094665	3730
0.923444154	-0.00528991403	3731
0.911267305	-0.00582415926	3732
0.897931372	-0.00641558751	3733
0.88341318	-0.00706788266	3734
0.867696833	-0.00778487244	3735
0.850774151	-0.0085703517	3736
0.832645054	-0.00942801523	3737
0.813317909	-0.010361499	3738
0.792809813	-0.0113743046	3739
0.771146825	-0.0124696883	3740
0.748364122	-0.0136503866	3741
0.724506032	-0.0149171668	3742
0.699626081	-0.0162689363	3743
0.673787027	-0.017704236	3744
0.64706059	-0.0192185397	3745
0.619527127	-0.0208018712	3746
0.591275668	-0.0224446183	3747
0.562403164	-0.024130952	3748
0.533014232	-0.0258421725	3749
0.503220369	-0.0275524866	3750
0.473139751	-0.0292357723	3751
0.44289625	-0.0308613378	3752
0.412618228	-0.0323809736	3753
0.382442015	-0.0338236005	3754
0.352510514	-0.0353035524	3755
0.322961832	-0.0368077204	3756
0.293932184	-0.0382724749	3757
0.265557395	-0.0396390806	3758
0.237971312	-0.0408444855	3759
0.211304903	-0.0418256113	3760
0.185685231	-0.042518699	3761
0.161234608	-0.0428622884	3762
0.138069805	-0.0427981969	3763
0.116301478	-0.0422704221	3764
0.0960339986	-0.0412267904	3765
0.0773663389	-0.0396145889	3766
0.0603942082	-0.0373837209	3767
0.0452153712	-0.0344806129	3768
0.0319403491	-0.030850379	3769
0.0207153901	-0.0264357943	3770
0.011750754	-0.0212232454	3771
0.00531435065	-0.0153635143	3772
0.0015179676	-0.00937984948	3773
-9.69914429e-05	-0.00408210834	3774
-0.000444350662	-1.63777052e-05	3775
-0.000124694246	0.00404455892	3776
0.00122442173	0.00934467803	3777
0.00413742224	0.0156614743	3778
0.00894890595	0.0226815815	3779
0.0157859023	0.030133481	3780
0.0246611513	0.037826136	3781
0.0355445126	0.04562418	3782
0.0483906377	0.0534199558	3783
0.0631457035	0.061116042	3784
0.0797474603	0.0686172139	3785
0.0981236485	0.0758264428	3786
0.118189064	0.0826498681	3787
0.13984637	0.0889949539	3788
0.162985798	0.094772902	3789
0.187484983	0.0999054261	3790
0.213211435	0.104321705	3791
0.240023197	0.107965773	3792
0.267771547	0.110794475	3793
0.296303085	0.112776752	3794
0.325461484	0.113900199	3795
0.35509009	0.114164514	3796
0.385033538	0.113579845	3797
0.415141724	0.112214768	3798
0.445281503	0.110277943	3799
0.475324647	0.107855597	3800
0.505146294	0.104987399	3801
0.534628248	0.101721576	3802
0.563659242	0.0981075914	3803
0.59213526	0.0941941137	3804
0.619959954	0.0900291453	3805
0.6470451	0.0856605023	3806
0.673311083	0.0811365793	3807
0.69868629	0.0765014795	3808
0.723108015	0.0717992424	3809
0.746522053	0.0670712065	3810
0.768882692	0.0623557525	3811
0.79015297	0.0576898051	3812
0.810304328	0.05310745	3813
0.829316413	0.0486397518	3814
0.847176666	0.0443139167	3815
0.863880387	0.0401546073	3816
0.879430358	0.0361835856	3817
0.89383623	0.0324186328	3818
0.907114392	0.0288745152	3819
0.919287527	0.025562877	3820
0.930383919	0.022491404	3821
0.940437197	0.019664584	3822
0.949486097	0.0170845345	3823
0.957573565	0.0147498811	3824
0.964746021	0.0126552304	3825
0.97105394	0.0107944855	3826
0.97655171	0.00916181107	3827
0.981294728	0.00774470076	3828
0.985338492	0.00652336968	3829
0.988742321	0.00548315766	3830
0.991571102	0.00461933379	3831
0.993889681	0.00391962248	3832
0.995757127	0.00334774812	3833
0.99721492	0.0028206729	3834
0.99831211	0.00230992717	3835
0.999110311	0.00183300118	3836
0.999688601	0.00140339178	3837
1.00008038	0.000997365779	3838
1.00031429	0.000587932011	3839
1.00050056	0.000159644079	3840
1.00046216	-0.00034099491	3841
1.00025155	-0.00081538759	3842
0.99979707	-0.00122928615	3843
0.999105445	-0.00158221243	3844
0.998181659	-0.00189060442	3845
0.996942765	-0.00213113668	3846
0.995334683	-0.00227709549	3847
0.993298488	-0.00235814988	3848
0.990766734	-0.00245613129	3849
0.987666795	-0.00259141844	3850
0.983927475	-0.00275919882	3851
0.979480223	-0.00294889054	3852
0.974260122	-0.00316567309	3853
0.968205048	-0.00342123029	3854
0.961255157	-0.00371842853	3855
0.953353959	-0.00405598355	3856
0.944449451	-0.00443699234	3857
0.934494394	-0.00486625297	3858
0.923446642	-0.005346709	3859
0.911269818	-0.00588096137	3860
0.897933917	-0.00647239537	3861
0.883415762	-0.00712469484	3862
0.867699458	-0.00784168751	3863
0.850776824	-0.00862716816	3864
0.83264778	-0.00948483159	3865
0.813320693	-0.0104183137	3866
0.792812658	-0.0114311161	3867
0.771149734	-0.0125264952	3868
0.748367095	-0.0137071874	3869
0.724509069	-0.0149739602	3870
0.699629178	-0.016325721	3871
0.673790177	-0.0177610111	3872
0.647063783	-0.0192753042	3873
0.61953035	-0.0208586245	3874
0.591278903	-0.0225013599	3875
0.56240639	-0.0241876817	3876
0.533017424	-0.0258988902	3877
0.503223503	-0.0276091924	3878
0.473142803	-0.0292924659	3879
0.442899203	-0.0309180184	3880
0.412621084	-0.0324376396	3881
0.382444797	-0.033880249	3882
0.35251323	-0.0353601814	3883
0.322964446	-0.0368643299	3884
0.293934619	-0.0383290663	3885
0.265559546	-0.039695656	3886
0.237973045	-0.040901046	3887
0.211306055	-0.0418821558	3888
0.185685604	-0.0425752217	3889
0.161233963	-0.0429187747	3890
0.138067843	-0.0428546175	3891
0.116297825	-0.0423267218	3892
0.0960281757	-0.0412828692	3893
0.0773577267	-0.0396702685	3894
0.0603820048	-0.0374386851	3895
0.0451985592	-0.034534306	3896
0.031917713	-0.0309018463	3897
0.0206856791	-0.0264834849	3898
0.0117131252	-0.0212649269	3899
0.00526903857	-0.0153966299	3900
0.00146664867	-0.00940250439	3901
-0.000151808965	-0.00409392174	3902
-0.000500387552	-1.80117161e-05	3903
-0.000180204997	0.00405232621	3904
0.00117090204	0.00936132439	3905
0.00408718337	0.0156863314	3906
0.00890282717	0.0227135119	3907
0.0157443329	0.0301711153	3908
0.0246240147	0.0378681748	3909
0.0355114971	0.0456695541	3910
0.0483613527	0.0534678514	3911
0.0631197702	0.0611658626	3912
0.0797245509	0.0686685267	3913
0.098103494	0.0758789305	3914
0.118171449	0.0827032937	3915
0.139831124	0.0890491347	3916
0.162972784	0.0948276928	3917
0.187474087	0.0999607074	3918
0.213202557	0.104377376	3919
0.240016249	0.108021746	3920
0.267766443	0.110850674	3921
0.296299739	0.112833109	3922
0.325459803	0.113956656	3923
0.355089969	0.114221019	3924
0.385034848	0.113636358	3925
0.415144304	0.112271259	3926
0.445285197	0.110334392	3927
0.475329334	0.107911991	3928
0.505151883	0.105043728	3929
0.534634666	0.101777833	3930
0.563666428	0.0981637702	3931
0.592143161	0.0942502097	3932
0.619968525	0.0900851549	3933
0.6470543	0.085716423	3934
0.673320875	0.081192409	3935
0.698696639	0.0765572169	3936
0.72311889	0.0718548868	3937
0.746533423	0.0671267575	3938
0.76889453	0.0624112105	3939
0.790165249	0.0577451707	3940
0.810317022	0.0531627245	3941
0.829329497	0.0486949366	3942
0.847190116	0.0443690138	3943
0.863894179	0.0402096191	3944
0.879444469	0.0362385147	3945
0.893850637	0.0324734823	3946
0.907129073	0.0289292885	3947
0.919302461	0.0256175776	3948
0.930399085	0.0225460356	3949
0.940452576	0.0197191502	3950
0.949501673	0.0171390384	3951
0.957589325	0.0148043251	3952
0.964761958	0.0127096153	3953
0.971070058	0.0108488097	3954
0.976568031	0.00921606689	3955
0.981311309	0.00779886937	3956
0.985355438	0.0065774175	3957
0.988759795	0.0055370293	3958
0.991589399	0.00467292367	3959
0.993909359	0.0039727141	3960
0.995779121	0.00339991661	3961
0.997240398	0.00287122551	3962
0.998342126	0.00235792054	3963
0.999145686	0.00187718908	3964
0.999730091	0.00144189484	3965
1.00012841	0.00102730961	3966
1.00036796	0.000605919344	3967
1.00056401	0.000162557162	3968
1.00052367	-0.000356862965	3969
1.00030556	-0.000848851215	3970
0.999840287	-0.00127587629	3971
0.999137952	-0.00163683247	3972
0.998204986	-0.00194974666	3973
0.996958782	-0.00219267935	3974
0.995345411	-0.00233979401	3975
0.993305856	-0.00242134912	3976
0.99077215	-0.00251954549	3977
0.987671091	-0.00265493616	3978
0.983931096	-0.00282277614	3979
0.979483434	-0.00301250703	3980
0.974263099	-0.00322931752	3981
0.968207902	-0.00348489624	3982
0.961257948	-0.00378211231	3983
0.953356722	-0.00411968266	3984
0.944452209	-0.00450070475	3985
0.934497163	-0.0049299769	3986
0.923449432	-0.00541044283	3987
0.911272636	-0.00594470352	3988
0.897936771	-0.00653614423	3989
0.883418659	-0.00718844879	3990
0.867702403	-0.00790544486	3991
0.850779823	-0.00869092721	3992
0.832650839	-0.00954859061	3993
0.813323816	-0.010482071	3994
0.79281585	-0.0114948698	3995
0.771152998	-0.0125902436	3996
0.748370431	-0.0137709289	3997
0.724512476	-0.0150376932	3998
0.699632652	-0.0163894441	3999
0.67379371	-0.017824723	4000
0.647067365	-0.019339004	4001
0.619533964	-0.0209223113	4002
0.59128253	-0.0225650333	4003
0.562410008	-0.0242513413	4004
0.533021005	-0.0259625359	4005
0.503227018	-0.027672824	4006
0.473146226	-0.0293560831	4007
0.442902514	-0.0309816205	4008
0.412624286	-0.0325012245	4009
0.382447915	-0.0339438135	4010
0.352516271	-0.0354237232	4011
0.322967367	-0.036927849	4012
0.293937337	-0.0383925643	4013
0.26556194	-0.039759135	4014
0.237974966	-0.0409645072	4015
0.211307318	-0.0419455977	4016
0.185685987	-0.0426386375	4017
0.161233194	-0.0429821476	4018
0.138065586	-0.0429179139	4019
0.116293658	-0.0423898787	4020
0.0960215598	-0.0413457726	4021
0.0773479638	-0.0397327155	4022
0.0603681947	-0.0375003169	4023
0.0451795631	-0.0345944943	4024
0.0318921771	-0.030959516	4025
0.0206522187	-0.0265368974	4026
0.0116708185	-0.0213115919	4027
0.00521816424	-0.0154337078	4028
0.00140907677	-0.0094278935	4029
-0.000213290996	-0.00410718899	4030
-0.000563239383	-1.98761661e-05	4031
-0.000242472214	0.00406100282	4032
0.00111085834	0.00937994788	4033
0.00403080201	0.0157141468	4034
0.00885109132	0.0227492503	4035
0.0156976389	0.0302132522	4036
0.0245822854	0.0379152615	4037
0.0354743907	0.045720395	4038
0.0483284366	0.0535215339	4039
0.0630906222	0.0612217161	4040
0.0796988036	0.0687260633	4041
0.0980808453	0.0759377927	4042
0.118151657	0.0827632137	4043
0.139813995	0.0891099064	4044
0.162958162	0.0948891522	4045
0.187461844	0.10002272	4046
0.213192581	0.104439828	4047
0.240008439	0.108084538	4048
0.267760702	0.110913721	4049
0.296295971	0.112896336	4050
0.325457903	0.114019995	4051
0.355089818	0.114284414	4052
0.385036301	0.113699763	4053
0.415147183	0.11233464	4054
0.445289327	0.110397728	4055
0.47533458	0.107975265	4056
0.505158143	0.105106931	4057
0.534641857	0.101840955	4058
0.563674482	0.0982268053	4059
0.59215202	0.0943131523	4060
0.619978137	0.0901480011	4061
0.647064618	0.0857791696	4062
0.673331857	0.0812550539	4063
0.698708248	0.0766197585	4064
0.723131088	0.0719173243	4065
0.746546178	0.0671890906	4066
0.76890781	0.0624734393	4067
0.790179023	0.057807296	4068
0.810331262	0.0532247476	4069
0.829344175	0.0487568592	4070
0.847205204	0.044430838	4071
0.863909651	0.0402713475	4072
0.879460299	0.0363001504	4073
0.893866799	0.0325350287	4074
0.907145542	0.0289907493	4075
0.919319213	0.0256789568	4076
0.930416097	0.0226073373	4077
0.940469828	0.0197803783	4078
0.949519145	0.0172001966	4079
0.957607003	0.0148654158	4080
0.964779837	0.0127706393	4081
0.97108814	0.0109097648	4082
0.976586343	0.00927694411	4083
0.981329919	0.00785964691	4084
0.985374464	0.00663805666	4085
0.988779426	0.00559746636	4086
0.991609972	0.00473303793	4087
0.993931496	0.00403226185	4088
0.995803869	0.00345842022	4089
0.99726906	0.00292790796	4090
0.998375885	0.00241171777	4091
0.99918547	0.00192669463	4092
0.999776753	0.00148497634	4093
1.00018242	0.00106072834	4094
1.00042826	0.000625871164	4095
1.00063522	0.000165573459	4096
1.00059265	-0.000374801002	4097
1.00036617	-0.000886375916	4098
0.999888889	-0.00132804773	4099
0.999174574	-0.00169802949	4100
0.998231325	-0.00201604188	4101
0.996976917	-0.0022616905	4102
0.995357599	-0.00241011981	4103
0.993314245	-0.00249224901	4104
0.990778322	-0.00259069336	4105
0.987675968	-0.00272620514	4106
0.983935194	-0.00289411455	4107
0.979487057	-0.00308389103	4108
0.97426645	-0.00330073403	4109
0.968211108	-0.00355633781	4110
0.961261079	-0.00385357462	4111
0.95335982	-0.0041911628	4112
0.944455301	-0.00457220033	4113
0.934500267	-0.00500148584	4114
0.92345256	-0.00548196328	4115
0.911275797	-0.00601623365	4116
0.897939972	-0.0066076822	4117
0.883421908	-0.00725999272	4118
0.867705707	-0.00797699281	4119
0.850783188	-0.00876247721	4120
0.832654271	-0.00962014066	4121
0.81332732	-0.0105536191	4122
0.792819432	-0.0115664139	4123
0.771156659	-0.0126617818	4124
0.748374174	-0.0138424592	4125
0.724516298	-0.0151092138	4126
0.699636548	-0.0164609534	4127
0.673797673	-0.0178962195	4128
0.647071381	-0.0194104865	4129
0.619538017	-0.0209937789	4130
0.591286598	-0.0226364853	4131
0.562414064	-0.0243227773	4132
0.533025019	-0.0260339557	4133
0.503230959	-0.0277442273	4134
0.473150064	-0.0294274696	4135
0.442906228	-0.0310529891	4136
0.412627876	-0.0325725729	4137
0.382451408	-0.0340151382	4138
0.352519675	-0.0354950217	4139
0.322970633	-0.0369991211	4140
0.293940369	-0.0384638119	4141
0.265564605	-0.0398303601	4142
0.237977094	-0.041035711	4143
0.211308702	-0.0420167785	4144
0.185686376	-0.0427097871	4145
0.161232281	-0.0430532469	4146
0.138062993	-0.0429889241	4147
0.116288908	-0.0424607279	4148
0.0960140438	-0.0414163309	4149
0.0773368978	-0.0398027522	4150
0.0603525682	-0.0375694252	4151
0.0451581021	-0.0346619638	4152
0.0318633735	-0.0310241362	4153
0.0206145397	-0.0265967196	4154
0.0116232562	-0.0213638385	4155
0.00516104727	-0.015475225	4156
0.00134449099	-0.00945634903	4157
-0.000282247552	-0.00412209	4158
-0.000633734942	-2.20027882e-05	4159
-0.000312318081	0.00407069617	4160
0.00104349599	0.00940078507	4161
0.00396752842	0.0157452746	4162
0.00879300563	0.0227892529	4163
0.0156451906	0.0302604321	4164
0.024535397	0.0379680032	4165
0.0354326878	0.0457773617	4166
0.0482914398	0.0535817026	4167
0.063057861	0.0612843329	4168
0.0796698668	0.0687905788	4169
0.0980553933	0.0760038035	4170
0.118129417	0.0828304175	4171
0.139794749	0.0891780706	4172
0.162941734	0.0949580917	4173
0.187448088	0.100092283	4174
0.213181371	0.104509886	4175
0.23999966	0.10815498	4176
0.267754246	0.110984451	4177
0.296291726	0.112967269	4178
0.325455753	0.114091056	4179
0.35508963	0.11435554	4180
0.385037912	0.113770902	4181
0.415150395	0.112405753	4182
0.445293945	0.110468791	4183
0.475340453	0.10804626	4184
0.505165155	0.105177846	4185
0.534649917	0.10191178	4186
0.563683511	0.0982975334	4187
0.592161953	0.0943837773	4188
0.619988916	0.0902185183	4189
0.64707619	0.0858495755	4190
0.673344175	0.081325346	4191
0.698721268	0.0766899351	4192
0.723144771	0.0719873842	4193
0.746560486	0.0672590335	4194
0.768922707	0.0625432655	4195
0.790194476	0.0578770062	4196
0.810347237	0.0532943433	4197
0.82936064	0.0488263422	4198
0.84722213	0.0445002107	4199
0.863927008	0.0403406127	4200
0.879478057	0.0363693116	4201
0.89388493	0.0326040896	4202
0.907164017	0.0290597142	4203
0.919338005	0.0257478302	4204
0.930435181	0.0226761236	4205
0.940489179	0.019849082	4206
0.949538742	0.0172688219	4207
0.957626833	0.0149339652	4208
0.96479989	0.0128391135	4209
0.971108423	0.0109781611	4210
0.976606886	0.00934525187	4211
0.981350801	0.0079278411	4212
0.985395821	0.00670609282	4213
0.988801474	0.00566527117	4214
0.991633092	0.00480047474	4215
0.99395639	0.00409905492	4216
0.995831704	0.00352403319	4217
0.997301293	0.00299146912	4218
0.998413842	0.00247202956	4219
0.999230205	0.00198216128	4220
0.999829232	0.00153317999	4221
1.00024315	0.00109800904	4222
1.00049601	0.000647982343	4223
1.00071512	0.000168658333	4224
1.00067001	-0.000395091905	4225
1.00043419	-0.000928465173	4226
0.999943526	-0.0013864887	4227
0.999215824	-0.00176659988	4228
0.998261049	-0.00209035962	4229
0.996997438	-0.00233907956	4230
0.99537143	-0.00248900271	4231
0.993323783	-0.00257178902	4232
0.990785338	-0.00267051942	4233
0.987681499	-0.00280617172	4234
0.983939827	-0.00297416176	4235
0.979491141	-0.00316399115	4236
0.974270219	-0.00338087191	4237
0.968214708	-0.00363650478	4238
0.961264592	-0.00393376565	4239
0.953363293	-0.00427137449	4240
0.944458767	-0.00465242992	4241
0.934503746	-0.00508173095	4242
0.923456066	-0.00556222174	4243
0.91127934	-0.00609650336	4244
0.897943562	-0.00668796102	4245
0.883425551	-0.00734027849	4246
0.867709412	-0.00805728331	4247
0.850786962	-0.00884277018	4248
0.83265812	-0.0097004338	4249
0.813331251	-0.0106339101	4250
0.792823449	-0.0116467004	4251
0.771160766	-0.0127420615	4252
0.748378372	-0.0139227299	4253
0.724520585	-0.0151894735	4254
0.699640919	-0.0165412001	4255
0.673802118	-0.0179764516	4256
0.647075886	-0.0194907025	4257
0.619542562	-0.0210739778	4258
0.591291159	-0.0227166662	4259
0.562418612	-0.0244029396	4260
0.53302952	-0.0261140991	4261
0.503235377	-0.0278243516	4262
0.473154367	-0.0295075741	4263
0.442910392	-0.0311330726	4264
0.412631902	-0.0326526329	4265
0.382455323	-0.0340951707	4266
0.352523485	-0.0355750238	4267
0.322974284	-0.0370790927	4268
0.293943752	-0.0385437547	4269
0.26556757	-0.0399102765	4270
0.23797945	-0.0411156022	4271
0.211310217	-0.042096642	4272
0.185686765	-0.0427896136	4273
0.161231199	-0.0431330142	4274
0.138060013	-0.0430685881	4275
0.116283492	-0.0425402061	4276
0.0960055065	-0.0414954755	4277
0.0773243565	-0.0398813009	4278
0.0603348887	-0.0376469168	4279
0.0451338592	-0.0347375953	4280
0.0318308875	-0.031096545	4281
0.0205721144	-0.0266637224	4282
0.0115697895	-0.0214223373	4283
0.0050969244	-0.0155217165	4284
0.00127203816	-0.00948824423	4285
-0.000359586979	-0.00413882753	4286
-0.000712803798	-2.44279342e-05	4287
-0.000390664833	0.00408152629	4288
0.000967923633	0.00942410098	4289
0.00389652146	0.0157801117	4290
0.00872779275	0.0228340307	4291
0.0155862809	0.0303132602	4292
0.0244827136	0.0380270802	4293
0.0353858203	0.0458411931	4294
0.0482498572	0.0536491414	4295
0.0630210391	0.0613545319	4296
0.0796373454	0.0688629194	4297
0.098026791	0.0760778307	4298
0.118104426	0.0829057903	4299
0.139773124	0.0892545264	4300
0.162923276	0.0950354216	4301
0.187432631	0.100170315	4302
0.213168773	0.104588477	4303
0.239989791	0.108234005	4304
0.267746983	0.111063801	4305
0.296286947	0.113046847	4306
0.325453323	0.114170781	4307
0.355089399	0.114435339	4308
0.3850397	0.113850716	4309
0.415153979	0.11248554	4310
0.445299108	0.110548523	4311
0.475347026	0.108125918	4312
0.50517301	0.105257414	4313
0.534658948	0.101991249	4314
0.563693633	0.0983768934	4315
0.59217309	0.0944630222	4316
0.620001003	0.0902976427	4317
0.647089168	0.0859285756	4318
0.673357991	0.0814042188	4319
0.698735873	0.0767686786	4320
0.72316012	0.0720659972	4321
0.746576536	0.0673375155	4322
0.768939419	0.0626216167	4323
0.79021181	0.0579552275	4324
0.810365158	0.0533724362	4325
0.829379112	0.0489043087	4326
0.847241119	0.0445780535	4327
0.863946479	0.040418335	4328
0.879497978	0.0364469172	4329
0.893905268	0.0326815828	4330
0.907184741	0.0291370997	4331
0.919359084	0.025825113	4332
0.930456586	0.0227533088	4333
0.940510883	0.0199261747	4334
0.949560722	0.0173458264	4335
0.957649071	0.0150108846	4336
0.96482238	0.0129159483	4337
0.97113117	0.0110549081	4338
0.976629928	0.00942189856	4339
0.981374228	0.00800435875	4340
0.985419788	0.00678243048	4341
0.988826228	0.00574134492	4342
0.991659064	0.00487612981	4343
0.99398437	0.00417397946	4344
0.995863	0.00359762493	4345
0.997337536	0.00306274547	4346
0.998456509	0.00253964993	4347
0.999280504	0.00204430924	4348
0.999888253	0.00158711165	4349
1.00031145	0.00113957346	4350
1.00057213	0.000672441928	4351
1.00080479	0.000171764697	4352
1.00075675	-0.000418056836	4353
1.00051051	-0.00097568334	4354
1.00000494	-0.00145195796	4355
0.999262291	-0.00184342777	4356
0.998294583	-0.00217367472	4357
0.997020641	-0.00242586668	4358
0.995387111	-0.00257748596	4359
0.993334613	-0.00266102338	4360
0.990793299	-0.00276008314	4361
0.987687765	-0.00289589765	4362
0.983945058	-0.0030639813	4363
0.97949574	-0.00325387195	4364
0.974274452	-0.0034707964	4365
0.968218745	-0.00372646297	4366
0.961268528	-0.00402375171	4367
0.953367184	-0.00436138446	4368
0.944462648	-0.0047424606	4369
0.934507643	-0.00517177958	4370
0.923459994	-0.00565228582	4371
0.911283311	-0.00618658047	4372
0.897947585	-0.00677804873	4373
0.883429636	-0.00743037428	4374
0.867713567	-0.00814738465	4375
0.850791195	-0.00893287447	4376
0.832662439	-0.0097905384	4377
0.813335661	-0.0107240123	4378
0.792827956	-0.0117367976	4379
0.771165374	-0.0128321511	4380
0.748383081	-0.0140128093	4381
0.724525394	-0.0152795402	4382
0.699645821	-0.0166312521	4383
0.673807103	-0.0180664867	4384
0.647080938	-0.0195807192	4385
0.619547659	-0.0211639747	4386
0.591296274	-0.0228066423	4387
0.562423711	-0.0244928943	4388
0.533034566	-0.0262040318	4389
0.503240332	-0.0279142619	4390
0.473159193	-0.0295974613	4391
0.442915062	-0.0312229353	4392
0.412636416	-0.0327424681	4393
0.382459709	-0.0341849741	4394
0.352527749	-0.0356647919	4395
0.322978364	-0.0371688255	4396
0.293947526	-0.0386334541	4397
0.265570869	-0.0399999448	4398
0.23798206	-0.0412052406	4399
0.211311873	-0.0421862476	4400
0.185687149	-0.0428791753	4401
0.161229921	-0.0432225065	4402
0.13805659	-0.0431579603	4403
0.116277319	-0.0426293644	4404
0.0959958102	-0.0415842512	4405
0.0773101446	-0.0399693959	4406
0.0603148886	-0.0377338084	4407
0.0451064771	-0.0348223764	4408
0.0317942519	-0.0311776816	4409
0.0205243499	-0.0267387695	4410
0.0115096899	-0.0214878396	4411
0.00502493964	-0.0155737823	4412
0.00119076163	-0.00952399858	4413
-0.000446327853	-0.00415763019	4414
-0.000801488548	-2.71933375e-05	4415
-0.00047854694	0.00409362734	4416
0.000883141365	0.00945019255	4417
0.00381683751	0.0158191029	4418
0.00865458034	0.0228841564	4419
0.015520116	0.0303724147	4420
0.0244235208	0.0380932548	4421
0.03533315	0.045912717	4422
0.0482031214	0.053724729	4423
0.0629796536	0.0614332312	4424
0.0796007953	0.068944034	4425
0.0979946481	0.0761608477	4426
0.118076344	0.0829903249	4427
0.139748826	0.0893402821	4428
0.162902537	0.0951221629	4429
0.187415263	0.100257849	4430
0.213154615	0.10467664	4431
0.239978698	0.108322658	4432
0.267738815	0.11115282	4433
0.296281563	0.113136126	4434
0.325450575	0.114260225	4435
0.355089118	0.114524867	4436
0.385041682	0.113940264	4437
0.415157978	0.11257506	4438
0.445304882	0.110637982	4439
0.475354385	0.108215294	4440
0.505181809	0.105346692	4441
0.53466907	0.102080415	4442
0.563704979	0.0984659389	4443
0.592185576	0.0945519391	4444
0.620014556	0.0903864251	4445
0.647103723	0.086017219	4446
0.673373487	0.0814927199	4447
0.698752255	0.076857035	4448
0.723177337	0.0721542075	4449
0.74659454	0.0674255791	4450
0.768958165	0.0627095337	4451
0.790231256	0.058042999	4452
0.810385261	0.0534600637	4453
0.829399834	0.0489917947	4454
0.84726242	0.0446654007	4455
0.863968322	0.0405055472	4456
0.879520325	0.0365339985	4457
0.893928082	0.032768538	4458
0.907207987	0.0292239341	4459
0.919382728	0.0259118323	4460
0.930480594	0.0228399187	4461
0.940535225	0.020012681	4462
0.949585371	0.017432234	4463
0.957674009	0.0150971968	4464
0.964847599	0.0130021657	4465
0.971156677	0.0111410266	4466
0.976655767	0.00950790395	4467
0.981400501	0.00809021798	4468
0.985446674	0.00686808528	4469
0.988854008	0.00582670014	4470
0.991688226	0.00496100898	4471
0.994015806	0.00425803058	4472
0.99589817	0.00368017156	4473
0.997378266	0.00314268562	4474
0.998504463	0.0026154689	4475
0.999337058	0.00211394385	4476
0.999954649	0.00164743319	4477
1.00038825	0.00118591728	4478
1.00065766	0.000699504093	4479
1.00090541	0.000174829824	4480
1.00085402	-0.000444059694	4481
1.00059615	-0.00102866206	4482
1.00007397	-0.00152530286	4483
0.99931461	-0.00192952115	4484
0.998332414	-0.00226707503	4485
0.997046865	-0.00252319603	4486
0.995404872	-0.00267674014	4487
0.993346896	-0.00276113508	4488
0.99080232	-0.00286057333	4489
0.98769485	-0.00299657488	4490
0.983950955	-0.00316476666	4491
0.97950091	-0.00335472803	4492
0.974279202	-0.00357170295	4493
0.968223268	-0.00382740846	4494
0.961272934	-0.00412472938	4495
0.953371538	-0.00446238973	4496
0.944466993	-0.00484348979	4497
0.934512007	-0.00527282951	4498
0.923464395	-0.0057533536	4499
0.911287761	-0.00628766333	4500
0.897952095	-0.00687914387	4501
0.883434216	-0.00753147883	4502
0.867718226	-0.00824849569	4503
0.850795942	-0.00903398901	4504
0.832667282	-0.0098916534	4505
0.813340608	-0.0108251247	4506
0.792833012	-0.0118379044	4507
0.771170543	-0.0129332491	4508
0.748388364	-0.0141138957	4509
0.724530788	-0.0153806123	4510
0.69965132	-0.0167323072	4511
0.673812695	-0.0181675226	4512
0.647086604	-0.0196817339	4513
0.619553375	-0.0212649667	4514
0.591302009	-0.0229076103	4515
0.562429429	-0.0245938374	4516
0.533040225	-0.0263049496	4517
0.503245887	-0.0280151536	4518
0.473164604	-0.029698326	4519
0.442920297	-0.0313237713	4520
0.412641475	-0.0328432721	4521
0.382464624	-0.0342857411	4522
0.352532521	-0.0357655184	4523
0.322982924	-0.037269511	4524
0.293951736	-0.0387341007	4525
0.265574539	-0.0401005551	4526
0.237984948	-0.0413058154	4527
0.211313683	-0.0422867834	4528
0.185687521	-0.0429796592	4529
0.161228414	-0.0433229092	4530
0.13805266	-0.0432582238	4531
0.116270283	-0.0427293813	4532
0.095984799	-0.0416838297	4533
0.0772940416	-0.0400681973	4534
0.0602922661	-0.0378312401	4535
0.0450755528	-0.0349174141	4536
0.0317529424	-0.0312685995	4537
0.0204705797	-0.026822829	4538
0.0114421399	-0.0215611879	4539
0.00494413303	-0.0156320959	4540
0.00109958894	-0.00956408377	4541
-0.000543612311	-0.00417875594	4542
-0.000900958559	-3.03470201e-05	4543
-0.000577124771	0.00410714917	4544
0.000788027583	0.00947939244	4545
0.00372741797	0.0158627464	4546
0.00857238958	0.0229402716	4547
0.0154458053	0.0304386557	4548
0.024357017	0.0381673811	4549
0.0352739604	0.0459928611	4550
0.0481505948	0.0538094503	4551
0.0629331394	0.0615214602	4552
0.0795597175	0.0690349868	4553
0.0979585261	0.0762539461	4554
0.118044788	0.0830851347	4555
0.139721523	0.089436469	4556
0.162879233	0.0952194609	4557
0.187395747	0.10035604	4558
0.213138705	0.104775541	4559
0.239966227	0.108422111	4560
0.267729627	0.111252687	4561
0.296275499	0.113236286	4562
0.325447467	0.114360573	4563
0.355088777	0.114625313	4564
0.385043881	0.114040734	4565
0.41516244	0.112675499	4566
0.445311337	0.110738354	4567
0.475362622	0.108315576	4568
0.505191665	0.105446864	4569
0.534680412	0.102180463	4570
0.563717697	0.0985658519	4571
0.592199577	0.0946517085	4572
0.620029756	0.0904860443	4573
0.647120046	0.0861166828	4574
0.673390866	0.0815920245	4575
0.698770629	0.0769561777	4576
0.723196649	0.0722531867	4577
0.746614736	0.067524394	4578
0.768979195	0.0628081845	4579
0.79025307	0.0581414867	4580
0.810407813	0.0535583902	4581
0.829423079	0.0490899624	4582
0.847286315	0.0447634129	4583
0.863992824	0.040603408	4584
0.879545391	0.0366317126	4585
0.893953673	0.0328661108	4586
0.907234061	0.0293213716	4587
0.919409246	0.0260091407	4588
0.930507519	0.0229371048	4589
0.940562522	0.0201097511	4590
0.949613011	0.0175291939	4591
0.95770197	0.01519405	4592
0.964875872	0.0130989129	4593
0.971185273	0.011237663	4594
0.976684734	0.00960441297	4595
0.981429958	0.00818656194	4596
0.985476823	0.0069641983	4597
0.988885169	0.00592247333	4598
0.991720957	0.00505624172	4599
0.994051109	0.00435232561	4600
0.995937683	0.00377276827	4601
0.997424025	0.00323234824	4602
0.998558354	0.00270048365	4603
0.999400646	0.00219196481	4604
1.00002935	0.00171488776	4605
1.00047464	0.00123756679	4606
1.00075377	0.000729415533	4607
1.00101832	0.000177743772	4608
1.00096308	-0.000473511846	4609
1.00069223	-0.00108810708	4610
1.00015156	-0.00160746875	4611
0.999373519	-0.0020259963	4612
0.998375088	-0.00237178275	4613
0.99707649	-0.00263235064	4614
0.995424975	-0.00278807846	4615
0.993360809	-0.0028734516	4616
0.990812528	-0.00297332411	4617
0.987702847	-0.00310954099	4618
0.983957593	-0.0032778572	4619
0.979506714	-0.00346790002	4620
0.974284524	-0.00368493309	4621
0.968228329	-0.00394068348	4622
0.961277862	-0.0042380415	4623
0.953376408	-0.00457573366	4624
0.944471854	-0.00495686127	4625
0.93451689	-0.0053862249	4626
0.92346932	-0.0058667696	4627
0.911292744	-0.00640109673	4628
0.897957147	-0.00699259146	4629
0.883439349	-0.00764493734	4630
0.867723449	-0.00836196175	4631
0.850801265	-0.00914745921	4632
0.832672713	-0.0100051243	4633
0.813346155	-0.0109385927	4634
0.792838682	-0.011951366	4635
0.77117634	-0.0130467009	4636
0.74839429	-0.0142273343	4637
0.724536838	-0.0154940344	4638
0.699657487	-0.01684571	4639
0.673818965	-0.0182809034	4640
0.647092957	-0.0197950904	4641
0.619559784	-0.021378297	4642
0.59130844	-0.023020913	4643
0.56243584	-0.0247071114	4644
0.533046569	-0.026418194	4645
0.503252115	-0.0281283677	4646
0.47317067	-0.0298115087	4647
0.442926168	-0.0314369206	4648
0.412647147	-0.0329563842	4649
0.382470129	-0.0343988105	4650
0.352537862	-0.0358785408	4651
0.32298802	-0.0373824861	4652
0.293956433	-0.0388470306	4653
0.265578621	-0.0402134424	4654
0.237988143	-0.041418661	4655
0.211315659	-0.0423995827	4656
0.18568787	-0.0430923975	4657
0.161226641	-0.0434355525	4658
0.13804815	-0.0433707056	4659
0.116262266	-0.0428415794	4660
0.0959722961	-0.0417955253	4661
0.0772757976	-0.0401790058	4662
0.0602666801	-0.0379404903	4663
0.0450406322	-0.0350239494	4664
0.031706368	-0.0313704787	4665
0.0204100551	-0.0269169858	4666
0.0113662222	-0.0216433266	4667
0.00485342821	-0.0156974131	4668
0.000997317782	-0.00960903045	4669
-0.000652720986	-0.00420249611	4670
-0.00101252538	-3.39443697e-05	4671
-0.000687699925	0.00412225906	4672
0.000681324153	0.00951207341	4673
0.00362707527	0.0159116007	4674
0.00848012217	0.0230030955	4675
0.0153623487	0.0305128346	4676
0.0242823016	0.0382504163	4677
0.0352074464	0.0460826655	4678
0.048091561	0.0539044094	4679
0.0628808615	0.0616203729	4680
0.0795135513	0.0691369708	4681
0.0979179323	0.0763583499	4682
0.118009328	0.0831914686	4683
0.139690844	0.0895443555	4684
0.162853048	0.0953286003	4685
0.187373818	0.100466187	4686
0.213120824	0.104886488	4687
0.239952208	0.10853368	4688
0.267719292	0.111364724	4689
0.29626867	0.113348655	4690
0.325443954	0.114473155	4691
0.355088367	0.114738007	4692
0.385046318	0.114153457	4693
0.415167418	0.11278819	4694
0.445318555	0.110850973	4695
0.475371842	0.108428093	4696
0.505202704	0.105559259	4697
0.534693123	0.10229272	4698
0.563731954	0.0986779587	4699
0.592215274	0.0947636551	4700
0.620046799	0.090597823	4701
0.647138352	0.0862282878	4702
0.673410359	0.0817034514	4703
0.698791239	0.0770674235	4704
0.723218311	0.0723642496	4705
0.74663739	0.067635273	4706
0.769002784	0.0629188797	4707
0.79027754	0.0582519992	4708
0.810433111	0.053668722	4709
0.829449155	0.0492001163	4710
0.847313119	0.0448733925	4711
0.864020308	0.0407132178	4712
0.879573509	0.036741358	4713
0.893982376	0.0329755979	4714
0.907263305	0.0294307071	4715
0.919438985	0.026118332	4716
0.930537712	0.0230461593	4717
0.94059313	0.0202186761	4718
0.949643999	0.0176379958	4719
0.957733316	0.015302733	4720
0.964907564	0.0132074777	4721
0.971217323	0.011346104	4722
0.9767172	0.00971271112	4723
0.981462974	0.00829467423	4724
0.985510618	0.00707205073	4725
0.988920111	0.00602994075	4726
0.991757678	0.00516309639	4727
0.994090738	0.00445811912	4728
0.995982057	0.00387664533	4729
0.997475427	0.00333292055	4730
0.998618915	0.0027958106	4731
0.99947215	0.00227937604	4732
1.0001134	0.00179031217	4733
1.00057182	0.00129509819	4734
1.00086177	0.000762438809	4735
1.00114502	0.000180434742	4736
1.00108535	-0.000506877107	4737
1.00080004	-0.00115480552	4738
1.00023878	-0.00169950895	4739
0.999439854	-0.00213409984	4740
0.99842321	-0.00248917106	4741
0.997109964	-0.00275476422	4742
0.995447714	-0.00291297405	4743
0.993376555	-0.00299946243	4744
0.990824064	-0.00309983258	4745
0.98771186	-0.00323629689	4746
0.983965054	-0.00340475601	4747
0.979513221	-0.00359489239	4748
0.974290477	-0.00381199229	4749
0.968233985	-0.00406779431	4750
0.961283367	-0.004365195	4751
0.953381848	-0.00470292373	4752
0.944477286	-0.00508408305	4753
0.93452235	-0.00551347419	4754
0.923474831	-0.00599404261	4755
0.911298322	-0.00652838979	4756
0.897962806	-0.0071199009	4757
0.883445099	-0.00777225941	4758
0.867729303	-0.00848929261	4759
0.850807231	-0.00927479493	4760
0.832678802	-0.0101324609	4761
0.813352376	-0.0110659262	4762
0.792845041	-0.0120786923	4763
0.771182843	-0.013174016	4764
0.748400936	-0.0143546343	4765
0.724543624	-0.0156213158	4766
0.699664404	-0.0169729692	4767
0.673825998	-0.0184081374	4768
0.647100082	-0.0199222966	4769
0.619566972	-0.0215054731	4770
0.591315651	-0.0231480573	4771
0.562443029	-0.0248342226	4772
0.533053683	-0.026545271	4773
0.503259099	-0.0282554095	4774
0.473177472	-0.0299385139	4775
0.44293275	-0.0315638869	4776
0.412653505	-0.0330833072	4777
0.382476296	-0.034525684	4778
0.352543839	-0.0360053603	4779
0.322993714	-0.0375092509	4780
0.29396167	-0.0389737429	4781
0.265583161	-0.0403401049	4782
0.237991678	-0.0415452744	4783
0.211317813	-0.0425261416	4784
0.185688185	-0.0432188843	4785
0.161224557	-0.0435619285	4786
0.138042975	-0.0434968946	4787
0.116253133	-0.0429674418	4788
0.0959581008	-0.0419208122	4789
0.0772551302	-0.0403032803	4790
0.0602377455	-0.0380629925	4791
0.0450012034	-0.0351433734	4792
0.0316538637	-0.0314846422	4793
0.0203419346	-0.027022456	4794
0.0112809075	-0.0217353149	4795
0.00475161849	-0.0157705828	4796
0.000882600527	-0.00965943586	4797
-0.000775089736	-0.00422917997	4798
-0.00113766	-3.80494213e-05	4799
-0.000811732432	0.00413914376	4800
0.000561619797	0.0095486531	4801
0.00351447721	0.015966292	4802
0.00837654582	0.0230734338	4803
0.0152686242	0.0305959058	4804
0.0241983639	0.0383434335	4805
0.035132704	0.0461832957	4806
0.0480252157	0.054010844	4807
0.0628221066	0.0617312631	4808
0.0794616666	0.0692513239	4809
0.0978723129	0.0764754318	4810
0.117969481	0.083310727	4811
0.139656371	0.0896653647	4812
0.162823625	0.0954510219	4813
0.187349175	0.100589744	4814
0.213100727	0.105010947	4815
0.239936447	0.108658842	4816
0.267707665	0.111490414	4817
0.296260977	0.11347472	4818
0.32543998	0.114599462	4819
0.355087874	0.114864442	4820
0.38504902	0.114279927	4821
0.415172972	0.112914627	4822
0.445326625	0.11097733	4823
0.475382163	0.108554338	4824
0.50521507	0.105685369	4825
0.534707366	0.102418677	4826
0.563747936	0.0988037475	4827
0.592232873	0.0948892651	4828
0.620065911	0.0907232455	4829
0.647158882	0.0863535161	4830
0.673432221	0.0818284807	4831
0.698814355	0.0771922502	4832
0.723242608	0.0724888714	4833
0.746662802	0.0677596889	4834
0.769029245	0.0630430897	4835
0.790304989	0.0583760046	4836
0.810461489	0.0537925249	4837
0.829478405	0.0493237199	4838
0.847343185	0.0449968009	4839
0.864051137	0.040836436	4840
0.879605046	0.0368643921	4841
0.894014569	0.0330984547	4842
0.907296102	0.0295533943	4843
0.919472335	0.0262408581	4844
0.930571567	0.0231685326	4845
0.940627446	0.020340905	4846
0.949678737	0.0177600876	4847
0.957768448	0.0154246928	4848
0.964943079	0.013329306	4849
0.971253235	0.0114677944	4850
0.976753576	0.00983424184	4851
0.981499966	0.00841599649	4852
0.985548483	0.00719308096	4853
0.988959274	0.00615053563	4854
0.991798856	0.0052829972	4855
0.994135207	0.00457681958	4856
0.996031874	0.00399318475	4857
0.997533159	0.00344573336	4858
0.998686974	0.00290269873	4859
0.999552592	0.00237727602	4860
1.00020799	0.0018746202	4861
1.00068115	0.0013591403	4862
1.00098315	0.000798851807	4863
1.0012872	0.00018278037	4864
1.00122245	-0.000544676951	4865
1.00092101	-0.00122963341	4866
1.00033683	-0.00180259532	4867
0.999514565	-0.00225522249	4868
0.998477485	-0.00262077118	4869
0.997147777	-0.00289204952	4870
0.995473424	-0.00305307923	4871
0.993394359	-0.0031408388	4872
0.990837085	-0.00324177874	4873
0.987722002	-0.00337852696	4874
0.983973422	-0.00354714999	4875
0.979520502	-0.00373739347	4876
0.974297127	-0.00395457005	4877
0.968240296	-0.00421043132	4878
0.961289508	-0.00450788098	4879
0.953387919	-0.0048456517	4880
0.944483351	-0.0052268474	4881
0.934528451	-0.00565627015	4882
0.923480993	-0.00613686583	4883
0.911304563	-0.00667123609	4884
0.897969141	-0.00726276604	4885
0.88345154	-0.00791513913	4886
0.867735861	-0.00863218252	4887
0.850813919	-0.00941769055	4888
0.832685629	-0.0102753576	4889
0.813359351	-0.0112088195	4890
0.792852173	-0.0122215775	4891
0.771190135	-0.0133168885	4892
0.74840839	-0.0144974897	4893
0.724551235	-0.0157641498	4894
0.699672161	-0.0171157779	4895
0.673833885	-0.0185509173	4896
0.647108073	-0.0200650445	4897
0.619575031	-0.0216481866	4898
0.591323736	-0.0232907341	4899
0.562451088	-0.0249768611	4900
0.533061658	-0.02668787	4901
0.503266928	-0.0283979677	4902
0.473185098	-0.0300810296	4903
0.442940128	-0.0317063573	4904
0.412660631	-0.0332257275	4905
0.382483205	-0.0346680472	4906
0.352550526	-0.036147661	4907
0.323000075	-0.0376514885	4908
0.29396751	-0.0391159196	4909
0.265588208	-0.0404822236	4910
0.237995586	-0.0416873354	4911
0.211320158	-0.0426681383	4912
0.185688451	-0.0433607965	4913
0.161222113	-0.0437037113	4914
0.13803704	-0.0436384611	4915
0.116242729	-0.0431086325	4916
0.0959419859	-0.042061344	4917
0.07723172	-0.040442657	4918
0.0602050278	-0.0382003537	4919
0.0449566895	-0.0352772459	4920
0.0315946813	-0.0316125727	4921
0.0202652734	-0.0271406027	4922
0.0111850412	-0.0218383407	4923
0.00463735127	-0.0158525582	4924
0.000753926744	-0.00971597259	4925
-0.000912328376	-0.00425918	4926
-0.00127801224	-4.27363822e-05	4927
-0.000950860047	0.00415801153	4928
0.000427331452	0.00958959948	4929
0.00338812937	0.016027522	4930
0.00826027794	0.02315219	4931
0.0151633722	0.0306889388	4932
0.0241040691	0.0384476347	4933
0.0350487181	0.0462960581	4934
0.047950655	0.0541301416	4935
0.0627560731	0.0618555813	4936
0.0794033555	0.0693795463	4937
0.0978210456	0.0766067312	4938
0.117924703	0.0834444806	4939
0.139617634	0.0898010924	4940
0.162790563	0.095588342	4941
0.187321483	0.100728344	4942
0.213078141	0.105150566	4943
0.239918727	0.108799252	4944
0.267694587	0.111631421	4945
0.296252312	0.113616151	4946
0.325435488	0.114741168	4947
0.355087285	0.115006294	4948
0.385052015	0.114421822	4949
0.415179168	0.113056487	4950
0.445335647	0.111119102	4951
0.475393715	0.108695987	4952
0.505228921	0.105826867	4953
0.534723327	0.102560004	4954
0.56376585	0.0989448882	4955
0.592252605	0.0950302062	4956
0.620087342	0.0908639772	4957
0.647181906	0.0864940308	4958
0.673456741	0.0819687727	4959
0.698840283	0.0773323155	4960
0.723269862	0.0726287075	4961
0.746691306	0.0678992945	4962
0.769058927	0.0631824648	4963
0.790335779	0.0585151505	4964
0.810493321	0.0539314441	4965
0.829511214	0.0494624158	4966
0.84737691	0.0451352781	4967
0.864085715	0.0409747002	4968
0.879640417	0.0370024501	4969
0.894050674	0.0332363144	4970
0.90733288	0.0296910645	4971
0.91950973	0.0263783483	4972
0.930609524	0.0233058524	4973
0.940665913	0.0204780642	4974
0.94971767	0.0178970947	4975
0.957807816	0.0155615534	4976
0.964982869	0.0134660211	4977
0.971293464	0.0116043564	4978
0.976794319	0.00997062596	4979
0.98154139	0.00855214958	4980
0.985590893	0.0073289045	4981
0.989003151	0.00628586745	4982
0.991845017	0.00541754331	4983
0.994185087	0.00471000889	4984
0.99608779	0.0041239349	4985
0.997597998	0.00357227766	4986
0.998763468	0.00302254404	4987
0.999643093	0.00248691933	4988
1.00031447	0.0019688194	4989
1.00080419	0.00143037702	4990
1.00111955	0.000838946909	4991
1.00144673	0.00018463147	4992
1.00137617	-0.000587495952	4993
1.00105675	-0.00131356383	4994
1.0004471	-0.00191802956	4995
0.999598737	-0.00239091407	4996
0.998538715	-0.00276829489	4997
0.997190486	-0.00304601342	4998
0.995502501	-0.00321024405	4999
0.993414477	-0.00329945576	5000
0.990851767	-0.00340104775	5001
0.987733399	-0.00353812137	5002
0.983982793	-0.00370693213	5003
0.979528632	-0.00389729815	5004
0.974304541	-0.00411456233	5005
0.968247325	-0.00437049148	5006
0.961296348	-0.00466799726	5007
0.953394685	-0.00500581607	5008
0.944490116	-0.00538705348	5009
0.934535261	-0.00581651246	5010
0.923487878	-0.00629713942	5011
0.911311542	-0.00683153616	5012
0.897976229	-0.00742308778	5013
0.883458751	-0.00807547765	5014
0.867743208	-0.00879253282	5015
0.850821412	-0.0095780475	5016
0.832693281	-0.010435716	5017
0.813367171	-0.011369174	5018
0.792860168	-0.0123819229	5019
0.771198312	-0.0134772195	5020
0.748416748	-0.0146578012	5021
0.724559769	-0.015924437	5022
0.69968086	-0.0172760362	5023
0.673842728	-0.0187111426	5024
0.647117032	-0.0202252332	5025
0.619584067	-0.0218083356	5026
0.591332802	-0.023450841	5027
0.562460124	-0.0251369239	5028
0.533070599	-0.026847887	5029
0.503275706	-0.0285579374	5030
0.473193648	-0.0302409499	5031
0.442948401	-0.0318662251	5032
0.412668619	-0.0333855372	5033
0.382490942	-0.0348277909	5034
0.352558008	-0.036307333	5035
0.323007183	-0.0378110875	5036
0.293974022	-0.0392754482	5037
0.265593818	-0.0406416846	5038
0.237999906	-0.0418467286	5039
0.211322709	-0.042827456	5040
0.185688651	-0.043520015	5041
0.16121925	-0.0438627792	5042
0.138030235	-0.0437972787	5043
0.116230879	-0.043267018	5044
0.0959236939	-0.0422189751	5045
0.0772052058	-0.0405989708	5046
0.0601680361	-0.0383543763	5047
0.0449064405	-0.0354273152	5048
0.0315279794	-0.0317559323	5049
0.0201790099	-0.027272954	5050
0.0110773283	-0.0219537365	5051
0.00450911064	-0.0159444104	5052
0.000609603753	-0.00977939845	5053
-0.00106624166	-0.0042929179	5054
-0.00143543249	-4.80914486e-05	5055
-0.0011069199	0.00417909457	5056
0.000276683361	0.00963543691	5057
0.0032463554	0.0160960772	5058
0.0081297674	0.0232403764	5059
0.0150451796	0.0307931325	5060
0.0239981434	0.0385643679	5061
0.0349543488	0.0464224172	5062
0.0478668638	0.0542638574	5063
0.0626818608	0.0619949539	5064
0.0793378225	0.0695233198	5065
0.0977634313	0.0767539742	5066
0.117874384	0.0835944911	5067
0.139574105	0.0899533286	5068
0.162753411	0.0957423736	5069
0.187290363	0.100883819	5070
0.213052755	0.105307188	5071
0.239898806	0.108956769	5072
0.267679874	0.11178961	5073
0.296242551	0.113774821	5074
0.325430408	0.114900149	5075
0.355086584	0.115165444	5076
0.385055334	0.114581022	5077
0.415186081	0.113215651	5078
0.445345735	0.111278171	5079
0.475406646	0.108854919	5080
0.505244435	0.105985632	5081
0.534741213	0.102718579	5082
0.56378593	0.0991032544	5083
0.592274727	0.0951883497	5084
0.620111373	0.0910218867	5085
0.647207725	0.0866516978	5086
0.67348424	0.0821261907	5087
0.698869363	0.0774894799	5088
0.723300432	0.0727856154	5089
0.746723278	0.0680559444	5090
0.76909222	0.0633388567	5091
0.790370316	0.0586712857	5092
0.810529026	0.0540873253	5093
0.829548015	0.049618047	5094
0.847414737	0.0452906644	5095
0.864124497	0.0411298481	5096
0.879680086	0.0371573673	5097
0.894091162	0.0333910098	5098
0.90737412	0.0298455485	5099
0.919551655	0.0265326315	5100
0.930652073	0.0234599462	5101
0.940709026	0.0206319795	5102
0.949761298	0.0180508416	5103
0.95785192	0.0157151385	5104
0.965027436	0.0136194455	5105
0.971338512	0.0117576117	5106
0.976839936	0.0101236836	5107
0.981587762	0.00870495063	5108
0.985638373	0.00748133563	5109
0.989052288	0.00643774358	5110
0.991896741	0.0055685302	5111
0.994241018	0.00485946264	5112
0.996150542	0.00427063203	5113
0.997670824	0.00371422289	5114
0.99884946	0.00315690509	5115
0.999744945	0.0026096837	5116
1.00043437	0.00207401781	5117
1.00094267	0.00150954947	5118
1.00127287	0.000883029855	5119
1.00162573	0.00018580836	5120
1.00154851	-0.000635987476	5121
1.0012091	-0.00140767531	5122
1.00057112	-0.00204725529	5123
0.999693607	-0.00254289967	5124
0.998607823	-0.00293365434	5125
0.997238739	-0.00321867683	5126
0.995535377	-0.00338654648	5127
0.9934372	-0.00347741682	5128
0.990868307	-0.00357975499	5129
0.98774619	-0.0037172013	5130
0.983993269	-0.00388622678	5131
0.979537693	-0.00407673281	5132
0.974312791	-0.00429409687	5133
0.968255141	-0.00455010365	5134
0.961303954	-0.0048476736	5135
0.953402213	-0.00518554742	5136
0.94449765	-0.00556683253	5137
0.934542855	-0.00599633298	5138
0.923495563	-0.00647699575	5139
0.911319339	-0.00701142284	5140
0.897984155	-0.00760299932	5141
0.88346682	-0.00825540845	5142
0.867751433	-0.0089724772	5143
0.850829806	-0.00975799961	5144
0.832701855	-0.0106156699	5145
0.813375936	-0.0115491236	5146
0.792869132	-0.0125618621	5147
0.77120748	-0.0136571424	5148
0.74842612	-0.0148377019	5149
0.724569339	-0.0161043099	5150
0.699690614	-0.0174558762	5151
0.673852645	-0.0188909448	5152
0.647127078	-0.0204049935	5153
0.619594199	-0.0219880503	5154
0.591342966	-0.0236305073	5155
0.562470255	-0.0253165394	5156
0.533080623	-0.0270274497	5157
0.503285546	-0.0287374453	5158
0.473203233	-0.0304204006	5159
0.442957674	-0.0320456149	5160
0.41267757	-0.0335648596	5161
0.382499608	-0.0350070373	5162
0.352566379	-0.0364864966	5163
0.323015123	-0.0379901672	5164
0.293981282	-0.0394544462	5165
0.265600053	-0.0408206039	5166
0.238004678	-0.0420255688	5167
0.21132548	-0.0430062075	5168
0.185688764	-0.0436986504	5169
0.161215902	-0.0440412392	5170
0.138022435	-0.0439754494	5171
0.116217384	-0.043444692	5172
0.0959029328	-0.0423957858	5173
0.0771751789	-0.0407742793	5174
0.0601262167	-0.0385270808	5175
0.0448497239	-0.0355955416	5176
0.0314528116	-0.0319165841	5177
0.0200819503	-0.0274212216	5178
0.0109563166	-0.0220829977	5179
0.00436519793	-0.0160473432	5180
0.000447734853	-0.00985056776	5181
-0.00123885279	-0.00433087159	5182
-0.00161199604	-5.42149689e-05	5183
-0.0012819728	0.00420265158	5184
0.000107683623	0.00968675292	5185
0.00308727488	0.0161728398	5186
0.00798327404	0.0233391283	5187
0.0149124603	0.0309098307	5188
0.0238791567	0.0386951435	5189
0.0348483161	0.0465640145	5190
0.047772702	0.0544137351	5191
0.062598458	0.0621512044	5192
0.0792641738	0.0696845309	5193
0.0976986842	0.0769190969	5194
0.117817837	0.0837627341	5195
0.139525191	0.090124081	5196
0.162711663	0.0959151502	5197
0.187255391	0.101058223	5198
0.213024223	0.105482886	5199
0.239876408	0.109133475	5200
0.267663322	0.111967076	5201
0.296231556	0.11395283	5202
0.325424664	0.115078512	5203
0.355085752	0.115343999	5204
0.385059012	0.114759638	5205
0.415193792	0.113394229	5206
0.445357013	0.111456645	5207
0.475421119	0.109033243	5208
0.505261811	0.10616377	5209
0.534761255	0.102896505	5210
0.563808437	0.0992809485	5211
0.592299529	0.0953657952	5212
0.620138319	0.0911990709	5213
0.64723668	0.0868286109	5214
0.673515082	0.0823028255	5215
0.69890198	0.0776658311	5216
0.723334719	0.0729616795	5217
0.74675914	0.0682317197	5218
0.769129565	0.0635143431	5219
0.790409055	0.0588464848	5220
0.810569075	0.0542622401	5221
0.829589292	0.0497926818	5222
0.847457162	0.045465025	5223
0.864167992	0.041303942	5224
0.879724572	0.0373312033	5225
0.894136562	0.0335645983	5226
0.907420356	0.0300189011	5227
0.919598654	0.0267057606	5228
0.930699762	0.0236328647	5229
0.940757338	0.0208047006	5230
0.949810173	0.0182233768	5231
0.957901318	0.0158874956	5232
0.965077337	0.013791626	5233
0.971388941	0.0119296059	5234
0.976890986	0.0102954607	5235
0.981639653	0.00887644171	5236
0.985691506	0.00765241185	5237
0.989107294	0.00660819355	5238
0.991954681	0.00573797356	5239
0.994303722	0.00502717162	5240
0.996220964	0.00443522228	5241
0.997752633	0.00387343697	5242
0.998946188	0.00330750325	5243
0.99985962	0.00274709505	5244
1.00056944	0.00219143048	5245
1.00109857	0.00159745778	5246
1.00144519	0.000931418326	5247
1.00182658	0.000186096963	5248
1.00174174	-0.000690879671	5249
1.0013801	-0.0015131608	5250
1.00071068	-0.00219187088	5251
0.99980059	-0.00271309699	5252
0.998685869	-0.0031189838	5253
0.997293283	-0.00341230152	5254
0.99557255	-0.00358431602	5255
0.993462865	-0.00367708074	5256
0.990886927	-0.003780274	5257
0.987760528	-0.00391814705	5258
0.984004961	-0.00408741793	5259
0.97954777	-0.00427808368	5260
0.974321951	-0.00449556149	5261
0.968263812	-0.00475165689	5262
0.961312394	-0.00504930013	5263
0.953410575	-0.00538723676	5264
0.94450603	-0.00576857635	5265
0.934551312	-0.00619812416	5266
0.923504132	-0.00667882786	5267
0.911328044	-0.00721328967	5268
0.897993012	-0.00780489461	5269
0.883475845	-0.00845732582	5270
0.867760639	-0.00917441016	5271
0.850839206	-0.0099599415	5272
0.83271146	-0.0108176139	5273
0.813385757	-0.0117510629	5274
0.792879179	-0.0127637897	5275
0.771217757	-0.0138590514	5276
0.748436628	-0.0150395856	5277
0.72458007	-0.0163061619	5278
0.699701552	-0.0176576905	5279
0.673863764	-0.0190927159	5280
0.647138342	-0.0206067166	5281
0.619605559	-0.0221897213	5282
0.591354361	-0.0238321225	5283
0.562481613	-0.0255180961	5284
0.533091861	-0.0272289455	5285
0.503296578	-0.0289388778	5286
0.473213978	-0.0306217668	5287
0.442968068	-0.0322469104	5288
0.412687601	-0.0337660773	5289
0.382509313	-0.0352081674	5290
0.352575743	-0.0366875315	5291
0.323023992	-0.0381911053	5292
0.293989375	-0.03965529	5293
0.265606981	-0.0410213562	5294
0.238009948	-0.0422262286	5295
0.211328484	-0.0432067633	5296
0.185688763	-0.0438990704	5297
0.161211992	-0.0442414554	5298
0.138013496	-0.0441753313	5299
0.116202018	-0.0436440032	5300
0.0958793716	-0.0425941093	5301
0.0771411773	-0.0409708904	5302
0.0600789445	-0.0387207332	5303
0.0447857148	-0.0357841226	5304
0.0313681138	-0.0320966168	5305
0.0199727591	-0.027587328	5306
0.0108203784	-0.0222278019	5307
0.00420371005	-0.01616271	5308
0.000266194983	-0.00993044421	5309
-0.00143242967	-0.00437358316	5310
-0.00181003042	-6.12240218e-05	5311
-0.00147833045	0.00422897056	5312
-8.19021334e-05	0.00974420582	5313
0.00290877855	0.0162587987	5314
0.00781884568	0.0234497182	5315
0.0147634348	0.0310405398	5316
0.0237455044	0.0388416548	5317
0.034729183	0.0467226902	5318
0.0476668894	0.0545817297	5319
0.0625047287	0.0623263771	5320
0.0791814054	0.0698652944	5321
0.0976259216	0.0771042702	5322
0.117754293	0.0839514254	5323
0.139470224	0.0903156016	5324
0.162664749	0.0961089528	5325
0.18721609	0.10125386	5326
0.212992154	0.105679982	5327
0.239851226	0.109331709	5328
0.267644701	0.112166168	5329
0.29621917	0.114152536	5330
0.325418169	0.115278619	5331
0.355084766	0.115544327	5332
0.385063086	0.114960038	5333
0.415202394	0.113594591	5334
0.445369622	0.111656893	5335
0.475437317	0.109233324	5336
0.505281273	0.106363646	5337
0.534783712	0.103096145	5338
0.563833666	0.0994803293	5339
0.592327335	0.0955648986	5340
0.620168533	0.0913978825	5341
0.647269151	0.0870271196	5342
0.67354967	0.082501023	5343
0.698938561	0.0778637113	5344
0.723373176	0.0731592386	5345
0.746799363	0.0684289556	5346
0.769171451	0.0637112557	5347
0.790452505	0.0590430757	5348
0.810613993	0.0544585127	5349
0.829635586	0.0499886412	5350
0.847504741	0.0456606777	5351
0.864216768	0.0414992965	5352
0.879774456	0.0375262696	5353
0.894187463	0.0337593886	5354
0.907472189	0.0302134285	5355
0.919651332	0.0269000396	5356
0.930753202	0.0238269106	5357
0.940811463	0.0209985283	5358
0.949864915	0.0184170001	5359
0.957956627	0.0160809237	5360
0.965133194	0.0139848607	5361
0.971445371	0.0121226362	5362
0.976948088	0.0104882548	5363
0.981697692	0.00906891626	5364
0.98575094	0.00784442136	5365
0.989168847	0.00679949621	5366
0.992019553	0.00592813969	5367
0.99437401	0.00521536915	5368
0.996299998	0.00461988607	5369
0.997844556	0.00405200816	5370
0.999055023	0.00347627856	5371
0.999988801	0.00290084016	5372
1.00072168	0.00232238582	5373
1.00127412	0.00169496255	5374
1.00163889	0.000984440261	5375
1.00205193	0.000185244669	5376
1.00195841	-0.000752981809	5377
1.00157208	-0.00163133728	5378
1.00086777	-0.00235364317	5379
0.99992131	-0.00290363508	5380
0.998774074	-0.00332666328	5381
0.997354984	-0.0036294176	5382
0.9956146	-0.00380616163	5383
0.993491859	-0.00390109314	5384
0.990907877	-0.00400526793	5385
0.987776582	-0.00414362971	5386
0.984017989	-0.00431318092	5387
0.979558954	-0.00450402869	5388
0.974332088	-0.00472163639	5389
0.968273411	-0.00497783231	5390
0.961321741	-0.00527555911	5391
0.953419846	-0.00561356736	5392
0.944515336	-0.00599496907	5393
0.934560718	-0.00642457092	5394
0.923513678	-0.0069053213	5395
0.911337753	-0.00743982273	5396
0.898002902	-0.0080314602	5397
0.883485932	-0.00868391669	5398
0.867770937	-0.00940101884	5399
0.850849727	-0.0101865605	5400
0.832722216	-0.0110442354	5401
0.813396761	-0.011977679	5402
0.792890438	-0.0129903925	5403
0.771229276	-0.0140856331	5404
0.748448407	-0.0152661386	5405
0.724592099	-0.0165326788	5406
0.699713814	-0.0178841643	5407
0.673876231	-0.0193191403	5408
0.647150971	-0.020833086	5409
0.619618295	-0.0224160308	5410
0.591367135	-0.0240583681	5411
0.562494345	-0.0257442743	5412
0.533104459	-0.0274550534	5413
0.503308945	-0.0291649125	5414
0.473226022	-0.0308477249	5415
0.442979719	-0.0324727868	5416
0.412698841	-0.0339918638	5417
0.382520181	-0.0354338529	5418
0.352586217	-0.0369131075	5419
0.323033898	-0.0384165698	5420
0.293998395	-0.0398806456	5421
0.265614678	-0.0412466056	5422
0.238015765	-0.04245137	5423
0.211331738	-0.0434317831	5424
0.185688619	-0.0441239317	5425
0.161207429	-0.0444660798	5426
0.138003255	-0.0443995697	5427
0.116184524	-0.0438675861	5428
0.0958526352	-0.0428165625	5429
0.0771026786	-0.041191392	5430
0.0600255144	-0.038937874	5431
0.044713484	-0.0359955219	5432
0.0312726895	-0.032298372	5433
0.0198499349	-0.0277734274	5434
0.0106676887	-0.0223900325	5435
0.0040225152	-0.016292033	5436
6.26035285e-05	-0.0100201154	5437
-0.00164951441	-0.00442166803	5438
-0.00203214602	-6.92554894e-05	5439
-0.00169858611	0.00425837185	5440
-0.000294580271	0.00980853314	5441
0.00270850046	0.0163550628	5442
0.00763429244	0.0235735731	5443
0.0145961065	0.0311869484	5444
0.0235953849	0.0390058	5445
0.034595336	0.0469005071	5446
0.047547988	0.0547700326	5447
0.0623993967	0.0625227644	5448
0.0790883894	0.070067982	5449
0.0975441516	0.0773119287	5450
0.117682885	0.0841630501	5451
0.139408457	0.0905304159	5452
0.16261203	0.0963263397	5453
0.187171922	0.101473316	5454
0.212956107	0.105901083	5455
0.239822912	0.109554093	5456
0.267623751	0.112389521	5457
0.296205216	0.114376583	5458
0.325410825	0.115503122	5459
0.355083603	0.115769081	5460
0.385067599	0.115184878	5461
0.415211989	0.113819392	5462
0.445383718	0.11188157	5463
0.475455448	0.109457817	5464
0.505303071	0.106587911	5465
0.534808877	0.103320148	5466
0.563861943	0.0997040437	5467
0.592358509	0.0957883035	5468
0.620202412	0.0916209615	5469
0.647305562	0.0872498602	5470
0.673588461	0.0827234156	5471
0.698979587	0.0780857491	5472
0.723416307	0.0733809171	5473
0.746844477	0.0686502726	5474
0.76921843	0.0639322108	5475
0.790501238	0.0592636709	5476
0.810664371	0.0546787518	5477
0.829687505	0.0502085298	5478
0.847558099	0.0458802234	5479
0.864271462	0.0417185089	5480
0.879830385	0.0377451608	5481
0.894244526	0.033977972	5482
0.907530287	0.0304317195	5483
0.919710365	0.0271180552	5484
0.930813075	0.0240446683	5485
0.940872086	0.021216046	5486
0.949926209	0.0186342937	5487
0.958018535	0.0162980042	5488
0.965195693	0.0142017305	5489
0.971508492	0.0123392825	5490
0.977011936	0.0107046433	5491
0.981762581	0.0092849501	5492
0.985817394	0.00805993381	5493
0.9892377	0.00701421022	5494
0.99209217	0.00614156815	5495
0.994452794	0.00542655949	5496
0.996388713	0.0048270649	5497
0.997947884	0.00425226882	5498
0.99917755	0.00366537818	5499
1.00013441	0.0030727793	5500
1.00089332	0.00246833159	5501
1.00147184	0.00180298605	5502
1.00185662	0.00104243192	5503
1.00230477	0.000182955943	5504
1.00220136	-0.000823191084	5505
1.00178766	-0.00176365589	5506
1.00104468	-0.00253452203	5507
1.00005763	-0.00311687429	5508
0.998873851	-0.00355934416	5509
0.997424845	-0.00387285365	5510
0.995662206	-0.0040550061	5511
0.993524615	-0.0041524227	5512
0.990931443	-0.00425772468	5513
0.98779454	-0.00439664655	5514
0.98403248	-0.00456651799	5515
0.97957134	-0.0047575731	5516
0.974343284	-0.00497532863	5517
0.968284009	-0.00523163877	5518
0.961332067	-0.00552946075	5519
0.953430102	-0.00586755054	5520
0.944525648	-0.006249023	5521
0.934571162	-0.00667868637	5522
0.923524295	-0.00715948994	5523
0.911348569	-0.00769403651	5524
0.898013936	-0.00828571104	5525
0.883497198	-0.00893819636	5526
0.867782449	-0.0096553189	5527
0.850861498	-0.0104408723	5528
0.832734258	-0.0112985502	5529
0.813409083	-0.0122319878	5530
0.792903051	-0.0132446862	5531
0.771242185	-0.0143399028	5532
0.748461609	-0.0155203754	5533
0.724605583	-0.0167868744	5534
0.69972756	-0.0181383108	5535
0.673890206	-0.0195732303	5536
0.647165128	-0.021087113	5537
0.619632573	-0.0226699892	5538
0.591381457	-0.0243122531	5539
0.562508618	-0.0259980818	5540
0.533118581	-0.0277087798	5541
0.503322807	-0.0294185545	5542
0.473239523	-0.0311012783	5543
0.442992778	-0.0327262456	5544
0.412711436	-0.0342452189	5545
0.38253235	-0.0356870917	5546
0.352597932	-0.0371662205	5547
0.32304496	-0.0386695546	5548
0.294008446	-0.0401335045	5549
0.265623225	-0.0414993414	5550
0.238022183	-0.04270398	5551
0.211335254	-0.0436842509	5552
0.185688293	-0.0443762146	5553
0.161202111	-0.0447180879	5554
0.137991525	-0.0446511324	5555
0.116164609	-0.0441183961	5556
0.0958222988	-0.0430660806	5557
0.0770590922	-0.0414386865	5558
0.0599651304	-0.039181352	5559
0.0446319852	-0.0362325018	5560
0.0311651942	-0.0325244747	5561
0.0197117932	-0.027981936	5562
0.0104962028	-0.022571804	5563
0.00381922598	-0.0164370248	5564
-0.000165706044	-0.0101208097	5565
-0.00189295627	-0.00447582551	5566
-0.00228127042	-7.84697182e-05	5567
-0.00194564881	0.00429121145	5568
-0.000533162287	0.00988056111	5569
0.00248378679	0.0164628755	5570
0.00742715779	0.0237122931	5571
0.014408235	0.0313509501	5572
0.0234267768	0.0391897073	5573
0.0344449641	0.047099778	5574
0.0474143834	0.054981101	5575
0.0622810286	0.0627429366	5576
0.0789838586	0.0702952531	5577
0.0974522599	0.0775448028	5578
0.11760264	0.0844003953	5579
0.139339046	0.0907713569	5580
0.162552786	0.096570181	5581
0.187122284	0.101719489	5582
0.21291559	0.106149112	5583
0.239791076	0.109803569	5584
0.267600181	0.112640092	5585
0.296189497	0.114627939	5586
0.32540252	0.115754995	5587
0.355082231	0.116021242	5588
0.385072597	0.11543714	5589
0.415222692	0.114071615	5590
0.445399476	0.112133658	5591
0.47547574	0.109709702	5592
0.505327484	0.106839542	5593
0.534837073	0.103571488	5594
0.563893638	0.0999550615	5595
0.592393457	0.096038976	5596
0.620240398	0.0918712701	5597
0.647346393	0.0874997907	5598
0.673631962	0.0829729572	5599
0.699025599	0.078334894	5600
0.723464681	0.0736296601	5601
0.746895074	0.0688986111	5602
0.769271119	0.0641801445	5603
0.790555892	0.0595112019	5604
0.810720869	0.0549258845	5605
0.829745728	0.0504552706	5606
0.84761793	0.0461265811	5607
0.864332787	0.0419644945	5608
0.879893085	0.0379907883	5609
0.894308489	0.034223257	5610
0.907595396	0.03067668	5611
0.919776507	0.0273627108	5612
0.930880139	0.0242890398	5613
0.940939968	0.0214601542	5614
0.949994818	0.0188781573	5615
0.958087804	0.0165416362	5616
0.965265596	0.0144451339	5617
0.971579051	0.0125824469	5618
0.977083295	0.0109475231	5619
0.981835093	0.00952743619	5620
0.985891667	0.00830183483	5621
0.989314696	0.00725520809	5622
0.99217345	0.00638110655	5623
0.994541107	0.00566354973	5624
0.996488326	0.00505949093	5625
0.998064109	0.00447681346	5626
0.999315588	0.00387718375	5627
1.00029865	0.0032649589	5628
1.00108696	0.00263084064	5629
1.0016946	0.001922513	5630
1.00210138	0.00110573574	5631
1.00258844	0.000178887617	5632
1.0024738	-0.000902499958	5633
1.00202979	-0.00191171296	5634
1.00124402	-0.00273665603	5635
1.00021168	-0.00335542768	5636
0.998986838	-0.003819977	5637
0.997504037	-0.00414576983	5638
0.995716158	-0.00433412259	5639
0.993561647	-0.00443439675	5640
0.990957958	-0.00454099577	5641
0.987814615	-0.00468056084	5642
0.984048576	-0.00485079822	5643
0.979585026	-0.00504208944	5644
0.974355616	-0.00526001312	5645
0.968295678	-0.00551645298	5646
0.961343443	-0.00581438319	5647
0.95344142	-0.00615256575	5648
0.944537052	-0.00653411867	5649
0.934582736	-0.00696385201	5650
0.923536087	-0.00744471605	5651
0.911360604	-0.00797931396	5652
0.898026233	-0.00857103065	5653
0.883509771	-0.00922354881	5654
0.86779531	-0.00994069458	5655
0.85087466	-0.0107262613	5656
0.832747731	-0.0115839426	5657
0.813422879	-0.0125173734	5658
0.792917178	-0.0135300547	5659
0.771256647	-0.0146252439	5660
0.748476403	-0.0158056791	5661
0.724620696	-0.0170721311	5662
0.699742968	-0.0184235113	5663
0.673905872	-0.0198583663	5664
0.647180998	-0.0213721769	5665
0.619648577	-0.0229549745	5666
0.59139751	-0.024597154	5667
0.562524618	-0.0262828936	5668
0.53313441	-0.0279934984	5669
0.503338345	-0.0297031756	5670
0.473254656	-0.031385797	5671
0.443007413	-0.0330106552	5672
0.412725546	-0.0345295088	5673
0.382545974	-0.0359712479	5674
0.352611034	-0.0374502322	5675
0.323057313	-0.0389534188	5676
0.294019646	-0.0404172235	5677
0.265632716	-0.0417829177	5678
0.238029259	-0.0429874098	5679
0.211339047	-0.043967515	5680
0.185687742	-0.0446592632	5681
0.16119592	-0.0450008177	5682
0.137978094	-0.0449333485	5683
0.116141941	-0.0443997482	5684
0.0957878808	-0.043345956	5685
0.0770097507	-0.041716029	5686
0.0598968954	-0.0394543617	5687
0.0445400412	-0.0364981593	5688
0.0310441182	-0.0327778692	5689
0.0195564464	-0.028215565	5690
0.0103036318	-0.0227754924	5691
0.00359117048	-0.0165996149	5692
-0.000421719773	-0.0102339155	5693
-0.0021659485	-0.00453685104	5694
-0.00256068693	-8.90548898e-05	5695
-0.00222278196	0.00432788455	5696
-0.000800801956	0.0099612153	5697
0.00223166099	0.0165836319	5698
0.00719468669	0.0238676732	5699
0.0141973078	0.0315346686	5700
0.0232374122	0.0393957629	5701
0.0342760346	0.047323096	5702
0.047264263	0.05521769	5703
0.0621480148	0.0629897758	5704
0.0788663899	0.0705500901	5705
0.0973489946	0.0778059546	5706
0.117512463	0.0846665869	5707
0.139261046	0.091041602	5708
0.162486209	0.0968436956	5709
0.187066498	0.101995632	5710
0.212870047	0.106427348	5711
0.239755279	0.110083438	5712
0.267573662	0.112921196	5713
0.296171788	0.114909931	5714
0.32539313	0.116037573	5715
0.355080619	0.11630415	5716
0.385078129	0.115720167	5717
0.415234629	0.114354604	5718
0.445417091	0.112416499	5719
0.47549845	0.109992319	5720
0.505354826	0.107121879	5721
0.534868666	0.1038535	5722
0.563929162	0.100236715	5723
0.592432635	0.0963202445	5724
0.620282988	0.0921521323	5725
0.647392179	0.0877802305	5726
0.673680745	0.0832529623	5727
0.699077199	0.0786144555	5728
0.723518932	0.0739087723	5729
0.746951819	0.0691772708	5730
0.769330209	0.0644583515	5731
0.790617185	0.0597889585	5732
0.810784226	0.0552031958	5733
0.829811015	0.050732144	5734
0.847685015	0.0464030266	5735
0.864401536	0.0422405255	5736
0.879963368	0.0382664203	5737
0.894380173	0.0344985083	5738
0.907668348	0.0309515718	5739
0.919850597	0.0276372661	5740
0.930955238	0.0245632829	5741
0.941015956	0.0217341096	5742
0.950071588	0.019151847	5743
0.95816528	0.0168150756	5744
0.965343747	0.0147183264	5745
0.97165789	0.0128553847	5746
0.977163009	0.0112201476	5747
0.981916088	0.00979962365	5748
0.985974646	0.00857336473	5749
0.989400756	0.00752571921	5750
0.99226442	0.00664995083	5751
0.994640121	0.00592948502	5752
0.996600225	0.00532021927	5753
0.998194945	0.00472853121	5754
0.999471229	0.0041143328	5755
1.00048405	0.00347962415	5756
1.00130552	0.00281161628	5757
1.00194561	0.00205459117	5758
1.00237654	0.001174698	5759
1.00290669	0.000172643822	5760
1.00277933	-0.000992004202	5761
1.00230182	-0.00207726192	5762
1.00146873	-0.00296240913	5763
1.00038594	-0.00362218382	5764
0.999114938	-0.0041118413	5765
0.99759393	-0.00445169408	5766
0.995777383	-0.00464717517	5767
0.993603558	-0.00475074523	5768
0.990987801	-0.00485884125	5769
0.987837047	-0.0049991463	5770
0.984066429	-0.00516980225	5771
0.979600114	-0.0053613624	5772
0.974369161	-0.00557947726	5773
0.968308464	-0.00583606521	5774
0.961355939	-0.00613411761	5775
0.953453875	-0.00647240561	5776
0.944549632	-0.00685404995	5777
0.934595537	-0.00728386276	5778
0.92354916	-0.00776479547	5779
0.911373977	-0.00829945165	5780
0.898039921	-0.00889121621	5781
0.883523787	-0.00954377164	5782
0.867809666	-0.0102609438	5783
0.850889367	-0.0110465258	5784
0.8327628	-0.0119042109	5785
0.813438318	-0.0128376338	5786
0.792932995	-0.0138502956	5787
0.771272846	-0.0149454535	5788
0.748492977	-0.0161258461	5789
0.724637631	-0.0173922444	5790
0.699760235	-0.0187435605	5791
0.67392343	-0.0201783416	5792
0.647198786	-0.0216920698	5793
0.619666517	-0.0232747773	5794
0.591415504	-0.0249168601	5795
0.562542551	-0.0266024973	5796
0.533152153	-0.0283129947	5797
0.503355762	-0.0300225596	5798
0.473271616	-0.0317050629	5799
0.443023814	-0.0333297951	5800
0.412741355	-0.0348485107	5801
0.382561227	-0.0362900962	5802
0.352625685	-0.0377689144	5803
0.323071104	-0.0392719315	5804
0.294032122	-0.0407355689	5805
0.265643251	-0.0421010978	5806
0.238037057	-0.0433054197	5807
0.211343129	-0.0442853317	5808
0.185686913	-0.0449768291	5809
0.161188719	-0.0453180142	5810
0.137962718	-0.0452499527	5811
0.116116143	-0.0447153609	5812
0.0957488357	-0.043659881	5813
0.0769538995	-0.0420270696	5814
0.0598197971	-0.0397604849	5815
0.0444363262	-0.0367959669	5816
0.0309077641	-0.0330618557	5817
0.0193817752	-0.0284773546	5818
0.01008741	-0.023003765	5819
0.00333535682	-0.0167819749	5820
-0.000708780728	-0.0103610045	5821
-0.00247206934	-0.00460565148	5822
-0.0028740777	-0.000101232333	5823
-0.00253364642	0.00436882993	5824
-0.00110103656	0.0100515341	5825
0.00194878531	0.0167188981	5826
0.00693378945	0.0240417275	5827
0.013960506	0.0317404856	5828
0.0230247461	0.0396266426	5829
0.034086266	0.0475733685	5830
0.0470955919	0.0554828886	5831
0.061998548	0.0632665136	5832
0.0787343847	0.0708358372	5833
0.0972329497	0.0780988179	5834
0.117411128	0.0849651308	5835
0.139173393	0.0913447151	5836
0.162411391	0.0971504941	5837
0.187003802	0.102305395	5838
0.212818853	0.106739469	5839
0.239715028	0.110397402	5840
0.267543824	0.113236554	5841
0.296151836	0.115226294	5842
0.325382511	0.116354601	5843
0.355078726	0.116621555	5844
0.385084253	0.116037712	5845
0.415247941	0.114672112	5846
0.445436783	0.112733847	5847
0.475523865	0.11030942	5848
0.505385447	0.107438668	5849
0.534904064	0.104169928	5850
0.563968975	0.100552744	5851
0.592476554	0.0966358435	5852
0.62033074	0.0924672778	5853
0.647443517	0.0880949041	5854
0.673735449	0.0835671501	5855
0.699135065	0.0789281474	5856
0.723579771	0.0742219618	5857
0.747015455	0.0694899544	5858
0.769396474	0.0647705289	5859
0.790685917	0.0601006326	5860
0.810855269	0.0555143722	5861
0.829884216	0.0510428314	5862
0.847760224	0.0467132367	5863
0.8644786	0.0425502739	5864
0.880042137	0.0385757249	5865
0.894460495	0.0348073908	5866
0.907750072	0.0312600568	5867
0.919933569	0.0279453807	5868
0.931039311	0.0248710557	5869
0.941100988	0.0220415693	5870
0.950157457	0.0194590196	5871
0.958251898	0.017121979	5872
0.96543108	0.0150249645	5873
0.971745944	0.013161751	5874
0.977252014	0.0115261714	5875
0.982006516	0.0101051615	5876
0.986067318	0.00887816179	5877
0.989496922	0.0078293657	5878
0.992366239	0.00695168481	5879
0.994751165	0.00622788753	5880
0.996726001	0.00561266321	5881
0.998342342	0.00501064923	5882
0.999646884	0.00437974021	5883
1.0006935	0.0037192314	5884
1.00155235	0.00301249722	5885
1.00222853	0.00220033172	5886
1.00268585	0.00124966624	5887
1.00326373	0.000163733002	5888
1.003122	-0.00109291175	5889
1.00260752	-0.00226222626	5890
1.00172219	-0.00321437865	5891
1.00058323	-0.00392033108	5892
0.999260363	-0.00443857764	5893
0.997696132	-0.00479456153	5894
0.995846977	-0.00499826358	5895
0.993651059	-0.00510564856	5896
0.991021419	-0.00521547843	5897
0.987862107	-0.00535663713	5898
0.984086207	-0.00552777253	5899
0.979616708	-0.00571963913	5900
0.974383992	-0.00593797138	5901
0.968322442	-0.00619472765	5902
0.961369619	-0.00649291861	5903
0.953467539	-0.00683132639	5904
0.944563471	-0.00721307452	5905
0.934609661	-0.00764297751	5906
0.923563624	-0.00812398808	5907
0.911388809	-0.00865871032	5908
0.898055137	-0.00925052912	5909
0.883539396	-0.00990312675	5910
0.867825677	-0.0106203288	5911
0.850905789	-0.0114059279	5912
0.832779642	-0.0122636172	5913
0.813455588	-0.0131970312	5914
0.792950698	-0.0142096707	5915
0.771290983	-0.015304793	5916
0.748511541	-0.0164851368	5917
0.724656604	-0.0177514738	5918
0.699779584	-0.0191027167	5919
0.673943107	-0.0205374135	5920
0.647218722	-0.0220510472	5921
0.619686623	-0.0236336515	5922
0.591435671	-0.0252756234	5923
0.56256265	-0.026961143	5924
0.533172039	-0.0286715168	5925
0.503375281	-0.0303809524	5926
0.473290624	-0.0320633194	5927
0.443042192	-0.0336879064	5928
0.412759063	-0.0352064631	5929
0.382578302	-0.0366478719	5930
0.352642067	-0.0381264997	5931
0.3230865	-0.0396293221	5932
0.294046019	-0.0410927667	5933
0.265654942	-0.0424581045	5934
0.238045646	-0.0436622286	5935
0.211347512	-0.0446419156	5936
0.185685743	-0.0453331216	5937
0.161180349	-0.0456738789	5938
0.137945118	-0.0456051346	5939
0.116086784	-0.0450694055	5940
0.0957045449	-0.0440119973	5941
0.0768906852	-0.042375902	5942
0.0597326927	-0.0401037378	5943
0.0443193469	-0.0371298171	5944
0.030754224	-0.0333801344	5945
0.0191854022	-0.0287707145	5946
0.00984466274	-0.0232596164	5947
0.00304843493	-0.0169865487	5948
-0.00103063297	-0.0105038517	5949
-0.00281532866	-0.0046832593	5950
-0.00322557213	-0.000115262739	5951
-0.0028823491	0.00441453348	5952
-0.00143783458	0.0101526787	5953
0.0016314149	0.0168704283	5954
0.00664099941	0.0242367133	5955
0.013694667	0.0319710707	5956
0.0227859221	0.039885346	5957
0.0338730971	0.0478538551	5958
0.0469060849	0.0557801603	5959
0.0618305981	0.0635767736	5960
0.0785860475	0.0711562447	5961
0.0971025453	0.0784272439	5962
0.117297254	0.0852999591	5963
0.139074894	0.0916846934	5964
0.162327312	0.0974946268	5965
0.186933339	0.102652869	5966
0.212761307	0.107089603	5967
0.239669768	0.110749615	5968
0.267510252	0.113590341	5969
0.296129358	0.115581216	5970
0.325370504	0.116710279	5971
0.355076507	0.116977662	5972
0.385091029	0.116393984	5973
0.415262786	0.115028349	5974
0.445458793	0.11308991	5975
0.475552308	0.110665211	5976
0.505419738	0.107794114	5977
0.534943723	0.104524972	5978
0.564013596	0.100907343	5979
0.592525787	0.0969899635	5980
0.620384276	0.0928208915	5981
0.647501081	0.0884479907	5982
0.67379679	0.083919694	5983
0.699199954	0.0792801371	5984
0.723647995	0.0745733899	5985
0.747086815	0.069840817	5986
0.769470781	0.0651208258	5987
0.790762987	0.060450367	5988
0.810934924	0.0558635509	5989
0.829966283	0.0513914644	5990
0.847844529	0.0470613383	5991
0.864564971	0.0428978614	5992
0.880130402	0.0389228198	5993
0.89455048	0.0351540184	5994
0.907841598	0.031606246	5995
0.920026461	0.0282911635	5996
0.931133398	0.0252164657	5997
0.941196105	0.0223866404	5998
0.950253463	0.019803782	5999
0.958348691	0.0174664537	6000
0.965528596	0.0153691633	6001
0.971844237	0.0135056534	6002
0.977351341	0.0118696993	6003
0.982107432	0.0104481479	6004
0.98617078	0.00922031076	6005
0.989604384	0.00817020318	6006
0.992480217	0.00729032592	6007
0.99487576	0.00656269925	6008
0.996867487	0.00594063241	6009
0.998508567	0.00532674538	6010
0.999845336	0.00467661999	6011
1.00093034	0.00398646025	6012
1.00183125	0.00323546228	6013
1.00254746	0.00236090947	6014
1.00303357	0.00133098661	6015
1.00366427	0.000151584141	6016
1.00350635	-0.00120655256	6017
1.00295114	-0.00246871379	6018
1.00200825	-0.00349541461	6019
1.00080681	-0.00425338355	6020
0.999425695	-0.00480422183	6021
0.997812537	-0.00517875726	6022
0.995926241	-0.00539197247	6023
0.993704993	-0.00550379075	6024
0.991059338	-0.00561563682	6025
0.987890107	-0.00575778422	6026
0.984108096	-0.00592946952	6027
0.979634919	-0.00612168571	6028
0.974400176	-0.00634026521	6029
0.968337665	-0.00659721281	6030
0.961384536	-0.00689556096	6031
0.953482475	-0.00723410473	6032
0.944578647	-0.00761597067	6033
0.934625202	-0.0080459759	6034
0.923579591	-0.00852707468	6035
0.91140523	-0.00906187167	6036
0.898072024	-0.0096537518	6037
0.883556756	-0.0103063971	6038
0.867843515	-0.0110236329	6039
0.85092411	-0.0118092513	6040
0.832798453	-0.0126669452	6041
0.813474894	-0.0136003488	6042
0.792970502	-0.0146129627	6043
0.771311283	-0.0157080442	6044
0.748532328	-0.0168883324	6045
0.724677854	-0.0181545995	6046
0.699801261	-0.0195057586	6047
0.673965154	-0.020940359	6048
0.647241061	-0.0224538848	6049
0.619709154	-0.0240363708	6050
0.591458272	-0.0256782155	6051
0.562585176	-0.0273636001	6052
0.533194324	-0.0290738318	6053
0.503397156	-0.0307831185	6054
0.473311924	-0.0324653286	6055
0.443062784	-0.0340897481	6056
0.412778899	-0.0356081219	6057
0.382597413	-0.037049328	6058
0.352660383	-0.0385277372	6059
0.323103686	-0.040030336	6060
0.294061494	-0.0414935586	6061
0.265667911	-0.0428586755	6062
0.2380551	-0.0440625702	6063
0.211352205	-0.0450419957	6064
0.185684158	-0.0457328629	6065
0.161170629	-0.0460731251	6066
0.137924977	-0.0460035945	6067
0.116053378	-0.0454665611	6068
0.095654307	-0.04440695	6069
0.0768191424	-0.0427671168	6070
0.0596342927	-0.0404886235	6071
0.0441874213	-0.0375040743	6072
0.0305813535	-0.0337368537	6073
0.0189646603	-0.0290994694	6074
0.00957217005	-0.0235464103	6075
0.00272665477	-0.0172160883	6076
-0.00139146844	-0.010664465	6077
-0.00320021969	-0.00477085056	6078
-0.00361980112	-0.000131453188	6079
-0.0032734975	0.00446553129	6080
-0.00181564828	0.010265948	6081
0.00127534874	0.0170401888	6082
0.00631242757	0.0244551613	6083
0.0133962417	0.0322294169	6084
0.0225177349	0.0401752356	6085
0.0336336527	0.04816821	6086
0.0466931764	0.056113388	6087
0.0616418853	0.0639246188	6088
0.0784193615	0.071515518	6089
0.0969560068	0.0787955514	6090
0.117169289	0.0856754815	6091
0.138964206	0.0920660204	6092
0.162232825	0.0978806365	6093
0.186854146	0.103042645	6094
0.21269662	0.107482379	6095
0.239618873	0.111144735	6096
0.267472477	0.11398724	6097
0.296104031	0.115979399	6098
0.325356926	0.117109317	6099
0.35507391	0.117377192	6100
0.385098524	0.116793707	6101
0.41527934	0.11542804	6102
0.445483394	0.113489412	6103
0.475584136	0.111064413	6104
0.505458139	0.108192933	6105
0.534988155	0.104923345	6106
0.564063602	0.101305221	6107
0.592580973	0.0973873065	6108
0.620444295	0.0932176695	6109
0.647565622	0.0888441802	6110
0.67386557	0.0843152771	6111
0.699272715	0.079675101	6112
0.723724497	0.0749677262	6113
0.747166831	0.0702345215	6114
0.769554097	0.0655138982	6115
0.790849396	0.0608428113	6116
0.811024224	0.0562553751	6117
0.830058276	0.0517826804	6118
0.847939017	0.0474519627	6119
0.864661758	0.0432879145	6120
0.880229288	0.039312327	6121
0.894651263	0.0355430094	6122
0.907944075	0.031994755	6123
0.920130427	0.0286792282	6124
0.931238652	0.0256041257	6125
0.94130246	0.0227739352	6126
0.950360753	0.0201907472	6127
0.958456801	0.0178531131	6128
0.965637435	0.0157555357	6129
0.971953901	0.0138917061	6130
0.977462131	0.0122553419	6131
0.982220002	0.0108331847	6132
0.986286255	0.00960439711	6133
0.989724466	0.00855278662	6134
0.992607842	0.00767037575	6135
0.995015651	0.00693832909	6136
0.997026832	0.0063083603	6137
0.998696249	0.00568078708	6138
1.0000698	0.0050085073	6139
1.00119838	0.00428422516	6140
1.00214654	0.00348263471	6141
1.00290705	0.00253756288	6142
1.00342446	0.00141900096	6143
1.00411361	0.000135660796	6144
1.0039375	-0.00133438959	6145
1.00333752	-0.00269903223	6146
1.00233126	-0.00380864057	6147
1.00106044	-0.00462520853	6148
0.999613943	-0.00521324135	6149
0.997945383	-0.00560916242	6150
0.996016721	-0.00583342544	6151
0.993766371	-0.00595041832	6152
0.991102186	-0.00606461977	6153
0.98792142	-0.0062079166	6154
0.984132304	-0.0063802349	6155
0.979654859	-0.00657285041	6156
0.974417775	-0.00679171135	6157
0.968354172	-0.00704887652	6158
0.961400697	-0.00734740437	6159
0.953498735	-0.00768610124	6160
0.944595229	-0.00806810086	6161
0.934642249	-0.00849822199	6162
0.92359717	-0.00897942059	6163
0.91142337	-0.00951430208	6164
0.898090733	-0.0101062514	6165
0.883576036	-0.0107589505	6166
0.867863365	-0.0114762242	6167
0.85094453	-0.0122618643	6168
0.832819446	-0.013119563	6169
0.813496463	-0.0140529544	6170
0.792992645	-0.0150655389	6171
0.771333996	-0.0161605739	6172
0.748555596	-0.0173407985	6173
0.724701649	-0.0186069856	6174
0.699825539	-0.0199580491	6175
0.673989852	-0.0213925391	6176
0.64726609	-0.0229059414	6177
0.619734401	-0.0244882921	6178
0.591483598	-0.026129991	6179
0.562610418	-0.0278152206	6180
0.533219298	-0.0295252891	6181
0.503421669	-0.0312344043	6182
0.473335792	-0.0329164337	6183
0.443085856	-0.0345406605	6184
0.412801114	-0.0360588239	6185
0.382618802	-0.0374997972	6186
0.352680857	-0.0389779559	6187
0.323122865	-0.040480298	6188
0.294078723	-0.0419432652	6189
0.265682294	-0.043308127	6190
0.238065497	-0.0445117557	6191
0.211357215	-0.0454908774	6192
0.185682068	-0.0461813515	6193
0.161159349	-0.0465210409	6194
0.137901931	-0.0464506048	6195
0.116015367	-0.0459120758	6196
0.0955973263	-0.044849949	6197
0.0767381789	-0.0432058619	6198
0.0595231414	-0.0409201911	6199
0.0440386553	-0.0379236312	6200
0.0303867425	-0.0341366647	6201
0.0187165574	-0.0294679094	6202
0.00926632512	-0.0238679245	6203
0.00236581896	-0.0174736931	6204
-0.0017959799	-0.0108451163	6205
-0.00363177684	-0.00486976632	6206
-0.00406195786	-0.000150165938	6207
-0.00371226082	0.00452241424	6208
-0.00223947282	0.010392794	6209
0.000875873926	0.0172303829	6210
0.00594371094	0.0246999087	6211
0.0130612484	0.0325188799	6212
0.0222165867	0.0405000814	6213
0.0333647052	0.0485205299	6214
0.0464539856	0.0564869254	6215
0.0614298492	0.0643146049	6216
0.0782320613	0.0719183727	6217
0.0967913404	0.0792085838	6218
0.117025493	0.0860966442	6219
0.138839821	0.0924937248	6220
0.162126641	0.0983136189	6221
0.186765141	0.103479873	6222
0.212623904	0.107922989	6223
0.239561642	0.11158799	6224
0.26742997	0.114432502	6225
0.296075495	0.116426113	6226
0.325341572	0.117557003	6227
0.355070875	0.117825439	6228
0.385106812	0.11724218	6229
0.415297796	0.115876485	6230
0.445510889	0.113937653	6231
0.475619751	0.111512323	6232
0.505501139	0.108640419	6233
0.535037932	0.105370335	6234
0.564119642	0.101751659	6235
0.59264283	0.0978331486	6236
0.62051158	0.0936628811	6237
0.647637982	0.0892887347	6238
0.673942687	0.0847591544	6239
0.699354298	0.0801182867	6240
0.723810273	0.0754102108	6241
0.747256547	0.0706763004	6242
0.769647509	0.0659549713	6243
0.790946268	0.0612831835	6244
0.811124327	0.0566950557	6245
0.830161381	0.0522216843	6246
0.848044901	0.0478903084	6247
0.864770195	0.0437256266	6248
0.880340048	0.0397494352	6249
0.894764112	0.035979549	6250
0.908058777	0.0324307664	6251
0.920246745	0.0291147557	6252
0.931356354	0.0260392158	6253
0.941421325	0.0232086346	6254
0.950480593	0.0206250967	6255
0.958577485	0.01828714	6256
0.96575885	0.0161892641	6257
0.972076182	0.0143250925	6258
0.977585641	0.0126882778	6259
0.982345522	0.0112654395	6260
0.986415046	0.0100355865	6261
0.989858662	0.00898222412	6262
0.992750813	0.00809687601	6263
0.995172846	0.00735970406	6264
0.997206515	0.00672056642	6265
0.998908444	0.00607716512	6266
1.00032402	0.00537928027	6267
1.00150203	0.00461568649	6268
1.00250315	0.00375628628	6269
1.00331254	0.00273159413	6270
1.00386385	0.00151404366	6271
1.00461767	0.000115292105	6272
1.0044212	-0.00147803115	6273
1.00377207	-0.00295570651	6274
1.0026962	-0.00415747618	6275
1.00134845	-0.00504005586	6276
0.999828618	-0.00567057399	6277
0.998097315	-0.0060912038	6278
0.996120271	-0.00632834413	6279
0.993836409	-0.00645140565	6280
0.991150719	-0.00656837303	6281
0.987956493	-0.00671301225	6282
0.984159072	-0.00688606225	6283
0.979676648	-0.00707913478	6284
0.974436845	-0.00729831636	6285
0.96837199	-0.00755572911	6286
0.961418146	-0.00785446134	6287
0.953516357	-0.00819333185	6288
0.944613271	-0.00857548322	6289
0.934660879	-0.0090057357	6290
0.923616466	-0.00948704726	6291
0.911443357	-0.0100220242	6292
0.898111416	-0.0106140516	6293
0.88359741	-0.0112668111	6294
0.867885422	-0.0119841272	6295
0.850967264	-0.0127697913	6296
0.832842853	-0.0136274951	6297
0.813520541	-0.0145608722	6298
0.793017388	-0.0155734229	6299
0.771359394	-0.0166684045	6300
0.74858163	-0.0178485563	6301
0.724728285	-0.019114652	6302
0.699852724	-0.0204656062	6303
0.674017513	-0.0218999701	6304
0.647294128	-0.0234132311	6305
0.619762685	-0.0249954269	6306
0.591511974	-0.0266369586	6307
0.5626387	-0.0283220104	6308
0.533247281	-0.0300318914	6309
0.503449135	-0.0317408095	6310
0.473362535	-0.033422631	6311
0.443111702	-0.0350466358	6312
0.412825992	-0.0365645575	6313
0.382642737	-0.0380052637	6314
0.352703742	-0.0394831353	6315
0.323144267	-0.0409851829	6316
0.294097902	-0.0424478562	6317
0.265698239	-0.0438124237	6318
0.238076924	-0.0450157443	6319
0.211362544	-0.0459945134	6320
0.185679369	-0.0466845315	6321
0.161146267	-0.0470235588	6322
0.137875565	-0.0469520802	6323
0.115972119	-0.0464118369	6324
0.0955327003	-0.0453468373	6325
0.0766465587	-0.0436979102	6326
0.0593975952	-0.0414041015	6327
0.0438709145	-0.0383939727	6328
0.0301676815	-0.0345847815	6329
0.018437737	-0.0298808463	6330
0.0089230878	-0.0242284019	6331
0.00196122961	-0.0177628535	6332
-0.00224942046	-0.0110483764	6333
-0.00411564051	-0.00498153638	6334
-0.00455786597	-0.000171828674	6335
-0.00420443854	0.0045858321	6336
-0.00271491268	0.0105348393	6337
0.000427702927	0.017443479	6338
0.00552995441	0.0249741355	6339
0.0126852188	0.032843221	6340
0.0218784399	0.0408641093	6341
0.0330626313	0.0489154076	6342
0.0461852775	0.0569056535	6343
0.0611916142	0.0647518402	6344
0.0780216021	0.0723700971	6345
0.0966063064	0.0796717728	6346
0.116863906	0.0865689941	6347
0.138700044	0.092973447	6348
0.162007312	0.0987992897	6349
0.186665106	0.10397033	6350
0.212542162	0.108417259	6351
0.239497284	0.112085244	6352
0.26738214	0.114932022	6353
0.296043341	0.116927275	6354
0.325324208	0.118059266	6355
0.355067331	0.118328343	6356
0.385115973	0.117745348	6357
0.415318371	0.116379632	6358
0.445541616	0.114440578	6359
0.475659601	0.112014885	6360
0.505549288	0.10914251	6361
0.535093695	0.105871876	6362
0.564182438	0.102252585	6363
0.592712161	0.09833341	6364
0.620587004	0.0941624391	6365
0.647719103	0.0897875593	6366
0.674029146	0.0852572229	6367
0.699445765	0.0806155828	6368
0.723906442	0.0759067241	6369
0.747357128	0.0711720258	6370
0.769752227	0.0664499092	6371
0.791054855	0.0617773397	6372
0.81123652	0.0571884418	6373
0.830276921	0.0527143175	6374
0.848163532	0.048382211	6375
0.864891656	0.0442168275	6376
0.880464073	0.0402399698	6377
0.894890433	0.036469459	6378
0.908187117	0.0329200994	6379
0.920376829	0.0296035641	6380
0.931487913	0.0265275545	6381
0.941554106	0.0236965575	6382
0.950614378	0.0211126512	6383
0.958712086	0.0187743681	6384
0.965894212	0.0166761731	6385
0.97221245	0.0148116352	6386
0.977723263	0.0131743231	6387
0.982485429	0.0117507144	6388
0.98655873	0.0105196394	6389
0.990008663	0.00946424209	6390
0.992911075	0.00857547006	6391
0.995349674	0.00783232511	6392
0.997409398	0.00718250789	6393
0.999148712	0.00652072842	6394
1.0006123	0.00579318141	6395
1.00184632	0.00498426095	6396
1.00290667	0.00405884113	6397
1.00376982	0.002944369	6398
1.00435776	0.00161643829	6399
1.00518312	8.97206225e-05	6400
1.0049639	-0.00163924473	6401
1.00426095	-0.00324149785	6402
1.00310873	-0.00454566167	6403
1.00167579	-0.00550258912	6404
1.00007382	-0.0061816686	6405
0.99827147	-0.00663090661	6406
0.996239114	-0.00688311234	6407
0.993916577	-0.00701332699	6408
0.991205853	-0.00713356115	6409
0.987995859	-0.00727977674	6410
0.984188672	-0.00745367664	6411
0.979700413	-0.0076472732	6412
0.974457427	-0.00786682058	6413
0.968391123	-0.00812451534	6414
0.961436882	-0.00842348024	6415
0.953535353	-0.0087625479	6416
0.94463281	-0.00914487164	6417
0.934681158	-0.00957527307	6418
0.923637571	-0.0100567124	6419
0.911465316	-0.010591797	6420
0.898134227	-0.0111839123	6421
0.883621059	-0.0118367397	6422
0.867909893	-0.0125541032	6423
0.850992542	-0.0133397938	6424
0.832868924	-0.0141975027	6425
0.813547396	-0.0151308629	6426
0.793045019	-0.0161433744	6427
0.77138778	-0.0172382947	6428
0.748610746	-0.0184183633	6429
0.724758088	-0.0196843544	6430
0.699883155	-0.0210351836	6431
0.674048487	-0.0224694034	6432
0.647325528	-0.0239825027	6433
0.619794367	-0.025564521	6434
0.591543761	-0.0272058613	6435
0.562670385	-0.0288907091	6436
0.533278632	-0.0306003748	6437
0.503479908	-0.0323090664	6438
0.473392495	-0.0339906486	6439
0.443140654	-0.0356143983	6440
0.41285385	-0.0371320421	6441
0.382669519	-0.0385724421	6442
0.352729317	-0.0400499847	6443
0.323168144	-0.0415516946	6444
0.294119245	-0.0430140303	6445
0.265715908	-0.0443782582	6446
0.238089472	-0.0455812224	6447
0.211368188	-0.0465595825	6448
0.185675937	-0.0472490721	6449
0.161131101	-0.0475873343	6450
0.137845403	-0.0475146561	6451
0.115922913	-0.0469724479	6452
0.095459404	-0.0459041684	6453
0.0765428821	-0.044249735	6454
0.0592557973	-0.0419467012	6455
0.0436817935	-0.0389212471	6456
0.0299211235	-0.0350870491	6457
0.018124432	-0.0303436763	6458
0.00853793184	-0.0246326071	6459
0.00150762846	-0.0180875004	6460
-0.00275767017	-0.0112771549	6461
-0.00465812965	-0.00510790627	6462
-0.00511405585	-0.000196946555	6463
-0.0047565375	0.00465649724	6464
-0.00324825658	0.0106938949	6465
-7.50972238e-05	0.0176822406	6466
0.00506566505	0.0252814047	6467
0.0122631384	0.0332066555	6468
0.021498762	0.0412720561	6469
0.0327233628	0.0493579914	6470
0.0458834194	0.0573750446	6471
0.0609239507	0.065242052	6472
0.0777851253	0.0728766208	6473
0.0963983885	0.0801912097	6474
0.116682331	0.0870987525	6475
0.138542972	0.0935115131	6476
0.161873209	0.09934406	6477
0.186552675	0.104520495	6478
0.212450271	0.108971724	6479
0.23942491	0.112643074	6480
0.267328317	0.11549241	6481
0.29600711	0.117489521	6482
0.32530457	0.11862276	6483
0.355063199	0.118892568	6484
0.385126095	0.118309881	6485
0.415341305	0.116944152	6486
0.445575953	0.115004859	6487
0.475704187	0.112578766	6488
0.505603197	0.109705871	6489
0.535156158	0.106434624	6490
0.564252803	0.102814649	6491
0.592789864	0.0988947336	6492
0.620671548	0.0947229782	6493
0.647810041	0.09034728	6494
0.674126072	0.0858160997	6495
0.699548307	0.0811735974	6496
0.724014251	0.076463865	6497
0.747469879	0.0717282876	6498
0.769869605	0.0670052928	6499
0.791176558	0.0623318523	6500
0.811362244	0.0577420982	6501
0.830406373	0.0532671371	6502
0.848296416	0.0489342207	6503
0.865027671	0.0447680619	6504
0.880602913	0.040790471	6505
0.895031784	0.0370192763	6506
0.908330661	0.0334692892	6507
0.920522246	0.030152188	6508
0.931634889	0.0270756767	6509
0.941702349	0.0242442411	6510
0.950763641	0.0216599499	6511
0.958862129	0.0193213371	6512
0.966045026	0.017222806	6513
0.972364217	0.0153578748	6514
0.977876533	0.0137200097	6515
0.982641323	0.0122955227	6516
0.986719027	0.0110630339	6517
0.990176393	0.0100052574	6518
0.993090869	0.00911247054	6519
0.995548841	0.00836232713	6520
0.997638847	0.00770001228	6521
0.999421211	0.0070168191	6522
1.00093965	0.00625483817	6523
1.00223703	0.00539363136	6524
1.00336344	0.00439287937	6525
1.00428555	0.00317731676	6526
1.00491296	0.00172619781	6527
1.00581742	5.80926904e-05	6528
1.00557286	-0.00181997264	6529
1.00481106	-0.003559425	6530
1.00357527	-0.00497728453	6531
1.00204818	-0.00601791898	6532
1.00035432	-0.00675252821	6533
0.998471562	-0.00723495065	6534
0.996375925	-0.00750484546	6535
0.994008667	-0.00764353577	6536
0.991268709	-0.0077676524	6537
0.988040169	-0.00791573068	6538
0.984221419	-0.00809062382	6539
0.979726298	-0.00828482228	6540
0.974479555	-0.00850478763	6541
0.968411553	-0.00876280396	6542
0.961456869	-0.00906203408	6543
0.95355565	-0.00940132769	6544
0.944653853	-0.00978384569	6545
0.934703124	-0.0102144162	6546
0.923660564	-0.0106960001	6547
0.911489362	-0.0112312063	6548
0.898159316	-0.0118234203	6549
0.883647167	-0.0124763238	6550
0.867936992	-0.0131937402	6551
0.851020604	-0.0139794599	6552
0.832897927	-0.0148371736	6553
0.813577319	-0.0157705137	6554
0.793075845	-0.0167829799	6555
0.771419485	-0.0178778296	6556
0.748643291	-0.0190578029	6557
0.724791423	-0.0203236743	6558
0.699917207	-0.0216743604	6559
0.674083158	-0.0231084154	6560
0.647360686	-0.0246213297	6561
0.619829848	-0.026203145	6562
0.591579364	-0.0278442659	6563
0.562705878	-0.0295288798	6564
0.533313752	-0.0312382983	6565
0.50351438	-0.0329467296	6566
0.473426056	-0.0346280369	6567
0.44317308	-0.0362514931	6568
0.41288504	-0.037768818	6569
0.382699481	-0.0392088669	6570
0.352757895	-0.0406860328	6571
0.323194778	-0.0421873557	6572
0.294142991	-0.0436493034	6573
0.265735479	-0.04501314	6574
0.238103238	-0.0462156918	6575
0.211374139	-0.0471935781	6576
0.185671622	-0.0478824556	6577
0.161113529	-0.048219834	6578
0.137810899	-0.0481457754	6579
0.115866927	-0.0476013157	6580
0.0953762732	-0.0465292917	6581
0.0764255633	-0.0448685952	6582
0.0590956487	-0.0425551056	6583
0.0434685798	-0.0395123462	6584
0.0296436403	-0.0356500189	6585
0.0177724138	-0.0308624503	6586
0.00810578525	-0.0250858896	6587
0.000999129456	-0.0184520593	6588
-0.00332731082	-0.0115347436	6589
-0.00526632311	-0.00525086765	6590
-0.00573785033	-0.000226116322	6591
-0.00537585836	0.00473518799	6592
-0.00384656163	0.0108719801	6593
-0.000639184706	0.0179497597	6594
0.00454467792	0.0256257068	6595
0.0117893781	0.0336139066	6596
0.0210724641	0.04172923	6597
0.032342331	0.049854052	6598
0.0455443308	0.057901233	6599
0.0606232301	0.0657916619	6600
0.0775194193	0.0734445932	6601
0.0961647593	0.0807737257	6602
0.116478295	0.0876928968	6603
0.138366463	0.0941150186	6604
0.161722502	0.099955121	6605
0.186426309	0.105137636	6606
0.21234697	0.109593714	6607
0.239343521	0.11326886	6608
0.267267749	0.116121085	6609
0.295966283	0.118120294	6610
0.32528236	0.11925495	6611
0.355058384	0.119525593	6612
0.385137274	0.118943265	6613
0.415366866	0.117577533	6614
0.445614319	0.115637982	6615
0.475754067	0.113211448	6616
0.505663552	0.110337978	6617
0.535226123	0.10706605	6618
0.564331643	0.103445314	6619
0.592876944	0.0995245737	6620
0.620766307	0.0953519436	6621
0.647911974	0.0909753324	6622
0.674234721	0.0864432105	6623
0.699663251	0.0817997462	6624
0.724135098	0.0770890391	6625
0.747596256	0.0723524815	6626
0.770001158	0.0676285081	6627
0.791312935	0.0629540987	6628
0.811503104	0.0583633926	6629
0.830551379	0.0538875034	6630
0.848445227	0.0495536912	6631
0.865179939	0.0453866778	6632
0.880758284	0.0414082821	6633
0.895189895	0.0376363414	6634
0.90849114	0.0340856748	6635
0.920684721	0.0307679668	6636
0.931798998	0.0276909238	6637
0.941867756	0.0248590289	6638
0.950930068	0.0222743396	6639
0.959029287	0.0199353948	6640
0.966212945	0.0178365139	6641
0.972533142	0.0159711583	6642
0.97804715	0.0143326725	6643
0.982814962	0.0129071818	6644
0.98689788	0.0116730353	6645
0.990364051	0.0106124572	6646
0.99329279	0.00971493313	6647
0.995773528	0.00895653896	6648
0.997898811	0.00827953491	6649
0.999730801	0.00757130739	6650
1.00131188	0.00676928253	6651
1.00268078	0.00584775568	6652
1.00388065	0.00476114057	6653
1.0048672	0.00343192994	6654
1.005537	0.00184367921	6655
1.00652895	1.94474385e-05	6656
1.00625625	-0.00202234958	6657
1.00543023	-0.00391278777	6658
1.0041031	-0.00545680861	6659
1.00247217	-0.00659163887	6660
1.00067568	-0.00738975534	6661
0.998701996	-0.00791072951	6662
0.996533929	-0.008201465	6663
0.994114864	-0.00835025138	6664
0.991340667	-0.008479013	6665
0.988090227	-0.00862930767	6666
0.984257754	-0.00880536664	6667
0.979754465	-0.00900026095	6668
0.974503253	-0.00922070479	6669
0.96843323	-0.00947908828	6670
0.961478038	-0.00977862112	6671
0.953577213	-0.0101181728	6672
0.94467637	-0.0105009115	6673
0.934726787	-0.0109316741	6674
0.923685494	-0.0114134219	6675
0.911515589	-0.0119487653	6676
0.898186823	-0.0125410905	6677
0.883675915	-0.013194079	6678
0.867966936	-0.0139115541	6679
0.851051704	-0.0146973055	6680
0.832930146	-0.0155550234	6681
0.813610624	-0.0164883396	6682
0.793110206	-0.0175007532	6683
0.771454869	-0.0185955216	6684
0.748679647	-0.0197753854	6685
0.724828687	-0.0210411197	6686
0.699955295	-0.0223916423	6687
0.674121954	-0.0238255086	6688
0.647400041	-0.0253382113	6689
0.619869573	-0.026919794	6690
0.591619234	-0.0285606636	6691
0.562745628	-0.0302450094	6692
0.533353088	-0.0319541443	6693
0.503552992	-0.0336622767	6694
0.473463645	-0.0353432681	6695
0.443209394	-0.0369663872	6696
0.412919954	-0.038483346	6697
0.382732996	-0.0399229927	6698
0.352789822	-0.0413997273	6699
0.32322448	-0.0429006068	6700
0.294169401	-0.044362109	6701
0.265757147	-0.0457254947	6702
0.238118324	-0.0469275701	6703
0.211380377	-0.0479049075	6704
0.185666249	-0.0485930764	6705
0.161093176	-0.0489294345	6706
0.137771429	-0.048853788	6707
0.115803225	-0.0483067484	6708
0.0952819838	-0.0472304498	6709
0.0762928036	-0.0455626294	6710
0.0589147752	-0.0432372906	6711
0.0432282119	-0.0401749936	6712
0.0293313727	-0.0362810325	6713
0.0173769324	-0.0314439514	6714
0.00762096247	-0.0255942533	6715
0.000429142611	-0.0188615107	6716
-0.00396571001	-0.0118248657	6717
-0.0059481507	-0.00541269246	6718
-0.00643746051	-0.000260042762	6719
-0.00607059282	0.00482275128	6720
-0.00451774823	0.011071343	6721
-0.00127203301	0.0182494929	6722
0.00396007218	0.0260115087	6723
0.0112576174	0.0340702637	6724
0.0205938309	0.042241578	6725
0.0319144041	0.050410056	6726
0.0451634276	0.0584910949	6727
0.0602853758	0.066407869	6728
0.0772208751	0.0740814696	6729
0.0959022416	0.081426981	6730
0.116249022	0.0883592519	6731
0.138168113	0.0947919218	6732
0.161553137	0.100640539	6733
0.18628428	0.105829908	6734
0.212230841	0.110291451	6735
0.239251989	0.113970879	6736
0.267199587	0.116826365	6737
0.295920273	0.118827948	6738
0.325257238	0.11996421	6739
0.355052778	0.120235805	6740
0.385149613	0.119653895	6741
0.415395347	0.118288173	6742
0.445657182	0.116348345	6743
0.475809865	0.113921328	6744
0.505731118	0.11104722	6745
0.535304484	0.107774537	6746
0.564419972	0.104152954	6747
0.592974525	0.100231295	6748
0.620872506	0.0960576894	6749
0.648026222	0.0916800601	6750
0.6743565	0.0871468881	6751
0.699792085	0.0825023509	6752
0.72427054	0.0777905573	6753
0.747737886	0.0730529075	6754
0.770148571	0.0683278446	6755
0.791465728	0.0636523588	6756
0.81166089	0.0590605958	6757
0.830713768	0.054583679	6758
0.848611826	0.0502488779	6759
0.865350348	0.0460809248	6760
0.88093209	0.0421016491	6761
0.895366674	0.0383288978	6762
0.908670463	0.0347774995	6763
0.920866156	0.031459145	6764
0.931982127	0.0283815427	6765
0.942052195	0.0255491718	6766
0.95111545	0.0229640888	6767
0.959215378	0.0206248001	6768
0.966399781	0.0185255555	6769
0.972721054	0.0166597376	6770
0.978236995	0.0150205473	6771
0.983008276	0.0135939139	6772
0.987097489	0.0123577882	6773
0.990574169	0.0112938869	6774
0.993519861	0.0103907368	6775
0.996027547	0.00962252705	6776
0.998193934	0.00892821137	6777
1.00008317	0.00819062577	6778
1.0017357	0.00734196922	6779
1.00318514	0.00635087547	6780
1.00446644	0.00516652706	6781
1.00552322	0.00370973645	6782
1.00623832	0.00196923271	6783
1.0073271	-2.72957917e-05	6784
1.00702322	-0.00224872246	6785
1.00612727	-0.00430519343	6786
1.00470051	-0.00598910627	6787
1.00295526	-0.0072298634	6788
1.00104438	-0.00810059987	6789
0.998967989	-0.00866641282	6790
0.996717016	-0.00898177814	6791
0.99423785	-0.00914265376	6792
0.99142344	-0.00927701136	6793
0.988147039	-0.00942996342	6794
0.984298192	-0.00960740008	6795
0.979785114	-0.0098031028	6796
0.974528534	-0.0100240956	6797
0.968456073	-0.0102828989	6798
0.961500269	-0.0105827778	6799
0.953599934	-0.0109226244	6800
0.944700284	-0.0113056147	6801
0.934752112	-0.0117365961	6802
0.923712378	-0.01221853	6803
0.911544066	-0.0127540285	6804
0.898216867	-0.0133464787	6805
0.883707472	-0.0139995624	6806
0.867999945	-0.0147171025	6807
0.851086102	-0.0155028883	6808
0.832965879	-0.0163606093	6809
0.813647643	-0.0172938967	6810
0.793148465	-0.0183062491	6811
0.771494322	-0.0194009238	6812
0.748720231	-0.0205806617	6813
0.724870321	-0.021846239	6814
0.699997876	-0.0231965743	6815
0.67416535	-0.0246302247	6816
0.647444078	-0.0261426852	6817
0.619914037	-0.0277240018	6818
0.59166387	-0.0293645836	6819
0.562790138	-0.031048622	6820
0.533397138	-0.0327574315	6821
0.503596234	-0.0344652207	6822
0.47350574	-0.0361458493	6823
0.443250054	-0.0377685814	6824
0.412959034	-0.0392851201	6825
0.38277048	-0.0407243062	6826
0.352825485	-0.0422005473	6827
0.323257597	-0.0437009188	6828
0.294198766	-0.0451619096	6829
0.265781123	-0.0465247763	6830
0.238134836	-0.0477263014	6831
0.211386871	-0.0487030037	6832
0.18565961	-0.0493903528	6833
0.161069608	-0.0497255329	6834
0.137726274	-0.0496480602	6835
0.115730735	-0.0490980643	6836
0.095175028	-0.0480168862	6837
0.076142561	-0.0463409629	6838
0.058710488	-0.0440021965	6839
0.0429572318	-0.0409178444	6840
0.028979972	-0.0369883157	6841
0.0169326496	-0.032095781	6842
0.00707708709	-0.0261644339	6843
-0.000209712236	-0.0193214568	6844
-0.00468111569	-0.0121517298	6845
-0.00671249542	-0.00559597112	6846
-0.0072220933	-0.000299557819	6847
-0.00684993268	0.00492010425	6848
-0.00527070682	0.0112944817	6849
-0.00198203279	0.0185852995	6850
0.00330407599	0.0264438061	6851
0.010660757	0.0345816481	6852
0.0200564414	0.042815761	6853
0.0314338153	0.0510332491	6854
0.0447355578	0.0591523366	6855
0.0599058058	0.0670987434	6856
0.0768854364	0.074795609	6857
0.0956072639	0.0821595654	6858
0.115991388	0.0891065936	6859
0.137945218	0.0955511485	6860
0.161362799	0.101409361	6861
0.186124645	0.106606455	6862
0.212100288	0.11107416	6863
0.23914905	0.114758419	6864
0.267122877	0.117617586	6865
0.295868421	0.119621853	6866
0.325228822	0.120759936	6867
0.355046256	0.121032617	6868
0.385163225	0.120451192	6869
0.415427079	0.119085498	6870
0.445705063	0.117145372	6871
0.475872277	0.114717824	6872
0.50580675	0.111843011	6873
0.535392241	0.10856949	6874
0.564518923	0.104946964	6875
0.593083861	0.101024282	6876
0.620991514	0.0968495903	6877
0.648154259	0.0924708263	6878
0.67449298	0.0879364835	6879
0.699936467	0.0832907507	6880
0.72442232	0.0785777466	6881
0.747896585	0.0738388809	6882
0.770313721	0.0691126075	6883
0.791636878	0.0644359258	6884
0.811837591	0.0598429918	6885
0.830895572	0.0553649394	6886
0.84879828	0.0510290495	6887
0.865540985	0.0468600664	6888
0.881126433	0.0428798317	6889
0.895564232	0.0391062041	6890
0.908870735	0.0355540224	6891
0.921068642	0.0322349841	6892
0.932186345	0.0291567991	6893
0.942257709	0.02632394	6894
0.951321794	0.023738475	6895
0.959422393	0.0213988329	6896
0.96660752	0.0192992085	6897
0.972929967	0.0174328808	6898
0.978448159	0.0157928799	6899
0.983223576	0.0143649023	6900
0.987320365	0.0131264195	6901
0.990809675	0.0120585461	6902
0.993775628	0.0111486702	6903
0.996315255	0.0103687427	6904
0.998529692	0.00965391055	6905
1.00048497	0.00888180179	6906
1.00221888	0.00797879256	6907
1.00375877	0.00690752368	6908
1.00513002	0.00561210731	6909
1.00626338	0.00401152047	6910
1.00702643	0.00210307591	6911
1.00822241	-8.33518232e-05	6912
1.00788409	-0.00250167279	6913
1.00691209	-0.00474058612	6914
1.00537688	-0.0065794937	6915
1.00350605	-0.00793926998	6916
1.00146792	-0.00889300967	6917
0.999275706	-0.00951101134	6918
0.996929878	-0.009855562	6919
0.994380916	-0.0100309858	6920
0.991519163	-0.0101721329	6921
0.988211871	-0.0103282974	6922
0.984343394	-0.0105073747	6923
0.979818483	-0.0107040223	6924
0.974555411	-0.0109256463	6925
0.968479965	-0.0111849301	6926
0.961523389	-0.0114852052	6927
0.953623636	-0.0118253897	6928
0.944725397	-0.0122086693	6929
0.934779006	-0.012639899	6930
0.923741183	-0.0131220446	6931
0.911574824	-0.0136577187	6932
0.898249542	-0.0142503097	6933
0.883741993	-0.0149034998	6934
0.868036226	-0.0156211118	6935
0.85112406	-0.0164069347	6936
0.833005435	-0.0172646571	6937
0.813688727	-0.0181979099	6938
0.793191012	-0.019210191	6939
0.771538266	-0.0203047575	6940
0.748765498	-0.0214843505	6941
0.724916804	-0.0227497477	6942
0.700045454	-0.0240998684	6943
0.674213868	-0.0255332716	6944
0.647493336	-0.0270454549	6945
0.619963791	-0.0286264668	6946
0.591713829	-0.0302667189	6947
0.562839965	-0.0319504051	6948
0.533446457	-0.0336588414	6949
0.503644651	-0.0353662368	6950
0.473552873	-0.0370464488	6951
0.443295574	-0.0386687366	6952
0.413002766	-0.0401847936	6953
0.382812394	-0.0416234524	6954
0.352865311	-0.0430991289	6955
0.323294511	-0.0445989189	6956
0.294231404	-0.046059323	6957
0.265807637	-0.0474215925	6958
0.238152885	-0.0486224824	6959
0.211393574	-0.0495984501	6960
0.185651457	-0.0502848509	6961
0.161042319	-0.0506186718	6962
0.137674608	-0.0505390986	6963
0.11564823	-0.0499857152	6964
0.0950536871	-0.0488989662	6965
0.0759725143	-0.0472138261	6966
0.0584797386	-0.044859843	6967
0.0426517292	-0.0417505955	6968
0.0285845338	-0.037781082	6969
0.0164335603	-0.0328264543	6970
0.0064670035	-0.0268039837	6971
-0.000925703269	-0.0198381944	6972
-0.00548276286	-0.0125200888	6973
-0.00756930804	-0.00580365493	6974
-0.00810207182	-0.000345642655	6975
-0.00772419235	0.00502823443	6976
-0.00611541834	0.0115441669	6977
-0.00277860709	0.018961483	6978
0.00256795852	0.0269281817	6979
0.00999081916	0.0351546838	6980
0.0194530787	0.0434592355	6981
0.0308940819	0.0517317467	6982
0.0442549292	0.0598935932	6983
0.0594793681	0.0678733306	6984
0.0765085422	0.0755963828	6985
0.0952758108	0.082981111	6986
0.115701883	0.0899447633	6987
0.137694738	0.0964027094	6988
0.161148889	0.102271735	6989
0.185945216	0.107477536	6990
0.211953515	0.111952188	6991
0.239033277	0.115641896	6992
0.267036542	0.118505219	6993
0.295809981	0.12051252	6994
0.325196677	0.121652668	6995
0.355038672	0.121926589	6996
0.385178231	0.121345727	6997
0.415462422	0.119980081	6998
0.445758543	0.118039636	6999
0.475942078	0.115611506	7000
0.5058914	0.112735913	7001
0.53549051	0.109461462	7002
0.564629761	0.105837889	7003
0.593206357	0.101914068	7004
0.621124862	0.0977381661	7005
0.648297731	0.0933581378	7006
0.674645914	0.0888224909	7007
0.700098251	0.0841754264	7008
0.724592379	0.0794610747	7009
0.748074374	0.0747208568	7010
0.770498704	0.0699932396	7011
0.791828541	0.065315232	7012
0.812035419	0.0607210028	7013
0.831099047	0.0562416983	7014
0.849006877	0.0519046127	7015
0.865754164	0.0477345046	7016
0.881343637	0.0437532296	7017
0.895784892	0.0399786595	7018
0.909094268	0.0364256446	7019
0.92129447	0.0331058893	7020
0.932413917	0.0300271035	7021
0.942486531	0.0271937501	7022
0.951551321	0.0246079152	7023
0.959652502	0.0222679192	7024
0.966838338	0.0201678948	7025
0.9731621	0.0183009953	7026
0.978682967	0.0166600475	7027
0.983463395	0.0152304668	7028
0.98756939	0.013989151	7029
0.991073981	0.0129164943	7030
0.994064266	0.0119985243	7031
0.996641871	0.0112045325	7032
0.99891255	0.0104652874	7033
1.00094397	0.00965248885	7034
1.00277038	0.00868610182	7035
1.00441152	0.00752253215	7036
1.00588179	0.00610111929	7037
1.00709809	0.00433953987	7038
1.00791199	0.00224538958	7039
1.00922671	-0.000150086043	7040
1.00885042	-0.00278404191	7041
1.00779588	-0.00522327991	7042
1.00614282	-0.00723377047	7043
1.00413435	-0.00872714419	7044
1.00195501	-0.00977568444	7045
0.999632425	-0.0104544451	7046
0.997178166	-0.0108336523	7047
0.994548107	-0.0110266633	7048
0.991630501	-0.0111761059	7049
0.988286333	-0.011336188	7050
0.984394212	-0.011517236	7051
0.979854877	-0.0117149962	7052
0.974583906	-0.0119373471	7053
0.968504749	-0.0121971818	7054
0.961547161	-0.012497911	7055
0.953648063	-0.0128384835	7056
0.944751473	-0.0132220965	7057
0.934807306	-0.0136536091	7058
0.923771811	-0.0141359962	7059
0.911607837	-0.0146718699	7060
0.898284899	-0.0152646198	7061
0.883779601	-0.0159179291	7062
0.868075973	-0.0166356206	7063
0.851165832	-0.0174214831	7064
0.833049126	-0.0182792048	7065
0.813734242	-0.0192124158	7066
0.79323826	-0.0202246134	7067
0.771587157	-0.0213190547	7068
0.748815934	-0.022498481	7069
0.72496866	-0.0237636713	7070
0.700098581	-0.025113546	7071
0.674268084	-0.0265466662	7072
0.64754841	-0.0280585321	7073
0.620019443	-0.0296391951	7074
0.591769729	-0.0312790696	7075
0.562895731	-0.0329623521	7076
0.533501663	-0.0346703604	7077
0.503698852	-0.0363773041	7078
0.473605637	-0.0380570381	7079
0.443346524	-0.039678816	7080
0.413051697	-0.041194321	7081
0.382859252	-0.0426323763	7082
0.352909777	-0.044107407	7083
0.323335645	-0.0456065315	7084
0.294267664	-0.0470662627	7085
0.265836936	-0.0484278454	7086
0.238172582	-0.0496280025	7087
0.211400421	-0.0506031211	7088
0.185641493	-0.0512884255	7089
0.161010723	-0.051620678	7090
0.13761548	-0.0515386888	7091
0.115554307	-0.0509814232	7092
0.0949159982	-0.049888313	7093
0.0757800205	-0.0481926872	7094
0.0582190655	-0.0458214584	7095
0.042307276	-0.0426841086	7096
0.0281395203	-0.0386696477	7097
0.0158729029	-0.033645505	7098
0.00578267551	-0.0275213648	7099
-0.00172809806	-0.0204187947	7100
-0.00638099391	-0.0129353051	7101
-0.0085297358	-0.00603910288	7102
-0.00908897044	-0.000399453003	7103
-0.00870494642	0.00514819809	7104
-0.00706308996	0.0118234633	7105
-0.00367234196	0.0193828341	7106
0.0017419072	0.0274708668	7107
0.00923883447	0.0357967753	7108
0.018775626	0.0441803452	7109
0.030287912	0.0525146359	7110
0.0437150261	0.0607245383	7111
0.0590002676	0.0687417678	7112
0.0760850622	0.0764942963	7113
0.0949033656	0.083902417	7114
0.11537656	0.0908847968	7115
0.137413253	0.0973578316	7116
0.160908483	0.103239042	7117
0.185743536	0.108454658	7118
0.211788502	0.112937142	7119
0.238903065	0.116632996	7120
0.266939371	0.119501011	7121
0.295744111	0.121511743	7122
0.325160307	0.122654231	7123
0.355029857	0.122929566	7124
0.385194761	0.122349358	7125
0.415501779	0.120983786	7126
0.445818265	0.119043001	7127
0.476020131	0.116614232	7128
0.505986132	0.113737778	7129
0.535600536	0.110462295	7130
0.564753898	0.106837559	7131
0.593343578	0.102912471	7132
0.621274256	0.0987352217	7133
0.648458476	0.0943537858	7134
0.674817258	0.0898166868	7135
0.700279501	0.0851681402	7136
0.724782882	0.0804522901	7137
0.7482735	0.0757105715	7138
0.770705853	0.070981463	7139
0.792043116	0.0663019878	7140
0.812256827	0.0617063292	7141
0.831326691	0.0572256478	7142
0.849240148	0.0528872534	7143
0.865992435	0.0487159212	7144
0.881586262	0.044733523	7145
0.896031206	0.0409579455	7146
0.909343597	0.0374040514	7147
0.921546148	0.0340835516	7148
0.932667314	0.0310041539	7149
0.942741048	0.0281703191	7150
0.951806418	0.0255841222	7151
0.959908077	0.0232437727	7152
0.967094621	0.0211433205	7153
0.973419908	0.0192757665	7154
0.978943999	0.0176337014	7155
0.983730618	0.0162021759	7156
0.987847895	0.0149574241	7157
0.991371089	0.0138789645	7158
0.994390727	0.0129511904	7159
0.997013589	0.0121402332	7160
0.999350137	0.0113718341	7161
1.00146927	0.0105109949	7162
1.00340053	0.00947071535	7163
1.00515461	0.00820103898	7164
1.00673412	0.00663594891	7165
1.00803929	0.0046954911	7166
1.00890697	0.00239631008	7167
1.01035327	-0.000229033049	7168
1.00993525	-0.00309879106	7169
1.00879132	-0.00575783351	7170
1.00701036	-0.00795826361	7171
1.00485136	-0.00960142996	7172
1.0025157	-0.0107581335	7173
1.00004671	-0.0115076149	7174
0.997468674	-0.0119280359	7175
0.994744392	-0.0121423924	7176
0.991760799	-0.0123020393	7177
0.988372481	-0.0124669418	7178
0.984451761	-0.0126503801	7179
0.97989481	-0.0128494576	7180
0.974614065	-0.0130726516	7181
0.968530235	-0.0133331187	7182
0.961571276	-0.013634369	7183
0.953672871	-0.0139753877	7184
0.944778221	-0.0143593846	7185
0.934836754	-0.0147912223	7186
0.92380408	-0.0152738863	7187
0.911643011	-0.0158099875	7188
0.89832293	-0.0164029174	7189
0.883820376	-0.0170563604	7190
0.868119348	-0.0177741399	7191
0.85121166	-0.0185600447	7192
0.833097265	-0.0194177626	7193
0.813784562	-0.020350923	7194
0.79329064	-0.0213630229	7195
0.771641477	-0.0224573192	7196
0.748872066	-0.0236365536	7197
0.72502646	-0.0249015057	7198
0.700157861	-0.0262510984	7199
0.674328628	-0.0276838944	7200
0.647609953	-0.0291953967	7201
0.620081664	-0.0307756601	7202
0.591832252	-0.032415102	7203
0.562958122	-0.034097922	7204
0.533563442	-0.0358054397	7205
0.503759514	-0.0375118651	7206
0.47366469	-0.0391910507	7207
0.443403539	-0.0408122439	7208
0.41310643	-0.0423271163	7209
0.382911624	-0.0437644811	7210
0.35295941	-0.0452387736	7211
0.323381465	-0.0467371366	7212
0.294307928	-0.0481960966	7213
0.265869287	-0.0495568897	7214
0.23819404	-0.0507562019	7215
0.211407317	-0.0517303391	7216
0.185629363	-0.0524143763	7217
0.160974134	-0.0527448192	7218
0.137547789	-0.0526600508	7219
0.11544735	-0.052098335	7220
0.0947597151	-0.0509979591	7221
0.0755620649	-0.0492904008	7222
0.0579245319	-0.0468996225	7223
0.0419188503	-0.0437305465	7224
0.0276386692	-0.0396655594	7225
0.015243055	-0.0345636013	7226
0.00501506983	-0.028326051	7227
-0.00262729058	-0.0210711903	7228
-0.00738739488	-0.0134034207	7229
-0.00960626699	-0.00630613294	7230
-0.0101957659	-0.000462348091	7231
-0.00980518414	0.00528111612	7232
-0.00812630835	0.0121357515	7233
-0.00467513459	0.0198546755	7234
0.000814887845	0.0280788073	7235
0.00839471221	0.0365161921	7236
0.0180149494	0.0449884197	7237
0.029607098	0.0533920871	7238
0.0431085142	0.0616560059	7239
0.0584619811	0.0697154134	7240
0.0756092224	0.0775011242	7241
0.0944848457	0.0849355909	7242
0.115010975	0.0919390692	7243
0.137096916	0.0984291061	7244
0.160638289	0.10432405	7245
0.185516836	0.109550727	7246
0.211602974	0.114042042	7247
0.238756605	0.117744828	7248
0.266829996	0.120618141	7249
0.295669859	0.122632752	7250
0.325119152	0.123777894	7251
0.355019615	0.124054841	7252
0.385212954	0.123475391	7253
0.415545591	0.122109924	7254
0.445884944	0.120168777	7255
0.476107398	0.117739309	7256
0.506092131	0.114861905	7257
0.535723708	0.111585278	7258
0.564892911	0.107959249	7259
0.593497273	0.104032752	7260
0.621441602	0.0998540044	7261
0.648638543	0.0954710022	7262
0.675009195	0.0909322878	7263
0.700482519	0.0862820934	7264
0.724996237	0.0815645787	7265
0.748496472	0.0768211959	7266
0.770937755	0.0720904361	7267
0.792283264	0.06740934	7268
0.812504536	0.0628121074	7269
0.83158127	0.0583299162	7270
0.849500889	0.0539900943	7271
0.86625861	0.0498174362	7272
0.881857118	0.0458338321	7273
0.896305973	0.0420571854	7274
0.909621494	0.0385023716	7275
0.921826411	0.0351811075	7276
0.932949229	0.0321010952	7277
0.943023833	0.0292668191	7278
0.952089683	0.0266802572	7279
0.960191707	0.024339553	7280
0.96737899	0.0222386326	7281
0.973706114	0.0203703119	7282
0.979234057	0.0187269359	7283
0.984028546	0.0172929907	7284
0.988159762	0.0160440363	7285
0.991705727	0.0149584864	7286
0.994760908	0.0140187626	7287
0.997437778	0.0131872492	7288
0.999851461	0.0123839296	7289
1.00207143	0.0114663085	7290
1.00412119	0.0103399339	7291
1.00600079	0.00894849636	7292
1.00769997	0.00722055175	7293
1.00910041	0.00508112868	7294
1.01002477	0.00255592064	7295
1.01161695	-0.000322310759	7296
1.01115319	-0.00344941373	7297
1.00991284	-0.00634895363	7298
1.00799308	-0.00875987748	7299
1.00566985	-0.0105707854	7300
1.0031616	-0.0118507387	7301
1.00052859	-0.0126824769	7302
0.997809541	-0.0131519476	7303
0.994975863	-0.0133922938	7304
0.991914245	-0.0135645709	7305
0.988472946	-0.0137354587	7306
0.98451751	-0.0139218267	7307
0.97993893	-0.0141224781	7308
0.974645988	-0.0143466547	7309
0.968556208	-0.0146078486	7310
0.961595347	-0.0149096973	7311
0.95369761	-0.01525123	7312
0.944805202	-0.0156356704	7313
0.934866959	-0.0160678838	7314
0.9238377	-0.016550866	7315
0.911680152	-0.0170872277	7316
0.898363548	-0.0176803625	7317
0.883864334	-0.0183339562	7318
0.868166469	-0.0190518334	7319
0.851261752	-0.0198377832	7320
0.833150146	-0.0206954933	7321
0.813840061	-0.0216285928	7322
0.793348597	-0.0226405781	7323
0.771701735	-0.0237347062	7324
0.74893446	-0.024913719	7325
0.725090809	-0.0261783974	7326
0.700223947	-0.0275276662	7327
0.674396193	-0.0289600904	7328
0.647678685	-0.0304711763	7329
0.620151197	-0.032050982	7330
0.591902155	-0.0336899284	7331
0.563027902	-0.0353722182	7332
0.533632554	-0.0370791735	7333
0.503827386	-0.0387850047	7334
0.473730765	-0.0404635613	7335
0.443467327	-0.042084084	7336
0.413167639	-0.0435982318	7337
0.382970143	-0.0450348069	7338
0.353014791	-0.0465082557	7339
0.323432486	-0.0480057478	7340
0.294352613	-0.0494638239	7341
0.265904975	-0.0508237097	7342
0.238217363	-0.0520220481	7343
0.211414139	-0.0529950517	7344
0.185614645	-0.0536776246	7345
0.160931751	-0.0540059795	7346
0.137470261	-0.0539180133	7347
0.115325501	-0.0533511942	7348
0.0945822621	-0.0522425161	7349
0.0753152018	-0.0505213738	7350
0.0575916516	-0.048108427	7351
0.0414807468	-0.0449035251	7352
0.0270748884	-0.040781734	7353
0.014535412	-0.0355926721	7354
0.00415402173	-0.029228638	7355
-0.0036349464	-0.0218042683	7356
-0.00851494984	-0.0139312325	7357
-0.0108128935	-0.00660907791	7358
-0.0114370071	-0.000535923474	7359
-0.0110394828	0.00542816687	7360
-0.00931921242	0.0124847483	7361
-0.00580036149	0.0203829076	7362
-0.000225514975	0.0287597338	7363
0.00744709203	0.0373221594	7364
0.0171607618	0.045893884	7365
0.0288423948	0.0543754771	7366
0.0424271321	0.0627001249	7367
0.0578571617	0.0708069908	7368
0.0750745202	0.0786300622	7369
0.0940145279	0.0860942054	7370
0.114600127	0.093121456	7371
0.136741396	0.0996306528	7372
0.160334605	0.105541074	7373
0.185262	0.110780221	7374
0.211394371	0.115281493	7375
0.238591861	0.1189921	7376
0.266706873	0.121871392	7377
0.295586149	0.123890389	7378
0.325072575	0.12503854	7379
0.355007715	0.125317325	7380
0.385232957	0.124738754	7381
0.415594345	0.123373431	7382
0.445959373	0.1214319	7383
0.476204948	0.119001667	7384
0.506210716	0.116123214	7385
0.535861575	0.112845321	7386
0.565048557	0.109217857	7387
0.593669388	0.105289794	7388
0.621629024	0.10110938	7389
0.648840216	0.0967246366	7390
0.675224153	0.0921841267	7391
0.700709866	0.0875321021	7392
0.725235115	0.0828127426	7393
0.748746072	0.0780675153	7394
0.771197284	0.0733349304	7395
0.792551933	0.0686520478	7396
0.812781553	0.064053087	7397
0.831865834	0.0595692458	7398
0.84979218	0.0552278733	7399
0.866555778	0.0510537862	7400
0.88215929	0.0470688955	7401
0.896612253	0.0432911229	7402
0.909930984	0.039735357	7403
0.922138235	0.0364133184	7404
0.933262584	0.0333326991	7405
0.943337811	0.030498016	7406
0.952403941	0.0279111075	7407
0.960506214	0.0255700421	7408
0.967694329	0.0234685935	7409
0.97402375	0.0215993527	7410
0.979556591	0.0199543618	7411
0.984360993	0.0185174251	7412
0.988509545	0.017263289	7413
0.992083516	0.0161690172	7414
0.995181862	0.0152146436	7415
0.997923208	0.01435813	7416
1.00042713	0.0135128855	7417
1.00276276	0.0125281234	7418
1.00494597	0.0113015541	7419
1.00696558	0.00976941352	7420
1.00879413	0.00785883476	7421
1.01029654	0.00549826513	7422
1.01128044	0.00272424149	7423
1.01303446	-0.000431533638	7424
1.01252061	-0.00383973029	7425
1.01117616	-0.00700268994	7426
1.00910681	-0.00964553445	7427
1.00660431	-0.0116446456	7428
1.00390602	-0.013064823	7429
1.00108981	-0.0139921229	7430
0.998210485	-0.0145199701	7431
0.995249969	-0.0147920324	7432
0.992096089	-0.0149800275	7433
0.988591112	-0.0151584131	7434
0.9845934	-0.0153484122	7435
0.979988148	-0.0155509638	7436
0.974679875	-0.0157762927	7437
0.968582444	-0.0160383233	7438
0.961618914	-0.016340859	7439
0.953721713	-0.0166829842	7440
0.944831833	-0.0170679381	7441
0.934897252	-0.0175005906	7442
0.923872247	-0.0179839376	7443
0.911718948	-0.0185205996	7444
0.898406561	-0.0191139688	7445
0.883911406	-0.0197677334	7446
0.868217384	-0.0204857196	7447
0.851316274	-0.0212717174	7448
0.833208039	-0.0221294148	7449
0.813901102	-0.0230624409	7450
0.793412579	-0.0240742917	7451
0.771768457	-0.0251682244	7452
0.749003711	-0.0263469815	7453
0.725162361	-0.027611345	7454
0.700297548	-0.0289602413	7455
0.674471528	-0.0303922392	7456
0.647755394	-0.0319028477	7457
0.620228853	-0.0334821289	7458
0.591980269	-0.0351205076	7459
0.563105913	-0.0368021899	7460
0.533709842	-0.0385085005	7461
0.503903303	-0.0402136503	7462
0.473804675	-0.0418914857	7463
0.443538669	-0.0435112399	7464
0.41323607	-0.0450245581	7465
0.383035511	-0.0464602302	7466
0.353076564	-0.047932715	7467
0.323489271	-0.0494292114	7468
0.294402173	-0.0508862751	7469
0.2659443	-0.0522451187	7470
0.238242651	-0.0534423352	7471
0.211420716	-0.0544140297	7472
0.185596828	-0.0550949105	7473
0.160882631	-0.0554208556	7474
0.137381415	-0.0553292087	7475
0.115186613	-0.0547565345	7476
0.094380678	-0.0536383647	7477
0.0750354837	-0.0519017497	7478
0.0572153015	-0.0494636528	7479
0.0409864708	-0.046218281	7480
0.0264401319	-0.0420326138	7481
0.0137402466	-0.0367460455	7482
0.00318807996	-0.0302409642	7483
-0.00476416887	-0.0226279712	7484
-0.00977821589	-0.0145263732	7485
-0.0121652788	-0.00695290453	7486
-0.0128290047	-0.00062204806	7487
-0.0124242025	0.00559057523	7488
-0.0106576885	0.012874524	7489
-0.00706306951	0.0209740544	7490
-0.00139328016	0.029522234	7491
0.00638317377	0.0382249553	7492
0.0162014668	0.0469083756	7493
0.0279833785	0.0554775245	7494
0.0416615647	0.0638704684	7495
0.0571775264	0.0720307489	7496
0.0744736266	0.0798958951	7497
0.0934859633	0.0873934733	7498
0.114138381	0.0944475135	7499
0.136341815	0.100978305	7500
0.159993257	0.106906173	7501
0.18497552	0.112159376	7502
0.211159807	0.116671876	7503
0.238406535	0.120391305	7504
0.266568261	0.123277349	7505
0.295491763	0.125301306	7506
0.325019849	0.126452869	7507
0.35499389	0.12673375	7508
0.385254923	0.126156196	7509
0.415648577	0.124791062	7510
0.44604243	0.122849126	7511
0.476313967	0.120418059	7512
0.506343355	0.11753845	7513
0.536015859	0.114259155	7514
0.565222793	0.110630099	7515
0.593862095	0.106700298	7516
0.621838885	0.102518033	7517
0.649066036	0.0981313542	7518
0.675464836	0.0935888508	7519
0.700964387	0.0889347963	7520
0.725502496	0.0842133934	7521
0.749025388	0.0794661266	7522
0.771487622	0.0747315289	7523
0.792852383	0.0700466825	7524
0.813091199	0.0654458298	7525
0.832183746	0.0609601922	7526
0.850117403	0.0566171433	7527
0.866887326	0.052441525	7528
0.882496146	0.0484552717	7529
0.896953383	0.0446763245	7530
0.910275352	0.0411195846	7531
0.922484847	0.0377967732	7532
0.933610546	0.0347155658	7533
0.943686078	0.031880522	7534
0.952752257	0.0292932868	7535
0.960854686	0.0269518428	7536
0.968043825	0.0248497761	7537
0.974376218	0.022979405	7538
0.979915405	0.0213323905	7539
0.984732404	0.0198917202	7540
0.988902641	0.0186311479	7541
0.992511177	0.01752608	7542
0.99566205	0.0165536516	7543
0.998480321	0.015666644	7544
1.00108964	0.0147709886	7545
1.0035575	0.0137068607	7546
1.00589047	0.0123638386	7547
1.00806495	0.0106702589	7548
1.01003341	0.00855467683	7549
1.01164458	0.00594877151	7550
1.01269089	0.00290097524	7551
1.01462455	-0.00055886123	7552
1.01405594	-0.00427392863	7553
1.01259927	-0.00772522409	7554
1.01036907	-0.0106231857	7555
1.00767121	-0.0128332945	7556
1.00476426	-0.0144127281	7557
1.00174402	-0.0154508659	7558
0.998683055	-0.0160481385	7559
0.995575784	-0.0163589534	7560
0.992312887	-0.0165665952	7561
0.988731315	-0.0167544506	7562
0.984682011	-0.0169490032	7563
0.980043744	-0.0171538767	7564
0.974716046	-0.017380568	7565
0.968608741	-0.0176435626	7566
0.961641441	-0.017946887	7567
0.953744481	-0.0182896952	7568
0.944857376	-0.0186752449	7569
0.934927044	-0.0191084086	7570
0.923907128	-0.01959218	7571
0.911758931	-0.0201291901	7572
0.898451638	-0.0207228295	7573
0.883961408	-0.0213767894	7574
0.868272053	-0.0220948983	7575
0.851375317	-0.0228809477	7576
0.833271162	-0.0237386267	7577
0.813968023	-0.0246715646	7578
0.793483029	-0.0256832577	7579
0.771842178	-0.0267769633	7580
0.749080439	-0.0279554247	7581
0.725241812	-0.0292194256	7582
0.700379414	-0.0305678939	7583
0.674555446	-0.0319994021	7584
0.647840934	-0.0335094633	7585
0.620315526	-0.0350881434	7586
0.592067509	-0.0367258714	7587
0.563193082	-0.0384068576	7588
0.533796235	-0.0401124292	7589
0.503988183	-0.0418167977	7590
0.473887321	-0.0434938063	7591
0.443618434	-0.04511268	7592
0.413312548	-0.0466250484	7593
0.383108501	-0.0480596884	7594
0.353145438	-0.049531072	7595
0.323552438	-0.0510264303	7596
0.294457097	-0.0524823347	7597
0.265987576	-0.0538399818	7598
0.238269982	-0.055035906	7599
0.211426824	-0.0560060891	7600
0.185575295	-0.0566850144	7601
0.160825666	-0.0570081777	7602
0.137279527	-0.0569122919	7603
0.115028203	-0.0563328956	7604
0.0941515491	-0.0552038664	7605
0.0747183766	-0.0534496153	7606
0.0567896171	-0.0509829679	7607
0.0404286131	-0.0476918566	7608
0.0257252541	-0.0434343361	7609
0.0128465444	-0.0380385997	7610
0.00210432759	-0.0313762394	7611
-0.00602968951	-0.0235534044	7612
-0.0111935221	-0.0151973975	7613
-0.0136809662	-0.00734326478	7614
-0.0143900444	-0.000722905619	7615
-0.0139777044	0.00576959739	7616
-0.0121595902	0.0133095178	7617
-0.00848019289	0.0216353081	7618
-0.00270415843	0.030375829	7619
0.00518852216	0.0392360146	7620
0.0151239799	0.0480448733	7621
0.0270182845	0.0567124376	7622
0.0408012994	0.065182218	7623
0.056413729	0.0734026389	7624
0.0737982736	0.0813151849	7625
0.092891879	0.0888504436	7626
0.113619384	0.095934681	7627
0.135892674	0.102489817	7628
0.159609543	0.108437352	7629
0.184653438	0.113706405	7630
0.210896027	0.118231567	7631
0.238198034	0.121960949	7632
0.266412192	0.124854618	7633
0.29538532	0.126884182	7634
0.324960145	0.128039613	7635
0.354977826	0.128322884	7636
0.385279009	0.127746507	7637
0.415708873	0.12638162	7638
0.446135085	0.12443926	7639
0.476435772	0.122007283	7640
0.506491678	0.1191264	7641
0.536188476	0.115845555	7642
0.565417793	0.112214734	7643
0.594077807	0.108283004	7644
0.622073815	0.104098684	7645
0.64931883	0.0997098584	7646
0.675734247	0.095165144	7647
0.701249234	0.0905088431	7648
0.725801679	0.0857851791	7649
0.749337838	0.0810356619	7650
0.771812286	0.0762988496	7651
0.793188211	0.0716118507	7652
0.81343713	0.0670089345	7653
0.832538699	0.0625213495	7654
0.850480268	0.0581764977	7655
0.867256954	0.0539992496	7656
0.882871359	0.0500115651	7657
0.897332985	0.0462314053	7658
0.910658159	0.0426736827	7659
0.922869737	0.0393501144	7660
0.933996298	0.0362684089	7661
0.944071981	0.0334330032	7662
0.953137965	0.0308454581	7663
0.961240509	0.0285035987	7664
0.968431017	0.0264007811	7665
0.974767361	0.0245289909	7666
0.980314894	0.0228794037	7667
0.985148007	0.0214340349	7668
0.989345484	0.0201654153	7669
0.992996796	0.0190469076	7670
0.996211663	0.0180521181	7671
0.999121526	0.0171278503	7672
1.0018536	0.0161715417	7673
1.0044721	0.0150136926	7674
1.00697433	0.0135338279	7675
1.00931721	0.0116576583	7676
1.01143669	0.00931215456	7677
1.01316352	0.00643457897	7678
1.01427515	0.00308504056	7679
1.01640823	-0.0007067448	7680
1.01577986	-0.00475664015	7681
1.01420233	-0.00852334828	7682
1.01179899	-0.0117022995	7683
1.00888923	-0.0141479466	7684
1.0057538	-0.0159079011	7685
1.00250708	-0.0170743342	7686
0.999240908	-0.0177540507	7687
0.995964306	-0.0181122219	7688
0.992572805	-0.0183444982	7689
0.988899111	-0.0185444021	7690
0.984786757	-0.0187447313	7691
0.980107515	-0.0189524809	7692
0.974755181	-0.0191807976	7693
0.968634969	-0.0194449076	7694
0.961662345	-0.0197491363	7695
0.953765085	-0.0200927313	7696
0.944880911	-0.0204789725	7697
0.934955434	-0.0209127335	7698
0.923941549	-0.0213970017	7699
0.911799438	-0.0219344181	7700
0.898498277	-0.0225283717	7701
0.884014002	-0.0231825569	7702
0.868330305	-0.0239008053	7703
0.851438876	-0.0246869111	7704
0.833339663	-0.0255445652	7705
0.81404111	-0.026477398	7706
0.793560363	-0.0274889061	7707
0.77192343	-0.0285823477	7708
0.749165278	-0.0297604671	7709
0.725329888	-0.0310240499	7710
0.700470348	-0.0323720263	7711
0.674648821	-0.0338029714	7712
0.647936235	-0.0353124047	7713
0.620412184	-0.0368903957	7714
0.592164878	-0.0385273779	7715
0.563290429	-0.040207566	7716
0.53389276	-0.0419122905	7717
0.504083045	-0.0436157635	7718
0.473979696	-0.0452918245	7719
0.443707582	-0.0469096893	7720
0.413397986	-0.0484209709	7721
0.383189967	-0.0498544314	7722
0.35322219	-0.0513245576	7723
0.323622658	-0.0528186154	7724
0.294517909	-0.0542731927	7725
0.266035126	-0.0556294664	7726
0.238299411	-0.0568239028	7727
0.211432166	-0.0577923409	7728
0.1855493	-0.0584690059	7729
0.160759542	-0.0587889564	7730
0.137162579	-0.0586881853	7731
0.114847381	-0.0581010651	7732
0.0938909287	-0.0569596006	7733
0.0743586591	-0.05518523	7734
0.0563078689	-0.052686146	7735
0.0397987029	-0.0493433057	7736
0.0249198391	-0.0450049192	7737
0.0118418129	-0.0394869266	7738
0.000888174859	-0.0326491847	7739
-0.00744808633	-0.0245929509	7740
-0.0127791956	-0.0159538722	7741
-0.0153796736	-0.00778632384	7742
-0.0161406255	-0.00084104104	7743
-0.015720596	0.00596650034	7744
-0.013844987	0.0137945481	7745
-0.0100707998	0.022374572	7746
-0.00417591055	0.0313310497	7747
0.00384684223	0.0403680377	7748
0.0139135207	0.0493178341	7749
0.0259338197	0.058096076	7750
0.039834457	0.0666523448	7751
0.0555552108	0.0749405111	7752
0.0730391238	0.0829064791	7753
0.0922240642	0.0904842189	7754
0.113035966	0.097602506	7755
0.135387768	0.104185093	7756
0.159178158	0.110154807	7757
0.184291293	0.115441733	7758
0.21059936	0.119981176	7759
0.237963432	0.12372179	7760
0.266236441	0.126624067	7761
0.295265257	0.128659974	7762
0.324892518	0.12981979	7763
0.354959152	0.130105786	7764
0.385305377	0.129530772	7765
0.415775872	0.128166199	7766
0.446238408	0.126223397	7767
0.476571822	0.123790429	7768
0.506657494	0.120908146	7769
0.536381556	0.117625587	7770
0.565635978	0.113992813	7771
0.594319205	0.110058944	7772
0.622336737	0.105872346	7773
0.649601736	0.10148114	7774
0.676035707	0.096933979	7775
0.701567914	0.0922751931	7776
0.726136314	0.0875490334	7777
0.749687197	0.0827970388	7778
0.772175158	0.0780577967	7779
0.793563379	0.0733684465	7780
0.813823362	0.0687632884	7781
0.832934739	0.0642736027	7782
0.850884823	0.0599268238	7783
0.867668692	0.0557478539	7784
0.883288914	0.0517586804	7785
0.897754983	0.0479772845	7786
0.911083251	0.0444185867	7787
0.92329667	0.0410942929	7788
0.934423663	0.0380121566	7789
0.94449914	0.0351764312	7790
0.953564693	0.0325885832	7791
0.96166741	0.0302462406	7792
0.968859868	0.028142477	7793
0.975201421	0.0262689081	7794
0.980760185	0.0246159761	7795
0.985614014	0.0231646527	7796
0.989845812	0.0218859119	7797
0.993550133	0.0207505898	7798
0.996842856	0.0197280328	7799
0.99986154	0.0187581656	7800
1.0027361	0.0177289005	7801
1.00552661	0.0164597327	7802
1.00821644	0.0148219413	7803
1.01074327	0.0127383099	7804
1.01302519	0.0101355578	7805
1.01487479	0.00695727592	7806
1.0160543	0.00327712512	7807
1.0184091	-0.000877939374	7808
1.01771559	-0.00529299167	7809
1.01600807	-0.00940453484	7810
1.01341859	-0.0128926766	7811
1.01028166	-0.0155987197	7812
1.00689457	-0.0175649946	7813
1.00339727	-0.0188795759	7814
0.999900111	-0.0196569836	7815
0.996428785	-0.0200729685	7816
0.992885957	-0.0203361864	7817
0.989101592	-0.0205515116	7818
0.984912152	-0.0207592512	7819
0.980181965	-0.0209706171	7820
0.974798349	-0.0212008962	7821
0.968661148	-0.0214663035	7822
0.961681024	-0.0217715679	7823
0.95378257	-0.0221160673	7824
0.94490132	-0.0225031109	7825
0.934981287	-0.0229375707	7826
0.92397433	-0.0234224261	7827
0.911839572	-0.0239603177	7828
0.898545753	-0.0245546397	7829
0.884068656	-0.0252090878	7830
0.868391806	-0.0259274974	7831
0.851506808	-0.0267136665	7832
0.833413582	-0.0275712889	7833
0.814120575	-0.028503997	7834
0.793644949	-0.0295152886	7835
0.772012724	-0.0306084234	7836
0.749258866	-0.031786147	7837
0.725427337	-0.0330492475	7838
0.700571198	-0.0343966577	7839
0.674752568	-0.0358269565	7840
0.648042295	-0.0373356683	7841
0.620519882	-0.0389128688	7842
0.592273467	-0.0405489958	7843
0.563399072	-0.0422282691	7844
0.534000541	-0.0439320224	7845
0.504189008	-0.0456344689	7846
0.474082898	-0.0473094439	7847
0.44380717	-0.0489261531	7848
0.413493388	-0.0504361912	7849
0.383280847	-0.0518683042	7850
0.353307671	-0.053336995	7851
0.323700661	-0.0548295673	7852
0.294585167	-0.0562826259	7853
0.266087275	-0.0576373236	7854
0.238330951	-0.058830047	7855
0.211436351	-0.0597964704	7856
0.185517936	-0.0604705223	7857
0.1606827	-0.0607867596	7858
0.1370282	-0.0606803535	7859
0.114640781	-0.060084349	7860
0.0935942388	-0.0589286291	7861
0.0739502997	-0.0571312811	7862
0.055762314	-0.0545953097	7863
0.039087032	-0.0511939178	7864
0.0240119999	-0.046764466	7865
0.0107118588	-0.0411095093	7866
-0.000476879944	-0.0340761815	7867
-0.0090380338	-0.0257603923	7868
-0.014555818	-0.0168064724	7869
-0.0172834801	-0.00828912834	7870
-0.0181037286	-0.000979411589	7871
-0.017676006	0.00618253568	7872
-0.0157364901	0.0143346545	7873
-0.011856372	0.0232005002	7874
-0.00582857952	0.0323995148	7875
0.00233972127	0.0416351052	7876
0.012553374	0.0507433405	7877
0.0247149448	0.0596461254	7878
0.038747598	0.0682998073	7879
0.0545900283	0.0766643313	7880
0.072185619	0.0846905415	7881
0.0914732389	0.0923161984	7882
0.112380026	0.0994728956	7883
0.134820089	0.106086448	7884
0.158693112	0.11208118	7885
0.183884044	0.117388266	7886
0.210265658	0.12194382	7887
0.237699419	0.125697109	7888
0.266038488	0.12860911	7889
0.295129795	0.130652189	7890
0.324815884	0.13181698	7891
0.354937431	0.132106083	7892
0.385334183	0.131532645	7893
0.41585027	0.130168468	7894
0.446353577	0.128225209	7895
0.476723727	0.125791166	7896
0.506842808	0.122907344	7897
0.536597457	0.119622894	7898
0.565880029	0.115987959	7899
0.594589266	0.112051721	7900
0.62263089	0.1078626	7901
0.649918231	0.10346876	7902
0.676372902	0.0989188953	7903
0.7019243	0.0942573655	7904
0.726510432	0.0895284573	7905
0.750077632	0.0847737426	7906
0.772580507	0.080031843	7907
0.793982234	0.0753399337	7908
0.814254293	0.0707323513	7909
0.833376284	0.0662404124	7910
0.85133548	0.0618915877	7911
0.868126913	0.0577108147	7912
0.883753123	0.0537201094	7913
0.898223606	0.0499374715	7914
0.911554766	0.0463778245	7915
0.92376969	0.0430528533	7916
0.93489659	0.0399703681	7917
0.944971469	0.037134365	7918
0.954036402	0.0345462009	7919
0.96213952	0.0322032596	7920
0.969334852	0.0300982685	7921
0.97568354	0.0282223957	7922
0.981257333	0.0265651183	7923
0.986137872	0.0251062034	7924
0.990412986	0.0238146676	7925
0.994182998	0.0226582209	7926
0.997570372	0.021601058	7927
1.00071775	0.0205754268	7928
1.00375751	0.0194582111	7929
1.00674337	0.0180571482	7930
1.00963977	0.0162379662	7931
1.01236671	0.0139193032	7932
1.01482275	0.0110294101	7933
1.01680283	0.00751693023	7934
1.01805217	0.00347685664	7935
1.02065361	-0.00107554057	7936
1.01988919	-0.00588866358	7937
1.01804198	-0.0103770146	7938
1.01525268	-0.0142050671	7939
1.01187075	-0.0172004333	7940
1.00820926	-0.0193999813	7941
1.00443564	-0.0208851771	7942
1.00067946	-0.0217780203	7943
0.996985091	-0.0222644394	7944
0.993264796	-0.0225665285	7945
0.98934776	-0.0228016783	7946
0.985064137	-0.0230190209	7947
0.980270567	-0.0232350054	7948
0.974847168	-0.0234676912	7949
0.968687564	-0.0237346177	7950
0.961696925	-0.024041067	7951
0.953795872	-0.0243866023	7952
0.944917284	-0.024774575	7953
0.935003206	-0.0252098534	7954
0.924004069	-0.0256954042	7955
0.911878147	-0.0262338567	7956
0.898593068	-0.0268286147	7957
0.88412459	-0.0274833732	7958
0.868456003	-0.0282019724	7959
0.851578788	-0.0289882151	7960
0.833492813	-0.0298457993	7961
0.814206518	-0.0307783609	7962
0.793737077	-0.0317894	7963
0.772110521	-0.0328821784	7964
0.749361818	-0.034059444	7965
0.725534914	-0.0353219879	7966
0.700682841	-0.0366687461	7967
0.674867667	-0.0380983018	7968
0.648160179	-0.0396061845	7969
0.620639752	-0.0411824778	7970
0.59239446	-0.0428176241	7971
0.563520228	-0.0444958483	7972
0.534120811	-0.0461984882	7973
0.504307299	-0.0478997579	7974
0.474198131	-0.0495734885	7975
0.443918361	-0.0511888743	7976
0.413599859	-0.0526974901	7977
0.383382169	-0.054128064	7978
0.353402808	-0.0555951164	7979
0.32378723	-0.0570859923	7980
0.294659459	-0.0585373136	7981
0.266144339	-0.0598902032	7982
0.23836456	-0.0610809548	7983
0.211438868	-0.0620450518	7984
0.185480094	-0.0627160807	7985
0.16059328	-0.0630280232	7986
0.136873598	-0.06291511	7987
0.114404467	-0.0623088736	7988
0.0932561518	-0.0611367902	7989
0.0734863111	-0.0593131678	7990
0.05514402	-0.0567351982	7991
0.0382824481	-0.0532674666	7992
0.022988143	-0.0487353854	7993
0.00944052896	-0.042926914	7994
-0.0020095264	-0.0356754315	7995
-0.0108205892	-0.027071038	7996
-0.0165465173	-0.0177670816	7997
-0.0194171463	-0.00885958213	7998
-0.0203051159	-0.00114144339	7999
-0.019869892	0.006418907	8000
-0.0178594674	0.0149354443	8001
-0.0138611222	0.0241225321	8002
-0.00768480137	0.0335940075	8003
0.000646332185	0.043052796	8004
0.0110246138	0.0523392569	8005
0.0233446229	0.0613822875	8006
0.0375254961	0.0701457683	8007
0.0535046532	0.0785964194	8008
0.0712258047	0.0866906091	8009
0.0906289002	0.0943703478	8010
0.111642403	0.101570397	8011
0.134181716	0.108218896	8012
0.158147634	0.114241857	8013
0.183425995	0.119571691	8014
0.209890231	0.124145426	8015
0.237402251	0.127913023	8016
0.265815476	0.130836009	8017
0.294976912	0.132887202	8018
0.324729002	0.134057634	8019
0.354912146	0.134350281	8020
0.385365576	0.133778665	8021
0.415932817	0.132414984	8022
0.446481882	0.130471258	8023
0.476893263	0.12803605	8024
0.507049834	0.125150539	8025
0.53683879	0.121864005	8026
0.566152917	0.118226681	8027
0.594891284	0.114287825	8028
0.622959861	0.110095913	8029
0.650272142	0.105699166	8030
0.67674991	0.101146315	8031
0.702322663	0.0964817626	8032
0.726928474	0.0917498353	8033
0.75051372	0.0869921431	8034
0.773033019	0.0822473474	8035
0.794449535	0.0775526651	8036
0.814734721	0.0729424748	8037
0.83386814	0.0684481345	8038
0.851837017	0.0640971556	8039
0.868636342	0.0599145131	8040
0.884268631	0.055922252	8041
0.898743401	0.0521383874	8042
0.912077142	0.048577838	8043
0.924292961	0.0452522959	8044
0.935419325	0.0421695139	8045
0.945493214	0.0393332649	8046
0.954557446	0.0367447367	8047
0.962661461	0.0344010111	8048
0.969861084	0.0322943902	8049
0.976219769	0.0304154619	8050
0.981813568	0.0287525404	8051
0.986728591	0.0272838993	8052
0.991058382	0.0259761181	8053
0.994909704	0.0247930449	8054
0.998411759	0.0236927031	8055
1.00171154	0.0225984953	8056
1.00494261	0.0213748877	8057
1.00814643	0.0198199578	8058
1.01127029	0.0177922958	8059
1.01421403	0.015208158	8060
1.01685621	0.0119982889	8061
1.01897384	0.00811752543	8062
1.02029544	0.0036837349	8063
1.02317146	-0.00130302558	8064
1.02232993	-0.00654995461	8065
1.02033273	-0.0114498647	8066
1.01732917	-0.0156512798	8067
1.01368346	-0.0189676234	8068
1.00972507	-0.0214291655	8069
1.0056463	-0.0231113973	8070
1.00160084	-0.0241401896	8071
0.997652098	-0.0247121553	8072
0.993724551	-0.0250630116	8073
0.989648978	-0.0253237101	8074
0.985250482	-0.0255536029	8075
0.980378085	-0.0257755784	8076
0.974904079	-0.0260112715	8077
0.968714931	-0.0262799963	8078
0.961709635	-0.0265878009	8079
0.953803871	-0.0269345176	8080
0.944927284	-0.0273235621	8081
0.935019509	-0.0277597977	8082
0.924029207	-0.0282461714	8083
0.911913634	-0.0287852929	8084
0.898638894	-0.0293805714	8085
0.884180713	-0.0300357012	8086
0.868522065	-0.0307545274	8087
0.85165425	-0.0315408591	8088
0.833577051	-0.0323984003	8089
0.814298881	-0.0333307918	8090
0.793836917	-0.0343415375	8091
0.772217202	-0.0354339027	8092
0.749474705	-0.0366106385	8093
0.725653357	-0.03787254	8094
0.700806162	-0.0392185469	8095
0.674995136	-0.040647248	8096
0.648290984	-0.0421541789	8097
0.620773005	-0.0437294294	8098
0.592529134	-0.0453634503	8099
0.563655216	-0.0470404712	8100
0.534254912	-0.0487418344	8101
0.504439261	-0.0504417552	8102
0.474326715	-0.0521140597	8103
0.444042429	-0.0537279303	8104
0.413718604	-0.0552349194	8105
0.383495052	-0.0566637359	8106
0.353508602	-0.0581289189	8107
0.323883204	-0.059617858	8108
0.294741389	-0.0610671922	8109
0.266206611	-0.0624180081	8110
0.238400112	-0.0636064898	8111
0.211439048	-0.0645678994	8112
0.185434413	-0.065235429	8113
0.160489053	-0.0655423984	8114
0.136695465	-0.0654219609	8115
0.11413381	-0.0648039231	8116
0.0928704467	-0.0636130277	8117
0.0729585736	-0.0617593158	8118
0.0544426531	-0.0591334638	8119
0.0373721096	-0.0555904806	8120
0.0218326923	-0.0509426332	8121
0.00800940963	-0.0449619956	8122
-0.00373095958	-0.0374671266	8123
-0.0128195194	-0.0285418605	8124
-0.0187772991	-0.0188488974	8125
-0.0218084471	-0.00950652719	8126
-0.0227736448	-0.00133138588	8127
-0.0223314062	0.00667653672	8128
-0.0202424679	0.0156028412	8129
-0.0161123527	0.0251509224	8130
-0.00977015945	0.0349285512	8131
-0.00125690693	0.0446383093	8132
0.00930578396	0.0541253955	8133
0.0218035265	0.0633264837	8134
0.0361508747	0.0722138313	8135
0.0522837381	0.0807617125	8136
0.0701461241	0.0889326749	8137
0.089679144	0.0966734983	8138
0.110812715	0.10392251	8139
0.133463675	0.11061047	8140
0.157534058	0.116665302	8141
0.182910697	0.122020814	8142
0.209467766	0.126615072	8143
0.237067681	0.130398825	8144
0.265564161	0.133334222	8145
0.2948043	0.135394596	8146
0.32463044	0.13657143	8147
0.35488268	0.136868119	8148
0.385399685	0.13629861	8149
0.416024316	0.134935543	8150
0.446624731	0.132991347	8151
0.477082383	0.130554879	8152
0.507281014	0.12766752	8153
0.537108441	0.124378691	8154
0.566457925	0.120738732	8155
0.5952289	0.116796984	8156
0.623327604	0.112601992	8157
0.65066772	0.108202037	8158
0.677171222	0.103645898	8159
0.702767706	0.0989780256	8160
0.727395319	0.0942427915	8161
0.751000481	0.0894818511	8162
0.773537817	0.0847339124	8163
0.794970471	0.0800362404	8164
0.815269864	0.0754232616	8165
0.834415513	0.0709263808	8166
0.852394598	0.0665731538	8167
0.869202063	0.0623885955	8168
0.884840418	0.058394778	8169
0.899319228	0.0546097264	8170
0.912655122	0.0510483431	8171
0.924871008	0.0477223764	8172
0.935996438	0.0446393289	8173
0.946068994	0.041802843	8174
0.955132643	0.0392138474	8175
0.963238457	0.0368690509	8176
0.970444486	0.0347602329	8177
0.97681719	0.03287722	8178
0.982437618	0.0312069359	8179
0.987397152	0.0297257835	8180
0.991795882	0.0283973033	8181
0.99574757	0.0271805943	8182
0.999387972	0.0260263673	8183
1.00286763	0.0248477637	8184
1.00631683	0.0234972085	8185
1.00976414	0.0217624179	8186
1.0131373	0.0194959851	8187
1.01631502	0.0166128723	8188
1.01915734	0.013043269	8189
1.02141786	0.00876123629	8190
1.02281407	0.00389711546	8191
1.02599597	-0.0015642987	8192
1.02507065	-0.00728385382	8193
1.02291252	-0.0126331064	8194
1.01967944	-0.0172443041	8195
1.01575023	-0.020916215	8196
1.01147263	-0.0236703085	8197
1.00705682	-0.0255803254	8198
1.00268956	-0.0267686232	8199
0.998452103	-0.0274440799	8200
0.994283701	-0.0278559454	8201
0.990019471	-0.0281495859	8202
0.98548127	-0.028395985	8203
0.980510999	-0.0286258454	8204
0.97497267	-0.0288653762	8205
0.968744625	-0.0291362636	8206
0.961719038	-0.0294456213	8207
0.953805466	-0.0297936784	8208
0.944929632	-0.0301839519	8209
0.935028221	-0.0306213034	8210
0.924047701	-0.0311086505	8211
0.911944108	-0.0316485739	8212
0.898681499	-0.0322444783	8213
0.884235553	-0.0329000575	8214
0.868588812	-0.033619161	8215
0.85173232	-0.0344056052	8216
0.833665725	-0.0352631018	8217
0.814397386	-0.0361952986	8218
0.793944469	-0.0372057054	8219
0.772333023	-0.0382975928	8220
0.749598014	-0.0394737164	8221
0.725783361	-0.0407348763	8222
0.700942039	-0.0420800177	8223
0.675136011	-0.0435077351	8224
0.648435894	-0.0450135718	8225
0.620920908	-0.0465876246	8226
0.592678852	-0.0482203531	8227
0.563805457	-0.0498959935	8228
0.534404296	-0.0515958924	8229
0.504586349	-0.0532942666	8230
0.474470084	-0.0549649373	8231
0.444180761	-0.056577073	8232
0.413850937	-0.0580822022	8233
0.383620709	-0.0595090123	8234
0.353626129	-0.0609720628	8235
0.323989465	-0.0624587913	8236
0.294831574	-0.0639058534	8237
0.266274337	-0.0652542908	8238
0.238437366	-0.0664401591	8239
0.211436021	-0.0673984629	8240
0.185379218	-0.0680619379	8241
0.160367335	-0.0683631413	8242
0.136489873	-0.0682339897	8243
0.113823358	-0.0676023162	8244
0.0924298337	-0.0663897551	8245
0.0723576221	-0.0645015255	8246
0.0536462275	-0.0618209974	8247
0.0363411959	-0.0581925401	8248
0.0205277663	-0.0534139734	8249
0.00639747832	-0.0472401201	8250
-0.00566524476	-0.0394736307	8251
-0.0150616742	-0.0301916391	8252
-0.0212774214	-0.0200665416	8253
-0.0244885473	-0.0102398291	8254
-0.0255416793	-0.00155391035	8255
-0.0250932688	0.00695611767	8256
-0.0229176112	0.0163430955	8257
-0.0186408605	0.0262967639	8258
-0.0121135874	0.0364184811	8259
-0.00339672299	0.0464105888	8260
0.00737253053	0.0561236897	8261
0.0200696988	0.0655030737	8262
0.0346041006	0.0745302967	8263
0.0509098438	0.0831880516	8264
0.0689311784	0.0914458005	8265
0.0886104552	0.0992556795	8266
0.109879184	0.106560033	8267
0.132655789	0.113292584	8268
0.15684369	0.119383419	8269
0.182330835	0.124767932	8270
0.20899224	0.129385367	8271
0.23669089	0.133187369	8272
0.265280849	0.136136794	8273
0.294609322	0.13820756	8274
0.324518546	0.139391658	8275
0.354848294	0.13969296	8276
0.385436609	0.139125888	8277
0.416125623	0.137763578	8278
0.446783657	0.135818916	8279
0.477293225	0.133381092	8280
0.507539032	0.130491714	8281
0.537409585	0.127200363	8282
0.566798672	0.123557501	8283
0.595606129	0.119612564	8284
0.623738464	0.115414182	8285
0.651109638	0.111010695	8286
0.677641772	0.106450944	8287
0.703264589	0.101779434	8288
0.72791631	0.0970405898	8289
0.751543397	0.0922761201	8290
0.77410048	0.0875247863	8291
0.795550677	0.0828239091	8292
0.815865365	0.0782079693	8293
0.835024017	0.0737084235	8294
0.853013764	0.0693528754	8295
0.869829516	0.06516638	8296
0.885473798	0.0611710332	8297
0.899956269	0.0573848605	8298
0.913293762	0.0538227327	8299
0.925508924	0.0504964652	8300
0.936632864	0.0474132086	8301
0.946703876	0.0445764528	8302
0.955767385	0.0419868025	8303
0.963876506	0.0396405065	8304
0.971092025	0.0375286989	8305
0.977484324	0.0356402021	8306
0.983140126	0.0339602834	8307
0.988157011	0.0324629854	8308
0.992642434	0.0311080633	8309
0.996717506	0.0298488202	8310
1.00052387	0.028627427	8311
1.00421358	0.0273457585	8312
1.0079108	0.0258438997	8313
1.01162864	0.0238997255	8314
1.01527381	0.0213608207	8315
1.01870314	0.0181419811	8316
1.02175817	0.0141730298	8317
1.02416858	0.00945033084	8318
1.02564164	0.00411619115	8319
1.02916447	-0.00186408298	8320
1.02814845	-0.00809728902	8321
1.02581764	-0.0139374871	8322
1.02233876	-0.0189984457	8323
1.01810529	-0.0230636892	8324
1.01348294	-0.026145546	8325
1.00869854	-0.0283160598	8326
1.00397481	-0.0296907346	8327
0.999411268	-0.0304908038	8328
0.994964483	-0.0309786747	8329
0.990476902	-0.0313147234	8330
0.985769483	-0.0315829164	8331
0.98067802	-0.0318232847	8332
0.975058106	-0.0320678225	8333
0.968779117	-0.0323413666	8334
0.961725529	-0.0326525159	8335
0.95379971	-0.0330020856	8336
0.944922536	-0.0333937576	8337
0.935027083	-0.0338324021	8338
0.924057112	-0.0343208979	8339
0.911966782	-0.0348617869	8340
0.89871868	-0.0354584463	8341
0.884287173	-0.0361145752	8342
0.868654628	-0.0368340233	8343
0.851811729	-0.0376206148	8344
0.833757922	-0.0384780711	8345
0.814501467	-0.0394100495	8346
0.794059497	-0.0404200679	8347
0.772458055	-0.0415114047	8348
0.749732099	-0.0426868219	8349
0.725925531	-0.0439471267	8350
0.701091301	-0.0452912704	8351
0.675291317	-0.0467178555	8352
0.648596103	-0.0482224338	8353
0.621084777	-0.0497951112	8354
0.592845052	-0.0514263541	8355
0.563972467	-0.0531004101	8356
0.534570524	-0.0547986292	8357
0.50475014	-0.0564952302	8358
0.474629794	-0.0581640286	8359
0.44433486	-0.0597741784	8360
0.413998278	-0.0612771812	8361
0.383760444	-0.0627017011	8362
0.353756535	-0.0641623196	8363
0.324106932	-0.0656465257	8364
0.294930614	-0.0670909901	8365
0.266347689	-0.0684366996	8366
0.238475925	-0.0696195582	8367
0.21142865	-0.0705742701	8368
0.185312436	-0.0712330415	8369
0.160224882	-0.0715275489	8370
0.136252128	-0.0713882859	8371
0.113466656	-0.0707408257	8372
0.0919257419	-0.0695032618	8373
0.0716723904	-0.067575358	8374
0.0527408045	-0.0648322869	8375
0.0351725658	-0.0611066002	8376
0.0190528016	-0.0561802597	8377
0.00458070148	-0.0497894012	8378
-0.00783975393	-0.041719654	8379
-0.0175774104	-0.0320411117	8380
-0.0240798196	-0.0214361778	8381
-0.0274924237	-0.0110704674	8382
-0.0286455288	-0.00181404145	8383
-0.0281921441	0.00725863138	8384
-0.0259210286	0.0171627752	8385
-0.0214813939	0.0275720037	8386
-0.0147478263	0.0380805129	8387
-0.00580343406	0.0483904474	8388
0.00519717761	0.0583583756	8389
0.0181181604	0.0679390877	8390
0.0328628267	0.0771244392	8391
0.0493631199	0.0859064967	8392
0.0675634448	0.0942624601	8393
0.0874074621	0.102150486	8394
0.108828418	0.109517452	8395
0.131746496	0.116300432	8396
0.156066657	0.122431967	8397
0.181678105	0.127849253	8398
0.208456803	0.132492877	8399
0.23626639	0.136315502	8400
0.264961327	0.139280791	8401
0.294388956	0.141363323	8402
0.324391405	0.142555668	8403
0.354808097	0.142862235	8404
0.385476396	0.142297983	8405
0.416237633	0.140936601	8406
0.446960311	0.138991489	8407
0.47752812	0.136552211	8408
0.50782683	0.133660631	8409
0.53774571	0.130366514	8410
0.567179132	0.126720461	8411
0.596027351	0.12277202	8412
0.624197246	0.118569908	8413
0.651603016	0.114162543	8414
0.678166967	0.109598834	8415
0.703818952	0.104923352	8416
0.728497274	0.100180584	8417
0.752148434	0.0954122966	8418
0.774727061	0.0906573157	8419
0.79619624	0.0859530246	8420
0.816527302	0.0813339653	8421
0.835699673	0.0768316511	8422
0.853700439	0.0724737356	8423
0.870524495	0.0682853123	8424
0.886174418	0.064288494	8425
0.90066002	0.0605012933	8426
0.913998439	0.0569385281	8427
0.926212001	0.0536120879	8428
0.937333962	0.0505286494	8429
0.947403471	0.047691522	8430
0.956467796	0.0451009071	8431
0.964582593	0.0427524857	8432
0.971811966	0.040636604	8433
0.978231547	0.0387407182	8434
0.983934176	0.0370481642	8435
0.989024721	0.0355299809	8436
0.993618725	0.0341412272	8437
0.997844645	0.0328282131	8438
1.00184876	0.0315233138	8439
1.00578204	0.030116313	8440
1.00975943	0.0284349715	8441
1.01377626	0.0262481078	8442
1.01771691	0.023399407	8443
1.02141937	0.0197988345	8444
1.02469642	0.015393266	8445
1.02726377	0.01018718	8446
1.02881583	0.00433997091	8447
1.03271891	-0.00220721943	8448
1.03160453	-0.00899947098	8449
1.02908947	-0.0153734882	8450
1.0253468	-0.0209294764	8451
1.02078719	-0.0254292619	8452
1.01579329	-0.0288775158	8453
1.01061308	-0.0313410341	8454
1.00549003	-0.0329364251	8455
1.00056009	-0.0338857492	8456
0.99579344	-0.0344678014	8457
0.991042998	-0.0348582537	8458
0.986131658	-0.0351552559	8459
0.980890728	-0.0354097616	8460
0.975167673	-0.0356609735	8461
0.968822274	-0.0359378718	8462
0.961730323	-0.0362511148	8463
0.953786012	-0.0366023846	8464
0.944904208	-0.0369956329	8465
0.935013593	-0.0374357628	8466
0.924054594	-0.037925607	8467
0.911978916	-0.0384676526	8468
0.898747681	-0.0390652315	8469
0.884333082	-0.0397220379	8470
0.868717365	-0.0404419205	8471
0.851890717	-0.0412287104	8472
0.833852287	-0.0420861403	8473
0.814610176	-0.0430178796	8474
0.794181446	-0.0440274576	8475
0.772592111	-0.045118163	8476
0.749877113	-0.0462927672	8477
0.726080333	-0.0475520867	8478
0.701254691	-0.0488950813	8479
0.675462037	-0.0503203627	8480
0.6487728	-0.0518234933	8481
0.621265989	-0.0533945894	8482
0.593029194	-0.0550241272	8483
0.564157849	-0.0566963619	8484
0.534755259	-0.0583926535	8485
0.50493232	-0.060087221	8486
0.474807517	-0.061753874	8487
0.444506342	-0.0633617504	8488
0.414162148	-0.0648623227	8489
0.383915647	-0.0662842292	8490
0.35390102	-0.0677420745	8491
0.32423654	-0.0692234029	8492
0.295039071	-0.070664898	8493
0.266426722	-0.0720074786	8494
0.238515176	-0.0731868693	8495
0.211415459	-0.0741374229	8496
0.185231497	-0.0747907299	8497
0.160057754	-0.0750774466	8498
0.135976606	-0.0749264255	8499
0.113056035	-0.0742606461	8500
0.0913480599	-0.0729941623	8501
0.0708899031	-0.0710205593	8502
0.0517101356	-0.0682058084	8503
0.0338463557	-0.0643693414	8504
0.0173841146	-0.0592757399	8505
0.00253157163	-0.0526409547	8506
-0.0102857945	-0.0442323092	8507
-0.0204010729	-0.0341131357	8508
-0.027221586	-0.0229756342	8509
-0.0308593414	-0.0120106321	8510
-0.0321258808	-0.00211778227	8511
-0.0316692014	0.00758454848	8512
-0.0292933629	0.018068734	8513
-0.0246731646	0.0289894523	8514
-0.0177099415	0.0399328067	8515
-0.00851145786	0.0506006931	8516
0.0027482402	0.0608561797	8517
0.0159204542	0.070664474	8518
0.030901576	0.0800288061	8519
0.047620931	0.088951668	8520
0.0660229458	0.0974189181	8521
0.0860526467	0.105395486	8522
0.107645167	0.112833366	8523
0.130722631	0.119673434	8524
0.15519172	0.125851018	8525
0.18094305	0.131305369	8526
0.207853656	0.135978603	8527
0.235787926	0.139824548	8528
0.264600779	0.142807783	8529
0.294139723	0.144903644	8530
0.324246784	0.146105357	8531
0.35476101	0.146417938	8532
0.38551902	0.145856949	8533
0.41636127	0.144496702	8534
0.447156466	0.142551171	8535
0.477789598	0.140110342	8536
0.508147614	0.137216369	8537
0.538120629	0.133919225	8538
0.567603642	0.130269673	8539
0.596497401	0.126317387	8540
0.624709188	0.122111183	8541
0.652153452	0.117699572	8542
0.678752703	0.113131544	8543
0.704436936	0.108451741	8544
0.729144537	0.103704723	8545
0.752822046	0.0989323287	8546
0.775424086	0.094173454	8547
0.796913703	0.0894655539	8548
0.81726218	0.0848432381	8549
0.836448897	0.0803380801	8550
0.854460911	0.0759777841	8551
0.871293133	0.0717874772	8552
0.886948246	0.0677892781	8553
0.901436302	0.0640011676	8554
0.914774284	0.0604380112	8555
0.926985928	0.057111386	8556
0.938105602	0.0540277381	8557
0.948174076	0.0511900319	8558
0.957240943	0.0485979679	8559
0.965365008	0.0462465242	8560
0.972614465	0.0441250598	8561
0.979071632	0.0422192393	8562
0.984835949	0.0405100911	8563
0.99002067	0.0389648497	8564
0.994749928	0.0375327911	8565
0.999159029	0.036151915	8566
1.00339696	0.0347435973	8567
1.00761057	0.0331849692	8568
1.01190242	0.0312918215	8569
1.01624793	0.0288249325	8570
1.02050828	0.0256252668	8571
1.02450307	0.0215972956	8572
1.02801438	0.0167100862	8573
1.03074582	0.010974266	8574
1.03237895	0.00456639689	8575
1.03670637	-0.00259900919	8576
1.03548535	-0.00999999848	8577
1.03277286	-0.0169562891	8578
1.02874923	-0.0230529706	8579
1.0238393	-0.0280340824	8580
1.01844569	-0.0318910563	8581
1.01283671	-0.0346862397	8582
1.00727344	-0.0365383213	8583
1.0019339	-0.037665401	8584
0.996801988	-0.0383634233	8585
0.991744219	-0.0388233005	8586
0.986588643	-0.0391583266	8587
0.981164326	-0.0394319678	8588
0.975311456	-0.0396922443	8589
0.968879915	-0.0399735121	8590
0.961735892	-0.0402892573	8591
0.953764433	-0.0406424375	8592
0.944873054	-0.0410374428	8593
0.934985104	-0.0414792599	8594
0.924036915	-0.0419706736	8595
0.91197714	-0.042514097	8596
0.898765125	-0.0431127982	8597
0.88437014	-0.0437704437	8598
0.868774234	-0.0444908797	8599
0.851966918	-0.0452779414	8600
0.833946912	-0.0461353734	8601
0.814722074	-0.0470668599	8602
0.794309338	-0.0480759447	8603
0.772734655	-0.0491659311	8604
0.750032932	-0.0503396029	8605
0.726248017	-0.0515977892	8606
0.701432796	-0.052939461	8607
0.675649058	-0.0543632418	8608
0.648967128	-0.0558647067	8609
0.621465902	-0.0574339844	8610
0.593232837	-0.0590615626	8611
0.564363224	-0.0607317068	8612
0.534960252	-0.0624257838	8613
0.505134675	-0.064118019	8614
0.475005029	-0.0657822135	8615
0.444696927	-0.0673874875	8616
0.414344162	-0.0688852819	8617
0.384087775	-0.0703042064	8618
0.354060822	-0.0717588905	8619
0.324379211	-0.0732369364	8620
0.295157427	-0.0746750374	8621
0.266511321	-0.0760140284	8622
0.238554214	-0.0771894206	8623
0.211394529	-0.0781351543	8624
0.185133194	-0.0787821014	8625
0.159861145	-0.0790597334	8626
0.13565654	-0.0788950052	8627
0.112582353	-0.078207913	8628
0.090684821	-0.0769078941	8629
0.0699949047	-0.0748815279	8630
0.050535238	-0.0719844548	8631
0.0323395077	-0.0680215498	8632
0.0154943935	-0.0627383809	8633
0.000218575675	-0.0558291688	8634
-0.013038746	-0.0470417223	8635
-0.0235716564	-0.0364326986	8636
-0.0307445114	-0.0247045356	8637
-0.0346333893	-0.013073826	8638
-0.0360283523	-0.00247196761	8639
-0.0355706307	0.0079340174	8640
-0.0330803255	0.0190680714	8641
-0.0282604223	0.0305627861	8642
-0.0210419054	0.0419950252	8643
-0.0115598899	0.053066253	8644
-1.01344709e-05	0.0636465128	8645
0.0134441189	0.0737123579	8646
0.0286912567	0.0832795372	8647
0.0456574196	0.0923621177	8648
0.0642868604	0.100955643	8649
0.0845260032	0.109032663	8650
0.10631202	0.116550962	8651
0.12956917	0.123455729	8652
0.154206056	0.129685468	8653
0.180114881	0.135181776	8654
0.207173895	0.139888515	8655
0.235248342	0.143760846	8656
0.264193674	0.146764399	8657
0.293857608	0.148875369	8658
0.324082074	0.150087728	8659
0.354705716	0.150407181	8660
0.385564347	0.149849972	8661
0.416497462	0.148491107	8662
0.447373998	0.146545208	8663
0.478080382	0.144102735	8664
0.508504862	0.141206169	8665
0.538538486	0.137905723	8666
0.568076921	0.134252346	8667
0.59702154	0.130295849	8668
0.625279997	0.126085172	8669
0.652767034	0.121668928	8670
0.679405384	0.1170962	8671
0.705125193	0.112411718	8672
0.729864934	0.107660123	8673
0.753571183	0.102883336	8674
0.776198556	0.0981203343	8675
0.797710056	0.0934086517	8676
0.818076918	0.0887829714	8677
0.837278488	0.0842749299	8678
0.855301823	0.079912279	8679
0.872141894	0.0757201713	8680
0.887801569	0.0717207144	8681
0.902291266	0.0679318314	8682
0.915627705	0.0643684526	8683
0.927836883	0.0610416677	8684
0.938954312	0.057957693	8685
0.949022897	0.0551190457	8686
0.958095148	0.0525248042	8687
0.966233764	0.0501690726	8688
0.973512201	0.0480399095	8689
0.98002044	0.0461207999	8690
0.985865528	0.0443898419	8691
0.991169942	0.0428095239	8692
0.996066531	0.0413220824	8693
1.00069631	0.0398558277	8694
1.00520843	0.0383200811	8695
1.00974216	0.0365790906	8696
1.01438468	0.0344373643	8697
1.01908975	0.0316488395	8698
1.02370015	0.0280456255	8699
1.02800116	0.023548201	8700
1.03175948	0.0181300414	8701
1.03466222	0.0118141708	8702
1.03637843	0.00479317543	8703
1.04117965	-0.00304562524	8704
1.03984306	-0.0111094612	8705
1.03691906	-0.0187008057	8706
1.0325966	-0.0253872504	8707
1.0273104	-0.0309014086	8708
1.02148749	-0.0352134271	8709
1.0154147	-0.0383831949	8710
1.00937461	-0.0405287689	8711
1.00357341	-0.0418695725	8712
0.998027023	-0.0427093953	8713
0.992612472	-0.0432572695	8714
0.987166418	-0.0436422753	8715
0.981518512	-0.0439418744	8716
0.975503179	-0.0442146413	8717
0.968960568	-0.0445017849	8718
0.961746554	-0.0448206221	8719
0.953736132	-0.0451759651	8720
0.944827979	-0.0455729085	8721
0.934939012	-0.0460166143	8722
0.924000558	-0.0465098329	8723
0.911957482	-0.0470548847	8724
0.898766885	-0.0476549514	8725
0.884394478	-0.0483136376	8726
0.868821702	-0.049034782	8727
0.852037238	-0.0498222186	8728
0.834039209	-0.0506797024	8729
0.814835105	-0.0516109342	8730
0.794441651	-0.0526194764	8731
0.772884685	-0.0537086507	8732
0.750199045	-0.0548812584	8733
0.726428527	-0.0561381448	8734
0.701625973	-0.0574782958	8735
0.675853102	-0.0589003503	8736
0.649180128	-0.0603998987	8737
0.621685824	-0.061967085	8738
0.593457505	-0.0635924105	8739
0.564590302	-0.0652601532	8740
0.535187263	-0.0669516889	8741
0.50535907	-0.068641246	8742
0.475224198	-0.0703026225	8743
0.444908421	-0.0719049178	8744
0.414546008	-0.0733995376	8745
0.384278335	-0.0748150602	8746
0.354237187	-0.0762661413	8747
0.324535812	-0.0777404436	8748
0.295286025	-0.0791746648	8749
0.266601119	-0.0805095359	8750
0.238591742	-0.0816803135	8751
0.211363362	-0.0826204514	8752
0.18501352	-0.0832599803	8753
0.159629172	-0.083526991	8754
0.135283751	-0.0833462384	8755
0.112034669	-0.0826342797	8756
0.0899218201	-0.0812952664	8757
0.0689694147	-0.0792078268	8758
0.0491938909	-0.0762160003	8759
0.0306252167	-0.0721085261	8760
0.0133521099	-0.0666102176	8761
-0.00239456528	-0.0593918786	8762
-0.0161390196	-0.0501809298	8763
-0.0271332865	-0.0390272807	8764
-0.0346956946	-0.0266444435	8765
-0.0388640831	-0.0142749738	8766
-0.04040409	-0.00288435187	8767
-0.0399482488	0.0083067951	8768
-0.0373333203	0.0201680898	8769
-0.0322930965	0.0323065442	8770
-0.0247912522	0.0442883871	8771
-0.0149931583	0.0558142958	8772
-0.00311880581	0.0667616668	8773
0.0106520819	0.0771193145	8774
0.026198599	0.0869167055	8775
0.0434429931	0.0961807302	8776
0.0623290656	0.104917757	8777
0.0828046342	0.113108914	8778
0.104809053	0.120718539	8779
0.128268928	0.127696727	8780
0.153094999	0.133985607	8781
0.179181252	0.139529457	8782
0.20640732	0.144274145	8783
0.234639427	0.148176358	8784
0.263733648	0.151202929	8785
0.293537957	0.153331037	8786
0.323894201	0.154555505	8787
0.354640598	0.15488282	8788
0.385612086	0.15432999	8789
0.416647112	0.152972808	8790
0.44761487	0.151026616	8791
0.478403378	0.148582412	8792
0.508902321	0.14568305	8793
0.539003716	0.14237902	8794
0.568604122	0.138721467	8795
0.597605468	0.134760376	8796
0.625915856	0.130544823	8797
0.653450351	0.126123544	8798
0.680131923	0.121545727	8799
0.705890886	0.116856202	8800
0.730665798	0.112099707	8801
0.754403278	0.107318255	8802
0.777057927	0.102550913	8803
0.79859271	0.0978353045	8804
0.818978822	0.0932061898	8805
0.8381956	0.0886952675	8806
0.856230142	0.084330331	8807
0.873077553	0.0801365438	8808
0.888741003	0.076135979	8809
0.903231432	0.0723464679	8810
0.916565285	0.0687830009	8811
0.928771678	0.0654560172	8812
0.9398875	0.0623714595	8813
0.94995837	0.0595312862	8814
0.959040437	0.0569338024	8815
0.967201192	0.0545720187	8816
0.974520798	0.0524322766	8817
0.981097801	0.0504954077	8818
0.987047878	0.0487357839	8819
0.992503306	0.0471100172	8820
0.997605229	0.0455519076	8821
1.00249852	0.043978721	8822
1.00732932	0.0422869154	8823
1.0122258	0.0403279953	8824
1.01725697	0.0378961751	8825
1.02235351	0.0347398712	8826
1.02734101	0.0306808055	8827
1.03196656	0.0256628394	8828
1.03598489	0.0196601634	8829
1.0390669	0.0127063621	8830
1.04086735	0.00501996025	8831
1.04619798	-0.00355397172	8832
1.04473618	-0.0123396295	8833
1.0415856	-0.0206235722	8834
1.03694395	-0.0279553859	8835
1.03125666	-0.0340552391	8836
1.02497197	-0.0388746055	8837
1.01839865	-0.042466154	8838
1.01184209	-0.0449466718	8839
1.00552537	-0.0465416832	8840
0.999511605	-0.0475536072	8841
0.993685898	-0.0482121418	8842
0.987897026	-0.0486624275	8843
0.981978522	-0.048997187	8844
0.975761257	-0.0492873233	8845
0.969076446	-0.0495825976	8846
0.96176932	-0.0499054237	8847
0.953704011	-0.0502632669	8848
0.944768855	-0.0506623316	8849
0.934873068	-0.0511081163	8850
0.923941896	-0.0516033777	8851
0.911915532	-0.0521503306	8852
0.898747543	-0.0527520413	8853
0.884401424	-0.0534120198	8854
0.868855376	-0.0541340719	8855
0.852097722	-0.0549220244	8856
0.834125757	-0.0557796388	8857
0.81494644	-0.0567106332	8858
0.794576169	-0.0577185915	8859
0.773040591	-0.0588068592	8860
0.750374424	-0.0599782596	8861
0.72662138	-0.0612336604	8862
0.701834237	-0.0625720668	8863
0.676074633	-0.0639921371	8864
0.649412656	-0.0654894814	8865
0.621926946	-0.0670542623	8866
0.593704665	-0.0686769977	8867
0.564840767	-0.0703419805	8868
0.535438137	-0.0720305979	8869
0.505607356	-0.0737170838	8870
0.475466918	-0.0753752285	8871
0.445142685	-0.0769741126	8872
0.414769413	-0.0784651046	8873
0.384488843	-0.0798767471	8874
0.354431315	-0.0813237222	8875
0.324707098	-0.0827937554	8876
0.295424991	-0.0842235409	8877
0.2666954	-0.0855536804	8878
0.238625935	-0.0867191254	8879
0.211318717	-0.087652754	8880
0.184867448	-0.0882836078	8881
0.159354603	-0.0885381637	8882
0.134848322	-0.0883386186	8883
0.111399853	-0.0875975554	8884
0.0890421492	-0.086213065	8885
0.067792194	-0.0840547432	8886
0.0476600405	-0.0809536044	8887
0.0286722869	-0.076680525	8888
0.0109208434	-0.0709377243	8889
-0.00534961665	-0.0633706441	8890
-0.0196326584	-0.0536862164	8891
-0.0311358476	-0.0419271373	8892
-0.039128228	-0.0288190072	8893
-0.043607043	-0.0156305401	8894
-0.0453104441	-0.00336370186	8895
-0.0448601789	0.00870217523	8896
-0.0421101375	0.0213762473	8897
-0.0368275121	0.0342361211	8898
-0.0290118111	0.0468357167	8899
-0.0188617623	0.0588743522	8900
-0.00662436714	0.0702370161	8901
0.00750196108	0.0809256509	8902
0.0233855008	0.090984678	8903
0.0409437246	0.100455153	8904
0.060119597	0.109355527	8905
0.0808622714	0.117676583	8906
0.103113414	0.125390087	8907
0.126802195	0.132451717	8908
0.151841725	0.13880775	8909
0.178127997	0.144405539	8910
0.205542214	0.149193255	8911
0.233951727	0.153129343	8912
0.263213339	0.156182015	8913
0.293175343	0.158329581	8914
0.323679524	0.159567834	8915
0.354563657	0.159904149	8916
0.385661729	0.159356401	8917
0.416811047	0.158001263	8918
0.447881097	0.156054888	8919
0.478761653	0.153608881	8920
0.509343926	0.150706523	8921
0.539521161	0.147398606	8922
0.569190765	0.143736517	8923
0.598255321	0.139770432	8924
0.62662342	0.135549588	8925
0.654210481	0.131122859	8926
0.680939735	0.126539558	8927
0.706741672	0.121844631	8928
0.731554945	0.117082924	8929
0.755326215	0.112296555	8930
0.778010076	0.107524694	8931
0.79956946	0.102805056	8932
0.819975547	0.0981724834	8933
0.839207702	0.0936587317	8934
0.857253135	0.089291624	8935
0.874107193	0.0850963136	8936
0.8897735	0.081094807	8937
0.904263446	0.07730486	8938
0.917594146	0.0737413187	8939
0.929797962	0.0704139717	8940
0.94091377	0.0673283687	8941
0.950990612	0.0644857709	8942
0.960089152	0.0618835174	8943
0.968282746	0.0595132398	8944
0.975659945	0.0573590217	8945
0.982328624	0.0553984513	8946
0.988414004	0.0536011797	8947
0.994058318	0.0519166286	8948
0.999409879	0.0502686867	8949
1.00461482	0.0485623504	8950
1.0098127	0.0466807386	8951
1.01511709	0.0444631292	8952
1.02057645	0.0416946774	8953
1.02610603	0.038109842	8954
1.03148904	0.0335484134	8955
1.03645854	0.0279534884	8956
1.04075024	0.0213080848	8957
1.04401934	0.0136548396	8958
1.04590536	0.00524474277	8959
1.05182784	-0.00413178999	8960
1.0502304	-0.0137035992	8961
1.04683705	-0.0227429297	8962
1.04185451	-0.0307807948	8963
1.03574227	-0.0375204268	8964
1.02895903	-0.0429076809	8965
1.02184662	-0.0469728143	8966
1.014729	-0.0498358317	8967
1.00785165	-0.0517252053	8968
1.00130554	-0.0529483479	8969
0.995009578	-0.0537448175	8970
0.988819457	-0.0542796597	8971
0.982576184	-0.0546618061	8972
0.97610995	-0.0549761795	8973
0.969244568	-0.0552829519	8974
0.961814932	-0.0556111713	8975
0.953673554	-0.0559720204	8976
0.944697146	-0.0563734099	8977
0.934785814	-0.0568214419	8978
0.923857467	-0.0573189694	8979
0.911846574	-0.057868105	8980
0.898702297	-0.0584717687	8981
0.884385451	-0.0591333425	8982
0.8688699	-0.0598565519	8983
0.852143407	-0.0606452088	8984
0.83420214	-0.0615030718	8985
0.8150523	-0.0624338738	8986
0.794709798	-0.0634412226	8987
0.773199978	-0.0645284922	8988
0.750557357	-0.0656985345	8989
0.726825513	-0.0669522453	8990
0.702057129	-0.0682886557	8991
0.676313735	-0.0697064492	8992
0.649665279	-0.0712012607	8993
0.62219025	-0.0727632757	8994
0.593975641	-0.0743830329	8995
0.565116213	-0.0760448436	8996
0.535714668	-0.0777301087	8997
0.505881469	-0.0794130696	8998
0.475735093	-0.0810675109	8999
0.445401516	-0.082662491	9000
0.415016033	-0.0841493369	9001
0.384720712	-0.0855565535	9002
0.354644254	-0.0869988497	9003
0.324893584	-0.0884640139	9004
0.295574119	-0.0898887253	9005
0.266792951	-0.0912134257	9006
0.238654263	-0.0923726982	9007
0.211256378	-0.0932987362	9008
0.184688656	-0.0939194142	9009
0.159028518	-0.0941593156	9010
0.134338189	-0.0939376543	9011
0.110662095	-0.0931624107	9012
0.0880256334	-0.091724715	9013
0.0664381079	-0.0894838973	9014
0.0459030999	-0.0862563549	9015
0.0264443843	-0.0817932249	9016
0.00815850587	-0.0757722093	9017
-0.00869395586	-0.0678115631	9018
-0.0235721213	-0.0575973761	9019
-0.0356358996	-0.0451653172	9020
-0.0441021182	-0.0312538192	9021
-0.048924755	-0.0171586556	9022
-0.0508117252	-0.00391989413	9023
-0.0503716106	0.00911891557	9024
-0.0474757289	0.0227001127	9025
-0.0419271859	0.0363677595	9026
-0.0337645236	0.0496614914	9027
-0.0232231021	0.0622784345	9028
-0.0105799702	0.0741112208	9029
0.00394526506	0.0851757004	9030
0.0202082713	0.0955324971	9031
0.0381206529	0.105238257	9032
0.0576240135	0.114324893	9033
0.0786687097	0.122794053	9034
0.101198821	0.130625918	9035
0.125146297	0.137782538	9036
0.150426877	0.144214938	9037
0.176938805	0.14987401	9038
0.204565067	0.154710577	9039
0.233174313	0.158685109	9040
0.262624197	0.161767412	9041
0.292763411	0.163937093	9042
0.323433708	0.165191057	9043
0.354472401	0.165537688	9044
0.385712461	0.164995845	9045
0.416989951	0.163643189	9046
0.448174692	0.161696785	9047
0.479158338	0.159248926	9048
0.509833908	0.156343371	9049
0.540095929	0.153031264	9050
0.569842738	0.149364267	9051
0.598977649	0.145392778	9052
0.627409792	0.141166217	9053
0.655054971	0.136733622	9054
0.681836702	0.132144447	9055
0.707685667	0.12744377	9056
0.732540623	0.122676563	9057
0.756348283	0.11788506	9058
0.779063245	0.113108542	9059
0.80064843	0.108384822	9060
0.821075038	0.103748821	9061
0.840322532	0.0992323435	9062
0.858378337	0.0948632221	9063
0.875238193	0.0906665704	9064
0.890906394	0.0866642852	9065
0.90539422	0.0828741563	9066
0.918722191	0.0793103374	9067
0.930924526	0.0759822711	9068
0.942043358	0.0728948647	9069
0.952132021	0.0700485086	9070
0.961256744	0.0674393273	9071
0.969497999	0.0650571982	9072
0.976954538	0.0628832618	9073
0.983744131	0.0608911156	9074
0.99000219	0.0590444889	9075
0.995880424	0.0572841512	9076
1.00153238	0.055522623	9077
1.00710218	0.0536516508	9078
1.01271906	0.0515409276	9079
1.01847879	0.0490183686	9080
1.0244085	0.0458603281	9081
1.03040563	0.0417890598	9082
1.03621009	0.0366668536	9083
1.04154352	0.0304335637	9084
1.04612425	0.0230762573	9085
1.04958623	0.014664043	9086
1.05155938	0.00546517114	9087
1.0581438	-0.00478775526	9088
1.05639945	-0.0152159228	9089
1.05274594	-0.0250791932	9090
1.04739928	-0.0338893765	9091
1.04083321	-0.0413322674	9092
1.03351598	-0.047349182	9093
1.02582391	-0.0519447053	9094
1.0180985	-0.0552427388	9095
1.01061098	-0.0574721906	9096
1.00346706	-0.0589503402	9097
0.996636197	-0.0599175205	9098
0.989980481	-0.0605608043	9099
0.983350974	-0.061006295	9100
0.976580584	-0.0613544144	9101
0.969488036	-0.0616776588	9102
0.961899113	-0.0620134837	9103
0.953653902	-0.0623781627	9104
0.944616763	-0.0627821488	9105
0.934677211	-0.063232572	9106
0.923744405	-0.0637325534	9107
0.911745848	-0.0642841415	9108
0.89862526	-0.0648900857	9109
0.88434017	-0.0655536037	9110
0.868858869	-0.0662782754	9111
0.852168184	-0.0670678811	9112
0.834262765	-0.0679261604	9113
0.815147757	-0.068856854	9114
0.794838362	-0.0698635929	9115
0.773359456	-0.070949784	9116
0.750745244	-0.0721183139	9117
0.727039092	-0.0733701144	9118
0.702293531	-0.0747042501	9119
0.676569952	-0.076119437	9120
0.649938129	-0.0776113413	9121
0.622476381	-0.0791701781	9122
0.594271508	-0.0807865116	9123
0.565418055	-0.082444676	9124
0.536018518	-0.0841260899	9125
0.506183221	-0.0858050045	9126
0.476030607	-0.0874551997	9127
0.445686754	-0.0890457105	9128
0.415287501	-0.0905278196	9129
0.384975253	-0.0919299895	9130
0.354876839	-0.093366955	9131
0.325095419	-0.0948265661	9132
0.295732584	-0.0962454715	9133
0.266891791	-0.0975639095	9134
0.238673258	-0.0987160208	9135
0.211170874	-0.099633181	9136
0.184469171	-0.10024188	9137
0.158639882	-0.100464473	9138
0.133738626	-0.100216685	9139
0.109802312	-0.0994011532	9140
0.0868481508	-0.0979010055	9141
0.0648773676	-0.0955639014	9142
0.0438871267	-0.0921898507	9143
0.0238991719	-0.0875082283	9144
0.00501645613	-0.0811702332	9145
-0.0124821902	-0.0727650783	9146
-0.0280171645	-0.0619579907	9147
-0.0406975031	-0.0487779514	9148
-0.0496849223	-0.0339770533	9149
-0.0548874268	-0.0188792532	9150
-0.0569800546	-0.00456401635	9151
-0.0565556517	0.00955516641	9152
-0.0535030708	0.0241473226	9153
-0.0476637116	0.0387185452	9154
-0.0391183543	0.0527918896	9155
-0.0281424067	0.0660611564	9156
-0.0150462563	0.078426434	9157
-7.35195123e-05	0.0899181248	9158
0.0166167578	0.10061428	9159
0.034928967	0.110588628	9160
0.0548026511	0.119888044	9161
0.0761891341	0.128526382	9162
0.099034962	0.136493367	9163
0.123275076	0.14375832	9164
0.148828109	0.150277717	9165
0.175594828	0.156006527	9166
0.203460242	0.160898639	9167
0.232294496	0.164916864	9168
0.261956246	0.168032848	9169
0.292294673	0.170227695	9170
0.323151547	0.171499587	9171
0.354363711	0.171858063	9172
0.385763046	0.171323091	9173
0.417184272	0.169973448	9174
0.448497539	0.168027228	9175
0.479596651	0.165577497	9176
0.510376643	0.162668556	9177
0.540733379	0.159351958	9178
0.570566251	0.155679679	9179
0.599779376	0.151702371	9180
0.628282477	0.147469669	9181
0.655991781	0.143030796	9182
0.682831117	0.138435372	9183
0.70873138	0.133728623	9184
0.733631447	0.128955662	9185
0.757478099	0.124158855	9186
0.780225964	0.119377596	9187
0.801837987	0.114649802	9188
0.822285459	0.110010462	9189
0.841548043	0.105491413	9190
0.859613525	0.101120471	9191
0.876478251	0.0969226672	9192
0.892147472	0.0929197335	9193
0.906632466	0.089129464	9194
0.919958396	0.0855651048	9195
0.932161739	0.0822356826	9196
0.943288752	0.0791453005	9197
0.953398098	0.0762932553	9198
0.962562814	0.0736741322	9199
0.970871904	0.0712755594	9200
0.978436038	0.0690748959	9201
0.985383275	0.0670407873	9202
0.991859305	0.0651296592	9203
0.998024036	0.0632720929	9204
1.00403349	0.0613679198	9205
1.01002609	0.0592949986	9206
1.01611705	0.0569099073	9207
1.02238153	0.0540303411	9208
1.02883575	0.0504135031	9209
1.03532477	0.0458034746	9210
1.04157793	0.040056217	9211
1.04729597	0.0331176816	9212
1.05218076	0.0249765773	9213
1.05584277	0.0157370983	9214
1.05790445	0.00567848833	9215
1.06522957	-0.00553158201	9216
1.0633261	-0.016892755	9217
1.05939373	-0.0276548378	9218
1.05365805	-0.037309742	9219
1.04660735	-0.0455252722	9220
1.03872708	-0.0522301714	9221
1.03040401	-0.0574275731	9222
1.02202177	-0.0612184792	9223
1.01386838	-0.063840691	9224
1.00607611	-0.0656160473	9225
0.998626871	-0.06679824	9226
0.991435577	-0.0675790788	9227
0.98435114	-0.0681083527	9228
0.977212891	-0.0685031312	9229
0.969837503	-0.068850066	9230
0.962044077	-0.0691969447	9231
0.953659215	-0.0695668476	9232
0.944535206	-0.069973873	9233
0.93454954	-0.0704268254	9234
0.923601091	-0.0709293944	9235
0.911608989	-0.0714836638	9236
0.898510279	-0.0720922105	9237
0.884257732	-0.0727580459	9238
0.868814799	-0.0734845486	9239
0.852164683	-0.0742754102	9240
0.834300691	-0.0751343343	9241
0.815226518	-0.0760650548	9242
0.794956357	-0.0770712209	9243
0.773514392	-0.0781562742	9244
0.750934353	-0.0793231418	9245
0.727259272	-0.0805728003	9246
0.702541452	-0.0819043566	9247
0.676842083	-0.0833165687	9248
0.650230722	-0.0848051428	9249
0.62278548	-0.0863603311	9250
0.594592937	-0.0879727308	9251
0.565747391	-0.0896267048	9252
0.536351102	-0.091303694	9253
0.506514225	-0.0929779636	9254
0.476355144	-0.09462329	9255
0.446000018	-0.0962086842	9256
0.415585245	-0.0976853812	9257
0.385253541	-0.099081796	9258
0.355129606	-0.100512688	9259
0.32531236	-0.101965963	9260
0.295899076	-0.103378218	9261
0.266989018	-0.104689437	9262
0.238678065	-0.105833217	9263
0.211055095	-0.106739957	9264
0.184198917	-0.107334498	9265
0.158175003	-0.107536561	9266
0.133031621	-0.107257779	9267
0.108797419	-0.106394579	9268
0.0854808118	-0.104820877	9269
0.0630746299	-0.10237107	9270
0.0415698634	-0.0988268236	9271
0.0209873146	-0.0938935909	9272
0.00143849359	-0.0871940515	9273
-0.0167769242	-0.078286511	9274
-0.0330358302	-0.0668157301	9275
-0.0463931953	-0.0528044977	9276
-0.0559527556	-0.0370195786	9277
-0.0615739474	-0.0208142202	9278
-0.0638963199	-0.0053084723	9279
-0.0634942823	0.0100084021	9280
-0.0602741273	0.0257255461	9281
-0.0541177431	0.0413064084	9282
-0.0451513004	0.0562548433	9283
-0.0336937696	0.0702598542	9284
-0.0200924024	0.0832285111	9285
-0.00461796439	0.0952062253	9286
0.0125533429	0.106289635	9287
0.0313170583	0.116571086	9288
0.0516097464	0.126114023	9289
0.0733833249	0.134945997	9290
0.0965867906	0.143067546	9291
0.121158261	0.150456299	9292
0.147019539	0.157074996	9293
0.174074204	0.162883312	9294
0.20220956	0.167838686	9295
0.231297472	0.171906647	9296
0.261197772	0.175060974	9297
0.29176025	0.177284504	9298
0.322826748	0.178576888	9299
0.354233648	0.178948985	9300
0.38581167	0.178422025	9301
0.417394051	0.177076043	9302
0.448851311	0.175130293	9303
0.480079788	0.17267871	9304
0.510976566	0.169766222	9305
0.541439037	0.166444844	9306
0.571367752	0.162766915	9307
0.600667714	0.158783381	9308
0.629249299	0.154544123	9309
0.6570292	0.15009858	9310
0.683931595	0.145496557	9311
0.709887618	0.140783454	9312
0.734836292	0.136004538	9313
0.758724499	0.131202314	9314
0.781506939	0.126416298	9315
0.803146653	0.121684502	9316
0.82361512	0.117041973	9317
0.842892354	0.112520554	9318
0.860966717	0.108148002	9319
0.877835447	0.103949213	9320
0.893505134	0.099945684	9321
0.907987331	0.0961551501	9322
0.92131326	0.0925897197	9323
0.933522188	0.0892579061	9324
0.944665539	0.086162803	9325
0.954808545	0.0833023255	9326
0.964032461	0.0806690893	9327
0.972436351	0.078247822	9328
0.980144084	0.0760111207	9329
0.987294297	0.0739214363	9330
0.994042179	0.0719263981	9331
1.00055366	0.0699448951	9332
1.00698378	0.0678630116	9333
1.01346138	0.0655444842	9334
1.02008425	0.0628334522	9335
1.02691195	0.0595326172	9336
1.03392906	0.0553965453	9337
1.04094523	0.050180828	9338
1.04767529	0.04373841	9339
1.0538031	0.0360133338	9340
1.05900324	0.0270204467	9341
1.06287328	0.0168772353	9342
1.06502481	0.00588146637	9343
1.07317902	-0.00637414055	9344
1.07110324	-0.0187520126	9345
1.0668719	-0.0304947038	9346
1.06072053	-0.0410734657	9347
1.05315228	-0.0501375039	9348
1.04467025	-0.0576023532	9349
1.03566969	-0.0634718061	9350
1.02657908	-0.0678192204	9351
1.01770152	-0.0708926216	9352
1.00919575	-0.0730173086	9353
1.00106748	-0.0744561496	9354
0.993249913	-0.075414565	9355
0.985634863	-0.0760533061	9356
0.978056414	-0.0765119101	9357
0.970333124	-0.0768927625	9358
0.96228029	-0.0772559793	9359
0.953710375	-0.0776334649	9360
0.944465055	-0.0780443366	9361
0.934408614	-0.0785000126	9362
0.923428096	-0.0790052418	9363
0.911432698	-0.0795623479	9364
0.898351372	-0.0801737789	9365
0.884130408	-0.0808423021	9366
0.868729181	-0.081571059	9367
0.852124208	-0.0823635477	9368
0.834307472	-0.0832234148	9369
0.815280709	-0.0841543619	9370
0.795056699	-0.0851600441	9371
0.773658631	-0.0862439346	9372
0.751119525	-0.0874090057	9373
0.727481911	-0.0886562866	9374
0.702797741	-0.0899849372	9375
0.677127916	-0.0913937685	9376
0.650541704	-0.0928785378	9377
0.623116959	-0.0944295449	9378
0.594939997	-0.0960374286	9379
0.566104822	-0.0976865889	9380
0.536713419	-0.0993584956	9381
0.506875737	-0.101027433	9382
0.476710061	-0.102667177	9383
0.446342599	-0.104246713	9384
0.415910309	-0.105717226	9385
0.385556183	-0.107107078	9386
0.355402486	-0.108531047	9387
0.325543364	-0.109977089	9388
0.296071216	-0.111381718	9389
0.267080552	-0.112684593	9390
0.23866222	-0.11381865	9391
0.210899811	-0.11471311	9392
0.183865136	-0.115290839	9393
0.157616858	-0.115468436	9394
0.132195081	-0.115152725	9395
0.107619441	-0.114232901	9396
0.0838889745	-0.112572274	9397
0.0609879343	-0.10999018	9398
0.0389016216	-0.106247797	9399
0.0176513394	-0.101024381	9400
-0.00264028269	-0.0939120801	9401
-0.0216498845	-0.0844364474	9402
-0.0387055529	-0.0722226727	9403
-0.0528050833	-0.0572880055	9404
-0.0629914421	-0.0404150337	9405
-0.0690729681	-0.0229875472	9406
-0.0716512477	-0.00616708966	9407
-0.0712794252	0.0104753576	9408
-0.0678809248	0.0274424595	9409
-0.0613800866	0.0441501374	9410
-0.0519515126	0.0600800995	9411
-0.0399612986	0.0749147158	9412
-0.0257972928	0.0885672255	9413
-0.00976087172	0.101098262	9414
0.00795179822	0.112624094	9415
0.0272254246	0.123257228	9416
0.047992411	0.133079385	9417
0.0702047162	0.142133441	9418
0.0938136698	0.150432178	9419
0.118760709	0.157962711	9420
0.144971074	0.164694989	9421
0.17235147	0.170594131	9422
0.200791792	0.175621698	9423
0.230165881	0.17974638	9424
0.260334951	0.182944437	9425
0.291149541	0.185200715	9426
0.32245165	0.186516564	9427
0.354077212	0.186904356	9428
0.385855715	0.186386761	9429
0.417618679	0.185045236	9430
0.449237404	0.183100333	9431
0.480610716	0.180646982	9432
0.511638048	0.177730822	9433
0.542218467	0.1744044	9434
0.572253808	0.170720472	9435
0.601650046	0.166730324	9436
0.630318277	0.162484123	9437
0.658175717	0.158031549	9438
0.685146933	0.153422626	9439
0.71116334	0.14870294	9440
0.73616415	0.143917933	9441
0.760096398	0.139110252	9442
0.78291493	0.134319537	9443
0.804582987	0.129583884	9444
0.825072392	0.124938371	9445
0.844363723	0.120414811	9446
0.862446214	0.116040849	9447
0.87931838	0.111841176	9448
0.894987434	0.107837189	9449
0.909469416	0.104045778	9450
0.922799463	0.100478358	9451
0.935021568	0.0971425617	9452
0.946193571	0.0940402096	9453
0.956388696	0.0911674536	9454
0.965697974	0.0885143713	9455
0.97423204	0.0860619403	9456
0.982128308	0.083776927	9457
0.989536396	0.0816139754	9458
0.996618997	0.0795104443	9459
1.00354501	0.077372191	9460
1.01046457	0.0750708635	9461
1.01749312	0.0724562617	9462
1.02470923	0.0693602967	9463
1.03216299	0.0655640759	9464
1.03977897	0.0608459297	9465
1.04735872	0.0549513769	9466
1.054595	0.0477372922	9467
1.06115659	0.0391416771	9468
1.06668606	0.029218155	9469
1.0707724	0.018087759	9470
1.07301491	0.00607033329	9471
1.08209753	-0.0073275851	9472
1.07983513	-0.0208135498	9473
1.0752832	-0.0336262196	9474
1.06868753	-0.045215359	9475
1.06056655	-0.0552109038	9476
1.05144133	-0.0635146426	9477
1.04172435	-0.070123518	9478
1.03186095	-0.0751067402	9479
1.02219814	-0.0786959364	9480
1.01291077	-0.0812282973	9481
1.00403123	-0.0829738423	9482
0.995517353	-0.0841499	9483
0.987277278	-0.0849334878	9484
0.979174728	-0.0854790132	9485
0.971031043	-0.0859078618	9486
0.962648436	-0.0862957278	9487
0.953836995	-0.086684701	9488
0.944425853	-0.0871009202	9489
0.934265413	-0.0875597115	9490
0.923229494	-0.0880676394	9491
0.911215743	-0.0886276351	9492
0.898143439	-0.0892421466	9493
0.883950953	-0.0899136969	9494
0.868592679	-0.0906451477	9495
0.85203677	-0.0914396918	9496
0.834273062	-0.0923008735	9497
0.815300674	-0.093232323	9498
0.795130453	-0.0942376771	9499
0.773784177	-0.0953204308	9500
0.751293838	-0.0964836008	9501
0.727701223	-0.0977282761	9502
0.70305775	-0.0990536805	9503
0.6774239	-0.100458691	9504
0.650868548	-0.101939129	9505
0.623469212	-0.103485355	9506
0.595311875	-0.105088062	9507
0.566490193	-0.106731697	9508
0.537105813	-0.108397768	9509
0.507268425	-0.110060585	9510
0.477096165	-0.111693928	9511
0.446715236	-0.113266758	9512
0.416263138	-0.114730204	9513
0.385883086	-0.116112571	9514
0.355694555	-0.117528649	9515
0.325786314	-0.118966427	9516
0.296245257	-0.120362292	9517
0.267160501	-0.121655496	9518
0.238617185	-0.122778157	9519
0.21069273	-0.123658067	9520
0.183451651	-0.124215734	9521
0.156944234	-0.12436403	9522
0.131201873	-0.124004117	9523
0.10623443	-0.123016758	9524
0.0820310659	-0.121253058	9525
0.0585674525	-0.118515278	9526
0.0358239906	-0.114541784	9527
0.0138243334	-0.108983264	9528
-0.00729476183	-0.101399387	9529
-0.0271831819	-0.0912811485	9530
-0.0451143982	-0.0782356521	9531
-0.0600260668	-0.0622754031	9532
-0.0708977068	-0.0442001042	9533
-0.0774842357	-0.025425078	9534
-0.08034658	-0.00715549219	9535
-0.0800141452	0.0109519729	9536
-0.0764267521	0.0293057357	9537
-0.0695529138	0.0472694085	9538
-0.0596185351	0.0642992972	9539
-0.0470403913	0.0800689194	9540
-0.032250824	0.0944964925	9541
-0.0155855925	0.107657784	9542
0.00273597837	0.119689565	9543
0.0225854067	0.130726006	9544
0.0438894355	0.140868886	9545
0.0665992861	0.150178174	9546
0.0906683621	0.158680484	9547
0.116041493	0.166373763	9548
0.142647605	0.173236258	9549
0.170396847	0.179239392	9550
0.19918203	0.184349525	9551
0.228879258	0.188539028	9552
0.259351364	0.19178706	9553
0.29044981	0.194080806	9554
0.322016853	0.195423583	9555
0.353888018	0.195829507	9556
0.385891293	0.195322887	9557
0.417856902	0.193986792	9558
0.449656565	0.19204324	9559
0.48119199	0.189588287	9560
0.512365192	0.186668389	9561
0.543077087	0.183336702	9562
0.573230918	0.179646464	9563
0.602733737	0.175649352	9564
0.631497442	0.17139586	9565
0.659439831	0.16693595	9566
0.686485922	0.162319884	9567
0.712567471	0.157593463	9568
0.737623943	0.152802307	9569
0.761602613	0.147989217	9570
0.784458588	0.143193941	9571
0.806155469	0.13845464	9572
0.826665644	0.13380639	9573
0.845970561	0.129280918	9574
0.864060719	0.124905689	9575
0.880936423	0.120705102	9576
0.896605597	0.11670043	9577
0.911091459	0.112907269	9578
0.924432803	0.109336397	9579
0.936679918	0.105994262	9580
0.947898504	0.102881067	9581
0.958171362	0.099990694	9582
0.967600898	0.0973099322	9583
0.976310616	0.094814927	9584
0.984450292	0.0924655711	9585
0.992181414	0.0902066086	9586
0.999670648	0.0879638662	9587
1.00708608	0.0856291303	9588
1.01456887	0.0830593578	9589
1.02221763	0.0800909795	9590
1.03010951	0.0765293664	9591
1.0382267	0.0721776521	9592
1.04648703	0.0668014332	9593
1.0546682	0.0601481106	9594
1.06244756	0.0520671585	9595
1.06946036	0.0425240048	9596
1.07533511	0.0315807094	9597
1.07964628	0.0193720158	9598
1.08198075	0.00624069186	9599
1.09210327	-0.00840585297	9600
1.08963921	-0.0230978084	9601
1.08474305	-0.0370796431	9602
1.07767242	-0.0497737644	9603
1.06896105	-0.0607916433	9604
1.05914845	-0.0700207225	9605
1.0486678	-0.07744785	9606
1.03796946	-0.0831489939	9607
1.02745733	-0.0873252658	9608
1.01731721	-0.0903302852	9609
1.00760832	-0.0924400766	9610
0.998314857	-0.0938824143	9611
0.989368285	-0.0948488857	9612
0.980650453	-0.0955111339	9613
0.971993366	-0.0960084567	9614
0.963201508	-0.0964328947	9615
0.954079731	-0.0968396078	9616
0.944446398	-0.0972638906	9617
0.934138168	-0.0977266559	9618
0.923014642	-0.0982373815	9619
0.910960388	-0.0988002126	9620
0.897883337	-0.0994178671	9621
0.883712325	-0.100092692	9622
0.868395059	-0.100827239	9623
0.851891271	-0.101624312	9624
0.834185816	-0.102487248	9625
0.815274845	-0.103419558	9626
0.795166593	-0.104424821	9627
0.77388088	-0.105506532	9628
0.751448239	-0.106667745	9629
0.727909375	-0.10790961	9630
0.703314921	-0.109231425	9631
0.677724735	-0.110632147	9632
0.651207151	-0.112107678	9633
0.623839229	-0.113648456	9634
0.595706524	-0.115245241	9635
0.566902254	-0.116882542	9636
0.537527649	-0.118541917	9637
0.507692063	-0.120197713	9638
0.477513406	-0.121823717	9639
0.447117799	-0.123388869	9640
0.416643246	-0.124844241	9641
0.386233098	-0.126218068	9642
0.356003634	-0.127625144	9643
0.326037559	-0.129053465	9644
0.296415551	-0.130439237	9645
0.267220616	-0.131721188	9646
0.238531415	-0.132830424	9647
0.210418274	-0.133692996	9648
0.182937929	-0.134226591	9649
0.156130666	-0.134339603	9650
0.130018622	-0.133926529	9651
0.104601156	-0.132858299	9652
0.0798571807	-0.130971984	9653
0.0557540266	-0.128050534	9654
0.032268351	-0.12380701	9655
0.00942846601	-0.117861118	9656
-0.012611868	-0.10973782	9657
-0.0334707238	-0.0988929871	9658
-0.0523624483	-0.0849166287	9659
-0.0681612085	-0.0678178092	9660
-0.079780538	-0.048414771	9661
-0.0869197451	-0.0281554044	9662
-0.0900963279	-0.00829203884	9663
-0.0898140692	0.0114317865	9664
-0.0860275029	0.0313230514	9665
-0.0787511121	0.050684838	9666
-0.0682646802	0.0689460652	9667
-0.0550391466	0.0857687907	9668
-0.0395553553	0.101074606	9669
-0.0221875025	0.114953968	9670
-0.00318165622	0.12756479	9671
0.0173177394	0.139064322	9672
0.0392299008	0.149576216	9673
0.0625042511	0.159179425	9674
0.087095823	0.167916151	9675
0.112952806	0.175796693	9676
0.140008015	0.182808845	9677
0.168175358	0.188931341	9678
0.197350904	0.19413613	9679
0.22741334	0.198399892	9680
0.258227388	0.201705172	9681
0.289645639	0.204041888	9682
0.321510743	0.205415646	9683
0.35365763	0.205842569	9684
0.385913332	0.205348858	9685
0.41810621	0.204019393	9686
0.450108621	0.202077853	9687
0.481825451	0.199621581	9688
0.513161559	0.19669796	9689
0.544019895	0.193360854	9690
0.574305254	0.189664052	9691
0.603925881	0.185659685	9692
0.632794571	0.181398621	9693
0.660829791	0.176931141	9694
0.687957089	0.172307777	9695
0.714108647	0.167574556	9696
0.739224286	0.162777292	9697
0.763251654	0.157958928	9698
0.786146291	0.153159308	9699
0.807872393	0.148416623	9700
0.82840323	0.143765894	9701
0.847721529	0.139238694	9702
0.865819585	0.13486222	9703
0.88270016	0.130660466	9704
0.898372647	0.126654445	9705
0.912869325	0.122858178	9706
0.926233515	0.119281637	9707
0.938523273	0.115929765	9708
0.949813786	0.112800687	9709
0.960199093	0.109885343	9710
0.969794444	0.107166261	9711
0.978737013	0.104613422	9712
0.987185607	0.102179025	9713
0.995315496	0.0997951924	9714
1.00329203	0.0973754228	9715
1.01127827	0.0947968002	9716
1.0194033	0.0919013043	9717
1.02776581	0.0884993281	9718
1.03637967	0.0844096357	9719
1.04521549	0.0794239459	9720
1.05416726	0.0733064461	9721
1.06298922	0.0658069714	9722
1.07134631	0.0567618399	9723
1.07883251	0.0461803032	9724
1.0850692	0.0341198497	9725
1.08961403	0.0207333553	9726
1.09204124	0.00638742979	9727
1.10332893	-0.0096238964	9728
1.10064669	-0.0256298283	9729
1.09538278	-0.0408836278	9730
1.08780263	-0.0547908664	9731
1.07846059	-0.0669304945	9732
1.06791345	-0.0771796288	9733
1.05661549	-0.0855145381	9734
1.04503219	-0.0920106736	9735
1.03359101	-0.0968626045	9736
1.02252372	-0.100412398	9737
1.01190399	-0.10295115	9738
1.00174278	-0.104715923	9739
0.991996038	-0.105911797	9740
0.982566104	-0.106726963	9741
0.973299325	-0.107318724	9742
0.964006939	-0.107796565	9743
0.954492792	-0.10823065	9744
0.944567423	-0.108667689	9745
0.934054963	-0.109136214	9746
0.92280052	-0.109650111	9747
0.910674365	-0.110215669	9748
0.897571447	-0.110836361	9749
0.883409342	-0.111514548	9750
0.868126274	-0.112252472	9751
0.851675954	-0.113052562	9752
0.834032684	-0.113917737	9753
0.81518972	-0.114851344	9754
0.795151815	-0.115856844	9755
0.773936125	-0.116937693	9756
0.751571147	-0.118096959	9757
0.728096044	-0.119335853	9758
0.703560301	-0.12065375	9759
0.678022879	-0.122049702	9760
0.65155134	-0.123519709	9761
0.624222113	-0.125054302	9762
0.596120184	-0.126644332	9763
0.567338203	-0.128274387	9764
0.53797687	-0.129926089	9765
0.508145091	-0.131573834	9766
0.477960443	-0.133191429	9767
0.44754885	-0.134747792	9768
0.417048751	-0.136193934	9769
0.386603508	-0.137558015	9770
0.356325734	-0.13895481	9771
0.32629129	-0.140372291	9772
0.296573842	-0.1417464	9773
0.267249474	-0.143015191	9774
0.23838951	-0.144108517	9775
0.210056266	-0.144950299	9776
0.182297886	-0.145454826	9777
0.1551431	-0.145525112	9778
0.128604245	-0.145047795	9779
0.102669529	-0.143882347	9780
0.0773074214	-0.141849733	9781
0.0524774679	-0.138711134	9782
0.0281541726	-0.134151677	9783
0.00437331595	-0.127757673	9784
-0.0186928181	-0.119016081	9785
-0.0406197954	-0.107350912	9786
-0.0605633527	-0.0923330888	9787
-0.0773292678	-0.0739708682	9788
-0.0897627163	-0.053102577	9789
-0.0975053538	-0.0312097504	9790
-0.101028766	-0.00959389437	9791
-0.100808786	0.0119076412	9792
-0.0968142265	0.0334968238	9793
-0.0891037885	0.054418062	9794
-0.078016552	0.0740561494	9795
-0.0640799245	0.0920639852	9796
-0.0478273142	0.108364496	9797
-0.0296756483	0.123061979	9798
-0.00990170344	0.13633583	9799
0.0113309009	0.148367647	9800
0.0339315724	0.159304759	9801
0.0578465378	0.169247096	9802
0.0830317722	0.178254363	9803
0.109438643	0.186350909	9804
0.137003982	0.19353551	9805
0.165645747	0.199795376	9806
0.195263613	0.205108975	9807
0.2257392	0.209458033	9808
0.256939422	0.212829069	9809
0.288718241	0.215215202	9810
0.320918635	0.216624696	9811
0.353375522	0.217076031	9812
0.385914649	0.216597553	9813
0.418362443	0.215276207	9814
0.450592032	0.21333755	9815
0.482511813	0.21088039	9816
0.514029769	0.207953182	9817
0.54505109	0.204610597	9818
0.575482287	0.200907066	9819
0.605232935	0.196895238	9820
0.634216844	0.192626412	9821
0.662353254	0.188151226	9822
0.689568363	0.18352051	9823
0.715794905	0.178780535	9824
0.74097321	0.173977306	9825
0.765051493	0.169153897	9826
0.787985986	0.164350216	9827
0.809741812	0.159604432	9828
0.830293553	0.154951447	9829
0.849625775	0.150422589	9830
0.86773326	0.146044676	9831
0.884621178	0.141841314	9832
0.900304447	0.137832564	9833
0.914823427	0.134031085	9834
0.928228059	0.130445625	9835
0.940585837	0.127079197	9836
0.951983156	0.123927236	9837
0.962526888	0.120976858	9838
0.972346198	0.118205104	9839
0.981591889	0.115574224	9840
0.990431044	0.113026813	9841
0.99904067	0.110483646	9842
1.00759332	0.107841021	9843
1.01624648	0.104958232	9844
1.02511237	0.10166113	9845
1.03424446	0.0977612236	9846
1.04364411	0.093063992	9847
1.05325557	0.0873581611	9848
1.06294771	0.0804082907	9849
1.07246222	0.0719504305	9850
1.08142058	0.0618553067	9851
1.08940564	0.0501321047	9852
1.0960217	0.0368480624	9853
1.10080929	0.0221750884	9854
1.10332979	0.00650189541	9855
1.11592337	-0.0109984017	9856
1.11300499	-0.0284368598	9857
1.10734665	-0.0450786778	9858
1.09922323	-0.0603094008	9859
1.08920568	-0.0736832266	9860
1.0778736	-0.0850562115	9861
1.06570118	-0.0943971216	9862
1.05317613	-0.101775292	9863
1.04072558	-0.107398042	9864
1.0286532	-0.111572435	9865
1.01703761	-0.11461252	9866
1.00591659	-0.116763646	9867
0.995271189	-0.118243318	9868
0.985025855	-0.119255381	9869
0.975044278	-0.119974783	9870
0.96514868	-0.120528995	9871
0.955146551	-0.121004703	9872
0.94484458	-0.121462204	9873
0.934056831	-0.121939918	9874
0.922614672	-0.122458039	9875
0.910373495	-0.123026324	9876
0.897213886	-0.123649793	9877
0.883040438	-0.124331209	9878
0.867780106	-0.12507263	9879
0.85137921	-0.12587611	9880
0.833799682	-0.126744009	9881
0.815030051	-0.127679404	9882
0.795070501	-0.128685556	9883
0.773934611	-0.129765819	9884
0.751648086	-0.130923239	9885
0.728247937	-0.132159066	9886
0.703782006	-0.133472755	9887
0.678307956	-0.134863459	9888
0.651892262	-0.136327292	9889
0.624610467	-0.137854906	9890
0.596546774	-0.139437262	9891
0.567793086	-0.141059048	9892
0.538449401	-0.142701972	9893
0.508624025	-0.144340497	9894
0.478434046	-0.14594846	9895
0.44800503	-0.147494763	9896
0.417475731	-0.148930354	9897
0.386989354	-0.150283302	9898
0.35665429	-0.15166834	9899
0.32653869	-0.153073357	9900
0.296708307	-0.154433927	9901
0.267231402	-0.155687239	9902
0.238171004	-0.156761575	9903
0.20958042	-0.157578245	9904
0.181498377	-0.158047443	9905
0.153940236	-0.158065692	9906
0.126908166	-0.157510374	9907
0.100378705	-0.156227627	9908
0.0743099449	-0.154019984	9909
0.0486545888	-0.1506242	9910
0.0233870725	-0.145694737	9911
-0.00144601694	-0.138782166	9912
-0.025650572	-0.129333153	9913
-0.0487528302	-0.11674094	9914
-0.0698460658	-0.100558472	9915
-0.0876644228	-0.0807951095	9916
-0.10098253	-0.0583109107	9917
-0.109382497	-0.0346221715	9918
-0.113287632	-0.0110815803	9919
-0.113143423	0.0123751049	9920
-0.108931909	0.0358384317	9921
-0.100758111	0.0584855644	9922
-0.0890167376	0.0796675743	9923
-0.074301073	0.0990077029	9924
-0.0571989728	0.116434012	9925
-0.038174574	0.132063346	9926
-0.0175396839	0.146096565	9927
0.00451924009	0.158740662	9928
0.027899057	0.170168395	9929
0.052541002	0.180502715	9930
0.0784010049	0.189822895	9931
0.105433227	0.19816922	9932
0.133578527	0.205553071	9933
0.162759151	0.211971479	9934
0.192878724	0.217410524	9935
0.223822159	0.221857849	9936
0.255458904	0.225304643	9937
0.287644433	0.227747774	9938
0.320222375	0.229198638	9939
0.353027951	0.229678455	9940
0.385885378	0.229218028	9941
0.418619149	0.227906651	9942
0.451103302	0.225972019	9943
0.483250101	0.223514608	9944
0.514970969	0.220584107	9945
0.546173564	0.217236118	9946
0.576766299	0.213525813	9947
0.606660241	0.209506437	9948
0.635770366	0.205229777	9949
0.664016837	0.200746874	9950
0.691326658	0.196108877	9951
0.717633305	0.191362312	9952
0.742877841	0.186553369	9953
0.767009335	0.181725222	9954
0.789985071	0.176917797	9955
0.811771563	0.172169178	9956
0.832345292	0.167514053	9957
0.85169339	0.162983396	9958
0.869814023	0.158603506	9959
0.886714685	0.15439762	9960
0.902421532	0.150383928	9961
0.916980674	0.146574097	9962
0.9304515	0.142975059	9963
0.942912731	0.139587331	9964
0.954463663	0.136402844	9965
0.965225274	0.133403757	9966
0.975340978	0.130560147	9967
0.984974019	0.127824817	9968
0.994299323	0.12512834	9969
1.00349344	0.122377871	9970
1.0127244	0.119453795	9971
1.02213356	0.116201376	9972
1.03181187	0.112434422	9973
1.04178961	0.107954516	9974
1.05204251	0.102561038	9975
1.06248871	0.0960405423	9976
1.07297222	0.0881585476	9977
1.08322574	0.0786309584	9978
1.09281793	0.0673804059	9979
1.1013286	0.0544025423	9980
1.10834227	0.0397785695	9981
1.1133823	0.0236977508	9982
1.11599604	0.00657890584	9983
1.13005364	-0.012548166	9984
1.12687973	-0.0315485239	9985
1.12079826	-0.0497052316	9986
1.11209594	-0.0663787965	9987
1.10135445	-0.0811110997	9988
1.0891836	-0.0937216894	9989
1.07607581	-0.104176371	9990
1.0625414	-0.112538051	9991
1.04902254	-0.119016954	9992
1.03584462	-0.123917739	9993
1.02314435	-0.127539762	9994
1.01096755	-0.130149418	9995
0.999320507	-0.131975682	9996
0.988150668	-0.133237075	9997
0.977341282	-0.134125501	9998
0.966729192	-0.134786417	9999
0.956130138	-0.135323999	10000
0.945351616	-0.13581398	10001
0.934201285	-0.136306985	10002
0.922498801	-0.136831732	10003
0.910085065	-0.137403207	10004
0.896825481	-0.138029157	10005
0.882610158	-0.138713425	10006
0.867352985	-0.13945819	10007
0.850990121	-0.140265197	10008
0.833472807	-0.14113625	10009
0.814779377	-0.142073931	10010
0.794904914	-0.143081213	10011
0.773858271	-0.144161262	10012
0.751661398	-0.145317038	10013
0.728348338	-0.146549793	10014
0.703964629	-0.147859043	10015
0.67856609	-0.149244048	10016
0.652217658	-0.150701051	10017
0.624993627	-0.152220844	10018
0.59697711	-0.153794524	10019
0.568258998	-0.155406907	10020
0.538938352	-0.157039815	10021
0.509122652	-0.158667798	10022
0.478928276	-0.160264737	10023
0.448480204	-0.161799527	10024
0.417917326	-0.16322305	10025
0.387382451	-0.164563266	10026
0.356979113	-0.165934827	10027
0.32676677	-0.167325462	10028
0.296802265	-0.168670226	10029
0.267145038	-0.169905192	10030
0.237848776	-0.170956676	10031
0.208956687	-0.171742774	10032
0.180496904	-0.172168712	10033
0.152470471	-0.172123248	10034
0.124868132	-0.171472797	10035
0.097654829	-0.170048049	10036
0.0707786759	-0.167630533	10037
0.0441869376	-0.163929741	10038
0.0178566103	-0.158566701	10039
-0.00815103717	-0.151054033	10040
-0.0336165398	-0.140795914	10041
-0.0580093876	-0.127156685	10042
-0.0803567862	-0.109672636	10043
-0.099318192	-0.0883563446	10044
-0.113595695	-0.0640913225	10045
-0.122710109	-0.038429773	10046
-0.127034221	-0.0127775713	10047
-0.126980829	0.012826657	10048
-0.122543909	0.0383562193	10049
-0.113875334	0.062915369	10050
-0.101425782	0.0858206587	10051
-0.0858588388	0.106656946	10052
-0.0678204097	0.125356243	10053
-0.0478263464	0.142046369	10054
-0.0262281202	0.156949213	10055
-0.00323913428	0.170297931	10056
0.0210216949	0.182292322	10057
0.0464883648	0.193080431	10058
0.0731154063	0.202763275	10059
0.100859127	0.211399143	10060
0.129664257	0.219013844	10061
0.159457478	0.225615777	10062
0.190146676	0.231199899	10063
0.221620422	0.235760801	10064
0.253751062	0.239295172	10065
0.286395472	0.241804254	10066
0.319399141	0.243303215	10067
0.352597027	0.243816397	10068
0.385812054	0.243377456	10069
0.418866733	0.242078366	10070
0.451636163	0.240149248	10071
0.484036885	0.237692495	10072
0.515984105	0.234759211	10073
0.5473882	0.231406077	10074
0.578159707	0.227689116	10075
0.608211386	0.223662261	10076
0.637459572	0.219377848	10077
0.665825555	0.214887361	10078
0.693237371	0.210242296	10079
0.719629508	0.205489431	10080
0.744944084	0.200675116	10081
0.769131429	0.19584259	10082
0.792150383	0.191031726	10083
0.813969479	0.186280433	10084
0.834567871	0.181623076	10085
0.853936201	0.177090133	10086
0.872077162	0.172707218	10087
0.889002359	0.1684969	10088
0.904751263	0.164475204	10089
0.919377101	0.160652471	10090
0.932950564	0.15703328	10091
0.945563378	0.153614897	10092
0.957329171	0.150384691	10093
0.968383647	0.147318469	10094
0.97888372	0.144377668	10095
0.989002527	0.141503912	10096
0.998918634	0.138614354	10097
1.00880431	0.135601428	10098
1.01881562	0.132330771	10099
1.02907587	0.128634099	10100
1.03965396	0.124313842	10101
1.05055584	0.119162999	10102
1.06173181	0.112975658	10103
1.07307423	0.105536801	10104
1.0844206	0.0965884082	10105
1.09544142	0.0858978216	10106
1.10570413	0.0733726332	10107
1.11476854	0.0590164628	10108
1.12219889	0.042925382	10109
1.12750147	0.0253022435	10110
1.13020788	0.00661128346	10111
1.14590716	-0.0142940854	10112
1.14245684	-0.034997487	10113
1.13592146	-0.0548076002	10114
1.12660004	-0.0730587983	10115
1.11508832	-0.0892754318	10116
1.10201776	-0.103254198	10117
1.08790962	-0.114940944	10118
1.07329392	-0.124397654	10119
1.0586362	-0.131831648	10120
1.04425508	-0.13756617	10121
1.03037723	-0.141859619	10122
1.01704464	-0.145008796	10123
1.00428861	-0.147253364	10124
0.992079905	-0.148825582	10125
0.980322734	-0.149933426	10126
0.968871371	-0.150739897	10127
0.957553939	-0.151367033	10128
0.946183584	-0.151907351	10129
0.934566144	-0.152425774	10130
0.922512917	-0.152961918	10131
0.909851972	-0.153538141	10132
0.896433645	-0.154166545	10133
0.882132568	-0.154853116	10134
0.866847964	-0.155600744	10135
0.850502757	-0.156411073	10136
0.83303958	-0.157285505	10137
0.81442105	-0.158225884	10138
0.794635786	-0.159234782	10139
0.773686491	-0.160315059	10140
0.751590131	-0.161469494	10141
0.728376742	-0.162699275	10142
0.704088677	-0.164003945	10143
0.678779178	-0.165382856	10144
0.652511022	-0.166832387	10145
0.625356739	-0.16834349	10146
0.597397923	-0.169907425	10147
0.56872407	-0.171509169	10148
0.539432964	-0.173130685	10149
0.509630942	-0.174746638	10150
0.479433362	-0.176330977	10151
0.448964296	-0.177852595	10152
0.418362501	-0.179262304	10153
0.387770075	-0.180587935	10154
0.357284952	-0.181943996	10155
0.326956801	-0.183317946	10156
0.296832459	-0.184644122	10157
0.266961449	-0.185857154	10158
0.237386984	-0.186880885	10159
0.208141028	-0.187629452	10160
0.179239637	-0.188002025	10161
0.150669376	-0.187878143	10162
0.12240759	-0.18711118	10163
0.0944083643	-0.185514034	10164
0.0666106511	-0.182844425	10165
0.0389582096	-0.178781611	10166
0.0114338013	-0.172910449	10167
-0.0158822284	-0.164703608	10168
-0.0427413434	-0.153520715	10169
-0.0685483639	-0.138699917	10170
-0.0922611364	-0.119762345	10171
-0.112461601	-0.0967260772	10172
-0.127777515	-0.0704998467	10173
-0.13766678	-0.0426729352	10174
-0.142449535	-0.0147064085	10175
-0.142503597	0.0132539107	10176
-0.13783346	0.0410584479	10177
-0.12863787	0.0677335013	10178
-0.115428033	0.0925503413	10179
-0.098929472	0.115072849	10180
-0.0798616656	0.135209905	10181
-0.0587927812	0.153106577	10182
-0.03611884	0.169004895	10183
-0.0120847156	0.18316459	10184
0.0131711716	0.19581392	10185
0.0395728383	0.207128047	10186
0.0670716331	0.217231995	10187
0.0956250325	0.226204285	10188
0.125181254	0.234087184	10189
0.155671427	0.24090221	10190
0.187007937	0.24665467	10191
0.219083367	0.251347308	10192
0.251773104	0.254983261	10193
0.284936127	0.257569	10194
0.318419933	0.259124093	10195
0.352059459	0.259676543	10196
0.385676417	0.259263302	10197
0.419091315	0.25797941	10198
0.452180512	0.256057755	10199
0.484865267	0.253602924	10200
0.517064951	0.250667656	10201
0.548692954	0.24730988	10202
0.579662195	0.243586599	10203
0.609887381	0.239552529	10204
0.639286465	0.235260627	10205
0.667782138	0.230762863	10206
0.695303796	0.226111088	10207
0.721787313	0.221352325	10208
0.747176324	0.21653305	10209
0.771422979	0.211696499	10210
0.794488362	0.206882409	10211
0.816343857	0.202128399	10212
0.836972296	0.197468369	10213
0.856369037	0.192932132	10214
0.874541877	0.188544533	10215
0.891511962	0.184326622	10216
0.907330726	0.180292432	10217
0.922061257	0.176450318	10218
0.935787408	0.172801795	10219
0.948615461	0.169339879	10220
0.960674214	0.166046054	10221
0.972113699	0.162888147	10222
0.983102219	0.159817195	10223
0.993818941	0.156762087	10224
1.00444109	0.15362559	10225
1.01513169	0.150285281	10226
1.02603087	0.146592676	10227
1.03724157	0.142367005	10228
1.04880965	0.137400413	10229
1.06071681	0.131478168	10230
1.07288834	0.124389637	10231
1.08519716	0.115911545	10232
1.09745872	0.105778805	10233
1.10929346	0.0938008011	10234
1.12026536	0.0798703551	10235
1.1299131	0.0640005451	10236
1.13778159	0.0462960184	10237
1.14335504	0.0269955019	10238
1.14615369	0.00658998605	10239
1.16369427	-0.0162593629	10240
1.15994503	-0.0388197362	10241
1.15292278	-0.0604344249	10242
1.1429393	-0.0804105289	10243
1.13060841	-0.0982480767	10244
1.11657257	-0.113739293	10245
1.10139475	-0.126787966	10246
1.08562119	-0.137462311	10247
1.0697412	-0.145966491	10248
1.05409659	-0.152624279	10249
1.03890947	-0.157711106	10250
1.02431671	-0.161490273	10251
1.01033995	-0.164234347	10252
0.996973127	-0.16618852	10253
0.984142062	-0.167575913	10254
0.971720363	-0.16857633	10255
0.959551857	-0.169329512	10256
0.947459856	-0.169945486	10257
0.935253382	-0.170505125	10258
0.922739849	-0.171061208	10259
0.909737562	-0.171645841	10260
0.896083159	-0.172277546	10261
0.881635707	-0.172965971	10262
0.866278657	-0.173715682	10263
0.84992002	-0.174528741	10264
0.832491463	-0.175406344	10265
0.813940028	-0.176349616	10266
0.794243525	-0.177360522	10267
0.773396787	-0.178441472	10268
0.751410277	-0.179594938	10269
0.728308705	-0.180821948	10270
0.704130106	-0.182122001	10271
0.678924166	-0.183494507	10272
0.652750672	-0.184935972	10273
0.62567968	-0.186437518	10274
0.597790655	-0.187990594	10275
0.569171166	-0.189580369	10276
0.539917235	-0.191188981	10277
0.510133608	-0.192791246	10278
0.479934187	-0.194361203	10279
0.449441689	-0.195867755	10280
0.418794356	-0.197261636	10281
0.388133152	-0.198570512	10282
0.357549545	-0.199908666	10283
0.327082204	-0.201263127	10284
0.296766763	-0.202567246	10285
0.266641652	-0.203753782	10286
0.23673841	-0.204743467	10287
0.207076575	-0.205445559	10288
0.177659047	-0.205751889	10289
0.1484566	-0.205530953	10290
0.119432536	-0.204620777	10291
0.0905309516	-0.202813851	10292
0.0616829481	-0.199841084	10293
0.0328312923	-0.195348464	10294
0.00396829704	-0.188882045	10295
-0.0248017458	-0.179872836	10296
-0.0531974067	-0.167634008	10297
-0.0805505282	-0.151481104	10298
-0.10574667	-0.13092172	10299
-0.12728767	-0.105981847	10300
-0.14372535	-0.077597242	10301
-0.154453208	-0.047395458	10302
-0.15973671	-0.0168947541	10303
-0.159916473	0.0136476472	10304
-0.15500597	0.0439538247	10305
-0.145250559	0.0729671534	10306
-0.131222921	0.0999092885	10307
-0.113711591	0.12432104	10308
-0.0935151476	0.146079756	10309
-0.0712579155	0.165347222	10310
-0.0473855314	0.182384227	10311
-0.0221792361	0.197477076	10312
0.00419882375	0.210883633	10313
0.0316594119	0.222808092	10314
0.0601484239	0.233401776	10315
0.0896231274	0.242765802	10316
0.120034549	0.250961115	10317
0.151318081	0.25802433	10318
0.183390741	0.263972788	10319
0.216149416	0.268818793	10320
0.249472392	0.272573016	10321
0.28322219	0.27524826	10322
0.317247882	0.276869169	10323
0.351384878	0.277468066	10324
0.385453823	0.277085733	10325
0.419273239	0.275820717	10326
0.452720985	0.273909066	10327
0.485723534	0.271457891	10328
0.518204845	0.268521821	10329
0.55008166	0.265160224	10330
0.581269598	0.261431234	10331
0.611685637	0.257390459	10332
0.641249691	0.253091549	10333
0.669886243	0.248586994	10334
0.697526492	0.243929012	10335
0.724108232	0.239164842	10336
0.749577246	0.234341031	10337
0.773888267	0.229500727	10338
0.797005531	0.224683419	10339
0.818904355	0.219926294	10340
0.839572536	0.215262615	10341
0.859011647	0.210721317	10342
0.877235371	0.20632635	10343
0.894281662	0.202096118	10344
0.9102105	0.198042992	10345
0.925098412	0.194172397	10346
0.939044069	0.190481831	10347
0.952169307	0.186958797	10348
0.964617967	0.183577313	10349
0.976552668	0.18029547	10350
0.988149575	0.177052244	10351
0.999589011	0.173762599	10352
1.01104166	0.170314488	10353
1.02265686	0.166570996	10354
1.03455586	0.162370435	10355
1.04681971	0.157520657	10356
1.05947104	0.151804465	10357
1.07246764	0.145000018	10358
1.08571034	0.136892305	10359
1.09907301	0.127224453	10360
1.11229034	0.115796648	10361
1.12498886	0.102393804	10362
1.13671078	0.0869149272	10363
1.14697292	0.069383345	10364
1.15530129	0.0499080798	10365
1.16115473	0.0287801231	10366
1.16404481	0.00650468466	10367
1.183651	-0.0184697324	10368
1.17957864	-0.0430548908	10369
1.17203426	-0.0666390813	10370
1.16134284	-0.0885009519	10371
1.14813687	-0.108115118	10372
1.13307312	-0.12526535	10373
1.11674809	-0.139823761	10374
1.09973509	-0.15185053	10375
1.08254424	-0.16155162	10376
1.06554284	-0.169249866	10377
1.04895385	-0.175236888	10378
1.03297515	-0.17975655	10379
1.01766125	-0.183091494	10380
1.00301225	-0.185508992	10381
0.98897565	-0.18724646	10382
0.975445424	-0.188499633	10383
0.962283423	-0.189425401	10384
0.949326868	-0.190151429	10385
0.936392813	-0.190775579	10386
0.923289891	-0.191365675	10387
0.909830983	-0.191965943	10388
0.895841863	-0.192603683	10389
0.8811672	-0.19329419	10390
0.865674455	-0.194045142	10391
0.849255543	-0.194859916	10392
0.831826889	-0.195739891	10393
0.813325732	-0.196685877	10394
0.793710315	-0.197698928	10395
0.772966227	-0.198780881	10396
0.751095575	-0.199933746	10397
0.728116108	-0.20115825	10398
0.704060105	-0.202453749	10399
0.678972444	-0.20381964	10400
0.652908814	-0.20525252	10401
0.625935841	-0.206743676	10402
0.598130027	-0.208284762	10403
0.569576268	-0.209861166	10404
0.54036815	-0.21145524	10405
0.510608203	-0.213041984	10406
0.480408263	-0.214595556	10407
0.449889078	-0.216084874	10408
0.419187835	-0.217460586	10409
0.388443804	-0.218750142	10410
0.357740989	-0.220067479	10411
0.327105722	-0.221398972	10412
0.296561155	-0.222676627	10413
0.266133385	-0.223830784	10414
0.235841042	-0.224778261	10415
0.205690062	-0.225422303	10416
0.175669185	-0.225645875	10417
0.145732116	-0.225304273	10418
0.115827762	-0.224217539	10419
0.0858917258	-0.22215494	10420
0.0558491347	-0.218817422	10421
0.025644881	-0.213814681	10422
-0.0047148311	-0.206651527	10423
-0.0350964908	-0.196715952	10424
-0.0651819063	-0.18327295	10425
-0.0942213878	-0.165619945	10426
-0.12102568	-0.1432527	10427
-0.144014187	-0.116207612	10428
-0.161661372	-0.0854492746	10429
-0.173294933	-0.0526447245	10430
-0.17912374	-0.0193714354	10431
-0.179449055	0.0139978759	10432
-0.174291699	0.0470516549	10433
-0.163943121	0.0786454835	10434
-0.149038091	0.107947023	10435
-0.130430422	0.134469376	10436
-0.108998346	0.158057025	10437
-0.0854307868	0.178879787	10438
-0.0602266096	0.197217927	10439
-0.0337086298	0.213383863	10440
-0.00606740942	0.227665873	10441
0.0225907489	0.240298909	10442
0.0522034826	0.251462861	10443
0.0827260066	0.261283896	10444
0.11411111	0.269844041	10445
0.146298004	0.277197194	10446
0.179208295	0.283374651	10447
0.21274339	0.2883999	10448
0.246784409	0.292292442	10449
0.28119829	0.295072633	10450
0.315835981	0.2967711	10451
0.350533691	0.297425239	10452
0.385111202	0.297080281	10453
0.419385129	0.295838808	10454
0.453235121	0.293940479	10455
0.48659342	0.29149531	10456
0.51938905	0.288560117	10457
0.551542505	0.285195933	10458
0.582972499	0.281462192	10459
0.613598702	0.277415516	10460
0.64334346	0.273110321	10461
0.672133573	0.268599653	10462
0.699902663	0.263936086	10463
0.72659117	0.259167035	10464
0.752147877	0.25433904	10465
0.776531109	0.249495057	10466
0.799709441	0.24467418	10467
0.821663502	0.239912994	10468
0.842387651	0.23524391	10469
0.861891519	0.230694716	10470
0.880198523	0.226287855	10471
0.897364264	0.222038838	10472
0.913459373	0.217957668	10473
0.928575561	0.214045921	10474
0.942827433	0.210295857	10475
0.956352453	0.206687929	10476
0.969308052	0.203186947	10477
0.981866218	0.199739535	10478
0.994206271	0.196271255	10479
1.00650435	0.192682473	10480
1.01891976	0.188846438	10481
1.03158467	0.184612479	10482
1.04459949	0.17980675	10483
1.05802273	0.174226724	10484
1.07185398	0.1676466	10485
1.08602772	0.15983781	10486
1.1004428	0.150556963	10487
1.11491054	0.13958062	10488
1.12914532	0.126713636	10489
1.14276035	0.111735121	10490
1.15527531	0.0945508784	10491
1.16618795	0.0751837848	10492
1.17499448	0.0537819452	10493
1.18113813	0.0306584008	10494
1.18411836	0.00634362745	10495
1.20604222	-0.0209536713	10496
1.20162076	-0.0477464962	10497
1.19351656	-0.073480049	10498
1.18206829	-0.097403315	10499
1.16792767	-0.118964356	10500
1.15177422	-0.1379265	10501
1.13421439	-0.154164579	10502
1.11587508	-0.167691969	10503
1.09727918	-0.178729527	10504
1.07882011	-0.187598828	10505
1.06074729	-0.194593409	10506
1.04323693	-0.199985892	10507
1.02646443	-0.204014022	10508
1.01040426	-0.206987128	10509
0.995025271	-0.209156239	10510
0.980242114	-0.210732162	10511
0.965935985	-0.211888166	10512
0.951960705	-0.212769202	10513
0.938145493	-0.21349051	10514
0.924305311	-0.214136253	10515
0.910252769	-0.21476483	10516
0.89580699	-0.215414746	10517
0.880800919	-0.216109281	10518
0.865087081	-0.216861147	10519
0.84854101	-0.217676407	10520
0.831062668	-0.218557473	10521
0.812576329	-0.219505241	10522
0.79302347	-0.220520111	10523
0.772373903	-0.221603095	10524
0.750619173	-0.222755575	10525
0.727768077	-0.223977812	10526
0.703845367	-0.225268869	10527
0.67888952	-0.226628022	10528
0.652950704	-0.228051887	10529
0.626090858	-0.229531881	10530
0.598382394	-0.231059859	10531
0.569906522	-0.232621445	10532
0.540753464	-0.234199236	10533
0.511022668	-0.23576845	10534
0.480823065	-0.237303387	10535
0.450272596	-0.238772988	10536
0.419506648	-0.240127786	10537
0.388662061	-0.241394942	10538
0.357814222	-0.242687876	10539
0.326975674	-0.243991999	10540
0.296155744	-0.245237497	10541
0.265366931	-0.246351584	10542
0.234613723	-0.247246165	10543
0.203887342	-0.247817105	10544
0.173161517	-0.247936685	10545
0.142371692	-0.247444491	10546
0.111452407	-0.246139621	10547
0.0803330319	-0.243765163	10548
0.0489352008	-0.23998888	10549
0.0172096483	-0.234381249	10550
-0.0148186943	-0.22640367	10551
-0.0469815196	-0.215400178	10552
-0.0789200243	-0.200586055	10553
-0.109794362	-0.181245964	10554
-0.138338324	-0.156865551	10555
-0.162886805	-0.127494169	10556
-0.181835636	-0.0941270352	10557
-0.194445403	-0.0584719046	10558
-0.200866525	-0.0221675152	10559
-0.201358824	0.014293915	10560
-0.195948763	0.0503620733	10561
-0.184973119	0.0847999832	10562
-0.169129055	0.116716913	10563
-0.149341445	0.145586821	10564
-0.126556793	0.17123997	10565
-0.101548473	0.193824594	10566
-0.0748683702	0.213647493	10567
-0.0468863164	0.231046244	10568
-0.0178263975	0.246339941	10569
0.0121836713	0.259795765	10570
0.0430698997	0.271624333	10571
0.0747830808	0.281979366	10572
0.10727628	0.290966509	10573
0.140491745	0.298659349	10574
0.174355404	0.305105286	10575
0.208773244	0.310340855	10576
0.243628942	0.314395869	10577
0.278794879	0.317299711	10578
0.314124208	0.31909006	10579
0.349454323	0.319810278	10580
0.384604429	0.319510783	10581
0.419389384	0.318298797	10582
0.45369099	0.316418116	10583
0.487447877	0.313982108	10584
0.520594683	0.311050122	10585
0.553056128	0.307685115	10586
0.584754526	0.303948014	10587
0.615612793	0.299896588	10588
0.645556334	0.295586097	10589
0.674514987	0.291070168	10590
0.702425636	0.286401713	10591
0.729232337	0.281628262	10592
0.754888004	0.27679625	10593
0.779355861	0.271948299	10594
0.802610323	0.267122942	10595
0.824639053	0.262355945	10596
0.845444923	0.257678594	10597
0.865046873	0.25311732	10598
0.883486522	0.248691722	10599
0.900832506	0.24441473	10600
0.91716998	0.240292767	10601
0.932607054	0.236322371	10602
0.947274476	0.232489064	10603
0.961324094	0.22876452	10604
0.974923972	0.225102574	10605
0.988250938	0.221436906	10606
1.00148208	0.217678788	10607
1.0147842	0.213713874	10608
1.02830127	0.209401265	10609
1.04214587	0.204577463	10610
1.05639658	0.199057461	10611
1.07108936	0.192629176	10612
1.0862012	0.185058693	10613
1.10165408	0.176100887	10614
1.11732782	0.16549703	10615
1.13296469	0.153072095	10616
1.14828218	0.13860754	10617
1.16286943	0.121887781	10618
1.17622282	0.102826162	10619
1.18782198	0.0814391026	10620
1.1971275	0.0579348693	10621
1.20357175	0.0326322852	10622
1.20664034	0.00609351073	10623
1.23116518	-0.023742631	10624
1.22636676	-0.0529423425	10625
1.21766254	-0.08102132	10626
1.20540533	-0.107197648	10627
1.19026667	-0.130891653	10628
1.17294959	-0.15184502	10629
1.15407037	-0.169936738	10630
1.13431183	-0.185128268	10631
1.1142107	-0.197655984	10632
1.09418695	-0.207840425	10633
1.07451698	-0.215976824	10634
1.05539942	-0.222344999	10635
1.03699001	-0.227209049	10636
1.01938438	-0.230841764	10637
1.00252095	-0.233535821	10638
0.986334832	-0.235516378	10639
0.970727019	-0.236972274	10640
0.955569497	-0.238065095	10641
0.940706698	-0.238927296	10642
0.925964384	-0.239659986	10643
0.911160186	-0.240337225	10644
0.896111745	-0.241010902	10645
0.880644424	-0.241714735	10646
0.864598406	-0.242468782	10647
0.847833861	-0.243283671	10648
0.830233996	-0.244164186	10649
0.811706184	-0.245112047	10650
0.792180497	-0.246127663	10651
0.771604917	-0.247211152	10652
0.749956577	-0.24836309	10653
0.727232967	-0.249583092	10654
0.703449157	-0.250869748	10655
0.678635266	-0.252222059	10656
0.652834154	-0.253636539	10657
0.626101451	-0.255104661	10658
0.598504005	-0.256618443	10659
0.570117986	-0.25816374	10660
0.541029004	-0.259723404	10661
0.511332245	-0.261272898	10662
0.481132597	-0.262786674	10663
0.450544064	-0.264233685	10664
0.419699218	-0.265564307	10665
0.388731512	-0.266805298	10666
0.357706393	-0.268069312	10667
0.326621056	-0.269340379	10668
0.295469634	-0.270546239	10669
0.264249781	-0.271610088	10670
0.232950677	-0.272437688	10671
0.201547857	-0.272915877	10672
0.169999416	-0.272904156	10673
0.138221499	-0.272223499	10674
0.106134767	-0.270648796	10675
0.0736654995	-0.267893964	10676
0.0407349341	-0.263590382	10677
0.00730391649	-0.257266568	10678
-0.0265786558	-0.248338707	10679
-0.0607039109	-0.236106372	10680
-0.0946686637	-0.219733795	10681
-0.127534408	-0.19849903	10682
-0.157956192	-0.171879314	10683
-0.18418256	-0.139939497	10684
-0.20452957	-0.103707178	10685
-0.218189425	-0.0649320821	10686
-0.225252303	-0.0253162987	10687
-0.22593455	0.0145245114	10688
-0.220266505	0.0538962937	10689
-0.208629302	0.0914648499	10690
-0.191782511	0.126276656	10691
-0.170723262	0.157761891	10692
-0.146467377	0.185734518	10693
-0.119879461	0.210311495	10694
-0.0915684605	0.231825959	10695
-0.061956815	0.250639174	10696
-0.0313075926	0.267100997	10697
0.000225232819	0.28151198	10698
0.0325521013	0.294115456	10699
0.065616446	0.305095167	10700
0.099369617	0.314583024	10701
0.133755707	0.322674882	10702
0.168704388	0.329436625	10703
0.204126093	0.334919951	10704
0.239906455	0.339166657	10705
0.275924495	0.342216918	10706
0.312035914	0.344116721	10707
0.348079743	0.344916454	10708
0.383874996	0.344672585	10709
0.419235021	0.343497684	10710
0.454044212	0.341640294	10711
0.488248298	0.339217655	10712
0.521788157	0.336292047	10713
0.554593321	0.332928655	10714
0.586590346	0.329190117	10715
0.617706127	0.325135496	10716
0.647869965	0.320820978	10717
0.677015704	0.31630079	10718
0.705084598	0.311628151	10719
0.7320256	0.306850623	10720
0.757797205	0.302014413	10721
0.782369193	0.297161645	10722
0.805723687	0.292330074	10723
0.82785747	0.287554375	10724
0.848784252	0.282864364	10725
0.868536295	0.278284429	10726
0.887176427	0.273830599	10727
0.904785347	0.2695127	10728
0.921465105	0.265332249	10729
0.937340501	0.261279269	10730
0.952557327	0.257330828	10731
0.967279049	0.253448035	10732
0.981679993	0.249572184	10733
0.995936458	0.245622975	10734
1.01021793	0.241497077	10735
1.02467751	0.237065815	10736
1.03944095	0.23217496	10737
1.05459997	0.226649139	10738
1.07021108	0.220293015	10739
1.08628802	0.212885534	10740
1.10278582	0.204184945	10741
1.1196462	0.193896065	10742
1.13663787	0.181838283	10743
1.15352233	0.16779891	10744
1.16999165	0.151562636	10745
1.18561002	0.132919856	10746
1.19985519	0.111777445	10747
1.21217142	0.0881891995	10748
1.22199922	0.0623850204	10749
1.22875461	0.0347033272	10750
1.23190925	0.00573933708	10751
1.25935346	-0.0268712602	10752
1.25414826	-0.0586947887	10753
1.2448012	-0.08933282	10754
1.23167968	-0.117971278	10755
1.21547564	-0.144001532	10756
1.19691637	-0.167142365	10757
1.17664531	-0.187255461	10758
1.15535126	-0.204313936	10759
1.13363844	-0.218501045	10760
1.11193636	-0.230159598	10761
1.09054925	-0.239586268	10762
1.06970151	-0.247066463	10763
1.04954748	-0.252884886	10764
1.03021989	-0.257312211	10765
1.01172448	-0.260637066	10766
0.993979937	-0.263116761	10767
0.976906842	-0.264954997	10768
0.960395907	-0.26632925	10769
0.944308596	-0.267388651	10770
0.928484824	-0.268251248	10771
0.912751955	-0.269007555	10772
0.896931565	-0.26972447	10773
0.880846623	-0.270448403	10774
0.864329096	-0.27120922	10775
0.847226393	-0.272024412	10776
0.829406016	-0.272902992	10777
0.810758195	-0.273848832	10778
0.791196799	-0.274863066	10779
0.770656358	-0.275945677	10780
0.749090369	-0.277096237	10781
0.726481837	-0.278313557	10782
0.702833617	-0.279595563	10783
0.67816511	-0.280940782	10784
0.652509678	-0.282345464	10785
0.625914612	-0.283801011	10786
0.598439318	-0.285299514	10787
0.57015317	-0.286827015	10788
0.541135511	-0.288366602	10789
0.511475706	-0.289893973	10790
0.48127308	-0.291383727	10791
0.450636191	-0.292804782	10792
0.419693444	-0.294107271	10793
0.388573676	-0.295317381	10794
0.357330867	-0.296546654	10795
0.325945237	-0.297777174	10796
0.294394374	-0.298933425	10797
0.262659921	-0.299933474	10798
0.230714726	-0.300675441	10799
0.19851788	-0.301035216	10800
0.16601154	-0.300857113	10801
0.133091762	-0.299940217	10802
0.0996662643	-0.298031678	10803
0.0656623885	-0.294813347	10804
0.0310046496	-0.28987713	10805
-0.00433126144	-0.282707139	10806
-0.0402669589	-0.272672932	10807
-0.0765471746	-0.259029586	10808
-0.112720686	-0.240889127	10809
-0.147742162	-0.217529817	10810
-0.180186364	-0.188422162	10811
-0.208213868	-0.153649023	10812
-0.230059911	-0.114272085	10813
-0.244847061	-0.0720843133	10814
-0.252603496	-0.0288532814	10815
-0.253500106	0.0146780104	10816
-0.247569286	0.0576668996	10817
-0.235235366	0.0986774002	10818
-0.217320069	0.136688802	10819
-0.194893675	0.171082784	10820
-0.169042059	0.201654948	10821
-0.14072742	0.228480621	10822
-0.110619759	0.251918698	10823
-0.0791997732	0.272352148	10824
-0.0467752417	0.290161049	10825
-0.0135316881	0.305680073	10826
0.0204212612	0.319187004	10827
0.0550161512	0.330897984	10828
0.0902000663	0.340973865	10829
0.125917272	0.349535502	10830
0.162100231	0.356669858	10831
0.198663413	0.362446147	10832
0.235493368	0.366920012	10833
0.272477154	0.37014452	10834
0.309473351	0.372175442	10835
0.346323154	0.373071428	10836
0.382845887	0.372896016	10837
0.41885375	0.371767943	10838
0.454234285	0.369941204	10839
0.488941123	0.367537512	10840
0.522922118	0.364622547	10841
0.556112343	0.361264065	10842
0.588443416	0.35752667	10843
0.619847173	0.353470882	10844
0.650257921	0.349153897	10845
0.679614773	0.344630563	10846
0.707864805	0.339954356	10847
0.734963495	0.335172774	10848
0.760876751	0.330331642	10849
0.785582952	0.32547238	10850
0.80907418	0.320631697	10851
0.831358809	0.315842826	10852
0.852463977	0.311133642	10853
0.872442526	0.306525224	10854
0.891374188	0.302029955	10855
0.909355014	0.297653113	10856
0.926504282	0.293389842	10857
0.942962468	0.28922194	10858
0.958887761	0.285116228	10859
0.974451003	0.281021623	10860
0.989827452	0.276865715	10861
1.00518737	0.272553747	10862
1.02068795	0.267968003	10863
1.03646532	0.262966192	10864
1.05262541	0.257381651	10865
1.06923863	0.251027947	10866
1.08633972	0.243700018	10867
1.10392076	0.235168186	10868
1.12196186	0.225139607	10869
1.14028913	0.213391107	10870
1.15869106	0.199706121	10871
1.17690627	0.183869683	10872
1.19460061	0.165670204	10873
1.21131234	0.144904875	10874
1.22650303	0.121464583	10875
1.23957071	0.0954713612	10876
1.24994499	0.0671515831	10877
1.25702219	0.0368726664	10878
1.26025994	0.00526429548	10879
1.29098143	-0.0303776331	10880
1.2853376	-0.0650610957	10881
1.27530218	-0.098490846	10882
1.26125759	-0.129819372	10883
1.24391672	-0.158407833	10884
1.22403195	-0.183950788	10885
1.2022748	-0.20629136	10886
1.17933909	-0.225417318	10887
1.1559015	-0.241450112	10888
1.13240048	-0.254758142	10889
1.10916901	-0.265639212	10890
1.08645782	-0.274384331	10891
1.06444399	-0.281287629	10892
1.04323505	-0.286650711	10893
1.02293368	-0.290735135	10894
1.0034696	-0.29382192	10895
0.984761974	-0.296138508	10896
0.966720024	-0.297877589	10897
0.949222918	-0.299204282	10898
0.932126747	-0.300253132	10899
0.915272166	-0.301131225	10900
0.898489552	-0.301921392	10901
0.881604985	-0.302684453	10902
0.86444745	-0.303462371	10903
0.846855759	-0.30428196	10904
0.828684387	-0.30515875	10905
0.80980758	-0.306100633	10906
0.790121656	-0.307110765	10907
0.769545814	-0.30818984	10908
0.748017239	-0.309337166	10909
0.725493998	-0.310550507	10910
0.701963831	-0.311826972	10911
0.677432662	-0.313164419	10912
0.651921734	-0.314558622	10913
0.62546754	-0.316000729	10914
0.598119709	-0.317482764	10915
0.569938603	-0.318990844	10916
0.54099519	-0.320508221	10917
0.511370979	-0.322010773	10918
0.481157754	-0.32347318	10919
0.450456658	-0.324864228	10920
0.419390155	-0.326133657	10921
0.388080897	-0.327306821	10922
0.356569673	-0.328493674	10923
0.324818043	-0.3296736	10924
0.292785797	-0.330766805	10925
0.260437559	-0.331684856	10926
0.227729034	-0.332316464	10927
0.194602417	-0.332524344	10928
0.160984019	-0.33213495	10929
0.126749371	-0.33092185	10930
0.0917945244	-0.328600682	10931
0.0560531521	-0.324818613	10932
0.0194572125	-0.319125207	10933
-0.0179976813	-0.310958072	10934
-0.0561979893	-0.299639177	10935
-0.0948427375	-0.284374738	10936
-0.133409743	-0.264237901	10937
-0.170758638	-0.23850013	10938
-0.205376019	-0.206631649	10939
-0.235333046	-0.168735775	10940
-0.258783146	-0.125909924	10941
-0.274778001	-0.079991592	10942
-0.283282043	-0.032816017	10943
-0.284418759	0.0147425913	10944
-0.27822074	0.0616881917	10945
-0.265154179	0.106478531	10946
-0.246102458	0.148021332	10947
-0.222209614	0.185644982	10948
-0.194638903	0.219114478	10949
-0.164435446	0.248483189	10950
-0.132354712	0.274104287	10951
-0.0989344569	0.296390127	10952
-0.0645330785	0.315749966	10953
-0.0293733112	0.332552902	10954
0.00641014308	0.347112591	10955
0.0427348273	0.359679771	10956
0.0795404197	0.370446893	10957
0.11676915	0.379562628	10958
0.15435487	0.387137795	10959
0.192215337	0.393261719	10960
0.230236407	0.398005891	10961
0.268314796	0.40143878	10962
0.306312262	0.403627632	10963
0.344072762	0.404640812	10964
0.38141657	0.404550113	10965
0.418155256	0.40348139	10966
0.454180191	0.401694902	10967
0.489453843	0.399317529	10968
0.523931917	0.39641889	10969
0.557555923	0.393069716	10970
0.590263605	0.389336861	10971
0.621992981	0.385282494	10972
0.652684803	0.38096492	10973
0.68228508	0.376439616	10974
0.710748541	0.371760264	10975
0.738039233	0.366974176	10976
0.764132712	0.362126608	10977
0.789018403	0.357258017	10978
0.812700991	0.352403713	10979
0.835203228	0.34759501	10980
0.856570265	0.342856964	10981
0.876879015	0.338206237	10982
0.896222403	0.333651023	10983
0.914714255	0.329190312	10984
0.932490081	0.324811169	10985
0.949703446	0.320485365	10986
0.966520782	0.316167802	10987
0.983115021	0.311793959	10988
0.999656762	0.307277108	10989
1.01630531	0.302508108	10990
1.03320198	0.297355461	10991
1.05046399	0.291664101	10992
1.0681768	0.285255735	10993
1.08638975	0.277933467	10994
1.10511637	0.269482869	10995
1.12436876	0.259630689	10996
1.14403625	0.248127426	10997
1.16393523	0.234740391	10998
1.18384543	0.219237033	10999
1.20347965	0.201402359	11000
1.22247656	0.181029123	11001
1.2403546	0.157905902	11002
1.25653688	0.131955097	11003
1.27039518	0.103325555	11004
1.28134105	0.072254856	11005
1.28875084	0.0391410193	11006
1.29206814	0.00464964009	11007
1.32646925	-0.034303453	11008
1.32035285	-0.0721037452	11009
1.30958073	-0.108578498	11010
1.29455083	-0.142845478	11011
1.27599753	-0.174234358	11012
1.25469901	-0.202414093	11013
1.23135591	-0.227207916	11014
1.20668315	-0.248601023	11015
1.18138367	-0.26670503	11016
1.1559557	-0.281855943	11017
1.13074495	-0.294372856	11018
1.10602922	-0.304552352	11019
1.08200864	-0.31269821	11020
1.05881109	-0.319123651	11021
1.03649133	-0.324128909	11022
1.01513642	-0.32794688	11023
0.994619273	-0.330852245	11024
0.974862874	-0.333054127	11025
0.955763886	-0.334732976	11026
0.937195335	-0.336039186	11027
0.919013301	-0.337096058	11028
0.901060627	-0.338002569	11029
0.883171454	-0.338834945	11030
0.86517734	-0.339649003	11031
0.846913786	-0.340483171	11032
0.828226499	-0.341361954	11033
0.808976562	-0.342299548	11034
0.789044071	-0.343303027	11035
0.768330149	-0.344375089	11036
0.746757873	-0.345515813	11037
0.724265188	-0.346722612	11038
0.700814238	-0.34799155	11039
0.676394354	-0.349319666	11040
0.651011626	-0.350702046	11041
0.624688833	-0.352129359	11042
0.597463026	-0.353593354	11043
0.569382847	-0.355080045	11044
0.540508267	-0.356572692	11045
0.51091039	-0.358047221	11046
0.480670942	-0.359478241	11047
0.449881147	-0.360834215	11048
0.418655244	-0.36206423	11049
0.387107747	-0.363192423	11050
0.35526431	-0.364326498	11051
0.323066158	-0.365442166	11052
0.290454188	-0.366454079	11053
0.257375234	-0.367265667	11054
0.223767352	-0.367754177	11055
0.189555747	-0.367766656	11056
0.154651424	-0.367108797	11057
0.118909466	-0.365524742	11058
0.0822155559	-0.362694618	11059
0.0445161917	-0.358228787	11060
0.00575530849	-0.351631904	11061
-0.0340462903	-0.342293378	11062
-0.0747342452	-0.329487071	11063
-0.11595886	-0.31236873	11064
-0.157115771	-0.289979099	11065
-0.196970589	-0.261583085	11066
-0.233917658	-0.226654802	11067
-0.26593742	-0.18532039	11068
-0.291100527	-0.138714575	11069
-0.30838649	-0.0887206924	11070
-0.317694253	-0.0372438793	11071
-0.319097978	0.0147065907	11072
-0.312628546	0.0659766044	11073
-0.298792531	0.114913239	11074
-0.278534254	0.16034828	11075
-0.253071856	0.201551972	11076
-0.223650555	0.238249358	11077
-0.191390825	0.270482364	11078
-0.157150192	0.298575417	11079
-0.121524759	0.322974505	11080
-0.0849295424	0.344116516	11081
-0.0476304299	0.362404814	11082
-0.00979265512	0.378189966	11083
0.0284816549	0.391759265	11084
0.0671210387	0.40333931	11085
0.106062909	0.413109437	11086
0.145240604	0.421207232	11087
0.184573695	0.427744856	11088
0.223945953	0.432811975	11089
0.263264722	0.4364952	11090
0.30239547	0.438875262	11091
0.34118559	0.440031915	11092
0.379457111	0.44004658	11093
0.417021676	0.439053327	11094
0.453775343	0.437319609	11095
0.4896905	0.434978275	11096
0.524731741	0.432103503	11097
0.558848142	0.428769462	11098
0.591984913	0.425045594	11099
0.624087844	0.420995935	11100
0.655105948	0.416680009	11101
0.684994173	0.412153947	11102
0.713717166	0.407471568	11103
0.741250005	0.402679847	11104
0.767580558	0.397823236	11105
0.792712129	0.392940885	11106
0.816664958	0.388066229	11107
0.839479136	0.383227996	11108
0.861226284	0.378446752	11109
0.881999381	0.373734645	11110
0.901908118	0.369093796	11111
0.921083062	0.364515195	11112
0.939673375	0.359976017	11113
0.9578416	0.355436314	11114
0.975757164	0.350837759	11115
0.993589463	0.346101679	11116
1.01149936	0.341126981	11117
1.02963139	0.335790633	11118
1.04810878	0.329948137	11119
1.06702898	0.323432441	11120
1.08645713	0.316054227	11121
1.10642209	0.307606483	11122
1.12695387	0.29783636	11123
1.14799421	0.286493209	11124
1.16939668	0.2733379	11125
1.19098128	0.258112262	11126
1.21250397	0.240579536	11127
1.23365093	0.220525012	11128
1.25403254	0.197746532	11129
1.27315276	0.172008789	11130
1.29037616	0.143313344	11131
1.30506606	0.111794717	11132
1.31660953	0.0777164112	11133
1.3243628	0.0415087139	11134
1.32775541	0.00387460468	11135
1.3662885	-0.0386942376	11136
1.35966342	-0.0798907566	11137
1.34810342	-0.119686124	11138
1.33202239	-0.157162101	11139
1.31217673	-0.191615571	11140
1.2893712	-0.222688463	11141
1.26433652	-0.25018271	11142
1.23781806	-0.274070279	11143
1.21051913	-0.294485256	11144
1.18302849	-0.311692282	11145
1.1556954	-0.326045575	11146
1.1288256	-0.337847215	11147
1.10264285	-0.347410826	11148
1.0772956	-0.355061529	11149
1.05285761	-0.361112179	11150
1.02935873	-0.36583558	11151
1.00685075	-0.36945558	11152
0.985190578	-0.372233688	11153
0.964291584	-0.374365204	11154
0.944043488	-0.376015739	11155
0.924318549	-0.377324197	11156
0.904974221	-0.378405399	11157
0.885856389	-0.379351243	11158
0.866804138	-0.380232417	11159
0.847655218	-0.381100715	11160
0.828251899	-0.381991874	11161
0.808446484	-0.382928835	11162
0.788105869	-0.383924888	11163
0.767114758	-0.384986676	11164
0.745377307	-0.386116335	11165
0.722818845	-0.387312228	11166
0.699377943	-0.388570049	11167
0.675016689	-0.389885808	11168
0.649722645	-0.391253762	11169
0.623501541	-0.392663876	11170
0.596374583	-0.394107365	11171
0.568375493	-0.395569886	11172
0.539550103	-0.397034455	11173
0.509956013	-0.398476798	11174
0.479661801	-0.399871183	11175
0.448745677	-0.401185408	11176
0.417310807	-0.40236749	11177
0.385461174	-0.403439781	11178
0.353205156	-0.404506848	11179
0.320462033	-0.405539487	11180
0.287152959	-0.406445254	11181
0.253206518	-0.407117533	11182
0.218542945	-0.407419793	11183
0.183070773	-0.407180698	11184
0.146686682	-0.406182124	11185
0.109226114	-0.404134741	11186
0.0705651145	-0.400678866	11187
0.0306708528	-0.395386688	11188
-0.0104960258	-0.387715752	11189
-0.0528842298	-0.377006002	11190
-0.096293051	-0.362483081	11191
-0.140319041	-0.343252526	11192
-0.184271211	-0.318324893	11193
-0.22681655	-0.286963093	11194
-0.266255011	-0.24864803	11195
-0.300475097	-0.203530944	11196
-0.327463715	-0.152785389	11197
-0.346126872	-0.0983418654	11198
-0.356296267	-0.0421776959	11199
-0.357994826	0.0145589361	11200
-0.351249783	0.0705512156	11201
-0.336606458	0.124031217	11202
-0.315069192	0.173750427	11203
-0.287930331	0.218916034	11204
-0.2565184	0.259207938	11205
-0.222030394	0.294654181	11206
-0.185432942	0.32553987	11207
-0.147384789	0.352344128	11208
-0.108363573	0.375529441	11209
-0.068684473	0.395532802	11210
-0.0285490703	0.412742308	11211
0.0119156746	0.427483459	11212
0.052622859	0.440019371	11213
0.0935017181	0.450562859	11214
0.134482637	0.45928126	11215
0.175484938	0.466312415	11216
0.216388455	0.471766642	11217
0.257112093	0.475751831	11218
0.297525561	0.478364476	11219
0.337480442	0.479697636	11220
0.37680152	0.479843942	11221
0.415301454	0.478946933	11222
0.452882045	0.477282315	11223
0.489526878	0.474989823	11224
0.525210675	0.472148911	11225
0.559891464	0.468837718	11226
0.593523606	0.465128666	11227
0.626062638	0.461087919	11228
0.657468076	0.456776359	11229
0.687706298	0.452250793	11230
0.716754572	0.447565092	11231
0.7446019	0.442765704	11232
0.771251501	0.437895958	11233
0.796723685	0.432993227	11234
0.821057327	0.4280884	11235
0.844316161	0.423206272	11236
0.866596787	0.41836193	11237
0.888005589	0.41356186	11238
0.90866978	0.408800161	11239
0.928734036	0.404058008	11240
0.948357063	0.39930098	11241
0.967705163	0.394476063	11242
0.98694514	0.389510917	11243
1.00623769	0.384312575	11244
1.02572998	0.378765981	11245
1.04554936	0.372734926	11246
1.06579994	0.366062677	11247
1.08655945	0.358570811	11248
1.10787328	0.35005934	11249
1.12978609	0.340285217	11250
1.15227035	0.329005992	11251
1.17521383	0.31599283	11252
1.19848238	0.300975899	11253
1.22187396	0.283690364	11254
1.2451201	0.263895337	11255
1.26787936	0.241376821	11256
1.28974028	0.215923434	11257
1.31016881	0.187319393	11258
1.32849161	0.15560891	11259
1.34405597	0.120925128	11260
1.35622403	0.0835593235	11261
1.36433175	0.0439757772	11262
1.36779475	0.00291635154	11263
1.41096843	-0.0435994859	11264
1.40379636	-0.0884960063	11265
1.39139438	-0.131911791	11266
1.37419277	-0.172891315	11267
1.35297046	-0.210697362	11268
1.3285595	-0.244943367	11269
1.30172171	-0.275408482	11270
1.27323403	-0.30205021	11271
1.24380705	-0.325020093	11272
1.2141018	-0.344527318	11273
1.18449465	-0.360938579	11274
1.15531222	-0.37457039	11275
1.12680265	-0.385746373	11276
1.09913546	-0.3948038	11277
1.07240364	-0.402068433	11278
1.04664207	-0.407831453	11279
1.02187904	-0.412340818	11280
0.998119186	-0.415825074	11281
0.975215911	-0.418526332	11282
0.953074732	-0.420624939	11283
0.931583754	-0.422274789	11284
0.910615714	-0.423605972	11285
0.890030307	-0.424725777	11286
0.869677732	-0.425720037	11287
0.849402847	-0.426654898	11288
0.829049984	-0.427579023	11289
0.808468023	-0.4285263	11290
0.787515191	-0.429518639	11291
0.76606303	-0.430568939	11292
0.74399905	-0.431683404	11293
0.72122905	-0.43286264	11294
0.697679233	-0.43410351	11295
0.673286545	-0.435401788	11296
0.648008015	-0.43675068	11297
0.621828692	-0.438139307	11298
0.594750267	-0.439558097	11299
0.566787882	-0.440992029	11300
0.537969599	-0.442423527	11301
0.508335885	-0.443827728	11302
0.477938525	-0.445178123	11303
0.44683901	-0.446441304	11304
0.415126008	-0.447563578	11305
0.382890136	-0.448564699	11306
0.350120183	-0.449544927	11307
0.31671202	-0.450468615	11308
0.28256653	-0.451234408	11309
0.247593925	-0.451723496	11310
0.211696807	-0.451783045	11311
0.174767716	-0.451220474	11312
0.136690371	-0.449790723	11313
0.0972824132	-0.447167048	11314
0.0564095245	-0.442945123	11315
0.0140688571	-0.43665866	11316
-0.0297574793	-0.427716288	11317
-0.0749825345	-0.415407617	11318
-0.121353972	-0.398910332	11319
-0.168409085	-0.377280861	11320
-0.215367935	-0.349500523	11321
-0.260793603	-0.314835687	11322
-0.302889641	-0.272776885	11323
-0.33945143	-0.223502634	11324
-0.368381115	-0.168226794	11325
-0.388509807	-0.108928384	11326
-0.399600176	-0.0476592391	11327
-0.401622018	0.0142897064	11328
-0.394596936	0.0754343665	11329
-0.379107227	0.133887546	11330
-0.356216133	0.188316068	11331
-0.327290091	0.237859103	11332
-0.293742013	0.282146101	11333
-0.256846559	0.321188533	11334
-0.217685667	0.35522156	11335
-0.176985087	0.384756382	11336
-0.13529102	0.410278599	11337
-0.0929741653	0.432257712	11338
-0.0502785417	0.451119536	11339
-0.00736151782	0.467229064	11340
0.0356697495	0.480888067	11341
0.0787324058	0.49234553	11342
0.121750904	0.50180154	11343
0.164641833	0.509422557	11344
0.207278053	0.51534195	11345
0.249591668	0.519692614	11346
0.291456866	0.522589292	11347
0.332730265	0.524140508	11348
0.373240634	0.524451908	11349
0.412802871	0.523677924	11350
0.451325841	0.522103712	11351
0.488805804	0.519876937	11352
0.525229089	0.517083141	11353
0.560564365	0.513805053	11354
0.594777196	0.510118532	11355
0.627835258	0.506092178	11356
0.659711267	0.501788395	11357
0.690385954	0.497264687	11358
0.719852329	0.492574863	11359
0.748116577	0.487764577	11360
0.775200555	0.482875585	11361
0.801144776	0.477942821	11362
0.826009593	0.472993694	11363
0.849891378	0.468046893	11364
0.872898383	0.463111959	11365
0.895154767	0.458187359	11366
0.916802335	0.453257373	11367
0.937995734	0.448291656	11368
0.958898021	0.443242831	11369
0.979673676	0.438043989	11370
1.00048171	0.43260857	11371
1.02147007	0.426829638	11372
1.04276966	0.420578829	11373
1.06448951	0.413707496	11374
1.08671459	0.406047277	11375
1.10950344	0.397408759	11376
1.13292007	0.387555685	11377
1.15695392	0.376252003	11378
1.18151669	0.363279412	11379
1.20651309	0.348376448	11380
1.23178775	0.331265548	11381
1.25711591	0.311675234	11382
1.28220375	0.289360704	11383
1.30668112	0.264109251	11384
1.33012503	0.235676353	11385
1.35192807	0.203938592	11386
1.37141155	0.168917259	11387
1.38789519	0.130766892	11388
1.40071583	0.0898084804	11389
1.40918912	0.0465420819	11390
1.41271689	0.00174995959	11391
1.46110309	-0.0490728243	11392
1.4533435	-0.0979995566	11393
1.44004246	-0.145361795	11394
1.42164709	-0.190165461	11395
1.39895935	-0.231637921	11396
1.3728393	-0.269362613	11397
1.34408078	-0.303094368	11398
1.31349348	-0.332774899	11399
1.28182091	-0.358545969	11400
1.249722	-0.380643821	11401
1.21767996	-0.399357851	11402
1.18601662	-0.415050308	11403
1.15500543	-0.428054864	11404
1.12483781	-0.438721152	11405
1.09562648	-0.447388095	11406
1.06742433	-0.454360527	11407
1.04024501	-0.459911904	11408
1.01411976	-0.464274885	11409
0.989000794	-0.467680592	11410
0.9647463	-0.470348739	11411
0.941259152	-0.472447754	11412
0.918426871	-0.474122396	11413
0.896123482	-0.475494789	11414
0.874212191	-0.476665619	11415
0.852548341	-0.477715617	11416
0.830982972	-0.478707289	11417
0.809366901	-0.479687055	11418
0.78755503	-0.480687549	11419
0.765410415	-0.481730275	11420
0.742807441	-0.482827817	11421
0.719635015	-0.483985096	11422
0.695799522	-0.485201497	11423
0.671224609	-0.486474255	11424
0.645841963	-0.487796583	11425
0.619601789	-0.489156489	11426
0.592482378	-0.490543455	11427
0.564476298	-0.491941461	11428
0.535589793	-0.493331904	11429
0.505842126	-0.494688807	11430
0.475264139	-0.495984243	11431
0.443896364	-0.497182813	11432
0.411808996	-0.498228186	11433
0.379076055	-0.499136405	11434
0.34566434	-0.500001936	11435
0.311445085	-0.500780855	11436
0.276298725	-0.501360855	11437
0.240117315	-0.501608595	11438
0.202786298	-0.501352283	11439
0.16418316	-0.500375176	11440
0.124180259	-0.498402206	11441
0.082580695	-0.495065697	11442
0.0392364902	-0.489910915	11443
-0.00581440904	-0.48243416	11444
-0.0525638284	-0.471993721	11445
-0.100884247	-0.457828367	11446
-0.150466752	-0.439068372	11447
-0.200783099	-0.414723325	11448
-0.25096484	-0.383744137	11449
-0.299464823	-0.345407299	11450
-0.344388262	-0.299215743	11451
-0.383436206	-0.24537738	11452
-0.414424948	-0.185147813	11453
-0.436109231	-0.120555978	11454
-0.448180892	-0.0537305985	11455
-0.450554706	0.0138908173	11456
-0.443244633	0.0806524049	11457
-0.426868036	0.144543501	11458
-0.402545755	0.204141905	11459
-0.371717992	0.258513736	11460
-0.335882899	0.307232588	11461
-0.296394358	0.35028981	11462
-0.254453823	0.387861698	11463
-0.210859511	0.420488414	11464
-0.166231671	0.448676223	11465
-0.121002771	0.472925567	11466
-0.0754655208	0.493699715	11467
-0.0298135877	0.511404057	11468
0.015820378	0.526380854	11469
0.061337027	0.538917776	11470
0.106651397	0.549250589	11471
0.151674127	0.557577255	11472
0.196267779	0.56405665	11473
0.240379184	0.568850803	11474
0.283887182	0.57209543	11475
0.326654376	0.573916931	11476
0.368515016	0.574435992	11477
0.409287801	0.573819544	11478
0.448890269	0.572363542	11479
0.487333084	0.570224747	11480
0.524615906	0.567495708	11481
0.560720054	0.56426445	11482
0.595624732	0.560610797	11483
0.62931257	0.556606145	11484
0.66177259	0.552314599	11485
0.693003194	0.547794366	11486
0.72301658	0.543099009	11487
0.751839552	0.538272991	11488
0.779515888	0.533355857	11489
0.806109151	0.528379165	11490
0.831708451	0.523364963	11491
0.856434075	0.518325034	11492
0.88040566	0.513261563	11493
0.903763448	0.508163046	11494
0.926659637	0.503002258	11495
0.949253672	0.497735979	11496
0.971707439	0.492303033	11497
0.994178478	0.486622368	11498
1.01681395	0.480593474	11499
1.03974644	0.474096055	11500
1.06308935	0.466989152	11501
1.08693329	0.459112286	11502
1.11134466	0.450285856	11503
1.13640723	0.440281547	11504
1.16211966	0.428875175	11505
1.18841694	0.41584878	11506
1.21522844	0.400952067	11507
1.24243824	0.383915032	11508
1.26986903	0.364452396	11509
1.29727238	0.342286205	11510
1.32432808	0.317168125	11511
1.35064242	0.288876118	11512
1.37576125	0.257163815	11513
1.39902017	0.221976276	11514
1.41972881	0.183320554	11515
1.43717865	0.141374551	11516
1.45068097	0.0964910027	11517
1.45953111	0.049207575	11518
1.46311735	0.000348464533	11519
1.51735922	-0.0551721355	11520
1.50896932	-0.108488009	11521
1.49470914	-0.160151235	11522
1.47504302	-0.209127941	11523
1.45079646	-0.254608758	11524
1.42285822	-0.296145596	11525
1.39205509	-0.333467372	11526
1.3592306	-0.366498603	11527
1.32516253	-0.39537003	11528
1.29050654	-0.420349333	11529
1.25585901	-0.441636571	11530
1.2215359	-0.459645045	11531
1.1878371	-0.474718439	11532
1.15497693	-0.487218841	11533
1.12308865	-0.497498537	11534
1.09224366	-0.50587633	11535
1.06247182	-0.512640187	11536
1.03376762	-0.518055351	11537
1.00616785	-0.522336256	11538
0.9795715	-0.525714247	11539
0.953850206	-0.528389106	11540
0.928904966	-0.530519843	11541
0.904623404	-0.532242833	11542
0.880881994	-0.533673052	11543
0.857548158	-0.534905494	11544
0.834482706	-0.536016657	11545
0.811542731	-0.53706628	11546
0.788584954	-0.53809916	11547
0.765469226	-0.539147366	11548
0.742061579	-0.540232115	11549
0.718237791	-0.541364931	11550
0.693887147	-0.542549822	11551
0.668913	-0.543786908	11552
0.643232496	-0.545071201	11553
0.616772386	-0.546391105	11554
0.58946865	-0.547734666	11555
0.561288316	-0.549084703	11556
0.53221157	-0.550421135	11557
0.50223209	-0.551716228	11558
0.471355277	-0.5529398	11559
0.43959604	-0.554053401	11560
0.407001677	-0.554996809	11561
0.373626087	-0.555780903	11562
0.339411703	-0.556492536	11563
0.304204202	-0.557077419	11564
0.267863757	-0.557410083	11565
0.230264718	-0.55734022	11566
0.191275989	-0.556674391	11567
0.150761028	-0.555168813	11568
0.108582451	-0.552515474	11569
0.0645338461	-0.548303122	11570
0.0184467228	-0.542019297	11571
-0.0295880948	-0.533125604	11572
-0.0795320665	-0.520928897	11573
-0.131212543	-0.504616885	11574
-0.184259462	-0.483273187	11575
-0.238071651	-0.455864432	11576
-0.291695942	-0.42130681	11577
-0.343467325	-0.378895195	11578
-0.391390721	-0.328147633	11579
-0.43307156	-0.269303504	11580
-0.466239086	-0.203661614	11581
-0.489570113	-0.133302266	11582
-0.50268382	-0.0604335023	11583
-0.505438093	0.0133567899	11584
-0.4978372	0.0862365407	11585
-0.480531533	0.156067498	11586
-0.454698045	0.221334078	11587
-0.421850182	0.281024247	11588
-0.383571966	0.334650233	11589
-0.341310172	0.382162032	11590
-0.296353128	0.42372016	11591
-0.249612793	0.459838566	11592
-0.201776896	0.491058431	11593
-0.153345861	0.517909141	11594
-0.104667416	0.54089072	11595
-0.0559776212	0.560449454	11596
-0.00744018178	0.576969597	11597
0.0408242542	0.590779779	11598
0.0887173924	0.602154239	11599
0.13613991	0.611325135	11600
0.182940834	0.618479383	11601
0.229082948	0.623812607	11602
0.274449861	0.627484419	11603
0.318911231	0.629641735	11604
0.362308588	0.630422542	11605
0.40446638	0.630008061	11606
0.445312757	0.628706534	11607
0.484874767	0.626685113	11608
0.52316737	0.624044374	11609
0.56018686	0.620878422	11610
0.595928876	0.617271643	11611
0.630394187	0.613298622	11612
0.663591562	0.609025342	11613
0.695540643	0.604510657	11614
0.726276353	0.599807576	11615
0.755849433	0.594958784	11616
0.784328367	0.590000702	11617
0.811801664	0.584960242	11618
0.83839469	0.579851557	11619
0.864233131	0.574679508	11620
0.889454091	0.569436194	11621
0.914208615	0.56409859	11622
0.938654133	0.558626641	11623
0.962949448	0.552963427	11624
0.987250251	0.547033716	11625
1.01170314	0.540742557	11626
1.03644079	0.53397607	11627
1.06157916	0.526601298	11628
1.08721404	0.51846529	11629
1.11341823	0.509396124	11630
1.14029433	0.499170368	11631
1.16783703	0.487584549	11632
1.1960107	0.474419181	11633
1.2247643	0.459427458	11634
1.25400762	0.442349464	11635
1.28360343	0.422906611	11636
1.31335151	0.400806066	11637
1.34297866	0.375763754	11638
1.37213706	0.347528367	11639
1.40042685	0.315833697	11640
1.42730593	0.280536357	11641
1.45210678	0.241552635	11642
1.47410849	0.198908693	11643
1.49257375	0.152807882	11644
1.50678806	0.103636801	11645
1.51602659	0.0519726018	11646
1.51966436	-0.0013170456	11647
1.58048521	-0.0619596965	11648
1.57141993	-0.120054914	11649
1.55613739	-0.176404703	11650
1.53511962	-0.229934182	11651
1.50921612	-0.279795944	11652
1.47934493	-0.325508821	11653
1.44636673	-0.366774172	11654
1.41115996	-0.403497843	11655
1.37453794	-0.435798221	11656
1.3371814	-0.463947025	11657
1.29971808	-0.488138027	11658
1.26254474	-0.508745595	11659
1.22595981	-0.526155	11660
1.19020163	-0.540740768	11661
1.15542509	-0.552868637	11662
1.12172081	-0.562871629	11663
1.08913527	-0.57105263	11664
1.05767718	-0.577692084	11665
1.02732151	-0.583044275	11666
0.99812049	-0.587301099	11667
0.969916282	-0.590698618	11668
0.942599131	-0.593418197	11669
0.91606872	-0.59561008	11670
0.890213783	-0.59740298	11671
0.86491374	-0.598905588	11672
0.840040341	-0.600208021	11673
0.815459542	-0.601383383	11674
0.791033759	-0.602489244	11675
0.766624426	-0.603569472	11676
0.742094321	-0.604655677	11677
0.717310897	-0.605768082	11678
0.692150342	-0.606917516	11679
0.666498641	-0.608109066	11680
0.640251883	-0.609340974	11681
0.613320348	-0.610603751	11682
0.585624381	-0.611886549	11683
0.557072658	-0.613169644	11684
0.527621114	-0.614431476	11685
0.497233503	-0.615641889	11686
0.465885166	-0.616767467	11687
0.433560482	-0.617765391	11688
0.40027914	-0.618569973	11689
0.366071214	-0.619185143	11690
0.330852546	-0.619688043	11691
0.294442695	-0.620011752	11692
0.256682026	-0.620015368	11693
0.217427714	-0.619529189	11694
0.176532677	-0.618335493	11695
0.133847223	-0.616160707	11696
0.0892256321	-0.612661122	11697
0.0424589141	-0.6073806	11698
-0.00665270022	-0.599739505	11699
-0.0579528482	-0.58916916	11700
-0.111368728	-0.574924161	11701
-0.166678413	-0.556141146	11702
-0.223446502	-0.531857977	11703
-0.280990097	-0.501004302	11704
-0.33827885	-0.462453113	11705
-0.393520824	-0.415527875	11706
-0.444618615	-0.359764439	11707
-0.48908062	-0.295435741	11708
-0.524547694	-0.223885296	11709
-0.549617078	-0.147246334	11710
-0.563833448	-0.0678087127	11711
-0.566995964	0.0126855233	11712
-0.559097147	0.0922237712	11713
-0.540818258	0.168536167	11714
-0.5133907	0.240009382	11715
-0.478400458	0.305548064	11716
-0.437517852	0.364597457	11717
-0.392284258	0.417060518	11718
-0.344077815	0.463077188	11719
-0.293928755	0.503128203	11720
-0.242597841	0.537787154	11721
-0.190659514	0.567609984	11722
-0.138522823	0.593132365	11723
-0.0864724147	0.614841571	11724
-0.0347088052	0.633164997	11725
0.01662097	0.648474218	11726
0.0674010374	0.661084548	11727
0.117517336	0.671264719	11728
0.166802637	0.679232368	11729
0.215236383	0.685221351	11730
0.262707036	0.689418267	11731
0.30909253	0.691993393	11732
0.354243796	0.693104497	11733
0.397993391	0.692949062	11734
0.440282368	0.691849246	11735
0.481156375	0.689983989	11736
0.520647867	0.687462989	11737
0.558770693	0.684387282	11738
0.595540012	0.680846449	11739
0.630978166	0.676918657	11740
0.665117266	0.672671891	11741
0.69800174	0.668165475	11742
0.729692494	0.663451365	11743
0.760266853	0.658569606	11744
0.789819674	0.653552259	11745
0.818469715	0.648419454	11746
0.846364971	0.64317661	11747
0.873637946	0.637819595	11748
0.900439222	0.632328759	11749
0.926925527	0.626668292	11750
0.953254179	0.620784528	11751
0.97957843	0.61460662	11752
1.00604387	0.608045527	11753
1.03278358	0.600992976	11754
1.05991453	0.593322398	11755
1.08753598	0.584888776	11756
1.11572676	0.575527546	11757
1.14461151	0.565016004	11758
1.1741659	0.553175008	11759
1.20438514	0.539785776	11760
1.23523866	0.52460576	11761
1.26665718	0.507377459	11762
1.29853031	0.487831185	11763
1.33069856	0.465679862	11764
1.36293762	0.440623463	11765
1.39494822	0.41237234	11766
1.42635627	0.380668689	11767
1.45674717	0.345212006	11768
1.48549632	0.305959317	11769
1.51193026	0.262799722	11770
1.53529672	0.215780573	11771
1.55482914	0.16513287	11772
1.56978715	0.111279267	11773
1.57942595	0.0548383182	11774
1.58310772	-0.00327729358	11775
1.65132102	-0.0695023658	11776
1.64153295	-0.132801309	11777
1.62516167	-0.194257162	11778
1.60270728	-0.252752871	11779
1.57504367	-0.307401702	11780
1.5431188	-0.357687854	11781
1.50782806	-0.40328344	11782
1.47008585	-0.444074095	11783
1.43074226	-0.480164432	11784
1.3905165	-0.511816285	11785
1.35003083	-0.539259361	11786
1.30980387	-0.562780005	11787
1.2701201	-0.582822764	11788
1.23124313	-0.599774446	11789
1.19335065	-0.614014211	11790
1.15655349	-0.62588944	11791
1.12091534	-0.635718275	11792
1.08645939	-0.643796812	11793
1.05317321	-0.650394817	11794
1.02102299	-0.655750242	11795
0.990071016	-0.66003935	11796
0.960107796	-0.66350215	11797
0.931043263	-0.666302651	11798
0.902776667	-0.668582959	11799
0.875198116	-0.67046494	11800
0.848189803	-0.67205177	11801
0.82162719	-0.673429488	11802
0.795380377	-0.674668347	11803
0.769315682	-0.675824415	11804
0.743296964	-0.676940665	11805
0.717188206	-0.678047508	11806
0.69085731	-0.679164453	11807
0.664177179	-0.680303587	11808
0.637026258	-0.681468367	11809
0.609293372	-0.682652796	11810
0.580877342	-0.683848081	11811
0.551685844	-0.685036784	11812
0.521600151	-0.686193001	11813
0.490553401	-0.687283727	11814
0.458491209	-0.688271696	11815
0.425362629	-0.689108259	11816
0.391154925	-0.689720441	11817
0.355870621	-0.69010318	11818
0.319396968	-0.690321627	11819
0.28152717	-0.690293924	11820
0.242082345	-0.689861541	11821
0.200902864	-0.68883305	11822
0.157825914	-0.686963945	11823
0.112689147	-0.683948276	11824
0.0653394845	-0.679404094	11825
0.0155738258	-0.672830708	11826
-0.0368526353	-0.6635695	11827
-0.0917060977	-0.651027306	11828
-0.148876075	-0.634405836	11829
-0.208087652	-0.612790779	11830
-0.268836278	-0.585175212	11831
-0.330346987	-0.550460363	11832
-0.39152356	-0.507462548	11833
-0.450436711	-0.455546221	11834
-0.504884565	-0.394267754	11835
-0.552276913	-0.323935767	11836
-0.590164733	-0.245940109	11837
-0.617063956	-0.16246864	11838
-0.632442908	-0.0758956266	11839
-0.636040246	0.0118789707	11840
-0.627834696	0.0986578171	11841
-0.608536116	0.182035525	11842
-0.579428537	0.260296677	11843
-0.542169608	0.332257363	11844
-0.498516175	0.39729012	11845
-0.450105721	0.455245043	11846
-0.398409657	0.506235613	11847
-0.344579193	0.550704115	11848
-0.289454153	0.589252716	11849
-0.233688871	0.622461175	11850
-0.17775992	0.650899311	11851
-0.1220067	0.675095099	11852
-0.0666723746	0.69551985	11853
-0.0119356008	0.71258976	11854
0.0420657222	0.726663576	11855
0.095197402	0.738048554	11856
0.147274156	0.746995986	11857
0.198292065	0.753782587	11858
0.248144544	0.758625138	11859
0.296719177	0.761720297	11860
0.343878744	0.763248283	11861
0.389466696	0.763424981	11862
0.433439626	0.762588205	11863
0.475864191	0.760930145	11864
0.516792677	0.75857075	11865
0.556259245	0.755618852	11866
0.594301799	0.75216985	11867
0.630967721	0.748305822	11868
0.666315899	0.74409675	11869
0.700418633	0.739602051	11870
0.733365211	0.734871851	11871
0.76526086	0.729942388	11872
0.796226657	0.724839832	11873
0.826414043	0.719575177	11874
0.855974785	0.714144952	11875
0.885055106	0.708533446	11876
0.913811831	0.702708313	11877
0.942402216	0.696620257	11878
0.970978789	0.690201821	11879
0.999685559	0.683368495	11880
1.02865559	0.676017998	11881
1.05800732	0.668029404	11882
1.08784201	0.659264043	11883
1.11825644	0.649558575	11884
1.14936084	0.638708933	11885
1.18114149	0.626541931	11886
1.21361101	0.61284387	11887
1.24675532	0.59738101	11888
1.28052674	0.579899428	11889
1.31483721	0.560130705	11890
1.34955533	0.537795377	11891
1.38449816	0.512598166	11892
1.41941593	0.48423241	11893
1.45398195	0.452403665	11894
1.48782244	0.41680014	11895
1.52042326	0.377230048	11896
1.55115951	0.333615048	11897
1.57932332	0.285863316	11898
1.60413037	0.23404561	11899
1.62478453	0.178422886	11900
1.64051958	0.11945611	11901
1.65057108	0.057807188	11902
1.65428884	-0.00556465737	11903
1.73080939	-0.0778718558	11904
1.72024878	-0.146836421	11905
1.70271899	-0.213855101	11906
1.67873864	-0.277767554	11907
1.6492064	-0.337646468	11908
1.61510066	-0.392939846	11909
1.57735229	-0.443288843	11910
1.53691262	-0.488557277	11911
1.49466964	-0.5288345	11912
1.45138239	-0.564371092	11913
1.40766753	-0.595436514	11914
1.36416889	-0.622218848	11915
1.32115729	-0.645226265	11916
1.27892291	-0.664857557	11917
1.23766747	-0.681505123	11918
1.1975231	-0.695530727	11919
1.1585715	-0.707267987	11920
1.12085085	-0.717029018	11921
1.08436149	-0.725099508	11922
1.04907626	-0.731734438	11923
1.01498351	-0.737149292	11924
0.982077334	-0.741533773	11925
0.950171369	-0.745105953	11926
0.919173481	-0.74802124	11927
0.888982578	-0.750414363	11928
0.859489726	-0.752401061	11929
0.830579011	-0.754079742	11930
0.80212835	-0.755532841	11931
0.774010339	-0.756828384	11932
0.746092627	-0.758020859	11933
0.718239557	-0.759151527	11934
0.690315306	-0.760249724	11935
0.66218451	-0.761336071	11936
0.633712545	-0.762421005	11937
0.604770719	-0.763503809	11938
0.575236108	-0.764579177	11939
0.544990824	-0.765631338	11940
0.513923792	-0.766637509	11941
0.481889754	-0.767558534	11942
0.448786754	-0.768350845	11943
0.414537479	-0.76895991	11944
0.379092259	-0.769303581	11945
0.342422493	-0.769365666	11946
0.304385137	-0.76919704	11947
0.264747024	-0.768698727	11948
0.223310453	-0.76769256	11949
0.179898965	-0.76596324	11950
0.134333749	-0.763237144	11951
0.0864397554	-0.759173541	11952
0.036056937	-0.753349892	11953
-0.0170029511	-0.745222862	11954
-0.0730440791	-0.734041282	11955
-0.131745921	-0.719193839	11956
-0.192957412	-0.699828843	11957
-0.256347393	-0.674981246	11958
-0.321338737	-0.643600343	11959
-0.387052681	-0.604570357	11960
-0.452341712	-0.556632076	11961
-0.515127776	-0.499205574	11962
-0.573102275	-0.431870497	11963
-0.623574674	-0.354973385	11964
-0.664004451	-0.269952201	11965
-0.692824398	-0.179051328	11966
-0.709424668	-0.0847321726	11967
-0.713481715	0.0109436492	11968
-0.704958469	0.105590024	11969
-0.68459102	0.196662262	11970
-0.653714055	0.282338523	11971
-0.614055849	0.36134104	11972
-0.567459834	0.432963818	11973
-0.515660886	0.496998146	11974
-0.460227816	0.553523764	11975
-0.402433449	0.602941725	11976
-0.343203229	0.645877327	11977
-0.283277026	0.682931076	11978
-0.22320495	0.714705089	11979
-0.163387207	0.741767374	11980
-0.104115384	0.764633579	11981
-0.0456050008	0.78376587	11982
0.0119795162	0.799568506	11983
0.06847818	0.812388771	11984
0.123686929	0.822514847	11985
0.177617661	0.830270723	11986
0.230168894	0.835906606	11987
0.281239386	0.839648658	11988
0.330706524	0.841702384	11989
0.378427829	0.842304343	11990
0.424378352	0.841809796	11991
0.468648276	0.840425651	11992
0.511312082	0.8382832	11993
0.552426983	0.835499878	11994
0.592056753	0.832177427	11995
0.630276954	0.82840202	11996
0.667176031	0.824245408	11997
0.702856181	0.819766445	11998
0.737435946	0.815012357	11999
0.771047823	0.810014143	12000
0.803836773	0.804790421	12001
0.835979967	0.799341542	12002
0.867628524	0.793653952	12003
0.898938721	0.787699187	12004
0.930068665	0.781431631	12005
0.961171719	0.774788403	12006
0.992392199	0.767688565	12007
1.02386268	0.760034521	12008
1.05570274	0.75171141	12009
1.08801623	0.742586225	12010
1.12092844	0.732490437	12011
1.15450216	0.72125253	12012
1.18876024	0.708693185	12013
1.2237248	0.694605423	12014
1.25939319	0.678763831	12015
1.29573511	0.660922925	12016
1.33268527	0.64081718	12017
1.37013608	0.618167195	12018
1.40793396	0.592683915	12019
1.44587123	0.564064352	12020
1.48367121	0.531995991	12021
1.52097838	0.496180589	12022
1.55741791	0.456249947	12023
1.59237478	0.412130334	12024
1.62522315	0.363705611	12025
1.65521987	0.310905198	12026
1.68154807	0.253825597	12027
1.70338181	0.192760118	12028
1.71992916	0.128210368	12029
1.7304065	0.0608835677	12030
1.73415187	-0.00821301176	12031
1.82000843	-0.0871451146	12032
1.80862299	-0.162278589	12033
1.78986135	-0.235357998	12034
1.76426097	-0.305178662	12035
1.73274565	-0.370771479	12036
1.69632469	-0.431546711	12037
1.65596507	-0.487112819	12038
1.61265594	-0.537310152	12039
1.56732424	-0.582211233	12040
1.52077	-0.622053959	12041
1.47364371	-0.65710844	12042
1.42659967	-0.687582219	12043
1.38001223	-0.713924024	12044
1.33416077	-0.736586288	12045
1.28927229	-0.755974323	12046
1.24550134	-0.77246414	12047
1.20294853	-0.786404922	12048
1.16166771	-0.798125039	12049
1.12167237	-0.807926427	12050
1.08294657	-0.816079921	12051
1.04545283	-0.822828374	12052
1.00920199	-0.828367474	12053
0.974115461	-0.832900647	12054
0.940035267	-0.836623616	12055
0.906867221	-0.839683871	12056
0.874509335	-0.842209408	12057
0.842852618	-0.844310507	12058
0.811781666	-0.846081191	12059
0.781175104	-0.847600854	12060
0.750905279	-0.848935081	12061
0.720839066	-0.85013587	12062
0.69084026	-0.851242691	12063
0.660769502	-0.852285446	12064
0.630483892	-0.853282687	12065
0.59984206	-0.854240381	12066
0.568703833	-0.855158201	12067
0.536929644	-0.856023477	12068
0.504382574	-0.856814463	12069
0.47092934	-0.857495604	12070
0.436373767	-0.858012376	12071
0.400596307	-0.858301572	12072
0.363518992	-0.858271808	12073
0.325079066	-0.857893795	12074
0.285101908	-0.857202066	12075
0.243328113	-0.856078658	12076
0.199541287	-0.854324053	12077
0.153547536	-0.851697164	12078
0.105151173	-0.847893103	12079
0.0541637788	-0.842534137	12080
0.000418106974	-0.835154958	12081
-0.056251332	-0.825172508	12082
-0.116219589	-0.811729324	12083
-0.179074611	-0.79420153	12084
-0.244622454	-0.771683586	12085
-0.31247297	-0.743159946	12086
-0.381973442	-0.707537147	12087
-0.452132594	-0.66369222	12088
-0.521756679	-0.610279742	12089
-0.588618876	-0.546778702	12090
-0.650297631	-0.472799299	12091
-0.70400027	-0.388728345	12092
-0.747093033	-0.296053886	12093
-0.777923704	-0.197078956	12094
-0.795802473	-0.0943550006	12095
-0.800342005	0.0098909838	12096
-0.791487493	0.113080228	12097
-0.769998835	0.212525111	12098
-0.737259267	0.306293056	12099
-0.695066514	0.39300707	12100
-0.645350469	0.471876715	12101
-0.589944498	0.542628409	12102
-0.530519657	0.605299224	12103
-0.4684688	0.660249292	12104
-0.404810111	0.708119712	12105
-0.340374351	0.749528379	12106
-0.275790918	0.785107528	12107
-0.211526657	0.815464193	12108
-0.147927176	0.841158431	12109
-0.0852499705	0.862699394	12110
-0.0236903912	0.880538641	12111
0.0365603697	0.895064626	12112
0.0952796329	0.906605894	12113
0.152493576	0.915537747	12114
0.208106051	0.922147028	12115
0.262028649	0.926692575	12116
0.314156351	0.9294081	12117
0.364364227	0.930553168	12118
0.412648883	0.930502276	12119
0.459126482	0.929478415	12120
0.503895872	0.927625179	12121
0.547039787	0.925069255	12122
0.588650496	0.92191906	12123
0.628834055	0.918264789	12124
0.66771	0.914179444	12125
0.705410765	0.909720369	12126
0.742082982	0.904930584	12127
0.777883626	0.899834339	12128
0.812977239	0.894441179	12129
0.8475533	0.888740454	12130
0.881768027	0.882706734	12131
0.91577969	0.876298689	12132
0.949743508	0.869457452	12133
0.983805778	0.862106947	12134
1.01810063	0.85415337	12135
1.05274839	0.845486712	12136
1.08786635	0.835975756	12137
1.12358047	0.825458448	12138
1.15992794	0.813782935	12139
1.19696079	0.800768103	12140
1.23471037	0.786213607	12141
1.27318446	0.769900547	12142
1.31236514	0.751591483	12143
1.35220542	0.73102898	12144
1.39262167	0.707935854	12145
1.43348565	0.682021868	12146
1.47462041	0.652988766	12147
1.51579204	0.620526562	12148
1.55669549	0.584317901	12149
1.59697464	0.544014065	12150
1.63616277	0.499332842	12151
1.67363286	0.4501827	12152
1.70872736	0.396456074	12153
1.74066719	0.33810592	12154
1.76860245	0.275256942	12155
1.79167738	0.208237298	12156
1.80907461	0.137591609	12157
1.81999193	0.0640743853	12158
1.82375628	-0.0112575773	12159
1.9201056	-0.097404832	12160
1.9078404	-0.179256427	12161
1.88776961	-0.258940143	12162
1.86044988	-0.335206003	12163
1.82683041	-0.407041956	12164
1.78795172	-0.473819007	12165
1.7448175	-0.535111181	12166
1.69845545	-0.59073366	12167
1.64983236	-0.640740517	12168
1.59979027	-0.685355462	12169
1.54902095	-0.724841345	12170
1.49817066	-0.759448223	12171
1.44773698	-0.789537833	12172
1.3979838	-0.815625423	12173
1.34916467	-0.838128711	12174
1.30145765	-0.857437666	12175
1.25498318	-0.873916956	12176
1.20981151	-0.887911278	12177
1.16596991	-0.899738983	12178
1.12345398	-0.909687005	12179
1.08223571	-0.91801388	12180
1.04226729	-0.924952201	12181
1.0035772	-0.930680459	12182
0.966020643	-0.935412236	12183
0.929467836	-0.939322403	12184
0.893821988	-0.942551059	12185
0.858979222	-0.945220013	12186
0.824829159	-0.947434344	12187
0.791255264	-0.949284159	12188
0.758134155	-0.950845436	12189
0.725335832	-0.952180306	12190
0.692725465	-0.953337976	12191
0.660162661	-0.954357569	12192
0.627500248	-0.955266069	12193
0.594588911	-0.956076821	12194
0.561276305	-0.956795471	12195
0.527406275	-0.957413607	12196
0.492820825	-0.957911717	12197
0.457360949	-0.958254121	12198
0.420849926	-0.958390321	12199
0.38303766	-0.958235886	12200
0.343840888	-0.957692967	12201
0.303160899	-0.956717726	12202
0.260790992	-0.955326803	12203
0.216445947	-0.95338189	12204
0.169890538	-0.950660809	12205
0.120912323	-0.946895041	12206
0.0692973166	-0.941746512	12207
0.014842524	-0.934798458	12208
-0.0426272853	-0.925540797	12209
-0.103249584	-0.913353742	12210
-0.167475879	-0.897261863	12211
-0.234803501	-0.876632155	12212
-0.30499401	-0.850504784	12213
-0.377596111	-0.817813944	12214
-0.451878981	-0.777424427	12215
-0.526757506	-0.728184963	12216
-0.600914937	-0.668749225	12217
-0.67205893	-0.598559545	12218
-0.737621157	-0.517297502	12219
-0.794704989	-0.425392657	12220
-0.840581661	-0.324385314	12221
-0.873512069	-0.216639532	12222
-0.892724726	-0.104799874	12223
-0.897767052	0.00873755816	12224
-0.888564659	0.121197658	12225
-0.865898779	0.229746391	12226
-0.831198982	0.332336152	12227
-0.786331126	0.4274853	12228
-0.733311284	0.514312954	12229
-0.674072185	0.592474503	12230
-0.610392691	0.661953557	12231
-0.543781859	0.723073239	12232
-0.475358247	0.776481036	12233
-0.40604851	0.822808613	12234
-0.336566762	0.86271584	12235
-0.267452003	0.896847447	12236
-0.199109176	0.925807646	12237
-0.131842589	0.950153267	12238
-0.0658826791	0.970384664	12239
-0.00145634412	0.986932447	12240
0.0611955939	1.00016898	12241
0.122111621	1.01052447	12242
0.181201249	1.01832549	12243
0.238390642	1.02386665	12244
0.293595474	1.02741281	12245
0.34671198	1.02924884	12246
0.397761389	1.02977012	12247
0.446887976	1.0292169	12248
0.494216637	1.02774577	12249
0.539857424	1.02549304	12250
0.583932754	1.02257385	12251
0.62658011	1.01908201	12252
0.667949873	1.01509097	12253
0.708203006	1.0106554	12254
0.747510979	1.00581278	12255
0.786050652	1.00057927	12256
0.824000668	0.994954263	12257
0.86154578	0.988917103	12258
0.898861471	0.982428054	12259
0.936096833	0.975433911	12260
0.973401224	0.96786305	12261
1.01091205	0.959626891	12262
1.04876064	0.950616828	12263
1.08707979	0.940700934	12264
1.12594401	0.929744255	12265
1.16542922	0.917588948	12266
1.20559301	0.904060027	12267
1.24647443	0.888964678	12268
1.28809136	0.872090563	12269
1.33043731	0.853206608	12270
1.37347861	0.832063175	12271
1.4171509	0.808390866	12272
1.4613511	0.781901007	12273
1.50592914	0.752292886	12274
1.55068328	0.719259673	12275
1.59535196	0.682485328	12276
1.63960021	0.641648911	12277
1.68307452	0.596341897	12278
1.72520029	0.546400509	12279
1.7653533	0.491688887	12280
1.80283822	0.432118447	12281
1.83683947	0.367668109	12282
1.86647393	0.298493349	12283
1.89085608	0.224959745	12284
1.90914358	0.147657344	12285
1.92051631	0.067389919	12286
1.92429095	-0.0147347812	12287
2.03243356	-0.108740076	12288
2.01923074	-0.197910226	12289
1.99776908	-0.284792833	12290
1.96862472	-0.368091749	12291
1.93277239	-0.446750896	12292
1.8912841	-0.520100549	12293
1.84520066	-0.587678561	12294
1.79558886	-0.649273226	12295
1.7434561	-0.704918487	12296
1.68968724	-0.754822303	12297
1.63501616	-0.799238988	12298
1.58008269	-0.838462914	12299
1.5255058	-0.872763575	12300
1.47153669	-0.902720017	12301
1.41845656	-0.928761671	12302
1.36646802	-0.951291976	12303
1.31571227	-0.970690817	12304
1.26627678	-0.987319094	12305
1.21820327	-1.00151154	12306
1.17149938	-1.01357123	12307
1.12614691	-1.02377252	12308
1.08210583	-1.03236326	12309
1.03931876	-1.03956561	12310
0.997820855	-1.04554526	12311
0.957420065	-1.05051836	12312
0.918007822	-1.05464236	12313
0.879483913	-1.05805037	12314
0.841741466	-1.06085809	12315
0.804667385	-1.06316573	12316
0.768141538	-1.06505891	12317
0.732036653	-1.06660907	12318
0.696219751	-1.06787435	12319
0.660550938	-1.06890245	12320
0.624881469	-1.06972835	12321
0.589057845	-1.0703727	12322
0.552920213	-1.07084737	12323
0.516301145	-1.07114883	12324
0.479027215	-1.07126064	12325
0.440919336	-1.07114803	12326
0.401789311	-1.07076071	12327
0.361348096	-1.07000639	12328
0.31944626	-1.06877097	12329
0.275963757	-1.06699796	12330
0.230662633	-1.06468535	12331
0.183232986	-1.06167385	12332
0.133420736	-1.05771788	12333
0.0809936385	-1.05252023	12334
0.0257177757	-1.04570802	12335
-0.0326258943	-1.03682372	12336
-0.0942217433	-1.0253107	12337
-0.159195565	-1.01050376	12338
-0.228019335	-0.991334322	12339
-0.300160403	-0.96712829	12340
-0.375317033	-0.93688177	12341
-0.452975322	-0.899478902	12342
-0.532324427	-0.85374371	12343
-0.612183243	-0.798498396	12344
-0.691099168	-0.732415137	12345
-0.766734588	-0.654867563	12346
-0.836362122	-0.565628655	12347
-0.896979491	-0.465173302	12348
-0.94576121	-0.355096432	12349
-0.98087947	-0.237825739	12350
-1.0014795	-0.116102171	12351
-1.00704218	0.00750536204	12352
-0.99747181	0.130021934	12353
-0.973568444	0.248463775	12354
-0.936805675	0.360663973	12355
-0.889116056	0.465030755	12356
-0.832601379	0.560586732	12357
-0.769294394	0.646910023	12358
-0.701087917	0.723918039	12359
-0.629601285	0.791904666	12360
-0.556061438	0.851512204	12361
-0.481495543	0.903382214	12362
-0.406707448	0.948199449	12363
-0.332313429	0.9866447	12364
-0.258782685	1.01936577	12365
-0.1864708	1.04696756	12366
-0.115647074	1.0700004	12367
-0.0465770772	1.08893821	12368
0.020480202	1.10420018	12369
0.0855735665	1.11627452	12370
0.148618601	1.12553044	12371
0.209557753	1.1323013	12372
0.268330413	1.13688584	12373
0.324857486	1.13959639	12374
0.379187539	1.14085064	12375
0.431494423	1.14090687	12376
0.481929873	1.13993501	12377
0.53063195	1.13808103	12378
0.577753432	1.13546643	12379
0.623462374	1.13218798	12380
0.66793776	1.12831854	12381
0.711365409	1.12390891	12382
0.753936778	1.11898991	12383
0.795843045	1.11356877	12384
0.837271301	1.10763424	12385
0.878402941	1.10115492	12386
0.919408862	1.09408002	12387
0.960447603	1.08634186	12388
1.00166399	1.07785525	12389
1.04318774	1.06851811	12390
1.08513215	1.05821114	12391
1.12759408	1.04679941	12392
1.17065471	1.03413145	12393
1.21437808	1.0200381	12394
1.25880968	1.0043328	12395
1.30397592	0.986810866	12396
1.34988124	0.967247823	12397
1.39650441	0.94540033	12398
1.44379535	0.921006597	12399
1.49167121	0.893785488	12400
1.54000829	0.863437252	12401
1.58863331	0.829651321	12402
1.63731833	0.792113168	12403
1.68577264	0.750501887	12404
1.73364827	0.704466535	12405
1.78053646	0.65362304	12406
1.82581131	0.597847698	12407
1.86883127	0.5369879	12408
1.90886269	0.470976304	12409
1.94505312	0.399820348	12410
1.97648614	0.323708949	12411
2.00224679	0.243047753	12412
2.02146834	0.158474666	12413
2.03331362	0.0708446832	12414
2.03708993	-0.0186821293	12415
2.15848779	-0.121247065	12416
2.14428625	-0.218393634	12417
2.121347	-0.313126947	12418
2.09026584	-0.404103935	12419
2.05204313	-0.490223503	12420
2.00778244	-0.570773786	12421
1.95856193	-0.645254751	12422
1.90548788	-0.713426062	12423
1.84960875	-0.775299813	12424
1.79185289	-0.831066573	12425
1.73299689	-0.880970763	12426
1.67369233	-0.925334184	12427
1.61462808	-0.964383464	12428
1.55609388	-0.998708562	12429
1.49838376	-1.0287671	12430
1.44172585	-1.05497528	12431
1.38628302	-1.07772771	12432
1.33216078	-1.09740113	12433
1.27941608	-1.11434636	12434
1.22806931	-1.12888247	12435
1.17811256	-1.14129948	12436
1.12951396	-1.15186048	12437
1.08222261	-1.16080212	12438
1.03617282	-1.16833578	12439
0.991389717	-1.17462009	12440
0.947664077	-1.17986293	12441
0.90489548	-1.1842094	12442
0.862979552	-1.18778546	12443
0.821805565	-1.19070087	12444
0.781255655	-1.19305019	12445
0.741204603	-1.19491331	12446
0.701521082	-1.19635636	12447
0.662066249	-1.1974346	12448
0.622691271	-1.19819017	12449
0.583240983	-1.1986503	12450
0.543551619	-1.19883266	12451
0.503449116	-1.19873848	12452
0.462750153	-1.19835474	12453
0.42126175	-1.19764824	12454
0.378776352	-1.19656755	12455
0.334989667	-1.19501642	12456
0.289697662	-1.19286628	12457
0.242753413	-1.1900471	12458
0.193890294	-1.18653837	12459
0.14277607	-1.18216007	12460
0.0891385283	-1.17664317	12461
0.0327248752	-1.16966109	12462
-0.0267200048	-1.16080507	12463
-0.0894324998	-1.14957549	12464
-0.155607324	-1.13536779	12465
-0.225370965	-1.1174637	12466
-0.299175405	-1.09472415	12467
-0.376500361	-1.06640637	12468
-0.456970583	-1.0314699	12469
-0.540008882	-0.988748973	12470
-0.624723204	-0.937027754	12471
-0.709834932	-0.875103647	12472
-0.793743395	-0.801688959	12473
-0.87408588	-0.716052597	12474
-0.947964598	-0.618080377	12475
-1.01227017	-0.508295172	12476
-1.06407884	-0.388349054	12477
-1.10147242	-0.260736182	12478
-1.12351142	-0.128297307	12479
-1.12960903	0.00622218476	12480
-1.11964665	0.13964429	12481
-1.09444063	0.268832352	12482
-1.05550617	0.391495889	12483
-1.00484095	0.505927465	12484
-0.944631849	0.611047051	12485
-0.87701203	0.706349184	12486
-0.80399483	0.791670427	12487
-0.727302093	0.867287074	12488
-0.648277354	0.933822528	12489
-0.56805244	0.991924151	12490
-0.487525488	1.04229856	12491
-0.407394698	1.08566071	12492
-0.328197963	1.12270111	12493
-0.250346129	1.15407282	12494
-0.174150664	1.18037707	12495
-0.0999167772	1.20213271	12496
-0.0279229697	1.21980765	12497
0.0418882977	1.23395096	12498
0.109439109	1.24497703	12499
0.174689728	1.25326057	12500
0.237605946	1.25913668	12501
0.298136365	1.26294701	12502
0.356358858	1.26513252	12503
0.412477225	1.26596987	12504
0.466669558	1.2656422	12505
0.51910115	1.26430474	12506
0.569953639	1.26208473	12507
0.619422926	1.25908097	12508
0.667712569	1.2553647	12509
0.715028175	1.25098195	12510
0.761575535	1.24595616	12511
0.807554519	1.24028535	12512
0.853155608	1.23394784	12513
0.898559157	1.2269011	12514
0.943931418	1.21908306	12515
0.989423658	1.2104148	12516
1.03517166	1.20080008	12517
1.08129506	1.19012596	12518
1.12789657	1.17826243	12519
1.17506225	1.16506374	12520
1.22286232	1.15036744	12521
1.27134952	1.13399313	12522
1.32055746	1.11574265	12523
1.37049986	1.09539945	12524
1.42116724	1.07272693	12525
1.47252289	1.04746964	12526
1.52449926	1.01935395	12527
1.57699381	0.988087483	12528
1.62986079	0.953360097	12529
1.68290231	0.914852272	12530
1.73586279	0.872242927	12531
1.78842088	0.825207752	12532
1.84023242	0.773337334	12533
1.89077548	0.716365007	12534
1.93943042	0.65411929	12535
1.98551791	0.586462231	12536
2.02826554	0.513350148	12537
2.06678387	0.434821674	12538
2.10012332	0.35110194	12539
2.12733994	0.262639357	12540
2.14754343	0.170122144	12541
2.15988053	0.0744584389	12542
2.16365022	-0.0231380828	12543
2.29994647	-0.135030079	12544
2.28468144	-0.240875606	12545
2.26017206	-0.344175957	12546
2.22703396	-0.443540527	12547
2.18629304	-0.537822319	12548
2.13908431	-0.626265996	12549
2.08652336	-0.70833197	12550
2.02975607	-0.78374952	12551
1.96987225	-0.852507122	12552
1.90784406	-0.914776255	12553
1.84449117	-0.970789975	12554
1.78050442	-1.0208676	12555
1.71656329	-1.06527971	12556
1.65307393	-1.10453757	12557
1.59031966	-1.13915488	12558
1.5285551	-1.16955961	12559
1.46796563	-1.19616033	12560
1.40867571	-1.21934894	12561
1.35075843	-1.23949184	12562
1.29424772	-1.25692355	12563
1.23914679	-1.27194943	12564
1.1854326	-1.28484744	12565
1.13306125	-1.29586847	12566
1.08197257	-1.30523733	12567
1.03209312	-1.31315455	12568
0.983420035	-1.31977655	12569
0.93576194	-1.32529205	12570
0.889010417	-1.32983869	12571
0.843056626	-1.33353528	12572
0.797784447	-1.33648462	12573
0.753070247	-1.33877424	12574
0.708784106	-1.3404773	12575
0.664788373	-1.3416556	12576
0.620934883	-1.3423573	12577
0.577068326	-1.34261515	12578
0.533023475	-1.34245174	12579
0.488623167	-1.34187237	12580
0.44367886	-1.34086712	12581
0.397989503	-1.33940451	12582
0.351334968	-1.3374326	12583
0.303377714	-1.33484692	12584
0.253912126	-1.331515	12585
0.202748447	-1.32735022	12586
0.149595701	-1.32231447	12587
0.0941031501	-1.31620815	12588
0.0359824698	-1.30873951	12589
-0.0250392253	-1.29955276	12590
-0.089238466	-1.28820289	12591
-0.156869533	-1.27414763	12592
-0.228138284	-1.25673369	12593
-0.303172852	-1.23518882	12594
-0.382401952	-1.20830667	12595
-0.465319819	-1.17527077	12596
-0.55148281	-1.13500295	12597
-0.640250592	-1.08628759	12598
-0.730649521	-1.02786985	12599
-0.821302703	-0.958523988	12600
-0.910450425	-0.877025599	12601
-0.995724105	-0.78250022	12602
-1.0740457	-0.674968599	12603
-1.14219767	-0.555004265	12604
-1.19715674	-0.424319071	12605
-1.23691286	-0.285476643	12606
-1.26044058	-0.141421074	12607
-1.26708452	0.00492218521	12608
-1.25670169	0.150169059	12609
-1.2301222	0.291027042	12610
-1.18890033	0.425077857	12611
-1.13509721	0.55049283	12612
-1.0709839	0.66608311	12613
-0.998794127	0.77125328	12614
-0.920668456	0.865742663	12615
-0.838421991	0.949825195	12616
-0.753523029	1.0240897	12617
-0.667211692	1.08918504	12618
-0.580484423	1.14583643	12619
-0.494125449	1.19479079	12620
-0.408745259	1.23678021	12621
-0.324813391	1.27250569	12622
-0.242686256	1.30261995	12623
-0.162707513	1.32768907	12624
-0.0851784315	1.34823005	12625
-0.0100336088	1.36485533	12626
0.0626558605	1.37802662	12627
0.132869183	1.3881621	12628
0.200600558	1.39563524	12629
0.265828417	1.40081833	12630
0.328660718	1.40417605	12631
0.389330119	1.40600319	12632
0.448039046	1.40649551	12633
0.50497764	1.40581679	12634
0.560353221	1.40409916	12635
0.614385237	1.40144254	12636
0.667296577	1.39791576	12637
0.719306911	1.3935595	12638
0.770630711	1.38838973	12639
0.821471489	1.38239557	12640
0.872019039	1.37554561	12641
0.92244974	1.36778724	12642
0.972923396	1.35904818	12643
1.02358319	1.34923938	12644
1.07455579	1.33825454	12645
1.1259511	1.32597068	12646
1.17786187	1.31224759	12647
1.23036391	1.29692913	12648
1.28351681	1.27984213	12649
1.33736211	1.2607951	12650
1.39192133	1.23957846	12651
1.44719492	1.21596397	12652
1.50315863	1.18970324	12653
1.5597592	1.16052914	12654
1.61691032	1.12815678	12655
1.67448834	1.09228335	12656
1.73232399	1.05258933	12657
1.79019328	1.00874746	12658
1.84781153	0.960431541	12659
1.90482535	0.907315626	12660
1.96089066	0.848934325	12661
2.01537563	0.785141198	12662
2.06766422	0.715718382	12663
2.11703888	0.640544981	12664
2.16268827	0.559603558	12665
2.203686	0.472966745	12666
2.23904973	0.380898753	12667
2.2678072	0.283893507	12668
2.28904545	0.182691983	12669
2.30189632	0.0782573407	12670
2.30565158	-0.0281419375	12671
2.45869268	-0.150202921	12672
2.44229515	-0.265543141	12673
2.41611634	-0.378199941	12674
2.38079176	-0.486734698	12675
2.33737263	-0.589953751	12676
2.28702514	-0.687057043	12677
2.23090208	-0.777463794	12678
2.17018883	-0.860871147	12679
2.10601656	-0.937242138	12680
2.0394013	-1.00672738	12681
1.97120593	-1.06954698	12682
1.90216075	-1.12601631	12683
1.83293821	-1.1764496	12684
1.76405614	-1.22127764	12685
1.69579132	-1.26106779	12686
1.62842577	-1.29625854	12687
1.56216833	-1.32727127	12688
1.49716336	-1.3545121	12689
1.43350113	-1.37836204	12690
1.37123021	-1.3991703	12691
1.31036591	-1.41725683	12692
1.25089502	-1.43291385	12693
1.19278164	-1.44640593	12694
1.13597201	-1.45797076	12695
1.0803977	-1.46782098	12696
1.02597808	-1.47614586	12697
0.97266784	-1.48310216	12698
0.920325027	-1.48885137	12699
0.868818361	-1.4935276	12700
0.818033552	-1.49724124	12701
0.767848599	-1.50008668	12702
0.718135053	-1.5021432	12703
0.668756688	-1.50347811	12704
0.619566547	-1.50414448	12705
0.570410173	-1.50417941	12706
0.52112252	-1.50360918	12707
0.471525836	-1.5024422	12708
0.421429948	-1.50067077	12709
0.370630629	-1.49826478	12710
0.318875974	-1.49516661	12711
0.265855937	-1.49127452	12712
0.211335822	-1.48644725	12713
0.155095636	-1.4805838	12714
0.0968256394	-1.47362993	12715
0.0361617687	-1.46536813	12716
-0.0271968889	-1.45548552	12717
-0.093541177	-1.44359805	12718
-0.163167641	-1.42922515	12719
-0.236347677	-1.41178223	12720
-0.313298183	-1.39056745	12721
-0.394149412	-1.36475441	12722
-0.479306224	-1.33307174	12723
-0.568273986	-1.29462892	12724
-0.660548826	-1.24830657	12725
-0.755428208	-1.19283934	12726
-0.85185736	-1.12693417	12727
-0.948361185	-1.04934369	12728
-1.0430117	-0.958930773	12729
-1.13345208	-0.854637805	12730
-1.21641618	-0.736642393	12731
-1.28857776	-0.605571355	12732
-1.34681314	-0.463199014	12733
-1.3890193	-0.31216157	12734
-1.41408386	-0.155510052	12735
-1.42128216	0.00364656731	12736
-1.41044551	0.161715439	12737
-1.38241522	0.315245462	12738
-1.33878204	0.461686392	12739
-1.28166862	0.599082716	12740
-1.21342917	0.726130545	12741
-1.13639772	0.842138104	12742
-1.05284862	0.946729654	12743
-0.964679955	1.04019503	12744
-0.873492635	1.1230711	12745
-0.780638137	1.19600373	12746
-0.687214641	1.25973323	12747
-0.594095906	1.31503602	12748
-0.501968323	1.36268429	12749
-0.411362981	1.40342649	12750
-0.322683461	1.43796706	12751
-0.236308704	1.46692242	12752
-0.152568144	1.49085689	12753
-0.0713886094	1.51044869	12754
0.00716565278	1.52620835	12755
0.0830932426	1.53859897	12756
0.156417727	1.54803373	12757
0.22714819	1.55491623	12758
0.295421889	1.55973467	12759
0.361497576	1.56280118	12760
0.425598403	1.56432318	12761
0.487935501	1.56447205	12762
0.548737346	1.56338397	12763
0.608241596	1.56115926	12764
0.66668468	1.55786389	12765
0.724294614	1.55353318	12766
0.781289415	1.54817602	12767
0.837872022	1.54177349	12768
0.894228423	1.53428552	12769
0.950528948	1.52565065	12770
1.0069258	1.51578762	12771
1.0635536	1.50459839	12772
1.12052988	1.49196755	12773
1.17795502	1.47776285	12774
1.23591198	1.46183449	12775
1.29446636	1.44401642	12776
1.35366699	1.42412509	12777
1.41354374	1.40195832	12778
1.47410529	1.3772955	12779
1.53533786	1.34989721	12780
1.59720122	1.31950384	12781
1.6596242	1.28583735	12782
1.72250023	1.24860253	12783
1.78568299	1.20748727	12784
1.84897813	1.16216405	12785
1.91213399	1.11229938	12786
1.97483537	1.05756377	12787
2.03673111	0.997578935	12788
2.09736598	0.931986161	12789
2.15610994	0.860601127	12790
2.21231173	0.783215453	12791
2.26521528	0.69972794	12792
2.31397037	0.610150156	12793
2.35761398	0.514591671	12794
2.39513156	0.413358728	12795
2.42552347	0.306993552	12796
2.44785526	0.196292306	12797
2.46124511	0.0822749861	12798
2.46497886	-0.0337340216	12799
2.63683929	-0.166891263	12800
2.61923523	-0.292605062	12801
2.5912797	-0.415490754	12802
2.553628	-0.53406136	12803
2.5073563	-0.647075906	12804
2.45366149	-0.753688473	12805
2.39373311	-0.853275523	12806
2.32879569	-0.945500311	12807
2.26002141	-1.03029858	12808
2.18846998	-1.10779819	12809
2.11504734	-1.17820457	12810
2.04052323	-1.24182746	12811
1.96556583	-1.2990233	12812
1.89079901	-1.35014184	12813
1.81649756	-1.39580054	12814
1.74297178	-1.43644669	12815
1.67045494	-1.47251304	12816
1.59911243	-1.50441852	12817
1.52905292	-1.5325575	12818
1.46034088	-1.55729264	12819
1.39300506	-1.57895745	12820
1.32704345	-1.59785739	12821
1.26242949	-1.61426979	12822
1.19911716	-1.62844444	12823
1.13704439	-1.6406053	12824
1.07613567	-1.65095214	12825
1.01630411	-1.6596624	12826
0.957455202	-1.66689212	12827
0.899516642	-1.67277355	12828
0.84232341	-1.67743739	12829
0.785755774	-1.68098414	12830
0.729687338	-1.68349834	12831
0.673983902	-1.68505184	12832
0.618500433	-1.68570156	12833
0.563084248	-1.68548779	12834
0.507571767	-1.68443931	12835
0.451786506	-1.68256636	12836
0.395539344	-1.67986244	12837
0.338612358	-1.6762953	12838
0.280745654	-1.67180334	12839
0.221673723	-1.66629169	12840
0.1611186	-1.6596065	12841
0.0988431494	-1.65163489	12842
0.0345250517	-1.64230788	12843
-0.0322070449	-1.63139209	12844
-0.101661793	-1.61855556	12845
-0.174144105	-1.60338776	12846
-0.249967241	-1.58537426	12847
-0.329417209	-1.56388979	12848
-0.41272048	-1.53818514	12849
-0.500008988	-1.50738071	12850
-0.591664986	-1.47014159	12851
-0.68719712	-1.42550768	12852
-0.786051347	-1.37231318	12853
-0.887464528	-1.30924323	12854
-0.99030205	-1.23496736	12855
-1.09299156	-1.14821809	12856
-1.19346614	-1.04790657	12857
-1.28928697	-0.932941533	12858
-1.37710357	-0.803489561	12859
-1.45344472	-0.660296227	12860
-1.51508599	-0.505200986	12861
-1.55983066	-0.340915754	12862
-1.58647875	-0.170602053	12863
-1.5942359	0.00244437174	12864
-1.58290657	0.174419538	12865
-1.55334066	0.341711244	12866
-1.50716263	0.501633172	12867
-1.4465546	0.652097362	12868
-1.37395251	0.791678662	12869
-1.29179014	0.91958252	12870
-1.20248166	1.03529931	12871
-1.10799727	1.13915526	12872
-1.01007775	1.2316166	12873
-0.910188367	1.31332151	12874
-0.809531818	1.38502164	12875
-0.709074276	1.44752012	12876
-0.609580726	1.50162751	12877
-0.511646106	1.54813875	12878
-0.415722895	1.58780991	12879
-0.322220633	1.6213114	12880
-0.231504354	1.64925089	12881
-0.143492594	1.67237451	12882
-0.058243264	1.69124233	12883
0.0242611152	1.70636306	12884
0.104073068	1.71819004	12885
0.181231514	1.72715815	12886
0.255900463	1.73377821	12887
0.328360319	1.73837845	12888
0.398849968	1.74117673	12889
0.467596532	1.74235111	12890
0.534844255	1.74204111	12891
0.600843194	1.74034707	12892
0.665837501	1.7373321	12893
0.730058234	1.73302663	12894
0.7937225	1.72743335	12895
0.85702924	1.72052642	12896
0.920158212	1.71225847	12897
0.983272128	1.7025605	12898
1.04651466	1.69134357	12899
1.11001138	1.67850176	12900
1.17387039	1.66391153	12901
1.23818232	1.64743214	12902
1.30301999	1.62890493	12903
1.36843833	1.60815452	12904
1.43447462	1.5849876	12905
1.50114609	1.55919193	12906
1.56844742	1.53053655	12907
1.63634919	1.49877167	12908
1.70479369	1.46362741	12909
1.77369019	1.42481593	12910
1.84291021	1.38203301	12911
1.91228301	1.33495878	12912
1.98158748	1.28325942	12913
2.05054276	1.22659718	12914
2.11880164	1.1646414	12915
2.18601267	1.09696303	12916
2.25160846	1.02331892	12917
2.31496305	0.943481786	12918
2.37538753	0.857258482	12919
2.43208725	0.764570414	12920
2.48417336	0.665461117	12921
2.53064675	0.560080179	12922
2.57046154	0.448778912	12923
2.6025918	0.332150654	12924
2.62608293	0.211049152	12925
2.6400409	0.0865529798	12926
2.64374696	-0.0399565847	12927
2.83675697	-0.185233828	12928
2.81786651	-0.322294732	12929
2.78801756	-0.456376286	12930
2.74788502	-0.585942946	12931
2.69856952	-0.709705907	12932
2.64129791	-0.826772354	12933
2.57729579	-0.936474496	12934
2.50782616	-1.03843996	12935
2.43410162	-1.13257527	12936
2.35722509	-1.21898354	12937
2.2781451	-1.29785356	12938
2.19767072	-1.36948743	12939
2.11646874	-1.43428127	12940
2.03526306	-1.49250431	12941
1.95433106	-1.54481929	12942
1.87401232	-1.59168024	12943
1.79456566	-1.63352933	12944
1.71617879	-1.67079648	12945
1.63898026	-1.70388766	12946
1.56305202	-1.73317744	12947
1.48843787	-1.75901137	12948
1.4151487	-1.78170685	12949
1.34316904	-1.80155274	12950
1.27246234	-1.81880979	12951
1.20297459	-1.83371224	12952
1.13463709	-1.84646945	12953
1.06736875	-1.85726758	12954
1.00107787	-1.86627101	12955
0.935663916	-1.87362446	12956
0.871017437	-1.87945368	12957
0.807026039	-1.88386589	12958
0.743557361	-1.88695293	12959
0.680470205	-1.88879177	12960
0.617622593	-1.88944216	12961
0.554864792	-1.88894652	12962
0.492036002	-1.88733499	12963
0.428958614	-1.88461793	12964
0.365431346	-1.88078602	12965
0.30125256	-1.87580659	12966
0.236192523	-1.86962161	12967
0.169968041	-1.86213043	12968
0.102291669	-1.85317196	12969
0.0329151652	-1.84262223	12970
-0.0384901513	-1.83039876	12971
-0.112296586	-1.81625424	12972
-0.188814808	-1.79983982	12973
-0.268358425	-1.78072092	12974
-0.351252278	-1.75835192	12975
-0.43779263	-1.73206961	12976
-0.528212423	-1.70108004	12977
-0.622643539	-1.66445255	12978
-0.72144779	-1.62078978	12979
-0.824125858	-1.56907109	12980
-0.930084279	-1.50807821	12981
-1.03850139	-1.43644736	12982
-1.14816473	-1.35281161	12983
-1.25740651	-1.25588491	12984
-1.36405097	-1.14458162	12985
-1.46548597	-1.01794434	12986
-1.55837832	-0.87594293	12987
-1.63907782	-0.719512385	12988
-1.7042596	-0.550559852	12989
-1.75163298	-0.371876045	12990
-1.77991018	-0.186736423	12991
-1.78822697	0.00137353738	12992
-1.77635994	0.188436775	12993
-1.74516497	0.370677784	12994
-1.69629728	0.545270175	12995
-1.6319962	0.709987958	12996
-1.55477768	0.863278498	12997
-1.46719268	1.00419909	12998
-1.37174499	1.13220375	12999
-1.27052141	1.24755994	13000
-1.16539048	1.35068279	13001
-1.05793298	1.44219786	13002
-0.94945825	1.52286412	13003
-0.841027109	1.59350831	13004
-0.733485239	1.65497715	13005
-0.627493217	1.70811074	13006
-0.523553768	1.7537161	13007
-0.422101464	1.79252162	13008
-0.323546084	1.82517204	13009
-0.227797081	1.85248318	13010
-0.134907311	1.87506453	13011
-0.044842136	1.89347005	13012
0.0424779132	1.90819283	13013
0.12711897	1.91969819	13014
0.20926748	1.92851813	13015
0.289219583	1.93499533	13016
0.367223858	1.93935686	13017
0.44351771	1.94178667	13018
0.518355354	1.94242722	13019
0.591993349	1.94137886	13020
0.664678043	1.93870229	13021
0.736638748	1.93442389	13022
0.808087818	1.92854133	13023
0.879217308	1.92102323	13024
0.950198696	1.91181634	13025
1.02118563	1.90084551	13026
1.09231224	1.8880154	13027
1.16369424	1.87321335	13028
1.23542958	1.85630871	13029
1.30759833	1.83715319	13030
1.38026229	1.81558009	13031
1.45346459	1.79140552	13032
1.52722969	1.76442729	13033
1.60156071	1.73442401	13034
1.67643668	1.70115541	13035
1.75181082	1.66436247	13036
1.82760608	1.6237664	13037
1.90371029	1.57907106	13038
1.97997118	1.52996492	13039
2.05619175	1.47612228	13040
2.13212234	1.4172052	13041
2.20745123	1.352874	13042
2.28180696	1.28278666	13043
2.35480539	1.20650768	13044
2.42580035	1.12386956	13045
2.49415683	1.03461981	13046
2.55914791	0.938583863	13047
2.61994053	0.835708912	13048
2.67560771	0.726073633	13049
2.72511506	0.609870834	13050
2.76738648	0.487500009	13051
2.80137111	0.359608413	13052
2.82609569	0.227109721	13053
2.84065559	0.0911427465	13054
2.84432893	-0.0468534674	13055
3.06110586	-0.205381857	13056
3.0408424	-0.354871353	13057
3.00897238	-0.501223659	13058
2.96619006	-0.642854551	13059
2.91361979	-0.778426968	13060
2.85251744	-0.907000246	13061
2.78414376	-1.02786089	13062
2.70979922	-1.14059915	13063
2.63073599	-1.2450903	13064
2.54809939	-1.34141053	13065
2.46287998	-1.42972983	13066
2.37592576	-1.51034032	13067
2.28793802	-1.58363595	13068
2.19963607	-1.64992107	13069
2.11140278	-1.70978369	13070
2.02357542	-1.76371995	13071
1.93643967	-1.81217899	13072
1.85020709	-1.85559942	13073
1.76502786	-1.89439663	13074
1.68100328	-1.92895502	13075
1.59819421	-1.95963036	13076
1.51662649	-1.98675025	13077
1.43629788	-2.01061352	13078
1.35718345	-2.03149043	13079
1.27923939	-2.04962424	13080
1.20240596	-2.06523268	13081
1.12660994	-2.07850956	13082
1.05176663	-2.0896261	13083
0.977781827	-2.09873307	13084
0.904551921	-2.10596136	13085
0.831964009	-2.11142318	13086
0.759897382	-2.11521269	13087
0.688222893	-2.11740935	13088
0.61679993	-2.11807555	13089
0.545479601	-2.11725504	13090
0.47410141	-2.11497781	13091
0.402491837	-2.11125303	13092
0.330465163	-2.10607103	13093
0.257822693	-2.09939723	13094
0.184343351	-2.09117172	13095
0.109748912	-2.08129031	13096
0.0337486647	-2.06958495	13097
-0.0439109372	-2.05592107	13098
-0.123558956	-2.04020366	13099
-0.205562394	-2.0221731	13100
-0.290227801	-2.00146585	13101
-0.377871068	-1.97762597	13102
-0.468821993	-1.95008003	13103
-0.563381026	-1.91813076	13104
-0.661782779	-1.88094336	13105
-0.764155871	-1.83753968	13106
-0.870843925	-1.78646096	13107
-0.981326052	-1.72663921	13108
-1.09497971	-1.65679767	13109
-1.21092697	-1.57552495	13110
-1.32788009	-1.481419	13111
-1.44407842	-1.37317683	13112
-1.55723988	-1.24971814	13113
-1.66457544	-1.1102448	13114
-1.76278318	-0.954487423	13115
-1.84803093	-0.783592369	13116
-1.91689446	-0.599536859	13117
-1.96698947	-0.405193339	13118
-1.99694059	-0.203954423	13119
-2.00581387	0.000502107383	13120
-1.99335723	0.203944654	13121
-1.96042983	0.402432553	13122
-1.90871457	0.592995517	13123
-1.8405054	0.773264018	13124
-1.75839616	0.941551771	13125
-1.66506586	1.09673219	13126
-1.56307494	1.23829165	13127
-1.45465319	1.36637265	13128
-1.34178976	1.48134885	13129
-1.22618203	1.58382802	13130
-1.10924739	1.67457207	13131
-0.992142923	1.75442788	13132
-0.875796572	1.82427563	13133
-0.760935932	1.88499866	13134
-0.648115105	1.93745364	13135
-0.537787959	1.98243074	13136
-0.430419429	2.02060337	13137
-0.325909209	2.05285835	13138
-0.224307351	2.07985339	13139
-0.125565138	2.10218635	13140
-0.0295798833	2.12038876	13141
0.063737323	2.13495471	13142
0.154589431	2.14643545	13143
0.243281247	2.15518638	13144
0.33006434	2.16144262	13145
0.41518034	2.16539346	13146
0.498887512	2.16718423	13147
0.581443177	2.16691563	13148
0.663090679	2.16464674	13149
0.744053233	2.16040102	13150
0.824534982	2.15417249	13151
0.90471846	2.14592573	13152
0.984764852	2.13560306	13153
1.06481715	2.1231246	13154
1.14499856	2.10838991	13155
1.22541369	2.09128079	13156
1.30614901	2.07166059	13157
1.38727267	2.04937453	13158
1.4688339	2.02424894	13159
1.55086239	1.99609249	13160
1.63336793	1.96469528	13161
1.71633758	1.929828	13162
1.79973269	1.89124246	13163
1.88348697	1.84867201	13164
1.96750189	1.80183065	13165
2.05164171	1.75041587	13166
2.13572822	1.69411104	13167
2.21953613	1.63258702	13168
2.30278529	1.5655044	13169
2.38513146	1.49252446	13170
2.46620269	1.41326022	13171
2.5455011	1.32738739	13172
2.62238439	1.23470069	13173
2.69617897	1.13496555	13174
2.76611981	1.02802963	13175
2.8313358	0.913869417	13176
2.89086258	0.792602092	13177
2.94363157	0.664467011	13178
2.98853779	0.529915007	13179
3.02450703	0.389650049	13180
3.05054907	0.244648018	13181
3.06575039	0.0961095367	13182
3.06938749	-0.0544677973	13183
3.31287084	-0.227500969	13184
3.29114004	-0.390623661	13185
3.25710866	-0.550444708	13186
3.21148989	-0.705331183	13187
3.15543094	-0.853897422	13188
3.09021553	-0.995154017	13189
3.01713834	-1.12834034	13190
2.93753609	-1.25300746	13191
2.85269934	-1.3689972	13192
2.7638148	-1.47635648	13193
2.67191423	-1.57523396	13194
2.5778841	-1.66590904	13195
2.48246192	-1.74876855	13196
2.38636077	-1.82415391	13197
2.29006869	-1.89257188	13198
2.19392374	-1.9545572	13199
2.09823991	-2.0105631	13200
2.00325446	-2.06103398	13201
1.90914122	-2.10639198	13202
1.8160231	-2.14702886	13203
1.72398035	-2.18330827	13204
1.63305621	-2.21556595	13205
1.54326418	-2.24410877	13206
1.45459354	-2.26921476	13207
1.36701323	-2.29113463	13208
1.28047505	-2.31009303	13209
1.19491621	-2.32629011	13210
1.11026149	-2.33990275	13211
1.02642551	-2.35108666	13212
0.943312928	-2.35997682	13213
0.860818692	-2.36668879	13214
0.778829561	-2.37131923	13215
0.69722374	-2.37394932	13216
0.615867889	-2.37464233	13217
0.534620282	-2.37344212	13218
0.453327458	-2.3703779	13219
0.371823167	-2.36545724	13220
0.289929634	-2.35866814	13221
0.207457824	-2.34997337	13222
0.12419894	-2.3393102	13223
0.0398849274	-2.32657052	13224
-0.0457722746	-2.31157943	13225
-0.133025925	-2.29419205	13226
-0.222199753	-2.27430151	13227
-0.313649434	-2.25163724	13228
-0.407671133	-2.22582294	13229
-0.504575992	-2.19638409	13230
-0.604691063	-2.16272334	13231
-0.708313513	-2.12411412	13232
-0.815673252	-2.07968583	13233
-0.926890879	-2.02841791	13234
-1.04229347	-1.96879156	13235
-1.16132365	-1.89970796	13236
-1.28333883	-1.81982692	13237
-1.40740692	-1.72769171	13238
-1.5321678	-1.62186722	13239
-1.65577123	-1.50103552	13240
-1.77583212	-1.36412386	13241
-1.88941247	-1.21045082	13242
-1.99316614	-1.0396683	13243
-2.08316589	-0.852953996	13244
-2.15586083	-0.652423899	13245
-2.20877419	-0.441034897	13246
-2.24044367	-0.222299647	13247
-2.24986614	-9.03273595e-05	13248
-2.23676022	0.221146025	13249
-2.20198562	0.437302157	13250
-2.14724959	0.645260275	13251
-2.07489784	0.842501962	13252
-1.98759952	1.02720124	13253
-1.88816376	1.19802797	13254
-1.77919788	1.35452234	13255
-1.66307714	1.49668234	13256
-1.54191107	1.62483411	13257
-1.41751394	1.73956222	13258
-1.29141199	1.84162673	13259
-1.16485955	1.93189065	13260
-1.03886795	2.01126434	13261
-0.914232921	2.08067177	13262
-0.791561033	2.14101709	13263
-0.671320208	2.1931554	13264
-0.554041757	2.23777866	13265
-0.439615382	2.27584519	13266
-0.328091684	2.30805871	13267
-0.219412412	2.33505858	13268
-0.113457111	2.35741245	13269
-0.0101202278	2.37564094	13270
0.0908104142	2.39031226	13271
0.189640409	2.40179272	13272
0.286617255	2.41032457	13273
0.381980629	2.41610216	13274
0.47598696	2.41927389	13275
0.568888744	2.41994149	13276
0.660921377	2.4181634	13277
0.752297851	2.41396148	13278
0.843210774	2.40732758	13279
0.933830475	2.39822374	13280
1.02430562	2.38658936	13281
1.11476656	2.37234125	13282
1.20532372	2.35537521	13283
1.29606872	2.33556881	13284
1.38707467	2.31278063	13285
1.47839574	2.28685067	13286
1.57006647	2.25759956	13287
1.66210084	2.22482998	13288
1.75449159	2.18832574	13289
1.8472073	2.1478513	13290
1.94018907	2.10315236	13291
2.03334861	2.05395665	13292
2.12656336	1.99997319	13293
2.2196716	1.9408956	13294
2.31246683	1.87640479	13295
2.40469327	1.80617114	13296
2.49603831	1.72985694	13297
2.58612339	1.64712778	13298
2.67457058	1.55755925	13299
2.76077485	1.4609359	13300
2.84409341	1.35702089	13301
2.92381365	1.24560169	13302
2.99913243	1.1265523	13303
3.06914116	0.99988227	13304
3.13283911	0.865750884	13305
3.18912481	0.724447526	13306
3.23686597	0.576477607	13307
3.27496684	0.422604626	13308
3.30242208	0.263868918	13309
3.31831109	0.101534436	13310
3.3219104	-0.0628419557	13311
3.59540101	-0.25177372	13312
3.57209964	-0.429874573	13313
3.53575197	-0.604502715	13314
3.4870896	-0.773976571	13315
3.42728151	-0.936861574	13316
3.35763786	-1.09211871	13317
3.27948579	-1.23893877	13318
3.19419679	-1.37683168	13319
3.10309835	-1.50560351	13320
3.00741736	-1.62526917	13321
2.9082258	-1.73595312	13322
2.80644805	-1.83791878	13323
2.70285795	-1.93154219	13324
2.59816615	-2.01719673	13325
2.49296008	-2.09530803	13326
2.3875837	-2.16644281	13327
2.2823811	-2.23105482	13328
2.17761729	-2.28959089	13329
2.07349219	-2.34247672	13330
1.97015284	-2.39010841	13331
1.86770161	-2.43285485	13332
1.76620199	-2.47105735	13333
1.66568615	-2.50502857	13334
1.56616052	-2.53505225	13335
1.46760982	-2.56138466	13336
1.37000035	-2.58425569	13337
1.27328277	-2.6038703	13338
1.17739434	-2.62040959	13339
1.08226144	-2.63403295	13340
0.987799932	-2.64487825	13341
0.893915499	-2.65306331	13342
0.800505246	-2.65868624	13343
0.7074576	-2.66182894	13344
0.614649373	-2.66255463	13345
0.521948889	-2.66090634	13346
0.429212587	-2.65691157	13347
0.336284265	-2.65057538	13348
0.24299677	-2.64188247	13349
0.149173514	-2.63079193	13350
0.0546215739	-2.61723739	13351
-0.0409118871	-2.60110636	13352
-0.137706487	-2.58221714	13353
-0.236009651	-2.56041479	13354
-0.336134219	-2.53558103	13355
-0.438418731	-2.50743541	13356
-0.54314272	-2.47559063	13357
-0.650605197	-2.43955628	13358
-0.761122083	-2.39871528	13359
-0.874978746	-2.3523171	13360
-0.992392687	-2.29946148	13361
-1.11347024	-2.23909183	13362
-1.23852227	-2.16963176	13363
-1.36693973	-2.08997021	13364
-1.49806706	-1.99870051	13365
-1.63091974	-1.89432433	13366
-1.76406823	-1.77537644	13367
-1.89557648	-1.64052664	13368
-2.02296052	-1.48871222	13369
-2.14317675	-1.31928468	13370
-2.25271766	-1.13210012	13371
-2.34768991	-0.928067016	13372
-2.42437649	-0.709547885	13373
-2.4802099	-0.479586439	13374
-2.51364225	-0.241817865	13375
-2.52360214	-0.000310262533	13376
-2.50977844	0.240273598	13377
-2.47302868	0.475658876	13378
-2.41508092	0.702576923	13379
-2.33832942	0.918355299	13380
-2.24553147	1.12097833	13381
-2.13957912	1.30902699	13382
-2.0231654	1.4819813	13383
-1.89879623	1.63972049	13384
-1.7687005	1.78251696	13385
-1.63480897	1.91092622	13386
-1.49875683	2.02570126	13387
-1.36189617	2.12771659	13388
-1.22532246	2.21790874	13389
-1.08990056	2.29723876	13390
-0.956290772	2.36665513	13391
-0.824976227	2.42707632	13392
-0.696549877	2.47921215	13393
-0.570908292	2.52408117	13394
-0.448101812	2.56243337	13395
-0.328068698	2.59494616	13396
-0.210677794	2.62222013	13397
-0.0958145195	2.64479963	13398
0.0167341978	2.66326727	13399
0.127266345	2.67799863	13400
0.236018142	2.68924231	13401
0.343221103	2.69719772	13402
0.449123951	2.70201678	13403
0.553968838	2.70380305	13404
0.657978332	2.7026155	13405
0.761351083	2.69847577	13406
0.864264698	2.69137503	13407
0.966874341	2.68127432	13408
1.06931349	2.66811162	13409
1.17169735	2.65180189	13410
1.27412105	2.63223859	13411
1.37666069	2.60929648	13412
1.4793734	2.58283085	13413
1.58229668	2.55267796	13414
1.68544755	2.5186544	13415
1.78882137	2.48055854	13416
1.8923909	2.43816989	13417
1.9961032	2.39124876	13418
2.09987624	2.33953707	13419
2.2035968	2.28275941	13420
2.30711552	2.2206226	13421
2.410242	2.1528193	13422
2.51273897	2.07903118	13423
2.61431783	1.99893159	13424
2.71463138	1.9121882	13425
2.81328114	1.81845316	13426
2.9098286	1.71733889	13427
3.00361797	1.60866925	13428
3.09398481	1.49220557	13429
3.18017712	1.367762	13430
3.26135382	1.23524334	13431
3.33656958	1.0946964	13432
3.40478851	0.946326429	13433
3.46487778	0.790476506	13434
3.51567965	0.627709984	13435
3.55607877	0.458852748	13436
3.58505669	0.285011813	13437
3.60168771	0.107515947	13438
3.60525003	-0.0720180609	13439
3.91245416	-0.278402239	13440
3.88746872	-0.472986197	13441
3.84863294	-0.663919796	13442
3.79669612	-0.849472895	13443
3.73284774	-1.02816174	13444
3.65842278	-1.19889682	13445
3.57477911	-1.36081882	13446
3.48332121	-1.51339444	13447
3.38541184	-1.6563913	13448
3.28231666	-1.78978928	13449
3.17514677	-1.91368529	13450
3.0648639	-2.02832293	13451
2.95227837	-2.13406314	13452
2.83810274	-2.23130458	13453
2.72301756	-2.32039294	13454
2.60737832	-2.40191893	13455
2.49156116	-2.47633269	13456
2.37586127	-2.54407956	13457
2.26050736	-2.60558502	13458
2.14567355	-2.66124613	13459
2.03148742	-2.71143378	13460
1.91803594	-2.75649199	13461
1.80537327	-2.79673653	13462
1.69352639	-2.83245446	13463
1.58249921	-2.8639054	13464
1.472276	-2.89132251	13465
1.36282432	-2.91491376	13466
1.2540974	-2.93486283	13467
1.14603683	-2.95133129	13468
1.03857312	-2.96445855	13469
0.931626139	-2.97436344	13470
0.825106776	-2.98114437	13471
0.718917133	-2.98488291	13472
0.612947667	-2.98564118	13473
0.507080276	-2.98346049	13474
0.401184844	-2.97836577	13475
0.295118691	-2.9703587	13476
0.188728605	-2.95941984	13477
0.0818537085	-2.94550379	13478
-0.0256792044	-2.92853975	13479
-0.134102635	-2.9084105	13480
-0.243681862	-2.88492762	13481
-0.354652796	-2.85792637	13482
-0.467311807	-2.82727752	13483
-0.581974578	-2.79269162	13484
-0.698897777	-2.75377194	13485
-0.818360745	-2.71001487	13486
-0.940659477	-2.66078784	13487
-1.06605833	-2.60532212	13488
-1.19475364	-2.54269475	13489
-1.32682993	-2.47182066	13490
-1.46258031	-2.3910699	13491
-1.60132949	-2.29933885	13492
-1.74241358	-2.1951539	13493
-1.88479674	-2.07698043	13494
-2.02698288	-1.94332744	13495
-2.16695425	-1.79285595	13496
-2.30213276	-1.62451628	13497
-2.42937429	-1.43769552	13498
-2.54503088	-1.23242175	13499
-2.64519784	-1.00946035	13500
-2.72604904	-0.771275627	13501
-2.78491055	-0.521054661	13502
-2.8201508	-0.262557132	13503
-2.83063143	-4.79134252e-05	13504
-2.8160114	0.261594893	13505
-2.77714319	0.517928342	13506
-2.71577194	0.765529819	13507
-2.63433693	1.00156788	13508
-2.5356964	1.22378235	13509
-2.42277532	1.43079633	13510
-2.29839345	1.62189816	13511
-2.16517052	1.79688057	13512
-2.02545293	1.95595573	13513
-1.88128679	2.09964385	13514
-1.73441571	2.22868497	13515
-1.58628958	2.34395968	13516
-1.43808855	2.4464257	13517
-1.29074761	2.53707659	13518
-1.14498231	2.61690081	13519
-1.00131689	2.68686071	13520
-0.860331075	2.74773156	13521
-0.722016405	2.80053041	13522
-0.586400252	2.84606891	13523
-0.453424863	2.88505809	13524
-0.322956898	2.91812756	13525
-0.194881592	2.94584213	13526
-0.0689940817	2.96879622	13527
0.0549873074	2.987373	13528
0.177280231	3.00182696	13529
0.298101776	3.0123627	13530
0.417687001	3.01913618	13531
0.536262086	3.02225372	13532
0.654031748	3.02177604	13533
0.771175932	3.01772592	13534
0.88785342	3.01009536	13535
1.00420074	2.99884595	13536
1.12033292	2.98391576	13537
1.23634677	2.96521943	13538
1.3523189	2.94264966	13539
1.46830659	2.91608001	13540
1.58434756	2.88536418	13541
1.70045921	2.8503366	13542
1.81663754	2.81081175	13543
1.93285577	2.76658595	13544
2.04906321	2.71743672	13545
2.16518205	2.66312284	13546
2.28110376	2.60338517	13547
2.39668699	2.5379482	13548
2.51175251	2.46651973	13549
2.62607832	2.38879501	13550
2.73939362	2.30446017	13551
2.85137448	2.21319555	13552
2.96163687	2.11467845	13553
3.06977411	2.00853284	13554
3.17523979	1.8944766	13555
3.2773769	1.77230885	13556
3.37548034	1.64181818	13557
3.4687584	1.5028505	13558
3.55633234	1.35534641	13559
3.63722104	1.19939457	13560
3.71035483	1.03525037	13561
3.77457131	0.86331448	13562
3.8286893	0.68421171	13563
3.87157602	0.498833248	13564
3.90220213	0.308355029	13565
3.91963884	0.114172094	13566
3.92316782	-0.0820382205	13567
4.26824648	-0.307611042	13568
4.24145172	-0.520365325	13569
4.19993654	-0.729285042	13570
4.14446713	-0.932591552	13571
4.07625202	-1.12875159	13572
3.99664911	-1.31662415	13573
3.90704505	-1.49529814	13574
3.80887531	-1.66419472	13575
3.70353605	-1.82304001	13576
3.59233014	-1.97177535	13577
3.47640663	-2.1104662	13578
3.35676407	-2.2393319	13579
3.2342495	-2.35871327	13580
3.10959145	-2.46901544	13581
2.98352938	-2.57053808	13582
2.85646393	-2.66385471	13583
2.72879637	-2.74941781	13584
2.60085478	-2.8276667	13585
2.47289972	-2.89902238	13586
2.3451357	-2.9638789	13587
2.21771898	-3.02260552	13588
2.09076363	-3.07554562	13589
1.96434957	-3.12301504	13590
1.83852815	-3.16530136	13591
1.71332636	-3.20266502	13592
1.58875036	-3.23534015	13593
1.4647886	-3.26353561	13594
1.34141427	-3.28743579	13595
1.21858816	-3.30720271	13596
1.09625946	-3.32297576	13597
0.974366243	-3.33487336	13598
0.852837237	-3.34299291	13599
0.731592302	-3.34741447	13600
0.610539683	-3.34819804	13601
0.489579076	-3.34538222	13602
0.36859808	-3.33898851	13603
0.247471787	-3.32901451	13604
0.12606499	-3.3154359	13605
0.00423643789	-3.29820211	13606
-0.118163071	-3.27723734	13607
-0.241340297	-3.25241939	13608
-0.365539996	-3.22355334	13609
-0.490980546	-3.19046509	13610
-0.617936037	-3.15301492	13611
-0.746693483	-3.11090535	13612
-0.877480386	-3.06373173	13613
-1.01054876	-3.01097988	13614
-1.14616567	-2.95200603	13615
-1.28456483	-2.88602932	13616
-1.4259119	-2.81211153	13617
-1.57027942	-2.72913003	13618
-1.71788369	-2.63546037	13619
-1.86802501	-2.52997315	13620
-2.02001487	-2.411148	13621
-2.17276632	-2.27742132	13622
-2.32471929	-2.12728225	13623
-2.47377858	-1.95938774	13624
-2.61727737	-1.77270491	13625
-2.75197686	-1.56665956	13626
-2.87413625	-1.34133543	13627
-2.97971904	-1.09773161	13628
-3.06492312	-0.838021011	13629
-3.12692863	-0.56567206	13630
-3.16402291	-0.284570303	13631
-3.17500238	0.000822540636	13632
-3.15949614	0.285414237	13633
-3.11834869	0.564593774	13634
-3.05331823	0.83478173	13635
-2.96690025	1.09292739	13636
-2.8620061	1.3366784	13637
-2.74163221	1.56454488	13638
-2.60870695	1.77566552	13639
-2.4659605	1.96973997	13640
-2.3158541	2.14691341	13641
-2.16054733	2.30766402	13642
-2.00189109	2.45271235	13643
-1.84143269	2.58293878	13644
-1.68043728	2.69931618	13645
-1.5199111	2.80286479	13646
-1.36062696	2.89460736	13647
-1.20315317	2.97554448	13648
-1.04805493	3.04651654	13649
-0.895434304	3.10852324	13650
-0.74529917	3.16243627	13651
-0.597604544	3.20899492	13652
-0.452224646	3.24885328	13653
-0.309054357	3.28259301	13654
-0.167906704	3.31081758	13655
-0.0285252492	3.33391627	13656
0.109281709	3.35214903	13657
0.245710386	3.36572583	13658
0.380975951	3.37480728	13659
0.515282678	3.37950333	13660
0.648812035	3.37987763	13661
0.781720432	3.3759555	13662
0.914143417	3.36773122	13663
1.04619472	3.35516846	13664
1.17796686	3.33820699	13665
1.30953421	3.3167628	13666
1.44095074	3.29072958	13667
1.57225076	3.25998158	13668
1.70344843	3.22437299	13669
1.83453688	3.18373858	13670
1.96548697	3.13789321	13671
2.0962458	3.08663369	13672
2.22673525	3.02973841	13673
2.35684878	2.96696761	13674
2.48644767	2.89806438	13675
2.61535884	2.82275662	13676
2.74336974	2.74075693	13677
2.87022352	2.65176717	13678
2.99561288	2.55548228	13679
3.1191758	2.45159419	13680
3.24048897	2.33979475	13681
3.35913035	2.21969076	13682
3.47445429	2.09110024	13683
3.58579649	1.95380759	13684
3.69241047	1.8076342	13685
3.79346463	1.65246342	13686
3.88804298	1.48827714	13687
3.97512964	1.31521088	13688
4.0536228	1.13357473	13689
4.12233241	0.943831137	13690
4.18005614	0.746670031	13691
4.22564616	0.543050934	13692
4.25806452	0.33422097	13693
4.27638154	0.12164293	13694
4.27988418	-0.0929446805	13695
4.66750857	-0.339650156	13696
4.6387657	-0.572469524	13697
4.59435748	-0.80126355	13698
4.53506601	-1.02420508	13699
4.46211718	-1.23971088	13700
4.37688974	-1.44658731	13701
4.28079695	-1.64386958	13702
4.17530304	-1.83093062	13703
4.06183554	-2.00745162	13704
3.94173288	-2.17333131	13705
3.81618086	-2.32859917	13706
3.68621439	-2.47344512	13707
3.55271761	-2.60818414	13708
3.41645783	-2.73319738	13709
3.27817416	-2.8488036	13710
3.13837126	-2.95548621	13711
2.99746059	-3.05371559	13712
2.85580615	-3.14391986	13713
2.71370381	-3.22651076	13714
2.57139209	-3.30187482	13715
2.42905983	-3.37037558	13716
2.28685225	-3.43235192	13717
2.14487925	-3.48811629	13718
2.00322084	-3.53795355	13719
1.86193146	-3.58212208	13720
1.72104365	-3.6208543	13721
1.58057124	-3.65435756	13722
1.44051194	-3.68281472	13723
1.3008504	-3.70638629	13724
1.16155907	-3.72520982	13725
1.02259894	-3.73940169	13726
0.883921282	-3.74905685	13727
0.745468482	-3.75425255	13728
0.607171442	-3.7550455	13729
0.468952614	-3.75147062	13730
0.330722385	-3.74354516	13731
0.192378695	-3.73126189	13732
0.0538092621	-3.71459112	13733
-0.0851028533	-3.69347659	13734
-0.224477944	-3.6678371	13735
-0.364491152	-3.63754539	13736
-0.505360065	-3.60240055	13737
-0.647279002	-3.56221973	13738
-0.790493523	-3.51685349	13739
-0.935255863	-3.46599737	13740
-1.08175785	-3.40924045	13741
-1.23021636	-3.34606066	13742
-1.38086041	-3.27580746	13743
-1.53388317	-3.19769401	13744
-1.68940962	-3.11077475	13745
-1.84750966	-3.01387937	13746
-2.00826055	-2.90545545	13747
-2.17098247	-2.78430869	13748
-2.33494282	-2.64889725	13749
-2.49900297	-2.4976379	13750
-2.66154091	-2.32900776	13751
-2.82038824	-2.1416659	13752
-2.97279517	-1.93460115	13753
-3.11543486	-1.70728173	13754
-3.24448072	-1.45984983	13755
-3.35580963	-1.19339984	13756
-3.44553364	-0.910251938	13757
-3.51080857	-0.61370105	13758
-3.54980471	-0.307916315	13759
-3.5612555	0.00244450845	13760
-3.54476044	0.312077148	13761
-3.50115301	0.616203182	13762
-3.43220542	0.911057522	13763
-3.34045837	1.19340809	13764
-3.22886089	1.46082925	13765
-3.10049679	1.71164195	13766
-2.95838962	1.94486034	13767
-2.80537582	2.16008424	13768
-2.64402805	2.3573847	13769
-2.47661676	2.53719059	13770
-2.30509847	2.70019561	13771
-2.13111717	2.84727258	13772
-1.95602331	2.97940228	13773
-1.78089577	3.09762439	13774
-1.6065672	3.20298878	13775
-1.43365387	3.29652711	13776
-1.26270788	3.37914211	13777
-1.0939555	3.45180105	13778
-0.927391162	3.51543203	13779
-0.762992589	3.57079644	13780
-0.600652352	3.61856775	13781
-0.440285601	3.6593405	13782
-0.281733396	3.69372439	13783
-0.124773684	3.72211332	13784
0.0307516789	3.74477227	13785
0.185011234	3.76191673	13786
0.338193572	3.77371244	13787
0.490474598	3.78027382	13788
0.642006546	3.78166855	13789
0.792916783	3.77792577	13790
0.943312432	3.76904354	13791
1.09327941	3.75498918	13792
1.24288274	3.73570585	13793
1.39216937	3.71111272	13794
1.54116563	3.68110651	13795
1.68987788	3.64556438	13796
1.83829184	3.60434338	13797
1.98637152	3.55728126	13798
2.13405797	3.50419604	13799
2.28126754	3.44488812	13800
2.4278902	3.37914003	13801
2.57378634	3.30671701	13802
2.71878283	3.22736821	13803
2.86267083	3.14082904	13804
3.00520061	3.04682128	13805
3.14607692	2.9450581	13806
3.28495262	2.83524823	13807
3.4214246	2.71710046	13808
3.55505057	2.59029781	13809
3.68531678	2.45452929	13810
3.81155637	2.30961966	13811
3.93306827	2.15537924	13812
4.04906398	1.99166834	13813
4.15867184	1.81841397	13814
4.2609391	1.63564537	13815
4.35481635	1.44355047	13816
4.43917135	1.242499	13817
4.51278863	1.03301964	13818
4.57444709	0.815871389	13819
4.62298644	0.592085248	13820
4.65736256	0.36298188	13821
4.67664718	0.130093356	13822
4.68013445	-0.104779972	13823
5.11554809	-0.374798605	13824
5.08470289	-0.629813898	13825
5.03716238	-0.880606442	13826
4.97372345	-1.12530039	13827
4.89562754	-1.36226185	13828
4.8042719	-1.59024313	13829
4.70109408	-1.80822353	13830
4.58758468	-2.01552464	13831
4.46520042	-2.21177867	13832
4.33531357	-2.39683713	13833
4.19914557	-2.57068826	13834
4.05776726	-2.73348667	13835
3.91210047	-2.885515	13836
3.76295261	-3.0271238	13837
3.61106881	-3.15864093	13838
3.45705134	-3.28046119	13839
3.30132901	-3.39306258	13840
3.14430516	-3.49685631	13841
2.98631475	-3.59223942	13842
2.8276344	-3.67958591	13843
2.66848979	-3.75924889	13844
2.50906182	-3.8315585	13845
2.34949504	-3.89681973	13846
2.18990296	-3.95531113	13847
2.0303724	-4.00728563	13848
1.87096731	-4.05297088	13849
1.71173205	-4.09256992	13850
1.55269406	-4.12626155	13851
1.39386708	-4.15420248	13852
1.23525221	-4.17652631	13853
1.07683872	-4.19334557	13854
0.918605879	-4.20475109	13855
0.760524163	-4.21081585	13856
0.602552763	-4.21159205	13857
0.444642673	-4.20710986	13858
0.286732989	-4.19738144	13859
0.128750485	-4.18239415	13860
-0.0293883497	-4.16211245	13861
-0.187770562	-4.13647414	13862
-0.346481871	-4.10539245	13863
-0.505659296	-4.06873523	13864
-0.66548599	-4.02629631	13865
-0.826125017	-3.97788509	13866
-0.987786527	-3.92334347	13867
-1.15068136	-3.86236143	13868
-1.31495878	-3.79452366	13869
-1.48079249	-3.71930315	13870
-1.64836417	-3.63604714	13871
-1.81781645	-3.54396914	13872
-1.98922326	-3.44212447	13873
-2.1626434	-3.32930176	13874
-2.33800249	-3.20404091	13875
-2.51463469	-3.06509092	13876
-2.6917586	-2.91090097	13877
-2.8681822	-2.73987976	13878
-3.04222296	-2.55050226	13879
-3.2116434	-2.34143772	13880
-3.37361684	-2.11170296	13881
-3.52473566	-1.86081336	13882
-3.66109542	-1.58897285	13883
-3.77850163	-1.29734548	13884
-3.87299189	-0.988350742	13885
-3.9416507	-0.66540337	13886
-3.98259484	-0.332661123	13887
-3.99448331	0.0049813283	13888
-3.97688246	0.341976086	13889
-3.93061432	0.673357603	13890
-3.85746061	0.995191542	13891
-3.75998531	1.30412658	13892
-3.64119279	1.59755254	13893
-3.5042398	1.87363869	13894
-3.35223957	2.13126833	13895
-3.18812981	2.3699344	13896
-3.01459041	2.58962622	13897
-2.83399946	2.79071529	13898
-2.64841692	2.97386013	13899
-2.45958255	3.13991747	13900
-2.26893246	3.28986733	13901
-2.07761996	3.42476009	13902
-1.88654079	3.54566394	13903
-1.69636409	3.6536329	13904
-1.50763306	3.74962671	13905
-1.32070988	3.83456615	13906
-1.13558408	3.90943009	13907
-0.952267061	3.9749951	13908
-0.770681393	4.03194842	13909
-0.590773798	4.08089319	13910
-0.412423933	4.12244234	13911
-0.235453569	4.15699281	13912
-0.0597461112	4.18481408	13913
0.114831955	4.20612714	13914
0.288435281	4.22110316	13915
0.461204206	4.22986171	13916
0.633254956	4.23247549	13917
0.804679477	4.22897875	13918
0.975550331	4.21937472	13919
1.14591959	4.20363605	13920
1.3158188	4.18171111	13921
1.48526152	4.15352435	13922
1.65424052	4.11897778	13923
1.82272844	4.07795402	13924
1.99067686	4.03031576	13925
2.15801519	3.97590675	13926
2.32464925	3.91455147	13927
2.49045938	3.8460574	13928
2.65529857	3.77021504	13929
2.8189892	3.68679879	13930
2.98131895	3.59556826	13931
3.14203874	3.49627109	13932
3.30085736	3.38864331	13933
3.45743718	3.27241478	13934
3.61138756	3.14731367	13935
3.76226108	3.01307164	13936
3.90959363	2.86936845	13937
4.05277168	2.71599134	13938
4.19111695	2.55276231	13939
4.32388464	2.37953147	13940
4.45024355	2.19620484	13941
4.56928186	2.00275995	13942
4.68001062	1.79928003	13943
4.78134819	1.58601147	13944
4.87213382	1.36338906	13945
4.95112893	1.13201256	13946
5.01709633	0.892714222	13947
5.06886592	0.646599885	13948
5.10539004	0.395066221	13949
5.12574421	0.139716233	13950
5.1292317	-0.1175871	13951
5.61832021	-0.413368293	13952
5.58520082	-0.692978602	13953
5.5342595	-0.968161968	13954
5.46630671	-1.23699338	13955
5.38259738	-1.49778729	13956
5.28454483	-1.74924015	13957
5.17360834	-1.99027271	13958
5.05130237	-2.22015156	13959
4.91911059	-2.43845532	13960
4.7784374	-2.64498285	13961
4.63053877	-2.83967524	13962
4.47652127	-3.02264505	13963
4.31734514	-3.1941353	13964
4.15385945	-3.3544586	13965
3.98682224	-3.50394056	13966
3.81692686	-3.64288933	13967
3.64462709	-3.77177917	13968
3.47036938	-3.89099797	13969
3.29453194	-4.00092206	13970
3.11743397	-4.10190726	13971
2.93934276	-4.19429104	13972
2.7604799	-4.27838985	13973
2.58102979	-4.35449677	13974
2.40114483	-4.42287982	13975
2.22094979	-4.48378266	13976
2.0405457	-4.53742466	13977
1.86001328	-4.58400132	13978
1.67941562	-4.62368444	13979
1.4988016	-4.65662429	13980
1.31820703	-4.68294817	13981
1.13765568	-4.70276262	13982
0.957161128	-4.71615249	13983
0.776728308	-4.72318489	13984
0.596351228	-4.72390611	13985
0.416016103	-4.71834049	13986
0.235697598	-4.70649425	13987
0.0553582828	-4.6883488	13988
-0.125049715	-4.66386247	13989
-0.305576976	-4.63296702	13990
-0.486268082	-4.5955702	13991
-0.667214647	-4.55153547	13992
-0.848557372	-4.50065245	13993
-1.03042005	-4.44272418	13994
-1.21296973	-4.37758542	13995
-1.39636855	-4.30492243	13996
-1.58071577	-4.22431792	13997
-1.76613346	-4.13524323	13998
-1.95274655	-4.03704818	13999
-2.14063695	-3.92895326	14000
-2.329817	-3.81002314	14001
-2.52032416	-3.67901394	14002
-2.71192193	-3.53457598	14003
-2.90395023	-3.37541254	14004
-3.09557296	-3.19997823	14005
-3.28554204	-3.00668733	14006
-3.47211512	-2.79402485	14007
-3.65298941	-2.56068032	14008
-3.82526751	-2.30570646	14009
-3.98546893	-2.02867189	14010
-4.1296202	-1.72984647	14011
-4.2534646	-1.41046626	14012
-4.35297749	-1.07302955	14013
-4.42517811	-0.721041008	14014
-4.46811649	-0.358786105	14015
-4.48039707	0.00866428214	14016
-4.46155716	0.375562904	14017
-4.41240107	0.736769481	14018
-4.33470811	1.08819517	14019
-4.23106729	1.42631306	14020
-4.10452989	1.74834137	14021
-3.95831918	2.05229213	14022
-3.79563169	2.33691131	14023
-3.61950064	2.60157753	14024
-3.43270822	2.84619011	14025
-3.23773633	3.07105424	14026
-3.03674591	3.27678377	14027
-2.83157138	3.46420944	14028
-2.62373512	3.6343003	14029
-2.4144671	3.78810702	14030
-2.20473028	3.92670569	14031
-1.99525252	4.05116232	14032
-1.78657507	4.16248579	14033
-1.57920573	4.26153759	14034
-1.37314012	4.34933959	14035
-1.16843513	4.42667599	14036
-0.965055774	4.49424162	14037
-0.762992237	4.55264367	14038
-0.562173799	4.602495	14039
-0.362475918	4.64419379	14040
-0.163832105	4.67801329	14041
0.0338480114	4.70417964	14042
0.230676907	4.72286953	14043
0.426751238	4.73420818	14044
0.622143471	4.73827417	14045
0.816902718	4.73510798	14046
1.01105976	4.72471951	14047
1.20462568	4.70708846	14048
1.39759149	4.68217044	14049
1.58993034	4.64989746	14050
1.78159464	4.61017946	14051
1.9725166	4.56290736	14052
2.1626072	4.50795272	14053
2.35175488	4.44516872	14054
2.53982411	4.37439006	14055
2.72665324	4.29543544	14056
2.91205247	4.20810773	14057
3.09580057	4.11219522	14058
3.27764074	4.00747305	14059
3.45727854	3.89370658	14060
3.63437656	3.7706518	14061
3.80855036	3.6380614	14062
3.97936184	3.49568943	14063
4.14632351	3.34328793	14064
4.30891681	3.18057525	14065
4.46646167	3.00740282	14066
4.6182525	2.82361289	14067
4.76349948	2.62910271	14068
4.90132805	2.42383143	14069
5.0307861	2.20783463	14070
5.1508491	1.98125679	14071
5.26040458	1.74440943	14072
5.35826531	1.4977983	14073
5.44317206	1.24209953	14074
5.51387436	0.978223135	14075
5.56919517	0.70735341	14076
5.60808595	0.430965703	14077
5.62962848	0.150735775	14078
5.63313718	-0.131409781	14079
6.18250657	-0.455708328	14080
6.14692107	-0.762617173	14081
6.09227709	-1.06488779	14082
6.01939727	-1.36054515	14083
5.92954791	-1.64785059	14084
5.82415573	-1.92544242	14085
5.70469909	-2.19217962	14086
5.57271373	-2.44726953	14087
5.42970795	-2.69023178	14088
5.27711662	-2.92080646	14089
5.11622927	-3.1388807	14090
4.94818809	-3.34451749	14091
4.77399277	-3.53791214	14092
4.5945358	-3.7193312	14093
4.41060292	-3.88907723	14094
4.22294969	-4.04739861	14095
4.03208532	-4.19472869	14096
3.838496	-4.33143321	14097
3.6426078	-4.45786112	14098
3.44478742	-4.57434375	14099
3.24534902	-4.68119703	14100
3.04456042	-4.77871826	14101
2.84265173	-4.86718346	14102
2.63982024	-4.94684537	14103
2.43623491	-5.01793403	14104
2.23204029	-5.08065646	14105
2.02736002	-5.13519695	14106
1.82229958	-5.18171695	14107
1.61694984	-5.22035723	14108
1.41138834	-5.25123609	14109
1.20568043	-5.27445168	14110
0.999881208	-5.29008075	14111
0.794037425	-5.29818275	14112
0.588185399	-5.29879656	14113
0.382354243	-5.29193952	14114
0.176562078	-5.27761108	14115
-0.0291847016	-5.25578617	14116
-0.234890359	-5.22641689	14117
-0.440561325	-5.18942912	14118
-0.646193461	-5.14472553	14119
-0.85182478	-5.09216592	14120
-1.05754462	-5.0315372	14121
-1.26342852	-4.96263795	14122
-1.4695918	-4.8852978	14123
-1.67613972	-4.79920178	14124
-1.88311331	-4.70393355	14125
-2.09057406	-4.5989667	14126
-2.2985804	-4.48365891	14127
-2.50714323	-4.35724456	14128
-2.71620251	-4.21880654	14129
-2.92576263	-4.0670788	14130
-3.13541652	-3.90083795	14131
-3.34449955	-3.71875516	14132
-3.5521141	-3.5193065	14133
-3.75695231	-3.30092765	14134
-3.95721191	-3.06212805	14135
-4.15052819	-2.80162988	14136
-4.33393929	-2.51853172	14137
-4.50390007	-2.21246298	14138
-4.65637772	-1.88376482	14139
-4.78706357	-1.53374844	14140
-4.89187999	-1.16499228	14141
-4.96778853	-0.78109108	14142
-5.01277861	-0.386450346	14143
-5.02540295	0.0136759755	14144
-5.0051721	0.413344998	14145
-4.95286875	0.807258772	14146
-4.87026437	1.19116644	14147
-4.75996716	1.56136201	14148
-4.62506858	1.91488752	14149
-4.46885113	2.24959219	14150
-4.2945875	2.56407787	14151
-4.10539981	2.85760093	14152
-3.90416693	3.12996162	14153
-3.6934703	3.38138879	14154
-3.47556898	3.6124408	14155
-3.25239108	3.82391099	14156
-3.02554606	4.0167455	14157
-2.79634345	4.19198319	14158
-2.56581834	4.35069584	14159
-2.3347642	4.4939496	14160
-2.10376219	4.62276953	14161
-1.87337657	4.73801377	14162
-1.64371932	4.84066997	14163
-1.41487313	4.93154415	14164
-1.18685853	5.01133211	14165
-0.959721718	5.08063999	14166
-0.733453151	5.14007698	14167
-0.507992425	5.19004039	14168
-0.283332485	5.23080608	14169
-0.0594351837	5.26260472	14170
0.163760478	5.28561821	14171
0.386298252	5.29997771	14172
0.608197957	5.30576835	14173
0.829457275	5.30303797	14174
1.05005676	5.29180459	14175
1.26995818	5.27205678	14176
1.48910376	5.24375961	14177
1.70741819	5.20685523	14178
1.92480564	5.16126442	14179
2.14115025	5.10688971	14180
2.35631498	5.04361511	14181
2.57014009	4.97130721	14182
2.78244167	4.88981528	14183
2.99300927	4.79897389	14184
3.20160373	4.69860337	14185
3.40795393	4.58851132	14186
3.61175258	4.46849427	14187
3.81265423	4.33834142	14188
4.01026996	4.19783535	14189
4.2041637	4.04675844	14190
4.39384541	3.8848979	14191
4.57879583	3.71201926	14192
4.75839609	3.5279381	14193
4.93194569	3.33252032	14194
5.09869116	3.1256579	14195
5.25779633	2.90730333	14196
5.40834252	2.67747712	14197
5.54933724	2.43628105	14198
5.67972098	2.18392884	14199
5.79835192	1.92080442	14200
5.90401844	1.647491	14201
5.99544329	1.3647468	14202
6.0713656	1.07356459	14203
6.13060442	0.775211011	14204
6.1721131	0.47124304	14205
6.19498222	0.163411298	14206
6.19853939	-0.14629274	14207
6.81560392	-0.502209809	14208
6.7773376	-0.83946574	14209
6.71865121	-1.17186461	14210
6.64037808	-1.49737995	14211
6.54379359	-1.81421794	14212
6.43033506	-2.12095584	14213
6.30149726	-2.41638698	14214
6.15883451	-2.69965445	14215
6.00387746	-2.97021268	14216
5.83808984	-3.22773603	14217
5.6627939	-3.47205	14218
5.47916766	-3.70315956	14219
5.28825139	-3.92120345	14220
5.09098312	-4.12639321	14221
4.88819666	-4.31898036	14222
4.68066537	-4.49919858	14223
4.46900055	-4.66738378	14224
4.25371989	-4.82388619	14225
4.03530236	-4.96901988	14226
3.8141676	-5.10308475	14227
3.59068246	-5.22636859	14228
3.36516717	-5.33914331	14229
3.13790401	-5.44166211	14230
2.90914194	-5.53415709	14231
2.67910112	-5.61683961	14232
2.44797683	-5.68989979	14233
2.2159431	-5.7535065	14234
1.98315543	-5.80780695	14235
1.74975451	-5.852929	14236
1.51586752	-5.88897882	14237
1.28160956	-5.91604346	14238
1.04708551	-5.93418919	14239
0.812392335	-5.9434658	14240
0.577617252	-5.94390312	14241
0.342841062	-5.93551025	14242
0.108134362	-5.91827901	14243
-0.126443433	-5.8921775	14244
-0.360843795	-5.85715155	14245
-0.595020105	-5.81312161	14246
-0.828910771	-5.75998597	14247
-1.06249095	-5.69760193	14248
-1.29578868	-5.62575561	14249
-1.52882121	-5.54424354	14250
-1.76164237	-5.45289289	14251
-1.9942913	-5.35139063	14252
-2.22674174	-5.23932513	14253
-2.45898489	-5.11617679	14254
-2.69100249	-4.9813171	14255
-2.92272386	-4.83400174	14256
-3.15400567	-4.67334105	14257
-3.38480617	-4.49805914	14258
-3.61454107	-4.3070724	14259
-3.84252917	-4.09903597	14260
-4.06780362	-3.87246491	14261
-4.2889922	-3.62583402	14262
-4.5042318	-3.35769395	14263
-4.71109866	-3.06681418	14264
-4.90657259	-2.75235127	14265
-5.08705248	-2.41400493	14266
-5.2484566	-2.05219443	14267
-5.3864356	-1.66831017	14268
-5.49686936	-1.26501257	14269
-5.57667037	-0.845986419	14270
-5.62377405	-0.415754874	14271
-5.63668594	0.0202504292	14272
-5.61489124	0.455897747	14273
-5.55914741	0.8857355	14274
-5.47121215	1.30535029	14275
-5.35370646	1.71085377	14276
-5.20975452	2.09910735	14277
-5.04268994	2.46779175	14278
-4.85585355	2.81535759	14279
-4.65244899	3.14093031	14280
-4.43544563	3.44420106	14281
-4.2075196	3.72531109	14282
-3.97102517	3.98475095	14283
-3.72798318	4.22326343	14284
-3.48009143	4.44175812	14285
-3.22874254	4.64124809	14286
-2.97504949	4.82278695	14287
-2.7198793	4.98742748	14288
-2.46388354	5.13618405	14289
-2.20763326	5.26994302	14290
-1.95142805	5.3896042	14291
-1.6953711	5.49600039	14292
-1.43955234	5.58982109	14293
-1.18408714	5.67166586	14294
-0.929039341	5.74213608	14295
-0.67442391	5.80162558	14296
-0.420303534	5.85041126	14297
-0.166702532	5.88872716	14298
0.0863780638	5.91675982	14299
0.338918608	5.93464624	14300
0.590876086	5.94247868	14301
0.842186829	5.94031334	14302
1.09277139	5.92817781	14303
1.34253257	5.90607153	14304
1.59135433	5.87397142	14305
1.83910367	5.83183264	14306
2.0856275	5.77959006	14307
2.33075322	5.71716155	14308
2.57428723	5.64444764	14309
2.81601342	5.5613329	14310
3.05569149	5.46768603	14311
3.29305447	5.36336291	14312
3.52780643	5.24820704	14313
3.75961928	5.12205159	14314
3.98812851	4.98472103	14315
4.21293134	4.83603548	14316
4.43358146	4.67581148	14317
4.64958575	4.50386893	14318
4.86039861	4.32003497	14319
5.06545473	4.12410824	14320
5.26404804	3.91599223	14321
5.45544662	3.69558435	14322
5.63884689	3.46283526	14323
5.81336478	3.21776168	14324
5.97803671	2.96045438	14325
6.13182962	2.69109034	14326
6.27364969	2.40996117	14327
6.40232719	2.11753123	14328
6.51662829	1.81446829	14329
6.61526042	1.501619	14330
6.69695538	1.18006428	14331
6.76053133	0.851157494	14332
6.80494645	0.516540522	14333
6.82930265	0.178041333	14334
6.8329428	-0.162282044	14335
7.52602356	-0.553311125	14336
7.48483595	-0.924353223	14337
7.42172443	-1.29031116	14338
7.33753145	-1.64910497	14339
7.23353908	-1.99888287	14340
7.11119238	-2.33815738	14341
6.97199975	-2.66565154	14342
6.81753141	-2.98043829	14343
6.64933814	-3.28189981	14344
6.46891099	-3.56963678	14345
6.27760435	-3.8434045	14346
6.0766324	-4.10314062	14347
5.8670775	-4.34891745	14348
5.64992553	-4.5808819	14349
5.42606137	-4.79922495	14350
5.19628538	-5.00415132	14351
4.96130479	-5.19590094	14352
4.72167867	-5.37479469	14353
4.47794449	-5.54110359	14354
4.23058082	-5.69508823	14355
3.98001365	-5.83700093	14356
3.72662248	-5.96708123	14357
3.47074901	-6.08555299	14358
3.21270145	-6.19262153	14359
2.95275898	-6.28847392	14360
2.69117583	-6.37327812	14361
2.42818482	-6.44718274	14362
2.16400013	-6.51031642	14363
1.89882111	-6.56279018	14364
1.63283369	-6.6046945	14365
1.36621195	-6.63610226	14366
1.09911998	-6.6570666	14367
0.831714604	-6.66762542	14368
0.56414373	-6.66779773	14369
0.296549875	-6.65758308	14370
0.0290663852	-6.6369648	14371
-0.23818382	-6.60590382	14372
-0.505088914	-6.56433997	14373
-0.771538994	-6.51218897	14374
-1.03740499	-6.44934574	14375
-1.30258875	-6.37566669	14376
-1.56704592	-6.29093958	14377
-1.83072421	-6.19496192	14378
-2.09360496	-6.08756179	14379
-2.35565077	-5.9684321	14380
-2.61675789	-5.83717059	14381
-2.87683671	-5.69326995	14382
-3.13578149	-5.53612218	14383
-3.39342901	-5.36501238	14384
-3.64956632	-5.17906364	14385
-3.90401666	-4.97707803	14386
-4.15608821	-4.75804947	14387
-4.40504476	-4.52065994	14388
-4.64984183	-4.26348235	14389
-4.88903741	-3.9850502	14390
-5.12070588	-3.68397428	14391
-5.34236677	-3.35908845	14392
-5.55094757	-3.00962176	14393
-5.74280007	-2.63535578	14394
-5.91380471	-2.23679647	14395
-6.05958383	-1.81541882	14396
-6.17598646	-1.37396772	14397
-6.25988574	-0.916218068	14398
-6.30917065	-0.44680772	14399
-6.32230461	0.0286603853	14400
-6.29874931	0.503873507	14401
-6.2392331	0.973231228	14402
-6.14549354	1.43215744	14403
-6.02015745	1.87657845	14404
-5.86637351	2.30317062	14405
-5.68751746	2.70944028	14406
-5.48698937	3.09367916	14407
-5.26806633	3.45487232	14408
-5.03380131	3.79259062	14409
-4.78696008	4.10687498	14410
-4.52998902	4.39813417	14411
-4.26500096	4.66704549	14412
-3.99378372	4.91446647	14413
-3.71781726	5.14136857	14414
-3.43829913	5.34877159	14415
-3.15617872	5.53769991	14416
-2.87218883	5.70914314	14417
-2.58692215	5.86400278	14418
-2.30087306	6.00308101	14419
-2.01418278	6.12722631	14420
-1.72702514	6.23711397	14421
-1.43959867	6.33333073	14422
-1.15205363	6.4164654	14423
-0.864492527	6.48690517	14424
-0.577059304	6.54492581	14425
-0.28985235	6.59076304	14426
-0.00294669806	6.62460698	14427
0.283562676	6.64660018	14428
0.569558288	6.65684231	14429
0.854903726	6.65539883	14430
1.13944831	6.64230845	14431
1.42302481	6.61758354	14432
1.70544809	6.5812155	14433
1.98651692	6.53317565	14434
2.26601072	6.47341665	14435
2.54369017	6.40187584	14436
2.81929549	6.31847491	14437
3.09254482	6.22312151	14438
3.36313239	6.11570942	14439
3.63072601	5.99612188	14440
3.89496458	5.86423217	14441
4.15545509	5.71990604	14442
4.41176825	5.56300338	14443
4.66343694	5.39338317	14444
4.90995088	5.21090422	14445
5.15075393	5.01543272	14446
5.38525394	4.80682928	14447
5.61278548	4.58498891	14448
5.83260737	4.3498517	14449
6.04393184	4.10137896	14450
6.24590268	3.83958995	14451
6.43758627	3.56457544	14452
6.61797316	3.27650628	14453
6.78598953	2.9756444	14454
6.9405078	2.66236877	14455
7.08033183	2.33723294	14456
7.20420776	2.0009971	14457
7.31083047	1.65460324	14458
7.39892756	1.29922648	14459
7.46731947	0.93631171	14460
7.51497208	0.56758953	14461
7.54100131	0.194968207	14462
7.54476741	-0.179425478	14463
8.32320296	-0.609503795	14464
8.27882445	-1.01821261	14465
8.21085644	-1.42160095	14466
8.1201489	-1.81753239	14467
8.00798806	-2.20409355	14468
7.87582382	-2.57972759	14469
7.7251754	-2.94308167	14470
7.55762631	-3.29315178	14471
7.37474525	-3.62923973	14472
7.1780493	-3.95086363	14473
6.96892453	-4.25769901	14474
6.7486219	-4.54960587	14475
6.51826767	-4.82657941	14476
6.27889819	-5.08869128	14477
6.03145272	-5.33606171	14478
5.77676917	-5.56885007	14479
5.51564227	-5.7872041	14480
5.2486857	-5.99139757	14481
4.97650055	-6.18165033	14482
4.69963099	-6.35817501	14483
4.41856932	-6.52118017	14484
4.13376197	-6.67086518	14485
3.84561811	-6.80741717	14486
3.55451371	-6.93100782	14487
3.26079585	-7.04179347	14488
2.96478687	-7.13991398	14489
2.66678791	-7.22549228	14490
2.36708161	-7.29863344	14491
2.06593608	-7.35942717	14492
1.76360628	-7.40794431	14493
1.4603358	-7.4442401	14494
1.1563587	-7.46835154	14495
0.851902615	-7.48030223	14496
0.547187329	-7.48009838	14497
0.242428478	-7.4677286	14498
-0.0621661674	-7.44316695	14499
-0.366398283	-7.40636696	14500
-0.670080783	-7.35726287	14501
-0.973028765	-7.29576667	14502
-1.27503422	-7.22177145	14503
-1.5759139	-7.13513473	14504
-1.87553866	-7.03564892	14505
-2.17377409	-6.92311622	14506
-2.47051664	-6.7973698	14507
-2.76564063	-6.65811343	14508
-3.05895337	-6.50495991	14509
-3.35027287	-6.33742076	14510
-3.63939433	-6.15491625	14511
-3.92605056	-5.95676983	14512
-4.20997311	-5.7421015	14513
-4.49075771	-5.50988675	14514
-4.7676787	-5.25912712	14515
-5.03990429	-4.98857839	14516
-5.30630335	-4.69689139	14517
-5.56535793	-4.38267959	14518
-5.81507756	-4.04463493	14519
-6.05292683	-3.68167518	14520
-6.27578671	-3.2931188	14521
-6.47997096	-2.87884314	14522
-6.66133391	-2.43945144	14523
-6.81548296	-1.97651024	14524
-6.93824904	-1.49285236	14525
-7.02647683	-0.992343151	14526
-7.07801729	-0.479731845	14527
-7.09129745	0.0392146075	14528
-7.06575765	0.558011333	14529
-7.0020931	1.07091454	14530
-6.90201433	1.57318562	14531
-6.7681464	2.06056264	14532
-6.60365345	2.52953257	14533
-6.41194352	2.97742113	14534
-6.1964662	3.40235287	14535
-5.96056314	3.80316198	14536
-5.7073636	4.1792865	14537
-5.43971754	4.53065271	14538
-5.16016037	4.85757183	14539
-4.87089642	5.16063888	14540
-4.57380578	5.44064175	14541
-4.27046066	5.69849266	14542
-3.96215071	5.93516021	14543
-3.64991758	6.15162375	14544
-3.33458695	6.34883279	14545
-3.01681286	6.52767388	14546
-2.69722213	6.68888729	14547
-2.37608143	6.83327985	14548
-2.05364122	6.96151869	14549
-1.73019799	7.07417074	14550
-1.40600246	7.17180671	14551
-1.08125805	7.25480323	14552
-0.756202842	7.32343211	14553
-0.431022451	7.37792845	14554
-0.105879482	7.41848441	14555
0.219042228	7.4452474	14556
0.543537482	7.45832459	14557
0.867384119	7.45779156	14558
1.1903474	7.44369961	14559
1.51217743	7.41607627	14560
1.83260767	7.37493028	14561
2.15135665	7.32025261	14562
2.46812467	7.25201778	14563
2.78259438	7.17018726	14564
3.09442888	7.07470914	14565
3.40326987	6.96551991	14566
3.70873589	6.84254481	14567
4.01041964	6.7057013	14568
4.30788544	6.55489987	14569
4.60066638	6.39004681	14570
4.88825999	6.21104588	14571
5.17012689	6.01780379	14572
5.44568557	5.81023103	14573
5.71431067	5.58824939	14574
5.97534966	5.35177137	14575
6.22804686	5.10078356	14576
6.47161391	4.83528059	14577
6.7052035	4.55529855	14578
6.92790401	4.26093621	14579
7.13873036	3.9523692	14580
7.33662617	3.62985916	14581
7.52047649	3.29376361	14582
7.68912051	2.94455925	14583
7.8413371	2.58289841	14584
7.97585458	2.2096423	14585
8.09135806	1.82583599	14586
8.18657412	1.43275545	14587
8.26032872	1.0319426	14588
8.31159837	0.625221113	14589
8.33951568	0.214583136	14590
8.34346036	-0.197772914	14591
9.21773099	-0.671338909	14592
9.16985911	-1.12209343	14593
9.09654834	-1.56728067	14594
8.99865447	-2.0047038	14595
8.87746538	-2.43238311	14596
8.73443277	-2.84868672	14597
8.57108399	-3.25217932	14598
8.38901325	-3.64177202	14599
8.18980506	-4.01667705	14600
7.9750014	-4.37631999	14601
7.74601984	-4.72028594	14602
7.50414906	-5.0483459	14603
7.25056127	-5.3604063	14604
6.98634633	-5.65645198	14605
6.71250155	-5.93652119	14606
6.42992624	-6.20069711	14607
6.13945605	-6.44907847	14608
5.84181193	-6.68183279	14609
5.53765141	-6.89913316	14610
5.22759161	-7.10113459	14611
4.91219914	-7.28799262	14612
4.59199586	-7.4598577	14613
4.26746753	-7.61687196	14614
3.93906733	-7.75916565	14615
3.60722025	-7.88685714	14616
3.27232709	-8.00005147	14617
2.93476804	-8.09883973	14618
2.59490531	-8.18329779	14619
2.25308716	-8.25348903	14620
1.90964926	-8.30946014	14621
1.56491668	-8.35124483	14622
1.21920571	-8.37886066	14623
0.87282721	-8.39231418	14624
0.526085575	-8.39159674	14625
0.179282508	-8.37668458	14626
-0.167286569	-8.34754163	14627
-0.513334451	-8.30411397	14628
-0.858585222	-8.24633091	14629
-1.20276565	-8.17410211	14630
-1.54557572	-8.08732074	14631
-1.8867338	-7.98584801	14632
-2.22601212	-7.86948462	14633
-2.56318002	-7.73804196	14634
-2.89803523	-7.59136332	14635
-3.23035049	-7.42916928	14636
-3.55983136	-7.25109458	14637
-3.88619067	-7.05667735	14638
-4.20911206	-6.84537498	14639
-4.5282122	-6.61655941	14640
-4.84315018	-6.36936275	14641
-5.15329252	-6.10294091	14642
-5.45786277	-5.81632207	14643
-5.75592245	-5.50835462	14644
-6.0462443	-5.17778857	14645
-6.32722772	-4.82334015	14646
-6.59681432	-4.44380555	14647
-6.85241508	-4.03820829	14648
-7.09086996	-3.60597567	14649
-7.30846395	-3.14709722	14650
-7.50103755	-2.66228634	14651
-7.66419753	-2.1532099	14652
-7.7937707	-1.62279338	14653
-7.88658517	-1.07499349	14654
-7.94046324	-0.514667328	14655
-7.95380201	0.052262155	14656
-7.926023	0.619147692	14657
-7.857784	1.18010818	14658
-7.75076109	1.73024291	14659
-7.60756943	2.26509905	14660
-7.43137878	2.78096963	14661
-7.2256187	3.27499316	14662
-6.99377775	3.74511791	14663
-6.73925259	4.1900155	14664
-6.46524092	4.60897712	14665
-6.17467126	5.00179838	14666
-5.87016504	5.36867524	14667
-5.55401789	5.71010156	14668
-5.22820494	6.02677614	14669
-4.89439635	6.31953234	14670
-4.55398225	6.58926842	14671
-4.20810729	6.83690053	14672
-3.85770276	7.06332124	14673
-3.50353154	7.26936562	14674
-3.14627182	7.45576181	14675
-2.78642252	7.6232025	14676
-2.42429852	7.77235621	14677
-2.06031019	7.90376212	14678
-1.69482386	8.0179664	14679
-1.32815865	8.11533037	14680
-0.960661276	8.19611824	14681
-0.592619457	8.26056152	14682
-0.224298725	8.30885231	14683
0.144012917	8.34114182	14684
0.512007545	8.35754458	14685
0.879362472	8.35814695	14686
1.24574431	8.34301437	14687
1.6108062	8.31219187	14688
1.97418622	8.26570865	14689
2.33550903	8.20357915	14690
2.69438263	8.12580429	14691
3.0503988	8.03237485	14692
3.40313105	7.92327121	14693
3.75213265	7.7984652	14694
4.09693482	7.65792064	14695
4.43704399	7.50159704	14696
4.77193931	7.32945043	14697
5.10106993	7.1414366	14698
5.42385074	6.93751264	14699
5.7396613	6.71764303	14700
6.04784074	6.48180036	14701
6.34769619	6.22996397	14702
6.63847463	5.96214318	14703
6.9193648	5.67838722	14704
7.18951022	5.37877273	14705
7.44799989	5.06342261	14706
7.69386367	4.73252717	14707
7.92606284	4.38635873	14708
8.14349281	4.0252815	14709
8.34499701	3.64976017	14710
8.52938179	3.26038047	14711
8.69540237	2.85790406	14712
8.84177143	2.4433027	14713
8.96716709	2.01773307	14714
9.07031814	1.58257948	14715
9.15005929	1.13948712	14716
9.2053807	0.690377809	14717
9.23543427	0.237331959	14718
9.23962134	-0.217376683	14719
10.2214884	-0.739434221	14720
10.1697837	-1.23717559	14721
10.090582	-1.72909076	14722
9.98474314	-2.21291737	14723
9.8535541	-2.68660342	14724
9.69846539	-3.14843511	14725
9.52100978	-3.59688683	14726
9.32278967	-4.0307757	14727
9.10540351	-4.44921399	14728
8.87041718	-4.85152355	14729
8.61927987	-5.23718729	14730
8.35331922	-5.60587472	14731
8.07375584	-5.95739071	14732
7.78173646	-6.29162073	14733
7.47832063	-6.60850873	14734
7.16447403	-6.9080496	14735
6.84108509	-7.19027578	14736
6.50897789	-7.45524743	14737
6.16887896	-7.70307459	14738
5.82148663	-7.93384383	14739
5.46745069	-8.14764741	14740
5.107378	-8.344577	14741
4.74184105	-8.52472045	14742
4.37138095	-8.68815782	14743
3.99651177	-8.83496133	14744
3.61772447	-8.96519367	14745
3.23549043	-9.0789071	14746
2.85026394	-9.17614199	14747
2.4624863	-9.25692968	14748
2.07258715	-9.32128769	14749
1.68098663	-9.36922384	14750
1.2880971	-9.40073256	14751
0.894326845	-9.41580038	14752
0.500079251	-9.41440153	14753
0.105756782	-9.39649834	14754
-0.28824253	-9.36204389	14755
-0.681527372	-9.31097688	14756
-1.07371766	-9.2432226	14757
-1.46443669	-9.15869019	14758
-1.85327764	-9.05727533	14759
-2.2398455	-8.93884612	14760
-2.62379837	-8.80321593	14761
-3.0047937	-8.65021065	14762
-3.38251486	-8.47968968	14763
-3.75661814	-8.29139753	14764
-4.12669299	-8.08499908	14765
-4.49233285	-7.86006817	14766
-4.85309619	-7.61610959	14767
-5.20847556	-7.35255041	14768
-5.55802407	-7.06856653	14769
-5.90089356	-6.763486	14770
-6.23623368	-6.43638935	14771
-6.56298782	-6.08623739	14772
-6.87982271	-5.71190175	14773
-7.18504779	-5.31222571	14774
-7.47653323	-4.88613468	14775
-7.75163723	-4.43278207	14776
-8.00716408	-3.95172602	14777
-8.23937929	-3.4430872	14778
-8.4441224	-2.90770451	14779
-8.61701483	-2.34735608	14780
-8.7538943	-1.76506629	14781
-8.85158543	-1.16488496	14782
-8.90789213	-0.551773674	14783
-8.92118863	0.0681971906	14784
-8.89088065	0.688228387	14785
-8.81758406	1.30230797	14786
-8.70293257	1.90537375	14787
-8.54952259	2.49277928	14788
-8.36051888	3.06061894	14789
-8.13936085	3.60583685	14790
-7.88956462	4.12619485	14791
-7.61457165	4.620189	14792
-7.31763982	5.08694795	14793
-7.00177041	5.52611862	14794
-6.66966793	5.93776202	14795
-6.32371952	6.32224986	14796
-5.96599868	6.68017034	14797
-5.59827993	7.0122564	14798
-5.22206317	7.31931502	14799
-4.83860776	7.60217931	14800
-4.44896417	7.86166668	14801
-4.05401919	8.09854436	14802
-3.6545261	8.31351009	14803
-3.25121411	8.50713955	14804
-2.84449322	8.6800843	14805
-2.43490226	8.83284825	14806
-2.0229398	8.96594549	14807
-1.60905698	9.07971634	14808
-1.19372548	9.17441287	14809
-0.777351965	9.25025926	14810
-0.360322189	9.30744485	14811
0.0569544222	9.34612316	14812
0.474050249	9.36641565	14813
0.890525354	9.36842002	14814
1.30593121	9.35221736	14815
1.71980777	9.31787269	14816
2.13168191	9.265439	14817
2.54106907	9.19495845	14818
2.94746994	9.10646334	14819
3.35037091	8.99997957	14820
3.74924182	8.87552636	14821
4.14353389	8.73311819	14822
4.5326779	8.57276551	14823
4.91608152	8.39447856	14824
5.29312671	8.19826837	14825
5.66316746	7.98415023	14826
6.0255254	7.7521452	14827
6.3794892	7.50228668	14828
6.72431092	7.23461984	14829
7.05921142	6.94920375	14830
7.38334753	6.64614054	14831
7.69583751	6.32556241	14832
7.99575116	5.98764112	14833
8.2821092	5.63259959	14834
8.55387943	5.26073289	14835
8.809967	4.87242312	14836
9.04921754	4.46814989	14837
9.27043218	4.04849775	14838
9.47238465	3.61417381	14839
9.6538078	3.16606068	14840
9.81340069	2.70525119	14841
9.94983727	2.23302315	14842
10.0618517	1.75087764	14843
10.1482908	1.26057023	14844
10.2081613	0.764126896	14845
10.240637	0.263721587	14846
10.2451432	-0.238291904	14847
11.3478054	-0.814481971	14848
11.2918869	-1.36478473	14849
11.2061764	-1.90898826	14850
11.0915361	-2.44475815	14851
10.9492494	-2.96996277	14852
10.7807626	-3.48279818	14853
10.5876113	-3.98163926	14854
10.3714039	-4.46519872	14855
10.1337507	-4.9324771	14856
9.87624105	-5.38268009	14857
9.60035603	-5.81517533	14858
9.30746388	-6.22951713	14859
8.99883643	-6.62539482	14860
8.67568113	-7.00258075	14861
8.33912444	-7.36091106	14862
7.99020406	-7.700279	14863
7.62987709	-8.02062878	14864
7.25905678	-8.32192117	14865
6.87856317	-8.60417506	14866
6.48918115	-8.86740022	14867
6.09165365	-9.1116141	14868
5.68668326	-9.33683857	14869
5.27494056	-9.5430968	14870
4.8570666	-9.73040883	14871
4.43367716	-9.89879158	14872
4.00536652	-10.0482568	14873
3.57271094	-10.1788102	14874
3.13627092	-10.2904495	14875
2.69659542	-10.3831676	14876
2.25422304	-10.4569472	14877
1.80968433	-10.5117654	14878
1.36350346	-10.5475894	14879
0.916202188	-10.5643824	14880
0.468299216	-10.5620992	14881
0.0203143752	-10.5406866	14882
-0.427234788	-10.5000862	14883
-0.873835692	-10.4402294	14884
-1.31898678	-10.3610389	14885
-1.76219074	-10.2624254	14886
-2.20291719	-10.1442903	14887
-2.64064083	-10.0065124	14888
-3.07488842	-9.84892287	14889
-3.50518793	-9.6713684	14890
-3.93109103	-9.47373154	14891
-4.35212081	-9.25578914	14892
-4.76773453	-9.0172458	14893
-5.17739053	-8.75772172	14894
-5.58050711	-8.47678095	14895
-5.9764842	-8.17387568	14896
-6.36461248	-7.84837421	14897
-6.74396585	-7.49965312	14898
-7.11355536	-7.12691141	14899
-7.47219441	-6.72924328	14900
-7.81843349	-6.30566555	14901
-8.15048442	-5.85517435	14902
-8.46614187	-5.37685112	14903
-8.76271174	-4.87000558	14904
-9.03696775	-4.3343512	14905
-9.28516544	-3.77016141	14906
-9.5031567	-3.17841856	14907
-9.68659385	-2.56102537	14908
-9.83134172	-1.92111317	14909
-9.93423554	-1.26282778	14910
-9.99307202	-0.591232238	14911
-10.0062103	0.0874644122	14912
-9.97304387	0.766321839	14913
-9.89414182	1.43920398	14914
-9.77108705	2.10088777	14915
-9.60644777	2.74653031	14916
-9.40337223	3.3720223	14917
-9.16529714	3.97410553	14918
-8.89575393	4.55034413	14919
-8.59821804	5.09904402	14920
-8.27599886	5.61915375	14921
-7.93216455	6.11015157	14922
-7.56949989	6.57194157	14923
-7.19048412	7.00475026	14924
-6.79729308	7.40903154	14925
-6.39181283	7.7853944	14926
-5.97566314	8.13453173	14927
-5.55023068	8.45717209	14928
-5.11669978	8.75403794	14929
-4.67609717	9.02581085	14930
-4.22932199	9.27311069	14931
-3.777196	9.49647493	14932
-3.32039218	9.69643643	14933
-2.85954885	9.87348218	14934
-2.39531497	10.0280855	14935
-1.92829193	10.1605588	14936
-1.45909471	10.2711366	14937
-0.988267862	10.3600311	14938
-0.51633684	10.4274255	14939
-0.0438518921	10.4734738	14940
0.428620549	10.4983035	14941
0.900504423	10.502024	14942
1.37121743	10.4847336	14943
1.84016807	10.4465199	14944
2.30675415	10.3874634	14945
2.77036447	10.3076385	14946
3.23037552	10.2071144	14947
3.68615187	10.0859586	14948
4.13704376	9.9442365	14949
4.58238498	9.78201332	14950
5.02149109	9.59935516	14951
5.45365687	9.3963328	14952
5.87815372	9.17302275	14953
6.29422774	8.92951106	14954
6.70109544	8.66589461	14955
7.09794361	8.38228823	14956
7.48392807	8.07882174	14957
7.8581654	7.75565592	14958
8.21972951	7.4129851	14959
8.56765338	7.0510454	14960
8.90092685	6.67011811	14961
9.21849721	6.27054079	14962
9.51926616	5.85272783	14963
9.80207979	5.41718549	14964
10.0657321	4.96452289	14965
10.3089809	4.49545834	14966
10.5305675	4.01083388	14967
10.7292033	3.51166583	14968
10.9035757	2.9991798	14969
11.0523573	2.47478533	14970
11.1742909	1.94010982	14971
11.2682385	1.39702742	14972
11.3332262	0.847675277	14973
11.3684529	0.294327309	14974
11.3733695	-0.26057675	14975
12.6116388	-0.897257528	14976
12.551079	-1.50640927	14977
12.4581634	-2.10917223	14978
12.333755	-2.70313188	14979
12.179131	-3.2860681	14980
11.9957306	-3.85607692	14981
11.7850898	-4.41142309	14982
11.5488202	-4.95070295	14983
11.2885431	-5.47279212	14984
11.0058704	-5.97676621	14985
10.702316	-6.46186314	14986
10.3792907	-6.9275069	14987
10.0381208	-7.37325597	14988
9.68007894	-7.79875449	14989
9.30636368	-8.20371589	14990
8.91809107	-8.58791703	14991
8.51630291	-8.9511912	14992
8.10199036	-9.29340473	14993
7.67609111	-9.61445709	14994
7.23948336	-9.91427125	14995
6.7930144	-10.192777	14996
6.33749449	-10.4499141	14997
5.87370514	-10.6856293	14998
5.40240085	-10.8998717	14999
4.92431329	-11.0925926	15000
4.44015493	-11.2637434	15001
3.9506223	-11.4132742	15002
3.4563981	-11.5411322	15003
2.95815545	-11.6472648	15004
2.45655882	-11.7316135	15005
1.95226662	-11.7941195	15006
1.44593258	-11.834718	15007
0.938210071	-11.8533455	15008
0.429751603	-11.8499346	15009
-0.0787868664	-11.824415	15010
-0.586749223	-11.7767161	15011
-1.09348229	-11.7067628	15012
-1.59834353	-11.6144765	15013
-2.10069574	-11.4997727	15014
-2.59986598	-11.3625616	15015
-3.09517974	-11.2027377	15016
-3.58601311	-11.020156	15017
-4.07174512	-10.8146913	15018
-4.55177625	-10.5862575	15019
-5.02547776	-10.3346736	15020
-5.49215672	-10.059695	15021
-5.95111888	-9.76100075	15022
-6.4016259	-9.43822764	15023
-6.84296263	-9.09087347	15024
-7.27415745	-8.71850387	15025
-7.69418531	-8.32056636	15026
-8.10190546	-7.8963981	15027
-8.49598914	-7.44524891	15028
-8.87485997	-6.96630576	15029
-9.23662412	-6.45874493	15030
-9.57899637	-5.92183257	15031
-9.89923043	-5.35506327	15032
-10.1940745	-4.75833288	15033
-10.4597837	-4.13209189	15034
-10.6922362	-3.47748683	15035
-10.8871325	-2.79656085	15036
-11.0403818	-2.09256241	15037
-11.148845	-1.36973765	15038
-11.2103239	-0.633248786	15039
-11.2231711	0.110565206	15040
-11.1867715	0.854633959	15041
-11.1016427	1.59270403	15042
-10.9693077	2.31939188	15043
-10.7922964	3.0296551	15044
-10.5737281	3.71917515	15045
-10.3170235	4.38448258	15046
-10.0257161	5.02293122	15047
-9.70330396	5.6326205	15048
-9.35313901	6.21229933	15049
-8.97835025	6.76125504	15050
-8.58180019	7.27921069	15051
-8.16606116	7.76622217	15052
-7.73341591	8.22258322	15053
-7.28586998	8.64875328	15054
-6.82517401	9.04528641	15055
-6.35285558	9.41278328	15056
-5.87024852	9.7518499	15057
-5.37853673	10.0630628	15058
-4.87878341	10.3469467	15059
-4.37193634	10.6039783	15060
-3.8589145	10.8345775	15061
-3.34050621	11.0391865	15062
-2.81752306	11.2182319	15063
-2.29073693	11.3719902	15064
-1.76092675	11.5006717	15065
-1.22879626	11.6044711	15066
-0.695032419	11.6835615	15067
-0.160348073	11.7380946	15068
0.374530047	11.768203	15069
0.908868519	11.774008	15070
1.4419303	11.7556267	15071
1.97297182	11.7131718	15072
2.50124168	11.6467553	15073
3.02598246	11.5564887	15074
3.54642731	11.4424845	15075
4.06180044	11.3048588	15076
4.57131452	11.1437311	15077
5.07416857	10.9592268	15078
5.56954632	10.7514775	15079
6.05661373	10.5206255	15080
6.53451654	10.2668246	15081
7.00237876	9.99024401	15082
7.45929848	9.69106974	15083
7.90434788	9.36951221	15084
8.33657044	9.02580475	15085
8.75497947	8.66021506	15086
9.15855058	8.27305001	15087
9.54622337	7.86466533	15088
9.9169007	7.43546781	15089
10.2694506	6.98592572	15090
10.602704	6.51658891	15091
10.9154445	6.02810359	15092
11.2064123	5.52122393	15093
11.4743207	4.99681727	15094
11.7178781	4.45587544	15095
11.9357755	3.89956259	15096
12.1266905	3.32925012	15097
12.2892969	2.74649124	15098
12.4223492	2.15305046	15099
12.5247279	1.5509299	15100
12.5954817	0.942386255	15101
12.6338367	0.329801087	15102
12.6392719	-0.284292632	15103
14.0297703	-0.98862894	15104
13.9640892	-1.66371944	15105
13.8631844	-2.33211224	15106
13.7279176	-2.9913029	15107
13.5595574	-3.63897209	15108
13.3595326	-4.27310434	15109
13.1293773	-4.89184191	15110
12.8707048	-5.49365114	15111
12.5851453	-6.07726788	15112
12.2743334	-6.64162219	15113
11.939817	-7.18580617	15114
11.5830518	-7.70909687	15115
11.2054224	-8.21090506	15116
10.8082716	-8.69073002	15117
10.3928761	-9.14814608	15118
9.96043736	-9.58279732	15119
9.51209035	-9.99438991	15120
9.04891936	-10.3826749	15121
8.57197925	-10.747427	15122
8.08225893	-11.0884621	15123
7.58072207	-11.4056083	15124
7.06830017	-11.6987096	15125
6.54589999	-11.9676234	15126
6.01440471	-12.2122153	15127
5.47467789	-12.4323594	15128
4.92756689	-12.6279361	15129
4.37390592	-12.7988304	15130
3.81451792	-12.9449297	15131
3.25021875	-13.066128	15132
2.68181794	-13.1623189	15133
2.11012135	-13.2334011	15134
1.53593243	-13.2792734	15135
0.960056653	-13.2998415	15136
0.383301183	-13.295013	15137
-0.193520714	-13.2646989	15138
-0.769592899	-13.208816	15139
-1.34409986	-13.1272833	15140
-1.91623618	-13.0200231	15141
-2.48520301	-12.8869586	15142
-3.05016349	-12.728014	15143
-3.61027256	-12.5431043	15144
-4.16473412	-12.3321159	15145
-4.71275656	-12.0949599	15146
-5.25356753	-11.8315912	15147
-5.78636557	-11.5418821	15148
-6.31028754	-11.225652	15149
-6.82446715	-10.8826526	15150
-7.32801948	-10.5125849	15151
-7.82000508	-10.1150886	15152
-8.29927489	-9.68985871	15153
-8.76465404	-9.23646312	15154
-9.21483609	-8.75439858	15155
-9.64833749	-8.24309432	15156
-10.063444	-7.70193393	15157
-10.4581477	-7.13030276	15158
-10.8300788	-6.52768223	15159
-11.1764389	-5.89378259	15160
-11.4939553	-5.22871161	15161
-11.7788929	-4.53312388	15162
-12.0271707	-3.80835367	15163
-12.2345551	-3.05660316	15164
-12.3970185	-2.28125044	15165
-12.5114639	-1.48664806	15166
-12.5757107	-0.678056153	15167
-12.5881143	0.138064637	15168
-12.5480558	0.954524797	15169
-12.455996	1.76495996	15170
-12.3133881	2.56382612	15171
-12.1227131	3.34587784	15172
-11.8870482	4.10658106	15173
-11.6097833	4.84224511	15174
-11.2944406	5.54999928	15175
-10.9445286	6.22771828	15176
-10.5634323	6.87392964	15177
-10.1543356	7.48770524	15178
-9.72017635	8.06856052	15179
-9.26362148	8.61635301	15180
-8.78706582	9.13118815	15181
-8.29264313	9.61334803	15182
-7.78224681	10.0632211	15183
-7.25755997	10.4812548	15184
-6.72008276	10.8679153	15185
-6.17117465	11.2236531	15186
-5.61208255	11.5488785	15187
-5.04394529	11.8439668	15188
-4.46782306	12.1092786	15189
-3.88479524	12.3451328	15190
-3.29582103	12.5519178	15191
-2.70186539	12.729865	15192
-2.10389429	12.8791527	15193
-1.50279458	12.9999514	15194
-0.899439145	13.0924192	15195
-0.294727781	13.1567025	15196
0.310428391	13.1929374	15197
0.915114728	13.2012572	15198
1.51841586	13.1817988	15199
2.119413	13.1347035	15200
2.71718288	13.0601183	15201
3.31079971	12.958198	15202
3.89933182	12.8291045	15203
4.48184213	12.6730105	15204
5.05738548	12.4900989	15205
5.62500661	12.2805652	15206
6.18373864	12.0446177	15207
6.73260086	11.7824824	15208
7.2705964	11.4944034	15209
7.79671121	11.1806472	15210
8.3099092	10.8415041	15211
8.8091319	10.4772977	15212
9.29330417	10.0883757	15213
9.76132204	9.675131	15214
10.2120515	9.23800081	15215
10.6443296	8.77747788	15216
11.0569642	8.29411212	15217
11.4487376	7.78852032	15218
11.8184045	7.26140552	15219
12.1646823	6.71357139	15220
12.4862544	6.14593425	15221
12.7817879	5.55952726	15222
13.0499578	4.95550849	15223
13.2894354	4.33520552	15224
13.4988903	3.70015004	15225
13.6769995	3.05205238	15226
13.8225326	2.39282637	15227
13.9343919	1.72461308	15228
14.0116514	1.04979845	15229
14.0535671	0.370880969	15230
14.0596486	-0.309504277	15231
15.6210291	-1.08956753	15232
15.5496884	-1.83858852	15233
15.4399114	-2.58058019	15234
15.292557	-3.31293644	15235
15.1088823	-4.03322618	15236
14.8903032	-4.73930892	15237
14.6383493	-5.42919023	15238
14.3546336	-6.101191	15239
14.0407942	-6.75389059	15240
13.6984886	-7.38605621	15241
13.3293002	-7.99661632	15242
12.9347325	-8.58468255	15243
12.5162331	-9.14949942	15244
12.0752203	-9.69040298	15245
11.6130557	-10.2068102	15246
11.1310347	-10.6982143	15247
10.6303945	-11.1641762	15248
10.1123309	-11.6043076	15249
9.57801086	-12.0182565	15250
9.02855941	-12.4057039	15251
8.46506784	-12.7663628	15252
7.88860402	-13.0999659	15253
7.30021622	-13.4062667	15254
6.70093339	-13.6850338	15255
6.09176899	-13.9360512	15256
5.4737241	-14.159116	15257
4.84779026	-14.3540372	15258
4.21495095	-14.5206327	15259
3.57618578	-14.6587343	15260
2.93247095	-14.7681794	15261
2.28478198	-14.8488181	15262
1.63409468	-14.9005071	15263
0.981389808	-14.9231171	15264
0.327652707	-14.9165278	15265
-0.326122201	-14.8806299	15266
-0.978934608	-14.8153271	15267
-1.62978226	-14.7205336	15268
-2.27767226	-14.5961751	15269
-2.92161965	-14.4421867	15270
-3.56059958	-14.2585116	15271
-4.19357256	-14.045092	15272
-4.81954628	-13.8018538	15273
-5.43753426	-13.5287544	15274
-6.04656727	-13.2258004	15275
-6.64564787	-12.8929305	15276
-7.23372036	-12.5300427	15277
-7.80972486	-12.1369779	15278
-8.37262312	-11.7135064	15279
-8.92118459	-11.2594729	15280
-9.45412261	-10.7746708	15281
-9.97007475	-10.2588289	15282
-10.4675542	-9.71162679	15283
-10.9449093	-9.13269875	15284
-11.4002766	-8.52165325	15285
-11.8315253	-7.87811542	15286
-12.2361964	-7.20181448	15287
-12.6114386	-6.49270944	15288
-12.9539641	-5.75115203	15289
-13.2600572	-4.97803079	15290
-13.5256928	-4.17489416	15291
-13.7467231	-3.34412486	15292
-13.9192028	-2.48924566	15293
-14.0400943	-1.61472361	15294
-14.1072488	-0.725916971	15295
-14.1190346	0.170599392	15296
-14.0748336	1.06752717	15297
-13.9750444	1.95839691	15298
-13.8210402	2.8375035	15299
-13.6152417	3.6993943	15300
-13.3606698	4.53931252	15301
-13.0606685	5.35333492	15302
-12.7187337	6.13835025	15303
-12.3383717	6.89198814	15304
-11.9229912	7.61253062	15305
-11.4758248	8.29880709	15306
-10.9998836	8.95009628	15307
-10.4979311	9.56602712	15308
-9.9724799	10.1464862	15309
-9.42580167	10.6915481	15310
-8.85994542	11.2014066	15311
-8.2767655	11.6763286	15312
-7.67794643	12.116615	15313
-7.06504311	12.5225671	15314
-6.43950727	12.8944597	15315
-5.80269124	13.2325478	15316
-5.15585325	13.5371002	15317
-4.50029494	13.8083423	15318
-3.83723281	14.0465695	15319
-3.1678243	14.2519697	15320
-2.49324834	14.4246798	15321
-1.81460159	14.5648388	15322
-1.13297016	14.6725836	15323
-0.449468022	14.7480518	15324
0.234782347	14.791381	15325
0.918658341	14.802716	15326
1.60103982	14.7822152	15327
2.28080674	14.730051	15328
2.95683852	14.6464104	15329
3.62801611	14.5314969	15330
4.29321875	14.3855295	15331
4.95132454	14.2087462	15332
5.60120769	14.0014032	15333
6.24173665	13.7637772	15334
6.87177289	13.4961659	15335
7.49016891	13.1988923	15336
8.09576615	12.8723054	15337
8.68739456	12.5167846	15338
9.26386089	12.1327455	15339
9.82397472	11.7206316	15340
10.3665187	11.2809295	15341
10.8902599	10.8141746	15342
11.3939429	10.3209536	15343
11.8762918	9.80191524	15344
12.3360109	9.25777223	15345
12.7717886	8.68930953	15346
13.1822977	8.097403	15347
13.5661845	7.48303309	15348
13.9220723	6.84729722	15349
14.2485799	6.19141291	15350
14.5443482	5.5167226	15351
14.8080289	4.8247347	15352
15.0382847	4.11715741	15353
15.2337986	3.39587327	15354
15.3933584	2.66295946	15355
15.5158909	1.92070852	15356
15.6004984	1.17164718	15357
15.6464698	0.418401801	15358
15.6533471	-0.336279676	15359
17.4065421	-1.20115967	15360
17.3289381	-2.0331165	15361
17.2092951	-2.85768591	15362
17.048468	-3.67214625	15363
16.8476995	-4.47393989	15364
16.6083895	-5.26078574	15365
16.3320613	-6.03053635	15366
16.0203258	-6.78134961	15367
15.6748279	-7.51162963	15368
15.2972487	-8.21996142	15369
14.8892089	-8.90508993	15370
14.4522636	-9.56594092	15371
13.9879283	-10.2015721	15372
13.4977033	-10.8111358	15373
12.9830432	-11.3938716	15374
12.4453459	-11.9491014	15375
11.8859623	-12.476221	15376
11.3062114	-12.9746829	15377
10.7073903	-13.4439858	15378
10.0907665	-13.8836643	15379
9.45757868	-14.2932951	15380
8.80904819	-14.6724825	15381
8.14638298	-15.0208597	15382
7.47077709	-15.3380829	15383
6.78341415	-15.6238316	15384
6.08547023	-15.8778067	15385
5.37811626	-16.0997285	15386
4.66251922	-16.2893343	15387
3.93984617	-16.4463839	15388
3.21126431	-16.5706501	15389
2.47794385	-16.661927	15390
1.74105856	-16.720023	15391
1.00179057	-16.7447696	15392
0.261329928	-16.7360151	15393
-0.479120951	-16.6936285	15394
-1.21835045	-16.6175002	15395
-1.95514217	-16.507541	15396
-2.68828816	-16.363683	15397
-3.41658986	-16.185878	15398
-4.13880742	-15.9740944	15399
-4.85368009	-15.7283094	15400
-5.55999252	-15.4484977	15401
-6.25653651	-15.1346741	15402
-6.9421191	-14.7869097	15403
-7.61552102	-14.4052242	15404
-8.27546915	-13.9896111	15405
-8.92070966	-13.5400001	15406
-9.54994899	-13.0563148	15407
-10.161734	-12.5385555	15408
-10.754589	-11.9866623	15409
-11.3269467	-11.4005484	15410
-11.8771241	-10.780102	15411
-12.4032875	-10.1251903	15412
-12.9034122	-9.43567712	15413
-13.3752359	-8.71146	15414
-13.8162046	-7.95255071	15415
-14.2234147	-7.15919244	15416
-14.5935676	-6.3320156	15417
-14.9229781	-5.47217531	15418
-15.2076931	-4.58146362	15419
-15.4436708	-3.66246833	15420
-15.6270692	-2.71887466	15421
-15.7549285	-1.75527459	15422
-15.8251465	-0.777126461	15423
-15.8361148	0.208886821	15424
-15.7872222	1.19536753	15425
-15.6787992	2.17574605	15426
-15.5121281	3.14415452	15427
-15.2895567	4.094928	15428
-15.0140351	5.02307867	15429
-14.6888447	5.92443771	15430
-14.3174398	6.79563537	15431
-13.9033112	7.63403343	15432
-13.4498814	8.4376418	15433
-12.9604257	9.20501768	15434
-12.4380265	9.93517131	15435
-11.8855461	10.6274701	15436
-11.3056218	11.2815487	15437
-10.7006733	11.8972414	15438
-10.0729193	12.4745161	15439
-9.42440219	13.0134292	15440
-8.7570104	13.5140888	15441
-8.07251567	13.9766212	15442
-7.37259747	14.401143	15443
-6.65884598	14.7877674	15444
-5.93276247	15.136644	15445
-5.19585883	15.4479071	15446
-4.4496434	15.7217376	15447
-3.69551715	15.9582581	15448
-2.93488959	16.1575589	15449
-2.16909706	16.3197378	15450
-1.3994693	16.4449045	15451
-0.627364868	16.5331828	15452
0.145852258	16.5847094	15453
0.918821579	16.5996401	15454
1.69018854	16.5781558	15455
2.45860267	16.5204631	15456
3.22271743	16.4267941	15457
3.98119257	16.2974071	15458
4.73269099	16.1325865	15459
5.47587943	15.9326449	15460
6.20942583	15.6979231	15461
6.93199764	15.4287912	15462
7.64226096	15.1256501	15463
8.33887892	14.788935	15464
9.02050984	14.4191159	15465
9.68579864	14.0167081	15466
10.3333989	13.5822558	15467
10.9619522	13.1163535	15468
11.5700875	12.6196434	15469
12.1564281	12.092824	15470
12.7195839	11.5366522	15471
13.2581549	10.9519543	15472
13.7707309	10.3396273	15473
14.2558983	9.70064612	15474
14.7122409	9.0360812	15475
15.1383281	8.34711116	15476
15.5327194	7.63503552	15477
15.8939826	6.90127673	15478
16.2207228	6.14738171	15479
16.5115723	5.37505903	15480
16.765188	4.58621163	15481
16.9802611	3.78291136	15482
17.1556001	2.96741462	15483
17.2901601	2.14218005	15484
17.383074	1.30988855	15485
17.4336664	0.47330739	15486
17.4415144	-0.364689887	15487
19.410014	-1.32461988	15488
19.3254697	-2.24965669	15489
19.1948432	-3.16691718	15490
19.0189832	-4.07354788	15491
18.7991158	-4.96684751	15492
18.5366218	-5.84437637	15493
18.2330162	-6.70381534	15494
17.8899061	-7.54313944	15495
17.5089428	-8.36055638	15496
17.0918315	-9.15444734	15497
16.6402332	-9.92335154	15498
16.1557587	-10.6659861	15499
15.6399969	-11.3811991	15500
15.0945381	-12.0679366	15501
14.5209384	-12.725238	15502
13.9207091	-13.3522314	15503
13.2953264	-13.948125	15504
12.6462466	-14.5121905	15505
11.9749148	-15.0437536	15506
11.2827537	-15.5421851	15507
10.5711676	-16.0069051	15508
9.84155137	-16.4373697	15509
9.09529327	-16.8330739	15510
8.33377413	-17.1935439	15511
7.55837066	-17.518339	15512
6.77045782	-17.8070486	15513
5.97141089	-18.0592911	15514
5.16260615	-18.2747109	15515
4.34542482	-18.4529846	15516
3.52125257	-18.5938108	15517
2.69148249	-18.6969198	15518
1.85751517	-18.7620651	15519
1.02076347	-18.7890339	15520
0.182651982	-18.7776401	15521
-0.655378659	-18.7277291	15522
-1.49187506	-18.6391782	15523
-2.32537595	-18.5118965	15524
-3.15442736	-18.3458263	15525
-3.97758636	-18.1409419	15526
-4.79336776	-17.8972439	15527
-5.60025945	-17.6147533	15528
-6.39679318	-17.2935047	15529
-7.18150906	-16.9335832	15530
-7.95296062	-16.5351384	15531
-8.70967796	-16.098288	15532
-9.45014293	-15.6231401	15533
-10.1728929	-15.1097245	15534
-10.8763097	-14.5581773	15535
-11.5587493	-13.968635	15536
-12.2185049	-13.3412258	15537
-12.8537854	-12.6760744	15538
-13.4626949	-11.9733061	15539
-14.0432023	-11.2330514	15540
-14.5931094	-10.455462	15541
-15.1100127	-9.64074326	15542
-15.5912583	-8.78922652	15543
-16.0338897	-7.90147718	15544
-16.4346036	-6.97844178	15545
-16.7897561	-6.02157758	15546
-17.095483	-5.03295281	15547
-17.3478704	-4.01538794	15548
-17.543202	-2.97275136	15549
-17.6786151	-1.90977297	15550
-17.7520698	-0.832015311	15551
-17.7619926	0.253735207	15552
-17.7077854	1.33998942	15553
-17.5897044	2.4200811	15554
-17.4089292	3.48797679	15555
-17.1677224	4.53779296	15556
-16.8689466	5.56430097	15557
-16.5158038	6.56307164	15558
-16.11169	7.53045637	15559
-15.6600669	8.46352384	15560
-15.1643603	9.35998239	15561
-14.6278822	10.2180845	15562
-14.0537847	11.0365372	15563
-13.4450318	11.8144106	15564
-12.8043928	12.5510514	15565
-12.1344468	13.2460185	15566
-11.4375972	13.8990194	15567
-10.7160928	14.509868	15568
-9.97204684	15.0784489	15569
-9.20747126	15.604686	15570
-8.42429812	16.0885115	15571
-7.62438212	16.5298738	15572
-6.8094959	16.928782	15573
-5.9814228	17.2852469	15574
-5.14191094	17.5993531	15575
-4.29269706	17.8711159	15576
-3.43544866	18.1005698	15577
-2.5717688	18.2877641	15578
-1.70326479	18.4327727	15579
-0.831573616	18.5357005	15580
0.0416655581	18.5966804	15581
0.914820863	18.6158779	15582
1.78627015	18.5934977	15583
2.65439981	18.5297839	15584
3.51760525	18.4250182	15585
4.37429361	18.2795214	15586
5.2228808	18.0936515	15587
6.06179244	17.8678068	15588
6.88946134	17.6024241	15589
7.70432619	17.2979814	15590
8.50483106	16.9549976	15591
9.2894243	16.5740369	15592
10.0565471	16.1557141	15593
10.8046631	15.7006841	15594
11.5322297	15.2096523	15595
12.2377053	14.683383	15596
12.9195478	14.1226951	15597
13.5762202	13.5284732	15598
14.2061829	12.9016674	15599
14.8078981	12.2433056	15600
15.3798302	11.5544927	15601
15.9204533	10.8364178	15602
16.4282538	10.09037	15603
16.9017182	9.31775003	15604
17.3393374	8.5200827	15605
17.7396246	7.69901826	15606
18.1011472	6.8563305	15607
18.4225175	5.99394976	15608
18.7023876	5.1139942	15609
18.9394587	4.21874428	15610
19.1325632	3.31065387	15611
19.2806869	2.39236444	15612
19.3829966	1.46672677	15613
19.4388554	0.536664314	15614
19.4478776	-0.394808686	15615
21.6580422	-1.46130544	15616
21.5657986	-2.49084541	15617
21.4229319	-3.51218451	15618
21.2302829	-4.52231859	15619
20.9890582	-5.51838295	15620
20.7006164	-6.49775865	15621
20.3664626	-7.45793362	15622
19.9881985	-8.39667746	15623
19.5674813	-9.31197773	15624
19.106042	-10.2019874	15625
18.6055847	-11.0650153	15626
18.0677809	-11.8995445	15627
17.4943	-12.7041877	15628
16.8868306	-13.4776596	15629
16.2470404	-14.2187741	15630
15.5765662	-14.9264406	15631
14.8770234	-15.5996545	15632
14.1500211	-16.237482	15633
13.3971694	-16.8390525	15634
12.620067	-17.4035483	15635
11.8203022	-17.9302121	15636
10.999464	-18.4183315	15637
10.1591452	-18.8672418	15638
9.30093796	-19.2763204	15639
8.42643793	-19.6449883	15640
7.5372459	-19.972707	15641
6.63496958	-20.2589778	15642
5.72122367	-20.5033383	15643
4.79763361	-20.70537	15644
3.86583452	-20.8646869	15645
2.92747411	-20.9809462	15646
1.98421221	-21.0538398	15647
1.03772554	-21.083105	15648
0.0897067964	-21.0685179	15649
-0.858131248	-21.0098987	15650
-1.8040592	-20.907112	15651
-2.74633644	-20.7600676	15652
-3.68322836	-20.5687223	15653
-4.61301312	-20.3330793	15654
-5.53392615	-20.0531801	15655
-6.44417035	-19.7290997	15656
-7.34199116	-19.3609451	15657
-8.22564373	-18.9488864	15658
-9.09339492	-18.4931678	15659
-9.94349221	-17.994024	15660
-10.7741711	-17.4516781	15661
-11.5836324	-16.8663551	15662
-12.3700146	-16.238351	15663
-13.131418	-15.5679931	15664
-13.8658817	-14.8556267	15665
-14.5713702	-14.1016178	15666
-15.2457556	-13.3063601	15667
-15.8867939	-12.4702813	15668
-16.4921	-11.5938563	15669
-17.0591193	-10.6776362	15670
-17.5850926	-9.72231185	15671
-18.0670107	-8.72881173	15672
-18.5015711	-7.69843887	15673
-18.8851832	-6.63299135	15674
-19.2140902	-5.53484933	15675
-19.4845294	-4.40709683	15676
-19.6929335	-3.2538092	15677
-19.836558	-2.07987003	15678
-19.9134417	-0.89095265	15679
-19.9220584	0.306055437	15680
-19.8618301	1.50357979	15681
-19.7329321	2.69485938	15682
-19.5364289	3.87369068	15683
-19.274484	5.03396381	15684
-18.9498558	6.17019782	15685
-18.5656482	7.2776862	15686
-18.1251816	8.35247866	15687
-17.6318743	9.39132263	15688
-17.0891448	10.3915924	15689
-16.5003356	11.3512001	15690
-15.8686669	12.2685117	15691
-15.1972084	13.1422613	15692
-14.4888689	13.9714685	15693
-13.7463996	14.7553783	15694
-12.9724048	15.493401	15695
-12.1693597	16.1850721	15696
-11.3396251	16.8300202	15697
-10.4854783	17.4279356	15698
-9.60913132	17.9785382	15699
-8.71273244	18.4815849	15700
-7.79835691	18.936921	15701
-6.86809179	19.3444125	15702
-5.92399233	19.7040154	15703
-4.968079	20.0156542	15704
-4.00237624	20.2792687	15705
-3.0287881	20.4948499	15706
-2.04922961	20.6624296	15707
-1.06565395	20.7820877	15708
-0.0800130462	20.8539489	15709
0.905752448	20.8781873	15710
1.88971568	20.8550324	15711
2.86996326	20.7847688	15712
3.84459658	20.6677336	15713
4.81173491	20.5043173	15714
5.7695128	20.2949614	15715
6.71608127	20.0401609	15716
7.64960563	19.7404627	15717
8.56826456	19.3964672	15718
9.47025018	19.0088287	15719
10.3537557	18.5782647	15720
11.2170101	18.1055379	15721
12.0582443	17.5914775	15722
12.8756991	17.0369708	15723
13.66763	16.442974	15724
14.4323031	15.8105073	15725
15.1680024	15.1406664	15726
15.8730219	14.4346205	15727
16.5456712	13.693625	15728
17.1842756	12.9190197	15729
17.787186	12.1122345	15730
18.3527821	11.2748041	15731
18.8794596	10.4083775	15732
19.365635	9.51473095	15733
19.8097628	8.59576794	15734
20.2103703	7.65351408	15735
20.566049	6.69014571	15736
20.875446	5.70801922	15737
21.1372745	4.70964567	15738
21.3503935	3.6976971	15739
21.5138226	2.67501721	15740
21.6267652	1.64464487	15741
21.6886257	0.609677577	15742
21.6990583	-0.426712039	15743
24.1804692	-1.61273269	15744
24.0796764	-2.75963535	15745
23.9231572	-3.89787151	15746
23.7117432	-5.0242646	15747
23.4466185	-6.13576385	15748
23.1291166	-7.22954748	15749
22.7607308	-8.30288626	15750
22.3430564	-9.35331886	15751
21.877756	-10.3785859	15752
21.3665883	-11.3765849	15753
20.8113045	-12.3453662	15754
20.2136424	-13.2831506	15755
19.5753601	-14.188287	15756
18.898254	-15.0592305	15757
18.1841154	-15.894541	15758
17.4347199	-16.6928811	15759
16.651838	-17.4530056	15760
15.8372491	-18.1737479	15761
14.992748	-18.8540143	15762
14.1201295	-19.4927736	15763
13.2211941	-20.0890629	15764
12.2977421	-20.6419822	15765
11.3516003	-21.1506825	15766
10.3845997	-21.6143714	15767
9.39858367	-22.0323113	15768
8.39540946	-22.4038176	15769
7.37694879	-22.7282574	15770
6.3450876	-23.0050466	15771
5.30172945	-23.233658	15772
4.24879369	-23.4136093	15773
3.18821845	-23.5444753	15774
2.12195931	-23.6258779	15775
1.05199403	-23.6574992	15776
-0.0196788523	-23.6390739	15777
-1.0910363	-23.5703953	15778
-2.16003451	-23.4513159	15779
-3.22461493	-23.2817491	15780
-4.28272347	-23.0616714	15781
-5.33232076	-22.7911229	15782
-6.3713247	-22.4701957	15783
-7.39761552	-22.0990301	15784
-8.4091151	-21.6778205	15785
-9.40375659	-21.2068382	15786
-10.3794833	-20.6864404	15787
-11.334236	-20.1169929	15788
-12.2659312	-19.4988835	15789
-13.1724369	-18.8325363	15790
-14.051615	-18.1184357	15791
-14.9012757	-17.3571355	15792
-15.7191787	-16.5492297	15793
-16.5030206	-15.6953594	15794
-17.2504219	-14.796222	15795
-17.9589079	-13.8525787	15796
-18.6258923	-12.8652671	15797
-19.2486593	-11.8352249	15798
-19.8243389	-10.7635456	15799
-20.349869	-9.65156481	15800
-20.8219548	-8.50098572	15801
-21.237072	-7.31398917	15802
-21.5915903	-6.09330638	15803
-21.8819234	-4.84231921	15804
-22.1046787	-3.56533698	15805
-22.2572518	-2.26741579	15806
-22.3377779	-0.954349155	15807
-22.3447909	0.366874251	15808
-22.2777407	1.68859857	15809
-22.136715	3.00396766	15810
-21.9226494	4.30660151	15811
-21.637594	5.59015433	15812
-21.284185	6.84887931	15813
-20.8654084	8.07777314	15814
-20.3844909	9.27255816	15815
-19.8447919	10.4296292	15816
-19.2497118	11.5459909	15817
-18.6026173	12.6191758	15818
-17.9067959	13.6471677	15819
-17.1654265	14.6283223	15820
-16.3815668	15.5612897	15821
-15.5581535	16.4449593	15822
-14.6980094	17.2784037	15823
-13.8038577	18.0608416	15824
-12.8783317	18.7916088	15825
-11.9240017	19.4701284	15826
-10.9433894	20.0958762	15827
-9.93896891	20.6683889	15828
-8.91315231	21.1873216	15829
-7.86836614	21.6523711	15830
-6.80700965	22.0633428	15831
-5.73145449	22.420043	15832
-4.64405691	22.7223225	15833
-3.54709438	22.9700881	15834
-2.44284934	23.1633155	15835
-1.33362072	23.3020554	15836
-0.221715132	23.3864202	15837
0.89057622	23.4165905	15838
2.00098028	23.3928211	15839
3.10724288	23.3154408	15840
4.20713108	23.1848476	15841
5.29843681	23.0015098	15842
6.37897461	22.7659628	15843
7.4465834	22.4788112	15844
8.49912461	22.1407265	15845
9.53447747	21.7524503	15846
10.5505466	21.3147921	15847
11.545268	20.8286287	15848
12.5165939	20.2949087	15849
13.4625018	19.7146551	15850
14.3809916	19.0889612	15851
15.2700905	18.4190008	15852
16.1278497	17.7060225	15853
16.9523531	16.951361	15854
17.7417093	16.1564335	15855
18.494058	15.3227519	15856
19.2075706	14.4519202	15857
19.8804616	13.5456392	15858
20.5109929	12.6057188	15859
21.097461	11.6340859	15860
21.6382009	10.6327971	15861
22.1316035	9.60403744	15862
22.5761525	8.5501124	15863
22.9704167	7.47347148	15864
23.3130387	6.3767353	15865
23.6027451	5.26267037	15866
23.8384237	4.13419064	15867
24.0191313	2.99436428	15868
24.1441104	1.84643943	15869
24.2128098	0.69370833	15870
24.2249264	-0.460477404	15871
27.0107793	-1.78059534	15872
26.900485	-3.05933296	15873
26.7287269	-4.32889135	15874
26.4963254	-5.58589663	15875
26.2044394	-6.82708604	15876
25.854374	-8.04940811	15877
25.4476089	-9.24988893	15878
24.9857321	-10.4258073	15879
24.4704116	-11.5746268	15880
23.9034361	-12.6939586	15881
23.2866087	-13.7815635	15882
22.6217403	-14.8353679	15883
21.9106865	-15.8534252	15884
21.1553631	-16.8338989	15885
20.3576981	-17.7750638	15886
19.5196217	-18.6753036	15887
18.6430773	-19.5331016	15888
17.7300348	-20.3470274	15889
16.7824955	-21.115735	15890
15.8024744	-21.8379506	15891
14.792006	-22.5124808	15892
13.7531432	-23.1382027	15893
12.6879618	-23.7140671	15894
11.5985679	-24.2390846	15895
10.4870855	-24.7123372	15896
9.3556623	-25.1329735	15897
8.20646985	-25.5002079	15898
7.04170222	-25.8133173	15899
5.86357924	-26.0716515	15900
4.67434376	-26.2746187	15901
3.47626446	-26.4217006	15902
2.27163381	-26.512441	15903
1.06277237	-26.5464604	15904
-0.147973061	-26.5234479	15905
-1.3582264	-26.4431692	15906
-2.56558639	-26.3054655	15907
-3.76763322	-26.110257	15908
-4.96194994	-25.8575465	15909
-6.14613634	-25.5474196	15910
-7.3177501	-25.1800303	15911
-8.47430664	-24.755598	15912
-9.61336272	-24.2744207	15913
-10.7324882	-23.7368896	15914
-11.8292643	-23.1434946	15915
-12.9012901	-22.4947528	15916
-13.9460859	-21.7912718	15917
-14.9612062	-21.033667	15918
-15.9441792	-20.2226586	15919
-16.8924941	-19.359061	15920
-17.8036027	-18.4437533	15921
-18.6749086	-17.4776887	15922
-19.5037577	-16.4619078	15923
-20.287426	-15.3975463	15924
-21.0231107	-14.285847	15925
-21.7079238	-13.1281795	15926
-22.3388786	-11.9260865	15927
-22.9128609	-10.6813583	15928
-23.4265906	-9.39614565	15929
-23.8766238	-8.07305772	15930
-24.259478	-6.71521952	15931
-24.5717706	-5.32634865	15932
-24.8103109	-3.9110188	15933
-24.9726582	-2.47448065	15934
-25.0570625	-1.02266033	15935
-25.062132	0.437349245	15936
-24.9873531	1.89781198	15937
-24.832718	3.35177378	15938
-24.5990194	4.7926694	15939
-24.2881786	6.21390544	15940
-23.9026898	7.60945331	15941
-23.4454005	8.9739906	15942
-22.9194243	10.3028833	15943
-22.3280456	11.5921391	15944
-21.6746353	12.8383532	15945
-20.962578	14.038636	15946
-20.1952276	15.1905441	15947
-19.375877	16.2920086	15948
-18.5077424	17.341264	15949
-17.5939609	18.3367987	15950
-16.6375936	19.277303	15951
-15.6416347	20.161637	15952
-14.6090173	20.9888033	15953
-13.542635	21.7579205	15954
-12.4453522	22.4681852	15955
-11.3200038	23.1188817	15956
-10.1693769	23.7094454	15957
-8.99627711	24.2393768	15958
-7.80348862	24.7083056	15959
-6.59377737	25.1158988	15960
-5.36989474	25.4618959	15961
-4.13450905	25.7461129	15962
-2.89030425	25.9684577	15963
-1.64000111	26.1289372	15964
-0.38630634	26.2276468	15965
0.868097394	26.2647724	15966
2.12054446	26.2405944	15967
3.3683941	26.1554889	15968
4.60903388	26.0099213	15969
5.8398841	25.8044464	15970
7.05839608	25.5397048	15971
8.26205175	25.2164253	15972
9.44836544	24.8354215	15973
10.6148909	24.39759	15974
11.7592115	23.9039129	15975
12.8789457	23.3554596	15976
13.9717465	22.7533835	15977
15.0353063	22.0989279	15978
16.0673532	21.3934191	15979
17.0656581	20.6382778	15980
18.0280311	19.8350107	15981
18.9523322	18.9852228	15982
19.8364628	18.0906108	15983
20.6783731	17.1529757	15984
21.4760638	16.1742186	15985
22.2275976	15.156344	15986
22.9311066	14.1014705	15987
23.5847772	13.0118357	15988
24.1868551	11.8898088	15989
24.7356613	10.7378886	15990
25.2296317	9.55869133	15991
25.6673103	8.35497038	15992
26.0473346	7.12963997	15993
26.3684454	5.88575031	15994
26.6295625	4.62648428	15995
26.829782	3.35516015	15996
26.968389	2.07525969	15997
27.0448793	0.790293904	15998
27.0589961	-0.496182822	15999
30.1865427	-1.96678482	16000
30.0656807	-3.39364038	16001
29.8769021	-4.81075019	16002
29.6210145	-6.21451467	16003
29.2991485	-7.60142962	16004
28.9125772	-8.96818332	16005
28.4627654	-10.3115259	16006
27.9512924	-11.6284437	16007
27.3798324	-12.9160889	16008
26.7502069	-14.1717521	16009
26.0642764	-15.3928691	16010
25.3239328	-16.5770361	16011
24.5311397	-17.7219751	16012
23.6879454	-18.8255227	16013
22.7964297	-19.8856327	16014
21.8586955	-20.9003747	16015
20.8768791	-21.8679254	16016
19.8531636	-22.7865569	16017
18.7897821	-23.6546369	16018
17.6889968	-24.4706176	16019
16.5531055	-25.2330434	16020
15.384441	-25.9405419	16021
14.185374	-26.5918282	16022
12.9583083	-27.1856963	16023
11.7056897	-27.721021	16024
10.4299949	-28.1967612	16025
9.13373545	-28.6119579	16026
7.81945508	-28.9657307	16027
6.4897329	-29.2572893	16028
5.14717937	-29.4859188	16029
3.79443897	-29.6509959	16030
2.43418719	-29.751977	16031
1.0691344	-29.7884145	16032
-0.29797678	-29.7599482	16033
-1.6643692	-29.6663144	16034
-3.02723583	-29.5073446	16035
-4.38374716	-29.2829705	16036
-5.73107472	-28.9932279	16037
-7.06640911	-28.6382584	16038
-8.38689998	-28.218291	16039
-9.68965077	-27.7336396	16040
-10.9718067	-27.1847242	16041
-12.2305285	-26.5720777	16042
-13.4630068	-25.8963353	16043
-14.6663915	-25.1582317	16044
-15.8378403	-24.3585793	16045
-16.9745246	-23.4982356	16046
-18.0736015	-22.5781926	16047
-19.1322044	-21.5995639	16048
-20.1474455	-20.5635538	16049
-21.1164071	-19.4714702	16050
-22.036136	-18.3247402	16051
-22.9036378	-17.1249198	16052
-23.7158768	-15.8737043	16053
-24.4697808	-14.5729441	16054
-25.1622406	-13.2246822	16055
-25.7900908	-11.8312157	16056
-26.3500741	-10.3951942	16057
-26.8388423	-8.91970478	16058
-27.2530844	-7.40831283	16059
-27.5896507	-5.86511344	16060
-27.8455822	-4.2949787	16061
-28.0186272	-2.70337935	16062
-28.1071701	-1.09639001	16063
-28.1099084	0.518785859	16064
-28.0263743	2.13432997	16065
-27.8564566	3.7431845	16066
-27.6007891	5.33858758	16067
-27.2611479	6.91368396	16068
-26.839865	8.46214458	16069
-26.3396265	9.97830239	16070
-25.7634125	11.4571345	16071
-25.1144155	12.8942226	16072
-24.3959647	14.2857095	16073
-23.6114563	15.6282361	16074
-22.7643101	16.9188827	16075
-21.8579379	18.1551056	16076
-20.8957259	19.3346729	16077
-19.8810277	20.4556224	16078
-18.8171636	21.5162141	16079
-17.7074248	22.5149023	16080
-16.555074	23.4503128	16081
-15.3633615	24.3212181	16082
-14.1355304	25.1264969	16083
-12.8748155	25.8651446	16084
-11.584421	26.5363445	16085
-10.2675753	27.1393701	16086
-8.92749319	27.6736476	16087
-7.56738289	28.138681	16088
-6.19044063	28.5340779	16089
-4.79978297	28.8595451	16090
-3.39854958	29.11491	16091
-1.98991418	29.3001291	16092
-0.57703831	29.4152729	16093
0.83694038	29.4605274	16094
2.24891198	29.4361994	16095
3.65579797	29.3427161	16096
5.05455613	29.1806166	16097
6.44218574	28.9505522	16098
7.81572658	28.6532812	16099
9.17226209	28.2896701	16100
10.5089187	27.86069	16101
11.8228672	27.3674165	16102
13.1113252	26.8110287	16103
14.371559	26.192811	16104
15.600884	25.5141491	16105
16.7966709	24.776535	16106
17.9563418	23.9815586	16107
19.0773796	23.1309193	16108
20.1573237	22.2264156	16109
21.1937829	21.2699569	16110
22.1844268	20.263555	16111
23.1269944	19.2093359	16112
24.0192955	18.1095344	16113
24.8592245	16.9664956	16114
25.6447685	15.7826837	16115
26.3739924	14.5606839	16116
27.0450426	13.3032144	16117
27.6561628	12.013123	16118
28.2057359	10.6933724	16119
28.6922783	9.34705382	16120
29.1144211	7.97740849	16121
29.4709204	6.58780235	16122
29.7607297	5.18171807	16123
29.9829882	3.76275333	16124
30.1370257	2.33465167	16125
30.222389	0.901170435	16126
30.2388702	-0.533905821	16127
33.7499138	-2.17341323	16128
33.6172906	-3.76670255	16129
33.4094917	-5.34961842	16130
33.1273101	-6.9183033	16131
32.7718444	-8.46897811	16132
32.3443325	-9.99803621	16133
31.8462224	-11.5019164	16134
31.2790843	-12.9772754	16135
30.6445989	-14.4209158	16136
29.9446243	-15.8297682	16137
29.1810849	-17.2009037	16138
28.3559627	-18.5315484	16139
27.4713413	-19.8190525	16140
26.5294164	-21.0608854	16141
25.5324374	-22.2546403	16142
24.4826999	-23.3980331	16143
23.3825565	-24.4888944	16144
22.2344293	-25.5251602	16145
21.0408113	-26.5048757	16146
19.8042429	-27.4261821	16147
18.5273183	-28.2873279	16148
17.2126839	-29.0866583	16149
15.8630431	-29.8226213	16150
14.4811451	-30.4937612	16151
13.0697897	-31.0987226	16152
11.6318292	-31.6362482	16153
10.1701603	-32.1051822	16154
8.68772335	-32.504466	16155
7.18750509	-32.8331517	16156
5.67253318	-33.0903852	16157
4.14587877	-33.2754257	16158
2.61065223	-33.387632	16159
1.07000649	-33.4264814	16160
-0.472866587	-33.3915601	16161
-2.0147349	-33.2825741	16162
-3.55233155	-33.0993472	16163
-5.08236299	-32.8418275	16164
-6.60153486	-32.5100923	16165
-8.10657442	-32.1043514	16166
-9.5941698	-31.6249235	16167
-11.0609597	-31.0722342	16168
-12.5036264	-30.4468473	16169
-13.9188834	-29.7494539	16170
-15.3034261	-28.9808905	16171
-16.6539735	-28.1421036	16172
-17.9672474	-27.2341595	16173
-19.2399913	-26.2581946	16174
-20.4689492	-25.2155135	16175
-21.6508602	-24.1075722	16176
-22.7824617	-22.9359454	16177
-23.8604829	-21.7023427	16178
-24.8816443	-20.4086271	16179
-25.8426581	-19.0568252	16180
-26.7402372	-17.6491373	16181
-27.5711128	-16.1879488	16182
-28.3320471	-14.6758592	16183
-29.0198244	-13.1157291	16184
-29.6312196	-11.5107627	16185
-30.1629978	-9.86457916	16186
-30.6120444	-8.18123541	16187
-30.9754757	-6.46524975	16188
-31.2505966	-4.72183059	16189
-31.435371	-2.95669784	16190
-31.5283392	-1.17609413	16191
-31.5283038	0.612656558	16192
-31.4348534	2.40164833	16193
-31.2477642	4.18371055	16194
-30.9674944	5.95187031	16195
-30.5956572	7.69899338	16196
-30.1344	9.41842829	16197
-29.5862237	11.1041342	16198
-28.9539526	12.7506627	16199
-28.2406693	14.3531266	16200
-27.4496489	15.9071681	16201
-26.5842925	17.4089074	16202
-25.6480853	18.8548942	16203
-24.6445645	20.242055	16204
-23.5772979	21.5676366	16205
-22.4498737	22.8291713	16206
-21.2658946	24.0244355	16207
-20.0289775	25.1514271	16208
-18.742747	26.2083459	16209
-17.4108471	27.1935725	16210
-16.0369395	28.1056244	16211
-14.6247023	28.9431683	16212
-13.1778032	29.7050985	16213
-11.6999421	30.3904276	16214
-10.194815	30.9983463	16215
-8.6661259	31.5281693	16216
-7.11757121	31.9793497	16217
-5.5527724	32.3514654	16218
-3.97538255	32.6442477	16219
-2.38909044	32.8575912	16220
-0.797569217	32.9915347	16221
0.795536128	33.0462611	16222
2.38661342	33.0221029	16223
3.97208891	32.9195414	16224
5.54843382	32.7391959	16225
7.11217062	32.4818241	16226
8.65987295	32.1483152	16227
10.1881698	31.7396909	16228
11.6937456	31.2570999	16229
13.173343	30.7018185	16230
14.6237659	30.0752476	16231
16.0418831	29.3789143	16232
17.4246291	28.614466	16233
18.7690116	27.7836754	16234
20.0721085	26.8884301	16235
21.3310784	25.9307433	16236
22.5431566	24.9127424	16237
23.7056703	23.8366798	16238
24.8160292	22.7049213	16239
25.8717358	21.5199583	16240
26.8703869	20.2843998	16241
27.8096887	19.0009728	16242
28.6874667	17.6725285	16243
29.5016502	16.3020409	16244
30.2502749	14.8926176	16245
30.9314987	13.4474956	16246
31.543645	11.9700234	16247
32.0851987	10.4636691	16248
32.5547826	8.93203844	16249
32.9511686	7.37884945	16250
33.2733465	5.80791975	16251
33.5205011	4.22316001	16252
33.6920099	2.62860775	16253
33.7874745	1.02829837	16254
33.8067396	-0.573722083	16255
37.7481911	-2.40283893	16256
37.602471	-4.18315999	16257
37.3734075	-5.95241055	16258
37.0617771	-7.70643857	16259
36.6686428	-9.44115219	16260
36.1952032	-11.1526106	16261
35.642888	-12.8369011	16262
35.0132577	-14.4903091	16263
34.3080002	-16.1092438	16264
33.529015	-17.6902319	16265
32.6782976	-19.2299351	16266
31.7579308	-20.7251638	16267
30.7701325	-22.1728511	16268
29.7172624	-23.5700546	16269
28.6017597	-24.9139615	16270
27.4261359	-26.2018894	16271
26.1929864	-27.4312791	16272
24.9050012	-28.5996878	16273
23.5649657	-29.704796	16274
22.1757332	-30.7443945	16275
20.7402318	-31.7163964	16276
19.2614618	-32.618828	16277
17.742499	-33.4498364	16278
16.1864847	-34.2076822	16279
14.5966257	-34.8907465	16280
12.9761918	-35.497531	16281
11.3285176	-36.0266569	16282
9.65699312	-36.4768644	16283
7.96506688	-36.8470277	16284
6.25623966	-37.1361365	16285
4.53406645	-37.3433185	16286
2.80215076	-37.467824	16287
1.06414731	-37.5090475	16288
-0.676242869	-37.4665173	16289
-2.41527231	-37.3399086	16290
-4.14915352	-37.1290396	16291
-5.87406816	-36.8338812	16292
-7.58619512	-36.454562	16293
-9.28173774	-35.9913733	16294
-10.9568628	-35.4447408	16295
-12.6076867	-34.8152213	16296
-14.2303741	-34.1035445	16297
-15.8211032	-33.3106029	16298
-17.3760643	-32.4374413	16299
-18.8914716	-31.4852614	16300
-20.3635585	-30.4554221	16301
-21.7885906	-29.349381	16302
-23.1628522	-28.1688006	16303
-24.4826453	-26.9155274	16304
-25.7442931	-25.5915574	16305
-26.9441366	-24.1990549	16306
-28.0785393	-22.7403733	16307
-29.1438944	-21.2180666	16308
-30.1366435	-19.6348981	16309
-31.0533074	-17.9938488	16310
-31.8905131	-16.2981358	16311
-32.6449966	-14.5512456	16312
-33.3135754	-12.7569987	16313
-33.8931469	-10.9196053	16314
-34.3808217	-9.04366969	16315
-34.7740177	-7.13418382	16316
-35.0703388	-5.19673432	16317
-35.2679944	-3.23732333	16318
-35.3657029	-1.26238493	16319
-35.3623891	0.72062248	16320
-35.2577095	2.70369608	16321
-35.0513182	4.67953976	16322
-34.743479	6.64095168	16323
-34.3356233	8.58049823	16324
-33.8296897	10.49118	16325
-33.2279683	12.366549	16326
-32.5331035	14.2006901	16327
-31.748049	15.9881993	16328
-30.8760125	17.7241654	16329
-29.9203929	19.4041309	16330
-28.884741	21.024056	16331
-27.7727261	22.5802765	16332
-26.588111	24.0694575	16333
-25.3347382	25.4885657	16334
-24.0165189	26.8348357	16335
-22.6374264	28.1057522	16336
-21.2014837	29.2990353	16337
-19.7127691	30.4126227	16338
-18.175407	31.4446228	16339
-16.593567	32.3933286	16340
-14.9714319	33.2573047	16341
-13.3132271	34.0352645	16342
-11.6231863	34.7261282	16343
-9.90556839	35.3289909	16344
-8.1646318	35.8431259	16345
-6.40456594	36.2679597	16346
-4.62960136	36.6031103	16347
-2.84400643	36.8483978	16348
-1.05203059	37.0038204	16349
0.742109069	37.0695533	16350
2.53423357	37.0459537	16351
4.32020993	36.9335608	16352
6.09595963	36.7330814	16353
7.85746625	36.4453903	16354
9.60077646	36.0715222	16355
11.3220054	35.6126718	16356
13.0173382	35.0701875	16357
14.6830333	34.4455703	16358
16.3154277	33.7404707	16359
17.9109412	32.9566886	16360
19.4660788	32.0961661	16361
20.9774391	31.1609921	16362
22.4417122	30.153389	16363
23.8556918	29.0757238	16364
25.2162713	27.9304935	16365
26.5204614	26.720336	16366
27.7653806	25.4480152	16367
28.9482659	24.1164323	16368
30.0664758	22.7286161	16369
31.1175054	21.2877214	16370
32.0989999	19.7970325	16371
33.008736	18.2599582	16372
33.8446264	16.6800415	16373
34.6047319	15.0609534	16374
35.2873091	13.4064727	16375
35.8908064	11.7204881	16376
36.4138362	10.0070124	16377
36.8551858	8.27015695	16378
37.2138837	6.51411446	16379
37.489163	4.74314687	16380
37.6804524	2.96162255	16381
37.7874118	1.17389119	16382
37.8099426	-0.61570388	16383
42.2344456	-2.65769533	16384
42.0741334	-4.6482081	16385
41.8212868	-6.62687489	16386
41.4766648	-8.58920809	16387
41.041289	-10.53076	16388
40.5163142	-12.447211	16389
39.9031524	-14.3342522	16390
39.2033504	-16.1877489	16391
38.4186085	-18.0036696	16392
37.5508703	-19.7780861	16393
36.6022119	-21.5072005	16394
35.5748292	-23.1873564	16395
34.4710904	-24.8150191	16396
33.2935376	-26.3867821	16397
32.0448242	-27.8993779	16398
30.7277036	-29.3496749	16399
29.3450432	-30.7346743	16400
27.8998364	-32.0515086	16401
26.395194	-33.2974434	16402
24.834325	-34.4698778	16403
23.2205321	-35.5663442	16404
21.5572154	-36.58451	16405
19.8478701	-37.5221801	16406
18.0960793	-38.3772976	16407
16.3055095	-39.1479459	16408
14.4799089	-39.832351	16409
12.6231036	-40.4288831	16410
10.7389933	-40.9360605	16411
8.83154843	-41.3525514	16412
6.90480674	-41.6771757	16413
4.96287045	-41.9089092	16414
3.00990236	-42.0468879	16415
1.05012496	-42.0904099	16416
-0.912184104	-42.038944	16417
-2.87269419	-41.8921319	16418
-4.82702952	-41.649793	16419
-6.7707785	-41.3119248	16420
-8.69952515	-40.8787191	16421
-10.6088814	-40.3505658	16422
-12.494426	-39.7280166	16423
-14.3516844	-39.0117835	16424
-16.1762313	-38.202792	16425
-17.9636681	-37.3021567	16426
-19.709606	-36.3111711	16427
-21.4096932	-35.2313298	16428
-23.059615	-34.0643252	16429
-24.6551069	-32.8119874	16430
-26.1919404	-31.4763859	16431
-27.6659313	-30.0598108	16432
-29.0729451	-28.5647361	16433
-30.4088964	-26.9938413	16434
-31.6697572	-25.3500312	16435
-32.8515725	-23.6364497	16436
-33.9504906	-21.8564886	16437
-34.9628069	-20.0137909	16438
-35.8850076	-18.1122606	16439
-36.7137823	-16.156078	16440
-37.4460009	-14.1497469	16441
-38.078717	-12.0981345	16442
-38.6092973	-10.0064533	16443
-39.0355006	-7.88022413	16444
-39.3552702	-5.72545861	16445
-39.5670903	-3.54847793	16446
-39.6698836	-1.35593546	16447
-39.6627163	0.844557823	16448
-39.5453247	3.04488881	16449
-39.3172284	5.23761911	16450
-38.9784793	7.41529659	16451
-38.530305	9.57016406	16452
-37.9744072	11.6948439	16453
-37.3128403	13.7824436	16454
-36.5480416	15.8265348	16455
-35.6828163	17.8211437	16456
-34.7202888	19.7607463	16457
-33.6638506	21.6402456	16458
-32.5171175	23.4549469	16459
-31.283897	25.2005279	16460
-29.9681635	26.8730057	16461
-28.5740357	28.4687159	16462
-27.1057614	29.9842863	16463
-25.5677038	31.416625	16464
-23.9643269	32.7629153	16465
-22.3001856	34.0205926	16466
-20.579918	35.1873044	16467
-18.8082374	36.2609196	16468
-16.9898994	37.2396276	16469
-15.1297153	38.1218002	16470
-13.2325189	38.9060475	16471
-11.3031898	39.5912098	16472
-9.34661817	40.1763558	16473
-7.36763029	40.6607323	16474
-5.37110567	41.0438243	16475
-3.36196429	41.3253627	16476
-1.34510417	41.505297	16477
0.674613395	41.5837883	16478
2.6923706	41.5612178	16479
4.70340362	41.4381834	16480
6.7030137	41.2154899	16481
8.68657593	40.8941399	16482
10.6495421	40.4753304	16483
12.5874469	39.9604474	16484
14.495911	39.3510622	16485
16.3706469	38.6489284	16486
18.2074647	37.8559771	16487
20.0022773	36.9743135	16488
21.7511058	36.0062123	16489
23.4500861	34.9541145	16490
25.0954738	33.8206232	16491
26.6836495	32.6084988	16492
28.2111247	31.3206575	16493
29.6745512	29.9601663	16494
31.0707231	28.5302394	16495
32.3965777	27.0342353	16496
33.6492054	25.4756534	16497
34.825867	23.8581291	16498
35.9240016	22.1854296	16499
36.9412185	20.4614523	16500
37.8752898	18.6902255	16501
38.7241657	16.8759045	16502
39.4860291	15.0227494	16503
40.1592859	13.135119	16504
40.742533	11.2174802	16505
41.2345736	9.2743855	16506
41.6344775	7.31044788	16507
41.9415292	5.33032424	16508
42.1552099	3.33875573	16509
42.2752432	1.34044779	16510
42.3015928	-0.659918237	16511
%
% Boundary elements
%
NMARK= 2
MARKER_TAG= airfoil
MARKER_ELEMS= 128
3	0	1
3	1	2
3	2	3
3	3	4
3	4	5
3	5	6
3	6	7
3	7	8
3	8	9
3	9	10
3	10	11
3	11	12
3	12	13
3	13	14
3	14	15
3	15	16
3	16	17
3	17	18
3	18	19
3	19	20
3	20	21
3	21	22
3	22	23
3	23	24
3	24	25
3	25	26
3	26	27
3	27	28
3	28	29
3	29	30
3	30	31
3	31	32
3	32	33
3	33	34
3	34	35
3	35	36
3	36	37
3	37	38
3	38	39
3	39	40
3	40	41
3	41	42
3	42	43
3	43	44
3	44	45
3	45	46
3	46	47
3	47	48
3	48	49
3	49	50
3	50	51
3	51	52
3	52	53
3	53	54
3	54	55
3	55	56
3	56	57
3	57	58
3	58	59
3	59	60
3	60	61
3	61	62
3	62	63
3	63	64
3	64	65
3	65	66
3	66	67
3	67	68
3	68	69
3	69	70
3	70	71
3	71	72
3	72	73
3	73	74
3	74	75
3	75	76
3	76	77
3	77	78
3	78	79
3	79	80
3	80	81
3	81	82
3	82	83
3	83	84
3	84	85
3	85	86
3	86	87
3	87	88
3	88	89
3	89	90
3	90	91
3	91	92
3	92	93
3	93	94
3	94	95
3	95	96
3	96	97
3	97	98
3	98	99
3	99	100
3	100	101
3	101	102
3	102	103
3	103	104
3	104	105
3	105	106
3	106	107
3	107	108
3	108	109
3	109	110
3	110	111
3	111	112
3	112	113
3	113	114
3	114	115
3	115	116
3	116	117
3	117	118
3	118	119
3	119	120
3	120	121
3	121	122
3	122	123
3	123	124
3	124	125
3	125	126
3	126	127
3	127	0
MARKER_TAG= farfield
MARKER_ELEMS= 128
3	16384	16385
3	16385	16386
3	16386	16387
3	16387	16388
3	16388	16389
3	16389	16390
3	16390	16391
3	16391	16392
3	16392	16393
3	16393	16394
3	16394	16395
3	16395	16396
3	16396	16397
3	16397	16398
3	16398	16399
3	16399	16400
3	16400	16401
3	16401	16402
3	16402	16403
3	16403	16404
3	16404	16405
3	16405	16406
3	16406	16407
3	16407	16408
3	16408	16409
3	16409	16410
3	16410	16411
3	16411	16412
3	16412	16413
3	16413	16414
3	16414	16415
3	16415	16416
3	16416	16417
3	16417	16418
3	16418	16419
3	16419	16420
3	16420	16421
3	16421	16422
3	16422	16423
3	16423	16424
3	16424	16425
3	16425	16426
3	16426	16427
3	16427	16428
3	16428	16429
3	16429	16430
3	16430	16431
3	16431	16432
3	16432	16433
3	16433	16434
3	16434	16435
3	16435	16436
3	16436	16437
3	16437	16438
3	16438	16439
3	16439	16440
3	16440	16441
3	16441	16442
3	16442	16443
3	16443	16444
3	16444	16445
3	16445	16446
3	16446	16447
3	16447	16448
3	16448	16449
3	16449	16450
3	16450	16451
3	16451	16452
3	16452	16453
3	16453	16454
3	16454	16455
3	16455	16456
3	16456	16457
3	16457	16458
3	16458	16459
3	16459	16460
3	16460	16461
3	16461	16462
3	16462	16463
3	16463	16464
3	16464	16465
3	16465	16466
3	16466	16467
3	16467	16468
3	16468	16469
3	16469	16470
3	16470	16471
3	16471	16472
3	16472	16473
3	16473	16474
3	16474	16475
3	16475	16476
3	16476	16477
3	16477	16478
3	16478	16479
3	16479	16480
3	16480	16481
3	16481	16482
3	16482	16483
3	16483	16484
3	16484	16485
3	16485	16486
3	16486	16487
3	16487	16488
3	16488	16489
3	16489	16490
3	16490	16491
3	16491	16492
3	16492	16493
3	16493	16494
3	16494	16495
3	16495	16496
3	16496	16497
3	16497	16498
3	16498	16499
3	16499	16500
3	16500	16501
3	16501	16502
3	16502	16503
3	16503	16504
3	16504	16505
3	16505	16506
3	16506	16507
3	16507	16508
3	16508	16509
3	16509	16510
3	16510	16511
3	16511	16384
