% naca 2412 64x64
% Thu Aug  7 21:06:08 2025
%
% Problem dimension
%
NDIME= 2
%
% Inner element connectivity
%
NELEM= 4096
9	0	1	65	64	0
9	1	2	66	65	1
9	2	3	67	66	2
9	3	4	68	67	3
9	4	5	69	68	4
9	5	6	70	69	5
9	6	7	71	70	6
9	7	8	72	71	7
9	8	9	73	72	8
9	9	10	74	73	9
9	10	11	75	74	10
9	11	12	76	75	11
9	12	13	77	76	12
9	13	14	78	77	13
9	14	15	79	78	14
9	15	16	80	79	15
9	16	17	81	80	16
9	17	18	82	81	17
9	18	19	83	82	18
9	19	20	84	83	19
9	20	21	85	84	20
9	21	22	86	85	21
9	22	23	87	86	22
9	23	24	88	87	23
9	24	25	89	88	24
9	25	26	90	89	25
9	26	27	91	90	26
9	27	28	92	91	27
9	28	29	93	92	28
9	29	30	94	93	29
9	30	31	95	94	30
9	31	32	96	95	31
9	32	33	97	96	32
9	33	34	98	97	33
9	34	35	99	98	34
9	35	36	100	99	35
9	36	37	101	100	36
9	37	38	102	101	37
9	38	39	103	102	38
9	39	40	104	103	39
9	40	41	105	104	40
9	41	42	106	105	41
9	42	43	107	106	42
9	43	44	108	107	43
9	44	45	109	108	44
9	45	46	110	109	45
9	46	47	111	110	46
9	47	48	112	111	47
9	48	49	113	112	48
9	49	50	114	113	49
9	50	51	115	114	50
9	51	52	116	115	51
9	52	53	117	116	52
9	53	54	118	117	53
9	54	55	119	118	54
9	55	56	120	119	55
9	56	57	121	120	56
9	57	58	122	121	57
9	58	59	123	122	58
9	59	60	124	123	59
9	60	61	125	124	60
9	61	62	126	125	61
9	62	63	127	126	62
9	63	0	64	127	63
9	64	65	129	128	64
9	65	66	130	129	65
9	66	67	131	130	66
9	67	68	132	131	67
9	68	69	133	132	68
9	69	70	134	133	69
9	70	71	135	134	70
9	71	72	136	135	71
9	72	73	137	136	72
9	73	74	138	137	73
9	74	75	139	138	74
9	75	76	140	139	75
9	76	77	141	140	76
9	77	78	142	141	77
9	78	79	143	142	78
9	79	80	144	143	79
9	80	81	145	144	80
9	81	82	146	145	81
9	82	83	147	146	82
9	83	84	148	147	83
9	84	85	149	148	84
9	85	86	150	149	85
9	86	87	151	150	86
9	87	88	152	151	87
9	88	89	153	152	88
9	89	90	154	153	89
9	90	91	155	154	90
9	91	92	156	155	91
9	92	93	157	156	92
9	93	94	158	157	93
9	94	95	159	158	94
9	95	96	160	159	95
9	96	97	161	160	96
9	97	98	162	161	97
9	98	99	163	162	98
9	99	100	164	163	99
9	100	101	165	164	100
9	101	102	166	165	101
9	102	103	167	166	102
9	103	104	168	167	103
9	104	105	169	168	104
9	105	106	170	169	105
9	106	107	171	170	106
9	107	108	172	171	107
9	108	109	173	172	108
9	109	110	174	173	109
9	110	111	175	174	110
9	111	112	176	175	111
9	112	113	177	176	112
9	113	114	178	177	113
9	114	115	179	178	114
9	115	116	180	179	115
9	116	117	181	180	116
9	117	118	182	181	117
9	118	119	183	182	118
9	119	120	184	183	119
9	120	121	185	184	120
9	121	122	186	185	121
9	122	123	187	186	122
9	123	124	188	187	123
9	124	125	189	188	124
9	125	126	190	189	125
9	126	127	191	190	126
9	127	64	128	191	127
9	128	129	193	192	128
9	129	130	194	193	129
9	130	131	195	194	130
9	131	132	196	195	131
9	132	133	197	196	132
9	133	134	198	197	133
9	134	135	199	198	134
9	135	136	200	199	135
9	136	137	201	200	136
9	137	138	202	201	137
9	138	139	203	202	138
9	139	140	204	203	139
9	140	141	205	204	140
9	141	142	206	205	141
9	142	143	207	206	142
9	143	144	208	207	143
9	144	145	209	208	144
9	145	146	210	209	145
9	146	147	211	210	146
9	147	148	212	211	147
9	148	149	213	212	148
9	149	150	214	213	149
9	150	151	215	214	150
9	151	152	216	215	151
9	152	153	217	216	152
9	153	154	218	217	153
9	154	155	219	218	154
9	155	156	220	219	155
9	156	157	221	220	156
9	157	158	222	221	157
9	158	159	223	222	158
9	159	160	224	223	159
9	160	161	225	224	160
9	161	162	226	225	161
9	162	163	227	226	162
9	163	164	228	227	163
9	164	165	229	228	164
9	165	166	230	229	165
9	166	167	231	230	166
9	167	168	232	231	167
9	168	169	233	232	168
9	169	170	234	233	169
9	170	171	235	234	170
9	171	172	236	235	171
9	172	173	237	236	172
9	173	174	238	237	173
9	174	175	239	238	174
9	175	176	240	239	175
9	176	177	241	240	176
9	177	178	242	241	177
9	178	179	243	242	178
9	179	180	244	243	179
9	180	181	245	244	180
9	181	182	246	245	181
9	182	183	247	246	182
9	183	184	248	247	183
9	184	185	249	248	184
9	185	186	250	249	185
9	186	187	251	250	186
9	187	188	252	251	187
9	188	189	253	252	188
9	189	190	254	253	189
9	190	191	255	254	190
9	191	128	192	255	191
9	192	193	257	256	192
9	193	194	258	257	193
9	194	195	259	258	194
9	195	196	260	259	195
9	196	197	261	260	196
9	197	198	262	261	197
9	198	199	263	262	198
9	199	200	264	263	199
9	200	201	265	264	200
9	201	202	266	265	201
9	202	203	267	266	202
9	203	204	268	267	203
9	204	205	269	268	204
9	205	206	270	269	205
9	206	207	271	270	206
9	207	208	272	271	207
9	208	209	273	272	208
9	209	210	274	273	209
9	210	211	275	274	210
9	211	212	276	275	211
9	212	213	277	276	212
9	213	214	278	277	213
9	214	215	279	278	214
9	215	216	280	279	215
9	216	217	281	280	216
9	217	218	282	281	217
9	218	219	283	282	218
9	219	220	284	283	219
9	220	221	285	284	220
9	221	222	286	285	221
9	222	223	287	286	222
9	223	224	288	287	223
9	224	225	289	288	224
9	225	226	290	289	225
9	226	227	291	290	226
9	227	228	292	291	227
9	228	229	293	292	228
9	229	230	294	293	229
9	230	231	295	294	230
9	231	232	296	295	231
9	232	233	297	296	232
9	233	234	298	297	233
9	234	235	299	298	234
9	235	236	300	299	235
9	236	237	301	300	236
9	237	238	302	301	237
9	238	239	303	302	238
9	239	240	304	303	239
9	240	241	305	304	240
9	241	242	306	305	241
9	242	243	307	306	242
9	243	244	308	307	243
9	244	245	309	308	244
9	245	246	310	309	245
9	246	247	311	310	246
9	247	248	312	311	247
9	248	249	313	312	248
9	249	250	314	313	249
9	250	251	315	314	250
9	251	252	316	315	251
9	252	253	317	316	252
9	253	254	318	317	253
9	254	255	319	318	254
9	255	192	256	319	255
9	256	257	321	320	256
9	257	258	322	321	257
9	258	259	323	322	258
9	259	260	324	323	259
9	260	261	325	324	260
9	261	262	326	325	261
9	262	263	327	326	262
9	263	264	328	327	263
9	264	265	329	328	264
9	265	266	330	329	265
9	266	267	331	330	266
9	267	268	332	331	267
9	268	269	333	332	268
9	269	270	334	333	269
9	270	271	335	334	270
9	271	272	336	335	271
9	272	273	337	336	272
9	273	274	338	337	273
9	274	275	339	338	274
9	275	276	340	339	275
9	276	277	341	340	276
9	277	278	342	341	277
9	278	279	343	342	278
9	279	280	344	343	279
9	280	281	345	344	280
9	281	282	346	345	281
9	282	283	347	346	282
9	283	284	348	347	283
9	284	285	349	348	284
9	285	286	350	349	285
9	286	287	351	350	286
9	287	288	352	351	287
9	288	289	353	352	288
9	289	290	354	353	289
9	290	291	355	354	290
9	291	292	356	355	291
9	292	293	357	356	292
9	293	294	358	357	293
9	294	295	359	358	294
9	295	296	360	359	295
9	296	297	361	360	296
9	297	298	362	361	297
9	298	299	363	362	298
9	299	300	364	363	299
9	300	301	365	364	300
9	301	302	366	365	301
9	302	303	367	366	302
9	303	304	368	367	303
9	304	305	369	368	304
9	305	306	370	369	305
9	306	307	371	370	306
9	307	308	372	371	307
9	308	309	373	372	308
9	309	310	374	373	309
9	310	311	375	374	310
9	311	312	376	375	311
9	312	313	377	376	312
9	313	314	378	377	313
9	314	315	379	378	314
9	315	316	380	379	315
9	316	317	381	380	316
9	317	318	382	381	317
9	318	319	383	382	318
9	319	256	320	383	319
9	320	321	385	384	320
9	321	322	386	385	321
9	322	323	387	386	322
9	323	324	388	387	323
9	324	325	389	388	324
9	325	326	390	389	325
9	326	327	391	390	326
9	327	328	392	391	327
9	328	329	393	392	328
9	329	330	394	393	329
9	330	331	395	394	330
9	331	332	396	395	331
9	332	333	397	396	332
9	333	334	398	397	333
9	334	335	399	398	334
9	335	336	400	399	335
9	336	337	401	400	336
9	337	338	402	401	337
9	338	339	403	402	338
9	339	340	404	403	339
9	340	341	405	404	340
9	341	342	406	405	341
9	342	343	407	406	342
9	343	344	408	407	343
9	344	345	409	408	344
9	345	346	410	409	345
9	346	347	411	410	346
9	347	348	412	411	347
9	348	349	413	412	348
9	349	350	414	413	349
9	350	351	415	414	350
9	351	352	416	415	351
9	352	353	417	416	352
9	353	354	418	417	353
9	354	355	419	418	354
9	355	356	420	419	355
9	356	357	421	420	356
9	357	358	422	421	357
9	358	359	423	422	358
9	359	360	424	423	359
9	360	361	425	424	360
9	361	362	426	425	361
9	362	363	427	426	362
9	363	364	428	427	363
9	364	365	429	428	364
9	365	366	430	429	365
9	366	367	431	430	366
9	367	368	432	431	367
9	368	369	433	432	368
9	369	370	434	433	369
9	370	371	435	434	370
9	371	372	436	435	371
9	372	373	437	436	372
9	373	374	438	437	373
9	374	375	439	438	374
9	375	376	440	439	375
9	376	377	441	440	376
9	377	378	442	441	377
9	378	379	443	442	378
9	379	380	444	443	379
9	380	381	445	444	380
9	381	382	446	445	381
9	382	383	447	446	382
9	383	320	384	447	383
9	384	385	449	448	384
9	385	386	450	449	385
9	386	387	451	450	386
9	387	388	452	451	387
9	388	389	453	452	388
9	389	390	454	453	389
9	390	391	455	454	390
9	391	392	456	455	391
9	392	393	457	456	392
9	393	394	458	457	393
9	394	395	459	458	394
9	395	396	460	459	395
9	396	397	461	460	396
9	397	398	462	461	397
9	398	399	463	462	398
9	399	400	464	463	399
9	400	401	465	464	400
9	401	402	466	465	401
9	402	403	467	466	402
9	403	404	468	467	403
9	404	405	469	468	404
9	405	406	470	469	405
9	406	407	471	470	406
9	407	408	472	471	407
9	408	409	473	472	408
9	409	410	474	473	409
9	410	411	475	474	410
9	411	412	476	475	411
9	412	413	477	476	412
9	413	414	478	477	413
9	414	415	479	478	414
9	415	416	480	479	415
9	416	417	481	480	416
9	417	418	482	481	417
9	418	419	483	482	418
9	419	420	484	483	419
9	420	421	485	484	420
9	421	422	486	485	421
9	422	423	487	486	422
9	423	424	488	487	423
9	424	425	489	488	424
9	425	426	490	489	425
9	426	427	491	490	426
9	427	428	492	491	427
9	428	429	493	492	428
9	429	430	494	493	429
9	430	431	495	494	430
9	431	432	496	495	431
9	432	433	497	496	432
9	433	434	498	497	433
9	434	435	499	498	434
9	435	436	500	499	435
9	436	437	501	500	436
9	437	438	502	501	437
9	438	439	503	502	438
9	439	440	504	503	439
9	440	441	505	504	440
9	441	442	506	505	441
9	442	443	507	506	442
9	443	444	508	507	443
9	444	445	509	508	444
9	445	446	510	509	445
9	446	447	511	510	446
9	447	384	448	511	447
9	448	449	513	512	448
9	449	450	514	513	449
9	450	451	515	514	450
9	451	452	516	515	451
9	452	453	517	516	452
9	453	454	518	517	453
9	454	455	519	518	454
9	455	456	520	519	455
9	456	457	521	520	456
9	457	458	522	521	457
9	458	459	523	522	458
9	459	460	524	523	459
9	460	461	525	524	460
9	461	462	526	525	461
9	462	463	527	526	462
9	463	464	528	527	463
9	464	465	529	528	464
9	465	466	530	529	465
9	466	467	531	530	466
9	467	468	532	531	467
9	468	469	533	532	468
9	469	470	534	533	469
9	470	471	535	534	470
9	471	472	536	535	471
9	472	473	537	536	472
9	473	474	538	537	473
9	474	475	539	538	474
9	475	476	540	539	475
9	476	477	541	540	476
9	477	478	542	541	477
9	478	479	543	542	478
9	479	480	544	543	479
9	480	481	545	544	480
9	481	482	546	545	481
9	482	483	547	546	482
9	483	484	548	547	483
9	484	485	549	548	484
9	485	486	550	549	485
9	486	487	551	550	486
9	487	488	552	551	487
9	488	489	553	552	488
9	489	490	554	553	489
9	490	491	555	554	490
9	491	492	556	555	491
9	492	493	557	556	492
9	493	494	558	557	493
9	494	495	559	558	494
9	495	496	560	559	495
9	496	497	561	560	496
9	497	498	562	561	497
9	498	499	563	562	498
9	499	500	564	563	499
9	500	501	565	564	500
9	501	502	566	565	501
9	502	503	567	566	502
9	503	504	568	567	503
9	504	505	569	568	504
9	505	506	570	569	505
9	506	507	571	570	506
9	507	508	572	571	507
9	508	509	573	572	508
9	509	510	574	573	509
9	510	511	575	574	510
9	511	448	512	575	511
9	512	513	577	576	512
9	513	514	578	577	513
9	514	515	579	578	514
9	515	516	580	579	515
9	516	517	581	580	516
9	517	518	582	581	517
9	518	519	583	582	518
9	519	520	584	583	519
9	520	521	585	584	520
9	521	522	586	585	521
9	522	523	587	586	522
9	523	524	588	587	523
9	524	525	589	588	524
9	525	526	590	589	525
9	526	527	591	590	526
9	527	528	592	591	527
9	528	529	593	592	528
9	529	530	594	593	529
9	530	531	595	594	530
9	531	532	596	595	531
9	532	533	597	596	532
9	533	534	598	597	533
9	534	535	599	598	534
9	535	536	600	599	535
9	536	537	601	600	536
9	537	538	602	601	537
9	538	539	603	602	538
9	539	540	604	603	539
9	540	541	605	604	540
9	541	542	606	605	541
9	542	543	607	606	542
9	543	544	608	607	543
9	544	545	609	608	544
9	545	546	610	609	545
9	546	547	611	610	546
9	547	548	612	611	547
9	548	549	613	612	548
9	549	550	614	613	549
9	550	551	615	614	550
9	551	552	616	615	551
9	552	553	617	616	552
9	553	554	618	617	553
9	554	555	619	618	554
9	555	556	620	619	555
9	556	557	621	620	556
9	557	558	622	621	557
9	558	559	623	622	558
9	559	560	624	623	559
9	560	561	625	624	560
9	561	562	626	625	561
9	562	563	627	626	562
9	563	564	628	627	563
9	564	565	629	628	564
9	565	566	630	629	565
9	566	567	631	630	566
9	567	568	632	631	567
9	568	569	633	632	568
9	569	570	634	633	569
9	570	571	635	634	570
9	571	572	636	635	571
9	572	573	637	636	572
9	573	574	638	637	573
9	574	575	639	638	574
9	575	512	576	639	575
9	576	577	641	640	576
9	577	578	642	641	577
9	578	579	643	642	578
9	579	580	644	643	579
9	580	581	645	644	580
9	581	582	646	645	581
9	582	583	647	646	582
9	583	584	648	647	583
9	584	585	649	648	584
9	585	586	650	649	585
9	586	587	651	650	586
9	587	588	652	651	587
9	588	589	653	652	588
9	589	590	654	653	589
9	590	591	655	654	590
9	591	592	656	655	591
9	592	593	657	656	592
9	593	594	658	657	593
9	594	595	659	658	594
9	595	596	660	659	595
9	596	597	661	660	596
9	597	598	662	661	597
9	598	599	663	662	598
9	599	600	664	663	599
9	600	601	665	664	600
9	601	602	666	665	601
9	602	603	667	666	602
9	603	604	668	667	603
9	604	605	669	668	604
9	605	606	670	669	605
9	606	607	671	670	606
9	607	608	672	671	607
9	608	609	673	672	608
9	609	610	674	673	609
9	610	611	675	674	610
9	611	612	676	675	611
9	612	613	677	676	612
9	613	614	678	677	613
9	614	615	679	678	614
9	615	616	680	679	615
9	616	617	681	680	616
9	617	618	682	681	617
9	618	619	683	682	618
9	619	620	684	683	619
9	620	621	685	684	620
9	621	622	686	685	621
9	622	623	687	686	622
9	623	624	688	687	623
9	624	625	689	688	624
9	625	626	690	689	625
9	626	627	691	690	626
9	627	628	692	691	627
9	628	629	693	692	628
9	629	630	694	693	629
9	630	631	695	694	630
9	631	632	696	695	631
9	632	633	697	696	632
9	633	634	698	697	633
9	634	635	699	698	634
9	635	636	700	699	635
9	636	637	701	700	636
9	637	638	702	701	637
9	638	639	703	702	638
9	639	576	640	703	639
9	640	641	705	704	640
9	641	642	706	705	641
9	642	643	707	706	642
9	643	644	708	707	643
9	644	645	709	708	644
9	645	646	710	709	645
9	646	647	711	710	646
9	647	648	712	711	647
9	648	649	713	712	648
9	649	650	714	713	649
9	650	651	715	714	650
9	651	652	716	715	651
9	652	653	717	716	652
9	653	654	718	717	653
9	654	655	719	718	654
9	655	656	720	719	655
9	656	657	721	720	656
9	657	658	722	721	657
9	658	659	723	722	658
9	659	660	724	723	659
9	660	661	725	724	660
9	661	662	726	725	661
9	662	663	727	726	662
9	663	664	728	727	663
9	664	665	729	728	664
9	665	666	730	729	665
9	666	667	731	730	666
9	667	668	732	731	667
9	668	669	733	732	668
9	669	670	734	733	669
9	670	671	735	734	670
9	671	672	736	735	671
9	672	673	737	736	672
9	673	674	738	737	673
9	674	675	739	738	674
9	675	676	740	739	675
9	676	677	741	740	676
9	677	678	742	741	677
9	678	679	743	742	678
9	679	680	744	743	679
9	680	681	745	744	680
9	681	682	746	745	681
9	682	683	747	746	682
9	683	684	748	747	683
9	684	685	749	748	684
9	685	686	750	749	685
9	686	687	751	750	686
9	687	688	752	751	687
9	688	689	753	752	688
9	689	690	754	753	689
9	690	691	755	754	690
9	691	692	756	755	691
9	692	693	757	756	692
9	693	694	758	757	693
9	694	695	759	758	694
9	695	696	760	759	695
9	696	697	761	760	696
9	697	698	762	761	697
9	698	699	763	762	698
9	699	700	764	763	699
9	700	701	765	764	700
9	701	702	766	765	701
9	702	703	767	766	702
9	703	640	704	767	703
9	704	705	769	768	704
9	705	706	770	769	705
9	706	707	771	770	706
9	707	708	772	771	707
9	708	709	773	772	708
9	709	710	774	773	709
9	710	711	775	774	710
9	711	712	776	775	711
9	712	713	777	776	712
9	713	714	778	777	713
9	714	715	779	778	714
9	715	716	780	779	715
9	716	717	781	780	716
9	717	718	782	781	717
9	718	719	783	782	718
9	719	720	784	783	719
9	720	721	785	784	720
9	721	722	786	785	721
9	722	723	787	786	722
9	723	724	788	787	723
9	724	725	789	788	724
9	725	726	790	789	725
9	726	727	791	790	726
9	727	728	792	791	727
9	728	729	793	792	728
9	729	730	794	793	729
9	730	731	795	794	730
9	731	732	796	795	731
9	732	733	797	796	732
9	733	734	798	797	733
9	734	735	799	798	734
9	735	736	800	799	735
9	736	737	801	800	736
9	737	738	802	801	737
9	738	739	803	802	738
9	739	740	804	803	739
9	740	741	805	804	740
9	741	742	806	805	741
9	742	743	807	806	742
9	743	744	808	807	743
9	744	745	809	808	744
9	745	746	810	809	745
9	746	747	811	810	746
9	747	748	812	811	747
9	748	749	813	812	748
9	749	750	814	813	749
9	750	751	815	814	750
9	751	752	816	815	751
9	752	753	817	816	752
9	753	754	818	817	753
9	754	755	819	818	754
9	755	756	820	819	755
9	756	757	821	820	756
9	757	758	822	821	757
9	758	759	823	822	758
9	759	760	824	823	759
9	760	761	825	824	760
9	761	762	826	825	761
9	762	763	827	826	762
9	763	764	828	827	763
9	764	765	829	828	764
9	765	766	830	829	765
9	766	767	831	830	766
9	767	704	768	831	767
9	768	769	833	832	768
9	769	770	834	833	769
9	770	771	835	834	770
9	771	772	836	835	771
9	772	773	837	836	772
9	773	774	838	837	773
9	774	775	839	838	774
9	775	776	840	839	775
9	776	777	841	840	776
9	777	778	842	841	777
9	778	779	843	842	778
9	779	780	844	843	779
9	780	781	845	844	780
9	781	782	846	845	781
9	782	783	847	846	782
9	783	784	848	847	783
9	784	785	849	848	784
9	785	786	850	849	785
9	786	787	851	850	786
9	787	788	852	851	787
9	788	789	853	852	788
9	789	790	854	853	789
9	790	791	855	854	790
9	791	792	856	855	791
9	792	793	857	856	792
9	793	794	858	857	793
9	794	795	859	858	794
9	795	796	860	859	795
9	796	797	861	860	796
9	797	798	862	861	797
9	798	799	863	862	798
9	799	800	864	863	799
9	800	801	865	864	800
9	801	802	866	865	801
9	802	803	867	866	802
9	803	804	868	867	803
9	804	805	869	868	804
9	805	806	870	869	805
9	806	807	871	870	806
9	807	808	872	871	807
9	808	809	873	872	808
9	809	810	874	873	809
9	810	811	875	874	810
9	811	812	876	875	811
9	812	813	877	876	812
9	813	814	878	877	813
9	814	815	879	878	814
9	815	816	880	879	815
9	816	817	881	880	816
9	817	818	882	881	817
9	818	819	883	882	818
9	819	820	884	883	819
9	820	821	885	884	820
9	821	822	886	885	821
9	822	823	887	886	822
9	823	824	888	887	823
9	824	825	889	888	824
9	825	826	890	889	825
9	826	827	891	890	826
9	827	828	892	891	827
9	828	829	893	892	828
9	829	830	894	893	829
9	830	831	895	894	830
9	831	768	832	895	831
9	832	833	897	896	832
9	833	834	898	897	833
9	834	835	899	898	834
9	835	836	900	899	835
9	836	837	901	900	836
9	837	838	902	901	837
9	838	839	903	902	838
9	839	840	904	903	839
9	840	841	905	904	840
9	841	842	906	905	841
9	842	843	907	906	842
9	843	844	908	907	843
9	844	845	909	908	844
9	845	846	910	909	845
9	846	847	911	910	846
9	847	848	912	911	847
9	848	849	913	912	848
9	849	850	914	913	849
9	850	851	915	914	850
9	851	852	916	915	851
9	852	853	917	916	852
9	853	854	918	917	853
9	854	855	919	918	854
9	855	856	920	919	855
9	856	857	921	920	856
9	857	858	922	921	857
9	858	859	923	922	858
9	859	860	924	923	859
9	860	861	925	924	860
9	861	862	926	925	861
9	862	863	927	926	862
9	863	864	928	927	863
9	864	865	929	928	864
9	865	866	930	929	865
9	866	867	931	930	866
9	867	868	932	931	867
9	868	869	933	932	868
9	869	870	934	933	869
9	870	871	935	934	870
9	871	872	936	935	871
9	872	873	937	936	872
9	873	874	938	937	873
9	874	875	939	938	874
9	875	876	940	939	875
9	876	877	941	940	876
9	877	878	942	941	877
9	878	879	943	942	878
9	879	880	944	943	879
9	880	881	945	944	880
9	881	882	946	945	881
9	882	883	947	946	882
9	883	884	948	947	883
9	884	885	949	948	884
9	885	886	950	949	885
9	886	887	951	950	886
9	887	888	952	951	887
9	888	889	953	952	888
9	889	890	954	953	889
9	890	891	955	954	890
9	891	892	956	955	891
9	892	893	957	956	892
9	893	894	958	957	893
9	894	895	959	958	894
9	895	832	896	959	895
9	896	897	961	960	896
9	897	898	962	961	897
9	898	899	963	962	898
9	899	900	964	963	899
9	900	901	965	964	900
9	901	902	966	965	901
9	902	903	967	966	902
9	903	904	968	967	903
9	904	905	969	968	904
9	905	906	970	969	905
9	906	907	971	970	906
9	907	908	972	971	907
9	908	909	973	972	908
9	909	910	974	973	909
9	910	911	975	974	910
9	911	912	976	975	911
9	912	913	977	976	912
9	913	914	978	977	913
9	914	915	979	978	914
9	915	916	980	979	915
9	916	917	981	980	916
9	917	918	982	981	917
9	918	919	983	982	918
9	919	920	984	983	919
9	920	921	985	984	920
9	921	922	986	985	921
9	922	923	987	986	922
9	923	924	988	987	923
9	924	925	989	988	924
9	925	926	990	989	925
9	926	927	991	990	926
9	927	928	992	991	927
9	928	929	993	992	928
9	929	930	994	993	929
9	930	931	995	994	930
9	931	932	996	995	931
9	932	933	997	996	932
9	933	934	998	997	933
9	934	935	999	998	934
9	935	936	1000	999	935
9	936	937	1001	1000	936
9	937	938	1002	1001	937
9	938	939	1003	1002	938
9	939	940	1004	1003	939
9	940	941	1005	1004	940
9	941	942	1006	1005	941
9	942	943	1007	1006	942
9	943	944	1008	1007	943
9	944	945	1009	1008	944
9	945	946	1010	1009	945
9	946	947	1011	1010	946
9	947	948	1012	1011	947
9	948	949	1013	1012	948
9	949	950	1014	1013	949
9	950	951	1015	1014	950
9	951	952	1016	1015	951
9	952	953	1017	1016	952
9	953	954	1018	1017	953
9	954	955	1019	1018	954
9	955	956	1020	1019	955
9	956	957	1021	1020	956
9	957	958	1022	1021	957
9	958	959	1023	1022	958
9	959	896	960	1023	959
9	960	961	1025	1024	960
9	961	962	1026	1025	961
9	962	963	1027	1026	962
9	963	964	1028	1027	963
9	964	965	1029	1028	964
9	965	966	1030	1029	965
9	966	967	1031	1030	966
9	967	968	1032	1031	967
9	968	969	1033	1032	968
9	969	970	1034	1033	969
9	970	971	1035	1034	970
9	971	972	1036	1035	971
9	972	973	1037	1036	972
9	973	974	1038	1037	973
9	974	975	1039	1038	974
9	975	976	1040	1039	975
9	976	977	1041	1040	976
9	977	978	1042	1041	977
9	978	979	1043	1042	978
9	979	980	1044	1043	979
9	980	981	1045	1044	980
9	981	982	1046	1045	981
9	982	983	1047	1046	982
9	983	984	1048	1047	983
9	984	985	1049	1048	984
9	985	986	1050	1049	985
9	986	987	1051	1050	986
9	987	988	1052	1051	987
9	988	989	1053	1052	988
9	989	990	1054	1053	989
9	990	991	1055	1054	990
9	991	992	1056	1055	991
9	992	993	1057	1056	992
9	993	994	1058	1057	993
9	994	995	1059	1058	994
9	995	996	1060	1059	995
9	996	997	1061	1060	996
9	997	998	1062	1061	997
9	998	999	1063	1062	998
9	999	1000	1064	1063	999
9	1000	1001	1065	1064	1000
9	1001	1002	1066	1065	1001
9	1002	1003	1067	1066	1002
9	1003	1004	1068	1067	1003
9	1004	1005	1069	1068	1004
9	1005	1006	1070	1069	1005
9	1006	1007	1071	1070	1006
9	1007	1008	1072	1071	1007
9	1008	1009	1073	1072	1008
9	1009	1010	1074	1073	1009
9	1010	1011	1075	1074	1010
9	1011	1012	1076	1075	1011
9	1012	1013	1077	1076	1012
9	1013	1014	1078	1077	1013
9	1014	1015	1079	1078	1014
9	1015	1016	1080	1079	1015
9	1016	1017	1081	1080	1016
9	1017	1018	1082	1081	1017
9	1018	1019	1083	1082	1018
9	1019	1020	1084	1083	1019
9	1020	1021	1085	1084	1020
9	1021	1022	1086	1085	1021
9	1022	1023	1087	1086	1022
9	1023	960	1024	1087	1023
9	1024	1025	1089	1088	1024
9	1025	1026	1090	1089	1025
9	1026	1027	1091	1090	1026
9	1027	1028	1092	1091	1027
9	1028	1029	1093	1092	1028
9	1029	1030	1094	1093	1029
9	1030	1031	1095	1094	1030
9	1031	1032	1096	1095	1031
9	1032	1033	1097	1096	1032
9	1033	1034	1098	1097	1033
9	1034	1035	1099	1098	1034
9	1035	1036	1100	1099	1035
9	1036	1037	1101	1100	1036
9	1037	1038	1102	1101	1037
9	1038	1039	1103	1102	1038
9	1039	1040	1104	1103	1039
9	1040	1041	1105	1104	1040
9	1041	1042	1106	1105	1041
9	1042	1043	1107	1106	1042
9	1043	1044	1108	1107	1043
9	1044	1045	1109	1108	1044
9	1045	1046	1110	1109	1045
9	1046	1047	1111	1110	1046
9	1047	1048	1112	1111	1047
9	1048	1049	1113	1112	1048
9	1049	1050	1114	1113	1049
9	1050	1051	1115	1114	1050
9	1051	1052	1116	1115	1051
9	1052	1053	1117	1116	1052
9	1053	1054	1118	1117	1053
9	1054	1055	1119	1118	1054
9	1055	1056	1120	1119	1055
9	1056	1057	1121	1120	1056
9	1057	1058	1122	1121	1057
9	1058	1059	1123	1122	1058
9	1059	1060	1124	1123	1059
9	1060	1061	1125	1124	1060
9	1061	1062	1126	1125	1061
9	1062	1063	1127	1126	1062
9	1063	1064	1128	1127	1063
9	1064	1065	1129	1128	1064
9	1065	1066	1130	1129	1065
9	1066	1067	1131	1130	1066
9	1067	1068	1132	1131	1067
9	1068	1069	1133	1132	1068
9	1069	1070	1134	1133	1069
9	1070	1071	1135	1134	1070
9	1071	1072	1136	1135	1071
9	1072	1073	1137	1136	1072
9	1073	1074	1138	1137	1073
9	1074	1075	1139	1138	1074
9	1075	1076	1140	1139	1075
9	1076	1077	1141	1140	1076
9	1077	1078	1142	1141	1077
9	1078	1079	1143	1142	1078
9	1079	1080	1144	1143	1079
9	1080	1081	1145	1144	1080
9	1081	1082	1146	1145	1081
9	1082	1083	1147	1146	1082
9	1083	1084	1148	1147	1083
9	1084	1085	1149	1148	1084
9	1085	1086	1150	1149	1085
9	1086	1087	1151	1150	1086
9	1087	1024	1088	1151	1087
9	1088	1089	1153	1152	1088
9	1089	1090	1154	1153	1089
9	1090	1091	1155	1154	1090
9	1091	1092	1156	1155	1091
9	1092	1093	1157	1156	1092
9	1093	1094	1158	1157	1093
9	1094	1095	1159	1158	1094
9	1095	1096	1160	1159	1095
9	1096	1097	1161	1160	1096
9	1097	1098	1162	1161	1097
9	1098	1099	1163	1162	1098
9	1099	1100	1164	1163	1099
9	1100	1101	1165	1164	1100
9	1101	1102	1166	1165	1101
9	1102	1103	1167	1166	1102
9	1103	1104	1168	1167	1103
9	1104	1105	1169	1168	1104
9	1105	1106	1170	1169	1105
9	1106	1107	1171	1170	1106
9	1107	1108	1172	1171	1107
9	1108	1109	1173	1172	1108
9	1109	1110	1174	1173	1109
9	1110	1111	1175	1174	1110
9	1111	1112	1176	1175	1111
9	1112	1113	1177	1176	1112
9	1113	1114	1178	1177	1113
9	1114	1115	1179	1178	1114
9	1115	1116	1180	1179	1115
9	1116	1117	1181	1180	1116
9	1117	1118	1182	1181	1117
9	1118	1119	1183	1182	1118
9	1119	1120	1184	1183	1119
9	1120	1121	1185	1184	1120
9	1121	1122	1186	1185	1121
9	1122	1123	1187	1186	1122
9	1123	1124	1188	1187	1123
9	1124	1125	1189	1188	1124
9	1125	1126	1190	1189	1125
9	1126	1127	1191	1190	1126
9	1127	1128	1192	1191	1127
9	1128	1129	1193	1192	1128
9	1129	1130	1194	1193	1129
9	1130	1131	1195	1194	1130
9	1131	1132	1196	1195	1131
9	1132	1133	1197	1196	1132
9	1133	1134	1198	1197	1133
9	1134	1135	1199	1198	1134
9	1135	1136	1200	1199	1135
9	1136	1137	1201	1200	1136
9	1137	1138	1202	1201	1137
9	1138	1139	1203	1202	1138
9	1139	1140	1204	1203	1139
9	1140	1141	1205	1204	1140
9	1141	1142	1206	1205	1141
9	1142	1143	1207	1206	1142
9	1143	1144	1208	1207	1143
9	1144	1145	1209	1208	1144
9	1145	1146	1210	1209	1145
9	1146	1147	1211	1210	1146
9	1147	1148	1212	1211	1147
9	1148	1149	1213	1212	1148
9	1149	1150	1214	1213	1149
9	1150	1151	1215	1214	1150
9	1151	1088	1152	1215	1151
9	1152	1153	1217	1216	1152
9	1153	1154	1218	1217	1153
9	1154	1155	1219	1218	1154
9	1155	1156	1220	1219	1155
9	1156	1157	1221	1220	1156
9	1157	1158	1222	1221	1157
9	1158	1159	1223	1222	1158
9	1159	1160	1224	1223	1159
9	1160	1161	1225	1224	1160
9	1161	1162	1226	1225	1161
9	1162	1163	1227	1226	1162
9	1163	1164	1228	1227	1163
9	1164	1165	1229	1228	1164
9	1165	1166	1230	1229	1165
9	1166	1167	1231	1230	1166
9	1167	1168	1232	1231	1167
9	1168	1169	1233	1232	1168
9	1169	1170	1234	1233	1169
9	1170	1171	1235	1234	1170
9	1171	1172	1236	1235	1171
9	1172	1173	1237	1236	1172
9	1173	1174	1238	1237	1173
9	1174	1175	1239	1238	1174
9	1175	1176	1240	1239	1175
9	1176	1177	1241	1240	1176
9	1177	1178	1242	1241	1177
9	1178	1179	1243	1242	1178
9	1179	1180	1244	1243	1179
9	1180	1181	1245	1244	1180
9	1181	1182	1246	1245	1181
9	1182	1183	1247	1246	1182
9	1183	1184	1248	1247	1183
9	1184	1185	1249	1248	1184
9	1185	1186	1250	1249	1185
9	1186	1187	1251	1250	1186
9	1187	1188	1252	1251	1187
9	1188	1189	1253	1252	1188
9	1189	1190	1254	1253	1189
9	1190	1191	1255	1254	1190
9	1191	1192	1256	1255	1191
9	1192	1193	1257	1256	1192
9	1193	1194	1258	1257	1193
9	1194	1195	1259	1258	1194
9	1195	1196	1260	1259	1195
9	1196	1197	1261	1260	1196
9	1197	1198	1262	1261	1197
9	1198	1199	1263	1262	1198
9	1199	1200	1264	1263	1199
9	1200	1201	1265	1264	1200
9	1201	1202	1266	1265	1201
9	1202	1203	1267	1266	1202
9	1203	1204	1268	1267	1203
9	1204	1205	1269	1268	1204
9	1205	1206	1270	1269	1205
9	1206	1207	1271	1270	1206
9	1207	1208	1272	1271	1207
9	1208	1209	1273	1272	1208
9	1209	1210	1274	1273	1209
9	1210	1211	1275	1274	1210
9	1211	1212	1276	1275	1211
9	1212	1213	1277	1276	1212
9	1213	1214	1278	1277	1213
9	1214	1215	1279	1278	1214
9	1215	1152	1216	1279	1215
9	1216	1217	1281	1280	1216
9	1217	1218	1282	1281	1217
9	1218	1219	1283	1282	1218
9	1219	1220	1284	1283	1219
9	1220	1221	1285	1284	1220
9	1221	1222	1286	1285	1221
9	1222	1223	1287	1286	1222
9	1223	1224	1288	1287	1223
9	1224	1225	1289	1288	1224
9	1225	1226	1290	1289	1225
9	1226	1227	1291	1290	1226
9	1227	1228	1292	1291	1227
9	1228	1229	1293	1292	1228
9	1229	1230	1294	1293	1229
9	1230	1231	1295	1294	1230
9	1231	1232	1296	1295	1231
9	1232	1233	1297	1296	1232
9	1233	1234	1298	1297	1233
9	1234	1235	1299	1298	1234
9	1235	1236	1300	1299	1235
9	1236	1237	1301	1300	1236
9	1237	1238	1302	1301	1237
9	1238	1239	1303	1302	1238
9	1239	1240	1304	1303	1239
9	1240	1241	1305	1304	1240
9	1241	1242	1306	1305	1241
9	1242	1243	1307	1306	1242
9	1243	1244	1308	1307	1243
9	1244	1245	1309	1308	1244
9	1245	1246	1310	1309	1245
9	1246	1247	1311	1310	1246
9	1247	1248	1312	1311	1247
9	1248	1249	1313	1312	1248
9	1249	1250	1314	1313	1249
9	1250	1251	1315	1314	1250
9	1251	1252	1316	1315	1251
9	1252	1253	1317	1316	1252
9	1253	1254	1318	1317	1253
9	1254	1255	1319	1318	1254
9	1255	1256	1320	1319	1255
9	1256	1257	1321	1320	1256
9	1257	1258	1322	1321	1257
9	1258	1259	1323	1322	1258
9	1259	1260	1324	1323	1259
9	1260	1261	1325	1324	1260
9	1261	1262	1326	1325	1261
9	1262	1263	1327	1326	1262
9	1263	1264	1328	1327	1263
9	1264	1265	1329	1328	1264
9	1265	1266	1330	1329	1265
9	1266	1267	1331	1330	1266
9	1267	1268	1332	1331	1267
9	1268	1269	1333	1332	1268
9	1269	1270	1334	1333	1269
9	1270	1271	1335	1334	1270
9	1271	1272	1336	1335	1271
9	1272	1273	1337	1336	1272
9	1273	1274	1338	1337	1273
9	1274	1275	1339	1338	1274
9	1275	1276	1340	1339	1275
9	1276	1277	1341	1340	1276
9	1277	1278	1342	1341	1277
9	1278	1279	1343	1342	1278
9	1279	1216	1280	1343	1279
9	1280	1281	1345	1344	1280
9	1281	1282	1346	1345	1281
9	1282	1283	1347	1346	1282
9	1283	1284	1348	1347	1283
9	1284	1285	1349	1348	1284
9	1285	1286	1350	1349	1285
9	1286	1287	1351	1350	1286
9	1287	1288	1352	1351	1287
9	1288	1289	1353	1352	1288
9	1289	1290	1354	1353	1289
9	1290	1291	1355	1354	1290
9	1291	1292	1356	1355	1291
9	1292	1293	1357	1356	1292
9	1293	1294	1358	1357	1293
9	1294	1295	1359	1358	1294
9	1295	1296	1360	1359	1295
9	1296	1297	1361	1360	1296
9	1297	1298	1362	1361	1297
9	1298	1299	1363	1362	1298
9	1299	1300	1364	1363	1299
9	1300	1301	1365	1364	1300
9	1301	1302	1366	1365	1301
9	1302	1303	1367	1366	1302
9	1303	1304	1368	1367	1303
9	1304	1305	1369	1368	1304
9	1305	1306	1370	1369	1305
9	1306	1307	1371	1370	1306
9	1307	1308	1372	1371	1307
9	1308	1309	1373	1372	1308
9	1309	1310	1374	1373	1309
9	1310	1311	1375	1374	1310
9	1311	1312	1376	1375	1311
9	1312	1313	1377	1376	1312
9	1313	1314	1378	1377	1313
9	1314	1315	1379	1378	1314
9	1315	1316	1380	1379	1315
9	1316	1317	1381	1380	1316
9	1317	1318	1382	1381	1317
9	1318	1319	1383	1382	1318
9	1319	1320	1384	1383	1319
9	1320	1321	1385	1384	1320
9	1321	1322	1386	1385	1321
9	1322	1323	1387	1386	1322
9	1323	1324	1388	1387	1323
9	1324	1325	1389	1388	1324
9	1325	1326	1390	1389	1325
9	1326	1327	1391	1390	1326
9	1327	1328	1392	1391	1327
9	1328	1329	1393	1392	1328
9	1329	1330	1394	1393	1329
9	1330	1331	1395	1394	1330
9	1331	1332	1396	1395	1331
9	1332	1333	1397	1396	1332
9	1333	1334	1398	1397	1333
9	1334	1335	1399	1398	1334
9	1335	1336	1400	1399	1335
9	1336	1337	1401	1400	1336
9	1337	1338	1402	1401	1337
9	1338	1339	1403	1402	1338
9	1339	1340	1404	1403	1339
9	1340	1341	1405	1404	1340
9	1341	1342	1406	1405	1341
9	1342	1343	1407	1406	1342
9	1343	1280	1344	1407	1343
9	1344	1345	1409	1408	1344
9	1345	1346	1410	1409	1345
9	1346	1347	1411	1410	1346
9	1347	1348	1412	1411	1347
9	1348	1349	1413	1412	1348
9	1349	1350	1414	1413	1349
9	1350	1351	1415	1414	1350
9	1351	1352	1416	1415	1351
9	1352	1353	1417	1416	1352
9	1353	1354	1418	1417	1353
9	1354	1355	1419	1418	1354
9	1355	1356	1420	1419	1355
9	1356	1357	1421	1420	1356
9	1357	1358	1422	1421	1357
9	1358	1359	1423	1422	1358
9	1359	1360	1424	1423	1359
9	1360	1361	1425	1424	1360
9	1361	1362	1426	1425	1361
9	1362	1363	1427	1426	1362
9	1363	1364	1428	1427	1363
9	1364	1365	1429	1428	1364
9	1365	1366	1430	1429	1365
9	1366	1367	1431	1430	1366
9	1367	1368	1432	1431	1367
9	1368	1369	1433	1432	1368
9	1369	1370	1434	1433	1369
9	1370	1371	1435	1434	1370
9	1371	1372	1436	1435	1371
9	1372	1373	1437	1436	1372
9	1373	1374	1438	1437	1373
9	1374	1375	1439	1438	1374
9	1375	1376	1440	1439	1375
9	1376	1377	1441	1440	1376
9	1377	1378	1442	1441	1377
9	1378	1379	1443	1442	1378
9	1379	1380	1444	1443	1379
9	1380	1381	1445	1444	1380
9	1381	1382	1446	1445	1381
9	1382	1383	1447	1446	1382
9	1383	1384	1448	1447	1383
9	1384	1385	1449	1448	1384
9	1385	1386	1450	1449	1385
9	1386	1387	1451	1450	1386
9	1387	1388	1452	1451	1387
9	1388	1389	1453	1452	1388
9	1389	1390	1454	1453	1389
9	1390	1391	1455	1454	1390
9	1391	1392	1456	1455	1391
9	1392	1393	1457	1456	1392
9	1393	1394	1458	1457	1393
9	1394	1395	1459	1458	1394
9	1395	1396	1460	1459	1395
9	1396	1397	1461	1460	1396
9	1397	1398	1462	1461	1397
9	1398	1399	1463	1462	1398
9	1399	1400	1464	1463	1399
9	1400	1401	1465	1464	1400
9	1401	1402	1466	1465	1401
9	1402	1403	1467	1466	1402
9	1403	1404	1468	1467	1403
9	1404	1405	1469	1468	1404
9	1405	1406	1470	1469	1405
9	1406	1407	1471	1470	1406
9	1407	1344	1408	1471	1407
9	1408	1409	1473	1472	1408
9	1409	1410	1474	1473	1409
9	1410	1411	1475	1474	1410
9	1411	1412	1476	1475	1411
9	1412	1413	1477	1476	1412
9	1413	1414	1478	1477	1413
9	1414	1415	1479	1478	1414
9	1415	1416	1480	1479	1415
9	1416	1417	1481	1480	1416
9	1417	1418	1482	1481	1417
9	1418	1419	1483	1482	1418
9	1419	1420	1484	1483	1419
9	1420	1421	1485	1484	1420
9	1421	1422	1486	1485	1421
9	1422	1423	1487	1486	1422
9	1423	1424	1488	1487	1423
9	1424	1425	1489	1488	1424
9	1425	1426	1490	1489	1425
9	1426	1427	1491	1490	1426
9	1427	1428	1492	1491	1427
9	1428	1429	1493	1492	1428
9	1429	1430	1494	1493	1429
9	1430	1431	1495	1494	1430
9	1431	1432	1496	1495	1431
9	1432	1433	1497	1496	1432
9	1433	1434	1498	1497	1433
9	1434	1435	1499	1498	1434
9	1435	1436	1500	1499	1435
9	1436	1437	1501	1500	1436
9	1437	1438	1502	1501	1437
9	1438	1439	1503	1502	1438
9	1439	1440	1504	1503	1439
9	1440	1441	1505	1504	1440
9	1441	1442	1506	1505	1441
9	1442	1443	1507	1506	1442
9	1443	1444	1508	1507	1443
9	1444	1445	1509	1508	1444
9	1445	1446	1510	1509	1445
9	1446	1447	1511	1510	1446
9	1447	1448	1512	1511	1447
9	1448	1449	1513	1512	1448
9	1449	1450	1514	1513	1449
9	1450	1451	1515	1514	1450
9	1451	1452	1516	1515	1451
9	1452	1453	1517	1516	1452
9	1453	1454	1518	1517	1453
9	1454	1455	1519	1518	1454
9	1455	1456	1520	1519	1455
9	1456	1457	1521	1520	1456
9	1457	1458	1522	1521	1457
9	1458	1459	1523	1522	1458
9	1459	1460	1524	1523	1459
9	1460	1461	1525	1524	1460
9	1461	1462	1526	1525	1461
9	1462	1463	1527	1526	1462
9	1463	1464	1528	1527	1463
9	1464	1465	1529	1528	1464
9	1465	1466	1530	1529	1465
9	1466	1467	1531	1530	1466
9	1467	1468	1532	1531	1467
9	1468	1469	1533	1532	1468
9	1469	1470	1534	1533	1469
9	1470	1471	1535	1534	1470
9	1471	1408	1472	1535	1471
9	1472	1473	1537	1536	1472
9	1473	1474	1538	1537	1473
9	1474	1475	1539	1538	1474
9	1475	1476	1540	1539	1475
9	1476	1477	1541	1540	1476
9	1477	1478	1542	1541	1477
9	1478	1479	1543	1542	1478
9	1479	1480	1544	1543	1479
9	1480	1481	1545	1544	1480
9	1481	1482	1546	1545	1481
9	1482	1483	1547	1546	1482
9	1483	1484	1548	1547	1483
9	1484	1485	1549	1548	1484
9	1485	1486	1550	1549	1485
9	1486	1487	1551	1550	1486
9	1487	1488	1552	1551	1487
9	1488	1489	1553	1552	1488
9	1489	1490	1554	1553	1489
9	1490	1491	1555	1554	1490
9	1491	1492	1556	1555	1491
9	1492	1493	1557	1556	1492
9	1493	1494	1558	1557	1493
9	1494	1495	1559	1558	1494
9	1495	1496	1560	1559	1495
9	1496	1497	1561	1560	1496
9	1497	1498	1562	1561	1497
9	1498	1499	1563	1562	1498
9	1499	1500	1564	1563	1499
9	1500	1501	1565	1564	1500
9	1501	1502	1566	1565	1501
9	1502	1503	1567	1566	1502
9	1503	1504	1568	1567	1503
9	1504	1505	1569	1568	1504
9	1505	1506	1570	1569	1505
9	1506	1507	1571	1570	1506
9	1507	1508	1572	1571	1507
9	1508	1509	1573	1572	1508
9	1509	1510	1574	1573	1509
9	1510	1511	1575	1574	1510
9	1511	1512	1576	1575	1511
9	1512	1513	1577	1576	1512
9	1513	1514	1578	1577	1513
9	1514	1515	1579	1578	1514
9	1515	1516	1580	1579	1515
9	1516	1517	1581	1580	1516
9	1517	1518	1582	1581	1517
9	1518	1519	1583	1582	1518
9	1519	1520	1584	1583	1519
9	1520	1521	1585	1584	1520
9	1521	1522	1586	1585	1521
9	1522	1523	1587	1586	1522
9	1523	1524	1588	1587	1523
9	1524	1525	1589	1588	1524
9	1525	1526	1590	1589	1525
9	1526	1527	1591	1590	1526
9	1527	1528	1592	1591	1527
9	1528	1529	1593	1592	1528
9	1529	1530	1594	1593	1529
9	1530	1531	1595	1594	1530
9	1531	1532	1596	1595	1531
9	1532	1533	1597	1596	1532
9	1533	1534	1598	1597	1533
9	1534	1535	1599	1598	1534
9	1535	1472	1536	1599	1535
9	1536	1537	1601	1600	1536
9	1537	1538	1602	1601	1537
9	1538	1539	1603	1602	1538
9	1539	1540	1604	1603	1539
9	1540	1541	1605	1604	1540
9	1541	1542	1606	1605	1541
9	1542	1543	1607	1606	1542
9	1543	1544	1608	1607	1543
9	1544	1545	1609	1608	1544
9	1545	1546	1610	1609	1545
9	1546	1547	1611	1610	1546
9	1547	1548	1612	1611	1547
9	1548	1549	1613	1612	1548
9	1549	1550	1614	1613	1549
9	1550	1551	1615	1614	1550
9	1551	1552	1616	1615	1551
9	1552	1553	1617	1616	1552
9	1553	1554	1618	1617	1553
9	1554	1555	1619	1618	1554
9	1555	1556	1620	1619	1555
9	1556	1557	1621	1620	1556
9	1557	1558	1622	1621	1557
9	1558	1559	1623	1622	1558
9	1559	1560	1624	1623	1559
9	1560	1561	1625	1624	1560
9	1561	1562	1626	1625	1561
9	1562	1563	1627	1626	1562
9	1563	1564	1628	1627	1563
9	1564	1565	1629	1628	1564
9	1565	1566	1630	1629	1565
9	1566	1567	1631	1630	1566
9	1567	1568	1632	1631	1567
9	1568	1569	1633	1632	1568
9	1569	1570	1634	1633	1569
9	1570	1571	1635	1634	1570
9	1571	1572	1636	1635	1571
9	1572	1573	1637	1636	1572
9	1573	1574	1638	1637	1573
9	1574	1575	1639	1638	1574
9	1575	1576	1640	1639	1575
9	1576	1577	1641	1640	1576
9	1577	1578	1642	1641	1577
9	1578	1579	1643	1642	1578
9	1579	1580	1644	1643	1579
9	1580	1581	1645	1644	1580
9	1581	1582	1646	1645	1581
9	1582	1583	1647	1646	1582
9	1583	1584	1648	1647	1583
9	1584	1585	1649	1648	1584
9	1585	1586	1650	1649	1585
9	1586	1587	1651	1650	1586
9	1587	1588	1652	1651	1587
9	1588	1589	1653	1652	1588
9	1589	1590	1654	1653	1589
9	1590	1591	1655	1654	1590
9	1591	1592	1656	1655	1591
9	1592	1593	1657	1656	1592
9	1593	1594	1658	1657	1593
9	1594	1595	1659	1658	1594
9	1595	1596	1660	1659	1595
9	1596	1597	1661	1660	1596
9	1597	1598	1662	1661	1597
9	1598	1599	1663	1662	1598
9	1599	1536	1600	1663	1599
9	1600	1601	1665	1664	1600
9	1601	1602	1666	1665	1601
9	1602	1603	1667	1666	1602
9	1603	1604	1668	1667	1603
9	1604	1605	1669	1668	1604
9	1605	1606	1670	1669	1605
9	1606	1607	1671	1670	1606
9	1607	1608	1672	1671	1607
9	1608	1609	1673	1672	1608
9	1609	1610	1674	1673	1609
9	1610	1611	1675	1674	1610
9	1611	1612	1676	1675	1611
9	1612	1613	1677	1676	1612
9	1613	1614	1678	1677	1613
9	1614	1615	1679	1678	1614
9	1615	1616	1680	1679	1615
9	1616	1617	1681	1680	1616
9	1617	1618	1682	1681	1617
9	1618	1619	1683	1682	1618
9	1619	1620	1684	1683	1619
9	1620	1621	1685	1684	1620
9	1621	1622	1686	1685	1621
9	1622	1623	1687	1686	1622
9	1623	1624	1688	1687	1623
9	1624	1625	1689	1688	1624
9	1625	1626	1690	1689	1625
9	1626	1627	1691	1690	1626
9	1627	1628	1692	1691	1627
9	1628	1629	1693	1692	1628
9	1629	1630	1694	1693	1629
9	1630	1631	1695	1694	1630
9	1631	1632	1696	1695	1631
9	1632	1633	1697	1696	1632
9	1633	1634	1698	1697	1633
9	1634	1635	1699	1698	1634
9	1635	1636	1700	1699	1635
9	1636	1637	1701	1700	1636
9	1637	1638	1702	1701	1637
9	1638	1639	1703	1702	1638
9	1639	1640	1704	1703	1639
9	1640	1641	1705	1704	1640
9	1641	1642	1706	1705	1641
9	1642	1643	1707	1706	1642
9	1643	1644	1708	1707	1643
9	1644	1645	1709	1708	1644
9	1645	1646	1710	1709	1645
9	1646	1647	1711	1710	1646
9	1647	1648	1712	1711	1647
9	1648	1649	1713	1712	1648
9	1649	1650	1714	1713	1649
9	1650	1651	1715	1714	1650
9	1651	1652	1716	1715	1651
9	1652	1653	1717	1716	1652
9	1653	1654	1718	1717	1653
9	1654	1655	1719	1718	1654
9	1655	1656	1720	1719	1655
9	1656	1657	1721	1720	1656
9	1657	1658	1722	1721	1657
9	1658	1659	1723	1722	1658
9	1659	1660	1724	1723	1659
9	1660	1661	1725	1724	1660
9	1661	1662	1726	1725	1661
9	1662	1663	1727	1726	1662
9	1663	1600	1664	1727	1663
9	1664	1665	1729	1728	1664
9	1665	1666	1730	1729	1665
9	1666	1667	1731	1730	1666
9	1667	1668	1732	1731	1667
9	1668	1669	1733	1732	1668
9	1669	1670	1734	1733	1669
9	1670	1671	1735	1734	1670
9	1671	1672	1736	1735	1671
9	1672	1673	1737	1736	1672
9	1673	1674	1738	1737	1673
9	1674	1675	1739	1738	1674
9	1675	1676	1740	1739	1675
9	1676	1677	1741	1740	1676
9	1677	1678	1742	1741	1677
9	1678	1679	1743	1742	1678
9	1679	1680	1744	1743	1679
9	1680	1681	1745	1744	1680
9	1681	1682	1746	1745	1681
9	1682	1683	1747	1746	1682
9	1683	1684	1748	1747	1683
9	1684	1685	1749	1748	1684
9	1685	1686	1750	1749	1685
9	1686	1687	1751	1750	1686
9	1687	1688	1752	1751	1687
9	1688	1689	1753	1752	1688
9	1689	1690	1754	1753	1689
9	1690	1691	1755	1754	1690
9	1691	1692	1756	1755	1691
9	1692	1693	1757	1756	1692
9	1693	1694	1758	1757	1693
9	1694	1695	1759	1758	1694
9	1695	1696	1760	1759	1695
9	1696	1697	1761	1760	1696
9	1697	1698	1762	1761	1697
9	1698	1699	1763	1762	1698
9	1699	1700	1764	1763	1699
9	1700	1701	1765	1764	1700
9	1701	1702	1766	1765	1701
9	1702	1703	1767	1766	1702
9	1703	1704	1768	1767	1703
9	1704	1705	1769	1768	1704
9	1705	1706	1770	1769	1705
9	1706	1707	1771	1770	1706
9	1707	1708	1772	1771	1707
9	1708	1709	1773	1772	1708
9	1709	1710	1774	1773	1709
9	1710	1711	1775	1774	1710
9	1711	1712	1776	1775	1711
9	1712	1713	1777	1776	1712
9	1713	1714	1778	1777	1713
9	1714	1715	1779	1778	1714
9	1715	1716	1780	1779	1715
9	1716	1717	1781	1780	1716
9	1717	1718	1782	1781	1717
9	1718	1719	1783	1782	1718
9	1719	1720	1784	1783	1719
9	1720	1721	1785	1784	1720
9	1721	1722	1786	1785	1721
9	1722	1723	1787	1786	1722
9	1723	1724	1788	1787	1723
9	1724	1725	1789	1788	1724
9	1725	1726	1790	1789	1725
9	1726	1727	1791	1790	1726
9	1727	1664	1728	1791	1727
9	1728	1729	1793	1792	1728
9	1729	1730	1794	1793	1729
9	1730	1731	1795	1794	1730
9	1731	1732	1796	1795	1731
9	1732	1733	1797	1796	1732
9	1733	1734	1798	1797	1733
9	1734	1735	1799	1798	1734
9	1735	1736	1800	1799	1735
9	1736	1737	1801	1800	1736
9	1737	1738	1802	1801	1737
9	1738	1739	1803	1802	1738
9	1739	1740	1804	1803	1739
9	1740	1741	1805	1804	1740
9	1741	1742	1806	1805	1741
9	1742	1743	1807	1806	1742
9	1743	1744	1808	1807	1743
9	1744	1745	1809	1808	1744
9	1745	1746	1810	1809	1745
9	1746	1747	1811	1810	1746
9	1747	1748	1812	1811	1747
9	1748	1749	1813	1812	1748
9	1749	1750	1814	1813	1749
9	1750	1751	1815	1814	1750
9	1751	1752	1816	1815	1751
9	1752	1753	1817	1816	1752
9	1753	1754	1818	1817	1753
9	1754	1755	1819	1818	1754
9	1755	1756	1820	1819	1755
9	1756	1757	1821	1820	1756
9	1757	1758	1822	1821	1757
9	1758	1759	1823	1822	1758
9	1759	1760	1824	1823	1759
9	1760	1761	1825	1824	1760
9	1761	1762	1826	1825	1761
9	1762	1763	1827	1826	1762
9	1763	1764	1828	1827	1763
9	1764	1765	1829	1828	1764
9	1765	1766	1830	1829	1765
9	1766	1767	1831	1830	1766
9	1767	1768	1832	1831	1767
9	1768	1769	1833	1832	1768
9	1769	1770	1834	1833	1769
9	1770	1771	1835	1834	1770
9	1771	1772	1836	1835	1771
9	1772	1773	1837	1836	1772
9	1773	1774	1838	1837	1773
9	1774	1775	1839	1838	1774
9	1775	1776	1840	1839	1775
9	1776	1777	1841	1840	1776
9	1777	1778	1842	1841	1777
9	1778	1779	1843	1842	1778
9	1779	1780	1844	1843	1779
9	1780	1781	1845	1844	1780
9	1781	1782	1846	1845	1781
9	1782	1783	1847	1846	1782
9	1783	1784	1848	1847	1783
9	1784	1785	1849	1848	1784
9	1785	1786	1850	1849	1785
9	1786	1787	1851	1850	1786
9	1787	1788	1852	1851	1787
9	1788	1789	1853	1852	1788
9	1789	1790	1854	1853	1789
9	1790	1791	1855	1854	1790
9	1791	1728	1792	1855	1791
9	1792	1793	1857	1856	1792
9	1793	1794	1858	1857	1793
9	1794	1795	1859	1858	1794
9	1795	1796	1860	1859	1795
9	1796	1797	1861	1860	1796
9	1797	1798	1862	1861	1797
9	1798	1799	1863	1862	1798
9	1799	1800	1864	1863	1799
9	1800	1801	1865	1864	1800
9	1801	1802	1866	1865	1801
9	1802	1803	1867	1866	1802
9	1803	1804	1868	1867	1803
9	1804	1805	1869	1868	1804
9	1805	1806	1870	1869	1805
9	1806	1807	1871	1870	1806
9	1807	1808	1872	1871	1807
9	1808	1809	1873	1872	1808
9	1809	1810	1874	1873	1809
9	1810	1811	1875	1874	1810
9	1811	1812	1876	1875	1811
9	1812	1813	1877	1876	1812
9	1813	1814	1878	1877	1813
9	1814	1815	1879	1878	1814
9	1815	1816	1880	1879	1815
9	1816	1817	1881	1880	1816
9	1817	1818	1882	1881	1817
9	1818	1819	1883	1882	1818
9	1819	1820	1884	1883	1819
9	1820	1821	1885	1884	1820
9	1821	1822	1886	1885	1821
9	1822	1823	1887	1886	1822
9	1823	1824	1888	1887	1823
9	1824	1825	1889	1888	1824
9	1825	1826	1890	1889	1825
9	1826	1827	1891	1890	1826
9	1827	1828	1892	1891	1827
9	1828	1829	1893	1892	1828
9	1829	1830	1894	1893	1829
9	1830	1831	1895	1894	1830
9	1831	1832	1896	1895	1831
9	1832	1833	1897	1896	1832
9	1833	1834	1898	1897	1833
9	1834	1835	1899	1898	1834
9	1835	1836	1900	1899	1835
9	1836	1837	1901	1900	1836
9	1837	1838	1902	1901	1837
9	1838	1839	1903	1902	1838
9	1839	1840	1904	1903	1839
9	1840	1841	1905	1904	1840
9	1841	1842	1906	1905	1841
9	1842	1843	1907	1906	1842
9	1843	1844	1908	1907	1843
9	1844	1845	1909	1908	1844
9	1845	1846	1910	1909	1845
9	1846	1847	1911	1910	1846
9	1847	1848	1912	1911	1847
9	1848	1849	1913	1912	1848
9	1849	1850	1914	1913	1849
9	1850	1851	1915	1914	1850
9	1851	1852	1916	1915	1851
9	1852	1853	1917	1916	1852
9	1853	1854	1918	1917	1853
9	1854	1855	1919	1918	1854
9	1855	1792	1856	1919	1855
9	1856	1857	1921	1920	1856
9	1857	1858	1922	1921	1857
9	1858	1859	1923	1922	1858
9	1859	1860	1924	1923	1859
9	1860	1861	1925	1924	1860
9	1861	1862	1926	1925	1861
9	1862	1863	1927	1926	1862
9	1863	1864	1928	1927	1863
9	1864	1865	1929	1928	1864
9	1865	1866	1930	1929	1865
9	1866	1867	1931	1930	1866
9	1867	1868	1932	1931	1867
9	1868	1869	1933	1932	1868
9	1869	1870	1934	1933	1869
9	1870	1871	1935	1934	1870
9	1871	1872	1936	1935	1871
9	1872	1873	1937	1936	1872
9	1873	1874	1938	1937	1873
9	1874	1875	1939	1938	1874
9	1875	1876	1940	1939	1875
9	1876	1877	1941	1940	1876
9	1877	1878	1942	1941	1877
9	1878	1879	1943	1942	1878
9	1879	1880	1944	1943	1879
9	1880	1881	1945	1944	1880
9	1881	1882	1946	1945	1881
9	1882	1883	1947	1946	1882
9	1883	1884	1948	1947	1883
9	1884	1885	1949	1948	1884
9	1885	1886	1950	1949	1885
9	1886	1887	1951	1950	1886
9	1887	1888	1952	1951	1887
9	1888	1889	1953	1952	1888
9	1889	1890	1954	1953	1889
9	1890	1891	1955	1954	1890
9	1891	1892	1956	1955	1891
9	1892	1893	1957	1956	1892
9	1893	1894	1958	1957	1893
9	1894	1895	1959	1958	1894
9	1895	1896	1960	1959	1895
9	1896	1897	1961	1960	1896
9	1897	1898	1962	1961	1897
9	1898	1899	1963	1962	1898
9	1899	1900	1964	1963	1899
9	1900	1901	1965	1964	1900
9	1901	1902	1966	1965	1901
9	1902	1903	1967	1966	1902
9	1903	1904	1968	1967	1903
9	1904	1905	1969	1968	1904
9	1905	1906	1970	1969	1905
9	1906	1907	1971	1970	1906
9	1907	1908	1972	1971	1907
9	1908	1909	1973	1972	1908
9	1909	1910	1974	1973	1909
9	1910	1911	1975	1974	1910
9	1911	1912	1976	1975	1911
9	1912	1913	1977	1976	1912
9	1913	1914	1978	1977	1913
9	1914	1915	1979	1978	1914
9	1915	1916	1980	1979	1915
9	1916	1917	1981	1980	1916
9	1917	1918	1982	1981	1917
9	1918	1919	1983	1982	1918
9	1919	1856	1920	1983	1919
9	1920	1921	1985	1984	1920
9	1921	1922	1986	1985	1921
9	1922	1923	1987	1986	1922
9	1923	1924	1988	1987	1923
9	1924	1925	1989	1988	1924
9	1925	1926	1990	1989	1925
9	1926	1927	1991	1990	1926
9	1927	1928	1992	1991	1927
9	1928	1929	1993	1992	1928
9	1929	1930	1994	1993	1929
9	1930	1931	1995	1994	1930
9	1931	1932	1996	1995	1931
9	1932	1933	1997	1996	1932
9	1933	1934	1998	1997	1933
9	1934	1935	1999	1998	1934
9	1935	1936	2000	1999	1935
9	1936	1937	2001	2000	1936
9	1937	1938	2002	2001	1937
9	1938	1939	2003	2002	1938
9	1939	1940	2004	2003	1939
9	1940	1941	2005	2004	1940
9	1941	1942	2006	2005	1941
9	1942	1943	2007	2006	1942
9	1943	1944	2008	2007	1943
9	1944	1945	2009	2008	1944
9	1945	1946	2010	2009	1945
9	1946	1947	2011	2010	1946
9	1947	1948	2012	2011	1947
9	1948	1949	2013	2012	1948
9	1949	1950	2014	2013	1949
9	1950	1951	2015	2014	1950
9	1951	1952	2016	2015	1951
9	1952	1953	2017	2016	1952
9	1953	1954	2018	2017	1953
9	1954	1955	2019	2018	1954
9	1955	1956	2020	2019	1955
9	1956	1957	2021	2020	1956
9	1957	1958	2022	2021	1957
9	1958	1959	2023	2022	1958
9	1959	1960	2024	2023	1959
9	1960	1961	2025	2024	1960
9	1961	1962	2026	2025	1961
9	1962	1963	2027	2026	1962
9	1963	1964	2028	2027	1963
9	1964	1965	2029	2028	1964
9	1965	1966	2030	2029	1965
9	1966	1967	2031	2030	1966
9	1967	1968	2032	2031	1967
9	1968	1969	2033	2032	1968
9	1969	1970	2034	2033	1969
9	1970	1971	2035	2034	1970
9	1971	1972	2036	2035	1971
9	1972	1973	2037	2036	1972
9	1973	1974	2038	2037	1973
9	1974	1975	2039	2038	1974
9	1975	1976	2040	2039	1975
9	1976	1977	2041	2040	1976
9	1977	1978	2042	2041	1977
9	1978	1979	2043	2042	1978
9	1979	1980	2044	2043	1979
9	1980	1981	2045	2044	1980
9	1981	1982	2046	2045	1981
9	1982	1983	2047	2046	1982
9	1983	1920	1984	2047	1983
9	1984	1985	2049	2048	1984
9	1985	1986	2050	2049	1985
9	1986	1987	2051	2050	1986
9	1987	1988	2052	2051	1987
9	1988	1989	2053	2052	1988
9	1989	1990	2054	2053	1989
9	1990	1991	2055	2054	1990
9	1991	1992	2056	2055	1991
9	1992	1993	2057	2056	1992
9	1993	1994	2058	2057	1993
9	1994	1995	2059	2058	1994
9	1995	1996	2060	2059	1995
9	1996	1997	2061	2060	1996
9	1997	1998	2062	2061	1997
9	1998	1999	2063	2062	1998
9	1999	2000	2064	2063	1999
9	2000	2001	2065	2064	2000
9	2001	2002	2066	2065	2001
9	2002	2003	2067	2066	2002
9	2003	2004	2068	2067	2003
9	2004	2005	2069	2068	2004
9	2005	2006	2070	2069	2005
9	2006	2007	2071	2070	2006
9	2007	2008	2072	2071	2007
9	2008	2009	2073	2072	2008
9	2009	2010	2074	2073	2009
9	2010	2011	2075	2074	2010
9	2011	2012	2076	2075	2011
9	2012	2013	2077	2076	2012
9	2013	2014	2078	2077	2013
9	2014	2015	2079	2078	2014
9	2015	2016	2080	2079	2015
9	2016	2017	2081	2080	2016
9	2017	2018	2082	2081	2017
9	2018	2019	2083	2082	2018
9	2019	2020	2084	2083	2019
9	2020	2021	2085	2084	2020
9	2021	2022	2086	2085	2021
9	2022	2023	2087	2086	2022
9	2023	2024	2088	2087	2023
9	2024	2025	2089	2088	2024
9	2025	2026	2090	2089	2025
9	2026	2027	2091	2090	2026
9	2027	2028	2092	2091	2027
9	2028	2029	2093	2092	2028
9	2029	2030	2094	2093	2029
9	2030	2031	2095	2094	2030
9	2031	2032	2096	2095	2031
9	2032	2033	2097	2096	2032
9	2033	2034	2098	2097	2033
9	2034	2035	2099	2098	2034
9	2035	2036	2100	2099	2035
9	2036	2037	2101	2100	2036
9	2037	2038	2102	2101	2037
9	2038	2039	2103	2102	2038
9	2039	2040	2104	2103	2039
9	2040	2041	2105	2104	2040
9	2041	2042	2106	2105	2041
9	2042	2043	2107	2106	2042
9	2043	2044	2108	2107	2043
9	2044	2045	2109	2108	2044
9	2045	2046	2110	2109	2045
9	2046	2047	2111	2110	2046
9	2047	1984	2048	2111	2047
9	2048	2049	2113	2112	2048
9	2049	2050	2114	2113	2049
9	2050	2051	2115	2114	2050
9	2051	2052	2116	2115	2051
9	2052	2053	2117	2116	2052
9	2053	2054	2118	2117	2053
9	2054	2055	2119	2118	2054
9	2055	2056	2120	2119	2055
9	2056	2057	2121	2120	2056
9	2057	2058	2122	2121	2057
9	2058	2059	2123	2122	2058
9	2059	2060	2124	2123	2059
9	2060	2061	2125	2124	2060
9	2061	2062	2126	2125	2061
9	2062	2063	2127	2126	2062
9	2063	2064	2128	2127	2063
9	2064	2065	2129	2128	2064
9	2065	2066	2130	2129	2065
9	2066	2067	2131	2130	2066
9	2067	2068	2132	2131	2067
9	2068	2069	2133	2132	2068
9	2069	2070	2134	2133	2069
9	2070	2071	2135	2134	2070
9	2071	2072	2136	2135	2071
9	2072	2073	2137	2136	2072
9	2073	2074	2138	2137	2073
9	2074	2075	2139	2138	2074
9	2075	2076	2140	2139	2075
9	2076	2077	2141	2140	2076
9	2077	2078	2142	2141	2077
9	2078	2079	2143	2142	2078
9	2079	2080	2144	2143	2079
9	2080	2081	2145	2144	2080
9	2081	2082	2146	2145	2081
9	2082	2083	2147	2146	2082
9	2083	2084	2148	2147	2083
9	2084	2085	2149	2148	2084
9	2085	2086	2150	2149	2085
9	2086	2087	2151	2150	2086
9	2087	2088	2152	2151	2087
9	2088	2089	2153	2152	2088
9	2089	2090	2154	2153	2089
9	2090	2091	2155	2154	2090
9	2091	2092	2156	2155	2091
9	2092	2093	2157	2156	2092
9	2093	2094	2158	2157	2093
9	2094	2095	2159	2158	2094
9	2095	2096	2160	2159	2095
9	2096	2097	2161	2160	2096
9	2097	2098	2162	2161	2097
9	2098	2099	2163	2162	2098
9	2099	2100	2164	2163	2099
9	2100	2101	2165	2164	2100
9	2101	2102	2166	2165	2101
9	2102	2103	2167	2166	2102
9	2103	2104	2168	2167	2103
9	2104	2105	2169	2168	2104
9	2105	2106	2170	2169	2105
9	2106	2107	2171	2170	2106
9	2107	2108	2172	2171	2107
9	2108	2109	2173	2172	2108
9	2109	2110	2174	2173	2109
9	2110	2111	2175	2174	2110
9	2111	2048	2112	2175	2111
9	2112	2113	2177	2176	2112
9	2113	2114	2178	2177	2113
9	2114	2115	2179	2178	2114
9	2115	2116	2180	2179	2115
9	2116	2117	2181	2180	2116
9	2117	2118	2182	2181	2117
9	2118	2119	2183	2182	2118
9	2119	2120	2184	2183	2119
9	2120	2121	2185	2184	2120
9	2121	2122	2186	2185	2121
9	2122	2123	2187	2186	2122
9	2123	2124	2188	2187	2123
9	2124	2125	2189	2188	2124
9	2125	2126	2190	2189	2125
9	2126	2127	2191	2190	2126
9	2127	2128	2192	2191	2127
9	2128	2129	2193	2192	2128
9	2129	2130	2194	2193	2129
9	2130	2131	2195	2194	2130
9	2131	2132	2196	2195	2131
9	2132	2133	2197	2196	2132
9	2133	2134	2198	2197	2133
9	2134	2135	2199	2198	2134
9	2135	2136	2200	2199	2135
9	2136	2137	2201	2200	2136
9	2137	2138	2202	2201	2137
9	2138	2139	2203	2202	2138
9	2139	2140	2204	2203	2139
9	2140	2141	2205	2204	2140
9	2141	2142	2206	2205	2141
9	2142	2143	2207	2206	2142
9	2143	2144	2208	2207	2143
9	2144	2145	2209	2208	2144
9	2145	2146	2210	2209	2145
9	2146	2147	2211	2210	2146
9	2147	2148	2212	2211	2147
9	2148	2149	2213	2212	2148
9	2149	2150	2214	2213	2149
9	2150	2151	2215	2214	2150
9	2151	2152	2216	2215	2151
9	2152	2153	2217	2216	2152
9	2153	2154	2218	2217	2153
9	2154	2155	2219	2218	2154
9	2155	2156	2220	2219	2155
9	2156	2157	2221	2220	2156
9	2157	2158	2222	2221	2157
9	2158	2159	2223	2222	2158
9	2159	2160	2224	2223	2159
9	2160	2161	2225	2224	2160
9	2161	2162	2226	2225	2161
9	2162	2163	2227	2226	2162
9	2163	2164	2228	2227	2163
9	2164	2165	2229	2228	2164
9	2165	2166	2230	2229	2165
9	2166	2167	2231	2230	2166
9	2167	2168	2232	2231	2167
9	2168	2169	2233	2232	2168
9	2169	2170	2234	2233	2169
9	2170	2171	2235	2234	2170
9	2171	2172	2236	2235	2171
9	2172	2173	2237	2236	2172
9	2173	2174	2238	2237	2173
9	2174	2175	2239	2238	2174
9	2175	2112	2176	2239	2175
9	2176	2177	2241	2240	2176
9	2177	2178	2242	2241	2177
9	2178	2179	2243	2242	2178
9	2179	2180	2244	2243	2179
9	2180	2181	2245	2244	2180
9	2181	2182	2246	2245	2181
9	2182	2183	2247	2246	2182
9	2183	2184	2248	2247	2183
9	2184	2185	2249	2248	2184
9	2185	2186	2250	2249	2185
9	2186	2187	2251	2250	2186
9	2187	2188	2252	2251	2187
9	2188	2189	2253	2252	2188
9	2189	2190	2254	2253	2189
9	2190	2191	2255	2254	2190
9	2191	2192	2256	2255	2191
9	2192	2193	2257	2256	2192
9	2193	2194	2258	2257	2193
9	2194	2195	2259	2258	2194
9	2195	2196	2260	2259	2195
9	2196	2197	2261	2260	2196
9	2197	2198	2262	2261	2197
9	2198	2199	2263	2262	2198
9	2199	2200	2264	2263	2199
9	2200	2201	2265	2264	2200
9	2201	2202	2266	2265	2201
9	2202	2203	2267	2266	2202
9	2203	2204	2268	2267	2203
9	2204	2205	2269	2268	2204
9	2205	2206	2270	2269	2205
9	2206	2207	2271	2270	2206
9	2207	2208	2272	2271	2207
9	2208	2209	2273	2272	2208
9	2209	2210	2274	2273	2209
9	2210	2211	2275	2274	2210
9	2211	2212	2276	2275	2211
9	2212	2213	2277	2276	2212
9	2213	2214	2278	2277	2213
9	2214	2215	2279	2278	2214
9	2215	2216	2280	2279	2215
9	2216	2217	2281	2280	2216
9	2217	2218	2282	2281	2217
9	2218	2219	2283	2282	2218
9	2219	2220	2284	2283	2219
9	2220	2221	2285	2284	2220
9	2221	2222	2286	2285	2221
9	2222	2223	2287	2286	2222
9	2223	2224	2288	2287	2223
9	2224	2225	2289	2288	2224
9	2225	2226	2290	2289	2225
9	2226	2227	2291	2290	2226
9	2227	2228	2292	2291	2227
9	2228	2229	2293	2292	2228
9	2229	2230	2294	2293	2229
9	2230	2231	2295	2294	2230
9	2231	2232	2296	2295	2231
9	2232	2233	2297	2296	2232
9	2233	2234	2298	2297	2233
9	2234	2235	2299	2298	2234
9	2235	2236	2300	2299	2235
9	2236	2237	2301	2300	2236
9	2237	2238	2302	2301	2237
9	2238	2239	2303	2302	2238
9	2239	2176	2240	2303	2239
9	2240	2241	2305	2304	2240
9	2241	2242	2306	2305	2241
9	2242	2243	2307	2306	2242
9	2243	2244	2308	2307	2243
9	2244	2245	2309	2308	2244
9	2245	2246	2310	2309	2245
9	2246	2247	2311	2310	2246
9	2247	2248	2312	2311	2247
9	2248	2249	2313	2312	2248
9	2249	2250	2314	2313	2249
9	2250	2251	2315	2314	2250
9	2251	2252	2316	2315	2251
9	2252	2253	2317	2316	2252
9	2253	2254	2318	2317	2253
9	2254	2255	2319	2318	2254
9	2255	2256	2320	2319	2255
9	2256	2257	2321	2320	2256
9	2257	2258	2322	2321	2257
9	2258	2259	2323	2322	2258
9	2259	2260	2324	2323	2259
9	2260	2261	2325	2324	2260
9	2261	2262	2326	2325	2261
9	2262	2263	2327	2326	2262
9	2263	2264	2328	2327	2263
9	2264	2265	2329	2328	2264
9	2265	2266	2330	2329	2265
9	2266	2267	2331	2330	2266
9	2267	2268	2332	2331	2267
9	2268	2269	2333	2332	2268
9	2269	2270	2334	2333	2269
9	2270	2271	2335	2334	2270
9	2271	2272	2336	2335	2271
9	2272	2273	2337	2336	2272
9	2273	2274	2338	2337	2273
9	2274	2275	2339	2338	2274
9	2275	2276	2340	2339	2275
9	2276	2277	2341	2340	2276
9	2277	2278	2342	2341	2277
9	2278	2279	2343	2342	2278
9	2279	2280	2344	2343	2279
9	2280	2281	2345	2344	2280
9	2281	2282	2346	2345	2281
9	2282	2283	2347	2346	2282
9	2283	2284	2348	2347	2283
9	2284	2285	2349	2348	2284
9	2285	2286	2350	2349	2285
9	2286	2287	2351	2350	2286
9	2287	2288	2352	2351	2287
9	2288	2289	2353	2352	2288
9	2289	2290	2354	2353	2289
9	2290	2291	2355	2354	2290
9	2291	2292	2356	2355	2291
9	2292	2293	2357	2356	2292
9	2293	2294	2358	2357	2293
9	2294	2295	2359	2358	2294
9	2295	2296	2360	2359	2295
9	2296	2297	2361	2360	2296
9	2297	2298	2362	2361	2297
9	2298	2299	2363	2362	2298
9	2299	2300	2364	2363	2299
9	2300	2301	2365	2364	2300
9	2301	2302	2366	2365	2301
9	2302	2303	2367	2366	2302
9	2303	2240	2304	2367	2303
9	2304	2305	2369	2368	2304
9	2305	2306	2370	2369	2305
9	2306	2307	2371	2370	2306
9	2307	2308	2372	2371	2307
9	2308	2309	2373	2372	2308
9	2309	2310	2374	2373	2309
9	2310	2311	2375	2374	2310
9	2311	2312	2376	2375	2311
9	2312	2313	2377	2376	2312
9	2313	2314	2378	2377	2313
9	2314	2315	2379	2378	2314
9	2315	2316	2380	2379	2315
9	2316	2317	2381	2380	2316
9	2317	2318	2382	2381	2317
9	2318	2319	2383	2382	2318
9	2319	2320	2384	2383	2319
9	2320	2321	2385	2384	2320
9	2321	2322	2386	2385	2321
9	2322	2323	2387	2386	2322
9	2323	2324	2388	2387	2323
9	2324	2325	2389	2388	2324
9	2325	2326	2390	2389	2325
9	2326	2327	2391	2390	2326
9	2327	2328	2392	2391	2327
9	2328	2329	2393	2392	2328
9	2329	2330	2394	2393	2329
9	2330	2331	2395	2394	2330
9	2331	2332	2396	2395	2331
9	2332	2333	2397	2396	2332
9	2333	2334	2398	2397	2333
9	2334	2335	2399	2398	2334
9	2335	2336	2400	2399	2335
9	2336	2337	2401	2400	2336
9	2337	2338	2402	2401	2337
9	2338	2339	2403	2402	2338
9	2339	2340	2404	2403	2339
9	2340	2341	2405	2404	2340
9	2341	2342	2406	2405	2341
9	2342	2343	2407	2406	2342
9	2343	2344	2408	2407	2343
9	2344	2345	2409	2408	2344
9	2345	2346	2410	2409	2345
9	2346	2347	2411	2410	2346
9	2347	2348	2412	2411	2347
9	2348	2349	2413	2412	2348
9	2349	2350	2414	2413	2349
9	2350	2351	2415	2414	2350
9	2351	2352	2416	2415	2351
9	2352	2353	2417	2416	2352
9	2353	2354	2418	2417	2353
9	2354	2355	2419	2418	2354
9	2355	2356	2420	2419	2355
9	2356	2357	2421	2420	2356
9	2357	2358	2422	2421	2357
9	2358	2359	2423	2422	2358
9	2359	2360	2424	2423	2359
9	2360	2361	2425	2424	2360
9	2361	2362	2426	2425	2361
9	2362	2363	2427	2426	2362
9	2363	2364	2428	2427	2363
9	2364	2365	2429	2428	2364
9	2365	2366	2430	2429	2365
9	2366	2367	2431	2430	2366
9	2367	2304	2368	2431	2367
9	2368	2369	2433	2432	2368
9	2369	2370	2434	2433	2369
9	2370	2371	2435	2434	2370
9	2371	2372	2436	2435	2371
9	2372	2373	2437	2436	2372
9	2373	2374	2438	2437	2373
9	2374	2375	2439	2438	2374
9	2375	2376	2440	2439	2375
9	2376	2377	2441	2440	2376
9	2377	2378	2442	2441	2377
9	2378	2379	2443	2442	2378
9	2379	2380	2444	2443	2379
9	2380	2381	2445	2444	2380
9	2381	2382	2446	2445	2381
9	2382	2383	2447	2446	2382
9	2383	2384	2448	2447	2383
9	2384	2385	2449	2448	2384
9	2385	2386	2450	2449	2385
9	2386	2387	2451	2450	2386
9	2387	2388	2452	2451	2387
9	2388	2389	2453	2452	2388
9	2389	2390	2454	2453	2389
9	2390	2391	2455	2454	2390
9	2391	2392	2456	2455	2391
9	2392	2393	2457	2456	2392
9	2393	2394	2458	2457	2393
9	2394	2395	2459	2458	2394
9	2395	2396	2460	2459	2395
9	2396	2397	2461	2460	2396
9	2397	2398	2462	2461	2397
9	2398	2399	2463	2462	2398
9	2399	2400	2464	2463	2399
9	2400	2401	2465	2464	2400
9	2401	2402	2466	2465	2401
9	2402	2403	2467	2466	2402
9	2403	2404	2468	2467	2403
9	2404	2405	2469	2468	2404
9	2405	2406	2470	2469	2405
9	2406	2407	2471	2470	2406
9	2407	2408	2472	2471	2407
9	2408	2409	2473	2472	2408
9	2409	2410	2474	2473	2409
9	2410	2411	2475	2474	2410
9	2411	2412	2476	2475	2411
9	2412	2413	2477	2476	2412
9	2413	2414	2478	2477	2413
9	2414	2415	2479	2478	2414
9	2415	2416	2480	2479	2415
9	2416	2417	2481	2480	2416
9	2417	2418	2482	2481	2417
9	2418	2419	2483	2482	2418
9	2419	2420	2484	2483	2419
9	2420	2421	2485	2484	2420
9	2421	2422	2486	2485	2421
9	2422	2423	2487	2486	2422
9	2423	2424	2488	2487	2423
9	2424	2425	2489	2488	2424
9	2425	2426	2490	2489	2425
9	2426	2427	2491	2490	2426
9	2427	2428	2492	2491	2427
9	2428	2429	2493	2492	2428
9	2429	2430	2494	2493	2429
9	2430	2431	2495	2494	2430
9	2431	2368	2432	2495	2431
9	2432	2433	2497	2496	2432
9	2433	2434	2498	2497	2433
9	2434	2435	2499	2498	2434
9	2435	2436	2500	2499	2435
9	2436	2437	2501	2500	2436
9	2437	2438	2502	2501	2437
9	2438	2439	2503	2502	2438
9	2439	2440	2504	2503	2439
9	2440	2441	2505	2504	2440
9	2441	2442	2506	2505	2441
9	2442	2443	2507	2506	2442
9	2443	2444	2508	2507	2443
9	2444	2445	2509	2508	2444
9	2445	2446	2510	2509	2445
9	2446	2447	2511	2510	2446
9	2447	2448	2512	2511	2447
9	2448	2449	2513	2512	2448
9	2449	2450	2514	2513	2449
9	2450	2451	2515	2514	2450
9	2451	2452	2516	2515	2451
9	2452	2453	2517	2516	2452
9	2453	2454	2518	2517	2453
9	2454	2455	2519	2518	2454
9	2455	2456	2520	2519	2455
9	2456	2457	2521	2520	2456
9	2457	2458	2522	2521	2457
9	2458	2459	2523	2522	2458
9	2459	2460	2524	2523	2459
9	2460	2461	2525	2524	2460
9	2461	2462	2526	2525	2461
9	2462	2463	2527	2526	2462
9	2463	2464	2528	2527	2463
9	2464	2465	2529	2528	2464
9	2465	2466	2530	2529	2465
9	2466	2467	2531	2530	2466
9	2467	2468	2532	2531	2467
9	2468	2469	2533	2532	2468
9	2469	2470	2534	2533	2469
9	2470	2471	2535	2534	2470
9	2471	2472	2536	2535	2471
9	2472	2473	2537	2536	2472
9	2473	2474	2538	2537	2473
9	2474	2475	2539	2538	2474
9	2475	2476	2540	2539	2475
9	2476	2477	2541	2540	2476
9	2477	2478	2542	2541	2477
9	2478	2479	2543	2542	2478
9	2479	2480	2544	2543	2479
9	2480	2481	2545	2544	2480
9	2481	2482	2546	2545	2481
9	2482	2483	2547	2546	2482
9	2483	2484	2548	2547	2483
9	2484	2485	2549	2548	2484
9	2485	2486	2550	2549	2485
9	2486	2487	2551	2550	2486
9	2487	2488	2552	2551	2487
9	2488	2489	2553	2552	2488
9	2489	2490	2554	2553	2489
9	2490	2491	2555	2554	2490
9	2491	2492	2556	2555	2491
9	2492	2493	2557	2556	2492
9	2493	2494	2558	2557	2493
9	2494	2495	2559	2558	2494
9	2495	2432	2496	2559	2495
9	2496	2497	2561	2560	2496
9	2497	2498	2562	2561	2497
9	2498	2499	2563	2562	2498
9	2499	2500	2564	2563	2499
9	2500	2501	2565	2564	2500
9	2501	2502	2566	2565	2501
9	2502	2503	2567	2566	2502
9	2503	2504	2568	2567	2503
9	2504	2505	2569	2568	2504
9	2505	2506	2570	2569	2505
9	2506	2507	2571	2570	2506
9	2507	2508	2572	2571	2507
9	2508	2509	2573	2572	2508
9	2509	2510	2574	2573	2509
9	2510	2511	2575	2574	2510
9	2511	2512	2576	2575	2511
9	2512	2513	2577	2576	2512
9	2513	2514	2578	2577	2513
9	2514	2515	2579	2578	2514
9	2515	2516	2580	2579	2515
9	2516	2517	2581	2580	2516
9	2517	2518	2582	2581	2517
9	2518	2519	2583	2582	2518
9	2519	2520	2584	2583	2519
9	2520	2521	2585	2584	2520
9	2521	2522	2586	2585	2521
9	2522	2523	2587	2586	2522
9	2523	2524	2588	2587	2523
9	2524	2525	2589	2588	2524
9	2525	2526	2590	2589	2525
9	2526	2527	2591	2590	2526
9	2527	2528	2592	2591	2527
9	2528	2529	2593	2592	2528
9	2529	2530	2594	2593	2529
9	2530	2531	2595	2594	2530
9	2531	2532	2596	2595	2531
9	2532	2533	2597	2596	2532
9	2533	2534	2598	2597	2533
9	2534	2535	2599	2598	2534
9	2535	2536	2600	2599	2535
9	2536	2537	2601	2600	2536
9	2537	2538	2602	2601	2537
9	2538	2539	2603	2602	2538
9	2539	2540	2604	2603	2539
9	2540	2541	2605	2604	2540
9	2541	2542	2606	2605	2541
9	2542	2543	2607	2606	2542
9	2543	2544	2608	2607	2543
9	2544	2545	2609	2608	2544
9	2545	2546	2610	2609	2545
9	2546	2547	2611	2610	2546
9	2547	2548	2612	2611	2547
9	2548	2549	2613	2612	2548
9	2549	2550	2614	2613	2549
9	2550	2551	2615	2614	2550
9	2551	2552	2616	2615	2551
9	2552	2553	2617	2616	2552
9	2553	2554	2618	2617	2553
9	2554	2555	2619	2618	2554
9	2555	2556	2620	2619	2555
9	2556	2557	2621	2620	2556
9	2557	2558	2622	2621	2557
9	2558	2559	2623	2622	2558
9	2559	2496	2560	2623	2559
9	2560	2561	2625	2624	2560
9	2561	2562	2626	2625	2561
9	2562	2563	2627	2626	2562
9	2563	2564	2628	2627	2563
9	2564	2565	2629	2628	2564
9	2565	2566	2630	2629	2565
9	2566	2567	2631	2630	2566
9	2567	2568	2632	2631	2567
9	2568	2569	2633	2632	2568
9	2569	2570	2634	2633	2569
9	2570	2571	2635	2634	2570
9	2571	2572	2636	2635	2571
9	2572	2573	2637	2636	2572
9	2573	2574	2638	2637	2573
9	2574	2575	2639	2638	2574
9	2575	2576	2640	2639	2575
9	2576	2577	2641	2640	2576
9	2577	2578	2642	2641	2577
9	2578	2579	2643	2642	2578
9	2579	2580	2644	2643	2579
9	2580	2581	2645	2644	2580
9	2581	2582	2646	2645	2581
9	2582	2583	2647	2646	2582
9	2583	2584	2648	2647	2583
9	2584	2585	2649	2648	2584
9	2585	2586	2650	2649	2585
9	2586	2587	2651	2650	2586
9	2587	2588	2652	2651	2587
9	2588	2589	2653	2652	2588
9	2589	2590	2654	2653	2589
9	2590	2591	2655	2654	2590
9	2591	2592	2656	2655	2591
9	2592	2593	2657	2656	2592
9	2593	2594	2658	2657	2593
9	2594	2595	2659	2658	2594
9	2595	2596	2660	2659	2595
9	2596	2597	2661	2660	2596
9	2597	2598	2662	2661	2597
9	2598	2599	2663	2662	2598
9	2599	2600	2664	2663	2599
9	2600	2601	2665	2664	2600
9	2601	2602	2666	2665	2601
9	2602	2603	2667	2666	2602
9	2603	2604	2668	2667	2603
9	2604	2605	2669	2668	2604
9	2605	2606	2670	2669	2605
9	2606	2607	2671	2670	2606
9	2607	2608	2672	2671	2607
9	2608	2609	2673	2672	2608
9	2609	2610	2674	2673	2609
9	2610	2611	2675	2674	2610
9	2611	2612	2676	2675	2611
9	2612	2613	2677	2676	2612
9	2613	2614	2678	2677	2613
9	2614	2615	2679	2678	2614
9	2615	2616	2680	2679	2615
9	2616	2617	2681	2680	2616
9	2617	2618	2682	2681	2617
9	2618	2619	2683	2682	2618
9	2619	2620	2684	2683	2619
9	2620	2621	2685	2684	2620
9	2621	2622	2686	2685	2621
9	2622	2623	2687	2686	2622
9	2623	2560	2624	2687	2623
9	2624	2625	2689	2688	2624
9	2625	2626	2690	2689	2625
9	2626	2627	2691	2690	2626
9	2627	2628	2692	2691	2627
9	2628	2629	2693	2692	2628
9	2629	2630	2694	2693	2629
9	2630	2631	2695	2694	2630
9	2631	2632	2696	2695	2631
9	2632	2633	2697	2696	2632
9	2633	2634	2698	2697	2633
9	2634	2635	2699	2698	2634
9	2635	2636	2700	2699	2635
9	2636	2637	2701	2700	2636
9	2637	2638	2702	2701	2637
9	2638	2639	2703	2702	2638
9	2639	2640	2704	2703	2639
9	2640	2641	2705	2704	2640
9	2641	2642	2706	2705	2641
9	2642	2643	2707	2706	2642
9	2643	2644	2708	2707	2643
9	2644	2645	2709	2708	2644
9	2645	2646	2710	2709	2645
9	2646	2647	2711	2710	2646
9	2647	2648	2712	2711	2647
9	2648	2649	2713	2712	2648
9	2649	2650	2714	2713	2649
9	2650	2651	2715	2714	2650
9	2651	2652	2716	2715	2651
9	2652	2653	2717	2716	2652
9	2653	2654	2718	2717	2653
9	2654	2655	2719	2718	2654
9	2655	2656	2720	2719	2655
9	2656	2657	2721	2720	2656
9	2657	2658	2722	2721	2657
9	2658	2659	2723	2722	2658
9	2659	2660	2724	2723	2659
9	2660	2661	2725	2724	2660
9	2661	2662	2726	2725	2661
9	2662	2663	2727	2726	2662
9	2663	2664	2728	2727	2663
9	2664	2665	2729	2728	2664
9	2665	2666	2730	2729	2665
9	2666	2667	2731	2730	2666
9	2667	2668	2732	2731	2667
9	2668	2669	2733	2732	2668
9	2669	2670	2734	2733	2669
9	2670	2671	2735	2734	2670
9	2671	2672	2736	2735	2671
9	2672	2673	2737	2736	2672
9	2673	2674	2738	2737	2673
9	2674	2675	2739	2738	2674
9	2675	2676	2740	2739	2675
9	2676	2677	2741	2740	2676
9	2677	2678	2742	2741	2677
9	2678	2679	2743	2742	2678
9	2679	2680	2744	2743	2679
9	2680	2681	2745	2744	2680
9	2681	2682	2746	2745	2681
9	2682	2683	2747	2746	2682
9	2683	2684	2748	2747	2683
9	2684	2685	2749	2748	2684
9	2685	2686	2750	2749	2685
9	2686	2687	2751	2750	2686
9	2687	2624	2688	2751	2687
9	2688	2689	2753	2752	2688
9	2689	2690	2754	2753	2689
9	2690	2691	2755	2754	2690
9	2691	2692	2756	2755	2691
9	2692	2693	2757	2756	2692
9	2693	2694	2758	2757	2693
9	2694	2695	2759	2758	2694
9	2695	2696	2760	2759	2695
9	2696	2697	2761	2760	2696
9	2697	2698	2762	2761	2697
9	2698	2699	2763	2762	2698
9	2699	2700	2764	2763	2699
9	2700	2701	2765	2764	2700
9	2701	2702	2766	2765	2701
9	2702	2703	2767	2766	2702
9	2703	2704	2768	2767	2703
9	2704	2705	2769	2768	2704
9	2705	2706	2770	2769	2705
9	2706	2707	2771	2770	2706
9	2707	2708	2772	2771	2707
9	2708	2709	2773	2772	2708
9	2709	2710	2774	2773	2709
9	2710	2711	2775	2774	2710
9	2711	2712	2776	2775	2711
9	2712	2713	2777	2776	2712
9	2713	2714	2778	2777	2713
9	2714	2715	2779	2778	2714
9	2715	2716	2780	2779	2715
9	2716	2717	2781	2780	2716
9	2717	2718	2782	2781	2717
9	2718	2719	2783	2782	2718
9	2719	2720	2784	2783	2719
9	2720	2721	2785	2784	2720
9	2721	2722	2786	2785	2721
9	2722	2723	2787	2786	2722
9	2723	2724	2788	2787	2723
9	2724	2725	2789	2788	2724
9	2725	2726	2790	2789	2725
9	2726	2727	2791	2790	2726
9	2727	2728	2792	2791	2727
9	2728	2729	2793	2792	2728
9	2729	2730	2794	2793	2729
9	2730	2731	2795	2794	2730
9	2731	2732	2796	2795	2731
9	2732	2733	2797	2796	2732
9	2733	2734	2798	2797	2733
9	2734	2735	2799	2798	2734
9	2735	2736	2800	2799	2735
9	2736	2737	2801	2800	2736
9	2737	2738	2802	2801	2737
9	2738	2739	2803	2802	2738
9	2739	2740	2804	2803	2739
9	2740	2741	2805	2804	2740
9	2741	2742	2806	2805	2741
9	2742	2743	2807	2806	2742
9	2743	2744	2808	2807	2743
9	2744	2745	2809	2808	2744
9	2745	2746	2810	2809	2745
9	2746	2747	2811	2810	2746
9	2747	2748	2812	2811	2747
9	2748	2749	2813	2812	2748
9	2749	2750	2814	2813	2749
9	2750	2751	2815	2814	2750
9	2751	2688	2752	2815	2751
9	2752	2753	2817	2816	2752
9	2753	2754	2818	2817	2753
9	2754	2755	2819	2818	2754
9	2755	2756	2820	2819	2755
9	2756	2757	2821	2820	2756
9	2757	2758	2822	2821	2757
9	2758	2759	2823	2822	2758
9	2759	2760	2824	2823	2759
9	2760	2761	2825	2824	2760
9	2761	2762	2826	2825	2761
9	2762	2763	2827	2826	2762
9	2763	2764	2828	2827	2763
9	2764	2765	2829	2828	2764
9	2765	2766	2830	2829	2765
9	2766	2767	2831	2830	2766
9	2767	2768	2832	2831	2767
9	2768	2769	2833	2832	2768
9	2769	2770	2834	2833	2769
9	2770	2771	2835	2834	2770
9	2771	2772	2836	2835	2771
9	2772	2773	2837	2836	2772
9	2773	2774	2838	2837	2773
9	2774	2775	2839	2838	2774
9	2775	2776	2840	2839	2775
9	2776	2777	2841	2840	2776
9	2777	2778	2842	2841	2777
9	2778	2779	2843	2842	2778
9	2779	2780	2844	2843	2779
9	2780	2781	2845	2844	2780
9	2781	2782	2846	2845	2781
9	2782	2783	2847	2846	2782
9	2783	2784	2848	2847	2783
9	2784	2785	2849	2848	2784
9	2785	2786	2850	2849	2785
9	2786	2787	2851	2850	2786
9	2787	2788	2852	2851	2787
9	2788	2789	2853	2852	2788
9	2789	2790	2854	2853	2789
9	2790	2791	2855	2854	2790
9	2791	2792	2856	2855	2791
9	2792	2793	2857	2856	2792
9	2793	2794	2858	2857	2793
9	2794	2795	2859	2858	2794
9	2795	2796	2860	2859	2795
9	2796	2797	2861	2860	2796
9	2797	2798	2862	2861	2797
9	2798	2799	2863	2862	2798
9	2799	2800	2864	2863	2799
9	2800	2801	2865	2864	2800
9	2801	2802	2866	2865	2801
9	2802	2803	2867	2866	2802
9	2803	2804	2868	2867	2803
9	2804	2805	2869	2868	2804
9	2805	2806	2870	2869	2805
9	2806	2807	2871	2870	2806
9	2807	2808	2872	2871	2807
9	2808	2809	2873	2872	2808
9	2809	2810	2874	2873	2809
9	2810	2811	2875	2874	2810
9	2811	2812	2876	2875	2811
9	2812	2813	2877	2876	2812
9	2813	2814	2878	2877	2813
9	2814	2815	2879	2878	2814
9	2815	2752	2816	2879	2815
9	2816	2817	2881	2880	2816
9	2817	2818	2882	2881	2817
9	2818	2819	2883	2882	2818
9	2819	2820	2884	2883	2819
9	2820	2821	2885	2884	2820
9	2821	2822	2886	2885	2821
9	2822	2823	2887	2886	2822
9	2823	2824	2888	2887	2823
9	2824	2825	2889	2888	2824
9	2825	2826	2890	2889	2825
9	2826	2827	2891	2890	2826
9	2827	2828	2892	2891	2827
9	2828	2829	2893	2892	2828
9	2829	2830	2894	2893	2829
9	2830	2831	2895	2894	2830
9	2831	2832	2896	2895	2831
9	2832	2833	2897	2896	2832
9	2833	2834	2898	2897	2833
9	2834	2835	2899	2898	2834
9	2835	2836	2900	2899	2835
9	2836	2837	2901	2900	2836
9	2837	2838	2902	2901	2837
9	2838	2839	2903	2902	2838
9	2839	2840	2904	2903	2839
9	2840	2841	2905	2904	2840
9	2841	2842	2906	2905	2841
9	2842	2843	2907	2906	2842
9	2843	2844	2908	2907	2843
9	2844	2845	2909	2908	2844
9	2845	2846	2910	2909	2845
9	2846	2847	2911	2910	2846
9	2847	2848	2912	2911	2847
9	2848	2849	2913	2912	2848
9	2849	2850	2914	2913	2849
9	2850	2851	2915	2914	2850
9	2851	2852	2916	2915	2851
9	2852	2853	2917	2916	2852
9	2853	2854	2918	2917	2853
9	2854	2855	2919	2918	2854
9	2855	2856	2920	2919	2855
9	2856	2857	2921	2920	2856
9	2857	2858	2922	2921	2857
9	2858	2859	2923	2922	2858
9	2859	2860	2924	2923	2859
9	2860	2861	2925	2924	2860
9	2861	2862	2926	2925	2861
9	2862	2863	2927	2926	2862
9	2863	2864	2928	2927	2863
9	2864	2865	2929	2928	2864
9	2865	2866	2930	2929	2865
9	2866	2867	2931	2930	2866
9	2867	2868	2932	2931	2867
9	2868	2869	2933	2932	2868
9	2869	2870	2934	2933	2869
9	2870	2871	2935	2934	2870
9	2871	2872	2936	2935	2871
9	2872	2873	2937	2936	2872
9	2873	2874	2938	2937	2873
9	2874	2875	2939	2938	2874
9	2875	2876	2940	2939	2875
9	2876	2877	2941	2940	2876
9	2877	2878	2942	2941	2877
9	2878	2879	2943	2942	2878
9	2879	2816	2880	2943	2879
9	2880	2881	2945	2944	2880
9	2881	2882	2946	2945	2881
9	2882	2883	2947	2946	2882
9	2883	2884	2948	2947	2883
9	2884	2885	2949	2948	2884
9	2885	2886	2950	2949	2885
9	2886	2887	2951	2950	2886
9	2887	2888	2952	2951	2887
9	2888	2889	2953	2952	2888
9	2889	2890	2954	2953	2889
9	2890	2891	2955	2954	2890
9	2891	2892	2956	2955	2891
9	2892	2893	2957	2956	2892
9	2893	2894	2958	2957	2893
9	2894	2895	2959	2958	2894
9	2895	2896	2960	2959	2895
9	2896	2897	2961	2960	2896
9	2897	2898	2962	2961	2897
9	2898	2899	2963	2962	2898
9	2899	2900	2964	2963	2899
9	2900	2901	2965	2964	2900
9	2901	2902	2966	2965	2901
9	2902	2903	2967	2966	2902
9	2903	2904	2968	2967	2903
9	2904	2905	2969	2968	2904
9	2905	2906	2970	2969	2905
9	2906	2907	2971	2970	2906
9	2907	2908	2972	2971	2907
9	2908	2909	2973	2972	2908
9	2909	2910	2974	2973	2909
9	2910	2911	2975	2974	2910
9	2911	2912	2976	2975	2911
9	2912	2913	2977	2976	2912
9	2913	2914	2978	2977	2913
9	2914	2915	2979	2978	2914
9	2915	2916	2980	2979	2915
9	2916	2917	2981	2980	2916
9	2917	2918	2982	2981	2917
9	2918	2919	2983	2982	2918
9	2919	2920	2984	2983	2919
9	2920	2921	2985	2984	2920
9	2921	2922	2986	2985	2921
9	2922	2923	2987	2986	2922
9	2923	2924	2988	2987	2923
9	2924	2925	2989	2988	2924
9	2925	2926	2990	2989	2925
9	2926	2927	2991	2990	2926
9	2927	2928	2992	2991	2927
9	2928	2929	2993	2992	2928
9	2929	2930	2994	2993	2929
9	2930	2931	2995	2994	2930
9	2931	2932	2996	2995	2931
9	2932	2933	2997	2996	2932
9	2933	2934	2998	2997	2933
9	2934	2935	2999	2998	2934
9	2935	2936	3000	2999	2935
9	2936	2937	3001	3000	2936
9	2937	2938	3002	3001	2937
9	2938	2939	3003	3002	2938
9	2939	2940	3004	3003	2939
9	2940	2941	3005	3004	2940
9	2941	2942	3006	3005	2941
9	2942	2943	3007	3006	2942
9	2943	2880	2944	3007	2943
9	2944	2945	3009	3008	2944
9	2945	2946	3010	3009	2945
9	2946	2947	3011	3010	2946
9	2947	2948	3012	3011	2947
9	2948	2949	3013	3012	2948
9	2949	2950	3014	3013	2949
9	2950	2951	3015	3014	2950
9	2951	2952	3016	3015	2951
9	2952	2953	3017	3016	2952
9	2953	2954	3018	3017	2953
9	2954	2955	3019	3018	2954
9	2955	2956	3020	3019	2955
9	2956	2957	3021	3020	2956
9	2957	2958	3022	3021	2957
9	2958	2959	3023	3022	2958
9	2959	2960	3024	3023	2959
9	2960	2961	3025	3024	2960
9	2961	2962	3026	3025	2961
9	2962	2963	3027	3026	2962
9	2963	2964	3028	3027	2963
9	2964	2965	3029	3028	2964
9	2965	2966	3030	3029	2965
9	2966	2967	3031	3030	2966
9	2967	2968	3032	3031	2967
9	2968	2969	3033	3032	2968
9	2969	2970	3034	3033	2969
9	2970	2971	3035	3034	2970
9	2971	2972	3036	3035	2971
9	2972	2973	3037	3036	2972
9	2973	2974	3038	3037	2973
9	2974	2975	3039	3038	2974
9	2975	2976	3040	3039	2975
9	2976	2977	3041	3040	2976
9	2977	2978	3042	3041	2977
9	2978	2979	3043	3042	2978
9	2979	2980	3044	3043	2979
9	2980	2981	3045	3044	2980
9	2981	2982	3046	3045	2981
9	2982	2983	3047	3046	2982
9	2983	2984	3048	3047	2983
9	2984	2985	3049	3048	2984
9	2985	2986	3050	3049	2985
9	2986	2987	3051	3050	2986
9	2987	2988	3052	3051	2987
9	2988	2989	3053	3052	2988
9	2989	2990	3054	3053	2989
9	2990	2991	3055	3054	2990
9	2991	2992	3056	3055	2991
9	2992	2993	3057	3056	2992
9	2993	2994	3058	3057	2993
9	2994	2995	3059	3058	2994
9	2995	2996	3060	3059	2995
9	2996	2997	3061	3060	2996
9	2997	2998	3062	3061	2997
9	2998	2999	3063	3062	2998
9	2999	3000	3064	3063	2999
9	3000	3001	3065	3064	3000
9	3001	3002	3066	3065	3001
9	3002	3003	3067	3066	3002
9	3003	3004	3068	3067	3003
9	3004	3005	3069	3068	3004
9	3005	3006	3070	3069	3005
9	3006	3007	3071	3070	3006
9	3007	2944	3008	3071	3007
9	3008	3009	3073	3072	3008
9	3009	3010	3074	3073	3009
9	3010	3011	3075	3074	3010
9	3011	3012	3076	3075	3011
9	3012	3013	3077	3076	3012
9	3013	3014	3078	3077	3013
9	3014	3015	3079	3078	3014
9	3015	3016	3080	3079	3015
9	3016	3017	3081	3080	3016
9	3017	3018	3082	3081	3017
9	3018	3019	3083	3082	3018
9	3019	3020	3084	3083	3019
9	3020	3021	3085	3084	3020
9	3021	3022	3086	3085	3021
9	3022	3023	3087	3086	3022
9	3023	3024	3088	3087	3023
9	3024	3025	3089	3088	3024
9	3025	3026	3090	3089	3025
9	3026	3027	3091	3090	3026
9	3027	3028	3092	3091	3027
9	3028	3029	3093	3092	3028
9	3029	3030	3094	3093	3029
9	3030	3031	3095	3094	3030
9	3031	3032	3096	3095	3031
9	3032	3033	3097	3096	3032
9	3033	3034	3098	3097	3033
9	3034	3035	3099	3098	3034
9	3035	3036	3100	3099	3035
9	3036	3037	3101	3100	3036
9	3037	3038	3102	3101	3037
9	3038	3039	3103	3102	3038
9	3039	3040	3104	3103	3039
9	3040	3041	3105	3104	3040
9	3041	3042	3106	3105	3041
9	3042	3043	3107	3106	3042
9	3043	3044	3108	3107	3043
9	3044	3045	3109	3108	3044
9	3045	3046	3110	3109	3045
9	3046	3047	3111	3110	3046
9	3047	3048	3112	3111	3047
9	3048	3049	3113	3112	3048
9	3049	3050	3114	3113	3049
9	3050	3051	3115	3114	3050
9	3051	3052	3116	3115	3051
9	3052	3053	3117	3116	3052
9	3053	3054	3118	3117	3053
9	3054	3055	3119	3118	3054
9	3055	3056	3120	3119	3055
9	3056	3057	3121	3120	3056
9	3057	3058	3122	3121	3057
9	3058	3059	3123	3122	3058
9	3059	3060	3124	3123	3059
9	3060	3061	3125	3124	3060
9	3061	3062	3126	3125	3061
9	3062	3063	3127	3126	3062
9	3063	3064	3128	3127	3063
9	3064	3065	3129	3128	3064
9	3065	3066	3130	3129	3065
9	3066	3067	3131	3130	3066
9	3067	3068	3132	3131	3067
9	3068	3069	3133	3132	3068
9	3069	3070	3134	3133	3069
9	3070	3071	3135	3134	3070
9	3071	3008	3072	3135	3071
9	3072	3073	3137	3136	3072
9	3073	3074	3138	3137	3073
9	3074	3075	3139	3138	3074
9	3075	3076	3140	3139	3075
9	3076	3077	3141	3140	3076
9	3077	3078	3142	3141	3077
9	3078	3079	3143	3142	3078
9	3079	3080	3144	3143	3079
9	3080	3081	3145	3144	3080
9	3081	3082	3146	3145	3081
9	3082	3083	3147	3146	3082
9	3083	3084	3148	3147	3083
9	3084	3085	3149	3148	3084
9	3085	3086	3150	3149	3085
9	3086	3087	3151	3150	3086
9	3087	3088	3152	3151	3087
9	3088	3089	3153	3152	3088
9	3089	3090	3154	3153	3089
9	3090	3091	3155	3154	3090
9	3091	3092	3156	3155	3091
9	3092	3093	3157	3156	3092
9	3093	3094	3158	3157	3093
9	3094	3095	3159	3158	3094
9	3095	3096	3160	3159	3095
9	3096	3097	3161	3160	3096
9	3097	3098	3162	3161	3097
9	3098	3099	3163	3162	3098
9	3099	3100	3164	3163	3099
9	3100	3101	3165	3164	3100
9	3101	3102	3166	3165	3101
9	3102	3103	3167	3166	3102
9	3103	3104	3168	3167	3103
9	3104	3105	3169	3168	3104
9	3105	3106	3170	3169	3105
9	3106	3107	3171	3170	3106
9	3107	3108	3172	3171	3107
9	3108	3109	3173	3172	3108
9	3109	3110	3174	3173	3109
9	3110	3111	3175	3174	3110
9	3111	3112	3176	3175	3111
9	3112	3113	3177	3176	3112
9	3113	3114	3178	3177	3113
9	3114	3115	3179	3178	3114
9	3115	3116	3180	3179	3115
9	3116	3117	3181	3180	3116
9	3117	3118	3182	3181	3117
9	3118	3119	3183	3182	3118
9	3119	3120	3184	3183	3119
9	3120	3121	3185	3184	3120
9	3121	3122	3186	3185	3121
9	3122	3123	3187	3186	3122
9	3123	3124	3188	3187	3123
9	3124	3125	3189	3188	3124
9	3125	3126	3190	3189	3125
9	3126	3127	3191	3190	3126
9	3127	3128	3192	3191	3127
9	3128	3129	3193	3192	3128
9	3129	3130	3194	3193	3129
9	3130	3131	3195	3194	3130
9	3131	3132	3196	3195	3131
9	3132	3133	3197	3196	3132
9	3133	3134	3198	3197	3133
9	3134	3135	3199	3198	3134
9	3135	3072	3136	3199	3135
9	3136	3137	3201	3200	3136
9	3137	3138	3202	3201	3137
9	3138	3139	3203	3202	3138
9	3139	3140	3204	3203	3139
9	3140	3141	3205	3204	3140
9	3141	3142	3206	3205	3141
9	3142	3143	3207	3206	3142
9	3143	3144	3208	3207	3143
9	3144	3145	3209	3208	3144
9	3145	3146	3210	3209	3145
9	3146	3147	3211	3210	3146
9	3147	3148	3212	3211	3147
9	3148	3149	3213	3212	3148
9	3149	3150	3214	3213	3149
9	3150	3151	3215	3214	3150
9	3151	3152	3216	3215	3151
9	3152	3153	3217	3216	3152
9	3153	3154	3218	3217	3153
9	3154	3155	3219	3218	3154
9	3155	3156	3220	3219	3155
9	3156	3157	3221	3220	3156
9	3157	3158	3222	3221	3157
9	3158	3159	3223	3222	3158
9	3159	3160	3224	3223	3159
9	3160	3161	3225	3224	3160
9	3161	3162	3226	3225	3161
9	3162	3163	3227	3226	3162
9	3163	3164	3228	3227	3163
9	3164	3165	3229	3228	3164
9	3165	3166	3230	3229	3165
9	3166	3167	3231	3230	3166
9	3167	3168	3232	3231	3167
9	3168	3169	3233	3232	3168
9	3169	3170	3234	3233	3169
9	3170	3171	3235	3234	3170
9	3171	3172	3236	3235	3171
9	3172	3173	3237	3236	3172
9	3173	3174	3238	3237	3173
9	3174	3175	3239	3238	3174
9	3175	3176	3240	3239	3175
9	3176	3177	3241	3240	3176
9	3177	3178	3242	3241	3177
9	3178	3179	3243	3242	3178
9	3179	3180	3244	3243	3179
9	3180	3181	3245	3244	3180
9	3181	3182	3246	3245	3181
9	3182	3183	3247	3246	3182
9	3183	3184	3248	3247	3183
9	3184	3185	3249	3248	3184
9	3185	3186	3250	3249	3185
9	3186	3187	3251	3250	3186
9	3187	3188	3252	3251	3187
9	3188	3189	3253	3252	3188
9	3189	3190	3254	3253	3189
9	3190	3191	3255	3254	3190
9	3191	3192	3256	3255	3191
9	3192	3193	3257	3256	3192
9	3193	3194	3258	3257	3193
9	3194	3195	3259	3258	3194
9	3195	3196	3260	3259	3195
9	3196	3197	3261	3260	3196
9	3197	3198	3262	3261	3197
9	3198	3199	3263	3262	3198
9	3199	3136	3200	3263	3199
9	3200	3201	3265	3264	3200
9	3201	3202	3266	3265	3201
9	3202	3203	3267	3266	3202
9	3203	3204	3268	3267	3203
9	3204	3205	3269	3268	3204
9	3205	3206	3270	3269	3205
9	3206	3207	3271	3270	3206
9	3207	3208	3272	3271	3207
9	3208	3209	3273	3272	3208
9	3209	3210	3274	3273	3209
9	3210	3211	3275	3274	3210
9	3211	3212	3276	3275	3211
9	3212	3213	3277	3276	3212
9	3213	3214	3278	3277	3213
9	3214	3215	3279	3278	3214
9	3215	3216	3280	3279	3215
9	3216	3217	3281	3280	3216
9	3217	3218	3282	3281	3217
9	3218	3219	3283	3282	3218
9	3219	3220	3284	3283	3219
9	3220	3221	3285	3284	3220
9	3221	3222	3286	3285	3221
9	3222	3223	3287	3286	3222
9	3223	3224	3288	3287	3223
9	3224	3225	3289	3288	3224
9	3225	3226	3290	3289	3225
9	3226	3227	3291	3290	3226
9	3227	3228	3292	3291	3227
9	3228	3229	3293	3292	3228
9	3229	3230	3294	3293	3229
9	3230	3231	3295	3294	3230
9	3231	3232	3296	3295	3231
9	3232	3233	3297	3296	3232
9	3233	3234	3298	3297	3233
9	3234	3235	3299	3298	3234
9	3235	3236	3300	3299	3235
9	3236	3237	3301	3300	3236
9	3237	3238	3302	3301	3237
9	3238	3239	3303	3302	3238
9	3239	3240	3304	3303	3239
9	3240	3241	3305	3304	3240
9	3241	3242	3306	3305	3241
9	3242	3243	3307	3306	3242
9	3243	3244	3308	3307	3243
9	3244	3245	3309	3308	3244
9	3245	3246	3310	3309	3245
9	3246	3247	3311	3310	3246
9	3247	3248	3312	3311	3247
9	3248	3249	3313	3312	3248
9	3249	3250	3314	3313	3249
9	3250	3251	3315	3314	3250
9	3251	3252	3316	3315	3251
9	3252	3253	3317	3316	3252
9	3253	3254	3318	3317	3253
9	3254	3255	3319	3318	3254
9	3255	3256	3320	3319	3255
9	3256	3257	3321	3320	3256
9	3257	3258	3322	3321	3257
9	3258	3259	3323	3322	3258
9	3259	3260	3324	3323	3259
9	3260	3261	3325	3324	3260
9	3261	3262	3326	3325	3261
9	3262	3263	3327	3326	3262
9	3263	3200	3264	3327	3263
9	3264	3265	3329	3328	3264
9	3265	3266	3330	3329	3265
9	3266	3267	3331	3330	3266
9	3267	3268	3332	3331	3267
9	3268	3269	3333	3332	3268
9	3269	3270	3334	3333	3269
9	3270	3271	3335	3334	3270
9	3271	3272	3336	3335	3271
9	3272	3273	3337	3336	3272
9	3273	3274	3338	3337	3273
9	3274	3275	3339	3338	3274
9	3275	3276	3340	3339	3275
9	3276	3277	3341	3340	3276
9	3277	3278	3342	3341	3277
9	3278	3279	3343	3342	3278
9	3279	3280	3344	3343	3279
9	3280	3281	3345	3344	3280
9	3281	3282	3346	3345	3281
9	3282	3283	3347	3346	3282
9	3283	3284	3348	3347	3283
9	3284	3285	3349	3348	3284
9	3285	3286	3350	3349	3285
9	3286	3287	3351	3350	3286
9	3287	3288	3352	3351	3287
9	3288	3289	3353	3352	3288
9	3289	3290	3354	3353	3289
9	3290	3291	3355	3354	3290
9	3291	3292	3356	3355	3291
9	3292	3293	3357	3356	3292
9	3293	3294	3358	3357	3293
9	3294	3295	3359	3358	3294
9	3295	3296	3360	3359	3295
9	3296	3297	3361	3360	3296
9	3297	3298	3362	3361	3297
9	3298	3299	3363	3362	3298
9	3299	3300	3364	3363	3299
9	3300	3301	3365	3364	3300
9	3301	3302	3366	3365	3301
9	3302	3303	3367	3366	3302
9	3303	3304	3368	3367	3303
9	3304	3305	3369	3368	3304
9	3305	3306	3370	3369	3305
9	3306	3307	3371	3370	3306
9	3307	3308	3372	3371	3307
9	3308	3309	3373	3372	3308
9	3309	3310	3374	3373	3309
9	3310	3311	3375	3374	3310
9	3311	3312	3376	3375	3311
9	3312	3313	3377	3376	3312
9	3313	3314	3378	3377	3313
9	3314	3315	3379	3378	3314
9	3315	3316	3380	3379	3315
9	3316	3317	3381	3380	3316
9	3317	3318	3382	3381	3317
9	3318	3319	3383	3382	3318
9	3319	3320	3384	3383	3319
9	3320	3321	3385	3384	3320
9	3321	3322	3386	3385	3321
9	3322	3323	3387	3386	3322
9	3323	3324	3388	3387	3323
9	3324	3325	3389	3388	3324
9	3325	3326	3390	3389	3325
9	3326	3327	3391	3390	3326
9	3327	3264	3328	3391	3327
9	3328	3329	3393	3392	3328
9	3329	3330	3394	3393	3329
9	3330	3331	3395	3394	3330
9	3331	3332	3396	3395	3331
9	3332	3333	3397	3396	3332
9	3333	3334	3398	3397	3333
9	3334	3335	3399	3398	3334
9	3335	3336	3400	3399	3335
9	3336	3337	3401	3400	3336
9	3337	3338	3402	3401	3337
9	3338	3339	3403	3402	3338
9	3339	3340	3404	3403	3339
9	3340	3341	3405	3404	3340
9	3341	3342	3406	3405	3341
9	3342	3343	3407	3406	3342
9	3343	3344	3408	3407	3343
9	3344	3345	3409	3408	3344
9	3345	3346	3410	3409	3345
9	3346	3347	3411	3410	3346
9	3347	3348	3412	3411	3347
9	3348	3349	3413	3412	3348
9	3349	3350	3414	3413	3349
9	3350	3351	3415	3414	3350
9	3351	3352	3416	3415	3351
9	3352	3353	3417	3416	3352
9	3353	3354	3418	3417	3353
9	3354	3355	3419	3418	3354
9	3355	3356	3420	3419	3355
9	3356	3357	3421	3420	3356
9	3357	3358	3422	3421	3357
9	3358	3359	3423	3422	3358
9	3359	3360	3424	3423	3359
9	3360	3361	3425	3424	3360
9	3361	3362	3426	3425	3361
9	3362	3363	3427	3426	3362
9	3363	3364	3428	3427	3363
9	3364	3365	3429	3428	3364
9	3365	3366	3430	3429	3365
9	3366	3367	3431	3430	3366
9	3367	3368	3432	3431	3367
9	3368	3369	3433	3432	3368
9	3369	3370	3434	3433	3369
9	3370	3371	3435	3434	3370
9	3371	3372	3436	3435	3371
9	3372	3373	3437	3436	3372
9	3373	3374	3438	3437	3373
9	3374	3375	3439	3438	3374
9	3375	3376	3440	3439	3375
9	3376	3377	3441	3440	3376
9	3377	3378	3442	3441	3377
9	3378	3379	3443	3442	3378
9	3379	3380	3444	3443	3379
9	3380	3381	3445	3444	3380
9	3381	3382	3446	3445	3381
9	3382	3383	3447	3446	3382
9	3383	3384	3448	3447	3383
9	3384	3385	3449	3448	3384
9	3385	3386	3450	3449	3385
9	3386	3387	3451	3450	3386
9	3387	3388	3452	3451	3387
9	3388	3389	3453	3452	3388
9	3389	3390	3454	3453	3389
9	3390	3391	3455	3454	3390
9	3391	3328	3392	3455	3391
9	3392	3393	3457	3456	3392
9	3393	3394	3458	3457	3393
9	3394	3395	3459	3458	3394
9	3395	3396	3460	3459	3395
9	3396	3397	3461	3460	3396
9	3397	3398	3462	3461	3397
9	3398	3399	3463	3462	3398
9	3399	3400	3464	3463	3399
9	3400	3401	3465	3464	3400
9	3401	3402	3466	3465	3401
9	3402	3403	3467	3466	3402
9	3403	3404	3468	3467	3403
9	3404	3405	3469	3468	3404
9	3405	3406	3470	3469	3405
9	3406	3407	3471	3470	3406
9	3407	3408	3472	3471	3407
9	3408	3409	3473	3472	3408
9	3409	3410	3474	3473	3409
9	3410	3411	3475	3474	3410
9	3411	3412	3476	3475	3411
9	3412	3413	3477	3476	3412
9	3413	3414	3478	3477	3413
9	3414	3415	3479	3478	3414
9	3415	3416	3480	3479	3415
9	3416	3417	3481	3480	3416
9	3417	3418	3482	3481	3417
9	3418	3419	3483	3482	3418
9	3419	3420	3484	3483	3419
9	3420	3421	3485	3484	3420
9	3421	3422	3486	3485	3421
9	3422	3423	3487	3486	3422
9	3423	3424	3488	3487	3423
9	3424	3425	3489	3488	3424
9	3425	3426	3490	3489	3425
9	3426	3427	3491	3490	3426
9	3427	3428	3492	3491	3427
9	3428	3429	3493	3492	3428
9	3429	3430	3494	3493	3429
9	3430	3431	3495	3494	3430
9	3431	3432	3496	3495	3431
9	3432	3433	3497	3496	3432
9	3433	3434	3498	3497	3433
9	3434	3435	3499	3498	3434
9	3435	3436	3500	3499	3435
9	3436	3437	3501	3500	3436
9	3437	3438	3502	3501	3437
9	3438	3439	3503	3502	3438
9	3439	3440	3504	3503	3439
9	3440	3441	3505	3504	3440
9	3441	3442	3506	3505	3441
9	3442	3443	3507	3506	3442
9	3443	3444	3508	3507	3443
9	3444	3445	3509	3508	3444
9	3445	3446	3510	3509	3445
9	3446	3447	3511	3510	3446
9	3447	3448	3512	3511	3447
9	3448	3449	3513	3512	3448
9	3449	3450	3514	3513	3449
9	3450	3451	3515	3514	3450
9	3451	3452	3516	3515	3451
9	3452	3453	3517	3516	3452
9	3453	3454	3518	3517	3453
9	3454	3455	3519	3518	3454
9	3455	3392	3456	3519	3455
9	3456	3457	3521	3520	3456
9	3457	3458	3522	3521	3457
9	3458	3459	3523	3522	3458
9	3459	3460	3524	3523	3459
9	3460	3461	3525	3524	3460
9	3461	3462	3526	3525	3461
9	3462	3463	3527	3526	3462
9	3463	3464	3528	3527	3463
9	3464	3465	3529	3528	3464
9	3465	3466	3530	3529	3465
9	3466	3467	3531	3530	3466
9	3467	3468	3532	3531	3467
9	3468	3469	3533	3532	3468
9	3469	3470	3534	3533	3469
9	3470	3471	3535	3534	3470
9	3471	3472	3536	3535	3471
9	3472	3473	3537	3536	3472
9	3473	3474	3538	3537	3473
9	3474	3475	3539	3538	3474
9	3475	3476	3540	3539	3475
9	3476	3477	3541	3540	3476
9	3477	3478	3542	3541	3477
9	3478	3479	3543	3542	3478
9	3479	3480	3544	3543	3479
9	3480	3481	3545	3544	3480
9	3481	3482	3546	3545	3481
9	3482	3483	3547	3546	3482
9	3483	3484	3548	3547	3483
9	3484	3485	3549	3548	3484
9	3485	3486	3550	3549	3485
9	3486	3487	3551	3550	3486
9	3487	3488	3552	3551	3487
9	3488	3489	3553	3552	3488
9	3489	3490	3554	3553	3489
9	3490	3491	3555	3554	3490
9	3491	3492	3556	3555	3491
9	3492	3493	3557	3556	3492
9	3493	3494	3558	3557	3493
9	3494	3495	3559	3558	3494
9	3495	3496	3560	3559	3495
9	3496	3497	3561	3560	3496
9	3497	3498	3562	3561	3497
9	3498	3499	3563	3562	3498
9	3499	3500	3564	3563	3499
9	3500	3501	3565	3564	3500
9	3501	3502	3566	3565	3501
9	3502	3503	3567	3566	3502
9	3503	3504	3568	3567	3503
9	3504	3505	3569	3568	3504
9	3505	3506	3570	3569	3505
9	3506	3507	3571	3570	3506
9	3507	3508	3572	3571	3507
9	3508	3509	3573	3572	3508
9	3509	3510	3574	3573	3509
9	3510	3511	3575	3574	3510
9	3511	3512	3576	3575	3511
9	3512	3513	3577	3576	3512
9	3513	3514	3578	3577	3513
9	3514	3515	3579	3578	3514
9	3515	3516	3580	3579	3515
9	3516	3517	3581	3580	3516
9	3517	3518	3582	3581	3517
9	3518	3519	3583	3582	3518
9	3519	3456	3520	3583	3519
9	3520	3521	3585	3584	3520
9	3521	3522	3586	3585	3521
9	3522	3523	3587	3586	3522
9	3523	3524	3588	3587	3523
9	3524	3525	3589	3588	3524
9	3525	3526	3590	3589	3525
9	3526	3527	3591	3590	3526
9	3527	3528	3592	3591	3527
9	3528	3529	3593	3592	3528
9	3529	3530	3594	3593	3529
9	3530	3531	3595	3594	3530
9	3531	3532	3596	3595	3531
9	3532	3533	3597	3596	3532
9	3533	3534	3598	3597	3533
9	3534	3535	3599	3598	3534
9	3535	3536	3600	3599	3535
9	3536	3537	3601	3600	3536
9	3537	3538	3602	3601	3537
9	3538	3539	3603	3602	3538
9	3539	3540	3604	3603	3539
9	3540	3541	3605	3604	3540
9	3541	3542	3606	3605	3541
9	3542	3543	3607	3606	3542
9	3543	3544	3608	3607	3543
9	3544	3545	3609	3608	3544
9	3545	3546	3610	3609	3545
9	3546	3547	3611	3610	3546
9	3547	3548	3612	3611	3547
9	3548	3549	3613	3612	3548
9	3549	3550	3614	3613	3549
9	3550	3551	3615	3614	3550
9	3551	3552	3616	3615	3551
9	3552	3553	3617	3616	3552
9	3553	3554	3618	3617	3553
9	3554	3555	3619	3618	3554
9	3555	3556	3620	3619	3555
9	3556	3557	3621	3620	3556
9	3557	3558	3622	3621	3557
9	3558	3559	3623	3622	3558
9	3559	3560	3624	3623	3559
9	3560	3561	3625	3624	3560
9	3561	3562	3626	3625	3561
9	3562	3563	3627	3626	3562
9	3563	3564	3628	3627	3563
9	3564	3565	3629	3628	3564
9	3565	3566	3630	3629	3565
9	3566	3567	3631	3630	3566
9	3567	3568	3632	3631	3567
9	3568	3569	3633	3632	3568
9	3569	3570	3634	3633	3569
9	3570	3571	3635	3634	3570
9	3571	3572	3636	3635	3571
9	3572	3573	3637	3636	3572
9	3573	3574	3638	3637	3573
9	3574	3575	3639	3638	3574
9	3575	3576	3640	3639	3575
9	3576	3577	3641	3640	3576
9	3577	3578	3642	3641	3577
9	3578	3579	3643	3642	3578
9	3579	3580	3644	3643	3579
9	3580	3581	3645	3644	3580
9	3581	3582	3646	3645	3581
9	3582	3583	3647	3646	3582
9	3583	3520	3584	3647	3583
9	3584	3585	3649	3648	3584
9	3585	3586	3650	3649	3585
9	3586	3587	3651	3650	3586
9	3587	3588	3652	3651	3587
9	3588	3589	3653	3652	3588
9	3589	3590	3654	3653	3589
9	3590	3591	3655	3654	3590
9	3591	3592	3656	3655	3591
9	3592	3593	3657	3656	3592
9	3593	3594	3658	3657	3593
9	3594	3595	3659	3658	3594
9	3595	3596	3660	3659	3595
9	3596	3597	3661	3660	3596
9	3597	3598	3662	3661	3597
9	3598	3599	3663	3662	3598
9	3599	3600	3664	3663	3599
9	3600	3601	3665	3664	3600
9	3601	3602	3666	3665	3601
9	3602	3603	3667	3666	3602
9	3603	3604	3668	3667	3603
9	3604	3605	3669	3668	3604
9	3605	3606	3670	3669	3605
9	3606	3607	3671	3670	3606
9	3607	3608	3672	3671	3607
9	3608	3609	3673	3672	3608
9	3609	3610	3674	3673	3609
9	3610	3611	3675	3674	3610
9	3611	3612	3676	3675	3611
9	3612	3613	3677	3676	3612
9	3613	3614	3678	3677	3613
9	3614	3615	3679	3678	3614
9	3615	3616	3680	3679	3615
9	3616	3617	3681	3680	3616
9	3617	3618	3682	3681	3617
9	3618	3619	3683	3682	3618
9	3619	3620	3684	3683	3619
9	3620	3621	3685	3684	3620
9	3621	3622	3686	3685	3621
9	3622	3623	3687	3686	3622
9	3623	3624	3688	3687	3623
9	3624	3625	3689	3688	3624
9	3625	3626	3690	3689	3625
9	3626	3627	3691	3690	3626
9	3627	3628	3692	3691	3627
9	3628	3629	3693	3692	3628
9	3629	3630	3694	3693	3629
9	3630	3631	3695	3694	3630
9	3631	3632	3696	3695	3631
9	3632	3633	3697	3696	3632
9	3633	3634	3698	3697	3633
9	3634	3635	3699	3698	3634
9	3635	3636	3700	3699	3635
9	3636	3637	3701	3700	3636
9	3637	3638	3702	3701	3637
9	3638	3639	3703	3702	3638
9	3639	3640	3704	3703	3639
9	3640	3641	3705	3704	3640
9	3641	3642	3706	3705	3641
9	3642	3643	3707	3706	3642
9	3643	3644	3708	3707	3643
9	3644	3645	3709	3708	3644
9	3645	3646	3710	3709	3645
9	3646	3647	3711	3710	3646
9	3647	3584	3648	3711	3647
9	3648	3649	3713	3712	3648
9	3649	3650	3714	3713	3649
9	3650	3651	3715	3714	3650
9	3651	3652	3716	3715	3651
9	3652	3653	3717	3716	3652
9	3653	3654	3718	3717	3653
9	3654	3655	3719	3718	3654
9	3655	3656	3720	3719	3655
9	3656	3657	3721	3720	3656
9	3657	3658	3722	3721	3657
9	3658	3659	3723	3722	3658
9	3659	3660	3724	3723	3659
9	3660	3661	3725	3724	3660
9	3661	3662	3726	3725	3661
9	3662	3663	3727	3726	3662
9	3663	3664	3728	3727	3663
9	3664	3665	3729	3728	3664
9	3665	3666	3730	3729	3665
9	3666	3667	3731	3730	3666
9	3667	3668	3732	3731	3667
9	3668	3669	3733	3732	3668
9	3669	3670	3734	3733	3669
9	3670	3671	3735	3734	3670
9	3671	3672	3736	3735	3671
9	3672	3673	3737	3736	3672
9	3673	3674	3738	3737	3673
9	3674	3675	3739	3738	3674
9	3675	3676	3740	3739	3675
9	3676	3677	3741	3740	3676
9	3677	3678	3742	3741	3677
9	3678	3679	3743	3742	3678
9	3679	3680	3744	3743	3679
9	3680	3681	3745	3744	3680
9	3681	3682	3746	3745	3681
9	3682	3683	3747	3746	3682
9	3683	3684	3748	3747	3683
9	3684	3685	3749	3748	3684
9	3685	3686	3750	3749	3685
9	3686	3687	3751	3750	3686
9	3687	3688	3752	3751	3687
9	3688	3689	3753	3752	3688
9	3689	3690	3754	3753	3689
9	3690	3691	3755	3754	3690
9	3691	3692	3756	3755	3691
9	3692	3693	3757	3756	3692
9	3693	3694	3758	3757	3693
9	3694	3695	3759	3758	3694
9	3695	3696	3760	3759	3695
9	3696	3697	3761	3760	3696
9	3697	3698	3762	3761	3697
9	3698	3699	3763	3762	3698
9	3699	3700	3764	3763	3699
9	3700	3701	3765	3764	3700
9	3701	3702	3766	3765	3701
9	3702	3703	3767	3766	3702
9	3703	3704	3768	3767	3703
9	3704	3705	3769	3768	3704
9	3705	3706	3770	3769	3705
9	3706	3707	3771	3770	3706
9	3707	3708	3772	3771	3707
9	3708	3709	3773	3772	3708
9	3709	3710	3774	3773	3709
9	3710	3711	3775	3774	3710
9	3711	3648	3712	3775	3711
9	3712	3713	3777	3776	3712
9	3713	3714	3778	3777	3713
9	3714	3715	3779	3778	3714
9	3715	3716	3780	3779	3715
9	3716	3717	3781	3780	3716
9	3717	3718	3782	3781	3717
9	3718	3719	3783	3782	3718
9	3719	3720	3784	3783	3719
9	3720	3721	3785	3784	3720
9	3721	3722	3786	3785	3721
9	3722	3723	3787	3786	3722
9	3723	3724	3788	3787	3723
9	3724	3725	3789	3788	3724
9	3725	3726	3790	3789	3725
9	3726	3727	3791	3790	3726
9	3727	3728	3792	3791	3727
9	3728	3729	3793	3792	3728
9	3729	3730	3794	3793	3729
9	3730	3731	3795	3794	3730
9	3731	3732	3796	3795	3731
9	3732	3733	3797	3796	3732
9	3733	3734	3798	3797	3733
9	3734	3735	3799	3798	3734
9	3735	3736	3800	3799	3735
9	3736	3737	3801	3800	3736
9	3737	3738	3802	3801	3737
9	3738	3739	3803	3802	3738
9	3739	3740	3804	3803	3739
9	3740	3741	3805	3804	3740
9	3741	3742	3806	3805	3741
9	3742	3743	3807	3806	3742
9	3743	3744	3808	3807	3743
9	3744	3745	3809	3808	3744
9	3745	3746	3810	3809	3745
9	3746	3747	3811	3810	3746
9	3747	3748	3812	3811	3747
9	3748	3749	3813	3812	3748
9	3749	3750	3814	3813	3749
9	3750	3751	3815	3814	3750
9	3751	3752	3816	3815	3751
9	3752	3753	3817	3816	3752
9	3753	3754	3818	3817	3753
9	3754	3755	3819	3818	3754
9	3755	3756	3820	3819	3755
9	3756	3757	3821	3820	3756
9	3757	3758	3822	3821	3757
9	3758	3759	3823	3822	3758
9	3759	3760	3824	3823	3759
9	3760	3761	3825	3824	3760
9	3761	3762	3826	3825	3761
9	3762	3763	3827	3826	3762
9	3763	3764	3828	3827	3763
9	3764	3765	3829	3828	3764
9	3765	3766	3830	3829	3765
9	3766	3767	3831	3830	3766
9	3767	3768	3832	3831	3767
9	3768	3769	3833	3832	3768
9	3769	3770	3834	3833	3769
9	3770	3771	3835	3834	3770
9	3771	3772	3836	3835	3771
9	3772	3773	3837	3836	3772
9	3773	3774	3838	3837	3773
9	3774	3775	3839	3838	3774
9	3775	3712	3776	3839	3775
9	3776	3777	3841	3840	3776
9	3777	3778	3842	3841	3777
9	3778	3779	3843	3842	3778
9	3779	3780	3844	3843	3779
9	3780	3781	3845	3844	3780
9	3781	3782	3846	3845	3781
9	3782	3783	3847	3846	3782
9	3783	3784	3848	3847	3783
9	3784	3785	3849	3848	3784
9	3785	3786	3850	3849	3785
9	3786	3787	3851	3850	3786
9	3787	3788	3852	3851	3787
9	3788	3789	3853	3852	3788
9	3789	3790	3854	3853	3789
9	3790	3791	3855	3854	3790
9	3791	3792	3856	3855	3791
9	3792	3793	3857	3856	3792
9	3793	3794	3858	3857	3793
9	3794	3795	3859	3858	3794
9	3795	3796	3860	3859	3795
9	3796	3797	3861	3860	3796
9	3797	3798	3862	3861	3797
9	3798	3799	3863	3862	3798
9	3799	3800	3864	3863	3799
9	3800	3801	3865	3864	3800
9	3801	3802	3866	3865	3801
9	3802	3803	3867	3866	3802
9	3803	3804	3868	3867	3803
9	3804	3805	3869	3868	3804
9	3805	3806	3870	3869	3805
9	3806	3807	3871	3870	3806
9	3807	3808	3872	3871	3807
9	3808	3809	3873	3872	3808
9	3809	3810	3874	3873	3809
9	3810	3811	3875	3874	3810
9	3811	3812	3876	3875	3811
9	3812	3813	3877	3876	3812
9	3813	3814	3878	3877	3813
9	3814	3815	3879	3878	3814
9	3815	3816	3880	3879	3815
9	3816	3817	3881	3880	3816
9	3817	3818	3882	3881	3817
9	3818	3819	3883	3882	3818
9	3819	3820	3884	3883	3819
9	3820	3821	3885	3884	3820
9	3821	3822	3886	3885	3821
9	3822	3823	3887	3886	3822
9	3823	3824	3888	3887	3823
9	3824	3825	3889	3888	3824
9	3825	3826	3890	3889	3825
9	3826	3827	3891	3890	3826
9	3827	3828	3892	3891	3827
9	3828	3829	3893	3892	3828
9	3829	3830	3894	3893	3829
9	3830	3831	3895	3894	3830
9	3831	3832	3896	3895	3831
9	3832	3833	3897	3896	3832
9	3833	3834	3898	3897	3833
9	3834	3835	3899	3898	3834
9	3835	3836	3900	3899	3835
9	3836	3837	3901	3900	3836
9	3837	3838	3902	3901	3837
9	3838	3839	3903	3902	3838
9	3839	3776	3840	3903	3839
9	3840	3841	3905	3904	3840
9	3841	3842	3906	3905	3841
9	3842	3843	3907	3906	3842
9	3843	3844	3908	3907	3843
9	3844	3845	3909	3908	3844
9	3845	3846	3910	3909	3845
9	3846	3847	3911	3910	3846
9	3847	3848	3912	3911	3847
9	3848	3849	3913	3912	3848
9	3849	3850	3914	3913	3849
9	3850	3851	3915	3914	3850
9	3851	3852	3916	3915	3851
9	3852	3853	3917	3916	3852
9	3853	3854	3918	3917	3853
9	3854	3855	3919	3918	3854
9	3855	3856	3920	3919	3855
9	3856	3857	3921	3920	3856
9	3857	3858	3922	3921	3857
9	3858	3859	3923	3922	3858
9	3859	3860	3924	3923	3859
9	3860	3861	3925	3924	3860
9	3861	3862	3926	3925	3861
9	3862	3863	3927	3926	3862
9	3863	3864	3928	3927	3863
9	3864	3865	3929	3928	3864
9	3865	3866	3930	3929	3865
9	3866	3867	3931	3930	3866
9	3867	3868	3932	3931	3867
9	3868	3869	3933	3932	3868
9	3869	3870	3934	3933	3869
9	3870	3871	3935	3934	3870
9	3871	3872	3936	3935	3871
9	3872	3873	3937	3936	3872
9	3873	3874	3938	3937	3873
9	3874	3875	3939	3938	3874
9	3875	3876	3940	3939	3875
9	3876	3877	3941	3940	3876
9	3877	3878	3942	3941	3877
9	3878	3879	3943	3942	3878
9	3879	3880	3944	3943	3879
9	3880	3881	3945	3944	3880
9	3881	3882	3946	3945	3881
9	3882	3883	3947	3946	3882
9	3883	3884	3948	3947	3883
9	3884	3885	3949	3948	3884
9	3885	3886	3950	3949	3885
9	3886	3887	3951	3950	3886
9	3887	3888	3952	3951	3887
9	3888	3889	3953	3952	3888
9	3889	3890	3954	3953	3889
9	3890	3891	3955	3954	3890
9	3891	3892	3956	3955	3891
9	3892	3893	3957	3956	3892
9	3893	3894	3958	3957	3893
9	3894	3895	3959	3958	3894
9	3895	3896	3960	3959	3895
9	3896	3897	3961	3960	3896
9	3897	3898	3962	3961	3897
9	3898	3899	3963	3962	3898
9	3899	3900	3964	3963	3899
9	3900	3901	3965	3964	3900
9	3901	3902	3966	3965	3901
9	3902	3903	3967	3966	3902
9	3903	3840	3904	3967	3903
9	3904	3905	3969	3968	3904
9	3905	3906	3970	3969	3905
9	3906	3907	3971	3970	3906
9	3907	3908	3972	3971	3907
9	3908	3909	3973	3972	3908
9	3909	3910	3974	3973	3909
9	3910	3911	3975	3974	3910
9	3911	3912	3976	3975	3911
9	3912	3913	3977	3976	3912
9	3913	3914	3978	3977	3913
9	3914	3915	3979	3978	3914
9	3915	3916	3980	3979	3915
9	3916	3917	3981	3980	3916
9	3917	3918	3982	3981	3917
9	3918	3919	3983	3982	3918
9	3919	3920	3984	3983	3919
9	3920	3921	3985	3984	3920
9	3921	3922	3986	3985	3921
9	3922	3923	3987	3986	3922
9	3923	3924	3988	3987	3923
9	3924	3925	3989	3988	3924
9	3925	3926	3990	3989	3925
9	3926	3927	3991	3990	3926
9	3927	3928	3992	3991	3927
9	3928	3929	3993	3992	3928
9	3929	3930	3994	3993	3929
9	3930	3931	3995	3994	3930
9	3931	3932	3996	3995	3931
9	3932	3933	3997	3996	3932
9	3933	3934	3998	3997	3933
9	3934	3935	3999	3998	3934
9	3935	3936	4000	3999	3935
9	3936	3937	4001	4000	3936
9	3937	3938	4002	4001	3937
9	3938	3939	4003	4002	3938
9	3939	3940	4004	4003	3939
9	3940	3941	4005	4004	3940
9	3941	3942	4006	4005	3941
9	3942	3943	4007	4006	3942
9	3943	3944	4008	4007	3943
9	3944	3945	4009	4008	3944
9	3945	3946	4010	4009	3945
9	3946	3947	4011	4010	3946
9	3947	3948	4012	4011	3947
9	3948	3949	4013	4012	3948
9	3949	3950	4014	4013	3949
9	3950	3951	4015	4014	3950
9	3951	3952	4016	4015	3951
9	3952	3953	4017	4016	3952
9	3953	3954	4018	4017	3953
9	3954	3955	4019	4018	3954
9	3955	3956	4020	4019	3955
9	3956	3957	4021	4020	3956
9	3957	3958	4022	4021	3957
9	3958	3959	4023	4022	3958
9	3959	3960	4024	4023	3959
9	3960	3961	4025	4024	3960
9	3961	3962	4026	4025	3961
9	3962	3963	4027	4026	3962
9	3963	3964	4028	4027	3963
9	3964	3965	4029	4028	3964
9	3965	3966	4030	4029	3965
9	3966	3967	4031	4030	3966
9	3967	3904	3968	4031	3967
9	3968	3969	4033	4032	3968
9	3969	3970	4034	4033	3969
9	3970	3971	4035	4034	3970
9	3971	3972	4036	4035	3971
9	3972	3973	4037	4036	3972
9	3973	3974	4038	4037	3973
9	3974	3975	4039	4038	3974
9	3975	3976	4040	4039	3975
9	3976	3977	4041	4040	3976
9	3977	3978	4042	4041	3977
9	3978	3979	4043	4042	3978
9	3979	3980	4044	4043	3979
9	3980	3981	4045	4044	3980
9	3981	3982	4046	4045	3981
9	3982	3983	4047	4046	3982
9	3983	3984	4048	4047	3983
9	3984	3985	4049	4048	3984
9	3985	3986	4050	4049	3985
9	3986	3987	4051	4050	3986
9	3987	3988	4052	4051	3987
9	3988	3989	4053	4052	3988
9	3989	3990	4054	4053	3989
9	3990	3991	4055	4054	3990
9	3991	3992	4056	4055	3991
9	3992	3993	4057	4056	3992
9	3993	3994	4058	4057	3993
9	3994	3995	4059	4058	3994
9	3995	3996	4060	4059	3995
9	3996	3997	4061	4060	3996
9	3997	3998	4062	4061	3997
9	3998	3999	4063	4062	3998
9	3999	4000	4064	4063	3999
9	4000	4001	4065	4064	4000
9	4001	4002	4066	4065	4001
9	4002	4003	4067	4066	4002
9	4003	4004	4068	4067	4003
9	4004	4005	4069	4068	4004
9	4005	4006	4070	4069	4005
9	4006	4007	4071	4070	4006
9	4007	4008	4072	4071	4007
9	4008	4009	4073	4072	4008
9	4009	4010	4074	4073	4009
9	4010	4011	4075	4074	4010
9	4011	4012	4076	4075	4011
9	4012	4013	4077	4076	4012
9	4013	4014	4078	4077	4013
9	4014	4015	4079	4078	4014
9	4015	4016	4080	4079	4015
9	4016	4017	4081	4080	4016
9	4017	4018	4082	4081	4017
9	4018	4019	4083	4082	4018
9	4019	4020	4084	4083	4019
9	4020	4021	4085	4084	4020
9	4021	4022	4086	4085	4021
9	4022	4023	4087	4086	4022
9	4023	4024	4088	4087	4023
9	4024	4025	4089	4088	4024
9	4025	4026	4090	4089	4025
9	4026	4027	4091	4090	4026
9	4027	4028	4092	4091	4027
9	4028	4029	4093	4092	4028
9	4029	4030	4094	4093	4029
9	4030	4031	4095	4094	4030
9	4031	3968	4032	4095	4031
9	4032	4033	4097	4096	4032
9	4033	4034	4098	4097	4033
9	4034	4035	4099	4098	4034
9	4035	4036	4100	4099	4035
9	4036	4037	4101	4100	4036
9	4037	4038	4102	4101	4037
9	4038	4039	4103	4102	4038
9	4039	4040	4104	4103	4039
9	4040	4041	4105	4104	4040
9	4041	4042	4106	4105	4041
9	4042	4043	4107	4106	4042
9	4043	4044	4108	4107	4043
9	4044	4045	4109	4108	4044
9	4045	4046	4110	4109	4045
9	4046	4047	4111	4110	4046
9	4047	4048	4112	4111	4047
9	4048	4049	4113	4112	4048
9	4049	4050	4114	4113	4049
9	4050	4051	4115	4114	4050
9	4051	4052	4116	4115	4051
9	4052	4053	4117	4116	4052
9	4053	4054	4118	4117	4053
9	4054	4055	4119	4118	4054
9	4055	4056	4120	4119	4055
9	4056	4057	4121	4120	4056
9	4057	4058	4122	4121	4057
9	4058	4059	4123	4122	4058
9	4059	4060	4124	4123	4059
9	4060	4061	4125	4124	4060
9	4061	4062	4126	4125	4061
9	4062	4063	4127	4126	4062
9	4063	4064	4128	4127	4063
9	4064	4065	4129	4128	4064
9	4065	4066	4130	4129	4065
9	4066	4067	4131	4130	4066
9	4067	4068	4132	4131	4067
9	4068	4069	4133	4132	4068
9	4069	4070	4134	4133	4069
9	4070	4071	4135	4134	4070
9	4071	4072	4136	4135	4071
9	4072	4073	4137	4136	4072
9	4073	4074	4138	4137	4073
9	4074	4075	4139	4138	4074
9	4075	4076	4140	4139	4075
9	4076	4077	4141	4140	4076
9	4077	4078	4142	4141	4077
9	4078	4079	4143	4142	4078
9	4079	4080	4144	4143	4079
9	4080	4081	4145	4144	4080
9	4081	4082	4146	4145	4081
9	4082	4083	4147	4146	4082
9	4083	4084	4148	4147	4083
9	4084	4085	4149	4148	4084
9	4085	4086	4150	4149	4085
9	4086	4087	4151	4150	4086
9	4087	4088	4152	4151	4087
9	4088	4089	4153	4152	4088
9	4089	4090	4154	4153	4089
9	4090	4091	4155	4154	4090
9	4091	4092	4156	4155	4091
9	4092	4093	4157	4156	4092
9	4093	4094	4158	4157	4093
9	4094	4095	4159	4158	4094
9	4095	4032	4096	4159	4095
%
% Node coordinates
%
NPOIN= 4160
0.999999311	4.68924242e-05	0
0.999802518	-0.000126371653	1
0.999273333	-0.000493842809	2
0.997751838	-0.000996193325	3
0.994592012	-0.00150470615	4
0.98925872	-0.00204615048	5
0.981186346	-0.00262732266	6
0.969857267	-0.00343944263	7
0.954790751	-0.00453027124	8
0.935567642	-0.00589752827	9
0.911851294	-0.00754804944	10
0.88340343	-0.00950375017	11
0.850095588	-0.0117693636	12
0.811921346	-0.0143287212	13
0.769008402	-0.0171651001	14
0.721625151	-0.0202501249	15
0.670183999	-0.0235330789	16
0.6152413	-0.026936842	17
0.557492351	-0.03034858	18
0.497761669	-0.033614766	19
0.436987652	-0.0365234092	20
0.376206843	-0.0389114178	21
0.316530313	-0.0408277539	22
0.259092395	-0.0421069767	23
0.205019589	-0.0424167134	24
0.155399582	-0.0414783691	25
0.111240157	-0.0390645024	26
0.073434031	-0.0350151484	27
0.042748157	-0.029231436	28
0.0198734849	-0.0216714963	29
0.00562639247	-0.0125550911	30
0.000347645142	-0.0039701455	31
-0.000171079088	9.04850786e-06	32
0.000327500086	0.00399070127	33
0.00504607352	0.0129935022	34
0.0178638017	0.0242602002	35
0.0392493243	0.0358264016	36
0.0687644917	0.0469201175	37
0.105827314	0.0570130913	38
0.149687041	0.0656239102	39
0.199409524	0.0723394962	40
0.253904704	0.0768600323	41
0.311977196	0.0790310276	42
0.372384773	0.0788533806	43
0.433896966	0.0765428268	44
0.495363749	0.0727319931	45
0.555721172	0.0677598038	46
0.614009936	0.0619252264	47
0.6693966	0.0555203068	48
0.721185544	0.0488173574	49
0.768826662	0.0420633684	50
0.811918309	0.0354764548	51
0.850205668	0.0292420784	52
0.88357557	0.0235110619	53
0.912048826	0.0184010715	54
0.935766838	0.0139862492	55
0.954977834	0.0102952826	56
0.970026226	0.00733028257	57
0.981337092	0.00506953052	58
0.98939217	0.00343420809	59
0.994692601	0.00219687995	60
0.997804413	0.00127644201	61
0.999288598	0.000604844788	62
0.999806668	0.000218471601	63
1.00000132	4.68454389e-05	64
0.999800682	-0.000127188077	65
0.999275332	-0.000494043429	66
0.997750065	-0.000997137336	67
0.994593921	-0.00150533158	68
0.98925726	-0.00204753094	69
0.981187838	-0.00262866765	70
0.969856414	-0.00344126129	71
0.95479162	-0.00453208257	72
0.935567304	-0.00589950871	73
0.911851753	-0.0075500054	74
0.883403361	-0.00950575807	75
0.850095857	-0.0117713546	76
0.811921394	-0.0143307297	77
0.769008587	-0.0171671006	78
0.721625247	-0.0202521317	79
0.670184145	-0.0235350827	80
0.615241413	-0.0269388479	81
0.557492467	-0.0303505857	82
0.497761781	-0.033616772	83
0.436987722	-0.036525417	84
0.376206943	-0.0389134244	85
0.316530323	-0.0408297629	86
0.259092504	-0.0421089828	87
0.20501946	-0.0424187181	88
0.155399706	-0.041480374	89
0.111239711	-0.0390664597	90
0.0734342323	-0.035017146	91
0.0427470178	-0.0292330897	92
0.0198738977	-0.0216734625	93
0.00562452771	-0.0125558388	94
0.000347847143	-0.00397205935	95
-0.000173088043	9.07133203e-06	96
0.000327318759	0.00399244408	97
0.00504417524	0.0129941602	98
0.0178637703	0.0242621744	99
0.0392479744	0.0358278895	100
0.0687643416	0.046922117	101
0.105826587	0.0570149635	102
0.149686907	0.0656259143	103
0.199409192	0.0723414776	104
0.253904663	0.0768620409	105
0.311977116	0.079033035	106
0.372384847	0.0788553883	107
0.433897053	0.0765448339	108
0.4953639	0.0727339965	109
0.555721358	0.0677618043	110
0.614010142	0.0619272249	111
0.669396864	0.0555222984	112
0.72118578	0.0488193526	113
0.768827009	0.0420653473	114
0.811918536	0.035478451	115
0.850206132	0.0292440331	116
0.883575708	0.0235130662	117
0.912049502	0.0184029632	118
0.935766721	0.0139882549	119
0.954978911	0.0102969784	120
0.970025565	0.00733217979	121
0.981338719	0.0050707092	122
0.989390834	0.00343570828	123
0.994694555	0.00219734723	124
0.997802715	0.00127751491	125
0.999290606	0.000604900674	126
0.999804893	0.000219413348	127
1.00000381	4.67870975e-05	128
0.999798403	-0.000128201843	129
0.999277815	-0.00049429255	130
0.997747862	-0.000998309622	131
0.994596292	-0.00150610829	132
0.989255957	-0.00204944006	133
0.981188532	-0.00263090493	134
0.969856337	-0.00344370281	135
0.954791853	-0.00453455726	136
0.935567445	-0.00590199682	137
0.911851928	-0.00755249504	138
0.883403527	-0.0095082485	139
0.850096025	-0.0117738453	140
0.81192156	-0.0143332206	141
0.769008751	-0.0171695917	142
0.721625408	-0.020254623	143
0.670184302	-0.0235375743	144
0.615241563	-0.0269413398	145
0.557492609	-0.030353078	146
0.497761908	-0.0336192649	147
0.436987831	-0.0365279106	148
0.376207032	-0.0389159185	149
0.31653039	-0.0408322574	150
0.259092539	-0.0421114777	151
0.205019443	-0.0424212128	152
0.155399616	-0.0414828667	153
0.111239512	-0.0390689457	154
0.0734338732	-0.0350196135	155
0.0427464059	-0.0292355064	156
0.019872867	-0.0216757306	157
0.00562253985	-0.0125572342	158
0.000345584844	-0.00397310483	159
-0.000175579983	9.09964349e-06	160
0.000325006882	0.00399337455	161
0.00504203293	0.0129953445	162
0.0178623716	0.024264237	163
0.0392469228	0.0358301429	164
0.0687635811	0.0469244912	165
0.105826024	0.0570173923	166
0.149686503	0.0656283751	167
0.199408924	0.0723439572	168
0.253904515	0.0768645309	169
0.311977074	0.0790355295	170
0.372384898	0.0788578828	171
0.433897177	0.0765473262	172
0.495364079	0.0727364856	173
0.555721584	0.0677642897	174
0.614010409	0.0619297063	175
0.669397167	0.0555247759	176
0.721186115	0.0488218259	177
0.768827372	0.0420678167	178
0.811918924	0.0354809164	179
0.850206543	0.0292464948	180
0.883576137	0.0235155246	181
0.912049955	0.0184054171	182
0.935767156	0.0139907088	183
0.954979452	0.0102994019	184
0.970025809	0.00733461056	185
0.981339741	0.00507281496	186
0.989389798	0.00343773569	187
0.994696982	0.00219792749	188
0.997800605	0.00127884716	189
0.9992931	0.000604970068	190
0.99980269	0.000220582707	191
1.00000691	4.67146555e-05	192
0.999795572	-0.000129460654	193
0.999280897	-0.000494601898	194
0.997745127	-0.000999765384	195
0.994597223	-0.00150873023	196
0.989256226	-0.00205252728	197
0.981188763	-0.00263399572	198
0.969856561	-0.00344679452	199
0.954792075	-0.0045376496	200
0.935567663	-0.00590508985	201
0.911852142	-0.00755558869	202
0.883403739	-0.00951134266	203
0.850096234	-0.0117769399	204
0.811921766	-0.0143363156	205
0.769008953	-0.0171726871	206
0.721625607	-0.0202577187	207
0.670184496	-0.0235406703	208
0.615241749	-0.0269444361	209
0.557492783	-0.0303561747	210
0.497762065	-0.0336223622	211
0.436987965	-0.0365310085	212
0.376207142	-0.0389190168	213
0.316530471	-0.0408353559	214
0.259092576	-0.0421145762	215
0.205019415	-0.0424243104	216
0.155399491	-0.0414859609	217
0.111239244	-0.0390720297	218
0.0734333856	-0.0350226694	219
0.0427455623	-0.0292384825	220
0.0198714386	-0.0216784731	221
0.00562037486	-0.0125594392	222
0.00034273578	-0.00397430179	223
-0.000178671023	9.13476145e-06	224
0.000322098403	0.00399441885	225
0.00503963636	0.0129972954	226
0.0178605324	0.024266722	227
0.0392455944	0.0358329356	228
0.0687626039	0.0469274262	229
0.105825307	0.0570204025	230
0.149685991	0.0656314278	231
0.199408585	0.0723470348	232
0.253904325	0.0768676222	233
0.311977016	0.0790386268	234
0.372384954	0.0788609809	235
0.433897325	0.0765504218	236
0.495364299	0.0727395775	237
0.555721863	0.0677673773	238
0.614010739	0.0619327891	239
0.669397542	0.0555278537	240
0.721186529	0.0488248988	241
0.768827822	0.0420708845	242
0.811919406	0.0354839794	243
0.850207053	0.029249553	244
0.883576672	0.0235185784	245
0.912050511	0.0184084668	246
0.935767731	0.0139937547	247
0.954980043	0.0103024444	248
0.970026413	0.00733765019	249
0.981340359	0.00507585125	250
0.989390459	0.00344076251	251
0.994698355	0.00220031453	252
0.997797986	0.00128050146	253
0.999296196	0.000605056236	254
0.999799954	0.000222034688	255
1.00001076	4.66247046e-05	256
0.999792058	-0.000131023739	257
0.999284725	-0.000494986034	258
0.997745873	-0.00100348162	259
0.994597771	-0.0015125389	260
0.98925661	-0.0020563568	261
0.981189073	-0.00263783281	262
0.969856847	-0.0034506343	263
0.954792353	-0.00454149079	264
0.935567934	-0.00590893227	265
0.911852408	-0.00755943215	266
0.883404002	-0.009515187	267
0.850096493	-0.011780785	268
0.811922022	-0.0143401614	269
0.769009205	-0.0171765334	270
0.721625854	-0.0202615654	271
0.670184736	-0.0235445173	272
0.615241979	-0.0269482835	273
0.557492998	-0.0303600225	274
0.497762259	-0.0336262105	275
0.436988131	-0.0365348572	276
0.376207275	-0.0389228656	277
0.316530566	-0.0408392045	278
0.259092614	-0.0421184242	279
0.205019368	-0.0424281566	280
0.155399316	-0.0414898016	281
0.111238876	-0.0390758547	282
0.0734327182	-0.0350264515	283
0.0427444069	-0.029242143	284
0.0198695172	-0.0216817939	285
0.00561753777	-0.0125620193	286
0.00033915934	-0.00397568492	287
-0.000182505349	9.14379321e-06	288
0.000318459129	0.00399562559	289
0.00503654919	0.0129995691	290
0.0178581415	0.0242697209	291
0.03924386	0.0358363581	292
0.0687613409	0.046931051	293
0.10582439	0.0570241317	294
0.149685341	0.0656352144	295
0.199408155	0.0723508543	296
0.253904084	0.0768714599	297
0.311976939	0.0790424728	298
0.372385018	0.0788648285	299
0.433897503	0.076554267	300
0.495364568	0.0727434184	301
0.555722206	0.0677712129	302
0.614011147	0.0619366189	303
0.669398007	0.0555316775	304
0.721187043	0.0488287163	305
0.76882838	0.0420746959	306
0.811920003	0.0354877846	307
0.850207685	0.0292533523	308
0.883577335	0.0235223721	309
0.912051201	0.0184122551	310
0.935768445	0.0139975381	311
0.954980779	0.010306223	312
0.97002717	0.00734142402	313
0.981341148	0.00507961776	314
0.989391325	0.00344451138	315
0.994699372	0.00220402476	316
0.997799257	0.00128412825	317
0.999300041	0.00060516323	318
0.999796556	0.000223837599	319
1.00001553	4.65130133e-05	320
0.999787693	-0.000132964647	321
0.999287155	-0.000498612309	322
0.997747157	-0.00100808252	323
0.994598602	-0.00151724499	324
0.989257167	-0.00206110415	325
0.981189499	-0.0026425952	326
0.96985722	-0.00345540249	327
0.954792705	-0.00454626187	328
0.935568274	-0.00591370552	329
0.911852741	-0.00756420711	330
0.883404329	-0.00951996335	331
0.850096816	-0.0117855625	332
0.811922339	-0.0143449399	333
0.769009518	-0.0171813127	334
0.72162616	-0.0202663453	335
0.670185033	-0.0235492976	336
0.615242264	-0.0269530642	337
0.557493264	-0.0303648036	338
0.497762497	-0.0336309918	339
0.436988334	-0.0365396386	340
0.376207438	-0.0389276468	341
0.316530677	-0.040843985	342
0.259092651	-0.0421232033	343
0.205019292	-0.0424329324	344
0.155399072	-0.0414945686	345
0.111238373	-0.0390805981	346
0.0734318118	-0.0350311311	347
0.0427428537	-0.0292466458	348
0.0198669926	-0.0216858295	349
0.00561390149	-0.0125650876	350
0.000334690846	-0.00397731613	351
-0.000187261585	9.1264803e-06	352
0.000313918522	0.00399704133	353
0.00503263041	0.013002265	354
0.0178550714	0.0242733562	355
0.039241613	0.0358405548	356
0.0687597103	0.0469355263	357
0.105823214	0.0570287502	358
0.149684512	0.0656399105	359
0.199407607	0.0723555943	360
0.253903774	0.0768762241	361
0.311976835	0.0790472484	362
0.37238509	0.0788696069	363
0.433897718	0.076559043	364
0.495364896	0.0727481894	365
0.55572263	0.0677759777	366
0.614011651	0.0619413768	367
0.669398581	0.0555364279	368
0.72118768	0.0488334592	369
0.768829072	0.042079431	370
0.811920744	0.035492512	371
0.85020847	0.0292580722	372
0.883578158	0.0235270847	373
0.912052058	0.0184169608	374
0.935769334	0.014002237	375
0.954981698	0.010310915	376
0.970028125	0.00734610775	377
0.981342164	0.00508428766	378
0.989392472	0.00344914988	379
0.994700762	0.00220859534	380
0.997801042	0.00128855803	381
0.999302883	0.000608398764	382
0.999792337	0.000226076255	383
1.00002146	4.63743268e-05	384
0.999791102	-0.000137769787	385
0.999289861	-0.00050388818	386
0.997749046	-0.00101370614	387
0.994599815	-0.00152305438	388
0.989257964	-0.00206698693	389
0.981190086	-0.00264850484	390
0.969857712	-0.00346132287	391
0.954793156	-0.00455218761	392
0.935568703	-0.0059196349	393
0.911853157	-0.00757013922	394
0.883404737	-0.00952589764	395
0.850097217	-0.0117914986	396
0.811922734	-0.0143508774	397
0.769009906	-0.0171872513	398
0.721626539	-0.0202722848	399
0.670185401	-0.0235552377	400
0.615242615	-0.0269590045	401
0.557493591	-0.0303707441	402
0.497762791	-0.0336369324	403
0.436988584	-0.036545579	404
0.376207635	-0.0389335862	405
0.316530806	-0.0408499228	406
0.259092683	-0.0421291385	407
0.205019175	-0.0424388621	408
0.155398732	-0.0415004849	409
0.111237691	-0.0390864796	410
0.0734305952	-0.0350369205	411
0.0427407985	-0.0292521876	412
0.0198637245	-0.021690749	413
0.00560929321	-0.0125687763	414
0.000329119435	-0.00397926005	415
-0.000193161199	9.08555021e-06	416
0.000308261858	0.0039987172	417
0.00502769497	0.0130054989	418
0.0178511623	0.0242777792	419
0.0392387239	0.0358457062	420
0.0687576125	0.0469410518	421
0.105821705	0.0570344693	422
0.149683452	0.065645734	423
0.199406907	0.0723614764	424
0.253903376	0.0768821383	425
0.311976695	0.0790531782	426
0.372385169	0.0788755412	427
0.433897977	0.0765649752	428
0.495365299	0.0727541161	429
0.555723151	0.067781897	430
0.614012274	0.0619472877	431
0.669399293	0.0555423297	432
0.721188469	0.0488393515	433
0.76882993	0.0420853137	434
0.811921664	0.035498385	435
0.850209444	0.0292639356	436
0.883579181	0.0235329388	437
0.912053125	0.0184228057	438
0.935770442	0.0140080727	439
0.954982852	0.0103167402	440
0.970029338	0.00735191945	441
0.981343479	0.00509007561	442
0.989393988	0.0034548864	443
0.994702645	0.00221422082	444
0.997803505	0.00129395281	445
0.999305968	0.000613461084	446
0.999795417	0.000230693417	447
1.00002882	4.62021207e-05	448
0.999796341	-0.000142911325	449
0.999293699	-0.000510172843	450
0.997751677	-0.00102058708	451
0.994601513	-0.00153022653	452
0.989259078	-0.00207427512	453
0.98119089	-0.00265583702	454
0.969858365	-0.00346867326	455
0.954793739	-0.00455954702	456
0.935569246	-0.0059270002	457
0.911853679	-0.00757750877	458
0.883405246	-0.00953327051	459
0.850097716	-0.0117988741	460
0.811923225	-0.0143582551	461
0.769010387	-0.0171946306	462
0.72162701	-0.0202796652	463
0.670185857	-0.0235626187	464
0.61524305	-0.0269663859	465
0.557493995	-0.0303781254	466
0.497763152	-0.0336443133	467
0.43698889	-0.036552959	468
0.376207872	-0.0389409645	469
0.316530955	-0.0408572984	470
0.259092702	-0.0421365096	471
0.205019	-0.0424462245	472
0.155398264	-0.0415078273	473
0.111236773	-0.0390937718	474
0.0734289802	-0.0350440827	475
0.0427381112	-0.0292590122	476
0.0198595344	-0.0216967608	477
0.00560348857	-0.0125732406	478
0.000322186137	-0.00398160674	479
-0.000200479036	9.01792338e-06	480
0.000301225625	0.0040007284	481
0.00502150569	0.0130094064	482
0.0178462126	0.0242831761	483
0.0392350316	0.035852036	484
0.0687549245	0.0469478754	485
0.105819774	0.0570415512	486
0.149682098	0.0656529552	487
0.199406013	0.0723687754	488
0.253902864	0.0768894802	489
0.311976507	0.0790605412	490
0.372385256	0.0788829112	491
0.433898288	0.0765723435	492
0.495365791	0.0727614782	493
0.555723793	0.0677892504	494
0.614013044	0.0619546309	495
0.669400173	0.0555496618	496
0.721189447	0.0488466719	497
0.768830994	0.0420926221	498
0.811922805	0.0355056812	499
0.850210654	0.0292712196	500
0.883580453	0.0235402107	501
0.912054454	0.0184300654	502
0.935771829	0.0140153194	503
0.954984305	0.0103239717	504
0.970030881	0.00735912963	505
0.981345178	0.00509724793	506
0.989395982	0.00346198008	507
0.994705154	0.00222114679	508
0.997806809	0.00130053452	509
0.999310224	0.000619468366	510
0.999800719	0.000235759517	511
1.00003796	4.60572033e-05	512
0.999803444	-0.000148657718	513
0.999298869	-0.000517716858	514
0.997755225	-0.00102902024	515
0.994603828	-0.00153908183	516
0.989260607	-0.00208330361	517
0.981191982	-0.00266493327	518
0.969859231	-0.00347779845	519
0.954794493	-0.00456868658	520
0.935569939	-0.00593614889	521
0.911854337	-0.00758666393	522
0.883405883	-0.00954243061	523
0.850098339	-0.0118080381	524
0.811923835	-0.0143674222	525
0.769010985	-0.0172038	526
0.721627594	-0.020288836	527
0.670186421	-0.0235717904	528
0.615243587	-0.0269755578	529
0.557494493	-0.0303872969	530
0.497763596	-0.0336534838	531
0.436989263	-0.0365621278	532
0.376208157	-0.0389501303	533
0.316531123	-0.0408664596	534
0.259092701	-0.0421456639	535
0.205018745	-0.0424553656	536
0.155397624	-0.0415169392	537
0.111235548	-0.0391028125	538
0.0734268557	-0.0350529438	539
0.0427346281	-0.0292674208	540
0.0198541968	-0.021704121	541
0.00559620366	-0.012578668	542
0.000313565012	-0.00398445598	543
-0.000209556039	8.91862137e-06	544
0.000292479622	0.00400315865	545
0.0050137641	0.0130141507	546
0.0178399693	0.0242897756	547
0.0392303347	0.0358598206	548
0.0687514923	0.0469563039	549
0.105817307	0.0570503206	550
0.149680369	0.0656619092	551
0.19940487	0.0723778323	552
0.253902205	0.0768985941	553
0.311976257	0.0790696837	554
0.372385349	0.078892064	555
0.433898663	0.0765814955	556
0.495366393	0.0727706234	557
0.555724584	0.0677983854	558
0.614013995	0.0619637536	559
0.669401263	0.0555587709	560
0.721190659	0.0488557665	561
0.768832314	0.0421017016	562
0.811924221	0.0355147454	563
0.850212157	0.0292802682	564
0.883582035	0.0235492434	565
0.912056112	0.0184390819	566
0.935773566	0.0140243179	567
0.954986136	0.0103329479	568
0.970032847	0.00736807383	569
0.981347373	0.00510613503	570
0.989398585	0.00347075249	571
0.994708453	0.00222967905	572
0.997811152	0.00130858251	573
0.999315874	0.000626655547	574
0.999807945	0.000241348846	575
1.00004931	4.59168604e-05	576
0.999812661	-0.000155283998	577
0.99930564	-0.000526834883	578
0.997759908	-0.00103937156	579
0.994606929	-0.00155001788	580
0.98926267	-0.00209448762	581
0.981193451	-0.00267621723	582
0.969860379	-0.00348912609	583
0.954795471	-0.00458003644	584
0.935570823	-0.0059475125	585
0.911855168	-0.00759803715	586
0.883406683	-0.00955381105	587
0.850099117	-0.0118194242	588
0.811924596	-0.0143788126	589
0.769011729	-0.0172151936	590
0.721628318	-0.0203002317	591
0.67018712	-0.0235831871	592
0.615244251	-0.0269869545	593
0.557495107	-0.0303986928	594
0.497764142	-0.0336648779	595
0.436989717	-0.0365735188	596
0.376208497	-0.0389615165	597
0.316531311	-0.0408778389	598
0.259092668	-0.0421570326	599
0.205018379	-0.0424667149	600
0.15539676	-0.0415282466	601
0.111233925	-0.0391140205	602
0.0734240813	-0.0350639073	603
0.0427301431	-0.029277786	604
0.0198474285	-0.0217131452	605
0.00558708273	-0.0125852876	606
0.000302850297	-0.00398792755	607
-0.00022081512	8.78064039e-06	608
0.0002816126	0.00400610631	609
0.00500409719	0.0130199305	610
0.0178321161	0.0242978591	611
0.0392243807	0.0358694016	612
0.0687471231	0.0469667169	613
0.105814161	0.0570611799	614
0.149678163	0.0656730115	615
0.199403411	0.0723890705	616
0.253901358	0.0769099076	617
0.311975922	0.0790810357	618
0.372385447	0.078903431	619
0.433899113	0.0765928631	620
0.495367129	0.0727819835	621
0.555725557	0.0678097336	622
0.61401517	0.061975087	623
0.669402612	0.0555700877	624
0.72119216	0.0488670653	625
0.768833951	0.0421129816	626
0.811925979	0.0355260058	627
0.850214025	0.0292915086	628
0.883584006	0.0235604633	629
0.912058182	0.0184502798	630
0.935775743	0.0140354908	631
0.954988448	0.010344089	632
0.970035353	0.00737916783	633
0.981350199	0.0051171466	634
0.989401964	0.00348160225	635
0.994712745	0.00224019663	636
0.997816785	0.00131844285	637
0.99932321	0.00063532085	638
0.999817321	0.00024774357	639
1.00006341	4.57495664e-05	640
0.999824409	-0.0001630782	641
0.99931437	-0.000537911526	642
0.997766006	-0.00105209451	643
0.99461102	-0.00156352862	644
0.989265419	-0.00210834208	645
0.981195409	-0.00269021451	646
0.969861894	-0.00350318728	647
0.95479674	-0.00459413072	648
0.935571955	-0.00596162697	649
0.91185622	-0.00761216558	650
0.883407687	-0.00956794988	651
0.850100089	-0.0118335711	652
0.811925543	-0.0143929656	653
0.769012653	-0.017229351	654
0.721629217	-0.0203143919	655
0.670187986	-0.0235973486	656
0.615245071	-0.0270011158	657
0.557495864	-0.0304128526	658
0.497764811	-0.0336790346	659
0.43699027	-0.0365876707	660
0.376208902	-0.0389756612	661
0.316531517	-0.0408919733	662
0.259092585	-0.0421711512	663
0.205017865	-0.0424808055	664
0.155395599	-0.041542278	665
0.11123179	-0.0391279151	666
0.0734204797	-0.0350774731	667
0.0427243967	-0.0292905683	668
0.0198388745	-0.0217242225	669
0.00557568182	-0.0125933798	670
0.000289538309	-0.00399216914	671
-0.00023478087	8.59470619e-06	672
0.000268114194	0.00400969261	673
0.00499204026	0.0130269896	674
0.0178222579	0.0243077735	675
0.0392168541	0.035881201	676
0.0687415754	0.0469795845	677
0.105810158	0.0570746277	678
0.149675353	0.0656867775	679
0.199401547	0.0724030148	680
0.253900268	0.0769239514	681
0.311975479	0.0790951311	682
0.372385544	0.0789175477	683
0.433899653	0.0766069824	684
0.495368029	0.072796095	685
0.555726756	0.0678238311	686
0.614016622	0.0619891667	687
0.669404282	0.055584147	688
0.721194022	0.0488811024	689
0.768835983	0.042126995	690
0.811928164	0.0355399946	691
0.850216349	0.0293054717	692
0.883586461	0.0235743993	693
0.91206077	0.0184641865	694
0.935778478	0.0140493632	695
0.954991368	0.0103579166	696
0.970038545	0.00739292788	697
0.981353829	0.00513079071	698
0.989406325	0.00349502354	699
0.994718286	0.00225316919	700
0.997824025	0.0013305436	701
0.99933261	0.000645826975	702
0.999829267	0.000255224034	703
1.00008091	4.5542891e-05	704
0.999839247	-0.000172367593	705
0.999325519	-0.00055141744	706
0.997773871	-0.00106775144	707
0.994616361	-0.00158022628	708
0.989269044	-0.0021255057	709
0.981197996	-0.00270757724	710
0.969863884	-0.00352064118	711
0.954798387	-0.00461163259	712
0.935573405	-0.00597915789	713
0.911857554	-0.00762971647	714
0.88340895	-0.00958551552	715
0.850101306	-0.011851148	716
0.811926724	-0.014410551	717
0.769013803	-0.0172469425	718
0.721630332	-0.0203319872	719
0.670189058	-0.0236149456	720
0.615246085	-0.0270187123	721
0.557496796	-0.0304304465	722
0.497765631	-0.0336966239	723
0.436990941	-0.0366052528	724
0.376209381	-0.0389932327	725
0.316531737	-0.0409095297	726
0.25909243	-0.0421886849	727
0.205017152	-0.0424982991	728
0.155394053	-0.0415596893	729
0.111228997	-0.03914514	730
0.0734158267	-0.0350942598	731
0.042717063	-0.0293063368	732
0.0198280911	-0.0217378329	733
0.00556144794	-0.0126032901	734
0.000273003842	-0.00399736276	735
-0.000252103993	8.34885074e-06	736
0.000251351001	0.00401406671	737
0.00497701516	0.0130356272	738
0.0178099022	0.0243199462	739
0.0392073598	0.0358957398	740
0.068734546	0.0469954879	741
0.105805073	0.0570912816	742
0.149671778	0.0657038461	743
0.199399168	0.0724203168	744
0.253898867	0.0769413843	745
0.311974891	0.0791126328	746
0.372385635	0.0789350793	747
0.433900301	0.0766245198	748
0.495369128	0.0728136243	749
0.55572823	0.0678413443	750
0.614018414	0.0620066584	751
0.669406349	0.0556016137	752
0.72119633	0.0488985415	753
0.768838505	0.0421444044	754
0.811930879	0.0355573726	755
0.850219242	0.0293228165	756
0.883589524	0.0235917088	757
0.912064007	0.0184814567	758
0.935781912	0.0140665865	759
0.954995057	0.0103750778	760
0.970042608	0.00740999461	761
0.981358476	0.00514769756	762
0.989411926	0.00351162907	763
0.994725394	0.00226917894	764
0.99783327	0.00134541492	765
0.999344561	0.000658618248	766
0.999844352	0.000264100525	767
1.00010265	4.52849087e-05	768
0.999857894	-0.000183541756	769
0.999339664	-0.000567935868	770
0.997783937	-0.00108704076	771
0.994623275	-0.0016008708	772
0.989273783	-0.002146771	773
0.981201392	-0.00272911477	774
0.969866486	-0.00354230608	775
0.954800519	-0.00463336549	776
0.935575263	-0.00600093191	777
0.911859247	-0.00765151863	778
0.883410542	-0.00960733836	779
0.85010283	-0.0118729865	780
0.811928199	-0.0144324014	781
0.769015234	-0.0172688012	782
0.721631717	-0.0203538511	783
0.670190387	-0.0236368115	784
0.615247338	-0.0270405773	785
0.557497944	-0.0304523076	786
0.497766635	-0.0337184781	787
0.436991755	-0.0366270963	788
0.376209946	-0.039015061	789
0.316531966	-0.0409313365	790
0.259092172	-0.0422104595	791
0.205016173	-0.0425200174	792
0.155392006	-0.041581294	793
0.111225359	-0.0391664931	794
0.0734098391	-0.0351150337	795
0.0427077325	-0.0293257951	796
0.0198145238	-0.0217545685	797
0.00554369298	-0.0126154439	798
0.000252470936	-0.00400373295	799
-0.000273591627	8.02780519e-06	800
0.000230536963	0.00401941225	801
0.00495830307	0.0130462121	802
0.0177944351	0.0243349049	803
0.0391954044	0.035913662	804
0.0687256551	0.0470151467	805
0.105798623	0.0571119069	806
0.149667233	0.0657250095	807
0.199396137	0.0724417847	808
0.253897068	0.0769630238	809
0.311974116	0.0791343639	810
0.372385712	0.0789568517	811
0.433901076	0.0766463024	812
0.495370471	0.0728353992	813
0.555730045	0.0678631004	814
0.614020629	0.0620283888	815
0.669408909	0.0556233135	816
0.721199192	0.0489202069	817
0.768841636	0.0421660325	818
0.811934254	0.0355789607	819
0.850222844	0.0293443619	820
0.883593346	0.0236132079	821
0.912068058	0.0185029035	822
0.935786228	0.0140879697	823
0.954999717	0.0103963758	824
0.97004777	0.00743116287	825
0.98136441	0.00516864897	826
0.989419091	0.00353217888	827
0.994734467	0.00228894824	828
0.997845013	0.0013637145	829
0.999359673	0.000674242929	830
0.999863305	0.000274736616	831
1.00012963	4.49593876e-05	832
0.999881249	-0.000197075918	833
0.999357513	-0.000588200352	834
0.997796746	-0.00111083094	835
0.994632163	-0.00162640611	836
0.989279932	-0.00217312174	837
0.981205818	-0.00275583176	838
0.969869872	-0.00356919786	839
0.954803281	-0.00466035128	840
0.935577642	-0.00602797573	841
0.911861397	-0.0076786016	842
0.883412548	-0.00963444997	843
0.850104742	-0.0119001198	844
0.81193004	-0.0144595509	845
0.769017016	-0.0172959621	846
0.721633437	-0.0203810189	847
0.670192033	-0.0236639819	848
0.615248885	-0.0270677462	849
0.557499357	-0.0304794708	850
0.497767864	-0.0337456312	851
0.436992738	-0.0366542344	852
0.376210608	-0.0390421775	853
0.316532192	-0.0409584227	854
0.259091769	-0.0422375003	855
0.205014844	-0.04254698	856
0.155389309	-0.0416081015	857
0.111220639	-0.0391929633	858
0.0734021595	-0.035140743	859
0.0426958918	-0.029349813	860
0.0197974805	-0.0217751602	861
0.00552156123	-0.0126303657	862
0.000226976627	-0.00401155691	863
-0.000300244955	7.61218989e-06	864
0.00020469664	0.00402595544	865
0.00493501072	0.0130591985	866
0.0177750921	0.0243533001	867
0.0391803713	0.0359357634	868
0.068714427	0.0470394511	869
0.105790452	0.0571374515	870
0.149661462	0.0657512501	871
0.199392275	0.0724684212	872
0.25389476	0.0769898849	873
0.311973095	0.0791613464	874
0.372385762	0.0789838907	875
0.433902002	0.076673358	876
0.495372111	0.0728624477	877
0.555732278	0.0678901275	878
0.614023364	0.0620553851	879
0.669412078	0.0556502721	880
0.721202741	0.0489471229	881
0.768845524	0.0421929015	882
0.811938451	0.0356057788	883
0.850227331	0.0293711249	884
0.883598117	0.0236399103	885
0.912073129	0.0185295364	886
0.935791651	0.0141145172	887
0.955005605	0.0104228065	888
0.97005432	0.00745741918	889
0.981371966	0.00519461515	890
0.989428222	0.00355761612	891
0.994745999	0.00231337399	892
0.997859869	0.00138625926	893
0.999378706	0.00069338081	894
0.999887045	0.000287570941	895
1.00016314	4.45435116e-05	896
0.999910436	-0.000213557041	897
0.999379953	-0.00061311902	898
0.997812967	-0.00114020279	899
0.994643519	-0.00165800516	900
0.98928786	-0.0022057794	901
0.981211554	-0.00278897547	902
0.969874259	-0.00360257794	903
0.954806842	-0.00469386012	904
0.935580687	-0.00606156453	905
0.911864128	-0.00771224424	906
0.88341508	-0.00966813193	907
0.85010714	-0.0119338313	908
0.811932342	-0.0144932845	909
0.769019235	-0.0173297112	910
0.721635574	-0.0204147774	911
0.670194072	-0.0236977437	912
0.615250797	-0.0271015056	913
0.557501095	-0.0305132221	914
0.497769366	-0.0337793682	915
0.436993924	-0.0366879501	916
0.376211381	-0.0390758632	917
0.3165324	-0.0409920663	918
0.259091167	-0.0422710809	919
0.205013053	-0.0425804529	920
0.155385772	-0.0416413641	921
0.111214538	-0.0392257769	922
0.0733923372	-0.0351725624	923
0.0426808969	-0.0293794658	924
0.0197760982	-0.0218005106	925
0.005493989	-0.0126487028	926
0.000195325991	-0.00402117715	927
-0.000333305849	7.07745824e-06	928
0.000172619656	0.00403397507	929
0.00490602832	0.0130751467	930
0.0177509211	0.0243759353	931
0.0391614905	0.0359630273	932
0.0687002655	0.0470695028	933
0.105780115	0.0571690899	934
0.149654143	0.0657837859	935
0.199387361	0.0725014704	936
0.253891802	0.0770232272	937
0.311971756	0.0791948489	938
0.372385766	0.0790174703	939
0.433903106	0.076706963	940
0.495374113	0.0728960472	941
0.555735025	0.0679237027	942
0.614026744	0.0620889232	943
0.669416002	0.0556837642	944
0.721207144	0.0489805617	945
0.768850355	0.0422262811	946
0.811943673	0.0356390936	947
0.850232922	0.0294043687	948
0.883604075	0.023673075	949
0.91207948	0.0185626092	950
0.935798465	0.0141474759	951
0.955013035	0.0104556083	952
0.970062616	0.0074899881	953
0.981381562	0.00522680036	954
0.989439819	0.00358911163	955
0.994760603	0.00234357035	956
0.99787861	0.00141405871	957
0.999402606	0.000716877172	958
0.999916717	0.000303140532	959
1.00020475	4.40035197e-05	960
0.999946854	-0.000233706907	961
0.999408079	-0.000643824513	962
0.997833425	-0.00117650181	963
0.994657957	-0.00169712586	964
0.989298023	-0.00224626094	965
0.981218944	-0.00283009464	966
0.969879917	-0.00364401266	967
0.95481142	-0.00473546891	968
0.935584583	-0.00610328169	969
0.911867594	-0.0077540352	970
0.883418273	-0.00970997636	971
0.850110151	-0.0119757159	972
0.811935219	-0.014535199	973
0.769022	-0.0173716466	974
0.721638229	-0.0204567252	975
0.670196598	-0.023739696	976
0.615253158	-0.0271434543	977
0.557503233	-0.0305551593	978
0.4977712	-0.0338212855	979
0.436995353	-0.036729838	980
0.376212276	-0.0391177096	981
0.316532568	-0.0410338545	982
0.259090291	-0.0423127824	983
0.205010656	-0.0426220074	984
0.155381151	-0.0416826353	985
0.111206674	-0.0392664536	986
0.0733798046	-0.035211946	987
0.0426619418	-0.0294160835	988
0.0197493011	-0.0218317348	989
0.00545965458	-0.012671255	990
0.000156036401	-0.00403301728	991
-0.000374314737	6.39252442e-06	992
0.000132804187	0.00404381509	993
0.00486997746	0.0130947482	994
0.0177207375	0.0244038026	995
0.0391378015	0.0359966695	996
0.0686824249	0.0471066654	997
0.105767051	0.057208277	998
0.149644869	0.0658241273	999
0.199381113	0.0725424759	1000
0.253888015	0.0770646142	1001
0.311970002	0.0792364468	1002
0.372385699	0.0790591724	1003
0.433904421	0.0767487026	1004
0.495376556	0.0729377843	1005
0.555738405	0.0679654122	1006
0.614030918	0.0621305885	1007
0.669420862	0.0557253728	1008
0.721212606	0.049022104	1009
0.768856356	0.0422677488	1010
0.811950169	0.0356804787	1011
0.85023989	0.0294456624	1012
0.883611516	0.0237142655	1013
0.912087432	0.0186036789	1014
0.93580703	0.0141883932	1015
0.955022401	0.0104963182	1016
0.970073106	0.00753038989	1017
0.981393716	0.0052666996	1018
0.989454502	0.00362811918	1019
0.994779037	0.00238092171	1020
0.997902167	0.00144838321	1021
0.999432545	0.000745782618	1022
0.999953751	0.000322107241	1023
1.00025641	4.32913053e-05	1024
0.999992241	-0.000258426227	1025
0.999443249	-0.000681728621	1026
0.997859139	-0.00122140277	1027
0.994676234	-0.00174558025	1028
0.989310988	-0.00229645056	1029
0.98122842	-0.00288111252	1030
0.969887183	-0.00369544721	1031
0.954817288	-0.00478713616	1032
0.935589556	-0.00615509449	1033
0.911871991	-0.00780594792	1034
0.883422303	-0.00976196122	1035
0.850113932	-0.0120277549	1036
0.811938816	-0.0145872782	1037
0.769025447	-0.0174237538	1038
0.721641528	-0.020508849	1039
0.670199729	-0.0237918255	1040
0.615256073	-0.0271955787	1041
0.55750586	-0.0306072677	1042
0.497773438	-0.0338733667	1043
0.436997071	-0.0367818787	1044
0.376213306	-0.0391696934	1045
0.316532661	-0.0410857588	1046
0.259089046	-0.0423645682	1047
0.205007467	-0.0426735937	1048
0.155375138	-0.0417338425	1049
0.111196566	-0.0393168775	1050
0.0733638474	-0.0352606946	1051
0.0426380176	-0.0294613111	1052
0.0197157489	-0.0218702111	1053
0.00541691621	-0.0126990108	1054
0.00010726842	-0.00404760176	1055
-0.000425182358	5.51723092e-06	1056
8.33868744e-05	0.00405590001	1057
0.0048251464	0.013118857	1058
0.0176830675	0.0244381281	1059
0.0391081059	0.0360381932	1060
0.0686599719	0.0471526266	1061
0.105750558	0.0572568157	1062
0.149633127	0.0658741468	1063
0.199373175	0.0725933527	1064
0.253883172	0.0771159865	1065
0.311967713	0.079288096	1066
0.372385526	0.0791109615	1067
0.433905983	0.0768005459	1068
0.495379535	0.0729896298	1069
0.555742562	0.068017227	1070
0.614036074	0.0621823502	1071
0.66942688	0.055777065	1072
0.721219382	0.0490737136	1073
0.768863813	0.0423192643	1074
0.811958254	0.0357318889	1075
0.850248576	0.0294969549	1076
0.883620809	0.0237654242	1077
0.912097387	0.0186546791	1078
0.935817785	0.0142391922	1079
0.955034194	0.0105468442	1080
0.970086347	0.00758051203	1081
0.981409077	0.005316169	1082
0.989473057	0.0036764386	1083
0.994802241	0.00242714826	1084
0.997931709	0.00149080544	1085
0.99946998	0.000781404995	1086
0.999999929	0.000345277977	1087
1.00032056	4.23497698e-05	1088
1.00004874	-0.000288853052	1089
0.999487144	-0.00072858789	1090
0.997891376	-0.00127698627	1091
0.994699286	-0.00180562015	1092
0.989327473	-0.00235868415	1093
0.981240518	-0.00294441755	1094
0.969896479	-0.00375929729	1095
0.954824786	-0.00485129433	1096
0.935595891	-0.00621944668	1097
0.911877569	-0.00787043348	1098
0.883427385	-0.00982654387	1099
0.850118678	-0.0120924101	1100
0.811943316	-0.0146519871	1101
0.769029743	-0.0174885001	1102
0.721645628	-0.0205736175	1103
0.670203607	-0.0238566013	1104
0.615259672	-0.0272603474	1105
0.557509088	-0.0306720145	1106
0.497776165	-0.0339380761	1107
0.436999131	-0.036846533	1108
0.376214483	-0.0392342706	1109
0.316532632	-0.0411502279	1110
0.259087303	-0.0424288764	1111
0.205003246	-0.042737633	1112
0.155367335	-0.0417973769	1113
0.111183602	-0.0393793845	1114
0.0733435681	-0.0353210388	1115
0.0426078636	-0.029517184	1116
0.0196737738	-0.0219176439	1117
0.00536373531	-0.0127331932	1118
4.67401529e-05	-0.00406558056	1119
-0.000488278797	4.40037671e-06	1120
2.20558929e-05	0.00407075426	1121
0.00476940993	0.0131485289	1122
0.0176360786	0.0244804269	1123
0.0390709103	0.0360894579	1124
0.0686317405	0.0472094759	1125
0.105729755	0.0573169398	1126
0.149618275	0.0659361667	1127
0.199363099	0.0726564767	1128
0.253876983	0.0771797529	1129
0.311964732	0.0793522248	1130
0.3723852	0.0791752773	1131
0.433907834	0.0768649386	1132
0.495383167	0.0730540317	1133
0.555747676	0.0680815951	1134
0.614042443	0.0622466549	1135
0.669434333	0.0558412845	1136
0.721227789	0.04913783	1137
0.768873079	0.042383262	1138
0.811968316	0.0357957525	1139
0.850259403	0.0295606673	1140
0.883632416	0.023828963	1141
0.912109853	0.0187180103	1142
0.935831282	0.0143022606	1143
0.955049029	0.0106095557	1144
0.970103034	0.00764269813	1145
0.981428448	0.00537751326	1146
0.989496436	0.00373631284	1147
0.994831381	0.00248438688	1148
0.997968681	0.00154327982	1149
0.999516713	0.000825372919	1150
1.00005747	0.00037364659	1151
1.00040021	4.10996008e-05	1152
1.00011904	-0.000326371032	1153
0.999541858	-0.000786581936	1154
0.997931697	-0.00134584171	1155
0.994728276	-0.0018800429	1156
0.989348343	-0.00243586983	1157
0.981255904	-0.00302297593	1158
0.969908329	-0.0038385631	1159
0.954834341	-0.00493096463	1160
0.935603943	-0.0062993736	1161
0.911884635	-0.00795053731	1162
0.883433791	-0.00990677721	1163
0.850124637	-0.0121727399	1164
0.811948944	-0.0147323885	1165
0.769035099	-0.0175689511	1166
0.721650724	-0.0206540979	1167
0.670208413	-0.0239370913	1168
0.615264115	-0.0273408275	1169
0.557513053	-0.0307524649	1170
0.497779488	-0.0340184758	1171
0.437001597	-0.0369268583	1172
0.376215815	-0.0393144916	1173
0.316532417	-0.041230303	1174
0.259084896	-0.0425087343	1175
0.204997686	-0.0428171303	1176
0.15535724	-0.041876205	1177
0.111167013	-0.0394568703	1178
0.0733178406	-0.0353957414	1179
0.0425699056	-0.0295862218	1180
0.0196213008	-0.0219761426	1181
0.00529758156	-0.012775317	1182
-2.83788673e-05	-0.0040877604	1183
-0.000566543946	2.97903067e-06	1184
-5.40568414e-05	0.00408902626	1185
0.00470013009	0.0131850696	1186
0.0175774929	0.0245325737	1187
0.0390243541	0.0361527643	1188
0.0685962739	0.0472798004	1189
0.105703538	0.0573914173	1190
0.149599505	0.0660130665	1191
0.199350318	0.0727347959	1192
0.253869083	0.077258903	1193
0.311960857	0.0794318483	1194
0.372384656	0.0792551497	1195
0.433910023	0.0769449183	1196
0.495387593	0.0731340311	1197
0.555753964	0.0681615579	1198
0.61405031	0.0623265422	1199
0.669443563	0.055921067	1200
0.721238222	0.049217484	1201
0.768884595	0.0424627662	1202
0.811980839	0.0358750861	1203
0.8502729	0.0296398068	1204
0.883646909	0.0239078782	1205
0.912125454	0.0187966552	1206
0.935848206	0.0143805638	1207
0.955067667	0.0106873951	1208
0.97012403	0.00771985817	1209
0.981452829	0.00545359397	1210
0.98952582	0.00381052938	1211
0.994867907	0.00255529107	1212
0.998014884	0.00160823222	1213
0.999574994	0.00087969832	1214
1.00012912	0.000408454364	1215
1.00049911	3.94173251e-05	1216
1.00020649	-0.000372673573	1217
0.99961	-0.000858406675	1218
0.997982047	-0.00143118376	1219
0.994764649	-0.00197232227	1220
0.989374673	-0.00253162	1221
0.98127541	-0.00312047144	1222
0.96992339	-0.00393697076	1223
0.954846485	-0.00502989964	1224
0.935614159	-0.00639864566	1225
0.911893571	-0.00805004282	1226
0.883441868	-0.0100064536	1227
0.850132114	-0.0122725447	1228
0.811955982	-0.0148322879	1229
0.769041776	-0.0176689163	1230
0.721657057	-0.0207541017	1231
0.670214366	-0.0240371077	1232
0.615269598	-0.0274408303	1233
0.55751792	-0.0308524276	1234
0.49778353	-0.0341183704	1235
0.437004541	-0.0370266529	1236
0.376217304	-0.039414146	1237
0.316531926	-0.0413297612	1238
0.259081607	-0.0426079009	1239
0.204990393	-0.0429158158	1240
0.155344216	-0.0419740076	1241
0.111145829	-0.0395529253	1242
0.0732852535	-0.0354882256	1243
0.0425221808	-0.0296715442	1244
0.0195557516	-0.0220483196	1245
0.00521531562	-0.0128272605	1246
-0.000121599168	-0.00411514382	1247
-0.000663624416	1.170972e-06	1248
-0.000148509331	0.00411151846	1249
0.00461403323	0.0132300962	1250
0.0175044806	0.0245968885	1251
0.038966122	0.0362309607	1252
0.0685517548	0.0473668048	1253
0.105670527	0.057483679	1254
0.149575801	0.0661084171	1255
0.199334121	0.0728319677	1256
0.253859008	0.0773571479	1257
0.311955831	0.0795307099	1258
0.372383809	0.079354341	1259
0.433912605	0.0770442577	1260
0.495392985	0.0732334053	1261
0.555761696	0.0682608934	1262
0.614060027	0.0624257879	1263
0.669454996	0.0560201841	1264
0.721251167	0.0493164408	1265
0.768898907	0.0425615342	1266
0.811996424	0.0359736371	1267
0.850289723	0.0297381091	1268
0.88366501	0.0240058904	1269
0.912144967	0.0188943185	1270
0.935869413	0.0144777844	1271
0.955091061	0.0107840161	1272
0.97015041	0.00781560559	1273
0.981483464	0.00554796425	1274
0.989562686	0.00390254482	1275
0.994913621	0.00264315428	1276
0.998072559	0.00168866944	1277
0.999647633	0.000946862115	1278
1.00021832	0.000451182076	1279
1.00062191	3.7165174e-05	1280
1.00031525	-0.000429818931	1281
0.999694837	-0.000947385527	1282
0.998044858	-0.00153699392	1283
0.994810205	-0.00208677022	1284
0.98940781	-0.0026504175	1285
0.981300068	-0.00324147893	1286
0.969942476	-0.00405914813	1287
0.954861883	-0.00515276045	1288
0.935627096	-0.00652194652	1289
0.911904858	-0.00817364999	1290
0.883452037	-0.0101302856	1291
0.850141497	-0.0123965457	1292
0.811964783	-0.0149564138	1293
0.769050099	-0.0177931289	1294
0.721664927	-0.0208783653	1295
0.670221739	-0.0241613875	1296
0.615276363	-0.0275650916	1297
0.557523891	-0.0309766352	1298
0.497788444	-0.0342424868	1299
0.437008049	-0.0371506354	1300
0.376218949	-0.0395379413	1301
0.316531037	-0.0414532938	1302
0.259077154	-0.0427310438	1303
0.204980862	-0.0430383197	1304
0.155327453	-0.0420953511	1305
0.11111883	-0.0396720019	1306
0.0732440419	-0.0356027338	1307
0.0424622448	-0.0297770168	1308
0.0194739249	-0.0221374134	1309
0.00511304456	-0.0128913564	1310
-0.000237274452	-0.00414897775	1311
-0.000784043435	-1.1296592e-06	1312
-0.000265715199	0.00413922511	1313
0.00450705803	0.0132856131	1314
0.0174135283	0.0246762458	1315
0.0388933342	0.0363275752	1316
0.0684959177	0.0474744591	1317
0.105628998	0.0575979774	1318
0.149545893	0.0662266473	1319
0.199313612	0.0729525305	1320
0.253846173	0.0774790935	1321
0.311949327	0.0796534572	1322
0.372382544	0.0794775235	1323
0.433915642	0.0771676428	1324
0.49539955	0.0733568467	1325
0.555771202	0.0683842953	1326
0.614072028	0.062549083	1327
0.669469154	0.0561433216	1328
0.721267229	0.0494393783	1329
0.768916693	0.0426842337	1330
0.81201582	0.0360960608	1331
0.85031069	0.0298602145	1332
0.883687604	0.024127623	1333
0.912169362	0.0190156011	1334
0.935895968	0.014598496	1335
0.955120393	0.0109039562	1336
0.970183513	0.00793442737	1337
0.981521901	0.00566503574	1338
0.989608874	0.00401664987	1339
0.994970769	0.00275206212	1340
0.998144507	0.00178831284	1341
0.999738151	0.00102991074	1342
1.00032939	0.000503603539	1343
1.00077439	3.41547066e-05	1344
1.00045056	-0.000500294239	1345
0.99980047	-0.00105760263	1346
0.998123175	-0.0016682013	1347
0.994867192	-0.00222873699	1348
0.989449435	-0.00279782804	1349
0.981331165	-0.00339167976	1350
0.969966604	-0.00421084296	1351
0.954881363	-0.00530533665	1352
0.935643447	-0.00667509433	1353
0.911919094	-0.0083271977	1354
0.883464826	-0.0102841277	1355
0.850153264	-0.0125506093	1356
0.811975782	-0.0151106418	1357
0.76906047	-0.0179474706	1358
0.721674705	-0.0210327738	1359
0.67023087	-0.0243158169	1360
0.615284706	-0.0277194963	1361
0.557531214	-0.0311309682	1362
0.497794412	-0.0343966983	1363
0.437012218	-0.0373046685	1364
0.376220736	-0.0396917248	1365
0.316529588	-0.0416067275	1366
0.259071172	-0.042883959	1367
0.20496845	-0.0431903896	1368
0.15530593	-0.0422459016	1369
0.111084482	-0.0398196215	1370
0.0731920023	-0.035744525	1371
0.042387059	-0.0299074317	1372
0.0193718504	-0.0222474427	1373
0.00498594364	-0.0129705057	1374
-0.000380801168	-0.00419082324	1375
-0.000933411561	-4.05990063e-06	1376
-0.000411149087	0.00417337964	1377
0.00437416748	0.0133541082	1378
0.0173002767	0.0247742098	1379
0.0388024131	0.0364469802	1380
0.0684259421	0.0476076839	1381
0.105576795	0.0577395847	1382
0.149508189	0.0663732502	1383
0.199287666	0.0731021151	1384
0.253829839	0.077630457	1385
0.311940926	0.0798058605	1386
0.372380708	0.0796304997	1387
0.433919202	0.0773208938	1388
0.495407541	0.0735101837	1389
0.555782887	0.068537594	1390
0.614086848	0.0627022554	1391
0.669486687	0.0562963004	1392
0.721287159	0.0495921078	1393
0.768938795	0.0428366635	1394
0.812039955	0.0362481405	1395
0.850336818	0.0300118873	1396
0.883715795	0.0242788182	1397
0.912199844	0.0191662182	1398
0.935929193	0.0147483792	1399
0.955157134	0.0110528506	1400
0.970225003	0.00808189534	1401
0.98157009	0.00581027735	1402
0.989666677	0.00415816978	1403
0.995042156	0.00288708028	1404
0.998234238	0.00191176151	1405
0.999850972	0.00113256948	1406
1.0004677	0.000567823069	1407
1.00096371	3.01270046e-05	1408
1.00061894	-0.00058709369	1409
0.999932058	-0.00119406291	1410
0.998220824	-0.00183090138	1411
0.994938423	-0.00240485812	1412
0.989501647	-0.00298076073	1413
0.98137034	-0.00357812188	1414
0.969997043	-0.00439919396	1415
0.954905956	-0.00549481967	1416
0.935664078	-0.00686531663	1417
0.911937025	-0.00851793981	1418
0.883480894	-0.0104752537	1419
0.850168009	-0.0127420246	1420
0.811989528	-0.0153022718	1421
0.76907339	-0.0181392498	1422
0.72168685	-0.0212246402	1423
0.670242174	-0.0245077104	1424
0.615294993	-0.0279113565	1425
0.557540189	-0.0313227332	1426
0.497801653	-0.034588302	1427
0.43701716	-0.0374960355	1428
0.376222635	-0.0398827606	1429
0.316527364	-0.0417972988	1430
0.25906319	-0.0430738431	1431
0.204952342	-0.0433791601	1432
0.155278362	-0.0424326901	1433
0.111040868	-0.0400026329	1434
0.0731263895	-0.0359201212	1435
0.042292852	-0.0300687339	1436
0.0192446104	-0.022383401	1437
0.00482803723	-0.013068323	1438
-0.000558869509	-0.00424263025	1439
-0.00111868802	-7.79819271e-06	1440
-0.000591601215	0.00421551449	1441
0.00420911681	0.0134386744	1442
0.0171593208	0.0248952056	1443
0.0386889191	0.0365945993	1444
0.0683383213	0.0477725804	1445
0.105511236	0.0579150388	1446
0.1494607	0.0665550394	1447
0.199254871	0.073287709	1448
0.253809075	0.0778183349	1449
0.311930096	0.0799950845	1450
0.372378104	0.079820475	1451
0.433923362	0.0775112395	1452
0.495417262	0.0737006565	1453
0.555797247	0.0687280326	1454
0.614105149	0.0628925451	1455
0.669508397	0.0564863529	1456
0.721311884	0.0497818496	1457
0.768966255	0.0430260278	1458
0.812069983	0.0364370607	1459
0.850369365	0.0302002893	1460
0.883750955	0.0244666093	1461
0.91223791	0.0193532685	1462
0.935970735	0.0149344895	1463
0.955203114	0.0112376977	1464
0.970276951	0.00826492845	1465
0.981630415	0.00599049429	1466
0.989738952	0.00433371242	1467
0.995131288	0.00305448614	1468
0.998346156	0.00206469118	1469
0.999991663	0.00125937601	1470
1.00064002	0.000646317358	1471
1.00119878	2.46781382e-05	1472
1.00082857	-0.000693817773	1473
1.00009611	-0.00136288399	1474
0.99834262	-0.00203262275	1475
0.995027429	-0.00262335879	1476
0.989567072	-0.00320779043	1477
0.98141957	-0.00380957127	1478
0.970035373	-0.0046330672	1479
0.954936949	-0.00573014218	1480
0.935690066	-0.00710159183	1481
0.911959579	-0.00875488813	1482
0.883501063	-0.0107127008	1483
0.850186468	-0.0129798484	1484
0.812006692	-0.0155403754	1485
0.769089479	-0.0183775477	1486
0.72170193	-0.0214630518	1487
0.670256164	-0.0247461567	1488
0.615307671	-0.0281497584	1489
0.557551184	-0.031561009	1490
0.49781043	-0.0348263645	1491
0.437023002	-0.037733785	1492
0.376224596	-0.040120072	1493
0.316524078	-0.0420339957	1494
0.259052607	-0.0433096325	1495
0.204931503	-0.0436134876	1496
0.155243131	-0.0426644414	1497
0.110985593	-0.0402295326	1498
0.0730437918	-0.0361376135	1499
0.0421749524	-0.030268305	1500
0.0190861215	-0.0225515002	1501
0.00463192963	-0.0131893209	1502
-0.000779770605	-0.0043068446	1503
-0.00134850487	-1.25783105e-05	1504
-0.000815492813	0.00426753669	1505
0.00400416706	0.0135431625	1506
0.0169839649	0.0250447333	1507
0.0385473493	0.0367771651	1508
0.0682287017	0.0479767175	1509
0.105428981	0.0581324494	1510
0.149400943	0.0667804684	1511
0.199213461	0.0735179833	1512
0.253782709	0.0780515361	1513
0.311916163	0.0802300243	1514
0.37237447	0.0800563974	1515
0.433928206	0.077747658	1516
0.495429081	0.0739372585	1517
0.555814892	0.068964609	1518
0.614127742	0.0631289465	1519
0.669535275	0.0567224638	1520
0.721342553	0.0500175734	1521
0.769000367	0.0432612771	1522
0.812107331	0.0366717477	1523
0.850409893	0.0304343171	1524
0.883794789	0.0246998575	1525
0.91228542	0.0195855698	1526
0.936022637	0.0151655904	1527
0.955260608	0.0114671892	1528
0.970341933	0.00849211827	1529
0.981705859	0.00621412966	1530
0.989829271	0.00455147501	1531
0.99524256	0.00326205349	1532
0.9984858	0.00225409561	1533
1.00016725	0.00141583752	1534
1.00085479	0.000741987033	1535
1.00149065	1.73152249e-05	1536
1.00108964	-0.000824800144	1537
1.00030084	-0.00157152418	1538
0.998494649	-0.00228265026	1539
0.995138661	-0.0028944274	1540
0.989649009	-0.00348955599	1541
0.981481368	-0.00409690401	1542
0.97008357	-0.00492347351	1543
0.954975948	-0.00602239946	1544
0.935722756	-0.00739507328	1545
0.911987913	-0.00904923851	1546
0.883526352	-0.0110076971	1547
0.85020956	-0.0132753336	1548
0.812028111	-0.015836224	1549
0.769109505	-0.0186736488	1550
0.721720645	-0.0217593005	1551
0.67027347	-0.02504245	1552
0.615323289	-0.0284459924	1553
0.557564645	-0.0318570766	1554
0.497821057	-0.0351221508	1555
0.437029888	-0.0380291584	1556
0.376226541	-0.0404148676	1557
0.316519358	-0.0423279808	1558
0.259038652	-0.0436024236	1559
0.20490463	-0.043904367	1560
0.155198213	-0.0429519841	1561
0.110915673	-0.0405108639	1562
0.0729399796	-0.0364070445	1563
0.0420275859	-0.0305153172	1564
0.0188888697	-0.0227594803	1565
0.00438847518	-0.0133391457	1566
-0.00105377688	-0.00438654294	1567
-0.00163356899	-1.87084019e-05	1568
-0.00109326692	0.00433182379	1569
0.00374973187	0.0136723766	1570
0.0167659222	0.0252296392	1571
0.0383708923	0.0370030429	1572
0.0680916877	0.0482294896	1573
0.105325879	0.0584018788	1574
0.149325827	0.067060026	1575
0.199161227	0.0738036989	1576
0.25374927	0.0783409952	1577
0.311898273	0.0805217244	1578
0.372369468	0.080349379	1579
0.433933823	0.0780413008	1580
0.495443447	0.0742311611	1581
0.555836567	0.0692585013	1582
0.614155631	0.0634226339	1583
0.669568546	0.0570157959	1584
0.721380586	0.050310424	1585
0.76904273	0.0435535313	1586
0.812153771	0.0369632909	1587
0.850460342	0.030725023	1588
0.883849411	0.0249895705	1589
0.912344685	0.0198740756	1590
0.93608744	0.0154525663	1591
0.955332446	0.0117521193	1592
0.970423159	0.00877413261	1593
0.981800155	0.0064916601	1594
0.989942105	0.00482162222	1595
0.995381492	0.00351940097	1596
0.99866016	0.00248857695	1597
1.00038661	0.00160861388	1598
1.0011226	0.000858223977	1599
1.00185305	7.39264643e-06	1600
1.00141501	-0.000985026766	1601
1.00055664	-0.00182904958	1602
0.998684627	-0.00259241295	1603
0.995277746	-0.00323067218	1604
0.989751621	-0.00383925133	1605
0.981558891	-0.00445361992	1606
0.970144109	-0.0052840862	1607
0.955024959	-0.00638537256	1608
0.935763824	-0.00775961598	1609
0.912023467	-0.00941490009	1610
0.883558028	-0.011374193	1611
0.850238423	-0.0136424621	1612
0.812054819	-0.0162038234	1613
0.769134415	-0.0190415754	1614
0.72174386	-0.0221274182	1615
0.670294869	-0.0254106244	1616
0.615342519	-0.028814088	1617
0.557581115	-0.032224953	1618
0.497833911	-0.035489657	1619
0.437037981	-0.0383961216	1620
0.376228353	-0.0407810708	1621
0.316512718	-0.0426931186	1622
0.259020349	-0.0439659954	1623
0.204870082	-0.0442654474	1624
0.15514108	-0.0433087582	1625
0.110827404	-0.0408597128	1626
0.0728097226	-0.0367408849	1627
0.0418436304	-0.0308211785	1628
0.0186435891	-0.0230169987	1629
0.00408637423	-0.0135248771	1630
-0.00139361166	-0.00448560743	1631
-0.00198716066	-2.65970215e-05	1632
-0.00143787246	0.00441134574	1633
0.00343394253	0.0138323212	1634
0.0164949469	0.0254584581	1635
0.0381511294	0.0372826368	1636
0.0679206032	0.0485425645	1637
0.105196789	0.0587358161	1638
0.149231509	0.0674067291	1639
0.199095415	0.0741582119	1640
0.253706918	0.0787002861	1641
0.311875348	0.0808838976	1642
0.372362661	0.080713219	1643
0.433940309	0.0784060181	1644
0.495460897	0.0745962409	1645
0.555863186	0.0696235952	1646
0.614190049	0.0637874898	1647
0.669609719	0.0573802177	1648
0.721427737	0.0506742475	1649
0.769095326	0.0439166058	1650
0.812211495	0.0373254674	1651
0.850523116	0.0310861378	1652
0.883917446	0.025349423	1653
0.912418574	0.0202323917	1654
0.936168306	0.0158089366	1655
0.955422153	0.0121058924	1656
0.970524659	0.00912420782	1657
0.981917971	0.00683608466	1658
0.990083063	0.00515675131	1659
0.995555039	0.00383841594	1660
0.998878074	0.00277869134	1661
1.00066096	0.00184572753	1662
1.00145667	0.000998972818	1663
1.002303	-5.96875135e-06	1664
1.00182058	-0.00118082116	1665
1.00087667	-0.00214644293	1666
0.998922386	-0.00297594574	1667
0.995451853	-0.00364767673	1668
0.989880184	-0.00427322982	1669
0.98165613	-0.00489647139	1670
0.970220151	-0.00573187442	1671
0.955086498	-0.00683617748	1672
0.935815364	-0.00821243058	1673
0.912068036	-0.00986915273	1674
0.883597668	-0.0118295208	1675
0.85027447	-0.0140986066	1676
0.812088101	-0.0166605764	1677
0.76916538	-0.0194987515	1678
0.72177264	-0.0225848409	1679
0.670321308	-0.0258681194	1680
0.615366181	-0.0292714781	1681
0.557601253	-0.032682055	1682
0.497849444	-0.0359462732	1683
0.437047461	-0.0388520251	1684
0.376229865	-0.0412359773	1685
0.316503534	-0.0431466284	1686
0.25899646	-0.0444174582	1687
0.204825803	-0.0447136749	1688
0.155068585	-0.0437514475	1689
0.110716199	-0.0412923248	1690
0.0726465697	-0.0371546274	1691
0.0416143204	-0.0312000894	1692
0.018338872	-0.0233361231	1693
0.00371167915	-0.0137554129	1694
-0.00181502876	-0.00460895183	1695
-0.00242575196	-3.67886599e-05	1696
-0.00186536398	0.00450981928	1697
0.00304211239	0.0140305165	1698
0.0161583848	0.0257418456	1699
0.0378776706	0.0376288991	1700
0.0677072026	0.048930441	1701
0.105035346	0.0591497674	1702
0.149113221	0.0678367347	1703
0.1990126	0.0745981003	1704
0.253653349	0.0791462597	1705
0.311846031	0.0813335702	1706
0.372353484	0.081165054	1707
0.433947763	0.0788590119	1708
0.495482084	0.0750497353	1709
0.555895869	0.0700771411	1710
0.61423251	0.064240761	1711
0.669660648	0.0578329604	1712
0.721486179	0.0511262462	1713
0.769160606	0.0443676652	1714
0.81228322	0.0377753939	1715
0.850601196	0.0315347199	1716
0.88400215	0.0257964025	1717
0.912510651	0.0206774187	1718
0.936269165	0.0162514916	1719
0.955534123	0.0125451533	1720
0.970651431	0.00955878451	1721
0.982065166	0.00726352603	1722
0.990259215	0.00557246243	1723
0.995772005	0.00423376688	1724
0.999150759	0.00313735493	1725
1.00100448	0.00213679888	1726
1.00187372	0.00116830833	1727
1.00286166	-2.39899407e-05	1728
1.00232619	-0.00141973418	1729
1.00127761	-0.00253695856	1730
0.999220504	-0.00345043448	1731
0.995670159	-0.00416467248	1732
0.990041431	-0.00481174614	1733
0.981778153	-0.00544623994	1734
0.9703156	-0.00628791938	1735
0.955163728	-0.00739607056	1736
0.935880003	-0.00877489537	1737
0.91212386	-0.0104334635	1738
0.883647233	-0.012395215	1739
0.850319453	-0.0146653532	1740
0.812129543	-0.0172281079	1741
0.769203846	-0.0200668285	1742
0.721808297	-0.0231532354	1743
0.670353958	-0.0264366053	1744
0.615395269	-0.0298398256	1745
0.557625853	-0.033250024	1746
0.497868193	-0.0365136057	1747
0.43705853	-0.0394184244	1748
0.37623084	-0.0418010716	1749
0.316490999	-0.0437098966	1750
0.258965424	-0.0449780592	1751
0.204769225	-0.045270089	1752
0.154976822	-0.0443007646	1753
0.11057639	-0.0418288725	1754
0.0724425826	-0.0376675274	1755
0.0413288894	-0.0316697395	1756
0.0179606958	-0.0237319528	1757
0.00324719008	-0.0140419572	1758
-0.00233752738	-0.00476281396	1759
-0.00296977353	-5.00119948e-05	1760
-0.00239564292	0.00463191077	1761
0.00255607758	0.0142763991	1762
0.0157406248	0.0260931253	1763
0.037537711	0.0380579689	1764
0.0674413184	0.0494111466	1765
0.104833687	0.0596629913	1766
0.148965057	0.0683701006	1767
0.198908522	0.0751439431	1768
0.253585693	0.0796998354	1769
0.311808619	0.0818918827	1770
0.372341216	0.0817261645	1771
0.433956284	0.0794216477	1772
0.495507795	0.0756130555	1773
0.55593598	0.0706405685	1774
0.614284865	0.0648038754	1775
0.669723635	0.0583954303	1776
0.721558589	0.0516877928	1777
0.769241599	0.0449280352	1778
0.812372309	0.0383343364	1779
0.850698274	0.0320919615	1780
0.884107566	0.0263516119	1781
0.912625349	0.0212301492	1782
0.936394916	0.0168010838	1783
0.955673842	0.0130905674	1784
0.970809746	0.0100982633	1785
0.982249115	0.00779397118	1786
0.990479504	0.00608805578	1787
0.996043584	0.00472351852	1788
0.999492503	0.00358031519	1789
1.00143515	0.00249330657	1790
1.00239422	0.00137191067	1791
1.00355528	-4.82883128e-05	1792
1.00295662	-0.00171079983	1793
1.00178064	-0.00301653229	1794
0.99959514	-0.00403685448	1795
0.995944498	-0.00480534825	1796
0.990244017	-0.00547986451	1797
0.981931442	-0.00612869401	1798
0.970435469	-0.00697837838	1799
0.955260646	-0.00809144743	1800
0.935961038	-0.00947356412	1801
0.912193742	-0.0111345007	1802
0.883709167	-0.0130980303	1803
0.850375545	-0.0153695228	1804
0.812181107	-0.0179332879	1805
0.769251595	-0.0207727109	1806
0.721852441	-0.0238595255	1807
0.670394251	-0.0271430105	1808
0.615431011	-0.0305460476	1809
0.557655866	-0.0339557509	1810
0.497890788	-0.0372184996	1811
0.437071406	-0.0401220986	1812
0.376230957	-0.0425030418	1813
0.316474084	-0.0444094857	1814
0.258925278	-0.0456741833	1815
0.204697146	-0.0459608127	1816
0.154860951	-0.0449824256	1817
0.110400995	-0.0424944094	1818
0.0721880101	-0.0383035241	1819
0.0409741339	-0.0322521766	1820
0.0174918477	-0.0242233981	1821
0.00267171548	-0.0143986419	1822
-0.00298523414	-0.00495513224	1823
-0.00364456556	-6.72448915e-05	1824
-0.00305337815	0.00478348298	1825
0.00195338508	0.0145818295	1826
0.015222434	0.026528986	1827
0.0371154894	0.0385899711	1828
0.0671104309	0.050007105	1829
0.104582115	0.0602994123	1830
0.148779717	0.0690317311	1831
0.198777903	0.075821288	1832
0.253500372	0.080386985	1833
0.311760973	0.0825850843	1834
0.372324934	0.0824229779	1835
0.433965968	0.0801204618	1836
0.495538978	0.0763127981	1837
0.555985165	0.0713405007	1838
0.61434941	0.0655034521	1839
0.669801505	0.0590942237	1840
0.721648274	0.0523854421	1841
0.769342051	0.0456242117	1842
0.812482924	0.0390287158	1843
0.850818928	0.0327841912	1844
0.884238709	0.0270412664	1845
0.912768182	0.0219166576	1846
0.93655167	0.0174836075	1847
0.95584818	0.0137677882	1848
0.971007504	0.0107679471	1849
0.982479148	0.00845218217	1850
0.990755304	0.00672738026	1851
0.996384087	0.00532986478	1852
0.999921565	0.00412669185	1853
1.00197572	0.00292887498	1854
1.00304384	0.00161603699	1855
1.00441646	-8.06047886e-05	1856
1.00374281	-0.00206483274	1857
1.00241261	-0.00360425837	1858
1.00006727	-0.00476062711	1859
0.996290231	-0.00559881727	1860
0.990499149	-0.00630856575	1861
0.982124348	-0.00697576804	1862
0.970586172	-0.00783570757	1863
0.955382335	-0.00895507976	1864
0.936062635	-0.0103414167	1865
0.912281199	-0.012005393	1866
0.88378652	-0.0139712071	1867
0.850445449	-0.0162444407	1868
0.812245221	-0.0188095052	1869
0.769310823	-0.0216498308	1870
0.721907053	-0.0247371682	1871
0.670443938	-0.0280207975	1872
0.615474894	-0.031423592	1873
0.557692467	-0.0348326478	1874
0.497917965	-0.0380943098	1875
0.437086305	-0.0409963172	1876
0.376229776	-0.0433750396	1877
0.316451476	-0.0452783864	1878
0.258873557	-0.0465385957	1879
0.20460558	-0.0468182819	1880
0.154714986	-0.0458283606	1881
0.110181411	-0.043320053	1882
0.0718708849	-0.0390923841	1883
0.0405338759	-0.0329748867	1884
0.0169112179	-0.0248341538	1885
0.00195916405	-0.0148433077	1886
-0.00378799177	-0.00519602641	1887
-0.004481557	-8.98009813e-05	1888
-0.00386914549	0.00497191049	1889
0.00120629078	0.0149617309	1890
0.0145801148	0.0270703226	1891
0.0365916206	0.0392500106	1892
0.0666991369	0.0507462163	1893
0.104268683	0.0610887565	1894
0.148548185	0.0698525505	1895
0.198614199	0.0766618524	1896
0.253392939	0.0812399527	1897
0.311700419	0.083445768	1898
0.37230346	0.0832883129	1899
0.433976898	0.0809884124	1900
0.495576738	0.0771820018	1901
0.556045479	0.072210008	1902
0.614428952	0.0663725625	1903
0.669897736	0.0599623848	1904
0.72175931	0.0532521867	1905
0.769466586	0.0464891148	1906
0.812620214	0.0398913578	1907
0.850968835	0.0336441175	1908
0.884401817	0.0278979302	1909
0.912946022	0.022769328	1910
0.936747068	0.0183312145	1911
0.956065804	0.0146086427	1912
0.971254684	0.0115992107	1913
0.982767118	0.00926881277	1914
0.991101164	0.00751986136	1915
0.996811902	0.00607999384	1916
1.00046135	0.00479959033	1917
1.00265499	0.0034595963	1918
1.0038546	0.00190796544	1919
1.00548569	-0.000123301014	1920
1.00472335	-0.00249473713	1921
1.00320757	-0.00432294554	1922
1.00066433	-0.00565229496	1923
0.996727426	-0.00658076073	1924
0.990821461	-0.00733608954	1925
0.982367721	-0.00802700976	1926
0.970775989	-0.0089001642	1927
0.955535379	-0.0100276385	1928
0.936190082	-0.0114194106	1929
0.912390666	-0.0130872922	1930
0.883883108	-0.015056042	1931
0.850532524	-0.0173315132	1932
0.81232489	-0.0198982472	1933
0.769384236	-0.0227397318	1934
0.721974558	-0.0258277382	1935
0.670505155	-0.0291115477	1936
0.615528723	-0.0325140217	1937
0.557737054	-0.0359222314	1938
0.497950627	-0.0391824768	1939
0.437103443	-0.0420824121	1940
0.376226674	-0.0444582455	1941
0.316421496	-0.0463575733	1942
0.258807164	-0.0476119845	1943
0.204489565	-0.0478827704	1944
0.154531517	-0.0468782158	1945
0.109907044	-0.0443444523	1946
0.0714765139	-0.0400711161	1947
0.039988288	-0.0338721275	1948
0.0161929209	-0.0255939005	1949
0.00107742353	-0.0153984769	1950
-0.00478270491	-0.0054984031	1951
-0.00551972789	-0.000119443308	1952
-0.00488084087	0.00520647175	1953
0.000280519174	0.0154348835	1954
0.0137844808	0.0277433048	1955
0.0359422657	0.0400694033	1956
0.0661884866	0.0516631926	1957
0.103878665	0.0620679582	1958
0.148259321	0.0708709589	1959
0.198409306	0.0777050134	1960
0.253257857	0.082298771	1961
0.311623603	0.0845144031	1962
0.372275294	0.0843629248	1963
0.433989077	0.0820664349	1964
0.495622463	0.0782617034	1965
0.556119398	0.073290175	1966
0.614526926	0.0674522942	1967
0.670016602	0.0610409688	1968
0.721896719	0.0543290192	1969
0.769620915	0.0475636461	1970
0.812790551	0.0409630457	1971
0.851155032	0.0347123752	1972
0.884604646	0.0289620533	1973
0.913167447	0.0238283778	1974
0.936990692	0.0193838199	1975
0.956337605	0.0156526277	1976
0.971563957	0.0126309358	1977
0.983128186	0.0102817721	1978
0.991535805	0.00850173691	1979
0.997350786	0.00700709562	1980
1.00114192	0.00562678765	1981
1.00350933	0.00410439555	1982
1.00486636	0.00225611333	1983
1.00681322	-0.000179342053	1984
1.00594669	-0.00301513789	1985
1.00420942	-0.00519884275	1986
1.00142137	-0.0067489603	1987
0.997282455	-0.00779476284	1988
0.991230222	-0.00860955027	1989
0.982675792	-0.00933135037	1990
0.971015703	-0.0102216583	1991
0.955728141	-0.0113596162	1992
0.936350138	-0.0127584039	1993
0.91252776	-0.0144313132	1994
0.884003729	-0.0164038394	1995
0.850640962	-0.0186821868	1996
0.812423835	-0.0212510654	1997
0.769475164	-0.0240940369	1998
0.722057929	-0.0271828988	1999
0.670580503	-0.0304669327	2000
0.615594679	-0.0338689835	2001
0.557791298	-0.0372760891	2002
0.497989807	-0.0405344902	2003
0.437123058	-0.0434317313	2004
0.376220806	-0.0458038138	2005
0.31638197	-0.0476979367	2006
0.258722196	-0.0489448763	2007
0.204342904	-0.0492042831	2008
0.15430135	-0.0481812134	2009
0.109564807	-0.0456156019	2010
0.0709868162	-0.0412857154	2011
0.0393130265	-0.0349865643	2012
0.0153051847	-0.0265397734	2013
-1.30356254e-05	-0.0160925438	2014
-0.00601500789	-0.00587870384	2015
-0.00680742278	-0.000158530933	2016
-0.00613543544	0.00549882394	2017
-0.000866280517	0.0160248963	2018
0.0127995697	0.0285806783	2019
0.0351380837	0.0410871873	2020
0.065555141	0.0528012051	2021
0.103393899	0.0632828989	2022
0.147899352	0.0721346349	2023
0.198153168	0.0789996563	2024
0.253088231	0.08361314	2025
0.311526318	0.0858412387	2026
0.372238443	0.0856974233	2027
0.43400254	0.0834053705	2028
0.495677779	0.0796028791	2029
0.556209931	0.0746320408	2030
0.614647534	0.0687936944	2031
0.670163348	0.062380985	2032
0.722066683	0.0556668718	2033
0.769812089	0.0488986245	2034
0.813001822	0.0422944487	2035
0.851386262	0.0360394438	2036
0.884856862	0.0302838775	2037
0.913443197	0.0251437462	2038
0.937294601	0.0206909648	2039
0.956677382	0.0169487275	2040
0.971951508	0.0139112735	2041
0.983581861	0.011537882	2042
0.992083484	0.00971752879	2043
0.998031586	0.00815151502	2044
1.00200256	0.00664094837	2045
1.00458471	0.00488544094	2046
1.00612878	0.00267015818	2047
1.00846144	-0.000252899208	2048
1.00747343	-0.00364292788	2049
1.00547365	-0.00626295967	2050
1.00238412	-0.00809488242	2051
0.997990149	-0.00929384649	2052
0.991751012	-0.0101868652	2053
0.983067402	-0.0109492599	2054
0.971319494	-0.0118620299	2055
0.95597159	-0.0130136479	2056
0.936551513	-0.0144215385	2057
0.912699647	-0.0161009405	2058
0.884154442	-0.0180783329	2059
0.850776004	-0.020360381	2060
0.812546672	-0.0229320153	2061
0.76958771	-0.0257768941	2062
0.722160799	-0.0288668492	2063
0.670673141	-0.032151162	2064
0.615675383	-0.035552655	2065
0.557857179	-0.0389583214	2066
0.49803668	-0.0422143244	2067
0.437145311	-0.0451080671	2068
0.37621107	-0.0474752874	2069
0.316330047	-0.0493626799	2070
0.258613705	-0.0506000128	2071
0.204157818	-0.0508449018	2072
0.154013021	-0.0497984554	2073
0.109138465	-0.0471930809	2074
0.0703794452	-0.0427933045	2075
0.0384780932	-0.0363712609	2076
0.014208917	-0.0277181275	2077
-0.00136091901	-0.0169612051	2078
-0.00754133916	-0.00635780644	2079
-0.00840459944	-0.000210204446	2080
-0.00769115964	0.00586356151	2081
-0.00228646982	0.0167613706	2082
0.0115810092	0.0296233347	2083
0.0341428831	0.0423519591	2084
0.064770282	0.0542139024	2085
0.102791914	0.0647905497	2086
0.147451197	0.0737027639	2087
0.197833277	0.0806064622	2088
0.252875442	0.0852447592	2089
0.311403199	0.08748866	2090
0.37219046	0.0873546598	2091
0.434017183	0.0850683654	2092
0.495744601	0.0812688505	2093
0.556320716	0.0762990126	2094
0.6147959	0.0704601842	2095
0.670344404	0.064045811	2096
0.722276807	0.0573290276	2097
0.770048806	0.050557191	2098
0.813263793	0.0439485176	2099
0.851673389	0.0376880308	2100
0.885170539	0.0319258015	2101
0.913786761	0.0267774344	2102
0.937674044	0.0223141214	2103
0.957102746	0.0185576547	2104
0.972438145	0.0154998001	2105
0.984153443	0.0130948778	2106
0.992775841	0.0112217754	2107
0.998894528	0.00956204504	2108
1.00309398	0.00788060246	2109
1.00594045	0.00582646476	2110
1.00770471	0.00315797426	2111
1.01050783	-0.000348268227	2112
1.00937825	-0.00440008026	2113
1.00706894	-0.00755346315	2114
1.00361185	-0.00974273722	2115
0.998896666	-0.0111422127	2116
0.992418038	-0.0121390308	2117
0.983567738	-0.0129553562	2118
0.971706204	-0.0138978404	2119
0.956280167	-0.0150674097	2120
0.936805545	-0.0164871899	2121
0.912915545	-0.0181750124	2122
0.884342948	-0.0201586929	2123
0.850944241	-0.0224455102	2124
0.812699145	-0.0250206885	2125
0.769726925	-0.0278680152	2126
0.722287603	-0.0309593676	2127
0.670786885	-0.0342440269	2128
0.61577397	-0.0376447856	2129
0.557937014	-0.0410485782	2130
0.49809255	-0.0443014665	2131
0.437170228	-0.0471906723	2132
0.376195874	-0.0495515979	2133
0.316262116	-0.0514303022	2134
0.258475253	-0.0526552922	2135
0.203924461	-0.0528816927	2136
0.153652123	-0.0518057698	2137
0.108607726	-0.0491508089	2138
0.0696265961	-0.0446647489	2139
0.0374463079	-0.0380920813	2140
0.0128558176	-0.0291866311	2141
-0.0030263515	-0.0180491359	2142
-0.00943153319	-0.00696207801	2143
-0.0103856147	-0.000278705029	2144
-0.00962022719	0.00631884602	2145
-0.00404486859	0.017681252	2146
0.0100739137	0.030922169	2147
0.03291186	0.0439240806	2148
0.0637981759	0.0559678675	2149
0.102044791	0.0666616012	2150
0.14689358	0.0756487869	2151
0.197433997	0.0826007401	2152
0.252608629	0.0872702119	2153
0.311247522	0.089534128	2154
0.372128097	0.0894126816	2155
0.434032718	0.0871338481	2156
0.49582515	0.0833382756	2157
0.556456119	0.0783698629	2158
0.614978248	0.0725305607	2159
0.670567634	0.066114193	2160
0.722536437	0.059394116	2161
0.770341803	0.052617796	2162
0.81358857	0.0460034597	2163
0.85202995	0.0397360287	2164
0.885560805	0.0339653133	2165
0.914215154	0.0288064028	2166
0.93814847	0.0243295221	2167
0.957636305	0.0205546143	2168
0.973050837	0.0174701433	2169
0.984875984	0.0150238079	2170
0.993654414	0.0130810431	2171
0.999992235	0.0112973456	2172
1.00448032	0.00939194887	2173
1.00765006	0.00695625628	2174
1.00967065	0.00373330587	2175
1.01304861	-0.000471032768	2176
1.01175483	-0.00531120603	2177
1.00908293	-0.00911422554	2178
1.00518125	-0.0117548758	2179
1.00006324	-0.013417181	2180
0.993277302	-0.0145527745	2181
0.984210763	-0.0154415382	2182
0.972201133	-0.0164237812	2183
0.956673099	-0.0176171788	2184
0.937127403	-0.0190525825	2185
0.913187424	-0.0207514193	2186
0.884579115	-0.0227432559	2187
0.851154007	-0.0250362351	2188
0.812888422	-0.027615979	2189
0.769899042	-0.030466451	2190
0.722443749	-0.0335595911	2191
0.670926331	-0.0368446817	2192
0.615894147	-0.0402444761	2193
0.558033467	-0.0436458316	2194
0.498158795	-0.0468946787	2195
0.437197573	-0.0497780062	2196
0.376172939	-0.0521307906	2197
0.31617329	-0.0539982897	2198
0.258298618	-0.0552074386	2199
0.203630231	-0.0554103054	2200
0.153200369	-0.0542972252	2201
0.107946984	-0.0515804295	2202
0.0686933628	-0.0469878389	2203
0.0361712301	-0.0402305645	2204
0.0111858585	-0.0310167041	2205
-0.00508377332	-0.0194119047	2206
-0.0117720748	-0.00772456248	2207
-0.0128426731	-0.000369898632	2208
-0.0120122408	0.00688707759	2209
-0.00622187706	0.0188303498	2210
0.00821026574	0.0325403768	2211
0.0313892574	0.045878302	2212
0.0625942519	0.0581455911	2213
0.101117625	0.0689836812	2214
0.146199824	0.078063785	2215
0.196935649	0.0850759255	2216
0.252274011	0.0897845428	2217
0.311050656	0.0920738066	2218
0.37204705	0.091968405	2219
0.434048533	0.089699228	2220
0.495921948	0.0859088646	2221
0.556621345	0.0809424561	2222
0.615202111	0.0751027264	2223
0.67084263	0.0686839746	2224
0.722857045	0.0619598355	2225
0.770704334	0.0551779105	2226
0.813991181	0.0485564333	2227
0.852472851	0.0422801845	2228
0.886046689	0.0364986244	2229
0.914749953	0.0313261542	2230
0.938742814	0.0268316669	2231
0.958307303	0.0230326865	2232
0.973824803	0.0199131655	2233
0.985792999	0.0174118802	2234
0.994774027	0.0153762224	2235
1.00139365	0.0134274673	2236
1.00624451	0.0112284685	2237
1.0098048	0.00830952273	2238
1.01212244	0.00441002182	2239
1.01620326	-0.000628125393	2240
1.01471998	-0.00640504829	2241
1.01162609	-0.0109964759	2242
1.00719116	-0.0142047248	2243
1.00157101	-0.0162113232	2244
0.9943909	-0.0175335947	2245
0.985042622	-0.0185207108	2246
0.972838592	-0.0195568108	2247
0.957176273	-0.0207822031	2248
0.937536913	-0.0222383583	2249
0.913531004	-0.0239516834	2250
0.884875717	-0.0259541521	2251
0.851415922	-0.0282551206	2252
0.813123501	-0.0308407609	2253
0.770111766	-0.033695282	2254
0.722635817	-0.0367907139	2255
0.671096977	-0.0400763439	2256
0.616040253	-0.0434748753	2257
0.558149524	-0.046873065	2258
0.49823675	-0.0501166732	2259
0.437226618	-0.05299239	2260
0.376138943	-0.0553346506	2261
0.316056938	-0.0571877031	2262
0.258072929	-0.0583765241	2263
0.203258611	-0.0585494036	2264
0.15263425	-0.0573894606	2265
0.107123553	-0.0545954536	2266
0.0675354547	-0.0498711416	2267
0.0345943064	-0.042887336	2268
0.00912388753	-0.0332963174	2269
-0.00762571307	-0.0211180985	2270
-0.0146702019	-0.00868626953	2271
-0.0158901495	-0.00049073331	2272
-0.0149784583	0.00759555946	2273
-0.00891748671	0.0202649733	2274
0.00590498259	0.0345555284	2275
0.0295052294	0.0483068391	2276
0.0611025046	0.0608490463	2277
0.0999664314	0.0718652741	2278
0.145336209	0.0810606355	2279
0.196313179	0.0881478824	2280
0.25185405	0.0929056985	2281
0.310801374	0.0952270645	2282
0.371941528	0.0951421718	2283
0.434063457	0.0928854884	2284
0.496037751	0.0891019959	2285
0.556822518	0.084138378	2286
0.615476549	0.0782983245	2287
0.671181068	0.0718767307	2288
0.723252705	0.0651475795	2289
0.771152769	0.0583586368	2290
0.814490321	0.0517281331	2291
0.853023285	0.0454406501	2292
0.886652245	0.0396451694	2293
0.915418698	0.0344551587	2294
0.93948912	0.0299376678	2295
0.959153883	0.0261069534	2296
0.974806435	0.0229407921	2297
0.986962174	0.0203657986	2298
0.996207328	0.0182050968	2299
1.00318902	0.0160354556	2300
1.0084927	0.0134521837	2301
1.01252019	0.00992466418	2302
1.01517941	0.00520324544	2303
1.02012013	-0.00082804182	2304
1.01841928	-0.0077151249	2305
1.0148375	-0.0132598262	2306
1.00976843	-0.0171783503	2307
1.00352718	-0.0196347819	2308
0.995842763	-0.0212091776	2309
0.986126392	-0.0223311528	2310
0.973665549	-0.0234411374	2311
0.957824947	-0.0247100405	2312
0.938060979	-0.0261940661	2313
0.913967197	-0.0279266208	2314
0.885249479	-0.0299430386	2315
0.851743659	-0.0322544144	2316
0.813415758	-0.0348476969	2317
0.770374656	-0.0377074461	2318
0.722871817	-0.0408058251	2319
0.671305364	-0.0440921351	2320
0.616217278	-0.0474890176	2321
0.558288402	-0.0508830996	2322
0.49832749	-0.0541199208	2323
0.437255778	-0.0569857879	2324
0.376088959	-0.0593144459	2325
0.315903891	-0.0611488665	2326
0.257783562	-0.0623115774	2327
0.202787971	-0.0624461916	2328
0.151923133	-0.0612270111	2329
0.106095171	-0.058336316	2330
0.0660960134	-0.0534486384	2331
0.0326409487	-0.0461861204	2332
0.00657504555	-0.0361331557	2333
-0.0107673691	-0.0232521392	2334
-0.0182590923	-0.00989751803	2335
-0.0196698834	-0.000650439958	2336
-0.0186571415	0.00847709171	2337
-0.012256453	0.0220536151	2338
0.0030512571	0.0370624204	2339
0.0271716164	0.0513229433	2340
0.0592519613	0.064203954	2341
0.0985352834	0.0754404783	2342
0.144259711	0.0847791044	2343
0.195534446	0.091960231	2344
0.25132598	0.096779981	2345
0.310484912	0.0991420567	2346
0.371803605	0.0990834036	2347
0.434075379	0.09684289	2348
0.496175398	0.0930684523	2349
0.557066737	0.0881086903	2350
0.615812385	0.0822685012	2351
0.671597105	0.0758435268	2352
0.723740665	0.0691081833	2353
0.771707355	0.0623104328	2354
0.815109313	0.055668481	2355
0.853707941	0.0493666221	2356
0.887408078	0.0435531713	2357
0.916256811	0.038340308	2358
0.940429166	0.0337924882	2359
0.960226243	0.029919504	2360
0.976057331	0.0266905715	2361
0.98846044	0.0240156079	2362
0.998050777	0.0216851466	2363
1.00549624	0.0192190124	2364
1.01136015	0.0161345995	2365
1.01594099	0.011845281	2366
1.01898993	0.00612972072	2367
1.02498339	-0.00108167061	2368
1.02303613	-0.00927431546	2369
1.01889193	-0.015973472	2370
1.01307519	-0.0207762048	2371
1.00607263	-0.0238177761	2372
0.997746212	-0.0257331575	2373
0.987548621	-0.0270415521	2374
0.974746809	-0.0282541577	2375
0.958667665	-0.0295830458	2376
0.938736357	-0.0311049801	2377
0.914524213	-0.0328633321	2378
0.88572261	-0.0348981989	2379
0.852155039	-0.0372232146	2380
0.813779721	-0.039826449	2381
0.770699652	-0.042692976	2382
0.723161503	-0.0457951615	2383
0.67155921	-0.0490823397	2384
0.616430845	-0.0524770777	2385
0.558453361	-0.0558658364	2386
0.498431446	-0.0590938692	2387
0.437282004	-0.0619469883	2388
0.376015592	-0.0642580552	2389
0.31570125	-0.0660684186	2390
0.257410566	-0.0671975271	2391
0.202189337	-0.0672831785	2392
0.151026525	-0.0659888426	2393
0.104806475	-0.0629765203	2394
0.0643011757	-0.0578852739	2395
0.0302151566	-0.0502784126	2396
0.00341860845	-0.0396581299	2397
-0.014654209	-0.0259150049	2398
-0.022704424	-0.0114192781	2399
-0.0243577912	-0.00086076262	2400
-0.0232202592	0.00957042252	2401
-0.0163949648	0.0242785846	2402
-0.000485851972	0.0401758994	2403
0.0242762573	0.0550649821	2404
0.0569518664	0.0683648321	2405
0.0967523748	0.0798747471	2406
0.142914855	0.0893920641	2407
0.194557796	0.0966908925	2408
0.250659959	0.10158881	2409
0.310081569	0.104002632	2410
0.371622242	0.103977613	2411
0.434080638	0.101758053	2412
0.496337516	0.097995547	2413
0.557362051	0.0930410821	2414
0.616222433	0.0872010665	2415
0.672107853	0.0807720767	2416
0.724342066	0.0740290649	2417
0.772393195	0.0672202207	2418
0.815877395	0.0605636834	2419
0.854560646	0.0542433241	2420
0.888353434	0.0484065125	2421
0.917310275	0.0431636191	2422
0.941617857	0.0385753971	2423
0.961591057	0.0346454608	2424
0.97765992	0.031331037	2425
0.990390855	0.0285190331	2426
1.00043243	0.0259565255	2427
1.00846859	0.023092206	2428
1.01501856	0.0193577206	2429
1.02024831	0.0141206788	2430
1.02373941	0.00720349818	2431
1.03102184	-0.00140113284	2432
1.02879581	-0.0111288739	2433
1.02401469	-0.0192075717	2434
1.01731775	-0.0251151012	2435
1.00939137	-0.0289133253	2436
1.00025367	-0.0312891747	2437
0.989428218	-0.0328566888	2438
0.976172331	-0.034213436	2439
0.95977192	-0.0356261859	2440
0.939613904	-0.0372004134	2441
0.915240795	-0.038993794	2442
0.88632506	-0.0410533201	2443
0.852673644	-0.0433963519	2444
0.814234185	-0.0460126264	2445
0.771101801	-0.0488879882	2446
0.723516789	-0.0519951197	2447
0.671867565	-0.055283425	2448
0.616687103	-0.0586753874	2449
0.558647339	-0.0620572546	2450
0.498547778	-0.0652739088	2451
0.43729984	-0.0681105203	2452
0.375907651	-0.0703988106	2453
0.315430591	-0.0721780484	2454
0.25692629	-0.0732637788	2455
0.201423257	-0.0732865113	2456
0.149889906	-0.0718962888	2457
0.103184024	-0.0687300668	2458
0.062053906	-0.0633835326	2459
0.0271921866	-0.055348842	2460
-0.000500217929	-0.0440292052	2461
-0.0194701038	-0.0292270881	2462
-0.0282126636	-0.0133244493	2463
-0.0301720598	-0.00113649413	2464
-0.0288818701	0.0109204882	2465
-0.0215295997	0.0270367517	2466
-0.00487784147	0.0440338021	2467
0.0206753584	0.0597010284	2468
0.0540851206	0.0735209102	2469
0.0945245851	0.0853717738	2470
0.141229101	0.095112984	2471
0.193328472	0.102560083	2472
0.249816368	0.107557052	2473
0.309564675	0.110036877	2474
0.371381835	0.110055096	2475
0.434073054	0.107862746	2476
0.496525977	0.104115976	2477
0.557717304	0.0991687581	2478
0.616721692	0.0933293963	2479
0.672733916	0.0868956378	2480
0.725082824	0.0801430937	2481
0.773241516	0.0733202083	2482
0.816831424	0.0666449783	2483
0.855624616	0.0603006409	2484
0.889539118	0.0544332015	2485
0.9186396	0.0491504033	2486
0.943128095	0.0445077802	2487
0.963337698	0.0405001618	2488
0.979725223	0.0370679083	2489
0.992891814	0.0340662555	2490
1.00352185	0.031185146	2491
1.01230429	0.0277872547	2492
1.01968505	0.023215172	2493
1.02567014	0.0168026449	2494
1.02965758	0.00844115409	2495
1.03851953	-0.00180165936	2496
1.03597868	-0.0133330524	2497
1.03048085	-0.0230521282	2498
1.02276329	-0.0303243093	2499
1.01372199	-0.0351002635	2500
1.00356887	-0.0380951984	2501
0.991928264	-0.0400237018	2502
0.978067426	-0.0415847599	2503
0.961232311	-0.0431163514	2504
0.940764807	-0.044763809	2505
0.916171284	-0.0466053608	2506
0.887097896	-0.048698324	2507
0.853331215	-0.0510653857	2508
0.81480386	-0.0536988834	2509
0.771600313	-0.0565858424	2510
0.723952317	-0.0596994507	2511
0.672240955	-0.0629892509	2512
0.616992491	-0.0663776391	2513
0.558872341	-0.0697505937	2514
0.498673343	-0.0729525111	2515
0.437299926	-0.0757677214	2516
0.375748106	-0.0780264603	2517
0.315065269	-0.0797653025	2518
0.256291886	-0.0807947918	2519
0.200435359	-0.0807362102	2520
0.148438921	-0.0792227244	2521
0.101129278	-0.0758603591	2522
0.0592254643	-0.0701911422	2523
0.0234086396	-0.0616212192	2524
-0.00538110589	-0.0494354651	2525
-0.0254479129	-0.0333309012	2526
-0.035041533	-0.0156989259	2527
-0.0373833157	-0.00149606635	2528
-0.0359085721	0.0125783952	2529
-0.0279086125	0.030440003	2530
-0.0103436991	0.0487999254	2531
0.0161833314	0.0654339119	2532
0.0504993723	0.0799029641	2533
0.0917299891	0.0921816762	2534
0.139106898	0.10220512	2535
0.191773722	0.10984011	2536
0.248741927	0.114963262	2537
0.308897621	0.117527672	2538
0.371060026	0.117601697	2539
0.434042426	0.115444795	2540
0.496740991	0.111718815	2541
0.558141753	0.106781485	2542
0.617327471	0.100943497	2543
0.673500007	0.0945040655	2544
0.725994768	0.0877396073	2545
0.774291366	0.0808988339	2546
0.818018236	0.0741994669	2547
0.856955594	0.0678237801	2548
0.89103163	0.0619157759	2549
0.92032519	0.0565792722	2550
0.945057675	0.0518625383	2551
0.965586951	0.0477476105	2552
0.982403476	0.0441511167	2553
0.996149138	0.0408850281	2554
1.00754252	0.0375658313	2555
1.01725804	0.033456459	2556
1.02563305	0.0278134964	2557
1.03249551	0.0199376367	2558
1.03702798	0.00986922374	2559
1.04782923	-0.00230173523	2560
1.04493433	-0.0159478691	2561
1.03863041	-0.0276177187	2562
1.02975619	-0.0365430105	2563
1.01937214	-0.0425862745	2564
1.00796233	-0.04640792	2565
0.995271618	-0.0488387292	2566
0.980606863	-0.0506911925	2567
0.963182188	-0.0523932759	2568
0.942289682	-0.0541448821	2569
0.917391116	-0.0560538129	2570
0.888098383	-0.058192692	2571
0.85417129	-0.0605921942	2572
0.815521875	-0.0632486697	2573
0.772220159	-0.0661509892	2574
0.724486316	-0.0692731619	2575
0.672691593	-0.0725649947	2576
0.617353352	-0.0759488094	2577
0.559128457	-0.0793102447	2578
0.498801096	-0.0824930581	2579
0.437266713	-0.0852804669	2580
0.375511012	-0.087500746	2581
0.314566394	-0.0891869354	2582
0.255452148	-0.0901430883	2583
0.199149835	-0.0899786635	2584
0.146572218	-0.0883054689	2585
0.0985087121	-0.0846907688	2586
0.0556436602	-0.0786099392	2587
0.0186491755	-0.0693651771	2588
-0.0114826745	-0.0561012672	2589
-0.0328835861	-0.0383927787	2590
-0.0435139632	-0.0186400541	2591
-0.0463272433	-0.00196223014	2592
-0.0446334843	0.0145967478	2593
-0.0358449477	0.0346173335	2594
-0.0171639609	0.0546668578	2595
0.0105593699	0.0725066119	2596
0.0459949679	0.0877910612	2597
0.0882075304	0.100610607	2598
0.136421284	0.110992531	2599
0.189795803	0.118867276	2600
0.247364117	0.124152242	2601
0.308029517	0.1268257	2602
0.37062444	0.126972132	2603
0.433972212	0.124861607	2604
0.496979623	0.121163175	2605
0.55864436	0.116239317	2606
0.618059402	0.110403756	2607
0.674435678	0.103957547	2608
0.727117123	0.0971780847	2609
0.775591941	0.0903143319	2610
0.819497932	0.0835835087	2611
0.858626312	0.0771664067	2612
0.892919058	0.0712040416	2613
0.922474324	0.0657944237	2614
0.947539029	0.0609752926	2615
0.968503142	0.0567102511	2616
0.985898508	0.0528825381	2617
1.00041176	0.0492459209	2618
1.01278717	0.0453253837	2619
1.02365532	0.0402740896	2620
1.03322551	0.0332455529	2621
1.04106965	0.0236066659	2622
1.04620408	0.0115118124	2623
1.05938895	-0.00292385023	2624
1.05609716	-0.0190457353	2625
1.04889116	-0.0330276607	2626
1.03870138	-0.0439606382	2627
1.02676923	-0.0515831825	2628
1.01378955	-0.0565276727	2629
0.999760496	-0.0596539154	2630
0.98403385	-0.0619229626	2631
0.965810279	-0.0638720301	2632
0.944332126	-0.0657739836	2633
0.919008566	-0.0677787814	2634
0.889407988	-0.0699817543	2635
0.855255	-0.0724257109	2636
0.816433811	-0.0751132358	2637
0.77299467	-0.0780361362	2638
0.725141996	-0.0811697749	2639
0.673233738	-0.0844644501	2640
0.617775347	-0.0878424549	2641
0.559412361	-0.0911890048	2642
0.498917646	-0.0943470085	2643
0.437174983	-0.0970981892	2644
0.375156858	-0.0992681948	2645
0.313876826	-0.100885359	2646
0.254327914	-0.101745189	2647
0.197459993	-0.101441793	2648
0.144149005	-0.0995596376	2649
0.0951399925	-0.0956169779	2650
0.0510768323	-0.0890058439	2651
0.0126289455	-0.0789032296	2652
-0.019140513	-0.0642903208	2653
-0.0421535729	-0.044604634	2654
-0.0540337265	-0.0222592538	2655
-0.0574201378	-0.00256474532	2656
-0.0554707552	0.0170354656	2657
-0.0457336248	0.0397145904	2658
-0.0256985011	0.0618585389	2659
0.00348994974	0.0812078152	2660
0.0403087949	0.097523133	2661
0.0837428497	0.11103186	2662
0.133001629	0.121873018	2663
0.187262069	0.130056256	2664
0.245583161	0.135550375	2665
0.30688887	0.13836545	2666
0.370027865	0.138606442	2667
0.433836032	0.136556932	2668
0.497233502	0.132895148	2669
0.559232609	0.12798965	2670
0.618939335	0.122158025	2671
0.67557631	0.115703654	2672
0.728498648	0.108905102	2673
0.777205999	0.102011514	2674
0.821348783	0.0952392278	2675
0.860733162	0.0887667308	2676
0.895319898	0.0827305223	2677
0.92523307	0.0772200048	2678
0.950753298	0.0722574548	2679
0.972311075	0.0677799444	2680
0.990486857	0.0636242212	2681
1.00601135	0.0594676587	2682
1.01963611	0.0547259481	2683
1.03192928	0.0484179331	2684
1.04288219	0.0396582166	2685
1.05182931	0.0278884141	2686
1.05762464	0.0133964037	2687
1.07374265	-0.00369511795	2688
1.07000683	-0.0227129209	2689
1.06179514	-0.0394277192	2690
1.05011915	-0.052785035	2691
1.03639536	-0.0623788185	2692
1.02154377	-0.0687836418	2693
1.00579983	-0.0728850328	2694
0.98868444	-0.0757480662	2695
0.969383562	-0.0780569672	2696
0.947098335	-0.0801787826	2697
0.921180234	-0.0823223692	2698
0.891144725	-0.0846164633	2699
0.856670114	-0.0871224628	2700
0.817604022	-0.0898526292	2701
0.773969626	-0.0928035152	2702
0.72594977	-0.095952744	2703
0.673884294	-0.0992515139	2704
0.618262568	-0.102622202	2705
0.559715005	-0.105949504	2706
0.498999502	-0.109075191	2707
0.436984564	-0.111778946	2708
0.374625572	-0.113882841	2709
0.312912241	-0.11540884	2710
0.25280492	-0.116141028	2711
0.195214584	-0.115653305	2712
0.140972914	-0.113494744	2713
0.0907728114	-0.109121127	2714
0.045212309	-0.101819773	2715
0.00497076657	-0.0906179945	2716
-0.0287898593	-0.0743095174	2717
-0.0537363433	-0.0521854627	2718
-0.0671055046	-0.0266828517	2719
-0.0711787515	-0.00333360012	2720
-0.0689356631	0.0199598039	2721
-0.0580725731	0.0458947307	2722
-0.0364086285	0.0706325129	2723
-0.00543357325	0.0918774507	2724
0.0330929276	0.109504211	2725
0.0780490289	0.12389847	2726
0.128617109	0.135333421	2727
0.183990957	0.143917305	2728
0.243260504	0.149684241	2729
0.305374343	0.152684818	2730
0.369201077	0.153050278	2731
0.433592378	0.151081598	2732
0.497485246	0.147468834	2733
0.559910565	0.142588396	2734
0.619990988	0.136762849	2735
0.676964391	0.130298514	2736
0.730200682	0.12347535	2737
0.779214872	0.11654251	2738
0.823674511	0.109714809	2739
0.863406163	0.10316712	2740
0.898396221	0.0970290298	2741
0.92880254	0.091377262	2742
0.954950349	0.0862111538	2743
0.977319063	0.0814299594	2744
0.996542173	0.0768069939	2745
1.01338563	0.0719228937	2746
1.02859662	0.0660543426	2747
1.04260424	0.0581064983	2748
1.05513653	0.0472090968	2749
1.06531645	0.0328747958	2750
1.07183424	0.0155551178	2751
1.09156582	-0.00464774919	2752
1.08733402	-0.027051526	2753
1.07800436	-0.0469896899	2754
1.06465902	-0.0632594223	2755
1.04887857	-0.0752941196	2756
1.03182151	-0.0835748487	2757
1.01395803	-0.0890024788	2758
0.995017515	-0.0927236026	2759
0.974276817	-0.0955570819	2760
0.950883647	-0.0980033992	2761
0.924133182	-0.100351148	2762
0.893481022	-0.102777253	2763
0.85854444	-0.105371687	2764
0.819125176	-0.108161573	2765
0.775209514	-0.11115121	2766
0.726950695	-0.114322034	2767
0.674663773	-0.117626877	2768
0.618816249	-0.120988441	2769
0.560018156	-0.124290806	2770
0.499007427	-0.127374194	2771
0.436632378	-0.130015461	2772
0.373826088	-0.132031722	2773
0.311547938	-0.133436179	2774
0.250717527	-0.133997416	2775
0.192198207	-0.133262386	2776
0.136768961	-0.130733895	2777
0.085062659	-0.125787601	2778
0.0376278958	-0.117579126	2779
-0.00482401152	-0.104959219	2780
-0.0409936838	-0.086512352	2781
-0.0682387265	-0.0613826251	2782
-0.0833600118	-0.0320518258	2783
-0.0882441017	-0.00430586197	2784
-0.0856692244	0.0234386631	2785
-0.0734879164	0.0533382222	2786
-0.0498840884	0.0812819523	2787
-0.0167431211	0.104912001	2788
0.0238868451	0.124216043	2789
0.0707407323	0.13975714	2790
0.122953809	0.151967213	2791
0.179732299	0.161076632	2792
0.240202332	0.167203036	2793
0.303341339	0.170449001	2794
0.368042266	0.170979829	2795
0.433176672	0.169119133	2796
0.497702996	0.165572397	2797
0.560675768	0.160726287	2798
0.621239198	0.154909836	2799
0.678651187	0.148433116	2800
0.732301386	0.141577699	2801
0.781725574	0.134592398	2802
0.826614661	0.127689443	2803
0.866823098	0.121037992	2804
0.902372061	0.114756962	2805
0.933461284	0.108904691	2806
0.960475272	0.103446261	2807
0.983948203	0.0982281145	2808
1.00456482	0.0929396891	2809
1.02312778	0.087030093	2810
1.04031305	0.0796351473	2811
1.05632156	0.0696078789	2812
1.07065441	0.0560778576	2813
1.08220378	0.0386734521	2814
1.08950883	0.0180256912	2815
1.11369728	-0.0058202838	2816
1.10891206	-0.0321828113	2817
1.09834219	-0.0559167148	2818
1.08313065	-0.0756695158	2819
1.06500913	-0.0907014525	2820
1.04536947	-0.101373796	2821
1.02494989	-0.108561597	2822
1.0036947	-0.113488747	2823
0.981015212	-0.117100818	2824
0.956108231	-0.120029731	2825
0.928200631	-0.122680775	2826
0.896670028	-0.125302378	2827
0.86106611	-0.128025767	2828
0.821133017	-0.130901203	2829
0.776807414	-0.133945671	2830
0.728202089	-0.137147071	2831
0.675598097	-0.140461171	2832
0.619433051	-0.143811489	2833
0.560289339	-0.147081408	2834
0.498878064	-0.150109029	2835
0.436020652	-0.152667219	2836
0.372620915	-0.154566104	2837
0.309599499	-0.155806646	2838
0.247825222	-0.156136099	2839
0.188103487	-0.155065089	2840
0.13115159	-0.152035519	2841
0.0775355021	-0.146320045	2842
0.027754877	-0.136909324	2843
-0.0174119445	-0.122450247	2844
-0.0564769475	-0.101301892	2845
-0.0864279262	-0.0724730548	2846
-0.103584667	-0.0385220913	2847
-0.109411584	-0.00552309238	2848
-0.106467787	0.0275462626	2849
-0.0927644978	0.0622441804	2850
-0.0668755842	0.0941378052	2851
-0.0311285615	0.120769547	2852
0.0120820242	0.142226786	2853
0.061300066	0.159263203	2854
0.115583599	0.172494366	2855
0.174139929	0.18230014	2856
0.236136211	0.188905299	2857
0.300582663	0.192479427	2858
0.366401583	0.193232308	2859
0.432489515	0.191517329	2860
0.497832217	0.188060321	2861
0.561514518	0.183261506	2862
0.622708685	0.177458422	2863
0.680699125	0.170965942	2864
0.734902007	0.164067461	2865
0.78488132	0.157010787	2866
0.83035987	0.150003806	2867
0.871230054	0.14320661	2868
0.907559613	0.13672162	2869
0.939604367	0.130578806	2870
0.96780346	0.124699229	2871
0.992774275	0.118848546	2872
1.01525297	0.112598977	2873
1.03600317	0.105266716	2874
1.05555416	0.0958770004	2875
1.07389504	0.0832202383	2876
1.09026296	0.066474666	2877
1.10332631	0.0454111543	2878
1.11148762	0.020852496	2879
1.14117881	-0.00725633188	2880
1.13577759	-0.0382451844	2881
1.12383261	-0.0664494063	2882
1.10654234	-0.090352398	2883
1.0857749	-0.109037143	2884
1.06314518	-0.122722314	2885
1.03966614	-0.132223916	2886
1.01554242	-0.138807067	2887
0.990363669	-0.143536574	2888
0.963397451	-0.147191001	2889
0.933869291	-0.150303302	2890
0.901083409	-0.15322096	2891
0.864513801	-0.1561367	2892
0.823828958	-0.159137756	2893
0.77890052	-0.162261758	2894
0.729786642	-0.165507539	2895
0.676721903	-0.168836114	2896
0.620102999	-0.172172761	2897
0.560474657	-0.175400167	2898
0.49851172	-0.178353499	2899
0.434999617	-0.180799909	2900
0.3708036	-0.182539518	2901
0.306794824	-0.183555958	2902
0.24377909	-0.18356682	2903
0.182492181	-0.182033391	2904
0.123581153	-0.178317204	2905
0.0675412553	-0.171558914	2906
0.0148311623	-0.160544781	2907
-0.0336520832	-0.143693738	2908
-0.0761678451	-0.119133521	2909
-0.109270285	-0.0857647243	2910
-0.12876131	-0.0462649146	2911
-0.13566821	-0.00703027328	2912
-0.132319721	0.0323644482	2913
-0.116882737	0.0728330641	2914
-0.0883335269	0.10957185	2915
-0.0494794868	0.139974896	2916
-0.00312207534	0.164200609	2917
0.0490325499	0.183196235	2918
0.105922636	0.197783206	2919
0.166734208	0.208520616	2920
0.230678452	0.215770378	2921
0.296801046	0.219788472	2922
0.364058888	0.220843065	2923
0.431379594	0.219327011	2924
0.497783697	0.215993261	2925
0.562394942	0.211260158	2926
0.624422286	0.205476541	2927
0.683185398	0.198963469	2928
0.738136209	0.192006292	2929
0.788877068	0.184850615	2930
0.835174156	0.177697099	2931
0.876970863	0.170691481	2932
0.914395677	0.163910822	2933
0.947774847	0.157342536	2934
0.977621064	0.150839751	2935
1.00460938	0.14406789	2936
1.02948487	0.136468587	2937
1.05293453	0.127218274	2938
1.07530832	0.115236421	2939
1.09633698	0.0992925155	2940
1.11498876	0.0786480149	2941
1.12972027	0.0532392125	2942
1.13881254	0.0240872423	2943
1.17530411	-0.00900766275	2944
1.16921921	-0.0453985981	2945
1.15574892	-0.0788729441	2946
1.1361491	-0.107707059	2947
1.11240815	-0.130815023	2948
1.08635032	-0.148254408	2949
1.0592614	-0.160750944	2950
1.03162834	-0.169575821	2951
1.00326696	-0.175888583	2952
0.973577722	-0.18061034	2953
0.941821274	-0.184421155	2954
0.907263147	-0.187790782	2955
0.869300058	-0.190999186	2956
0.82751362	-0.194189341	2957
0.78169384	-0.197431845	2958
0.731826812	-0.200743841	2959
0.678084279	-0.204095596	2960
0.620807123	-0.207415925	2961
0.560488726	-0.210587018	2962
0.497754818	-0.213439973	2963
0.433342532	-0.21573366	2964
0.368066322	-0.217253711	2965
0.302734331	-0.21795898	2966
0.23807494	-0.217525546	2967
0.174742042	-0.215347554	2968
0.113306176	-0.210680866	2969
0.0541942447	-0.202498706	2970
-0.00215634993	-0.18933893	2971
-0.0546593544	-0.169376912	2972
-0.101246999	-0.140518122	2973
-0.137978211	-0.10159893	2974
-0.16011261	-0.055467677	2975
-0.168238804	-0.00887396754	2976
-0.164450764	0.0379869814	2977
-0.147063357	0.0853519776	2978
-0.115454011	0.128001957	2979
-0.0729346157	0.163125785	2980
-0.0227712219	0.190907531	2981
0.0330119596	0.21247609	2982
0.0931774084	0.228873935	2983
0.156851873	0.240868241	2984
0.223289378	0.24899491	2985
0.291570775	0.253620697	2986
0.360692201	0.255090406	2987
0.4296192	0.253849444	2988
0.497416244	0.250687181	2989
0.563257016	0.24604641	2990
0.626398517	0.240291131	2991
0.686207412	0.233750405	2992
0.742183858	0.226711482	2993
0.793982137	0.21941568	2994
0.841426721	0.212051798	2995
0.884527924	0.204743054	2996
0.923490231	0.197528175	2997
0.958720709	0.190333192	2998
0.990803821	0.182919452	2999
1.02045007	0.174828394	3000
1.04836849	0.16535756	3001
1.07511292	0.153550451	3002
1.10080751	0.138248592	3003
1.12490402	0.118237844	3004
1.14610534	0.0928949312	3005
1.16267157	0.0623399227	3006
1.17277792	0.027784449	3007
1.21767977	-0.0111328722	3008
1.21083312	-0.0538545626	3009
1.19568024	-0.093509365	3010
1.17351246	-0.128207208	3011
1.14644367	-0.156643705	3012
1.11648631	-0.178717044	3013
1.08519037	-0.19503511	3014
1.05333557	-0.206839359	3015
1.02100065	-0.21535201	3016
0.987775722	-0.221621	3017
0.953015064	-0.226479356	3018
0.915987276	-0.23054113	3019
0.876029466	-0.234200982	3020
0.83263393	-0.237682025	3021
0.785494725	-0.241105792	3022
0.73450657	-0.244519384	3023
0.679758126	-0.247909068	3024
0.621514991	-0.251210425	3025
0.5602009	-0.254305783	3026
0.496375213	-0.257020626	3027
0.430710431	-0.259101747	3028
0.363954407	-0.260313657	3029
0.296835819	-0.260579659	3030
0.229989602	-0.259517735	3031
0.163976499	-0.256431125	3032
0.0992894126	-0.250438335	3033
0.0362997122	-0.240304276	3034
-0.0245404747	-0.224273605	3035
-0.0818672689	-0.20027744	3036
-0.133205895	-0.166026937	3037
-0.174067136	-0.120354243	3038
-0.199159239	-0.0663353179	3039
-0.208643283	-0.0110996781	3040
-0.204380245	0.0445262607	3041
-0.184822108	0.100083713	3042
-0.14973357	0.149901379	3043
-0.102939469	0.190902088	3044
-0.048218963	0.223234795	3045
0.0120135882	0.248179748	3046
0.0762769649	0.267003625	3047
0.143581049	0.280704299	3048
0.213213804	0.29003452	3049
0.284285529	0.295501278	3050
0.355834124	0.29754934	3051
0.42686999	0.29669403	3052
0.496512337	0.293773779	3053
0.563998514	0.289264559	3054
0.62864824	0.283550831	3055
0.689890615	0.276972021	3056
0.747290452	0.269816836	3057
0.800571503	0.262318819	3058
0.84963484	0.254647638	3059
0.894575295	0.246891889	3060
0.935686625	0.239034028	3061
0.97345934	0.230915265	3062
1.00853379	0.222179805	3063
1.04161708	0.212226049	3064
1.07332637	0.200204983	3065
1.10402718	0.18504628	3066
1.13358207	0.165548332	3067
1.16115461	0.140550769	3068
1.1851925	0.10957361	3069
1.20377838	0.0729256769	3070
1.21498751	0.0320402341	3071
1.27030101	-0.0136977219	3072
1.26260568	-0.0638500733	3073
1.24559575	-0.110755845	3074
1.22057342	-0.15241987	3075
1.1897896	-0.187250357	3076
1.15542228	-0.214998432	3077
1.11927229	-0.236131246	3078
1.08241247	-0.25182671	3079
1.04520814	-0.263333756	3080
1.00748676	-0.271800822	3081
0.968757365	-0.278206488	3082
0.92834786	-0.283321758	3083
0.885572175	-0.28768134	3084
0.839845955	-0.291616551	3085
0.790761003	-0.295323764	3086
0.738102991	-0.29889728	3087
0.681854774	-0.302350178	3088
0.622182646	-0.305630409	3089
0.559417118	-0.308621927	3090
0.494028654	-0.311142596	3091
0.426604	-0.312921635	3092
0.357804702	-0.313692806	3093
0.288260924	-0.313328598	3094
0.21849791	-0.31136637	3095
0.148975705	-0.306987965	3096
0.0801175034	-0.299137032	3097
0.0122670752	-0.286326821	3098
-0.0540528854	-0.266469709	3099
-0.117100427	-0.23727252	3100
-0.173916229	-0.196300378	3101
-0.219424855	-0.142453587	3102
-0.247790366	-0.0790931824	3103
-0.258767649	-0.0137486091	3104
-0.253990937	0.0521228167	3105
-0.232037295	0.117360764	3106
-0.193035001	0.175814413	3107
-0.141313408	0.224081151	3108
-0.0811983055	0.262202683	3109
-0.0155633283	0.291560907	3110
0.053791468	0.313633525	3111
0.125680631	0.329658441	3112
0.199405101	0.340651166	3113
0.274090268	0.347292443	3114
0.348813917	0.350155602	3115
0.42263697	0.349848228	3116
0.494745218	0.347274627	3117
0.564456145	0.342955785	3118
0.631170548	0.337303813	3119
0.694399669	0.330671482	3120
0.753793788	0.323347833	3121
0.809167505	0.315553019	3122
0.860518948	0.307426721	3123
0.908043723	0.299006018	3124
0.952131257	0.290194343	3125
0.993344816	0.280722155	3126
1.03234765	0.270094055	3127
1.06979073	0.257555906	3128
1.10614031	0.242122666	3129
1.1415266	0.222639406	3130
1.17552759	0.197899602	3131
1.20701931	0.166831667	3132
1.23420901	0.129122099	3133
1.25502407	0.0852546841	3134
1.26743418	0.0369604648	3135
1.33564563	-0.0167746727	3136
1.32700458	-0.0756663674	3137
1.30793255	-0.131118406	3138
1.27974335	-0.181028485	3139
1.24481487	-0.2235124	3140
1.20547747	-0.2581675	3141
1.16376729	-0.285301963	3142
1.1210431	-0.306000248	3143
1.07796779	-0.321501852	3144
1.03464036	-0.333022657	3145
0.990779152	-0.341666909	3146
0.945833541	-0.348362072	3147
0.899147168	-0.353800207	3148
0.850090782	-0.358447957	3149
0.79816235	-0.362604571	3150
0.743028437	-0.366434695	3151
0.684544664	-0.369994299	3152
0.622751181	-0.373252806	3153
0.557856799	-0.376098798	3154
0.490215085	-0.378340103	3155
0.420300918	-0.379680691	3156
0.348666226	-0.379810058	3157
0.275822282	-0.378529074	3158
0.202170722	-0.375265228	3159
0.128070841	-0.369042114	3160
0.0538973093	-0.358587624	3161
-0.0199870986	-0.342122946	3162
-0.0929123543	-0.3172038	3163
-0.162657622	-0.281355691	3164
-0.225712475	-0.232064238	3165
-0.276396217	-0.168376701	3166
-0.308350633	-0.0939925896	3167
-0.320951913	-0.0168544835	3168
-0.315615949	0.0609575836	3169
-0.291033679	0.137585325	3170
-0.247667597	0.206381009	3171
-0.190328141	0.263563435	3172
-0.12390259	0.308989759	3173
-0.0517822945	0.344076782	3174
0.0238393189	0.370481738	3175
0.101485702	0.389671515	3176
0.180433453	0.402967607	3177
0.259796841	0.41125943	3178
0.338684282	0.415281839	3179
0.41620949	0.415762119	3180
0.491636441	0.413691994	3181
0.564381301	0.409653017	3182
0.633947831	0.404094395	3183
0.69995326	0.397385856	3184
0.762158025	0.389814529	3185
0.820491264	0.381578712	3186
0.875067589	0.372772958	3187
0.926193305	0.363361296	3188
0.974347245	0.353142493	3189
1.02013766	0.341712077	3190
1.0642021	0.328420752	3191
1.10707596	0.312365126	3192
1.14902071	0.292446701	3193
1.18989686	0.267461583	3194
1.228987	0.236236509	3195
1.26488785	0.197819697	3196
1.29558307	0.15208271	3197
1.31885894	0.0996944798	3198
1.33259196	0.0426819924	3199
1.41679064	-0.0204432081	3200
1.40709464	-0.0896411405	3201
1.38572613	-0.155188751	3202
1.35402729	-0.21483892	3203
1.31445513	-0.266503142	3204
1.26952091	-0.309529778	3205
1.22146763	-0.344082669	3206
1.17192817	-0.371127581	3207
1.12186384	-0.391860945	3208
1.07166523	-0.407530473	3209
1.02130156	-0.419337135	3210
0.970401603	-0.428350845	3211
0.918399724	-0.435425632	3212
0.864670794	-0.441183443	3213
0.808646385	-0.446053943	3214
0.749878461	-0.450299232	3215
0.688081711	-0.454039548	3216
0.623144952	-0.457279248	3217
0.555124525	-0.459916808	3218
0.484225096	-0.461747471	3219
0.410779743	-0.462439852	3220
0.335205421	-0.461621231	3221
0.257875387	-0.458994099	3222
0.179059778	-0.453840596	3223
0.0990287267	-0.444985156	3224
0.0181459027	-0.430900345	3225
-0.063141496	-0.409485036	3226
-0.143920922	-0.37793881	3227
-0.221407391	-0.333668028	3228
-0.291491074	-0.274157926	3229
-0.347887013	-0.198680992	3230
-0.383747543	-0.111321096	3231
-0.398099008	-0.0204416005	3232
-0.392146856	0.0712665306	3233
-0.364687232	0.161255901	3234
-0.316486342	0.242372647	3235
-0.252801408	0.310413193	3236
-0.179076944	0.364974469	3237
-0.0992635369	0.407429931	3238
-0.0160128173	0.439568215	3239
0.068803951	0.463049403	3240
0.154382859	0.479533151	3241
0.239786811	0.490149384	3242
0.324135209	0.495829231	3243
0.406590663	0.497451131	3244
0.486504464	0.496120277	3245
0.563410395	0.492498205	3246
0.636939191	0.487083032	3247
0.706840532	0.480265514	3248
0.773011246	0.47232709	3249
0.835517291	0.463432508	3250
0.894602865	0.453612138	3251
0.950682604	0.442732765	3252
1.00430169	0.430464117	3253
1.05606924	0.416249771	3254
1.10653935	0.399284462	3255
1.15607463	0.378531927	3256
1.20468906	0.352811729	3257
1.25195246	0.32090923	3258
1.29685129	0.281720176	3259
1.33771585	0.234439059	3260
1.37233281	0.179109861	3261
1.3983307	0.116680706	3262
1.41353207	0.0493842759	3263
1.51755702	-0.0247910432	3264
1.50668151	-0.10618546	3265
1.48274378	-0.18369647	3266
1.44712585	-0.254901263	3267
1.40234141	-0.3175569	3268
1.35109054	-0.37070786	3269
1.29580467	-0.414375964	3270
1.23837742	-0.449387312	3271
1.18006275	-0.476865658	3272
1.12155074	-0.498055942	3273
1.06308814	-0.514222366	3274
1.00452889	-0.526552606	3275
0.945456489	-0.53605322	3276
0.885308133	-0.543509015	3277
0.823493838	-0.549500637	3278
0.759474481	-0.554413772	3279
0.692825232	-0.55845722	3280
0.623267405	-0.561687607	3281
0.550677776	-0.564021236	3282
0.475080575	-0.565238609	3283
0.39663696	-0.564960818	3284
0.315605092	-0.562730995	3285
0.232206341	-0.558121665	3286
0.146581693	-0.55023055	3287
0.0589384057	-0.537642693	3288
-0.0303169409	-0.518543733	3289
-0.120573621	-0.490496988	3290
-0.210569276	-0.450380096	3291
-0.296900408	-0.395551228	3292
-0.374831618	-0.323579236	3293
-0.437492432	-0.234033481	3294
-0.477584435	-0.131419206	3295
-0.493809729	-0.024525281	3296
-0.487168159	0.0833570435	3297
-0.456556167	0.189000567	3298
-0.403016032	0.284740925	3299
-0.332211759	0.365918258	3300
-0.250124522	0.431800669	3301
-0.161285748	0.483635725	3302
-0.0688528842	0.523283794	3303
0.0248101299	0.552538483	3304
0.118745156	0.573409612	3305
0.211909681	0.587290539	3306
0.303402074	0.59534079	3307
0.392420918	0.598622575	3308
0.478408351	0.59838351	3309
0.5610319	0.59538753	3310
0.640072075	0.590195328	3311
0.715436205	0.583222859	3312
0.787180369	0.574740467	3313
0.855522135	0.564865126	3314
0.920835713	0.553542298	3315
0.983624958	0.540518941	3316
1.04446169	0.525318206	3317
1.10390115	0.507226532	3318
1.16235612	0.485294249	3319
1.21996864	0.458379376	3320
1.27647616	0.42525599	3321
1.33114859	0.384736337	3322
1.38268242	0.335817202	3323
1.42915638	0.277861763	3324
1.46817786	0.211089886	3325
1.49722014	0.13677111	3326
1.51406719	0.0573038496	3327
1.6426895	-0.0299160685	3328
1.63048998	-0.125806247	3329
1.60365932	-0.217552431	3330
1.56362297	-0.302539708	3331
1.51295923	-0.378356267	3332
1.45454011	-0.443749832	3333
1.39097985	-0.498580476	3334
1.3244206	-0.543516289	3335
1.25640046	-0.579582557	3336
1.18790905	-0.607989739	3337
1.11948413	-0.630031168	3338
1.05123569	-0.646981384	3339
0.982943573	-0.659978266	3340
0.914163826	-0.669962609	3341
0.844339305	-0.677673919	3342
0.772880867	-0.683639847	3343
0.699245381	-0.688179568	3344
0.622987752	-0.69142027	3345
0.543790773	-0.693305866	3346
0.461475433	-0.693600869	3347
0.376007687	-0.69186601	3348
0.287470587	-0.687536563	3349
0.195930131	-0.68002214	3350
0.101414248	-0.668198593	3351
0.00410867223	-0.650378791	3352
-0.0954709291	-0.62444468	3353
-0.196467021	-0.587632	3354
-0.297158409	-0.536567499	3355
-0.393507254	-0.46862806	3356
-0.480148222	-0.381547794	3357
-0.549657472	-0.275254465	3358
-0.594325802	-0.154703676	3359
-0.612550098	-0.0291148139	3360
-0.605124344	0.0976257885	3361
-0.571044791	0.22161647	3362
-0.511607717	0.334678853	3363
-0.432842864	0.431670868	3364
-0.34123581	0.511472871	3365
-0.241901297	0.575126164	3366
-0.138529956	0.624497745	3367
-0.0340573138	0.661438005	3368
0.0703188825	0.688291819	3369
0.173386229	0.706724243	3370
0.274177786	0.718146944	3371
0.371904058	0.723834987	3372
0.466092299	0.725206773	3373
0.556552222	0.723151698	3374
0.643229919	0.718307139	3375
0.726207563	0.711118041	3376
0.805712515	0.701837352	3377
0.88211406	0.690519977	3378
0.955899174	0.677008515	3379
1.02762462	0.660914854	3380
1.0978375	0.641609981	3381
1.16698254	0.618232065	3382
1.23528094	0.589710691	3383
1.3026194	0.554832307	3384
1.36844237	0.512363378	3385
1.43171898	0.461178341	3386
1.49086525	0.400403539	3387
1.54372253	0.32959078	3388
1.58772772	0.249158554	3389
1.62021712	0.160685092	3390
1.63893042	0.0667529335	3391
1.7980796	-0.0359303789	3392
1.7843857	-0.149133695	3393
1.75427132	-0.257899782	3394
1.70920909	-0.359400917	3395
1.65185221	-0.451033755	3396
1.5852301	-0.531257906	3397
1.5121378	-0.59974727	3398
1.43495689	-0.656993324	3399
1.35550203	-0.703898731	3400
1.27505929	-0.741610089	3401
1.19446298	-0.771416794	3402
1.11409748	-0.794646788	3403
1.03397259	-0.81254028	3404
0.953810277	-0.826174506	3405
0.873140231	-0.836440797	3406
0.791374747	-0.844013731	3407
0.707892351	-0.849335523	3408
0.622105005	-0.852617847	3409
0.533508929	-0.853841177	3410
0.441718227	-0.852753711	3411
0.346496938	-0.848844552	3412
0.2477521	-0.841419725	3413
0.145406622	-0.829697417	3414
0.0394070916	-0.812302877	3415
-0.0700285722	-0.787258589	3416
-0.182204307	-0.752145928	3417
-0.29593849	-0.70390281	3418
-0.408953141	-0.639007583	3419
-0.516594668	-0.554910469	3420
-0.612881849	-0.449585838	3421
-0.689878566	-0.323371099	3422
-0.739503402	-0.181695638	3423
-0.759859095	-0.0342173583	3424
-0.751527148	0.114579143	3425
-0.713607822	0.260115872	3426
-0.647636001	0.393694298	3427
-0.559967867	0.509668821	3428
-0.457554089	0.606482215	3429
-0.34607948	0.684894949	3430
-0.229777093	0.746714247	3431
-0.11220533	0.793763672	3432
0.00511034839	0.828678669	3433
0.120718484	0.853385482	3434
0.233532706	0.869557517	3435
0.342739448	0.878702335	3436
0.447932367	0.882431722	3437
0.549057946	0.881780332	3438
0.646228796	0.877474565	3439
0.739702431	0.869991465	3440
0.829870498	0.859561323	3441
0.917233692	0.846166757	3442
1.00235566	0.829537851	3443
1.0857967	0.809148646	3444
1.16802402	0.784226895	3445
1.24932054	0.753784513	3446
1.32967686	0.716662859	3447
1.40870137	0.671614667	3448
1.48553754	0.61743648	3449
1.55885681	0.553098369	3450
1.62680412	0.477883338	3451
1.68699524	0.39155212	3452
1.73670243	0.294748443	3453
1.77314061	0.18934617	3454
1.79399778	0.0781386743	3455
1.99104279	-0.0429648522	3456
1.97565068	-0.176954936	3457
1.94177454	-0.306176726	3458
1.89093731	-0.427564449	3459
1.82587778	-0.5382934	3460
1.74977109	-0.636539969	3461
1.66559347	-0.721762159	3462
1.57596041	-0.794252913	3463
1.48295846	-0.854766541	3464
1.38816806	-0.904356166	3465
1.29272294	-0.944274097	3466
1.19729346	-0.975866509	3467
1.1021431	-1.00044178	3468
1.00719668	-1.01918432	3469
0.912119104	-1.03311646	3470
0.816378601	-1.04304919	3471
0.719328646	-1.04954657	3472
0.620283649	-1.05290894	3473
0.518587362	-1.05315768	3474
0.413670967	-1.05002443	3475
0.305115755	-1.04291924	3476
0.192675028	-1.03100474	3477
0.0761613151	-1.01329027	3478
-0.0445124062	-0.988137574	3479
-0.169033974	-0.95328072	3480
-0.296457379	-0.906025695	3481
-0.425212051	-0.843062413	3482
-0.552387899	-0.760841933	3483
-0.672755378	-0.656931415	3484
-0.779745436	-0.52961352	3485
-0.864956888	-0.379678955	3486
-0.919973192	-0.213051718	3487
-0.942606537	-0.0398406993	3488
-0.933212483	0.134858494	3489
-0.891004315	0.305780783	3490
-0.81774651	0.463696535	3491
-0.720084643	0.602436339	3492
-0.605391087	0.719961589	3493
-0.479895885	0.816683282	3494
-0.34840423	0.894253843	3495
-0.215020126	0.954471258	3496
-0.0817785639	1.00010753	3497
0.0495951045	1.03334674	3498
0.177834566	1.05611501	3499
0.302054414	1.07015678	3500
0.421879684	1.07728827	3501
0.537368022	1.07870134	3502
0.648776599	1.0752195	3503
0.7565141	1.06735449	3504
0.861104606	1.05531238	3505
0.96313764	1.03900169	3506
1.06320124	1.01804298	3507
1.16180246	0.991784608	3508
1.25927488	0.95933431	3509
1.35569591	0.919610719	3510
1.45079582	0.871406	3511
1.54388906	0.813479769	3512
1.63381393	0.744697014	3513
1.71894737	0.664157358	3514
1.79717043	0.571329188	3515
1.86589223	0.466180942	3516
1.92219354	0.349687359	3517
1.96321135	0.223935317	3518
1.9865644	0.091987587	3519
2.23066253	-0.051174144	3520
2.21332564	-0.210254527	3521
2.17509749	-0.364192312	3522
2.11755325	-0.509653428	3523
2.04353781	-0.643532632	3524
1.95633007	-0.763788664	3525
1.85912183	-0.869558838	3526
1.75474911	-0.960932406	3527
1.64556979	-1.03848453	3528
1.53345993	-1.10314146	3529
1.41985748	-1.15608221	3530
1.30572967	-1.19863265	3531
1.1916138	-1.23213012	3532
1.07766938	-1.25782886	3533
0.963740759	-1.27684971	3534
0.849407351	-1.29011511	3535
0.734059789	-1.29829474	3536
0.616978653	-1.30176933	3537
0.497415607	-1.30059802	3538
0.374673599	-1.29449452	3539
0.248201453	-1.28278777	3540
0.117649324	-1.26449393	3541
-0.0172244509	-1.23841247	3542
-0.156476741	-1.20264974	3543
-0.299633321	-1.15467675	3544
-0.445433836	-1.09157135	3545
-0.591866958	-1.0098439	3546
-0.73534406	-0.906043569	3547
-0.870105895	-0.777896457	3548
-0.98903405	-0.62405771	3549
-1.08331507	-0.445811733	3550
-1.14423493	-0.249598068	3551
-1.16931313	-0.0459936935	3552
-1.15865888	0.159272805	3553
-1.11161253	0.360229444	3554
-1.03016443	0.547098995	3555
-0.921213272	0.713166093	3556
-0.792506403	0.855868781	3557
-0.650785901	0.975203002	3558
-0.501439012	1.07257322	3559
-0.349052407	1.14974083	3560
-0.196302712	1.20945723	3561
-0.0452322978	1.25413448	3562
0.102648189	1.28592114	3563
0.246322083	1.30678329	3564
0.385391764	1.31873606	3565
0.519975248	1.32312866	3566
0.650423643	1.32088367	3567
0.777243307	1.31254999	3568
0.901032094	1.29831389	3569
1.02240477	1.27801908	3570
1.14190862	1.25119394	3571
1.25993624	1.21708819	3572
1.37663572	1.17472558	3573
1.49184	1.12297385	3574
1.60499358	1.06062114	3575
1.71510344	0.986478554	3576
1.82069794	0.899521184	3577
1.91986013	0.799015933	3578
2.01021095	0.684650339	3579
2.0889551	0.556638108	3580
2.15299535	0.416298712	3581
2.19939046	0.265956619	3582
2.22568735	0.108976015	3583
2.52821761	-0.0607419116	3584
2.50863533	-0.250262699	3585
2.46532223	-0.434217288	3586
2.39990585	-0.608967183	3587
2.31534179	-0.77108902	3588
2.21501411	-0.918293751	3589
2.10232306	-1.04936963	3590
1.98032847	-1.16415994	3591
1.85166323	-1.26302133	3592
1.71850562	-1.3467121	3593
1.58260768	-1.41629489	3594
1.44524876	-1.47303024	3595
1.30726323	-1.51823832	3596
1.16907886	-1.55319759	3597
1.03076536	-1.57908455	3598
0.89207231	-1.59689562	3599
0.752498419	-1.6073764	3600
0.611370015	-1.61096763	3601
0.467930524	-1.60775504	3602
0.321438614	-1.59743144	3603
0.171292402	-1.57924838	3604
0.0171192043	-1.55208535	3605
-0.141295876	-1.51455001	3606
-0.303899193	-1.46452481	3607
-0.469980566	-1.39926757	3608
-0.637904977	-1.31569698	3609
-0.805177584	-1.21023137	3610
-0.967513193	-1.07963845	3611
-1.11866545	-0.921855866	3612
-1.25101347	-0.73597696	3613
-1.35539132	-0.523821916	3614
-1.42282905	-0.292369031	3615
-1.45054754	-0.0526844098	3616
-1.43838225	0.188840418	3617
-1.3858202	0.425498449	3618
-1.29507772	0.646943149	3619
-1.17326847	0.845887105	3620
-1.02846358	1.01920045	3621
-0.867877219	1.16639686	3622
-0.697462505	1.28854934	3623
-0.522278818	1.38731893	3624
-0.345694894	1.46531941	3625
-0.170131989	1.5251219	3626
0.00258678697	1.56904468	3627
0.171241633	1.59923786	3628
0.335337163	1.61789046	3629
0.494973048	1.62649493	3630
0.650512661	1.62606767	3631
0.802476242	1.61719746	3632
0.95145073	1.60006187	3633
1.09799326	1.57446065	3634
1.24253341	1.53986111	3635
1.38528252	1.49545485	3636
1.52614951	1.44022935	3637
1.66468308	1.3730532	3638
1.80001504	1.29276325	3639
1.93082854	1.19827342	3640
2.05533306	1.08871746	3641
2.17131396	0.963574897	3642
2.27613183	0.822794708	3643
2.36678578	0.666885718	3644
2.44001634	0.497523717	3645
2.49279971	0.317317664	3646
2.52261125	0.129967923	3647
2.89771277	-0.0718864926	3648
2.8755169	-0.298513547	3649
2.82620606	-0.519094262	3650
2.75145804	-0.729642268	3651
2.65434047	-0.926373748	3652
2.53834747	-1.10669912	3653
2.4070775	-1.26902762	3654
2.26382081	-1.41289929	3655
2.11149381	-1.53840072	3656
1.95259013	-1.64606962	3657
1.7891936	-1.73679832	3658
1.62291945	-1.81172665	3659
1.45493106	-1.87210166	3660
1.2859666	-1.91917063	3661
1.11637563	-1.95411246	3662
0.946146519	-1.97794905	3663
0.774969114	-1.99146111	3664
0.602311534	-1.99511899	3665
0.427514637	-1.98901726	3666
0.249903494	-1.97282378	3667
0.0689366673	-1.94572236	3668
-0.115672258	-1.90647878	3669
-0.304005472	-1.85354617	3670
-0.495800478	-1.78463832	3671
-0.690028428	-1.69687458	3672
-0.884619132	-1.58710574	3673
-1.07655458	-1.45176708	3674
-1.26085775	-1.287959	3675
-1.43083017	-1.09390455	3676
-1.57840341	-0.869208997	3677
-1.69412851	-0.616277074	3678
-1.76882886	-0.342653174	3679
-1.7994189	-0.0599165515	3680
-1.78542548	0.224841783	3681
-1.72650817	0.504144551	3682
-1.62511215	0.767049772	3683
-1.48852279	1.00566641	3684
-1.32507681	1.21624526	3685
-1.14241403	1.39774337	3686
-0.947030358	1.55081059	3687
-0.744456223	1.676922	3688
-0.538776249	1.77844165	3689
-0.332856842	1.85800345	3690
-0.128907748	1.91801953	3691
0.0715617442	1.96076298	3692
0.267860681	1.98855075	3693
0.459962848	2.00298935	3694
0.648131233	2.0051762	3695
0.832786788	1.99574248	3696
1.01439583	1.97487432	3697
1.19335571	1.94235851	3698
1.36988749	1.89764449	3699
1.54394469	1.83991857	3700
1.71513568	1.76819111	3701
1.88267821	1.68139387	3702
2.04535738	1.5784753	3703
2.20150887	1.45851387	3704
2.34900758	1.32086137	3705
2.48533129	1.16526677	3706
2.60757559	0.991994987	3707
2.71253137	0.801910269	3708
2.79679016	0.597071157	3709
2.85724346	0.380428379	3710
2.89129674	0.156061733	3711
3.35653761	-0.0848674879	3712
3.33127601	-0.356916166	3713
3.27482935	-0.622372756	3714
3.18892101	-0.876850162	3715
3.07673011	-1.11615105	3716
2.94186341	-1.3373191	3717
2.78810902	-1.53833825	3718
2.6189961	-1.71837333	3719
2.43773853	-1.87717341	3720
2.24716644	-2.01498739	3721
2.04972345	-2.1324682	3722
1.84739654	-2.23056541	3723
1.64172354	-2.31038377	3724
1.43380973	-2.37307164	3725
1.22435441	-2.4197458	3726
1.01366949	-2.45139446	3727
0.801736632	-2.46878313	3728
0.588281648	-2.47237371	3729
0.372871416	-2.46224739	3730
0.155034118	-2.43804338	3731
-0.0655720361	-2.39889392	3732
-0.289010117	-2.34348682	3733
-0.515098275	-2.27017674	3734
-0.74324674	-2.17658745	3735
-0.972012439	-2.0598	3736
-1.19882385	-1.91671263	3737
-1.42009732	-1.74391206	3738
-1.63018398	-1.5389446	3739
-1.82196101	-1.30042184	3740
-1.98697617	-1.02854954	3741
-2.11558024	-0.726377579	3742
-2.19845092	-0.402049779	3743
-2.23218768	-0.0676848011	3744
-2.21596562	0.268884941	3745
-2.14965027	0.599370564	3746
-2.03592028	0.912204836	3747
-1.88218095	1.19885467	3748
-1.69696639	1.45488905	3749
-1.48828794	1.67862095	3750
-1.26315614	1.87017101	3751
-1.02758046	2.03071489	3752
-0.786367625	2.16225576	3753
-0.542903054	2.26736562	3754
-0.299867281	2.3484502	3755
-0.0591628586	2.40782024	3756
0.17820149	2.4478535	3757
0.411936905	2.47022604	3758
0.642062774	2.47609554	3759
0.868758582	2.46613709	3760
1.09223468	2.44056709	3761
1.31260476	2.39919879	3762
1.52977244	2.34151759	3763
1.7433411	2.26676902	3764
1.95254323	2.17405777	3765
2.15620572	2.06245391	3766
2.35272084	1.93109389	3767
2.54004214	1.77929671	3768
2.71568468	1.60670664	3769
2.87680134	1.41341465	3770
3.02021397	1.20006969	3771
3.14249788	0.967972184	3772
3.24010998	0.719601948	3773
3.3098566	0.458322917	3774
3.34907668	0.188648299	3775
3.92628469	-0.0999937828	3776
3.89740146	-0.427842341	3777
3.83240002	-0.748475883	3778
3.73304159	-1.05704156	3779
3.60261441	-1.34886167	3780
3.44483774	-1.62053073	3781
3.26368228	-1.86954077	3782
3.06292689	-2.09459055	3783
2.84610352	-2.29500406	3784
2.61640978	-2.47065306	3785
2.37668987	-2.62186261	3786
2.129354	-2.74930398	3787
1.87637805	-2.85385338	3788
1.6193113	-2.93647736	3789
1.35929426	-2.9981526	3790
1.09707012	-3.03976335	3791
0.833037028	-3.06200059	3792
0.567319707	-3.0652737	3793
0.299866402	-3.0496257	3794
0.0305734102	-3.0146656	3795
-0.24053295	-2.95949777	3796
-0.513126301	-2.88278113	3797
-0.786602271	-2.78284679	3798
-1.05990226	-2.65733102	3799
-1.33105612	-2.50340369	3800
-1.59691375	-2.31815353	3801
-1.85327562	-2.0984837	3802
-2.0938493	-1.84250811	3803
-2.31111064	-1.54936544	3804
-2.49629795	-1.21997255	3805
-2.63966205	-0.858102152	3806
-2.7318118	-0.472539033	3807
-2.76902344	-0.0759694156	3808
-2.75006718	0.322986268	3809
-2.67505718	0.715180801	3810
-2.54691152	1.0883887	3811
-2.37309159	1.43338795	3812
-2.16224679	1.74498797	3813
-1.92269659	2.020751	3814
-1.6619334	2.2601412	3815
-1.38646288	2.4638885	3816
-1.10181221	2.63351656	3817
-0.811970875	2.77138009	3818
-0.520189024	2.87975167	3819
-0.228887372	2.96086891	3820
0.0604585666	3.01708131	3821
0.34712993	3.0500742	3822
0.630727613	3.06103597	3823
0.911016731	3.05068472	3824
1.18778765	3.01929168	3825
1.46072024	2.96674288	3826
1.72926759	2.8926234	3827
1.99256849	2.7963147	3828
2.24938345	2.67710132	3829
2.49806981	2.53428251	3830
2.73656371	2.36727644	3831
2.96238722	2.17573727	3832
3.17265821	1.95969579	3833
3.36417799	1.71967756	3834
3.53348059	1.45680242	3835
3.67691447	1.17290952	3836
3.79081629	0.87095735	3837
3.87190934	0.554810284	3838
3.91747098	0.229482544	3839
4.63376537	-0.117634134	3840
4.60057674	-0.514235523	3841
4.52525235	-0.902906872	3842
4.40958007	-1.27824877	3843
4.25695301	-1.63501879	3844
4.07120079	-1.96925812	3845
3.85646792	-2.27788077	3846
3.61680011	-2.55899929	3847
3.35607477	-2.81140171	3848
3.07789992	-3.03446944	3849
2.78557692	-3.22808666	3850
2.48201018	-3.3925349	3851
2.16970014	-3.52835423	3852
1.85074279	-3.63622748	3853
1.52683964	-3.71689715	3854
1.19930292	-3.77106025	3855
0.869103405	-3.79926462	3856
0.536938256	-3.80181745	3857
0.203325533	-3.77869778	3858
-0.131271802	-3.72948675	3859
-0.466257335	-3.653294	3860
-0.800716349	-3.54881361	3861
-1.13343252	-3.41444851	3862
-1.4627095	-3.24797584	3863
-1.78591508	-3.04681194	3864
-2.09923367	-2.80840517	3865
-2.39776903	-2.53019646	3866
-2.67463548	-2.21098916	3867
-2.92192253	-1.85063529	3868
-3.13064701	-1.45090303	3869
-3.29108257	-1.0163883	3870
-3.39386665	-0.556569261	3871
-3.43494459	-0.0847299288	3872
-3.41261646	0.389670046	3873
-3.3272992	0.856573155	3874
-3.18215746	1.30305953	3875
-2.98462908	1.71916088	3876
-2.74337845	2.09882946	3877
-2.46695787	2.4387444	3878
-2.16330413	2.73755753	3879
-1.8394527	2.99536148	3880
-1.50162429	3.21308566	3881
-1.15453841	3.3926556	3882
-0.802124665	3.53606129	3883
-0.447472411	3.64532835	3884
-0.0927035021	3.72266521	3885
0.260831918	3.76968893	3886
0.612106084	3.78757874	3887
0.960261696	3.77709084	3888
1.3044709	3.7385773	3889
1.64379671	3.67204935	3890
1.97707732	3.57726563	3891
2.30284289	3.45383394	3892
2.61925856	3.30132093	3893
2.92410831	3.11936541	3894
3.21478689	2.90778274	3895
3.48831675	2.66668044	3896
3.74136602	2.39659451	3897
3.97034648	2.09860287	3898
4.17147733	1.77441926	3899
4.34088292	1.42651324	3900
4.47477557	1.0584405	3901
4.56980651	0.674659803	3902
4.62319832	0.280771297	3903
5.51227122	-0.138230998	3904
5.47393586	-0.619747296	3905
5.3860868	-1.09250732	3906
5.25052342	-1.55046397	3907
5.07073748	-1.98770332	3908
4.85066604	-2.39958046	3909
4.59461338	-2.78232666	3910
4.30691985	-3.13330662	3911
3.9918433	-3.4506345	3912
3.65345967	-3.73305713	3913
3.29560316	-3.97987448	3914
2.92176714	-4.19083802	3915
2.53509134	-4.36601729	3916
2.13835336	-4.50568581	3917
1.73397108	-4.61023783	3918
1.32400181	-4.68008408	3919
0.910185181	-4.71554958	3920
0.494005683	-4.71678394	3921
0.0767814374	-4.68367613	3922
-0.340217735	-4.61578758	3923
-0.755582495	-4.51227844	3924
-1.16757152	-4.37195988	3925
-1.57413005	-4.19342584	3926
-1.9727219	-3.97475297	3927
-2.35989041	-3.71379755	3928
-2.73107419	-3.40854671	3929
-3.08050222	-3.05733429	3930
-3.40082823	-2.65971737	3931
-3.6837445	-2.21652523	3932
-3.92015181	-1.73055521	3933
-4.10049833	-1.20735583	3934
-4.21557327	-0.657165059	3935
-4.2609842	-0.0938975898	3936
-4.23448063	0.472091441	3937
-4.13685092	1.02977663	3938
-3.97151481	1.56550406	3939
-3.74578675	2.06848899	3940
-3.46822264	2.53170382	3941
-3.14751689	2.95077936	3942
-2.79200758	3.32336258	3943
-2.40932243	3.64865331	3944
-2.00628898	3.92690198	3945
-1.58856877	4.15929284	3946
-1.16088339	4.34736852	3947
-0.727172257	4.4927714	3948
-0.290419038	4.59742871	3949
0.147153888	4.66279151	3950
0.583638195	4.68997734	3951
1.01730367	4.67976968	3952
1.44646371	4.63262789	3953
1.86934002	4.54874696	3954
2.28395154	4.42814446	3955
2.68803804	4.27076111	3956
3.07901071	4.07656848	3957
3.45394478	3.84567945	3958
3.80958057	3.57844924	3959
4.14234953	3.2755863	3960
4.44839895	2.93828127	3961
4.72369912	2.5683134	3962
4.96411989	2.16814135	3963
5.16555663	1.74099353	3964
5.32409538	1.2911661	3965
5.43632869	0.823831304	3966
5.49943266	0.345281989	3967
6.60314032	-0.162311534	3968
6.55862331	-0.748901712	3969
6.45551032	-1.32577427	3970
6.29559228	-1.88610732	3971
6.08245139	-2.42318041	3972
5.82011906	-2.93151085	3973
5.51306748	-3.40646794	3974
5.1659445	-3.84450672	3975
4.7834424	-4.24287895	3976
4.37018041	-4.59951457	3977
3.93062486	-4.91294869	3978
3.46898182	-5.18222657	3979
2.98917952	-5.40677984	3980
2.49485172	-5.58631779	3981
1.98933205	-5.72074741	3982
1.47564665	-5.81007444	3983
0.956550861	-5.85430783	3984
0.43458378	-5.85337722	3985
-0.0878530428	-5.80705571	3986
-0.608389988	-5.71490103	3987
-1.1245107	-5.57618444	3988
-1.63336008	-5.38993868	3989
-2.13177283	-5.15509714	3990
-2.61613019	-4.8702313	3991
-3.08195489	-4.53387474	3992
-3.52377438	-4.14484389	3993
-3.93492588	-3.70258727	3994
-4.3075544	-3.20771247	3995
-4.63300901	-2.66228365	3996
-4.9022026	-2.07035196	3997
-5.10594605	-1.43858388	3998
-5.23533596	-0.778061291	3999
-5.28563594	-0.103366157	4000
-5.25394546	0.574188537	4001
-5.14151113	1.24254527	4002
-4.95201824	1.88727217	4003
-4.69253274	2.49668195	4004
-4.37134907	3.06261351	4005
-3.99719329	3.57944328	4006
-3.57875413	4.04357474	4007
-3.12426116	4.45305899	4008
-2.64124957	4.80718641	4009
-2.13638309	5.10619355	4010
-1.61537687	5.35091688	4011
-1.08323932	5.54240533	4012
-0.544074852	5.68213183	4013
-0.00126729242	5.77125892	4014
0.542091248	5.81077392	4015
1.08309434	5.80146888	4016
1.61890302	5.74393655	4017
2.1466209	5.63862126	4018
2.66319293	5.48589858	4019
3.16533895	5.28616879	4020
3.64951376	5.03995665	4021
4.11190902	4.74801373	4022
4.5484635	4.41141147	4023
4.95489777	4.03164324	4024
5.32674446	3.61074147	4025
5.65946305	3.15137476	4026
5.9485315	2.65692995	4027
6.1896006	2.13156978	4028
6.37863087	1.5805041	4029
6.51217174	1.0097691	4030
6.58736269	0.426484725	4031
7.95770208	-0.190504389	4032
7.90573093	-0.907300634	4033
7.78394916	-1.61325306	4034
7.5941134	-2.30060535	4035
7.3398856	-2.96165996	4036
7.02537543	-3.5899045	4037
6.65523025	-4.1796249	4038
6.23442804	-4.72615378	4039
5.76816365	-5.2256458	4040
5.26169738	-5.67498431	4041
4.72025603	-6.07171248	4042
4.14891805	-6.41394892	4043
3.55259209	-6.70027909	4044
2.93599144	-6.9296566	4045
2.30361939	-7.1013312	4046
1.65975402	-7.21476046	4047
1.00847641	-7.26952697	4048
0.353713401	-7.26526942	4049
-0.300699506	-7.20161967	4050
-0.950933112	-7.07815781	4051
-1.59300505	-6.89434667	4052
-2.22259755	-6.64957361	4053
-2.83510553	-6.34329688	4054
-3.42553453	-5.97482419	4055
-3.98814924	-5.54365844	4056
-4.51636775	-5.04980107	4057
-5.00260446	-4.4940914	4058
-5.43843995	-3.8785545	4059
-5.81494487	-3.20681025	4060
-6.12320196	-2.48444565	4061
-6.35461925	-1.7194547	4062
-6.50079657	-0.923869387	4063
-6.55664779	-0.112980482	4064
-6.5184987	0.700870972	4065
-6.38816413	1.50452285	4066
-6.16960816	2.28271597	4067
-5.86949173	3.02275488	4068
-5.49565771	3.71515342	4069
-5.0567281	4.35277731	4070
-4.56168134	4.93049127	4071
-4.01936208	5.44488219	4072
-3.43813257	5.89393633	4073
-2.82574337	6.27668487	4074
-2.18914341	6.59294382	4075
-1.53467508	6.84290996	4076
-0.867876127	7.02738762	4077
-0.193641118	7.14709734	4078
0.483386518	7.20280724	4079
1.15875443	7.19528898	4080
1.82811086	7.12529416	4081
2.4870988	6.99359049	4082
3.13127113	6.80102781	4083
3.75603885	6.54861755	4084
4.35664355	6.23761758	4085
4.92817003	5.86962004	4086
5.46556644	5.44663063	4087
5.96368774	4.97115623	4088
6.4173301	4.44630477	4089
6.82135155	3.87586973	4090
7.17078443	3.26439091	4091
7.46100682	2.61719768	4092
7.68785708	1.9406246	4093
7.84785962	1.24176134	4094
7.93812876	0.528724059	4095
9.63969219	-0.223561872	4096
9.57870272	-1.10188051	4097
9.43402355	-1.96802758	4098
9.20734395	-2.81311199	4099
8.9023916	-3.62824424	4100
8.52333449	-4.40564011	4101
8.07500164	-5.13822852	4102
7.5627349	-5.81994342	4103
6.9923179	-6.44555029	4104
6.36977721	-7.01059718	4105
5.70126444	-7.51135031	4106
4.99293461	-7.94472583	4107
4.25092175	-8.30820396	4108
3.48130275	-8.59974554	4109
2.6900723	-8.81773455	4110
1.88311748	-8.96090643	4111
1.06623411	-9.02828615	4112
0.245152426	-9.01913927	4113
-0.57442318	-8.93293169	4114
-1.38675993	-8.76930505	4115
-2.18596843	-8.52801909	4116
-2.96584171	-8.20898539	4117
-3.71993372	-7.81241938	4118
-4.4415179	-7.33866447	4119
-5.12331268	-6.78855414	4120
-5.75738797	-6.16371259	4121
-6.33518964	-5.46671528	4122
-6.84767072	-4.70145769	4123
-7.28570401	-3.87351377	4124
-7.64073891	-2.99035826	4125
-7.90507321	-2.06157554	4126
-8.07105645	-1.10028088	4127
-8.13324683	-0.122521865	4128
-8.08704241	0.858252039	4129
-7.9349654	1.82769108	4130
-7.68127602	2.76965272	4131
-7.33203442	3.67030398	4132
-6.89439492	4.5185964	4133
-6.37670693	5.3055677	4134
-5.78816288	6.02417899	4135
-5.13823865	6.66916406	4136
-4.43626382	7.23678351	4137
-3.69118989	7.72453961	4138
-2.91148784	8.13084416	4139
-2.10515596	8.45472211	4140
-1.27954487	8.6960433	4141
-0.441484442	8.85489341	4142
0.402382257	8.93170681	4143
1.2456038	8.92719258	4144
2.08187127	8.84228591	4145
2.90494219	8.67816258	4146
3.70858049	8.43628444	4147
4.48652572	8.11845669	4148
5.23248199	7.7268894	4149
5.94014427	7.26426352	4150
6.60322928	6.7337884	4151
7.21552811	6.13926832	4152
7.77094402	5.48517802	4153
8.26362035	4.77672439	4154
8.68806435	4.0198952	4155
9.03934947	3.22147024	4156
9.31319433	2.38917314	4157
9.50611972	1.5313853	4158
9.61522793	0.657431278	4159
%
% Boundary elements
%
NMARK= 2
MARKER_TAG= airfoil
MARKER_ELEMS= 64
3	0	1
3	1	2
3	2	3
3	3	4
3	4	5
3	5	6
3	6	7
3	7	8
3	8	9
3	9	10
3	10	11
3	11	12
3	12	13
3	13	14
3	14	15
3	15	16
3	16	17
3	17	18
3	18	19
3	19	20
3	20	21
3	21	22
3	22	23
3	23	24
3	24	25
3	25	26
3	26	27
3	27	28
3	28	29
3	29	30
3	30	31
3	31	32
3	32	33
3	33	34
3	34	35
3	35	36
3	36	37
3	37	38
3	38	39
3	39	40
3	40	41
3	41	42
3	42	43
3	43	44
3	44	45
3	45	46
3	46	47
3	47	48
3	48	49
3	49	50
3	50	51
3	51	52
3	52	53
3	53	54
3	54	55
3	55	56
3	56	57
3	57	58
3	58	59
3	59	60
3	60	61
3	61	62
3	62	63
3	63	0
MARKER_TAG= farfield
MARKER_ELEMS= 64
3	4096	4097
3	4097	4098
3	4098	4099
3	4099	4100
3	4100	4101
3	4101	4102
3	4102	4103
3	4103	4104
3	4104	4105
3	4105	4106
3	4106	4107
3	4107	4108
3	4108	4109
3	4109	4110
3	4110	4111
3	4111	4112
3	4112	4113
3	4113	4114
3	4114	4115
3	4115	4116
3	4116	4117
3	4117	4118
3	4118	4119
3	4119	4120
3	4120	4121
3	4121	4122
3	4122	4123
3	4123	4124
3	4124	4125
3	4125	4126
3	4126	4127
3	4127	4128
3	4128	4129
3	4129	4130
3	4130	4131
3	4131	4132
3	4132	4133
3	4133	4134
3	4134	4135
3	4135	4136
3	4136	4137
3	4137	4138
3	4138	4139
3	4139	4140
3	4140	4141
3	4141	4142
3	4142	4143
3	4143	4144
3	4144	4145
3	4145	4146
3	4146	4147
3	4147	4148
3	4148	4149
3	4149	4150
3	4150	4151
3	4151	4152
3	4152	4153
3	4153	4154
3	4154	4155
3	4155	4156
3	4156	4157
3	4157	4158
3	4158	4159
3	4159	4096
