% n0012
% Thu Aug 21 15:43:35 2025
%
% Problem dimension
%
NDIME= 2
%
% Inner element connectivity
%
NELEM= 16384
9	0	1	129	128	0
9	1	2	130	129	1
9	2	3	131	130	2
9	3	4	132	131	3
9	4	5	133	132	4
9	5	6	134	133	5
9	6	7	135	134	6
9	7	8	136	135	7
9	8	9	137	136	8
9	9	10	138	137	9
9	10	11	139	138	10
9	11	12	140	139	11
9	12	13	141	140	12
9	13	14	142	141	13
9	14	15	143	142	14
9	15	16	144	143	15
9	16	17	145	144	16
9	17	18	146	145	17
9	18	19	147	146	18
9	19	20	148	147	19
9	20	21	149	148	20
9	21	22	150	149	21
9	22	23	151	150	22
9	23	24	152	151	23
9	24	25	153	152	24
9	25	26	154	153	25
9	26	27	155	154	26
9	27	28	156	155	27
9	28	29	157	156	28
9	29	30	158	157	29
9	30	31	159	158	30
9	31	32	160	159	31
9	32	33	161	160	32
9	33	34	162	161	33
9	34	35	163	162	34
9	35	36	164	163	35
9	36	37	165	164	36
9	37	38	166	165	37
9	38	39	167	166	38
9	39	40	168	167	39
9	40	41	169	168	40
9	41	42	170	169	41
9	42	43	171	170	42
9	43	44	172	171	43
9	44	45	173	172	44
9	45	46	174	173	45
9	46	47	175	174	46
9	47	48	176	175	47
9	48	49	177	176	48
9	49	50	178	177	49
9	50	51	179	178	50
9	51	52	180	179	51
9	52	53	181	180	52
9	53	54	182	181	53
9	54	55	183	182	54
9	55	56	184	183	55
9	56	57	185	184	56
9	57	58	186	185	57
9	58	59	187	186	58
9	59	60	188	187	59
9	60	61	189	188	60
9	61	62	190	189	61
9	62	63	191	190	62
9	63	64	192	191	63
9	64	65	193	192	64
9	65	66	194	193	65
9	66	67	195	194	66
9	67	68	196	195	67
9	68	69	197	196	68
9	69	70	198	197	69
9	70	71	199	198	70
9	71	72	200	199	71
9	72	73	201	200	72
9	73	74	202	201	73
9	74	75	203	202	74
9	75	76	204	203	75
9	76	77	205	204	76
9	77	78	206	205	77
9	78	79	207	206	78
9	79	80	208	207	79
9	80	81	209	208	80
9	81	82	210	209	81
9	82	83	211	210	82
9	83	84	212	211	83
9	84	85	213	212	84
9	85	86	214	213	85
9	86	87	215	214	86
9	87	88	216	215	87
9	88	89	217	216	88
9	89	90	218	217	89
9	90	91	219	218	90
9	91	92	220	219	91
9	92	93	221	220	92
9	93	94	222	221	93
9	94	95	223	222	94
9	95	96	224	223	95
9	96	97	225	224	96
9	97	98	226	225	97
9	98	99	227	226	98
9	99	100	228	227	99
9	100	101	229	228	100
9	101	102	230	229	101
9	102	103	231	230	102
9	103	104	232	231	103
9	104	105	233	232	104
9	105	106	234	233	105
9	106	107	235	234	106
9	107	108	236	235	107
9	108	109	237	236	108
9	109	110	238	237	109
9	110	111	239	238	110
9	111	112	240	239	111
9	112	113	241	240	112
9	113	114	242	241	113
9	114	115	243	242	114
9	115	116	244	243	115
9	116	117	245	244	116
9	117	118	246	245	117
9	118	119	247	246	118
9	119	120	248	247	119
9	120	121	249	248	120
9	121	122	250	249	121
9	122	123	251	250	122
9	123	124	252	251	123
9	124	125	253	252	124
9	125	126	254	253	125
9	126	127	255	254	126
9	127	0	128	255	127
9	128	129	257	256	128
9	129	130	258	257	129
9	130	131	259	258	130
9	131	132	260	259	131
9	132	133	261	260	132
9	133	134	262	261	133
9	134	135	263	262	134
9	135	136	264	263	135
9	136	137	265	264	136
9	137	138	266	265	137
9	138	139	267	266	138
9	139	140	268	267	139
9	140	141	269	268	140
9	141	142	270	269	141
9	142	143	271	270	142
9	143	144	272	271	143
9	144	145	273	272	144
9	145	146	274	273	145
9	146	147	275	274	146
9	147	148	276	275	147
9	148	149	277	276	148
9	149	150	278	277	149
9	150	151	279	278	150
9	151	152	280	279	151
9	152	153	281	280	152
9	153	154	282	281	153
9	154	155	283	282	154
9	155	156	284	283	155
9	156	157	285	284	156
9	157	158	286	285	157
9	158	159	287	286	158
9	159	160	288	287	159
9	160	161	289	288	160
9	161	162	290	289	161
9	162	163	291	290	162
9	163	164	292	291	163
9	164	165	293	292	164
9	165	166	294	293	165
9	166	167	295	294	166
9	167	168	296	295	167
9	168	169	297	296	168
9	169	170	298	297	169
9	170	171	299	298	170
9	171	172	300	299	171
9	172	173	301	300	172
9	173	174	302	301	173
9	174	175	303	302	174
9	175	176	304	303	175
9	176	177	305	304	176
9	177	178	306	305	177
9	178	179	307	306	178
9	179	180	308	307	179
9	180	181	309	308	180
9	181	182	310	309	181
9	182	183	311	310	182
9	183	184	312	311	183
9	184	185	313	312	184
9	185	186	314	313	185
9	186	187	315	314	186
9	187	188	316	315	187
9	188	189	317	316	188
9	189	190	318	317	189
9	190	191	319	318	190
9	191	192	320	319	191
9	192	193	321	320	192
9	193	194	322	321	193
9	194	195	323	322	194
9	195	196	324	323	195
9	196	197	325	324	196
9	197	198	326	325	197
9	198	199	327	326	198
9	199	200	328	327	199
9	200	201	329	328	200
9	201	202	330	329	201
9	202	203	331	330	202
9	203	204	332	331	203
9	204	205	333	332	204
9	205	206	334	333	205
9	206	207	335	334	206
9	207	208	336	335	207
9	208	209	337	336	208
9	209	210	338	337	209
9	210	211	339	338	210
9	211	212	340	339	211
9	212	213	341	340	212
9	213	214	342	341	213
9	214	215	343	342	214
9	215	216	344	343	215
9	216	217	345	344	216
9	217	218	346	345	217
9	218	219	347	346	218
9	219	220	348	347	219
9	220	221	349	348	220
9	221	222	350	349	221
9	222	223	351	350	222
9	223	224	352	351	223
9	224	225	353	352	224
9	225	226	354	353	225
9	226	227	355	354	226
9	227	228	356	355	227
9	228	229	357	356	228
9	229	230	358	357	229
9	230	231	359	358	230
9	231	232	360	359	231
9	232	233	361	360	232
9	233	234	362	361	233
9	234	235	363	362	234
9	235	236	364	363	235
9	236	237	365	364	236
9	237	238	366	365	237
9	238	239	367	366	238
9	239	240	368	367	239
9	240	241	369	368	240
9	241	242	370	369	241
9	242	243	371	370	242
9	243	244	372	371	243
9	244	245	373	372	244
9	245	246	374	373	245
9	246	247	375	374	246
9	247	248	376	375	247
9	248	249	377	376	248
9	249	250	378	377	249
9	250	251	379	378	250
9	251	252	380	379	251
9	252	253	381	380	252
9	253	254	382	381	253
9	254	255	383	382	254
9	255	128	256	383	255
9	256	257	385	384	256
9	257	258	386	385	257
9	258	259	387	386	258
9	259	260	388	387	259
9	260	261	389	388	260
9	261	262	390	389	261
9	262	263	391	390	262
9	263	264	392	391	263
9	264	265	393	392	264
9	265	266	394	393	265
9	266	267	395	394	266
9	267	268	396	395	267
9	268	269	397	396	268
9	269	270	398	397	269
9	270	271	399	398	270
9	271	272	400	399	271
9	272	273	401	400	272
9	273	274	402	401	273
9	274	275	403	402	274
9	275	276	404	403	275
9	276	277	405	404	276
9	277	278	406	405	277
9	278	279	407	406	278
9	279	280	408	407	279
9	280	281	409	408	280
9	281	282	410	409	281
9	282	283	411	410	282
9	283	284	412	411	283
9	284	285	413	412	284
9	285	286	414	413	285
9	286	287	415	414	286
9	287	288	416	415	287
9	288	289	417	416	288
9	289	290	418	417	289
9	290	291	419	418	290
9	291	292	420	419	291
9	292	293	421	420	292
9	293	294	422	421	293
9	294	295	423	422	294
9	295	296	424	423	295
9	296	297	425	424	296
9	297	298	426	425	297
9	298	299	427	426	298
9	299	300	428	427	299
9	300	301	429	428	300
9	301	302	430	429	301
9	302	303	431	430	302
9	303	304	432	431	303
9	304	305	433	432	304
9	305	306	434	433	305
9	306	307	435	434	306
9	307	308	436	435	307
9	308	309	437	436	308
9	309	310	438	437	309
9	310	311	439	438	310
9	311	312	440	439	311
9	312	313	441	440	312
9	313	314	442	441	313
9	314	315	443	442	314
9	315	316	444	443	315
9	316	317	445	444	316
9	317	318	446	445	317
9	318	319	447	446	318
9	319	320	448	447	319
9	320	321	449	448	320
9	321	322	450	449	321
9	322	323	451	450	322
9	323	324	452	451	323
9	324	325	453	452	324
9	325	326	454	453	325
9	326	327	455	454	326
9	327	328	456	455	327
9	328	329	457	456	328
9	329	330	458	457	329
9	330	331	459	458	330
9	331	332	460	459	331
9	332	333	461	460	332
9	333	334	462	461	333
9	334	335	463	462	334
9	335	336	464	463	335
9	336	337	465	464	336
9	337	338	466	465	337
9	338	339	467	466	338
9	339	340	468	467	339
9	340	341	469	468	340
9	341	342	470	469	341
9	342	343	471	470	342
9	343	344	472	471	343
9	344	345	473	472	344
9	345	346	474	473	345
9	346	347	475	474	346
9	347	348	476	475	347
9	348	349	477	476	348
9	349	350	478	477	349
9	350	351	479	478	350
9	351	352	480	479	351
9	352	353	481	480	352
9	353	354	482	481	353
9	354	355	483	482	354
9	355	356	484	483	355
9	356	357	485	484	356
9	357	358	486	485	357
9	358	359	487	486	358
9	359	360	488	487	359
9	360	361	489	488	360
9	361	362	490	489	361
9	362	363	491	490	362
9	363	364	492	491	363
9	364	365	493	492	364
9	365	366	494	493	365
9	366	367	495	494	366
9	367	368	496	495	367
9	368	369	497	496	368
9	369	370	498	497	369
9	370	371	499	498	370
9	371	372	500	499	371
9	372	373	501	500	372
9	373	374	502	501	373
9	374	375	503	502	374
9	375	376	504	503	375
9	376	377	505	504	376
9	377	378	506	505	377
9	378	379	507	506	378
9	379	380	508	507	379
9	380	381	509	508	380
9	381	382	510	509	381
9	382	383	511	510	382
9	383	256	384	511	383
9	384	385	513	512	384
9	385	386	514	513	385
9	386	387	515	514	386
9	387	388	516	515	387
9	388	389	517	516	388
9	389	390	518	517	389
9	390	391	519	518	390
9	391	392	520	519	391
9	392	393	521	520	392
9	393	394	522	521	393
9	394	395	523	522	394
9	395	396	524	523	395
9	396	397	525	524	396
9	397	398	526	525	397
9	398	399	527	526	398
9	399	400	528	527	399
9	400	401	529	528	400
9	401	402	530	529	401
9	402	403	531	530	402
9	403	404	532	531	403
9	404	405	533	532	404
9	405	406	534	533	405
9	406	407	535	534	406
9	407	408	536	535	407
9	408	409	537	536	408
9	409	410	538	537	409
9	410	411	539	538	410
9	411	412	540	539	411
9	412	413	541	540	412
9	413	414	542	541	413
9	414	415	543	542	414
9	415	416	544	543	415
9	416	417	545	544	416
9	417	418	546	545	417
9	418	419	547	546	418
9	419	420	548	547	419
9	420	421	549	548	420
9	421	422	550	549	421
9	422	423	551	550	422
9	423	424	552	551	423
9	424	425	553	552	424
9	425	426	554	553	425
9	426	427	555	554	426
9	427	428	556	555	427
9	428	429	557	556	428
9	429	430	558	557	429
9	430	431	559	558	430
9	431	432	560	559	431
9	432	433	561	560	432
9	433	434	562	561	433
9	434	435	563	562	434
9	435	436	564	563	435
9	436	437	565	564	436
9	437	438	566	565	437
9	438	439	567	566	438
9	439	440	568	567	439
9	440	441	569	568	440
9	441	442	570	569	441
9	442	443	571	570	442
9	443	444	572	571	443
9	444	445	573	572	444
9	445	446	574	573	445
9	446	447	575	574	446
9	447	448	576	575	447
9	448	449	577	576	448
9	449	450	578	577	449
9	450	451	579	578	450
9	451	452	580	579	451
9	452	453	581	580	452
9	453	454	582	581	453
9	454	455	583	582	454
9	455	456	584	583	455
9	456	457	585	584	456
9	457	458	586	585	457
9	458	459	587	586	458
9	459	460	588	587	459
9	460	461	589	588	460
9	461	462	590	589	461
9	462	463	591	590	462
9	463	464	592	591	463
9	464	465	593	592	464
9	465	466	594	593	465
9	466	467	595	594	466
9	467	468	596	595	467
9	468	469	597	596	468
9	469	470	598	597	469
9	470	471	599	598	470
9	471	472	600	599	471
9	472	473	601	600	472
9	473	474	602	601	473
9	474	475	603	602	474
9	475	476	604	603	475
9	476	477	605	604	476
9	477	478	606	605	477
9	478	479	607	606	478
9	479	480	608	607	479
9	480	481	609	608	480
9	481	482	610	609	481
9	482	483	611	610	482
9	483	484	612	611	483
9	484	485	613	612	484
9	485	486	614	613	485
9	486	487	615	614	486
9	487	488	616	615	487
9	488	489	617	616	488
9	489	490	618	617	489
9	490	491	619	618	490
9	491	492	620	619	491
9	492	493	621	620	492
9	493	494	622	621	493
9	494	495	623	622	494
9	495	496	624	623	495
9	496	497	625	624	496
9	497	498	626	625	497
9	498	499	627	626	498
9	499	500	628	627	499
9	500	501	629	628	500
9	501	502	630	629	501
9	502	503	631	630	502
9	503	504	632	631	503
9	504	505	633	632	504
9	505	506	634	633	505
9	506	507	635	634	506
9	507	508	636	635	507
9	508	509	637	636	508
9	509	510	638	637	509
9	510	511	639	638	510
9	511	384	512	639	511
9	512	513	641	640	512
9	513	514	642	641	513
9	514	515	643	642	514
9	515	516	644	643	515
9	516	517	645	644	516
9	517	518	646	645	517
9	518	519	647	646	518
9	519	520	648	647	519
9	520	521	649	648	520
9	521	522	650	649	521
9	522	523	651	650	522
9	523	524	652	651	523
9	524	525	653	652	524
9	525	526	654	653	525
9	526	527	655	654	526
9	527	528	656	655	527
9	528	529	657	656	528
9	529	530	658	657	529
9	530	531	659	658	530
9	531	532	660	659	531
9	532	533	661	660	532
9	533	534	662	661	533
9	534	535	663	662	534
9	535	536	664	663	535
9	536	537	665	664	536
9	537	538	666	665	537
9	538	539	667	666	538
9	539	540	668	667	539
9	540	541	669	668	540
9	541	542	670	669	541
9	542	543	671	670	542
9	543	544	672	671	543
9	544	545	673	672	544
9	545	546	674	673	545
9	546	547	675	674	546
9	547	548	676	675	547
9	548	549	677	676	548
9	549	550	678	677	549
9	550	551	679	678	550
9	551	552	680	679	551
9	552	553	681	680	552
9	553	554	682	681	553
9	554	555	683	682	554
9	555	556	684	683	555
9	556	557	685	684	556
9	557	558	686	685	557
9	558	559	687	686	558
9	559	560	688	687	559
9	560	561	689	688	560
9	561	562	690	689	561
9	562	563	691	690	562
9	563	564	692	691	563
9	564	565	693	692	564
9	565	566	694	693	565
9	566	567	695	694	566
9	567	568	696	695	567
9	568	569	697	696	568
9	569	570	698	697	569
9	570	571	699	698	570
9	571	572	700	699	571
9	572	573	701	700	572
9	573	574	702	701	573
9	574	575	703	702	574
9	575	576	704	703	575
9	576	577	705	704	576
9	577	578	706	705	577
9	578	579	707	706	578
9	579	580	708	707	579
9	580	581	709	708	580
9	581	582	710	709	581
9	582	583	711	710	582
9	583	584	712	711	583
9	584	585	713	712	584
9	585	586	714	713	585
9	586	587	715	714	586
9	587	588	716	715	587
9	588	589	717	716	588
9	589	590	718	717	589
9	590	591	719	718	590
9	591	592	720	719	591
9	592	593	721	720	592
9	593	594	722	721	593
9	594	595	723	722	594
9	595	596	724	723	595
9	596	597	725	724	596
9	597	598	726	725	597
9	598	599	727	726	598
9	599	600	728	727	599
9	600	601	729	728	600
9	601	602	730	729	601
9	602	603	731	730	602
9	603	604	732	731	603
9	604	605	733	732	604
9	605	606	734	733	605
9	606	607	735	734	606
9	607	608	736	735	607
9	608	609	737	736	608
9	609	610	738	737	609
9	610	611	739	738	610
9	611	612	740	739	611
9	612	613	741	740	612
9	613	614	742	741	613
9	614	615	743	742	614
9	615	616	744	743	615
9	616	617	745	744	616
9	617	618	746	745	617
9	618	619	747	746	618
9	619	620	748	747	619
9	620	621	749	748	620
9	621	622	750	749	621
9	622	623	751	750	622
9	623	624	752	751	623
9	624	625	753	752	624
9	625	626	754	753	625
9	626	627	755	754	626
9	627	628	756	755	627
9	628	629	757	756	628
9	629	630	758	757	629
9	630	631	759	758	630
9	631	632	760	759	631
9	632	633	761	760	632
9	633	634	762	761	633
9	634	635	763	762	634
9	635	636	764	763	635
9	636	637	765	764	636
9	637	638	766	765	637
9	638	639	767	766	638
9	639	512	640	767	639
9	640	641	769	768	640
9	641	642	770	769	641
9	642	643	771	770	642
9	643	644	772	771	643
9	644	645	773	772	644
9	645	646	774	773	645
9	646	647	775	774	646
9	647	648	776	775	647
9	648	649	777	776	648
9	649	650	778	777	649
9	650	651	779	778	650
9	651	652	780	779	651
9	652	653	781	780	652
9	653	654	782	781	653
9	654	655	783	782	654
9	655	656	784	783	655
9	656	657	785	784	656
9	657	658	786	785	657
9	658	659	787	786	658
9	659	660	788	787	659
9	660	661	789	788	660
9	661	662	790	789	661
9	662	663	791	790	662
9	663	664	792	791	663
9	664	665	793	792	664
9	665	666	794	793	665
9	666	667	795	794	666
9	667	668	796	795	667
9	668	669	797	796	668
9	669	670	798	797	669
9	670	671	799	798	670
9	671	672	800	799	671
9	672	673	801	800	672
9	673	674	802	801	673
9	674	675	803	802	674
9	675	676	804	803	675
9	676	677	805	804	676
9	677	678	806	805	677
9	678	679	807	806	678
9	679	680	808	807	679
9	680	681	809	808	680
9	681	682	810	809	681
9	682	683	811	810	682
9	683	684	812	811	683
9	684	685	813	812	684
9	685	686	814	813	685
9	686	687	815	814	686
9	687	688	816	815	687
9	688	689	817	816	688
9	689	690	818	817	689
9	690	691	819	818	690
9	691	692	820	819	691
9	692	693	821	820	692
9	693	694	822	821	693
9	694	695	823	822	694
9	695	696	824	823	695
9	696	697	825	824	696
9	697	698	826	825	697
9	698	699	827	826	698
9	699	700	828	827	699
9	700	701	829	828	700
9	701	702	830	829	701
9	702	703	831	830	702
9	703	704	832	831	703
9	704	705	833	832	704
9	705	706	834	833	705
9	706	707	835	834	706
9	707	708	836	835	707
9	708	709	837	836	708
9	709	710	838	837	709
9	710	711	839	838	710
9	711	712	840	839	711
9	712	713	841	840	712
9	713	714	842	841	713
9	714	715	843	842	714
9	715	716	844	843	715
9	716	717	845	844	716
9	717	718	846	845	717
9	718	719	847	846	718
9	719	720	848	847	719
9	720	721	849	848	720
9	721	722	850	849	721
9	722	723	851	850	722
9	723	724	852	851	723
9	724	725	853	852	724
9	725	726	854	853	725
9	726	727	855	854	726
9	727	728	856	855	727
9	728	729	857	856	728
9	729	730	858	857	729
9	730	731	859	858	730
9	731	732	860	859	731
9	732	733	861	860	732
9	733	734	862	861	733
9	734	735	863	862	734
9	735	736	864	863	735
9	736	737	865	864	736
9	737	738	866	865	737
9	738	739	867	866	738
9	739	740	868	867	739
9	740	741	869	868	740
9	741	742	870	869	741
9	742	743	871	870	742
9	743	744	872	871	743
9	744	745	873	872	744
9	745	746	874	873	745
9	746	747	875	874	746
9	747	748	876	875	747
9	748	749	877	876	748
9	749	750	878	877	749
9	750	751	879	878	750
9	751	752	880	879	751
9	752	753	881	880	752
9	753	754	882	881	753
9	754	755	883	882	754
9	755	756	884	883	755
9	756	757	885	884	756
9	757	758	886	885	757
9	758	759	887	886	758
9	759	760	888	887	759
9	760	761	889	888	760
9	761	762	890	889	761
9	762	763	891	890	762
9	763	764	892	891	763
9	764	765	893	892	764
9	765	766	894	893	765
9	766	767	895	894	766
9	767	640	768	895	767
9	768	769	897	896	768
9	769	770	898	897	769
9	770	771	899	898	770
9	771	772	900	899	771
9	772	773	901	900	772
9	773	774	902	901	773
9	774	775	903	902	774
9	775	776	904	903	775
9	776	777	905	904	776
9	777	778	906	905	777
9	778	779	907	906	778
9	779	780	908	907	779
9	780	781	909	908	780
9	781	782	910	909	781
9	782	783	911	910	782
9	783	784	912	911	783
9	784	785	913	912	784
9	785	786	914	913	785
9	786	787	915	914	786
9	787	788	916	915	787
9	788	789	917	916	788
9	789	790	918	917	789
9	790	791	919	918	790
9	791	792	920	919	791
9	792	793	921	920	792
9	793	794	922	921	793
9	794	795	923	922	794
9	795	796	924	923	795
9	796	797	925	924	796
9	797	798	926	925	797
9	798	799	927	926	798
9	799	800	928	927	799
9	800	801	929	928	800
9	801	802	930	929	801
9	802	803	931	930	802
9	803	804	932	931	803
9	804	805	933	932	804
9	805	806	934	933	805
9	806	807	935	934	806
9	807	808	936	935	807
9	808	809	937	936	808
9	809	810	938	937	809
9	810	811	939	938	810
9	811	812	940	939	811
9	812	813	941	940	812
9	813	814	942	941	813
9	814	815	943	942	814
9	815	816	944	943	815
9	816	817	945	944	816
9	817	818	946	945	817
9	818	819	947	946	818
9	819	820	948	947	819
9	820	821	949	948	820
9	821	822	950	949	821
9	822	823	951	950	822
9	823	824	952	951	823
9	824	825	953	952	824
9	825	826	954	953	825
9	826	827	955	954	826
9	827	828	956	955	827
9	828	829	957	956	828
9	829	830	958	957	829
9	830	831	959	958	830
9	831	832	960	959	831
9	832	833	961	960	832
9	833	834	962	961	833
9	834	835	963	962	834
9	835	836	964	963	835
9	836	837	965	964	836
9	837	838	966	965	837
9	838	839	967	966	838
9	839	840	968	967	839
9	840	841	969	968	840
9	841	842	970	969	841
9	842	843	971	970	842
9	843	844	972	971	843
9	844	845	973	972	844
9	845	846	974	973	845
9	846	847	975	974	846
9	847	848	976	975	847
9	848	849	977	976	848
9	849	850	978	977	849
9	850	851	979	978	850
9	851	852	980	979	851
9	852	853	981	980	852
9	853	854	982	981	853
9	854	855	983	982	854
9	855	856	984	983	855
9	856	857	985	984	856
9	857	858	986	985	857
9	858	859	987	986	858
9	859	860	988	987	859
9	860	861	989	988	860
9	861	862	990	989	861
9	862	863	991	990	862
9	863	864	992	991	863
9	864	865	993	992	864
9	865	866	994	993	865
9	866	867	995	994	866
9	867	868	996	995	867
9	868	869	997	996	868
9	869	870	998	997	869
9	870	871	999	998	870
9	871	872	1000	999	871
9	872	873	1001	1000	872
9	873	874	1002	1001	873
9	874	875	1003	1002	874
9	875	876	1004	1003	875
9	876	877	1005	1004	876
9	877	878	1006	1005	877
9	878	879	1007	1006	878
9	879	880	1008	1007	879
9	880	881	1009	1008	880
9	881	882	1010	1009	881
9	882	883	1011	1010	882
9	883	884	1012	1011	883
9	884	885	1013	1012	884
9	885	886	1014	1013	885
9	886	887	1015	1014	886
9	887	888	1016	1015	887
9	888	889	1017	1016	888
9	889	890	1018	1017	889
9	890	891	1019	1018	890
9	891	892	1020	1019	891
9	892	893	1021	1020	892
9	893	894	1022	1021	893
9	894	895	1023	1022	894
9	895	768	896	1023	895
9	896	897	1025	1024	896
9	897	898	1026	1025	897
9	898	899	1027	1026	898
9	899	900	1028	1027	899
9	900	901	1029	1028	900
9	901	902	1030	1029	901
9	902	903	1031	1030	902
9	903	904	1032	1031	903
9	904	905	1033	1032	904
9	905	906	1034	1033	905
9	906	907	1035	1034	906
9	907	908	1036	1035	907
9	908	909	1037	1036	908
9	909	910	1038	1037	909
9	910	911	1039	1038	910
9	911	912	1040	1039	911
9	912	913	1041	1040	912
9	913	914	1042	1041	913
9	914	915	1043	1042	914
9	915	916	1044	1043	915
9	916	917	1045	1044	916
9	917	918	1046	1045	917
9	918	919	1047	1046	918
9	919	920	1048	1047	919
9	920	921	1049	1048	920
9	921	922	1050	1049	921
9	922	923	1051	1050	922
9	923	924	1052	1051	923
9	924	925	1053	1052	924
9	925	926	1054	1053	925
9	926	927	1055	1054	926
9	927	928	1056	1055	927
9	928	929	1057	1056	928
9	929	930	1058	1057	929
9	930	931	1059	1058	930
9	931	932	1060	1059	931
9	932	933	1061	1060	932
9	933	934	1062	1061	933
9	934	935	1063	1062	934
9	935	936	1064	1063	935
9	936	937	1065	1064	936
9	937	938	1066	1065	937
9	938	939	1067	1066	938
9	939	940	1068	1067	939
9	940	941	1069	1068	940
9	941	942	1070	1069	941
9	942	943	1071	1070	942
9	943	944	1072	1071	943
9	944	945	1073	1072	944
9	945	946	1074	1073	945
9	946	947	1075	1074	946
9	947	948	1076	1075	947
9	948	949	1077	1076	948
9	949	950	1078	1077	949
9	950	951	1079	1078	950
9	951	952	1080	1079	951
9	952	953	1081	1080	952
9	953	954	1082	1081	953
9	954	955	1083	1082	954
9	955	956	1084	1083	955
9	956	957	1085	1084	956
9	957	958	1086	1085	957
9	958	959	1087	1086	958
9	959	960	1088	1087	959
9	960	961	1089	1088	960
9	961	962	1090	1089	961
9	962	963	1091	1090	962
9	963	964	1092	1091	963
9	964	965	1093	1092	964
9	965	966	1094	1093	965
9	966	967	1095	1094	966
9	967	968	1096	1095	967
9	968	969	1097	1096	968
9	969	970	1098	1097	969
9	970	971	1099	1098	970
9	971	972	1100	1099	971
9	972	973	1101	1100	972
9	973	974	1102	1101	973
9	974	975	1103	1102	974
9	975	976	1104	1103	975
9	976	977	1105	1104	976
9	977	978	1106	1105	977
9	978	979	1107	1106	978
9	979	980	1108	1107	979
9	980	981	1109	1108	980
9	981	982	1110	1109	981
9	982	983	1111	1110	982
9	983	984	1112	1111	983
9	984	985	1113	1112	984
9	985	986	1114	1113	985
9	986	987	1115	1114	986
9	987	988	1116	1115	987
9	988	989	1117	1116	988
9	989	990	1118	1117	989
9	990	991	1119	1118	990
9	991	992	1120	1119	991
9	992	993	1121	1120	992
9	993	994	1122	1121	993
9	994	995	1123	1122	994
9	995	996	1124	1123	995
9	996	997	1125	1124	996
9	997	998	1126	1125	997
9	998	999	1127	1126	998
9	999	1000	1128	1127	999
9	1000	1001	1129	1128	1000
9	1001	1002	1130	1129	1001
9	1002	1003	1131	1130	1002
9	1003	1004	1132	1131	1003
9	1004	1005	1133	1132	1004
9	1005	1006	1134	1133	1005
9	1006	1007	1135	1134	1006
9	1007	1008	1136	1135	1007
9	1008	1009	1137	1136	1008
9	1009	1010	1138	1137	1009
9	1010	1011	1139	1138	1010
9	1011	1012	1140	1139	1011
9	1012	1013	1141	1140	1012
9	1013	1014	1142	1141	1013
9	1014	1015	1143	1142	1014
9	1015	1016	1144	1143	1015
9	1016	1017	1145	1144	1016
9	1017	1018	1146	1145	1017
9	1018	1019	1147	1146	1018
9	1019	1020	1148	1147	1019
9	1020	1021	1149	1148	1020
9	1021	1022	1150	1149	1021
9	1022	1023	1151	1150	1022
9	1023	896	1024	1151	1023
9	1024	1025	1153	1152	1024
9	1025	1026	1154	1153	1025
9	1026	1027	1155	1154	1026
9	1027	1028	1156	1155	1027
9	1028	1029	1157	1156	1028
9	1029	1030	1158	1157	1029
9	1030	1031	1159	1158	1030
9	1031	1032	1160	1159	1031
9	1032	1033	1161	1160	1032
9	1033	1034	1162	1161	1033
9	1034	1035	1163	1162	1034
9	1035	1036	1164	1163	1035
9	1036	1037	1165	1164	1036
9	1037	1038	1166	1165	1037
9	1038	1039	1167	1166	1038
9	1039	1040	1168	1167	1039
9	1040	1041	1169	1168	1040
9	1041	1042	1170	1169	1041
9	1042	1043	1171	1170	1042
9	1043	1044	1172	1171	1043
9	1044	1045	1173	1172	1044
9	1045	1046	1174	1173	1045
9	1046	1047	1175	1174	1046
9	1047	1048	1176	1175	1047
9	1048	1049	1177	1176	1048
9	1049	1050	1178	1177	1049
9	1050	1051	1179	1178	1050
9	1051	1052	1180	1179	1051
9	1052	1053	1181	1180	1052
9	1053	1054	1182	1181	1053
9	1054	1055	1183	1182	1054
9	1055	1056	1184	1183	1055
9	1056	1057	1185	1184	1056
9	1057	1058	1186	1185	1057
9	1058	1059	1187	1186	1058
9	1059	1060	1188	1187	1059
9	1060	1061	1189	1188	1060
9	1061	1062	1190	1189	1061
9	1062	1063	1191	1190	1062
9	1063	1064	1192	1191	1063
9	1064	1065	1193	1192	1064
9	1065	1066	1194	1193	1065
9	1066	1067	1195	1194	1066
9	1067	1068	1196	1195	1067
9	1068	1069	1197	1196	1068
9	1069	1070	1198	1197	1069
9	1070	1071	1199	1198	1070
9	1071	1072	1200	1199	1071
9	1072	1073	1201	1200	1072
9	1073	1074	1202	1201	1073
9	1074	1075	1203	1202	1074
9	1075	1076	1204	1203	1075
9	1076	1077	1205	1204	1076
9	1077	1078	1206	1205	1077
9	1078	1079	1207	1206	1078
9	1079	1080	1208	1207	1079
9	1080	1081	1209	1208	1080
9	1081	1082	1210	1209	1081
9	1082	1083	1211	1210	1082
9	1083	1084	1212	1211	1083
9	1084	1085	1213	1212	1084
9	1085	1086	1214	1213	1085
9	1086	1087	1215	1214	1086
9	1087	1088	1216	1215	1087
9	1088	1089	1217	1216	1088
9	1089	1090	1218	1217	1089
9	1090	1091	1219	1218	1090
9	1091	1092	1220	1219	1091
9	1092	1093	1221	1220	1092
9	1093	1094	1222	1221	1093
9	1094	1095	1223	1222	1094
9	1095	1096	1224	1223	1095
9	1096	1097	1225	1224	1096
9	1097	1098	1226	1225	1097
9	1098	1099	1227	1226	1098
9	1099	1100	1228	1227	1099
9	1100	1101	1229	1228	1100
9	1101	1102	1230	1229	1101
9	1102	1103	1231	1230	1102
9	1103	1104	1232	1231	1103
9	1104	1105	1233	1232	1104
9	1105	1106	1234	1233	1105
9	1106	1107	1235	1234	1106
9	1107	1108	1236	1235	1107
9	1108	1109	1237	1236	1108
9	1109	1110	1238	1237	1109
9	1110	1111	1239	1238	1110
9	1111	1112	1240	1239	1111
9	1112	1113	1241	1240	1112
9	1113	1114	1242	1241	1113
9	1114	1115	1243	1242	1114
9	1115	1116	1244	1243	1115
9	1116	1117	1245	1244	1116
9	1117	1118	1246	1245	1117
9	1118	1119	1247	1246	1118
9	1119	1120	1248	1247	1119
9	1120	1121	1249	1248	1120
9	1121	1122	1250	1249	1121
9	1122	1123	1251	1250	1122
9	1123	1124	1252	1251	1123
9	1124	1125	1253	1252	1124
9	1125	1126	1254	1253	1125
9	1126	1127	1255	1254	1126
9	1127	1128	1256	1255	1127
9	1128	1129	1257	1256	1128
9	1129	1130	1258	1257	1129
9	1130	1131	1259	1258	1130
9	1131	1132	1260	1259	1131
9	1132	1133	1261	1260	1132
9	1133	1134	1262	1261	1133
9	1134	1135	1263	1262	1134
9	1135	1136	1264	1263	1135
9	1136	1137	1265	1264	1136
9	1137	1138	1266	1265	1137
9	1138	1139	1267	1266	1138
9	1139	1140	1268	1267	1139
9	1140	1141	1269	1268	1140
9	1141	1142	1270	1269	1141
9	1142	1143	1271	1270	1142
9	1143	1144	1272	1271	1143
9	1144	1145	1273	1272	1144
9	1145	1146	1274	1273	1145
9	1146	1147	1275	1274	1146
9	1147	1148	1276	1275	1147
9	1148	1149	1277	1276	1148
9	1149	1150	1278	1277	1149
9	1150	1151	1279	1278	1150
9	1151	1024	1152	1279	1151
9	1152	1153	1281	1280	1152
9	1153	1154	1282	1281	1153
9	1154	1155	1283	1282	1154
9	1155	1156	1284	1283	1155
9	1156	1157	1285	1284	1156
9	1157	1158	1286	1285	1157
9	1158	1159	1287	1286	1158
9	1159	1160	1288	1287	1159
9	1160	1161	1289	1288	1160
9	1161	1162	1290	1289	1161
9	1162	1163	1291	1290	1162
9	1163	1164	1292	1291	1163
9	1164	1165	1293	1292	1164
9	1165	1166	1294	1293	1165
9	1166	1167	1295	1294	1166
9	1167	1168	1296	1295	1167
9	1168	1169	1297	1296	1168
9	1169	1170	1298	1297	1169
9	1170	1171	1299	1298	1170
9	1171	1172	1300	1299	1171
9	1172	1173	1301	1300	1172
9	1173	1174	1302	1301	1173
9	1174	1175	1303	1302	1174
9	1175	1176	1304	1303	1175
9	1176	1177	1305	1304	1176
9	1177	1178	1306	1305	1177
9	1178	1179	1307	1306	1178
9	1179	1180	1308	1307	1179
9	1180	1181	1309	1308	1180
9	1181	1182	1310	1309	1181
9	1182	1183	1311	1310	1182
9	1183	1184	1312	1311	1183
9	1184	1185	1313	1312	1184
9	1185	1186	1314	1313	1185
9	1186	1187	1315	1314	1186
9	1187	1188	1316	1315	1187
9	1188	1189	1317	1316	1188
9	1189	1190	1318	1317	1189
9	1190	1191	1319	1318	1190
9	1191	1192	1320	1319	1191
9	1192	1193	1321	1320	1192
9	1193	1194	1322	1321	1193
9	1194	1195	1323	1322	1194
9	1195	1196	1324	1323	1195
9	1196	1197	1325	1324	1196
9	1197	1198	1326	1325	1197
9	1198	1199	1327	1326	1198
9	1199	1200	1328	1327	1199
9	1200	1201	1329	1328	1200
9	1201	1202	1330	1329	1201
9	1202	1203	1331	1330	1202
9	1203	1204	1332	1331	1203
9	1204	1205	1333	1332	1204
9	1205	1206	1334	1333	1205
9	1206	1207	1335	1334	1206
9	1207	1208	1336	1335	1207
9	1208	1209	1337	1336	1208
9	1209	1210	1338	1337	1209
9	1210	1211	1339	1338	1210
9	1211	1212	1340	1339	1211
9	1212	1213	1341	1340	1212
9	1213	1214	1342	1341	1213
9	1214	1215	1343	1342	1214
9	1215	1216	1344	1343	1215
9	1216	1217	1345	1344	1216
9	1217	1218	1346	1345	1217
9	1218	1219	1347	1346	1218
9	1219	1220	1348	1347	1219
9	1220	1221	1349	1348	1220
9	1221	1222	1350	1349	1221
9	1222	1223	1351	1350	1222
9	1223	1224	1352	1351	1223
9	1224	1225	1353	1352	1224
9	1225	1226	1354	1353	1225
9	1226	1227	1355	1354	1226
9	1227	1228	1356	1355	1227
9	1228	1229	1357	1356	1228
9	1229	1230	1358	1357	1229
9	1230	1231	1359	1358	1230
9	1231	1232	1360	1359	1231
9	1232	1233	1361	1360	1232
9	1233	1234	1362	1361	1233
9	1234	1235	1363	1362	1234
9	1235	1236	1364	1363	1235
9	1236	1237	1365	1364	1236
9	1237	1238	1366	1365	1237
9	1238	1239	1367	1366	1238
9	1239	1240	1368	1367	1239
9	1240	1241	1369	1368	1240
9	1241	1242	1370	1369	1241
9	1242	1243	1371	1370	1242
9	1243	1244	1372	1371	1243
9	1244	1245	1373	1372	1244
9	1245	1246	1374	1373	1245
9	1246	1247	1375	1374	1246
9	1247	1248	1376	1375	1247
9	1248	1249	1377	1376	1248
9	1249	1250	1378	1377	1249
9	1250	1251	1379	1378	1250
9	1251	1252	1380	1379	1251
9	1252	1253	1381	1380	1252
9	1253	1254	1382	1381	1253
9	1254	1255	1383	1382	1254
9	1255	1256	1384	1383	1255
9	1256	1257	1385	1384	1256
9	1257	1258	1386	1385	1257
9	1258	1259	1387	1386	1258
9	1259	1260	1388	1387	1259
9	1260	1261	1389	1388	1260
9	1261	1262	1390	1389	1261
9	1262	1263	1391	1390	1262
9	1263	1264	1392	1391	1263
9	1264	1265	1393	1392	1264
9	1265	1266	1394	1393	1265
9	1266	1267	1395	1394	1266
9	1267	1268	1396	1395	1267
9	1268	1269	1397	1396	1268
9	1269	1270	1398	1397	1269
9	1270	1271	1399	1398	1270
9	1271	1272	1400	1399	1271
9	1272	1273	1401	1400	1272
9	1273	1274	1402	1401	1273
9	1274	1275	1403	1402	1274
9	1275	1276	1404	1403	1275
9	1276	1277	1405	1404	1276
9	1277	1278	1406	1405	1277
9	1278	1279	1407	1406	1278
9	1279	1152	1280	1407	1279
9	1280	1281	1409	1408	1280
9	1281	1282	1410	1409	1281
9	1282	1283	1411	1410	1282
9	1283	1284	1412	1411	1283
9	1284	1285	1413	1412	1284
9	1285	1286	1414	1413	1285
9	1286	1287	1415	1414	1286
9	1287	1288	1416	1415	1287
9	1288	1289	1417	1416	1288
9	1289	1290	1418	1417	1289
9	1290	1291	1419	1418	1290
9	1291	1292	1420	1419	1291
9	1292	1293	1421	1420	1292
9	1293	1294	1422	1421	1293
9	1294	1295	1423	1422	1294
9	1295	1296	1424	1423	1295
9	1296	1297	1425	1424	1296
9	1297	1298	1426	1425	1297
9	1298	1299	1427	1426	1298
9	1299	1300	1428	1427	1299
9	1300	1301	1429	1428	1300
9	1301	1302	1430	1429	1301
9	1302	1303	1431	1430	1302
9	1303	1304	1432	1431	1303
9	1304	1305	1433	1432	1304
9	1305	1306	1434	1433	1305
9	1306	1307	1435	1434	1306
9	1307	1308	1436	1435	1307
9	1308	1309	1437	1436	1308
9	1309	1310	1438	1437	1309
9	1310	1311	1439	1438	1310
9	1311	1312	1440	1439	1311
9	1312	1313	1441	1440	1312
9	1313	1314	1442	1441	1313
9	1314	1315	1443	1442	1314
9	1315	1316	1444	1443	1315
9	1316	1317	1445	1444	1316
9	1317	1318	1446	1445	1317
9	1318	1319	1447	1446	1318
9	1319	1320	1448	1447	1319
9	1320	1321	1449	1448	1320
9	1321	1322	1450	1449	1321
9	1322	1323	1451	1450	1322
9	1323	1324	1452	1451	1323
9	1324	1325	1453	1452	1324
9	1325	1326	1454	1453	1325
9	1326	1327	1455	1454	1326
9	1327	1328	1456	1455	1327
9	1328	1329	1457	1456	1328
9	1329	1330	1458	1457	1329
9	1330	1331	1459	1458	1330
9	1331	1332	1460	1459	1331
9	1332	1333	1461	1460	1332
9	1333	1334	1462	1461	1333
9	1334	1335	1463	1462	1334
9	1335	1336	1464	1463	1335
9	1336	1337	1465	1464	1336
9	1337	1338	1466	1465	1337
9	1338	1339	1467	1466	1338
9	1339	1340	1468	1467	1339
9	1340	1341	1469	1468	1340
9	1341	1342	1470	1469	1341
9	1342	1343	1471	1470	1342
9	1343	1344	1472	1471	1343
9	1344	1345	1473	1472	1344
9	1345	1346	1474	1473	1345
9	1346	1347	1475	1474	1346
9	1347	1348	1476	1475	1347
9	1348	1349	1477	1476	1348
9	1349	1350	1478	1477	1349
9	1350	1351	1479	1478	1350
9	1351	1352	1480	1479	1351
9	1352	1353	1481	1480	1352
9	1353	1354	1482	1481	1353
9	1354	1355	1483	1482	1354
9	1355	1356	1484	1483	1355
9	1356	1357	1485	1484	1356
9	1357	1358	1486	1485	1357
9	1358	1359	1487	1486	1358
9	1359	1360	1488	1487	1359
9	1360	1361	1489	1488	1360
9	1361	1362	1490	1489	1361
9	1362	1363	1491	1490	1362
9	1363	1364	1492	1491	1363
9	1364	1365	1493	1492	1364
9	1365	1366	1494	1493	1365
9	1366	1367	1495	1494	1366
9	1367	1368	1496	1495	1367
9	1368	1369	1497	1496	1368
9	1369	1370	1498	1497	1369
9	1370	1371	1499	1498	1370
9	1371	1372	1500	1499	1371
9	1372	1373	1501	1500	1372
9	1373	1374	1502	1501	1373
9	1374	1375	1503	1502	1374
9	1375	1376	1504	1503	1375
9	1376	1377	1505	1504	1376
9	1377	1378	1506	1505	1377
9	1378	1379	1507	1506	1378
9	1379	1380	1508	1507	1379
9	1380	1381	1509	1508	1380
9	1381	1382	1510	1509	1381
9	1382	1383	1511	1510	1382
9	1383	1384	1512	1511	1383
9	1384	1385	1513	1512	1384
9	1385	1386	1514	1513	1385
9	1386	1387	1515	1514	1386
9	1387	1388	1516	1515	1387
9	1388	1389	1517	1516	1388
9	1389	1390	1518	1517	1389
9	1390	1391	1519	1518	1390
9	1391	1392	1520	1519	1391
9	1392	1393	1521	1520	1392
9	1393	1394	1522	1521	1393
9	1394	1395	1523	1522	1394
9	1395	1396	1524	1523	1395
9	1396	1397	1525	1524	1396
9	1397	1398	1526	1525	1397
9	1398	1399	1527	1526	1398
9	1399	1400	1528	1527	1399
9	1400	1401	1529	1528	1400
9	1401	1402	1530	1529	1401
9	1402	1403	1531	1530	1402
9	1403	1404	1532	1531	1403
9	1404	1405	1533	1532	1404
9	1405	1406	1534	1533	1405
9	1406	1407	1535	1534	1406
9	1407	1280	1408	1535	1407
9	1408	1409	1537	1536	1408
9	1409	1410	1538	1537	1409
9	1410	1411	1539	1538	1410
9	1411	1412	1540	1539	1411
9	1412	1413	1541	1540	1412
9	1413	1414	1542	1541	1413
9	1414	1415	1543	1542	1414
9	1415	1416	1544	1543	1415
9	1416	1417	1545	1544	1416
9	1417	1418	1546	1545	1417
9	1418	1419	1547	1546	1418
9	1419	1420	1548	1547	1419
9	1420	1421	1549	1548	1420
9	1421	1422	1550	1549	1421
9	1422	1423	1551	1550	1422
9	1423	1424	1552	1551	1423
9	1424	1425	1553	1552	1424
9	1425	1426	1554	1553	1425
9	1426	1427	1555	1554	1426
9	1427	1428	1556	1555	1427
9	1428	1429	1557	1556	1428
9	1429	1430	1558	1557	1429
9	1430	1431	1559	1558	1430
9	1431	1432	1560	1559	1431
9	1432	1433	1561	1560	1432
9	1433	1434	1562	1561	1433
9	1434	1435	1563	1562	1434
9	1435	1436	1564	1563	1435
9	1436	1437	1565	1564	1436
9	1437	1438	1566	1565	1437
9	1438	1439	1567	1566	1438
9	1439	1440	1568	1567	1439
9	1440	1441	1569	1568	1440
9	1441	1442	1570	1569	1441
9	1442	1443	1571	1570	1442
9	1443	1444	1572	1571	1443
9	1444	1445	1573	1572	1444
9	1445	1446	1574	1573	1445
9	1446	1447	1575	1574	1446
9	1447	1448	1576	1575	1447
9	1448	1449	1577	1576	1448
9	1449	1450	1578	1577	1449
9	1450	1451	1579	1578	1450
9	1451	1452	1580	1579	1451
9	1452	1453	1581	1580	1452
9	1453	1454	1582	1581	1453
9	1454	1455	1583	1582	1454
9	1455	1456	1584	1583	1455
9	1456	1457	1585	1584	1456
9	1457	1458	1586	1585	1457
9	1458	1459	1587	1586	1458
9	1459	1460	1588	1587	1459
9	1460	1461	1589	1588	1460
9	1461	1462	1590	1589	1461
9	1462	1463	1591	1590	1462
9	1463	1464	1592	1591	1463
9	1464	1465	1593	1592	1464
9	1465	1466	1594	1593	1465
9	1466	1467	1595	1594	1466
9	1467	1468	1596	1595	1467
9	1468	1469	1597	1596	1468
9	1469	1470	1598	1597	1469
9	1470	1471	1599	1598	1470
9	1471	1472	1600	1599	1471
9	1472	1473	1601	1600	1472
9	1473	1474	1602	1601	1473
9	1474	1475	1603	1602	1474
9	1475	1476	1604	1603	1475
9	1476	1477	1605	1604	1476
9	1477	1478	1606	1605	1477
9	1478	1479	1607	1606	1478
9	1479	1480	1608	1607	1479
9	1480	1481	1609	1608	1480
9	1481	1482	1610	1609	1481
9	1482	1483	1611	1610	1482
9	1483	1484	1612	1611	1483
9	1484	1485	1613	1612	1484
9	1485	1486	1614	1613	1485
9	1486	1487	1615	1614	1486
9	1487	1488	1616	1615	1487
9	1488	1489	1617	1616	1488
9	1489	1490	1618	1617	1489
9	1490	1491	1619	1618	1490
9	1491	1492	1620	1619	1491
9	1492	1493	1621	1620	1492
9	1493	1494	1622	1621	1493
9	1494	1495	1623	1622	1494
9	1495	1496	1624	1623	1495
9	1496	1497	1625	1624	1496
9	1497	1498	1626	1625	1497
9	1498	1499	1627	1626	1498
9	1499	1500	1628	1627	1499
9	1500	1501	1629	1628	1500
9	1501	1502	1630	1629	1501
9	1502	1503	1631	1630	1502
9	1503	1504	1632	1631	1503
9	1504	1505	1633	1632	1504
9	1505	1506	1634	1633	1505
9	1506	1507	1635	1634	1506
9	1507	1508	1636	1635	1507
9	1508	1509	1637	1636	1508
9	1509	1510	1638	1637	1509
9	1510	1511	1639	1638	1510
9	1511	1512	1640	1639	1511
9	1512	1513	1641	1640	1512
9	1513	1514	1642	1641	1513
9	1514	1515	1643	1642	1514
9	1515	1516	1644	1643	1515
9	1516	1517	1645	1644	1516
9	1517	1518	1646	1645	1517
9	1518	1519	1647	1646	1518
9	1519	1520	1648	1647	1519
9	1520	1521	1649	1648	1520
9	1521	1522	1650	1649	1521
9	1522	1523	1651	1650	1522
9	1523	1524	1652	1651	1523
9	1524	1525	1653	1652	1524
9	1525	1526	1654	1653	1525
9	1526	1527	1655	1654	1526
9	1527	1528	1656	1655	1527
9	1528	1529	1657	1656	1528
9	1529	1530	1658	1657	1529
9	1530	1531	1659	1658	1530
9	1531	1532	1660	1659	1531
9	1532	1533	1661	1660	1532
9	1533	1534	1662	1661	1533
9	1534	1535	1663	1662	1534
9	1535	1408	1536	1663	1535
9	1536	1537	1665	1664	1536
9	1537	1538	1666	1665	1537
9	1538	1539	1667	1666	1538
9	1539	1540	1668	1667	1539
9	1540	1541	1669	1668	1540
9	1541	1542	1670	1669	1541
9	1542	1543	1671	1670	1542
9	1543	1544	1672	1671	1543
9	1544	1545	1673	1672	1544
9	1545	1546	1674	1673	1545
9	1546	1547	1675	1674	1546
9	1547	1548	1676	1675	1547
9	1548	1549	1677	1676	1548
9	1549	1550	1678	1677	1549
9	1550	1551	1679	1678	1550
9	1551	1552	1680	1679	1551
9	1552	1553	1681	1680	1552
9	1553	1554	1682	1681	1553
9	1554	1555	1683	1682	1554
9	1555	1556	1684	1683	1555
9	1556	1557	1685	1684	1556
9	1557	1558	1686	1685	1557
9	1558	1559	1687	1686	1558
9	1559	1560	1688	1687	1559
9	1560	1561	1689	1688	1560
9	1561	1562	1690	1689	1561
9	1562	1563	1691	1690	1562
9	1563	1564	1692	1691	1563
9	1564	1565	1693	1692	1564
9	1565	1566	1694	1693	1565
9	1566	1567	1695	1694	1566
9	1567	1568	1696	1695	1567
9	1568	1569	1697	1696	1568
9	1569	1570	1698	1697	1569
9	1570	1571	1699	1698	1570
9	1571	1572	1700	1699	1571
9	1572	1573	1701	1700	1572
9	1573	1574	1702	1701	1573
9	1574	1575	1703	1702	1574
9	1575	1576	1704	1703	1575
9	1576	1577	1705	1704	1576
9	1577	1578	1706	1705	1577
9	1578	1579	1707	1706	1578
9	1579	1580	1708	1707	1579
9	1580	1581	1709	1708	1580
9	1581	1582	1710	1709	1581
9	1582	1583	1711	1710	1582
9	1583	1584	1712	1711	1583
9	1584	1585	1713	1712	1584
9	1585	1586	1714	1713	1585
9	1586	1587	1715	1714	1586
9	1587	1588	1716	1715	1587
9	1588	1589	1717	1716	1588
9	1589	1590	1718	1717	1589
9	1590	1591	1719	1718	1590
9	1591	1592	1720	1719	1591
9	1592	1593	1721	1720	1592
9	1593	1594	1722	1721	1593
9	1594	1595	1723	1722	1594
9	1595	1596	1724	1723	1595
9	1596	1597	1725	1724	1596
9	1597	1598	1726	1725	1597
9	1598	1599	1727	1726	1598
9	1599	1600	1728	1727	1599
9	1600	1601	1729	1728	1600
9	1601	1602	1730	1729	1601
9	1602	1603	1731	1730	1602
9	1603	1604	1732	1731	1603
9	1604	1605	1733	1732	1604
9	1605	1606	1734	1733	1605
9	1606	1607	1735	1734	1606
9	1607	1608	1736	1735	1607
9	1608	1609	1737	1736	1608
9	1609	1610	1738	1737	1609
9	1610	1611	1739	1738	1610
9	1611	1612	1740	1739	1611
9	1612	1613	1741	1740	1612
9	1613	1614	1742	1741	1613
9	1614	1615	1743	1742	1614
9	1615	1616	1744	1743	1615
9	1616	1617	1745	1744	1616
9	1617	1618	1746	1745	1617
9	1618	1619	1747	1746	1618
9	1619	1620	1748	1747	1619
9	1620	1621	1749	1748	1620
9	1621	1622	1750	1749	1621
9	1622	1623	1751	1750	1622
9	1623	1624	1752	1751	1623
9	1624	1625	1753	1752	1624
9	1625	1626	1754	1753	1625
9	1626	1627	1755	1754	1626
9	1627	1628	1756	1755	1627
9	1628	1629	1757	1756	1628
9	1629	1630	1758	1757	1629
9	1630	1631	1759	1758	1630
9	1631	1632	1760	1759	1631
9	1632	1633	1761	1760	1632
9	1633	1634	1762	1761	1633
9	1634	1635	1763	1762	1634
9	1635	1636	1764	1763	1635
9	1636	1637	1765	1764	1636
9	1637	1638	1766	1765	1637
9	1638	1639	1767	1766	1638
9	1639	1640	1768	1767	1639
9	1640	1641	1769	1768	1640
9	1641	1642	1770	1769	1641
9	1642	1643	1771	1770	1642
9	1643	1644	1772	1771	1643
9	1644	1645	1773	1772	1644
9	1645	1646	1774	1773	1645
9	1646	1647	1775	1774	1646
9	1647	1648	1776	1775	1647
9	1648	1649	1777	1776	1648
9	1649	1650	1778	1777	1649
9	1650	1651	1779	1778	1650
9	1651	1652	1780	1779	1651
9	1652	1653	1781	1780	1652
9	1653	1654	1782	1781	1653
9	1654	1655	1783	1782	1654
9	1655	1656	1784	1783	1655
9	1656	1657	1785	1784	1656
9	1657	1658	1786	1785	1657
9	1658	1659	1787	1786	1658
9	1659	1660	1788	1787	1659
9	1660	1661	1789	1788	1660
9	1661	1662	1790	1789	1661
9	1662	1663	1791	1790	1662
9	1663	1536	1664	1791	1663
9	1664	1665	1793	1792	1664
9	1665	1666	1794	1793	1665
9	1666	1667	1795	1794	1666
9	1667	1668	1796	1795	1667
9	1668	1669	1797	1796	1668
9	1669	1670	1798	1797	1669
9	1670	1671	1799	1798	1670
9	1671	1672	1800	1799	1671
9	1672	1673	1801	1800	1672
9	1673	1674	1802	1801	1673
9	1674	1675	1803	1802	1674
9	1675	1676	1804	1803	1675
9	1676	1677	1805	1804	1676
9	1677	1678	1806	1805	1677
9	1678	1679	1807	1806	1678
9	1679	1680	1808	1807	1679
9	1680	1681	1809	1808	1680
9	1681	1682	1810	1809	1681
9	1682	1683	1811	1810	1682
9	1683	1684	1812	1811	1683
9	1684	1685	1813	1812	1684
9	1685	1686	1814	1813	1685
9	1686	1687	1815	1814	1686
9	1687	1688	1816	1815	1687
9	1688	1689	1817	1816	1688
9	1689	1690	1818	1817	1689
9	1690	1691	1819	1818	1690
9	1691	1692	1820	1819	1691
9	1692	1693	1821	1820	1692
9	1693	1694	1822	1821	1693
9	1694	1695	1823	1822	1694
9	1695	1696	1824	1823	1695
9	1696	1697	1825	1824	1696
9	1697	1698	1826	1825	1697
9	1698	1699	1827	1826	1698
9	1699	1700	1828	1827	1699
9	1700	1701	1829	1828	1700
9	1701	1702	1830	1829	1701
9	1702	1703	1831	1830	1702
9	1703	1704	1832	1831	1703
9	1704	1705	1833	1832	1704
9	1705	1706	1834	1833	1705
9	1706	1707	1835	1834	1706
9	1707	1708	1836	1835	1707
9	1708	1709	1837	1836	1708
9	1709	1710	1838	1837	1709
9	1710	1711	1839	1838	1710
9	1711	1712	1840	1839	1711
9	1712	1713	1841	1840	1712
9	1713	1714	1842	1841	1713
9	1714	1715	1843	1842	1714
9	1715	1716	1844	1843	1715
9	1716	1717	1845	1844	1716
9	1717	1718	1846	1845	1717
9	1718	1719	1847	1846	1718
9	1719	1720	1848	1847	1719
9	1720	1721	1849	1848	1720
9	1721	1722	1850	1849	1721
9	1722	1723	1851	1850	1722
9	1723	1724	1852	1851	1723
9	1724	1725	1853	1852	1724
9	1725	1726	1854	1853	1725
9	1726	1727	1855	1854	1726
9	1727	1728	1856	1855	1727
9	1728	1729	1857	1856	1728
9	1729	1730	1858	1857	1729
9	1730	1731	1859	1858	1730
9	1731	1732	1860	1859	1731
9	1732	1733	1861	1860	1732
9	1733	1734	1862	1861	1733
9	1734	1735	1863	1862	1734
9	1735	1736	1864	1863	1735
9	1736	1737	1865	1864	1736
9	1737	1738	1866	1865	1737
9	1738	1739	1867	1866	1738
9	1739	1740	1868	1867	1739
9	1740	1741	1869	1868	1740
9	1741	1742	1870	1869	1741
9	1742	1743	1871	1870	1742
9	1743	1744	1872	1871	1743
9	1744	1745	1873	1872	1744
9	1745	1746	1874	1873	1745
9	1746	1747	1875	1874	1746
9	1747	1748	1876	1875	1747
9	1748	1749	1877	1876	1748
9	1749	1750	1878	1877	1749
9	1750	1751	1879	1878	1750
9	1751	1752	1880	1879	1751
9	1752	1753	1881	1880	1752
9	1753	1754	1882	1881	1753
9	1754	1755	1883	1882	1754
9	1755	1756	1884	1883	1755
9	1756	1757	1885	1884	1756
9	1757	1758	1886	1885	1757
9	1758	1759	1887	1886	1758
9	1759	1760	1888	1887	1759
9	1760	1761	1889	1888	1760
9	1761	1762	1890	1889	1761
9	1762	1763	1891	1890	1762
9	1763	1764	1892	1891	1763
9	1764	1765	1893	1892	1764
9	1765	1766	1894	1893	1765
9	1766	1767	1895	1894	1766
9	1767	1768	1896	1895	1767
9	1768	1769	1897	1896	1768
9	1769	1770	1898	1897	1769
9	1770	1771	1899	1898	1770
9	1771	1772	1900	1899	1771
9	1772	1773	1901	1900	1772
9	1773	1774	1902	1901	1773
9	1774	1775	1903	1902	1774
9	1775	1776	1904	1903	1775
9	1776	1777	1905	1904	1776
9	1777	1778	1906	1905	1777
9	1778	1779	1907	1906	1778
9	1779	1780	1908	1907	1779
9	1780	1781	1909	1908	1780
9	1781	1782	1910	1909	1781
9	1782	1783	1911	1910	1782
9	1783	1784	1912	1911	1783
9	1784	1785	1913	1912	1784
9	1785	1786	1914	1913	1785
9	1786	1787	1915	1914	1786
9	1787	1788	1916	1915	1787
9	1788	1789	1917	1916	1788
9	1789	1790	1918	1917	1789
9	1790	1791	1919	1918	1790
9	1791	1664	1792	1919	1791
9	1792	1793	1921	1920	1792
9	1793	1794	1922	1921	1793
9	1794	1795	1923	1922	1794
9	1795	1796	1924	1923	1795
9	1796	1797	1925	1924	1796
9	1797	1798	1926	1925	1797
9	1798	1799	1927	1926	1798
9	1799	1800	1928	1927	1799
9	1800	1801	1929	1928	1800
9	1801	1802	1930	1929	1801
9	1802	1803	1931	1930	1802
9	1803	1804	1932	1931	1803
9	1804	1805	1933	1932	1804
9	1805	1806	1934	1933	1805
9	1806	1807	1935	1934	1806
9	1807	1808	1936	1935	1807
9	1808	1809	1937	1936	1808
9	1809	1810	1938	1937	1809
9	1810	1811	1939	1938	1810
9	1811	1812	1940	1939	1811
9	1812	1813	1941	1940	1812
9	1813	1814	1942	1941	1813
9	1814	1815	1943	1942	1814
9	1815	1816	1944	1943	1815
9	1816	1817	1945	1944	1816
9	1817	1818	1946	1945	1817
9	1818	1819	1947	1946	1818
9	1819	1820	1948	1947	1819
9	1820	1821	1949	1948	1820
9	1821	1822	1950	1949	1821
9	1822	1823	1951	1950	1822
9	1823	1824	1952	1951	1823
9	1824	1825	1953	1952	1824
9	1825	1826	1954	1953	1825
9	1826	1827	1955	1954	1826
9	1827	1828	1956	1955	1827
9	1828	1829	1957	1956	1828
9	1829	1830	1958	1957	1829
9	1830	1831	1959	1958	1830
9	1831	1832	1960	1959	1831
9	1832	1833	1961	1960	1832
9	1833	1834	1962	1961	1833
9	1834	1835	1963	1962	1834
9	1835	1836	1964	1963	1835
9	1836	1837	1965	1964	1836
9	1837	1838	1966	1965	1837
9	1838	1839	1967	1966	1838
9	1839	1840	1968	1967	1839
9	1840	1841	1969	1968	1840
9	1841	1842	1970	1969	1841
9	1842	1843	1971	1970	1842
9	1843	1844	1972	1971	1843
9	1844	1845	1973	1972	1844
9	1845	1846	1974	1973	1845
9	1846	1847	1975	1974	1846
9	1847	1848	1976	1975	1847
9	1848	1849	1977	1976	1848
9	1849	1850	1978	1977	1849
9	1850	1851	1979	1978	1850
9	1851	1852	1980	1979	1851
9	1852	1853	1981	1980	1852
9	1853	1854	1982	1981	1853
9	1854	1855	1983	1982	1854
9	1855	1856	1984	1983	1855
9	1856	1857	1985	1984	1856
9	1857	1858	1986	1985	1857
9	1858	1859	1987	1986	1858
9	1859	1860	1988	1987	1859
9	1860	1861	1989	1988	1860
9	1861	1862	1990	1989	1861
9	1862	1863	1991	1990	1862
9	1863	1864	1992	1991	1863
9	1864	1865	1993	1992	1864
9	1865	1866	1994	1993	1865
9	1866	1867	1995	1994	1866
9	1867	1868	1996	1995	1867
9	1868	1869	1997	1996	1868
9	1869	1870	1998	1997	1869
9	1870	1871	1999	1998	1870
9	1871	1872	2000	1999	1871
9	1872	1873	2001	2000	1872
9	1873	1874	2002	2001	1873
9	1874	1875	2003	2002	1874
9	1875	1876	2004	2003	1875
9	1876	1877	2005	2004	1876
9	1877	1878	2006	2005	1877
9	1878	1879	2007	2006	1878
9	1879	1880	2008	2007	1879
9	1880	1881	2009	2008	1880
9	1881	1882	2010	2009	1881
9	1882	1883	2011	2010	1882
9	1883	1884	2012	2011	1883
9	1884	1885	2013	2012	1884
9	1885	1886	2014	2013	1885
9	1886	1887	2015	2014	1886
9	1887	1888	2016	2015	1887
9	1888	1889	2017	2016	1888
9	1889	1890	2018	2017	1889
9	1890	1891	2019	2018	1890
9	1891	1892	2020	2019	1891
9	1892	1893	2021	2020	1892
9	1893	1894	2022	2021	1893
9	1894	1895	2023	2022	1894
9	1895	1896	2024	2023	1895
9	1896	1897	2025	2024	1896
9	1897	1898	2026	2025	1897
9	1898	1899	2027	2026	1898
9	1899	1900	2028	2027	1899
9	1900	1901	2029	2028	1900
9	1901	1902	2030	2029	1901
9	1902	1903	2031	2030	1902
9	1903	1904	2032	2031	1903
9	1904	1905	2033	2032	1904
9	1905	1906	2034	2033	1905
9	1906	1907	2035	2034	1906
9	1907	1908	2036	2035	1907
9	1908	1909	2037	2036	1908
9	1909	1910	2038	2037	1909
9	1910	1911	2039	2038	1910
9	1911	1912	2040	2039	1911
9	1912	1913	2041	2040	1912
9	1913	1914	2042	2041	1913
9	1914	1915	2043	2042	1914
9	1915	1916	2044	2043	1915
9	1916	1917	2045	2044	1916
9	1917	1918	2046	2045	1917
9	1918	1919	2047	2046	1918
9	1919	1792	1920	2047	1919
9	1920	1921	2049	2048	1920
9	1921	1922	2050	2049	1921
9	1922	1923	2051	2050	1922
9	1923	1924	2052	2051	1923
9	1924	1925	2053	2052	1924
9	1925	1926	2054	2053	1925
9	1926	1927	2055	2054	1926
9	1927	1928	2056	2055	1927
9	1928	1929	2057	2056	1928
9	1929	1930	2058	2057	1929
9	1930	1931	2059	2058	1930
9	1931	1932	2060	2059	1931
9	1932	1933	2061	2060	1932
9	1933	1934	2062	2061	1933
9	1934	1935	2063	2062	1934
9	1935	1936	2064	2063	1935
9	1936	1937	2065	2064	1936
9	1937	1938	2066	2065	1937
9	1938	1939	2067	2066	1938
9	1939	1940	2068	2067	1939
9	1940	1941	2069	2068	1940
9	1941	1942	2070	2069	1941
9	1942	1943	2071	2070	1942
9	1943	1944	2072	2071	1943
9	1944	1945	2073	2072	1944
9	1945	1946	2074	2073	1945
9	1946	1947	2075	2074	1946
9	1947	1948	2076	2075	1947
9	1948	1949	2077	2076	1948
9	1949	1950	2078	2077	1949
9	1950	1951	2079	2078	1950
9	1951	1952	2080	2079	1951
9	1952	1953	2081	2080	1952
9	1953	1954	2082	2081	1953
9	1954	1955	2083	2082	1954
9	1955	1956	2084	2083	1955
9	1956	1957	2085	2084	1956
9	1957	1958	2086	2085	1957
9	1958	1959	2087	2086	1958
9	1959	1960	2088	2087	1959
9	1960	1961	2089	2088	1960
9	1961	1962	2090	2089	1961
9	1962	1963	2091	2090	1962
9	1963	1964	2092	2091	1963
9	1964	1965	2093	2092	1964
9	1965	1966	2094	2093	1965
9	1966	1967	2095	2094	1966
9	1967	1968	2096	2095	1967
9	1968	1969	2097	2096	1968
9	1969	1970	2098	2097	1969
9	1970	1971	2099	2098	1970
9	1971	1972	2100	2099	1971
9	1972	1973	2101	2100	1972
9	1973	1974	2102	2101	1973
9	1974	1975	2103	2102	1974
9	1975	1976	2104	2103	1975
9	1976	1977	2105	2104	1976
9	1977	1978	2106	2105	1977
9	1978	1979	2107	2106	1978
9	1979	1980	2108	2107	1979
9	1980	1981	2109	2108	1980
9	1981	1982	2110	2109	1981
9	1982	1983	2111	2110	1982
9	1983	1984	2112	2111	1983
9	1984	1985	2113	2112	1984
9	1985	1986	2114	2113	1985
9	1986	1987	2115	2114	1986
9	1987	1988	2116	2115	1987
9	1988	1989	2117	2116	1988
9	1989	1990	2118	2117	1989
9	1990	1991	2119	2118	1990
9	1991	1992	2120	2119	1991
9	1992	1993	2121	2120	1992
9	1993	1994	2122	2121	1993
9	1994	1995	2123	2122	1994
9	1995	1996	2124	2123	1995
9	1996	1997	2125	2124	1996
9	1997	1998	2126	2125	1997
9	1998	1999	2127	2126	1998
9	1999	2000	2128	2127	1999
9	2000	2001	2129	2128	2000
9	2001	2002	2130	2129	2001
9	2002	2003	2131	2130	2002
9	2003	2004	2132	2131	2003
9	2004	2005	2133	2132	2004
9	2005	2006	2134	2133	2005
9	2006	2007	2135	2134	2006
9	2007	2008	2136	2135	2007
9	2008	2009	2137	2136	2008
9	2009	2010	2138	2137	2009
9	2010	2011	2139	2138	2010
9	2011	2012	2140	2139	2011
9	2012	2013	2141	2140	2012
9	2013	2014	2142	2141	2013
9	2014	2015	2143	2142	2014
9	2015	2016	2144	2143	2015
9	2016	2017	2145	2144	2016
9	2017	2018	2146	2145	2017
9	2018	2019	2147	2146	2018
9	2019	2020	2148	2147	2019
9	2020	2021	2149	2148	2020
9	2021	2022	2150	2149	2021
9	2022	2023	2151	2150	2022
9	2023	2024	2152	2151	2023
9	2024	2025	2153	2152	2024
9	2025	2026	2154	2153	2025
9	2026	2027	2155	2154	2026
9	2027	2028	2156	2155	2027
9	2028	2029	2157	2156	2028
9	2029	2030	2158	2157	2029
9	2030	2031	2159	2158	2030
9	2031	2032	2160	2159	2031
9	2032	2033	2161	2160	2032
9	2033	2034	2162	2161	2033
9	2034	2035	2163	2162	2034
9	2035	2036	2164	2163	2035
9	2036	2037	2165	2164	2036
9	2037	2038	2166	2165	2037
9	2038	2039	2167	2166	2038
9	2039	2040	2168	2167	2039
9	2040	2041	2169	2168	2040
9	2041	2042	2170	2169	2041
9	2042	2043	2171	2170	2042
9	2043	2044	2172	2171	2043
9	2044	2045	2173	2172	2044
9	2045	2046	2174	2173	2045
9	2046	2047	2175	2174	2046
9	2047	1920	2048	2175	2047
9	2048	2049	2177	2176	2048
9	2049	2050	2178	2177	2049
9	2050	2051	2179	2178	2050
9	2051	2052	2180	2179	2051
9	2052	2053	2181	2180	2052
9	2053	2054	2182	2181	2053
9	2054	2055	2183	2182	2054
9	2055	2056	2184	2183	2055
9	2056	2057	2185	2184	2056
9	2057	2058	2186	2185	2057
9	2058	2059	2187	2186	2058
9	2059	2060	2188	2187	2059
9	2060	2061	2189	2188	2060
9	2061	2062	2190	2189	2061
9	2062	2063	2191	2190	2062
9	2063	2064	2192	2191	2063
9	2064	2065	2193	2192	2064
9	2065	2066	2194	2193	2065
9	2066	2067	2195	2194	2066
9	2067	2068	2196	2195	2067
9	2068	2069	2197	2196	2068
9	2069	2070	2198	2197	2069
9	2070	2071	2199	2198	2070
9	2071	2072	2200	2199	2071
9	2072	2073	2201	2200	2072
9	2073	2074	2202	2201	2073
9	2074	2075	2203	2202	2074
9	2075	2076	2204	2203	2075
9	2076	2077	2205	2204	2076
9	2077	2078	2206	2205	2077
9	2078	2079	2207	2206	2078
9	2079	2080	2208	2207	2079
9	2080	2081	2209	2208	2080
9	2081	2082	2210	2209	2081
9	2082	2083	2211	2210	2082
9	2083	2084	2212	2211	2083
9	2084	2085	2213	2212	2084
9	2085	2086	2214	2213	2085
9	2086	2087	2215	2214	2086
9	2087	2088	2216	2215	2087
9	2088	2089	2217	2216	2088
9	2089	2090	2218	2217	2089
9	2090	2091	2219	2218	2090
9	2091	2092	2220	2219	2091
9	2092	2093	2221	2220	2092
9	2093	2094	2222	2221	2093
9	2094	2095	2223	2222	2094
9	2095	2096	2224	2223	2095
9	2096	2097	2225	2224	2096
9	2097	2098	2226	2225	2097
9	2098	2099	2227	2226	2098
9	2099	2100	2228	2227	2099
9	2100	2101	2229	2228	2100
9	2101	2102	2230	2229	2101
9	2102	2103	2231	2230	2102
9	2103	2104	2232	2231	2103
9	2104	2105	2233	2232	2104
9	2105	2106	2234	2233	2105
9	2106	2107	2235	2234	2106
9	2107	2108	2236	2235	2107
9	2108	2109	2237	2236	2108
9	2109	2110	2238	2237	2109
9	2110	2111	2239	2238	2110
9	2111	2112	2240	2239	2111
9	2112	2113	2241	2240	2112
9	2113	2114	2242	2241	2113
9	2114	2115	2243	2242	2114
9	2115	2116	2244	2243	2115
9	2116	2117	2245	2244	2116
9	2117	2118	2246	2245	2117
9	2118	2119	2247	2246	2118
9	2119	2120	2248	2247	2119
9	2120	2121	2249	2248	2120
9	2121	2122	2250	2249	2121
9	2122	2123	2251	2250	2122
9	2123	2124	2252	2251	2123
9	2124	2125	2253	2252	2124
9	2125	2126	2254	2253	2125
9	2126	2127	2255	2254	2126
9	2127	2128	2256	2255	2127
9	2128	2129	2257	2256	2128
9	2129	2130	2258	2257	2129
9	2130	2131	2259	2258	2130
9	2131	2132	2260	2259	2131
9	2132	2133	2261	2260	2132
9	2133	2134	2262	2261	2133
9	2134	2135	2263	2262	2134
9	2135	2136	2264	2263	2135
9	2136	2137	2265	2264	2136
9	2137	2138	2266	2265	2137
9	2138	2139	2267	2266	2138
9	2139	2140	2268	2267	2139
9	2140	2141	2269	2268	2140
9	2141	2142	2270	2269	2141
9	2142	2143	2271	2270	2142
9	2143	2144	2272	2271	2143
9	2144	2145	2273	2272	2144
9	2145	2146	2274	2273	2145
9	2146	2147	2275	2274	2146
9	2147	2148	2276	2275	2147
9	2148	2149	2277	2276	2148
9	2149	2150	2278	2277	2149
9	2150	2151	2279	2278	2150
9	2151	2152	2280	2279	2151
9	2152	2153	2281	2280	2152
9	2153	2154	2282	2281	2153
9	2154	2155	2283	2282	2154
9	2155	2156	2284	2283	2155
9	2156	2157	2285	2284	2156
9	2157	2158	2286	2285	2157
9	2158	2159	2287	2286	2158
9	2159	2160	2288	2287	2159
9	2160	2161	2289	2288	2160
9	2161	2162	2290	2289	2161
9	2162	2163	2291	2290	2162
9	2163	2164	2292	2291	2163
9	2164	2165	2293	2292	2164
9	2165	2166	2294	2293	2165
9	2166	2167	2295	2294	2166
9	2167	2168	2296	2295	2167
9	2168	2169	2297	2296	2168
9	2169	2170	2298	2297	2169
9	2170	2171	2299	2298	2170
9	2171	2172	2300	2299	2171
9	2172	2173	2301	2300	2172
9	2173	2174	2302	2301	2173
9	2174	2175	2303	2302	2174
9	2175	2048	2176	2303	2175
9	2176	2177	2305	2304	2176
9	2177	2178	2306	2305	2177
9	2178	2179	2307	2306	2178
9	2179	2180	2308	2307	2179
9	2180	2181	2309	2308	2180
9	2181	2182	2310	2309	2181
9	2182	2183	2311	2310	2182
9	2183	2184	2312	2311	2183
9	2184	2185	2313	2312	2184
9	2185	2186	2314	2313	2185
9	2186	2187	2315	2314	2186
9	2187	2188	2316	2315	2187
9	2188	2189	2317	2316	2188
9	2189	2190	2318	2317	2189
9	2190	2191	2319	2318	2190
9	2191	2192	2320	2319	2191
9	2192	2193	2321	2320	2192
9	2193	2194	2322	2321	2193
9	2194	2195	2323	2322	2194
9	2195	2196	2324	2323	2195
9	2196	2197	2325	2324	2196
9	2197	2198	2326	2325	2197
9	2198	2199	2327	2326	2198
9	2199	2200	2328	2327	2199
9	2200	2201	2329	2328	2200
9	2201	2202	2330	2329	2201
9	2202	2203	2331	2330	2202
9	2203	2204	2332	2331	2203
9	2204	2205	2333	2332	2204
9	2205	2206	2334	2333	2205
9	2206	2207	2335	2334	2206
9	2207	2208	2336	2335	2207
9	2208	2209	2337	2336	2208
9	2209	2210	2338	2337	2209
9	2210	2211	2339	2338	2210
9	2211	2212	2340	2339	2211
9	2212	2213	2341	2340	2212
9	2213	2214	2342	2341	2213
9	2214	2215	2343	2342	2214
9	2215	2216	2344	2343	2215
9	2216	2217	2345	2344	2216
9	2217	2218	2346	2345	2217
9	2218	2219	2347	2346	2218
9	2219	2220	2348	2347	2219
9	2220	2221	2349	2348	2220
9	2221	2222	2350	2349	2221
9	2222	2223	2351	2350	2222
9	2223	2224	2352	2351	2223
9	2224	2225	2353	2352	2224
9	2225	2226	2354	2353	2225
9	2226	2227	2355	2354	2226
9	2227	2228	2356	2355	2227
9	2228	2229	2357	2356	2228
9	2229	2230	2358	2357	2229
9	2230	2231	2359	2358	2230
9	2231	2232	2360	2359	2231
9	2232	2233	2361	2360	2232
9	2233	2234	2362	2361	2233
9	2234	2235	2363	2362	2234
9	2235	2236	2364	2363	2235
9	2236	2237	2365	2364	2236
9	2237	2238	2366	2365	2237
9	2238	2239	2367	2366	2238
9	2239	2240	2368	2367	2239
9	2240	2241	2369	2368	2240
9	2241	2242	2370	2369	2241
9	2242	2243	2371	2370	2242
9	2243	2244	2372	2371	2243
9	2244	2245	2373	2372	2244
9	2245	2246	2374	2373	2245
9	2246	2247	2375	2374	2246
9	2247	2248	2376	2375	2247
9	2248	2249	2377	2376	2248
9	2249	2250	2378	2377	2249
9	2250	2251	2379	2378	2250
9	2251	2252	2380	2379	2251
9	2252	2253	2381	2380	2252
9	2253	2254	2382	2381	2253
9	2254	2255	2383	2382	2254
9	2255	2256	2384	2383	2255
9	2256	2257	2385	2384	2256
9	2257	2258	2386	2385	2257
9	2258	2259	2387	2386	2258
9	2259	2260	2388	2387	2259
9	2260	2261	2389	2388	2260
9	2261	2262	2390	2389	2261
9	2262	2263	2391	2390	2262
9	2263	2264	2392	2391	2263
9	2264	2265	2393	2392	2264
9	2265	2266	2394	2393	2265
9	2266	2267	2395	2394	2266
9	2267	2268	2396	2395	2267
9	2268	2269	2397	2396	2268
9	2269	2270	2398	2397	2269
9	2270	2271	2399	2398	2270
9	2271	2272	2400	2399	2271
9	2272	2273	2401	2400	2272
9	2273	2274	2402	2401	2273
9	2274	2275	2403	2402	2274
9	2275	2276	2404	2403	2275
9	2276	2277	2405	2404	2276
9	2277	2278	2406	2405	2277
9	2278	2279	2407	2406	2278
9	2279	2280	2408	2407	2279
9	2280	2281	2409	2408	2280
9	2281	2282	2410	2409	2281
9	2282	2283	2411	2410	2282
9	2283	2284	2412	2411	2283
9	2284	2285	2413	2412	2284
9	2285	2286	2414	2413	2285
9	2286	2287	2415	2414	2286
9	2287	2288	2416	2415	2287
9	2288	2289	2417	2416	2288
9	2289	2290	2418	2417	2289
9	2290	2291	2419	2418	2290
9	2291	2292	2420	2419	2291
9	2292	2293	2421	2420	2292
9	2293	2294	2422	2421	2293
9	2294	2295	2423	2422	2294
9	2295	2296	2424	2423	2295
9	2296	2297	2425	2424	2296
9	2297	2298	2426	2425	2297
9	2298	2299	2427	2426	2298
9	2299	2300	2428	2427	2299
9	2300	2301	2429	2428	2300
9	2301	2302	2430	2429	2301
9	2302	2303	2431	2430	2302
9	2303	2176	2304	2431	2303
9	2304	2305	2433	2432	2304
9	2305	2306	2434	2433	2305
9	2306	2307	2435	2434	2306
9	2307	2308	2436	2435	2307
9	2308	2309	2437	2436	2308
9	2309	2310	2438	2437	2309
9	2310	2311	2439	2438	2310
9	2311	2312	2440	2439	2311
9	2312	2313	2441	2440	2312
9	2313	2314	2442	2441	2313
9	2314	2315	2443	2442	2314
9	2315	2316	2444	2443	2315
9	2316	2317	2445	2444	2316
9	2317	2318	2446	2445	2317
9	2318	2319	2447	2446	2318
9	2319	2320	2448	2447	2319
9	2320	2321	2449	2448	2320
9	2321	2322	2450	2449	2321
9	2322	2323	2451	2450	2322
9	2323	2324	2452	2451	2323
9	2324	2325	2453	2452	2324
9	2325	2326	2454	2453	2325
9	2326	2327	2455	2454	2326
9	2327	2328	2456	2455	2327
9	2328	2329	2457	2456	2328
9	2329	2330	2458	2457	2329
9	2330	2331	2459	2458	2330
9	2331	2332	2460	2459	2331
9	2332	2333	2461	2460	2332
9	2333	2334	2462	2461	2333
9	2334	2335	2463	2462	2334
9	2335	2336	2464	2463	2335
9	2336	2337	2465	2464	2336
9	2337	2338	2466	2465	2337
9	2338	2339	2467	2466	2338
9	2339	2340	2468	2467	2339
9	2340	2341	2469	2468	2340
9	2341	2342	2470	2469	2341
9	2342	2343	2471	2470	2342
9	2343	2344	2472	2471	2343
9	2344	2345	2473	2472	2344
9	2345	2346	2474	2473	2345
9	2346	2347	2475	2474	2346
9	2347	2348	2476	2475	2347
9	2348	2349	2477	2476	2348
9	2349	2350	2478	2477	2349
9	2350	2351	2479	2478	2350
9	2351	2352	2480	2479	2351
9	2352	2353	2481	2480	2352
9	2353	2354	2482	2481	2353
9	2354	2355	2483	2482	2354
9	2355	2356	2484	2483	2355
9	2356	2357	2485	2484	2356
9	2357	2358	2486	2485	2357
9	2358	2359	2487	2486	2358
9	2359	2360	2488	2487	2359
9	2360	2361	2489	2488	2360
9	2361	2362	2490	2489	2361
9	2362	2363	2491	2490	2362
9	2363	2364	2492	2491	2363
9	2364	2365	2493	2492	2364
9	2365	2366	2494	2493	2365
9	2366	2367	2495	2494	2366
9	2367	2368	2496	2495	2367
9	2368	2369	2497	2496	2368
9	2369	2370	2498	2497	2369
9	2370	2371	2499	2498	2370
9	2371	2372	2500	2499	2371
9	2372	2373	2501	2500	2372
9	2373	2374	2502	2501	2373
9	2374	2375	2503	2502	2374
9	2375	2376	2504	2503	2375
9	2376	2377	2505	2504	2376
9	2377	2378	2506	2505	2377
9	2378	2379	2507	2506	2378
9	2379	2380	2508	2507	2379
9	2380	2381	2509	2508	2380
9	2381	2382	2510	2509	2381
9	2382	2383	2511	2510	2382
9	2383	2384	2512	2511	2383
9	2384	2385	2513	2512	2384
9	2385	2386	2514	2513	2385
9	2386	2387	2515	2514	2386
9	2387	2388	2516	2515	2387
9	2388	2389	2517	2516	2388
9	2389	2390	2518	2517	2389
9	2390	2391	2519	2518	2390
9	2391	2392	2520	2519	2391
9	2392	2393	2521	2520	2392
9	2393	2394	2522	2521	2393
9	2394	2395	2523	2522	2394
9	2395	2396	2524	2523	2395
9	2396	2397	2525	2524	2396
9	2397	2398	2526	2525	2397
9	2398	2399	2527	2526	2398
9	2399	2400	2528	2527	2399
9	2400	2401	2529	2528	2400
9	2401	2402	2530	2529	2401
9	2402	2403	2531	2530	2402
9	2403	2404	2532	2531	2403
9	2404	2405	2533	2532	2404
9	2405	2406	2534	2533	2405
9	2406	2407	2535	2534	2406
9	2407	2408	2536	2535	2407
9	2408	2409	2537	2536	2408
9	2409	2410	2538	2537	2409
9	2410	2411	2539	2538	2410
9	2411	2412	2540	2539	2411
9	2412	2413	2541	2540	2412
9	2413	2414	2542	2541	2413
9	2414	2415	2543	2542	2414
9	2415	2416	2544	2543	2415
9	2416	2417	2545	2544	2416
9	2417	2418	2546	2545	2417
9	2418	2419	2547	2546	2418
9	2419	2420	2548	2547	2419
9	2420	2421	2549	2548	2420
9	2421	2422	2550	2549	2421
9	2422	2423	2551	2550	2422
9	2423	2424	2552	2551	2423
9	2424	2425	2553	2552	2424
9	2425	2426	2554	2553	2425
9	2426	2427	2555	2554	2426
9	2427	2428	2556	2555	2427
9	2428	2429	2557	2556	2428
9	2429	2430	2558	2557	2429
9	2430	2431	2559	2558	2430
9	2431	2304	2432	2559	2431
9	2432	2433	2561	2560	2432
9	2433	2434	2562	2561	2433
9	2434	2435	2563	2562	2434
9	2435	2436	2564	2563	2435
9	2436	2437	2565	2564	2436
9	2437	2438	2566	2565	2437
9	2438	2439	2567	2566	2438
9	2439	2440	2568	2567	2439
9	2440	2441	2569	2568	2440
9	2441	2442	2570	2569	2441
9	2442	2443	2571	2570	2442
9	2443	2444	2572	2571	2443
9	2444	2445	2573	2572	2444
9	2445	2446	2574	2573	2445
9	2446	2447	2575	2574	2446
9	2447	2448	2576	2575	2447
9	2448	2449	2577	2576	2448
9	2449	2450	2578	2577	2449
9	2450	2451	2579	2578	2450
9	2451	2452	2580	2579	2451
9	2452	2453	2581	2580	2452
9	2453	2454	2582	2581	2453
9	2454	2455	2583	2582	2454
9	2455	2456	2584	2583	2455
9	2456	2457	2585	2584	2456
9	2457	2458	2586	2585	2457
9	2458	2459	2587	2586	2458
9	2459	2460	2588	2587	2459
9	2460	2461	2589	2588	2460
9	2461	2462	2590	2589	2461
9	2462	2463	2591	2590	2462
9	2463	2464	2592	2591	2463
9	2464	2465	2593	2592	2464
9	2465	2466	2594	2593	2465
9	2466	2467	2595	2594	2466
9	2467	2468	2596	2595	2467
9	2468	2469	2597	2596	2468
9	2469	2470	2598	2597	2469
9	2470	2471	2599	2598	2470
9	2471	2472	2600	2599	2471
9	2472	2473	2601	2600	2472
9	2473	2474	2602	2601	2473
9	2474	2475	2603	2602	2474
9	2475	2476	2604	2603	2475
9	2476	2477	2605	2604	2476
9	2477	2478	2606	2605	2477
9	2478	2479	2607	2606	2478
9	2479	2480	2608	2607	2479
9	2480	2481	2609	2608	2480
9	2481	2482	2610	2609	2481
9	2482	2483	2611	2610	2482
9	2483	2484	2612	2611	2483
9	2484	2485	2613	2612	2484
9	2485	2486	2614	2613	2485
9	2486	2487	2615	2614	2486
9	2487	2488	2616	2615	2487
9	2488	2489	2617	2616	2488
9	2489	2490	2618	2617	2489
9	2490	2491	2619	2618	2490
9	2491	2492	2620	2619	2491
9	2492	2493	2621	2620	2492
9	2493	2494	2622	2621	2493
9	2494	2495	2623	2622	2494
9	2495	2496	2624	2623	2495
9	2496	2497	2625	2624	2496
9	2497	2498	2626	2625	2497
9	2498	2499	2627	2626	2498
9	2499	2500	2628	2627	2499
9	2500	2501	2629	2628	2500
9	2501	2502	2630	2629	2501
9	2502	2503	2631	2630	2502
9	2503	2504	2632	2631	2503
9	2504	2505	2633	2632	2504
9	2505	2506	2634	2633	2505
9	2506	2507	2635	2634	2506
9	2507	2508	2636	2635	2507
9	2508	2509	2637	2636	2508
9	2509	2510	2638	2637	2509
9	2510	2511	2639	2638	2510
9	2511	2512	2640	2639	2511
9	2512	2513	2641	2640	2512
9	2513	2514	2642	2641	2513
9	2514	2515	2643	2642	2514
9	2515	2516	2644	2643	2515
9	2516	2517	2645	2644	2516
9	2517	2518	2646	2645	2517
9	2518	2519	2647	2646	2518
9	2519	2520	2648	2647	2519
9	2520	2521	2649	2648	2520
9	2521	2522	2650	2649	2521
9	2522	2523	2651	2650	2522
9	2523	2524	2652	2651	2523
9	2524	2525	2653	2652	2524
9	2525	2526	2654	2653	2525
9	2526	2527	2655	2654	2526
9	2527	2528	2656	2655	2527
9	2528	2529	2657	2656	2528
9	2529	2530	2658	2657	2529
9	2530	2531	2659	2658	2530
9	2531	2532	2660	2659	2531
9	2532	2533	2661	2660	2532
9	2533	2534	2662	2661	2533
9	2534	2535	2663	2662	2534
9	2535	2536	2664	2663	2535
9	2536	2537	2665	2664	2536
9	2537	2538	2666	2665	2537
9	2538	2539	2667	2666	2538
9	2539	2540	2668	2667	2539
9	2540	2541	2669	2668	2540
9	2541	2542	2670	2669	2541
9	2542	2543	2671	2670	2542
9	2543	2544	2672	2671	2543
9	2544	2545	2673	2672	2544
9	2545	2546	2674	2673	2545
9	2546	2547	2675	2674	2546
9	2547	2548	2676	2675	2547
9	2548	2549	2677	2676	2548
9	2549	2550	2678	2677	2549
9	2550	2551	2679	2678	2550
9	2551	2552	2680	2679	2551
9	2552	2553	2681	2680	2552
9	2553	2554	2682	2681	2553
9	2554	2555	2683	2682	2554
9	2555	2556	2684	2683	2555
9	2556	2557	2685	2684	2556
9	2557	2558	2686	2685	2557
9	2558	2559	2687	2686	2558
9	2559	2432	2560	2687	2559
9	2560	2561	2689	2688	2560
9	2561	2562	2690	2689	2561
9	2562	2563	2691	2690	2562
9	2563	2564	2692	2691	2563
9	2564	2565	2693	2692	2564
9	2565	2566	2694	2693	2565
9	2566	2567	2695	2694	2566
9	2567	2568	2696	2695	2567
9	2568	2569	2697	2696	2568
9	2569	2570	2698	2697	2569
9	2570	2571	2699	2698	2570
9	2571	2572	2700	2699	2571
9	2572	2573	2701	2700	2572
9	2573	2574	2702	2701	2573
9	2574	2575	2703	2702	2574
9	2575	2576	2704	2703	2575
9	2576	2577	2705	2704	2576
9	2577	2578	2706	2705	2577
9	2578	2579	2707	2706	2578
9	2579	2580	2708	2707	2579
9	2580	2581	2709	2708	2580
9	2581	2582	2710	2709	2581
9	2582	2583	2711	2710	2582
9	2583	2584	2712	2711	2583
9	2584	2585	2713	2712	2584
9	2585	2586	2714	2713	2585
9	2586	2587	2715	2714	2586
9	2587	2588	2716	2715	2587
9	2588	2589	2717	2716	2588
9	2589	2590	2718	2717	2589
9	2590	2591	2719	2718	2590
9	2591	2592	2720	2719	2591
9	2592	2593	2721	2720	2592
9	2593	2594	2722	2721	2593
9	2594	2595	2723	2722	2594
9	2595	2596	2724	2723	2595
9	2596	2597	2725	2724	2596
9	2597	2598	2726	2725	2597
9	2598	2599	2727	2726	2598
9	2599	2600	2728	2727	2599
9	2600	2601	2729	2728	2600
9	2601	2602	2730	2729	2601
9	2602	2603	2731	2730	2602
9	2603	2604	2732	2731	2603
9	2604	2605	2733	2732	2604
9	2605	2606	2734	2733	2605
9	2606	2607	2735	2734	2606
9	2607	2608	2736	2735	2607
9	2608	2609	2737	2736	2608
9	2609	2610	2738	2737	2609
9	2610	2611	2739	2738	2610
9	2611	2612	2740	2739	2611
9	2612	2613	2741	2740	2612
9	2613	2614	2742	2741	2613
9	2614	2615	2743	2742	2614
9	2615	2616	2744	2743	2615
9	2616	2617	2745	2744	2616
9	2617	2618	2746	2745	2617
9	2618	2619	2747	2746	2618
9	2619	2620	2748	2747	2619
9	2620	2621	2749	2748	2620
9	2621	2622	2750	2749	2621
9	2622	2623	2751	2750	2622
9	2623	2624	2752	2751	2623
9	2624	2625	2753	2752	2624
9	2625	2626	2754	2753	2625
9	2626	2627	2755	2754	2626
9	2627	2628	2756	2755	2627
9	2628	2629	2757	2756	2628
9	2629	2630	2758	2757	2629
9	2630	2631	2759	2758	2630
9	2631	2632	2760	2759	2631
9	2632	2633	2761	2760	2632
9	2633	2634	2762	2761	2633
9	2634	2635	2763	2762	2634
9	2635	2636	2764	2763	2635
9	2636	2637	2765	2764	2636
9	2637	2638	2766	2765	2637
9	2638	2639	2767	2766	2638
9	2639	2640	2768	2767	2639
9	2640	2641	2769	2768	2640
9	2641	2642	2770	2769	2641
9	2642	2643	2771	2770	2642
9	2643	2644	2772	2771	2643
9	2644	2645	2773	2772	2644
9	2645	2646	2774	2773	2645
9	2646	2647	2775	2774	2646
9	2647	2648	2776	2775	2647
9	2648	2649	2777	2776	2648
9	2649	2650	2778	2777	2649
9	2650	2651	2779	2778	2650
9	2651	2652	2780	2779	2651
9	2652	2653	2781	2780	2652
9	2653	2654	2782	2781	2653
9	2654	2655	2783	2782	2654
9	2655	2656	2784	2783	2655
9	2656	2657	2785	2784	2656
9	2657	2658	2786	2785	2657
9	2658	2659	2787	2786	2658
9	2659	2660	2788	2787	2659
9	2660	2661	2789	2788	2660
9	2661	2662	2790	2789	2661
9	2662	2663	2791	2790	2662
9	2663	2664	2792	2791	2663
9	2664	2665	2793	2792	2664
9	2665	2666	2794	2793	2665
9	2666	2667	2795	2794	2666
9	2667	2668	2796	2795	2667
9	2668	2669	2797	2796	2668
9	2669	2670	2798	2797	2669
9	2670	2671	2799	2798	2670
9	2671	2672	2800	2799	2671
9	2672	2673	2801	2800	2672
9	2673	2674	2802	2801	2673
9	2674	2675	2803	2802	2674
9	2675	2676	2804	2803	2675
9	2676	2677	2805	2804	2676
9	2677	2678	2806	2805	2677
9	2678	2679	2807	2806	2678
9	2679	2680	2808	2807	2679
9	2680	2681	2809	2808	2680
9	2681	2682	2810	2809	2681
9	2682	2683	2811	2810	2682
9	2683	2684	2812	2811	2683
9	2684	2685	2813	2812	2684
9	2685	2686	2814	2813	2685
9	2686	2687	2815	2814	2686
9	2687	2560	2688	2815	2687
9	2688	2689	2817	2816	2688
9	2689	2690	2818	2817	2689
9	2690	2691	2819	2818	2690
9	2691	2692	2820	2819	2691
9	2692	2693	2821	2820	2692
9	2693	2694	2822	2821	2693
9	2694	2695	2823	2822	2694
9	2695	2696	2824	2823	2695
9	2696	2697	2825	2824	2696
9	2697	2698	2826	2825	2697
9	2698	2699	2827	2826	2698
9	2699	2700	2828	2827	2699
9	2700	2701	2829	2828	2700
9	2701	2702	2830	2829	2701
9	2702	2703	2831	2830	2702
9	2703	2704	2832	2831	2703
9	2704	2705	2833	2832	2704
9	2705	2706	2834	2833	2705
9	2706	2707	2835	2834	2706
9	2707	2708	2836	2835	2707
9	2708	2709	2837	2836	2708
9	2709	2710	2838	2837	2709
9	2710	2711	2839	2838	2710
9	2711	2712	2840	2839	2711
9	2712	2713	2841	2840	2712
9	2713	2714	2842	2841	2713
9	2714	2715	2843	2842	2714
9	2715	2716	2844	2843	2715
9	2716	2717	2845	2844	2716
9	2717	2718	2846	2845	2717
9	2718	2719	2847	2846	2718
9	2719	2720	2848	2847	2719
9	2720	2721	2849	2848	2720
9	2721	2722	2850	2849	2721
9	2722	2723	2851	2850	2722
9	2723	2724	2852	2851	2723
9	2724	2725	2853	2852	2724
9	2725	2726	2854	2853	2725
9	2726	2727	2855	2854	2726
9	2727	2728	2856	2855	2727
9	2728	2729	2857	2856	2728
9	2729	2730	2858	2857	2729
9	2730	2731	2859	2858	2730
9	2731	2732	2860	2859	2731
9	2732	2733	2861	2860	2732
9	2733	2734	2862	2861	2733
9	2734	2735	2863	2862	2734
9	2735	2736	2864	2863	2735
9	2736	2737	2865	2864	2736
9	2737	2738	2866	2865	2737
9	2738	2739	2867	2866	2738
9	2739	2740	2868	2867	2739
9	2740	2741	2869	2868	2740
9	2741	2742	2870	2869	2741
9	2742	2743	2871	2870	2742
9	2743	2744	2872	2871	2743
9	2744	2745	2873	2872	2744
9	2745	2746	2874	2873	2745
9	2746	2747	2875	2874	2746
9	2747	2748	2876	2875	2747
9	2748	2749	2877	2876	2748
9	2749	2750	2878	2877	2749
9	2750	2751	2879	2878	2750
9	2751	2752	2880	2879	2751
9	2752	2753	2881	2880	2752
9	2753	2754	2882	2881	2753
9	2754	2755	2883	2882	2754
9	2755	2756	2884	2883	2755
9	2756	2757	2885	2884	2756
9	2757	2758	2886	2885	2757
9	2758	2759	2887	2886	2758
9	2759	2760	2888	2887	2759
9	2760	2761	2889	2888	2760
9	2761	2762	2890	2889	2761
9	2762	2763	2891	2890	2762
9	2763	2764	2892	2891	2763
9	2764	2765	2893	2892	2764
9	2765	2766	2894	2893	2765
9	2766	2767	2895	2894	2766
9	2767	2768	2896	2895	2767
9	2768	2769	2897	2896	2768
9	2769	2770	2898	2897	2769
9	2770	2771	2899	2898	2770
9	2771	2772	2900	2899	2771
9	2772	2773	2901	2900	2772
9	2773	2774	2902	2901	2773
9	2774	2775	2903	2902	2774
9	2775	2776	2904	2903	2775
9	2776	2777	2905	2904	2776
9	2777	2778	2906	2905	2777
9	2778	2779	2907	2906	2778
9	2779	2780	2908	2907	2779
9	2780	2781	2909	2908	2780
9	2781	2782	2910	2909	2781
9	2782	2783	2911	2910	2782
9	2783	2784	2912	2911	2783
9	2784	2785	2913	2912	2784
9	2785	2786	2914	2913	2785
9	2786	2787	2915	2914	2786
9	2787	2788	2916	2915	2787
9	2788	2789	2917	2916	2788
9	2789	2790	2918	2917	2789
9	2790	2791	2919	2918	2790
9	2791	2792	2920	2919	2791
9	2792	2793	2921	2920	2792
9	2793	2794	2922	2921	2793
9	2794	2795	2923	2922	2794
9	2795	2796	2924	2923	2795
9	2796	2797	2925	2924	2796
9	2797	2798	2926	2925	2797
9	2798	2799	2927	2926	2798
9	2799	2800	2928	2927	2799
9	2800	2801	2929	2928	2800
9	2801	2802	2930	2929	2801
9	2802	2803	2931	2930	2802
9	2803	2804	2932	2931	2803
9	2804	2805	2933	2932	2804
9	2805	2806	2934	2933	2805
9	2806	2807	2935	2934	2806
9	2807	2808	2936	2935	2807
9	2808	2809	2937	2936	2808
9	2809	2810	2938	2937	2809
9	2810	2811	2939	2938	2810
9	2811	2812	2940	2939	2811
9	2812	2813	2941	2940	2812
9	2813	2814	2942	2941	2813
9	2814	2815	2943	2942	2814
9	2815	2688	2816	2943	2815
9	2816	2817	2945	2944	2816
9	2817	2818	2946	2945	2817
9	2818	2819	2947	2946	2818
9	2819	2820	2948	2947	2819
9	2820	2821	2949	2948	2820
9	2821	2822	2950	2949	2821
9	2822	2823	2951	2950	2822
9	2823	2824	2952	2951	2823
9	2824	2825	2953	2952	2824
9	2825	2826	2954	2953	2825
9	2826	2827	2955	2954	2826
9	2827	2828	2956	2955	2827
9	2828	2829	2957	2956	2828
9	2829	2830	2958	2957	2829
9	2830	2831	2959	2958	2830
9	2831	2832	2960	2959	2831
9	2832	2833	2961	2960	2832
9	2833	2834	2962	2961	2833
9	2834	2835	2963	2962	2834
9	2835	2836	2964	2963	2835
9	2836	2837	2965	2964	2836
9	2837	2838	2966	2965	2837
9	2838	2839	2967	2966	2838
9	2839	2840	2968	2967	2839
9	2840	2841	2969	2968	2840
9	2841	2842	2970	2969	2841
9	2842	2843	2971	2970	2842
9	2843	2844	2972	2971	2843
9	2844	2845	2973	2972	2844
9	2845	2846	2974	2973	2845
9	2846	2847	2975	2974	2846
9	2847	2848	2976	2975	2847
9	2848	2849	2977	2976	2848
9	2849	2850	2978	2977	2849
9	2850	2851	2979	2978	2850
9	2851	2852	2980	2979	2851
9	2852	2853	2981	2980	2852
9	2853	2854	2982	2981	2853
9	2854	2855	2983	2982	2854
9	2855	2856	2984	2983	2855
9	2856	2857	2985	2984	2856
9	2857	2858	2986	2985	2857
9	2858	2859	2987	2986	2858
9	2859	2860	2988	2987	2859
9	2860	2861	2989	2988	2860
9	2861	2862	2990	2989	2861
9	2862	2863	2991	2990	2862
9	2863	2864	2992	2991	2863
9	2864	2865	2993	2992	2864
9	2865	2866	2994	2993	2865
9	2866	2867	2995	2994	2866
9	2867	2868	2996	2995	2867
9	2868	2869	2997	2996	2868
9	2869	2870	2998	2997	2869
9	2870	2871	2999	2998	2870
9	2871	2872	3000	2999	2871
9	2872	2873	3001	3000	2872
9	2873	2874	3002	3001	2873
9	2874	2875	3003	3002	2874
9	2875	2876	3004	3003	2875
9	2876	2877	3005	3004	2876
9	2877	2878	3006	3005	2877
9	2878	2879	3007	3006	2878
9	2879	2880	3008	3007	2879
9	2880	2881	3009	3008	2880
9	2881	2882	3010	3009	2881
9	2882	2883	3011	3010	2882
9	2883	2884	3012	3011	2883
9	2884	2885	3013	3012	2884
9	2885	2886	3014	3013	2885
9	2886	2887	3015	3014	2886
9	2887	2888	3016	3015	2887
9	2888	2889	3017	3016	2888
9	2889	2890	3018	3017	2889
9	2890	2891	3019	3018	2890
9	2891	2892	3020	3019	2891
9	2892	2893	3021	3020	2892
9	2893	2894	3022	3021	2893
9	2894	2895	3023	3022	2894
9	2895	2896	3024	3023	2895
9	2896	2897	3025	3024	2896
9	2897	2898	3026	3025	2897
9	2898	2899	3027	3026	2898
9	2899	2900	3028	3027	2899
9	2900	2901	3029	3028	2900
9	2901	2902	3030	3029	2901
9	2902	2903	3031	3030	2902
9	2903	2904	3032	3031	2903
9	2904	2905	3033	3032	2904
9	2905	2906	3034	3033	2905
9	2906	2907	3035	3034	2906
9	2907	2908	3036	3035	2907
9	2908	2909	3037	3036	2908
9	2909	2910	3038	3037	2909
9	2910	2911	3039	3038	2910
9	2911	2912	3040	3039	2911
9	2912	2913	3041	3040	2912
9	2913	2914	3042	3041	2913
9	2914	2915	3043	3042	2914
9	2915	2916	3044	3043	2915
9	2916	2917	3045	3044	2916
9	2917	2918	3046	3045	2917
9	2918	2919	3047	3046	2918
9	2919	2920	3048	3047	2919
9	2920	2921	3049	3048	2920
9	2921	2922	3050	3049	2921
9	2922	2923	3051	3050	2922
9	2923	2924	3052	3051	2923
9	2924	2925	3053	3052	2924
9	2925	2926	3054	3053	2925
9	2926	2927	3055	3054	2926
9	2927	2928	3056	3055	2927
9	2928	2929	3057	3056	2928
9	2929	2930	3058	3057	2929
9	2930	2931	3059	3058	2930
9	2931	2932	3060	3059	2931
9	2932	2933	3061	3060	2932
9	2933	2934	3062	3061	2933
9	2934	2935	3063	3062	2934
9	2935	2936	3064	3063	2935
9	2936	2937	3065	3064	2936
9	2937	2938	3066	3065	2937
9	2938	2939	3067	3066	2938
9	2939	2940	3068	3067	2939
9	2940	2941	3069	3068	2940
9	2941	2942	3070	3069	2941
9	2942	2943	3071	3070	2942
9	2943	2816	2944	3071	2943
9	2944	2945	3073	3072	2944
9	2945	2946	3074	3073	2945
9	2946	2947	3075	3074	2946
9	2947	2948	3076	3075	2947
9	2948	2949	3077	3076	2948
9	2949	2950	3078	3077	2949
9	2950	2951	3079	3078	2950
9	2951	2952	3080	3079	2951
9	2952	2953	3081	3080	2952
9	2953	2954	3082	3081	2953
9	2954	2955	3083	3082	2954
9	2955	2956	3084	3083	2955
9	2956	2957	3085	3084	2956
9	2957	2958	3086	3085	2957
9	2958	2959	3087	3086	2958
9	2959	2960	3088	3087	2959
9	2960	2961	3089	3088	2960
9	2961	2962	3090	3089	2961
9	2962	2963	3091	3090	2962
9	2963	2964	3092	3091	2963
9	2964	2965	3093	3092	2964
9	2965	2966	3094	3093	2965
9	2966	2967	3095	3094	2966
9	2967	2968	3096	3095	2967
9	2968	2969	3097	3096	2968
9	2969	2970	3098	3097	2969
9	2970	2971	3099	3098	2970
9	2971	2972	3100	3099	2971
9	2972	2973	3101	3100	2972
9	2973	2974	3102	3101	2973
9	2974	2975	3103	3102	2974
9	2975	2976	3104	3103	2975
9	2976	2977	3105	3104	2976
9	2977	2978	3106	3105	2977
9	2978	2979	3107	3106	2978
9	2979	2980	3108	3107	2979
9	2980	2981	3109	3108	2980
9	2981	2982	3110	3109	2981
9	2982	2983	3111	3110	2982
9	2983	2984	3112	3111	2983
9	2984	2985	3113	3112	2984
9	2985	2986	3114	3113	2985
9	2986	2987	3115	3114	2986
9	2987	2988	3116	3115	2987
9	2988	2989	3117	3116	2988
9	2989	2990	3118	3117	2989
9	2990	2991	3119	3118	2990
9	2991	2992	3120	3119	2991
9	2992	2993	3121	3120	2992
9	2993	2994	3122	3121	2993
9	2994	2995	3123	3122	2994
9	2995	2996	3124	3123	2995
9	2996	2997	3125	3124	2996
9	2997	2998	3126	3125	2997
9	2998	2999	3127	3126	2998
9	2999	3000	3128	3127	2999
9	3000	3001	3129	3128	3000
9	3001	3002	3130	3129	3001
9	3002	3003	3131	3130	3002
9	3003	3004	3132	3131	3003
9	3004	3005	3133	3132	3004
9	3005	3006	3134	3133	3005
9	3006	3007	3135	3134	3006
9	3007	3008	3136	3135	3007
9	3008	3009	3137	3136	3008
9	3009	3010	3138	3137	3009
9	3010	3011	3139	3138	3010
9	3011	3012	3140	3139	3011
9	3012	3013	3141	3140	3012
9	3013	3014	3142	3141	3013
9	3014	3015	3143	3142	3014
9	3015	3016	3144	3143	3015
9	3016	3017	3145	3144	3016
9	3017	3018	3146	3145	3017
9	3018	3019	3147	3146	3018
9	3019	3020	3148	3147	3019
9	3020	3021	3149	3148	3020
9	3021	3022	3150	3149	3021
9	3022	3023	3151	3150	3022
9	3023	3024	3152	3151	3023
9	3024	3025	3153	3152	3024
9	3025	3026	3154	3153	3025
9	3026	3027	3155	3154	3026
9	3027	3028	3156	3155	3027
9	3028	3029	3157	3156	3028
9	3029	3030	3158	3157	3029
9	3030	3031	3159	3158	3030
9	3031	3032	3160	3159	3031
9	3032	3033	3161	3160	3032
9	3033	3034	3162	3161	3033
9	3034	3035	3163	3162	3034
9	3035	3036	3164	3163	3035
9	3036	3037	3165	3164	3036
9	3037	3038	3166	3165	3037
9	3038	3039	3167	3166	3038
9	3039	3040	3168	3167	3039
9	3040	3041	3169	3168	3040
9	3041	3042	3170	3169	3041
9	3042	3043	3171	3170	3042
9	3043	3044	3172	3171	3043
9	3044	3045	3173	3172	3044
9	3045	3046	3174	3173	3045
9	3046	3047	3175	3174	3046
9	3047	3048	3176	3175	3047
9	3048	3049	3177	3176	3048
9	3049	3050	3178	3177	3049
9	3050	3051	3179	3178	3050
9	3051	3052	3180	3179	3051
9	3052	3053	3181	3180	3052
9	3053	3054	3182	3181	3053
9	3054	3055	3183	3182	3054
9	3055	3056	3184	3183	3055
9	3056	3057	3185	3184	3056
9	3057	3058	3186	3185	3057
9	3058	3059	3187	3186	3058
9	3059	3060	3188	3187	3059
9	3060	3061	3189	3188	3060
9	3061	3062	3190	3189	3061
9	3062	3063	3191	3190	3062
9	3063	3064	3192	3191	3063
9	3064	3065	3193	3192	3064
9	3065	3066	3194	3193	3065
9	3066	3067	3195	3194	3066
9	3067	3068	3196	3195	3067
9	3068	3069	3197	3196	3068
9	3069	3070	3198	3197	3069
9	3070	3071	3199	3198	3070
9	3071	2944	3072	3199	3071
9	3072	3073	3201	3200	3072
9	3073	3074	3202	3201	3073
9	3074	3075	3203	3202	3074
9	3075	3076	3204	3203	3075
9	3076	3077	3205	3204	3076
9	3077	3078	3206	3205	3077
9	3078	3079	3207	3206	3078
9	3079	3080	3208	3207	3079
9	3080	3081	3209	3208	3080
9	3081	3082	3210	3209	3081
9	3082	3083	3211	3210	3082
9	3083	3084	3212	3211	3083
9	3084	3085	3213	3212	3084
9	3085	3086	3214	3213	3085
9	3086	3087	3215	3214	3086
9	3087	3088	3216	3215	3087
9	3088	3089	3217	3216	3088
9	3089	3090	3218	3217	3089
9	3090	3091	3219	3218	3090
9	3091	3092	3220	3219	3091
9	3092	3093	3221	3220	3092
9	3093	3094	3222	3221	3093
9	3094	3095	3223	3222	3094
9	3095	3096	3224	3223	3095
9	3096	3097	3225	3224	3096
9	3097	3098	3226	3225	3097
9	3098	3099	3227	3226	3098
9	3099	3100	3228	3227	3099
9	3100	3101	3229	3228	3100
9	3101	3102	3230	3229	3101
9	3102	3103	3231	3230	3102
9	3103	3104	3232	3231	3103
9	3104	3105	3233	3232	3104
9	3105	3106	3234	3233	3105
9	3106	3107	3235	3234	3106
9	3107	3108	3236	3235	3107
9	3108	3109	3237	3236	3108
9	3109	3110	3238	3237	3109
9	3110	3111	3239	3238	3110
9	3111	3112	3240	3239	3111
9	3112	3113	3241	3240	3112
9	3113	3114	3242	3241	3113
9	3114	3115	3243	3242	3114
9	3115	3116	3244	3243	3115
9	3116	3117	3245	3244	3116
9	3117	3118	3246	3245	3117
9	3118	3119	3247	3246	3118
9	3119	3120	3248	3247	3119
9	3120	3121	3249	3248	3120
9	3121	3122	3250	3249	3121
9	3122	3123	3251	3250	3122
9	3123	3124	3252	3251	3123
9	3124	3125	3253	3252	3124
9	3125	3126	3254	3253	3125
9	3126	3127	3255	3254	3126
9	3127	3128	3256	3255	3127
9	3128	3129	3257	3256	3128
9	3129	3130	3258	3257	3129
9	3130	3131	3259	3258	3130
9	3131	3132	3260	3259	3131
9	3132	3133	3261	3260	3132
9	3133	3134	3262	3261	3133
9	3134	3135	3263	3262	3134
9	3135	3136	3264	3263	3135
9	3136	3137	3265	3264	3136
9	3137	3138	3266	3265	3137
9	3138	3139	3267	3266	3138
9	3139	3140	3268	3267	3139
9	3140	3141	3269	3268	3140
9	3141	3142	3270	3269	3141
9	3142	3143	3271	3270	3142
9	3143	3144	3272	3271	3143
9	3144	3145	3273	3272	3144
9	3145	3146	3274	3273	3145
9	3146	3147	3275	3274	3146
9	3147	3148	3276	3275	3147
9	3148	3149	3277	3276	3148
9	3149	3150	3278	3277	3149
9	3150	3151	3279	3278	3150
9	3151	3152	3280	3279	3151
9	3152	3153	3281	3280	3152
9	3153	3154	3282	3281	3153
9	3154	3155	3283	3282	3154
9	3155	3156	3284	3283	3155
9	3156	3157	3285	3284	3156
9	3157	3158	3286	3285	3157
9	3158	3159	3287	3286	3158
9	3159	3160	3288	3287	3159
9	3160	3161	3289	3288	3160
9	3161	3162	3290	3289	3161
9	3162	3163	3291	3290	3162
9	3163	3164	3292	3291	3163
9	3164	3165	3293	3292	3164
9	3165	3166	3294	3293	3165
9	3166	3167	3295	3294	3166
9	3167	3168	3296	3295	3167
9	3168	3169	3297	3296	3168
9	3169	3170	3298	3297	3169
9	3170	3171	3299	3298	3170
9	3171	3172	3300	3299	3171
9	3172	3173	3301	3300	3172
9	3173	3174	3302	3301	3173
9	3174	3175	3303	3302	3174
9	3175	3176	3304	3303	3175
9	3176	3177	3305	3304	3176
9	3177	3178	3306	3305	3177
9	3178	3179	3307	3306	3178
9	3179	3180	3308	3307	3179
9	3180	3181	3309	3308	3180
9	3181	3182	3310	3309	3181
9	3182	3183	3311	3310	3182
9	3183	3184	3312	3311	3183
9	3184	3185	3313	3312	3184
9	3185	3186	3314	3313	3185
9	3186	3187	3315	3314	3186
9	3187	3188	3316	3315	3187
9	3188	3189	3317	3316	3188
9	3189	3190	3318	3317	3189
9	3190	3191	3319	3318	3190
9	3191	3192	3320	3319	3191
9	3192	3193	3321	3320	3192
9	3193	3194	3322	3321	3193
9	3194	3195	3323	3322	3194
9	3195	3196	3324	3323	3195
9	3196	3197	3325	3324	3196
9	3197	3198	3326	3325	3197
9	3198	3199	3327	3326	3198
9	3199	3072	3200	3327	3199
9	3200	3201	3329	3328	3200
9	3201	3202	3330	3329	3201
9	3202	3203	3331	3330	3202
9	3203	3204	3332	3331	3203
9	3204	3205	3333	3332	3204
9	3205	3206	3334	3333	3205
9	3206	3207	3335	3334	3206
9	3207	3208	3336	3335	3207
9	3208	3209	3337	3336	3208
9	3209	3210	3338	3337	3209
9	3210	3211	3339	3338	3210
9	3211	3212	3340	3339	3211
9	3212	3213	3341	3340	3212
9	3213	3214	3342	3341	3213
9	3214	3215	3343	3342	3214
9	3215	3216	3344	3343	3215
9	3216	3217	3345	3344	3216
9	3217	3218	3346	3345	3217
9	3218	3219	3347	3346	3218
9	3219	3220	3348	3347	3219
9	3220	3221	3349	3348	3220
9	3221	3222	3350	3349	3221
9	3222	3223	3351	3350	3222
9	3223	3224	3352	3351	3223
9	3224	3225	3353	3352	3224
9	3225	3226	3354	3353	3225
9	3226	3227	3355	3354	3226
9	3227	3228	3356	3355	3227
9	3228	3229	3357	3356	3228
9	3229	3230	3358	3357	3229
9	3230	3231	3359	3358	3230
9	3231	3232	3360	3359	3231
9	3232	3233	3361	3360	3232
9	3233	3234	3362	3361	3233
9	3234	3235	3363	3362	3234
9	3235	3236	3364	3363	3235
9	3236	3237	3365	3364	3236
9	3237	3238	3366	3365	3237
9	3238	3239	3367	3366	3238
9	3239	3240	3368	3367	3239
9	3240	3241	3369	3368	3240
9	3241	3242	3370	3369	3241
9	3242	3243	3371	3370	3242
9	3243	3244	3372	3371	3243
9	3244	3245	3373	3372	3244
9	3245	3246	3374	3373	3245
9	3246	3247	3375	3374	3246
9	3247	3248	3376	3375	3247
9	3248	3249	3377	3376	3248
9	3249	3250	3378	3377	3249
9	3250	3251	3379	3378	3250
9	3251	3252	3380	3379	3251
9	3252	3253	3381	3380	3252
9	3253	3254	3382	3381	3253
9	3254	3255	3383	3382	3254
9	3255	3256	3384	3383	3255
9	3256	3257	3385	3384	3256
9	3257	3258	3386	3385	3257
9	3258	3259	3387	3386	3258
9	3259	3260	3388	3387	3259
9	3260	3261	3389	3388	3260
9	3261	3262	3390	3389	3261
9	3262	3263	3391	3390	3262
9	3263	3264	3392	3391	3263
9	3264	3265	3393	3392	3264
9	3265	3266	3394	3393	3265
9	3266	3267	3395	3394	3266
9	3267	3268	3396	3395	3267
9	3268	3269	3397	3396	3268
9	3269	3270	3398	3397	3269
9	3270	3271	3399	3398	3270
9	3271	3272	3400	3399	3271
9	3272	3273	3401	3400	3272
9	3273	3274	3402	3401	3273
9	3274	3275	3403	3402	3274
9	3275	3276	3404	3403	3275
9	3276	3277	3405	3404	3276
9	3277	3278	3406	3405	3277
9	3278	3279	3407	3406	3278
9	3279	3280	3408	3407	3279
9	3280	3281	3409	3408	3280
9	3281	3282	3410	3409	3281
9	3282	3283	3411	3410	3282
9	3283	3284	3412	3411	3283
9	3284	3285	3413	3412	3284
9	3285	3286	3414	3413	3285
9	3286	3287	3415	3414	3286
9	3287	3288	3416	3415	3287
9	3288	3289	3417	3416	3288
9	3289	3290	3418	3417	3289
9	3290	3291	3419	3418	3290
9	3291	3292	3420	3419	3291
9	3292	3293	3421	3420	3292
9	3293	3294	3422	3421	3293
9	3294	3295	3423	3422	3294
9	3295	3296	3424	3423	3295
9	3296	3297	3425	3424	3296
9	3297	3298	3426	3425	3297
9	3298	3299	3427	3426	3298
9	3299	3300	3428	3427	3299
9	3300	3301	3429	3428	3300
9	3301	3302	3430	3429	3301
9	3302	3303	3431	3430	3302
9	3303	3304	3432	3431	3303
9	3304	3305	3433	3432	3304
9	3305	3306	3434	3433	3305
9	3306	3307	3435	3434	3306
9	3307	3308	3436	3435	3307
9	3308	3309	3437	3436	3308
9	3309	3310	3438	3437	3309
9	3310	3311	3439	3438	3310
9	3311	3312	3440	3439	3311
9	3312	3313	3441	3440	3312
9	3313	3314	3442	3441	3313
9	3314	3315	3443	3442	3314
9	3315	3316	3444	3443	3315
9	3316	3317	3445	3444	3316
9	3317	3318	3446	3445	3317
9	3318	3319	3447	3446	3318
9	3319	3320	3448	3447	3319
9	3320	3321	3449	3448	3320
9	3321	3322	3450	3449	3321
9	3322	3323	3451	3450	3322
9	3323	3324	3452	3451	3323
9	3324	3325	3453	3452	3324
9	3325	3326	3454	3453	3325
9	3326	3327	3455	3454	3326
9	3327	3200	3328	3455	3327
9	3328	3329	3457	3456	3328
9	3329	3330	3458	3457	3329
9	3330	3331	3459	3458	3330
9	3331	3332	3460	3459	3331
9	3332	3333	3461	3460	3332
9	3333	3334	3462	3461	3333
9	3334	3335	3463	3462	3334
9	3335	3336	3464	3463	3335
9	3336	3337	3465	3464	3336
9	3337	3338	3466	3465	3337
9	3338	3339	3467	3466	3338
9	3339	3340	3468	3467	3339
9	3340	3341	3469	3468	3340
9	3341	3342	3470	3469	3341
9	3342	3343	3471	3470	3342
9	3343	3344	3472	3471	3343
9	3344	3345	3473	3472	3344
9	3345	3346	3474	3473	3345
9	3346	3347	3475	3474	3346
9	3347	3348	3476	3475	3347
9	3348	3349	3477	3476	3348
9	3349	3350	3478	3477	3349
9	3350	3351	3479	3478	3350
9	3351	3352	3480	3479	3351
9	3352	3353	3481	3480	3352
9	3353	3354	3482	3481	3353
9	3354	3355	3483	3482	3354
9	3355	3356	3484	3483	3355
9	3356	3357	3485	3484	3356
9	3357	3358	3486	3485	3357
9	3358	3359	3487	3486	3358
9	3359	3360	3488	3487	3359
9	3360	3361	3489	3488	3360
9	3361	3362	3490	3489	3361
9	3362	3363	3491	3490	3362
9	3363	3364	3492	3491	3363
9	3364	3365	3493	3492	3364
9	3365	3366	3494	3493	3365
9	3366	3367	3495	3494	3366
9	3367	3368	3496	3495	3367
9	3368	3369	3497	3496	3368
9	3369	3370	3498	3497	3369
9	3370	3371	3499	3498	3370
9	3371	3372	3500	3499	3371
9	3372	3373	3501	3500	3372
9	3373	3374	3502	3501	3373
9	3374	3375	3503	3502	3374
9	3375	3376	3504	3503	3375
9	3376	3377	3505	3504	3376
9	3377	3378	3506	3505	3377
9	3378	3379	3507	3506	3378
9	3379	3380	3508	3507	3379
9	3380	3381	3509	3508	3380
9	3381	3382	3510	3509	3381
9	3382	3383	3511	3510	3382
9	3383	3384	3512	3511	3383
9	3384	3385	3513	3512	3384
9	3385	3386	3514	3513	3385
9	3386	3387	3515	3514	3386
9	3387	3388	3516	3515	3387
9	3388	3389	3517	3516	3388
9	3389	3390	3518	3517	3389
9	3390	3391	3519	3518	3390
9	3391	3392	3520	3519	3391
9	3392	3393	3521	3520	3392
9	3393	3394	3522	3521	3393
9	3394	3395	3523	3522	3394
9	3395	3396	3524	3523	3395
9	3396	3397	3525	3524	3396
9	3397	3398	3526	3525	3397
9	3398	3399	3527	3526	3398
9	3399	3400	3528	3527	3399
9	3400	3401	3529	3528	3400
9	3401	3402	3530	3529	3401
9	3402	3403	3531	3530	3402
9	3403	3404	3532	3531	3403
9	3404	3405	3533	3532	3404
9	3405	3406	3534	3533	3405
9	3406	3407	3535	3534	3406
9	3407	3408	3536	3535	3407
9	3408	3409	3537	3536	3408
9	3409	3410	3538	3537	3409
9	3410	3411	3539	3538	3410
9	3411	3412	3540	3539	3411
9	3412	3413	3541	3540	3412
9	3413	3414	3542	3541	3413
9	3414	3415	3543	3542	3414
9	3415	3416	3544	3543	3415
9	3416	3417	3545	3544	3416
9	3417	3418	3546	3545	3417
9	3418	3419	3547	3546	3418
9	3419	3420	3548	3547	3419
9	3420	3421	3549	3548	3420
9	3421	3422	3550	3549	3421
9	3422	3423	3551	3550	3422
9	3423	3424	3552	3551	3423
9	3424	3425	3553	3552	3424
9	3425	3426	3554	3553	3425
9	3426	3427	3555	3554	3426
9	3427	3428	3556	3555	3427
9	3428	3429	3557	3556	3428
9	3429	3430	3558	3557	3429
9	3430	3431	3559	3558	3430
9	3431	3432	3560	3559	3431
9	3432	3433	3561	3560	3432
9	3433	3434	3562	3561	3433
9	3434	3435	3563	3562	3434
9	3435	3436	3564	3563	3435
9	3436	3437	3565	3564	3436
9	3437	3438	3566	3565	3437
9	3438	3439	3567	3566	3438
9	3439	3440	3568	3567	3439
9	3440	3441	3569	3568	3440
9	3441	3442	3570	3569	3441
9	3442	3443	3571	3570	3442
9	3443	3444	3572	3571	3443
9	3444	3445	3573	3572	3444
9	3445	3446	3574	3573	3445
9	3446	3447	3575	3574	3446
9	3447	3448	3576	3575	3447
9	3448	3449	3577	3576	3448
9	3449	3450	3578	3577	3449
9	3450	3451	3579	3578	3450
9	3451	3452	3580	3579	3451
9	3452	3453	3581	3580	3452
9	3453	3454	3582	3581	3453
9	3454	3455	3583	3582	3454
9	3455	3328	3456	3583	3455
9	3456	3457	3585	3584	3456
9	3457	3458	3586	3585	3457
9	3458	3459	3587	3586	3458
9	3459	3460	3588	3587	3459
9	3460	3461	3589	3588	3460
9	3461	3462	3590	3589	3461
9	3462	3463	3591	3590	3462
9	3463	3464	3592	3591	3463
9	3464	3465	3593	3592	3464
9	3465	3466	3594	3593	3465
9	3466	3467	3595	3594	3466
9	3467	3468	3596	3595	3467
9	3468	3469	3597	3596	3468
9	3469	3470	3598	3597	3469
9	3470	3471	3599	3598	3470
9	3471	3472	3600	3599	3471
9	3472	3473	3601	3600	3472
9	3473	3474	3602	3601	3473
9	3474	3475	3603	3602	3474
9	3475	3476	3604	3603	3475
9	3476	3477	3605	3604	3476
9	3477	3478	3606	3605	3477
9	3478	3479	3607	3606	3478
9	3479	3480	3608	3607	3479
9	3480	3481	3609	3608	3480
9	3481	3482	3610	3609	3481
9	3482	3483	3611	3610	3482
9	3483	3484	3612	3611	3483
9	3484	3485	3613	3612	3484
9	3485	3486	3614	3613	3485
9	3486	3487	3615	3614	3486
9	3487	3488	3616	3615	3487
9	3488	3489	3617	3616	3488
9	3489	3490	3618	3617	3489
9	3490	3491	3619	3618	3490
9	3491	3492	3620	3619	3491
9	3492	3493	3621	3620	3492
9	3493	3494	3622	3621	3493
9	3494	3495	3623	3622	3494
9	3495	3496	3624	3623	3495
9	3496	3497	3625	3624	3496
9	3497	3498	3626	3625	3497
9	3498	3499	3627	3626	3498
9	3499	3500	3628	3627	3499
9	3500	3501	3629	3628	3500
9	3501	3502	3630	3629	3501
9	3502	3503	3631	3630	3502
9	3503	3504	3632	3631	3503
9	3504	3505	3633	3632	3504
9	3505	3506	3634	3633	3505
9	3506	3507	3635	3634	3506
9	3507	3508	3636	3635	3507
9	3508	3509	3637	3636	3508
9	3509	3510	3638	3637	3509
9	3510	3511	3639	3638	3510
9	3511	3512	3640	3639	3511
9	3512	3513	3641	3640	3512
9	3513	3514	3642	3641	3513
9	3514	3515	3643	3642	3514
9	3515	3516	3644	3643	3515
9	3516	3517	3645	3644	3516
9	3517	3518	3646	3645	3517
9	3518	3519	3647	3646	3518
9	3519	3520	3648	3647	3519
9	3520	3521	3649	3648	3520
9	3521	3522	3650	3649	3521
9	3522	3523	3651	3650	3522
9	3523	3524	3652	3651	3523
9	3524	3525	3653	3652	3524
9	3525	3526	3654	3653	3525
9	3526	3527	3655	3654	3526
9	3527	3528	3656	3655	3527
9	3528	3529	3657	3656	3528
9	3529	3530	3658	3657	3529
9	3530	3531	3659	3658	3530
9	3531	3532	3660	3659	3531
9	3532	3533	3661	3660	3532
9	3533	3534	3662	3661	3533
9	3534	3535	3663	3662	3534
9	3535	3536	3664	3663	3535
9	3536	3537	3665	3664	3536
9	3537	3538	3666	3665	3537
9	3538	3539	3667	3666	3538
9	3539	3540	3668	3667	3539
9	3540	3541	3669	3668	3540
9	3541	3542	3670	3669	3541
9	3542	3543	3671	3670	3542
9	3543	3544	3672	3671	3543
9	3544	3545	3673	3672	3544
9	3545	3546	3674	3673	3545
9	3546	3547	3675	3674	3546
9	3547	3548	3676	3675	3547
9	3548	3549	3677	3676	3548
9	3549	3550	3678	3677	3549
9	3550	3551	3679	3678	3550
9	3551	3552	3680	3679	3551
9	3552	3553	3681	3680	3552
9	3553	3554	3682	3681	3553
9	3554	3555	3683	3682	3554
9	3555	3556	3684	3683	3555
9	3556	3557	3685	3684	3556
9	3557	3558	3686	3685	3557
9	3558	3559	3687	3686	3558
9	3559	3560	3688	3687	3559
9	3560	3561	3689	3688	3560
9	3561	3562	3690	3689	3561
9	3562	3563	3691	3690	3562
9	3563	3564	3692	3691	3563
9	3564	3565	3693	3692	3564
9	3565	3566	3694	3693	3565
9	3566	3567	3695	3694	3566
9	3567	3568	3696	3695	3567
9	3568	3569	3697	3696	3568
9	3569	3570	3698	3697	3569
9	3570	3571	3699	3698	3570
9	3571	3572	3700	3699	3571
9	3572	3573	3701	3700	3572
9	3573	3574	3702	3701	3573
9	3574	3575	3703	3702	3574
9	3575	3576	3704	3703	3575
9	3576	3577	3705	3704	3576
9	3577	3578	3706	3705	3577
9	3578	3579	3707	3706	3578
9	3579	3580	3708	3707	3579
9	3580	3581	3709	3708	3580
9	3581	3582	3710	3709	3581
9	3582	3583	3711	3710	3582
9	3583	3456	3584	3711	3583
9	3584	3585	3713	3712	3584
9	3585	3586	3714	3713	3585
9	3586	3587	3715	3714	3586
9	3587	3588	3716	3715	3587
9	3588	3589	3717	3716	3588
9	3589	3590	3718	3717	3589
9	3590	3591	3719	3718	3590
9	3591	3592	3720	3719	3591
9	3592	3593	3721	3720	3592
9	3593	3594	3722	3721	3593
9	3594	3595	3723	3722	3594
9	3595	3596	3724	3723	3595
9	3596	3597	3725	3724	3596
9	3597	3598	3726	3725	3597
9	3598	3599	3727	3726	3598
9	3599	3600	3728	3727	3599
9	3600	3601	3729	3728	3600
9	3601	3602	3730	3729	3601
9	3602	3603	3731	3730	3602
9	3603	3604	3732	3731	3603
9	3604	3605	3733	3732	3604
9	3605	3606	3734	3733	3605
9	3606	3607	3735	3734	3606
9	3607	3608	3736	3735	3607
9	3608	3609	3737	3736	3608
9	3609	3610	3738	3737	3609
9	3610	3611	3739	3738	3610
9	3611	3612	3740	3739	3611
9	3612	3613	3741	3740	3612
9	3613	3614	3742	3741	3613
9	3614	3615	3743	3742	3614
9	3615	3616	3744	3743	3615
9	3616	3617	3745	3744	3616
9	3617	3618	3746	3745	3617
9	3618	3619	3747	3746	3618
9	3619	3620	3748	3747	3619
9	3620	3621	3749	3748	3620
9	3621	3622	3750	3749	3621
9	3622	3623	3751	3750	3622
9	3623	3624	3752	3751	3623
9	3624	3625	3753	3752	3624
9	3625	3626	3754	3753	3625
9	3626	3627	3755	3754	3626
9	3627	3628	3756	3755	3627
9	3628	3629	3757	3756	3628
9	3629	3630	3758	3757	3629
9	3630	3631	3759	3758	3630
9	3631	3632	3760	3759	3631
9	3632	3633	3761	3760	3632
9	3633	3634	3762	3761	3633
9	3634	3635	3763	3762	3634
9	3635	3636	3764	3763	3635
9	3636	3637	3765	3764	3636
9	3637	3638	3766	3765	3637
9	3638	3639	3767	3766	3638
9	3639	3640	3768	3767	3639
9	3640	3641	3769	3768	3640
9	3641	3642	3770	3769	3641
9	3642	3643	3771	3770	3642
9	3643	3644	3772	3771	3643
9	3644	3645	3773	3772	3644
9	3645	3646	3774	3773	3645
9	3646	3647	3775	3774	3646
9	3647	3648	3776	3775	3647
9	3648	3649	3777	3776	3648
9	3649	3650	3778	3777	3649
9	3650	3651	3779	3778	3650
9	3651	3652	3780	3779	3651
9	3652	3653	3781	3780	3652
9	3653	3654	3782	3781	3653
9	3654	3655	3783	3782	3654
9	3655	3656	3784	3783	3655
9	3656	3657	3785	3784	3656
9	3657	3658	3786	3785	3657
9	3658	3659	3787	3786	3658
9	3659	3660	3788	3787	3659
9	3660	3661	3789	3788	3660
9	3661	3662	3790	3789	3661
9	3662	3663	3791	3790	3662
9	3663	3664	3792	3791	3663
9	3664	3665	3793	3792	3664
9	3665	3666	3794	3793	3665
9	3666	3667	3795	3794	3666
9	3667	3668	3796	3795	3667
9	3668	3669	3797	3796	3668
9	3669	3670	3798	3797	3669
9	3670	3671	3799	3798	3670
9	3671	3672	3800	3799	3671
9	3672	3673	3801	3800	3672
9	3673	3674	3802	3801	3673
9	3674	3675	3803	3802	3674
9	3675	3676	3804	3803	3675
9	3676	3677	3805	3804	3676
9	3677	3678	3806	3805	3677
9	3678	3679	3807	3806	3678
9	3679	3680	3808	3807	3679
9	3680	3681	3809	3808	3680
9	3681	3682	3810	3809	3681
9	3682	3683	3811	3810	3682
9	3683	3684	3812	3811	3683
9	3684	3685	3813	3812	3684
9	3685	3686	3814	3813	3685
9	3686	3687	3815	3814	3686
9	3687	3688	3816	3815	3687
9	3688	3689	3817	3816	3688
9	3689	3690	3818	3817	3689
9	3690	3691	3819	3818	3690
9	3691	3692	3820	3819	3691
9	3692	3693	3821	3820	3692
9	3693	3694	3822	3821	3693
9	3694	3695	3823	3822	3694
9	3695	3696	3824	3823	3695
9	3696	3697	3825	3824	3696
9	3697	3698	3826	3825	3697
9	3698	3699	3827	3826	3698
9	3699	3700	3828	3827	3699
9	3700	3701	3829	3828	3700
9	3701	3702	3830	3829	3701
9	3702	3703	3831	3830	3702
9	3703	3704	3832	3831	3703
9	3704	3705	3833	3832	3704
9	3705	3706	3834	3833	3705
9	3706	3707	3835	3834	3706
9	3707	3708	3836	3835	3707
9	3708	3709	3837	3836	3708
9	3709	3710	3838	3837	3709
9	3710	3711	3839	3838	3710
9	3711	3584	3712	3839	3711
9	3712	3713	3841	3840	3712
9	3713	3714	3842	3841	3713
9	3714	3715	3843	3842	3714
9	3715	3716	3844	3843	3715
9	3716	3717	3845	3844	3716
9	3717	3718	3846	3845	3717
9	3718	3719	3847	3846	3718
9	3719	3720	3848	3847	3719
9	3720	3721	3849	3848	3720
9	3721	3722	3850	3849	3721
9	3722	3723	3851	3850	3722
9	3723	3724	3852	3851	3723
9	3724	3725	3853	3852	3724
9	3725	3726	3854	3853	3725
9	3726	3727	3855	3854	3726
9	3727	3728	3856	3855	3727
9	3728	3729	3857	3856	3728
9	3729	3730	3858	3857	3729
9	3730	3731	3859	3858	3730
9	3731	3732	3860	3859	3731
9	3732	3733	3861	3860	3732
9	3733	3734	3862	3861	3733
9	3734	3735	3863	3862	3734
9	3735	3736	3864	3863	3735
9	3736	3737	3865	3864	3736
9	3737	3738	3866	3865	3737
9	3738	3739	3867	3866	3738
9	3739	3740	3868	3867	3739
9	3740	3741	3869	3868	3740
9	3741	3742	3870	3869	3741
9	3742	3743	3871	3870	3742
9	3743	3744	3872	3871	3743
9	3744	3745	3873	3872	3744
9	3745	3746	3874	3873	3745
9	3746	3747	3875	3874	3746
9	3747	3748	3876	3875	3747
9	3748	3749	3877	3876	3748
9	3749	3750	3878	3877	3749
9	3750	3751	3879	3878	3750
9	3751	3752	3880	3879	3751
9	3752	3753	3881	3880	3752
9	3753	3754	3882	3881	3753
9	3754	3755	3883	3882	3754
9	3755	3756	3884	3883	3755
9	3756	3757	3885	3884	3756
9	3757	3758	3886	3885	3757
9	3758	3759	3887	3886	3758
9	3759	3760	3888	3887	3759
9	3760	3761	3889	3888	3760
9	3761	3762	3890	3889	3761
9	3762	3763	3891	3890	3762
9	3763	3764	3892	3891	3763
9	3764	3765	3893	3892	3764
9	3765	3766	3894	3893	3765
9	3766	3767	3895	3894	3766
9	3767	3768	3896	3895	3767
9	3768	3769	3897	3896	3768
9	3769	3770	3898	3897	3769
9	3770	3771	3899	3898	3770
9	3771	3772	3900	3899	3771
9	3772	3773	3901	3900	3772
9	3773	3774	3902	3901	3773
9	3774	3775	3903	3902	3774
9	3775	3776	3904	3903	3775
9	3776	3777	3905	3904	3776
9	3777	3778	3906	3905	3777
9	3778	3779	3907	3906	3778
9	3779	3780	3908	3907	3779
9	3780	3781	3909	3908	3780
9	3781	3782	3910	3909	3781
9	3782	3783	3911	3910	3782
9	3783	3784	3912	3911	3783
9	3784	3785	3913	3912	3784
9	3785	3786	3914	3913	3785
9	3786	3787	3915	3914	3786
9	3787	3788	3916	3915	3787
9	3788	3789	3917	3916	3788
9	3789	3790	3918	3917	3789
9	3790	3791	3919	3918	3790
9	3791	3792	3920	3919	3791
9	3792	3793	3921	3920	3792
9	3793	3794	3922	3921	3793
9	3794	3795	3923	3922	3794
9	3795	3796	3924	3923	3795
9	3796	3797	3925	3924	3796
9	3797	3798	3926	3925	3797
9	3798	3799	3927	3926	3798
9	3799	3800	3928	3927	3799
9	3800	3801	3929	3928	3800
9	3801	3802	3930	3929	3801
9	3802	3803	3931	3930	3802
9	3803	3804	3932	3931	3803
9	3804	3805	3933	3932	3804
9	3805	3806	3934	3933	3805
9	3806	3807	3935	3934	3806
9	3807	3808	3936	3935	3807
9	3808	3809	3937	3936	3808
9	3809	3810	3938	3937	3809
9	3810	3811	3939	3938	3810
9	3811	3812	3940	3939	3811
9	3812	3813	3941	3940	3812
9	3813	3814	3942	3941	3813
9	3814	3815	3943	3942	3814
9	3815	3816	3944	3943	3815
9	3816	3817	3945	3944	3816
9	3817	3818	3946	3945	3817
9	3818	3819	3947	3946	3818
9	3819	3820	3948	3947	3819
9	3820	3821	3949	3948	3820
9	3821	3822	3950	3949	3821
9	3822	3823	3951	3950	3822
9	3823	3824	3952	3951	3823
9	3824	3825	3953	3952	3824
9	3825	3826	3954	3953	3825
9	3826	3827	3955	3954	3826
9	3827	3828	3956	3955	3827
9	3828	3829	3957	3956	3828
9	3829	3830	3958	3957	3829
9	3830	3831	3959	3958	3830
9	3831	3832	3960	3959	3831
9	3832	3833	3961	3960	3832
9	3833	3834	3962	3961	3833
9	3834	3835	3963	3962	3834
9	3835	3836	3964	3963	3835
9	3836	3837	3965	3964	3836
9	3837	3838	3966	3965	3837
9	3838	3839	3967	3966	3838
9	3839	3712	3840	3967	3839
9	3840	3841	3969	3968	3840
9	3841	3842	3970	3969	3841
9	3842	3843	3971	3970	3842
9	3843	3844	3972	3971	3843
9	3844	3845	3973	3972	3844
9	3845	3846	3974	3973	3845
9	3846	3847	3975	3974	3846
9	3847	3848	3976	3975	3847
9	3848	3849	3977	3976	3848
9	3849	3850	3978	3977	3849
9	3850	3851	3979	3978	3850
9	3851	3852	3980	3979	3851
9	3852	3853	3981	3980	3852
9	3853	3854	3982	3981	3853
9	3854	3855	3983	3982	3854
9	3855	3856	3984	3983	3855
9	3856	3857	3985	3984	3856
9	3857	3858	3986	3985	3857
9	3858	3859	3987	3986	3858
9	3859	3860	3988	3987	3859
9	3860	3861	3989	3988	3860
9	3861	3862	3990	3989	3861
9	3862	3863	3991	3990	3862
9	3863	3864	3992	3991	3863
9	3864	3865	3993	3992	3864
9	3865	3866	3994	3993	3865
9	3866	3867	3995	3994	3866
9	3867	3868	3996	3995	3867
9	3868	3869	3997	3996	3868
9	3869	3870	3998	3997	3869
9	3870	3871	3999	3998	3870
9	3871	3872	4000	3999	3871
9	3872	3873	4001	4000	3872
9	3873	3874	4002	4001	3873
9	3874	3875	4003	4002	3874
9	3875	3876	4004	4003	3875
9	3876	3877	4005	4004	3876
9	3877	3878	4006	4005	3877
9	3878	3879	4007	4006	3878
9	3879	3880	4008	4007	3879
9	3880	3881	4009	4008	3880
9	3881	3882	4010	4009	3881
9	3882	3883	4011	4010	3882
9	3883	3884	4012	4011	3883
9	3884	3885	4013	4012	3884
9	3885	3886	4014	4013	3885
9	3886	3887	4015	4014	3886
9	3887	3888	4016	4015	3887
9	3888	3889	4017	4016	3888
9	3889	3890	4018	4017	3889
9	3890	3891	4019	4018	3890
9	3891	3892	4020	4019	3891
9	3892	3893	4021	4020	3892
9	3893	3894	4022	4021	3893
9	3894	3895	4023	4022	3894
9	3895	3896	4024	4023	3895
9	3896	3897	4025	4024	3896
9	3897	3898	4026	4025	3897
9	3898	3899	4027	4026	3898
9	3899	3900	4028	4027	3899
9	3900	3901	4029	4028	3900
9	3901	3902	4030	4029	3901
9	3902	3903	4031	4030	3902
9	3903	3904	4032	4031	3903
9	3904	3905	4033	4032	3904
9	3905	3906	4034	4033	3905
9	3906	3907	4035	4034	3906
9	3907	3908	4036	4035	3907
9	3908	3909	4037	4036	3908
9	3909	3910	4038	4037	3909
9	3910	3911	4039	4038	3910
9	3911	3912	4040	4039	3911
9	3912	3913	4041	4040	3912
9	3913	3914	4042	4041	3913
9	3914	3915	4043	4042	3914
9	3915	3916	4044	4043	3915
9	3916	3917	4045	4044	3916
9	3917	3918	4046	4045	3917
9	3918	3919	4047	4046	3918
9	3919	3920	4048	4047	3919
9	3920	3921	4049	4048	3920
9	3921	3922	4050	4049	3921
9	3922	3923	4051	4050	3922
9	3923	3924	4052	4051	3923
9	3924	3925	4053	4052	3924
9	3925	3926	4054	4053	3925
9	3926	3927	4055	4054	3926
9	3927	3928	4056	4055	3927
9	3928	3929	4057	4056	3928
9	3929	3930	4058	4057	3929
9	3930	3931	4059	4058	3930
9	3931	3932	4060	4059	3931
9	3932	3933	4061	4060	3932
9	3933	3934	4062	4061	3933
9	3934	3935	4063	4062	3934
9	3935	3936	4064	4063	3935
9	3936	3937	4065	4064	3936
9	3937	3938	4066	4065	3937
9	3938	3939	4067	4066	3938
9	3939	3940	4068	4067	3939
9	3940	3941	4069	4068	3940
9	3941	3942	4070	4069	3941
9	3942	3943	4071	4070	3942
9	3943	3944	4072	4071	3943
9	3944	3945	4073	4072	3944
9	3945	3946	4074	4073	3945
9	3946	3947	4075	4074	3946
9	3947	3948	4076	4075	3947
9	3948	3949	4077	4076	3948
9	3949	3950	4078	4077	3949
9	3950	3951	4079	4078	3950
9	3951	3952	4080	4079	3951
9	3952	3953	4081	4080	3952
9	3953	3954	4082	4081	3953
9	3954	3955	4083	4082	3954
9	3955	3956	4084	4083	3955
9	3956	3957	4085	4084	3956
9	3957	3958	4086	4085	3957
9	3958	3959	4087	4086	3958
9	3959	3960	4088	4087	3959
9	3960	3961	4089	4088	3960
9	3961	3962	4090	4089	3961
9	3962	3963	4091	4090	3962
9	3963	3964	4092	4091	3963
9	3964	3965	4093	4092	3964
9	3965	3966	4094	4093	3965
9	3966	3967	4095	4094	3966
9	3967	3840	3968	4095	3967
9	3968	3969	4097	4096	3968
9	3969	3970	4098	4097	3969
9	3970	3971	4099	4098	3970
9	3971	3972	4100	4099	3971
9	3972	3973	4101	4100	3972
9	3973	3974	4102	4101	3973
9	3974	3975	4103	4102	3974
9	3975	3976	4104	4103	3975
9	3976	3977	4105	4104	3976
9	3977	3978	4106	4105	3977
9	3978	3979	4107	4106	3978
9	3979	3980	4108	4107	3979
9	3980	3981	4109	4108	3980
9	3981	3982	4110	4109	3981
9	3982	3983	4111	4110	3982
9	3983	3984	4112	4111	3983
9	3984	3985	4113	4112	3984
9	3985	3986	4114	4113	3985
9	3986	3987	4115	4114	3986
9	3987	3988	4116	4115	3987
9	3988	3989	4117	4116	3988
9	3989	3990	4118	4117	3989
9	3990	3991	4119	4118	3990
9	3991	3992	4120	4119	3991
9	3992	3993	4121	4120	3992
9	3993	3994	4122	4121	3993
9	3994	3995	4123	4122	3994
9	3995	3996	4124	4123	3995
9	3996	3997	4125	4124	3996
9	3997	3998	4126	4125	3997
9	3998	3999	4127	4126	3998
9	3999	4000	4128	4127	3999
9	4000	4001	4129	4128	4000
9	4001	4002	4130	4129	4001
9	4002	4003	4131	4130	4002
9	4003	4004	4132	4131	4003
9	4004	4005	4133	4132	4004
9	4005	4006	4134	4133	4005
9	4006	4007	4135	4134	4006
9	4007	4008	4136	4135	4007
9	4008	4009	4137	4136	4008
9	4009	4010	4138	4137	4009
9	4010	4011	4139	4138	4010
9	4011	4012	4140	4139	4011
9	4012	4013	4141	4140	4012
9	4013	4014	4142	4141	4013
9	4014	4015	4143	4142	4014
9	4015	4016	4144	4143	4015
9	4016	4017	4145	4144	4016
9	4017	4018	4146	4145	4017
9	4018	4019	4147	4146	4018
9	4019	4020	4148	4147	4019
9	4020	4021	4149	4148	4020
9	4021	4022	4150	4149	4021
9	4022	4023	4151	4150	4022
9	4023	4024	4152	4151	4023
9	4024	4025	4153	4152	4024
9	4025	4026	4154	4153	4025
9	4026	4027	4155	4154	4026
9	4027	4028	4156	4155	4027
9	4028	4029	4157	4156	4028
9	4029	4030	4158	4157	4029
9	4030	4031	4159	4158	4030
9	4031	4032	4160	4159	4031
9	4032	4033	4161	4160	4032
9	4033	4034	4162	4161	4033
9	4034	4035	4163	4162	4034
9	4035	4036	4164	4163	4035
9	4036	4037	4165	4164	4036
9	4037	4038	4166	4165	4037
9	4038	4039	4167	4166	4038
9	4039	4040	4168	4167	4039
9	4040	4041	4169	4168	4040
9	4041	4042	4170	4169	4041
9	4042	4043	4171	4170	4042
9	4043	4044	4172	4171	4043
9	4044	4045	4173	4172	4044
9	4045	4046	4174	4173	4045
9	4046	4047	4175	4174	4046
9	4047	4048	4176	4175	4047
9	4048	4049	4177	4176	4048
9	4049	4050	4178	4177	4049
9	4050	4051	4179	4178	4050
9	4051	4052	4180	4179	4051
9	4052	4053	4181	4180	4052
9	4053	4054	4182	4181	4053
9	4054	4055	4183	4182	4054
9	4055	4056	4184	4183	4055
9	4056	4057	4185	4184	4056
9	4057	4058	4186	4185	4057
9	4058	4059	4187	4186	4058
9	4059	4060	4188	4187	4059
9	4060	4061	4189	4188	4060
9	4061	4062	4190	4189	4061
9	4062	4063	4191	4190	4062
9	4063	4064	4192	4191	4063
9	4064	4065	4193	4192	4064
9	4065	4066	4194	4193	4065
9	4066	4067	4195	4194	4066
9	4067	4068	4196	4195	4067
9	4068	4069	4197	4196	4068
9	4069	4070	4198	4197	4069
9	4070	4071	4199	4198	4070
9	4071	4072	4200	4199	4071
9	4072	4073	4201	4200	4072
9	4073	4074	4202	4201	4073
9	4074	4075	4203	4202	4074
9	4075	4076	4204	4203	4075
9	4076	4077	4205	4204	4076
9	4077	4078	4206	4205	4077
9	4078	4079	4207	4206	4078
9	4079	4080	4208	4207	4079
9	4080	4081	4209	4208	4080
9	4081	4082	4210	4209	4081
9	4082	4083	4211	4210	4082
9	4083	4084	4212	4211	4083
9	4084	4085	4213	4212	4084
9	4085	4086	4214	4213	4085
9	4086	4087	4215	4214	4086
9	4087	4088	4216	4215	4087
9	4088	4089	4217	4216	4088
9	4089	4090	4218	4217	4089
9	4090	4091	4219	4218	4090
9	4091	4092	4220	4219	4091
9	4092	4093	4221	4220	4092
9	4093	4094	4222	4221	4093
9	4094	4095	4223	4222	4094
9	4095	3968	4096	4223	4095
9	4096	4097	4225	4224	4096
9	4097	4098	4226	4225	4097
9	4098	4099	4227	4226	4098
9	4099	4100	4228	4227	4099
9	4100	4101	4229	4228	4100
9	4101	4102	4230	4229	4101
9	4102	4103	4231	4230	4102
9	4103	4104	4232	4231	4103
9	4104	4105	4233	4232	4104
9	4105	4106	4234	4233	4105
9	4106	4107	4235	4234	4106
9	4107	4108	4236	4235	4107
9	4108	4109	4237	4236	4108
9	4109	4110	4238	4237	4109
9	4110	4111	4239	4238	4110
9	4111	4112	4240	4239	4111
9	4112	4113	4241	4240	4112
9	4113	4114	4242	4241	4113
9	4114	4115	4243	4242	4114
9	4115	4116	4244	4243	4115
9	4116	4117	4245	4244	4116
9	4117	4118	4246	4245	4117
9	4118	4119	4247	4246	4118
9	4119	4120	4248	4247	4119
9	4120	4121	4249	4248	4120
9	4121	4122	4250	4249	4121
9	4122	4123	4251	4250	4122
9	4123	4124	4252	4251	4123
9	4124	4125	4253	4252	4124
9	4125	4126	4254	4253	4125
9	4126	4127	4255	4254	4126
9	4127	4128	4256	4255	4127
9	4128	4129	4257	4256	4128
9	4129	4130	4258	4257	4129
9	4130	4131	4259	4258	4130
9	4131	4132	4260	4259	4131
9	4132	4133	4261	4260	4132
9	4133	4134	4262	4261	4133
9	4134	4135	4263	4262	4134
9	4135	4136	4264	4263	4135
9	4136	4137	4265	4264	4136
9	4137	4138	4266	4265	4137
9	4138	4139	4267	4266	4138
9	4139	4140	4268	4267	4139
9	4140	4141	4269	4268	4140
9	4141	4142	4270	4269	4141
9	4142	4143	4271	4270	4142
9	4143	4144	4272	4271	4143
9	4144	4145	4273	4272	4144
9	4145	4146	4274	4273	4145
9	4146	4147	4275	4274	4146
9	4147	4148	4276	4275	4147
9	4148	4149	4277	4276	4148
9	4149	4150	4278	4277	4149
9	4150	4151	4279	4278	4150
9	4151	4152	4280	4279	4151
9	4152	4153	4281	4280	4152
9	4153	4154	4282	4281	4153
9	4154	4155	4283	4282	4154
9	4155	4156	4284	4283	4155
9	4156	4157	4285	4284	4156
9	4157	4158	4286	4285	4157
9	4158	4159	4287	4286	4158
9	4159	4160	4288	4287	4159
9	4160	4161	4289	4288	4160
9	4161	4162	4290	4289	4161
9	4162	4163	4291	4290	4162
9	4163	4164	4292	4291	4163
9	4164	4165	4293	4292	4164
9	4165	4166	4294	4293	4165
9	4166	4167	4295	4294	4166
9	4167	4168	4296	4295	4167
9	4168	4169	4297	4296	4168
9	4169	4170	4298	4297	4169
9	4170	4171	4299	4298	4170
9	4171	4172	4300	4299	4171
9	4172	4173	4301	4300	4172
9	4173	4174	4302	4301	4173
9	4174	4175	4303	4302	4174
9	4175	4176	4304	4303	4175
9	4176	4177	4305	4304	4176
9	4177	4178	4306	4305	4177
9	4178	4179	4307	4306	4178
9	4179	4180	4308	4307	4179
9	4180	4181	4309	4308	4180
9	4181	4182	4310	4309	4181
9	4182	4183	4311	4310	4182
9	4183	4184	4312	4311	4183
9	4184	4185	4313	4312	4184
9	4185	4186	4314	4313	4185
9	4186	4187	4315	4314	4186
9	4187	4188	4316	4315	4187
9	4188	4189	4317	4316	4188
9	4189	4190	4318	4317	4189
9	4190	4191	4319	4318	4190
9	4191	4192	4320	4319	4191
9	4192	4193	4321	4320	4192
9	4193	4194	4322	4321	4193
9	4194	4195	4323	4322	4194
9	4195	4196	4324	4323	4195
9	4196	4197	4325	4324	4196
9	4197	4198	4326	4325	4197
9	4198	4199	4327	4326	4198
9	4199	4200	4328	4327	4199
9	4200	4201	4329	4328	4200
9	4201	4202	4330	4329	4201
9	4202	4203	4331	4330	4202
9	4203	4204	4332	4331	4203
9	4204	4205	4333	4332	4204
9	4205	4206	4334	4333	4205
9	4206	4207	4335	4334	4206
9	4207	4208	4336	4335	4207
9	4208	4209	4337	4336	4208
9	4209	4210	4338	4337	4209
9	4210	4211	4339	4338	4210
9	4211	4212	4340	4339	4211
9	4212	4213	4341	4340	4212
9	4213	4214	4342	4341	4213
9	4214	4215	4343	4342	4214
9	4215	4216	4344	4343	4215
9	4216	4217	4345	4344	4216
9	4217	4218	4346	4345	4217
9	4218	4219	4347	4346	4218
9	4219	4220	4348	4347	4219
9	4220	4221	4349	4348	4220
9	4221	4222	4350	4349	4221
9	4222	4223	4351	4350	4222
9	4223	4096	4224	4351	4223
9	4224	4225	4353	4352	4224
9	4225	4226	4354	4353	4225
9	4226	4227	4355	4354	4226
9	4227	4228	4356	4355	4227
9	4228	4229	4357	4356	4228
9	4229	4230	4358	4357	4229
9	4230	4231	4359	4358	4230
9	4231	4232	4360	4359	4231
9	4232	4233	4361	4360	4232
9	4233	4234	4362	4361	4233
9	4234	4235	4363	4362	4234
9	4235	4236	4364	4363	4235
9	4236	4237	4365	4364	4236
9	4237	4238	4366	4365	4237
9	4238	4239	4367	4366	4238
9	4239	4240	4368	4367	4239
9	4240	4241	4369	4368	4240
9	4241	4242	4370	4369	4241
9	4242	4243	4371	4370	4242
9	4243	4244	4372	4371	4243
9	4244	4245	4373	4372	4244
9	4245	4246	4374	4373	4245
9	4246	4247	4375	4374	4246
9	4247	4248	4376	4375	4247
9	4248	4249	4377	4376	4248
9	4249	4250	4378	4377	4249
9	4250	4251	4379	4378	4250
9	4251	4252	4380	4379	4251
9	4252	4253	4381	4380	4252
9	4253	4254	4382	4381	4253
9	4254	4255	4383	4382	4254
9	4255	4256	4384	4383	4255
9	4256	4257	4385	4384	4256
9	4257	4258	4386	4385	4257
9	4258	4259	4387	4386	4258
9	4259	4260	4388	4387	4259
9	4260	4261	4389	4388	4260
9	4261	4262	4390	4389	4261
9	4262	4263	4391	4390	4262
9	4263	4264	4392	4391	4263
9	4264	4265	4393	4392	4264
9	4265	4266	4394	4393	4265
9	4266	4267	4395	4394	4266
9	4267	4268	4396	4395	4267
9	4268	4269	4397	4396	4268
9	4269	4270	4398	4397	4269
9	4270	4271	4399	4398	4270
9	4271	4272	4400	4399	4271
9	4272	4273	4401	4400	4272
9	4273	4274	4402	4401	4273
9	4274	4275	4403	4402	4274
9	4275	4276	4404	4403	4275
9	4276	4277	4405	4404	4276
9	4277	4278	4406	4405	4277
9	4278	4279	4407	4406	4278
9	4279	4280	4408	4407	4279
9	4280	4281	4409	4408	4280
9	4281	4282	4410	4409	4281
9	4282	4283	4411	4410	4282
9	4283	4284	4412	4411	4283
9	4284	4285	4413	4412	4284
9	4285	4286	4414	4413	4285
9	4286	4287	4415	4414	4286
9	4287	4288	4416	4415	4287
9	4288	4289	4417	4416	4288
9	4289	4290	4418	4417	4289
9	4290	4291	4419	4418	4290
9	4291	4292	4420	4419	4291
9	4292	4293	4421	4420	4292
9	4293	4294	4422	4421	4293
9	4294	4295	4423	4422	4294
9	4295	4296	4424	4423	4295
9	4296	4297	4425	4424	4296
9	4297	4298	4426	4425	4297
9	4298	4299	4427	4426	4298
9	4299	4300	4428	4427	4299
9	4300	4301	4429	4428	4300
9	4301	4302	4430	4429	4301
9	4302	4303	4431	4430	4302
9	4303	4304	4432	4431	4303
9	4304	4305	4433	4432	4304
9	4305	4306	4434	4433	4305
9	4306	4307	4435	4434	4306
9	4307	4308	4436	4435	4307
9	4308	4309	4437	4436	4308
9	4309	4310	4438	4437	4309
9	4310	4311	4439	4438	4310
9	4311	4312	4440	4439	4311
9	4312	4313	4441	4440	4312
9	4313	4314	4442	4441	4313
9	4314	4315	4443	4442	4314
9	4315	4316	4444	4443	4315
9	4316	4317	4445	4444	4316
9	4317	4318	4446	4445	4317
9	4318	4319	4447	4446	4318
9	4319	4320	4448	4447	4319
9	4320	4321	4449	4448	4320
9	4321	4322	4450	4449	4321
9	4322	4323	4451	4450	4322
9	4323	4324	4452	4451	4323
9	4324	4325	4453	4452	4324
9	4325	4326	4454	4453	4325
9	4326	4327	4455	4454	4326
9	4327	4328	4456	4455	4327
9	4328	4329	4457	4456	4328
9	4329	4330	4458	4457	4329
9	4330	4331	4459	4458	4330
9	4331	4332	4460	4459	4331
9	4332	4333	4461	4460	4332
9	4333	4334	4462	4461	4333
9	4334	4335	4463	4462	4334
9	4335	4336	4464	4463	4335
9	4336	4337	4465	4464	4336
9	4337	4338	4466	4465	4337
9	4338	4339	4467	4466	4338
9	4339	4340	4468	4467	4339
9	4340	4341	4469	4468	4340
9	4341	4342	4470	4469	4341
9	4342	4343	4471	4470	4342
9	4343	4344	4472	4471	4343
9	4344	4345	4473	4472	4344
9	4345	4346	4474	4473	4345
9	4346	4347	4475	4474	4346
9	4347	4348	4476	4475	4347
9	4348	4349	4477	4476	4348
9	4349	4350	4478	4477	4349
9	4350	4351	4479	4478	4350
9	4351	4224	4352	4479	4351
9	4352	4353	4481	4480	4352
9	4353	4354	4482	4481	4353
9	4354	4355	4483	4482	4354
9	4355	4356	4484	4483	4355
9	4356	4357	4485	4484	4356
9	4357	4358	4486	4485	4357
9	4358	4359	4487	4486	4358
9	4359	4360	4488	4487	4359
9	4360	4361	4489	4488	4360
9	4361	4362	4490	4489	4361
9	4362	4363	4491	4490	4362
9	4363	4364	4492	4491	4363
9	4364	4365	4493	4492	4364
9	4365	4366	4494	4493	4365
9	4366	4367	4495	4494	4366
9	4367	4368	4496	4495	4367
9	4368	4369	4497	4496	4368
9	4369	4370	4498	4497	4369
9	4370	4371	4499	4498	4370
9	4371	4372	4500	4499	4371
9	4372	4373	4501	4500	4372
9	4373	4374	4502	4501	4373
9	4374	4375	4503	4502	4374
9	4375	4376	4504	4503	4375
9	4376	4377	4505	4504	4376
9	4377	4378	4506	4505	4377
9	4378	4379	4507	4506	4378
9	4379	4380	4508	4507	4379
9	4380	4381	4509	4508	4380
9	4381	4382	4510	4509	4381
9	4382	4383	4511	4510	4382
9	4383	4384	4512	4511	4383
9	4384	4385	4513	4512	4384
9	4385	4386	4514	4513	4385
9	4386	4387	4515	4514	4386
9	4387	4388	4516	4515	4387
9	4388	4389	4517	4516	4388
9	4389	4390	4518	4517	4389
9	4390	4391	4519	4518	4390
9	4391	4392	4520	4519	4391
9	4392	4393	4521	4520	4392
9	4393	4394	4522	4521	4393
9	4394	4395	4523	4522	4394
9	4395	4396	4524	4523	4395
9	4396	4397	4525	4524	4396
9	4397	4398	4526	4525	4397
9	4398	4399	4527	4526	4398
9	4399	4400	4528	4527	4399
9	4400	4401	4529	4528	4400
9	4401	4402	4530	4529	4401
9	4402	4403	4531	4530	4402
9	4403	4404	4532	4531	4403
9	4404	4405	4533	4532	4404
9	4405	4406	4534	4533	4405
9	4406	4407	4535	4534	4406
9	4407	4408	4536	4535	4407
9	4408	4409	4537	4536	4408
9	4409	4410	4538	4537	4409
9	4410	4411	4539	4538	4410
9	4411	4412	4540	4539	4411
9	4412	4413	4541	4540	4412
9	4413	4414	4542	4541	4413
9	4414	4415	4543	4542	4414
9	4415	4416	4544	4543	4415
9	4416	4417	4545	4544	4416
9	4417	4418	4546	4545	4417
9	4418	4419	4547	4546	4418
9	4419	4420	4548	4547	4419
9	4420	4421	4549	4548	4420
9	4421	4422	4550	4549	4421
9	4422	4423	4551	4550	4422
9	4423	4424	4552	4551	4423
9	4424	4425	4553	4552	4424
9	4425	4426	4554	4553	4425
9	4426	4427	4555	4554	4426
9	4427	4428	4556	4555	4427
9	4428	4429	4557	4556	4428
9	4429	4430	4558	4557	4429
9	4430	4431	4559	4558	4430
9	4431	4432	4560	4559	4431
9	4432	4433	4561	4560	4432
9	4433	4434	4562	4561	4433
9	4434	4435	4563	4562	4434
9	4435	4436	4564	4563	4435
9	4436	4437	4565	4564	4436
9	4437	4438	4566	4565	4437
9	4438	4439	4567	4566	4438
9	4439	4440	4568	4567	4439
9	4440	4441	4569	4568	4440
9	4441	4442	4570	4569	4441
9	4442	4443	4571	4570	4442
9	4443	4444	4572	4571	4443
9	4444	4445	4573	4572	4444
9	4445	4446	4574	4573	4445
9	4446	4447	4575	4574	4446
9	4447	4448	4576	4575	4447
9	4448	4449	4577	4576	4448
9	4449	4450	4578	4577	4449
9	4450	4451	4579	4578	4450
9	4451	4452	4580	4579	4451
9	4452	4453	4581	4580	4452
9	4453	4454	4582	4581	4453
9	4454	4455	4583	4582	4454
9	4455	4456	4584	4583	4455
9	4456	4457	4585	4584	4456
9	4457	4458	4586	4585	4457
9	4458	4459	4587	4586	4458
9	4459	4460	4588	4587	4459
9	4460	4461	4589	4588	4460
9	4461	4462	4590	4589	4461
9	4462	4463	4591	4590	4462
9	4463	4464	4592	4591	4463
9	4464	4465	4593	4592	4464
9	4465	4466	4594	4593	4465
9	4466	4467	4595	4594	4466
9	4467	4468	4596	4595	4467
9	4468	4469	4597	4596	4468
9	4469	4470	4598	4597	4469
9	4470	4471	4599	4598	4470
9	4471	4472	4600	4599	4471
9	4472	4473	4601	4600	4472
9	4473	4474	4602	4601	4473
9	4474	4475	4603	4602	4474
9	4475	4476	4604	4603	4475
9	4476	4477	4605	4604	4476
9	4477	4478	4606	4605	4477
9	4478	4479	4607	4606	4478
9	4479	4352	4480	4607	4479
9	4480	4481	4609	4608	4480
9	4481	4482	4610	4609	4481
9	4482	4483	4611	4610	4482
9	4483	4484	4612	4611	4483
9	4484	4485	4613	4612	4484
9	4485	4486	4614	4613	4485
9	4486	4487	4615	4614	4486
9	4487	4488	4616	4615	4487
9	4488	4489	4617	4616	4488
9	4489	4490	4618	4617	4489
9	4490	4491	4619	4618	4490
9	4491	4492	4620	4619	4491
9	4492	4493	4621	4620	4492
9	4493	4494	4622	4621	4493
9	4494	4495	4623	4622	4494
9	4495	4496	4624	4623	4495
9	4496	4497	4625	4624	4496
9	4497	4498	4626	4625	4497
9	4498	4499	4627	4626	4498
9	4499	4500	4628	4627	4499
9	4500	4501	4629	4628	4500
9	4501	4502	4630	4629	4501
9	4502	4503	4631	4630	4502
9	4503	4504	4632	4631	4503
9	4504	4505	4633	4632	4504
9	4505	4506	4634	4633	4505
9	4506	4507	4635	4634	4506
9	4507	4508	4636	4635	4507
9	4508	4509	4637	4636	4508
9	4509	4510	4638	4637	4509
9	4510	4511	4639	4638	4510
9	4511	4512	4640	4639	4511
9	4512	4513	4641	4640	4512
9	4513	4514	4642	4641	4513
9	4514	4515	4643	4642	4514
9	4515	4516	4644	4643	4515
9	4516	4517	4645	4644	4516
9	4517	4518	4646	4645	4517
9	4518	4519	4647	4646	4518
9	4519	4520	4648	4647	4519
9	4520	4521	4649	4648	4520
9	4521	4522	4650	4649	4521
9	4522	4523	4651	4650	4522
9	4523	4524	4652	4651	4523
9	4524	4525	4653	4652	4524
9	4525	4526	4654	4653	4525
9	4526	4527	4655	4654	4526
9	4527	4528	4656	4655	4527
9	4528	4529	4657	4656	4528
9	4529	4530	4658	4657	4529
9	4530	4531	4659	4658	4530
9	4531	4532	4660	4659	4531
9	4532	4533	4661	4660	4532
9	4533	4534	4662	4661	4533
9	4534	4535	4663	4662	4534
9	4535	4536	4664	4663	4535
9	4536	4537	4665	4664	4536
9	4537	4538	4666	4665	4537
9	4538	4539	4667	4666	4538
9	4539	4540	4668	4667	4539
9	4540	4541	4669	4668	4540
9	4541	4542	4670	4669	4541
9	4542	4543	4671	4670	4542
9	4543	4544	4672	4671	4543
9	4544	4545	4673	4672	4544
9	4545	4546	4674	4673	4545
9	4546	4547	4675	4674	4546
9	4547	4548	4676	4675	4547
9	4548	4549	4677	4676	4548
9	4549	4550	4678	4677	4549
9	4550	4551	4679	4678	4550
9	4551	4552	4680	4679	4551
9	4552	4553	4681	4680	4552
9	4553	4554	4682	4681	4553
9	4554	4555	4683	4682	4554
9	4555	4556	4684	4683	4555
9	4556	4557	4685	4684	4556
9	4557	4558	4686	4685	4557
9	4558	4559	4687	4686	4558
9	4559	4560	4688	4687	4559
9	4560	4561	4689	4688	4560
9	4561	4562	4690	4689	4561
9	4562	4563	4691	4690	4562
9	4563	4564	4692	4691	4563
9	4564	4565	4693	4692	4564
9	4565	4566	4694	4693	4565
9	4566	4567	4695	4694	4566
9	4567	4568	4696	4695	4567
9	4568	4569	4697	4696	4568
9	4569	4570	4698	4697	4569
9	4570	4571	4699	4698	4570
9	4571	4572	4700	4699	4571
9	4572	4573	4701	4700	4572
9	4573	4574	4702	4701	4573
9	4574	4575	4703	4702	4574
9	4575	4576	4704	4703	4575
9	4576	4577	4705	4704	4576
9	4577	4578	4706	4705	4577
9	4578	4579	4707	4706	4578
9	4579	4580	4708	4707	4579
9	4580	4581	4709	4708	4580
9	4581	4582	4710	4709	4581
9	4582	4583	4711	4710	4582
9	4583	4584	4712	4711	4583
9	4584	4585	4713	4712	4584
9	4585	4586	4714	4713	4585
9	4586	4587	4715	4714	4586
9	4587	4588	4716	4715	4587
9	4588	4589	4717	4716	4588
9	4589	4590	4718	4717	4589
9	4590	4591	4719	4718	4590
9	4591	4592	4720	4719	4591
9	4592	4593	4721	4720	4592
9	4593	4594	4722	4721	4593
9	4594	4595	4723	4722	4594
9	4595	4596	4724	4723	4595
9	4596	4597	4725	4724	4596
9	4597	4598	4726	4725	4597
9	4598	4599	4727	4726	4598
9	4599	4600	4728	4727	4599
9	4600	4601	4729	4728	4600
9	4601	4602	4730	4729	4601
9	4602	4603	4731	4730	4602
9	4603	4604	4732	4731	4603
9	4604	4605	4733	4732	4604
9	4605	4606	4734	4733	4605
9	4606	4607	4735	4734	4606
9	4607	4480	4608	4735	4607
9	4608	4609	4737	4736	4608
9	4609	4610	4738	4737	4609
9	4610	4611	4739	4738	4610
9	4611	4612	4740	4739	4611
9	4612	4613	4741	4740	4612
9	4613	4614	4742	4741	4613
9	4614	4615	4743	4742	4614
9	4615	4616	4744	4743	4615
9	4616	4617	4745	4744	4616
9	4617	4618	4746	4745	4617
9	4618	4619	4747	4746	4618
9	4619	4620	4748	4747	4619
9	4620	4621	4749	4748	4620
9	4621	4622	4750	4749	4621
9	4622	4623	4751	4750	4622
9	4623	4624	4752	4751	4623
9	4624	4625	4753	4752	4624
9	4625	4626	4754	4753	4625
9	4626	4627	4755	4754	4626
9	4627	4628	4756	4755	4627
9	4628	4629	4757	4756	4628
9	4629	4630	4758	4757	4629
9	4630	4631	4759	4758	4630
9	4631	4632	4760	4759	4631
9	4632	4633	4761	4760	4632
9	4633	4634	4762	4761	4633
9	4634	4635	4763	4762	4634
9	4635	4636	4764	4763	4635
9	4636	4637	4765	4764	4636
9	4637	4638	4766	4765	4637
9	4638	4639	4767	4766	4638
9	4639	4640	4768	4767	4639
9	4640	4641	4769	4768	4640
9	4641	4642	4770	4769	4641
9	4642	4643	4771	4770	4642
9	4643	4644	4772	4771	4643
9	4644	4645	4773	4772	4644
9	4645	4646	4774	4773	4645
9	4646	4647	4775	4774	4646
9	4647	4648	4776	4775	4647
9	4648	4649	4777	4776	4648
9	4649	4650	4778	4777	4649
9	4650	4651	4779	4778	4650
9	4651	4652	4780	4779	4651
9	4652	4653	4781	4780	4652
9	4653	4654	4782	4781	4653
9	4654	4655	4783	4782	4654
9	4655	4656	4784	4783	4655
9	4656	4657	4785	4784	4656
9	4657	4658	4786	4785	4657
9	4658	4659	4787	4786	4658
9	4659	4660	4788	4787	4659
9	4660	4661	4789	4788	4660
9	4661	4662	4790	4789	4661
9	4662	4663	4791	4790	4662
9	4663	4664	4792	4791	4663
9	4664	4665	4793	4792	4664
9	4665	4666	4794	4793	4665
9	4666	4667	4795	4794	4666
9	4667	4668	4796	4795	4667
9	4668	4669	4797	4796	4668
9	4669	4670	4798	4797	4669
9	4670	4671	4799	4798	4670
9	4671	4672	4800	4799	4671
9	4672	4673	4801	4800	4672
9	4673	4674	4802	4801	4673
9	4674	4675	4803	4802	4674
9	4675	4676	4804	4803	4675
9	4676	4677	4805	4804	4676
9	4677	4678	4806	4805	4677
9	4678	4679	4807	4806	4678
9	4679	4680	4808	4807	4679
9	4680	4681	4809	4808	4680
9	4681	4682	4810	4809	4681
9	4682	4683	4811	4810	4682
9	4683	4684	4812	4811	4683
9	4684	4685	4813	4812	4684
9	4685	4686	4814	4813	4685
9	4686	4687	4815	4814	4686
9	4687	4688	4816	4815	4687
9	4688	4689	4817	4816	4688
9	4689	4690	4818	4817	4689
9	4690	4691	4819	4818	4690
9	4691	4692	4820	4819	4691
9	4692	4693	4821	4820	4692
9	4693	4694	4822	4821	4693
9	4694	4695	4823	4822	4694
9	4695	4696	4824	4823	4695
9	4696	4697	4825	4824	4696
9	4697	4698	4826	4825	4697
9	4698	4699	4827	4826	4698
9	4699	4700	4828	4827	4699
9	4700	4701	4829	4828	4700
9	4701	4702	4830	4829	4701
9	4702	4703	4831	4830	4702
9	4703	4704	4832	4831	4703
9	4704	4705	4833	4832	4704
9	4705	4706	4834	4833	4705
9	4706	4707	4835	4834	4706
9	4707	4708	4836	4835	4707
9	4708	4709	4837	4836	4708
9	4709	4710	4838	4837	4709
9	4710	4711	4839	4838	4710
9	4711	4712	4840	4839	4711
9	4712	4713	4841	4840	4712
9	4713	4714	4842	4841	4713
9	4714	4715	4843	4842	4714
9	4715	4716	4844	4843	4715
9	4716	4717	4845	4844	4716
9	4717	4718	4846	4845	4717
9	4718	4719	4847	4846	4718
9	4719	4720	4848	4847	4719
9	4720	4721	4849	4848	4720
9	4721	4722	4850	4849	4721
9	4722	4723	4851	4850	4722
9	4723	4724	4852	4851	4723
9	4724	4725	4853	4852	4724
9	4725	4726	4854	4853	4725
9	4726	4727	4855	4854	4726
9	4727	4728	4856	4855	4727
9	4728	4729	4857	4856	4728
9	4729	4730	4858	4857	4729
9	4730	4731	4859	4858	4730
9	4731	4732	4860	4859	4731
9	4732	4733	4861	4860	4732
9	4733	4734	4862	4861	4733
9	4734	4735	4863	4862	4734
9	4735	4608	4736	4863	4735
9	4736	4737	4865	4864	4736
9	4737	4738	4866	4865	4737
9	4738	4739	4867	4866	4738
9	4739	4740	4868	4867	4739
9	4740	4741	4869	4868	4740
9	4741	4742	4870	4869	4741
9	4742	4743	4871	4870	4742
9	4743	4744	4872	4871	4743
9	4744	4745	4873	4872	4744
9	4745	4746	4874	4873	4745
9	4746	4747	4875	4874	4746
9	4747	4748	4876	4875	4747
9	4748	4749	4877	4876	4748
9	4749	4750	4878	4877	4749
9	4750	4751	4879	4878	4750
9	4751	4752	4880	4879	4751
9	4752	4753	4881	4880	4752
9	4753	4754	4882	4881	4753
9	4754	4755	4883	4882	4754
9	4755	4756	4884	4883	4755
9	4756	4757	4885	4884	4756
9	4757	4758	4886	4885	4757
9	4758	4759	4887	4886	4758
9	4759	4760	4888	4887	4759
9	4760	4761	4889	4888	4760
9	4761	4762	4890	4889	4761
9	4762	4763	4891	4890	4762
9	4763	4764	4892	4891	4763
9	4764	4765	4893	4892	4764
9	4765	4766	4894	4893	4765
9	4766	4767	4895	4894	4766
9	4767	4768	4896	4895	4767
9	4768	4769	4897	4896	4768
9	4769	4770	4898	4897	4769
9	4770	4771	4899	4898	4770
9	4771	4772	4900	4899	4771
9	4772	4773	4901	4900	4772
9	4773	4774	4902	4901	4773
9	4774	4775	4903	4902	4774
9	4775	4776	4904	4903	4775
9	4776	4777	4905	4904	4776
9	4777	4778	4906	4905	4777
9	4778	4779	4907	4906	4778
9	4779	4780	4908	4907	4779
9	4780	4781	4909	4908	4780
9	4781	4782	4910	4909	4781
9	4782	4783	4911	4910	4782
9	4783	4784	4912	4911	4783
9	4784	4785	4913	4912	4784
9	4785	4786	4914	4913	4785
9	4786	4787	4915	4914	4786
9	4787	4788	4916	4915	4787
9	4788	4789	4917	4916	4788
9	4789	4790	4918	4917	4789
9	4790	4791	4919	4918	4790
9	4791	4792	4920	4919	4791
9	4792	4793	4921	4920	4792
9	4793	4794	4922	4921	4793
9	4794	4795	4923	4922	4794
9	4795	4796	4924	4923	4795
9	4796	4797	4925	4924	4796
9	4797	4798	4926	4925	4797
9	4798	4799	4927	4926	4798
9	4799	4800	4928	4927	4799
9	4800	4801	4929	4928	4800
9	4801	4802	4930	4929	4801
9	4802	4803	4931	4930	4802
9	4803	4804	4932	4931	4803
9	4804	4805	4933	4932	4804
9	4805	4806	4934	4933	4805
9	4806	4807	4935	4934	4806
9	4807	4808	4936	4935	4807
9	4808	4809	4937	4936	4808
9	4809	4810	4938	4937	4809
9	4810	4811	4939	4938	4810
9	4811	4812	4940	4939	4811
9	4812	4813	4941	4940	4812
9	4813	4814	4942	4941	4813
9	4814	4815	4943	4942	4814
9	4815	4816	4944	4943	4815
9	4816	4817	4945	4944	4816
9	4817	4818	4946	4945	4817
9	4818	4819	4947	4946	4818
9	4819	4820	4948	4947	4819
9	4820	4821	4949	4948	4820
9	4821	4822	4950	4949	4821
9	4822	4823	4951	4950	4822
9	4823	4824	4952	4951	4823
9	4824	4825	4953	4952	4824
9	4825	4826	4954	4953	4825
9	4826	4827	4955	4954	4826
9	4827	4828	4956	4955	4827
9	4828	4829	4957	4956	4828
9	4829	4830	4958	4957	4829
9	4830	4831	4959	4958	4830
9	4831	4832	4960	4959	4831
9	4832	4833	4961	4960	4832
9	4833	4834	4962	4961	4833
9	4834	4835	4963	4962	4834
9	4835	4836	4964	4963	4835
9	4836	4837	4965	4964	4836
9	4837	4838	4966	4965	4837
9	4838	4839	4967	4966	4838
9	4839	4840	4968	4967	4839
9	4840	4841	4969	4968	4840
9	4841	4842	4970	4969	4841
9	4842	4843	4971	4970	4842
9	4843	4844	4972	4971	4843
9	4844	4845	4973	4972	4844
9	4845	4846	4974	4973	4845
9	4846	4847	4975	4974	4846
9	4847	4848	4976	4975	4847
9	4848	4849	4977	4976	4848
9	4849	4850	4978	4977	4849
9	4850	4851	4979	4978	4850
9	4851	4852	4980	4979	4851
9	4852	4853	4981	4980	4852
9	4853	4854	4982	4981	4853
9	4854	4855	4983	4982	4854
9	4855	4856	4984	4983	4855
9	4856	4857	4985	4984	4856
9	4857	4858	4986	4985	4857
9	4858	4859	4987	4986	4858
9	4859	4860	4988	4987	4859
9	4860	4861	4989	4988	4860
9	4861	4862	4990	4989	4861
9	4862	4863	4991	4990	4862
9	4863	4736	4864	4991	4863
9	4864	4865	4993	4992	4864
9	4865	4866	4994	4993	4865
9	4866	4867	4995	4994	4866
9	4867	4868	4996	4995	4867
9	4868	4869	4997	4996	4868
9	4869	4870	4998	4997	4869
9	4870	4871	4999	4998	4870
9	4871	4872	5000	4999	4871
9	4872	4873	5001	5000	4872
9	4873	4874	5002	5001	4873
9	4874	4875	5003	5002	4874
9	4875	4876	5004	5003	4875
9	4876	4877	5005	5004	4876
9	4877	4878	5006	5005	4877
9	4878	4879	5007	5006	4878
9	4879	4880	5008	5007	4879
9	4880	4881	5009	5008	4880
9	4881	4882	5010	5009	4881
9	4882	4883	5011	5010	4882
9	4883	4884	5012	5011	4883
9	4884	4885	5013	5012	4884
9	4885	4886	5014	5013	4885
9	4886	4887	5015	5014	4886
9	4887	4888	5016	5015	4887
9	4888	4889	5017	5016	4888
9	4889	4890	5018	5017	4889
9	4890	4891	5019	5018	4890
9	4891	4892	5020	5019	4891
9	4892	4893	5021	5020	4892
9	4893	4894	5022	5021	4893
9	4894	4895	5023	5022	4894
9	4895	4896	5024	5023	4895
9	4896	4897	5025	5024	4896
9	4897	4898	5026	5025	4897
9	4898	4899	5027	5026	4898
9	4899	4900	5028	5027	4899
9	4900	4901	5029	5028	4900
9	4901	4902	5030	5029	4901
9	4902	4903	5031	5030	4902
9	4903	4904	5032	5031	4903
9	4904	4905	5033	5032	4904
9	4905	4906	5034	5033	4905
9	4906	4907	5035	5034	4906
9	4907	4908	5036	5035	4907
9	4908	4909	5037	5036	4908
9	4909	4910	5038	5037	4909
9	4910	4911	5039	5038	4910
9	4911	4912	5040	5039	4911
9	4912	4913	5041	5040	4912
9	4913	4914	5042	5041	4913
9	4914	4915	5043	5042	4914
9	4915	4916	5044	5043	4915
9	4916	4917	5045	5044	4916
9	4917	4918	5046	5045	4917
9	4918	4919	5047	5046	4918
9	4919	4920	5048	5047	4919
9	4920	4921	5049	5048	4920
9	4921	4922	5050	5049	4921
9	4922	4923	5051	5050	4922
9	4923	4924	5052	5051	4923
9	4924	4925	5053	5052	4924
9	4925	4926	5054	5053	4925
9	4926	4927	5055	5054	4926
9	4927	4928	5056	5055	4927
9	4928	4929	5057	5056	4928
9	4929	4930	5058	5057	4929
9	4930	4931	5059	5058	4930
9	4931	4932	5060	5059	4931
9	4932	4933	5061	5060	4932
9	4933	4934	5062	5061	4933
9	4934	4935	5063	5062	4934
9	4935	4936	5064	5063	4935
9	4936	4937	5065	5064	4936
9	4937	4938	5066	5065	4937
9	4938	4939	5067	5066	4938
9	4939	4940	5068	5067	4939
9	4940	4941	5069	5068	4940
9	4941	4942	5070	5069	4941
9	4942	4943	5071	5070	4942
9	4943	4944	5072	5071	4943
9	4944	4945	5073	5072	4944
9	4945	4946	5074	5073	4945
9	4946	4947	5075	5074	4946
9	4947	4948	5076	5075	4947
9	4948	4949	5077	5076	4948
9	4949	4950	5078	5077	4949
9	4950	4951	5079	5078	4950
9	4951	4952	5080	5079	4951
9	4952	4953	5081	5080	4952
9	4953	4954	5082	5081	4953
9	4954	4955	5083	5082	4954
9	4955	4956	5084	5083	4955
9	4956	4957	5085	5084	4956
9	4957	4958	5086	5085	4957
9	4958	4959	5087	5086	4958
9	4959	4960	5088	5087	4959
9	4960	4961	5089	5088	4960
9	4961	4962	5090	5089	4961
9	4962	4963	5091	5090	4962
9	4963	4964	5092	5091	4963
9	4964	4965	5093	5092	4964
9	4965	4966	5094	5093	4965
9	4966	4967	5095	5094	4966
9	4967	4968	5096	5095	4967
9	4968	4969	5097	5096	4968
9	4969	4970	5098	5097	4969
9	4970	4971	5099	5098	4970
9	4971	4972	5100	5099	4971
9	4972	4973	5101	5100	4972
9	4973	4974	5102	5101	4973
9	4974	4975	5103	5102	4974
9	4975	4976	5104	5103	4975
9	4976	4977	5105	5104	4976
9	4977	4978	5106	5105	4977
9	4978	4979	5107	5106	4978
9	4979	4980	5108	5107	4979
9	4980	4981	5109	5108	4980
9	4981	4982	5110	5109	4981
9	4982	4983	5111	5110	4982
9	4983	4984	5112	5111	4983
9	4984	4985	5113	5112	4984
9	4985	4986	5114	5113	4985
9	4986	4987	5115	5114	4986
9	4987	4988	5116	5115	4987
9	4988	4989	5117	5116	4988
9	4989	4990	5118	5117	4989
9	4990	4991	5119	5118	4990
9	4991	4864	4992	5119	4991
9	4992	4993	5121	5120	4992
9	4993	4994	5122	5121	4993
9	4994	4995	5123	5122	4994
9	4995	4996	5124	5123	4995
9	4996	4997	5125	5124	4996
9	4997	4998	5126	5125	4997
9	4998	4999	5127	5126	4998
9	4999	5000	5128	5127	4999
9	5000	5001	5129	5128	5000
9	5001	5002	5130	5129	5001
9	5002	5003	5131	5130	5002
9	5003	5004	5132	5131	5003
9	5004	5005	5133	5132	5004
9	5005	5006	5134	5133	5005
9	5006	5007	5135	5134	5006
9	5007	5008	5136	5135	5007
9	5008	5009	5137	5136	5008
9	5009	5010	5138	5137	5009
9	5010	5011	5139	5138	5010
9	5011	5012	5140	5139	5011
9	5012	5013	5141	5140	5012
9	5013	5014	5142	5141	5013
9	5014	5015	5143	5142	5014
9	5015	5016	5144	5143	5015
9	5016	5017	5145	5144	5016
9	5017	5018	5146	5145	5017
9	5018	5019	5147	5146	5018
9	5019	5020	5148	5147	5019
9	5020	5021	5149	5148	5020
9	5021	5022	5150	5149	5021
9	5022	5023	5151	5150	5022
9	5023	5024	5152	5151	5023
9	5024	5025	5153	5152	5024
9	5025	5026	5154	5153	5025
9	5026	5027	5155	5154	5026
9	5027	5028	5156	5155	5027
9	5028	5029	5157	5156	5028
9	5029	5030	5158	5157	5029
9	5030	5031	5159	5158	5030
9	5031	5032	5160	5159	5031
9	5032	5033	5161	5160	5032
9	5033	5034	5162	5161	5033
9	5034	5035	5163	5162	5034
9	5035	5036	5164	5163	5035
9	5036	5037	5165	5164	5036
9	5037	5038	5166	5165	5037
9	5038	5039	5167	5166	5038
9	5039	5040	5168	5167	5039
9	5040	5041	5169	5168	5040
9	5041	5042	5170	5169	5041
9	5042	5043	5171	5170	5042
9	5043	5044	5172	5171	5043
9	5044	5045	5173	5172	5044
9	5045	5046	5174	5173	5045
9	5046	5047	5175	5174	5046
9	5047	5048	5176	5175	5047
9	5048	5049	5177	5176	5048
9	5049	5050	5178	5177	5049
9	5050	5051	5179	5178	5050
9	5051	5052	5180	5179	5051
9	5052	5053	5181	5180	5052
9	5053	5054	5182	5181	5053
9	5054	5055	5183	5182	5054
9	5055	5056	5184	5183	5055
9	5056	5057	5185	5184	5056
9	5057	5058	5186	5185	5057
9	5058	5059	5187	5186	5058
9	5059	5060	5188	5187	5059
9	5060	5061	5189	5188	5060
9	5061	5062	5190	5189	5061
9	5062	5063	5191	5190	5062
9	5063	5064	5192	5191	5063
9	5064	5065	5193	5192	5064
9	5065	5066	5194	5193	5065
9	5066	5067	5195	5194	5066
9	5067	5068	5196	5195	5067
9	5068	5069	5197	5196	5068
9	5069	5070	5198	5197	5069
9	5070	5071	5199	5198	5070
9	5071	5072	5200	5199	5071
9	5072	5073	5201	5200	5072
9	5073	5074	5202	5201	5073
9	5074	5075	5203	5202	5074
9	5075	5076	5204	5203	5075
9	5076	5077	5205	5204	5076
9	5077	5078	5206	5205	5077
9	5078	5079	5207	5206	5078
9	5079	5080	5208	5207	5079
9	5080	5081	5209	5208	5080
9	5081	5082	5210	5209	5081
9	5082	5083	5211	5210	5082
9	5083	5084	5212	5211	5083
9	5084	5085	5213	5212	5084
9	5085	5086	5214	5213	5085
9	5086	5087	5215	5214	5086
9	5087	5088	5216	5215	5087
9	5088	5089	5217	5216	5088
9	5089	5090	5218	5217	5089
9	5090	5091	5219	5218	5090
9	5091	5092	5220	5219	5091
9	5092	5093	5221	5220	5092
9	5093	5094	5222	5221	5093
9	5094	5095	5223	5222	5094
9	5095	5096	5224	5223	5095
9	5096	5097	5225	5224	5096
9	5097	5098	5226	5225	5097
9	5098	5099	5227	5226	5098
9	5099	5100	5228	5227	5099
9	5100	5101	5229	5228	5100
9	5101	5102	5230	5229	5101
9	5102	5103	5231	5230	5102
9	5103	5104	5232	5231	5103
9	5104	5105	5233	5232	5104
9	5105	5106	5234	5233	5105
9	5106	5107	5235	5234	5106
9	5107	5108	5236	5235	5107
9	5108	5109	5237	5236	5108
9	5109	5110	5238	5237	5109
9	5110	5111	5239	5238	5110
9	5111	5112	5240	5239	5111
9	5112	5113	5241	5240	5112
9	5113	5114	5242	5241	5113
9	5114	5115	5243	5242	5114
9	5115	5116	5244	5243	5115
9	5116	5117	5245	5244	5116
9	5117	5118	5246	5245	5117
9	5118	5119	5247	5246	5118
9	5119	4992	5120	5247	5119
9	5120	5121	5249	5248	5120
9	5121	5122	5250	5249	5121
9	5122	5123	5251	5250	5122
9	5123	5124	5252	5251	5123
9	5124	5125	5253	5252	5124
9	5125	5126	5254	5253	5125
9	5126	5127	5255	5254	5126
9	5127	5128	5256	5255	5127
9	5128	5129	5257	5256	5128
9	5129	5130	5258	5257	5129
9	5130	5131	5259	5258	5130
9	5131	5132	5260	5259	5131
9	5132	5133	5261	5260	5132
9	5133	5134	5262	5261	5133
9	5134	5135	5263	5262	5134
9	5135	5136	5264	5263	5135
9	5136	5137	5265	5264	5136
9	5137	5138	5266	5265	5137
9	5138	5139	5267	5266	5138
9	5139	5140	5268	5267	5139
9	5140	5141	5269	5268	5140
9	5141	5142	5270	5269	5141
9	5142	5143	5271	5270	5142
9	5143	5144	5272	5271	5143
9	5144	5145	5273	5272	5144
9	5145	5146	5274	5273	5145
9	5146	5147	5275	5274	5146
9	5147	5148	5276	5275	5147
9	5148	5149	5277	5276	5148
9	5149	5150	5278	5277	5149
9	5150	5151	5279	5278	5150
9	5151	5152	5280	5279	5151
9	5152	5153	5281	5280	5152
9	5153	5154	5282	5281	5153
9	5154	5155	5283	5282	5154
9	5155	5156	5284	5283	5155
9	5156	5157	5285	5284	5156
9	5157	5158	5286	5285	5157
9	5158	5159	5287	5286	5158
9	5159	5160	5288	5287	5159
9	5160	5161	5289	5288	5160
9	5161	5162	5290	5289	5161
9	5162	5163	5291	5290	5162
9	5163	5164	5292	5291	5163
9	5164	5165	5293	5292	5164
9	5165	5166	5294	5293	5165
9	5166	5167	5295	5294	5166
9	5167	5168	5296	5295	5167
9	5168	5169	5297	5296	5168
9	5169	5170	5298	5297	5169
9	5170	5171	5299	5298	5170
9	5171	5172	5300	5299	5171
9	5172	5173	5301	5300	5172
9	5173	5174	5302	5301	5173
9	5174	5175	5303	5302	5174
9	5175	5176	5304	5303	5175
9	5176	5177	5305	5304	5176
9	5177	5178	5306	5305	5177
9	5178	5179	5307	5306	5178
9	5179	5180	5308	5307	5179
9	5180	5181	5309	5308	5180
9	5181	5182	5310	5309	5181
9	5182	5183	5311	5310	5182
9	5183	5184	5312	5311	5183
9	5184	5185	5313	5312	5184
9	5185	5186	5314	5313	5185
9	5186	5187	5315	5314	5186
9	5187	5188	5316	5315	5187
9	5188	5189	5317	5316	5188
9	5189	5190	5318	5317	5189
9	5190	5191	5319	5318	5190
9	5191	5192	5320	5319	5191
9	5192	5193	5321	5320	5192
9	5193	5194	5322	5321	5193
9	5194	5195	5323	5322	5194
9	5195	5196	5324	5323	5195
9	5196	5197	5325	5324	5196
9	5197	5198	5326	5325	5197
9	5198	5199	5327	5326	5198
9	5199	5200	5328	5327	5199
9	5200	5201	5329	5328	5200
9	5201	5202	5330	5329	5201
9	5202	5203	5331	5330	5202
9	5203	5204	5332	5331	5203
9	5204	5205	5333	5332	5204
9	5205	5206	5334	5333	5205
9	5206	5207	5335	5334	5206
9	5207	5208	5336	5335	5207
9	5208	5209	5337	5336	5208
9	5209	5210	5338	5337	5209
9	5210	5211	5339	5338	5210
9	5211	5212	5340	5339	5211
9	5212	5213	5341	5340	5212
9	5213	5214	5342	5341	5213
9	5214	5215	5343	5342	5214
9	5215	5216	5344	5343	5215
9	5216	5217	5345	5344	5216
9	5217	5218	5346	5345	5217
9	5218	5219	5347	5346	5218
9	5219	5220	5348	5347	5219
9	5220	5221	5349	5348	5220
9	5221	5222	5350	5349	5221
9	5222	5223	5351	5350	5222
9	5223	5224	5352	5351	5223
9	5224	5225	5353	5352	5224
9	5225	5226	5354	5353	5225
9	5226	5227	5355	5354	5226
9	5227	5228	5356	5355	5227
9	5228	5229	5357	5356	5228
9	5229	5230	5358	5357	5229
9	5230	5231	5359	5358	5230
9	5231	5232	5360	5359	5231
9	5232	5233	5361	5360	5232
9	5233	5234	5362	5361	5233
9	5234	5235	5363	5362	5234
9	5235	5236	5364	5363	5235
9	5236	5237	5365	5364	5236
9	5237	5238	5366	5365	5237
9	5238	5239	5367	5366	5238
9	5239	5240	5368	5367	5239
9	5240	5241	5369	5368	5240
9	5241	5242	5370	5369	5241
9	5242	5243	5371	5370	5242
9	5243	5244	5372	5371	5243
9	5244	5245	5373	5372	5244
9	5245	5246	5374	5373	5245
9	5246	5247	5375	5374	5246
9	5247	5120	5248	5375	5247
9	5248	5249	5377	5376	5248
9	5249	5250	5378	5377	5249
9	5250	5251	5379	5378	5250
9	5251	5252	5380	5379	5251
9	5252	5253	5381	5380	5252
9	5253	5254	5382	5381	5253
9	5254	5255	5383	5382	5254
9	5255	5256	5384	5383	5255
9	5256	5257	5385	5384	5256
9	5257	5258	5386	5385	5257
9	5258	5259	5387	5386	5258
9	5259	5260	5388	5387	5259
9	5260	5261	5389	5388	5260
9	5261	5262	5390	5389	5261
9	5262	5263	5391	5390	5262
9	5263	5264	5392	5391	5263
9	5264	5265	5393	5392	5264
9	5265	5266	5394	5393	5265
9	5266	5267	5395	5394	5266
9	5267	5268	5396	5395	5267
9	5268	5269	5397	5396	5268
9	5269	5270	5398	5397	5269
9	5270	5271	5399	5398	5270
9	5271	5272	5400	5399	5271
9	5272	5273	5401	5400	5272
9	5273	5274	5402	5401	5273
9	5274	5275	5403	5402	5274
9	5275	5276	5404	5403	5275
9	5276	5277	5405	5404	5276
9	5277	5278	5406	5405	5277
9	5278	5279	5407	5406	5278
9	5279	5280	5408	5407	5279
9	5280	5281	5409	5408	5280
9	5281	5282	5410	5409	5281
9	5282	5283	5411	5410	5282
9	5283	5284	5412	5411	5283
9	5284	5285	5413	5412	5284
9	5285	5286	5414	5413	5285
9	5286	5287	5415	5414	5286
9	5287	5288	5416	5415	5287
9	5288	5289	5417	5416	5288
9	5289	5290	5418	5417	5289
9	5290	5291	5419	5418	5290
9	5291	5292	5420	5419	5291
9	5292	5293	5421	5420	5292
9	5293	5294	5422	5421	5293
9	5294	5295	5423	5422	5294
9	5295	5296	5424	5423	5295
9	5296	5297	5425	5424	5296
9	5297	5298	5426	5425	5297
9	5298	5299	5427	5426	5298
9	5299	5300	5428	5427	5299
9	5300	5301	5429	5428	5300
9	5301	5302	5430	5429	5301
9	5302	5303	5431	5430	5302
9	5303	5304	5432	5431	5303
9	5304	5305	5433	5432	5304
9	5305	5306	5434	5433	5305
9	5306	5307	5435	5434	5306
9	5307	5308	5436	5435	5307
9	5308	5309	5437	5436	5308
9	5309	5310	5438	5437	5309
9	5310	5311	5439	5438	5310
9	5311	5312	5440	5439	5311
9	5312	5313	5441	5440	5312
9	5313	5314	5442	5441	5313
9	5314	5315	5443	5442	5314
9	5315	5316	5444	5443	5315
9	5316	5317	5445	5444	5316
9	5317	5318	5446	5445	5317
9	5318	5319	5447	5446	5318
9	5319	5320	5448	5447	5319
9	5320	5321	5449	5448	5320
9	5321	5322	5450	5449	5321
9	5322	5323	5451	5450	5322
9	5323	5324	5452	5451	5323
9	5324	5325	5453	5452	5324
9	5325	5326	5454	5453	5325
9	5326	5327	5455	5454	5326
9	5327	5328	5456	5455	5327
9	5328	5329	5457	5456	5328
9	5329	5330	5458	5457	5329
9	5330	5331	5459	5458	5330
9	5331	5332	5460	5459	5331
9	5332	5333	5461	5460	5332
9	5333	5334	5462	5461	5333
9	5334	5335	5463	5462	5334
9	5335	5336	5464	5463	5335
9	5336	5337	5465	5464	5336
9	5337	5338	5466	5465	5337
9	5338	5339	5467	5466	5338
9	5339	5340	5468	5467	5339
9	5340	5341	5469	5468	5340
9	5341	5342	5470	5469	5341
9	5342	5343	5471	5470	5342
9	5343	5344	5472	5471	5343
9	5344	5345	5473	5472	5344
9	5345	5346	5474	5473	5345
9	5346	5347	5475	5474	5346
9	5347	5348	5476	5475	5347
9	5348	5349	5477	5476	5348
9	5349	5350	5478	5477	5349
9	5350	5351	5479	5478	5350
9	5351	5352	5480	5479	5351
9	5352	5353	5481	5480	5352
9	5353	5354	5482	5481	5353
9	5354	5355	5483	5482	5354
9	5355	5356	5484	5483	5355
9	5356	5357	5485	5484	5356
9	5357	5358	5486	5485	5357
9	5358	5359	5487	5486	5358
9	5359	5360	5488	5487	5359
9	5360	5361	5489	5488	5360
9	5361	5362	5490	5489	5361
9	5362	5363	5491	5490	5362
9	5363	5364	5492	5491	5363
9	5364	5365	5493	5492	5364
9	5365	5366	5494	5493	5365
9	5366	5367	5495	5494	5366
9	5367	5368	5496	5495	5367
9	5368	5369	5497	5496	5368
9	5369	5370	5498	5497	5369
9	5370	5371	5499	5498	5370
9	5371	5372	5500	5499	5371
9	5372	5373	5501	5500	5372
9	5373	5374	5502	5501	5373
9	5374	5375	5503	5502	5374
9	5375	5248	5376	5503	5375
9	5376	5377	5505	5504	5376
9	5377	5378	5506	5505	5377
9	5378	5379	5507	5506	5378
9	5379	5380	5508	5507	5379
9	5380	5381	5509	5508	5380
9	5381	5382	5510	5509	5381
9	5382	5383	5511	5510	5382
9	5383	5384	5512	5511	5383
9	5384	5385	5513	5512	5384
9	5385	5386	5514	5513	5385
9	5386	5387	5515	5514	5386
9	5387	5388	5516	5515	5387
9	5388	5389	5517	5516	5388
9	5389	5390	5518	5517	5389
9	5390	5391	5519	5518	5390
9	5391	5392	5520	5519	5391
9	5392	5393	5521	5520	5392
9	5393	5394	5522	5521	5393
9	5394	5395	5523	5522	5394
9	5395	5396	5524	5523	5395
9	5396	5397	5525	5524	5396
9	5397	5398	5526	5525	5397
9	5398	5399	5527	5526	5398
9	5399	5400	5528	5527	5399
9	5400	5401	5529	5528	5400
9	5401	5402	5530	5529	5401
9	5402	5403	5531	5530	5402
9	5403	5404	5532	5531	5403
9	5404	5405	5533	5532	5404
9	5405	5406	5534	5533	5405
9	5406	5407	5535	5534	5406
9	5407	5408	5536	5535	5407
9	5408	5409	5537	5536	5408
9	5409	5410	5538	5537	5409
9	5410	5411	5539	5538	5410
9	5411	5412	5540	5539	5411
9	5412	5413	5541	5540	5412
9	5413	5414	5542	5541	5413
9	5414	5415	5543	5542	5414
9	5415	5416	5544	5543	5415
9	5416	5417	5545	5544	5416
9	5417	5418	5546	5545	5417
9	5418	5419	5547	5546	5418
9	5419	5420	5548	5547	5419
9	5420	5421	5549	5548	5420
9	5421	5422	5550	5549	5421
9	5422	5423	5551	5550	5422
9	5423	5424	5552	5551	5423
9	5424	5425	5553	5552	5424
9	5425	5426	5554	5553	5425
9	5426	5427	5555	5554	5426
9	5427	5428	5556	5555	5427
9	5428	5429	5557	5556	5428
9	5429	5430	5558	5557	5429
9	5430	5431	5559	5558	5430
9	5431	5432	5560	5559	5431
9	5432	5433	5561	5560	5432
9	5433	5434	5562	5561	5433
9	5434	5435	5563	5562	5434
9	5435	5436	5564	5563	5435
9	5436	5437	5565	5564	5436
9	5437	5438	5566	5565	5437
9	5438	5439	5567	5566	5438
9	5439	5440	5568	5567	5439
9	5440	5441	5569	5568	5440
9	5441	5442	5570	5569	5441
9	5442	5443	5571	5570	5442
9	5443	5444	5572	5571	5443
9	5444	5445	5573	5572	5444
9	5445	5446	5574	5573	5445
9	5446	5447	5575	5574	5446
9	5447	5448	5576	5575	5447
9	5448	5449	5577	5576	5448
9	5449	5450	5578	5577	5449
9	5450	5451	5579	5578	5450
9	5451	5452	5580	5579	5451
9	5452	5453	5581	5580	5452
9	5453	5454	5582	5581	5453
9	5454	5455	5583	5582	5454
9	5455	5456	5584	5583	5455
9	5456	5457	5585	5584	5456
9	5457	5458	5586	5585	5457
9	5458	5459	5587	5586	5458
9	5459	5460	5588	5587	5459
9	5460	5461	5589	5588	5460
9	5461	5462	5590	5589	5461
9	5462	5463	5591	5590	5462
9	5463	5464	5592	5591	5463
9	5464	5465	5593	5592	5464
9	5465	5466	5594	5593	5465
9	5466	5467	5595	5594	5466
9	5467	5468	5596	5595	5467
9	5468	5469	5597	5596	5468
9	5469	5470	5598	5597	5469
9	5470	5471	5599	5598	5470
9	5471	5472	5600	5599	5471
9	5472	5473	5601	5600	5472
9	5473	5474	5602	5601	5473
9	5474	5475	5603	5602	5474
9	5475	5476	5604	5603	5475
9	5476	5477	5605	5604	5476
9	5477	5478	5606	5605	5477
9	5478	5479	5607	5606	5478
9	5479	5480	5608	5607	5479
9	5480	5481	5609	5608	5480
9	5481	5482	5610	5609	5481
9	5482	5483	5611	5610	5482
9	5483	5484	5612	5611	5483
9	5484	5485	5613	5612	5484
9	5485	5486	5614	5613	5485
9	5486	5487	5615	5614	5486
9	5487	5488	5616	5615	5487
9	5488	5489	5617	5616	5488
9	5489	5490	5618	5617	5489
9	5490	5491	5619	5618	5490
9	5491	5492	5620	5619	5491
9	5492	5493	5621	5620	5492
9	5493	5494	5622	5621	5493
9	5494	5495	5623	5622	5494
9	5495	5496	5624	5623	5495
9	5496	5497	5625	5624	5496
9	5497	5498	5626	5625	5497
9	5498	5499	5627	5626	5498
9	5499	5500	5628	5627	5499
9	5500	5501	5629	5628	5500
9	5501	5502	5630	5629	5501
9	5502	5503	5631	5630	5502
9	5503	5376	5504	5631	5503
9	5504	5505	5633	5632	5504
9	5505	5506	5634	5633	5505
9	5506	5507	5635	5634	5506
9	5507	5508	5636	5635	5507
9	5508	5509	5637	5636	5508
9	5509	5510	5638	5637	5509
9	5510	5511	5639	5638	5510
9	5511	5512	5640	5639	5511
9	5512	5513	5641	5640	5512
9	5513	5514	5642	5641	5513
9	5514	5515	5643	5642	5514
9	5515	5516	5644	5643	5515
9	5516	5517	5645	5644	5516
9	5517	5518	5646	5645	5517
9	5518	5519	5647	5646	5518
9	5519	5520	5648	5647	5519
9	5520	5521	5649	5648	5520
9	5521	5522	5650	5649	5521
9	5522	5523	5651	5650	5522
9	5523	5524	5652	5651	5523
9	5524	5525	5653	5652	5524
9	5525	5526	5654	5653	5525
9	5526	5527	5655	5654	5526
9	5527	5528	5656	5655	5527
9	5528	5529	5657	5656	5528
9	5529	5530	5658	5657	5529
9	5530	5531	5659	5658	5530
9	5531	5532	5660	5659	5531
9	5532	5533	5661	5660	5532
9	5533	5534	5662	5661	5533
9	5534	5535	5663	5662	5534
9	5535	5536	5664	5663	5535
9	5536	5537	5665	5664	5536
9	5537	5538	5666	5665	5537
9	5538	5539	5667	5666	5538
9	5539	5540	5668	5667	5539
9	5540	5541	5669	5668	5540
9	5541	5542	5670	5669	5541
9	5542	5543	5671	5670	5542
9	5543	5544	5672	5671	5543
9	5544	5545	5673	5672	5544
9	5545	5546	5674	5673	5545
9	5546	5547	5675	5674	5546
9	5547	5548	5676	5675	5547
9	5548	5549	5677	5676	5548
9	5549	5550	5678	5677	5549
9	5550	5551	5679	5678	5550
9	5551	5552	5680	5679	5551
9	5552	5553	5681	5680	5552
9	5553	5554	5682	5681	5553
9	5554	5555	5683	5682	5554
9	5555	5556	5684	5683	5555
9	5556	5557	5685	5684	5556
9	5557	5558	5686	5685	5557
9	5558	5559	5687	5686	5558
9	5559	5560	5688	5687	5559
9	5560	5561	5689	5688	5560
9	5561	5562	5690	5689	5561
9	5562	5563	5691	5690	5562
9	5563	5564	5692	5691	5563
9	5564	5565	5693	5692	5564
9	5565	5566	5694	5693	5565
9	5566	5567	5695	5694	5566
9	5567	5568	5696	5695	5567
9	5568	5569	5697	5696	5568
9	5569	5570	5698	5697	5569
9	5570	5571	5699	5698	5570
9	5571	5572	5700	5699	5571
9	5572	5573	5701	5700	5572
9	5573	5574	5702	5701	5573
9	5574	5575	5703	5702	5574
9	5575	5576	5704	5703	5575
9	5576	5577	5705	5704	5576
9	5577	5578	5706	5705	5577
9	5578	5579	5707	5706	5578
9	5579	5580	5708	5707	5579
9	5580	5581	5709	5708	5580
9	5581	5582	5710	5709	5581
9	5582	5583	5711	5710	5582
9	5583	5584	5712	5711	5583
9	5584	5585	5713	5712	5584
9	5585	5586	5714	5713	5585
9	5586	5587	5715	5714	5586
9	5587	5588	5716	5715	5587
9	5588	5589	5717	5716	5588
9	5589	5590	5718	5717	5589
9	5590	5591	5719	5718	5590
9	5591	5592	5720	5719	5591
9	5592	5593	5721	5720	5592
9	5593	5594	5722	5721	5593
9	5594	5595	5723	5722	5594
9	5595	5596	5724	5723	5595
9	5596	5597	5725	5724	5596
9	5597	5598	5726	5725	5597
9	5598	5599	5727	5726	5598
9	5599	5600	5728	5727	5599
9	5600	5601	5729	5728	5600
9	5601	5602	5730	5729	5601
9	5602	5603	5731	5730	5602
9	5603	5604	5732	5731	5603
9	5604	5605	5733	5732	5604
9	5605	5606	5734	5733	5605
9	5606	5607	5735	5734	5606
9	5607	5608	5736	5735	5607
9	5608	5609	5737	5736	5608
9	5609	5610	5738	5737	5609
9	5610	5611	5739	5738	5610
9	5611	5612	5740	5739	5611
9	5612	5613	5741	5740	5612
9	5613	5614	5742	5741	5613
9	5614	5615	5743	5742	5614
9	5615	5616	5744	5743	5615
9	5616	5617	5745	5744	5616
9	5617	5618	5746	5745	5617
9	5618	5619	5747	5746	5618
9	5619	5620	5748	5747	5619
9	5620	5621	5749	5748	5620
9	5621	5622	5750	5749	5621
9	5622	5623	5751	5750	5622
9	5623	5624	5752	5751	5623
9	5624	5625	5753	5752	5624
9	5625	5626	5754	5753	5625
9	5626	5627	5755	5754	5626
9	5627	5628	5756	5755	5627
9	5628	5629	5757	5756	5628
9	5629	5630	5758	5757	5629
9	5630	5631	5759	5758	5630
9	5631	5504	5632	5759	5631
9	5632	5633	5761	5760	5632
9	5633	5634	5762	5761	5633
9	5634	5635	5763	5762	5634
9	5635	5636	5764	5763	5635
9	5636	5637	5765	5764	5636
9	5637	5638	5766	5765	5637
9	5638	5639	5767	5766	5638
9	5639	5640	5768	5767	5639
9	5640	5641	5769	5768	5640
9	5641	5642	5770	5769	5641
9	5642	5643	5771	5770	5642
9	5643	5644	5772	5771	5643
9	5644	5645	5773	5772	5644
9	5645	5646	5774	5773	5645
9	5646	5647	5775	5774	5646
9	5647	5648	5776	5775	5647
9	5648	5649	5777	5776	5648
9	5649	5650	5778	5777	5649
9	5650	5651	5779	5778	5650
9	5651	5652	5780	5779	5651
9	5652	5653	5781	5780	5652
9	5653	5654	5782	5781	5653
9	5654	5655	5783	5782	5654
9	5655	5656	5784	5783	5655
9	5656	5657	5785	5784	5656
9	5657	5658	5786	5785	5657
9	5658	5659	5787	5786	5658
9	5659	5660	5788	5787	5659
9	5660	5661	5789	5788	5660
9	5661	5662	5790	5789	5661
9	5662	5663	5791	5790	5662
9	5663	5664	5792	5791	5663
9	5664	5665	5793	5792	5664
9	5665	5666	5794	5793	5665
9	5666	5667	5795	5794	5666
9	5667	5668	5796	5795	5667
9	5668	5669	5797	5796	5668
9	5669	5670	5798	5797	5669
9	5670	5671	5799	5798	5670
9	5671	5672	5800	5799	5671
9	5672	5673	5801	5800	5672
9	5673	5674	5802	5801	5673
9	5674	5675	5803	5802	5674
9	5675	5676	5804	5803	5675
9	5676	5677	5805	5804	5676
9	5677	5678	5806	5805	5677
9	5678	5679	5807	5806	5678
9	5679	5680	5808	5807	5679
9	5680	5681	5809	5808	5680
9	5681	5682	5810	5809	5681
9	5682	5683	5811	5810	5682
9	5683	5684	5812	5811	5683
9	5684	5685	5813	5812	5684
9	5685	5686	5814	5813	5685
9	5686	5687	5815	5814	5686
9	5687	5688	5816	5815	5687
9	5688	5689	5817	5816	5688
9	5689	5690	5818	5817	5689
9	5690	5691	5819	5818	5690
9	5691	5692	5820	5819	5691
9	5692	5693	5821	5820	5692
9	5693	5694	5822	5821	5693
9	5694	5695	5823	5822	5694
9	5695	5696	5824	5823	5695
9	5696	5697	5825	5824	5696
9	5697	5698	5826	5825	5697
9	5698	5699	5827	5826	5698
9	5699	5700	5828	5827	5699
9	5700	5701	5829	5828	5700
9	5701	5702	5830	5829	5701
9	5702	5703	5831	5830	5702
9	5703	5704	5832	5831	5703
9	5704	5705	5833	5832	5704
9	5705	5706	5834	5833	5705
9	5706	5707	5835	5834	5706
9	5707	5708	5836	5835	5707
9	5708	5709	5837	5836	5708
9	5709	5710	5838	5837	5709
9	5710	5711	5839	5838	5710
9	5711	5712	5840	5839	5711
9	5712	5713	5841	5840	5712
9	5713	5714	5842	5841	5713
9	5714	5715	5843	5842	5714
9	5715	5716	5844	5843	5715
9	5716	5717	5845	5844	5716
9	5717	5718	5846	5845	5717
9	5718	5719	5847	5846	5718
9	5719	5720	5848	5847	5719
9	5720	5721	5849	5848	5720
9	5721	5722	5850	5849	5721
9	5722	5723	5851	5850	5722
9	5723	5724	5852	5851	5723
9	5724	5725	5853	5852	5724
9	5725	5726	5854	5853	5725
9	5726	5727	5855	5854	5726
9	5727	5728	5856	5855	5727
9	5728	5729	5857	5856	5728
9	5729	5730	5858	5857	5729
9	5730	5731	5859	5858	5730
9	5731	5732	5860	5859	5731
9	5732	5733	5861	5860	5732
9	5733	5734	5862	5861	5733
9	5734	5735	5863	5862	5734
9	5735	5736	5864	5863	5735
9	5736	5737	5865	5864	5736
9	5737	5738	5866	5865	5737
9	5738	5739	5867	5866	5738
9	5739	5740	5868	5867	5739
9	5740	5741	5869	5868	5740
9	5741	5742	5870	5869	5741
9	5742	5743	5871	5870	5742
9	5743	5744	5872	5871	5743
9	5744	5745	5873	5872	5744
9	5745	5746	5874	5873	5745
9	5746	5747	5875	5874	5746
9	5747	5748	5876	5875	5747
9	5748	5749	5877	5876	5748
9	5749	5750	5878	5877	5749
9	5750	5751	5879	5878	5750
9	5751	5752	5880	5879	5751
9	5752	5753	5881	5880	5752
9	5753	5754	5882	5881	5753
9	5754	5755	5883	5882	5754
9	5755	5756	5884	5883	5755
9	5756	5757	5885	5884	5756
9	5757	5758	5886	5885	5757
9	5758	5759	5887	5886	5758
9	5759	5632	5760	5887	5759
9	5760	5761	5889	5888	5760
9	5761	5762	5890	5889	5761
9	5762	5763	5891	5890	5762
9	5763	5764	5892	5891	5763
9	5764	5765	5893	5892	5764
9	5765	5766	5894	5893	5765
9	5766	5767	5895	5894	5766
9	5767	5768	5896	5895	5767
9	5768	5769	5897	5896	5768
9	5769	5770	5898	5897	5769
9	5770	5771	5899	5898	5770
9	5771	5772	5900	5899	5771
9	5772	5773	5901	5900	5772
9	5773	5774	5902	5901	5773
9	5774	5775	5903	5902	5774
9	5775	5776	5904	5903	5775
9	5776	5777	5905	5904	5776
9	5777	5778	5906	5905	5777
9	5778	5779	5907	5906	5778
9	5779	5780	5908	5907	5779
9	5780	5781	5909	5908	5780
9	5781	5782	5910	5909	5781
9	5782	5783	5911	5910	5782
9	5783	5784	5912	5911	5783
9	5784	5785	5913	5912	5784
9	5785	5786	5914	5913	5785
9	5786	5787	5915	5914	5786
9	5787	5788	5916	5915	5787
9	5788	5789	5917	5916	5788
9	5789	5790	5918	5917	5789
9	5790	5791	5919	5918	5790
9	5791	5792	5920	5919	5791
9	5792	5793	5921	5920	5792
9	5793	5794	5922	5921	5793
9	5794	5795	5923	5922	5794
9	5795	5796	5924	5923	5795
9	5796	5797	5925	5924	5796
9	5797	5798	5926	5925	5797
9	5798	5799	5927	5926	5798
9	5799	5800	5928	5927	5799
9	5800	5801	5929	5928	5800
9	5801	5802	5930	5929	5801
9	5802	5803	5931	5930	5802
9	5803	5804	5932	5931	5803
9	5804	5805	5933	5932	5804
9	5805	5806	5934	5933	5805
9	5806	5807	5935	5934	5806
9	5807	5808	5936	5935	5807
9	5808	5809	5937	5936	5808
9	5809	5810	5938	5937	5809
9	5810	5811	5939	5938	5810
9	5811	5812	5940	5939	5811
9	5812	5813	5941	5940	5812
9	5813	5814	5942	5941	5813
9	5814	5815	5943	5942	5814
9	5815	5816	5944	5943	5815
9	5816	5817	5945	5944	5816
9	5817	5818	5946	5945	5817
9	5818	5819	5947	5946	5818
9	5819	5820	5948	5947	5819
9	5820	5821	5949	5948	5820
9	5821	5822	5950	5949	5821
9	5822	5823	5951	5950	5822
9	5823	5824	5952	5951	5823
9	5824	5825	5953	5952	5824
9	5825	5826	5954	5953	5825
9	5826	5827	5955	5954	5826
9	5827	5828	5956	5955	5827
9	5828	5829	5957	5956	5828
9	5829	5830	5958	5957	5829
9	5830	5831	5959	5958	5830
9	5831	5832	5960	5959	5831
9	5832	5833	5961	5960	5832
9	5833	5834	5962	5961	5833
9	5834	5835	5963	5962	5834
9	5835	5836	5964	5963	5835
9	5836	5837	5965	5964	5836
9	5837	5838	5966	5965	5837
9	5838	5839	5967	5966	5838
9	5839	5840	5968	5967	5839
9	5840	5841	5969	5968	5840
9	5841	5842	5970	5969	5841
9	5842	5843	5971	5970	5842
9	5843	5844	5972	5971	5843
9	5844	5845	5973	5972	5844
9	5845	5846	5974	5973	5845
9	5846	5847	5975	5974	5846
9	5847	5848	5976	5975	5847
9	5848	5849	5977	5976	5848
9	5849	5850	5978	5977	5849
9	5850	5851	5979	5978	5850
9	5851	5852	5980	5979	5851
9	5852	5853	5981	5980	5852
9	5853	5854	5982	5981	5853
9	5854	5855	5983	5982	5854
9	5855	5856	5984	5983	5855
9	5856	5857	5985	5984	5856
9	5857	5858	5986	5985	5857
9	5858	5859	5987	5986	5858
9	5859	5860	5988	5987	5859
9	5860	5861	5989	5988	5860
9	5861	5862	5990	5989	5861
9	5862	5863	5991	5990	5862
9	5863	5864	5992	5991	5863
9	5864	5865	5993	5992	5864
9	5865	5866	5994	5993	5865
9	5866	5867	5995	5994	5866
9	5867	5868	5996	5995	5867
9	5868	5869	5997	5996	5868
9	5869	5870	5998	5997	5869
9	5870	5871	5999	5998	5870
9	5871	5872	6000	5999	5871
9	5872	5873	6001	6000	5872
9	5873	5874	6002	6001	5873
9	5874	5875	6003	6002	5874
9	5875	5876	6004	6003	5875
9	5876	5877	6005	6004	5876
9	5877	5878	6006	6005	5877
9	5878	5879	6007	6006	5878
9	5879	5880	6008	6007	5879
9	5880	5881	6009	6008	5880
9	5881	5882	6010	6009	5881
9	5882	5883	6011	6010	5882
9	5883	5884	6012	6011	5883
9	5884	5885	6013	6012	5884
9	5885	5886	6014	6013	5885
9	5886	5887	6015	6014	5886
9	5887	5760	5888	6015	5887
9	5888	5889	6017	6016	5888
9	5889	5890	6018	6017	5889
9	5890	5891	6019	6018	5890
9	5891	5892	6020	6019	5891
9	5892	5893	6021	6020	5892
9	5893	5894	6022	6021	5893
9	5894	5895	6023	6022	5894
9	5895	5896	6024	6023	5895
9	5896	5897	6025	6024	5896
9	5897	5898	6026	6025	5897
9	5898	5899	6027	6026	5898
9	5899	5900	6028	6027	5899
9	5900	5901	6029	6028	5900
9	5901	5902	6030	6029	5901
9	5902	5903	6031	6030	5902
9	5903	5904	6032	6031	5903
9	5904	5905	6033	6032	5904
9	5905	5906	6034	6033	5905
9	5906	5907	6035	6034	5906
9	5907	5908	6036	6035	5907
9	5908	5909	6037	6036	5908
9	5909	5910	6038	6037	5909
9	5910	5911	6039	6038	5910
9	5911	5912	6040	6039	5911
9	5912	5913	6041	6040	5912
9	5913	5914	6042	6041	5913
9	5914	5915	6043	6042	5914
9	5915	5916	6044	6043	5915
9	5916	5917	6045	6044	5916
9	5917	5918	6046	6045	5917
9	5918	5919	6047	6046	5918
9	5919	5920	6048	6047	5919
9	5920	5921	6049	6048	5920
9	5921	5922	6050	6049	5921
9	5922	5923	6051	6050	5922
9	5923	5924	6052	6051	5923
9	5924	5925	6053	6052	5924
9	5925	5926	6054	6053	5925
9	5926	5927	6055	6054	5926
9	5927	5928	6056	6055	5927
9	5928	5929	6057	6056	5928
9	5929	5930	6058	6057	5929
9	5930	5931	6059	6058	5930
9	5931	5932	6060	6059	5931
9	5932	5933	6061	6060	5932
9	5933	5934	6062	6061	5933
9	5934	5935	6063	6062	5934
9	5935	5936	6064	6063	5935
9	5936	5937	6065	6064	5936
9	5937	5938	6066	6065	5937
9	5938	5939	6067	6066	5938
9	5939	5940	6068	6067	5939
9	5940	5941	6069	6068	5940
9	5941	5942	6070	6069	5941
9	5942	5943	6071	6070	5942
9	5943	5944	6072	6071	5943
9	5944	5945	6073	6072	5944
9	5945	5946	6074	6073	5945
9	5946	5947	6075	6074	5946
9	5947	5948	6076	6075	5947
9	5948	5949	6077	6076	5948
9	5949	5950	6078	6077	5949
9	5950	5951	6079	6078	5950
9	5951	5952	6080	6079	5951
9	5952	5953	6081	6080	5952
9	5953	5954	6082	6081	5953
9	5954	5955	6083	6082	5954
9	5955	5956	6084	6083	5955
9	5956	5957	6085	6084	5956
9	5957	5958	6086	6085	5957
9	5958	5959	6087	6086	5958
9	5959	5960	6088	6087	5959
9	5960	5961	6089	6088	5960
9	5961	5962	6090	6089	5961
9	5962	5963	6091	6090	5962
9	5963	5964	6092	6091	5963
9	5964	5965	6093	6092	5964
9	5965	5966	6094	6093	5965
9	5966	5967	6095	6094	5966
9	5967	5968	6096	6095	5967
9	5968	5969	6097	6096	5968
9	5969	5970	6098	6097	5969
9	5970	5971	6099	6098	5970
9	5971	5972	6100	6099	5971
9	5972	5973	6101	6100	5972
9	5973	5974	6102	6101	5973
9	5974	5975	6103	6102	5974
9	5975	5976	6104	6103	5975
9	5976	5977	6105	6104	5976
9	5977	5978	6106	6105	5977
9	5978	5979	6107	6106	5978
9	5979	5980	6108	6107	5979
9	5980	5981	6109	6108	5980
9	5981	5982	6110	6109	5981
9	5982	5983	6111	6110	5982
9	5983	5984	6112	6111	5983
9	5984	5985	6113	6112	5984
9	5985	5986	6114	6113	5985
9	5986	5987	6115	6114	5986
9	5987	5988	6116	6115	5987
9	5988	5989	6117	6116	5988
9	5989	5990	6118	6117	5989
9	5990	5991	6119	6118	5990
9	5991	5992	6120	6119	5991
9	5992	5993	6121	6120	5992
9	5993	5994	6122	6121	5993
9	5994	5995	6123	6122	5994
9	5995	5996	6124	6123	5995
9	5996	5997	6125	6124	5996
9	5997	5998	6126	6125	5997
9	5998	5999	6127	6126	5998
9	5999	6000	6128	6127	5999
9	6000	6001	6129	6128	6000
9	6001	6002	6130	6129	6001
9	6002	6003	6131	6130	6002
9	6003	6004	6132	6131	6003
9	6004	6005	6133	6132	6004
9	6005	6006	6134	6133	6005
9	6006	6007	6135	6134	6006
9	6007	6008	6136	6135	6007
9	6008	6009	6137	6136	6008
9	6009	6010	6138	6137	6009
9	6010	6011	6139	6138	6010
9	6011	6012	6140	6139	6011
9	6012	6013	6141	6140	6012
9	6013	6014	6142	6141	6013
9	6014	6015	6143	6142	6014
9	6015	5888	6016	6143	6015
9	6016	6017	6145	6144	6016
9	6017	6018	6146	6145	6017
9	6018	6019	6147	6146	6018
9	6019	6020	6148	6147	6019
9	6020	6021	6149	6148	6020
9	6021	6022	6150	6149	6021
9	6022	6023	6151	6150	6022
9	6023	6024	6152	6151	6023
9	6024	6025	6153	6152	6024
9	6025	6026	6154	6153	6025
9	6026	6027	6155	6154	6026
9	6027	6028	6156	6155	6027
9	6028	6029	6157	6156	6028
9	6029	6030	6158	6157	6029
9	6030	6031	6159	6158	6030
9	6031	6032	6160	6159	6031
9	6032	6033	6161	6160	6032
9	6033	6034	6162	6161	6033
9	6034	6035	6163	6162	6034
9	6035	6036	6164	6163	6035
9	6036	6037	6165	6164	6036
9	6037	6038	6166	6165	6037
9	6038	6039	6167	6166	6038
9	6039	6040	6168	6167	6039
9	6040	6041	6169	6168	6040
9	6041	6042	6170	6169	6041
9	6042	6043	6171	6170	6042
9	6043	6044	6172	6171	6043
9	6044	6045	6173	6172	6044
9	6045	6046	6174	6173	6045
9	6046	6047	6175	6174	6046
9	6047	6048	6176	6175	6047
9	6048	6049	6177	6176	6048
9	6049	6050	6178	6177	6049
9	6050	6051	6179	6178	6050
9	6051	6052	6180	6179	6051
9	6052	6053	6181	6180	6052
9	6053	6054	6182	6181	6053
9	6054	6055	6183	6182	6054
9	6055	6056	6184	6183	6055
9	6056	6057	6185	6184	6056
9	6057	6058	6186	6185	6057
9	6058	6059	6187	6186	6058
9	6059	6060	6188	6187	6059
9	6060	6061	6189	6188	6060
9	6061	6062	6190	6189	6061
9	6062	6063	6191	6190	6062
9	6063	6064	6192	6191	6063
9	6064	6065	6193	6192	6064
9	6065	6066	6194	6193	6065
9	6066	6067	6195	6194	6066
9	6067	6068	6196	6195	6067
9	6068	6069	6197	6196	6068
9	6069	6070	6198	6197	6069
9	6070	6071	6199	6198	6070
9	6071	6072	6200	6199	6071
9	6072	6073	6201	6200	6072
9	6073	6074	6202	6201	6073
9	6074	6075	6203	6202	6074
9	6075	6076	6204	6203	6075
9	6076	6077	6205	6204	6076
9	6077	6078	6206	6205	6077
9	6078	6079	6207	6206	6078
9	6079	6080	6208	6207	6079
9	6080	6081	6209	6208	6080
9	6081	6082	6210	6209	6081
9	6082	6083	6211	6210	6082
9	6083	6084	6212	6211	6083
9	6084	6085	6213	6212	6084
9	6085	6086	6214	6213	6085
9	6086	6087	6215	6214	6086
9	6087	6088	6216	6215	6087
9	6088	6089	6217	6216	6088
9	6089	6090	6218	6217	6089
9	6090	6091	6219	6218	6090
9	6091	6092	6220	6219	6091
9	6092	6093	6221	6220	6092
9	6093	6094	6222	6221	6093
9	6094	6095	6223	6222	6094
9	6095	6096	6224	6223	6095
9	6096	6097	6225	6224	6096
9	6097	6098	6226	6225	6097
9	6098	6099	6227	6226	6098
9	6099	6100	6228	6227	6099
9	6100	6101	6229	6228	6100
9	6101	6102	6230	6229	6101
9	6102	6103	6231	6230	6102
9	6103	6104	6232	6231	6103
9	6104	6105	6233	6232	6104
9	6105	6106	6234	6233	6105
9	6106	6107	6235	6234	6106
9	6107	6108	6236	6235	6107
9	6108	6109	6237	6236	6108
9	6109	6110	6238	6237	6109
9	6110	6111	6239	6238	6110
9	6111	6112	6240	6239	6111
9	6112	6113	6241	6240	6112
9	6113	6114	6242	6241	6113
9	6114	6115	6243	6242	6114
9	6115	6116	6244	6243	6115
9	6116	6117	6245	6244	6116
9	6117	6118	6246	6245	6117
9	6118	6119	6247	6246	6118
9	6119	6120	6248	6247	6119
9	6120	6121	6249	6248	6120
9	6121	6122	6250	6249	6121
9	6122	6123	6251	6250	6122
9	6123	6124	6252	6251	6123
9	6124	6125	6253	6252	6124
9	6125	6126	6254	6253	6125
9	6126	6127	6255	6254	6126
9	6127	6128	6256	6255	6127
9	6128	6129	6257	6256	6128
9	6129	6130	6258	6257	6129
9	6130	6131	6259	6258	6130
9	6131	6132	6260	6259	6131
9	6132	6133	6261	6260	6132
9	6133	6134	6262	6261	6133
9	6134	6135	6263	6262	6134
9	6135	6136	6264	6263	6135
9	6136	6137	6265	6264	6136
9	6137	6138	6266	6265	6137
9	6138	6139	6267	6266	6138
9	6139	6140	6268	6267	6139
9	6140	6141	6269	6268	6140
9	6141	6142	6270	6269	6141
9	6142	6143	6271	6270	6142
9	6143	6016	6144	6271	6143
9	6144	6145	6273	6272	6144
9	6145	6146	6274	6273	6145
9	6146	6147	6275	6274	6146
9	6147	6148	6276	6275	6147
9	6148	6149	6277	6276	6148
9	6149	6150	6278	6277	6149
9	6150	6151	6279	6278	6150
9	6151	6152	6280	6279	6151
9	6152	6153	6281	6280	6152
9	6153	6154	6282	6281	6153
9	6154	6155	6283	6282	6154
9	6155	6156	6284	6283	6155
9	6156	6157	6285	6284	6156
9	6157	6158	6286	6285	6157
9	6158	6159	6287	6286	6158
9	6159	6160	6288	6287	6159
9	6160	6161	6289	6288	6160
9	6161	6162	6290	6289	6161
9	6162	6163	6291	6290	6162
9	6163	6164	6292	6291	6163
9	6164	6165	6293	6292	6164
9	6165	6166	6294	6293	6165
9	6166	6167	6295	6294	6166
9	6167	6168	6296	6295	6167
9	6168	6169	6297	6296	6168
9	6169	6170	6298	6297	6169
9	6170	6171	6299	6298	6170
9	6171	6172	6300	6299	6171
9	6172	6173	6301	6300	6172
9	6173	6174	6302	6301	6173
9	6174	6175	6303	6302	6174
9	6175	6176	6304	6303	6175
9	6176	6177	6305	6304	6176
9	6177	6178	6306	6305	6177
9	6178	6179	6307	6306	6178
9	6179	6180	6308	6307	6179
9	6180	6181	6309	6308	6180
9	6181	6182	6310	6309	6181
9	6182	6183	6311	6310	6182
9	6183	6184	6312	6311	6183
9	6184	6185	6313	6312	6184
9	6185	6186	6314	6313	6185
9	6186	6187	6315	6314	6186
9	6187	6188	6316	6315	6187
9	6188	6189	6317	6316	6188
9	6189	6190	6318	6317	6189
9	6190	6191	6319	6318	6190
9	6191	6192	6320	6319	6191
9	6192	6193	6321	6320	6192
9	6193	6194	6322	6321	6193
9	6194	6195	6323	6322	6194
9	6195	6196	6324	6323	6195
9	6196	6197	6325	6324	6196
9	6197	6198	6326	6325	6197
9	6198	6199	6327	6326	6198
9	6199	6200	6328	6327	6199
9	6200	6201	6329	6328	6200
9	6201	6202	6330	6329	6201
9	6202	6203	6331	6330	6202
9	6203	6204	6332	6331	6203
9	6204	6205	6333	6332	6204
9	6205	6206	6334	6333	6205
9	6206	6207	6335	6334	6206
9	6207	6208	6336	6335	6207
9	6208	6209	6337	6336	6208
9	6209	6210	6338	6337	6209
9	6210	6211	6339	6338	6210
9	6211	6212	6340	6339	6211
9	6212	6213	6341	6340	6212
9	6213	6214	6342	6341	6213
9	6214	6215	6343	6342	6214
9	6215	6216	6344	6343	6215
9	6216	6217	6345	6344	6216
9	6217	6218	6346	6345	6217
9	6218	6219	6347	6346	6218
9	6219	6220	6348	6347	6219
9	6220	6221	6349	6348	6220
9	6221	6222	6350	6349	6221
9	6222	6223	6351	6350	6222
9	6223	6224	6352	6351	6223
9	6224	6225	6353	6352	6224
9	6225	6226	6354	6353	6225
9	6226	6227	6355	6354	6226
9	6227	6228	6356	6355	6227
9	6228	6229	6357	6356	6228
9	6229	6230	6358	6357	6229
9	6230	6231	6359	6358	6230
9	6231	6232	6360	6359	6231
9	6232	6233	6361	6360	6232
9	6233	6234	6362	6361	6233
9	6234	6235	6363	6362	6234
9	6235	6236	6364	6363	6235
9	6236	6237	6365	6364	6236
9	6237	6238	6366	6365	6237
9	6238	6239	6367	6366	6238
9	6239	6240	6368	6367	6239
9	6240	6241	6369	6368	6240
9	6241	6242	6370	6369	6241
9	6242	6243	6371	6370	6242
9	6243	6244	6372	6371	6243
9	6244	6245	6373	6372	6244
9	6245	6246	6374	6373	6245
9	6246	6247	6375	6374	6246
9	6247	6248	6376	6375	6247
9	6248	6249	6377	6376	6248
9	6249	6250	6378	6377	6249
9	6250	6251	6379	6378	6250
9	6251	6252	6380	6379	6251
9	6252	6253	6381	6380	6252
9	6253	6254	6382	6381	6253
9	6254	6255	6383	6382	6254
9	6255	6256	6384	6383	6255
9	6256	6257	6385	6384	6256
9	6257	6258	6386	6385	6257
9	6258	6259	6387	6386	6258
9	6259	6260	6388	6387	6259
9	6260	6261	6389	6388	6260
9	6261	6262	6390	6389	6261
9	6262	6263	6391	6390	6262
9	6263	6264	6392	6391	6263
9	6264	6265	6393	6392	6264
9	6265	6266	6394	6393	6265
9	6266	6267	6395	6394	6266
9	6267	6268	6396	6395	6267
9	6268	6269	6397	6396	6268
9	6269	6270	6398	6397	6269
9	6270	6271	6399	6398	6270
9	6271	6144	6272	6399	6271
9	6272	6273	6401	6400	6272
9	6273	6274	6402	6401	6273
9	6274	6275	6403	6402	6274
9	6275	6276	6404	6403	6275
9	6276	6277	6405	6404	6276
9	6277	6278	6406	6405	6277
9	6278	6279	6407	6406	6278
9	6279	6280	6408	6407	6279
9	6280	6281	6409	6408	6280
9	6281	6282	6410	6409	6281
9	6282	6283	6411	6410	6282
9	6283	6284	6412	6411	6283
9	6284	6285	6413	6412	6284
9	6285	6286	6414	6413	6285
9	6286	6287	6415	6414	6286
9	6287	6288	6416	6415	6287
9	6288	6289	6417	6416	6288
9	6289	6290	6418	6417	6289
9	6290	6291	6419	6418	6290
9	6291	6292	6420	6419	6291
9	6292	6293	6421	6420	6292
9	6293	6294	6422	6421	6293
9	6294	6295	6423	6422	6294
9	6295	6296	6424	6423	6295
9	6296	6297	6425	6424	6296
9	6297	6298	6426	6425	6297
9	6298	6299	6427	6426	6298
9	6299	6300	6428	6427	6299
9	6300	6301	6429	6428	6300
9	6301	6302	6430	6429	6301
9	6302	6303	6431	6430	6302
9	6303	6304	6432	6431	6303
9	6304	6305	6433	6432	6304
9	6305	6306	6434	6433	6305
9	6306	6307	6435	6434	6306
9	6307	6308	6436	6435	6307
9	6308	6309	6437	6436	6308
9	6309	6310	6438	6437	6309
9	6310	6311	6439	6438	6310
9	6311	6312	6440	6439	6311
9	6312	6313	6441	6440	6312
9	6313	6314	6442	6441	6313
9	6314	6315	6443	6442	6314
9	6315	6316	6444	6443	6315
9	6316	6317	6445	6444	6316
9	6317	6318	6446	6445	6317
9	6318	6319	6447	6446	6318
9	6319	6320	6448	6447	6319
9	6320	6321	6449	6448	6320
9	6321	6322	6450	6449	6321
9	6322	6323	6451	6450	6322
9	6323	6324	6452	6451	6323
9	6324	6325	6453	6452	6324
9	6325	6326	6454	6453	6325
9	6326	6327	6455	6454	6326
9	6327	6328	6456	6455	6327
9	6328	6329	6457	6456	6328
9	6329	6330	6458	6457	6329
9	6330	6331	6459	6458	6330
9	6331	6332	6460	6459	6331
9	6332	6333	6461	6460	6332
9	6333	6334	6462	6461	6333
9	6334	6335	6463	6462	6334
9	6335	6336	6464	6463	6335
9	6336	6337	6465	6464	6336
9	6337	6338	6466	6465	6337
9	6338	6339	6467	6466	6338
9	6339	6340	6468	6467	6339
9	6340	6341	6469	6468	6340
9	6341	6342	6470	6469	6341
9	6342	6343	6471	6470	6342
9	6343	6344	6472	6471	6343
9	6344	6345	6473	6472	6344
9	6345	6346	6474	6473	6345
9	6346	6347	6475	6474	6346
9	6347	6348	6476	6475	6347
9	6348	6349	6477	6476	6348
9	6349	6350	6478	6477	6349
9	6350	6351	6479	6478	6350
9	6351	6352	6480	6479	6351
9	6352	6353	6481	6480	6352
9	6353	6354	6482	6481	6353
9	6354	6355	6483	6482	6354
9	6355	6356	6484	6483	6355
9	6356	6357	6485	6484	6356
9	6357	6358	6486	6485	6357
9	6358	6359	6487	6486	6358
9	6359	6360	6488	6487	6359
9	6360	6361	6489	6488	6360
9	6361	6362	6490	6489	6361
9	6362	6363	6491	6490	6362
9	6363	6364	6492	6491	6363
9	6364	6365	6493	6492	6364
9	6365	6366	6494	6493	6365
9	6366	6367	6495	6494	6366
9	6367	6368	6496	6495	6367
9	6368	6369	6497	6496	6368
9	6369	6370	6498	6497	6369
9	6370	6371	6499	6498	6370
9	6371	6372	6500	6499	6371
9	6372	6373	6501	6500	6372
9	6373	6374	6502	6501	6373
9	6374	6375	6503	6502	6374
9	6375	6376	6504	6503	6375
9	6376	6377	6505	6504	6376
9	6377	6378	6506	6505	6377
9	6378	6379	6507	6506	6378
9	6379	6380	6508	6507	6379
9	6380	6381	6509	6508	6380
9	6381	6382	6510	6509	6381
9	6382	6383	6511	6510	6382
9	6383	6384	6512	6511	6383
9	6384	6385	6513	6512	6384
9	6385	6386	6514	6513	6385
9	6386	6387	6515	6514	6386
9	6387	6388	6516	6515	6387
9	6388	6389	6517	6516	6388
9	6389	6390	6518	6517	6389
9	6390	6391	6519	6518	6390
9	6391	6392	6520	6519	6391
9	6392	6393	6521	6520	6392
9	6393	6394	6522	6521	6393
9	6394	6395	6523	6522	6394
9	6395	6396	6524	6523	6395
9	6396	6397	6525	6524	6396
9	6397	6398	6526	6525	6397
9	6398	6399	6527	6526	6398
9	6399	6272	6400	6527	6399
9	6400	6401	6529	6528	6400
9	6401	6402	6530	6529	6401
9	6402	6403	6531	6530	6402
9	6403	6404	6532	6531	6403
9	6404	6405	6533	6532	6404
9	6405	6406	6534	6533	6405
9	6406	6407	6535	6534	6406
9	6407	6408	6536	6535	6407
9	6408	6409	6537	6536	6408
9	6409	6410	6538	6537	6409
9	6410	6411	6539	6538	6410
9	6411	6412	6540	6539	6411
9	6412	6413	6541	6540	6412
9	6413	6414	6542	6541	6413
9	6414	6415	6543	6542	6414
9	6415	6416	6544	6543	6415
9	6416	6417	6545	6544	6416
9	6417	6418	6546	6545	6417
9	6418	6419	6547	6546	6418
9	6419	6420	6548	6547	6419
9	6420	6421	6549	6548	6420
9	6421	6422	6550	6549	6421
9	6422	6423	6551	6550	6422
9	6423	6424	6552	6551	6423
9	6424	6425	6553	6552	6424
9	6425	6426	6554	6553	6425
9	6426	6427	6555	6554	6426
9	6427	6428	6556	6555	6427
9	6428	6429	6557	6556	6428
9	6429	6430	6558	6557	6429
9	6430	6431	6559	6558	6430
9	6431	6432	6560	6559	6431
9	6432	6433	6561	6560	6432
9	6433	6434	6562	6561	6433
9	6434	6435	6563	6562	6434
9	6435	6436	6564	6563	6435
9	6436	6437	6565	6564	6436
9	6437	6438	6566	6565	6437
9	6438	6439	6567	6566	6438
9	6439	6440	6568	6567	6439
9	6440	6441	6569	6568	6440
9	6441	6442	6570	6569	6441
9	6442	6443	6571	6570	6442
9	6443	6444	6572	6571	6443
9	6444	6445	6573	6572	6444
9	6445	6446	6574	6573	6445
9	6446	6447	6575	6574	6446
9	6447	6448	6576	6575	6447
9	6448	6449	6577	6576	6448
9	6449	6450	6578	6577	6449
9	6450	6451	6579	6578	6450
9	6451	6452	6580	6579	6451
9	6452	6453	6581	6580	6452
9	6453	6454	6582	6581	6453
9	6454	6455	6583	6582	6454
9	6455	6456	6584	6583	6455
9	6456	6457	6585	6584	6456
9	6457	6458	6586	6585	6457
9	6458	6459	6587	6586	6458
9	6459	6460	6588	6587	6459
9	6460	6461	6589	6588	6460
9	6461	6462	6590	6589	6461
9	6462	6463	6591	6590	6462
9	6463	6464	6592	6591	6463
9	6464	6465	6593	6592	6464
9	6465	6466	6594	6593	6465
9	6466	6467	6595	6594	6466
9	6467	6468	6596	6595	6467
9	6468	6469	6597	6596	6468
9	6469	6470	6598	6597	6469
9	6470	6471	6599	6598	6470
9	6471	6472	6600	6599	6471
9	6472	6473	6601	6600	6472
9	6473	6474	6602	6601	6473
9	6474	6475	6603	6602	6474
9	6475	6476	6604	6603	6475
9	6476	6477	6605	6604	6476
9	6477	6478	6606	6605	6477
9	6478	6479	6607	6606	6478
9	6479	6480	6608	6607	6479
9	6480	6481	6609	6608	6480
9	6481	6482	6610	6609	6481
9	6482	6483	6611	6610	6482
9	6483	6484	6612	6611	6483
9	6484	6485	6613	6612	6484
9	6485	6486	6614	6613	6485
9	6486	6487	6615	6614	6486
9	6487	6488	6616	6615	6487
9	6488	6489	6617	6616	6488
9	6489	6490	6618	6617	6489
9	6490	6491	6619	6618	6490
9	6491	6492	6620	6619	6491
9	6492	6493	6621	6620	6492
9	6493	6494	6622	6621	6493
9	6494	6495	6623	6622	6494
9	6495	6496	6624	6623	6495
9	6496	6497	6625	6624	6496
9	6497	6498	6626	6625	6497
9	6498	6499	6627	6626	6498
9	6499	6500	6628	6627	6499
9	6500	6501	6629	6628	6500
9	6501	6502	6630	6629	6501
9	6502	6503	6631	6630	6502
9	6503	6504	6632	6631	6503
9	6504	6505	6633	6632	6504
9	6505	6506	6634	6633	6505
9	6506	6507	6635	6634	6506
9	6507	6508	6636	6635	6507
9	6508	6509	6637	6636	6508
9	6509	6510	6638	6637	6509
9	6510	6511	6639	6638	6510
9	6511	6512	6640	6639	6511
9	6512	6513	6641	6640	6512
9	6513	6514	6642	6641	6513
9	6514	6515	6643	6642	6514
9	6515	6516	6644	6643	6515
9	6516	6517	6645	6644	6516
9	6517	6518	6646	6645	6517
9	6518	6519	6647	6646	6518
9	6519	6520	6648	6647	6519
9	6520	6521	6649	6648	6520
9	6521	6522	6650	6649	6521
9	6522	6523	6651	6650	6522
9	6523	6524	6652	6651	6523
9	6524	6525	6653	6652	6524
9	6525	6526	6654	6653	6525
9	6526	6527	6655	6654	6526
9	6527	6400	6528	6655	6527
9	6528	6529	6657	6656	6528
9	6529	6530	6658	6657	6529
9	6530	6531	6659	6658	6530
9	6531	6532	6660	6659	6531
9	6532	6533	6661	6660	6532
9	6533	6534	6662	6661	6533
9	6534	6535	6663	6662	6534
9	6535	6536	6664	6663	6535
9	6536	6537	6665	6664	6536
9	6537	6538	6666	6665	6537
9	6538	6539	6667	6666	6538
9	6539	6540	6668	6667	6539
9	6540	6541	6669	6668	6540
9	6541	6542	6670	6669	6541
9	6542	6543	6671	6670	6542
9	6543	6544	6672	6671	6543
9	6544	6545	6673	6672	6544
9	6545	6546	6674	6673	6545
9	6546	6547	6675	6674	6546
9	6547	6548	6676	6675	6547
9	6548	6549	6677	6676	6548
9	6549	6550	6678	6677	6549
9	6550	6551	6679	6678	6550
9	6551	6552	6680	6679	6551
9	6552	6553	6681	6680	6552
9	6553	6554	6682	6681	6553
9	6554	6555	6683	6682	6554
9	6555	6556	6684	6683	6555
9	6556	6557	6685	6684	6556
9	6557	6558	6686	6685	6557
9	6558	6559	6687	6686	6558
9	6559	6560	6688	6687	6559
9	6560	6561	6689	6688	6560
9	6561	6562	6690	6689	6561
9	6562	6563	6691	6690	6562
9	6563	6564	6692	6691	6563
9	6564	6565	6693	6692	6564
9	6565	6566	6694	6693	6565
9	6566	6567	6695	6694	6566
9	6567	6568	6696	6695	6567
9	6568	6569	6697	6696	6568
9	6569	6570	6698	6697	6569
9	6570	6571	6699	6698	6570
9	6571	6572	6700	6699	6571
9	6572	6573	6701	6700	6572
9	6573	6574	6702	6701	6573
9	6574	6575	6703	6702	6574
9	6575	6576	6704	6703	6575
9	6576	6577	6705	6704	6576
9	6577	6578	6706	6705	6577
9	6578	6579	6707	6706	6578
9	6579	6580	6708	6707	6579
9	6580	6581	6709	6708	6580
9	6581	6582	6710	6709	6581
9	6582	6583	6711	6710	6582
9	6583	6584	6712	6711	6583
9	6584	6585	6713	6712	6584
9	6585	6586	6714	6713	6585
9	6586	6587	6715	6714	6586
9	6587	6588	6716	6715	6587
9	6588	6589	6717	6716	6588
9	6589	6590	6718	6717	6589
9	6590	6591	6719	6718	6590
9	6591	6592	6720	6719	6591
9	6592	6593	6721	6720	6592
9	6593	6594	6722	6721	6593
9	6594	6595	6723	6722	6594
9	6595	6596	6724	6723	6595
9	6596	6597	6725	6724	6596
9	6597	6598	6726	6725	6597
9	6598	6599	6727	6726	6598
9	6599	6600	6728	6727	6599
9	6600	6601	6729	6728	6600
9	6601	6602	6730	6729	6601
9	6602	6603	6731	6730	6602
9	6603	6604	6732	6731	6603
9	6604	6605	6733	6732	6604
9	6605	6606	6734	6733	6605
9	6606	6607	6735	6734	6606
9	6607	6608	6736	6735	6607
9	6608	6609	6737	6736	6608
9	6609	6610	6738	6737	6609
9	6610	6611	6739	6738	6610
9	6611	6612	6740	6739	6611
9	6612	6613	6741	6740	6612
9	6613	6614	6742	6741	6613
9	6614	6615	6743	6742	6614
9	6615	6616	6744	6743	6615
9	6616	6617	6745	6744	6616
9	6617	6618	6746	6745	6617
9	6618	6619	6747	6746	6618
9	6619	6620	6748	6747	6619
9	6620	6621	6749	6748	6620
9	6621	6622	6750	6749	6621
9	6622	6623	6751	6750	6622
9	6623	6624	6752	6751	6623
9	6624	6625	6753	6752	6624
9	6625	6626	6754	6753	6625
9	6626	6627	6755	6754	6626
9	6627	6628	6756	6755	6627
9	6628	6629	6757	6756	6628
9	6629	6630	6758	6757	6629
9	6630	6631	6759	6758	6630
9	6631	6632	6760	6759	6631
9	6632	6633	6761	6760	6632
9	6633	6634	6762	6761	6633
9	6634	6635	6763	6762	6634
9	6635	6636	6764	6763	6635
9	6636	6637	6765	6764	6636
9	6637	6638	6766	6765	6637
9	6638	6639	6767	6766	6638
9	6639	6640	6768	6767	6639
9	6640	6641	6769	6768	6640
9	6641	6642	6770	6769	6641
9	6642	6643	6771	6770	6642
9	6643	6644	6772	6771	6643
9	6644	6645	6773	6772	6644
9	6645	6646	6774	6773	6645
9	6646	6647	6775	6774	6646
9	6647	6648	6776	6775	6647
9	6648	6649	6777	6776	6648
9	6649	6650	6778	6777	6649
9	6650	6651	6779	6778	6650
9	6651	6652	6780	6779	6651
9	6652	6653	6781	6780	6652
9	6653	6654	6782	6781	6653
9	6654	6655	6783	6782	6654
9	6655	6528	6656	6783	6655
9	6656	6657	6785	6784	6656
9	6657	6658	6786	6785	6657
9	6658	6659	6787	6786	6658
9	6659	6660	6788	6787	6659
9	6660	6661	6789	6788	6660
9	6661	6662	6790	6789	6661
9	6662	6663	6791	6790	6662
9	6663	6664	6792	6791	6663
9	6664	6665	6793	6792	6664
9	6665	6666	6794	6793	6665
9	6666	6667	6795	6794	6666
9	6667	6668	6796	6795	6667
9	6668	6669	6797	6796	6668
9	6669	6670	6798	6797	6669
9	6670	6671	6799	6798	6670
9	6671	6672	6800	6799	6671
9	6672	6673	6801	6800	6672
9	6673	6674	6802	6801	6673
9	6674	6675	6803	6802	6674
9	6675	6676	6804	6803	6675
9	6676	6677	6805	6804	6676
9	6677	6678	6806	6805	6677
9	6678	6679	6807	6806	6678
9	6679	6680	6808	6807	6679
9	6680	6681	6809	6808	6680
9	6681	6682	6810	6809	6681
9	6682	6683	6811	6810	6682
9	6683	6684	6812	6811	6683
9	6684	6685	6813	6812	6684
9	6685	6686	6814	6813	6685
9	6686	6687	6815	6814	6686
9	6687	6688	6816	6815	6687
9	6688	6689	6817	6816	6688
9	6689	6690	6818	6817	6689
9	6690	6691	6819	6818	6690
9	6691	6692	6820	6819	6691
9	6692	6693	6821	6820	6692
9	6693	6694	6822	6821	6693
9	6694	6695	6823	6822	6694
9	6695	6696	6824	6823	6695
9	6696	6697	6825	6824	6696
9	6697	6698	6826	6825	6697
9	6698	6699	6827	6826	6698
9	6699	6700	6828	6827	6699
9	6700	6701	6829	6828	6700
9	6701	6702	6830	6829	6701
9	6702	6703	6831	6830	6702
9	6703	6704	6832	6831	6703
9	6704	6705	6833	6832	6704
9	6705	6706	6834	6833	6705
9	6706	6707	6835	6834	6706
9	6707	6708	6836	6835	6707
9	6708	6709	6837	6836	6708
9	6709	6710	6838	6837	6709
9	6710	6711	6839	6838	6710
9	6711	6712	6840	6839	6711
9	6712	6713	6841	6840	6712
9	6713	6714	6842	6841	6713
9	6714	6715	6843	6842	6714
9	6715	6716	6844	6843	6715
9	6716	6717	6845	6844	6716
9	6717	6718	6846	6845	6717
9	6718	6719	6847	6846	6718
9	6719	6720	6848	6847	6719
9	6720	6721	6849	6848	6720
9	6721	6722	6850	6849	6721
9	6722	6723	6851	6850	6722
9	6723	6724	6852	6851	6723
9	6724	6725	6853	6852	6724
9	6725	6726	6854	6853	6725
9	6726	6727	6855	6854	6726
9	6727	6728	6856	6855	6727
9	6728	6729	6857	6856	6728
9	6729	6730	6858	6857	6729
9	6730	6731	6859	6858	6730
9	6731	6732	6860	6859	6731
9	6732	6733	6861	6860	6732
9	6733	6734	6862	6861	6733
9	6734	6735	6863	6862	6734
9	6735	6736	6864	6863	6735
9	6736	6737	6865	6864	6736
9	6737	6738	6866	6865	6737
9	6738	6739	6867	6866	6738
9	6739	6740	6868	6867	6739
9	6740	6741	6869	6868	6740
9	6741	6742	6870	6869	6741
9	6742	6743	6871	6870	6742
9	6743	6744	6872	6871	6743
9	6744	6745	6873	6872	6744
9	6745	6746	6874	6873	6745
9	6746	6747	6875	6874	6746
9	6747	6748	6876	6875	6747
9	6748	6749	6877	6876	6748
9	6749	6750	6878	6877	6749
9	6750	6751	6879	6878	6750
9	6751	6752	6880	6879	6751
9	6752	6753	6881	6880	6752
9	6753	6754	6882	6881	6753
9	6754	6755	6883	6882	6754
9	6755	6756	6884	6883	6755
9	6756	6757	6885	6884	6756
9	6757	6758	6886	6885	6757
9	6758	6759	6887	6886	6758
9	6759	6760	6888	6887	6759
9	6760	6761	6889	6888	6760
9	6761	6762	6890	6889	6761
9	6762	6763	6891	6890	6762
9	6763	6764	6892	6891	6763
9	6764	6765	6893	6892	6764
9	6765	6766	6894	6893	6765
9	6766	6767	6895	6894	6766
9	6767	6768	6896	6895	6767
9	6768	6769	6897	6896	6768
9	6769	6770	6898	6897	6769
9	6770	6771	6899	6898	6770
9	6771	6772	6900	6899	6771
9	6772	6773	6901	6900	6772
9	6773	6774	6902	6901	6773
9	6774	6775	6903	6902	6774
9	6775	6776	6904	6903	6775
9	6776	6777	6905	6904	6776
9	6777	6778	6906	6905	6777
9	6778	6779	6907	6906	6778
9	6779	6780	6908	6907	6779
9	6780	6781	6909	6908	6780
9	6781	6782	6910	6909	6781
9	6782	6783	6911	6910	6782
9	6783	6656	6784	6911	6783
9	6784	6785	6913	6912	6784
9	6785	6786	6914	6913	6785
9	6786	6787	6915	6914	6786
9	6787	6788	6916	6915	6787
9	6788	6789	6917	6916	6788
9	6789	6790	6918	6917	6789
9	6790	6791	6919	6918	6790
9	6791	6792	6920	6919	6791
9	6792	6793	6921	6920	6792
9	6793	6794	6922	6921	6793
9	6794	6795	6923	6922	6794
9	6795	6796	6924	6923	6795
9	6796	6797	6925	6924	6796
9	6797	6798	6926	6925	6797
9	6798	6799	6927	6926	6798
9	6799	6800	6928	6927	6799
9	6800	6801	6929	6928	6800
9	6801	6802	6930	6929	6801
9	6802	6803	6931	6930	6802
9	6803	6804	6932	6931	6803
9	6804	6805	6933	6932	6804
9	6805	6806	6934	6933	6805
9	6806	6807	6935	6934	6806
9	6807	6808	6936	6935	6807
9	6808	6809	6937	6936	6808
9	6809	6810	6938	6937	6809
9	6810	6811	6939	6938	6810
9	6811	6812	6940	6939	6811
9	6812	6813	6941	6940	6812
9	6813	6814	6942	6941	6813
9	6814	6815	6943	6942	6814
9	6815	6816	6944	6943	6815
9	6816	6817	6945	6944	6816
9	6817	6818	6946	6945	6817
9	6818	6819	6947	6946	6818
9	6819	6820	6948	6947	6819
9	6820	6821	6949	6948	6820
9	6821	6822	6950	6949	6821
9	6822	6823	6951	6950	6822
9	6823	6824	6952	6951	6823
9	6824	6825	6953	6952	6824
9	6825	6826	6954	6953	6825
9	6826	6827	6955	6954	6826
9	6827	6828	6956	6955	6827
9	6828	6829	6957	6956	6828
9	6829	6830	6958	6957	6829
9	6830	6831	6959	6958	6830
9	6831	6832	6960	6959	6831
9	6832	6833	6961	6960	6832
9	6833	6834	6962	6961	6833
9	6834	6835	6963	6962	6834
9	6835	6836	6964	6963	6835
9	6836	6837	6965	6964	6836
9	6837	6838	6966	6965	6837
9	6838	6839	6967	6966	6838
9	6839	6840	6968	6967	6839
9	6840	6841	6969	6968	6840
9	6841	6842	6970	6969	6841
9	6842	6843	6971	6970	6842
9	6843	6844	6972	6971	6843
9	6844	6845	6973	6972	6844
9	6845	6846	6974	6973	6845
9	6846	6847	6975	6974	6846
9	6847	6848	6976	6975	6847
9	6848	6849	6977	6976	6848
9	6849	6850	6978	6977	6849
9	6850	6851	6979	6978	6850
9	6851	6852	6980	6979	6851
9	6852	6853	6981	6980	6852
9	6853	6854	6982	6981	6853
9	6854	6855	6983	6982	6854
9	6855	6856	6984	6983	6855
9	6856	6857	6985	6984	6856
9	6857	6858	6986	6985	6857
9	6858	6859	6987	6986	6858
9	6859	6860	6988	6987	6859
9	6860	6861	6989	6988	6860
9	6861	6862	6990	6989	6861
9	6862	6863	6991	6990	6862
9	6863	6864	6992	6991	6863
9	6864	6865	6993	6992	6864
9	6865	6866	6994	6993	6865
9	6866	6867	6995	6994	6866
9	6867	6868	6996	6995	6867
9	6868	6869	6997	6996	6868
9	6869	6870	6998	6997	6869
9	6870	6871	6999	6998	6870
9	6871	6872	7000	6999	6871
9	6872	6873	7001	7000	6872
9	6873	6874	7002	7001	6873
9	6874	6875	7003	7002	6874
9	6875	6876	7004	7003	6875
9	6876	6877	7005	7004	6876
9	6877	6878	7006	7005	6877
9	6878	6879	7007	7006	6878
9	6879	6880	7008	7007	6879
9	6880	6881	7009	7008	6880
9	6881	6882	7010	7009	6881
9	6882	6883	7011	7010	6882
9	6883	6884	7012	7011	6883
9	6884	6885	7013	7012	6884
9	6885	6886	7014	7013	6885
9	6886	6887	7015	7014	6886
9	6887	6888	7016	7015	6887
9	6888	6889	7017	7016	6888
9	6889	6890	7018	7017	6889
9	6890	6891	7019	7018	6890
9	6891	6892	7020	7019	6891
9	6892	6893	7021	7020	6892
9	6893	6894	7022	7021	6893
9	6894	6895	7023	7022	6894
9	6895	6896	7024	7023	6895
9	6896	6897	7025	7024	6896
9	6897	6898	7026	7025	6897
9	6898	6899	7027	7026	6898
9	6899	6900	7028	7027	6899
9	6900	6901	7029	7028	6900
9	6901	6902	7030	7029	6901
9	6902	6903	7031	7030	6902
9	6903	6904	7032	7031	6903
9	6904	6905	7033	7032	6904
9	6905	6906	7034	7033	6905
9	6906	6907	7035	7034	6906
9	6907	6908	7036	7035	6907
9	6908	6909	7037	7036	6908
9	6909	6910	7038	7037	6909
9	6910	6911	7039	7038	6910
9	6911	6784	6912	7039	6911
9	6912	6913	7041	7040	6912
9	6913	6914	7042	7041	6913
9	6914	6915	7043	7042	6914
9	6915	6916	7044	7043	6915
9	6916	6917	7045	7044	6916
9	6917	6918	7046	7045	6917
9	6918	6919	7047	7046	6918
9	6919	6920	7048	7047	6919
9	6920	6921	7049	7048	6920
9	6921	6922	7050	7049	6921
9	6922	6923	7051	7050	6922
9	6923	6924	7052	7051	6923
9	6924	6925	7053	7052	6924
9	6925	6926	7054	7053	6925
9	6926	6927	7055	7054	6926
9	6927	6928	7056	7055	6927
9	6928	6929	7057	7056	6928
9	6929	6930	7058	7057	6929
9	6930	6931	7059	7058	6930
9	6931	6932	7060	7059	6931
9	6932	6933	7061	7060	6932
9	6933	6934	7062	7061	6933
9	6934	6935	7063	7062	6934
9	6935	6936	7064	7063	6935
9	6936	6937	7065	7064	6936
9	6937	6938	7066	7065	6937
9	6938	6939	7067	7066	6938
9	6939	6940	7068	7067	6939
9	6940	6941	7069	7068	6940
9	6941	6942	7070	7069	6941
9	6942	6943	7071	7070	6942
9	6943	6944	7072	7071	6943
9	6944	6945	7073	7072	6944
9	6945	6946	7074	7073	6945
9	6946	6947	7075	7074	6946
9	6947	6948	7076	7075	6947
9	6948	6949	7077	7076	6948
9	6949	6950	7078	7077	6949
9	6950	6951	7079	7078	6950
9	6951	6952	7080	7079	6951
9	6952	6953	7081	7080	6952
9	6953	6954	7082	7081	6953
9	6954	6955	7083	7082	6954
9	6955	6956	7084	7083	6955
9	6956	6957	7085	7084	6956
9	6957	6958	7086	7085	6957
9	6958	6959	7087	7086	6958
9	6959	6960	7088	7087	6959
9	6960	6961	7089	7088	6960
9	6961	6962	7090	7089	6961
9	6962	6963	7091	7090	6962
9	6963	6964	7092	7091	6963
9	6964	6965	7093	7092	6964
9	6965	6966	7094	7093	6965
9	6966	6967	7095	7094	6966
9	6967	6968	7096	7095	6967
9	6968	6969	7097	7096	6968
9	6969	6970	7098	7097	6969
9	6970	6971	7099	7098	6970
9	6971	6972	7100	7099	6971
9	6972	6973	7101	7100	6972
9	6973	6974	7102	7101	6973
9	6974	6975	7103	7102	6974
9	6975	6976	7104	7103	6975
9	6976	6977	7105	7104	6976
9	6977	6978	7106	7105	6977
9	6978	6979	7107	7106	6978
9	6979	6980	7108	7107	6979
9	6980	6981	7109	7108	6980
9	6981	6982	7110	7109	6981
9	6982	6983	7111	7110	6982
9	6983	6984	7112	7111	6983
9	6984	6985	7113	7112	6984
9	6985	6986	7114	7113	6985
9	6986	6987	7115	7114	6986
9	6987	6988	7116	7115	6987
9	6988	6989	7117	7116	6988
9	6989	6990	7118	7117	6989
9	6990	6991	7119	7118	6990
9	6991	6992	7120	7119	6991
9	6992	6993	7121	7120	6992
9	6993	6994	7122	7121	6993
9	6994	6995	7123	7122	6994
9	6995	6996	7124	7123	6995
9	6996	6997	7125	7124	6996
9	6997	6998	7126	7125	6997
9	6998	6999	7127	7126	6998
9	6999	7000	7128	7127	6999
9	7000	7001	7129	7128	7000
9	7001	7002	7130	7129	7001
9	7002	7003	7131	7130	7002
9	7003	7004	7132	7131	7003
9	7004	7005	7133	7132	7004
9	7005	7006	7134	7133	7005
9	7006	7007	7135	7134	7006
9	7007	7008	7136	7135	7007
9	7008	7009	7137	7136	7008
9	7009	7010	7138	7137	7009
9	7010	7011	7139	7138	7010
9	7011	7012	7140	7139	7011
9	7012	7013	7141	7140	7012
9	7013	7014	7142	7141	7013
9	7014	7015	7143	7142	7014
9	7015	7016	7144	7143	7015
9	7016	7017	7145	7144	7016
9	7017	7018	7146	7145	7017
9	7018	7019	7147	7146	7018
9	7019	7020	7148	7147	7019
9	7020	7021	7149	7148	7020
9	7021	7022	7150	7149	7021
9	7022	7023	7151	7150	7022
9	7023	7024	7152	7151	7023
9	7024	7025	7153	7152	7024
9	7025	7026	7154	7153	7025
9	7026	7027	7155	7154	7026
9	7027	7028	7156	7155	7027
9	7028	7029	7157	7156	7028
9	7029	7030	7158	7157	7029
9	7030	7031	7159	7158	7030
9	7031	7032	7160	7159	7031
9	7032	7033	7161	7160	7032
9	7033	7034	7162	7161	7033
9	7034	7035	7163	7162	7034
9	7035	7036	7164	7163	7035
9	7036	7037	7165	7164	7036
9	7037	7038	7166	7165	7037
9	7038	7039	7167	7166	7038
9	7039	6912	7040	7167	7039
9	7040	7041	7169	7168	7040
9	7041	7042	7170	7169	7041
9	7042	7043	7171	7170	7042
9	7043	7044	7172	7171	7043
9	7044	7045	7173	7172	7044
9	7045	7046	7174	7173	7045
9	7046	7047	7175	7174	7046
9	7047	7048	7176	7175	7047
9	7048	7049	7177	7176	7048
9	7049	7050	7178	7177	7049
9	7050	7051	7179	7178	7050
9	7051	7052	7180	7179	7051
9	7052	7053	7181	7180	7052
9	7053	7054	7182	7181	7053
9	7054	7055	7183	7182	7054
9	7055	7056	7184	7183	7055
9	7056	7057	7185	7184	7056
9	7057	7058	7186	7185	7057
9	7058	7059	7187	7186	7058
9	7059	7060	7188	7187	7059
9	7060	7061	7189	7188	7060
9	7061	7062	7190	7189	7061
9	7062	7063	7191	7190	7062
9	7063	7064	7192	7191	7063
9	7064	7065	7193	7192	7064
9	7065	7066	7194	7193	7065
9	7066	7067	7195	7194	7066
9	7067	7068	7196	7195	7067
9	7068	7069	7197	7196	7068
9	7069	7070	7198	7197	7069
9	7070	7071	7199	7198	7070
9	7071	7072	7200	7199	7071
9	7072	7073	7201	7200	7072
9	7073	7074	7202	7201	7073
9	7074	7075	7203	7202	7074
9	7075	7076	7204	7203	7075
9	7076	7077	7205	7204	7076
9	7077	7078	7206	7205	7077
9	7078	7079	7207	7206	7078
9	7079	7080	7208	7207	7079
9	7080	7081	7209	7208	7080
9	7081	7082	7210	7209	7081
9	7082	7083	7211	7210	7082
9	7083	7084	7212	7211	7083
9	7084	7085	7213	7212	7084
9	7085	7086	7214	7213	7085
9	7086	7087	7215	7214	7086
9	7087	7088	7216	7215	7087
9	7088	7089	7217	7216	7088
9	7089	7090	7218	7217	7089
9	7090	7091	7219	7218	7090
9	7091	7092	7220	7219	7091
9	7092	7093	7221	7220	7092
9	7093	7094	7222	7221	7093
9	7094	7095	7223	7222	7094
9	7095	7096	7224	7223	7095
9	7096	7097	7225	7224	7096
9	7097	7098	7226	7225	7097
9	7098	7099	7227	7226	7098
9	7099	7100	7228	7227	7099
9	7100	7101	7229	7228	7100
9	7101	7102	7230	7229	7101
9	7102	7103	7231	7230	7102
9	7103	7104	7232	7231	7103
9	7104	7105	7233	7232	7104
9	7105	7106	7234	7233	7105
9	7106	7107	7235	7234	7106
9	7107	7108	7236	7235	7107
9	7108	7109	7237	7236	7108
9	7109	7110	7238	7237	7109
9	7110	7111	7239	7238	7110
9	7111	7112	7240	7239	7111
9	7112	7113	7241	7240	7112
9	7113	7114	7242	7241	7113
9	7114	7115	7243	7242	7114
9	7115	7116	7244	7243	7115
9	7116	7117	7245	7244	7116
9	7117	7118	7246	7245	7117
9	7118	7119	7247	7246	7118
9	7119	7120	7248	7247	7119
9	7120	7121	7249	7248	7120
9	7121	7122	7250	7249	7121
9	7122	7123	7251	7250	7122
9	7123	7124	7252	7251	7123
9	7124	7125	7253	7252	7124
9	7125	7126	7254	7253	7125
9	7126	7127	7255	7254	7126
9	7127	7128	7256	7255	7127
9	7128	7129	7257	7256	7128
9	7129	7130	7258	7257	7129
9	7130	7131	7259	7258	7130
9	7131	7132	7260	7259	7131
9	7132	7133	7261	7260	7132
9	7133	7134	7262	7261	7133
9	7134	7135	7263	7262	7134
9	7135	7136	7264	7263	7135
9	7136	7137	7265	7264	7136
9	7137	7138	7266	7265	7137
9	7138	7139	7267	7266	7138
9	7139	7140	7268	7267	7139
9	7140	7141	7269	7268	7140
9	7141	7142	7270	7269	7141
9	7142	7143	7271	7270	7142
9	7143	7144	7272	7271	7143
9	7144	7145	7273	7272	7144
9	7145	7146	7274	7273	7145
9	7146	7147	7275	7274	7146
9	7147	7148	7276	7275	7147
9	7148	7149	7277	7276	7148
9	7149	7150	7278	7277	7149
9	7150	7151	7279	7278	7150
9	7151	7152	7280	7279	7151
9	7152	7153	7281	7280	7152
9	7153	7154	7282	7281	7153
9	7154	7155	7283	7282	7154
9	7155	7156	7284	7283	7155
9	7156	7157	7285	7284	7156
9	7157	7158	7286	7285	7157
9	7158	7159	7287	7286	7158
9	7159	7160	7288	7287	7159
9	7160	7161	7289	7288	7160
9	7161	7162	7290	7289	7161
9	7162	7163	7291	7290	7162
9	7163	7164	7292	7291	7163
9	7164	7165	7293	7292	7164
9	7165	7166	7294	7293	7165
9	7166	7167	7295	7294	7166
9	7167	7040	7168	7295	7167
9	7168	7169	7297	7296	7168
9	7169	7170	7298	7297	7169
9	7170	7171	7299	7298	7170
9	7171	7172	7300	7299	7171
9	7172	7173	7301	7300	7172
9	7173	7174	7302	7301	7173
9	7174	7175	7303	7302	7174
9	7175	7176	7304	7303	7175
9	7176	7177	7305	7304	7176
9	7177	7178	7306	7305	7177
9	7178	7179	7307	7306	7178
9	7179	7180	7308	7307	7179
9	7180	7181	7309	7308	7180
9	7181	7182	7310	7309	7181
9	7182	7183	7311	7310	7182
9	7183	7184	7312	7311	7183
9	7184	7185	7313	7312	7184
9	7185	7186	7314	7313	7185
9	7186	7187	7315	7314	7186
9	7187	7188	7316	7315	7187
9	7188	7189	7317	7316	7188
9	7189	7190	7318	7317	7189
9	7190	7191	7319	7318	7190
9	7191	7192	7320	7319	7191
9	7192	7193	7321	7320	7192
9	7193	7194	7322	7321	7193
9	7194	7195	7323	7322	7194
9	7195	7196	7324	7323	7195
9	7196	7197	7325	7324	7196
9	7197	7198	7326	7325	7197
9	7198	7199	7327	7326	7198
9	7199	7200	7328	7327	7199
9	7200	7201	7329	7328	7200
9	7201	7202	7330	7329	7201
9	7202	7203	7331	7330	7202
9	7203	7204	7332	7331	7203
9	7204	7205	7333	7332	7204
9	7205	7206	7334	7333	7205
9	7206	7207	7335	7334	7206
9	7207	7208	7336	7335	7207
9	7208	7209	7337	7336	7208
9	7209	7210	7338	7337	7209
9	7210	7211	7339	7338	7210
9	7211	7212	7340	7339	7211
9	7212	7213	7341	7340	7212
9	7213	7214	7342	7341	7213
9	7214	7215	7343	7342	7214
9	7215	7216	7344	7343	7215
9	7216	7217	7345	7344	7216
9	7217	7218	7346	7345	7217
9	7218	7219	7347	7346	7218
9	7219	7220	7348	7347	7219
9	7220	7221	7349	7348	7220
9	7221	7222	7350	7349	7221
9	7222	7223	7351	7350	7222
9	7223	7224	7352	7351	7223
9	7224	7225	7353	7352	7224
9	7225	7226	7354	7353	7225
9	7226	7227	7355	7354	7226
9	7227	7228	7356	7355	7227
9	7228	7229	7357	7356	7228
9	7229	7230	7358	7357	7229
9	7230	7231	7359	7358	7230
9	7231	7232	7360	7359	7231
9	7232	7233	7361	7360	7232
9	7233	7234	7362	7361	7233
9	7234	7235	7363	7362	7234
9	7235	7236	7364	7363	7235
9	7236	7237	7365	7364	7236
9	7237	7238	7366	7365	7237
9	7238	7239	7367	7366	7238
9	7239	7240	7368	7367	7239
9	7240	7241	7369	7368	7240
9	7241	7242	7370	7369	7241
9	7242	7243	7371	7370	7242
9	7243	7244	7372	7371	7243
9	7244	7245	7373	7372	7244
9	7245	7246	7374	7373	7245
9	7246	7247	7375	7374	7246
9	7247	7248	7376	7375	7247
9	7248	7249	7377	7376	7248
9	7249	7250	7378	7377	7249
9	7250	7251	7379	7378	7250
9	7251	7252	7380	7379	7251
9	7252	7253	7381	7380	7252
9	7253	7254	7382	7381	7253
9	7254	7255	7383	7382	7254
9	7255	7256	7384	7383	7255
9	7256	7257	7385	7384	7256
9	7257	7258	7386	7385	7257
9	7258	7259	7387	7386	7258
9	7259	7260	7388	7387	7259
9	7260	7261	7389	7388	7260
9	7261	7262	7390	7389	7261
9	7262	7263	7391	7390	7262
9	7263	7264	7392	7391	7263
9	7264	7265	7393	7392	7264
9	7265	7266	7394	7393	7265
9	7266	7267	7395	7394	7266
9	7267	7268	7396	7395	7267
9	7268	7269	7397	7396	7268
9	7269	7270	7398	7397	7269
9	7270	7271	7399	7398	7270
9	7271	7272	7400	7399	7271
9	7272	7273	7401	7400	7272
9	7273	7274	7402	7401	7273
9	7274	7275	7403	7402	7274
9	7275	7276	7404	7403	7275
9	7276	7277	7405	7404	7276
9	7277	7278	7406	7405	7277
9	7278	7279	7407	7406	7278
9	7279	7280	7408	7407	7279
9	7280	7281	7409	7408	7280
9	7281	7282	7410	7409	7281
9	7282	7283	7411	7410	7282
9	7283	7284	7412	7411	7283
9	7284	7285	7413	7412	7284
9	7285	7286	7414	7413	7285
9	7286	7287	7415	7414	7286
9	7287	7288	7416	7415	7287
9	7288	7289	7417	7416	7288
9	7289	7290	7418	7417	7289
9	7290	7291	7419	7418	7290
9	7291	7292	7420	7419	7291
9	7292	7293	7421	7420	7292
9	7293	7294	7422	7421	7293
9	7294	7295	7423	7422	7294
9	7295	7168	7296	7423	7295
9	7296	7297	7425	7424	7296
9	7297	7298	7426	7425	7297
9	7298	7299	7427	7426	7298
9	7299	7300	7428	7427	7299
9	7300	7301	7429	7428	7300
9	7301	7302	7430	7429	7301
9	7302	7303	7431	7430	7302
9	7303	7304	7432	7431	7303
9	7304	7305	7433	7432	7304
9	7305	7306	7434	7433	7305
9	7306	7307	7435	7434	7306
9	7307	7308	7436	7435	7307
9	7308	7309	7437	7436	7308
9	7309	7310	7438	7437	7309
9	7310	7311	7439	7438	7310
9	7311	7312	7440	7439	7311
9	7312	7313	7441	7440	7312
9	7313	7314	7442	7441	7313
9	7314	7315	7443	7442	7314
9	7315	7316	7444	7443	7315
9	7316	7317	7445	7444	7316
9	7317	7318	7446	7445	7317
9	7318	7319	7447	7446	7318
9	7319	7320	7448	7447	7319
9	7320	7321	7449	7448	7320
9	7321	7322	7450	7449	7321
9	7322	7323	7451	7450	7322
9	7323	7324	7452	7451	7323
9	7324	7325	7453	7452	7324
9	7325	7326	7454	7453	7325
9	7326	7327	7455	7454	7326
9	7327	7328	7456	7455	7327
9	7328	7329	7457	7456	7328
9	7329	7330	7458	7457	7329
9	7330	7331	7459	7458	7330
9	7331	7332	7460	7459	7331
9	7332	7333	7461	7460	7332
9	7333	7334	7462	7461	7333
9	7334	7335	7463	7462	7334
9	7335	7336	7464	7463	7335
9	7336	7337	7465	7464	7336
9	7337	7338	7466	7465	7337
9	7338	7339	7467	7466	7338
9	7339	7340	7468	7467	7339
9	7340	7341	7469	7468	7340
9	7341	7342	7470	7469	7341
9	7342	7343	7471	7470	7342
9	7343	7344	7472	7471	7343
9	7344	7345	7473	7472	7344
9	7345	7346	7474	7473	7345
9	7346	7347	7475	7474	7346
9	7347	7348	7476	7475	7347
9	7348	7349	7477	7476	7348
9	7349	7350	7478	7477	7349
9	7350	7351	7479	7478	7350
9	7351	7352	7480	7479	7351
9	7352	7353	7481	7480	7352
9	7353	7354	7482	7481	7353
9	7354	7355	7483	7482	7354
9	7355	7356	7484	7483	7355
9	7356	7357	7485	7484	7356
9	7357	7358	7486	7485	7357
9	7358	7359	7487	7486	7358
9	7359	7360	7488	7487	7359
9	7360	7361	7489	7488	7360
9	7361	7362	7490	7489	7361
9	7362	7363	7491	7490	7362
9	7363	7364	7492	7491	7363
9	7364	7365	7493	7492	7364
9	7365	7366	7494	7493	7365
9	7366	7367	7495	7494	7366
9	7367	7368	7496	7495	7367
9	7368	7369	7497	7496	7368
9	7369	7370	7498	7497	7369
9	7370	7371	7499	7498	7370
9	7371	7372	7500	7499	7371
9	7372	7373	7501	7500	7372
9	7373	7374	7502	7501	7373
9	7374	7375	7503	7502	7374
9	7375	7376	7504	7503	7375
9	7376	7377	7505	7504	7376
9	7377	7378	7506	7505	7377
9	7378	7379	7507	7506	7378
9	7379	7380	7508	7507	7379
9	7380	7381	7509	7508	7380
9	7381	7382	7510	7509	7381
9	7382	7383	7511	7510	7382
9	7383	7384	7512	7511	7383
9	7384	7385	7513	7512	7384
9	7385	7386	7514	7513	7385
9	7386	7387	7515	7514	7386
9	7387	7388	7516	7515	7387
9	7388	7389	7517	7516	7388
9	7389	7390	7518	7517	7389
9	7390	7391	7519	7518	7390
9	7391	7392	7520	7519	7391
9	7392	7393	7521	7520	7392
9	7393	7394	7522	7521	7393
9	7394	7395	7523	7522	7394
9	7395	7396	7524	7523	7395
9	7396	7397	7525	7524	7396
9	7397	7398	7526	7525	7397
9	7398	7399	7527	7526	7398
9	7399	7400	7528	7527	7399
9	7400	7401	7529	7528	7400
9	7401	7402	7530	7529	7401
9	7402	7403	7531	7530	7402
9	7403	7404	7532	7531	7403
9	7404	7405	7533	7532	7404
9	7405	7406	7534	7533	7405
9	7406	7407	7535	7534	7406
9	7407	7408	7536	7535	7407
9	7408	7409	7537	7536	7408
9	7409	7410	7538	7537	7409
9	7410	7411	7539	7538	7410
9	7411	7412	7540	7539	7411
9	7412	7413	7541	7540	7412
9	7413	7414	7542	7541	7413
9	7414	7415	7543	7542	7414
9	7415	7416	7544	7543	7415
9	7416	7417	7545	7544	7416
9	7417	7418	7546	7545	7417
9	7418	7419	7547	7546	7418
9	7419	7420	7548	7547	7419
9	7420	7421	7549	7548	7420
9	7421	7422	7550	7549	7421
9	7422	7423	7551	7550	7422
9	7423	7296	7424	7551	7423
9	7424	7425	7553	7552	7424
9	7425	7426	7554	7553	7425
9	7426	7427	7555	7554	7426
9	7427	7428	7556	7555	7427
9	7428	7429	7557	7556	7428
9	7429	7430	7558	7557	7429
9	7430	7431	7559	7558	7430
9	7431	7432	7560	7559	7431
9	7432	7433	7561	7560	7432
9	7433	7434	7562	7561	7433
9	7434	7435	7563	7562	7434
9	7435	7436	7564	7563	7435
9	7436	7437	7565	7564	7436
9	7437	7438	7566	7565	7437
9	7438	7439	7567	7566	7438
9	7439	7440	7568	7567	7439
9	7440	7441	7569	7568	7440
9	7441	7442	7570	7569	7441
9	7442	7443	7571	7570	7442
9	7443	7444	7572	7571	7443
9	7444	7445	7573	7572	7444
9	7445	7446	7574	7573	7445
9	7446	7447	7575	7574	7446
9	7447	7448	7576	7575	7447
9	7448	7449	7577	7576	7448
9	7449	7450	7578	7577	7449
9	7450	7451	7579	7578	7450
9	7451	7452	7580	7579	7451
9	7452	7453	7581	7580	7452
9	7453	7454	7582	7581	7453
9	7454	7455	7583	7582	7454
9	7455	7456	7584	7583	7455
9	7456	7457	7585	7584	7456
9	7457	7458	7586	7585	7457
9	7458	7459	7587	7586	7458
9	7459	7460	7588	7587	7459
9	7460	7461	7589	7588	7460
9	7461	7462	7590	7589	7461
9	7462	7463	7591	7590	7462
9	7463	7464	7592	7591	7463
9	7464	7465	7593	7592	7464
9	7465	7466	7594	7593	7465
9	7466	7467	7595	7594	7466
9	7467	7468	7596	7595	7467
9	7468	7469	7597	7596	7468
9	7469	7470	7598	7597	7469
9	7470	7471	7599	7598	7470
9	7471	7472	7600	7599	7471
9	7472	7473	7601	7600	7472
9	7473	7474	7602	7601	7473
9	7474	7475	7603	7602	7474
9	7475	7476	7604	7603	7475
9	7476	7477	7605	7604	7476
9	7477	7478	7606	7605	7477
9	7478	7479	7607	7606	7478
9	7479	7480	7608	7607	7479
9	7480	7481	7609	7608	7480
9	7481	7482	7610	7609	7481
9	7482	7483	7611	7610	7482
9	7483	7484	7612	7611	7483
9	7484	7485	7613	7612	7484
9	7485	7486	7614	7613	7485
9	7486	7487	7615	7614	7486
9	7487	7488	7616	7615	7487
9	7488	7489	7617	7616	7488
9	7489	7490	7618	7617	7489
9	7490	7491	7619	7618	7490
9	7491	7492	7620	7619	7491
9	7492	7493	7621	7620	7492
9	7493	7494	7622	7621	7493
9	7494	7495	7623	7622	7494
9	7495	7496	7624	7623	7495
9	7496	7497	7625	7624	7496
9	7497	7498	7626	7625	7497
9	7498	7499	7627	7626	7498
9	7499	7500	7628	7627	7499
9	7500	7501	7629	7628	7500
9	7501	7502	7630	7629	7501
9	7502	7503	7631	7630	7502
9	7503	7504	7632	7631	7503
9	7504	7505	7633	7632	7504
9	7505	7506	7634	7633	7505
9	7506	7507	7635	7634	7506
9	7507	7508	7636	7635	7507
9	7508	7509	7637	7636	7508
9	7509	7510	7638	7637	7509
9	7510	7511	7639	7638	7510
9	7511	7512	7640	7639	7511
9	7512	7513	7641	7640	7512
9	7513	7514	7642	7641	7513
9	7514	7515	7643	7642	7514
9	7515	7516	7644	7643	7515
9	7516	7517	7645	7644	7516
9	7517	7518	7646	7645	7517
9	7518	7519	7647	7646	7518
9	7519	7520	7648	7647	7519
9	7520	7521	7649	7648	7520
9	7521	7522	7650	7649	7521
9	7522	7523	7651	7650	7522
9	7523	7524	7652	7651	7523
9	7524	7525	7653	7652	7524
9	7525	7526	7654	7653	7525
9	7526	7527	7655	7654	7526
9	7527	7528	7656	7655	7527
9	7528	7529	7657	7656	7528
9	7529	7530	7658	7657	7529
9	7530	7531	7659	7658	7530
9	7531	7532	7660	7659	7531
9	7532	7533	7661	7660	7532
9	7533	7534	7662	7661	7533
9	7534	7535	7663	7662	7534
9	7535	7536	7664	7663	7535
9	7536	7537	7665	7664	7536
9	7537	7538	7666	7665	7537
9	7538	7539	7667	7666	7538
9	7539	7540	7668	7667	7539
9	7540	7541	7669	7668	7540
9	7541	7542	7670	7669	7541
9	7542	7543	7671	7670	7542
9	7543	7544	7672	7671	7543
9	7544	7545	7673	7672	7544
9	7545	7546	7674	7673	7545
9	7546	7547	7675	7674	7546
9	7547	7548	7676	7675	7547
9	7548	7549	7677	7676	7548
9	7549	7550	7678	7677	7549
9	7550	7551	7679	7678	7550
9	7551	7424	7552	7679	7551
9	7552	7553	7681	7680	7552
9	7553	7554	7682	7681	7553
9	7554	7555	7683	7682	7554
9	7555	7556	7684	7683	7555
9	7556	7557	7685	7684	7556
9	7557	7558	7686	7685	7557
9	7558	7559	7687	7686	7558
9	7559	7560	7688	7687	7559
9	7560	7561	7689	7688	7560
9	7561	7562	7690	7689	7561
9	7562	7563	7691	7690	7562
9	7563	7564	7692	7691	7563
9	7564	7565	7693	7692	7564
9	7565	7566	7694	7693	7565
9	7566	7567	7695	7694	7566
9	7567	7568	7696	7695	7567
9	7568	7569	7697	7696	7568
9	7569	7570	7698	7697	7569
9	7570	7571	7699	7698	7570
9	7571	7572	7700	7699	7571
9	7572	7573	7701	7700	7572
9	7573	7574	7702	7701	7573
9	7574	7575	7703	7702	7574
9	7575	7576	7704	7703	7575
9	7576	7577	7705	7704	7576
9	7577	7578	7706	7705	7577
9	7578	7579	7707	7706	7578
9	7579	7580	7708	7707	7579
9	7580	7581	7709	7708	7580
9	7581	7582	7710	7709	7581
9	7582	7583	7711	7710	7582
9	7583	7584	7712	7711	7583
9	7584	7585	7713	7712	7584
9	7585	7586	7714	7713	7585
9	7586	7587	7715	7714	7586
9	7587	7588	7716	7715	7587
9	7588	7589	7717	7716	7588
9	7589	7590	7718	7717	7589
9	7590	7591	7719	7718	7590
9	7591	7592	7720	7719	7591
9	7592	7593	7721	7720	7592
9	7593	7594	7722	7721	7593
9	7594	7595	7723	7722	7594
9	7595	7596	7724	7723	7595
9	7596	7597	7725	7724	7596
9	7597	7598	7726	7725	7597
9	7598	7599	7727	7726	7598
9	7599	7600	7728	7727	7599
9	7600	7601	7729	7728	7600
9	7601	7602	7730	7729	7601
9	7602	7603	7731	7730	7602
9	7603	7604	7732	7731	7603
9	7604	7605	7733	7732	7604
9	7605	7606	7734	7733	7605
9	7606	7607	7735	7734	7606
9	7607	7608	7736	7735	7607
9	7608	7609	7737	7736	7608
9	7609	7610	7738	7737	7609
9	7610	7611	7739	7738	7610
9	7611	7612	7740	7739	7611
9	7612	7613	7741	7740	7612
9	7613	7614	7742	7741	7613
9	7614	7615	7743	7742	7614
9	7615	7616	7744	7743	7615
9	7616	7617	7745	7744	7616
9	7617	7618	7746	7745	7617
9	7618	7619	7747	7746	7618
9	7619	7620	7748	7747	7619
9	7620	7621	7749	7748	7620
9	7621	7622	7750	7749	7621
9	7622	7623	7751	7750	7622
9	7623	7624	7752	7751	7623
9	7624	7625	7753	7752	7624
9	7625	7626	7754	7753	7625
9	7626	7627	7755	7754	7626
9	7627	7628	7756	7755	7627
9	7628	7629	7757	7756	7628
9	7629	7630	7758	7757	7629
9	7630	7631	7759	7758	7630
9	7631	7632	7760	7759	7631
9	7632	7633	7761	7760	7632
9	7633	7634	7762	7761	7633
9	7634	7635	7763	7762	7634
9	7635	7636	7764	7763	7635
9	7636	7637	7765	7764	7636
9	7637	7638	7766	7765	7637
9	7638	7639	7767	7766	7638
9	7639	7640	7768	7767	7639
9	7640	7641	7769	7768	7640
9	7641	7642	7770	7769	7641
9	7642	7643	7771	7770	7642
9	7643	7644	7772	7771	7643
9	7644	7645	7773	7772	7644
9	7645	7646	7774	7773	7645
9	7646	7647	7775	7774	7646
9	7647	7648	7776	7775	7647
9	7648	7649	7777	7776	7648
9	7649	7650	7778	7777	7649
9	7650	7651	7779	7778	7650
9	7651	7652	7780	7779	7651
9	7652	7653	7781	7780	7652
9	7653	7654	7782	7781	7653
9	7654	7655	7783	7782	7654
9	7655	7656	7784	7783	7655
9	7656	7657	7785	7784	7656
9	7657	7658	7786	7785	7657
9	7658	7659	7787	7786	7658
9	7659	7660	7788	7787	7659
9	7660	7661	7789	7788	7660
9	7661	7662	7790	7789	7661
9	7662	7663	7791	7790	7662
9	7663	7664	7792	7791	7663
9	7664	7665	7793	7792	7664
9	7665	7666	7794	7793	7665
9	7666	7667	7795	7794	7666
9	7667	7668	7796	7795	7667
9	7668	7669	7797	7796	7668
9	7669	7670	7798	7797	7669
9	7670	7671	7799	7798	7670
9	7671	7672	7800	7799	7671
9	7672	7673	7801	7800	7672
9	7673	7674	7802	7801	7673
9	7674	7675	7803	7802	7674
9	7675	7676	7804	7803	7675
9	7676	7677	7805	7804	7676
9	7677	7678	7806	7805	7677
9	7678	7679	7807	7806	7678
9	7679	7552	7680	7807	7679
9	7680	7681	7809	7808	7680
9	7681	7682	7810	7809	7681
9	7682	7683	7811	7810	7682
9	7683	7684	7812	7811	7683
9	7684	7685	7813	7812	7684
9	7685	7686	7814	7813	7685
9	7686	7687	7815	7814	7686
9	7687	7688	7816	7815	7687
9	7688	7689	7817	7816	7688
9	7689	7690	7818	7817	7689
9	7690	7691	7819	7818	7690
9	7691	7692	7820	7819	7691
9	7692	7693	7821	7820	7692
9	7693	7694	7822	7821	7693
9	7694	7695	7823	7822	7694
9	7695	7696	7824	7823	7695
9	7696	7697	7825	7824	7696
9	7697	7698	7826	7825	7697
9	7698	7699	7827	7826	7698
9	7699	7700	7828	7827	7699
9	7700	7701	7829	7828	7700
9	7701	7702	7830	7829	7701
9	7702	7703	7831	7830	7702
9	7703	7704	7832	7831	7703
9	7704	7705	7833	7832	7704
9	7705	7706	7834	7833	7705
9	7706	7707	7835	7834	7706
9	7707	7708	7836	7835	7707
9	7708	7709	7837	7836	7708
9	7709	7710	7838	7837	7709
9	7710	7711	7839	7838	7710
9	7711	7712	7840	7839	7711
9	7712	7713	7841	7840	7712
9	7713	7714	7842	7841	7713
9	7714	7715	7843	7842	7714
9	7715	7716	7844	7843	7715
9	7716	7717	7845	7844	7716
9	7717	7718	7846	7845	7717
9	7718	7719	7847	7846	7718
9	7719	7720	7848	7847	7719
9	7720	7721	7849	7848	7720
9	7721	7722	7850	7849	7721
9	7722	7723	7851	7850	7722
9	7723	7724	7852	7851	7723
9	7724	7725	7853	7852	7724
9	7725	7726	7854	7853	7725
9	7726	7727	7855	7854	7726
9	7727	7728	7856	7855	7727
9	7728	7729	7857	7856	7728
9	7729	7730	7858	7857	7729
9	7730	7731	7859	7858	7730
9	7731	7732	7860	7859	7731
9	7732	7733	7861	7860	7732
9	7733	7734	7862	7861	7733
9	7734	7735	7863	7862	7734
9	7735	7736	7864	7863	7735
9	7736	7737	7865	7864	7736
9	7737	7738	7866	7865	7737
9	7738	7739	7867	7866	7738
9	7739	7740	7868	7867	7739
9	7740	7741	7869	7868	7740
9	7741	7742	7870	7869	7741
9	7742	7743	7871	7870	7742
9	7743	7744	7872	7871	7743
9	7744	7745	7873	7872	7744
9	7745	7746	7874	7873	7745
9	7746	7747	7875	7874	7746
9	7747	7748	7876	7875	7747
9	7748	7749	7877	7876	7748
9	7749	7750	7878	7877	7749
9	7750	7751	7879	7878	7750
9	7751	7752	7880	7879	7751
9	7752	7753	7881	7880	7752
9	7753	7754	7882	7881	7753
9	7754	7755	7883	7882	7754
9	7755	7756	7884	7883	7755
9	7756	7757	7885	7884	7756
9	7757	7758	7886	7885	7757
9	7758	7759	7887	7886	7758
9	7759	7760	7888	7887	7759
9	7760	7761	7889	7888	7760
9	7761	7762	7890	7889	7761
9	7762	7763	7891	7890	7762
9	7763	7764	7892	7891	7763
9	7764	7765	7893	7892	7764
9	7765	7766	7894	7893	7765
9	7766	7767	7895	7894	7766
9	7767	7768	7896	7895	7767
9	7768	7769	7897	7896	7768
9	7769	7770	7898	7897	7769
9	7770	7771	7899	7898	7770
9	7771	7772	7900	7899	7771
9	7772	7773	7901	7900	7772
9	7773	7774	7902	7901	7773
9	7774	7775	7903	7902	7774
9	7775	7776	7904	7903	7775
9	7776	7777	7905	7904	7776
9	7777	7778	7906	7905	7777
9	7778	7779	7907	7906	7778
9	7779	7780	7908	7907	7779
9	7780	7781	7909	7908	7780
9	7781	7782	7910	7909	7781
9	7782	7783	7911	7910	7782
9	7783	7784	7912	7911	7783
9	7784	7785	7913	7912	7784
9	7785	7786	7914	7913	7785
9	7786	7787	7915	7914	7786
9	7787	7788	7916	7915	7787
9	7788	7789	7917	7916	7788
9	7789	7790	7918	7917	7789
9	7790	7791	7919	7918	7790
9	7791	7792	7920	7919	7791
9	7792	7793	7921	7920	7792
9	7793	7794	7922	7921	7793
9	7794	7795	7923	7922	7794
9	7795	7796	7924	7923	7795
9	7796	7797	7925	7924	7796
9	7797	7798	7926	7925	7797
9	7798	7799	7927	7926	7798
9	7799	7800	7928	7927	7799
9	7800	7801	7929	7928	7800
9	7801	7802	7930	7929	7801
9	7802	7803	7931	7930	7802
9	7803	7804	7932	7931	7803
9	7804	7805	7933	7932	7804
9	7805	7806	7934	7933	7805
9	7806	7807	7935	7934	7806
9	7807	7680	7808	7935	7807
9	7808	7809	7937	7936	7808
9	7809	7810	7938	7937	7809
9	7810	7811	7939	7938	7810
9	7811	7812	7940	7939	7811
9	7812	7813	7941	7940	7812
9	7813	7814	7942	7941	7813
9	7814	7815	7943	7942	7814
9	7815	7816	7944	7943	7815
9	7816	7817	7945	7944	7816
9	7817	7818	7946	7945	7817
9	7818	7819	7947	7946	7818
9	7819	7820	7948	7947	7819
9	7820	7821	7949	7948	7820
9	7821	7822	7950	7949	7821
9	7822	7823	7951	7950	7822
9	7823	7824	7952	7951	7823
9	7824	7825	7953	7952	7824
9	7825	7826	7954	7953	7825
9	7826	7827	7955	7954	7826
9	7827	7828	7956	7955	7827
9	7828	7829	7957	7956	7828
9	7829	7830	7958	7957	7829
9	7830	7831	7959	7958	7830
9	7831	7832	7960	7959	7831
9	7832	7833	7961	7960	7832
9	7833	7834	7962	7961	7833
9	7834	7835	7963	7962	7834
9	7835	7836	7964	7963	7835
9	7836	7837	7965	7964	7836
9	7837	7838	7966	7965	7837
9	7838	7839	7967	7966	7838
9	7839	7840	7968	7967	7839
9	7840	7841	7969	7968	7840
9	7841	7842	7970	7969	7841
9	7842	7843	7971	7970	7842
9	7843	7844	7972	7971	7843
9	7844	7845	7973	7972	7844
9	7845	7846	7974	7973	7845
9	7846	7847	7975	7974	7846
9	7847	7848	7976	7975	7847
9	7848	7849	7977	7976	7848
9	7849	7850	7978	7977	7849
9	7850	7851	7979	7978	7850
9	7851	7852	7980	7979	7851
9	7852	7853	7981	7980	7852
9	7853	7854	7982	7981	7853
9	7854	7855	7983	7982	7854
9	7855	7856	7984	7983	7855
9	7856	7857	7985	7984	7856
9	7857	7858	7986	7985	7857
9	7858	7859	7987	7986	7858
9	7859	7860	7988	7987	7859
9	7860	7861	7989	7988	7860
9	7861	7862	7990	7989	7861
9	7862	7863	7991	7990	7862
9	7863	7864	7992	7991	7863
9	7864	7865	7993	7992	7864
9	7865	7866	7994	7993	7865
9	7866	7867	7995	7994	7866
9	7867	7868	7996	7995	7867
9	7868	7869	7997	7996	7868
9	7869	7870	7998	7997	7869
9	7870	7871	7999	7998	7870
9	7871	7872	8000	7999	7871
9	7872	7873	8001	8000	7872
9	7873	7874	8002	8001	7873
9	7874	7875	8003	8002	7874
9	7875	7876	8004	8003	7875
9	7876	7877	8005	8004	7876
9	7877	7878	8006	8005	7877
9	7878	7879	8007	8006	7878
9	7879	7880	8008	8007	7879
9	7880	7881	8009	8008	7880
9	7881	7882	8010	8009	7881
9	7882	7883	8011	8010	7882
9	7883	7884	8012	8011	7883
9	7884	7885	8013	8012	7884
9	7885	7886	8014	8013	7885
9	7886	7887	8015	8014	7886
9	7887	7888	8016	8015	7887
9	7888	7889	8017	8016	7888
9	7889	7890	8018	8017	7889
9	7890	7891	8019	8018	7890
9	7891	7892	8020	8019	7891
9	7892	7893	8021	8020	7892
9	7893	7894	8022	8021	7893
9	7894	7895	8023	8022	7894
9	7895	7896	8024	8023	7895
9	7896	7897	8025	8024	7896
9	7897	7898	8026	8025	7897
9	7898	7899	8027	8026	7898
9	7899	7900	8028	8027	7899
9	7900	7901	8029	8028	7900
9	7901	7902	8030	8029	7901
9	7902	7903	8031	8030	7902
9	7903	7904	8032	8031	7903
9	7904	7905	8033	8032	7904
9	7905	7906	8034	8033	7905
9	7906	7907	8035	8034	7906
9	7907	7908	8036	8035	7907
9	7908	7909	8037	8036	7908
9	7909	7910	8038	8037	7909
9	7910	7911	8039	8038	7910
9	7911	7912	8040	8039	7911
9	7912	7913	8041	8040	7912
9	7913	7914	8042	8041	7913
9	7914	7915	8043	8042	7914
9	7915	7916	8044	8043	7915
9	7916	7917	8045	8044	7916
9	7917	7918	8046	8045	7917
9	7918	7919	8047	8046	7918
9	7919	7920	8048	8047	7919
9	7920	7921	8049	8048	7920
9	7921	7922	8050	8049	7921
9	7922	7923	8051	8050	7922
9	7923	7924	8052	8051	7923
9	7924	7925	8053	8052	7924
9	7925	7926	8054	8053	7925
9	7926	7927	8055	8054	7926
9	7927	7928	8056	8055	7927
9	7928	7929	8057	8056	7928
9	7929	7930	8058	8057	7929
9	7930	7931	8059	8058	7930
9	7931	7932	8060	8059	7931
9	7932	7933	8061	8060	7932
9	7933	7934	8062	8061	7933
9	7934	7935	8063	8062	7934
9	7935	7808	7936	8063	7935
9	7936	7937	8065	8064	7936
9	7937	7938	8066	8065	7937
9	7938	7939	8067	8066	7938
9	7939	7940	8068	8067	7939
9	7940	7941	8069	8068	7940
9	7941	7942	8070	8069	7941
9	7942	7943	8071	8070	7942
9	7943	7944	8072	8071	7943
9	7944	7945	8073	8072	7944
9	7945	7946	8074	8073	7945
9	7946	7947	8075	8074	7946
9	7947	7948	8076	8075	7947
9	7948	7949	8077	8076	7948
9	7949	7950	8078	8077	7949
9	7950	7951	8079	8078	7950
9	7951	7952	8080	8079	7951
9	7952	7953	8081	8080	7952
9	7953	7954	8082	8081	7953
9	7954	7955	8083	8082	7954
9	7955	7956	8084	8083	7955
9	7956	7957	8085	8084	7956
9	7957	7958	8086	8085	7957
9	7958	7959	8087	8086	7958
9	7959	7960	8088	8087	7959
9	7960	7961	8089	8088	7960
9	7961	7962	8090	8089	7961
9	7962	7963	8091	8090	7962
9	7963	7964	8092	8091	7963
9	7964	7965	8093	8092	7964
9	7965	7966	8094	8093	7965
9	7966	7967	8095	8094	7966
9	7967	7968	8096	8095	7967
9	7968	7969	8097	8096	7968
9	7969	7970	8098	8097	7969
9	7970	7971	8099	8098	7970
9	7971	7972	8100	8099	7971
9	7972	7973	8101	8100	7972
9	7973	7974	8102	8101	7973
9	7974	7975	8103	8102	7974
9	7975	7976	8104	8103	7975
9	7976	7977	8105	8104	7976
9	7977	7978	8106	8105	7977
9	7978	7979	8107	8106	7978
9	7979	7980	8108	8107	7979
9	7980	7981	8109	8108	7980
9	7981	7982	8110	8109	7981
9	7982	7983	8111	8110	7982
9	7983	7984	8112	8111	7983
9	7984	7985	8113	8112	7984
9	7985	7986	8114	8113	7985
9	7986	7987	8115	8114	7986
9	7987	7988	8116	8115	7987
9	7988	7989	8117	8116	7988
9	7989	7990	8118	8117	7989
9	7990	7991	8119	8118	7990
9	7991	7992	8120	8119	7991
9	7992	7993	8121	8120	7992
9	7993	7994	8122	8121	7993
9	7994	7995	8123	8122	7994
9	7995	7996	8124	8123	7995
9	7996	7997	8125	8124	7996
9	7997	7998	8126	8125	7997
9	7998	7999	8127	8126	7998
9	7999	8000	8128	8127	7999
9	8000	8001	8129	8128	8000
9	8001	8002	8130	8129	8001
9	8002	8003	8131	8130	8002
9	8003	8004	8132	8131	8003
9	8004	8005	8133	8132	8004
9	8005	8006	8134	8133	8005
9	8006	8007	8135	8134	8006
9	8007	8008	8136	8135	8007
9	8008	8009	8137	8136	8008
9	8009	8010	8138	8137	8009
9	8010	8011	8139	8138	8010
9	8011	8012	8140	8139	8011
9	8012	8013	8141	8140	8012
9	8013	8014	8142	8141	8013
9	8014	8015	8143	8142	8014
9	8015	8016	8144	8143	8015
9	8016	8017	8145	8144	8016
9	8017	8018	8146	8145	8017
9	8018	8019	8147	8146	8018
9	8019	8020	8148	8147	8019
9	8020	8021	8149	8148	8020
9	8021	8022	8150	8149	8021
9	8022	8023	8151	8150	8022
9	8023	8024	8152	8151	8023
9	8024	8025	8153	8152	8024
9	8025	8026	8154	8153	8025
9	8026	8027	8155	8154	8026
9	8027	8028	8156	8155	8027
9	8028	8029	8157	8156	8028
9	8029	8030	8158	8157	8029
9	8030	8031	8159	8158	8030
9	8031	8032	8160	8159	8031
9	8032	8033	8161	8160	8032
9	8033	8034	8162	8161	8033
9	8034	8035	8163	8162	8034
9	8035	8036	8164	8163	8035
9	8036	8037	8165	8164	8036
9	8037	8038	8166	8165	8037
9	8038	8039	8167	8166	8038
9	8039	8040	8168	8167	8039
9	8040	8041	8169	8168	8040
9	8041	8042	8170	8169	8041
9	8042	8043	8171	8170	8042
9	8043	8044	8172	8171	8043
9	8044	8045	8173	8172	8044
9	8045	8046	8174	8173	8045
9	8046	8047	8175	8174	8046
9	8047	8048	8176	8175	8047
9	8048	8049	8177	8176	8048
9	8049	8050	8178	8177	8049
9	8050	8051	8179	8178	8050
9	8051	8052	8180	8179	8051
9	8052	8053	8181	8180	8052
9	8053	8054	8182	8181	8053
9	8054	8055	8183	8182	8054
9	8055	8056	8184	8183	8055
9	8056	8057	8185	8184	8056
9	8057	8058	8186	8185	8057
9	8058	8059	8187	8186	8058
9	8059	8060	8188	8187	8059
9	8060	8061	8189	8188	8060
9	8061	8062	8190	8189	8061
9	8062	8063	8191	8190	8062
9	8063	7936	8064	8191	8063
9	8064	8065	8193	8192	8064
9	8065	8066	8194	8193	8065
9	8066	8067	8195	8194	8066
9	8067	8068	8196	8195	8067
9	8068	8069	8197	8196	8068
9	8069	8070	8198	8197	8069
9	8070	8071	8199	8198	8070
9	8071	8072	8200	8199	8071
9	8072	8073	8201	8200	8072
9	8073	8074	8202	8201	8073
9	8074	8075	8203	8202	8074
9	8075	8076	8204	8203	8075
9	8076	8077	8205	8204	8076
9	8077	8078	8206	8205	8077
9	8078	8079	8207	8206	8078
9	8079	8080	8208	8207	8079
9	8080	8081	8209	8208	8080
9	8081	8082	8210	8209	8081
9	8082	8083	8211	8210	8082
9	8083	8084	8212	8211	8083
9	8084	8085	8213	8212	8084
9	8085	8086	8214	8213	8085
9	8086	8087	8215	8214	8086
9	8087	8088	8216	8215	8087
9	8088	8089	8217	8216	8088
9	8089	8090	8218	8217	8089
9	8090	8091	8219	8218	8090
9	8091	8092	8220	8219	8091
9	8092	8093	8221	8220	8092
9	8093	8094	8222	8221	8093
9	8094	8095	8223	8222	8094
9	8095	8096	8224	8223	8095
9	8096	8097	8225	8224	8096
9	8097	8098	8226	8225	8097
9	8098	8099	8227	8226	8098
9	8099	8100	8228	8227	8099
9	8100	8101	8229	8228	8100
9	8101	8102	8230	8229	8101
9	8102	8103	8231	8230	8102
9	8103	8104	8232	8231	8103
9	8104	8105	8233	8232	8104
9	8105	8106	8234	8233	8105
9	8106	8107	8235	8234	8106
9	8107	8108	8236	8235	8107
9	8108	8109	8237	8236	8108
9	8109	8110	8238	8237	8109
9	8110	8111	8239	8238	8110
9	8111	8112	8240	8239	8111
9	8112	8113	8241	8240	8112
9	8113	8114	8242	8241	8113
9	8114	8115	8243	8242	8114
9	8115	8116	8244	8243	8115
9	8116	8117	8245	8244	8116
9	8117	8118	8246	8245	8117
9	8118	8119	8247	8246	8118
9	8119	8120	8248	8247	8119
9	8120	8121	8249	8248	8120
9	8121	8122	8250	8249	8121
9	8122	8123	8251	8250	8122
9	8123	8124	8252	8251	8123
9	8124	8125	8253	8252	8124
9	8125	8126	8254	8253	8125
9	8126	8127	8255	8254	8126
9	8127	8128	8256	8255	8127
9	8128	8129	8257	8256	8128
9	8129	8130	8258	8257	8129
9	8130	8131	8259	8258	8130
9	8131	8132	8260	8259	8131
9	8132	8133	8261	8260	8132
9	8133	8134	8262	8261	8133
9	8134	8135	8263	8262	8134
9	8135	8136	8264	8263	8135
9	8136	8137	8265	8264	8136
9	8137	8138	8266	8265	8137
9	8138	8139	8267	8266	8138
9	8139	8140	8268	8267	8139
9	8140	8141	8269	8268	8140
9	8141	8142	8270	8269	8141
9	8142	8143	8271	8270	8142
9	8143	8144	8272	8271	8143
9	8144	8145	8273	8272	8144
9	8145	8146	8274	8273	8145
9	8146	8147	8275	8274	8146
9	8147	8148	8276	8275	8147
9	8148	8149	8277	8276	8148
9	8149	8150	8278	8277	8149
9	8150	8151	8279	8278	8150
9	8151	8152	8280	8279	8151
9	8152	8153	8281	8280	8152
9	8153	8154	8282	8281	8153
9	8154	8155	8283	8282	8154
9	8155	8156	8284	8283	8155
9	8156	8157	8285	8284	8156
9	8157	8158	8286	8285	8157
9	8158	8159	8287	8286	8158
9	8159	8160	8288	8287	8159
9	8160	8161	8289	8288	8160
9	8161	8162	8290	8289	8161
9	8162	8163	8291	8290	8162
9	8163	8164	8292	8291	8163
9	8164	8165	8293	8292	8164
9	8165	8166	8294	8293	8165
9	8166	8167	8295	8294	8166
9	8167	8168	8296	8295	8167
9	8168	8169	8297	8296	8168
9	8169	8170	8298	8297	8169
9	8170	8171	8299	8298	8170
9	8171	8172	8300	8299	8171
9	8172	8173	8301	8300	8172
9	8173	8174	8302	8301	8173
9	8174	8175	8303	8302	8174
9	8175	8176	8304	8303	8175
9	8176	8177	8305	8304	8176
9	8177	8178	8306	8305	8177
9	8178	8179	8307	8306	8178
9	8179	8180	8308	8307	8179
9	8180	8181	8309	8308	8180
9	8181	8182	8310	8309	8181
9	8182	8183	8311	8310	8182
9	8183	8184	8312	8311	8183
9	8184	8185	8313	8312	8184
9	8185	8186	8314	8313	8185
9	8186	8187	8315	8314	8186
9	8187	8188	8316	8315	8187
9	8188	8189	8317	8316	8188
9	8189	8190	8318	8317	8189
9	8190	8191	8319	8318	8190
9	8191	8064	8192	8319	8191
9	8192	8193	8321	8320	8192
9	8193	8194	8322	8321	8193
9	8194	8195	8323	8322	8194
9	8195	8196	8324	8323	8195
9	8196	8197	8325	8324	8196
9	8197	8198	8326	8325	8197
9	8198	8199	8327	8326	8198
9	8199	8200	8328	8327	8199
9	8200	8201	8329	8328	8200
9	8201	8202	8330	8329	8201
9	8202	8203	8331	8330	8202
9	8203	8204	8332	8331	8203
9	8204	8205	8333	8332	8204
9	8205	8206	8334	8333	8205
9	8206	8207	8335	8334	8206
9	8207	8208	8336	8335	8207
9	8208	8209	8337	8336	8208
9	8209	8210	8338	8337	8209
9	8210	8211	8339	8338	8210
9	8211	8212	8340	8339	8211
9	8212	8213	8341	8340	8212
9	8213	8214	8342	8341	8213
9	8214	8215	8343	8342	8214
9	8215	8216	8344	8343	8215
9	8216	8217	8345	8344	8216
9	8217	8218	8346	8345	8217
9	8218	8219	8347	8346	8218
9	8219	8220	8348	8347	8219
9	8220	8221	8349	8348	8220
9	8221	8222	8350	8349	8221
9	8222	8223	8351	8350	8222
9	8223	8224	8352	8351	8223
9	8224	8225	8353	8352	8224
9	8225	8226	8354	8353	8225
9	8226	8227	8355	8354	8226
9	8227	8228	8356	8355	8227
9	8228	8229	8357	8356	8228
9	8229	8230	8358	8357	8229
9	8230	8231	8359	8358	8230
9	8231	8232	8360	8359	8231
9	8232	8233	8361	8360	8232
9	8233	8234	8362	8361	8233
9	8234	8235	8363	8362	8234
9	8235	8236	8364	8363	8235
9	8236	8237	8365	8364	8236
9	8237	8238	8366	8365	8237
9	8238	8239	8367	8366	8238
9	8239	8240	8368	8367	8239
9	8240	8241	8369	8368	8240
9	8241	8242	8370	8369	8241
9	8242	8243	8371	8370	8242
9	8243	8244	8372	8371	8243
9	8244	8245	8373	8372	8244
9	8245	8246	8374	8373	8245
9	8246	8247	8375	8374	8246
9	8247	8248	8376	8375	8247
9	8248	8249	8377	8376	8248
9	8249	8250	8378	8377	8249
9	8250	8251	8379	8378	8250
9	8251	8252	8380	8379	8251
9	8252	8253	8381	8380	8252
9	8253	8254	8382	8381	8253
9	8254	8255	8383	8382	8254
9	8255	8256	8384	8383	8255
9	8256	8257	8385	8384	8256
9	8257	8258	8386	8385	8257
9	8258	8259	8387	8386	8258
9	8259	8260	8388	8387	8259
9	8260	8261	8389	8388	8260
9	8261	8262	8390	8389	8261
9	8262	8263	8391	8390	8262
9	8263	8264	8392	8391	8263
9	8264	8265	8393	8392	8264
9	8265	8266	8394	8393	8265
9	8266	8267	8395	8394	8266
9	8267	8268	8396	8395	8267
9	8268	8269	8397	8396	8268
9	8269	8270	8398	8397	8269
9	8270	8271	8399	8398	8270
9	8271	8272	8400	8399	8271
9	8272	8273	8401	8400	8272
9	8273	8274	8402	8401	8273
9	8274	8275	8403	8402	8274
9	8275	8276	8404	8403	8275
9	8276	8277	8405	8404	8276
9	8277	8278	8406	8405	8277
9	8278	8279	8407	8406	8278
9	8279	8280	8408	8407	8279
9	8280	8281	8409	8408	8280
9	8281	8282	8410	8409	8281
9	8282	8283	8411	8410	8282
9	8283	8284	8412	8411	8283
9	8284	8285	8413	8412	8284
9	8285	8286	8414	8413	8285
9	8286	8287	8415	8414	8286
9	8287	8288	8416	8415	8287
9	8288	8289	8417	8416	8288
9	8289	8290	8418	8417	8289
9	8290	8291	8419	8418	8290
9	8291	8292	8420	8419	8291
9	8292	8293	8421	8420	8292
9	8293	8294	8422	8421	8293
9	8294	8295	8423	8422	8294
9	8295	8296	8424	8423	8295
9	8296	8297	8425	8424	8296
9	8297	8298	8426	8425	8297
9	8298	8299	8427	8426	8298
9	8299	8300	8428	8427	8299
9	8300	8301	8429	8428	8300
9	8301	8302	8430	8429	8301
9	8302	8303	8431	8430	8302
9	8303	8304	8432	8431	8303
9	8304	8305	8433	8432	8304
9	8305	8306	8434	8433	8305
9	8306	8307	8435	8434	8306
9	8307	8308	8436	8435	8307
9	8308	8309	8437	8436	8308
9	8309	8310	8438	8437	8309
9	8310	8311	8439	8438	8310
9	8311	8312	8440	8439	8311
9	8312	8313	8441	8440	8312
9	8313	8314	8442	8441	8313
9	8314	8315	8443	8442	8314
9	8315	8316	8444	8443	8315
9	8316	8317	8445	8444	8316
9	8317	8318	8446	8445	8317
9	8318	8319	8447	8446	8318
9	8319	8192	8320	8447	8319
9	8320	8321	8449	8448	8320
9	8321	8322	8450	8449	8321
9	8322	8323	8451	8450	8322
9	8323	8324	8452	8451	8323
9	8324	8325	8453	8452	8324
9	8325	8326	8454	8453	8325
9	8326	8327	8455	8454	8326
9	8327	8328	8456	8455	8327
9	8328	8329	8457	8456	8328
9	8329	8330	8458	8457	8329
9	8330	8331	8459	8458	8330
9	8331	8332	8460	8459	8331
9	8332	8333	8461	8460	8332
9	8333	8334	8462	8461	8333
9	8334	8335	8463	8462	8334
9	8335	8336	8464	8463	8335
9	8336	8337	8465	8464	8336
9	8337	8338	8466	8465	8337
9	8338	8339	8467	8466	8338
9	8339	8340	8468	8467	8339
9	8340	8341	8469	8468	8340
9	8341	8342	8470	8469	8341
9	8342	8343	8471	8470	8342
9	8343	8344	8472	8471	8343
9	8344	8345	8473	8472	8344
9	8345	8346	8474	8473	8345
9	8346	8347	8475	8474	8346
9	8347	8348	8476	8475	8347
9	8348	8349	8477	8476	8348
9	8349	8350	8478	8477	8349
9	8350	8351	8479	8478	8350
9	8351	8352	8480	8479	8351
9	8352	8353	8481	8480	8352
9	8353	8354	8482	8481	8353
9	8354	8355	8483	8482	8354
9	8355	8356	8484	8483	8355
9	8356	8357	8485	8484	8356
9	8357	8358	8486	8485	8357
9	8358	8359	8487	8486	8358
9	8359	8360	8488	8487	8359
9	8360	8361	8489	8488	8360
9	8361	8362	8490	8489	8361
9	8362	8363	8491	8490	8362
9	8363	8364	8492	8491	8363
9	8364	8365	8493	8492	8364
9	8365	8366	8494	8493	8365
9	8366	8367	8495	8494	8366
9	8367	8368	8496	8495	8367
9	8368	8369	8497	8496	8368
9	8369	8370	8498	8497	8369
9	8370	8371	8499	8498	8370
9	8371	8372	8500	8499	8371
9	8372	8373	8501	8500	8372
9	8373	8374	8502	8501	8373
9	8374	8375	8503	8502	8374
9	8375	8376	8504	8503	8375
9	8376	8377	8505	8504	8376
9	8377	8378	8506	8505	8377
9	8378	8379	8507	8506	8378
9	8379	8380	8508	8507	8379
9	8380	8381	8509	8508	8380
9	8381	8382	8510	8509	8381
9	8382	8383	8511	8510	8382
9	8383	8384	8512	8511	8383
9	8384	8385	8513	8512	8384
9	8385	8386	8514	8513	8385
9	8386	8387	8515	8514	8386
9	8387	8388	8516	8515	8387
9	8388	8389	8517	8516	8388
9	8389	8390	8518	8517	8389
9	8390	8391	8519	8518	8390
9	8391	8392	8520	8519	8391
9	8392	8393	8521	8520	8392
9	8393	8394	8522	8521	8393
9	8394	8395	8523	8522	8394
9	8395	8396	8524	8523	8395
9	8396	8397	8525	8524	8396
9	8397	8398	8526	8525	8397
9	8398	8399	8527	8526	8398
9	8399	8400	8528	8527	8399
9	8400	8401	8529	8528	8400
9	8401	8402	8530	8529	8401
9	8402	8403	8531	8530	8402
9	8403	8404	8532	8531	8403
9	8404	8405	8533	8532	8404
9	8405	8406	8534	8533	8405
9	8406	8407	8535	8534	8406
9	8407	8408	8536	8535	8407
9	8408	8409	8537	8536	8408
9	8409	8410	8538	8537	8409
9	8410	8411	8539	8538	8410
9	8411	8412	8540	8539	8411
9	8412	8413	8541	8540	8412
9	8413	8414	8542	8541	8413
9	8414	8415	8543	8542	8414
9	8415	8416	8544	8543	8415
9	8416	8417	8545	8544	8416
9	8417	8418	8546	8545	8417
9	8418	8419	8547	8546	8418
9	8419	8420	8548	8547	8419
9	8420	8421	8549	8548	8420
9	8421	8422	8550	8549	8421
9	8422	8423	8551	8550	8422
9	8423	8424	8552	8551	8423
9	8424	8425	8553	8552	8424
9	8425	8426	8554	8553	8425
9	8426	8427	8555	8554	8426
9	8427	8428	8556	8555	8427
9	8428	8429	8557	8556	8428
9	8429	8430	8558	8557	8429
9	8430	8431	8559	8558	8430
9	8431	8432	8560	8559	8431
9	8432	8433	8561	8560	8432
9	8433	8434	8562	8561	8433
9	8434	8435	8563	8562	8434
9	8435	8436	8564	8563	8435
9	8436	8437	8565	8564	8436
9	8437	8438	8566	8565	8437
9	8438	8439	8567	8566	8438
9	8439	8440	8568	8567	8439
9	8440	8441	8569	8568	8440
9	8441	8442	8570	8569	8441
9	8442	8443	8571	8570	8442
9	8443	8444	8572	8571	8443
9	8444	8445	8573	8572	8444
9	8445	8446	8574	8573	8445
9	8446	8447	8575	8574	8446
9	8447	8320	8448	8575	8447
9	8448	8449	8577	8576	8448
9	8449	8450	8578	8577	8449
9	8450	8451	8579	8578	8450
9	8451	8452	8580	8579	8451
9	8452	8453	8581	8580	8452
9	8453	8454	8582	8581	8453
9	8454	8455	8583	8582	8454
9	8455	8456	8584	8583	8455
9	8456	8457	8585	8584	8456
9	8457	8458	8586	8585	8457
9	8458	8459	8587	8586	8458
9	8459	8460	8588	8587	8459
9	8460	8461	8589	8588	8460
9	8461	8462	8590	8589	8461
9	8462	8463	8591	8590	8462
9	8463	8464	8592	8591	8463
9	8464	8465	8593	8592	8464
9	8465	8466	8594	8593	8465
9	8466	8467	8595	8594	8466
9	8467	8468	8596	8595	8467
9	8468	8469	8597	8596	8468
9	8469	8470	8598	8597	8469
9	8470	8471	8599	8598	8470
9	8471	8472	8600	8599	8471
9	8472	8473	8601	8600	8472
9	8473	8474	8602	8601	8473
9	8474	8475	8603	8602	8474
9	8475	8476	8604	8603	8475
9	8476	8477	8605	8604	8476
9	8477	8478	8606	8605	8477
9	8478	8479	8607	8606	8478
9	8479	8480	8608	8607	8479
9	8480	8481	8609	8608	8480
9	8481	8482	8610	8609	8481
9	8482	8483	8611	8610	8482
9	8483	8484	8612	8611	8483
9	8484	8485	8613	8612	8484
9	8485	8486	8614	8613	8485
9	8486	8487	8615	8614	8486
9	8487	8488	8616	8615	8487
9	8488	8489	8617	8616	8488
9	8489	8490	8618	8617	8489
9	8490	8491	8619	8618	8490
9	8491	8492	8620	8619	8491
9	8492	8493	8621	8620	8492
9	8493	8494	8622	8621	8493
9	8494	8495	8623	8622	8494
9	8495	8496	8624	8623	8495
9	8496	8497	8625	8624	8496
9	8497	8498	8626	8625	8497
9	8498	8499	8627	8626	8498
9	8499	8500	8628	8627	8499
9	8500	8501	8629	8628	8500
9	8501	8502	8630	8629	8501
9	8502	8503	8631	8630	8502
9	8503	8504	8632	8631	8503
9	8504	8505	8633	8632	8504
9	8505	8506	8634	8633	8505
9	8506	8507	8635	8634	8506
9	8507	8508	8636	8635	8507
9	8508	8509	8637	8636	8508
9	8509	8510	8638	8637	8509
9	8510	8511	8639	8638	8510
9	8511	8512	8640	8639	8511
9	8512	8513	8641	8640	8512
9	8513	8514	8642	8641	8513
9	8514	8515	8643	8642	8514
9	8515	8516	8644	8643	8515
9	8516	8517	8645	8644	8516
9	8517	8518	8646	8645	8517
9	8518	8519	8647	8646	8518
9	8519	8520	8648	8647	8519
9	8520	8521	8649	8648	8520
9	8521	8522	8650	8649	8521
9	8522	8523	8651	8650	8522
9	8523	8524	8652	8651	8523
9	8524	8525	8653	8652	8524
9	8525	8526	8654	8653	8525
9	8526	8527	8655	8654	8526
9	8527	8528	8656	8655	8527
9	8528	8529	8657	8656	8528
9	8529	8530	8658	8657	8529
9	8530	8531	8659	8658	8530
9	8531	8532	8660	8659	8531
9	8532	8533	8661	8660	8532
9	8533	8534	8662	8661	8533
9	8534	8535	8663	8662	8534
9	8535	8536	8664	8663	8535
9	8536	8537	8665	8664	8536
9	8537	8538	8666	8665	8537
9	8538	8539	8667	8666	8538
9	8539	8540	8668	8667	8539
9	8540	8541	8669	8668	8540
9	8541	8542	8670	8669	8541
9	8542	8543	8671	8670	8542
9	8543	8544	8672	8671	8543
9	8544	8545	8673	8672	8544
9	8545	8546	8674	8673	8545
9	8546	8547	8675	8674	8546
9	8547	8548	8676	8675	8547
9	8548	8549	8677	8676	8548
9	8549	8550	8678	8677	8549
9	8550	8551	8679	8678	8550
9	8551	8552	8680	8679	8551
9	8552	8553	8681	8680	8552
9	8553	8554	8682	8681	8553
9	8554	8555	8683	8682	8554
9	8555	8556	8684	8683	8555
9	8556	8557	8685	8684	8556
9	8557	8558	8686	8685	8557
9	8558	8559	8687	8686	8558
9	8559	8560	8688	8687	8559
9	8560	8561	8689	8688	8560
9	8561	8562	8690	8689	8561
9	8562	8563	8691	8690	8562
9	8563	8564	8692	8691	8563
9	8564	8565	8693	8692	8564
9	8565	8566	8694	8693	8565
9	8566	8567	8695	8694	8566
9	8567	8568	8696	8695	8567
9	8568	8569	8697	8696	8568
9	8569	8570	8698	8697	8569
9	8570	8571	8699	8698	8570
9	8571	8572	8700	8699	8571
9	8572	8573	8701	8700	8572
9	8573	8574	8702	8701	8573
9	8574	8575	8703	8702	8574
9	8575	8448	8576	8703	8575
9	8576	8577	8705	8704	8576
9	8577	8578	8706	8705	8577
9	8578	8579	8707	8706	8578
9	8579	8580	8708	8707	8579
9	8580	8581	8709	8708	8580
9	8581	8582	8710	8709	8581
9	8582	8583	8711	8710	8582
9	8583	8584	8712	8711	8583
9	8584	8585	8713	8712	8584
9	8585	8586	8714	8713	8585
9	8586	8587	8715	8714	8586
9	8587	8588	8716	8715	8587
9	8588	8589	8717	8716	8588
9	8589	8590	8718	8717	8589
9	8590	8591	8719	8718	8590
9	8591	8592	8720	8719	8591
9	8592	8593	8721	8720	8592
9	8593	8594	8722	8721	8593
9	8594	8595	8723	8722	8594
9	8595	8596	8724	8723	8595
9	8596	8597	8725	8724	8596
9	8597	8598	8726	8725	8597
9	8598	8599	8727	8726	8598
9	8599	8600	8728	8727	8599
9	8600	8601	8729	8728	8600
9	8601	8602	8730	8729	8601
9	8602	8603	8731	8730	8602
9	8603	8604	8732	8731	8603
9	8604	8605	8733	8732	8604
9	8605	8606	8734	8733	8605
9	8606	8607	8735	8734	8606
9	8607	8608	8736	8735	8607
9	8608	8609	8737	8736	8608
9	8609	8610	8738	8737	8609
9	8610	8611	8739	8738	8610
9	8611	8612	8740	8739	8611
9	8612	8613	8741	8740	8612
9	8613	8614	8742	8741	8613
9	8614	8615	8743	8742	8614
9	8615	8616	8744	8743	8615
9	8616	8617	8745	8744	8616
9	8617	8618	8746	8745	8617
9	8618	8619	8747	8746	8618
9	8619	8620	8748	8747	8619
9	8620	8621	8749	8748	8620
9	8621	8622	8750	8749	8621
9	8622	8623	8751	8750	8622
9	8623	8624	8752	8751	8623
9	8624	8625	8753	8752	8624
9	8625	8626	8754	8753	8625
9	8626	8627	8755	8754	8626
9	8627	8628	8756	8755	8627
9	8628	8629	8757	8756	8628
9	8629	8630	8758	8757	8629
9	8630	8631	8759	8758	8630
9	8631	8632	8760	8759	8631
9	8632	8633	8761	8760	8632
9	8633	8634	8762	8761	8633
9	8634	8635	8763	8762	8634
9	8635	8636	8764	8763	8635
9	8636	8637	8765	8764	8636
9	8637	8638	8766	8765	8637
9	8638	8639	8767	8766	8638
9	8639	8640	8768	8767	8639
9	8640	8641	8769	8768	8640
9	8641	8642	8770	8769	8641
9	8642	8643	8771	8770	8642
9	8643	8644	8772	8771	8643
9	8644	8645	8773	8772	8644
9	8645	8646	8774	8773	8645
9	8646	8647	8775	8774	8646
9	8647	8648	8776	8775	8647
9	8648	8649	8777	8776	8648
9	8649	8650	8778	8777	8649
9	8650	8651	8779	8778	8650
9	8651	8652	8780	8779	8651
9	8652	8653	8781	8780	8652
9	8653	8654	8782	8781	8653
9	8654	8655	8783	8782	8654
9	8655	8656	8784	8783	8655
9	8656	8657	8785	8784	8656
9	8657	8658	8786	8785	8657
9	8658	8659	8787	8786	8658
9	8659	8660	8788	8787	8659
9	8660	8661	8789	8788	8660
9	8661	8662	8790	8789	8661
9	8662	8663	8791	8790	8662
9	8663	8664	8792	8791	8663
9	8664	8665	8793	8792	8664
9	8665	8666	8794	8793	8665
9	8666	8667	8795	8794	8666
9	8667	8668	8796	8795	8667
9	8668	8669	8797	8796	8668
9	8669	8670	8798	8797	8669
9	8670	8671	8799	8798	8670
9	8671	8672	8800	8799	8671
9	8672	8673	8801	8800	8672
9	8673	8674	8802	8801	8673
9	8674	8675	8803	8802	8674
9	8675	8676	8804	8803	8675
9	8676	8677	8805	8804	8676
9	8677	8678	8806	8805	8677
9	8678	8679	8807	8806	8678
9	8679	8680	8808	8807	8679
9	8680	8681	8809	8808	8680
9	8681	8682	8810	8809	8681
9	8682	8683	8811	8810	8682
9	8683	8684	8812	8811	8683
9	8684	8685	8813	8812	8684
9	8685	8686	8814	8813	8685
9	8686	8687	8815	8814	8686
9	8687	8688	8816	8815	8687
9	8688	8689	8817	8816	8688
9	8689	8690	8818	8817	8689
9	8690	8691	8819	8818	8690
9	8691	8692	8820	8819	8691
9	8692	8693	8821	8820	8692
9	8693	8694	8822	8821	8693
9	8694	8695	8823	8822	8694
9	8695	8696	8824	8823	8695
9	8696	8697	8825	8824	8696
9	8697	8698	8826	8825	8697
9	8698	8699	8827	8826	8698
9	8699	8700	8828	8827	8699
9	8700	8701	8829	8828	8700
9	8701	8702	8830	8829	8701
9	8702	8703	8831	8830	8702
9	8703	8576	8704	8831	8703
9	8704	8705	8833	8832	8704
9	8705	8706	8834	8833	8705
9	8706	8707	8835	8834	8706
9	8707	8708	8836	8835	8707
9	8708	8709	8837	8836	8708
9	8709	8710	8838	8837	8709
9	8710	8711	8839	8838	8710
9	8711	8712	8840	8839	8711
9	8712	8713	8841	8840	8712
9	8713	8714	8842	8841	8713
9	8714	8715	8843	8842	8714
9	8715	8716	8844	8843	8715
9	8716	8717	8845	8844	8716
9	8717	8718	8846	8845	8717
9	8718	8719	8847	8846	8718
9	8719	8720	8848	8847	8719
9	8720	8721	8849	8848	8720
9	8721	8722	8850	8849	8721
9	8722	8723	8851	8850	8722
9	8723	8724	8852	8851	8723
9	8724	8725	8853	8852	8724
9	8725	8726	8854	8853	8725
9	8726	8727	8855	8854	8726
9	8727	8728	8856	8855	8727
9	8728	8729	8857	8856	8728
9	8729	8730	8858	8857	8729
9	8730	8731	8859	8858	8730
9	8731	8732	8860	8859	8731
9	8732	8733	8861	8860	8732
9	8733	8734	8862	8861	8733
9	8734	8735	8863	8862	8734
9	8735	8736	8864	8863	8735
9	8736	8737	8865	8864	8736
9	8737	8738	8866	8865	8737
9	8738	8739	8867	8866	8738
9	8739	8740	8868	8867	8739
9	8740	8741	8869	8868	8740
9	8741	8742	8870	8869	8741
9	8742	8743	8871	8870	8742
9	8743	8744	8872	8871	8743
9	8744	8745	8873	8872	8744
9	8745	8746	8874	8873	8745
9	8746	8747	8875	8874	8746
9	8747	8748	8876	8875	8747
9	8748	8749	8877	8876	8748
9	8749	8750	8878	8877	8749
9	8750	8751	8879	8878	8750
9	8751	8752	8880	8879	8751
9	8752	8753	8881	8880	8752
9	8753	8754	8882	8881	8753
9	8754	8755	8883	8882	8754
9	8755	8756	8884	8883	8755
9	8756	8757	8885	8884	8756
9	8757	8758	8886	8885	8757
9	8758	8759	8887	8886	8758
9	8759	8760	8888	8887	8759
9	8760	8761	8889	8888	8760
9	8761	8762	8890	8889	8761
9	8762	8763	8891	8890	8762
9	8763	8764	8892	8891	8763
9	8764	8765	8893	8892	8764
9	8765	8766	8894	8893	8765
9	8766	8767	8895	8894	8766
9	8767	8768	8896	8895	8767
9	8768	8769	8897	8896	8768
9	8769	8770	8898	8897	8769
9	8770	8771	8899	8898	8770
9	8771	8772	8900	8899	8771
9	8772	8773	8901	8900	8772
9	8773	8774	8902	8901	8773
9	8774	8775	8903	8902	8774
9	8775	8776	8904	8903	8775
9	8776	8777	8905	8904	8776
9	8777	8778	8906	8905	8777
9	8778	8779	8907	8906	8778
9	8779	8780	8908	8907	8779
9	8780	8781	8909	8908	8780
9	8781	8782	8910	8909	8781
9	8782	8783	8911	8910	8782
9	8783	8784	8912	8911	8783
9	8784	8785	8913	8912	8784
9	8785	8786	8914	8913	8785
9	8786	8787	8915	8914	8786
9	8787	8788	8916	8915	8787
9	8788	8789	8917	8916	8788
9	8789	8790	8918	8917	8789
9	8790	8791	8919	8918	8790
9	8791	8792	8920	8919	8791
9	8792	8793	8921	8920	8792
9	8793	8794	8922	8921	8793
9	8794	8795	8923	8922	8794
9	8795	8796	8924	8923	8795
9	8796	8797	8925	8924	8796
9	8797	8798	8926	8925	8797
9	8798	8799	8927	8926	8798
9	8799	8800	8928	8927	8799
9	8800	8801	8929	8928	8800
9	8801	8802	8930	8929	8801
9	8802	8803	8931	8930	8802
9	8803	8804	8932	8931	8803
9	8804	8805	8933	8932	8804
9	8805	8806	8934	8933	8805
9	8806	8807	8935	8934	8806
9	8807	8808	8936	8935	8807
9	8808	8809	8937	8936	8808
9	8809	8810	8938	8937	8809
9	8810	8811	8939	8938	8810
9	8811	8812	8940	8939	8811
9	8812	8813	8941	8940	8812
9	8813	8814	8942	8941	8813
9	8814	8815	8943	8942	8814
9	8815	8816	8944	8943	8815
9	8816	8817	8945	8944	8816
9	8817	8818	8946	8945	8817
9	8818	8819	8947	8946	8818
9	8819	8820	8948	8947	8819
9	8820	8821	8949	8948	8820
9	8821	8822	8950	8949	8821
9	8822	8823	8951	8950	8822
9	8823	8824	8952	8951	8823
9	8824	8825	8953	8952	8824
9	8825	8826	8954	8953	8825
9	8826	8827	8955	8954	8826
9	8827	8828	8956	8955	8827
9	8828	8829	8957	8956	8828
9	8829	8830	8958	8957	8829
9	8830	8831	8959	8958	8830
9	8831	8704	8832	8959	8831
9	8832	8833	8961	8960	8832
9	8833	8834	8962	8961	8833
9	8834	8835	8963	8962	8834
9	8835	8836	8964	8963	8835
9	8836	8837	8965	8964	8836
9	8837	8838	8966	8965	8837
9	8838	8839	8967	8966	8838
9	8839	8840	8968	8967	8839
9	8840	8841	8969	8968	8840
9	8841	8842	8970	8969	8841
9	8842	8843	8971	8970	8842
9	8843	8844	8972	8971	8843
9	8844	8845	8973	8972	8844
9	8845	8846	8974	8973	8845
9	8846	8847	8975	8974	8846
9	8847	8848	8976	8975	8847
9	8848	8849	8977	8976	8848
9	8849	8850	8978	8977	8849
9	8850	8851	8979	8978	8850
9	8851	8852	8980	8979	8851
9	8852	8853	8981	8980	8852
9	8853	8854	8982	8981	8853
9	8854	8855	8983	8982	8854
9	8855	8856	8984	8983	8855
9	8856	8857	8985	8984	8856
9	8857	8858	8986	8985	8857
9	8858	8859	8987	8986	8858
9	8859	8860	8988	8987	8859
9	8860	8861	8989	8988	8860
9	8861	8862	8990	8989	8861
9	8862	8863	8991	8990	8862
9	8863	8864	8992	8991	8863
9	8864	8865	8993	8992	8864
9	8865	8866	8994	8993	8865
9	8866	8867	8995	8994	8866
9	8867	8868	8996	8995	8867
9	8868	8869	8997	8996	8868
9	8869	8870	8998	8997	8869
9	8870	8871	8999	8998	8870
9	8871	8872	9000	8999	8871
9	8872	8873	9001	9000	8872
9	8873	8874	9002	9001	8873
9	8874	8875	9003	9002	8874
9	8875	8876	9004	9003	8875
9	8876	8877	9005	9004	8876
9	8877	8878	9006	9005	8877
9	8878	8879	9007	9006	8878
9	8879	8880	9008	9007	8879
9	8880	8881	9009	9008	8880
9	8881	8882	9010	9009	8881
9	8882	8883	9011	9010	8882
9	8883	8884	9012	9011	8883
9	8884	8885	9013	9012	8884
9	8885	8886	9014	9013	8885
9	8886	8887	9015	9014	8886
9	8887	8888	9016	9015	8887
9	8888	8889	9017	9016	8888
9	8889	8890	9018	9017	8889
9	8890	8891	9019	9018	8890
9	8891	8892	9020	9019	8891
9	8892	8893	9021	9020	8892
9	8893	8894	9022	9021	8893
9	8894	8895	9023	9022	8894
9	8895	8896	9024	9023	8895
9	8896	8897	9025	9024	8896
9	8897	8898	9026	9025	8897
9	8898	8899	9027	9026	8898
9	8899	8900	9028	9027	8899
9	8900	8901	9029	9028	8900
9	8901	8902	9030	9029	8901
9	8902	8903	9031	9030	8902
9	8903	8904	9032	9031	8903
9	8904	8905	9033	9032	8904
9	8905	8906	9034	9033	8905
9	8906	8907	9035	9034	8906
9	8907	8908	9036	9035	8907
9	8908	8909	9037	9036	8908
9	8909	8910	9038	9037	8909
9	8910	8911	9039	9038	8910
9	8911	8912	9040	9039	8911
9	8912	8913	9041	9040	8912
9	8913	8914	9042	9041	8913
9	8914	8915	9043	9042	8914
9	8915	8916	9044	9043	8915
9	8916	8917	9045	9044	8916
9	8917	8918	9046	9045	8917
9	8918	8919	9047	9046	8918
9	8919	8920	9048	9047	8919
9	8920	8921	9049	9048	8920
9	8921	8922	9050	9049	8921
9	8922	8923	9051	9050	8922
9	8923	8924	9052	9051	8923
9	8924	8925	9053	9052	8924
9	8925	8926	9054	9053	8925
9	8926	8927	9055	9054	8926
9	8927	8928	9056	9055	8927
9	8928	8929	9057	9056	8928
9	8929	8930	9058	9057	8929
9	8930	8931	9059	9058	8930
9	8931	8932	9060	9059	8931
9	8932	8933	9061	9060	8932
9	8933	8934	9062	9061	8933
9	8934	8935	9063	9062	8934
9	8935	8936	9064	9063	8935
9	8936	8937	9065	9064	8936
9	8937	8938	9066	9065	8937
9	8938	8939	9067	9066	8938
9	8939	8940	9068	9067	8939
9	8940	8941	9069	9068	8940
9	8941	8942	9070	9069	8941
9	8942	8943	9071	9070	8942
9	8943	8944	9072	9071	8943
9	8944	8945	9073	9072	8944
9	8945	8946	9074	9073	8945
9	8946	8947	9075	9074	8946
9	8947	8948	9076	9075	8947
9	8948	8949	9077	9076	8948
9	8949	8950	9078	9077	8949
9	8950	8951	9079	9078	8950
9	8951	8952	9080	9079	8951
9	8952	8953	9081	9080	8952
9	8953	8954	9082	9081	8953
9	8954	8955	9083	9082	8954
9	8955	8956	9084	9083	8955
9	8956	8957	9085	9084	8956
9	8957	8958	9086	9085	8957
9	8958	8959	9087	9086	8958
9	8959	8832	8960	9087	8959
9	8960	8961	9089	9088	8960
9	8961	8962	9090	9089	8961
9	8962	8963	9091	9090	8962
9	8963	8964	9092	9091	8963
9	8964	8965	9093	9092	8964
9	8965	8966	9094	9093	8965
9	8966	8967	9095	9094	8966
9	8967	8968	9096	9095	8967
9	8968	8969	9097	9096	8968
9	8969	8970	9098	9097	8969
9	8970	8971	9099	9098	8970
9	8971	8972	9100	9099	8971
9	8972	8973	9101	9100	8972
9	8973	8974	9102	9101	8973
9	8974	8975	9103	9102	8974
9	8975	8976	9104	9103	8975
9	8976	8977	9105	9104	8976
9	8977	8978	9106	9105	8977
9	8978	8979	9107	9106	8978
9	8979	8980	9108	9107	8979
9	8980	8981	9109	9108	8980
9	8981	8982	9110	9109	8981
9	8982	8983	9111	9110	8982
9	8983	8984	9112	9111	8983
9	8984	8985	9113	9112	8984
9	8985	8986	9114	9113	8985
9	8986	8987	9115	9114	8986
9	8987	8988	9116	9115	8987
9	8988	8989	9117	9116	8988
9	8989	8990	9118	9117	8989
9	8990	8991	9119	9118	8990
9	8991	8992	9120	9119	8991
9	8992	8993	9121	9120	8992
9	8993	8994	9122	9121	8993
9	8994	8995	9123	9122	8994
9	8995	8996	9124	9123	8995
9	8996	8997	9125	9124	8996
9	8997	8998	9126	9125	8997
9	8998	8999	9127	9126	8998
9	8999	9000	9128	9127	8999
9	9000	9001	9129	9128	9000
9	9001	9002	9130	9129	9001
9	9002	9003	9131	9130	9002
9	9003	9004	9132	9131	9003
9	9004	9005	9133	9132	9004
9	9005	9006	9134	9133	9005
9	9006	9007	9135	9134	9006
9	9007	9008	9136	9135	9007
9	9008	9009	9137	9136	9008
9	9009	9010	9138	9137	9009
9	9010	9011	9139	9138	9010
9	9011	9012	9140	9139	9011
9	9012	9013	9141	9140	9012
9	9013	9014	9142	9141	9013
9	9014	9015	9143	9142	9014
9	9015	9016	9144	9143	9015
9	9016	9017	9145	9144	9016
9	9017	9018	9146	9145	9017
9	9018	9019	9147	9146	9018
9	9019	9020	9148	9147	9019
9	9020	9021	9149	9148	9020
9	9021	9022	9150	9149	9021
9	9022	9023	9151	9150	9022
9	9023	9024	9152	9151	9023
9	9024	9025	9153	9152	9024
9	9025	9026	9154	9153	9025
9	9026	9027	9155	9154	9026
9	9027	9028	9156	9155	9027
9	9028	9029	9157	9156	9028
9	9029	9030	9158	9157	9029
9	9030	9031	9159	9158	9030
9	9031	9032	9160	9159	9031
9	9032	9033	9161	9160	9032
9	9033	9034	9162	9161	9033
9	9034	9035	9163	9162	9034
9	9035	9036	9164	9163	9035
9	9036	9037	9165	9164	9036
9	9037	9038	9166	9165	9037
9	9038	9039	9167	9166	9038
9	9039	9040	9168	9167	9039
9	9040	9041	9169	9168	9040
9	9041	9042	9170	9169	9041
9	9042	9043	9171	9170	9042
9	9043	9044	9172	9171	9043
9	9044	9045	9173	9172	9044
9	9045	9046	9174	9173	9045
9	9046	9047	9175	9174	9046
9	9047	9048	9176	9175	9047
9	9048	9049	9177	9176	9048
9	9049	9050	9178	9177	9049
9	9050	9051	9179	9178	9050
9	9051	9052	9180	9179	9051
9	9052	9053	9181	9180	9052
9	9053	9054	9182	9181	9053
9	9054	9055	9183	9182	9054
9	9055	9056	9184	9183	9055
9	9056	9057	9185	9184	9056
9	9057	9058	9186	9185	9057
9	9058	9059	9187	9186	9058
9	9059	9060	9188	9187	9059
9	9060	9061	9189	9188	9060
9	9061	9062	9190	9189	9061
9	9062	9063	9191	9190	9062
9	9063	9064	9192	9191	9063
9	9064	9065	9193	9192	9064
9	9065	9066	9194	9193	9065
9	9066	9067	9195	9194	9066
9	9067	9068	9196	9195	9067
9	9068	9069	9197	9196	9068
9	9069	9070	9198	9197	9069
9	9070	9071	9199	9198	9070
9	9071	9072	9200	9199	9071
9	9072	9073	9201	9200	9072
9	9073	9074	9202	9201	9073
9	9074	9075	9203	9202	9074
9	9075	9076	9204	9203	9075
9	9076	9077	9205	9204	9076
9	9077	9078	9206	9205	9077
9	9078	9079	9207	9206	9078
9	9079	9080	9208	9207	9079
9	9080	9081	9209	9208	9080
9	9081	9082	9210	9209	9081
9	9082	9083	9211	9210	9082
9	9083	9084	9212	9211	9083
9	9084	9085	9213	9212	9084
9	9085	9086	9214	9213	9085
9	9086	9087	9215	9214	9086
9	9087	8960	9088	9215	9087
9	9088	9089	9217	9216	9088
9	9089	9090	9218	9217	9089
9	9090	9091	9219	9218	9090
9	9091	9092	9220	9219	9091
9	9092	9093	9221	9220	9092
9	9093	9094	9222	9221	9093
9	9094	9095	9223	9222	9094
9	9095	9096	9224	9223	9095
9	9096	9097	9225	9224	9096
9	9097	9098	9226	9225	9097
9	9098	9099	9227	9226	9098
9	9099	9100	9228	9227	9099
9	9100	9101	9229	9228	9100
9	9101	9102	9230	9229	9101
9	9102	9103	9231	9230	9102
9	9103	9104	9232	9231	9103
9	9104	9105	9233	9232	9104
9	9105	9106	9234	9233	9105
9	9106	9107	9235	9234	9106
9	9107	9108	9236	9235	9107
9	9108	9109	9237	9236	9108
9	9109	9110	9238	9237	9109
9	9110	9111	9239	9238	9110
9	9111	9112	9240	9239	9111
9	9112	9113	9241	9240	9112
9	9113	9114	9242	9241	9113
9	9114	9115	9243	9242	9114
9	9115	9116	9244	9243	9115
9	9116	9117	9245	9244	9116
9	9117	9118	9246	9245	9117
9	9118	9119	9247	9246	9118
9	9119	9120	9248	9247	9119
9	9120	9121	9249	9248	9120
9	9121	9122	9250	9249	9121
9	9122	9123	9251	9250	9122
9	9123	9124	9252	9251	9123
9	9124	9125	9253	9252	9124
9	9125	9126	9254	9253	9125
9	9126	9127	9255	9254	9126
9	9127	9128	9256	9255	9127
9	9128	9129	9257	9256	9128
9	9129	9130	9258	9257	9129
9	9130	9131	9259	9258	9130
9	9131	9132	9260	9259	9131
9	9132	9133	9261	9260	9132
9	9133	9134	9262	9261	9133
9	9134	9135	9263	9262	9134
9	9135	9136	9264	9263	9135
9	9136	9137	9265	9264	9136
9	9137	9138	9266	9265	9137
9	9138	9139	9267	9266	9138
9	9139	9140	9268	9267	9139
9	9140	9141	9269	9268	9140
9	9141	9142	9270	9269	9141
9	9142	9143	9271	9270	9142
9	9143	9144	9272	9271	9143
9	9144	9145	9273	9272	9144
9	9145	9146	9274	9273	9145
9	9146	9147	9275	9274	9146
9	9147	9148	9276	9275	9147
9	9148	9149	9277	9276	9148
9	9149	9150	9278	9277	9149
9	9150	9151	9279	9278	9150
9	9151	9152	9280	9279	9151
9	9152	9153	9281	9280	9152
9	9153	9154	9282	9281	9153
9	9154	9155	9283	9282	9154
9	9155	9156	9284	9283	9155
9	9156	9157	9285	9284	9156
9	9157	9158	9286	9285	9157
9	9158	9159	9287	9286	9158
9	9159	9160	9288	9287	9159
9	9160	9161	9289	9288	9160
9	9161	9162	9290	9289	9161
9	9162	9163	9291	9290	9162
9	9163	9164	9292	9291	9163
9	9164	9165	9293	9292	9164
9	9165	9166	9294	9293	9165
9	9166	9167	9295	9294	9166
9	9167	9168	9296	9295	9167
9	9168	9169	9297	9296	9168
9	9169	9170	9298	9297	9169
9	9170	9171	9299	9298	9170
9	9171	9172	9300	9299	9171
9	9172	9173	9301	9300	9172
9	9173	9174	9302	9301	9173
9	9174	9175	9303	9302	9174
9	9175	9176	9304	9303	9175
9	9176	9177	9305	9304	9176
9	9177	9178	9306	9305	9177
9	9178	9179	9307	9306	9178
9	9179	9180	9308	9307	9179
9	9180	9181	9309	9308	9180
9	9181	9182	9310	9309	9181
9	9182	9183	9311	9310	9182
9	9183	9184	9312	9311	9183
9	9184	9185	9313	9312	9184
9	9185	9186	9314	9313	9185
9	9186	9187	9315	9314	9186
9	9187	9188	9316	9315	9187
9	9188	9189	9317	9316	9188
9	9189	9190	9318	9317	9189
9	9190	9191	9319	9318	9190
9	9191	9192	9320	9319	9191
9	9192	9193	9321	9320	9192
9	9193	9194	9322	9321	9193
9	9194	9195	9323	9322	9194
9	9195	9196	9324	9323	9195
9	9196	9197	9325	9324	9196
9	9197	9198	9326	9325	9197
9	9198	9199	9327	9326	9198
9	9199	9200	9328	9327	9199
9	9200	9201	9329	9328	9200
9	9201	9202	9330	9329	9201
9	9202	9203	9331	9330	9202
9	9203	9204	9332	9331	9203
9	9204	9205	9333	9332	9204
9	9205	9206	9334	9333	9205
9	9206	9207	9335	9334	9206
9	9207	9208	9336	9335	9207
9	9208	9209	9337	9336	9208
9	9209	9210	9338	9337	9209
9	9210	9211	9339	9338	9210
9	9211	9212	9340	9339	9211
9	9212	9213	9341	9340	9212
9	9213	9214	9342	9341	9213
9	9214	9215	9343	9342	9214
9	9215	9088	9216	9343	9215
9	9216	9217	9345	9344	9216
9	9217	9218	9346	9345	9217
9	9218	9219	9347	9346	9218
9	9219	9220	9348	9347	9219
9	9220	9221	9349	9348	9220
9	9221	9222	9350	9349	9221
9	9222	9223	9351	9350	9222
9	9223	9224	9352	9351	9223
9	9224	9225	9353	9352	9224
9	9225	9226	9354	9353	9225
9	9226	9227	9355	9354	9226
9	9227	9228	9356	9355	9227
9	9228	9229	9357	9356	9228
9	9229	9230	9358	9357	9229
9	9230	9231	9359	9358	9230
9	9231	9232	9360	9359	9231
9	9232	9233	9361	9360	9232
9	9233	9234	9362	9361	9233
9	9234	9235	9363	9362	9234
9	9235	9236	9364	9363	9235
9	9236	9237	9365	9364	9236
9	9237	9238	9366	9365	9237
9	9238	9239	9367	9366	9238
9	9239	9240	9368	9367	9239
9	9240	9241	9369	9368	9240
9	9241	9242	9370	9369	9241
9	9242	9243	9371	9370	9242
9	9243	9244	9372	9371	9243
9	9244	9245	9373	9372	9244
9	9245	9246	9374	9373	9245
9	9246	9247	9375	9374	9246
9	9247	9248	9376	9375	9247
9	9248	9249	9377	9376	9248
9	9249	9250	9378	9377	9249
9	9250	9251	9379	9378	9250
9	9251	9252	9380	9379	9251
9	9252	9253	9381	9380	9252
9	9253	9254	9382	9381	9253
9	9254	9255	9383	9382	9254
9	9255	9256	9384	9383	9255
9	9256	9257	9385	9384	9256
9	9257	9258	9386	9385	9257
9	9258	9259	9387	9386	9258
9	9259	9260	9388	9387	9259
9	9260	9261	9389	9388	9260
9	9261	9262	9390	9389	9261
9	9262	9263	9391	9390	9262
9	9263	9264	9392	9391	9263
9	9264	9265	9393	9392	9264
9	9265	9266	9394	9393	9265
9	9266	9267	9395	9394	9266
9	9267	9268	9396	9395	9267
9	9268	9269	9397	9396	9268
9	9269	9270	9398	9397	9269
9	9270	9271	9399	9398	9270
9	9271	9272	9400	9399	9271
9	9272	9273	9401	9400	9272
9	9273	9274	9402	9401	9273
9	9274	9275	9403	9402	9274
9	9275	9276	9404	9403	9275
9	9276	9277	9405	9404	9276
9	9277	9278	9406	9405	9277
9	9278	9279	9407	9406	9278
9	9279	9280	9408	9407	9279
9	9280	9281	9409	9408	9280
9	9281	9282	9410	9409	9281
9	9282	9283	9411	9410	9282
9	9283	9284	9412	9411	9283
9	9284	9285	9413	9412	9284
9	9285	9286	9414	9413	9285
9	9286	9287	9415	9414	9286
9	9287	9288	9416	9415	9287
9	9288	9289	9417	9416	9288
9	9289	9290	9418	9417	9289
9	9290	9291	9419	9418	9290
9	9291	9292	9420	9419	9291
9	9292	9293	9421	9420	9292
9	9293	9294	9422	9421	9293
9	9294	9295	9423	9422	9294
9	9295	9296	9424	9423	9295
9	9296	9297	9425	9424	9296
9	9297	9298	9426	9425	9297
9	9298	9299	9427	9426	9298
9	9299	9300	9428	9427	9299
9	9300	9301	9429	9428	9300
9	9301	9302	9430	9429	9301
9	9302	9303	9431	9430	9302
9	9303	9304	9432	9431	9303
9	9304	9305	9433	9432	9304
9	9305	9306	9434	9433	9305
9	9306	9307	9435	9434	9306
9	9307	9308	9436	9435	9307
9	9308	9309	9437	9436	9308
9	9309	9310	9438	9437	9309
9	9310	9311	9439	9438	9310
9	9311	9312	9440	9439	9311
9	9312	9313	9441	9440	9312
9	9313	9314	9442	9441	9313
9	9314	9315	9443	9442	9314
9	9315	9316	9444	9443	9315
9	9316	9317	9445	9444	9316
9	9317	9318	9446	9445	9317
9	9318	9319	9447	9446	9318
9	9319	9320	9448	9447	9319
9	9320	9321	9449	9448	9320
9	9321	9322	9450	9449	9321
9	9322	9323	9451	9450	9322
9	9323	9324	9452	9451	9323
9	9324	9325	9453	9452	9324
9	9325	9326	9454	9453	9325
9	9326	9327	9455	9454	9326
9	9327	9328	9456	9455	9327
9	9328	9329	9457	9456	9328
9	9329	9330	9458	9457	9329
9	9330	9331	9459	9458	9330
9	9331	9332	9460	9459	9331
9	9332	9333	9461	9460	9332
9	9333	9334	9462	9461	9333
9	9334	9335	9463	9462	9334
9	9335	9336	9464	9463	9335
9	9336	9337	9465	9464	9336
9	9337	9338	9466	9465	9337
9	9338	9339	9467	9466	9338
9	9339	9340	9468	9467	9339
9	9340	9341	9469	9468	9340
9	9341	9342	9470	9469	9341
9	9342	9343	9471	9470	9342
9	9343	9216	9344	9471	9343
9	9344	9345	9473	9472	9344
9	9345	9346	9474	9473	9345
9	9346	9347	9475	9474	9346
9	9347	9348	9476	9475	9347
9	9348	9349	9477	9476	9348
9	9349	9350	9478	9477	9349
9	9350	9351	9479	9478	9350
9	9351	9352	9480	9479	9351
9	9352	9353	9481	9480	9352
9	9353	9354	9482	9481	9353
9	9354	9355	9483	9482	9354
9	9355	9356	9484	9483	9355
9	9356	9357	9485	9484	9356
9	9357	9358	9486	9485	9357
9	9358	9359	9487	9486	9358
9	9359	9360	9488	9487	9359
9	9360	9361	9489	9488	9360
9	9361	9362	9490	9489	9361
9	9362	9363	9491	9490	9362
9	9363	9364	9492	9491	9363
9	9364	9365	9493	9492	9364
9	9365	9366	9494	9493	9365
9	9366	9367	9495	9494	9366
9	9367	9368	9496	9495	9367
9	9368	9369	9497	9496	9368
9	9369	9370	9498	9497	9369
9	9370	9371	9499	9498	9370
9	9371	9372	9500	9499	9371
9	9372	9373	9501	9500	9372
9	9373	9374	9502	9501	9373
9	9374	9375	9503	9502	9374
9	9375	9376	9504	9503	9375
9	9376	9377	9505	9504	9376
9	9377	9378	9506	9505	9377
9	9378	9379	9507	9506	9378
9	9379	9380	9508	9507	9379
9	9380	9381	9509	9508	9380
9	9381	9382	9510	9509	9381
9	9382	9383	9511	9510	9382
9	9383	9384	9512	9511	9383
9	9384	9385	9513	9512	9384
9	9385	9386	9514	9513	9385
9	9386	9387	9515	9514	9386
9	9387	9388	9516	9515	9387
9	9388	9389	9517	9516	9388
9	9389	9390	9518	9517	9389
9	9390	9391	9519	9518	9390
9	9391	9392	9520	9519	9391
9	9392	9393	9521	9520	9392
9	9393	9394	9522	9521	9393
9	9394	9395	9523	9522	9394
9	9395	9396	9524	9523	9395
9	9396	9397	9525	9524	9396
9	9397	9398	9526	9525	9397
9	9398	9399	9527	9526	9398
9	9399	9400	9528	9527	9399
9	9400	9401	9529	9528	9400
9	9401	9402	9530	9529	9401
9	9402	9403	9531	9530	9402
9	9403	9404	9532	9531	9403
9	9404	9405	9533	9532	9404
9	9405	9406	9534	9533	9405
9	9406	9407	9535	9534	9406
9	9407	9408	9536	9535	9407
9	9408	9409	9537	9536	9408
9	9409	9410	9538	9537	9409
9	9410	9411	9539	9538	9410
9	9411	9412	9540	9539	9411
9	9412	9413	9541	9540	9412
9	9413	9414	9542	9541	9413
9	9414	9415	9543	9542	9414
9	9415	9416	9544	9543	9415
9	9416	9417	9545	9544	9416
9	9417	9418	9546	9545	9417
9	9418	9419	9547	9546	9418
9	9419	9420	9548	9547	9419
9	9420	9421	9549	9548	9420
9	9421	9422	9550	9549	9421
9	9422	9423	9551	9550	9422
9	9423	9424	9552	9551	9423
9	9424	9425	9553	9552	9424
9	9425	9426	9554	9553	9425
9	9426	9427	9555	9554	9426
9	9427	9428	9556	9555	9427
9	9428	9429	9557	9556	9428
9	9429	9430	9558	9557	9429
9	9430	9431	9559	9558	9430
9	9431	9432	9560	9559	9431
9	9432	9433	9561	9560	9432
9	9433	9434	9562	9561	9433
9	9434	9435	9563	9562	9434
9	9435	9436	9564	9563	9435
9	9436	9437	9565	9564	9436
9	9437	9438	9566	9565	9437
9	9438	9439	9567	9566	9438
9	9439	9440	9568	9567	9439
9	9440	9441	9569	9568	9440
9	9441	9442	9570	9569	9441
9	9442	9443	9571	9570	9442
9	9443	9444	9572	9571	9443
9	9444	9445	9573	9572	9444
9	9445	9446	9574	9573	9445
9	9446	9447	9575	9574	9446
9	9447	9448	9576	9575	9447
9	9448	9449	9577	9576	9448
9	9449	9450	9578	9577	9449
9	9450	9451	9579	9578	9450
9	9451	9452	9580	9579	9451
9	9452	9453	9581	9580	9452
9	9453	9454	9582	9581	9453
9	9454	9455	9583	9582	9454
9	9455	9456	9584	9583	9455
9	9456	9457	9585	9584	9456
9	9457	9458	9586	9585	9457
9	9458	9459	9587	9586	9458
9	9459	9460	9588	9587	9459
9	9460	9461	9589	9588	9460
9	9461	9462	9590	9589	9461
9	9462	9463	9591	9590	9462
9	9463	9464	9592	9591	9463
9	9464	9465	9593	9592	9464
9	9465	9466	9594	9593	9465
9	9466	9467	9595	9594	9466
9	9467	9468	9596	9595	9467
9	9468	9469	9597	9596	9468
9	9469	9470	9598	9597	9469
9	9470	9471	9599	9598	9470
9	9471	9344	9472	9599	9471
9	9472	9473	9601	9600	9472
9	9473	9474	9602	9601	9473
9	9474	9475	9603	9602	9474
9	9475	9476	9604	9603	9475
9	9476	9477	9605	9604	9476
9	9477	9478	9606	9605	9477
9	9478	9479	9607	9606	9478
9	9479	9480	9608	9607	9479
9	9480	9481	9609	9608	9480
9	9481	9482	9610	9609	9481
9	9482	9483	9611	9610	9482
9	9483	9484	9612	9611	9483
9	9484	9485	9613	9612	9484
9	9485	9486	9614	9613	9485
9	9486	9487	9615	9614	9486
9	9487	9488	9616	9615	9487
9	9488	9489	9617	9616	9488
9	9489	9490	9618	9617	9489
9	9490	9491	9619	9618	9490
9	9491	9492	9620	9619	9491
9	9492	9493	9621	9620	9492
9	9493	9494	9622	9621	9493
9	9494	9495	9623	9622	9494
9	9495	9496	9624	9623	9495
9	9496	9497	9625	9624	9496
9	9497	9498	9626	9625	9497
9	9498	9499	9627	9626	9498
9	9499	9500	9628	9627	9499
9	9500	9501	9629	9628	9500
9	9501	9502	9630	9629	9501
9	9502	9503	9631	9630	9502
9	9503	9504	9632	9631	9503
9	9504	9505	9633	9632	9504
9	9505	9506	9634	9633	9505
9	9506	9507	9635	9634	9506
9	9507	9508	9636	9635	9507
9	9508	9509	9637	9636	9508
9	9509	9510	9638	9637	9509
9	9510	9511	9639	9638	9510
9	9511	9512	9640	9639	9511
9	9512	9513	9641	9640	9512
9	9513	9514	9642	9641	9513
9	9514	9515	9643	9642	9514
9	9515	9516	9644	9643	9515
9	9516	9517	9645	9644	9516
9	9517	9518	9646	9645	9517
9	9518	9519	9647	9646	9518
9	9519	9520	9648	9647	9519
9	9520	9521	9649	9648	9520
9	9521	9522	9650	9649	9521
9	9522	9523	9651	9650	9522
9	9523	9524	9652	9651	9523
9	9524	9525	9653	9652	9524
9	9525	9526	9654	9653	9525
9	9526	9527	9655	9654	9526
9	9527	9528	9656	9655	9527
9	9528	9529	9657	9656	9528
9	9529	9530	9658	9657	9529
9	9530	9531	9659	9658	9530
9	9531	9532	9660	9659	9531
9	9532	9533	9661	9660	9532
9	9533	9534	9662	9661	9533
9	9534	9535	9663	9662	9534
9	9535	9536	9664	9663	9535
9	9536	9537	9665	9664	9536
9	9537	9538	9666	9665	9537
9	9538	9539	9667	9666	9538
9	9539	9540	9668	9667	9539
9	9540	9541	9669	9668	9540
9	9541	9542	9670	9669	9541
9	9542	9543	9671	9670	9542
9	9543	9544	9672	9671	9543
9	9544	9545	9673	9672	9544
9	9545	9546	9674	9673	9545
9	9546	9547	9675	9674	9546
9	9547	9548	9676	9675	9547
9	9548	9549	9677	9676	9548
9	9549	9550	9678	9677	9549
9	9550	9551	9679	9678	9550
9	9551	9552	9680	9679	9551
9	9552	9553	9681	9680	9552
9	9553	9554	9682	9681	9553
9	9554	9555	9683	9682	9554
9	9555	9556	9684	9683	9555
9	9556	9557	9685	9684	9556
9	9557	9558	9686	9685	9557
9	9558	9559	9687	9686	9558
9	9559	9560	9688	9687	9559
9	9560	9561	9689	9688	9560
9	9561	9562	9690	9689	9561
9	9562	9563	9691	9690	9562
9	9563	9564	9692	9691	9563
9	9564	9565	9693	9692	9564
9	9565	9566	9694	9693	9565
9	9566	9567	9695	9694	9566
9	9567	9568	9696	9695	9567
9	9568	9569	9697	9696	9568
9	9569	9570	9698	9697	9569
9	9570	9571	9699	9698	9570
9	9571	9572	9700	9699	9571
9	9572	9573	9701	9700	9572
9	9573	9574	9702	9701	9573
9	9574	9575	9703	9702	9574
9	9575	9576	9704	9703	9575
9	9576	9577	9705	9704	9576
9	9577	9578	9706	9705	9577
9	9578	9579	9707	9706	9578
9	9579	9580	9708	9707	9579
9	9580	9581	9709	9708	9580
9	9581	9582	9710	9709	9581
9	9582	9583	9711	9710	9582
9	9583	9584	9712	9711	9583
9	9584	9585	9713	9712	9584
9	9585	9586	9714	9713	9585
9	9586	9587	9715	9714	9586
9	9587	9588	9716	9715	9587
9	9588	9589	9717	9716	9588
9	9589	9590	9718	9717	9589
9	9590	9591	9719	9718	9590
9	9591	9592	9720	9719	9591
9	9592	9593	9721	9720	9592
9	9593	9594	9722	9721	9593
9	9594	9595	9723	9722	9594
9	9595	9596	9724	9723	9595
9	9596	9597	9725	9724	9596
9	9597	9598	9726	9725	9597
9	9598	9599	9727	9726	9598
9	9599	9472	9600	9727	9599
9	9600	9601	9729	9728	9600
9	9601	9602	9730	9729	9601
9	9602	9603	9731	9730	9602
9	9603	9604	9732	9731	9603
9	9604	9605	9733	9732	9604
9	9605	9606	9734	9733	9605
9	9606	9607	9735	9734	9606
9	9607	9608	9736	9735	9607
9	9608	9609	9737	9736	9608
9	9609	9610	9738	9737	9609
9	9610	9611	9739	9738	9610
9	9611	9612	9740	9739	9611
9	9612	9613	9741	9740	9612
9	9613	9614	9742	9741	9613
9	9614	9615	9743	9742	9614
9	9615	9616	9744	9743	9615
9	9616	9617	9745	9744	9616
9	9617	9618	9746	9745	9617
9	9618	9619	9747	9746	9618
9	9619	9620	9748	9747	9619
9	9620	9621	9749	9748	9620
9	9621	9622	9750	9749	9621
9	9622	9623	9751	9750	9622
9	9623	9624	9752	9751	9623
9	9624	9625	9753	9752	9624
9	9625	9626	9754	9753	9625
9	9626	9627	9755	9754	9626
9	9627	9628	9756	9755	9627
9	9628	9629	9757	9756	9628
9	9629	9630	9758	9757	9629
9	9630	9631	9759	9758	9630
9	9631	9632	9760	9759	9631
9	9632	9633	9761	9760	9632
9	9633	9634	9762	9761	9633
9	9634	9635	9763	9762	9634
9	9635	9636	9764	9763	9635
9	9636	9637	9765	9764	9636
9	9637	9638	9766	9765	9637
9	9638	9639	9767	9766	9638
9	9639	9640	9768	9767	9639
9	9640	9641	9769	9768	9640
9	9641	9642	9770	9769	9641
9	9642	9643	9771	9770	9642
9	9643	9644	9772	9771	9643
9	9644	9645	9773	9772	9644
9	9645	9646	9774	9773	9645
9	9646	9647	9775	9774	9646
9	9647	9648	9776	9775	9647
9	9648	9649	9777	9776	9648
9	9649	9650	9778	9777	9649
9	9650	9651	9779	9778	9650
9	9651	9652	9780	9779	9651
9	9652	9653	9781	9780	9652
9	9653	9654	9782	9781	9653
9	9654	9655	9783	9782	9654
9	9655	9656	9784	9783	9655
9	9656	9657	9785	9784	9656
9	9657	9658	9786	9785	9657
9	9658	9659	9787	9786	9658
9	9659	9660	9788	9787	9659
9	9660	9661	9789	9788	9660
9	9661	9662	9790	9789	9661
9	9662	9663	9791	9790	9662
9	9663	9664	9792	9791	9663
9	9664	9665	9793	9792	9664
9	9665	9666	9794	9793	9665
9	9666	9667	9795	9794	9666
9	9667	9668	9796	9795	9667
9	9668	9669	9797	9796	9668
9	9669	9670	9798	9797	9669
9	9670	9671	9799	9798	9670
9	9671	9672	9800	9799	9671
9	9672	9673	9801	9800	9672
9	9673	9674	9802	9801	9673
9	9674	9675	9803	9802	9674
9	9675	9676	9804	9803	9675
9	9676	9677	9805	9804	9676
9	9677	9678	9806	9805	9677
9	9678	9679	9807	9806	9678
9	9679	9680	9808	9807	9679
9	9680	9681	9809	9808	9680
9	9681	9682	9810	9809	9681
9	9682	9683	9811	9810	9682
9	9683	9684	9812	9811	9683
9	9684	9685	9813	9812	9684
9	9685	9686	9814	9813	9685
9	9686	9687	9815	9814	9686
9	9687	9688	9816	9815	9687
9	9688	9689	9817	9816	9688
9	9689	9690	9818	9817	9689
9	9690	9691	9819	9818	9690
9	9691	9692	9820	9819	9691
9	9692	9693	9821	9820	9692
9	9693	9694	9822	9821	9693
9	9694	9695	9823	9822	9694
9	9695	9696	9824	9823	9695
9	9696	9697	9825	9824	9696
9	9697	9698	9826	9825	9697
9	9698	9699	9827	9826	9698
9	9699	9700	9828	9827	9699
9	9700	9701	9829	9828	9700
9	9701	9702	9830	9829	9701
9	9702	9703	9831	9830	9702
9	9703	9704	9832	9831	9703
9	9704	9705	9833	9832	9704
9	9705	9706	9834	9833	9705
9	9706	9707	9835	9834	9706
9	9707	9708	9836	9835	9707
9	9708	9709	9837	9836	9708
9	9709	9710	9838	9837	9709
9	9710	9711	9839	9838	9710
9	9711	9712	9840	9839	9711
9	9712	9713	9841	9840	9712
9	9713	9714	9842	9841	9713
9	9714	9715	9843	9842	9714
9	9715	9716	9844	9843	9715
9	9716	9717	9845	9844	9716
9	9717	9718	9846	9845	9717
9	9718	9719	9847	9846	9718
9	9719	9720	9848	9847	9719
9	9720	9721	9849	9848	9720
9	9721	9722	9850	9849	9721
9	9722	9723	9851	9850	9722
9	9723	9724	9852	9851	9723
9	9724	9725	9853	9852	9724
9	9725	9726	9854	9853	9725
9	9726	9727	9855	9854	9726
9	9727	9600	9728	9855	9727
9	9728	9729	9857	9856	9728
9	9729	9730	9858	9857	9729
9	9730	9731	9859	9858	9730
9	9731	9732	9860	9859	9731
9	9732	9733	9861	9860	9732
9	9733	9734	9862	9861	9733
9	9734	9735	9863	9862	9734
9	9735	9736	9864	9863	9735
9	9736	9737	9865	9864	9736
9	9737	9738	9866	9865	9737
9	9738	9739	9867	9866	9738
9	9739	9740	9868	9867	9739
9	9740	9741	9869	9868	9740
9	9741	9742	9870	9869	9741
9	9742	9743	9871	9870	9742
9	9743	9744	9872	9871	9743
9	9744	9745	9873	9872	9744
9	9745	9746	9874	9873	9745
9	9746	9747	9875	9874	9746
9	9747	9748	9876	9875	9747
9	9748	9749	9877	9876	9748
9	9749	9750	9878	9877	9749
9	9750	9751	9879	9878	9750
9	9751	9752	9880	9879	9751
9	9752	9753	9881	9880	9752
9	9753	9754	9882	9881	9753
9	9754	9755	9883	9882	9754
9	9755	9756	9884	9883	9755
9	9756	9757	9885	9884	9756
9	9757	9758	9886	9885	9757
9	9758	9759	9887	9886	9758
9	9759	9760	9888	9887	9759
9	9760	9761	9889	9888	9760
9	9761	9762	9890	9889	9761
9	9762	9763	9891	9890	9762
9	9763	9764	9892	9891	9763
9	9764	9765	9893	9892	9764
9	9765	9766	9894	9893	9765
9	9766	9767	9895	9894	9766
9	9767	9768	9896	9895	9767
9	9768	9769	9897	9896	9768
9	9769	9770	9898	9897	9769
9	9770	9771	9899	9898	9770
9	9771	9772	9900	9899	9771
9	9772	9773	9901	9900	9772
9	9773	9774	9902	9901	9773
9	9774	9775	9903	9902	9774
9	9775	9776	9904	9903	9775
9	9776	9777	9905	9904	9776
9	9777	9778	9906	9905	9777
9	9778	9779	9907	9906	9778
9	9779	9780	9908	9907	9779
9	9780	9781	9909	9908	9780
9	9781	9782	9910	9909	9781
9	9782	9783	9911	9910	9782
9	9783	9784	9912	9911	9783
9	9784	9785	9913	9912	9784
9	9785	9786	9914	9913	9785
9	9786	9787	9915	9914	9786
9	9787	9788	9916	9915	9787
9	9788	9789	9917	9916	9788
9	9789	9790	9918	9917	9789
9	9790	9791	9919	9918	9790
9	9791	9792	9920	9919	9791
9	9792	9793	9921	9920	9792
9	9793	9794	9922	9921	9793
9	9794	9795	9923	9922	9794
9	9795	9796	9924	9923	9795
9	9796	9797	9925	9924	9796
9	9797	9798	9926	9925	9797
9	9798	9799	9927	9926	9798
9	9799	9800	9928	9927	9799
9	9800	9801	9929	9928	9800
9	9801	9802	9930	9929	9801
9	9802	9803	9931	9930	9802
9	9803	9804	9932	9931	9803
9	9804	9805	9933	9932	9804
9	9805	9806	9934	9933	9805
9	9806	9807	9935	9934	9806
9	9807	9808	9936	9935	9807
9	9808	9809	9937	9936	9808
9	9809	9810	9938	9937	9809
9	9810	9811	9939	9938	9810
9	9811	9812	9940	9939	9811
9	9812	9813	9941	9940	9812
9	9813	9814	9942	9941	9813
9	9814	9815	9943	9942	9814
9	9815	9816	9944	9943	9815
9	9816	9817	9945	9944	9816
9	9817	9818	9946	9945	9817
9	9818	9819	9947	9946	9818
9	9819	9820	9948	9947	9819
9	9820	9821	9949	9948	9820
9	9821	9822	9950	9949	9821
9	9822	9823	9951	9950	9822
9	9823	9824	9952	9951	9823
9	9824	9825	9953	9952	9824
9	9825	9826	9954	9953	9825
9	9826	9827	9955	9954	9826
9	9827	9828	9956	9955	9827
9	9828	9829	9957	9956	9828
9	9829	9830	9958	9957	9829
9	9830	9831	9959	9958	9830
9	9831	9832	9960	9959	9831
9	9832	9833	9961	9960	9832
9	9833	9834	9962	9961	9833
9	9834	9835	9963	9962	9834
9	9835	9836	9964	9963	9835
9	9836	9837	9965	9964	9836
9	9837	9838	9966	9965	9837
9	9838	9839	9967	9966	9838
9	9839	9840	9968	9967	9839
9	9840	9841	9969	9968	9840
9	9841	9842	9970	9969	9841
9	9842	9843	9971	9970	9842
9	9843	9844	9972	9971	9843
9	9844	9845	9973	9972	9844
9	9845	9846	9974	9973	9845
9	9846	9847	9975	9974	9846
9	9847	9848	9976	9975	9847
9	9848	9849	9977	9976	9848
9	9849	9850	9978	9977	9849
9	9850	9851	9979	9978	9850
9	9851	9852	9980	9979	9851
9	9852	9853	9981	9980	9852
9	9853	9854	9982	9981	9853
9	9854	9855	9983	9982	9854
9	9855	9728	9856	9983	9855
9	9856	9857	9985	9984	9856
9	9857	9858	9986	9985	9857
9	9858	9859	9987	9986	9858
9	9859	9860	9988	9987	9859
9	9860	9861	9989	9988	9860
9	9861	9862	9990	9989	9861
9	9862	9863	9991	9990	9862
9	9863	9864	9992	9991	9863
9	9864	9865	9993	9992	9864
9	9865	9866	9994	9993	9865
9	9866	9867	9995	9994	9866
9	9867	9868	9996	9995	9867
9	9868	9869	9997	9996	9868
9	9869	9870	9998	9997	9869
9	9870	9871	9999	9998	9870
9	9871	9872	10000	9999	9871
9	9872	9873	10001	10000	9872
9	9873	9874	10002	10001	9873
9	9874	9875	10003	10002	9874
9	9875	9876	10004	10003	9875
9	9876	9877	10005	10004	9876
9	9877	9878	10006	10005	9877
9	9878	9879	10007	10006	9878
9	9879	9880	10008	10007	9879
9	9880	9881	10009	10008	9880
9	9881	9882	10010	10009	9881
9	9882	9883	10011	10010	9882
9	9883	9884	10012	10011	9883
9	9884	9885	10013	10012	9884
9	9885	9886	10014	10013	9885
9	9886	9887	10015	10014	9886
9	9887	9888	10016	10015	9887
9	9888	9889	10017	10016	9888
9	9889	9890	10018	10017	9889
9	9890	9891	10019	10018	9890
9	9891	9892	10020	10019	9891
9	9892	9893	10021	10020	9892
9	9893	9894	10022	10021	9893
9	9894	9895	10023	10022	9894
9	9895	9896	10024	10023	9895
9	9896	9897	10025	10024	9896
9	9897	9898	10026	10025	9897
9	9898	9899	10027	10026	9898
9	9899	9900	10028	10027	9899
9	9900	9901	10029	10028	9900
9	9901	9902	10030	10029	9901
9	9902	9903	10031	10030	9902
9	9903	9904	10032	10031	9903
9	9904	9905	10033	10032	9904
9	9905	9906	10034	10033	9905
9	9906	9907	10035	10034	9906
9	9907	9908	10036	10035	9907
9	9908	9909	10037	10036	9908
9	9909	9910	10038	10037	9909
9	9910	9911	10039	10038	9910
9	9911	9912	10040	10039	9911
9	9912	9913	10041	10040	9912
9	9913	9914	10042	10041	9913
9	9914	9915	10043	10042	9914
9	9915	9916	10044	10043	9915
9	9916	9917	10045	10044	9916
9	9917	9918	10046	10045	9917
9	9918	9919	10047	10046	9918
9	9919	9920	10048	10047	9919
9	9920	9921	10049	10048	9920
9	9921	9922	10050	10049	9921
9	9922	9923	10051	10050	9922
9	9923	9924	10052	10051	9923
9	9924	9925	10053	10052	9924
9	9925	9926	10054	10053	9925
9	9926	9927	10055	10054	9926
9	9927	9928	10056	10055	9927
9	9928	9929	10057	10056	9928
9	9929	9930	10058	10057	9929
9	9930	9931	10059	10058	9930
9	9931	9932	10060	10059	9931
9	9932	9933	10061	10060	9932
9	9933	9934	10062	10061	9933
9	9934	9935	10063	10062	9934
9	9935	9936	10064	10063	9935
9	9936	9937	10065	10064	9936
9	9937	9938	10066	10065	9937
9	9938	9939	10067	10066	9938
9	9939	9940	10068	10067	9939
9	9940	9941	10069	10068	9940
9	9941	9942	10070	10069	9941
9	9942	9943	10071	10070	9942
9	9943	9944	10072	10071	9943
9	9944	9945	10073	10072	9944
9	9945	9946	10074	10073	9945
9	9946	9947	10075	10074	9946
9	9947	9948	10076	10075	9947
9	9948	9949	10077	10076	9948
9	9949	9950	10078	10077	9949
9	9950	9951	10079	10078	9950
9	9951	9952	10080	10079	9951
9	9952	9953	10081	10080	9952
9	9953	9954	10082	10081	9953
9	9954	9955	10083	10082	9954
9	9955	9956	10084	10083	9955
9	9956	9957	10085	10084	9956
9	9957	9958	10086	10085	9957
9	9958	9959	10087	10086	9958
9	9959	9960	10088	10087	9959
9	9960	9961	10089	10088	9960
9	9961	9962	10090	10089	9961
9	9962	9963	10091	10090	9962
9	9963	9964	10092	10091	9963
9	9964	9965	10093	10092	9964
9	9965	9966	10094	10093	9965
9	9966	9967	10095	10094	9966
9	9967	9968	10096	10095	9967
9	9968	9969	10097	10096	9968
9	9969	9970	10098	10097	9969
9	9970	9971	10099	10098	9970
9	9971	9972	10100	10099	9971
9	9972	9973	10101	10100	9972
9	9973	9974	10102	10101	9973
9	9974	9975	10103	10102	9974
9	9975	9976	10104	10103	9975
9	9976	9977	10105	10104	9976
9	9977	9978	10106	10105	9977
9	9978	9979	10107	10106	9978
9	9979	9980	10108	10107	9979
9	9980	9981	10109	10108	9980
9	9981	9982	10110	10109	9981
9	9982	9983	10111	10110	9982
9	9983	9856	9984	10111	9983
9	9984	9985	10113	10112	9984
9	9985	9986	10114	10113	9985
9	9986	9987	10115	10114	9986
9	9987	9988	10116	10115	9987
9	9988	9989	10117	10116	9988
9	9989	9990	10118	10117	9989
9	9990	9991	10119	10118	9990
9	9991	9992	10120	10119	9991
9	9992	9993	10121	10120	9992
9	9993	9994	10122	10121	9993
9	9994	9995	10123	10122	9994
9	9995	9996	10124	10123	9995
9	9996	9997	10125	10124	9996
9	9997	9998	10126	10125	9997
9	9998	9999	10127	10126	9998
9	9999	10000	10128	10127	9999
9	10000	10001	10129	10128	10000
9	10001	10002	10130	10129	10001
9	10002	10003	10131	10130	10002
9	10003	10004	10132	10131	10003
9	10004	10005	10133	10132	10004
9	10005	10006	10134	10133	10005
9	10006	10007	10135	10134	10006
9	10007	10008	10136	10135	10007
9	10008	10009	10137	10136	10008
9	10009	10010	10138	10137	10009
9	10010	10011	10139	10138	10010
9	10011	10012	10140	10139	10011
9	10012	10013	10141	10140	10012
9	10013	10014	10142	10141	10013
9	10014	10015	10143	10142	10014
9	10015	10016	10144	10143	10015
9	10016	10017	10145	10144	10016
9	10017	10018	10146	10145	10017
9	10018	10019	10147	10146	10018
9	10019	10020	10148	10147	10019
9	10020	10021	10149	10148	10020
9	10021	10022	10150	10149	10021
9	10022	10023	10151	10150	10022
9	10023	10024	10152	10151	10023
9	10024	10025	10153	10152	10024
9	10025	10026	10154	10153	10025
9	10026	10027	10155	10154	10026
9	10027	10028	10156	10155	10027
9	10028	10029	10157	10156	10028
9	10029	10030	10158	10157	10029
9	10030	10031	10159	10158	10030
9	10031	10032	10160	10159	10031
9	10032	10033	10161	10160	10032
9	10033	10034	10162	10161	10033
9	10034	10035	10163	10162	10034
9	10035	10036	10164	10163	10035
9	10036	10037	10165	10164	10036
9	10037	10038	10166	10165	10037
9	10038	10039	10167	10166	10038
9	10039	10040	10168	10167	10039
9	10040	10041	10169	10168	10040
9	10041	10042	10170	10169	10041
9	10042	10043	10171	10170	10042
9	10043	10044	10172	10171	10043
9	10044	10045	10173	10172	10044
9	10045	10046	10174	10173	10045
9	10046	10047	10175	10174	10046
9	10047	10048	10176	10175	10047
9	10048	10049	10177	10176	10048
9	10049	10050	10178	10177	10049
9	10050	10051	10179	10178	10050
9	10051	10052	10180	10179	10051
9	10052	10053	10181	10180	10052
9	10053	10054	10182	10181	10053
9	10054	10055	10183	10182	10054
9	10055	10056	10184	10183	10055
9	10056	10057	10185	10184	10056
9	10057	10058	10186	10185	10057
9	10058	10059	10187	10186	10058
9	10059	10060	10188	10187	10059
9	10060	10061	10189	10188	10060
9	10061	10062	10190	10189	10061
9	10062	10063	10191	10190	10062
9	10063	10064	10192	10191	10063
9	10064	10065	10193	10192	10064
9	10065	10066	10194	10193	10065
9	10066	10067	10195	10194	10066
9	10067	10068	10196	10195	10067
9	10068	10069	10197	10196	10068
9	10069	10070	10198	10197	10069
9	10070	10071	10199	10198	10070
9	10071	10072	10200	10199	10071
9	10072	10073	10201	10200	10072
9	10073	10074	10202	10201	10073
9	10074	10075	10203	10202	10074
9	10075	10076	10204	10203	10075
9	10076	10077	10205	10204	10076
9	10077	10078	10206	10205	10077
9	10078	10079	10207	10206	10078
9	10079	10080	10208	10207	10079
9	10080	10081	10209	10208	10080
9	10081	10082	10210	10209	10081
9	10082	10083	10211	10210	10082
9	10083	10084	10212	10211	10083
9	10084	10085	10213	10212	10084
9	10085	10086	10214	10213	10085
9	10086	10087	10215	10214	10086
9	10087	10088	10216	10215	10087
9	10088	10089	10217	10216	10088
9	10089	10090	10218	10217	10089
9	10090	10091	10219	10218	10090
9	10091	10092	10220	10219	10091
9	10092	10093	10221	10220	10092
9	10093	10094	10222	10221	10093
9	10094	10095	10223	10222	10094
9	10095	10096	10224	10223	10095
9	10096	10097	10225	10224	10096
9	10097	10098	10226	10225	10097
9	10098	10099	10227	10226	10098
9	10099	10100	10228	10227	10099
9	10100	10101	10229	10228	10100
9	10101	10102	10230	10229	10101
9	10102	10103	10231	10230	10102
9	10103	10104	10232	10231	10103
9	10104	10105	10233	10232	10104
9	10105	10106	10234	10233	10105
9	10106	10107	10235	10234	10106
9	10107	10108	10236	10235	10107
9	10108	10109	10237	10236	10108
9	10109	10110	10238	10237	10109
9	10110	10111	10239	10238	10110
9	10111	9984	10112	10239	10111
9	10112	10113	10241	10240	10112
9	10113	10114	10242	10241	10113
9	10114	10115	10243	10242	10114
9	10115	10116	10244	10243	10115
9	10116	10117	10245	10244	10116
9	10117	10118	10246	10245	10117
9	10118	10119	10247	10246	10118
9	10119	10120	10248	10247	10119
9	10120	10121	10249	10248	10120
9	10121	10122	10250	10249	10121
9	10122	10123	10251	10250	10122
9	10123	10124	10252	10251	10123
9	10124	10125	10253	10252	10124
9	10125	10126	10254	10253	10125
9	10126	10127	10255	10254	10126
9	10127	10128	10256	10255	10127
9	10128	10129	10257	10256	10128
9	10129	10130	10258	10257	10129
9	10130	10131	10259	10258	10130
9	10131	10132	10260	10259	10131
9	10132	10133	10261	10260	10132
9	10133	10134	10262	10261	10133
9	10134	10135	10263	10262	10134
9	10135	10136	10264	10263	10135
9	10136	10137	10265	10264	10136
9	10137	10138	10266	10265	10137
9	10138	10139	10267	10266	10138
9	10139	10140	10268	10267	10139
9	10140	10141	10269	10268	10140
9	10141	10142	10270	10269	10141
9	10142	10143	10271	10270	10142
9	10143	10144	10272	10271	10143
9	10144	10145	10273	10272	10144
9	10145	10146	10274	10273	10145
9	10146	10147	10275	10274	10146
9	10147	10148	10276	10275	10147
9	10148	10149	10277	10276	10148
9	10149	10150	10278	10277	10149
9	10150	10151	10279	10278	10150
9	10151	10152	10280	10279	10151
9	10152	10153	10281	10280	10152
9	10153	10154	10282	10281	10153
9	10154	10155	10283	10282	10154
9	10155	10156	10284	10283	10155
9	10156	10157	10285	10284	10156
9	10157	10158	10286	10285	10157
9	10158	10159	10287	10286	10158
9	10159	10160	10288	10287	10159
9	10160	10161	10289	10288	10160
9	10161	10162	10290	10289	10161
9	10162	10163	10291	10290	10162
9	10163	10164	10292	10291	10163
9	10164	10165	10293	10292	10164
9	10165	10166	10294	10293	10165
9	10166	10167	10295	10294	10166
9	10167	10168	10296	10295	10167
9	10168	10169	10297	10296	10168
9	10169	10170	10298	10297	10169
9	10170	10171	10299	10298	10170
9	10171	10172	10300	10299	10171
9	10172	10173	10301	10300	10172
9	10173	10174	10302	10301	10173
9	10174	10175	10303	10302	10174
9	10175	10176	10304	10303	10175
9	10176	10177	10305	10304	10176
9	10177	10178	10306	10305	10177
9	10178	10179	10307	10306	10178
9	10179	10180	10308	10307	10179
9	10180	10181	10309	10308	10180
9	10181	10182	10310	10309	10181
9	10182	10183	10311	10310	10182
9	10183	10184	10312	10311	10183
9	10184	10185	10313	10312	10184
9	10185	10186	10314	10313	10185
9	10186	10187	10315	10314	10186
9	10187	10188	10316	10315	10187
9	10188	10189	10317	10316	10188
9	10189	10190	10318	10317	10189
9	10190	10191	10319	10318	10190
9	10191	10192	10320	10319	10191
9	10192	10193	10321	10320	10192
9	10193	10194	10322	10321	10193
9	10194	10195	10323	10322	10194
9	10195	10196	10324	10323	10195
9	10196	10197	10325	10324	10196
9	10197	10198	10326	10325	10197
9	10198	10199	10327	10326	10198
9	10199	10200	10328	10327	10199
9	10200	10201	10329	10328	10200
9	10201	10202	10330	10329	10201
9	10202	10203	10331	10330	10202
9	10203	10204	10332	10331	10203
9	10204	10205	10333	10332	10204
9	10205	10206	10334	10333	10205
9	10206	10207	10335	10334	10206
9	10207	10208	10336	10335	10207
9	10208	10209	10337	10336	10208
9	10209	10210	10338	10337	10209
9	10210	10211	10339	10338	10210
9	10211	10212	10340	10339	10211
9	10212	10213	10341	10340	10212
9	10213	10214	10342	10341	10213
9	10214	10215	10343	10342	10214
9	10215	10216	10344	10343	10215
9	10216	10217	10345	10344	10216
9	10217	10218	10346	10345	10217
9	10218	10219	10347	10346	10218
9	10219	10220	10348	10347	10219
9	10220	10221	10349	10348	10220
9	10221	10222	10350	10349	10221
9	10222	10223	10351	10350	10222
9	10223	10224	10352	10351	10223
9	10224	10225	10353	10352	10224
9	10225	10226	10354	10353	10225
9	10226	10227	10355	10354	10226
9	10227	10228	10356	10355	10227
9	10228	10229	10357	10356	10228
9	10229	10230	10358	10357	10229
9	10230	10231	10359	10358	10230
9	10231	10232	10360	10359	10231
9	10232	10233	10361	10360	10232
9	10233	10234	10362	10361	10233
9	10234	10235	10363	10362	10234
9	10235	10236	10364	10363	10235
9	10236	10237	10365	10364	10236
9	10237	10238	10366	10365	10237
9	10238	10239	10367	10366	10238
9	10239	10112	10240	10367	10239
9	10240	10241	10369	10368	10240
9	10241	10242	10370	10369	10241
9	10242	10243	10371	10370	10242
9	10243	10244	10372	10371	10243
9	10244	10245	10373	10372	10244
9	10245	10246	10374	10373	10245
9	10246	10247	10375	10374	10246
9	10247	10248	10376	10375	10247
9	10248	10249	10377	10376	10248
9	10249	10250	10378	10377	10249
9	10250	10251	10379	10378	10250
9	10251	10252	10380	10379	10251
9	10252	10253	10381	10380	10252
9	10253	10254	10382	10381	10253
9	10254	10255	10383	10382	10254
9	10255	10256	10384	10383	10255
9	10256	10257	10385	10384	10256
9	10257	10258	10386	10385	10257
9	10258	10259	10387	10386	10258
9	10259	10260	10388	10387	10259
9	10260	10261	10389	10388	10260
9	10261	10262	10390	10389	10261
9	10262	10263	10391	10390	10262
9	10263	10264	10392	10391	10263
9	10264	10265	10393	10392	10264
9	10265	10266	10394	10393	10265
9	10266	10267	10395	10394	10266
9	10267	10268	10396	10395	10267
9	10268	10269	10397	10396	10268
9	10269	10270	10398	10397	10269
9	10270	10271	10399	10398	10270
9	10271	10272	10400	10399	10271
9	10272	10273	10401	10400	10272
9	10273	10274	10402	10401	10273
9	10274	10275	10403	10402	10274
9	10275	10276	10404	10403	10275
9	10276	10277	10405	10404	10276
9	10277	10278	10406	10405	10277
9	10278	10279	10407	10406	10278
9	10279	10280	10408	10407	10279
9	10280	10281	10409	10408	10280
9	10281	10282	10410	10409	10281
9	10282	10283	10411	10410	10282
9	10283	10284	10412	10411	10283
9	10284	10285	10413	10412	10284
9	10285	10286	10414	10413	10285
9	10286	10287	10415	10414	10286
9	10287	10288	10416	10415	10287
9	10288	10289	10417	10416	10288
9	10289	10290	10418	10417	10289
9	10290	10291	10419	10418	10290
9	10291	10292	10420	10419	10291
9	10292	10293	10421	10420	10292
9	10293	10294	10422	10421	10293
9	10294	10295	10423	10422	10294
9	10295	10296	10424	10423	10295
9	10296	10297	10425	10424	10296
9	10297	10298	10426	10425	10297
9	10298	10299	10427	10426	10298
9	10299	10300	10428	10427	10299
9	10300	10301	10429	10428	10300
9	10301	10302	10430	10429	10301
9	10302	10303	10431	10430	10302
9	10303	10304	10432	10431	10303
9	10304	10305	10433	10432	10304
9	10305	10306	10434	10433	10305
9	10306	10307	10435	10434	10306
9	10307	10308	10436	10435	10307
9	10308	10309	10437	10436	10308
9	10309	10310	10438	10437	10309
9	10310	10311	10439	10438	10310
9	10311	10312	10440	10439	10311
9	10312	10313	10441	10440	10312
9	10313	10314	10442	10441	10313
9	10314	10315	10443	10442	10314
9	10315	10316	10444	10443	10315
9	10316	10317	10445	10444	10316
9	10317	10318	10446	10445	10317
9	10318	10319	10447	10446	10318
9	10319	10320	10448	10447	10319
9	10320	10321	10449	10448	10320
9	10321	10322	10450	10449	10321
9	10322	10323	10451	10450	10322
9	10323	10324	10452	10451	10323
9	10324	10325	10453	10452	10324
9	10325	10326	10454	10453	10325
9	10326	10327	10455	10454	10326
9	10327	10328	10456	10455	10327
9	10328	10329	10457	10456	10328
9	10329	10330	10458	10457	10329
9	10330	10331	10459	10458	10330
9	10331	10332	10460	10459	10331
9	10332	10333	10461	10460	10332
9	10333	10334	10462	10461	10333
9	10334	10335	10463	10462	10334
9	10335	10336	10464	10463	10335
9	10336	10337	10465	10464	10336
9	10337	10338	10466	10465	10337
9	10338	10339	10467	10466	10338
9	10339	10340	10468	10467	10339
9	10340	10341	10469	10468	10340
9	10341	10342	10470	10469	10341
9	10342	10343	10471	10470	10342
9	10343	10344	10472	10471	10343
9	10344	10345	10473	10472	10344
9	10345	10346	10474	10473	10345
9	10346	10347	10475	10474	10346
9	10347	10348	10476	10475	10347
9	10348	10349	10477	10476	10348
9	10349	10350	10478	10477	10349
9	10350	10351	10479	10478	10350
9	10351	10352	10480	10479	10351
9	10352	10353	10481	10480	10352
9	10353	10354	10482	10481	10353
9	10354	10355	10483	10482	10354
9	10355	10356	10484	10483	10355
9	10356	10357	10485	10484	10356
9	10357	10358	10486	10485	10357
9	10358	10359	10487	10486	10358
9	10359	10360	10488	10487	10359
9	10360	10361	10489	10488	10360
9	10361	10362	10490	10489	10361
9	10362	10363	10491	10490	10362
9	10363	10364	10492	10491	10363
9	10364	10365	10493	10492	10364
9	10365	10366	10494	10493	10365
9	10366	10367	10495	10494	10366
9	10367	10240	10368	10495	10367
9	10368	10369	10497	10496	10368
9	10369	10370	10498	10497	10369
9	10370	10371	10499	10498	10370
9	10371	10372	10500	10499	10371
9	10372	10373	10501	10500	10372
9	10373	10374	10502	10501	10373
9	10374	10375	10503	10502	10374
9	10375	10376	10504	10503	10375
9	10376	10377	10505	10504	10376
9	10377	10378	10506	10505	10377
9	10378	10379	10507	10506	10378
9	10379	10380	10508	10507	10379
9	10380	10381	10509	10508	10380
9	10381	10382	10510	10509	10381
9	10382	10383	10511	10510	10382
9	10383	10384	10512	10511	10383
9	10384	10385	10513	10512	10384
9	10385	10386	10514	10513	10385
9	10386	10387	10515	10514	10386
9	10387	10388	10516	10515	10387
9	10388	10389	10517	10516	10388
9	10389	10390	10518	10517	10389
9	10390	10391	10519	10518	10390
9	10391	10392	10520	10519	10391
9	10392	10393	10521	10520	10392
9	10393	10394	10522	10521	10393
9	10394	10395	10523	10522	10394
9	10395	10396	10524	10523	10395
9	10396	10397	10525	10524	10396
9	10397	10398	10526	10525	10397
9	10398	10399	10527	10526	10398
9	10399	10400	10528	10527	10399
9	10400	10401	10529	10528	10400
9	10401	10402	10530	10529	10401
9	10402	10403	10531	10530	10402
9	10403	10404	10532	10531	10403
9	10404	10405	10533	10532	10404
9	10405	10406	10534	10533	10405
9	10406	10407	10535	10534	10406
9	10407	10408	10536	10535	10407
9	10408	10409	10537	10536	10408
9	10409	10410	10538	10537	10409
9	10410	10411	10539	10538	10410
9	10411	10412	10540	10539	10411
9	10412	10413	10541	10540	10412
9	10413	10414	10542	10541	10413
9	10414	10415	10543	10542	10414
9	10415	10416	10544	10543	10415
9	10416	10417	10545	10544	10416
9	10417	10418	10546	10545	10417
9	10418	10419	10547	10546	10418
9	10419	10420	10548	10547	10419
9	10420	10421	10549	10548	10420
9	10421	10422	10550	10549	10421
9	10422	10423	10551	10550	10422
9	10423	10424	10552	10551	10423
9	10424	10425	10553	10552	10424
9	10425	10426	10554	10553	10425
9	10426	10427	10555	10554	10426
9	10427	10428	10556	10555	10427
9	10428	10429	10557	10556	10428
9	10429	10430	10558	10557	10429
9	10430	10431	10559	10558	10430
9	10431	10432	10560	10559	10431
9	10432	10433	10561	10560	10432
9	10433	10434	10562	10561	10433
9	10434	10435	10563	10562	10434
9	10435	10436	10564	10563	10435
9	10436	10437	10565	10564	10436
9	10437	10438	10566	10565	10437
9	10438	10439	10567	10566	10438
9	10439	10440	10568	10567	10439
9	10440	10441	10569	10568	10440
9	10441	10442	10570	10569	10441
9	10442	10443	10571	10570	10442
9	10443	10444	10572	10571	10443
9	10444	10445	10573	10572	10444
9	10445	10446	10574	10573	10445
9	10446	10447	10575	10574	10446
9	10447	10448	10576	10575	10447
9	10448	10449	10577	10576	10448
9	10449	10450	10578	10577	10449
9	10450	10451	10579	10578	10450
9	10451	10452	10580	10579	10451
9	10452	10453	10581	10580	10452
9	10453	10454	10582	10581	10453
9	10454	10455	10583	10582	10454
9	10455	10456	10584	10583	10455
9	10456	10457	10585	10584	10456
9	10457	10458	10586	10585	10457
9	10458	10459	10587	10586	10458
9	10459	10460	10588	10587	10459
9	10460	10461	10589	10588	10460
9	10461	10462	10590	10589	10461
9	10462	10463	10591	10590	10462
9	10463	10464	10592	10591	10463
9	10464	10465	10593	10592	10464
9	10465	10466	10594	10593	10465
9	10466	10467	10595	10594	10466
9	10467	10468	10596	10595	10467
9	10468	10469	10597	10596	10468
9	10469	10470	10598	10597	10469
9	10470	10471	10599	10598	10470
9	10471	10472	10600	10599	10471
9	10472	10473	10601	10600	10472
9	10473	10474	10602	10601	10473
9	10474	10475	10603	10602	10474
9	10475	10476	10604	10603	10475
9	10476	10477	10605	10604	10476
9	10477	10478	10606	10605	10477
9	10478	10479	10607	10606	10478
9	10479	10480	10608	10607	10479
9	10480	10481	10609	10608	10480
9	10481	10482	10610	10609	10481
9	10482	10483	10611	10610	10482
9	10483	10484	10612	10611	10483
9	10484	10485	10613	10612	10484
9	10485	10486	10614	10613	10485
9	10486	10487	10615	10614	10486
9	10487	10488	10616	10615	10487
9	10488	10489	10617	10616	10488
9	10489	10490	10618	10617	10489
9	10490	10491	10619	10618	10490
9	10491	10492	10620	10619	10491
9	10492	10493	10621	10620	10492
9	10493	10494	10622	10621	10493
9	10494	10495	10623	10622	10494
9	10495	10368	10496	10623	10495
9	10496	10497	10625	10624	10496
9	10497	10498	10626	10625	10497
9	10498	10499	10627	10626	10498
9	10499	10500	10628	10627	10499
9	10500	10501	10629	10628	10500
9	10501	10502	10630	10629	10501
9	10502	10503	10631	10630	10502
9	10503	10504	10632	10631	10503
9	10504	10505	10633	10632	10504
9	10505	10506	10634	10633	10505
9	10506	10507	10635	10634	10506
9	10507	10508	10636	10635	10507
9	10508	10509	10637	10636	10508
9	10509	10510	10638	10637	10509
9	10510	10511	10639	10638	10510
9	10511	10512	10640	10639	10511
9	10512	10513	10641	10640	10512
9	10513	10514	10642	10641	10513
9	10514	10515	10643	10642	10514
9	10515	10516	10644	10643	10515
9	10516	10517	10645	10644	10516
9	10517	10518	10646	10645	10517
9	10518	10519	10647	10646	10518
9	10519	10520	10648	10647	10519
9	10520	10521	10649	10648	10520
9	10521	10522	10650	10649	10521
9	10522	10523	10651	10650	10522
9	10523	10524	10652	10651	10523
9	10524	10525	10653	10652	10524
9	10525	10526	10654	10653	10525
9	10526	10527	10655	10654	10526
9	10527	10528	10656	10655	10527
9	10528	10529	10657	10656	10528
9	10529	10530	10658	10657	10529
9	10530	10531	10659	10658	10530
9	10531	10532	10660	10659	10531
9	10532	10533	10661	10660	10532
9	10533	10534	10662	10661	10533
9	10534	10535	10663	10662	10534
9	10535	10536	10664	10663	10535
9	10536	10537	10665	10664	10536
9	10537	10538	10666	10665	10537
9	10538	10539	10667	10666	10538
9	10539	10540	10668	10667	10539
9	10540	10541	10669	10668	10540
9	10541	10542	10670	10669	10541
9	10542	10543	10671	10670	10542
9	10543	10544	10672	10671	10543
9	10544	10545	10673	10672	10544
9	10545	10546	10674	10673	10545
9	10546	10547	10675	10674	10546
9	10547	10548	10676	10675	10547
9	10548	10549	10677	10676	10548
9	10549	10550	10678	10677	10549
9	10550	10551	10679	10678	10550
9	10551	10552	10680	10679	10551
9	10552	10553	10681	10680	10552
9	10553	10554	10682	10681	10553
9	10554	10555	10683	10682	10554
9	10555	10556	10684	10683	10555
9	10556	10557	10685	10684	10556
9	10557	10558	10686	10685	10557
9	10558	10559	10687	10686	10558
9	10559	10560	10688	10687	10559
9	10560	10561	10689	10688	10560
9	10561	10562	10690	10689	10561
9	10562	10563	10691	10690	10562
9	10563	10564	10692	10691	10563
9	10564	10565	10693	10692	10564
9	10565	10566	10694	10693	10565
9	10566	10567	10695	10694	10566
9	10567	10568	10696	10695	10567
9	10568	10569	10697	10696	10568
9	10569	10570	10698	10697	10569
9	10570	10571	10699	10698	10570
9	10571	10572	10700	10699	10571
9	10572	10573	10701	10700	10572
9	10573	10574	10702	10701	10573
9	10574	10575	10703	10702	10574
9	10575	10576	10704	10703	10575
9	10576	10577	10705	10704	10576
9	10577	10578	10706	10705	10577
9	10578	10579	10707	10706	10578
9	10579	10580	10708	10707	10579
9	10580	10581	10709	10708	10580
9	10581	10582	10710	10709	10581
9	10582	10583	10711	10710	10582
9	10583	10584	10712	10711	10583
9	10584	10585	10713	10712	10584
9	10585	10586	10714	10713	10585
9	10586	10587	10715	10714	10586
9	10587	10588	10716	10715	10587
9	10588	10589	10717	10716	10588
9	10589	10590	10718	10717	10589
9	10590	10591	10719	10718	10590
9	10591	10592	10720	10719	10591
9	10592	10593	10721	10720	10592
9	10593	10594	10722	10721	10593
9	10594	10595	10723	10722	10594
9	10595	10596	10724	10723	10595
9	10596	10597	10725	10724	10596
9	10597	10598	10726	10725	10597
9	10598	10599	10727	10726	10598
9	10599	10600	10728	10727	10599
9	10600	10601	10729	10728	10600
9	10601	10602	10730	10729	10601
9	10602	10603	10731	10730	10602
9	10603	10604	10732	10731	10603
9	10604	10605	10733	10732	10604
9	10605	10606	10734	10733	10605
9	10606	10607	10735	10734	10606
9	10607	10608	10736	10735	10607
9	10608	10609	10737	10736	10608
9	10609	10610	10738	10737	10609
9	10610	10611	10739	10738	10610
9	10611	10612	10740	10739	10611
9	10612	10613	10741	10740	10612
9	10613	10614	10742	10741	10613
9	10614	10615	10743	10742	10614
9	10615	10616	10744	10743	10615
9	10616	10617	10745	10744	10616
9	10617	10618	10746	10745	10617
9	10618	10619	10747	10746	10618
9	10619	10620	10748	10747	10619
9	10620	10621	10749	10748	10620
9	10621	10622	10750	10749	10621
9	10622	10623	10751	10750	10622
9	10623	10496	10624	10751	10623
9	10624	10625	10753	10752	10624
9	10625	10626	10754	10753	10625
9	10626	10627	10755	10754	10626
9	10627	10628	10756	10755	10627
9	10628	10629	10757	10756	10628
9	10629	10630	10758	10757	10629
9	10630	10631	10759	10758	10630
9	10631	10632	10760	10759	10631
9	10632	10633	10761	10760	10632
9	10633	10634	10762	10761	10633
9	10634	10635	10763	10762	10634
9	10635	10636	10764	10763	10635
9	10636	10637	10765	10764	10636
9	10637	10638	10766	10765	10637
9	10638	10639	10767	10766	10638
9	10639	10640	10768	10767	10639
9	10640	10641	10769	10768	10640
9	10641	10642	10770	10769	10641
9	10642	10643	10771	10770	10642
9	10643	10644	10772	10771	10643
9	10644	10645	10773	10772	10644
9	10645	10646	10774	10773	10645
9	10646	10647	10775	10774	10646
9	10647	10648	10776	10775	10647
9	10648	10649	10777	10776	10648
9	10649	10650	10778	10777	10649
9	10650	10651	10779	10778	10650
9	10651	10652	10780	10779	10651
9	10652	10653	10781	10780	10652
9	10653	10654	10782	10781	10653
9	10654	10655	10783	10782	10654
9	10655	10656	10784	10783	10655
9	10656	10657	10785	10784	10656
9	10657	10658	10786	10785	10657
9	10658	10659	10787	10786	10658
9	10659	10660	10788	10787	10659
9	10660	10661	10789	10788	10660
9	10661	10662	10790	10789	10661
9	10662	10663	10791	10790	10662
9	10663	10664	10792	10791	10663
9	10664	10665	10793	10792	10664
9	10665	10666	10794	10793	10665
9	10666	10667	10795	10794	10666
9	10667	10668	10796	10795	10667
9	10668	10669	10797	10796	10668
9	10669	10670	10798	10797	10669
9	10670	10671	10799	10798	10670
9	10671	10672	10800	10799	10671
9	10672	10673	10801	10800	10672
9	10673	10674	10802	10801	10673
9	10674	10675	10803	10802	10674
9	10675	10676	10804	10803	10675
9	10676	10677	10805	10804	10676
9	10677	10678	10806	10805	10677
9	10678	10679	10807	10806	10678
9	10679	10680	10808	10807	10679
9	10680	10681	10809	10808	10680
9	10681	10682	10810	10809	10681
9	10682	10683	10811	10810	10682
9	10683	10684	10812	10811	10683
9	10684	10685	10813	10812	10684
9	10685	10686	10814	10813	10685
9	10686	10687	10815	10814	10686
9	10687	10688	10816	10815	10687
9	10688	10689	10817	10816	10688
9	10689	10690	10818	10817	10689
9	10690	10691	10819	10818	10690
9	10691	10692	10820	10819	10691
9	10692	10693	10821	10820	10692
9	10693	10694	10822	10821	10693
9	10694	10695	10823	10822	10694
9	10695	10696	10824	10823	10695
9	10696	10697	10825	10824	10696
9	10697	10698	10826	10825	10697
9	10698	10699	10827	10826	10698
9	10699	10700	10828	10827	10699
9	10700	10701	10829	10828	10700
9	10701	10702	10830	10829	10701
9	10702	10703	10831	10830	10702
9	10703	10704	10832	10831	10703
9	10704	10705	10833	10832	10704
9	10705	10706	10834	10833	10705
9	10706	10707	10835	10834	10706
9	10707	10708	10836	10835	10707
9	10708	10709	10837	10836	10708
9	10709	10710	10838	10837	10709
9	10710	10711	10839	10838	10710
9	10711	10712	10840	10839	10711
9	10712	10713	10841	10840	10712
9	10713	10714	10842	10841	10713
9	10714	10715	10843	10842	10714
9	10715	10716	10844	10843	10715
9	10716	10717	10845	10844	10716
9	10717	10718	10846	10845	10717
9	10718	10719	10847	10846	10718
9	10719	10720	10848	10847	10719
9	10720	10721	10849	10848	10720
9	10721	10722	10850	10849	10721
9	10722	10723	10851	10850	10722
9	10723	10724	10852	10851	10723
9	10724	10725	10853	10852	10724
9	10725	10726	10854	10853	10725
9	10726	10727	10855	10854	10726
9	10727	10728	10856	10855	10727
9	10728	10729	10857	10856	10728
9	10729	10730	10858	10857	10729
9	10730	10731	10859	10858	10730
9	10731	10732	10860	10859	10731
9	10732	10733	10861	10860	10732
9	10733	10734	10862	10861	10733
9	10734	10735	10863	10862	10734
9	10735	10736	10864	10863	10735
9	10736	10737	10865	10864	10736
9	10737	10738	10866	10865	10737
9	10738	10739	10867	10866	10738
9	10739	10740	10868	10867	10739
9	10740	10741	10869	10868	10740
9	10741	10742	10870	10869	10741
9	10742	10743	10871	10870	10742
9	10743	10744	10872	10871	10743
9	10744	10745	10873	10872	10744
9	10745	10746	10874	10873	10745
9	10746	10747	10875	10874	10746
9	10747	10748	10876	10875	10747
9	10748	10749	10877	10876	10748
9	10749	10750	10878	10877	10749
9	10750	10751	10879	10878	10750
9	10751	10624	10752	10879	10751
9	10752	10753	10881	10880	10752
9	10753	10754	10882	10881	10753
9	10754	10755	10883	10882	10754
9	10755	10756	10884	10883	10755
9	10756	10757	10885	10884	10756
9	10757	10758	10886	10885	10757
9	10758	10759	10887	10886	10758
9	10759	10760	10888	10887	10759
9	10760	10761	10889	10888	10760
9	10761	10762	10890	10889	10761
9	10762	10763	10891	10890	10762
9	10763	10764	10892	10891	10763
9	10764	10765	10893	10892	10764
9	10765	10766	10894	10893	10765
9	10766	10767	10895	10894	10766
9	10767	10768	10896	10895	10767
9	10768	10769	10897	10896	10768
9	10769	10770	10898	10897	10769
9	10770	10771	10899	10898	10770
9	10771	10772	10900	10899	10771
9	10772	10773	10901	10900	10772
9	10773	10774	10902	10901	10773
9	10774	10775	10903	10902	10774
9	10775	10776	10904	10903	10775
9	10776	10777	10905	10904	10776
9	10777	10778	10906	10905	10777
9	10778	10779	10907	10906	10778
9	10779	10780	10908	10907	10779
9	10780	10781	10909	10908	10780
9	10781	10782	10910	10909	10781
9	10782	10783	10911	10910	10782
9	10783	10784	10912	10911	10783
9	10784	10785	10913	10912	10784
9	10785	10786	10914	10913	10785
9	10786	10787	10915	10914	10786
9	10787	10788	10916	10915	10787
9	10788	10789	10917	10916	10788
9	10789	10790	10918	10917	10789
9	10790	10791	10919	10918	10790
9	10791	10792	10920	10919	10791
9	10792	10793	10921	10920	10792
9	10793	10794	10922	10921	10793
9	10794	10795	10923	10922	10794
9	10795	10796	10924	10923	10795
9	10796	10797	10925	10924	10796
9	10797	10798	10926	10925	10797
9	10798	10799	10927	10926	10798
9	10799	10800	10928	10927	10799
9	10800	10801	10929	10928	10800
9	10801	10802	10930	10929	10801
9	10802	10803	10931	10930	10802
9	10803	10804	10932	10931	10803
9	10804	10805	10933	10932	10804
9	10805	10806	10934	10933	10805
9	10806	10807	10935	10934	10806
9	10807	10808	10936	10935	10807
9	10808	10809	10937	10936	10808
9	10809	10810	10938	10937	10809
9	10810	10811	10939	10938	10810
9	10811	10812	10940	10939	10811
9	10812	10813	10941	10940	10812
9	10813	10814	10942	10941	10813
9	10814	10815	10943	10942	10814
9	10815	10816	10944	10943	10815
9	10816	10817	10945	10944	10816
9	10817	10818	10946	10945	10817
9	10818	10819	10947	10946	10818
9	10819	10820	10948	10947	10819
9	10820	10821	10949	10948	10820
9	10821	10822	10950	10949	10821
9	10822	10823	10951	10950	10822
9	10823	10824	10952	10951	10823
9	10824	10825	10953	10952	10824
9	10825	10826	10954	10953	10825
9	10826	10827	10955	10954	10826
9	10827	10828	10956	10955	10827
9	10828	10829	10957	10956	10828
9	10829	10830	10958	10957	10829
9	10830	10831	10959	10958	10830
9	10831	10832	10960	10959	10831
9	10832	10833	10961	10960	10832
9	10833	10834	10962	10961	10833
9	10834	10835	10963	10962	10834
9	10835	10836	10964	10963	10835
9	10836	10837	10965	10964	10836
9	10837	10838	10966	10965	10837
9	10838	10839	10967	10966	10838
9	10839	10840	10968	10967	10839
9	10840	10841	10969	10968	10840
9	10841	10842	10970	10969	10841
9	10842	10843	10971	10970	10842
9	10843	10844	10972	10971	10843
9	10844	10845	10973	10972	10844
9	10845	10846	10974	10973	10845
9	10846	10847	10975	10974	10846
9	10847	10848	10976	10975	10847
9	10848	10849	10977	10976	10848
9	10849	10850	10978	10977	10849
9	10850	10851	10979	10978	10850
9	10851	10852	10980	10979	10851
9	10852	10853	10981	10980	10852
9	10853	10854	10982	10981	10853
9	10854	10855	10983	10982	10854
9	10855	10856	10984	10983	10855
9	10856	10857	10985	10984	10856
9	10857	10858	10986	10985	10857
9	10858	10859	10987	10986	10858
9	10859	10860	10988	10987	10859
9	10860	10861	10989	10988	10860
9	10861	10862	10990	10989	10861
9	10862	10863	10991	10990	10862
9	10863	10864	10992	10991	10863
9	10864	10865	10993	10992	10864
9	10865	10866	10994	10993	10865
9	10866	10867	10995	10994	10866
9	10867	10868	10996	10995	10867
9	10868	10869	10997	10996	10868
9	10869	10870	10998	10997	10869
9	10870	10871	10999	10998	10870
9	10871	10872	11000	10999	10871
9	10872	10873	11001	11000	10872
9	10873	10874	11002	11001	10873
9	10874	10875	11003	11002	10874
9	10875	10876	11004	11003	10875
9	10876	10877	11005	11004	10876
9	10877	10878	11006	11005	10877
9	10878	10879	11007	11006	10878
9	10879	10752	10880	11007	10879
9	10880	10881	11009	11008	10880
9	10881	10882	11010	11009	10881
9	10882	10883	11011	11010	10882
9	10883	10884	11012	11011	10883
9	10884	10885	11013	11012	10884
9	10885	10886	11014	11013	10885
9	10886	10887	11015	11014	10886
9	10887	10888	11016	11015	10887
9	10888	10889	11017	11016	10888
9	10889	10890	11018	11017	10889
9	10890	10891	11019	11018	10890
9	10891	10892	11020	11019	10891
9	10892	10893	11021	11020	10892
9	10893	10894	11022	11021	10893
9	10894	10895	11023	11022	10894
9	10895	10896	11024	11023	10895
9	10896	10897	11025	11024	10896
9	10897	10898	11026	11025	10897
9	10898	10899	11027	11026	10898
9	10899	10900	11028	11027	10899
9	10900	10901	11029	11028	10900
9	10901	10902	11030	11029	10901
9	10902	10903	11031	11030	10902
9	10903	10904	11032	11031	10903
9	10904	10905	11033	11032	10904
9	10905	10906	11034	11033	10905
9	10906	10907	11035	11034	10906
9	10907	10908	11036	11035	10907
9	10908	10909	11037	11036	10908
9	10909	10910	11038	11037	10909
9	10910	10911	11039	11038	10910
9	10911	10912	11040	11039	10911
9	10912	10913	11041	11040	10912
9	10913	10914	11042	11041	10913
9	10914	10915	11043	11042	10914
9	10915	10916	11044	11043	10915
9	10916	10917	11045	11044	10916
9	10917	10918	11046	11045	10917
9	10918	10919	11047	11046	10918
9	10919	10920	11048	11047	10919
9	10920	10921	11049	11048	10920
9	10921	10922	11050	11049	10921
9	10922	10923	11051	11050	10922
9	10923	10924	11052	11051	10923
9	10924	10925	11053	11052	10924
9	10925	10926	11054	11053	10925
9	10926	10927	11055	11054	10926
9	10927	10928	11056	11055	10927
9	10928	10929	11057	11056	10928
9	10929	10930	11058	11057	10929
9	10930	10931	11059	11058	10930
9	10931	10932	11060	11059	10931
9	10932	10933	11061	11060	10932
9	10933	10934	11062	11061	10933
9	10934	10935	11063	11062	10934
9	10935	10936	11064	11063	10935
9	10936	10937	11065	11064	10936
9	10937	10938	11066	11065	10937
9	10938	10939	11067	11066	10938
9	10939	10940	11068	11067	10939
9	10940	10941	11069	11068	10940
9	10941	10942	11070	11069	10941
9	10942	10943	11071	11070	10942
9	10943	10944	11072	11071	10943
9	10944	10945	11073	11072	10944
9	10945	10946	11074	11073	10945
9	10946	10947	11075	11074	10946
9	10947	10948	11076	11075	10947
9	10948	10949	11077	11076	10948
9	10949	10950	11078	11077	10949
9	10950	10951	11079	11078	10950
9	10951	10952	11080	11079	10951
9	10952	10953	11081	11080	10952
9	10953	10954	11082	11081	10953
9	10954	10955	11083	11082	10954
9	10955	10956	11084	11083	10955
9	10956	10957	11085	11084	10956
9	10957	10958	11086	11085	10957
9	10958	10959	11087	11086	10958
9	10959	10960	11088	11087	10959
9	10960	10961	11089	11088	10960
9	10961	10962	11090	11089	10961
9	10962	10963	11091	11090	10962
9	10963	10964	11092	11091	10963
9	10964	10965	11093	11092	10964
9	10965	10966	11094	11093	10965
9	10966	10967	11095	11094	10966
9	10967	10968	11096	11095	10967
9	10968	10969	11097	11096	10968
9	10969	10970	11098	11097	10969
9	10970	10971	11099	11098	10970
9	10971	10972	11100	11099	10971
9	10972	10973	11101	11100	10972
9	10973	10974	11102	11101	10973
9	10974	10975	11103	11102	10974
9	10975	10976	11104	11103	10975
9	10976	10977	11105	11104	10976
9	10977	10978	11106	11105	10977
9	10978	10979	11107	11106	10978
9	10979	10980	11108	11107	10979
9	10980	10981	11109	11108	10980
9	10981	10982	11110	11109	10981
9	10982	10983	11111	11110	10982
9	10983	10984	11112	11111	10983
9	10984	10985	11113	11112	10984
9	10985	10986	11114	11113	10985
9	10986	10987	11115	11114	10986
9	10987	10988	11116	11115	10987
9	10988	10989	11117	11116	10988
9	10989	10990	11118	11117	10989
9	10990	10991	11119	11118	10990
9	10991	10992	11120	11119	10991
9	10992	10993	11121	11120	10992
9	10993	10994	11122	11121	10993
9	10994	10995	11123	11122	10994
9	10995	10996	11124	11123	10995
9	10996	10997	11125	11124	10996
9	10997	10998	11126	11125	10997
9	10998	10999	11127	11126	10998
9	10999	11000	11128	11127	10999
9	11000	11001	11129	11128	11000
9	11001	11002	11130	11129	11001
9	11002	11003	11131	11130	11002
9	11003	11004	11132	11131	11003
9	11004	11005	11133	11132	11004
9	11005	11006	11134	11133	11005
9	11006	11007	11135	11134	11006
9	11007	10880	11008	11135	11007
9	11008	11009	11137	11136	11008
9	11009	11010	11138	11137	11009
9	11010	11011	11139	11138	11010
9	11011	11012	11140	11139	11011
9	11012	11013	11141	11140	11012
9	11013	11014	11142	11141	11013
9	11014	11015	11143	11142	11014
9	11015	11016	11144	11143	11015
9	11016	11017	11145	11144	11016
9	11017	11018	11146	11145	11017
9	11018	11019	11147	11146	11018
9	11019	11020	11148	11147	11019
9	11020	11021	11149	11148	11020
9	11021	11022	11150	11149	11021
9	11022	11023	11151	11150	11022
9	11023	11024	11152	11151	11023
9	11024	11025	11153	11152	11024
9	11025	11026	11154	11153	11025
9	11026	11027	11155	11154	11026
9	11027	11028	11156	11155	11027
9	11028	11029	11157	11156	11028
9	11029	11030	11158	11157	11029
9	11030	11031	11159	11158	11030
9	11031	11032	11160	11159	11031
9	11032	11033	11161	11160	11032
9	11033	11034	11162	11161	11033
9	11034	11035	11163	11162	11034
9	11035	11036	11164	11163	11035
9	11036	11037	11165	11164	11036
9	11037	11038	11166	11165	11037
9	11038	11039	11167	11166	11038
9	11039	11040	11168	11167	11039
9	11040	11041	11169	11168	11040
9	11041	11042	11170	11169	11041
9	11042	11043	11171	11170	11042
9	11043	11044	11172	11171	11043
9	11044	11045	11173	11172	11044
9	11045	11046	11174	11173	11045
9	11046	11047	11175	11174	11046
9	11047	11048	11176	11175	11047
9	11048	11049	11177	11176	11048
9	11049	11050	11178	11177	11049
9	11050	11051	11179	11178	11050
9	11051	11052	11180	11179	11051
9	11052	11053	11181	11180	11052
9	11053	11054	11182	11181	11053
9	11054	11055	11183	11182	11054
9	11055	11056	11184	11183	11055
9	11056	11057	11185	11184	11056
9	11057	11058	11186	11185	11057
9	11058	11059	11187	11186	11058
9	11059	11060	11188	11187	11059
9	11060	11061	11189	11188	11060
9	11061	11062	11190	11189	11061
9	11062	11063	11191	11190	11062
9	11063	11064	11192	11191	11063
9	11064	11065	11193	11192	11064
9	11065	11066	11194	11193	11065
9	11066	11067	11195	11194	11066
9	11067	11068	11196	11195	11067
9	11068	11069	11197	11196	11068
9	11069	11070	11198	11197	11069
9	11070	11071	11199	11198	11070
9	11071	11072	11200	11199	11071
9	11072	11073	11201	11200	11072
9	11073	11074	11202	11201	11073
9	11074	11075	11203	11202	11074
9	11075	11076	11204	11203	11075
9	11076	11077	11205	11204	11076
9	11077	11078	11206	11205	11077
9	11078	11079	11207	11206	11078
9	11079	11080	11208	11207	11079
9	11080	11081	11209	11208	11080
9	11081	11082	11210	11209	11081
9	11082	11083	11211	11210	11082
9	11083	11084	11212	11211	11083
9	11084	11085	11213	11212	11084
9	11085	11086	11214	11213	11085
9	11086	11087	11215	11214	11086
9	11087	11088	11216	11215	11087
9	11088	11089	11217	11216	11088
9	11089	11090	11218	11217	11089
9	11090	11091	11219	11218	11090
9	11091	11092	11220	11219	11091
9	11092	11093	11221	11220	11092
9	11093	11094	11222	11221	11093
9	11094	11095	11223	11222	11094
9	11095	11096	11224	11223	11095
9	11096	11097	11225	11224	11096
9	11097	11098	11226	11225	11097
9	11098	11099	11227	11226	11098
9	11099	11100	11228	11227	11099
9	11100	11101	11229	11228	11100
9	11101	11102	11230	11229	11101
9	11102	11103	11231	11230	11102
9	11103	11104	11232	11231	11103
9	11104	11105	11233	11232	11104
9	11105	11106	11234	11233	11105
9	11106	11107	11235	11234	11106
9	11107	11108	11236	11235	11107
9	11108	11109	11237	11236	11108
9	11109	11110	11238	11237	11109
9	11110	11111	11239	11238	11110
9	11111	11112	11240	11239	11111
9	11112	11113	11241	11240	11112
9	11113	11114	11242	11241	11113
9	11114	11115	11243	11242	11114
9	11115	11116	11244	11243	11115
9	11116	11117	11245	11244	11116
9	11117	11118	11246	11245	11117
9	11118	11119	11247	11246	11118
9	11119	11120	11248	11247	11119
9	11120	11121	11249	11248	11120
9	11121	11122	11250	11249	11121
9	11122	11123	11251	11250	11122
9	11123	11124	11252	11251	11123
9	11124	11125	11253	11252	11124
9	11125	11126	11254	11253	11125
9	11126	11127	11255	11254	11126
9	11127	11128	11256	11255	11127
9	11128	11129	11257	11256	11128
9	11129	11130	11258	11257	11129
9	11130	11131	11259	11258	11130
9	11131	11132	11260	11259	11131
9	11132	11133	11261	11260	11132
9	11133	11134	11262	11261	11133
9	11134	11135	11263	11262	11134
9	11135	11008	11136	11263	11135
9	11136	11137	11265	11264	11136
9	11137	11138	11266	11265	11137
9	11138	11139	11267	11266	11138
9	11139	11140	11268	11267	11139
9	11140	11141	11269	11268	11140
9	11141	11142	11270	11269	11141
9	11142	11143	11271	11270	11142
9	11143	11144	11272	11271	11143
9	11144	11145	11273	11272	11144
9	11145	11146	11274	11273	11145
9	11146	11147	11275	11274	11146
9	11147	11148	11276	11275	11147
9	11148	11149	11277	11276	11148
9	11149	11150	11278	11277	11149
9	11150	11151	11279	11278	11150
9	11151	11152	11280	11279	11151
9	11152	11153	11281	11280	11152
9	11153	11154	11282	11281	11153
9	11154	11155	11283	11282	11154
9	11155	11156	11284	11283	11155
9	11156	11157	11285	11284	11156
9	11157	11158	11286	11285	11157
9	11158	11159	11287	11286	11158
9	11159	11160	11288	11287	11159
9	11160	11161	11289	11288	11160
9	11161	11162	11290	11289	11161
9	11162	11163	11291	11290	11162
9	11163	11164	11292	11291	11163
9	11164	11165	11293	11292	11164
9	11165	11166	11294	11293	11165
9	11166	11167	11295	11294	11166
9	11167	11168	11296	11295	11167
9	11168	11169	11297	11296	11168
9	11169	11170	11298	11297	11169
9	11170	11171	11299	11298	11170
9	11171	11172	11300	11299	11171
9	11172	11173	11301	11300	11172
9	11173	11174	11302	11301	11173
9	11174	11175	11303	11302	11174
9	11175	11176	11304	11303	11175
9	11176	11177	11305	11304	11176
9	11177	11178	11306	11305	11177
9	11178	11179	11307	11306	11178
9	11179	11180	11308	11307	11179
9	11180	11181	11309	11308	11180
9	11181	11182	11310	11309	11181
9	11182	11183	11311	11310	11182
9	11183	11184	11312	11311	11183
9	11184	11185	11313	11312	11184
9	11185	11186	11314	11313	11185
9	11186	11187	11315	11314	11186
9	11187	11188	11316	11315	11187
9	11188	11189	11317	11316	11188
9	11189	11190	11318	11317	11189
9	11190	11191	11319	11318	11190
9	11191	11192	11320	11319	11191
9	11192	11193	11321	11320	11192
9	11193	11194	11322	11321	11193
9	11194	11195	11323	11322	11194
9	11195	11196	11324	11323	11195
9	11196	11197	11325	11324	11196
9	11197	11198	11326	11325	11197
9	11198	11199	11327	11326	11198
9	11199	11200	11328	11327	11199
9	11200	11201	11329	11328	11200
9	11201	11202	11330	11329	11201
9	11202	11203	11331	11330	11202
9	11203	11204	11332	11331	11203
9	11204	11205	11333	11332	11204
9	11205	11206	11334	11333	11205
9	11206	11207	11335	11334	11206
9	11207	11208	11336	11335	11207
9	11208	11209	11337	11336	11208
9	11209	11210	11338	11337	11209
9	11210	11211	11339	11338	11210
9	11211	11212	11340	11339	11211
9	11212	11213	11341	11340	11212
9	11213	11214	11342	11341	11213
9	11214	11215	11343	11342	11214
9	11215	11216	11344	11343	11215
9	11216	11217	11345	11344	11216
9	11217	11218	11346	11345	11217
9	11218	11219	11347	11346	11218
9	11219	11220	11348	11347	11219
9	11220	11221	11349	11348	11220
9	11221	11222	11350	11349	11221
9	11222	11223	11351	11350	11222
9	11223	11224	11352	11351	11223
9	11224	11225	11353	11352	11224
9	11225	11226	11354	11353	11225
9	11226	11227	11355	11354	11226
9	11227	11228	11356	11355	11227
9	11228	11229	11357	11356	11228
9	11229	11230	11358	11357	11229
9	11230	11231	11359	11358	11230
9	11231	11232	11360	11359	11231
9	11232	11233	11361	11360	11232
9	11233	11234	11362	11361	11233
9	11234	11235	11363	11362	11234
9	11235	11236	11364	11363	11235
9	11236	11237	11365	11364	11236
9	11237	11238	11366	11365	11237
9	11238	11239	11367	11366	11238
9	11239	11240	11368	11367	11239
9	11240	11241	11369	11368	11240
9	11241	11242	11370	11369	11241
9	11242	11243	11371	11370	11242
9	11243	11244	11372	11371	11243
9	11244	11245	11373	11372	11244
9	11245	11246	11374	11373	11245
9	11246	11247	11375	11374	11246
9	11247	11248	11376	11375	11247
9	11248	11249	11377	11376	11248
9	11249	11250	11378	11377	11249
9	11250	11251	11379	11378	11250
9	11251	11252	11380	11379	11251
9	11252	11253	11381	11380	11252
9	11253	11254	11382	11381	11253
9	11254	11255	11383	11382	11254
9	11255	11256	11384	11383	11255
9	11256	11257	11385	11384	11256
9	11257	11258	11386	11385	11257
9	11258	11259	11387	11386	11258
9	11259	11260	11388	11387	11259
9	11260	11261	11389	11388	11260
9	11261	11262	11390	11389	11261
9	11262	11263	11391	11390	11262
9	11263	11136	11264	11391	11263
9	11264	11265	11393	11392	11264
9	11265	11266	11394	11393	11265
9	11266	11267	11395	11394	11266
9	11267	11268	11396	11395	11267
9	11268	11269	11397	11396	11268
9	11269	11270	11398	11397	11269
9	11270	11271	11399	11398	11270
9	11271	11272	11400	11399	11271
9	11272	11273	11401	11400	11272
9	11273	11274	11402	11401	11273
9	11274	11275	11403	11402	11274
9	11275	11276	11404	11403	11275
9	11276	11277	11405	11404	11276
9	11277	11278	11406	11405	11277
9	11278	11279	11407	11406	11278
9	11279	11280	11408	11407	11279
9	11280	11281	11409	11408	11280
9	11281	11282	11410	11409	11281
9	11282	11283	11411	11410	11282
9	11283	11284	11412	11411	11283
9	11284	11285	11413	11412	11284
9	11285	11286	11414	11413	11285
9	11286	11287	11415	11414	11286
9	11287	11288	11416	11415	11287
9	11288	11289	11417	11416	11288
9	11289	11290	11418	11417	11289
9	11290	11291	11419	11418	11290
9	11291	11292	11420	11419	11291
9	11292	11293	11421	11420	11292
9	11293	11294	11422	11421	11293
9	11294	11295	11423	11422	11294
9	11295	11296	11424	11423	11295
9	11296	11297	11425	11424	11296
9	11297	11298	11426	11425	11297
9	11298	11299	11427	11426	11298
9	11299	11300	11428	11427	11299
9	11300	11301	11429	11428	11300
9	11301	11302	11430	11429	11301
9	11302	11303	11431	11430	11302
9	11303	11304	11432	11431	11303
9	11304	11305	11433	11432	11304
9	11305	11306	11434	11433	11305
9	11306	11307	11435	11434	11306
9	11307	11308	11436	11435	11307
9	11308	11309	11437	11436	11308
9	11309	11310	11438	11437	11309
9	11310	11311	11439	11438	11310
9	11311	11312	11440	11439	11311
9	11312	11313	11441	11440	11312
9	11313	11314	11442	11441	11313
9	11314	11315	11443	11442	11314
9	11315	11316	11444	11443	11315
9	11316	11317	11445	11444	11316
9	11317	11318	11446	11445	11317
9	11318	11319	11447	11446	11318
9	11319	11320	11448	11447	11319
9	11320	11321	11449	11448	11320
9	11321	11322	11450	11449	11321
9	11322	11323	11451	11450	11322
9	11323	11324	11452	11451	11323
9	11324	11325	11453	11452	11324
9	11325	11326	11454	11453	11325
9	11326	11327	11455	11454	11326
9	11327	11328	11456	11455	11327
9	11328	11329	11457	11456	11328
9	11329	11330	11458	11457	11329
9	11330	11331	11459	11458	11330
9	11331	11332	11460	11459	11331
9	11332	11333	11461	11460	11332
9	11333	11334	11462	11461	11333
9	11334	11335	11463	11462	11334
9	11335	11336	11464	11463	11335
9	11336	11337	11465	11464	11336
9	11337	11338	11466	11465	11337
9	11338	11339	11467	11466	11338
9	11339	11340	11468	11467	11339
9	11340	11341	11469	11468	11340
9	11341	11342	11470	11469	11341
9	11342	11343	11471	11470	11342
9	11343	11344	11472	11471	11343
9	11344	11345	11473	11472	11344
9	11345	11346	11474	11473	11345
9	11346	11347	11475	11474	11346
9	11347	11348	11476	11475	11347
9	11348	11349	11477	11476	11348
9	11349	11350	11478	11477	11349
9	11350	11351	11479	11478	11350
9	11351	11352	11480	11479	11351
9	11352	11353	11481	11480	11352
9	11353	11354	11482	11481	11353
9	11354	11355	11483	11482	11354
9	11355	11356	11484	11483	11355
9	11356	11357	11485	11484	11356
9	11357	11358	11486	11485	11357
9	11358	11359	11487	11486	11358
9	11359	11360	11488	11487	11359
9	11360	11361	11489	11488	11360
9	11361	11362	11490	11489	11361
9	11362	11363	11491	11490	11362
9	11363	11364	11492	11491	11363
9	11364	11365	11493	11492	11364
9	11365	11366	11494	11493	11365
9	11366	11367	11495	11494	11366
9	11367	11368	11496	11495	11367
9	11368	11369	11497	11496	11368
9	11369	11370	11498	11497	11369
9	11370	11371	11499	11498	11370
9	11371	11372	11500	11499	11371
9	11372	11373	11501	11500	11372
9	11373	11374	11502	11501	11373
9	11374	11375	11503	11502	11374
9	11375	11376	11504	11503	11375
9	11376	11377	11505	11504	11376
9	11377	11378	11506	11505	11377
9	11378	11379	11507	11506	11378
9	11379	11380	11508	11507	11379
9	11380	11381	11509	11508	11380
9	11381	11382	11510	11509	11381
9	11382	11383	11511	11510	11382
9	11383	11384	11512	11511	11383
9	11384	11385	11513	11512	11384
9	11385	11386	11514	11513	11385
9	11386	11387	11515	11514	11386
9	11387	11388	11516	11515	11387
9	11388	11389	11517	11516	11388
9	11389	11390	11518	11517	11389
9	11390	11391	11519	11518	11390
9	11391	11264	11392	11519	11391
9	11392	11393	11521	11520	11392
9	11393	11394	11522	11521	11393
9	11394	11395	11523	11522	11394
9	11395	11396	11524	11523	11395
9	11396	11397	11525	11524	11396
9	11397	11398	11526	11525	11397
9	11398	11399	11527	11526	11398
9	11399	11400	11528	11527	11399
9	11400	11401	11529	11528	11400
9	11401	11402	11530	11529	11401
9	11402	11403	11531	11530	11402
9	11403	11404	11532	11531	11403
9	11404	11405	11533	11532	11404
9	11405	11406	11534	11533	11405
9	11406	11407	11535	11534	11406
9	11407	11408	11536	11535	11407
9	11408	11409	11537	11536	11408
9	11409	11410	11538	11537	11409
9	11410	11411	11539	11538	11410
9	11411	11412	11540	11539	11411
9	11412	11413	11541	11540	11412
9	11413	11414	11542	11541	11413
9	11414	11415	11543	11542	11414
9	11415	11416	11544	11543	11415
9	11416	11417	11545	11544	11416
9	11417	11418	11546	11545	11417
9	11418	11419	11547	11546	11418
9	11419	11420	11548	11547	11419
9	11420	11421	11549	11548	11420
9	11421	11422	11550	11549	11421
9	11422	11423	11551	11550	11422
9	11423	11424	11552	11551	11423
9	11424	11425	11553	11552	11424
9	11425	11426	11554	11553	11425
9	11426	11427	11555	11554	11426
9	11427	11428	11556	11555	11427
9	11428	11429	11557	11556	11428
9	11429	11430	11558	11557	11429
9	11430	11431	11559	11558	11430
9	11431	11432	11560	11559	11431
9	11432	11433	11561	11560	11432
9	11433	11434	11562	11561	11433
9	11434	11435	11563	11562	11434
9	11435	11436	11564	11563	11435
9	11436	11437	11565	11564	11436
9	11437	11438	11566	11565	11437
9	11438	11439	11567	11566	11438
9	11439	11440	11568	11567	11439
9	11440	11441	11569	11568	11440
9	11441	11442	11570	11569	11441
9	11442	11443	11571	11570	11442
9	11443	11444	11572	11571	11443
9	11444	11445	11573	11572	11444
9	11445	11446	11574	11573	11445
9	11446	11447	11575	11574	11446
9	11447	11448	11576	11575	11447
9	11448	11449	11577	11576	11448
9	11449	11450	11578	11577	11449
9	11450	11451	11579	11578	11450
9	11451	11452	11580	11579	11451
9	11452	11453	11581	11580	11452
9	11453	11454	11582	11581	11453
9	11454	11455	11583	11582	11454
9	11455	11456	11584	11583	11455
9	11456	11457	11585	11584	11456
9	11457	11458	11586	11585	11457
9	11458	11459	11587	11586	11458
9	11459	11460	11588	11587	11459
9	11460	11461	11589	11588	11460
9	11461	11462	11590	11589	11461
9	11462	11463	11591	11590	11462
9	11463	11464	11592	11591	11463
9	11464	11465	11593	11592	11464
9	11465	11466	11594	11593	11465
9	11466	11467	11595	11594	11466
9	11467	11468	11596	11595	11467
9	11468	11469	11597	11596	11468
9	11469	11470	11598	11597	11469
9	11470	11471	11599	11598	11470
9	11471	11472	11600	11599	11471
9	11472	11473	11601	11600	11472
9	11473	11474	11602	11601	11473
9	11474	11475	11603	11602	11474
9	11475	11476	11604	11603	11475
9	11476	11477	11605	11604	11476
9	11477	11478	11606	11605	11477
9	11478	11479	11607	11606	11478
9	11479	11480	11608	11607	11479
9	11480	11481	11609	11608	11480
9	11481	11482	11610	11609	11481
9	11482	11483	11611	11610	11482
9	11483	11484	11612	11611	11483
9	11484	11485	11613	11612	11484
9	11485	11486	11614	11613	11485
9	11486	11487	11615	11614	11486
9	11487	11488	11616	11615	11487
9	11488	11489	11617	11616	11488
9	11489	11490	11618	11617	11489
9	11490	11491	11619	11618	11490
9	11491	11492	11620	11619	11491
9	11492	11493	11621	11620	11492
9	11493	11494	11622	11621	11493
9	11494	11495	11623	11622	11494
9	11495	11496	11624	11623	11495
9	11496	11497	11625	11624	11496
9	11497	11498	11626	11625	11497
9	11498	11499	11627	11626	11498
9	11499	11500	11628	11627	11499
9	11500	11501	11629	11628	11500
9	11501	11502	11630	11629	11501
9	11502	11503	11631	11630	11502
9	11503	11504	11632	11631	11503
9	11504	11505	11633	11632	11504
9	11505	11506	11634	11633	11505
9	11506	11507	11635	11634	11506
9	11507	11508	11636	11635	11507
9	11508	11509	11637	11636	11508
9	11509	11510	11638	11637	11509
9	11510	11511	11639	11638	11510
9	11511	11512	11640	11639	11511
9	11512	11513	11641	11640	11512
9	11513	11514	11642	11641	11513
9	11514	11515	11643	11642	11514
9	11515	11516	11644	11643	11515
9	11516	11517	11645	11644	11516
9	11517	11518	11646	11645	11517
9	11518	11519	11647	11646	11518
9	11519	11392	11520	11647	11519
9	11520	11521	11649	11648	11520
9	11521	11522	11650	11649	11521
9	11522	11523	11651	11650	11522
9	11523	11524	11652	11651	11523
9	11524	11525	11653	11652	11524
9	11525	11526	11654	11653	11525
9	11526	11527	11655	11654	11526
9	11527	11528	11656	11655	11527
9	11528	11529	11657	11656	11528
9	11529	11530	11658	11657	11529
9	11530	11531	11659	11658	11530
9	11531	11532	11660	11659	11531
9	11532	11533	11661	11660	11532
9	11533	11534	11662	11661	11533
9	11534	11535	11663	11662	11534
9	11535	11536	11664	11663	11535
9	11536	11537	11665	11664	11536
9	11537	11538	11666	11665	11537
9	11538	11539	11667	11666	11538
9	11539	11540	11668	11667	11539
9	11540	11541	11669	11668	11540
9	11541	11542	11670	11669	11541
9	11542	11543	11671	11670	11542
9	11543	11544	11672	11671	11543
9	11544	11545	11673	11672	11544
9	11545	11546	11674	11673	11545
9	11546	11547	11675	11674	11546
9	11547	11548	11676	11675	11547
9	11548	11549	11677	11676	11548
9	11549	11550	11678	11677	11549
9	11550	11551	11679	11678	11550
9	11551	11552	11680	11679	11551
9	11552	11553	11681	11680	11552
9	11553	11554	11682	11681	11553
9	11554	11555	11683	11682	11554
9	11555	11556	11684	11683	11555
9	11556	11557	11685	11684	11556
9	11557	11558	11686	11685	11557
9	11558	11559	11687	11686	11558
9	11559	11560	11688	11687	11559
9	11560	11561	11689	11688	11560
9	11561	11562	11690	11689	11561
9	11562	11563	11691	11690	11562
9	11563	11564	11692	11691	11563
9	11564	11565	11693	11692	11564
9	11565	11566	11694	11693	11565
9	11566	11567	11695	11694	11566
9	11567	11568	11696	11695	11567
9	11568	11569	11697	11696	11568
9	11569	11570	11698	11697	11569
9	11570	11571	11699	11698	11570
9	11571	11572	11700	11699	11571
9	11572	11573	11701	11700	11572
9	11573	11574	11702	11701	11573
9	11574	11575	11703	11702	11574
9	11575	11576	11704	11703	11575
9	11576	11577	11705	11704	11576
9	11577	11578	11706	11705	11577
9	11578	11579	11707	11706	11578
9	11579	11580	11708	11707	11579
9	11580	11581	11709	11708	11580
9	11581	11582	11710	11709	11581
9	11582	11583	11711	11710	11582
9	11583	11584	11712	11711	11583
9	11584	11585	11713	11712	11584
9	11585	11586	11714	11713	11585
9	11586	11587	11715	11714	11586
9	11587	11588	11716	11715	11587
9	11588	11589	11717	11716	11588
9	11589	11590	11718	11717	11589
9	11590	11591	11719	11718	11590
9	11591	11592	11720	11719	11591
9	11592	11593	11721	11720	11592
9	11593	11594	11722	11721	11593
9	11594	11595	11723	11722	11594
9	11595	11596	11724	11723	11595
9	11596	11597	11725	11724	11596
9	11597	11598	11726	11725	11597
9	11598	11599	11727	11726	11598
9	11599	11600	11728	11727	11599
9	11600	11601	11729	11728	11600
9	11601	11602	11730	11729	11601
9	11602	11603	11731	11730	11602
9	11603	11604	11732	11731	11603
9	11604	11605	11733	11732	11604
9	11605	11606	11734	11733	11605
9	11606	11607	11735	11734	11606
9	11607	11608	11736	11735	11607
9	11608	11609	11737	11736	11608
9	11609	11610	11738	11737	11609
9	11610	11611	11739	11738	11610
9	11611	11612	11740	11739	11611
9	11612	11613	11741	11740	11612
9	11613	11614	11742	11741	11613
9	11614	11615	11743	11742	11614
9	11615	11616	11744	11743	11615
9	11616	11617	11745	11744	11616
9	11617	11618	11746	11745	11617
9	11618	11619	11747	11746	11618
9	11619	11620	11748	11747	11619
9	11620	11621	11749	11748	11620
9	11621	11622	11750	11749	11621
9	11622	11623	11751	11750	11622
9	11623	11624	11752	11751	11623
9	11624	11625	11753	11752	11624
9	11625	11626	11754	11753	11625
9	11626	11627	11755	11754	11626
9	11627	11628	11756	11755	11627
9	11628	11629	11757	11756	11628
9	11629	11630	11758	11757	11629
9	11630	11631	11759	11758	11630
9	11631	11632	11760	11759	11631
9	11632	11633	11761	11760	11632
9	11633	11634	11762	11761	11633
9	11634	11635	11763	11762	11634
9	11635	11636	11764	11763	11635
9	11636	11637	11765	11764	11636
9	11637	11638	11766	11765	11637
9	11638	11639	11767	11766	11638
9	11639	11640	11768	11767	11639
9	11640	11641	11769	11768	11640
9	11641	11642	11770	11769	11641
9	11642	11643	11771	11770	11642
9	11643	11644	11772	11771	11643
9	11644	11645	11773	11772	11644
9	11645	11646	11774	11773	11645
9	11646	11647	11775	11774	11646
9	11647	11520	11648	11775	11647
9	11648	11649	11777	11776	11648
9	11649	11650	11778	11777	11649
9	11650	11651	11779	11778	11650
9	11651	11652	11780	11779	11651
9	11652	11653	11781	11780	11652
9	11653	11654	11782	11781	11653
9	11654	11655	11783	11782	11654
9	11655	11656	11784	11783	11655
9	11656	11657	11785	11784	11656
9	11657	11658	11786	11785	11657
9	11658	11659	11787	11786	11658
9	11659	11660	11788	11787	11659
9	11660	11661	11789	11788	11660
9	11661	11662	11790	11789	11661
9	11662	11663	11791	11790	11662
9	11663	11664	11792	11791	11663
9	11664	11665	11793	11792	11664
9	11665	11666	11794	11793	11665
9	11666	11667	11795	11794	11666
9	11667	11668	11796	11795	11667
9	11668	11669	11797	11796	11668
9	11669	11670	11798	11797	11669
9	11670	11671	11799	11798	11670
9	11671	11672	11800	11799	11671
9	11672	11673	11801	11800	11672
9	11673	11674	11802	11801	11673
9	11674	11675	11803	11802	11674
9	11675	11676	11804	11803	11675
9	11676	11677	11805	11804	11676
9	11677	11678	11806	11805	11677
9	11678	11679	11807	11806	11678
9	11679	11680	11808	11807	11679
9	11680	11681	11809	11808	11680
9	11681	11682	11810	11809	11681
9	11682	11683	11811	11810	11682
9	11683	11684	11812	11811	11683
9	11684	11685	11813	11812	11684
9	11685	11686	11814	11813	11685
9	11686	11687	11815	11814	11686
9	11687	11688	11816	11815	11687
9	11688	11689	11817	11816	11688
9	11689	11690	11818	11817	11689
9	11690	11691	11819	11818	11690
9	11691	11692	11820	11819	11691
9	11692	11693	11821	11820	11692
9	11693	11694	11822	11821	11693
9	11694	11695	11823	11822	11694
9	11695	11696	11824	11823	11695
9	11696	11697	11825	11824	11696
9	11697	11698	11826	11825	11697
9	11698	11699	11827	11826	11698
9	11699	11700	11828	11827	11699
9	11700	11701	11829	11828	11700
9	11701	11702	11830	11829	11701
9	11702	11703	11831	11830	11702
9	11703	11704	11832	11831	11703
9	11704	11705	11833	11832	11704
9	11705	11706	11834	11833	11705
9	11706	11707	11835	11834	11706
9	11707	11708	11836	11835	11707
9	11708	11709	11837	11836	11708
9	11709	11710	11838	11837	11709
9	11710	11711	11839	11838	11710
9	11711	11712	11840	11839	11711
9	11712	11713	11841	11840	11712
9	11713	11714	11842	11841	11713
9	11714	11715	11843	11842	11714
9	11715	11716	11844	11843	11715
9	11716	11717	11845	11844	11716
9	11717	11718	11846	11845	11717
9	11718	11719	11847	11846	11718
9	11719	11720	11848	11847	11719
9	11720	11721	11849	11848	11720
9	11721	11722	11850	11849	11721
9	11722	11723	11851	11850	11722
9	11723	11724	11852	11851	11723
9	11724	11725	11853	11852	11724
9	11725	11726	11854	11853	11725
9	11726	11727	11855	11854	11726
9	11727	11728	11856	11855	11727
9	11728	11729	11857	11856	11728
9	11729	11730	11858	11857	11729
9	11730	11731	11859	11858	11730
9	11731	11732	11860	11859	11731
9	11732	11733	11861	11860	11732
9	11733	11734	11862	11861	11733
9	11734	11735	11863	11862	11734
9	11735	11736	11864	11863	11735
9	11736	11737	11865	11864	11736
9	11737	11738	11866	11865	11737
9	11738	11739	11867	11866	11738
9	11739	11740	11868	11867	11739
9	11740	11741	11869	11868	11740
9	11741	11742	11870	11869	11741
9	11742	11743	11871	11870	11742
9	11743	11744	11872	11871	11743
9	11744	11745	11873	11872	11744
9	11745	11746	11874	11873	11745
9	11746	11747	11875	11874	11746
9	11747	11748	11876	11875	11747
9	11748	11749	11877	11876	11748
9	11749	11750	11878	11877	11749
9	11750	11751	11879	11878	11750
9	11751	11752	11880	11879	11751
9	11752	11753	11881	11880	11752
9	11753	11754	11882	11881	11753
9	11754	11755	11883	11882	11754
9	11755	11756	11884	11883	11755
9	11756	11757	11885	11884	11756
9	11757	11758	11886	11885	11757
9	11758	11759	11887	11886	11758
9	11759	11760	11888	11887	11759
9	11760	11761	11889	11888	11760
9	11761	11762	11890	11889	11761
9	11762	11763	11891	11890	11762
9	11763	11764	11892	11891	11763
9	11764	11765	11893	11892	11764
9	11765	11766	11894	11893	11765
9	11766	11767	11895	11894	11766
9	11767	11768	11896	11895	11767
9	11768	11769	11897	11896	11768
9	11769	11770	11898	11897	11769
9	11770	11771	11899	11898	11770
9	11771	11772	11900	11899	11771
9	11772	11773	11901	11900	11772
9	11773	11774	11902	11901	11773
9	11774	11775	11903	11902	11774
9	11775	11648	11776	11903	11775
9	11776	11777	11905	11904	11776
9	11777	11778	11906	11905	11777
9	11778	11779	11907	11906	11778
9	11779	11780	11908	11907	11779
9	11780	11781	11909	11908	11780
9	11781	11782	11910	11909	11781
9	11782	11783	11911	11910	11782
9	11783	11784	11912	11911	11783
9	11784	11785	11913	11912	11784
9	11785	11786	11914	11913	11785
9	11786	11787	11915	11914	11786
9	11787	11788	11916	11915	11787
9	11788	11789	11917	11916	11788
9	11789	11790	11918	11917	11789
9	11790	11791	11919	11918	11790
9	11791	11792	11920	11919	11791
9	11792	11793	11921	11920	11792
9	11793	11794	11922	11921	11793
9	11794	11795	11923	11922	11794
9	11795	11796	11924	11923	11795
9	11796	11797	11925	11924	11796
9	11797	11798	11926	11925	11797
9	11798	11799	11927	11926	11798
9	11799	11800	11928	11927	11799
9	11800	11801	11929	11928	11800
9	11801	11802	11930	11929	11801
9	11802	11803	11931	11930	11802
9	11803	11804	11932	11931	11803
9	11804	11805	11933	11932	11804
9	11805	11806	11934	11933	11805
9	11806	11807	11935	11934	11806
9	11807	11808	11936	11935	11807
9	11808	11809	11937	11936	11808
9	11809	11810	11938	11937	11809
9	11810	11811	11939	11938	11810
9	11811	11812	11940	11939	11811
9	11812	11813	11941	11940	11812
9	11813	11814	11942	11941	11813
9	11814	11815	11943	11942	11814
9	11815	11816	11944	11943	11815
9	11816	11817	11945	11944	11816
9	11817	11818	11946	11945	11817
9	11818	11819	11947	11946	11818
9	11819	11820	11948	11947	11819
9	11820	11821	11949	11948	11820
9	11821	11822	11950	11949	11821
9	11822	11823	11951	11950	11822
9	11823	11824	11952	11951	11823
9	11824	11825	11953	11952	11824
9	11825	11826	11954	11953	11825
9	11826	11827	11955	11954	11826
9	11827	11828	11956	11955	11827
9	11828	11829	11957	11956	11828
9	11829	11830	11958	11957	11829
9	11830	11831	11959	11958	11830
9	11831	11832	11960	11959	11831
9	11832	11833	11961	11960	11832
9	11833	11834	11962	11961	11833
9	11834	11835	11963	11962	11834
9	11835	11836	11964	11963	11835
9	11836	11837	11965	11964	11836
9	11837	11838	11966	11965	11837
9	11838	11839	11967	11966	11838
9	11839	11840	11968	11967	11839
9	11840	11841	11969	11968	11840
9	11841	11842	11970	11969	11841
9	11842	11843	11971	11970	11842
9	11843	11844	11972	11971	11843
9	11844	11845	11973	11972	11844
9	11845	11846	11974	11973	11845
9	11846	11847	11975	11974	11846
9	11847	11848	11976	11975	11847
9	11848	11849	11977	11976	11848
9	11849	11850	11978	11977	11849
9	11850	11851	11979	11978	11850
9	11851	11852	11980	11979	11851
9	11852	11853	11981	11980	11852
9	11853	11854	11982	11981	11853
9	11854	11855	11983	11982	11854
9	11855	11856	11984	11983	11855
9	11856	11857	11985	11984	11856
9	11857	11858	11986	11985	11857
9	11858	11859	11987	11986	11858
9	11859	11860	11988	11987	11859
9	11860	11861	11989	11988	11860
9	11861	11862	11990	11989	11861
9	11862	11863	11991	11990	11862
9	11863	11864	11992	11991	11863
9	11864	11865	11993	11992	11864
9	11865	11866	11994	11993	11865
9	11866	11867	11995	11994	11866
9	11867	11868	11996	11995	11867
9	11868	11869	11997	11996	11868
9	11869	11870	11998	11997	11869
9	11870	11871	11999	11998	11870
9	11871	11872	12000	11999	11871
9	11872	11873	12001	12000	11872
9	11873	11874	12002	12001	11873
9	11874	11875	12003	12002	11874
9	11875	11876	12004	12003	11875
9	11876	11877	12005	12004	11876
9	11877	11878	12006	12005	11877
9	11878	11879	12007	12006	11878
9	11879	11880	12008	12007	11879
9	11880	11881	12009	12008	11880
9	11881	11882	12010	12009	11881
9	11882	11883	12011	12010	11882
9	11883	11884	12012	12011	11883
9	11884	11885	12013	12012	11884
9	11885	11886	12014	12013	11885
9	11886	11887	12015	12014	11886
9	11887	11888	12016	12015	11887
9	11888	11889	12017	12016	11888
9	11889	11890	12018	12017	11889
9	11890	11891	12019	12018	11890
9	11891	11892	12020	12019	11891
9	11892	11893	12021	12020	11892
9	11893	11894	12022	12021	11893
9	11894	11895	12023	12022	11894
9	11895	11896	12024	12023	11895
9	11896	11897	12025	12024	11896
9	11897	11898	12026	12025	11897
9	11898	11899	12027	12026	11898
9	11899	11900	12028	12027	11899
9	11900	11901	12029	12028	11900
9	11901	11902	12030	12029	11901
9	11902	11903	12031	12030	11902
9	11903	11776	11904	12031	11903
9	11904	11905	12033	12032	11904
9	11905	11906	12034	12033	11905
9	11906	11907	12035	12034	11906
9	11907	11908	12036	12035	11907
9	11908	11909	12037	12036	11908
9	11909	11910	12038	12037	11909
9	11910	11911	12039	12038	11910
9	11911	11912	12040	12039	11911
9	11912	11913	12041	12040	11912
9	11913	11914	12042	12041	11913
9	11914	11915	12043	12042	11914
9	11915	11916	12044	12043	11915
9	11916	11917	12045	12044	11916
9	11917	11918	12046	12045	11917
9	11918	11919	12047	12046	11918
9	11919	11920	12048	12047	11919
9	11920	11921	12049	12048	11920
9	11921	11922	12050	12049	11921
9	11922	11923	12051	12050	11922
9	11923	11924	12052	12051	11923
9	11924	11925	12053	12052	11924
9	11925	11926	12054	12053	11925
9	11926	11927	12055	12054	11926
9	11927	11928	12056	12055	11927
9	11928	11929	12057	12056	11928
9	11929	11930	12058	12057	11929
9	11930	11931	12059	12058	11930
9	11931	11932	12060	12059	11931
9	11932	11933	12061	12060	11932
9	11933	11934	12062	12061	11933
9	11934	11935	12063	12062	11934
9	11935	11936	12064	12063	11935
9	11936	11937	12065	12064	11936
9	11937	11938	12066	12065	11937
9	11938	11939	12067	12066	11938
9	11939	11940	12068	12067	11939
9	11940	11941	12069	12068	11940
9	11941	11942	12070	12069	11941
9	11942	11943	12071	12070	11942
9	11943	11944	12072	12071	11943
9	11944	11945	12073	12072	11944
9	11945	11946	12074	12073	11945
9	11946	11947	12075	12074	11946
9	11947	11948	12076	12075	11947
9	11948	11949	12077	12076	11948
9	11949	11950	12078	12077	11949
9	11950	11951	12079	12078	11950
9	11951	11952	12080	12079	11951
9	11952	11953	12081	12080	11952
9	11953	11954	12082	12081	11953
9	11954	11955	12083	12082	11954
9	11955	11956	12084	12083	11955
9	11956	11957	12085	12084	11956
9	11957	11958	12086	12085	11957
9	11958	11959	12087	12086	11958
9	11959	11960	12088	12087	11959
9	11960	11961	12089	12088	11960
9	11961	11962	12090	12089	11961
9	11962	11963	12091	12090	11962
9	11963	11964	12092	12091	11963
9	11964	11965	12093	12092	11964
9	11965	11966	12094	12093	11965
9	11966	11967	12095	12094	11966
9	11967	11968	12096	12095	11967
9	11968	11969	12097	12096	11968
9	11969	11970	12098	12097	11969
9	11970	11971	12099	12098	11970
9	11971	11972	12100	12099	11971
9	11972	11973	12101	12100	11972
9	11973	11974	12102	12101	11973
9	11974	11975	12103	12102	11974
9	11975	11976	12104	12103	11975
9	11976	11977	12105	12104	11976
9	11977	11978	12106	12105	11977
9	11978	11979	12107	12106	11978
9	11979	11980	12108	12107	11979
9	11980	11981	12109	12108	11980
9	11981	11982	12110	12109	11981
9	11982	11983	12111	12110	11982
9	11983	11984	12112	12111	11983
9	11984	11985	12113	12112	11984
9	11985	11986	12114	12113	11985
9	11986	11987	12115	12114	11986
9	11987	11988	12116	12115	11987
9	11988	11989	12117	12116	11988
9	11989	11990	12118	12117	11989
9	11990	11991	12119	12118	11990
9	11991	11992	12120	12119	11991
9	11992	11993	12121	12120	11992
9	11993	11994	12122	12121	11993
9	11994	11995	12123	12122	11994
9	11995	11996	12124	12123	11995
9	11996	11997	12125	12124	11996
9	11997	11998	12126	12125	11997
9	11998	11999	12127	12126	11998
9	11999	12000	12128	12127	11999
9	12000	12001	12129	12128	12000
9	12001	12002	12130	12129	12001
9	12002	12003	12131	12130	12002
9	12003	12004	12132	12131	12003
9	12004	12005	12133	12132	12004
9	12005	12006	12134	12133	12005
9	12006	12007	12135	12134	12006
9	12007	12008	12136	12135	12007
9	12008	12009	12137	12136	12008
9	12009	12010	12138	12137	12009
9	12010	12011	12139	12138	12010
9	12011	12012	12140	12139	12011
9	12012	12013	12141	12140	12012
9	12013	12014	12142	12141	12013
9	12014	12015	12143	12142	12014
9	12015	12016	12144	12143	12015
9	12016	12017	12145	12144	12016
9	12017	12018	12146	12145	12017
9	12018	12019	12147	12146	12018
9	12019	12020	12148	12147	12019
9	12020	12021	12149	12148	12020
9	12021	12022	12150	12149	12021
9	12022	12023	12151	12150	12022
9	12023	12024	12152	12151	12023
9	12024	12025	12153	12152	12024
9	12025	12026	12154	12153	12025
9	12026	12027	12155	12154	12026
9	12027	12028	12156	12155	12027
9	12028	12029	12157	12156	12028
9	12029	12030	12158	12157	12029
9	12030	12031	12159	12158	12030
9	12031	11904	12032	12159	12031
9	12032	12033	12161	12160	12032
9	12033	12034	12162	12161	12033
9	12034	12035	12163	12162	12034
9	12035	12036	12164	12163	12035
9	12036	12037	12165	12164	12036
9	12037	12038	12166	12165	12037
9	12038	12039	12167	12166	12038
9	12039	12040	12168	12167	12039
9	12040	12041	12169	12168	12040
9	12041	12042	12170	12169	12041
9	12042	12043	12171	12170	12042
9	12043	12044	12172	12171	12043
9	12044	12045	12173	12172	12044
9	12045	12046	12174	12173	12045
9	12046	12047	12175	12174	12046
9	12047	12048	12176	12175	12047
9	12048	12049	12177	12176	12048
9	12049	12050	12178	12177	12049
9	12050	12051	12179	12178	12050
9	12051	12052	12180	12179	12051
9	12052	12053	12181	12180	12052
9	12053	12054	12182	12181	12053
9	12054	12055	12183	12182	12054
9	12055	12056	12184	12183	12055
9	12056	12057	12185	12184	12056
9	12057	12058	12186	12185	12057
9	12058	12059	12187	12186	12058
9	12059	12060	12188	12187	12059
9	12060	12061	12189	12188	12060
9	12061	12062	12190	12189	12061
9	12062	12063	12191	12190	12062
9	12063	12064	12192	12191	12063
9	12064	12065	12193	12192	12064
9	12065	12066	12194	12193	12065
9	12066	12067	12195	12194	12066
9	12067	12068	12196	12195	12067
9	12068	12069	12197	12196	12068
9	12069	12070	12198	12197	12069
9	12070	12071	12199	12198	12070
9	12071	12072	12200	12199	12071
9	12072	12073	12201	12200	12072
9	12073	12074	12202	12201	12073
9	12074	12075	12203	12202	12074
9	12075	12076	12204	12203	12075
9	12076	12077	12205	12204	12076
9	12077	12078	12206	12205	12077
9	12078	12079	12207	12206	12078
9	12079	12080	12208	12207	12079
9	12080	12081	12209	12208	12080
9	12081	12082	12210	12209	12081
9	12082	12083	12211	12210	12082
9	12083	12084	12212	12211	12083
9	12084	12085	12213	12212	12084
9	12085	12086	12214	12213	12085
9	12086	12087	12215	12214	12086
9	12087	12088	12216	12215	12087
9	12088	12089	12217	12216	12088
9	12089	12090	12218	12217	12089
9	12090	12091	12219	12218	12090
9	12091	12092	12220	12219	12091
9	12092	12093	12221	12220	12092
9	12093	12094	12222	12221	12093
9	12094	12095	12223	12222	12094
9	12095	12096	12224	12223	12095
9	12096	12097	12225	12224	12096
9	12097	12098	12226	12225	12097
9	12098	12099	12227	12226	12098
9	12099	12100	12228	12227	12099
9	12100	12101	12229	12228	12100
9	12101	12102	12230	12229	12101
9	12102	12103	12231	12230	12102
9	12103	12104	12232	12231	12103
9	12104	12105	12233	12232	12104
9	12105	12106	12234	12233	12105
9	12106	12107	12235	12234	12106
9	12107	12108	12236	12235	12107
9	12108	12109	12237	12236	12108
9	12109	12110	12238	12237	12109
9	12110	12111	12239	12238	12110
9	12111	12112	12240	12239	12111
9	12112	12113	12241	12240	12112
9	12113	12114	12242	12241	12113
9	12114	12115	12243	12242	12114
9	12115	12116	12244	12243	12115
9	12116	12117	12245	12244	12116
9	12117	12118	12246	12245	12117
9	12118	12119	12247	12246	12118
9	12119	12120	12248	12247	12119
9	12120	12121	12249	12248	12120
9	12121	12122	12250	12249	12121
9	12122	12123	12251	12250	12122
9	12123	12124	12252	12251	12123
9	12124	12125	12253	12252	12124
9	12125	12126	12254	12253	12125
9	12126	12127	12255	12254	12126
9	12127	12128	12256	12255	12127
9	12128	12129	12257	12256	12128
9	12129	12130	12258	12257	12129
9	12130	12131	12259	12258	12130
9	12131	12132	12260	12259	12131
9	12132	12133	12261	12260	12132
9	12133	12134	12262	12261	12133
9	12134	12135	12263	12262	12134
9	12135	12136	12264	12263	12135
9	12136	12137	12265	12264	12136
9	12137	12138	12266	12265	12137
9	12138	12139	12267	12266	12138
9	12139	12140	12268	12267	12139
9	12140	12141	12269	12268	12140
9	12141	12142	12270	12269	12141
9	12142	12143	12271	12270	12142
9	12143	12144	12272	12271	12143
9	12144	12145	12273	12272	12144
9	12145	12146	12274	12273	12145
9	12146	12147	12275	12274	12146
9	12147	12148	12276	12275	12147
9	12148	12149	12277	12276	12148
9	12149	12150	12278	12277	12149
9	12150	12151	12279	12278	12150
9	12151	12152	12280	12279	12151
9	12152	12153	12281	12280	12152
9	12153	12154	12282	12281	12153
9	12154	12155	12283	12282	12154
9	12155	12156	12284	12283	12155
9	12156	12157	12285	12284	12156
9	12157	12158	12286	12285	12157
9	12158	12159	12287	12286	12158
9	12159	12032	12160	12287	12159
9	12160	12161	12289	12288	12160
9	12161	12162	12290	12289	12161
9	12162	12163	12291	12290	12162
9	12163	12164	12292	12291	12163
9	12164	12165	12293	12292	12164
9	12165	12166	12294	12293	12165
9	12166	12167	12295	12294	12166
9	12167	12168	12296	12295	12167
9	12168	12169	12297	12296	12168
9	12169	12170	12298	12297	12169
9	12170	12171	12299	12298	12170
9	12171	12172	12300	12299	12171
9	12172	12173	12301	12300	12172
9	12173	12174	12302	12301	12173
9	12174	12175	12303	12302	12174
9	12175	12176	12304	12303	12175
9	12176	12177	12305	12304	12176
9	12177	12178	12306	12305	12177
9	12178	12179	12307	12306	12178
9	12179	12180	12308	12307	12179
9	12180	12181	12309	12308	12180
9	12181	12182	12310	12309	12181
9	12182	12183	12311	12310	12182
9	12183	12184	12312	12311	12183
9	12184	12185	12313	12312	12184
9	12185	12186	12314	12313	12185
9	12186	12187	12315	12314	12186
9	12187	12188	12316	12315	12187
9	12188	12189	12317	12316	12188
9	12189	12190	12318	12317	12189
9	12190	12191	12319	12318	12190
9	12191	12192	12320	12319	12191
9	12192	12193	12321	12320	12192
9	12193	12194	12322	12321	12193
9	12194	12195	12323	12322	12194
9	12195	12196	12324	12323	12195
9	12196	12197	12325	12324	12196
9	12197	12198	12326	12325	12197
9	12198	12199	12327	12326	12198
9	12199	12200	12328	12327	12199
9	12200	12201	12329	12328	12200
9	12201	12202	12330	12329	12201
9	12202	12203	12331	12330	12202
9	12203	12204	12332	12331	12203
9	12204	12205	12333	12332	12204
9	12205	12206	12334	12333	12205
9	12206	12207	12335	12334	12206
9	12207	12208	12336	12335	12207
9	12208	12209	12337	12336	12208
9	12209	12210	12338	12337	12209
9	12210	12211	12339	12338	12210
9	12211	12212	12340	12339	12211
9	12212	12213	12341	12340	12212
9	12213	12214	12342	12341	12213
9	12214	12215	12343	12342	12214
9	12215	12216	12344	12343	12215
9	12216	12217	12345	12344	12216
9	12217	12218	12346	12345	12217
9	12218	12219	12347	12346	12218
9	12219	12220	12348	12347	12219
9	12220	12221	12349	12348	12220
9	12221	12222	12350	12349	12221
9	12222	12223	12351	12350	12222
9	12223	12224	12352	12351	12223
9	12224	12225	12353	12352	12224
9	12225	12226	12354	12353	12225
9	12226	12227	12355	12354	12226
9	12227	12228	12356	12355	12227
9	12228	12229	12357	12356	12228
9	12229	12230	12358	12357	12229
9	12230	12231	12359	12358	12230
9	12231	12232	12360	12359	12231
9	12232	12233	12361	12360	12232
9	12233	12234	12362	12361	12233
9	12234	12235	12363	12362	12234
9	12235	12236	12364	12363	12235
9	12236	12237	12365	12364	12236
9	12237	12238	12366	12365	12237
9	12238	12239	12367	12366	12238
9	12239	12240	12368	12367	12239
9	12240	12241	12369	12368	12240
9	12241	12242	12370	12369	12241
9	12242	12243	12371	12370	12242
9	12243	12244	12372	12371	12243
9	12244	12245	12373	12372	12244
9	12245	12246	12374	12373	12245
9	12246	12247	12375	12374	12246
9	12247	12248	12376	12375	12247
9	12248	12249	12377	12376	12248
9	12249	12250	12378	12377	12249
9	12250	12251	12379	12378	12250
9	12251	12252	12380	12379	12251
9	12252	12253	12381	12380	12252
9	12253	12254	12382	12381	12253
9	12254	12255	12383	12382	12254
9	12255	12256	12384	12383	12255
9	12256	12257	12385	12384	12256
9	12257	12258	12386	12385	12257
9	12258	12259	12387	12386	12258
9	12259	12260	12388	12387	12259
9	12260	12261	12389	12388	12260
9	12261	12262	12390	12389	12261
9	12262	12263	12391	12390	12262
9	12263	12264	12392	12391	12263
9	12264	12265	12393	12392	12264
9	12265	12266	12394	12393	12265
9	12266	12267	12395	12394	12266
9	12267	12268	12396	12395	12267
9	12268	12269	12397	12396	12268
9	12269	12270	12398	12397	12269
9	12270	12271	12399	12398	12270
9	12271	12272	12400	12399	12271
9	12272	12273	12401	12400	12272
9	12273	12274	12402	12401	12273
9	12274	12275	12403	12402	12274
9	12275	12276	12404	12403	12275
9	12276	12277	12405	12404	12276
9	12277	12278	12406	12405	12277
9	12278	12279	12407	12406	12278
9	12279	12280	12408	12407	12279
9	12280	12281	12409	12408	12280
9	12281	12282	12410	12409	12281
9	12282	12283	12411	12410	12282
9	12283	12284	12412	12411	12283
9	12284	12285	12413	12412	12284
9	12285	12286	12414	12413	12285
9	12286	12287	12415	12414	12286
9	12287	12160	12288	12415	12287
9	12288	12289	12417	12416	12288
9	12289	12290	12418	12417	12289
9	12290	12291	12419	12418	12290
9	12291	12292	12420	12419	12291
9	12292	12293	12421	12420	12292
9	12293	12294	12422	12421	12293
9	12294	12295	12423	12422	12294
9	12295	12296	12424	12423	12295
9	12296	12297	12425	12424	12296
9	12297	12298	12426	12425	12297
9	12298	12299	12427	12426	12298
9	12299	12300	12428	12427	12299
9	12300	12301	12429	12428	12300
9	12301	12302	12430	12429	12301
9	12302	12303	12431	12430	12302
9	12303	12304	12432	12431	12303
9	12304	12305	12433	12432	12304
9	12305	12306	12434	12433	12305
9	12306	12307	12435	12434	12306
9	12307	12308	12436	12435	12307
9	12308	12309	12437	12436	12308
9	12309	12310	12438	12437	12309
9	12310	12311	12439	12438	12310
9	12311	12312	12440	12439	12311
9	12312	12313	12441	12440	12312
9	12313	12314	12442	12441	12313
9	12314	12315	12443	12442	12314
9	12315	12316	12444	12443	12315
9	12316	12317	12445	12444	12316
9	12317	12318	12446	12445	12317
9	12318	12319	12447	12446	12318
9	12319	12320	12448	12447	12319
9	12320	12321	12449	12448	12320
9	12321	12322	12450	12449	12321
9	12322	12323	12451	12450	12322
9	12323	12324	12452	12451	12323
9	12324	12325	12453	12452	12324
9	12325	12326	12454	12453	12325
9	12326	12327	12455	12454	12326
9	12327	12328	12456	12455	12327
9	12328	12329	12457	12456	12328
9	12329	12330	12458	12457	12329
9	12330	12331	12459	12458	12330
9	12331	12332	12460	12459	12331
9	12332	12333	12461	12460	12332
9	12333	12334	12462	12461	12333
9	12334	12335	12463	12462	12334
9	12335	12336	12464	12463	12335
9	12336	12337	12465	12464	12336
9	12337	12338	12466	12465	12337
9	12338	12339	12467	12466	12338
9	12339	12340	12468	12467	12339
9	12340	12341	12469	12468	12340
9	12341	12342	12470	12469	12341
9	12342	12343	12471	12470	12342
9	12343	12344	12472	12471	12343
9	12344	12345	12473	12472	12344
9	12345	12346	12474	12473	12345
9	12346	12347	12475	12474	12346
9	12347	12348	12476	12475	12347
9	12348	12349	12477	12476	12348
9	12349	12350	12478	12477	12349
9	12350	12351	12479	12478	12350
9	12351	12352	12480	12479	12351
9	12352	12353	12481	12480	12352
9	12353	12354	12482	12481	12353
9	12354	12355	12483	12482	12354
9	12355	12356	12484	12483	12355
9	12356	12357	12485	12484	12356
9	12357	12358	12486	12485	12357
9	12358	12359	12487	12486	12358
9	12359	12360	12488	12487	12359
9	12360	12361	12489	12488	12360
9	12361	12362	12490	12489	12361
9	12362	12363	12491	12490	12362
9	12363	12364	12492	12491	12363
9	12364	12365	12493	12492	12364
9	12365	12366	12494	12493	12365
9	12366	12367	12495	12494	12366
9	12367	12368	12496	12495	12367
9	12368	12369	12497	12496	12368
9	12369	12370	12498	12497	12369
9	12370	12371	12499	12498	12370
9	12371	12372	12500	12499	12371
9	12372	12373	12501	12500	12372
9	12373	12374	12502	12501	12373
9	12374	12375	12503	12502	12374
9	12375	12376	12504	12503	12375
9	12376	12377	12505	12504	12376
9	12377	12378	12506	12505	12377
9	12378	12379	12507	12506	12378
9	12379	12380	12508	12507	12379
9	12380	12381	12509	12508	12380
9	12381	12382	12510	12509	12381
9	12382	12383	12511	12510	12382
9	12383	12384	12512	12511	12383
9	12384	12385	12513	12512	12384
9	12385	12386	12514	12513	12385
9	12386	12387	12515	12514	12386
9	12387	12388	12516	12515	12387
9	12388	12389	12517	12516	12388
9	12389	12390	12518	12517	12389
9	12390	12391	12519	12518	12390
9	12391	12392	12520	12519	12391
9	12392	12393	12521	12520	12392
9	12393	12394	12522	12521	12393
9	12394	12395	12523	12522	12394
9	12395	12396	12524	12523	12395
9	12396	12397	12525	12524	12396
9	12397	12398	12526	12525	12397
9	12398	12399	12527	12526	12398
9	12399	12400	12528	12527	12399
9	12400	12401	12529	12528	12400
9	12401	12402	12530	12529	12401
9	12402	12403	12531	12530	12402
9	12403	12404	12532	12531	12403
9	12404	12405	12533	12532	12404
9	12405	12406	12534	12533	12405
9	12406	12407	12535	12534	12406
9	12407	12408	12536	12535	12407
9	12408	12409	12537	12536	12408
9	12409	12410	12538	12537	12409
9	12410	12411	12539	12538	12410
9	12411	12412	12540	12539	12411
9	12412	12413	12541	12540	12412
9	12413	12414	12542	12541	12413
9	12414	12415	12543	12542	12414
9	12415	12288	12416	12543	12415
9	12416	12417	12545	12544	12416
9	12417	12418	12546	12545	12417
9	12418	12419	12547	12546	12418
9	12419	12420	12548	12547	12419
9	12420	12421	12549	12548	12420
9	12421	12422	12550	12549	12421
9	12422	12423	12551	12550	12422
9	12423	12424	12552	12551	12423
9	12424	12425	12553	12552	12424
9	12425	12426	12554	12553	12425
9	12426	12427	12555	12554	12426
9	12427	12428	12556	12555	12427
9	12428	12429	12557	12556	12428
9	12429	12430	12558	12557	12429
9	12430	12431	12559	12558	12430
9	12431	12432	12560	12559	12431
9	12432	12433	12561	12560	12432
9	12433	12434	12562	12561	12433
9	12434	12435	12563	12562	12434
9	12435	12436	12564	12563	12435
9	12436	12437	12565	12564	12436
9	12437	12438	12566	12565	12437
9	12438	12439	12567	12566	12438
9	12439	12440	12568	12567	12439
9	12440	12441	12569	12568	12440
9	12441	12442	12570	12569	12441
9	12442	12443	12571	12570	12442
9	12443	12444	12572	12571	12443
9	12444	12445	12573	12572	12444
9	12445	12446	12574	12573	12445
9	12446	12447	12575	12574	12446
9	12447	12448	12576	12575	12447
9	12448	12449	12577	12576	12448
9	12449	12450	12578	12577	12449
9	12450	12451	12579	12578	12450
9	12451	12452	12580	12579	12451
9	12452	12453	12581	12580	12452
9	12453	12454	12582	12581	12453
9	12454	12455	12583	12582	12454
9	12455	12456	12584	12583	12455
9	12456	12457	12585	12584	12456
9	12457	12458	12586	12585	12457
9	12458	12459	12587	12586	12458
9	12459	12460	12588	12587	12459
9	12460	12461	12589	12588	12460
9	12461	12462	12590	12589	12461
9	12462	12463	12591	12590	12462
9	12463	12464	12592	12591	12463
9	12464	12465	12593	12592	12464
9	12465	12466	12594	12593	12465
9	12466	12467	12595	12594	12466
9	12467	12468	12596	12595	12467
9	12468	12469	12597	12596	12468
9	12469	12470	12598	12597	12469
9	12470	12471	12599	12598	12470
9	12471	12472	12600	12599	12471
9	12472	12473	12601	12600	12472
9	12473	12474	12602	12601	12473
9	12474	12475	12603	12602	12474
9	12475	12476	12604	12603	12475
9	12476	12477	12605	12604	12476
9	12477	12478	12606	12605	12477
9	12478	12479	12607	12606	12478
9	12479	12480	12608	12607	12479
9	12480	12481	12609	12608	12480
9	12481	12482	12610	12609	12481
9	12482	12483	12611	12610	12482
9	12483	12484	12612	12611	12483
9	12484	12485	12613	12612	12484
9	12485	12486	12614	12613	12485
9	12486	12487	12615	12614	12486
9	12487	12488	12616	12615	12487
9	12488	12489	12617	12616	12488
9	12489	12490	12618	12617	12489
9	12490	12491	12619	12618	12490
9	12491	12492	12620	12619	12491
9	12492	12493	12621	12620	12492
9	12493	12494	12622	12621	12493
9	12494	12495	12623	12622	12494
9	12495	12496	12624	12623	12495
9	12496	12497	12625	12624	12496
9	12497	12498	12626	12625	12497
9	12498	12499	12627	12626	12498
9	12499	12500	12628	12627	12499
9	12500	12501	12629	12628	12500
9	12501	12502	12630	12629	12501
9	12502	12503	12631	12630	12502
9	12503	12504	12632	12631	12503
9	12504	12505	12633	12632	12504
9	12505	12506	12634	12633	12505
9	12506	12507	12635	12634	12506
9	12507	12508	12636	12635	12507
9	12508	12509	12637	12636	12508
9	12509	12510	12638	12637	12509
9	12510	12511	12639	12638	12510
9	12511	12512	12640	12639	12511
9	12512	12513	12641	12640	12512
9	12513	12514	12642	12641	12513
9	12514	12515	12643	12642	12514
9	12515	12516	12644	12643	12515
9	12516	12517	12645	12644	12516
9	12517	12518	12646	12645	12517
9	12518	12519	12647	12646	12518
9	12519	12520	12648	12647	12519
9	12520	12521	12649	12648	12520
9	12521	12522	12650	12649	12521
9	12522	12523	12651	12650	12522
9	12523	12524	12652	12651	12523
9	12524	12525	12653	12652	12524
9	12525	12526	12654	12653	12525
9	12526	12527	12655	12654	12526
9	12527	12528	12656	12655	12527
9	12528	12529	12657	12656	12528
9	12529	12530	12658	12657	12529
9	12530	12531	12659	12658	12530
9	12531	12532	12660	12659	12531
9	12532	12533	12661	12660	12532
9	12533	12534	12662	12661	12533
9	12534	12535	12663	12662	12534
9	12535	12536	12664	12663	12535
9	12536	12537	12665	12664	12536
9	12537	12538	12666	12665	12537
9	12538	12539	12667	12666	12538
9	12539	12540	12668	12667	12539
9	12540	12541	12669	12668	12540
9	12541	12542	12670	12669	12541
9	12542	12543	12671	12670	12542
9	12543	12416	12544	12671	12543
9	12544	12545	12673	12672	12544
9	12545	12546	12674	12673	12545
9	12546	12547	12675	12674	12546
9	12547	12548	12676	12675	12547
9	12548	12549	12677	12676	12548
9	12549	12550	12678	12677	12549
9	12550	12551	12679	12678	12550
9	12551	12552	12680	12679	12551
9	12552	12553	12681	12680	12552
9	12553	12554	12682	12681	12553
9	12554	12555	12683	12682	12554
9	12555	12556	12684	12683	12555
9	12556	12557	12685	12684	12556
9	12557	12558	12686	12685	12557
9	12558	12559	12687	12686	12558
9	12559	12560	12688	12687	12559
9	12560	12561	12689	12688	12560
9	12561	12562	12690	12689	12561
9	12562	12563	12691	12690	12562
9	12563	12564	12692	12691	12563
9	12564	12565	12693	12692	12564
9	12565	12566	12694	12693	12565
9	12566	12567	12695	12694	12566
9	12567	12568	12696	12695	12567
9	12568	12569	12697	12696	12568
9	12569	12570	12698	12697	12569
9	12570	12571	12699	12698	12570
9	12571	12572	12700	12699	12571
9	12572	12573	12701	12700	12572
9	12573	12574	12702	12701	12573
9	12574	12575	12703	12702	12574
9	12575	12576	12704	12703	12575
9	12576	12577	12705	12704	12576
9	12577	12578	12706	12705	12577
9	12578	12579	12707	12706	12578
9	12579	12580	12708	12707	12579
9	12580	12581	12709	12708	12580
9	12581	12582	12710	12709	12581
9	12582	12583	12711	12710	12582
9	12583	12584	12712	12711	12583
9	12584	12585	12713	12712	12584
9	12585	12586	12714	12713	12585
9	12586	12587	12715	12714	12586
9	12587	12588	12716	12715	12587
9	12588	12589	12717	12716	12588
9	12589	12590	12718	12717	12589
9	12590	12591	12719	12718	12590
9	12591	12592	12720	12719	12591
9	12592	12593	12721	12720	12592
9	12593	12594	12722	12721	12593
9	12594	12595	12723	12722	12594
9	12595	12596	12724	12723	12595
9	12596	12597	12725	12724	12596
9	12597	12598	12726	12725	12597
9	12598	12599	12727	12726	12598
9	12599	12600	12728	12727	12599
9	12600	12601	12729	12728	12600
9	12601	12602	12730	12729	12601
9	12602	12603	12731	12730	12602
9	12603	12604	12732	12731	12603
9	12604	12605	12733	12732	12604
9	12605	12606	12734	12733	12605
9	12606	12607	12735	12734	12606
9	12607	12608	12736	12735	12607
9	12608	12609	12737	12736	12608
9	12609	12610	12738	12737	12609
9	12610	12611	12739	12738	12610
9	12611	12612	12740	12739	12611
9	12612	12613	12741	12740	12612
9	12613	12614	12742	12741	12613
9	12614	12615	12743	12742	12614
9	12615	12616	12744	12743	12615
9	12616	12617	12745	12744	12616
9	12617	12618	12746	12745	12617
9	12618	12619	12747	12746	12618
9	12619	12620	12748	12747	12619
9	12620	12621	12749	12748	12620
9	12621	12622	12750	12749	12621
9	12622	12623	12751	12750	12622
9	12623	12624	12752	12751	12623
9	12624	12625	12753	12752	12624
9	12625	12626	12754	12753	12625
9	12626	12627	12755	12754	12626
9	12627	12628	12756	12755	12627
9	12628	12629	12757	12756	12628
9	12629	12630	12758	12757	12629
9	12630	12631	12759	12758	12630
9	12631	12632	12760	12759	12631
9	12632	12633	12761	12760	12632
9	12633	12634	12762	12761	12633
9	12634	12635	12763	12762	12634
9	12635	12636	12764	12763	12635
9	12636	12637	12765	12764	12636
9	12637	12638	12766	12765	12637
9	12638	12639	12767	12766	12638
9	12639	12640	12768	12767	12639
9	12640	12641	12769	12768	12640
9	12641	12642	12770	12769	12641
9	12642	12643	12771	12770	12642
9	12643	12644	12772	12771	12643
9	12644	12645	12773	12772	12644
9	12645	12646	12774	12773	12645
9	12646	12647	12775	12774	12646
9	12647	12648	12776	12775	12647
9	12648	12649	12777	12776	12648
9	12649	12650	12778	12777	12649
9	12650	12651	12779	12778	12650
9	12651	12652	12780	12779	12651
9	12652	12653	12781	12780	12652
9	12653	12654	12782	12781	12653
9	12654	12655	12783	12782	12654
9	12655	12656	12784	12783	12655
9	12656	12657	12785	12784	12656
9	12657	12658	12786	12785	12657
9	12658	12659	12787	12786	12658
9	12659	12660	12788	12787	12659
9	12660	12661	12789	12788	12660
9	12661	12662	12790	12789	12661
9	12662	12663	12791	12790	12662
9	12663	12664	12792	12791	12663
9	12664	12665	12793	12792	12664
9	12665	12666	12794	12793	12665
9	12666	12667	12795	12794	12666
9	12667	12668	12796	12795	12667
9	12668	12669	12797	12796	12668
9	12669	12670	12798	12797	12669
9	12670	12671	12799	12798	12670
9	12671	12544	12672	12799	12671
9	12672	12673	12801	12800	12672
9	12673	12674	12802	12801	12673
9	12674	12675	12803	12802	12674
9	12675	12676	12804	12803	12675
9	12676	12677	12805	12804	12676
9	12677	12678	12806	12805	12677
9	12678	12679	12807	12806	12678
9	12679	12680	12808	12807	12679
9	12680	12681	12809	12808	12680
9	12681	12682	12810	12809	12681
9	12682	12683	12811	12810	12682
9	12683	12684	12812	12811	12683
9	12684	12685	12813	12812	12684
9	12685	12686	12814	12813	12685
9	12686	12687	12815	12814	12686
9	12687	12688	12816	12815	12687
9	12688	12689	12817	12816	12688
9	12689	12690	12818	12817	12689
9	12690	12691	12819	12818	12690
9	12691	12692	12820	12819	12691
9	12692	12693	12821	12820	12692
9	12693	12694	12822	12821	12693
9	12694	12695	12823	12822	12694
9	12695	12696	12824	12823	12695
9	12696	12697	12825	12824	12696
9	12697	12698	12826	12825	12697
9	12698	12699	12827	12826	12698
9	12699	12700	12828	12827	12699
9	12700	12701	12829	12828	12700
9	12701	12702	12830	12829	12701
9	12702	12703	12831	12830	12702
9	12703	12704	12832	12831	12703
9	12704	12705	12833	12832	12704
9	12705	12706	12834	12833	12705
9	12706	12707	12835	12834	12706
9	12707	12708	12836	12835	12707
9	12708	12709	12837	12836	12708
9	12709	12710	12838	12837	12709
9	12710	12711	12839	12838	12710
9	12711	12712	12840	12839	12711
9	12712	12713	12841	12840	12712
9	12713	12714	12842	12841	12713
9	12714	12715	12843	12842	12714
9	12715	12716	12844	12843	12715
9	12716	12717	12845	12844	12716
9	12717	12718	12846	12845	12717
9	12718	12719	12847	12846	12718
9	12719	12720	12848	12847	12719
9	12720	12721	12849	12848	12720
9	12721	12722	12850	12849	12721
9	12722	12723	12851	12850	12722
9	12723	12724	12852	12851	12723
9	12724	12725	12853	12852	12724
9	12725	12726	12854	12853	12725
9	12726	12727	12855	12854	12726
9	12727	12728	12856	12855	12727
9	12728	12729	12857	12856	12728
9	12729	12730	12858	12857	12729
9	12730	12731	12859	12858	12730
9	12731	12732	12860	12859	12731
9	12732	12733	12861	12860	12732
9	12733	12734	12862	12861	12733
9	12734	12735	12863	12862	12734
9	12735	12736	12864	12863	12735
9	12736	12737	12865	12864	12736
9	12737	12738	12866	12865	12737
9	12738	12739	12867	12866	12738
9	12739	12740	12868	12867	12739
9	12740	12741	12869	12868	12740
9	12741	12742	12870	12869	12741
9	12742	12743	12871	12870	12742
9	12743	12744	12872	12871	12743
9	12744	12745	12873	12872	12744
9	12745	12746	12874	12873	12745
9	12746	12747	12875	12874	12746
9	12747	12748	12876	12875	12747
9	12748	12749	12877	12876	12748
9	12749	12750	12878	12877	12749
9	12750	12751	12879	12878	12750
9	12751	12752	12880	12879	12751
9	12752	12753	12881	12880	12752
9	12753	12754	12882	12881	12753
9	12754	12755	12883	12882	12754
9	12755	12756	12884	12883	12755
9	12756	12757	12885	12884	12756
9	12757	12758	12886	12885	12757
9	12758	12759	12887	12886	12758
9	12759	12760	12888	12887	12759
9	12760	12761	12889	12888	12760
9	12761	12762	12890	12889	12761
9	12762	12763	12891	12890	12762
9	12763	12764	12892	12891	12763
9	12764	12765	12893	12892	12764
9	12765	12766	12894	12893	12765
9	12766	12767	12895	12894	12766
9	12767	12768	12896	12895	12767
9	12768	12769	12897	12896	12768
9	12769	12770	12898	12897	12769
9	12770	12771	12899	12898	12770
9	12771	12772	12900	12899	12771
9	12772	12773	12901	12900	12772
9	12773	12774	12902	12901	12773
9	12774	12775	12903	12902	12774
9	12775	12776	12904	12903	12775
9	12776	12777	12905	12904	12776
9	12777	12778	12906	12905	12777
9	12778	12779	12907	12906	12778
9	12779	12780	12908	12907	12779
9	12780	12781	12909	12908	12780
9	12781	12782	12910	12909	12781
9	12782	12783	12911	12910	12782
9	12783	12784	12912	12911	12783
9	12784	12785	12913	12912	12784
9	12785	12786	12914	12913	12785
9	12786	12787	12915	12914	12786
9	12787	12788	12916	12915	12787
9	12788	12789	12917	12916	12788
9	12789	12790	12918	12917	12789
9	12790	12791	12919	12918	12790
9	12791	12792	12920	12919	12791
9	12792	12793	12921	12920	12792
9	12793	12794	12922	12921	12793
9	12794	12795	12923	12922	12794
9	12795	12796	12924	12923	12795
9	12796	12797	12925	12924	12796
9	12797	12798	12926	12925	12797
9	12798	12799	12927	12926	12798
9	12799	12672	12800	12927	12799
9	12800	12801	12929	12928	12800
9	12801	12802	12930	12929	12801
9	12802	12803	12931	12930	12802
9	12803	12804	12932	12931	12803
9	12804	12805	12933	12932	12804
9	12805	12806	12934	12933	12805
9	12806	12807	12935	12934	12806
9	12807	12808	12936	12935	12807
9	12808	12809	12937	12936	12808
9	12809	12810	12938	12937	12809
9	12810	12811	12939	12938	12810
9	12811	12812	12940	12939	12811
9	12812	12813	12941	12940	12812
9	12813	12814	12942	12941	12813
9	12814	12815	12943	12942	12814
9	12815	12816	12944	12943	12815
9	12816	12817	12945	12944	12816
9	12817	12818	12946	12945	12817
9	12818	12819	12947	12946	12818
9	12819	12820	12948	12947	12819
9	12820	12821	12949	12948	12820
9	12821	12822	12950	12949	12821
9	12822	12823	12951	12950	12822
9	12823	12824	12952	12951	12823
9	12824	12825	12953	12952	12824
9	12825	12826	12954	12953	12825
9	12826	12827	12955	12954	12826
9	12827	12828	12956	12955	12827
9	12828	12829	12957	12956	12828
9	12829	12830	12958	12957	12829
9	12830	12831	12959	12958	12830
9	12831	12832	12960	12959	12831
9	12832	12833	12961	12960	12832
9	12833	12834	12962	12961	12833
9	12834	12835	12963	12962	12834
9	12835	12836	12964	12963	12835
9	12836	12837	12965	12964	12836
9	12837	12838	12966	12965	12837
9	12838	12839	12967	12966	12838
9	12839	12840	12968	12967	12839
9	12840	12841	12969	12968	12840
9	12841	12842	12970	12969	12841
9	12842	12843	12971	12970	12842
9	12843	12844	12972	12971	12843
9	12844	12845	12973	12972	12844
9	12845	12846	12974	12973	12845
9	12846	12847	12975	12974	12846
9	12847	12848	12976	12975	12847
9	12848	12849	12977	12976	12848
9	12849	12850	12978	12977	12849
9	12850	12851	12979	12978	12850
9	12851	12852	12980	12979	12851
9	12852	12853	12981	12980	12852
9	12853	12854	12982	12981	12853
9	12854	12855	12983	12982	12854
9	12855	12856	12984	12983	12855
9	12856	12857	12985	12984	12856
9	12857	12858	12986	12985	12857
9	12858	12859	12987	12986	12858
9	12859	12860	12988	12987	12859
9	12860	12861	12989	12988	12860
9	12861	12862	12990	12989	12861
9	12862	12863	12991	12990	12862
9	12863	12864	12992	12991	12863
9	12864	12865	12993	12992	12864
9	12865	12866	12994	12993	12865
9	12866	12867	12995	12994	12866
9	12867	12868	12996	12995	12867
9	12868	12869	12997	12996	12868
9	12869	12870	12998	12997	12869
9	12870	12871	12999	12998	12870
9	12871	12872	13000	12999	12871
9	12872	12873	13001	13000	12872
9	12873	12874	13002	13001	12873
9	12874	12875	13003	13002	12874
9	12875	12876	13004	13003	12875
9	12876	12877	13005	13004	12876
9	12877	12878	13006	13005	12877
9	12878	12879	13007	13006	12878
9	12879	12880	13008	13007	12879
9	12880	12881	13009	13008	12880
9	12881	12882	13010	13009	12881
9	12882	12883	13011	13010	12882
9	12883	12884	13012	13011	12883
9	12884	12885	13013	13012	12884
9	12885	12886	13014	13013	12885
9	12886	12887	13015	13014	12886
9	12887	12888	13016	13015	12887
9	12888	12889	13017	13016	12888
9	12889	12890	13018	13017	12889
9	12890	12891	13019	13018	12890
9	12891	12892	13020	13019	12891
9	12892	12893	13021	13020	12892
9	12893	12894	13022	13021	12893
9	12894	12895	13023	13022	12894
9	12895	12896	13024	13023	12895
9	12896	12897	13025	13024	12896
9	12897	12898	13026	13025	12897
9	12898	12899	13027	13026	12898
9	12899	12900	13028	13027	12899
9	12900	12901	13029	13028	12900
9	12901	12902	13030	13029	12901
9	12902	12903	13031	13030	12902
9	12903	12904	13032	13031	12903
9	12904	12905	13033	13032	12904
9	12905	12906	13034	13033	12905
9	12906	12907	13035	13034	12906
9	12907	12908	13036	13035	12907
9	12908	12909	13037	13036	12908
9	12909	12910	13038	13037	12909
9	12910	12911	13039	13038	12910
9	12911	12912	13040	13039	12911
9	12912	12913	13041	13040	12912
9	12913	12914	13042	13041	12913
9	12914	12915	13043	13042	12914
9	12915	12916	13044	13043	12915
9	12916	12917	13045	13044	12916
9	12917	12918	13046	13045	12917
9	12918	12919	13047	13046	12918
9	12919	12920	13048	13047	12919
9	12920	12921	13049	13048	12920
9	12921	12922	13050	13049	12921
9	12922	12923	13051	13050	12922
9	12923	12924	13052	13051	12923
9	12924	12925	13053	13052	12924
9	12925	12926	13054	13053	12925
9	12926	12927	13055	13054	12926
9	12927	12800	12928	13055	12927
9	12928	12929	13057	13056	12928
9	12929	12930	13058	13057	12929
9	12930	12931	13059	13058	12930
9	12931	12932	13060	13059	12931
9	12932	12933	13061	13060	12932
9	12933	12934	13062	13061	12933
9	12934	12935	13063	13062	12934
9	12935	12936	13064	13063	12935
9	12936	12937	13065	13064	12936
9	12937	12938	13066	13065	12937
9	12938	12939	13067	13066	12938
9	12939	12940	13068	13067	12939
9	12940	12941	13069	13068	12940
9	12941	12942	13070	13069	12941
9	12942	12943	13071	13070	12942
9	12943	12944	13072	13071	12943
9	12944	12945	13073	13072	12944
9	12945	12946	13074	13073	12945
9	12946	12947	13075	13074	12946
9	12947	12948	13076	13075	12947
9	12948	12949	13077	13076	12948
9	12949	12950	13078	13077	12949
9	12950	12951	13079	13078	12950
9	12951	12952	13080	13079	12951
9	12952	12953	13081	13080	12952
9	12953	12954	13082	13081	12953
9	12954	12955	13083	13082	12954
9	12955	12956	13084	13083	12955
9	12956	12957	13085	13084	12956
9	12957	12958	13086	13085	12957
9	12958	12959	13087	13086	12958
9	12959	12960	13088	13087	12959
9	12960	12961	13089	13088	12960
9	12961	12962	13090	13089	12961
9	12962	12963	13091	13090	12962
9	12963	12964	13092	13091	12963
9	12964	12965	13093	13092	12964
9	12965	12966	13094	13093	12965
9	12966	12967	13095	13094	12966
9	12967	12968	13096	13095	12967
9	12968	12969	13097	13096	12968
9	12969	12970	13098	13097	12969
9	12970	12971	13099	13098	12970
9	12971	12972	13100	13099	12971
9	12972	12973	13101	13100	12972
9	12973	12974	13102	13101	12973
9	12974	12975	13103	13102	12974
9	12975	12976	13104	13103	12975
9	12976	12977	13105	13104	12976
9	12977	12978	13106	13105	12977
9	12978	12979	13107	13106	12978
9	12979	12980	13108	13107	12979
9	12980	12981	13109	13108	12980
9	12981	12982	13110	13109	12981
9	12982	12983	13111	13110	12982
9	12983	12984	13112	13111	12983
9	12984	12985	13113	13112	12984
9	12985	12986	13114	13113	12985
9	12986	12987	13115	13114	12986
9	12987	12988	13116	13115	12987
9	12988	12989	13117	13116	12988
9	12989	12990	13118	13117	12989
9	12990	12991	13119	13118	12990
9	12991	12992	13120	13119	12991
9	12992	12993	13121	13120	12992
9	12993	12994	13122	13121	12993
9	12994	12995	13123	13122	12994
9	12995	12996	13124	13123	12995
9	12996	12997	13125	13124	12996
9	12997	12998	13126	13125	12997
9	12998	12999	13127	13126	12998
9	12999	13000	13128	13127	12999
9	13000	13001	13129	13128	13000
9	13001	13002	13130	13129	13001
9	13002	13003	13131	13130	13002
9	13003	13004	13132	13131	13003
9	13004	13005	13133	13132	13004
9	13005	13006	13134	13133	13005
9	13006	13007	13135	13134	13006
9	13007	13008	13136	13135	13007
9	13008	13009	13137	13136	13008
9	13009	13010	13138	13137	13009
9	13010	13011	13139	13138	13010
9	13011	13012	13140	13139	13011
9	13012	13013	13141	13140	13012
9	13013	13014	13142	13141	13013
9	13014	13015	13143	13142	13014
9	13015	13016	13144	13143	13015
9	13016	13017	13145	13144	13016
9	13017	13018	13146	13145	13017
9	13018	13019	13147	13146	13018
9	13019	13020	13148	13147	13019
9	13020	13021	13149	13148	13020
9	13021	13022	13150	13149	13021
9	13022	13023	13151	13150	13022
9	13023	13024	13152	13151	13023
9	13024	13025	13153	13152	13024
9	13025	13026	13154	13153	13025
9	13026	13027	13155	13154	13026
9	13027	13028	13156	13155	13027
9	13028	13029	13157	13156	13028
9	13029	13030	13158	13157	13029
9	13030	13031	13159	13158	13030
9	13031	13032	13160	13159	13031
9	13032	13033	13161	13160	13032
9	13033	13034	13162	13161	13033
9	13034	13035	13163	13162	13034
9	13035	13036	13164	13163	13035
9	13036	13037	13165	13164	13036
9	13037	13038	13166	13165	13037
9	13038	13039	13167	13166	13038
9	13039	13040	13168	13167	13039
9	13040	13041	13169	13168	13040
9	13041	13042	13170	13169	13041
9	13042	13043	13171	13170	13042
9	13043	13044	13172	13171	13043
9	13044	13045	13173	13172	13044
9	13045	13046	13174	13173	13045
9	13046	13047	13175	13174	13046
9	13047	13048	13176	13175	13047
9	13048	13049	13177	13176	13048
9	13049	13050	13178	13177	13049
9	13050	13051	13179	13178	13050
9	13051	13052	13180	13179	13051
9	13052	13053	13181	13180	13052
9	13053	13054	13182	13181	13053
9	13054	13055	13183	13182	13054
9	13055	12928	13056	13183	13055
9	13056	13057	13185	13184	13056
9	13057	13058	13186	13185	13057
9	13058	13059	13187	13186	13058
9	13059	13060	13188	13187	13059
9	13060	13061	13189	13188	13060
9	13061	13062	13190	13189	13061
9	13062	13063	13191	13190	13062
9	13063	13064	13192	13191	13063
9	13064	13065	13193	13192	13064
9	13065	13066	13194	13193	13065
9	13066	13067	13195	13194	13066
9	13067	13068	13196	13195	13067
9	13068	13069	13197	13196	13068
9	13069	13070	13198	13197	13069
9	13070	13071	13199	13198	13070
9	13071	13072	13200	13199	13071
9	13072	13073	13201	13200	13072
9	13073	13074	13202	13201	13073
9	13074	13075	13203	13202	13074
9	13075	13076	13204	13203	13075
9	13076	13077	13205	13204	13076
9	13077	13078	13206	13205	13077
9	13078	13079	13207	13206	13078
9	13079	13080	13208	13207	13079
9	13080	13081	13209	13208	13080
9	13081	13082	13210	13209	13081
9	13082	13083	13211	13210	13082
9	13083	13084	13212	13211	13083
9	13084	13085	13213	13212	13084
9	13085	13086	13214	13213	13085
9	13086	13087	13215	13214	13086
9	13087	13088	13216	13215	13087
9	13088	13089	13217	13216	13088
9	13089	13090	13218	13217	13089
9	13090	13091	13219	13218	13090
9	13091	13092	13220	13219	13091
9	13092	13093	13221	13220	13092
9	13093	13094	13222	13221	13093
9	13094	13095	13223	13222	13094
9	13095	13096	13224	13223	13095
9	13096	13097	13225	13224	13096
9	13097	13098	13226	13225	13097
9	13098	13099	13227	13226	13098
9	13099	13100	13228	13227	13099
9	13100	13101	13229	13228	13100
9	13101	13102	13230	13229	13101
9	13102	13103	13231	13230	13102
9	13103	13104	13232	13231	13103
9	13104	13105	13233	13232	13104
9	13105	13106	13234	13233	13105
9	13106	13107	13235	13234	13106
9	13107	13108	13236	13235	13107
9	13108	13109	13237	13236	13108
9	13109	13110	13238	13237	13109
9	13110	13111	13239	13238	13110
9	13111	13112	13240	13239	13111
9	13112	13113	13241	13240	13112
9	13113	13114	13242	13241	13113
9	13114	13115	13243	13242	13114
9	13115	13116	13244	13243	13115
9	13116	13117	13245	13244	13116
9	13117	13118	13246	13245	13117
9	13118	13119	13247	13246	13118
9	13119	13120	13248	13247	13119
9	13120	13121	13249	13248	13120
9	13121	13122	13250	13249	13121
9	13122	13123	13251	13250	13122
9	13123	13124	13252	13251	13123
9	13124	13125	13253	13252	13124
9	13125	13126	13254	13253	13125
9	13126	13127	13255	13254	13126
9	13127	13128	13256	13255	13127
9	13128	13129	13257	13256	13128
9	13129	13130	13258	13257	13129
9	13130	13131	13259	13258	13130
9	13131	13132	13260	13259	13131
9	13132	13133	13261	13260	13132
9	13133	13134	13262	13261	13133
9	13134	13135	13263	13262	13134
9	13135	13136	13264	13263	13135
9	13136	13137	13265	13264	13136
9	13137	13138	13266	13265	13137
9	13138	13139	13267	13266	13138
9	13139	13140	13268	13267	13139
9	13140	13141	13269	13268	13140
9	13141	13142	13270	13269	13141
9	13142	13143	13271	13270	13142
9	13143	13144	13272	13271	13143
9	13144	13145	13273	13272	13144
9	13145	13146	13274	13273	13145
9	13146	13147	13275	13274	13146
9	13147	13148	13276	13275	13147
9	13148	13149	13277	13276	13148
9	13149	13150	13278	13277	13149
9	13150	13151	13279	13278	13150
9	13151	13152	13280	13279	13151
9	13152	13153	13281	13280	13152
9	13153	13154	13282	13281	13153
9	13154	13155	13283	13282	13154
9	13155	13156	13284	13283	13155
9	13156	13157	13285	13284	13156
9	13157	13158	13286	13285	13157
9	13158	13159	13287	13286	13158
9	13159	13160	13288	13287	13159
9	13160	13161	13289	13288	13160
9	13161	13162	13290	13289	13161
9	13162	13163	13291	13290	13162
9	13163	13164	13292	13291	13163
9	13164	13165	13293	13292	13164
9	13165	13166	13294	13293	13165
9	13166	13167	13295	13294	13166
9	13167	13168	13296	13295	13167
9	13168	13169	13297	13296	13168
9	13169	13170	13298	13297	13169
9	13170	13171	13299	13298	13170
9	13171	13172	13300	13299	13171
9	13172	13173	13301	13300	13172
9	13173	13174	13302	13301	13173
9	13174	13175	13303	13302	13174
9	13175	13176	13304	13303	13175
9	13176	13177	13305	13304	13176
9	13177	13178	13306	13305	13177
9	13178	13179	13307	13306	13178
9	13179	13180	13308	13307	13179
9	13180	13181	13309	13308	13180
9	13181	13182	13310	13309	13181
9	13182	13183	13311	13310	13182
9	13183	13056	13184	13311	13183
9	13184	13185	13313	13312	13184
9	13185	13186	13314	13313	13185
9	13186	13187	13315	13314	13186
9	13187	13188	13316	13315	13187
9	13188	13189	13317	13316	13188
9	13189	13190	13318	13317	13189
9	13190	13191	13319	13318	13190
9	13191	13192	13320	13319	13191
9	13192	13193	13321	13320	13192
9	13193	13194	13322	13321	13193
9	13194	13195	13323	13322	13194
9	13195	13196	13324	13323	13195
9	13196	13197	13325	13324	13196
9	13197	13198	13326	13325	13197
9	13198	13199	13327	13326	13198
9	13199	13200	13328	13327	13199
9	13200	13201	13329	13328	13200
9	13201	13202	13330	13329	13201
9	13202	13203	13331	13330	13202
9	13203	13204	13332	13331	13203
9	13204	13205	13333	13332	13204
9	13205	13206	13334	13333	13205
9	13206	13207	13335	13334	13206
9	13207	13208	13336	13335	13207
9	13208	13209	13337	13336	13208
9	13209	13210	13338	13337	13209
9	13210	13211	13339	13338	13210
9	13211	13212	13340	13339	13211
9	13212	13213	13341	13340	13212
9	13213	13214	13342	13341	13213
9	13214	13215	13343	13342	13214
9	13215	13216	13344	13343	13215
9	13216	13217	13345	13344	13216
9	13217	13218	13346	13345	13217
9	13218	13219	13347	13346	13218
9	13219	13220	13348	13347	13219
9	13220	13221	13349	13348	13220
9	13221	13222	13350	13349	13221
9	13222	13223	13351	13350	13222
9	13223	13224	13352	13351	13223
9	13224	13225	13353	13352	13224
9	13225	13226	13354	13353	13225
9	13226	13227	13355	13354	13226
9	13227	13228	13356	13355	13227
9	13228	13229	13357	13356	13228
9	13229	13230	13358	13357	13229
9	13230	13231	13359	13358	13230
9	13231	13232	13360	13359	13231
9	13232	13233	13361	13360	13232
9	13233	13234	13362	13361	13233
9	13234	13235	13363	13362	13234
9	13235	13236	13364	13363	13235
9	13236	13237	13365	13364	13236
9	13237	13238	13366	13365	13237
9	13238	13239	13367	13366	13238
9	13239	13240	13368	13367	13239
9	13240	13241	13369	13368	13240
9	13241	13242	13370	13369	13241
9	13242	13243	13371	13370	13242
9	13243	13244	13372	13371	13243
9	13244	13245	13373	13372	13244
9	13245	13246	13374	13373	13245
9	13246	13247	13375	13374	13246
9	13247	13248	13376	13375	13247
9	13248	13249	13377	13376	13248
9	13249	13250	13378	13377	13249
9	13250	13251	13379	13378	13250
9	13251	13252	13380	13379	13251
9	13252	13253	13381	13380	13252
9	13253	13254	13382	13381	13253
9	13254	13255	13383	13382	13254
9	13255	13256	13384	13383	13255
9	13256	13257	13385	13384	13256
9	13257	13258	13386	13385	13257
9	13258	13259	13387	13386	13258
9	13259	13260	13388	13387	13259
9	13260	13261	13389	13388	13260
9	13261	13262	13390	13389	13261
9	13262	13263	13391	13390	13262
9	13263	13264	13392	13391	13263
9	13264	13265	13393	13392	13264
9	13265	13266	13394	13393	13265
9	13266	13267	13395	13394	13266
9	13267	13268	13396	13395	13267
9	13268	13269	13397	13396	13268
9	13269	13270	13398	13397	13269
9	13270	13271	13399	13398	13270
9	13271	13272	13400	13399	13271
9	13272	13273	13401	13400	13272
9	13273	13274	13402	13401	13273
9	13274	13275	13403	13402	13274
9	13275	13276	13404	13403	13275
9	13276	13277	13405	13404	13276
9	13277	13278	13406	13405	13277
9	13278	13279	13407	13406	13278
9	13279	13280	13408	13407	13279
9	13280	13281	13409	13408	13280
9	13281	13282	13410	13409	13281
9	13282	13283	13411	13410	13282
9	13283	13284	13412	13411	13283
9	13284	13285	13413	13412	13284
9	13285	13286	13414	13413	13285
9	13286	13287	13415	13414	13286
9	13287	13288	13416	13415	13287
9	13288	13289	13417	13416	13288
9	13289	13290	13418	13417	13289
9	13290	13291	13419	13418	13290
9	13291	13292	13420	13419	13291
9	13292	13293	13421	13420	13292
9	13293	13294	13422	13421	13293
9	13294	13295	13423	13422	13294
9	13295	13296	13424	13423	13295
9	13296	13297	13425	13424	13296
9	13297	13298	13426	13425	13297
9	13298	13299	13427	13426	13298
9	13299	13300	13428	13427	13299
9	13300	13301	13429	13428	13300
9	13301	13302	13430	13429	13301
9	13302	13303	13431	13430	13302
9	13303	13304	13432	13431	13303
9	13304	13305	13433	13432	13304
9	13305	13306	13434	13433	13305
9	13306	13307	13435	13434	13306
9	13307	13308	13436	13435	13307
9	13308	13309	13437	13436	13308
9	13309	13310	13438	13437	13309
9	13310	13311	13439	13438	13310
9	13311	13184	13312	13439	13311
9	13312	13313	13441	13440	13312
9	13313	13314	13442	13441	13313
9	13314	13315	13443	13442	13314
9	13315	13316	13444	13443	13315
9	13316	13317	13445	13444	13316
9	13317	13318	13446	13445	13317
9	13318	13319	13447	13446	13318
9	13319	13320	13448	13447	13319
9	13320	13321	13449	13448	13320
9	13321	13322	13450	13449	13321
9	13322	13323	13451	13450	13322
9	13323	13324	13452	13451	13323
9	13324	13325	13453	13452	13324
9	13325	13326	13454	13453	13325
9	13326	13327	13455	13454	13326
9	13327	13328	13456	13455	13327
9	13328	13329	13457	13456	13328
9	13329	13330	13458	13457	13329
9	13330	13331	13459	13458	13330
9	13331	13332	13460	13459	13331
9	13332	13333	13461	13460	13332
9	13333	13334	13462	13461	13333
9	13334	13335	13463	13462	13334
9	13335	13336	13464	13463	13335
9	13336	13337	13465	13464	13336
9	13337	13338	13466	13465	13337
9	13338	13339	13467	13466	13338
9	13339	13340	13468	13467	13339
9	13340	13341	13469	13468	13340
9	13341	13342	13470	13469	13341
9	13342	13343	13471	13470	13342
9	13343	13344	13472	13471	13343
9	13344	13345	13473	13472	13344
9	13345	13346	13474	13473	13345
9	13346	13347	13475	13474	13346
9	13347	13348	13476	13475	13347
9	13348	13349	13477	13476	13348
9	13349	13350	13478	13477	13349
9	13350	13351	13479	13478	13350
9	13351	13352	13480	13479	13351
9	13352	13353	13481	13480	13352
9	13353	13354	13482	13481	13353
9	13354	13355	13483	13482	13354
9	13355	13356	13484	13483	13355
9	13356	13357	13485	13484	13356
9	13357	13358	13486	13485	13357
9	13358	13359	13487	13486	13358
9	13359	13360	13488	13487	13359
9	13360	13361	13489	13488	13360
9	13361	13362	13490	13489	13361
9	13362	13363	13491	13490	13362
9	13363	13364	13492	13491	13363
9	13364	13365	13493	13492	13364
9	13365	13366	13494	13493	13365
9	13366	13367	13495	13494	13366
9	13367	13368	13496	13495	13367
9	13368	13369	13497	13496	13368
9	13369	13370	13498	13497	13369
9	13370	13371	13499	13498	13370
9	13371	13372	13500	13499	13371
9	13372	13373	13501	13500	13372
9	13373	13374	13502	13501	13373
9	13374	13375	13503	13502	13374
9	13375	13376	13504	13503	13375
9	13376	13377	13505	13504	13376
9	13377	13378	13506	13505	13377
9	13378	13379	13507	13506	13378
9	13379	13380	13508	13507	13379
9	13380	13381	13509	13508	13380
9	13381	13382	13510	13509	13381
9	13382	13383	13511	13510	13382
9	13383	13384	13512	13511	13383
9	13384	13385	13513	13512	13384
9	13385	13386	13514	13513	13385
9	13386	13387	13515	13514	13386
9	13387	13388	13516	13515	13387
9	13388	13389	13517	13516	13388
9	13389	13390	13518	13517	13389
9	13390	13391	13519	13518	13390
9	13391	13392	13520	13519	13391
9	13392	13393	13521	13520	13392
9	13393	13394	13522	13521	13393
9	13394	13395	13523	13522	13394
9	13395	13396	13524	13523	13395
9	13396	13397	13525	13524	13396
9	13397	13398	13526	13525	13397
9	13398	13399	13527	13526	13398
9	13399	13400	13528	13527	13399
9	13400	13401	13529	13528	13400
9	13401	13402	13530	13529	13401
9	13402	13403	13531	13530	13402
9	13403	13404	13532	13531	13403
9	13404	13405	13533	13532	13404
9	13405	13406	13534	13533	13405
9	13406	13407	13535	13534	13406
9	13407	13408	13536	13535	13407
9	13408	13409	13537	13536	13408
9	13409	13410	13538	13537	13409
9	13410	13411	13539	13538	13410
9	13411	13412	13540	13539	13411
9	13412	13413	13541	13540	13412
9	13413	13414	13542	13541	13413
9	13414	13415	13543	13542	13414
9	13415	13416	13544	13543	13415
9	13416	13417	13545	13544	13416
9	13417	13418	13546	13545	13417
9	13418	13419	13547	13546	13418
9	13419	13420	13548	13547	13419
9	13420	13421	13549	13548	13420
9	13421	13422	13550	13549	13421
9	13422	13423	13551	13550	13422
9	13423	13424	13552	13551	13423
9	13424	13425	13553	13552	13424
9	13425	13426	13554	13553	13425
9	13426	13427	13555	13554	13426
9	13427	13428	13556	13555	13427
9	13428	13429	13557	13556	13428
9	13429	13430	13558	13557	13429
9	13430	13431	13559	13558	13430
9	13431	13432	13560	13559	13431
9	13432	13433	13561	13560	13432
9	13433	13434	13562	13561	13433
9	13434	13435	13563	13562	13434
9	13435	13436	13564	13563	13435
9	13436	13437	13565	13564	13436
9	13437	13438	13566	13565	13437
9	13438	13439	13567	13566	13438
9	13439	13312	13440	13567	13439
9	13440	13441	13569	13568	13440
9	13441	13442	13570	13569	13441
9	13442	13443	13571	13570	13442
9	13443	13444	13572	13571	13443
9	13444	13445	13573	13572	13444
9	13445	13446	13574	13573	13445
9	13446	13447	13575	13574	13446
9	13447	13448	13576	13575	13447
9	13448	13449	13577	13576	13448
9	13449	13450	13578	13577	13449
9	13450	13451	13579	13578	13450
9	13451	13452	13580	13579	13451
9	13452	13453	13581	13580	13452
9	13453	13454	13582	13581	13453
9	13454	13455	13583	13582	13454
9	13455	13456	13584	13583	13455
9	13456	13457	13585	13584	13456
9	13457	13458	13586	13585	13457
9	13458	13459	13587	13586	13458
9	13459	13460	13588	13587	13459
9	13460	13461	13589	13588	13460
9	13461	13462	13590	13589	13461
9	13462	13463	13591	13590	13462
9	13463	13464	13592	13591	13463
9	13464	13465	13593	13592	13464
9	13465	13466	13594	13593	13465
9	13466	13467	13595	13594	13466
9	13467	13468	13596	13595	13467
9	13468	13469	13597	13596	13468
9	13469	13470	13598	13597	13469
9	13470	13471	13599	13598	13470
9	13471	13472	13600	13599	13471
9	13472	13473	13601	13600	13472
9	13473	13474	13602	13601	13473
9	13474	13475	13603	13602	13474
9	13475	13476	13604	13603	13475
9	13476	13477	13605	13604	13476
9	13477	13478	13606	13605	13477
9	13478	13479	13607	13606	13478
9	13479	13480	13608	13607	13479
9	13480	13481	13609	13608	13480
9	13481	13482	13610	13609	13481
9	13482	13483	13611	13610	13482
9	13483	13484	13612	13611	13483
9	13484	13485	13613	13612	13484
9	13485	13486	13614	13613	13485
9	13486	13487	13615	13614	13486
9	13487	13488	13616	13615	13487
9	13488	13489	13617	13616	13488
9	13489	13490	13618	13617	13489
9	13490	13491	13619	13618	13490
9	13491	13492	13620	13619	13491
9	13492	13493	13621	13620	13492
9	13493	13494	13622	13621	13493
9	13494	13495	13623	13622	13494
9	13495	13496	13624	13623	13495
9	13496	13497	13625	13624	13496
9	13497	13498	13626	13625	13497
9	13498	13499	13627	13626	13498
9	13499	13500	13628	13627	13499
9	13500	13501	13629	13628	13500
9	13501	13502	13630	13629	13501
9	13502	13503	13631	13630	13502
9	13503	13504	13632	13631	13503
9	13504	13505	13633	13632	13504
9	13505	13506	13634	13633	13505
9	13506	13507	13635	13634	13506
9	13507	13508	13636	13635	13507
9	13508	13509	13637	13636	13508
9	13509	13510	13638	13637	13509
9	13510	13511	13639	13638	13510
9	13511	13512	13640	13639	13511
9	13512	13513	13641	13640	13512
9	13513	13514	13642	13641	13513
9	13514	13515	13643	13642	13514
9	13515	13516	13644	13643	13515
9	13516	13517	13645	13644	13516
9	13517	13518	13646	13645	13517
9	13518	13519	13647	13646	13518
9	13519	13520	13648	13647	13519
9	13520	13521	13649	13648	13520
9	13521	13522	13650	13649	13521
9	13522	13523	13651	13650	13522
9	13523	13524	13652	13651	13523
9	13524	13525	13653	13652	13524
9	13525	13526	13654	13653	13525
9	13526	13527	13655	13654	13526
9	13527	13528	13656	13655	13527
9	13528	13529	13657	13656	13528
9	13529	13530	13658	13657	13529
9	13530	13531	13659	13658	13530
9	13531	13532	13660	13659	13531
9	13532	13533	13661	13660	13532
9	13533	13534	13662	13661	13533
9	13534	13535	13663	13662	13534
9	13535	13536	13664	13663	13535
9	13536	13537	13665	13664	13536
9	13537	13538	13666	13665	13537
9	13538	13539	13667	13666	13538
9	13539	13540	13668	13667	13539
9	13540	13541	13669	13668	13540
9	13541	13542	13670	13669	13541
9	13542	13543	13671	13670	13542
9	13543	13544	13672	13671	13543
9	13544	13545	13673	13672	13544
9	13545	13546	13674	13673	13545
9	13546	13547	13675	13674	13546
9	13547	13548	13676	13675	13547
9	13548	13549	13677	13676	13548
9	13549	13550	13678	13677	13549
9	13550	13551	13679	13678	13550
9	13551	13552	13680	13679	13551
9	13552	13553	13681	13680	13552
9	13553	13554	13682	13681	13553
9	13554	13555	13683	13682	13554
9	13555	13556	13684	13683	13555
9	13556	13557	13685	13684	13556
9	13557	13558	13686	13685	13557
9	13558	13559	13687	13686	13558
9	13559	13560	13688	13687	13559
9	13560	13561	13689	13688	13560
9	13561	13562	13690	13689	13561
9	13562	13563	13691	13690	13562
9	13563	13564	13692	13691	13563
9	13564	13565	13693	13692	13564
9	13565	13566	13694	13693	13565
9	13566	13567	13695	13694	13566
9	13567	13440	13568	13695	13567
9	13568	13569	13697	13696	13568
9	13569	13570	13698	13697	13569
9	13570	13571	13699	13698	13570
9	13571	13572	13700	13699	13571
9	13572	13573	13701	13700	13572
9	13573	13574	13702	13701	13573
9	13574	13575	13703	13702	13574
9	13575	13576	13704	13703	13575
9	13576	13577	13705	13704	13576
9	13577	13578	13706	13705	13577
9	13578	13579	13707	13706	13578
9	13579	13580	13708	13707	13579
9	13580	13581	13709	13708	13580
9	13581	13582	13710	13709	13581
9	13582	13583	13711	13710	13582
9	13583	13584	13712	13711	13583
9	13584	13585	13713	13712	13584
9	13585	13586	13714	13713	13585
9	13586	13587	13715	13714	13586
9	13587	13588	13716	13715	13587
9	13588	13589	13717	13716	13588
9	13589	13590	13718	13717	13589
9	13590	13591	13719	13718	13590
9	13591	13592	13720	13719	13591
9	13592	13593	13721	13720	13592
9	13593	13594	13722	13721	13593
9	13594	13595	13723	13722	13594
9	13595	13596	13724	13723	13595
9	13596	13597	13725	13724	13596
9	13597	13598	13726	13725	13597
9	13598	13599	13727	13726	13598
9	13599	13600	13728	13727	13599
9	13600	13601	13729	13728	13600
9	13601	13602	13730	13729	13601
9	13602	13603	13731	13730	13602
9	13603	13604	13732	13731	13603
9	13604	13605	13733	13732	13604
9	13605	13606	13734	13733	13605
9	13606	13607	13735	13734	13606
9	13607	13608	13736	13735	13607
9	13608	13609	13737	13736	13608
9	13609	13610	13738	13737	13609
9	13610	13611	13739	13738	13610
9	13611	13612	13740	13739	13611
9	13612	13613	13741	13740	13612
9	13613	13614	13742	13741	13613
9	13614	13615	13743	13742	13614
9	13615	13616	13744	13743	13615
9	13616	13617	13745	13744	13616
9	13617	13618	13746	13745	13617
9	13618	13619	13747	13746	13618
9	13619	13620	13748	13747	13619
9	13620	13621	13749	13748	13620
9	13621	13622	13750	13749	13621
9	13622	13623	13751	13750	13622
9	13623	13624	13752	13751	13623
9	13624	13625	13753	13752	13624
9	13625	13626	13754	13753	13625
9	13626	13627	13755	13754	13626
9	13627	13628	13756	13755	13627
9	13628	13629	13757	13756	13628
9	13629	13630	13758	13757	13629
9	13630	13631	13759	13758	13630
9	13631	13632	13760	13759	13631
9	13632	13633	13761	13760	13632
9	13633	13634	13762	13761	13633
9	13634	13635	13763	13762	13634
9	13635	13636	13764	13763	13635
9	13636	13637	13765	13764	13636
9	13637	13638	13766	13765	13637
9	13638	13639	13767	13766	13638
9	13639	13640	13768	13767	13639
9	13640	13641	13769	13768	13640
9	13641	13642	13770	13769	13641
9	13642	13643	13771	13770	13642
9	13643	13644	13772	13771	13643
9	13644	13645	13773	13772	13644
9	13645	13646	13774	13773	13645
9	13646	13647	13775	13774	13646
9	13647	13648	13776	13775	13647
9	13648	13649	13777	13776	13648
9	13649	13650	13778	13777	13649
9	13650	13651	13779	13778	13650
9	13651	13652	13780	13779	13651
9	13652	13653	13781	13780	13652
9	13653	13654	13782	13781	13653
9	13654	13655	13783	13782	13654
9	13655	13656	13784	13783	13655
9	13656	13657	13785	13784	13656
9	13657	13658	13786	13785	13657
9	13658	13659	13787	13786	13658
9	13659	13660	13788	13787	13659
9	13660	13661	13789	13788	13660
9	13661	13662	13790	13789	13661
9	13662	13663	13791	13790	13662
9	13663	13664	13792	13791	13663
9	13664	13665	13793	13792	13664
9	13665	13666	13794	13793	13665
9	13666	13667	13795	13794	13666
9	13667	13668	13796	13795	13667
9	13668	13669	13797	13796	13668
9	13669	13670	13798	13797	13669
9	13670	13671	13799	13798	13670
9	13671	13672	13800	13799	13671
9	13672	13673	13801	13800	13672
9	13673	13674	13802	13801	13673
9	13674	13675	13803	13802	13674
9	13675	13676	13804	13803	13675
9	13676	13677	13805	13804	13676
9	13677	13678	13806	13805	13677
9	13678	13679	13807	13806	13678
9	13679	13680	13808	13807	13679
9	13680	13681	13809	13808	13680
9	13681	13682	13810	13809	13681
9	13682	13683	13811	13810	13682
9	13683	13684	13812	13811	13683
9	13684	13685	13813	13812	13684
9	13685	13686	13814	13813	13685
9	13686	13687	13815	13814	13686
9	13687	13688	13816	13815	13687
9	13688	13689	13817	13816	13688
9	13689	13690	13818	13817	13689
9	13690	13691	13819	13818	13690
9	13691	13692	13820	13819	13691
9	13692	13693	13821	13820	13692
9	13693	13694	13822	13821	13693
9	13694	13695	13823	13822	13694
9	13695	13568	13696	13823	13695
9	13696	13697	13825	13824	13696
9	13697	13698	13826	13825	13697
9	13698	13699	13827	13826	13698
9	13699	13700	13828	13827	13699
9	13700	13701	13829	13828	13700
9	13701	13702	13830	13829	13701
9	13702	13703	13831	13830	13702
9	13703	13704	13832	13831	13703
9	13704	13705	13833	13832	13704
9	13705	13706	13834	13833	13705
9	13706	13707	13835	13834	13706
9	13707	13708	13836	13835	13707
9	13708	13709	13837	13836	13708
9	13709	13710	13838	13837	13709
9	13710	13711	13839	13838	13710
9	13711	13712	13840	13839	13711
9	13712	13713	13841	13840	13712
9	13713	13714	13842	13841	13713
9	13714	13715	13843	13842	13714
9	13715	13716	13844	13843	13715
9	13716	13717	13845	13844	13716
9	13717	13718	13846	13845	13717
9	13718	13719	13847	13846	13718
9	13719	13720	13848	13847	13719
9	13720	13721	13849	13848	13720
9	13721	13722	13850	13849	13721
9	13722	13723	13851	13850	13722
9	13723	13724	13852	13851	13723
9	13724	13725	13853	13852	13724
9	13725	13726	13854	13853	13725
9	13726	13727	13855	13854	13726
9	13727	13728	13856	13855	13727
9	13728	13729	13857	13856	13728
9	13729	13730	13858	13857	13729
9	13730	13731	13859	13858	13730
9	13731	13732	13860	13859	13731
9	13732	13733	13861	13860	13732
9	13733	13734	13862	13861	13733
9	13734	13735	13863	13862	13734
9	13735	13736	13864	13863	13735
9	13736	13737	13865	13864	13736
9	13737	13738	13866	13865	13737
9	13738	13739	13867	13866	13738
9	13739	13740	13868	13867	13739
9	13740	13741	13869	13868	13740
9	13741	13742	13870	13869	13741
9	13742	13743	13871	13870	13742
9	13743	13744	13872	13871	13743
9	13744	13745	13873	13872	13744
9	13745	13746	13874	13873	13745
9	13746	13747	13875	13874	13746
9	13747	13748	13876	13875	13747
9	13748	13749	13877	13876	13748
9	13749	13750	13878	13877	13749
9	13750	13751	13879	13878	13750
9	13751	13752	13880	13879	13751
9	13752	13753	13881	13880	13752
9	13753	13754	13882	13881	13753
9	13754	13755	13883	13882	13754
9	13755	13756	13884	13883	13755
9	13756	13757	13885	13884	13756
9	13757	13758	13886	13885	13757
9	13758	13759	13887	13886	13758
9	13759	13760	13888	13887	13759
9	13760	13761	13889	13888	13760
9	13761	13762	13890	13889	13761
9	13762	13763	13891	13890	13762
9	13763	13764	13892	13891	13763
9	13764	13765	13893	13892	13764
9	13765	13766	13894	13893	13765
9	13766	13767	13895	13894	13766
9	13767	13768	13896	13895	13767
9	13768	13769	13897	13896	13768
9	13769	13770	13898	13897	13769
9	13770	13771	13899	13898	13770
9	13771	13772	13900	13899	13771
9	13772	13773	13901	13900	13772
9	13773	13774	13902	13901	13773
9	13774	13775	13903	13902	13774
9	13775	13776	13904	13903	13775
9	13776	13777	13905	13904	13776
9	13777	13778	13906	13905	13777
9	13778	13779	13907	13906	13778
9	13779	13780	13908	13907	13779
9	13780	13781	13909	13908	13780
9	13781	13782	13910	13909	13781
9	13782	13783	13911	13910	13782
9	13783	13784	13912	13911	13783
9	13784	13785	13913	13912	13784
9	13785	13786	13914	13913	13785
9	13786	13787	13915	13914	13786
9	13787	13788	13916	13915	13787
9	13788	13789	13917	13916	13788
9	13789	13790	13918	13917	13789
9	13790	13791	13919	13918	13790
9	13791	13792	13920	13919	13791
9	13792	13793	13921	13920	13792
9	13793	13794	13922	13921	13793
9	13794	13795	13923	13922	13794
9	13795	13796	13924	13923	13795
9	13796	13797	13925	13924	13796
9	13797	13798	13926	13925	13797
9	13798	13799	13927	13926	13798
9	13799	13800	13928	13927	13799
9	13800	13801	13929	13928	13800
9	13801	13802	13930	13929	13801
9	13802	13803	13931	13930	13802
9	13803	13804	13932	13931	13803
9	13804	13805	13933	13932	13804
9	13805	13806	13934	13933	13805
9	13806	13807	13935	13934	13806
9	13807	13808	13936	13935	13807
9	13808	13809	13937	13936	13808
9	13809	13810	13938	13937	13809
9	13810	13811	13939	13938	13810
9	13811	13812	13940	13939	13811
9	13812	13813	13941	13940	13812
9	13813	13814	13942	13941	13813
9	13814	13815	13943	13942	13814
9	13815	13816	13944	13943	13815
9	13816	13817	13945	13944	13816
9	13817	13818	13946	13945	13817
9	13818	13819	13947	13946	13818
9	13819	13820	13948	13947	13819
9	13820	13821	13949	13948	13820
9	13821	13822	13950	13949	13821
9	13822	13823	13951	13950	13822
9	13823	13696	13824	13951	13823
9	13824	13825	13953	13952	13824
9	13825	13826	13954	13953	13825
9	13826	13827	13955	13954	13826
9	13827	13828	13956	13955	13827
9	13828	13829	13957	13956	13828
9	13829	13830	13958	13957	13829
9	13830	13831	13959	13958	13830
9	13831	13832	13960	13959	13831
9	13832	13833	13961	13960	13832
9	13833	13834	13962	13961	13833
9	13834	13835	13963	13962	13834
9	13835	13836	13964	13963	13835
9	13836	13837	13965	13964	13836
9	13837	13838	13966	13965	13837
9	13838	13839	13967	13966	13838
9	13839	13840	13968	13967	13839
9	13840	13841	13969	13968	13840
9	13841	13842	13970	13969	13841
9	13842	13843	13971	13970	13842
9	13843	13844	13972	13971	13843
9	13844	13845	13973	13972	13844
9	13845	13846	13974	13973	13845
9	13846	13847	13975	13974	13846
9	13847	13848	13976	13975	13847
9	13848	13849	13977	13976	13848
9	13849	13850	13978	13977	13849
9	13850	13851	13979	13978	13850
9	13851	13852	13980	13979	13851
9	13852	13853	13981	13980	13852
9	13853	13854	13982	13981	13853
9	13854	13855	13983	13982	13854
9	13855	13856	13984	13983	13855
9	13856	13857	13985	13984	13856
9	13857	13858	13986	13985	13857
9	13858	13859	13987	13986	13858
9	13859	13860	13988	13987	13859
9	13860	13861	13989	13988	13860
9	13861	13862	13990	13989	13861
9	13862	13863	13991	13990	13862
9	13863	13864	13992	13991	13863
9	13864	13865	13993	13992	13864
9	13865	13866	13994	13993	13865
9	13866	13867	13995	13994	13866
9	13867	13868	13996	13995	13867
9	13868	13869	13997	13996	13868
9	13869	13870	13998	13997	13869
9	13870	13871	13999	13998	13870
9	13871	13872	14000	13999	13871
9	13872	13873	14001	14000	13872
9	13873	13874	14002	14001	13873
9	13874	13875	14003	14002	13874
9	13875	13876	14004	14003	13875
9	13876	13877	14005	14004	13876
9	13877	13878	14006	14005	13877
9	13878	13879	14007	14006	13878
9	13879	13880	14008	14007	13879
9	13880	13881	14009	14008	13880
9	13881	13882	14010	14009	13881
9	13882	13883	14011	14010	13882
9	13883	13884	14012	14011	13883
9	13884	13885	14013	14012	13884
9	13885	13886	14014	14013	13885
9	13886	13887	14015	14014	13886
9	13887	13888	14016	14015	13887
9	13888	13889	14017	14016	13888
9	13889	13890	14018	14017	13889
9	13890	13891	14019	14018	13890
9	13891	13892	14020	14019	13891
9	13892	13893	14021	14020	13892
9	13893	13894	14022	14021	13893
9	13894	13895	14023	14022	13894
9	13895	13896	14024	14023	13895
9	13896	13897	14025	14024	13896
9	13897	13898	14026	14025	13897
9	13898	13899	14027	14026	13898
9	13899	13900	14028	14027	13899
9	13900	13901	14029	14028	13900
9	13901	13902	14030	14029	13901
9	13902	13903	14031	14030	13902
9	13903	13904	14032	14031	13903
9	13904	13905	14033	14032	13904
9	13905	13906	14034	14033	13905
9	13906	13907	14035	14034	13906
9	13907	13908	14036	14035	13907
9	13908	13909	14037	14036	13908
9	13909	13910	14038	14037	13909
9	13910	13911	14039	14038	13910
9	13911	13912	14040	14039	13911
9	13912	13913	14041	14040	13912
9	13913	13914	14042	14041	13913
9	13914	13915	14043	14042	13914
9	13915	13916	14044	14043	13915
9	13916	13917	14045	14044	13916
9	13917	13918	14046	14045	13917
9	13918	13919	14047	14046	13918
9	13919	13920	14048	14047	13919
9	13920	13921	14049	14048	13920
9	13921	13922	14050	14049	13921
9	13922	13923	14051	14050	13922
9	13923	13924	14052	14051	13923
9	13924	13925	14053	14052	13924
9	13925	13926	14054	14053	13925
9	13926	13927	14055	14054	13926
9	13927	13928	14056	14055	13927
9	13928	13929	14057	14056	13928
9	13929	13930	14058	14057	13929
9	13930	13931	14059	14058	13930
9	13931	13932	14060	14059	13931
9	13932	13933	14061	14060	13932
9	13933	13934	14062	14061	13933
9	13934	13935	14063	14062	13934
9	13935	13936	14064	14063	13935
9	13936	13937	14065	14064	13936
9	13937	13938	14066	14065	13937
9	13938	13939	14067	14066	13938
9	13939	13940	14068	14067	13939
9	13940	13941	14069	14068	13940
9	13941	13942	14070	14069	13941
9	13942	13943	14071	14070	13942
9	13943	13944	14072	14071	13943
9	13944	13945	14073	14072	13944
9	13945	13946	14074	14073	13945
9	13946	13947	14075	14074	13946
9	13947	13948	14076	14075	13947
9	13948	13949	14077	14076	13948
9	13949	13950	14078	14077	13949
9	13950	13951	14079	14078	13950
9	13951	13824	13952	14079	13951
9	13952	13953	14081	14080	13952
9	13953	13954	14082	14081	13953
9	13954	13955	14083	14082	13954
9	13955	13956	14084	14083	13955
9	13956	13957	14085	14084	13956
9	13957	13958	14086	14085	13957
9	13958	13959	14087	14086	13958
9	13959	13960	14088	14087	13959
9	13960	13961	14089	14088	13960
9	13961	13962	14090	14089	13961
9	13962	13963	14091	14090	13962
9	13963	13964	14092	14091	13963
9	13964	13965	14093	14092	13964
9	13965	13966	14094	14093	13965
9	13966	13967	14095	14094	13966
9	13967	13968	14096	14095	13967
9	13968	13969	14097	14096	13968
9	13969	13970	14098	14097	13969
9	13970	13971	14099	14098	13970
9	13971	13972	14100	14099	13971
9	13972	13973	14101	14100	13972
9	13973	13974	14102	14101	13973
9	13974	13975	14103	14102	13974
9	13975	13976	14104	14103	13975
9	13976	13977	14105	14104	13976
9	13977	13978	14106	14105	13977
9	13978	13979	14107	14106	13978
9	13979	13980	14108	14107	13979
9	13980	13981	14109	14108	13980
9	13981	13982	14110	14109	13981
9	13982	13983	14111	14110	13982
9	13983	13984	14112	14111	13983
9	13984	13985	14113	14112	13984
9	13985	13986	14114	14113	13985
9	13986	13987	14115	14114	13986
9	13987	13988	14116	14115	13987
9	13988	13989	14117	14116	13988
9	13989	13990	14118	14117	13989
9	13990	13991	14119	14118	13990
9	13991	13992	14120	14119	13991
9	13992	13993	14121	14120	13992
9	13993	13994	14122	14121	13993
9	13994	13995	14123	14122	13994
9	13995	13996	14124	14123	13995
9	13996	13997	14125	14124	13996
9	13997	13998	14126	14125	13997
9	13998	13999	14127	14126	13998
9	13999	14000	14128	14127	13999
9	14000	14001	14129	14128	14000
9	14001	14002	14130	14129	14001
9	14002	14003	14131	14130	14002
9	14003	14004	14132	14131	14003
9	14004	14005	14133	14132	14004
9	14005	14006	14134	14133	14005
9	14006	14007	14135	14134	14006
9	14007	14008	14136	14135	14007
9	14008	14009	14137	14136	14008
9	14009	14010	14138	14137	14009
9	14010	14011	14139	14138	14010
9	14011	14012	14140	14139	14011
9	14012	14013	14141	14140	14012
9	14013	14014	14142	14141	14013
9	14014	14015	14143	14142	14014
9	14015	14016	14144	14143	14015
9	14016	14017	14145	14144	14016
9	14017	14018	14146	14145	14017
9	14018	14019	14147	14146	14018
9	14019	14020	14148	14147	14019
9	14020	14021	14149	14148	14020
9	14021	14022	14150	14149	14021
9	14022	14023	14151	14150	14022
9	14023	14024	14152	14151	14023
9	14024	14025	14153	14152	14024
9	14025	14026	14154	14153	14025
9	14026	14027	14155	14154	14026
9	14027	14028	14156	14155	14027
9	14028	14029	14157	14156	14028
9	14029	14030	14158	14157	14029
9	14030	14031	14159	14158	14030
9	14031	14032	14160	14159	14031
9	14032	14033	14161	14160	14032
9	14033	14034	14162	14161	14033
9	14034	14035	14163	14162	14034
9	14035	14036	14164	14163	14035
9	14036	14037	14165	14164	14036
9	14037	14038	14166	14165	14037
9	14038	14039	14167	14166	14038
9	14039	14040	14168	14167	14039
9	14040	14041	14169	14168	14040
9	14041	14042	14170	14169	14041
9	14042	14043	14171	14170	14042
9	14043	14044	14172	14171	14043
9	14044	14045	14173	14172	14044
9	14045	14046	14174	14173	14045
9	14046	14047	14175	14174	14046
9	14047	14048	14176	14175	14047
9	14048	14049	14177	14176	14048
9	14049	14050	14178	14177	14049
9	14050	14051	14179	14178	14050
9	14051	14052	14180	14179	14051
9	14052	14053	14181	14180	14052
9	14053	14054	14182	14181	14053
9	14054	14055	14183	14182	14054
9	14055	14056	14184	14183	14055
9	14056	14057	14185	14184	14056
9	14057	14058	14186	14185	14057
9	14058	14059	14187	14186	14058
9	14059	14060	14188	14187	14059
9	14060	14061	14189	14188	14060
9	14061	14062	14190	14189	14061
9	14062	14063	14191	14190	14062
9	14063	14064	14192	14191	14063
9	14064	14065	14193	14192	14064
9	14065	14066	14194	14193	14065
9	14066	14067	14195	14194	14066
9	14067	14068	14196	14195	14067
9	14068	14069	14197	14196	14068
9	14069	14070	14198	14197	14069
9	14070	14071	14199	14198	14070
9	14071	14072	14200	14199	14071
9	14072	14073	14201	14200	14072
9	14073	14074	14202	14201	14073
9	14074	14075	14203	14202	14074
9	14075	14076	14204	14203	14075
9	14076	14077	14205	14204	14076
9	14077	14078	14206	14205	14077
9	14078	14079	14207	14206	14078
9	14079	13952	14080	14207	14079
9	14080	14081	14209	14208	14080
9	14081	14082	14210	14209	14081
9	14082	14083	14211	14210	14082
9	14083	14084	14212	14211	14083
9	14084	14085	14213	14212	14084
9	14085	14086	14214	14213	14085
9	14086	14087	14215	14214	14086
9	14087	14088	14216	14215	14087
9	14088	14089	14217	14216	14088
9	14089	14090	14218	14217	14089
9	14090	14091	14219	14218	14090
9	14091	14092	14220	14219	14091
9	14092	14093	14221	14220	14092
9	14093	14094	14222	14221	14093
9	14094	14095	14223	14222	14094
9	14095	14096	14224	14223	14095
9	14096	14097	14225	14224	14096
9	14097	14098	14226	14225	14097
9	14098	14099	14227	14226	14098
9	14099	14100	14228	14227	14099
9	14100	14101	14229	14228	14100
9	14101	14102	14230	14229	14101
9	14102	14103	14231	14230	14102
9	14103	14104	14232	14231	14103
9	14104	14105	14233	14232	14104
9	14105	14106	14234	14233	14105
9	14106	14107	14235	14234	14106
9	14107	14108	14236	14235	14107
9	14108	14109	14237	14236	14108
9	14109	14110	14238	14237	14109
9	14110	14111	14239	14238	14110
9	14111	14112	14240	14239	14111
9	14112	14113	14241	14240	14112
9	14113	14114	14242	14241	14113
9	14114	14115	14243	14242	14114
9	14115	14116	14244	14243	14115
9	14116	14117	14245	14244	14116
9	14117	14118	14246	14245	14117
9	14118	14119	14247	14246	14118
9	14119	14120	14248	14247	14119
9	14120	14121	14249	14248	14120
9	14121	14122	14250	14249	14121
9	14122	14123	14251	14250	14122
9	14123	14124	14252	14251	14123
9	14124	14125	14253	14252	14124
9	14125	14126	14254	14253	14125
9	14126	14127	14255	14254	14126
9	14127	14128	14256	14255	14127
9	14128	14129	14257	14256	14128
9	14129	14130	14258	14257	14129
9	14130	14131	14259	14258	14130
9	14131	14132	14260	14259	14131
9	14132	14133	14261	14260	14132
9	14133	14134	14262	14261	14133
9	14134	14135	14263	14262	14134
9	14135	14136	14264	14263	14135
9	14136	14137	14265	14264	14136
9	14137	14138	14266	14265	14137
9	14138	14139	14267	14266	14138
9	14139	14140	14268	14267	14139
9	14140	14141	14269	14268	14140
9	14141	14142	14270	14269	14141
9	14142	14143	14271	14270	14142
9	14143	14144	14272	14271	14143
9	14144	14145	14273	14272	14144
9	14145	14146	14274	14273	14145
9	14146	14147	14275	14274	14146
9	14147	14148	14276	14275	14147
9	14148	14149	14277	14276	14148
9	14149	14150	14278	14277	14149
9	14150	14151	14279	14278	14150
9	14151	14152	14280	14279	14151
9	14152	14153	14281	14280	14152
9	14153	14154	14282	14281	14153
9	14154	14155	14283	14282	14154
9	14155	14156	14284	14283	14155
9	14156	14157	14285	14284	14156
9	14157	14158	14286	14285	14157
9	14158	14159	14287	14286	14158
9	14159	14160	14288	14287	14159
9	14160	14161	14289	14288	14160
9	14161	14162	14290	14289	14161
9	14162	14163	14291	14290	14162
9	14163	14164	14292	14291	14163
9	14164	14165	14293	14292	14164
9	14165	14166	14294	14293	14165
9	14166	14167	14295	14294	14166
9	14167	14168	14296	14295	14167
9	14168	14169	14297	14296	14168
9	14169	14170	14298	14297	14169
9	14170	14171	14299	14298	14170
9	14171	14172	14300	14299	14171
9	14172	14173	14301	14300	14172
9	14173	14174	14302	14301	14173
9	14174	14175	14303	14302	14174
9	14175	14176	14304	14303	14175
9	14176	14177	14305	14304	14176
9	14177	14178	14306	14305	14177
9	14178	14179	14307	14306	14178
9	14179	14180	14308	14307	14179
9	14180	14181	14309	14308	14180
9	14181	14182	14310	14309	14181
9	14182	14183	14311	14310	14182
9	14183	14184	14312	14311	14183
9	14184	14185	14313	14312	14184
9	14185	14186	14314	14313	14185
9	14186	14187	14315	14314	14186
9	14187	14188	14316	14315	14187
9	14188	14189	14317	14316	14188
9	14189	14190	14318	14317	14189
9	14190	14191	14319	14318	14190
9	14191	14192	14320	14319	14191
9	14192	14193	14321	14320	14192
9	14193	14194	14322	14321	14193
9	14194	14195	14323	14322	14194
9	14195	14196	14324	14323	14195
9	14196	14197	14325	14324	14196
9	14197	14198	14326	14325	14197
9	14198	14199	14327	14326	14198
9	14199	14200	14328	14327	14199
9	14200	14201	14329	14328	14200
9	14201	14202	14330	14329	14201
9	14202	14203	14331	14330	14202
9	14203	14204	14332	14331	14203
9	14204	14205	14333	14332	14204
9	14205	14206	14334	14333	14205
9	14206	14207	14335	14334	14206
9	14207	14080	14208	14335	14207
9	14208	14209	14337	14336	14208
9	14209	14210	14338	14337	14209
9	14210	14211	14339	14338	14210
9	14211	14212	14340	14339	14211
9	14212	14213	14341	14340	14212
9	14213	14214	14342	14341	14213
9	14214	14215	14343	14342	14214
9	14215	14216	14344	14343	14215
9	14216	14217	14345	14344	14216
9	14217	14218	14346	14345	14217
9	14218	14219	14347	14346	14218
9	14219	14220	14348	14347	14219
9	14220	14221	14349	14348	14220
9	14221	14222	14350	14349	14221
9	14222	14223	14351	14350	14222
9	14223	14224	14352	14351	14223
9	14224	14225	14353	14352	14224
9	14225	14226	14354	14353	14225
9	14226	14227	14355	14354	14226
9	14227	14228	14356	14355	14227
9	14228	14229	14357	14356	14228
9	14229	14230	14358	14357	14229
9	14230	14231	14359	14358	14230
9	14231	14232	14360	14359	14231
9	14232	14233	14361	14360	14232
9	14233	14234	14362	14361	14233
9	14234	14235	14363	14362	14234
9	14235	14236	14364	14363	14235
9	14236	14237	14365	14364	14236
9	14237	14238	14366	14365	14237
9	14238	14239	14367	14366	14238
9	14239	14240	14368	14367	14239
9	14240	14241	14369	14368	14240
9	14241	14242	14370	14369	14241
9	14242	14243	14371	14370	14242
9	14243	14244	14372	14371	14243
9	14244	14245	14373	14372	14244
9	14245	14246	14374	14373	14245
9	14246	14247	14375	14374	14246
9	14247	14248	14376	14375	14247
9	14248	14249	14377	14376	14248
9	14249	14250	14378	14377	14249
9	14250	14251	14379	14378	14250
9	14251	14252	14380	14379	14251
9	14252	14253	14381	14380	14252
9	14253	14254	14382	14381	14253
9	14254	14255	14383	14382	14254
9	14255	14256	14384	14383	14255
9	14256	14257	14385	14384	14256
9	14257	14258	14386	14385	14257
9	14258	14259	14387	14386	14258
9	14259	14260	14388	14387	14259
9	14260	14261	14389	14388	14260
9	14261	14262	14390	14389	14261
9	14262	14263	14391	14390	14262
9	14263	14264	14392	14391	14263
9	14264	14265	14393	14392	14264
9	14265	14266	14394	14393	14265
9	14266	14267	14395	14394	14266
9	14267	14268	14396	14395	14267
9	14268	14269	14397	14396	14268
9	14269	14270	14398	14397	14269
9	14270	14271	14399	14398	14270
9	14271	14272	14400	14399	14271
9	14272	14273	14401	14400	14272
9	14273	14274	14402	14401	14273
9	14274	14275	14403	14402	14274
9	14275	14276	14404	14403	14275
9	14276	14277	14405	14404	14276
9	14277	14278	14406	14405	14277
9	14278	14279	14407	14406	14278
9	14279	14280	14408	14407	14279
9	14280	14281	14409	14408	14280
9	14281	14282	14410	14409	14281
9	14282	14283	14411	14410	14282
9	14283	14284	14412	14411	14283
9	14284	14285	14413	14412	14284
9	14285	14286	14414	14413	14285
9	14286	14287	14415	14414	14286
9	14287	14288	14416	14415	14287
9	14288	14289	14417	14416	14288
9	14289	14290	14418	14417	14289
9	14290	14291	14419	14418	14290
9	14291	14292	14420	14419	14291
9	14292	14293	14421	14420	14292
9	14293	14294	14422	14421	14293
9	14294	14295	14423	14422	14294
9	14295	14296	14424	14423	14295
9	14296	14297	14425	14424	14296
9	14297	14298	14426	14425	14297
9	14298	14299	14427	14426	14298
9	14299	14300	14428	14427	14299
9	14300	14301	14429	14428	14300
9	14301	14302	14430	14429	14301
9	14302	14303	14431	14430	14302
9	14303	14304	14432	14431	14303
9	14304	14305	14433	14432	14304
9	14305	14306	14434	14433	14305
9	14306	14307	14435	14434	14306
9	14307	14308	14436	14435	14307
9	14308	14309	14437	14436	14308
9	14309	14310	14438	14437	14309
9	14310	14311	14439	14438	14310
9	14311	14312	14440	14439	14311
9	14312	14313	14441	14440	14312
9	14313	14314	14442	14441	14313
9	14314	14315	14443	14442	14314
9	14315	14316	14444	14443	14315
9	14316	14317	14445	14444	14316
9	14317	14318	14446	14445	14317
9	14318	14319	14447	14446	14318
9	14319	14320	14448	14447	14319
9	14320	14321	14449	14448	14320
9	14321	14322	14450	14449	14321
9	14322	14323	14451	14450	14322
9	14323	14324	14452	14451	14323
9	14324	14325	14453	14452	14324
9	14325	14326	14454	14453	14325
9	14326	14327	14455	14454	14326
9	14327	14328	14456	14455	14327
9	14328	14329	14457	14456	14328
9	14329	14330	14458	14457	14329
9	14330	14331	14459	14458	14330
9	14331	14332	14460	14459	14331
9	14332	14333	14461	14460	14332
9	14333	14334	14462	14461	14333
9	14334	14335	14463	14462	14334
9	14335	14208	14336	14463	14335
9	14336	14337	14465	14464	14336
9	14337	14338	14466	14465	14337
9	14338	14339	14467	14466	14338
9	14339	14340	14468	14467	14339
9	14340	14341	14469	14468	14340
9	14341	14342	14470	14469	14341
9	14342	14343	14471	14470	14342
9	14343	14344	14472	14471	14343
9	14344	14345	14473	14472	14344
9	14345	14346	14474	14473	14345
9	14346	14347	14475	14474	14346
9	14347	14348	14476	14475	14347
9	14348	14349	14477	14476	14348
9	14349	14350	14478	14477	14349
9	14350	14351	14479	14478	14350
9	14351	14352	14480	14479	14351
9	14352	14353	14481	14480	14352
9	14353	14354	14482	14481	14353
9	14354	14355	14483	14482	14354
9	14355	14356	14484	14483	14355
9	14356	14357	14485	14484	14356
9	14357	14358	14486	14485	14357
9	14358	14359	14487	14486	14358
9	14359	14360	14488	14487	14359
9	14360	14361	14489	14488	14360
9	14361	14362	14490	14489	14361
9	14362	14363	14491	14490	14362
9	14363	14364	14492	14491	14363
9	14364	14365	14493	14492	14364
9	14365	14366	14494	14493	14365
9	14366	14367	14495	14494	14366
9	14367	14368	14496	14495	14367
9	14368	14369	14497	14496	14368
9	14369	14370	14498	14497	14369
9	14370	14371	14499	14498	14370
9	14371	14372	14500	14499	14371
9	14372	14373	14501	14500	14372
9	14373	14374	14502	14501	14373
9	14374	14375	14503	14502	14374
9	14375	14376	14504	14503	14375
9	14376	14377	14505	14504	14376
9	14377	14378	14506	14505	14377
9	14378	14379	14507	14506	14378
9	14379	14380	14508	14507	14379
9	14380	14381	14509	14508	14380
9	14381	14382	14510	14509	14381
9	14382	14383	14511	14510	14382
9	14383	14384	14512	14511	14383
9	14384	14385	14513	14512	14384
9	14385	14386	14514	14513	14385
9	14386	14387	14515	14514	14386
9	14387	14388	14516	14515	14387
9	14388	14389	14517	14516	14388
9	14389	14390	14518	14517	14389
9	14390	14391	14519	14518	14390
9	14391	14392	14520	14519	14391
9	14392	14393	14521	14520	14392
9	14393	14394	14522	14521	14393
9	14394	14395	14523	14522	14394
9	14395	14396	14524	14523	14395
9	14396	14397	14525	14524	14396
9	14397	14398	14526	14525	14397
9	14398	14399	14527	14526	14398
9	14399	14400	14528	14527	14399
9	14400	14401	14529	14528	14400
9	14401	14402	14530	14529	14401
9	14402	14403	14531	14530	14402
9	14403	14404	14532	14531	14403
9	14404	14405	14533	14532	14404
9	14405	14406	14534	14533	14405
9	14406	14407	14535	14534	14406
9	14407	14408	14536	14535	14407
9	14408	14409	14537	14536	14408
9	14409	14410	14538	14537	14409
9	14410	14411	14539	14538	14410
9	14411	14412	14540	14539	14411
9	14412	14413	14541	14540	14412
9	14413	14414	14542	14541	14413
9	14414	14415	14543	14542	14414
9	14415	14416	14544	14543	14415
9	14416	14417	14545	14544	14416
9	14417	14418	14546	14545	14417
9	14418	14419	14547	14546	14418
9	14419	14420	14548	14547	14419
9	14420	14421	14549	14548	14420
9	14421	14422	14550	14549	14421
9	14422	14423	14551	14550	14422
9	14423	14424	14552	14551	14423
9	14424	14425	14553	14552	14424
9	14425	14426	14554	14553	14425
9	14426	14427	14555	14554	14426
9	14427	14428	14556	14555	14427
9	14428	14429	14557	14556	14428
9	14429	14430	14558	14557	14429
9	14430	14431	14559	14558	14430
9	14431	14432	14560	14559	14431
9	14432	14433	14561	14560	14432
9	14433	14434	14562	14561	14433
9	14434	14435	14563	14562	14434
9	14435	14436	14564	14563	14435
9	14436	14437	14565	14564	14436
9	14437	14438	14566	14565	14437
9	14438	14439	14567	14566	14438
9	14439	14440	14568	14567	14439
9	14440	14441	14569	14568	14440
9	14441	14442	14570	14569	14441
9	14442	14443	14571	14570	14442
9	14443	14444	14572	14571	14443
9	14444	14445	14573	14572	14444
9	14445	14446	14574	14573	14445
9	14446	14447	14575	14574	14446
9	14447	14448	14576	14575	14447
9	14448	14449	14577	14576	14448
9	14449	14450	14578	14577	14449
9	14450	14451	14579	14578	14450
9	14451	14452	14580	14579	14451
9	14452	14453	14581	14580	14452
9	14453	14454	14582	14581	14453
9	14454	14455	14583	14582	14454
9	14455	14456	14584	14583	14455
9	14456	14457	14585	14584	14456
9	14457	14458	14586	14585	14457
9	14458	14459	14587	14586	14458
9	14459	14460	14588	14587	14459
9	14460	14461	14589	14588	14460
9	14461	14462	14590	14589	14461
9	14462	14463	14591	14590	14462
9	14463	14336	14464	14591	14463
9	14464	14465	14593	14592	14464
9	14465	14466	14594	14593	14465
9	14466	14467	14595	14594	14466
9	14467	14468	14596	14595	14467
9	14468	14469	14597	14596	14468
9	14469	14470	14598	14597	14469
9	14470	14471	14599	14598	14470
9	14471	14472	14600	14599	14471
9	14472	14473	14601	14600	14472
9	14473	14474	14602	14601	14473
9	14474	14475	14603	14602	14474
9	14475	14476	14604	14603	14475
9	14476	14477	14605	14604	14476
9	14477	14478	14606	14605	14477
9	14478	14479	14607	14606	14478
9	14479	14480	14608	14607	14479
9	14480	14481	14609	14608	14480
9	14481	14482	14610	14609	14481
9	14482	14483	14611	14610	14482
9	14483	14484	14612	14611	14483
9	14484	14485	14613	14612	14484
9	14485	14486	14614	14613	14485
9	14486	14487	14615	14614	14486
9	14487	14488	14616	14615	14487
9	14488	14489	14617	14616	14488
9	14489	14490	14618	14617	14489
9	14490	14491	14619	14618	14490
9	14491	14492	14620	14619	14491
9	14492	14493	14621	14620	14492
9	14493	14494	14622	14621	14493
9	14494	14495	14623	14622	14494
9	14495	14496	14624	14623	14495
9	14496	14497	14625	14624	14496
9	14497	14498	14626	14625	14497
9	14498	14499	14627	14626	14498
9	14499	14500	14628	14627	14499
9	14500	14501	14629	14628	14500
9	14501	14502	14630	14629	14501
9	14502	14503	14631	14630	14502
9	14503	14504	14632	14631	14503
9	14504	14505	14633	14632	14504
9	14505	14506	14634	14633	14505
9	14506	14507	14635	14634	14506
9	14507	14508	14636	14635	14507
9	14508	14509	14637	14636	14508
9	14509	14510	14638	14637	14509
9	14510	14511	14639	14638	14510
9	14511	14512	14640	14639	14511
9	14512	14513	14641	14640	14512
9	14513	14514	14642	14641	14513
9	14514	14515	14643	14642	14514
9	14515	14516	14644	14643	14515
9	14516	14517	14645	14644	14516
9	14517	14518	14646	14645	14517
9	14518	14519	14647	14646	14518
9	14519	14520	14648	14647	14519
9	14520	14521	14649	14648	14520
9	14521	14522	14650	14649	14521
9	14522	14523	14651	14650	14522
9	14523	14524	14652	14651	14523
9	14524	14525	14653	14652	14524
9	14525	14526	14654	14653	14525
9	14526	14527	14655	14654	14526
9	14527	14528	14656	14655	14527
9	14528	14529	14657	14656	14528
9	14529	14530	14658	14657	14529
9	14530	14531	14659	14658	14530
9	14531	14532	14660	14659	14531
9	14532	14533	14661	14660	14532
9	14533	14534	14662	14661	14533
9	14534	14535	14663	14662	14534
9	14535	14536	14664	14663	14535
9	14536	14537	14665	14664	14536
9	14537	14538	14666	14665	14537
9	14538	14539	14667	14666	14538
9	14539	14540	14668	14667	14539
9	14540	14541	14669	14668	14540
9	14541	14542	14670	14669	14541
9	14542	14543	14671	14670	14542
9	14543	14544	14672	14671	14543
9	14544	14545	14673	14672	14544
9	14545	14546	14674	14673	14545
9	14546	14547	14675	14674	14546
9	14547	14548	14676	14675	14547
9	14548	14549	14677	14676	14548
9	14549	14550	14678	14677	14549
9	14550	14551	14679	14678	14550
9	14551	14552	14680	14679	14551
9	14552	14553	14681	14680	14552
9	14553	14554	14682	14681	14553
9	14554	14555	14683	14682	14554
9	14555	14556	14684	14683	14555
9	14556	14557	14685	14684	14556
9	14557	14558	14686	14685	14557
9	14558	14559	14687	14686	14558
9	14559	14560	14688	14687	14559
9	14560	14561	14689	14688	14560
9	14561	14562	14690	14689	14561
9	14562	14563	14691	14690	14562
9	14563	14564	14692	14691	14563
9	14564	14565	14693	14692	14564
9	14565	14566	14694	14693	14565
9	14566	14567	14695	14694	14566
9	14567	14568	14696	14695	14567
9	14568	14569	14697	14696	14568
9	14569	14570	14698	14697	14569
9	14570	14571	14699	14698	14570
9	14571	14572	14700	14699	14571
9	14572	14573	14701	14700	14572
9	14573	14574	14702	14701	14573
9	14574	14575	14703	14702	14574
9	14575	14576	14704	14703	14575
9	14576	14577	14705	14704	14576
9	14577	14578	14706	14705	14577
9	14578	14579	14707	14706	14578
9	14579	14580	14708	14707	14579
9	14580	14581	14709	14708	14580
9	14581	14582	14710	14709	14581
9	14582	14583	14711	14710	14582
9	14583	14584	14712	14711	14583
9	14584	14585	14713	14712	14584
9	14585	14586	14714	14713	14585
9	14586	14587	14715	14714	14586
9	14587	14588	14716	14715	14587
9	14588	14589	14717	14716	14588
9	14589	14590	14718	14717	14589
9	14590	14591	14719	14718	14590
9	14591	14464	14592	14719	14591
9	14592	14593	14721	14720	14592
9	14593	14594	14722	14721	14593
9	14594	14595	14723	14722	14594
9	14595	14596	14724	14723	14595
9	14596	14597	14725	14724	14596
9	14597	14598	14726	14725	14597
9	14598	14599	14727	14726	14598
9	14599	14600	14728	14727	14599
9	14600	14601	14729	14728	14600
9	14601	14602	14730	14729	14601
9	14602	14603	14731	14730	14602
9	14603	14604	14732	14731	14603
9	14604	14605	14733	14732	14604
9	14605	14606	14734	14733	14605
9	14606	14607	14735	14734	14606
9	14607	14608	14736	14735	14607
9	14608	14609	14737	14736	14608
9	14609	14610	14738	14737	14609
9	14610	14611	14739	14738	14610
9	14611	14612	14740	14739	14611
9	14612	14613	14741	14740	14612
9	14613	14614	14742	14741	14613
9	14614	14615	14743	14742	14614
9	14615	14616	14744	14743	14615
9	14616	14617	14745	14744	14616
9	14617	14618	14746	14745	14617
9	14618	14619	14747	14746	14618
9	14619	14620	14748	14747	14619
9	14620	14621	14749	14748	14620
9	14621	14622	14750	14749	14621
9	14622	14623	14751	14750	14622
9	14623	14624	14752	14751	14623
9	14624	14625	14753	14752	14624
9	14625	14626	14754	14753	14625
9	14626	14627	14755	14754	14626
9	14627	14628	14756	14755	14627
9	14628	14629	14757	14756	14628
9	14629	14630	14758	14757	14629
9	14630	14631	14759	14758	14630
9	14631	14632	14760	14759	14631
9	14632	14633	14761	14760	14632
9	14633	14634	14762	14761	14633
9	14634	14635	14763	14762	14634
9	14635	14636	14764	14763	14635
9	14636	14637	14765	14764	14636
9	14637	14638	14766	14765	14637
9	14638	14639	14767	14766	14638
9	14639	14640	14768	14767	14639
9	14640	14641	14769	14768	14640
9	14641	14642	14770	14769	14641
9	14642	14643	14771	14770	14642
9	14643	14644	14772	14771	14643
9	14644	14645	14773	14772	14644
9	14645	14646	14774	14773	14645
9	14646	14647	14775	14774	14646
9	14647	14648	14776	14775	14647
9	14648	14649	14777	14776	14648
9	14649	14650	14778	14777	14649
9	14650	14651	14779	14778	14650
9	14651	14652	14780	14779	14651
9	14652	14653	14781	14780	14652
9	14653	14654	14782	14781	14653
9	14654	14655	14783	14782	14654
9	14655	14656	14784	14783	14655
9	14656	14657	14785	14784	14656
9	14657	14658	14786	14785	14657
9	14658	14659	14787	14786	14658
9	14659	14660	14788	14787	14659
9	14660	14661	14789	14788	14660
9	14661	14662	14790	14789	14661
9	14662	14663	14791	14790	14662
9	14663	14664	14792	14791	14663
9	14664	14665	14793	14792	14664
9	14665	14666	14794	14793	14665
9	14666	14667	14795	14794	14666
9	14667	14668	14796	14795	14667
9	14668	14669	14797	14796	14668
9	14669	14670	14798	14797	14669
9	14670	14671	14799	14798	14670
9	14671	14672	14800	14799	14671
9	14672	14673	14801	14800	14672
9	14673	14674	14802	14801	14673
9	14674	14675	14803	14802	14674
9	14675	14676	14804	14803	14675
9	14676	14677	14805	14804	14676
9	14677	14678	14806	14805	14677
9	14678	14679	14807	14806	14678
9	14679	14680	14808	14807	14679
9	14680	14681	14809	14808	14680
9	14681	14682	14810	14809	14681
9	14682	14683	14811	14810	14682
9	14683	14684	14812	14811	14683
9	14684	14685	14813	14812	14684
9	14685	14686	14814	14813	14685
9	14686	14687	14815	14814	14686
9	14687	14688	14816	14815	14687
9	14688	14689	14817	14816	14688
9	14689	14690	14818	14817	14689
9	14690	14691	14819	14818	14690
9	14691	14692	14820	14819	14691
9	14692	14693	14821	14820	14692
9	14693	14694	14822	14821	14693
9	14694	14695	14823	14822	14694
9	14695	14696	14824	14823	14695
9	14696	14697	14825	14824	14696
9	14697	14698	14826	14825	14697
9	14698	14699	14827	14826	14698
9	14699	14700	14828	14827	14699
9	14700	14701	14829	14828	14700
9	14701	14702	14830	14829	14701
9	14702	14703	14831	14830	14702
9	14703	14704	14832	14831	14703
9	14704	14705	14833	14832	14704
9	14705	14706	14834	14833	14705
9	14706	14707	14835	14834	14706
9	14707	14708	14836	14835	14707
9	14708	14709	14837	14836	14708
9	14709	14710	14838	14837	14709
9	14710	14711	14839	14838	14710
9	14711	14712	14840	14839	14711
9	14712	14713	14841	14840	14712
9	14713	14714	14842	14841	14713
9	14714	14715	14843	14842	14714
9	14715	14716	14844	14843	14715
9	14716	14717	14845	14844	14716
9	14717	14718	14846	14845	14717
9	14718	14719	14847	14846	14718
9	14719	14592	14720	14847	14719
9	14720	14721	14849	14848	14720
9	14721	14722	14850	14849	14721
9	14722	14723	14851	14850	14722
9	14723	14724	14852	14851	14723
9	14724	14725	14853	14852	14724
9	14725	14726	14854	14853	14725
9	14726	14727	14855	14854	14726
9	14727	14728	14856	14855	14727
9	14728	14729	14857	14856	14728
9	14729	14730	14858	14857	14729
9	14730	14731	14859	14858	14730
9	14731	14732	14860	14859	14731
9	14732	14733	14861	14860	14732
9	14733	14734	14862	14861	14733
9	14734	14735	14863	14862	14734
9	14735	14736	14864	14863	14735
9	14736	14737	14865	14864	14736
9	14737	14738	14866	14865	14737
9	14738	14739	14867	14866	14738
9	14739	14740	14868	14867	14739
9	14740	14741	14869	14868	14740
9	14741	14742	14870	14869	14741
9	14742	14743	14871	14870	14742
9	14743	14744	14872	14871	14743
9	14744	14745	14873	14872	14744
9	14745	14746	14874	14873	14745
9	14746	14747	14875	14874	14746
9	14747	14748	14876	14875	14747
9	14748	14749	14877	14876	14748
9	14749	14750	14878	14877	14749
9	14750	14751	14879	14878	14750
9	14751	14752	14880	14879	14751
9	14752	14753	14881	14880	14752
9	14753	14754	14882	14881	14753
9	14754	14755	14883	14882	14754
9	14755	14756	14884	14883	14755
9	14756	14757	14885	14884	14756
9	14757	14758	14886	14885	14757
9	14758	14759	14887	14886	14758
9	14759	14760	14888	14887	14759
9	14760	14761	14889	14888	14760
9	14761	14762	14890	14889	14761
9	14762	14763	14891	14890	14762
9	14763	14764	14892	14891	14763
9	14764	14765	14893	14892	14764
9	14765	14766	14894	14893	14765
9	14766	14767	14895	14894	14766
9	14767	14768	14896	14895	14767
9	14768	14769	14897	14896	14768
9	14769	14770	14898	14897	14769
9	14770	14771	14899	14898	14770
9	14771	14772	14900	14899	14771
9	14772	14773	14901	14900	14772
9	14773	14774	14902	14901	14773
9	14774	14775	14903	14902	14774
9	14775	14776	14904	14903	14775
9	14776	14777	14905	14904	14776
9	14777	14778	14906	14905	14777
9	14778	14779	14907	14906	14778
9	14779	14780	14908	14907	14779
9	14780	14781	14909	14908	14780
9	14781	14782	14910	14909	14781
9	14782	14783	14911	14910	14782
9	14783	14784	14912	14911	14783
9	14784	14785	14913	14912	14784
9	14785	14786	14914	14913	14785
9	14786	14787	14915	14914	14786
9	14787	14788	14916	14915	14787
9	14788	14789	14917	14916	14788
9	14789	14790	14918	14917	14789
9	14790	14791	14919	14918	14790
9	14791	14792	14920	14919	14791
9	14792	14793	14921	14920	14792
9	14793	14794	14922	14921	14793
9	14794	14795	14923	14922	14794
9	14795	14796	14924	14923	14795
9	14796	14797	14925	14924	14796
9	14797	14798	14926	14925	14797
9	14798	14799	14927	14926	14798
9	14799	14800	14928	14927	14799
9	14800	14801	14929	14928	14800
9	14801	14802	14930	14929	14801
9	14802	14803	14931	14930	14802
9	14803	14804	14932	14931	14803
9	14804	14805	14933	14932	14804
9	14805	14806	14934	14933	14805
9	14806	14807	14935	14934	14806
9	14807	14808	14936	14935	14807
9	14808	14809	14937	14936	14808
9	14809	14810	14938	14937	14809
9	14810	14811	14939	14938	14810
9	14811	14812	14940	14939	14811
9	14812	14813	14941	14940	14812
9	14813	14814	14942	14941	14813
9	14814	14815	14943	14942	14814
9	14815	14816	14944	14943	14815
9	14816	14817	14945	14944	14816
9	14817	14818	14946	14945	14817
9	14818	14819	14947	14946	14818
9	14819	14820	14948	14947	14819
9	14820	14821	14949	14948	14820
9	14821	14822	14950	14949	14821
9	14822	14823	14951	14950	14822
9	14823	14824	14952	14951	14823
9	14824	14825	14953	14952	14824
9	14825	14826	14954	14953	14825
9	14826	14827	14955	14954	14826
9	14827	14828	14956	14955	14827
9	14828	14829	14957	14956	14828
9	14829	14830	14958	14957	14829
9	14830	14831	14959	14958	14830
9	14831	14832	14960	14959	14831
9	14832	14833	14961	14960	14832
9	14833	14834	14962	14961	14833
9	14834	14835	14963	14962	14834
9	14835	14836	14964	14963	14835
9	14836	14837	14965	14964	14836
9	14837	14838	14966	14965	14837
9	14838	14839	14967	14966	14838
9	14839	14840	14968	14967	14839
9	14840	14841	14969	14968	14840
9	14841	14842	14970	14969	14841
9	14842	14843	14971	14970	14842
9	14843	14844	14972	14971	14843
9	14844	14845	14973	14972	14844
9	14845	14846	14974	14973	14845
9	14846	14847	14975	14974	14846
9	14847	14720	14848	14975	14847
9	14848	14849	14977	14976	14848
9	14849	14850	14978	14977	14849
9	14850	14851	14979	14978	14850
9	14851	14852	14980	14979	14851
9	14852	14853	14981	14980	14852
9	14853	14854	14982	14981	14853
9	14854	14855	14983	14982	14854
9	14855	14856	14984	14983	14855
9	14856	14857	14985	14984	14856
9	14857	14858	14986	14985	14857
9	14858	14859	14987	14986	14858
9	14859	14860	14988	14987	14859
9	14860	14861	14989	14988	14860
9	14861	14862	14990	14989	14861
9	14862	14863	14991	14990	14862
9	14863	14864	14992	14991	14863
9	14864	14865	14993	14992	14864
9	14865	14866	14994	14993	14865
9	14866	14867	14995	14994	14866
9	14867	14868	14996	14995	14867
9	14868	14869	14997	14996	14868
9	14869	14870	14998	14997	14869
9	14870	14871	14999	14998	14870
9	14871	14872	15000	14999	14871
9	14872	14873	15001	15000	14872
9	14873	14874	15002	15001	14873
9	14874	14875	15003	15002	14874
9	14875	14876	15004	15003	14875
9	14876	14877	15005	15004	14876
9	14877	14878	15006	15005	14877
9	14878	14879	15007	15006	14878
9	14879	14880	15008	15007	14879
9	14880	14881	15009	15008	14880
9	14881	14882	15010	15009	14881
9	14882	14883	15011	15010	14882
9	14883	14884	15012	15011	14883
9	14884	14885	15013	15012	14884
9	14885	14886	15014	15013	14885
9	14886	14887	15015	15014	14886
9	14887	14888	15016	15015	14887
9	14888	14889	15017	15016	14888
9	14889	14890	15018	15017	14889
9	14890	14891	15019	15018	14890
9	14891	14892	15020	15019	14891
9	14892	14893	15021	15020	14892
9	14893	14894	15022	15021	14893
9	14894	14895	15023	15022	14894
9	14895	14896	15024	15023	14895
9	14896	14897	15025	15024	14896
9	14897	14898	15026	15025	14897
9	14898	14899	15027	15026	14898
9	14899	14900	15028	15027	14899
9	14900	14901	15029	15028	14900
9	14901	14902	15030	15029	14901
9	14902	14903	15031	15030	14902
9	14903	14904	15032	15031	14903
9	14904	14905	15033	15032	14904
9	14905	14906	15034	15033	14905
9	14906	14907	15035	15034	14906
9	14907	14908	15036	15035	14907
9	14908	14909	15037	15036	14908
9	14909	14910	15038	15037	14909
9	14910	14911	15039	15038	14910
9	14911	14912	15040	15039	14911
9	14912	14913	15041	15040	14912
9	14913	14914	15042	15041	14913
9	14914	14915	15043	15042	14914
9	14915	14916	15044	15043	14915
9	14916	14917	15045	15044	14916
9	14917	14918	15046	15045	14917
9	14918	14919	15047	15046	14918
9	14919	14920	15048	15047	14919
9	14920	14921	15049	15048	14920
9	14921	14922	15050	15049	14921
9	14922	14923	15051	15050	14922
9	14923	14924	15052	15051	14923
9	14924	14925	15053	15052	14924
9	14925	14926	15054	15053	14925
9	14926	14927	15055	15054	14926
9	14927	14928	15056	15055	14927
9	14928	14929	15057	15056	14928
9	14929	14930	15058	15057	14929
9	14930	14931	15059	15058	14930
9	14931	14932	15060	15059	14931
9	14932	14933	15061	15060	14932
9	14933	14934	15062	15061	14933
9	14934	14935	15063	15062	14934
9	14935	14936	15064	15063	14935
9	14936	14937	15065	15064	14936
9	14937	14938	15066	15065	14937
9	14938	14939	15067	15066	14938
9	14939	14940	15068	15067	14939
9	14940	14941	15069	15068	14940
9	14941	14942	15070	15069	14941
9	14942	14943	15071	15070	14942
9	14943	14944	15072	15071	14943
9	14944	14945	15073	15072	14944
9	14945	14946	15074	15073	14945
9	14946	14947	15075	15074	14946
9	14947	14948	15076	15075	14947
9	14948	14949	15077	15076	14948
9	14949	14950	15078	15077	14949
9	14950	14951	15079	15078	14950
9	14951	14952	15080	15079	14951
9	14952	14953	15081	15080	14952
9	14953	14954	15082	15081	14953
9	14954	14955	15083	15082	14954
9	14955	14956	15084	15083	14955
9	14956	14957	15085	15084	14956
9	14957	14958	15086	15085	14957
9	14958	14959	15087	15086	14958
9	14959	14960	15088	15087	14959
9	14960	14961	15089	15088	14960
9	14961	14962	15090	15089	14961
9	14962	14963	15091	15090	14962
9	14963	14964	15092	15091	14963
9	14964	14965	15093	15092	14964
9	14965	14966	15094	15093	14965
9	14966	14967	15095	15094	14966
9	14967	14968	15096	15095	14967
9	14968	14969	15097	15096	14968
9	14969	14970	15098	15097	14969
9	14970	14971	15099	15098	14970
9	14971	14972	15100	15099	14971
9	14972	14973	15101	15100	14972
9	14973	14974	15102	15101	14973
9	14974	14975	15103	15102	14974
9	14975	14848	14976	15103	14975
9	14976	14977	15105	15104	14976
9	14977	14978	15106	15105	14977
9	14978	14979	15107	15106	14978
9	14979	14980	15108	15107	14979
9	14980	14981	15109	15108	14980
9	14981	14982	15110	15109	14981
9	14982	14983	15111	15110	14982
9	14983	14984	15112	15111	14983
9	14984	14985	15113	15112	14984
9	14985	14986	15114	15113	14985
9	14986	14987	15115	15114	14986
9	14987	14988	15116	15115	14987
9	14988	14989	15117	15116	14988
9	14989	14990	15118	15117	14989
9	14990	14991	15119	15118	14990
9	14991	14992	15120	15119	14991
9	14992	14993	15121	15120	14992
9	14993	14994	15122	15121	14993
9	14994	14995	15123	15122	14994
9	14995	14996	15124	15123	14995
9	14996	14997	15125	15124	14996
9	14997	14998	15126	15125	14997
9	14998	14999	15127	15126	14998
9	14999	15000	15128	15127	14999
9	15000	15001	15129	15128	15000
9	15001	15002	15130	15129	15001
9	15002	15003	15131	15130	15002
9	15003	15004	15132	15131	15003
9	15004	15005	15133	15132	15004
9	15005	15006	15134	15133	15005
9	15006	15007	15135	15134	15006
9	15007	15008	15136	15135	15007
9	15008	15009	15137	15136	15008
9	15009	15010	15138	15137	15009
9	15010	15011	15139	15138	15010
9	15011	15012	15140	15139	15011
9	15012	15013	15141	15140	15012
9	15013	15014	15142	15141	15013
9	15014	15015	15143	15142	15014
9	15015	15016	15144	15143	15015
9	15016	15017	15145	15144	15016
9	15017	15018	15146	15145	15017
9	15018	15019	15147	15146	15018
9	15019	15020	15148	15147	15019
9	15020	15021	15149	15148	15020
9	15021	15022	15150	15149	15021
9	15022	15023	15151	15150	15022
9	15023	15024	15152	15151	15023
9	15024	15025	15153	15152	15024
9	15025	15026	15154	15153	15025
9	15026	15027	15155	15154	15026
9	15027	15028	15156	15155	15027
9	15028	15029	15157	15156	15028
9	15029	15030	15158	15157	15029
9	15030	15031	15159	15158	15030
9	15031	15032	15160	15159	15031
9	15032	15033	15161	15160	15032
9	15033	15034	15162	15161	15033
9	15034	15035	15163	15162	15034
9	15035	15036	15164	15163	15035
9	15036	15037	15165	15164	15036
9	15037	15038	15166	15165	15037
9	15038	15039	15167	15166	15038
9	15039	15040	15168	15167	15039
9	15040	15041	15169	15168	15040
9	15041	15042	15170	15169	15041
9	15042	15043	15171	15170	15042
9	15043	15044	15172	15171	15043
9	15044	15045	15173	15172	15044
9	15045	15046	15174	15173	15045
9	15046	15047	15175	15174	15046
9	15047	15048	15176	15175	15047
9	15048	15049	15177	15176	15048
9	15049	15050	15178	15177	15049
9	15050	15051	15179	15178	15050
9	15051	15052	15180	15179	15051
9	15052	15053	15181	15180	15052
9	15053	15054	15182	15181	15053
9	15054	15055	15183	15182	15054
9	15055	15056	15184	15183	15055
9	15056	15057	15185	15184	15056
9	15057	15058	15186	15185	15057
9	15058	15059	15187	15186	15058
9	15059	15060	15188	15187	15059
9	15060	15061	15189	15188	15060
9	15061	15062	15190	15189	15061
9	15062	15063	15191	15190	15062
9	15063	15064	15192	15191	15063
9	15064	15065	15193	15192	15064
9	15065	15066	15194	15193	15065
9	15066	15067	15195	15194	15066
9	15067	15068	15196	15195	15067
9	15068	15069	15197	15196	15068
9	15069	15070	15198	15197	15069
9	15070	15071	15199	15198	15070
9	15071	15072	15200	15199	15071
9	15072	15073	15201	15200	15072
9	15073	15074	15202	15201	15073
9	15074	15075	15203	15202	15074
9	15075	15076	15204	15203	15075
9	15076	15077	15205	15204	15076
9	15077	15078	15206	15205	15077
9	15078	15079	15207	15206	15078
9	15079	15080	15208	15207	15079
9	15080	15081	15209	15208	15080
9	15081	15082	15210	15209	15081
9	15082	15083	15211	15210	15082
9	15083	15084	15212	15211	15083
9	15084	15085	15213	15212	15084
9	15085	15086	15214	15213	15085
9	15086	15087	15215	15214	15086
9	15087	15088	15216	15215	15087
9	15088	15089	15217	15216	15088
9	15089	15090	15218	15217	15089
9	15090	15091	15219	15218	15090
9	15091	15092	15220	15219	15091
9	15092	15093	15221	15220	15092
9	15093	15094	15222	15221	15093
9	15094	15095	15223	15222	15094
9	15095	15096	15224	15223	15095
9	15096	15097	15225	15224	15096
9	15097	15098	15226	15225	15097
9	15098	15099	15227	15226	15098
9	15099	15100	15228	15227	15099
9	15100	15101	15229	15228	15100
9	15101	15102	15230	15229	15101
9	15102	15103	15231	15230	15102
9	15103	14976	15104	15231	15103
9	15104	15105	15233	15232	15104
9	15105	15106	15234	15233	15105
9	15106	15107	15235	15234	15106
9	15107	15108	15236	15235	15107
9	15108	15109	15237	15236	15108
9	15109	15110	15238	15237	15109
9	15110	15111	15239	15238	15110
9	15111	15112	15240	15239	15111
9	15112	15113	15241	15240	15112
9	15113	15114	15242	15241	15113
9	15114	15115	15243	15242	15114
9	15115	15116	15244	15243	15115
9	15116	15117	15245	15244	15116
9	15117	15118	15246	15245	15117
9	15118	15119	15247	15246	15118
9	15119	15120	15248	15247	15119
9	15120	15121	15249	15248	15120
9	15121	15122	15250	15249	15121
9	15122	15123	15251	15250	15122
9	15123	15124	15252	15251	15123
9	15124	15125	15253	15252	15124
9	15125	15126	15254	15253	15125
9	15126	15127	15255	15254	15126
9	15127	15128	15256	15255	15127
9	15128	15129	15257	15256	15128
9	15129	15130	15258	15257	15129
9	15130	15131	15259	15258	15130
9	15131	15132	15260	15259	15131
9	15132	15133	15261	15260	15132
9	15133	15134	15262	15261	15133
9	15134	15135	15263	15262	15134
9	15135	15136	15264	15263	15135
9	15136	15137	15265	15264	15136
9	15137	15138	15266	15265	15137
9	15138	15139	15267	15266	15138
9	15139	15140	15268	15267	15139
9	15140	15141	15269	15268	15140
9	15141	15142	15270	15269	15141
9	15142	15143	15271	15270	15142
9	15143	15144	15272	15271	15143
9	15144	15145	15273	15272	15144
9	15145	15146	15274	15273	15145
9	15146	15147	15275	15274	15146
9	15147	15148	15276	15275	15147
9	15148	15149	15277	15276	15148
9	15149	15150	15278	15277	15149
9	15150	15151	15279	15278	15150
9	15151	15152	15280	15279	15151
9	15152	15153	15281	15280	15152
9	15153	15154	15282	15281	15153
9	15154	15155	15283	15282	15154
9	15155	15156	15284	15283	15155
9	15156	15157	15285	15284	15156
9	15157	15158	15286	15285	15157
9	15158	15159	15287	15286	15158
9	15159	15160	15288	15287	15159
9	15160	15161	15289	15288	15160
9	15161	15162	15290	15289	15161
9	15162	15163	15291	15290	15162
9	15163	15164	15292	15291	15163
9	15164	15165	15293	15292	15164
9	15165	15166	15294	15293	15165
9	15166	15167	15295	15294	15166
9	15167	15168	15296	15295	15167
9	15168	15169	15297	15296	15168
9	15169	15170	15298	15297	15169
9	15170	15171	15299	15298	15170
9	15171	15172	15300	15299	15171
9	15172	15173	15301	15300	15172
9	15173	15174	15302	15301	15173
9	15174	15175	15303	15302	15174
9	15175	15176	15304	15303	15175
9	15176	15177	15305	15304	15176
9	15177	15178	15306	15305	15177
9	15178	15179	15307	15306	15178
9	15179	15180	15308	15307	15179
9	15180	15181	15309	15308	15180
9	15181	15182	15310	15309	15181
9	15182	15183	15311	15310	15182
9	15183	15184	15312	15311	15183
9	15184	15185	15313	15312	15184
9	15185	15186	15314	15313	15185
9	15186	15187	15315	15314	15186
9	15187	15188	15316	15315	15187
9	15188	15189	15317	15316	15188
9	15189	15190	15318	15317	15189
9	15190	15191	15319	15318	15190
9	15191	15192	15320	15319	15191
9	15192	15193	15321	15320	15192
9	15193	15194	15322	15321	15193
9	15194	15195	15323	15322	15194
9	15195	15196	15324	15323	15195
9	15196	15197	15325	15324	15196
9	15197	15198	15326	15325	15197
9	15198	15199	15327	15326	15198
9	15199	15200	15328	15327	15199
9	15200	15201	15329	15328	15200
9	15201	15202	15330	15329	15201
9	15202	15203	15331	15330	15202
9	15203	15204	15332	15331	15203
9	15204	15205	15333	15332	15204
9	15205	15206	15334	15333	15205
9	15206	15207	15335	15334	15206
9	15207	15208	15336	15335	15207
9	15208	15209	15337	15336	15208
9	15209	15210	15338	15337	15209
9	15210	15211	15339	15338	15210
9	15211	15212	15340	15339	15211
9	15212	15213	15341	15340	15212
9	15213	15214	15342	15341	15213
9	15214	15215	15343	15342	15214
9	15215	15216	15344	15343	15215
9	15216	15217	15345	15344	15216
9	15217	15218	15346	15345	15217
9	15218	15219	15347	15346	15218
9	15219	15220	15348	15347	15219
9	15220	15221	15349	15348	15220
9	15221	15222	15350	15349	15221
9	15222	15223	15351	15350	15222
9	15223	15224	15352	15351	15223
9	15224	15225	15353	15352	15224
9	15225	15226	15354	15353	15225
9	15226	15227	15355	15354	15226
9	15227	15228	15356	15355	15227
9	15228	15229	15357	15356	15228
9	15229	15230	15358	15357	15229
9	15230	15231	15359	15358	15230
9	15231	15104	15232	15359	15231
9	15232	15233	15361	15360	15232
9	15233	15234	15362	15361	15233
9	15234	15235	15363	15362	15234
9	15235	15236	15364	15363	15235
9	15236	15237	15365	15364	15236
9	15237	15238	15366	15365	15237
9	15238	15239	15367	15366	15238
9	15239	15240	15368	15367	15239
9	15240	15241	15369	15368	15240
9	15241	15242	15370	15369	15241
9	15242	15243	15371	15370	15242
9	15243	15244	15372	15371	15243
9	15244	15245	15373	15372	15244
9	15245	15246	15374	15373	15245
9	15246	15247	15375	15374	15246
9	15247	15248	15376	15375	15247
9	15248	15249	15377	15376	15248
9	15249	15250	15378	15377	15249
9	15250	15251	15379	15378	15250
9	15251	15252	15380	15379	15251
9	15252	15253	15381	15380	15252
9	15253	15254	15382	15381	15253
9	15254	15255	15383	15382	15254
9	15255	15256	15384	15383	15255
9	15256	15257	15385	15384	15256
9	15257	15258	15386	15385	15257
9	15258	15259	15387	15386	15258
9	15259	15260	15388	15387	15259
9	15260	15261	15389	15388	15260
9	15261	15262	15390	15389	15261
9	15262	15263	15391	15390	15262
9	15263	15264	15392	15391	15263
9	15264	15265	15393	15392	15264
9	15265	15266	15394	15393	15265
9	15266	15267	15395	15394	15266
9	15267	15268	15396	15395	15267
9	15268	15269	15397	15396	15268
9	15269	15270	15398	15397	15269
9	15270	15271	15399	15398	15270
9	15271	15272	15400	15399	15271
9	15272	15273	15401	15400	15272
9	15273	15274	15402	15401	15273
9	15274	15275	15403	15402	15274
9	15275	15276	15404	15403	15275
9	15276	15277	15405	15404	15276
9	15277	15278	15406	15405	15277
9	15278	15279	15407	15406	15278
9	15279	15280	15408	15407	15279
9	15280	15281	15409	15408	15280
9	15281	15282	15410	15409	15281
9	15282	15283	15411	15410	15282
9	15283	15284	15412	15411	15283
9	15284	15285	15413	15412	15284
9	15285	15286	15414	15413	15285
9	15286	15287	15415	15414	15286
9	15287	15288	15416	15415	15287
9	15288	15289	15417	15416	15288
9	15289	15290	15418	15417	15289
9	15290	15291	15419	15418	15290
9	15291	15292	15420	15419	15291
9	15292	15293	15421	15420	15292
9	15293	15294	15422	15421	15293
9	15294	15295	15423	15422	15294
9	15295	15296	15424	15423	15295
9	15296	15297	15425	15424	15296
9	15297	15298	15426	15425	15297
9	15298	15299	15427	15426	15298
9	15299	15300	15428	15427	15299
9	15300	15301	15429	15428	15300
9	15301	15302	15430	15429	15301
9	15302	15303	15431	15430	15302
9	15303	15304	15432	15431	15303
9	15304	15305	15433	15432	15304
9	15305	15306	15434	15433	15305
9	15306	15307	15435	15434	15306
9	15307	15308	15436	15435	15307
9	15308	15309	15437	15436	15308
9	15309	15310	15438	15437	15309
9	15310	15311	15439	15438	15310
9	15311	15312	15440	15439	15311
9	15312	15313	15441	15440	15312
9	15313	15314	15442	15441	15313
9	15314	15315	15443	15442	15314
9	15315	15316	15444	15443	15315
9	15316	15317	15445	15444	15316
9	15317	15318	15446	15445	15317
9	15318	15319	15447	15446	15318
9	15319	15320	15448	15447	15319
9	15320	15321	15449	15448	15320
9	15321	15322	15450	15449	15321
9	15322	15323	15451	15450	15322
9	15323	15324	15452	15451	15323
9	15324	15325	15453	15452	15324
9	15325	15326	15454	15453	15325
9	15326	15327	15455	15454	15326
9	15327	15328	15456	15455	15327
9	15328	15329	15457	15456	15328
9	15329	15330	15458	15457	15329
9	15330	15331	15459	15458	15330
9	15331	15332	15460	15459	15331
9	15332	15333	15461	15460	15332
9	15333	15334	15462	15461	15333
9	15334	15335	15463	15462	15334
9	15335	15336	15464	15463	15335
9	15336	15337	15465	15464	15336
9	15337	15338	15466	15465	15337
9	15338	15339	15467	15466	15338
9	15339	15340	15468	15467	15339
9	15340	15341	15469	15468	15340
9	15341	15342	15470	15469	15341
9	15342	15343	15471	15470	15342
9	15343	15344	15472	15471	15343
9	15344	15345	15473	15472	15344
9	15345	15346	15474	15473	15345
9	15346	15347	15475	15474	15346
9	15347	15348	15476	15475	15347
9	15348	15349	15477	15476	15348
9	15349	15350	15478	15477	15349
9	15350	15351	15479	15478	15350
9	15351	15352	15480	15479	15351
9	15352	15353	15481	15480	15352
9	15353	15354	15482	15481	15353
9	15354	15355	15483	15482	15354
9	15355	15356	15484	15483	15355
9	15356	15357	15485	15484	15356
9	15357	15358	15486	15485	15357
9	15358	15359	15487	15486	15358
9	15359	15232	15360	15487	15359
9	15360	15361	15489	15488	15360
9	15361	15362	15490	15489	15361
9	15362	15363	15491	15490	15362
9	15363	15364	15492	15491	15363
9	15364	15365	15493	15492	15364
9	15365	15366	15494	15493	15365
9	15366	15367	15495	15494	15366
9	15367	15368	15496	15495	15367
9	15368	15369	15497	15496	15368
9	15369	15370	15498	15497	15369
9	15370	15371	15499	15498	15370
9	15371	15372	15500	15499	15371
9	15372	15373	15501	15500	15372
9	15373	15374	15502	15501	15373
9	15374	15375	15503	15502	15374
9	15375	15376	15504	15503	15375
9	15376	15377	15505	15504	15376
9	15377	15378	15506	15505	15377
9	15378	15379	15507	15506	15378
9	15379	15380	15508	15507	15379
9	15380	15381	15509	15508	15380
9	15381	15382	15510	15509	15381
9	15382	15383	15511	15510	15382
9	15383	15384	15512	15511	15383
9	15384	15385	15513	15512	15384
9	15385	15386	15514	15513	15385
9	15386	15387	15515	15514	15386
9	15387	15388	15516	15515	15387
9	15388	15389	15517	15516	15388
9	15389	15390	15518	15517	15389
9	15390	15391	15519	15518	15390
9	15391	15392	15520	15519	15391
9	15392	15393	15521	15520	15392
9	15393	15394	15522	15521	15393
9	15394	15395	15523	15522	15394
9	15395	15396	15524	15523	15395
9	15396	15397	15525	15524	15396
9	15397	15398	15526	15525	15397
9	15398	15399	15527	15526	15398
9	15399	15400	15528	15527	15399
9	15400	15401	15529	15528	15400
9	15401	15402	15530	15529	15401
9	15402	15403	15531	15530	15402
9	15403	15404	15532	15531	15403
9	15404	15405	15533	15532	15404
9	15405	15406	15534	15533	15405
9	15406	15407	15535	15534	15406
9	15407	15408	15536	15535	15407
9	15408	15409	15537	15536	15408
9	15409	15410	15538	15537	15409
9	15410	15411	15539	15538	15410
9	15411	15412	15540	15539	15411
9	15412	15413	15541	15540	15412
9	15413	15414	15542	15541	15413
9	15414	15415	15543	15542	15414
9	15415	15416	15544	15543	15415
9	15416	15417	15545	15544	15416
9	15417	15418	15546	15545	15417
9	15418	15419	15547	15546	15418
9	15419	15420	15548	15547	15419
9	15420	15421	15549	15548	15420
9	15421	15422	15550	15549	15421
9	15422	15423	15551	15550	15422
9	15423	15424	15552	15551	15423
9	15424	15425	15553	15552	15424
9	15425	15426	15554	15553	15425
9	15426	15427	15555	15554	15426
9	15427	15428	15556	15555	15427
9	15428	15429	15557	15556	15428
9	15429	15430	15558	15557	15429
9	15430	15431	15559	15558	15430
9	15431	15432	15560	15559	15431
9	15432	15433	15561	15560	15432
9	15433	15434	15562	15561	15433
9	15434	15435	15563	15562	15434
9	15435	15436	15564	15563	15435
9	15436	15437	15565	15564	15436
9	15437	15438	15566	15565	15437
9	15438	15439	15567	15566	15438
9	15439	15440	15568	15567	15439
9	15440	15441	15569	15568	15440
9	15441	15442	15570	15569	15441
9	15442	15443	15571	15570	15442
9	15443	15444	15572	15571	15443
9	15444	15445	15573	15572	15444
9	15445	15446	15574	15573	15445
9	15446	15447	15575	15574	15446
9	15447	15448	15576	15575	15447
9	15448	15449	15577	15576	15448
9	15449	15450	15578	15577	15449
9	15450	15451	15579	15578	15450
9	15451	15452	15580	15579	15451
9	15452	15453	15581	15580	15452
9	15453	15454	15582	15581	15453
9	15454	15455	15583	15582	15454
9	15455	15456	15584	15583	15455
9	15456	15457	15585	15584	15456
9	15457	15458	15586	15585	15457
9	15458	15459	15587	15586	15458
9	15459	15460	15588	15587	15459
9	15460	15461	15589	15588	15460
9	15461	15462	15590	15589	15461
9	15462	15463	15591	15590	15462
9	15463	15464	15592	15591	15463
9	15464	15465	15593	15592	15464
9	15465	15466	15594	15593	15465
9	15466	15467	15595	15594	15466
9	15467	15468	15596	15595	15467
9	15468	15469	15597	15596	15468
9	15469	15470	15598	15597	15469
9	15470	15471	15599	15598	15470
9	15471	15472	15600	15599	15471
9	15472	15473	15601	15600	15472
9	15473	15474	15602	15601	15473
9	15474	15475	15603	15602	15474
9	15475	15476	15604	15603	15475
9	15476	15477	15605	15604	15476
9	15477	15478	15606	15605	15477
9	15478	15479	15607	15606	15478
9	15479	15480	15608	15607	15479
9	15480	15481	15609	15608	15480
9	15481	15482	15610	15609	15481
9	15482	15483	15611	15610	15482
9	15483	15484	15612	15611	15483
9	15484	15485	15613	15612	15484
9	15485	15486	15614	15613	15485
9	15486	15487	15615	15614	15486
9	15487	15360	15488	15615	15487
9	15488	15489	15617	15616	15488
9	15489	15490	15618	15617	15489
9	15490	15491	15619	15618	15490
9	15491	15492	15620	15619	15491
9	15492	15493	15621	15620	15492
9	15493	15494	15622	15621	15493
9	15494	15495	15623	15622	15494
9	15495	15496	15624	15623	15495
9	15496	15497	15625	15624	15496
9	15497	15498	15626	15625	15497
9	15498	15499	15627	15626	15498
9	15499	15500	15628	15627	15499
9	15500	15501	15629	15628	15500
9	15501	15502	15630	15629	15501
9	15502	15503	15631	15630	15502
9	15503	15504	15632	15631	15503
9	15504	15505	15633	15632	15504
9	15505	15506	15634	15633	15505
9	15506	15507	15635	15634	15506
9	15507	15508	15636	15635	15507
9	15508	15509	15637	15636	15508
9	15509	15510	15638	15637	15509
9	15510	15511	15639	15638	15510
9	15511	15512	15640	15639	15511
9	15512	15513	15641	15640	15512
9	15513	15514	15642	15641	15513
9	15514	15515	15643	15642	15514
9	15515	15516	15644	15643	15515
9	15516	15517	15645	15644	15516
9	15517	15518	15646	15645	15517
9	15518	15519	15647	15646	15518
9	15519	15520	15648	15647	15519
9	15520	15521	15649	15648	15520
9	15521	15522	15650	15649	15521
9	15522	15523	15651	15650	15522
9	15523	15524	15652	15651	15523
9	15524	15525	15653	15652	15524
9	15525	15526	15654	15653	15525
9	15526	15527	15655	15654	15526
9	15527	15528	15656	15655	15527
9	15528	15529	15657	15656	15528
9	15529	15530	15658	15657	15529
9	15530	15531	15659	15658	15530
9	15531	15532	15660	15659	15531
9	15532	15533	15661	15660	15532
9	15533	15534	15662	15661	15533
9	15534	15535	15663	15662	15534
9	15535	15536	15664	15663	15535
9	15536	15537	15665	15664	15536
9	15537	15538	15666	15665	15537
9	15538	15539	15667	15666	15538
9	15539	15540	15668	15667	15539
9	15540	15541	15669	15668	15540
9	15541	15542	15670	15669	15541
9	15542	15543	15671	15670	15542
9	15543	15544	15672	15671	15543
9	15544	15545	15673	15672	15544
9	15545	15546	15674	15673	15545
9	15546	15547	15675	15674	15546
9	15547	15548	15676	15675	15547
9	15548	15549	15677	15676	15548
9	15549	15550	15678	15677	15549
9	15550	15551	15679	15678	15550
9	15551	15552	15680	15679	15551
9	15552	15553	15681	15680	15552
9	15553	15554	15682	15681	15553
9	15554	15555	15683	15682	15554
9	15555	15556	15684	15683	15555
9	15556	15557	15685	15684	15556
9	15557	15558	15686	15685	15557
9	15558	15559	15687	15686	15558
9	15559	15560	15688	15687	15559
9	15560	15561	15689	15688	15560
9	15561	15562	15690	15689	15561
9	15562	15563	15691	15690	15562
9	15563	15564	15692	15691	15563
9	15564	15565	15693	15692	15564
9	15565	15566	15694	15693	15565
9	15566	15567	15695	15694	15566
9	15567	15568	15696	15695	15567
9	15568	15569	15697	15696	15568
9	15569	15570	15698	15697	15569
9	15570	15571	15699	15698	15570
9	15571	15572	15700	15699	15571
9	15572	15573	15701	15700	15572
9	15573	15574	15702	15701	15573
9	15574	15575	15703	15702	15574
9	15575	15576	15704	15703	15575
9	15576	15577	15705	15704	15576
9	15577	15578	15706	15705	15577
9	15578	15579	15707	15706	15578
9	15579	15580	15708	15707	15579
9	15580	15581	15709	15708	15580
9	15581	15582	15710	15709	15581
9	15582	15583	15711	15710	15582
9	15583	15584	15712	15711	15583
9	15584	15585	15713	15712	15584
9	15585	15586	15714	15713	15585
9	15586	15587	15715	15714	15586
9	15587	15588	15716	15715	15587
9	15588	15589	15717	15716	15588
9	15589	15590	15718	15717	15589
9	15590	15591	15719	15718	15590
9	15591	15592	15720	15719	15591
9	15592	15593	15721	15720	15592
9	15593	15594	15722	15721	15593
9	15594	15595	15723	15722	15594
9	15595	15596	15724	15723	15595
9	15596	15597	15725	15724	15596
9	15597	15598	15726	15725	15597
9	15598	15599	15727	15726	15598
9	15599	15600	15728	15727	15599
9	15600	15601	15729	15728	15600
9	15601	15602	15730	15729	15601
9	15602	15603	15731	15730	15602
9	15603	15604	15732	15731	15603
9	15604	15605	15733	15732	15604
9	15605	15606	15734	15733	15605
9	15606	15607	15735	15734	15606
9	15607	15608	15736	15735	15607
9	15608	15609	15737	15736	15608
9	15609	15610	15738	15737	15609
9	15610	15611	15739	15738	15610
9	15611	15612	15740	15739	15611
9	15612	15613	15741	15740	15612
9	15613	15614	15742	15741	15613
9	15614	15615	15743	15742	15614
9	15615	15488	15616	15743	15615
9	15616	15617	15745	15744	15616
9	15617	15618	15746	15745	15617
9	15618	15619	15747	15746	15618
9	15619	15620	15748	15747	15619
9	15620	15621	15749	15748	15620
9	15621	15622	15750	15749	15621
9	15622	15623	15751	15750	15622
9	15623	15624	15752	15751	15623
9	15624	15625	15753	15752	15624
9	15625	15626	15754	15753	15625
9	15626	15627	15755	15754	15626
9	15627	15628	15756	15755	15627
9	15628	15629	15757	15756	15628
9	15629	15630	15758	15757	15629
9	15630	15631	15759	15758	15630
9	15631	15632	15760	15759	15631
9	15632	15633	15761	15760	15632
9	15633	15634	15762	15761	15633
9	15634	15635	15763	15762	15634
9	15635	15636	15764	15763	15635
9	15636	15637	15765	15764	15636
9	15637	15638	15766	15765	15637
9	15638	15639	15767	15766	15638
9	15639	15640	15768	15767	15639
9	15640	15641	15769	15768	15640
9	15641	15642	15770	15769	15641
9	15642	15643	15771	15770	15642
9	15643	15644	15772	15771	15643
9	15644	15645	15773	15772	15644
9	15645	15646	15774	15773	15645
9	15646	15647	15775	15774	15646
9	15647	15648	15776	15775	15647
9	15648	15649	15777	15776	15648
9	15649	15650	15778	15777	15649
9	15650	15651	15779	15778	15650
9	15651	15652	15780	15779	15651
9	15652	15653	15781	15780	15652
9	15653	15654	15782	15781	15653
9	15654	15655	15783	15782	15654
9	15655	15656	15784	15783	15655
9	15656	15657	15785	15784	15656
9	15657	15658	15786	15785	15657
9	15658	15659	15787	15786	15658
9	15659	15660	15788	15787	15659
9	15660	15661	15789	15788	15660
9	15661	15662	15790	15789	15661
9	15662	15663	15791	15790	15662
9	15663	15664	15792	15791	15663
9	15664	15665	15793	15792	15664
9	15665	15666	15794	15793	15665
9	15666	15667	15795	15794	15666
9	15667	15668	15796	15795	15667
9	15668	15669	15797	15796	15668
9	15669	15670	15798	15797	15669
9	15670	15671	15799	15798	15670
9	15671	15672	15800	15799	15671
9	15672	15673	15801	15800	15672
9	15673	15674	15802	15801	15673
9	15674	15675	15803	15802	15674
9	15675	15676	15804	15803	15675
9	15676	15677	15805	15804	15676
9	15677	15678	15806	15805	15677
9	15678	15679	15807	15806	15678
9	15679	15680	15808	15807	15679
9	15680	15681	15809	15808	15680
9	15681	15682	15810	15809	15681
9	15682	15683	15811	15810	15682
9	15683	15684	15812	15811	15683
9	15684	15685	15813	15812	15684
9	15685	15686	15814	15813	15685
9	15686	15687	15815	15814	15686
9	15687	15688	15816	15815	15687
9	15688	15689	15817	15816	15688
9	15689	15690	15818	15817	15689
9	15690	15691	15819	15818	15690
9	15691	15692	15820	15819	15691
9	15692	15693	15821	15820	15692
9	15693	15694	15822	15821	15693
9	15694	15695	15823	15822	15694
9	15695	15696	15824	15823	15695
9	15696	15697	15825	15824	15696
9	15697	15698	15826	15825	15697
9	15698	15699	15827	15826	15698
9	15699	15700	15828	15827	15699
9	15700	15701	15829	15828	15700
9	15701	15702	15830	15829	15701
9	15702	15703	15831	15830	15702
9	15703	15704	15832	15831	15703
9	15704	15705	15833	15832	15704
9	15705	15706	15834	15833	15705
9	15706	15707	15835	15834	15706
9	15707	15708	15836	15835	15707
9	15708	15709	15837	15836	15708
9	15709	15710	15838	15837	15709
9	15710	15711	15839	15838	15710
9	15711	15712	15840	15839	15711
9	15712	15713	15841	15840	15712
9	15713	15714	15842	15841	15713
9	15714	15715	15843	15842	15714
9	15715	15716	15844	15843	15715
9	15716	15717	15845	15844	15716
9	15717	15718	15846	15845	15717
9	15718	15719	15847	15846	15718
9	15719	15720	15848	15847	15719
9	15720	15721	15849	15848	15720
9	15721	15722	15850	15849	15721
9	15722	15723	15851	15850	15722
9	15723	15724	15852	15851	15723
9	15724	15725	15853	15852	15724
9	15725	15726	15854	15853	15725
9	15726	15727	15855	15854	15726
9	15727	15728	15856	15855	15727
9	15728	15729	15857	15856	15728
9	15729	15730	15858	15857	15729
9	15730	15731	15859	15858	15730
9	15731	15732	15860	15859	15731
9	15732	15733	15861	15860	15732
9	15733	15734	15862	15861	15733
9	15734	15735	15863	15862	15734
9	15735	15736	15864	15863	15735
9	15736	15737	15865	15864	15736
9	15737	15738	15866	15865	15737
9	15738	15739	15867	15866	15738
9	15739	15740	15868	15867	15739
9	15740	15741	15869	15868	15740
9	15741	15742	15870	15869	15741
9	15742	15743	15871	15870	15742
9	15743	15616	15744	15871	15743
9	15744	15745	15873	15872	15744
9	15745	15746	15874	15873	15745
9	15746	15747	15875	15874	15746
9	15747	15748	15876	15875	15747
9	15748	15749	15877	15876	15748
9	15749	15750	15878	15877	15749
9	15750	15751	15879	15878	15750
9	15751	15752	15880	15879	15751
9	15752	15753	15881	15880	15752
9	15753	15754	15882	15881	15753
9	15754	15755	15883	15882	15754
9	15755	15756	15884	15883	15755
9	15756	15757	15885	15884	15756
9	15757	15758	15886	15885	15757
9	15758	15759	15887	15886	15758
9	15759	15760	15888	15887	15759
9	15760	15761	15889	15888	15760
9	15761	15762	15890	15889	15761
9	15762	15763	15891	15890	15762
9	15763	15764	15892	15891	15763
9	15764	15765	15893	15892	15764
9	15765	15766	15894	15893	15765
9	15766	15767	15895	15894	15766
9	15767	15768	15896	15895	15767
9	15768	15769	15897	15896	15768
9	15769	15770	15898	15897	15769
9	15770	15771	15899	15898	15770
9	15771	15772	15900	15899	15771
9	15772	15773	15901	15900	15772
9	15773	15774	15902	15901	15773
9	15774	15775	15903	15902	15774
9	15775	15776	15904	15903	15775
9	15776	15777	15905	15904	15776
9	15777	15778	15906	15905	15777
9	15778	15779	15907	15906	15778
9	15779	15780	15908	15907	15779
9	15780	15781	15909	15908	15780
9	15781	15782	15910	15909	15781
9	15782	15783	15911	15910	15782
9	15783	15784	15912	15911	15783
9	15784	15785	15913	15912	15784
9	15785	15786	15914	15913	15785
9	15786	15787	15915	15914	15786
9	15787	15788	15916	15915	15787
9	15788	15789	15917	15916	15788
9	15789	15790	15918	15917	15789
9	15790	15791	15919	15918	15790
9	15791	15792	15920	15919	15791
9	15792	15793	15921	15920	15792
9	15793	15794	15922	15921	15793
9	15794	15795	15923	15922	15794
9	15795	15796	15924	15923	15795
9	15796	15797	15925	15924	15796
9	15797	15798	15926	15925	15797
9	15798	15799	15927	15926	15798
9	15799	15800	15928	15927	15799
9	15800	15801	15929	15928	15800
9	15801	15802	15930	15929	15801
9	15802	15803	15931	15930	15802
9	15803	15804	15932	15931	15803
9	15804	15805	15933	15932	15804
9	15805	15806	15934	15933	15805
9	15806	15807	15935	15934	15806
9	15807	15808	15936	15935	15807
9	15808	15809	15937	15936	15808
9	15809	15810	15938	15937	15809
9	15810	15811	15939	15938	15810
9	15811	15812	15940	15939	15811
9	15812	15813	15941	15940	15812
9	15813	15814	15942	15941	15813
9	15814	15815	15943	15942	15814
9	15815	15816	15944	15943	15815
9	15816	15817	15945	15944	15816
9	15817	15818	15946	15945	15817
9	15818	15819	15947	15946	15818
9	15819	15820	15948	15947	15819
9	15820	15821	15949	15948	15820
9	15821	15822	15950	15949	15821
9	15822	15823	15951	15950	15822
9	15823	15824	15952	15951	15823
9	15824	15825	15953	15952	15824
9	15825	15826	15954	15953	15825
9	15826	15827	15955	15954	15826
9	15827	15828	15956	15955	15827
9	15828	15829	15957	15956	15828
9	15829	15830	15958	15957	15829
9	15830	15831	15959	15958	15830
9	15831	15832	15960	15959	15831
9	15832	15833	15961	15960	15832
9	15833	15834	15962	15961	15833
9	15834	15835	15963	15962	15834
9	15835	15836	15964	15963	15835
9	15836	15837	15965	15964	15836
9	15837	15838	15966	15965	15837
9	15838	15839	15967	15966	15838
9	15839	15840	15968	15967	15839
9	15840	15841	15969	15968	15840
9	15841	15842	15970	15969	15841
9	15842	15843	15971	15970	15842
9	15843	15844	15972	15971	15843
9	15844	15845	15973	15972	15844
9	15845	15846	15974	15973	15845
9	15846	15847	15975	15974	15846
9	15847	15848	15976	15975	15847
9	15848	15849	15977	15976	15848
9	15849	15850	15978	15977	15849
9	15850	15851	15979	15978	15850
9	15851	15852	15980	15979	15851
9	15852	15853	15981	15980	15852
9	15853	15854	15982	15981	15853
9	15854	15855	15983	15982	15854
9	15855	15856	15984	15983	15855
9	15856	15857	15985	15984	15856
9	15857	15858	15986	15985	15857
9	15858	15859	15987	15986	15858
9	15859	15860	15988	15987	15859
9	15860	15861	15989	15988	15860
9	15861	15862	15990	15989	15861
9	15862	15863	15991	15990	15862
9	15863	15864	15992	15991	15863
9	15864	15865	15993	15992	15864
9	15865	15866	15994	15993	15865
9	15866	15867	15995	15994	15866
9	15867	15868	15996	15995	15867
9	15868	15869	15997	15996	15868
9	15869	15870	15998	15997	15869
9	15870	15871	15999	15998	15870
9	15871	15744	15872	15999	15871
9	15872	15873	16001	16000	15872
9	15873	15874	16002	16001	15873
9	15874	15875	16003	16002	15874
9	15875	15876	16004	16003	15875
9	15876	15877	16005	16004	15876
9	15877	15878	16006	16005	15877
9	15878	15879	16007	16006	15878
9	15879	15880	16008	16007	15879
9	15880	15881	16009	16008	15880
9	15881	15882	16010	16009	15881
9	15882	15883	16011	16010	15882
9	15883	15884	16012	16011	15883
9	15884	15885	16013	16012	15884
9	15885	15886	16014	16013	15885
9	15886	15887	16015	16014	15886
9	15887	15888	16016	16015	15887
9	15888	15889	16017	16016	15888
9	15889	15890	16018	16017	15889
9	15890	15891	16019	16018	15890
9	15891	15892	16020	16019	15891
9	15892	15893	16021	16020	15892
9	15893	15894	16022	16021	15893
9	15894	15895	16023	16022	15894
9	15895	15896	16024	16023	15895
9	15896	15897	16025	16024	15896
9	15897	15898	16026	16025	15897
9	15898	15899	16027	16026	15898
9	15899	15900	16028	16027	15899
9	15900	15901	16029	16028	15900
9	15901	15902	16030	16029	15901
9	15902	15903	16031	16030	15902
9	15903	15904	16032	16031	15903
9	15904	15905	16033	16032	15904
9	15905	15906	16034	16033	15905
9	15906	15907	16035	16034	15906
9	15907	15908	16036	16035	15907
9	15908	15909	16037	16036	15908
9	15909	15910	16038	16037	15909
9	15910	15911	16039	16038	15910
9	15911	15912	16040	16039	15911
9	15912	15913	16041	16040	15912
9	15913	15914	16042	16041	15913
9	15914	15915	16043	16042	15914
9	15915	15916	16044	16043	15915
9	15916	15917	16045	16044	15916
9	15917	15918	16046	16045	15917
9	15918	15919	16047	16046	15918
9	15919	15920	16048	16047	15919
9	15920	15921	16049	16048	15920
9	15921	15922	16050	16049	15921
9	15922	15923	16051	16050	15922
9	15923	15924	16052	16051	15923
9	15924	15925	16053	16052	15924
9	15925	15926	16054	16053	15925
9	15926	15927	16055	16054	15926
9	15927	15928	16056	16055	15927
9	15928	15929	16057	16056	15928
9	15929	15930	16058	16057	15929
9	15930	15931	16059	16058	15930
9	15931	15932	16060	16059	15931
9	15932	15933	16061	16060	15932
9	15933	15934	16062	16061	15933
9	15934	15935	16063	16062	15934
9	15935	15936	16064	16063	15935
9	15936	15937	16065	16064	15936
9	15937	15938	16066	16065	15937
9	15938	15939	16067	16066	15938
9	15939	15940	16068	16067	15939
9	15940	15941	16069	16068	15940
9	15941	15942	16070	16069	15941
9	15942	15943	16071	16070	15942
9	15943	15944	16072	16071	15943
9	15944	15945	16073	16072	15944
9	15945	15946	16074	16073	15945
9	15946	15947	16075	16074	15946
9	15947	15948	16076	16075	15947
9	15948	15949	16077	16076	15948
9	15949	15950	16078	16077	15949
9	15950	15951	16079	16078	15950
9	15951	15952	16080	16079	15951
9	15952	15953	16081	16080	15952
9	15953	15954	16082	16081	15953
9	15954	15955	16083	16082	15954
9	15955	15956	16084	16083	15955
9	15956	15957	16085	16084	15956
9	15957	15958	16086	16085	15957
9	15958	15959	16087	16086	15958
9	15959	15960	16088	16087	15959
9	15960	15961	16089	16088	15960
9	15961	15962	16090	16089	15961
9	15962	15963	16091	16090	15962
9	15963	15964	16092	16091	15963
9	15964	15965	16093	16092	15964
9	15965	15966	16094	16093	15965
9	15966	15967	16095	16094	15966
9	15967	15968	16096	16095	15967
9	15968	15969	16097	16096	15968
9	15969	15970	16098	16097	15969
9	15970	15971	16099	16098	15970
9	15971	15972	16100	16099	15971
9	15972	15973	16101	16100	15972
9	15973	15974	16102	16101	15973
9	15974	15975	16103	16102	15974
9	15975	15976	16104	16103	15975
9	15976	15977	16105	16104	15976
9	15977	15978	16106	16105	15977
9	15978	15979	16107	16106	15978
9	15979	15980	16108	16107	15979
9	15980	15981	16109	16108	15980
9	15981	15982	16110	16109	15981
9	15982	15983	16111	16110	15982
9	15983	15984	16112	16111	15983
9	15984	15985	16113	16112	15984
9	15985	15986	16114	16113	15985
9	15986	15987	16115	16114	15986
9	15987	15988	16116	16115	15987
9	15988	15989	16117	16116	15988
9	15989	15990	16118	16117	15989
9	15990	15991	16119	16118	15990
9	15991	15992	16120	16119	15991
9	15992	15993	16121	16120	15992
9	15993	15994	16122	16121	15993
9	15994	15995	16123	16122	15994
9	15995	15996	16124	16123	15995
9	15996	15997	16125	16124	15996
9	15997	15998	16126	16125	15997
9	15998	15999	16127	16126	15998
9	15999	15872	16000	16127	15999
9	16000	16001	16129	16128	16000
9	16001	16002	16130	16129	16001
9	16002	16003	16131	16130	16002
9	16003	16004	16132	16131	16003
9	16004	16005	16133	16132	16004
9	16005	16006	16134	16133	16005
9	16006	16007	16135	16134	16006
9	16007	16008	16136	16135	16007
9	16008	16009	16137	16136	16008
9	16009	16010	16138	16137	16009
9	16010	16011	16139	16138	16010
9	16011	16012	16140	16139	16011
9	16012	16013	16141	16140	16012
9	16013	16014	16142	16141	16013
9	16014	16015	16143	16142	16014
9	16015	16016	16144	16143	16015
9	16016	16017	16145	16144	16016
9	16017	16018	16146	16145	16017
9	16018	16019	16147	16146	16018
9	16019	16020	16148	16147	16019
9	16020	16021	16149	16148	16020
9	16021	16022	16150	16149	16021
9	16022	16023	16151	16150	16022
9	16023	16024	16152	16151	16023
9	16024	16025	16153	16152	16024
9	16025	16026	16154	16153	16025
9	16026	16027	16155	16154	16026
9	16027	16028	16156	16155	16027
9	16028	16029	16157	16156	16028
9	16029	16030	16158	16157	16029
9	16030	16031	16159	16158	16030
9	16031	16032	16160	16159	16031
9	16032	16033	16161	16160	16032
9	16033	16034	16162	16161	16033
9	16034	16035	16163	16162	16034
9	16035	16036	16164	16163	16035
9	16036	16037	16165	16164	16036
9	16037	16038	16166	16165	16037
9	16038	16039	16167	16166	16038
9	16039	16040	16168	16167	16039
9	16040	16041	16169	16168	16040
9	16041	16042	16170	16169	16041
9	16042	16043	16171	16170	16042
9	16043	16044	16172	16171	16043
9	16044	16045	16173	16172	16044
9	16045	16046	16174	16173	16045
9	16046	16047	16175	16174	16046
9	16047	16048	16176	16175	16047
9	16048	16049	16177	16176	16048
9	16049	16050	16178	16177	16049
9	16050	16051	16179	16178	16050
9	16051	16052	16180	16179	16051
9	16052	16053	16181	16180	16052
9	16053	16054	16182	16181	16053
9	16054	16055	16183	16182	16054
9	16055	16056	16184	16183	16055
9	16056	16057	16185	16184	16056
9	16057	16058	16186	16185	16057
9	16058	16059	16187	16186	16058
9	16059	16060	16188	16187	16059
9	16060	16061	16189	16188	16060
9	16061	16062	16190	16189	16061
9	16062	16063	16191	16190	16062
9	16063	16064	16192	16191	16063
9	16064	16065	16193	16192	16064
9	16065	16066	16194	16193	16065
9	16066	16067	16195	16194	16066
9	16067	16068	16196	16195	16067
9	16068	16069	16197	16196	16068
9	16069	16070	16198	16197	16069
9	16070	16071	16199	16198	16070
9	16071	16072	16200	16199	16071
9	16072	16073	16201	16200	16072
9	16073	16074	16202	16201	16073
9	16074	16075	16203	16202	16074
9	16075	16076	16204	16203	16075
9	16076	16077	16205	16204	16076
9	16077	16078	16206	16205	16077
9	16078	16079	16207	16206	16078
9	16079	16080	16208	16207	16079
9	16080	16081	16209	16208	16080
9	16081	16082	16210	16209	16081
9	16082	16083	16211	16210	16082
9	16083	16084	16212	16211	16083
9	16084	16085	16213	16212	16084
9	16085	16086	16214	16213	16085
9	16086	16087	16215	16214	16086
9	16087	16088	16216	16215	16087
9	16088	16089	16217	16216	16088
9	16089	16090	16218	16217	16089
9	16090	16091	16219	16218	16090
9	16091	16092	16220	16219	16091
9	16092	16093	16221	16220	16092
9	16093	16094	16222	16221	16093
9	16094	16095	16223	16222	16094
9	16095	16096	16224	16223	16095
9	16096	16097	16225	16224	16096
9	16097	16098	16226	16225	16097
9	16098	16099	16227	16226	16098
9	16099	16100	16228	16227	16099
9	16100	16101	16229	16228	16100
9	16101	16102	16230	16229	16101
9	16102	16103	16231	16230	16102
9	16103	16104	16232	16231	16103
9	16104	16105	16233	16232	16104
9	16105	16106	16234	16233	16105
9	16106	16107	16235	16234	16106
9	16107	16108	16236	16235	16107
9	16108	16109	16237	16236	16108
9	16109	16110	16238	16237	16109
9	16110	16111	16239	16238	16110
9	16111	16112	16240	16239	16111
9	16112	16113	16241	16240	16112
9	16113	16114	16242	16241	16113
9	16114	16115	16243	16242	16114
9	16115	16116	16244	16243	16115
9	16116	16117	16245	16244	16116
9	16117	16118	16246	16245	16117
9	16118	16119	16247	16246	16118
9	16119	16120	16248	16247	16119
9	16120	16121	16249	16248	16120
9	16121	16122	16250	16249	16121
9	16122	16123	16251	16250	16122
9	16123	16124	16252	16251	16123
9	16124	16125	16253	16252	16124
9	16125	16126	16254	16253	16125
9	16126	16127	16255	16254	16126
9	16127	16000	16128	16255	16127
9	16128	16129	16257	16256	16128
9	16129	16130	16258	16257	16129
9	16130	16131	16259	16258	16130
9	16131	16132	16260	16259	16131
9	16132	16133	16261	16260	16132
9	16133	16134	16262	16261	16133
9	16134	16135	16263	16262	16134
9	16135	16136	16264	16263	16135
9	16136	16137	16265	16264	16136
9	16137	16138	16266	16265	16137
9	16138	16139	16267	16266	16138
9	16139	16140	16268	16267	16139
9	16140	16141	16269	16268	16140
9	16141	16142	16270	16269	16141
9	16142	16143	16271	16270	16142
9	16143	16144	16272	16271	16143
9	16144	16145	16273	16272	16144
9	16145	16146	16274	16273	16145
9	16146	16147	16275	16274	16146
9	16147	16148	16276	16275	16147
9	16148	16149	16277	16276	16148
9	16149	16150	16278	16277	16149
9	16150	16151	16279	16278	16150
9	16151	16152	16280	16279	16151
9	16152	16153	16281	16280	16152
9	16153	16154	16282	16281	16153
9	16154	16155	16283	16282	16154
9	16155	16156	16284	16283	16155
9	16156	16157	16285	16284	16156
9	16157	16158	16286	16285	16157
9	16158	16159	16287	16286	16158
9	16159	16160	16288	16287	16159
9	16160	16161	16289	16288	16160
9	16161	16162	16290	16289	16161
9	16162	16163	16291	16290	16162
9	16163	16164	16292	16291	16163
9	16164	16165	16293	16292	16164
9	16165	16166	16294	16293	16165
9	16166	16167	16295	16294	16166
9	16167	16168	16296	16295	16167
9	16168	16169	16297	16296	16168
9	16169	16170	16298	16297	16169
9	16170	16171	16299	16298	16170
9	16171	16172	16300	16299	16171
9	16172	16173	16301	16300	16172
9	16173	16174	16302	16301	16173
9	16174	16175	16303	16302	16174
9	16175	16176	16304	16303	16175
9	16176	16177	16305	16304	16176
9	16177	16178	16306	16305	16177
9	16178	16179	16307	16306	16178
9	16179	16180	16308	16307	16179
9	16180	16181	16309	16308	16180
9	16181	16182	16310	16309	16181
9	16182	16183	16311	16310	16182
9	16183	16184	16312	16311	16183
9	16184	16185	16313	16312	16184
9	16185	16186	16314	16313	16185
9	16186	16187	16315	16314	16186
9	16187	16188	16316	16315	16187
9	16188	16189	16317	16316	16188
9	16189	16190	16318	16317	16189
9	16190	16191	16319	16318	16190
9	16191	16192	16320	16319	16191
9	16192	16193	16321	16320	16192
9	16193	16194	16322	16321	16193
9	16194	16195	16323	16322	16194
9	16195	16196	16324	16323	16195
9	16196	16197	16325	16324	16196
9	16197	16198	16326	16325	16197
9	16198	16199	16327	16326	16198
9	16199	16200	16328	16327	16199
9	16200	16201	16329	16328	16200
9	16201	16202	16330	16329	16201
9	16202	16203	16331	16330	16202
9	16203	16204	16332	16331	16203
9	16204	16205	16333	16332	16204
9	16205	16206	16334	16333	16205
9	16206	16207	16335	16334	16206
9	16207	16208	16336	16335	16207
9	16208	16209	16337	16336	16208
9	16209	16210	16338	16337	16209
9	16210	16211	16339	16338	16210
9	16211	16212	16340	16339	16211
9	16212	16213	16341	16340	16212
9	16213	16214	16342	16341	16213
9	16214	16215	16343	16342	16214
9	16215	16216	16344	16343	16215
9	16216	16217	16345	16344	16216
9	16217	16218	16346	16345	16217
9	16218	16219	16347	16346	16218
9	16219	16220	16348	16347	16219
9	16220	16221	16349	16348	16220
9	16221	16222	16350	16349	16221
9	16222	16223	16351	16350	16222
9	16223	16224	16352	16351	16223
9	16224	16225	16353	16352	16224
9	16225	16226	16354	16353	16225
9	16226	16227	16355	16354	16226
9	16227	16228	16356	16355	16227
9	16228	16229	16357	16356	16228
9	16229	16230	16358	16357	16229
9	16230	16231	16359	16358	16230
9	16231	16232	16360	16359	16231
9	16232	16233	16361	16360	16232
9	16233	16234	16362	16361	16233
9	16234	16235	16363	16362	16234
9	16235	16236	16364	16363	16235
9	16236	16237	16365	16364	16236
9	16237	16238	16366	16365	16237
9	16238	16239	16367	16366	16238
9	16239	16240	16368	16367	16239
9	16240	16241	16369	16368	16240
9	16241	16242	16370	16369	16241
9	16242	16243	16371	16370	16242
9	16243	16244	16372	16371	16243
9	16244	16245	16373	16372	16244
9	16245	16246	16374	16373	16245
9	16246	16247	16375	16374	16246
9	16247	16248	16376	16375	16247
9	16248	16249	16377	16376	16248
9	16249	16250	16378	16377	16249
9	16250	16251	16379	16378	16250
9	16251	16252	16380	16379	16251
9	16252	16253	16381	16380	16252
9	16253	16254	16382	16381	16253
9	16254	16255	16383	16382	16254
9	16255	16128	16256	16383	16255
9	16256	16257	16385	16384	16256
9	16257	16258	16386	16385	16257
9	16258	16259	16387	16386	16258
9	16259	16260	16388	16387	16259
9	16260	16261	16389	16388	16260
9	16261	16262	16390	16389	16261
9	16262	16263	16391	16390	16262
9	16263	16264	16392	16391	16263
9	16264	16265	16393	16392	16264
9	16265	16266	16394	16393	16265
9	16266	16267	16395	16394	16266
9	16267	16268	16396	16395	16267
9	16268	16269	16397	16396	16268
9	16269	16270	16398	16397	16269
9	16270	16271	16399	16398	16270
9	16271	16272	16400	16399	16271
9	16272	16273	16401	16400	16272
9	16273	16274	16402	16401	16273
9	16274	16275	16403	16402	16274
9	16275	16276	16404	16403	16275
9	16276	16277	16405	16404	16276
9	16277	16278	16406	16405	16277
9	16278	16279	16407	16406	16278
9	16279	16280	16408	16407	16279
9	16280	16281	16409	16408	16280
9	16281	16282	16410	16409	16281
9	16282	16283	16411	16410	16282
9	16283	16284	16412	16411	16283
9	16284	16285	16413	16412	16284
9	16285	16286	16414	16413	16285
9	16286	16287	16415	16414	16286
9	16287	16288	16416	16415	16287
9	16288	16289	16417	16416	16288
9	16289	16290	16418	16417	16289
9	16290	16291	16419	16418	16290
9	16291	16292	16420	16419	16291
9	16292	16293	16421	16420	16292
9	16293	16294	16422	16421	16293
9	16294	16295	16423	16422	16294
9	16295	16296	16424	16423	16295
9	16296	16297	16425	16424	16296
9	16297	16298	16426	16425	16297
9	16298	16299	16427	16426	16298
9	16299	16300	16428	16427	16299
9	16300	16301	16429	16428	16300
9	16301	16302	16430	16429	16301
9	16302	16303	16431	16430	16302
9	16303	16304	16432	16431	16303
9	16304	16305	16433	16432	16304
9	16305	16306	16434	16433	16305
9	16306	16307	16435	16434	16306
9	16307	16308	16436	16435	16307
9	16308	16309	16437	16436	16308
9	16309	16310	16438	16437	16309
9	16310	16311	16439	16438	16310
9	16311	16312	16440	16439	16311
9	16312	16313	16441	16440	16312
9	16313	16314	16442	16441	16313
9	16314	16315	16443	16442	16314
9	16315	16316	16444	16443	16315
9	16316	16317	16445	16444	16316
9	16317	16318	16446	16445	16317
9	16318	16319	16447	16446	16318
9	16319	16320	16448	16447	16319
9	16320	16321	16449	16448	16320
9	16321	16322	16450	16449	16321
9	16322	16323	16451	16450	16322
9	16323	16324	16452	16451	16323
9	16324	16325	16453	16452	16324
9	16325	16326	16454	16453	16325
9	16326	16327	16455	16454	16326
9	16327	16328	16456	16455	16327
9	16328	16329	16457	16456	16328
9	16329	16330	16458	16457	16329
9	16330	16331	16459	16458	16330
9	16331	16332	16460	16459	16331
9	16332	16333	16461	16460	16332
9	16333	16334	16462	16461	16333
9	16334	16335	16463	16462	16334
9	16335	16336	16464	16463	16335
9	16336	16337	16465	16464	16336
9	16337	16338	16466	16465	16337
9	16338	16339	16467	16466	16338
9	16339	16340	16468	16467	16339
9	16340	16341	16469	16468	16340
9	16341	16342	16470	16469	16341
9	16342	16343	16471	16470	16342
9	16343	16344	16472	16471	16343
9	16344	16345	16473	16472	16344
9	16345	16346	16474	16473	16345
9	16346	16347	16475	16474	16346
9	16347	16348	16476	16475	16347
9	16348	16349	16477	16476	16348
9	16349	16350	16478	16477	16349
9	16350	16351	16479	16478	16350
9	16351	16352	16480	16479	16351
9	16352	16353	16481	16480	16352
9	16353	16354	16482	16481	16353
9	16354	16355	16483	16482	16354
9	16355	16356	16484	16483	16355
9	16356	16357	16485	16484	16356
9	16357	16358	16486	16485	16357
9	16358	16359	16487	16486	16358
9	16359	16360	16488	16487	16359
9	16360	16361	16489	16488	16360
9	16361	16362	16490	16489	16361
9	16362	16363	16491	16490	16362
9	16363	16364	16492	16491	16363
9	16364	16365	16493	16492	16364
9	16365	16366	16494	16493	16365
9	16366	16367	16495	16494	16366
9	16367	16368	16496	16495	16367
9	16368	16369	16497	16496	16368
9	16369	16370	16498	16497	16369
9	16370	16371	16499	16498	16370
9	16371	16372	16500	16499	16371
9	16372	16373	16501	16500	16372
9	16373	16374	16502	16501	16373
9	16374	16375	16503	16502	16374
9	16375	16376	16504	16503	16375
9	16376	16377	16505	16504	16376
9	16377	16378	16506	16505	16377
9	16378	16379	16507	16506	16378
9	16379	16380	16508	16507	16379
9	16380	16381	16509	16508	16380
9	16381	16382	16510	16509	16381
9	16382	16383	16511	16510	16382
9	16383	16256	16384	16511	16383
%
% Node coordinates
%
NPOIN= 16512
0.999999996	-2.12862768e-16	0
0.999927765	-0.000258393646	1
0.999778114	-0.000511322965	2
0.999481139	-0.000759701677	3
0.9989917	-0.00101064748	4
0.998303672	-0.00128701273	5
0.997337802	-0.00156098226	6
0.996038402	-0.00181211184	7
0.994349078	-0.00205009848	8
0.992216108	-0.0023374672	9
0.989578616	-0.00270394267	10
0.986371338	-0.00315523026	11
0.982527737	-0.00368890346	12
0.977983184	-0.00430951613	13
0.972675665	-0.00502904719	14
0.966544944	-0.00585806391	15
0.959532274	-0.00680018071	16
0.951581934	-0.00785725468	17
0.942642498	-0.00903304603	18
0.93266707	-0.010330867	19
0.92161356	-0.0117516142	20
0.909445406	-0.0132945161	21
0.89613225	-0.0149577542	22
0.881650393	-0.0167380407	23
0.865983224	-0.0186302592	24
0.849121817	-0.0206286241	25
0.831065252	-0.0227260824	26
0.811820748	-0.0249125071	27
0.791404398	-0.0271785542	28
0.769840915	-0.0295112834	29
0.747164142	-0.031897387	30
0.723417181	-0.034323266	31
0.698651886	-0.0367700166	32
0.672929587	-0.0392205972	33
0.646320481	-0.04165513	34
0.618903479	-0.0440509236	35
0.590766188	-0.0463854326	36
0.562004155	-0.0486311973	37
0.532720948	-0.0507621974	38
0.503027219	-0.0527482328	39
0.473040445	-0.0545595008	40
0.442884167	-0.0561657129	41
0.412687075	-0.0575329456	42
0.382582557	-0.0586312793	43
0.352707485	-0.0594290414	44
0.323201386	-0.0598979846	45
0.294205279	-0.0600101365	46
0.265860556	-0.0597429906	47
0.238307676	-0.0590783582	48
0.211684928	-0.0579996246	49
0.186126741	-0.056501309	50
0.161762769	-0.0545779579	51
0.138715932	-0.0522342594	52
0.1171018	-0.0494765642	53
0.0970270149	-0.0463182865	54
0.0785890476	-0.0427758273	55
0.0618765787	-0.0388662306	56
0.0469704789	-0.0346086876	57
0.033948214	-0.0300194219	58
0.0228914779	-0.025113374	59
0.0139003152	-0.0199114782	60
0.00711024937	-0.0144727135	61
0.00266625287	-0.00899468268	62
0.000504865044	-0.00396205352	63
-3.445101e-16	1.91942628e-11	64
0.000504865054	0.00396205355	65
0.0026662529	0.00899468272	66
0.00711024943	0.0144727136	67
0.0139003153	0.0199114783	68
0.0228914784	0.0251133736	69
0.0339481934	0.0300194705	70
0.0469704306	0.0346088078	71
0.0618765752	0.0388662062	72
0.0785890365	0.0427758278	73
0.0970270051	0.0463182843	74
0.11710179	0.049476563	75
0.138715922	0.0522342582	76
0.161762759	0.0545779571	77
0.186126732	0.0565013083	78
0.211684919	0.0579996241	79
0.238307667	0.0590783579	80
0.265860547	0.0597429905	81
0.294205271	0.0600101365	82
0.323201378	0.0598979847	83
0.352707477	0.0594290416	84
0.38258255	0.0586312795	85
0.412687068	0.0575329459	86
0.44288416	0.0561657133	87
0.473040439	0.0545595012	88
0.503027214	0.0527482332	89
0.532720943	0.0507621976	90
0.562004149	0.0486311974	91
0.590766183	0.0463854387	92
0.618903472	0.0440508974	93
0.646320474	0.0416550934	94
0.672929584	0.0392206051	95
0.698651882	0.0367700137	96
0.723417177	0.0343232672	97
0.747164139	0.0318973871	98
0.769840912	0.0295112837	99
0.791404396	0.0271785545	100
0.811820746	0.0249125073	101
0.83106525	0.0227260826	102
0.849121815	0.0206286243	103
0.865983223	0.0186302594	104
0.881650391	0.0167380409	105
0.896132249	0.0149577543	106
0.909445405	0.0132945163	107
0.921613559	0.0117516143	108
0.932667069	0.0103308671	109
0.942642497	0.00903304611	110
0.951581933	0.00785725475	111
0.959532274	0.00680018076	112
0.966544944	0.00585806395	113
0.972675665	0.00502904723	114
0.977983183	0.00430951616	115
0.982527737	0.00368890348	116
0.986371337	0.00315523028	117
0.989578616	0.00270394268	118
0.992216108	0.0023374672	119
0.994349078	0.00205009849	120
0.996038402	0.00181211184	121
0.997337802	0.00156098226	122
0.998303672	0.00128701274	123
0.9989917	0.00101064748	124
0.999481139	0.000759701677	125
0.999778114	0.000511322964	126
0.999927765	0.000258393646	127
1.000002	-2.33215877e-16	128
0.999929598	-0.000259218219	129
0.999779608	-0.000512666002	130
0.999482176	-0.000761422627	131
0.998992513	-0.00101248436	132
0.998304306	-0.00128891904	133
0.997338249	-0.00156294109	134
0.996038716	-0.00181409619	135
0.994349346	-0.00205208969	136
0.99221638	-0.00233945769	137
0.989578895	-0.00270593225	138
0.986371616	-0.00315721996	139
0.982528011	-0.00369089381	140
0.977983454	-0.00431150692	141
0.972675935	-0.00503103811	142
0.966545213	-0.00586005497	143
0.95953254	-0.00680217209	144
0.951582197	-0.00785924644	145
0.942642759	-0.00903503815	146
0.932667328	-0.0103328595	147
0.921613814	-0.0117536071	148
0.909445657	-0.0132965095	149
0.896132497	-0.014959748	150
0.881650635	-0.016740035	151
0.865983463	-0.018632254	152
0.849122051	-0.0206306195	153
0.831065481	-0.0227280783	154
0.811820973	-0.0249145036	155
0.791404617	-0.0271805514	156
0.769841128	-0.0295132811	157
0.747164349	-0.0318993854	158
0.723417382	-0.034325265	159
0.69865208	-0.0367720163	160
0.672929774	-0.0392225976	161
0.64632066	-0.0416571311	162
0.61890365	-0.0440529255	163
0.590766349	-0.0463874352	164
0.562004306	-0.0486332007	165
0.532721088	-0.0507642016	166
0.503027347	-0.0527502378	167
0.473040559	-0.0545615067	168
0.442884266	-0.0561677196	169
0.412687158	-0.057534953	170
0.382582621	-0.0586332874	171
0.352707528	-0.0594310501	172
0.323201406	-0.0598999936	173
0.294205274	-0.0600121456	174
0.265860522	-0.0597449994	175
0.238307611	-0.0590803663	176
0.21168483	-0.0580016312	177
0.186126604	-0.0565033134	178
0.161762589	-0.054579959	179
0.138715704	-0.0522362556	180
0.117101519	-0.0494785535	181
0.0970266716	-0.0463202661	182
0.0785886325	-0.042777793	183
0.0618760784	-0.0388681764	184
0.0469698752	-0.0346106039	185
0.0339474814	-0.0300212926	186
0.02289058	-0.0251151713	187
0.0138992019	-0.0199131506	188
0.00710886148	-0.0144741662	189
0.0026645626	-0.00899576868	190
0.000502947017	-0.00396265151	191
-2.00908531e-06	1.91925204e-11	192
0.000502947027	0.00396265155	193
0.00266456263	0.00899576872	194
0.00710886154	0.0144741662	195
0.013899202	0.0199131508	196
0.0228905805	0.0251151709	197
0.0339474607	0.0300213413	198
0.0469698269	0.034610724	199
0.0618760749	0.038868152	200
0.0785886214	0.0427777935	201
0.0970266619	0.0463202638	202
0.117101509	0.0494785523	203
0.138715695	0.0522362544	204
0.16176258	0.0545799581	205
0.186126595	0.0565033127	206
0.211684821	0.0580016308	207
0.238307603	0.059080366	208
0.265860514	0.0597449993	209
0.294205266	0.0600121456	210
0.323201398	0.0598999936	211
0.35270752	0.0594310502	212
0.382582614	0.0586332876	213
0.412687151	0.0575349533	214
0.442884259	0.0561677199	215
0.473040553	0.054561507	216
0.503027341	0.0527502383	217
0.532721083	0.0507642018	218
0.562004301	0.0486332008	219
0.590766344	0.0463874413	220
0.618903643	0.0440528992	221
0.646320653	0.0416570945	222
0.672929771	0.0392226055	223
0.698652076	0.0367720134	224
0.723417378	0.0343252662	225
0.747164346	0.0318993855	226
0.769841126	0.0295132815	227
0.791404615	0.0271805516	228
0.81182097	0.0249145039	229
0.831065479	0.0227280786	230
0.84912205	0.0206306197	231
0.865983461	0.0186322542	232
0.881650634	0.0167400352	233
0.896132496	0.0149597482	234
0.909445656	0.0132965096	235
0.921613814	0.0117536072	236
0.932667327	0.0103328596	237
0.942642758	0.00903503823	238
0.951582197	0.00785924651	239
0.95953254	0.00680217215	240
0.966545212	0.00586005502	241
0.972675935	0.00503103815	242
0.977983454	0.00431150695	243
0.98252801	0.00369089383	244
0.986371616	0.00315721998	245
0.989578895	0.00270593227	246
0.99221638	0.0023394577	247
0.994349346	0.0020520897	248
0.996038716	0.00181409619	249
0.997338249	0.00156294109	250
0.998304306	0.00128891904	251
0.998992513	0.00101248436	252
0.999482176	0.000761422626	253
0.999779608	0.000512666002	254
0.999929598	0.000259218219	255
1.00000431	-2.73208165e-16	256
0.999931715	-0.000260141912	257
0.999781331	-0.000514204634	258
0.99948341	-0.00076337543	259
0.998993457	-0.00101459291	260
0.998305035	-0.00129111091	261
0.99733877	-0.00156519149	262
0.996039089	-0.00181637591	263
0.99434966	-0.0020543782	264
0.992216694	-0.00234174628	265
0.989579215	-0.00270821995	266
0.986371936	-0.00315950773	267
0.982528326	-0.00369318222	268
0.977983765	-0.00431379581	269
0.972676245	-0.0050333272	270
0.966545521	-0.00586234425	271
0.959532846	-0.0068044617	272
0.9515825	-0.00786153647	273
0.942643058	-0.0090373286	274
0.932667624	-0.0103351504	275
0.921614107	-0.0117558984	276
0.909445945	-0.0132988014	277
0.896132781	-0.0149620404	278
0.881650915	-0.016742328	279
0.865983737	-0.0186345476	280
0.84912232	-0.0206329137	281
0.831065745	-0.0227303732	282
0.81182123	-0.0249167991	283
0.791404869	-0.0271828475	284
0.769841373	-0.029515578	285
0.747164587	-0.031901683	286
0.723417612	-0.0343275633	287
0.698652303	-0.0367743153	288
0.672929989	-0.0392248975	289
0.646320866	-0.0416594318	290
0.618903846	-0.044055227	291
0.590766534	-0.0463897376	292
0.56200448	-0.048635504	293
0.532721249	-0.0507665058	294
0.503027494	-0.052752543	295
0.47304069	-0.0545638128	296
0.44288438	-0.0561700266	297
0.412687252	-0.0575372609	298
0.382582694	-0.058635596	299
0.352707577	-0.0594333593	300
0.323201429	-0.0599023032	301
0.294205268	-0.0600144553	302
0.265860484	-0.0597473088	303
0.238307537	-0.0590826748	304
0.211684716	-0.0580039381	305
0.186126446	-0.0565056177	306
0.161762382	-0.0545822594	307
0.138715442	-0.0522385503	308
0.117101194	-0.0494808402	309
0.0970262756	-0.0463225415	310
0.0785881533	-0.0427800524	311
0.0618755004	-0.0388704126	312
0.0469691773	-0.0346128055	313
0.0339466333	-0.0300234409	314
0.0228895389	-0.025117233	315
0.0138979088	-0.0199150643	316
0.00710725014	-0.0144758208	317
0.00266260724	-0.00899699788	318
0.000500734133	-0.00396331286	319
-4.31871047e-06	1.91938241e-11	320
0.000500734143	0.0039633129	321
0.00266260727	0.00899699793	322
0.0071072502	0.0144758209	323
0.0138979089	0.0199150645	324
0.0228895394	0.0251172325	325
0.0339466126	0.0300234896	326
0.0469691289	0.0346129257	327
0.0618754969	0.0388703882	328
0.0785881422	0.0427800529	329
0.0970262659	0.0463225393	330
0.117101184	0.049480839	331
0.138715432	0.0522385492	332
0.161762373	0.0545822585	333
0.186126437	0.056505617	334
0.211684707	0.0580039377	335
0.238307528	0.0590826745	336
0.265860475	0.0597473087	337
0.294205259	0.0600144553	338
0.323201421	0.0599023033	339
0.352707569	0.0594333595	340
0.382582687	0.0586355962	341
0.412687245	0.0575372612	342
0.442884373	0.0561700269	343
0.473040684	0.0545638131	344
0.503027488	0.0527525434	345
0.532721244	0.050766506	346
0.562004474	0.0486355041	347
0.59076653	0.0463897436	348
0.618903839	0.0440552007	349
0.646320858	0.0416593952	350
0.672929985	0.0392249054	351
0.698652299	0.0367743125	352
0.723417609	0.0343275645	353
0.747164584	0.0319016831	354
0.769841371	0.0295155783	355
0.791404866	0.0271828478	356
0.811821228	0.0249167993	357
0.831065743	0.0227303734	358
0.849122319	0.0206329139	359
0.865983736	0.0186345478	360
0.881650913	0.0167423282	361
0.89613278	0.0149620406	362
0.909445944	0.0132988015	363
0.921614106	0.0117558985	364
0.932667623	0.0103351505	365
0.942643057	0.00903732868	366
0.951582499	0.00786153654	367
0.959532846	0.00680446176	368
0.966545521	0.0058623443	369
0.972676244	0.00503332724	370
0.977983765	0.00431379584	371
0.982528325	0.00369318224	372
0.986371935	0.00315950774	373
0.989579215	0.00270821996	374
0.992216694	0.00234174629	375
0.99434966	0.0020543782	376
0.996039089	0.00181637591	377
0.99733877	0.00156519149	378
0.998305035	0.00129111091	379
0.998993457	0.00101459291	380
0.99948341	0.000763375429	381
0.999781331	0.000514204634	382
0.999931715	0.000260141912	383
1.00000697	-2.34391019e-16	384
0.999934158	-0.000261182811	385
0.999783323	-0.000515961368	386
0.999484863	-0.000765598593	387
0.998994557	-0.00101701024	388
0.998305878	-0.00129362951	389
0.997339378	-0.00156777682	390
0.996039529	-0.00181899509	391
0.994350029	-0.00205700837	392
0.992217056	-0.00234437742	393
0.989579583	-0.00271085036	394
0.986372302	-0.00316213819	395
0.982528688	-0.00369581334	396
0.977984124	-0.00431642746	397
0.972676601	-0.0050359591	398
0.966545876	-0.00586497638	399
0.959533198	-0.00680709422	400
0.951582848	-0.00786416945	401
0.942643403	-0.00903996206	402
0.932667964	-0.0103377843	403
0.921614443	-0.0117585329	404
0.909446277	-0.0133014365	405
0.896133107	-0.0149646761	406
0.881651236	-0.0167449643	407
0.865984053	-0.0186371846	408
0.84912263	-0.0206355514	409
0.831066048	-0.0227330116	410
0.811821526	-0.0249194383	411
0.791405158	-0.0271854875	412
0.769841655	-0.0295182187	413
0.747164861	-0.0319043245	414
0.723417878	-0.0343302057	415
0.698652559	-0.0367769586	416
0.672930235	-0.0392275416	417
0.646321102	-0.0416620769	418
0.618904071	-0.044057873	419
0.590766747	-0.0463923847	420
0.562004679	-0.048638152	421
0.532721434	-0.0507691549	422
0.503027662	-0.0527551932	423
0.473040841	-0.054566464	424
0.44288451	-0.0561726789	425
0.41268736	-0.0575399141	426
0.382582778	-0.0586382501	427
0.352707633	-0.0594360141	428
0.323201455	-0.0599049585	429
0.29420526	-0.0600171107	430
0.265860439	-0.0597499638	431
0.238307451	-0.0590853287	432
0.211684584	-0.0580065902	433
0.186126264	-0.0565082667	434
0.161762143	-0.0545849039	435
0.138715139	-0.0522411883	436
0.11710082	-0.0494834689	437
0.0970258185	-0.0463251571	438
0.0785875999	-0.0427826493	439
0.0618748326	-0.0388729824	440
0.0469683699	-0.034615335	441
0.0339456508	-0.0300259076	442
0.0228883305	-0.0251195972	443
0.0138964057	-0.019917253	444
0.00710537808	-0.0144777037	445
0.00266034402	-0.00899838623	446
0.000498183873	-0.00396405161	447
-6.97383338e-06	1.91990575e-11	448
0.000498183883	0.00396405164	449
0.00266034405	0.00899838628	450
0.00710537815	0.0144777037	451
0.0138964057	0.0199172531	452
0.022888331	0.0251195968	453
0.0339456301	0.0300259563	454
0.0469683216	0.0346154552	455
0.0618748292	0.0388729581	456
0.0785875888	0.0427826498	457
0.0970258088	0.0463251549	458
0.11710081	0.0494834677	459
0.13871513	0.0522411871	460
0.161762134	0.054584903	461
0.186126255	0.0565082661	462
0.211684575	0.0580065897	463
0.238307442	0.0590853284	464
0.265860431	0.0597499637	465
0.294205252	0.0600171107	466
0.323201447	0.0599049586	467
0.352707626	0.0594360143	468
0.38258277	0.0586382503	469
0.412687353	0.0575399144	470
0.442884503	0.0561726792	471
0.473040834	0.0545664644	472
0.503027656	0.0527551936	473
0.532721428	0.0507691552	474
0.562004674	0.0486381522	475
0.590766743	0.0463923907	476
0.618904064	0.0440578468	477
0.646321095	0.0416620403	478
0.672930232	0.0392275496	479
0.698652555	0.0367769558	480
0.723417874	0.0343302069	481
0.747164858	0.0319043246	482
0.769841652	0.0295182191	483
0.791405155	0.0271854877	484
0.811821524	0.0249194385	485
0.831066046	0.0227330118	486
0.849122628	0.0206355516	487
0.865984051	0.0186371848	488
0.881651234	0.0167449645	489
0.896133106	0.0149646763	490
0.909446276	0.0133014366	491
0.921614442	0.011758533	492
0.932667964	0.0103377844	493
0.942643402	0.00903996214	494
0.951582847	0.00786416952	495
0.959533197	0.00680709428	496
0.966545875	0.00586497643	497
0.972676601	0.00503595913	498
0.977984123	0.00431642749	499
0.982528688	0.00369581336	500
0.986372302	0.00316213821	501
0.989579583	0.00271085037	502
0.992217056	0.00234437743	503
0.994350029	0.00205700837	504
0.996039529	0.00181899509	505
0.997339378	0.00156777682	506
0.998305878	0.00129362951	507
0.998994557	0.00101701024	508
0.999484863	0.000765598592	509
0.999783323	0.000515961367	510
0.999934158	0.000261182811	511
1.00001002	-5.99614767e-17	512
0.999936976	-0.000262359396	513
0.999785628	-0.000517964798	514
0.999486566	-0.000768133605	515
0.998995841	-0.00101978077	516
0.998306856	-0.0012965224	517
0.997340089	-0.00157074683	518
0.996040048	-0.0018220044	519
0.994350462	-0.0020600312	520
0.992217475	-0.00234740226	521
0.989580005	-0.00271387474	522
0.986372724	-0.00316516266	523
0.982529104	-0.00369883849	524
0.977984536	-0.0043194532	525
0.972677011	-0.00503898514	526
0.966546283	-0.00586800271	527
0.959533602	-0.00681012098	528
0.951583248	-0.00786719674	529
0.942643798	-0.00904298989	530
0.932668356	-0.0103408127	531
0.92161483	-0.0117615619	532
0.909446658	-0.0133044661	533
0.896133483	-0.0149677065	534
0.881651605	-0.0167479955	535
0.865984415	-0.0186402165	536
0.849122985	-0.0206385841	537
0.831066396	-0.0227360451	538
0.811821867	-0.0249224726	539
0.79140549	-0.0271885227	540
0.769841979	-0.0295212549	541
0.747165176	-0.0319073616	542
0.723418183	-0.0343332437	543
0.698652854	-0.0367799976	544
0.672930519	-0.0392305817	545
0.646321374	-0.041665118	546
0.61890433	-0.0440609152	547
0.590766992	-0.046395428	548
0.562004908	-0.0486411965	549
0.532721646	-0.0507722006	550
0.503027856	-0.0527582401	551
0.473041013	-0.0545695121	552
0.44288466	-0.0561757281	553
0.412687484	-0.0575429645	554
0.382582873	-0.0586413015	555
0.352707697	-0.0594390663	556
0.323201484	-0.0599080111	557
0.294205251	-0.0600201634	558
0.265860387	-0.0597530161	559
0.238307352	-0.0590883798	560
0.211684432	-0.058009639	561
0.186126054	-0.056511312	562
0.161761868	-0.054587944	563
0.13871479	-0.0522442208	564
0.117100387	-0.0494864907	565
0.0970252908	-0.0463281637	566
0.0785869609	-0.0427856341	567
0.0618740608	-0.0388759356	568
0.0469674358	-0.034618241	569
0.0339445123	-0.0300287397	570
0.0228869278	-0.0251223082	571
0.0138946588	-0.019919756	572
0.00710320522	-0.0144798473	573
0.00265772764	-0.00899995823	574
0.000495246803	-0.00396488234	575
-1.00261372e-05	1.92090687e-11	576
0.000495246813	0.00396488237	577
0.00265772767	0.00899995828	578
0.00710320528	0.0144798474	579
0.0138946589	0.0199197562	580
0.0228869283	0.0251223077	581
0.0339444916	0.0300287883	582
0.0469673875	0.0346183611	583
0.0618740574	0.0388759113	584
0.0785869498	0.0427856346	585
0.0970252811	0.0463281614	586
0.117100378	0.0494864895	587
0.138714781	0.0522442196	588
0.161761858	0.0545879431	589
0.186126044	0.0565113114	590
0.211684423	0.0580096386	591
0.238307343	0.0590883795	592
0.265860379	0.059753016	593
0.294205242	0.0600201634	594
0.323201476	0.0599080112	595
0.35270769	0.0594390665	596
0.382582866	0.0586413017	597
0.412687477	0.0575429648	598
0.442884653	0.0561757285	599
0.473041007	0.0545695125	600
0.50302785	0.0527582405	601
0.53272164	0.0507722008	602
0.562004903	0.0486411967	603
0.590766987	0.046395434	604
0.618904323	0.044060889	605
0.646321366	0.0416650814	606
0.672930516	0.0392305896	607
0.69865285	0.0367799948	608
0.723418179	0.0343332449	609
0.747165173	0.0319073617	610
0.769841976	0.0295212552	611
0.791405488	0.027188523	612
0.811821865	0.0249224729	613
0.831066394	0.0227360453	614
0.849122984	0.0206385843	615
0.865984414	0.0186402167	616
0.881651604	0.0167479956	617
0.896133482	0.0149677066	618
0.909446657	0.0133044663	619
0.921614829	0.0117615621	620
0.932668355	0.0103408128	621
0.942643798	0.00904298997	622
0.951583248	0.00786719681	623
0.959533601	0.00681012104	624
0.966546283	0.00586800276	625
0.97267701	0.00503898518	626
0.977984535	0.00431945323	627
0.982529104	0.00369883851	628
0.986372724	0.00316516268	629
0.989580005	0.00271387475	630
0.992217475	0.00234740226	631
0.994350462	0.00206003121	632
0.996040048	0.0018220044	633
0.997340089	0.00157074683	634
0.998306856	0.0012965224	635
0.998995841	0.00101978077	636
0.999486566	0.000768133605	637
0.999785628	0.000517964797	638
0.999936976	0.000262359396	639
1.00001354	2.75507018e-16	640
0.999940224	-0.000263692153	641
0.999788294	-0.000520249452	642
0.999488554	-0.000771027194	643
0.99899734	-0.00102295611	644
0.998307993	-0.00129984447	645
0.997340917	-0.00157415864	646
0.996040658	-0.00182546202	647
0.99435097	-0.00206350538	648
0.99221796	-0.00235087962	649
0.989580491	-0.00271735201	650
0.986373208	-0.00316864013	651
0.982529583	-0.0037023167	652
0.97798501	-0.00432293206	653
0.972677482	-0.00504246437	654
0.966546752	-0.00587148228	655
0.959534066	-0.00681360104	656
0.951583708	-0.00787067738	657
0.942644254	-0.00904647115	658
0.932668806	-0.0103442946	659
0.921615274	-0.0117650446	660
0.909447096	-0.0133079495	661
0.896133914	-0.0149711906	662
0.881652029	-0.0167514805	663
0.865984832	-0.0186437024	664
0.849123394	-0.0206420709	665
0.831066796	-0.0227395328	666
0.811822258	-0.0249259613	667
0.791405872	-0.0271920124	668
0.769842351	-0.0295247456	669
0.747165537	-0.0319108534	670
0.723418533	-0.0343367366	671
0.698653192	-0.0367834916	672
0.672930845	-0.0392340768	673
0.646321686	-0.0416686144	674
0.618904627	-0.0440644128	675
0.590767273	-0.0463989269	676
0.562005171	-0.0486446967	677
0.53272189	-0.0507757022	678
0.503028078	-0.052761743	679
0.473041211	-0.0545730165	680
0.442884831	-0.0561792338	681
0.412687626	-0.0575464715	682
0.382582983	-0.0586448095	683
0.352707771	-0.0594425752	684
0.323201517	-0.0599115206	685
0.294205239	-0.060023673	686
0.265860326	-0.0597565251	687
0.238307236	-0.0590918874	688
0.211684256	-0.0580131441	689
0.18612581	-0.056514813	690
0.161761549	-0.0545914388	691
0.138714388	-0.0522477069	692
0.117099889	-0.0494899643	693
0.0970246818	-0.0463316196	694
0.0785862229	-0.0427890648	695
0.0618731687	-0.0388793294	696
0.0469663548	-0.0346215793	697
0.0339431928	-0.0300319912	698
0.0228852997	-0.0251254165	699
0.0138926303	-0.0199226191	700
0.0071006862	-0.0144822901	701
0.00265470611	-0.00900174226	702
0.000491865749	-0.00396582085	703
-1.35350363e-05	1.92246802e-11	704
0.000491865759	0.00396582089	705
0.00265470614	0.00900174231	706
0.00710068627	0.0144822901	707
0.0138926303	0.0199226193	708
0.0228853002	0.0251254161	709
0.0339431721	0.0300320398	710
0.0469663065	0.0346216995	711
0.0618731653	0.0388793051	712
0.0785862118	0.0427890653	713
0.0970246721	0.0463316173	714
0.117099879	0.049489963	715
0.138714378	0.0522477057	716
0.16176154	0.054591438	717
0.186125801	0.0565148124	718
0.211684247	0.0580131436	719
0.238307228	0.0590918871	720
0.265860318	0.059756525	721
0.294205231	0.060023673	722
0.32320151	0.0599115207	723
0.352707763	0.0594425754	724
0.382582976	0.0586448098	725
0.412687619	0.0575464718	726
0.442884824	0.0561792342	727
0.473041205	0.0545730168	728
0.503028072	0.0527617435	729
0.532721884	0.0507757024	730
0.562005166	0.0486446969	731
0.590767268	0.0463989329	732
0.61890462	0.0440643866	733
0.646321678	0.0416685777	734
0.672930842	0.0392340847	735
0.698653188	0.0367834888	736
0.72341853	0.0343367378	737
0.747165534	0.0319108535	738
0.769842348	0.0295247459	739
0.79140587	0.0271920127	740
0.811822256	0.0249259616	741
0.831066794	0.0227395331	742
0.849123392	0.0206420711	743
0.86598483	0.0186437026	744
0.881652028	0.0167514806	745
0.896133913	0.0149711908	746
0.909447095	0.0133079496	747
0.921615273	0.0117650447	748
0.932668805	0.0103442947	749
0.942644253	0.00904647123	750
0.951583708	0.00787067745	751
0.959534066	0.00681360109	752
0.966546751	0.00587148233	753
0.972677482	0.00504246441	754
0.977985009	0.00432293209	755
0.982529583	0.00370231672	756
0.986373208	0.00316864015	757
0.98958049	0.00271735203	758
0.99221796	0.00235087963	759
0.99435097	0.00206350538	760
0.996040658	0.00182546202	761
0.997340917	0.00157415864	762
0.998307993	0.00129984447	763
0.99899734	0.00102295611	764
0.999488554	0.000771027193	765
0.999788294	0.000520249451	766
0.999940224	0.000263692153	767
1.00001757	7.89463414e-16	768
0.999943967	-0.000265204236	769
0.999791377	-0.000522855536	770
0.999490872	-0.000774332477	771
0.998999086	-0.00102659562	772
0.998309314	-0.00130365893	773
0.997341885	-0.00157807789	774
0.996041375	-0.00182943484	775
0.994351564	-0.00206749832	776
0.992218522	-0.00235487715	777
0.98958105	-0.00272134993	778
0.986373765	-0.00317263841	779
0.982530133	-0.00370631581	780
0.977985555	-0.00432693189	781
0.972678023	-0.00504646465	782
0.96654729	-0.00587548296	783
0.959534601	-0.00681760227	784
0.951584237	-0.00787467928	785
0.942644777	-0.00905047375	786
0.932669323	-0.010348298	787
0.921615785	-0.0117690487	788
0.9094476	-0.0133119545	789
0.89613441	-0.0149751965	790
0.881652517	-0.0167554873	791
0.865985311	-0.0186477103	792
0.849123864	-0.0206460798	793
0.831067257	-0.0227435428	794
0.811822708	-0.0249299724	795
0.791406311	-0.0271960246	796
0.769842779	-0.029528759	797
0.747165953	-0.0319148679	798
0.723418936	-0.0343407524	799
0.698653582	-0.0367875087	800
0.672931219	-0.0392380952	801
0.646322045	-0.0416726341	802
0.618904968	-0.044068434	803
0.590767596	-0.0464029496	804
0.562005474	-0.0486487209	805
0.53272217	-0.0507797279	806
0.503028333	-0.0527657703	807
0.473041439	-0.0545770453	808
0.442885028	-0.0561832642	809
0.412687789	-0.0575505033	810
0.382583108	-0.0586488426	811
0.352707854	-0.0594466093	812
0.323201555	-0.0599155553	813
0.294205226	-0.0600277078	814
0.265860256	-0.0597605592	815
0.238307103	-0.0590959198	816
0.211684053	-0.0580171735	817
0.18612553	-0.0565188377	818
0.161761182	-0.0545954565	819
0.138713923	-0.0522517143	820
0.117099313	-0.0494939572	821
0.0970239787	-0.046335592	822
0.0785853704	-0.0427930078	823
0.0618721374	-0.0388832294	824
0.0469651036	-0.0346254144	825
0.0339416636	-0.0300357241	826
0.0228834106	-0.0251289808	827
0.0138902764	-0.019925895	828
0.00709776895	-0.014485076	829
0.00265121932	-0.00900377055	830
0.000487974726	-0.00396688454	831
-1.7568833e-05	1.92468295e-11	832
0.000487974736	0.00396688458	833
0.00265121935	0.00900377059	834
0.00709776901	0.014485076	835
0.0138902764	0.0199258951	836
0.0228834111	0.0251289803	837
0.0339416429	0.0300357727	838
0.0469650553	0.0346255346	839
0.061872134	0.0388832051	840
0.0785853593	0.0427930083	841
0.097023969	0.0463355898	842
0.117099303	0.049493956	843
0.138713913	0.0522517132	844
0.161761173	0.0545954556	845
0.186125521	0.0565188371	846
0.211684044	0.058017173	847
0.238307094	0.0590959195	848
0.265860248	0.0597605591	849
0.294205217	0.0600277078	850
0.323201547	0.0599155554	851
0.352707847	0.0594466095	852
0.382583101	0.0586488429	853
0.412687782	0.0575505036	854
0.442885021	0.0561832646	855
0.473041432	0.0545770457	856
0.503028327	0.0527657708	857
0.532722164	0.0507797282	858
0.562005469	0.0486487211	859
0.590767591	0.0464029556	860
0.618904961	0.0440684078	861
0.646322037	0.0416725975	862
0.672931216	0.0392381032	863
0.698653578	0.0367875059	864
0.723418933	0.0343407536	865
0.74716595	0.0319148681	866
0.769842776	0.0295287593	867
0.791406309	0.0271960249	868
0.811822706	0.0249299726	869
0.831067255	0.022743543	870
0.849123862	0.02064608	871
0.86598531	0.0186477104	872
0.881652516	0.0167554875	873
0.896134409	0.0149751967	874
0.909447599	0.0133119546	875
0.921615784	0.0117690488	876
0.932669322	0.0103482981	877
0.942644776	0.00905047384	878
0.951584236	0.00787467935	879
0.9595346	0.00681760233	880
0.96654729	0.00587548301	881
0.972678023	0.00504646469	882
0.977985554	0.00432693192	883
0.982530133	0.00370631583	884
0.986373765	0.00317263843	885
0.98958105	0.00272134994	886
0.992218522	0.00235487715	887
0.994351564	0.00206749832	888
0.996041375	0.00182943484	889
0.997341885	0.00157807789	890
0.998309314	0.00130365893	891
0.998999086	0.00102659562	892
0.999490872	0.000774332476	893
0.999791377	0.000522855535	894
0.999943967	0.000265204236	895
1.00002221	1.49653239e-15	896
0.99994828	-0.0002669218	897
0.999794941	-0.000525829206	898
0.999493569	-0.000778109982	899
0.999001121	-0.00103076744	900
0.998310852	-0.00130803839	901
0.997343014	-0.00158257992	902
0.996042215	-0.00183399969	903
0.994352259	-0.00207208749	904
0.992219175	-0.00235947259	905
0.989581695	-0.00272594638	906
0.986374405	-0.00317723545	907
0.982530767	-0.00371091381	908
0.977986182	-0.00433153073	909
0.972678646	-0.00505106401	910
0.966547909	-0.00588008279	911
0.959535215	-0.00682220273	912
0.951584845	-0.00787928049	913
0.942645378	-0.00905507577	914
0.932669918	-0.0103529008	915
0.921616372	-0.0117736525	916
0.909448179	-0.0133165592	917
0.896134981	-0.0149798023	918
0.881653078	-0.0167600942	919
0.865985862	-0.0186523182	920
0.849124404	-0.0206506889	921
0.831067786	-0.0227481532	922
0.811823226	-0.024934584	923
0.791406816	-0.0272006376	924
0.76984327	-0.0295333732	925
0.747166431	-0.0319194836	926
0.723419399	-0.0343453695	927
0.698654029	-0.0367921272	928
0.67293165	-0.0392427153	929
0.646322457	-0.0416772557	930
0.618905361	-0.0440730572	931
0.590767967	-0.0464075744	932
0.562005821	-0.0486533475	933
0.532722491	-0.0507843563	934
0.503028625	-0.0527704005	935
0.4730417	-0.0545816773	936
0.442885254	-0.0561878979	937
0.412687976	-0.0575551386	938
0.382583252	-0.0586534794	939
0.35270795	-0.0594512472	940
0.323201597	-0.0599201939	941
0.294205209	-0.0600323464	942
0.265860174	-0.059765197	943
0.238306949	-0.0591005556	944
0.211683818	-0.0580218058	945
0.186125206	-0.0565234645	946
0.161760758	-0.0546000751	947
0.138713386	-0.0522563212	948
0.117098649	-0.0494985473	949
0.0970231669	-0.0463401582	950
0.0785843856	-0.0427975397	951
0.061870945	-0.0388877111	952
0.0469636555	-0.03462982	953
0.0339398915	-0.0300400095	954
0.0228812196	-0.0251330679	955
0.013887547	-0.019929644	956
0.0070943934	-0.0144882555	957
0.00264719792	-0.00900607971	958
0.000483497701	-0.00396809285	959
-2.22060469e-05	1.92760148e-11	960
0.000483497711	0.00396809289	961
0.00264719795	0.00900607976	962
0.00709439346	0.0144882556	963
0.0138875471	0.0199296441	964
0.0228812201	0.0251330675	965
0.0339398708	0.0300400581	966
0.0469636072	0.0346299402	967
0.0618709416	0.0388876868	968
0.0785843745	0.0427975402	969
0.0970231572	0.0463401559	970
0.117098639	0.049498546	971
0.138713377	0.05225632	972
0.161760749	0.0546000743	973
0.186125197	0.0565234639	974
0.211683809	0.0580218054	975
0.23830694	0.0591005553	976
0.265860166	0.0597651968	977
0.294205201	0.0600323463	978
0.32320159	0.0599201939	979
0.352707942	0.0594512473	980
0.382583245	0.0586534796	981
0.412687969	0.0575551389	982
0.442885247	0.0561878982	983
0.473041693	0.0545816776	984
0.503028619	0.0527704009	985
0.532722485	0.0507843565	986
0.562005816	0.0486533477	987
0.590767962	0.0464075804	988
0.618905354	0.044073031	989
0.646322449	0.0416772191	990
0.672931646	0.0392427232	991
0.698654025	0.0367921244	992
0.723419396	0.0343453707	993
0.747166428	0.0319194837	994
0.769843268	0.0295333736	995
0.791406814	0.0272006378	996
0.811823224	0.0249345843	997
0.831067784	0.0227481534	998
0.849124403	0.0206506891	999
0.86598586	0.0186523184	1000
0.881653077	0.0167600943	1001
0.896134979	0.0149798025	1002
0.909448178	0.0133165594	1003
0.921616371	0.0117736526	1004
0.932669917	0.0103529009	1005
0.942645378	0.00905507585	1006
0.951584844	0.00787928057	1007
0.959535214	0.00682220279	1008
0.966547909	0.00588008284	1009
0.972678646	0.00505106405	1010
0.977986181	0.00433153076	1011
0.982530767	0.00371091383	1012
0.986374405	0.00317723547	1013
0.989581695	0.00272594639	1014
0.992219174	0.0023594726	1015
0.994352259	0.0020720875	1016
0.996042215	0.00183399969	1017
0.997343014	0.00158257992	1018
0.998310852	0.00130803839	1019
0.999001121	0.00103076744	1020
0.999493569	0.000778109982	1021
0.999794941	0.000525829206	1022
0.99994828	0.0002669218	1023
1.00002755	2.39783882e-15	1024
0.999953246	-0.000268874426	1025
0.999799059	-0.000529223204	1026
0.999496704	-0.000782428772	1027
0.999003489	-0.0010355497	1028
0.998312641	-0.00131306623	1029
0.997344332	-0.00158775129	1030
0.996043199	-0.00183924483	1031
0.994353071	-0.00207736195	1032
0.992219931	-0.00236475532	1033
0.989582438	-0.00273123088	1034
0.986375142	-0.00318252087	1035
0.982531495	-0.00371620039	1036
0.977986903	-0.00433681827	1037
0.972679362	-0.00505635216	1038
0.966548621	-0.0058853715	1039
0.95953592	-0.00682749216	1040
0.951585544	-0.00788457078	1041
0.94264607	-0.00906036696	1042
0.932670601	-0.010358193	1043
0.921617047	-0.0117789456	1044
0.909448844	-0.0133218535	1045
0.896135636	-0.0149850978	1046
0.881653723	-0.0167653909	1047
0.865986495	-0.0186576162	1048
0.849125026	-0.0206559883	1049
0.831068394	-0.0227534539	1050
0.81182382	-0.0249398862	1051
0.791407397	-0.0272059412	1052
0.769843835	-0.0295386784	1053
0.74716698	-0.0319247903	1054
0.723419931	-0.0343506778	1055
0.698654543	-0.0367974372	1056
0.672932144	-0.0392480269	1057
0.64632293	-0.0416825692	1058
0.618905812	-0.0440783725	1059
0.590768393	-0.0464128916	1060
0.56200622	-0.0486586667	1061
0.53272286	-0.0507896775	1062
0.503028961	-0.0527757237	1063
0.473041999	-0.0545870025	1064
0.442885513	-0.0561932251	1065
0.41268819	-0.0575604677	1066
0.382583416	-0.05865881	1067
0.352708059	-0.0594565791	1068
0.323201645	-0.0599255265	1069
0.294205189	-0.0600376791	1070
0.265860079	-0.0597705287	1071
0.23830677	-0.0591058851	1072
0.211683547	-0.0580271312	1073
0.186124832	-0.0565287835	1074
0.161760269	-0.0546053846	1075
0.138712768	-0.052261617	1076
0.117097882	-0.0495038236	1077
0.0970222297	-0.0463454068	1078
0.078583248	-0.0428027484	1079
0.0618695664	-0.0388928612	1080
0.0469619795	-0.034634881	1081
0.0339378384	-0.0300449295	1082
0.0228786796	-0.025137755	1083
0.0138843844	-0.0199339356	1084
0.00709049032	-0.0144918867	1085
0.00264256193	-0.00900871151	1086
0.000478347153	-0.00396946775	1087
-2.75369435e-05	1.93123017e-11	1088
0.000478347163	0.00396946779	1089
0.00264256196	0.00900871156	1090
0.00709049038	0.0144918867	1091
0.0138843845	0.0199339357	1092
0.0228786801	0.0251377545	1093
0.0339378176	0.0300449781	1094
0.0469619312	0.0346350011	1095
0.061869563	0.0388928368	1096
0.0785832369	0.0428027489	1097
0.09702222	0.0463454045	1098
0.117097872	0.0495038224	1099
0.138712758	0.0522616158	1100
0.16176026	0.0546053838	1101
0.186124823	0.0565287829	1102
0.211683538	0.0580271308	1103
0.238306762	0.0591058848	1104
0.265860071	0.0597705286	1105
0.294205181	0.060037679	1106
0.323201637	0.0599255266	1107
0.352708052	0.0594565793	1108
0.382583409	0.0586588103	1109
0.412688183	0.0575604679	1110
0.442885506	0.0561932254	1111
0.473041993	0.0545870029	1112
0.503028955	0.0527757241	1113
0.532722854	0.0507896777	1114
0.562006215	0.0486586668	1115
0.590768388	0.0464128976	1116
0.618905805	0.0440783463	1117
0.646322923	0.0416825326	1118
0.672932141	0.0392480349	1119
0.698654539	0.0367974343	1120
0.723419928	0.034350679	1121
0.747166977	0.0319247904	1122
0.769843833	0.0295386787	1123
0.791407394	0.0272059414	1124
0.811823818	0.0249398864	1125
0.831068392	0.0227534541	1126
0.849125024	0.0206559885	1127
0.865986494	0.0186576164	1128
0.881653721	0.0167653911	1129
0.896135635	0.0149850979	1130
0.909448843	0.0133218537	1131
0.921617046	0.0117789458	1132
0.9326706	0.0103581931	1133
0.942646069	0.00906036704	1134
0.951585543	0.00788457085	1135
0.95953592	0.00682749222	1136
0.966548621	0.00588537155	1137
0.972679362	0.0050563522	1138
0.977986902	0.0043368183	1139
0.982531495	0.00371620041	1140
0.986375142	0.00318252089	1141
0.989582438	0.00273123089	1142
0.992219931	0.00236475532	1143
0.994353071	0.00207736195	1144
0.996043199	0.00183924483	1145
0.997344332	0.00158775129	1146
0.998312641	0.00131306624	1147
0.999003489	0.0010355497	1148
0.999496704	0.000782428772	1149
0.999799059	0.000529223203	1150
0.999953246	0.000268874426	1151
1.00003369	3.50988293e-15	1152
0.999958966	-0.000271095648	1153
0.999803817	-0.000533097734	1154
0.999500345	-0.000787367731	1155
0.999006245	-0.00104103194	1156
0.998314723	-0.0013188382	1157
0.99734587	-0.0015936914	1158
0.996044351	-0.00184527164	1159
0.99435402	-0.002083424	1160
0.992220809	-0.00237082807	1161
0.989583297	-0.00273730637	1162
0.98637599	-0.00318859772	1163
0.982532333	-0.00372227863	1164
0.977987732	-0.00434289764	1165
0.972680186	-0.00506243226	1166
0.966549439	-0.00589145225	1167
0.959536732	-0.00683357373	1168
0.951586348	-0.00789065332	1169
0.942646865	-0.00906645053	1170
0.932671387	-0.0103642777	1171
0.921617823	-0.0117850315	1172
0.90944961	-0.0133279406	1173
0.89613639	-0.0149911862	1174
0.881654464	-0.0167714807	1175
0.865987223	-0.0186637076	1176
0.84912574	-0.0206620811	1177
0.831069093	-0.0227595483	1178
0.811824504	-0.0249459822	1179
0.791408064	-0.0272120389	1180
0.769844485	-0.0295447778	1181
0.747167612	-0.0319308915	1182
0.723420543	-0.0343567808	1183
0.698655134	-0.0368035422	1184
0.672932713	-0.0392541338	1185
0.646323475	-0.0416886781	1186
0.61890633	-0.0440844835	1187
0.590768883	-0.0464190048	1188
0.562006679	-0.0486647821	1189
0.532723284	-0.0507957952	1190
0.503029347	-0.0527818437	1191
0.473042343	-0.0545931249	1192
0.44288581	-0.0561993497	1193
0.412688436	-0.0575665943	1194
0.382583604	-0.0586649385	1195
0.352708184	-0.059462709	1196
0.3232017	-0.0599316573	1197
0.294205165	-0.0600438098	1198
0.265859969	-0.0597766583	1199
0.238306564	-0.059112012	1200
0.211683234	-0.0580332534	1201
0.1861244	-0.0565348983	1202
0.161759704	-0.0546114884	1203
0.138712053	-0.0522677049	1204
0.117096997	-0.0495098888	1205
0.0970211475	-0.0463514398	1206
0.0785819336	-0.0428087349	1207
0.0618679724	-0.0388987792	1208
0.0469600397	-0.0346406948	1209
0.0339354601	-0.0300505779	1210
0.0228757362	-0.0251431305	1211
0.0138807221	-0.0199388494	1212
0.00708597992	-0.0144960356	1213
0.00263721924	-0.00901171365	1214
0.000472422382	-0.00397103422	1215
-3.3665291e-05	1.93553888e-11	1216
0.000472422393	0.00397103426	1217
0.00263721927	0.00901171369	1218
0.00708597998	0.0144960357	1219
0.0138807221	0.0199388495	1220
0.0228757366	0.02514313	1221
0.0339354393	0.0300506265	1222
0.0469599914	0.0346408149	1223
0.061867969	0.0388987549	1224
0.0785819225	0.0428087354	1225
0.0970211378	0.0463514375	1226
0.117096987	0.0495098876	1227
0.138712044	0.0522677037	1228
0.161759695	0.0546114876	1229
0.186124391	0.0565348977	1230
0.211683225	0.058033253	1231
0.238306555	0.0591120117	1232
0.26585996	0.0597766582	1233
0.294205157	0.0600438098	1234
0.323201692	0.0599316574	1235
0.352708176	0.0594627092	1236
0.382583597	0.0586649388	1237
0.412688429	0.0575665946	1238
0.442885804	0.05619935	1239
0.473042337	0.0545931252	1240
0.503029341	0.0527818442	1241
0.532723278	0.0507957954	1242
0.562006673	0.0486647823	1243
0.590768878	0.0464190108	1244
0.618906323	0.0440844573	1245
0.646323467	0.0416886415	1246
0.67293271	0.0392541418	1247
0.69865513	0.0368035393	1248
0.72342054	0.034356782	1249
0.747167609	0.0319308916	1250
0.769844483	0.0295447782	1251
0.791408061	0.0272120392	1252
0.811824502	0.0249459825	1253
0.831069091	0.0227595486	1254
0.849125738	0.0206620813	1255
0.865987222	0.0186637078	1256
0.881654462	0.0167714809	1257
0.896136388	0.0149911864	1258
0.909449609	0.0133279408	1259
0.921617822	0.0117850316	1260
0.932671386	0.0103642778	1261
0.942646864	0.00906645062	1262
0.951586347	0.00789065339	1263
0.959536731	0.00683357379	1264
0.966549439	0.0058914523	1265
0.972680186	0.0050624323	1266
0.977987732	0.00434289767	1267
0.982532333	0.00372227865	1268
0.98637599	0.00318859774	1269
0.989583297	0.00273730638	1270
0.992220808	0.00237082808	1271
0.99435402	0.00208342401	1272
0.996044351	0.00184527164	1273
0.99734587	0.0015936914	1274
0.998314723	0.0013188382	1275
0.999006245	0.00104103194	1276
0.999500345	0.00078736773	1277
0.999803817	0.000533097733	1278
0.999958966	0.000271095648	1279
1.00004074	4.83426627e-15	1280
0.999965552	-0.000273623564	1281
0.999809313	-0.000537521539	1282
0.999504571	-0.000793017042	1283
0.99900945	-0.0010473168	1284
0.998317145	-0.00132546417	1285
0.997347664	-0.00160051438	1286
0.996045699	-0.00185219655	1287
0.994355128	-0.00209039124	1288
0.992221827	-0.00237780894	1289
0.989584288	-0.00274429118	1290
0.986376967	-0.00319558444	1291
0.982533297	-0.00372926707	1292
0.977988686	-0.00434988741	1293
0.972681133	-0.0050694229	1294
0.96655038	-0.00589844366	1295
0.959537665	-0.00684056608	1296
0.951587271	-0.00789764677	1297
0.942647779	-0.00907344516	1298
0.932672291	-0.0103712735	1299
0.921618715	-0.0117920287	1300
0.909450489	-0.0133349393	1301
0.896137256	-0.0149981864	1302
0.881655316	-0.0167784825	1303
0.86598806	-0.018670711	1304
0.84912656	-0.0206690863	1305
0.831069897	-0.0227665553	1306
0.81182529	-0.0249529911	1307
0.791408831	-0.0272190496	1308
0.769845232	-0.0295517905	1309
0.747168337	-0.0319379062	1310
0.723421246	-0.0343637976	1311
0.698655813	-0.0368105611	1312
0.672933366	-0.039261155	1313
0.6463241	-0.0416957016	1314
0.618906926	-0.0440915094	1315
0.590769445	-0.0464260331	1316
0.562007205	-0.048671813	1317
0.532723771	-0.0508028286	1318
0.50302979	-0.0527888798	1319
0.473042738	-0.0546001636	1320
0.442886151	-0.056206391	1321
0.412688717	-0.057573638	1322
0.38258382	-0.0586719842	1323
0.352708326	-0.0594697563	1324
0.323201761	-0.0599387055	1325
0.294205136	-0.060050858	1326
0.26585984	-0.0597837051	1327
0.238306325	-0.0591190557	1328
0.211682873	-0.0580402916	1329
0.186123902	-0.0565419279	1330
0.161759053	-0.0546185052	1331
0.138711229	-0.0522747032	1332
0.117095976	-0.0495168609	1333
0.0970198979	-0.0463583744	1334
0.0785804149	-0.0428156154	1335
0.0618661292	-0.0389055798	1336
0.0469577949	-0.0346473733	1337
0.0339327057	-0.0300570628	1338
0.0228723265	-0.0251492959	1339
0.0138764832	-0.0199444768	1340
0.00708077023	-0.0145007784	1341
0.0026310638	-0.00901514067	1342
0.000465607563	-0.00397282075	1343
-4.07103805e-05	1.94046332e-11	1344
0.000465607573	0.00397282079	1345
0.00263106383	0.00901514071	1346
0.00708077029	0.0145007785	1347
0.0138764832	0.019944477	1348
0.022872327	0.0251492954	1349
0.0339326849	0.0300571114	1350
0.0469577466	0.0346474935	1351
0.0618661258	0.0389055554	1352
0.0785804038	0.0428156159	1353
0.0970198882	0.0463583721	1354
0.117095966	0.0495168597	1355
0.138711219	0.0522747021	1356
0.161759044	0.0546185044	1357
0.186123893	0.0565419273	1358
0.211682864	0.0580402912	1359
0.238306316	0.0591190554	1360
0.265859832	0.059783705	1361
0.294205128	0.060050858	1362
0.323201753	0.0599387056	1363
0.352708319	0.0594697565	1364
0.382583813	0.0586719845	1365
0.41268871	0.0575736383	1366
0.442886145	0.0562063913	1367
0.473042732	0.0546001639	1368
0.503029784	0.0527888803	1369
0.532723765	0.0508028289	1370
0.5620072	0.0486718131	1371
0.590769441	0.0464260391	1372
0.618906919	0.0440914831	1373
0.646324093	0.0416956649	1374
0.672933363	0.0392611629	1375
0.698655809	0.0368105582	1376
0.723421243	0.0343637988	1377
0.747168334	0.0319379063	1378
0.769845229	0.0295517909	1379
0.791408828	0.0272190499	1380
0.811825288	0.0249529913	1381
0.831069895	0.0227665555	1382
0.849126559	0.0206690865	1383
0.865988058	0.0186707112	1384
0.881655314	0.0167784827	1385
0.896137255	0.0149981866	1386
0.909450488	0.0133349394	1387
0.921618714	0.0117920288	1388
0.93267229	0.0103712736	1389
0.942647778	0.00907344525	1390
0.951587271	0.00789764684	1391
0.959537664	0.00684056614	1392
0.966550379	0.0058984437	1393
0.972681132	0.00506942294	1394
0.977988685	0.00434988744	1395
0.982533297	0.00372926709	1396
0.986376967	0.00319558446	1397
0.989584287	0.00274429119	1398
0.992221827	0.00237780895	1399
0.994355128	0.00209039125	1400
0.996045699	0.00185219656	1401
0.997347664	0.00160051439	1402
0.998317145	0.00132546417	1403
0.99900945	0.0010473168	1404
0.999504571	0.000793017042	1405
0.999809313	0.000537521538	1406
0.999965552	0.000273623564	1407
1.00004885	6.34507069e-15	1408
0.999973136	-0.000276501549	1409
0.999815659	-0.000542573165	1410
0.999509472	-0.000799479888	1411
0.999013176	-0.00105452196	1412
0.998319964	-0.00133307024	1413
0.997349757	-0.00160835132	1414
0.996047275	-0.00186015332	1415
0.994356422	-0.00209839881	1416
0.992223009	-0.00238583366	1417
0.989585432	-0.00275232133	1418
0.986378093	-0.00320361722	1419
0.982534406	-0.00373730198	1420
0.977989783	-0.00435792391	1421
0.972682222	-0.00507746044	1422
0.966551461	-0.0059064821	1423
0.959538737	-0.00684860561	1424
0.951588333	-0.00790568755	1425
0.94264883	-0.00908148727	1426
0.932673329	-0.0103793171	1427
0.92161974	-0.0118000738	1428
0.9094515	-0.013342986	1429
0.896138252	-0.0150062348	1430
0.881656295	-0.0167865328	1431
0.865989022	-0.0186787632	1432
0.849127504	-0.0206771404	1433
0.831070821	-0.0227746115	1434
0.811826193	-0.0249610493	1435
0.791409712	-0.0272271101	1436
0.769846091	-0.0295598532	1437
0.747169172	-0.0319459712	1438
0.723422055	-0.034371865	1439
0.698656594	-0.0368186309	1440
0.672934117	-0.0392692273	1441
0.646324819	-0.0417037765	1442
0.61890761	-0.044099587	1443
0.590770092	-0.0464341136	1444
0.56200781	-0.0486798963	1445
0.53272433	-0.0508109149	1446
0.503030299	-0.0527969692	1447
0.473043191	-0.0546082559	1448
0.442886542	-0.0562144862	1449
0.41268904	-0.0575817359	1450
0.382584067	-0.0586800845	1451
0.352708489	-0.0594778584	1452
0.32320183	-0.0599468085	1453
0.294205102	-0.0600589609	1454
0.265859691	-0.0597918064	1455
0.238306049	-0.0591271533	1456
0.211682455	-0.0580483828	1457
0.186123327	-0.0565500092	1458
0.161758301	-0.0546265716	1459
0.138710278	-0.0522827483	1460
0.117094796	-0.0495248754	1461
0.0970184548	-0.0463663453	1462
0.0785786602	-0.0428235234	1463
0.0618639979	-0.0389133944	1464
0.0469551972	-0.0346550452	1465
0.0339295165	-0.0300645081	1466
0.0228683784	-0.0251563679	1467
0.0138715793	-0.0199509228	1468
0.00707475531	-0.0145062021	1469
0.00262397352	-0.00901905504	1470
0.000457769489	-0.0039748599	1471
-4.88093476e-05	1.94590392e-11	1472
0.000457769499	0.00397485993	1473
0.00262397355	0.00901905508	1474
0.00707475537	0.0145062021	1475
0.0138715794	0.0199509229	1476
0.0228683789	0.0251563674	1477
0.0339294957	0.0300645567	1478
0.0469551489	0.0346551654	1479
0.0618639946	0.03891337	1480
0.0785786491	0.0428235238	1481
0.0970184451	0.0463663431	1482
0.117094787	0.0495248742	1483
0.138710268	0.0522827471	1484
0.161758292	0.0546265708	1485
0.186123317	0.0565500085	1486
0.211682446	0.0580483824	1487
0.23830604	0.059127153	1488
0.265859683	0.0597918063	1489
0.294205094	0.0600589609	1490
0.323201822	0.0599468086	1491
0.352708481	0.0594778585	1492
0.38258406	0.0586800847	1493
0.412689033	0.0575817361	1494
0.442886536	0.0562144865	1495
0.473043185	0.0546082562	1496
0.503030293	0.0527969696	1497
0.532724324	0.0508109152	1498
0.562007805	0.0486798965	1499
0.590770087	0.0464341196	1500
0.618907603	0.0440995608	1501
0.646324812	0.0417037399	1502
0.672934114	0.0392692352	1503
0.69865659	0.036818628	1504
0.723422052	0.0343718661	1505
0.747169169	0.0319459713	1506
0.769846088	0.0295598535	1507
0.79140971	0.0272271103	1508
0.811826191	0.0249610496	1509
0.831070819	0.0227746117	1510
0.849127502	0.0206771406	1511
0.86598902	0.0186787634	1512
0.881656294	0.0167865329	1513
0.896138251	0.015006235	1514
0.909451499	0.0133429861	1515
0.921619739	0.0118000739	1516
0.932673328	0.0103793172	1517
0.942648829	0.00908148736	1518
0.951588333	0.00790568762	1519
0.959538737	0.00684860566	1520
0.966551461	0.00590648215	1521
0.972682221	0.00507746048	1522
0.977989783	0.00435792394	1523
0.982534406	0.00373730201	1524
0.986378092	0.00320361723	1525
0.989585432	0.00275232134	1526
0.992223009	0.00238583367	1527
0.994356422	0.00209839882	1528
0.996047275	0.00186015332	1529
0.997349757	0.00160835133	1530
0.998319964	0.00133307024	1531
0.999013176	0.00105452195	1532
0.999509472	0.000799479887	1533
0.999815659	0.000542573165	1534
0.999973136	0.000276501549	1535
1.00005818	8.04153842e-15	1536
0.999981868	-0.000279779065	1537
0.999822987	-0.000548342424	1538
0.999515156	-0.0008068744	1539
0.999017506	-0.00106278235	1540
0.998323243	-0.00134180118	1541
0.997352197	-0.00161735275	1542
0.996049118	-0.00186929569	1543
0.994357932	-0.00210760201	1544
0.992224382	-0.00239505825	1545
0.989586754	-0.00276155319	1546
0.986379389	-0.00321285261	1547
0.982535683	-0.00374654003	1548
0.977991045	-0.00436716388	1549
0.972683474	-0.00508670165	1550
0.966552704	-0.00591572437	1551
0.95953997	-0.00685784912	1552
0.951589554	-0.00791493249	1553
0.942650038	-0.00909073374	1554
0.932674523	-0.0103885651	1555
0.921620919	-0.0118093236	1556
0.909452663	-0.0133522376	1557
0.896139397	-0.0150154885	1558
0.881657421	-0.0167957885	1559
0.865990128	-0.018688021	1560
0.849128589	-0.0206864005	1561
0.831071883	-0.0227838739	1562
0.811827232	-0.0249703141	1563
0.791410726	-0.0272363774	1564
0.769847078	-0.029569123	1565
0.747170131	-0.0319552436	1566
0.723422984	-0.0343811401	1567
0.698657491	-0.0368279088	1568
0.67293498	-0.0392785081	1569
0.646325646	-0.0417130603	1570
0.618908396	-0.0441088739	1571
0.590770834	-0.0464434036	1572
0.562008505	-0.0486891897	1573
0.532724972	-0.0508202117	1574
0.503030883	-0.0528062693	1575
0.473043711	-0.0546175595	1576
0.442886991	-0.056223793	1577
0.41268941	-0.0575910458	1578
0.382584349	-0.058689397	1579
0.352708675	-0.0594871729	1580
0.323201908	-0.0599561242	1581
0.294205061	-0.0600682764	1582
0.265859518	-0.05980112	1583
0.238305729	-0.0591364625	1584
0.211681972	-0.0580576847	1585
0.186122662	-0.0565592994	1586
0.161757433	-0.0546358447	1587
0.138709179	-0.0522919965	1588
0.117093435	-0.0495340882	1589
0.0970167882	-0.0463755075	1590
0.0785766326	-0.0428326121	1591
0.0618615337	-0.0389223742	1592
0.0469521915	-0.0346638583	1593
0.0339258246	-0.0300730562	1594
0.0228638083	-0.0251644802	1595
0.0138659085	-0.0199583074	1596
0.00706781312	-0.0145124065	1597
0.00261580793	-0.00902352829	1598
0.000448754985	-0.00397718893	1599
-5.81198424e-05	1.95172127e-11	1600
0.000448754995	0.00397718897	1601
0.00261580796	0.00902352834	1602
0.00706781318	0.0145124066	1603
0.0138659086	0.0199583076	1604
0.0228638087	0.0251644797	1605
0.0339258038	0.0300731047	1606
0.0469521433	0.0346639785	1607
0.0618615303	0.0389223499	1608
0.0785766215	0.0428326126	1609
0.0970167785	0.0463755052	1610
0.117093425	0.049534087	1611
0.13870917	0.0522919953	1612
0.161757424	0.0546358438	1613
0.186122653	0.0565592987	1614
0.211681963	0.0580576842	1615
0.23830572	0.0591364623	1616
0.26585951	0.0598011198	1617
0.294205053	0.0600682764	1618
0.3232019	0.0599561243	1619
0.352708667	0.0594871731	1620
0.382584342	0.0586893973	1621
0.412689403	0.0575910461	1622
0.442886985	0.0562237934	1623
0.473043705	0.0546175598	1624
0.503030877	0.0528062698	1625
0.532724967	0.050820212	1626
0.562008499	0.0486891898	1627
0.59077083	0.0464434096	1628
0.618908389	0.0441088476	1629
0.646325638	0.0417130236	1630
0.672934977	0.039278516	1631
0.698657487	0.0368279059	1632
0.723422981	0.0343811413	1633
0.747170128	0.0319552437	1634
0.769847075	0.0295691234	1635
0.791410723	0.0272363776	1636
0.81182723	0.0249703144	1637
0.831071881	0.0227838741	1638
0.849128587	0.0206864007	1639
0.865990126	0.0186880212	1640
0.88165742	0.0167957886	1641
0.896139395	0.0150154886	1642
0.909452662	0.0133522378	1643
0.921620918	0.0118093237	1644
0.932674523	0.0103885652	1645
0.942650037	0.00909073382	1646
0.951589554	0.00791493256	1647
0.95953997	0.00685784918	1648
0.966552704	0.00591572442	1649
0.972683474	0.00508670169	1650
0.977991045	0.00436716391	1651
0.982535683	0.00374654006	1652
0.986379389	0.00321285263	1653
0.989586754	0.0027615532	1654
0.992224382	0.00239505826	1655
0.994357932	0.00210760201	1656
0.996049118	0.00186929569	1657
0.997352197	0.00161735275	1658
0.998323243	0.00134180118	1659
0.999017506	0.00106278235	1660
0.999515156	0.000806874399	1661
0.999822987	0.000548342424	1662
0.999981868	0.000279779065	1663
1.0000689	9.88886887e-15	1664
0.99999192	-0.000283512577	1665
0.999831447	-0.000554932083	1666
0.999521743	-0.00081533591	1667
0.999022536	-0.00107225277	1668
0.998327057	-0.00135182317	1669
0.997355042	-0.00162769156	1670
0.996051272	-0.00187980026	1671
0.994359694	-0.0021181792	1672
0.992225976	-0.00240566206	1673
0.989588283	-0.00277216653	1674
0.986380884	-0.00322347061	1675
0.982537154	-0.00375716135	1676
0.977992497	-0.00437778751	1677
0.972684914	-0.00509732678	1678
0.966554134	-0.00592635076	1679
0.959541387	-0.00686847694	1680
0.951590958	-0.00792556193	1681
0.942651426	-0.00910136491	1682
0.932675896	-0.0103991982	1683
0.921622274	-0.0118199586	1684
0.909453999	-0.0133628747	1685
0.896140713	-0.0150261278	1686
0.881658716	-0.0168064302	1687
0.865991399	-0.0186986652	1688
0.849129835	-0.0206970472	1689
0.831073104	-0.0227945232	1690
0.811828426	-0.0249809662	1691
0.791411891	-0.0272470322	1692
0.769848212	-0.0295797808	1693
0.747171233	-0.0319659043	1694
0.723424052	-0.0343918039	1695
0.698658522	-0.0368385758	1696
0.672935972	-0.0392891783	1697
0.646326595	-0.0417237339	1698
0.618909299	-0.044119551	1699
0.590771687	-0.0464540844	1700
0.562009303	-0.0486998742	1701
0.53272571	-0.0508309001	1702
0.503031554	-0.0528169616	1703
0.473044308	-0.0546282556	1704
0.442887506	-0.0562344929	1705
0.412689834	-0.0576017491	1706
0.382584673	-0.0587001033	1707
0.352708887	-0.0594978815	1708
0.323201996	-0.059966834	1709
0.294205012	-0.0600789859	1710
0.265859317	-0.0598118272	1711
0.238305359	-0.0591471647	1712
0.211681415	-0.0580683782	1713
0.186121895	-0.0565699795	1714
0.161756431	-0.0546465048	1715
0.138707912	-0.0523026278	1716
0.117091864	-0.0495446784	1717
0.0970148635	-0.0463860387	1718
0.0785742897	-0.0428430579	1719
0.0618586844	-0.038932693	1720
0.0469487142	-0.0346739824	1721
0.0339215517	-0.0300828706	1722
0.0228585199	-0.0251737865	1723
0.0138593532	-0.0199667689	1724
0.0070598031	-0.0145195061	1725
0.00260640539	-0.00902864241	1726
0.000438387917	-0.00397985054	1727
-6.88230978e-05	1.95772533e-11	1728
0.000438387927	0.00397985058	1729
0.00260640542	0.00902864246	1730
0.00705980316	0.0145195062	1731
0.0138593532	0.0199667691	1732
0.0228585203	0.025173786	1733
0.0339215309	0.0300829192	1734
0.0469486659	0.0346741025	1735
0.061858681	0.0389326686	1736
0.0785742786	0.0428430583	1737
0.0970148538	0.0463860365	1738
0.117091854	0.0495446772	1739
0.138707902	0.0523026266	1740
0.161756422	0.0546465039	1741
0.186121886	0.0565699788	1742
0.211681406	0.0580683778	1743
0.23830535	0.0591471645	1744
0.265859308	0.0598118271	1745
0.294205004	0.0600789859	1746
0.323201988	0.0599668341	1747
0.352708879	0.0594978817	1748
0.382584666	0.0587001036	1749
0.412689827	0.0576017494	1750
0.4428875	0.0562344932	1751
0.473044302	0.054628256	1752
0.503031548	0.0528169621	1753
0.532725704	0.0508309003	1754
0.562009298	0.0486998744	1755
0.590771683	0.0464540904	1756
0.618909293	0.0441195248	1757
0.646326588	0.0417236973	1758
0.672935969	0.0392891863	1759
0.698658518	0.0368385729	1760
0.723424049	0.0343918051	1761
0.74717123	0.0319659044	1762
0.769848209	0.0295797811	1763
0.791411888	0.0272470325	1764
0.811828423	0.0249809665	1765
0.831073102	0.0227945235	1766
0.849129834	0.0206970474	1767
0.865991398	0.0186986654	1768
0.881658714	0.0168064303	1769
0.896140712	0.0150261279	1770
0.909453998	0.0133628749	1771
0.921622273	0.0118199587	1772
0.932675895	0.0103991983	1773
0.942651426	0.009101365	1774
0.951590957	0.007925562	1775
0.959541387	0.006868477	1776
0.966554133	0.0059263508	1777
0.972684914	0.00509732681	1778
0.977992497	0.00437778754	1779
0.982537153	0.00375716137	1780
0.986380884	0.00322347062	1781
0.989588283	0.00277216654	1782
0.992225976	0.00240566206	1783
0.994359694	0.0021181792	1784
0.996051272	0.00187980027	1785
0.997355042	0.00162769157	1786
0.998327057	0.00135182317	1787
0.999022536	0.00107225277	1788
0.999521743	0.000815335909	1789
0.999831447	0.000554932083	1790
0.99999192	0.000283512577	1791
1.00008123	1.18306665e-14	1792
1.00000349	-0.000287766616	1793
0.999841211	-0.000562459807	1794
0.999529374	-0.00082501954	1795
0.999028376	-0.00108311085	1796
0.998331492	-0.00136332702	1797
0.997358358	-0.00163956635	1798
0.996053787	-0.00189186996	1799
0.99436175	-0.00213033547	1800
0.992227827	-0.00241785121	1801
0.989590049	-0.00278436798	1802
0.986382608	-0.00323567813	1803
0.982538846	-0.003769373	1804
0.977994168	-0.00439000198	1805
0.97268657	-0.00510954306	1806
0.966555777	-0.00593856853	1807
0.959543017	-0.00688069636	1808
0.951592571	-0.00793778321	1809
0.942653023	-0.00911358817	1810
0.932677474	-0.0104114235	1811
0.921623832	-0.0118321862	1812
0.909455536	-0.0133751047	1813
0.896142226	-0.0150383603	1814
0.881660204	-0.0168186654	1815
0.865992861	-0.0187109032	1816
0.849131269	-0.0207092881	1817
0.831074508	-0.0228067671	1818
0.811829798	-0.0249932132	1819
0.79141323	-0.0272592824	1820
0.769849516	-0.0295920343	1821
0.7471725	-0.0319781612	1822
0.723425279	-0.0344040642	1823
0.698659707	-0.0368508397	1824
0.672937112	-0.039301446	1825
0.646327686	-0.0417360054	1826
0.618910338	-0.0441318265	1827
0.590772668	-0.0464663641	1828
0.56201022	-0.0487121582	1829
0.532726557	-0.0508431884	1830
0.503032324	-0.0528292544	1831
0.473044993	-0.0546405528	1832
0.442888097	-0.0562467943	1833
0.412690321	-0.0576140544	1834
0.382585044	-0.058712412	1835
0.352709129	-0.0595101927	1836
0.323202096	-0.0599791466	1837
0.294204954	-0.0600912981	1838
0.265859083	-0.0598241366	1839
0.238304931	-0.0591594683	1840
0.211680771	-0.0580806717	1841
0.18612101	-0.0565822573	1842
0.161755275	-0.0546587595	1843
0.138706449	-0.0523148491	1844
0.117090049	-0.0495568519	1845
0.0970126405	-0.0463981438	1846
0.0785715824	-0.0428550633	1847
0.0618553901	-0.0389445503	1848
0.0469446915	-0.0346856123	1849
0.0339166074	-0.0300941392	1850
0.0228524021	-0.0251844631	1851
0.0138517778	-0.0199764656	1852
0.00705056339	-0.0145276322	1853
0.00259557994	-0.00903449136	1854
0.000426465765	-0.00398289363	1855
-8.11274574e-05	1.96366964e-11	1856
0.000426465775	0.00398289367	1857
0.00259557997	0.00903449141	1858
0.00705056345	0.0145276322	1859
0.0138517779	0.0199764657	1860
0.0228524025	0.0251844626	1861
0.0339165865	0.0300941877	1862
0.0469446433	0.0346857325	1863
0.0618553867	0.038944526	1864
0.0785715713	0.0428550638	1865
0.0970126308	0.0463981415	1866
0.117090039	0.0495568507	1867
0.138706439	0.0523148479	1868
0.161755265	0.0546587586	1869
0.186121001	0.0565822567	1870
0.211680762	0.0580806713	1871
0.238304922	0.059159468	1872
0.265859075	0.0598241365	1873
0.294204945	0.060091298	1874
0.323202088	0.0599791466	1875
0.352709121	0.0595101929	1876
0.382585036	0.0587124123	1877
0.412690314	0.0576140547	1878
0.442888091	0.0562467946	1879
0.473044987	0.0546405531	1880
0.503032318	0.0528292548	1881
0.532726551	0.0508431887	1882
0.562010214	0.0487121584	1883
0.590772663	0.0464663701	1884
0.618910331	0.0441318003	1885
0.646327679	0.0417359688	1886
0.672937109	0.0393014539	1887
0.698659703	0.0368508368	1888
0.723425276	0.0344040654	1889
0.747172497	0.0319781613	1890
0.769849513	0.0295920346	1891
0.791413227	0.0272592827	1892
0.811829796	0.0249932135	1893
0.831074506	0.0228067674	1894
0.849131267	0.0207092883	1895
0.865992859	0.0187109034	1896
0.881660202	0.0168186656	1897
0.896142225	0.0150383605	1898
0.909455535	0.0133751049	1899
0.921623831	0.0118321863	1900
0.932677473	0.0104114236	1901
0.942653022	0.00911358825	1902
0.951592571	0.00793778328	1903
0.959543016	0.00688069642	1904
0.966555777	0.00593856858	1905
0.97268657	0.0051095431	1906
0.977994168	0.00439000201	1907
0.982538846	0.00376937303	1908
0.986382607	0.00323567815	1909
0.989590049	0.002784368	1910
0.992227826	0.00241785122	1911
0.99436175	0.00213033548	1912
0.996053787	0.00189186996	1913
0.997358358	0.00163956636	1914
0.998331492	0.00136332702	1915
0.999028376	0.00108311085	1916
0.999529374	0.000825019539	1917
0.999841211	0.000562459806	1918
1.00000349	0.000287766616	1919
1.00009541	1.38019882e-14	1920
1.00001681	-0.000292614573	1921
0.99985248	-0.000571060389	1922
0.999538212	-0.000836103177	1923
0.999035155	-0.00109556045	1924
0.998336647	-0.00137653186	1925
0.997362221	-0.00165320526	1926
0.996056724	-0.00190573793	1927
0.994364148	-0.00214430658	1928
0.992229976	-0.00243186261	1929
0.989592092	-0.00279839512	1930
0.986384595	-0.00324971307	1931
0.982540796	-0.00378341309	1932
0.977996091	-0.0044040455	1933
0.972688475	-0.00512358877	1934
0.966557667	-0.005952616	1935
0.95954489	-0.00689474575	1936
0.951594426	-0.00795183472	1937
0.942654858	-0.00912764193	1938
0.932679288	-0.0104254796	1939
0.921625623	-0.0118462449	1940
0.909457302	-0.0133891662	1941
0.896143965	-0.0150524247	1942
0.881661914	-0.0168327327	1943
0.865994541	-0.0187249738	1944
0.849132917	-0.020723362	1945
0.831076122	-0.0228208444	1946
0.811831376	-0.025007294	1947
0.791414769	-0.0272733668	1948
0.769851015	-0.0296061224	1949
0.747173956	-0.0319922532	1950
0.72342669	-0.0344181602	1951
0.698661069	-0.0368649398	1952
0.672938422	-0.0393155503	1953
0.64632894	-0.0417501141	1954
0.61891153	-0.0441459398	1955
0.590773794	-0.046480482	1956
0.562011273	-0.048726281	1957
0.53272753	-0.0508573162	1958
0.503033209	-0.0528433872	1959
0.47304578	-0.0546546906	1960
0.442888775	-0.0562609369	1961
0.412690879	-0.0576282015	1962
0.382585468	-0.0587265629	1963
0.352709405	-0.0595243465	1964
0.323202208	-0.0599933017	1965
0.294204884	-0.0601054527	1966
0.265858812	-0.059838288	1967
0.238304436	-0.0591736128	1968
0.211680026	-0.0580948046	1969
0.186119987	-0.056596372	1970
0.16175394	-0.0546728473	1971
0.13870476	-0.0523288981	1972
0.117087954	-0.0495708454	1973
0.097010073	-0.0464120576	1974
0.078568454	-0.0428688612	1975
0.0618515814	-0.0389581755	1976
0.0469400387	-0.0346989722	1977
0.0339108873	-0.0301070776	1978
0.0228453267	-0.0251967126	1979
0.0138430262	-0.019987579	1980
0.00703990761	-0.0145369351	1981
0.00258311763	-0.00904118285	1982
0.000412755672	-0.00398637427	1983
-9.5272431e-05	1.96923469e-11	1984
0.000412755682	0.0039863743	1985
0.00258311766	0.0090411829	1986
0.00703990766	0.0145369352	1987
0.0138430262	0.0199875792	1988
0.0228453271	0.0251967121	1989
0.0339108664	0.0301071262	1990
0.0469399904	0.0346990924	1991
0.0618515781	0.0389581512	1992
0.078568443	0.0428688617	1993
0.0970100633	0.0464120554	1994
0.117087944	0.0495708442	1995
0.13870475	0.0523288969	1996
0.161753931	0.0546728464	1997
0.186119978	0.0565963714	1998
0.211680017	0.0580948041	1999
0.238304427	0.0591736126	2000
0.265858804	0.0598382879	2001
0.294204876	0.0601054527	2002
0.3232022	0.0599933018	2003
0.352709397	0.0595243466	2004
0.382585461	0.0587265632	2005
0.412690872	0.0576282018	2006
0.442888769	0.0562609373	2007
0.473045773	0.0546546909	2008
0.503033203	0.0528433876	2009
0.532727524	0.0508573165	2010
0.562011268	0.0487262812	2011
0.590773789	0.0464804881	2012
0.618911523	0.0441459135	2013
0.646328932	0.0417500775	2014
0.672938419	0.0393155582	2015
0.698661065	0.0368649369	2016
0.723426687	0.0344181613	2017
0.747173953	0.0319922533	2018
0.769851012	0.0296061228	2019
0.791414767	0.0272733671	2020
0.811831373	0.0250072943	2021
0.83107612	0.0228208446	2022
0.849132915	0.0207233622	2023
0.865994539	0.0187249739	2024
0.881661913	0.0168327329	2025
0.896143964	0.0150524248	2026
0.909457301	0.0133891663	2027
0.921625623	0.011846245	2028
0.932679287	0.0104254797	2029
0.942654857	0.00912764201	2030
0.951594426	0.00795183479	2031
0.95954489	0.00689474581	2032
0.966557667	0.00595261605	2033
0.972688475	0.00512358881	2034
0.977996091	0.00440404553	2035
0.982540795	0.00378341311	2036
0.986384595	0.00324971309	2037
0.989592092	0.00279839513	2038
0.992229976	0.00243186261	2039
0.994364148	0.00214430659	2040
0.996056724	0.00190573794	2041
0.997362221	0.00165320526	2042
0.998336647	0.00137653186	2043
0.999035155	0.00109556045	2044
0.999538212	0.000836103176	2045
0.99985248	0.000571060388	2046
1.00001681	0.000292614573	2047
1.00011171	1.56650287e-14	2048
1.00003215	-0.00029813821	2049
0.999865485	-0.000580885057	2050
0.999548443	-0.000848790901	2051
0.999043021	-0.00110983567	2052
0.998342639	-0.00139168941	2053
0.997366721	-0.00166887039	2054
0.996060151	-0.00192167211	2055
0.994366944	-0.00216036344	2056
0.992232472	-0.00244796854	2057
0.989594455	-0.00281452102	2058
0.986386887	-0.00326584891	2059
0.982543041	-0.00379955533	2060
0.977998304	-0.00442019193	2061
0.972690666	-0.00513973785	2062
0.96655984	-0.00596876719	2063
0.959547044	-0.00691089915	2064
0.951596559	-0.00796799055	2065
0.942656968	-0.00914380032	2066
0.932681374	-0.0104416407	2067
0.921627682	-0.0118624089	2068
0.909459332	-0.0134053333	2069
0.896145965	-0.0150685951	2070
0.881663881	-0.0168489066	2071
0.865996472	-0.0187411512	2072
0.849134811	-0.0207395432	2073
0.831077977	-0.0228370295	2074
0.811833189	-0.0250234831	2075
0.791416539	-0.0272895601	2076
0.769852738	-0.0296223199	2077
0.74717563	-0.032008455	2078
0.723428312	-0.0344343665	2079
0.698662635	-0.0368811508	2080
0.672939928	-0.0393317661	2081
0.646330381	-0.0417663349	2082
0.618912901	-0.0441621658	2083
0.590775088	-0.0464967134	2084
0.562012483	-0.0487425179	2085
0.532728647	-0.0508735588	2086
0.503034224	-0.0528596355	2087
0.473046682	-0.0546709446	2088
0.442889553	-0.0562771964	2089
0.412691518	-0.057644466	2090
0.382585954	-0.0587428317	2091
0.352709721	-0.0595406185	2092
0.323202335	-0.0600095753	2093
0.294204801	-0.0601217255	2094
0.265858497	-0.059854557	2095
0.238303863	-0.0591898738	2096
0.211679166	-0.0581110519	2097
0.186118807	-0.0566125982	2098
0.161752399	-0.0546890423	2099
0.13870281	-0.0523450481	2100
0.117085535	-0.049586931	2101
0.0970071074	-0.0464280506	2102
0.0785648391	-0.0428847193	2103
0.0618471782	-0.0389738322	2104
0.0469346573	-0.0347143195	2105
0.0339042709	-0.0301219337	2106
0.0228371459	-0.0252107673	2107
0.0138329183	-0.0200003178	2108
0.00702762116	-0.0145475877	2109
0.00256877237	-0.0090488404	2110
0.000396989906	-0.00399035674	2111
-0.000111533357	1.97401442e-11	2112
0.000396989916	0.00399035677	2113
0.00256877239	0.00904884044	2114
0.0070276212	0.0145475877	2115
0.0138329183	0.0200003179	2116
0.0228371463	0.0252107668	2117
0.03390425	0.0301219822	2118
0.0469346091	0.0347144397	2119
0.0618471749	0.0389738079	2120
0.078564828	0.0428847198	2121
0.0970070977	0.0464280484	2122
0.117085525	0.0495869298	2123
0.1387028	0.052345047	2124
0.16175239	0.0546890415	2125
0.186118798	0.0566125976	2126
0.211679157	0.0581110515	2127
0.238303854	0.0591898735	2128
0.265858489	0.0598545569	2129
0.294204793	0.0601217255	2130
0.323202327	0.0600095753	2131
0.352709713	0.0595406186	2132
0.382585947	0.0587428319	2133
0.412691511	0.0576444663	2134
0.442889547	0.0562771967	2135
0.473046676	0.0546709449	2136
0.503034218	0.052859636	2137
0.532728642	0.0508735591	2138
0.562012478	0.0487425181	2139
0.590775083	0.0464967194	2140
0.618912894	0.0441621395	2141
0.646330373	0.0417662983	2142
0.672939924	0.039331774	2143
0.698662631	0.0368811479	2144
0.723428308	0.0344343677	2145
0.747175627	0.0320084551	2146
0.769852736	0.0296223202	2147
0.791416536	0.0272895603	2148
0.811833187	0.0250234834	2149
0.831077975	0.0228370297	2150
0.849134809	0.0207395434	2151
0.865996471	0.0187411514	2152
0.88166388	0.0168489068	2153
0.896145964	0.0150685952	2154
0.909459331	0.0134053334	2155
0.921627682	0.011862409	2156
0.932681373	0.0104416408	2157
0.942656967	0.0091438004	2158
0.951596559	0.00796799062	2159
0.959547044	0.00691089921	2160
0.96655984	0.00596876724	2161
0.972690666	0.00513973789	2162
0.977998304	0.00442019196	2163
0.982543041	0.00379955535	2164
0.986386887	0.00326584893	2165
0.989594455	0.00281452103	2166
0.992232472	0.00244796855	2167
0.994366944	0.00216036345	2168
0.996060151	0.00192167212	2169
0.997366721	0.00166887039	2170
0.998342639	0.00139168941	2171
0.999043021	0.00110983567	2172
0.999548443	0.000848790901	2173
0.999865485	0.000580885056	2174
1.00003215	0.00029813821	2175
1.00013045	1.73099409e-14	2176
1.0000498	-0.000304436011	2177
0.99988049	-0.000592111498	2178
0.999560283	-0.000863316909	2179
0.999052143	-0.00112620534	2180
0.998349598	-0.00140908885	2181
0.99737196	-0.00168686294	2182
0.996064148	-0.00193998042	2183
0.994370202	-0.00217881743	2184
0.992235371	-0.00246648216	2185
0.989597188	-0.00283305961	2186
0.986389532	-0.00328440009	2187
0.982545627	-0.00381811443	2188
0.978000851	-0.00443875614	2189
0.972693187	-0.00515830529	2190
0.966562339	-0.00598733712	2191
0.959549521	-0.00692947165	2192
0.951599011	-0.00798656583	2193
0.942659394	-0.00916237852	2194
0.932683771	-0.010460222	2195
0.92163005	-0.0118809935	2196
0.909461666	-0.0134239214	2197
0.896148263	-0.0150871869	2198
0.881666142	-0.0168675024	2199
0.865998693	-0.0187597511	2200
0.849136989	-0.0207581474	2201
0.831080109	-0.0228556381	2202
0.811835274	-0.0250420962	2203
0.791418573	-0.0273081779	2204
0.769854719	-0.0296409425	2205
0.747177554	-0.0320270826	2206
0.723430175	-0.0344529992	2207
0.698664434	-0.0368997888	2208
0.672941658	-0.0393504096	2209
0.646332037	-0.0417849841	2210
0.618914476	-0.0441808209	2211
0.590776574	-0.0465153746	2212
0.562013873	-0.0487611854	2213
0.532729931	-0.0508922327	2214
0.50303539	-0.052878316	2215
0.473047719	-0.0546896314	2216
0.442890446	-0.0562958895	2217
0.412692251	-0.0576631648	2218
0.38258651	-0.0587615354	2219
0.352710081	-0.0595593257	2220
0.323202478	-0.0600282842	2221
0.294204703	-0.0601404335	2222
0.265858131	-0.0598732605	2223
0.2383032	-0.0592085679	2224
0.211678173	-0.0581297302	2225
0.186117444	-0.056631252	2226
0.16175062	-0.0547076599	2227
0.138700559	-0.0523636134	2228
0.117082742	-0.0496054214	2229
0.097003682	-0.0464464334	2230
0.0785606619	-0.0429029449	2231
0.0618420879	-0.0389918233	2232
0.0469284343	-0.0347319499	2233
0.0338966191	-0.0301389917	2234
0.022827689	-0.025226894	2235
0.0138212467	-0.020014921	2236
0.00701345695	-0.0145597877	2237
0.00255226105	-0.00905760563	2238
0.000378860643	-0.00399491476	2239
-0.000130226761	1.97749412e-11	2240
0.000378860652	0.0039949148	2241
0.00255226107	0.00905760567	2242
0.007013457	0.0145597877	2243
0.0138212467	0.0200149212	2244
0.0228276894	0.0252268935	2245
0.0338965981	0.0301390403	2246
0.046928386	0.0347320701	2247
0.0618420847	0.038991799	2248
0.0785606509	0.0429029454	2249
0.0970036723	0.0464464311	2250
0.117082732	0.0496054202	2251
0.138700549	0.0523636123	2252
0.16175061	0.054707659	2253
0.186117434	0.0566312513	2254
0.211678164	0.0581297297	2255
0.238303191	0.0592085676	2256
0.265858123	0.0598732603	2257
0.294204695	0.0601404335	2258
0.32320247	0.0600282843	2259
0.352710073	0.0595593259	2260
0.382586503	0.0587615356	2261
0.412692244	0.0576631651	2262
0.442890439	0.0562958898	2263
0.473047712	0.0546896318	2264
0.503035384	0.0528783164	2265
0.532729925	0.050892233	2266
0.562013868	0.0487611856	2267
0.59077657	0.0465153806	2268
0.618914469	0.0441807946	2269
0.646332029	0.0417849475	2270
0.672941655	0.0393504176	2271
0.698664431	0.0368997859	2272
0.723430172	0.0344530004	2273
0.747177551	0.0320270827	2274
0.769854716	0.0296409429	2275
0.791418571	0.0273081781	2276
0.811835271	0.0250420965	2277
0.831080107	0.0228556383	2278
0.849136987	0.0207581476	2279
0.865998691	0.0187597513	2280
0.88166614	0.0168675026	2281
0.896148262	0.0150871871	2282
0.909461665	0.0134239215	2283
0.921630049	0.0118809936	2284
0.93268377	0.0104602221	2285
0.942659393	0.00916237861	2286
0.95159901	0.0079865659	2287
0.95954952	0.00692947171	2288
0.966562339	0.00598733717	2289
0.972693186	0.00515830533	2290
0.978000851	0.00443875617	2291
0.982545627	0.00381811446	2292
0.986389532	0.00328440011	2293
0.989597188	0.00283305962	2294
0.992235371	0.00246648216	2295
0.994370202	0.00217881743	2296
0.996064148	0.00193998042	2297
0.99737196	0.00168686294	2298
0.998349598	0.00140908886	2299
0.999052143	0.00112620534	2300
0.999560283	0.000863316908	2301
0.99988049	0.000592111497	2302
1.0000498	0.000304436011	2303
1.00015199	1.85542277e-14	2304
1.00007011	-0.000311618309	2305
0.999897799	-0.000604943583	2306
0.999573979	-0.000879950016	2307
0.999062718	-0.00114497832	2308
0.998357679	-0.00142906252	2309
0.997378055	-0.00170752906	2310
0.996068807	-0.00196101676	2311
0.994373997	-0.00220002647	2312
0.992238736	-0.00248776337	2313
0.98960035	-0.00285437175	2314
0.986392582	-0.00330572809	2315
0.982548606	-0.00383945222	2316
0.978003782	-0.00446010016	2317
0.972696086	-0.00517965321	2318
0.966565213	-0.00600868802	2319
0.959552368	-0.00695082553	2320
0.95160183	-0.0080079229	2321
0.942662182	-0.00918373892	2322
0.932686527	-0.010481586	2323
0.921632771	-0.0119023611	2324
0.90946435	-0.0134452931	2325
0.896150906	-0.0151085628	2326
0.881668741	-0.0168888828	2327
0.866001245	-0.0187811362	2328
0.849139492	-0.0207795373	2329
0.831082561	-0.022877033	2330
0.81183767	-0.0250634963	2331
0.791420911	-0.0273295833	2332
0.769856996	-0.0296623534	2333
0.747179766	-0.0320484992	2334
0.723432318	-0.0344744216	2335
0.698666503	-0.0369212172	2336
0.672943647	-0.0393718443	2337
0.646333939	-0.0418064252	2338
0.618916286	-0.0442022687	2339
0.590778283	-0.0465368294	2340
0.56201547	-0.0487826473	2341
0.532731405	-0.050913702	2342
0.503036729	-0.0528997926	2343
0.473048908	-0.0547111154	2344
0.44289147	-0.0563173805	2345
0.412693091	-0.0576846623	2346
0.382587147	-0.0587830383	2347
0.352710492	-0.0595808327	2348
0.323202639	-0.060049793	2349
0.294204586	-0.0601619411	2350
0.265857707	-0.0598947627	2351
0.238302433	-0.0592300592	2352
0.211677025	-0.058151203	2353
0.186115869	-0.0566526963	2354
0.161748566	-0.0547290622	2355
0.13869796	-0.0523849551	2356
0.117079517	-0.0496266762	2357
0.0969997254	-0.0464675629	2358
0.0785558351	-0.0429238916	2359
0.0618362037	-0.0390124967	2360
0.0469212385	-0.0347522031	2361
0.0338877713	-0.0301585786	2362
0.0228167594	-0.0252453991	2363
0.0138077721	-0.0200316632	2364
0.00699713057	-0.0145737623	2365
0.00253325803	-0.009067641	2366
0.000358013965	-0.00400013293	2367
-0.000151716518	1.9790266e-11	2368
0.000358013975	0.00400013296	2369
0.00253325805	0.00906764104	2370
0.00699713061	0.0145737623	2371
0.0138077721	0.0200316634	2372
0.0228167597	0.0252453985	2373
0.0338877503	0.0301586271	2374
0.0469211902	0.0347523232	2375
0.0618362005	0.0390124724	2376
0.078555824	0.0429238921	2377
0.0969997158	0.0464675607	2378
0.117079507	0.049626675	2379
0.138697951	0.052384954	2380
0.161748556	0.0547290614	2381
0.18611586	0.0566526957	2382
0.211677016	0.0581512025	2383
0.238302424	0.0592300589	2384
0.265857698	0.0598947626	2385
0.294204578	0.0601619411	2386
0.323202631	0.0600497931	2387
0.352710484	0.0595808328	2388
0.38258714	0.0587830386	2389
0.412693084	0.0576846625	2390
0.442891463	0.0563173808	2391
0.473048902	0.0547111158	2392
0.503036723	0.052899793	2393
0.532731399	0.0509137022	2394
0.562015464	0.0487826475	2395
0.590778278	0.0465368354	2396
0.618916279	0.0442022424	2397
0.646333932	0.0418063886	2398
0.672943644	0.0393718522	2399
0.698666499	0.0369212143	2400
0.723432315	0.0344744228	2401
0.747179763	0.0320484993	2402
0.769856993	0.0296623538	2403
0.791420909	0.0273295835	2404
0.811837668	0.0250634966	2405
0.831082559	0.0228770332	2406
0.84913949	0.0207795375	2407
0.866001244	0.0187811364	2408
0.881668739	0.016888883	2409
0.896150905	0.015108563	2410
0.909464349	0.0134452932	2411
0.92163277	0.0119023613	2412
0.932686526	0.0104815861	2413
0.942662181	0.00918373901	2414
0.951601829	0.00800792297	2415
0.959552367	0.00695082559	2416
0.966565212	0.00600868807	2417
0.972696086	0.00517965325	2418
0.978003782	0.00446010019	2419
0.982548605	0.00383945224	2420
0.986392582	0.00330572811	2421
0.98960035	0.00285437176	2422
0.992238736	0.00248776338	2423
0.994373997	0.00220002648	2424
0.996068807	0.00196101676	2425
0.997378055	0.00170752907	2426
0.998357679	0.00142906252	2427
0.999062718	0.00114497832	2428
0.999573979	0.000879950015	2429
0.999897799	0.000604943582	2430
1.00007011	0.000311618309	2431
1.00017677	1.91802517e-14	2432
1.00009349	-0.000319811336	2433
0.999917762	-0.000619613771	2434
0.999589826	-0.000898992016	2435
0.999074971	-0.00116650942	2436
0.998367057	-0.00145199236	2437
0.997385143	-0.00173126665	2438
0.996074234	-0.00198518796	2439
0.994378415	-0.00222440203	2440
0.992242643	-0.00251222594	2441
0.989604007	-0.00287887243	2442
0.986396102	-0.00333024851	2443
0.982552037	-0.00386398469	2444
0.978007155	-0.00448464022	2445
0.972699421	-0.00520419799	2446
0.966568517	-0.00603323635	2447
0.959555641	-0.00697537734	2448
0.95160507	-0.00803247835	2449
0.942665388	-0.00920829818	2450
0.932689695	-0.0105061492	2451
0.921635899	-0.0119269287	2452
0.909467434	-0.0134698652	2453
0.896153944	-0.0151331398	2454
0.881671728	-0.0169134648	2455
0.866004179	-0.0188057235	2456
0.84914237	-0.0208041301	2457
0.831085379	-0.0229016315	2458
0.811840425	-0.0250881007	2459
0.791423599	-0.0273541937	2460
0.769859613	-0.0296869701	2461
0.747182308	-0.0320731222	2462
0.72343478	-0.0344990513	2463
0.69866888	-0.0369458537	2464
0.672945932	-0.0393964879	2465
0.646336126	-0.0418310762	2466
0.618918365	-0.0442269273	2467
0.590780245	-0.0465614959	2468
0.562017304	-0.048807322	2469
0.532733098	-0.050938385	2470
0.503038266	-0.052924484	2471
0.473050273	-0.0547358151	2472
0.442892644	-0.0563420882	2473
0.412694055	-0.0577093773	2474
0.382587876	-0.0588077596	2475
0.352710961	-0.0596055583	2476
0.32320282	-0.0600745206	2477
0.294204448	-0.0601866672	2478
0.265857213	-0.0599194825	2479
0.238301545	-0.0592547661	2480
0.211675698	-0.0581758885	2481
0.186114051	-0.0566773488	2482
0.161746194	-0.0547536659	2483
0.13869496	-0.0524094884	2484
0.117075793	-0.0496511084	2485
0.0969951552	-0.0464918496	2486
0.0785502576	-0.0429479655	2487
0.061829402	-0.0390362523	2488
0.0469129188	-0.0347754692	2489
0.0338775421	-0.0301810695	2490
0.02280413	-0.0252666341	2491
0.0137922192	-0.0200508594	2492
0.00697831456	-0.014589772	2493
0.00251138876	-0.00907913286	2494
0.000334042967	-0.00400610825	2495
-0.000176420937	1.97780214e-11	2496
0.000334042976	0.00400610828	2497
0.00251138878	0.00907913289	2498
0.00697831459	0.014589772	2499
0.0137922192	0.0200508595	2500
0.0228041303	0.0252666335	2501
0.0338775211	0.030181118	2502
0.0469128705	0.0347755894	2503
0.0618293988	0.039036228	2504
0.0785502466	0.042947966	2505
0.0969951455	0.0464918474	2506
0.117075783	0.0496511072	2507
0.13869495	0.0524094872	2508
0.161746185	0.0547536651	2509
0.186114042	0.0566773482	2510
0.211675689	0.058175888	2511
0.238301537	0.0592547658	2512
0.265857205	0.0599194823	2513
0.294204439	0.0601866672	2514
0.323202812	0.0600745207	2515
0.352710954	0.0596055585	2516
0.382587869	0.0588077598	2517
0.412694048	0.0577093776	2518
0.442892638	0.0563420885	2519
0.473050267	0.0547358155	2520
0.50303826	0.0529244844	2521
0.532733092	0.0509383852	2522
0.562017298	0.0488073221	2523
0.59078024	0.0465615019	2524
0.618918358	0.044226901	2525
0.646336119	0.0418310396	2526
0.672945929	0.0393964958	2527
0.698668876	0.0369458509	2528
0.723434777	0.0344990525	2529
0.747182305	0.0320731223	2530
0.76985961	0.0296869704	2531
0.791423597	0.0273541939	2532
0.811840423	0.0250881009	2533
0.831085377	0.0229016317	2534
0.849142368	0.0208041303	2535
0.866004178	0.0188057237	2536
0.881671727	0.016913465	2537
0.896153943	0.0151331399	2538
0.909467433	0.0134698653	2539
0.921635898	0.0119269288	2540
0.932689695	0.0105061493	2541
0.942665387	0.00920829827	2542
0.95160507	0.00803247842	2543
0.959555641	0.00697537739	2544
0.966568517	0.0060332364	2545
0.97269942	0.00520419803	2546
0.978007155	0.00448464025	2547
0.982552037	0.00386398472	2548
0.986396102	0.00333024853	2549
0.989604007	0.00287887244	2550
0.992242643	0.00251222594	2551
0.994378415	0.00222440204	2552
0.996074234	0.00198518796	2553
0.997385143	0.00173126665	2554
0.998367057	0.00145199236	2555
0.999074971	0.00116650942	2556
0.999589826	0.000898992015	2557
0.999917762	0.000619613771	2558
1.00009349	0.000319811336	2559
1.00020525	1.89023279e-14	2560
1.0001204	-0.000329159418	2561
0.999940782	-0.000636388466	2562
0.999608148	-0.000920801178	2563
0.999089162	-0.00119120639	2564
0.998377934	-0.00147831742	2565
0.99739338	-0.00175853308	2566
0.996080552	-0.00201296168	2567
0.994383556	-0.00225241713	2568
0.992247175	-0.00254034556	2569
0.989608237	-0.00290703875	2570
0.986400164	-0.00335843913	2571
0.982555991	-0.00389219016	2572
0.978011038	-0.00451285489	2573
0.972703257	-0.00523241838	2574
0.966572316	-0.00606146096	2575
0.959559405	-0.00700360598	2576
0.951608795	-0.00806071118	2577
0.942669073	-0.00923653535	2578
0.932693338	-0.0105343909	2579
0.921639495	-0.0119551752	2580
0.90947098	-0.0134981169	2581
0.896157436	-0.015161397	2582
0.881675163	-0.0169417278	2583
0.866007553	-0.0188339925	2584
0.849145678	-0.0208324053	2585
0.831088618	-0.0229299132	2586
0.811843592	-0.0251163891	2587
0.791426689	-0.0273824889	2588
0.769862622	-0.0297152724	2589
0.74718523	-0.0321014319	2590
0.723437611	-0.0345273685	2591
0.698671612	-0.0369741787	2592
0.672948559	-0.0394248209	2593
0.646338639	-0.0418594176	2594
0.618920754	-0.0442552773	2595
0.5907825	-0.0465898549	2596
0.562019411	-0.0488356903	2597
0.532735043	-0.0509667628	2598
0.503040032	-0.0529528714	2599
0.473051841	-0.0547642119	2600
0.442893992	-0.0563704941	2601
0.412695159	-0.0577377914	2602
0.382588711	-0.0588361807	2603
0.352711497	-0.0596339845	2604
0.323203023	-0.0601029489	2605
0.294204283	-0.0602150935	2606
0.265856641	-0.0599479013	2607
0.238300519	-0.05928317	2608
0.211674165	-0.0582042674	2609
0.186111952	-0.0567056893	2610
0.161743456	-0.0547819498	2611
0.138691495	-0.0524376905	2612
0.117071492	-0.0496791932	2613
0.096989876	-0.0465197652	2614
0.0785438129	-0.0429756334	2615
0.0618215402	-0.0390635497	2616
0.0469033006	-0.0348021968	2617
0.0338657176	-0.0302068954	2618
0.022789539	-0.0252910027	2619
0.0137742703	-0.0200728708	2620
0.00695663201	-0.0146081155	2621
0.00248622243	-0.00909229496	2622
0.000306479824	-0.00401295207	2623
-0.0002048209	1.97280667e-11	2624
0.000306479834	0.00401295211	2625
0.00248622245	0.00909229499	2626
0.00695663204	0.0146081155	2627
0.0137742703	0.0200728709	2628
0.0227895393	0.0252910021	2629
0.0338656966	0.0302069439	2630
0.0469032524	0.034802317	2631
0.061821537	0.0390635254	2632
0.0785438019	0.0429756339	2633
0.0969898664	0.0465197629	2634
0.117071482	0.049679192	2635
0.138691486	0.0524376893	2636
0.161743447	0.0547819489	2637
0.186111942	0.0567056887	2638
0.211674156	0.0582042669	2639
0.23830051	0.0592831697	2640
0.265856632	0.0599479011	2641
0.294204275	0.0602150935	2642
0.323203016	0.060102949	2643
0.352711489	0.0596339846	2644
0.382588703	0.0588361809	2645
0.412695152	0.0577377917	2646
0.442893986	0.0563704944	2647
0.473051834	0.0547642123	2648
0.503040026	0.0529528718	2649
0.532735037	0.050966763	2650
0.562019405	0.0488356904	2651
0.590782495	0.0465898609	2652
0.618920748	0.0442552511	2653
0.646338632	0.0418593809	2654
0.672948556	0.0394248288	2655
0.698671608	0.0369741758	2656
0.723437607	0.0345273696	2657
0.747185227	0.032101432	2658
0.769862619	0.0297152728	2659
0.791426687	0.0273824892	2660
0.811843589	0.0251163893	2661
0.831088616	0.0229299134	2662
0.849145676	0.0208324055	2663
0.866007551	0.0188339927	2664
0.881675161	0.016941728	2665
0.896157435	0.0151613971	2666
0.909470979	0.013498117	2667
0.921639494	0.0119551753	2668
0.932693337	0.010534391	2669
0.942669072	0.00923653543	2670
0.951608795	0.00806071125	2671
0.959559404	0.00700360603	2672
0.966572316	0.00606146101	2673
0.972703256	0.00523241842	2674
0.978011038	0.00451285492	2675
0.982555991	0.00389219018	2676
0.986400164	0.00335843915	2677
0.989608237	0.00290703876	2678
0.992247175	0.00254034557	2679
0.994383556	0.00225241714	2680
0.996080552	0.00201296168	2681
0.99739338	0.00175853308	2682
0.998377934	0.00147831742	2683
0.999089162	0.00119120639	2684
0.999608148	0.000920801177	2685
0.999940782	0.000636388466	2686
1.0001204	0.000329159418	2687
1.000238	1.73868809e-14	2688
1.00015136	-0.000339827434	2689
0.999967325	-0.000655572789	2690
0.999629323	-0.000945784659	2691
0.9991056	-0.00121953207	2692
0.998390543	-0.00150854243	2693
0.997402945	-0.00178985425	2694
0.9960879	-0.00204487562	2695
0.994389534	-0.00228461562	2696
0.992252432	-0.00257266917	2697
0.989613128	-0.00293941923	2698
0.986404849	-0.00339084942	2699
0.982560545	-0.00392461854	2700
0.978015506	-0.00454529444	2701
0.972707669	-0.00526486482	2702
0.966576685	-0.00609391241	2703
0.959563731	-0.00703606211	2704
0.951613078	-0.00809317212	2705
0.942673309	-0.00926900123	2706
0.932697524	-0.010566862	2707
0.921643628	-0.0119876518	2708
0.909475056	-0.0135305993	2709
0.89616145	-0.0151938856	2710
0.881679111	-0.016974223	2711
0.86601143	-0.0188664946	2712
0.849149481	-0.0208649144	2713
0.831092342	-0.0229624297	2714
0.811847232	-0.0251489131	2715
0.791430241	-0.0274150208	2716
0.76986608	-0.0297478123	2717
0.747188589	-0.0321339801	2718
0.723440864	-0.0345599252	2719
0.698674752	-0.0370067443	2720
0.672951578	-0.0394573957	2721
0.646341527	-0.0418920018	2722
0.6189235	-0.0442878714	2723
0.59078509	-0.0466224592	2724
0.562021831	-0.0488683052	2725
0.532737276	-0.0509993884	2726
0.503042059	-0.0529855079	2727
0.473053639	-0.0547968592	2728
0.442895538	-0.0564031516	2729
0.412696425	-0.0577704584	2730
0.382589666	-0.0588688555	2731
0.352712108	-0.0596666649	2732
0.323203253	-0.0601356315	2733
0.294204089	-0.0602477736	2734
0.265855975	-0.0599805726	2735
0.23829933	-0.0593158238	2736
0.211672393	-0.0582368922	2737
0.186109527	-0.0567382695	2738
0.161740295	-0.0548144643	2739
0.138687495	-0.0524701101	2740
0.117066525	-0.0497114765	2741
0.0969837779	-0.0465518517	2742
0.0785363661	-0.0430074318	2743
0.0618124535	-0.0390949169	2744
0.0468921823	-0.0348329007	2745
0.0338520509	-0.0302365511	2746
0.0227726847	-0.0253189683	2747
0.0137535597	-0.0200981123	2748
0.00693164908	-0.0146291358	2749
0.00245726356	-0.00910737258	2750
0.000274786681	-0.00402079219	2751
-0.000237469225	1.96277678e-11	2752
0.000274786691	0.00402079222	2753
0.00245726358	0.00910737261	2754
0.0069316491	0.0146291358	2755
0.0137535597	0.0200981124	2756
0.0227726849	0.0253189677	2757
0.0338520299	0.0302365995	2758
0.0468921341	0.0348330209	2759
0.0618124503	0.0390948926	2760
0.0785363551	0.0430074323	2761
0.0969837682	0.0465518495	2762
0.117066515	0.0497114752	2763
0.138687485	0.0524701089	2764
0.161740285	0.0548144634	2765
0.186109518	0.0567382689	2766
0.211672384	0.0582368917	2767
0.238299321	0.0593158235	2768
0.265855967	0.0599805724	2769
0.29420408	0.0602477736	2770
0.323203245	0.0601356316	2771
0.3527121	0.059666665	2772
0.382589659	0.0588688558	2773
0.412696418	0.0577704587	2774
0.442895532	0.0564031519	2775
0.473053633	0.0547968596	2776
0.503042053	0.0529855083	2777
0.53273727	0.0509993887	2778
0.562021826	0.0488683053	2779
0.590785086	0.0466224653	2780
0.618923493	0.0442878452	2781
0.646341519	0.0418919652	2782
0.672951574	0.0394574036	2783
0.698674748	0.0370067414	2784
0.723440861	0.0345599264	2785
0.747188586	0.0321339802	2786
0.769866077	0.0297478127	2787
0.791430239	0.0274150211	2788
0.81184723	0.0251489134	2789
0.83109234	0.0229624299	2790
0.849149479	0.0208649146	2791
0.866011429	0.0188664947	2792
0.881679109	0.0169742232	2793
0.896161449	0.0151938858	2794
0.909475055	0.0135305995	2795
0.921643627	0.0119876519	2796
0.932697524	0.0105668621	2797
0.942673308	0.00926900131	2798
0.951613077	0.00809317219	2799
0.959563731	0.00703606217	2800
0.966576685	0.00609391245	2801
0.972707669	0.00526486486	2802
0.978015506	0.00454529447	2803
0.982560545	0.00392461856	2804
0.986404849	0.00339084944	2805
0.989613128	0.00293941924	2806
0.992252432	0.00257266917	2807
0.994389534	0.00228461563	2808
0.9960879	0.00204487563	2809
0.997402945	0.00178985425	2810
0.998390543	0.00150854243	2811
0.9991056	0.00121953207	2812
0.999629323	0.000945784658	2813
0.999967325	0.000655572788	2814
1.00015136	0.000339827434	2815
1.00027566	1.42158308e-14	2816
1.00018699	-0.000352003526	2817
0.999997926	-0.000677515909	2818
0.999653789	-0.000974408611	2819
0.999124624	-0.00125202759	2820
0.998405151	-0.00154324768	2821
0.997414047	-0.0018258348	2822
0.996096441	-0.00208154804	2823
0.99439648	-0.00232162283	2824
0.992258526	-0.00260982563	2825
0.989618782	-0.00297664458	2826
0.986410254	-0.00342811112	2827
0.982565791	-0.00396190214	2828
0.978020649	-0.00458259156	2829
0.972712744	-0.0053021702	2830
0.966581708	-0.00613122373	2831
0.959568705	-0.00707337888	2832
0.951618001	-0.00813049439	2833
0.942678178	-0.00930632913	2834
0.932702337	-0.0106041958	2835
0.92164838	-0.0120249918	2836
0.909479742	-0.013567946	2837
0.896166065	-0.0152312394	2838
0.881683649	-0.0170115842	2839
0.866015888	-0.0189038635	2840
0.849153853	-0.0209022914	2841
0.831096623	-0.022999815	2842
0.811851417	-0.025186307	2843
0.791434324	-0.0274524236	2844
0.769870055	-0.0297852243	2845
0.74719245	-0.0321714014	2846
0.723444603	-0.0345973563	2847
0.698678361	-0.0370441854	2848
0.672955047	-0.0394948472	2849
0.646344845	-0.0419294642	2850
0.618926655	-0.044325345	2851
0.590788066	-0.0466599444	2852
0.562024611	-0.0489058023	2853
0.532739841	-0.0510368979	2854
0.503044386	-0.0530230297	2855
0.473055704	-0.0548343932	2856
0.442897312	-0.0564406972	2857
0.412697877	-0.0578080146	2858
0.38259076	-0.0589064207	2859
0.352712806	-0.0597042362	2860
0.32320351	-0.0601732052	2861
0.294203858	-0.0602853443	2862
0.265855203	-0.0600181328	2863
0.238297955	-0.0593533636	2864
0.211670346	-0.0582743982	2865
0.186106726	-0.0567757237	2866
0.161736644	-0.0548518422	2867
0.138682876	-0.0525073777	2868
0.117060789	-0.0497485858	2869
0.0969767336	-0.0465887324	2870
0.0785277616	-0.0430439773	2871
0.0618019516	-0.0391309605	2872
0.0468793311	-0.0348681727	2873
0.033836257	-0.030270605	2874
0.0227532188	-0.025351063	2875
0.0137296659	-0.0201270599	2876
0.00690286643	-0.0146532261	2877
0.00242394228	-0.00912464716	2878
0.000238345172	-0.00402977527	2879
-0.000275001425	1.94614015e-11	2880
0.000238345181	0.00402977531	2881
0.0024239423	0.00912464718	2882
0.00690286645	0.0146532261	2883
0.0137296659	0.02012706	2884
0.022753219	0.0253510623	2885
0.033836236	0.0302706535	2886
0.0468792829	0.0348682929	2887
0.0618019484	0.0391309362	2888
0.0785277506	0.0430439779	2889
0.096976724	0.0465887301	2890
0.117060779	0.0497485846	2891
0.138682866	0.0525073766	2892
0.161736634	0.0548518413	2893
0.186106717	0.0567757231	2894
0.211670337	0.0582743977	2895
0.238297946	0.0593533633	2896
0.265855195	0.0600181326	2897
0.29420385	0.0602853443	2898
0.323203502	0.0601732052	2899
0.352712798	0.0597042364	2900
0.382590753	0.0589064209	2901
0.41269787	0.0578080149	2902
0.442897306	0.0564406976	2903
0.473055698	0.0548343935	2904
0.50304438	0.0530230301	2905
0.532739835	0.0510368981	2906
0.562024606	0.0489058025	2907
0.590788062	0.0466599504	2908
0.618926648	0.0443253188	2909
0.646344838	0.0419294276	2910
0.672955044	0.0394948551	2911
0.698678357	0.0370441826	2912
0.7234446	0.0345973575	2913
0.747192447	0.0321714015	2914
0.769870052	0.0297852246	2915
0.791434322	0.0274524239	2916
0.811851414	0.0251863073	2917
0.831096621	0.0229998152	2918
0.849153851	0.0209022916	2919
0.866015886	0.0189038637	2920
0.881683648	0.0170115843	2921
0.896166063	0.0152312395	2922
0.909479741	0.0135679462	2923
0.921648379	0.0120249919	2924
0.932702336	0.0106041959	2925
0.942678177	0.00930632921	2926
0.951618	0.00813049446	2927
0.959568705	0.00707337894	2928
0.966581708	0.00613122378	2929
0.972712744	0.00530217024	2930
0.978020649	0.00458259159	2931
0.98256579	0.00396190216	2932
0.986410254	0.00342811114	2933
0.989618782	0.00297664459	2934
0.992258526	0.00260982563	2935
0.99439648	0.00232162283	2936
0.996096441	0.00208154804	2937
0.997414047	0.0018258348	2938
0.998405151	0.00154324768	2939
0.999124624	0.00125202759	2940
0.999653789	0.00097440861	2941
0.999997926	0.000677515908	2942
1.00018699	0.000352003526	2943
1.00031895	8.88512947e-15	2944
1.000228	-0.000365902074	2945
1.0000332	-0.000702616972	2946
0.999682049	-0.00100720745	2947
0.999146629	-0.00128931265	2948
0.998422079	-0.00158309511	2949
0.99742692	-0.00186717002	2950
0.996106358	-0.00212368984	2951
0.994404543	-0.0023641578	2952
0.992265586	-0.00265253806	2953
0.989625316	-0.00301944002	2954
0.986416486	-0.00347095063	2955
0.982571832	-0.00400476808	2956
0.978026566	-0.00462547371	2957
0.972718581	-0.00534506226	2958
0.966587484	-0.0061741228	2959
0.959574423	-0.00711628426	2960
0.951623659	-0.00817340606	2961
0.942683775	-0.0093492472	2962
0.932707869	-0.0106471205	2963
0.921653841	-0.0120679237	2964
0.909485128	-0.0136108854	2965
0.896171369	-0.0152741868	2966
0.881688866	-0.01705454	2967
0.866021012	-0.0189468281	2968
0.849158878	-0.0209452652	2969
0.831101544	-0.0230427982	2970
0.811856227	-0.0252293	2971
0.791439017	-0.0274954267	2972
0.769874624	-0.0298282377	2973
0.747196888	-0.0322144255	2974
0.723448901	-0.0346403915	2975
0.698682509	-0.037087232	2976
0.672959034	-0.0395379057	2977
0.646348659	-0.0419725349	2978
0.61893028	-0.0443684285	2979
0.590791485	-0.0467030411	2980
0.562027805	-0.0489489126	2981
0.532742787	-0.0510800221	2982
0.503047058	-0.0530661679	2983
0.473058074	-0.0548775453	2984
0.442899347	-0.0564838626	2985
0.412699541	-0.057851192	2986
0.382592013	-0.058949608	2987
0.352713601	-0.0597474304	2988
0.3232038	-0.0602164019	2989
0.294203585	-0.0603285372	2990
0.265854306	-0.0600613134	2991
0.238296364	-0.0593965204	2992
0.211667979	-0.0583175156	2993
0.186103491	-0.056818781	2994
0.161732428	-0.0548948109	2995
0.138677542	-0.0525502185	2996
0.117054164	-0.0497912426	2997
0.0969685964	-0.0466311234	2998
0.0785178195	-0.0430859785	2999
0.0617898146	-0.0391723778	3000
0.0468644783	-0.0349086926	3001
0.0338180071	-0.03030971	3002
0.02273074	-0.0253878975	3003
0.0137021035	-0.0201602598	3004
0.00686970937	-0.0146808378	3005
0.00238560322	-0.00914444168	3006
0.000196444379	-0.00404006974	3007
-0.000318148081	1.92094441e-11	3008
0.000196444387	0.00404006977	3009
0.00238560323	0.0091444417	3010
0.00686970938	0.0146808378	3011
0.0137021034	0.0201602598	3012
0.0227307402	0.0253878968	3013
0.033817986	0.0303097585	3014
0.0468644301	0.0349088128	3015
0.0617898115	0.0391723535	3016
0.0785178085	0.0430859791	3017
0.0969685868	0.0466311211	3018
0.117054154	0.0497912414	3019
0.138677532	0.0525502173	3020
0.161732418	0.05489481	3021
0.186103482	0.0568187803	3022
0.21166797	0.0583175152	3023
0.238296355	0.0593965201	3024
0.265854298	0.0600613132	3025
0.294203577	0.0603285372	3026
0.323203792	0.060216402	3027
0.352713594	0.0597474306	3028
0.382592005	0.0589496082	3029
0.412699534	0.0578511923	3030
0.442899341	0.0564838629	3031
0.473058068	0.0548775456	3032
0.503047052	0.0530661684	3033
0.532742781	0.0510800223	3034
0.5620278	0.0489489128	3035
0.590791481	0.0467030471	3036
0.618930273	0.0443684022	3037
0.646348651	0.0419724983	3038
0.672959031	0.0395379136	3039
0.698682505	0.0370872292	3040
0.723448898	0.0346403926	3041
0.747196885	0.0322144256	3042
0.769874621	0.0298282381	3043
0.791439015	0.0274954269	3044
0.811856225	0.0252293003	3045
0.831101542	0.0230427984	3046
0.849158876	0.0209452654	3047
0.86602101	0.0189468283	3048
0.881688865	0.0170545402	3049
0.896171368	0.0152741869	3050
0.909485127	0.0136108855	3051
0.921653841	0.0120679238	3052
0.932707868	0.0106471206	3053
0.942683775	0.00934924729	3054
0.951623659	0.00817340613	3055
0.959574422	0.00711628432	3056
0.966587483	0.00617412285	3057
0.97271858	0.0053450623	3058
0.978026566	0.00462547374	3059
0.982571831	0.0040047681	3060
0.986416486	0.00347095064	3061
0.989625316	0.00301944003	3062
0.992265586	0.00265253807	3063
0.994404543	0.0023641578	3064
0.996106358	0.00212368985	3065
0.99742692	0.00186717003	3066
0.998422079	0.00158309511	3067
0.999146629	0.00128931265	3068
0.999682049	0.00100720745	3069
1.0000332	0.000702616971	3070
1.000228	0.000365902074	3071
1.00036873	7.88373724e-16	3072
1.00027518	-0.000381766933	3073
1.00007386	-0.000731331624	3074
0.999714686	-0.00104479332	3075
0.999172072	-0.00133209723	3076
0.99844167	-0.00162885551	3077
0.997441839	-0.00191465944	3078
0.996117865	-0.00217211856	3079
0.994413897	-0.0024130474	3080
0.99227376	-0.00270163802	3081
0.989632862	-0.00306863953	3082
0.986423671	-0.00352020324	3083
0.982578787	-0.00405405243	3084
0.978033374	-0.00467477741	3085
0.972725292	-0.00539437776	3086
0.966594123	-0.00622344655	3087
0.959580995	-0.00716561528	3088
0.951630163	-0.00822274427	3089
0.942690208	-0.00939859268	3090
0.932714228	-0.0106964735	3091
0.921660119	-0.0121172847	3092
0.909491319	-0.013660255	3093
0.896177466	-0.0153235654	3094
0.881694863	-0.0171039282	3095
0.866026902	-0.0189962263	3096
0.849164655	-0.0209946738	3097
0.8311072	-0.0230922175	3098
0.811861756	-0.0252787305	3099
0.791444412	-0.0275448685	3100
0.769879876	-0.0298776914	3101
0.747201989	-0.0322638913	3102
0.723453841	-0.0346898698	3103
0.698687276	-0.0371367233	3104
0.672963616	-0.0395874104	3105
0.646353041	-0.0420220536	3106
0.618934445	-0.0444179616	3107
0.590795414	-0.0467525893	3108
0.562031474	-0.0489984763	3109
0.53274617	-0.0511296016	3110
0.503050126	-0.0531157634	3111
0.473060794	-0.0549271564	3112
0.442901682	-0.0565334887	3113
0.412701448	-0.0579008317	3114
0.382593446	-0.058999259	3115
0.352714509	-0.0597970891	3116
0.323204124	-0.0602660631	3117
0.294203263	-0.0603781938	3118
0.265853265	-0.0601109554	3119
0.238294522	-0.0594461346	3120
0.211665244	-0.0583670841	3121
0.186099754	-0.0568682796	3122
0.161727559	-0.0549442066	3123
0.138671382	-0.0525994656	3124
0.117046513	-0.0498402761	3125
0.0969591966	-0.0466798479	3126
0.0785063321	-0.0431342497	3127
0.0617757887	-0.0392199698	3128
0.0468473133	-0.0349552412	3129
0.0337969217	-0.0303546158	3130
0.0227047853	-0.025430173	3131
0.013670313	-0.020198339	3132
0.00683151654	-0.0147124889	3133
0.00234149267	-0.00916712688	3134
0.000148266784	-0.00405186815	3135
-0.000367749063	1.88476345e-11	3136
0.000148266792	0.00405186818	3137
0.00234149269	0.0091671269	3138
0.00683151654	0.0147124889	3139
0.0136703129	0.020198339	3140
0.0227047854	0.0254301724	3141
0.0337969005	0.0303546642	3142
0.0468472651	0.0349553614	3143
0.0617757856	0.0392199455	3144
0.0785063211	0.0431342503	3145
0.0969591869	0.0466798456	3146
0.117046503	0.0498402749	3147
0.138671372	0.0525994645	3148
0.16172755	0.0549442058	3149
0.186099745	0.0568682789	3150
0.211665235	0.0583670837	3151
0.238294513	0.0594461343	3152
0.265853256	0.0601109553	3153
0.294203255	0.0603781938	3154
0.323204116	0.0602660632	3155
0.352714502	0.0597970893	3156
0.382593439	0.0589992592	3157
0.412701441	0.057900832	3158
0.442901676	0.056533489	3159
0.473060788	0.0549271568	3160
0.50305012	0.0531157638	3161
0.532746164	0.0511296018	3162
0.562031468	0.0489984765	3163
0.590795409	0.0467525953	3164
0.618934438	0.0444179354	3165
0.646353033	0.042022017	3166
0.672963613	0.0395874183	3167
0.698687272	0.0371367205	3168
0.723453837	0.0346898709	3169
0.747201986	0.0322638914	3170
0.769879873	0.0298776917	3171
0.79144441	0.0275448688	3172
0.811861754	0.0252787307	3173
0.831107198	0.0230922178	3174
0.849164653	0.020994674	3175
0.8660269	0.0189962265	3176
0.881694862	0.0171039284	3177
0.896177465	0.0153235656	3178
0.909491317	0.0136602552	3179
0.921660118	0.0121172848	3180
0.932714227	0.0106964736	3181
0.942690208	0.00939859277	3182
0.951630162	0.00822274434	3183
0.959580994	0.00716561534	3184
0.966594122	0.00622344659	3185
0.972725292	0.00539437779	3186
0.978033374	0.00467477744	3187
0.982578787	0.00405405245	3188
0.98642367	0.00352020325	3189
0.989632861	0.00306863954	3190
0.99227376	0.00270163802	3191
0.994413897	0.00241304741	3192
0.996117865	0.00217211857	3193
0.997441839	0.00191465944	3194
0.99844167	0.00162885551	3195
0.999172072	0.00133209723	3196
0.999714686	0.00104479331	3197
1.00007386	0.000731331623	3198
1.00027518	0.000381766933	3199
1.00042596	-1.07958926e-14	3200
1.00032947	-0.000399874901	3201
1.00012073	-0.00076417914	3202
0.999752374	-0.00108786666	3203
0.999201482	-0.00138119609	3204
0.998464333	-0.00168141068	3205
0.997459127	-0.00196921847	3206
0.996131205	-0.00222777434	3207
0.994424738	-0.00246924253	3208
0.992283216	-0.00275808176	3209
0.989641572	-0.00312520213	3210
0.986431949	-0.00357682949	3211
0.982586792	-0.0041107166	3212
0.978041204	-0.00473146458	3213
0.972733008	-0.00545107886	3214
0.966601753	-0.00628015729	3215
0.959588548	-0.00722233441	3216
0.951637638	-0.00827947156	3217
0.942697602	-0.0094553282	3218
0.932721535	-0.0107532176	3219
0.921667335	-0.0121740379	3220
0.909498434	-0.0137170178	3221
0.896184475	-0.0153803385	3222
0.881701757	-0.0171607121	3223
0.866033672	-0.0190530216	3224
0.849171295	-0.0210514807	3225
0.831113702	-0.0231490367	3226
0.811868112	-0.0253355622	3227
0.791450613	-0.0276017132	3228
0.769885913	-0.0299345494	3229
0.747207852	-0.0323207632	3230
0.723459518	-0.0347467559	3231
0.698692755	-0.0371936242	3232
0.672968882	-0.0396443265	3233
0.646358077	-0.0420789855	3234
0.618939231	-0.0444749101	3235
0.590799927	-0.0468095548	3236
0.562035688	-0.0490554594	3237
0.532750055	-0.0511866026	3238
0.503053649	-0.0531727826	3239
0.473063917	-0.0549841934	3240
0.442904361	-0.0565905427	3241
0.412703634	-0.0579579011	3242
0.382595087	-0.059056341	3243
0.352715545	-0.0598541797	3244
0.323204488	-0.0603231563	3245
0.294202881	-0.0604352813	3246
0.265852055	-0.0601680258	3247
0.23829239	-0.0595031725	3248
0.211662083	-0.0584240687	3249
0.186095437	-0.056925183	3250
0.161721936	-0.0550009906	3251
0.138664268	-0.0526560771	3252
0.117037676	-0.0498966394	3253
0.096948338	-0.0467358521	3254
0.0784930594	-0.0431897268	3255
0.0617595805	-0.039274657	3256
0.046827478	-0.0350087157	3257
0.0337725628	-0.0304061833	3258
0.0226748211	-0.0254786949	3259
0.0136336504	-0.0202420171	3260
0.00678752686	-0.0147487738	3261
0.00229074392	-0.00919312835	3262
9.28729034e-05	-0.00406539318	3263
-0.000424769876	1.83458619e-11	3264
9.28729109e-05	0.0040653932	3265
0.00229074393	0.00919312836	3266
0.00678752684	0.0147487737	3267
0.0136336503	0.0202420171	3268
0.0226748212	0.0254786941	3269
0.0337725415	0.0304062317	3270
0.0468274298	0.0350088359	3271
0.0617595775	0.0392746328	3272
0.0784930484	0.0431897274	3273
0.0969483284	0.0467358498	3274
0.117037666	0.0498966382	3275
0.138664259	0.052656076	3276
0.161721927	0.0550009898	3277
0.186095428	0.0569251824	3278
0.211662074	0.0584240683	3279
0.238292382	0.0595031722	3280
0.265852047	0.0601680257	3281
0.294202873	0.0604352813	3282
0.323204481	0.0603231564	3283
0.352715537	0.0598541799	3284
0.38259508	0.0590563413	3285
0.412703627	0.0579579014	3286
0.442904354	0.0565905431	3287
0.47306391	0.0549841938	3288
0.503053643	0.053172783	3289
0.53275005	0.0511866029	3290
0.562035683	0.0490554596	3291
0.590799923	0.0468095608	3292
0.618939224	0.0444748838	3293
0.646358069	0.0420789489	3294
0.672968879	0.0396443344	3295
0.698692751	0.0371936213	3296
0.723459515	0.034746757	3297
0.747207849	0.0323207633	3298
0.769885911	0.0299345498	3299
0.791450611	0.0276017135	3300
0.81186811	0.0253355624	3301
0.8311137	0.0231490369	3302
0.849171293	0.0210514809	3303
0.866033671	0.0190530217	3304
0.881701755	0.0171607123	3305
0.896184474	0.0153803387	3306
0.909498433	0.013717018	3307
0.921667334	0.012174038	3308
0.932721535	0.0107532177	3309
0.942697601	0.00945532829	3310
0.951637637	0.00827947163	3311
0.959588547	0.00722233447	3312
0.966601753	0.00628015734	3313
0.972733007	0.0054510789	3314
0.978041203	0.00473146461	3315
0.982586792	0.00411071662	3316
0.986431949	0.00357682951	3317
0.989641572	0.00312520214	3318
0.992283216	0.00275808176	3319
0.994424738	0.00246924254	3320
0.996131205	0.00222777435	3321
0.997459127	0.00196921847	3322
0.998464333	0.00168141068	3323
0.999201482	0.00138119609	3324
0.999752374	0.00108786666	3325
1.00012073	0.000764179139	3326
1.00032947	0.000399874901	3327
1.00049177	-2.66761393e-14	3328
1.00039195	-0.000420539398	3329
1.00017476	-0.000801750113	3330
0.999795892	-0.00113722788	3331
0.999235472	-0.00143754356	3332
0.998490536	-0.00174177324	3333
0.997479135	-0.00203190737	3334
0.996146655	-0.00229173835	3335
0.994437291	-0.00253383676	3336
0.992294147	-0.00282296902	3337
0.98965162	-0.00319023072	3338
0.986441483	-0.00364193401	3339
0.982596002	-0.00417586616	3340
0.978050206	-0.00479664132	3341
0.972741876	-0.00551627198	3342
0.966610522	-0.00634536158	3343
0.959597227	-0.00728754829	3344
0.951646227	-0.0083446947	3345
0.942706099	-0.00952056063	3346
0.932729934	-0.0108184597	3347
0.921675628	-0.0122392902	3348
0.909506613	-0.0137822811	3349
0.89619253	-0.0154456133	3350
0.88170968	-0.0172259992	3351
0.866041455	-0.0191183214	3352
0.849178928	-0.0211167939	3353
0.831121176	-0.0232143637	3354
0.811875418	-0.0254009035	3355
0.791457741	-0.0276670692	3356
0.769892853	-0.0299999206	3357
0.747214591	-0.03238615	3358
0.723466044	-0.0348121588	3359
0.698699052	-0.0372590439	3360
0.672974934	-0.0397097635	3361
0.646363864	-0.0421444406	3362
0.61894473	-0.0445403838	3363
0.590805112	-0.0468750479	3364
0.562040529	-0.0491209725	3365
0.532754518	-0.0512521362	3366
0.503057695	-0.0532383367	3367
0.4730675	-0.0550497678	3368
0.442907433	-0.0566561364	3369
0.412706141	-0.0580235121	3370
0.382596965	-0.0591219663	3371
0.352716726	-0.0599198145	3372
0.323204896	-0.0603887937	3373
0.294202431	-0.0605009117	3374
0.265850651	-0.0602336361	3375
0.238289923	-0.0595687448	3376
0.211658429	-0.0584895791	3377
0.186090451	-0.056990599	3378
0.161715442	-0.055066268	3379
0.138656053	-0.0527211541	3380
0.11702747	-0.0499614281	3381
0.0969357944	-0.0468002234	3382
0.0784777242	-0.0432534854	3383
0.0617408516	-0.0393374972	3384
0.0468045586	-0.0350701467	3385
0.0337444253	-0.0304654016	3386
0.0226402321	-0.0255343873	3387
0.0135913737	-0.0202921201	3388
0.00673686456	-0.0147903747	3389
0.00223236026	-0.00922293471	3390
2.91825472e-05	-0.00408090013	3391
-0.000490320454	1.76666872e-11	3392
2.91825541e-05	0.00408090015	3393
0.00223236026	0.00922293471	3394
0.00673686453	0.0147903747	3395
0.0135913735	0.0202921201	3396
0.0226402321	0.0255343865	3397
0.0337444039	0.0304654499	3398
0.0468045104	0.0350702669	3399
0.0617408486	0.039337473	3400
0.0784777132	0.0432534859	3401
0.0969357848	0.0468002212	3402
0.11702746	0.0499614269	3403
0.138656043	0.052721153	3404
0.161715433	0.0550662672	3405
0.186090441	0.0569905984	3406
0.21165842	0.0584895787	3407
0.238289915	0.0595687445	3408
0.265850642	0.0602336359	3409
0.294202423	0.0605009117	3410
0.323204888	0.0603887938	3411
0.352716719	0.0599198147	3412
0.382596958	0.0591219666	3413
0.412706134	0.0580235124	3414
0.442907427	0.0566561367	3415
0.473067494	0.0550497682	3416
0.503057689	0.0532383371	3417
0.532754512	0.0512521365	3418
0.562040524	0.0491209727	3419
0.590805108	0.0468750539	3420
0.618944723	0.0445403576	3421
0.646363856	0.042144404	3422
0.672974931	0.0397097715	3423
0.698699049	0.037259041	3424
0.723466041	0.03481216	3425
0.747214588	0.0323861501	3426
0.76989285	0.029999921	3427
0.791457739	0.0276670695	3428
0.811875416	0.0254009037	3429
0.831121174	0.0232143639	3430
0.849178926	0.0211167941	3431
0.866041453	0.0191183216	3432
0.881709678	0.0172259993	3433
0.896192529	0.0154456135	3434
0.909506612	0.0137822812	3435
0.921675627	0.0122392903	3436
0.932729933	0.0108184598	3437
0.942706098	0.00952056071	3438
0.951646226	0.00834469477	3439
0.959597226	0.00728754835	3440
0.966610522	0.00634536163	3441
0.972741875	0.00551627202	3442
0.978050206	0.00479664135	3443
0.982596002	0.00417586618	3444
0.986441483	0.00364193403	3445
0.98965162	0.00319023073	3446
0.992294147	0.00282296903	3447
0.994437291	0.00253383677	3448
0.996146655	0.00229173835	3449
0.997479135	0.00203190737	3450
0.998490536	0.00174177324	3451
0.999235472	0.00143754356	3452
0.999795892	0.00113722788	3453
1.00017476	0.000801750112	3454
1.00039195	0.000420539398	3455
1.00056743	-4.77696693e-14	3456
1.00046385	-0.000444114296	3457
1.00023704	-0.000844714656	3458
0.999846145	-0.00119379017	3459
0.99927475	-0.00150221018	3460
0.998520826	-0.00181110608	3461
0.997502275	-0.00210394153	3462
0.996164547	-0.00236525119	3463
0.994451813	-0.00260808774	3464
0.992306772	-0.0028975646	3465
0.989663203	-0.00326499371	3466
0.986452457	-0.00371678714	3467
0.982606592	-0.00425077253	3468
0.978060552	-0.00487157963	3469
0.972752065	-0.0055912294	3470
0.966620597	-0.00642033189	3471
0.959607198	-0.00736252944	3472
0.951656095	-0.00841968627	3473
0.942715862	-0.00959556263	3474
0.932739585	-0.0108934725	3475
0.921685158	-0.0123143145	3476
0.909516012	-0.0138573177	3477
0.896201789	-0.0155206631	3478
0.881718787	-0.0173010628	3479
0.8660504	-0.0191933995	3480
0.849187701	-0.0211918871	3481
0.831129767	-0.0232894725	3482
0.811883816	-0.0254760284	3483
0.791465934	-0.0277422109	3484
0.769900829	-0.0300750795	3485
0.747222337	-0.0324613266	3486
0.723473544	-0.0348873538	3487
0.69870629	-0.0373342578	3488
0.672981889	-0.0397849972	3489
0.646370514	-0.0422196947	3490
0.618951049	-0.0446156592	3491
0.59081107	-0.0469503453	3492
0.56204609	-0.0491962927	3493
0.532759643	-0.0513274796	3494
0.503062339	-0.0533137034	3495
0.473071614	-0.0551251575	3496
0.442910958	-0.0567315479	3497
0.412709013	-0.0580989433	3498
0.382599114	-0.0591974135	3499
0.352718073	-0.0599952722	3500
0.323205353	-0.060464254	3501
0.294201899	-0.0605763634	3502
0.265849019	-0.0603090641	3503
0.238287068	-0.0596441285	3504
0.211654205	-0.0585648907	3505
0.18608469	-0.057065801	3506
0.161707942	-0.055141309	3507
0.138646564	-0.0527959625	3508
0.117015681	-0.0500359015	3509
0.096921304	-0.0468742118	3510
0.0784600062	-0.0433267614	3511
0.0617192106	-0.0394097058	3512
0.0467780775	-0.0351407182	3513
0.0337119261	-0.0305334063	3514
0.022600309	-0.0255983116	3515
0.0135426282	-0.0203495962	3516
0.00667852199	-0.0148380749	3517
0.00216519563	-0.00925710709	3518
-4.40461293e-05	-0.0040986822	3519
-0.000565676769	1.67636059e-11	3520
-4.40461234e-05	0.00409868221	3521
0.00216519563	0.00925710708	3522
0.00667852195	0.0148380749	3523
0.0135426281	0.0203495961	3524
0.022600309	0.0255983108	3525
0.0337119047	0.0305334546	3526
0.0467780294	0.0351408384	3527
0.0617192077	0.0394096816	3528
0.0784599953	0.0433267619	3529
0.0969212944	0.0468742096	3530
0.117015671	0.0500359003	3531
0.138646555	0.0527959613	3532
0.161707932	0.0551413082	3533
0.18608468	0.0570658004	3534
0.211654196	0.0585648903	3535
0.238287059	0.0596441282	3536
0.265849011	0.0603090639	3537
0.29420189	0.0605763634	3538
0.323205345	0.0604642541	3539
0.352718066	0.0599952724	3540
0.382599107	0.0591974137	3541
0.412709006	0.0580989436	3542
0.442910951	0.0567315482	3543
0.473071607	0.0551251578	3544
0.503062333	0.0533137038	3545
0.532759638	0.0513274798	3546
0.562046085	0.0491962928	3547
0.590811065	0.0469503513	3548
0.618951042	0.044615633	3549
0.646370506	0.0422196581	3550
0.672981886	0.0397850051	3551
0.698706286	0.037334255	3552
0.723473541	0.034887355	3553
0.747222334	0.0324613267	3554
0.769900826	0.0300750799	3555
0.791465932	0.0277422111	3556
0.811883814	0.0254760287	3557
0.831129765	0.0232894727	3558
0.8491877	0.0211918873	3559
0.866050398	0.0191933997	3560
0.881718785	0.0173010629	3561
0.896201787	0.0155206632	3562
0.909516011	0.0138573178	3563
0.921685157	0.0123143146	3564
0.932739584	0.0108934726	3565
0.942715861	0.00959556271	3566
0.951656095	0.00841968634	3567
0.959607198	0.0073625295	3568
0.966620596	0.00642033193	3569
0.972752065	0.00559122943	3570
0.978060552	0.00487157966	3571
0.982606592	0.00425077255	3572
0.986452457	0.00371678716	3573
0.989663203	0.00326499372	3574
0.992306772	0.00289756461	3575
0.994451813	0.00260808775	3576
0.996164547	0.00236525119	3577
0.997502275	0.00210394153	3578
0.998520826	0.00181110608	3579
0.99927475	0.00150221018	3580
0.999846145	0.00119379017	3581
1.00023704	0.000844714655	3582
1.00046385	0.000444114296	3583
1.00065443	-7.51155028e-14	3584
1.00054658	-0.000470997851	3585
1.00030884	-0.000893831025	3586
0.999904182	-0.0012585934	3587
0.999320142	-0.0015764212	3588
0.998555831	-0.0018907439	3589
0.997529025	-0.00218671743	3590
0.996185236	-0.00244974496	3591
0.994468597	-0.00269344185	3592
0.992321341	-0.0029833231	3593
0.989676545	-0.00335094989	3594
0.986465079	-0.00380284986	3595
0.982618763	-0.00433689788	3596
0.978072437	-0.00495774228	3597
0.972763768	-0.00567741418	3598
0.966632167	-0.00650653139	3599
0.959618651	-0.0074487411	3600
0.951667432	-0.00850590958	3601
0.942727078	-0.00968179758	3602
0.932750674	-0.0109797195	3603
0.921696109	-0.0124005744	3604
0.909526814	-0.0139435915	3605
0.896212429	-0.0156069516	3606
0.881729253	-0.0173873669	3607
0.866060681	-0.0192797201	3608
0.849197785	-0.0212782247	3609
0.831139642	-0.0233758278	3610
0.811893469	-0.0255624021	3611
0.791475352	-0.0278286035	3612
0.769909997	-0.0301614916	3613
0.74723124	-0.0325477588	3614
0.723482165	-0.0349738068	3615
0.698714608	-0.0374207324	3616
0.672989882	-0.0398714942	3617
0.646378155	-0.0423062149	3618
0.618958309	-0.0447022035	3619
0.590817914	-0.0470369147	3620
0.562052478	-0.0492828878	3621
0.532765529	-0.0514141011	3622
0.503067672	-0.0534003514	3623
0.473076334	-0.0552118316	3624
0.442915001	-0.0568182467	3625
0.412712306	-0.0581856643	3626
0.382601574	-0.0592841525	3627
0.352719609	-0.0600820228	3628
0.323205863	-0.0605510071	3629
0.29420127	-0.0606631062	3630
0.265847125	-0.0603957789	3631
0.238283762	-0.0597307916	3632
0.211649322	-0.05865147	3633
0.186078034	-0.0571522529	3634
0.161699278	-0.0552275739	3635
0.138635605	-0.0528819572	3636
0.117002065	-0.0501215072	3637
0.0969045646	-0.0469592539	3638
0.0784395356	-0.0434109754	3639
0.0616942059	-0.0394926792	3640
0.0467474836	-0.0352217904	3641
0.033674393	-0.0306115019	3642
0.0225542343	-0.0256716866	3643
0.0134864302	-0.0204155338	3644
0.00661133981	-0.0148927735	3645
0.00208793223	-0.00929628995	3646
-0.000128240755	-0.00411907637	3647
-0.000652305664	1.55787763e-11	3648
-0.00012824075	0.00411907638	3649
0.00208793222	0.00929628993	3650
0.00661133975	0.0148927734	3651
0.0134864299	0.0204155337	3652
0.0225542342	0.0256716857	3653
0.0336743715	0.0306115502	3654
0.0467474355	0.0352219106	3655
0.0616942031	0.0394926551	3656
0.0784395247	0.043410976	3657
0.096904555	0.0469592517	3658
0.117002055	0.050121506	3659
0.138635596	0.0528819561	3660
0.161699269	0.0552275731	3661
0.186078024	0.0571522523	3662
0.211649313	0.0586514696	3663
0.238283753	0.0597307913	3664
0.265847116	0.0603957788	3665
0.294201262	0.0606631062	3666
0.323205856	0.0605510072	3667
0.352719602	0.060082023	3668
0.382601567	0.0592841527	3669
0.412712299	0.0581856646	3670
0.442914995	0.056818247	3671
0.473076328	0.0552118319	3672
0.503067666	0.0534003519	3673
0.532765524	0.0514141013	3674
0.562052473	0.049282888	3675
0.590817909	0.0470369207	3676
0.618958302	0.0447021773	3677
0.646378148	0.0423061783	3678
0.672989879	0.0398715021	3679
0.698714604	0.0374207296	3680
0.723482162	0.034973808	3681
0.747231237	0.0325477589	3682
0.769909994	0.030161492	3683
0.791475349	0.0278286037	3684
0.811893466	0.0255624023	3685
0.83113964	0.023375828	3686
0.849197784	0.0212782249	3687
0.866060679	0.0192797203	3688
0.881729252	0.0173873671	3689
0.896212428	0.0156069518	3690
0.909526813	0.0139435916	3691
0.921696108	0.0124005746	3692
0.932750673	0.0109797196	3693
0.942727077	0.00968179766	3694
0.951667431	0.00850590966	3695
0.959618651	0.00744874116	3696
0.966632166	0.00650653144	3697
0.972763767	0.00567741421	3698
0.978072437	0.00495774231	3699
0.982618763	0.0043368979	3700
0.986465079	0.00380284988	3701
0.989676545	0.0033509499	3702
0.992321341	0.0029833231	3703
0.994468597	0.00269344186	3704
0.996185236	0.00244974496	3705
0.997529025	0.00218671744	3706
0.998555831	0.0018907439	3707
0.999320142	0.0015764212	3708
0.999904182	0.00125859339	3709
1.00030884	0.000893831024	3710
1.00054658	0.000470997851	3711
1.00075445	-1.09761952e-13	3712
1.0006418	-0.000501636695	3713
1.00039163	-0.000949954573	3714
0.999971226	-0.00133281907	3715
0.999372608	-0.00166157715	3716
0.998596287	-0.00198221762	3717
0.997559939	-0.00228183948	3718
0.996209145	-0.00254686349	3719
0.994487986	-0.00279156115	3720
0.992338138	-0.00308191748	3721
0.989691899	-0.00344977703	3722
0.986479586	-0.00390180246	3723
0.982632742	-0.00443592382	3724
0.978086083	-0.00505681153	3725
0.972777202	-0.00577650883	3726
0.96664545	-0.00660564268	3727
0.959631801	-0.00754786598	3728
0.951680451	-0.00860504725	3729
0.942739961	-0.00978094815	3730
0.932763412	-0.0110788835	3731
0.921708691	-0.0124997529	3732
0.909539226	-0.0140427854	3733
0.896224656	-0.0157061621	3734
0.881741282	-0.017486595	3735
0.866072497	-0.0193789667	3736
0.849209376	-0.0213774906	3737
0.831150992	-0.0234751137	3738
0.811904563	-0.0256617087	3739
0.791486176	-0.0279279316	3740
0.769920534	-0.0302608418	3741
0.747241473	-0.0326471318	3742
0.723492072	-0.0350732035	3743
0.698724167	-0.0375201536	3744
0.672999067	-0.0399709407	3745
0.646386936	-0.0424056878	3746
0.618966651	-0.0448017038	3747
0.590825777	-0.0471364434	3748
0.562059816	-0.0493824458	3749
0.532772289	-0.051513689	3750
0.503073794	-0.0534999695	3751
0.473081753	-0.0553114792	3752
0.44291964	-0.0569179223	3753
0.412716079	-0.0582853649	3754
0.382604389	-0.0593838734	3755
0.35272136	-0.0601817566	3756
0.323206434	-0.0606507431	3757
0.294200529	-0.0607628296	3758
0.265844925	-0.0604954695	3759
0.238279936	-0.0598304218	3760
0.211643677	-0.0587510026	3761
0.186070343	-0.0572516376	3762
0.161689271	-0.0553267414	3763
0.138622948	-0.052980811	3764
0.116986336	-0.0502199091	3765
0.0968852269	-0.0470570009	3766
0.0784158849	-0.0435077601	3767
0.0616653158	-0.0395880223	3768
0.0467121402	-0.0353149259	3769
0.0336310499	-0.0307011867	3770
0.0225010657	-0.0257559114	3771
0.0134216463	-0.0204911825	3772
0.00653398426	-0.0149555027	3773
0.00199905487	-0.0093412236	3774
-0.000225042513	-0.00414247005	3775
-0.000751893411	1.40402445e-11	3776
-0.00022504251	0.00414247006	3777
0.00199905486	0.00934122357	3778
0.00653398418	0.0149555026	3779
0.013421646	0.0204911824	3780
0.0225010655	0.0257559105	3781
0.0336310284	0.0307012349	3782
0.0467120921	0.0353150462	3783
0.0616653131	0.0395879981	3784
0.0784158741	0.0435077606	3785
0.0968852174	0.0470569986	3786
0.116986326	0.0502199079	3787
0.138622938	0.0529808098	3788
0.161689262	0.0553267406	3789
0.186070334	0.057251637	3790
0.211643668	0.0587510022	3791
0.238279927	0.0598304215	3792
0.265844916	0.0604954694	3793
0.29420052	0.0607628296	3794
0.323206426	0.0606507432	3795
0.352721353	0.0601817568	3796
0.382604382	0.0593838736	3797
0.412716072	0.0582853652	3798
0.442919633	0.0569179226	3799
0.473081747	0.0553114795	3800
0.503073788	0.0534999699	3801
0.532772284	0.0515136893	3802
0.56205981	0.049382446	3803
0.590825772	0.0471364494	3804
0.618966645	0.0448016775	3805
0.646386929	0.0424056512	3806
0.672999064	0.0399709486	3807
0.698724163	0.0375201507	3808
0.723492069	0.0350732046	3809
0.74724147	0.0326471319	3810
0.769920531	0.0302608422	3811
0.791486174	0.0279279318	3812
0.811904561	0.025661709	3813
0.83115099	0.023475114	3814
0.849209374	0.0213774908	3815
0.866072496	0.0193789669	3816
0.881741281	0.0174865952	3817
0.896224655	0.0157061623	3818
0.909539225	0.0140427855	3819
0.92170869	0.012499753	3820
0.932763412	0.0110788836	3821
0.94273996	0.00978094823	3822
0.95168045	0.00860504732	3823
0.959631801	0.00754786604	3824
0.966645449	0.00660564273	3825
0.972777202	0.00577650887	3826
0.978086083	0.00505681156	3827
0.982632742	0.00443592384	3828
0.986479586	0.00390180248	3829
0.989691899	0.00344977705	3830
0.992338138	0.00308191748	3831
0.994487986	0.00279156115	3832
0.996209145	0.00254686349	3833
0.997559939	0.00228183949	3834
0.998596287	0.00198221762	3835
0.999372608	0.00166157714	3836
0.999971226	0.00133281907	3837
1.00039163	0.000949954573	3838
1.0006418	0.000501636695	3839
1.00086945	-1.52796181e-13	3840
1.00075138	-0.00053652985	3841
1.00048712	-0.00101404657	3842
1.0000487	-0.00141780628	3843
0.999433272	-0.00175927645	3844
0.998643048	-0.00208728179	3845
0.99759566	-0.00239115021	3846
0.996236761	-0.00265849618	3847
0.994510358	-0.00290435983	3848
0.992357486	-0.00319527181	3849
0.989709554	-0.00356340483	3850
0.986496246	-0.00401557752	3851
0.982648784	-0.00454978436	3852
0.97810174	-0.00517072207	3853
0.972792617	-0.0058904483	3854
0.966660693	-0.00671960072	3855
0.959646895	-0.00766183895	3856
0.951695398	-0.00871903418	3857
0.942754756	-0.00989494917	3858
0.932778044	-0.0111928994	3859
0.921723145	-0.0126137847	3860
0.909553486	-0.0141568345	3861
0.896238706	-0.0158202298	3862
0.881755105	-0.0176006825	3863
0.866086077	-0.019493075	3864
0.849222696	-0.0214916207	3865
0.831164036	-0.0235892665	3866
0.811917315	-0.025775885	3867
0.791498617	-0.028042132	3868
0.769932645	-0.0303750674	3869
0.747253234	-0.0327613832	3870
0.723503459	-0.0351874816	3871
0.698735153	-0.0376344595	3872
0.673009623	-0.0400852754	3873
0.646397027	-0.0425200524	3874
0.618976236	-0.0449160996	3875
0.59083481	-0.0472508714	3876
0.562068244	-0.0494969072	3877
0.532780053	-0.0516281844	3878
0.503080824	-0.053614499	3879
0.473087971	-0.0554260422	3880
0.44292496	-0.057032517	3881
0.412720404	-0.058399988	3882
0.38260761	-0.059498519	3883
0.352723356	-0.0602964165	3884
0.32320707	-0.060765405	3885
0.294199654	-0.0608774763	3886
0.265842369	-0.0606100775	3887
0.238275506	-0.0599449593	3888
0.21163715	-0.0588654266	3889
0.186061458	-0.0573658896	3890
0.161677712	-0.0554407413	3891
0.138608327	-0.0530944465	3892
0.116968168	-0.0503330196	3893
0.0968628876	-0.0471693504	3894
0.0783885606	-0.0436189913	3895
0.061631938	-0.0396975788	3896
0.0466713129	-0.0354219199	3897
0.0335810022	-0.0308041813	3898
0.022439717	-0.0258525929	3899
0.013346972	-0.020577977	3900
0.006444921	-0.0150274479	3901
0.00189682147	-0.00939275863	3902
-0.000336338063	-0.00416930873	3903
-0.000866378527	1.2058357e-11	3904
-0.000336338061	0.00416930874	3905
0.00189682145	0.00939275858	3906
0.0064449209	0.0150274477	3907
0.0133469717	0.0205779768	3908
0.0224397167	0.0258525919	3909
0.0335809805	0.0308042294	3910
0.0466712649	0.0354220402	3911
0.0616319353	0.0396975547	3912
0.0783885498	0.0436189919	3913
0.0968628781	0.0471693482	3914
0.116968158	0.0503330184	3915
0.138608318	0.0530944453	3916
0.161677702	0.0554407404	3917
0.186061449	0.057365889	3918
0.211637141	0.0588654262	3919
0.238275497	0.059944959	3920
0.265842361	0.0606100774	3921
0.294199646	0.0608774763	3922
0.323207062	0.060765405	3923
0.352723349	0.0602964166	3924
0.382607603	0.0594985193	3925
0.412720398	0.0583999882	3926
0.442924954	0.0570325173	3927
0.473087965	0.0554260425	3928
0.503080818	0.0536144994	3929
0.532780047	0.0516281846	3930
0.562068239	0.0494969073	3931
0.590834805	0.0472508774	3932
0.618976229	0.0449160733	3933
0.646397019	0.0425200158	3934
0.67300962	0.0400852833	3935
0.698735149	0.0376344566	3936
0.723503456	0.0351874828	3937
0.747253231	0.0327613833	3938
0.769932643	0.0303750677	3939
0.791498615	0.0280421323	3940
0.811917313	0.0257758852	3941
0.831164034	0.0235892667	3942
0.849222694	0.0214916209	3943
0.866086075	0.0194930752	3944
0.881755104	0.0176006827	3945
0.896238705	0.01582023	3946
0.909553485	0.0141568347	3947
0.921723144	0.0126137848	3948
0.932778043	0.0111928995	3949
0.942754755	0.00989494925	3950
0.951695398	0.00871903425	3951
0.959646894	0.00766183901	3952
0.966660692	0.00671960076	3953
0.972792616	0.00589044834	3954
0.978101739	0.0051707221	3955
0.982648784	0.00454978439	3956
0.986496246	0.00401557753	3957
0.989709554	0.00356340484	3958
0.992357486	0.00319527182	3959
0.994510358	0.00290435983	3960
0.996236761	0.00265849618	3961
0.99759566	0.00239115021	3962
0.998643048	0.00208728179	3963
0.999433272	0.00175927645	3964
1.0000487	0.00141780628	3965
1.00048712	0.00101404657	3966
1.00075138	0.000536529849	3967
1.00100168	-2.0527443e-13	3968
1.0008775	-0.00057623276	3969
1.00059729	-0.00108716378	3970
1.00013828	-0.00151506844	3971
0.999503452	-0.00187134017	3972
0.998697117	-0.00220794533	3973
0.997636937	-0.00251676459	3974
0.996268647	-0.00278681437	3975
0.994536154	-0.00303403749	3976
0.992379755	-0.00332559889	3977
0.989729837	-0.00369405269	3978
0.986515362	-0.00414639778	3979
0.98266718	-0.00468070394	3980
0.97811969	-0.00530169903	3981
0.972810292	-0.00602145788	3982
0.966678175	-0.00685063074	3983
0.959664212	-0.0077928851	3984
0.951712552	-0.00885009541	3985
0.942771741	-0.0100260255	3986
0.932794846	-0.0113239919	3987
0.921739747	-0.0127448948	3988
0.909569868	-0.0142879639	3989
0.896254849	-0.0159513799	3990
0.881770989	-0.0177318548	3991
0.866101682	-0.0196242707	3992
0.849238004	-0.0216228409	3993
0.831179028	-0.0237205123	3994
0.811931971	-0.0259071573	3995
0.791512916	-0.0281734318	3996
0.769946565	-0.0305063955	3997
0.747266751	-0.0328927407	3998
0.723516546	-0.0353188694	3999
0.698747779	-0.0377658787	4000
0.673021753	-0.0402167273	4001
0.646408621	-0.0426515383	4002
0.618987249	-0.0450476207	4003
0.590845187	-0.0473824292	4004
0.562077926	-0.0496285028	4005
0.532788968	-0.0517598186	4006
0.503088894	-0.0537461719	4007
0.473095109	-0.0555577531	4008
0.442931064	-0.0571642639	4009
0.412725361	-0.0585317667	4010
0.382611296	-0.0596303233	4011
0.352725631	-0.0604282363	4012
0.323207778	-0.0608972263	4013
0.294198622	-0.0610092793	4014
0.265839401	-0.0607418351	4015
0.238270378	-0.0600766346	4016
0.211629604	-0.0589969698	4017
0.18605119	-0.057497233	4018
0.161664358	-0.0555717918	4019
0.138591439	-0.0532250738	4020
0.116947182	-0.0504630372	4021
0.0968370804	-0.0472984839	4022
0.0783569925	-0.0437468254	4023
0.0615933766	-0.0398234675	4024
0.0466241538	-0.0355448347	4025
0.0335232174	-0.030922462	4026
0.0223689366	-0.0259635759	4027
0.0132609053	-0.0206775644	4028
0.00634238509	-0.0151099702	4029
0.0017792292	-0.00945187247	4030
-0.000464296225	-0.00420010479	4031
-0.000997989517	9.52129911e-12	4032
-0.000464296225	0.00420010478	4033
0.00177922917	0.0094518724	4034
0.00634238496	0.01510997	4035
0.0132609049	0.0206775641	4036
0.0223689362	0.0259635749	4037
0.0335231956	0.0309225101	4038
0.0466241057	0.035544955	4039
0.061593374	0.0398234434	4040
0.0783569817	0.043746826	4041
0.0968370709	0.0472984817	4042
0.116947172	0.050463036	4043
0.138591429	0.0532250726	4044
0.161664349	0.0555717909	4045
0.186051181	0.0574972324	4046
0.211629595	0.0589969694	4047
0.238270369	0.0600766343	4048
0.265839392	0.060741835	4049
0.294198614	0.0610092793	4050
0.323207771	0.0608972264	4051
0.352725624	0.0604282365	4052
0.382611289	0.0596303235	4053
0.412725354	0.058531767	4054
0.442931057	0.0571642642	4055
0.473095102	0.0555577535	4056
0.503088888	0.0537461724	4057
0.532788962	0.0517598188	4058
0.56207792	0.049628503	4059
0.590845183	0.0473824352	4060
0.618987242	0.0450475945	4061
0.646408614	0.0426515017	4062
0.67302175	0.0402167352	4063
0.698747775	0.0377658759	4064
0.723516543	0.0353188706	4065
0.747266748	0.0328927408	4066
0.769946562	0.0305063959	4067
0.791512914	0.0281734321	4068
0.811931968	0.0259071575	4069
0.831179026	0.0237205125	4070
0.849238002	0.0216228411	4071
0.866101681	0.0196242709	4072
0.881770987	0.0177318549	4073
0.896254848	0.01595138	4074
0.909569867	0.014287964	4075
0.921739746	0.012744895	4076
0.932794845	0.011323992	4077
0.94277174	0.0100260256	4078
0.951712551	0.00885009548	4079
0.959664211	0.00779288516	4080
0.966678175	0.00685063079	4081
0.972810291	0.00602145792	4082
0.97811969	0.00530169906	4083
0.98266718	0.00468070396	4084
0.986515362	0.0041463978	4085
0.989729837	0.0036940527	4086
0.992379755	0.0033255989	4087
0.994536154	0.00303403749	4088
0.996268647	0.00278681437	4089
0.997636937	0.00251676459	4090
0.998697117	0.00220794533	4091
0.999503452	0.00187134017	4092
1.00013828	0.00151506844	4093
1.00059729	0.00108716378	4094
1.0008775	0.00057623276	4095
1.00115371	-2.68141082e-13	4096
1.00102268	-0.000621361381	4097
1.00072443	-0.00117052798	4098
1.00024194	-0.00162628073	4099
0.999584696	-0.00199983877	4100
0.998759672	-0.00234650579	4101
0.997684648	-0.00266110896	4102
0.996305461	-0.0029343127	4103
0.994565883	-0.00318312277	4104
0.992405362	-0.00347544412	4105
0.989753118	-0.00384427328	4106
0.986537275	-0.00429681984	4107
0.982688255	-0.00483124101	4108
0.978140254	-0.0054523016	4109
0.972830544	-0.00617209689	4110
0.966698214	-0.0070012919	4111
0.959684069	-0.00794356332	4112
0.951732231	-0.00900078951	4113
0.942791233	-0.0101767357	4114
0.932814135	-0.0114747194	4115
0.921758811	-0.0128956416	4116
0.909588684	-0.0144387318	4117
0.896273393	-0.0161021709	4118
0.881789238	-0.0178826705	4119
0.866119613	-0.0197751127	4120
0.849255595	-0.0217737105	4121
0.831196257	-0.0238714107	4122
0.811948813	-0.0260580857	4123
0.791529349	-0.0283243912	4124
0.769962563	-0.030657387	4125
0.747282285	-0.0330437653	4126
0.723531586	-0.0354699284	4127
0.698762288	-0.0379169734	4128
0.673035692	-0.040367859	4129
0.646421944	-0.0428027086	4130
0.618999902	-0.0451988311	4131
0.590857109	-0.0475336812	4132
0.562089046	-0.0497797976	4133
0.532799207	-0.0519111572	4134
0.50309816	-0.0538975545	4135
0.473103299	-0.0557091788	4136
0.442938064	-0.0573157302	4137
0.412731042	-0.0586832691	4138
0.382615513	-0.0597818541	4139
0.352728224	-0.0605797844	4140
0.323208567	-0.0610487751	4141
0.294197405	-0.0611608061	4142
0.265835953	-0.0608933085	4143
0.23826444	-0.0602280119	4144
0.211620879	-0.0591481934	4145
0.186039325	-0.0576482244	4146
0.161648931	-0.055722443	4147
0.13857193	-0.0533752335	4148
0.116922938	-0.0506124886	4149
0.0968072666	-0.0474469082	4150
0.0783205216	-0.04389374	4151
0.0615488282	-0.0399681229	4152
0.0465696839	-0.0356860396	4153
0.033456505	-0.0310582988	4154
0.0222872821	-0.026090979	4155
0.0131617169	-0.0207918358	4156
0.00622434642	-0.0152046329	4157
0.00164397547	-0.0095196885	4158
-0.000611410149	-0.00423544769	4159
-0.00114928825	6.28954684e-12	4160
-0.000611410151	0.00423544767	4161
0.00164397543	0.00951968841	4162
0.00622434627	0.0152046327	4163
0.0131617164	0.0207918356	4164
0.0222872816	0.0260909779	4165
0.0334564831	0.0310583468	4166
0.0465696359	0.0356861598	4167
0.0615488257	0.0399680988	4168
0.0783205109	0.0438937406	4169
0.0968072571	0.047446906	4170
0.116922929	0.0506124874	4171
0.138571921	0.0533752324	4172
0.161648922	0.0557224421	4173
0.186039316	0.0576482238	4174
0.21162087	0.0591481929	4175
0.238264431	0.0602280116	4176
0.265835944	0.0608933083	4177
0.294197397	0.0611608061	4178
0.323208559	0.0610487752	4179
0.352728216	0.0605797845	4180
0.382615505	0.0597818543	4181
0.412731035	0.0586832693	4182
0.442938057	0.0573157305	4183
0.473103293	0.0557091791	4184
0.503098154	0.053897555	4185
0.532799201	0.0519111574	4186
0.562089041	0.0497797978	4187
0.590857105	0.0475336872	4188
0.618999895	0.0451988048	4189
0.646421936	0.042802672	4190
0.673035689	0.040367867	4191
0.698762284	0.0379169706	4192
0.723531582	0.0354699296	4193
0.747282282	0.0330437654	4194
0.76996256	0.0306573874	4195
0.791529347	0.0283243915	4196
0.811948811	0.0260580859	4197
0.831196255	0.0238714109	4198
0.849255593	0.0217737107	4199
0.866119611	0.0197751129	4200
0.881789236	0.0178826707	4201
0.896273392	0.016102171	4202
0.909588683	0.0144387319	4203
0.92175881	0.0128956417	4204
0.932814134	0.0114747195	4205
0.942791232	0.0101767358	4206
0.95173223	0.00900078958	4207
0.959684069	0.00794356338	4208
0.966698214	0.00700129194	4209
0.972830544	0.00617209693	4210
0.978140254	0.00545230163	4211
0.982688255	0.00483124103	4212
0.986537275	0.00429681986	4213
0.989753118	0.0038442733	4214
0.992405362	0.00347544413	4215
0.994565883	0.00318312277	4216
0.996305461	0.0029343127	4217
0.997684648	0.00266110896	4218
0.998759672	0.00234650579	4219
0.999584696	0.00199983877	4220
1.00024194	0.00162628073	4221
1.00072443	0.00117052798	4222
1.00102268	0.000621361381	4223
1.00132851	-3.42232429e-13	4224
1.0011898	-0.000672596388	4225
1.00087119	-0.00126548046	4226
1.00036194	-0.00175337798	4227
0.99967886	-0.00214710462	4228
0.998832105	-0.00250558732	4229
0.997739826	-0.00282696486	4230
0.996347968	-0.00310385624	4231
0.994600133	-0.00335452227	4232
0.992434786	-0.00364773409	4233
0.989779812	-0.00401700298	4234
0.986562371	-0.00446978424	4235
0.982712377	-0.0050043383	4236
0.97816379	-0.00562547334	4237
0.972853731	-0.00634530891	4238
0.966721168	-0.00717452743	4239
0.959706827	-0.00811681642	4240
0.951754795	-0.00917405889	4241
0.942813593	-0.0103500218	4242
0.932836272	-0.0116480238	4243
0.921780697	-0.0130689667	4244
0.909610291	-0.0146120801	4245
0.896294692	-0.0162755446	4246
0.881810201	-0.0180560718	4247
0.866140214	-0.0199485434	4248
0.849275808	-0.0219471721	4249
0.831216054	-0.0240449047	4250
0.811968169	-0.0262316135	4251
0.791548234	-0.028497954	4252
0.769980947	-0.0308309861	4253
0.747300137	-0.0332174019	4254
0.723548869	-0.0356436039	4255
0.698778962	-0.0380906894	4256
0.67305171	-0.040541617	4257
0.646437252	-0.0429765102	4258
0.61901444	-0.0453726782	4259
0.590870805	-0.0477075754	4260
0.562101819	-0.0499537406	4261
0.532810964	-0.0520851498	4262
0.503108798	-0.054071597	4263
0.4731127	-0.0558832701	4264
0.442946093	-0.0574898674	4265
0.412737552	-0.058857447	4266
0.382620337	-0.0599560639	4267
0.352731177	-0.060754013	4268
0.323209442	-0.0612230037	4269
0.294195971	-0.0613350082	4270
0.265831948	-0.0610674478	4271
0.238257565	-0.0604020391	4272
0.211610789	-0.0593220417	4273
0.186025614	-0.0578218029	4274
0.161631108	-0.0558956263	4275
0.138549394	-0.0535478461	4276
0.116894932	-0.0507842784	4277
0.0967728238	-0.0476175046	4278
0.078278387	-0.0440625828	4279
0.0614973649	-0.0401343422	4280
0.0465067736	-0.0358482561	4281
0.0333794917	-0.0312142986	4282
0.0221930914	-0.0262372349	4283
0.013047416	-0.0209229631	4284
0.00608846999	-0.0153132316	4285
0.00148841322	-0.00959749804	4286
-0.000780545785	-0.00427601572	4287
-0.00132321981	2.18361525e-12	4288
-0.00078054579	0.00427601569	4289
0.00148841317	0.00959749793	4290
0.0060884698	0.0153132314	4291
0.0130474155	0.0209229627	4292
0.0221930907	0.0262372337	4293
0.0333794696	0.0312143466	4294
0.0465067256	0.0358483764	4295
0.0614973626	0.0401343181	4296
0.0782783764	0.0440625834	4297
0.0967728144	0.0476175024	4298
0.116894923	0.0507842772	4299
0.138549385	0.0535478449	4300
0.161631099	0.0558956255	4301
0.186025605	0.0578218023	4302
0.21161078	0.0593220412	4303
0.238257556	0.0604020388	4304
0.265831939	0.0610674476	4305
0.294195963	0.0613350082	4306
0.323209434	0.0612230038	4307
0.35273117	0.0607540132	4308
0.38262033	0.0599560642	4309
0.412737545	0.0588574472	4310
0.442946087	0.0574898677	4311
0.473112693	0.0558832704	4312
0.503108792	0.0540715975	4313
0.532810959	0.0520851501	4314
0.562101813	0.0499537408	4315
0.590870801	0.0477075814	4316
0.619014433	0.0453726519	4317
0.646437244	0.0429764736	4318
0.673051706	0.0405416249	4319
0.698778958	0.0380906865	4320
0.723548866	0.0356436051	4321
0.747300134	0.033217402	4322
0.769980945	0.0308309865	4323
0.791548232	0.0284979543	4324
0.811968166	0.0262316137	4325
0.831216052	0.024044905	4326
0.849275806	0.0219471723	4327
0.866140213	0.0199485435	4328
0.8818102	0.0180560719	4329
0.896294691	0.0162755447	4330
0.909610289	0.0146120802	4331
0.921780696	0.0130689668	4332
0.932836272	0.0116480239	4333
0.942813593	0.0103500219	4334
0.951754795	0.00917405896	4335
0.959706827	0.00811681648	4336
0.966721167	0.00717452748	4337
0.97285373	0.00634530895	4338
0.97816379	0.00562547337	4339
0.982712377	0.00500433832	4340
0.98656237	0.00446978426	4341
0.989779812	0.00401700299	4342
0.992434786	0.0036477341	4343
0.994600133	0.00335452227	4344
0.996347968	0.00310385624	4345
0.997739826	0.00282696486	4346
0.998832105	0.00250558732	4347
0.99967886	0.00214710462	4348
1.00036194	0.00175337798	4349
1.00087119	0.00126548045	4350
1.0011898	0.000672596387	4351
1.00152949	-4.27788112e-13	4352
1.0013822	-0.000730687633	4353
1.00104066	-0.00137351044	4354
1.00050097	-0.00189850789	4355
0.999788123	-0.0023157853	4356
0.998916068	-0.00268818235	4357
0.997803694	-0.0030175184	4358
0.996397072	-0.00329873415	4359
0.99463959	-0.00355157635	4360
0.992468579	-0.00384583372	4361
0.989810389	-0.00421561945	4362
0.986591081	-0.00466867318	4363
0.982739957	-0.00520338061	4364
0.978190702	-0.00582459991	4365
0.972880253	-0.00654447956	4366
0.966747438	-0.00737372246	4367
0.95973289	-0.00831602887	4368
0.951780654	-0.00937328739	4369
0.942839232	-0.0105492672	4370
0.932861666	-0.0118472881	4371
0.921805815	-0.0132682528	4372
0.909635096	-0.0148113912	4373
0.89631915	-0.0164748836	4374
0.881834279	-0.0182554413	4375
0.86616388	-0.0201479456	4376
0.84929903	-0.022146609	4377
0.831238801	-0.0242443781	4378
0.811990409	-0.0264311248	4379
0.791569936	-0.0286975048	4380
0.770002075	-0.0310305779	4381
0.747320653	-0.0334170361	4382
0.723568731	-0.0358432821	4383
0.698798122	-0.0382904134	4384
0.673070115	-0.0407413885	4385
0.646454841	-0.0431763313	4386
0.619031142	-0.0455725508	4387
0.590886538	-0.0479075016	4388
0.562116489	-0.050153722	4389
0.532824466	-0.0522851876	4390
0.503121011	-0.0542716914	4391
0.473123487	-0.0560834197	4392
0.442955302	-0.057690069	4393
0.412745011	-0.0590576943	4394
0.382625855	-0.0601563471	4395
0.352734541	-0.0609543167	4396
0.323210413	-0.0614233062	4397
0.294194281	-0.0615352789	4398
0.265827295	-0.0612676446	4399
0.238249604	-0.0606021051	4400
0.21159912	-0.0595218996	4401
0.186009767	-0.0580213472	4402
0.161610516	-0.0560947116	4403
0.138523359	-0.0537462684	4404
0.116862579	-0.050981745	4405
0.0967330327	-0.047813585	4406
0.0782297094	-0.044256626	4407
0.0614379151	-0.0403253396	4408
0.0464341188	-0.0360346111	4409
0.0332905933	-0.0313934558	4410
0.0220844489	-0.0264051372	4411
0.0129157112	-0.0210734396	4412
0.0059320702	-0.0154378287	4413
0.00130949944	-0.00968678559	4414
-0.000974997598	-0.00432258949	4415
-0.00152316987	-3.01927719e-12	4416
-0.000974997607	0.00432258945	4417
0.00130949938	0.00968678545	4418
0.00593206998	0.0154378284	4419
0.0129157105	0.0210734391	4420
0.0220844481	0.0264051359	4421
0.033290571	0.0313935037	4422
0.0464340708	0.0360347314	4423
0.0614379128	0.0403253156	4424
0.0782296988	0.0442566266	4425
0.0967330233	0.0478135828	4426
0.116862569	0.0509817438	4427
0.13852335	0.0537462672	4428
0.161610507	0.0560947108	4429
0.186009758	0.0580213465	4430
0.211599111	0.0595218991	4431
0.238249596	0.0606021048	4432
0.265827286	0.0612676445	4433
0.294194272	0.0615352788	4434
0.323210405	0.0614233063	4435
0.352734534	0.0609543169	4436
0.382625848	0.0601563473	4437
0.412745004	0.0590576946	4438
0.442955296	0.0576900693	4439
0.473123481	0.05608342	4440
0.503121005	0.0542716918	4441
0.532824461	0.0522851878	4442
0.562116484	0.0501537222	4443
0.590886534	0.0479075076	4444
0.619031135	0.0455725245	4445
0.646454834	0.0431762947	4446
0.673070112	0.0407413964	4447
0.698798118	0.0382904105	4448
0.723568728	0.0358432833	4449
0.74732065	0.0334170362	4450
0.770002072	0.0310305783	4451
0.791569933	0.0286975051	4452
0.811990407	0.0264311251	4453
0.831238799	0.0242443783	4454
0.849299028	0.0221466092	4455
0.866163878	0.0201479458	4456
0.881834278	0.0182554415	4457
0.896319149	0.0164748838	4458
0.909635095	0.0148113913	4459
0.921805814	0.0132682529	4460
0.932861666	0.0118472882	4461
0.942839231	0.0105492673	4462
0.951780653	0.00937328747	4463
0.95973289	0.00831602893	4464
0.966747438	0.00737372251	4465
0.972880252	0.0065444796	4466
0.978190701	0.00582459994	4467
0.982739957	0.00520338064	4468
0.986591081	0.00466867319	4469
0.989810389	0.00421561946	4470
0.992468578	0.00384583373	4471
0.99463959	0.00355157636	4472
0.996397072	0.00329873415	4473
0.997803694	0.0030175184	4474
0.998916068	0.00268818235	4475
0.999788123	0.0023157853	4476
1.00050097	0.00189850789	4477
1.00104066	0.00137351044	4478
1.0013822	0.000730687632	4479
1.00176057	-5.24691474e-13	4480
1.00160373	-0.000796459013	4481
1.00123644	-0.00149626656	4482
1.00066217	-0.00206406797	4483
0.999915035	-0.0025088904	4484
0.999013569	-0.00289767911	4485
0.997877707	-0.00323641544	4486
0.996453839	-0.00352272045	4487
0.994685055	-0.00377812289	4488
0.992507376	-0.00407361153	4489
0.98984539	-0.00444400546	4490
0.986623896	-0.00489737675	4491
0.982771458	-0.00543226122	4492
0.978221438	-0.00605357564	4493
0.972910559	-0.00677350303	4494
0.966777478	-0.00760277046	4495
0.959762716	-0.00854509323	4496
0.951810267	-0.00960236667	4497
0.942868614	-0.0107783626	4498
0.932890785	-0.0120764026	4499
0.92183463	-0.0134973898	4500
0.909663565	-0.0150405548	4501
0.89634723	-0.0167040776	4502
0.881861929	-0.0184846688	4503
0.866191061	-0.0203772094	4504
0.849325706	-0.0223759114	4505
0.831264935	-0.0244737212	4506
0.812015964	-0.0266605106	4507
0.791594872	-0.0289269351	4508
0.770026351	-0.0312600544	4509
0.747344228	-0.0336465605	4510
0.723591554	-0.0360728563	4511
0.698820139	-0.0385200393	4512
0.673091264	-0.0409710683	4513
0.64647505	-0.0434060672	4514
0.61905033	-0.0458023451	4515
0.590904611	-0.0481373566	4516
0.562133339	-0.0503836397	4517
0.532839971	-0.0525151692	4518
0.503135031	-0.0545017371	4519
0.473135866	-0.056313528	4520
0.442965864	-0.0579202361	4521
0.412753558	-0.0592879131	4522
0.382632167	-0.0603866058	4523
0.352738372	-0.0611845979	4524
0.323211487	-0.0616535846	4525
0.294192289	-0.0617655191	4526
0.265821889	-0.0614977982	4527
0.238240385	-0.060832106	4528
0.211585626	-0.0597516582	4529
0.185991452	-0.0582507413	4530
0.161586723	-0.0563235726	4531
0.138493281	-0.0539743592	4532
0.116825201	-0.0512087257	4533
0.0966870619	-0.0480389553	4534
0.0781734726	-0.0444796303	4535
0.0613692408	-0.040544808	4536
0.0463502139	-0.0362486964	4537
0.0331879826	-0.0315992093	4538
0.0219591475	-0.0265978934	4539
0.0127639642	-0.0212461285	4540
0.00575205822	-0.0155807932	4541
0.00110373597	-0.00978925785	4542
-0.00119855262	-0.00437606745	4543
-0.00175303054	-9.58868942e-12	4544
-0.00119855264	0.00437606738	4545
0.00110373588	0.00978925767	4546
0.00575205795	0.0155807929	4547
0.0127639635	0.021246128	4548
0.0219591464	0.026597892	4549
0.0331879601	0.0315992571	4550
0.046350166	0.0362488167	4551
0.0613692387	0.0405447841	4552
0.0781734621	0.0444796309	4553
0.0966870525	0.0480389531	4554
0.116825191	0.0512087246	4555
0.138493271	0.0539743581	4556
0.161586714	0.0563235717	4557
0.185991443	0.0582507407	4558
0.211585617	0.0597516577	4559
0.238240376	0.0608321057	4560
0.265821881	0.0614977981	4561
0.294192281	0.0617655191	4562
0.323211479	0.0616535846	4563
0.352738364	0.0611845981	4564
0.38263216	0.060386606	4565
0.412753551	0.0592879133	4566
0.442965858	0.0579202364	4567
0.47313586	0.0563135283	4568
0.503135025	0.0545017375	4569
0.532839965	0.0525151695	4570
0.562133334	0.0503836399	4571
0.590904607	0.0481373626	4572
0.619050323	0.0458023189	4573
0.646475043	0.0434060306	4574
0.67309126	0.0409710762	4575
0.698820135	0.0385200364	4576
0.723591551	0.0360728575	4577
0.747344224	0.0336465606	4578
0.770026349	0.0312600548	4579
0.791594869	0.0289269354	4580
0.812015961	0.0266605109	4581
0.831264933	0.0244737214	4582
0.849325704	0.0223759116	4583
0.86619106	0.0203772096	4584
0.881861928	0.018484669	4585
0.896347229	0.0167040777	4586
0.909663564	0.015040555	4587
0.921834629	0.0134973899	4588
0.932890784	0.0120764027	4589
0.942868613	0.0107783627	4590
0.951810266	0.00960236674	4591
0.959762715	0.00854509329	4592
0.966777477	0.00760277051	4593
0.972910558	0.00677350307	4594
0.978221438	0.00605357567	4595
0.982771457	0.00543226124	4596
0.986623896	0.00489737676	4597
0.98984539	0.00444400547	4598
0.992507376	0.00407361154	4599
0.994685055	0.0037781229	4600
0.996453839	0.00352272045	4601
0.997877707	0.00323641544	4602
0.999013569	0.00289767911	4603
0.999915035	0.0025088904	4604
1.00066217	0.00206406797	4605
1.00123644	0.00149626655	4606
1.00160373	0.000796459012	4607
1.00202626	-6.32262169e-13	4608
1.0018588	-0.000870813943	4609
1.00146268	-0.00163556905	4610
1.00084924	-0.00225272897	4611
1.00006265	-0.00272979368	4612
0.999126978	-0.00313793972	4613
0.99796361	-0.00348782294	4614
0.996519539	-0.00378014285	4615
0.99473747	-0.00403856998	4616
0.992551917	-0.00433551429	4617
0.989885433	-0.0047066265	4618
0.986661344	-0.00516037221	4619
0.982807394	-0.00569545828	4620
0.978256502	-0.00631688	4621
0.97294515	-0.00703685856	4622
0.966811792	-0.00786614971	4623
0.959796816	-0.00880848653	4624
0.951844154	-0.00986577251	4625
0.942902263	-0.0110417829	4626
0.932924155	-0.0123398409	4627
0.921867672	-0.0137608511	4628
0.909696227	-0.0153040437	4629
0.896379458	-0.0169675989	4630
0.881893673	-0.0187482267	4631
0.866222275	-0.0206408073	4632
0.849356345	-0.0226395522	4633
0.831294956	-0.0247374074	4634
0.812045321	-0.0269242447	4635
0.791623521	-0.0291907191	4636
0.770054246	-0.0315238904	4637
0.747371315	-0.0339104506	4638
0.723617779	-0.0363368025	4639
0.698845437	-0.0387840441	4640
0.673115563	-0.041235134	4641
0.646498269	-0.0436701965	4642
0.619072374	-0.0460665407	4643
0.590925371	-0.048401621	4644
0.562152692	-0.0506479751	4645
0.532857774	-0.0527795771	4646
0.503151125	-0.0547662176	4647
0.473150072	-0.0565780794	4648
0.442977977	-0.0581848539	4649
0.412763351	-0.059552589	4650
0.382639386	-0.0606513264	4651
0.352742733	-0.0614493429	4652
0.323212673	-0.0619183248	4653
0.294189943	-0.0620302137	4654
0.265815608	-0.061762391	4655
0.238229708	-0.0610965207	4656
0.211570018	-0.0600157909	4657
0.185970282	-0.0585144504	4658
0.16155923	-0.0565866622	4659
0.138458529	-0.0542365544	4660
0.116782017	-0.0514696313	4661
0.0966339504	-0.04829799	4662
0.0781085026	-0.044735917	4663
0.0612899121	-0.0407969909	4664
0.0462533209	-0.036494638	4665
0.0330695517	-0.0318355084	4666
0.0218146432	-0.0268191868	4667
0.012589138	-0.0214443174	4668
0.00554488137	-0.0157448461	4669
0.000867101399	-0.0099068769	4670
-0.0014555641	-0.00443748367	4671
-0.00201727615	-1.78688291e-11	4672
-0.00145556412	0.00443748358	4673
0.000867101297	0.00990687669	4674
0.00554488104	0.0157448457	4675
0.0125891372	0.0214443168	4676
0.0218146419	0.0268191853	4677
0.0330695291	0.0318355561	4678
0.0462532731	0.0364947583	4679
0.0612899101	0.040796967	4680
0.0781084922	0.0447359177	4681
0.096633941	0.0482979879	4682
0.116782007	0.0514696301	4683
0.13845852	0.0542365532	4684
0.161559221	0.0565866614	4685
0.185970273	0.0585144497	4686
0.211570009	0.0600157904	4687
0.2382297	0.0610965204	4688
0.2658156	0.0617623909	4689
0.294189935	0.0620302137	4690
0.323212665	0.0619183249	4691
0.352742726	0.0614493431	4692
0.382639379	0.0606513266	4693
0.412763344	0.0595525893	4694
0.442977971	0.0581848543	4695
0.473150066	0.0565780797	4696
0.503151119	0.054766218	4697
0.532857769	0.0527795773	4698
0.562152687	0.0506479752	4699
0.590925367	0.048401627	4700
0.619072367	0.0460665144	4701
0.646498261	0.0436701599	4702
0.67311556	0.041235142	4703
0.698845433	0.0387840412	4704
0.723617776	0.0363368037	4705
0.747371312	0.0339104507	4706
0.770054243	0.0315238908	4707
0.791623519	0.0291907194	4708
0.812045319	0.0269242449	4709
0.831294954	0.0247374077	4710
0.849356344	0.0226395524	4711
0.866222273	0.0206408075	4712
0.881893672	0.0187482269	4713
0.896379457	0.0169675991	4714
0.909696226	0.0153040438	4715
0.921867671	0.0137608512	4716
0.932924155	0.012339841	4717
0.942902263	0.0110417829	4718
0.951844154	0.00986577258	4719
0.959796816	0.00880848659	4720
0.966811791	0.00786614976	4721
0.97294515	0.0070368586	4722
0.978256502	0.00631688003	4723
0.982807394	0.0056954583	4724
0.986661344	0.00516037222	4725
0.989885433	0.00470662651	4726
0.992551917	0.0043355143	4727
0.99473747	0.00403856999	4728
0.996519538	0.00378014285	4729
0.99796361	0.00348782294	4730
0.999126978	0.00313793972	4731
1.00006265	0.00272979368	4732
1.00084924	0.00225272897	4733
1.00146268	0.00163556905	4734
1.0018588	0.000870813942	4735
1.00233174	-7.48901382e-13	4736
1.00215252	-0.000954741661	4737
1.00172423	-0.00179339662	4738
1.00106652	-0.00246745762	4739
1.00023459	-0.00298228272	4740
0.999259111	-0.00341335623	4741
0.998063506	-0.00377649538	4742
0.996595697	-0.00407596017	4743
0.994797958	-0.00433797865	4744
0.992603063	-0.0046366524	4745
0.989931223	-0.00500861698	4746
0.986704051	-0.00546280454	4747
0.982848344	-0.00599812267	4748
0.978296454	-0.00661966555	4749
0.972984584	-0.00733969852	4750
0.966850944	-0.00816901134	4751
0.959835764	-0.00911135827	4752
0.951882899	-0.0101686527	4753
0.942940772	-0.0113446741	4754
0.932962376	-0.0126427482	4755
0.921905541	-0.0140637805	4756
0.909733681	-0.0156070014	4757
0.896416434	-0.0172705905	4758
0.881930107	-0.0190512577	4759
0.866258111	-0.020943882	4760
0.849391529	-0.0229426742	4761
0.831329435	-0.0250405801	4762
0.812079044	-0.0272274708	4763
0.791656435	-0.0294940012	4764
0.770086293	-0.031827231	4765
0.747402438	-0.0342138519	4766
0.72364791	-0.0366402673	4767
0.698874502	-0.039087575	4768
0.673143481	-0.0415387339	4769
0.646524944	-0.0439738683	4770
0.619097697	-0.0463702875	4771
0.590949217	-0.0487054458	4772
0.562174918	-0.0509518804	4773
0.532878217	-0.0530835645	4774
0.5031696	-0.0550702873	4775
0.473166372	-0.0568822294	4776
0.442991868	-0.058489079	4777
0.41277457	-0.0598568795	4778
0.382647641	-0.0609556667	4779
0.352747697	-0.0617537097	4780
0.323213979	-0.0622226842	4781
0.29418718	-0.0623345185	4782
0.265808311	-0.0620665764	4783
0.238217342	-0.0614004981	4784
0.211551965	-0.0603194402	4785
0.185945811	-0.0588176072	4786
0.16152746	-0.0568890994	4787
0.138418376	-0.0545379524	4788
0.116732123	-0.0517695312	4789
0.096572587	-0.0485957168	4790
0.0780334421	-0.0450304525	4791
0.0611982768	-0.0410867632	4792
0.0461414327	-0.0367771756	4793
0.0329328685	-0.0321068889	4794
0.0216480039	-0.0270732463	4795
0.012387736	-0.0216717805	4796
0.00530645319	-0.0159331123	4797
0.000594972713	-0.0100418982	4798
-0.00175103618	-0.00450802821	4799
-0.00232105037	-2.82910254e-11	4800
-0.00175103621	0.0045080281	4801
0.000594972587	0.010041898	4802
0.0053064528	0.0159331118	4803
0.0123877351	0.0216717798	4804
0.0216480024	0.0270732445	4805
0.0329328456	0.0321069365	4806
0.0461413849	0.0367772959	4807
0.061198275	0.0410867394	4808
0.0780334317	0.0450304531	4809
0.0965725778	0.0485957146	4810
0.116732113	0.05176953	4811
0.138418366	0.0545379513	4812
0.16152745	0.0568890986	4813
0.185945802	0.0588176066	4814
0.211551956	0.0603194397	4815
0.238217333	0.0614004978	4816
0.265808302	0.0620665763	4817
0.294187172	0.0623345185	4818
0.323213971	0.0622226843	4819
0.35274769	0.0617537098	4820
0.382647634	0.060955667	4821
0.412774563	0.0598568798	4822
0.442991862	0.0584890793	4823
0.473166366	0.0568822297	4824
0.503169594	0.0550702878	4825
0.532878211	0.0530835647	4826
0.562174912	0.0509518805	4827
0.590949213	0.0487054518	4828
0.61909769	0.0463702612	4829
0.646524937	0.0439738317	4830
0.673143478	0.0415387419	4831
0.698874498	0.0390875722	4832
0.723647907	0.0366402685	4833
0.747402435	0.0342138521	4834
0.77008629	0.0318272313	4835
0.791656432	0.0294940015	4836
0.812079042	0.027227471	4837
0.831329433	0.0250405803	4838
0.849391528	0.0229426745	4839
0.866258109	0.0209438822	4840
0.881930106	0.0190512579	4841
0.896416433	0.0172705907	4842
0.90973368	0.0156070015	4843
0.92190554	0.0140637806	4844
0.932962375	0.0126427483	4845
0.942940771	0.0113446742	4846
0.951882898	0.0101686528	4847
0.959835764	0.00911135833	4848
0.966850944	0.00816901138	4849
0.972984584	0.00733969856	4850
0.978296454	0.00661966558	4851
0.982848344	0.00599812269	4852
0.986704051	0.00546280456	4853
0.989931223	0.00500861699	4854
0.992603062	0.00463665241	4855
0.994797958	0.00433797865	4856
0.996595697	0.00407596017	4857
0.998063506	0.00377649538	4858
0.999259111	0.00341335623	4859
1.00023459	0.00298228272	4860
1.00106652	0.00246745762	4861
1.00172423	0.00179339662	4862
1.00215252	0.000954741659	4863
1.00268297	-8.72027236e-13	4864
1.00249078	-0.00104932461	4865
1.00202674	-0.00197186261	4866
1.00131907	-0.00271154085	4867
1.00043517	-0.00327059732	4868
0.99941338	-0.00372888411	4869
0.998180034	-0.00410781906	4870
0.996684157	-0.00441584914	4871
0.994867861	-0.00468215682	4872
0.992661828	-0.00498289753	4873
0.989983576	-0.00535587967	4874
0.98675272	-0.00581059132	4875
0.982894944	-0.00634618001	4876
0.978341915	-0.00696785914	4877
0.973029478	-0.00768794959	4878
0.966895561	-0.00851728056	4879
0.959880199	-0.00945963163	4880
0.951927152	-0.0105169283	4881
0.942984803	-0.0116929554	4882
0.933006118	-0.0129910416	4883
0.921948918	-0.0144120937	4884
0.909776609	-0.0159553425	4885
0.896458837	-0.0176189666	4886
0.88197191	-0.0193996755	4887
0.866299241	-0.0212923471	4888
0.849431923	-0.0232911913	4889
0.831369029	-0.0253891531	4890
0.812117776	-0.0275761031	4891
0.79169424	-0.0298426962	4892
0.770123107	-0.0321759916	4893
0.747438192	-0.0345626809	4894
0.723682526	-0.0369891678	4895
0.698907895	-0.0394365501	4896
0.673175555	-0.0418877869	4897
0.646555588	-0.0443230026	4898
0.619126786	-0.0467195067	4899
0.590976607	-0.0490547533	4900
0.562200442	-0.0513012791	4901
0.532901689	-0.0534330563	4902
0.503190807	-0.0554198724	4903
0.473185075	-0.0572319052	4904
0.443007797	-0.0588388396	4905
0.412787423	-0.0602067137	4906
0.382657081	-0.0613055565	4907
0.352753345	-0.062103628	4908
0.323215414	-0.062572592	4909
0.294183926	-0.0626843611	4910
0.26579983	-0.0624162787	4911
0.238203018	-0.0617499578	4912
0.211531081	-0.0606685179	4913
0.185917521	-0.0591661124	4914
0.161490744	-0.0572367685	4915
0.138371979	-0.0548844142	4916
0.116674473	-0.0521142525	4917
0.096501687	-0.0489379136	4918
0.077946722	-0.0453689431	4919
0.0610924255	-0.0414197263	4920
0.0460122311	-0.0371017532	4921
0.0327751261	-0.0324185589	4922
0.0214558493	-0.0273649264	4923
0.0121557314	-0.0219328504	4924
0.00503207272	-0.0161491801	4925
0.000282034948	-0.010196914	4926
-0.00209072132	-0.00458907028	4927
-0.00267026629	-4.1395772e-11	4928
-0.00209072135	0.00458907014	4929
0.000282034795	0.0101969137	4930
0.00503207227	0.0161491795	4931
0.0121557303	0.0219328496	4932
0.0214558475	0.0273649245	4933
0.032775103	0.0324186064	4934
0.0460121834	0.0371018736	4935
0.0610924239	0.0414197026	4936
0.0779467117	0.0453689438	4937
0.0965016778	0.0489379115	4938
0.116674464	0.0521142514	4939
0.138371969	0.0548844131	4940
0.161490734	0.0572367676	4941
0.185917512	0.0591661118	4942
0.211531072	0.0606685174	4943
0.238203009	0.0617499575	4944
0.265799821	0.0624162786	4945
0.294183918	0.0626843611	4946
0.323215406	0.0625725921	4947
0.352753338	0.0621036281	4948
0.382657073	0.0613055568	4949
0.412787416	0.060206714	4950
0.443007791	0.0588388399	4951
0.473185069	0.0572319056	4952
0.503190801	0.0554198728	4953
0.532901683	0.0534330566	4954
0.562200437	0.0513012793	4955
0.590976603	0.0490547593	4956
0.619126779	0.0467194805	4957
0.646555581	0.044322966	4958
0.673175551	0.0418877948	4959
0.698907891	0.0394365473	4960
0.723682523	0.036989169	4961
0.747438189	0.034562681	4962
0.770123104	0.0321759919	4963
0.791694238	0.0298426965	4964
0.812117773	0.0275761034	4965
0.831369027	0.0253891533	4966
0.849431921	0.0232911915	4967
0.866299239	0.0212923473	4968
0.881971908	0.0193996756	4969
0.896458836	0.0176189668	4970
0.909776608	0.0159553426	4971
0.921948917	0.0144120938	4972
0.933006118	0.0129910417	4973
0.942984802	0.0116929555	4974
0.951927152	0.0105169284	4975
0.959880198	0.00945963169	4976
0.966895561	0.00851728061	4977
0.973029478	0.00768794963	4978
0.978341915	0.00696785917	4979
0.982894944	0.00634618003	4980
0.98675272	0.00581059134	4981
0.989983576	0.00535587968	4982
0.992661828	0.00498289754	4983
0.994867861	0.00468215682	4984
0.996684157	0.00441584915	4985
0.998180034	0.00410781907	4986
0.99941338	0.00372888411	4987
1.00043517	0.00327059732	4988
1.00131907	0.00271154085	4989
1.00202674	0.00197186261	4990
1.00249078	0.00104932461	4991
1.00308681	-9.97853886e-13	4992
1.00288034	-0.00115574714	4993
1.00237668	-0.00217341169	4994
1.00161286	-0.00298861162	4995
1.00066952	-0.00359946953	4996
0.999593899	-0.00409011253	4997
0.998316246	-0.00448797163	4998
0.99678717	-0.0048063011	4999
0.9949488	-0.00507776559	5000
0.992729422	-0.00538099389	5001
0.990043442	-0.00575519956	5002
0.986808151	-0.00621053767	5003
0.982947879	-0.00674644922	5004
0.978393573	-0.00736827818	5005
0.973080516	-0.00808842928	5006
0.966946334	-0.00891777321	5007
0.959930828	-0.00986011987	5008
0.95197764	-0.0109174098	5009
0.943035098	-0.0120934345	5010
0.93305614	-0.0133915264	5011
0.921998567	-0.0148125943	5012
0.909825785	-0.0163558689	5013
0.896507441	-0.0180195282	5014
0.882019853	-0.01980028	5015
0.866346433	-0.0216930023	5016
0.849478285	-0.0236919029	5017
0.831414485	-0.0257899262	5018
0.81216225	-0.0279769421	5019
0.791737659	-0.0302436049	5020
0.770165392	-0.0325769736	5021
0.747479262	-0.0349637398	5022
0.723722292	-0.037390307	5023
0.698946256	-0.0398377734	5024
0.6732124	-0.0422890981	5025
0.64659079	-0.0447244058	5026
0.619160199	-0.047121006	5027
0.591008064	-0.0494563525	5028
0.562229753	-0.0517029816	5029
0.532928638	-0.0538348642	5030
0.503215149	-0.0558217858	5031
0.473206533	-0.0576339214	5032
0.443026062	-0.0592409514	5033
0.412802145	-0.0606089083	5034
0.382667872	-0.061707813	5035
0.35275977	-0.062505915	5036
0.323216985	-0.0629748645	5037
0.294180094	-0.0630865559	5038
0.265789973	-0.0628183089	5039
0.238186423	-0.0621517048	5040
0.21150692	-0.0610698202	5041
0.185884814	-0.0595667492	5042
0.161448308	-0.0576364335	5043
0.138318362	-0.0552826766	5044
0.116607858	-0.0525104928	5045
0.0964197637	-0.0493312211	5046
0.0778465275	-0.0457579464	5047
0.0609701506	-0.0418023152	5048
0.0458630376	-0.0374746237	5049
0.0325930841	-0.0327764986	5050
0.0212342807	-0.0276997998	5051
0.0118884859	-0.0222324994	5052
0.00471633106	-0.0163971685	5053
-7.78229297e-05	-0.010374902	5054
-0.00248123235	-0.00468218445	5055
-0.00307172156	-5.78600155e-11	5056
-0.00248123239	0.00468218426	5057
-7.78231158e-05	0.0103749016	5058
0.00471633053	0.0163971678	5059
0.0118884846	0.0222324984	5060
0.0212342787	0.0276997977	5061
0.0325930607	0.0327765459	5062
0.0458629899	0.0374747441	5063
0.0609701492	0.0418022915	5064
0.0778465173	0.0457579471	5065
0.0964197546	0.0493312189	5066
0.116607848	0.0525104916	5067
0.138318353	0.0552826754	5068
0.161448299	0.0576364327	5069
0.185884805	0.0595667486	5070
0.211506911	0.0610698198	5071
0.238186414	0.0621517045	5072
0.265789965	0.0628183087	5073
0.294180085	0.0630865559	5074
0.323216977	0.0629748646	5075
0.352759763	0.0625059152	5076
0.382667864	0.0617078132	5077
0.412802138	0.0606089086	5078
0.443026055	0.0592409517	5079
0.473206527	0.0576339217	5080
0.503215143	0.0558217862	5081
0.532928632	0.0538348644	5082
0.562229748	0.0517029818	5083
0.59100806	0.0494563585	5084
0.619160192	0.0471209797	5085
0.646590782	0.0447243692	5086
0.673212396	0.0422891061	5087
0.698946252	0.0398377706	5088
0.723722288	0.0373903082	5089
0.747479259	0.0349637399	5090
0.770165389	0.032576974	5091
0.791737657	0.0302436052	5092
0.812162248	0.0279769424	5093
0.831414483	0.0257899264	5094
0.849478283	0.0236919031	5095
0.866346431	0.0216930025	5096
0.882019851	0.0198002802	5097
0.89650744	0.0180195283	5098
0.909825784	0.016355869	5099
0.921998566	0.0148125944	5100
0.933056139	0.0133915265	5101
0.943035097	0.0120934345	5102
0.95197764	0.0109174098	5103
0.959930827	0.00986011993	5104
0.966946334	0.00891777326	5105
0.973080516	0.00808842932	5106
0.978393572	0.00736827821	5107
0.982947878	0.00674644925	5108
0.98680815	0.00621053769	5109
0.990043442	0.00575519957	5110
0.992729422	0.00538099389	5111
0.9949488	0.0050777656	5112
0.99678717	0.0048063011	5113
0.998316246	0.00448797163	5114
0.999593899	0.00409011253	5115
1.00066952	0.00359946953	5116
1.00161286	0.00298861162	5117
1.00237668	0.00217341169	5118
1.00288034	0.00115574714	5119
1.00355113	-1.12119946e-12	5120
1.003329	-0.00127530569	5121
1.00278158	-0.00240066843	5122
1.00195488	-0.00330262896	5123
1.00094372	-0.00397416534	5124
0.99980563	-0.00450332736	5125
0.99847594	-0.00492394189	5126
0.996907512	-0.00525472412	5127
0.995042759	-0.00553243902	5128
0.992807296	-0.00583868492	5129
0.990111937	-0.00621437405	5130
0.986871257	-0.00667046791	5131
0.98300798	-0.00720676403	5132
0.97845219	-0.00782876434	5133
0.973138448	-0.00854897983	5134
0.967004024	-0.0093783297	5135
0.959988432	-0.0103206604	5136
0.952035167	-0.011377931	5137
0.943092485	-0.0125539417	5138
0.933113285	-0.01385203	5139
0.922055348	-0.0152731068	5140
0.909882076	-0.016816403	5141
0.896563121	-0.0184800958	5142
0.882074807	-0.0202608918	5143
0.866400559	-0.0221536667	5144
0.84953148	-0.0241526279	5145
0.831466656	-0.0262507183	5146
0.812213308	-0.0284378067	5147
0.791787514	-0.0307045469	5148
0.770213953	-0.0330379974	5149
0.747526432	-0.0354248495	5150
0.723767967	-0.0378515069	5151
0.698990319	-0.040299068	5152
0.673254721	-0.0427504918	5153
0.646631223	-0.0451859034	5154
0.619198576	-0.047582612	5155
0.591044192	-0.0499180717	5156
0.562263411	-0.0521648177	5157
0.532959576	-0.0542968196	5158
0.503243086	-0.0562838606	5159
0.473231152	-0.0580961123	5160
0.443047003	-0.0597032503	5161
0.412819007	-0.0610713002	5162
0.382680206	-0.0621702738	5163
0.352767076	-0.0629684084	5164
0.323218698	-0.0634373383	5165
0.294175581	-0.0635489371	5166
0.265778516	-0.0632804969	5167
0.238167197	-0.0626135622	5168
0.211478965	-0.0615311601	5169
0.185846996	-0.0600273151	5170
0.161399258	-0.0580958701	5171
0.138256398	-0.0557404832	5172
0.116530876	-0.0529659497	5173
0.096325097	-0.0497832705	5174
0.0777307586	-0.0462049971	5175
0.0608288987	-0.0422419222	5176
0.0456907556	-0.037902968	5177
0.0323829996	-0.0331875733	5178
0.0209788005	-0.0280842614	5179
0.0115806549	-0.0225764318	5180
0.00435300313	-0.0166818033	5181
-0.000491628243	-0.0105792812	5182
-0.00293017149	-0.00478918018	5183
-0.00353323068	-7.85309006e-11	5184
-0.00293017155	0.00478917994	5185
-0.000491628468	0.0105792807	5186
0.0043530025	0.0166818025	5187
0.0115806535	0.0225764306	5188
0.0209787981	0.0280842591	5189
0.0323829758	0.0331876204	5190
0.045690708	0.0379030885	5191
0.0608288976	0.0422418986	5192
0.0777307486	0.0462049979	5193
0.0963250879	0.0497832684	5194
0.116530866	0.0529659486	5195
0.138256388	0.0557404821	5196
0.161399248	0.0580958692	5197
0.185846987	0.0600273145	5198
0.211478956	0.0615311597	5199
0.238167188	0.0626135619	5200
0.265778508	0.0632804967	5201
0.294175573	0.0635489371	5202
0.32321869	0.0634373384	5203
0.352767068	0.0629684085	5204
0.382680199	0.062170274	5205
0.412819	0.0610713005	5206
0.443046996	0.0597032506	5207
0.473231146	0.0580961126	5208
0.50324308	0.0562838611	5209
0.532959571	0.0542968198	5210
0.562263406	0.0521648178	5211
0.591044187	0.0499180777	5212
0.619198569	0.0475825858	5213
0.646631216	0.0451858668	5214
0.673254718	0.0427504998	5215
0.698990315	0.0402990652	5216
0.723767963	0.0378515081	5217
0.747526429	0.0354248496	5218
0.77021395	0.0330379978	5219
0.791787512	0.0307045471	5220
0.812213306	0.028437807	5221
0.831466654	0.0262507185	5222
0.849531478	0.0241526281	5223
0.866400557	0.0221536669	5224
0.882074805	0.0202608919	5225
0.89656312	0.018480096	5226
0.909882075	0.0168164032	5227
0.922055347	0.0152731069	5228
0.933113284	0.0138520301	5229
0.943092484	0.0125539418	5230
0.952035166	0.0113779311	5231
0.959988431	0.0103206605	5232
0.967004023	0.00937832975	5233
0.973138448	0.00854897987	5234
0.97845219	0.00782876437	5235
0.983007979	0.00720676405	5236
0.986871257	0.00667046793	5237
0.990111937	0.00621437407	5238
0.992807296	0.00583868493	5239
0.995042759	0.00553243902	5240
0.996907512	0.00525472412	5241
0.99847594	0.00492394189	5242
0.99980563	0.00450332736	5243
1.00094372	0.00397416534	5244
1.00195488	0.00330262896	5245
1.00278158	0.00240066843	5246
1.003329	0.00127530568	5247
1.00408499	-1.23515213e-12	5248
1.00384574	-0.00140942071	5249
1.00325013	-0.00265650908	5250
1.00235348	-0.00365776196	5251
1.00126497	-0.00440052836	5252
1.00005456	-0.00497557638	5253
0.998663765	-0.00542364208	5254
0.997048707	-0.00576953861	5255
0.995152178	-0.00605491831	5256
0.992897216	-0.0063648572	5257
0.990190388	-0.00674236184	5258
0.986943099	-0.00719937691	5259
0.983076156	-0.00773613701	5260
0.978518576	-0.00835834141	5261
0.9732041	-0.00907862214	5262
0.967069465	-0.00990796921	5263
0.960053868	-0.010850269	5264
0.952100618	-0.0119075034	5265
0.943157879	-0.0130834843	5266
0.933178496	-0.0143815553	5267
0.922120225	-0.0158026306	5268
0.909946462	-0.0173459415	5269
0.896626865	-0.0190096639	5270
0.882137765	-0.0207905028	5271
0.866462604	-0.0226833319	5272
0.849592491	-0.024682357	5273
0.831526515	-0.0267805198	5274
0.812271907	-0.0289676875	5275
0.791844746	-0.031234513	5276
0.770269709	-0.0335680544	5277
0.7475806	-0.0359550024	5278
0.723820421	-0.0383817609	5279
0.699040925	-0.0408294284	5280
0.673303329	-0.0432809637	5281
0.646677662	-0.0457164924	5282
0.61924265	-0.0481133236	5283
0.591085678	-0.0504489111	5284
0.562302057	-0.0526957893	5285
0.532995093	-0.0548279262	5286
0.503275148	-0.0568151024	5287
0.473259393	-0.0586274852	5288
0.44307101	-0.060234745	5289
0.412838318	-0.0616028993	5290
0.382694303	-0.0627019493	5291
0.35277538	-0.0635001185	5292
0.323220559	-0.0639690227	5293
0.294170267	-0.0640805112	5294
0.265765197	-0.0638118442	5295
0.238144918	-0.0631445239	5296
0.211446616	-0.0620615191	5297
0.185803263	-0.060556774	5298
0.161342555	-0.0586240162	5299
0.138184778	-0.0562667349	5300
0.116441905	-0.0534894707	5301
0.0962156947	-0.0503028321	5302
0.0775969843	-0.0467187525	5303
0.0606657146	-0.0427470389	5304
0.0454918036	-0.0383950321	5305
0.0321405467	-0.0336596629	5306
0.0206842159	-0.0285256475	5307
0.0112260769	-0.0229711894	5308
0.00393492192	-0.0170085035	5309
-0.000967463561	-0.0108139739	5310
-0.00344627884	-0.00491213485	5311
-0.00406377714	-1.0446694e-10	5312
-0.00344627891	0.00491213455	5313
-0.000967463831	0.0108139733	5314
0.00393492118	0.0170085025	5315
0.0112260753	0.022971188	5316
0.0206842132	0.0285256449	5317
0.0321405226	0.0336597098	5318
0.045491756	0.0383951526	5319
0.0606657138	0.0427470154	5320
0.0775969745	0.0467187533	5321
0.0962156857	0.05030283	5322
0.116441896	0.0534894696	5323
0.138184768	0.0562667338	5324
0.161342545	0.0586240154	5325
0.185803254	0.0605567733	5326
0.211446607	0.0620615186	5327
0.238144909	0.0631445236	5328
0.265765189	0.0638118441	5329
0.294170259	0.0640805112	5330
0.323220551	0.0639690228	5331
0.352775372	0.0635001187	5332
0.382694296	0.0627019496	5333
0.412838311	0.0616028996	5334
0.443071004	0.0602347453	5335
0.473259387	0.0586274856	5336
0.503275142	0.0568151028	5337
0.532995088	0.0548279265	5338
0.562302052	0.0526957895	5339
0.591085674	0.0504489171	5340
0.619242643	0.0481132974	5341
0.646677654	0.0457164558	5342
0.673303326	0.0432809717	5343
0.699040921	0.0408294255	5344
0.723820418	0.0383817621	5345
0.747580597	0.0359550025	5346
0.770269706	0.0335680548	5347
0.791844744	0.0312345133	5348
0.812271905	0.0289676878	5349
0.831526513	0.02678052	5350
0.849592489	0.0246823572	5351
0.866462602	0.0226833321	5352
0.882137764	0.020790503	5353
0.896626863	0.019009664	5354
0.909946461	0.0173459416	5355
0.922120224	0.0158026307	5356
0.933178495	0.0143815554	5357
0.943157878	0.0130834844	5358
0.952100618	0.0119075035	5359
0.960053868	0.010850269	5360
0.967069464	0.00990796926	5361
0.973204099	0.00907862218	5362
0.978518575	0.00835834144	5363
0.983076156	0.00773613703	5364
0.986943099	0.00719937693	5365
0.990190388	0.00674236185	5366
0.992897216	0.0063648572	5367
0.995152178	0.00605491832	5368
0.997048707	0.00576953862	5369
0.998663765	0.00542364209	5370
1.00005456	0.00497557638	5371
1.00126497	0.00440052836	5372
1.00235348	0.00365776196	5373
1.00325013	0.00265650908	5374
1.00384574	0.0014094207	5375
1.0046988	-1.33083803e-12	5376
1.00444088	-0.0015596504	5377
1.0037924	-0.00294408638	5378
1.00281802	-0.00405894572	5379
1.00164181	-0.00488502575	5380
1.00034789	-0.0055147364	5381
0.99888542	-0.00599600518	5382
0.997214936	-0.00636037524	5383
0.995280099	-0.00665520129	5384
0.993001355	-0.00696970307	5385
0.990280397	-0.00734945247	5386
0.987024918	-0.00780760336	5387
0.983153441	-0.00834493135	5388
0.978593635	-0.00896738654	5389
0.973278373	-0.00968773275	5390
0.967143564	-0.0105170669	5391
0.960128072	-0.0114593168	5392
0.952174966	-0.0125164934	5393
0.943232289	-0.0136924232	5394
0.933252817	-0.0149904582	5395
0.922194271	-0.0164115169	5396
0.910020038	-0.0179548313	5397
0.896699781	-0.0196185763	5398
0.882209846	-0.0213994548	5399
0.866533687	-0.023292338	5400
0.849662431	-0.0252914289	5401
0.831595168	-0.0273896687	5402
0.81233914	-0.0295769224	5403
0.79191043	-0.0318438415	5404
0.770333712	-0.0341774833	5405
0.747642789	-0.0365645379	5406
0.723880652	-0.0389914093	5407
0.699099038	-0.0414391959	5408
0.67335915	-0.0438908567	5409
0.646730991	-0.0463265172	5410
0.619293262	-0.0487234868	5411
0.591133315	-0.0510592186	5412
0.562346426	-0.0533062463	5413
0.533035862	-0.0554385358	5414
0.503311941	-0.0574258647	5415
0.473291788	-0.0592383957	5416
0.44309853	-0.0608457927	5417
0.412860429	-0.0622140641	5418
0.38271041	-0.063313199	5419
0.352784814	-0.0641114045	5420
0.32322257	-0.0645802752	5421
0.294164009	-0.0646916325	5422
0.26574971	-0.0644226995	5423
0.238119097	-0.0637549289	5424
0.211409177	-0.0626712223	5425
0.185752683	-0.0611654302	5426
0.161276997	-0.0592311461	5427
0.138101987	-0.0568716626	5428
0.116339067	-0.0540912242	5429
0.0960892483	-0.0508999838	5430
0.0774423878	-0.0473091592	5431
0.0604771754	-0.0433274186	5432
0.0452620352	-0.0389602832	5433
0.031860722	-0.0342018098	5434
0.0203445281	-0.0290323715	5435
0.0108176436	-0.0234242695	5436
0.00345383209	-0.0173834776	5437
-0.00151462754	-0.0110834748	5438
-0.00403960345	-0.00505343023	5439
-0.00467368824	-1.36988211e-10	5440
-0.00403960354	0.00505342986	5441
-0.00151462787	0.0110834741	5442
0.00345383122	0.0173834765	5443
0.0108176417	0.0234242679	5444
0.0203445249	0.0290323687	5445
0.0318606974	0.0342018564	5446
0.0452619877	0.0389604037	5447
0.0604771749	0.0433273952	5448
0.077442378	0.04730916	5449
0.0960892394	0.0508999818	5450
0.116339057	0.054091223	5451
0.138101978	0.0568716615	5452
0.161276988	0.0592311453	5453
0.185752674	0.0611654295	5454
0.211409168	0.0626712219	5455
0.238119088	0.0637549286	5456
0.265749702	0.0644226994	5457
0.294164001	0.0646916325	5458
0.323222562	0.0645802753	5459
0.352784807	0.0641114047	5460
0.382710403	0.0633131992	5461
0.412860422	0.0622140644	5462
0.443098524	0.060845793	5463
0.473291782	0.059238396	5464
0.503311935	0.0574258651	5465
0.533035857	0.055438536	5466
0.562346421	0.0533062464	5467
0.591133312	0.0510592246	5468
0.619293255	0.0487234605	5469
0.646730983	0.0463264806	5470
0.673359146	0.0438908646	5471
0.699099034	0.0414391931	5472
0.723880649	0.0389914105	5473
0.747642786	0.036564538	5474
0.770333709	0.0341774837	5475
0.791910427	0.0318438417	5476
0.812339138	0.0295769227	5477
0.831595166	0.0273896689	5478
0.84966243	0.0252914291	5479
0.866533685	0.0232923382	5480
0.882209845	0.0213994549	5481
0.89669978	0.0196185764	5482
0.910020036	0.0179548315	5483
0.92219427	0.016411517	5484
0.933252816	0.0149904583	5485
0.943232288	0.0136924233	5486
0.952174965	0.0125164935	5487
0.960128071	0.0114593169	5488
0.967143564	0.0105170669	5489
0.973278373	0.00968773279	5490
0.978593635	0.00896738657	5491
0.983153441	0.00834493137	5492
0.987024918	0.00780760338	5493
0.990280397	0.00734945248	5494
0.993001355	0.00696970307	5495
0.995280099	0.0066552013	5496
0.997214936	0.00636037524	5497
0.99888542	0.00599600519	5498
1.00034789	0.0055147364	5499
1.00164181	0.00488502576	5500
1.00281802	0.00405894572	5501
1.0037924	0.00294408637	5502
1.00444088	0.0015596504	5503
1.00540455	-1.39717418e-12	5504
1.00512632	-0.00172770642	5505
1.00441999	-0.00326685802	5506
1.00335959	-0.00451144136	5507
1.00208448	-0.00543465772	5508
1.0006943	-0.00612958207	5509
0.999147894	-0.00665108579	5510
0.997411491	-0.00703814792	5511
0.995430333	-0.00734470721	5512
0.993122421	-0.00766490392	5513
0.990383917	-0.00804745945	5514
0.987118189	-0.00850702784	5515
0.983241024	-0.00904506158	5516
0.97867844	-0.0096678261	5517
0.973362256	-0.0103882471	5518
0.967227309	-0.0112175575	5519
0.960212057	-0.0121597349	5520
0.952259266	-0.0132168262	5521
0.943316819	-0.014392677	5522
0.933337397	-0.0156906508	5523
0.922278673	-0.0171116719	5524
0.910104022	-0.0186549736	5525
0.896783114	-0.0203187297	5526
0.882292306	-0.0220996409	5527
0.866615073	-0.0239925753	5528
0.84974256	-0.0259917332	5529
0.831673872	-0.0280900527	5530
0.812416248	-0.0302773985	5531
0.791985786	-0.0325444193	5532
0.770407161	-0.0348781714	5533
0.747714172	-0.037265344	5534
0.723949797	-0.039692341	5535
0.699165759	-0.0421402609	5536
0.673423242	-0.0445920623	5537
0.646792224	-0.0470278711	5538
0.619351374	-0.0494249964	5539
0.591188008	-0.0517608912	5540
0.56239736	-0.0540080877	5541
0.533082655	-0.0561405496	5542
0.503354159	-0.058128051	5543
0.473328943	-0.0599407493	5544
0.443130073	-0.0615483008	5545
0.412885744	-0.0629167035	5546
0.38272881	-0.0640159323	5547
0.352795527	-0.0648141757	5548
0.32322473	-0.0652830035	5549
0.294156638	-0.0653942047	5550
0.265731699	-0.0651249596	5551
0.238089167	-0.0644566633	5552
0.211365838	-0.0633721393	5553
0.185694174	-0.061865129	5554
0.161201189	-0.0599290699	5555
0.138006269	-0.0575670256	5556
0.11622018	-0.0547828964	5557
0.0959430805	-0.0515863063	5558
0.0772637022	-0.0479876438	5559
0.0602593123	-0.0439942622	5560
0.0449966455	-0.0396095885	5561
0.0315377321	-0.0348243868	5562
0.0199527996	-0.0296140771	5563
0.0103471481	-0.0239442583	5564
0.00290021902	-0.0178138313	5565
-0.00214382141	-0.0113929273	5566
-0.00472170048	-0.00521579238	5567
-0.00537483619	-1.77736865e-10	5568
-0.00472170059	0.00521579191	5569
-0.0021438218	0.0113929265	5570
0.00290021802	0.01781383	5571
0.0103471459	0.0239442565	5572
0.019952796	0.0296140739	5573
0.031537707	0.0348244332	5574
0.0449965981	0.039609709	5575
0.0602593122	0.0439942388	5576
0.0772636927	0.0479876447	5577
0.0959430718	0.0515863042	5578
0.116220171	0.0547828953	5579
0.138006259	0.0575670245	5580
0.161201179	0.0599290691	5581
0.185694164	0.0618651284	5582
0.211365829	0.0633721389	5583
0.238089158	0.064456663	5584
0.26573169	0.0651249594	5585
0.29415663	0.0653942047	5586
0.323224722	0.0652830036	5587
0.35279552	0.0648141759	5588
0.382728803	0.0640159325	5589
0.412885737	0.0629167038	5590
0.443130066	0.0615483011	5591
0.473328937	0.0599407496	5592
0.503354153	0.0581280514	5593
0.53308265	0.0561405498	5594
0.562397355	0.0540080878	5595
0.591188004	0.0517608972	5596
0.619351368	0.0494249702	5597
0.646792216	0.0470278345	5598
0.673423238	0.0445920703	5599
0.699165755	0.042140258	5600
0.723949794	0.0396923422	5601
0.747714169	0.0372653441	5602
0.770407159	0.0348781718	5603
0.791985784	0.0325444195	5604
0.812416246	0.0302773988	5605
0.83167387	0.028090053	5606
0.849742558	0.0259917334	5607
0.866615071	0.0239925755	5608
0.882292305	0.022099641	5609
0.896783113	0.0203187299	5610
0.910104021	0.0186549737	5611
0.922278672	0.017111672	5612
0.933337396	0.0156906509	5613
0.943316818	0.0143926771	5614
0.952259266	0.0132168262	5615
0.960212056	0.012159735	5616
0.967227309	0.0112175576	5617
0.973362256	0.0103882471	5618
0.97867844	0.00966782613	5619
0.983241023	0.0090450616	5620
0.987118189	0.00850702786	5621
0.990383917	0.00804745947	5622
0.993122421	0.00766490393	5623
0.995430333	0.00734470722	5624
0.99741149	0.00703814792	5625
0.999147894	0.00665108579	5626
1.0006943	0.00612958207	5627
1.00208448	0.00543465772	5628
1.00335959	0.00451144136	5629
1.00441999	0.00326685802	5630
1.00512632	0.00172770641	5631
1.00621599	-1.42042549e-12	5632
1.00591574	-0.00191547161	5633
1.00514631	-0.00362861928	5634
1.00399103	-0.00502101886	5635
1.00260525	-0.00605691489	5636
1.00110418	-0.00682985654	5637
0.999459743	-0.00740016336	5638
0.99764497	-0.007815217	5639
0.995607817	-0.00813642839	5640
0.993263822	-0.00846383523	5641
0.990503375	-0.00884993918	5642
0.987224692	-0.00931129901	5643
0.983340289	-0.00985022357	5644
0.978774158	-0.0104733791	5645
0.973456749	-0.0111939023	5646
0.967321764	-0.0120231698	5647
0.960306914	-0.0129652482	5648
0.95235466	-0.0140222202	5649
0.943412667	-0.0151979567	5650
0.933433493	-0.0164958362	5651
0.922374742	-0.017916791	5652
0.910199769	-0.0194600571	5653
0.896878248	-0.0211238072	5654
0.882386554	-0.0229047395	5655
0.866708183	-0.0247977187	5656
0.849834305	-0.0267969414	5657
0.831764039	-0.0288953429	5658
0.812504641	-0.0310827848	5659
0.792072207	-0.033349915	5660
0.770491423	-0.0356837873	5661
0.747796084	-0.0380710897	5662
0.724029156	-0.040498226	5663
0.699242346	-0.0429462943	5664
0.673496819	-0.045398253	5665
0.646862521	-0.0478342282	5666
0.619418088	-0.0502315289	5667
0.591250793	-0.0525676072	5668
0.562455824	-0.0548149941	5669
0.533136355	-0.0569476507	5670
0.503402594	-0.0589353469	5671
0.473371552	-0.0607482338	5672
0.443166221	-0.0623559592	5673
0.412914722	-0.0637245089	5674
0.382749823	-0.0648238415	5675
0.352807685	-0.0656221238	5676
0.323227032	-0.0660908971	5677
0.294147954	-0.0662019128	5678
0.265710745	-0.0659323014	5679
0.238054464	-0.0652633914	5680
0.211315661	-0.0641779151	5681
0.185626479	-0.0626694871	5682
0.16111351	-0.060731363	5683
0.137895581	-0.0583663399	5684
0.116082714	-0.0555779176	5685
0.0957740826	-0.0523751057	5686
0.0770571348	-0.0487673321	5687
0.0600075184	-0.0447604308	5688
0.0446900594	-0.0403554191	5689
0.0311648607	-0.035539288	5690
0.0195009988	-0.0302818108	5691
0.00980510582	-0.02454098	5692
0.00226310883	-0.0183076859	5693
-0.00286736544	-0.011748207	5694
-0.00550585845	-0.00540233478	5695
-0.00618086914	-2.28749135e-10	5696
-0.00550585859	0.0054023342	5697
-0.00286736591	0.0117482061	5698
0.00226310766	0.0183076844	5699
0.00980510333	0.0245409779	5700
0.0195009946	0.0302818072	5701
0.0311648351	0.0355393341	5702
0.044690012	0.0403555396	5703
0.0600075187	0.0447604077	5704
0.0770571255	0.0487673331	5705
0.095774074	0.0523751037	5706
0.116082704	0.0555779165	5707
0.137895572	0.0583663388	5708
0.161113501	0.0607313622	5709
0.18562647	0.0626694864	5710
0.211315653	0.0641779147	5711
0.238054455	0.0652633911	5712
0.265710737	0.0659323013	5713
0.294147946	0.0662019128	5714
0.323227024	0.0660908972	5715
0.352807677	0.065622124	5716
0.382749815	0.0648238417	5717
0.412914715	0.0637245092	5718
0.443166215	0.0623559595	5719
0.473371546	0.0607482341	5720
0.503402588	0.0589353473	5721
0.53313635	0.0569476509	5722
0.56245582	0.0548149942	5723
0.59125079	0.0525676131	5724
0.619418081	0.0502315026	5725
0.646862513	0.0478341917	5726
0.673496815	0.045398261	5727
0.699242342	0.0429462915	5728
0.724029153	0.0404982272	5729
0.74779608	0.0380710899	5730
0.77049142	0.0356837877	5731
0.792072205	0.0333499152	5732
0.812504639	0.0310827851	5733
0.831764037	0.0288953431	5734
0.849834303	0.0267969416	5735
0.866708182	0.0247977189	5736
0.882386553	0.0229047396	5737
0.896878247	0.0211238073	5738
0.910199768	0.0194600572	5739
0.922374741	0.0179167911	5740
0.933433492	0.0164958363	5741
0.943412667	0.0151979568	5742
0.95235466	0.0140222203	5743
0.960306914	0.0129652483	5744
0.967321763	0.0120231699	5745
0.973456748	0.0111939023	5746
0.978774157	0.0104733791	5747
0.983340289	0.00985022359	5748
0.987224692	0.00931129903	5749
0.990503375	0.00884993919	5750
0.993263822	0.00846383524	5751
0.995607817	0.00813642839	5752
0.99764497	0.00781521701	5753
0.999459743	0.00740016336	5754
1.00110418	0.00682985654	5755
1.00260525	0.00605691489	5756
1.00399103	0.00502101886	5757
1.00514631	0.00362861928	5758
1.00591574	0.00191547161	5759
1.00714897	-1.38399179e-12	5760
1.00682487	-0.00212502013	5761
1.00598681	-0.00403354024	5762
1.00472728	-0.00559400596	5763
1.00321781	-0.0067605744	5764
1.00158996	-0.00762634465	5765
0.999831419	-0.00825584689	5766
0.997923605	-0.00870553951	5767
0.995818635	-0.00904518258	5768
0.993429893	-0.00938179423	5769
0.990641821	-0.00977243821	5770
0.987346617	-0.0102360912	5771
0.983452882	-0.0107761575	5772
0.978882121	-0.011399819	5773
0.97356303	-0.0121204868	5774
0.967428076	-0.0129496952	5775
0.960413813	-0.0138916454	5776
0.952462369	-0.0149484576	5777
0.943521126	-0.0161240356	5778
0.933542468	-0.0174217781	5779
0.922483909	-0.0188426287	5780
0.910308768	-0.0203858275	5781
0.896986721	-0.022049547	5782
0.882494161	-0.0238304826	5783
0.866814611	-0.0257234951	5784
0.849939269	-0.0277227767	5785
0.831867276	-0.0298212591	5786
0.81260591	-0.0320088002	5787
0.792171271	-0.0342760457	5788
0.770588049	-0.0366100479	5789
0.747890044	-0.0389974922	5790
0.724120211	-0.0414247819	5791
0.699330236	-0.0438730149	5792
0.673581264	-0.0463251492	5793
0.646943208	-0.0487613106	5794
0.619494663	-0.0511588081	5795
0.591322856	-0.0534950929	5796
0.562522921	-0.0557426944	5797
0.533197973	-0.0578755705	5798
0.503458156	-0.0598634864	5799
0.473420408	-0.0616765859	5800
0.44320764	-0.0632845069	5801
0.412947884	-0.064653221	5802
0.382773812	-0.065752668	5803
0.352821473	-0.0665509897	5804
0.323229463	-0.0670196944	5805
0.294137721	-0.0671304897	5806
0.265686362	-0.0668604485	5807
0.238014216	-0.0661908215	5808
0.211257552	-0.0651042355	5809
0.185548138	-0.0635941568	5810
0.161012079	-0.0616536294	5811
0.137767554	-0.0592851397	5812
0.115923725	-0.0564917213	5813
0.0955786403	-0.0532816701	5814
0.0768182757	-0.0496633	5815
0.0597164381	-0.0456406894	5816
0.0443357986	-0.0412120817	5817
0.0307343105	-0.0363601453	5818
0.0189798141	-0.0310482168	5819
0.00918054231	-0.0252256618	5820
0.00152983362	-0.0188743089	5821
-0.00369945069	-0.0121560114	5822
-0.00640736145	-0.00561660413	5823
-0.00710747687	-2.92540175e-10	5824
-0.00640736163	0.0056166034	5825
-0.00369945125	0.0121560102	5826
0.00152983226	0.0188743071	5827
0.00918053947	0.0252256594	5828
0.0189798093	0.0310482129	5829
0.0307342842	0.0363601911	5830
0.0443357514	0.0412122023	5831
0.0597164388	0.0456406664	5832
0.0768182666	0.049663301	5833
0.0955786319	0.0532816681	5834
0.115923716	0.0564917202	5835
0.137767544	0.0592851386	5836
0.16101207	0.0616536286	5837
0.185548129	0.0635941562	5838
0.211257543	0.0651042351	5839
0.238014207	0.0661908213	5840
0.265686354	0.0668604483	5841
0.294137713	0.0671304896	5842
0.323229455	0.0670196945	5843
0.352821466	0.0665509899	5844
0.382773805	0.0657526683	5845
0.412947877	0.0646532213	5846
0.443207633	0.0632845072	5847
0.473420402	0.0616765863	5848
0.50345815	0.0598634868	5849
0.533197968	0.0578755708	5850
0.562522916	0.0557426945	5851
0.591322852	0.0534950989	5852
0.619494657	0.0511587818	5853
0.6469432	0.0487612741	5854
0.67358126	0.0463251572	5855
0.699330231	0.0438730121	5856
0.724120207	0.0414247831	5857
0.747890041	0.0389974923	5858
0.770588046	0.0366100482	5859
0.792171269	0.034276046	5860
0.812605908	0.0320088004	5861
0.831867274	0.0298212593	5862
0.849939267	0.0277227769	5863
0.866814609	0.0257234953	5864
0.882494159	0.0238304828	5865
0.89698672	0.0220495471	5866
0.910308767	0.0203858276	5867
0.922483908	0.0188426288	5868
0.933542467	0.0174217782	5869
0.943521125	0.0161240357	5870
0.952462369	0.0149484577	5871
0.960413812	0.0138916454	5872
0.967428076	0.0129496952	5873
0.97356303	0.0121204868	5874
0.978882121	0.011399819	5875
0.983452882	0.0107761576	5876
0.987346617	0.0102360913	5877
0.990641821	0.00977243822	5878
0.993429892	0.00938179424	5879
0.995818635	0.00904518259	5880
0.997923605	0.00870553951	5881
0.999831419	0.00825584689	5882
1.00158996	0.00762634465	5883
1.00321781	0.0067605744	5884
1.00472728	0.00559400596	5885
1.00598681	0.00403354024	5886
1.00682487	0.00212502013	5887
1.00822167	-1.2677092e-12	5888
1.00787182	-0.00235864	5889
1.0069593	-0.00448620848	5890
1.00558559	-0.00623734474	5891
1.00393853	-0.00755500905	5892
1.00216751	-0.00853023861	5893
1.00027564	-0.0092321808	5894
0.998257639	-0.00972482308	5895
0.996070485	-0.0100877976	5896
0.993626187	-0.0104362499	5897
0.990803145	-0.0108327711	5898
0.987486703	-0.0112993973	5899
0.983580798	-0.0118409485	5900
0.979003879	-0.0124652782	5901
0.973682455	-0.0131861512	5902
0.967547486	-0.0140152966	5903
0.960533995	-0.0149570881	5904
0.952583691	-0.0160136937	5905
0.943643572	-0.0171890596	5906
0.933665789	-0.0184866114	5907
0.922607725	-0.0199073085	5908
0.910432647	-0.0214503977	5909
0.897110223	-0.0231140522	5910
0.882616866	-0.0248949652	5911
0.866936131	-0.0267879926	5912
0.850059249	-0.0287873217	5913
0.831985388	-0.0308858797	5914
0.812721851	-0.0330735204	5915
0.792284762	-0.0353408852	5916
0.770698801	-0.0376750254	5917
0.747997783	-0.0400626233	5918
0.724224647	-0.0424900812	5919
0.699431065	-0.0449384961	5920
0.673678157	-0.0473908253	5921
0.647035797	-0.0498271948	5922
0.619582538	-0.0522249127	5923
0.591405551	-0.0545614295	5924
0.562599911	-0.0568092725	5925
0.533268664	-0.0589423959	5926
0.503521881	-0.0609305593	5927
0.473476417	-0.0627438982	5928
0.443255088	-0.0643520388	5929
0.412985826	-0.0657209366	5930
0.382801189	-0.0668205094	5931
0.352837098	-0.0676188702	5932
0.323231998	-0.0680874887	5933
0.294125656	-0.0681980223	5934
0.265657976	-0.0679274766	5935
0.237967523	-0.0672570122	5936
0.211190236	-0.0661691323	5937
0.18545745	-0.064657131	5938
0.160894703	-0.0627138049	5939
0.137619424	-0.0603412786	5940
0.115739788	-0.0575420425	5941
0.0953525447	-0.0543235623	5942
0.0765419888	-0.0506928598	5943
0.0593798342	-0.0466519836	5944
0.043926322	-0.0421959827	5945
0.030237013	-0.0373025724	5946
0.0183784327	-0.0319277545	5947
0.00846074239	-0.0260111178	5948
0.00068575566	-0.0195242553	5949
-0.00465643198	-0.0126239551	5950
-0.00744379165	-0.00586262822	5951
-0.00817269622	-3.72202289e-10	5952
-0.00744379187	0.00586262731	5953
-0.00465643264	0.0126239538	5954
0.000685754074	0.0195242533	5955
0.00846073914	0.026011115	5956
0.0183784272	0.0319277501	5957
0.030236986	0.0373026179	5958
0.0439262749	0.0421961033	5959
0.0593798355	0.0466519607	5960
0.0765419799	0.0506928608	5961
0.0953525364	0.0543235603	5962
0.115739779	0.0575420414	5963
0.137619415	0.0603412775	5964
0.160894694	0.0627138041	5965
0.185457441	0.0646571303	5966
0.211190227	0.0661691319	5967
0.237967515	0.067257012	5968
0.265657968	0.0679274765	5969
0.294125647	0.0681980223	5970
0.32323199	0.0680874888	5971
0.35283709	0.0676188703	5972
0.382801182	0.0668205096	5973
0.412985819	0.0657209369	5974
0.443255082	0.0643520391	5975
0.473476411	0.0627438985	5976
0.503521875	0.0609305597	5977
0.533268659	0.0589423961	5978
0.562599906	0.0568092726	5979
0.591405548	0.0545614354	5980
0.619582532	0.0522248864	5981
0.647035789	0.0498271582	5982
0.673678153	0.0473908333	5983
0.699431061	0.0449384933	5984
0.724224644	0.0424900824	5985
0.747997779	0.0400626235	5986
0.770698798	0.0376750258	5987
0.79228476	0.0353408855	5988
0.812721849	0.0330735207	5989
0.831985386	0.03088588	5990
0.850059247	0.0287873219	5991
0.866936129	0.0267879928	5992
0.882616865	0.0248949653	5993
0.897110222	0.0231140524	5994
0.910432646	0.0214503978	5995
0.922607724	0.0199073086	5996
0.933665788	0.0184866115	5997
0.943643571	0.0171890597	5998
0.95258369	0.0160136938	5999
0.960533995	0.0149570881	6000
0.967547485	0.0140152966	6001
0.973682455	0.0131861512	6002
0.979003878	0.0124652783	6003
0.983580798	0.0118409485	6004
0.987486703	0.0112993973	6005
0.990803145	0.0108327711	6006
0.993626187	0.0104362499	6007
0.996070485	0.0100877976	6008
0.998257639	0.00972482309	6009
1.00027564	0.0092321808	6010
1.00216751	0.00853023861	6011
1.00393853	0.00755500905	6012
1.00558559	0.00623734474	6013
1.0069593	0.00448620848	6014
1.00787182	0.00235864	6015
1.00945504	-1.0401533e-12	6016
1.00907746	-0.00261867076	6017
1.00808431	-0.00499167815	6018
1.00658597	-0.00695865787	6019
1.00478652	-0.00845049531	6020
1.00285396	-0.00955482654	6021
1.00080787	-0.0103447147	6022
0.998659778	-0.0108906817	6023
0.996373171	-0.0112833154	6024
0.993859864	-0.0116471142	6025
0.990992366	-0.0120513303	6026
0.987648442	-0.0125218597	6027
0.98372651	-0.0130653689	6028
0.979141272	-0.013690597	6029
0.973816515	-0.0144117697	6030
0.967681188	-0.0152408784	6031
0.960668781	-0.0161824669	6032
0.952719991	-0.0172388137	6033
0.943781458	-0.0184139039	6034
0.933805014	-0.0197111989	6035
0.922747856	-0.0211316798	6036
0.91057317	-0.0226746039	6037
0.897250605	-0.024338147	6038
0.882756589	-0.0261190004	6039
0.867074711	-0.0280120153	6040
0.850196246	-0.0300113732	6041
0.832120395	-0.0321099959	6042
0.812854492	-0.0342977318	6043
0.792414685	-0.0365652181	6044
0.770825675	-0.0388995015	6045
0.748121259	-0.0412872638	6046
0.724344383	-0.0437149043	6047
0.699546697	-0.0461635188	6048
0.673789297	-0.0486160636	6049
0.647142016	-0.0510526645	6050
0.619683355	-0.0534506287	6051
0.591500426	-0.0557874055	6052
0.562688233	-0.0580355197	6053
0.533349748	-0.0601689214	6054
0.503594953	-0.0621573633	6055
0.473540612	-0.0639709714	6056
0.443309431	-0.0655793585	6057
0.413029223	-0.0669484611	6058
0.382832418	-0.0680481719	6059
0.352854787	-0.0688465702	6060
0.3232346	-0.0693150815	6061
0.294111422	-0.0694253043	6062
0.265624914	-0.0691541664	6063
0.23791333	-0.0684827232	6064
0.211112224	-0.067393334	6065
0.18535243	-0.0658790917	6066
0.160758825	-0.0639325047	6067
0.137447974	-0.0615552746	6068
0.115526908	-0.0587492587	6069
0.095090885	-0.0555209562	6070
0.0762222803	-0.0518758888	6071
0.0589904284	-0.0478137562	6072
0.043452833	-0.0433259271	6073
0.0296624005	-0.03838444	6074
0.0176842762	-0.0329369404	6075
0.00763095161	-0.0269119486	6076
-0.000286057414	-0.0202695196	6077
-0.00575716923	-0.0131606709	6078
-0.00863537838	-0.00614496495	6079
-0.00939726215	-4.71516662e-10	6080
-0.00863537864	0.00614496384	6081
-0.00575717002	0.0131606693	6082
-0.000286059257	0.0202695173	6083
0.00763094791	0.0269119454	6084
0.0176842699	0.0329369354	6085
0.0296623727	0.038384485	6086
0.043452786	0.0433260478	6087
0.0589904302	0.0478137336	6088
0.0762222717	0.0518758899	6089
0.095090877	0.0555209543	6090
0.115526899	0.0587492576	6091
0.137447965	0.0615552735	6092
0.160758816	0.0639325039	6093
0.185352421	0.0658790911	6094
0.211112215	0.0673933336	6095
0.237913322	0.0684827229	6096
0.265624906	0.0691541663	6097
0.294111414	0.0694253043	6098
0.323234592	0.0693150816	6099
0.352854779	0.0688465704	6100
0.382832411	0.0680481721	6101
0.413029216	0.0669484614	6102
0.443309425	0.0655793588	6103
0.473540606	0.0639709718	6104
0.503594948	0.0621573637	6105
0.533349743	0.0601689216	6106
0.562688228	0.0580355199	6107
0.591500422	0.0557874115	6108
0.619683349	0.0534506024	6109
0.647142007	0.0510526279	6110
0.673789293	0.0486160717	6111
0.699546692	0.046163516	6112
0.724344379	0.0437149055	6113
0.748121255	0.0412872639	6114
0.770825672	0.0388995018	6115
0.792414682	0.0365652184	6116
0.81285449	0.0342977321	6117
0.832120393	0.0321099961	6118
0.850196244	0.0300113734	6119
0.867074709	0.0280120155	6120
0.882756587	0.0261190005	6121
0.897250604	0.0243381472	6122
0.910573169	0.022674604	6123
0.922747856	0.0211316799	6124
0.933805013	0.019711199	6125
0.943781458	0.018413904	6126
0.952719991	0.0172388138	6127
0.96066878	0.016182467	6128
0.967681188	0.0152408784	6129
0.973816515	0.0144117698	6130
0.979141271	0.013690597	6131
0.98372651	0.0130653689	6132
0.987648441	0.0125218597	6133
0.990992366	0.0120513303	6134
0.993859864	0.0116471142	6135
0.996373171	0.0112833154	6136
0.998659778	0.0108906817	6137
1.00080787	0.0103447147	6138
1.00285396	0.00955482654	6139
1.00478652	0.00845049531	6140
1.00658597	0.00695865787	6141
1.00808431	0.00499167815	6142
1.00907746	0.00261867076	6143
1.01087312	-6.77612686e-13	6144
1.01046584	-0.00290738337	6145
1.00938545	-0.00555552678	6146
1.00775149	-0.00776632695	6147
1.00578402	-0.00945830299	6148
1.00367013	-0.0107143662	6149
1.00144818	-0.0116099012	6150
0.999145697	-0.0122227918	6151
0.996739088	-0.0126532249	6152
0.994140167	-0.0130370301	6153
0.991216012	-0.0134514275	6154
0.987836352	-0.0139271436	6155
0.983893155	-0.0144732679	6156
0.979296551	-0.0150997209	6157
0.973966938	-0.0158213386	6158
0.967830678	-0.0166504574	6159
0.960819568	-0.0175918094	6160
0.952872698	-0.018647842	6161
0.943936303	-0.0198225833	6162
0.93396178	-0.0211195419	6163
0.922906069	-0.0225397285	6164
0.910732229	-0.0240824162	6165
0.897409868	-0.0257457864	6166
0.882915422	-0.0275265297	6167
0.867232519	-0.0294194929	6168
0.85035248	-0.0314188508	6169
0.832274549	-0.0335175192	6170
0.813006099	-0.0357053398	6171
0.79256331	-0.0379729443	6172
0.770970902	-0.0403073749	6173
0.74826269	-0.0426953089	6174
0.724481589	-0.0451231455	6175
0.699679246	-0.0475719775	6176
0.67391673	-0.0500247594	6177
0.647263827	-0.0524616165	6178
0.619798984	-0.054859855	6179
0.591609242	-0.0571969226	6180
0.562789529	-0.0594453409	6181
0.533442729	-0.0615790549	6182
0.503678725	-0.0635678099	6183
0.473614172	-0.0653817204	6184
0.443371652	-0.0669903836	6185
0.413078842	-0.0683597144	6186
0.382868023	-0.0694595759	6187
0.35287479	-0.0702580088	6188
0.323237212	-0.070726387	6189
0.294094618	-0.0708362408	6190
0.265586383	-0.0705644073	6191
0.237850402	-0.0698918194	6192
0.211021778	-0.0688006686	6193
0.185230761	-0.0672838127	6194
0.160601461	-0.0653334227	6195
0.137249441	-0.0629507064	6196
0.115280411	-0.0601367818	6197
0.0947879188	-0.0568970215	6198
0.0758521396	-0.0532352036	6199
0.0585397072	-0.0491483071	6200
0.0429050468	-0.0446234572	6201
0.0289981311	-0.0396261841	6202
0.0168826828	-0.034094617	6203
0.00667402132	-0.0279447602	6204
-0.00140521517	-0.021123697	6205
-0.0070234252	-0.0137759122	6206
-0.0100054011	-0.00646875158	6207
-0.0108050114	-5.95077216e-10	6208
-0.0100054014	0.00646875019	6209
-0.00702342614	0.0137759103	6210
-0.00140521731	0.0211236942	6211
0.00667401709	0.0279447565	6212
0.0168826756	0.0340946114	6213
0.0289981024	0.0396262286	6214
0.042905	0.0446235779	6215
0.0585397097	0.0491482847	6216
0.0758521314	0.0532352049	6217
0.0947879109	0.0568970197	6218
0.115280402	0.0601367807	6219
0.137249432	0.0629507054	6220
0.160601452	0.0653334218	6221
0.185230752	0.0672838121	6222
0.211021769	0.0688006682	6223
0.237850393	0.0698918191	6224
0.265586375	0.0705644071	6225
0.29409461	0.0708362408	6226
0.323237205	0.0707263871	6227
0.352874782	0.0702580089	6228
0.382868016	0.0694595761	6229
0.413078836	0.0683597146	6230
0.443371646	0.0669903839	6231
0.473614166	0.0653817208	6232
0.503678719	0.0635678104	6233
0.533442724	0.0615790552	6234
0.562789525	0.059445341	6235
0.591609239	0.0571969285	6236
0.619798978	0.0548598287	6237
0.647263819	0.05246158	6238
0.673916725	0.0500247675	6239
0.699679241	0.0475719747	6240
0.724481585	0.0451231467	6241
0.748262687	0.042695309	6242
0.770970899	0.0403073753	6243
0.792563307	0.0379729446	6244
0.813006096	0.0357053401	6245
0.832274546	0.0335175194	6246
0.850352478	0.031418851	6247
0.867232518	0.0294194931	6248
0.882915421	0.0275265299	6249
0.897409867	0.0257457865	6250
0.910732228	0.0240824163	6251
0.922906069	0.0225397286	6252
0.933961779	0.021119542	6253
0.943936302	0.0198225834	6254
0.952872698	0.0186478421	6255
0.960819567	0.0175918094	6256
0.967830677	0.0166504575	6257
0.973966938	0.0158213387	6258
0.979296551	0.0150997209	6259
0.983893155	0.0144732679	6260
0.987836351	0.0139271436	6261
0.991216012	0.0134514275	6262
0.994140167	0.0130370301	6263
0.996739088	0.0126532249	6264
0.999145697	0.0122227918	6265
1.00144818	0.0116099012	6266
1.00367013	0.0107143662	6267
1.00578402	0.00945830299	6268
1.00775149	0.00776632695	6269
1.00938545	0.00555552678	6270
1.01046584	0.00290738337	6271
1.01250359	-1.46493275e-13	6272
1.01206439	-0.00322836688	6273
1.01089035	-0.00618293912	6274
1.00910882	-0.00866958547	6275
1.00695682	-0.0105908038	6276
1.00464048	-0.012024464	6277
1.00221814	-0.0130469624	6278
0.999735346	-0.0137427574	6279
0.997183824	-0.0142216887	6280
0.994479036	-0.0146316732	6281
0.991482631	-0.0150596663	6282
0.988056362	-0.0155423534	6283
0.984084805	-0.0160920128	6284
0.97947255	-0.0167201556	6285
0.974135797	-0.0174424367	6286
0.967997665	-0.0182716444	6287
0.960987849	-0.0192127477	6288
0.953043296	-0.0202684117	6289
0.944109671	-0.0214427231	6290
0.934137785	-0.0227392519	6291
0.923084213	-0.0241590491	6292
0.910911826	-0.0257014106	6293
0.897590157	-0.0273645281	6294
0.883095634	-0.0291450939	6295
0.867411922	-0.0310379508	6296
0.850530393	-0.0330372671	6297
0.832450343	-0.0351359512	6298
0.813179196	-0.0373238373	6299
0.79273317	-0.0395915502	6300
0.771137014	-0.0419261263	6301
0.748424562	-0.0443142376	6302
0.724638721	-0.0467422807	6303
0.699831107	-0.0491913471	6304
0.674062776	-0.0516443881	6305
0.647403463	-0.0540815275	6306
0.619931553	-0.0564800702	6307
0.591734009	-0.0588174617	6308
0.56290567	-0.0610662201	6309
0.533549321	-0.0632002843	6310
0.503774732	-0.0651893906	6311
0.473698436	-0.0670036402	6312
0.443442869	-0.0686126122	6313
0.413135551	-0.0699821965	6314
0.38290859	-0.0710822221	6315
0.352897378	-0.0718806846	6316
0.323239751	-0.0723488981	6317
0.294074758	-0.0724583138	6318
0.265541446	-0.0721856629	6319
0.237777285	-0.0715117355	6320
0.210916855	-0.070418527	6321
0.185089725	-0.0688986198	6322
0.160419113	-0.0669437904	6323
0.137019417	-0.0645546684	6324
0.114994825	-0.0617315069	6325
0.0944369135	-0.058478364	6326
0.0754233447	-0.0547969875	6327
0.0580176864	-0.0506812014	6328
0.0422709082	-0.0461132338	6329
0.0282297564	-0.0410511506	6330
0.0159565263	-0.0354222477	6331
0.00556998601	-0.029128399	6332
-0.00269445494	-0.0221021524	6333
-0.00848032867	-0.0144806584	6334
-0.0115806544	-0.00683975289	6335
-0.0124233464	-7.48423577e-10	6336
-0.0115806548	0.00683975118	6337
-0.0084803298	0.0144806561	6338
-0.00269445742	0.0221021492	6339
0.00556998118	0.0291283948	6340
0.0159565181	0.0354222414	6341
0.0282297267	0.0410511946	6342
0.0422708616	0.0461133546	6343
0.0580176896	0.0506811792	6344
0.0754233368	0.0547969888	6345
0.0944369059	0.0584783622	6346
0.114994816	0.0617315059	6347
0.137019408	0.0645546674	6348
0.160419104	0.0669437896	6349
0.185089716	0.0688986192	6350
0.210916846	0.0704185265	6351
0.237777277	0.0715117352	6352
0.265541437	0.0721856628	6353
0.29407475	0.0724583137	6354
0.323239743	0.0723488982	6355
0.352897371	0.0718806847	6356
0.382908583	0.0710822223	6357
0.413135544	0.0699821967	6358
0.443442862	0.0686126126	6359
0.47369843	0.0670036405	6360
0.503774727	0.065189391	6361
0.533549316	0.0632002846	6362
0.562905665	0.0610662203	6363
0.591734006	0.0588174676	6364
0.619931547	0.0564800439	6365
0.647403454	0.0540814909	6366
0.674062771	0.0516443961	6367
0.699831103	0.0491913444	6368
0.724638717	0.0467422819	6369
0.748424559	0.0443142378	6370
0.771137011	0.0419261267	6371
0.792733168	0.0395915505	6372
0.813179194	0.0373238376	6373
0.832450341	0.0351359514	6374
0.850530392	0.0330372673	6375
0.86741192	0.031037951	6376
0.883095633	0.029145094	6377
0.897590156	0.0273645282	6378
0.910911825	0.0257014108	6379
0.923084213	0.0241590492	6380
0.934137784	0.022739252	6381
0.944109671	0.0214427231	6382
0.953043295	0.0202684117	6383
0.960987848	0.0192127477	6384
0.967997664	0.0182716444	6385
0.974135796	0.0174424367	6386
0.979472549	0.0167201556	6387
0.984084804	0.0160920128	6388
0.988056362	0.0155423534	6389
0.991482631	0.0150596663	6390
0.994479036	0.0146316732	6391
0.997183824	0.0142216887	6392
0.999735346	0.0137427574	6393
1.00221814	0.0130469624	6394
1.00464048	0.012024464	6395
1.00695682	0.0105908038	6396
1.00910882	0.00866958548	6397
1.01089035	0.00618293912	6398
1.01206439	0.00322836688	6399
1.01437826	5.92939372e-13	6400
1.01390481	-0.00358503517	6401
1.01263041	-0.00688041391	6402
1.01068869	-0.00967862949	6403
1.00833482	-0.0118616037	6404
1.00579366	-0.0135022447	6405
1.0031444	-0.0146765909	6406
1.00045306	-0.0154743979	6407
0.997727374	-0.0160156092	6408
0.994891831	-0.0164600587	6409
0.991803442	-0.0169063399	6410
0.988316329	-0.017398494	6411
0.984306834	-0.0179529861	6412
0.979672939	-0.0185834825	6413
0.974325665	-0.019306752	6414
0.968184082	-0.0201361843	6415
0.961175031	-0.0210770768	6416
0.953233331	-0.0221323039	6417
0.944303165	-0.0233060997	6418
0.934334762	-0.0246020926	6419
0.923284194	-0.0260213872	6420
0.91111405	-0.027563312	6421
0.897793738	-0.0292260754	6422
0.88329965	-0.0310063753	6423
0.867615478	-0.0328990524	6424
0.850732652	-0.0348982685	6425
0.832650524	-0.036996924	6426
0.813376578	-0.0391848447	6427
0.792927088	-0.0414526466	6428
0.771326834	-0.0437873594	6429
0.74860968	-0.0461756484	6430
0.724818533	-0.0486039057	6431
0.700004988	-0.0510532206	6432
0.674230063	-0.0535065417	6433
0.647563454	-0.0559439901	6434
0.620083476	-0.0583428686	6435
0.591877005	-0.0606806199	6436
0.56303878	-0.0629297574	6437
0.533671473	-0.0650642132	6438
0.503884725	-0.0670537126	6439
0.473794927	-0.0688683418	6440
0.443524348	-0.0704776588	6441
0.413200329	-0.0718475241	6442
0.382954775	-0.0729477273	6443
0.352922843	-0.0737462119	6444
0.323242095	-0.0742142223	6445
0.294051258	-0.0743231175	6446
0.26548899	-0.0740495055	6447
0.237692269	-0.0733740094	6448
0.210795058	-0.0722783947	6449
0.184926132	-0.0707549216	6450
0.160207672	-0.0687949034	6451
0.136752725	-0.0663982916	6452
0.114663715	-0.0635643263	6453
0.0940299527	-0.0602955277	6454
0.0749262248	-0.0565912767	6455
0.0574126228	-0.0524417324	6456
0.0415362471	-0.0478234658	6457
0.0273403188	-0.0426859783	6458
0.0148857582	-0.0369442402	6459
0.00429556074	-0.0304842041	6460
-0.00418017184	-0.0232221967	6461
-0.0101569135	-0.0152872192	6462
-0.0133919843	-0.00726440759	6463
-0.0142837687	-9.38177195e-10	6464
-0.0133919848	0.00726440549	6465
-0.0101569149	0.0152872164	6466
-0.00418017472	0.023222193	6467
0.00429555524	0.0304841992	6468
0.0148857489	0.0369442332	6469
0.027340288	0.0426860217	6470
0.0415362006	0.0478235867	6471
0.0574126268	0.0524417105	6472
0.0749262173	0.0565912781	6473
0.0940299453	0.060295526	6474
0.114663707	0.0635643253	6475
0.136752716	0.0663982906	6476
0.160207663	0.0687949026	6477
0.184926124	0.070754921	6478
0.210795049	0.0722783943	6479
0.23769226	0.0733740091	6480
0.265488981	0.0740495054	6481
0.29405125	0.0743231175	6482
0.323242087	0.0742142224	6483
0.352922835	0.073746212	6484
0.382954768	0.0729477275	6485
0.413200322	0.0718475243	6486
0.443524341	0.0704776592	6487
0.473794921	0.0688683421	6488
0.503884719	0.067053713	6489
0.533671468	0.0650642134	6490
0.563038775	0.0629297576	6491
0.591877002	0.0606806258	6492
0.62008347	0.0583428423	6493
0.647563445	0.0559439536	6494
0.674230058	0.0535065498	6495
0.700004983	0.0510532179	6496
0.72481853	0.048603907	6497
0.748609676	0.0461756486	6498
0.771326831	0.0437873597	6499
0.792927085	0.0414526469	6500
0.813376576	0.0391848449	6501
0.832650522	0.0369969243	6502
0.85073265	0.0348982687	6503
0.867615477	0.0328990526	6504
0.883299649	0.0310063754	6505
0.897793736	0.0292260755	6506
0.911114049	0.0275633122	6507
0.923284193	0.0260213874	6508
0.934334761	0.0246020927	6509
0.944303164	0.0233060998	6510
0.953233331	0.022132304	6511
0.961175031	0.0210770768	6512
0.968184082	0.0201361844	6513
0.974325665	0.0193067521	6514
0.979672939	0.0185834825	6515
0.984306834	0.0179529861	6516
0.988316329	0.017398494	6517
0.991803442	0.0169063399	6518
0.994891831	0.0164600587	6519
0.997727374	0.0160156092	6520
1.00045306	0.0154743979	6521
1.0031444	0.0146765909	6522
1.00579366	0.0135022447	6523
1.00833482	0.0118616037	6524
1.01068869	0.00967862949	6525
1.01263041	0.00688041391	6526
1.01390481	0.00358503517	6527
1.01653369	1.58802455e-12	6528
1.01602351	-0.00398118665	6529
1.0146413	-0.00765630815	6530
1.01252729	-0.0108034217	6531
1.0099526	-0.0132857041	6532
1.00716298	-0.0151665238	6533
1.0042584	-0.0165215185	6534
1.00132679	-0.0174445256	6535
0.998394938	-0.0180647888	6536
0.99539819	-0.0185548476	6537
0.992193151	-0.0190258482	6538
0.988626721	-0.0195309733	6539
0.984566451	-0.0200921413	6540
0.9799026	-0.0207259445	6541
0.974539867	-0.0214506823	6542
0.968392288	-0.0222805597	6543
0.961382977	-0.0232213197	6544
0.953444433	-0.0242760655	6545
0.94451841	-0.0254492614	6546
0.934554455	-0.026744602	6547
0.92350794	-0.0281632631	6548
0.911341044	-0.0297046181	6549
0.898022968	-0.0313669012	6550
0.883530028	-0.0331468221	6551
0.867845922	-0.0350392222	6552
0.850962134	-0.0370382581	6553
0.83287808	-0.0391368223	6554
0.813601317	-0.0413247306	6555
0.793148181	-0.0435925895	6556
0.771543501	-0.0459274197	6557
0.748821177	-0.0483158788	6558
0.72502412	-0.0507443534	6559
0.70020392	-0.0531939275	6560
0.674421555	-0.0556475472	6561
0.64774666	-0.058085331	6562
0.620257488	-0.0604845777	6563
0.592040816	-0.0628227264	6564
0.563191271	-0.0650722853	6565
0.533811396	-0.0672071774	6566
0.504010685	-0.0691971161	6567
0.473905368	-0.0710121693	6568
0.44361752	-0.0726218707	6569
0.413274276	-0.0739920465	6570
0.383007305	-0.075092441	6571
0.35295149	-0.0758909366	6572
0.323244074	-0.0763586971	6573
0.294023408	-0.0764669737	6574
0.265427691	-0.0761922305	6575
0.237593325	-0.075514895	6576
0.210653554	-0.0744164636	6577
0.184736222	-0.0728888172	6578
0.1599623	-0.0709227252	6579
0.136443263	-0.0685173418	6580
0.114279496	-0.0656707173	6581
0.0935576973	-0.0623835696	6582
0.074349368	-0.0586525134	6583
0.0567106611	-0.0544634446	6584
0.0406843588	-0.0497863904	6585
0.0263098638	-0.0445610221	6586
0.0136468581	-0.0386882975	6587
0.00282354467	-0.0320362733	6588
-0.00589304053	-0.024503267	6589
-0.0120867447	-0.016209338	6590
-0.0154749067	-0.00774987207	6591
-0.0164224924	-1.17217091e-09	6592
-0.0154749073	0.00774986948	6593
-0.0120867463	0.0162093347	6594
-0.00589304387	0.0245032626	6595
0.00282353842	0.0320362677	6596
0.0136468476	0.0386882896	6597
0.0263098317	0.0445610648	6598
0.0406843125	0.0497865113	6599
0.056710666	0.0544634229	6600
0.074349361	0.058652515	6601
0.0935576903	0.0623835679	6602
0.114279488	0.0656707163	6603
0.136443254	0.0685173408	6604
0.159962291	0.0709227244	6605
0.184736213	0.0728888166	6606
0.210653545	0.0744164631	6607
0.237593316	0.0755148948	6608
0.265427682	0.0761922304	6609
0.2940234	0.0764669737	6610
0.323244066	0.0763586972	6611
0.352951482	0.0758909368	6612
0.383007297	0.0750924413	6613
0.413274269	0.0739920468	6614
0.443617514	0.072621871	6615
0.473905362	0.0710121696	6616
0.50401068	0.0691971165	6617
0.533811391	0.0672071776	6618
0.563191266	0.0650722854	6619
0.592040813	0.0628227323	6620
0.620257482	0.0604845514	6621
0.647746651	0.0580852945	6622
0.67442155	0.0556475553	6623
0.700203915	0.0531939248	6624
0.725024116	0.0507443547	6625
0.748821174	0.048315879	6626
0.771543498	0.0459274201	6627
0.793148178	0.0435925898	6628
0.813601315	0.0413247309	6629
0.832878078	0.0391368226	6630
0.850962132	0.0370382583	6631
0.86784592	0.0350392224	6632
0.883530026	0.0331468222	6633
0.898022967	0.0313669014	6634
0.911341043	0.0297046182	6635
0.923507939	0.0281632632	6636
0.934554454	0.0267446021	6637
0.944518409	0.0254492615	6638
0.953444432	0.0242760655	6639
0.961382976	0.0232213198	6640
0.968392287	0.0222805597	6641
0.974539866	0.0214506824	6642
0.9799026	0.0207259445	6643
0.984566451	0.0200921413	6644
0.988626721	0.0195309733	6645
0.992193151	0.0190258482	6646
0.99539819	0.0185548476	6647
0.998394938	0.0180647888	6648
1.00132679	0.0174445256	6649
1.0042584	0.0165215185	6650
1.00716298	0.0151665238	6651
1.0099526	0.0132857042	6652
1.01252729	0.0108034217	6653
1.0146413	0.00765630816	6654
1.01602351	0.00398118665	6655
1.01901194	2.8945224e-12	6656
1.0184624	-0.00442104051	6657
1.0169645	-0.00851899037	6658
1.01466614	-0.0120550862	6659
1.01185002	-0.0148796938	6660
1.00878714	-0.0170380201	6661
1.00559704	-0.0186067253	6662
1.00239068	-0.0196824179	6663
0.999216116	-0.020402676	6664
0.996022985	-0.0209526487	6665
0.99267095	-0.021457123	6666
0.989001513	-0.0219801408	6667
0.98487341	-0.0225506182	6668
0.98016815	-0.0231891044	6669
0.974782838	-0.0239160176	6670
0.968625297	-0.0247466854	6671
0.961613955	-0.025687451	6672
0.953678365	-0.0267417168	6673
0.944757074	-0.0279142387	6674
0.934798606	-0.029208806	6675
0.923757371	-0.0306266866	6676
0.911594962	-0.0321673158	6677
0.898280256	-0.0338289655	6678
0.883789422	-0.0356083654	6679
0.868106133	-0.0375003631	6680
0.851221912	-0.0394991124	6681
0.83313624	-0.0415974988	6682
0.813856757	-0.0437853275	6683
0.793399875	-0.0460531939	6684
0.771790485	-0.0483881083	6685
0.749062533	-0.0507767187	6686
0.725258944	-0.0532054047	6687
0.700431301	-0.0556552443	6688
0.67464057	-0.0581091771	6689
0.647956304	-0.06054732	6690
0.620456674	-0.0629469675	6691
0.592228363	-0.0652855529	6692
0.56336587	-0.0675355777	6693
0.533971593	-0.0696709547	6694
0.504154858	-0.0716613825	6695
0.474031707	-0.073476908	6696
0.443723999	-0.0750870366	6697
0.413358624	-0.0764575547	6698
0.383066981	-0.0775581534	6699
0.352983633	-0.0783566446	6700
0.323245449	-0.0788240978	6701
0.293990337	-0.0789316386	6702
0.265355961	-0.0786555625	6703
0.237478045	-0.0779760677	6704
0.210488988	-0.0768743337	6705
0.184515545	-0.0753417955	6706
0.15967727	-0.0733685806	6707
0.136083811	-0.070952904	6708
0.113833188	-0.0680914147	6709
0.0930090901	-0.0647827128	6710
0.073679261	-0.0610201733	6711
0.0558954004	-0.0567847224	6712
0.0396954922	-0.0520388095	6713
0.0251148499	-0.046710819	6714
0.0122121753	-0.0406857961	6715
0.00112211453	-0.0338117443	6716
-0.0078689524	-0.025966825	6717
-0.0143087536	-0.0172620591	6718
-0.0178703197	-0.00830406103	6719
-0.0188811486	-1.45955736e-09	6720
-0.0178703204	0.00830405785	6721
-0.0143087555	0.0172620552	6722
-0.00786895624	0.02596682	6723
0.00112210743	0.0338117378	6724
0.0122121634	0.0406857872	6725
0.0251148165	0.046710861	6726
0.0396954461	0.0520389305	6727
0.0558954063	0.0567847012	6728
0.0736792545	0.0610201751	6729
0.0930090835	0.0647827112	6730
0.11383318	0.0680914138	6731
0.136083802	0.070952903	6732
0.159677261	0.0733685798	6733
0.184515536	0.0753417949	6734
0.21048898	0.0768743333	6735
0.237478036	0.0779760675	6736
0.265355952	0.0786555624	6737
0.293990328	0.0789316385	6738
0.323245441	0.0788240979	6739
0.352983625	0.0783566448	6740
0.383066974	0.0775581536	6741
0.413358617	0.0764575549	6742
0.443723992	0.0750870369	6743
0.474031701	0.0734769084	6744
0.504154852	0.0716613829	6745
0.533971588	0.0696709549	6746
0.563365865	0.0675355778	6747
0.59222836	0.0652855588	6748
0.620456668	0.0629469411	6749
0.647956295	0.0605472835	6750
0.674640565	0.0581091852	6751
0.700431296	0.0556552416	6752
0.72525894	0.053205406	6753
0.74906253	0.0507767189	6754
0.771790481	0.0483881087	6755
0.793399872	0.0460531941	6756
0.813856755	0.0437853277	6757
0.833136238	0.0415974991	6758
0.85122191	0.0394991126	6759
0.868106131	0.0375003633	6760
0.883789421	0.0356083656	6761
0.898280255	0.0338289657	6762
0.911594961	0.032167316	6763
0.92375737	0.0306266867	6764
0.934798605	0.0292088061	6765
0.944757074	0.0279142387	6766
0.953678365	0.0267417168	6767
0.961613955	0.0256874511	6768
0.968625297	0.0247466854	6769
0.974782837	0.0239160177	6770
0.98016815	0.0231891045	6771
0.984873409	0.0225506182	6772
0.989001513	0.0219801408	6773
0.99267095	0.021457123	6774
0.996022985	0.0209526487	6775
0.999216116	0.020402676	6776
1.00239068	0.0196824179	6777
1.00559704	0.0186067253	6778
1.00878714	0.0170380201	6779
1.01185002	0.0148796938	6780
1.01466614	0.0120550862	6781
1.0169645	0.00851899038	6782
1.0184624	0.00442104052	6783
1.02186135	4.57335799e-12	6784
1.02126965	-0.00490930788	6785
1.01964769	-0.00947778364	6786
1.01715106	-0.0134492504	6787
1.0140737	-0.0166611754	6788
1.01071094	-0.0191395663	6789
1.00720342	-0.0209596764	6790
1.00368524	-0.0222202826	6791
1.00022747	-0.023066093	6792
0.996797384	-0.0236943148	6793
0.993261688	-0.024244049	6794
0.989459332	-0.024791847	6795
0.985241	-0.0253754084	6796
0.980478732	-0.0260205775	6797
0.975060716	-0.0267507087	6798
0.968887202	-0.0275826964	6799
0.961870761	-0.0285237102	6800
0.95393693	-0.0295775807	6801
0.945020928	-0.0307493572	6802
0.935068964	-0.0320430345	6803
0.92403438	-0.0334599777	6804
0.911877935	-0.034999704	6805
0.898568015	-0.036660539	6806
0.884080539	-0.0384392441	6807
0.868399093	-0.0403306811	6808
0.851515215	-0.0423290056	6809
0.833428441	-0.0444270981	6810
0.814146499	-0.0466147535	6811
0.793685891	-0.0488825554	6812
0.772071583	-0.0512175021	6813
0.749337584	-0.0536062296	6814
0.72552684	-0.0560351091	6815
0.700690936	-0.0584852109	6816
0.674890817	-0.0609394672	6817
0.648195984	-0.0633779889	6818
0.620684505	-0.065778067	6819
0.592442936	-0.0681171288	6820
0.563565652	-0.070367666	6821
0.534154886	-0.0725035794	6822
0.504319771	-0.0744945499	6823
0.474176139	-0.0763106	6824
0.443845593	-0.0779212017	6825
0.413454745	-0.0792920953	6826
0.383134677	-0.0803929102	6827
0.353019579	-0.0811913757	6828
0.323245882	-0.0816584514	6829
0.293950974	-0.0817651159	6830
0.265271888	-0.0814874671	6831
0.237343552	-0.0808054331	6832
0.210297369	-0.07969982	6833
0.184258813	-0.0781615359	6834
0.159345783	-0.0761799498	6835
0.135665794	-0.0737521659	6836
0.113314123	-0.0708731782	6837
0.0923709886	-0.067539091	6838
0.0728998421	-0.0637394752	6839
0.0549473594	-0.059449452	6840
0.0385462228	-0.0546226841	6841
0.0237274341	-0.0491745961	6842
0.0105491415	-0.0429721899	6843
-0.000846008582	-0.0358410848	6844
-0.0101494587	-0.0276370816	6845
-0.0168679424	-0.0184621006	6846
-0.0206253258	-0.00893567317	6847
-0.0217075961	-1.81087537e-09	6848
-0.0206253267	0.00893566929	6849
-0.0168679446	0.018462096	6850
-0.0101494631	0.0276370757	6851
-0.000846016641	0.0358410775	6852
0.0105491281	0.0429721799	6853
0.0237273992	0.0491746372	6854
0.0385461769	0.0546228053	6855
0.0549473665	0.0594494311	6856
0.0728998363	0.0637394771	6857
0.0923709823	0.0675390895	6858
0.113314115	0.0708731774	6859
0.135665786	0.0737521649	6860
0.159345775	0.0761799491	6861
0.184258804	0.0781615353	6862
0.21029736	0.0796998196	6863
0.237343543	0.0808054328	6864
0.26527188	0.0814874669	6865
0.293950966	0.0817651159	6866
0.323245874	0.0816584515	6867
0.353019571	0.0811913759	6868
0.383134669	0.0803929104	6869
0.413454738	0.0792920956	6870
0.443845586	0.077921202	6871
0.474176133	0.0763106004	6872
0.504319765	0.0744945503	6873
0.534154881	0.0725035796	6874
0.563565648	0.0703676661	6875
0.592442934	0.0681171346	6876
0.620684499	0.0657780406	6877
0.648195975	0.0633779525	6878
0.674890811	0.0609394754	6879
0.700690931	0.0584852082	6880
0.725526836	0.0560351104	6881
0.749337581	0.0536062298	6882
0.77207158	0.0512175025	6883
0.793685888	0.0488825557	6884
0.814146497	0.0466147538	6885
0.833428439	0.0444270983	6886
0.851515213	0.0423290058	6887
0.868399091	0.0403306813	6888
0.884080538	0.0384392443	6889
0.898568014	0.0366605392	6890
0.911877934	0.0349997041	6891
0.924034379	0.0334599778	6892
0.935068963	0.0320430346	6893
0.945020928	0.0307493572	6894
0.95393693	0.0295775808	6895
0.961870761	0.0285237102	6896
0.968887202	0.0275826965	6897
0.975060716	0.0267507087	6898
0.980478732	0.0260205776	6899
0.985241	0.0253754084	6900
0.989459332	0.024791847	6901
0.993261688	0.0242440491	6902
0.996797384	0.0236943148	6903
1.00022747	0.0230660931	6904
1.00368524	0.0222202826	6905
1.00720342	0.0209596765	6906
1.01071094	0.0191395663	6907
1.0140737	0.0166611754	6908
1.01715106	0.0134492504	6909
1.01964769	0.00947778365	6910
1.02126965	0.00490930789	6911
1.02513752	6.6929595e-12	6912
1.02450066	-0.00545130169	6913
1.02274571	-0.0105432024	6914
1.02003603	-0.0150014509	6915
1.01667996	-0.0186460319	6916
1.01298606	-0.0214965262	6917
1.00912757	-0.0236106909	6918
1.00525808	-0.0250935656	6919
1.00147297	-0.0260956449	6920
0.997760043	-0.0268252198	6921
0.993997296	-0.0274358538	6922
0.990024923	-0.0280179979	6923
0.985687379	-0.0286200582	6924
0.980847102	-0.0292748354	6925
0.975382171	-0.0300097312	6926
0.969183761	-0.0308438451	6927
0.962157208	-0.0317855063	6928
0.954222704	-0.0328391595	6929
0.945311969	-0.0340101691	6930
0.935367331	-0.0353028591	6931
0.924340821	-0.0367187067	6932
0.912192024	-0.038257337	6933
0.898888603	-0.0399171494	6934
0.884406068	-0.0416949525	6935
0.868727826	-0.0435856336	6936
0.851845374	-0.0455833577	6937
0.833758284	-0.0476810044	6938
0.81447437	-0.0498683603	6939
0.794010229	-0.0521359965	6940
0.772390918	-0.0544708984	6941
0.749650524	-0.0568596884	6942
0.725832027	-0.0592887268	6943
0.700987022	-0.0617390743	6944
0.675176439	-0.064193654	6945
0.648469718	-0.06663257	6946
0.620944841	-0.0690331052	6947
0.592688226	-0.07137268	6948
0.563794071	-0.0736237771	6949
0.534364445	-0.0757602805	6950
0.504508266	-0.0777518506	6951
0.47434112	-0.0795684811	6952
0.443984318	-0.0811796047	6953
0.41356415	-0.0825509083	6954
0.383211329	-0.083651949	6955
0.353059607	-0.0844503599	6956
0.323244902	-0.084916972	6957
0.293903988	-0.0850225913	6958
0.265173155	-0.0847430832	6959
0.237186388	-0.0840580574	6960
0.210073917	-0.0829478782	6961
0.18395971	-0.081402829	6962
0.158959724	-0.079411379	6963
0.135178979	-0.0769693143	6964
0.112709566	-0.0740696678	6965
0.091627706	-0.0707055928	6966
0.0719919479	-0.066862181	6967
0.0538433192	-0.0625077595	6968
0.0372086893	-0.0575857908	6969
0.022114611	-0.0519968218	6970
0.00861933492	-0.0455874394	6971
-0.00312453673	-0.0381583948	6972
-0.0127829794	-0.0295408813	6973
-0.0198162821	-0.0198280974	6974
-0.0237942962	-0.00965368836	6975
-0.024956853	-2.23835885e-09	6976
-0.0237942973	0.00965368362	6977
-0.0198162847	0.0198280919	6978
-0.0127829846	0.0295408745	6979
-0.00312454586	0.0381583864	6980
0.00861931989	0.0455874282	6981
0.0221145744	0.051996862	6982
0.0372086438	0.0575859121	6983
0.0538433275	0.0625077391	6984
0.0719919427	0.0668621831	6985
0.0916277002	0.0707055914	6986
0.112709559	0.074069667	6987
0.135178971	0.0769693134	6988
0.158959715	0.0794113783	6989
0.183959702	0.0814028285	6990
0.210073908	0.0829478778	6991
0.237186379	0.0840580572	6992
0.265173147	0.0847430831	6993
0.29390398	0.0850225913	6994
0.323244894	0.0849169721	6995
0.353059599	0.0844503601	6996
0.383211321	0.0836519492	6997
0.413564144	0.0825509086	6998
0.443984312	0.081179605	6999
0.474341114	0.0795684814	7000
0.50450826	0.077751851	7001
0.53436444	0.0757602807	7002
0.563794067	0.0736237772	7003
0.592688224	0.0713726859	7004
0.620944836	0.0690330788	7005
0.648469709	0.0666325335	7006
0.675176433	0.0641936622	7007
0.700987016	0.0617390716	7008
0.725832023	0.0592887281	7009
0.749650521	0.0568596886	7010
0.772390914	0.0544708989	7011
0.794010226	0.0521359968	7012
0.814474367	0.0498683605	7013
0.833758282	0.0476810047	7014
0.851845372	0.0455833579	7015
0.868727824	0.0435856338	7016
0.884406067	0.0416949527	7017
0.898888601	0.0399171495	7018
0.912192023	0.0382573372	7019
0.92434082	0.0367187068	7020
0.93536733	0.0353028592	7021
0.945311969	0.0340101692	7022
0.954222704	0.0328391596	7023
0.962157207	0.0317855063	7024
0.969183761	0.0308438452	7025
0.97538217	0.0300097312	7026
0.980847102	0.0292748354	7027
0.985687379	0.0286200582	7028
0.990024923	0.0280179979	7029
0.993997296	0.0274358538	7030
0.997760043	0.0268252198	7031
1.00147297	0.0260956449	7032
1.00525808	0.0250935656	7033
1.00912757	0.023610691	7034
1.01298606	0.0214965262	7035
1.01667996	0.018646032	7036
1.02003603	0.0150014509	7037
1.02274571	0.0105432024	7038
1.02450066	0.00545130171	7039
1.02890436	9.33392395e-12	7040
1.02821912	-0.0060529979	7041
1.0263216	-0.0117270802	7042
1.0233831	-0.0167291745	7043
1.01972637	-0.0208611481	7044
1.01567193	-0.0241372275	7045
1.01142717	-0.026593487	7046
1.00716465	-0.0283414841	7047
1.00300469	-0.0295361818	7048
0.998958014	-0.0303956609	7049
0.994918042	-0.0310875413	7050
0.990730686	-0.0317171255	7051
0.986237134	-0.0323454079	7052
0.981291021	-0.0330140824	7053
0.975759518	-0.0337560506	7054
0.96952324	-0.0345935161	7055
0.962478718	-0.0355364604	7056
0.954539442	-0.0365901948	7057
0.945632632	-0.0377605201	7058
0.935695663	-0.0390521654	7059
0.924678532	-0.0404667734	7060
0.912539194	-0.042004108	7061
0.899244261	-0.0436626676	7062
0.884768608	-0.0454393288	7063
0.869095311	-0.0473290195	7064
0.852215746	-0.0493259252	7065
0.834129468	-0.0514229321	7066
0.814844361	-0.0536098218	7067
0.79437712	-0.0558771548	7068
0.772752901	-0.0582119028	7069
0.750005887	-0.0606006728	7070
0.726179102	-0.0630298129	7071
0.701324164	-0.0654803715	7072
0.675501998	-0.0679352605	7073
0.648781977	-0.0703745749	7074
0.621241989	-0.0727755886	7075
0.592968314	-0.0751157112	7076
0.564054981	-0.0773674122	7077
0.534603815	-0.0795045603	7078
0.504723513	-0.0814967893	7079
0.474529385	-0.0833140587	7080
0.444142407	-0.0849257556	7081
0.413688492	-0.0862975039	7082
0.383297922	-0.0873987765	7083
0.353103937	-0.0881970939	7084
0.32324185	-0.0886631361	7085
0.29384771	-0.0887675064	7086
0.265056927	-0.0884857953	7087
0.237002369	-0.0877972358	7088
0.209812882	-0.0866816673	7089
0.183610653	-0.0851286303	7090
0.158509353	-0.083125522	7091
0.134611091	-0.0806665583	7092
0.11200425	-0.0777424394	7093
0.0907604385	-0.0743428177	7094
0.0709326247	-0.0704474965	7095
0.0525555125	-0.0660168335	7096
0.0356496636	-0.060982441	7097
0.0202371781	-0.0552277993	7098
0.0063773727	-0.0485764629	7099
-0.00576519389	-0.040801274	7100
-0.0158259677	-0.0317078466	7101
-0.0232139871	-0.021380345	7102
-0.0274396516	-0.0104687255	7103
-0.0286921676	-2.75628972e-09	7104
-0.027439653	0.0104687198	7105
-0.0232139902	0.0213803384	7106
-0.0158259735	0.0317078388	7107
-0.00576520418	0.0408012645	7108
0.00637735584	0.0485764503	7109
0.0202371397	0.0552278384	7110
0.0356496183	0.0609825625	7111
0.0525555222	0.0660168136	7112
0.0709326202	0.0704474988	7113
0.0907604332	0.0743428165	7114
0.112004243	0.0777424387	7115
0.134611083	0.0806665574	7116
0.158509345	0.0831255212	7117
0.183610644	0.0851286298	7118
0.209812873	0.0866816669	7119
0.237002361	0.0877972355	7120
0.265056919	0.0884857952	7121
0.293847702	0.0887675063	7122
0.323241842	0.0886631362	7123
0.35310393	0.0881970941	7124
0.383297914	0.0873987767	7125
0.413688485	0.0862975042	7126
0.444142401	0.0849257559	7127
0.474529379	0.083314059	7128
0.504723507	0.0814967897	7129
0.53460381	0.0795045605	7130
0.564054978	0.0773674122	7131
0.592968312	0.075115717	7132
0.621241984	0.0727755622	7133
0.648781968	0.0703745385	7134
0.675501992	0.0679352687	7135
0.701324159	0.0654803688	7136
0.726179098	0.0630298142	7137
0.750005883	0.060600673	7138
0.772752898	0.0582119032	7139
0.794377117	0.0558771551	7140
0.814844358	0.0536098221	7141
0.834129466	0.0514229323	7142
0.852215744	0.0493259254	7143
0.86909531	0.0473290197	7144
0.884768606	0.0454393289	7145
0.899244259	0.0436626678	7146
0.912539193	0.0420041081	7147
0.924678531	0.0404667735	7148
0.935695663	0.0390521655	7149
0.945632632	0.0377605202	7150
0.954539442	0.0365901948	7151
0.962478717	0.0355364604	7152
0.969523239	0.0345935162	7153
0.975759518	0.0337560506	7154
0.981291021	0.0330140824	7155
0.986237134	0.0323454079	7156
0.990730686	0.0317171255	7157
0.994918042	0.0310875413	7158
0.998958014	0.0303956609	7159
1.00300469	0.0295361818	7160
1.00716465	0.0283414841	7161
1.01142717	0.0265934871	7162
1.01567193	0.0241372276	7163
1.01972637	0.0208611481	7164
1.0233831	0.0167291745	7165
1.0263216	0.0117270802	7166
1.02821912	0.00605299792	7167
1.03323536	1.25914632e-11	7168
1.03249826	-0.00672109814	7169
1.03044787	-0.0130426982	7170
1.02726362	-0.0186520602	7171
1.02328287	-0.0233322487	7172
1.01884451	-0.0270850495	7173
1.01416873	-0.0299456496	7174
1.0094692	-0.0320075251	7175
1.0048838	-0.0334372744	7176
1.00044785	-0.0344612877	7177
0.996073913	-0.0352603325	7178
0.991618363	-0.0359549471	7179
0.986923122	-0.0366203407	7180
0.981834996	-0.0373091857	7181
0.976210218	-0.0380616825	7182
0.969917589	-0.0389043661	7183
0.962843198	-0.0398495889	7184
0.954892253	-0.0409039121	7185
0.945986012	-0.0420737811	7186
0.936056276	-0.0433643823	7187
0.925049425	-0.0447776416	7188
0.912921318	-0.0463134893	7189
0.899637061	-0.0479705536	7190
0.885170576	-0.0497458043	7191
0.869504388	-0.0516342307	7192
0.852629606	-0.0536300544	7193
0.834545688	-0.0557261791	7194
0.815260545	-0.0579123884	7195
0.794790956	-0.0601792356	7196
0.77316218	-0.0625136797	7197
0.750408505	-0.0649023119	7198
0.726573016	-0.0673314659	7199
0.701707363	-0.0697821762	7200
0.675872476	-0.0722373404	7201
0.649137664	-0.0746770424	7202
0.621580714	-0.0770785443	7203
0.593287751	-0.0794192429	7204
0.564352613	-0.0816715916	7205
0.534876911	-0.083809436	7206
0.504969028	-0.0858023831	7207
0.474743959	-0.0876203517	7208
0.444322306	-0.0892326744	7209
0.413829546	-0.0906049012	7210
0.383395458	-0.0917064062	7211
0.353152679	-0.0925045781	7212
0.323235805	-0.092969919	7213
0.293780029	-0.0930727925	7214
0.264919712	-0.0927884641	7215
0.236786401	-0.0920957183	7216
0.209507293	-0.090973769	7217
0.183202474	-0.0894112687	7218
0.157982924	-0.0873943317	7219
0.133947332	-0.0849152962	7220
0.111179774	-0.0819620759	7221
0.0897465453	-0.0785201561	7222
0.0696942727	-0.0745630771	7223
0.0510506281	-0.0700418339	7224
0.0338294219	-0.0648742646	7225
0.0180484998	-0.0589242996	7226
0.00376960698	-0.0519896075	7227
-0.00882835915	-0.0438117975	7228
-0.0193441759	-0.0341706173	7229
-0.0271307235	-0.023141031	7230
-0.0316333548	-0.0113919898	7231
-0.0329862493	-3.37746177e-09	7232
-0.0316333564	0.0113919828	7233
-0.0271307272	0.0231410233	7234
-0.0193441826	0.0341706082	7235
-0.00882837075	0.0438117866	7236
0.00376958812	0.0519895934	7237
0.0180484594	0.0589243375	7238
0.033829377	0.0648743862	7239
0.0510506393	0.0700418146	7240
0.069694269	0.0745630797	7241
0.0897465406	0.078520155	7242
0.111179767	0.0819620753	7243
0.133947325	0.0849152953	7244
0.157982915	0.087394331	7245
0.183202466	0.0894112681	7246
0.209507285	0.0909737686	7247
0.236786393	0.092095718	7248
0.264919704	0.092788464	7249
0.293780021	0.0930727925	7250
0.323235798	0.092969919	7251
0.353152671	0.0925045783	7252
0.38339545	0.0917064065	7253
0.41382954	0.0906049014	7254
0.4443223	0.0892326747	7255
0.474743953	0.0876203521	7256
0.504969023	0.0858023835	7257
0.534876907	0.0838094362	7258
0.564352609	0.0816715917	7259
0.59328775	0.0794192487	7260
0.621580709	0.0770785179	7261
0.649137655	0.074677006	7262
0.675872469	0.0722373486	7263
0.701707358	0.0697821735	7264
0.726573011	0.0673314672	7265
0.750408501	0.0649023121	7266
0.773162177	0.0625136801	7267
0.794790953	0.0601792359	7268
0.815260542	0.0579123887	7269
0.834545686	0.0557261793	7270
0.852629604	0.0536300546	7271
0.869504386	0.0516342309	7272
0.885170574	0.0497458045	7273
0.89963706	0.0479705538	7274
0.912921316	0.0463134894	7275
0.925049424	0.0447776417	7276
0.936056275	0.0433643824	7277
0.945986011	0.0420737812	7278
0.954892253	0.0409039122	7279
0.962843198	0.0398495889	7280
0.969917589	0.0389043661	7281
0.976210217	0.0380616825	7282
0.981834996	0.0373091857	7283
0.986923122	0.0366203407	7284
0.991618363	0.0359549471	7285
0.996073912	0.0352603325	7286
1.00044785	0.0344612877	7287
1.0048838	0.0334372744	7288
1.0094692	0.0320075251	7289
1.01416873	0.0299456496	7290
1.01884451	0.0270850495	7291
1.02328287	0.0233322487	7292
1.02726362	0.0186520602	7293
1.03044787	0.0130426982	7294
1.03249826	0.00672109817	7295
1.038215	1.65880837e-11	7296
1.03742233	-0.00746290791	7297
1.03520792	-0.0145049311	7298
1.03175975	-0.0207921265	7299
1.02742995	-0.0260881912	7300
1.022576	-0.0303818166	7301
1.0174292	-0.0337088332	7302
1.01224607	-0.0361400266	7303
1.00718172	-0.0378537904	7304
1.00229681	-0.0390836244	7305
0.997526025	-0.0400221503	7306
0.992740822	-0.0408049207	7307
0.987788555	-0.0415225213	7308
0.982512428	-0.0422406324	7309
0.976758822	-0.0430088319	7310
0.970384076	-0.0438595852	7311
0.963262307	-0.0448086364	7312
0.955288723	-0.0458643747	7313
0.946376629	-0.0470342276	7314
0.936452218	-0.0483238872	7315
0.92545568	-0.0497357542	7316
0.913340241	-0.0512699545	7317
0.900068889	-0.052925284	7318
0.885614135	-0.0546988366	7319
0.869957638	-0.0565856893	7320
0.853090021	-0.0585801207	7321
0.835010506	-0.060675068	7322
0.81572695	-0.0628603279	7323
0.79525618	-0.065126453	7324
0.773623541	-0.067460393	7325
0.750863435	-0.069848724	7326
0.727019013	-0.0722777647	7327
0.702141971	-0.0747285336	7328
0.676293251	-0.0771839116	7329
0.649542105	-0.0796239689	7330
0.621966211	-0.0820259525	7331
0.593651529	-0.0843672434	7332
0.564691683	-0.0866202751	7333
0.535188026	-0.0887588671	7334
0.505248634	-0.0907525904	7335
0.474988136	-0.0925713167	7336
0.444526657	-0.0941843167	7337
0.413989183	-0.0955570528	7338
0.383504906	-0.0966587828	7339
0.353205755	-0.0974567395	7340
0.323225478	-0.0979212152	7341
0.293698244	-0.0980222896	7342
0.264757169	-0.0977348409	7343
0.236532223	-0.0970371182	7344
0.209148645	-0.0959075857	7345
0.182724026	-0.0943338293	7346
0.15736617	-0.0923004217	7347
0.133169759	-0.089797444	7348
0.110213855	-0.0868094686	7349
0.0885586459	-0.0833170022	7350
0.0682435842	-0.0792861502	7351
0.0492885888	-0.0746568906	7352
0.0317003813	-0.0693310555	7353
0.015493038	-0.0631502321	7354
0.000732601393	-0.0558831391	7355
-0.0123845954	-0.0472368543	7356
-0.0234141477	-0.0369650489	7357
-0.0316470606	-0.0251343487	7358
-0.0364582644	-0.012435633	7359
-0.0379226844	-4.11637642e-09	7360
-0.0364582663	0.0124356246	7361
-0.0316470649	0.0251343395	7362
-0.0234141554	0.0369650384	7363
-0.0123846084	0.047236842	7364
0.000732580356	0.0558831233	7365
0.0154929954	0.0631502687	7366
0.0317003368	0.0693311772	7367
0.0492886017	0.074656872	7368
0.0682435814	0.079286153	7369
0.0885586418	0.0833170012	7370
0.110213848	0.086809468	7371
0.133169752	0.0897974432	7372
0.157366162	0.092300421	7373
0.182724018	0.0943338287	7374
0.209148637	0.0959075853	7375
0.236532215	0.097037118	7376
0.264757161	0.0977348408	7377
0.293698236	0.0980222896	7378
0.32322547	0.0979212153	7379
0.353205748	0.0974567397	7380
0.383504899	0.0966587831	7381
0.413989176	0.0955570531	7382
0.444526651	0.094184317	7383
0.47498813	0.092571317	7384
0.505248628	0.0907525908	7385
0.535188021	0.0887588672	7386
0.56469168	0.0866202752	7387
0.593651528	0.0843672491	7388
0.621966207	0.082025926	7389
0.649542095	0.0796239325	7390
0.676293244	0.0771839199	7391
0.702141965	0.0747285309	7392
0.727019008	0.072277766	7393
0.750863431	0.0698487242	7394
0.773623538	0.0674603935	7395
0.795256177	0.0651264533	7396
0.815726948	0.0628603282	7397
0.835010504	0.0606750682	7398
0.853090019	0.0585801209	7399
0.869957636	0.0565856895	7400
0.885614133	0.0546988368	7401
0.900068888	0.0529252841	7402
0.91334024	0.0512699547	7403
0.925455679	0.0497357543	7404
0.936452217	0.0483238873	7405
0.946376628	0.0470342277	7406
0.955288723	0.0458643748	7407
0.963262306	0.0448086365	7408
0.970384075	0.0438595852	7409
0.976758821	0.043008832	7410
0.982512428	0.0422406324	7411
0.987788555	0.0415225213	7412
0.992740822	0.0408049207	7413
0.997526025	0.0400221504	7414
1.00229681	0.0390836245	7415
1.00718172	0.0378537905	7416
1.01224607	0.0361400267	7417
1.0174292	0.0337088333	7418
1.022576	0.0303818167	7419
1.02742995	0.0260881913	7420
1.03175975	0.0207921265	7421
1.03520792	0.0145049311	7422
1.03742233	0.00746290795	7423
1.04394045	2.14555671e-11	7424
1.04308843	-0.0082850077	7425
1.04069772	-0.016130407	7426
1.03696601	-0.0231740193	7427
1.0322603	-0.029161312	7428
1.02695693	-0.034067182	7429
1.02130833	-0.0379191413	7430
1.01558108	-0.0407928494	7431
1.00998146	-0.0428465925	7432
1.00458411	-0.0443307212	7433
0.999348062	-0.0454481987	7434
0.994163865	-0.0463488242	7435
0.988889241	-0.0471391149	7436
0.983368102	-0.0478994856	7437
0.977439426	-0.0486910866	7438
0.970947448	-0.0495542698	7439
0.963753229	-0.0505095631	7440
0.955740281	-0.0515680354	7441
0.946812165	-0.0527385705	7442
0.936887913	-0.0540276126	7443
0.92590014	-0.0554381509	7444
0.913797985	-0.0569706053	7445
0.900541494	-0.0586239867	7446
0.886101147	-0.0603955512	7447
0.870457279	-0.062280495	7448
0.853599705	-0.0642731809	7449
0.83552719	-0.0663666012	7450
0.816247402	-0.0685505821	7451
0.795777132	-0.0708156867	7452
0.774141777	-0.0731488622	7453
0.751375839	-0.0755366724	7454
0.727522533	-0.077965422	7455
0.702633612	-0.0804161126	7456
0.676770038	-0.0828716062	7457
0.650001004	-0.0853119561	7458
0.62240408	-0.0877143916	7459
0.594065044	-0.0900562735	7460
0.565077286	-0.0923100116	7461
0.535541867	-0.0944493931	7462
0.505566506	-0.0964439474	7463
0.475265414	-0.0982634895	7464
0.444758219	-0.0998772146	7465
0.414169299	-0.101250484	7466
0.383627122	-0.102352419	7467
0.353262793	-0.103150067	7468
0.323209058	-0.103613472	7469
0.293598867	-0.103712375	7470
0.264563845	-0.103421191	7471
0.23623208	-0.102717527	7472
0.208726473	-0.101578942	7473
0.182161651	-0.0999917353	7474
0.156641664	-0.097938617	7475
0.132256492	-0.0954069432	7476
0.10907937	-0.0923772621	7477
0.0871634861	-0.0888241132	7478
0.0665402252	-0.0847047549	7479
0.0472210593	-0.0799461926	7480
0.0292054616	-0.0744316778	7481
0.0125046175	-0.067977349	7482
-0.00280863773	-0.0603197499	7483
-0.0165168687	-0.051128008	7484
-0.0281249159	-0.0401304305	7485
-0.0368561268	-0.0273866309	7486
-0.0420097677	-0.0136128198	7487
-0.0435975628	-4.98744731e-09	7488
-0.04200977	0.0136128096	7489
-0.0368561318	0.02738662	7490
-0.0281249247	0.0401304183	7491
-0.0165168833	0.051127994	7492
-0.00280866112	0.0603197322	7493
0.0125045725	0.0679773841	7494
0.0292054175	0.0744317998	7495
0.0472210741	0.0799461746	7496
0.0665402234	0.084704758	7497
0.0871634826	0.0888241124	7498
0.109079364	0.0923772616	7499
0.132256485	0.0954069424	7500
0.156641656	0.0979386164	7501
0.182161643	0.0999917348	7502
0.208726464	0.101578941	7503
0.236232072	0.102717526	7504
0.264563837	0.103421191	7505
0.293598859	0.103712375	7506
0.32320905	0.103613472	7507
0.353262785	0.103150067	7508
0.383627115	0.102352419	7509
0.414169293	0.101250484	7510
0.444758213	0.0998772149	7511
0.475265409	0.0982634899	7512
0.505566501	0.0964439478	7513
0.535541863	0.0944493933	7514
0.565077283	0.0923100116	7515
0.594065044	0.0900562792	7516
0.622404076	0.0877143651	7517
0.650000994	0.0853119198	7518
0.67677003	0.0828716145	7519
0.702633605	0.08041611	7520
0.727522528	0.0779654234	7521
0.751375834	0.0755366726	7522
0.774141774	0.0731488626	7523
0.795777129	0.070815687	7524
0.816247399	0.0685505824	7525
0.835527188	0.0663666015	7526
0.853599703	0.0642731811	7527
0.870457277	0.0622804952	7528
0.886101146	0.0603955513	7529
0.900541493	0.0586239869	7530
0.913797984	0.0569706054	7531
0.925900139	0.055438151	7532
0.936887913	0.0540276127	7533
0.946812165	0.0527385706	7534
0.955740281	0.0515680355	7535
0.963753229	0.0505095631	7536
0.970947447	0.0495542698	7537
0.977439426	0.0486910866	7538
0.983368102	0.0478994857	7539
0.988889241	0.0471391149	7540
0.994163865	0.0463488242	7541
0.999348061	0.0454481987	7542
1.00458411	0.0443307212	7543
1.00998146	0.0428465925	7544
1.01558108	0.0407928494	7545
1.02130833	0.0379191413	7546
1.02695693	0.034067182	7547
1.0322603	0.0291613121	7548
1.03696601	0.0231740194	7549
1.04069772	0.016130407	7550
1.04308843	0.00828500774	7551
1.05052339	2.73441628e-11	7552
1.04960769	-0.0091983437	7553
1.04702876	-0.0179337818	7554
1.04299126	-0.025825281	7555
1.03788072	-0.0325877997	7556
1.03209168	-0.0381855638	7557
1.02589801	-0.0426371767	7558
1.01957654	-0.0460235448	7559
1.01337918	-0.0484833602	7560
1.00740241	-0.0502779612	7561
1.00162774	-0.0516216857	7562
0.99596799	-0.0526774136	7563
0.990295858	-0.0535675095	7564
0.984460925	-0.0543883187	7565
0.978298586	-0.0552146276	7566
0.97164271	-0.0560968799	7567
0.964341091	-0.0570621768	7568
0.956264158	-0.0581254767	7569
0.947303891	-0.0592978425	7570
0.937370199	-0.0605868778	7571
0.92638699	-0.0619963175	7572
0.91429715	-0.063527033	7573
0.901056689	-0.0651783129	7574
0.886633212	-0.0669476216	7575
0.871005092	-0.068830313	7576
0.854160872	-0.0708208674	7577
0.836098529	-0.0729123604	7578
0.816825314	-0.07509467	7579
0.796357847	-0.0773583868	7580
0.774721491	-0.0796904671	7581
0.751950807	-0.0820774693	7582
0.728089061	-0.0845056874	7583
0.703188054	-0.0869561067	7584
0.677308775	-0.0894115689	7585
0.650520356	-0.0918521083	7586
0.622900251	-0.0942549328	7587
0.594534043	-0.0965973791	7588
0.565514863	-0.0988518278	7589
0.535943443	-0.100992028	7590
0.505927097	-0.102987458	7591
0.475579557	-0.104807866	7592
0.445019849	-0.106422359	7593
0.414371659	-0.107796177	7594
0.383762658	-0.108898278	7595
0.353322939	-0.109695493	7596
0.323183999	-0.110157567	7597
0.293477345	-0.110253837	7598
0.264332825	-0.109958159	7599
0.235876274	-0.109247364	7600
0.208227796	-0.108097917	7601
0.181498491	-0.106494553	7602
0.155787969	-0.10441772	7603
0.131180692	-0.101851468	7604
0.107743143	-0.09877148	7605
0.0855205161	-0.0951451212	7606
0.0645352075	-0.090919106	7607
0.044789632	-0.0860051649	7608
0.0262761296	-0.0802650277	7609
0.00900439466	-0.0734859807	7610
-0.00694269982	-0.0653690847	7611
-0.0213223348	-0.0555420551	7612
-0.033579933	-0.0437097311	7613
-0.0428654991	-0.0299265142	7614
-0.0483976546	-0.0149378124	7615
-0.0501213484	-6.00428887e-09	7616
-0.0483976573	0.0149378002	7617
-0.0428655049	0.0299265015	7618
-0.033579943	0.0437097171	7619
-0.0213223511	0.0555420392	7620
-0.00694272572	0.065369065	7621
0.00900434715	0.0734860142	7622
0.0262760859	0.0802651499	7623
0.0447896488	0.0860051478	7624
0.0645352067	0.0909191094	7625
0.0855205133	0.0951451205	7626
0.107743138	0.0987714796	7627
0.131180685	0.101851468	7628
0.155787961	0.10441772	7629
0.181498483	0.106494553	7630
0.208227788	0.108097917	7631
0.235876266	0.109247364	7632
0.264332817	0.109958159	7633
0.293477337	0.110253837	7634
0.323183991	0.110157567	7635
0.353322932	0.109695493	7636
0.383762651	0.108898278	7637
0.414371653	0.107796177	7638
0.445019843	0.10642236	7639
0.475579551	0.104807867	7640
0.505927092	0.102987458	7641
0.535943439	0.100992028	7642
0.56551486	0.0988518278	7643
0.594534044	0.0965973848	7644
0.622900248	0.0942549062	7645
0.650520345	0.091852072	7646
0.677308766	0.0894115773	7647
0.703188047	0.0869561041	7648
0.728089056	0.0845056888	7649
0.751950802	0.0820774695	7650
0.774721487	0.0796904676	7651
0.796357843	0.0773583872	7652
0.816825311	0.0750946703	7653
0.836098527	0.0729123606	7654
0.85416087	0.0708208676	7655
0.87100509	0.0688303132	7656
0.88663321	0.0669476217	7657
0.901056688	0.0651783131	7658
0.914297149	0.0635270332	7659
0.926386989	0.0619963177	7660
0.937370198	0.0605868779	7661
0.947303891	0.0592978426	7662
0.956264157	0.0581254768	7663
0.964341091	0.0570621768	7664
0.97164271	0.0560968799	7665
0.978298586	0.0552146276	7666
0.984460925	0.0543883187	7667
0.990295858	0.0535675095	7668
0.99596799	0.0526774136	7669
1.00162774	0.0516216858	7670
1.00740241	0.0502779612	7671
1.01337918	0.0484833603	7672
1.01957654	0.0460235448	7673
1.02589801	0.0426371768	7674
1.03209168	0.0381855639	7675
1.03788072	0.0325877998	7676
1.04299126	0.0258252811	7677
1.04702876	0.0179337819	7678
1.04960769	0.00919834376	7679
1.05809225	3.44399313e-11	7680
1.05710817	-0.0102132592	7681
1.05432737	-0.0199379761	7682
1.04996111	-0.0287759333	7683
1.04441424	-0.0364080977	7684
1.03810056	-0.0427866737	7685
1.03131556	-0.0479214186	7686
1.02435849	-0.0518891515	7687
1.01748606	-0.0548395369	7688
1.01085949	-0.057009041	7689
1.00446841	-0.0586347408	7690
0.998250128	-0.0598912317	7691
0.992096156	-0.0609160934	7692
0.985866748	-0.0618221319	7693
0.979398597	-0.0626994242	7694
0.972518501	-0.0636107406	7695
0.965062097	-0.0645918867	7696
0.956886078	-0.065663335	7697
0.947869222	-0.0668393912	7698
0.937909835	-0.0681294807	7699
0.926922901	-0.0695382983	7700
0.914841664	-0.0710674479	7701
0.901616782	-0.0727165782	7702
0.88721186	-0.0744834216	7703
0.871602441	-0.0763635361	7704
0.854775136	-0.0783515589	7705
0.836726645	-0.0804406839	7706
0.817463461	-0.0826208706	7707
0.797001799	-0.0848827608	7708
0.77536684	-0.0872133375	7709
0.752593118	-0.0895991655	7710
0.728723899	-0.0920265359	7711
0.703811008	-0.0944764208	7712
0.67791545	-0.0969316425	7713
0.651106291	-0.0993722147	7714
0.623460854	-0.101775321	7715
0.595064508	-0.104118269	7716
0.566010094	-0.106373405	7717
0.536397978	-0.108514431	7718
0.506335008	-0.110510767	7719
0.475934363	-0.11233208	7720
0.445314373	-0.11394737	7721
0.414597906	-0.115321735	7722
0.383911656	-0.116423939	7723
0.353384526	-0.117220552	7724
0.323146617	-0.117680962	7725
0.293327672	-0.11777402	7726
0.264055247	-0.117472904	7727
0.235452563	-0.116753501	7728
0.207636378	-0.115590941	7729
0.180713586	-0.113968051	7730
0.154778543	-0.111862514	7731
0.129909255	-0.109254351	7732
0.1061644	-0.106113341	7733
0.0835801127	-0.102398205	7734
0.0621688858	-0.0980430794	7735
0.0419236368	-0.0929417306	7736
0.022830085	-0.0869310452	7737
0.00489849739	-0.0797658006	7738
-0.0117741034	-0.0711082927	7739
-0.0269145967	-0.060541417	7740
-0.0398992616	-0.0477498882	7741
-0.0497993598	-0.0327851413	7742
-0.055748266	-0.0164260795	7743
-0.0576210297	-7.17895243e-09	7744
-0.0557482691	0.016426065	7745
-0.0497993665	0.0327851264	7746
-0.0398992729	0.0477498722	7747
-0.0269146148	0.0605413991	7748
-0.011774132	0.0711082707	7749
0.00489844717	0.0797658324	7750
0.0228300418	0.0869311677	7751
0.0419236558	0.0929417143	7752
0.0621688861	0.0980430832	7753
0.0835801107	0.102398205	7754
0.106164395	0.106113341	7755
0.129909249	0.109254351	7756
0.154778536	0.111862513	7757
0.180713578	0.113968051	7758
0.20763637	0.115590941	7759
0.235452555	0.1167535	7760
0.264055238	0.117472904	7761
0.293327664	0.11777402	7762
0.323146609	0.117680962	7763
0.353384518	0.117220552	7764
0.383911649	0.116423939	7765
0.414597899	0.115321735	7766
0.445314367	0.11394737	7767
0.475934358	0.11233208	7768
0.506335003	0.110510767	7769
0.536397974	0.108514431	7770
0.566010092	0.106373405	7771
0.595064509	0.104118275	7772
0.623460851	0.101775294	7773
0.651106279	0.0993721784	7774
0.677915441	0.0969316509	7775
0.703811	0.0944764183	7776
0.728723893	0.0920265373	7777
0.752593114	0.0895991658	7778
0.775366836	0.0872133379	7779
0.797001796	0.0848827612	7780
0.817463459	0.082620871	7781
0.836726642	0.0804406841	7782
0.854775134	0.0783515591	7783
0.871602439	0.0763635363	7784
0.887211858	0.0744834218	7785
0.901616781	0.0727165783	7786
0.914841663	0.071067448	7787
0.9269229	0.0695382984	7788
0.937909834	0.0681294808	7789
0.947869221	0.0668393913	7790
0.956886077	0.065663335	7791
0.965062097	0.0645918867	7792
0.972518501	0.0636107407	7793
0.979398596	0.0626994242	7794
0.985866748	0.0618221319	7795
0.992096156	0.0609160934	7796
0.998250127	0.0598912317	7797
1.00446841	0.0586347408	7798
1.01085949	0.057009041	7799
1.01748606	0.0548395369	7800
1.02435849	0.0518891516	7801
1.03131556	0.0479214187	7802
1.03810056	0.0427866737	7803
1.04441424	0.0364080977	7804
1.04996111	0.0287759334	7805
1.05432737	0.0199379761	7806
1.05710817	0.0102132593	7807
1.0667947	4.29650221e-11	7808
1.06573717	-0.0113412527	7809
1.06273947	-0.0221667039	7810
1.05802276	-0.0320529906	7811
1.05200269	-0.0406673402	7812
1.04512237	-0.0479260829	7813
1.03769639	-0.0538373239	7814
1.03004671	-0.0584734684	7815
1.02244344	-0.0619901442	7816
1.0150802	-0.0646171259	7817
1.00799084	-0.0665895567	7818
1.0011254	-0.0681016389	7819
0.99439704	-0.0693051736	7820
0.987681107	-0.0703292978	7821
0.98082094	-0.0712803982	7822
0.973640971	-0.0722355405	7823
0.96596742	-0.0732415316	7824
0.957643822	-0.0743263851	7825
0.948534752	-0.0755091322	7826
0.938525021	-0.0768019732	7827
0.927518835	-0.0782110991	7828
0.915438052	-0.0797391099	7829
0.902225406	-0.0813862112	7830
0.887839032	-0.0831504874	7831
0.872250475	-0.0850277583	7832
0.855443506	-0.0870128652	7833
0.837412851	-0.089099162	7834
0.81816374	-0.0912767267	7835
0.797711614	-0.0935362832	7836
0.776081225	-0.0958648666	7837
0.75330692	-0.098249067	7838
0.729431859	-0.100675185	7839
0.704507835	-0.103124188	7840
0.678595837	-0.105578883	7841
0.651764833	-0.108019262	7842
0.624091997	-0.110422483	7843
0.595662454	-0.112765822	7844
0.566568717	-0.115021582	7845
0.536910732	-0.117163412	7846
0.506794818	-0.119160658	7847
0.47633351	-0.120982893	7848
0.445644322	-0.122598991	7849
0.414849157	-0.123973877	7850
0.384073544	-0.125076084	7851
0.35344496	-0.125871866	7852
0.32309177	-0.126330182	7853
0.293141615	-0.126419289	7854
0.26371962	-0.126111551	7855
0.234945348	-0.125381684	7856
0.206931733	-0.124203186	7857
0.179780671	-0.122556536	7858
0.153580314	-0.120416025	7859
0.128401126	-0.117756742	7860
0.104292822	-0.114541279	7861
0.0812813655	-0.110717924	7862
0.0593685109	-0.106205816	7863
0.0385375182	-0.100877648	7864
0.0187685437	-0.0945417727	7865
7.53050392e-05	-0.0869166221	7866
-0.0174288462	-0.0776200595	7867
-0.0334262571	-0.0661945816	7868
-0.0472220615	-0.0523021513	7869
-0.0578009588	-0.0359964115	7870
-0.0642069604	-0.0180944325	7871
-0.0662425913	-8.52122266e-09	7872
-0.0642069641	0.0180944154	7873
-0.0578009665	0.0359963942	7874
-0.0472220742	0.052302133	7875
-0.0334262771	0.0661945615	7876
-0.0174288776	0.077620035	7877
7.52519498e-05	0.0869166519	7878
0.018768501	0.0945418954	7879
0.0385375395	0.100877633	7880
0.0593685122	0.106205821	7881
0.0812813642	0.110717924	7882
0.104292818	0.114541279	7883
0.12840112	0.117756742	7884
0.153580307	0.120416024	7885
0.179780663	0.122556535	7886
0.206931725	0.124203185	7887
0.23494534	0.125381683	7888
0.263719612	0.12611155	7889
0.293141607	0.126419289	7890
0.323091762	0.126330182	7891
0.353444952	0.125871866	7892
0.384073537	0.125076084	7893
0.41484915	0.123973877	7894
0.445644316	0.122598992	7895
0.476333504	0.120982893	7896
0.506794813	0.119160658	7897
0.536910729	0.117163412	7898
0.566568715	0.115021582	7899
0.595662456	0.112765827	7900
0.624091995	0.110422456	7901
0.651764821	0.108019226	7902
0.678595827	0.105578891	7903
0.704507828	0.103124186	7904
0.729431853	0.100675187	7905
0.753306915	0.0982490673	7906
0.776081221	0.095864867	7907
0.797711611	0.0935362835	7908
0.818163737	0.091276727	7909
0.837412849	0.0890991623	7910
0.855443504	0.0870128654	7911
0.872250473	0.0850277585	7912
0.88783903	0.0831504876	7913
0.902225405	0.0813862114	7914
0.915438051	0.07973911	7915
0.927518834	0.0782110992	7916
0.938525021	0.0768019733	7917
0.948534752	0.0755091323	7918
0.957643821	0.0743263852	7919
0.96596742	0.0732415317	7920
0.97364097	0.0722355406	7921
0.98082094	0.0712803983	7922
0.987681106	0.0703292978	7923
0.99439704	0.0693051736	7924
1.0011254	0.0681016389	7925
1.00799084	0.0665895568	7926
1.0150802	0.064617126	7927
1.02244344	0.0619901442	7928
1.03004671	0.0584734685	7929
1.03769639	0.053837324	7930
1.04512237	0.047926083	7931
1.05200269	0.0406673403	7932
1.05802276	0.0320529907	7933
1.06273947	0.0221667039	7934
1.06573717	0.0113412528	7935
1.07680051	5.31870022e-11	7936
1.07566407	-0.012595093	7937
1.07243325	-0.0246454055	7938
1.0673396	-0.0357009353	7939
1.06081064	-0.0454137445	7940
1.05331722	-0.0536658321	7941
1.0451968	-0.0604580934	7942
1.03679348	-0.0658602119	7943
1.02840029	-0.0700272724	7944
1.02021278	-0.0732037818	7945
1.01233533	-0.0755997708	7946
1.00472908	-0.077432124	7947
0.997326596	-0.0788681347	7948
0.990021775	-0.0800526263	7949
0.982669679	-0.0811085886	7950
0.97509794	-0.0821287932	7951
0.967127754	-0.0831732251	7952
0.958591709	-0.0842797367	7953
0.94934032	-0.0854740066	7954
0.939243635	-0.0867723747	7955
0.928192784	-0.0881834089	7956
0.916097475	-0.0897111	7957
0.902888957	-0.0913565522	7958
0.888518012	-0.0931183332	7959
0.872950659	-0.0949926049	7960
0.856166602	-0.0969744705	7961
0.838157634	-0.0990574927	7962
0.81892698	-0.101231911	7963
0.798488765	-0.103488572	7964
0.776866916	-0.105814596	7965
0.754095323	-0.108196624	7966
0.730216857	-0.110620988	7967
0.705283154	-0.113068664	7968
0.679355112	-0.11552245	7969
0.652501547	-0.117962325	7970
0.624799439	-0.120365419	7971
0.596333619	-0.122708972	7972
0.567196222	-0.124965239	7973
0.537486711	-0.127107806	7974
0.507310786	-0.129105932	7975
0.476780234	-0.130929076	7976
0.446011607	-0.132545961	7977
0.415125658	-0.133921304	7978
0.384246524	-0.135023359	7979
0.353499961	-0.135817999	7980
0.323012242	-0.136273658	7981
0.292908455	-0.136357867	7982
0.263310595	-0.136041981	7983
0.234334561	-0.135299307	7984
0.206087796	-0.134101283	7985
0.178666598	-0.132425503	7986
0.152151811	-0.130242071	7987
0.12660514	-0.127520018	7988
0.102066085	-0.124213167	7989
0.0785493383	-0.12025721	7990
0.0560452623	-0.115553438	7991
0.0345277223	-0.109949919	7992
0.01397308	-0.103222456	7993
-0.00559766037	-0.0950492324	7994
-0.0240508115	-0.0849988292	7995
-0.0410118045	-0.0725766124	7996
-0.0557094173	-0.0574224962	7997
-0.0670354322	-0.0395972881	7998
-0.0739409467	-0.0199611921	7999
-0.0761538557	-1.00381123e-08	8000
-0.0739409509	0.0199611721	8001
-0.0670354409	0.039597268	8002
-0.0557094315	0.0574224755	8003
-0.0410118265	0.0725765899	8004
-0.0240508458	0.0849988021	8005
-0.00559771648	0.0950492601	8006
0.0139730379	0.103222579	8007
0.034527746	0.109949905	8008
0.0560452648	0.115553442	8009
0.0785493378	0.12025721	8010
0.102066081	0.124213167	8011
0.126605134	0.127520017	8012
0.152151804	0.13024207	8013
0.17866659	0.132425503	8014
0.206087788	0.134101283	8015
0.234334553	0.135299307	8016
0.263310587	0.13604198	8017
0.292908447	0.136357867	8018
0.323012235	0.136273658	8019
0.353499954	0.135817999	8020
0.384246517	0.13502336	8021
0.415125651	0.133921305	8022
0.446011601	0.132545962	8023
0.476780229	0.130929077	8024
0.507310782	0.129105932	8025
0.537486708	0.127107806	8026
0.56719622	0.124965239	8027
0.596333621	0.122708977	8028
0.624799437	0.120365392	8029
0.652501535	0.117962289	8030
0.679355101	0.115522459	8031
0.705283146	0.113068661	8032
0.73021685	0.110620989	8033
0.754095318	0.108196624	8034
0.776866912	0.105814596	8035
0.798488761	0.103488573	8036
0.818926977	0.101231912	8037
0.838157631	0.099057493	8038
0.8561666	0.0969744708	8039
0.872950657	0.0949926051	8040
0.88851801	0.0931183334	8041
0.902888955	0.0913565524	8042
0.916097474	0.0897111002	8043
0.928192784	0.088183409	8044
0.939243634	0.0867723748	8045
0.949340319	0.0854740067	8046
0.958591708	0.0842797368	8047
0.967127754	0.0831732252	8048
0.97509794	0.0821287933	8049
0.982669679	0.0811085887	8050
0.990021775	0.0800526263	8051
0.997326596	0.0788681348	8052
1.00472908	0.0774321241	8053
1.01233533	0.0755997709	8054
1.02021278	0.0732037819	8055
1.02840029	0.0700272725	8056
1.03679348	0.065860212	8057
1.0451968	0.0604580935	8058
1.05331722	0.0536658322	8059
1.06081064	0.0454137446	8060
1.0673396	0.0357009354	8061
1.07243325	0.0246454056	8062
1.07566407	0.0125950931	8063
1.08830487	6.54314735e-11	8064
1.08708365	-0.0139889463	8065
1.08360224	-0.0274023215	8066
1.07810304	-0.0397618936	8067
1.07103126	-0.0506937995	8068
1.06286991	-0.0600750877	8069
1.05399734	-0.06786549	8070
1.04477476	-0.074143041	8071
1.03551843	-0.079062142	8072
1.02644844	-0.0828686519	8073
1.01766435	-0.085792075	8074
1.00921881	-0.0880199253	8075
1.00103621	-0.0897529292	8076
0.993031151	-0.0911506771	8077
0.985074603	-0.0923524097	8078
0.977003059	-0.0934672756	8079
0.968638281	-0.0945701633	8080
0.959805911	-0.0957110698	8081
0.950344172	-0.0969245897	8082
0.940108167	-0.0982330282	8083
0.928973766	-0.0996486482	8084
0.916838862	-0.101177461	8085
0.90361893	-0.102822043	8086
0.889255083	-0.10458167	8087
0.873705853	-0.10645297	8088
0.85694527	-0.108431386	8089
0.838960889	-0.110510749	8090
0.819752905	-0.11268151	8091
0.799333333	-0.114934685	8092
0.777724679	-0.117257519	8093
0.754959946	-0.119636745	8094
0.7310814	-0.122058751	8095
0.706140311	-0.124504546	8096
0.680197335	-0.126956936	8097
0.653321029	-0.129395892	8098
0.625588092	-0.131798522	8099
0.597082989	-0.134142029	8100
0.567897396	-0.136398616	8101
0.538130204	-0.138541792	8102
0.507886387	-0.140540717	8103
0.477276845	-0.142364711	8104
0.446416988	-0.143982315	8105
0.415426193	-0.145357995	8106
0.38442692	-0.146459666	8107
0.353542848	-0.147252734	8108
0.322897712	-0.147704988	8109
0.292613505	-0.147783065	8110
0.26280844	-0.147457068	8111
0.233593872	-0.146698549	8112
0.20507114	-0.145476414	8113
0.177329247	-0.143764623	8114
0.150440754	-0.141528112	8115
0.124457265	-0.138728447	8116
0.0994067788	-0.135308747	8117
0.0752917083	-0.13118951	8118
0.0520906869	-0.126250855	8119
0.0297690411	-0.120312256	8120
0.00830199095	-0.113112689	8121
-0.0122772633	-0.104286278	8122
-0.0318095012	-0.0933479256	8123
-0.0498508783	-0.0797697468	8124
-0.0655475601	-0.0631721235	8125
-0.0776930308	-0.043628168	8126
-0.0851425377	-0.022046389	8127
-0.08754775	-1.17336856e-08	8128
-0.0851425425	0.0220463656	8129
-0.0776930407	0.0436281449	8130
-0.0655475759	0.0631721	8131
-0.0498509024	0.0797697217	8132
-0.0318095386	0.0933478956	8133
-0.0122773226	0.104286304	8134
0.00830194929	0.113112812	8135
0.0297690674	0.120312243	8136
0.0520906905	0.12625086	8137
0.0752917086	0.13118951	8138
0.0994067753	0.135308747	8139
0.12445726	0.138728447	8140
0.150440747	0.141528112	8141
0.177329239	0.143764623	8142
0.205071132	0.145476413	8143
0.233593864	0.146698548	8144
0.262808432	0.147457068	8145
0.292613497	0.147783065	8146
0.322897705	0.147704988	8147
0.353542841	0.147252734	8148
0.384426913	0.146459666	8149
0.415426187	0.145357995	8150
0.446416982	0.143982315	8151
0.47727684	0.142364711	8152
0.507886383	0.140540717	8153
0.538130201	0.138541792	8154
0.567897394	0.136398616	8155
0.597082992	0.134142034	8156
0.625588091	0.131798495	8157
0.653321016	0.129395856	8158
0.680197323	0.126956945	8159
0.706140302	0.124504544	8160
0.731081393	0.122058753	8161
0.754959941	0.119636745	8162
0.777724675	0.11725752	8163
0.799333329	0.114934685	8164
0.819752902	0.112681511	8165
0.838960887	0.110510749	8166
0.856945268	0.108431387	8167
0.873705851	0.10645297	8168
0.889255081	0.104581671	8169
0.903618929	0.102822044	8170
0.91683886	0.101177461	8171
0.928973765	0.0996486484	8172
0.940108167	0.0982330283	8173
0.950344171	0.0969245898	8174
0.959805911	0.0957110699	8175
0.968638281	0.0945701634	8176
0.977003058	0.0934672756	8177
0.985074602	0.0923524098	8178
0.993031151	0.0911506771	8179
1.00103621	0.0897529293	8180
1.00921881	0.0880199254	8181
1.01766435	0.0857920751	8182
1.02644844	0.082868652	8183
1.03551843	0.0790621421	8184
1.04477476	0.0741430411	8185
1.05399734	0.0678654902	8186
1.06286991	0.0600750879	8187
1.07103126	0.0506937997	8188
1.07810304	0.0397618937	8189
1.08360224	0.0274023216	8190
1.08708365	0.0139889464	8191
1.10153225	8.01003872e-11	8192
1.10021989	-0.0155385144	8193
1.09646907	-0.0304687689	8194
1.09053349	-0.0442826204	8195
1.08287671	-0.0565787811	8196
1.0739963	-0.0672267029	8197
1.06430659	-0.0761507124	8198
1.05419395	-0.0834266239	8199
1.04399593	-0.0892120876	8200
1.03395737	-0.0937541419	8201
1.0242004	-0.0972877511	8202
1.01477745	-0.100017957	8203
1.005703	-0.102123954	8204
0.996878624	-0.103799446	8205
0.988194081	-0.105199151	8206
0.979499659	-0.106448529	8207
0.970623693	-0.107638389	8208
0.961390336	-0.10883284	8209
0.951629165	-0.110077768	8210
0.941181788	-0.111403668	8211
0.929908387	-0.112828246	8212
0.917693498	-0.114360725	8213
0.904435548	-0.116005851	8214
0.890062251	-0.117764079	8215
0.874522252	-0.119632718	8216
0.857781851	-0.121607671	8217
0.839822649	-0.123683114	8218
0.820640421	-0.125849774	8219
0.800243957	-0.128098885	8220
0.778653477	-0.13041787	8221
0.755900436	-0.132793595	8222
0.732026006	-0.135212546	8223
0.707080727	-0.137655797	8224
0.68112476	-0.140106183	8225
0.654226204	-0.142543686	8226
0.62646133	-0.144945402	8227
0.597914105	-0.147288501	8228
0.568675629	-0.149545127	8229
0.538844091	-0.151688705	8230
0.508523594	-0.153688275	8231
0.477823972	-0.155512993	8232
0.446859267	-0.157131179	8233
0.415747197	-0.158506993	8234
0.384608187	-0.159607933	8235
0.353563398	-0.16039883	8236
0.322733482	-0.160846674	8237
0.292236679	-0.160916986	8238
0.262186625	-0.160578305	8239
0.232689038	-0.159799979	8240
0.203838586	-0.15854779	8241
0.175714775	-0.156791088	8242
0.148380921	-0.154488412	8243
0.12187711	-0.151592116	8244
0.0962185771	-0.148032255	8245
0.0713946822	-0.14371106	8246
0.0473724693	-0.138483667	8247
0.0241103656	-0.132136599	8248
0.00158614637	-0.124367612	8249
-0.0201487392	-0.114763223	8250
-0.0409036996	-0.102780416	8251
-0.0601519711	-0.087864104	8252
-0.0769515489	-0.0696180522	8253
-0.0899928272	-0.0481333194	8254
-0.098032891	-0.0243719964	8255
-0.100646061	-1.36092942e-08	8256
-0.0980328965	0.0243719695	8257
-0.0899928383	0.0481332929	8258
-0.0769515664	0.0696180257	8259
-0.0601519974	0.0878640761	8260
-0.0409037401	0.102780383	8261
-0.0201488017	0.114763246	8262
0.00158610517	0.124367736	8263
0.0241103944	0.132136587	8264
0.0473724741	0.138483672	8265
0.0713946832	0.14371106	8266
0.0962185741	0.148032255	8267
0.121877105	0.151592116	8268
0.148380915	0.154488412	8269
0.175714768	0.156791088	8270
0.203838579	0.158547789	8271
0.23268903	0.159799978	8272
0.262186617	0.160578305	8273
0.292236671	0.160916986	8274
0.322733475	0.160846674	8275
0.353563391	0.16039883	8276
0.38460818	0.159607934	8277
0.41574719	0.158506994	8278
0.446859261	0.157131179	8279
0.477823967	0.155512994	8280
0.50852359	0.153688275	8281
0.538844089	0.151688705	8282
0.568675628	0.149545127	8283
0.597914109	0.147288506	8284
0.626461329	0.144945376	8285
0.65422619	0.14254365	8286
0.681124747	0.140106191	8287
0.707080717	0.137655794	8288
0.732025998	0.135212548	8289
0.755900431	0.132793595	8290
0.778653472	0.130417871	8291
0.800243953	0.128098885	8292
0.820640418	0.125849774	8293
0.839822647	0.123683115	8294
0.857781848	0.121607671	8295
0.87452225	0.119632718	8296
0.89006225	0.11776408	8297
0.904435547	0.116005851	8298
0.917693496	0.114360725	8299
0.929908386	0.112828246	8300
0.941181787	0.111403668	8301
0.951629164	0.110077768	8302
0.961390336	0.10883284	8303
0.970623693	0.107638389	8304
0.979499658	0.106448529	8305
0.98819408	0.105199151	8306
0.996878624	0.103799446	8307
1.005703	0.102123954	8308
1.01477745	0.100017957	8309
1.02420039	0.0972877511	8310
1.03395737	0.093754142	8311
1.04399593	0.0892120878	8312
1.05419395	0.083426624	8313
1.06430659	0.0761507125	8314
1.0739963	0.0672267031	8315
1.08287671	0.0565787812	8316
1.09053349	0.0442826205	8317
1.09646907	0.030468769	8318
1.10021989	0.0155385145	8319
1.11674067	9.76985378e-11	8320
1.11533039	-0.0172611851	8321
1.1112899	-0.0338794427	8322
1.10488472	-0.0493149519	8323
1.09659742	-0.0631374025	8324
1.08694923	-0.0751947036	8325
1.07636555	-0.0854153291	8326
1.06528633	-0.0938277676	8327
1.05406195	-0.100608299	8328
1.04296262	-0.106004938	8329
1.03213615	-0.110256337	8330
1.02165384	-0.113577493	8331
1.01153281	-0.11616432	8332
1.0017632	-0.118194517	8333
0.992217761	-0.119856888	8334
0.98276419	-0.12129259	8335
0.973242876	-0.12260859	8336
0.963482628	-0.123884418	8337
0.953309684	-0.125179388	8338
0.942555568	-0.126534592	8339
0.931066109	-0.127975348	8340
0.918711424	-0.129515802	8341
0.905373092	-0.131163937	8342
0.890961495	-0.132922182	8343
0.875412607	-0.134788906	8344
0.858682487	-0.136760686	8345
0.840744607	-0.138832161	8346
0.821588483	-0.140994411	8347
0.801218176	-0.143238954	8348
0.779650395	-0.145553448	8349
0.756914093	-0.147924941	8350
0.733048593	-0.15034007	8351
0.708103141	-0.15278001	8352
0.682136975	-0.155227666	8353
0.655217408	-0.157663056	8354
0.627420026	-0.16006328	8355
0.598828085	-0.162405483	8356
0.569531914	-0.164661755	8357
0.539628816	-0.166805423	8358
0.509221814	-0.168805388	8359
0.478419443	-0.17063061	8360
0.44733408	-0.172249139	8361
0.416081428	-0.173624762	8362
0.384779435	-0.174724456	8363
0.353546192	-0.175512337	8364
0.322498604	-0.175954393	8365
0.291750353	-0.176014744	8366
0.26140955	-0.175659962	8367
0.23157516	-0.174856613	8368
0.202334016	-0.173566567	8369
0.173754009	-0.171753335	8370
0.145888132	-0.169367513	8371
0.118763516	-0.166350091	8372
0.0923815322	-0.162615218	8373
0.0667180911	-0.158043267	8374
0.041729469	-0.152460118	8375
0.0173698036	-0.145614697	8376
-0.00637570978	-0.137159179	8377
-0.0294301793	-0.126629399	8378
-0.0515652643	-0.113420475	8379
-0.0721566452	-0.0969585194	8380
-0.0901694913	-0.0768338164	8381
-0.104186977	-0.0531613854	8382
-0.11286631	-0.0269621962	8383
-0.115703755	-1.56642237e-08	8384
-0.112866317	0.0269621652	8385
-0.10418699	0.0531613552	8386
-0.0901695106	0.0768337867	8387
-0.0721566737	0.0969584886	8388
-0.0515653079	0.113420438	8389
-0.0294302452	0.126629419	8390
-0.00637575059	0.137159303	8391
0.0173698349	0.145614686	8392
0.0417294747	0.152460124	8393
0.0667180928	0.158043268	8394
0.0923815296	0.162615218	8395
0.118763511	0.16635009	8396
0.145888126	0.169367513	8397
0.173754002	0.171753335	8398
0.202334008	0.173566567	8399
0.231575152	0.174856613	8400
0.261409542	0.175659962	8401
0.291750345	0.176014744	8402
0.322498597	0.175954393	8403
0.353546185	0.175512337	8404
0.384779428	0.174724457	8405
0.416081422	0.173624762	8406
0.447334075	0.17224914	8407
0.478419438	0.170630611	8408
0.509221811	0.168805388	8409
0.539628814	0.166805423	8410
0.569531913	0.164661755	8411
0.59882809	0.162405489	8412
0.627420027	0.160063254	8413
0.655217394	0.15766302	8414
0.682136961	0.155227674	8415
0.708103131	0.152780008	8416
0.733048585	0.150340071	8417
0.756914087	0.147924942	8418
0.77965039	0.145553449	8419
0.801218172	0.143238955	8420
0.82158848	0.140994411	8421
0.840744604	0.138832161	8422
0.858682485	0.136760686	8423
0.875412605	0.134788907	8424
0.890961493	0.132922182	8425
0.90537309	0.131163937	8426
0.918711423	0.129515802	8427
0.931066108	0.127975348	8428
0.942555567	0.126534592	8429
0.953309683	0.125179388	8430
0.963482627	0.123884418	8431
0.973242875	0.12260859	8432
0.982764189	0.12129259	8433
0.99221776	0.119856888	8434
1.0017632	0.118194517	8435
1.01153281	0.11616432	8436
1.02165384	0.113577493	8437
1.03213615	0.110256337	8438
1.04296262	0.106004938	8439
1.05406195	0.100608299	8440
1.06528633	0.0938277678	8441
1.07636555	0.0854153293	8442
1.08694923	0.0751947038	8443
1.09659742	0.0631374027	8444
1.10488472	0.0493149521	8445
1.1112899	0.0338794429	8446
1.11533039	0.0172611853	8447
1.13422685	1.18871419e-10	8448
1.13271133	-0.0191762197	8449
1.12835944	-0.0376727842	8450
1.12144891	-0.0549163438	8451
1.11248206	-0.0704458747	8452
1.10200468	-0.084086109	8453
1.09045849	-0.0957643161	8454
1.07832411	-0.10547662	8455
1.06598183	-0.113397248	8456
1.05372244	-0.119782867	8457
1.04171997	-0.124875688	8458
1.03007047	-0.128897774	8459
1.01880871	-0.132057345	8460
1.00791901	-0.134552812	8461
0.997369451	-0.136556935	8462
0.987009334	-0.138244162	8463
0.976693019	-0.139738107	8464
0.966259785	-0.141134239	8465
0.955538755	-0.142506831	8466
0.944356598	-0.143909807	8467
0.932548085	-0.145378514	8468
0.919969866	-0.146934149	8469
0.90648737	-0.148589557	8470
0.891991036	-0.150350335	8471
0.876401266	-0.152216591	8472
0.859660994	-0.154185952	8473
0.841732915	-0.156253738	8474
0.822597973	-0.1584115	8475
0.802253514	-0.160651126	8476
0.780711086	-0.16296057	8477
0.757995789	-0.165327125	8478
0.734144006	-0.167737632	8479
0.70920283	-0.170173425	8480
0.683229906	-0.172617519	8481
0.656291232	-0.175050009	8482
0.628461287	-0.177448027	8483
0.599822266	-0.179788709	8484
0.570463424	-0.182044094	8485
0.540480892	-0.184187408	8486
0.509976319	-0.18618739	8487
0.479056615	-0.188012767	8488
0.447832111	-0.189631254	8489
0.416416033	-0.191006174	8490
0.384923293	-0.192103859	8491
0.353468238	-0.192887517	8492
0.322163209	-0.193321871	8493
0.291116367	-0.193369265	8494
0.260429173	-0.192993773	8495
0.230192542	-0.192158438	8496
0.20048413	-0.190820197	8497
0.171357752	-0.188935141	8498
0.142855124	-0.186444008	8499
0.114989088	-0.183273799	8500
0.0877463529	-0.179319388	8501
0.0610895748	-0.174435181	8502
0.0349659667	-0.168413121	8503
0.009329122	-0.16095974	8504
-0.0158222546	-0.151677516	8505
-0.0403775788	-0.140049195	8506
-0.0640639893	-0.125404478	8507
-0.0861443542	-0.107161517	8508
-0.105487395	-0.0849002654	8509
-0.120565625	-0.0587659529	8510
-0.129935194	-0.0298436729	8511
-0.133013934	-1.78966507e-08	8512
-0.1299352	0.0298436376	8513
-0.120565639	0.0587659189	8514
-0.105487417	0.0849002323	8515
-0.086144385	0.107161483	8516
-0.064064036	0.125404439	8517
-0.0403776482	0.140049213	8518
-0.0158222952	0.15167764	8519
0.00932915575	0.160959731	8520
0.0349659733	0.168413127	8521
0.0610895771	0.174435182	8522
0.0877463507	0.179319389	8523
0.114989083	0.183273798	8524
0.142855118	0.186444008	8525
0.171357745	0.18893514	8526
0.200484123	0.190820197	8527
0.230192534	0.192158438	8528
0.260429166	0.192993773	8529
0.29111636	0.193369265	8530
0.322163202	0.193321871	8531
0.353468231	0.192887517	8532
0.384923286	0.192103859	8533
0.416416026	0.191006174	8534
0.447832106	0.189631254	8535
0.479056611	0.188012767	8536
0.509976316	0.186187391	8537
0.54048089	0.184187408	8538
0.570463425	0.182044094	8539
0.599822272	0.179788714	8540
0.628461288	0.177448	8541
0.656291217	0.175049973	8542
0.683229891	0.172617528	8543
0.709202819	0.170173423	8544
0.734143997	0.167737634	8545
0.757995782	0.165327126	8546
0.780711081	0.16296057	8547
0.80225351	0.160651126	8548
0.82259797	0.158411501	8549
0.841732912	0.156253738	8550
0.859660992	0.154185953	8551
0.876401264	0.152216591	8552
0.891991034	0.150350335	8553
0.906487368	0.148589557	8554
0.919969865	0.146934149	8555
0.932548084	0.145378514	8556
0.944356597	0.143909807	8557
0.955538754	0.142506831	8558
0.966259784	0.141134239	8559
0.976693019	0.139738107	8560
0.987009333	0.138244162	8561
0.997369451	0.136556935	8562
1.00791901	0.134552812	8563
1.01880871	0.132057345	8564
1.03007047	0.128897774	8565
1.04171997	0.124875688	8566
1.05372244	0.119782867	8567
1.06598183	0.113397248	8568
1.07832411	0.10547662	8569
1.09045849	0.0957643163	8570
1.10200468	0.0840861093	8571
1.11248206	0.0704458749	8572
1.12144891	0.054916344	8573
1.12835944	0.0376727844	8574
1.13271133	0.01917622	8575
1.15433193	1.44457211e-10	8576
1.15270333	-0.0213049424	8577
1.14801668	-0.0418913665	8578
1.14056241	-0.0611504629	8579
1.13086319	-0.0785887122	8580
1.11949041	-0.094005919	8581
1.10691446	-0.107311648	8582
1.0936222	-0.118518021	8583
1.08006295	-0.127742216	8584
1.06653623	-0.135268657	8585
1.05324315	-0.141342933	8586
1.04030479	-0.146194279	8587
1.0277777	-0.150041482	8588
1.01566614	-0.153095122	8589
1.00392624	-0.15555123	8590
0.992487268	-0.157575388	8591
0.981213295	-0.159313404	8592
0.969943097	-0.160882135	8593
0.958514743	-0.162371549	8594
0.946756381	-0.163850081	8595
0.934496959	-0.165365397	8596
0.921583585	-0.166948065	8597
0.907865578	-0.168618084	8598
0.893214137	-0.170385815	8599
0.877531633	-0.172254227	8600
0.86074491	-0.174222679	8601
0.842802884	-0.176287558	8602
0.823675135	-0.178441113	8603
0.803349808	-0.180675725	8604
0.78183113	-0.182979733	8605
0.759138523	-0.185340745	8606
0.735303907	-0.187745868	8607
0.710370973	-0.190176654	8608
0.684394769	-0.192616286	8609
0.657439154	-0.195044981	8610
0.62957684	-0.197439944	8611
0.600888405	-0.199778332	8612
0.57146155	-0.202032144	8613
0.541390795	-0.2041745	8614
0.510775985	-0.206173955	8615
0.479721955	-0.207998952	8616
0.448336475	-0.209616798	8617
0.416729698	-0.210990232	8618
0.385012803	-0.212084766	8619
0.353295552	-0.212862458	8620
0.321684737	-0.213286411	8621
0.290281852	-0.213316697	8622
0.259180394	-0.212914199	8623
0.228461758	-0.212037475	8624
0.19819287	-0.210637215	8625
0.168410735	-0.208660066	8626
0.139145108	-0.206034571	8627
0.110393458	-0.202670578	8628
0.0821275499	-0.198439776	8629
0.0542977767	-0.193166011	8630
0.0268450701	-0.186602317	8631
-0.000272535257	-0.17840808	8632
-0.0270355402	-0.168132402	8633
-0.0532996687	-0.155195441	8634
-0.0787131488	-0.138882265	8635
-0.102437982	-0.118592424	8636
-0.123234762	-0.0939064619	8637
-0.139462554	-0.0650061785	8638
-0.149575723	-0.0330459339	8639
-0.15291355	-2.03047325e-08	8640
-0.149575731	0.033045894	8641
-0.139462569	0.0650061402	8642
-0.123234785	0.0939064251	8643
-0.102438015	0.118592387	8644
-0.0787131987	0.138882222	8645
-0.0532997424	0.155195455	8646
-0.0270355806	0.168132526	8647
-0.000272499274	0.178408072	8648
0.0268450772	0.186602324	8649
0.0542977794	0.193166012	8650
0.082127548	0.198439776	8651
0.110393454	0.202670578	8652
0.139145102	0.20603457	8653
0.168410728	0.208660066	8654
0.198192863	0.210637215	8655
0.22846175	0.212037475	8656
0.259180386	0.212914199	8657
0.290281844	0.213316697	8658
0.32168473	0.213286411	8659
0.353295545	0.212862458	8660
0.385012796	0.212084767	8661
0.416729692	0.210990233	8662
0.44833647	0.209616798	8663
0.479721951	0.207998952	8664
0.510775982	0.206173956	8665
0.541390794	0.2041745	8666
0.571461551	0.202032144	8667
0.600888412	0.199778337	8668
0.629576843	0.197439917	8669
0.657439138	0.195044945	8670
0.684394752	0.192616295	8671
0.710370962	0.190176652	8672
0.735303898	0.18774587	8673
0.759138516	0.185340746	8674
0.781831124	0.182979733	8675
0.803349803	0.180675725	8676
0.823675131	0.178441113	8677
0.842802881	0.176287558	8678
0.860744907	0.174222679	8679
0.877531631	0.172254227	8680
0.893214135	0.170385815	8681
0.907865577	0.168618085	8682
0.921583583	0.166948065	8683
0.934496958	0.165365397	8684
0.94675638	0.163850081	8685
0.958514742	0.162371549	8686
0.969943097	0.160882135	8687
0.981213294	0.159313404	8688
0.992487267	0.157575388	8689
1.00392624	0.15555123	8690
1.01566614	0.153095122	8691
1.0277777	0.150041482	8692
1.04030479	0.146194279	8693
1.05324315	0.141342933	8694
1.06653623	0.135268657	8695
1.08006295	0.127742217	8696
1.0936222	0.118518022	8697
1.10691446	0.107311649	8698
1.11949041	0.0940059193	8699
1.13086319	0.0785887125	8700
1.14056241	0.0611504632	8701
1.14801668	0.0418913668	8702
1.15270333	0.0213049427	8703
1.17744812	1.75558123e-10	8704
1.17569806	-0.0236709231	8705
1.17065162	-0.0465822593	8706
1.16261239	-0.068087733	8707
1.15212406	-0.0876594592	8708
1.13978453	-0.10507045	8709
1.1260942	-0.120210806	8710
1.11155673	-0.133098131	8711
1.09666145	-0.143824933	8712
1.0817512	-0.152663843	8713
1.06704363	-0.15987831	8714
1.05268553	-0.165704826	8715
1.03875519	-0.170373098	8716
1.02527619	-0.174106221	8717
1.01222368	-0.177113004	8718
0.999529689	-0.179577191	8719
0.987093162	-0.181651907	8720
0.974802313	-0.183462178	8721
0.962487078	-0.185121799	8722
0.949978623	-0.186715932	8723
0.937106535	-0.188306328	8724
0.923716434	-0.189934894	8725
0.909638342	-0.191631986	8726
0.894730654	-0.193414385	8727
0.878876577	-0.195289636	8728
0.861984422	-0.197259973	8729
0.843986303	-0.199323554	8730
0.824837322	-0.201473737	8731
0.804513464	-0.203703632	8732
0.783008944	-0.206002102	8733
0.760335147	-0.208357163	8734
0.73651748	-0.21075626	8735
0.711594496	-0.21318123	8736
0.6856172	-0.215615487	8737
0.658646097	-0.218039428	8738
0.63075112	-0.220430382	8739
0.602010373	-0.222765558	8740
0.572509266	-0.225016943	8741
0.542340041	-0.227157547	8742
0.511600103	-0.229155714	8743
0.480391574	-0.230979544	8744
0.448818964	-0.232595836	8745
0.416988583	-0.233966589	8746
0.385006987	-0.235056264	8747
0.352978326	-0.235825439	8748
0.321002661	-0.236235129	8749
0.289173474	-0.236242477	8750
0.257574804	-0.23580427	8751
0.226276902	-0.234873339	8752
0.195333955	-0.233392408	8753
0.164763912	-0.231296199	8754
0.134583757	-0.22849817	8755
0.104775143	-0.224887327	8756
0.07529534	-0.220307724	8757
0.046084484	-0.21454767	8758
0.0170812243	-0.207316203	8759
-0.0117457192	-0.198221044	8760
-0.0403476998	-0.186754916	8761
-0.0685429808	-0.172268628	8762
-0.0958758589	-0.15401857	8763
-0.121410234	-0.131382613	8764
-0.143791039	-0.103950663	8765
-0.161261704	-0.0719474577	8766
-0.172174416	-0.0366016473	8767
-0.175789957	-2.28876208e-08	8768
-0.172174424	0.0366016024	8769
-0.16126172	0.0719474149	8770
-0.143791064	0.103950622	8771
-0.12141027	0.131382573	8772
-0.0958759119	0.154018523	8773
-0.0685430582	0.172268639	8774
-0.0403477404	0.18675504	8775
-0.0117456813	0.198221038	8776
0.0170812317	0.207316209	8777
0.0460844869	0.214547672	8778
0.0752953382	0.220307725	8779
0.104775139	0.224887327	8780
0.134583751	0.22849817	8781
0.164763905	0.231296199	8782
0.195333947	0.233392408	8783
0.226276894	0.234873338	8784
0.257574796	0.23580427	8785
0.289173466	0.236242477	8786
0.321002654	0.236235129	8787
0.352978319	0.235825439	8788
0.38500698	0.235056265	8789
0.416988577	0.233966589	8790
0.448818959	0.232595836	8791
0.48039157	0.230979544	8792
0.511600101	0.229155714	8793
0.54234004	0.227157547	8794
0.572509268	0.225016943	8795
0.602010382	0.222765564	8796
0.630751124	0.220430355	8797
0.65864608	0.218039392	8798
0.685617181	0.215615496	8799
0.711594484	0.213181228	8800
0.73651747	0.210756262	8801
0.760335139	0.208357164	8802
0.783008938	0.206002103	8803
0.804513459	0.203703632	8804
0.824837318	0.201473738	8805
0.8439863	0.199323555	8806
0.861984419	0.197259973	8807
0.878876575	0.195289636	8808
0.894730652	0.193414386	8809
0.90963834	0.191631986	8810
0.923716432	0.189934894	8811
0.937106534	0.188306328	8812
0.949978622	0.186715932	8813
0.962487077	0.1851218	8814
0.974802312	0.183462178	8815
0.987093161	0.181651907	8816
0.999529688	0.179577191	8817
1.01222368	0.177113005	8818
1.02527619	0.174106222	8819
1.03875519	0.170373098	8820
1.05268553	0.165704827	8821
1.06704363	0.15987831	8822
1.0817512	0.152663844	8823
1.09666145	0.143824933	8824
1.11155673	0.133098131	8825
1.1260942	0.120210806	8826
1.13978453	0.10507045	8827
1.15212406	0.0876594596	8828
1.16261239	0.0680877334	8829
1.17065162	0.0465822597	8830
1.17569806	0.0236709234	8831
1.20402642	2.1363375e-10	8832
1.2021459	-0.0263002244	8833
1.1967129	-0.0517975174	8834
1.18804453	-0.0758060539	8835
1.17670616	-0.097761625	8836
1.16332316	-0.117408477	8837
1.14842721	-0.13461535	8838
1.13255341	-0.149388116	8839
1.11618997	-0.161847302	8840
1.09977023	-0.172192763	8841
1.0835139	-0.180727474	8842
1.06759448	-0.187695191	8843
1.05211251	-0.19333687	8844
1.0371107	-0.197888589	8845
1.02258246	-0.201572293	8846
1.00847861	-0.20458475	8847
0.994717548	-0.207092397	8848
0.981193388	-0.209237432	8849
0.967776601	-0.211142518	8850
0.954315723	-0.212909045	8851
0.940644774	-0.214615771	8852
0.926592845	-0.216321015	8853
0.911993073	-0.218065693	8854
0.896691043	-0.219876017	8855
0.880552002	-0.221766401	8856
0.86346474	-0.223743697	8857
0.845342189	-0.225809022	8858
0.826121926	-0.227957586	8859
0.80576454	-0.230183678	8860
0.784251092	-0.232476944	8861
0.76158202	-0.234825961	8862
0.737773593	-0.237218614	8863
0.712856925	-0.239637102	8864
0.686876973	-0.242065138	8865
0.659889167	-0.244483365	8866
0.631959184	-0.246869288	8867
0.60316138	-0.249200216	8868
0.573577758	-0.251448145	8869
0.543297284	-0.253585978	8870
0.512413993	-0.255581814	8871
0.481026379	-0.257403334	8872
0.449234748	-0.259016694	8873
0.41714055	-0.260382944	8874
0.384844596	-0.261465187	8875
0.352444169	-0.262222073	8876
0.320031198	-0.262611907	8877
0.287689607	-0.262588041	8878
0.255492325	-0.262101981	8879
0.223496738	-0.261099237	8880
0.191742502	-0.259512447	8881
0.160224813	-0.257261088	8882
0.128949421	-0.254240386	8883
0.0978818332	-0.250314172	8884
0.0669662211	-0.245293972	8885
0.0361356494	-0.23892734	8886
0.0053317546	-0.230874306	8887
-0.0254586417	-0.220686892	8888
-0.0561485449	-0.207799249	8889
-0.0865123976	-0.191488424	8890
-0.115972421	-0.170994612	8891
-0.143491034	-0.145676853	8892
-0.16759309	-0.115141361	8893
-0.186404677	-0.0796621234	8894
-0.198175656	-0.0405469892	8895
-0.202088455	-2.56462289e-08	8896
-0.198175665	0.040546939	8897
-0.186404696	0.0796620758	8898
-0.167593117	0.115141316	8899
-0.143491071	0.145676809	8900
-0.115972477	0.170994562	8901
-0.0865124789	0.191488431	8902
-0.0561485859	0.207799373	8903
-0.0254586021	0.220686886	8904
0.00533176193	0.230874312	8905
0.0361356523	0.238927341	8906
0.0669662193	0.245293972	8907
0.097881829	0.250314171	8908
0.128949415	0.254240385	8909
0.160224806	0.257261088	8910
0.191742494	0.259512447	8911
0.22349673	0.261099236	8912
0.255492317	0.262101981	8913
0.287689599	0.262588041	8914
0.32003119	0.262611907	8915
0.352444162	0.262222073	8916
0.38484459	0.261465187	8917
0.417140544	0.260382944	8918
0.449234743	0.259016695	8919
0.481026375	0.257403334	8920
0.512413991	0.255581814	8921
0.543297284	0.253585978	8922
0.57357776	0.251448145	8923
0.60316139	0.249200222	8924
0.631959189	0.246869261	8925
0.659889149	0.24448333	8926
0.686876953	0.242065147	8927
0.712856912	0.2396371	8928
0.737773583	0.237218615	8929
0.761582012	0.234825961	8930
0.784251086	0.232476945	8931
0.805764534	0.230183678	8932
0.826121921	0.227957587	8933
0.845342185	0.225809022	8934
0.863464737	0.223743697	8935
0.880552	0.221766401	8936
0.89669104	0.219876017	8937
0.911993071	0.218065694	8938
0.926592843	0.216321015	8939
0.940644773	0.214615771	8940
0.954315722	0.212909045	8941
0.9677766	0.211142519	8942
0.981193387	0.209237432	8943
0.994717548	0.207092397	8944
1.00847861	0.20458475	8945
1.02258246	0.201572293	8946
1.0371107	0.197888589	8947
1.05211251	0.19333687	8948
1.06759448	0.187695191	8949
1.0835139	0.180727475	8950
1.09977023	0.172192763	8951
1.11618997	0.161847302	8952
1.13255341	0.149388117	8953
1.14842721	0.13461535	8954
1.16332316	0.117408477	8955
1.17670616	0.0977616255	8956
1.18804453	0.0758060543	8957
1.1967129	0.0517975178	8958
1.2021459	0.0263002248	8959
1.23458533	2.6061085e-10	8960
1.23256477	-0.0292216468	8961
1.22671654	-0.0575946776	8962
1.21737173	-0.0843915618	8963
1.205118	-0.109009721	8964
1.19060912	-0.131162549	8965
1.17440936	-0.150695395	8966
1.15708678	-0.167600785	8967
1.13914991	-0.182006164	8968
1.12106076	-0.194104732	8969
1.10310997	-0.204163907	8970
1.08547563	-0.212461821	8971
1.06828148	-0.219250909	8972
1.05158975	-0.224780674	8973
1.03541187	-0.229286708	8974
1.01971648	-0.232979204	8975
1.00444017	-0.236038013	8976
0.989495682	-0.238619015	8977
0.97477225	-0.240859047	8978
0.960136037	-0.242874277	8979
0.945435363	-0.244758692	8980
0.930507749	-0.246585697	8981
0.915187069	-0.248410217	8982
0.899311689	-0.250270487	8983
0.882733081	-0.252190415	8984
0.865322008	-0.254183787	8985
0.846971475	-0.256256479	8986
0.827599296	-0.258406807	8987
0.807147618	-0.260631051	8988
0.785580999	-0.262920137	8989
0.762885594	-0.265263498	8990
0.739065362	-0.267649634	8991
0.714141054	-0.27006122	8992
0.688148965	-0.272482348	8993
0.661137099	-0.274893973	8994
0.633164816	-0.277273833	8995
0.604300895	-0.279599382	8996
0.574622314	-0.281842647	8997
0.544213304	-0.28397642	8998
0.513163174	-0.285968505	8999
0.481565503	-0.287786057	9000
0.449515096	-0.289394407	9001
0.417107209	-0.29075337	9002
0.384435496	-0.291824275	9003
0.351588847	-0.292563248	9004
0.318649425	-0.292925055	9005
0.285689872	-0.292858118	9006
0.252770233	-0.292307141	9007
0.219933297	-0.291208301	9008
0.187201344	-0.28948133	9009
0.154545671	-0.287026745	9010
0.121961391	-0.283717681	9011
0.0893990147	-0.279388059	9012
0.056792146	-0.273811657	9013
0.0240712148	-0.266690014	9014
-0.00881266891	-0.257629448	9015
-0.0418461879	-0.246122906	9016
-0.0748942377	-0.2315447	9017
-0.107681082	-0.213094034	9018
-0.139488837	-0.190009808	9019
-0.169176098	-0.161634721	9020
-0.19514382	-0.127598352	9021
-0.215399405	-0.08823015	9022
-0.228090363	-0.0449219919	9023
-0.232320955	-2.85836631e-08	9024
-0.228090373	0.044921936	9025
-0.215399424	0.0882300972	9026
-0.195143849	0.127598303	9027
-0.169176138	0.161634674	9028
-0.139488896	0.190009754	9029
-0.107681168	0.213094037	9030
-0.0748942795	0.231544823	9031
-0.0418461472	0.246122901	9032
-0.00881266208	0.257629455	9033
0.0240712173	0.266690015	9034
0.0567921441	0.273811658	9035
0.0893990104	0.279388059	9036
0.121961385	0.283717681	9037
0.154545664	0.287026744	9038
0.187201337	0.28948133	9039
0.219933289	0.291208301	9040
0.252770225	0.292307141	9041
0.285689864	0.292858118	9042
0.318649417	0.292925055	9043
0.35158884	0.292563248	9044
0.384435489	0.291824275	9045
0.417107203	0.290753371	9046
0.449515091	0.289394407	9047
0.4815655	0.287786057	9048
0.513163172	0.285968505	9049
0.544213304	0.28397642	9050
0.574622317	0.281842647	9051
0.604300907	0.279599387	9052
0.633164822	0.277273806	9053
0.661137081	0.274893937	9054
0.688148944	0.272482357	9055
0.714141041	0.270061218	9056
0.739065351	0.267649636	9057
0.762885586	0.265263498	9058
0.785580992	0.262920138	9059
0.807147612	0.260631051	9060
0.827599291	0.258406808	9061
0.846971471	0.256256479	9062
0.865322004	0.254183788	9063
0.882733078	0.252190415	9064
0.899311687	0.250270488	9065
0.915187067	0.248410217	9066
0.930507747	0.246585697	9067
0.945435361	0.244758692	9068
0.960136036	0.242874277	9069
0.974772249	0.240859047	9070
0.98949568	0.238619016	9071
1.00444017	0.236038014	9072
1.01971648	0.232979205	9073
1.03541187	0.229286709	9074
1.05158975	0.224780674	9075
1.06828148	0.21925091	9076
1.08547563	0.212461822	9077
1.10310997	0.204163907	9078
1.12106076	0.194104733	9079
1.13914991	0.182006164	9080
1.15708678	0.167600785	9081
1.17440936	0.150695396	9082
1.19060912	0.131162549	9083
1.205118	0.109009722	9084
1.21737173	0.0843915623	9085
1.22671654	0.0575946782	9086
1.23256477	0.0292216473	9087
1.26972102	3.189965e-10	9088
1.26755017	-0.0324670134	9089
1.26125611	-0.0640373249	9090
1.25118429	-0.0939394699	9091
1.23794525	-0.121530366	9092
1.22222209	-0.146490354	9093
1.20461296	-0.168639225	9094
1.18572046	-0.187954383	9095
1.16608655	-0.204556222	9096
1.14616495	-0.218676475	9097
1.12636163	-0.230491614	9098
1.10684551	-0.240334839	9099
1.0877648	-0.248470141	9100
1.06920224	-0.255160763	9101
1.05118765	-0.260656455	9102
1.03370706	-0.265181429	9103
1.01671405	-0.268929455	9104
1.00013848	-0.272070278	9105
0.983887314	-0.274754642	9106
0.967844848	-0.277112888	9107
0.951876525	-0.27925364	9108
0.935833691	-0.281265312	9109
0.919558301	-0.283217657	9110
0.902889393	-0.285162704	9111
0.885671476	-0.287136281	9112
0.86776184	-0.289161725	9113
0.849035474	-0.291252026	9114
0.829390039	-0.293410488	9115
0.808747216	-0.295636729	9116
0.787052063	-0.297923856	9117
0.764273025	-0.300262724	9118
0.740398192	-0.302642792	9119
0.715434499	-0.305047414	9120
0.689406313	-0.307461185	9121
0.662351193	-0.309865455	9122
0.634319427	-0.312238251	9123
0.605371717	-0.314557206	9124
0.575577747	-0.316794388	9125
0.545014945	-0.318922449	9126
0.513765985	-0.320908818	9127
0.481917729	-0.322719969	9128
0.449557723	-0.324320151	9129
0.416773286	-0.325667554	9130
0.383649138	-0.326721162	9131
0.350263948	-0.327433783	9132
0.316688239	-0.327755544	9133
0.282981496	-0.327628471	9134
0.249189071	-0.326988529	9135
0.215337532	-0.325760058	9136
0.18142846	-0.323846316	9137
0.147409149	-0.321124512	9138
0.113266102	-0.317441512	9139
0.078936866	-0.312596184	9140
0.044348227	-0.306319214	9141
0.00943363108	-0.298261042	9142
-0.0258388102	-0.287970086	9143
-0.0614201895	-0.274877627	9144
-0.0971172789	-0.258297824	9145
-0.132597924	-0.237348266	9146
-0.166986723	-0.211283535	9147
-0.199036895	-0.179432038	9148
-0.227022159	-0.141453792	9149
-0.248830121	-0.097739841	9150
-0.262505963	-0.0497708797	9151
-0.267075947	-3.1705329e-08	9152
-0.262505974	0.0497708177	9153
-0.248830142	0.0977397828	9154
-0.22702219	0.141453739	9155
-0.199036937	0.179431987	9156
-0.166986785	0.211283477	9157
-0.132598014	0.237348265	9158
-0.0971173219	0.258297946	9159
-0.0614201482	0.274877622	9160
-0.0258388044	0.287970091	9161
0.00943363298	0.298261042	9162
0.0443482246	0.306319214	9163
0.0789368615	0.312596184	9164
0.113266096	0.317441511	9165
0.147409142	0.321124511	9166
0.181428452	0.323846316	9167
0.215337525	0.325760058	9168
0.249189063	0.326988529	9169
0.282981489	0.327628471	9170
0.316688232	0.327755544	9171
0.350263941	0.327433783	9172
0.383649132	0.326721162	9173
0.416773281	0.325667554	9174
0.449557719	0.324320151	9175
0.481917726	0.32271997	9176
0.513765983	0.320908818	9177
0.545014945	0.318922449	9178
0.57557775	0.316794388	9179
0.60537173	0.314557211	9180
0.634319435	0.312238224	9181
0.662351174	0.309865419	9182
0.68940629	0.307461194	9183
0.715434485	0.305047412	9184
0.74039818	0.302642794	9185
0.764273016	0.300262724	9186
0.787052056	0.297923857	9187
0.808747209	0.295636729	9188
0.829390033	0.293410489	9189
0.84903547	0.291252026	9190
0.867761837	0.289161725	9191
0.885671473	0.287136281	9192
0.90288939	0.285162704	9193
0.919558298	0.283217657	9194
0.935833689	0.281265313	9195
0.951876523	0.27925364	9196
0.967844846	0.277112888	9197
0.983887312	0.274754643	9198
1.00013847	0.272070278	9199
1.01671405	0.268929455	9200
1.03370706	0.265181429	9201
1.05118765	0.260656455	9202
1.06920224	0.255160763	9203
1.08776479	0.248470141	9204
1.10684551	0.240334839	9205
1.12636163	0.230491614	9206
1.14616495	0.218676476	9207
1.16608655	0.204556223	9208
1.18572046	0.187954384	9209
1.20461296	0.168639225	9210
1.22222209	0.146490355	9211
1.23794525	0.121530367	9212
1.25118429	0.0939394706	9213
1.26125611	0.0640373255	9214
1.26755017	0.032467014	9215
1.31011897	3.91967405e-10	9216
1.30778689	-0.0360714791	9217
1.30101434	-0.0711957151	9218
1.29016148	-0.104555013	9219
1.2758623	-0.135463563	9220
1.25883014	-0.163566333	9221
1.23969831	-0.188655243	9222
1.21910556	-0.210690645	9223
1.19762906	-0.229784379	9224
1.17575557	-0.246166273	9225
1.15388412	-0.260048146	9226
1.13230497	-0.271681312	9227
1.11114805	-0.281389885	9228
1.09051801	-0.289450986	9229
1.07046405	-0.296128898	9230
1.05098983	-0.301662476	9231
1.03206522	-0.306260144	9232
1.01363579	-0.310106123	9233
0.995624558	-0.313365295	9234
0.977932905	-0.316181941	9235
0.960443858	-0.31867877	9236
0.943025318	-0.320958683	9237
0.925532578	-0.32310622	9238
0.90781259	-0.325187995	9239
0.889710823	-0.327253457	9240
0.871078157	-0.329337847	9241
0.851776566	-0.331463866	9242
0.831686006	-0.33364221	9243
0.810707773	-0.335877811	9244
0.788765709	-0.338167432	9245
0.765807683	-0.340504357	9246
0.74180242	-0.342879662	9247
0.716739283	-0.345277785	9248
0.690626943	-0.347684066	9249
0.663488842	-0.35008038	9250
0.635362724	-0.352445117	9251
0.606297957	-0.35475611	9252
0.576353905	-0.356985453	9253
0.545598388	-0.359105585	9254
0.514104829	-0.361083419	9255
0.481950926	-0.362884515	9256
0.449214625	-0.364471667	9257
0.415973048	-0.3658009	9258
0.382299774	-0.366828085	9259
0.348261084	-0.367501648	9260
0.313913761	-0.367765656	9261
0.279302154	-0.367553862	9262
0.244455178	-0.366791081	9263
0.209381819	-0.36538679	9264
0.17405872	-0.363223228	9265
0.138411662	-0.360149632	9266
0.102421303	-0.355982119	9267
0.0660154211	-0.350479182	9268
0.0291189108	-0.343323148	9269
-0.00832506707	-0.334108667	9270
-0.0463231019	-0.322322725	9271
-0.0847812164	-0.307333201	9272
-0.123438082	-0.28839467	9273
-0.161899047	-0.264539613	9274
-0.199114829	-0.235056902	9275
-0.233732184	-0.199262263	9276
-0.263894595	-0.156853217	9277
-0.287368868	-0.108288482	9278
-0.302097853	-0.0551423855	9279
-0.307029952	-3.50187971e-08	9280
-0.302097865	0.0551423171	9281
-0.287368891	0.108288418	9282
-0.263894628	0.156853159	9283
-0.233732228	0.199262209	9284
-0.199114894	0.235056841	9285
-0.16189914	0.264539607	9286
-0.123438126	0.288394791	9287
-0.084781175	0.307333196	9288
-0.0463230975	0.32232273	9289
-0.00832506615	0.334108667	9290
0.0291189078	0.343323148	9291
0.0660154163	0.350479182	9292
0.102421297	0.355982118	9293
0.138411655	0.360149632	9294
0.174058712	0.363223228	9295
0.209381812	0.36538679	9296
0.244455171	0.366791081	9297
0.279302147	0.367553862	9298
0.313913754	0.367765656	9299
0.348261078	0.367501649	9300
0.382299768	0.366828085	9301
0.415973043	0.365800901	9302
0.449214621	0.364471668	9303
0.481950923	0.362884515	9304
0.514104828	0.36108342	9305
0.545598389	0.359105585	9306
0.576353909	0.356985452	9307
0.606297971	0.354756115	9308
0.635362734	0.35244509	9309
0.663488822	0.350080344	9310
0.690626919	0.347684075	9311
0.716739269	0.345277783	9312
0.741802408	0.342879664	9313
0.765807674	0.340504357	9314
0.788765701	0.338167433	9315
0.810707766	0.335877812	9316
0.831686	0.33364221	9317
0.851776561	0.331463866	9318
0.871078153	0.329337848	9319
0.889710819	0.327253457	9320
0.907812587	0.325187996	9321
0.925532575	0.32310622	9322
0.943025315	0.320958683	9323
0.960443855	0.31867877	9324
0.977932902	0.316181941	9325
0.995624556	0.313365296	9326
1.01363578	0.310106123	9327
1.03206522	0.306260145	9328
1.05098983	0.301662476	9329
1.07046405	0.296128899	9330
1.09051801	0.289450986	9331
1.11114805	0.281389886	9332
1.13230497	0.271681312	9333
1.15388412	0.260048147	9334
1.17575557	0.246166273	9335
1.19762906	0.229784379	9336
1.21910556	0.210690645	9337
1.23969831	0.188655243	9338
1.25883014	0.163566334	9339
1.2758623	0.135463564	9340
1.29016148	0.104555014	9341
1.30101434	0.0711957159	9342
1.30778689	0.0360714799	9343
1.35656729	4.83400685e-10	9344
1.35406233	-0.0400738926	9345
1.34677646	-0.0791474996	9346
1.33508487	-0.116354536	9347
1.31964558	-0.150964148	9348
1.30120301	-0.182583497	9349
1.28042696	-0.210974163	9350
1.25799387	-0.236077341	9351
1.23451803	-0.257994637	9352
1.21052356	-0.276950123	9353
1.18640726	-0.293192	9354
1.16255238	-0.30690911	9355
1.13911298	-0.318450009	9356
1.11620129	-0.32812182	9357
1.09388733	-0.336203555	9358
1.07219334	-0.342949216	9359
1.0511055	-0.348582659	9360
1.03058412	-0.353303432	9361
1.01056678	-0.357291222	9362
0.990970193	-0.360704514	9363
0.971693819	-0.363679933	9364
0.952622396	-0.366334399	9365
0.933627017	-0.368766781	9366
0.91456749	-0.371058248	9367
0.895297213	-0.373272583	9368
0.875668518	-0.375458516	9369
0.855537648	-0.377650705	9370
0.834772345	-0.379869787	9371
0.813256585	-0.382128464	9372
0.790893656	-0.384429231	9373
0.767609578	-0.386769415	9374
0.743351048	-0.389142858	9375
0.718086362	-0.391535844	9376
0.691804559	-0.393934936	9377
0.664510858	-0.396322812	9378
0.636226366	-0.398678356	9379
0.606985126	-0.400979634	9380
0.576832364	-0.403198713	9381
0.545822668	-0.405307687	9382
0.514016794	-0.407272719	9383
0.48148007	-0.409058088	9384
0.448277809	-0.410624608	9385
0.414474078	-0.411925383	9386
0.380128615	-0.412912138	9387
0.345292785	-0.413527532	9388
0.310007323	-0.413707747	9389
0.274299437	-0.413375935	9390
0.238180031	-0.412442839	9391
0.201639531	-0.410799508	9392
0.164624264	-0.408301443	9393
0.127044559	-0.404765367	9394
0.0888784077	-0.39997198	9395
0.0500481166	-0.393634106	9396
0.01048261	-0.385380742	9397
-0.0298577659	-0.374746598	9398
-0.0709455547	-0.361154438	9399
-0.11263215	-0.343907819	9400
-0.154600649	-0.322182049	9401
-0.196321185	-0.294984338	9402
-0.236622416	-0.261594489	9403
-0.274021363	-0.221337848	9404
-0.306528461	-0.173956506	9405
-0.331788726	-0.119982954	9406
-0.347642593	-0.0610900482	9407
-0.352960693	-3.85335429e-08	9408
-0.347642606	0.061089973	9409
-0.331788751	0.119982884	9410
-0.306528496	0.173956443	9411
-0.274021409	0.221337789	9412
-0.236622484	0.261594423	9413
-0.196321283	0.294984328	9414
-0.154600697	0.322182167	9415
-0.112632109	0.343907814	9416
-0.0709455523	0.361154441	9417
-0.0298577663	0.374746597	9418
0.0104826062	0.385380742	9419
0.0500481113	0.393634105	9420
0.0888784012	0.399971979	9421
0.127044552	0.404765367	9422
0.164624257	0.408301442	9423
0.201639523	0.410799507	9424
0.238180023	0.412442839	9425
0.274299429	0.413375935	9426
0.310007316	0.413707747	9427
0.345292779	0.413527532	9428
0.38012861	0.412912138	9429
0.414474073	0.411925383	9430
0.448277805	0.410624608	9431
0.481480067	0.409058088	9432
0.514016793	0.407272719	9433
0.545822669	0.405307687	9434
0.576832368	0.403198713	9435
0.606985142	0.400979639	9436
0.636226377	0.398678329	9437
0.664510838	0.396322777	9438
0.691804534	0.393934945	9439
0.718086348	0.391535842	9440
0.743351036	0.38914286	9441
0.767609568	0.386769416	9442
0.790893647	0.384429231	9443
0.813256577	0.382128464	9444
0.834772339	0.379869788	9445
0.855537643	0.377650705	9446
0.875668513	0.375458517	9447
0.895297209	0.373272584	9448
0.914567486	0.371058248	9449
0.933627014	0.368766782	9450
0.952622393	0.366334399	9451
0.971693817	0.363679933	9452
0.99097019	0.360704514	9453
1.01056678	0.357291223	9454
1.03058412	0.353303433	9455
1.05110549	0.34858266	9456
1.07219334	0.342949217	9457
1.09388733	0.336203556	9458
1.11620129	0.328121821	9459
1.13911297	0.318450009	9460
1.16255238	0.30690911	9461
1.18640726	0.293192001	9462
1.21052356	0.276950124	9463
1.23451803	0.257994638	9464
1.25799387	0.236077341	9465
1.28042695	0.210974164	9466
1.30120301	0.182583498	9467
1.31964558	0.150964149	9468
1.33508487	0.116354537	9469
1.34677646	0.0791475005	9470
1.35406233	0.0400738936	9471
1.40997214	5.97819437e-10	9472
1.40728189	-0.0445172219	9473
1.39944556	-0.0879785797	9474
1.38685368	-0.129466781	9475
1.37018883	-0.168203529	9476
1.35022736	-0.203755615	9477
1.32767677	-0.23585166	9478
1.30325288	-0.264411407	9479
1.27760894	-0.289524354	9480
1.25130845	-0.311407368	9481
1.22478619	-0.330307313	9482
1.1983982	-0.34647162	9483
1.17245217	-0.36013995	9484
1.14702552	-0.371697416	9485
1.12221088	-0.381437798	9486
1.09805039	-0.389630582	9487
1.07454729	-0.39651572	9488
1.05167653	-0.402308972	9489
1.02938924	-0.40720572	9490
1.00761587	-0.411379341	9491
0.986270511	-0.414980702	9492
0.9652534	-0.418140672	9493
0.944451419	-0.420972083	9494
0.923739273	-0.423570258	9495
0.902982719	-0.426013273	9496
0.882042048	-0.428363956	9497
0.860775391	-0.430670343	9498
0.839045676	-0.432965111	9499
0.8167255	-0.435271194	9500
0.793701331	-0.437599296	9501
0.769878708	-0.439952972	9502
0.745181571	-0.442330577	9503
0.719554817	-0.444721541	9504
0.69296445	-0.447114532	9505
0.665393393	-0.449493586	9506
0.636841722	-0.451838374	9507
0.607323637	-0.454127296	9508
0.576865714	-0.45633233	9509
0.545504918	-0.45842502	9510
0.513285115	-0.460370419	9511
0.480255266	-0.462130995	9512
0.446464285	-0.463664824	9513
0.411959686	-0.464921064	9514
0.376784153	-0.46584593	9515
0.340971247	-0.466374534	9516
0.304543177	-0.466432914	9517
0.267508036	-0.465930797	9518
0.229857399	-0.464761437	9519
0.191562636	-0.462793406	9520
0.152533052	-0.459848352	9521
0.112673915	-0.455706727	9522
0.0719635754	-0.450109034	9523
0.0303240478	-0.442717358	9524
-0.0123050868	-0.433102848	9525
-0.055938388	-0.420736756	9526
-0.100505476	-0.40497556	9527
-0.14579372	-0.385058296	9528
-0.191427545	-0.360074571	9529
-0.236717126	-0.329028616	9530
-0.280374672	-0.291186093	9531
-0.320779824	-0.24589158	9532
-0.355807226	-0.192938852	9533
-0.382979025	-0.132940355	9534
-0.400033061	-0.0676725111	9535
-0.405762231	-4.22606664e-08	9536
-0.400033074	0.0676724287	9537
-0.382979051	0.132940278	9538
-0.355807263	0.192938783	9539
-0.320779873	0.245891518	9540
-0.280374742	0.291186023	9541
-0.236717228	0.3290286	9542
-0.191427596	0.360074686	9543
-0.145793681	0.38505829	9544
-0.100505476	0.404975561	9545
-0.0559383901	0.420736755	9546
-0.0123050917	0.433102847	9547
0.0303240418	0.442717357	9548
0.0719635683	0.450109033	9549
0.112673908	0.455706727	9550
0.152533044	0.459848351	9551
0.191562628	0.462793406	9552
0.229857391	0.464761437	9553
0.267508028	0.465930797	9554
0.30454317	0.466432914	9555
0.34097124	0.466374534	9556
0.376784147	0.46584593	9557
0.411959681	0.464921065	9558
0.446464282	0.463664824	9559
0.480255264	0.462130995	9560
0.513285115	0.460370419	9561
0.545504919	0.45842502	9562
0.576865717	0.45633233	9563
0.607323653	0.454127301	9564
0.636841735	0.451838347	9565
0.665393371	0.44949355	9566
0.692964425	0.447114541	9567
0.719554804	0.444721539	9568
0.745181559	0.442330579	9569
0.769878697	0.439952972	9570
0.793701322	0.437599297	9571
0.816725492	0.435271195	9572
0.839045669	0.432965111	9573
0.860775385	0.430670343	9574
0.882042042	0.428363957	9575
0.902982714	0.426013274	9576
0.923739268	0.423570259	9577
0.944451415	0.420972083	9578
0.965253397	0.418140673	9579
0.986270507	0.414980703	9580
1.00761586	0.411379341	9581
1.02938924	0.407205721	9582
1.05167653	0.402308973	9583
1.07454728	0.396515721	9584
1.09805039	0.389630583	9585
1.12221088	0.381437799	9586
1.14702552	0.371697417	9587
1.17245217	0.360139951	9588
1.1983982	0.346471622	9589
1.22478619	0.330307314	9590
1.25130845	0.311407369	9591
1.27760894	0.289524355	9592
1.30325288	0.264411408	9593
1.32767676	0.235851662	9594
1.35022736	0.203755616	9595
1.37018883	0.16820353	9596
1.38685368	0.129466782	9597
1.39944556	0.0879785809	9598
1.40728189	0.0445172231	9599
1.47137539	7.40267022e-10	9600
1.46848663	-0.0494490738	9601
1.46006023	-0.0977841486	9602
1.44650238	-0.144034461	9603
1.42852063	-0.187371788	9604
1.40692413	-0.227319869	9605
1.38245927	-0.263571591	9606
1.35588288	-0.296022749	9607
1.32788911	-0.32474864	9608
1.29908287	-0.349957288	9609
1.26993887	-0.371893176	9610
1.24082536	-0.390830534	9611
1.21208496	-0.407005227	9612
1.1838892	-0.420762495	9613
1.15631098	-0.432454092	9614
1.129414	-0.44236521	9615
1.10321971	-0.450752414	9616
1.0777183	-0.457848436	9617
1.05287427	-0.463865247	9618
1.02863089	-0.468991995	9619
1.00491525	-0.473394508	9620
0.981641171	-0.477218011	9621
0.958709785	-0.480589337	9622
0.936010316	-0.48361771	9623
0.913422357	-0.486395167	9624
0.890817876	-0.488998566	9625
0.868062711	-0.491489812	9626
0.84502212	-0.493914839	9627
0.821564635	-0.496308714	9628
0.797566185	-0.498692679	9629
0.772916229	-0.501078951	9630
0.747518083	-0.503472656	9631
0.721293192	-0.505868246	9632
0.694182664	-0.508257924	9633
0.66614394	-0.510628072	9634
0.637152012	-0.512959755	9635
0.607196637	-0.515231978	9636
0.576280896	-0.517416634	9637
0.544419195	-0.519484463	9638
0.511633648	-0.521398927	9639
0.477952173	-0.523119946	9640
0.443402861	-0.524601833	9641
0.40801259	-0.525788447	9642
0.371803309	-0.526618743	9643
0.334787579	-0.527018082	9644
0.296966476	-0.526899633	9645
0.258327082	-0.526156416	9646
0.218840603	-0.524660332	9647
0.178459328	-0.522253052	9648
0.1370475	-0.518713699	9649
0.0945203011	-0.513784299	9650
0.0508585128	-0.507160208	9651
0.00598959878	-0.498448085	9652
-0.040129229	-0.487157244	9653
-0.0874794211	-0.472692589	9654
-0.135938927	-0.454342889	9655
-0.185222026	-0.431283046	9656
-0.234887948	-0.402513861	9657
-0.284073311	-0.367050929	9658
-0.331370313	-0.324148703	9659
-0.375016531	-0.273178124	9660
-0.412748005	-0.213991873	9661
-0.441962801	-0.147288716	9662
-0.460295867	-0.0749538749	9663
-0.466462372	-4.62126596e-08	9664
-0.460295882	0.0749537848	9665
-0.441962828	0.147288632	9666
-0.412748044	0.213991799	9667
-0.375016582	0.273178057	9668
-0.331370386	0.324148629	9669
-0.284073417	0.367050908	9670
-0.234888002	0.402513973	9671
-0.185221989	0.431283038	9672
-0.135938931	0.454342889	9673
-0.0874794253	0.472692586	9674
-0.0401292353	0.487157243	9675
0.00598959182	0.498448084	9676
0.0508585051	0.507160207	9677
0.0945202929	0.513784298	9678
0.137047492	0.518713699	9679
0.17845932	0.522253052	9680
0.218840595	0.524660332	9681
0.258327074	0.526156416	9682
0.296966469	0.526899633	9683
0.334787573	0.527018083	9684
0.371803303	0.526618743	9685
0.408012585	0.525788447	9686
0.443402857	0.524601833	9687
0.477952171	0.523119946	9688
0.511633647	0.521398928	9689
0.544419196	0.519484463	9690
0.576280898	0.517416633	9691
0.607196654	0.515231983	9692
0.637152025	0.512959728	9693
0.666143919	0.510628036	9694
0.694182639	0.508257933	9695
0.72129318	0.505868244	9696
0.747518071	0.503472658	9697
0.772916219	0.501078952	9698
0.797566175	0.49869268	9699
0.821564626	0.496308715	9700
0.845022112	0.49391484	9701
0.868062704	0.491489812	9702
0.890817869	0.488998567	9703
0.913422351	0.486395168	9704
0.936010311	0.483617711	9705
0.95870978	0.480589338	9706
0.981641167	0.477218012	9707
1.00491525	0.473394509	9708
1.02863089	0.468991996	9709
1.05287427	0.463865248	9710
1.0777183	0.457848437	9711
1.1032197	0.450752415	9712
1.129414	0.442365211	9713
1.15631098	0.432454094	9714
1.1838892	0.420762497	9715
1.21208496	0.407005228	9716
1.24082536	0.390830535	9717
1.26993886	0.371893178	9718
1.29908287	0.34995729	9719
1.32788911	0.324748641	9720
1.35588288	0.29602275	9721
1.38245927	0.263571592	9722
1.40692413	0.227319871	9723
1.42852063	0.18737179	9724
1.44650237	0.144034463	9725
1.46006023	0.0977841501	9726
1.46848663	0.0494490753	9727
1.54197498	9.16185882e-10	9728
1.53887358	-0.0549223529	9729
1.52981483	-0.108670012	9730
1.5152208	-0.160216248	9731
1.49582448	-0.208680353	9732
1.47246849	-0.25354022	9733
1.44593934	-0.294450064	9734
1.41703643	-0.331279046	9735
1.38649679	-0.364085933	9736
1.35496883	-0.393068054	9737
1.32296921	-0.418466285	9738
1.29090411	-0.440558756	9739
1.25907447	-0.459656088	9740
1.22783228	-0.475971704	9741
1.19720291	-0.489949903	9742
1.1672733	-0.501891775	9743
1.13808446	-0.512070949	9744
1.10964282	-0.52073778	9745
1.08192677	-0.528121603	9746
1.05489222	-0.534428194	9747
1.02847837	-0.539839198	9748
1.00261101	-0.544514935	9749
0.977203569	-0.548596709	9750
0.952158098	-0.552207784	9751
0.927367226	-0.555454016	9752
0.902715409	-0.558426043	9753
0.878079043	-0.561199549	9754
0.853330608	-0.563834088	9755
0.828340984	-0.566377849	9756
0.802982531	-0.568864251	9757
0.777135072	-0.571316293	9758
0.750686245	-0.573748199	9759
0.723536935	-0.576161686	9760
0.695604078	-0.578554435	9761
0.666818411	-0.580916685	9762
0.637127113	-0.583231938	9763
0.60649167	-0.585480394	9764
0.574887106	-0.587634034	9765
0.542300323	-0.589662593	9766
0.508726571	-0.591527372	9767
0.474167689	-0.593184824	9768
0.438626112	-0.59458421	9769
0.402103608	-0.595662393	9770
0.364597388	-0.596348932	9771
0.326095609	-0.596556814	9772
0.286575539	-0.596183194	9773
0.246001433	-0.595100711	9774
0.204323318	-0.593155723	9775
0.161474717	-0.590158354	9776
0.117265699	-0.585834915	9777
0.0716404618	-0.579889288	9778
0.0245824464	-0.57196633	9779
-0.0239695254	-0.561613029	9780
-0.074033636	-0.548273411	9781
-0.125550383	-0.531283693	9782
-0.17833761	-0.509864038	9783
-0.232027835	-0.483126035	9784
-0.286107576	-0.449979823	9785
-0.339529634	-0.409465189	9786
-0.390761509	-0.360829079	9787
-0.43789399	-0.303476057	9788
-0.478521558	-0.237325131	9789
-0.509916803	-0.163168004	9790
-0.529611369	-0.0830041929	9791
-0.53624267	-5.04032643e-08	9792
-0.529611384	0.0830040946	9793
-0.509916833	0.163167913	9794
-0.478521599	0.23732505	9795
-0.437894042	0.303475985	9796
-0.390761585	0.360829001	9797
-0.339529745	0.409465162	9798
-0.286107634	0.449979931	9799
-0.2320278	0.483126025	9800
-0.178337617	0.509864035	9801
-0.12555039	0.531283689	9802
-0.0740336439	0.548273409	9803
-0.0239695335	0.561613027	9804
0.0245824378	0.571966328	9805
0.071640453	0.579889287	9806
0.11726569	0.585834915	9807
0.161474708	0.590158354	9808
0.20432331	0.593155723	9809
0.246001426	0.595100711	9810
0.286575532	0.596183194	9811
0.326095603	0.596556814	9812
0.364597383	0.596348932	9813
0.402103604	0.595662393	9814
0.438626109	0.59458421	9815
0.474167687	0.593184824	9816
0.50872657	0.591527372	9817
0.542300323	0.589662593	9818
0.574887107	0.587634033	9819
0.606491685	0.585480399	9820
0.637127128	0.58323191	9821
0.66681839	0.580916649	9822
0.695604054	0.578554444	9823
0.723536925	0.576161683	9824
0.750686233	0.573748201	9825
0.777135061	0.571316294	9826
0.802982521	0.568864252	9827
0.828340974	0.56637785	9828
0.853330599	0.563834089	9829
0.878079035	0.56119955	9830
0.902715402	0.558426044	9831
0.927367219	0.555454017	9832
0.952158092	0.552207785	9833
0.977203563	0.54859671	9834
1.002611	0.544514936	9835
1.02847837	0.539839199	9836
1.05489222	0.534428195	9837
1.08192676	0.528121605	9838
1.10964281	0.520737782	9839
1.13808445	0.512070951	9840
1.1672733	0.501891776	9841
1.19720291	0.489949904	9842
1.22783227	0.475971706	9843
1.25907447	0.45965609	9844
1.2909041	0.440558758	9845
1.32296921	0.418466287	9846
1.35496883	0.393068056	9847
1.38649679	0.364085935	9848
1.41703643	0.331279047	9849
1.44593933	0.294450066	9850
1.47246849	0.253540222	9851
1.49582448	0.208680355	9852
1.5152208	0.16021625	9853
1.52981483	0.108670014	9854
1.53887358	0.0549223547	9855
1.62314821	1.13138457e-09	9856
1.61981908	-0.0609961157	9857
1.61008276	-0.120754301	9858
1.59437738	-0.178189346	9859
1.57346171	-0.232365443	9860
1.54821257	-0.282711739	9861
1.51945763	-0.328840691	9862
1.48804045	-0.370591935	9863
1.45474284	-0.40800515	9864
1.42025885	-0.441264883	9865
1.38514915	-0.470606972	9866
1.34985983	-0.496312534	9867
1.31472545	-0.518702629	9868
1.28005366	-0.538062086	9869
1.2460571	-0.554711263	9870
1.21276852	-0.569043481	9871
1.18025001	-0.581349853	9872
1.14852538	-0.591898957	9873
1.11758774	-0.600938215	9874
1.08740603	-0.608690831	9875
1.05793126	-0.615355123	9876
1.02910024	-0.621107345	9877
1.0008372	-0.626103983	9878
0.973055092	-0.630482825	9879
0.945657793	-0.634363751	9880
0.918541113	-0.637851122	9881
0.891592165	-0.641034221	9882
0.864692577	-0.643986115	9883
0.837719412	-0.646768342	9884
0.810546917	-0.649427243	9885
0.783051626	-0.651997927	9886
0.755111785	-0.654505536	9887
0.72661297	-0.65696116	9888
0.697451491	-0.659370071	9889
0.667532964	-0.66172825	9890
0.636776429	-0.664023114	9891
0.605113116	-0.666237053	9892
0.572486749	-0.668342612	9893
0.538852584	-0.670308484	9894
0.504174361	-0.672093277	9895
0.468423001	-0.67364897	9896
0.431570497	-0.67491829	9897
0.393588996	-0.675829143	9898
0.354446909	-0.676299243	9899
0.314104543	-0.676226249	9900
0.272512695	-0.675487848	9901
0.229611037	-0.673932368	9902
0.185327706	-0.67137626	9903
0.1395779	-0.667593399	9904
0.0921078012	-0.662245488	9905
0.0429128902	-0.655001688	9906
-0.00802327421	-0.645450139	9907
-0.0607447946	-0.633074353	9908
-0.115238565	-0.617250069	9909
-0.171396652	-0.597242922	9910
-0.228968763	-0.572203966	9911
-0.287497397	-0.541182618	9912
-0.346387375	-0.502998415	9913
-0.404401499	-0.456725202	9914
-0.459876281	-0.40160746	9915
-0.510750888	-0.337090832	9916
-0.554475089	-0.263168347	9917
-0.588194403	-0.180731606	9918
-0.609336639	-0.0919002119	9919
-0.616461432	-5.48474357e-08	9920
-0.609336655	0.091900105	9921
-0.588194434	0.180731507	9922
-0.554475132	0.26316826	9923
-0.510750943	0.337090755	9924
-0.45987636	0.401607377	9925
-0.404401615	0.456725168	9926
-0.346387437	0.502998518	9927
-0.287497365	0.541182604	9928
-0.228968774	0.572203959	9929
-0.171396661	0.597242916	9930
-0.115238575	0.617250065	9931
-0.0607448042	0.63307435	9932
-0.00802328392	0.645450137	9933
0.0429128805	0.655001687	9934
0.0921077915	0.662245487	9935
0.139577891	0.667593399	9936
0.185327697	0.67137626	9937
0.229611029	0.673932368	9938
0.272512687	0.675487849	9939
0.314104536	0.676226249	9940
0.354446903	0.676299244	9941
0.393588992	0.675829144	9942
0.431570494	0.674918291	9943
0.468422998	0.673648971	9944
0.50417436	0.672093277	9945
0.538852582	0.670308484	9946
0.572486747	0.668342612	9947
0.60511313	0.666237058	9948
0.636776444	0.664023086	9949
0.667532942	0.661728214	9950
0.697451468	0.659370081	9951
0.726612962	0.656961158	9952
0.755111774	0.654505538	9953
0.783051615	0.651997927	9954
0.810546906	0.649427244	9955
0.837719401	0.646768343	9956
0.864692567	0.643986116	9957
0.891592156	0.641034222	9958
0.918541105	0.637851123	9959
0.945657786	0.634363752	9960
0.973055085	0.630482826	9961
1.00083719	0.626103984	9962
1.02910024	0.621107346	9963
1.05793125	0.615355125	9964
1.08740603	0.608690832	9965
1.11758774	0.600938217	9966
1.14852537	0.591898959	9967
1.18025	0.581349855	9968
1.21276852	0.569043483	9969
1.2460571	0.554711265	9970
1.28005366	0.538062088	9971
1.31472545	0.518702631	9972
1.34985983	0.496312536	9973
1.38514914	0.470606974	9974
1.42025885	0.441264886	9975
1.45474283	0.408005152	9976
1.48804045	0.370591937	9977
1.51945762	0.328840694	9978
1.54821257	0.282711741	9979
1.57346171	0.232365445	9980
1.59437738	0.178189348	9981
1.61008276	0.120754303	9982
1.61981908	0.060996118	9983
1.71647871	1.39213e-09	9984
1.71290564	-0.06773663	9985
1.70244319	-0.13416959	9986
1.68554566	-0.198152683	9987
1.66299791	-0.25869234	9988
1.63571149	-0.315165974	9989
1.60455628	-0.367141068	9990
1.57042142	-0.414424651	9991
1.53413538	-0.457034526	9992
1.49643991	-0.49514014	9993
1.45794176	-0.528970637	9994
1.41912905	-0.558808988	9995
1.38037365	-0.58498436	9996
1.34195604	-0.607845785	9997
1.30421663	-0.62763032	9998
1.26720645	-0.644767234	9999
1.23098474	-0.659588678	10000
1.19559411	-0.672381969	10001
1.16104351	-0.683413256	10002
1.12731558	-0.692923928	10003
1.09437332	-0.701129835	10004
1.06216414	-0.708224057	10005
1.03062198	-0.714379099	10006
0.999669194	-0.719747957	10007
0.969219065	-0.724465008	10008
0.939176926	-0.728648559	10009
0.909439263	-0.732401473	10010
0.879896504	-0.735810172	10011
0.850432988	-0.738949401	10012
0.820927602	-0.741878505	10013
0.791257915	-0.744645173	10014
0.761298204	-0.747286436	10015
0.730924512	-0.74982418	10016
0.700017832	-0.752272997	10017
0.668462812	-0.754636421	10018
0.636152907	-0.75690744	10019
0.602989887	-0.75907193	10020
0.568885305	-0.761103808	10021
0.533760546	-0.762970969	10022
0.497544609	-0.764628987	10023
0.460173685	-0.76602444	10024
0.421585254	-0.76709202	10025
0.381717814	-0.767748624	10026
0.340507229	-0.767897532	10027
0.297882723	-0.767417972	10028
0.253766071	-0.766164589	10029
0.208070652	-0.763957384	10030
0.16070197	-0.760578546	10031
0.11155724	-0.755761087	10032
0.0603088466	-0.749089028	10033
0.00702809958	-0.740203904	10034
-0.0483074493	-0.728629412	10035
-0.105719596	-0.713782146	10036
-0.165157761	-0.694966915	10037
-0.226458589	-0.671377211	10038
-0.289296074	-0.642094763	10039
-0.353114833	-0.606108201	10040
-0.417227202	-0.562149198	10041
-0.480204372	-0.509331088	10042
-0.540243704	-0.446902893	10043
-0.595127764	-0.374359037	10044
-0.642158257	-0.291774608	10045
-0.678351841	-0.200148465	10046
-0.701031863	-0.101726447	10047
-0.708680149	-5.95614046e-08	10048
-0.70103188	0.101726331	10049
-0.678351874	0.200148358	10050
-0.642158303	0.291774514	10051
-0.595127821	0.374358955	10052
-0.540243785	0.446902805	10053
-0.480204493	0.509331048	10054
-0.417227269	0.562149296	10055
-0.353114805	0.606108184	10056
-0.28929609	0.642094753	10057
-0.226458602	0.671377203	10058
-0.165157773	0.69496691	10059
-0.105719607	0.713782143	10060
-0.0483074605	0.72862941	10061
0.0070280886	0.740203902	10062
0.0603088359	0.749089026	10063
0.11155723	0.755761086	10064
0.16070196	0.760578546	10065
0.208070643	0.763957384	10066
0.253766064	0.766164589	10067
0.297882717	0.767417972	10068
0.340507224	0.767897532	10069
0.381717809	0.767748624	10070
0.42158525	0.76709202	10071
0.460173682	0.766024441	10072
0.497544607	0.764628988	10073
0.533760543	0.762970969	10074
0.568885301	0.761103807	10075
0.602989898	0.759071935	10076
0.636152922	0.756907412	10077
0.66846279	0.754636385	10078
0.700017812	0.752273007	10079
0.730924507	0.749824177	10080
0.761298194	0.747286438	10081
0.791257905	0.744645174	10082
0.820927591	0.741878506	10083
0.850432977	0.738949402	10084
0.879896494	0.735810173	10085
0.909439254	0.732401474	10086
0.939176917	0.72864856	10087
0.969219057	0.724465009	10088
0.999669186	0.719747958	10089
1.03062197	0.7143791	10090
1.06216413	0.708224059	10091
1.09437332	0.701129837	10092
1.12731558	0.69292393	10093
1.1610435	0.683413258	10094
1.19559411	0.672381972	10095
1.23098474	0.659588681	10096
1.26720645	0.644767237	10097
1.30421662	0.627630322	10098
1.34195604	0.607845787	10099
1.38037365	0.584984363	10100
1.41912905	0.558808991	10101
1.45794176	0.52897064	10102
1.49643991	0.495140143	10103
1.53413537	0.457034529	10104
1.57042142	0.414424654	10105
1.60455628	0.367141071	10106
1.63571149	0.315165977	10107
1.66299791	0.258692342	10108
1.68554566	0.198152686	10109
1.70244319	0.134169593	10110
1.71290564	0.0677366328	10111
1.82378725	1.70534404e-09	10112
1.81995279	-0.0752187145	10113
1.8087118	-0.149065584	10114
1.79053487	-0.220330938	10115
1.7662331	-0.287960761	10116
1.73675329	-0.35127768	10117
1.70300833	-0.409800861	10118
1.66593429	-0.463301474	10119
1.62640805	-0.511772424	10120
1.58522108	-0.555365497	10121
1.54302822	-0.594301251	10122
1.50036168	-0.62886312	10123
1.45763292	-0.659387231	10124
1.41515854	-0.686233075	10125
1.3732201	-0.709724511	10126
1.3320817	-0.730144525	10127
1.29173632	-0.747930726	10128
1.25224697	-0.76338952	10129
1.2136398	-0.776806271	10130
1.17591228	-0.788441176	10131
1.13903999	-0.798528375	10132
1.10298104	-0.807278618	10133
1.06767866	-0.814881285	10134
1.03306365	-0.82150538	10135
0.999057175	-0.82730045	10136
0.965572279	-0.832399227	10137
0.932512921	-0.836918399	10138
0.899776718	-0.840957752	10139
0.867254414	-0.844605077	10140
0.834829816	-0.8479325	10141
0.802383247	-0.851000173	10142
0.769788266	-0.853857152	10143
0.736915894	-0.856536629	10144
0.70363706	-0.859063419	10145
0.669820769	-0.861449811	10146
0.635339617	-0.863695704	10147
0.600069447	-0.865791714	10148
0.563891699	-0.867714099	10149
0.526694405	-0.869430468	10150
0.488370998	-0.870893303	10151
0.448821078	-0.87204312	10152
0.407945077	-0.872805286	10153
0.365644967	-0.873083793	10154
0.321821142	-0.872765021	10155
0.276369046	-0.871706769	10156
0.229179196	-0.869737161	10157
0.180137068	-0.866644002	10158
0.129124721	-0.862171033	10159
0.0760214818	-0.856006015	10160
0.0204159559	-0.847641171	10161
-0.0375182521	-0.836701596	10162
-0.0978197778	-0.82263663	10163
-0.160483562	-0.804792773	10164
-0.225415995	-0.78240153	10165
-0.292391871	-0.754582934	10166
-0.361002369	-0.7203494	10167
-0.430586754	-0.678630366	10168
-0.500352266	-0.628075662	10169
-0.568681442	-0.567838022	10170
-0.633622477	-0.497180447	10171
-0.692796269	-0.415654145	10172
-0.74335294	-0.323424677	10173
-0.782178344	-0.221605967	10174
-0.806490662	-0.112576621	10175
-0.8146939	-6.456282e-08	10176
-0.806490681	0.112576495	10177
-0.782178379	0.22160585	10178
-0.743352988	0.323424576	10179
-0.692796328	0.415654058	10180
-0.633622562	0.497180354	10181
-0.568681568	0.567837974	10182
-0.500352337	0.628075753	10183
-0.430586731	0.678630344	10184
-0.36100239	0.720349385	10185
-0.292391887	0.754582923	10186
-0.22541601	0.782401523	10187
-0.160483575	0.804792769	10188
-0.0978197907	0.822636626	10189
-0.0375182646	0.836701593	10190
0.0204159439	0.847641169	10191
0.0760214706	0.856006014	10192
0.12912471	0.862171033	10193
0.180137059	0.866644002	10194
0.229179188	0.869737161	10195
0.276369038	0.871706769	10196
0.321821136	0.872765022	10197
0.365644962	0.873083793	10198
0.407945073	0.872805286	10199
0.448821075	0.87204312	10200
0.488370995	0.870893303	10201
0.526694401	0.869430467	10202
0.563891692	0.867714099	10203
0.600069455	0.865791719	10204
0.63533963	0.863695677	10205
0.669820748	0.861449776	10206
0.703637042	0.859063428	10207
0.736915892	0.856536626	10208
0.769788256	0.853857154	10209
0.802383236	0.851000174	10210
0.834829804	0.847932501	10211
0.867254403	0.844605078	10212
0.899776707	0.840957753	10213
0.932512911	0.8369184	10214
0.96557227	0.832399228	10215
0.999057166	0.827300451	10216
1.03306364	0.821505382	10217
1.06767865	0.814881287	10218
1.10298103	0.80727862	10219
1.13903998	0.798528377	10220
1.17591227	0.788441179	10221
1.2136398	0.776806273	10222
1.25224696	0.763389523	10223
1.29173632	0.747930728	10224
1.33208169	0.730144528	10225
1.37322009	0.709724514	10226
1.41515854	0.686233078	10227
1.45763291	0.659387234	10228
1.50036168	0.628863123	10229
1.54302822	0.594301255	10230
1.58522107	0.5553655	10231
1.62640805	0.511772427	10232
1.66593429	0.463301478	10233
1.70300833	0.409800865	10234
1.73675329	0.351277683	10235
1.7662331	0.287960764	10236
1.79053487	0.220330941	10237
1.8087118	0.149065587	10238
1.81995278	0.075218718	10239
1.94716731	2.07885995e-09	10240
1.94305249	-0.0835274133	10241
1.93097609	-0.16561246	10242
1.91142493	-0.244979562	10243
1.88523647	-0.320511567	10244
1.85339305	-0.391473206	10245
1.81685131	-0.457331893	10246
1.77659539	-0.51781951	10247
1.73355221	-0.572900819	10248
1.68856478	-0.622707137	10249
1.64233802	-0.667448277	10250
1.59545024	-0.707406451	10251
1.54835476	-0.742923302	10252
1.50140672	-0.774367588	10253
1.45488215	-0.802110455	10254
1.40910111	-0.826416451	10255
1.36415487	-0.847689565	10256
1.32007366	-0.866305028	10257
1.27690248	-0.882567701	10258
1.23465492	-0.896757033	10259
1.19332016	-0.909126045	10260
1.15286757	-0.919903871	10261
1.11324982	-0.929297522	10262
1.07440577	-0.937492772	10263
1.03626364	-0.944655047	10264
0.998742812	-0.950932104	10265
0.961753034	-0.956454878	10266
0.925197272	-0.961336718	10267
0.888970994	-0.965678429	10268
0.852961769	-0.969564688	10269
0.817052433	-0.973067742	10270
0.781116848	-0.976248304	10271
0.745023432	-0.979150637	10272
0.708636776	-0.981809793	10273
0.671814987	-0.984247131	10274
0.634415028	-0.986470047	10275
0.596291908	-0.988474655	10276
0.557301334	-0.990240301	10277
0.517301261	-0.991734848	10278
0.476151551	-0.992907857	10279
0.433716001	-0.993693444	10280
0.389857757	-0.994006747	10281
0.344441259	-0.993737359	10282
0.297329945	-0.992752676	10283
0.248383816	-0.990886441	10284
0.197460552	-0.987937153	10285
0.144416444	-0.983656896	10286
0.0891093321	-0.977747127	10287
0.0313681951	-0.969833018	10288
-0.029215254	-0.959339868	10289
-0.0924336543	-0.945852092	10290
-0.158323579	-0.928745385	10291
-0.226849327	-0.907293184	10292
-0.297869396	-0.88065151	10293
-0.371090897	-0.847865825	10294
-0.446015613	-0.807879452	10295
-0.52187042	-0.759564436	10296
-0.597743348	-0.701498364	10297
-0.671835259	-0.632867306	10298
-0.742033664	-0.552960336	10299
-0.805792729	-0.461393746	10300
-0.860107413	-0.358432392	10301
-0.901730729	-0.245313526	10302
-0.927774952	-0.124555464	10303
-0.93656629	-6.98709572e-08	10304
-0.927774971	0.124555328	10305
-0.901730765	0.2453134	10306
-0.860107463	0.358432282	10307
-0.805792791	0.461393653	10308
-0.742033751	0.552960237	10309
-0.67183539	0.632867249	10310
-0.597743425	0.701498447	10311
-0.521870403	0.759564408	10312
-0.44601564	0.807879431	10313
-0.371090917	0.84786581	10314
-0.297869414	0.880651501	10315
-0.226849343	0.907293178	10316
-0.158323594	0.928745381	10317
-0.0924336688	0.945852088	10318
-0.0292152677	0.959339866	10319
0.0313681823	0.969833016	10320
0.0891093204	0.977747125	10321
0.144416433	0.983656895	10322
0.197460543	0.987937152	10323
0.248383808	0.99088644	10324
0.297329938	0.992752676	10325
0.344441253	0.993737359	10326
0.389857753	0.994006747	10327
0.433715998	0.993693444	10328
0.476151548	0.992907857	10329
0.517301255	0.991734848	10330
0.557301323	0.9902403	10331
0.596291912	0.98847466	10332
0.63441504	0.98647002	10333
0.671814966	0.984247095	10334
0.70863676	0.981809802	10335
0.745023432	0.979150635	10336
0.781116838	0.976248305	10337
0.817052422	0.973067743	10338
0.852961757	0.969564689	10339
0.888970982	0.96567843	10340
0.925197261	0.961336719	10341
0.961753024	0.956454879	10342
0.998742801	0.950932106	10343
1.03626363	0.944655049	10344
1.07440576	0.937492774	10345
1.11324981	0.929297524	10346
1.15286756	0.919903873	10347
1.19332015	0.909126048	10348
1.23465491	0.896757036	10349
1.27690247	0.882567704	10350
1.32007365	0.866305031	10351
1.36415486	0.847689569	10352
1.4091011	0.826416455	10353
1.45488214	0.802110459	10354
1.50140672	0.774367592	10355
1.54835476	0.742923306	10356
1.59545024	0.707406455	10357
1.64233801	0.667448281	10358
1.68856477	0.622707141	10359
1.7335522	0.572900823	10360
1.77659539	0.517819514	10361
1.81685131	0.457331897	10362
1.85339304	0.39147321	10363
1.88523647	0.320511571	10364
1.91142493	0.244979566	10365
1.93097609	0.165612464	10366
1.94305249	0.0835274174	10367
2.08902593	2.52170196e-09	10368
2.08461003	-0.0927600334	10369
2.07163597	-0.18400495	10370
2.05060677	-0.272390897	10371
2.02238618	-0.356734909	10372
1.98799225	-0.436240686	10373
1.9484259	-0.510320364	10374
1.90472029	-0.578662957	10375
1.85785377	-0.641201612	10376
1.80872264	-0.698044102	10377
1.75808368	-0.749387043	10378
1.70656332	-0.795509419	10379
1.65465894	-0.836756589	10380
1.60276659	-0.873505063	10381
1.5511998	-0.906137087	10382
1.5002111	-0.935013885	10383
1.45011872	-0.960380942	10384
1.40087988	-0.982726183	10385
1.35256017	-1.00237401	10386
1.30519087	-1.01962333	10387
1.25877603	-1.03474643	10388
1.21329723	-1.04799134	10389
1.16871715	-1.05958328	10390
1.12498297	-1.0697254	10391
1.08202971	-1.07859962	10392
1.03978245	-1.08636926	10393
0.998155634	-1.09317996	10394
0.957056166	-1.09915891	10395
0.916382683	-1.10441998	10396
0.876025041	-1.10906023	10397
0.835867497	-1.11316361	10398
0.795783878	-1.11680193	10399
0.755640701	-1.12002987	10400
0.715298136	-1.12289209	10401
0.674606599	-1.12541856	10402
0.633411725	-1.12762391	10403
0.591552708	-1.12950974	10404
0.548864791	-1.13105863	10405
0.505180838	-1.13223893	10406
0.46033143	-1.13299738	10407
0.414147908	-1.13326155	10408
0.36645846	-1.13293584	10409
0.31709135	-1.13189443	10410
0.265873577	-1.12998422	10411
0.212629626	-1.12701286	10412
0.157183919	-1.12274669	10413
0.0993630343	-1.11689911	10414
0.0390002262	-1.10912599	10415
-0.0241587304	-1.09896928	10416
-0.0904311392	-1.08582274	10417
-0.159643448	-1.06919922	10418
-0.231814539	-1.04840254	10419
-0.306874999	-1.02263031	10420
-0.384631238	-0.990961084	10421
-0.464717481	-0.952364851	10422
-0.546540086	-0.905716285	10423
-0.629206996	-0.849832072	10424
-0.711672037	-0.783230628	10425
-0.791964399	-0.705119608	10426
-0.867798494	-0.614828791	10427
-0.936456845	-0.51204816	10428
-0.994775705	-0.397151073	10429
-1.03937321	-0.271506843	10430
-1.06725502	-0.137780833	10431
-1.07666962	-7.55070074e-08	10432
-1.06725504	0.137780685	10433
-1.03937325	0.271506707	10434
-0.994775758	0.397150955	10435
-0.936456909	0.512048061	10436
-0.867798584	0.614828687	10437
-0.791964535	0.705119543	10438
-0.71167212	0.783230703	10439
-0.629206984	0.849832036	10440
-0.546540119	0.905716257	10441
-0.464717506	0.952364833	10442
-0.384631259	0.990961072	10443
-0.306875017	1.0226303	10444
-0.231814557	1.04840253	10445
-0.159643465	1.06919921	10446
-0.0904311551	1.08582274	10447
-0.0241587452	1.09896928	10448
0.0390002128	1.10912599	10449
0.0993630223	1.11689911	10450
0.157183908	1.12274669	10451
0.212629616	1.12701286	10452
0.265873568	1.12998422	10453
0.317091343	1.13189443	10454
0.366458455	1.13293584	10455
0.414147904	1.13326155	10456
0.460331426	1.13299738	10457
0.505180832	1.13223893	10458
0.548864776	1.13105863	10459
0.591552708	1.12950974	10460
0.633411735	1.12762389	10461
0.674606578	1.12541853	10462
0.715298122	1.1228921	10463
0.755640702	1.12002987	10464
0.795783867	1.11680193	10465
0.835867485	1.11316361	10466
0.876025028	1.10906023	10467
0.916382671	1.10441998	10468
0.957056154	1.09915891	10469
0.998155622	1.09317997	10470
1.03978244	1.08636927	10471
1.0820297	1.07859962	10472
1.12498296	1.0697254	10473
1.16871714	1.05958328	10474
1.21329722	1.04799135	10475
1.25877602	1.03474644	10476
1.30519086	1.01962333	10477
1.35256016	1.00237401	10478
1.40087987	0.982726187	10479
1.45011871	0.960380946	10480
1.50021109	0.935013889	10481
1.55119979	0.906137092	10482
1.60276659	0.873505068	10483
1.65465893	0.836756593	10484
1.70656331	0.795509424	10485
1.75808368	0.749387048	10486
1.80872264	0.698044107	10487
1.85785377	0.641201617	10488
1.90472029	0.578662962	10489
1.9484259	0.510320369	10490
1.98799225	0.436240691	10491
2.02238618	0.356734914	10492
2.05060677	0.272390902	10493
2.07163597	0.184004955	10494
2.08461003	0.0927600384	10495
2.25213062	3.0444002e-09	10496
2.24739078	-0.103028571	10497
2.23345045	-0.204467186	10498
2.21082864	-0.302901436	10499
2.18041523	-0.397079904	10500
2.14326398	-0.486142106	10501
2.10042038	-0.569441304	10502
2.05296734	-0.646619917	10503
2.00193586	-0.717575777	10504
1.94827698	-0.782389758	10505
1.89280103	-0.8412425	10506
1.83618444	-0.894407368	10507
1.77897087	-0.942231243	10508
1.72159965	-0.985096488	10509
1.66442406	-1.02339505	10510
1.60771744	-1.05751412	10511
1.5517655	-1.08775912	10512
1.49671675	-1.11450302	10513
1.4425722	-1.13816734	10514
1.3893826	-1.15907039	10515
1.33716837	-1.17750384	10516
1.28592456	-1.19373486	10517
1.23562493	-1.20800721	10518
1.18622562	-1.22054182	10519
1.13766889	-1.23153748	10520
1.0898855	-1.24117352	10521
1.04279423	-1.24961055	10522
0.996305256	-1.25698982	10523
0.950319422	-1.26343834	10524
0.904727802	-1.2690654	10525
0.859415052	-1.27396625	10526
0.814254276	-1.27822318	10527
0.769109975	-1.28190049	10528
0.723838629	-1.28505151	10529
0.678284747	-1.28771383	10530
0.632285548	-1.28990844	10531
0.585668397	-1.29164165	10532
0.538252888	-1.29289877	10533
0.489852092	-1.29364823	10534
0.440272648	-1.29383374	10535
0.389318457	-1.29337606	10536
0.336787165	-1.29216845	10537
0.282474474	-1.29006907	10538
0.226173686	-1.28690336	10539
0.167675707	-1.28245149	10540
0.106772956	-1.27644584	10541
0.0432630744	-1.26855887	10542
-0.0230447181	-1.25839822	10543
-0.0925077189	-1.24540526	10544
-0.165301927	-1.22896917	10545
-0.241315635	-1.20851263	10546
-0.320548485	-1.18326461	10547
-0.402894787	-1.15234439	10548
-0.488105243	-1.11475134	10549
-0.575736559	-1.06937936	10550
-0.665094216	-1.01503518	10551
-0.755161239	-0.950482458	10552
-0.844742082	-0.874196594	10553
-0.93170617	-0.785390199	10554
-1.01358218	-0.683450602	10555
-1.08747638	-0.568150356	10556
-1.15006296	-0.439980903	10557
-1.19782324	-0.300452786	10558
-1.22765562	-0.152386143	10559
-1.23773106	-8.1494483e-08	10560
-1.22765564	0.152385984	10561
-1.19782328	0.300452639	10562
-1.15006301	0.439980775	10563
-1.08747645	0.56815025	10564
-1.01358227	0.683450492	10565
-0.931706311	0.785390125	10566
-0.844742172	0.87419666	10567
-0.755161233	0.950482415	10568
-0.665094255	1.01503515	10569
-0.575736588	1.06937934	10570
-0.488105268	1.11475133	10571
-0.402894809	1.15234438	10572
-0.320548506	1.18326461	10573
-0.241315654	1.20851262	10574
-0.165301945	1.22896917	10575
-0.092507736	1.24540525	10576
-0.0230447335	1.25839822	10577
0.0432630604	1.26855887	10578
0.106772944	1.27644584	10579
0.167675696	1.28245149	10580
0.226173676	1.28690336	10581
0.282474465	1.29006907	10582
0.336787158	1.29216845	10583
0.389318451	1.29337606	10584
0.440272643	1.29383373	10585
0.489852085	1.29364823	10586
0.538252871	1.29289877	10587
0.585668391	1.29164166	10588
0.632285555	1.28990842	10589
0.678284726	1.2877138	10590
0.723838617	1.28505152	10591
0.769109977	1.28190048	10592
0.814254263	1.27822319	10593
0.859415039	1.27396625	10594
0.904727788	1.2690654	10595
0.950319409	1.26343834	10596
0.996305243	1.25698982	10597
1.04279422	1.24961055	10598
1.08988549	1.24117352	10599
1.13766888	1.23153748	10600
1.18622561	1.22054182	10601
1.23562492	1.20800722	10602
1.28592455	1.19373486	10603
1.33716836	1.17750384	10604
1.38938259	1.15907039	10605
1.44257219	1.13816734	10606
1.49671674	1.11450302	10607
1.55176549	1.08775913	10608
1.60771744	1.05751413	10609
1.66442405	1.02339505	10610
1.72159964	0.985096494	10611
1.77897087	0.942231248	10612
1.83618444	0.894407374	10613
1.89280103	0.841242506	10614
1.94827697	0.782389764	10615
2.00193585	0.717575783	10616
2.05296734	0.646619923	10617
2.10042038	0.56944131	10618
2.14326398	0.486142112	10619
2.18041523	0.397079911	10620
2.21082863	0.302901442	10621
2.23345045	0.204467192	10622
2.24739078	0.103028577	10623
2.43966338	3.65934252e-09	10624
2.43457421	-0.11446255	10625
2.4195913	-0.227258365	10626
2.3952494	-0.336900309	10627
2.36246422	-0.442065909	10628
2.322325	-0.541827342	10629
2.27592188	-0.635475344	10630
2.22438801	-0.722601861	10631
2.16880796	-0.803065469	10632
2.11018882	-0.876916483	10633
2.04939594	-0.944316415	10634
1.98715753	-1.00553019	10635
1.92406569	-1.06090353	10636
1.86060536	-1.11082232	10637
1.79717195	-1.15568638	10638
1.73407634	-1.19589504	10639
1.67155216	-1.23183844	10640
1.60991694	-1.26378017	10641
1.54916322	-1.2921994	10642
1.48934084	-1.31745237	10643
1.4304884	-1.33984993	10644
1.37261603	-1.35967833	10645
1.31570991	-1.37719993	10646
1.25973643	-1.39265351	10647
1.20464593	-1.40625491	10648
1.15037552	-1.41819957	10649
1.09684869	-1.42866324	10650
1.04397893	-1.43780127	10651
0.991669156	-1.44575373	10652
0.939811304	-1.45264188	10653
0.888289977	-1.45857189	10654
0.836977185	-1.46363588	10655
0.785735299	-1.46790688	10656
0.734417434	-1.47144589	10657
0.682863212	-1.47429692	10658
0.630903309	-1.47648601	10659
0.578356105	-1.478023	10660
0.525029378	-1.47889474	10661
0.470721072	-1.47906884	10662
0.415219146	-1.47848513	10663
0.358305599	-1.477057	10664
0.299753059	-1.47466603	10665
0.239329865	-1.47115383	10666
0.176800272	-1.46632372	10667
0.111925561	-1.45992758	10668
0.0444693649	-1.45166267	10669
-0.0257970897	-1.44115904	10670
-0.0990866047	-1.42797431	10671
-0.175878417	-1.41143082	10672
-0.25615628	-1.39094536	10673
-0.339897003	-1.36583033	10674
-0.427079342	-1.3352374	10675
-0.51755892	-1.29820549	10676
-0.611027445	-1.25365356	10677
-0.706959937	-1.20039916	10678
-0.804556084	-1.13718221	10679
-0.902668601	-1.06271597	10680
-0.99993786	-0.975451589	10681
-1.09408632	-0.874586233	10682
-1.18244468	-0.759583369	10683
-1.26193878	-0.63030725	10684
-1.32907769	-0.487377326	10685
-1.3802042	-0.332454965	10686
-1.41210896	-0.168523148	10687
-1.42288575	-8.78597699e-08	10688
-1.41210898	0.168522976	10689
-1.38020424	0.332454806	10690
-1.32907775	0.487377188	10691
-1.26193885	0.630307136	10692
-1.18244478	0.759583252	10693
-1.09408647	0.874586149	10694
-0.999937956	0.975451644	10695
-0.902668602	1.06271592	10696
-0.804556131	1.13718217	10697
-0.706959971	1.20039913	10698
-0.611027474	1.25365354	10699
-0.517558947	1.29820547	10700
-0.427079367	1.33523739	10701
-0.339897027	1.36583032	10702
-0.256156302	1.39094535	10703
-0.175878437	1.41143081	10704
-0.0990866229	1.4279743	10705
-0.0257971062	1.44115904	10706
0.04446935	1.45166266	10707
0.111925547	1.45992758	10708
0.17680026	1.46632372	10709
0.239329855	1.47115383	10710
0.299753049	1.47466603	10711
0.358305592	1.477057	10712
0.41521914	1.47848513	10713
0.470721064	1.47906884	10714
0.525029358	1.47889474	10715
0.578356095	1.478023	10716
0.630903313	1.47648599	10717
0.68286319	1.47429688	10718
0.734417422	1.4714459	10719
0.785735301	1.46790688	10720
0.836977171	1.46363588	10721
0.888289963	1.45857189	10722
0.93981129	1.45264188	10723
0.991669142	1.44575373	10724
1.04397891	1.43780128	10725
1.09684867	1.42866324	10726
1.15037551	1.41819957	10727
1.20464592	1.40625491	10728
1.25973642	1.39265351	10729
1.3157099	1.37719994	10730
1.37261602	1.35967834	10731
1.43048839	1.33984993	10732
1.48934083	1.31745237	10733
1.54916321	1.29219941	10734
1.60991693	1.26378018	10735
1.67155216	1.23183845	10736
1.73407633	1.19589505	10737
1.79717194	1.15568639	10738
1.86060536	1.11082233	10739
1.92406568	1.06090354	10740
1.98715753	1.00553019	10741
2.04939593	0.944316422	10742
2.11018881	0.87691649	10743
2.16880796	0.803065476	10744
2.22438801	0.722601868	10745
2.27592188	0.635475351	10746
2.322325	0.541827349	10747
2.36246422	0.442065916	10748
2.3952494	0.336900316	10749
2.4195913	0.227258372	10750
2.43457421	0.114462557	10751
2.6552828	4.38118858e-09	10752
2.64981583	-0.1272123	10753
2.63370481	-0.252679306	10754
2.60749985	-0.374839076	10755
2.57214204	-0.492295527	10756
2.52875572	-0.604050337	10757
2.47847548	-0.709327995	10758
2.42248493	-0.807665942	10759
2.3619229	-0.898879292	10760
2.29785356	-0.982983796	10761
2.23119862	-1.06011826	10762
2.16273975	-1.13053583	10763
2.09311959	-1.19457789	10764
2.02287108	-1.25263095	10765
1.95243408	-1.30510039	10766
1.88215937	-1.35239583	10767
1.81231565	-1.39492144	10768
1.74313806	-1.43304379	10769
1.67486498	-1.46708007	10770
1.60746481	-1.49749743	10771
1.54099646	-1.52462531	10772
1.47548712	-1.54876862	10773
1.41093724	-1.570208	10774
1.34732506	-1.58919984	10775
1.28461051	-1.60597689	10776
1.22273825	-1.62075057	10777
1.1616375	-1.63371163	10778
1.1012259	-1.64502933	10779
1.04140905	-1.65485653	10780
0.982080175	-1.66332611	10781
0.923124144	-1.67055465	10782
0.864412148	-1.67664336	10783
0.805804763	-1.68167319	10784
0.747152265	-1.68571164	10785
0.688290297	-1.68880789	10786
0.629044424	-1.69099168	10787
0.569226182	-1.6922748	10788
0.50863452	-1.69264421	10789
0.447056111	-1.69206524	10790
0.384264877	-1.69047262	10791
0.320026192	-1.68777123	10792
0.254093386	-1.68383011	10793
0.186213355	-1.67847358	10794
0.116127148	-1.67148226	10795
0.0435719912	-1.66257913	10796
-0.0317122069	-1.65142574	10797
-0.109976196	-1.63760895	10798
-0.191479662	-1.62062116	10799
-0.276754197	-1.59968969	10800
-0.365627706	-1.57425192	10801
-0.458160196	-1.54350397	10802
-0.554307221	-1.50651863	10803
-0.653883015	-1.46225326	10804
-0.75651701	-1.40954578	10805
-0.86159862	-1.3471378	10806
-0.96821726	-1.27370408	10807
-1.07509049	-1.18791064	10808
-1.18068082	-1.08820514	10809
-1.28257666	-0.973746348	10810
-1.37789935	-0.844093737	10811
-1.46339068	-0.699212618	10812
-1.53539198	-0.539860686	10813
-1.59010606	-0.367860117	10814
-1.62421564	-0.186365119	10815
-1.63573779	-9.46328448e-08	10816
-1.62421567	0.186364935	10817
-1.5901061	0.367859945	10818
-1.53539204	0.539860537	10819
-1.46339075	0.699212495	10820
-1.37789945	0.844093612	10821
-1.28257682	0.973746253	10822
-1.18068093	1.08820518	10823
-1.0750905	1.18791058	10824
-0.968217313	1.27370403	10825
-0.86159866	1.34713777	10826
-0.756517044	1.40954576	10827
-0.653883046	1.46225324	10828
-0.55430725	1.50651862	10829
-0.458160224	1.54350396	10830
-0.365627731	1.57425191	10831
-0.27675422	1.59968968	10832
-0.191479684	1.62062115	10833
-0.109976215	1.63760895	10834
-0.0317122247	1.65142574	10835
0.0435719751	1.66257913	10836
0.116127134	1.67148225	10837
0.186213342	1.67847357	10838
0.254093374	1.6838301	10839
0.320026182	1.68777123	10840
0.384264869	1.69047262	10841
0.447056101	1.69206524	10842
0.508634497	1.69264421	10843
0.569226168	1.6922748	10844
0.629044424	1.69099165	10845
0.688290275	1.68880786	10846
0.747152254	1.68571164	10847
0.805804763	1.68167318	10848
0.864412131	1.67664336	10849
0.923124128	1.67055465	10850
0.982080159	1.66332612	10851
1.04140903	1.65485653	10852
1.10122589	1.64502934	10853
1.16163748	1.63371164	10854
1.22273823	1.62075057	10855
1.2846105	1.60597689	10856
1.34732505	1.58919984	10857
1.41093723	1.570208	10858
1.4754871	1.54876863	10859
1.54099645	1.52462531	10860
1.6074648	1.49749744	10861
1.67486497	1.46708008	10862
1.74313805	1.4330438	10863
1.81231564	1.39492145	10864
1.88215936	1.35239584	10865
1.95243407	1.30510039	10866
2.02287107	1.25263096	10867
2.09311958	1.1945779	10868
2.16273974	1.13053584	10869
2.23119861	1.06011827	10870
2.29785355	0.982983805	10871
2.3619229	0.898879301	10872
2.42248492	0.807665951	10873
2.47847548	0.709328004	10874
2.52875571	0.604050346	10875
2.57214204	0.492295536	10876
2.60749985	0.374839085	10877
2.63370481	0.252679315	10878
2.64981583	0.127212309	10879
2.90319539	5.22736998e-09	10880
2.89731847	-0.141453087	10881
2.87998269	-0.281080587	10882
2.85175314	-0.4172437	10883
2.81359566	-0.548470182	10884
2.76666914	-0.673688054	10885
2.71215224	-0.792051803	10886
2.65127896	-0.903040211	10887
2.58524281	-1.00642048	10888
2.51516581	-1.10216944	10889
2.44202718	-1.19039915	10890
2.36666363	-1.27134709	10891
2.28977041	-1.34534648	10892
2.21193085	-1.41278096	10893
2.13363173	-1.47405854	10894
2.05526622	-1.52959671	10895
1.97714068	-1.57981149	10896
1.89948959	-1.62511117	10897
1.82256518	-1.66583181	10898
1.7464891	-1.70236394	10899
1.67126695	-1.73511737	10900
1.59694537	-1.76441486	10901
1.5235414	-1.79055458	10902
1.45104725	-1.81380998	10903
1.37943441	-1.83443019	10904
1.30865694	-1.85264218	10905
1.23865146	-1.86865123	10906
1.16934123	-1.8826401	10907
1.10063589	-1.89477394	10908
1.03243119	-1.9051967	10909
0.964613347	-1.91403468	10910
0.897053746	-1.92139743	10911
0.829612174	-1.92737282	10912
0.762137124	-1.93203378	10913
0.694461483	-1.93543337	10914
0.626407218	-1.93760352	10915
0.557780997	-1.93855642	10916
0.488375523	-1.93827745	10917
0.417969519	-1.93672797	10918
0.346326946	-1.93383599	10919
0.273201349	-1.9294964	10920
0.198332237	-1.92356441	10921
0.121451065	-1.91584601	10922
0.0422820464	-1.90609829	10923
-0.0394551242	-1.89401477	10924
-0.124037809	-1.87922086	10925
-0.211732588	-1.86125993	10926
-0.302954577	-1.83949779	10927
-0.397958294	-1.81323213	10928
-0.496710885	-1.78177487	10929
-0.599260502	-1.74424786	10930
-0.70553598	-1.69964458	10931
-0.81530668	-1.64684065	10932
-0.928136091	-1.58459341	10933
-1.04332406	-1.51156978	10934
-1.15984547	-1.42638182	10935
-1.27627838	-1.32765212	10936
-1.39089481	-1.21384719	10937
-1.50116161	-1.08406313	10938
-1.60398054	-0.937976077	10939
-1.69590641	-0.775661996	10940
-1.77311067	-0.598027365	10941
-1.83165515	-0.40706552	10942
-1.86811471	-0.20611055	10943
-1.88043046	-1.0184814e-07	10944
-1.86811474	0.206110351	10945
-1.8316552	0.407065334	10946
-1.77311074	0.598027204	10947
-1.69590648	0.775661864	10948
-1.60398064	0.937975944	10949
-1.50116176	1.08406302	10950
-1.39089492	1.21384722	10951
-1.2762784	1.32765204	10952
-1.15984553	1.42638175	10953
-1.0433241	1.51156974	10954
-0.92813613	1.58459338	10955
-0.815306716	1.64684063	10956
-0.705536014	1.69964456	10957
-0.599260534	1.74424784	10958
-0.496710916	1.78177486	10959
-0.397958322	1.81323212	10960
-0.302954603	1.83949778	10961
-0.211732611	1.86125993	10962
-0.124037831	1.87922085	10963
-0.0394551438	1.89401477	10964
0.0422820283	1.90609829	10965
0.121451049	1.91584601	10966
0.198332221	1.92356441	10967
0.273201335	1.9294964	10968
0.346326935	1.93383598	10969
0.417969508	1.93672797	10970
0.488375498	1.93827744	10971
0.557780977	1.93855642	10972
0.626407215	1.93760349	10973
0.694461459	1.93543334	10974
0.762137112	1.93203379	10975
0.829612172	1.92737282	10976
0.897053726	1.92139744	10977
0.964613329	1.91403468	10978
1.03243118	1.90519671	10979
1.10063587	1.89477394	10980
1.16934121	1.8826401	10981
1.23865144	1.86865124	10982
1.30865693	1.85264218	10983
1.3794344	1.8344302	10984
1.45104723	1.81380999	10985
1.52354138	1.79055458	10986
1.59694536	1.76441486	10987
1.67126694	1.73511738	10988
1.74648909	1.70236394	10989
1.82256517	1.66583181	10990
1.89948957	1.62511118	10991
1.97714066	1.5798115	10992
2.05526621	1.52959672	10993
2.13363172	1.47405855	10994
2.21193084	1.41278097	10995
2.2897704	1.34534649	10996
2.36666362	1.2713471	10997
2.44202717	1.19039916	10998
2.51516581	1.10216945	10999
2.5852428	1.00642049	11000
2.65127895	0.903040222	11001
2.71215224	0.792051814	11002
2.76666914	0.673688064	11003
2.81359566	0.548470193	11004
2.85175314	0.41724371	11005
2.87998269	0.281080597	11006
2.89731847	0.141453097	11007
3.18823769	6.21870527e-09	11008
3.1819142	-0.157389798	11009
3.16324368	-0.312871911	11010
3.13280567	-0.464728544	11011
3.09159017	-0.611408666	11012
3.04078988	-0.75176342	11013
2.98162697	-0.884873465	11014
2.91538557	-1.0101546	11015
2.84331404	-1.1273214	11016
2.76659289	-1.23630702	11017
2.68625978	-1.33719226	11018
2.60320799	-1.43019445	11019
2.51818744	-1.51563418	11020
2.43183423	-1.59388813	11021
2.34468462	-1.66536338	11022
2.25717677	-1.73048219	11023
2.16965753	-1.78966965	11024
2.08239789	-1.84334586	11025
1.99560722	-1.89191763	11026
1.90954182	-1.93570117	11027
1.82424339	-1.97512361	11028
1.73974226	-2.01055416	11029
1.65607485	-2.04230737	11030
1.57325011	-2.07067276	11031
1.49125364	-2.09591494	11032
1.41005127	-2.11827564	11033
1.32958933	-2.13797397	11034
1.24979887	-2.15520542	11035
1.17059561	-2.17014672	11036
1.09187979	-2.18295211	11037
1.01354079	-2.19375675	11038
0.935451993	-2.20267763	11039
0.857474127	-2.20980847	11040
0.779455625	-2.21522648	11041
0.701228425	-2.21898724	11042
0.622612833	-2.22112342	11043
0.543412866	-2.22164598	11044
0.463417633	-2.22053697	11045
0.382401105	-2.21775198	11046
0.300121118	-2.21321046	11047
0.216323904	-2.2067956	11048
0.130740379	-2.19834717	11049
0.0430924746	-2.18765144	11050
-0.046905914	-2.17444091	11051
-0.139545598	-2.15837889	11052
-0.235113897	-2.13905425	11053
-0.33388584	-2.11596685	11054
-0.43644554	-2.08833749	11055
-0.542718337	-2.05557269	11056
-0.652826902	-2.01684171	11057
-0.766801802	-1.97119295	11058
-0.884540046	-1.91754158	11059
-1.00576143	-1.85468274	11060
-1.12995905	-1.78129486	11061
-1.25633882	-1.69597273	11062
-1.38375686	-1.59726915	11063
-1.51064758	-1.48376808	11064
-1.63508123	-1.35397842	11065
-1.75441468	-1.20690914	11066
-1.86532134	-1.04237423	11067
-1.96416675	-0.860570098	11068
-2.04695099	-0.662562853	11069
-2.10959431	-0.450527699	11070
-2.14856419	-0.227987502	11071
-2.1617268	-1.09546381e-07	11072
-2.14856422	0.227987287	11073
-2.10959436	0.4505275	11074
-2.04695106	0.662562679	11075
-1.96416683	0.860569956	11076
-1.86532144	1.04237409	11077
-1.75441484	1.20690903	11078
-1.63508135	1.35397844	11079
-1.51064761	1.48376799	11080
-1.38375693	1.59726908	11081
-1.25633887	1.69597268	11082
-1.1299591	1.78129483	11083
-1.00576148	1.85468271	11084
-0.884540086	1.91754156	11085
-0.76680184	1.97119293	11086
-0.652826937	2.01684169	11087
-0.54271837	2.05557268	11088
-0.43644557	2.08833747	11089
-0.333885868	2.11596684	11090
-0.235113923	2.13905425	11091
-0.139545622	2.15837888	11092
-0.0469059362	2.17444091	11093
0.0430924538	2.18765144	11094
0.13074036	2.19834717	11095
0.216323886	2.2067956	11096
0.300121103	2.21321046	11097
0.382401091	2.21775198	11098
0.463417605	2.22053696	11099
0.543412841	2.22164598	11100
0.622612826	2.22112339	11101
0.701228399	2.2189872	11102
0.779455612	2.21522649	11103
0.857474121	2.20980847	11104
0.935451969	2.20267763	11105
1.01354077	2.19375676	11106
1.09187977	2.18295211	11107
1.17059559	2.17014673	11108
1.24979885	2.15520543	11109
1.32958931	2.13797397	11110
1.41005125	2.11827564	11111
1.49125362	2.09591494	11112
1.57325009	2.07067277	11113
1.65607484	2.04230738	11114
1.73974224	2.01055416	11115
1.82424337	1.97512362	11116
1.90954181	1.93570118	11117
1.99560721	1.89191764	11118
2.08239787	1.84334587	11119
2.16965751	1.78966966	11120
2.25717675	1.7304822	11121
2.3446846	1.66536339	11122
2.43183422	1.59388814	11123
2.51818743	1.51563419	11124
2.60320798	1.43019446	11125
2.68625977	1.33719227	11126
2.76659288	1.23630703	11127
2.84331403	1.12732141	11128
2.91538556	1.01015462	11129
2.98162697	0.884873478	11130
3.04078988	0.751763433	11131
3.09159017	0.611408679	11132
3.13280567	0.464728556	11133
3.16324368	0.312871924	11134
3.1819142	0.15738981	11135
3.51597057	7.38002134e-09	11136
3.50915863	-0.175261423	11137
3.48902748	-0.348531128	11138
3.45617065	-0.518010032	11139
3.41160155	-0.682065548	11140
3.35654591	-0.839468581	11141
3.29226869	-0.989221978	11142
3.2201037	-1.13067401	11143
3.14135418	-1.26348153	11144
3.05725956	-1.38752884	11145
2.96891689	-1.50286034	11146
2.87727747	-1.60966806	11147
2.78314801	-1.70825478	11148
2.68721993	-1.79898539	11149
2.59008163	-1.88226175	11150
2.49221922	-1.95850706	11151
2.3940232	-2.02815198	11152
2.29580441	-2.09162518	11153
2.19780866	-2.14934407	11154
2.10022657	-2.20170701	11155
2.00330072	-2.24902395	11156
1.90703372	-2.29172554	11157
1.81146631	-2.3301544	11158
1.71662743	-2.36461453	11159
1.62252001	-2.39538468	11160
1.52912482	-2.42272009	11161
1.43640087	-2.44685252	11162
1.34428998	-2.46798911	11163
1.2527168	-2.4863171	11164
1.16158879	-2.50199998	11165
1.07080113	-2.51518075	11166
0.980231753	-2.52598269	11167
0.889744838	-2.53450425	11168
0.799191234	-2.54082563	11169
0.708404435	-2.54500357	11170
0.617205663	-2.54706998	11171
0.525399029	-2.54703293	11172
0.432773101	-2.54486938	11173
0.339100566	-2.54052731	11174
0.244137116	-2.53391572	11175
0.147626221	-2.52490422	11176
0.0492954369	-2.51331536	11177
-0.0511369001	-2.49891414	11178
-0.153960551	-2.48140716	11179
-0.259469475	-2.46042663	11180
-0.367953011	-2.43552447	11181
-0.479865188	-2.40606538	11182
-0.59543361	-2.37138221	11183
-0.714740922	-2.33075399	11184
-0.837899165	-2.28328287	11185
-0.964913637	-2.22794603	11186
-1.09564255	-2.16358281	11187
-1.22974992	-2.08891069	11188
-1.36665286	-2.00253255	11189
-1.50545833	-1.90297494	11190
-1.64489912	-1.78873633	11191
-1.78326203	-1.65836788	11192
-1.91840544	-1.51044521	11193
-2.04758655	-1.34386709	11194
-2.16724296	-1.15860674	11195
-2.27354949	-0.95499113	11196
-2.36233396	-0.734257077	11197
-2.42937502	-0.498772705	11198
-2.47103365	-0.252258761	11199
-2.48510238	-1.1777652e-07	11200
-2.47103367	0.25225853	11201
-2.42937507	0.498772489	11202
-2.36233403	0.734256889	11203
-2.27354957	0.954990977	11204
-2.16724307	1.15860659	11205
-2.04758672	1.34386696	11206
-1.91840557	1.51044521	11207
-1.78326206	1.65836778	11208
-1.6448992	1.78873625	11209
-1.50545839	1.90297488	11210
-1.36665291	2.00253251	11211
-1.22974997	2.08891066	11212
-1.0956426	2.16358278	11213
-0.964913681	2.227946	11214
-0.837899207	2.28328285	11215
-0.714740961	2.33075398	11216
-0.595433646	2.37138219	11217
-0.479865221	2.40606536	11218
-0.367953043	2.43552446	11219
-0.259469504	2.46042662	11220
-0.153960578	2.48140715	11221
-0.0511369259	2.49891414	11222
0.0492954123	2.51331536	11223
0.147626198	2.52490422	11224
0.244137096	2.53391572	11225
0.33910055	2.54052731	11226
0.43277307	2.54486938	11227
0.525398999	2.54703294	11228
0.617205651	2.54706995	11229
0.708404407	2.54500354	11230
0.799191219	2.54082563	11231
0.889744828	2.53450425	11232
0.980231726	2.52598269	11233
1.0708011	2.51518075	11234
1.16158877	2.50199998	11235
1.25271678	2.48631711	11236
1.34428996	2.46798911	11237
1.43640085	2.44685252	11238
1.52912479	2.4227201	11239
1.62251999	2.39538469	11240
1.71662741	2.36461454	11241
1.81146629	2.33015441	11242
1.9070337	2.29172555	11243
2.0033007	2.24902396	11244
2.10022655	2.20170702	11245
2.19780864	2.14934408	11246
2.2958044	2.09162519	11247
2.39402318	2.02815199	11248
2.49221921	1.95850707	11249
2.59008161	1.88226176	11250
2.68721991	1.7989854	11251
2.783148	1.70825479	11252
2.87727746	1.60966807	11253
2.96891688	1.50286036	11254
3.05725955	1.38752885	11255
3.14135417	1.26348155	11256
3.2201037	1.13067403	11257
3.29226868	0.989221992	11258
3.35654591	0.839468595	11259
3.41160155	0.682065563	11260
3.45617065	0.518010047	11261
3.48902747	0.348531143	11262
3.50915863	0.175261438	11263
3.89278779	8.74089531e-09	11264
3.88543924	-0.195346311	11265
3.86370282	-0.388614726	11266
3.82818551	-0.577922356	11267
3.77992335	-0.761552051	11268
3.72017422	-0.938190892	11269
3.65024502	-1.10675968	11270
3.57151871	-1.2665343	11271
3.48535325	-1.41710833	11272
3.39304738	-1.55831146	11273
3.29575841	-1.69014594	11274
3.19449721	-1.81277254	11275
3.09012951	-1.92647028	11276
2.98340465	-2.03158663	11277
2.8749662	-2.12851318	11278
2.76535139	-2.21766944	11279
2.65499788	-2.29948729	11280
2.5442602	-2.37439998	11281
2.43342448	-2.44283196	11282
2.32271814	-2.50519069	11283
2.21231606	-2.5618636	11284
2.10243151	-2.61316531	11285
1.99306842	-2.65950098	11286
1.88426433	-2.7011974	11287
1.77604323	-2.73854559	11288
1.66840454	-2.77181263	11289
1.56132365	-2.80124131	11290
1.45475672	-2.82704895	11291
1.34864092	-2.84943184	11292
1.24289452	-2.86856129	11293
1.13742203	-2.88458678	11294
1.03210943	-2.89763652	11295
0.926827774	-2.90781231	11296
0.821433719	-2.91519591	11297
0.715765689	-2.91984378	11298
0.609649207	-2.92178547	11299
0.502891988	-2.92102451	11300
0.395285774	-2.91753102	11301
0.286606011	-2.91124351	11302
0.176610701	-2.90205865	11303
0.0650454934	-2.88983055	11304
-0.0483598916	-2.87436276	11305
-0.163884515	-2.85539732	11306
-0.281814863	-2.83261355	11307
-0.40244032	-2.8056116	11308
-0.526133936	-2.77386307	11309
-0.653273585	-2.73670635	11310
-0.783936442	-2.69350036	11311
-0.918296853	-2.64341811	11312
-1.05644182	-2.58549957	11313
-1.19834198	-2.51865406	11314
-1.34380805	-2.44164909	11315
-1.49244039	-2.35312902	11316
-1.64357316	-2.25162625	11317
-1.79620836	-2.13560491	11318
-1.94895034	-2.00351565	11319
-2.09993412	-1.85388415	11320
-2.24679771	-1.68537709	11321
-2.3867071	-1.49676259	11322
-2.51585801	-1.2881947	11323
-2.63023378	-1.06014137	11324
-2.72548975	-0.814021546	11325
-2.79726343	-0.552407655	11326
-2.84181063	-0.279227657	11327
-2.85685183	-1.26597974e-07	11328
-2.84181066	0.279227409	11329
-2.79726349	0.552407422	11330
-2.72548982	0.814021342	11331
-2.63023387	1.0601412	11332
-2.51585812	1.28819454	11333
-2.38670728	1.49676245	11334
-2.24679785	1.68537707	11335
-2.09993417	1.85388403	11336
-1.94895043	2.00351556	11337
-1.79620843	2.13560485	11338
-1.64357322	2.2516262	11339
-1.49244045	2.35312897	11340
-1.34380811	2.44164905	11341
-1.19834203	2.51865403	11342
-1.05644187	2.58549954	11343
-0.918296899	2.64341809	11344
-0.783936485	2.69350034	11345
-0.653273625	2.73670634	11346
-0.526133974	2.77386306	11347
-0.402440356	2.80561159	11348
-0.281814897	2.83261354	11349
-0.163884547	2.85539731	11350
-0.0483599222	2.87436275	11351
0.0650454641	2.88983054	11352
0.176610675	2.90205864	11353
0.28660599	2.91124351	11354
0.395285739	2.91753102	11355
0.502891952	2.92102451	11356
0.60964919	2.92178544	11357
0.715765656	2.91984374	11358
0.821433699	2.91519592	11359
0.926827759	2.90781231	11360
1.0321094	2.89763653	11361
1.13742201	2.88458678	11362
1.2428945	2.8685613	11363
1.3486409	2.84943184	11364
1.4547567	2.82704896	11365
1.56132363	2.80124132	11366
1.66840452	2.77181264	11367
1.77604321	2.7385456	11368
1.8842643	2.70119741	11369
1.9930684	2.65950099	11370
2.10243149	2.61316532	11371
2.21231604	2.56186361	11372
2.32271812	2.5051907	11373
2.43342446	2.44283198	11374
2.54426018	2.3744	11375
2.65499786	2.2994873	11376
2.76535137	2.21766945	11377
2.87496619	2.12851319	11378
2.98340464	2.03158665	11379
3.09012949	1.9264703	11380
3.1944972	1.81277255	11381
3.2957584	1.69014595	11382
3.39304737	1.55831148	11383
3.48535324	1.41710835	11384
3.5715187	1.26653431	11385
3.65024502	1.1067597	11386
3.72017422	0.938190909	11387
3.77992334	0.761552069	11388
3.82818551	0.577922374	11389
3.86370282	0.388614743	11390
3.88543924	0.195346329	11391
4.32604066	1.03364776e-08	11392
4.31810002	-0.217968381	11393
4.29459163	-0.433770226	11394
4.25613538	-0.645435977	11395
4.20378915	-0.851160566	11396
4.13884203	-1.04954333	11397
4.06264195	-1.23941844	11398
3.97662033	-1.41998406	11399
3.88218973	-1.59076446	11400
3.7807085	-1.75152828	11401
3.6733951	-1.90222908	11402
3.56132165	-2.04298961	11403
3.44541521	-2.17405831	11404
3.32648601	-2.29575875	11405
3.20523589	-2.40846633	11406
3.0822568	-2.51259135	11407
2.95803753	-2.60856177	11408
2.83298055	-2.69681055	11409
2.70741676	-2.77776478	11410
2.58161479	-2.85183713	11411
2.45578712	-2.91942232	11412
2.33009658	-2.98089556	11413
2.20471838	-3.03657836	11414
2.07969086	-3.08683128	11415
1.95503745	-3.13197155	11416
1.83078061	-3.17227587	11417
1.70691647	-3.20799605	11418
1.58341982	-3.23935765	11419
1.46024468	-3.26656419	11420
1.33732437	-3.28979305	11421
1.21457709	-3.30919842	11422
1.0919012	-3.32491177	11423
0.96917906	-3.33703656	11424
0.846277549	-3.34565449	11425
0.723044448	-3.35082005	11426
0.599313999	-3.35255879	11427
0.474901998	-3.35086796	11428
0.349608005	-3.34570908	11429
0.223215114	-3.33700934	11430
0.0954888677	-3.32465122	11431
-0.0338172705	-3.30847154	11432
-0.164965266	-3.28825304	11433
-0.298224833	-3.26371319	11434
-0.43387174	-3.23450271	11435
-0.572243683	-3.20016195	11436
-0.713734411	-3.16009534	11437
-0.858449483	-3.11371784	11438
-1.00659356	-3.06027672	11439
-1.15831201	-2.99889167	11440
-1.3136556	-2.928544	11441
-1.47254937	-2.84807966	11442
-1.63474617	-2.75619972	11443
-1.79977321	-2.6514817	11444
-1.96687334	-2.53239457	11445
-2.1349364	-2.39734779	11446
-2.30243249	-2.24475262	11447
-2.46734036	-2.07311839	11448
-2.62709042	-1.88118733	11449
-2.77870343	-1.66770018	11450
-2.91818978	-1.43289211	11451
-3.04132056	-1.17742364	11452
-3.14357896	-0.902907761	11453
-3.22046236	-0.612133003	11454
-3.26812307	-0.30924418	11455
-3.28421143	-1.36078779e-07	11456
-3.2681231	0.309243912	11457
-3.22046242	0.612132752	11458
-3.14357904	0.902907539	11459
-3.04132065	1.17742346	11460
-2.9181899	1.43289193	11461
-2.77870361	1.66770001	11462
-2.62709056	1.88118729	11463
-2.46734041	2.07311826	11464
-2.30243258	2.24475251	11465
-2.13493648	2.39734771	11466
-1.96687341	2.53239451	11467
-1.79977327	2.65148165	11468
-1.63474623	2.75619968	11469
-1.47254943	2.84807963	11470
-1.31365566	2.92854397	11471
-1.15831207	2.99889165	11472
-1.00659361	3.06027669	11473
-0.858449531	3.11371782	11474
-0.713734456	3.16009533	11475
-0.572243726	3.20016194	11476
-0.433871781	3.2345027	11477
-0.298224871	3.26371318	11478
-0.164965304	3.28825303	11479
-0.033817307	3.30847153	11480
0.0954888349	3.32465122	11481
0.223215087	3.33700933	11482
0.349607965	3.34570907	11483
0.474901956	3.35086797	11484
0.599313975	3.35255876	11485
0.723044411	3.35082001	11486
0.846277525	3.3456545	11487
0.969179039	3.33703656	11488
1.09190116	3.32491177	11489
1.21457706	3.30919842	11490
1.33732434	3.28979305	11491
1.46024465	3.2665642	11492
1.58341979	3.23935766	11493
1.70691644	3.20799606	11494
1.83078058	3.17227588	11495
1.95503742	3.13197156	11496
2.07969083	3.08683129	11497
2.20471836	3.03657837	11498
2.33009655	2.98089557	11499
2.4557871	2.91942234	11500
2.58161477	2.85183715	11501
2.70741673	2.7777648	11502
2.83298053	2.69681056	11503
2.95803751	2.60856178	11504
3.08225678	2.51259137	11505
3.20523587	2.40846634	11506
3.32648599	2.29575877	11507
3.4454152	2.17405833	11508
3.56132163	2.04298963	11509
3.67339509	1.9022291	11510
3.78070849	1.7515283	11511
3.88218972	1.59076448	11512
3.97662032	1.41998408	11513
4.06264194	1.23941846	11514
4.13884203	1.04954335	11515
4.20378914	0.851160587	11516
4.25613538	0.645435997	11517
4.29459163	0.433770246	11518
4.31810002	0.217968402	11519
4.82418153	1.2208551e-08	11520
4.81558467	-0.243504253	11521
4.79011175	-0.484750398	11522
4.74839502	-0.721678859	11523
4.69151336	-0.952392811	11524
4.62078613	-1.17539944	11525
4.53760134	-1.38944123	11526
4.44343823	-1.59363277	11527
4.33976372	-1.78742225	11528
4.22799617	-1.97051011	11529
4.1094162	-2.14279382	11530
3.98515894	-2.30435045	11531
3.85621542	-2.45539007	11532
3.72345979	-2.59620499	11533
3.58765577	-2.72714755	11534
3.44945394	-2.84861243	11535
3.30939866	-2.96101747	11536
3.16794511	-3.06478967	11537
3.02547388	-3.16035351	11538
2.88229997	-3.24812212	11539
2.73867855	-3.32849318	11540
2.59481185	-3.4018466	11541
2.45085669	-3.4685406	11542
2.30694879	-3.52890036	11543
2.1631812	-3.58323379	11544
2.019559	-3.63185061	11545
1.87610426	-3.67500908	11546
1.73281561	-3.71294058	11547
1.58966901	-3.74585358	11548
1.44661804	-3.77392934	11549
1.30359969	-3.79732471	11550
1.16053001	-3.81617234	11551
1.01730796	-3.8305754	11552
0.873816099	-3.84061357	11553
0.729917113	-3.8463375	11554
0.585459546	-3.84776688	11555
0.440272938	-3.84489089	11556
0.294170442	-3.83766059	11557
0.146948787	-3.82599008	11558
-0.0016126636	-3.80974587	11559
-0.151746009	-3.78874573	11560
-0.303697824	-3.76274997	11561
-0.457720868	-3.73145006	11562
-0.614153428	-3.69443445	11563
-0.773299113	-3.65120134	11564
-0.9353125	-3.6012112	11565
-1.10040911	-3.54378335	11566
-1.26875854	-3.47811908	11567
-1.44046507	-3.40328776	11568
-1.61553078	-3.31821629	11569
-1.79382271	-3.22169283	11570
-1.97502393	-3.11235889	11571
-2.15857742	-2.98873314	11572
-2.34362486	-2.84923013	11573
-2.52893557	-2.69221453	11574
-2.7128386	-2.51606882	11575
-2.89315145	-2.31929702	11576
-3.06712544	-2.10066768	11577
-3.23153522	-1.85910491	11578
-3.38230933	-1.59472053	11579
-3.514971	-1.30845514	11580
-3.62483216	-1.00212812	11581
-3.70725151	-0.678756503	11582
-3.75827997	-0.342711968	11583
-3.77549992	-1.46295354e-07	11584
-3.75828	0.342711681	11585
-3.70725157	0.678756231	11586
-3.62483224	1.00212788	11587
-3.51497109	1.30845494	11588
-3.38230945	1.59472034	11589
-3.23153541	1.85910473	11590
-3.0671256	2.10066763	11591
-2.89315152	2.31929687	11592
-2.71283871	2.5160687	11593
-2.52893566	2.69221445	11594
-2.34362494	2.84923006	11595
-2.15857749	2.98873308	11596
-1.975024	3.11235884	11597
-1.79382278	3.22169279	11598
-1.61553085	3.31821625	11599
-1.44046513	3.40328773	11600
-1.2687586	3.47811905	11601
-1.10040917	3.54378332	11602
-0.935312554	3.60121118	11603
-0.773299164	3.65120132	11604
-0.614153478	3.69443443	11605
-0.457720915	3.73145005	11606
-0.30369787	3.76274996	11607
-0.151746054	3.78874572	11608
-0.00161270481	3.80974587	11609
0.146948754	3.82599008	11610
0.294170396	3.83766058	11611
0.440272888	3.84489089	11612
0.585459515	3.84776685	11613
0.72991707	3.84633746	11614
0.873816069	3.84061358	11615
1.01730793	3.8305754	11616
1.16052997	3.81617234	11617
1.30359966	3.79732471	11618
1.446618	3.77392935	11619
1.58966897	3.74585358	11620
1.73281558	3.71294058	11621
1.87610423	3.67500909	11622
2.01955897	3.63185062	11623
2.16318116	3.5832338	11624
2.30694876	3.52890037	11625
2.45085666	3.46854061	11626
2.59481182	3.40184661	11627
2.73867852	3.32849319	11628
2.88229995	3.24812213	11629
3.02547386	3.16035353	11630
3.16794508	3.06478968	11631
3.30939864	2.96101748	11632
3.44945392	2.84861245	11633
3.58765575	2.72714757	11634
3.72345977	2.59620501	11635
3.8562154	2.45539009	11636
3.98515893	2.30435047	11637
4.10941618	2.14279385	11638
4.22799615	1.97051013	11639
4.3397637	1.78742227	11640
4.44343822	1.59363279	11641
4.53760133	1.38944126	11642
4.62078612	1.17539946	11643
4.69151335	0.952392835	11644
4.74839501	0.721678883	11645
4.79011175	0.484750423	11646
4.81558467	0.243504278	11647
5.39692862	1.44067222e-08	11648
5.38760135	-0.27239136	11649
5.35994111	-0.542429461	11650
5.31459196	-0.807960684	11651
5.25265304	-1.06699196	11652
5.17547303	-1.31793328	11653
5.08447913	-1.55942975	11654
4.98119771	-1.79050578	11655
4.86714999	-2.010526	11656
4.74381478	-2.21911461	11657
4.61253602	-2.41610464	11658
4.47451392	-2.60151877	11659
4.33080624	-2.77551998	11660
4.18235454	-2.93836092	11661
4.02998829	-3.09036303	11662
3.87442112	-3.23189787	11663
3.71625787	-3.36336604	11664
3.55601177	-3.48518185	11665
3.39411872	-3.597761	11666
3.23094576	-3.70151142	11667
3.06679666	-3.79682854	11668
2.90191908	-3.88409215	11669
2.73651238	-3.96366175	11670
2.57073364	-4.03587426	11671
2.40470196	-4.10104264	11672
2.23852235	-4.1594483	11673
2.07223137	-4.21136458	11674
1.90584129	-4.25703337	11675
1.7393562	-4.29666527	11676
1.57275611	-4.3304428	11677
1.40600304	-4.35852289	11678
1.23903692	-4.38103699	11679
1.07177976	-4.39808564	11680
0.904136338	-4.40974427	11681
0.735990985	-4.41605754	11682
0.567213407	-4.41703725	11683
0.397653863	-4.41266252	11684
0.227146208	-4.40287212	11685
0.0555081029	-4.38756528	11686
-0.117459716	-4.36659081	11687
-0.291967027	-4.33974586	11688
-0.468236731	-4.30676693	11689
-0.646637011	-4.26726778	11690
-0.827296038	-4.22085762	11691
-1.01043499	-4.16702862	11692
-1.19625888	-4.10517385	11693
-1.38494159	-4.03457212	11694
-1.57660524	-3.95438102	11695
-1.77129988	-3.86362313	11696
-1.9689653	-3.76117602	11697
-2.1693968	-3.64577675	11698
-2.37219424	-3.51601551	11699
-2.57670379	-3.37036185	11700
-2.78195462	-3.20718696	11701
-2.98658577	-3.02482282	11702
-3.18877748	-2.821636	11703
-3.38618031	-2.59613855	11704
-3.57586288	-2.34713868	11705
-3.75434865	-2.07377373	11706
-3.9174919	-1.77601211	11707
-4.06056493	-1.45510184	11708
-4.17870987	-1.11308178	11709
-4.2671486	-0.753210457	11710
-4.32183315	-0.380096943	11711
-4.34028044	-1.57338873e-07	11712
-4.32183319	0.380096634	11713
-4.26714866	0.753210163	11714
-4.17870995	1.11308151	11715
-4.06056503	1.45510163	11716
-3.91749203	1.77601191	11717
-3.75434885	2.07377353	11718
-3.57586305	2.34713861	11719
-3.38618039	2.59613838	11720
-3.1887776	2.82163586	11721
-2.98658587	3.02482272	11722
-2.78195471	3.20718687	11723
-2.57670388	3.37036177	11724
-2.37219432	3.51601545	11725
-2.16939689	3.6457767	11726
-1.96896538	3.76117598	11727
-1.77129996	3.86362309	11728
-1.57660531	3.95438098	11729
-1.38494165	4.03457209	11730
-1.19625894	4.10517383	11731
-1.01043505	4.1670286	11732
-0.827296097	4.2208576	11733
-0.646637068	4.26726776	11734
-0.468236786	4.30676692	11735
-0.291967082	4.33974585	11736
-0.117459767	4.3665908	11737
0.0555080613	4.38756527	11738
0.227146156	4.40287212	11739
0.397653806	4.41266253	11740
0.567213368	4.41703723	11741
0.735990935	4.41605751	11742
0.904136301	4.40974428	11743
1.07177972	4.39808564	11744
1.23903687	4.38103699	11745
1.406003	4.35852289	11746
1.57275608	4.3304428	11747
1.73935616	4.29666528	11748
1.90584125	4.25703337	11749
2.07223133	4.2113646	11750
2.23852231	4.15944832	11751
2.40470193	4.10104266	11752
2.57073361	4.03587428	11753
2.73651235	3.96366176	11754
2.90191905	3.88409217	11755
3.06679662	3.79682855	11756
3.23094573	3.70151144	11757
3.39411869	3.59776102	11758
3.55601174	3.48518187	11759
3.71625785	3.36336607	11760
3.87442109	3.2318979	11761
4.02998827	3.09036306	11762
4.18235452	2.93836095	11763
4.33080622	2.77552	11764
4.4745139	2.60151879	11765
4.61253601	2.41610467	11766
4.74381476	2.21911463	11767
4.86714997	2.01052603	11768
4.9811977	1.79050581	11769
5.08447912	1.55942978	11770
5.17547302	1.3179333	11771
5.25265303	1.06699199	11772
5.31459196	0.807960713	11773
5.35994111	0.54242949	11774
5.38760135	0.272391389	11775
6.05545564	1.69898047e-08	11776
6.04531202	-0.30513719	11777
6.0152064	-0.607821519	11778
5.9657942	-0.905800433	11779
5.89819407	-1.19697926	11780
5.81378318	-1.47966494	11781
5.7140271	-1.75239867	11782
5.60049886	-2.01410729	11783
5.47477391	-2.26406337	11784
5.33839221	-2.50180588	11785
5.19276245	-2.72709403	11786
5.03915214	-2.93988631	11787
4.87868903	-3.14028877	11788
4.71238585	-3.32850496	11789
4.54114211	-3.50481646	11790
4.36573945	-3.66956308	11791
4.1868487	-3.82311995	11792
4.0050471	-3.96588088	11793
3.82083211	-4.09824558	11794
3.63462928	-4.2206101	11795
3.44679766	-4.33336142	11796
3.25763727	-4.43687348	11797
3.06739699	-4.53150163	11798
2.87628078	-4.61758017	11799
2.68445186	-4.69542034	11800
2.49203811	-4.76531033	11801
2.29913342	-4.82751314	11802
2.10580566	-4.88226368	11803
1.91209157	-4.92977438	11804
1.71799262	-4.97023031	11805
1.52350326	-5.0037855	11806
1.32859488	-5.03056731	11807
1.13322011	-5.05067096	11808
0.937313825	-5.06416503	11809
0.740790026	-5.07108577	11810
0.54354785	-5.07143483	11811
0.345466725	-5.06517917	11812
0.146409817	-5.05224336	11813
-0.0537754675	-5.03250996	11814
-0.255269678	-5.00580597	11815
-0.45832134	-4.97188605	11816
-0.663069131	-4.9304656	11817
-0.869706344	-4.88117462	11818
-1.07842372	-4.82356548	11819
-1.2894011	-4.75709598	11820
-1.50279473	-4.68112288	11821
-1.71872416	-4.59488622	11822
-1.93725051	-4.49750276	11823
-2.15835534	-4.38795265	11824
-2.38190136	-4.26507004	11825
-2.60759713	-4.12754867	11826
-2.83494449	-3.97393706	11827
-3.06317872	-3.80266711	11828
-3.29120363	-3.61207974	11829
-3.51751693	-3.40048862	11830
-3.74014106	-3.16625973	11831
-3.95655308	-2.90792893	11832
-4.16363485	-2.62435974	11833
-4.35765384	-2.31493346	11834
-4.53439689	-1.97945845	11835
-4.68888302	-1.61951802	11836
-4.81608638	-1.23738449	11837
-4.9110944	-0.836571739	11838
-4.96976312	-0.421937351	11839
-4.98954671	-1.69317685e-07	11840
-4.96976315	0.421937018	11841
-4.91109447	0.836571421	11842
-4.81608647	1.2373842	11843
-4.68888313	1.61951778	11844
-4.53439703	1.97945823	11845
-4.35765405	2.31493324	11846
-4.16363502	2.62435965	11847
-3.95655317	2.90792873	11848
-3.74014119	3.16625957	11849
-3.51751703	3.4004885	11850
-3.29120374	3.61207964	11851
-3.06317882	3.80266703	11852
-2.83494458	3.97393698	11853
-2.60759723	4.1275486	11854
-2.38190145	4.26506998	11855
-2.15835543	4.3879526	11856
-1.93725059	4.49750272	11857
-1.71872424	4.59488618	11858
-1.50279481	4.68112284	11859
-1.28940118	4.75709595	11860
-1.0784238	4.82356545	11861
-0.869706412	4.8811746	11862
-0.663069198	4.93046558	11863
-0.458321406	4.97188604	11864
-0.255269741	5.00580596	11865
-0.0537755193	5.03250996	11866
0.146409756	5.05224335	11867
0.345466657	5.06517917	11868
0.543547801	5.0714348	11869
0.740789967	5.07108573	11870
0.937313779	5.06416504	11871
1.13322007	5.05067096	11872
1.32859482	5.03056732	11873
1.52350322	5.0037855	11874
1.71799257	4.97023032	11875
1.91209152	4.92977439	11876
2.10580561	4.8822637	11877
2.29913337	4.82751315	11878
2.49203807	4.76531035	11879
2.68445182	4.69542036	11880
2.87628074	4.61758019	11881
3.06739695	4.53150165	11882
3.25763723	4.4368735	11883
3.44679763	4.33336145	11884
3.63462924	4.22061012	11885
3.82083208	4.09824561	11886
4.00504707	3.96588091	11887
4.18684867	3.82311998	11888
4.36573942	3.66956311	11889
4.54114208	3.50481649	11890
4.71238582	3.32850499	11891
4.87868901	3.1402888	11892
5.03915212	2.93988635	11893
5.19276243	2.72709406	11894
5.3383922	2.50180591	11895
5.47477389	2.2640634	11896
5.60049884	2.01410732	11897
5.71402709	1.7523987	11898
5.81378317	1.47966497	11899
5.89819406	1.1969793	11900
5.96579419	0.905800467	11901
6.0152064	0.607821553	11902
6.04531202	0.305137224	11903
6.81260982	2.00274482e-08	11904
6.80155019	-0.34232981	11905
6.76870011	-0.682101593	11906
6.71472589	-1.01695784	11907
6.64076512	-1.34469585	11908
6.54822275	-1.66351256	11909
6.43860207	-1.97183778	11910
6.3135224	-2.26849229	11911
6.17461372	-2.55264707	11912
6.02347804	-2.82374573	11913
5.86159046	-3.08146311	11914
5.69028854	-3.32568252	11915
5.51077351	-3.55644203	11916
5.3241335	-3.77388547	11917
5.13134295	-3.97824439	11918
4.93325698	-4.16981702	11919
4.7306186	-4.34894352	11920
4.52407572	-4.51598822	11921
4.31419437	-4.67132644	11922
4.10146595	-4.81533454	11923
3.88631241	-4.94838375	11924
3.66909396	-5.07083524	11925
3.45011709	-5.18303394	11926
3.22964084	-5.28530549	11927
3.00788086	-5.377954	11928
2.78501518	-5.46126144	11929
2.5611856	-5.53548505	11930
2.33650362	-5.600855	11931
2.11105212	-5.65757719	11932
1.88488606	-5.7058281	11933
1.65803922	-5.7457568	11934
1.43052096	-5.77748441	11935
1.20232017	-5.80109849	11936
0.97340699	-5.8166581	11937
0.743737988	-5.82418785	11938
0.513239822	-5.8236762	11939
0.281830343	-5.81507398	11940
0.0494085883	-5.79828729	11941
-0.184141387	-5.77317729	11942
-0.418950497	-5.73954906	11943
-0.655156949	-5.6971501	11944
-0.892907604	-5.64566099	11945
-1.13234727	-5.58468361	11946
-1.37361465	-5.51373978	11947
-1.61683289	-5.43225451	11948
-1.86209604	-5.3395498	11949
-2.10945518	-5.23482945	11950
-2.35889561	-5.11717311	11951
-2.61031491	-4.98552371	11952
-2.86348267	-4.83867901	11953
-3.1180044	-4.6752984	11954
-3.37326774	-4.49389984	11955
-3.62838159	-4.29289077	11956
-3.88211011	-4.07059692	11957
-4.13279717	-3.8253304	11958
-4.37829723	-3.55547448	11959
-4.61590627	-3.2596072	11960
-4.84231459	-2.9366656	11961
-5.05359036	-2.58614758	11962
-5.24527499	-2.20816603	11963
-5.41231625	-1.80419102	11964
-5.54946126	-1.37690249	11965
-5.6516657	-0.93008451	11966
-5.71469278	-0.468855168	11967
-5.73593697	-1.82360207e-07	11968
-5.71469281	0.468854808	11969
-5.65166577	0.930084166	11970
-5.54946135	1.37690218	11971
-5.41231636	1.80419076	11972
-5.24527513	2.20816579	11973
-5.05359057	2.58614734	11974
-4.84231478	2.93666547	11975
-4.61590637	3.25960698	11976
-4.37829737	3.55547429	11977
-4.13279728	3.82533027	11978
-3.88211023	4.07059681	11979
-3.6283817	4.29289066	11980
-3.37326785	4.49389975	11981
-3.1180045	4.67529832	11982
-2.86348277	4.83867894	11983
-2.61031501	4.98552365	11984
-2.3588957	5.11717306	11985
-2.10945527	5.2348294	11986
-1.86209613	5.33954976	11987
-1.61683297	5.43225448	11988
-1.37361473	5.51373975	11989
-1.13234735	5.58468359	11990
-0.892907684	5.64566097	11991
-0.655157028	5.69715008	11992
-0.418950573	5.73954904	11993
-0.184141451	5.77317728	11994
0.0494085165	5.79828728	11995
0.281830264	5.81507398	11996
0.513239762	5.82367617	11997
0.743737919	5.82418782	11998
0.973406933	5.81665811	11999
1.20232012	5.80109849	12000
1.43052089	5.77748442	12001
1.65803917	5.74575681	12002
1.884886	5.70582811	12003
2.11105206	5.65757721	12004
2.33650357	5.60085501	12005
2.56118554	5.53548506	12006
2.78501513	5.46126145	12007
3.00788081	5.37795402	12008
3.22964079	5.28530552	12009
3.45011704	5.18303396	12010
3.66909391	5.07083527	12011
3.88631237	4.94838377	12012
4.10146591	4.81533457	12013
4.31419433	4.67132647	12014
4.52407568	4.51598825	12015
4.73061856	4.34894355	12016
4.93325695	4.16981706	12017
5.13134292	3.97824442	12018
5.32413347	3.77388551	12019
5.51077348	3.55644206	12020
5.69028852	3.32568255	12021
5.86159043	3.08146315	12022
6.02347802	2.82374577	12023
6.1746137	2.55264711	12024
6.31352238	2.26849233	12025
6.43860206	1.97183782	12026
6.54822273	1.6635126	12027
6.64076511	1.34469589	12028
6.71472589	1.01695788	12029
6.76870011	0.682101633	12030
6.80155019	0.34232985	12031
7.68316246	2.36019797e-08	12032
7.67107129	-0.384649898	12033
7.63512999	-0.766629637	12034
7.57601546	-1.14346935	12035
7.49488378	-1.5128505	12036
7.39316715	-1.87285188	12037
7.27240621	-2.22178307	12038
7.13426652	-2.55834911	12039
6.9804331	-2.88160862	12040
6.81257127	-3.19089844	12041
6.63222468	-3.48579714	12042
6.44080404	-3.76610055	12043
6.23958805	-4.03176644	12044
6.02974504	-4.28286698	12045
5.81232977	-4.51957213	12046
5.58827706	-4.74212735	12047
5.35840901	-4.95082695	12048
5.12345168	-5.14599548	12049
4.88404761	-5.32797417	12050
4.64076231	-5.49711056	12051
4.39408929	-5.65375153	12052
4.14445792	-5.79823747	12053
3.8922416	-5.93089525	12054
3.63776385	-6.05203491	12055
3.38130246	-6.16194677	12056
3.12309536	-6.26090049	12057
2.86334226	-6.34914186	12058
2.60221074	-6.42689021	12059
2.33983815	-6.49434085	12060
2.07633255	-6.55165953	12061
1.81177965	-6.59898432	12062
1.54624002	-6.63642468	12063
1.27975406	-6.66405574	12064
1.01234353	-6.68192326	12065
0.744009214	-6.69003767	12066
0.474737205	-6.68837155	12067
0.204494116	-6.67685894	12068
-0.0667686651	-6.65538768	12069
-0.339113796	-6.62379892	12070
-0.6126176	-6.58187583	12071
-0.887361784	-6.52934215	12072
-1.16343418	-6.4658526	12073
-1.44091724	-6.3909812	12074
-1.71988335	-6.30422011	12075
-2.00038425	-6.20496312	12076
-2.28243653	-6.09249995	12077
-2.56600699	-5.96600166	12078
-2.85098875	-5.82451563	12079
-3.13717842	-5.66695394	12080
-3.42423504	-5.4920862	12081
-3.7116434	-5.29854778	12082
-3.99865941	-5.08483873	12083
-4.28424864	-4.84935702	12084
-4.56701988	-4.5904304	12085
-4.84514924	-4.3063885	12086
-5.1163117	-3.99565234	12087
-5.37761344	-3.65686333	12088
-5.62554762	-3.28905293	12089
-5.85598226	-2.89185088	12090
-6.06420637	-2.46571959	12091
-6.24510693	-2.0119924	12092
-6.39320249	-1.53379113	12093
-6.50331994	-1.03518613	12094
-6.57113312	-0.5215691	12095
-6.59398005	-1.96618265e-07	12096
-6.57113315	0.521568712	12097
-6.50332001	1.03518575	12098
-6.39320259	1.53379079	12099
-6.24510705	2.01199211	12100
-6.06420652	2.46571932	12101
-5.85598248	2.89185061	12102
-5.62554782	3.28905278	12103
-5.37761356	3.65686308	12104
-5.11631185	3.99565214	12105
-4.84514937	4.30638834	12106
-4.56702001	4.59043027	12107
-4.28424877	4.84935689	12108
-3.99865954	5.08483862	12109
-3.71164352	5.29854768	12110
-3.42423516	5.49208611	12111
-3.13717854	5.66695387	12112
-2.85098886	5.82451557	12113
-2.5660071	5.9660016	12114
-2.28243664	6.0924999	12115
-2.00038436	6.20496308	12116
-1.71988345	6.30422007	12117
-1.44091734	6.39098117	12118
-1.16343428	6.46585257	12119
-0.887361879	6.52934213	12120
-0.612617692	6.58187582	12121
-0.339113875	6.6237989	12122
-0.0667687497	6.65538767	12123
0.204494024	6.67685894	12124
0.474737131	6.68837152	12125
0.744009133	6.69003763	12126
1.01234346	6.68192327	12127
1.27975399	6.66405574	12128
1.54623994	6.63642469	12129
1.81177958	6.59898433	12130
2.07633248	6.55165954	12131
2.33983809	6.49434087	12132
2.60221068	6.42689023	12133
2.8633422	6.34914188	12134
3.1230953	6.26090051	12135
3.3813024	6.16194679	12136
3.6377638	6.05203494	12137
3.89224154	5.93089528	12138
4.14445787	5.7982375	12139
4.39408924	5.65375156	12140
4.64076226	5.49711059	12141
4.88404757	5.32797421	12142
5.12345164	5.14599552	12143
5.35840896	4.95082699	12144
5.58827702	4.74212739	12145
5.81232973	4.51957217	12146
6.029745	4.28286702	12147
6.23958802	4.03176648	12148
6.44080401	3.76610059	12149
6.63222466	3.48579718	12150
6.81257125	3.19089849	12151
6.98043308	2.88160866	12152
7.1342665	2.55834916	12153
7.2724062	2.22178312	12154
7.39316713	1.87285192	12155
7.49488376	1.51285055	12156
7.57601546	1.14346939	12157
7.63512999	0.766629684	12158
7.67107129	0.384649946	12159
8.68409719	2.78105339e-08	12160
8.67084049	-0.432884498	12161
8.63140593	-0.862978027	12162
8.56648081	-1.28768926	12163
8.47723943	-1.70457443	12164
8.36514105	-2.11158438	12165
8.23176355	-2.50689824	12166
8.07881902	-2.8890941	12167
7.90804847	-3.25710596	12168
7.72118224	-3.61015104	12169
7.51983511	-3.94769829	12170
7.30549456	-4.26944227	12171
7.07952141	-4.57524663	12172
6.84316949	-4.86509845	12173
6.59758006	-5.13909308	12174
6.34377462	-5.39741043	12175
6.08266213	-5.64028659	12176
5.81505528	-5.86799447	12177
5.541682	-6.08083003	12178
5.26319132	-6.27910143	12179
4.98015818	-6.46312118	12180
4.69309142	-6.6331994	12181
4.4024419	-6.78963607	12182
4.10860859	-6.93271726	12183
3.8119425	-7.06271175	12184
3.51275294	-7.17986962	12185
3.21130913	-7.28441841	12186
2.90784655	-7.37656033	12187
2.60256906	-7.45647418	12188
2.29565005	-7.5243096	12189
1.98723958	-7.58018861	12190
1.67746208	-7.62420441	12191
1.36642159	-7.65641554	12192
1.05420371	-7.67685059	12193
0.740873662	-7.68550216	12194
0.42648271	-7.68232431	12195
0.111063342	-7.66723163	12196
-0.20536622	-7.64009168	12197
-0.52280057	-7.60072407	12198
-0.841246369	-7.54888911	12199
-1.16071343	-7.48428634	12200
-1.48121481	-7.40654488	12201
-1.80275447	-7.31521179	12202
-2.12532195	-7.20975127	12203
-2.44888067	-7.08952849	12204
-2.77335242	-6.95380441	12205
-3.09860197	-6.80172211	12206
-3.42441197	-6.63230282	12207
-3.75045944	-6.44443556	12208
-4.0762738	-6.2368715	12209
-4.40119998	-6.00823392	12210
-4.72434313	-5.75701936	12211
-5.04450709	-5.48163318	12212
-5.36012813	-5.18042453	12213
-5.66919924	-4.85176204	12214
-5.96920301	-4.49412767	12215
-6.25704595	-4.1062502	12216
-6.52901737	-3.68727945	12217
-6.78078187	-3.23699966	12218
-7.00742755	-2.7560807	12219
-7.20362574	-2.24623622	12220
-7.363826	-1.7105389	12221
-7.48267662	-1.15353668	12222
-7.55576567	-0.580909413	12223
-7.58037813	-2.12270798e-07	12224
-7.55576571	0.580908993	12225
-7.48267669	1.15353628	12226
-7.36382611	1.71053853	12227
-7.20362586	2.2462359	12228
-7.00742771	2.75608041	12229
-6.7807821	3.23699936	12230
-6.52901759	3.68727926	12231
-6.25704608	4.10624992	12232
-5.96920319	4.49412744	12233
-5.66919939	4.85176186	12234
-5.36012828	5.18042437	12235
-5.04450723	5.48163303	12236
-4.72434328	5.75701923	12237
-4.40120012	6.00823381	12238
-4.07627394	6.2368714	12239
-3.75045957	6.44443548	12240
-3.4244121	6.63230275	12241
-3.0986021	6.80172204	12242
-2.77335255	6.95380435	12243
-2.44888079	7.08952843	12244
-2.12532207	7.20975123	12245
-1.80275458	7.31521176	12246
-1.48121492	7.40654484	12247
-1.16071354	7.48428631	12248
-0.841246479	7.54888909	12249
-0.522800666	7.60072405	12250
-0.20536632	7.64009167	12251
0.111063234	7.66723162	12252
0.426482621	7.68232428	12253
0.740873566	7.68550213	12254
1.05420362	7.6768506	12255
1.3664215	7.65641555	12256
1.67746199	7.62420442	12257
1.98723951	7.58018863	12258
2.29564997	7.52430962	12259
2.60256898	7.4564742	12260
2.90784647	7.37656035	12261
3.21130906	7.28441843	12262
3.51275287	7.17986965	12263
3.81194243	7.06271178	12264
4.10860852	6.93271729	12265
4.40244183	6.78963611	12266
4.69309136	6.63319944	12267
4.98015812	6.46312122	12268
5.26319127	6.27910147	12269
5.54168194	6.08083008	12270
5.81505523	5.86799451	12271
6.08266208	5.64028663	12272
6.34377458	5.39741048	12273
6.59758002	5.13909313	12274
6.84316945	4.8650985	12275
7.07952137	4.57524668	12276
7.30549453	4.26944232	12277
7.51983508	3.94769834	12278
7.72118221	3.61015109	12279
7.90804844	3.25710601	12280
8.07881899	2.88909416	12281
8.23176354	2.50689829	12282
8.36514104	2.11158443	12283
8.47723942	1.70457448	12284
8.5664808	1.28768931	12285
8.63140592	0.862978083	12286
8.67084049	0.432884553	12287
9.83494122	3.27675084e-08	12288
9.82036367	-0.487942803	12289
9.77696978	-0.972963103	12290
9.70545725	-1.45233699	12291
9.60701863	-1.9234841	12292
9.48314032	-2.38421569	12293
9.33543773	-2.83256838	12294
9.16567024	-3.26698041	12295
8.97563632	-3.68624717	12296
8.76713354	-4.08945174	12297
8.54185101	-4.47593841	12298
8.30135724	-4.84528498	12299
8.0471004	-5.19724551	12300
7.78042598	-5.53170691	12301
7.5025687	-5.84867514	12302
7.21464465	-6.14825003	12303
6.91765847	-6.43059534	12304
6.61251897	-6.69591883	12305
6.30004964	-6.9444583	12306
5.98099371	-7.17647027	12307
5.65601877	-7.39222124	12308
5.32572493	-7.59198008	12309
4.9906527	-7.77600942	12310
4.65128905	-7.94456162	12311
4.30807113	-8.09787477	12312
3.96139286	-8.2361708	12313
3.61160652	-8.35965098	12314
3.25902928	-8.46849295	12315
2.90394565	-8.56285213	12316
2.54660866	-8.64285564	12317
2.18724739	-8.70860361	12318
1.82606496	-8.76016759	12319
1.46324423	-8.79758474	12320
1.09895012	-8.8208621	12321
0.733328153	-8.82997066	12322
0.366511014	-8.8248427	12323
-0.00138625882	-8.80537068	12324
-0.370261587	-8.7713999	12325
-0.740024171	-8.72272703	12326
-1.11059335	-8.65908884	12327
-1.48188907	-8.58016074	12328
-1.85383124	-8.48554711	12329
-2.22632662	-8.37476976	12330
-2.59926286	-8.24726757	12331
-2.97249561	-8.1023808	12332
-3.34583212	-7.93934654	12333
-3.71901503	-7.75728609	12334
-4.09169618	-7.55520223	12335
-4.46341225	-7.33197035	12336
-4.83354224	-7.08633465	12337
-5.2012703	-6.81692017	12338
-5.56553022	-6.52223617	12339
-5.92494418	-6.20071447	12340
-6.27775725	-5.85074724	12341
-6.62176247	-5.47076612	12342
-6.95423572	-5.05933996	12343
-7.27187258	-4.61531193	12344
-7.57075079	-4.13797722	12345
-7.84632725	-3.62730036	12346
-8.09349153	-3.08417137	12347
-8.30671457	-2.51064336	12348
-8.48031708	-1.91001775	12349
-8.60884072	-1.28705269	12350
-8.68776721	-0.647834833	12351
-8.71433189	-2.29527883e-07	12352
-8.68776725	0.647834378	12353
-8.6088408	1.28705225	12354
-8.48031719	1.91001734	12355
-8.30671471	2.51064301	12356
-8.09349169	3.08417105	12357
-7.8463275	3.62730003	12358
-7.57075102	4.137977	12359
-7.27187273	4.61531162	12360
-6.95423591	5.0593397	12361
-6.62176263	5.47076592	12362
-6.27775741	5.85074705	12363
-5.92494434	6.2007143	12364
-5.56553038	6.52223602	12365
-5.20127047	6.81692003	12366
-4.8335424	7.08633454	12367
-4.4634124	7.33197024	12368
-4.09169633	7.55520213	12369
-3.71901518	7.75728601	12370
-3.34583227	7.93934647	12371
-2.97249575	8.10238073	12372
-2.599263	8.24726751	12373
-2.22632675	8.37476971	12374
-1.85383137	8.48554707	12375
-1.4818892	8.58016071	12376
-1.11059348	8.65908882	12377
-0.740024287	8.72272701	12378
-0.370261705	8.77139989	12379
-0.00138638518	8.80537068	12380
0.366510906	8.82484267	12381
0.733328039	8.82997063	12382
1.09895002	8.82086211	12383
1.46324413	8.79758475	12384
1.82606485	8.76016761	12385
2.1872473	8.70860362	12386
2.54660857	8.64285566	12387
2.90394555	8.56285216	12388
3.25902918	8.46849298	12389
3.61160643	8.35965101	12390
3.96139277	8.23617083	12391
4.30807105	8.09787481	12392
4.65128897	7.94456166	12393
4.99065263	7.77600946	12394
5.32572486	7.59198012	12395
5.6560187	7.39222129	12396
5.98099364	7.17647032	12397
6.30004957	6.94445835	12398
6.61251892	6.69591888	12399
6.91765842	6.43059539	12400
7.2146446	6.14825009	12401
7.50256865	5.84867519	12402
7.78042593	5.53170697	12403
8.04710036	5.19724557	12404
8.3013572	4.84528504	12405
8.54185097	4.47593847	12406
8.76713351	4.0894518	12407
8.97563629	3.68624723	12408
9.16567022	3.26698047	12409
9.33543771	2.83256844	12410
9.4831403	2.38421576	12411
9.60701862	1.92348416	12412
9.70545724	1.45233705	12413
9.77696977	0.972963169	12414
9.82036367	0.487942869	12415
11.1581464	3.86073985e-08	12416
11.1420679	-0.550874296	12417
11.0941746	-1.09868141	12418
11.0151746	-1.64055133	12419
10.9062791	-2.17375345	12420
10.7690021	-2.69594559	12421
10.6049973	-3.20500768	12422
10.4160728	-3.69922311	12423
10.2040865	-4.17723276	12424
9.97090601	-4.63796907	12425
9.71829872	-5.08063469	12426
9.4479192	-5.50467325	12427
9.16130905	-5.90971187	12428
8.85991238	-6.29552021	12429
8.54506537	-6.66199815	12430
8.21798769	-7.00914892	12431
7.87978965	-7.33704786	12432
7.53148701	-7.64582211	12433
7.17401029	-7.93563653	12434
6.80820915	-8.20668187	12435
6.43485671	-8.45916513	12436
6.05465783	-8.69330108	12437
5.66825669	-8.90930293	12438
5.2762427	-9.10737792	12439
4.87915414	-9.28772269	12440
4.47748485	-9.45052099	12441
4.07168592	-9.59593844	12442
3.66217236	-9.72411936	12443
3.24932577	-9.83518773	12444
2.83349567	-9.92924069	12445
2.41500726	-10.0063497	12446
1.99415987	-10.0665584	12447
1.57123301	-10.1098771	12448
1.14648911	-10.1362864	12449
0.720172627	-10.1457315	12450
0.292516744	-10.1381192	12451
-0.136261424	-10.1133173	12452
-0.565956032	-10.0711466	12453
-0.996370624	-10.0113798	12454
-1.42731662	-9.93372987	12455
-1.85860314	-9.83784861	12456
-2.29003568	-9.72331729	12457
-2.72140213	-9.58963508	12458
-3.15246626	-9.4362194	12459
-3.58295371	-9.2623906	12460
-4.01253466	-9.06736832	12461
-4.44080689	-8.85025991	12462
-4.86726852	-8.61005928	12463
-5.29129294	-8.34563965	12464
-5.71208572	-8.0557518	12465
-6.12864739	-7.7390384	12466
-6.53971796	-7.39404008	12467
-6.94371636	-7.01923639	12468
-7.33867616	-6.61308665	12469
-7.72217208	-6.17411227	12470
-8.09125745	-5.70099776	12471
-8.44240427	-5.19273086	12472
-8.77146963	-4.64878244	12473
-9.07369753	-4.06932641	12474
-9.34377712	-3.4554996	12475
-9.57599796	-2.80964378	12476
-9.7645166	-2.1354444	12477
-9.90377461	-1.43794549	12478
-9.98918298	-0.723451795	12479
-10.0179142	-2.48635073e-07	12480
-9.98918303	0.723451301	12481
-9.90377469	1.43794501	12482
-9.76451672	2.13544395	12483
-9.57599811	2.80964339	12484
-9.3437773	3.45549924	12485
-9.07369779	4.06932604	12486
-8.77146988	4.64878219	12487
-8.44240444	5.19273052	12488
-8.09125766	5.70099746	12489
-7.72217226	6.17411204	12490
-7.33867635	6.61308644	12491
-6.94371655	7.0192362	12492
-6.53971815	7.3940399	12493
-6.12864758	7.73903824	12494
-5.71208591	8.05575166	12495
-5.29129312	8.34563953	12496
-4.86726869	8.61005917	12497
-4.44080706	8.85025982	12498
-4.01253483	9.06736823	12499
-3.58295388	9.26239053	12500
-3.15246643	9.43621933	12501
-2.72140229	9.58963502	12502
-2.29003584	9.72331724	12503
-1.8586033	9.83784857	12504
-1.42731677	9.93372984	12505
-0.996370763	10.0113798	12506
-0.565956171	10.0711466	12507
-0.136261572	10.1133173	12508
0.292516615	10.1381192	12509
0.720172493	10.1457314	12510
1.14648899	10.1362864	12511
1.57123288	10.1098771	12512
1.99415974	10.0665584	12513
2.41500715	10.0063497	12514
2.83349555	9.92924071	12515
3.24932566	9.83518776	12516
3.66217226	9.72411939	12517
4.07168582	9.59593847	12518
4.47748475	9.45052103	12519
4.87915404	9.28772273	12520
5.27624261	9.10737796	12521
5.6682566	8.90930298	12522
6.05465775	8.69330113	12523
6.43485663	8.45916519	12524
6.80820907	8.20668193	12525
7.17401021	7.93563659	12526
7.53148694	7.64582218	12527
7.87978959	7.33704792	12528
8.21798762	7.00914898	12529
8.54506531	6.66199821	12530
8.85991233	6.29552028	12531
9.161309	5.90971194	12532
9.44791915	5.50467332	12533
9.71829868	5.08063476	12534
9.97090597	4.63796915	12535
10.2040865	4.17723283	12536
10.4160728	3.69922319	12537
10.6049973	3.20500775	12538
10.7690021	2.69594567	12539
10.9062791	2.17375353	12540
11.0151746	1.64055141	12541
11.0941746	1.09868148	12542
11.1420679	0.550874373	12543
12.6795271	4.54880956e-08	12544
12.6617391	-0.622889609	12545
12.6087206	-1.24255138	12546
12.5211906	-1.85595294	12547
12.4003797	-2.46019704	12548
12.2478303	-3.05277165	12549
12.065236	-3.63138332	12550
11.8544552	-4.19414325	12551
11.6174082	-4.73951949	12552
11.3560363	-5.26627514	12553
11.0721899	-5.77345195	12554
10.7676156	-6.26033979	12555
10.4439553	-6.72641922	12556
10.10276	-7.17132344	12557
9.74547625	-7.5948272	12558
9.37343777	-7.9968184	12559
8.98787188	-8.37726563	12560
8.58991358	-8.73619772	12561
8.18061357	-9.07368959	12562
7.76094189	-9.38984999	12563
7.33179195	-9.68481079	12564
6.89398883	-9.95871783	12565
6.44829649	-10.2117208	12566
5.99542355	-10.4439686	12567
5.53602661	-10.6556039	12568
5.07071729	-10.8467606	12569
4.60006378	-11.0175576	12570
4.12459766	-11.1680957	12571
3.64481685	-11.2984582	12572
3.16118702	-11.4087034	12573
2.67414958	-11.4988663	12574
2.18412055	-11.5689557	12575
1.691497	-11.6189486	12576
1.19666023	-11.6487937	12577
0.699975413	-11.6584055	12578
0.201798569	-11.6476619	12579
-0.29752831	-11.6164028	12580
-0.797672379	-11.5644229	12581
-1.29830792	-11.4914699	12582
-1.79911447	-11.397233	12583
-2.29976603	-11.281342	12584
-2.79992901	-11.1433572	12585
-3.29924746	-10.9827591	12586
-3.79733599	-10.7989486	12587
-4.29376474	-10.5912329	12588
-4.78804114	-10.3588221	12589
-5.27959238	-10.1008197	12590
-5.76773711	-9.81622231	12591
-6.25165976	-9.50391471	12592
-6.73036702	-9.16267021	12593
-7.2026507	-8.7911676	12594
-7.66703258	-8.38799999	12595
-8.12170485	-7.95171865	12596
-8.56446752	-7.48087693	12597
-8.99265693	-6.97411558	12598
-9.40308645	-6.4302667	12599
-9.79199033	-5.84849606	12600
-10.1549945	-5.22848399	12601
-10.4871236	-4.57064644	12602
-10.7828636	-3.87639719	12603
-11.0363228	-3.14839389	12604
-11.2415054	-2.39067479	12605
-11.3927382	-1.60865378	12606
-11.485358	-0.808998831	12607
-11.5165	-2.69861764e-07	12608
-11.4853581	0.808998295	12609
-11.3927382	1.60865325	12610
-11.2415055	2.3906743	12611
-11.036323	3.14839346	12612
-10.7828638	3.8763968	12613
-10.4871239	4.57064604	12614
-10.1549948	5.22848369	12615
-9.79199052	5.84849567	12616
-9.40308668	6.43026637	12617
-8.99265713	6.97411531	12618
-8.56446773	7.48087669	12619
-8.12170506	7.95171842	12620
-7.6670328	8.38799979	12621
-7.20265091	8.79116742	12622
-6.73036723	9.16267005	12623
-6.25165997	9.50391456	12624
-5.76773731	9.81622218	12625
-5.27959258	10.1008196	12626
-4.78804134	10.358822	12627
-4.29376493	10.5912328	12628
-3.79733619	10.7989485	12629
-3.29924765	10.982759	12630
-2.7999292	11.1433571	12631
-2.29976622	11.2813419	12632
-1.79911465	11.397233	12633
-1.29830809	11.4914699	12634
-0.797672543	11.5644229	12635
-0.297528483	11.6164027	12636
0.201798414	11.6476619	12637
0.699975255	11.6584054	12638
1.19666008	11.6487937	12639
1.69149686	11.6189486	12640
2.1841204	11.5689558	12641
2.67414944	11.4988664	12642
3.16118688	11.4087034	12643
3.64481672	11.2984582	12644
4.12459754	11.1680958	12645
4.60006366	11.0175576	12646
5.07071718	10.8467606	12647
5.5360265	10.655604	12648
5.99542344	10.4439687	12649
6.44829639	10.2117209	12650
6.89398873	9.9587179	12651
7.33179186	9.68481085	12652
7.7609418	9.38985006	12653
8.18061349	9.07368966	12654
8.5899135	8.73619779	12655
8.98787181	8.3772657	12656
9.3734377	7.99681848	12657
9.74547619	7.59482728	12658
10.1027599	7.17132352	12659
10.4439553	6.7264193	12660
10.7676155	6.26033987	12661
11.0721899	5.77345203	12662
11.3560363	5.26627522	12663
11.6174081	4.73951958	12664
11.8544552	4.19414334	12665
12.065236	3.63138341	12666
12.2478303	3.05277174	12667
12.4003797	2.46019713	12668
12.5211906	1.85595303	12669
12.6087205	1.24255147	12670
12.6617391	0.6228897	12671
14.428764	5.35946747e-08	12672
14.4090249	-0.705384561	12673
14.3501564	-1.40736139	12674
14.2528896	-2.10271624	12675
14.1184748	-2.78836574	12676
13.948485	-3.46160855	12677
13.7446551	-4.11995824	12678
13.5088971	-4.76133361	12679
13.2431968	-5.38400892	12680
12.9495741	-5.9865565	12681
12.629968	-6.56783542	12682
12.2862239	-7.12695954	12683
11.9200926	-7.66324074	12684
11.533241	-8.17615391	12685
11.1272368	-8.66532709	12686
10.7035394	-9.13051147	12687
10.2635061	-9.57154798	12688
9.80840544	-9.98834694	12689
9.33942319	-10.3808739	12690
8.85766579	-10.7491368	12691
8.36416388	-11.0931745	12692
7.85988057	-11.4130466	12693
7.34571818	-11.7088233	12694
6.8225238	-11.9805794	12695
6.29109236	-12.2283892	12696
5.75217388	-12.4523231	12697
5.20647488	-12.6524407	12698
4.65466536	-12.8287874	12699
4.09738192	-12.9813948	12700
3.53522932	-13.1102725	12701
2.96878863	-13.21541	12702
2.39861653	-13.2967728	12703
1.82525209	-13.3542978	12704
1.24922042	-13.3878953	12705
0.67103296	-13.3974444	12706
0.0911945612	-13.3827898	12707
-0.48980132	-13.3437403	12708
-1.07146781	-13.2800631	12709
-1.6533225	-13.1914802	12710
-2.23488524	-13.0776578	12711
-2.81566679	-12.9382055	12712
-3.395166	-12.7726666	12713
-3.97285428	-12.5805076	12714
-4.54816811	-12.3611198	12715
-5.12049295	-12.1138053	12716
-5.68914427	-11.8377752	12717
-6.25334947	-11.5321408	12718
-6.81221871	-11.1959159	12719
-7.36471876	-10.8280131	12720
-7.90962908	-10.427247	12721
-8.44550513	-9.99235384	12722
-8.97062362	-9.52200332	12723
-9.48292437	-9.01484545	12724
-9.97994982	-8.46955757	12725
-10.458776	-7.88493252	12726
-10.9159573	-7.25998525	12727
-11.3474741	-6.59409651	12728
-11.7487094	-5.88719365	12729
-12.1144605	-5.13997116	12730
-12.4390062	-4.35415369	12731
-12.7162729	-3.53274547	12732
-12.9401134	-2.68016611	12733
-13.104742	-1.80222691	12734
-13.2054252	-0.905963593	12735
-13.2392597	-2.93542053e-07	12736
-13.2054253	0.90596301	12737
-13.1047421	1.80222634	12738
-12.9401136	2.68016557	12739
-12.7162731	3.53274499	12740
-12.4390064	4.35415325	12741
-12.1144608	5.13997071	12742
-11.7487097	5.8871933	12743
-11.3474743	6.59409608	12744
-10.9159575	7.25998488	12745
-10.4587763	7.88493221	12746
-9.97995006	8.46955728	12747
-9.48292461	9.01484519	12748
-8.97062387	9.52200309	12749
-8.44550537	9.99235363	12750
-7.90962932	10.4272468	12751
-7.364719	10.8280129	12752
-6.81221895	11.1959157	12753
-6.2533497	11.5321407	12754
-5.6891445	11.837775	12755
-5.12049318	12.1138052	12756
-4.54816834	12.3611197	12757
-3.9728545	12.5805075	12758
-3.39516621	12.7726665	12759
-2.81566701	12.9382054	12760
-2.23488546	13.0776577	12761
-1.6533227	13.1914802	12762
-1.071468	13.2800631	12763
-0.489801522	13.3437403	12764
0.0911943776	13.3827897	12765
0.671032774	13.3974444	12766
1.24922024	13.3878953	12767
1.82525191	13.3542978	12768
2.39861635	13.2967729	12769
2.96878847	13.21541	12770
3.53522916	13.1102726	12771
4.09738176	12.9813948	12772
4.65466521	12.8287875	12773
5.20647473	12.6524407	12774
5.75217374	12.4523232	12775
6.29109223	12.2283893	12776
6.82252367	11.9805795	12777
7.34571806	11.7088233	12778
7.85988045	11.4130467	12779
8.36416376	11.0931745	12780
8.85766569	10.7491369	12781
9.33942309	10.380874	12782
9.80840534	9.98834703	12783
10.2635061	9.57154807	12784
10.7035393	9.13051156	12785
11.1272367	8.66532718	12786
11.5332409	8.176154	12787
11.9200926	7.66324083	12788
12.2862238	7.12695964	12789
12.6299679	6.56783552	12790
12.9495741	5.9865566	12791
13.2431967	5.38400902	12792
13.508897	4.76133372	12793
13.7446551	4.11995835	12794
13.948485	3.46160865	12795
14.1184748	2.78836585	12796
14.2528896	2.10271634	12797
14.3501564	1.4073615	12798
14.4090248	0.705384668	12799
16.4399829	6.31437831e-08	12800
16.4180129	-0.799967846	12801
16.3524559	-1.59632506	12802
16.2440551	-2.38565232	12803
16.0940829	-3.16465705	12804
15.9041444	-3.93042556	12805
15.676019	-4.6802555	12806
15.4116756	-5.41184972	12807
15.1131704	-6.12326453	12808
14.7826072	-6.81285706	12809
14.4220206	-7.47927875	12810
14.0333632	-8.12144227	12811
13.6185042	-8.73846567	12812
13.179237	-9.32964073	12813
12.7172629	-9.89442416	12814
12.2341804	-10.4324061	12815
11.731492	-10.9432759	12816
11.2106156	-11.4268024	12817
10.6728894	-11.8828193	12818
10.1195748	-12.3112124	12819
9.55185894	-12.7119066	12820
8.97086359	-13.0848559	12821
8.3776508	-13.4300316	12822
7.77322841	-13.747417	12823
7.1585528	-14.0370013	12824
6.53453629	-14.2987754	12825
5.9020484	-14.5327248	12826
5.26192289	-14.7388262	12827
4.61496111	-14.9170464	12828
3.96193359	-15.0673352	12829
3.3035884	-15.1896258	12830
2.64065084	-15.2838317	12831
1.97383051	-15.349841	12832
1.30382548	-15.3875192	12833
0.631323134	-15.3967041	12834
-0.0429925027	-15.3772027	12835
-0.718445623	-15.3287901	12836
-1.39436394	-15.251204	12837
-2.07007656	-15.1441408	12838
-2.74491147	-15.0072452	12839
-3.41818366	-14.8401096	12840
-4.08919162	-14.642265	12841
-4.75720109	-14.4131704	12842
-5.42143714	-14.1522158	12843
-6.08106724	-13.8587089	12844
-6.73518164	-13.5318739	12845
-7.38277487	-13.170845	12846
-8.02271587	-12.7746697	12847
-8.65372147	-12.3423081	12848
-9.2743124	-11.872638	12849
-9.88277707	-11.3644778	12850
-10.4771176	-10.8166011	12851
-11.0549933	-10.2277873	12852
-11.6136629	-9.59687119	12853
-12.1499182	-8.92283395	12854
-12.6600331	-8.2049123	12855
-13.1397171	-7.44274276	12856
-13.584096	-6.63654126	12857
-13.9877303	-5.78732152	12858
-14.3446867	-4.89715718	12859
-14.6487075	-3.96943378	12860
-14.8934948	-3.00898448	12861
-15.0731512	-2.02204942	12862
-15.1828752	-1.01606116	12863
-15.2197278	-3.20071739e-07	12864
-15.1828753	1.01606053	12865
-15.0731513	2.0220488	12866
-14.8934949	3.00898388	12867
-14.6487077	3.96943324	12868
-14.3446869	4.89715669	12869
-13.9877307	5.78732102	12870
-13.5840963	6.63654085	12871
-13.1397173	7.44274228	12872
-12.6600334	8.20491189	12873
-12.1499184	8.9228336	12874
-11.6136632	9.59687086	12875
-11.0549936	10.227787	12876
-10.4771179	10.8166009	12877
-9.88277735	11.3644775	12878
-9.27431267	11.8726378	12879
-8.65372175	12.3423079	12880
-8.02271614	12.7746695	12881
-7.38277514	13.1708448	12882
-6.73518191	13.5318737	12883
-6.08106751	13.8587087	12884
-5.4214374	14.1522157	12885
-4.75720135	14.4131703	12886
-4.08919188	14.6422649	12887
-3.41818391	14.8401095	12888
-2.74491172	15.0072451	12889
-2.07007679	15.1441408	12890
-1.39436417	15.251204	12891
-0.718445858	15.3287901	12892
-0.0429927199	15.3772026	12893
0.631322915	15.396704	12894
1.30382527	15.3875193	12895
1.97383031	15.349841	12896
2.64065063	15.2838317	12897
3.30358822	15.1896258	12898
3.9619334	15.0673352	12899
4.61496092	14.9170464	12900
5.26192271	14.7388262	12901
5.90204823	14.5327249	12902
6.53453613	14.2987755	12903
7.15855264	14.0370014	12904
7.77322826	13.7474171	12905
8.37765066	13.4300316	12906
8.97086345	13.084856	12907
9.55185881	12.7119067	12908
10.1195747	12.3112125	12909
10.6728893	11.8828194	12910
11.2106154	11.4268025	12911
11.7314919	10.943276	12912
12.2341803	10.4324062	12913
12.7172628	9.89442427	12914
13.1792369	9.32964084	12915
13.6185041	8.73846578	12916
14.0333632	8.12144239	12917
14.4220205	7.47927887	12918
14.7826072	6.81285718	12919
15.1131703	6.12326465	12920
15.4116756	5.41184984	12921
15.676019	4.68025562	12922
15.9041443	3.93042569	12923
16.0940829	3.16465718	12924
16.244055	2.38565245	12925
16.3524559	1.59632519	12926
16.4180129	0.799967972	12927
18.7524206	7.4388724e-08	12928
18.7278962	-0.908492952	12929
18.65468	-1.81314507	12930
18.533529	-2.71030448	12931
18.3657396	-3.59644213	12932
18.1529517	-4.46840493	12933
17.896993	-5.32324761	12934
17.5998939	-6.15842975	12935
17.2637864	-6.97176183	12936
16.8908656	-7.76135763	12937
16.4832695	-8.52563254	12938
16.0430681	-9.26326928	12939
15.5722597	-9.97316348	12940
15.0727773	-10.6543955	12941
14.5464694	-11.3062227	12942
13.9950898	-11.9280462	12943
13.4203032	-12.5193768	12944
12.8236954	-13.0798151	12945
12.2067771	-13.6090378	12946
11.5709855	-14.1067833	12947
10.917687	-14.5728393	12948
10.2481854	-15.007031	12949
9.56372747	-15.4092093	12950
8.86550738	-15.7792457	12951
8.15466973	-16.1170244	12952
7.43231689	-16.4224389	12953
6.69950992	-16.6953836	12954
5.95727583	-16.9357503	12955
5.20661097	-17.1434272	12956
4.4484827	-17.3182906	12957
3.68383792	-17.4602059	12958
2.91360307	-17.5690235	12959
2.13869153	-17.6445741	12960
1.36000823	-17.6866706	12961
0.578451086	-17.695103	12962
-0.205081483	-17.6696363	12963
-0.989695471	-17.6100089	12964
-1.77449682	-17.5159276	12965
-2.55858935	-17.3870636	12966
-3.341072	-17.2230424	12967
-4.12102655	-17.0234434	12968
-4.89751334	-16.7877915	12969
-5.66955448	-16.5155465	12970
-6.4361256	-16.2061075	12971
-7.19613817	-15.8588004	12972
-7.94841937	-15.4728778	12973
-8.69169335	-15.0475141	12974
-9.42455087	-14.5818112	12975
-10.1454226	-14.0747992	12976
-10.8525352	-13.5254448	12977
-11.543876	-12.9326768	12978
-12.2171398	-12.2954046	12979
-12.8696746	-11.6125709	12980
-13.4984263	-10.8832056	12981
-14.0998763	-10.1065186	12982
-14.6699951	-9.28201138	12983
-15.2042012	-8.4096212	12984
-15.6973476	-7.48989848	12985
-16.1437468	-6.52422153	12986
-16.5372464	-5.51505571	12987
-16.8714016	-4.46620711	12988
-17.1397628	-3.38295895	12989
-17.3363217	-2.27201595	12990
-17.45621	-1.14124145	12991
-17.4964549	-3.49887565e-07	12992
-17.4562101	1.14124075	12993
-17.3363218	2.27201527	12994
-17.139763	3.38295829	12995
-16.8714018	4.46620651	12996
-16.5372466	5.51505517	12997
-16.1437472	6.52422098	12998
-15.6973479	7.48989802	12999
-15.2042014	8.40962066	13000
-14.6699954	9.28201092	13001
-14.0998766	10.1065182	13002
-13.4984266	10.8832052	13003
-12.8696749	11.6125706	13004
-12.2171401	12.2954043	13005
-11.5438763	12.9326766	13006
-10.8525355	13.5254446	13007
-10.1454229	14.074799	13008
-9.42455118	14.581811	13009
-8.69169366	15.0475139	13010
-7.94841968	15.4728776	13011
-7.19613848	15.8588002	13012
-6.4361259	16.2061074	13013
-5.66955478	16.5155463	13014
-4.89751364	16.7877914	13015
-4.12102684	17.0234433	13016
-3.3410723	17.2230423	13017
-2.55858962	17.3870636	13018
-1.77449709	17.5159275	13019
-0.989695746	17.6100089	13020
-0.205081739	17.6696362	13021
0.57845083	17.6951029	13022
1.36000799	17.6866706	13023
2.13869129	17.6445741	13024
2.91360283	17.5690235	13025
3.6838377	17.4602059	13026
4.44848248	17.3182907	13027
5.20661075	17.1434273	13028
5.95727563	16.9357504	13029
6.69950972	16.6953836	13030
7.4323167	16.4224389	13031
8.15466955	16.1170245	13032
8.8655072	15.7792458	13033
9.5637273	15.4092094	13034
10.2481853	15.0070311	13035
10.9176868	14.5728394	13036
11.5709853	14.1067835	13037
12.206777	13.6090379	13038
12.8236953	13.0798153	13039
13.4203031	12.5193769	13040
13.9950897	11.9280463	13041
14.5464693	11.3062228	13042
15.0727772	10.6543956	13043
15.5722596	9.97316362	13044
16.043068	9.26326942	13045
16.4832694	8.52563268	13046
16.8908655	7.76135777	13047
17.2637863	6.97176197	13048
17.5998938	6.1584299	13049
17.896993	5.32324776	13050
18.1529517	4.46840508	13051
18.3657396	3.59644227	13052
18.533529	2.71030463	13053
18.65468	1.81314522	13054
18.7278962	0.908493101	13055
21.4111907	8.76253184e-08	13056
21.3837374	-1.03309494	13057
21.3017394	-2.06208661	13058
21.1659691	-3.08305823	13059
20.9777493	-4.09221221	13060
20.7387584	-5.0861243	13061
20.4508771	-6.06157469	13062
20.1162028	-7.01574786	13063
19.7369508	-7.9461762	13064
19.3154154	-8.85069783	13065
18.8538483	-9.72745945	13066
18.354448	-10.574881	13067
17.8193553	-11.3916029	13068
17.2506573	-12.176462	13069
16.6503665	-12.9284838	13070
16.0204098	-13.6468491	13071
15.3626341	-14.3308587	13072
14.6788146	-14.979915	13073
13.9706573	-15.5935079	13074
13.2397997	-16.1712007	13075
12.4878134	-16.7126159	13076
11.7162117	-17.2174241	13077
10.9264541	-17.685331	13078
10.1199513	-18.1160721	13079
9.29806707	-18.5094046	13080
8.46212576	-18.8651037	13081
7.61341322	-19.182953	13082
6.75318385	-19.4627415	13083
5.88266415	-19.7042617	13084
5.0030544	-19.9073017	13085
4.11553731	-20.0716451	13086
3.22127826	-20.1970679	13087
2.32143309	-20.2833327	13088
1.41715296	-20.3301913	13089
0.509586492	-20.3373794	13090
-0.400112651	-20.304615	13091
-1.31079074	-20.2315967	13092
-2.2212899	-20.1179995	13093
-3.13044613	-19.9634708	13094
-4.03708649	-19.7676198	13095
-4.94001632	-19.5300189	13096
-5.83801449	-19.2501942	13097
-6.72981594	-18.9276168	13098
-7.61410338	-18.5617078	13099
-8.48948894	-18.1518266	13100
-9.35449366	-17.6972724	13101
-10.2075288	-17.1972809	13102
-11.0468652	-16.6510319	13103
-11.8706066	-16.0576524	13104
-12.676646	-15.4162277	13105
-13.4626316	-14.7258301	13106
-14.2259145	-13.9855401	13107
-14.9634972	-13.1945033	13108
-15.6719812	-12.3519864	13109
-16.3475082	-11.457473	13110
-16.9857199	-10.510777	13111
-17.5817214	-9.51218596	13112
-18.1300754	-8.46263569	13113
-18.6248332	-7.36391944	13114
-19.059614	-6.2189423	13115
-19.4277817	-5.03197526	13116
-19.7227329	-3.80879309	13117
-19.9383476	-2.55660588	13118
-20.0696912	-1.28374726	13119
-20.1137585	-3.83488436e-07	13120
-20.0696913	1.2837465	13121
-19.9383477	2.55660513	13122
-19.722733	3.80879236	13123
-19.4277819	5.03197459	13124
-19.0596142	6.21894169	13125
-18.6248335	7.36391882	13126
-18.1300758	8.46263517	13127
-17.5817217	9.51218536	13128
-16.9857202	10.5107765	13129
-16.3475086	11.4574726	13130
-15.6719815	12.3519859	13131
-14.9634975	13.1945029	13132
-14.2259149	13.9855397	13133
-13.4626319	14.7258297	13134
-12.6766464	15.4162274	13135
-11.870607	16.0576521	13136
-11.0468656	16.6510316	13137
-10.2075292	17.1972807	13138
-9.35449401	17.6972722	13139
-8.4894893	18.1518264	13140
-7.61410373	18.5617077	13141
-6.72981629	18.9276167	13142
-5.83801483	19.2501941	13143
-4.94001665	19.5300188	13144
-4.03708683	19.7676197	13145
-3.13044646	19.9634707	13146
-2.22129022	20.1179995	13147
-1.31079107	20.2315966	13148
-0.400112952	20.304615	13149
0.509586192	20.3373794	13150
1.41715267	20.3301913	13151
2.3214328	20.2833328	13152
3.22127798	20.1970679	13153
4.11553705	20.0716452	13154
5.00305414	19.9073017	13155
5.8826639	19.7042618	13156
6.75318361	19.4627415	13157
7.61341299	19.1829531	13158
8.46212553	18.8651038	13159
9.29806685	18.5094047	13160
10.1199511	18.1160722	13161
10.9264539	17.6853311	13162
11.7162115	17.2174242	13163
12.4878132	16.7126161	13164
13.2397995	16.1712009	13165
13.9706571	15.5935081	13166
14.6788144	14.9799152	13167
15.362634	14.3308589	13168
16.0204097	13.6468492	13169
16.6503664	12.928484	13170
17.2506572	12.1764621	13171
17.8193552	11.3916031	13172
18.3544479	10.5748811	13173
18.8538482	9.72745962	13174
19.3154153	8.850698	13175
19.7369507	7.94617637	13176
20.1162027	7.01574803	13177
20.450877	6.06157486	13178
20.7387584	5.08612447	13179
20.9777493	4.09221238	13180
21.1659691	3.0830584	13181
21.3017394	2.06208678	13182
21.3837374	1.03309512	13183
24.4681629	1.03198702e-07	13184
24.437348	-1.17623284	13185
24.3452703	-2.34806208	13186
24.1927197	-3.51126814	13187
23.9810487	-4.66174728	13188
23.7119788	-5.79576685	13189
23.387449	-6.90979559	13190
23.0096314	-8.00070578	13191
22.5808328	-9.06571442	13192
22.1034568	-10.1023467	13193
21.5798807	-11.108443	13194
21.0124452	-12.0821228	13195
20.4034488	-13.0217343	13196
19.75515	-13.9258332	13197
19.0697442	-14.793177	13198
18.3493527	-15.6226893	13199
17.5960275	-16.4134256	13200
16.8117581	-17.1645553	13201
15.9984722	-17.8753482	13202
15.158036	-18.5451594	13203
14.292256	-19.1734153	13204
13.4028864	-19.7596017	13205
12.491633	-20.3032503	13206
11.560157	-20.8039336	13207
10.6100772	-21.2612562	13208
9.64297724	-21.6748506	13209
8.6604062	-22.0443671	13210
7.66388544	-22.3694713	13211
6.65491241	-22.6498412	13212
5.63496218	-22.8851588	13213
4.60549615	-23.0751113	13214
3.56796261	-23.2193861	13215
2.52380466	-23.3176667	13216
1.47446545	-23.3696341	13217
0.421390818	-23.3749624	13218
-0.633962991	-23.3333176	13219
-1.69013452	-23.2443553	13220
-2.74565347	-23.1077189	13221
-3.79903901	-22.9230333	13222
-4.8487969	-22.6898964	13223
-5.89340644	-22.4078802	13224
-6.93131524	-22.0765223	13225
-7.96092122	-21.6953174	13226
-8.98056449	-21.2637242	13227
-9.98850842	-20.781154	13228
-10.982919	-20.2469743	13229
-11.9618464	-19.6605068	13230
-12.9231943	-19.0210371	13231
-13.8646935	-18.3278206	13232
-14.783859	-17.5800955	13233
-15.6779571	-16.7771151	13234
-16.5439551	-15.9181724	13235
-17.3784716	-15.0026598	13236
-18.1777286	-14.0301281	13237
-18.9374963	-13.0003851	13238
-19.6530584	-11.9136093	13239
-20.3191827	-10.7704941	13240
-20.930121	-9.57241676	13241
-21.4796473	-8.32164158	13242
-21.9611423	-7.02156725	13243
-22.3677719	-5.6769799	13244
-22.6927754	-4.29419303	13245
-22.9299191	-2.88096878	13246
-23.0742015	-1.44615708	13247
-23.1225856	-4.21442588e-07	13248
-23.0742016	1.44615624	13249
-22.9299192	2.88096795	13250
-22.6927756	4.29419222	13251
-22.3677722	5.67697915	13252
-21.9611426	7.02156656	13253
-21.4796476	8.32164089	13254
-20.9301213	9.57241616	13255
-20.3191831	10.7704934	13256
-19.6530588	11.9136087	13257
-18.9374966	13.0003846	13258
-18.177729	14.0301277	13259
-17.378472	15.0026593	13260
-16.5439555	15.918172	13261
-15.6779575	16.7771147	13262
-14.7838594	17.5800951	13263
-13.8646939	18.3278203	13264
-12.9231947	19.0210368	13265
-11.9618468	19.6605065	13266
-10.9829194	20.2469741	13267
-9.98850883	20.7811538	13268
-8.9805649	21.263724	13269
-7.96092162	21.6953172	13270
-6.93131564	22.0765221	13271
-5.89340684	22.4078801	13272
-4.84879729	22.6898963	13273
-3.79903939	22.9230333	13274
-2.74565384	23.1077189	13275
-1.69013489	23.2443553	13276
-0.633963345	23.3333175	13277
0.421390467	23.3749624	13278
1.47446511	23.3696341	13279
2.52380432	23.3176667	13280
3.56796228	23.2193862	13281
4.60549584	23.0751114	13282
5.63496187	22.8851589	13283
6.65491211	22.6498412	13284
7.66388515	22.3694714	13285
8.66040592	22.0443672	13286
9.64297698	21.6748507	13287
10.6100769	21.2612563	13288
11.5601568	20.8039338	13289
12.4916328	20.3032504	13290
13.4028862	19.7596018	13291
14.2922558	19.1734155	13292
15.1580358	18.5451596	13293
15.998472	17.8753483	13294
16.8117579	17.1645555	13295
17.5960274	16.4134257	13296
18.3493526	15.6226894	13297
19.069744	14.7931771	13298
19.7551499	13.9258334	13299
20.4034487	13.0217345	13300
21.0124451	12.082123	13301
21.5798806	11.1084432	13302
22.1034567	10.1023469	13303
22.5808328	9.06571462	13304
23.0096314	8.00070598	13305
23.3874489	6.90979579	13306
23.7119787	5.79576705	13307
23.9810486	4.66174748	13308
24.1927196	3.51126835	13309
24.3452703	2.34806229	13310
24.437348	1.17623305	13311
27.9829757	1.21511165e-07	13312
27.9482989	-1.34073847	13313
27.8446414	-2.67672867	13314
27.672813	-4.00340388	13315
27.4341998	-5.31631029	13316
27.130572	-6.61136333	13317
26.763934	-7.88467713	13318
26.3365411	-9.13276865	13319
25.8508019	-10.3524963	13320
25.3092416	-11.541029	13321
24.7143768	-12.6958579	13322
24.0687064	-13.8147588	13323
23.3747051	-14.8957443	13324
22.6348226	-15.937047	13325
21.8514596	-16.9371139	13326
21.0269563	-17.8945699	13327
20.1635965	-18.8081844	13328
19.2636125	-19.6768542	13329
18.3291846	-20.4995902	13330
17.3624401	-21.2755024	13331
16.3654552	-22.0037848	13332
15.3402616	-22.6837039	13333
14.2888491	-23.3145845	13334
13.2131697	-23.8958051	13335
12.1151386	-24.4267879	13336
10.9966418	-24.9069951	13337
9.85953612	-25.3359184	13338
8.70565578	-25.7130756	13339
7.53681647	-26.0380085	13340
6.3548166	-26.310274	13341
5.16144603	-26.5294447	13342
3.95848686	-26.6951047	13343
2.74772143	-26.8068452	13344
1.53093784	-26.8642662	13345
0.309933048	-26.8669723	13346
-0.913479408	-26.8145719	13347
-2.13747487	-26.7066754	13348
-3.36021459	-26.5428941	13349
-4.57984441	-26.3228339	13350
-5.79449195	-26.046087	13351
-7.00225346	-25.7122342	13352
-8.20118819	-25.3208365	13353
-9.38930002	-24.8714277	13354
-10.5645297	-24.3635224	13355
-11.7247356	-23.7966062	13356
-12.867673	-23.1701402	13357
-13.9909763	-22.4835613	13358
-15.0921287	-21.7362936	13359
-16.1684361	-20.9277569	13360
-17.2169855	-20.0573824	13361
-18.2346136	-19.1246477	13362
-19.2178584	-18.1291053	13363
-20.1629124	-17.0704441	13364
-21.0655788	-15.9485526	13365
-21.9212206	-14.7636186	13366
-22.724732	-13.5162446	13367
-23.4705155	-12.2075905	13368
-24.1524888	-10.8395377	13369
-24.7641309	-9.41488387	13370
-25.2985706	-7.93758191	13371
-25.748767	-6.41299006	13372
-26.107797	-4.84801439	13373
-26.3693099	-3.25102251	13374
-26.5282354	-1.63143414	13375
-26.5815042	-4.64395769e-07	13376
-26.5282354	1.63143322	13377
-26.3693101	3.25102159	13378
-26.1077972	4.8480135	13379
-25.7487673	6.41298922	13380
-25.2985709	7.93758114	13381
-24.7641313	9.41488309	13382
-24.1524892	10.839537	13383
-23.4705158	12.2075898	13384
-22.7247324	13.516244	13385
-21.921221	14.763618	13386
-21.0655792	15.948552	13387
-20.1629128	17.0704435	13388
-19.2178588	18.1291048	13389
-18.2346141	19.1246473	13390
-17.216986	20.0573819	13391
-16.1684366	20.9277565	13392
-15.0921292	21.7362932	13393
-13.9909768	22.483561	13394
-12.8676735	23.17014	13395
-11.7247361	23.796606	13396
-10.5645302	24.3635221	13397
-9.38930049	24.8714275	13398
-8.20118865	25.3208364	13399
-7.00225392	25.712234	13400
-5.79449241	26.0460869	13401
-4.57984485	26.3228338	13402
-3.36021502	26.542894	13403
-2.1374753	26.7066754	13404
-0.913479822	26.8145719	13405
0.309932638	26.8669723	13406
1.53093744	26.8642662	13407
2.74772103	26.8068453	13408
3.95848648	26.6951047	13409
5.16144567	26.5294448	13410
6.35481624	26.3102741	13411
7.53681613	26.0380086	13412
8.70565545	25.7130757	13413
9.8595358	25.3359185	13414
10.9966415	24.9069952	13415
12.1151383	24.426788	13416
13.2131694	23.8958053	13417
14.2888488	23.3145847	13418
15.3402613	22.683704	13419
16.3654549	22.003785	13420
17.3624399	21.2755026	13421
18.3291844	20.4995904	13422
19.2636123	19.6768544	13423
20.1635963	18.8081846	13424
21.0269561	17.8945701	13425
21.8514594	16.9371141	13426
22.6348224	15.9370472	13427
23.374705	14.8957446	13428
24.0687063	13.814759	13429
24.7143767	12.6958582	13430
25.3092415	11.5410292	13431
25.8508018	10.3524965	13432
26.336541	9.13276889	13433
26.7639339	7.88467737	13434
27.1305719	6.61136357	13435
27.4341998	5.31631054	13436
27.6728129	4.00340413	13437
27.8446414	2.67672891	13438
27.9482989	1.34073871	13439
32.0241997	1.43031218e-07	13440
31.9850829	-1.52987265	13441
31.8681123	-3.05460065	13442
31.6741204	-4.56921842	13443
31.404532	-6.06887085	13444
31.0611721	-7.54907066	13445
30.6461194	-9.00552708	13446
30.1617227	-10.4343515	13447
29.6105048	-11.8319936	13448
28.9951267	-13.1952165	13449
28.3182612	-14.5211118	13450
27.5825844	-15.8070619	13451
26.7907678	-17.0506948	13452
25.9454763	-18.2498708	13453
25.0493418	-19.4026781	13454
24.1049521	-20.5073954	13455
23.1148534	-21.562459	13456
22.0815544	-22.5664478	13457
21.0075233	-23.5180696	13458
19.8951865	-24.4161463	13459
18.7469297	-25.2595982	13460
17.5651045	-26.0474331	13461
16.3520289	-26.7787313	13462
15.1099918	-27.4526411	13463
13.8412527	-28.0683687	13464
12.5480501	-28.6251746	13465
11.2325999	-29.1223617	13466
9.89710252	-29.5592736	13467
8.54374661	-29.9352909	13468
7.17471017	-30.2498228	13469
5.79216917	-30.5023078	13470
4.39829846	-30.6922094	13471
2.9952798	-30.8190126	13472
1.58530754	-30.8822244	13473
0.17059206	-30.8813715	13474
-1.24663261	-30.8159992	13475
-2.66411462	-30.6856703	13476
-4.07958221	-30.489965	13477
-5.49074286	-30.2284743	13478
-6.89528072	-29.9007923	13479
-8.29084357	-29.5065197	13480
-9.67503684	-29.0452558	13481
-11.0454052	-28.5165915	13482
-12.3994253	-27.92012	13483
-13.7344862	-27.2554272	13484
-15.0478694	-26.5220976	13485
-16.3367316	-25.7197174	13486
-17.5980749	-24.8478873	13487
-18.8287218	-23.9062336	13488
-20.0252748	-22.8944262	13489
-21.1840874	-21.8122171	13490
-22.3012174	-20.6594712	13491
-23.3723839	-19.4362313	13492
-24.3929274	-18.1427836	13493
-25.3577637	-16.779759	13494
-26.2613619	-15.3482498	13495
-27.0977284	-13.8499503	13496
-27.8604204	-12.2873155	13497
-28.5426007	-10.6637467	13498
-29.13713	-8.98381872	13499
-29.6367502	-7.25352678	13500
-30.0343683	-5.48043105	13501
-30.3235116	-3.67356587	13502
-30.4990376	-1.84298281	13503
-30.5578439	-5.13080717e-07	13504
-30.4990377	1.84298179	13505
-30.3235118	3.67356485	13506
-30.0343685	5.48043005	13507
-29.6367504	7.25352585	13508
-29.1371303	8.98381786	13509
-28.5426011	10.6637458	13510
-27.8604209	12.2873147	13511
-27.0977288	13.8499494	13512
-26.2613624	15.348249	13513
-25.3577641	16.7797583	13514
-24.3929279	18.142783	13515
-23.3723844	19.4362307	13516
-22.301218	20.6594706	13517
-21.184088	21.8122166	13518
-20.0252754	22.8944258	13519
-18.8287223	23.9062332	13520
-17.5980754	24.8478869	13521
-16.3367322	25.719717	13522
-15.04787	26.5220973	13523
-13.7344867	27.2554269	13524
-12.3994258	27.9201198	13525
-11.0454057	28.5165913	13526
-9.67503737	29.0452556	13527
-8.2908441	29.5065195	13528
-6.89528125	29.9007922	13529
-5.49074337	30.2284742	13530
-4.07958271	30.4899649	13531
-2.66411513	30.6856702	13532
-1.24663309	30.8159992	13533
0.170591581	30.8813714	13534
1.58530707	30.8822244	13535
2.99527934	30.8190126	13536
4.39829801	30.6922095	13537
5.79216875	30.5023079	13538
7.17470975	30.2498229	13539
8.54374621	29.935291	13540
9.89710213	29.5592737	13541
11.2325995	29.1223619	13542
12.5480498	28.6251747	13543
13.8412524	28.0683689	13544
15.1099914	27.4526413	13545
16.3520286	26.7787315	13546
17.5651042	26.0474333	13547
18.7469294	25.2595984	13548
19.8951862	24.4161465	13549
21.007523	23.5180698	13550
22.0815542	22.5664481	13551
23.1148532	21.5624593	13552
24.1049518	20.5073956	13553
25.0493416	19.4026784	13554
25.9454761	18.249871	13555
26.7907677	17.0506951	13556
27.5825842	15.8070622	13557
28.3182611	14.5211121	13558
28.9951266	13.1952168	13559
29.6105047	11.8319939	13560
30.1617226	10.4343518	13561
30.6461193	9.00552736	13562
31.061172	7.54907095	13563
31.4045319	6.06887113	13564
31.6741203	4.5692187	13565
31.8681122	3.05460093	13566
31.9850829	1.52987294	13567
36.6706751	1.68304072e-07	13568
36.6264505	-1.74738998	13569
36.4941645	-3.48917871	13570
36.274676	-5.21994161	13571
35.969454	-6.93436264	13572
35.5803863	-8.62749266	13573
35.1096359	-10.2945774	13574
34.5596578	-11.9312643	13575
33.9331035	-13.5335361	13576
33.232787	-15.0976923	13577
32.4615569	-16.6203677	13578
31.6222887	-18.0984938	13579
30.7178759	-19.5292569	13580
29.7512257	-20.9100893	13581
28.7252319	-22.2386645	13582
27.6427628	-23.5128602	13583
26.5066633	-24.7307264	13584
25.3197568	-25.8904713	13585
24.0848407	-26.9904493	13586
22.8046844	-28.029145	13587
21.4820295	-29.0051578	13588
20.1195962	-29.9171913	13589
18.7200821	-30.7640379	13590
17.2861661	-31.544575	13591
15.8205082	-32.2577538	13592
14.3257566	-32.9025969	13593
12.8045461	-33.4781851	13594
11.2595051	-33.9836563	13595
9.69325849	-34.4182019	13596
8.10842903	-34.7810581	13597
6.50764553	-35.0715071	13598
4.89354374	-35.2888725	13599
3.26877448	-35.4325168	13600
1.63600918	-35.5018418	13601
-0.00205641901	-35.496287	13602
-1.64269485	-35.4153289	13603
-3.28315334	-35.2584804	13604
-4.92065274	-35.0252929	13605
-6.55238742	-34.7153479	13606
-8.17552305	-34.328251	13607
-9.78718383	-33.8636365	13608
-11.3844465	-33.3211597	13609
-12.9643219	-32.7004908	13610
-14.5237487	-32.0013278	13611
-16.0595737	-31.2233876	13612
-17.5685326	-30.3664135	13613
-19.047234	-29.4301804	13614
-20.4921305	-28.4145099	13615
-21.899495	-27.3192835	13616
-23.2653819	-26.1444623	13617
-24.5856008	-24.8901298	13618
-25.8556722	-23.5565244	13619
-27.0707883	-22.1441075	13620
-28.2257781	-20.6536309	13621
-29.3150651	-19.0862398	13622
-30.3326538	-17.44359	13623
-31.272119	-15.7279864	13624
-32.1266278	-13.9425354	13625
-32.8890019	-12.0913195	13626
-33.5518153	-10.179613	13627
-34.1075788	-8.21412121	13628
-34.5490204	-6.20312908	13629
-34.8695381	-4.15640805	13630
-35.0639125	-2.08471333	13631
-35.1290058	-5.68328137e-07	13632
-35.0639126	2.08471219	13633
-34.8695382	4.15640692	13634
-34.5490206	6.20312797	13635
-34.1075791	8.21412016	13636
-33.5518156	10.179612	13637
-32.8890024	12.0913185	13638
-32.1266283	13.9425345	13639
-31.2721194	15.7279855	13640
-30.3326543	17.4435892	13641
-29.3150656	19.086239	13642
-28.2257786	20.6536302	13643
-27.0707889	22.1441068	13644
-25.8556728	23.5565238	13645
-24.5856014	24.8901292	13646
-23.2653825	26.1444618	13647
-21.8994956	27.319283	13648
-20.4921311	28.4145095	13649
-19.0472347	29.43018	13650
-17.5685332	30.3664131	13651
-16.0595743	31.2233872	13652
-14.5237493	32.0013275	13653
-12.9643226	32.7004905	13654
-11.3844471	33.3211594	13655
-9.78718444	33.8636363	13656
-8.17552366	34.3282509	13657
-6.55238802	34.7153477	13658
-4.92065332	35.0252928	13659
-3.28315392	35.2584804	13660
-1.64269541	35.4153288	13661
-0.00205697602	35.4962869	13662
1.63600863	35.5018419	13663
3.26877395	35.4325168	13664
4.89354322	35.2888726	13665
6.50764503	35.0715072	13666
8.10842854	34.7810582	13667
9.69325801	34.418202	13668
11.2595046	33.9836564	13669
12.8045456	33.4781853	13670
14.3257561	32.9025971	13671
15.8205078	32.257754	13672
17.2861657	31.5445752	13673
18.7200817	30.7640382	13674
20.1195959	29.9171915	13675
21.4820292	29.005158	13676
22.804684	28.0291452	13677
24.0848404	26.9904496	13678
25.3197565	25.8904716	13679
26.5066631	24.7307266	13680
27.6427625	23.5128605	13681
28.7252317	22.2386648	13682
29.7512255	20.9100896	13683
30.7178757	19.5292572	13684
31.6222885	18.0984941	13685
32.4615568	16.6203681	13686
33.2327868	15.0976927	13687
33.9331033	13.5335364	13688
34.5596577	11.9312646	13689
35.1096358	10.2945777	13690
35.5803862	8.627493	13691
35.9694539	6.93436298	13692
36.274676	5.21994195	13693
36.4941645	3.48917904	13694
36.6264505	1.74739032	13695
42.0130499	1.97963752e-07	13696
41.9629464	-1.99761334	13697
41.8130329	-3.98909885	13698
41.5641987	-5.96850313	13699
41.2179636	-7.92997983	13700
40.776288	-9.86804917	13701
40.241431	-11.7774251	13702
39.6159687	-13.6532234	13703
38.9026986	-15.4908925	13704
38.1046083	-17.2862014	13705
37.224745	-19.0352612	13706
36.2662098	-20.7344865	13707
35.2321474	-22.3805568	13708
34.1257398	-23.9704111	13709
32.9501777	-25.5012448	13710
31.708649	-26.9704714	13711
30.4043389	-28.3756929	13712
29.0404303	-29.7146875	13713
27.6200976	-30.9853976	13714
26.1465039	-32.1859141	13715
24.622801	-33.3144616	13716
23.0521337	-34.3693872	13717
21.4376387	-35.3491461	13718
19.782447	-36.2522974	13719
18.0896829	-37.0774935	13720
16.3624717	-37.8234775	13721
14.6039362	-38.4890695	13722
12.8172039	-39.0731666	13723
11.0054095	-39.5747389	13724
9.17169559	-39.9928209	13725
7.31922109	-40.3265132	13726
5.45116156	-40.574978	13727
3.57071724	-40.7374375	13728
1.68111843	-40.8131746	13729
-0.214370683	-40.8015314	13730
-2.11244516	-40.7019102	13731
-4.00976637	-40.5137725	13732
-5.90296227	-40.2366435	13733
-7.78862818	-39.8701028	13734
-9.66332517	-39.4137795	13735
-11.5235678	-38.8673579	13736
-13.3658185	-38.2305709	13737
-15.1864689	-37.503194	13738
-16.9818352	-36.6850612	13739
-18.748139	-35.7760564	13740
-20.4814884	-34.7761228	13741
-22.1778641	-33.6852702	13742
-23.8330913	-32.5035921	13743
-25.4428185	-31.2312809	13744
-27.0024801	-29.8686501	13745
-28.5072733	-28.4161798	13746
-29.952117	-26.8745514	13747
-31.3316165	-25.2447184	13748
-32.6400335	-23.5279757	13749
-33.8712496	-21.7260627	13750
-35.0187589	-19.841282	13751
-36.0756656	-17.8766341	13752
-37.0347122	-15.8359639	13753
-37.8883509	-13.7241233	13754
-38.6288466	-11.5471725	13755
-39.2484624	-9.31261123	13756
-39.7397352	-7.02952971	13757
-40.0959249	-4.70851743	13758
-40.3117287	-2.36111628	13759
-40.3839696	-6.31079527e-07	13760
-40.3117288	2.36111502	13761
-40.0959251	4.70851618	13762
-39.7397355	7.02952848	13763
-39.2484628	9.31261005	13764
-38.628847	11.5471714	13765
-37.8883514	13.7241222	13766
-37.0347127	15.8359628	13767
-36.0756661	17.8766331	13768
-35.0187595	19.841281	13769
-33.8712502	21.7260618	13770
-32.6400342	23.5279748	13771
-31.3316172	25.2447176	13772
-29.9521177	26.8745507	13773
-28.5072739	28.4161791	13774
-27.0024808	29.8686495	13775
-25.4428192	31.2312803	13776
-23.833092	32.5035916	13777
-22.1778648	33.6852697	13778
-20.4814891	34.7761224	13779
-18.7481397	35.776056	13780
-16.9818359	36.6850609	13781
-15.1864696	37.5031937	13782
-13.3658192	38.2305706	13783
-11.5235685	38.8673577	13784
-9.66332588	39.4137793	13785
-7.78862887	39.8701026	13786
-5.90296295	40.2366433	13787
-4.00976705	40.5137724	13788
-2.11244582	40.7019101	13789
-0.214371331	40.8015313	13790
1.6811178	40.8131746	13791
3.57071661	40.7374376	13792
5.45116095	40.574978	13793
7.31922051	40.3265133	13794
9.17169502	39.992821	13795
11.0054089	39.5747391	13796
12.8172034	39.0731668	13797
14.6039357	38.4890697	13798
16.3624712	37.8234777	13799
18.0896824	37.0774937	13800
19.7824465	36.2522976	13801
21.4376383	35.3491463	13802
23.0521333	34.3693874	13803
24.6228006	33.3144618	13804
26.1465036	32.1859144	13805
27.6200972	30.9853979	13806
29.0404299	29.7146879	13807
30.4043386	28.3756932	13808
31.7086487	26.9704717	13809
32.9501775	25.5012452	13810
34.1257395	23.9704115	13811
35.2321472	22.3805572	13812
36.2662096	20.7344869	13813
37.2247448	19.0352616	13814
38.1046081	17.2862018	13815
38.9026985	15.4908929	13816
39.6159685	13.6532238	13817
40.2414309	11.7774255	13818
40.7762879	9.86804956	13819
41.2179636	7.92998022	13820
41.5641986	5.96850352	13821
41.8130328	3.98909924	13822
41.9629464	1.99761374	13823
48.1555486	2.32747108e-07	13824
48.0986758	-2.28551964	13825
47.9284651	-4.56430368	13826
47.6458411	-6.82978885	13827
47.2523827	-9.07551803	13828
46.7501332	-11.2954008	13829
46.1414627	-13.4835401	13830
45.4290855	-15.6344413	13831
44.6159661	-17.7429403	13832
43.7052891	-19.8041979	13833
42.7003279	-21.8137249	13834
41.60444	-23.7673424	13835
40.4210553	-25.6611474	13836
39.1536682	-27.4915115	13837
37.8058081	-29.255078	13838
36.381027	-30.9487241	13839
34.8828995	-32.5695333	13840
33.3150197	-34.1147849	13841
31.6809948	-35.5819423	13842
29.9844406	-36.9686387	13843
28.2289809	-38.2726609	13844
26.4182514	-39.4919406	13845
24.555896	-40.6245386	13846
22.6455696	-41.6686424	13847
20.6909358	-42.6225545	13848
18.6956738	-43.4846914	13849
16.6634747	-44.2535686	13850
14.5980475	-44.9278023	13851
12.5031214	-45.5061048	13852
10.3824464	-45.9872764	13853
8.23980043	-46.3702078	13854
6.07898992	-46.6538756	13855
3.90385741	-46.8373422	13856
1.7182865	-46.9197559	13857
-0.473794505	-46.9003511	13858
-2.66840633	-46.7784502	13859
-4.86152674	-46.5534623	13860
-7.04909251	-46.224891	13861
-9.22700122	-45.7923233	13862
-11.3911106	-45.2554263	13863
-13.5372269	-44.6139547	13864
-15.6610999	-43.867744	13865
-17.7584051	-43.0167063	13866
-19.8247398	-42.060848	13867
-21.8556054	-41.0002624	13868
-23.8463896	-39.8351402	13869
-25.7923543	-38.5657797	13870
-27.6886095	-37.1926052	13871
-29.5300941	-35.7161845	13872
-31.3115411	-34.1372533	13873
-33.0274582	-32.4567627	13874
-34.6720899	-30.675917	13875
-36.2393865	-28.7962452	13876
-37.7229803	-26.8196728	13877
-39.1161536	-24.7486246	13878
-40.4118398	-22.5861431	13879
-41.6026271	-20.3360211	13880
-42.6807947	-18.0029393	13881
-43.6383925	-15.5926186	13882
-44.4673495	-13.112003	13883
-45.1596615	-10.5694825	13884
-45.7076594	-7.9750456	13885
-46.1044533	-5.34019274	13886
-46.3446489	-2.67734824	13887
-46.4250256	-7.02402173e-07	13888
-46.3446489	2.67734684	13889
-46.1044535	5.34019135	13890
-45.7076596	7.97504422	13891
-45.1596619	10.5694812	13892
-44.4673499	13.1120017	13893
-43.638393	15.5926173	13894
-42.6807953	18.0029382	13895
-41.6026277	20.3360199	13896
-40.4118404	22.586142	13897
-39.1161543	24.7486236	13898
-37.722981	26.8196718	13899
-36.2393872	28.7962443	13900
-34.6720906	30.6759162	13901
-33.027459	32.4567619	13902
-31.3115419	34.1372526	13903
-29.5300949	35.7161839	13904
-27.6886103	37.1926046	13905
-25.7923551	38.5657791	13906
-23.8463904	39.8351397	13907
-21.8556062	41.0002619	13908
-19.8247406	42.0608476	13909
-17.7584059	43.0167059	13910
-15.6611008	43.8677436	13911
-13.5372277	44.6139544	13912
-11.3911114	45.2554261	13913
-9.22700203	45.7923231	13914
-7.0490933	46.2248909	13915
-4.86152753	46.5534622	13916
-2.66840709	46.7784501	13917
-0.473795258	46.900351	13918
1.71828577	46.9197559	13919
3.90385669	46.8373422	13920
6.07898921	46.6538756	13921
8.23979975	46.3702079	13922
10.3824458	45.9872765	13923
12.5031208	45.5061049	13924
14.5980468	44.9278025	13925
16.6634741	44.2535688	13926
18.6956733	43.4846916	13927
20.6909352	42.6225547	13928
22.6455691	41.6686427	13929
24.5558955	40.6245389	13930
26.4182509	39.4919409	13931
28.2289804	38.2726612	13932
29.9844401	36.9686391	13933
31.6809943	35.5819427	13934
33.3150193	34.1147853	13935
34.8828991	32.5695337	13936
36.3810267	30.9487245	13937
37.8058078	29.2550784	13938
39.1536679	27.4915119	13939
40.421055	25.6611479	13940
41.6044397	23.7673428	13941
42.7003277	21.8137253	13942
43.7052889	19.8041983	13943
44.6159659	17.7429407	13944
45.4290853	15.6344418	13945
46.1414626	13.4835406	13946
46.7501331	11.2954013	13947
47.2523826	9.07551849	13948
47.6458411	6.82978932	13949
47.928465	4.56430415	13950
48.0986757	2.2855201	13951
55.2180052	2.73509947e-07	13952
55.1533352	-2.61683851	13953
54.9597457	-5.22623955	13954
54.6382023	-7.82093603	13955
54.190352	-10.3937667	13956
53.6183342	-12.9379377	13957
52.9246466	-15.4468489	13958
52.1121627	-17.9143038	13959
51.184038	-20.334435	13960
50.1436823	-22.7017057	13961
48.9946272	-25.010937	13962
47.7405225	-27.2572684	13963
46.3851235	-29.4361273	13964
44.9322811	-31.5432316	13965
43.3859116	-33.5745883	13966
41.7499838	-35.5264549	13967
40.0285178	-37.3953152	13968
38.2255799	-39.1778706	13969
36.3452742	-40.8710293	13970
34.3917378	-42.471892	13971
32.3691388	-43.9777368	13972
30.2816798	-45.3860117	13973
28.1335914	-46.6943182	13974
25.9291354	-47.9004104	13975
23.6726007	-49.0021832	13976
21.3683106	-49.9976726	13977
19.0206165	-50.8850396	13978
16.6339045	-51.6625734	13979
14.2125968	-52.3286875	13980
11.7611509	-52.8819112	13981
9.28406696	-53.3208934	13982
6.78588753	-53.6443978	13983
4.27120453	-53.8513053	13984
1.74466365	-53.9406129	13985
-0.78903236	-53.9114361	13986
-3.32511841	-53.7630115	13987
-5.85877628	-53.4946963	13988
-8.38513858	-53.105978	13989
-10.8992919	-52.596463	13990
-13.3962772	-51.9658743	13991
-15.8710798	-51.2140608	13992
-18.3186244	-50.3409913	13993
-20.7337588	-49.3467507	13994
-23.1112519	-48.2315607	13995
-25.4457769	-46.9957733	13996
-27.731895	-45.6398821	13997
-29.9640464	-44.1645358	13998
-32.1365259	-42.5705577	13999
-34.2434663	-40.858965	14000
-36.2788072	-39.0309954	14001
-38.2362791	-37.0881568	14002
-40.1093696	-35.0322668	14003
-41.8912977	-32.8655254	14004
-43.5749952	-30.5905881	14005
-45.1530809	-28.210668	14006
-46.6178697	-25.7296539	14007
-47.9613828	-23.1522387	14008
-49.1753913	-20.4840501	14009
-50.2515052	-17.7317893	14010
-51.1812869	-14.9033962	14011
-51.9564406	-12.0082604	14012
-52.5690732	-9.05737552	14013
-53.0121315	-6.06325973	14014
-53.2801189	-3.03933021	14015
-53.3697654	-7.83506663e-07	14016
-53.280119	3.03932864	14017
-53.0121317	6.06325817	14018
-52.5690735	9.05737397	14019
-51.956441	12.008259	14020
-51.1812873	14.9033948	14021
-50.2515058	17.7317879	14022
-49.1753919	20.4840488	14023
-47.9613834	23.1522373	14024
-46.6178704	25.7296526	14025
-45.1530817	28.2106669	14026
-43.5749959	30.590587	14027
-41.8912985	32.8655244	14028
-40.1093705	35.0322658	14029
-38.2362799	37.0881559	14030
-36.2788081	39.0309946	14031
-34.2434672	40.8589643	14032
-32.1365268	42.570557	14033
-29.9640474	44.1645352	14034
-27.731896	45.6398815	14035
-25.4457779	46.9957727	14036
-23.1112529	48.2315603	14037
-20.7337598	49.3467503	14038
-18.3186254	50.340991	14039
-15.8710807	51.2140605	14040
-13.3962782	51.965874	14041
-10.8992928	52.5964628	14042
-8.38513949	53.1059778	14043
-5.85877719	53.4946961	14044
-3.3251193	53.7630114	14045
-0.789033234	53.911436	14046
1.7446628	53.9406129	14047
4.27120369	53.8513054	14048
6.78588671	53.6443979	14049
9.28406618	53.3208935	14050
11.7611501	52.8819114	14051
14.2125961	52.3286877	14052
16.6339038	51.6625736	14053
19.0206158	50.8850398	14054
21.3683099	49.9976729	14055
23.6726	49.0021835	14056
25.9291347	47.9004107	14057
28.1335908	46.6943185	14058
30.2816792	45.386012	14059
32.3691383	43.9777372	14060
34.3917373	42.4718924	14061
36.3452737	40.8710297	14062
38.2255794	39.177871	14063
40.0285174	37.3953156	14064
41.7499834	35.5264554	14065
43.3859112	33.5745888	14066
44.9322807	31.5432321	14067
46.3851232	29.4361278	14068
47.7405222	27.2572689	14069
48.9946269	25.0109375	14070
50.1436821	22.7017062	14071
51.1840378	20.3344355	14072
52.1121626	17.9143044	14073
52.9246465	15.4468494	14074
53.6183341	12.9379382	14075
54.1903519	10.3937672	14076
54.6382023	7.82093658	14077
54.9597457	5.22624009	14078
55.1533352	2.61683905	14079
63.3382011	3.21245659e-07	14080
63.2645478	-2.99816583	14081
63.0440231	-5.98808332	14082
62.6776401	-8.96167277	14083
62.1671248	-11.9109605	14084
61.5147283	-14.8283417	14085
60.7230953	-17.7064062	14086
59.7952828	-20.5381499	14087
58.7346657	-23.3168966	14088
57.5449121	-26.0363082	14089
56.2298493	-28.690413	14090
54.7934618	-31.2735668	14091
53.2398769	-33.7804268	14092
51.5733537	-36.2059585	14093
49.7982517	-38.5454344	14094
47.9190178	-40.7943971	14095
45.9401829	-42.9486373	14096
43.8663561	-45.0041879	14097
41.7022134	-46.9573135	14098
39.4524924	-48.8044977	14099
37.1219896	-50.542428	14100
34.7155622	-52.1679903	14101
32.2381198	-53.6782527	14102
29.6946272	-55.0704654	14103
27.0900988	-56.3420498	14104
24.4296051	-57.4905994	14105
21.7182653	-58.5138639	14106
18.9612528	-59.4097538	14107
16.1637959	-60.1763368	14108
13.3311763	-60.8118297	14109
10.4687351	-61.3146033	14110
7.58187243	-61.6831786	14111
4.67605303	-61.9162302	14112
1.75681013	-62.012586	14113
-1.17025208	-61.9712306	14114
-4.09945443	-61.7913094	14115
-7.0250535	-61.4721284	14116
-9.94124799	-61.0131674	14117
-12.8421835	-60.4140666	14118
-15.7219546	-59.6746266	14119
-18.5745958	-58.7948193	14120
-21.3940788	-57.7747822	14121
-24.1742963	-56.6148161	14122
-26.9090635	-55.3154082	14123
-29.5921022	-53.8772261	14124
-32.2170268	-52.3011313	14125
-34.7773382	-50.5881939	14126
-37.2664025	-48.7397147	14127
-39.6774374	-46.7572456	14128
-42.0034841	-44.6426179	14129
-44.2373968	-42.397994	14130
-46.371813	-40.0259084	14131
-48.399133	-37.5293407	14132
-50.3115083	-34.9117895	14133
-52.1008211	-32.1773734	14134
-53.7587019	-29.3309474	14135
-55.276547	-26.3782278	14136
-56.6455685	-23.325914	14137
-57.856893	-20.1818143	14138
-58.9016796	-16.9549918	14139
-59.7713135	-13.6559611	14140
-60.4576557	-10.2968432	14141
-60.9534728	-6.89129747	14142
-61.2531538	-3.45386081	14143
-61.3533716	-8.75767268e-07	14144
-61.2531539	3.45385907	14145
-60.9534731	6.89129573	14146
-60.457656	10.2968415	14147
-59.7713139	13.6559594	14148
-58.9016802	16.9549902	14149
-57.8568936	20.1818128	14150
-56.6455693	23.3259126	14151
-55.2765477	26.3782263	14152
-53.7587026	29.330946	14153
-52.1008219	32.1773721	14154
-50.3115091	34.9117883	14155
-48.3991339	37.5293395	14156
-46.371814	40.0259073	14157
-44.2373978	42.397993	14158
-42.0034851	44.6426169	14159
-39.6774384	46.7572447	14160
-37.2664036	48.7397139	14161
-34.7773393	50.5881931	14162
-32.2170279	52.3011306	14163
-29.5921033	53.8772255	14164
-26.9090646	55.3154076	14165
-24.1742974	56.6148156	14166
-21.3940799	57.7747818	14167
-18.5745969	58.7948189	14168
-15.7219556	59.6746263	14169
-12.8421846	60.4140664	14170
-9.94124905	61.0131672	14171
-7.02505455	61.4721283	14172
-4.09945545	61.7913093	14173
-1.1702531	61.9712305	14174
1.75680914	62.012586	14175
4.67605206	61.9162303	14176
7.58187148	61.6831787	14177
10.4687342	61.3146034	14178
13.3311754	60.8118298	14179
16.163795	60.176337	14180
18.9612519	59.4097541	14181
21.7182645	58.5138642	14182
24.4296043	57.4905998	14183
27.090098	56.3420501	14184
29.6946265	55.0704658	14185
32.2381191	53.6782531	14186
34.7155615	52.1679908	14187
37.121989	50.5424284	14188
39.4524918	48.8044982	14189
41.7022128	46.957314	14190
43.8663556	45.0041884	14191
45.9401824	42.9486378	14192
47.9190173	40.7943976	14193
49.7982513	38.5454349	14194
51.5733533	36.205959	14195
53.2398766	33.7804274	14196
54.7934615	31.2735674	14197
56.229849	28.6904136	14198
57.5449119	26.0363088	14199
58.7346655	23.3168973	14200
59.7952826	20.5381505	14201
60.7230951	17.7064069	14202
61.5147282	14.8283423	14203
62.1671247	11.9109612	14204
62.67764	8.96167341	14205
63.044023	5.98808396	14206
63.2645478	2.99816647	14207
72.6745533	3.77106708e-07	14208
72.5905479	-3.43709434	14209
72.3389841	-6.86500331	14210
71.9209304	-10.2747086	14211
71.3382045	-13.6572988	14212
70.5931866	-17.0042333	14213
69.6886919	-20.3071682	14214
68.6279892	-23.5581685	14215
67.4147061	-26.7496282	14216
66.0528078	-29.8742867	14217
64.5464612	-32.9252606	14218
62.9000349	-35.8960042	14219
61.1180831	-38.7802883	14220
59.205333	-41.5722116	14221
57.1666534	-44.2661999	14222
55.0070399	-46.8569707	14223
52.7316114	-49.3395144	14224
50.3456009	-51.7090909	14225
47.8543436	-53.9612205	14226
45.2632699	-56.0916717	14227
42.5779014	-58.0964479	14228
39.8038522	-59.9717835	14229
36.9468179	-61.7141276	14230
34.0125773	-63.3201465	14231
31.0069859	-64.7867122	14232
27.9359816	-66.1109059	14233
24.8055747	-67.2900008	14234
21.6218538	-68.3214697	14235
18.3909843	-69.2029814	14236
15.1192062	-69.9323931	14237
11.812839	-70.5077576	14238
8.47827999	-70.9273187	14239
5.12200942	-71.1895183	14240
1.75059242	-71.2929949	14241
-1.62931919	-71.2365896	14242
-5.01098463	-71.0193519	14243
-8.38758683	-70.6405385	14244
-11.7522416	-70.099632	14245
-15.0980046	-69.3963245	14246
-18.4178747	-68.5305199	14247
-21.7047883	-67.5023472	14248
-24.9516164	-66.3121551	14249
-28.1511517	-64.9605101	14250
-31.2961125	-63.4482236	14251
-34.3791288	-61.7763455	14252
-37.3927308	-59.9461791	14253
-40.3293471	-57.959299	14254
-43.1812855	-55.8175736	14255
-45.9407244	-53.5231874	14256
-48.5996881	-51.07867	14257
-51.1500417	-48.4869507	14258
-53.5834668	-45.7513985	14259
-55.891446	-42.8758968	14260
-58.0652596	-39.8649164	14261
-60.09597	-36.723614	14262
-61.9744487	-33.4579478	14263
-63.6914009	-30.0747968	14264
-65.2374213	-26.5820741	14265
-66.6031026	-22.9888393	14266
-67.7791597	-19.3054232	14267
-68.7566246	-15.5436091	14268
-69.5270874	-11.7167868	14269
-70.0831148	-7.83989843	14270
-70.4189661	-3.92874654	14271
-70.5312486	-9.80745592e-07	14272
-70.4189662	3.92874458	14273
-70.083115	7.83989648	14274
-69.5270878	11.7167849	14275
-68.7566251	15.5436072	14276
-67.7791602	19.3054214	14277
-66.6031034	22.9888375	14278
-65.2374221	26.5820725	14279
-63.6914017	30.0747951	14280
-61.9744496	33.4579462	14281
-60.0959709	36.7236125	14282
-58.0652606	39.8649149	14283
-55.8914471	42.8758955	14284
-53.5834679	45.7513972	14285
-51.1500429	48.4869495	14286
-48.5996892	51.0786689	14287
-45.9407256	53.5231864	14288
-43.1812867	55.8175727	14289
-40.3293483	57.9592981	14290
-37.3927321	59.9461783	14291
-34.37913	61.7763447	14292
-31.2961138	63.4482229	14293
-28.151153	64.9605096	14294
-24.9516176	66.3121547	14295
-21.7047895	67.5023468	14296
-18.417876	68.5305196	14297
-15.0980058	69.3963242	14298
-11.7522429	70.0996317	14299
-8.38758805	70.6405383	14300
-5.01098582	71.0193517	14301
-1.62932036	71.2365896	14302
1.75059127	71.2929949	14303
5.12200828	71.1895184	14304
8.47827888	70.9273188	14305
11.8128379	70.5077578	14306
15.1192051	69.9323934	14307
18.3909833	69.2029816	14308
21.6218528	68.32147	14309
24.8055738	67.2900011	14310
27.9359807	66.1109063	14311
31.006985	64.7867126	14312
34.0125765	63.320147	14313
36.9468171	61.714128	14314
39.8038514	59.971784	14315
42.5779007	58.0964484	14316
45.2632692	56.0916722	14317
47.8543429	53.961221	14318
50.3456003	51.7090915	14319
52.7316108	49.339515	14320
55.0070393	46.8569713	14321
57.1666529	44.2662006	14322
59.2053326	41.5722122	14323
61.1180827	38.780289	14324
62.9000345	35.8960049	14325
64.5464608	32.9252614	14326
66.0528074	29.8742874	14327
67.4147058	26.7496289	14328
68.627989	23.5581692	14329
69.6886917	20.3071689	14330
70.5931865	17.004234	14331
71.3382044	13.6572996	14332
71.9209302	10.2747093	14333
72.3389841	6.86500407	14334
72.5905479	3.4370951	14335
83.4092045	4.42429513e-07	14336
83.3132681	-3.9423639	14337
83.0259307	-7.87445938	14338
82.5483252	-11.7861838	14339
81.8823762	-15.6675428	14340
81.0306135	-19.5089155	14341
79.9960498	-23.3008809	14342
78.7821991	-27.0344306	14343
77.3929806	-30.7008876	14344
75.8327017	-34.29193	14345
74.1059208	-37.7996241	14346
72.2174482	-41.2163868	14347
70.1723287	-44.5349684	14348
67.9758282	-47.7484687	14349
65.6334009	-50.8503376	14350
63.1506744	-53.8343406	14351
60.5334441	-56.6945445	14352
57.7876623	-59.4253163	14353
54.919424	-62.0213159	14354
51.9349596	-64.4774848	14355
48.8406286	-66.7890346	14356
45.6429202	-68.9514458	14357
42.3484393	-70.9604511	14358
38.9639078	-72.8120408	14359
35.4961562	-74.502451	14360
31.9521282	-76.0281709	14361
28.3388687	-77.3859231	14362
24.6635284	-78.5726758	14363
20.9333613	-79.5856385	14364
17.1557206	-80.4222561	14365
13.3380625	-81.0802174	14366
9.48794318	-81.5574516	14367
5.61302202	-81.8521377	14368
1.72106251	-81.9627034	14369
-2.18006772	-81.887833	14370
-6.08239672	-81.6264751	14371
-9.9778632	-81.1778415	14372
-13.8583292	-80.5414306	14373
-17.7155891	-79.7170082	14374
-21.541376	-78.7046127	14375
-25.327358	-77.5045705	14376
-29.065138	-76.1174907	14377
-32.7462423	-74.5442645	14378
-36.3621289	-72.7860954	14379
-39.9041758	-70.8444928	14380
-43.3636729	-68.7212882	14381
-46.731824	-66.4186557	14382
-49.9997323	-63.9391351	14383
-53.1583953	-61.2856559	14384
-56.1986854	-58.4615665	14385
-59.111351	-55.4706906	14386
-61.8869967	-52.3173672	14387
-64.516076	-49.0065245	14388
-66.9888937	-45.5437525	14389
-69.2955982	-41.9353979	14390
-71.426217	-38.1886774	14391
-73.3706879	-34.3117914	14392
-75.1189219	-30.3140284	14393
-76.6609202	-26.2058629	14394
-77.9869046	-21.999059	14395
-79.087516	-17.7068332	14396
-79.9540431	-13.3440068	14397
-80.5788293	-8.92696758	14398
-80.9559872	-4.47295138	14399
-81.0820479	-1.100218e-06	14400
-80.9559873	4.47294919	14401
-80.5788295	8.92696539	14402
-79.9540435	13.3440046	14403
-79.0875165	17.7068311	14404
-77.9869052	21.999057	14405
-76.660921	26.2058609	14406
-75.1189227	30.3140265	14407
-73.3706888	34.3117895	14408
-71.4262179	38.1886756	14409
-69.2955993	41.9353962	14410
-66.9888948	45.5437508	14411
-64.5160772	49.006523	14412
-61.886998	52.3173658	14413
-59.1113522	55.4706893	14414
-56.1986867	58.4615652	14415
-53.1583966	61.2856547	14416
-49.9997336	63.939134	14417
-46.7318254	66.4186547	14418
-43.3636743	68.7212873	14419
-39.9041772	70.844492	14420
-36.3621303	72.7860947	14421
-32.7462437	74.5442639	14422
-29.0651394	76.1174902	14423
-25.3273594	77.50457	14424
-21.5413775	78.7046123	14425
-17.7155905	79.7170079	14426
-13.8583306	80.5414304	14427
-9.9778646	81.1778413	14428
-6.0823981	81.6264749	14429
-2.18006908	81.8878329	14430
1.72106118	81.9627034	14431
5.61302071	81.8521378	14432
9.4879419	81.5574517	14433
13.3380613	81.0802176	14434
17.1557194	80.4222564	14435
20.9333601	79.5856388	14436
24.6635272	78.5726761	14437
28.3388676	77.3859235	14438
31.9521272	76.0281713	14439
35.4961552	74.5024515	14440
38.9639068	72.8120413	14441
42.3484383	70.9604517	14442
45.6429193	68.9514464	14443
48.8406277	66.7890352	14444
51.9349588	64.4774854	14445
54.9194233	62.0213165	14446
57.7876615	59.425317	14447
60.5334434	56.6945452	14448
63.1506737	53.8343413	14449
65.6334003	50.8503384	14450
67.9758277	47.7484695	14451
70.1723282	44.5349692	14452
72.2174478	41.2163876	14453
74.1059204	37.799625	14454
75.8327014	34.2919308	14455
77.3929802	30.7008885	14456
78.7821988	27.0344315	14457
79.9960496	23.3008817	14458
81.0306133	19.5089164	14459
81.882376	15.6675437	14460
82.548325	11.7861846	14461
83.0259306	7.87446026	14462
83.313268	3.94236479	14463
95.7515773	5.18763095e-07	14464
95.6418881	-4.52403426	14465
95.3133157	-9.03654817	14466
94.7670678	-13.5261861	14467
94.005193	-17.9817029	14468
93.0303949	-22.39223	14469
91.8459151	-26.7471029	14470
90.4555518	-31.0360757	14471
88.8635613	-35.2492364	14472
87.0746465	-39.3770405	14473
85.0938169	-43.410345	14474
82.9263921	-47.3403716	14475
80.5779821	-51.1586953	14476
78.0544734	-54.857265	14477
75.3619949	-58.4284053	14478
72.5069023	-61.8647839	14479
69.4957711	-65.1594019	14480
66.3353832	-68.3055959	14481
63.032711	-71.2970316	14482
59.5949083	-74.1276953	14483
56.0293035	-76.7918836	14484
52.343398	-79.2842052	14485
48.5448492	-81.5995651	14486
44.6414712	-83.7331722	14487
40.6412241	-85.6805287	14488
36.552218	-87.4374397	14489
32.3826975	-88.9999939	14490
28.1410457	-90.364578	14491
23.8357801	-91.5278746	14492
19.4755458	-92.4868561	14493
15.0691183	-93.2387962	14494
10.6253983	-93.7812669	14495
6.15341371	-94.1121517	14496
1.66231756	-94.2296435	14497
-2.83861324	-94.1322562	14498
-7.33998062	-93.8188333	14499
-11.8322832	-93.2885478	14500
-16.3059329	-92.54093	14501
-20.7512671	-91.5758462	14502
-25.1585574	-90.3935062	14503
-29.5180095	-88.9944812	14504
-33.8197659	-87.3796991	14505
-38.0538967	-85.5504439	14506
-42.2104131	-83.5083903	14507
-46.2792584	-81.2555968	14508
-50.2503037	-78.7945226	14509
-54.113355	-76.1280509	14510
-57.8581435	-73.2595128	14511
-61.4743253	-70.1927111	14512
-64.9514673	-66.9319513	14513
-68.2790553	-63.4820977	14514
-71.4464808	-59.8486136	14515
-74.4430394	-56.0376336	14516
-77.2579435	-52.0560342	14517
-79.880319	-47.9115253	14518
-82.2992521	-43.6127594	14519
-84.5038274	-39.1694394	14520
-86.483195	-34.5924129	14521
-88.226699	-29.8937564	14522
-89.724012	-25.0868563	14523
-90.9653387	-20.1865511	14524
-91.9416317	-15.2092807	14525
-92.6449837	-10.1730661	14526
-93.0693408	-5.09676894	14527
-93.2111453	-1.2362073e-06	14528
-93.0693409	5.09676648	14529
-92.644984	10.1730637	14530
-91.9416322	15.2092783	14531
-90.9653392	20.1865487	14532
-89.7240127	25.086854	14533
-88.2266999	29.8937542	14534
-86.483196	34.5924107	14535
-84.5038284	39.1694372	14536
-82.2992532	43.6127574	14537
-79.8803201	47.9115234	14538
-77.2579447	52.0560323	14539
-74.4430408	56.0376318	14540
-71.4464821	59.848612	14541
-68.2790567	63.4820962	14542
-64.9514687	66.9319498	14543
-61.4743268	70.1927098	14544
-57.858145	73.2595115	14545
-54.1133566	76.1280498	14546
-50.2503053	78.7945216	14547
-46.2792601	81.2555958	14548
-42.2104147	83.5083894	14549
-38.0538983	85.5504431	14550
-33.8197675	87.3796984	14551
-29.5180112	88.9944806	14552
-25.1585591	90.3935057	14553
-20.7512687	91.5758458	14554
-16.3059346	92.5409297	14555
-11.8322848	93.2885475	14556
-7.33998221	93.8188331	14557
-2.83861481	94.1322561	14558
1.66231601	94.2296435	14559
6.15341219	94.1121518	14560
10.6253969	93.781267	14561
15.0691169	93.2387964	14562
19.4755444	92.4868564	14563
23.8357788	91.527875	14564
28.1410444	90.3645784	14565
32.3826962	88.9999943	14566
36.5522168	87.4374402	14567
40.6412229	85.6805292	14568
44.6414701	83.7331728	14569
48.5448481	81.5995657	14570
52.343397	79.2842059	14571
56.0293025	76.7918843	14572
59.5949073	74.1276961	14573
63.0327101	71.2970324	14574
66.3353824	68.3055967	14575
69.4957703	65.1594028	14576
72.5069016	61.8647848	14577
75.3619942	58.4284062	14578
78.0544728	54.8572659	14579
80.5779815	51.1586962	14580
82.9263915	47.3403725	14581
85.0938164	43.410346	14582
87.0746461	39.3770415	14583
88.8635609	35.2492374	14584
90.4555514	31.0360767	14585
91.8459148	26.7471039	14586
93.0303946	22.392231	14587
94.0051928	17.9817039	14588
94.7670677	13.5261871	14589
95.3133156	9.0365492	14590
95.6418881	4.5240353	14591
109.942459	6.07902069e-07	14592
109.816916	-5.19368389	14593
109.44081	-10.3744002	14594
108.815435	-15.5293452	14595
107.942984	-20.6458288	14596
106.826363	-25.7115411	14597
105.469079	-30.7143819	14598
103.875259	-35.6426765	14599
102.04955	-40.4850897	14600
99.997113	-45.2306673	14601
97.7234778	-49.8688726	14602
95.2345522	-54.3895502	14603
92.5365985	-58.7829213	14604
89.636219	-63.0396081	14605
86.5403214	-67.1506379	14606
83.2561013	-71.1074127	14607
79.7910344	-74.9017045	14608
76.1528606	-78.525661	14609
72.3495656	-81.9718006	14610
68.389371	-85.2330067	14611
64.2807251	-88.3025195	14612
60.0323003	-91.1739417	14613
55.6529723	-93.8412223	14614
51.1518201	-96.2986689	14615
46.5381124	-98.540937	14616
41.8213109	-100.563044	14617
37.0110511	-102.360348	14618
32.1171453	-103.928569	14619
27.1495756	-105.263784	14620
22.1184855	-106.362427	14621
17.0341805	-107.221297	14622
11.90712	-107.837562	14623
6.74791767	-108.208775	14624
1.56733669	-108.332867	14625
-3.6237144	-108.208167	14626
-8.81418748	-107.83341	14627
-13.9929161	-107.20774	14628
-19.1486371	-106.330738	14629
-24.2700057	-105.202403	14630
-29.3456082	-103.823161	14631
-34.3639658	-102.193883	14632
-39.3135403	-100.315883	14633
-44.1827289	-98.190919	14634
-48.9598827	-95.821228	14635
-53.6333017	-93.2095212	14636
-58.1912348	-90.3590003	14637
-62.621893	-87.2733842	14638
-66.9134448	-83.9569321	14639
-71.0540219	-80.414469	14640
-75.031711	-76.6514146	14641
-78.8345697	-72.673842	14642
-82.4506203	-68.4885149	14643
-85.8678554	-64.1029585	14644
-89.07426	-59.5255278	14645
-92.0578149	-54.7654929	14646
-94.8065541	-49.8331449	14647
-97.3086097	-44.7398954	14648
-99.5522836	-39.4983614	14649
-101.526187	-34.1224351	14650
-103.219378	-28.6273407	14651
-104.621574	-23.0297561	14652
-105.723351	-17.3479547	14653
-106.51652	-11.6018068	14654
-106.994836	-5.81202023	14655
-107.154639	-1.39101923e-06	14656
-106.994836	5.81201746	14657
-106.51652	11.601804	14658
-105.723352	17.347952	14659
-104.621575	23.0297534	14660
-103.219379	28.6273382	14661
-101.526188	34.1224326	14662
-99.5522847	39.498359	14663
-97.3086107	44.739893	14664
-94.8065554	49.8331426	14665
-92.0578162	54.7654908	14666
-89.0742614	59.5255257	14667
-85.8678569	64.1029565	14668
-82.4506218	68.488513	14669
-78.8345714	72.6738402	14670
-75.0317127	76.6514129	14671
-71.0540237	80.4144674	14672
-66.9134466	83.9569307	14673
-62.6218949	87.2733828	14674
-58.1912367	90.3589991	14675
-53.6333036	93.2095201	14676
-48.9598846	95.8212271	14677
-44.1827308	98.1909182	14678
-39.3135422	100.315882	14679
-34.3639677	102.193882	14680
-29.3456102	103.82316	14681
-24.2700076	105.202403	14682
-19.148639	106.330738	14683
-13.992918	107.20774	14684
-8.81418932	107.83341	14685
-3.62371622	108.208167	14686
1.56733491	108.332867	14687
6.74791591	108.208775	14688
11.9071183	107.837563	14689
17.0341788	107.221297	14690
22.1184839	106.362427	14691
27.149574	105.263785	14692
32.1171437	103.92857	14693
37.0110496	102.360349	14694
41.8213095	100.563044	14695
46.538111	98.5409376	14696
51.1518187	96.2986696	14697
55.652971	93.8412231	14698
60.0322991	91.1739425	14699
64.2807239	88.3025203	14700
68.3893698	85.2330076	14701
72.3495645	81.9718015	14702
76.1528596	78.5256619	14703
79.7910335	74.9017055	14704
83.2561004	71.1074137	14705
86.5403206	67.150639	14706
89.6362183	63.0396092	14707
92.5365978	58.7829224	14708
95.2345515	54.3895513	14709
97.7234772	49.8688737	14710
99.9971125	45.2306685	14711
102.04955	40.4850908	14712
103.875258	35.6426777	14713
105.469078	30.7143831	14714
106.826363	25.7115423	14715
107.942984	20.64583	14716
108.815435	15.5293464	14717
109.44081	10.3744014	14718
109.816916	5.19368511	14719
126.258699	7.11924736e-07	14720
126.11488	-5.9646386	14721
125.683977	-11.9146365	14722
124.967384	-17.8355167	14723
123.967464	-23.712919	14724
122.687355	-29.5328686	14725
121.130874	-35.2816068	14726
119.30253	-40.9458098	14727
117.207424	-46.5125002	14728
114.851242	-51.9690986	14729
112.240121	-57.3034612	14730
109.380646	-62.5038455	14731
106.279835	-67.5589124	14732
102.945115	-72.457755	14733
99.3842942	-77.189905	14734
95.6055385	-81.7453053	14735
91.6173634	-86.1143108	14736
87.4286154	-90.2876978	14737
83.0484515	-94.2566617	14738
78.486328	-98.0128135	14739
73.7519887	-101.548175	14740
68.8554609	-104.855188	14741
63.8070302	-107.9267	14742
58.6172404	-110.75598	14743
53.2968759	-113.336707	14744
47.8569642	-115.662993	14745
42.3087523	-117.729358	14746
36.6637086	-119.530753	14747
30.9335127	-121.062566	14748
25.1300443	-122.320611	14749
19.2653812	-123.301154	14750
13.3517887	-124.000903	14751
7.4017167	-124.417038	14752
1.42779161	-124.547202	14753
-4.55719058	-124.389525	14754
-10.5402743	-123.942632	14755
-16.50837	-123.205645	14756
-22.4482808	-122.178225	14757
-28.346722	-120.860541	14758
-34.1903382	-119.253284	14759
-39.9657114	-117.357694	14760
-45.6593711	-115.17555	14761
-51.2577934	-112.709175	14762
-56.7474259	-109.961476	14763
-62.1146872	-106.935936	14764
-67.3459715	-103.636632	14765
-72.42767	-100.068264	14766
-77.3461713	-96.2361778	14767
-82.087874	-92.1463898	14768
-86.6391855	-87.8056155	14769
-90.9865469	-83.2213283	14770
-95.1164332	-78.4017942	14771
-99.0153684	-73.3561398	14772
-102.669957	-68.0944173	14773
-106.066894	-62.6276827	14774
-109.193034	-56.968097	14775
-112.035444	-51.1290169	14776
-114.581477	-45.1250687	14777
-116.818924	-38.9722042	14778
-118.736157	-32.6877332	14779
-120.322343	-26.2904213	14780
-121.567636	-19.8006238	14781
-122.463527	-13.2403079	14782
-123.003556	-6.63228104	14783
-123.183946	-1.56728445e-06	14784
-123.003557	6.63227792	14785
-122.463527	13.2403048	14786
-121.567636	19.8006207	14787
-120.322344	26.2904183	14788
-118.736158	32.6877303	14789
-116.818925	38.9722013	14790
-114.581479	45.1250659	14791
-112.035445	51.1290142	14792
-109.193036	56.9680944	14793
-106.066895	62.6276803	14794
-102.669958	68.0944149	14795
-99.0153701	73.3561376	14796
-95.116435	78.4017921	14797
-90.9865488	83.2213263	14798
-86.6391875	87.8056137	14799
-82.087876	92.146388	14800
-77.3461733	96.2361761	14801
-72.4276721	100.068262	14802
-67.3459737	103.63663	14803
-62.1146893	106.935934	14804
-56.7474281	109.961475	14805
-51.2577956	112.709174	14806
-45.6593733	115.175549	14807
-39.9657136	117.357693	14808
-34.1903404	119.253284	14809
-28.3467242	120.86054	14810
-22.4482829	122.178225	14811
-16.5083721	123.205645	14812
-10.5402764	123.942632	14813
-4.55719268	124.389525	14814
1.42778955	124.547202	14815
7.40171467	124.417038	14816
13.3517868	124.000903	14817
19.2653793	123.301154	14818
25.1300424	122.320612	14819
30.9335108	121.062566	14820
36.6637068	119.530754	14821
42.3087506	117.729358	14822
47.8569625	115.662994	14823
53.2968743	113.336708	14824
58.6172388	110.755981	14825
63.8070287	107.926701	14826
68.8554594	104.855189	14827
73.7519873	101.548176	14828
78.4863267	98.0128146	14829
83.0484503	94.2566628	14830
87.4286142	90.2876989	14831
91.6173623	86.1143119	14832
95.6055375	81.7453065	14833
99.3842933	77.1899062	14834
102.945114	72.4577562	14835
106.279834	67.5589137	14836
109.380646	62.5038468	14837
112.24012	57.3034625	14838
114.851242	51.9691	14839
117.207423	46.5125015	14840
119.30253	40.9458111	14841
121.130873	35.2816082	14842
122.687354	29.53287	14843
123.967463	23.7129204	14844
124.967384	17.8355181	14845
125.683976	11.914638	14846
126.11488	5.96464002	14847
145.018612	8.33237023e-07	14848
144.853723	-6.85223448	14849
144.359647	-13.6878943	14850
143.537897	-20.4905681	14851
142.391028	-27.2439661	14852
140.922453	-33.9321895	14853
139.136348	-40.5395641	14854
137.037664	-47.0508614	14855
134.632025	-53.4512094	14856
131.925734	-59.7261538	14857
128.925623	-65.8616971	14858
125.639066	-71.8442677	14859
122.07395	-77.6607272	14860
118.23866	-83.2984064	14861
114.142043	-88.745113	14862
109.793387	-93.9891077	14863
105.20241	-99.0191119	14864
100.379237	-103.824321	14865
95.3343797	-108.394406	14866
90.0787228	-112.71951	14867
84.6235088	-116.79025	14868
78.9803329	-120.597732	14869
73.1611127	-124.133532	14870
67.1780876	-127.389724	14871
61.0437972	-130.358866	14872
54.7710824	-133.034027	14873
48.3730565	-135.408763	14874
41.8631058	-137.477149	14875
35.2548761	-139.23378	14876
28.5622574	-140.673769	14877
21.7993796	-141.79277	14878
14.9805978	-142.586976	14879
8.12048637	-143.053148	14880
1.23382665	-143.188611	14881
-5.66440407	-142.99128	14882
-12.5590473	-142.459668	14883
-19.4347935	-141.592893	14884
-26.2762162	-140.390723	14885
-33.067795	-138.853544	14886
-39.7939386	-136.982374	14887
-46.4389984	-134.778898	14888
-52.9872837	-132.245452	14889
-59.4230657	-129.385032	14890
-65.7306101	-126.201338	14891
-71.8941818	-122.698765	14892
-77.8980558	-118.882416	14893
-83.7265463	-114.758142	14894
-89.3640142	-110.332555	14895
-94.7948876	-105.613058	14896
-100.003668	-100.60787	14897
-104.974963	-95.3260853	14898
-109.6935	-89.7777021	14899
-114.144145	-83.9736897	14900
-118.311945	-77.9260479	14901
-122.182151	-71.6478767	14902
-125.740293	-65.1534715	14903
-128.972243	-58.4584044	14904
-131.86429	-51.5795856	14905
-134.403305	-44.535306	14906
-136.576887	-37.3452444	14907
-138.373587	-30.0305395	14908
-139.783081	-22.6139134	14909
-140.796501	-15.1197157	14910
-141.40714	-7.57314327	14911
-141.611083	-1.76800673e-06	14912
-141.40714	7.57313975	14913
-140.796501	15.1197122	14914
-139.783081	22.6139099	14915
-138.373588	30.0305361	14916
-136.576888	37.3452411	14917
-134.403306	44.5353027	14918
-131.864291	51.5795825	14919
-128.972244	58.4584013	14920
-125.740295	65.1534686	14921
-122.182153	71.6478739	14922
-118.311947	77.9260452	14923
-114.144146	83.9736871	14924
-109.693502	89.7776996	14925
-104.974965	95.326083	14926
-100.00367	100.607868	14927
-94.7948898	105.613056	14928
-89.3640165	110.332553	14929
-83.7265487	114.75814	14930
-77.8980583	118.882415	14931
-71.8941843	122.698763	14932
-65.7306125	126.201337	14933
-59.4230682	129.385031	14934
-52.9872862	132.245451	14935
-46.4390009	134.778897	14936
-39.7939411	136.982374	14937
-33.0677976	138.853543	14938
-26.2762186	140.390723	14939
-19.434796	141.592892	14940
-12.5590497	142.459667	14941
-5.66440649	142.99128	14942
1.23382427	143.188612	14943
8.12048403	143.053148	14944
14.9805955	142.586976	14945
21.7993773	141.79277	14946
28.5622552	140.67377	14947
35.254874	139.233781	14948
41.8631038	137.47715	14949
48.3730545	135.408763	14950
54.7710805	133.034028	14951
61.0437954	130.358867	14952
67.1780858	127.389725	14953
73.161111	124.133533	14954
78.9803312	120.597733	14955
84.6235072	116.790251	14956
90.0787213	112.719511	14957
95.3343782	108.394407	14958
100.379235	103.824323	14959
105.202409	99.0191133	14960
109.793386	93.989109	14961
114.142042	88.7451144	14962
118.238659	83.2984079	14963
122.073949	77.6607287	14964
125.639065	71.8442692	14965
128.925622	65.8616987	14966
131.925733	59.7261554	14967
134.632024	53.451211	14968
137.037663	47.050863	14969
139.136347	40.5395658	14970
140.922453	33.9321911	14971
142.391028	27.2439678	14972
143.537897	20.4905697	14973
144.359647	13.6878959	14974
144.853723	6.85223615	14975
166.588183	9.74623133e-07	14976
166.399005	-7.87412044	14977
165.832101	-15.7294305	14978
164.889122	-23.5472835	14979
163.57285	-31.3091596	14980
161.887014	-38.9969366	14981
159.836206	-46.5927273	14982
157.425894	-54.0791038	14983
154.66231	-61.4390071	14984
151.552466	-68.6558197	14985
148.104005	-75.7134058	14986
144.325211	-82.5960842	14987
140.224979	-89.2886429	14988
135.812801	-95.7763804	14989
131.098728	-102.045117	14990
126.093343	-108.081175	14991
120.807756	-113.871394	14992
115.253571	-119.403146	14993
109.442868	-124.664345	14994
103.388183	-129.643443	14995
97.1024929	-134.329441	14996
90.599207	-138.711904	14997
83.8921324	-142.780947	14998
76.9954708	-146.527268	14999
69.9237941	-149.942134	15000
62.6920421	-153.01742	15001
55.3154889	-155.745576	15002
47.8097413	-158.119673	15003
40.1907203	-160.133402	15004
32.4746428	-161.781075	15005
24.6780127	-163.057654	15006
16.8176024	-163.958749	15007
8.91044225	-164.480654	15008
0.973803684	-164.620344	15009
-6.97481682	-164.3755	15010
-14.9177182	-163.744527	15011
-22.8370309	-162.726555	15012
-30.7147583	-161.321499	15013
-38.5328058	-159.530014	15014
-46.2730089	-157.353518	15015
-53.9171548	-154.794228	15016
-61.4470029	-151.855149	15017
-68.8442948	-148.540073	15018
-76.0907962	-144.853636	15019
-83.1683075	-140.801302	15020
-90.0586815	-136.389382	15021
-96.7438623	-131.625066	15022
-103.205901	-126.516443	15023
-109.426983	-121.072527	15024
-115.389444	-115.303277	15025
-121.075817	-109.21966	15026
-126.468847	-102.833672	15027
-131.551525	-96.1584008	15028
-136.307147	-89.2080796	15029
-140.719331	-81.9981476	15030
-144.772118	-74.5453378	15031
-148.450035	-66.8677469	15032
-151.738179	-58.9848838	15033
-154.622385	-50.9176983	15034
-157.089383	-42.6885627	15035
-159.127027	-34.3213171	15036
-160.724453	-25.8413774	15037
-161.872387	-17.2758039	15038
-162.563841	-8.65251528	15039
-162.794742	-1.99661839e-06	15040
-162.563841	8.6525113	15041
-161.872388	17.2757999	15042
-160.724454	25.8413734	15043
-159.127028	34.3213132	15044
-157.089384	42.688559	15045
-154.622386	50.9176946	15046
-151.738181	58.9848802	15047
-148.450037	66.8677434	15048
-144.772119	74.5453344	15049
-140.719332	81.9981443	15050
-136.307149	89.2080764	15051
-131.551528	96.1583979	15052
-126.468849	102.833669	15053
-121.075819	109.219657	15054
-115.389446	115.303275	15055
-109.426985	121.072524	15056
-103.205903	126.516441	15057
-96.743865	131.625064	15058
-90.0586842	136.38938	15059
-83.1683103	140.801301	15060
-76.090799	144.853634	15061
-68.8442977	148.540071	15062
-61.4470058	151.855148	15063
-53.9171577	154.794227	15064
-46.2730118	157.353517	15065
-38.5328087	159.530013	15066
-30.7147612	161.321499	15067
-22.8370337	162.726555	15068
-14.917721	163.744526	15069
-6.97481962	164.3755	15070
0.97380093	164.620344	15071
8.91043954	164.480655	15072
16.8175997	163.958749	15073
24.6780101	163.057654	15074
32.4746403	161.781075	15075
40.1907178	160.133402	15076
47.8097389	158.119674	15077
55.3154866	155.745577	15078
62.6920399	153.017421	15079
69.9237919	149.942135	15080
76.9954687	146.527269	15081
83.8921304	142.780948	15082
90.5992051	138.711905	15083
97.1024911	134.329442	15084
103.388181	129.643445	15085
109.442867	124.664346	15086
115.25357	119.403148	15087
120.807754	113.871395	15088
126.093342	108.081177	15089
131.098726	102.045119	15090
135.8128	95.7763821	15091
140.224978	89.2886446	15092
144.32521	82.596086	15093
148.104004	75.7134076	15094
151.552465	68.6558215	15095
154.662309	61.439009	15096
157.425893	54.0791056	15097
159.836206	46.5927292	15098
161.887014	38.9969385	15099
163.57285	31.3091615	15100
164.889122	23.5472854	15101
165.832101	15.7294324	15102
166.399005	7.87412239	15103
191.388215	1.13930388e-06	15104
191.171034	-9.05060599	15105
190.520173	-18.0798173	15106
189.43744	-27.0664039	15107
187.92588	-35.9892687	15108
185.989592	-44.8277204	15109
183.633651	-53.5613151	15110
180.864122	-62.1700843	15111
177.687945	-70.6344447	15112
174.112956	-78.9352822	15113
170.147735	-87.0539941	15114
165.801622	-94.9724661	15115
161.08468	-102.673095	15116
156.007682	-110.138837	15117
150.58207	-117.353221	15118
144.81993	-124.300336	15119
138.73398	-130.964851	15120
132.337537	-137.33204	15121
125.644494	-143.387792	15122
118.669298	-149.118612	15123
111.426933	-154.511639	15124
103.93291	-159.554664	15125
96.2032197	-164.236124	15126
88.254337	-168.545133	15127
80.103185	-172.471479	15128
71.7671329	-176.005661	15129
63.2639553	-179.138867	15130
54.611828	-181.863017	15131
45.8293046	-184.170771	15132
36.9352933	-186.055531	15133
27.9490428	-187.511473	15134
18.8901195	-188.533551	15135
9.77839179	-189.117538	15136
0.634006296	-189.260019	15137
-8.52263295	-188.958428	15138
-17.6708923	-188.211064	15139
-26.7899514	-187.017097	15140
-35.8588535	-185.376628	15141
-44.8565407	-183.290646	15142
-53.7618896	-180.761055	15143
-62.5537406	-177.79071	15144
-71.2109258	-174.383406	15145
-79.7122858	-170.54388	15146
-88.0367225	-166.277867	15147
-96.1632162	-161.592089	15148
-104.070852	-156.494261	15149
-111.738869	-150.993139	15150
-119.146684	-145.098528	15151
-126.273933	-138.821308	15152
-133.100491	-132.173455	15153
-139.606532	-125.168095	15154
-145.772557	-117.819524	15155
-151.57944	-110.143264	15156
-157.00849	-102.156111	15157
-162.041487	-93.8761805	15158
-166.660794	-85.3229907	15159
-170.849423	-76.5175169	15160
-174.591127	-67.4822272	15161
-177.870574	-58.2410971	15162
-180.673514	-48.8195646	15163
-182.987014	-39.2445469	15164
-184.799598	-29.5445309	15165
-186.101532	-19.7496637	15166
-186.885509	-9.89096703	15167
-187.147274	-2.25704383e-06	15168
-186.885509	9.89096254	15169
-186.101533	19.7496593	15170
-184.799599	29.5445265	15171
-182.987015	39.2445425	15172
-180.673515	48.8195603	15173
-177.870576	58.2410929	15174
-174.591128	67.4822232	15175
-170.849425	76.5175129	15176
-166.660796	85.3229869	15177
-162.041489	93.8761769	15178
-157.008492	102.156107	15179
-151.579442	110.143261	15180
-145.77256	117.81952	15181
-139.606534	125.168092	15182
-133.100493	132.173452	15183
-126.273936	138.821306	15184
-119.146687	145.098525	15185
-111.738872	150.993136	15186
-104.070855	156.494259	15187
-96.1632194	161.592087	15188
-88.0367257	166.277866	15189
-79.7122891	170.543878	15190
-71.2109291	174.383405	15191
-62.5537439	177.790709	15192
-53.7618929	180.761054	15193
-44.856544	183.290645	15194
-35.8588568	185.376627	15195
-26.7899547	187.017097	15196
-17.6708955	188.211064	15197
-8.52263617	188.958427	15198
0.634003118	189.260019	15199
9.77838866	189.117538	15200
18.8901165	188.533551	15201
27.9490398	187.511473	15202
36.9352903	186.055532	15203
45.8293018	184.170772	15204
54.6118252	181.863018	15205
63.2639526	179.138868	15206
71.7671303	176.005662	15207
80.1031824	172.47148	15208
88.2543345	168.545134	15209
96.2032173	164.236126	15210
103.932907	159.554666	15211
111.426931	154.511641	15212
118.669296	149.118614	15213
125.644492	143.387793	15214
132.337535	137.332042	15215
138.733978	130.964852	15216
144.819929	124.300338	15217
150.582068	117.353223	15218
156.00768	110.138839	15219
161.084679	102.673097	15220
165.801621	94.9724681	15221
170.147734	87.0539962	15222
174.112955	78.9352844	15223
177.687944	70.6344469	15224
180.864122	62.1700864	15225
183.63365	53.5613173	15226
185.989592	44.8277227	15227
187.92588	35.989271	15228
189.43744	27.0664062	15229
190.520173	18.0798196	15230
191.171034	9.05060826	15231
219.902531	1.33100391e-06	15232
219.653069	-10.4050614	15233
218.905422	-20.7857412	15234
217.661583	-31.1178237	15235
215.924903	-41.3772339	15236
213.699909	-51.5403114	15237
210.992237	-61.5836585	15238
207.808649	-71.4843727	15239
204.156902	-81.2199562	15240
200.04579	-90.7684134	15241
195.484981	-100.108295	15242
190.485037	-109.218681	15243
185.057374	-118.07921	15244
179.214249	-126.670137	15245
172.968717	-134.972352	15246
166.334602	-142.967368	15247
159.326482	-150.637356	15248
151.959659	-157.965172	15249
144.250122	-164.934371	15250
136.214532	-171.52922	15251
127.870196	-177.734711	15252
119.235052	-183.536599	15253
110.327624	-188.921389	15254
101.167015	-193.876376	15255
91.7728668	-198.389648	15256
82.1653614	-202.450133	15257
72.3651652	-206.047568	15258
62.3934257	-209.17256	15259
52.2717407	-211.816593	15260
42.0221292	-213.972033	15261
31.6670126	-215.632168	15262
21.229185	-216.791212	15263
10.7317913	-217.444356	15264
0.198296988	-217.587757	15265
-10.3475402	-217.218585	15266
-20.881706	-216.335041	15267
-31.3799808	-214.93636	15268
-41.8180001	-213.022885	15269
-52.1712969	-210.596015	15270
-62.4153461	-207.658239	15271
-72.5256034	-204.213171	15272
-82.4775417	-200.265545	15273
-92.2466752	-195.821206	15274
-101.808626	-190.887185	15275
-111.139147	-185.471667	15276
-120.214162	-179.584014	15277
-129.009821	-173.234798	15278
-137.50254	-166.435818	15279
-145.669049	-159.200116	15280
-153.486426	-151.541994	15281
-160.932167	-143.477071	15282
-167.98423	-135.02229	15283
-174.621086	-126.19597	15284
-180.821799	-117.017844	15285
-186.566073	-107.509091	15286
-191.834373	-97.6924122	15287
-196.608003	-87.5920678	15288
-200.869199	-77.2338984	15289
-204.601314	-66.6453254	15290
-207.788988	-55.8552794	15291
-210.4184	-44.8941864	15292
-212.477379	-33.7940364	15293
-213.95567	-22.5884962	15294
-214.845601	-11.3121268	15295
-215.14271	-2.55377229e-06	15296
-214.845601	11.3121218	15297
-213.955671	22.5884911	15298
-212.47738	33.7940314	15299
-210.418401	44.8941815	15300
-207.78899	55.8552746	15301
-204.601316	66.6453206	15302
-200.869201	77.2338938	15303
-196.608005	87.5920633	15304
-191.834375	97.6924079	15305
-186.566076	107.509087	15306
-180.821802	117.01784	15307
-174.621088	126.195967	15308
-167.984233	135.022286	15309
-160.93217	143.477067	15310
-153.486429	151.541991	15311
-145.669053	159.200113	15312
-137.502543	166.435815	15313
-129.009824	173.234796	15314
-120.214165	179.584012	15315
-111.139151	185.471665	15316
-101.80863	190.887183	15317
-92.246679	195.821205	15318
-82.4775455	200.265543	15319
-72.5256073	204.21317	15320
-62.4153499	207.658238	15321
-52.1713007	210.596014	15322
-41.8180039	213.022884	15323
-31.3799846	214.936359	15324
-20.8817097	216.335041	15325
-10.3475439	217.218584	15326
0.198293322	217.587757	15327
10.7317877	217.444356	15328
21.2291814	216.791213	15329
31.6670091	215.632169	15330
42.0221258	213.972034	15331
52.2717374	211.816594	15332
62.3934225	209.172561	15333
72.3651621	206.047569	15334
82.1653583	202.450134	15335
91.7728639	198.38965	15336
101.167012	193.876377	15337
110.327622	188.92139	15338
119.23505	183.536601	15339
127.870193	177.734713	15340
136.21453	171.529221	15341
144.250119	164.934373	15342
151.959657	157.965174	15343
159.32648	150.637358	15344
166.3346	142.96737	15345
172.968715	134.972354	15346
179.214247	126.67014	15347
185.057373	118.079212	15348
190.485036	109.218683	15349
195.48498	100.108297	15350
200.045789	90.7684159	15351
204.156901	81.2199587	15352
207.808648	71.4843752	15353
210.992236	61.5836611	15354
213.699908	51.540314	15355
215.924903	41.3772365	15356
217.661583	31.1178264	15357
218.905422	20.7857438	15358
219.653069	10.405064	15359
252.687417	1.55402917e-06	15360
252.400743	-11.9643777	15361
251.541526	-23.9009218	15362
250.111975	-35.7819666	15363
248.115795	-47.5799955	15364
245.55801	-59.2679179	15365
242.444911	-70.8189235	15366
238.784065	-82.2067208	15367
234.584181	-93.4054475	15368
229.855163	-104.389782	15369
224.607941	-115.134989	15370
218.854493	-125.616913	15371
212.607804	-135.812014	15372
205.881851	-145.697431	15373
198.691555	-155.251011	15374
191.052753	-164.451301	15375
182.98218	-173.277592	15376
174.497429	-181.709957	15377
165.616921	-189.729265	15378
156.359878	-197.317204	15379
146.746293	-204.4563	15380
136.796916	-211.129965	15381
126.5332	-217.322481	15382
115.977285	-223.01906	15383
105.151966	-228.205838	15384
94.0806725	-232.86994	15385
82.7874166	-236.999445	15386
71.2967814	-240.583461	15387
59.6338834	-243.61213	15388
47.8243365	-246.076642	15389
35.8942267	-247.96928	15390
23.870075	-249.283424	15391
11.7788082	-250.013614	15392
-0.352279978	-250.155541	15393
-12.4955653	-249.706092	15394
-24.6231384	-248.663381	15395
-36.7068655	-247.026743	15396
-48.7184603	-244.796828	15397
-60.6295357	-241.975533	15398
-72.4116576	-238.566047	15399
-84.0363951	-234.572888	15400
-95.4753667	-230.001895	15401
-106.700274	-224.86022	15402
-117.682983	-219.156406	15403
-128.395555	-212.900352	15404
-138.810298	-206.103332	15405
-148.899838	-198.778031	15406
-158.637168	-190.938558	15407
-167.99571	-182.600455	15408
-176.949356	-173.780714	15409
-185.472564	-164.497822	15410
-193.5404	-154.77177	15411
-201.128612	-144.624086	15412
-208.213724	-134.077871	15413
-214.773086	-123.157813	15414
-220.785018	-111.89025	15415
-226.228896	-100.303194	15416
-231.08524	-88.4263312	15417
-235.335917	-76.2910119	15418
-238.964312	-63.9301482	15419
-241.955594	-51.3781701	15420
-244.296808	-38.6710672	15421
-245.977105	-25.8465226	15422
-246.988401	-12.9431372	15423
-247.325995	-2.89194118e-06	15424
-246.988401	12.9431314	15425
-245.977106	25.8465169	15426
-244.296809	38.6710615	15427
-241.955595	51.3781644	15428
-238.964314	63.9301427	15429
-235.335919	76.2910065	15430
-231.085242	88.426326	15431
-226.228899	100.303188	15432
-220.785021	111.890245	15433
-214.773089	123.157808	15434
-208.213726	134.077866	15435
-201.128615	144.624082	15436
-193.540403	154.771766	15437
-185.472567	164.497818	15438
-176.94936	173.78071	15439
-167.995714	182.600452	15440
-158.637172	190.938554	15441
-148.899842	198.778028	15442
-138.810302	206.103329	15443
-128.395559	212.900349	15444
-117.682987	219.156403	15445
-106.700278	224.860218	15446
-95.4753711	230.001893	15447
-84.0363995	234.572887	15448
-72.411662	238.566046	15449
-60.6295401	241.975532	15450
-48.7184646	244.796827	15451
-36.7068698	247.026743	15452
-24.6231428	248.663381	15453
-12.4955696	249.706092	15454
-0.352284205	250.155541	15455
11.778804	250.013614	15456
23.8700709	249.283424	15457
35.8942227	247.96928	15458
47.8243325	246.076643	15459
59.6338796	243.612131	15460
71.2967776	240.583462	15461
82.787413	236.999446	15462
94.080669	232.869941	15463
105.151963	228.20584	15464
115.977282	223.019062	15465
126.533197	217.322483	15466
136.796913	211.129967	15467
146.74629	204.456302	15468
156.359875	197.317206	15469
165.616919	189.729267	15470
174.497427	181.709959	15471
182.982177	173.277594	15472
191.052751	164.451303	15473
198.691553	155.251014	15474
205.881849	145.697434	15475
212.607802	135.812017	15476
218.854491	125.616916	15477
224.607939	115.134992	15478
229.855162	104.389785	15479
234.58418	93.4054504	15480
238.784064	82.2067238	15481
242.44491	70.8189265	15482
245.558009	59.267921	15483
248.115794	47.5799985	15484
250.111974	35.7819697	15485
251.541525	23.9009249	15486
252.400743	11.9643808	15487
290.382473	1.81335653e-06	15488
290.052905	-13.7594961	15489
289.065082	-27.4871696	15490
287.421464	-41.1513681	15491
285.126168	-54.7205987	15492
282.184796	-68.1638075	15493
278.604397	-81.4502419	15494
274.393476	-94.5496964	15495
269.561846	-107.432424	15496
264.120697	-120.069264	15497
258.082424	-132.431691	15498
251.460649	-144.491815	15499
244.270173	-156.222429	15500
236.526966	-167.597084	15501
228.248113	-178.590116	15502
219.451781	-189.176657	15503
210.1572	-199.332681	15504
200.384621	-209.035055	15505
190.155275	-218.261556	15506
179.491348	-226.990906	15507
168.415944	-235.202794	15508
156.953067	-242.877939	15509
145.127553	-249.998072	15510
132.965065	-256.546009	15511
120.492034	-262.505652	15512
107.735651	-267.86206	15513
94.7237936	-272.601416	15514
81.4850167	-276.711116	15515
68.0485021	-280.179774	15516
54.4440161	-282.997244	15517
40.7018759	-285.15467	15518
26.8529039	-286.644496	15519
12.9283898	-287.460538	15520
-1.03995848	-287.597971	15521
-15.0200609	-287.053387	15522
-28.9795221	-285.824823	15523
-42.8857026	-283.911761	15524
-56.7058053	-281.315232	15525
-70.4069364	-278.037738	15526
-83.9561708	-274.083301	15527
-97.3206163	-269.457512	15528
-110.46747	-264.167508	15529
-123.364064	-258.221976	15530
-135.977961	-251.631224	15531
-148.277002	-244.40715	15532
-160.229361	-236.563251	15533
-171.803641	-228.114665	15534
-182.968929	-219.078173	15535
-193.694876	-209.472209	15536
-203.951752	-199.316863	15537
-213.710554	-188.633931	15538
-222.943068	-177.446905	15539
-231.62195	-165.781	15540
-239.720844	-153.663176	15541
-247.214432	-141.122139	15542
-254.078607	-128.188388	15543
-260.290559	-114.89422	15544
-265.828869	-101.273711	15545
-270.673722	-87.3626925	15546
-274.807079	-73.1986192	15547
-278.212966	-58.8204934	15548
-280.877538	-44.2688745	15549
-282.789272	-29.5860317	15550
-283.939612	-14.8151787	15551
-284.32359	-3.277432e-06	15552
-283.939613	14.8151722	15553
-282.789273	29.5860252	15554
-280.877539	44.268868	15555
-278.212968	58.820487	15556
-274.807081	73.198613	15557
-270.673724	87.3626864	15558
-265.828872	101.273705	15559
-260.290562	114.894214	15560
-254.07861	128.188382	15561
-247.214435	141.122134	15562
-239.720847	153.663171	15563
-231.621954	165.780995	15564
-222.943072	177.446901	15565
-213.710558	188.633927	15566
-203.951756	199.316859	15567
-193.69488	209.472205	15568
-182.968933	219.078169	15569
-171.803645	228.114662	15570
-160.229366	236.563248	15571
-148.277007	244.407147	15572
-135.977966	251.631221	15573
-123.364068	258.221974	15574
-110.467475	264.167506	15575
-97.3206213	269.45751	15576
-83.9561759	274.0833	15577
-70.4069414	278.037737	15578
-56.7058103	281.315231	15579
-42.8857076	283.911761	15580
-28.9795271	285.824823	15581
-15.0200659	287.053387	15582
-1.03996335	287.597971	15583
12.928385	287.460538	15584
26.8528992	286.644496	15585
40.7018713	285.15467	15586
54.4440115	282.997244	15587
68.0484977	280.179775	15588
81.4850124	276.711117	15589
94.7237894	272.601418	15590
107.735646	267.862062	15591
120.49203	262.505654	15592
132.965061	256.546011	15593
145.12755	249.998074	15594
156.953063	242.877941	15595
168.41594	235.202797	15596
179.491345	226.990908	15597
190.155272	218.261559	15598
200.384618	209.035058	15599
210.157197	199.332684	15600
219.451779	189.17666	15601
228.248111	178.590119	15602
236.526964	167.597087	15603
244.270171	156.222432	15604
251.460647	144.491818	15605
258.082422	132.431694	15606
264.120695	120.069267	15607
269.561845	107.432427	15608
274.393475	94.5496999	15609
278.604396	81.4502454	15610
282.184795	68.163811	15611
285.126167	54.7206022	15612
287.421464	41.1513717	15613
289.065082	27.4871732	15614
290.052905	13.7594998	15615
333.723092	2.11473627e-06	15616
333.344082	-15.8260166	15617
332.208025	-31.6156012	15618
330.317671	-47.3324956	15619
327.677614	-62.940613	15620
324.29413	-78.4043206	15621
320.175147	-93.6883122	15622
315.330258	-108.757862	15623
309.770558	-123.578738	15624
303.50873	-138.117348	15625
296.558869	-152.340794	15626
288.936501	-166.216878	15627
280.658535	-179.714164	15628
271.743248	-192.802065	15629
262.210232	-205.450875	15630
252.080354	-217.631786	15631
241.375731	-229.316956	15632
230.119693	-240.479559	15633
218.336724	-251.093815	15634
206.052439	-261.135032	15635
193.293543	-270.579639	15636
180.087802	-279.405259	15637
166.46397	-287.590696	15638
152.451778	-295.116016	15639
138.081866	-301.96256	15640
123.385771	-308.11302	15641
108.39584	-313.551415	15642
93.1452149	-318.263182	15643
77.6677739	-322.2352	15644
61.9980774	-325.455804	15645
46.1713267	-327.914851	15646
30.2233067	-329.603733	15647
14.1903383	-330.515455	15648
-1.8907828	-330.644631	15649
-17.9828436	-329.987538	15650
-34.0482835	-328.542159	15651
-50.0492792	-326.308176	15652
-65.9478458	-323.287089	15653
-81.7059101	-319.482129	15654
-97.2853894	-314.89831	15655
-112.64827	-309.542487	15656
-127.75668	-303.423327	15657
-142.572941	-296.551307	15658
-157.059693	-288.9388	15659
-171.179943	-280.600028	15660
-184.897143	-271.55107	15661
-198.175299	-261.809904	15662
-210.979042	-251.396406	15663
-223.273726	-240.332346	15664
-235.025494	-228.641391	15665
-246.201406	-216.349142	15666
-256.769517	-203.483115	15667
-266.698975	-190.072758	15668
-275.960148	-176.149458	15669
-284.524699	-161.746521	15670
-292.365764	-146.899205	15671
-299.45806	-131.644706	15672
-305.777968	-116.022114	15673
-311.303767	-100.072375	15674
-316.015807	-83.8381312	15675
-319.896813	-67.3636077	15676
-322.931929	-50.6945881	15677
-325.108869	-33.8785819	15678
-326.418541	-16.9640723	15679
-326.85567	-3.71697983e-06	15680
-326.418542	16.9640649	15681
-325.10887	33.8785745	15682
-322.931931	50.6945808	15683
-319.896815	67.3636004	15684
-316.015809	83.8381241	15685
-311.303769	100.072368	15686
-305.77797	116.022107	15687
-299.458062	131.644699	15688
-292.365767	146.899199	15689
-284.524702	161.746515	15690
-275.960152	176.149452	15691
-266.698979	190.072752	15692
-256.769522	203.48311	15693
-246.20141	216.349136	15694
-235.025498	228.641386	15695
-223.273731	240.332341	15696
-210.979047	251.396401	15697
-198.175304	261.8099	15698
-184.897149	271.551066	15699
-171.179949	280.600024	15700
-157.059699	288.938797	15701
-142.572947	296.551304	15702
-127.756685	303.423325	15703
-112.648276	309.542485	15704
-97.2853951	314.898309	15705
-81.7059159	319.482127	15706
-65.9478515	323.287088	15707
-50.0492849	326.308175	15708
-34.0482893	328.542159	15709
-17.9828492	329.987537	15710
-1.89078842	330.644631	15711
14.1903327	330.515456	15712
30.2233012	329.603733	15713
46.1713214	327.914852	15714
61.9980721	325.455805	15715
77.6677687	322.235201	15716
93.1452099	318.263184	15717
108.395835	313.551416	15718
123.385766	308.113022	15719
138.081862	301.962562	15720
152.451773	295.116019	15721
166.463966	287.590698	15722
180.087798	279.405262	15723
193.293539	270.579642	15724
206.052436	261.135035	15725
218.33672	251.093818	15726
230.119689	240.479562	15727
241.375728	229.316959	15728
252.080351	217.63179	15729
262.210229	205.450878	15730
271.743245	192.802069	15731
280.658533	179.714168	15732
288.936499	166.216882	15733
296.558867	152.340798	15734
303.508728	138.117352	15735
309.770556	123.578742	15736
315.330257	108.757866	15737
320.175146	93.6883163	15738
324.294129	78.4043248	15739
327.677614	62.9406172	15740
330.31767	47.3324998	15741
332.208025	31.6156054	15742
333.344082	15.8260208	15743
383.554806	2.46481064e-06	15744
383.118812	-18.2048976	15745
381.811908	-36.3680379	15746
379.637179	-54.4478419	15747
376.599777	-72.4029157	15748
372.706755	-90.1923373	15749
367.967068	-107.775541	15750
362.391569	-125.112582	15751
355.992839	-142.164049	15752
348.785298	-158.891237	15753
340.785007	-175.2562	15754
332.009703	-191.221772	15755
322.478737	-206.751642	15756
312.213061	-221.81045	15757
301.235171	-236.363832	15758
289.56906	-250.378445	15759
277.240191	-263.822048	15760
264.275453	-276.663567	15761
250.7031	-288.873127	15762
236.552714	-300.42211	15763
221.855164	-311.283199	15764
206.64257	-321.430459	15765
190.948217	-330.839332	15766
174.806538	-339.486734	15767
158.253042	-347.351066	15768
141.324285	-354.412318	15769
124.05778	-360.652028	15770
106.491967	-366.053405	15771
88.6661455	-370.601347	15772
70.6204113	-374.282467	15773
52.3956002	-377.085167	15774
34.0332206	-378.999654	15775
15.5753934	-380.018035	15776
-2.93522349	-380.134303	15777
-21.4555058	-379.34441	15778
-39.9419483	-377.646311	15779
-58.3507639	-375.039947	15780
-76.6380039	-371.527398	15781
-94.759644	-367.112767	15782
-112.671678	-361.802246	15783
-130.330218	-355.604176	15784
-147.691573	-348.52902	15785
-164.712331	-340.589346	15786
-181.349487	-331.799932	15787
-197.560524	-322.177701	15788
-213.30349	-311.741729	15789
-228.537142	-300.513283	15790
-243.221027	-288.515812	15791
-257.315595	-275.77494	15792
-270.782286	-262.318454	15793
-283.583683	-248.176333	15794
-295.683593	-233.38072	15795
-307.047173	-217.965921	15796
-317.641076	-201.968398	15797
-327.433531	-185.426725	15798
-336.39455	-168.38161	15799
-344.49604	-150.875848	15800
-351.71189	-132.954262	15801
-358.018217	-114.663637	15802
-363.393539	-96.0525415	15803
-367.819108	-77.1711719	15804
-371.278917	-58.0712861	15805
-373.759812	-38.8063841	15806
-375.252096	-19.430971	15807
-375.75014	-4.21829907e-06	15808
-375.252096	19.4309625	15809
-373.759813	38.8063757	15810
-371.278918	58.0712778	15811
-367.81911	77.1711637	15812
-363.393541	96.0525334	15813
-358.018219	114.663629	15814
-351.711894	132.954254	15815
-344.496043	150.875841	15816
-336.394554	168.381603	15817
-327.433535	185.426718	15818
-317.641081	201.968391	15819
-307.047178	217.965915	15820
-295.683598	233.380714	15821
-283.583688	248.176327	15822
-270.782292	262.318448	15823
-257.3156	275.774935	15824
-243.221032	288.515807	15825
-228.537148	300.513278	15826
-213.303496	311.741725	15827
-197.56053	322.177697	15828
-181.349494	331.799928	15829
-164.712337	340.589343	15830
-147.69158	348.529017	15831
-130.330224	355.604174	15832
-112.671685	361.802244	15833
-94.7596506	367.112766	15834
-76.6380106	371.527397	15835
-58.3507705	375.039946	15836
-39.9419549	377.64631	15837
-21.4555123	379.34441	15838
-2.93522996	380.134303	15839
15.575387	380.018035	15840
34.0332143	378.999655	15841
52.3955941	377.085168	15842
70.6204053	374.282468	15843
88.6661396	370.601348	15844
106.491961	366.053406	15845
124.057774	360.65203	15846
141.32428	354.41232	15847
158.253036	347.351069	15848
174.806533	339.486737	15849
190.948212	330.839335	15850
206.642565	321.430462	15851
221.855159	311.283202	15852
236.55271	300.422114	15853
250.703095	288.87313	15854
264.275449	276.66357	15855
277.240187	263.822052	15856
289.569056	250.378449	15857
301.235168	236.363836	15858
312.213058	221.810454	15859
322.478734	206.751646	15860
332.009701	191.221776	15861
340.785005	175.256204	15862
348.785295	158.891242	15863
355.992838	142.164054	15864
362.391567	125.112586	15865
367.967067	107.775546	15866
372.706754	90.1923422	15867
376.599776	72.4029205	15868
379.637178	54.4478468	15869
381.811907	36.3680428	15870
383.118812	18.2049025	15871
440.849782	2.87125096e-06	15872
440.348115	-20.9432612	15873
438.844313	-41.8386136	15874
436.341851	-62.6383319	15875
432.846529	-83.2948921	15876
428.366304	-103.761263	15877
422.911317	-123.990806	15878
416.493888	-143.937547	15879
409.128323	-163.556102	15880
400.831051	-182.801859	15881
391.620421	-201.631049	15882
381.516728	-220.000778	15883
370.542155	-237.869112	15884
358.720754	-255.19519	15885
346.078384	-271.93928	15886
332.642658	-288.062815	15887
318.442916	-303.528489	15888
303.510166	-318.300335	15889
287.877021	-332.343772	15890
271.57766	-345.625666	15891
254.647763	-358.114392	15892
237.12449	-369.779931	15893
219.046362	-380.593865	15894
200.453251	-390.529497	15895
181.386288	-399.561863	15896
161.887835	-407.667855	15897
142.001366	-414.826182	15898
121.771442	-421.017509	15899
101.243621	-426.224479	15900
80.4643845	-430.431752	15901
59.4810682	-433.626085	15902
38.3417793	-435.796351	15903
17.0953231	-436.933656	15904
-4.20888968	-437.031317	15905
-25.5209294	-436.084948	15906
-46.7904504	-434.092504	15907
-67.9668069	-431.054271	15908
-88.9991952	-426.973026	15909
-109.836754	-421.853917	15910
-130.428677	-415.704527	15911
-150.724334	-408.534948	15912
-170.673366	-400.35774	15913
-190.225784	-391.187915	15914
-209.332125	-381.043047	15915
-227.943546	-369.943197	15916
-246.01192	-357.91091	15917
-263.490005	-344.971261	15918
-280.331541	-331.151828	15919
-296.491388	-316.482679	15920
-311.925624	-300.996344	15921
-326.591725	-284.727842	15922
-340.44867	-267.714632	15923
-353.457074	-249.996595	15924
-365.579365	-231.616011	15925
-376.779869	-212.617494	15926
-387.02505	-193.047986	15927
-396.283625	-172.956693	15928
-404.526653	-152.394986	15929
-411.727794	-131.416331	15930
-417.86349	-110.076066	15931
-422.913315	-88.4312161	15932
-426.859956	-66.5403736	15933
-429.689273	-44.4638902	15934
-431.390882	-22.2631552	15935
-431.958753	-4.79022773e-06	15936
-431.390883	22.2631456	15937
-429.689274	44.4638807	15938
-426.859957	66.5403641	15939
-422.913317	88.4312068	15940
-417.863493	110.076057	15941
-411.727797	131.416322	15942
-404.526656	152.394978	15943
-396.283629	172.956685	15944
-387.025054	193.047978	15945
-376.779874	212.617486	15946
-365.57937	231.616003	15947
-353.457079	249.996587	15948
-340.448676	267.714625	15949
-326.591731	284.727835	15950
-311.92563	300.996337	15951
-296.491394	316.482673	15952
-280.331548	331.151823	15953
-263.490011	344.971256	15954
-246.011927	357.910906	15955
-227.943553	369.943192	15956
-209.332133	381.043043	15957
-190.225791	391.187911	15958
-170.673373	400.357736	15959
-150.724341	408.534945	15960
-130.428685	415.704524	15961
-109.836762	421.853915	15962
-88.9992028	426.973024	15963
-67.9668145	431.054269	15964
-46.790458	434.092504	15965
-25.5209369	436.084948	15966
-4.20889713	437.031317	15967
17.0953158	436.933657	15968
38.3417721	435.796351	15969
59.481061	433.626086	15970
80.4643775	430.431754	15971
101.243614	426.224481	15972
121.771435	421.017511	15973
142.00136	414.826185	15974
161.887829	407.667858	15975
181.386282	399.561866	15976
200.453245	390.5295	15977
219.046356	380.593868	15978
237.124484	369.779934	15979
254.647758	358.114396	15980
271.577654	345.62567	15981
287.877017	332.343776	15982
303.510161	318.30034	15983
318.442912	303.528493	15984
332.642654	288.06282	15985
346.07838	271.939285	15986
358.72075	255.195195	15987
370.542152	237.869117	15988
381.516725	220.000783	15989
391.620418	201.631054	15990
400.831048	182.801864	15991
409.128321	163.556107	15992
416.493886	143.937553	15993
422.911316	123.990812	15994
428.366303	103.761269	15995
432.846528	83.2948977	15996
436.341851	62.6383376	15997
438.844312	41.8386193	15998
440.348115	20.943267	15999
506.725788	3.34291372e-06	16000
506.148439	-24.0953192	16001
504.417732	-48.1356242	16002
501.537598	-72.0660914	16003
497.514582	-95.8321167	16004
492.357695	-119.379615	16005
486.078455	-142.654932	16006
478.69088	-165.605137	16007
470.21128	-188.177946	16008
460.658416	-210.321936	16009
450.053284	-231.986619	16010
438.419151	-253.122491	16011
425.781478	-273.681138	16012
412.167909	-293.615356	16013
397.6082	-312.879229	16014
382.134157	-331.428171	16015
365.779603	-349.219047	16016
348.580319	-366.21026	16017
330.573963	-382.36181	16018
311.800025	-397.635373	16019
292.299759	-411.994374	16020
272.116146	-425.404103	16021
251.293764	-437.831714	16022
229.878771	-449.246366	16023
207.918795	-459.61924	16024
185.462901	-468.923686	16025
162.56145	-477.135179	16026
139.266068	-484.231479	16027
115.629536	-490.19267	16028
91.7057026	-495.00119	16029
67.5493979	-498.641936	16030
43.2163361	-501.102286	16031
18.7630234	-502.37223	16032
-5.75335281	-502.444344	16033
-30.2750297	-501.313893	16034
-54.7437919	-498.978877	16035
-79.1011076	-495.440013	16036
-103.288295	-490.700931	16037
-127.246639	-484.768017	16038
-150.917528	-477.650498	16039
-174.242594	-469.360517	16040
-197.163834	-459.913088	16041
-219.623722	-449.326069	16042
-241.565401	-437.620284	16043
-262.932785	-424.819434	16044
-283.670689	-410.950083	16045
-303.72501	-396.041705	16046
-323.042863	-380.126646	16047
-341.57272	-363.240097	16048
-359.264549	-345.420052	16049
-376.070007	-326.707325	16050
-391.942569	-307.145483	16051
-406.837681	-286.780806	16052
-420.712966	-265.662248	16053
-433.52831	-243.841341	16054
-445.246141	-221.372169	16055
-455.831553	-198.311272	16056
-465.252389	-174.717516	16057
-473.479517	-150.652001	16058
-480.487019	-126.17781	16059
-486.252562	-101.359776	16060
-490.757349	-76.2643159	16061
-493.986121	-50.9596191	16062
-495.927711	-25.514947	16063
-496.575635	-5.44289251e-06	16064
-495.927712	25.5149362	16065
-493.986123	50.9596083	16066
-490.757351	76.2643052	16067
-486.252565	101.359765	16068
-480.487022	126.1778	16069
-473.479521	150.651991	16070
-465.252393	174.717506	16071
-455.831558	198.311262	16072
-445.246146	221.37216	16073
-433.528315	243.841331	16074
-420.712971	265.662239	16075
-406.837687	286.780797	16076
-391.942575	307.145475	16077
-376.070013	326.707317	16078
-359.264556	345.420044	16079
-341.572727	363.24009	16080
-323.04287	380.12664	16081
-303.725018	396.041699	16082
-283.670697	410.950077	16083
-262.932794	424.819428	16084
-241.56541	437.620279	16085
-219.623731	449.326065	16086
-197.163843	459.913085	16087
-174.242602	469.360514	16088
-150.917537	477.650495	16089
-127.246648	484.768014	16090
-103.288303	490.700929	16091
-79.1011163	495.440012	16092
-54.7438006	498.978876	16093
-30.2750383	501.313893	16094
-5.75336139	502.444344	16095
18.7630149	502.37223	16096
43.2163277	501.102287	16097
67.5493897	498.641937	16098
91.7056945	495.001191	16099
115.629529	490.192672	16100
139.26606	484.231482	16101
162.561443	477.135181	16102
185.462893	468.923689	16103
207.918788	459.619243	16104
229.878764	449.246369	16105
251.293758	437.831718	16106
272.11614	425.404107	16107
292.299753	411.994378	16108
311.800019	397.635378	16109
330.573957	382.361815	16110
348.580314	366.210265	16111
365.779598	349.219052	16112
382.134152	331.428177	16113
397.608196	312.879235	16114
412.167904	293.615362	16115
425.781474	273.681143	16116
438.419148	253.122497	16117
450.053281	231.986625	16118
460.658413	210.321942	16119
470.211278	188.177952	16120
478.690878	165.605143	16121
486.078453	142.654938	16122
492.357694	119.379621	16123
497.514581	95.8321233	16124
501.537597	72.066098	16125
504.417732	48.1356309	16126
506.148439	24.0953258	16127
582.467998	3.89002252e-06	16128
581.80344	-27.723437	16129
579.811269	-55.3836543	16130
576.495941	-82.9176306	16131
571.864873	-110.262586	16132
565.928292	-137.35629	16133
558.699315	-164.136989	16134
550.193934	-190.543722	16135
540.430779	-216.516241	16136
529.431315	-241.995263	16137
517.21961	-266.922549	16138
503.822371	-291.240973	16139
489.268859	-314.894647	16140
473.590882	-337.82906	16141
456.822708	-359.991168	16142
439.000994	-381.329455	16143
420.164759	-401.794073	16144
400.355302	-421.336946	16145
379.616121	-439.911843	16146
357.99285	-457.474472	16147
335.533189	-473.982569	16148
312.286847	-489.396039	16149
288.305405	-503.676956	16150
263.642283	-516.789725	16151
238.352617	-528.701115	16152
212.493211	-539.380422	16153
186.122381	-548.799424	16154
159.299903	-556.932576	16155
132.086894	-563.75704	16156
104.545697	-569.252738	16157
76.7397841	-573.402465	16158
48.7336351	-576.191914	16159
20.5926274	-577.609836	16160
-7.61709868	-577.647998	16161
-35.8287654	-576.301306	16162
-63.9751057	-573.567856	16163
-91.9885214	-569.448913	16164
-119.801277	-563.949125	16165
-147.345641	-557.076353	16166
-174.554037	-548.841758	16167
-201.359223	-539.259887	16168
-227.694431	-528.348616	16169
-253.493498	-516.129115	16170
-278.691095	-502.625982	16171
-303.222853	-487.867139	16172
-327.025507	-471.883799	16173
-350.037118	-454.71052	16174
-372.197224	-436.38515	16175
-393.447014	-416.948783	16176
-413.729478	-396.445703	16177
-432.989638	-374.923389	16178
-451.174699	-352.432425	16179
-468.23422	-329.026435	16180
-484.120348	-304.762029	16181
-498.787921	-279.698667	16182
-512.194774	-253.898615	16183
-524.30188	-227.426809	16184
-535.073422	-200.350692	16185
-544.477099	-172.740099	16186
-552.484305	-144.666968	16187
-559.070541	-116.205072	16188
-564.215321	-87.4297809	16189
-567.902116	-58.4182552	16190
-570.118869	-29.2487603	16191
-570.858582	-6.18789899e-06	16192
-570.118869	29.2487479	16193
-567.902117	58.4182429	16194
-564.215323	87.4297688	16195
-559.070543	116.20506	16196
-552.484308	144.666957	16197
-544.477103	172.740087	16198
-535.073426	200.350681	16199
-524.301885	227.426798	16200
-512.19478	253.898604	16201
-498.787927	279.698656	16202
-484.120354	304.762019	16203
-468.234227	329.026425	16204
-451.174706	352.432416	16205
-432.989646	374.92338	16206
-413.729486	396.445694	16207
-393.447023	416.948775	16208
-372.197233	436.385143	16209
-350.037127	454.710513	16210
-327.025516	471.883792	16211
-303.222862	487.867133	16212
-278.691105	502.625977	16213
-253.493508	516.12911	16214
-227.694441	528.348611	16215
-201.359233	539.259883	16216
-174.554047	548.841755	16217
-147.345651	557.07635	16218
-119.801288	563.949123	16219
-91.9885315	569.448911	16220
-63.9751157	573.567855	16221
-35.8287753	576.301305	16222
-7.61710856	577.647998	16223
20.5926176	577.609836	16224
48.7336255	576.191915	16225
76.7397746	573.402466	16226
104.545688	569.25274	16227
132.086885	563.757042	16228
159.299894	556.932579	16229
186.122373	548.799427	16230
212.493203	539.380425	16231
238.352609	528.701119	16232
263.642275	516.789729	16233
288.305398	503.67696	16234
312.28684	489.396044	16235
335.533181	473.982574	16236
357.992844	457.474477	16237
379.616114	439.911848	16238
400.355296	421.336952	16239
420.164753	401.794079	16240
439.000989	381.329462	16241
456.822702	359.991175	16242
473.590877	337.829067	16243
489.268855	314.894654	16244
503.822367	291.24098	16245
517.219606	266.922556	16246
529.431311	241.99527	16247
540.430776	216.516249	16248
550.193932	190.54373	16249
558.699313	164.136997	16250
565.92829	137.356297	16251
571.864871	110.262594	16252
576.495939	82.9176383	16253
579.811268	55.383662	16254
581.80344	27.7234448	16255
669.554068	4.52437592e-06	16256
668.789025	-31.8993588	16257
666.495587	-63.7260228	16258
662.678822	-95.4075057	16259
657.347156	-126.871588	16260
650.512228	-158.046633	16261
642.18901	-188.861541	16262
632.39578	-219.246077	16263
621.153859	-249.130807	16264
608.487847	-278.447376	16265
594.425374	-307.128606	16266
578.997132	-335.108582	16267
562.236787	-362.322797	16268
544.180965	-388.70832	16269
524.869159	-414.203896	16270
504.343649	-438.750027	16271
482.64946	-462.289136	16272
459.83428	-484.765694	16273
435.948361	-506.126301	16274
411.044446	-526.319805	16275
385.177682	-545.297407	16276
358.405563	-563.012829	16277
330.787759	-579.422313	16278
302.38608	-594.484818	16279
273.264333	-608.162058	16280
243.488262	-620.418692	16281
213.125359	-631.222278	16282
182.244809	-640.543494	16283
150.917342	-648.356184	16284
119.215098	-654.637412	16285
87.2115084	-659.367595	16286
54.9811531	-662.530535	16287
22.5996253	-664.113601	16288
-9.85662765	-664.107677	16289
-42.310456	-662.507307	16290
-74.6841826	-659.310749	16291
-106.899787	-654.519942	16292
-138.879134	-648.140762	16293
-170.544131	-640.182812	16294
-201.816918	-630.659527	16295
-232.620071	-619.588264	16296
-262.876769	-606.990238	16297
-292.510953	-592.890468	16298
-321.447593	-577.317934	16299
-349.612833	-560.305441	16300
-376.934169	-541.889583	16301
-403.340701	-522.110789	16302
-428.76331	-501.01325	16303
-453.134864	-478.644864	16304
-476.390389	-455.057154	16305
-498.467343	-430.305263	16306
-519.305775	-404.447835	16307
-538.848537	-377.546926	16308
-557.041541	-349.667927	16309
-573.833871	-320.879385	16310
-589.178139	-291.252941	16311
-603.030621	-260.86315	16312
-615.351341	-229.78727	16313
-626.104389	-198.105133	16314
-635.258105	-165.898813	16315
-642.785523	-133.25231	16316
-648.664237	-100.25125	16317
-652.876276	-66.9830599	16318
-655.408572	-33.536308	16319
-656.253544	-7.03854862e-06	16320
-655.408573	33.5362939	16321
-652.876277	66.983046	16322
-648.66424	100.251236	16323
-642.785526	133.252296	16324
-635.258108	165.898799	16325
-626.104394	198.105119	16326
-615.351346	229.787257	16327
-603.030627	260.863137	16328
-589.178145	291.252929	16329
-573.833878	320.879373	16330
-557.041548	349.667915	16331
-538.848545	377.546915	16332
-519.305783	404.447824	16333
-498.467351	430.305253	16334
-476.390398	455.057144	16335
-453.134873	478.644855	16336
-428.76332	501.013241	16337
-403.340711	522.110781	16338
-376.93418	541.889576	16339
-349.612844	560.305435	16340
-321.447604	577.317928	16341
-292.510964	592.890462	16342
-262.87678	606.990233	16343
-232.620082	619.58826	16344
-201.81693	630.659523	16345
-170.544142	640.182809	16346
-138.879145	648.140759	16347
-106.899799	654.51994	16348
-74.6841942	659.310748	16349
-42.3104675	662.507307	16350
-9.85663902	664.107677	16351
22.5996141	664.113601	16352
54.981142	662.530536	16353
87.2114974	659.367596	16354
119.215087	654.637414	16355
150.917331	648.356187	16356
182.244799	640.543497	16357
213.125349	631.222281	16358
243.488252	620.418695	16359
273.264324	608.162062	16360
302.386071	594.484823	16361
330.78775	579.422318	16362
358.405555	563.012834	16363
385.177674	545.297413	16364
411.044438	526.319811	16365
435.948354	506.126308	16366
459.834273	484.765701	16367
482.649453	462.289143	16368
504.343643	438.750034	16369
524.869153	414.203904	16370
544.180959	388.708328	16371
562.236782	362.322805	16372
578.997127	335.10859	16373
594.42537	307.128614	16374
608.487844	278.447385	16375
621.153856	249.130816	16376
632.395777	219.246086	16377
642.189007	188.86155	16378
650.512226	158.046642	16379
657.347154	126.871597	16380
662.678821	95.4075147	16381
666.495586	63.7260318	16382
668.789025	31.8993678	16383
769.682952	5.2595884e-06	16384
768.802138	-36.7056147	16385
766.161618	-73.3275974	16386
761.76713	-109.782531	16387
755.628271	-145.987295	16388
747.758355	-181.859402	16389
738.174535	-217.316974	16390
726.897623	-252.279042	16391
713.952171	-286.665603	16392
699.366371	-320.397826	16393
683.17196	-353.398213	16394
665.40426	-385.590716	16395
646.102066	-416.900913	16396
625.307565	-447.256158	16397
603.066282	-476.58572	16398
579.427023	-504.820928	16399
554.441771	-531.895315	16400
528.165591	-557.744757	16401
500.656543	-582.307611	16402
471.9756	-605.524844	16403
442.18653	-627.340168	16404
411.355797	-647.700168	16405
379.552437	-666.554427	16406
346.847945	-683.855649	16407
313.316153	-699.559782	16408
279.033098	-713.626129	16409
244.076884	-726.017469	16410
208.527545	-736.700161	16411
172.466892	-745.644254	16412
135.978365	-752.823589	16413
99.1468744	-758.215892	16414
62.0586346	-761.802871	16415
24.8009973	-763.570309	16416
-12.5377261	-763.508139	16417
-49.8684521	-761.610537	16418
-87.1015298	-757.875986	16419
-124.14697	-752.307337	16420
-160.914676	-744.911844	16421
-197.314662	-735.70119	16422
-233.257273	-724.691511	16423
-268.653394	-711.903417	16424
-303.414668	-697.361991	16425
-337.453724	-681.096788	16426
-370.6844	-663.141823	16427
-403.02197	-643.53554	16428
-434.383378	-622.320787	16429
-464.687469	-599.544759	16430
-493.855225	-575.258954	16431
-521.809997	-549.519098	16432
-548.477746	-522.385071	16433
-573.787278	-493.920815	16434
-597.670483	-464.194228	16435
-620.06257	-433.277055	16436
-640.902314	-401.244738	16437
-660.132297	-368.176279	16438
-677.699156	-334.154047	16439
-693.553786	-299.263596	16440
-707.651522	-263.593453	16441
-719.952327	-227.234882	16442
-730.421092	-190.281567	16443
-739.027972	-152.8292	16444
-745.748458	-114.975167	16445
-750.562897	-76.8186445	16446
-753.457094	-38.4599904	16447
-754.422768	-8.01008883e-06	16448
-753.457095	38.4599744	16449
-750.562898	76.8186286	16450
-745.74846	114.975151	16451
-739.027975	152.829184	16452
-730.421096	190.281552	16453
-719.952331	227.234867	16454
-707.651527	263.593438	16455
-693.553792	299.263582	16456
-677.699162	334.154033	16457
-660.132305	368.176265	16458
-640.902321	401.244725	16459
-620.062578	433.277042	16460
-597.670491	464.194216	16461
-573.787287	493.920803	16462
-548.477756	522.38506	16463
-521.810007	549.519087	16464
-493.855236	575.258944	16465
-464.687481	599.544749	16466
-434.383389	622.320778	16467
-403.021982	643.535532	16468
-370.684412	663.141815	16469
-337.453737	681.096781	16470
-303.414681	697.361984	16471
-268.653406	711.903412	16472
-233.257286	724.691506	16473
-197.314675	735.701185	16474
-160.914689	744.91184	16475
-124.146983	752.307334	16476
-87.1015429	757.875984	16477
-49.8684652	761.610535	16478
-12.5377392	763.508138	16479
24.8009843	763.570308	16480
62.0586218	761.802872	16481
99.1468617	758.215892	16482
135.978352	752.82359	16483
172.466879	745.644257	16484
208.527533	736.700164	16485
244.076873	726.017472	16486
279.033086	713.626133	16487
313.316142	699.559786	16488
346.847935	683.855654	16489
379.552427	666.554432	16490
411.355787	647.700173	16491
442.18652	627.340174	16492
471.97559	605.52485	16493
500.656534	582.307618	16494
528.165582	557.744765	16495
554.441763	531.895323	16496
579.427015	504.820936	16497
603.066275	476.585729	16498
625.307559	447.256167	16499
646.10206	416.900922	16500
665.404254	385.590725	16501
683.171955	353.398222	16502
699.366366	320.397836	16503
713.952167	286.665613	16504
726.897619	252.279051	16505
738.174532	217.316984	16506
747.758352	181.859412	16507
755.628269	145.987306	16508
761.767128	109.782541	16509
766.161617	73.3276079	16510
768.802137	36.7056252	16511
%
% Boundary elements
%
NMARK= 2
MARKER_TAG= airfoil
MARKER_ELEMS= 128
3	0	1
3	1	2
3	2	3
3	3	4
3	4	5
3	5	6
3	6	7
3	7	8
3	8	9
3	9	10
3	10	11
3	11	12
3	12	13
3	13	14
3	14	15
3	15	16
3	16	17
3	17	18
3	18	19
3	19	20
3	20	21
3	21	22
3	22	23
3	23	24
3	24	25
3	25	26
3	26	27
3	27	28
3	28	29
3	29	30
3	30	31
3	31	32
3	32	33
3	33	34
3	34	35
3	35	36
3	36	37
3	37	38
3	38	39
3	39	40
3	40	41
3	41	42
3	42	43
3	43	44
3	44	45
3	45	46
3	46	47
3	47	48
3	48	49
3	49	50
3	50	51
3	51	52
3	52	53
3	53	54
3	54	55
3	55	56
3	56	57
3	57	58
3	58	59
3	59	60
3	60	61
3	61	62
3	62	63
3	63	64
3	64	65
3	65	66
3	66	67
3	67	68
3	68	69
3	69	70
3	70	71
3	71	72
3	72	73
3	73	74
3	74	75
3	75	76
3	76	77
3	77	78
3	78	79
3	79	80
3	80	81
3	81	82
3	82	83
3	83	84
3	84	85
3	85	86
3	86	87
3	87	88
3	88	89
3	89	90
3	90	91
3	91	92
3	92	93
3	93	94
3	94	95
3	95	96
3	96	97
3	97	98
3	98	99
3	99	100
3	100	101
3	101	102
3	102	103
3	103	104
3	104	105
3	105	106
3	106	107
3	107	108
3	108	109
3	109	110
3	110	111
3	111	112
3	112	113
3	113	114
3	114	115
3	115	116
3	116	117
3	117	118
3	118	119
3	119	120
3	120	121
3	121	122
3	122	123
3	123	124
3	124	125
3	125	126
3	126	127
3	127	0
MARKER_TAG= farfield
MARKER_ELEMS= 128
3	16384	16385
3	16385	16386
3	16386	16387
3	16387	16388
3	16388	16389
3	16389	16390
3	16390	16391
3	16391	16392
3	16392	16393
3	16393	16394
3	16394	16395
3	16395	16396
3	16396	16397
3	16397	16398
3	16398	16399
3	16399	16400
3	16400	16401
3	16401	16402
3	16402	16403
3	16403	16404
3	16404	16405
3	16405	16406
3	16406	16407
3	16407	16408
3	16408	16409
3	16409	16410
3	16410	16411
3	16411	16412
3	16412	16413
3	16413	16414
3	16414	16415
3	16415	16416
3	16416	16417
3	16417	16418
3	16418	16419
3	16419	16420
3	16420	16421
3	16421	16422
3	16422	16423
3	16423	16424
3	16424	16425
3	16425	16426
3	16426	16427
3	16427	16428
3	16428	16429
3	16429	16430
3	16430	16431
3	16431	16432
3	16432	16433
3	16433	16434
3	16434	16435
3	16435	16436
3	16436	16437
3	16437	16438
3	16438	16439
3	16439	16440
3	16440	16441
3	16441	16442
3	16442	16443
3	16443	16444
3	16444	16445
3	16445	16446
3	16446	16447
3	16447	16448
3	16448	16449
3	16449	16450
3	16450	16451
3	16451	16452
3	16452	16453
3	16453	16454
3	16454	16455
3	16455	16456
3	16456	16457
3	16457	16458
3	16458	16459
3	16459	16460
3	16460	16461
3	16461	16462
3	16462	16463
3	16463	16464
3	16464	16465
3	16465	16466
3	16466	16467
3	16467	16468
3	16468	16469
3	16469	16470
3	16470	16471
3	16471	16472
3	16472	16473
3	16473	16474
3	16474	16475
3	16475	16476
3	16476	16477
3	16477	16478
3	16478	16479
3	16479	16480
3	16480	16481
3	16481	16482
3	16482	16483
3	16483	16484
3	16484	16485
3	16485	16486
3	16486	16487
3	16487	16488
3	16488	16489
3	16489	16490
3	16490	16491
3	16491	16492
3	16492	16493
3	16493	16494
3	16494	16495
3	16495	16496
3	16496	16497
3	16497	16498
3	16498	16499
3	16499	16500
3	16500	16501
3	16501	16502
3	16502	16503
3	16503	16504
3	16504	16505
3	16505	16506
3	16506	16507
3	16507	16508
3	16508	16509
3	16509	16510
3	16510	16511
3	16511	16384
