"Time_Iter","Outer_Iter","Inner_Iter",    "rms[Rho]"    ,    "rms[RhoU]"   ,    "rms[RhoV]"   ,    "rms[RhoE]"   ,     "rms[nu]"    ,    "RefForce"    ,       "CD"       ,       "CL"       ,       "CSF"      ,       "CMx"      ,       "CMy"      ,       "CMz"      ,       "CFx"      ,       "CFy"      ,       "CFz"      ,      "CEff"      ,     "Buffet"     
          0,           0,           0,      -4.776560893,      -16.10067935,      -16.11909927,      -4.230542907,      -10.79552444,      0.0157459358,       1.391542372,       3.302726216,                 0,                 0,                 0,      0.8305410902,       1.098395576,       3.411439254,                 0,       2.373428423,   0.0007978230188
          0,           0,           1,       -5.71908124,       -5.09529779,      -5.063721223,      -5.130720246,      -11.20669203,      0.0157459358,      0.5264819639,      0.8927694833,                 0,                 0,                 0,      0.1537013244,      0.4466685537,      0.9352581525,                 0,       1.695726624,   0.0007978230188
          0,           0,           2,      -5.444251227,      -5.225377849,      -5.545901674,      -4.889212984,       -12.1316211,      0.0157459358,       0.455021091,      0.8311777999,                 0,                 0,                 0,      0.1562938809,      0.3808476799,      0.8676726185,                 0,       1.826679722,   0.0007978230188
          0,           0,           3,      -5.517480786,      -5.314622989,      -5.732747537,      -4.962996433,      -12.41720587,      0.0157459358,        0.35513208,       0.550873591,                 0,                 0,                 0,     0.04826311799,      0.3057688982,      0.5797291509,                 0,       1.551179468,   0.0007978230188
          0,           0,           4,      -5.674955517,      -5.374992402,      -5.745001079,      -5.120680801,      -12.42623941,      0.0157459358,      0.3122675958,      0.5267962288,                 0,                 0,                 0,     0.03331677927,      0.2651660067,      0.5520075244,                 0,       1.687002545,   0.0007978230188
          0,           0,           5,      -5.804546649,      -5.419005363,      -5.767302002,      -5.252364339,      -12.34804164,      0.0157459358,      0.2796546281,       0.503346657,                 0,                 0,                 0,      0.0171419003,       0.234720906,      0.5258047779,                 0,       1.799886741,   0.0007978230188
          0,           0,           6,      -5.926525708,      -5.456979344,      -5.831711259,      -5.377868236,      -12.29974242,      0.0157459358,      0.2559546086,      0.4986846787,                 0,                 0,                 0,    0.009576884417,      0.2115173905,      0.5190949469,                 0,       1.948332485,   0.0007978230188
          0,           0,           7,      -6.032525495,      -5.489333114,      -5.894136941,      -5.487975939,      -12.29392526,      0.0157459358,      0.2364573677,      0.4972436362,                 0,                 0,                 0,    0.005232038284,      0.1922199376,      0.5159600915,                 0,       2.102889163,   0.0007978230188
          0,           0,           8,      -6.131691958,      -5.517407607,      -5.939115616,      -5.590834567,      -12.32134438,      0.0157459358,       0.220285023,      0.4947091237,                 0,                 0,                 0,     0.00199833444,      0.1763300309,      0.5120257109,                 0,       2.245768309,   0.0007978230188
          0,           0,           9,      -6.219174158,      -5.543445287,      -5.967815827,      -5.680802443,      -12.37258009,      0.0157459358,      0.2063327336,      0.4926222552,                 0,                 0,                 0,  -0.0003083443115,      0.1626127167,      0.5087307614,                 0,       2.387513831,   0.0007978230188
          0,           0,          10,      -6.283823307,      -5.568917751,      -5.984580885,      -5.745701726,      -12.43624487,      0.0157459358,      0.1942100841,      0.4909582593,                 0,                 0,                 0,   -0.002124505117,      0.1506812243,       0.506016539,                 0,       2.527975114,   0.0007978230188
          0,           0,          11,      -6.332089479,      -5.593550954,       -5.99534311,      -5.792365561,      -12.50540001,      0.0157459358,      0.1835299375,      0.4909123893,                 0,                 0,                 0,   -0.003411565494,      0.1400457168,      0.5050400074,                 0,       2.674835484,   0.0007978230188
          0,           0,          12,      -6.373041499,      -5.616889851,      -6.003770549,      -5.831439733,      -12.57416555,      0.0157459358,      0.1739857074,      0.4920819308,                 0,                 0,                 0,   -0.004342554561,      0.1304358731,      0.5053732641,                 0,       2.828289394,   0.0007978230188
          0,           0,          13,      -6.410603258,      -5.638985006,      -6.011738924,      -5.867945898,      -12.63643109,      0.0157459358,      0.1653015875,      0.4939080707,                 0,                 0,                 0,   -0.005069205572,      0.1216256403,       0.506435584,                 0,       2.987920916,   0.0007978230188
          0,           0,          14,      -6.445487172,      -5.660000838,      -6.020096805,      -5.902643604,      -12.69063212,      0.0157459358,      0.1572983726,      0.4958343565,                 0,                 0,                 0,   -0.005679126457,      0.1134849932,      0.5076570136,                 0,       3.152189996,   0.0007978230188
          0,           0,          15,      -6.476862202,       -5.68008938,      -6.029131225,      -5.934230349,      -12.73225197,      0.0157459358,       0.149881193,      0.4975846017,                 0,                 0,                 0,   -0.006184849608,      0.1059434943,      0.5087541488,                 0,       3.319860163,   0.0007978230188
          0,           0,          16,       -6.50426455,      -5.699352074,      -6.038874274,      -5.961808981,      -12.76511631,      0.0157459358,      0.1430028882,      0.4991950789,                 0,                 0,                 0,   -0.006579446716,     0.09895100113,      0.5097590139,                 0,       3.490804174,   0.0007978230188
          0,           0,          17,      -6.528767415,      -5.717853692,      -6.049238891,      -5.986273128,      -12.78499602,      0.0157459358,      0.1366197874,      0.5007484564,                 0,                 0,                 0,   -0.006872541312,     0.09245680416,      0.5107501564,                 0,       3.665270355,   0.0007978230188
          0,           0,          18,      -6.552562637,        -5.7356827,       -6.06011826,      -6.009814489,      -12.79810115,      0.0157459358,      0.1306880412,      0.5023478304,                 0,                 0,                 0,   -0.007068852241,     0.08640823551,      0.5118264586,                 0,       3.843869919,   0.0007978230188
          0,           0,          19,      -6.577220843,      -5.752959124,      -6.071426106,      -6.034055427,      -12.80385604,      0.0157459358,      0.1251643414,      0.5040884852,                 0,                 0,                 0,    -0.00716663525,     0.08075384695,      0.5130790675,                 0,       4.027412917,   0.0007978230188
          0,           0,          20,      -6.603041957,      -5.769808524,      -6.083112355,      -6.059326493,      -12.80214478,      0.0157459358,      0.1200051517,      0.5059924484,                 0,                 0,                 0,   -0.007178189151,     0.07544834824,      0.5145261325,                 0,       4.216422721,   0.0007978230188
          0,           0,          21,       -6.62951068,      -5.786340051,      -6.095157247,      -6.085108097,      -12.79856766,      0.0157459358,      0.1151684237,      0.5080125388,                 0,                 0,                 0,   -0.007124870893,     0.07045396297,      0.5161169872,                 0,        4.41104013,   0.0007978230188
          0,           0,          22,      -6.656038527,      -5.802638627,      -6.107557762,      -6.110799818,      -12.79040334,      0.0157459358,      0.1106185787,      0.5100858405,                 0,                 0,                 0,   -0.007027172862,     0.06574073135,      0.5177858543,                 0,        4.61121311,   0.0007978230188
          0,           0,          23,       -6.68239546,      -5.818767898,      -6.120317461,      -6.136177296,       -12.7790731,      0.0157459358,      0.1063272101,      0.5121614955,                 0,                 0,                 0,    -0.00690180785,     0.06128478743,      0.5194795934,                 0,       4.816843167,   0.0007978230188
          0,           0,          24,      -6.708690662,      -5.834777823,      -6.133445439,      -6.161376094,      -12.76625169,      0.0157459358,      0.1022714188,      0.5142037669,                 0,                 0,                 0,    -0.00676224114,       0.057066434,      0.5211606078,                 0,       5.027834488,   0.0007978230188
          0,           0,          25,      -6.735132729,      -5.850710579,      -6.146958191,      -6.186638333,      -12.75140747,      0.0157459358,     0.09843134156,      0.5161848509,                 0,                 0,                 0,    -0.00661933665,     0.05306830651,      0.5227994684,                 0,       5.244110694,   0.0007978230188
          0,           0,          26,      -6.761842707,      -5.866603662,       -6.16087805,      -6.212111257,      -12.73481134,      0.0157459358,     0.09478980922,       0.518080541,                 0,                 0,                 0,   -0.006481776075,     0.04927541102,      0.5243705644,                 0,       5.465572146,   0.0007978230188
          0,           0,          27,      -6.788809301,      -5.882491085,      -6.175228272,      -6.237797125,      -12.71708638,      0.0157459358,     0.09133173109,      0.5198703588,                 0,                 0,                 0,   -0.006356255972,     0.04567449903,        0.52585218,                 0,       5.692111083,   0.0007978230188
          0,           0,          28,      -6.815939194,      -5.898403329,      -6.190027489,       -6.26360799,      -12.69827113,      0.0157459358,     0.08804390697,      0.5215393435,                 0,                 0,                 0,   -0.006247577599,     0.04225372447,      0.5272282609,                 0,       5.923627897,   0.0007978230188
          0,           0,          29,      -6.843127868,      -5.914367069,      -6.205285353,      -6.289444242,      -12.67898007,      0.0157459358,     0.08491485591,      0.5230784643,                 0,                 0,                 0,   -0.006158409215,     0.03900243718,      0.5284888101,                 0,       6.160034763,   0.0007978230188
          0,           0,          30,      -6.870306597,      -5.930405416,      -6.221001345,      -6.315246773,      -12.65890468,      0.0157459358,     0.08193442374,      0.5244844576,                 0,                 0,                 0,   -0.006089157487,     0.03591080606,      0.5296296915,                 0,       6.401271086,   0.0007978230188
          0,           0,          31,      -6.897455501,      -5.946538074,      -6.237166387,      -6.341010045,      -12.63842112,      0.0157459358,     0.07909384649,       0.525760012,                 0,                 0,                 0,   -0.006038213302,     0.03296986618,      0.5306528193,                 0,       6.647293504,   0.0007978230188
          0,           0,          32,      -6.924591897,      -5.962781345,      -6.253765939,      -6.366766931,      -12.61732343,      0.0157459358,     0.07638564346,       0.526913656,                 0,                 0,                 0,   -0.006002485053,     0.03017142197,      0.5315660379,                 0,       6.898071838,   0.0007978230188
          0,           0,          33,      -6.951747701,      -5.979148356,      -6.270783218,      -6.392562384,      -12.59651396,      0.0157459358,      0.0738029982,      0.5279587403,                 0,                 0,                 0,   -0.005977969801,     0.02750751936,       0.532382053,                 0,       7.153621847,    0.004662841739
          0,           0,          34,      -6.978948507,      -5.995649395,      -6.288201545,      -6.418430647,      -12.57571518,      0.0157459358,     0.07133991927,      0.5289116288,                 0,                 0,                 0,   -0.005960262545,     0.02497076349,       0.533116644,                 0,       7.413964498,    0.004662841739
          0,           0,          35,      -7.006202474,        -6.0122922,      -6.306005573,      -6.444384307,      -12.55502449,      0.0157459358,     0.06899059409,      0.5297901834,                 0,                 0,                 0,   -0.005944891763,     0.02255380711,      0.5337870983,                 0,       7.679165405,    0.004662841739
          0,           0,          36,      -7.033498746,      -6.029082459,      -6.324181638,      -6.470414001,      -12.53439569,      0.0157459358,     0.06674959985,      0.5306125519,                 0,                 0,                 0,   -0.005927549089,      0.0202496664,      0.5344110219,                 0,       7.949299367,    0.004662841739
          0,           0,          37,      -7.060811332,      -6.046024186,      -6.342717727,      -6.496493846,      -12.51390417,      0.0157459358,     0.06461177603,       0.531396476,                 0,                 0,                 0,    -0.00590426045,     0.01805165415,      0.5350056394,                 0,       8.224452394,    0.004662841739
          0,           0,          38,      -7.088104976,      -6.063120037,       -6.36160329,      -6.522588326,       -12.4935222,      0.0157459358,     0.06257205159,      0.5321587671,                 0,                 0,                 0,   -0.005871497024,     0.01595325343,       0.535587256,                 0,       8.504735798,    0.004662841739
          0,           0,          39,       -7.11534033,       -6.08037165,      -6.380829083,      -6.548657814,      -12.47352784,      0.0157459358,     0.06062568213,      0.5329149139,                 0,                 0,                 0,    -0.00582628058,     0.01394838796,      0.5361708881,                 0,       8.790250191,    0.004662841739
          0,           0,          40,      -7.142477277,      -6.097779715,      -6.400386794,      -6.574662024,      -12.45379304,      0.0157459358,     0.05876795801,       0.533678818,                 0,                 0,                 0,   -0.005766234939,     0.01203115441,       0.536769974,                 0,       9.081118965,    0.004662841739
          0,           0,          41,      -7.169476117,      -6.115344173,      -6.420268748,      -6.600561323,      -12.43421075,      0.0157459358,     0.05699439796,      0.5344625092,                 0,                 0,                 0,   -0.005689628165,      0.0101960401,      0.5373961071,                 0,        9.37745688,    0.004662841739
          0,           0,          42,      -7.196298098,      -6.133064407,      -6.440467662,      -6.626317473,      -12.41474348,      0.0157459358,     0.05530063663,      0.5352759421,                 0,                 0,                 0,   -0.005595413331,    0.008437828698,      0.5380588236,                 0,       9.679381193,    0.004662841739
          0,           0,          43,      -7.222906145,      -6.150939193,      -6.460976483,      -6.651894455,       -12.3953946,      0.0157459358,      0.0536823654,      0.5361267355,                 0,                 0,                 0,   -0.005483218124,    0.006751563955,      0.5387653378,                 0,       9.987017738,    0.004662841739
          0,           0,          44,      -7.249265798,      -6.168966726,      -6.481788358,      -6.677259449,      -12.37628816,      0.0157459358,     0.05213543088,      0.5370197157,                 0,                 0,                 0,   -0.005353395479,    0.005132687632,      0.5395200957,                 0,       10.30047526,    0.004662841739
          0,           0,          45,      -7.275346081,      -6.187144625,      -6.502896685,       -6.70238378,      -12.35744965,      0.0157459358,     0.05065575818,      0.5379566078,                 0,                 0,                 0,   -0.005207012588,    0.003576990012,      0.5403244607,                 0,       10.61985107,    0.004662841739
          0,           0,          46,      -7.301120053,      -6.205469889,       -6.52429517,      -6.727243448,      -12.33888866,      0.0157459358,     0.04923930603,      0.5389357899,                 0,                 0,                 0,   -0.005045869819,    0.002080586546,      0.5411764648,                 0,       10.94523529,    0.004662841739
          0,           0,          47,      -7.326565428,      -6.223938884,      -6.545977911,      -6.751819733,      -12.32064243,      0.0157459358,     0.04788221188,      0.5399524387,                 0,                 0,                 0,    -0.00487240614,   0.0006400497561,      0.5420709664,                 0,       11.27668121,    0.004662841739
          0,           0,          48,      -7.351665068,        -6.2425474,        -6.5679395,      -6.776099788,        -12.302704,      0.0157459358,     0.04658075854,      0.5409989942,                 0,                 0,                 0,   -0.004689557064,  -0.0007476644704,      0.5430001103,                 0,       11.61421606,    0.004662841739
          0,           0,          49,      -7.376406818,      -6.261290667,      -6.590175022,      -6.800076456,      -12.28509836,      0.0157459358,     0.04533147152,      0.5420659952,                 0,                 0,                 0,   -0.004500490448,   -0.002085192838,      0.5439541685,                 0,       11.95782923,    0.004662841739
          0,           0,          50,      -7.400783232,      -6.280163502,      -6.612680054,      -6.823747844,      -12.26783557,      0.0157459358,     0.04413108668,      0.5431429695,                 0,                 0,                 0,   -0.004308393217,    -0.00337487436,      0.5449224242,                 0,        12.3074914,    0.004662841739
          0,           0,          51,      -7.424791418,      -6.299160273,      -6.635450449,      -6.847116828,      -12.25091003,      0.0157459358,     0.04297672355,      0.5442193718,                 0,                 0,                 0,   -0.004116225297,   -0.004618659425,       0.545894121,                 0,       12.66311917,    0.004873465734
          0,           0,          52,      -7.448432942,      -6.318274969,      -6.658482169,       -6.87019063,      -12.23432646,      0.0157459358,     0.04186577687,      0.5452852922,                 0,                 0,                 0,   -0.003926568878,   -0.005818279708,      0.5468591599,                 0,       13.02460704,    0.004873465734
          0,           0,          53,      -7.471713434,      -6.337501214,      -6.681771063,      -6.892979903,       -12.2180985,      0.0157459358,     0.04079592361,      0.5463318898,                 0,                 0,                 0,   -0.003741578199,   -0.006975278841,       0.547808531,                 0,       13.39182549,    0.004873465734
          0,           0,          54,      -7.494641646,      -6.356832245,      -6.705312696,      -6.915497444,      -12.20223042,      0.0157459358,     0.03976512927,      0.5473517201,                 0,                 0,                 0,   -0.003562928654,   -0.008091034759,      0.5487346409,                 0,       13.76461563,    0.004873465734
          0,           0,          55,      -7.517228139,      -6.376260919,      -6.729102297,      -6.937756715,      -12.18673233,      0.0157459358,     0.03877158258,      0.5483387822,                 0,                 0,                 0,   -0.003391858489,   -0.009166828834,      0.5496313537,                 0,       14.14280114,    0.004873465734
          0,           0,          56,      -7.539484604,      -6.395779673,      -6.753134697,      -6.959771015,      -12.17160398,      0.0157459358,     0.03781366091,      0.5492884815,                 0,                 0,                 0,   -0.003229215754,    -0.01020387707,      0.5504939507,                 0,       14.52619155,    0.005132565388
          0,           0,          57,      -7.561423029,      -6.415380526,      -6.777404282,      -6.981552617,      -12.15685177,      0.0157459358,      0.0368898677,      0.5501975434,                 0,                 0,                 0,   -0.003075490163,    -0.01120338494,      0.5513190395,                 0,        14.9145979,    0.005132565388
          0,           0,          58,      -7.583055118,      -6.435055096,      -6.801904998,      -7.003112404,      -12.14247975,      0.0157459358,     0.03599886321,      0.5510638723,                 0,                 0,                 0,   -0.002930885955,    -0.01216650442,      0.5521044156,                 0,       15.30781317,    0.009639428554
          0,           0,          59,       -7.60439178,      -6.454794538,      -6.826630318,      -7.024459705,      -12.12849484,      0.0157459358,     0.03513941414,      0.5518864165,                 0,                 0,                 0,   -0.002795368698,    -0.01309437248,      0.5528489238,                 0,       15.70562373,    0.009639428554
          0,           0,          60,      -7.625442247,      -6.474589613,      -6.851573079,        -7.0456016,      -12.11490289,      0.0157459358,     0.03431033215,      0.5526650482,                 0,                 0,                 0,   -0.002668692048,    -0.01398816179,      0.5535523333,                 0,       16.10783148,    0.009639428554
          0,           0,          61,      -7.646213893,      -6.494430674,       -6.87672543,      -7.066543077,      -12.10169275,      0.0157459358,     0.03351054167,      0.5534004096,                 0,                 0,                 0,   -0.002550454355,     -0.0148489998,      0.5542151902,                 0,       16.51421858,     0.01020678905
          0,           0,          62,      -7.666712323,      -6.514307646,      -6.902078844,      -7.087287282,      -12.08886928,      0.0157459358,     0.03273901442,      0.5540937812,                 0,                 0,                 0,   -0.002440130647,    -0.01567802246,      0.5548386802,                 0,       16.92457122,     0.01020678905
          0,           0,          63,       -7.68694167,       -6.53421003,      -6.927623903,      -7.107835788,      -12.07644843,      0.0157459358,     0.03199477533,      0.5547469723,                 0,                 0,                 0,   -0.002337103046,    -0.01647635885,       0.555424521,                 0,       17.33867378,     0.01020678905
          0,           0,          64,      -7.706904905,      -6.554126896,      -6.953350415,       -7.12818907,      -12.06444164,      0.0157459358,     0.03127687524,      0.5553621894,                 0,                 0,                 0,   -0.002240689121,    -0.01724514682,      0.5559748279,                 0,       17.75631949,     0.01020678905
          0,           0,          65,      -7.726604303,      -6.574046851,      -6.979247405,      -7.148346841,      -12.05285949,      0.0157459358,     0.03058442441,      0.5559419187,                 0,                 0,                 0,    -0.00215017598,     -0.0179854894,          0.556492,                 0,       18.17728891,     0.01020678905
          0,           0,          66,      -7.746041816,      -6.593957987,      -7.005303119,      -7.168308354,      -12.04170825,      0.0157459358,     0.02991655056,      0.5564888504,                 0,                 0,                 0,   -0.002064835339,    -0.01869849004,      0.5569786415,                 0,       18.60137081,     0.01020678905
          0,           0,          67,      -7.765219453,      -6.613847882,      -7.031505116,      -7.188072699,      -12.03099716,      0.0157459358,     0.02927242242,      0.5570057834,                 0,                 0,                 0,   -0.001983947125,    -0.01938522075,      0.5574374679,                 0,       19.02834604,     0.01020678905
          0,           0,          68,      -7.784139005,      -6.633703578,      -7.057840016,      -7.207638593,      -12.02073175,      0.0157459358,     0.02865121254,      0.5574955422,                 0,                 0,                 0,   -0.001906812141,    -0.02004675203,       0.557871221,                 0,       19.45800868,     0.01020678905
          0,           0,          69,      -7.802802882,      -6.653511591,        -7.0842936,      -7.227005041,       -12.0109203,      0.0157459358,     0.02805212844,      0.5579609308,                 0,                 0,                 0,   -0.001832769423,    -0.02068411773,      0.5582826251,                 0,       19.89014602,     0.01020678905
          0,           0,          70,      -7.821213297,      -6.673257937,      -7.110850687,      -7.246170748,      -12.00157193,      0.0157459358,     0.02747440593,      0.5584046751,                 0,                 0,                 0,   -0.001761204633,    -0.02129831669,       0.558674329,                 0,       20.32454047,     0.01051635698
          0,           0,          71,      -7.839371447,      -6.692928122,      -7.137494946,      -7.265133445,      -11.99269549,      0.0157459358,      0.0269172961,      0.5588293691,                 0,                 0,                 0,   -0.001691558189,    -0.02189032107,      0.5590488516,                 0,       20.76097714,     0.01051635698
          0,           0,          72,      -7.857277373,      -6.712507163,      -7.164208812,      -7.283889917,      -11.98428881,      0.0157459358,     0.02638005471,      0.5592374299,                 0,                 0,                 0,   -0.001623331544,    -0.02246108294,      0.5594085359,                 0,       21.19925209,     0.01051635698
          0,           0,          73,      -7.874930177,      -6.731979627,      -7.190973623,      -7.302436026,      -11.97636107,      0.0157459358,     0.02586197046,      0.5596310852,                 0,                 0,                 0,   -0.001556092787,    -0.02301150504,      0.5597555392,                 0,       21.63915105,     0.01051635698
          0,           0,          74,      -7.892327422,      -6.751329703,      -7.217769461,      -7.320766321,      -11.96891393,      0.0157459358,     0.02536234956,       0.560012328,                 0,                 0,                 0,    -0.00148948181,    -0.02354245223,      0.5600917864,                 0,       22.08045933,     0.01082591971
          0,           0,          75,      -7.909464702,      -6.770541133,      -7.244575182,       -7.33887359,      -11.96194965,      0.0157459358,     0.02488050539,      0.5603829032,                 0,                 0,                 0,   -0.001423209502,     -0.0240547606,       0.560418956,                 0,       22.52297108,     0.01082591971
          0,           0,          76,      -7.926336539,      -6.789597328,      -7.271368349,      -7.356749604,      -11.95547338,      0.0157459358,     0.02441577237,      0.5607443048,                 0,                 0,                 0,   -0.001357060551,    -0.02454922339,      0.5607384782,                 0,       22.96647824,     0.01082591971
          0,           0,          77,      -7.942936966,      -6.808481365,      -7.298125471,      -7.374385646,       -11.9494791,      0.0157459358,     0.02396750575,      0.5610977696,                 0,                 0,                 0,   -0.001290891628,    -0.02502659071,       0.561051529,                 0,       23.41077021,     0.01082591971
          0,           0,          78,      -7.959259916,      -6.827176146,      -7.324821742,      -7.391772891,      -11.94396141,      0.0157459358,     0.02353507687,      0.5614442747,                 0,                 0,                 0,   -0.001224627163,    -0.02548757397,      0.5613590268,                 0,       23.85563802,     0.01082591971
          0,           0,          79,      -7.975299437,      -6.845664482,      -7.351431235,      -7.408902628,      -11.93893147,      0.0157459358,     0.02311786886,      0.5617845436,                 0,                 0,                 0,   -0.001158256522,    -0.02593285077,      0.5616616388,                 0,       24.30087942,     0.01082591971
          0,           0,          80,      -7.991050758,      -6.863929141,      -7.377926955,      -7.425767238,      -11.93437399,      0.0157459358,     0.02271529071,      0.5621190634,                 0,                 0,                 0,   -0.001091828018,    -0.02636305231,      0.5619597987,                 0,       24.74628524,     0.01082591971
          0,           0,          81,       -8.00651068,       -6.88195294,      -7.404281137,      -7.442360671,      -11.93030026,      0.0157459358,     0.02232676332,      0.5624480911,                 0,                 0,                 0,   -0.001025442348,    -0.02677877789,      0.5622537119,                 0,       25.19165376,     0.01082591971
          0,           0,          82,      -8.021678163,      -6.899719017,      -7.430465121,      -7.458678959,      -11.92670454,      0.0157459358,     0.02195173337,      0.5627716781,                 0,                 0,                 0,  -0.0009592455022,    -0.02718058321,      0.5625433816,                 0,       25.63677632,     0.01082591971
          0,           0,          83,      -8.036553844,      -6.917210888,       -7.45644981,      -7.474719933,      -11.92358048,      0.0157459358,     0.02158965734,      0.5630896928,                 0,                 0,                 0,  -0.0008934192112,    -0.02756899823,      0.5628286291,                 0,       26.08145576,     0.01082591971
          0,           0,          84,      -8.051139559,      -6.934412668,      -7.482205736,      -7.490482671,       -11.9209333,      0.0157459358,     0.02124002081,      0.5634018506,                 0,                 0,                 0,  -0.0008281731929,    -0.02794451064,      0.5631091263,                 0,       26.52548487,     0.01082591971
          0,           0,          85,      -8.065438278,      -6.951309076,       -7.50770343,      -7.505967623,      -11.91876819,      0.0157459358,     0.02090233059,      0.5637077433,                 0,                 0,                 0,  -0.0007637358255,    -0.02830757615,      0.5633844233,                 0,       26.96865505,     0.01082591971
          0,           0,          86,      -8.079454582,      -6.967885648,       -7.53291376,      -7.521177048,      -11.91707775,      0.0157459358,     0.02057611694,      0.5640068723,                 0,                 0,                 0,  -0.0007003445486,    -0.02865861927,      0.5636539826,                 0,       27.41075364,     0.01082591971
          0,           0,          87,      -8.093194456,      -6.984128974,      -7.557808192,       -7.53611475,      -11.91586578,      0.0157459358,     0.02026092622,      0.5642986779,                 0,                 0,                 0,  -0.0006382367079,    -0.02899804312,      0.5639172071,                 0,        27.8515736,     0.01116073238
          0,           0,          88,      -8.106663514,      -7.000026695,      -7.582359187,      -7.550784458,      -11.91512694,      0.0157459358,     0.01995633703,       0.564582571,                 0,                 0,                 0,  -0.0005776429424,    -0.02932621618,      0.5641734733,                 0,       28.29089177,     0.01116073238
          0,           0,          89,      -8.119867422,      -7.015567713,      -7.606540297,      -7.565190267,      -11.91482713,      0.0157459358,     0.01966194233,      0.5648579567,                 0,                 0,                 0,  -0.0005187811048,    -0.02964349206,      0.5644221528,                 0,       28.72849219,     0.01116073238
          0,           0,          90,      -8.132812494,      -7.030742163,      -7.630326953,      -7.579337084,       -11.9149454,      0.0157459358,     0.01937736283,      0.5651242534,                 0,                 0,                 0,   -0.000461850219,    -0.02995019794,      0.5646626335,                 0,       29.16414677,     0.01605371251
          0,           0,          91,      -8.145505746,      -7.045541505,      -7.653697034,      -7.593230728,      -11.91544735,      0.0157459358,     0.01910223626,      0.5653809159,                 0,                 0,                 0,  -0.0004070259871,    -0.03024664718,      0.5648943405,                 0,       29.59762973,     0.01605371251
          0,           0,          92,      -8.157955145,      -7.059958712,      -7.676630695,      -7.606878132,      -11.91630053,      0.0157459358,     0.01883622315,      0.5656274489,                 0,                 0,                 0,  -0.0003544591749,    -0.03053313479,      0.5651167507,                 0,       30.02870822,     0.01605371251
          0,           0,          93,      -8.170168284,      -7.073988269,      -7.699110734,      -7.620286065,      -11.91751645,      0.0157459358,     0.01857900094,      0.5658634213,                 0,                 0,                 0,  -0.0003042716348,    -0.03080994454,      0.5653294068,                 0,       30.45715015,     0.01605371251
          0,           0,          94,      -8.182152415,      -7.087626202,      -7.721122675,       -7.63346123,      -11.91908622,      0.0157459358,     0.01833026943,      0.5660884752,                 0,                 0,                 0,  -0.0002565565247,    -0.03107734429,      0.5655319259,                 0,       30.88271437,     0.01605371251
          0,           0,          95,      -8.193915347,       -7.10087019,       -7.74265467,      -7.646411035,       -11.9210185,      0.0157459358,     0.01808973768,      0.5663023338,                 0,                 0,                 0,   -0.000211375836,    -0.03133559975,      0.5657240069,                 0,       31.30517112,     0.01605371251
          0,           0,          96,      -8.205465742,      -7.113719543,      -7.763697781,      -7.659143797,      -11.92333462,      0.0157459358,     0.01785713862,       0.566504806,                 0,                 0,                 0,  -0.0001687627777,    -0.03158496032,      0.5659054364,                 0,       31.72427666,     0.01605371251
          0,           0,          97,      -8.216812868,      -7.126175297,       -7.78424525,       -7.67166865,      -11.92603713,      0.0157459358,     0.01763221289,      0.5666957876,                 0,                 0,                 0,  -0.0001287221019,    -0.03182567529,      0.5660760876,                 0,       32.13979954,     0.01605371251
          0,           0,          98,      -8.227966423,      -7.138240124,      -7.804292719,       -7.68399546,        -11.929178,      0.0157459358,     0.01741471839,      0.5668752599,                 0,                 0,                 0,  -9.123014133e-05,     -0.0320579842,      0.5662359211,                 0,       32.55150312,     0.01605371251
          0,           0,          99,       -8.23893558,      -7.149918443,      -7.823837536,       -7.69613359,      -11.93280522,      0.0157459358,     0.01720442356,      0.5670432865,                 0,                 0,                 0,   -5.62382859e-05,    -0.03228212327,      0.5663849799,                 0,       32.95915637,     0.01605371251
          0,           0,         100,      -8.249729302,      -7.161216267,      -7.842879118,      -7.708092339,      -11.93695451,      0.0157459358,     0.01700110652,      0.5672000071,                 0,                 0,                 0,  -2.367591952e-05,    -0.03249832573,      0.5665233839,                 0,       33.36253475,     0.01638852486
          0,           0,         101,      -8.260356662,      -7.172141197,      -7.861418198,      -7.719881234,      -11.94166083,      0.0157459358,     0.01680455361,      0.5673456341,                 0,                 0,                 0,   6.548866761e-06,    -0.03270682292,       0.566651326,                 0,       33.76142247,     0.01638852486
          0,           0,         102,       -8.27082688,       -7.18270237,      -7.879456631,       -7.73151002,       -11.9469523,      0.0157459358,     0.01661456243,      0.5674804408,                 0,                 0,                 0,   3.454379515e-05,    -0.03290784031,      0.5667690609,                 0,       34.15560556,     0.01638852486
          0,           0,         103,      -8.281149039,      -7.192910343,      -7.896997984,      -7.742988424,      -11.95286466,      0.0157459358,     0.01643093638,      0.5676047564,                 0,                 0,                 0,   6.043074651e-05,    -0.03310160242,      0.5668768994,                 0,       34.54488187,     0.01638852486
          0,           0,         104,      -8.291331987,      -7.202777047,      -7.914047218,      -7.754326136,      -11.95941649,      0.0157459358,     0.01625348532,       0.567718957,                 0,                 0,                 0,   8.434211514e-05,    -0.03328833147,      0.5669751996,                 0,       34.92905958,     0.01638852486
          0,           0,         105,      -8.301383512,      -7.212315552,      -7.930610516,      -7.765531714,      -11.96662561,      0.0157459358,     0.01608202491,      0.5678234594,                 0,                 0,                 0,   0.0001064188134,     -0.0334682474,      0.5670643605,                 0,       35.30795796,     0.01638852486
          0,           0,         106,      -8.311310476,      -7.221539943,      -7.946695439,      -7.776612871,      -11.97449942,      0.0157459358,     0.01591637779,      0.5679187153,                 0,                 0,                 0,   0.0001268087704,    -0.03364156629,      0.5671448169,                 0,       35.68140459,     0.01638852486
          0,           0,         107,       -8.32111861,      -7.230465139,      -7.962310688,      -7.787576128,      -11.98304161,      0.0157459358,      0.0157563681,       0.568005202,                 0,                 0,                 0,   0.0001456619486,     -0.0338085049,      0.5672170287,                 0,       36.04924678,     0.01638852486
          0,           0,         108,      -8.330813027,      -7.239106688,      -7.977466169,      -7.798427408,      -11.99223553,      0.0157459358,       0.015601826,      0.5680834143,                 0,                 0,                 0,   0.0001631286516,    -0.03396927557,      0.5672814741,                 0,       36.41134149,     0.01638852486
          0,           0,         109,      -8.340398102,      -7.247480446,      -7.992173604,      -7.809171962,      -12.00203596,      0.0157459358,     0.01545258543,      0.5681538553,                 0,                 0,                 0,   0.0001793558367,    -0.03412408758,      0.5673386399,                 0,       36.76755957,     0.01638852486
          0,           0,         110,      -8.349877493,      -7.255602435,      -8.006446101,       -7.81981431,      -12.01240621,      0.0157459358,     0.01530848073,      0.5682170266,                 0,                 0,                 0,   0.0001944838096,    -0.03427314965,      0.5673890113,                 0,        37.1177935,     0.01638852486
          0,           0,         111,      -8.359253914,      -7.263488587,      -8.020298147,      -7.830358024,       -12.0232637,      0.0157459358,     0.01516934969,      0.5682734192,                 0,                 0,                 0,   0.0002086442819,     -0.0344166662,      0.5674330632,                 0,       37.46194998,     0.01638852486
          0,           0,         112,      -8.368528835,      -7.271154472,      -8.033745549,      -7.840805325,      -12.03452899,      0.0157459358,     0.01503503279,      0.5683235061,                 0,                 0,                 0,   0.0002219586527,    -0.03455483734,       0.567471253,                 0,       37.79995121,     0.01638852486
          0,           0,         113,      -8.377702601,       -7.27861513,      -8.046804686,       -7.85115721,      -12.04610197,      0.0157459358,     0.01490537166,      0.5683677342,                 0,                 0,                 0,   0.0002345359753,    -0.03468785981,      0.5675040121,                 0,       38.13173849,     0.01638852486
          0,           0,         114,      -8.386774604,       -7.28588486,      -8.059492261,      -7.861413569,      -12.05787092,      0.0157459358,      0.0147802103,      0.5684065202,                 0,                 0,                 0,   0.0002464729944,    -0.03481592531,       0.567531742,                 0,       38.45726879,     0.01638852486
          0,           0,         115,      -8.395743505,      -7.292977113,      -8.071825338,      -7.871573507,      -12.06970337,      0.0157459358,     0.01465939316,      0.5684402405,                 0,                 0,                 0,   0.0002578502383,    -0.03493922162,       0.567554804,                 0,        38.7765192,     0.01638852486
          0,           0,         116,      -8.404607506,       -7.29990428,      -8.083821052,      -7.881635544,      -12.08143654,      0.0157459358,      0.0145427676,      0.5684692287,                 0,                 0,                 0,   0.0002687333159,    -0.03505792987,      0.5675735174,                 0,       39.08948037,     0.01638852486
          0,           0,         117,      -8.413364473,       -7.30667774,      -8.095495671,      -7.891597725,      -12.09292976,      0.0157459358,     0.01443018215,      0.5684937674,                 0,                 0,                 0,   0.0002791692918,    -0.03517222559,      0.5675881502,                 0,       39.39616018,     0.01638852486
          0,           0,         118,      -8.422011682,       -7.31330784,      -8.106864622,      -7.901457351,      -12.10400372,      0.0157459358,     0.01432148633,      0.5685140833,                 0,                 0,                 0,   0.0002891863603,    -0.03528227845,      0.5675989154,                 0,       39.69658388,     0.01638852486
          0,           0,         119,      -8.430545636,      -7.319803916,       -8.11794234,      -7.911210659,      -12.11450665,      0.0157459358,     0.01421653217,      0.5685303449,                 0,                 0,                 0,   0.0002987939746,    -0.03538825051,      0.5676059677,                 0,       39.99078946,     0.01638852486
          0,           0,         120,      -8.438962523,      -7.326174333,      -8.128741706,      -7.920853417,       -12.1243023,      0.0157459358,     0.01411517388,      0.5685426605,                 0,                 0,                 0,   0.0003079834984,    -0.03549029648,      0.5676094025,                 0,       40.27882798,     0.01638852486
          0,           0,         121,       -8.44725827,      -7.332426598,      -8.139273512,      -7.930380915,      -12.13325531,      0.0157459358,     0.01401726538,      0.5685510779,                 0,                 0,                 0,   0.0003167285544,    -0.03558856603,      0.5676092545,                 0,       40.56077005,     0.01638852486
          0,           0,         122,      -8.455428727,      -7.338567462,      -8.149546485,      -7.939788049,      -12.14125237,      0.0157459358,     0.01392266542,      0.5685555869,                 0,                 0,                 0,   0.0003249875863,    -0.03568319899,      0.5676055015,                 0,       40.83669109,     0.01638852486
          0,           0,         123,      -8.463470134,      -7.344602966,      -8.159568023,      -7.949070092,      -12.14822614,      0.0157459358,     0.01383123562,      0.5685561233,                 0,                 0,                 0,   0.0003327056026,    -0.03577432763,      0.5675980672,                 0,       41.10667615,     0.01638852486
          0,           0,         124,      -8.471379015,      -7.350538624,       -8.16934305,      -7.958222359,      -12.15410449,      0.0157459358,     0.01374284026,      0.5685525745,                 0,                 0,                 0,   0.0003398167333,    -0.03586207732,      0.5675868278,                 0,       41.37082028,     0.01638852486
          0,           0,         125,      -8.479152085,      -7.356379421,      -8.178874276,      -7.967240245,       -12.1588394,      0.0157459358,     0.01365734993,      0.5685447882,                 0,                 0,                 0,   0.0003462481751,     -0.0359465637,      0.5675716201,                 0,        41.6292173,     0.01638852486
          0,           0,         126,      -8.486786074,      -7.362129935,      -8.188162708,      -7.976119103,      -12.16241037,      0.0157459358,     0.01357463663,      0.5685325658,                 0,                 0,                 0,   0.0003519139344,    -0.03602789702,      0.5675522353,                 0,       41.88197308,     0.01638852486
          0,           0,         127,      -8.494277728,      -7.367794325,      -8.197207328,      -7.984853939,      -12.16484094,      0.0157459358,     0.01349457761,       0.568515669,                 0,                 0,                 0,   0.0003567180445,    -0.03610617873,      0.5675284252,                 0,       42.12919332,     0.01638852486
          0,           0,         128,      -8.501623947,      -7.373376349,      -8.206004858,      -7.993439882,      -12.16615296,      0.0157459358,     0.01341705306,      0.5684938172,                 0,                 0,                 0,   0.0003605528358,    -0.03618150376,      0.5674998998,                 0,       42.37098972,     0.01638852486
          0,           0,         129,      -8.508821979,      -7.378879413,      -8.214549625,      -8.001872335,      -12.16638977,      0.0157459358,     0.01334194592,      0.5684666893,                 0,                 0,                 0,   0.0003632995244,    -0.03625396074,      0.5674663291,                 0,       42.60747965,     0.01638852486
          0,           0,         130,      -8.515869412,      -7.384306507,      -8.222834375,      -8.010147003,      -12.16559963,      0.0157459358,     0.01326914282,      0.5684339241,                 0,                 0,                 0,   0.0003648283531,    -0.03632363113,      0.5674273434,                 0,       42.83878257,      0.0167508771
          0,           0,         131,      -8.522764271,      -7.389660153,      -8.230850135,      -8.018260093,      -12.16384596,      0.0157459358,     0.01319853325,      0.5683951228,                 0,                 0,                 0,   0.0003650001042,    -0.03639059025,      0.5673825357,                 0,       43.06502185,      0.0167508771
          0,           0,         132,      -8.529504638,      -7.394942403,      -8.238585636,      -8.026207688,      -12.16121061,      0.0157459358,        0.01313001,       0.568349852,                 0,                 0,                 0,   0.0003636676378,    -0.03645490714,       0.567331465,                 0,       43.28632287,      0.0167508771
          0,           0,         133,       -8.53608887,      -7.400154842,      -8.246027289,      -8.033986168,      -12.15776555,      0.0157459358,      0.0130634683,      0.5682976436,                 0,                 0,                 0,   0.0003606754043,    -0.03651664538,      0.5672736558,                 0,       43.50281493,      0.0167508771
          0,           0,         134,       -8.54251536,      -7.405298497,      -8.253159702,       -8.04159192,      -12.15359207,      0.0157459358,     0.01299880783,      0.5682380067,                 0,                 0,                 0,   0.0003558662902,    -0.03657586209,      0.5672086103,                 0,       43.71462477,      0.0167508771
          0,           0,         135,      -8.548782696,      -7.410373825,      -8.259964956,      -8.049021576,      -12.14875139,      0.0157459358,     0.01293593396,      0.5681704375,                 0,                 0,                 0,   0.0003490858646,    -0.03663260766,      0.5671358184,                 0,       43.92187214,      0.0167508771
          0,           0,         136,      -8.554889352,      -7.415380762,      -8.266422982,       -8.05627154,      -12.14336352,      0.0157459358,     0.01287475612,      0.5680944332,                 0,                 0,                 0,   0.0003401874978,    -0.03668692849,      0.5670547713,                 0,       44.12467528,      0.0167508771
          0,           0,         137,      -8.560833693,      -7.420318715,      -8.272510979,      -8.063338035,      -12.13749797,      0.0157459358,     0.01281519128,      0.5680095016,                 0,                 0,                 0,   0.0003290343957,    -0.03673886439,      0.5669649715,                 0,       44.32313879,      0.0167508771
          0,           0,         138,      -8.566614342,      -7.425186665,      -8.278204602,      -8.070217542,      -12.13122394,      0.0157459358,     0.01275716265,      0.5679151739,                 0,                 0,                 0,   0.0003155032246,      -0.036788451,      0.5668659451,                 0,       44.51735776,      0.0167508771
          0,           0,         139,      -8.572230155,       -7.42998316,      -8.283479234,      -8.076906941,      -12.12460287,      0.0157459358,      0.0127005999,      0.5678110132,                 0,                 0,                 0,    0.000299485506,    -0.03683572032,      0.5667572511,                 0,        44.7074168,      0.0167508771
          0,           0,         140,      -8.577679853,      -7.434706441,      -8.288309942,      -8.083402811,      -12.11770504,      0.0157459358,     0.01264543909,      0.5676966242,                 0,                 0,                 0,   0.0002808891727,    -0.03688070157,      0.5666384898,                 0,       44.89338965,      0.0167508771
          0,           0,         141,      -8.582962452,      -7.439354544,      -8.292672749,       -8.08970212,      -12.11056655,      0.0157459358,     0.01259162325,      0.5675716623,                 0,                 0,                 0,   0.0002596408164,    -0.03692342147,      0.5665093131,                 0,       45.07533709,      0.0167508771
          0,           0,         142,      -8.588077402,      -7.443925412,      -8.296545964,      -8.095802373,      -12.10322447,      0.0157459358,     0.01253910109,      0.5674358409,                 0,                 0,                 0,   0.0002356864888,    -0.03696390615,      0.5663694308,                 0,       45.25331098,      0.0167508771
          0,           0,         143,      -8.593024887,      -7.448416988,      -8.299911803,      -8.101702023,      -12.09574071,      0.0157459358,     0.01248782718,      0.5672889385,                 0,                 0,                 0,   0.0002089928494,    -0.03700218156,      0.5662186187,                 0,        45.4273534,      0.0167508771
          0,           0,         144,      -8.597805842,      -7.452827347,      -8.302757252,      -8.107400446,       -12.0881858,      0.0157459358,     0.01243776242,      0.5671308045,                 0,                 0,                 0,   0.0001795475119,    -0.03703827353,       0.566056723,                 0,        45.5974946,      0.0167508771
          0,           0,         145,      -8.602422027,      -7.457154791,      -8.305075063,      -8.112897964,      -12.08062929,      0.0157459358,     0.01238887283,      0.5669613622,                 0,                 0,                 0,   0.0001473588252,     -0.0370722092,      0.5658836645,                 0,        45.7637567,      0.0167508771
          0,           0,         146,      -8.606876274,      -7.461397995,      -8.306865191,      -8.118196253,      -12.07312636,      0.0157459358,       0.012341129,      0.5667806103,                 0,                 0,                 0,   0.0001124547693,    -0.03710401779,      0.5656994392,                 0,       45.92615556,      0.0167508771
          0,           0,         147,      -8.611172763,      -7.465556103,      -8.308135663,      -8.123298709,      -12.06573654,      0.0157459358,     0.01229450582,      0.5665886231,                 0,                 0,                 0,   7.488193921e-05,    -0.03713373077,      0.5655041191,                 0,       46.08470089,      0.0167508771
          0,           0,         148,       -8.61531719,      -7.469628828,      -8.308903408,       -8.12821073,      -12.05850548,      0.0157459358,     0.01224898176,       0.566385549,                 0,                 0,                 0,   3.470405983e-05,    -0.03716138251,        0.56529785,                 0,        46.2393985,      0.0167508771
          0,           0,         149,      -8.619316379,      -7.473616539,      -8.309193879,      -8.132939079,      -12.05148838,      0.0157459358,     0.01220453744,      0.5661716063,                 0,                 0,                 0,  -8.000270535e-06,    -0.03718701138,      0.5650808479,                 0,       46.39025519,      0.0167508771
          0,           0,         150,      -8.623178342,      -7.477520362,       -8.30904056,      -8.137492055,      -12.04477614,      0.0157459358,     0.01216115607,        0.56594708,                 0,                 0,                 0,  -5.313906888e-05,    -0.03721065891,       0.564853395,                 0,       46.53727629,      0.0167508771
          0,           0,         151,       -8.62691227,      -7.481342201,       -8.30848398,      -8.141879527,      -12.03839703,      0.0157459358,     0.01211882205,      0.5657123153,                 0,                 0,                 0,  -0.0001006088011,    -0.03723237075,      0.5646158341,                 0,        46.6804705,      0.0167508771
          0,           0,         152,      -8.630528213,       -7.48508473,      -8.307571044,      -8.146112495,      -12.03243558,      0.0157459358,     0.01207752079,      0.5654677137,                 0,                 0,                 0,  -0.0001502955649,    -0.03725219642,      0.5643685637,                 0,       46.81985018,      0.0167508771
          0,           0,         153,       -8.63403685,      -7.488751376,      -8.306352873,      -8.150202804,      -12.02691509,      0.0157459358,     0.01203723882,      0.5652137285,                 0,                 0,                 0,  -0.0002020755775,    -0.03727018882,      0.5641120341,                 0,       46.95543029,      0.0167508771
          0,           0,         154,      -8.637449345,      -7.492346275,      -8.304883352,      -8.154162936,      -12.02185359,      0.0157459358,     0.01199796343,      0.5649508606,                 0,                 0,                 0,  -0.0002558157485,    -0.03728640431,      0.5638467434,                 0,       47.08722974,      0.0167508771
          0,           0,         155,      -8.640777149,      -7.495874241,      -8.303217796,      -8.158005739,      -12.01727062,      0.0157459358,      0.0119596825,      0.5646796558,                 0,                 0,                 0,  -0.0003113742046,    -0.03730090252,      0.5635732343,                 0,       47.21527145,      0.0167508771
          0,           0,         156,      -8.644031843,      -7.499340696,      -8.301411958,      -8.161744263,      -12.01319401,      0.0157459358,     0.01192238454,      0.5644007006,                 0,                 0,                 0,  -0.0003686012058,      -0.037313746,      0.5632920898,                 0,       47.33958202,      0.0167508771
          0,           0,         157,      -8.647224954,      -7.502751604,       -8.29952115,      -8.165391592,      -12.00965027,      0.0157459358,      0.0118860584,      0.5641146173,                 0,                 0,                 0,  -0.0004273404833,     -0.0373250001,      0.5630039291,                 0,       47.46019228,      0.0167508771
          0,           0,         158,      -8.650367708,      -7.506113381,      -8.297599329,      -8.168960583,      -12.00662729,      0.0157459358,     0.01185069309,      0.5638220591,                 0,                 0,                 0,  -0.0004874310108,    -0.03733473272,      0.5627094019,                 0,        47.5771379,      0.0167508771
          0,           0,         159,      -8.653471851,       -7.50943286,      -8.295698906,       -8.17246466,      -12.00410063,      0.0157459358,     0.01181627987,      0.5635237043,                 0,                 0,                 0,  -0.0005487086128,    -0.03734301164,      0.5624091831,                 0,       47.69044998,      0.0167508771
          0,           0,         160,      -8.656548191,      -7.512717162,      -8.293869694,      -8.175916375,      -12.00206937,      0.0157459358,     0.01178280229,      0.5632202479,                 0,                 0,                 0,  -0.0006110078404,    -0.03734991386,      0.5621039637,                 0,       47.80019505,      0.0167508771
          0,           0,         161,      -8.659607506,      -7.515973628,      -8.292157987,      -8.179328164,      -12.00054523,      0.0157459358,     0.01175025142,      0.5629123968,                 0,                 0,                 0,  -0.0006741638238,    -0.03735550988,      0.5617944471,                 0,       47.90641297,      0.0167508771
          0,           0,         162,       -8.66266002,      -7.519209643,      -8.290606068,         -8.182712,      -11.99951822,      0.0157459358,     0.01171861383,      0.5626008623,                 0,                 0,                 0,   -0.000738014228,    -0.03735987505,      0.5614813406,                 0,       48.00916476,      0.0167508771
          0,           0,         163,      -8.665715335,      -7.522432547,      -8.289251754,      -8.186079156,      -11.99897017,      0.0157459358,     0.01168787547,      0.5622863517,                 0,                 0,                 0,  -0.0008024003596,    -0.03736308504,      0.5611653479,                 0,       48.10851664,      0.0167508771
          0,           0,         164,      -8.668782398,      -7.525649516,      -8.288127872,      -8.189440064,      -11.99889326,      0.0157459358,     0.01165802137,      0.5619695644,                 0,                 0,                 0,  -0.0008671682218,    -0.03736521571,      0.5608471641,                 0,       48.20454061,      0.0167508771
          0,           0,         165,      -8.671869459,      -7.528867457,      -8.287262017,      -8.192804316,      -11.99927811,      0.0157459358,     0.01162903558,      0.5616511861,                 0,                 0,                 0,  -0.0009321692733,    -0.03736634269,       0.560527471,                 0,       48.29731425,      0.0167508771
          0,           0,         166,      -8.674984097,      -7.532092896,      -8.286676898,      -8.196180744,      -12.00009767,      0.0157459358,     0.01160090115,      0.5613318846,                 0,                 0,                 0,  -0.0009972609836,    -0.03736654112,      0.5602069325,                 0,       48.38692077,      0.0167508771
          0,           0,         167,      -8.678133153,      -7.535331915,      -8.286390646,      -8.199577262,      -12.00134697,      0.0157459358,     0.01157360034,      0.5610123081,                 0,                 0,                 0,   -0.001062306629,    -0.03736588511,      0.5598861927,                 0,       48.47344748,      0.0220295238
          0,           0,         168,      -8.681322655,      -7.538590108,      -8.286416923,      -8.203000831,      -12.00300048,      0.0157459358,     0.01154711509,      0.5606930828,                 0,                 0,                 0,   -0.001127175335,    -0.03736444726,      0.5595658737,                 0,       48.55698401,      0.0220295238
          0,           0,         169,      -8.684558023,      -7.541872532,      -8.286765761,      -8.206457756,      -12.00503784,      0.0157459358,     0.01152142711,      0.5603748116,                 0,                 0,                 0,   -0.001191742116,    -0.03736229832,      0.5592465748,                 0,       48.63762155,      0.0220295238
          0,           0,         170,      -8.687844018,      -7.545183719,      -8.287443843,      -8.209953569,      -12.00744176,      0.0157459358,     0.01149651781,       0.560058074,                 0,                 0,                 0,   -0.001255887558,    -0.03735950733,      0.5589288715,                 0,       48.71545307,      0.0220295238
          0,           0,         171,      -8.691184914,      -7.548527659,       -8.28845503,      -8.213493355,      -12.01018672,      0.0157459358,     0.01147236851,      0.5597434247,                 0,                 0,                 0,   -0.001319498198,    -0.03735614124,      0.5586133147,                 0,       48.79057224,      0.0220295238
          0,           0,         172,      -8.694584505,      -7.551907799,      -8.289801026,      -8.217081702,        -12.013245,      0.0157459358,     0.01144896054,      0.5594313931,                 0,                 0,                 0,   -0.001382466364,    -0.03735226479,      0.5583004304,                 0,       48.86307286,      0.0220295238
          0,           0,         173,      -8.698046018,      -7.555327067,      -8.291481516,      -8.220722614,      -12.01659561,      0.0157459358,     0.01142627544,      0.5591224828,                 0,                 0,                 0,   -0.001444690518,    -0.03734794026,      0.5579907184,                 0,       48.93304785,       0.022391876
          0,           0,         174,      -8.701572142,      -7.558787877,      -8.293494261,       -8.22441948,      -12.02020863,      0.0157459358,     0.01140429449,      0.5588171701,                 0,                 0,                 0,   -0.001506075463,    -0.03734322782,      0.5576846518,                 0,       49.00059102,       0.022391876
          0,           0,         175,      -8.705165129,      -7.562292135,      -8.295835469,      -8.228175241,      -12.02405437,      0.0157459358,     0.01138299907,      0.5585159037,                 0,                 0,                 0,   -0.001566532625,     -0.0373381851,      0.5573826758,                 0,       49.06579542,       0.022391876
          0,           0,         176,      -8.708826682,      -7.565841258,      -8.298499723,       -8.23199218,      -12.02810603,      0.0157459358,     0.01136237063,      0.5582191034,                 0,                 0,                 0,   -0.001625980017,     -0.0373328672,      0.5570852071,                 0,        49.1287533,       0.022391876
          0,           0,         177,      -8.712558026,      -7.569436193,      -8.301480098,      -8.235872029,      -12.03233082,      0.0157459358,     0.01134239067,      0.5579271604,                 0,                 0,                 0,   -0.001684342276,    -0.03732732661,      0.5567926335,                 0,       49.18955596,       0.022391876
          0,           0,         178,      -8.716359871,      -7.573077401,      -8.304768289,      -8.239815892,      -12.03669832,      0.0157459358,     0.01132304082,      0.5576404364,                 0,                 0,                 0,   -0.001741550482,    -0.03732161319,      0.5565053142,                 0,       49.24829341,       0.022391876
          0,           0,         179,      -8.720232105,      -7.576764906,      -8.308354474,      -8.243823899,      -12.04117947,      0.0157459358,     0.01130430271,      0.5573592645,                 0,                 0,                 0,   -0.001797542181,    -0.03731577424,      0.5562235791,                 0,       49.30505478,       0.022391876
          0,           0,         180,      -8.724174912,      -7.580498331,      -8.312227738,       -8.24789634,      -12.04574613,      0.0157459358,     0.01128616073,      0.5570839501,                 0,                 0,                 0,    -0.00185226061,    -0.03730985196,      0.5559477312,                 0,       49.35991639,       0.022391876
          0,           0,         181,      -8.728187141,      -7.584276871,      -8.316376083,      -8.252032107,      -12.05037016,      0.0157459358,       0.011268591,      0.5568147707,                 0,                 0,                 0,   -0.001905654343,     -0.0373038943,      0.5556780448,                 0,       49.41298966,       0.022391876
          0,           0,         182,      -8.732267584,      -7.588099386,      -8.320786607,      -8.256229806,       -12.0550242,      0.0157459358,     0.01125157954,      0.5565519776,                 0,                 0,                 0,   -0.001957677558,    -0.03729793711,      0.5554147691,                 0,       49.46434194,       0.022391876
          0,           0,         183,      -8.736414557,      -7.591964394,      -8.325445639,      -8.260487591,      -12.05968422,      0.0157459358,     0.01123510837,      0.5562957978,                 0,                 0,                 0,    -0.00200828965,    -0.03729201805,      0.5551581285,                 0,       49.51405714,       0.022391876
          0,           0,         184,      -8.740626054,      -7.595870141,      -8.330338998,       -8.26480328,      -12.06432365,      0.0157459358,     0.01121916035,      0.5560464329,                 0,                 0,                 0,   -0.002057454562,     -0.0372861718,      0.5549083226,                 0,       49.56221458,       0.022391876
          0,           0,         185,      -8.744899792,       -7.59981463,      -8.335452165,      -8.269174336,      -12.06892041,      0.0157459358,      0.0112037188,      0.5558040615,                 0,                 0,                 0,   -0.002105141101,    -0.03728043053,      0.5546655276,                 0,       49.60889069,       0.022391876
          0,           0,         186,      -8.749233155,      -7.603795634,      -8.340770066,      -8.273597802,      -12.07344992,      0.0157459358,     0.01118876759,      0.5555688394,                 0,                 0,                 0,   -0.002151322413,     -0.0372748239,      0.5544298976,                 0,       49.65415852,       0.022391876
          0,           0,         187,      -8.753623339,      -7.607810725,      -8.346277314,      -8.278070512,      -12.07789019,      0.0157459358,     0.01117429085,       0.555340901,                 0,                 0,                 0,   -0.002195976126,    -0.03726937941,      0.5542015648,                 0,         49.698089,       0.022391876
          0,           0,         188,      -8.758067216,      -7.611857288,      -8.351958061,      -8.282588906,      -12.08221951,      0.0157459358,     0.01116027301,      0.5551203593,                 0,                 0,                 0,   -0.002239083951,    -0.03726412243,      0.5539806406,                 0,       49.74075085,       0.022391876
          0,           0,         189,      -8.762561444,      -7.615932554,      -8.357796052,        -8.2871492,      -12.08641526,      0.0157459358,     0.01114669887,      0.5549073074,                 0,                 0,                 0,    -0.00228063172,    -0.03725907622,      0.5537672164,                 0,       49.78221033,       0.022391876
          0,           0,         190,      -8.767102524,      -7.620033641,      -8.363774684,      -8.291747444,      -12.09045348,      0.0157459358,      0.0111335535,      0.5547018183,                 0,                 0,                 0,   -0.002320609346,    -0.03725426201,      0.5535613635,                 0,       49.82253133,       0.022391876
          0,           0,         191,      -8.771686749,      -7.624157573,      -8.369877038,      -8.296379435,      -12.09431059,      0.0157459358,     0.01112082236,      0.5545039462,                 0,                 0,                 0,   -0.002359010516,    -0.03724969901,      0.5533631348,                 0,       49.86177535,       0.022391876
          0,           0,         192,      -8.776310281,      -7.628301284,      -8.376085794,       -8.30104085,      -12.09796659,      0.0157459358,     0.01110849124,      0.5543137273,                 0,                 0,                 0,   -0.002395832432,    -0.03724540454,       0.553172565,                 0,       49.90000131,       0.022391876
          0,           0,         193,      -8.780969172,      -7.632461621,      -8.382383329,      -8.305727267,      -12.10140623,      0.0157459358,     0.01109654605,      0.5541311802,                 0,                 0,                 0,   -0.002431075806,    -0.03724139425,      0.5529896715,                 0,       49.93726678,       0.022391876
          0,           0,         194,      -8.785659423,      -7.636635367,      -8.388751786,      -8.310434257,      -12.10461722,      0.0157459358,     0.01108497326,      0.5539563077,                 0,                 0,                 0,   -0.002464744343,    -0.03723768186,      0.5528144558,                 0,       49.97362599,     0.02257038289
          0,           0,         195,      -8.790376985,      -7.640819278,      -8.395173149,      -8.315157379,      -12.10758994,      0.0157459358,     0.01107375942,       0.553789097,                 0,                 0,                 0,   -0.002496844682,    -0.03723427966,      0.5526469041,                 0,       50.00913206,     0.02257038289
          0,           0,         196,      -8.795117797,      -7.645010125,      -8.401629365,      -8.319892239,      -12.11031719,      0.0157459358,     0.01106289162,      0.5536295212,                 0,                 0,                 0,   -0.002527386004,    -0.03723119815,      0.5524869883,                 0,       50.04383484,     0.02257038289
          0,           0,         197,      -8.799877803,      -7.649204715,      -8.408102455,      -8.324634498,      -12.11279446,      0.0157459358,     0.01105235735,        0.55347754,                 0,                 0,                 0,   -0.002556379913,     -0.0372284463,      0.5523346673,                 0,       50.07778183,     0.02257038289
          0,           0,         198,      -8.804653016,      -7.653399889,      -8.414574604,      -8.329379979,      -12.11501966,      0.0157459358,     0.01104214451,      0.5533331011,                 0,                 0,                 0,   -0.002583840118,     -0.0372260316,      0.5521898879,                 0,       50.11101791,     0.02257038289
          0,           0,         199,      -8.809439542,      -7.657592532,      -8.421028284,      -8.334124687,      -12.11699194,      0.0157459358,     0.01103224133,      0.5531961404,                 0,                 0,                 0,   -0.002609782556,    -0.03722396018,      0.5520525852,                 0,       50.14358587,     0.02257038289
          0,           0,         200,      -8.814233589,      -7.661779589,      -8.427446383,      -8.338864819,      -12.11871298,      0.0157459358,     0.01102263632,      0.5530665827,                 0,                 0,                 0,   -0.002634225211,    -0.03722223695,      0.5519226835,                 0,       50.17552669,     0.02257038289
          0,           0,         201,      -8.819031514,      -7.665958101,      -8.433812314,      -8.343596819,      -12.12018352,      0.0157459358,     0.01101331838,      0.5529443422,                 0,                 0,                 0,   -0.002657188339,    -0.03722086547,       0.551800096,                 0,       50.20687891,     0.02257038289
          0,           0,         202,      -8.823829835,      -7.670125239,      -8.440110116,      -8.348317381,      -12.12140683,      0.0157459358,     0.01100427666,      0.5528293221,                 0,                 0,                 0,   -0.002678694463,    -0.03721984811,      0.5516847255,                 0,       50.23767931,     0.02257038289
          0,           0,         203,      -8.828625255,      -7.674278324,       -8.44632448,      -8.353023476,      -12.12240201,      0.0157459358,     0.01099550047,       0.552721415,                 0,                 0,                 0,   -0.002698768547,    -0.03721918618,      0.5515764642,                 0,       50.26796336,     0.02257038289
          0,           0,         204,      -8.833414691,      -7.678414818,      -8.452440806,      -8.357712359,      -12.12314199,      0.0157459358,     0.01098697924,      0.5526205027,                 0,                 0,                 0,   -0.002717438083,    -0.03721887991,      0.5514751932,                 0,       50.29776526,     0.02257038289
          0,           0,         205,      -8.838195328,      -7.682532338,      -8.458445326,      -8.362381659,      -12.12363287,      0.0157459358,     0.01097870247,      0.5525264562,                 0,                 0,                 0,   -0.002734733095,    -0.03721892848,      0.5513807832,                 0,       50.32711812,     0.02257038289
          0,           0,         206,      -8.842964589,      -7.686628668,      -8.464325168,      -8.367029316,      -12.12391147,      0.0157459358,      0.0109706608,      0.5524391359,                 0,                 0,                 0,    -0.00275068611,    -0.03721932909,      0.5512930943,                 0,       50.35604929,     0.02257038289
          0,           0,         207,      -8.847720213,      -7.690701793,      -8.470068489,      -8.371653706,      -12.12394773,      0.0157459358,     0.01096284176,      0.5523583914,                 0,                 0,                 0,   -0.002765331911,    -0.03722008103,      0.5512119756,                 0,       50.38459949,     0.02257038289
          0,           0,         208,       -8.85246032,      -7.694749959,      -8.475664773,      -8.376253602,      -12.12375144,      0.0157459358,      0.0109552367,      0.5522840627,                 0,                 0,                 0,   -0.002778707554,    -0.03722117897,      0.5511372669,                 0,       50.41279142,     0.02257038289
          0,           0,         209,      -8.857183281,      -7.698771637,      -8.481104569,      -8.380828181,      -12.12336726,      0.0157459358,     0.01094783546,      0.5522159807,                 0,                 0,                 0,   -0.002790852033,    -0.03722261831,      0.5510687989,                 0,       50.44065402,     0.02257038289
          0,           0,         210,      -8.861887953,      -7.702765568,       -8.48637994,      -8.385377223,      -12.12280695,      0.0157459358,     0.01094062821,      0.5521539673,                 0,                 0,                 0,   -0.002801805992,    -0.03722439331,      0.5510063933,                 0,       50.46821413,     0.02257038289
          0,           0,         211,      -8.866573539,      -7.706730833,      -8.491485033,      -8.389900915,      -12.12210064,      0.0157459358,     0.01093360549,      0.5520978367,                 0,                 0,                 0,   -0.002811611566,    -0.03722649721,      0.5509498643,                 0,       50.49549641,     0.02257038289
          0,           0,         212,      -8.871239556,      -7.710666852,      -8.496415798,      -8.394399853,      -12.12127173,      0.0157459358,       0.010926758,       0.552047396,                 0,                 0,                 0,   -0.002820312131,    -0.03722892244,      0.5508990187,                 0,       50.52252423,     0.02257038289
          0,           0,         213,      -8.875885996,        -7.7145734,      -8.501169985,      -8.398875192,      -12.12034202,      0.0157459358,     0.01092007683,      0.5520024458,                 0,                 0,                 0,   -0.002827952151,    -0.03723166052,      0.5508536572,                 0,       50.54931888,     0.02257038289
          0,           0,         214,      -8.880513322,      -7.718450643,      -8.505747298,      -8.403328647,      -12.11933935,      0.0157459358,      0.0109135533,       0.551962781,                 0,                 0,                 0,   -0.002834577078,    -0.03723470221,      0.5508135748,                 0,       50.57590004,     0.02257038289
          0,           0,         215,      -8.885122454,      -7.722299135,      -8.510149426,      -8.407762478,      -12.11829712,      0.0157459358,     0.01090717908,      0.5519281913,                 0,                 0,                 0,   -0.002840233198,    -0.03723803749,      0.5507785612,                 0,       50.60228566,     0.02257038289
          0,           0,         216,      -8.889714684,      -7.726119858,      -8.514380119,      -8.412179361,      -12.11722884,      0.0157459358,     0.01090094611,      0.5518984619,                 0,                 0,                 0,   -0.002844967514,    -0.03724165565,      0.5507484017,                 0,       50.62849191,     0.02257038289
          0,           0,         217,      -8.894291719,      -7.729914319,      -8.518445463,      -8.416582433,      -12.11608345,      0.0157459358,     0.01089484666,      0.5518733741,                 0,                 0,                 0,   -0.002848827497,    -0.03724554534,      0.5507228777,                 0,       50.65453339,     0.02257038289
          0,           0,         218,      -8.898855716,      -7.733684339,      -8.522352376,      -8.420975386,      -12.11489096,      0.0157459358,     0.01088887329,      0.5518527051,                 0,                 0,                 0,   -0.002851861451,    -0.03724969456,      0.5507017668,                 0,       50.68042305,     0.02257038289
          0,           0,         219,      -8.903409339,      -7.737432196,      -8.526109734,      -8.425362348,      -12.11366556,      0.0157459358,     0.01088301886,      0.5518362291,                 0,                 0,                 0,   -0.002854118002,    -0.03725409074,      0.5506848433,                 0,       50.70617226,     0.02257038289
          0,           0,         220,      -8.907955549,      -7.741160606,      -8.529728144,      -8.429747783,       -12.1124245,      0.0157459358,     0.01087727654,      0.5518237178,                 0,                 0,                 0,   -0.002855646089,    -0.03725872078,      0.5506718791,                 0,        50.7317908,     0.02257038289
          0,           0,         221,      -8.912497642,      -7.744872707,      -8.533219449,      -8.434136489,      -12.11119057,      0.0157459358,     0.01087163977,      0.5518149407,                 0,                 0,                 0,   -0.002856494842,    -0.03726357112,      0.5506626441,                 0,       50.75728707,     0.02257038289
          0,           0,         222,      -8.917039345,      -7.748572048,      -8.536596557,      -8.438533694,      -12.10997299,      0.0157459358,     0.01086610235,      0.5518096654,                 0,                 0,                 0,   -0.002856713572,     -0.0372686277,      0.5506569063,                 0,       50.78266776,     0.02257038289
          0,           0,         223,      -8.921584757,      -7.752262599,       -8.53987348,      -8.442944983,      -12.10874554,      0.0157459358,     0.01086065837,      0.5518076587,                 0,                 0,                 0,   -0.002856351494,    -0.03727387607,      0.5506544328,                 0,       50.80793816,     0.02257038289
          0,           0,         224,      -8.926138259,      -7.755948741,      -8.543065082,      -8.447376202,      -12.10763444,      0.0157459358,     0.01085530219,      0.5518086865,                 0,                 0,                 0,   -0.002855457879,    -0.03727930144,      0.5506549898,                 0,       50.83310228,     0.02257038289
          0,           0,         225,      -8.930704455,      -7.759635046,      -8.546186076,      -8.451833367,      -12.10663091,      0.0157459358,     0.01085002842,      0.5518125141,                 0,                 0,                 0,   -0.002854081918,    -0.03728488874,      0.5506583432,                 0,       50.85816303,     0.02257038289
          0,           0,         226,      -8.935288166,       -7.76332655,      -8.549252498,      -8.456322557,      -12.10580682,      0.0157459358,     0.01084483205,      0.5518189076,                 0,                 0,                 0,   -0.002852272369,    -0.03729062257,      0.5506642595,                 0,       50.88312159,     0.02257038289
          0,           0,         227,      -8.939894235,      -7.767028572,      -8.552280508,      -8.460849891,      -12.10521402,      0.0157459358,     0.01083970834,      0.5518276337,                 0,                 0,                 0,   -0.002850077661,    -0.03729648731,      0.5506725058,                 0,         50.907978,     0.02257038289
          0,           0,         228,       -8.94452776,      -7.770746682,      -8.555286129,      -8.465421684,      -12.10492507,      0.0157459358,     0.01083465287,      0.5518384607,                 0,                 0,                 0,   -0.002847545573,    -0.03730246717,       0.550682851,                 0,       50.93273105,     0.02257038289
          0,           0,         229,      -8.949193957,      -7.774486894,      -8.558286001,      -8.470044254,      -12.10483196,      0.0157459358,     0.01082966165,      0.5518511597,                 0,                 0,                 0,   -0.002844722907,    -0.03730854619,      0.5506950666,                 0,       50.95737777,     0.02257038289
          0,           0,         230,      -8.953898103,      -7.778255174,      -8.561295448,      -8.474724021,      -12.10497531,      0.0157459358,       0.010824731,      0.5518655045,                 0,                 0,                 0,   -0.002841655566,    -0.03731470832,      0.5507089272,                 0,       50.98191397,     0.02257038289
          0,           0,         231,      -8.958645424,      -7.782057716,      -8.564329821,      -8.479467055,      -12.10536153,      0.0157459358,     0.01081985754,      0.5518812731,                 0,                 0,                 0,   -0.002838388303,    -0.03732093755,       0.550724211,                 0,       51.00633451,     0.02257038289
          0,           0,         232,      -8.963440863,      -7.785900844,      -8.567404316,      -8.484279061,      -12.10600002,      0.0157459358,     0.01081503833,      0.5518982479,                 0,                 0,                 0,     -0.0028349645,    -0.03732721788,      0.5507407012,                 0,       51.03063263,     0.02257038289
          0,           0,         233,      -8.968289287,      -7.789790946,      -8.570533441,      -8.489165614,      -12.10687348,      0.0157459358,     0.01081027081,      0.5519162168,                 0,                 0,                 0,   -0.002831426072,    -0.03733353334,      0.5507581862,                 0,       51.05480023,     0.02257038289
          0,           0,         234,      -8.973195467,      -7.793734521,      -8.573731183,      -8.494132077,      -12.10795722,      0.0157459358,     0.01080555272,      0.5519349739,                 0,                 0,                 0,   -0.002827813189,    -0.03733986826,      0.5507764606,                 0,       51.07882846,     0.02257038289
          0,           0,         235,      -8.978164056,      -7.797738028,      -8.577010585,      -8.499183646,      -12.10933619,      0.0157459358,     0.01080088223,      0.5519543198,                 0,                 0,                 0,   -0.002824164393,    -0.03734620709,      0.5507953259,                 0,       51.10270698,     0.02257038289
          0,           0,         236,      -8.983199458,      -7.801807724,      -8.580383481,      -8.504325126,      -12.11099011,      0.0157459358,     0.01079625782,      0.5519740626,                 0,                 0,                 0,   -0.002820516369,     -0.0373525346,      0.5508145905,                 0,       51.12642471,     0.02257038289
          0,           0,         237,      -8.988305665,      -7.805949908,      -8.583861487,      -8.509560679,      -12.11299825,      0.0157459358,     0.01079167836,      0.5519940184,                 0,                 0,                 0,   -0.002816903732,     -0.0373588359,      0.5508340713,                 0,       51.14996944,     0.02257038289
          0,           0,         238,      -8.993486299,      -7.810170796,      -8.587455316,      -8.514894095,      -12.11544187,      0.0157459358,     0.01078714301,      0.5520140117,                 0,                 0,                 0,    -0.00281335914,    -0.03736509652,      0.5508535932,                 0,        51.1733284,     0.02257038289
          0,           0,         239,      -8.998744882,       -7.81447668,      -8.591175082,      -8.520329004,      -12.11820749,      0.0157459358,     0.01078265136,      0.5520338761,                 0,                 0,                 0,   -0.002809912844,    -0.03737130238,      0.5508729905,                 0,       51.19648757,     0.02257038289
          0,           0,         240,      -9.004084875,      -7.818873371,      -8.595029143,      -8.525869048,      -12.12132218,      0.0157459358,     0.01077820314,      0.5520534544,                 0,                 0,                 0,   -0.002806593183,    -0.03737744003,      0.5508921066,                 0,       51.21943307,     0.02257038289
          0,           0,         241,      -9.009509232,      -7.823366543,      -8.599025166,      -8.531517018,      -12.12477861,      0.0157459358,     0.01077379846,      0.5520725992,                 0,                 0,                 0,   -0.002803426029,    -0.03738349653,      0.5509107947,                 0,       51.24215021,     0.02257038289
          0,           0,         242,      -9.015020344,      -7.827961642,      -8.603170112,      -8.537275094,      -12.12857312,      0.0157459358,     0.01076943768,      0.5520911732,                 0,                 0,                 0,   -0.002800435084,    -0.03738945955,      0.5509289179,                 0,         51.264624,     0.02257038289
          0,           0,         243,      -9.020620325,      -7.832663834,      -8.607470047,      -8.543145175,       -12.1326639,      0.0157459358,     0.01076512136,      0.5521090488,                 0,                 0,                 0,   -0.002797641808,     -0.0373953174,      0.5509463493,                 0,       51.28683926,     0.02257038289
          0,           0,         244,      -9.026311049,      -7.837478121,      -8.611930312,      -8.549128859,      -12.13703044,      0.0157459358,     0.01076085026,      0.5521261087,                 0,                 0,                 0,   -0.002795065524,    -0.03740105912,      0.5509629721,                 0,       51.30878095,     0.02257038289
          0,           0,         245,      -9.032094293,      -7.842409078,      -8.616555172,      -8.555227722,      -12.14172285,      0.0157459358,      0.0107566253,      0.5521422455,                 0,                 0,                 0,   -0.002792723402,    -0.03740667442,      0.5509786792,                 0,       51.33043406,     0.02257038289
          0,           0,         246,      -9.037971432,      -7.847460826,      -8.621347898,      -8.561442791,      -12.14671331,      0.0157459358,     0.01075244745,      0.5521573617,                 0,                 0,                 0,   -0.002790630631,    -0.03741215383,      0.5509933737,                 0,       51.35178427,     0.02220803066
          0,           0,         247,      -9.043943302,      -7.852637314,      -8.626311325,      -8.567774417,       -12.1521771,      0.0157459358,     0.01074831784,      0.5521713693,                 0,                 0,                 0,   -0.002788800379,    -0.03741748857,      0.5510069681,                 0,       51.37281735,     0.02220803066
          0,           0,         248,      -9.050010557,      -7.857942534,      -8.631448089,      -8.574222895,       -12.1579349,      0.0157459358,     0.01074423778,      0.5521841903,                 0,                 0,                 0,   -0.002787243718,    -0.03742267053,      0.5510193848,                 0,       51.39351918,     0.02220803066
          0,           0,         249,      -9.056174229,       -7.86337976,      -8.636759669,      -8.580789249,      -12.16402413,      0.0157459358,     0.01074020846,      0.5521957554,                 0,                 0,                 0,   -0.002785970201,    -0.03742769248,      0.5510305547,                 0,       51.41387689,     0.02220803066
          0,           0,         250,      -9.062434683,      -7.868951983,        -8.6422468,      -8.587473421,      -12.17043339,      0.0157459358,     0.01073623122,      0.5522060045,                 0,                 0,                 0,   -0.002784987423,    -0.03743254785,      0.5510404181,                 0,       51.43387778,     0.02220803066
          0,           0,         251,      -9.068791618,      -7.874661881,      -8.647909788,      -8.594274644,      -12.17715082,      0.0157459358,      0.0107323073,      0.5522148857,                 0,                 0,                 0,   -0.002784301441,    -0.03743723089,      0.5510489236,                 0,       51.45351044,     0.02220803066
          0,           0,         252,      -9.075244697,      -7.880511788,      -8.653748463,       -8.60119229,      -12.18416629,      0.0157459358,     0.01072843799,      0.5522223556,                 0,                 0,                 0,   -0.002783916754,    -0.03744173652,      0.5510560278,                 0,       51.47276389,     0.02220803066
          0,           0,         253,      -9.081793442,       -7.88650371,      -8.659762187,      -8.608225634,      -12.19144294,      0.0157459358,     0.01072462453,      0.5522283783,                 0,                 0,                 0,   -0.002783836445,    -0.03744606038,      0.5510616952,                 0,       51.49162816,     0.02220803066
          0,           0,         254,      -9.088437221,      -7.892639408,      -8.665949966,      -8.615373847,      -12.19890921,      0.0157459358,     0.01072086813,       0.552232925,                 0,                 0,                 0,   -0.002784062235,    -0.03745019876,      0.5510658972,                 0,         51.510094,     0.02220803066
          0,           0,         255,      -9.095175277,      -7.898920304,       -8.67231038,      -8.622636082,       -12.2066648,      0.0157459358,     0.01071716989,      0.5522359741,                 0,                 0,                 0,   -0.002784594674,    -0.03745414867,      0.5510686124,                 0,       51.52815338,     0.02220803066
          0,           0,         256,      -9.102006606,      -7.905347197,      -8.678841367,      -8.630011269,      -12.21463584,      0.0157459358,     0.01071353077,      0.5522375096,                 0,                 0,                 0,   -0.002785433446,    -0.03745790777,      0.5510698248,                 0,       51.54579956,     0.02220803066
          0,           0,         257,      -9.108929536,      -7.911920802,      -8.685540567,      -8.637497448,      -12.22300776,      0.0157459358,      0.0107099517,      0.5522375216,                 0,                 0,                 0,   -0.002786577039,    -0.03746147427,      0.5510695249,                 0,       51.56302636,     0.02220803066
          0,           0,         258,      -9.115942336,      -7.918641898,      -8.692405636,      -8.645092848,      -12.23158587,      0.0157459358,     0.01070643363,      0.5522360061,                 0,                 0,                 0,    -0.00278802291,    -0.03746484686,      0.5510677085,                 0,       51.57982808,     0.02220803066
          0,           0,         259,       -9.12304397,        -7.9255106,       -8.69943399,      -8.652796901,      -12.24040982,      0.0157459358,     0.01070297727,      0.5522329631,                 0,                 0,                 0,   -0.002789768026,    -0.03746802485,      0.5510643759,                 0,       51.59620067,     0.02220803066
          0,           0,         260,      -9.130232733,      -7.932526779,      -8.706622402,      -8.660607988,      -12.24946795,      0.0157459358,     0.01069958324,      0.5522283976,                 0,                 0,                 0,   -0.002791808487,    -0.03747100806,      0.5510595319,                 0,       51.61214087,     0.02220803066
          0,           0,         261,      -9.137506153,      -7.939690067,      -8.713967334,      -8.668523632,      -12.25874643,      0.0157459358,      0.0106962521,      0.5522223185,                 0,                 0,                 0,   -0.002794139783,     -0.0374737967,      0.5510531857,                 0,       51.62764616,     0.02220803066
          0,           0,         262,      -9.144861696,      -7.946999852,       -8.72146505,      -8.676541466,      -12.26822612,      0.0157459358,     0.01069298427,      0.5522147384,                 0,                 0,                 0,   -0.002796756854,    -0.03747639145,      0.5510453496,                 0,       51.64271494,     0.02220803066
          0,           0,         263,      -9.152296916,      -7.954455253,      -8.729111618,      -8.684659383,       -12.2778883,      0.0157459358,     0.01068978009,      0.5522056731,                 0,                 0,                 0,   -0.002799654177,    -0.03747879334,      0.5510360396,                 0,        51.6573464,     0.02220803066
          0,           0,         264,       -9.15980924,      -7.962055151,      -8.736902833,      -8.692875184,      -12.28771576,      0.0157459358,     0.01068663981,      0.5521951413,                 0,                 0,                 0,   -0.002802825857,    -0.03748100377,      0.5510252741,                 0,       51.67154047,     0.02220803066
          0,           0,         265,      -9.167395887,      -7.969798213,      -8.744834182,      -8.701186517,       -12.2976912,      0.0157459358,     0.01068356351,      0.5521831641,                 0,                 0,                 0,   -0.002806265763,    -0.03748302448,      0.5510130744,                 0,       51.68529806,     0.02220803066
          0,           0,         266,      -9.175053949,      -7.977682918,      -8.752900928,      -8.709590961,      -12.30772082,      0.0157459358,     0.01068055119,      0.5521697647,                 0,                 0,                 0,   -0.002809967455,    -0.03748485749,      0.5509994634,                 0,       51.69862067,     0.02220803066
          0,           0,         267,      -9.182780342,      -7.985707658,      -8.761098136,      -8.718085964,      -12.31790784,      0.0157459358,     0.01067760283,      0.5521549685,                 0,                 0,                 0,   -0.002813924303,    -0.03748650506,      0.5509844665,                 0,       51.71151027,     0.02220803066
          0,           0,         268,      -9.190572095,      -7.993870289,      -8.769420586,      -8.726669292,      -12.32820341,      0.0157459358,     0.01067471819,      0.5521388019,                 0,                 0,                 0,   -0.002818129669,    -0.03748796971,      0.5509681101,                 0,       51.72396985,     0.02220803066
          0,           0,         269,      -9.198425534,       -8.00216859,      -8.777862475,      -8.735337657,      -12.33873264,      0.0157459358,     0.01067189704,      0.5521212934,                 0,                 0,                 0,   -0.002822576587,    -0.03748925417,      0.5509504223,                 0,       51.73600264,     0.02184567846
          0,           0,         270,       -9.20633675,      -8.010600444,      -8.786417829,      -8.744087628,      -12.34937768,      0.0157459358,     0.01066913908,      0.5521024728,                 0,                 0,                 0,   -0.002827257909,    -0.03749036131,      0.5509314329,                 0,       51.74761233,     0.02184567846
          0,           0,         271,       -9.21430255,      -8.019163466,      -8.795080817,      -8.752916976,      -12.36012496,      0.0157459358,     0.01066644394,      0.5520823708,                 0,                 0,                 0,   -0.002832166483,    -0.03749129418,      0.5509111726,                 0,         51.758803,     0.02184567846
          0,           0,         272,      -9.222319738,      -8.027855015,        -8.8038452,      -8.761823409,      -12.37097341,      0.0157459358,     0.01066381119,      0.5520610194,                 0,                 0,                 0,   -0.002837295076,    -0.03749205602,       0.550889673,                 0,       51.76957934,     0.02184567846
          0,           0,         273,      -9.230384399,      -8.036672345,      -8.812704177,      -8.770803626,      -12.38191134,      0.0157459358,     0.01066124032,      0.5520384515,                 0,                 0,                 0,   -0.002842636395,    -0.03749265018,      0.5508669668,                 0,       51.77994631,     0.02184567846
          0,           0,         274,      -9.238492403,      -8.045612593,      -8.821650707,      -8.779854148,       -12.3929287,      0.0157459358,     0.01065873081,      0.5520147007,                 0,                 0,                 0,   -0.002848183064,    -0.03749308012,      0.5508430877,                 0,       51.78990917,     0.02184567846
          0,           0,         275,      -9.246639779,      -8.054672785,        -8.8306776,       -8.78897177,      -12.40401306,      0.0157459358,      0.0106562821,      0.5519898018,                 0,                 0,                 0,   -0.002853927648,    -0.03749334944,      0.5508180701,                 0,       51.79947347,     0.02184567846
          0,           0,         276,      -9.254822645,       -8.06384985,      -8.839777504,      -8.798153432,      -12.41514876,      0.0157459358,     0.01065389356,      0.5519637901,                 0,                 0,                 0,   -0.002859862695,    -0.03749346181,      0.5507919492,                 0,       51.80864506,     0.02184567846
          0,           0,         277,       -9.26303716,      -8.073140639,      -8.848942879,      -8.807396128,      -12.42631938,      0.0157459358,     0.01065156458,      0.5519367018,                 0,                 0,                 0,   -0.002865980639,    -0.03749342103,       0.550764761,                 0,       51.81742999,     0.02184567846
          0,           0,         278,      -9.271279403,      -8.082541911,       -8.85816601,      -8.816696743,      -12.43751529,      0.0157459358,      0.0106492945,      0.5519085738,                 0,                 0,                 0,   -0.002872273814,    -0.03749323097,      0.5507365423,                 0,       51.82583448,     0.02184567846
          0,           0,         279,      -9.279545409,      -8.092050347,      -8.867439009,      -8.826052073,      -12.44873251,      0.0157459358,     0.01064708266,      0.5518794442,                 0,                 0,                 0,    -0.00287873446,    -0.03749289557,      0.5507073307,                 0,       51.83386491,     0.02184567846
          0,           0,         280,       -9.28783119,      -8.101662576,      -8.876753892,      -8.835458863,       -12.4599701,      0.0157459358,     0.01064492838,      0.5518493514,                 0,                 0,                 0,   -0.002885354723,    -0.03749241889,      0.5506771646,                 0,       51.84152788,     0.02184567846
          0,           0,         281,      -9.296132792,      -8.111375179,      -8.886102664,      -8.844913871,       -12.4712275,      0.0157459358,     0.01064283098,      0.5518183348,                 0,                 0,                 0,   -0.002892126664,    -0.03749180503,      0.5506460833,                 0,       51.84883004,     0.02184567846
          0,           0,         282,      -9.304446296,      -8.121184698,      -8.895477385,      -8.854413862,      -12.48250275,      0.0157459358,     0.01064078972,      0.5517864345,                 0,                 0,                 0,   -0.002899042285,    -0.03749105823,      0.5506141264,                 0,       51.85577845,     0.02184567846
          0,           0,         283,      -9.312767857,      -8.131087648,      -8.904870236,      -8.863955646,      -12.49379218,      0.0157459358,     0.01063880389,      0.5517536911,                 0,                 0,                 0,   -0.002906093519,    -0.03749018274,      0.5505813346,                 0,        51.8623801,     0.02184567846
          0,           0,         284,      -9.321093677,      -8.141080526,      -8.914273543,      -8.873536029,      -12.50509123,      0.0157459358,     0.01063687273,       0.551720146,                 0,                 0,                 0,   -0.002913272254,    -0.03748918289,      0.5505477488,                 0,       51.86864221,     0.02184567846
          0,           0,         285,      -9.329420025,      -8.151159813,      -8.923679856,      -8.883151828,      -12.51639483,      0.0157459358,      0.0106349955,      0.5516858408,                 0,                 0,                 0,   -0.002920570325,    -0.03748806309,      0.5505134105,                 0,       51.87457211,     0.02184567846
          0,           0,         286,      -9.337743237,      -8.161321987,      -8.933081971,      -8.892799871,      -12.52769541,      0.0157459358,     0.01063317141,      0.5516508177,                 0,                 0,                 0,    -0.00292797952,    -0.03748682777,      0.5504783617,                 0,       51.88017726,     0.02184567846
          0,           0,         287,      -9.346059742,       -8.17156353,      -8.942473006,      -8.902477017,      -12.53897408,      0.0157459358,      0.0106313997,      0.5516151193,                 0,                 0,                 0,   -0.002935491603,    -0.03748548142,      0.5504426447,                 0,       51.88546523,     0.02184567846
          0,           0,         288,      -9.354366061,      -8.181880946,       -8.95184646,      -8.912180162,       -12.5502022,      0.0157459358,     0.01062967954,      0.5515787883,                 0,                 0,                 0,   -0.002943098313,    -0.03748402858,      0.5504063021,                 0,       51.89044375,     0.02184567846
          0,           0,         289,      -9.362658847,      -8.192270742,      -8.961196273,      -8.921906279,       -12.5613781,      0.0157459358,     0.01062801013,      0.5515418677,                 0,                 0,                 0,   -0.002950791406,    -0.03748247379,      0.5503693765,                 0,       51.89512062,     0.02184567846
          0,           0,         290,      -9.370934851,      -8.202729407,       -8.97051682,      -8.931652368,      -12.57250775,      0.0157459358,     0.01062639062,      0.5515044004,                 0,                 0,                 0,   -0.002958562694,    -0.03748082165,      0.5503319106,                 0,       51.89950382,     0.02184567846
          0,           0,         291,      -9.379190886,      -8.213253433,      -8.979802978,        -8.9414154,       -12.5836013,      0.0157459358,     0.01062482014,      0.5514664293,                 0,                 0,                 0,   -0.002966404059,    -0.03747907676,      0.5502939471,                 0,       51.90360139,     0.02184567846
          0,           0,         292,      -9.387423863,      -8.223839357,      -8.989050172,      -8.951192381,      -12.59467167,      0.0157459358,      0.0106232978,      0.5514279969,                 0,                 0,                 0,   -0.002974307465,     -0.0374772437,      0.5502555283,                 0,       51.90742153,     0.02184567846
          0,           0,         293,      -9.395630899,      -8.234483758,      -8.998254459,      -8.960980524,      -12.60572395,      0.0157459358,      0.0106218227,      0.5513891456,                 0,                 0,                 0,   -0.002982265005,    -0.03747532707,      0.5502166963,                 0,       51.91097244,     0.02184567846
          0,           0,         294,      -9.403809336,      -8.245183259,      -9.007412472,      -8.970777251,      -12.61679236,      0.0157459358,     0.01062039392,      0.5513499169,                 0,                 0,                 0,   -0.002990268902,    -0.03747333141,      0.5501774924,                 0,        51.9142624,     0.02184567846
          0,           0,         295,      -9.411956656,      -8.255934515,      -9.016521388,      -8.980580076,      -12.62786668,      0.0157459358,     0.01061901052,      0.5513103522,                 0,                 0,                 0,    -0.00299831154,    -0.03747126125,      0.5501379576,                 0,       51.91729975,     0.02184567846
          0,           0,         296,      -9.420070436,        -8.2667342,      -9.025578863,      -8.990386518,      -12.63888892,      0.0157459358,     0.01061767153,      0.5512704918,                 0,                 0,                 0,    -0.00300638547,    -0.03746912108,      0.5500981322,                 0,       51.92009286,     0.02184567846
          0,           0,         297,      -9.428148326,         -8.277579,      -9.034583037,      -9.000194092,      -12.64987368,      0.0157459358,     0.01061637598,      0.5512303754,                 0,                 0,                 0,   -0.003014483414,    -0.03746691533,      0.5500580556,                 0,        51.9226501,     0.02184567846
          0,           0,         298,      -9.436188092,      -8.288465625,      -9.043532525,      -9.010000397,      -12.66082203,      0.0157459358,     0.01061512288,      0.5511900419,                 0,                 0,                 0,   -0.003022598296,    -0.03746464836,      0.5500177663,                 0,       51.92497986,     0.02184567846
          0,           0,         299,      -9.444187683,      -8.299390818,      -9.052426463,       -9.01980321,      -12.67172444,      0.0157459358,     0.01061391124,      0.5511495292,                 0,                 0,                 0,   -0.003030723243,    -0.03746232448,      0.5499773021,                 0,       51.92709048,     0.02184567846
          0,           0,         300,      -9.452145225,      -8.310351348,      -9.061264463,       -9.02960049,      -12.68257296,      0.0157459358,     0.01061274004,       0.551108874,                 0,                 0,                 0,   -0.003038851596,    -0.03745994789,      0.5499366996,                 0,       51.92899024,     0.02184567846
          0,           0,         301,      -9.460059015,      -8.321344014,      -9.070046584,      -9.039390374,      -12.69336553,      0.0157459358,     0.01061160828,      0.5510681125,                 0,                 0,                 0,   -0.003046976925,    -0.03745752273,      0.5498959945,                 0,       51.93068738,     0.02184567846
          0,           0,         302,      -9.467927494,      -8.332365643,      -9.078773286,      -9.049171127,      -12.70410698,      0.0157459358,     0.01061051495,      0.5510272791,                 0,                 0,                 0,   -0.003055093052,    -0.03745505304,      0.5498552213,                 0,       51.93219005,     0.02184567846
          0,           0,         303,      -9.475749247,      -8.343413093,      -9.087445355,      -9.058941149,      -12.71480477,      0.0157459358,     0.01060945903,      0.5509864075,                 0,                 0,                 0,   -0.003063194057,    -0.03745254276,      0.5498144132,                 0,       51.93350633,     0.02184567846
          0,           0,         304,      -9.483522955,      -8.354483243,       -9.09606388,      -9.068698921,      -12.72547153,      0.0157459358,     0.01060843948,      0.5509455299,                 0,                 0,                 0,    -0.00307127429,    -0.03744999571,      0.5497736023,                 0,       51.93464421,     0.02184567846
          0,           0,         305,       -9.49124744,      -8.365572999,      -9.104630172,      -9.078443067,      -12.73611797,      0.0157459358,     0.01060745529,      0.5509046774,                 0,                 0,                 0,   -0.003079328368,    -0.03744741562,      0.5497328194,                 0,       51.93561156,     0.02184567846
          0,           0,         306,      -9.498921628,      -8.376679286,       -9.11314571,      -9.088172303,      -12.74675105,      0.0157459358,     0.01060650543,      0.5508638795,                 0,                 0,                 0,   -0.003087351169,     -0.0374448061,       0.549692094,                 0,       51.93641614,     0.02184567846
          0,           0,         307,      -9.506544554,      -8.387799054,      -9.121612103,      -9.097885455,      -12.75737436,      0.0157459358,     0.01060558888,      0.5508231648,                 0,                 0,                 0,   -0.003095337837,    -0.03744217064,      0.5496514543,                 0,       51.93706554,     0.02184567846
          0,           0,         308,      -9.514115353,      -8.398929271,      -9.130031061,      -9.107581439,      -12.76798871,      0.0157459358,     0.01060470464,      0.5507825602,                 0,                 0,                 0,   -0.003103283773,    -0.03743951258,      0.5496109271,                 0,        51.9375672,     0.02184567846
          0,           0,         309,      -9.521633268,       -8.41006693,      -9.138404372,      -9.117259297,      -12.77859305,      0.0157459358,     0.01060385172,      0.5507420914,                 0,                 0,                 0,   -0.003111184635,    -0.03743683518,      0.5495705381,                 0,       51.93792841,     0.02184567846
          0,           0,         310,      -9.529097625,      -8.421209046,      -9.146733881,      -9.126918134,      -12.78918536,      0.0157459358,     0.01060302912,      0.5507017831,                 0,                 0,                 0,   -0.003119036332,    -0.03743414154,      0.5495303114,                 0,       51.93815624,     0.02184567846
          0,           0,         311,      -9.536507832,      -8.432352661,       -9.15502148,      -9.136557151,      -12.79976334,      0.0157459358,     0.01060223588,      0.5506616582,                 0,                 0,                 0,   -0.003126835023,    -0.03743143465,      0.5494902701,                 0,       51.93825759,     0.02184567846
          0,           0,         312,      -9.543863387,      -8.443494847,      -9.163269086,      -9.146175641,      -12.81032495,      0.0157459358,     0.01060147105,      0.5506217387,                 0,                 0,                 0,   -0.003134577113,    -0.03742871736,      0.5494504358,                 0,       51.93823917,     0.02184567846
          0,           0,         313,      -9.551163851,      -8.454632702,      -9.171478619,      -9.155772954,      -12.82086904,      0.0157459358,     0.01060073368,      0.5505820453,                 0,                 0,                 0,   -0.003142259248,    -0.03742599241,      0.5494108292,                 0,        51.9381075,     0.02184567846
          0,           0,         314,      -9.558408881,      -8.465763361,      -9.179651963,      -9.165348549,      -12.83139545,      0.0157459358,     0.01060002285,      0.5505425972,                 0,                 0,                 0,   -0.003149878323,    -0.03742326241,      0.5493714693,                 0,       51.93786888,     0.02184567846
          0,           0,         315,      -9.565598139,      -8.476883992,      -9.187790956,      -9.174901858,      -12.84190482,      0.0157459358,     0.01059933767,      0.5505034127,                 0,                 0,                 0,   -0.003157431467,    -0.03742052982,      0.5493323741,                 0,       51.93752946,     0.02184567846
          0,           0,         316,      -9.572731377,      -8.487991802,      -9.195897364,      -9.184432413,      -12.85239844,      0.0157459358,     0.01059867724,      0.5504645085,                 0,                 0,                 0,   -0.003164916046,    -0.03741779702,      0.5492935605,                 0,       51.93709516,     0.02184567846
          0,           0,         317,      -9.579808389,      -8.499084038,      -9.203972855,      -9.193939763,      -12.86287801,      0.0157459358,      0.0105980407,      0.5504259006,                 0,                 0,                 0,   -0.003172329657,    -0.03741506624,       0.549255044,                 0,       51.93657169,     0.02184567846
          0,           0,         318,      -9.586829025,      -8.510157993,      -9.212018979,      -9.203423523,      -12.87334536,      0.0157459358,     0.01059742718,      0.5503876033,                 0,                 0,                 0,   -0.003179670114,    -0.03741233959,      0.5492168389,                 0,       51.93596462,     0.02184567846
          0,           0,         319,      -9.593793156,      -8.521211012,      -9.220037185,      -9.212883302,      -12.88380221,      0.0157459358,     0.01059683587,      0.5503496301,                 0,                 0,                 0,   -0.003186935444,    -0.03740961907,      0.5491789587,                 0,       51.93527926,     0.02184567846
          0,           0,         320,      -9.600700689,      -8.532240495,      -9.228028776,      -9.222318713,      -12.89425006,      0.0157459358,     0.01059626594,      0.5503119933,                 0,                 0,                 0,   -0.003194123876,    -0.03740690657,      0.5491414154,                 0,       51.93452073,     0.02184567846
          0,           0,         321,      -9.607551564,      -8.543243902,      -9.235994935,      -9.231729398,      -12.90469016,      0.0157459358,     0.01059571662,      0.5502747042,                 0,                 0,                 0,   -0.003201233824,    -0.03740420384,      0.5491042203,                 0,       51.93369395,     0.02184567846
          0,           0,         322,      -9.614345747,      -8.554218764,      -9.243936763,      -9.241114988,       -12.9151225,      0.0157459358,     0.01059518713,       0.550237773,                 0,                 0,                 0,   -0.003208263886,    -0.03740151255,      0.5490673836,                 0,       51.93280365,     0.02184567846
          0,           0,         323,       -9.62108324,      -8.565162678,      -9.251855268,       -9.25047516,      -12.92554581,      0.0157459358,     0.01059467674,      0.5502012091,                 0,                 0,                 0,   -0.003215212828,    -0.03739883424,      0.5490309143,                 0,       51.93185434,     0.02184567846
          0,           0,         324,      -9.627764072,      -8.576073327,      -9.259751368,      -9.259809587,      -12.93596298,      0.0157459358,     0.01059418471,      0.5501650207,                 0,                 0,                 0,   -0.003222079579,    -0.03739617038,      0.5489948208,                 0,       51.93085034,     0.02184567846
          0,           0,         325,      -9.634388309,      -8.586948481,      -9.267625937,      -9.269117983,      -12.94637408,      0.0157459358,     0.01059371037,      0.5501292156,                 0,                 0,                 0,    -0.00322886322,    -0.03739352229,      0.5489591105,                 0,       51.92979576,     0.02184567846
          0,           0,         326,      -9.640956051,      -8.597786007,      -9.275479785,      -9.278400089,      -12.95677865,      0.0157459358,     0.01059325303,      0.5500938002,                 0,                 0,                 0,   -0.003235562977,    -0.03739089124,      0.5489237901,                 0,       51.92869451,     0.02184567846
          0,           0,         327,       -9.64746744,      -8.608583873,      -9.283313674,      -9.287655676,      -12.96717586,      0.0157459358,     0.01059281205,      0.5500587806,                 0,                 0,                 0,    -0.00324217821,    -0.03738827838,      0.5488888653,                 0,       51.92755032,     0.02184567846
          0,           0,         328,      -9.653922624,      -8.619340147,      -9.291128271,        -9.2968845,      -12.97756255,      0.0157459358,      0.0105923868,      0.5500241618,                 0,                 0,                 0,   -0.003248708407,    -0.03738568478,      0.5488543412,                 0,       51.92636675,     0.02184567846
          0,           0,         329,      -9.660321821,      -8.630053025,      -9.298924336,      -9.306086413,      -12.98793593,      0.0157459358,     0.01059197669,      0.5499899483,                 0,                 0,                 0,   -0.003255153198,    -0.03738311143,      0.5488202221,                 0,       51.92514717,     0.02184567846
          0,           0,         330,      -9.666665231,      -8.640720813,      -9.306702524,      -9.315261198,      -12.99829025,      0.0157459358,     0.01059158112,      0.5499561438,                 0,                 0,                 0,   -0.003261512318,    -0.03738055924,      0.5487865118,                 0,       51.92389479,     0.02184567846
          0,           0,         331,      -9.672953095,      -8.651341942,      -9.314463414,      -9.324408689,      -13.00861894,      0.0157459358,     0.01059119954,      0.5499227514,                 0,                 0,                 0,   -0.003267785612,    -0.03737802903,      0.5487532132,                 0,       51.92261267,     0.02184567846
          0,           0,         332,      -9.679185709,      -8.661914966,      -9.322207538,      -9.333528782,      -13.01890512,      0.0157459358,      0.0105908314,      0.5498897735,                 0,                 0,                 0,   -0.003273973023,    -0.03737552155,      0.5487203287,                 0,       51.92130368,     0.02184567846
          0,           0,         333,      -9.685363377,      -8.672438571,      -9.329935415,      -9.342621362,      -13.02910456,      0.0157459358,      0.0105904762,      0.5498572121,                 0,                 0,                 0,   -0.003280074591,    -0.03737303749,      0.5486878603,                 0,       51.91997055,     0.02184567846
          0,           0,         334,      -9.691486433,      -8.682911579,      -9.337647536,      -9.351686343,       -13.0392639,      0.0157459358,     0.01059013341,      0.5498250686,                 0,                 0,                 0,   -0.003286090447,    -0.03737057747,      0.5486558091,                 0,       51.91861586,     0.02184567846
          0,           0,         335,      -9.697555243,      -8.693332944,      -9.345344408,      -9.360723691,      -13.04942453,      0.0157459358,     0.01058980257,      0.5497933436,                 0,                 0,                 0,   -0.003292020802,    -0.03736814205,      0.5486241761,                 0,       51.91724207,     0.02184567846
          0,           0,         336,      -9.703570194,      -8.703701764,      -9.353026528,      -9.369733363,      -13.05959222,      0.0157459358,     0.01058948322,      0.5497620378,                 0,                 0,                 0,   -0.003297865942,     -0.0373657317,      0.5485929616,                 0,       51.91585146,     0.02184567846
          0,           0,         337,      -9.709531716,      -8.714017277,      -9.360694402,      -9.378715399,      -13.06978114,      0.0157459358,     0.01058917491,       0.549731151,                 0,                 0,                 0,   -0.003303626223,    -0.03736334688,      0.5485621654,                 0,        51.9144462,     0.02184567846
          0,           0,         338,      -9.715440248,      -8.724278865,      -9.368348549,      -9.387669828,      -13.08001136,      0.0157459358,     0.01058887721,      0.5497006827,                 0,                 0,                 0,   -0.003309302063,    -0.03736098796,      0.5485317871,                 0,       51.91302836,     0.02184567846
          0,           0,         339,      -9.721296268,      -8.734486052,      -9.375989479,      -9.396596754,      -13.09030245,      0.0157459358,     0.01058858972,      0.5496706321,                 0,                 0,                 0,   -0.003314893942,    -0.03735865527,      0.5485018258,                 0,       51.91159982,     0.02184567846
          0,           0,         340,      -9.727100291,      -8.744638504,      -9.383617718,      -9.405496316,      -13.10066811,      0.0157459358,     0.01058831205,       0.549640998,                 0,                 0,                 0,   -0.003320402391,     -0.0373563491,      0.5484722802,                 0,       51.91016242,     0.02184567846
          0,           0,         341,      -9.732852837,      -8.754736029,      -9.391233799,      -9.414368672,      -13.11111327,      0.0157459358,     0.01058804382,      0.5496117789,                 0,                 0,                 0,   -0.003325827986,     -0.0373540697,      0.5484431489,                 0,       51.90871783,     0.02184567846
          0,           0,         342,      -9.738554474,      -8.764778571,      -9.398838276,      -9.423214082,      -13.12163273,      0.0157459358,     0.01058778468,      0.5495829729,                 0,                 0,                 0,   -0.003331171348,    -0.03735181724,        0.54841443,                 0,       51.90726764,     0.02184567846
          0,           0,         343,      -9.744205765,      -8.774766209,      -9.406431722,      -9.432032762,      -13.13221043,      0.0157459358,     0.01058753428,      0.5495545779,                 0,                 0,                 0,   -0.003336433133,     -0.0373495919,      0.5483861213,                 0,       51.90581332,     0.02184567846
          0,           0,         344,      -9.749807327,       -8.78469915,      -9.414014737,      -9.440825066,      -13.14281979,      0.0157459358,     0.01058729231,      0.5495265917,                 0,                 0,                 0,   -0.003341614029,    -0.03734739379,      0.5483582205,                 0,       51.90435624,     0.02184567846
          0,           0,         345,      -9.755359786,       -8.79457773,      -9.421587935,      -9.449591339,      -13.15342733,      0.0157459358,     0.01058705845,      0.5494990117,                 0,                 0,                 0,   -0.003346714756,      -0.037345223,       0.548330725,                 0,       51.90289769,     0.02184567846
          0,           0,         346,      -9.760863795,      -8.804402404,      -9.429151955,      -9.458332015,      -13.16399983,      0.0157459358,     0.01058683241,       0.549471835,                 0,                 0,                 0,    -0.00335173606,    -0.03734307958,       0.548303632,                 0,       51.90143885,     0.02184567846
          0,           0,         347,      -9.766319991,      -8.814173739,      -9.436707455,      -9.467047462,      -13.17451103,      0.0157459358,      0.0105866139,      0.5494450587,                 0,                 0,                 0,   -0.003356678715,    -0.03734096355,      0.5482769386,                 0,       51.89998085,     0.02184567846
          0,           0,         348,      -9.771729056,      -8.823892411,      -9.444255098,      -9.475738153,      -13.18494479,      0.0157459358,     0.01058640265,      0.5494186797,                 0,                 0,                 0,   -0.003361543519,    -0.03733887492,      0.5482506415,                 0,       51.89852472,     0.02184567846
          0,           0,         349,      -9.777091671,      -8.833559191,        -9.4517956,      -9.484404584,      -13.19529552,      0.0157459358,      0.0105861984,      0.5493926947,                 0,                 0,                 0,    -0.00336633129,    -0.03733681364,      0.5482247376,                 0,       51.89707142,     0.02184567846
          0,           0,         350,      -9.782408508,      -8.843174942,      -9.459329653,      -9.493047191,      -13.20556742,      0.0157459358,     0.01058600091,      0.5493671001,                 0,                 0,                 0,    -0.00337104287,    -0.03733477968,      0.5481992232,                 0,       51.89562187,     0.02184567846
          0,           0,         351,      -9.787680276,      -8.852740613,      -9.466857949,      -9.501666514,       -13.2157731,      0.0157459358,     0.01058580992,      0.5493418925,                 0,                 0,                 0,   -0.003375679118,    -0.03733277295,      0.5481740949,                 0,       51.89417691,     0.02184567846
          0,           0,         352,      -9.792907663,      -8.862257222,      -9.474381159,      -9.510263043,      -13.22593142,      0.0157459358,     0.01058562521,      0.5493170681,                 0,                 0,                 0,   -0.003380240906,    -0.03733079336,      0.5481493488,                 0,       51.89273731,     0.02184567846
          0,           0,         353,      -9.798091384,       -8.87172586,      -9.481899918,      -9.518837336,      -13.23606447,      0.0157459358,     0.01058544655,       0.549292623,                 0,                 0,                 0,   -0.003384729124,    -0.03732884081,      0.5481249812,                 0,        51.8913038,     0.02184567846
          0,           0,         354,      -9.803232139,      -8.881147673,      -9.489414832,      -9.527389928,      -13.24619452,      0.0157459358,     0.01058527375,      0.5492685533,                 0,                 0,                 0,   -0.003389144673,    -0.03732691514,       0.548100988,                 0,       51.88987703,     0.02184567846
          0,           0,         355,      -9.808330632,      -8.890523859,      -9.496926483,      -9.535921369,      -13.25634137,      0.0157459358,     0.01058510659,      0.5492448549,                 0,                 0,                 0,   -0.003393488461,    -0.03732501622,      0.5480773652,                 0,       51.88845764,     0.02184567846
          0,           0,         356,      -9.813387575,      -8.899855655,      -9.504435413,      -9.544432246,       -13.2665242,      0.0157459358,     0.01058494488,      0.5492215238,                 0,                 0,                 0,   -0.003397761407,    -0.03732314387,      0.5480541088,                 0,       51.88704618,     0.02184567846
          0,           0,         357,      -9.818403642,      -8.909144338,      -9.511942156,      -9.552923011,      -13.27677438,      0.0157459358,     0.01058478843,      0.5491985558,                 0,                 0,                 0,   -0.003401964432,    -0.03732129792,      0.5480312145,                 0,       51.88564317,     0.02184567846
          0,           0,         358,      -9.823379543,      -8.918391208,      -9.519447212,      -9.561394279,      -13.28702068,      0.0157459358,     0.01058463707,      0.5491759465,                 0,                 0,                 0,   -0.003406098468,    -0.03731947819,      0.5480086782,                 0,       51.88424913,     0.02184567846
          0,           0,         359,      -9.828315959,      -8.927597589,      -9.526951066,      -9.569846549,      -13.29729727,      0.0157459358,     0.01058449061,      0.5491536918,                 0,                 0,                 0,   -0.003410164448,    -0.03731768447,      0.5479864954,                 0,       51.88286448,     0.02184567846
          0,           0,         360,      -9.833213575,      -8.936764811,      -9.534454194,      -9.578280367,      -13.30756419,      0.0157459358,     0.01058434889,      0.5491317873,                 0,                 0,                 0,   -0.003414163306,    -0.03731591653,      0.5479646618,                 0,       51.88148962,     0.02184567846
          0,           0,         361,      -9.838073067,      -8.945894216,      -9.541956999,      -9.586696261,      -13.31787386,      0.0157459358,     0.01058421177,      0.5491102285,                 0,                 0,                 0,   -0.003418095982,    -0.03731417417,      0.5479431731,                 0,        51.8801249,     0.02184567846
          0,           0,         362,      -9.842895098,      -8.954987141,      -9.549459871,      -9.595094716,      -13.32821035,      0.0157459358,     0.01058407907,      0.5490890111,                 0,                 0,                 0,   -0.003421963411,    -0.03731245714,      0.5479220249,                 0,       51.87877068,     0.02184567846
          0,           0,         363,      -9.847680327,      -8.964044918,      -9.556963159,      -9.603476188,      -13.33856105,      0.0157459358,     0.01058395067,      0.5490681307,                 0,                 0,                 0,   -0.003425766529,    -0.03731076521,      0.5479012128,                 0,       51.87742724,     0.02184567846
          0,           0,         364,      -9.852429414,      -8.973068868,      -9.564467177,      -9.611841214,        -13.348924,      0.0157459358,     0.01058382641,      0.5490475827,                 0,                 0,                 0,   -0.003429506266,    -0.03730909812,      0.5478807322,                 0,       51.87609486,     0.02184567846
          0,           0,         365,      -9.857142979,       -8.98206029,      -9.571972212,      -9.620190155,      -13.35929522,      0.0157459358,     0.01058370616,      0.5490273628,                 0,                 0,                 0,    -0.00343318355,    -0.03730745563,      0.5478605787,                 0,       51.87477376,     0.02184567846
          0,           0,         366,      -9.861821671,      -8.991020462,      -9.579478545,      -9.628523505,      -13.36967152,      0.0157459358,      0.0105835898,      0.5490074665,                 0,                 0,                 0,   -0.003436799301,    -0.03730583747,       0.547840748,                 0,       51.87346417,     0.02184567846
          0,           0,         367,      -9.866466115,      -8.999950643,      -9.586986354,      -9.636841681,      -13.38004484,      0.0157459358,     0.01058347721,      0.5489878893,                 0,                 0,                 0,    -0.00344035443,    -0.03730424337,      0.5478212355,                 0,       51.87216626,     0.02184567846
          0,           0,         368,      -9.871076964,      -9.008852063,      -9.594495975,      -9.645145236,      -13.39041208,      0.0157459358,     0.01058336825,      0.5489686269,                 0,                 0,                 0,   -0.003443849854,    -0.03730267308,      0.5478020369,                 0,       51.87088021,     0.02184567846
          0,           0,         369,      -9.875654788,      -9.017725906,      -9.602007694,      -9.653434401,      -13.40077027,      0.0157459358,     0.01058326283,      0.5489496747,                 0,                 0,                 0,   -0.003447286484,    -0.03730112631,      0.5477831476,                 0,       51.86960614,     0.02184567846
          0,           0,         370,      -9.880200183,      -9.026573325,      -9.609521683,      -9.661709548,      -13.41111715,      0.0157459358,     0.01058316082,      0.5489310284,                 0,                 0,                 0,   -0.003450665221,     -0.0372996028,      0.5477645633,                 0,       51.86834421,     0.02184567846
          0,           0,         371,      -9.884713747,      -9.035395431,      -9.617038067,      -9.669971061,      -13.42145153,      0.0157459358,     0.01058306213,      0.5489126835,                 0,                 0,                 0,   -0.003453986965,    -0.03729810225,      0.5477462796,                 0,        51.8670945,     0.02184567846
          0,           0,         372,      -9.889196058,      -9.044193287,      -9.624556908,      -9.678219254,      -13.43177301,      0.0157459358,     0.01058296664,      0.5488946356,                 0,                 0,                 0,   -0.003457252607,     -0.0372966244,      0.5477282921,                 0,       51.86585712,     0.02184567846
          0,           0,         373,      -9.893647697,      -9.052967918,      -9.632078231,      -9.686454473,      -13.44208153,      0.0157459358,     0.01058287426,      0.5488768804,                 0,                 0,                 0,   -0.003460463037,    -0.03729516896,      0.5477105964,                 0,       51.86463214,     0.02184567846
          0,           0,         374,      -9.898069203,      -9.061720292,      -9.639602035,      -9.694676896,      -13.45237706,      0.0157459358,     0.01058278489,      0.5488594135,                 0,                 0,                 0,   -0.003463619136,    -0.03729373565,      0.5476931882,                 0,       51.86341963,     0.02184567846
          0,           0,         375,      -9.902461108,      -9.070451334,      -9.647128282,      -9.702886687,      -13.46265949,      0.0157459358,     0.01058269843,      0.5488422305,                 0,                 0,                 0,   -0.003466721782,    -0.03729232418,       0.547676063,                 0,       51.86221963,     0.02184567846
          0,           0,         376,      -9.906823949,      -9.079161917,       -9.65465689,      -9.711084073,      -13.47292868,      0.0157459358,     0.01058261481,      0.5488253271,                 0,                 0,                 0,   -0.003469771844,    -0.03729093426,      0.5476592167,                 0,       51.86103218,     0.02184567846
          0,           0,         377,      -9.911158253,      -9.087852869,      -9.662187707,       -9.71926924,      -13.48318449,      0.0157459358,     0.01058253392,       0.548808699,                 0,                 0,                 0,   -0.003472770183,    -0.03728956561,      0.5476426448,                 0,       51.85985731,     0.02184567846
          0,           0,         378,      -9.915464513,      -9.096524964,      -9.669720584,      -9.727442214,      -13.49342672,      0.0157459358,     0.01058245569,       0.548792342,                 0,                 0,                 0,   -0.003475717653,    -0.03728821794,      0.5476263433,                 0,       51.85869502,     0.02184567846
          0,           0,         379,      -9.919743231,      -9.105178928,      -9.677255301,      -9.735603133,      -13.50365519,      0.0157459358,     0.01058238003,      0.5487762519,                 0,                 0,                 0,     -0.0034786151,    -0.03728689096,      0.5476103078,                 0,       51.85754533,     0.02184567846
          0,           0,         380,      -9.923994904,      -9.113815442,      -9.684791626,      -9.743752078,      -13.51386969,      0.0157459358,     0.01058230686,      0.5487604243,                 0,                 0,                 0,   -0.003481463362,    -0.03728558439,      0.5475945341,                 0,       51.85640822,     0.02184567846
          0,           0,         381,      -9.928219989,      -9.122435134,      -9.692329308,      -9.751888961,      -13.52406996,      0.0157459358,     0.01058223611,      0.5487448553,                 0,                 0,                 0,   -0.003484263263,    -0.03728429793,      0.5475790181,                 0,       51.85528366,     0.02184567846
          0,           0,         382,      -9.932418975,       -9.13103859,      -9.699868073,      -9.760013889,      -13.53425565,      0.0157459358,     0.01058216771,      0.5487295406,                 0,                 0,                 0,    -0.00348701562,    -0.03728303131,      0.5475637557,                 0,       51.85417163,     0.02184567846
          0,           0,         383,      -9.936592326,      -9.139626351,       -9.70740765,      -9.768126848,       -13.5444264,      0.0157459358,     0.01058210158,      0.5487144761,                 0,                 0,                 0,   -0.003489721239,    -0.03728178423,      0.5475487428,                 0,       51.85307209,     0.02184567846
          0,           0,         384,      -9.940740503,      -9.148198916,      -9.714947745,      -9.776227827,      -13.55458186,      0.0157459358,     0.01058203766,      0.5486996579,                 0,                 0,                 0,   -0.003492380917,    -0.03728055642,      0.5475339754,                 0,       51.85198499,     0.02184567846
          0,           0,         385,      -9.944863953,      -9.156756738,       -9.72248806,      -9.784316756,      -13.56472167,      0.0157459358,     0.01058197588,       0.548685082,                 0,                 0,                 0,   -0.003494995442,    -0.03727934759,      0.5475194496,                 0,       51.85091029,     0.02184567846
          0,           0,         386,      -9.948963127,      -9.165300234,      -9.730028309,      -9.792393637,      -13.57484519,      0.0157459358,     0.01058191617,      0.5486707443,                 0,                 0,                 0,   -0.003497565591,    -0.03727815746,      0.5475051613,                 0,       51.84984793,     0.02184567846
          0,           0,         387,       -9.95303846,      -9.173829779,      -9.737568181,      -9.800458348,      -13.58495161,      0.0157459358,     0.01058185848,      0.5486566411,                 0,                 0,                 0,   -0.003500092132,    -0.03727698575,      0.5474911066,                 0,       51.84879784,     0.02184567846
          0,           0,         388,      -9.957090385,      -9.182345712,      -9.745107331,      -9.808510812,      -13.59504005,      0.0157459358,     0.01058180274,      0.5486427683,                 0,                 0,                 0,   -0.003502575825,    -0.03727583219,      0.5474772818,                 0,       51.84775995,     0.02184567846
          0,           0,         389,      -9.961119334,      -9.190848333,      -9.752645409,      -9.816550967,       -13.6051096,      0.0157459358,      0.0105817489,      0.5486291223,                 0,                 0,                 0,   -0.003505017418,     -0.0372746965,       0.547463683,                 0,       51.84673419,     0.02184567846
          0,           0,         390,      -9.965125715,      -9.199337903,      -9.760182059,      -9.824578645,      -13.61515946,      0.0157459358,     0.01058169689,      0.5486156992,                 0,                 0,                 0,   -0.003507417649,    -0.03727357841,      0.5474503065,                 0,       51.84572048,     0.02184567846
          0,           0,         391,      -9.969109935,      -9.207814657,      -9.767716843,      -9.832593635,      -13.62518906,      0.0157459358,     0.01058164667,      0.5486024953,                 0,                 0,                 0,   -0.003509777245,    -0.03727247765,      0.5474371485,                 0,       51.84471875,     0.02184567846
          0,           0,         392,      -9.973072417,       -9.21627879,      -9.775249396,      -9.840595923,        -13.635198,      0.0157459358,     0.01058159818,       0.548589507,                 0,                 0,                 0,   -0.003512096922,    -0.03727139395,      0.5474242053,                 0,       51.84372889,     0.02184567846
          0,           0,         393,      -9.977013538,      -9.224730473,      -9.782779331,       -9.84858521,      -13.64518611,      0.0157459358,     0.01058155136,      0.5485767306,                 0,                 0,                 0,   -0.003514377384,    -0.03727032704,      0.5474114735,                 0,       51.84275081,     0.02184567846
          0,           0,         394,      -9.980933702,      -9.233169851,       -9.79030627,      -9.856561367,      -13.65515334,      0.0157459358,     0.01058150618,      0.5485641625,                 0,                 0,                 0,   -0.003516619325,    -0.03726927667,      0.5473989493,                 0,       51.84178443,     0.02184567846
          0,           0,         395,        -9.9848333,      -9.241597041,      -9.797829856,      -9.864524253,      -13.66509967,      0.0157459358,     0.01058146259,      0.5485517993,                 0,                 0,                 0,   -0.003518823428,    -0.03726824257,      0.5473866293,                 0,       51.84082964,     0.02184567846
          0,           0,         396,      -9.988712718,      -9.250012137,      -9.805349741,      -9.872473681,      -13.67502508,      0.0157459358,     0.01058142052,      0.5485396374,                 0,                 0,                 0,   -0.003520990365,     -0.0372672245,        0.54737451,                 0,       51.83988635,     0.02184567846
          0,           0,         397,      -9.992572339,       -9.25841521,      -9.812865584,      -9.880409494,      -13.68492944,      0.0157459358,     0.01058137996,      0.5485276734,                 0,                 0,                 0,     -0.0035231208,    -0.03726622218,       0.547362588,                 0,       51.83895444,     0.02184567846
          0,           0,         398,      -9.996412537,      -9.266806314,      -9.820377027,      -9.888331519,      -13.69479498,      0.0157459358,     0.01058134084,       0.548515904,                 0,                 0,                 0,   -0.003525215385,    -0.03726523539,        0.54735086,                 0,       51.83803381,     0.02184567846
          0,           0,         399,      -10.00023368,      -9.275185469,      -9.827883825,      -9.896239521,       -13.7046194,      0.0157459358,     0.01058130312,      0.5485043259,                 0,                 0,                 0,   -0.003527274764,    -0.03726426385,      0.5473393227,                 0,       51.83712437,     0.02184567846
          0,           0,         400,      -10.00403613,      -9.283552692,      -9.835385473,      -9.904133321,       -13.7144003,      0.0157459358,     0.01058126677,      0.5484929357,                 0,                 0,                 0,   -0.003529299574,    -0.03726330734,      0.5473279726,                 0,       51.83622599,     0.02184567846
          0,           0,         401,      -10.00782026,      -9.291907985,      -9.842881576,       -9.91201281,      -13.72413782,      0.0157459358,     0.01058123175,      0.5484817302,                 0,                 0,                 0,   -0.003531290439,    -0.03726236561,      0.5473168067,                 0,       51.83533859,     0.02184567846
          0,           0,         402,      -10.01158639,      -9.300251325,      -9.850371771,      -9.919877559,      -13.73383417,      0.0157459358,       0.010581198,      0.5484707062,                 0,                 0,                 0,   -0.003533247978,    -0.03726143843,      0.5473058218,                 0,       51.83446204,     0.02184567846
          0,           0,         403,      -10.01533489,      -9.308582673,      -9.857855656,      -9.927727465,      -13.74349234,      0.0157459358,      0.0105811655,      0.5484598606,                 0,                 0,                 0,   -0.003535172799,    -0.03726052555,      0.5472950146,                 0,       51.83359626,     0.02184567846
          0,           0,         404,      -10.01906606,      -9.316901972,      -9.865332816,      -9.935562088,      -13.75311669,      0.0157459358,     0.01058113421,      0.5484491903,                 0,                 0,                 0,   -0.003537065499,    -0.03725962674,      0.5472843822,                 0,       51.83274112,     0.02184567846
          0,           0,         405,      -10.02278026,      -9.325209162,      -9.872802818,      -9.943381262,      -13.76271317,      0.0157459358,     0.01058110409,      0.5484386922,                 0,                 0,                 0,   -0.003538926669,    -0.03725874178,      0.5472739214,                 0,       51.83189652,     0.02184567846
          0,           0,         406,       -10.0264778,       -9.33350416,      -9.880265238,      -9.951184711,      -13.77228846,      0.0157459358,      0.0105810751,      0.5484283633,                 0,                 0,                 0,   -0.003540756884,    -0.03725787043,      0.5472636293,                 0,       51.83106235,     0.02184567846
          0,           0,         407,      -10.03015904,      -9.341786882,      -9.887719527,      -9.958971758,      -13.78184853,      0.0157459358,     0.01058104721,      0.5484182007,                 0,                 0,                 0,   -0.003542556724,    -0.03725701248,      0.5472535029,                 0,        51.8302385,     0.02184567846
          0,           0,         408,      -10.03382423,      -9.350057244,      -9.895165421,      -9.966743008,      -13.79139747,      0.0157459358,     0.01058102039,      0.5484082013,                 0,                 0,                 0,   -0.003544326741,     -0.0372561677,      0.5472435393,                 0,       51.82942487,     0.02184567846
          0,           0,         409,      -10.03747371,      -9.358315135,      -9.902602533,      -9.974497584,      -13.80093681,      0.0157459358,      0.0105809946,      0.5483983625,                 0,                 0,                 0,   -0.003546067489,    -0.03725533588,      0.5472337356,                 0,       51.82862132,     0.02184567846
          0,           0,         410,      -10.04110779,       -9.36656045,      -9.910030391,      -9.982235245,      -13.81046551,      0.0157459358,     0.01058096982,      0.5483886813,                 0,                 0,                 0,   -0.003547779506,     -0.0372545168,      0.5472240891,                 0,       51.82782777,     0.02184567846
          0,           0,         411,      -10.04472679,      -9.374793088,      -9.917448561,      -9.989955971,      -13.81998063,      0.0157459358,       0.010580946,      0.5483791549,                 0,                 0,                 0,   -0.003549463324,    -0.03725371025,      0.5472145969,                 0,       51.82704408,     0.02184567846
          0,           0,         412,      -10.04833098,      -9.383012936,      -9.924856731,      -9.997659329,      -13.82947823,      0.0157459358,     0.01058092313,      0.5483697807,                 0,                 0,                 0,   -0.003551119463,    -0.03725291601,      0.5472052564,                 0,       51.82627015,     0.02184567846
          0,           0,         413,      -10.05192068,       -9.39121988,      -9.932254572,      -10.00534514,      -13.83895426,      0.0157459358,     0.01058090118,       0.548360556,                 0,                 0,                 0,   -0.003552748436,     -0.0372521339,      0.5471960648,                 0,       51.82550586,     0.02184567846
          0,           0,         414,      -10.05549616,      -9.399413802,      -9.939641744,      -10.01301311,      -13.84840515,      0.0157459358,     0.01058088011,       0.548351478,                 0,                 0,                 0,   -0.003554350742,    -0.03725136369,      0.5471870196,                 0,        51.8247511,     0.02163505446
          0,           0,         415,      -10.05905772,      -9.407594587,      -9.947017973,      -10.02066304,      -13.85782814,      0.0157459358,      0.0105808599,      0.5483425444,                 0,                 0,                 0,   -0.003555926877,     -0.0372506052,      0.5471781181,                 0,       51.82400576,     0.02163505446
          0,           0,         416,      -10.06260564,      -9.415762114,      -9.954382971,       -10.0282947,      -13.86722129,      0.0157459358,     0.01058084052,      0.5483337524,                 0,                 0,                 0,   -0.003557477321,    -0.03724985823,      0.5471693579,                 0,       51.82326972,     0.02163505446
          0,           0,         417,       -10.0661402,      -9.423916275,       -9.96173644,      -10.03590795,      -13.87658309,      0.0157459358,     0.01058082196,      0.5483250996,                 0,                 0,                 0,    -0.00355900255,    -0.03724912258,      0.5471607364,                 0,       51.82254287,     0.02163505446
          0,           0,         418,      -10.06966167,      -9.432056938,      -9.969078157,      -10.04350242,      -13.88591222,      0.0157459358,     0.01058080418,      0.5483165835,                 0,                 0,                 0,    -0.00356050303,    -0.03724839807,      0.5471522512,                 0,        51.8218251,     0.02163505446
          0,           0,         419,      -10.07317033,      -9.440184002,      -9.976407847,      -10.05107811,      -13.89520734,      0.0157459358,     0.01058078716,      0.5483082018,                 0,                 0,                 0,   -0.003561979216,    -0.03724768451,      0.5471438999,                 0,        51.8211163,     0.02163505446
          0,           0,         420,      -10.07666643,      -9.448297342,      -9.983725289,      -10.05863462,      -13.90446722,      0.0157459358,     0.01058077087,       0.548299952,                 0,                 0,                 0,   -0.003563431557,    -0.03724698172,      0.5471356801,                 0,       51.82041636,     0.02163505446
          0,           0,         421,      -10.08015025,      -9.456396844,      -9.991030261,      -10.06617191,      -13.91369077,      0.0157459358,      0.0105807553,      0.5482918319,                 0,                 0,                 0,   -0.003564860493,    -0.03724628952,      0.5471275896,                 0,       51.81972517,     0.02163505446
          0,           0,         422,      -10.08362203,      -9.464482398,       -9.99832254,      -10.07368973,      -13.92287709,      0.0157459358,     0.01058074043,      0.5482838392,                 0,                 0,                 0,   -0.003566266454,    -0.03724560772,      0.5471196259,                 0,       51.81904261,     0.02163505446
          0,           0,         423,      -10.08708203,      -9.472553891,      -10.00560196,      -10.08118796,      -13.93202543,      0.0157459358,     0.01058072622,      0.5482759715,                 0,                 0,                 0,   -0.003567649864,    -0.03724493616,       0.547111787,                 0,        51.8183686,     0.02163505446
          0,           0,         424,       -10.0905305,       -9.48061121,       -10.0128683,      -10.08866644,      -13.94113524,      0.0157459358,     0.01058071267,      0.5482682268,                 0,                 0,                 0,   -0.003569011137,    -0.03724427467,      0.5471040706,                 0,         51.817703,     0.02163505446
          0,           0,         425,      -10.09396767,      -9.488654247,      -10.02012138,      -10.09612488,      -13.95020624,      0.0157459358,     0.01058069975,      0.5482606029,                 0,                 0,                 0,   -0.003570350679,    -0.03724362307,      0.5470964745,                 0,       51.81704573,     0.02163505446
          0,           0,         426,      -10.09739379,      -9.496682893,      -10.02736104,       -10.1035632,      -13.95923805,      0.0157459358,     0.01058068744,      0.5482530976,                 0,                 0,                 0,   -0.003571668889,     -0.0372429812,      0.5470889967,                 0,       51.81639667,     0.02163505446
          0,           0,         427,      -10.10080909,      -9.504697046,      -10.03458711,      -10.11098127,      -13.96823062,      0.0157459358,     0.01058067573,      0.5482457089,                 0,                 0,                 0,   -0.003572966157,     -0.0372423489,      0.5470816351,                 0,       51.81575573,     0.02163505446
          0,           0,         428,      -10.10421379,      -9.512696607,      -10.04179952,      -10.11837883,      -13.97718402,      0.0157459358,     0.01058066458,      0.5482384347,                 0,                 0,                 0,   -0.003574242865,    -0.03724172601,      0.5470743876,                 0,       51.81512279,     0.02163505446
          0,           0,         429,      -10.10760814,      -9.520681476,      -10.04899809,      -10.12575598,      -13.98609836,      0.0157459358,       0.010580654,       0.548231273,                 0,                 0,                 0,   -0.003575499389,    -0.03724111238,      0.5470672522,                 0,       51.81449776,     0.02163505446
          0,           0,         430,      -10.11099234,      -9.528651559,      -10.05618273,      -10.13311241,      -13.99497374,      0.0157459358,     0.01058064396,      0.5482242219,                 0,                 0,                 0,   -0.003576736096,    -0.03724050784,      0.5470602271,                 0,       51.81388054,     0.02163505446
          0,           0,         431,      -10.11436661,      -9.536606771,      -10.06335336,      -10.14044805,       -14.0038103,      0.0157459358,     0.01058063443,      0.5482172794,                 0,                 0,                 0,   -0.003577953347,    -0.03723991225,      0.5470533102,                 0,       51.81327103,     0.02163505446
          0,           0,         432,      -10.11773118,      -9.544547018,      -10.07050988,      -10.14776281,      -14.01260828,      0.0157459358,     0.01058062541,      0.5482104437,                 0,                 0,                 0,   -0.003579151497,    -0.03723932547,      0.5470464998,                 0,       51.81266913,     0.02163505446
          0,           0,         433,      -10.12108624,      -9.552472211,      -10.07765221,      -10.15505648,      -14.02136787,      0.0157459358,     0.01058061689,      0.5482037129,                 0,                 0,                 0,   -0.003580330894,    -0.03723874733,      0.5470397938,                 0,       51.81207474,     0.02163505446
          0,           0,         434,        -10.124432,      -9.560382275,      -10.08478024,      -10.16232908,      -14.03008925,      0.0157459358,     0.01058060883,      0.5481970852,                 0,                 0,                 0,   -0.003581491876,    -0.03723817771,      0.5470331906,                 0,       51.81148778,     0.02163505446
          0,           0,         435,      -10.12776866,      -9.568277129,      -10.09189393,      -10.16958038,      -14.03877248,      0.0157459358,     0.01058060123,      0.5481905588,                 0,                 0,                 0,   -0.003582634778,    -0.03723761646,      0.5470266883,                 0,       51.81090815,     0.02163505446
          0,           0,         436,      -10.13109642,      -9.576156693,       -10.0989931,      -10.17681038,       -14.0474175,      0.0157459358,     0.01058059408,      0.5481841319,                 0,                 0,                 0,   -0.003583759925,    -0.03723706345,      0.5470202853,                 0,       51.81033575,     0.02163505446
          0,           0,         437,      -10.13441548,      -9.584020894,      -10.10607778,      -10.18401893,      -14.05602418,      0.0157459358,     0.01058058736,      0.5481778028,                 0,                 0,                 0,   -0.003584867637,    -0.03723651853,      0.5470139797,                 0,        51.8097705,     0.02163505446
          0,           0,         438,      -10.13772599,       -9.59186967,      -10.11314785,      -10.19120582,      -14.06459225,      0.0157459358,     0.01058058105,      0.5481715698,                 0,                 0,                 0,   -0.003585958223,    -0.03723598158,      0.5470077699,                 0,       51.80921229,     0.02163505446
          0,           0,         439,      -10.14102818,      -9.599702947,      -10.12020335,      -10.19837119,      -14.07312137,      0.0157459358,     0.01058057515,      0.5481654314,                 0,                 0,                 0,    -0.00358703199,    -0.03723545246,      0.5470016543,                 0,       51.80866105,     0.02163505446
          0,           0,         440,      -10.14432221,      -9.607520676,      -10.12724428,      -10.20551492,      -14.08161114,      0.0157459358,     0.01058056963,      0.5481593858,                 0,                 0,                 0,   -0.003588089233,    -0.03723493105,      0.5469956313,                 0,       51.80811667,     0.02163505446
          0,           0,         441,      -10.14760826,      -9.615322808,      -10.13427072,      -10.21263694,      -14.09006106,      0.0157459358,     0.01058056449,      0.5481534316,                 0,                 0,                 0,   -0.003589130244,    -0.03723441722,      0.5469896992,                 0,       51.80757907,     0.02163505446
          0,           0,         442,      -10.15088651,      -9.623109299,      -10.14128276,      -10.21973728,      -14.09847059,      0.0157459358,     0.01058055972,      0.5481475671,                 0,                 0,                 0,   -0.003590155308,    -0.03723391085,      0.5469838567,                 0,       51.80704816,     0.02163505446
          0,           0,         443,      -10.15415715,      -9.630880113,      -10.14828052,        -10.226816,      -14.10683925,      0.0157459358,     0.01058055531,      0.5481417909,                 0,                 0,                 0,   -0.003591164703,    -0.03723341182,       0.546978102,                 0,       51.80652386,     0.02163505446
          0,           0,         444,      -10.15742033,      -9.638635211,      -10.15526412,      -10.23387314,      -14.11516665,      0.0157459358,     0.01058055123,      0.5481361014,                 0,                 0,                 0,   -0.003592158702,       -0.03723292,      0.5469724339,                 0,       51.80600607,     0.02163505446
          0,           0,         445,      -10.16067624,      -9.646374571,      -10.16223368,      -10.24090863,      -14.12345257,      0.0157459358,     0.01058054749,      0.5481304973,                 0,                 0,                 0,   -0.003593137572,     -0.0372324353,      0.5469668507,                 0,       51.80549472,     0.02163505446
          0,           0,         446,      -10.16392502,      -9.654098166,      -10.16918934,       -10.2479226,      -14.13169687,      0.0157459358,     0.01058054407,       0.548124977,                 0,                 0,                 0,   -0.003594101576,    -0.03723195758,      0.5469613512,                 0,       51.80498972,     0.02163505446
          0,           0,         447,      -10.16716685,      -9.661805974,      -10.17613119,      -10.25491494,      -14.13989963,      0.0157459358,     0.01058054097,      0.5481195393,                 0,                 0,                 0,   -0.003595050971,    -0.03723148675,      0.5469559338,                 0,         51.804491,     0.02163505446
          0,           0,         448,      -10.17040187,       -9.66949798,      -10.18305938,      -10.26188583,      -14.14806111,      0.0157459358,     0.01058053816,      0.5481141826,                 0,                 0,                 0,   -0.003595986008,    -0.03723102268,      0.5469505973,                 0,       51.80399848,     0.02163505446
          0,           0,         449,      -10.17363024,      -9.677174155,      -10.18997401,      -10.26883521,      -14.15618173,      0.0157459358,     0.01058053564,      0.5481089057,                 0,                 0,                 0,   -0.003596906934,    -0.03723056528,      0.5469453403,                 0,       51.80351207,     0.02163505446
          0,           0,         450,      -10.17685211,      -9.684834501,      -10.19687519,        -10.275763,      -14.16426206,      0.0157459358,      0.0105805334,      0.5481037073,                 0,                 0,                 0,   -0.003597813991,    -0.03723011444,      0.5469401615,                 0,        51.8030317,     0.02163505446
          0,           0,         451,      -10.18006761,      -9.692478995,      -10.20376304,      -10.28266939,      -14.17230268,      0.0157459358,     0.01058053144,      0.5480985861,                 0,                 0,                 0,   -0.003598707416,    -0.03722967005,      0.5469350596,                 0,        51.8025573,     0.02163505446
          0,           0,         452,       -10.1832769,      -9.700107645,      -10.21063766,      -10.28955429,      -14.18030411,      0.0157459358,     0.01058052973,      0.5480935407,                 0,                 0,                 0,   -0.003599587441,    -0.03722923201,      0.5469300333,                 0,        51.8020888,     0.02163505446
          0,           0,         453,      -10.18648011,      -9.707720435,      -10.21749914,      -10.29641778,      -14.18826681,      0.0157459358,     0.01058052828,        0.54808857,                 0,                 0,                 0,   -0.003600454293,    -0.03722880024,      0.5469250814,                 0,       51.80162611,     0.02163505446
          0,           0,         454,      -10.18967737,      -9.715317373,      -10.22434765,      -10.30325986,      -14.19619109,      0.0157459358,     0.01058052707,      0.5480836728,                 0,                 0,                 0,   -0.003601308194,    -0.03722837462,      0.5469202026,                 0,       51.80116917,     0.02163505446
          0,           0,         455,      -10.19286882,      -9.722898466,      -10.23118329,       -10.3100805,       -14.2040857,      0.0157459358,      0.0105805261,      0.5480788477,                 0,                 0,                 0,   -0.003602149363,    -0.03722795506,      0.5469153959,                 0,       51.80071791,     0.02163505446
          0,           0,         456,      -10.19605459,      -9.730463744,      -10.23800614,      -10.31688013,      -14.21195131,      0.0157459358,     0.01058052535,      0.5480740938,                 0,                 0,                 0,    -0.00360297801,    -0.03722754147,      0.5469106599,                 0,       51.80027225,     0.02163505446
          0,           0,         457,       -10.1992348,      -9.738013246,      -10.24481638,       -10.3236584,      -14.21978255,      0.0157459358,     0.01058052482,      0.5480694098,                 0,                 0,                 0,   -0.003603794346,    -0.03722713375,      0.5469059937,                 0,       51.79983213,     0.02163505446
          0,           0,         458,      -10.20240959,      -9.745546978,       -10.2516143,      -10.33041558,      -14.22757736,      0.0157459358,     0.01058052451,      0.5480647945,                 0,                 0,                 0,   -0.003604598575,    -0.03722673182,       0.546901396,                 0,       51.79939748,     0.02163505446
          0,           0,         459,      -10.20557907,      -9.753064955,      -10.25840012,      -10.33715155,      -14.23533191,      0.0157459358,     0.01058052439,       0.548060247,                 0,                 0,                 0,   -0.003605390898,    -0.03722633559,      0.5468968658,                 0,       51.79896824,     0.02163505446
          0,           0,         460,      -10.20874335,      -9.760567208,      -10.26517391,      -10.34386652,      -14.24304438,      0.0157459358,     0.01058052448,      0.5480557661,                 0,                 0,                 0,    -0.00360617151,    -0.03722594497,      0.5468924019,                 0,       51.79854433,     0.02163505446
          0,           0,         461,      -10.21190256,      -9.768053776,      -10.27193592,      -10.35056049,      -14.25071515,      0.0157459358,     0.01058052475,      0.5480513507,                 0,                 0,                 0,   -0.003606940603,    -0.03722555988,      0.5468880033,                 0,       51.79812569,     0.02163505446
          0,           0,         462,      -10.21505682,      -9.775524703,       -10.2786862,      -10.35723382,      -14.25834579,      0.0157459358,      0.0105805252,      0.5480469998,                 0,                 0,                 0,   -0.003607698365,    -0.03722518022,      0.5468836691,                 0,       51.79771226,     0.02163505446
          0,           0,         463,      -10.21820622,      -9.782980038,      -10.28542504,      -10.36388613,      -14.26593813,      0.0157459358,     0.01058052583,      0.5480427125,                 0,                 0,                 0,    -0.00360844498,    -0.03722480593,      0.5468793981,                 0,       51.79730397,     0.02163505446
          0,           0,         464,      -10.22135089,      -9.790419829,      -10.29215259,      -10.37051802,      -14.27349382,      0.0157459358,     0.01058052662,      0.5480384876,                 0,                 0,                 0,   -0.003609180628,    -0.03722443692,      0.5468751894,                 0,       51.79690076,     0.02163505446
          0,           0,         465,      -10.22449092,      -9.797844146,      -10.29886913,      -10.37712913,      -14.28101418,      0.0157459358,     0.01058052758,      0.5480343243,                 0,                 0,                 0,   -0.003609905485,     -0.0372240731,      0.5468710419,                 0,       51.79650257,     0.02163505446
          0,           0,         466,      -10.22762644,      -9.805253039,      -10.30557489,      -10.38372013,      -14.28850019,      0.0157459358,      0.0105805287,      0.5480302215,                 0,                 0,                 0,   -0.003610619723,    -0.03722371441,      0.5468669549,                 0,       51.79610935,     0.02163505446
          0,           0,         467,      -10.23075753,       -9.81264659,      -10.31227008,      -10.39029049,      -14.29595265,      0.0157459358,     0.01058052997,      0.5480261783,                 0,                 0,                 0,   -0.003611323512,    -0.03722336076,      0.5468629272,                 0,       51.79572102,     0.02163505446
          0,           0,         468,       -10.2338843,      -9.820024864,      -10.31895493,      -10.39684087,       -14.3033723,      0.0157459358,     0.01058053138,      0.5480221938,                 0,                 0,                 0,   -0.003612017019,    -0.03722301208,       0.546858958,                 0,       51.79533753,     0.02163505446
          0,           0,         469,      -10.23700685,      -9.827387946,      -10.32562971,       -10.4033711,      -14.31075987,      0.0157459358,     0.01058053292,      0.5480182671,                 0,                 0,                 0,   -0.003612700405,    -0.03722266831,      0.5468550463,                 0,       51.79495882,     0.02163505446
          0,           0,         470,      -10.24012527,      -9.834735919,       -10.3322946,      -10.40988151,      -14.31811611,      0.0157459358,     0.01058053461,      0.5480143973,                 0,                 0,                 0,    -0.00361337383,    -0.03722232935,      0.5468511914,                 0,       51.79458484,     0.02163505446
          0,           0,         471,      -10.24323966,      -9.842068878,      -10.33894988,      -10.41637206,      -14.32544176,      0.0157459358,     0.01058053642,      0.5480105835,                 0,                 0,                 0,   -0.003614037451,    -0.03722199516,      0.5468473923,                 0,       51.79421552,     0.02163505446
          0,           0,         472,      -10.24635011,      -9.849386896,      -10.34559582,      -10.42284279,      -14.33273748,      0.0157459358,     0.01058053835,      0.5480068249,                 0,                 0,                 0,   -0.003614691421,    -0.03722166565,      0.5468436481,                 0,       51.79385082,     0.02163505446
          0,           0,         473,      -10.24945669,      -9.856690078,      -10.35223256,      -10.42929391,      -14.34000395,      0.0157459358,      0.0105805404,      0.5480031206,                 0,                 0,                 0,   -0.003615335889,    -0.03722134075,      0.5468399581,                 0,       51.79349068,     0.02163505446
          0,           0,         474,      -10.25255953,      -9.863978532,      -10.35886037,      -10.43572583,      -14.34724185,      0.0157459358,     0.01058054256,      0.5479994698,                 0,                 0,                 0,   -0.003615971005,    -0.03722102041,      0.5468363214,                 0,       51.79313505,     0.02163505446
          0,           0,         475,      -10.25565867,      -9.871252342,      -10.36547946,      -10.44213838,      -14.35445194,      0.0157459358,     0.01058054483,      0.5479958717,                 0,                 0,                 0,   -0.003616596911,    -0.03722070456,      0.5468327372,                 0,       51.79278387,     0.02163505446
          0,           0,         476,      -10.25875422,      -9.878511634,      -10.37209012,      -10.44853138,      -14.36163498,      0.0157459358,      0.0105805472,      0.5479923255,                 0,                 0,                 0,    -0.00361721375,    -0.03722039312,      0.5468292047,                 0,       51.79243709,     0.02163505446
          0,           0,         477,      -10.26184625,      -9.885756509,      -10.37869253,      -10.45490573,      -14.36879177,      0.0157459358,     0.01058054968,      0.5479888304,                 0,                 0,                 0,   -0.003617821661,    -0.03722008604,      0.5468257231,                 0,       51.79209466,     0.02163505446
          0,           0,         478,      -10.26493484,      -9.892987085,      -10.38528697,      -10.46126102,      -14.37592302,      0.0157459358,     0.01058055224,      0.5479853857,                 0,                 0,                 0,   -0.003618420781,    -0.03721978326,      0.5468222917,                 0,       51.79175653,     0.02163505446
          0,           0,         479,      -10.26802006,      -9.900203495,      -10.39187361,      -10.46759737,       -14.3830294,      0.0157459358,      0.0105805549,      0.5479819905,                 0,                 0,                 0,   -0.003619011244,    -0.03721948471,      0.5468189097,                 0,       51.79142265,     0.02163505446
          0,           0,         480,      -10.27110201,      -9.907405837,      -10.39845271,      -10.47391525,      -14.39011151,      0.0157459358,     0.01058055764,      0.5479786442,                 0,                 0,                 0,   -0.003619593181,    -0.03721919033,      0.5468155764,                 0,       51.79109297,     0.02163505446
          0,           0,         481,      -10.27418074,       -9.91459426,      -10.40502447,      -10.48021425,      -14.39716997,      0.0157459358,     0.01058056046,      0.5479753461,                 0,                 0,                 0,    -0.00362016672,    -0.03721890006,      0.5468122911,                 0,       51.79076744,     0.02163505446
          0,           0,         482,      -10.27725633,      -9.921768883,      -10.41158916,      -10.48649484,      -14.40420544,      0.0157459358,     0.01058056336,      0.5479720954,                 0,                 0,                 0,    -0.00362073199,    -0.03721861386,       0.546809053,                 0,       51.79044601,     0.02163505446
          0,           0,         483,      -10.28032886,      -9.928929833,      -10.41814695,        -10.492757,      -14.41121862,      0.0157459358,     0.01058056633,      0.5479688913,                 0,                 0,                 0,   -0.003621289113,    -0.03721833165,      0.5468058614,                 0,       51.79012864,     0.02163505446
          0,           0,         484,      -10.28339838,       -9.93607726,       -10.4246981,      -10.49900129,      -14.41821027,      0.0157459358,     0.01058056937,      0.5479657334,                 0,                 0,                 0,   -0.003621838213,    -0.03721805338,      0.5468027157,                 0,       51.78981527,     0.02163505446
          0,           0,         485,      -10.28646496,        -9.9432113,      -10.43124285,      -10.50522721,      -14.42518113,      0.0157459358,     0.01058057248,      0.5479626207,                 0,                 0,                 0,   -0.003622379408,      -0.037217779,      0.5467996152,                 0,       51.78950587,     0.02163505446
          0,           0,         486,      -10.28952868,      -9.950332102,      -10.43778137,      -10.51143523,      -14.43213191,      0.0157459358,     0.01058057565,      0.5479595528,                 0,                 0,                 0,   -0.003622912817,    -0.03721750845,      0.5467965592,                 0,       51.78920039,     0.02163505446
          0,           0,         487,      -10.29258958,      -9.957439799,      -10.44431391,      -10.51762504,      -14.43906334,      0.0157459358,     0.01058057889,      0.5479565289,                 0,                 0,                 0,   -0.003623438555,    -0.03721724168,       0.546793547,                 0,       51.78889877,     0.02163505446
          0,           0,         488,      -10.29564775,      -9.964534547,      -10.45084069,      -10.52379742,      -14.44597613,      0.0157459358,     0.01058058217,      0.5479535483,                 0,                 0,                 0,   -0.003623956735,    -0.03721697863,      0.5467905781,                 0,       51.78860099,     0.02163505446
          0,           0,         489,      -10.29870323,      -9.971616492,      -10.45736187,       -10.5299519,      -14.45287098,      0.0157459358,     0.01058058551,      0.5479506106,                 0,                 0,                 0,    -0.00362446747,    -0.03721671926,      0.5467876518,                 0,       51.78830698,     0.02163505446
          0,           0,         490,      -10.30175609,        -9.9786858,       -10.4638777,      -10.53608919,       -14.4597486,      0.0157459358,      0.0105805889,      0.5479477149,                 0,                 0,                 0,   -0.003624970868,    -0.03721646352,      0.5467847675,                 0,       51.78801672,     0.02163505446
          0,           0,         491,      -10.30480638,      -9.985742614,      -10.47038842,      -10.54220869,      -14.46660966,      0.0157459358,     0.01058059234,      0.5479448608,                 0,                 0,                 0,   -0.003625467037,    -0.03721621134,      0.5467819246,                 0,       51.78773015,     0.02163505446
          0,           0,         492,      -10.30785416,      -9.992787089,      -10.47689422,      -10.54831091,      -14.47345482,      0.0157459358,     0.01058059582,      0.5479420477,                 0,                 0,                 0,   -0.003625956083,    -0.03721596269,      0.5467791224,                 0,       51.78744724,     0.02163505446
          0,           0,         493,      -10.31089947,      -9.999819406,      -10.48339529,       -10.5543957,      -14.48028468,      0.0157459358,     0.01058059934,      0.5479392748,                 0,                 0,                 0,    -0.00362643811,    -0.03721571752,      0.5467763605,                 0,       51.78716794,     0.02163505446
          0,           0,         494,      -10.31394241,      -10.00683971,      -10.48989181,      -10.56046382,      -14.48709977,      0.0157459358,      0.0105806029,      0.5479365418,                 0,                 0,                 0,   -0.003626913219,    -0.03721547577,      0.5467736381,                 0,       51.78689221,     0.02163505446
          0,           0,         495,      -10.31698297,      -10.01384815,      -10.49638403,      -10.56651438,      -14.49390058,      0.0157459358,     0.01058060649,      0.5479338479,                 0,                 0,                 0,   -0.003627381512,     -0.0372152374,      0.5467709548,                 0,       51.78662001,     0.02163505446
          0,           0,         496,      -10.32002124,      -10.02084492,      -10.50287212,      -10.57254819,      -14.50068756,      0.0157459358,     0.01058061012,      0.5479311926,                 0,                 0,                 0,   -0.003627843086,    -0.03721500236,        0.54676831,                 0,        51.7863513,     0.02163505446
          0,           0,         497,      -10.32305726,      -10.02783017,      -10.50935628,      -10.57856502,      -14.50746124,      0.0157459358,     0.01058061378,      0.5479285755,                 0,                 0,                 0,    -0.00362829804,    -0.03721477062,      0.5467657031,                 0,       51.78608604,     0.02163505446
          0,           0,         498,      -10.32609108,      -10.03480407,      -10.51583669,       -10.5845651,      -14.51422226,      0.0157459358,     0.01058061747,      0.5479259958,                 0,                 0,                 0,   -0.003628746467,    -0.03721454211,      0.5467631335,                 0,       51.78582418,     0.02163505446
          0,           0,         499,      -10.32912275,      -10.04176678,      -10.52231353,      -10.59054827,      -14.52097135,      0.0157459358,     0.01058062118,      0.5479234531,                 0,                 0,                 0,   -0.003629188463,    -0.03721431681,      0.5467606009,                 0,        51.7855657,     0.02163505446
          0,           0,         500,      -10.33215231,      -10.04871847,        -10.528787,      -10.59651505,      -14.52770938,      0.0157459358,     0.01058062491,       0.547920947,                 0,                 0,                 0,   -0.003629624119,    -0.03721409466,      0.5467581046,                 0,       51.78531055,     0.02163505446
          0,           0,         501,      -10.33517981,      -10.05565933,      -10.53525727,      -10.60246504,      -14.53443726,      0.0157459358,     0.01058062867,      0.5479184767,                 0,                 0,                 0,   -0.003630053526,    -0.03721387562,       0.546755644,                 0,        51.7850587,     0.02163505446
          0,           0,         502,      -10.33820528,      -10.06258949,      -10.54172451,       -10.6083985,      -14.54115589,      0.0157459358,     0.01058063245,      0.5479160419,                 0,                 0,                 0,   -0.003630476773,    -0.03721365965,      0.5467532188,                 0,        51.7848101,     0.02163505446
          0,           0,         503,      -10.34122879,      -10.06950915,      -10.54818892,       -10.6143159,      -14.54786612,      0.0157459358,     0.01058063624,      0.5479136421,                 0,                 0,                 0,   -0.003630893947,    -0.03721344671,      0.5467508284,                 0,       51.78456472,     0.02163505446
          0,           0,         504,      -10.34425035,      -10.07641847,      -10.55465069,      -10.62021646,      -14.55456864,      0.0157459358,     0.01058064005,      0.5479112766,                 0,                 0,                 0,   -0.003631305137,    -0.03721323676,      0.5467484724,                 0,       51.78432252,     0.02163505446
          0,           0,         505,      -10.34727004,      -10.08331761,       -10.5611099,      -10.62610101,      -14.56126396,      0.0157459358,     0.01058064387,      0.5479089452,                 0,                 0,                 0,   -0.003631710425,    -0.03721302975,      0.5467461501,                 0,       51.78408346,     0.02163505446
          0,           0,         506,      -10.35028785,      -10.09020676,      -10.56756677,      -10.63196903,      -14.56795245,      0.0157459358,      0.0105806477,      0.5479066472,                 0,                 0,                 0,   -0.003632109897,    -0.03721282565,      0.5467438612,                 0,       51.78384752,     0.02163505446
          0,           0,         507,      -10.35330386,      -10.09708607,      -10.57402145,      -10.63782104,      -14.57463428,      0.0157459358,     0.01058065154,      0.5479043823,                 0,                 0,                 0,   -0.003632503634,    -0.03721262442,      0.5467416052,                 0,       51.78361464,     0.02163505446
          0,           0,         508,      -10.35631809,      -10.10395571,      -10.58047409,      -10.64365633,       -14.5813095,      0.0157459358,      0.0105806554,      0.5479021498,                 0,                 0,                 0,   -0.003632891717,    -0.03721242602,      0.5467393816,                 0,       51.78338481,     0.02163505446
          0,           0,         509,      -10.35933058,      -10.11081586,      -10.58692482,      -10.64947611,       -14.5879781,      0.0157459358,     0.01058065925,      0.5478999495,                 0,                 0,                 0,   -0.003633274226,     -0.0372122304,        0.54673719,                 0,       51.78315797,     0.02163505446
          0,           0,         510,      -10.36234138,      -10.11766666,      -10.59337385,      -10.65527973,      -14.59464003,      0.0157459358,     0.01058066311,      0.5478977808,                 0,                 0,                 0,    -0.00363365124,    -0.03721203754,      0.5467350299,                 0,       51.78293411,     0.02163505446
          0,           0,         511,      -10.36535051,      -10.12450829,      -10.59982125,       -10.6610671,      -14.60129523,      0.0157459358,     0.01058066698,      0.5478956433,                 0,                 0,                 0,   -0.003634022837,    -0.03721184739,      0.5467329009,                 0,       51.78271317,     0.02163505446
          0,           0,         512,        -10.368358,      -10.13134092,      -10.60626719,      -10.66683827,      -14.60794372,      0.0157459358,     0.01058067084,      0.5478935366,                 0,                 0,                 0,   -0.003634389091,    -0.03721165993,      0.5467308025,                 0,       51.78249514,     0.02163505446
          0,           0,         513,      -10.37136389,       -10.1381647,      -10.61271175,      -10.67259356,      -14.61458554,      0.0157459358,     0.01058067471,      0.5478914601,                 0,                 0,                 0,    -0.00363475008,     -0.0372114751,      0.5467287343,                 0,       51.78227997,     0.02163505446
          0,           0,         514,      -10.37436822,       -10.1449798,      -10.61915511,      -10.67833292,      -14.62122084,      0.0157459358,     0.01058067858,      0.5478894136,                 0,                 0,                 0,   -0.003635105875,    -0.03721129289,      0.5467266959,                 0,       51.78206763,     0.02163505446
          0,           0,         515,      -10.37737102,      -10.15178637,      -10.62559732,      -10.68405611,      -14.62784978,      0.0157459358,     0.01058068244,      0.5478873966,                 0,                 0,                 0,   -0.003635456551,    -0.03721111324,      0.5467246868,                 0,        51.7818581,     0.02163505446
          0,           0,         516,      -10.38037232,      -10.15858456,      -10.63203857,      -10.68976349,      -14.63447262,      0.0157459358,      0.0105806863,      0.5478854086,                 0,                 0,                 0,   -0.003635802178,    -0.03721093614,      0.5467227068,                 0,       51.78165133,     0.02163505446
          0,           0,         517,      -10.38337214,      -10.16537455,       -10.6384789,      -10.69545485,      -14.64108962,      0.0157459358,     0.01058069015,      0.5478834493,                 0,                 0,                 0,   -0.003636142829,    -0.03721076153,      0.5467207553,                 0,       51.78144729,     0.02163505446
          0,           0,         518,      -10.38637053,      -10.17215648,      -10.64491843,      -10.70113009,      -14.64770107,      0.0157459358,       0.010580694,      0.5478815182,                 0,                 0,                 0,   -0.003636478572,     -0.0372105894,      0.5467188319,                 0,       51.78124596,     0.02163505446
          0,           0,         519,      -10.38936751,       -10.1789305,      -10.65135726,      -10.70678924,       -14.6543073,      0.0157459358,     0.01058069784,       0.547879615,                 0,                 0,                 0,   -0.003636809475,     -0.0372104197,      0.5467169363,                 0,       51.78104729,     0.02163505446
          0,           0,         520,      -10.39236312,      -10.18569675,      -10.65779553,      -10.71243309,      -14.66090859,      0.0157459358,     0.01058070167,      0.5478777393,                 0,                 0,                 0,   -0.003637135608,     -0.0372102524,       0.546715068,                 0,       51.78085127,     0.02163505446
          0,           0,         521,      -10.39535737,      -10.19245538,      -10.66423324,       -10.7180601,      -14.66750524,      0.0157459358,     0.01058070549,      0.5478758907,                 0,                 0,                 0,   -0.003637457035,    -0.03721008748,      0.5467132268,                 0,       51.78065785,     0.02163505446
          0,           0,         522,      -10.39835029,      -10.19920655,      -10.67067051,      -10.72367119,      -14.67409753,      0.0157459358,      0.0105807093,      0.5478740688,                 0,                 0,                 0,   -0.003637773824,     -0.0372099249,      0.5467114122,                 0,       51.78046702,     0.02163505446
          0,           0,         523,      -10.40134191,       -10.2059504,      -10.67710743,      -10.72926667,       -14.6806857,      0.0157459358,      0.0105807131,      0.5478722733,                 0,                 0,                 0,   -0.003638086038,    -0.03720976462,      0.5467096238,                 0,       51.78027873,     0.02163505446
          0,           0,         524,      -10.40433229,      -10.21268705,      -10.68354411,      -10.73484623,      -14.68726997,      0.0157459358,     0.01058071688,      0.5478705037,                 0,                 0,                 0,   -0.003638393742,    -0.03720960662,      0.5467078613,                 0,       51.78009296,     0.02163505446
          0,           0,         525,      -10.40732139,      -10.21941664,      -10.68998047,      -10.74040882,      -14.69385052,      0.0157459358,     0.01058072065,      0.5478687598,                 0,                 0,                 0,   -0.003638696998,    -0.03720945087,      0.5467061243,                 0,       51.77990967,     0.02163505446
          0,           0,         526,       -10.4103093,      -10.22613931,      -10.69641677,      -10.74595598,      -14.70042749,      0.0157459358,     0.01058072441,      0.5478670411,                 0,                 0,                 0,   -0.003638995869,    -0.03720929733,      0.5467044125,                 0,       51.77972884,     0.02163505446
          0,           0,         527,      -10.41329601,      -10.23285521,      -10.70285289,      -10.75148687,      -14.70700098,      0.0157459358,     0.01058072816,      0.5478653473,                 0,                 0,                 0,   -0.003639290415,    -0.03720914598,      0.5467027254,                 0,       51.77955045,     0.02163505446
          0,           0,         528,      -10.41628156,      -10.23956444,      -10.70928911,      -10.75700203,      -14.71357107,      0.0157459358,     0.01058073188,       0.547863678,                 0,                 0,                 0,   -0.003639580697,    -0.03720899678,      0.5467010629,                 0,       51.77937445,     0.02163505446
          0,           0,         529,      -10.41926597,      -10.24626714,      -10.71572523,      -10.76250055,      -14.72013786,      0.0157459358,     0.01058073559,       0.547862033,                 0,                 0,                 0,   -0.003639866774,    -0.03720884971,      0.5466994244,                 0,       51.77920082,     0.02163505446
          0,           0,         530,      -10.42224925,      -10.25296342,      -10.72216143,      -10.76798234,      -14.72670146,      0.0157459358,     0.01058073928,      0.5478604118,                 0,                 0,                 0,   -0.003640148706,    -0.03720870474,      0.5466978097,                 0,       51.77902953,     0.02163505446
          0,           0,         531,      -10.42523145,      -10.25965341,      -10.72859768,      -10.77344835,      -14.73326205,      0.0157459358,     0.01058074296,      0.5478588142,                 0,                 0,                 0,   -0.003640426548,    -0.03720856184,      0.5466962185,                 0,       51.77886056,     0.02163505446
          0,           0,         532,      -10.42821257,      -10.26633721,      -10.73503411,      -10.77889798,      -14.73981981,      0.0157459358,     0.01058074661,      0.5478572398,                 0,                 0,                 0,    -0.00364070036,    -0.03720842098,      0.5466946504,                 0,       51.77869388,     0.02163505446
          0,           0,         533,      -10.43119265,      -10.27301496,      -10.74147069,      -10.78433117,      -14.74637494,      0.0157459358,     0.01058075025,      0.5478556883,                 0,                 0,                 0,   -0.003640970197,    -0.03720828213,      0.5466931051,                 0,       51.77852945,     0.02163505446
          0,           0,         534,       -10.4341717,      -10.27968673,      -10.74790746,      -10.78974775,      -14.75292766,      0.0157459358,     0.01058075386,      0.5478541593,                 0,                 0,                 0,   -0.003641236113,    -0.03720814528,      0.5466915823,                 0,       51.77836726,     0.02163505446
          0,           0,         535,      -10.43714976,      -10.28635265,      -10.75434439,      -10.79514821,      -14.75947814,      0.0157459358,     0.01058075746,      0.5478526526,                 0,                 0,                 0,   -0.003641498165,    -0.03720801038,      0.5466900817,                 0,       51.77820727,     0.02163505446
          0,           0,         536,      -10.44012683,      -10.29301283,      -10.76078158,      -10.80053204,      -14.76602652,      0.0157459358,     0.01058076103,      0.5478511679,                 0,                 0,                 0,   -0.003641756407,    -0.03720787741,      0.5466886029,                 0,       51.77804946,     0.02163505446
          0,           0,         537,      -10.44310294,      -10.29966734,      -10.76721888,      -10.80589878,      -14.77257291,      0.0157459358,     0.01058076458,      0.5478497048,                 0,                 0,                 0,    -0.00364201089,    -0.03720774636,      0.5466871456,                 0,        51.7778938,     0.02163505446
          0,           0,         538,      -10.44607811,       -10.3063163,      -10.77365647,      -10.81124933,      -14.77911736,      0.0157459358,     0.01058076811,       0.547848263,                 0,                 0,                 0,   -0.003642261668,    -0.03720761718,      0.5466857096,                 0,       51.77774026,     0.02163505446
          0,           0,         539,      -10.44905236,      -10.31295977,      -10.78009425,      -10.81658307,      -14.78565992,      0.0157459358,     0.01058077162,      0.5478468422,                 0,                 0,                 0,   -0.003642508793,    -0.03720748986,      0.5466842946,                 0,       51.77758883,     0.02163505446
          0,           0,         540,      -10.45202573,      -10.31959787,      -10.78653225,      -10.82190025,      -14.79220059,      0.0157459358,      0.0105807751,      0.5478454422,                 0,                 0,                 0,   -0.003642752316,    -0.03720736437,      0.5466829002,                 0,       51.77743946,     0.02163505446
          0,           0,         541,       -10.4549982,      -10.32623066,       -10.7929704,      -10.82719974,      -14.79873939,      0.0157459358,     0.01058077856,      0.5478440626,                 0,                 0,                 0,   -0.003642992286,    -0.03720724068,      0.5466815261,                 0,       51.77729215,     0.02163505446
          0,           0,         542,      -10.45796982,      -10.33285821,      -10.79940872,      -10.83248249,      -14.80527633,      0.0157459358,     0.01058078199,      0.5478427032,                 0,                 0,                 0,   -0.003643228755,    -0.03720711878,      0.5466801722,                 0,       51.77714686,     0.02163505446
          0,           0,         543,      -10.46094061,      -10.33948064,      -10.80584718,       -10.8377487,      -14.81181146,      0.0157459358,      0.0105807854,      0.5478413636,                 0,                 0,                 0,   -0.003643461771,    -0.03720699863,       0.546678838,                 0,       51.77700356,     0.02163505446
          0,           0,         544,      -10.46391057,      -10.34609797,      -10.81228571,      -10.84299749,      -14.81834481,      0.0157459358,     0.01058078879,      0.5478400436,                 0,                 0,                 0,   -0.003643691382,    -0.03720688022,      0.5466775234,                 0,       51.77686224,     0.02163505446
          0,           0,         545,      -10.46687973,      -10.35271029,      -10.81872441,      -10.84822928,      -14.82487647,      0.0157459358,     0.01058079215,       0.547838743,                 0,                 0,                 0,   -0.003643917636,    -0.03720676351,       0.546676228,                 0,       51.77672287,     0.02163505446
          0,           0,         546,      -10.46984811,      -10.35931766,      -10.82516309,      -10.85344362,       -14.8314065,      0.0157459358,     0.01058079549,      0.5478374614,                 0,                 0,                 0,   -0.003644140581,    -0.03720664849,      0.5466749516,                 0,       51.77658542,     0.02163505446
          0,           0,         547,      -10.47281573,      -10.36592017,       -10.8316018,      -10.85864054,        -14.837935,      0.0157459358,      0.0105807988,      0.5478361986,                 0,                 0,                 0,   -0.003644360262,    -0.03720653513,      0.5466736938,                 0,       51.77644987,     0.02163505446
          0,           0,         548,       -10.4757826,       -10.3725178,      -10.83804052,      -10.86382016,      -14.84446206,      0.0157459358,     0.01058080208,      0.5478349543,                 0,                 0,                 0,   -0.003644576727,    -0.03720642341,      0.5466724545,                 0,       51.77631619,     0.02163505446
          0,           0,         549,      -10.47874876,      -10.37911069,      -10.84447911,       -10.8689825,      -14.85098776,      0.0157459358,     0.01058080534,      0.5478337282,                 0,                 0,                 0,   -0.003644790019,     -0.0372063133,      0.5466712334,                 0,       51.77618437,     0.02163505446
          0,           0,         550,      -10.48171418,      -10.38569882,      -10.85091752,      -10.87412697,      -14.85751217,      0.0157459358,     0.01058080857,      0.5478325201,                 0,                 0,                 0,   -0.003645000184,    -0.03720620479,      0.5466700302,                 0,       51.77605438,     0.02163505446
          0,           0,         551,      -10.48467893,      -10.39228228,      -10.85735574,      -10.87925392,      -14.86403536,      0.0157459358,     0.01058081178,      0.5478313298,                 0,                 0,                 0,   -0.003645207267,    -0.03720609785,      0.5466688447,                 0,        51.7759262,     0.02163505446
          0,           0,         552,      -10.48764299,      -10.39886108,      -10.86379375,      -10.88436339,      -14.87055739,      0.0157459358,     0.01058081496,      0.5478301569,                 0,                 0,                 0,   -0.003645411309,    -0.03720599247,      0.5466676766,                 0,       51.77579979,     0.02163505446
          0,           0,         553,      -10.49060639,      -10.40543527,      -10.87023143,      -10.88945499,       -14.8770783,      0.0157459358,     0.01058081811,      0.5478290013,                 0,                 0,                 0,   -0.003645612355,    -0.03720588861,      0.5466665256,                 0,       51.77567515,     0.02163505446
          0,           0,         554,      -10.49356917,      -10.41200489,      -10.87666868,      -10.89452871,      -14.88359812,      0.0157459358,     0.01058082124,      0.5478278627,                 0,                 0,                 0,   -0.003645810447,    -0.03720578626,      0.5466653916,                 0,       51.77555225,     0.02163505446
          0,           0,         555,      -10.49653131,      -10.41856994,      -10.88310535,      -10.89958405,      -14.89011689,      0.0157459358,     0.01058082433,      0.5478267408,                 0,                 0,                 0,   -0.003646005627,    -0.03720568539,      0.5466642743,                 0,       51.77543106,     0.02163505446
          0,           0,         556,      -10.49949285,      -10.42513048,      -10.88954164,      -10.90462296,      -14.89663463,      0.0157459358,      0.0105808274,      0.5478256355,                 0,                 0,                 0,   -0.003646197936,    -0.03720558599,      0.5466631734,                 0,       51.77531157,     0.02163505446
          0,           0,         557,      -10.50245377,      -10.43168649,      -10.89597718,      -10.90964202,      -14.90315139,      0.0157459358,     0.01058083045,      0.5478245464,                 0,                 0,                 0,   -0.003646387414,    -0.03720548804,      0.5466620887,                 0,       51.77519375,     0.02163505446
          0,           0,         558,      -10.50541413,      -10.43823804,      -10.90241206,      -10.91464378,      -14.90966718,      0.0157459358,     0.01058083346,      0.5478234733,                 0,                 0,                 0,   -0.003646574102,    -0.03720539152,        0.54666102,                 0,       51.77507758,     0.02163505446
          0,           0,         559,       -10.5083739,       -10.4447851,      -10.90884612,      -10.91962711,      -14.91618204,      0.0157459358,     0.01058083645,      0.5478224161,                 0,                 0,                 0,    -0.00364675804,     -0.0372052964,      0.5466599671,                 0,       51.77496304,     0.02163505446
          0,           0,         560,      -10.51133316,      -10.45132767,      -10.91527925,      -10.92459206,        -14.922696,      0.0157459358,     0.01058083941,      0.5478213745,                 0,                 0,                 0,   -0.003646939266,    -0.03720520266,      0.5466589297,                 0,       51.77485011,     0.02163505446
          0,           0,         561,      -10.51429186,      -10.45786579,      -10.92171137,      -10.92953845,      -14.92920909,      0.0157459358,     0.01058084234,      0.5478203482,                 0,                 0,                 0,    -0.00364711782,     -0.0372051103,      0.5466579075,                 0,       51.77473877,     0.02163505446
          0,           0,         562,      -10.51725006,      -10.46439946,      -10.92814234,      -10.93446778,      -14.93572137,      0.0157459358,     0.01058084525,      0.5478193371,                 0,                 0,                 0,   -0.003647293739,    -0.03720501928,      0.5466569005,                 0,       51.77462899,     0.02163505446
          0,           0,         563,      -10.52020773,      -10.47092866,      -10.93457222,      -10.93937699,      -14.94223286,      0.0157459358,     0.01058084812,      0.5478183409,                 0,                 0,                 0,   -0.003647467061,    -0.03720492959,      0.5466559084,                 0,       51.77452076,     0.02163505446
          0,           0,         564,      -10.52316493,      -10.47745338,      -10.94100071,      -10.94426875,      -14.94874362,      0.0157459358,     0.01058085097,      0.5478173594,                 0,                 0,                 0,   -0.003647637824,    -0.03720484121,      0.5466549309,                 0,       51.77441406,     0.02163505446
          0,           0,         565,      -10.52612166,      -10.48397365,      -10.94742773,      -10.94914209,      -14.95525367,      0.0157459358,     0.01058085379,      0.5478163924,                 0,                 0,                 0,   -0.003647806063,    -0.03720475412,      0.5466539678,                 0,       51.77430886,     0.02163505446
          0,           0,         566,       -10.5290779,      -10.49048943,      -10.95385333,       -10.9539961,      -14.96176308,      0.0157459358,     0.01058085659,      0.5478154397,                 0,                 0,                 0,   -0.003647971815,     -0.0372046683,       0.546653019,                 0,       51.77420516,     0.02163505446
          0,           0,         567,      -10.53203371,      -10.49700067,      -10.96027724,        -10.958831,      -14.96827189,      0.0157459358,     0.01058085935,      0.5478145011,                 0,                 0,                 0,   -0.003648135116,    -0.03720458374,      0.5466520842,                 0,       51.77410291,     0.02163505446
          0,           0,         568,       -10.5349891,      -10.50350742,      -10.96669925,      -10.96364837,      -14.97478014,      0.0157459358,     0.01058086209,      0.5478135764,                 0,                 0,                 0,   -0.003648296001,    -0.03720450042,      0.5466511632,                 0,       51.77400212,     0.02163505446
          0,           0,         569,      -10.53794404,       -10.5100096,      -10.97311949,      -10.96844672,       -14.9812879,      0.0157459358,      0.0105808648,      0.5478126654,                 0,                 0,                 0,   -0.003648454505,    -0.03720441832,      0.5466502559,                 0,       51.77390276,     0.02163505446
          0,           0,         570,       -10.5408986,      -10.51650722,      -10.97953761,      -10.97322605,       -14.9877952,      0.0157459358,     0.01058086748,      0.5478117678,                 0,                 0,                 0,   -0.003648610661,    -0.03720433742,       0.546649362,                 0,        51.7738048,     0.02163505446
          0,           0,         571,      -10.54385275,      -10.52300022,      -10.98595369,      -10.97798627,      -14.99430212,      0.0157459358,     0.01058087014,      0.5478108836,                 0,                 0,                 0,   -0.003648764503,    -0.03720425771,      0.5466484814,                 0,       51.77370824,     0.02163505446
          0,           0,         572,      -10.54680652,      -10.52948857,      -10.99236735,      -10.98272749,       -15.0008087,      0.0157459358,     0.01058087277,      0.5478100124,                 0,                 0,                 0,   -0.003648916066,    -0.03720417916,      0.5466476137,                 0,       51.77361305,     0.02163505446
          0,           0,         573,      -10.54975994,      -10.53597226,      -10.99877865,      -10.98745099,      -15.00731501,      0.0157459358,     0.01058087537,      0.5478091542,                 0,                 0,                 0,   -0.003649065382,    -0.03720410177,       0.546646759,                 0,       51.77351922,     0.02163505446
          0,           0,         574,      -10.55271299,      -10.54245121,      -11.00518747,      -10.99215495,      -15.01382111,      0.0157459358,     0.01058087794,      0.5478083086,                 0,                 0,                 0,   -0.003649212483,    -0.03720402552,      0.5466459169,                 0,       51.77342672,     0.02163505446
          0,           0,         575,       -10.5556657,      -10.54892542,      -11.01159349,      -10.99683979,      -15.02032705,      0.0157459358,     0.01058088049,      0.5478074757,                 0,                 0,                 0,   -0.003649357401,    -0.03720395038,      0.5466450873,                 0,       51.77333554,     0.02163505446
          0,           0,         576,      -10.55861807,      -10.55539482,       -11.0179966,      -11.00150586,       -15.0268329,      0.0157459358,       0.010580883,       0.547806655,                 0,                 0,                 0,   -0.003649500168,    -0.03720387635,        0.54664427,                 0,       51.77324566,     0.02163505446
          0,           0,         577,      -10.56157015,      -10.56185938,      -11.02439683,      -11.00615278,      -15.03333872,      0.0157459358,     0.01058088549,      0.5478058466,                 0,                 0,                 0,   -0.003649640815,    -0.03720380341,      0.5466434649,                 0,       51.77315707,     0.02163505446
          0,           0,         578,      -10.56452191,      -10.56831898,      -11.03079393,      -11.01078039,      -15.03984456,      0.0157459358,     0.01058088796,      0.5478050501,                 0,                 0,                 0,   -0.003649779374,    -0.03720373154,      0.5466426717,                 0,       51.77306974,     0.02163505446
          0,           0,         579,      -10.56747339,      -10.57477367,      -11.03718759,      -11.01539028,      -15.04635048,      0.0157459358,      0.0105808904,      0.5478042655,                 0,                 0,                 0,   -0.003649915873,    -0.03720366073,      0.5466418903,                 0,       51.77298366,     0.02163505446
          0,           0,         580,      -10.57042459,      -10.58122328,      -11.04357803,      -11.01998033,      -15.05285655,      0.0157459358,     0.01058089281,      0.5478034925,                 0,                 0,                 0,   -0.003650050344,    -0.03720359096,      0.5466411204,                 0,       51.77289881,     0.02163505446
          0,           0,         581,      -10.57337552,      -10.58766784,      -11.04996473,      -11.02455118,       -15.0593628,      0.0157459358,     0.01058089519,       0.547802731,                 0,                 0,                 0,   -0.003650182815,    -0.03720352221,       0.546640362,                 0,       51.77281518,     0.02163505446
          0,           0,         582,      -10.57632619,      -10.59410722,      -11.05634763,      -11.02910349,      -15.06586931,      0.0157459358,     0.01058089755,      0.5478019809,                 0,                 0,                 0,   -0.003650313316,    -0.03720345448,      0.5466396149,                 0,       51.77273274,     0.02163505446
          0,           0,         583,      -10.57927663,      -10.60054139,      -11.06272662,      -11.03363638,      -15.07237611,      0.0157459358,     0.01058089988,      0.5478012418,                 0,                 0,                 0,   -0.003650441876,    -0.03720338775,      0.5466388789,                 0,        51.7726515,     0.02163505446
          0,           0,         584,      -10.58222683,      -10.60697021,      -11.06910184,      -11.03815021,      -15.07888325,      0.0157459358,     0.01058090218,      0.5478005138,                 0,                 0,                 0,   -0.003650568523,      -0.037203322,      0.5466381538,                 0,       51.77257141,     0.02163505446
          0,           0,         585,      -10.58517683,      -10.61339369,      -11.07547251,      -11.04264562,      -15.08539079,      0.0157459358,     0.01058090446,      0.5477997966,                 0,                 0,                 0,   -0.003650693284,    -0.03720325722,      0.5466374395,                 0,       51.77249248,     0.02163505446
          0,           0,         586,       -10.5881266,      -10.61981176,      -11.08183894,      -11.04712267,      -15.09189875,      0.0157459358,     0.01058090671,        0.54779909,                 0,                 0,                 0,   -0.003650816188,     -0.0372031934,      0.5466367359,                 0,       51.77241468,     0.02163505446
          0,           0,         587,      -10.59107618,      -10.62622427,      -11.08820061,      -11.05157844,      -15.09840719,      0.0157459358,     0.01058090894,       0.547798394,                 0,                 0,                 0,   -0.003650937262,    -0.03720313052,      0.5466360427,                 0,         51.772338,     0.02163505446
          0,           0,         588,      -10.59402557,      -10.63263116,      -11.09455766,      -11.05601793,      -15.10491615,      0.0157459358,     0.01058091114,      0.5477977083,                 0,                 0,                 0,   -0.003651056532,    -0.03720306856,      0.5466353598,                 0,       51.77226243,     0.02163505446
          0,           0,         589,      -10.59697481,      -10.63903234,      -11.10090967,      -11.06043634,      -15.11142566,      0.0157459358,     0.01058091331,      0.5477970328,                 0,                 0,                 0,   -0.003651174025,    -0.03720300752,       0.546634687,                 0,       51.77218794,     0.02163505446
          0,           0,         590,      -10.59992386,      -10.64542775,      -11.10725677,      -11.06483704,      -15.11793575,      0.0157459358,     0.01058091546,      0.5477963673,                 0,                 0,                 0,   -0.003651289767,    -0.03720294738,      0.5466340243,                 0,       51.77211453,     0.02163505446
          0,           0,         591,      -10.60287279,       -10.6518173,      -11.11359836,      -11.06922025,      -15.12444646,      0.0157459358,     0.01058091759,      0.5477957118,                 0,                 0,                 0,   -0.003651403784,    -0.03720288813,      0.5466333714,                 0,       51.77204218,     0.02163505446
          0,           0,         592,      -10.60582156,      -10.65820084,      -11.11993467,      -11.07358279,      -15.13095782,      0.0157459358,     0.01058091969,       0.547795066,                 0,                 0,                 0,     -0.0036515161,    -0.03720282975,      0.5466327283,                 0,       51.77197087,     0.02163505446
          0,           0,         593,      -10.60877022,      -10.66457834,      -11.12626527,      -11.07792734,      -15.13746986,      0.0157459358,     0.01058092176,      0.5477944298,                 0,                 0,                 0,   -0.003651626743,    -0.03720277224,      0.5466320947,                 0,        51.7719006,     0.02163505446
          0,           0,         594,      -10.61171872,      -10.67094964,       -11.1325902,      -11.08225236,       -15.1439826,      0.0157459358,     0.01058092382,      0.5477938031,                 0,                 0,                 0,   -0.003651735735,    -0.03720271558,      0.5466314706,                 0,       51.77183133,     0.02163505446
          0,           0,         595,      -10.61466716,       -10.6773147,       -11.1389089,      -11.08655975,      -15.15049608,      0.0157459358,     0.01058092584,      0.5477931858,                 0,                 0,                 0,   -0.003651843101,    -0.03720265975,      0.5466308558,                 0,       51.77176307,     0.02163505446
          0,           0,         596,      -10.61761551,      -10.68367337,      -11.14522153,      -11.09084933,      -15.15701031,      0.0157459358,     0.01058092784,      0.5477925776,                 0,                 0,                 0,   -0.003651948865,    -0.03720260475,      0.5466302501,                 0,        51.7716958,     0.02163505446
          0,           0,         597,      -10.62056375,      -10.69002557,      -11.15152783,      -11.09511911,      -15.16352532,      0.0157459358,     0.01058092982,      0.5477919785,                 0,                 0,                 0,   -0.003652053052,    -0.03720255057,      0.5466296534,                 0,        51.7716295,     0.02163505446
          0,           0,         598,      -10.62351192,      -10.69637118,      -11.15782732,      -11.09937092,      -15.17004114,      0.0157459358,     0.01058093177,      0.5477913883,                 0,                 0,                 0,   -0.003652155683,    -0.03720249718,      0.5466290656,                 0,       51.77156416,     0.02163505446
          0,           0,         599,      -10.62646005,      -10.70271011,      -11.16412024,      -11.10360497,      -15.17655777,      0.0157459358,      0.0105809337,      0.5477908069,                 0,                 0,                 0,   -0.003652256783,    -0.03720244458,      0.5466284866,                 0,       51.77149977,     0.02163505446
          0,           0,         600,       -10.6294081,      -10.70904222,       -11.1704063,      -11.10781959,      -15.18307525,      0.0157459358,     0.01058093561,      0.5477902341,                 0,                 0,                 0,   -0.003652356374,    -0.03720239277,      0.5466279162,                 0,       51.77143631,     0.02163505446
          0,           0,         601,      -10.63235611,       -10.7153674,      -11.17668512,      -11.11201745,      -15.18959358,      0.0157459358,     0.01058093749,      0.5477896699,                 0,                 0,                 0,   -0.003652454478,    -0.03720234172,      0.5466273543,                 0,       51.77137377,     0.02163505446
          0,           0,         602,      -10.63530409,      -10.72168553,      -11.18295673,      -11.11619585,      -15.19611279,      0.0157459358,     0.01058093935,      0.5477891141,                 0,                 0,                 0,   -0.003652551118,    -0.03720229142,      0.5466268008,                 0,       51.77131214,     0.02163505446
          0,           0,         603,      -10.63825204,      -10.72799649,       -11.1892207,      -11.12035695,      -15.20263287,      0.0157459358,     0.01058094119,      0.5477885666,                 0,                 0,                 0,   -0.003652646315,    -0.03720224187,      0.5466262555,                 0,       51.77125141,     0.02163505446
          0,           0,         604,          -10.6412,      -10.73430019,      -11.19547664,      -11.12449973,      -15.20915385,      0.0157459358,     0.01058094301,      0.5477880272,                 0,                 0,                 0,    -0.00365274009,    -0.03720219305,      0.5466257183,                 0,       51.77119155,     0.02163505446
          0,           0,         605,      -10.64414794,      -10.74059647,      -11.20172497,       -11.1286245,      -15.21567573,      0.0157459358,      0.0105809448,      0.5477874958,                 0,                 0,                 0,   -0.003652832465,    -0.03720214496,      0.5466251891,                 0,       51.77113257,     0.02163505446
          0,           0,         606,      -10.64709587,      -10.74688521,      -11.20796518,      -11.13273154,      -15.22219853,      0.0157459358,     0.01058094657,      0.5477869724,                 0,                 0,                 0,   -0.003652923461,    -0.03720209758,      0.5466246679,                 0,       51.77107445,     0.02163505446
          0,           0,         607,      -10.65004383,      -10.75316631,      -11.21419691,      -11.13682151,      -15.22872224,      0.0157459358,     0.01058094831,      0.5477864568,                 0,                 0,                 0,   -0.003653013098,     -0.0372020509,      0.5466241544,                 0,       51.77101716,     0.02163505446
          0,           0,         608,      -10.65299183,      -10.75943962,      -11.22042025,      -11.14089385,      -15.23524689,      0.0157459358,     0.01058095004,      0.5477859488,                 0,                 0,                 0,   -0.003653101397,    -0.03720200491,      0.5466236485,                 0,       51.77096072,     0.02163505446
          0,           0,         609,      -10.65593986,      -10.76570502,      -11.22663489,      -11.14494928,      -15.24177246,      0.0157459358,     0.01058095174,      0.5477854485,                 0,                 0,                 0,   -0.003653188376,     -0.0372019596,      0.5466231502,                 0,       51.77090509,     0.02163505446
          0,           0,         610,      -10.65888791,      -10.77196236,      -11.23284045,      -11.14898551,      -15.24829896,      0.0157459358,     0.01058095342,      0.5477849555,                 0,                 0,                 0,   -0.003653274057,    -0.03720191496,      0.5466226593,                 0,       51.77085028,     0.02163505446
          0,           0,         611,      -10.66183604,      -10.77821151,      -11.23903692,      -11.15300672,      -15.25482639,      0.0157459358,     0.01058095509,        0.54778447,                 0,                 0,                 0,   -0.003653358459,    -0.03720187099,      0.5466221757,                 0,       51.77079626,     0.02163505446
          0,           0,         612,      -10.66478421,      -10.78445236,      -11.24522404,      -11.15700937,      -15.26135476,      0.0157459358,     0.01058095672,      0.5477839916,                 0,                 0,                 0,     -0.0036534416,    -0.03720182766,      0.5466216993,                 0,       51.77074303,     0.02163505446
          0,           0,         613,      -10.66773247,      -10.79068473,      -11.25140169,       -11.1609957,      -15.26788406,      0.0157459358,     0.01058095834,      0.5477835204,                 0,                 0,                 0,   -0.003653523499,    -0.03720178498,        0.54662123,                 0,       51.77069057,     0.02163505446
          0,           0,         614,      -10.67068079,      -10.79690852,      -11.25756959,      -11.16496395,      -15.27441429,      0.0157459358,     0.01058095994,      0.5477830562,                 0,                 0,                 0,   -0.003653604176,    -0.03720174293,      0.5466207677,                 0,       51.77063889,     0.02163505446
          0,           0,         615,      -10.67362922,      -10.80312357,      -11.26372754,      -11.16891788,      -15.28094545,      0.0157459358,     0.01058096152,      0.5477825989,                 0,                 0,                 0,   -0.003653683648,     -0.0372017015,      0.5466203122,                 0,       51.77058795,     0.02163505446
          0,           0,         616,      -10.67657774,      -10.80932974,      -11.26987543,      -11.17285331,      -15.28747753,      0.0157459358,     0.01058096307,      0.5477821484,                 0,                 0,                 0,   -0.003653761933,    -0.03720166069,      0.5466198636,                 0,       51.77053776,     0.02163505446
          0,           0,         617,      -10.67952635,      -10.81552691,      -11.27601256,      -11.17677148,      -15.29401052,      0.0157459358,     0.01058096461,      0.5477817046,                 0,                 0,                 0,    -0.00365383905,    -0.03720162048,      0.5466194216,                 0,        51.7704883,     0.02163505446
          0,           0,         618,       -10.6824751,      -10.82171494,      -11.28213979,      -11.18067475,      -15.30054442,      0.0157459358,     0.01058096613,      0.5477812674,                 0,                 0,                 0,   -0.003653915015,    -0.03720158087,      0.5466189863,                 0,       51.77043956,     0.02163505446
          0,           0,         619,      -10.68542397,       -10.8278936,      -11.28825563,      -11.18456175,      -15.30707922,      0.0157459358,     0.01058096762,      0.5477808367,                 0,                 0,                 0,   -0.003653989847,    -0.03720154184,      0.5466185574,                 0,       51.77039153,     0.02163505446
          0,           0,         620,      -10.68837294,      -10.83406282,      -11.29436066,      -11.18843201,      -15.31361492,      0.0157459358,      0.0105809691,      0.5477804125,                 0,                 0,                 0,   -0.003654063561,    -0.03720150339,      0.5466181348,                 0,       51.77034421,     0.02163505446
          0,           0,         621,       -10.6913221,      -10.84022244,      -11.30045451,      -11.19228677,      -15.32015151,      0.0157459358,     0.01058097056,      0.5477799945,                 0,                 0,                 0,   -0.003654136176,    -0.03720146551,      0.5466177186,                 0,       51.77029757,     0.02163505446
          0,           0,         622,      -10.69427135,      -10.84637234,      -11.30653708,      -11.19612471,      -15.32668897,      0.0157459358,       0.010580972,      0.5477795828,                 0,                 0,                 0,   -0.003654207707,    -0.03720142819,      0.5466173086,                 0,        51.7702516,     0.02163505446
          0,           0,         623,      -10.69722079,      -10.85251228,      -11.31260762,      -11.19994815,      -15.33322729,      0.0157459358,     0.01058097342,      0.5477791772,                 0,                 0,                 0,    -0.00365427817,    -0.03720139142,      0.5466169046,                 0,       51.77020632,     0.02163505446
          0,           0,         624,       -10.7001704,      -10.85864225,      -11.31866689,      -11.20375713,      -15.33976647,      0.0157459358,     0.01058097482,      0.5477787776,                 0,                 0,                 0,   -0.003654347583,     -0.0372013552,      0.5466165067,                 0,       51.77016171,     0.02163505446
          0,           0,         625,      -10.70312017,      -10.86476204,      -11.32471364,      -11.20754839,      -15.34630649,      0.0157459358,     0.01058097621,       0.547778384,                 0,                 0,                 0,    -0.00365441596,    -0.03720131952,      0.5466161147,                 0,       51.77011774,     0.02163505446
          0,           0,         626,      -10.70607012,      -10.87087137,      -11.33074873,      -11.21132536,      -15.35284735,      0.0157459358,     0.01058097757,      0.5477779962,                 0,                 0,                 0,   -0.003654483317,    -0.03720128436,      0.5466157285,                 0,       51.77007442,     0.02163505446
          0,           0,         627,      -10.70902027,      -10.87697028,      -11.33677096,      -11.21508577,      -15.35938903,      0.0157459358,     0.01058097892,      0.5477776141,                 0,                 0,                 0,   -0.003654549669,    -0.03720124973,       0.546615348,                 0,       51.77003173,     0.02163505446
          0,           0,         628,       -10.7119706,      -10.88305844,      -11.34278065,      -11.21883228,      -15.36593152,      0.0157459358,     0.01058098024,      0.5477772378,                 0,                 0,                 0,   -0.003654615033,     -0.0372012156,      0.5466149732,                 0,       51.76998966,     0.02163505446
          0,           0,         629,      -10.71492113,       -10.8891359,      -11.34877765,      -11.22256444,      -15.37247481,      0.0157459358,     0.01058098155,      0.5477768671,                 0,                 0,                 0,   -0.003654679422,    -0.03720118198,       0.546614604,                 0,       51.76994821,     0.02163505446
          0,           0,         630,      -10.71787187,      -10.89520237,      -11.35476151,      -11.22628194,      -15.37901889,      0.0157459358,     0.01058098285,      0.5477765018,                 0,                 0,                 0,   -0.003654742851,    -0.03720114886,      0.5466142403,                 0,       51.76990737,     0.02163505446
          0,           0,         631,      -10.72082283,      -10.90125769,      -11.36073253,      -11.22998536,      -15.38556374,      0.0157459358,     0.01058098412,       0.547776142,                 0,                 0,                 0,   -0.003654805335,    -0.03720111623,      0.5466138819,                 0,       51.76986712,     0.02163505446
          0,           0,         632,      -10.72377399,      -10.90730174,       -11.3666895,      -11.23367296,      -15.39210934,      0.0157459358,     0.01058098538,      0.5477757875,                 0,                 0,                 0,   -0.003654866889,    -0.03720108409,      0.5466135289,                 0,       51.76982746,     0.02163505446
          0,           0,         633,      -10.72672537,       -10.9133343,      -11.37263287,      -11.23734574,      -15.39865569,      0.0157459358,     0.01058098662,      0.5477754383,                 0,                 0,                 0,   -0.003654927525,    -0.03720105241,      0.5466131811,                 0,       51.76978839,     0.02163505446
          0,           0,         634,        -10.729677,      -10.91935537,      -11.37856282,      -11.24100532,      -15.40520277,      0.0157459358,     0.01058098785,      0.5477750943,                 0,                 0,                 0,   -0.003654987259,    -0.03720102121,      0.5466128385,                 0,       51.76974988,     0.02163505446
          0,           0,         635,      -10.73262889,      -10.92536467,      -11.38447832,      -11.24465203,      -15.41175057,      0.0157459358,     0.01058098905,      0.5477747554,                 0,                 0,                 0,   -0.003655046103,    -0.03720099047,       0.546612501,                 0,       51.76971194,     0.02163505446
          0,           0,         636,      -10.73558101,      -10.93136205,       -11.3903804,      -11.24828538,      -15.41829907,      0.0157459358,     0.01058099024,      0.5477744215,                 0,                 0,                 0,   -0.003655104071,    -0.03720096018,      0.5466121685,                 0,       51.76967456,     0.02163505446
          0,           0,         637,      -10.73853337,      -10.93734744,      -11.39626754,      -11.25190356,      -15.42484826,      0.0157459358,     0.01058099142,      0.5477740925,                 0,                 0,                 0,   -0.003655161176,    -0.03720093034,      0.5466118409,                 0,       51.76963772,     0.02163505446
          0,           0,         638,      -10.74148601,      -10.94332059,      -11.40213981,       -11.2555081,      -15.43139811,      0.0157459358,     0.01058099258,      0.5477737685,                 0,                 0,                 0,   -0.003655217432,    -0.03720090094,      0.5466115182,                 0,       51.76960143,     0.02163505446
          0,           0,         639,       -10.7444389,      -10.94928125,       -11.4079974,      -11.25909887,      -15.43794863,      0.0157459358,     0.01058099372,      0.5477734492,                 0,                 0,                 0,   -0.003655272851,    -0.03720087198,      0.5466112002,                 0,       51.76956566,     0.02163505446
          0,           0,         640,      -10.74739207,      -10.95522947,       -11.4138399,      -11.26267844,      -15.44449979,      0.0157459358,     0.01058099485,      0.5477731347,                 0,                 0,                 0,   -0.003655327446,    -0.03720084344,       0.546610887,                 0,       51.76953042,     0.02163505446
          0,           0,         641,      -10.75034549,      -10.96116498,       -11.4196675,      -11.26624233,      -15.45105159,      0.0157459358,     0.01058099596,      0.5477728248,                 0,                 0,                 0,    -0.00365538123,    -0.03720081533,      0.5466105784,                 0,       51.76949569,     0.02163505446
          0,           0,         642,      -10.75329928,      -10.96708787,      -11.42547986,      -11.26979811,        -15.457604,      0.0157459358,     0.01058099706,      0.5477725195,                 0,                 0,                 0,   -0.003655434214,    -0.03720078763,      0.5466102744,                 0,       51.76946148,     0.02163505446
          0,           0,         643,       -10.7562533,      -10.97299749,      -11.43127625,      -11.27333732,      -15.46415702,      0.0157459358,     0.01058099814,      0.5477722188,                 0,                 0,                 0,   -0.003655486411,    -0.03720076034,      0.5466099749,                 0,       51.76942776,     0.02163505446
          0,           0,         644,      -10.75920761,       -10.9788942,      -11.43705722,      -11.27686419,      -15.47071062,      0.0157459358,     0.01058099921,      0.5477719225,                 0,                 0,                 0,   -0.003655537832,    -0.03720073345,      0.5466096798,                 0,       51.76939454,     0.02163505446
          0,           0,         645,      -10.76216224,      -10.98477745,      -11.44282215,      -11.28038014,       -15.4772648,      0.0157459358,     0.01058100026,      0.5477716306,                 0,                 0,                 0,    -0.00365558849,    -0.03720070696,      0.5466093891,                 0,       51.76936181,     0.02163505446
          0,           0,         646,      -10.76511723,      -10.99064737,      -11.44857059,      -11.28388416,      -15.48381953,      0.0157459358,     0.01058100129,       0.547771343,                 0,                 0,                 0,   -0.003655638396,    -0.03720068086,      0.5466091026,                 0,       51.76932955,     0.02163505446
          0,           0,         647,      -10.76807244,      -10.99650357,      -11.45430335,      -11.28737454,      -15.49037482,      0.0157459358,     0.01058100232,      0.5477710596,                 0,                 0,                 0,   -0.003655687562,    -0.03720065515,      0.5466088205,                 0,       51.76929777,     0.02163505446
          0,           0,         648,      -10.77102799,      -11.00234603,      -11.46001939,      -11.29085287,      -15.49693064,      0.0157459358,     0.01058100332,      0.5477707804,                 0,                 0,                 0,   -0.003655735998,    -0.03720062981,      0.5466085425,                 0,       51.76926645,     0.02163505446
          0,           0,         649,      -10.77398388,      -11.00817459,      -11.46571841,      -11.29432023,      -15.50348699,      0.0157459358,     0.01058100432,      0.5477705054,                 0,                 0,                 0,   -0.003655783716,    -0.03720060485,      0.5466082686,                 0,       51.76923559,     0.02163505446
          0,           0,         650,      -10.77694011,      -11.01398899,      -11.47140099,      -11.29777602,      -15.51004385,      0.0157459358,      0.0105810053,      0.5477702345,                 0,                 0,                 0,   -0.003655830726,    -0.03720058026,      0.5466079987,                 0,       51.76920519,     0.02163505446
          0,           0,         651,      -10.77989668,       -11.0197894,      -11.47706722,      -11.30122124,       -15.5166012,      0.0157459358,     0.01058100627,      0.5477699675,                 0,                 0,                 0,    -0.00365587704,    -0.03720055603,      0.5466077328,                 0,       51.76917523,     0.02163505446
          0,           0,         652,      -10.78285357,      -11.02557536,      -11.48271513,      -11.30465488,      -15.52315904,      0.0157459358,     0.01058100722,      0.5477697045,                 0,                 0,                 0,   -0.003655922667,    -0.03720053216,      0.5466074709,                 0,       51.76914571,     0.02163505446
          0,           0,         653,      -10.78581079,      -11.03134686,      -11.48834656,        -11.308077,      -15.52971735,      0.0157459358,     0.01058100816,      0.5477694453,                 0,                 0,                 0,   -0.003655967619,    -0.03720050863,      0.5466072128,                 0,       51.76911662,     0.02163505446
          0,           0,         654,      -10.78876838,      -11.03710368,      -11.49396037,      -11.31148862,      -15.53627611,      0.0157459358,     0.01058100908,        0.54776919,                 0,                 0,                 0,   -0.003656011906,    -0.03720048546,      0.5466069586,                 0,       51.76908796,     0.02163505446
          0,           0,         655,      -10.79172633,      -11.04284576,      -11.49955647,      -11.31488934,      -15.54283532,      0.0157459358,        0.01058101,      0.5477689385,                 0,                 0,                 0,   -0.003656055537,    -0.03720046262,      0.5466067081,                 0,       51.76905972,     0.02163505446
          0,           0,         656,       -10.7946846,      -11.04857279,      -11.50513454,      -11.31827836,      -15.54939497,      0.0157459358,      0.0105810109,      0.5477686906,                 0,                 0,                 0,   -0.003656098522,    -0.03720044013,      0.5466064612,                 0,       51.76903189,     0.02163505446
          0,           0,         657,      -10.79764327,       -11.0542848,       -11.5106954,      -11.32165771,      -15.55595504,      0.0157459358,     0.01058101179,      0.5477684464,                 0,                 0,                 0,   -0.003656140872,    -0.03720041796,      0.5466062181,                 0,       51.76900447,     0.02163505446
          0,           0,         658,      -10.80060229,      -11.05998166,      -11.51623729,      -11.32502673,      -15.56251552,      0.0157459358,     0.01058101266,      0.5477682058,                 0,                 0,                 0,   -0.003656182596,    -0.03720039612,      0.5466059785,                 0,       51.76897745,     0.02163505446
          0,           0,         659,      -10.80356167,      -11.06566304,      -11.52176146,      -11.32838631,       -15.5690764,      0.0157459358,     0.01058101352,      0.5477679688,                 0,                 0,                 0,   -0.003656223703,     -0.0372003746,      0.5466057424,                 0,       51.76895083,     0.02163505446
          0,           0,         660,      -10.80652146,      -11.07132918,      -11.52726745,       -11.3317365,      -15.57563767,      0.0157459358,     0.01058101437,      0.5477677352,                 0,                 0,                 0,   -0.003656264203,     -0.0372003534,      0.5466055098,                 0,        51.7689246,     0.02163505446
          0,           0,         661,      -10.80948157,      -11.07697932,      -11.53275509,      -11.33507296,      -15.58219932,      0.0157459358,     0.01058101521,      0.5477675051,                 0,                 0,                 0,   -0.003656304106,    -0.03720033251,      0.5466052806,                 0,       51.76889875,     0.02163505446
          0,           0,         662,      -10.81244214,      -11.08261393,      -11.53822317,      -11.33840405,      -15.58876133,      0.0157459358,     0.01058101604,      0.5477672784,                 0,                 0,                 0,   -0.003656343419,    -0.03720031192,      0.5466050548,                 0,       51.76887328,     0.02163505446
          0,           0,         663,      -10.81540304,      -11.08823241,      -11.54367365,      -11.34172091,      -15.59532369,      0.0157459358,     0.01058101685,       0.547767055,                 0,                 0,                 0,   -0.003656382152,    -0.03720029164,      0.5466048324,                 0,       51.76884818,     0.02163505446
          0,           0,         664,      -10.81836435,       -11.0938352,      -11.54910384,      -11.34503304,       -15.6018864,      0.0157459358,     0.01058101765,      0.5477668349,                 0,                 0,                 0,   -0.003656420315,    -0.03720027166,      0.5466046131,                 0,       51.76882346,     0.02163505446
          0,           0,         665,      -10.82132604,      -11.09942178,       -11.5545166,      -11.34833372,      -15.60844944,      0.0157459358,     0.01058101844,       0.547766618,                 0,                 0,                 0,   -0.003656457914,    -0.03720025197,      0.5466043972,                 0,       51.76879909,     0.02163505446
          0,           0,         666,      -10.82428817,      -11.10499203,      -11.55990962,      -11.35162742,      -15.61501281,      0.0157459358,     0.01058101922,      0.5477664043,                 0,                 0,                 0,    -0.00365649496,    -0.03720023257,      0.5466041844,                 0,       51.76877508,     0.02163505446
          0,           0,         667,      -10.82725066,      -11.11054583,      -11.56528365,      -11.35491003,      -15.62157649,      0.0157459358,     0.01058101999,      0.5477661938,                 0,                 0,                 0,    -0.00365653146,    -0.03720021345,      0.5466039747,                 0,       51.76875142,     0.02163505446
          0,           0,         668,       -10.8302136,      -11.11608306,      -11.57063781,      -11.35818373,      -15.62814048,      0.0157459358,     0.01058102075,      0.5477659863,                 0,                 0,                 0,   -0.003656567423,    -0.03720019462,      0.5466037681,                 0,       51.76872811,     0.02163505446
          0,           0,         669,      -10.83317689,      -11.12160358,      -11.57597301,      -11.36144723,      -15.63470475,      0.0157459358,      0.0105810215,      0.5477657819,                 0,                 0,                 0,   -0.003656602857,    -0.03720017606,      0.5466035645,                 0,       51.76870514,     0.02163505446
          0,           0,         670,      -10.83614064,      -11.12710759,       -11.5812874,       -11.3647055,       -15.6412693,      0.0157459358,     0.01058102223,      0.5477655805,                 0,                 0,                 0,   -0.003656637769,    -0.03720015777,      0.5466033639,                 0,       51.76868251,     0.02163505446
          0,           0,         671,      -10.83910481,      -11.13259458,      -11.58658283,      -11.36795528,      -15.64783412,      0.0157459358,     0.01058102296,       0.547765382,                 0,                 0,                 0,   -0.003656672169,    -0.03720013975,      0.5466031662,                 0,        51.7686602,     0.02163505446
          0,           0,         672,      -10.84206937,      -11.13806429,      -11.59185844,      -11.37119155,       -15.6543992,      0.0157459358,     0.01058102367,      0.5477651864,                 0,                 0,                 0,   -0.003656706063,    -0.03720012199,      0.5466029715,                 0,       51.76863823,     0.02163505446
          0,           0,         673,      -10.84503439,      -11.14351731,        -11.597115,      -11.37442685,      -15.66096454,      0.0157459358,     0.01058102437,      0.5477649937,                 0,                 0,                 0,   -0.003656739459,     -0.0372001045,      0.5466027796,                 0,       51.76861657,     0.02163505446
          0,           0,         674,      -10.84799986,      -11.14895308,      -11.60235082,      -11.37765194,      -15.66753013,      0.0157459358,     0.01058102507,      0.5477648039,                 0,                 0,                 0,   -0.003656772365,    -0.03720008726,      0.5466025905,                 0,       51.76859524,     0.02163505446
          0,           0,         675,      -10.85096572,      -11.15437159,      -11.60756725,      -11.38086782,      -15.67409595,      0.0157459358,     0.01058102575,      0.5477646168,                 0,                 0,                 0,   -0.003656804788,    -0.03720007027,      0.5466024042,                 0,       51.76857421,     0.02163505446
          0,           0,         676,      -10.85393192,      -11.15977242,      -11.61276268,      -11.38407355,      -15.68066199,      0.0157459358,     0.01058102642,      0.5477644324,                 0,                 0,                 0,   -0.003656836736,    -0.03720005353,      0.5466022206,                 0,       51.76855349,     0.02163505446
          0,           0,         677,      -10.85689872,      -11.16515601,      -11.61793816,      -11.38727624,      -15.68722824,      0.0157459358,     0.01058102709,      0.5477642507,                 0,                 0,                 0,   -0.003656868215,    -0.03720003704,      0.5466020397,                 0,       51.76853308,     0.02163505446
          0,           0,         678,      -10.85986586,      -11.17052178,      -11.62309353,       -11.3904697,       -15.6937947,      0.0157459358,     0.01058102774,      0.5477640717,                 0,                 0,                 0,   -0.003656899233,    -0.03720002079,      0.5466018614,                 0,       51.76851296,     0.02163505446
          0,           0,         679,      -10.86283347,      -11.17586981,      -11.62822854,      -11.39365423,      -15.70036136,      0.0157459358,     0.01058102838,      0.5477638953,                 0,                 0,                 0,   -0.003656929797,    -0.03720000477,      0.5466016857,                 0,       51.76849314,     0.02163505446
          0,           0,         680,      -10.86580155,      -11.18120023,      -11.63334339,      -11.39683429,      -15.70692821,      0.0157459358,     0.01058102902,      0.5477637215,                 0,                 0,                 0,   -0.003656959914,    -0.03719998899,      0.5466015126,                 0,       51.76847361,     0.02163505446
          0,           0,         681,      -10.86877005,      -11.18651266,      -11.63843701,      -11.40000477,      -15.71349523,      0.0157459358,     0.01058102964,      0.5477635503,                 0,                 0,                 0,    -0.00365698959,    -0.03719997344,      0.5466013421,                 0,       51.76845436,     0.02163505446
          0,           0,         682,      -10.87173902,      -11.19180718,      -11.64351091,      -11.40316989,      -15.72006242,      0.0157459358,     0.01058103026,      0.5477633815,                 0,                 0,                 0,   -0.003657018832,    -0.03719995812,       0.546601174,                 0,        51.7684354,     0.02163505446
          0,           0,         683,      -10.87470844,      -11.19708406,      -11.64856374,      -11.40633081,      -15.72662978,      0.0157459358,     0.01058103087,      0.5477632152,                 0,                 0,                 0,   -0.003657047647,    -0.03719994302,      0.5466010084,                 0,       51.76841671,     0.02163505446
          0,           0,         684,      -10.87767831,      -11.20234218,      -11.65359601,      -11.40948058,      -15.73319729,      0.0157459358,     0.01058103146,      0.5477630513,                 0,                 0,                 0,   -0.003657076041,    -0.03719992814,      0.5466008451,                 0,        51.7683983,     0.02163505446
          0,           0,         685,       -10.8806486,      -11.20758217,      -11.65860867,      -11.41262434,      -15.73976494,      0.0157459358,     0.01058103205,      0.5477628898,                 0,                 0,                 0,    -0.00365710402,    -0.03719991347,      0.5466006843,                 0,       51.76838015,     0.02163505446
          0,           0,         686,      -10.88361937,      -11.21280408,      -11.66359936,      -11.41576113,      -15.74633273,      0.0157459358,     0.01058103263,      0.5477627306,                 0,                 0,                 0,   -0.003657131591,    -0.03719989902,      0.5466005258,                 0,       51.76836227,     0.02163505446
          0,           0,         687,      -10.88659064,      -11.21800756,      -11.66857006,      -11.41889386,      -15.75290064,      0.0157459358,     0.01058103321,      0.5477625738,                 0,                 0,                 0,    -0.00365715876,    -0.03719988479,      0.5466003696,                 0,       51.76834465,     0.02163505446
          0,           0,         688,      -10.88956237,       -11.2231926,      -11.67351918,      -11.42201804,      -15.75946867,      0.0157459358,     0.01058103377,      0.5477624192,                 0,                 0,                 0,   -0.003657185534,    -0.03719987075,      0.5466002157,                 0,       51.76832729,     0.02163505446
          0,           0,         689,      -10.89253454,      -11.22835922,      -11.67844754,      -11.42513943,      -15.76603679,      0.0157459358,     0.01058103432,      0.5477622669,                 0,                 0,                 0,   -0.003657211917,    -0.03719985693,       0.546600064,                 0,       51.76831018,     0.02163505446
          0,           0,         690,       -10.8955072,      -11.23350757,      -11.68335567,      -11.42825353,      -15.77260502,      0.0157459358,     0.01058103487,      0.5477621168,                 0,                 0,                 0,   -0.003657237916,     -0.0371998433,      0.5465999145,                 0,       51.76829332,     0.02163505446
          0,           0,         691,      -10.89848026,      -11.23863653,      -11.68824384,      -11.43135738,      -15.77917333,      0.0157459358,     0.01058103541,      0.5477619689,                 0,                 0,                 0,   -0.003657263537,    -0.03719982987,      0.5465997672,                 0,       51.76827671,     0.02163505446
          0,           0,         692,      -10.90145393,      -11.24374736,      -11.69310977,      -11.43446168,      -15.78574173,      0.0157459358,     0.01058103594,      0.5477618231,                 0,                 0,                 0,   -0.003657288785,    -0.03719981664,      0.5465996221,                 0,       51.76826034,     0.02163505446
          0,           0,         693,      -10.90442799,      -11.24883963,      -11.69795521,      -11.43755568,       -15.7923102,      0.0157459358,     0.01058103646,      0.5477616795,                 0,                 0,                 0,   -0.003657313666,     -0.0371998036,       0.546599479,                 0,       51.76824421,     0.02163505446
          0,           0,         694,      -10.90740252,      -11.25391295,      -11.70277994,      -11.44064503,      -15.79887874,      0.0157459358,     0.01058103697,      0.5477615379,                 0,                 0,                 0,   -0.003657338186,    -0.03719979075,       0.546599338,                 0,       51.76822831,     0.02163505446
          0,           0,         695,      -10.91037761,       -11.2589674,       -11.7075841,      -11.44373209,      -15.80544733,      0.0157459358,     0.01058103748,      0.5477613984,                 0,                 0,                 0,    -0.00365736235,    -0.03719977809,      0.5465991991,                 0,       51.76821265,     0.02163505446
          0,           0,         696,      -10.91335311,      -11.26400317,      -11.71236735,      -11.44680888,      -15.81201596,      0.0157459358,     0.01058103798,      0.5477612609,                 0,                 0,                 0,   -0.003657386163,    -0.03719976561,      0.5465990622,                 0,       51.76819721,     0.02163505446
          0,           0,         697,      -10.91632912,      -11.26902022,       -11.7171301,      -11.44988431,      -15.81858462,      0.0157459358,     0.01058103847,      0.5477611254,                 0,                 0,                 0,   -0.003657409631,    -0.03719975331,      0.5465989272,                 0,         51.768182,     0.02163505446
          0,           0,         698,      -10.91930561,      -11.27401816,       -11.7218711,      -11.45295327,       -15.8251533,      0.0157459358,     0.01058103896,      0.5477609919,                 0,                 0,                 0,   -0.003657432758,    -0.03719974119,      0.5465987942,                 0,       51.76816702,     0.02163505446
          0,           0,         699,       -10.9222826,       -11.2789971,      -11.72659184,      -11.45601692,        -15.831722,      0.0157459358,     0.01058103943,      0.5477608603,                 0,                 0,                 0,   -0.003657455551,    -0.03719972924,      0.5465986632,                 0,       51.76815225,     0.02163505446
          0,           0,         700,      -10.92526013,       -11.2839574,      -11.73129078,      -11.45907595,      -15.83829071,      0.0157459358,      0.0105810399,      0.5477607306,                 0,                 0,                 0,   -0.003657478014,    -0.03719971747,       0.546598534,                 0,       51.76813769,     0.02163505446
          0,           0,         701,      -10.92823806,      -11.28889885,      -11.73597127,      -11.46213263,       -15.8448594,      0.0157459358,     0.01058104036,      0.5477606027,                 0,                 0,                 0,   -0.003657500152,    -0.03719970587,      0.5465984067,                 0,       51.76812335,     0.02163505446
          0,           0,         702,      -10.93121652,      -11.29382053,      -11.74062983,      -11.46517893,       -15.8514281,      0.0157459358,     0.01058104082,      0.5477604768,                 0,                 0,                 0,    -0.00365752197,    -0.03719969443,      0.5465982812,                 0,       51.76810921,     0.02163505446
          0,           0,         703,      -10.93419549,      -11.29872389,      -11.74526698,      -11.46822201,      -15.85799677,      0.0157459358,     0.01058104127,      0.5477603526,                 0,                 0,                 0,   -0.003657543473,    -0.03719968317,      0.5465981576,                 0,       51.76809529,     0.02163505446
          0,           0,         704,      -10.93717496,       -11.3036083,      -11.74988531,      -11.47126511,      -15.86456542,      0.0157459358,     0.01058104171,      0.5477602302,                 0,                 0,                 0,   -0.003657564665,    -0.03719967206,      0.5465980357,                 0,       51.76808156,     0.02163505446
          0,           0,         705,      -10.94015492,      -11.30847317,      -11.75448184,      -11.47429914,      -15.87113401,      0.0157459358,     0.01058104214,      0.5477601096,                 0,                 0,                 0,   -0.003657585551,    -0.03719966112,      0.5465979156,                 0,       51.76806803,     0.02163505446
          0,           0,         706,      -10.94313536,       -11.3133196,      -11.75905826,      -11.47733089,      -15.87770256,      0.0157459358,     0.01058104257,      0.5477599908,                 0,                 0,                 0,   -0.003657606136,    -0.03719965033,      0.5465977972,                 0,       51.76805471,     0.02163505446
          0,           0,         707,      -10.94611631,      -11.31814662,      -11.76361398,      -11.48035699,      -15.88427105,      0.0157459358,     0.01058104299,      0.5477598736,                 0,                 0,                 0,   -0.003657626425,     -0.0371996397,      0.5465976806,                 0,       51.76804157,     0.02163505446
          0,           0,         708,       -10.9490978,      -11.32295471,      -11.76815018,      -11.48338027,      -15.89083946,      0.0157459358,     0.01058104341,      0.5477597581,                 0,                 0,                 0,   -0.003657646421,    -0.03719962922,      0.5465975656,                 0,       51.76802863,     0.02163505446
          0,           0,         709,      -10.95207977,      -11.32774382,      -11.77266541,      -11.48639897,      -15.89740779,      0.0157459358,     0.01058104382,      0.5477596443,                 0,                 0,                 0,   -0.003657666129,     -0.0371996189,      0.5465974523,                 0,       51.76801587,     0.02163505446
          0,           0,         710,      -10.95506223,      -11.33251369,      -11.77716026,      -11.48941018,      -15.90397603,      0.0157459358,     0.01058104422,      0.5477595322,                 0,                 0,                 0,   -0.003657685554,    -0.03719960872,      0.5465973406,                 0,        51.7680033,     0.02163505446
          0,           0,         711,      -10.95804529,      -11.33726501,      -11.78163551,      -11.49242493,      -15.91054416,      0.0157459358,     0.01058104462,      0.5477594216,                 0,                 0,                 0,   -0.003657704699,    -0.03719959869,      0.5465972305,                 0,       51.76799091,     0.02163505446
          0,           0,         712,      -10.96102872,      -11.34199722,       -11.7860907,      -11.49542797,      -15.91711219,      0.0157459358,     0.01058104501,      0.5477593127,                 0,                 0,                 0,    -0.00365772357,     -0.0371995888,      0.5465971219,                 0,        51.7679787,     0.02163505446
          0,           0,         713,      -10.96401269,      -11.34671013,      -11.79052539,      -11.49842868,      -15.92368009,      0.0157459358,     0.01058104539,      0.5477592053,                 0,                 0,                 0,   -0.003657742169,    -0.03719957906,       0.546597015,                 0,       51.76796667,     0.02163505446
          0,           0,         714,      -10.96699728,      -11.35140437,      -11.79493984,      -11.50143041,      -15.93024785,      0.0157459358,     0.01058104577,      0.5477590994,                 0,                 0,                 0,   -0.003657760502,    -0.03719956946,      0.5465969096,                 0,       51.76795482,     0.02163505446
          0,           0,         715,      -10.96998235,      -11.35608007,      -11.79933565,      -11.50442661,      -15.93681547,      0.0157459358,     0.01058104614,      0.5477589951,                 0,                 0,                 0,   -0.003657778572,    -0.03719955999,      0.5465968057,                 0,       51.76794313,     0.02163505446
          0,           0,         716,      -10.97296788,      -11.36073701,       -11.8037104,      -11.50741798,      -15.94338293,      0.0157459358,     0.01058104651,      0.5477588922,                 0,                 0,                 0,   -0.003657796382,    -0.03719955066,      0.5465967032,                 0,       51.76793162,     0.02163505446
          0,           0,         717,      -10.97595395,      -11.36537402,      -11.80806635,      -11.51040466,      -15.94995023,      0.0157459358,     0.01058104687,      0.5477587909,                 0,                 0,                 0,   -0.003657813938,    -0.03719954147,      0.5465966023,                 0,       51.76792027,     0.02163505446
          0,           0,         718,      -10.97894054,      -11.36999324,       -11.8124022,      -11.51339112,      -15.95651734,      0.0157459358,     0.01058104723,      0.5477586909,                 0,                 0,                 0,   -0.003657831243,    -0.03719953241,      0.5465965028,                 0,       51.76790909,     0.02163505446
          0,           0,         719,      -10.98192764,      -11.37459299,      -11.81671876,      -11.51636941,      -15.96308426,      0.0157459358,     0.01058104758,      0.5477585924,                 0,                 0,                 0,     -0.0036578483,    -0.03719952347,      0.5465964047,                 0,       51.76789807,     0.02163505446
          0,           0,         720,      -10.98491525,      -11.37917429,      -11.82101484,      -11.51934711,      -15.96965098,      0.0157459358,     0.01058104792,      0.5477584954,                 0,                 0,                 0,   -0.003657865113,    -0.03719951467,       0.546596308,                 0,       51.76788721,     0.02163505446
          0,           0,         721,      -10.98790343,      -11.38373743,      -11.82529341,      -11.52232397,      -15.97621749,      0.0157459358,     0.01058104826,      0.5477583997,                 0,                 0,                 0,   -0.003657881686,    -0.03719950599,      0.5465962127,                 0,       51.76787651,     0.02163505446
          0,           0,         722,      -10.99089213,      -11.38828188,      -11.82955271,      -11.52529627,      -15.98278376,      0.0157459358,     0.01058104859,      0.5477583054,                 0,                 0,                 0,   -0.003657898023,    -0.03719949744,      0.5465961188,                 0,       51.76786596,     0.02163505446
          0,           0,         723,      -10.99388139,      -11.39280743,      -11.83379336,      -11.52826565,      -15.98934981,      0.0157459358,     0.01058104892,      0.5477582124,                 0,                 0,                 0,   -0.003657914127,    -0.03719948901,      0.5465960262,                 0,       51.76785556,     0.02163505446
          0,           0,         724,      -10.99687107,      -11.39731414,      -11.83801426,      -11.53122836,      -15.99591558,      0.0157459358,     0.01058104925,      0.5477581207,                 0,                 0,                 0,   -0.003657930001,     -0.0371994807,      0.5465959349,                 0,       51.76784532,     0.02163505446
          0,           0,         725,      -10.99986127,       -11.4018026,      -11.84221551,      -11.53418904,      -16.00248111,      0.0157459358,     0.01058104957,      0.5477580304,                 0,                 0,                 0,   -0.003657945649,    -0.03719947251,      0.5465958449,                 0,       51.76783522,     0.02163505446
          0,           0,         726,      -11.00285211,        -11.406273,      -11.84639793,      -11.53714913,      -16.00904637,      0.0157459358,     0.01058104988,      0.5477579413,                 0,                 0,                 0,   -0.003657961075,    -0.03719946443,      0.5465957563,                 0,       51.76782527,     0.02163505446
          0,           0,         727,      -11.00584347,      -11.41072573,      -11.85056302,      -11.54011102,      -16.01561135,      0.0157459358,     0.01058105019,      0.5477578536,                 0,                 0,                 0,   -0.003657976281,    -0.03719945647,      0.5465956688,                 0,       51.76781547,     0.02163505446
          0,           0,         728,      -11.00883525,      -11.41515892,      -11.85471009,      -11.54306315,      -16.02217604,      0.0157459358,     0.01058105049,       0.547757767,                 0,                 0,                 0,   -0.003657991271,    -0.03719944863,      0.5465955827,                 0,        51.7678058,     0.02163505446
          0,           0,         729,      -11.01182764,       -11.4195747,      -11.85883861,      -11.54601379,      -16.02874042,      0.0157459358,     0.01058105079,      0.5477576817,                 0,                 0,                 0,   -0.003658006048,     -0.0371994409,      0.5465954977,                 0,       51.76779628,     0.02163505446
          0,           0,         730,      -11.01482056,       -11.4239722,      -11.86294776,      -11.54896257,      -16.03530448,      0.0157459358,     0.01058105108,      0.5477575976,                 0,                 0,                 0,   -0.003658020616,    -0.03719943328,       0.546595414,                 0,       51.76778689,     0.02163505446
          0,           0,         731,      -11.01781402,      -11.42835204,      -11.86703815,       -11.5519106,      -16.04186819,      0.0157459358,     0.01058105137,      0.5477575147,                 0,                 0,                 0,   -0.003658034977,    -0.03719942576,      0.5465953314,                 0,       51.76777764,     0.02163505446
          0,           0,         732,      -11.02080799,      -11.43271344,      -11.87111399,      -11.55485389,      -16.04843156,      0.0157459358,     0.01058105166,       0.547757433,                 0,                 0,                 0,   -0.003658049134,    -0.03719941836,        0.54659525,                 0,       51.76776852,     0.02163505446
          0,           0,         733,      -11.02380249,      -11.43705704,      -11.87517029,      -11.55779342,      -16.05499457,      0.0157459358,     0.01058105194,      0.5477573525,                 0,                 0,                 0,   -0.003658063091,    -0.03719941105,      0.5465951698,                 0,       51.76775953,     0.02163505446
          0,           0,         734,       -11.0267975,      -11.44138297,      -11.87920759,      -11.56073132,      -16.06155723,      0.0157459358,     0.01058105222,       0.547757273,                 0,                 0,                 0,   -0.003658076851,    -0.03719940386,      0.5465950907,                 0,       51.76775067,     0.02163505446
          0,           0,         735,      -11.02979311,      -11.44569128,      -11.88323126,      -11.56367118,      -16.06811949,      0.0157459358,     0.01058105249,      0.5477571947,                 0,                 0,                 0,   -0.003658090416,    -0.03719939676,      0.5465950127,                 0,       51.76774195,     0.02163505446
          0,           0,         736,      -11.03278926,      -11.44998244,      -11.88723355,      -11.56660743,      -16.07468137,      0.0157459358,     0.01058105276,      0.5477571176,                 0,                 0,                 0,   -0.003658103789,    -0.03719938977,      0.5465949359,                 0,       51.76773334,     0.02163505446
          0,           0,         737,      -11.03578591,      -11.45425575,      -11.89122123,      -11.56953737,      -16.08124283,      0.0157459358,     0.01058105302,      0.5477570415,                 0,                 0,                 0,   -0.003658116974,    -0.03719938288,      0.5465948601,                 0,       51.76772486,     0.02163505446
          0,           0,         738,      -11.03878315,      -11.45851218,      -11.89518974,      -11.57246919,      -16.08780386,      0.0157459358,     0.01058105328,      0.5477569665,                 0,                 0,                 0,   -0.003658129972,    -0.03719937608,      0.5465947854,                 0,        51.7677165,     0.02163505446
          0,           0,         739,       -11.0417809,      -11.46275047,      -11.89914226,      -11.57539633,      -16.09436446,      0.0157459358,     0.01058105353,      0.5477568925,                 0,                 0,                 0,   -0.003658142788,    -0.03719936938,      0.5465947117,                 0,       51.76770827,     0.02163505446
          0,           0,         740,       -11.0447792,      -11.46697201,      -11.90307927,      -11.57832396,       -16.1009246,      0.0157459358,     0.01058105378,      0.5477568196,                 0,                 0,                 0,   -0.003658155423,    -0.03719936278,      0.5465946391,                 0,       51.76770015,     0.02163505446
          0,           0,         741,        -11.047778,      -11.47117635,      -11.90699798,      -11.58124363,      -16.10748429,      0.0157459358,     0.01058105403,      0.5477567477,                 0,                 0,                 0,    -0.00365816788,    -0.03719935627,      0.5465945676,                 0,       51.76769215,     0.02163505446
          0,           0,         742,      -11.05077741,      -11.47536369,      -11.91089991,      -11.58416845,      -16.11404349,      0.0157459358,     0.01058105428,      0.5477566769,                 0,                 0,                 0,   -0.003658180162,    -0.03719934985,       0.546594497,                 0,       51.76768426,     0.02163505446
          0,           0,         743,      -11.05377729,      -11.47953432,      -11.91478668,      -11.58708962,      -16.12060216,      0.0157459358,     0.01058105451,       0.547756607,                 0,                 0,                 0,   -0.003658192271,    -0.03719934352,      0.5465944274,                 0,       51.76767649,     0.02163505446
          0,           0,         744,       -11.0567778,      -11.48368783,      -11.91865704,      -11.59000565,      -16.12716026,      0.0157459358,     0.01058105475,      0.5477565381,                 0,                 0,                 0,    -0.00365820421,    -0.03719933728,      0.5465943588,                 0,       51.76766883,     0.02163505446
          0,           0,         745,       -11.0597788,      -11.48782516,      -11.92251465,      -11.59292272,      -16.13371776,      0.0157459358,     0.01058105498,      0.5477564702,                 0,                 0,                 0,   -0.003658215982,    -0.03719933113,      0.5465942912,                 0,       51.76766127,     0.02163505446
          0,           0,         746,      -11.06278027,      -11.49194596,      -11.92635097,      -11.59583634,      -16.14027465,      0.0157459358,     0.01058105521,      0.5477564033,                 0,                 0,                 0,   -0.003658227589,    -0.03719932507,      0.5465942245,                 0,       51.76765383,     0.02163505446
          0,           0,         747,      -11.06578245,      -11.49605071,      -11.93017387,      -11.59875356,      -16.14683087,      0.0157459358,     0.01058105543,      0.5477563373,                 0,                 0,                 0,   -0.003658239034,    -0.03719931909,      0.5465941588,                 0,        51.7676465,     0.02163505446
          0,           0,         748,       -11.0687851,      -11.50013876,      -11.93398391,       -11.6016634,       -16.1533864,      0.0157459358,     0.01058105565,      0.5477562722,                 0,                 0,                 0,   -0.003658250318,     -0.0371993132,       0.546594094,                 0,       51.76763926,     0.02163505446
          0,           0,         749,      -11.07178828,      -11.50421041,      -11.93777306,      -11.60457128,      -16.15994126,      0.0157459358,     0.01058105587,       0.547756208,                 0,                 0,                 0,   -0.003658261445,    -0.03719930739,        0.54659403,                 0,       51.76763214,     0.02163505446
          0,           0,         750,       -11.0747921,      -11.50826672,      -11.94155085,      -11.60748133,      -16.16649546,      0.0157459358,     0.01058105609,      0.5477561447,                 0,                 0,                 0,   -0.003658272416,    -0.03719930167,       0.546593967,                 0,       51.76762511,     0.02163505446
          0,           0,         751,      -11.07779647,      -11.51230641,      -11.94531289,      -11.61038957,        -16.173049,      0.0157459358,      0.0105810563,      0.5477560824,                 0,                 0,                 0,   -0.003658283234,    -0.03719929602,      0.5465939049,                 0,       51.76761819,     0.02163505446
          0,           0,         752,      -11.08080121,      -11.51632993,      -11.94905959,      -11.61329017,       -16.1796019,      0.0157459358,      0.0105810565,      0.5477560208,                 0,                 0,                 0,   -0.003658293901,    -0.03719929045,      0.5465938437,                 0,       51.76761136,     0.02163505446
          0,           0,         753,      -11.08380663,       -11.5203381,      -11.95279446,      -11.61619388,      -16.18615423,      0.0157459358,     0.01058105671,      0.5477559602,                 0,                 0,                 0,    -0.00365830442,    -0.03719928496,      0.5465937833,                 0,       51.76760464,     0.02163505446
          0,           0,         754,      -11.08681262,      -11.52433095,      -11.95651281,      -11.61909606,      -16.19270598,      0.0157459358,     0.01058105691,      0.5477559004,                 0,                 0,                 0,   -0.003658314792,    -0.03719927955,      0.5465937237,                 0,         51.767598,     0.02163505446
          0,           0,         755,      -11.08981914,       -11.5283088,      -11.96021511,       -11.6219971,      -16.19925716,      0.0157459358,      0.0105810571,      0.5477558414,                 0,                 0,                 0,    -0.00365832502,    -0.03719927422,       0.546593665,                 0,       51.76759147,     0.02163505446
          0,           0,         756,      -11.09282619,      -11.53227056,      -11.96390332,      -11.62489707,      -16.20580778,      0.0157459358,      0.0105810573,      0.5477557833,                 0,                 0,                 0,   -0.003658335106,    -0.03719926896,      0.5465936071,                 0,       51.76758502,     0.02163505446
          0,           0,         757,      -11.09583385,      -11.53621765,      -11.96757856,      -11.62779566,      -16.21235785,      0.0157459358,     0.01058105749,       0.547755726,                 0,                 0,                 0,   -0.003658345052,    -0.03719926377,        0.54659355,                 0,       51.76757867,     0.02163505446
          0,           0,         758,      -11.09884197,      -11.54014933,      -11.97124137,      -11.63069017,      -16.21890734,      0.0157459358,     0.01058105768,      0.5477556695,                 0,                 0,                 0,   -0.003658354859,    -0.03719925866,      0.5465934937,                 0,       51.76757241,     0.02163505446
          0,           0,         759,      -11.10185071,       -11.5440648,      -11.97489007,      -11.63358412,      -16.22545624,      0.0157459358,     0.01058105786,      0.5477556137,                 0,                 0,                 0,   -0.003658364531,    -0.03719925362,      0.5465934382,                 0,       51.76756624,     0.02163505446
          0,           0,         760,      -11.10486008,      -11.54796865,      -11.97852394,      -11.63648275,      -16.23200452,      0.0157459358,     0.01058105804,      0.5477555588,                 0,                 0,                 0,   -0.003658374069,    -0.03719924865,      0.5465933835,                 0,       51.76756016,     0.02163505446
          0,           0,         761,      -11.10786992,      -11.55185585,      -11.98214497,      -11.63937495,      -16.23855213,      0.0157459358,     0.01058105822,      0.5477555046,                 0,                 0,                 0,   -0.003658383474,    -0.03719924374,      0.5465933295,                 0,       51.76755416,     0.02163505446
          0,           0,         762,      -11.11088043,      -11.55572972,      -11.98575043,      -11.64227415,      -16.24509906,      0.0157459358,      0.0105810584,      0.5477554511,                 0,                 0,                 0,    -0.00365839275,    -0.03719923891,      0.5465932763,                 0,       51.76754825,     0.02163505446
          0,           0,         763,      -11.11389128,      -11.55958752,      -11.98934927,      -11.64515805,       -16.2516453,      0.0157459358,     0.01058105857,      0.5477553984,                 0,                 0,                 0,   -0.003658401897,    -0.03719923415,      0.5465932238,                 0,       51.76754242,     0.02163505446
          0,           0,         764,      -11.11690286,      -11.56343335,      -11.99293215,      -11.64804915,      -16.25819078,      0.0157459358,     0.01058105874,      0.5477553465,                 0,                 0,                 0,   -0.003658410918,    -0.03719922945,       0.546593172,                 0,       51.76753668,     0.02163505446
          0,           0,         765,       -11.1199149,      -11.56726367,      -11.99650077,      -11.65093947,      -16.26473548,      0.0157459358,     0.01058105891,      0.5477552952,                 0,                 0,                 0,   -0.003658419815,    -0.03719922481,       0.546593121,                 0,       51.76753102,     0.02163505446
          0,           0,         766,      -11.12292759,      -11.57108035,      -12.00005894,      -11.65383059,      -16.27127934,      0.0157459358,     0.01058105907,      0.5477552447,                 0,                 0,                 0,   -0.003658428589,    -0.03719922024,      0.5465930707,                 0,       51.76752543,     0.02163505446
          0,           0,         767,      -11.12594081,      -11.57488284,      -12.00360257,      -11.65671669,      -16.27782239,      0.0157459358,     0.01058105924,      0.5477551948,                 0,                 0,                 0,   -0.003658437242,    -0.03719921574,       0.546593021,                 0,       51.76751993,     0.02163505446
          0,           0,         768,      -11.12895463,      -11.57867213,      -12.00713437,      -11.65960215,      -16.28436458,      0.0157459358,     0.01058105939,      0.5477551457,                 0,                 0,                 0,   -0.003658445777,     -0.0371992113,      0.5465929721,                 0,       51.76751451,     0.02163505446
          0,           0,         769,      -11.13196899,      -11.58244758,      -12.01065456,      -11.66248644,      -16.29090589,      0.0157459358,     0.01058105955,      0.5477550972,                 0,                 0,                 0,   -0.003658454194,    -0.03719920692,      0.5465929238,                 0,       51.76750916,     0.02163505446
          0,           0,         770,      -11.13498388,      -11.58621061,       -12.0141636,      -11.66537346,      -16.29744628,      0.0157459358,     0.01058105971,      0.5477550494,                 0,                 0,                 0,   -0.003658462495,     -0.0371992026,      0.5465928762,                 0,       51.76750389,     0.02163505446
          0,           0,         771,      -11.13799945,      -11.58995935,      -12.01766162,      -11.66825728,       -16.3039858,      0.0157459358,     0.01058105986,      0.5477550023,                 0,                 0,                 0,   -0.003658470683,    -0.03719919834,      0.5465928293,                 0,       51.76749869,     0.02163505446
          0,           0,         772,      -11.14101549,      -11.59369562,      -12.02115017,      -11.67113994,       -16.3105244,      0.0157459358,     0.01058106001,      0.5477549558,                 0,                 0,                 0,   -0.003658478759,    -0.03719919414,       0.546592783,                 0,       51.76749357,     0.02163505446
          0,           0,         773,      -11.14403206,      -11.59741772,      -12.02462279,      -11.67401985,      -16.31706206,      0.0157459358,     0.01058106015,        0.54775491,                 0,                 0,                 0,   -0.003658486724,       -0.03719919,      0.5465927373,                 0,       51.76748852,     0.02163505446
          0,           0,         774,      -11.14704929,      -11.60112881,      -12.02808518,      -11.67690493,      -16.32359879,      0.0157459358,      0.0105810603,      0.5477548648,                 0,                 0,                 0,    -0.00365849458,    -0.03719918591,      0.5465926923,                 0,       51.76748354,     0.02163505446
          0,           0,         775,       -11.1500671,      -11.60482648,      -12.03153842,      -11.67978617,      -16.33013456,      0.0157459358,     0.01058106044,      0.5477548202,                 0,                 0,                 0,   -0.003658502329,    -0.03719918189,      0.5465926479,                 0,       51.76747863,     0.02163505446
          0,           0,         776,      -11.15308532,      -11.60851103,      -12.03497894,      -11.68266314,       -16.3366694,      0.0157459358,     0.01058106058,      0.5477547762,                 0,                 0,                 0,   -0.003658509972,    -0.03719917791,      0.5465926041,                 0,       51.76747379,     0.02163505446
          0,           0,         777,       -11.1561042,      -11.61218314,      -12.03840878,      -11.68554248,      -16.34320325,      0.0157459358,     0.01058106072,      0.5477547329,                 0,                 0,                 0,   -0.003658517511,      -0.037199174,      0.5465925609,                 0,       51.76746902,     0.02163505446
          0,           0,         778,      -11.15912366,      -11.61584358,      -12.04182782,      -11.68841999,      -16.34973613,      0.0157459358,     0.01058106085,      0.5477546901,                 0,                 0,                 0,   -0.003658524948,    -0.03719917014,      0.5465925183,                 0,       51.76746431,     0.02163505446
          0,           0,         779,      -11.16214371,      -11.61949318,      -12.04523745,      -11.69130292,      -16.35626802,      0.0157459358,     0.01058106099,      0.5477546479,                 0,                 0,                 0,   -0.003658532283,    -0.03719916633,      0.5465924763,                 0,       51.76745967,     0.02163505446
          0,           0,         780,      -11.16516439,      -11.62312827,      -12.04863746,      -11.69418571,      -16.36279894,      0.0157459358,     0.01058106112,      0.5477546063,                 0,                 0,                 0,   -0.003658539518,    -0.03719916257,      0.5465924349,                 0,        51.7674551,     0.02163505446
          0,           0,         781,      -11.16818547,      -11.62675286,       -12.0520254,      -11.69705416,      -16.36932883,      0.0157459358,     0.01058106125,      0.5477545652,                 0,                 0,                 0,   -0.003658546656,    -0.03719915886,       0.546592394,                 0,       51.76745059,     0.02163505446
          0,           0,         782,      -11.17120725,      -11.63036587,      -12.05540266,      -11.69993541,      -16.37585767,      0.0157459358,     0.01058106137,      0.5477545248,                 0,                 0,                 0,   -0.003658553696,    -0.03719915521,      0.5465923537,                 0,       51.76744615,     0.02163505446
          0,           0,         783,      -11.17422956,      -11.63396784,      -12.05877291,      -11.70281196,      -16.38238549,      0.0157459358,      0.0105810615,      0.5477544849,                 0,                 0,                 0,   -0.003658560641,    -0.03719915161,      0.5465923139,                 0,       51.76744177,     0.02163505446
          0,           0,         784,      -11.17725241,      -11.63755776,      -12.06213404,      -11.70568746,      -16.38891225,      0.0157459358,     0.01058106162,      0.5477544455,                 0,                 0,                 0,   -0.003658567492,    -0.03719914805,      0.5465922747,                 0,       51.76743744,     0.02163505446
          0,           0,         785,      -11.18027589,      -11.64113628,      -12.06548318,      -11.70855921,      -16.39543793,      0.0157459358,     0.01058106174,      0.5477544066,                 0,                 0,                 0,   -0.003658574251,    -0.03719914455,       0.546592236,                 0,       51.76743318,     0.02163505446
          0,           0,         786,      -11.18329997,      -11.64470411,       -12.0688232,       -11.7114386,      -16.40196251,      0.0157459358,     0.01058106186,      0.5477543683,                 0,                 0,                 0,   -0.003658580918,    -0.03719914109,      0.5465921979,                 0,       51.76742898,     0.02163505446
          0,           0,         787,      -11.18632462,      -11.64826217,      -12.07215246,      -11.71431659,        -16.408486,      0.0157459358,     0.01058106197,      0.5477543305,                 0,                 0,                 0,   -0.003658587495,    -0.03719913768,      0.5465921603,                 0,       51.76742484,     0.02163505446
          0,           0,         788,      -11.18934971,      -11.65180543,      -12.07547546,      -11.71718263,      -16.41500839,      0.0157459358,     0.01058106209,      0.5477542933,                 0,                 0,                 0,   -0.003658593984,    -0.03719913432,      0.5465921231,                 0,       51.76742076,     0.02163505446
          0,           0,         789,      -11.19237541,      -11.65534057,      -12.07879285,      -11.72005784,      -16.42152965,      0.0157459358,      0.0105810622,      0.5477542565,                 0,                 0,                 0,   -0.003658600385,      -0.037199131,      0.5465920865,                 0,       51.76741673,     0.02163505446
          0,           0,         790,      -11.19540182,      -11.65886472,      -12.08209344,      -11.72293014,      -16.42804977,      0.0157459358,     0.01058106231,      0.5477542202,                 0,                 0,                 0,     -0.0036586067,    -0.03719912773,      0.5465920504,                 0,       51.76741276,     0.02163505446
          0,           0,         791,       -11.1984287,      -11.66237915,      -12.08538822,      -11.72580484,      -16.43456874,      0.0157459358,     0.01058106242,      0.5477541845,                 0,                 0,                 0,    -0.00365861293,    -0.03719912451,      0.5465920148,                 0,       51.76740885,     0.02163505446
          0,           0,         792,      -11.20145624,      -11.66588389,      -12.08867737,      -11.72867939,      -16.44108652,      0.0157459358,     0.01058106253,      0.5477541492,                 0,                 0,                 0,   -0.003658619077,    -0.03719912132,      0.5465919796,                 0,       51.76740499,     0.02163505446
          0,           0,         793,      -11.20448425,      -11.66937718,      -12.09195599,      -11.73155307,      -16.44760313,      0.0157459358,     0.01058106264,      0.5477541144,                 0,                 0,                 0,   -0.003658625141,    -0.03719911818,       0.546591945,                 0,       51.76740118,     0.02163505446
          0,           0,         794,      -11.20751294,      -11.67286213,      -12.09522892,      -11.73442759,      -16.45411854,      0.0157459358,     0.01058106274,        0.54775408,                 0,                 0,                 0,   -0.003658631124,    -0.03719911509,      0.5465919108,                 0,       51.76739743,     0.02163505446
          0,           0,         795,      -11.21054216,      -11.67633482,      -12.09849147,      -11.73729779,      -16.46063273,      0.0157459358,     0.01058106284,      0.5477540462,                 0,                 0,                 0,   -0.003658637027,    -0.03719911203,       0.546591877,                 0,       51.76739373,     0.02163505446
          0,           0,         796,      -11.21357204,      -11.67979998,      -12.10174595,      -11.74017332,      -16.46714568,      0.0157459358,     0.01058106294,      0.5477540127,                 0,                 0,                 0,   -0.003658642851,    -0.03719910902,      0.5465918438,                 0,       51.76739008,     0.02163505446
          0,           0,         797,      -11.21660234,      -11.68325386,      -12.10499436,      -11.74303775,      -16.47365736,      0.0157459358,     0.01058106304,      0.5477539798,                 0,                 0,                 0,   -0.003658648597,    -0.03719910605,      0.5465918109,                 0,       51.76738648,     0.02163505446
          0,           0,         798,      -11.21963337,      -11.68669888,       -12.1082335,      -11.74591424,      -16.48016778,      0.0157459358,     0.01058106314,      0.5477539473,                 0,                 0,                 0,   -0.003658654267,    -0.03719910312,      0.5465917785,                 0,       51.76738293,     0.02163505446
          0,           0,         799,      -11.22266496,      -11.69013544,      -12.11146417,      -11.74878767,      -16.48667697,      0.0157459358,     0.01058106323,      0.5477539152,                 0,                 0,                 0,   -0.003658659861,    -0.03719910023,      0.5465917466,                 0,       51.76737943,     0.02163505446
          0,           0,         800,      -11.22569702,      -11.69356174,      -12.11469071,      -11.75165718,      -16.49318485,      0.0157459358,     0.01058106333,      0.5477538835,                 0,                 0,                 0,   -0.003658665381,    -0.03719909738,      0.5465917151,                 0,       51.76737598,     0.02163505446
          0,           0,         801,      -11.22872973,      -11.69697977,      -12.11790828,      -11.75452738,      -16.49969142,      0.0157459358,     0.01058106342,      0.5477538523,                 0,                 0,                 0,   -0.003658670828,    -0.03719909456,       0.546591684,                 0,       51.76737258,     0.02163505446
          0,           0,         802,      -11.23176305,       -11.7003875,      -12.12112065,      -11.75739762,      -16.50619666,      0.0157459358,     0.01058106351,      0.5477538215,                 0,                 0,                 0,   -0.003658676202,    -0.03719909179,      0.5465916533,                 0,       51.76736922,     0.02163505446
          0,           0,         803,      -11.23479692,      -11.70378764,      -12.12432008,      -11.76026745,       -16.5127006,      0.0157459358,      0.0105810636,      0.5477537911,                 0,                 0,                 0,   -0.003658681505,    -0.03719908905,       0.546591623,                 0,       51.76736591,     0.02163505446
          0,           0,         804,       -11.2378314,      -11.70717948,      -12.12751637,      -11.76314328,      -16.51920317,      0.0157459358,     0.01058106369,      0.5477537611,                 0,                 0,                 0,   -0.003658686738,    -0.03719908635,      0.5465915932,                 0,       51.76736265,     0.02163505446
          0,           0,         805,      -11.24086645,      -11.71056207,      -12.13070887,      -11.76601093,      -16.52570442,      0.0157459358,     0.01058106377,      0.5477537315,                 0,                 0,                 0,   -0.003658691901,    -0.03719908368,      0.5465915637,                 0,       51.76735943,     0.02163505446
          0,           0,         806,      -11.24390207,      -11.71393499,      -12.13389329,      -11.76888306,      -16.53220425,      0.0157459358,     0.01058106386,      0.5477537024,                 0,                 0,                 0,   -0.003658696997,    -0.03719908106,      0.5465915346,                 0,       51.76735626,     0.02163505446
          0,           0,         807,      -11.24693835,      -11.71730333,      -12.13706752,      -11.77175923,      -16.53870269,      0.0157459358,     0.01058106394,      0.5477536736,                 0,                 0,                 0,   -0.003658702025,    -0.03719907846,       0.546591506,                 0,       51.76735313,     0.02163505446
          0,           0,         808,       -11.2499751,      -11.72065996,      -12.14024039,      -11.77462747,       -16.5451997,      0.0157459358,     0.01058106402,      0.5477536452,                 0,                 0,                 0,   -0.003658706987,    -0.03719907591,      0.5465914777,                 0,       51.76735004,     0.02163505446
          0,           0,         809,       -11.2530125,      -11.72400955,      -12.14340319,      -11.77749527,       -16.5516953,      0.0157459358,     0.01058106411,      0.5477536171,                 0,                 0,                 0,   -0.003658711883,    -0.03719907338,      0.5465914497,                 0,       51.76734699,     0.02163505446
          0,           0,         810,      -11.25605061,      -11.72735352,       -12.1465605,      -11.78037421,      -16.55818947,      0.0157459358,     0.01058106419,      0.5477535895,                 0,                 0,                 0,   -0.003658716715,    -0.03719907089,      0.5465914222,                 0,       51.76734399,     0.02163505446
          0,           0,         811,      -11.25908904,      -11.73068606,      -12.14971526,      -11.78323786,       -16.5646822,      0.0157459358,     0.01058106426,      0.5477535622,                 0,                 0,                 0,   -0.003658721484,    -0.03719906844,       0.546591395,                 0,       51.76734103,     0.02163505446
          0,           0,         812,       -11.2621281,       -11.7340115,      -12.15286163,      -11.78610932,      -16.57117351,      0.0157459358,     0.01058106434,      0.5477535353,                 0,                 0,                 0,    -0.00365872619,    -0.03719906601,      0.5465913682,                 0,       51.76733811,     0.02163505446
          0,           0,         813,      -11.26516799,      -11.73733162,      -12.15599649,       -11.7889882,      -16.57766333,      0.0157459358,     0.01058106442,      0.5477535087,                 0,                 0,                 0,   -0.003658730835,    -0.03719906362,      0.5465913417,                 0,       51.76733523,     0.02163505446
          0,           0,         814,      -11.26820837,      -11.74064343,      -12.15913551,      -11.79185745,      -16.58415164,      0.0157459358,     0.01058106449,      0.5477534825,                 0,                 0,                 0,   -0.003658735419,    -0.03719906126,      0.5465913156,                 0,       51.76733239,     0.02163505446
          0,           0,         815,      -11.27124938,      -11.74394782,       -12.1622617,      -11.79473154,      -16.59063842,      0.0157459358,     0.01058106456,      0.5477534566,                 0,                 0,                 0,   -0.003658739943,    -0.03719905893,      0.5465912899,                 0,       51.76732958,     0.02163505446
          0,           0,         816,      -11.27429086,      -11.74724528,      -12.16538926,      -11.79760149,      -16.59712367,      0.0157459358,     0.01058106464,      0.5477534311,                 0,                 0,                 0,   -0.003658744407,    -0.03719905664,      0.5465912645,                 0,       51.76732682,     0.02163505446
          0,           0,         817,      -11.27733293,      -11.75053387,       -12.1685091,      -11.80047141,      -16.60360741,      0.0157459358,     0.01058106471,      0.5477534059,                 0,                 0,                 0,   -0.003658748814,    -0.03719905437,      0.5465912394,                 0,       51.76732409,     0.02163505446
          0,           0,         818,      -11.28037571,      -11.75381835,      -12.17161659,      -11.80335155,      -16.61008959,      0.0157459358,     0.01058106478,       0.547753381,                 0,                 0,                 0,   -0.003658753164,    -0.03719905214,      0.5465912146,                 0,        51.7673214,     0.02163505446
          0,           0,         819,      -11.28341896,      -11.75709424,      -12.17472743,      -11.80622073,      -16.61657018,      0.0157459358,     0.01058106484,      0.5477533565,                 0,                 0,                 0,   -0.003658757456,    -0.03719904993,      0.5465911902,                 0,       51.76731875,     0.02163505446
          0,           0,         820,      -11.28646283,      -11.76036276,      -12.17782551,      -11.80909055,      -16.62304921,      0.0157459358,     0.01058106491,      0.5477533323,                 0,                 0,                 0,   -0.003658761693,    -0.03719904775,      0.5465911661,                 0,       51.76731613,     0.02163505446
          0,           0,         821,       -11.2895073,       -11.7636257,      -12.18093177,      -11.81196313,      -16.62952665,      0.0157459358,     0.01058106498,      0.5477533084,                 0,                 0,                 0,   -0.003658765876,    -0.03719904561,      0.5465911423,                 0,       51.76731355,     0.02163505446
          0,           0,         822,       -11.2925523,      -11.76688262,      -12.18402381,      -11.81483483,      -16.63600248,      0.0157459358,     0.01058106504,      0.5477532849,                 0,                 0,                 0,   -0.003658770004,    -0.03719904349,      0.5465911188,                 0,         51.767311,     0.02163505446
          0,           0,         823,      -11.29559796,       -11.7701313,      -12.18711018,      -11.81770746,      -16.64247668,      0.0157459358,     0.01058106511,      0.5477532616,                 0,                 0,                 0,   -0.003658774078,     -0.0371990414,      0.5465910957,                 0,       51.76730849,     0.02163505446
          0,           0,         824,      -11.29864429,      -11.77337582,      -12.19019493,      -11.82058728,       -16.6489492,      0.0157459358,     0.01058106517,      0.5477532386,                 0,                 0,                 0,     -0.0036587781,    -0.03719903933,      0.5465910728,                 0,       51.76730601,     0.02163505446
          0,           0,         825,      -11.30169128,      -11.77661256,      -12.19327374,      -11.82346219,      -16.65542004,      0.0157459358,     0.01058106523,       0.547753216,                 0,                 0,                 0,   -0.003658782071,     -0.0371990373,      0.5465910502,                 0,       51.76730357,     0.02163505446
          0,           0,         826,      -11.30473868,       -11.7798438,      -12.19634789,      -11.82633094,      -16.66188923,      0.0157459358,     0.01058106529,      0.5477531936,                 0,                 0,                 0,    -0.00365878599,    -0.03719903529,       0.546591028,                 0,       51.76730115,     0.02163505446
          0,           0,         827,      -11.30778677,      -11.78307069,      -12.19941627,      -11.82921217,      -16.66835672,      0.0157459358,     0.01058106535,      0.5477531716,                 0,                 0,                 0,   -0.003658789858,     -0.0371990333,       0.546591006,                 0,       51.76729878,     0.02163505446
          0,           0,         828,       -11.3108353,      -11.78628873,      -12.20248821,      -11.83208249,      -16.67482252,      0.0157459358,     0.01058106541,      0.5477531498,                 0,                 0,                 0,   -0.003658793677,    -0.03719903135,      0.5465909843,                 0,       51.76729643,     0.02163505446
          0,           0,         829,      -11.31388465,      -11.78950257,      -12.20555517,      -11.83495801,      -16.68128661,      0.0157459358,     0.01058106547,      0.5477531283,                 0,                 0,                 0,   -0.003658797447,    -0.03719902942,      0.5465909629,                 0,       51.76729411,     0.02163505446
          0,           0,         830,      -11.31693444,      -11.79271026,      -12.20860662,      -11.83782834,      -16.68774894,      0.0157459358,     0.01058106553,      0.5477531071,                 0,                 0,                 0,   -0.003658801169,    -0.03719902751,      0.5465909418,                 0,       51.76729183,     0.02163505446
          0,           0,         831,      -11.31998499,      -11.79591448,      -12.21165822,      -11.84071031,      -16.69420951,      0.0157459358,     0.01058106559,      0.5477530861,                 0,                 0,                 0,   -0.003658804843,    -0.03719902563,      0.5465909209,                 0,       51.76728957,     0.02163505446
          0,           0,         832,      -11.32303602,      -11.79911053,       -12.2147096,      -11.84358902,       -16.7006683,      0.0157459358,     0.01058106564,      0.5477530655,                 0,                 0,                 0,    -0.00365880847,    -0.03719902377,      0.5465909003,                 0,       51.76728735,     0.02163505446
          0,           0,         833,      -11.32608767,      -11.80230321,      -12.21775974,      -11.84646807,      -16.70712527,      0.0157459358,     0.01058106569,      0.5477530451,                 0,                 0,                 0,   -0.003658812051,    -0.03719902194,        0.54659088,                 0,       51.76728516,     0.02163505446
          0,           0,         834,      -11.32913985,       -11.8054878,      -12.22080303,      -11.84933712,      -16.71358043,      0.0157459358,     0.01058106575,       0.547753025,                 0,                 0,                 0,   -0.003658815586,    -0.03719902013,        0.54659086,                 0,       51.76728299,     0.02163505446
          0,           0,         835,       -11.3321927,      -11.80866798,      -12.22384224,      -11.85221098,      -16.72003377,      0.0157459358,      0.0105810658,      0.5477530051,                 0,                 0,                 0,   -0.003658819076,    -0.03719901835,      0.5465908402,                 0,       51.76728086,     0.02163505446
          0,           0,         836,      -11.33524624,      -11.81184699,      -12.22687649,      -11.85509999,       -16.7264853,      0.0157459358,     0.01058106585,      0.5477529855,                 0,                 0,                 0,   -0.003658822522,    -0.03719901659,      0.5465908207,                 0,       51.76727875,     0.02163505446
          0,           0,         837,      -11.33830026,      -11.81501886,      -12.22991103,       -11.8579765,      -16.73293498,      0.0157459358,      0.0105810659,      0.5477529661,                 0,                 0,                 0,   -0.003658825924,    -0.03719901485,      0.5465908014,                 0,       51.76727667,     0.02163505446
          0,           0,         838,      -11.34135493,      -11.81818363,       -12.2329376,       -11.8608508,      -16.73938275,      0.0157459358,     0.01058106595,       0.547752947,                 0,                 0,                 0,   -0.003658829283,    -0.03719901314,      0.5465907823,                 0,       51.76727462,     0.02163505446
          0,           0,         839,      -11.34441009,      -11.82134302,      -12.23596546,      -11.86372891,       -16.7458286,      0.0157459358,       0.010581066,      0.5477529281,                 0,                 0,                 0,     -0.0036588326,    -0.03719901144,      0.5465907636,                 0,        51.7672726,     0.02163505446
          0,           0,         840,      -11.34746597,       -11.8245018,      -12.23898865,      -11.86661352,      -16.75227256,      0.0157459358,     0.01058106605,      0.5477529095,                 0,                 0,                 0,   -0.003658835875,    -0.03719900977,       0.546590745,                 0,        51.7672706,     0.02163505446
          0,           0,         841,      -11.35052224,      -11.82765327,      -12.24200643,      -11.86948611,      -16.75871459,      0.0157459358,      0.0105810661,      0.5477528911,                 0,                 0,                 0,   -0.003658839108,    -0.03719900812,      0.5465907267,                 0,       51.76726863,     0.02163505446
          0,           0,         842,      -11.35357941,      -11.83080088,      -12.24502325,      -11.87236596,      -16.76515469,      0.0157459358,     0.01058106615,       0.547752873,                 0,                 0,                 0,   -0.003658842301,    -0.03719900649,      0.5465907086,                 0,       51.76726668,     0.02163505446
          0,           0,         843,      -11.35663717,       -11.8339444,      -12.24803822,      -11.87525371,       -16.7715928,      0.0157459358,     0.01058106619,      0.5477528551,                 0,                 0,                 0,   -0.003658845453,    -0.03719900489,      0.5465906908,                 0,       51.76726476,     0.02163505446
          0,           0,         844,      -11.35969544,      -11.83708188,      -12.25105492,      -11.87813084,       -16.7780289,      0.0157459358,     0.01058106624,      0.5477528374,                 0,                 0,                 0,   -0.003658848566,     -0.0371990033,      0.5465906732,                 0,       51.76726287,     0.02163505446
          0,           0,         845,      -11.36275424,      -11.84021511,       -12.2540551,      -11.88100261,      -16.78446301,      0.0157459358,     0.01058106628,        0.54775282,                 0,                 0,                 0,    -0.00365885164,    -0.03719900173,      0.5465906558,                 0,         51.767261,     0.02163505446
          0,           0,         846,      -11.36581391,      -11.84334723,      -12.25705902,      -11.88389887,      -16.79089509,      0.0157459358,     0.01058106633,      0.5477528027,                 0,                 0,                 0,   -0.003658854675,    -0.03719900019,      0.5465906386,                 0,       51.76725916,     0.02163505446
          0,           0,         847,      -11.36887396,      -11.84647517,      -12.26006943,      -11.88678515,      -16.79732515,      0.0157459358,     0.01058106637,      0.5477527857,                 0,                 0,                 0,   -0.003658857673,    -0.03719899866,      0.5465906217,                 0,       51.76725734,     0.02163505446
          0,           0,         848,      -11.37193467,      -11.84959633,      -12.26306305,      -11.88966409,      -16.80375315,      0.0157459358,     0.01058106641,      0.5477527689,                 0,                 0,                 0,   -0.003658860633,    -0.03719899716,       0.546590605,                 0,       51.76725554,     0.02163505446
          0,           0,         849,      -11.37499593,      -11.85271477,       -12.2660628,      -11.89255072,      -16.81017903,      0.0157459358,     0.01058106646,      0.5477527523,                 0,                 0,                 0,   -0.003658863556,    -0.03719899567,      0.5465905885,                 0,       51.76725377,     0.02163505446
          0,           0,         850,      -11.37805778,      -11.85582755,      -12.26905815,      -11.89542466,      -16.81660281,      0.0157459358,      0.0105810665,       0.547752736,                 0,                 0,                 0,   -0.003658866443,     -0.0371989942,      0.5465905721,                 0,       51.76725202,     0.02163505446
          0,           0,         851,      -11.38112035,      -11.85893786,      -12.27204997,      -11.89831204,      -16.82302452,      0.0157459358,     0.01058106654,      0.5477527198,                 0,                 0,                 0,   -0.003658869294,    -0.03719899275,       0.546590556,                 0,       51.76725029,     0.02163505446
          0,           0,         852,      -11.38418343,      -11.86204493,      -12.27503882,      -11.90119653,      -16.82944408,      0.0157459358,     0.01058106658,      0.5477527038,                 0,                 0,                 0,   -0.003658872109,    -0.03719899132,      0.5465905402,                 0,       51.76724859,     0.02163505446
          0,           0,         853,      -11.38724715,      -11.86514917,      -12.27802616,      -11.90408523,      -16.83586142,      0.0157459358,     0.01058106662,      0.5477526881,                 0,                 0,                 0,    -0.00365887489,    -0.03719898991,      0.5465905245,                 0,        51.7672469,     0.02163505446
          0,           0,         854,      -11.39031139,      -11.86824633,      -12.28101525,      -11.90696171,      -16.84227661,      0.0157459358,     0.01058106666,      0.5477526725,                 0,                 0,                 0,   -0.003658877636,    -0.03719898851,       0.546590509,                 0,       51.76724524,     0.02163505446
          0,           0,         855,      -11.39337639,      -11.87134351,       -12.2839947,      -11.90985867,      -16.84868951,      0.0157459358,     0.01058106669,      0.5477526572,                 0,                 0,                 0,   -0.003658880349,    -0.03719898714,      0.5465904937,                 0,       51.76724361,     0.02163505446
          0,           0,         856,      -11.39644195,      -11.87443431,      -12.28697764,      -11.91274292,      -16.85510023,      0.0157459358,     0.01058106673,       0.547752642,                 0,                 0,                 0,   -0.003658883027,    -0.03719898578,      0.5465904786,                 0,       51.76724199,     0.02163505446
          0,           0,         857,       -11.3995081,      -11.87752534,      -12.28995901,      -11.91563242,      -16.86150868,      0.0157459358,     0.01058106677,       0.547752627,                 0,                 0,                 0,   -0.003658885673,    -0.03719898444,      0.5465904637,                 0,       51.76724039,     0.02163505446
          0,           0,         858,      -11.40257495,      -11.88061216,      -12.29293544,      -11.91851889,      -16.86791491,      0.0157459358,     0.01058106681,      0.5477526123,                 0,                 0,                 0,   -0.003658888287,    -0.03719898311,      0.5465904489,                 0,       51.76723882,     0.02163505446
          0,           0,         859,      -11.40564223,      -11.88369738,      -12.29590957,      -11.92141329,      -16.87431882,      0.0157459358,     0.01058106684,      0.5477525977,                 0,                 0,                 0,   -0.003658890868,     -0.0371989818,      0.5465904344,                 0,       51.76723726,     0.02163505446
          0,           0,         860,      -11.40871032,       -11.8867757,      -12.29888601,      -11.92429859,       -16.8807204,      0.0157459358,     0.01058106688,      0.5477525832,                 0,                 0,                 0,   -0.003658893418,    -0.03719898051,        0.54659042,                 0,       51.76723573,     0.02163505446
          0,           0,         861,      -11.41177884,      -11.88985163,      -12.30185721,      -11.92717958,      -16.88711965,      0.0157459358,     0.01058106691,       0.547752569,                 0,                 0,                 0,   -0.003658895936,    -0.03719897924,      0.5465904058,                 0,       51.76723421,     0.02163505446
          0,           0,         862,      -11.41484815,      -11.89292411,      -12.30482896,      -11.93007766,      -16.89351652,      0.0157459358,     0.01058106695,      0.5477525549,                 0,                 0,                 0,   -0.003658898424,    -0.03719897798,      0.5465903918,                 0,       51.76723271,     0.02163505446
          0,           0,         863,        -11.417918,      -11.89599769,      -12.30779911,      -11.93297426,        -16.899911,      0.0157459358,     0.01058106698,      0.5477525411,                 0,                 0,                 0,   -0.003658900881,    -0.03719897673,       0.546590378,                 0,       51.76723124,     0.02163505446
          0,           0,         864,      -11.42098824,      -11.89906371,      -12.31076054,      -11.93586621,      -16.90630306,      0.0157459358,     0.01058106701,      0.5477525273,                 0,                 0,                 0,   -0.003658903309,     -0.0371989755,      0.5465903644,                 0,       51.76722978,     0.02163505446
          0,           0,         865,      -11.42405936,      -11.90213019,      -12.31372593,      -11.93876084,      -16.91269267,      0.0157459358,     0.01058106705,      0.5477525138,                 0,                 0,                 0,   -0.003658905707,    -0.03719897429,      0.5465903509,                 0,       51.76722834,     0.02163505446
          0,           0,         866,        -11.427131,      -11.90519011,      -12.31669313,      -11.94165059,      -16.91907983,      0.0157459358,     0.01058106708,      0.5477525004,                 0,                 0,                 0,   -0.003658908076,    -0.03719897309,      0.5465903376,                 0,       51.76722692,     0.02163505446
          0,           0,         867,      -11.43020321,      -11.90825034,      -12.31965549,       -11.9445462,      -16.92546455,      0.0157459358,     0.01058106711,      0.5477524872,                 0,                 0,                 0,   -0.003658910416,    -0.03719897191,      0.5465903244,                 0,       51.76722551,     0.02163505446
          0,           0,         868,      -11.43327617,      -11.91130863,      -12.32261673,      -11.94744235,      -16.93184673,      0.0157459358,     0.01058106714,      0.5477524742,                 0,                 0,                 0,   -0.003658912728,    -0.03719897074,      0.5465903114,                 0,       51.76722413,     0.02163505446
          0,           0,         869,      -11.43634958,      -11.91436039,      -12.32557386,      -11.95033059,      -16.93822635,      0.0157459358,     0.01058106717,      0.5477524613,                 0,                 0,                 0,   -0.003658915012,    -0.03719896959,      0.5465902986,                 0,       51.76722276,     0.02163505446
          0,           0,         870,       -11.4394237,      -11.91741392,      -12.32852964,      -11.95322978,      -16.94460338,      0.0157459358,      0.0105810672,      0.5477524486,                 0,                 0,                 0,   -0.003658917268,    -0.03719896845,      0.5465902859,                 0,       51.76722141,     0.02163505446
          0,           0,         871,      -11.44249834,      -11.92046209,      -12.33148472,      -11.95611824,      -16.95097788,      0.0157459358,     0.01058106723,       0.547752436,                 0,                 0,                 0,   -0.003658919497,    -0.03719896733,      0.5465902734,                 0,       51.76722008,     0.02163505446
          0,           0,         872,      -11.44557347,      -11.92350792,      -12.33444759,      -11.95901236,      -16.95734979,      0.0157459358,     0.01058106726,      0.5477524236,                 0,                 0,                 0,     -0.0036589217,    -0.03719896622,       0.546590261,                 0,       51.76721876,     0.02163505446
          0,           0,         873,      -11.44864963,      -11.92655734,      -12.33739235,       -11.9619207,      -16.96371899,      0.0157459358,     0.01058106729,      0.5477524114,                 0,                 0,                 0,   -0.003658923876,    -0.03719896512,      0.5465902488,                 0,       51.76721746,     0.02163505446
          0,           0,         874,      -11.45172618,      -11.92959688,      -12.34034961,      -11.96482081,      -16.97008553,      0.0157459358,     0.01058106732,      0.5477523993,                 0,                 0,                 0,   -0.003658926026,    -0.03719896404,      0.5465902368,                 0,       51.76721618,     0.02163505446
          0,           0,         875,      -11.45480334,      -11.93263614,      -12.34330157,      -11.96771088,      -16.97644933,      0.0157459358,     0.01058106735,      0.5477523873,                 0,                 0,                 0,    -0.00365892815,    -0.03719896297,      0.5465902249,                 0,       51.76721491,     0.02163505446
          0,           0,         876,      -11.45788105,      -11.93567449,      -12.34624999,      -11.97061664,      -16.98281046,      0.0157459358,     0.01058106737,      0.5477523755,                 0,                 0,                 0,   -0.003658930249,    -0.03719896191,      0.5465902131,                 0,       51.76721366,     0.02163505446
          0,           0,         877,      -11.46095941,      -11.93871165,      -12.34919915,      -11.97351581,      -16.98916891,      0.0157459358,      0.0105810674,      0.5477523638,                 0,                 0,                 0,   -0.003658932323,    -0.03719896087,      0.5465902015,                 0,       51.76721242,     0.02163505446
          0,           0,         878,      -11.46403844,      -11.94174437,      -12.35215341,      -11.97641612,      -16.99552457,      0.0157459358,     0.01058106743,      0.5477523523,                 0,                 0,                 0,   -0.003658934373,    -0.03719895983,        0.54659019,                 0,        51.7672112,     0.02163505446
          0,           0,         879,      -11.46711793,      -11.94477594,      -12.35510002,      -11.97931017,      -17.00187729,      0.0157459358,     0.01058106745,      0.5477523409,                 0,                 0,                 0,   -0.003658936398,    -0.03719895882,      0.5465901787,                 0,          51.76721,     0.02163505446
          0,           0,         880,      -11.47019814,      -11.94780412,      -12.35804256,       -11.9822167,      -17.00822726,      0.0157459358,     0.01058106748,      0.5477523297,                 0,                 0,                 0,   -0.003658938398,    -0.03719895781,      0.5465901675,                 0,       51.76720881,     0.02163505446
          0,           0,         881,      -11.47327899,      -11.95083085,      -12.36099131,      -11.98512309,      -17.01457439,      0.0157459358,     0.01058106751,      0.5477523186,                 0,                 0,                 0,   -0.003658940376,    -0.03719895682,      0.5465901564,                 0,       51.76720763,     0.02163505446
          0,           0,         882,      -11.47636042,      -11.95385857,      -12.36393313,      -11.98802416,      -17.02091865,      0.0157459358,     0.01058106753,      0.5477523076,                 0,                 0,                 0,    -0.00365894233,    -0.03719895583,      0.5465901455,                 0,       51.76720647,     0.02163505446
          0,           0,         883,      -11.47944241,      -11.95688061,      -12.36687961,      -11.99092878,      -17.02725995,      0.0157459358,     0.01058106756,      0.5477522968,                 0,                 0,                 0,   -0.003658944261,    -0.03719895487,      0.5465901347,                 0,       51.76720532,     0.02163505446
          0,           0,         884,      -11.48252498,      -11.95990471,      -12.36982387,      -11.99383243,      -17.03359822,      0.0157459358,     0.01058106758,      0.5477522861,                 0,                 0,                 0,   -0.003658946169,    -0.03719895391,       0.546590124,                 0,       51.76720419,     0.02163505446
          0,           0,         885,      -11.48560835,      -11.96292397,      -12.37276358,      -11.99673512,      -17.03993352,      0.0157459358,     0.01058106761,      0.5477522755,                 0,                 0,                 0,   -0.003658948054,    -0.03719895296,      0.5465901135,                 0,       51.76720307,     0.02163505446
          0,           0,         886,      -11.48869246,        -11.965946,      -12.37570963,      -11.99966103,      -17.04626576,      0.0157459358,     0.01058106763,       0.547752265,                 0,                 0,                 0,   -0.003658949918,    -0.03719895203,      0.5465901031,                 0,       51.76720197,     0.02163505446
          0,           0,         887,      -11.49177671,      -11.96896057,      -12.37864387,      -12.00254911,        -17.052595,      0.0157459358,     0.01058106765,      0.5477522547,                 0,                 0,                 0,    -0.00365895176,     -0.0371989511,      0.5465900928,                 0,       51.76720087,     0.02163505446
          0,           0,         888,      -11.49486189,      -11.97197851,      -12.38159054,      -12.00545945,      -17.05892111,      0.0157459358,     0.01058106768,      0.5477522445,                 0,                 0,                 0,    -0.00365895358,    -0.03719895019,      0.5465900826,                 0,        51.7671998,     0.02163505446
          0,           0,         889,      -11.49794766,      -11.97499002,      -12.38452174,      -12.00835951,      -17.06524431,      0.0157459358,      0.0105810677,      0.5477522344,                 0,                 0,                 0,   -0.003658955379,    -0.03719894929,      0.5465900726,                 0,       51.76719873,     0.02163505446
          0,           0,         890,      -11.50103412,      -11.97800265,      -12.38747189,      -12.01128151,      -17.07156419,      0.0157459358,     0.01058106772,      0.5477522245,                 0,                 0,                 0,   -0.003658957157,     -0.0371989484,      0.5465900627,                 0,       51.76719768,     0.02163505446
          0,           0,         891,      -11.50412074,      -11.98101405,       -12.3904045,      -12.01418094,      -17.07788095,      0.0157459358,     0.01058106775,      0.5477522146,                 0,                 0,                 0,   -0.003658958915,    -0.03719894752,      0.5465900529,                 0,       51.76719664,     0.02163505446
          0,           0,         892,      -11.50720851,      -11.98402531,      -12.39334255,      -12.01709757,      -17.08419448,      0.0157459358,     0.01058106777,      0.5477522049,                 0,                 0,                 0,   -0.003658960652,    -0.03719894665,      0.5465900432,                 0,       51.76719561,     0.02163505446
          0,           0,         893,      -11.51029672,      -11.98703059,      -12.39628322,      -12.02000629,       -17.0905047,      0.0157459358,     0.01058106779,      0.5477521953,                 0,                 0,                 0,   -0.003658962369,    -0.03719894579,      0.5465900336,                 0,        51.7671946,     0.02163505446
          0,           0,         894,      -11.51338516,       -11.9900391,      -12.39922004,      -12.02291269,      -17.09681167,      0.0157459358,     0.01058106781,      0.5477521858,                 0,                 0,                 0,   -0.003658964066,    -0.03719894494,      0.5465900242,                 0,        51.7671936,     0.02163505446
          0,           0,         895,      -11.51647451,      -11.99304205,      -12.40216083,      -12.02581973,      -17.10311521,      0.0157459358,     0.01058106783,      0.5477521764,                 0,                 0,                 0,   -0.003658965743,     -0.0371989441,      0.5465900149,                 0,       51.76719261,     0.02163505446
          0,           0,         896,      -11.51956462,      -11.99604594,      -12.40509054,      -12.02873616,      -17.10941546,      0.0157459358,     0.01058106785,      0.5477521672,                 0,                 0,                 0,   -0.003658967402,    -0.03719894328,      0.5465900056,                 0,       51.76719163,     0.02163505446
          0,           0,         897,      -11.52265536,      -11.99905036,      -12.40802643,      -12.03165739,      -17.11571245,      0.0157459358,     0.01058106787,       0.547752158,                 0,                 0,                 0,   -0.003658969041,    -0.03719894246,      0.5465899965,                 0,       51.76719066,     0.02163505446
          0,           0,         898,      -11.52574652,      -12.00205369,      -12.41096299,      -12.03457155,      -17.12200591,      0.0157459358,     0.01058106789,       0.547752149,                 0,                 0,                 0,   -0.003658970661,    -0.03719894165,      0.5465899875,                 0,       51.76718971,     0.02163505446
          0,           0,         899,      -11.52883809,      -12.00505093,      -12.41390389,      -12.03747531,      -17.12829595,      0.0157459358,     0.01058106791,        0.54775214,                 0,                 0,                 0,   -0.003658972263,    -0.03719894085,      0.5465899786,                 0,       51.76718877,     0.02163505446
          0,           0,         900,      -11.53193094,      -12.00805425,      -12.41683426,      -12.04040445,      -17.13458238,      0.0157459358,     0.01058106793,      0.5477521312,                 0,                 0,                 0,   -0.003658973846,    -0.03719894006,      0.5465899698,                 0,       51.76718783,     0.02163505446
          0,           0,         901,       -11.5350239,      -12.01105177,      -12.41977065,      -12.04332045,      -17.14086532,      0.0157459358,     0.01058106795,      0.5477521225,                 0,                 0,                 0,   -0.003658975412,    -0.03719893928,      0.5465899611,                 0,       51.76718691,     0.02163505446
          0,           0,         902,      -11.53811749,      -12.01404662,      -12.42270509,      -12.04622704,      -17.14714469,      0.0157459358,     0.01058106797,      0.5477521138,                 0,                 0,                 0,   -0.003658976959,    -0.03719893851,      0.5465899525,                 0,         51.767186,     0.02163505446
          0,           0,         903,      -11.54121186,      -12.01704683,      -12.42563273,      -12.04916071,      -17.15342044,      0.0157459358,     0.01058106799,      0.5477521053,                 0,                 0,                 0,   -0.003658978489,    -0.03719893775,       0.546589944,                 0,        51.7671851,     0.02163505446
          0,           0,         904,       -11.5443067,       -12.0200396,      -12.42856796,      -12.05207082,      -17.15969268,      0.0157459358,     0.01058106801,      0.5477520969,                 0,                 0,                 0,   -0.003658980002,    -0.03719893699,      0.5465899356,                 0,       51.76718422,     0.02163505446
          0,           0,         905,       -11.5474022,      -12.02303479,      -12.43150007,       -12.0549881,      -17.16596113,      0.0157459358,     0.01058106803,      0.5477520886,                 0,                 0,                 0,   -0.003658981497,    -0.03719893625,      0.5465899273,                 0,       51.76718334,     0.02163505446
          0,           0,         906,      -11.55049795,      -12.02602646,      -12.43444084,      -12.05790205,      -17.17222583,      0.0157459358,     0.01058106805,      0.5477520803,                 0,                 0,                 0,   -0.003658982976,    -0.03719893551,      0.5465899191,                 0,       51.76718247,     0.02163505446
          0,           0,         907,       -11.5535948,      -12.02902144,      -12.43737387,      -12.06082873,      -17.17848684,      0.0157459358,     0.01058106807,      0.5477520722,                 0,                 0,                 0,   -0.003658984437,    -0.03719893479,       0.546589911,                 0,       51.76718161,     0.02163505446
          0,           0,         908,      -11.55669209,      -12.03201093,      -12.44030773,      -12.06374342,      -17.18474411,      0.0157459358,     0.01058106808,      0.5477520641,                 0,                 0,                 0,   -0.003658985883,    -0.03719893407,       0.546589903,                 0,       51.76718077,     0.02163505446
          0,           0,         909,      -11.55978997,      -12.03500254,      -12.44324395,      -12.06667011,      -17.19099738,      0.0157459358,      0.0105810681,      0.5477520562,                 0,                 0,                 0,   -0.003658987312,    -0.03719893336,      0.5465898951,                 0,       51.76717993,     0.02163505446
          0,           0,         910,      -11.56288856,      -12.03799068,      -12.44616857,      -12.06958963,      -17.19724675,      0.0157459358,     0.01058106812,      0.5477520483,                 0,                 0,                 0,   -0.003658988725,    -0.03719893266,      0.5465898873,                 0,        51.7671791,     0.02163505446
          0,           0,         911,      -11.56598776,      -12.04098016,      -12.44910597,      -12.07252234,       -17.2034922,      0.0157459358,     0.01058106814,      0.5477520406,                 0,                 0,                 0,   -0.003658990122,    -0.03719893196,      0.5465898795,                 0,       51.76717828,     0.02163505446
          0,           0,         912,      -11.56908755,      -12.04396937,      -12.45203368,      -12.07544699,       -17.2097337,      0.0157459358,     0.01058106815,      0.5477520329,                 0,                 0,                 0,   -0.003658991504,    -0.03719893128,      0.5465898719,                 0,       51.76717747,     0.02163505446
          0,           0,         913,      -11.57218773,      -12.04695637,      -12.45497477,      -12.07837117,      -17.21597114,      0.0157459358,     0.01058106817,      0.5477520253,                 0,                 0,                 0,    -0.00365899287,     -0.0371989306,      0.5465898644,                 0,       51.76717667,     0.02163505446
          0,           0,         914,      -11.57528884,      -12.04994234,      -12.45789763,      -12.08129077,      -17.22220449,      0.0157459358,     0.01058106819,      0.5477520178,                 0,                 0,                 0,   -0.003658994221,    -0.03719892993,      0.5465898569,                 0,       51.76717588,     0.02163505446
          0,           0,         915,      -11.57839036,       -12.0529309,      -12.46082922,      -12.08422381,      -17.22843373,      0.0157459358,      0.0105810682,      0.5477520104,                 0,                 0,                 0,   -0.003658995557,    -0.03719892927,      0.5465898495,                 0,        51.7671751,     0.02163505446
          0,           0,         916,      -11.58149225,      -12.05591245,      -12.46377035,      -12.08713245,      -17.23465887,      0.0157459358,     0.01058106822,      0.5477520031,                 0,                 0,                 0,   -0.003658996878,    -0.03719892861,      0.5465898422,                 0,       51.76717433,     0.02163505446
          0,           0,         917,       -11.5845952,      -12.05889526,      -12.46669435,      -12.09006308,      -17.24087987,      0.0157459358,     0.01058106823,      0.5477519958,                 0,                 0,                 0,   -0.003658998185,    -0.03719892796,       0.546589835,                 0,       51.76717357,     0.02163505446
          0,           0,         918,      -11.58769882,       -12.0618808,      -12.46962629,      -12.09300028,      -17.24709659,      0.0157459358,     0.01058106825,      0.5477519887,                 0,                 0,                 0,   -0.003658999477,    -0.03719892732,      0.5465898279,                 0,       51.76717281,     0.02163505446
          0,           0,         919,      -11.59080277,      -12.06486623,      -12.47256427,      -12.09593677,      -17.25330905,      0.0157459358,     0.01058106827,      0.5477519816,                 0,                 0,                 0,   -0.003659000755,    -0.03719892669,      0.5465898208,                 0,       51.76717207,     0.02163505446
          0,           0,         920,      -11.59390729,      -12.06784575,       -12.4755045,      -12.09885309,       -17.2595172,      0.0157459358,     0.01058106828,      0.5477519746,                 0,                 0,                 0,   -0.003659002019,    -0.03719892607,      0.5465898138,                 0,       51.76717133,     0.02163505446
          0,           0,         921,      -11.59701229,      -12.07082902,      -12.47843398,      -12.10178435,      -17.26572095,      0.0157459358,      0.0105810683,      0.5477519677,                 0,                 0,                 0,   -0.003659003269,    -0.03719892545,       0.546589807,                 0,        51.7671706,     0.02163505446
          0,           0,         922,      -11.60011807,      -12.07381588,      -12.48136485,      -12.10472292,      -17.27192038,      0.0157459358,     0.01058106831,      0.5477519609,                 0,                 0,                 0,   -0.003659004505,    -0.03719892484,      0.5465898001,                 0,       51.76716988,     0.02163505446
          0,           0,         923,       -11.6032247,      -12.07679957,      -12.48429227,      -12.10766854,      -17.27811537,      0.0157459358,     0.01058106833,      0.5477519541,                 0,                 0,                 0,   -0.003659005728,    -0.03719892423,      0.5465897934,                 0,       51.76716917,     0.02163505446
          0,           0,         924,      -11.60633163,      -12.07977539,      -12.48723896,      -12.11058871,      -17.28430571,      0.0157459358,     0.01058106834,      0.5477519474,                 0,                 0,                 0,   -0.003659006937,    -0.03719892364,      0.5465897867,                 0,       51.76716846,     0.02163505446
          0,           0,         925,       -11.6094392,       -12.0827554,      -12.49017065,      -12.11351159,      -17.29049159,      0.0157459358,     0.01058106836,      0.5477519408,                 0,                 0,                 0,   -0.003659008133,    -0.03719892304,      0.5465897802,                 0,       51.76716777,     0.02163505446
          0,           0,         926,      -11.61254752,      -12.08573686,      -12.49309958,      -12.11645229,       -17.2966728,      0.0157459358,     0.01058106837,      0.5477519343,                 0,                 0,                 0,   -0.003659009316,    -0.03719892246,      0.5465897737,                 0,       51.76716708,     0.02163505446
          0,           0,         927,      -11.61565623,      -12.08871788,        -12.496029,       -12.1193862,      -17.30284931,      0.0157459358,     0.01058106839,      0.5477519278,                 0,                 0,                 0,   -0.003659010487,    -0.03719892188,      0.5465897672,                 0,        51.7671664,     0.02163505446
          0,           0,         928,      -11.61876566,      -12.09169689,      -12.49897008,       -12.1223237,      -17.30902107,      0.0157459358,      0.0105810684,      0.5477519214,                 0,                 0,                 0,   -0.003659011644,    -0.03719892131,      0.5465897609,                 0,       51.76716573,     0.02163505446
          0,           0,         929,       -11.6218755,      -12.09467102,      -12.50190374,      -12.12524115,      -17.31518814,      0.0157459358,     0.01058106841,      0.5477519151,                 0,                 0,                 0,   -0.003659012789,    -0.03719892075,      0.5465897546,                 0,       51.76716506,     0.02163505446
          0,           0,         930,       -11.6249863,      -12.09765207,      -12.50483573,      -12.12818418,      -17.32135039,      0.0157459358,     0.01058106843,      0.5477519089,                 0,                 0,                 0,   -0.003659013922,    -0.03719892019,      0.5465897483,                 0,        51.7671644,     0.02163505446
          0,           0,         931,      -11.62809733,      -12.10062708,      -12.50778001,      -12.13111638,      -17.32750792,      0.0157459358,     0.01058106844,      0.5477519027,                 0,                 0,                 0,   -0.003659015043,    -0.03719891964,      0.5465897422,                 0,       51.76716375,     0.02163505446
          0,           0,         932,      -11.63120942,      -12.10360912,      -12.51069571,      -12.13407069,      -17.33366045,      0.0157459358,     0.01058106846,      0.5477518966,                 0,                 0,                 0,   -0.003659016151,    -0.03719891909,      0.5465897361,                 0,       51.76716311,     0.02163505446
          0,           0,         933,      -11.63432181,      -12.10658805,      -12.51363664,      -12.13702101,      -17.33980792,      0.0157459358,     0.01058106847,      0.5477518905,                 0,                 0,                 0,   -0.003659017248,    -0.03719891855,      0.5465897301,                 0,       51.76716247,     0.02163505446
          0,           0,         934,      -11.63743454,      -12.10956045,      -12.51658005,      -12.13993384,      -17.34595065,      0.0157459358,     0.01058106848,      0.5477518846,                 0,                 0,                 0,   -0.003659018333,    -0.03719891802,      0.5465897242,                 0,       51.76716184,     0.02163505446
          0,           0,         935,      -11.64054845,      -12.11254174,      -12.51951198,      -12.14288571,      -17.35208836,      0.0157459358,      0.0105810685,      0.5477518787,                 0,                 0,                 0,   -0.003659019406,    -0.03719891749,      0.5465897183,                 0,       51.76716122,     0.02163505446
          0,           0,         936,       -11.6436625,      -12.11551505,       -12.5224525,      -12.14581671,      -17.35822094,      0.0157459358,     0.01058106851,      0.5477518728,                 0,                 0,                 0,   -0.003659020468,    -0.03719891697,      0.5465897125,                 0,        51.7671606,     0.02163505446
          0,           0,         937,      -11.64677767,      -12.11849788,      -12.52538325,      -12.14878388,      -17.36434828,      0.0157459358,     0.01058106852,       0.547751867,                 0,                 0,                 0,   -0.003659021519,    -0.03719891645,      0.5465897067,                 0,       51.76715999,     0.02163505446
          0,           0,         938,      -11.64989289,      -12.12147257,      -12.52832815,      -12.15170921,      -17.37047055,      0.0157459358,     0.01058106853,      0.5477518613,                 0,                 0,                 0,   -0.003659022558,    -0.03719891594,       0.546589701,                 0,       51.76715939,     0.02163505446
          0,           0,         939,      -11.65300869,      -12.12444455,      -12.53125607,      -12.15463455,      -17.37658743,      0.0157459358,     0.01058106855,      0.5477518557,                 0,                 0,                 0,   -0.003659023587,    -0.03719891544,      0.5465896954,                 0,       51.76715879,     0.02163505446
          0,           0,         940,      -11.65612556,      -12.12742706,      -12.53419551,      -12.15759712,      -17.38269903,      0.0157459358,     0.01058106856,      0.5477518501,                 0,                 0,                 0,   -0.003659024604,    -0.03719891494,      0.5465896898,                 0,        51.7671582,     0.02163505446
          0,           0,         941,      -11.65924279,      -12.13040237,       -12.5371339,      -12.16054168,      -17.38880525,      0.0157459358,     0.01058106857,      0.5477518446,                 0,                 0,                 0,   -0.003659025611,    -0.03719891444,      0.5465896843,                 0,       51.76715762,     0.02163505446
          0,           0,         942,       -11.6623606,      -12.13337477,      -12.54006302,      -12.16348264,      -17.39490624,      0.0157459358,     0.01058106858,      0.5477518391,                 0,                 0,                 0,   -0.003659026607,    -0.03719891395,      0.5465896789,                 0,       51.76715704,     0.02163505446
          0,           0,         943,      -11.66547884,      -12.13635032,        -12.543011,      -12.16642051,      -17.40100171,      0.0157459358,      0.0105810686,      0.5477518337,                 0,                 0,                 0,   -0.003659027593,    -0.03719891347,      0.5465896735,                 0,       51.76715647,     0.02163505446
          0,           0,         944,      -11.66859796,      -12.13932637,      -12.54595717,      -12.16937011,      -17.40709166,      0.0157459358,     0.01058106861,      0.5477518283,                 0,                 0,                 0,   -0.003659028568,    -0.03719891299,      0.5465896682,                 0,       51.76715591,     0.02163505446
          0,           0,         945,      -11.67171775,      -12.14230354,      -12.54888955,      -12.17231773,       -17.4131759,      0.0157459358,     0.01058106862,      0.5477518231,                 0,                 0,                 0,   -0.003659029533,    -0.03719891252,      0.5465896629,                 0,       51.76715535,     0.02163505446
          0,           0,         946,      -11.67483763,      -12.14527529,       -12.5518254,      -12.17526161,      -17.41925451,      0.0157459358,     0.01058106863,      0.5477518178,                 0,                 0,                 0,   -0.003659030489,    -0.03719891205,      0.5465896577,                 0,       51.76715479,     0.02163505446
          0,           0,         947,      -11.67795875,      -12.14825519,      -12.55476547,      -12.17823011,      -17.42532755,      0.0157459358,     0.01058106865,      0.5477518127,                 0,                 0,                 0,   -0.003659031434,    -0.03719891159,      0.5465896525,                 0,       51.76715425,     0.02163505446
          0,           0,         948,      -11.68107972,      -12.15122762,      -12.55770779,      -12.18116047,      -17.43139465,      0.0157459358,     0.01058106866,      0.5477518075,                 0,                 0,                 0,   -0.003659032369,    -0.03719891113,      0.5465896474,                 0,       51.76715371,     0.02163505446
          0,           0,         949,      -11.68420185,      -12.15420243,      -12.56064937,      -12.18411428,      -17.43745625,      0.0157459358,     0.01058106867,      0.5477518025,                 0,                 0,                 0,   -0.003659033295,    -0.03719891068,      0.5465896424,                 0,       51.76715317,     0.02163505446
          0,           0,         950,      -11.68732465,      -12.15718165,      -12.56358234,      -12.18706694,      -17.44351193,      0.0157459358,     0.01058106868,      0.5477517975,                 0,                 0,                 0,   -0.003659034211,    -0.03719891023,      0.5465896374,                 0,       51.76715264,     0.02163505446
          0,           0,         951,      -11.69044771,      -12.16015243,      -12.56653698,      -12.19000754,      -17.44956175,      0.0157459358,     0.01058106869,      0.5477517925,                 0,                 0,                 0,   -0.003659035117,    -0.03719890979,      0.5465896325,                 0,       51.76715212,     0.02163505446
          0,           0,         952,      -11.69357174,      -12.16312807,      -12.56947926,      -12.19297191,      -17.45560562,      0.0157459358,      0.0105810687,      0.5477517876,                 0,                 0,                 0,   -0.003659036014,    -0.03719890935,      0.5465896276,                 0,        51.7671516,     0.02163505446
          0,           0,         953,      -11.69669605,      -12.16610692,       -12.5724125,      -12.19592765,      -17.46164357,      0.0157459358,     0.01058106871,      0.5477517828,                 0,                 0,                 0,   -0.003659036902,    -0.03719890891,      0.5465896228,                 0,       51.76715108,     0.02163505446
          0,           0,         954,       -11.6998211,      -12.16908398,      -12.57536394,      -12.19888228,      -17.46767542,      0.0157459358,     0.01058106873,       0.547751778,                 0,                 0,                 0,   -0.003659037781,    -0.03719890849,       0.546589618,                 0,       51.76715058,     0.02163505446
          0,           0,         955,      -11.70294658,      -12.17205923,      -12.57828821,       -12.2018327,      -17.47370117,      0.0157459358,     0.01058106874,      0.5477517732,                 0,                 0,                 0,   -0.003659038651,    -0.03719890806,      0.5465896133,                 0,       51.76715007,     0.02163505446
          0,           0,         956,      -11.70607259,      -12.17503342,      -12.58124996,      -12.20478276,      -17.47972051,      0.0157459358,     0.01058106875,      0.5477517685,                 0,                 0,                 0,   -0.003659039512,    -0.03719890764,      0.5465896086,                 0,       51.76714958,     0.02163505446
          0,           0,         957,       -11.7091993,      -12.17800724,      -12.58418772,      -12.20773582,      -17.48573366,      0.0157459358,     0.01058106876,      0.5477517639,                 0,                 0,                 0,   -0.003659040364,    -0.03719890723,       0.546589604,                 0,       51.76714908,     0.02163505446
          0,           0,         958,      -11.71232669,       -12.1809844,      -12.58713056,       -12.2106921,      -17.49174041,      0.0157459358,     0.01058106877,      0.5477517593,                 0,                 0,                 0,   -0.003659041207,    -0.03719890681,      0.5465895994,                 0,        51.7671486,     0.02163505446
          0,           0,         959,      -11.71545469,      -12.18395915,      -12.59008134,       -12.2136549,      -17.49774094,      0.0157459358,     0.01058106878,      0.5477517547,                 0,                 0,                 0,   -0.003659042042,    -0.03719890641,      0.5465895949,                 0,       51.76714811,     0.02163505446
          0,           0,         960,      -11.71858312,      -12.18693326,      -12.59302655,      -12.21660623,      -17.50373544,      0.0157459358,     0.01058106879,      0.5477517502,                 0,                 0,                 0,   -0.003659042869,      -0.037198906,      0.5465895904,                 0,       51.76714764,     0.02163505446
          0,           0,         961,      -11.72171217,      -12.18991196,       -12.5959618,      -12.21956863,      -17.50972335,      0.0157459358,      0.0105810688,      0.5477517458,                 0,                 0,                 0,   -0.003659043687,    -0.03719890561,      0.5465895859,                 0,       51.76714716,     0.02163505446
          0,           0,         962,       -11.7248419,      -12.19289027,      -12.59892187,      -12.22253314,      -17.51570469,      0.0157459358,     0.01058106881,      0.5477517414,                 0,                 0,                 0,   -0.003659044496,    -0.03719890521,      0.5465895816,                 0,        51.7671467,     0.02163505446
          0,           0,         963,      -11.72797228,      -12.19586575,      -12.60186312,      -12.22549674,      -17.52167947,      0.0157459358,     0.01058106882,       0.547751737,                 0,                 0,                 0,   -0.003659045298,    -0.03719890482,      0.5465895772,                 0,       51.76714623,     0.02163505446
          0,           0,         964,      -11.73110274,      -12.19883592,      -12.60481772,      -12.22843198,      -17.52764757,      0.0157459358,     0.01058106883,      0.5477517327,                 0,                 0,                 0,   -0.003659046092,    -0.03719890444,      0.5465895729,                 0,       51.76714578,     0.02163505446
          0,           0,         965,      -11.73423486,      -12.20181575,      -12.60775792,      -12.23141295,      -17.53360893,      0.0157459358,     0.01058106884,      0.5477517285,                 0,                 0,                 0,   -0.003659046877,    -0.03719890405,      0.5465895687,                 0,       51.76714532,     0.02163505446
          0,           0,         966,      -11.73736598,      -12.20478965,      -12.61070313,      -12.23433858,      -17.53956393,      0.0157459358,     0.01058106885,      0.5477517242,                 0,                 0,                 0,   -0.003659047655,    -0.03719890368,      0.5465895645,                 0,       51.76714487,     0.02163505446
          0,           0,         967,      -11.74049937,      -12.20776992,      -12.61365232,       -12.2373305,      -17.54551172,      0.0157459358,     0.01058106886,      0.5477517201,                 0,                 0,                 0,   -0.003659048425,     -0.0371989033,      0.5465895603,                 0,       51.76714443,     0.02163505446
          0,           0,         968,      -11.74363247,      -12.21074763,      -12.61660983,      -12.24029674,      -17.55145253,      0.0157459358,     0.01058106887,      0.5477517159,                 0,                 0,                 0,   -0.003659049187,    -0.03719890293,      0.5465895562,                 0,       51.76714399,     0.02163505446
          0,           0,         969,      -11.74676634,        -12.213723,      -12.61956422,      -12.24324906,      -17.55738676,      0.0157459358,     0.01058106888,      0.5477517118,                 0,                 0,                 0,   -0.003659049942,    -0.03719890256,      0.5465895521,                 0,       51.76714355,     0.02163505446
          0,           0,         970,      -11.74990091,        -12.216706,      -12.62250995,      -12.24622492,      -17.56331399,      0.0157459358,     0.01058106889,      0.5477517078,                 0,                 0,                 0,   -0.003659050689,     -0.0371989022,      0.5465895481,                 0,       51.76714312,     0.02163505446
          0,           0,         971,      -11.75303582,      -12.21968081,      -12.62546318,      -12.24917591,      -17.56923402,      0.0157459358,      0.0105810689,      0.5477517038,                 0,                 0,                 0,   -0.003659051428,    -0.03719890184,      0.5465895441,                 0,       51.76714269,     0.02163505446
          0,           0,         972,      -11.75617145,      -12.22265883,      -12.62840689,      -12.25214645,      -17.57514711,      0.0157459358,     0.01058106891,      0.5477516998,                 0,                 0,                 0,   -0.003659052161,    -0.03719890149,      0.5465895401,                 0,       51.76714227,     0.02163505446
          0,           0,         973,      -11.75930759,      -12.22564145,      -12.63137116,      -12.25513031,      -17.58105325,      0.0157459358,     0.01058106892,      0.5477516959,                 0,                 0,                 0,   -0.003659052886,    -0.03719890114,      0.5465895362,                 0,       51.76714185,     0.02163505446
          0,           0,         974,      -11.76244444,      -12.22861778,      -12.63432482,      -12.25807128,      -17.58695214,      0.0157459358,     0.01058106893,       0.547751692,                 0,                 0,                 0,   -0.003659053604,    -0.03719890079,      0.5465895324,                 0,       51.76714144,     0.02163505446
          0,           0,         975,      -11.76558172,      -12.23159184,      -12.63728085,      -12.26104972,      -17.59284372,      0.0157459358,     0.01058106894,      0.5477516882,                 0,                 0,                 0,   -0.003659054315,    -0.03719890044,      0.5465895285,                 0,       51.76714103,     0.02163505446
          0,           0,         976,      -11.76871974,      -12.23457258,      -12.64021749,      -12.26401815,      -17.59872788,      0.0157459358,     0.01058106895,      0.5477516844,                 0,                 0,                 0,   -0.003659055019,     -0.0371989001,      0.5465895248,                 0,       51.76714062,     0.02163505446
          0,           0,         977,      -11.77185816,      -12.23755617,      -12.64318185,      -12.26698869,      -17.60460462,      0.0157459358,     0.01058106896,      0.5477516806,                 0,                 0,                 0,   -0.003659055716,    -0.03719889976,       0.546589521,                 0,       51.76714022,     0.02163505446
          0,           0,         978,      -11.77499729,      -12.24053405,       -12.6461408,      -12.26995189,      -17.61047387,      0.0157459358,     0.01058106897,      0.5477516769,                 0,                 0,                 0,   -0.003659056406,    -0.03719889943,      0.5465895173,                 0,       51.76713982,     0.02163505446
          0,           0,         979,      -11.77813673,      -12.24351154,        -12.649101,      -12.27290983,      -17.61633571,      0.0157459358,     0.01058106898,      0.5477516732,                 0,                 0,                 0,    -0.00365905709,     -0.0371988991,      0.5465895136,                 0,       51.76713943,     0.02163505446
          0,           0,         980,      -11.78127686,      -12.24648563,       -12.6520399,      -12.27587956,      -17.62219013,      0.0157459358,     0.01058106899,      0.5477516695,                 0,                 0,                 0,   -0.003659057767,    -0.03719889877,        0.54658951,                 0,       51.76713903,     0.02163505446
          0,           0,         981,      -11.78441853,      -12.24947164,      -12.65499767,       -12.2788641,       -17.6280368,      0.0157459358,       0.010581069,      0.5477516659,                 0,                 0,                 0,   -0.003659058437,    -0.03719889845,      0.5465895064,                 0,       51.76713865,     0.02163505446
          0,           0,         982,      -11.78755969,      -12.25245074,      -12.65796842,      -12.28184915,      -17.63387588,      0.0157459358,     0.01058106901,      0.5477516623,                 0,                 0,                 0,   -0.003659059101,    -0.03719889813,      0.5465895028,                 0,       51.76713826,     0.02163505446
          0,           0,         983,      -11.79070158,      -12.25543485,      -12.66090959,      -12.28481599,       -17.6397073,      0.0157459358,     0.01058106902,      0.5477516588,                 0,                 0,                 0,   -0.003659059758,    -0.03719889781,      0.5465894993,                 0,       51.76713788,     0.02163505446
          0,           0,         984,      -11.79384413,      -12.25841699,      -12.66387511,      -12.28779467,        -17.645531,      0.0157459358,     0.01058106903,      0.5477516553,                 0,                 0,                 0,   -0.003659060409,    -0.03719889749,      0.5465894958,                 0,       51.76713751,     0.02163505446
          0,           0,         985,       -11.7969872,      -12.26139625,      -12.66683749,      -12.29075231,      -17.65134681,      0.0157459358,     0.01058106904,      0.5477516518,                 0,                 0,                 0,   -0.003659061054,    -0.03719889718,      0.5465894923,                 0,       51.76713714,     0.02163505446
          0,           0,         986,      -11.80013114,       -12.2643811,      -12.66979449,      -12.29372631,      -17.65715466,      0.0157459358,     0.01058106904,      0.5477516484,                 0,                 0,                 0,   -0.003659061692,    -0.03719889687,      0.5465894889,                 0,       51.76713677,     0.02163505446
          0,           0,         987,      -11.80327543,       -12.2673619,      -12.67275932,       -12.2967091,      -17.66295485,      0.0157459358,     0.01058106905,       0.547751645,                 0,                 0,                 0,   -0.003659062325,    -0.03719889657,      0.5465894855,                 0,        51.7671364,     0.02163505446
          0,           0,         988,      -11.80642018,      -12.27033951,      -12.67571501,       -12.2996654,      -17.66874678,      0.0157459358,     0.01058106906,      0.5477516416,                 0,                 0,                 0,   -0.003659062951,    -0.03719889627,      0.5465894822,                 0,       51.76713604,     0.02163505446
          0,           0,         989,      -11.80956632,      -12.27332617,       -12.6786662,      -12.30266244,      -17.67453072,      0.0157459358,     0.01058106907,      0.5477516383,                 0,                 0,                 0,   -0.003659063572,    -0.03719889597,      0.5465894789,                 0,       51.76713568,     0.02163505446
          0,           0,         990,      -11.81271223,      -12.27630908,      -12.68163906,      -12.30563953,      -17.68030702,      0.0157459358,     0.01058106908,       0.547751635,                 0,                 0,                 0,   -0.003659064186,    -0.03719889567,      0.5465894756,                 0,       51.76713533,     0.02163505446
          0,           0,         991,      -11.81585898,        -12.279299,      -12.68459777,      -12.30862915,      -17.68607533,      0.0157459358,     0.01058106909,      0.5477516317,                 0,                 0,                 0,   -0.003659064795,    -0.03719889538,      0.5465894723,                 0,       51.76713497,     0.02163505446
          0,           0,         992,      -11.81900634,      -12.28227711,      -12.68757326,       -12.3115993,      -17.69183478,      0.0157459358,      0.0105810691,      0.5477516285,                 0,                 0,                 0,   -0.003659065398,    -0.03719889509,      0.5465894691,                 0,       51.76713463,     0.02163505446
          0,           0,         993,      -11.82215381,      -12.28526002,      -12.69053497,      -12.31457126,      -17.69758608,      0.0157459358,     0.01058106911,      0.5477516253,                 0,                 0,                 0,   -0.003659065995,     -0.0371988948,      0.5465894659,                 0,       51.76713428,     0.02163505446
          0,           0,         994,      -11.82530238,      -12.28824501,       -12.6935084,      -12.31754814,      -17.70332876,      0.0157459358,     0.01058106912,      0.5477516221,                 0,                 0,                 0,   -0.003659066586,    -0.03719889451,      0.5465894628,                 0,       51.76713394,     0.02163505446
          0,           0,         995,      -11.82845174,      -12.29123231,      -12.69645342,      -12.32054002,      -17.70906338,      0.0157459358,     0.01058106912,       0.547751619,                 0,                 0,                 0,   -0.003659067172,    -0.03719889423,      0.5465894596,                 0,        51.7671336,     0.02163505446
          0,           0,         996,      -11.83160092,      -12.29420974,      -12.69943326,      -12.32349207,      -17.71478952,      0.0157459358,     0.01058106913,      0.5477516159,                 0,                 0,                 0,   -0.003659067753,    -0.03719889395,      0.5465894565,                 0,       51.76713326,     0.02163505446
          0,           0,         997,      -11.83475116,      -12.29720204,      -12.70240328,      -12.32648645,      -17.72050695,      0.0157459358,     0.01058106914,      0.5477516128,                 0,                 0,                 0,   -0.003659068327,    -0.03719889368,      0.5465894535,                 0,       51.76713293,     0.02163505446
          0,           0,         998,      -11.83790227,      -12.30020043,      -12.70535923,      -12.32950172,      -17.72621626,      0.0157459358,     0.01058106915,      0.5477516098,                 0,                 0,                 0,   -0.003659068897,     -0.0371988934,      0.5465894504,                 0,        51.7671326,     0.02163505446
          0,           0,         999,      -11.84105351,      -12.30317771,       -12.7083285,      -12.33245659,      -17.73191706,      0.0157459358,     0.01058106916,      0.5477516067,                 0,                 0,                 0,   -0.003659069461,    -0.03719889313,      0.5465894474,                 0,       51.76713227,     0.02163505446
          0,           0,        1000,      -11.84420525,      -12.30616907,      -12.71129666,      -12.33545523,      -17.73760917,      0.0157459358,     0.01058106917,      0.5477516037,                 0,                 0,                 0,    -0.00365907002,    -0.03719889286,      0.5465894445,                 0,       51.76713195,     0.02163505446
          0,           0,        1001,      -11.84735772,      -12.30915071,      -12.71426151,       -12.3384249,      -17.74329232,      0.0157459358,     0.01058106918,      0.5477516008,                 0,                 0,                 0,   -0.003659070574,     -0.0371988926,      0.5465894415,                 0,       51.76713163,     0.02163505446
          0,           0,        1002,      -11.85051092,      -12.31214105,      -12.71723349,      -12.34142163,      -17.74896669,      0.0157459358,     0.01058106918,      0.5477515979,                 0,                 0,                 0,   -0.003659071123,    -0.03719889233,      0.5465894386,                 0,       51.76713131,     0.02163505446
          0,           0,        1003,      -11.85366428,      -12.31512496,      -12.72020849,      -12.34439231,       -17.7546324,      0.0157459358,     0.01058106919,       0.547751595,                 0,                 0,                 0,   -0.003659071666,    -0.03719889207,      0.5465894357,                 0,         51.767131,     0.02163505446
          0,           0,        1004,      -11.85681875,       -12.3181182,      -12.72317199,      -12.34738378,      -17.76028942,      0.0157459358,      0.0105810692,      0.5477515921,                 0,                 0,                 0,   -0.003659072205,    -0.03719889181,      0.5465894329,                 0,       51.76713068,     0.02163505446
          0,           0,        1005,      -11.85997358,      -12.32110765,      -12.72614458,      -12.35038132,      -17.76593768,      0.0157459358,     0.01058106921,      0.5477515892,                 0,                 0,                 0,   -0.003659072738,    -0.03719889156,        0.54658943,                 0,       51.76713038,     0.02163505446
          0,           0,        1006,      -11.86312924,      -12.32410005,       -12.7291129,      -12.35338276,      -17.77157689,      0.0157459358,     0.01058106922,      0.5477515864,                 0,                 0,                 0,   -0.003659073267,     -0.0371988913,      0.5465894272,                 0,       51.76713007,     0.02163505446
          0,           0,        1007,      -11.86628503,       -12.3270902,      -12.73209647,      -12.35635745,       -17.7772067,      0.0157459358,     0.01058106923,      0.5477515836,                 0,                 0,                 0,    -0.00365907379,    -0.03719889105,      0.5465894244,                 0,       51.76712976,     0.02163505446
          0,           0,        1008,      -11.86944142,      -12.33008308,      -12.73506621,      -12.35933346,       -17.7828283,      0.0157459358,     0.01058106923,      0.5477515809,                 0,                 0,                 0,   -0.003659074309,     -0.0371988908,      0.5465894217,                 0,       51.76712946,     0.02163505446
          0,           0,        1009,      -11.87259879,      -12.33307394,      -12.73803881,      -12.36234136,      -17.78844039,      0.0157459358,     0.01058106924,      0.5477515781,                 0,                 0,                 0,   -0.003659074823,    -0.03719889056,       0.546589419,                 0,       51.76712917,     0.02163505446
          0,           0,        1010,       -11.8757568,      -12.33606428,      -12.74102015,      -12.36532255,      -17.79404343,      0.0157459358,     0.01058106925,      0.5477515754,                 0,                 0,                 0,   -0.003659075333,    -0.03719889031,      0.5465894163,                 0,       51.76712887,     0.02163505446
          0,           0,        1011,      -11.87891465,       -12.3390509,      -12.74398318,      -12.36829745,      -17.79963701,      0.0157459358,     0.01058106926,      0.5477515727,                 0,                 0,                 0,   -0.003659075838,    -0.03719889007,      0.5465894136,                 0,       51.76712858,     0.02163505446
          0,           0,        1012,      -11.88207365,      -12.34204908,      -12.74695026,      -12.37130238,      -17.80522134,      0.0157459358,     0.01058106927,      0.5477515701,                 0,                 0,                 0,   -0.003659076338,    -0.03719888983,      0.5465894109,                 0,       51.76712829,     0.02163505446
          0,           0,        1013,      -11.88523331,      -12.34504328,      -12.74994701,      -12.37431615,      -17.81079659,      0.0157459358,     0.01058106927,      0.5477515675,                 0,                 0,                 0,   -0.003659076833,    -0.03719888959,      0.5465894083,                 0,         51.767128,     0.02163505446
          0,           0,        1014,      -11.88839343,      -12.34803081,      -12.75291705,      -12.37729173,       -17.8163631,      0.0157459358,     0.01058106928,      0.5477515648,                 0,                 0,                 0,   -0.003659077324,    -0.03719888936,      0.5465894057,                 0,       51.76712771,     0.02163505446
          0,           0,        1015,      -11.89155398,      -12.35103121,      -12.75588962,      -12.38029384,       -17.8219199,      0.0157459358,     0.01058106929,      0.5477515623,                 0,                 0,                 0,   -0.003659077811,    -0.03719888912,      0.5465894031,                 0,       51.76712743,     0.02163505446
          0,           0,        1016,       -11.8947148,      -12.35402052,      -12.75887662,      -12.38327462,      -17.82746708,      0.0157459358,      0.0105810693,      0.5477515597,                 0,                 0,                 0,   -0.003659078293,    -0.03719888889,      0.5465894006,                 0,       51.76712715,     0.02163505446
          0,           0,        1017,      -11.89787698,      -12.35702573,      -12.76185801,      -12.38629851,      -17.83300466,      0.0157459358,     0.01058106931,      0.5477515572,                 0,                 0,                 0,   -0.003659078771,    -0.03719888866,      0.5465893981,                 0,       51.76712687,     0.02163505446
          0,           0,        1018,      -11.90103923,      -12.36001517,      -12.76482826,      -12.38927389,      -17.83853292,      0.0157459358,     0.01058106931,      0.5477515547,                 0,                 0,                 0,   -0.003659079245,    -0.03719888844,      0.5465893956,                 0,       51.76712659,     0.02163505446
          0,           0,        1019,      -11.90420207,      -12.36300362,      -12.76781944,      -12.39224772,      -17.84405186,      0.0157459358,     0.01058106932,      0.5477515522,                 0,                 0,                 0,   -0.003659079714,    -0.03719888821,      0.5465893931,                 0,       51.76712632,     0.02163505446
          0,           0,        1020,      -11.90736565,      -12.36600358,      -12.77079738,      -12.39526418,      -17.84956171,      0.0157459358,     0.01058106933,      0.5477515497,                 0,                 0,                 0,    -0.00365908018,    -0.03719888799,      0.5465893906,                 0,       51.76712605,     0.02163505446
          0,           0,        1021,      -11.91052986,      -12.36900276,      -12.77376255,      -12.39826886,      -17.85506166,      0.0157459358,     0.01058106934,      0.5477515473,                 0,                 0,                 0,   -0.003659080641,    -0.03719888777,      0.5465893882,                 0,       51.76712578,     0.02163505446
          0,           0,        1022,      -11.91369476,      -12.37200271,      -12.77675393,      -12.40127299,      -17.86055154,      0.0157459358,     0.01058106934,      0.5477515449,                 0,                 0,                 0,   -0.003659081097,    -0.03719888755,      0.5465893858,                 0,       51.76712552,     0.02163505446
          0,           0,        1023,      -11.91685953,      -12.37499796,      -12.77972804,      -12.40427288,      -17.86603171,      0.0157459358,     0.01058106935,      0.5477515425,                 0,                 0,                 0,    -0.00365908155,    -0.03719888733,      0.5465893834,                 0,       51.76712525,     0.02163505446
          0,           0,        1024,      -11.92002533,      -12.37799728,      -12.78272503,      -12.40726233,      -17.87150246,      0.0157459358,     0.01058106936,      0.5477515401,                 0,                 0,                 0,   -0.003659081999,    -0.03719888712,      0.5465893811,                 0,       51.76712499,     0.02163505446
          0,           0,        1025,      -11.92319199,      -12.38098914,      -12.78571113,      -12.41024812,      -17.87696335,      0.0157459358,     0.01058106937,      0.5477515377,                 0,                 0,                 0,   -0.003659082444,    -0.03719888691,      0.5465893787,                 0,       51.76712473,     0.02163505446
          0,           0,        1026,      -11.92635929,      -12.38400079,      -12.78867482,      -12.41328104,      -17.88241469,      0.0157459358,     0.01058106938,      0.5477515354,                 0,                 0,                 0,   -0.003659082885,     -0.0371988867,      0.5465893764,                 0,       51.76712447,     0.02163505446
          0,           0,        1027,      -11.92952663,      -12.38699642,      -12.79167906,      -12.41627819,      -17.88785632,      0.0157459358,     0.01058106938,      0.5477515331,                 0,                 0,                 0,   -0.003659083322,    -0.03719888649,      0.5465893741,                 0,       51.76712422,     0.02163505446
          0,           0,        1028,      -11.93269443,      -12.38999794,      -12.79465479,      -12.41926614,       -17.8932878,      0.0157459358,     0.01058106939,      0.5477515308,                 0,                 0,                 0,   -0.003659083755,    -0.03719888628,      0.5465893718,                 0,       51.76712396,     0.02163505446
          0,           0,        1029,      -11.93586297,       -12.3929974,      -12.79764595,      -12.42226714,      -17.89870919,      0.0157459358,      0.0105810694,      0.5477515286,                 0,                 0,                 0,   -0.003659084184,    -0.03719888608,      0.5465893696,                 0,       51.76712371,     0.02163505446
          0,           0,        1030,      -11.93903276,      -12.39600341,      -12.80064718,      -12.42529289,      -17.90412086,      0.0157459358,     0.01058106941,      0.5477515263,                 0,                 0,                 0,    -0.00365908461,    -0.03719888587,      0.5465893673,                 0,       51.76712346,     0.02163505446
          0,           0,        1031,       -11.9422021,      -12.39899429,      -12.80364282,      -12.42825227,      -17.90952282,      0.0157459358,     0.01058106941,      0.5477515241,                 0,                 0,                 0,   -0.003659085031,    -0.03719888567,      0.5465893651,                 0,       51.76712322,     0.02163505446
          0,           0,        1032,      -11.94537306,       -12.4020058,      -12.80660981,      -12.43128749,      -17.91491449,      0.0157459358,     0.01058106942,      0.5477515219,                 0,                 0,                 0,    -0.00365908545,    -0.03719888547,      0.5465893629,                 0,       51.76712297,     0.02163505446
          0,           0,        1033,      -11.94854455,      -12.40501606,      -12.80961131,      -12.43430824,      -17.92029657,      0.0157459358,     0.01058106943,      0.5477515197,                 0,                 0,                 0,   -0.003659085864,    -0.03719888528,      0.5465893608,                 0,       51.76712273,     0.02163505446
          0,           0,        1034,      -11.95171648,      -12.40801822,      -12.81258922,      -12.43731547,      -17.92566907,      0.0157459358,     0.01058106944,      0.5477515175,                 0,                 0,                 0,   -0.003659086275,    -0.03719888508,      0.5465893586,                 0,       51.76712249,     0.02163505446
          0,           0,        1035,      -11.95488814,      -12.41101846,      -12.81559735,      -12.44031286,      -17.93103095,      0.0157459358,     0.01058106944,      0.5477515154,                 0,                 0,                 0,   -0.003659086682,    -0.03719888489,      0.5465893565,                 0,       51.76712225,     0.02163505446
          0,           0,        1036,      -11.95806063,      -12.41402339,      -12.81857809,      -12.44332044,      -17.93638247,      0.0157459358,     0.01058106945,      0.5477515133,                 0,                 0,                 0,   -0.003659087086,    -0.03719888469,      0.5465893544,                 0,       51.76712201,     0.02163505446
          0,           0,        1037,       -11.9612344,      -12.41702649,      -12.82157644,      -12.44631578,      -17.94172392,      0.0157459358,     0.01058106946,      0.5477515112,                 0,                 0,                 0,   -0.003659087486,     -0.0371988845,      0.5465893523,                 0,       51.76712178,     0.02163505446
          0,           0,        1038,       -11.9644083,       -12.4200348,      -12.82457898,      -12.44934457,      -17.94705572,      0.0157459358,     0.01058106947,      0.5477515091,                 0,                 0,                 0,   -0.003659087883,    -0.03719888431,      0.5465893502,                 0,       51.76712155,     0.02163505446
          0,           0,        1039,      -11.96758278,      -12.42304526,      -12.82756411,      -12.45235098,      -17.95237713,      0.0157459358,     0.01058106947,       0.547751507,                 0,                 0,                 0,   -0.003659088276,    -0.03719888413,      0.5465893481,                 0,       51.76712131,     0.02163505446
          0,           0,        1040,      -11.97075828,      -12.42604447,      -12.83056325,      -12.45537245,      -17.95768777,      0.0157459358,     0.01058106948,       0.547751505,                 0,                 0,                 0,   -0.003659088666,    -0.03719888394,      0.5465893461,                 0,       51.76712109,     0.02163505446
          0,           0,        1041,       -11.9739333,      -12.42905512,      -12.83354867,       -12.4583577,      -17.96298842,      0.0157459358,     0.01058106949,       0.547751503,                 0,                 0,                 0,   -0.003659089053,    -0.03719888376,      0.5465893441,                 0,       51.76712086,     0.02163505446
          0,           0,        1042,      -11.97711018,      -12.43207039,      -12.83653879,       -12.4613992,      -17.96827912,      0.0157459358,     0.01058106949,      0.5477515009,                 0,                 0,                 0,   -0.003659089436,    -0.03719888358,      0.5465893421,                 0,       51.76712063,     0.02163505446
          0,           0,        1043,      -11.98028672,      -12.43507648,      -12.83955774,      -12.46440712,      -17.97355933,      0.0157459358,      0.0105810695,       0.547751499,                 0,                 0,                 0,   -0.003659089816,    -0.03719888339,      0.5465893401,                 0,       51.76712041,     0.02163505446
          0,           0,        1044,      -11.98346385,      -12.43809415,      -12.84252729,      -12.46741767,      -17.97882947,      0.0157459358,     0.01058106951,       0.547751497,                 0,                 0,                 0,   -0.003659090193,    -0.03719888322,      0.5465893381,                 0,       51.76712019,     0.02163505446
          0,           0,        1045,      -11.98664211,      -12.44110252,      -12.84553663,      -12.47044221,      -17.98408954,      0.0157459358,     0.01058106952,       0.547751495,                 0,                 0,                 0,   -0.003659090566,    -0.03719888304,      0.5465893362,                 0,       51.76711997,     0.02163505446
          0,           0,        1046,      -11.98982079,      -12.44411806,      -12.84854758,      -12.47346852,      -17.98933866,      0.0157459358,     0.01058106952,      0.5477514931,                 0,                 0,                 0,   -0.003659090936,    -0.03719888286,      0.5465893343,                 0,       51.76711975,     0.02163505446
          0,           0,        1047,      -11.99299955,      -12.44712442,      -12.85154281,      -12.47643872,      -17.99457781,      0.0157459358,     0.01058106953,      0.5477514912,                 0,                 0,                 0,   -0.003659091303,    -0.03719888269,      0.5465893323,                 0,       51.76711953,     0.02163505446
          0,           0,        1048,      -11.99617956,      -12.45013041,      -12.85453198,      -12.47945692,      -17.99980615,      0.0157459358,     0.01058106954,      0.5477514893,                 0,                 0,                 0,   -0.003659091668,    -0.03719888251,      0.5465893305,                 0,       51.76711932,     0.02163505446
          0,           0,        1049,      -11.99935898,      -12.45314014,      -12.85752944,      -12.48245243,      -18.00502493,      0.0157459358,     0.01058106954,      0.5477514874,                 0,                 0,                 0,   -0.003659092028,    -0.03719888234,      0.5465893286,                 0,        51.7671191,     0.02163505446
          0,           0,        1050,      -12.00254029,      -12.45615461,       -12.8605276,      -12.48550791,      -18.01023282,      0.0157459358,     0.01058106955,      0.5477514855,                 0,                 0,                 0,   -0.003659092386,    -0.03719888217,      0.5465893267,                 0,       51.76711889,     0.02163505446
