"Time_Iter","Outer_Iter","Inner_Iter",    "rms[Rho]"    ,    "rms[RhoU]"   ,    "rms[RhoV]"   ,    "rms[RhoE]"   ,     "rms[nu]"    ,    "RefForce"    ,       "CD"       ,       "CL"       ,       "CSF"      ,       "CMx"      ,       "CMy"      ,       "CMz"      ,       "CFx"      ,       "CFy"      ,       "CFz"      ,      "CEff"      ,     "Buffet"     
          0,           0,           0,      -4.335141048,      -14.88441803,      -14.89150427,      -3.789123062,      -10.32368673,     0.01574572346,        1.36467062,       2.830945741,                 0,                 0,                 0,      0.9938307627,       1.112744457,        2.93911202,                 0,       2.074453499,   0.0007867864015
          0,           0,           1,      -5.370725981,      -4.634864428,      -4.597582402,      -4.799730268,      -10.74091671,     0.01574572346,       0.683024257,       1.501726821,                 0,                 0,                 0,      0.4517263611,       0.549541027,       1.555541783,                 0,       2.198643467,   0.0007867864015
          0,           0,           2,      -4.985703356,      -4.748091497,      -4.982780493,      -4.430992991,      -11.62594191,     0.01574572346,      0.4736091393,       1.036626196,                 0,                 0,                 0,      0.2317319237,      0.3814589875,       1.073959277,                 0,       2.188779967,   0.0007867864015
          0,           0,           3,      -5.046443019,      -4.811861472,      -5.072117001,      -4.494057483,      -11.71653322,     0.01574572346,      0.3666740475,      0.8375842294,                 0,                 0,                 0,      0.1302921745,      0.2922784665,      0.8663547175,                 0,       2.284274644,   0.0007867864015
          0,           0,           4,      -5.198898057,       -4.85481366,      -5.113156259,      -4.647265621,      -11.67425415,     0.01574572346,      0.3102633675,      0.7605120222,                 0,                 0,                 0,     0.08373686651,      0.2427997315,      0.7846592786,                 0,       2.451182131,   0.0007867864015
          0,           0,           5,       -5.32441544,      -4.892898966,      -5.160279275,       -4.77426042,      -11.67311289,     0.01574572346,      0.2744857339,      0.7260299866,                 0,                 0,                 0,     0.06169235781,        0.21016355,      0.7471902313,                 0,       2.645055451,   0.0007867864015
          0,           0,           6,      -5.446894151,      -4.929164594,      -5.210142405,      -4.898534787,      -11.72573243,     0.01574572346,       0.249639238,      0.7097241684,                 0,                 0,                 0,     0.05145775408,      0.1868327483,      0.7287809469,                 0,       2.842999258,   0.0007867864015
          0,           0,           7,      -5.550210371,      -4.962135321,      -5.246736988,       -5.00387902,      -11.81964693,     0.01574572346,      0.2311165935,      0.7057761934,                 0,                 0,                 0,      0.0467750358,      0.1687246767,      0.7232336403,                 0,       3.053766858,   0.0007867864015
          0,           0,           8,      -5.636001272,      -4.992091415,      -5.266713665,      -5.091136323,      -11.93749493,     0.01574572346,      0.2161253779,      0.7073419484,                 0,                 0,                 0,      0.0442777236,      0.1536540427,      0.7234868666,                 0,       3.272831517,   0.0007867864015
          0,           0,           9,      -5.707232172,       -5.02010858,      -5.275304588,      -5.162876914,      -12.06768006,     0.01574572346,      0.2032860516,      0.7112104184,                 0,                 0,                 0,     0.04281129312,      0.1405264145,      0.7262215949,                 0,        3.49856969,   0.0007867864015
          0,           0,          10,      -5.772521245,      -5.046835664,      -5.283742867,      -5.228282192,      -12.18695864,     0.01574572346,      0.1918616971,      0.7150494353,                 0,                 0,                 0,     0.04185953661,      0.1288109408,       0.729050305,                 0,       3.726900397,   0.0007867864015
          0,           0,          11,      -5.835895372,      -5.072762419,      -5.294858875,      -5.291884229,      -12.27433194,     0.01574572346,      0.1815508079,      0.7188415572,                 0,                 0,                 0,     0.04114572035,      0.1182087825,      0.7319293436,                 0,        3.95945116,   0.0007867864015
          0,           0,          12,      -5.891999916,      -5.098123484,      -5.307165012,       -5.34839131,      -12.34786245,     0.01574572346,      0.1722116767,      0.7225597419,                 0,                 0,                 0,     0.04077158337,      0.1085811283,      0.7348194205,                 0,       4.195765094,   0.0007867864015
          0,           0,          13,      -5.938854725,      -5.122916519,      -5.320389705,      -5.395542305,      -12.39550217,     0.01574572346,      0.1636952189,      0.7261203306,                 0,                 0,                 0,     0.04055715269,     0.09978675243,      0.7376242019,                 0,       4.435806589,   0.0007867864015
          0,           0,          14,      -5.977713153,      -5.147049156,      -5.334357162,      -5.434232322,      -12.40974321,     0.01574572346,      0.1558760923,      0.7295135246,                 0,                 0,                 0,     0.04045444079,     0.09170164364,       0.740323002,                 0,       4.680086046,   0.0007867864015
          0,           0,          15,      -6.012251631,      -5.170544546,      -5.348961977,        -5.4680411,      -12.41348432,     0.01574572346,      0.1486691914,      0.7327292757,                 0,                 0,                 0,     0.04047931647,     0.08424189595,      0.7428983934,                 0,       4.928588559,   0.0007867864015
          0,           0,          16,      -6.045812825,      -5.193512137,      -5.364296255,      -5.500438199,      -12.40682563,     0.01574572346,      0.1419989401,      0.7358354983,                 0,                 0,                 0,     0.04058360162,      0.0773263019,      0.7454114452,                 0,       5.181978806,   0.0007867864015
          0,           0,          17,      -6.079920301,       -5.21608391,      -5.380430981,      -5.533084909,      -12.38945223,     0.01574572346,      0.1357938141,      0.7387673592,                 0,                 0,                 0,     0.04072503737,     0.07088925969,      0.7477913371,                 0,        5.44036092,   0.0007867864015
          0,           0,          18,      -6.115062895,      -5.238383569,      -5.397358531,      -5.566556103,      -12.37290361,     0.01574572346,      0.1299916867,      0.7414035377,                 0,                 0,                 0,     0.04086143627,     0.06487945311,      0.7499117954,                 0,       5.703468863,   0.0007867864015
          0,           0,          19,      -6.151327635,      -5.260514432,      -5.415071213,       -5.60098143,      -12.35771645,     0.01574572346,       0.124546397,      0.7436976171,                 0,                 0,                 0,     0.04097083157,     0.05925494217,      0.7517225569,                 0,        5.97124955,   0.0007867864015
          0,           0,          20,       -6.18823834,      -5.282550243,      -5.433577138,      -5.635912978,      -12.33851344,     0.01574572346,      0.1194286679,       0.745693042,                 0,                 0,                 0,     0.04105877167,     0.05398277478,      0.7532643491,                 0,       6.243836219,   0.0007867864015
          0,           0,          21,      -6.225087153,      -5.304540829,      -5.452873704,       -5.67067222,      -12.31771557,     0.01574572346,      0.1146182905,      0.7474828671,                 0,                 0,                 0,     0.04114309175,     0.04903470883,      0.7546281113,                 0,       6.521497257,   0.0007867864015
          0,           0,          22,      -6.261495782,      -5.326521995,      -5.472946593,      -5.704911391,      -12.29318149,     0.01574572346,      0.1100938237,      0.7491378396,                 0,                 0,                 0,     0.04123430606,     0.04438321861,      0.7558824529,                 0,       6.804540115,   0.0007867864015
          0,           0,          23,      -6.297367149,      -5.348525291,      -5.493786327,      -5.738570992,      -12.27385557,     0.01574572346,      0.1058295979,      0.7506660413,                 0,                 0,                 0,     0.04132867912,     0.04000202791,      0.7570331876,                 0,       7.093157835,   0.0007867864015
          0,           0,          24,      -6.332691388,      -5.370584079,      -5.515390417,      -5.771691714,      -12.25531462,     0.01574572346,      0.1018001307,      0.7520397654,                 0,                 0,                 0,     0.04141631863,     0.03586816611,       0.758050493,                 0,       7.387414539,   0.0007867864015
          0,           0,          25,      -6.367684679,      -5.392734547,      -5.537748358,      -5.804530993,      -12.23705208,     0.01574572346,     0.09798626983,      0.7532543452,                 0,                 0,                 0,     0.04149524904,     0.03196296057,      0.7589280511,                 0,       7.687345854,   0.0008502955855
          0,           0,          26,      -6.402828359,      -5.415010679,      -5.560833066,      -5.837584288,      -12.21666342,     0.01574572346,     0.09437534191,      0.7543500007,                 0,                 0,                 0,     0.04157333758,     0.02827028064,      0.7597048242,                 0,       7.993083632,   0.0008502955855
          0,           0,          27,      -6.438565319,      -5.437439615,      -5.584605487,      -5.871300253,      -12.19528444,     0.01574572346,     0.09095783541,       0.755396703,                 0,                 0,                 0,     0.04166293052,     0.02477455266,      0.7604496882,                 0,       8.304910727,   0.0008502955855
          0,           0,          28,      -6.475044081,      -5.460041209,       -5.60902583,      -5.905843365,      -12.17393995,     0.01574572346,     0.08772342215,      0.7564526332,                 0,                 0,                 0,     0.04177412609,     0.02146041694,      0.7612197026,                 0,       8.623154623,   0.0008502955855
          0,           0,          29,       -6.51215173,      -5.482829722,      -5.634065294,      -5.941120316,      -12.15158466,     0.01574572346,     0.08466008697,      0.7575525541,                 0,                 0,                 0,     0.04191131564,     0.01831287425,      0.7620484507,                 0,         8.9481665,   0.0008502955855
          0,           0,          30,      -6.549669046,      -5.505815713,      -5.659708998,      -5.976922606,      -12.12817648,     0.01574572346,     0.08175418559,      0.7586893582,                 0,                 0,                 0,     0.04207226281,     0.01531895171,      0.7629276629,                 0,       9.280128628,   0.0008502955855
          0,           0,          31,      -6.587367071,      -5.529008821,      -5.685952394,      -6.013020078,      -12.10410386,     0.01574572346,     0.07899206527,      0.7598314089,                 0,                 0,                 0,     0.04224903675,     0.01246780581,      0.7638246331,                 0,       9.619085237,   0.0008502955855
          0,           0,          32,      -6.624977419,      -5.552418824,      -5.712797157,      -6.049140784,      -12.07945337,     0.01574572346,     0.07636257763,      0.7609529279,                 0,                 0,                 0,     0.04243414877,    0.009750577342,      0.7647127094,                 0,       9.964997928,   0.0008502955855
          0,           0,          33,      -6.662189402,      -5.576054698,      -5.740243217,      -6.084972311,      -12.05476756,     0.01574572346,     0.07385824558,      0.7620566185,                 0,                 0,                 0,     0.04262642259,    0.007159582057,      0.7655939332,                 0,       10.31782724,    0.005403293334
          0,           0,          34,      -6.698747991,      -5.599921942,      -5.768278753,      -6.120254088,      -12.03035989,     0.01574572346,     0.07147336063,      0.7631659633,                 0,                 0,                 0,     0.04282868654,    0.004687086543,      0.7664912002,                 0,       10.67762809,    0.005403293334
          0,           0,          35,      -6.734575157,       -5.62402199,      -5.796880757,      -6.154887969,      -12.00614064,     0.01574572346,      0.0692019991,       0.764303564,                 0,                 0,                 0,     0.04304406685,    0.002325219794,      0.7674265098,                 0,       11.04453013,    0.005403293334
          0,           0,          36,      -6.769773855,      -5.648354011,      -5.826023348,       -6.18894438,      -11.98210376,     0.01574572346,     0.06703768948,      0.7654830988,                 0,                 0,                 0,     0.04327318839,   6.634279651e-05,      0.7684129241,                 0,       11.41869752,    0.005403293334
          0,           0,          37,      -6.804472519,      -5.672916857,      -5.855683595,      -6.222532107,      -11.95799853,     0.01574572346,     0.06497242542,      0.7666911416,                 0,                 0,                 0,     0.04351258831,   -0.002096350174,      0.7694363703,                 0,       11.80025429,    0.005403293334
          0,           0,          38,      -6.838702311,      -5.697710786,      -5.885847431,      -6.255694802,      -11.93388979,     0.01574572346,      0.0629976456,      0.7678964282,                 0,                 0,                 0,     0.04375421242,   -0.004168663019,      0.7704649571,                 0,       12.18928773,    0.005403293334
          0,           0,          39,      -6.872424036,      -5.722736571,      -5.916514237,       -6.28842605,      -11.90989117,     0.01574572346,     0.06110578096,      0.7690639587,                 0,                 0,                 0,     0.04398874132,   -0.006155085518,      0.7714631578,                 0,        12.5857807,    0.005403293334
          0,           0,          40,       -6.90561263,       -5.74799317,       -5.94769156,      -6.320729492,      -11.88615399,     0.01574572346,     0.05929190639,      0.7701721708,                 0,                 0,                 0,     0.04421172658,   -0.008058644804,      0.7724090633,                 0,        12.9894992,    0.005403293334
          0,           0,          41,      -6.938268906,      -5.773474804,      -5.979380625,      -6.352629443,      -11.86274193,     0.01574572346,     0.05755317009,      0.7712184765,                 0,                 0,                 0,     0.04442346785,   -0.009881956231,      0.7732998466,                 0,        13.4001042,    0.005403293334
          0,           0,          42,      -6.970443144,       -5.79916893,      -6.011569037,      -6.384196113,      -11.83967763,     0.01574572346,     0.05588722968,      0.7722108672,                 0,                 0,                 0,     0.04462606822,    -0.01162804979,      0.7741432648,                 0,       13.81730445,    0.005403293334
          0,           0,          43,      -7.002234304,      -5.825056346,      -6.044234562,      -6.415547269,      -11.81702222,     0.01574572346,     0.05429146652,      0.7731601489,                 0,                 0,                 0,     0.04482137822,    -0.01330047595,      0.7749498542,                 0,        14.2409148,    0.005403293334
          0,           0,          44,      -7.033727909,       -5.85111363,      -6.077351517,      -6.446791181,       -11.7948107,     0.01574572346,     0.05276256234,      0.7740728952,                 0,                 0,                 0,     0.04500982555,    -0.01490311326,      0.7757258744,                 0,       14.67087383,    0.005403293334
          0,           0,          45,      -7.064946774,      -5.877315456,      -6.110896679,      -6.477975653,      -11.77307243,     0.01574572346,      0.0512964924,      0.7749474056,                 0,                 0,                 0,     0.04519009318,    -0.01643982296,      0.7764692807,                 0,       15.10722019,    0.005403293334
          0,           0,          46,      -7.095869143,      -5.903635544,      -6.144854409,      -6.509096044,      -11.75183304,     0.01574572346,     0.04988908231,      0.7757757659,                 0,                 0,                 0,     0.04535969021,     -0.0179140738,      0.7771718249,                 0,       15.55001074,    0.005403293334
          0,           0,          47,      -7.126489783,      -5.930046715,      -6.179219325,       -6.54014356,      -11.73113752,     0.01574572346,     0.04853652928,      0.7765467847,                 0,                 0,                 0,     0.04551601424,    -0.01932867867,       0.777822027,                 0,        15.9992236,    0.005403293334
          0,           0,          48,      -7.156843504,      -5.956520484,      -6.213993579,       -6.57112889,      -11.71102057,     0.01574572346,     0.04723586238,      0.7772507369,                 0,                 0,                 0,     0.04565761374,    -0.02068574961,      0.7784099399,                 0,       16.45467443,    0.005403293334
          0,           0,          49,       -7.18696021,      -5.983026156,      -6.249178092,      -6.602055827,      -11.69151052,     0.01574572346,     0.04598508755,      0.7778839671,                 0,                 0,                 0,      0.0457848741,    -0.02198695451,      0.7789317482,                 0,       16.91600492,    0.005403293334
          0,           0,          50,      -7.216818015,      -6.009529944,      -6.284762506,      -6.632892715,      -11.67265375,     0.01574572346,     0.04478286077,      0.7784496017,                 0,                 0,                 0,     0.04589963274,    -0.02323390476,      0.7793904494,                 0,       17.38275734,    0.005403293334
          0,           0,          51,      -7.246359021,      -6.035994466,      -6.320720257,      -6.663588901,      -11.65446262,     0.01574572346,     0.04362801257,      0.7789554441,                 0,                 0,                 0,     0.04600427281,    -0.02442844548,      0.7797937153,                 0,       17.85447922,    0.005403293334
          0,           0,          52,      -7.275528409,      -6.062379584,      -6.357009578,       -6.69410391,      -11.63697237,     0.01574572346,     0.04251918997,      0.7794108494,                 0,                 0,                 0,     0.04610095116,    -0.02557273986,      0.7801507474,                 0,       18.33080192,    0.005403293334
          0,           0,          53,      -7.304289807,      -6.088643968,      -6.393578228,      -6.724413162,      -11.62019062,     0.01574572346,     0.04145468089,       0.779824041,                 0,                 0,                 0,     0.04619115557,    -0.02666921019,      0.7804695886,                 0,       18.81148339,    0.005403293334
          0,           0,          54,      -7.332618676,      -6.114746708,      -6.430368925,      -6.754496474,      -11.60411665,     0.01574572346,     0.04043242959,      0.7802008218,                 0,                 0,                 0,     0.04627558824,    -0.02772041012,      0.7807558405,                 0,       19.29641205,    0.005403293334
          0,           0,          55,      -7.360489828,      -6.140648572,       -6.46732376,      -6.784325464,       -11.5887494,     0.01574572346,     0.03945019155,      0.7805443514,                 0,                 0,                 0,     0.04635430207,    -0.02872885103,      0.7810124552,                 0,       19.78556556,    0.005403293334
          0,           0,          56,      -7.387875669,      -6.166312384,      -6.504387651,      -6.813863869,      -11.57406288,     0.01574572346,     0.03850573271,      0.7808554791,                 0,                 0,                 0,     0.04642699276,    -0.02969683249,       0.781240084,                 0,       20.27894093,    0.005403293334
          0,           0,          57,      -7.414750231,      -6.191702663,      -6.541510491,      -6.843073479,      -11.56001654,     0.01574572346,     0.03759701625,      0.7811337075,                 0,                 0,                 0,       0.046493364,    -0.03062634021,      0.7814380538,                 0,       20.77648136,    0.005403293334
          0,           0,          58,      -7.441096365,        -6.2167852,      -6.578646713,      -6.871923481,       -11.5465512,     0.01574572346,     0.03672232764,      0.7813785478,                 0,                 0,                 0,     0.04655345046,    -0.03151903961,      0.7816057283,                 0,       21.27802343,    0.005403293334
          0,           0,          59,      -7.466908641,      -6.241526362,      -6.615752506,      -6.900397162,       -11.5336061,     0.01574572346,     0.03588029491,      0.7815905605,                 0,                 0,                 0,     0.04660776538,    -0.03237634627,      0.7817435462,                 0,       21.78328139,    0.005403293334
          0,           0,          60,      -7.492179372,      -6.265892214,      -6.652782853,      -6.928481511,      -11.52111594,     0.01574572346,     0.03506982432,        0.78177166,                 0,                 0,                 0,     0.04665721225,    -0.03319951664,      0.7818533194,                 0,       22.29186131,     0.01158249762
          0,           0,          61,      -7.516877455,      -6.289848332,      -6.689692264,      -6.956146001,      -11.50906607,     0.01574572346,       0.034289975,      0.7819249092,                 0,                 0,                 0,     0.04670286416,    -0.03398975494,      0.7819380171,                 0,        22.8033094,     0.01158249762
          0,           0,          62,      -7.540947087,      -6.313359617,      -6.726439972,      -6.983336585,      -11.49745544,     0.01574572346,     0.03353983249,      0.7820541561,                 0,                 0,                 0,     0.04674574693,    -0.03474830754,       0.782001393,                 0,       23.31717537,     0.01158249762
          0,           0,          63,      -7.564326506,      -6.336390816,       -6.76299644,      -7.009988107,      -11.48629682,     0.01574572346,     0.03281840713,      0.7821636273,                 0,                 0,                 0,     0.04678669889,    -0.03547652871,      0.7820475712,                 0,        23.8330771,     0.01158249762
          0,           0,          64,      -7.586974799,      -6.358907093,      -6.799349217,      -7.036047169,       -11.4755733,     0.01574572346,     0.03212458738,      0.7822574009,                 0,                 0,                 0,     0.04682629266,    -0.03617588117,      0.7820805176,                 0,        24.3507377,     0.01158249762
          0,           0,          65,      -7.608882894,      -6.380874726,      -6.835505834,      -7.061482809,       -11.4654114,     0.01574572346,     0.03145714253,      0.7823388577,                 0,                 0,                 0,     0.04686481477,    -0.03684788562,      0.7821034928,                 0,       24.86999119,     0.01158249762
          0,           0,          66,       -7.63005994,       -6.40226173,      -6.871492597,      -7.086274876,      -11.45596614,     0.01574572346,      0.0308147782,      0.7824103172,                 0,                 0,                 0,     0.04690229784,    -0.03749403366,      0.7821186946,                 0,        25.3907496,     0.01158249762
          0,           0,          67,      -7.650512484,      -6.423038367,      -6.907349284,      -7.110395302,      -11.44741922,     0.01574572346,      0.0301962167,      0.7824730076,                 0,                 0,                 0,     0.04693861256,    -0.03811570518,      0.7821272353,                 0,       25.91294848,     0.01158249762
          0,           0,          68,      -7.670232852,      -6.443178101,      -6.943119904,      -7.133798479,       -11.4399476,     0.01574572346,     0.02960026239,       0.782527317,                 0,                 0,                 0,     0.04697358096,    -0.03871412508,      0.7821293972,                 0,       26.43649934,     0.01186231605
          0,           0,          69,      -7.689201506,      -6.462659467,      -6.978839689,      -7.156426345,      -11.43370241,     0.01574572346,     0.02902585136,      0.7825731742,                 0,                 0,                 0,     0.04700707138,    -0.03929034702,      0.7821250166,                 0,       26.96124791,     0.01186231605
          0,           0,          70,       -7.70740165,       -6.48146772,      -7.014521173,      -7.178227335,      -11.42885826,     0.01574572346,     0.02847205938,      0.7826104271,                 0,                 0,                 0,     0.04703904865,    -0.03984527846,      0.7821138617,                 0,       27.48696245,     0.01186231605
          0,           0,          71,      -7.724828847,      -6.499596671,      -7.050140438,      -7.199169196,      -11.42556238,     0.01574572346,      0.0279380899,      0.7826391269,                 0,                 0,                 0,     0.04706957976,    -0.04037971738,      0.7820959137,                 0,       28.01333698,     0.01186231605
          0,           0,          72,      -7.741496549,      -6.517049716,      -7.085625816,      -7.219245956,      -11.42381982,     0.01574572346,     0.02742323787,      0.7826596616,                 0,                 0,                 0,     0.04709880137,    -0.04089439996,       0.782071498,                 0,       28.54001652,     0.01186231605
          0,           0,          73,      -7.757434422,      -6.533840316,      -7.120851945,      -7.238475728,      -11.42374895,     0.01574572346,     0.02692684335,      0.7826727381,                 0,                 0,                 0,     0.04712686559,    -0.04139004524,      0.7820412611,                 0,        29.0666354,     0.01186231605
          0,           0,          74,      -7.772680578,      -6.549991488,      -7.155639441,      -7.256890214,      -11.42535115,     0.01574572346,     0.02644825453,      0.7826792561,                 0,                 0,                 0,     0.04715389445,    -0.04186738096,      0.7820060425,                 0,       29.59285102,     0.01186231605
          0,           0,          75,      -7.787275197,      -6.565534352,      -7.189761816,      -7.274524964,      -11.42858835,     0.01574572346,     0.02598679836,       0.782680108,                 0,                 0,                 0,     0.04717993885,     -0.0423271554,      0.7819666726,                 0,       30.11837384,     0.01186231605
          0,           0,          76,      -7.801255362,      -6.580506035,      -7.222959427,      -7.291411547,      -11.43339487,     0.01574572346,     0.02554177844,      0.7826759899,                 0,                 0,                 0,     0.04720496121,    -0.04277012297,      0.7819237841,                 0,       30.64297155,     0.01186231605
          0,           0,          77,       -7.81465252,      -6.594947137,      -7.254960142,      -7.307574138,      -11.43967308,     0.01574572346,     0.02511248361,      0.7826672739,                 0,                 0,                 0,     0.04722884009,    -0.04319702455,      0.7818776858,                 0,       31.16646231,     0.01186231605
          0,           0,          78,       -7.82748933,      -6.608899251,      -7.285504222,      -7.323026108,      -11.44730438,     0.01574572346,      0.0246982041,      0.7826539578,                 0,                 0,                 0,     0.04725138695,    -0.04360856703,      0.7818283135,                 0,       31.68869909,     0.01186231605
          0,           0,          79,      -7.839780224,      -6.622402695,      -7.314370871,      -7.337771805,      -11.45614604,     0.01574572346,     0.02429825744,       0.782635708,                 0,                 0,                 0,      0.0472723816,     -0.0440054012,      0.7817752756,                 0,       32.20954054,     0.01186231605
          0,           0,          80,      -7.851531106,      -6.635494898,      -7.341402564,      -7.351807144,      -11.46596499,     0.01574572346,     0.02391200903,      0.7826119639,                 0,                 0,                 0,      0.0472916099,    -0.04438811038,       0.781717958,                 0,       32.72882521,     0.01186231605
          0,           0,          81,      -7.862742728,       -6.64820935,       -7.36652074,      -7.365124417,      -11.47654513,     0.01574572346,     0.02353888078,      0.7825820508,                 0,                 0,                 0,     0.04730888687,    -0.04475721167,      0.7816556384,                 0,       33.24635773,     0.01186231605
          0,           0,          82,      -7.873417246,      -6.660575047,      -7.389730422,       -7.37772068,      -11.48768474,     0.01574572346,     0.02317835601,      0.7825453032,                 0,                 0,                 0,      0.0473240776,    -0.04511316176,      0.7815876089,                 0,       33.76189851,     0.01186231605
          0,           0,          83,      -7.883562722,      -6.672616279,       -7.41111293,      -7.389603534,       -11.4992051,     0.01574572346,     0.02282997178,      0.7825011474,                 0,                 0,                 0,     0.04733709786,    -0.04545637185,      0.7815132574,                 0,       34.27516927,     0.01186231605
          0,           0,          84,       -7.89319569,      -6.684352788,      -7.430808359,       -7.40079399,      -11.51096352,     0.01574572346,      0.0224933109,      0.7824491579,                 0,                 0,                 0,     0.04734791081,    -0.04578722046,      0.7814321239,                 0,       34.78585973,     0.01186231605
          0,           0,          85,      -7.902341122,       -6.69580011,      -7.448992092,      -7.411325952,      -11.52280419,     0.01574572346,     0.02216798697,      0.7823890785,                 0,                 0,                 0,     0.04735651679,    -0.04610607016,      0.7813439192,                 0,       35.29364572,     0.01186231605
          0,           0,          86,      -7.911030381,        -6.7069701,      -7.465851006,      -7.421242868,      -11.53457135,     0.01574572346,     0.02185363546,      0.7823208073,                 0,                 0,                 0,     0.04736293868,    -0.04641327525,      0.7812485103,                 0,       35.79819974,     0.01186231605
          0,           0,          87,       -7.91929904,      -6.717871438,      -7.481564236,      -7.430594443,      -11.54615184,     0.01574572346,     0.02154989779,      0.7822443513,                 0,                 0,                 0,     0.04736720235,    -0.04670919352,      0.7811458727,                 0,       36.29921399,     0.01186231605
          0,           0,          88,      -7.927183562,      -6.728510252,       -7.49628941,      -7.439431624,      -11.55744806,     0.01574572346,     0.02125641565,      0.7821597765,                 0,                 0,                 0,     0.04736932625,    -0.04699418769,      0.7810360411,                 0,       36.79640957,     0.01186231605
          0,           0,          89,      -7.934717383,      -6.738890693,      -7.510153668,      -7.447800921,      -11.56838234,     0.01574572346,     0.02097282906,      0.7820671582,                 0,                 0,                 0,     0.04736931447,    -0.04726862294,      0.7809190591,                 0,       37.28954048,     0.01186231605
          0,           0,          90,      -7.941928735,      -6.749015478,      -7.523251254,      -7.455741129,      -11.57888048,     0.01574572346,     0.02069877741,      0.7819665455,                 0,                 0,                 0,     0.04736715639,    -0.04753286276,       0.780794944,                 0,        37.7783929,     0.01186231605
          0,           0,          91,      -7.948839177,      -6.758886449,      -7.535643479,      -7.463280949,      -11.58886964,     0.01574572346,     0.02043390373,      0.7818579428,                 0,                 0,                 0,     0.04736283066,    -0.04778726317,      0.7806636693,                 0,       38.26277902,     0.01186231605
          0,           0,          92,      -7.955464621,      -6.768505085,      -7.547362082,      -7.470440395,      -11.59831969,     0.01574572346,     0.02017785942,       0.781741306,                 0,                 0,                 0,     0.04735631001,    -0.04803216759,      0.7805251607,                 0,       38.74252911,     0.01219452311
          0,           0,          93,      -7.961817027,      -6.777873012,      -7.558415447,      -7.477233322,      -11.60722282,     0.01574572346,     0.01993031015,      0.7816165594,                 0,                 0,                 0,     0.04734757074,    -0.04826790247,      0.7803793134,                 0,       39.21748099,     0.01219452311
          0,           0,          94,      -7.967905964,      -6.786992471,      -7.568796466,      -7.483670146,      -11.61558798,     0.01574572346,     0.01969094012,      0.7814836212,                 0,                 0,                 0,     0.04733660115,     -0.0484947753,      0.7802260186,                 0,       39.68747131,     0.01219452311
          0,           0,          95,      -7.973740929,      -6.795866796,      -7.578490752,      -7.489761688,       -11.6234194,     0.01574572346,     0.01945945348,      0.7813424307,                 0,                 0,                 0,     0.04732340628,     -0.0487130755,        0.78006519,                 0,       40.15233168,     0.01219452311
          0,           0,          96,      -7.979332774,       -6.80450068,      -7.587484713,      -7.495521468,       -11.6307028,     0.01574572346,     0.01923557315,      0.7811929658,                 0,                 0,                 0,      0.0473080072,    -0.04892307718,      0.7798967814,                 0,       40.61188921,     0.01219452311
          0,           0,          97,      -7.984694716,      -6.812900419,      -7.595772144,      -7.500967156,      -11.63742772,     0.01574572346,      0.0190190405,      0.7810352615,                 0,                 0,                 0,     0.04729044224,    -0.04912504102,      0.7797208051,                 0,       41.06596552,     0.01219452311
          0,           0,          98,      -7.989842699,      -6.821073949,       -7.60335839,      -7.506121157,      -11.64362831,     0.01574572346,     0.01880961268,      0.7808694184,                 0,                 0,                 0,     0.04727076551,    -0.04931921772,      0.7795373402,                 0,       41.51438053,     0.01219452311
          0,           0,          99,      -7.994795451,      -6.829030801,      -7.610262532,      -7.511010249,      -11.64932899,     0.01574572346,     0.01860705854,      0.7806955992,                 0,                 0,                 0,     0.04724904169,    -0.04950585174,      0.7793465287,                 0,       41.95695937,     0.01219452311
          0,           0,         100,      -7.999573597,      -6.836781914,      -7.616517381,      -7.515664004,      -11.65455048,     0.01574572346,     0.01841115323,       0.780514011,                 0,                 0,                 0,     0.04722533698,    -0.04968518512,      0.7791485573,                 0,       42.39354273,     0.01219452311
          0,           0,         101,      -8.004198811,      -6.844339364,      -7.622167623,      -7.520113368,      -11.65933264,     0.01574572346,     0.01822167572,      0.7803248832,                 0,                 0,                 0,     0.04719971227,    -0.04985745804,      0.7789436351,                 0,       42.82399135,     0.01219452311
          0,           0,         102,      -8.008691937,      -6.851716035,      -7.627266359,       -7.52438782,       -11.6637282,     0.01574572346,      0.0180384083,      0.7801284472,                 0,                 0,                 0,      0.0471722197,    -0.05002290754,      0.7787319738,                 0,       43.24818654,     0.01219452311
          0,           0,         103,      -8.013071851,      -6.858925307,       -7.63186992,      -7.528513653,      -11.66779784,     0.01574572346,     0.01786113383,      0.7799249196,                 0,                 0,                 0,     0.04714290106,    -0.05018176883,      0.7785137702,                 0,       43.66603638,     0.01219452311
          0,           0,         104,      -8.017354459,      -6.865980695,       -7.63603329,      -7.532512557,      -11.67160212,     0.01574572346,      0.0176896393,      0.7797144913,                 0,                 0,                 0,     0.04711178779,    -0.05033427074,      0.7782891959,                 0,       44.07746694,     0.01219452311
          0,           0,         105,      -8.021552755,      -6.872895581,      -7.639806404,      -7.536401636,      -11.67519474,     0.01574572346,     0.01752371517,      0.7794973252,                 0,                 0,                 0,      0.0470789037,     -0.0504806362,       0.778058395,                 0,       44.48242382,     0.01219452311
          0,           0,         106,       -8.02567732,      -6.879683015,      -7.643232374,      -7.540194296,      -11.67861899,     0.01574572346,     0.01736315808,      0.7792735593,                 0,                 0,                 0,     0.04704426825,    -0.05062107984,       0.777821487,                 0,       44.88086532,     0.01219452311
          0,           0,         107,      -8.029736501,      -6.886355582,      -7.646347422,      -7.543900741,      -11.68190669,     0.01574572346,     0.01720777211,      0.7790433125,                 0,                 0,                 0,     0.04700789926,    -0.05075580719,      0.7775785737,                 0,       45.27275859,     0.01219452311
          0,           0,         108,      -8.033736901,      -6.892925322,      -7.649181431,      -7.547528826,      -11.68507608,     0.01574572346,     0.01705736971,      0.7788066919,                 0,                 0,                 0,     0.04696981503,    -0.05088501442,       0.777329745,                 0,       45.65807654,     0.01219452311
          0,           0,         109,      -8.037683669,      -6.899403761,       -7.65175877,      -7.551084561,      -11.68813143,     0.01574572346,      0.0169117722,       0.778563799,                 0,                 0,                 0,     0.04693003607,    -0.05100888838,      0.7770750868,                 0,       46.03679555,     0.01219452311
          0,           0,         110,      -8.041581071,      -6.905801864,      -7.654099857,      -7.554573085,      -11.69106873,     0.01574572346,     0.01677080922,      0.7783147337,                 0,                 0,                 0,     0.04688858495,    -0.05112760748,      0.7768146835,                 0,       46.40889557,     0.01219452311
          0,           0,         111,      -8.045432891,      -6.912130058,      -7.656222226,      -7.557999277,      -11.69388163,     0.01574572346,     0.01663431833,      0.7780595963,                 0,                 0,                 0,     0.04684548607,    -0.05124134229,       0.776548621,                 0,       46.77436013,     0.01219452311
          0,           0,         112,       -8.04924257,      -6.918398262,      -7.658141068,      -7.561367848,      -11.69656721,     0.01574572346,     0.01650214432,      0.7777984872,                 0,                 0,                 0,     0.04680076464,    -0.05135025618,      0.7762769857,                 0,       47.13317688,     0.01219452311
          0,           0,         113,      -8.053013427,      -6.924615851,      -7.659870077,      -7.564683536,      -11.69912769,     0.01574572346,     0.01637413776,      0.7775315068,                 0,                 0,                 0,       0.046754446,    -0.05145450676,      0.7759998648,                 0,       47.48534048,     0.01219452311
          0,           0,         114,      -8.056748603,      -6.930791651,      -7.661422029,      -7.567951085,      -11.70157355,     0.01574572346,     0.01625015566,      0.7772587545,                 0,                 0,                 0,     0.04670655525,    -0.05155424515,      0.7757173447,                 0,        47.8308498,     0.01219452311
          0,           0,         115,      -8.060451292,      -6.936933931,       -7.66280918,      -7.571175301,      -11.70391949,     0.01574572346,     0.01613006003,      0.7769803286,                 0,                 0,                 0,     0.04665711682,    -0.05164961736,      0.7754295112,                 0,       48.16971091,      0.0199971548
          0,           0,         116,      -8.064124649,      -6.943050349,      -7.664043596,      -7.574360971,      -11.70618171,     0.01574572346,     0.01601371771,      0.7766963262,                 0,                 0,                 0,     0.04660615462,    -0.05174076452,      0.7751364496,                 0,       48.50193693,      0.0199971548
          0,           0,         117,      -8.067771897,      -6.949147914,      -7.665137335,      -7.577512931,      -11.70837323,     0.01574572346,     0.01590100023,      0.7764068442,                 0,                 0,                 0,     0.04655369234,    -0.05182782306,      0.7748382453,                 0,       48.82754751,      0.0199971548
          0,           0,         118,      -8.071396239,      -6.955232967,      -7.666102284,      -7.580635904,      -11.71050146,     0.01574572346,     0.01579178349,      0.7761119803,                 0,                 0,                 0,     0.04649975386,    -0.05191092512,      0.7745349846,                 0,       49.14656923,      0.0199971548
          0,           0,         119,      -8.075000911,      -6.961311148,      -7.666950102,      -7.583734563,      -11.71256864,     0.01574572346,     0.01568594791,      0.7758118344,                 0,                 0,                 0,     0.04644436389,    -0.05199019851,      0.7742267566,                 0,       49.45903421,      0.0199971548
          0,           0,         120,       -8.07858902,      -6.967387372,       -7.66769204,      -7.586813346,      -11.71457144,     0.01574572346,     0.01558337837,      0.7755065104,                 0,                 0,                 0,     0.04638754872,      -0.052065767,      0.7739136549,                 0,       49.76497982,      0.0199971548
          0,           0,         121,      -8.082163438,      -6.973465841,      -7.668338638,      -7.589876344,      -11.71650237,     0.01574572346,     0.01548396439,      0.7751961186,                 0,                 0,                 0,     0.04632933711,    -0.05213775027,      0.7735957798,                 0,       50.06444727,      0.0199971548
          0,           0,         122,      -8.085726764,      -6.979550055,      -7.668899712,      -7.592927261,      -11.71834997,     0.01574572346,     0.01538759985,      0.7748807784,                 0,                 0,                 0,     0.04626976105,    -0.05220626439,      0.7732732408,                 0,       50.35748173,      0.0199971548
          0,           0,         123,      -8.089281426,      -6.985642874,      -7.669384536,      -7.595969596,      -11.72009792,     0.01574572346,     0.01529418341,      0.7745606194,                 0,                 0,                 0,     0.04620885623,    -0.05227142166,      0.7729461583,                 0,       50.64413042,      0.0199971548
          0,           0,         124,       -8.09282979,       -6.99174654,      -7.669802187,      -7.599006792,      -11.72174451,     0.01574572346,     0.01520361814,      0.7742357842,                 0,                 0,                 0,     0.04614666249,    -0.05233333106,      0.7726146659,                 0,       50.92444294,      0.0199971548
          0,           0,         125,      -8.096374235,      -6.997862787,      -7.670161838,      -7.602042312,      -11.72330506,     0.01574572346,     0.01511581154,        0.77390643,                 0,                 0,                 0,     0.04608322425,    -0.05239209841,      0.7722789122,                 0,       51.19847042,      0.0199971548
          0,           0,         126,      -8.099917431,      -7.003992905,      -7.670473157,      -7.605080037,      -11.72471476,     0.01574572346,     0.01503067515,       0.773572728,                 0,                 0,                 0,     0.04601858972,    -0.05244782679,      0.7719390599,                 0,       51.46626618,      0.0199971548
          0,           0,         127,      -8.103462353,      -7.010137802,      -7.670746816,      -7.608124116,      -11.72596651,     0.01574572346,     0.01494812427,      0.7732348636,                 0,                 0,                 0,     0.04595281082,    -0.05250061672,      0.7715952864,                 0,       51.72788571,      0.0199971548
          0,           0,         128,      -8.107012059,      -7.016298093,      -7.670994263,      -7.611178755,      -11.72708096,     0.01574572346,     0.01486807777,      0.7728930366,                 0,                 0,                 0,     0.04588594295,    -0.05255056642,      0.7712477836,                 0,       51.98338673,      0.0199971548
          0,           0,         129,      -8.110569945,      -7.022474136,       -7.67122764,      -7.614248587,      -11.72809007,     0.01574572346,     0.01479045789,      0.7725474599,                 0,                 0,                 0,     0.04581804457,    -0.05259777194,      0.7708967569,                 0,       52.23282914,      0.0199971548
          0,           0,         130,      -8.114139667,      -7.028666079,      -7.671459725,      -7.617338483,      -11.72902519,     0.01574572346,     0.01471518966,      0.7721983589,                 0,                 0,                 0,     0.04574917671,     -0.0526423276,      0.7705424243,                 0,       52.47627634,      0.0199971548
          0,           0,         131,      -8.117724979,      -7.034873909,      -7.671703666,      -7.620453331,      -11.72991115,     0.01574572346,     0.01464220095,      0.7718459702,                 0,                 0,                 0,     0.04567940259,    -0.05268432587,      0.7701850152,                 0,        52.7137944,      0.0199971548
          0,           0,         132,      -8.121329754,      -7.041097475,      -7.671972856,      -7.623598065,      -11.73076335,     0.01574572346,      0.0145714222,      0.7714905399,                 0,                 0,                 0,     0.04560878721,    -0.05272385749,      0.7698247686,                 0,       52.94545236,      0.0199971548
          0,           0,         133,      -8.124957878,      -7.047336507,      -7.672280632,      -7.626777549,      -11.73158755,     0.01574572346,     0.01450278624,      0.7711323227,                 0,                 0,                 0,     0.04553739693,    -0.05276101159,      0.7694619325,                 0,       53.17132241,      0.0199971548
          0,           0,         134,      -8.128613209,      -7.053590633,      -7.672640027,      -7.629996526,      -11.73238186,     0.01574572346,     0.01443622807,      0.7707715796,                 0,                 0,                 0,     0.04546529894,    -0.05279587564,      0.7690967612,                 0,        53.3914798,      0.0199971548
          0,           0,         135,      -8.132299522,      -7.059859401,       -7.67306353,      -7.633259558,      -11.73314025,     0.01574572346,     0.01437168466,       0.770408576,                 0,                 0,                 0,     0.04539256091,     -0.0528285356,      0.7687295136,                 0,       53.60600335,      0.0199971548
          0,           0,         136,      -8.136020468,      -7.066142281,       -7.67356288,      -7.636570988,      -11.73385566,     0.01574572346,     0.01430909479,      0.7700435802,                 0,                 0,                 0,     0.04531925044,    -0.05285907581,      0.7683604516,                 0,       53.81497513,      0.0199971548
          0,           0,         137,      -8.139779539,      -7.072438686,      -7.674148943,      -7.639934888,      -11.73452268,     0.01574572346,     0.01424839926,      0.7696768613,                 0,                 0,                 0,     0.04524543469,    -0.05288757872,      0.7679898383,                 0,       54.01847934,      0.0199971548
          0,           0,         138,      -8.143580041,      -7.078747973,      -7.674831572,      -7.643355054,      -11.73513897,     0.01574572346,     0.01418954001,      0.7693086877,                 0,                 0,                 0,     0.04517118001,    -0.05291412556,      0.7676179358,                 0,       54.21660514,      0.0199971548
          0,           0,         139,      -8.147425035,      -7.085069462,      -7.675619567,      -7.646834932,       -11.7357474,     0.01574572346,     0.01413246111,      0.7689393256,                 0,                 0,                 0,     0.04509655167,    -0.05293879522,      0.7672450045,                 0,       54.40944217,      0.0199971548
          0,           0,         140,      -8.151317451,      -7.091402463,      -7.676520597,      -7.650377758,       -11.7363156,     0.01574572346,     0.01407710797,      0.7685690377,                 0,                 0,                 0,     0.04502161371,    -0.05296166501,      0.7668713013,                 0,       54.59708338,      0.0199971548
          0,           0,         141,       -8.15526009,      -7.097746242,      -7.677541474,      -7.653986574,      -11.73684328,     0.01574572346,     0.01402342746,       0.768198081,                 0,                 0,                 0,       0.044946428,    -0.05298281025,      0.7664970776,                 0,       54.77962383,      0.0199971548
          0,           0,         142,      -8.159255196,      -7.104100084,       -7.67868793,      -7.657663612,      -11.73733307,     0.01574572346,     0.01397136792,      0.7678267069,                 0,                 0,                 0,     0.04487105497,    -0.05300230429,      0.7661225794,                 0,       54.95716033,      0.0199971548
          0,           0,         143,      -8.163304765,      -7.110463285,      -7.679964478,      -7.661410852,      -11.73780226,     0.01574572346,     0.01392087918,      0.7674551599,                 0,                 0,                 0,       0.044795553,    -0.05302021846,      0.7657480459,                 0,       55.12979102,      0.0199971548
          0,           0,         144,       -8.16741069,       -7.11683517,      -7.681374602,      -7.665230153,      -11.73827108,     0.01574572346,     0.01387191247,      0.7670836767,                 0,                 0,                 0,     0.04471997832,    -0.05303662194,      0.7653737086,                 0,       55.29761513,      0.0199971548
          0,           0,         145,      -8.171574659,      -7.123215111,      -7.682920883,      -7.669123097,      -11.73875785,     0.01574572346,     0.01382442048,      0.7667124858,                 0,                 0,                 0,     0.04464438495,    -0.05305158179,       0.764999791,                 0,       55.46073249,      0.0199971548
          0,           0,         146,      -8.175798101,      -7.129602545,      -7.684605062,      -7.673090937,       -11.7392785,     0.01574572346,     0.01377835724,      0.7663418067,                 0,                 0,                 0,     0.04456882458,    -0.05306516293,      0.7646265077,                 0,       55.61924352,      0.0199971548
          0,           0,         147,      -8.180082172,      -7.135996986,      -7.686428075,      -7.677134583,      -11.73984724,     0.01574572346,      0.0137336781,      0.7659718492,                 0,                 0,                 0,     0.04449334644,    -0.05307742813,       0.764254064,                 0,       55.77324906,      0.0199971548
          0,           0,         148,      -8.184427844,      -7.142398034,      -7.688390098,      -7.681254727,      -11.74049703,     0.01574572346,     0.01369033983,      0.7656028133,                 0,                 0,                 0,     0.04441799739,    -0.05308843789,      0.7638826552,                 0,       55.92284946,      0.0199971548
          0,           0,         149,       -8.18883594,      -7.148805407,      -7.690490521,      -7.685451893,      -11.74122023,     0.01574572346,     0.01364830007,      0.7652348892,                 0,                 0,                 0,     0.04434282184,    -0.05309825097,      0.7635124671,                 0,        56.0681466,      0.0199971548
          0,           0,         150,      -8.193307233,       -7.15521892,      -7.692728347,      -7.689726572,      -11.74203105,     0.01574572346,     0.01360751798,      0.7648682548,                 0,                 0,                 0,     0.04426786093,    -0.05310692358,      0.7631436735,                 0,       56.20924078,      0.0199971548
          0,           0,         151,      -8.197841962,      -7.161638518,      -7.695102007,      -7.694078508,      -11.74292868,     0.01574572346,     0.01356795381,      0.7645030778,                 0,                 0,                 0,     0.04419315353,    -0.05311450992,      0.7627764378,                 0,       56.34623233,      0.0199971548
          0,           0,         152,      -8.202440151,      -7.168064262,       -7.69760916,      -7.698507262,      -11.74392238,     0.01574572346,     0.01352956901,      0.7641395147,                 0,                 0,                 0,     0.04411873591,    -0.05312106205,      0.7624109128,                 0,       56.47922075,      0.0199971548
          0,           0,         153,      -8.207101879,      -7.174496328,      -7.700246989,      -7.703012512,      -11.74502534,     0.01574572346,     0.01349232631,      0.7637777119,                 0,                 0,                 0,     0.04404464198,    -0.05312662983,      0.7620472408,                 0,       56.60830416,      0.0199971548
          0,           0,         154,      -8.211826734,      -7.180934999,      -7.703012353,      -7.707593458,      -11.74626001,     0.01574572346,     0.01345618946,      0.7634178054,                 0,                 0,                 0,     0.04397090326,    -0.05313126125,      0.7616855543,                 0,       56.73358029,      0.0199971548
          0,           0,         155,      -8.216615539,      -7.187380778,      -7.705901991,      -7.712250432,      -11.74762332,     0.01574572346,     0.01342112371,      0.7630599227,                 0,                 0,                 0,     0.04389754956,    -0.05313500204,      0.7613259773,                 0,       56.85514411,      0.0199971548
          0,           0,         156,      -8.221467936,      -7.193834211,      -7.708912957,      -7.716982742,      -11.74913312,     0.01574572346,     0.01338709518,      0.7627041806,                 0,                 0,                 0,     0.04382460793,    -0.05313789612,      0.7609686232,                 0,       56.97309015,      0.0199971548
          0,           0,         157,        -8.2263833,      -7.200296015,      -7.712041985,      -7.721789215,      -11.75079023,     0.01574572346,     0.01335407127,      0.7623506877,                 0,                 0,                 0,      0.0437521038,    -0.05313998542,      0.7606135972,                 0,       57.08751078,      0.0199971548
          0,           0,         158,      -8.231361178,      -7.206767054,      -7.715285572,      -7.726668922,      -11.75259302,     0.01574572346,     0.01332202069,      0.7619995454,                 0,                 0,                 0,     0.04368006145,    -0.05314130998,      0.7602609977,                 0,       57.19849587,      0.0199971548
          0,           0,         159,      -8.236401394,       -7.21324832,       -7.71864032,      -7.731621387,      -11.75455933,     0.01574572346,     0.01329091311,      0.7616508481,                 0,                 0,                 0,     0.04360850342,    -0.05314190821,       0.759910916,                 0,       57.30613404,      0.0199971548
          0,           0,         160,       -8.24150366,      -7.219740928,      -7.722103396,      -7.736645932,      -11.75669537,     0.01574572346,     0.01326071924,      0.7613046829,                 0,                 0,                 0,     0.04353745081,     -0.0531418169,      0.7595634366,                 0,       57.41051215,      0.0199971548
          0,           0,         161,      -8.246667332,      -7.226246128,      -7.725671921,      -7.741741483,      -11.75899407,     0.01574572346,     0.01323141113,      0.7609611326,                 0,                 0,                 0,     0.04346692399,     -0.0531410711,      0.7592186392,                 0,       57.51171401,      0.0199971548
          0,           0,         162,      -8.251892374,      -7.232765306,      -7.729343478,      -7.746907805,      -11.76147247,     0.01574572346,      0.0132029613,      0.7606202725,                 0,                 0,                 0,     0.04339694139,    -0.05313970476,      0.7588765967,                 0,       57.60982369,      0.0199971548
          0,           0,         163,      -8.257178384,      -7.239299976,      -7.733115932,      -7.752144167,      -11.76412433,     0.01574572346,     0.01317534365,      0.7602821736,                 0,                 0,                 0,     0.04332752068,    -0.05313775005,      0.7585373772,                 0,       57.70492169,      0.0199971548
          0,           0,         164,      -8.262524944,      -7.245851736,      -7.736987067,      -7.757449909,      -11.76695905,     0.01574572346,     0.01314853291,      0.7599469013,                 0,                 0,                 0,     0.04325867818,    -0.05313523786,       0.758201044,                 0,       57.79708707,      0.0199971548
          0,           0,         165,      -8.267931769,      -7.252422273,      -7.740955112,      -7.762824536,      -11.76998223,     0.01574572346,     0.01312250452,      0.7596145152,                 0,                 0,                 0,     0.04319042878,    -0.05313219785,      0.7578676543,                 0,       57.88639768,      0.0199971548
          0,           0,         166,      -8.273398075,      -7.259013324,      -7.745018147,      -7.768266974,      -11.77318636,     0.01574572346,     0.01309723492,      0.7592850712,                 0,                 0,                 0,     0.04312278662,    -0.05312865835,      0.7575372615,                 0,        57.9729291,      0.0199971548
          0,           0,         167,      -8.278923305,      -7.265626649,       -7.74917419,      -7.773776501,      -11.77657572,     0.01574572346,     0.01307270147,      0.7589586215,                 0,                 0,                 0,     0.04305576526,    -0.05312464647,      0.7572099158,                 0,       58.05675461,      0.0199971548
          0,           0,         168,      -8.284507185,      -7.272264068,      -7.753421854,      -7.779352753,      -11.78015827,     0.01574572346,     0.01304888223,      0.7586352135,                 0,                 0,                 0,     0.04298937681,    -0.05312018822,      0.7568856625,                 0,       58.13794623,      0.0199971548
          0,           0,         169,      -8.290148886,      -7.278927394,      -7.757759797,      -7.784994702,       -11.7839285,     0.01574572346,     0.01302575611,      0.7583148922,                 0,                 0,                 0,     0.04292363302,    -0.05311530848,      0.7565645445,                 0,        58.2165738,      0.0199971548
          0,           0,         170,      -8.295847807,      -7.285618434,      -7.762186758,      -7.790701665,      -11.78788075,     0.01574572346,     0.01300330289,      0.7579977004,                 0,                 0,                 0,     0.04285854553,    -0.05311003119,      0.7562466029,                 0,        58.2927051,      0.0199971548
          0,           0,         171,       -8.30160362,      -7.292338995,      -7.766701899,      -7.796473351,      -11.79202109,     0.01574572346,     0.01298150282,      0.7576836782,                 0,                 0,                 0,      0.0427941249,    -0.05310437946,      0.7559318756,                 0,       58.36640709,      0.0199971548
          0,           0,         172,      -8.307415869,      -7.299090847,      -7.771304697,      -7.802309299,      -11.79634861,     0.01574572346,     0.01296033685,      0.7573728631,                 0,                 0,                 0,      0.0427303812,    -0.05309837557,      0.7556203985,                 0,       58.43774526,      0.0199971548
          0,           0,         173,      -8.313284059,      -7.305875719,      -7.775994741,      -7.808209063,      -11.80085892,     0.01574572346,     0.01293978655,      0.7570652906,                 0,                 0,                 0,     0.04266732397,    -0.05309204095,      0.7553122053,                 0,       58.50678352,      0.0199971548
          0,           0,         174,      -8.319207749,      -7.312695283,      -7.780771705,      -7.814172295,      -11.80554831,     0.01574572346,     0.01291983414,      0.7567609939,                 0,                 0,                 0,     0.04260496215,    -0.05308539623,      0.7550073276,                 0,       58.57358427,      0.0199971548
          0,           0,         175,      -8.325186446,      -7.319551122,      -7.785635333,      -7.820198617,      -11.81041005,     0.01574572346,     0.01290046247,      0.7564600047,                 0,                 0,                 0,     0.04254330435,    -0.05307846125,      0.7547057954,                 0,       58.63820822,      0.0199971548
          0,           0,         176,      -8.331219692,      -7.326444724,      -7.790585436,      -7.826287728,      -11.81544535,     0.01574572346,     0.01288165497,      0.7561623528,                 0,                 0,                 0,      0.0424823586,    -0.05307125511,       0.754407637,                 0,       58.70071465,      0.0199971548
          0,           0,         177,      -8.337307054,      -7.333377512,       -7.79562211,      -7.832439376,      -11.82065474,     0.01574572346,      0.0128633955,      0.7558680651,                 0,                 0,                 0,     0.04242213188,    -0.05306379623,      0.7541128777,                 0,       58.76116184,      0.0199971548
          0,           0,         178,      -8.343447881,      -7.340350775,      -7.800745328,      -7.838653082,      -11.82603286,     0.01574572346,     0.01284566851,      0.7555771662,                 0,                 0,                 0,     0.04236263068,    -0.05305610227,      0.7538215408,                 0,       58.81960646,      0.0199971548
          0,           0,         179,      -8.349641477,      -7.347365676,      -7.805954882,      -7.844928346,      -11.83157499,     0.01574572346,     0.01282845882,      0.7552896787,                 0,                 0,                 0,     0.04230386093,    -0.05304819028,      0.7535336473,                 0,       58.87610423,      0.0199971548
          0,           0,         180,      -8.355887091,      -7.354423231,      -7.811250441,      -7.851264625,      -11.83727751,     0.01574572346,     0.01281175169,      0.7550056234,                 0,                 0,                 0,     0.04224582816,    -0.05304007678,      0.7532492168,                 0,          58.93071,      0.0199971548
          0,           0,         181,      -8.362183831,      -7.361524299,      -7.816631624,      -7.857661238,      -11.84313548,     0.01574572346,     0.01279553285,      0.7547250195,                 0,                 0,                 0,     0.04218853748,    -0.05303177767,      0.7529682672,                 0,       58.98347717,      0.0199971548
          0,           0,         182,      -8.368530942,      -7.368669625,      -7.822098143,      -7.864117698,      -11.84914285,     0.01574572346,     0.01277978858,      0.7544478858,                 0,                 0,                 0,       0.042131994,    -0.05302330822,      0.7526908158,                 0,       59.03445749,      0.0199971548
          0,           0,         183,       -8.37492783,      -7.375859839,      -7.827649997,       -7.87063377,      -11.85529913,     0.01574572346,     0.01276450547,      0.7541742385,                 0,                 0,                 0,     0.04207620187,    -0.05301468324,      0.7524168777,                 0,       59.08370207,      0.0199971548
          0,           0,         184,      -8.381373946,      -7.383095456,      -7.833287372,      -7.877209274,      -11.86160133,     0.01574572346,     0.01274967055,      0.7539040921,                 0,                 0,                 0,     0.04202116476,    -0.05300591691,      0.7521464665,                 0,       59.13126062,      0.0199971548
          0,           0,         185,       -8.38786861,      -7.390376858,      -7.839010307,      -7.883843897,      -11.86804429,     0.01574572346,     0.01273527113,      0.7536374591,                 0,                 0,                 0,     0.04196688566,    -0.05299702294,      0.7518795931,                 0,       59.17718215,      0.0199971548
          0,           0,         186,       -8.39441103,      -7.397704288,      -7.844818576,      -7.890537207,      -11.87462324,     0.01574572346,     0.01272129484,      0.7533743496,                 0,                 0,                 0,       0.041913367,    -0.05298801453,      0.7516162667,                 0,        59.2215147,      0.0199971548
          0,           0,         187,       -8.40100017,      -7.405077834,       -7.85071167,      -7.897288492,      -11.88133416,     0.01574572346,     0.01270772967,      0.7531147717,                 0,                 0,                 0,     0.04186061062,    -0.05297890438,      0.7513564942,                 0,       59.26430536,      0.0199971548
          0,           0,         188,      -8.407634985,      -7.412497439,      -7.856688928,      -7.904097054,      -11.88817323,     0.01574572346,      0.0126945639,      0.7528587315,                 0,                 0,                 0,      0.0418086179,    -0.05296970467,      0.7511002808,                 0,       59.30560021,      0.0199971548
          0,           0,         189,      -8.414314409,      -7.419962919,      -7.862749633,      -7.910962188,      -11.89513551,     0.01574572346,     0.01268178616,      0.7526062333,                 0,                 0,                 0,     0.04175738975,    -0.05296042712,      0.7508476299,                 0,       59.34544421,      0.0199971548
          0,           0,         190,       -8.42103742,      -7.427473969,      -7.868893091,      -7.917883261,      -11.90221474,     0.01574572346,     0.01266938549,      0.7523572802,                 0,                 0,                 0,     0.04170692678,    -0.05295108292,      0.7505985433,                 0,       59.38388101,      0.0199971548
          0,           0,         191,      -8.427803073,      -7.435030196,       -7.87511871,      -7.924859766,      -11.90940976,     0.01574572346,     0.01265735109,      0.7521118726,                 0,                 0,                 0,     0.04165722875,    -0.05294168284,      0.7503530207,                 0,       59.42095366,      0.0199971548
          0,           0,         192,        -8.4346104,      -7.442631124,      -7.881425869,      -7.931891146,      -11.91671828,     0.01574572346,     0.01264567245,      0.7518700086,                 0,                 0,                 0,     0.04160829478,     -0.0529322372,      0.7501110592,                 0,       59.45670438,      0.0199971548
          0,           0,         193,      -8.441458299,      -7.450276166,      -7.887813708,      -7.938976716,      -11.92413339,     0.01574572346,     0.01263433931,      0.7516316839,                 0,                 0,                 0,      0.0415601234,    -0.05292275585,      0.7498726537,                 0,       59.49117447,      0.0199971548
          0,           0,         194,       -8.44834553,      -7.457964627,      -7.894281068,      -7.946115615,       -11.9316492,     0.01574572346,     0.01262334163,      0.7513968922,                 0,                 0,                 0,     0.04151271264,    -0.05291324823,      0.7496377969,                 0,       59.52440442,      0.0199971548
          0,           0,         195,      -8.455270671,      -7.465695721,      -7.900826558,      -7.953306772,      -11.93926062,     0.01574572346,     0.01261266967,       0.751165625,                 0,                 0,                 0,     0.04146606009,    -0.05290372331,      0.7494064796,                 0,       59.55643369,      0.0199971548
          0,           0,         196,      -8.462232297,      -7.473468576,      -7.907448715,       -7.96054914,      -11.94696298,     0.01574572346,     0.01260231411,      0.7509378723,                 0,                 0,                 0,     0.04142016298,    -0.05289418952,       0.749178691,                 0,       59.58730007,      0.0199971548
          0,           0,         197,      -8.469229081,       -7.48128226,      -7.914146164,      -7.967841796,       -11.9547512,     0.01574572346,     0.01259226574,      0.7507136224,                 0,                 0,                 0,     0.04137501814,    -0.05288465498,      0.7489544187,                 0,       59.61704095,      0.0199971548
          0,           0,         198,       -8.47625978,      -7.489135798,      -7.920917629,      -7.975183928,      -11.96262109,     0.01574572346,     0.01258251569,      0.7504928624,                 0,                 0,                 0,     0.04133062224,    -0.05287512743,       0.748733649,                 0,       59.64569254,      0.0199971548
          0,           0,         199,      -8.483323226,      -7.497028192,      -7.927761975,      -7.982574822,      -11.97055906,     0.01574572346,     0.01257305523,      0.7502755771,                 0,                 0,                 0,     0.04128697119,    -0.05286561423,       0.748516366,                 0,       59.67329048,      0.0199971548
          0,           0,         200,       -8.49041821,       -7.50495843,      -7.934678084,      -7.990013725,      -11.97857146,     0.01574572346,     0.01256387579,      0.7500617494,                 0,                 0,                 0,     0.04124406033,    -0.05285612242,      0.7483025519,                 0,       59.69986983,      0.0199971548
          0,           0,         201,      -8.497543545,      -7.512925466,      -7.941664608,      -7.997499881,      -11.98665371,     0.01574572346,     0.01255496895,      0.7498513592,                 0,                 0,                 0,      0.0412018843,    -0.05284665866,      0.7480921861,                 0,       59.72546505,      0.0199971548
          0,           0,         202,       -8.50469766,      -7.520928198,      -7.948719826,      -8.005032083,       -11.9948044,     0.01574572346,     0.01254632647,      0.7496443844,                 0,                 0,                 0,     0.04116043715,    -0.05283722922,      0.7478852456,                 0,       59.75010984,      0.0199971548
          0,           0,         203,      -8.511878821,      -7.528965475,      -7.955841628,       -8.01260889,      -12.00302273,     0.01574572346,     0.01253794032,      0.7494408005,                 0,                 0,                 0,     0.04111971246,    -0.05282783994,      0.7476817055,                 0,       59.77383697,      0.0199971548
          0,           0,         204,      -8.519085185,      -7.537036105,      -7.963027652,      -8.020228751,      -12.01130765,     0.01574572346,     0.01252980271,      0.7492405809,                 0,                 0,                 0,     0.04107970335,    -0.05281849629,      0.7474815385,                 0,       59.79667822,      0.0199971548
          0,           0,         205,      -8.526314878,      -7.545138867,      -7.970275467,      -8.027890082,      -12.01965728,     0.01574572346,     0.01252190621,      0.7490436977,                 0,                 0,                 0,     0.04104040281,    -0.05280920325,      0.7472847163,                 0,       59.81866382,      0.0199971548
          0,           0,         206,      -8.533566053,      -7.553272488,      -7.977582611,      -8.035591355,      -12.02806781,     0.01574572346,     0.01251424321,      0.7488501202,                 0,                 0,                 0,     0.04100180286,     -0.0527999657,      0.7470912075,                 0,       59.83982473,      0.0199971548
          0,           0,         207,      -8.540837168,      -7.561435914,      -7.984946863,      -8.043331336,      -12.03653838,     0.01574572346,     0.01250680669,      0.7486598168,                 0,                 0,                 0,     0.04096389562,    -0.05279078788,      0.7469009802,                 0,       59.86018934,      0.0199971548
          0,           0,         208,      -8.548126359,      -7.569627904,      -7.992366025,      -8.051108414,      -12.04506786,     0.01574572346,     0.01249958962,      0.7484727534,                 0,                 0,                 0,     0.04092667241,    -0.05278167384,      0.7467139997,                 0,       59.87978614,      0.0199971548
          0,           0,         209,       -8.55543186,      -7.577847285,      -7.999837352,      -8.058921149,      -12.05365387,     0.01574572346,     0.01249258512,      0.7482888937,                 0,                 0,                 0,     0.04089012407,    -0.05277262726,      0.7465302291,                 0,        59.8986428,      0.0199971548
          0,           0,         210,      -8.562751762,      -7.586092921,      -8.007357886,      -8.066767867,      -12.06229407,     0.01574572346,     0.01248578648,      0.7481081994,                 0,                 0,                 0,     0.04085424105,    -0.05276365149,      0.7463496299,                 0,       59.91678623,      0.0199971548
          0,           0,         211,      -8.570083812,      -7.594363661,      -8.014924458,      -8.074646443,      -12.07098655,     0.01574572346,     0.01247918719,      0.7479306306,                 0,                 0,                 0,     0.04081901343,    -0.05275474952,      0.7461721616,                 0,       59.93424247,      0.0199971548
          0,           0,         212,      -8.577425716,      -7.602658362,      -8.022533763,       -8.08255467,      -12.07972921,     0.01574572346,     0.01247278093,      0.7477561457,                 0,                 0,                 0,     0.04078443105,    -0.05274592405,      0.7459977823,                 0,        59.9510366,      0.0199971548
          0,           0,         213,      -8.584775253,      -7.610975897,      -8.030182443,      -8.090490442,      -12.08851813,     0.01574572346,      0.0124665617,      0.7475847027,                 0,                 0,                 0,     0.04075048382,    -0.05273717736,      0.7458264496,                 0,       59.96719229,      0.0199971548
          0,           0,         214,      -8.592130349,      -7.619315209,      -8.037867355,      -8.098451833,      -12.09735159,     0.01574572346,     0.01246052358,      0.7474162578,                 0,                 0,                 0,     0.04071716115,    -0.05272851157,      0.7456581195,                 0,       59.98273292,      0.0199971548
          0,           0,         215,      -8.599489111,        -7.6276753,      -8.045585511,      -8.106437113,      -12.10622788,     0.01574572346,     0.01245466082,      0.7472507663,                 0,                 0,                 0,     0.04068445228,    -0.05271992848,      0.7454927468,                 0,       59.99768095,      0.0199971548
          0,           0,         216,      -8.606849698,      -7.636055223,      -8.053333942,      -8.114444601,      -12.11514455,     0.01574572346,     0.01244896788,      0.7470881825,                 0,                 0,                 0,     0.04065234629,    -0.05271142964,      0.7453302854,                 0,         60.012058,      0.0199971548
          0,           0,         217,      -8.614210106,      -7.644454068,       -8.06110955,      -8.122472383,      -12.12409926,     0.01574572346,     0.01244343936,      0.7469284596,                 0,                 0,                 0,     0.04062083209,    -0.05270301635,      0.7451706885,                 0,       60.02588495,      0.0199971548
          0,           0,         218,      -8.621568191,       -7.65287097,      -8.068909092,      -8.130518331,      -12.13309022,     0.01574572346,     0.01243807006,      0.7467715501,                 0,                 0,                 0,     0.04058989855,    -0.05269468967,      0.7450139082,                 0,       60.03918184,      0.0199971548
          0,           0,         219,      -8.628921885,      -7.661305087,      -8.076729319,      -8.138580395,      -12.14211548,     0.01574572346,     0.01243285497,      0.7466174065,                 0,                 0,                 0,     0.04055953457,    -0.05268645041,      0.7448598966,                 0,       60.05196779,      0.0199971548
          0,           0,         220,      -8.636269229,      -7.669755626,       -8.08456711,      -8.146656649,       -12.1511714,     0.01574572346,     0.01242778935,      0.7464659813,                 0,                 0,                 0,     0.04052972936,    -0.05267829918,      0.7447086061,                 0,       60.06426085,      0.0199971548
          0,           0,         221,      -8.643608428,      -7.678221866,      -8.092419711,      -8.154745346,      -12.16025653,     0.01574572346,     0.01242286856,      0.7463172269,                 0,                 0,                 0,     0.04050047199,    -0.05267023644,      0.7445599888,                 0,       60.07607851,      0.0199971548
          0,           0,         222,      -8.650937872,      -7.686703156,      -8.100284785,      -8.162844994,       -12.1693693,     0.01574572346,     0.01241808815,      0.7461710957,                 0,                 0,                 0,     0.04047175166,    -0.05266226249,      0.7444139971,                 0,        60.0874375,      0.0199971548
          0,           0,         223,      -8.658256232,      -7.695198907,      -8.108160137,      -8.170954381,       -12.1785074,     0.01574572346,     0.01241344383,      0.7460275404,                 0,                 0,                 0,     0.04044355762,    -0.05265437747,      0.7442705833,                 0,        60.0983539,      0.0199971548
          0,           0,         224,      -8.665562027,      -7.703708571,      -8.116043621,      -8.179072098,      -12.18766864,     0.01574572346,     0.01240893143,      0.7458865137,                 0,                 0,                 0,     0.04041587925,    -0.05264658141,         0.7441297,                 0,       60.10884321,      0.0199971548
          0,           0,         225,      -8.672853698,      -7.712231625,      -8.123933068,      -8.187196597,       -12.1968511,     0.01574572346,     0.01240454694,      0.7457479686,                 0,                 0,                 0,     0.04038870604,    -0.05263887421,      0.7439912999,                 0,       60.11892028,      0.0199971548
          0,           0,         226,      -8.680129832,      -7.720767571,      -8.131826419,      -8.195326478,      -12.20605262,     0.01574572346,     0.01240028651,      0.7456118585,                 0,                 0,                 0,     0.04036202769,    -0.05263125566,      0.7438553365,                 0,       60.12859928,      0.0199971548
          0,           0,         227,      -8.687389015,      -7.729315913,      -8.139721732,      -8.203460355,      -12.21526956,     0.01574572346,     0.01239614649,      0.7454781382,                 0,                 0,                 0,     0.04033583429,    -0.05262372543,      0.7437217642,                 0,       60.13789357,      0.0199971548
          0,           0,         228,       -8.69462999,      -7.737876217,      -8.147617482,      -8.211596983,       -12.2245011,     0.01574572346,     0.01239212328,      0.7453467623,                 0,                 0,                 0,     0.04031011586,    -0.05261628316,      0.7435905376,                 0,       60.14681627,      0.0199971548
          0,           0,         229,      -8.701851833,      -7.746448072,      -8.155512432,      -8.219735557,      -12.23374672,     0.01574572346,     0.01238821344,      0.7452176863,                 0,                 0,                 0,     0.04028486262,    -0.05260892841,      0.7434616119,                 0,       60.15537994,      0.0199971548
          0,           0,         230,      -8.709053594,      -7.755031087,      -8.163405442,      -8.227875193,      -12.24300615,     0.01574572346,     0.01238441361,      0.7450908658,                 0,                 0,                 0,      0.0402600649,    -0.05260166065,      0.7433349429,                 0,       60.16359672,      0.0199971548
          0,           0,         231,      -8.716234209,      -7.763624857,      -8.171295266,      -8.236014843,       -12.2522805,     0.01574572346,     0.01238072052,      0.7449662574,                 0,                 0,                 0,     0.04023571315,    -0.05259447934,      0.7432104867,                 0,        60.1714784,      0.0199971548
          0,           0,         232,        -8.7233926,      -7.772228962,      -8.179180579,      -8.244153361,      -12.26157436,     0.01574572346,     0.01237713102,      0.7448438176,                 0,                 0,                 0,     0.04021179799,    -0.05258738385,         0.7430882,                 0,       60.17903634,      0.0199971548
          0,           0,         233,      -8.730527634,      -7.780842952,      -8.187060032,      -8.252289542,      -12.27090791,     0.01574572346,     0.01237364208,      0.7447235041,                 0,                 0,                 0,     0.04018831024,    -0.05258037351,      0.7429680403,                 0,       60.18628142,      0.0199971548
          0,           0,         234,      -8.737638285,      -7.789466357,      -8.194932346,      -8.260422271,      -12.28036059,     0.01574572346,     0.01237025078,      0.7446052753,                 0,                 0,                 0,     0.04016524105,    -0.05257344758,      0.7428499658,                 0,       60.19322392,      0.0199971548
          0,           0,         235,      -8.744723663,      -7.798098711,      -8.202796541,      -8.268550607,      -12.28974052,     0.01574572346,     0.01236695429,      0.7444890902,                 0,                 0,                 0,     0.04014258153,    -0.05256660534,      0.7427339356,                 0,       60.19987404,      0.0199971548
          0,           0,         236,      -8.751783053,      -7.806739544,      -8.210651829,      -8.276673824,      -12.29912026,     0.01574572346,     0.01236374982,      0.7443749084,                 0,                 0,                 0,     0.04012032299,      -0.052559846,      0.7426199089,                 0,       60.20624155,      0.0199971548
          0,           0,         237,      -8.758815796,      -7.815388376,      -8.218497414,      -8.284791188,      -12.30846665,     0.01574572346,     0.01236063471,      0.7442626897,                 0,                 0,                 0,     0.04009845684,    -0.05255316876,      0.7425078458,                 0,       60.21233597,      0.0199971548
          0,           0,         238,      -8.765821087,      -7.824044694,      -8.226332333,      -8.292901783,      -12.31778741,     0.01574572346,     0.01235760631,      0.7441523949,                 0,                 0,                 0,     0.04007697459,    -0.05254657281,      0.7423977067,                 0,       60.21816656,      0.0199971548
          0,           0,         239,      -8.772798014,      -7.832707947,      -8.234155474,      -8.301004486,      -12.32702449,     0.01574572346,     0.01235466208,      0.7440439849,                 0,                 0,                 0,     0.04005586789,    -0.05254005728,      0.7422894526,                 0,       60.22374226,      0.0199971548
          0,           0,         240,      -8.779745724,      -7.841377544,      -8.241965621,      -8.309098221,      -12.33625525,     0.01574572346,     0.01235179958,      0.7439374215,                 0,                 0,                 0,     0.04003512863,    -0.05253362127,      0.7421830453,                 0,       60.22907161,      0.0199971548
          0,           0,         241,      -8.786663415,      -7.850052874,      -8.249761608,      -8.317181949,      -12.34561049,     0.01574572346,     0.01234901645,      0.7438326673,                 0,                 0,                 0,     0.04001474887,    -0.05252726389,      0.7420784471,                 0,       60.23416281,      0.0199971548
          0,           0,         242,      -8.793550361,      -7.858733316,      -8.257542524,      -8.325254714,      -12.35507974,     0.01574572346,     0.01234631036,      0.7437296853,                 0,                 0,                 0,     0.03999472072,     -0.0525209842,      0.7419756212,                 0,       60.23902394,      0.0199971548
          0,           0,         243,      -8.800406066,      -7.867418248,      -8.265307539,      -8.333315871,      -12.36470641,     0.01574572346,     0.01234367909,      0.7436284392,                 0,                 0,                 0,     0.03997503648,    -0.05251478129,       0.741874531,                 0,       60.24366269,      0.0199971548
          0,           0,         244,      -8.807229949,      -7.876107044,      -8.273055787,       -8.34136459,      -12.37450638,     0.01574572346,     0.01234112044,      0.7435288932,                 0,                 0,                 0,     0.03995568852,    -0.05250865418,      0.7417751408,                 0,        60.2480866,      0.0199971548
          0,           0,         245,       -8.81402142,       -7.88479906,      -8.280786341,      -8.349399994,      -12.38444607,     0.01574572346,     0.01233863231,      0.7434310119,                 0,                 0,                 0,     0.03993666936,    -0.05250260193,      0.7416774151,                 0,       60.25230293,      0.0199971548
          0,           0,         246,      -8.820779848,       -7.89349365,      -8.288498114,      -8.357421115,      -12.39439869,     0.01574572346,     0.01233621265,      0.7433347606,                 0,                 0,                 0,     0.03991797168,    -0.05249662354,      0.7415813192,                 0,       60.25631868,      0.0199971548
          0,           0,         247,      -8.827504502,      -7.902190136,      -8.296189983,       -8.36542683,       -12.4041453,     0.01574572346,     0.01233385947,      0.7432401054,                 0,                 0,                 0,     0.03989958832,    -0.05249071801,      0.7414868191,                 0,       60.26014056,      0.0199971548
          0,           0,         248,      -8.834194909,       -7.91088784,      -8.303860863,      -8.373416334,      -12.41350586,     0.01574572346,      0.0123315709,       0.743147013,                 0,                 0,                 0,     0.03988151239,    -0.05248488434,      0.7413938815,                 0,        60.2637749,      0.0199971548
          0,           0,         249,      -8.840850678,      -7.919586069,      -8.311509786,      -8.381388944,      -12.42242906,     0.01574572346,     0.01232934512,      0.7430554512,                 0,                 0,                 0,     0.03986373717,    -0.05247912152,      0.7413024741,                 0,       60.26722784,      0.0199971548
          0,           0,         250,      -8.847471679,      -7.928284157,       -8.31913612,      -8.389344338,      -12.43097182,     0.01574572346,     0.01232718032,      0.7429653882,                 0,                 0,                 0,     0.03984625601,    -0.05247342857,      0.7412125651,                 0,       60.27050542,      0.0199971548
          0,           0,         251,      -8.854057712,      -7.936981443,      -8.326739443,      -8.397282059,      -12.43925613,     0.01574572346,      0.0123250748,      0.7428767929,                 0,                 0,                 0,     0.03982906246,    -0.05246780449,      0.7411241234,                 0,       60.27361336,      0.0199971548
          0,           0,         252,      -8.860608692,      -7.945677298,      -8.334319272,       -8.40520174,      -12.44743184,     0.01574572346,     0.01232302686,      0.7427896348,                 0,                 0,                 0,      0.0398121502,     -0.0524622483,      0.7410371185,                 0,       60.27655732,      0.0199971548
          0,           0,         253,      -8.867124261,      -7.954371092,      -8.341875029,      -8.413102662,      -12.45563769,     0.01574572346,     0.01232103487,      0.7427038841,                 0,                 0,                 0,     0.03979551301,    -0.05245675905,      0.7409515205,                 0,       60.27934278,      0.0199971548
          0,           0,         254,      -8.873604116,      -7.963062182,      -8.349406021,      -8.420984089,       -12.4639715,     0.01574572346,     0.01231909724,      0.7426195116,                 0,                 0,                 0,     0.03977914488,    -0.05245133575,      0.7408673002,                 0,       60.28197497,      0.0199971548
          0,           0,         255,      -8.880048129,      -7.971749937,      -8.356911579,      -8.428845589,       -12.4724804,     0.01574572346,     0.01231721247,      0.7425364887,                 0,                 0,                 0,     0.03976303995,    -0.05244597744,       0.740784429,                 0,       60.28445889,      0.0199971548
          0,           0,         256,      -8.886455982,      -7.980433729,      -8.364391197,      -8.436686419,      -12.48116727,     0.01574572346,     0.01231537908,       0.742454788,                 0,                 0,                 0,      0.0397471926,    -0.05244068316,      0.7407028794,                 0,       60.28679938,      0.0199971548
          0,           0,         257,      -8.892827773,      -7.989112979,      -8.371844544,      -8.444506393,      -12.49000671,     0.01574572346,     0.01231359567,      0.7423743824,                 0,                 0,                 0,     0.03973159738,    -0.05243545197,      0.7406226243,                 0,       60.28900104,      0.0199971548
          0,           0,         258,        -8.8991636,      -7.997787128,      -8.379271528,      -8.452305378,      -12.49896132,     0.01574572346,     0.01231186092,       0.742295246,                 0,                 0,                 0,     0.03971624906,    -0.05243028293,      0.7405436379,                 0,       60.29106816,      0.0199971548
          0,           0,         259,      -8.905463646,      -8.006455644,      -8.386672275,      -8.460083341,      -12.50799364,     0.01574572346,     0.01231017351,      0.7422173538,                 0,                 0,                 0,     0.03970114262,    -0.05242517516,       0.740465895,                 0,       60.29300506,      0.0199971548
          0,           0,         260,      -8.911728205,      -8.015118048,        -8.3940471,      -8.467840384,      -12.51707397,     0.01574572346,     0.01230853217,      0.7421406811,                 0,                 0,                 0,     0.03968627312,    -0.05242012779,       0.740389371,                 0,       60.29481587,      0.0199971548
          0,           0,         261,      -8.917957627,      -8.023773882,      -8.401396445,      -8.475576737,      -12.52618051,     0.01574572346,     0.01230693568,      0.7420652041,                 0,                 0,                 0,     0.03967163576,    -0.05241513996,      0.7403140421,                 0,       60.29650463,      0.0199971548
          0,           0,         262,      -8.924152173,      -8.032422698,      -8.408720697,       -8.48329246,      -12.53529874,     0.01574572346,     0.01230538282,      0.7419908996,                 0,                 0,                 0,     0.03965722587,    -0.05241021085,       0.740239885,                 0,       60.29807529,      0.0199971548
          0,           0,         263,      -8.930312028,      -8.041064052,      -8.416020064,      -8.490987481,       -12.5444203,     0.01574572346,     0.01230387241,      0.7419177449,                 0,                 0,                 0,     0.03964303887,    -0.05240533965,       0.740166877,                 0,       60.29953173,      0.0199971548
          0,           0,         264,      -8.936437477,      -8.049697494,      -8.423294737,      -8.498661891,       -12.5535404,     0.01574572346,     0.01230240333,      0.7418457178,                 0,                 0,                 0,     0.03962907039,    -0.05240052557,       0.740094996,                 0,       60.30087765,      0.0199971548
          0,           0,         265,      -8.942528713,      -8.058322556,      -8.430544922,        -8.5063156,      -12.56265648,     0.01574572346,     0.01230097446,       0.741774797,                 0,                 0,                 0,     0.03961531615,    -0.05239576784,      0.7400242205,                 0,       60.30211665,      0.0199971548
          0,           0,         266,      -8.948585946,      -8.066938805,      -8.437770917,      -8.513948577,      -12.57176744,     0.01574572346,     0.01229958475,      0.7417049616,                 0,                 0,                 0,     0.03960177203,    -0.05239106571,      0.7399545297,                 0,       60.30325225,      0.0199971548
          0,           0,         267,      -8.954609651,      -8.075545812,      -8.444973188,      -8.521561186,      -12.58087191,     0.01574572346,     0.01229823315,      0.7416361914,                 0,                 0,                 0,     0.03958843403,    -0.05238641845,      0.7398859034,                 0,       60.30428782,      0.0199971548
          0,           0,         268,       -8.96060014,      -8.084143177,      -8.452152285,      -8.529153535,       -12.5899691,     0.01574572346,     0.01229691866,      0.7415684668,                 0,                 0,                 0,     0.03957529827,    -0.05238182535,       0.739818322,                 0,       60.30522663,      0.0199971548
          0,           0,         269,      -8.966557867,      -8.092730519,      -8.459308764,      -8.536725998,      -12.59905714,     0.01574572346,     0.01229564031,      0.7415017687,                 0,                 0,                 0,     0.03956236096,    -0.05237728571,      0.7397517662,                 0,       60.30607192,      0.0199971548
          0,           0,         270,      -8.972483306,      -8.101307467,      -8.466443186,      -8.544278919,      -12.60813667,     0.01574572346,     0.01229439712,      0.7414360784,                 0,                 0,                 0,     0.03954961843,    -0.05237279888,      0.7396862175,                 0,       60.30682685,      0.0199971548
          0,           0,         271,      -8.978376669,      -8.109873656,       -8.47355606,      -8.551812256,      -12.61720887,     0.01574572346,     0.01229318818,      0.7413713777,                 0,                 0,                 0,     0.03953706709,    -0.05236836419,      0.7396216577,                 0,       60.30749444,      0.0199971548
          0,           0,         272,      -8.984238475,      -8.118428722,      -8.480647807,       -8.55932646,      -12.62627475,     0.01574572346,     0.01229201257,      0.7413076489,                 0,                 0,                 0,     0.03952470346,      -0.052363981,       0.739558069,                 0,        60.3080777,      0.0199971548
          0,           0,         273,      -8.990068958,      -8.126972309,       -8.48771891,      -8.566821496,      -12.63533494,     0.01574572346,     0.01229086939,      0.7412448748,                 0,                 0,                 0,     0.03951252412,     -0.0523596487,      0.7394954341,                 0,       60.30857957,      0.0199971548
          0,           0,         274,      -8.995868592,      -8.135504076,      -8.494769821,      -8.574297738,      -12.64439072,     0.01574572346,     0.01228975777,      0.7411830383,                 0,                 0,                 0,     0.03950052567,    -0.05235536668,      0.7394337361,                 0,       60.30900299,      0.0199971548
          0,           0,         275,      -9.001637682,      -8.144023682,      -8.501800908,      -8.581755309,      -12.65344351,     0.01574572346,     0.01228867685,      0.7411221228,                 0,                 0,                 0,     0.03948870481,    -0.05235113436,      0.7393729582,                 0,       60.30935079,      0.0199971548
          0,           0,         276,      -9.007376553,      -8.152530782,      -8.508812413,      -8.589194253,      -12.66249405,     0.01574572346,     0.01228762578,       0.741062112,                 0,                 0,                 0,     0.03947705829,    -0.05234695114,       0.739313084,                 0,       60.30962575,      0.0199971548
          0,           0,         277,      -9.013085423,      -8.161025004,      -8.515804425,      -8.596614531,      -12.67154287,     0.01574572346,     0.01228660374,      0.7410029897,                 0,                 0,                 0,     0.03946558294,    -0.05234281644,      0.7392540977,                 0,       60.30983054,      0.0199971548
          0,           0,         278,      -9.018764478,      -8.169506008,      -8.522776957,      -8.604016006,      -12.68058187,     0.01574572346,     0.01228560996,      0.7409447405,                 0,                 0,                 0,     0.03945427569,    -0.05233872969,      0.7391959835,                 0,       60.30996775,      0.0199971548
          0,           0,         279,      -9.024414114,      -8.177973482,      -8.529730169,      -8.611398896,      -12.68957525,     0.01574572346,     0.01228464367,      0.7408873491,                 0,                 0,                 0,     0.03944313355,    -0.05233469031,      0.7391387263,                 0,       60.31003984,      0.0199971548
          0,           0,         280,      -9.030034609,      -8.186427096,      -8.536664264,      -8.618763235,      -12.69850896,     0.01574572346,     0.01228370415,      0.7408308008,                 0,                 0,                 0,     0.03943215368,    -0.05233069775,      0.7390823113,                 0,       60.31004914,      0.0199971548
          0,           0,         281,      -9.035626417,      -8.194866596,      -8.543579592,      -8.626109393,       -12.7073913,     0.01574572346,      0.0122827907,      0.7407750813,                 0,                 0,                 0,     0.03942133332,    -0.05232675145,      0.7390267242,                 0,       60.30999791,      0.0199971548
          0,           0,         282,      -9.041190021,      -8.203291764,      -8.550476726,       -8.63343781,      -12.71623874,     0.01574572346,     0.01228190264,      0.7407201769,                 0,                 0,                 0,     0.03941066979,    -0.05232285089,      0.7389719513,                 0,       60.30988836,      0.0199971548
          0,           0,         283,      -9.046726052,      -8.211702425,      -8.557356397,      -8.640749175,      -12.72507349,     0.01574572346,      0.0122810393,      0.7406660739,                 0,                 0,                 0,     0.03940016049,    -0.05231899555,      0.7389179789,                 0,       60.30972262,      0.0199971548
          0,           0,         284,      -9.052234861,      -8.220098444,      -8.564219331,      -8.648043711,      -12.73391788,     0.01574572346,     0.01228020005,      0.7406127591,                 0,                 0,                 0,     0.03938980283,    -0.05231518493,      0.7388647939,                 0,        60.3095028,      0.0199971548
          0,           0,         285,      -9.057717118,      -8.228479706,      -8.571066121,       -8.65532219,      -12.74278763,     0.01574572346,     0.01227938423,      0.7405602197,                 0,                 0,                 0,     0.03937959432,    -0.05231141853,      0.7388123833,                 0,       60.30923099,      0.0199971548
          0,           0,         286,       -9.06317301,      -8.236846089,      -8.577897331,      -8.662584598,      -12.75168909,     0.01574572346,     0.01227859122,      0.7405084429,                 0,                 0,                 0,     0.03936953248,    -0.05230769588,      0.7387607344,                 0,       60.30890921,      0.0199971548
          0,           0,         287,      -9.068602997,      -8.245197498,      -8.584713307,      -8.669831323,      -12.76062036,     0.01574572346,      0.0122778204,      0.7404574162,                 0,                 0,                 0,     0.03935961487,     -0.0523040165,      0.7387098348,                 0,       60.30853949,      0.0199971548
          0,           0,         288,      -9.074007405,       -8.25353381,      -8.591514384,      -8.677062549,      -12.76957523,     0.01574572346,     0.01227707117,      0.7404071275,                 0,                 0,                 0,      0.0393498391,    -0.05230037993,      0.7386596721,                 0,       60.30812377,      0.0199971548
          0,           0,         289,      -9.079386537,      -8.261854895,      -8.598300753,      -8.684278399,       -12.7785466,     0.01574572346,     0.01227634294,      0.7403575647,                 0,                 0,                 0,     0.03934020285,     -0.0522967857,      0.7386102344,                 0,       60.30766395,      0.0199971548
          0,           0,         290,      -9.084740689,      -8.270160644,      -8.605072701,      -8.691479046,      -12.78752767,     0.01574572346,     0.01227563516,      0.7403087161,                 0,                 0,                 0,     0.03933070382,    -0.05229323335,        0.73856151,                 0,       60.30716185,      0.0199971548
          0,           0,         291,      -9.090070144,      -8.278450971,      -8.611830436,      -8.698664552,      -12.79651274,     0.01574572346,     0.01227494725,      0.7402605702,                 0,                 0,                 0,     0.03932133978,    -0.05228972245,      0.7385134873,                 0,       60.30661923,      0.0199971548
          0,           0,         292,      -9.095375415,      -8.286725786,      -8.618574278,       -8.70583549,      -12.80549836,     0.01574572346,     0.01227427871,      0.7402131158,                 0,                 0,                 0,      0.0393121086,    -0.05228625252,      0.7384661553,                 0,       60.30603777,      0.0199971548
          0,           0,         293,      -9.100656666,      -8.294985031,       -8.62530454,      -8.712991801,      -12.81448054,     0.01574572346,     0.01227362904,       0.740166342,                 0,                 0,                 0,     0.03930300822,    -0.05228282313,      0.7384195029,                 0,       60.30541903,      0.0199971548
          0,           0,         294,      -9.105914449,      -8.303228696,      -8.632021683,      -8.720134096,      -12.82345611,     0.01574572346,     0.01227299772,      0.7401202384,                 0,                 0,                 0,     0.03929403659,    -0.05227943384,      0.7383735197,                 0,       60.30476461,      0.0199971548
          0,           0,         295,      -9.111149127,       -8.31145678,      -8.638726387,      -8.727262727,      -12.83242337,     0.01574572346,     0.01227238427,      0.7400747945,                 0,                 0,                 0,     0.03928519172,    -0.05227608426,      0.7383281952,                 0,       60.30407605,      0.0199971548
          0,           0,         296,      -9.116361218,      -8.319669337,      -8.645419213,      -8.734378315,      -12.84138306,     0.01574572346,     0.01227178822,           0.74003,                 0,                 0,                 0,     0.03927647164,    -0.05227277394,      0.7382835192,                 0,       60.30335489,      0.0199971548
          0,           0,         297,      -9.121551075,      -8.327866411,      -8.652100653,      -8.741481203,       -12.8503369,     0.01574572346,     0.01227120909,      0.7399858449,                 0,                 0,                 0,      0.0392678744,     -0.0522695025,      0.7382394817,                 0,       60.30260259,      0.0199971548
          0,           0,         298,      -9.126719007,      -8.336048039,      -8.658771011,      -8.748571595,       -12.8592871,     0.01574572346,     0.01227064643,      0.7399423194,                 0,                 0,                 0,     0.03925939811,    -0.05226626953,      0.7381960728,                 0,        60.3018206,      0.0199971548
          0,           0,         299,      -9.131865273,      -8.344214242,      -8.665430525,       -8.75564956,      -12.86823567,     0.01574572346,     0.01227009979,      0.7398994139,                 0,                 0,                 0,     0.03925104092,    -0.05226307462,      0.7381532829,                 0,       60.30101032,      0.0199971548
          0,           0,         300,      -9.136990159,      -8.352365043,      -8.672079458,       -8.76271536,      -12.87718388,     0.01574572346,     0.01226956875,      0.7398571189,                 0,                 0,                 0,     0.03924280104,    -0.05225991739,      0.7381111025,                 0,       60.30017306,      0.0199971548
          0,           0,         301,      -9.142093973,      -8.360500492,      -8.678718087,      -8.769769204,      -12.88613197,     0.01574572346,      0.0122690529,      0.7398154252,                 0,                 0,                 0,     0.03923467674,    -0.05225679743,      0.7380695226,                 0,        60.2993101,      0.0199971548
          0,           0,         302,      -9.147177157,      -8.368620659,      -8.685346964,      -8.776811644,      -12.89507942,     0.01574572346,     0.01226855184,       0.739774324,                 0,                 0,                 0,     0.03922666633,    -0.05225371438,      0.7380285342,                 0,       60.29842263,      0.0199971548
          0,           0,         303,       -9.15224011,      -8.376725638,      -8.691966727,      -8.783843134,      -12.90402547,     0.01574572346,      0.0122680652,      0.7397338067,                 0,                 0,                 0,      0.0392187682,    -0.05225066785,      0.7379881286,                 0,       60.29751183,      0.0199971548
          0,           0,         304,      -9.157283297,      -8.384815583,      -8.698578079,      -8.790864363,      -12.91296944,     0.01574572346,     0.01226759261,      0.7396938647,                 0,                 0,                 0,     0.03921098076,    -0.05224765747,      0.7379482974,                 0,       60.29657882,      0.0199971548
          0,           0,         305,      -9.162307196,      -8.392890648,      -8.705181824,      -8.797876009,      -12.92191101,     0.01574572346,     0.01226713371,      0.7396544899,                 0,                 0,                 0,     0.03920330247,    -0.05224468289,      0.7379090324,                 0,       60.29562469,      0.0199971548
          0,           0,         306,      -9.167312089,      -8.400950999,       -8.71177867,       -8.80487835,      -12.93085021,     0.01574572346,     0.01226668814,      0.7396156742,                 0,                 0,                 0,     0.03919573184,    -0.05224174374,      0.7378703256,                 0,        60.2946505,      0.0199971548
          0,           0,         307,      -9.172298547,      -8.408996842,      -8.718369374,      -8.811872311,      -12.93978522,     0.01574572346,     0.01226625557,      0.7395774097,                 0,                 0,                 0,     0.03918826739,     -0.0522388397,       0.737832169,                 0,       60.29365728,      0.0199971548
          0,           0,         308,      -9.177266822,      -8.417028337,      -8.724954689,       -8.81885819,      -12.94871456,     0.01574572346,     0.01226583567,      0.7395396889,                 0,                 0,                 0,     0.03918090768,    -0.05223597041,      0.7377945551,                 0,       60.29264608,      0.0199971548
          0,           0,         309,      -9.182217379,      -8.425045677,      -8.731535324,      -8.825836743,      -12.95763728,     0.01574572346,     0.01226542809,       0.739502504,                 0,                 0,                 0,      0.0391736513,    -0.05223313556,      0.7377574762,                 0,       60.29161791,      0.0199971548
          0,           0,         310,      -9.187150543,      -8.433049048,      -8.738111962,      -8.832808365,       -12.9665536,     0.01574572346,     0.01226503252,      0.7394658477,                 0,                 0,                 0,     0.03916649681,    -0.05223033483,      0.7377209249,                 0,       60.29057377,      0.0199971548
          0,           0,         311,       -9.19206659,      -8.441038601,      -8.744685085,      -8.839773398,      -12.97546432,     0.01574572346,     0.01226464862,      0.7394297126,                 0,                 0,                 0,     0.03915944284,    -0.05222756788,      0.7376848938,                 0,       60.28951466,      0.0199971548
          0,           0,         312,      -9.196965773,      -8.449014466,      -8.751255168,      -8.846732156,      -12.98437057,     0.01574572346,     0.01226427608,      0.7393940914,                 0,                 0,                 0,     0.03915248799,    -0.05222483441,      0.7376493758,                 0,       60.28844154,      0.0199971548
          0,           0,         313,      -9.201848328,      -8.456976775,      -8.757822437,      -8.853684857,      -12.99327237,     0.01574572346,     0.01226391459,       0.739358977,                 0,                 0,                 0,      0.0391456309,    -0.05222213411,      0.7376143635,                 0,       60.28735535,      0.0199971548
          0,           0,         314,      -9.206714484,      -8.464925608,      -8.764387176,      -8.860631717,      -13.00216952,     0.01574572346,     0.01226356385,      0.7393243624,                 0,                 0,                 0,     0.03913887023,    -0.05221946664,        0.73757985,                 0,       60.28625701,      0.0199971548
          0,           0,         315,      -9.211564368,      -8.472861047,      -8.770949555,      -8.867572743,      -13.01106088,     0.01574572346,     0.01226322357,      0.7392902405,                 0,                 0,                 0,     0.03913220465,    -0.05221683172,      0.7375458283,                 0,        60.2851474,      0.0199971548
          0,           0,         316,      -9.216398317,      -8.480783205,      -8.777509798,      -8.874508392,      -13.01994456,     0.01574572346,     0.01226289346,      0.7392566046,                 0,                 0,                 0,     0.03912563287,    -0.05221422901,      0.7375122917,                 0,       60.28402735,      0.0199971548
          0,           0,         317,      -9.221216491,       -8.48869215,      -8.784068132,      -8.881438801,      -13.02881721,     0.01574572346,     0.01226257325,       0.739223448,                 0,                 0,                 0,     0.03911915363,    -0.05221165822,      0.7374792333,                 0,       60.28289766,      0.0199971548
          0,           0,         318,      -9.226019142,      -8.496588008,      -8.790624851,      -8.888364237,      -13.03767255,     0.01574572346,     0.01226226266,      0.7391907641,                 0,                 0,                 0,     0.03911276568,    -0.05220911902,      0.7374466467,                 0,       60.28175912,      0.0199971548
          0,           0,         319,      -9.230806364,      -8.504470884,      -8.797180284,      -8.895284621,      -13.04650169,     0.01574572346,     0.01226196146,      0.7391585464,                 0,                 0,                 0,     0.03910646782,    -0.05220661113,      0.7374145253,                 0,       60.28061245,      0.0199971548
          0,           0,         320,      -9.235578738,       -8.51234095,      -8.803734798,      -8.902201175,      -13.05531549,     0.01574572346,     0.01226166937,      0.7391267887,                 0,                 0,                 0,     0.03910025885,    -0.05220413423,       0.737382863,                 0,       60.27945837,      0.0199971548
          0,           0,         321,      -9.240336363,      -8.520198348,       -8.81028876,      -8.909113798,      -13.06401667,     0.01574572346,     0.01226138618,      0.7390954847,                 0,                 0,                 0,     0.03909413761,    -0.05220168803,      0.7373516534,                 0,       60.27829758,      0.0199971548
          0,           0,         322,       -9.24507933,      -8.528043266,       -8.81684259,      -8.916022548,       -13.0725559,     0.01574572346,     0.01226111163,      0.7390646283,                 0,                 0,                 0,     0.03908810295,    -0.05219927222,      0.7373208906,                 0,       60.27713072,      0.0199971548
          0,           0,         323,      -9.249808134,      -8.535875899,      -8.823396767,      -8.922928293,      -13.08096628,     0.01574572346,      0.0122608455,      0.7390342136,                 0,                 0,                 0,     0.03908215375,    -0.05219688653,      0.7372905684,                 0,       60.27595844,      0.0199971548
          0,           0,         324,      -9.254522932,      -8.543696422,       -8.82995169,       -8.92983136,      -13.08918098,     0.01574572346,     0.01226058756,      0.7390042347,                 0,                 0,                 0,     0.03907628891,    -0.05219453065,      0.7372606811,                 0,       60.27478137,      0.0199971548
          0,           0,         325,       -9.25922391,      -8.551505069,      -8.836507727,      -8.936731843,      -13.09714512,     0.01574572346,      0.0122603376,      0.7389746858,                 0,                 0,                 0,     0.03907050733,     -0.0521922043,      0.7372312228,                 0,       60.27360012,      0.0199971548
          0,           0,         326,      -9.263911328,      -8.559302012,      -8.843065304,      -8.943630325,      -13.10481222,     0.01574572346,      0.0122600954,      0.7389455611,                 0,                 0,                 0,     0.03906480794,     -0.0521899072,      0.7372021879,                 0,       60.27241527,      0.0199971548
          0,           0,         327,      -9.268585524,      -8.567087492,      -8.849624763,      -8.950527383,      -13.11216662,     0.01574572346,     0.01225986075,      0.7389168551,                 0,                 0,                 0,     0.03905918967,    -0.05218763906,      0.7371735707,                 0,        60.2712274,      0.0199971548
          0,           0,         328,      -9.273246494,      -8.574861686,      -8.856186429,       -8.95742283,      -13.11923761,     0.01574572346,     0.01225963344,      0.7388885622,                 0,                 0,                 0,     0.03905365148,    -0.05218539961,      0.7371453656,                 0,       60.27003708,      0.0199971548
          0,           0,         329,      -9.277894486,      -8.582624784,      -8.862750608,      -8.964317225,      -13.12609703,     0.01574572346,     0.01225941328,      0.7388606769,                 0,                 0,                 0,     0.03904819232,    -0.05218318857,      0.7371175672,                 0,       60.26884483,      0.0199971548
          0,           0,         330,      -9.282529711,      -8.590377002,      -8.869317454,      -8.971210761,      -13.13284794,     0.01574572346,     0.01225920007,      0.7388331938,                 0,                 0,                 0,     0.03904281117,    -0.05218100566,      0.7370901701,                 0,        60.2676512,      0.0199971548
          0,           0,         331,      -9.287152329,      -8.598118512,      -8.875887247,      -8.978103763,      -13.13960681,     0.01574572346,     0.01225899362,      0.7388061076,                 0,                 0,                 0,     0.03903750703,    -0.05217885061,       0.737063169,                 0,       60.26645667,      0.0199971548
          0,           0,         332,      -9.291762379,      -8.605849494,      -8.882460234,      -8.984996067,      -13.14648778,     0.01574572346,     0.01225879373,       0.738779413,                 0,                 0,                 0,     0.03903227891,    -0.05217672315,      0.7370365586,                 0,       60.26526175,      0.0199971548
          0,           0,         333,      -9.296360177,      -8.613570157,      -8.889036607,      -8.991888371,       -13.1535886,     0.01574572346,     0.01225860024,      0.7387531049,                 0,                 0,                 0,     0.03902712579,      -0.052174623,      0.7370103337,                 0,       60.26406692,      0.0199971548
          0,           0,         334,      -9.300945784,      -8.621280676,      -8.895616687,      -8.998780679,      -13.16098152,     0.01574572346,     0.01225841294,       0.738727178,                 0,                 0,                 0,      0.0390220467,    -0.05217254991,      0.7369844891,                 0,       60.26287265,      0.0199971548
          0,           0,         335,      -9.305519359,      -8.628981236,      -8.902200461,      -9.005673151,      -13.16870869,     0.01574572346,     0.01225823168,      0.7387016273,                 0,                 0,                 0,     0.03901704066,    -0.05217050359,      0.7369590198,                 0,        60.2616794,      0.0199971548
          0,           0,         336,       -9.31008089,      -8.636671994,      -8.908787944,      -9.012565562,      -13.17678201,     0.01574572346,     0.01225805626,      0.7386764476,                 0,                 0,                 0,     0.03901210668,    -0.05216848378,      0.7369339207,                 0,        60.2604876,      0.0199971548
          0,           0,         337,      -9.314630449,      -8.644353078,      -8.915379101,       -9.01945783,      -13.18518614,     0.01574572346,     0.01225788654,       0.738651634,                 0,                 0,                 0,     0.03900724381,    -0.05216649021,      0.7369091867,                 0,        60.2592977,      0.0199971548
          0,           0,         338,      -9.319168239,      -8.652024631,      -8.921973792,      -9.026350256,      -13.19388509,     0.01574572346,     0.01225772233,      0.7386271815,                 0,                 0,                 0,     0.03900245109,    -0.05216452262,      0.7368848129,                 0,       60.25811007,      0.0199971548
          0,           0,         339,      -9.323694192,      -8.659686786,      -8.928571987,      -9.033242492,      -13.20283295,     0.01574572346,     0.01225756349,      0.7386030852,                 0,                 0,                 0,      0.0389977276,    -0.05216258072,      0.7368607945,                 0,       60.25692509,      0.0199971548
          0,           0,         340,      -9.328208576,      -8.667339712,      -8.935173784,      -9.040134963,      -13.21197915,     0.01574572346,     0.01225740987,      0.7385793403,                 0,                 0,                 0,     0.03899307242,    -0.05216066426,      0.7368371266,                 0,       60.25574312,      0.0199971548
          0,           0,         341,      -9.332711479,      -8.674983572,      -8.941779192,      -9.047027733,      -13.22127394,     0.01574572346,     0.01225726132,      0.7385559421,                 0,                 0,                 0,     0.03898848468,    -0.05215877296,      0.7368138045,                 0,       60.25456444,      0.0199971548
          0,           0,         342,      -9.337203181,       -8.68261855,      -8.948388357,      -9.053921127,      -13.23067187,     0.01574572346,     0.01225711771,       0.738532886,                 0,                 0,                 0,     0.03898396346,    -0.05215690655,      0.7367908236,                 0,       60.25338939,      0.0199971548
          0,           0,         343,      -9.341683722,      -8.690244877,      -8.955001556,      -9.060815128,      -13.24013384,     0.01574572346,     0.01225697886,      0.7385101672,                 0,                 0,                 0,     0.03897950782,    -0.05215506479,      0.7367681791,                 0,        60.2522184,      0.0199971548
          0,           0,         344,       -9.34615291,      -8.697862785,      -8.961618904,      -9.067710015,      -13.24962825,     0.01574572346,     0.01225684466,      0.7384877812,                 0,                 0,                 0,     0.03897511696,    -0.05215324741,      0.7367458666,                 0,       60.25105168,      0.0199971548
          0,           0,         345,      -9.350610949,      -8.705472388,      -8.968240254,      -9.074605174,      -13.25913057,     0.01574572346,     0.01225671499,      0.7384657235,                 0,                 0,                 0,     0.03897078999,    -0.05215145414,      0.7367238816,                 0,       60.24988949,      0.0199971548
          0,           0,         346,      -9.355058344,      -8.713073934,      -8.974865671,       -9.08150199,      -13.26862294,     0.01574572346,      0.0122565897,      0.7384439897,                 0,                 0,                 0,     0.03896652609,    -0.05214968472,      0.7367022196,                 0,       60.24873213,      0.0199971548
          0,           0,         347,      -9.359494776,      -8.720667602,      -8.981495278,      -9.088399395,      -13.27809312,     0.01574572346,     0.01225646868,      0.7384225754,                 0,                 0,                 0,     0.03896232441,     -0.0521479389,      0.7366808762,                 0,       60.24757983,      0.0199971548
          0,           0,         348,      -9.363920622,      -8.728253652,      -8.988129329,      -9.095298435,      -13.28753327,     0.01574572346,     0.01225635181,      0.7384014763,                 0,                 0,                 0,     0.03895818411,    -0.05214621642,      0.7366598472,                 0,       60.24643285,      0.0199971548
          0,           0,         349,      -9.368335927,      -8.735832247,         -8.994768,       -9.10219891,      -13.29693873,     0.01574572346,     0.01225623896,      0.7383806881,                 0,                 0,                 0,     0.03895410438,    -0.05214451703,      0.7366391282,                 0,       60.24529144,      0.0199971548
          0,           0,         350,      -9.372740692,      -8.743403621,      -9.001411253,       -9.10910071,      -13.30630704,     0.01574572346,     0.01225613002,      0.7383602065,                 0,                 0,                 0,      0.0389500844,    -0.05214284047,      0.7366187151,                 0,       60.24415581,      0.0199971548
          0,           0,         351,      -9.377135121,      -8.750967929,      -9.008059066,      -9.116004194,       -13.3156372,     0.01574572346,     0.01225602487,      0.7383400273,                 0,                 0,                 0,     0.03894612336,    -0.05214118649,      0.7365986036,                 0,        60.2430262,      0.0199971548
          0,           0,         352,      -9.381519241,      -8.758525353,       -9.01471145,      -9.122909228,      -13.32492917,     0.01574572346,     0.01225592341,      0.7383201465,                 0,                 0,                 0,     0.03894222048,    -0.05213955484,      0.7365787896,                 0,        60.2419028,      0.0199971548
          0,           0,         353,      -9.385893149,      -8.766076052,      -9.021368418,      -9.129815901,      -13.33418357,     0.01574572346,     0.01225582552,      0.7383005599,                 0,                 0,                 0,     0.03893837496,    -0.05213794527,       0.736559269,                 0,       60.24078581,      0.0199971548
          0,           0,         354,       -9.39025686,       -8.77362023,      -9.028030003,      -9.136724014,      -13.34340148,     0.01574572346,      0.0122557311,      0.7382812635,                 0,                 0,                 0,     0.03893458602,    -0.05213635753,      0.7365400377,                 0,       60.23967543,      0.0199971548
          0,           0,         355,      -9.394610594,      -8.781158038,      -9.034696164,      -9.143634063,      -13.35258426,     0.01574572346,     0.01225564005,      0.7382622532,                 0,                 0,                 0,      0.0389308529,    -0.05213479138,      0.7365210919,                 0,       60.23857182,      0.0199971548
          0,           0,         356,      -9.398954354,      -8.788689598,      -9.041366928,      -9.150545885,      -13.36173349,     0.01574572346,     0.01225555226,      0.7382435252,                 0,                 0,                 0,     0.03892717482,    -0.05213324658,      0.7365024274,                 0,       60.23747517,      0.0199971548
          0,           0,         357,       -9.40328824,      -8.796215099,      -9.048042185,      -9.157459515,      -13.37085078,     0.01574572346,     0.01225546765,      0.7382250754,                 0,                 0,                 0,     0.03892355104,    -0.05213172286,      0.7364840405,                 0,       60.23638562,      0.0199971548
          0,           0,         358,       -9.40761218,      -8.803734659,      -9.054721932,      -9.164374315,      -13.37993774,     0.01574572346,     0.01225538611,      0.7382069001,                 0,                 0,                 0,      0.0389199808,    -0.05213022001,      0.7364659272,                 0,       60.23530333,      0.0199971548
          0,           0,         359,      -9.411926423,      -8.811248408,      -9.061405935,      -9.171290926,      -13.38899599,     0.01574572346,     0.01225530756,      0.7381889953,                 0,                 0,                 0,     0.03891646338,    -0.05212873776,      0.7364480838,                 0,       60.23422844,      0.0199971548
          0,           0,         360,      -9.416230968,      -8.818756477,      -9.068094457,      -9.178209317,      -13.39802719,     0.01574572346,     0.01225523191,      0.7381713575,                 0,                 0,                 0,     0.03891299804,    -0.05212727588,      0.7364305064,                 0,       60.23316107,      0.0199971548
          0,           0,         361,       -9.42052587,      -8.826259017,      -9.074787286,      -9.185129139,      -13.40703302,     0.01574572346,     0.01225515906,      0.7381539827,                 0,                 0,                 0,     0.03890958408,    -0.05212583414,      0.7364131914,                 0,       60.23210134,      0.0199971548
          0,           0,         362,      -9.424811406,      -8.833756159,       -9.08148448,      -9.192051367,      -13.41601428,     0.01574572346,     0.01225508895,      0.7381368674,                 0,                 0,                 0,     0.03890622078,    -0.05212441229,      0.7363961352,                 0,       60.23104937,      0.0199971548
          0,           0,         363,      -9.429087458,      -8.841248047,      -9.088186067,      -9.198975069,      -13.42497122,     0.01574572346,     0.01225502148,       0.738120008,                 0,                 0,                 0,     0.03890290747,     -0.0521230101,       0.736379334,                 0,       60.23000522,      0.0199971548
          0,           0,         364,      -9.433354089,      -8.848734862,      -9.094892143,      -9.205900349,      -13.43390258,     0.01574572346,     0.01225495659,      0.7381034009,                 0,                 0,                 0,     0.03889964345,    -0.05212162734,      0.7363627844,                 0,         60.228969,      0.0199971548
          0,           0,         365,      -9.437611501,      -8.856216712,      -9.101602813,      -9.212827565,      -13.44280722,     0.01574572346,      0.0122548942,      0.7380870426,                 0,                 0,                 0,     0.03889642807,    -0.05212026378,      0.7363464829,                 0,        60.2279408,      0.0199971548
          0,           0,         366,      -9.441860009,      -8.863693827,      -9.108318264,      -9.219757854,      -13.45168571,     0.01574572346,     0.01225483424,      0.7380709296,                 0,                 0,                 0,     0.03889326065,    -0.05211891918,      0.7363304261,                 0,       60.22692067,      0.0199971548
          0,           0,         367,       -9.44609939,      -8.871166305,      -9.115038615,      -9.226690123,      -13.46054023,     0.01574572346,     0.01225477663,      0.7380550586,                 0,                 0,                 0,     0.03889014053,    -0.05211759332,      0.7363146105,                 0,       60.22590872,      0.0199971548
          0,           0,         368,      -9.450329775,      -8.878634315,       -9.12176392,       -9.23362446,      -13.46937421,     0.01574572346,      0.0122547213,      0.7380394262,                 0,                 0,                 0,     0.03888706706,    -0.05211628598,      0.7362990327,                 0,       60.22490502,      0.0199971548
          0,           0,         369,      -9.454551362,      -8.886097988,      -9.128494086,      -9.240561444,      -13.47819164,     0.01574572346,     0.01225466817,      0.7380240289,                 0,                 0,                 0,     0.03888403958,    -0.05211499694,      0.7362836894,                 0,       60.22390965,      0.0199971548
          0,           0,         370,      -9.458764133,       -8.89355742,      -9.135229146,      -9.247500641,      -13.48699615,     0.01574572346,     0.01225461719,      0.7380088635,                 0,                 0,                 0,     0.03888105745,    -0.05211372598,      0.7362685772,                 0,       60.22292267,      0.0199971548
          0,           0,         371,      -9.462968155,      -8.901012679,      -9.141968902,      -9.254442165,       -13.4957905,     0.01574572346,     0.01225456828,      0.7379939266,                 0,                 0,                 0,     0.03887812004,    -0.05211247287,       0.736253693,                 0,       60.22194415,      0.0199971548
          0,           0,         372,      -9.467163451,      -8.908463879,      -9.148713279,        -9.2613856,      -13.50457634,     0.01574572346,     0.01225452138,      0.7379792152,                 0,                 0,                 0,     0.03887522671,     -0.0521112374,      0.7362390334,                 0,       60.22097413,      0.0199971548
          0,           0,         373,      -9.471350183,      -8.915911014,      -9.155462096,      -9.268331385,      -13.51335434,     0.01574572346,     0.01225447643,      0.7379647258,                 0,                 0,                 0,     0.03887237685,    -0.05211001935,      0.7362245952,                 0,       60.22001268,      0.0199971548
          0,           0,         374,      -9.475528202,      -8.923354167,      -9.162215367,      -9.275278598,      -13.52212451,     0.01574572346,     0.01225443336,      0.7379504554,                 0,                 0,                 0,     0.03886956984,    -0.05210881851,      0.7362103754,                 0,       60.21905981,      0.0199971548
          0,           0,         375,      -9.479697893,       -8.93079348,      -9.168973013,      -9.282228517,       -13.5308864,     0.01574572346,     0.01225439212,      0.7379364009,                 0,                 0,                 0,     0.03886680509,    -0.05210763467,      0.7361963708,                 0,       60.21811557,      0.0199971548
          0,           0,         376,      -9.483859064,      -8.938228972,      -9.175735031,      -9.289179883,       -13.5396394,     0.01574572346,     0.01225435265,      0.7379225592,                 0,                 0,                 0,       0.038864082,     -0.0521064676,      0.7361825783,                 0,       60.21717999,      0.0199971548
          0,           0,         377,      -9.488011985,      -8.945660776,      -9.182501492,      -9.296133714,      -13.54838294,     0.01574572346,      0.0122543149,      0.7379089273,                 0,                 0,                 0,     0.03886139998,     -0.0521053171,      0.7361689949,                 0,       60.21625307,      0.0199971548
          0,           0,         378,      -9.492156585,       -8.95308894,      -9.189272257,      -9.303089205,      -13.55711665,     0.01574572346,     0.01225427881,      0.7378955021,                 0,                 0,                 0,     0.03885875846,    -0.05210418297,      0.7361556177,                 0,       60.21533485,      0.0199971548
          0,           0,         379,       -9.49629309,      -8.960513556,      -9.196047452,      -9.310047265,       -13.5658404,     0.01574572346,     0.01225424434,      0.7378822807,                 0,                 0,                 0,     0.03885615686,      -0.052103065,      0.7361424437,                 0,       60.21442533,      0.0199971548
          0,           0,         380,       -9.50042154,      -8.967934737,      -9.202827079,      -9.317007755,      -13.57455428,     0.01574572346,     0.01225421143,      0.7378692603,                 0,                 0,                 0,     0.03885359462,    -0.05210196298,      0.7361294699,                 0,       60.21352453,      0.0199971548
          0,           0,         381,      -9.504541872,      -8.975352605,      -9.209611004,      -9.323969598,      -13.58325851,     0.01574572346,     0.01225418003,      0.7378564379,                 0,                 0,                 0,     0.03885107119,    -0.05210087672,      0.7361166936,                 0,       60.21263245,      0.0199971548
          0,           0,         382,      -9.508654436,      -8.982767165,      -9.216399485,      -9.330934511,      -13.59195333,     0.01574572346,     0.01225415009,      0.7378438107,                 0,                 0,                 0,     0.03884858601,      -0.052099806,      0.7361041118,                 0,       60.21174909,      0.0199971548
          0,           0,         383,      -9.512758958,      -8.990178564,      -9.223192196,      -9.337900516,      -13.60063899,     0.01574572346,     0.01225412158,      0.7378313759,                 0,                 0,                 0,     0.03884613855,    -0.05209875064,      0.7360917219,                 0,       60.21087444,      0.0199971548
          0,           0,         384,      -9.516855798,      -8.997586872,       -9.22998943,      -9.344869546,       -13.6093157,     0.01574572346,     0.01225409445,      0.7378191308,                 0,                 0,                 0,     0.03884372827,    -0.05209771044,       0.736079521,                 0,       60.21000848,      0.0199971548
          0,           0,         385,      -9.520945004,      -9.004992136,      -9.236791125,      -9.351841003,      -13.61798364,     0.01574572346,     0.01225406865,      0.7378070726,                 0,                 0,                 0,     0.03884135464,    -0.05209668519,      0.7360675064,                 0,       60.20915122,      0.0199971548
          0,           0,         386,      -9.525026416,      -9.012394454,      -9.243597228,       -9.35881407,      -13.62664298,     0.01574572346,     0.01225404414,      0.7377951986,                 0,                 0,                 0,     0.03883901714,    -0.05209567473,      0.7360556755,                 0,       60.20830266,      0.0199971548
          0,           0,         387,       -9.52910042,      -9.019793956,      -9.250407844,      -9.365789966,      -13.63529386,     0.01574572346,     0.01225402088,      0.7377835062,                 0,                 0,                 0,     0.03883671526,    -0.05209467884,      0.7360440255,                 0,       60.20746279,      0.0199971548
          0,           0,         388,       -9.53316689,      -9.027190649,      -9.257222886,       -9.37276797,      -13.64393642,     0.01574572346,     0.01225399883,      0.7377719928,                 0,                 0,                 0,     0.03883444849,    -0.05209369735,       0.736032554,                 0,       60.20663159,      0.0199971548
          0,           0,         389,      -9.537225972,      -9.034584617,      -9.264042486,       -9.37974842,      -13.65257076,     0.01574572346,     0.01225397794,      0.7377606558,                 0,                 0,                 0,     0.03883221634,    -0.05209273007,      0.7360212583,                 0,       60.20580904,      0.0199971548
          0,           0,         390,      -9.541277755,      -9.041975924,      -9.270866594,      -9.386731238,      -13.66119697,     0.01574572346,     0.01225395818,      0.7377494926,                 0,                 0,                 0,      0.0388300183,    -0.05209177681,      0.7360101358,                 0,       60.20499511,      0.0199971548
          0,           0,         391,      -9.545322346,      -9.049364711,      -9.277695223,      -9.393716681,      -13.66981507,     0.01574572346,     0.01225393952,      0.7377385007,                 0,                 0,                 0,     0.03882785389,     -0.0520908374,      0.7359991842,                 0,        60.2041898,      0.0199971548
          0,           0,         392,      -9.549359651,      -9.056750955,       -9.28452837,       -9.40070417,      -13.67842511,     0.01574572346,     0.01225392192,      0.7377276777,                 0,                 0,                 0,     0.03882572263,    -0.05208991165,      0.7359884008,                 0,       60.20339307,      0.0199971548
          0,           0,         393,      -9.553389883,      -9.064134754,      -9.291366164,      -9.407693978,      -13.68702716,     0.01574572346,     0.01225390533,      0.7377170211,                 0,                 0,                 0,     0.03882362404,    -0.05208899939,      0.7359777834,                 0,       60.20260489,      0.0199971548
          0,           0,         394,      -9.557413155,      -9.071516163,      -9.298208426,      -9.414686746,      -13.69562134,     0.01574572346,     0.01225388974,      0.7377065285,                 0,                 0,                 0,     0.03882155765,    -0.05208810044,      0.7359673293,                 0,       60.20182524,      0.0199971548
          0,           0,         395,      -9.561429416,       -9.07889528,      -9.305055212,      -9.421681599,      -13.70420782,     0.01574572346,      0.0122538751,      0.7376961976,                 0,                 0,                 0,     0.03881952301,    -0.05208721462,      0.7359570364,                 0,       60.20105408,      0.0199971548
          0,           0,         396,      -9.565438819,      -9.086272113,      -9.311906718,       -9.42867902,      -13.71278676,     0.01574572346,     0.01225386138,      0.7376860258,                 0,                 0,                 0,     0.03881751965,    -0.05208634176,      0.7359469022,                 0,       60.20029138,      0.0199971548
          0,           0,         397,      -9.569441362,      -9.093646702,      -9.318762686,       -9.43567871,      -13.72135834,     0.01574572346,     0.01225384856,      0.7376760111,                 0,                 0,                 0,     0.03881554712,    -0.05208548169,      0.7359369244,                 0,       60.19953711,      0.0199971548
          0,           0,         398,      -9.573437196,      -9.101019152,      -9.325623029,      -9.442680991,      -13.72992266,     0.01574572346,      0.0122538366,      0.7376661509,                 0,                 0,                 0,     0.03881360498,    -0.05208463424,      0.7359271008,                 0,       60.19879123,      0.0199971548
          0,           0,         399,      -9.577426395,      -9.108389476,      -9.332488092,       -9.44968598,      -13.73847982,     0.01574572346,     0.01225382546,      0.7376564432,                 0,                 0,                 0,     0.03881169278,    -0.05208379924,       0.735917429,                 0,       60.19805369,      0.0199971548
          0,           0,         400,       -9.58140899,      -9.115757729,      -9.339357403,      -9.456693419,      -13.74702985,     0.01574572346,     0.01225381514,      0.7376468856,                 0,                 0,                 0,     0.03880981009,    -0.05208297653,      0.7359079069,                 0,       60.19732447,      0.0199971548
          0,           0,         401,      -9.585384961,      -9.123123921,      -9.346231061,      -9.463702586,      -13.75557278,     0.01574572346,     0.01225380558,       0.737637476,                 0,                 0,                 0,     0.03880795648,    -0.05208216595,      0.7358985322,                 0,       60.19660351,      0.0199971548
          0,           0,         402,      -9.589354463,      -9.130488092,      -9.353109271,      -9.470714284,      -13.76410861,     0.01574572346,     0.01225379677,      0.7376282122,                 0,                 0,                 0,     0.03880613153,    -0.05208136732,      0.7358893029,                 0,       60.19589077,      0.0199971548
          0,           0,         403,       -9.59331763,      -9.137850342,      -9.359991819,      -9.477728526,      -13.77263738,     0.01574572346,     0.01225378869,       0.737619092,                 0,                 0,                 0,     0.03880433482,     -0.0520805805,      0.7358802167,                 0,       60.19518621,      0.0199971548
          0,           0,         404,      -9.597274466,      -9.145210664,      -9.366878638,      -9.484745327,       -13.7811591,     0.01574572346,      0.0122537813,      0.7376101133,                 0,                 0,                 0,     0.03880256593,    -0.05207980532,      0.7358712715,                 0,       60.19448978,      0.0199971548
          0,           0,         405,      -9.601224944,      -9.152569169,       -9.37376972,      -9.491763901,      -13.78967383,     0.01574572346,     0.01225377458,      0.7376012741,                 0,                 0,                 0,     0.03880082446,    -0.05207904162,      0.7358624654,                 0,       60.19380143,      0.0199971548
          0,           0,         406,       -9.60516933,       -9.15992579,      -9.380665111,      -9.498785457,      -13.79818162,     0.01574572346,     0.01225376851,      0.7375925722,                 0,                 0,                 0,     0.03879911002,    -0.05207828925,      0.7358537961,                 0,       60.19312111,      0.0199971548
          0,           0,         407,      -9.609107541,      -9.167280619,      -9.387564807,      -9.505808925,       -13.8066825,     0.01574572346,     0.01225376307,      0.7375840057,                 0,                 0,                 0,     0.03879742219,    -0.05207754806,      0.7358452617,                 0,       60.19244878,      0.0199971548
          0,           0,         408,      -9.613039611,      -9.174633756,      -9.394468754,      -9.512834362,      -13.81517653,     0.01574572346,     0.01225375822,      0.7375755726,                 0,                 0,                 0,      0.0387957606,    -0.05207681789,      0.7358368603,                 0,       60.19178437,      0.0199971548
          0,           0,         409,      -9.616965714,      -9.181985209,      -9.401376804,      -9.519862289,      -13.82366376,     0.01574572346,     0.01225375396,      0.7375672709,                 0,                 0,                 0,     0.03879412486,     -0.0520760986,      0.7358285898,                 0,       60.19112784,      0.0199971548
          0,           0,         410,      -9.620886011,      -9.189335007,      -9.408289062,      -9.526893473,       -13.8321442,     0.01574572346,     0.01225375025,      0.7375590986,                 0,                 0,                 0,     0.03879251459,    -0.05207539003,      0.7358204482,                 0,       60.19047913,      0.0199971548
          0,           0,         411,      -9.624800319,      -9.196683196,      -9.415205584,      -9.533925759,      -13.84061789,     0.01574572346,     0.01225374708,      0.7375510538,                 0,                 0,                 0,      0.0387909294,    -0.05207469203,      0.7358124337,                 0,       60.18983818,      0.0199971548
          0,           0,         412,      -9.628708905,      -9.204029849,      -9.422126265,      -9.540961056,      -13.84908485,     0.01574572346,     0.01225374443,      0.7375431346,                 0,                 0,                 0,     0.03878936895,    -0.05207400447,      0.7358045445,                 0,       60.18920495,      0.0199971548
          0,           0,         413,      -9.632611696,      -9.211375024,      -9.429051098,      -9.547998225,       -13.8575451,     0.01574572346,     0.01225374227,      0.7375353392,                 0,                 0,                 0,     0.03878783285,    -0.05207332721,      0.7357967785,                 0,       60.18857937,      0.0199971548
          0,           0,         414,      -9.636508877,      -9.218718773,      -9.435980188,      -9.555038104,      -13.86599864,     0.01574572346,     0.01225374059,      0.7375276657,                 0,                 0,                 0,     0.03878632075,    -0.05207266009,      0.7357891341,                 0,       60.18796138,      0.0199971548
          0,           0,         415,      -9.640400356,      -9.226061085,      -9.442913395,      -9.562079654,       -13.8744455,     0.01574572346,     0.01225373938,      0.7375201123,                 0,                 0,                 0,      0.0387848323,    -0.05207200297,      0.7357816093,                 0,       60.18735093,      0.0199971548
          0,           0,         416,       -9.64428645,      -9.233402032,      -9.449850918,      -9.569124618,      -13.88288569,     0.01574572346,     0.01225373861,      0.7375126772,                 0,                 0,                 0,     0.03878336714,    -0.05207135573,      0.7357742025,                 0,       60.18674796,      0.0199971548
          0,           0,         417,      -9.648166972,      -9.240741779,       -9.45679236,      -9.576170959,      -13.89131923,     0.01574572346,     0.01225373826,      0.7375053587,                 0,                 0,                 0,     0.03878192493,    -0.05207071823,      0.7357669118,                 0,       60.18615241,      0.0199971548
          0,           0,         418,      -9.652042144,      -9.248080232,      -9.463738175,      -9.583220223,      -13.89974613,     0.01574572346,     0.01225373833,       0.737498155,                 0,                 0,                 0,     0.03878050533,    -0.05207009032,      0.7357597355,                 0,       60.18556422,      0.0199971548
          0,           0,         419,      -9.655911943,      -9.255417473,      -9.470687968,      -9.590271596,      -13.90816642,     0.01574572346,     0.01225373878,      0.7374910643,                 0,                 0,                 0,     0.03877910801,    -0.05206947187,      0.7357526719,                 0,       60.18498332,      0.0199971548
          0,           0,         420,      -9.659776415,       -9.26275355,      -9.477641915,      -9.597324829,      -13.91658009,     0.01574572346,     0.01225373962,      0.7374840851,                 0,                 0,                 0,     0.03877773263,    -0.05206886276,      0.7357457193,                 0,       60.18440967,      0.0199971548
          0,           0,         421,      -9.663635781,      -9.270088443,      -9.484600171,      -9.604381104,      -13.92498718,     0.01574572346,     0.01225374081,      0.7374772156,                 0,                 0,                 0,     0.03877637887,    -0.05206826286,       0.735738876,                 0,        60.1838432,      0.0199971548
          0,           0,         422,      -9.667489906,      -9.277422321,      -9.491562509,      -9.611439083,      -13.93338769,     0.01574572346,     0.01225374236,      0.7374704542,                 0,                 0,                 0,     0.03877504641,    -0.05206767202,      0.7357321405,                 0,       60.18328384,      0.0199971548
          0,           0,         423,      -9.671338942,      -9.284755158,      -9.498529007,      -9.618499289,      -13.94178165,     0.01574572346,     0.01225374423,      0.7374637993,                 0,                 0,                 0,     0.03877373492,    -0.05206709014,       0.735725511,                 0,       60.18273153,      0.0199971548
          0,           0,         424,      -9.675182995,      -9.292086986,      -9.505499405,       -9.62556246,      -13.95016906,     0.01574572346,     0.01225374642,      0.7374572492,                 0,                 0,                 0,     0.03877244409,    -0.05206651708,      0.7357189861,                 0,       60.18218622,      0.0199971548
          0,           0,         425,      -9.679022055,      -9.299417828,      -9.512474038,      -9.632627205,      -13.95854994,     0.01574572346,     0.01225374892,      0.7374508024,                 0,                 0,                 0,     0.03877117362,    -0.05206595271,       0.735712564,                 0,       60.18164784,      0.0199971548
          0,           0,         426,      -9.682856127,      -9.306747785,      -9.519452766,      -9.639694045,      -13.96692431,     0.01574572346,     0.01225375171,      0.7374444573,                 0,                 0,                 0,      0.0387699232,    -0.05206539693,      0.7357062434,                 0,       60.18111632,      0.0199971548
          0,           0,         427,      -9.686685462,      -9.314076797,      -9.526435562,      -9.646763768,      -13.97529218,     0.01574572346,     0.01225375478,      0.7374382125,                 0,                 0,                 0,     0.03876869253,    -0.05206484959,      0.7357000225,                 0,       60.18059162,      0.0199971548
          0,           0,         428,      -9.690509919,      -9.321405011,      -9.533422329,      -9.653835164,      -13.98365358,     0.01574572346,     0.01225375812,      0.7374320663,                 0,                 0,                 0,     0.03876748131,    -0.05206431059,      0.7356939001,                 0,       60.18007365,      0.0199971548
          0,           0,         429,       -9.69432972,      -9.328732388,      -9.540413132,      -9.660909565,      -13.99200851,     0.01574572346,     0.01225376171,      0.7374260173,                 0,                 0,                 0,     0.03876628925,    -0.05206377981,      0.7356878744,                 0,       60.17956237,      0.0199971548
          0,           0,         430,      -9.698144861,      -9.336058945,      -9.547408074,      -9.667985992,        -14.000357,     0.01574572346,     0.01225376555,      0.7374200641,                 0,                 0,                 0,     0.03876511606,    -0.05206325713,      0.7356819441,                 0,        60.1790577,      0.0199971548
          0,           0,         431,       -9.70195531,      -9.343384755,      -9.554406938,      -9.675064205,      -14.00869907,     0.01574572346,     0.01225376962,      0.7374142051,                 0,                 0,                 0,     0.03876396147,    -0.05206274243,      0.7356761078,                 0,       60.17855959,      0.0199971548
          0,           0,         432,      -9.705761308,      -9.350709811,      -9.561409776,      -9.682145128,      -14.01703472,     0.01574572346,     0.01225377391,       0.737408439,                 0,                 0,                 0,     0.03876282518,    -0.05206223561,       0.735670364,                 0,       60.17806796,      0.0199971548
          0,           0,         433,      -9.709562683,      -9.358034169,      -9.568416555,      -9.689227287,      -14.02536399,     0.01574572346,     0.01225377841,      0.7374027643,                 0,                 0,                 0,     0.03876170692,    -0.05206173655,      0.7356647113,                 0,       60.17758277,      0.0199971548
          0,           0,         434,      -9.713359728,      -9.365357857,      -9.575427274,      -9.696312657,       -14.0336869,     0.01574572346,     0.01225378311,      0.7373971797,                 0,                 0,                 0,     0.03876060642,    -0.05206124513,      0.7356591483,                 0,       60.17710394,      0.0199971548
          0,           0,         435,      -9.717152287,      -9.372680985,        -9.5824423,      -9.703399375,      -14.04200345,     0.01574572346,       0.012253788,      0.7373916837,                 0,                 0,                 0,     0.03875952341,    -0.05206076125,      0.7356536737,                 0,       60.17663141,      0.0199971548
          0,           0,         436,      -9.720940619,      -9.380003439,      -9.589460753,      -9.710488729,      -14.05031367,     0.01574572346,     0.01225379307,      0.7373862751,                 0,                 0,                 0,     0.03875845763,    -0.05206028481,      0.7356482861,                 0,       60.17616511,      0.0199971548
          0,           0,         437,      -9.724724642,      -9.387325355,      -9.596483187,      -9.717580229,      -14.05861758,     0.01574572346,     0.01225379831,      0.7373809525,                 0,                 0,                 0,     0.03875740881,    -0.05205981569,      0.7356429842,                 0,         60.175705,      0.0199971548
          0,           0,         438,      -9.728504364,      -9.394646675,      -9.603509572,      -9.724672705,      -14.06691522,     0.01574572346,     0.01225380372,      0.7373757145,                 0,                 0,                 0,     0.03875637669,    -0.05205935379,      0.7356377667,                 0,       60.17525099,      0.0199971548
          0,           0,         439,      -9.732280016,      -9.401967543,      -9.610539864,      -9.731768516,      -14.07520658,     0.01574572346,     0.01225380928,        0.73737056,                 0,                 0,                 0,     0.03875536103,      -0.052058899,      0.7356326322,                 0,       60.17480304,      0.0199971548
          0,           0,         440,      -9.736051487,       -9.40928786,      -9.617574083,      -9.738864971,      -14.08349171,     0.01574572346,     0.01225381499,      0.7373654876,                 0,                 0,                 0,     0.03875436157,    -0.05205845122,      0.7356275796,                 0,       60.17436107,      0.0199971548
          0,           0,         441,      -9.739819099,      -9.416607782,      -9.624611909,      -9.745965715,      -14.09177061,     0.01574572346,     0.01225382083,       0.737360496,                 0,                 0,                 0,     0.03875337807,    -0.05205801036,      0.7356226076,                 0,       60.17392502,      0.0199971548
          0,           0,         442,      -9.743582524,      -9.423927204,      -9.631653773,      -9.753066878,      -14.10004332,     0.01574572346,     0.01225382681,      0.7373555841,                 0,                 0,                 0,     0.03875241028,    -0.05205757631,      0.7356177149,                 0,       60.17349484,      0.0199971548
          0,           0,         443,        -9.7473421,      -9.431246277,      -9.638699258,      -9.760170176,      -14.10830987,     0.01574572346,      0.0122538329,      0.7373507506,                 0,                 0,                 0,     0.03875145796,    -0.05205714897,      0.7356129003,                 0,       60.17307045,      0.0199971548
          0,           0,         444,      -9.751097772,      -9.438564959,      -9.645748728,      -9.767276148,      -14.11657026,     0.01574572346,     0.01225383912,      0.7373459944,                 0,                 0,                 0,     0.03875052088,    -0.05205672824,      0.7356081627,                 0,        60.1726518,      0.0199971548
          0,           0,         445,      -9.754849542,       -9.44588329,      -9.652801749,      -9.774383123,      -14.12482454,     0.01574572346,     0.01225384544,      0.7373413141,                 0,                 0,                 0,      0.0387495988,    -0.05205631404,      0.7356035008,                 0,       60.17223883,      0.0199971548
          0,           0,         446,      -9.758597593,      -9.453201233,      -9.659858625,      -9.781492812,      -14.13307272,     0.01574572346,     0.01225385186,      0.7373367087,                 0,                 0,                 0,     0.03874869149,    -0.05205590625,      0.7355989135,                 0,       60.17183147,      0.0199971548
          0,           0,         447,      -9.762341761,       -9.46051893,      -9.666919331,      -9.788602419,      -14.14131485,     0.01574572346,     0.01225385837,       0.737332177,                 0,                 0,                 0,     0.03874779874,     -0.0520555048,      0.7355943996,                 0,       60.17142966,      0.0199971548
          0,           0,         448,       -9.76608254,      -9.467836427,      -9.673983757,      -9.795717424,      -14.14955093,     0.01574572346,     0.01225386497,      0.7373277179,                 0,                 0,                 0,      0.0387469203,    -0.05205510958,       0.735589958,                 0,       60.17103335,      0.0199971548
          0,           0,         449,       -9.76981959,       -9.47515365,      -9.681051849,      -9.802833246,      -14.15778099,     0.01574572346,     0.01225387166,      0.7373233302,                 0,                 0,                 0,     0.03874605597,    -0.05205472051,      0.7355855876,                 0,       60.17064246,      0.0199971548
          0,           0,         450,      -9.773552834,       -9.48247063,       -9.68812345,       -9.80994817,      -14.16600507,     0.01574572346,     0.01225387842,      0.7373190129,                 0,                 0,                 0,     0.03874520553,     -0.0520543375,      0.7355812873,                 0,       60.17025694,      0.0199971548
          0,           0,         451,      -9.777282771,      -9.489787328,      -9.695199204,      -9.817068673,       -14.1742232,     0.01574572346,     0.01225388525,      0.7373147649,                 0,                 0,                 0,     0.03874436876,    -0.05205396046,      0.7355770561,                 0,       60.16987673,      0.0199971548
          0,           0,         452,      -9.781009141,      -9.497103936,       -9.70227844,      -9.824188093,       -14.1824354,     0.01574572346,     0.01225389214,       0.737310585,                 0,                 0,                 0,     0.03874354545,    -0.05205358929,      0.7355728927,                 0,       60.16950178,      0.0199971548
          0,           0,         453,      -9.784732219,      -9.504420413,      -9.709361059,      -9.831311533,      -14.19064169,     0.01574572346,      0.0122538991,      0.7373064723,                 0,                 0,                 0,      0.0387427354,    -0.05205322392,      0.7355687963,                 0,       60.16913201,      0.0199971548
          0,           0,         454,      -9.788451831,      -9.511736694,       -9.71644745,       -9.83843647,      -14.19884213,     0.01574572346,      0.0122539061,      0.7373024257,                 0,                 0,                 0,     0.03874193841,    -0.05205286425,      0.7355647657,                 0,       60.16876737,      0.0199971548
          0,           0,         455,      -9.792168039,      -9.519053017,       -9.72353756,      -9.845561297,      -14.20703671,     0.01574572346,     0.01225391316,      0.7372984442,                 0,                 0,                 0,     0.03874115426,    -0.05205251021,      0.7355607999,                 0,       60.16840781,      0.0199971548
          0,           0,         456,      -9.795881048,      -9.526369096,      -9.730631205,      -9.852689946,       -14.2152255,     0.01574572346,     0.01225392026,      0.7372945268,                 0,                 0,                 0,     0.03874038276,    -0.05205216171,       0.735556898,                 0,       60.16805325,      0.0199971548
          0,           0,         457,      -9.799590755,      -9.533685198,      -9.737728553,      -9.859818439,       -14.2234085,     0.01574572346,      0.0122539274,      0.7372906724,                 0,                 0,                 0,     0.03873962371,    -0.05205181867,       0.735553059,                 0,       60.16770366,      0.0199971548
          0,           0,         458,      -9.803297365,      -9.541001205,      -9.744829741,      -9.866950016,      -14.23158576,     0.01574572346,     0.01225393457,      0.7372868802,                 0,                 0,                 0,     0.03873887693,    -0.05205148101,      0.7355492818,                 0,       60.16735896,      0.0199971548
          0,           0,         459,       -9.80700063,      -9.548317225,      -9.751933773,      -9.874080598,       -14.2397573,     0.01574572346,     0.01225394178,       0.737283149,                 0,                 0,                 0,     0.03873814222,    -0.05205114864,      0.7355455655,                 0,       60.16701909,      0.0199971548
          0,           0,         460,      -9.810701126,       -9.55563325,      -9.759041758,      -9.881216869,      -14.24792317,     0.01574572346,     0.01225394901,      0.7372794781,                 0,                 0,                 0,      0.0387374194,    -0.05205082149,      0.7355419091,                 0,       60.16668401,      0.0199971548
          0,           0,         461,      -9.814398432,      -9.562949304,      -9.766153409,      -9.888353003,      -14.25608338,     0.01574572346,     0.01225395627,      0.7372758664,                 0,                 0,                 0,     0.03873670828,    -0.05205049949,      0.7355383118,                 0,       60.16635366,      0.0199971548
          0,           0,         462,      -9.818092657,      -9.570265279,      -9.773268561,      -9.895489885,      -14.26423798,     0.01574572346,     0.01225396354,      0.7372723131,                 0,                 0,                 0,     0.03873600867,    -0.05205018255,      0.7355347726,                 0,       60.16602798,      0.0199971548
          0,           0,         463,      -9.821784174,      -9.577581569,      -9.780387213,      -9.902631983,        -14.272387,     0.01574572346,     0.01225397083,      0.7372688171,                 0,                 0,                 0,      0.0387353204,     -0.0520498706,      0.7355312906,                 0,       60.16570691,      0.0199971548
          0,           0,         464,      -9.825472548,      -9.584897673,      -9.787509258,      -9.909771949,      -14.28053047,     0.01574572346,     0.01225397812,      0.7372653777,                 0,                 0,                 0,      0.0387346433,    -0.05204956356,       0.735527865,                 0,       60.16539039,      0.0199971548
          0,           0,         465,      -9.829158125,      -9.592213974,      -9.794634734,      -9.916914045,      -14.28866842,     0.01574572346,     0.01225398543,       0.737261994,                 0,                 0,                 0,     0.03873397719,    -0.05204926137,      0.7355244947,                 0,       60.16507838,      0.0199971548
          0,           0,         466,      -9.832840825,      -9.599530281,      -9.801763916,      -9.924057038,      -14.29680089,     0.01574572346,     0.01225399274,       0.737258665,                 0,                 0,                 0,     0.03873332189,    -0.05204896394,       0.735521179,                 0,       60.16477082,      0.0199971548
          0,           0,         467,      -9.836520759,      -9.606846895,      -9.808896455,      -9.931202128,      -14.30492792,     0.01574572346,     0.01225400005,      0.7372553899,                 0,                 0,                 0,     0.03873267724,    -0.05204867122,       0.735517917,                 0,       60.16446765,      0.0199971548
          0,           0,         468,      -9.840198016,       -9.61416348,      -9.816032609,      -9.938348695,      -14.31304955,     0.01574572346,     0.01225400736,      0.7372521679,                 0,                 0,                 0,     0.03873204307,    -0.05204838312,      0.7355147079,                 0,       60.16416882,      0.0199971548
          0,           0,         469,      -9.843872603,      -9.621480355,      -9.823171692,      -9.945496034,       -14.3211658,     0.01574572346,     0.01225401467,      0.7372489981,                 0,                 0,                 0,     0.03873141922,    -0.05204809957,      0.7355115508,                 0,       60.16387428,      0.0199971548
          0,           0,         470,      -9.847544554,      -9.628797321,      -9.830314653,      -9.952647467,      -14.32927672,     0.01574572346,     0.01225402197,      0.7372458797,                 0,                 0,                 0,     0.03873080553,    -0.05204782052,       0.735508445,                 0,       60.16358397,      0.0199971548
          0,           0,         471,      -9.851213918,      -9.636114442,      -9.837461108,      -9.959798058,      -14.33738235,     0.01574572346,     0.01225402926,       0.737242812,                 0,                 0,                 0,     0.03873020183,    -0.05204754589,      0.7355053896,                 0,       60.16329784,      0.0199971548
          0,           0,         472,      -9.854880629,      -9.643431813,      -9.844610964,      -9.966950643,      -14.34548272,     0.01574572346,     0.01225403653,      0.7372397941,                 0,                 0,                 0,     0.03872960798,    -0.05204727561,      0.7355023838,                 0,       60.16301584,      0.0199971548
          0,           0,         473,      -9.858544923,      -9.650749305,      -9.851763972,      -9.974104315,      -14.35357815,     0.01574572346,     0.01225404379,      0.7372368252,                 0,                 0,                 0,     0.03872902381,    -0.05204700963,      0.7354994268,                 0,       60.16273792,      0.0199971548
          0,           0,         474,      -9.862206634,      -9.658067151,      -9.858920722,      -9.981257592,      -14.36166809,     0.01574572346,     0.01225405104,      0.7372339046,                 0,                 0,                 0,     0.03872844918,    -0.05204674786,       0.735496518,                 0,       60.16246402,      0.0199971548
          0,           0,         475,      -9.865866076,       -9.66538521,      -9.866080592,      -9.988415245,       -14.3697523,     0.01574572346,     0.01225405826,      0.7372310316,                 0,                 0,                 0,     0.03872788394,    -0.05204649026,      0.7354936565,                 0,       60.16219409,      0.0199971548
          0,           0,         476,       -9.86952294,        -9.6727035,      -9.873243987,      -9.995571631,      -14.37783052,     0.01574572346,     0.01225406546,      0.7372282053,                 0,                 0,                 0,     0.03872732793,    -0.05204623676,      0.7354908415,                 0,       60.16192809,      0.0199971548
          0,           0,         477,      -9.873177646,      -9.680022165,      -9.880411007,      -10.00273239,      -14.38590272,     0.01574572346,     0.01225407264,       0.737225425,                 0,                 0,                 0,     0.03872678102,    -0.05204598729,      0.7354880725,                 0,       60.16166596,      0.0199971548
          0,           0,         478,      -9.876829886,      -9.687340976,       -9.88758132,      -10.00989178,      -14.39396943,     0.01574572346,      0.0122540798,        0.73722269,                 0,                 0,                 0,     0.03872624305,     -0.0520457418,      0.7354853485,                 0,       60.16140766,      0.0199971548
          0,           0,         479,       -9.88047994,      -9.694660376,      -9.894755695,      -10.01705336,      -14.40203138,     0.01574572346,     0.01225408692,      0.7372199996,                 0,                 0,                 0,      0.0387257139,    -0.05204550022,       0.735482669,                 0,       60.16115313,      0.0199971548
          0,           0,         480,      -9.884127755,      -9.701979944,      -9.901932853,      -10.02421558,      -14.41008922,     0.01574572346,     0.01225409401,      0.7372173531,                 0,                 0,                 0,      0.0387251934,    -0.05204526249,      0.7354800332,                 0,       60.16090234,      0.0199971548
          0,           0,         481,      -9.887773452,      -9.709299757,      -9.909113119,       -10.0313809,      -14.41814326,     0.01574572346,     0.01225410107,      0.7372147498,                 0,                 0,                 0,     0.03872468144,    -0.05204502856,      0.7354774404,                 0,       60.16065523,      0.0199971548
          0,           0,         482,      -9.891416706,      -9.716619893,      -9.916296464,      -10.03854198,      -14.42619339,     0.01574572346,      0.0122541081,       0.737212189,                 0,                 0,                 0,     0.03872417786,    -0.05204479837,      0.7354748899,                 0,       60.16041176,      0.0199971548
          0,           0,         483,      -9.895058105,      -9.723940068,      -9.923482385,      -10.04570841,      -14.43423933,     0.01574572346,     0.01225411509,      0.7372096699,                 0,                 0,                 0,     0.03872368255,    -0.05204457186,      0.7354723811,                 0,       60.16017188,      0.0199971548
          0,           0,         484,      -9.898697312,       -9.73126041,      -9.930671574,      -10.05287163,      -14.44228071,     0.01574572346,     0.01225412204,      0.7372071921,                 0,                 0,                 0,     0.03872319536,    -0.05204434898,      0.7354699133,                 0,       60.15993553,      0.0199971548
          0,           0,         485,      -9.902334544,      -9.738581069,      -9.937863331,      -10.06003967,      -14.45031728,     0.01574572346,     0.01225412896,      0.7372047547,                 0,                 0,                 0,     0.03872271618,    -0.05204412966,      0.7354674858,                 0,       60.15970269,      0.0199971548
          0,           0,         486,      -9.905969756,      -9.745901813,      -9.945058377,       -10.0672058,      -14.45834891,     0.01574572346,     0.01225413583,      0.7372023573,                 0,                 0,                 0,     0.03872224486,    -0.05204391386,       0.735465098,                 0,       60.15947328,      0.0199971548
          0,           0,         487,      -9.909602962,      -9.753222904,      -9.952256131,      -10.07437314,      -14.46637562,     0.01574572346,     0.01225414267,       0.737199999,                 0,                 0,                 0,      0.0387217813,    -0.05204370151,      0.7354627493,                 0,       60.15924728,      0.0199971548
          0,           0,         488,      -9.913234147,      -9.760544242,      -9.959457444,      -10.08153999,      -14.47439749,     0.01574572346,     0.01225414946,      0.7371976794,                 0,                 0,                 0,     0.03872132537,    -0.05204349257,      0.7354604391,                 0,       60.15902464,      0.0199971548
          0,           0,         489,      -9.916863539,      -9.767865934,       -9.96666176,      -10.08870846,      -14.48241463,     0.01574572346,     0.01225415621,      0.7371953977,                 0,                 0,                 0,     0.03872087694,    -0.05204328699,      0.7354581668,                 0,        60.1588053,      0.0199971548
          0,           0,         490,      -9.920491165,      -9.775188242,      -9.973869247,      -10.09587958,      -14.49042714,     0.01574572346,     0.01225416292,      0.7371931535,                 0,                 0,                 0,      0.0387204359,    -0.05204308471,      0.7354559316,                 0,       60.15858923,      0.0199971548
          0,           0,         491,      -9.924116943,      -9.782510765,       -9.98108013,      -10.10305113,      -14.49843511,     0.01574572346,     0.01225416958,      0.7371909461,                 0,                 0,                 0,     0.03872000213,    -0.05204288568,      0.7354537332,                 0,       60.15837638,      0.0199971548
          0,           0,         492,       -9.92774084,      -9.789833756,      -9.988294781,      -10.11022231,      -14.50643862,     0.01574572346,      0.0122541762,      0.7371887749,                 0,                 0,                 0,     0.03871957551,    -0.05204268986,      0.7354515708,                 0,       60.15816671,      0.0199971548
          0,           0,         493,      -9.931363024,      -9.797157358,      -9.995512634,      -10.11739434,      -14.51443772,     0.01574572346,     0.01225418277,      0.7371866393,                 0,                 0,                 0,     0.03871915594,    -0.05204249718,       0.735449444,                 0,       60.15796018,      0.0199971548
          0,           0,         494,      -9.934983599,      -9.804481258,      -10.00273396,       -10.1245688,      -14.52243246,     0.01574572346,      0.0122541893,      0.7371845388,                 0,                 0,                 0,      0.0387187433,    -0.05204230762,      0.7354473521,                 0,       60.15775674,      0.0199971548
          0,           0,         495,      -9.938602329,      -9.811805702,       -10.0099583,      -10.13174043,      -14.53042286,     0.01574572346,     0.01225419577,      0.7371824729,                 0,                 0,                 0,     0.03871833747,     -0.0520421211,      0.7354452945,                 0,       60.15755636,      0.0199971548
          0,           0,         496,      -9.942219445,      -9.819130578,      -10.01718607,      -10.13891554,      -14.53840897,     0.01574572346,      0.0122542022,      0.7371804409,                 0,                 0,                 0,     0.03871793836,     -0.0520419376,      0.7354432709,                 0,       60.15735899,      0.0199971548
          0,           0,         497,      -9.945835076,        -9.8264558,      -10.02441743,      -10.14609169,      -14.54639082,     0.01574572346,     0.01225420858,      0.7371784423,                 0,                 0,                 0,     0.03871754584,    -0.05204175707,      0.7354412805,                 0,       60.15716459,      0.0199971548
          0,           0,         498,      -9.949448995,      -9.833781709,      -10.03165162,      -10.15326667,      -14.55436842,     0.01574572346,      0.0122542149,      0.7371764767,                 0,                 0,                 0,     0.03871715983,    -0.05204157944,      0.7354393228,                 0,       60.15697313,      0.0199971548
          0,           0,         499,      -9.953061355,      -9.841107817,      -10.03888946,      -10.16043984,      -14.56234183,     0.01574572346,     0.01225422118,      0.7371745434,                 0,                 0,                 0,      0.0387167802,     -0.0520414047,      0.7354373974,                 0,       60.15678456,      0.0199971548
          0,           0,         500,      -9.956672316,       -9.84843441,      -10.04612984,      -10.16761886,      -14.57031107,     0.01574572346,      0.0122542274,      0.7371726419,                 0,                 0,                 0,     0.03871640686,    -0.05204123277,      0.7354355038,                 0,       60.15659884,      0.0199971548
          0,           0,         501,       -9.96028162,      -9.855761425,      -10.05337332,      -10.17479385,      -14.57827619,     0.01574572346,     0.01225423357,      0.7371707718,                 0,                 0,                 0,     0.03871603971,    -0.05204106364,      0.7354336413,                 0,       60.15641594,      0.0199971548
          0,           0,         502,      -9.963889498,      -9.863088416,      -10.06062001,      -10.18196835,      -14.58623723,     0.01574572346,     0.01225423969,      0.7371689325,                 0,                 0,                 0,     0.03871567865,    -0.05204089724,      0.7354318096,                 0,       60.15623582,      0.0199971548
          0,           0,         503,      -9.967496152,      -9.870415938,      -10.06786937,      -10.18914555,      -14.59419422,     0.01574572346,     0.01225424575,      0.7371671236,                 0,                 0,                 0,     0.03871532358,    -0.05204073354,       0.735430008,                 0,       60.15605844,      0.0199971548
          0,           0,         504,      -9.971101323,      -9.877743774,      -10.07512183,      -10.19632376,      -14.60214721,     0.01574572346,     0.01225425176,      0.7371653445,                 0,                 0,                 0,      0.0387149744,    -0.05204057249,      0.7354282362,                 0,       60.15588376,      0.0199971548
          0,           0,         505,      -9.974705024,      -9.885072019,      -10.08237629,      -10.20349773,      -14.61009626,     0.01574572346,     0.01225425772,      0.7371635948,                 0,                 0,                 0,     0.03871463101,    -0.05204041406,      0.7354264937,                 0,       60.15571174,      0.0199971548
          0,           0,         506,      -9.978307525,       -9.89240009,       -10.0896348,        -10.210674,       -14.6180414,     0.01574572346,     0.01225426362,      0.7371618739,                 0,                 0,                 0,     0.03871429333,     -0.0520402582,      0.7354247799,                 0,       60.15554235,      0.0199971548
          0,           0,         507,      -9.981908611,      -9.899728807,      -10.09689472,      -10.21784883,      -14.62598269,     0.01574572346,     0.01225426946,      0.7371601815,                 0,                 0,                 0,     0.03871396127,    -0.05204010488,      0.7354230944,                 0,       60.15537556,      0.0199971548
          0,           0,         508,      -9.985508503,      -9.907057559,      -10.10415789,      -10.22502229,      -14.63392018,     0.01574572346,     0.01225427525,      0.7371585171,                 0,                 0,                 0,     0.03871363472,    -0.05203995405,      0.7354214368,                 0,       60.15521131,      0.0199971548
          0,           0,         509,      -9.989107165,      -9.914386472,       -10.1114242,      -10.23219773,      -14.64185393,     0.01574572346,     0.01225428098,      0.7371568801,                 0,                 0,                 0,     0.03871331361,    -0.05203980567,      0.7354198066,                 0,       60.15504959,      0.0199971548
          0,           0,         510,      -9.992704544,      -9.921716023,      -10.11869257,      -10.23937128,      -14.64978396,     0.01574572346,     0.01225428666,      0.7371552703,                 0,                 0,                 0,     0.03871299784,     -0.0520396597,      0.7354182034,                 0,       60.15489035,      0.0199971548
          0,           0,         511,      -9.996300825,      -9.929045428,      -10.12596352,      -10.24654639,      -14.65771035,     0.01574572346,     0.01225429228,      0.7371536871,                 0,                 0,                 0,     0.03871268732,    -0.05203951612,      0.7354166267,                 0,       60.15473356,      0.0199971548
          0,           0,         512,       -9.99989588,      -9.936375134,      -10.13323796,      -10.25371744,      -14.66563314,     0.01574572346,     0.01225429785,      0.7371521301,                 0,                 0,                 0,     0.03871238198,    -0.05203937487,      0.7354150761,                 0,       60.15457918,      0.0199971548
          0,           0,         513,      -10.00348995,      -9.943705273,      -10.14051432,      -10.26089295,      -14.67355237,     0.01574572346,     0.01225430336,      0.7371505989,                 0,                 0,                 0,     0.03871208174,    -0.05203923593,      0.7354135512,                 0,       60.15442718,      0.0199971548
