% n4415
% Thu Aug 21 17:19:01 2025
%
% Problem dimension
%
NDIME= 2
%
% Inner element connectivity
%
NELEM= 16384
9	0	1	129	128	0
9	1	2	130	129	1
9	2	3	131	130	2
9	3	4	132	131	3
9	4	5	133	132	4
9	5	6	134	133	5
9	6	7	135	134	6
9	7	8	136	135	7
9	8	9	137	136	8
9	9	10	138	137	9
9	10	11	139	138	10
9	11	12	140	139	11
9	12	13	141	140	12
9	13	14	142	141	13
9	14	15	143	142	14
9	15	16	144	143	15
9	16	17	145	144	16
9	17	18	146	145	17
9	18	19	147	146	18
9	19	20	148	147	19
9	20	21	149	148	20
9	21	22	150	149	21
9	22	23	151	150	22
9	23	24	152	151	23
9	24	25	153	152	24
9	25	26	154	153	25
9	26	27	155	154	26
9	27	28	156	155	27
9	28	29	157	156	28
9	29	30	158	157	29
9	30	31	159	158	30
9	31	32	160	159	31
9	32	33	161	160	32
9	33	34	162	161	33
9	34	35	163	162	34
9	35	36	164	163	35
9	36	37	165	164	36
9	37	38	166	165	37
9	38	39	167	166	38
9	39	40	168	167	39
9	40	41	169	168	40
9	41	42	170	169	41
9	42	43	171	170	42
9	43	44	172	171	43
9	44	45	173	172	44
9	45	46	174	173	45
9	46	47	175	174	46
9	47	48	176	175	47
9	48	49	177	176	48
9	49	50	178	177	49
9	50	51	179	178	50
9	51	52	180	179	51
9	52	53	181	180	52
9	53	54	182	181	53
9	54	55	183	182	54
9	55	56	184	183	55
9	56	57	185	184	56
9	57	58	186	185	57
9	58	59	187	186	58
9	59	60	188	187	59
9	60	61	189	188	60
9	61	62	190	189	61
9	62	63	191	190	62
9	63	64	192	191	63
9	64	65	193	192	64
9	65	66	194	193	65
9	66	67	195	194	66
9	67	68	196	195	67
9	68	69	197	196	68
9	69	70	198	197	69
9	70	71	199	198	70
9	71	72	200	199	71
9	72	73	201	200	72
9	73	74	202	201	73
9	74	75	203	202	74
9	75	76	204	203	75
9	76	77	205	204	76
9	77	78	206	205	77
9	78	79	207	206	78
9	79	80	208	207	79
9	80	81	209	208	80
9	81	82	210	209	81
9	82	83	211	210	82
9	83	84	212	211	83
9	84	85	213	212	84
9	85	86	214	213	85
9	86	87	215	214	86
9	87	88	216	215	87
9	88	89	217	216	88
9	89	90	218	217	89
9	90	91	219	218	90
9	91	92	220	219	91
9	92	93	221	220	92
9	93	94	222	221	93
9	94	95	223	222	94
9	95	96	224	223	95
9	96	97	225	224	96
9	97	98	226	225	97
9	98	99	227	226	98
9	99	100	228	227	99
9	100	101	229	228	100
9	101	102	230	229	101
9	102	103	231	230	102
9	103	104	232	231	103
9	104	105	233	232	104
9	105	106	234	233	105
9	106	107	235	234	106
9	107	108	236	235	107
9	108	109	237	236	108
9	109	110	238	237	109
9	110	111	239	238	110
9	111	112	240	239	111
9	112	113	241	240	112
9	113	114	242	241	113
9	114	115	243	242	114
9	115	116	244	243	115
9	116	117	245	244	116
9	117	118	246	245	117
9	118	119	247	246	118
9	119	120	248	247	119
9	120	121	249	248	120
9	121	122	250	249	121
9	122	123	251	250	122
9	123	124	252	251	123
9	124	125	253	252	124
9	125	126	254	253	125
9	126	127	255	254	126
9	127	0	128	255	127
9	128	129	257	256	128
9	129	130	258	257	129
9	130	131	259	258	130
9	131	132	260	259	131
9	132	133	261	260	132
9	133	134	262	261	133
9	134	135	263	262	134
9	135	136	264	263	135
9	136	137	265	264	136
9	137	138	266	265	137
9	138	139	267	266	138
9	139	140	268	267	139
9	140	141	269	268	140
9	141	142	270	269	141
9	142	143	271	270	142
9	143	144	272	271	143
9	144	145	273	272	144
9	145	146	274	273	145
9	146	147	275	274	146
9	147	148	276	275	147
9	148	149	277	276	148
9	149	150	278	277	149
9	150	151	279	278	150
9	151	152	280	279	151
9	152	153	281	280	152
9	153	154	282	281	153
9	154	155	283	282	154
9	155	156	284	283	155
9	156	157	285	284	156
9	157	158	286	285	157
9	158	159	287	286	158
9	159	160	288	287	159
9	160	161	289	288	160
9	161	162	290	289	161
9	162	163	291	290	162
9	163	164	292	291	163
9	164	165	293	292	164
9	165	166	294	293	165
9	166	167	295	294	166
9	167	168	296	295	167
9	168	169	297	296	168
9	169	170	298	297	169
9	170	171	299	298	170
9	171	172	300	299	171
9	172	173	301	300	172
9	173	174	302	301	173
9	174	175	303	302	174
9	175	176	304	303	175
9	176	177	305	304	176
9	177	178	306	305	177
9	178	179	307	306	178
9	179	180	308	307	179
9	180	181	309	308	180
9	181	182	310	309	181
9	182	183	311	310	182
9	183	184	312	311	183
9	184	185	313	312	184
9	185	186	314	313	185
9	186	187	315	314	186
9	187	188	316	315	187
9	188	189	317	316	188
9	189	190	318	317	189
9	190	191	319	318	190
9	191	192	320	319	191
9	192	193	321	320	192
9	193	194	322	321	193
9	194	195	323	322	194
9	195	196	324	323	195
9	196	197	325	324	196
9	197	198	326	325	197
9	198	199	327	326	198
9	199	200	328	327	199
9	200	201	329	328	200
9	201	202	330	329	201
9	202	203	331	330	202
9	203	204	332	331	203
9	204	205	333	332	204
9	205	206	334	333	205
9	206	207	335	334	206
9	207	208	336	335	207
9	208	209	337	336	208
9	209	210	338	337	209
9	210	211	339	338	210
9	211	212	340	339	211
9	212	213	341	340	212
9	213	214	342	341	213
9	214	215	343	342	214
9	215	216	344	343	215
9	216	217	345	344	216
9	217	218	346	345	217
9	218	219	347	346	218
9	219	220	348	347	219
9	220	221	349	348	220
9	221	222	350	349	221
9	222	223	351	350	222
9	223	224	352	351	223
9	224	225	353	352	224
9	225	226	354	353	225
9	226	227	355	354	226
9	227	228	356	355	227
9	228	229	357	356	228
9	229	230	358	357	229
9	230	231	359	358	230
9	231	232	360	359	231
9	232	233	361	360	232
9	233	234	362	361	233
9	234	235	363	362	234
9	235	236	364	363	235
9	236	237	365	364	236
9	237	238	366	365	237
9	238	239	367	366	238
9	239	240	368	367	239
9	240	241	369	368	240
9	241	242	370	369	241
9	242	243	371	370	242
9	243	244	372	371	243
9	244	245	373	372	244
9	245	246	374	373	245
9	246	247	375	374	246
9	247	248	376	375	247
9	248	249	377	376	248
9	249	250	378	377	249
9	250	251	379	378	250
9	251	252	380	379	251
9	252	253	381	380	252
9	253	254	382	381	253
9	254	255	383	382	254
9	255	128	256	383	255
9	256	257	385	384	256
9	257	258	386	385	257
9	258	259	387	386	258
9	259	260	388	387	259
9	260	261	389	388	260
9	261	262	390	389	261
9	262	263	391	390	262
9	263	264	392	391	263
9	264	265	393	392	264
9	265	266	394	393	265
9	266	267	395	394	266
9	267	268	396	395	267
9	268	269	397	396	268
9	269	270	398	397	269
9	270	271	399	398	270
9	271	272	400	399	271
9	272	273	401	400	272
9	273	274	402	401	273
9	274	275	403	402	274
9	275	276	404	403	275
9	276	277	405	404	276
9	277	278	406	405	277
9	278	279	407	406	278
9	279	280	408	407	279
9	280	281	409	408	280
9	281	282	410	409	281
9	282	283	411	410	282
9	283	284	412	411	283
9	284	285	413	412	284
9	285	286	414	413	285
9	286	287	415	414	286
9	287	288	416	415	287
9	288	289	417	416	288
9	289	290	418	417	289
9	290	291	419	418	290
9	291	292	420	419	291
9	292	293	421	420	292
9	293	294	422	421	293
9	294	295	423	422	294
9	295	296	424	423	295
9	296	297	425	424	296
9	297	298	426	425	297
9	298	299	427	426	298
9	299	300	428	427	299
9	300	301	429	428	300
9	301	302	430	429	301
9	302	303	431	430	302
9	303	304	432	431	303
9	304	305	433	432	304
9	305	306	434	433	305
9	306	307	435	434	306
9	307	308	436	435	307
9	308	309	437	436	308
9	309	310	438	437	309
9	310	311	439	438	310
9	311	312	440	439	311
9	312	313	441	440	312
9	313	314	442	441	313
9	314	315	443	442	314
9	315	316	444	443	315
9	316	317	445	444	316
9	317	318	446	445	317
9	318	319	447	446	318
9	319	320	448	447	319
9	320	321	449	448	320
9	321	322	450	449	321
9	322	323	451	450	322
9	323	324	452	451	323
9	324	325	453	452	324
9	325	326	454	453	325
9	326	327	455	454	326
9	327	328	456	455	327
9	328	329	457	456	328
9	329	330	458	457	329
9	330	331	459	458	330
9	331	332	460	459	331
9	332	333	461	460	332
9	333	334	462	461	333
9	334	335	463	462	334
9	335	336	464	463	335
9	336	337	465	464	336
9	337	338	466	465	337
9	338	339	467	466	338
9	339	340	468	467	339
9	340	341	469	468	340
9	341	342	470	469	341
9	342	343	471	470	342
9	343	344	472	471	343
9	344	345	473	472	344
9	345	346	474	473	345
9	346	347	475	474	346
9	347	348	476	475	347
9	348	349	477	476	348
9	349	350	478	477	349
9	350	351	479	478	350
9	351	352	480	479	351
9	352	353	481	480	352
9	353	354	482	481	353
9	354	355	483	482	354
9	355	356	484	483	355
9	356	357	485	484	356
9	357	358	486	485	357
9	358	359	487	486	358
9	359	360	488	487	359
9	360	361	489	488	360
9	361	362	490	489	361
9	362	363	491	490	362
9	363	364	492	491	363
9	364	365	493	492	364
9	365	366	494	493	365
9	366	367	495	494	366
9	367	368	496	495	367
9	368	369	497	496	368
9	369	370	498	497	369
9	370	371	499	498	370
9	371	372	500	499	371
9	372	373	501	500	372
9	373	374	502	501	373
9	374	375	503	502	374
9	375	376	504	503	375
9	376	377	505	504	376
9	377	378	506	505	377
9	378	379	507	506	378
9	379	380	508	507	379
9	380	381	509	508	380
9	381	382	510	509	381
9	382	383	511	510	382
9	383	256	384	511	383
9	384	385	513	512	384
9	385	386	514	513	385
9	386	387	515	514	386
9	387	388	516	515	387
9	388	389	517	516	388
9	389	390	518	517	389
9	390	391	519	518	390
9	391	392	520	519	391
9	392	393	521	520	392
9	393	394	522	521	393
9	394	395	523	522	394
9	395	396	524	523	395
9	396	397	525	524	396
9	397	398	526	525	397
9	398	399	527	526	398
9	399	400	528	527	399
9	400	401	529	528	400
9	401	402	530	529	401
9	402	403	531	530	402
9	403	404	532	531	403
9	404	405	533	532	404
9	405	406	534	533	405
9	406	407	535	534	406
9	407	408	536	535	407
9	408	409	537	536	408
9	409	410	538	537	409
9	410	411	539	538	410
9	411	412	540	539	411
9	412	413	541	540	412
9	413	414	542	541	413
9	414	415	543	542	414
9	415	416	544	543	415
9	416	417	545	544	416
9	417	418	546	545	417
9	418	419	547	546	418
9	419	420	548	547	419
9	420	421	549	548	420
9	421	422	550	549	421
9	422	423	551	550	422
9	423	424	552	551	423
9	424	425	553	552	424
9	425	426	554	553	425
9	426	427	555	554	426
9	427	428	556	555	427
9	428	429	557	556	428
9	429	430	558	557	429
9	430	431	559	558	430
9	431	432	560	559	431
9	432	433	561	560	432
9	433	434	562	561	433
9	434	435	563	562	434
9	435	436	564	563	435
9	436	437	565	564	436
9	437	438	566	565	437
9	438	439	567	566	438
9	439	440	568	567	439
9	440	441	569	568	440
9	441	442	570	569	441
9	442	443	571	570	442
9	443	444	572	571	443
9	444	445	573	572	444
9	445	446	574	573	445
9	446	447	575	574	446
9	447	448	576	575	447
9	448	449	577	576	448
9	449	450	578	577	449
9	450	451	579	578	450
9	451	452	580	579	451
9	452	453	581	580	452
9	453	454	582	581	453
9	454	455	583	582	454
9	455	456	584	583	455
9	456	457	585	584	456
9	457	458	586	585	457
9	458	459	587	586	458
9	459	460	588	587	459
9	460	461	589	588	460
9	461	462	590	589	461
9	462	463	591	590	462
9	463	464	592	591	463
9	464	465	593	592	464
9	465	466	594	593	465
9	466	467	595	594	466
9	467	468	596	595	467
9	468	469	597	596	468
9	469	470	598	597	469
9	470	471	599	598	470
9	471	472	600	599	471
9	472	473	601	600	472
9	473	474	602	601	473
9	474	475	603	602	474
9	475	476	604	603	475
9	476	477	605	604	476
9	477	478	606	605	477
9	478	479	607	606	478
9	479	480	608	607	479
9	480	481	609	608	480
9	481	482	610	609	481
9	482	483	611	610	482
9	483	484	612	611	483
9	484	485	613	612	484
9	485	486	614	613	485
9	486	487	615	614	486
9	487	488	616	615	487
9	488	489	617	616	488
9	489	490	618	617	489
9	490	491	619	618	490
9	491	492	620	619	491
9	492	493	621	620	492
9	493	494	622	621	493
9	494	495	623	622	494
9	495	496	624	623	495
9	496	497	625	624	496
9	497	498	626	625	497
9	498	499	627	626	498
9	499	500	628	627	499
9	500	501	629	628	500
9	501	502	630	629	501
9	502	503	631	630	502
9	503	504	632	631	503
9	504	505	633	632	504
9	505	506	634	633	505
9	506	507	635	634	506
9	507	508	636	635	507
9	508	509	637	636	508
9	509	510	638	637	509
9	510	511	639	638	510
9	511	384	512	639	511
9	512	513	641	640	512
9	513	514	642	641	513
9	514	515	643	642	514
9	515	516	644	643	515
9	516	517	645	644	516
9	517	518	646	645	517
9	518	519	647	646	518
9	519	520	648	647	519
9	520	521	649	648	520
9	521	522	650	649	521
9	522	523	651	650	522
9	523	524	652	651	523
9	524	525	653	652	524
9	525	526	654	653	525
9	526	527	655	654	526
9	527	528	656	655	527
9	528	529	657	656	528
9	529	530	658	657	529
9	530	531	659	658	530
9	531	532	660	659	531
9	532	533	661	660	532
9	533	534	662	661	533
9	534	535	663	662	534
9	535	536	664	663	535
9	536	537	665	664	536
9	537	538	666	665	537
9	538	539	667	666	538
9	539	540	668	667	539
9	540	541	669	668	540
9	541	542	670	669	541
9	542	543	671	670	542
9	543	544	672	671	543
9	544	545	673	672	544
9	545	546	674	673	545
9	546	547	675	674	546
9	547	548	676	675	547
9	548	549	677	676	548
9	549	550	678	677	549
9	550	551	679	678	550
9	551	552	680	679	551
9	552	553	681	680	552
9	553	554	682	681	553
9	554	555	683	682	554
9	555	556	684	683	555
9	556	557	685	684	556
9	557	558	686	685	557
9	558	559	687	686	558
9	559	560	688	687	559
9	560	561	689	688	560
9	561	562	690	689	561
9	562	563	691	690	562
9	563	564	692	691	563
9	564	565	693	692	564
9	565	566	694	693	565
9	566	567	695	694	566
9	567	568	696	695	567
9	568	569	697	696	568
9	569	570	698	697	569
9	570	571	699	698	570
9	571	572	700	699	571
9	572	573	701	700	572
9	573	574	702	701	573
9	574	575	703	702	574
9	575	576	704	703	575
9	576	577	705	704	576
9	577	578	706	705	577
9	578	579	707	706	578
9	579	580	708	707	579
9	580	581	709	708	580
9	581	582	710	709	581
9	582	583	711	710	582
9	583	584	712	711	583
9	584	585	713	712	584
9	585	586	714	713	585
9	586	587	715	714	586
9	587	588	716	715	587
9	588	589	717	716	588
9	589	590	718	717	589
9	590	591	719	718	590
9	591	592	720	719	591
9	592	593	721	720	592
9	593	594	722	721	593
9	594	595	723	722	594
9	595	596	724	723	595
9	596	597	725	724	596
9	597	598	726	725	597
9	598	599	727	726	598
9	599	600	728	727	599
9	600	601	729	728	600
9	601	602	730	729	601
9	602	603	731	730	602
9	603	604	732	731	603
9	604	605	733	732	604
9	605	606	734	733	605
9	606	607	735	734	606
9	607	608	736	735	607
9	608	609	737	736	608
9	609	610	738	737	609
9	610	611	739	738	610
9	611	612	740	739	611
9	612	613	741	740	612
9	613	614	742	741	613
9	614	615	743	742	614
9	615	616	744	743	615
9	616	617	745	744	616
9	617	618	746	745	617
9	618	619	747	746	618
9	619	620	748	747	619
9	620	621	749	748	620
9	621	622	750	749	621
9	622	623	751	750	622
9	623	624	752	751	623
9	624	625	753	752	624
9	625	626	754	753	625
9	626	627	755	754	626
9	627	628	756	755	627
9	628	629	757	756	628
9	629	630	758	757	629
9	630	631	759	758	630
9	631	632	760	759	631
9	632	633	761	760	632
9	633	634	762	761	633
9	634	635	763	762	634
9	635	636	764	763	635
9	636	637	765	764	636
9	637	638	766	765	637
9	638	639	767	766	638
9	639	512	640	767	639
9	640	641	769	768	640
9	641	642	770	769	641
9	642	643	771	770	642
9	643	644	772	771	643
9	644	645	773	772	644
9	645	646	774	773	645
9	646	647	775	774	646
9	647	648	776	775	647
9	648	649	777	776	648
9	649	650	778	777	649
9	650	651	779	778	650
9	651	652	780	779	651
9	652	653	781	780	652
9	653	654	782	781	653
9	654	655	783	782	654
9	655	656	784	783	655
9	656	657	785	784	656
9	657	658	786	785	657
9	658	659	787	786	658
9	659	660	788	787	659
9	660	661	789	788	660
9	661	662	790	789	661
9	662	663	791	790	662
9	663	664	792	791	663
9	664	665	793	792	664
9	665	666	794	793	665
9	666	667	795	794	666
9	667	668	796	795	667
9	668	669	797	796	668
9	669	670	798	797	669
9	670	671	799	798	670
9	671	672	800	799	671
9	672	673	801	800	672
9	673	674	802	801	673
9	674	675	803	802	674
9	675	676	804	803	675
9	676	677	805	804	676
9	677	678	806	805	677
9	678	679	807	806	678
9	679	680	808	807	679
9	680	681	809	808	680
9	681	682	810	809	681
9	682	683	811	810	682
9	683	684	812	811	683
9	684	685	813	812	684
9	685	686	814	813	685
9	686	687	815	814	686
9	687	688	816	815	687
9	688	689	817	816	688
9	689	690	818	817	689
9	690	691	819	818	690
9	691	692	820	819	691
9	692	693	821	820	692
9	693	694	822	821	693
9	694	695	823	822	694
9	695	696	824	823	695
9	696	697	825	824	696
9	697	698	826	825	697
9	698	699	827	826	698
9	699	700	828	827	699
9	700	701	829	828	700
9	701	702	830	829	701
9	702	703	831	830	702
9	703	704	832	831	703
9	704	705	833	832	704
9	705	706	834	833	705
9	706	707	835	834	706
9	707	708	836	835	707
9	708	709	837	836	708
9	709	710	838	837	709
9	710	711	839	838	710
9	711	712	840	839	711
9	712	713	841	840	712
9	713	714	842	841	713
9	714	715	843	842	714
9	715	716	844	843	715
9	716	717	845	844	716
9	717	718	846	845	717
9	718	719	847	846	718
9	719	720	848	847	719
9	720	721	849	848	720
9	721	722	850	849	721
9	722	723	851	850	722
9	723	724	852	851	723
9	724	725	853	852	724
9	725	726	854	853	725
9	726	727	855	854	726
9	727	728	856	855	727
9	728	729	857	856	728
9	729	730	858	857	729
9	730	731	859	858	730
9	731	732	860	859	731
9	732	733	861	860	732
9	733	734	862	861	733
9	734	735	863	862	734
9	735	736	864	863	735
9	736	737	865	864	736
9	737	738	866	865	737
9	738	739	867	866	738
9	739	740	868	867	739
9	740	741	869	868	740
9	741	742	870	869	741
9	742	743	871	870	742
9	743	744	872	871	743
9	744	745	873	872	744
9	745	746	874	873	745
9	746	747	875	874	746
9	747	748	876	875	747
9	748	749	877	876	748
9	749	750	878	877	749
9	750	751	879	878	750
9	751	752	880	879	751
9	752	753	881	880	752
9	753	754	882	881	753
9	754	755	883	882	754
9	755	756	884	883	755
9	756	757	885	884	756
9	757	758	886	885	757
9	758	759	887	886	758
9	759	760	888	887	759
9	760	761	889	888	760
9	761	762	890	889	761
9	762	763	891	890	762
9	763	764	892	891	763
9	764	765	893	892	764
9	765	766	894	893	765
9	766	767	895	894	766
9	767	640	768	895	767
9	768	769	897	896	768
9	769	770	898	897	769
9	770	771	899	898	770
9	771	772	900	899	771
9	772	773	901	900	772
9	773	774	902	901	773
9	774	775	903	902	774
9	775	776	904	903	775
9	776	777	905	904	776
9	777	778	906	905	777
9	778	779	907	906	778
9	779	780	908	907	779
9	780	781	909	908	780
9	781	782	910	909	781
9	782	783	911	910	782
9	783	784	912	911	783
9	784	785	913	912	784
9	785	786	914	913	785
9	786	787	915	914	786
9	787	788	916	915	787
9	788	789	917	916	788
9	789	790	918	917	789
9	790	791	919	918	790
9	791	792	920	919	791
9	792	793	921	920	792
9	793	794	922	921	793
9	794	795	923	922	794
9	795	796	924	923	795
9	796	797	925	924	796
9	797	798	926	925	797
9	798	799	927	926	798
9	799	800	928	927	799
9	800	801	929	928	800
9	801	802	930	929	801
9	802	803	931	930	802
9	803	804	932	931	803
9	804	805	933	932	804
9	805	806	934	933	805
9	806	807	935	934	806
9	807	808	936	935	807
9	808	809	937	936	808
9	809	810	938	937	809
9	810	811	939	938	810
9	811	812	940	939	811
9	812	813	941	940	812
9	813	814	942	941	813
9	814	815	943	942	814
9	815	816	944	943	815
9	816	817	945	944	816
9	817	818	946	945	817
9	818	819	947	946	818
9	819	820	948	947	819
9	820	821	949	948	820
9	821	822	950	949	821
9	822	823	951	950	822
9	823	824	952	951	823
9	824	825	953	952	824
9	825	826	954	953	825
9	826	827	955	954	826
9	827	828	956	955	827
9	828	829	957	956	828
9	829	830	958	957	829
9	830	831	959	958	830
9	831	832	960	959	831
9	832	833	961	960	832
9	833	834	962	961	833
9	834	835	963	962	834
9	835	836	964	963	835
9	836	837	965	964	836
9	837	838	966	965	837
9	838	839	967	966	838
9	839	840	968	967	839
9	840	841	969	968	840
9	841	842	970	969	841
9	842	843	971	970	842
9	843	844	972	971	843
9	844	845	973	972	844
9	845	846	974	973	845
9	846	847	975	974	846
9	847	848	976	975	847
9	848	849	977	976	848
9	849	850	978	977	849
9	850	851	979	978	850
9	851	852	980	979	851
9	852	853	981	980	852
9	853	854	982	981	853
9	854	855	983	982	854
9	855	856	984	983	855
9	856	857	985	984	856
9	857	858	986	985	857
9	858	859	987	986	858
9	859	860	988	987	859
9	860	861	989	988	860
9	861	862	990	989	861
9	862	863	991	990	862
9	863	864	992	991	863
9	864	865	993	992	864
9	865	866	994	993	865
9	866	867	995	994	866
9	867	868	996	995	867
9	868	869	997	996	868
9	869	870	998	997	869
9	870	871	999	998	870
9	871	872	1000	999	871
9	872	873	1001	1000	872
9	873	874	1002	1001	873
9	874	875	1003	1002	874
9	875	876	1004	1003	875
9	876	877	1005	1004	876
9	877	878	1006	1005	877
9	878	879	1007	1006	878
9	879	880	1008	1007	879
9	880	881	1009	1008	880
9	881	882	1010	1009	881
9	882	883	1011	1010	882
9	883	884	1012	1011	883
9	884	885	1013	1012	884
9	885	886	1014	1013	885
9	886	887	1015	1014	886
9	887	888	1016	1015	887
9	888	889	1017	1016	888
9	889	890	1018	1017	889
9	890	891	1019	1018	890
9	891	892	1020	1019	891
9	892	893	1021	1020	892
9	893	894	1022	1021	893
9	894	895	1023	1022	894
9	895	768	896	1023	895
9	896	897	1025	1024	896
9	897	898	1026	1025	897
9	898	899	1027	1026	898
9	899	900	1028	1027	899
9	900	901	1029	1028	900
9	901	902	1030	1029	901
9	902	903	1031	1030	902
9	903	904	1032	1031	903
9	904	905	1033	1032	904
9	905	906	1034	1033	905
9	906	907	1035	1034	906
9	907	908	1036	1035	907
9	908	909	1037	1036	908
9	909	910	1038	1037	909
9	910	911	1039	1038	910
9	911	912	1040	1039	911
9	912	913	1041	1040	912
9	913	914	1042	1041	913
9	914	915	1043	1042	914
9	915	916	1044	1043	915
9	916	917	1045	1044	916
9	917	918	1046	1045	917
9	918	919	1047	1046	918
9	919	920	1048	1047	919
9	920	921	1049	1048	920
9	921	922	1050	1049	921
9	922	923	1051	1050	922
9	923	924	1052	1051	923
9	924	925	1053	1052	924
9	925	926	1054	1053	925
9	926	927	1055	1054	926
9	927	928	1056	1055	927
9	928	929	1057	1056	928
9	929	930	1058	1057	929
9	930	931	1059	1058	930
9	931	932	1060	1059	931
9	932	933	1061	1060	932
9	933	934	1062	1061	933
9	934	935	1063	1062	934
9	935	936	1064	1063	935
9	936	937	1065	1064	936
9	937	938	1066	1065	937
9	938	939	1067	1066	938
9	939	940	1068	1067	939
9	940	941	1069	1068	940
9	941	942	1070	1069	941
9	942	943	1071	1070	942
9	943	944	1072	1071	943
9	944	945	1073	1072	944
9	945	946	1074	1073	945
9	946	947	1075	1074	946
9	947	948	1076	1075	947
9	948	949	1077	1076	948
9	949	950	1078	1077	949
9	950	951	1079	1078	950
9	951	952	1080	1079	951
9	952	953	1081	1080	952
9	953	954	1082	1081	953
9	954	955	1083	1082	954
9	955	956	1084	1083	955
9	956	957	1085	1084	956
9	957	958	1086	1085	957
9	958	959	1087	1086	958
9	959	960	1088	1087	959
9	960	961	1089	1088	960
9	961	962	1090	1089	961
9	962	963	1091	1090	962
9	963	964	1092	1091	963
9	964	965	1093	1092	964
9	965	966	1094	1093	965
9	966	967	1095	1094	966
9	967	968	1096	1095	967
9	968	969	1097	1096	968
9	969	970	1098	1097	969
9	970	971	1099	1098	970
9	971	972	1100	1099	971
9	972	973	1101	1100	972
9	973	974	1102	1101	973
9	974	975	1103	1102	974
9	975	976	1104	1103	975
9	976	977	1105	1104	976
9	977	978	1106	1105	977
9	978	979	1107	1106	978
9	979	980	1108	1107	979
9	980	981	1109	1108	980
9	981	982	1110	1109	981
9	982	983	1111	1110	982
9	983	984	1112	1111	983
9	984	985	1113	1112	984
9	985	986	1114	1113	985
9	986	987	1115	1114	986
9	987	988	1116	1115	987
9	988	989	1117	1116	988
9	989	990	1118	1117	989
9	990	991	1119	1118	990
9	991	992	1120	1119	991
9	992	993	1121	1120	992
9	993	994	1122	1121	993
9	994	995	1123	1122	994
9	995	996	1124	1123	995
9	996	997	1125	1124	996
9	997	998	1126	1125	997
9	998	999	1127	1126	998
9	999	1000	1128	1127	999
9	1000	1001	1129	1128	1000
9	1001	1002	1130	1129	1001
9	1002	1003	1131	1130	1002
9	1003	1004	1132	1131	1003
9	1004	1005	1133	1132	1004
9	1005	1006	1134	1133	1005
9	1006	1007	1135	1134	1006
9	1007	1008	1136	1135	1007
9	1008	1009	1137	1136	1008
9	1009	1010	1138	1137	1009
9	1010	1011	1139	1138	1010
9	1011	1012	1140	1139	1011
9	1012	1013	1141	1140	1012
9	1013	1014	1142	1141	1013
9	1014	1015	1143	1142	1014
9	1015	1016	1144	1143	1015
9	1016	1017	1145	1144	1016
9	1017	1018	1146	1145	1017
9	1018	1019	1147	1146	1018
9	1019	1020	1148	1147	1019
9	1020	1021	1149	1148	1020
9	1021	1022	1150	1149	1021
9	1022	1023	1151	1150	1022
9	1023	896	1024	1151	1023
9	1024	1025	1153	1152	1024
9	1025	1026	1154	1153	1025
9	1026	1027	1155	1154	1026
9	1027	1028	1156	1155	1027
9	1028	1029	1157	1156	1028
9	1029	1030	1158	1157	1029
9	1030	1031	1159	1158	1030
9	1031	1032	1160	1159	1031
9	1032	1033	1161	1160	1032
9	1033	1034	1162	1161	1033
9	1034	1035	1163	1162	1034
9	1035	1036	1164	1163	1035
9	1036	1037	1165	1164	1036
9	1037	1038	1166	1165	1037
9	1038	1039	1167	1166	1038
9	1039	1040	1168	1167	1039
9	1040	1041	1169	1168	1040
9	1041	1042	1170	1169	1041
9	1042	1043	1171	1170	1042
9	1043	1044	1172	1171	1043
9	1044	1045	1173	1172	1044
9	1045	1046	1174	1173	1045
9	1046	1047	1175	1174	1046
9	1047	1048	1176	1175	1047
9	1048	1049	1177	1176	1048
9	1049	1050	1178	1177	1049
9	1050	1051	1179	1178	1050
9	1051	1052	1180	1179	1051
9	1052	1053	1181	1180	1052
9	1053	1054	1182	1181	1053
9	1054	1055	1183	1182	1054
9	1055	1056	1184	1183	1055
9	1056	1057	1185	1184	1056
9	1057	1058	1186	1185	1057
9	1058	1059	1187	1186	1058
9	1059	1060	1188	1187	1059
9	1060	1061	1189	1188	1060
9	1061	1062	1190	1189	1061
9	1062	1063	1191	1190	1062
9	1063	1064	1192	1191	1063
9	1064	1065	1193	1192	1064
9	1065	1066	1194	1193	1065
9	1066	1067	1195	1194	1066
9	1067	1068	1196	1195	1067
9	1068	1069	1197	1196	1068
9	1069	1070	1198	1197	1069
9	1070	1071	1199	1198	1070
9	1071	1072	1200	1199	1071
9	1072	1073	1201	1200	1072
9	1073	1074	1202	1201	1073
9	1074	1075	1203	1202	1074
9	1075	1076	1204	1203	1075
9	1076	1077	1205	1204	1076
9	1077	1078	1206	1205	1077
9	1078	1079	1207	1206	1078
9	1079	1080	1208	1207	1079
9	1080	1081	1209	1208	1080
9	1081	1082	1210	1209	1081
9	1082	1083	1211	1210	1082
9	1083	1084	1212	1211	1083
9	1084	1085	1213	1212	1084
9	1085	1086	1214	1213	1085
9	1086	1087	1215	1214	1086
9	1087	1088	1216	1215	1087
9	1088	1089	1217	1216	1088
9	1089	1090	1218	1217	1089
9	1090	1091	1219	1218	1090
9	1091	1092	1220	1219	1091
9	1092	1093	1221	1220	1092
9	1093	1094	1222	1221	1093
9	1094	1095	1223	1222	1094
9	1095	1096	1224	1223	1095
9	1096	1097	1225	1224	1096
9	1097	1098	1226	1225	1097
9	1098	1099	1227	1226	1098
9	1099	1100	1228	1227	1099
9	1100	1101	1229	1228	1100
9	1101	1102	1230	1229	1101
9	1102	1103	1231	1230	1102
9	1103	1104	1232	1231	1103
9	1104	1105	1233	1232	1104
9	1105	1106	1234	1233	1105
9	1106	1107	1235	1234	1106
9	1107	1108	1236	1235	1107
9	1108	1109	1237	1236	1108
9	1109	1110	1238	1237	1109
9	1110	1111	1239	1238	1110
9	1111	1112	1240	1239	1111
9	1112	1113	1241	1240	1112
9	1113	1114	1242	1241	1113
9	1114	1115	1243	1242	1114
9	1115	1116	1244	1243	1115
9	1116	1117	1245	1244	1116
9	1117	1118	1246	1245	1117
9	1118	1119	1247	1246	1118
9	1119	1120	1248	1247	1119
9	1120	1121	1249	1248	1120
9	1121	1122	1250	1249	1121
9	1122	1123	1251	1250	1122
9	1123	1124	1252	1251	1123
9	1124	1125	1253	1252	1124
9	1125	1126	1254	1253	1125
9	1126	1127	1255	1254	1126
9	1127	1128	1256	1255	1127
9	1128	1129	1257	1256	1128
9	1129	1130	1258	1257	1129
9	1130	1131	1259	1258	1130
9	1131	1132	1260	1259	1131
9	1132	1133	1261	1260	1132
9	1133	1134	1262	1261	1133
9	1134	1135	1263	1262	1134
9	1135	1136	1264	1263	1135
9	1136	1137	1265	1264	1136
9	1137	1138	1266	1265	1137
9	1138	1139	1267	1266	1138
9	1139	1140	1268	1267	1139
9	1140	1141	1269	1268	1140
9	1141	1142	1270	1269	1141
9	1142	1143	1271	1270	1142
9	1143	1144	1272	1271	1143
9	1144	1145	1273	1272	1144
9	1145	1146	1274	1273	1145
9	1146	1147	1275	1274	1146
9	1147	1148	1276	1275	1147
9	1148	1149	1277	1276	1148
9	1149	1150	1278	1277	1149
9	1150	1151	1279	1278	1150
9	1151	1024	1152	1279	1151
9	1152	1153	1281	1280	1152
9	1153	1154	1282	1281	1153
9	1154	1155	1283	1282	1154
9	1155	1156	1284	1283	1155
9	1156	1157	1285	1284	1156
9	1157	1158	1286	1285	1157
9	1158	1159	1287	1286	1158
9	1159	1160	1288	1287	1159
9	1160	1161	1289	1288	1160
9	1161	1162	1290	1289	1161
9	1162	1163	1291	1290	1162
9	1163	1164	1292	1291	1163
9	1164	1165	1293	1292	1164
9	1165	1166	1294	1293	1165
9	1166	1167	1295	1294	1166
9	1167	1168	1296	1295	1167
9	1168	1169	1297	1296	1168
9	1169	1170	1298	1297	1169
9	1170	1171	1299	1298	1170
9	1171	1172	1300	1299	1171
9	1172	1173	1301	1300	1172
9	1173	1174	1302	1301	1173
9	1174	1175	1303	1302	1174
9	1175	1176	1304	1303	1175
9	1176	1177	1305	1304	1176
9	1177	1178	1306	1305	1177
9	1178	1179	1307	1306	1178
9	1179	1180	1308	1307	1179
9	1180	1181	1309	1308	1180
9	1181	1182	1310	1309	1181
9	1182	1183	1311	1310	1182
9	1183	1184	1312	1311	1183
9	1184	1185	1313	1312	1184
9	1185	1186	1314	1313	1185
9	1186	1187	1315	1314	1186
9	1187	1188	1316	1315	1187
9	1188	1189	1317	1316	1188
9	1189	1190	1318	1317	1189
9	1190	1191	1319	1318	1190
9	1191	1192	1320	1319	1191
9	1192	1193	1321	1320	1192
9	1193	1194	1322	1321	1193
9	1194	1195	1323	1322	1194
9	1195	1196	1324	1323	1195
9	1196	1197	1325	1324	1196
9	1197	1198	1326	1325	1197
9	1198	1199	1327	1326	1198
9	1199	1200	1328	1327	1199
9	1200	1201	1329	1328	1200
9	1201	1202	1330	1329	1201
9	1202	1203	1331	1330	1202
9	1203	1204	1332	1331	1203
9	1204	1205	1333	1332	1204
9	1205	1206	1334	1333	1205
9	1206	1207	1335	1334	1206
9	1207	1208	1336	1335	1207
9	1208	1209	1337	1336	1208
9	1209	1210	1338	1337	1209
9	1210	1211	1339	1338	1210
9	1211	1212	1340	1339	1211
9	1212	1213	1341	1340	1212
9	1213	1214	1342	1341	1213
9	1214	1215	1343	1342	1214
9	1215	1216	1344	1343	1215
9	1216	1217	1345	1344	1216
9	1217	1218	1346	1345	1217
9	1218	1219	1347	1346	1218
9	1219	1220	1348	1347	1219
9	1220	1221	1349	1348	1220
9	1221	1222	1350	1349	1221
9	1222	1223	1351	1350	1222
9	1223	1224	1352	1351	1223
9	1224	1225	1353	1352	1224
9	1225	1226	1354	1353	1225
9	1226	1227	1355	1354	1226
9	1227	1228	1356	1355	1227
9	1228	1229	1357	1356	1228
9	1229	1230	1358	1357	1229
9	1230	1231	1359	1358	1230
9	1231	1232	1360	1359	1231
9	1232	1233	1361	1360	1232
9	1233	1234	1362	1361	1233
9	1234	1235	1363	1362	1234
9	1235	1236	1364	1363	1235
9	1236	1237	1365	1364	1236
9	1237	1238	1366	1365	1237
9	1238	1239	1367	1366	1238
9	1239	1240	1368	1367	1239
9	1240	1241	1369	1368	1240
9	1241	1242	1370	1369	1241
9	1242	1243	1371	1370	1242
9	1243	1244	1372	1371	1243
9	1244	1245	1373	1372	1244
9	1245	1246	1374	1373	1245
9	1246	1247	1375	1374	1246
9	1247	1248	1376	1375	1247
9	1248	1249	1377	1376	1248
9	1249	1250	1378	1377	1249
9	1250	1251	1379	1378	1250
9	1251	1252	1380	1379	1251
9	1252	1253	1381	1380	1252
9	1253	1254	1382	1381	1253
9	1254	1255	1383	1382	1254
9	1255	1256	1384	1383	1255
9	1256	1257	1385	1384	1256
9	1257	1258	1386	1385	1257
9	1258	1259	1387	1386	1258
9	1259	1260	1388	1387	1259
9	1260	1261	1389	1388	1260
9	1261	1262	1390	1389	1261
9	1262	1263	1391	1390	1262
9	1263	1264	1392	1391	1263
9	1264	1265	1393	1392	1264
9	1265	1266	1394	1393	1265
9	1266	1267	1395	1394	1266
9	1267	1268	1396	1395	1267
9	1268	1269	1397	1396	1268
9	1269	1270	1398	1397	1269
9	1270	1271	1399	1398	1270
9	1271	1272	1400	1399	1271
9	1272	1273	1401	1400	1272
9	1273	1274	1402	1401	1273
9	1274	1275	1403	1402	1274
9	1275	1276	1404	1403	1275
9	1276	1277	1405	1404	1276
9	1277	1278	1406	1405	1277
9	1278	1279	1407	1406	1278
9	1279	1152	1280	1407	1279
9	1280	1281	1409	1408	1280
9	1281	1282	1410	1409	1281
9	1282	1283	1411	1410	1282
9	1283	1284	1412	1411	1283
9	1284	1285	1413	1412	1284
9	1285	1286	1414	1413	1285
9	1286	1287	1415	1414	1286
9	1287	1288	1416	1415	1287
9	1288	1289	1417	1416	1288
9	1289	1290	1418	1417	1289
9	1290	1291	1419	1418	1290
9	1291	1292	1420	1419	1291
9	1292	1293	1421	1420	1292
9	1293	1294	1422	1421	1293
9	1294	1295	1423	1422	1294
9	1295	1296	1424	1423	1295
9	1296	1297	1425	1424	1296
9	1297	1298	1426	1425	1297
9	1298	1299	1427	1426	1298
9	1299	1300	1428	1427	1299
9	1300	1301	1429	1428	1300
9	1301	1302	1430	1429	1301
9	1302	1303	1431	1430	1302
9	1303	1304	1432	1431	1303
9	1304	1305	1433	1432	1304
9	1305	1306	1434	1433	1305
9	1306	1307	1435	1434	1306
9	1307	1308	1436	1435	1307
9	1308	1309	1437	1436	1308
9	1309	1310	1438	1437	1309
9	1310	1311	1439	1438	1310
9	1311	1312	1440	1439	1311
9	1312	1313	1441	1440	1312
9	1313	1314	1442	1441	1313
9	1314	1315	1443	1442	1314
9	1315	1316	1444	1443	1315
9	1316	1317	1445	1444	1316
9	1317	1318	1446	1445	1317
9	1318	1319	1447	1446	1318
9	1319	1320	1448	1447	1319
9	1320	1321	1449	1448	1320
9	1321	1322	1450	1449	1321
9	1322	1323	1451	1450	1322
9	1323	1324	1452	1451	1323
9	1324	1325	1453	1452	1324
9	1325	1326	1454	1453	1325
9	1326	1327	1455	1454	1326
9	1327	1328	1456	1455	1327
9	1328	1329	1457	1456	1328
9	1329	1330	1458	1457	1329
9	1330	1331	1459	1458	1330
9	1331	1332	1460	1459	1331
9	1332	1333	1461	1460	1332
9	1333	1334	1462	1461	1333
9	1334	1335	1463	1462	1334
9	1335	1336	1464	1463	1335
9	1336	1337	1465	1464	1336
9	1337	1338	1466	1465	1337
9	1338	1339	1467	1466	1338
9	1339	1340	1468	1467	1339
9	1340	1341	1469	1468	1340
9	1341	1342	1470	1469	1341
9	1342	1343	1471	1470	1342
9	1343	1344	1472	1471	1343
9	1344	1345	1473	1472	1344
9	1345	1346	1474	1473	1345
9	1346	1347	1475	1474	1346
9	1347	1348	1476	1475	1347
9	1348	1349	1477	1476	1348
9	1349	1350	1478	1477	1349
9	1350	1351	1479	1478	1350
9	1351	1352	1480	1479	1351
9	1352	1353	1481	1480	1352
9	1353	1354	1482	1481	1353
9	1354	1355	1483	1482	1354
9	1355	1356	1484	1483	1355
9	1356	1357	1485	1484	1356
9	1357	1358	1486	1485	1357
9	1358	1359	1487	1486	1358
9	1359	1360	1488	1487	1359
9	1360	1361	1489	1488	1360
9	1361	1362	1490	1489	1361
9	1362	1363	1491	1490	1362
9	1363	1364	1492	1491	1363
9	1364	1365	1493	1492	1364
9	1365	1366	1494	1493	1365
9	1366	1367	1495	1494	1366
9	1367	1368	1496	1495	1367
9	1368	1369	1497	1496	1368
9	1369	1370	1498	1497	1369
9	1370	1371	1499	1498	1370
9	1371	1372	1500	1499	1371
9	1372	1373	1501	1500	1372
9	1373	1374	1502	1501	1373
9	1374	1375	1503	1502	1374
9	1375	1376	1504	1503	1375
9	1376	1377	1505	1504	1376
9	1377	1378	1506	1505	1377
9	1378	1379	1507	1506	1378
9	1379	1380	1508	1507	1379
9	1380	1381	1509	1508	1380
9	1381	1382	1510	1509	1381
9	1382	1383	1511	1510	1382
9	1383	1384	1512	1511	1383
9	1384	1385	1513	1512	1384
9	1385	1386	1514	1513	1385
9	1386	1387	1515	1514	1386
9	1387	1388	1516	1515	1387
9	1388	1389	1517	1516	1388
9	1389	1390	1518	1517	1389
9	1390	1391	1519	1518	1390
9	1391	1392	1520	1519	1391
9	1392	1393	1521	1520	1392
9	1393	1394	1522	1521	1393
9	1394	1395	1523	1522	1394
9	1395	1396	1524	1523	1395
9	1396	1397	1525	1524	1396
9	1397	1398	1526	1525	1397
9	1398	1399	1527	1526	1398
9	1399	1400	1528	1527	1399
9	1400	1401	1529	1528	1400
9	1401	1402	1530	1529	1401
9	1402	1403	1531	1530	1402
9	1403	1404	1532	1531	1403
9	1404	1405	1533	1532	1404
9	1405	1406	1534	1533	1405
9	1406	1407	1535	1534	1406
9	1407	1280	1408	1535	1407
9	1408	1409	1537	1536	1408
9	1409	1410	1538	1537	1409
9	1410	1411	1539	1538	1410
9	1411	1412	1540	1539	1411
9	1412	1413	1541	1540	1412
9	1413	1414	1542	1541	1413
9	1414	1415	1543	1542	1414
9	1415	1416	1544	1543	1415
9	1416	1417	1545	1544	1416
9	1417	1418	1546	1545	1417
9	1418	1419	1547	1546	1418
9	1419	1420	1548	1547	1419
9	1420	1421	1549	1548	1420
9	1421	1422	1550	1549	1421
9	1422	1423	1551	1550	1422
9	1423	1424	1552	1551	1423
9	1424	1425	1553	1552	1424
9	1425	1426	1554	1553	1425
9	1426	1427	1555	1554	1426
9	1427	1428	1556	1555	1427
9	1428	1429	1557	1556	1428
9	1429	1430	1558	1557	1429
9	1430	1431	1559	1558	1430
9	1431	1432	1560	1559	1431
9	1432	1433	1561	1560	1432
9	1433	1434	1562	1561	1433
9	1434	1435	1563	1562	1434
9	1435	1436	1564	1563	1435
9	1436	1437	1565	1564	1436
9	1437	1438	1566	1565	1437
9	1438	1439	1567	1566	1438
9	1439	1440	1568	1567	1439
9	1440	1441	1569	1568	1440
9	1441	1442	1570	1569	1441
9	1442	1443	1571	1570	1442
9	1443	1444	1572	1571	1443
9	1444	1445	1573	1572	1444
9	1445	1446	1574	1573	1445
9	1446	1447	1575	1574	1446
9	1447	1448	1576	1575	1447
9	1448	1449	1577	1576	1448
9	1449	1450	1578	1577	1449
9	1450	1451	1579	1578	1450
9	1451	1452	1580	1579	1451
9	1452	1453	1581	1580	1452
9	1453	1454	1582	1581	1453
9	1454	1455	1583	1582	1454
9	1455	1456	1584	1583	1455
9	1456	1457	1585	1584	1456
9	1457	1458	1586	1585	1457
9	1458	1459	1587	1586	1458
9	1459	1460	1588	1587	1459
9	1460	1461	1589	1588	1460
9	1461	1462	1590	1589	1461
9	1462	1463	1591	1590	1462
9	1463	1464	1592	1591	1463
9	1464	1465	1593	1592	1464
9	1465	1466	1594	1593	1465
9	1466	1467	1595	1594	1466
9	1467	1468	1596	1595	1467
9	1468	1469	1597	1596	1468
9	1469	1470	1598	1597	1469
9	1470	1471	1599	1598	1470
9	1471	1472	1600	1599	1471
9	1472	1473	1601	1600	1472
9	1473	1474	1602	1601	1473
9	1474	1475	1603	1602	1474
9	1475	1476	1604	1603	1475
9	1476	1477	1605	1604	1476
9	1477	1478	1606	1605	1477
9	1478	1479	1607	1606	1478
9	1479	1480	1608	1607	1479
9	1480	1481	1609	1608	1480
9	1481	1482	1610	1609	1481
9	1482	1483	1611	1610	1482
9	1483	1484	1612	1611	1483
9	1484	1485	1613	1612	1484
9	1485	1486	1614	1613	1485
9	1486	1487	1615	1614	1486
9	1487	1488	1616	1615	1487
9	1488	1489	1617	1616	1488
9	1489	1490	1618	1617	1489
9	1490	1491	1619	1618	1490
9	1491	1492	1620	1619	1491
9	1492	1493	1621	1620	1492
9	1493	1494	1622	1621	1493
9	1494	1495	1623	1622	1494
9	1495	1496	1624	1623	1495
9	1496	1497	1625	1624	1496
9	1497	1498	1626	1625	1497
9	1498	1499	1627	1626	1498
9	1499	1500	1628	1627	1499
9	1500	1501	1629	1628	1500
9	1501	1502	1630	1629	1501
9	1502	1503	1631	1630	1502
9	1503	1504	1632	1631	1503
9	1504	1505	1633	1632	1504
9	1505	1506	1634	1633	1505
9	1506	1507	1635	1634	1506
9	1507	1508	1636	1635	1507
9	1508	1509	1637	1636	1508
9	1509	1510	1638	1637	1509
9	1510	1511	1639	1638	1510
9	1511	1512	1640	1639	1511
9	1512	1513	1641	1640	1512
9	1513	1514	1642	1641	1513
9	1514	1515	1643	1642	1514
9	1515	1516	1644	1643	1515
9	1516	1517	1645	1644	1516
9	1517	1518	1646	1645	1517
9	1518	1519	1647	1646	1518
9	1519	1520	1648	1647	1519
9	1520	1521	1649	1648	1520
9	1521	1522	1650	1649	1521
9	1522	1523	1651	1650	1522
9	1523	1524	1652	1651	1523
9	1524	1525	1653	1652	1524
9	1525	1526	1654	1653	1525
9	1526	1527	1655	1654	1526
9	1527	1528	1656	1655	1527
9	1528	1529	1657	1656	1528
9	1529	1530	1658	1657	1529
9	1530	1531	1659	1658	1530
9	1531	1532	1660	1659	1531
9	1532	1533	1661	1660	1532
9	1533	1534	1662	1661	1533
9	1534	1535	1663	1662	1534
9	1535	1408	1536	1663	1535
9	1536	1537	1665	1664	1536
9	1537	1538	1666	1665	1537
9	1538	1539	1667	1666	1538
9	1539	1540	1668	1667	1539
9	1540	1541	1669	1668	1540
9	1541	1542	1670	1669	1541
9	1542	1543	1671	1670	1542
9	1543	1544	1672	1671	1543
9	1544	1545	1673	1672	1544
9	1545	1546	1674	1673	1545
9	1546	1547	1675	1674	1546
9	1547	1548	1676	1675	1547
9	1548	1549	1677	1676	1548
9	1549	1550	1678	1677	1549
9	1550	1551	1679	1678	1550
9	1551	1552	1680	1679	1551
9	1552	1553	1681	1680	1552
9	1553	1554	1682	1681	1553
9	1554	1555	1683	1682	1554
9	1555	1556	1684	1683	1555
9	1556	1557	1685	1684	1556
9	1557	1558	1686	1685	1557
9	1558	1559	1687	1686	1558
9	1559	1560	1688	1687	1559
9	1560	1561	1689	1688	1560
9	1561	1562	1690	1689	1561
9	1562	1563	1691	1690	1562
9	1563	1564	1692	1691	1563
9	1564	1565	1693	1692	1564
9	1565	1566	1694	1693	1565
9	1566	1567	1695	1694	1566
9	1567	1568	1696	1695	1567
9	1568	1569	1697	1696	1568
9	1569	1570	1698	1697	1569
9	1570	1571	1699	1698	1570
9	1571	1572	1700	1699	1571
9	1572	1573	1701	1700	1572
9	1573	1574	1702	1701	1573
9	1574	1575	1703	1702	1574
9	1575	1576	1704	1703	1575
9	1576	1577	1705	1704	1576
9	1577	1578	1706	1705	1577
9	1578	1579	1707	1706	1578
9	1579	1580	1708	1707	1579
9	1580	1581	1709	1708	1580
9	1581	1582	1710	1709	1581
9	1582	1583	1711	1710	1582
9	1583	1584	1712	1711	1583
9	1584	1585	1713	1712	1584
9	1585	1586	1714	1713	1585
9	1586	1587	1715	1714	1586
9	1587	1588	1716	1715	1587
9	1588	1589	1717	1716	1588
9	1589	1590	1718	1717	1589
9	1590	1591	1719	1718	1590
9	1591	1592	1720	1719	1591
9	1592	1593	1721	1720	1592
9	1593	1594	1722	1721	1593
9	1594	1595	1723	1722	1594
9	1595	1596	1724	1723	1595
9	1596	1597	1725	1724	1596
9	1597	1598	1726	1725	1597
9	1598	1599	1727	1726	1598
9	1599	1600	1728	1727	1599
9	1600	1601	1729	1728	1600
9	1601	1602	1730	1729	1601
9	1602	1603	1731	1730	1602
9	1603	1604	1732	1731	1603
9	1604	1605	1733	1732	1604
9	1605	1606	1734	1733	1605
9	1606	1607	1735	1734	1606
9	1607	1608	1736	1735	1607
9	1608	1609	1737	1736	1608
9	1609	1610	1738	1737	1609
9	1610	1611	1739	1738	1610
9	1611	1612	1740	1739	1611
9	1612	1613	1741	1740	1612
9	1613	1614	1742	1741	1613
9	1614	1615	1743	1742	1614
9	1615	1616	1744	1743	1615
9	1616	1617	1745	1744	1616
9	1617	1618	1746	1745	1617
9	1618	1619	1747	1746	1618
9	1619	1620	1748	1747	1619
9	1620	1621	1749	1748	1620
9	1621	1622	1750	1749	1621
9	1622	1623	1751	1750	1622
9	1623	1624	1752	1751	1623
9	1624	1625	1753	1752	1624
9	1625	1626	1754	1753	1625
9	1626	1627	1755	1754	1626
9	1627	1628	1756	1755	1627
9	1628	1629	1757	1756	1628
9	1629	1630	1758	1757	1629
9	1630	1631	1759	1758	1630
9	1631	1632	1760	1759	1631
9	1632	1633	1761	1760	1632
9	1633	1634	1762	1761	1633
9	1634	1635	1763	1762	1634
9	1635	1636	1764	1763	1635
9	1636	1637	1765	1764	1636
9	1637	1638	1766	1765	1637
9	1638	1639	1767	1766	1638
9	1639	1640	1768	1767	1639
9	1640	1641	1769	1768	1640
9	1641	1642	1770	1769	1641
9	1642	1643	1771	1770	1642
9	1643	1644	1772	1771	1643
9	1644	1645	1773	1772	1644
9	1645	1646	1774	1773	1645
9	1646	1647	1775	1774	1646
9	1647	1648	1776	1775	1647
9	1648	1649	1777	1776	1648
9	1649	1650	1778	1777	1649
9	1650	1651	1779	1778	1650
9	1651	1652	1780	1779	1651
9	1652	1653	1781	1780	1652
9	1653	1654	1782	1781	1653
9	1654	1655	1783	1782	1654
9	1655	1656	1784	1783	1655
9	1656	1657	1785	1784	1656
9	1657	1658	1786	1785	1657
9	1658	1659	1787	1786	1658
9	1659	1660	1788	1787	1659
9	1660	1661	1789	1788	1660
9	1661	1662	1790	1789	1661
9	1662	1663	1791	1790	1662
9	1663	1536	1664	1791	1663
9	1664	1665	1793	1792	1664
9	1665	1666	1794	1793	1665
9	1666	1667	1795	1794	1666
9	1667	1668	1796	1795	1667
9	1668	1669	1797	1796	1668
9	1669	1670	1798	1797	1669
9	1670	1671	1799	1798	1670
9	1671	1672	1800	1799	1671
9	1672	1673	1801	1800	1672
9	1673	1674	1802	1801	1673
9	1674	1675	1803	1802	1674
9	1675	1676	1804	1803	1675
9	1676	1677	1805	1804	1676
9	1677	1678	1806	1805	1677
9	1678	1679	1807	1806	1678
9	1679	1680	1808	1807	1679
9	1680	1681	1809	1808	1680
9	1681	1682	1810	1809	1681
9	1682	1683	1811	1810	1682
9	1683	1684	1812	1811	1683
9	1684	1685	1813	1812	1684
9	1685	1686	1814	1813	1685
9	1686	1687	1815	1814	1686
9	1687	1688	1816	1815	1687
9	1688	1689	1817	1816	1688
9	1689	1690	1818	1817	1689
9	1690	1691	1819	1818	1690
9	1691	1692	1820	1819	1691
9	1692	1693	1821	1820	1692
9	1693	1694	1822	1821	1693
9	1694	1695	1823	1822	1694
9	1695	1696	1824	1823	1695
9	1696	1697	1825	1824	1696
9	1697	1698	1826	1825	1697
9	1698	1699	1827	1826	1698
9	1699	1700	1828	1827	1699
9	1700	1701	1829	1828	1700
9	1701	1702	1830	1829	1701
9	1702	1703	1831	1830	1702
9	1703	1704	1832	1831	1703
9	1704	1705	1833	1832	1704
9	1705	1706	1834	1833	1705
9	1706	1707	1835	1834	1706
9	1707	1708	1836	1835	1707
9	1708	1709	1837	1836	1708
9	1709	1710	1838	1837	1709
9	1710	1711	1839	1838	1710
9	1711	1712	1840	1839	1711
9	1712	1713	1841	1840	1712
9	1713	1714	1842	1841	1713
9	1714	1715	1843	1842	1714
9	1715	1716	1844	1843	1715
9	1716	1717	1845	1844	1716
9	1717	1718	1846	1845	1717
9	1718	1719	1847	1846	1718
9	1719	1720	1848	1847	1719
9	1720	1721	1849	1848	1720
9	1721	1722	1850	1849	1721
9	1722	1723	1851	1850	1722
9	1723	1724	1852	1851	1723
9	1724	1725	1853	1852	1724
9	1725	1726	1854	1853	1725
9	1726	1727	1855	1854	1726
9	1727	1728	1856	1855	1727
9	1728	1729	1857	1856	1728
9	1729	1730	1858	1857	1729
9	1730	1731	1859	1858	1730
9	1731	1732	1860	1859	1731
9	1732	1733	1861	1860	1732
9	1733	1734	1862	1861	1733
9	1734	1735	1863	1862	1734
9	1735	1736	1864	1863	1735
9	1736	1737	1865	1864	1736
9	1737	1738	1866	1865	1737
9	1738	1739	1867	1866	1738
9	1739	1740	1868	1867	1739
9	1740	1741	1869	1868	1740
9	1741	1742	1870	1869	1741
9	1742	1743	1871	1870	1742
9	1743	1744	1872	1871	1743
9	1744	1745	1873	1872	1744
9	1745	1746	1874	1873	1745
9	1746	1747	1875	1874	1746
9	1747	1748	1876	1875	1747
9	1748	1749	1877	1876	1748
9	1749	1750	1878	1877	1749
9	1750	1751	1879	1878	1750
9	1751	1752	1880	1879	1751
9	1752	1753	1881	1880	1752
9	1753	1754	1882	1881	1753
9	1754	1755	1883	1882	1754
9	1755	1756	1884	1883	1755
9	1756	1757	1885	1884	1756
9	1757	1758	1886	1885	1757
9	1758	1759	1887	1886	1758
9	1759	1760	1888	1887	1759
9	1760	1761	1889	1888	1760
9	1761	1762	1890	1889	1761
9	1762	1763	1891	1890	1762
9	1763	1764	1892	1891	1763
9	1764	1765	1893	1892	1764
9	1765	1766	1894	1893	1765
9	1766	1767	1895	1894	1766
9	1767	1768	1896	1895	1767
9	1768	1769	1897	1896	1768
9	1769	1770	1898	1897	1769
9	1770	1771	1899	1898	1770
9	1771	1772	1900	1899	1771
9	1772	1773	1901	1900	1772
9	1773	1774	1902	1901	1773
9	1774	1775	1903	1902	1774
9	1775	1776	1904	1903	1775
9	1776	1777	1905	1904	1776
9	1777	1778	1906	1905	1777
9	1778	1779	1907	1906	1778
9	1779	1780	1908	1907	1779
9	1780	1781	1909	1908	1780
9	1781	1782	1910	1909	1781
9	1782	1783	1911	1910	1782
9	1783	1784	1912	1911	1783
9	1784	1785	1913	1912	1784
9	1785	1786	1914	1913	1785
9	1786	1787	1915	1914	1786
9	1787	1788	1916	1915	1787
9	1788	1789	1917	1916	1788
9	1789	1790	1918	1917	1789
9	1790	1791	1919	1918	1790
9	1791	1664	1792	1919	1791
9	1792	1793	1921	1920	1792
9	1793	1794	1922	1921	1793
9	1794	1795	1923	1922	1794
9	1795	1796	1924	1923	1795
9	1796	1797	1925	1924	1796
9	1797	1798	1926	1925	1797
9	1798	1799	1927	1926	1798
9	1799	1800	1928	1927	1799
9	1800	1801	1929	1928	1800
9	1801	1802	1930	1929	1801
9	1802	1803	1931	1930	1802
9	1803	1804	1932	1931	1803
9	1804	1805	1933	1932	1804
9	1805	1806	1934	1933	1805
9	1806	1807	1935	1934	1806
9	1807	1808	1936	1935	1807
9	1808	1809	1937	1936	1808
9	1809	1810	1938	1937	1809
9	1810	1811	1939	1938	1810
9	1811	1812	1940	1939	1811
9	1812	1813	1941	1940	1812
9	1813	1814	1942	1941	1813
9	1814	1815	1943	1942	1814
9	1815	1816	1944	1943	1815
9	1816	1817	1945	1944	1816
9	1817	1818	1946	1945	1817
9	1818	1819	1947	1946	1818
9	1819	1820	1948	1947	1819
9	1820	1821	1949	1948	1820
9	1821	1822	1950	1949	1821
9	1822	1823	1951	1950	1822
9	1823	1824	1952	1951	1823
9	1824	1825	1953	1952	1824
9	1825	1826	1954	1953	1825
9	1826	1827	1955	1954	1826
9	1827	1828	1956	1955	1827
9	1828	1829	1957	1956	1828
9	1829	1830	1958	1957	1829
9	1830	1831	1959	1958	1830
9	1831	1832	1960	1959	1831
9	1832	1833	1961	1960	1832
9	1833	1834	1962	1961	1833
9	1834	1835	1963	1962	1834
9	1835	1836	1964	1963	1835
9	1836	1837	1965	1964	1836
9	1837	1838	1966	1965	1837
9	1838	1839	1967	1966	1838
9	1839	1840	1968	1967	1839
9	1840	1841	1969	1968	1840
9	1841	1842	1970	1969	1841
9	1842	1843	1971	1970	1842
9	1843	1844	1972	1971	1843
9	1844	1845	1973	1972	1844
9	1845	1846	1974	1973	1845
9	1846	1847	1975	1974	1846
9	1847	1848	1976	1975	1847
9	1848	1849	1977	1976	1848
9	1849	1850	1978	1977	1849
9	1850	1851	1979	1978	1850
9	1851	1852	1980	1979	1851
9	1852	1853	1981	1980	1852
9	1853	1854	1982	1981	1853
9	1854	1855	1983	1982	1854
9	1855	1856	1984	1983	1855
9	1856	1857	1985	1984	1856
9	1857	1858	1986	1985	1857
9	1858	1859	1987	1986	1858
9	1859	1860	1988	1987	1859
9	1860	1861	1989	1988	1860
9	1861	1862	1990	1989	1861
9	1862	1863	1991	1990	1862
9	1863	1864	1992	1991	1863
9	1864	1865	1993	1992	1864
9	1865	1866	1994	1993	1865
9	1866	1867	1995	1994	1866
9	1867	1868	1996	1995	1867
9	1868	1869	1997	1996	1868
9	1869	1870	1998	1997	1869
9	1870	1871	1999	1998	1870
9	1871	1872	2000	1999	1871
9	1872	1873	2001	2000	1872
9	1873	1874	2002	2001	1873
9	1874	1875	2003	2002	1874
9	1875	1876	2004	2003	1875
9	1876	1877	2005	2004	1876
9	1877	1878	2006	2005	1877
9	1878	1879	2007	2006	1878
9	1879	1880	2008	2007	1879
9	1880	1881	2009	2008	1880
9	1881	1882	2010	2009	1881
9	1882	1883	2011	2010	1882
9	1883	1884	2012	2011	1883
9	1884	1885	2013	2012	1884
9	1885	1886	2014	2013	1885
9	1886	1887	2015	2014	1886
9	1887	1888	2016	2015	1887
9	1888	1889	2017	2016	1888
9	1889	1890	2018	2017	1889
9	1890	1891	2019	2018	1890
9	1891	1892	2020	2019	1891
9	1892	1893	2021	2020	1892
9	1893	1894	2022	2021	1893
9	1894	1895	2023	2022	1894
9	1895	1896	2024	2023	1895
9	1896	1897	2025	2024	1896
9	1897	1898	2026	2025	1897
9	1898	1899	2027	2026	1898
9	1899	1900	2028	2027	1899
9	1900	1901	2029	2028	1900
9	1901	1902	2030	2029	1901
9	1902	1903	2031	2030	1902
9	1903	1904	2032	2031	1903
9	1904	1905	2033	2032	1904
9	1905	1906	2034	2033	1905
9	1906	1907	2035	2034	1906
9	1907	1908	2036	2035	1907
9	1908	1909	2037	2036	1908
9	1909	1910	2038	2037	1909
9	1910	1911	2039	2038	1910
9	1911	1912	2040	2039	1911
9	1912	1913	2041	2040	1912
9	1913	1914	2042	2041	1913
9	1914	1915	2043	2042	1914
9	1915	1916	2044	2043	1915
9	1916	1917	2045	2044	1916
9	1917	1918	2046	2045	1917
9	1918	1919	2047	2046	1918
9	1919	1792	1920	2047	1919
9	1920	1921	2049	2048	1920
9	1921	1922	2050	2049	1921
9	1922	1923	2051	2050	1922
9	1923	1924	2052	2051	1923
9	1924	1925	2053	2052	1924
9	1925	1926	2054	2053	1925
9	1926	1927	2055	2054	1926
9	1927	1928	2056	2055	1927
9	1928	1929	2057	2056	1928
9	1929	1930	2058	2057	1929
9	1930	1931	2059	2058	1930
9	1931	1932	2060	2059	1931
9	1932	1933	2061	2060	1932
9	1933	1934	2062	2061	1933
9	1934	1935	2063	2062	1934
9	1935	1936	2064	2063	1935
9	1936	1937	2065	2064	1936
9	1937	1938	2066	2065	1937
9	1938	1939	2067	2066	1938
9	1939	1940	2068	2067	1939
9	1940	1941	2069	2068	1940
9	1941	1942	2070	2069	1941
9	1942	1943	2071	2070	1942
9	1943	1944	2072	2071	1943
9	1944	1945	2073	2072	1944
9	1945	1946	2074	2073	1945
9	1946	1947	2075	2074	1946
9	1947	1948	2076	2075	1947
9	1948	1949	2077	2076	1948
9	1949	1950	2078	2077	1949
9	1950	1951	2079	2078	1950
9	1951	1952	2080	2079	1951
9	1952	1953	2081	2080	1952
9	1953	1954	2082	2081	1953
9	1954	1955	2083	2082	1954
9	1955	1956	2084	2083	1955
9	1956	1957	2085	2084	1956
9	1957	1958	2086	2085	1957
9	1958	1959	2087	2086	1958
9	1959	1960	2088	2087	1959
9	1960	1961	2089	2088	1960
9	1961	1962	2090	2089	1961
9	1962	1963	2091	2090	1962
9	1963	1964	2092	2091	1963
9	1964	1965	2093	2092	1964
9	1965	1966	2094	2093	1965
9	1966	1967	2095	2094	1966
9	1967	1968	2096	2095	1967
9	1968	1969	2097	2096	1968
9	1969	1970	2098	2097	1969
9	1970	1971	2099	2098	1970
9	1971	1972	2100	2099	1971
9	1972	1973	2101	2100	1972
9	1973	1974	2102	2101	1973
9	1974	1975	2103	2102	1974
9	1975	1976	2104	2103	1975
9	1976	1977	2105	2104	1976
9	1977	1978	2106	2105	1977
9	1978	1979	2107	2106	1978
9	1979	1980	2108	2107	1979
9	1980	1981	2109	2108	1980
9	1981	1982	2110	2109	1981
9	1982	1983	2111	2110	1982
9	1983	1984	2112	2111	1983
9	1984	1985	2113	2112	1984
9	1985	1986	2114	2113	1985
9	1986	1987	2115	2114	1986
9	1987	1988	2116	2115	1987
9	1988	1989	2117	2116	1988
9	1989	1990	2118	2117	1989
9	1990	1991	2119	2118	1990
9	1991	1992	2120	2119	1991
9	1992	1993	2121	2120	1992
9	1993	1994	2122	2121	1993
9	1994	1995	2123	2122	1994
9	1995	1996	2124	2123	1995
9	1996	1997	2125	2124	1996
9	1997	1998	2126	2125	1997
9	1998	1999	2127	2126	1998
9	1999	2000	2128	2127	1999
9	2000	2001	2129	2128	2000
9	2001	2002	2130	2129	2001
9	2002	2003	2131	2130	2002
9	2003	2004	2132	2131	2003
9	2004	2005	2133	2132	2004
9	2005	2006	2134	2133	2005
9	2006	2007	2135	2134	2006
9	2007	2008	2136	2135	2007
9	2008	2009	2137	2136	2008
9	2009	2010	2138	2137	2009
9	2010	2011	2139	2138	2010
9	2011	2012	2140	2139	2011
9	2012	2013	2141	2140	2012
9	2013	2014	2142	2141	2013
9	2014	2015	2143	2142	2014
9	2015	2016	2144	2143	2015
9	2016	2017	2145	2144	2016
9	2017	2018	2146	2145	2017
9	2018	2019	2147	2146	2018
9	2019	2020	2148	2147	2019
9	2020	2021	2149	2148	2020
9	2021	2022	2150	2149	2021
9	2022	2023	2151	2150	2022
9	2023	2024	2152	2151	2023
9	2024	2025	2153	2152	2024
9	2025	2026	2154	2153	2025
9	2026	2027	2155	2154	2026
9	2027	2028	2156	2155	2027
9	2028	2029	2157	2156	2028
9	2029	2030	2158	2157	2029
9	2030	2031	2159	2158	2030
9	2031	2032	2160	2159	2031
9	2032	2033	2161	2160	2032
9	2033	2034	2162	2161	2033
9	2034	2035	2163	2162	2034
9	2035	2036	2164	2163	2035
9	2036	2037	2165	2164	2036
9	2037	2038	2166	2165	2037
9	2038	2039	2167	2166	2038
9	2039	2040	2168	2167	2039
9	2040	2041	2169	2168	2040
9	2041	2042	2170	2169	2041
9	2042	2043	2171	2170	2042
9	2043	2044	2172	2171	2043
9	2044	2045	2173	2172	2044
9	2045	2046	2174	2173	2045
9	2046	2047	2175	2174	2046
9	2047	1920	2048	2175	2047
9	2048	2049	2177	2176	2048
9	2049	2050	2178	2177	2049
9	2050	2051	2179	2178	2050
9	2051	2052	2180	2179	2051
9	2052	2053	2181	2180	2052
9	2053	2054	2182	2181	2053
9	2054	2055	2183	2182	2054
9	2055	2056	2184	2183	2055
9	2056	2057	2185	2184	2056
9	2057	2058	2186	2185	2057
9	2058	2059	2187	2186	2058
9	2059	2060	2188	2187	2059
9	2060	2061	2189	2188	2060
9	2061	2062	2190	2189	2061
9	2062	2063	2191	2190	2062
9	2063	2064	2192	2191	2063
9	2064	2065	2193	2192	2064
9	2065	2066	2194	2193	2065
9	2066	2067	2195	2194	2066
9	2067	2068	2196	2195	2067
9	2068	2069	2197	2196	2068
9	2069	2070	2198	2197	2069
9	2070	2071	2199	2198	2070
9	2071	2072	2200	2199	2071
9	2072	2073	2201	2200	2072
9	2073	2074	2202	2201	2073
9	2074	2075	2203	2202	2074
9	2075	2076	2204	2203	2075
9	2076	2077	2205	2204	2076
9	2077	2078	2206	2205	2077
9	2078	2079	2207	2206	2078
9	2079	2080	2208	2207	2079
9	2080	2081	2209	2208	2080
9	2081	2082	2210	2209	2081
9	2082	2083	2211	2210	2082
9	2083	2084	2212	2211	2083
9	2084	2085	2213	2212	2084
9	2085	2086	2214	2213	2085
9	2086	2087	2215	2214	2086
9	2087	2088	2216	2215	2087
9	2088	2089	2217	2216	2088
9	2089	2090	2218	2217	2089
9	2090	2091	2219	2218	2090
9	2091	2092	2220	2219	2091
9	2092	2093	2221	2220	2092
9	2093	2094	2222	2221	2093
9	2094	2095	2223	2222	2094
9	2095	2096	2224	2223	2095
9	2096	2097	2225	2224	2096
9	2097	2098	2226	2225	2097
9	2098	2099	2227	2226	2098
9	2099	2100	2228	2227	2099
9	2100	2101	2229	2228	2100
9	2101	2102	2230	2229	2101
9	2102	2103	2231	2230	2102
9	2103	2104	2232	2231	2103
9	2104	2105	2233	2232	2104
9	2105	2106	2234	2233	2105
9	2106	2107	2235	2234	2106
9	2107	2108	2236	2235	2107
9	2108	2109	2237	2236	2108
9	2109	2110	2238	2237	2109
9	2110	2111	2239	2238	2110
9	2111	2112	2240	2239	2111
9	2112	2113	2241	2240	2112
9	2113	2114	2242	2241	2113
9	2114	2115	2243	2242	2114
9	2115	2116	2244	2243	2115
9	2116	2117	2245	2244	2116
9	2117	2118	2246	2245	2117
9	2118	2119	2247	2246	2118
9	2119	2120	2248	2247	2119
9	2120	2121	2249	2248	2120
9	2121	2122	2250	2249	2121
9	2122	2123	2251	2250	2122
9	2123	2124	2252	2251	2123
9	2124	2125	2253	2252	2124
9	2125	2126	2254	2253	2125
9	2126	2127	2255	2254	2126
9	2127	2128	2256	2255	2127
9	2128	2129	2257	2256	2128
9	2129	2130	2258	2257	2129
9	2130	2131	2259	2258	2130
9	2131	2132	2260	2259	2131
9	2132	2133	2261	2260	2132
9	2133	2134	2262	2261	2133
9	2134	2135	2263	2262	2134
9	2135	2136	2264	2263	2135
9	2136	2137	2265	2264	2136
9	2137	2138	2266	2265	2137
9	2138	2139	2267	2266	2138
9	2139	2140	2268	2267	2139
9	2140	2141	2269	2268	2140
9	2141	2142	2270	2269	2141
9	2142	2143	2271	2270	2142
9	2143	2144	2272	2271	2143
9	2144	2145	2273	2272	2144
9	2145	2146	2274	2273	2145
9	2146	2147	2275	2274	2146
9	2147	2148	2276	2275	2147
9	2148	2149	2277	2276	2148
9	2149	2150	2278	2277	2149
9	2150	2151	2279	2278	2150
9	2151	2152	2280	2279	2151
9	2152	2153	2281	2280	2152
9	2153	2154	2282	2281	2153
9	2154	2155	2283	2282	2154
9	2155	2156	2284	2283	2155
9	2156	2157	2285	2284	2156
9	2157	2158	2286	2285	2157
9	2158	2159	2287	2286	2158
9	2159	2160	2288	2287	2159
9	2160	2161	2289	2288	2160
9	2161	2162	2290	2289	2161
9	2162	2163	2291	2290	2162
9	2163	2164	2292	2291	2163
9	2164	2165	2293	2292	2164
9	2165	2166	2294	2293	2165
9	2166	2167	2295	2294	2166
9	2167	2168	2296	2295	2167
9	2168	2169	2297	2296	2168
9	2169	2170	2298	2297	2169
9	2170	2171	2299	2298	2170
9	2171	2172	2300	2299	2171
9	2172	2173	2301	2300	2172
9	2173	2174	2302	2301	2173
9	2174	2175	2303	2302	2174
9	2175	2048	2176	2303	2175
9	2176	2177	2305	2304	2176
9	2177	2178	2306	2305	2177
9	2178	2179	2307	2306	2178
9	2179	2180	2308	2307	2179
9	2180	2181	2309	2308	2180
9	2181	2182	2310	2309	2181
9	2182	2183	2311	2310	2182
9	2183	2184	2312	2311	2183
9	2184	2185	2313	2312	2184
9	2185	2186	2314	2313	2185
9	2186	2187	2315	2314	2186
9	2187	2188	2316	2315	2187
9	2188	2189	2317	2316	2188
9	2189	2190	2318	2317	2189
9	2190	2191	2319	2318	2190
9	2191	2192	2320	2319	2191
9	2192	2193	2321	2320	2192
9	2193	2194	2322	2321	2193
9	2194	2195	2323	2322	2194
9	2195	2196	2324	2323	2195
9	2196	2197	2325	2324	2196
9	2197	2198	2326	2325	2197
9	2198	2199	2327	2326	2198
9	2199	2200	2328	2327	2199
9	2200	2201	2329	2328	2200
9	2201	2202	2330	2329	2201
9	2202	2203	2331	2330	2202
9	2203	2204	2332	2331	2203
9	2204	2205	2333	2332	2204
9	2205	2206	2334	2333	2205
9	2206	2207	2335	2334	2206
9	2207	2208	2336	2335	2207
9	2208	2209	2337	2336	2208
9	2209	2210	2338	2337	2209
9	2210	2211	2339	2338	2210
9	2211	2212	2340	2339	2211
9	2212	2213	2341	2340	2212
9	2213	2214	2342	2341	2213
9	2214	2215	2343	2342	2214
9	2215	2216	2344	2343	2215
9	2216	2217	2345	2344	2216
9	2217	2218	2346	2345	2217
9	2218	2219	2347	2346	2218
9	2219	2220	2348	2347	2219
9	2220	2221	2349	2348	2220
9	2221	2222	2350	2349	2221
9	2222	2223	2351	2350	2222
9	2223	2224	2352	2351	2223
9	2224	2225	2353	2352	2224
9	2225	2226	2354	2353	2225
9	2226	2227	2355	2354	2226
9	2227	2228	2356	2355	2227
9	2228	2229	2357	2356	2228
9	2229	2230	2358	2357	2229
9	2230	2231	2359	2358	2230
9	2231	2232	2360	2359	2231
9	2232	2233	2361	2360	2232
9	2233	2234	2362	2361	2233
9	2234	2235	2363	2362	2234
9	2235	2236	2364	2363	2235
9	2236	2237	2365	2364	2236
9	2237	2238	2366	2365	2237
9	2238	2239	2367	2366	2238
9	2239	2240	2368	2367	2239
9	2240	2241	2369	2368	2240
9	2241	2242	2370	2369	2241
9	2242	2243	2371	2370	2242
9	2243	2244	2372	2371	2243
9	2244	2245	2373	2372	2244
9	2245	2246	2374	2373	2245
9	2246	2247	2375	2374	2246
9	2247	2248	2376	2375	2247
9	2248	2249	2377	2376	2248
9	2249	2250	2378	2377	2249
9	2250	2251	2379	2378	2250
9	2251	2252	2380	2379	2251
9	2252	2253	2381	2380	2252
9	2253	2254	2382	2381	2253
9	2254	2255	2383	2382	2254
9	2255	2256	2384	2383	2255
9	2256	2257	2385	2384	2256
9	2257	2258	2386	2385	2257
9	2258	2259	2387	2386	2258
9	2259	2260	2388	2387	2259
9	2260	2261	2389	2388	2260
9	2261	2262	2390	2389	2261
9	2262	2263	2391	2390	2262
9	2263	2264	2392	2391	2263
9	2264	2265	2393	2392	2264
9	2265	2266	2394	2393	2265
9	2266	2267	2395	2394	2266
9	2267	2268	2396	2395	2267
9	2268	2269	2397	2396	2268
9	2269	2270	2398	2397	2269
9	2270	2271	2399	2398	2270
9	2271	2272	2400	2399	2271
9	2272	2273	2401	2400	2272
9	2273	2274	2402	2401	2273
9	2274	2275	2403	2402	2274
9	2275	2276	2404	2403	2275
9	2276	2277	2405	2404	2276
9	2277	2278	2406	2405	2277
9	2278	2279	2407	2406	2278
9	2279	2280	2408	2407	2279
9	2280	2281	2409	2408	2280
9	2281	2282	2410	2409	2281
9	2282	2283	2411	2410	2282
9	2283	2284	2412	2411	2283
9	2284	2285	2413	2412	2284
9	2285	2286	2414	2413	2285
9	2286	2287	2415	2414	2286
9	2287	2288	2416	2415	2287
9	2288	2289	2417	2416	2288
9	2289	2290	2418	2417	2289
9	2290	2291	2419	2418	2290
9	2291	2292	2420	2419	2291
9	2292	2293	2421	2420	2292
9	2293	2294	2422	2421	2293
9	2294	2295	2423	2422	2294
9	2295	2296	2424	2423	2295
9	2296	2297	2425	2424	2296
9	2297	2298	2426	2425	2297
9	2298	2299	2427	2426	2298
9	2299	2300	2428	2427	2299
9	2300	2301	2429	2428	2300
9	2301	2302	2430	2429	2301
9	2302	2303	2431	2430	2302
9	2303	2176	2304	2431	2303
9	2304	2305	2433	2432	2304
9	2305	2306	2434	2433	2305
9	2306	2307	2435	2434	2306
9	2307	2308	2436	2435	2307
9	2308	2309	2437	2436	2308
9	2309	2310	2438	2437	2309
9	2310	2311	2439	2438	2310
9	2311	2312	2440	2439	2311
9	2312	2313	2441	2440	2312
9	2313	2314	2442	2441	2313
9	2314	2315	2443	2442	2314
9	2315	2316	2444	2443	2315
9	2316	2317	2445	2444	2316
9	2317	2318	2446	2445	2317
9	2318	2319	2447	2446	2318
9	2319	2320	2448	2447	2319
9	2320	2321	2449	2448	2320
9	2321	2322	2450	2449	2321
9	2322	2323	2451	2450	2322
9	2323	2324	2452	2451	2323
9	2324	2325	2453	2452	2324
9	2325	2326	2454	2453	2325
9	2326	2327	2455	2454	2326
9	2327	2328	2456	2455	2327
9	2328	2329	2457	2456	2328
9	2329	2330	2458	2457	2329
9	2330	2331	2459	2458	2330
9	2331	2332	2460	2459	2331
9	2332	2333	2461	2460	2332
9	2333	2334	2462	2461	2333
9	2334	2335	2463	2462	2334
9	2335	2336	2464	2463	2335
9	2336	2337	2465	2464	2336
9	2337	2338	2466	2465	2337
9	2338	2339	2467	2466	2338
9	2339	2340	2468	2467	2339
9	2340	2341	2469	2468	2340
9	2341	2342	2470	2469	2341
9	2342	2343	2471	2470	2342
9	2343	2344	2472	2471	2343
9	2344	2345	2473	2472	2344
9	2345	2346	2474	2473	2345
9	2346	2347	2475	2474	2346
9	2347	2348	2476	2475	2347
9	2348	2349	2477	2476	2348
9	2349	2350	2478	2477	2349
9	2350	2351	2479	2478	2350
9	2351	2352	2480	2479	2351
9	2352	2353	2481	2480	2352
9	2353	2354	2482	2481	2353
9	2354	2355	2483	2482	2354
9	2355	2356	2484	2483	2355
9	2356	2357	2485	2484	2356
9	2357	2358	2486	2485	2357
9	2358	2359	2487	2486	2358
9	2359	2360	2488	2487	2359
9	2360	2361	2489	2488	2360
9	2361	2362	2490	2489	2361
9	2362	2363	2491	2490	2362
9	2363	2364	2492	2491	2363
9	2364	2365	2493	2492	2364
9	2365	2366	2494	2493	2365
9	2366	2367	2495	2494	2366
9	2367	2368	2496	2495	2367
9	2368	2369	2497	2496	2368
9	2369	2370	2498	2497	2369
9	2370	2371	2499	2498	2370
9	2371	2372	2500	2499	2371
9	2372	2373	2501	2500	2372
9	2373	2374	2502	2501	2373
9	2374	2375	2503	2502	2374
9	2375	2376	2504	2503	2375
9	2376	2377	2505	2504	2376
9	2377	2378	2506	2505	2377
9	2378	2379	2507	2506	2378
9	2379	2380	2508	2507	2379
9	2380	2381	2509	2508	2380
9	2381	2382	2510	2509	2381
9	2382	2383	2511	2510	2382
9	2383	2384	2512	2511	2383
9	2384	2385	2513	2512	2384
9	2385	2386	2514	2513	2385
9	2386	2387	2515	2514	2386
9	2387	2388	2516	2515	2387
9	2388	2389	2517	2516	2388
9	2389	2390	2518	2517	2389
9	2390	2391	2519	2518	2390
9	2391	2392	2520	2519	2391
9	2392	2393	2521	2520	2392
9	2393	2394	2522	2521	2393
9	2394	2395	2523	2522	2394
9	2395	2396	2524	2523	2395
9	2396	2397	2525	2524	2396
9	2397	2398	2526	2525	2397
9	2398	2399	2527	2526	2398
9	2399	2400	2528	2527	2399
9	2400	2401	2529	2528	2400
9	2401	2402	2530	2529	2401
9	2402	2403	2531	2530	2402
9	2403	2404	2532	2531	2403
9	2404	2405	2533	2532	2404
9	2405	2406	2534	2533	2405
9	2406	2407	2535	2534	2406
9	2407	2408	2536	2535	2407
9	2408	2409	2537	2536	2408
9	2409	2410	2538	2537	2409
9	2410	2411	2539	2538	2410
9	2411	2412	2540	2539	2411
9	2412	2413	2541	2540	2412
9	2413	2414	2542	2541	2413
9	2414	2415	2543	2542	2414
9	2415	2416	2544	2543	2415
9	2416	2417	2545	2544	2416
9	2417	2418	2546	2545	2417
9	2418	2419	2547	2546	2418
9	2419	2420	2548	2547	2419
9	2420	2421	2549	2548	2420
9	2421	2422	2550	2549	2421
9	2422	2423	2551	2550	2422
9	2423	2424	2552	2551	2423
9	2424	2425	2553	2552	2424
9	2425	2426	2554	2553	2425
9	2426	2427	2555	2554	2426
9	2427	2428	2556	2555	2427
9	2428	2429	2557	2556	2428
9	2429	2430	2558	2557	2429
9	2430	2431	2559	2558	2430
9	2431	2304	2432	2559	2431
9	2432	2433	2561	2560	2432
9	2433	2434	2562	2561	2433
9	2434	2435	2563	2562	2434
9	2435	2436	2564	2563	2435
9	2436	2437	2565	2564	2436
9	2437	2438	2566	2565	2437
9	2438	2439	2567	2566	2438
9	2439	2440	2568	2567	2439
9	2440	2441	2569	2568	2440
9	2441	2442	2570	2569	2441
9	2442	2443	2571	2570	2442
9	2443	2444	2572	2571	2443
9	2444	2445	2573	2572	2444
9	2445	2446	2574	2573	2445
9	2446	2447	2575	2574	2446
9	2447	2448	2576	2575	2447
9	2448	2449	2577	2576	2448
9	2449	2450	2578	2577	2449
9	2450	2451	2579	2578	2450
9	2451	2452	2580	2579	2451
9	2452	2453	2581	2580	2452
9	2453	2454	2582	2581	2453
9	2454	2455	2583	2582	2454
9	2455	2456	2584	2583	2455
9	2456	2457	2585	2584	2456
9	2457	2458	2586	2585	2457
9	2458	2459	2587	2586	2458
9	2459	2460	2588	2587	2459
9	2460	2461	2589	2588	2460
9	2461	2462	2590	2589	2461
9	2462	2463	2591	2590	2462
9	2463	2464	2592	2591	2463
9	2464	2465	2593	2592	2464
9	2465	2466	2594	2593	2465
9	2466	2467	2595	2594	2466
9	2467	2468	2596	2595	2467
9	2468	2469	2597	2596	2468
9	2469	2470	2598	2597	2469
9	2470	2471	2599	2598	2470
9	2471	2472	2600	2599	2471
9	2472	2473	2601	2600	2472
9	2473	2474	2602	2601	2473
9	2474	2475	2603	2602	2474
9	2475	2476	2604	2603	2475
9	2476	2477	2605	2604	2476
9	2477	2478	2606	2605	2477
9	2478	2479	2607	2606	2478
9	2479	2480	2608	2607	2479
9	2480	2481	2609	2608	2480
9	2481	2482	2610	2609	2481
9	2482	2483	2611	2610	2482
9	2483	2484	2612	2611	2483
9	2484	2485	2613	2612	2484
9	2485	2486	2614	2613	2485
9	2486	2487	2615	2614	2486
9	2487	2488	2616	2615	2487
9	2488	2489	2617	2616	2488
9	2489	2490	2618	2617	2489
9	2490	2491	2619	2618	2490
9	2491	2492	2620	2619	2491
9	2492	2493	2621	2620	2492
9	2493	2494	2622	2621	2493
9	2494	2495	2623	2622	2494
9	2495	2496	2624	2623	2495
9	2496	2497	2625	2624	2496
9	2497	2498	2626	2625	2497
9	2498	2499	2627	2626	2498
9	2499	2500	2628	2627	2499
9	2500	2501	2629	2628	2500
9	2501	2502	2630	2629	2501
9	2502	2503	2631	2630	2502
9	2503	2504	2632	2631	2503
9	2504	2505	2633	2632	2504
9	2505	2506	2634	2633	2505
9	2506	2507	2635	2634	2506
9	2507	2508	2636	2635	2507
9	2508	2509	2637	2636	2508
9	2509	2510	2638	2637	2509
9	2510	2511	2639	2638	2510
9	2511	2512	2640	2639	2511
9	2512	2513	2641	2640	2512
9	2513	2514	2642	2641	2513
9	2514	2515	2643	2642	2514
9	2515	2516	2644	2643	2515
9	2516	2517	2645	2644	2516
9	2517	2518	2646	2645	2517
9	2518	2519	2647	2646	2518
9	2519	2520	2648	2647	2519
9	2520	2521	2649	2648	2520
9	2521	2522	2650	2649	2521
9	2522	2523	2651	2650	2522
9	2523	2524	2652	2651	2523
9	2524	2525	2653	2652	2524
9	2525	2526	2654	2653	2525
9	2526	2527	2655	2654	2526
9	2527	2528	2656	2655	2527
9	2528	2529	2657	2656	2528
9	2529	2530	2658	2657	2529
9	2530	2531	2659	2658	2530
9	2531	2532	2660	2659	2531
9	2532	2533	2661	2660	2532
9	2533	2534	2662	2661	2533
9	2534	2535	2663	2662	2534
9	2535	2536	2664	2663	2535
9	2536	2537	2665	2664	2536
9	2537	2538	2666	2665	2537
9	2538	2539	2667	2666	2538
9	2539	2540	2668	2667	2539
9	2540	2541	2669	2668	2540
9	2541	2542	2670	2669	2541
9	2542	2543	2671	2670	2542
9	2543	2544	2672	2671	2543
9	2544	2545	2673	2672	2544
9	2545	2546	2674	2673	2545
9	2546	2547	2675	2674	2546
9	2547	2548	2676	2675	2547
9	2548	2549	2677	2676	2548
9	2549	2550	2678	2677	2549
9	2550	2551	2679	2678	2550
9	2551	2552	2680	2679	2551
9	2552	2553	2681	2680	2552
9	2553	2554	2682	2681	2553
9	2554	2555	2683	2682	2554
9	2555	2556	2684	2683	2555
9	2556	2557	2685	2684	2556
9	2557	2558	2686	2685	2557
9	2558	2559	2687	2686	2558
9	2559	2432	2560	2687	2559
9	2560	2561	2689	2688	2560
9	2561	2562	2690	2689	2561
9	2562	2563	2691	2690	2562
9	2563	2564	2692	2691	2563
9	2564	2565	2693	2692	2564
9	2565	2566	2694	2693	2565
9	2566	2567	2695	2694	2566
9	2567	2568	2696	2695	2567
9	2568	2569	2697	2696	2568
9	2569	2570	2698	2697	2569
9	2570	2571	2699	2698	2570
9	2571	2572	2700	2699	2571
9	2572	2573	2701	2700	2572
9	2573	2574	2702	2701	2573
9	2574	2575	2703	2702	2574
9	2575	2576	2704	2703	2575
9	2576	2577	2705	2704	2576
9	2577	2578	2706	2705	2577
9	2578	2579	2707	2706	2578
9	2579	2580	2708	2707	2579
9	2580	2581	2709	2708	2580
9	2581	2582	2710	2709	2581
9	2582	2583	2711	2710	2582
9	2583	2584	2712	2711	2583
9	2584	2585	2713	2712	2584
9	2585	2586	2714	2713	2585
9	2586	2587	2715	2714	2586
9	2587	2588	2716	2715	2587
9	2588	2589	2717	2716	2588
9	2589	2590	2718	2717	2589
9	2590	2591	2719	2718	2590
9	2591	2592	2720	2719	2591
9	2592	2593	2721	2720	2592
9	2593	2594	2722	2721	2593
9	2594	2595	2723	2722	2594
9	2595	2596	2724	2723	2595
9	2596	2597	2725	2724	2596
9	2597	2598	2726	2725	2597
9	2598	2599	2727	2726	2598
9	2599	2600	2728	2727	2599
9	2600	2601	2729	2728	2600
9	2601	2602	2730	2729	2601
9	2602	2603	2731	2730	2602
9	2603	2604	2732	2731	2603
9	2604	2605	2733	2732	2604
9	2605	2606	2734	2733	2605
9	2606	2607	2735	2734	2606
9	2607	2608	2736	2735	2607
9	2608	2609	2737	2736	2608
9	2609	2610	2738	2737	2609
9	2610	2611	2739	2738	2610
9	2611	2612	2740	2739	2611
9	2612	2613	2741	2740	2612
9	2613	2614	2742	2741	2613
9	2614	2615	2743	2742	2614
9	2615	2616	2744	2743	2615
9	2616	2617	2745	2744	2616
9	2617	2618	2746	2745	2617
9	2618	2619	2747	2746	2618
9	2619	2620	2748	2747	2619
9	2620	2621	2749	2748	2620
9	2621	2622	2750	2749	2621
9	2622	2623	2751	2750	2622
9	2623	2624	2752	2751	2623
9	2624	2625	2753	2752	2624
9	2625	2626	2754	2753	2625
9	2626	2627	2755	2754	2626
9	2627	2628	2756	2755	2627
9	2628	2629	2757	2756	2628
9	2629	2630	2758	2757	2629
9	2630	2631	2759	2758	2630
9	2631	2632	2760	2759	2631
9	2632	2633	2761	2760	2632
9	2633	2634	2762	2761	2633
9	2634	2635	2763	2762	2634
9	2635	2636	2764	2763	2635
9	2636	2637	2765	2764	2636
9	2637	2638	2766	2765	2637
9	2638	2639	2767	2766	2638
9	2639	2640	2768	2767	2639
9	2640	2641	2769	2768	2640
9	2641	2642	2770	2769	2641
9	2642	2643	2771	2770	2642
9	2643	2644	2772	2771	2643
9	2644	2645	2773	2772	2644
9	2645	2646	2774	2773	2645
9	2646	2647	2775	2774	2646
9	2647	2648	2776	2775	2647
9	2648	2649	2777	2776	2648
9	2649	2650	2778	2777	2649
9	2650	2651	2779	2778	2650
9	2651	2652	2780	2779	2651
9	2652	2653	2781	2780	2652
9	2653	2654	2782	2781	2653
9	2654	2655	2783	2782	2654
9	2655	2656	2784	2783	2655
9	2656	2657	2785	2784	2656
9	2657	2658	2786	2785	2657
9	2658	2659	2787	2786	2658
9	2659	2660	2788	2787	2659
9	2660	2661	2789	2788	2660
9	2661	2662	2790	2789	2661
9	2662	2663	2791	2790	2662
9	2663	2664	2792	2791	2663
9	2664	2665	2793	2792	2664
9	2665	2666	2794	2793	2665
9	2666	2667	2795	2794	2666
9	2667	2668	2796	2795	2667
9	2668	2669	2797	2796	2668
9	2669	2670	2798	2797	2669
9	2670	2671	2799	2798	2670
9	2671	2672	2800	2799	2671
9	2672	2673	2801	2800	2672
9	2673	2674	2802	2801	2673
9	2674	2675	2803	2802	2674
9	2675	2676	2804	2803	2675
9	2676	2677	2805	2804	2676
9	2677	2678	2806	2805	2677
9	2678	2679	2807	2806	2678
9	2679	2680	2808	2807	2679
9	2680	2681	2809	2808	2680
9	2681	2682	2810	2809	2681
9	2682	2683	2811	2810	2682
9	2683	2684	2812	2811	2683
9	2684	2685	2813	2812	2684
9	2685	2686	2814	2813	2685
9	2686	2687	2815	2814	2686
9	2687	2560	2688	2815	2687
9	2688	2689	2817	2816	2688
9	2689	2690	2818	2817	2689
9	2690	2691	2819	2818	2690
9	2691	2692	2820	2819	2691
9	2692	2693	2821	2820	2692
9	2693	2694	2822	2821	2693
9	2694	2695	2823	2822	2694
9	2695	2696	2824	2823	2695
9	2696	2697	2825	2824	2696
9	2697	2698	2826	2825	2697
9	2698	2699	2827	2826	2698
9	2699	2700	2828	2827	2699
9	2700	2701	2829	2828	2700
9	2701	2702	2830	2829	2701
9	2702	2703	2831	2830	2702
9	2703	2704	2832	2831	2703
9	2704	2705	2833	2832	2704
9	2705	2706	2834	2833	2705
9	2706	2707	2835	2834	2706
9	2707	2708	2836	2835	2707
9	2708	2709	2837	2836	2708
9	2709	2710	2838	2837	2709
9	2710	2711	2839	2838	2710
9	2711	2712	2840	2839	2711
9	2712	2713	2841	2840	2712
9	2713	2714	2842	2841	2713
9	2714	2715	2843	2842	2714
9	2715	2716	2844	2843	2715
9	2716	2717	2845	2844	2716
9	2717	2718	2846	2845	2717
9	2718	2719	2847	2846	2718
9	2719	2720	2848	2847	2719
9	2720	2721	2849	2848	2720
9	2721	2722	2850	2849	2721
9	2722	2723	2851	2850	2722
9	2723	2724	2852	2851	2723
9	2724	2725	2853	2852	2724
9	2725	2726	2854	2853	2725
9	2726	2727	2855	2854	2726
9	2727	2728	2856	2855	2727
9	2728	2729	2857	2856	2728
9	2729	2730	2858	2857	2729
9	2730	2731	2859	2858	2730
9	2731	2732	2860	2859	2731
9	2732	2733	2861	2860	2732
9	2733	2734	2862	2861	2733
9	2734	2735	2863	2862	2734
9	2735	2736	2864	2863	2735
9	2736	2737	2865	2864	2736
9	2737	2738	2866	2865	2737
9	2738	2739	2867	2866	2738
9	2739	2740	2868	2867	2739
9	2740	2741	2869	2868	2740
9	2741	2742	2870	2869	2741
9	2742	2743	2871	2870	2742
9	2743	2744	2872	2871	2743
9	2744	2745	2873	2872	2744
9	2745	2746	2874	2873	2745
9	2746	2747	2875	2874	2746
9	2747	2748	2876	2875	2747
9	2748	2749	2877	2876	2748
9	2749	2750	2878	2877	2749
9	2750	2751	2879	2878	2750
9	2751	2752	2880	2879	2751
9	2752	2753	2881	2880	2752
9	2753	2754	2882	2881	2753
9	2754	2755	2883	2882	2754
9	2755	2756	2884	2883	2755
9	2756	2757	2885	2884	2756
9	2757	2758	2886	2885	2757
9	2758	2759	2887	2886	2758
9	2759	2760	2888	2887	2759
9	2760	2761	2889	2888	2760
9	2761	2762	2890	2889	2761
9	2762	2763	2891	2890	2762
9	2763	2764	2892	2891	2763
9	2764	2765	2893	2892	2764
9	2765	2766	2894	2893	2765
9	2766	2767	2895	2894	2766
9	2767	2768	2896	2895	2767
9	2768	2769	2897	2896	2768
9	2769	2770	2898	2897	2769
9	2770	2771	2899	2898	2770
9	2771	2772	2900	2899	2771
9	2772	2773	2901	2900	2772
9	2773	2774	2902	2901	2773
9	2774	2775	2903	2902	2774
9	2775	2776	2904	2903	2775
9	2776	2777	2905	2904	2776
9	2777	2778	2906	2905	2777
9	2778	2779	2907	2906	2778
9	2779	2780	2908	2907	2779
9	2780	2781	2909	2908	2780
9	2781	2782	2910	2909	2781
9	2782	2783	2911	2910	2782
9	2783	2784	2912	2911	2783
9	2784	2785	2913	2912	2784
9	2785	2786	2914	2913	2785
9	2786	2787	2915	2914	2786
9	2787	2788	2916	2915	2787
9	2788	2789	2917	2916	2788
9	2789	2790	2918	2917	2789
9	2790	2791	2919	2918	2790
9	2791	2792	2920	2919	2791
9	2792	2793	2921	2920	2792
9	2793	2794	2922	2921	2793
9	2794	2795	2923	2922	2794
9	2795	2796	2924	2923	2795
9	2796	2797	2925	2924	2796
9	2797	2798	2926	2925	2797
9	2798	2799	2927	2926	2798
9	2799	2800	2928	2927	2799
9	2800	2801	2929	2928	2800
9	2801	2802	2930	2929	2801
9	2802	2803	2931	2930	2802
9	2803	2804	2932	2931	2803
9	2804	2805	2933	2932	2804
9	2805	2806	2934	2933	2805
9	2806	2807	2935	2934	2806
9	2807	2808	2936	2935	2807
9	2808	2809	2937	2936	2808
9	2809	2810	2938	2937	2809
9	2810	2811	2939	2938	2810
9	2811	2812	2940	2939	2811
9	2812	2813	2941	2940	2812
9	2813	2814	2942	2941	2813
9	2814	2815	2943	2942	2814
9	2815	2688	2816	2943	2815
9	2816	2817	2945	2944	2816
9	2817	2818	2946	2945	2817
9	2818	2819	2947	2946	2818
9	2819	2820	2948	2947	2819
9	2820	2821	2949	2948	2820
9	2821	2822	2950	2949	2821
9	2822	2823	2951	2950	2822
9	2823	2824	2952	2951	2823
9	2824	2825	2953	2952	2824
9	2825	2826	2954	2953	2825
9	2826	2827	2955	2954	2826
9	2827	2828	2956	2955	2827
9	2828	2829	2957	2956	2828
9	2829	2830	2958	2957	2829
9	2830	2831	2959	2958	2830
9	2831	2832	2960	2959	2831
9	2832	2833	2961	2960	2832
9	2833	2834	2962	2961	2833
9	2834	2835	2963	2962	2834
9	2835	2836	2964	2963	2835
9	2836	2837	2965	2964	2836
9	2837	2838	2966	2965	2837
9	2838	2839	2967	2966	2838
9	2839	2840	2968	2967	2839
9	2840	2841	2969	2968	2840
9	2841	2842	2970	2969	2841
9	2842	2843	2971	2970	2842
9	2843	2844	2972	2971	2843
9	2844	2845	2973	2972	2844
9	2845	2846	2974	2973	2845
9	2846	2847	2975	2974	2846
9	2847	2848	2976	2975	2847
9	2848	2849	2977	2976	2848
9	2849	2850	2978	2977	2849
9	2850	2851	2979	2978	2850
9	2851	2852	2980	2979	2851
9	2852	2853	2981	2980	2852
9	2853	2854	2982	2981	2853
9	2854	2855	2983	2982	2854
9	2855	2856	2984	2983	2855
9	2856	2857	2985	2984	2856
9	2857	2858	2986	2985	2857
9	2858	2859	2987	2986	2858
9	2859	2860	2988	2987	2859
9	2860	2861	2989	2988	2860
9	2861	2862	2990	2989	2861
9	2862	2863	2991	2990	2862
9	2863	2864	2992	2991	2863
9	2864	2865	2993	2992	2864
9	2865	2866	2994	2993	2865
9	2866	2867	2995	2994	2866
9	2867	2868	2996	2995	2867
9	2868	2869	2997	2996	2868
9	2869	2870	2998	2997	2869
9	2870	2871	2999	2998	2870
9	2871	2872	3000	2999	2871
9	2872	2873	3001	3000	2872
9	2873	2874	3002	3001	2873
9	2874	2875	3003	3002	2874
9	2875	2876	3004	3003	2875
9	2876	2877	3005	3004	2876
9	2877	2878	3006	3005	2877
9	2878	2879	3007	3006	2878
9	2879	2880	3008	3007	2879
9	2880	2881	3009	3008	2880
9	2881	2882	3010	3009	2881
9	2882	2883	3011	3010	2882
9	2883	2884	3012	3011	2883
9	2884	2885	3013	3012	2884
9	2885	2886	3014	3013	2885
9	2886	2887	3015	3014	2886
9	2887	2888	3016	3015	2887
9	2888	2889	3017	3016	2888
9	2889	2890	3018	3017	2889
9	2890	2891	3019	3018	2890
9	2891	2892	3020	3019	2891
9	2892	2893	3021	3020	2892
9	2893	2894	3022	3021	2893
9	2894	2895	3023	3022	2894
9	2895	2896	3024	3023	2895
9	2896	2897	3025	3024	2896
9	2897	2898	3026	3025	2897
9	2898	2899	3027	3026	2898
9	2899	2900	3028	3027	2899
9	2900	2901	3029	3028	2900
9	2901	2902	3030	3029	2901
9	2902	2903	3031	3030	2902
9	2903	2904	3032	3031	2903
9	2904	2905	3033	3032	2904
9	2905	2906	3034	3033	2905
9	2906	2907	3035	3034	2906
9	2907	2908	3036	3035	2907
9	2908	2909	3037	3036	2908
9	2909	2910	3038	3037	2909
9	2910	2911	3039	3038	2910
9	2911	2912	3040	3039	2911
9	2912	2913	3041	3040	2912
9	2913	2914	3042	3041	2913
9	2914	2915	3043	3042	2914
9	2915	2916	3044	3043	2915
9	2916	2917	3045	3044	2916
9	2917	2918	3046	3045	2917
9	2918	2919	3047	3046	2918
9	2919	2920	3048	3047	2919
9	2920	2921	3049	3048	2920
9	2921	2922	3050	3049	2921
9	2922	2923	3051	3050	2922
9	2923	2924	3052	3051	2923
9	2924	2925	3053	3052	2924
9	2925	2926	3054	3053	2925
9	2926	2927	3055	3054	2926
9	2927	2928	3056	3055	2927
9	2928	2929	3057	3056	2928
9	2929	2930	3058	3057	2929
9	2930	2931	3059	3058	2930
9	2931	2932	3060	3059	2931
9	2932	2933	3061	3060	2932
9	2933	2934	3062	3061	2933
9	2934	2935	3063	3062	2934
9	2935	2936	3064	3063	2935
9	2936	2937	3065	3064	2936
9	2937	2938	3066	3065	2937
9	2938	2939	3067	3066	2938
9	2939	2940	3068	3067	2939
9	2940	2941	3069	3068	2940
9	2941	2942	3070	3069	2941
9	2942	2943	3071	3070	2942
9	2943	2816	2944	3071	2943
9	2944	2945	3073	3072	2944
9	2945	2946	3074	3073	2945
9	2946	2947	3075	3074	2946
9	2947	2948	3076	3075	2947
9	2948	2949	3077	3076	2948
9	2949	2950	3078	3077	2949
9	2950	2951	3079	3078	2950
9	2951	2952	3080	3079	2951
9	2952	2953	3081	3080	2952
9	2953	2954	3082	3081	2953
9	2954	2955	3083	3082	2954
9	2955	2956	3084	3083	2955
9	2956	2957	3085	3084	2956
9	2957	2958	3086	3085	2957
9	2958	2959	3087	3086	2958
9	2959	2960	3088	3087	2959
9	2960	2961	3089	3088	2960
9	2961	2962	3090	3089	2961
9	2962	2963	3091	3090	2962
9	2963	2964	3092	3091	2963
9	2964	2965	3093	3092	2964
9	2965	2966	3094	3093	2965
9	2966	2967	3095	3094	2966
9	2967	2968	3096	3095	2967
9	2968	2969	3097	3096	2968
9	2969	2970	3098	3097	2969
9	2970	2971	3099	3098	2970
9	2971	2972	3100	3099	2971
9	2972	2973	3101	3100	2972
9	2973	2974	3102	3101	2973
9	2974	2975	3103	3102	2974
9	2975	2976	3104	3103	2975
9	2976	2977	3105	3104	2976
9	2977	2978	3106	3105	2977
9	2978	2979	3107	3106	2978
9	2979	2980	3108	3107	2979
9	2980	2981	3109	3108	2980
9	2981	2982	3110	3109	2981
9	2982	2983	3111	3110	2982
9	2983	2984	3112	3111	2983
9	2984	2985	3113	3112	2984
9	2985	2986	3114	3113	2985
9	2986	2987	3115	3114	2986
9	2987	2988	3116	3115	2987
9	2988	2989	3117	3116	2988
9	2989	2990	3118	3117	2989
9	2990	2991	3119	3118	2990
9	2991	2992	3120	3119	2991
9	2992	2993	3121	3120	2992
9	2993	2994	3122	3121	2993
9	2994	2995	3123	3122	2994
9	2995	2996	3124	3123	2995
9	2996	2997	3125	3124	2996
9	2997	2998	3126	3125	2997
9	2998	2999	3127	3126	2998
9	2999	3000	3128	3127	2999
9	3000	3001	3129	3128	3000
9	3001	3002	3130	3129	3001
9	3002	3003	3131	3130	3002
9	3003	3004	3132	3131	3003
9	3004	3005	3133	3132	3004
9	3005	3006	3134	3133	3005
9	3006	3007	3135	3134	3006
9	3007	3008	3136	3135	3007
9	3008	3009	3137	3136	3008
9	3009	3010	3138	3137	3009
9	3010	3011	3139	3138	3010
9	3011	3012	3140	3139	3011
9	3012	3013	3141	3140	3012
9	3013	3014	3142	3141	3013
9	3014	3015	3143	3142	3014
9	3015	3016	3144	3143	3015
9	3016	3017	3145	3144	3016
9	3017	3018	3146	3145	3017
9	3018	3019	3147	3146	3018
9	3019	3020	3148	3147	3019
9	3020	3021	3149	3148	3020
9	3021	3022	3150	3149	3021
9	3022	3023	3151	3150	3022
9	3023	3024	3152	3151	3023
9	3024	3025	3153	3152	3024
9	3025	3026	3154	3153	3025
9	3026	3027	3155	3154	3026
9	3027	3028	3156	3155	3027
9	3028	3029	3157	3156	3028
9	3029	3030	3158	3157	3029
9	3030	3031	3159	3158	3030
9	3031	3032	3160	3159	3031
9	3032	3033	3161	3160	3032
9	3033	3034	3162	3161	3033
9	3034	3035	3163	3162	3034
9	3035	3036	3164	3163	3035
9	3036	3037	3165	3164	3036
9	3037	3038	3166	3165	3037
9	3038	3039	3167	3166	3038
9	3039	3040	3168	3167	3039
9	3040	3041	3169	3168	3040
9	3041	3042	3170	3169	3041
9	3042	3043	3171	3170	3042
9	3043	3044	3172	3171	3043
9	3044	3045	3173	3172	3044
9	3045	3046	3174	3173	3045
9	3046	3047	3175	3174	3046
9	3047	3048	3176	3175	3047
9	3048	3049	3177	3176	3048
9	3049	3050	3178	3177	3049
9	3050	3051	3179	3178	3050
9	3051	3052	3180	3179	3051
9	3052	3053	3181	3180	3052
9	3053	3054	3182	3181	3053
9	3054	3055	3183	3182	3054
9	3055	3056	3184	3183	3055
9	3056	3057	3185	3184	3056
9	3057	3058	3186	3185	3057
9	3058	3059	3187	3186	3058
9	3059	3060	3188	3187	3059
9	3060	3061	3189	3188	3060
9	3061	3062	3190	3189	3061
9	3062	3063	3191	3190	3062
9	3063	3064	3192	3191	3063
9	3064	3065	3193	3192	3064
9	3065	3066	3194	3193	3065
9	3066	3067	3195	3194	3066
9	3067	3068	3196	3195	3067
9	3068	3069	3197	3196	3068
9	3069	3070	3198	3197	3069
9	3070	3071	3199	3198	3070
9	3071	2944	3072	3199	3071
9	3072	3073	3201	3200	3072
9	3073	3074	3202	3201	3073
9	3074	3075	3203	3202	3074
9	3075	3076	3204	3203	3075
9	3076	3077	3205	3204	3076
9	3077	3078	3206	3205	3077
9	3078	3079	3207	3206	3078
9	3079	3080	3208	3207	3079
9	3080	3081	3209	3208	3080
9	3081	3082	3210	3209	3081
9	3082	3083	3211	3210	3082
9	3083	3084	3212	3211	3083
9	3084	3085	3213	3212	3084
9	3085	3086	3214	3213	3085
9	3086	3087	3215	3214	3086
9	3087	3088	3216	3215	3087
9	3088	3089	3217	3216	3088
9	3089	3090	3218	3217	3089
9	3090	3091	3219	3218	3090
9	3091	3092	3220	3219	3091
9	3092	3093	3221	3220	3092
9	3093	3094	3222	3221	3093
9	3094	3095	3223	3222	3094
9	3095	3096	3224	3223	3095
9	3096	3097	3225	3224	3096
9	3097	3098	3226	3225	3097
9	3098	3099	3227	3226	3098
9	3099	3100	3228	3227	3099
9	3100	3101	3229	3228	3100
9	3101	3102	3230	3229	3101
9	3102	3103	3231	3230	3102
9	3103	3104	3232	3231	3103
9	3104	3105	3233	3232	3104
9	3105	3106	3234	3233	3105
9	3106	3107	3235	3234	3106
9	3107	3108	3236	3235	3107
9	3108	3109	3237	3236	3108
9	3109	3110	3238	3237	3109
9	3110	3111	3239	3238	3110
9	3111	3112	3240	3239	3111
9	3112	3113	3241	3240	3112
9	3113	3114	3242	3241	3113
9	3114	3115	3243	3242	3114
9	3115	3116	3244	3243	3115
9	3116	3117	3245	3244	3116
9	3117	3118	3246	3245	3117
9	3118	3119	3247	3246	3118
9	3119	3120	3248	3247	3119
9	3120	3121	3249	3248	3120
9	3121	3122	3250	3249	3121
9	3122	3123	3251	3250	3122
9	3123	3124	3252	3251	3123
9	3124	3125	3253	3252	3124
9	3125	3126	3254	3253	3125
9	3126	3127	3255	3254	3126
9	3127	3128	3256	3255	3127
9	3128	3129	3257	3256	3128
9	3129	3130	3258	3257	3129
9	3130	3131	3259	3258	3130
9	3131	3132	3260	3259	3131
9	3132	3133	3261	3260	3132
9	3133	3134	3262	3261	3133
9	3134	3135	3263	3262	3134
9	3135	3136	3264	3263	3135
9	3136	3137	3265	3264	3136
9	3137	3138	3266	3265	3137
9	3138	3139	3267	3266	3138
9	3139	3140	3268	3267	3139
9	3140	3141	3269	3268	3140
9	3141	3142	3270	3269	3141
9	3142	3143	3271	3270	3142
9	3143	3144	3272	3271	3143
9	3144	3145	3273	3272	3144
9	3145	3146	3274	3273	3145
9	3146	3147	3275	3274	3146
9	3147	3148	3276	3275	3147
9	3148	3149	3277	3276	3148
9	3149	3150	3278	3277	3149
9	3150	3151	3279	3278	3150
9	3151	3152	3280	3279	3151
9	3152	3153	3281	3280	3152
9	3153	3154	3282	3281	3153
9	3154	3155	3283	3282	3154
9	3155	3156	3284	3283	3155
9	3156	3157	3285	3284	3156
9	3157	3158	3286	3285	3157
9	3158	3159	3287	3286	3158
9	3159	3160	3288	3287	3159
9	3160	3161	3289	3288	3160
9	3161	3162	3290	3289	3161
9	3162	3163	3291	3290	3162
9	3163	3164	3292	3291	3163
9	3164	3165	3293	3292	3164
9	3165	3166	3294	3293	3165
9	3166	3167	3295	3294	3166
9	3167	3168	3296	3295	3167
9	3168	3169	3297	3296	3168
9	3169	3170	3298	3297	3169
9	3170	3171	3299	3298	3170
9	3171	3172	3300	3299	3171
9	3172	3173	3301	3300	3172
9	3173	3174	3302	3301	3173
9	3174	3175	3303	3302	3174
9	3175	3176	3304	3303	3175
9	3176	3177	3305	3304	3176
9	3177	3178	3306	3305	3177
9	3178	3179	3307	3306	3178
9	3179	3180	3308	3307	3179
9	3180	3181	3309	3308	3180
9	3181	3182	3310	3309	3181
9	3182	3183	3311	3310	3182
9	3183	3184	3312	3311	3183
9	3184	3185	3313	3312	3184
9	3185	3186	3314	3313	3185
9	3186	3187	3315	3314	3186
9	3187	3188	3316	3315	3187
9	3188	3189	3317	3316	3188
9	3189	3190	3318	3317	3189
9	3190	3191	3319	3318	3190
9	3191	3192	3320	3319	3191
9	3192	3193	3321	3320	3192
9	3193	3194	3322	3321	3193
9	3194	3195	3323	3322	3194
9	3195	3196	3324	3323	3195
9	3196	3197	3325	3324	3196
9	3197	3198	3326	3325	3197
9	3198	3199	3327	3326	3198
9	3199	3072	3200	3327	3199
9	3200	3201	3329	3328	3200
9	3201	3202	3330	3329	3201
9	3202	3203	3331	3330	3202
9	3203	3204	3332	3331	3203
9	3204	3205	3333	3332	3204
9	3205	3206	3334	3333	3205
9	3206	3207	3335	3334	3206
9	3207	3208	3336	3335	3207
9	3208	3209	3337	3336	3208
9	3209	3210	3338	3337	3209
9	3210	3211	3339	3338	3210
9	3211	3212	3340	3339	3211
9	3212	3213	3341	3340	3212
9	3213	3214	3342	3341	3213
9	3214	3215	3343	3342	3214
9	3215	3216	3344	3343	3215
9	3216	3217	3345	3344	3216
9	3217	3218	3346	3345	3217
9	3218	3219	3347	3346	3218
9	3219	3220	3348	3347	3219
9	3220	3221	3349	3348	3220
9	3221	3222	3350	3349	3221
9	3222	3223	3351	3350	3222
9	3223	3224	3352	3351	3223
9	3224	3225	3353	3352	3224
9	3225	3226	3354	3353	3225
9	3226	3227	3355	3354	3226
9	3227	3228	3356	3355	3227
9	3228	3229	3357	3356	3228
9	3229	3230	3358	3357	3229
9	3230	3231	3359	3358	3230
9	3231	3232	3360	3359	3231
9	3232	3233	3361	3360	3232
9	3233	3234	3362	3361	3233
9	3234	3235	3363	3362	3234
9	3235	3236	3364	3363	3235
9	3236	3237	3365	3364	3236
9	3237	3238	3366	3365	3237
9	3238	3239	3367	3366	3238
9	3239	3240	3368	3367	3239
9	3240	3241	3369	3368	3240
9	3241	3242	3370	3369	3241
9	3242	3243	3371	3370	3242
9	3243	3244	3372	3371	3243
9	3244	3245	3373	3372	3244
9	3245	3246	3374	3373	3245
9	3246	3247	3375	3374	3246
9	3247	3248	3376	3375	3247
9	3248	3249	3377	3376	3248
9	3249	3250	3378	3377	3249
9	3250	3251	3379	3378	3250
9	3251	3252	3380	3379	3251
9	3252	3253	3381	3380	3252
9	3253	3254	3382	3381	3253
9	3254	3255	3383	3382	3254
9	3255	3256	3384	3383	3255
9	3256	3257	3385	3384	3256
9	3257	3258	3386	3385	3257
9	3258	3259	3387	3386	3258
9	3259	3260	3388	3387	3259
9	3260	3261	3389	3388	3260
9	3261	3262	3390	3389	3261
9	3262	3263	3391	3390	3262
9	3263	3264	3392	3391	3263
9	3264	3265	3393	3392	3264
9	3265	3266	3394	3393	3265
9	3266	3267	3395	3394	3266
9	3267	3268	3396	3395	3267
9	3268	3269	3397	3396	3268
9	3269	3270	3398	3397	3269
9	3270	3271	3399	3398	3270
9	3271	3272	3400	3399	3271
9	3272	3273	3401	3400	3272
9	3273	3274	3402	3401	3273
9	3274	3275	3403	3402	3274
9	3275	3276	3404	3403	3275
9	3276	3277	3405	3404	3276
9	3277	3278	3406	3405	3277
9	3278	3279	3407	3406	3278
9	3279	3280	3408	3407	3279
9	3280	3281	3409	3408	3280
9	3281	3282	3410	3409	3281
9	3282	3283	3411	3410	3282
9	3283	3284	3412	3411	3283
9	3284	3285	3413	3412	3284
9	3285	3286	3414	3413	3285
9	3286	3287	3415	3414	3286
9	3287	3288	3416	3415	3287
9	3288	3289	3417	3416	3288
9	3289	3290	3418	3417	3289
9	3290	3291	3419	3418	3290
9	3291	3292	3420	3419	3291
9	3292	3293	3421	3420	3292
9	3293	3294	3422	3421	3293
9	3294	3295	3423	3422	3294
9	3295	3296	3424	3423	3295
9	3296	3297	3425	3424	3296
9	3297	3298	3426	3425	3297
9	3298	3299	3427	3426	3298
9	3299	3300	3428	3427	3299
9	3300	3301	3429	3428	3300
9	3301	3302	3430	3429	3301
9	3302	3303	3431	3430	3302
9	3303	3304	3432	3431	3303
9	3304	3305	3433	3432	3304
9	3305	3306	3434	3433	3305
9	3306	3307	3435	3434	3306
9	3307	3308	3436	3435	3307
9	3308	3309	3437	3436	3308
9	3309	3310	3438	3437	3309
9	3310	3311	3439	3438	3310
9	3311	3312	3440	3439	3311
9	3312	3313	3441	3440	3312
9	3313	3314	3442	3441	3313
9	3314	3315	3443	3442	3314
9	3315	3316	3444	3443	3315
9	3316	3317	3445	3444	3316
9	3317	3318	3446	3445	3317
9	3318	3319	3447	3446	3318
9	3319	3320	3448	3447	3319
9	3320	3321	3449	3448	3320
9	3321	3322	3450	3449	3321
9	3322	3323	3451	3450	3322
9	3323	3324	3452	3451	3323
9	3324	3325	3453	3452	3324
9	3325	3326	3454	3453	3325
9	3326	3327	3455	3454	3326
9	3327	3200	3328	3455	3327
9	3328	3329	3457	3456	3328
9	3329	3330	3458	3457	3329
9	3330	3331	3459	3458	3330
9	3331	3332	3460	3459	3331
9	3332	3333	3461	3460	3332
9	3333	3334	3462	3461	3333
9	3334	3335	3463	3462	3334
9	3335	3336	3464	3463	3335
9	3336	3337	3465	3464	3336
9	3337	3338	3466	3465	3337
9	3338	3339	3467	3466	3338
9	3339	3340	3468	3467	3339
9	3340	3341	3469	3468	3340
9	3341	3342	3470	3469	3341
9	3342	3343	3471	3470	3342
9	3343	3344	3472	3471	3343
9	3344	3345	3473	3472	3344
9	3345	3346	3474	3473	3345
9	3346	3347	3475	3474	3346
9	3347	3348	3476	3475	3347
9	3348	3349	3477	3476	3348
9	3349	3350	3478	3477	3349
9	3350	3351	3479	3478	3350
9	3351	3352	3480	3479	3351
9	3352	3353	3481	3480	3352
9	3353	3354	3482	3481	3353
9	3354	3355	3483	3482	3354
9	3355	3356	3484	3483	3355
9	3356	3357	3485	3484	3356
9	3357	3358	3486	3485	3357
9	3358	3359	3487	3486	3358
9	3359	3360	3488	3487	3359
9	3360	3361	3489	3488	3360
9	3361	3362	3490	3489	3361
9	3362	3363	3491	3490	3362
9	3363	3364	3492	3491	3363
9	3364	3365	3493	3492	3364
9	3365	3366	3494	3493	3365
9	3366	3367	3495	3494	3366
9	3367	3368	3496	3495	3367
9	3368	3369	3497	3496	3368
9	3369	3370	3498	3497	3369
9	3370	3371	3499	3498	3370
9	3371	3372	3500	3499	3371
9	3372	3373	3501	3500	3372
9	3373	3374	3502	3501	3373
9	3374	3375	3503	3502	3374
9	3375	3376	3504	3503	3375
9	3376	3377	3505	3504	3376
9	3377	3378	3506	3505	3377
9	3378	3379	3507	3506	3378
9	3379	3380	3508	3507	3379
9	3380	3381	3509	3508	3380
9	3381	3382	3510	3509	3381
9	3382	3383	3511	3510	3382
9	3383	3384	3512	3511	3383
9	3384	3385	3513	3512	3384
9	3385	3386	3514	3513	3385
9	3386	3387	3515	3514	3386
9	3387	3388	3516	3515	3387
9	3388	3389	3517	3516	3388
9	3389	3390	3518	3517	3389
9	3390	3391	3519	3518	3390
9	3391	3392	3520	3519	3391
9	3392	3393	3521	3520	3392
9	3393	3394	3522	3521	3393
9	3394	3395	3523	3522	3394
9	3395	3396	3524	3523	3395
9	3396	3397	3525	3524	3396
9	3397	3398	3526	3525	3397
9	3398	3399	3527	3526	3398
9	3399	3400	3528	3527	3399
9	3400	3401	3529	3528	3400
9	3401	3402	3530	3529	3401
9	3402	3403	3531	3530	3402
9	3403	3404	3532	3531	3403
9	3404	3405	3533	3532	3404
9	3405	3406	3534	3533	3405
9	3406	3407	3535	3534	3406
9	3407	3408	3536	3535	3407
9	3408	3409	3537	3536	3408
9	3409	3410	3538	3537	3409
9	3410	3411	3539	3538	3410
9	3411	3412	3540	3539	3411
9	3412	3413	3541	3540	3412
9	3413	3414	3542	3541	3413
9	3414	3415	3543	3542	3414
9	3415	3416	3544	3543	3415
9	3416	3417	3545	3544	3416
9	3417	3418	3546	3545	3417
9	3418	3419	3547	3546	3418
9	3419	3420	3548	3547	3419
9	3420	3421	3549	3548	3420
9	3421	3422	3550	3549	3421
9	3422	3423	3551	3550	3422
9	3423	3424	3552	3551	3423
9	3424	3425	3553	3552	3424
9	3425	3426	3554	3553	3425
9	3426	3427	3555	3554	3426
9	3427	3428	3556	3555	3427
9	3428	3429	3557	3556	3428
9	3429	3430	3558	3557	3429
9	3430	3431	3559	3558	3430
9	3431	3432	3560	3559	3431
9	3432	3433	3561	3560	3432
9	3433	3434	3562	3561	3433
9	3434	3435	3563	3562	3434
9	3435	3436	3564	3563	3435
9	3436	3437	3565	3564	3436
9	3437	3438	3566	3565	3437
9	3438	3439	3567	3566	3438
9	3439	3440	3568	3567	3439
9	3440	3441	3569	3568	3440
9	3441	3442	3570	3569	3441
9	3442	3443	3571	3570	3442
9	3443	3444	3572	3571	3443
9	3444	3445	3573	3572	3444
9	3445	3446	3574	3573	3445
9	3446	3447	3575	3574	3446
9	3447	3448	3576	3575	3447
9	3448	3449	3577	3576	3448
9	3449	3450	3578	3577	3449
9	3450	3451	3579	3578	3450
9	3451	3452	3580	3579	3451
9	3452	3453	3581	3580	3452
9	3453	3454	3582	3581	3453
9	3454	3455	3583	3582	3454
9	3455	3328	3456	3583	3455
9	3456	3457	3585	3584	3456
9	3457	3458	3586	3585	3457
9	3458	3459	3587	3586	3458
9	3459	3460	3588	3587	3459
9	3460	3461	3589	3588	3460
9	3461	3462	3590	3589	3461
9	3462	3463	3591	3590	3462
9	3463	3464	3592	3591	3463
9	3464	3465	3593	3592	3464
9	3465	3466	3594	3593	3465
9	3466	3467	3595	3594	3466
9	3467	3468	3596	3595	3467
9	3468	3469	3597	3596	3468
9	3469	3470	3598	3597	3469
9	3470	3471	3599	3598	3470
9	3471	3472	3600	3599	3471
9	3472	3473	3601	3600	3472
9	3473	3474	3602	3601	3473
9	3474	3475	3603	3602	3474
9	3475	3476	3604	3603	3475
9	3476	3477	3605	3604	3476
9	3477	3478	3606	3605	3477
9	3478	3479	3607	3606	3478
9	3479	3480	3608	3607	3479
9	3480	3481	3609	3608	3480
9	3481	3482	3610	3609	3481
9	3482	3483	3611	3610	3482
9	3483	3484	3612	3611	3483
9	3484	3485	3613	3612	3484
9	3485	3486	3614	3613	3485
9	3486	3487	3615	3614	3486
9	3487	3488	3616	3615	3487
9	3488	3489	3617	3616	3488
9	3489	3490	3618	3617	3489
9	3490	3491	3619	3618	3490
9	3491	3492	3620	3619	3491
9	3492	3493	3621	3620	3492
9	3493	3494	3622	3621	3493
9	3494	3495	3623	3622	3494
9	3495	3496	3624	3623	3495
9	3496	3497	3625	3624	3496
9	3497	3498	3626	3625	3497
9	3498	3499	3627	3626	3498
9	3499	3500	3628	3627	3499
9	3500	3501	3629	3628	3500
9	3501	3502	3630	3629	3501
9	3502	3503	3631	3630	3502
9	3503	3504	3632	3631	3503
9	3504	3505	3633	3632	3504
9	3505	3506	3634	3633	3505
9	3506	3507	3635	3634	3506
9	3507	3508	3636	3635	3507
9	3508	3509	3637	3636	3508
9	3509	3510	3638	3637	3509
9	3510	3511	3639	3638	3510
9	3511	3512	3640	3639	3511
9	3512	3513	3641	3640	3512
9	3513	3514	3642	3641	3513
9	3514	3515	3643	3642	3514
9	3515	3516	3644	3643	3515
9	3516	3517	3645	3644	3516
9	3517	3518	3646	3645	3517
9	3518	3519	3647	3646	3518
9	3519	3520	3648	3647	3519
9	3520	3521	3649	3648	3520
9	3521	3522	3650	3649	3521
9	3522	3523	3651	3650	3522
9	3523	3524	3652	3651	3523
9	3524	3525	3653	3652	3524
9	3525	3526	3654	3653	3525
9	3526	3527	3655	3654	3526
9	3527	3528	3656	3655	3527
9	3528	3529	3657	3656	3528
9	3529	3530	3658	3657	3529
9	3530	3531	3659	3658	3530
9	3531	3532	3660	3659	3531
9	3532	3533	3661	3660	3532
9	3533	3534	3662	3661	3533
9	3534	3535	3663	3662	3534
9	3535	3536	3664	3663	3535
9	3536	3537	3665	3664	3536
9	3537	3538	3666	3665	3537
9	3538	3539	3667	3666	3538
9	3539	3540	3668	3667	3539
9	3540	3541	3669	3668	3540
9	3541	3542	3670	3669	3541
9	3542	3543	3671	3670	3542
9	3543	3544	3672	3671	3543
9	3544	3545	3673	3672	3544
9	3545	3546	3674	3673	3545
9	3546	3547	3675	3674	3546
9	3547	3548	3676	3675	3547
9	3548	3549	3677	3676	3548
9	3549	3550	3678	3677	3549
9	3550	3551	3679	3678	3550
9	3551	3552	3680	3679	3551
9	3552	3553	3681	3680	3552
9	3553	3554	3682	3681	3553
9	3554	3555	3683	3682	3554
9	3555	3556	3684	3683	3555
9	3556	3557	3685	3684	3556
9	3557	3558	3686	3685	3557
9	3558	3559	3687	3686	3558
9	3559	3560	3688	3687	3559
9	3560	3561	3689	3688	3560
9	3561	3562	3690	3689	3561
9	3562	3563	3691	3690	3562
9	3563	3564	3692	3691	3563
9	3564	3565	3693	3692	3564
9	3565	3566	3694	3693	3565
9	3566	3567	3695	3694	3566
9	3567	3568	3696	3695	3567
9	3568	3569	3697	3696	3568
9	3569	3570	3698	3697	3569
9	3570	3571	3699	3698	3570
9	3571	3572	3700	3699	3571
9	3572	3573	3701	3700	3572
9	3573	3574	3702	3701	3573
9	3574	3575	3703	3702	3574
9	3575	3576	3704	3703	3575
9	3576	3577	3705	3704	3576
9	3577	3578	3706	3705	3577
9	3578	3579	3707	3706	3578
9	3579	3580	3708	3707	3579
9	3580	3581	3709	3708	3580
9	3581	3582	3710	3709	3581
9	3582	3583	3711	3710	3582
9	3583	3456	3584	3711	3583
9	3584	3585	3713	3712	3584
9	3585	3586	3714	3713	3585
9	3586	3587	3715	3714	3586
9	3587	3588	3716	3715	3587
9	3588	3589	3717	3716	3588
9	3589	3590	3718	3717	3589
9	3590	3591	3719	3718	3590
9	3591	3592	3720	3719	3591
9	3592	3593	3721	3720	3592
9	3593	3594	3722	3721	3593
9	3594	3595	3723	3722	3594
9	3595	3596	3724	3723	3595
9	3596	3597	3725	3724	3596
9	3597	3598	3726	3725	3597
9	3598	3599	3727	3726	3598
9	3599	3600	3728	3727	3599
9	3600	3601	3729	3728	3600
9	3601	3602	3730	3729	3601
9	3602	3603	3731	3730	3602
9	3603	3604	3732	3731	3603
9	3604	3605	3733	3732	3604
9	3605	3606	3734	3733	3605
9	3606	3607	3735	3734	3606
9	3607	3608	3736	3735	3607
9	3608	3609	3737	3736	3608
9	3609	3610	3738	3737	3609
9	3610	3611	3739	3738	3610
9	3611	3612	3740	3739	3611
9	3612	3613	3741	3740	3612
9	3613	3614	3742	3741	3613
9	3614	3615	3743	3742	3614
9	3615	3616	3744	3743	3615
9	3616	3617	3745	3744	3616
9	3617	3618	3746	3745	3617
9	3618	3619	3747	3746	3618
9	3619	3620	3748	3747	3619
9	3620	3621	3749	3748	3620
9	3621	3622	3750	3749	3621
9	3622	3623	3751	3750	3622
9	3623	3624	3752	3751	3623
9	3624	3625	3753	3752	3624
9	3625	3626	3754	3753	3625
9	3626	3627	3755	3754	3626
9	3627	3628	3756	3755	3627
9	3628	3629	3757	3756	3628
9	3629	3630	3758	3757	3629
9	3630	3631	3759	3758	3630
9	3631	3632	3760	3759	3631
9	3632	3633	3761	3760	3632
9	3633	3634	3762	3761	3633
9	3634	3635	3763	3762	3634
9	3635	3636	3764	3763	3635
9	3636	3637	3765	3764	3636
9	3637	3638	3766	3765	3637
9	3638	3639	3767	3766	3638
9	3639	3640	3768	3767	3639
9	3640	3641	3769	3768	3640
9	3641	3642	3770	3769	3641
9	3642	3643	3771	3770	3642
9	3643	3644	3772	3771	3643
9	3644	3645	3773	3772	3644
9	3645	3646	3774	3773	3645
9	3646	3647	3775	3774	3646
9	3647	3648	3776	3775	3647
9	3648	3649	3777	3776	3648
9	3649	3650	3778	3777	3649
9	3650	3651	3779	3778	3650
9	3651	3652	3780	3779	3651
9	3652	3653	3781	3780	3652
9	3653	3654	3782	3781	3653
9	3654	3655	3783	3782	3654
9	3655	3656	3784	3783	3655
9	3656	3657	3785	3784	3656
9	3657	3658	3786	3785	3657
9	3658	3659	3787	3786	3658
9	3659	3660	3788	3787	3659
9	3660	3661	3789	3788	3660
9	3661	3662	3790	3789	3661
9	3662	3663	3791	3790	3662
9	3663	3664	3792	3791	3663
9	3664	3665	3793	3792	3664
9	3665	3666	3794	3793	3665
9	3666	3667	3795	3794	3666
9	3667	3668	3796	3795	3667
9	3668	3669	3797	3796	3668
9	3669	3670	3798	3797	3669
9	3670	3671	3799	3798	3670
9	3671	3672	3800	3799	3671
9	3672	3673	3801	3800	3672
9	3673	3674	3802	3801	3673
9	3674	3675	3803	3802	3674
9	3675	3676	3804	3803	3675
9	3676	3677	3805	3804	3676
9	3677	3678	3806	3805	3677
9	3678	3679	3807	3806	3678
9	3679	3680	3808	3807	3679
9	3680	3681	3809	3808	3680
9	3681	3682	3810	3809	3681
9	3682	3683	3811	3810	3682
9	3683	3684	3812	3811	3683
9	3684	3685	3813	3812	3684
9	3685	3686	3814	3813	3685
9	3686	3687	3815	3814	3686
9	3687	3688	3816	3815	3687
9	3688	3689	3817	3816	3688
9	3689	3690	3818	3817	3689
9	3690	3691	3819	3818	3690
9	3691	3692	3820	3819	3691
9	3692	3693	3821	3820	3692
9	3693	3694	3822	3821	3693
9	3694	3695	3823	3822	3694
9	3695	3696	3824	3823	3695
9	3696	3697	3825	3824	3696
9	3697	3698	3826	3825	3697
9	3698	3699	3827	3826	3698
9	3699	3700	3828	3827	3699
9	3700	3701	3829	3828	3700
9	3701	3702	3830	3829	3701
9	3702	3703	3831	3830	3702
9	3703	3704	3832	3831	3703
9	3704	3705	3833	3832	3704
9	3705	3706	3834	3833	3705
9	3706	3707	3835	3834	3706
9	3707	3708	3836	3835	3707
9	3708	3709	3837	3836	3708
9	3709	3710	3838	3837	3709
9	3710	3711	3839	3838	3710
9	3711	3584	3712	3839	3711
9	3712	3713	3841	3840	3712
9	3713	3714	3842	3841	3713
9	3714	3715	3843	3842	3714
9	3715	3716	3844	3843	3715
9	3716	3717	3845	3844	3716
9	3717	3718	3846	3845	3717
9	3718	3719	3847	3846	3718
9	3719	3720	3848	3847	3719
9	3720	3721	3849	3848	3720
9	3721	3722	3850	3849	3721
9	3722	3723	3851	3850	3722
9	3723	3724	3852	3851	3723
9	3724	3725	3853	3852	3724
9	3725	3726	3854	3853	3725
9	3726	3727	3855	3854	3726
9	3727	3728	3856	3855	3727
9	3728	3729	3857	3856	3728
9	3729	3730	3858	3857	3729
9	3730	3731	3859	3858	3730
9	3731	3732	3860	3859	3731
9	3732	3733	3861	3860	3732
9	3733	3734	3862	3861	3733
9	3734	3735	3863	3862	3734
9	3735	3736	3864	3863	3735
9	3736	3737	3865	3864	3736
9	3737	3738	3866	3865	3737
9	3738	3739	3867	3866	3738
9	3739	3740	3868	3867	3739
9	3740	3741	3869	3868	3740
9	3741	3742	3870	3869	3741
9	3742	3743	3871	3870	3742
9	3743	3744	3872	3871	3743
9	3744	3745	3873	3872	3744
9	3745	3746	3874	3873	3745
9	3746	3747	3875	3874	3746
9	3747	3748	3876	3875	3747
9	3748	3749	3877	3876	3748
9	3749	3750	3878	3877	3749
9	3750	3751	3879	3878	3750
9	3751	3752	3880	3879	3751
9	3752	3753	3881	3880	3752
9	3753	3754	3882	3881	3753
9	3754	3755	3883	3882	3754
9	3755	3756	3884	3883	3755
9	3756	3757	3885	3884	3756
9	3757	3758	3886	3885	3757
9	3758	3759	3887	3886	3758
9	3759	3760	3888	3887	3759
9	3760	3761	3889	3888	3760
9	3761	3762	3890	3889	3761
9	3762	3763	3891	3890	3762
9	3763	3764	3892	3891	3763
9	3764	3765	3893	3892	3764
9	3765	3766	3894	3893	3765
9	3766	3767	3895	3894	3766
9	3767	3768	3896	3895	3767
9	3768	3769	3897	3896	3768
9	3769	3770	3898	3897	3769
9	3770	3771	3899	3898	3770
9	3771	3772	3900	3899	3771
9	3772	3773	3901	3900	3772
9	3773	3774	3902	3901	3773
9	3774	3775	3903	3902	3774
9	3775	3776	3904	3903	3775
9	3776	3777	3905	3904	3776
9	3777	3778	3906	3905	3777
9	3778	3779	3907	3906	3778
9	3779	3780	3908	3907	3779
9	3780	3781	3909	3908	3780
9	3781	3782	3910	3909	3781
9	3782	3783	3911	3910	3782
9	3783	3784	3912	3911	3783
9	3784	3785	3913	3912	3784
9	3785	3786	3914	3913	3785
9	3786	3787	3915	3914	3786
9	3787	3788	3916	3915	3787
9	3788	3789	3917	3916	3788
9	3789	3790	3918	3917	3789
9	3790	3791	3919	3918	3790
9	3791	3792	3920	3919	3791
9	3792	3793	3921	3920	3792
9	3793	3794	3922	3921	3793
9	3794	3795	3923	3922	3794
9	3795	3796	3924	3923	3795
9	3796	3797	3925	3924	3796
9	3797	3798	3926	3925	3797
9	3798	3799	3927	3926	3798
9	3799	3800	3928	3927	3799
9	3800	3801	3929	3928	3800
9	3801	3802	3930	3929	3801
9	3802	3803	3931	3930	3802
9	3803	3804	3932	3931	3803
9	3804	3805	3933	3932	3804
9	3805	3806	3934	3933	3805
9	3806	3807	3935	3934	3806
9	3807	3808	3936	3935	3807
9	3808	3809	3937	3936	3808
9	3809	3810	3938	3937	3809
9	3810	3811	3939	3938	3810
9	3811	3812	3940	3939	3811
9	3812	3813	3941	3940	3812
9	3813	3814	3942	3941	3813
9	3814	3815	3943	3942	3814
9	3815	3816	3944	3943	3815
9	3816	3817	3945	3944	3816
9	3817	3818	3946	3945	3817
9	3818	3819	3947	3946	3818
9	3819	3820	3948	3947	3819
9	3820	3821	3949	3948	3820
9	3821	3822	3950	3949	3821
9	3822	3823	3951	3950	3822
9	3823	3824	3952	3951	3823
9	3824	3825	3953	3952	3824
9	3825	3826	3954	3953	3825
9	3826	3827	3955	3954	3826
9	3827	3828	3956	3955	3827
9	3828	3829	3957	3956	3828
9	3829	3830	3958	3957	3829
9	3830	3831	3959	3958	3830
9	3831	3832	3960	3959	3831
9	3832	3833	3961	3960	3832
9	3833	3834	3962	3961	3833
9	3834	3835	3963	3962	3834
9	3835	3836	3964	3963	3835
9	3836	3837	3965	3964	3836
9	3837	3838	3966	3965	3837
9	3838	3839	3967	3966	3838
9	3839	3712	3840	3967	3839
9	3840	3841	3969	3968	3840
9	3841	3842	3970	3969	3841
9	3842	3843	3971	3970	3842
9	3843	3844	3972	3971	3843
9	3844	3845	3973	3972	3844
9	3845	3846	3974	3973	3845
9	3846	3847	3975	3974	3846
9	3847	3848	3976	3975	3847
9	3848	3849	3977	3976	3848
9	3849	3850	3978	3977	3849
9	3850	3851	3979	3978	3850
9	3851	3852	3980	3979	3851
9	3852	3853	3981	3980	3852
9	3853	3854	3982	3981	3853
9	3854	3855	3983	3982	3854
9	3855	3856	3984	3983	3855
9	3856	3857	3985	3984	3856
9	3857	3858	3986	3985	3857
9	3858	3859	3987	3986	3858
9	3859	3860	3988	3987	3859
9	3860	3861	3989	3988	3860
9	3861	3862	3990	3989	3861
9	3862	3863	3991	3990	3862
9	3863	3864	3992	3991	3863
9	3864	3865	3993	3992	3864
9	3865	3866	3994	3993	3865
9	3866	3867	3995	3994	3866
9	3867	3868	3996	3995	3867
9	3868	3869	3997	3996	3868
9	3869	3870	3998	3997	3869
9	3870	3871	3999	3998	3870
9	3871	3872	4000	3999	3871
9	3872	3873	4001	4000	3872
9	3873	3874	4002	4001	3873
9	3874	3875	4003	4002	3874
9	3875	3876	4004	4003	3875
9	3876	3877	4005	4004	3876
9	3877	3878	4006	4005	3877
9	3878	3879	4007	4006	3878
9	3879	3880	4008	4007	3879
9	3880	3881	4009	4008	3880
9	3881	3882	4010	4009	3881
9	3882	3883	4011	4010	3882
9	3883	3884	4012	4011	3883
9	3884	3885	4013	4012	3884
9	3885	3886	4014	4013	3885
9	3886	3887	4015	4014	3886
9	3887	3888	4016	4015	3887
9	3888	3889	4017	4016	3888
9	3889	3890	4018	4017	3889
9	3890	3891	4019	4018	3890
9	3891	3892	4020	4019	3891
9	3892	3893	4021	4020	3892
9	3893	3894	4022	4021	3893
9	3894	3895	4023	4022	3894
9	3895	3896	4024	4023	3895
9	3896	3897	4025	4024	3896
9	3897	3898	4026	4025	3897
9	3898	3899	4027	4026	3898
9	3899	3900	4028	4027	3899
9	3900	3901	4029	4028	3900
9	3901	3902	4030	4029	3901
9	3902	3903	4031	4030	3902
9	3903	3904	4032	4031	3903
9	3904	3905	4033	4032	3904
9	3905	3906	4034	4033	3905
9	3906	3907	4035	4034	3906
9	3907	3908	4036	4035	3907
9	3908	3909	4037	4036	3908
9	3909	3910	4038	4037	3909
9	3910	3911	4039	4038	3910
9	3911	3912	4040	4039	3911
9	3912	3913	4041	4040	3912
9	3913	3914	4042	4041	3913
9	3914	3915	4043	4042	3914
9	3915	3916	4044	4043	3915
9	3916	3917	4045	4044	3916
9	3917	3918	4046	4045	3917
9	3918	3919	4047	4046	3918
9	3919	3920	4048	4047	3919
9	3920	3921	4049	4048	3920
9	3921	3922	4050	4049	3921
9	3922	3923	4051	4050	3922
9	3923	3924	4052	4051	3923
9	3924	3925	4053	4052	3924
9	3925	3926	4054	4053	3925
9	3926	3927	4055	4054	3926
9	3927	3928	4056	4055	3927
9	3928	3929	4057	4056	3928
9	3929	3930	4058	4057	3929
9	3930	3931	4059	4058	3930
9	3931	3932	4060	4059	3931
9	3932	3933	4061	4060	3932
9	3933	3934	4062	4061	3933
9	3934	3935	4063	4062	3934
9	3935	3936	4064	4063	3935
9	3936	3937	4065	4064	3936
9	3937	3938	4066	4065	3937
9	3938	3939	4067	4066	3938
9	3939	3940	4068	4067	3939
9	3940	3941	4069	4068	3940
9	3941	3942	4070	4069	3941
9	3942	3943	4071	4070	3942
9	3943	3944	4072	4071	3943
9	3944	3945	4073	4072	3944
9	3945	3946	4074	4073	3945
9	3946	3947	4075	4074	3946
9	3947	3948	4076	4075	3947
9	3948	3949	4077	4076	3948
9	3949	3950	4078	4077	3949
9	3950	3951	4079	4078	3950
9	3951	3952	4080	4079	3951
9	3952	3953	4081	4080	3952
9	3953	3954	4082	4081	3953
9	3954	3955	4083	4082	3954
9	3955	3956	4084	4083	3955
9	3956	3957	4085	4084	3956
9	3957	3958	4086	4085	3957
9	3958	3959	4087	4086	3958
9	3959	3960	4088	4087	3959
9	3960	3961	4089	4088	3960
9	3961	3962	4090	4089	3961
9	3962	3963	4091	4090	3962
9	3963	3964	4092	4091	3963
9	3964	3965	4093	4092	3964
9	3965	3966	4094	4093	3965
9	3966	3967	4095	4094	3966
9	3967	3840	3968	4095	3967
9	3968	3969	4097	4096	3968
9	3969	3970	4098	4097	3969
9	3970	3971	4099	4098	3970
9	3971	3972	4100	4099	3971
9	3972	3973	4101	4100	3972
9	3973	3974	4102	4101	3973
9	3974	3975	4103	4102	3974
9	3975	3976	4104	4103	3975
9	3976	3977	4105	4104	3976
9	3977	3978	4106	4105	3977
9	3978	3979	4107	4106	3978
9	3979	3980	4108	4107	3979
9	3980	3981	4109	4108	3980
9	3981	3982	4110	4109	3981
9	3982	3983	4111	4110	3982
9	3983	3984	4112	4111	3983
9	3984	3985	4113	4112	3984
9	3985	3986	4114	4113	3985
9	3986	3987	4115	4114	3986
9	3987	3988	4116	4115	3987
9	3988	3989	4117	4116	3988
9	3989	3990	4118	4117	3989
9	3990	3991	4119	4118	3990
9	3991	3992	4120	4119	3991
9	3992	3993	4121	4120	3992
9	3993	3994	4122	4121	3993
9	3994	3995	4123	4122	3994
9	3995	3996	4124	4123	3995
9	3996	3997	4125	4124	3996
9	3997	3998	4126	4125	3997
9	3998	3999	4127	4126	3998
9	3999	4000	4128	4127	3999
9	4000	4001	4129	4128	4000
9	4001	4002	4130	4129	4001
9	4002	4003	4131	4130	4002
9	4003	4004	4132	4131	4003
9	4004	4005	4133	4132	4004
9	4005	4006	4134	4133	4005
9	4006	4007	4135	4134	4006
9	4007	4008	4136	4135	4007
9	4008	4009	4137	4136	4008
9	4009	4010	4138	4137	4009
9	4010	4011	4139	4138	4010
9	4011	4012	4140	4139	4011
9	4012	4013	4141	4140	4012
9	4013	4014	4142	4141	4013
9	4014	4015	4143	4142	4014
9	4015	4016	4144	4143	4015
9	4016	4017	4145	4144	4016
9	4017	4018	4146	4145	4017
9	4018	4019	4147	4146	4018
9	4019	4020	4148	4147	4019
9	4020	4021	4149	4148	4020
9	4021	4022	4150	4149	4021
9	4022	4023	4151	4150	4022
9	4023	4024	4152	4151	4023
9	4024	4025	4153	4152	4024
9	4025	4026	4154	4153	4025
9	4026	4027	4155	4154	4026
9	4027	4028	4156	4155	4027
9	4028	4029	4157	4156	4028
9	4029	4030	4158	4157	4029
9	4030	4031	4159	4158	4030
9	4031	4032	4160	4159	4031
9	4032	4033	4161	4160	4032
9	4033	4034	4162	4161	4033
9	4034	4035	4163	4162	4034
9	4035	4036	4164	4163	4035
9	4036	4037	4165	4164	4036
9	4037	4038	4166	4165	4037
9	4038	4039	4167	4166	4038
9	4039	4040	4168	4167	4039
9	4040	4041	4169	4168	4040
9	4041	4042	4170	4169	4041
9	4042	4043	4171	4170	4042
9	4043	4044	4172	4171	4043
9	4044	4045	4173	4172	4044
9	4045	4046	4174	4173	4045
9	4046	4047	4175	4174	4046
9	4047	4048	4176	4175	4047
9	4048	4049	4177	4176	4048
9	4049	4050	4178	4177	4049
9	4050	4051	4179	4178	4050
9	4051	4052	4180	4179	4051
9	4052	4053	4181	4180	4052
9	4053	4054	4182	4181	4053
9	4054	4055	4183	4182	4054
9	4055	4056	4184	4183	4055
9	4056	4057	4185	4184	4056
9	4057	4058	4186	4185	4057
9	4058	4059	4187	4186	4058
9	4059	4060	4188	4187	4059
9	4060	4061	4189	4188	4060
9	4061	4062	4190	4189	4061
9	4062	4063	4191	4190	4062
9	4063	4064	4192	4191	4063
9	4064	4065	4193	4192	4064
9	4065	4066	4194	4193	4065
9	4066	4067	4195	4194	4066
9	4067	4068	4196	4195	4067
9	4068	4069	4197	4196	4068
9	4069	4070	4198	4197	4069
9	4070	4071	4199	4198	4070
9	4071	4072	4200	4199	4071
9	4072	4073	4201	4200	4072
9	4073	4074	4202	4201	4073
9	4074	4075	4203	4202	4074
9	4075	4076	4204	4203	4075
9	4076	4077	4205	4204	4076
9	4077	4078	4206	4205	4077
9	4078	4079	4207	4206	4078
9	4079	4080	4208	4207	4079
9	4080	4081	4209	4208	4080
9	4081	4082	4210	4209	4081
9	4082	4083	4211	4210	4082
9	4083	4084	4212	4211	4083
9	4084	4085	4213	4212	4084
9	4085	4086	4214	4213	4085
9	4086	4087	4215	4214	4086
9	4087	4088	4216	4215	4087
9	4088	4089	4217	4216	4088
9	4089	4090	4218	4217	4089
9	4090	4091	4219	4218	4090
9	4091	4092	4220	4219	4091
9	4092	4093	4221	4220	4092
9	4093	4094	4222	4221	4093
9	4094	4095	4223	4222	4094
9	4095	3968	4096	4223	4095
9	4096	4097	4225	4224	4096
9	4097	4098	4226	4225	4097
9	4098	4099	4227	4226	4098
9	4099	4100	4228	4227	4099
9	4100	4101	4229	4228	4100
9	4101	4102	4230	4229	4101
9	4102	4103	4231	4230	4102
9	4103	4104	4232	4231	4103
9	4104	4105	4233	4232	4104
9	4105	4106	4234	4233	4105
9	4106	4107	4235	4234	4106
9	4107	4108	4236	4235	4107
9	4108	4109	4237	4236	4108
9	4109	4110	4238	4237	4109
9	4110	4111	4239	4238	4110
9	4111	4112	4240	4239	4111
9	4112	4113	4241	4240	4112
9	4113	4114	4242	4241	4113
9	4114	4115	4243	4242	4114
9	4115	4116	4244	4243	4115
9	4116	4117	4245	4244	4116
9	4117	4118	4246	4245	4117
9	4118	4119	4247	4246	4118
9	4119	4120	4248	4247	4119
9	4120	4121	4249	4248	4120
9	4121	4122	4250	4249	4121
9	4122	4123	4251	4250	4122
9	4123	4124	4252	4251	4123
9	4124	4125	4253	4252	4124
9	4125	4126	4254	4253	4125
9	4126	4127	4255	4254	4126
9	4127	4128	4256	4255	4127
9	4128	4129	4257	4256	4128
9	4129	4130	4258	4257	4129
9	4130	4131	4259	4258	4130
9	4131	4132	4260	4259	4131
9	4132	4133	4261	4260	4132
9	4133	4134	4262	4261	4133
9	4134	4135	4263	4262	4134
9	4135	4136	4264	4263	4135
9	4136	4137	4265	4264	4136
9	4137	4138	4266	4265	4137
9	4138	4139	4267	4266	4138
9	4139	4140	4268	4267	4139
9	4140	4141	4269	4268	4140
9	4141	4142	4270	4269	4141
9	4142	4143	4271	4270	4142
9	4143	4144	4272	4271	4143
9	4144	4145	4273	4272	4144
9	4145	4146	4274	4273	4145
9	4146	4147	4275	4274	4146
9	4147	4148	4276	4275	4147
9	4148	4149	4277	4276	4148
9	4149	4150	4278	4277	4149
9	4150	4151	4279	4278	4150
9	4151	4152	4280	4279	4151
9	4152	4153	4281	4280	4152
9	4153	4154	4282	4281	4153
9	4154	4155	4283	4282	4154
9	4155	4156	4284	4283	4155
9	4156	4157	4285	4284	4156
9	4157	4158	4286	4285	4157
9	4158	4159	4287	4286	4158
9	4159	4160	4288	4287	4159
9	4160	4161	4289	4288	4160
9	4161	4162	4290	4289	4161
9	4162	4163	4291	4290	4162
9	4163	4164	4292	4291	4163
9	4164	4165	4293	4292	4164
9	4165	4166	4294	4293	4165
9	4166	4167	4295	4294	4166
9	4167	4168	4296	4295	4167
9	4168	4169	4297	4296	4168
9	4169	4170	4298	4297	4169
9	4170	4171	4299	4298	4170
9	4171	4172	4300	4299	4171
9	4172	4173	4301	4300	4172
9	4173	4174	4302	4301	4173
9	4174	4175	4303	4302	4174
9	4175	4176	4304	4303	4175
9	4176	4177	4305	4304	4176
9	4177	4178	4306	4305	4177
9	4178	4179	4307	4306	4178
9	4179	4180	4308	4307	4179
9	4180	4181	4309	4308	4180
9	4181	4182	4310	4309	4181
9	4182	4183	4311	4310	4182
9	4183	4184	4312	4311	4183
9	4184	4185	4313	4312	4184
9	4185	4186	4314	4313	4185
9	4186	4187	4315	4314	4186
9	4187	4188	4316	4315	4187
9	4188	4189	4317	4316	4188
9	4189	4190	4318	4317	4189
9	4190	4191	4319	4318	4190
9	4191	4192	4320	4319	4191
9	4192	4193	4321	4320	4192
9	4193	4194	4322	4321	4193
9	4194	4195	4323	4322	4194
9	4195	4196	4324	4323	4195
9	4196	4197	4325	4324	4196
9	4197	4198	4326	4325	4197
9	4198	4199	4327	4326	4198
9	4199	4200	4328	4327	4199
9	4200	4201	4329	4328	4200
9	4201	4202	4330	4329	4201
9	4202	4203	4331	4330	4202
9	4203	4204	4332	4331	4203
9	4204	4205	4333	4332	4204
9	4205	4206	4334	4333	4205
9	4206	4207	4335	4334	4206
9	4207	4208	4336	4335	4207
9	4208	4209	4337	4336	4208
9	4209	4210	4338	4337	4209
9	4210	4211	4339	4338	4210
9	4211	4212	4340	4339	4211
9	4212	4213	4341	4340	4212
9	4213	4214	4342	4341	4213
9	4214	4215	4343	4342	4214
9	4215	4216	4344	4343	4215
9	4216	4217	4345	4344	4216
9	4217	4218	4346	4345	4217
9	4218	4219	4347	4346	4218
9	4219	4220	4348	4347	4219
9	4220	4221	4349	4348	4220
9	4221	4222	4350	4349	4221
9	4222	4223	4351	4350	4222
9	4223	4096	4224	4351	4223
9	4224	4225	4353	4352	4224
9	4225	4226	4354	4353	4225
9	4226	4227	4355	4354	4226
9	4227	4228	4356	4355	4227
9	4228	4229	4357	4356	4228
9	4229	4230	4358	4357	4229
9	4230	4231	4359	4358	4230
9	4231	4232	4360	4359	4231
9	4232	4233	4361	4360	4232
9	4233	4234	4362	4361	4233
9	4234	4235	4363	4362	4234
9	4235	4236	4364	4363	4235
9	4236	4237	4365	4364	4236
9	4237	4238	4366	4365	4237
9	4238	4239	4367	4366	4238
9	4239	4240	4368	4367	4239
9	4240	4241	4369	4368	4240
9	4241	4242	4370	4369	4241
9	4242	4243	4371	4370	4242
9	4243	4244	4372	4371	4243
9	4244	4245	4373	4372	4244
9	4245	4246	4374	4373	4245
9	4246	4247	4375	4374	4246
9	4247	4248	4376	4375	4247
9	4248	4249	4377	4376	4248
9	4249	4250	4378	4377	4249
9	4250	4251	4379	4378	4250
9	4251	4252	4380	4379	4251
9	4252	4253	4381	4380	4252
9	4253	4254	4382	4381	4253
9	4254	4255	4383	4382	4254
9	4255	4256	4384	4383	4255
9	4256	4257	4385	4384	4256
9	4257	4258	4386	4385	4257
9	4258	4259	4387	4386	4258
9	4259	4260	4388	4387	4259
9	4260	4261	4389	4388	4260
9	4261	4262	4390	4389	4261
9	4262	4263	4391	4390	4262
9	4263	4264	4392	4391	4263
9	4264	4265	4393	4392	4264
9	4265	4266	4394	4393	4265
9	4266	4267	4395	4394	4266
9	4267	4268	4396	4395	4267
9	4268	4269	4397	4396	4268
9	4269	4270	4398	4397	4269
9	4270	4271	4399	4398	4270
9	4271	4272	4400	4399	4271
9	4272	4273	4401	4400	4272
9	4273	4274	4402	4401	4273
9	4274	4275	4403	4402	4274
9	4275	4276	4404	4403	4275
9	4276	4277	4405	4404	4276
9	4277	4278	4406	4405	4277
9	4278	4279	4407	4406	4278
9	4279	4280	4408	4407	4279
9	4280	4281	4409	4408	4280
9	4281	4282	4410	4409	4281
9	4282	4283	4411	4410	4282
9	4283	4284	4412	4411	4283
9	4284	4285	4413	4412	4284
9	4285	4286	4414	4413	4285
9	4286	4287	4415	4414	4286
9	4287	4288	4416	4415	4287
9	4288	4289	4417	4416	4288
9	4289	4290	4418	4417	4289
9	4290	4291	4419	4418	4290
9	4291	4292	4420	4419	4291
9	4292	4293	4421	4420	4292
9	4293	4294	4422	4421	4293
9	4294	4295	4423	4422	4294
9	4295	4296	4424	4423	4295
9	4296	4297	4425	4424	4296
9	4297	4298	4426	4425	4297
9	4298	4299	4427	4426	4298
9	4299	4300	4428	4427	4299
9	4300	4301	4429	4428	4300
9	4301	4302	4430	4429	4301
9	4302	4303	4431	4430	4302
9	4303	4304	4432	4431	4303
9	4304	4305	4433	4432	4304
9	4305	4306	4434	4433	4305
9	4306	4307	4435	4434	4306
9	4307	4308	4436	4435	4307
9	4308	4309	4437	4436	4308
9	4309	4310	4438	4437	4309
9	4310	4311	4439	4438	4310
9	4311	4312	4440	4439	4311
9	4312	4313	4441	4440	4312
9	4313	4314	4442	4441	4313
9	4314	4315	4443	4442	4314
9	4315	4316	4444	4443	4315
9	4316	4317	4445	4444	4316
9	4317	4318	4446	4445	4317
9	4318	4319	4447	4446	4318
9	4319	4320	4448	4447	4319
9	4320	4321	4449	4448	4320
9	4321	4322	4450	4449	4321
9	4322	4323	4451	4450	4322
9	4323	4324	4452	4451	4323
9	4324	4325	4453	4452	4324
9	4325	4326	4454	4453	4325
9	4326	4327	4455	4454	4326
9	4327	4328	4456	4455	4327
9	4328	4329	4457	4456	4328
9	4329	4330	4458	4457	4329
9	4330	4331	4459	4458	4330
9	4331	4332	4460	4459	4331
9	4332	4333	4461	4460	4332
9	4333	4334	4462	4461	4333
9	4334	4335	4463	4462	4334
9	4335	4336	4464	4463	4335
9	4336	4337	4465	4464	4336
9	4337	4338	4466	4465	4337
9	4338	4339	4467	4466	4338
9	4339	4340	4468	4467	4339
9	4340	4341	4469	4468	4340
9	4341	4342	4470	4469	4341
9	4342	4343	4471	4470	4342
9	4343	4344	4472	4471	4343
9	4344	4345	4473	4472	4344
9	4345	4346	4474	4473	4345
9	4346	4347	4475	4474	4346
9	4347	4348	4476	4475	4347
9	4348	4349	4477	4476	4348
9	4349	4350	4478	4477	4349
9	4350	4351	4479	4478	4350
9	4351	4224	4352	4479	4351
9	4352	4353	4481	4480	4352
9	4353	4354	4482	4481	4353
9	4354	4355	4483	4482	4354
9	4355	4356	4484	4483	4355
9	4356	4357	4485	4484	4356
9	4357	4358	4486	4485	4357
9	4358	4359	4487	4486	4358
9	4359	4360	4488	4487	4359
9	4360	4361	4489	4488	4360
9	4361	4362	4490	4489	4361
9	4362	4363	4491	4490	4362
9	4363	4364	4492	4491	4363
9	4364	4365	4493	4492	4364
9	4365	4366	4494	4493	4365
9	4366	4367	4495	4494	4366
9	4367	4368	4496	4495	4367
9	4368	4369	4497	4496	4368
9	4369	4370	4498	4497	4369
9	4370	4371	4499	4498	4370
9	4371	4372	4500	4499	4371
9	4372	4373	4501	4500	4372
9	4373	4374	4502	4501	4373
9	4374	4375	4503	4502	4374
9	4375	4376	4504	4503	4375
9	4376	4377	4505	4504	4376
9	4377	4378	4506	4505	4377
9	4378	4379	4507	4506	4378
9	4379	4380	4508	4507	4379
9	4380	4381	4509	4508	4380
9	4381	4382	4510	4509	4381
9	4382	4383	4511	4510	4382
9	4383	4384	4512	4511	4383
9	4384	4385	4513	4512	4384
9	4385	4386	4514	4513	4385
9	4386	4387	4515	4514	4386
9	4387	4388	4516	4515	4387
9	4388	4389	4517	4516	4388
9	4389	4390	4518	4517	4389
9	4390	4391	4519	4518	4390
9	4391	4392	4520	4519	4391
9	4392	4393	4521	4520	4392
9	4393	4394	4522	4521	4393
9	4394	4395	4523	4522	4394
9	4395	4396	4524	4523	4395
9	4396	4397	4525	4524	4396
9	4397	4398	4526	4525	4397
9	4398	4399	4527	4526	4398
9	4399	4400	4528	4527	4399
9	4400	4401	4529	4528	4400
9	4401	4402	4530	4529	4401
9	4402	4403	4531	4530	4402
9	4403	4404	4532	4531	4403
9	4404	4405	4533	4532	4404
9	4405	4406	4534	4533	4405
9	4406	4407	4535	4534	4406
9	4407	4408	4536	4535	4407
9	4408	4409	4537	4536	4408
9	4409	4410	4538	4537	4409
9	4410	4411	4539	4538	4410
9	4411	4412	4540	4539	4411
9	4412	4413	4541	4540	4412
9	4413	4414	4542	4541	4413
9	4414	4415	4543	4542	4414
9	4415	4416	4544	4543	4415
9	4416	4417	4545	4544	4416
9	4417	4418	4546	4545	4417
9	4418	4419	4547	4546	4418
9	4419	4420	4548	4547	4419
9	4420	4421	4549	4548	4420
9	4421	4422	4550	4549	4421
9	4422	4423	4551	4550	4422
9	4423	4424	4552	4551	4423
9	4424	4425	4553	4552	4424
9	4425	4426	4554	4553	4425
9	4426	4427	4555	4554	4426
9	4427	4428	4556	4555	4427
9	4428	4429	4557	4556	4428
9	4429	4430	4558	4557	4429
9	4430	4431	4559	4558	4430
9	4431	4432	4560	4559	4431
9	4432	4433	4561	4560	4432
9	4433	4434	4562	4561	4433
9	4434	4435	4563	4562	4434
9	4435	4436	4564	4563	4435
9	4436	4437	4565	4564	4436
9	4437	4438	4566	4565	4437
9	4438	4439	4567	4566	4438
9	4439	4440	4568	4567	4439
9	4440	4441	4569	4568	4440
9	4441	4442	4570	4569	4441
9	4442	4443	4571	4570	4442
9	4443	4444	4572	4571	4443
9	4444	4445	4573	4572	4444
9	4445	4446	4574	4573	4445
9	4446	4447	4575	4574	4446
9	4447	4448	4576	4575	4447
9	4448	4449	4577	4576	4448
9	4449	4450	4578	4577	4449
9	4450	4451	4579	4578	4450
9	4451	4452	4580	4579	4451
9	4452	4453	4581	4580	4452
9	4453	4454	4582	4581	4453
9	4454	4455	4583	4582	4454
9	4455	4456	4584	4583	4455
9	4456	4457	4585	4584	4456
9	4457	4458	4586	4585	4457
9	4458	4459	4587	4586	4458
9	4459	4460	4588	4587	4459
9	4460	4461	4589	4588	4460
9	4461	4462	4590	4589	4461
9	4462	4463	4591	4590	4462
9	4463	4464	4592	4591	4463
9	4464	4465	4593	4592	4464
9	4465	4466	4594	4593	4465
9	4466	4467	4595	4594	4466
9	4467	4468	4596	4595	4467
9	4468	4469	4597	4596	4468
9	4469	4470	4598	4597	4469
9	4470	4471	4599	4598	4470
9	4471	4472	4600	4599	4471
9	4472	4473	4601	4600	4472
9	4473	4474	4602	4601	4473
9	4474	4475	4603	4602	4474
9	4475	4476	4604	4603	4475
9	4476	4477	4605	4604	4476
9	4477	4478	4606	4605	4477
9	4478	4479	4607	4606	4478
9	4479	4352	4480	4607	4479
9	4480	4481	4609	4608	4480
9	4481	4482	4610	4609	4481
9	4482	4483	4611	4610	4482
9	4483	4484	4612	4611	4483
9	4484	4485	4613	4612	4484
9	4485	4486	4614	4613	4485
9	4486	4487	4615	4614	4486
9	4487	4488	4616	4615	4487
9	4488	4489	4617	4616	4488
9	4489	4490	4618	4617	4489
9	4490	4491	4619	4618	4490
9	4491	4492	4620	4619	4491
9	4492	4493	4621	4620	4492
9	4493	4494	4622	4621	4493
9	4494	4495	4623	4622	4494
9	4495	4496	4624	4623	4495
9	4496	4497	4625	4624	4496
9	4497	4498	4626	4625	4497
9	4498	4499	4627	4626	4498
9	4499	4500	4628	4627	4499
9	4500	4501	4629	4628	4500
9	4501	4502	4630	4629	4501
9	4502	4503	4631	4630	4502
9	4503	4504	4632	4631	4503
9	4504	4505	4633	4632	4504
9	4505	4506	4634	4633	4505
9	4506	4507	4635	4634	4506
9	4507	4508	4636	4635	4507
9	4508	4509	4637	4636	4508
9	4509	4510	4638	4637	4509
9	4510	4511	4639	4638	4510
9	4511	4512	4640	4639	4511
9	4512	4513	4641	4640	4512
9	4513	4514	4642	4641	4513
9	4514	4515	4643	4642	4514
9	4515	4516	4644	4643	4515
9	4516	4517	4645	4644	4516
9	4517	4518	4646	4645	4517
9	4518	4519	4647	4646	4518
9	4519	4520	4648	4647	4519
9	4520	4521	4649	4648	4520
9	4521	4522	4650	4649	4521
9	4522	4523	4651	4650	4522
9	4523	4524	4652	4651	4523
9	4524	4525	4653	4652	4524
9	4525	4526	4654	4653	4525
9	4526	4527	4655	4654	4526
9	4527	4528	4656	4655	4527
9	4528	4529	4657	4656	4528
9	4529	4530	4658	4657	4529
9	4530	4531	4659	4658	4530
9	4531	4532	4660	4659	4531
9	4532	4533	4661	4660	4532
9	4533	4534	4662	4661	4533
9	4534	4535	4663	4662	4534
9	4535	4536	4664	4663	4535
9	4536	4537	4665	4664	4536
9	4537	4538	4666	4665	4537
9	4538	4539	4667	4666	4538
9	4539	4540	4668	4667	4539
9	4540	4541	4669	4668	4540
9	4541	4542	4670	4669	4541
9	4542	4543	4671	4670	4542
9	4543	4544	4672	4671	4543
9	4544	4545	4673	4672	4544
9	4545	4546	4674	4673	4545
9	4546	4547	4675	4674	4546
9	4547	4548	4676	4675	4547
9	4548	4549	4677	4676	4548
9	4549	4550	4678	4677	4549
9	4550	4551	4679	4678	4550
9	4551	4552	4680	4679	4551
9	4552	4553	4681	4680	4552
9	4553	4554	4682	4681	4553
9	4554	4555	4683	4682	4554
9	4555	4556	4684	4683	4555
9	4556	4557	4685	4684	4556
9	4557	4558	4686	4685	4557
9	4558	4559	4687	4686	4558
9	4559	4560	4688	4687	4559
9	4560	4561	4689	4688	4560
9	4561	4562	4690	4689	4561
9	4562	4563	4691	4690	4562
9	4563	4564	4692	4691	4563
9	4564	4565	4693	4692	4564
9	4565	4566	4694	4693	4565
9	4566	4567	4695	4694	4566
9	4567	4568	4696	4695	4567
9	4568	4569	4697	4696	4568
9	4569	4570	4698	4697	4569
9	4570	4571	4699	4698	4570
9	4571	4572	4700	4699	4571
9	4572	4573	4701	4700	4572
9	4573	4574	4702	4701	4573
9	4574	4575	4703	4702	4574
9	4575	4576	4704	4703	4575
9	4576	4577	4705	4704	4576
9	4577	4578	4706	4705	4577
9	4578	4579	4707	4706	4578
9	4579	4580	4708	4707	4579
9	4580	4581	4709	4708	4580
9	4581	4582	4710	4709	4581
9	4582	4583	4711	4710	4582
9	4583	4584	4712	4711	4583
9	4584	4585	4713	4712	4584
9	4585	4586	4714	4713	4585
9	4586	4587	4715	4714	4586
9	4587	4588	4716	4715	4587
9	4588	4589	4717	4716	4588
9	4589	4590	4718	4717	4589
9	4590	4591	4719	4718	4590
9	4591	4592	4720	4719	4591
9	4592	4593	4721	4720	4592
9	4593	4594	4722	4721	4593
9	4594	4595	4723	4722	4594
9	4595	4596	4724	4723	4595
9	4596	4597	4725	4724	4596
9	4597	4598	4726	4725	4597
9	4598	4599	4727	4726	4598
9	4599	4600	4728	4727	4599
9	4600	4601	4729	4728	4600
9	4601	4602	4730	4729	4601
9	4602	4603	4731	4730	4602
9	4603	4604	4732	4731	4603
9	4604	4605	4733	4732	4604
9	4605	4606	4734	4733	4605
9	4606	4607	4735	4734	4606
9	4607	4480	4608	4735	4607
9	4608	4609	4737	4736	4608
9	4609	4610	4738	4737	4609
9	4610	4611	4739	4738	4610
9	4611	4612	4740	4739	4611
9	4612	4613	4741	4740	4612
9	4613	4614	4742	4741	4613
9	4614	4615	4743	4742	4614
9	4615	4616	4744	4743	4615
9	4616	4617	4745	4744	4616
9	4617	4618	4746	4745	4617
9	4618	4619	4747	4746	4618
9	4619	4620	4748	4747	4619
9	4620	4621	4749	4748	4620
9	4621	4622	4750	4749	4621
9	4622	4623	4751	4750	4622
9	4623	4624	4752	4751	4623
9	4624	4625	4753	4752	4624
9	4625	4626	4754	4753	4625
9	4626	4627	4755	4754	4626
9	4627	4628	4756	4755	4627
9	4628	4629	4757	4756	4628
9	4629	4630	4758	4757	4629
9	4630	4631	4759	4758	4630
9	4631	4632	4760	4759	4631
9	4632	4633	4761	4760	4632
9	4633	4634	4762	4761	4633
9	4634	4635	4763	4762	4634
9	4635	4636	4764	4763	4635
9	4636	4637	4765	4764	4636
9	4637	4638	4766	4765	4637
9	4638	4639	4767	4766	4638
9	4639	4640	4768	4767	4639
9	4640	4641	4769	4768	4640
9	4641	4642	4770	4769	4641
9	4642	4643	4771	4770	4642
9	4643	4644	4772	4771	4643
9	4644	4645	4773	4772	4644
9	4645	4646	4774	4773	4645
9	4646	4647	4775	4774	4646
9	4647	4648	4776	4775	4647
9	4648	4649	4777	4776	4648
9	4649	4650	4778	4777	4649
9	4650	4651	4779	4778	4650
9	4651	4652	4780	4779	4651
9	4652	4653	4781	4780	4652
9	4653	4654	4782	4781	4653
9	4654	4655	4783	4782	4654
9	4655	4656	4784	4783	4655
9	4656	4657	4785	4784	4656
9	4657	4658	4786	4785	4657
9	4658	4659	4787	4786	4658
9	4659	4660	4788	4787	4659
9	4660	4661	4789	4788	4660
9	4661	4662	4790	4789	4661
9	4662	4663	4791	4790	4662
9	4663	4664	4792	4791	4663
9	4664	4665	4793	4792	4664
9	4665	4666	4794	4793	4665
9	4666	4667	4795	4794	4666
9	4667	4668	4796	4795	4667
9	4668	4669	4797	4796	4668
9	4669	4670	4798	4797	4669
9	4670	4671	4799	4798	4670
9	4671	4672	4800	4799	4671
9	4672	4673	4801	4800	4672
9	4673	4674	4802	4801	4673
9	4674	4675	4803	4802	4674
9	4675	4676	4804	4803	4675
9	4676	4677	4805	4804	4676
9	4677	4678	4806	4805	4677
9	4678	4679	4807	4806	4678
9	4679	4680	4808	4807	4679
9	4680	4681	4809	4808	4680
9	4681	4682	4810	4809	4681
9	4682	4683	4811	4810	4682
9	4683	4684	4812	4811	4683
9	4684	4685	4813	4812	4684
9	4685	4686	4814	4813	4685
9	4686	4687	4815	4814	4686
9	4687	4688	4816	4815	4687
9	4688	4689	4817	4816	4688
9	4689	4690	4818	4817	4689
9	4690	4691	4819	4818	4690
9	4691	4692	4820	4819	4691
9	4692	4693	4821	4820	4692
9	4693	4694	4822	4821	4693
9	4694	4695	4823	4822	4694
9	4695	4696	4824	4823	4695
9	4696	4697	4825	4824	4696
9	4697	4698	4826	4825	4697
9	4698	4699	4827	4826	4698
9	4699	4700	4828	4827	4699
9	4700	4701	4829	4828	4700
9	4701	4702	4830	4829	4701
9	4702	4703	4831	4830	4702
9	4703	4704	4832	4831	4703
9	4704	4705	4833	4832	4704
9	4705	4706	4834	4833	4705
9	4706	4707	4835	4834	4706
9	4707	4708	4836	4835	4707
9	4708	4709	4837	4836	4708
9	4709	4710	4838	4837	4709
9	4710	4711	4839	4838	4710
9	4711	4712	4840	4839	4711
9	4712	4713	4841	4840	4712
9	4713	4714	4842	4841	4713
9	4714	4715	4843	4842	4714
9	4715	4716	4844	4843	4715
9	4716	4717	4845	4844	4716
9	4717	4718	4846	4845	4717
9	4718	4719	4847	4846	4718
9	4719	4720	4848	4847	4719
9	4720	4721	4849	4848	4720
9	4721	4722	4850	4849	4721
9	4722	4723	4851	4850	4722
9	4723	4724	4852	4851	4723
9	4724	4725	4853	4852	4724
9	4725	4726	4854	4853	4725
9	4726	4727	4855	4854	4726
9	4727	4728	4856	4855	4727
9	4728	4729	4857	4856	4728
9	4729	4730	4858	4857	4729
9	4730	4731	4859	4858	4730
9	4731	4732	4860	4859	4731
9	4732	4733	4861	4860	4732
9	4733	4734	4862	4861	4733
9	4734	4735	4863	4862	4734
9	4735	4608	4736	4863	4735
9	4736	4737	4865	4864	4736
9	4737	4738	4866	4865	4737
9	4738	4739	4867	4866	4738
9	4739	4740	4868	4867	4739
9	4740	4741	4869	4868	4740
9	4741	4742	4870	4869	4741
9	4742	4743	4871	4870	4742
9	4743	4744	4872	4871	4743
9	4744	4745	4873	4872	4744
9	4745	4746	4874	4873	4745
9	4746	4747	4875	4874	4746
9	4747	4748	4876	4875	4747
9	4748	4749	4877	4876	4748
9	4749	4750	4878	4877	4749
9	4750	4751	4879	4878	4750
9	4751	4752	4880	4879	4751
9	4752	4753	4881	4880	4752
9	4753	4754	4882	4881	4753
9	4754	4755	4883	4882	4754
9	4755	4756	4884	4883	4755
9	4756	4757	4885	4884	4756
9	4757	4758	4886	4885	4757
9	4758	4759	4887	4886	4758
9	4759	4760	4888	4887	4759
9	4760	4761	4889	4888	4760
9	4761	4762	4890	4889	4761
9	4762	4763	4891	4890	4762
9	4763	4764	4892	4891	4763
9	4764	4765	4893	4892	4764
9	4765	4766	4894	4893	4765
9	4766	4767	4895	4894	4766
9	4767	4768	4896	4895	4767
9	4768	4769	4897	4896	4768
9	4769	4770	4898	4897	4769
9	4770	4771	4899	4898	4770
9	4771	4772	4900	4899	4771
9	4772	4773	4901	4900	4772
9	4773	4774	4902	4901	4773
9	4774	4775	4903	4902	4774
9	4775	4776	4904	4903	4775
9	4776	4777	4905	4904	4776
9	4777	4778	4906	4905	4777
9	4778	4779	4907	4906	4778
9	4779	4780	4908	4907	4779
9	4780	4781	4909	4908	4780
9	4781	4782	4910	4909	4781
9	4782	4783	4911	4910	4782
9	4783	4784	4912	4911	4783
9	4784	4785	4913	4912	4784
9	4785	4786	4914	4913	4785
9	4786	4787	4915	4914	4786
9	4787	4788	4916	4915	4787
9	4788	4789	4917	4916	4788
9	4789	4790	4918	4917	4789
9	4790	4791	4919	4918	4790
9	4791	4792	4920	4919	4791
9	4792	4793	4921	4920	4792
9	4793	4794	4922	4921	4793
9	4794	4795	4923	4922	4794
9	4795	4796	4924	4923	4795
9	4796	4797	4925	4924	4796
9	4797	4798	4926	4925	4797
9	4798	4799	4927	4926	4798
9	4799	4800	4928	4927	4799
9	4800	4801	4929	4928	4800
9	4801	4802	4930	4929	4801
9	4802	4803	4931	4930	4802
9	4803	4804	4932	4931	4803
9	4804	4805	4933	4932	4804
9	4805	4806	4934	4933	4805
9	4806	4807	4935	4934	4806
9	4807	4808	4936	4935	4807
9	4808	4809	4937	4936	4808
9	4809	4810	4938	4937	4809
9	4810	4811	4939	4938	4810
9	4811	4812	4940	4939	4811
9	4812	4813	4941	4940	4812
9	4813	4814	4942	4941	4813
9	4814	4815	4943	4942	4814
9	4815	4816	4944	4943	4815
9	4816	4817	4945	4944	4816
9	4817	4818	4946	4945	4817
9	4818	4819	4947	4946	4818
9	4819	4820	4948	4947	4819
9	4820	4821	4949	4948	4820
9	4821	4822	4950	4949	4821
9	4822	4823	4951	4950	4822
9	4823	4824	4952	4951	4823
9	4824	4825	4953	4952	4824
9	4825	4826	4954	4953	4825
9	4826	4827	4955	4954	4826
9	4827	4828	4956	4955	4827
9	4828	4829	4957	4956	4828
9	4829	4830	4958	4957	4829
9	4830	4831	4959	4958	4830
9	4831	4832	4960	4959	4831
9	4832	4833	4961	4960	4832
9	4833	4834	4962	4961	4833
9	4834	4835	4963	4962	4834
9	4835	4836	4964	4963	4835
9	4836	4837	4965	4964	4836
9	4837	4838	4966	4965	4837
9	4838	4839	4967	4966	4838
9	4839	4840	4968	4967	4839
9	4840	4841	4969	4968	4840
9	4841	4842	4970	4969	4841
9	4842	4843	4971	4970	4842
9	4843	4844	4972	4971	4843
9	4844	4845	4973	4972	4844
9	4845	4846	4974	4973	4845
9	4846	4847	4975	4974	4846
9	4847	4848	4976	4975	4847
9	4848	4849	4977	4976	4848
9	4849	4850	4978	4977	4849
9	4850	4851	4979	4978	4850
9	4851	4852	4980	4979	4851
9	4852	4853	4981	4980	4852
9	4853	4854	4982	4981	4853
9	4854	4855	4983	4982	4854
9	4855	4856	4984	4983	4855
9	4856	4857	4985	4984	4856
9	4857	4858	4986	4985	4857
9	4858	4859	4987	4986	4858
9	4859	4860	4988	4987	4859
9	4860	4861	4989	4988	4860
9	4861	4862	4990	4989	4861
9	4862	4863	4991	4990	4862
9	4863	4736	4864	4991	4863
9	4864	4865	4993	4992	4864
9	4865	4866	4994	4993	4865
9	4866	4867	4995	4994	4866
9	4867	4868	4996	4995	4867
9	4868	4869	4997	4996	4868
9	4869	4870	4998	4997	4869
9	4870	4871	4999	4998	4870
9	4871	4872	5000	4999	4871
9	4872	4873	5001	5000	4872
9	4873	4874	5002	5001	4873
9	4874	4875	5003	5002	4874
9	4875	4876	5004	5003	4875
9	4876	4877	5005	5004	4876
9	4877	4878	5006	5005	4877
9	4878	4879	5007	5006	4878
9	4879	4880	5008	5007	4879
9	4880	4881	5009	5008	4880
9	4881	4882	5010	5009	4881
9	4882	4883	5011	5010	4882
9	4883	4884	5012	5011	4883
9	4884	4885	5013	5012	4884
9	4885	4886	5014	5013	4885
9	4886	4887	5015	5014	4886
9	4887	4888	5016	5015	4887
9	4888	4889	5017	5016	4888
9	4889	4890	5018	5017	4889
9	4890	4891	5019	5018	4890
9	4891	4892	5020	5019	4891
9	4892	4893	5021	5020	4892
9	4893	4894	5022	5021	4893
9	4894	4895	5023	5022	4894
9	4895	4896	5024	5023	4895
9	4896	4897	5025	5024	4896
9	4897	4898	5026	5025	4897
9	4898	4899	5027	5026	4898
9	4899	4900	5028	5027	4899
9	4900	4901	5029	5028	4900
9	4901	4902	5030	5029	4901
9	4902	4903	5031	5030	4902
9	4903	4904	5032	5031	4903
9	4904	4905	5033	5032	4904
9	4905	4906	5034	5033	4905
9	4906	4907	5035	5034	4906
9	4907	4908	5036	5035	4907
9	4908	4909	5037	5036	4908
9	4909	4910	5038	5037	4909
9	4910	4911	5039	5038	4910
9	4911	4912	5040	5039	4911
9	4912	4913	5041	5040	4912
9	4913	4914	5042	5041	4913
9	4914	4915	5043	5042	4914
9	4915	4916	5044	5043	4915
9	4916	4917	5045	5044	4916
9	4917	4918	5046	5045	4917
9	4918	4919	5047	5046	4918
9	4919	4920	5048	5047	4919
9	4920	4921	5049	5048	4920
9	4921	4922	5050	5049	4921
9	4922	4923	5051	5050	4922
9	4923	4924	5052	5051	4923
9	4924	4925	5053	5052	4924
9	4925	4926	5054	5053	4925
9	4926	4927	5055	5054	4926
9	4927	4928	5056	5055	4927
9	4928	4929	5057	5056	4928
9	4929	4930	5058	5057	4929
9	4930	4931	5059	5058	4930
9	4931	4932	5060	5059	4931
9	4932	4933	5061	5060	4932
9	4933	4934	5062	5061	4933
9	4934	4935	5063	5062	4934
9	4935	4936	5064	5063	4935
9	4936	4937	5065	5064	4936
9	4937	4938	5066	5065	4937
9	4938	4939	5067	5066	4938
9	4939	4940	5068	5067	4939
9	4940	4941	5069	5068	4940
9	4941	4942	5070	5069	4941
9	4942	4943	5071	5070	4942
9	4943	4944	5072	5071	4943
9	4944	4945	5073	5072	4944
9	4945	4946	5074	5073	4945
9	4946	4947	5075	5074	4946
9	4947	4948	5076	5075	4947
9	4948	4949	5077	5076	4948
9	4949	4950	5078	5077	4949
9	4950	4951	5079	5078	4950
9	4951	4952	5080	5079	4951
9	4952	4953	5081	5080	4952
9	4953	4954	5082	5081	4953
9	4954	4955	5083	5082	4954
9	4955	4956	5084	5083	4955
9	4956	4957	5085	5084	4956
9	4957	4958	5086	5085	4957
9	4958	4959	5087	5086	4958
9	4959	4960	5088	5087	4959
9	4960	4961	5089	5088	4960
9	4961	4962	5090	5089	4961
9	4962	4963	5091	5090	4962
9	4963	4964	5092	5091	4963
9	4964	4965	5093	5092	4964
9	4965	4966	5094	5093	4965
9	4966	4967	5095	5094	4966
9	4967	4968	5096	5095	4967
9	4968	4969	5097	5096	4968
9	4969	4970	5098	5097	4969
9	4970	4971	5099	5098	4970
9	4971	4972	5100	5099	4971
9	4972	4973	5101	5100	4972
9	4973	4974	5102	5101	4973
9	4974	4975	5103	5102	4974
9	4975	4976	5104	5103	4975
9	4976	4977	5105	5104	4976
9	4977	4978	5106	5105	4977
9	4978	4979	5107	5106	4978
9	4979	4980	5108	5107	4979
9	4980	4981	5109	5108	4980
9	4981	4982	5110	5109	4981
9	4982	4983	5111	5110	4982
9	4983	4984	5112	5111	4983
9	4984	4985	5113	5112	4984
9	4985	4986	5114	5113	4985
9	4986	4987	5115	5114	4986
9	4987	4988	5116	5115	4987
9	4988	4989	5117	5116	4988
9	4989	4990	5118	5117	4989
9	4990	4991	5119	5118	4990
9	4991	4864	4992	5119	4991
9	4992	4993	5121	5120	4992
9	4993	4994	5122	5121	4993
9	4994	4995	5123	5122	4994
9	4995	4996	5124	5123	4995
9	4996	4997	5125	5124	4996
9	4997	4998	5126	5125	4997
9	4998	4999	5127	5126	4998
9	4999	5000	5128	5127	4999
9	5000	5001	5129	5128	5000
9	5001	5002	5130	5129	5001
9	5002	5003	5131	5130	5002
9	5003	5004	5132	5131	5003
9	5004	5005	5133	5132	5004
9	5005	5006	5134	5133	5005
9	5006	5007	5135	5134	5006
9	5007	5008	5136	5135	5007
9	5008	5009	5137	5136	5008
9	5009	5010	5138	5137	5009
9	5010	5011	5139	5138	5010
9	5011	5012	5140	5139	5011
9	5012	5013	5141	5140	5012
9	5013	5014	5142	5141	5013
9	5014	5015	5143	5142	5014
9	5015	5016	5144	5143	5015
9	5016	5017	5145	5144	5016
9	5017	5018	5146	5145	5017
9	5018	5019	5147	5146	5018
9	5019	5020	5148	5147	5019
9	5020	5021	5149	5148	5020
9	5021	5022	5150	5149	5021
9	5022	5023	5151	5150	5022
9	5023	5024	5152	5151	5023
9	5024	5025	5153	5152	5024
9	5025	5026	5154	5153	5025
9	5026	5027	5155	5154	5026
9	5027	5028	5156	5155	5027
9	5028	5029	5157	5156	5028
9	5029	5030	5158	5157	5029
9	5030	5031	5159	5158	5030
9	5031	5032	5160	5159	5031
9	5032	5033	5161	5160	5032
9	5033	5034	5162	5161	5033
9	5034	5035	5163	5162	5034
9	5035	5036	5164	5163	5035
9	5036	5037	5165	5164	5036
9	5037	5038	5166	5165	5037
9	5038	5039	5167	5166	5038
9	5039	5040	5168	5167	5039
9	5040	5041	5169	5168	5040
9	5041	5042	5170	5169	5041
9	5042	5043	5171	5170	5042
9	5043	5044	5172	5171	5043
9	5044	5045	5173	5172	5044
9	5045	5046	5174	5173	5045
9	5046	5047	5175	5174	5046
9	5047	5048	5176	5175	5047
9	5048	5049	5177	5176	5048
9	5049	5050	5178	5177	5049
9	5050	5051	5179	5178	5050
9	5051	5052	5180	5179	5051
9	5052	5053	5181	5180	5052
9	5053	5054	5182	5181	5053
9	5054	5055	5183	5182	5054
9	5055	5056	5184	5183	5055
9	5056	5057	5185	5184	5056
9	5057	5058	5186	5185	5057
9	5058	5059	5187	5186	5058
9	5059	5060	5188	5187	5059
9	5060	5061	5189	5188	5060
9	5061	5062	5190	5189	5061
9	5062	5063	5191	5190	5062
9	5063	5064	5192	5191	5063
9	5064	5065	5193	5192	5064
9	5065	5066	5194	5193	5065
9	5066	5067	5195	5194	5066
9	5067	5068	5196	5195	5067
9	5068	5069	5197	5196	5068
9	5069	5070	5198	5197	5069
9	5070	5071	5199	5198	5070
9	5071	5072	5200	5199	5071
9	5072	5073	5201	5200	5072
9	5073	5074	5202	5201	5073
9	5074	5075	5203	5202	5074
9	5075	5076	5204	5203	5075
9	5076	5077	5205	5204	5076
9	5077	5078	5206	5205	5077
9	5078	5079	5207	5206	5078
9	5079	5080	5208	5207	5079
9	5080	5081	5209	5208	5080
9	5081	5082	5210	5209	5081
9	5082	5083	5211	5210	5082
9	5083	5084	5212	5211	5083
9	5084	5085	5213	5212	5084
9	5085	5086	5214	5213	5085
9	5086	5087	5215	5214	5086
9	5087	5088	5216	5215	5087
9	5088	5089	5217	5216	5088
9	5089	5090	5218	5217	5089
9	5090	5091	5219	5218	5090
9	5091	5092	5220	5219	5091
9	5092	5093	5221	5220	5092
9	5093	5094	5222	5221	5093
9	5094	5095	5223	5222	5094
9	5095	5096	5224	5223	5095
9	5096	5097	5225	5224	5096
9	5097	5098	5226	5225	5097
9	5098	5099	5227	5226	5098
9	5099	5100	5228	5227	5099
9	5100	5101	5229	5228	5100
9	5101	5102	5230	5229	5101
9	5102	5103	5231	5230	5102
9	5103	5104	5232	5231	5103
9	5104	5105	5233	5232	5104
9	5105	5106	5234	5233	5105
9	5106	5107	5235	5234	5106
9	5107	5108	5236	5235	5107
9	5108	5109	5237	5236	5108
9	5109	5110	5238	5237	5109
9	5110	5111	5239	5238	5110
9	5111	5112	5240	5239	5111
9	5112	5113	5241	5240	5112
9	5113	5114	5242	5241	5113
9	5114	5115	5243	5242	5114
9	5115	5116	5244	5243	5115
9	5116	5117	5245	5244	5116
9	5117	5118	5246	5245	5117
9	5118	5119	5247	5246	5118
9	5119	4992	5120	5247	5119
9	5120	5121	5249	5248	5120
9	5121	5122	5250	5249	5121
9	5122	5123	5251	5250	5122
9	5123	5124	5252	5251	5123
9	5124	5125	5253	5252	5124
9	5125	5126	5254	5253	5125
9	5126	5127	5255	5254	5126
9	5127	5128	5256	5255	5127
9	5128	5129	5257	5256	5128
9	5129	5130	5258	5257	5129
9	5130	5131	5259	5258	5130
9	5131	5132	5260	5259	5131
9	5132	5133	5261	5260	5132
9	5133	5134	5262	5261	5133
9	5134	5135	5263	5262	5134
9	5135	5136	5264	5263	5135
9	5136	5137	5265	5264	5136
9	5137	5138	5266	5265	5137
9	5138	5139	5267	5266	5138
9	5139	5140	5268	5267	5139
9	5140	5141	5269	5268	5140
9	5141	5142	5270	5269	5141
9	5142	5143	5271	5270	5142
9	5143	5144	5272	5271	5143
9	5144	5145	5273	5272	5144
9	5145	5146	5274	5273	5145
9	5146	5147	5275	5274	5146
9	5147	5148	5276	5275	5147
9	5148	5149	5277	5276	5148
9	5149	5150	5278	5277	5149
9	5150	5151	5279	5278	5150
9	5151	5152	5280	5279	5151
9	5152	5153	5281	5280	5152
9	5153	5154	5282	5281	5153
9	5154	5155	5283	5282	5154
9	5155	5156	5284	5283	5155
9	5156	5157	5285	5284	5156
9	5157	5158	5286	5285	5157
9	5158	5159	5287	5286	5158
9	5159	5160	5288	5287	5159
9	5160	5161	5289	5288	5160
9	5161	5162	5290	5289	5161
9	5162	5163	5291	5290	5162
9	5163	5164	5292	5291	5163
9	5164	5165	5293	5292	5164
9	5165	5166	5294	5293	5165
9	5166	5167	5295	5294	5166
9	5167	5168	5296	5295	5167
9	5168	5169	5297	5296	5168
9	5169	5170	5298	5297	5169
9	5170	5171	5299	5298	5170
9	5171	5172	5300	5299	5171
9	5172	5173	5301	5300	5172
9	5173	5174	5302	5301	5173
9	5174	5175	5303	5302	5174
9	5175	5176	5304	5303	5175
9	5176	5177	5305	5304	5176
9	5177	5178	5306	5305	5177
9	5178	5179	5307	5306	5178
9	5179	5180	5308	5307	5179
9	5180	5181	5309	5308	5180
9	5181	5182	5310	5309	5181
9	5182	5183	5311	5310	5182
9	5183	5184	5312	5311	5183
9	5184	5185	5313	5312	5184
9	5185	5186	5314	5313	5185
9	5186	5187	5315	5314	5186
9	5187	5188	5316	5315	5187
9	5188	5189	5317	5316	5188
9	5189	5190	5318	5317	5189
9	5190	5191	5319	5318	5190
9	5191	5192	5320	5319	5191
9	5192	5193	5321	5320	5192
9	5193	5194	5322	5321	5193
9	5194	5195	5323	5322	5194
9	5195	5196	5324	5323	5195
9	5196	5197	5325	5324	5196
9	5197	5198	5326	5325	5197
9	5198	5199	5327	5326	5198
9	5199	5200	5328	5327	5199
9	5200	5201	5329	5328	5200
9	5201	5202	5330	5329	5201
9	5202	5203	5331	5330	5202
9	5203	5204	5332	5331	5203
9	5204	5205	5333	5332	5204
9	5205	5206	5334	5333	5205
9	5206	5207	5335	5334	5206
9	5207	5208	5336	5335	5207
9	5208	5209	5337	5336	5208
9	5209	5210	5338	5337	5209
9	5210	5211	5339	5338	5210
9	5211	5212	5340	5339	5211
9	5212	5213	5341	5340	5212
9	5213	5214	5342	5341	5213
9	5214	5215	5343	5342	5214
9	5215	5216	5344	5343	5215
9	5216	5217	5345	5344	5216
9	5217	5218	5346	5345	5217
9	5218	5219	5347	5346	5218
9	5219	5220	5348	5347	5219
9	5220	5221	5349	5348	5220
9	5221	5222	5350	5349	5221
9	5222	5223	5351	5350	5222
9	5223	5224	5352	5351	5223
9	5224	5225	5353	5352	5224
9	5225	5226	5354	5353	5225
9	5226	5227	5355	5354	5226
9	5227	5228	5356	5355	5227
9	5228	5229	5357	5356	5228
9	5229	5230	5358	5357	5229
9	5230	5231	5359	5358	5230
9	5231	5232	5360	5359	5231
9	5232	5233	5361	5360	5232
9	5233	5234	5362	5361	5233
9	5234	5235	5363	5362	5234
9	5235	5236	5364	5363	5235
9	5236	5237	5365	5364	5236
9	5237	5238	5366	5365	5237
9	5238	5239	5367	5366	5238
9	5239	5240	5368	5367	5239
9	5240	5241	5369	5368	5240
9	5241	5242	5370	5369	5241
9	5242	5243	5371	5370	5242
9	5243	5244	5372	5371	5243
9	5244	5245	5373	5372	5244
9	5245	5246	5374	5373	5245
9	5246	5247	5375	5374	5246
9	5247	5120	5248	5375	5247
9	5248	5249	5377	5376	5248
9	5249	5250	5378	5377	5249
9	5250	5251	5379	5378	5250
9	5251	5252	5380	5379	5251
9	5252	5253	5381	5380	5252
9	5253	5254	5382	5381	5253
9	5254	5255	5383	5382	5254
9	5255	5256	5384	5383	5255
9	5256	5257	5385	5384	5256
9	5257	5258	5386	5385	5257
9	5258	5259	5387	5386	5258
9	5259	5260	5388	5387	5259
9	5260	5261	5389	5388	5260
9	5261	5262	5390	5389	5261
9	5262	5263	5391	5390	5262
9	5263	5264	5392	5391	5263
9	5264	5265	5393	5392	5264
9	5265	5266	5394	5393	5265
9	5266	5267	5395	5394	5266
9	5267	5268	5396	5395	5267
9	5268	5269	5397	5396	5268
9	5269	5270	5398	5397	5269
9	5270	5271	5399	5398	5270
9	5271	5272	5400	5399	5271
9	5272	5273	5401	5400	5272
9	5273	5274	5402	5401	5273
9	5274	5275	5403	5402	5274
9	5275	5276	5404	5403	5275
9	5276	5277	5405	5404	5276
9	5277	5278	5406	5405	5277
9	5278	5279	5407	5406	5278
9	5279	5280	5408	5407	5279
9	5280	5281	5409	5408	5280
9	5281	5282	5410	5409	5281
9	5282	5283	5411	5410	5282
9	5283	5284	5412	5411	5283
9	5284	5285	5413	5412	5284
9	5285	5286	5414	5413	5285
9	5286	5287	5415	5414	5286
9	5287	5288	5416	5415	5287
9	5288	5289	5417	5416	5288
9	5289	5290	5418	5417	5289
9	5290	5291	5419	5418	5290
9	5291	5292	5420	5419	5291
9	5292	5293	5421	5420	5292
9	5293	5294	5422	5421	5293
9	5294	5295	5423	5422	5294
9	5295	5296	5424	5423	5295
9	5296	5297	5425	5424	5296
9	5297	5298	5426	5425	5297
9	5298	5299	5427	5426	5298
9	5299	5300	5428	5427	5299
9	5300	5301	5429	5428	5300
9	5301	5302	5430	5429	5301
9	5302	5303	5431	5430	5302
9	5303	5304	5432	5431	5303
9	5304	5305	5433	5432	5304
9	5305	5306	5434	5433	5305
9	5306	5307	5435	5434	5306
9	5307	5308	5436	5435	5307
9	5308	5309	5437	5436	5308
9	5309	5310	5438	5437	5309
9	5310	5311	5439	5438	5310
9	5311	5312	5440	5439	5311
9	5312	5313	5441	5440	5312
9	5313	5314	5442	5441	5313
9	5314	5315	5443	5442	5314
9	5315	5316	5444	5443	5315
9	5316	5317	5445	5444	5316
9	5317	5318	5446	5445	5317
9	5318	5319	5447	5446	5318
9	5319	5320	5448	5447	5319
9	5320	5321	5449	5448	5320
9	5321	5322	5450	5449	5321
9	5322	5323	5451	5450	5322
9	5323	5324	5452	5451	5323
9	5324	5325	5453	5452	5324
9	5325	5326	5454	5453	5325
9	5326	5327	5455	5454	5326
9	5327	5328	5456	5455	5327
9	5328	5329	5457	5456	5328
9	5329	5330	5458	5457	5329
9	5330	5331	5459	5458	5330
9	5331	5332	5460	5459	5331
9	5332	5333	5461	5460	5332
9	5333	5334	5462	5461	5333
9	5334	5335	5463	5462	5334
9	5335	5336	5464	5463	5335
9	5336	5337	5465	5464	5336
9	5337	5338	5466	5465	5337
9	5338	5339	5467	5466	5338
9	5339	5340	5468	5467	5339
9	5340	5341	5469	5468	5340
9	5341	5342	5470	5469	5341
9	5342	5343	5471	5470	5342
9	5343	5344	5472	5471	5343
9	5344	5345	5473	5472	5344
9	5345	5346	5474	5473	5345
9	5346	5347	5475	5474	5346
9	5347	5348	5476	5475	5347
9	5348	5349	5477	5476	5348
9	5349	5350	5478	5477	5349
9	5350	5351	5479	5478	5350
9	5351	5352	5480	5479	5351
9	5352	5353	5481	5480	5352
9	5353	5354	5482	5481	5353
9	5354	5355	5483	5482	5354
9	5355	5356	5484	5483	5355
9	5356	5357	5485	5484	5356
9	5357	5358	5486	5485	5357
9	5358	5359	5487	5486	5358
9	5359	5360	5488	5487	5359
9	5360	5361	5489	5488	5360
9	5361	5362	5490	5489	5361
9	5362	5363	5491	5490	5362
9	5363	5364	5492	5491	5363
9	5364	5365	5493	5492	5364
9	5365	5366	5494	5493	5365
9	5366	5367	5495	5494	5366
9	5367	5368	5496	5495	5367
9	5368	5369	5497	5496	5368
9	5369	5370	5498	5497	5369
9	5370	5371	5499	5498	5370
9	5371	5372	5500	5499	5371
9	5372	5373	5501	5500	5372
9	5373	5374	5502	5501	5373
9	5374	5375	5503	5502	5374
9	5375	5248	5376	5503	5375
9	5376	5377	5505	5504	5376
9	5377	5378	5506	5505	5377
9	5378	5379	5507	5506	5378
9	5379	5380	5508	5507	5379
9	5380	5381	5509	5508	5380
9	5381	5382	5510	5509	5381
9	5382	5383	5511	5510	5382
9	5383	5384	5512	5511	5383
9	5384	5385	5513	5512	5384
9	5385	5386	5514	5513	5385
9	5386	5387	5515	5514	5386
9	5387	5388	5516	5515	5387
9	5388	5389	5517	5516	5388
9	5389	5390	5518	5517	5389
9	5390	5391	5519	5518	5390
9	5391	5392	5520	5519	5391
9	5392	5393	5521	5520	5392
9	5393	5394	5522	5521	5393
9	5394	5395	5523	5522	5394
9	5395	5396	5524	5523	5395
9	5396	5397	5525	5524	5396
9	5397	5398	5526	5525	5397
9	5398	5399	5527	5526	5398
9	5399	5400	5528	5527	5399
9	5400	5401	5529	5528	5400
9	5401	5402	5530	5529	5401
9	5402	5403	5531	5530	5402
9	5403	5404	5532	5531	5403
9	5404	5405	5533	5532	5404
9	5405	5406	5534	5533	5405
9	5406	5407	5535	5534	5406
9	5407	5408	5536	5535	5407
9	5408	5409	5537	5536	5408
9	5409	5410	5538	5537	5409
9	5410	5411	5539	5538	5410
9	5411	5412	5540	5539	5411
9	5412	5413	5541	5540	5412
9	5413	5414	5542	5541	5413
9	5414	5415	5543	5542	5414
9	5415	5416	5544	5543	5415
9	5416	5417	5545	5544	5416
9	5417	5418	5546	5545	5417
9	5418	5419	5547	5546	5418
9	5419	5420	5548	5547	5419
9	5420	5421	5549	5548	5420
9	5421	5422	5550	5549	5421
9	5422	5423	5551	5550	5422
9	5423	5424	5552	5551	5423
9	5424	5425	5553	5552	5424
9	5425	5426	5554	5553	5425
9	5426	5427	5555	5554	5426
9	5427	5428	5556	5555	5427
9	5428	5429	5557	5556	5428
9	5429	5430	5558	5557	5429
9	5430	5431	5559	5558	5430
9	5431	5432	5560	5559	5431
9	5432	5433	5561	5560	5432
9	5433	5434	5562	5561	5433
9	5434	5435	5563	5562	5434
9	5435	5436	5564	5563	5435
9	5436	5437	5565	5564	5436
9	5437	5438	5566	5565	5437
9	5438	5439	5567	5566	5438
9	5439	5440	5568	5567	5439
9	5440	5441	5569	5568	5440
9	5441	5442	5570	5569	5441
9	5442	5443	5571	5570	5442
9	5443	5444	5572	5571	5443
9	5444	5445	5573	5572	5444
9	5445	5446	5574	5573	5445
9	5446	5447	5575	5574	5446
9	5447	5448	5576	5575	5447
9	5448	5449	5577	5576	5448
9	5449	5450	5578	5577	5449
9	5450	5451	5579	5578	5450
9	5451	5452	5580	5579	5451
9	5452	5453	5581	5580	5452
9	5453	5454	5582	5581	5453
9	5454	5455	5583	5582	5454
9	5455	5456	5584	5583	5455
9	5456	5457	5585	5584	5456
9	5457	5458	5586	5585	5457
9	5458	5459	5587	5586	5458
9	5459	5460	5588	5587	5459
9	5460	5461	5589	5588	5460
9	5461	5462	5590	5589	5461
9	5462	5463	5591	5590	5462
9	5463	5464	5592	5591	5463
9	5464	5465	5593	5592	5464
9	5465	5466	5594	5593	5465
9	5466	5467	5595	5594	5466
9	5467	5468	5596	5595	5467
9	5468	5469	5597	5596	5468
9	5469	5470	5598	5597	5469
9	5470	5471	5599	5598	5470
9	5471	5472	5600	5599	5471
9	5472	5473	5601	5600	5472
9	5473	5474	5602	5601	5473
9	5474	5475	5603	5602	5474
9	5475	5476	5604	5603	5475
9	5476	5477	5605	5604	5476
9	5477	5478	5606	5605	5477
9	5478	5479	5607	5606	5478
9	5479	5480	5608	5607	5479
9	5480	5481	5609	5608	5480
9	5481	5482	5610	5609	5481
9	5482	5483	5611	5610	5482
9	5483	5484	5612	5611	5483
9	5484	5485	5613	5612	5484
9	5485	5486	5614	5613	5485
9	5486	5487	5615	5614	5486
9	5487	5488	5616	5615	5487
9	5488	5489	5617	5616	5488
9	5489	5490	5618	5617	5489
9	5490	5491	5619	5618	5490
9	5491	5492	5620	5619	5491
9	5492	5493	5621	5620	5492
9	5493	5494	5622	5621	5493
9	5494	5495	5623	5622	5494
9	5495	5496	5624	5623	5495
9	5496	5497	5625	5624	5496
9	5497	5498	5626	5625	5497
9	5498	5499	5627	5626	5498
9	5499	5500	5628	5627	5499
9	5500	5501	5629	5628	5500
9	5501	5502	5630	5629	5501
9	5502	5503	5631	5630	5502
9	5503	5376	5504	5631	5503
9	5504	5505	5633	5632	5504
9	5505	5506	5634	5633	5505
9	5506	5507	5635	5634	5506
9	5507	5508	5636	5635	5507
9	5508	5509	5637	5636	5508
9	5509	5510	5638	5637	5509
9	5510	5511	5639	5638	5510
9	5511	5512	5640	5639	5511
9	5512	5513	5641	5640	5512
9	5513	5514	5642	5641	5513
9	5514	5515	5643	5642	5514
9	5515	5516	5644	5643	5515
9	5516	5517	5645	5644	5516
9	5517	5518	5646	5645	5517
9	5518	5519	5647	5646	5518
9	5519	5520	5648	5647	5519
9	5520	5521	5649	5648	5520
9	5521	5522	5650	5649	5521
9	5522	5523	5651	5650	5522
9	5523	5524	5652	5651	5523
9	5524	5525	5653	5652	5524
9	5525	5526	5654	5653	5525
9	5526	5527	5655	5654	5526
9	5527	5528	5656	5655	5527
9	5528	5529	5657	5656	5528
9	5529	5530	5658	5657	5529
9	5530	5531	5659	5658	5530
9	5531	5532	5660	5659	5531
9	5532	5533	5661	5660	5532
9	5533	5534	5662	5661	5533
9	5534	5535	5663	5662	5534
9	5535	5536	5664	5663	5535
9	5536	5537	5665	5664	5536
9	5537	5538	5666	5665	5537
9	5538	5539	5667	5666	5538
9	5539	5540	5668	5667	5539
9	5540	5541	5669	5668	5540
9	5541	5542	5670	5669	5541
9	5542	5543	5671	5670	5542
9	5543	5544	5672	5671	5543
9	5544	5545	5673	5672	5544
9	5545	5546	5674	5673	5545
9	5546	5547	5675	5674	5546
9	5547	5548	5676	5675	5547
9	5548	5549	5677	5676	5548
9	5549	5550	5678	5677	5549
9	5550	5551	5679	5678	5550
9	5551	5552	5680	5679	5551
9	5552	5553	5681	5680	5552
9	5553	5554	5682	5681	5553
9	5554	5555	5683	5682	5554
9	5555	5556	5684	5683	5555
9	5556	5557	5685	5684	5556
9	5557	5558	5686	5685	5557
9	5558	5559	5687	5686	5558
9	5559	5560	5688	5687	5559
9	5560	5561	5689	5688	5560
9	5561	5562	5690	5689	5561
9	5562	5563	5691	5690	5562
9	5563	5564	5692	5691	5563
9	5564	5565	5693	5692	5564
9	5565	5566	5694	5693	5565
9	5566	5567	5695	5694	5566
9	5567	5568	5696	5695	5567
9	5568	5569	5697	5696	5568
9	5569	5570	5698	5697	5569
9	5570	5571	5699	5698	5570
9	5571	5572	5700	5699	5571
9	5572	5573	5701	5700	5572
9	5573	5574	5702	5701	5573
9	5574	5575	5703	5702	5574
9	5575	5576	5704	5703	5575
9	5576	5577	5705	5704	5576
9	5577	5578	5706	5705	5577
9	5578	5579	5707	5706	5578
9	5579	5580	5708	5707	5579
9	5580	5581	5709	5708	5580
9	5581	5582	5710	5709	5581
9	5582	5583	5711	5710	5582
9	5583	5584	5712	5711	5583
9	5584	5585	5713	5712	5584
9	5585	5586	5714	5713	5585
9	5586	5587	5715	5714	5586
9	5587	5588	5716	5715	5587
9	5588	5589	5717	5716	5588
9	5589	5590	5718	5717	5589
9	5590	5591	5719	5718	5590
9	5591	5592	5720	5719	5591
9	5592	5593	5721	5720	5592
9	5593	5594	5722	5721	5593
9	5594	5595	5723	5722	5594
9	5595	5596	5724	5723	5595
9	5596	5597	5725	5724	5596
9	5597	5598	5726	5725	5597
9	5598	5599	5727	5726	5598
9	5599	5600	5728	5727	5599
9	5600	5601	5729	5728	5600
9	5601	5602	5730	5729	5601
9	5602	5603	5731	5730	5602
9	5603	5604	5732	5731	5603
9	5604	5605	5733	5732	5604
9	5605	5606	5734	5733	5605
9	5606	5607	5735	5734	5606
9	5607	5608	5736	5735	5607
9	5608	5609	5737	5736	5608
9	5609	5610	5738	5737	5609
9	5610	5611	5739	5738	5610
9	5611	5612	5740	5739	5611
9	5612	5613	5741	5740	5612
9	5613	5614	5742	5741	5613
9	5614	5615	5743	5742	5614
9	5615	5616	5744	5743	5615
9	5616	5617	5745	5744	5616
9	5617	5618	5746	5745	5617
9	5618	5619	5747	5746	5618
9	5619	5620	5748	5747	5619
9	5620	5621	5749	5748	5620
9	5621	5622	5750	5749	5621
9	5622	5623	5751	5750	5622
9	5623	5624	5752	5751	5623
9	5624	5625	5753	5752	5624
9	5625	5626	5754	5753	5625
9	5626	5627	5755	5754	5626
9	5627	5628	5756	5755	5627
9	5628	5629	5757	5756	5628
9	5629	5630	5758	5757	5629
9	5630	5631	5759	5758	5630
9	5631	5504	5632	5759	5631
9	5632	5633	5761	5760	5632
9	5633	5634	5762	5761	5633
9	5634	5635	5763	5762	5634
9	5635	5636	5764	5763	5635
9	5636	5637	5765	5764	5636
9	5637	5638	5766	5765	5637
9	5638	5639	5767	5766	5638
9	5639	5640	5768	5767	5639
9	5640	5641	5769	5768	5640
9	5641	5642	5770	5769	5641
9	5642	5643	5771	5770	5642
9	5643	5644	5772	5771	5643
9	5644	5645	5773	5772	5644
9	5645	5646	5774	5773	5645
9	5646	5647	5775	5774	5646
9	5647	5648	5776	5775	5647
9	5648	5649	5777	5776	5648
9	5649	5650	5778	5777	5649
9	5650	5651	5779	5778	5650
9	5651	5652	5780	5779	5651
9	5652	5653	5781	5780	5652
9	5653	5654	5782	5781	5653
9	5654	5655	5783	5782	5654
9	5655	5656	5784	5783	5655
9	5656	5657	5785	5784	5656
9	5657	5658	5786	5785	5657
9	5658	5659	5787	5786	5658
9	5659	5660	5788	5787	5659
9	5660	5661	5789	5788	5660
9	5661	5662	5790	5789	5661
9	5662	5663	5791	5790	5662
9	5663	5664	5792	5791	5663
9	5664	5665	5793	5792	5664
9	5665	5666	5794	5793	5665
9	5666	5667	5795	5794	5666
9	5667	5668	5796	5795	5667
9	5668	5669	5797	5796	5668
9	5669	5670	5798	5797	5669
9	5670	5671	5799	5798	5670
9	5671	5672	5800	5799	5671
9	5672	5673	5801	5800	5672
9	5673	5674	5802	5801	5673
9	5674	5675	5803	5802	5674
9	5675	5676	5804	5803	5675
9	5676	5677	5805	5804	5676
9	5677	5678	5806	5805	5677
9	5678	5679	5807	5806	5678
9	5679	5680	5808	5807	5679
9	5680	5681	5809	5808	5680
9	5681	5682	5810	5809	5681
9	5682	5683	5811	5810	5682
9	5683	5684	5812	5811	5683
9	5684	5685	5813	5812	5684
9	5685	5686	5814	5813	5685
9	5686	5687	5815	5814	5686
9	5687	5688	5816	5815	5687
9	5688	5689	5817	5816	5688
9	5689	5690	5818	5817	5689
9	5690	5691	5819	5818	5690
9	5691	5692	5820	5819	5691
9	5692	5693	5821	5820	5692
9	5693	5694	5822	5821	5693
9	5694	5695	5823	5822	5694
9	5695	5696	5824	5823	5695
9	5696	5697	5825	5824	5696
9	5697	5698	5826	5825	5697
9	5698	5699	5827	5826	5698
9	5699	5700	5828	5827	5699
9	5700	5701	5829	5828	5700
9	5701	5702	5830	5829	5701
9	5702	5703	5831	5830	5702
9	5703	5704	5832	5831	5703
9	5704	5705	5833	5832	5704
9	5705	5706	5834	5833	5705
9	5706	5707	5835	5834	5706
9	5707	5708	5836	5835	5707
9	5708	5709	5837	5836	5708
9	5709	5710	5838	5837	5709
9	5710	5711	5839	5838	5710
9	5711	5712	5840	5839	5711
9	5712	5713	5841	5840	5712
9	5713	5714	5842	5841	5713
9	5714	5715	5843	5842	5714
9	5715	5716	5844	5843	5715
9	5716	5717	5845	5844	5716
9	5717	5718	5846	5845	5717
9	5718	5719	5847	5846	5718
9	5719	5720	5848	5847	5719
9	5720	5721	5849	5848	5720
9	5721	5722	5850	5849	5721
9	5722	5723	5851	5850	5722
9	5723	5724	5852	5851	5723
9	5724	5725	5853	5852	5724
9	5725	5726	5854	5853	5725
9	5726	5727	5855	5854	5726
9	5727	5728	5856	5855	5727
9	5728	5729	5857	5856	5728
9	5729	5730	5858	5857	5729
9	5730	5731	5859	5858	5730
9	5731	5732	5860	5859	5731
9	5732	5733	5861	5860	5732
9	5733	5734	5862	5861	5733
9	5734	5735	5863	5862	5734
9	5735	5736	5864	5863	5735
9	5736	5737	5865	5864	5736
9	5737	5738	5866	5865	5737
9	5738	5739	5867	5866	5738
9	5739	5740	5868	5867	5739
9	5740	5741	5869	5868	5740
9	5741	5742	5870	5869	5741
9	5742	5743	5871	5870	5742
9	5743	5744	5872	5871	5743
9	5744	5745	5873	5872	5744
9	5745	5746	5874	5873	5745
9	5746	5747	5875	5874	5746
9	5747	5748	5876	5875	5747
9	5748	5749	5877	5876	5748
9	5749	5750	5878	5877	5749
9	5750	5751	5879	5878	5750
9	5751	5752	5880	5879	5751
9	5752	5753	5881	5880	5752
9	5753	5754	5882	5881	5753
9	5754	5755	5883	5882	5754
9	5755	5756	5884	5883	5755
9	5756	5757	5885	5884	5756
9	5757	5758	5886	5885	5757
9	5758	5759	5887	5886	5758
9	5759	5632	5760	5887	5759
9	5760	5761	5889	5888	5760
9	5761	5762	5890	5889	5761
9	5762	5763	5891	5890	5762
9	5763	5764	5892	5891	5763
9	5764	5765	5893	5892	5764
9	5765	5766	5894	5893	5765
9	5766	5767	5895	5894	5766
9	5767	5768	5896	5895	5767
9	5768	5769	5897	5896	5768
9	5769	5770	5898	5897	5769
9	5770	5771	5899	5898	5770
9	5771	5772	5900	5899	5771
9	5772	5773	5901	5900	5772
9	5773	5774	5902	5901	5773
9	5774	5775	5903	5902	5774
9	5775	5776	5904	5903	5775
9	5776	5777	5905	5904	5776
9	5777	5778	5906	5905	5777
9	5778	5779	5907	5906	5778
9	5779	5780	5908	5907	5779
9	5780	5781	5909	5908	5780
9	5781	5782	5910	5909	5781
9	5782	5783	5911	5910	5782
9	5783	5784	5912	5911	5783
9	5784	5785	5913	5912	5784
9	5785	5786	5914	5913	5785
9	5786	5787	5915	5914	5786
9	5787	5788	5916	5915	5787
9	5788	5789	5917	5916	5788
9	5789	5790	5918	5917	5789
9	5790	5791	5919	5918	5790
9	5791	5792	5920	5919	5791
9	5792	5793	5921	5920	5792
9	5793	5794	5922	5921	5793
9	5794	5795	5923	5922	5794
9	5795	5796	5924	5923	5795
9	5796	5797	5925	5924	5796
9	5797	5798	5926	5925	5797
9	5798	5799	5927	5926	5798
9	5799	5800	5928	5927	5799
9	5800	5801	5929	5928	5800
9	5801	5802	5930	5929	5801
9	5802	5803	5931	5930	5802
9	5803	5804	5932	5931	5803
9	5804	5805	5933	5932	5804
9	5805	5806	5934	5933	5805
9	5806	5807	5935	5934	5806
9	5807	5808	5936	5935	5807
9	5808	5809	5937	5936	5808
9	5809	5810	5938	5937	5809
9	5810	5811	5939	5938	5810
9	5811	5812	5940	5939	5811
9	5812	5813	5941	5940	5812
9	5813	5814	5942	5941	5813
9	5814	5815	5943	5942	5814
9	5815	5816	5944	5943	5815
9	5816	5817	5945	5944	5816
9	5817	5818	5946	5945	5817
9	5818	5819	5947	5946	5818
9	5819	5820	5948	5947	5819
9	5820	5821	5949	5948	5820
9	5821	5822	5950	5949	5821
9	5822	5823	5951	5950	5822
9	5823	5824	5952	5951	5823
9	5824	5825	5953	5952	5824
9	5825	5826	5954	5953	5825
9	5826	5827	5955	5954	5826
9	5827	5828	5956	5955	5827
9	5828	5829	5957	5956	5828
9	5829	5830	5958	5957	5829
9	5830	5831	5959	5958	5830
9	5831	5832	5960	5959	5831
9	5832	5833	5961	5960	5832
9	5833	5834	5962	5961	5833
9	5834	5835	5963	5962	5834
9	5835	5836	5964	5963	5835
9	5836	5837	5965	5964	5836
9	5837	5838	5966	5965	5837
9	5838	5839	5967	5966	5838
9	5839	5840	5968	5967	5839
9	5840	5841	5969	5968	5840
9	5841	5842	5970	5969	5841
9	5842	5843	5971	5970	5842
9	5843	5844	5972	5971	5843
9	5844	5845	5973	5972	5844
9	5845	5846	5974	5973	5845
9	5846	5847	5975	5974	5846
9	5847	5848	5976	5975	5847
9	5848	5849	5977	5976	5848
9	5849	5850	5978	5977	5849
9	5850	5851	5979	5978	5850
9	5851	5852	5980	5979	5851
9	5852	5853	5981	5980	5852
9	5853	5854	5982	5981	5853
9	5854	5855	5983	5982	5854
9	5855	5856	5984	5983	5855
9	5856	5857	5985	5984	5856
9	5857	5858	5986	5985	5857
9	5858	5859	5987	5986	5858
9	5859	5860	5988	5987	5859
9	5860	5861	5989	5988	5860
9	5861	5862	5990	5989	5861
9	5862	5863	5991	5990	5862
9	5863	5864	5992	5991	5863
9	5864	5865	5993	5992	5864
9	5865	5866	5994	5993	5865
9	5866	5867	5995	5994	5866
9	5867	5868	5996	5995	5867
9	5868	5869	5997	5996	5868
9	5869	5870	5998	5997	5869
9	5870	5871	5999	5998	5870
9	5871	5872	6000	5999	5871
9	5872	5873	6001	6000	5872
9	5873	5874	6002	6001	5873
9	5874	5875	6003	6002	5874
9	5875	5876	6004	6003	5875
9	5876	5877	6005	6004	5876
9	5877	5878	6006	6005	5877
9	5878	5879	6007	6006	5878
9	5879	5880	6008	6007	5879
9	5880	5881	6009	6008	5880
9	5881	5882	6010	6009	5881
9	5882	5883	6011	6010	5882
9	5883	5884	6012	6011	5883
9	5884	5885	6013	6012	5884
9	5885	5886	6014	6013	5885
9	5886	5887	6015	6014	5886
9	5887	5760	5888	6015	5887
9	5888	5889	6017	6016	5888
9	5889	5890	6018	6017	5889
9	5890	5891	6019	6018	5890
9	5891	5892	6020	6019	5891
9	5892	5893	6021	6020	5892
9	5893	5894	6022	6021	5893
9	5894	5895	6023	6022	5894
9	5895	5896	6024	6023	5895
9	5896	5897	6025	6024	5896
9	5897	5898	6026	6025	5897
9	5898	5899	6027	6026	5898
9	5899	5900	6028	6027	5899
9	5900	5901	6029	6028	5900
9	5901	5902	6030	6029	5901
9	5902	5903	6031	6030	5902
9	5903	5904	6032	6031	5903
9	5904	5905	6033	6032	5904
9	5905	5906	6034	6033	5905
9	5906	5907	6035	6034	5906
9	5907	5908	6036	6035	5907
9	5908	5909	6037	6036	5908
9	5909	5910	6038	6037	5909
9	5910	5911	6039	6038	5910
9	5911	5912	6040	6039	5911
9	5912	5913	6041	6040	5912
9	5913	5914	6042	6041	5913
9	5914	5915	6043	6042	5914
9	5915	5916	6044	6043	5915
9	5916	5917	6045	6044	5916
9	5917	5918	6046	6045	5917
9	5918	5919	6047	6046	5918
9	5919	5920	6048	6047	5919
9	5920	5921	6049	6048	5920
9	5921	5922	6050	6049	5921
9	5922	5923	6051	6050	5922
9	5923	5924	6052	6051	5923
9	5924	5925	6053	6052	5924
9	5925	5926	6054	6053	5925
9	5926	5927	6055	6054	5926
9	5927	5928	6056	6055	5927
9	5928	5929	6057	6056	5928
9	5929	5930	6058	6057	5929
9	5930	5931	6059	6058	5930
9	5931	5932	6060	6059	5931
9	5932	5933	6061	6060	5932
9	5933	5934	6062	6061	5933
9	5934	5935	6063	6062	5934
9	5935	5936	6064	6063	5935
9	5936	5937	6065	6064	5936
9	5937	5938	6066	6065	5937
9	5938	5939	6067	6066	5938
9	5939	5940	6068	6067	5939
9	5940	5941	6069	6068	5940
9	5941	5942	6070	6069	5941
9	5942	5943	6071	6070	5942
9	5943	5944	6072	6071	5943
9	5944	5945	6073	6072	5944
9	5945	5946	6074	6073	5945
9	5946	5947	6075	6074	5946
9	5947	5948	6076	6075	5947
9	5948	5949	6077	6076	5948
9	5949	5950	6078	6077	5949
9	5950	5951	6079	6078	5950
9	5951	5952	6080	6079	5951
9	5952	5953	6081	6080	5952
9	5953	5954	6082	6081	5953
9	5954	5955	6083	6082	5954
9	5955	5956	6084	6083	5955
9	5956	5957	6085	6084	5956
9	5957	5958	6086	6085	5957
9	5958	5959	6087	6086	5958
9	5959	5960	6088	6087	5959
9	5960	5961	6089	6088	5960
9	5961	5962	6090	6089	5961
9	5962	5963	6091	6090	5962
9	5963	5964	6092	6091	5963
9	5964	5965	6093	6092	5964
9	5965	5966	6094	6093	5965
9	5966	5967	6095	6094	5966
9	5967	5968	6096	6095	5967
9	5968	5969	6097	6096	5968
9	5969	5970	6098	6097	5969
9	5970	5971	6099	6098	5970
9	5971	5972	6100	6099	5971
9	5972	5973	6101	6100	5972
9	5973	5974	6102	6101	5973
9	5974	5975	6103	6102	5974
9	5975	5976	6104	6103	5975
9	5976	5977	6105	6104	5976
9	5977	5978	6106	6105	5977
9	5978	5979	6107	6106	5978
9	5979	5980	6108	6107	5979
9	5980	5981	6109	6108	5980
9	5981	5982	6110	6109	5981
9	5982	5983	6111	6110	5982
9	5983	5984	6112	6111	5983
9	5984	5985	6113	6112	5984
9	5985	5986	6114	6113	5985
9	5986	5987	6115	6114	5986
9	5987	5988	6116	6115	5987
9	5988	5989	6117	6116	5988
9	5989	5990	6118	6117	5989
9	5990	5991	6119	6118	5990
9	5991	5992	6120	6119	5991
9	5992	5993	6121	6120	5992
9	5993	5994	6122	6121	5993
9	5994	5995	6123	6122	5994
9	5995	5996	6124	6123	5995
9	5996	5997	6125	6124	5996
9	5997	5998	6126	6125	5997
9	5998	5999	6127	6126	5998
9	5999	6000	6128	6127	5999
9	6000	6001	6129	6128	6000
9	6001	6002	6130	6129	6001
9	6002	6003	6131	6130	6002
9	6003	6004	6132	6131	6003
9	6004	6005	6133	6132	6004
9	6005	6006	6134	6133	6005
9	6006	6007	6135	6134	6006
9	6007	6008	6136	6135	6007
9	6008	6009	6137	6136	6008
9	6009	6010	6138	6137	6009
9	6010	6011	6139	6138	6010
9	6011	6012	6140	6139	6011
9	6012	6013	6141	6140	6012
9	6013	6014	6142	6141	6013
9	6014	6015	6143	6142	6014
9	6015	5888	6016	6143	6015
9	6016	6017	6145	6144	6016
9	6017	6018	6146	6145	6017
9	6018	6019	6147	6146	6018
9	6019	6020	6148	6147	6019
9	6020	6021	6149	6148	6020
9	6021	6022	6150	6149	6021
9	6022	6023	6151	6150	6022
9	6023	6024	6152	6151	6023
9	6024	6025	6153	6152	6024
9	6025	6026	6154	6153	6025
9	6026	6027	6155	6154	6026
9	6027	6028	6156	6155	6027
9	6028	6029	6157	6156	6028
9	6029	6030	6158	6157	6029
9	6030	6031	6159	6158	6030
9	6031	6032	6160	6159	6031
9	6032	6033	6161	6160	6032
9	6033	6034	6162	6161	6033
9	6034	6035	6163	6162	6034
9	6035	6036	6164	6163	6035
9	6036	6037	6165	6164	6036
9	6037	6038	6166	6165	6037
9	6038	6039	6167	6166	6038
9	6039	6040	6168	6167	6039
9	6040	6041	6169	6168	6040
9	6041	6042	6170	6169	6041
9	6042	6043	6171	6170	6042
9	6043	6044	6172	6171	6043
9	6044	6045	6173	6172	6044
9	6045	6046	6174	6173	6045
9	6046	6047	6175	6174	6046
9	6047	6048	6176	6175	6047
9	6048	6049	6177	6176	6048
9	6049	6050	6178	6177	6049
9	6050	6051	6179	6178	6050
9	6051	6052	6180	6179	6051
9	6052	6053	6181	6180	6052
9	6053	6054	6182	6181	6053
9	6054	6055	6183	6182	6054
9	6055	6056	6184	6183	6055
9	6056	6057	6185	6184	6056
9	6057	6058	6186	6185	6057
9	6058	6059	6187	6186	6058
9	6059	6060	6188	6187	6059
9	6060	6061	6189	6188	6060
9	6061	6062	6190	6189	6061
9	6062	6063	6191	6190	6062
9	6063	6064	6192	6191	6063
9	6064	6065	6193	6192	6064
9	6065	6066	6194	6193	6065
9	6066	6067	6195	6194	6066
9	6067	6068	6196	6195	6067
9	6068	6069	6197	6196	6068
9	6069	6070	6198	6197	6069
9	6070	6071	6199	6198	6070
9	6071	6072	6200	6199	6071
9	6072	6073	6201	6200	6072
9	6073	6074	6202	6201	6073
9	6074	6075	6203	6202	6074
9	6075	6076	6204	6203	6075
9	6076	6077	6205	6204	6076
9	6077	6078	6206	6205	6077
9	6078	6079	6207	6206	6078
9	6079	6080	6208	6207	6079
9	6080	6081	6209	6208	6080
9	6081	6082	6210	6209	6081
9	6082	6083	6211	6210	6082
9	6083	6084	6212	6211	6083
9	6084	6085	6213	6212	6084
9	6085	6086	6214	6213	6085
9	6086	6087	6215	6214	6086
9	6087	6088	6216	6215	6087
9	6088	6089	6217	6216	6088
9	6089	6090	6218	6217	6089
9	6090	6091	6219	6218	6090
9	6091	6092	6220	6219	6091
9	6092	6093	6221	6220	6092
9	6093	6094	6222	6221	6093
9	6094	6095	6223	6222	6094
9	6095	6096	6224	6223	6095
9	6096	6097	6225	6224	6096
9	6097	6098	6226	6225	6097
9	6098	6099	6227	6226	6098
9	6099	6100	6228	6227	6099
9	6100	6101	6229	6228	6100
9	6101	6102	6230	6229	6101
9	6102	6103	6231	6230	6102
9	6103	6104	6232	6231	6103
9	6104	6105	6233	6232	6104
9	6105	6106	6234	6233	6105
9	6106	6107	6235	6234	6106
9	6107	6108	6236	6235	6107
9	6108	6109	6237	6236	6108
9	6109	6110	6238	6237	6109
9	6110	6111	6239	6238	6110
9	6111	6112	6240	6239	6111
9	6112	6113	6241	6240	6112
9	6113	6114	6242	6241	6113
9	6114	6115	6243	6242	6114
9	6115	6116	6244	6243	6115
9	6116	6117	6245	6244	6116
9	6117	6118	6246	6245	6117
9	6118	6119	6247	6246	6118
9	6119	6120	6248	6247	6119
9	6120	6121	6249	6248	6120
9	6121	6122	6250	6249	6121
9	6122	6123	6251	6250	6122
9	6123	6124	6252	6251	6123
9	6124	6125	6253	6252	6124
9	6125	6126	6254	6253	6125
9	6126	6127	6255	6254	6126
9	6127	6128	6256	6255	6127
9	6128	6129	6257	6256	6128
9	6129	6130	6258	6257	6129
9	6130	6131	6259	6258	6130
9	6131	6132	6260	6259	6131
9	6132	6133	6261	6260	6132
9	6133	6134	6262	6261	6133
9	6134	6135	6263	6262	6134
9	6135	6136	6264	6263	6135
9	6136	6137	6265	6264	6136
9	6137	6138	6266	6265	6137
9	6138	6139	6267	6266	6138
9	6139	6140	6268	6267	6139
9	6140	6141	6269	6268	6140
9	6141	6142	6270	6269	6141
9	6142	6143	6271	6270	6142
9	6143	6016	6144	6271	6143
9	6144	6145	6273	6272	6144
9	6145	6146	6274	6273	6145
9	6146	6147	6275	6274	6146
9	6147	6148	6276	6275	6147
9	6148	6149	6277	6276	6148
9	6149	6150	6278	6277	6149
9	6150	6151	6279	6278	6150
9	6151	6152	6280	6279	6151
9	6152	6153	6281	6280	6152
9	6153	6154	6282	6281	6153
9	6154	6155	6283	6282	6154
9	6155	6156	6284	6283	6155
9	6156	6157	6285	6284	6156
9	6157	6158	6286	6285	6157
9	6158	6159	6287	6286	6158
9	6159	6160	6288	6287	6159
9	6160	6161	6289	6288	6160
9	6161	6162	6290	6289	6161
9	6162	6163	6291	6290	6162
9	6163	6164	6292	6291	6163
9	6164	6165	6293	6292	6164
9	6165	6166	6294	6293	6165
9	6166	6167	6295	6294	6166
9	6167	6168	6296	6295	6167
9	6168	6169	6297	6296	6168
9	6169	6170	6298	6297	6169
9	6170	6171	6299	6298	6170
9	6171	6172	6300	6299	6171
9	6172	6173	6301	6300	6172
9	6173	6174	6302	6301	6173
9	6174	6175	6303	6302	6174
9	6175	6176	6304	6303	6175
9	6176	6177	6305	6304	6176
9	6177	6178	6306	6305	6177
9	6178	6179	6307	6306	6178
9	6179	6180	6308	6307	6179
9	6180	6181	6309	6308	6180
9	6181	6182	6310	6309	6181
9	6182	6183	6311	6310	6182
9	6183	6184	6312	6311	6183
9	6184	6185	6313	6312	6184
9	6185	6186	6314	6313	6185
9	6186	6187	6315	6314	6186
9	6187	6188	6316	6315	6187
9	6188	6189	6317	6316	6188
9	6189	6190	6318	6317	6189
9	6190	6191	6319	6318	6190
9	6191	6192	6320	6319	6191
9	6192	6193	6321	6320	6192
9	6193	6194	6322	6321	6193
9	6194	6195	6323	6322	6194
9	6195	6196	6324	6323	6195
9	6196	6197	6325	6324	6196
9	6197	6198	6326	6325	6197
9	6198	6199	6327	6326	6198
9	6199	6200	6328	6327	6199
9	6200	6201	6329	6328	6200
9	6201	6202	6330	6329	6201
9	6202	6203	6331	6330	6202
9	6203	6204	6332	6331	6203
9	6204	6205	6333	6332	6204
9	6205	6206	6334	6333	6205
9	6206	6207	6335	6334	6206
9	6207	6208	6336	6335	6207
9	6208	6209	6337	6336	6208
9	6209	6210	6338	6337	6209
9	6210	6211	6339	6338	6210
9	6211	6212	6340	6339	6211
9	6212	6213	6341	6340	6212
9	6213	6214	6342	6341	6213
9	6214	6215	6343	6342	6214
9	6215	6216	6344	6343	6215
9	6216	6217	6345	6344	6216
9	6217	6218	6346	6345	6217
9	6218	6219	6347	6346	6218
9	6219	6220	6348	6347	6219
9	6220	6221	6349	6348	6220
9	6221	6222	6350	6349	6221
9	6222	6223	6351	6350	6222
9	6223	6224	6352	6351	6223
9	6224	6225	6353	6352	6224
9	6225	6226	6354	6353	6225
9	6226	6227	6355	6354	6226
9	6227	6228	6356	6355	6227
9	6228	6229	6357	6356	6228
9	6229	6230	6358	6357	6229
9	6230	6231	6359	6358	6230
9	6231	6232	6360	6359	6231
9	6232	6233	6361	6360	6232
9	6233	6234	6362	6361	6233
9	6234	6235	6363	6362	6234
9	6235	6236	6364	6363	6235
9	6236	6237	6365	6364	6236
9	6237	6238	6366	6365	6237
9	6238	6239	6367	6366	6238
9	6239	6240	6368	6367	6239
9	6240	6241	6369	6368	6240
9	6241	6242	6370	6369	6241
9	6242	6243	6371	6370	6242
9	6243	6244	6372	6371	6243
9	6244	6245	6373	6372	6244
9	6245	6246	6374	6373	6245
9	6246	6247	6375	6374	6246
9	6247	6248	6376	6375	6247
9	6248	6249	6377	6376	6248
9	6249	6250	6378	6377	6249
9	6250	6251	6379	6378	6250
9	6251	6252	6380	6379	6251
9	6252	6253	6381	6380	6252
9	6253	6254	6382	6381	6253
9	6254	6255	6383	6382	6254
9	6255	6256	6384	6383	6255
9	6256	6257	6385	6384	6256
9	6257	6258	6386	6385	6257
9	6258	6259	6387	6386	6258
9	6259	6260	6388	6387	6259
9	6260	6261	6389	6388	6260
9	6261	6262	6390	6389	6261
9	6262	6263	6391	6390	6262
9	6263	6264	6392	6391	6263
9	6264	6265	6393	6392	6264
9	6265	6266	6394	6393	6265
9	6266	6267	6395	6394	6266
9	6267	6268	6396	6395	6267
9	6268	6269	6397	6396	6268
9	6269	6270	6398	6397	6269
9	6270	6271	6399	6398	6270
9	6271	6144	6272	6399	6271
9	6272	6273	6401	6400	6272
9	6273	6274	6402	6401	6273
9	6274	6275	6403	6402	6274
9	6275	6276	6404	6403	6275
9	6276	6277	6405	6404	6276
9	6277	6278	6406	6405	6277
9	6278	6279	6407	6406	6278
9	6279	6280	6408	6407	6279
9	6280	6281	6409	6408	6280
9	6281	6282	6410	6409	6281
9	6282	6283	6411	6410	6282
9	6283	6284	6412	6411	6283
9	6284	6285	6413	6412	6284
9	6285	6286	6414	6413	6285
9	6286	6287	6415	6414	6286
9	6287	6288	6416	6415	6287
9	6288	6289	6417	6416	6288
9	6289	6290	6418	6417	6289
9	6290	6291	6419	6418	6290
9	6291	6292	6420	6419	6291
9	6292	6293	6421	6420	6292
9	6293	6294	6422	6421	6293
9	6294	6295	6423	6422	6294
9	6295	6296	6424	6423	6295
9	6296	6297	6425	6424	6296
9	6297	6298	6426	6425	6297
9	6298	6299	6427	6426	6298
9	6299	6300	6428	6427	6299
9	6300	6301	6429	6428	6300
9	6301	6302	6430	6429	6301
9	6302	6303	6431	6430	6302
9	6303	6304	6432	6431	6303
9	6304	6305	6433	6432	6304
9	6305	6306	6434	6433	6305
9	6306	6307	6435	6434	6306
9	6307	6308	6436	6435	6307
9	6308	6309	6437	6436	6308
9	6309	6310	6438	6437	6309
9	6310	6311	6439	6438	6310
9	6311	6312	6440	6439	6311
9	6312	6313	6441	6440	6312
9	6313	6314	6442	6441	6313
9	6314	6315	6443	6442	6314
9	6315	6316	6444	6443	6315
9	6316	6317	6445	6444	6316
9	6317	6318	6446	6445	6317
9	6318	6319	6447	6446	6318
9	6319	6320	6448	6447	6319
9	6320	6321	6449	6448	6320
9	6321	6322	6450	6449	6321
9	6322	6323	6451	6450	6322
9	6323	6324	6452	6451	6323
9	6324	6325	6453	6452	6324
9	6325	6326	6454	6453	6325
9	6326	6327	6455	6454	6326
9	6327	6328	6456	6455	6327
9	6328	6329	6457	6456	6328
9	6329	6330	6458	6457	6329
9	6330	6331	6459	6458	6330
9	6331	6332	6460	6459	6331
9	6332	6333	6461	6460	6332
9	6333	6334	6462	6461	6333
9	6334	6335	6463	6462	6334
9	6335	6336	6464	6463	6335
9	6336	6337	6465	6464	6336
9	6337	6338	6466	6465	6337
9	6338	6339	6467	6466	6338
9	6339	6340	6468	6467	6339
9	6340	6341	6469	6468	6340
9	6341	6342	6470	6469	6341
9	6342	6343	6471	6470	6342
9	6343	6344	6472	6471	6343
9	6344	6345	6473	6472	6344
9	6345	6346	6474	6473	6345
9	6346	6347	6475	6474	6346
9	6347	6348	6476	6475	6347
9	6348	6349	6477	6476	6348
9	6349	6350	6478	6477	6349
9	6350	6351	6479	6478	6350
9	6351	6352	6480	6479	6351
9	6352	6353	6481	6480	6352
9	6353	6354	6482	6481	6353
9	6354	6355	6483	6482	6354
9	6355	6356	6484	6483	6355
9	6356	6357	6485	6484	6356
9	6357	6358	6486	6485	6357
9	6358	6359	6487	6486	6358
9	6359	6360	6488	6487	6359
9	6360	6361	6489	6488	6360
9	6361	6362	6490	6489	6361
9	6362	6363	6491	6490	6362
9	6363	6364	6492	6491	6363
9	6364	6365	6493	6492	6364
9	6365	6366	6494	6493	6365
9	6366	6367	6495	6494	6366
9	6367	6368	6496	6495	6367
9	6368	6369	6497	6496	6368
9	6369	6370	6498	6497	6369
9	6370	6371	6499	6498	6370
9	6371	6372	6500	6499	6371
9	6372	6373	6501	6500	6372
9	6373	6374	6502	6501	6373
9	6374	6375	6503	6502	6374
9	6375	6376	6504	6503	6375
9	6376	6377	6505	6504	6376
9	6377	6378	6506	6505	6377
9	6378	6379	6507	6506	6378
9	6379	6380	6508	6507	6379
9	6380	6381	6509	6508	6380
9	6381	6382	6510	6509	6381
9	6382	6383	6511	6510	6382
9	6383	6384	6512	6511	6383
9	6384	6385	6513	6512	6384
9	6385	6386	6514	6513	6385
9	6386	6387	6515	6514	6386
9	6387	6388	6516	6515	6387
9	6388	6389	6517	6516	6388
9	6389	6390	6518	6517	6389
9	6390	6391	6519	6518	6390
9	6391	6392	6520	6519	6391
9	6392	6393	6521	6520	6392
9	6393	6394	6522	6521	6393
9	6394	6395	6523	6522	6394
9	6395	6396	6524	6523	6395
9	6396	6397	6525	6524	6396
9	6397	6398	6526	6525	6397
9	6398	6399	6527	6526	6398
9	6399	6272	6400	6527	6399
9	6400	6401	6529	6528	6400
9	6401	6402	6530	6529	6401
9	6402	6403	6531	6530	6402
9	6403	6404	6532	6531	6403
9	6404	6405	6533	6532	6404
9	6405	6406	6534	6533	6405
9	6406	6407	6535	6534	6406
9	6407	6408	6536	6535	6407
9	6408	6409	6537	6536	6408
9	6409	6410	6538	6537	6409
9	6410	6411	6539	6538	6410
9	6411	6412	6540	6539	6411
9	6412	6413	6541	6540	6412
9	6413	6414	6542	6541	6413
9	6414	6415	6543	6542	6414
9	6415	6416	6544	6543	6415
9	6416	6417	6545	6544	6416
9	6417	6418	6546	6545	6417
9	6418	6419	6547	6546	6418
9	6419	6420	6548	6547	6419
9	6420	6421	6549	6548	6420
9	6421	6422	6550	6549	6421
9	6422	6423	6551	6550	6422
9	6423	6424	6552	6551	6423
9	6424	6425	6553	6552	6424
9	6425	6426	6554	6553	6425
9	6426	6427	6555	6554	6426
9	6427	6428	6556	6555	6427
9	6428	6429	6557	6556	6428
9	6429	6430	6558	6557	6429
9	6430	6431	6559	6558	6430
9	6431	6432	6560	6559	6431
9	6432	6433	6561	6560	6432
9	6433	6434	6562	6561	6433
9	6434	6435	6563	6562	6434
9	6435	6436	6564	6563	6435
9	6436	6437	6565	6564	6436
9	6437	6438	6566	6565	6437
9	6438	6439	6567	6566	6438
9	6439	6440	6568	6567	6439
9	6440	6441	6569	6568	6440
9	6441	6442	6570	6569	6441
9	6442	6443	6571	6570	6442
9	6443	6444	6572	6571	6443
9	6444	6445	6573	6572	6444
9	6445	6446	6574	6573	6445
9	6446	6447	6575	6574	6446
9	6447	6448	6576	6575	6447
9	6448	6449	6577	6576	6448
9	6449	6450	6578	6577	6449
9	6450	6451	6579	6578	6450
9	6451	6452	6580	6579	6451
9	6452	6453	6581	6580	6452
9	6453	6454	6582	6581	6453
9	6454	6455	6583	6582	6454
9	6455	6456	6584	6583	6455
9	6456	6457	6585	6584	6456
9	6457	6458	6586	6585	6457
9	6458	6459	6587	6586	6458
9	6459	6460	6588	6587	6459
9	6460	6461	6589	6588	6460
9	6461	6462	6590	6589	6461
9	6462	6463	6591	6590	6462
9	6463	6464	6592	6591	6463
9	6464	6465	6593	6592	6464
9	6465	6466	6594	6593	6465
9	6466	6467	6595	6594	6466
9	6467	6468	6596	6595	6467
9	6468	6469	6597	6596	6468
9	6469	6470	6598	6597	6469
9	6470	6471	6599	6598	6470
9	6471	6472	6600	6599	6471
9	6472	6473	6601	6600	6472
9	6473	6474	6602	6601	6473
9	6474	6475	6603	6602	6474
9	6475	6476	6604	6603	6475
9	6476	6477	6605	6604	6476
9	6477	6478	6606	6605	6477
9	6478	6479	6607	6606	6478
9	6479	6480	6608	6607	6479
9	6480	6481	6609	6608	6480
9	6481	6482	6610	6609	6481
9	6482	6483	6611	6610	6482
9	6483	6484	6612	6611	6483
9	6484	6485	6613	6612	6484
9	6485	6486	6614	6613	6485
9	6486	6487	6615	6614	6486
9	6487	6488	6616	6615	6487
9	6488	6489	6617	6616	6488
9	6489	6490	6618	6617	6489
9	6490	6491	6619	6618	6490
9	6491	6492	6620	6619	6491
9	6492	6493	6621	6620	6492
9	6493	6494	6622	6621	6493
9	6494	6495	6623	6622	6494
9	6495	6496	6624	6623	6495
9	6496	6497	6625	6624	6496
9	6497	6498	6626	6625	6497
9	6498	6499	6627	6626	6498
9	6499	6500	6628	6627	6499
9	6500	6501	6629	6628	6500
9	6501	6502	6630	6629	6501
9	6502	6503	6631	6630	6502
9	6503	6504	6632	6631	6503
9	6504	6505	6633	6632	6504
9	6505	6506	6634	6633	6505
9	6506	6507	6635	6634	6506
9	6507	6508	6636	6635	6507
9	6508	6509	6637	6636	6508
9	6509	6510	6638	6637	6509
9	6510	6511	6639	6638	6510
9	6511	6512	6640	6639	6511
9	6512	6513	6641	6640	6512
9	6513	6514	6642	6641	6513
9	6514	6515	6643	6642	6514
9	6515	6516	6644	6643	6515
9	6516	6517	6645	6644	6516
9	6517	6518	6646	6645	6517
9	6518	6519	6647	6646	6518
9	6519	6520	6648	6647	6519
9	6520	6521	6649	6648	6520
9	6521	6522	6650	6649	6521
9	6522	6523	6651	6650	6522
9	6523	6524	6652	6651	6523
9	6524	6525	6653	6652	6524
9	6525	6526	6654	6653	6525
9	6526	6527	6655	6654	6526
9	6527	6400	6528	6655	6527
9	6528	6529	6657	6656	6528
9	6529	6530	6658	6657	6529
9	6530	6531	6659	6658	6530
9	6531	6532	6660	6659	6531
9	6532	6533	6661	6660	6532
9	6533	6534	6662	6661	6533
9	6534	6535	6663	6662	6534
9	6535	6536	6664	6663	6535
9	6536	6537	6665	6664	6536
9	6537	6538	6666	6665	6537
9	6538	6539	6667	6666	6538
9	6539	6540	6668	6667	6539
9	6540	6541	6669	6668	6540
9	6541	6542	6670	6669	6541
9	6542	6543	6671	6670	6542
9	6543	6544	6672	6671	6543
9	6544	6545	6673	6672	6544
9	6545	6546	6674	6673	6545
9	6546	6547	6675	6674	6546
9	6547	6548	6676	6675	6547
9	6548	6549	6677	6676	6548
9	6549	6550	6678	6677	6549
9	6550	6551	6679	6678	6550
9	6551	6552	6680	6679	6551
9	6552	6553	6681	6680	6552
9	6553	6554	6682	6681	6553
9	6554	6555	6683	6682	6554
9	6555	6556	6684	6683	6555
9	6556	6557	6685	6684	6556
9	6557	6558	6686	6685	6557
9	6558	6559	6687	6686	6558
9	6559	6560	6688	6687	6559
9	6560	6561	6689	6688	6560
9	6561	6562	6690	6689	6561
9	6562	6563	6691	6690	6562
9	6563	6564	6692	6691	6563
9	6564	6565	6693	6692	6564
9	6565	6566	6694	6693	6565
9	6566	6567	6695	6694	6566
9	6567	6568	6696	6695	6567
9	6568	6569	6697	6696	6568
9	6569	6570	6698	6697	6569
9	6570	6571	6699	6698	6570
9	6571	6572	6700	6699	6571
9	6572	6573	6701	6700	6572
9	6573	6574	6702	6701	6573
9	6574	6575	6703	6702	6574
9	6575	6576	6704	6703	6575
9	6576	6577	6705	6704	6576
9	6577	6578	6706	6705	6577
9	6578	6579	6707	6706	6578
9	6579	6580	6708	6707	6579
9	6580	6581	6709	6708	6580
9	6581	6582	6710	6709	6581
9	6582	6583	6711	6710	6582
9	6583	6584	6712	6711	6583
9	6584	6585	6713	6712	6584
9	6585	6586	6714	6713	6585
9	6586	6587	6715	6714	6586
9	6587	6588	6716	6715	6587
9	6588	6589	6717	6716	6588
9	6589	6590	6718	6717	6589
9	6590	6591	6719	6718	6590
9	6591	6592	6720	6719	6591
9	6592	6593	6721	6720	6592
9	6593	6594	6722	6721	6593
9	6594	6595	6723	6722	6594
9	6595	6596	6724	6723	6595
9	6596	6597	6725	6724	6596
9	6597	6598	6726	6725	6597
9	6598	6599	6727	6726	6598
9	6599	6600	6728	6727	6599
9	6600	6601	6729	6728	6600
9	6601	6602	6730	6729	6601
9	6602	6603	6731	6730	6602
9	6603	6604	6732	6731	6603
9	6604	6605	6733	6732	6604
9	6605	6606	6734	6733	6605
9	6606	6607	6735	6734	6606
9	6607	6608	6736	6735	6607
9	6608	6609	6737	6736	6608
9	6609	6610	6738	6737	6609
9	6610	6611	6739	6738	6610
9	6611	6612	6740	6739	6611
9	6612	6613	6741	6740	6612
9	6613	6614	6742	6741	6613
9	6614	6615	6743	6742	6614
9	6615	6616	6744	6743	6615
9	6616	6617	6745	6744	6616
9	6617	6618	6746	6745	6617
9	6618	6619	6747	6746	6618
9	6619	6620	6748	6747	6619
9	6620	6621	6749	6748	6620
9	6621	6622	6750	6749	6621
9	6622	6623	6751	6750	6622
9	6623	6624	6752	6751	6623
9	6624	6625	6753	6752	6624
9	6625	6626	6754	6753	6625
9	6626	6627	6755	6754	6626
9	6627	6628	6756	6755	6627
9	6628	6629	6757	6756	6628
9	6629	6630	6758	6757	6629
9	6630	6631	6759	6758	6630
9	6631	6632	6760	6759	6631
9	6632	6633	6761	6760	6632
9	6633	6634	6762	6761	6633
9	6634	6635	6763	6762	6634
9	6635	6636	6764	6763	6635
9	6636	6637	6765	6764	6636
9	6637	6638	6766	6765	6637
9	6638	6639	6767	6766	6638
9	6639	6640	6768	6767	6639
9	6640	6641	6769	6768	6640
9	6641	6642	6770	6769	6641
9	6642	6643	6771	6770	6642
9	6643	6644	6772	6771	6643
9	6644	6645	6773	6772	6644
9	6645	6646	6774	6773	6645
9	6646	6647	6775	6774	6646
9	6647	6648	6776	6775	6647
9	6648	6649	6777	6776	6648
9	6649	6650	6778	6777	6649
9	6650	6651	6779	6778	6650
9	6651	6652	6780	6779	6651
9	6652	6653	6781	6780	6652
9	6653	6654	6782	6781	6653
9	6654	6655	6783	6782	6654
9	6655	6528	6656	6783	6655
9	6656	6657	6785	6784	6656
9	6657	6658	6786	6785	6657
9	6658	6659	6787	6786	6658
9	6659	6660	6788	6787	6659
9	6660	6661	6789	6788	6660
9	6661	6662	6790	6789	6661
9	6662	6663	6791	6790	6662
9	6663	6664	6792	6791	6663
9	6664	6665	6793	6792	6664
9	6665	6666	6794	6793	6665
9	6666	6667	6795	6794	6666
9	6667	6668	6796	6795	6667
9	6668	6669	6797	6796	6668
9	6669	6670	6798	6797	6669
9	6670	6671	6799	6798	6670
9	6671	6672	6800	6799	6671
9	6672	6673	6801	6800	6672
9	6673	6674	6802	6801	6673
9	6674	6675	6803	6802	6674
9	6675	6676	6804	6803	6675
9	6676	6677	6805	6804	6676
9	6677	6678	6806	6805	6677
9	6678	6679	6807	6806	6678
9	6679	6680	6808	6807	6679
9	6680	6681	6809	6808	6680
9	6681	6682	6810	6809	6681
9	6682	6683	6811	6810	6682
9	6683	6684	6812	6811	6683
9	6684	6685	6813	6812	6684
9	6685	6686	6814	6813	6685
9	6686	6687	6815	6814	6686
9	6687	6688	6816	6815	6687
9	6688	6689	6817	6816	6688
9	6689	6690	6818	6817	6689
9	6690	6691	6819	6818	6690
9	6691	6692	6820	6819	6691
9	6692	6693	6821	6820	6692
9	6693	6694	6822	6821	6693
9	6694	6695	6823	6822	6694
9	6695	6696	6824	6823	6695
9	6696	6697	6825	6824	6696
9	6697	6698	6826	6825	6697
9	6698	6699	6827	6826	6698
9	6699	6700	6828	6827	6699
9	6700	6701	6829	6828	6700
9	6701	6702	6830	6829	6701
9	6702	6703	6831	6830	6702
9	6703	6704	6832	6831	6703
9	6704	6705	6833	6832	6704
9	6705	6706	6834	6833	6705
9	6706	6707	6835	6834	6706
9	6707	6708	6836	6835	6707
9	6708	6709	6837	6836	6708
9	6709	6710	6838	6837	6709
9	6710	6711	6839	6838	6710
9	6711	6712	6840	6839	6711
9	6712	6713	6841	6840	6712
9	6713	6714	6842	6841	6713
9	6714	6715	6843	6842	6714
9	6715	6716	6844	6843	6715
9	6716	6717	6845	6844	6716
9	6717	6718	6846	6845	6717
9	6718	6719	6847	6846	6718
9	6719	6720	6848	6847	6719
9	6720	6721	6849	6848	6720
9	6721	6722	6850	6849	6721
9	6722	6723	6851	6850	6722
9	6723	6724	6852	6851	6723
9	6724	6725	6853	6852	6724
9	6725	6726	6854	6853	6725
9	6726	6727	6855	6854	6726
9	6727	6728	6856	6855	6727
9	6728	6729	6857	6856	6728
9	6729	6730	6858	6857	6729
9	6730	6731	6859	6858	6730
9	6731	6732	6860	6859	6731
9	6732	6733	6861	6860	6732
9	6733	6734	6862	6861	6733
9	6734	6735	6863	6862	6734
9	6735	6736	6864	6863	6735
9	6736	6737	6865	6864	6736
9	6737	6738	6866	6865	6737
9	6738	6739	6867	6866	6738
9	6739	6740	6868	6867	6739
9	6740	6741	6869	6868	6740
9	6741	6742	6870	6869	6741
9	6742	6743	6871	6870	6742
9	6743	6744	6872	6871	6743
9	6744	6745	6873	6872	6744
9	6745	6746	6874	6873	6745
9	6746	6747	6875	6874	6746
9	6747	6748	6876	6875	6747
9	6748	6749	6877	6876	6748
9	6749	6750	6878	6877	6749
9	6750	6751	6879	6878	6750
9	6751	6752	6880	6879	6751
9	6752	6753	6881	6880	6752
9	6753	6754	6882	6881	6753
9	6754	6755	6883	6882	6754
9	6755	6756	6884	6883	6755
9	6756	6757	6885	6884	6756
9	6757	6758	6886	6885	6757
9	6758	6759	6887	6886	6758
9	6759	6760	6888	6887	6759
9	6760	6761	6889	6888	6760
9	6761	6762	6890	6889	6761
9	6762	6763	6891	6890	6762
9	6763	6764	6892	6891	6763
9	6764	6765	6893	6892	6764
9	6765	6766	6894	6893	6765
9	6766	6767	6895	6894	6766
9	6767	6768	6896	6895	6767
9	6768	6769	6897	6896	6768
9	6769	6770	6898	6897	6769
9	6770	6771	6899	6898	6770
9	6771	6772	6900	6899	6771
9	6772	6773	6901	6900	6772
9	6773	6774	6902	6901	6773
9	6774	6775	6903	6902	6774
9	6775	6776	6904	6903	6775
9	6776	6777	6905	6904	6776
9	6777	6778	6906	6905	6777
9	6778	6779	6907	6906	6778
9	6779	6780	6908	6907	6779
9	6780	6781	6909	6908	6780
9	6781	6782	6910	6909	6781
9	6782	6783	6911	6910	6782
9	6783	6656	6784	6911	6783
9	6784	6785	6913	6912	6784
9	6785	6786	6914	6913	6785
9	6786	6787	6915	6914	6786
9	6787	6788	6916	6915	6787
9	6788	6789	6917	6916	6788
9	6789	6790	6918	6917	6789
9	6790	6791	6919	6918	6790
9	6791	6792	6920	6919	6791
9	6792	6793	6921	6920	6792
9	6793	6794	6922	6921	6793
9	6794	6795	6923	6922	6794
9	6795	6796	6924	6923	6795
9	6796	6797	6925	6924	6796
9	6797	6798	6926	6925	6797
9	6798	6799	6927	6926	6798
9	6799	6800	6928	6927	6799
9	6800	6801	6929	6928	6800
9	6801	6802	6930	6929	6801
9	6802	6803	6931	6930	6802
9	6803	6804	6932	6931	6803
9	6804	6805	6933	6932	6804
9	6805	6806	6934	6933	6805
9	6806	6807	6935	6934	6806
9	6807	6808	6936	6935	6807
9	6808	6809	6937	6936	6808
9	6809	6810	6938	6937	6809
9	6810	6811	6939	6938	6810
9	6811	6812	6940	6939	6811
9	6812	6813	6941	6940	6812
9	6813	6814	6942	6941	6813
9	6814	6815	6943	6942	6814
9	6815	6816	6944	6943	6815
9	6816	6817	6945	6944	6816
9	6817	6818	6946	6945	6817
9	6818	6819	6947	6946	6818
9	6819	6820	6948	6947	6819
9	6820	6821	6949	6948	6820
9	6821	6822	6950	6949	6821
9	6822	6823	6951	6950	6822
9	6823	6824	6952	6951	6823
9	6824	6825	6953	6952	6824
9	6825	6826	6954	6953	6825
9	6826	6827	6955	6954	6826
9	6827	6828	6956	6955	6827
9	6828	6829	6957	6956	6828
9	6829	6830	6958	6957	6829
9	6830	6831	6959	6958	6830
9	6831	6832	6960	6959	6831
9	6832	6833	6961	6960	6832
9	6833	6834	6962	6961	6833
9	6834	6835	6963	6962	6834
9	6835	6836	6964	6963	6835
9	6836	6837	6965	6964	6836
9	6837	6838	6966	6965	6837
9	6838	6839	6967	6966	6838
9	6839	6840	6968	6967	6839
9	6840	6841	6969	6968	6840
9	6841	6842	6970	6969	6841
9	6842	6843	6971	6970	6842
9	6843	6844	6972	6971	6843
9	6844	6845	6973	6972	6844
9	6845	6846	6974	6973	6845
9	6846	6847	6975	6974	6846
9	6847	6848	6976	6975	6847
9	6848	6849	6977	6976	6848
9	6849	6850	6978	6977	6849
9	6850	6851	6979	6978	6850
9	6851	6852	6980	6979	6851
9	6852	6853	6981	6980	6852
9	6853	6854	6982	6981	6853
9	6854	6855	6983	6982	6854
9	6855	6856	6984	6983	6855
9	6856	6857	6985	6984	6856
9	6857	6858	6986	6985	6857
9	6858	6859	6987	6986	6858
9	6859	6860	6988	6987	6859
9	6860	6861	6989	6988	6860
9	6861	6862	6990	6989	6861
9	6862	6863	6991	6990	6862
9	6863	6864	6992	6991	6863
9	6864	6865	6993	6992	6864
9	6865	6866	6994	6993	6865
9	6866	6867	6995	6994	6866
9	6867	6868	6996	6995	6867
9	6868	6869	6997	6996	6868
9	6869	6870	6998	6997	6869
9	6870	6871	6999	6998	6870
9	6871	6872	7000	6999	6871
9	6872	6873	7001	7000	6872
9	6873	6874	7002	7001	6873
9	6874	6875	7003	7002	6874
9	6875	6876	7004	7003	6875
9	6876	6877	7005	7004	6876
9	6877	6878	7006	7005	6877
9	6878	6879	7007	7006	6878
9	6879	6880	7008	7007	6879
9	6880	6881	7009	7008	6880
9	6881	6882	7010	7009	6881
9	6882	6883	7011	7010	6882
9	6883	6884	7012	7011	6883
9	6884	6885	7013	7012	6884
9	6885	6886	7014	7013	6885
9	6886	6887	7015	7014	6886
9	6887	6888	7016	7015	6887
9	6888	6889	7017	7016	6888
9	6889	6890	7018	7017	6889
9	6890	6891	7019	7018	6890
9	6891	6892	7020	7019	6891
9	6892	6893	7021	7020	6892
9	6893	6894	7022	7021	6893
9	6894	6895	7023	7022	6894
9	6895	6896	7024	7023	6895
9	6896	6897	7025	7024	6896
9	6897	6898	7026	7025	6897
9	6898	6899	7027	7026	6898
9	6899	6900	7028	7027	6899
9	6900	6901	7029	7028	6900
9	6901	6902	7030	7029	6901
9	6902	6903	7031	7030	6902
9	6903	6904	7032	7031	6903
9	6904	6905	7033	7032	6904
9	6905	6906	7034	7033	6905
9	6906	6907	7035	7034	6906
9	6907	6908	7036	7035	6907
9	6908	6909	7037	7036	6908
9	6909	6910	7038	7037	6909
9	6910	6911	7039	7038	6910
9	6911	6784	6912	7039	6911
9	6912	6913	7041	7040	6912
9	6913	6914	7042	7041	6913
9	6914	6915	7043	7042	6914
9	6915	6916	7044	7043	6915
9	6916	6917	7045	7044	6916
9	6917	6918	7046	7045	6917
9	6918	6919	7047	7046	6918
9	6919	6920	7048	7047	6919
9	6920	6921	7049	7048	6920
9	6921	6922	7050	7049	6921
9	6922	6923	7051	7050	6922
9	6923	6924	7052	7051	6923
9	6924	6925	7053	7052	6924
9	6925	6926	7054	7053	6925
9	6926	6927	7055	7054	6926
9	6927	6928	7056	7055	6927
9	6928	6929	7057	7056	6928
9	6929	6930	7058	7057	6929
9	6930	6931	7059	7058	6930
9	6931	6932	7060	7059	6931
9	6932	6933	7061	7060	6932
9	6933	6934	7062	7061	6933
9	6934	6935	7063	7062	6934
9	6935	6936	7064	7063	6935
9	6936	6937	7065	7064	6936
9	6937	6938	7066	7065	6937
9	6938	6939	7067	7066	6938
9	6939	6940	7068	7067	6939
9	6940	6941	7069	7068	6940
9	6941	6942	7070	7069	6941
9	6942	6943	7071	7070	6942
9	6943	6944	7072	7071	6943
9	6944	6945	7073	7072	6944
9	6945	6946	7074	7073	6945
9	6946	6947	7075	7074	6946
9	6947	6948	7076	7075	6947
9	6948	6949	7077	7076	6948
9	6949	6950	7078	7077	6949
9	6950	6951	7079	7078	6950
9	6951	6952	7080	7079	6951
9	6952	6953	7081	7080	6952
9	6953	6954	7082	7081	6953
9	6954	6955	7083	7082	6954
9	6955	6956	7084	7083	6955
9	6956	6957	7085	7084	6956
9	6957	6958	7086	7085	6957
9	6958	6959	7087	7086	6958
9	6959	6960	7088	7087	6959
9	6960	6961	7089	7088	6960
9	6961	6962	7090	7089	6961
9	6962	6963	7091	7090	6962
9	6963	6964	7092	7091	6963
9	6964	6965	7093	7092	6964
9	6965	6966	7094	7093	6965
9	6966	6967	7095	7094	6966
9	6967	6968	7096	7095	6967
9	6968	6969	7097	7096	6968
9	6969	6970	7098	7097	6969
9	6970	6971	7099	7098	6970
9	6971	6972	7100	7099	6971
9	6972	6973	7101	7100	6972
9	6973	6974	7102	7101	6973
9	6974	6975	7103	7102	6974
9	6975	6976	7104	7103	6975
9	6976	6977	7105	7104	6976
9	6977	6978	7106	7105	6977
9	6978	6979	7107	7106	6978
9	6979	6980	7108	7107	6979
9	6980	6981	7109	7108	6980
9	6981	6982	7110	7109	6981
9	6982	6983	7111	7110	6982
9	6983	6984	7112	7111	6983
9	6984	6985	7113	7112	6984
9	6985	6986	7114	7113	6985
9	6986	6987	7115	7114	6986
9	6987	6988	7116	7115	6987
9	6988	6989	7117	7116	6988
9	6989	6990	7118	7117	6989
9	6990	6991	7119	7118	6990
9	6991	6992	7120	7119	6991
9	6992	6993	7121	7120	6992
9	6993	6994	7122	7121	6993
9	6994	6995	7123	7122	6994
9	6995	6996	7124	7123	6995
9	6996	6997	7125	7124	6996
9	6997	6998	7126	7125	6997
9	6998	6999	7127	7126	6998
9	6999	7000	7128	7127	6999
9	7000	7001	7129	7128	7000
9	7001	7002	7130	7129	7001
9	7002	7003	7131	7130	7002
9	7003	7004	7132	7131	7003
9	7004	7005	7133	7132	7004
9	7005	7006	7134	7133	7005
9	7006	7007	7135	7134	7006
9	7007	7008	7136	7135	7007
9	7008	7009	7137	7136	7008
9	7009	7010	7138	7137	7009
9	7010	7011	7139	7138	7010
9	7011	7012	7140	7139	7011
9	7012	7013	7141	7140	7012
9	7013	7014	7142	7141	7013
9	7014	7015	7143	7142	7014
9	7015	7016	7144	7143	7015
9	7016	7017	7145	7144	7016
9	7017	7018	7146	7145	7017
9	7018	7019	7147	7146	7018
9	7019	7020	7148	7147	7019
9	7020	7021	7149	7148	7020
9	7021	7022	7150	7149	7021
9	7022	7023	7151	7150	7022
9	7023	7024	7152	7151	7023
9	7024	7025	7153	7152	7024
9	7025	7026	7154	7153	7025
9	7026	7027	7155	7154	7026
9	7027	7028	7156	7155	7027
9	7028	7029	7157	7156	7028
9	7029	7030	7158	7157	7029
9	7030	7031	7159	7158	7030
9	7031	7032	7160	7159	7031
9	7032	7033	7161	7160	7032
9	7033	7034	7162	7161	7033
9	7034	7035	7163	7162	7034
9	7035	7036	7164	7163	7035
9	7036	7037	7165	7164	7036
9	7037	7038	7166	7165	7037
9	7038	7039	7167	7166	7038
9	7039	6912	7040	7167	7039
9	7040	7041	7169	7168	7040
9	7041	7042	7170	7169	7041
9	7042	7043	7171	7170	7042
9	7043	7044	7172	7171	7043
9	7044	7045	7173	7172	7044
9	7045	7046	7174	7173	7045
9	7046	7047	7175	7174	7046
9	7047	7048	7176	7175	7047
9	7048	7049	7177	7176	7048
9	7049	7050	7178	7177	7049
9	7050	7051	7179	7178	7050
9	7051	7052	7180	7179	7051
9	7052	7053	7181	7180	7052
9	7053	7054	7182	7181	7053
9	7054	7055	7183	7182	7054
9	7055	7056	7184	7183	7055
9	7056	7057	7185	7184	7056
9	7057	7058	7186	7185	7057
9	7058	7059	7187	7186	7058
9	7059	7060	7188	7187	7059
9	7060	7061	7189	7188	7060
9	7061	7062	7190	7189	7061
9	7062	7063	7191	7190	7062
9	7063	7064	7192	7191	7063
9	7064	7065	7193	7192	7064
9	7065	7066	7194	7193	7065
9	7066	7067	7195	7194	7066
9	7067	7068	7196	7195	7067
9	7068	7069	7197	7196	7068
9	7069	7070	7198	7197	7069
9	7070	7071	7199	7198	7070
9	7071	7072	7200	7199	7071
9	7072	7073	7201	7200	7072
9	7073	7074	7202	7201	7073
9	7074	7075	7203	7202	7074
9	7075	7076	7204	7203	7075
9	7076	7077	7205	7204	7076
9	7077	7078	7206	7205	7077
9	7078	7079	7207	7206	7078
9	7079	7080	7208	7207	7079
9	7080	7081	7209	7208	7080
9	7081	7082	7210	7209	7081
9	7082	7083	7211	7210	7082
9	7083	7084	7212	7211	7083
9	7084	7085	7213	7212	7084
9	7085	7086	7214	7213	7085
9	7086	7087	7215	7214	7086
9	7087	7088	7216	7215	7087
9	7088	7089	7217	7216	7088
9	7089	7090	7218	7217	7089
9	7090	7091	7219	7218	7090
9	7091	7092	7220	7219	7091
9	7092	7093	7221	7220	7092
9	7093	7094	7222	7221	7093
9	7094	7095	7223	7222	7094
9	7095	7096	7224	7223	7095
9	7096	7097	7225	7224	7096
9	7097	7098	7226	7225	7097
9	7098	7099	7227	7226	7098
9	7099	7100	7228	7227	7099
9	7100	7101	7229	7228	7100
9	7101	7102	7230	7229	7101
9	7102	7103	7231	7230	7102
9	7103	7104	7232	7231	7103
9	7104	7105	7233	7232	7104
9	7105	7106	7234	7233	7105
9	7106	7107	7235	7234	7106
9	7107	7108	7236	7235	7107
9	7108	7109	7237	7236	7108
9	7109	7110	7238	7237	7109
9	7110	7111	7239	7238	7110
9	7111	7112	7240	7239	7111
9	7112	7113	7241	7240	7112
9	7113	7114	7242	7241	7113
9	7114	7115	7243	7242	7114
9	7115	7116	7244	7243	7115
9	7116	7117	7245	7244	7116
9	7117	7118	7246	7245	7117
9	7118	7119	7247	7246	7118
9	7119	7120	7248	7247	7119
9	7120	7121	7249	7248	7120
9	7121	7122	7250	7249	7121
9	7122	7123	7251	7250	7122
9	7123	7124	7252	7251	7123
9	7124	7125	7253	7252	7124
9	7125	7126	7254	7253	7125
9	7126	7127	7255	7254	7126
9	7127	7128	7256	7255	7127
9	7128	7129	7257	7256	7128
9	7129	7130	7258	7257	7129
9	7130	7131	7259	7258	7130
9	7131	7132	7260	7259	7131
9	7132	7133	7261	7260	7132
9	7133	7134	7262	7261	7133
9	7134	7135	7263	7262	7134
9	7135	7136	7264	7263	7135
9	7136	7137	7265	7264	7136
9	7137	7138	7266	7265	7137
9	7138	7139	7267	7266	7138
9	7139	7140	7268	7267	7139
9	7140	7141	7269	7268	7140
9	7141	7142	7270	7269	7141
9	7142	7143	7271	7270	7142
9	7143	7144	7272	7271	7143
9	7144	7145	7273	7272	7144
9	7145	7146	7274	7273	7145
9	7146	7147	7275	7274	7146
9	7147	7148	7276	7275	7147
9	7148	7149	7277	7276	7148
9	7149	7150	7278	7277	7149
9	7150	7151	7279	7278	7150
9	7151	7152	7280	7279	7151
9	7152	7153	7281	7280	7152
9	7153	7154	7282	7281	7153
9	7154	7155	7283	7282	7154
9	7155	7156	7284	7283	7155
9	7156	7157	7285	7284	7156
9	7157	7158	7286	7285	7157
9	7158	7159	7287	7286	7158
9	7159	7160	7288	7287	7159
9	7160	7161	7289	7288	7160
9	7161	7162	7290	7289	7161
9	7162	7163	7291	7290	7162
9	7163	7164	7292	7291	7163
9	7164	7165	7293	7292	7164
9	7165	7166	7294	7293	7165
9	7166	7167	7295	7294	7166
9	7167	7040	7168	7295	7167
9	7168	7169	7297	7296	7168
9	7169	7170	7298	7297	7169
9	7170	7171	7299	7298	7170
9	7171	7172	7300	7299	7171
9	7172	7173	7301	7300	7172
9	7173	7174	7302	7301	7173
9	7174	7175	7303	7302	7174
9	7175	7176	7304	7303	7175
9	7176	7177	7305	7304	7176
9	7177	7178	7306	7305	7177
9	7178	7179	7307	7306	7178
9	7179	7180	7308	7307	7179
9	7180	7181	7309	7308	7180
9	7181	7182	7310	7309	7181
9	7182	7183	7311	7310	7182
9	7183	7184	7312	7311	7183
9	7184	7185	7313	7312	7184
9	7185	7186	7314	7313	7185
9	7186	7187	7315	7314	7186
9	7187	7188	7316	7315	7187
9	7188	7189	7317	7316	7188
9	7189	7190	7318	7317	7189
9	7190	7191	7319	7318	7190
9	7191	7192	7320	7319	7191
9	7192	7193	7321	7320	7192
9	7193	7194	7322	7321	7193
9	7194	7195	7323	7322	7194
9	7195	7196	7324	7323	7195
9	7196	7197	7325	7324	7196
9	7197	7198	7326	7325	7197
9	7198	7199	7327	7326	7198
9	7199	7200	7328	7327	7199
9	7200	7201	7329	7328	7200
9	7201	7202	7330	7329	7201
9	7202	7203	7331	7330	7202
9	7203	7204	7332	7331	7203
9	7204	7205	7333	7332	7204
9	7205	7206	7334	7333	7205
9	7206	7207	7335	7334	7206
9	7207	7208	7336	7335	7207
9	7208	7209	7337	7336	7208
9	7209	7210	7338	7337	7209
9	7210	7211	7339	7338	7210
9	7211	7212	7340	7339	7211
9	7212	7213	7341	7340	7212
9	7213	7214	7342	7341	7213
9	7214	7215	7343	7342	7214
9	7215	7216	7344	7343	7215
9	7216	7217	7345	7344	7216
9	7217	7218	7346	7345	7217
9	7218	7219	7347	7346	7218
9	7219	7220	7348	7347	7219
9	7220	7221	7349	7348	7220
9	7221	7222	7350	7349	7221
9	7222	7223	7351	7350	7222
9	7223	7224	7352	7351	7223
9	7224	7225	7353	7352	7224
9	7225	7226	7354	7353	7225
9	7226	7227	7355	7354	7226
9	7227	7228	7356	7355	7227
9	7228	7229	7357	7356	7228
9	7229	7230	7358	7357	7229
9	7230	7231	7359	7358	7230
9	7231	7232	7360	7359	7231
9	7232	7233	7361	7360	7232
9	7233	7234	7362	7361	7233
9	7234	7235	7363	7362	7234
9	7235	7236	7364	7363	7235
9	7236	7237	7365	7364	7236
9	7237	7238	7366	7365	7237
9	7238	7239	7367	7366	7238
9	7239	7240	7368	7367	7239
9	7240	7241	7369	7368	7240
9	7241	7242	7370	7369	7241
9	7242	7243	7371	7370	7242
9	7243	7244	7372	7371	7243
9	7244	7245	7373	7372	7244
9	7245	7246	7374	7373	7245
9	7246	7247	7375	7374	7246
9	7247	7248	7376	7375	7247
9	7248	7249	7377	7376	7248
9	7249	7250	7378	7377	7249
9	7250	7251	7379	7378	7250
9	7251	7252	7380	7379	7251
9	7252	7253	7381	7380	7252
9	7253	7254	7382	7381	7253
9	7254	7255	7383	7382	7254
9	7255	7256	7384	7383	7255
9	7256	7257	7385	7384	7256
9	7257	7258	7386	7385	7257
9	7258	7259	7387	7386	7258
9	7259	7260	7388	7387	7259
9	7260	7261	7389	7388	7260
9	7261	7262	7390	7389	7261
9	7262	7263	7391	7390	7262
9	7263	7264	7392	7391	7263
9	7264	7265	7393	7392	7264
9	7265	7266	7394	7393	7265
9	7266	7267	7395	7394	7266
9	7267	7268	7396	7395	7267
9	7268	7269	7397	7396	7268
9	7269	7270	7398	7397	7269
9	7270	7271	7399	7398	7270
9	7271	7272	7400	7399	7271
9	7272	7273	7401	7400	7272
9	7273	7274	7402	7401	7273
9	7274	7275	7403	7402	7274
9	7275	7276	7404	7403	7275
9	7276	7277	7405	7404	7276
9	7277	7278	7406	7405	7277
9	7278	7279	7407	7406	7278
9	7279	7280	7408	7407	7279
9	7280	7281	7409	7408	7280
9	7281	7282	7410	7409	7281
9	7282	7283	7411	7410	7282
9	7283	7284	7412	7411	7283
9	7284	7285	7413	7412	7284
9	7285	7286	7414	7413	7285
9	7286	7287	7415	7414	7286
9	7287	7288	7416	7415	7287
9	7288	7289	7417	7416	7288
9	7289	7290	7418	7417	7289
9	7290	7291	7419	7418	7290
9	7291	7292	7420	7419	7291
9	7292	7293	7421	7420	7292
9	7293	7294	7422	7421	7293
9	7294	7295	7423	7422	7294
9	7295	7168	7296	7423	7295
9	7296	7297	7425	7424	7296
9	7297	7298	7426	7425	7297
9	7298	7299	7427	7426	7298
9	7299	7300	7428	7427	7299
9	7300	7301	7429	7428	7300
9	7301	7302	7430	7429	7301
9	7302	7303	7431	7430	7302
9	7303	7304	7432	7431	7303
9	7304	7305	7433	7432	7304
9	7305	7306	7434	7433	7305
9	7306	7307	7435	7434	7306
9	7307	7308	7436	7435	7307
9	7308	7309	7437	7436	7308
9	7309	7310	7438	7437	7309
9	7310	7311	7439	7438	7310
9	7311	7312	7440	7439	7311
9	7312	7313	7441	7440	7312
9	7313	7314	7442	7441	7313
9	7314	7315	7443	7442	7314
9	7315	7316	7444	7443	7315
9	7316	7317	7445	7444	7316
9	7317	7318	7446	7445	7317
9	7318	7319	7447	7446	7318
9	7319	7320	7448	7447	7319
9	7320	7321	7449	7448	7320
9	7321	7322	7450	7449	7321
9	7322	7323	7451	7450	7322
9	7323	7324	7452	7451	7323
9	7324	7325	7453	7452	7324
9	7325	7326	7454	7453	7325
9	7326	7327	7455	7454	7326
9	7327	7328	7456	7455	7327
9	7328	7329	7457	7456	7328
9	7329	7330	7458	7457	7329
9	7330	7331	7459	7458	7330
9	7331	7332	7460	7459	7331
9	7332	7333	7461	7460	7332
9	7333	7334	7462	7461	7333
9	7334	7335	7463	7462	7334
9	7335	7336	7464	7463	7335
9	7336	7337	7465	7464	7336
9	7337	7338	7466	7465	7337
9	7338	7339	7467	7466	7338
9	7339	7340	7468	7467	7339
9	7340	7341	7469	7468	7340
9	7341	7342	7470	7469	7341
9	7342	7343	7471	7470	7342
9	7343	7344	7472	7471	7343
9	7344	7345	7473	7472	7344
9	7345	7346	7474	7473	7345
9	7346	7347	7475	7474	7346
9	7347	7348	7476	7475	7347
9	7348	7349	7477	7476	7348
9	7349	7350	7478	7477	7349
9	7350	7351	7479	7478	7350
9	7351	7352	7480	7479	7351
9	7352	7353	7481	7480	7352
9	7353	7354	7482	7481	7353
9	7354	7355	7483	7482	7354
9	7355	7356	7484	7483	7355
9	7356	7357	7485	7484	7356
9	7357	7358	7486	7485	7357
9	7358	7359	7487	7486	7358
9	7359	7360	7488	7487	7359
9	7360	7361	7489	7488	7360
9	7361	7362	7490	7489	7361
9	7362	7363	7491	7490	7362
9	7363	7364	7492	7491	7363
9	7364	7365	7493	7492	7364
9	7365	7366	7494	7493	7365
9	7366	7367	7495	7494	7366
9	7367	7368	7496	7495	7367
9	7368	7369	7497	7496	7368
9	7369	7370	7498	7497	7369
9	7370	7371	7499	7498	7370
9	7371	7372	7500	7499	7371
9	7372	7373	7501	7500	7372
9	7373	7374	7502	7501	7373
9	7374	7375	7503	7502	7374
9	7375	7376	7504	7503	7375
9	7376	7377	7505	7504	7376
9	7377	7378	7506	7505	7377
9	7378	7379	7507	7506	7378
9	7379	7380	7508	7507	7379
9	7380	7381	7509	7508	7380
9	7381	7382	7510	7509	7381
9	7382	7383	7511	7510	7382
9	7383	7384	7512	7511	7383
9	7384	7385	7513	7512	7384
9	7385	7386	7514	7513	7385
9	7386	7387	7515	7514	7386
9	7387	7388	7516	7515	7387
9	7388	7389	7517	7516	7388
9	7389	7390	7518	7517	7389
9	7390	7391	7519	7518	7390
9	7391	7392	7520	7519	7391
9	7392	7393	7521	7520	7392
9	7393	7394	7522	7521	7393
9	7394	7395	7523	7522	7394
9	7395	7396	7524	7523	7395
9	7396	7397	7525	7524	7396
9	7397	7398	7526	7525	7397
9	7398	7399	7527	7526	7398
9	7399	7400	7528	7527	7399
9	7400	7401	7529	7528	7400
9	7401	7402	7530	7529	7401
9	7402	7403	7531	7530	7402
9	7403	7404	7532	7531	7403
9	7404	7405	7533	7532	7404
9	7405	7406	7534	7533	7405
9	7406	7407	7535	7534	7406
9	7407	7408	7536	7535	7407
9	7408	7409	7537	7536	7408
9	7409	7410	7538	7537	7409
9	7410	7411	7539	7538	7410
9	7411	7412	7540	7539	7411
9	7412	7413	7541	7540	7412
9	7413	7414	7542	7541	7413
9	7414	7415	7543	7542	7414
9	7415	7416	7544	7543	7415
9	7416	7417	7545	7544	7416
9	7417	7418	7546	7545	7417
9	7418	7419	7547	7546	7418
9	7419	7420	7548	7547	7419
9	7420	7421	7549	7548	7420
9	7421	7422	7550	7549	7421
9	7422	7423	7551	7550	7422
9	7423	7296	7424	7551	7423
9	7424	7425	7553	7552	7424
9	7425	7426	7554	7553	7425
9	7426	7427	7555	7554	7426
9	7427	7428	7556	7555	7427
9	7428	7429	7557	7556	7428
9	7429	7430	7558	7557	7429
9	7430	7431	7559	7558	7430
9	7431	7432	7560	7559	7431
9	7432	7433	7561	7560	7432
9	7433	7434	7562	7561	7433
9	7434	7435	7563	7562	7434
9	7435	7436	7564	7563	7435
9	7436	7437	7565	7564	7436
9	7437	7438	7566	7565	7437
9	7438	7439	7567	7566	7438
9	7439	7440	7568	7567	7439
9	7440	7441	7569	7568	7440
9	7441	7442	7570	7569	7441
9	7442	7443	7571	7570	7442
9	7443	7444	7572	7571	7443
9	7444	7445	7573	7572	7444
9	7445	7446	7574	7573	7445
9	7446	7447	7575	7574	7446
9	7447	7448	7576	7575	7447
9	7448	7449	7577	7576	7448
9	7449	7450	7578	7577	7449
9	7450	7451	7579	7578	7450
9	7451	7452	7580	7579	7451
9	7452	7453	7581	7580	7452
9	7453	7454	7582	7581	7453
9	7454	7455	7583	7582	7454
9	7455	7456	7584	7583	7455
9	7456	7457	7585	7584	7456
9	7457	7458	7586	7585	7457
9	7458	7459	7587	7586	7458
9	7459	7460	7588	7587	7459
9	7460	7461	7589	7588	7460
9	7461	7462	7590	7589	7461
9	7462	7463	7591	7590	7462
9	7463	7464	7592	7591	7463
9	7464	7465	7593	7592	7464
9	7465	7466	7594	7593	7465
9	7466	7467	7595	7594	7466
9	7467	7468	7596	7595	7467
9	7468	7469	7597	7596	7468
9	7469	7470	7598	7597	7469
9	7470	7471	7599	7598	7470
9	7471	7472	7600	7599	7471
9	7472	7473	7601	7600	7472
9	7473	7474	7602	7601	7473
9	7474	7475	7603	7602	7474
9	7475	7476	7604	7603	7475
9	7476	7477	7605	7604	7476
9	7477	7478	7606	7605	7477
9	7478	7479	7607	7606	7478
9	7479	7480	7608	7607	7479
9	7480	7481	7609	7608	7480
9	7481	7482	7610	7609	7481
9	7482	7483	7611	7610	7482
9	7483	7484	7612	7611	7483
9	7484	7485	7613	7612	7484
9	7485	7486	7614	7613	7485
9	7486	7487	7615	7614	7486
9	7487	7488	7616	7615	7487
9	7488	7489	7617	7616	7488
9	7489	7490	7618	7617	7489
9	7490	7491	7619	7618	7490
9	7491	7492	7620	7619	7491
9	7492	7493	7621	7620	7492
9	7493	7494	7622	7621	7493
9	7494	7495	7623	7622	7494
9	7495	7496	7624	7623	7495
9	7496	7497	7625	7624	7496
9	7497	7498	7626	7625	7497
9	7498	7499	7627	7626	7498
9	7499	7500	7628	7627	7499
9	7500	7501	7629	7628	7500
9	7501	7502	7630	7629	7501
9	7502	7503	7631	7630	7502
9	7503	7504	7632	7631	7503
9	7504	7505	7633	7632	7504
9	7505	7506	7634	7633	7505
9	7506	7507	7635	7634	7506
9	7507	7508	7636	7635	7507
9	7508	7509	7637	7636	7508
9	7509	7510	7638	7637	7509
9	7510	7511	7639	7638	7510
9	7511	7512	7640	7639	7511
9	7512	7513	7641	7640	7512
9	7513	7514	7642	7641	7513
9	7514	7515	7643	7642	7514
9	7515	7516	7644	7643	7515
9	7516	7517	7645	7644	7516
9	7517	7518	7646	7645	7517
9	7518	7519	7647	7646	7518
9	7519	7520	7648	7647	7519
9	7520	7521	7649	7648	7520
9	7521	7522	7650	7649	7521
9	7522	7523	7651	7650	7522
9	7523	7524	7652	7651	7523
9	7524	7525	7653	7652	7524
9	7525	7526	7654	7653	7525
9	7526	7527	7655	7654	7526
9	7527	7528	7656	7655	7527
9	7528	7529	7657	7656	7528
9	7529	7530	7658	7657	7529
9	7530	7531	7659	7658	7530
9	7531	7532	7660	7659	7531
9	7532	7533	7661	7660	7532
9	7533	7534	7662	7661	7533
9	7534	7535	7663	7662	7534
9	7535	7536	7664	7663	7535
9	7536	7537	7665	7664	7536
9	7537	7538	7666	7665	7537
9	7538	7539	7667	7666	7538
9	7539	7540	7668	7667	7539
9	7540	7541	7669	7668	7540
9	7541	7542	7670	7669	7541
9	7542	7543	7671	7670	7542
9	7543	7544	7672	7671	7543
9	7544	7545	7673	7672	7544
9	7545	7546	7674	7673	7545
9	7546	7547	7675	7674	7546
9	7547	7548	7676	7675	7547
9	7548	7549	7677	7676	7548
9	7549	7550	7678	7677	7549
9	7550	7551	7679	7678	7550
9	7551	7424	7552	7679	7551
9	7552	7553	7681	7680	7552
9	7553	7554	7682	7681	7553
9	7554	7555	7683	7682	7554
9	7555	7556	7684	7683	7555
9	7556	7557	7685	7684	7556
9	7557	7558	7686	7685	7557
9	7558	7559	7687	7686	7558
9	7559	7560	7688	7687	7559
9	7560	7561	7689	7688	7560
9	7561	7562	7690	7689	7561
9	7562	7563	7691	7690	7562
9	7563	7564	7692	7691	7563
9	7564	7565	7693	7692	7564
9	7565	7566	7694	7693	7565
9	7566	7567	7695	7694	7566
9	7567	7568	7696	7695	7567
9	7568	7569	7697	7696	7568
9	7569	7570	7698	7697	7569
9	7570	7571	7699	7698	7570
9	7571	7572	7700	7699	7571
9	7572	7573	7701	7700	7572
9	7573	7574	7702	7701	7573
9	7574	7575	7703	7702	7574
9	7575	7576	7704	7703	7575
9	7576	7577	7705	7704	7576
9	7577	7578	7706	7705	7577
9	7578	7579	7707	7706	7578
9	7579	7580	7708	7707	7579
9	7580	7581	7709	7708	7580
9	7581	7582	7710	7709	7581
9	7582	7583	7711	7710	7582
9	7583	7584	7712	7711	7583
9	7584	7585	7713	7712	7584
9	7585	7586	7714	7713	7585
9	7586	7587	7715	7714	7586
9	7587	7588	7716	7715	7587
9	7588	7589	7717	7716	7588
9	7589	7590	7718	7717	7589
9	7590	7591	7719	7718	7590
9	7591	7592	7720	7719	7591
9	7592	7593	7721	7720	7592
9	7593	7594	7722	7721	7593
9	7594	7595	7723	7722	7594
9	7595	7596	7724	7723	7595
9	7596	7597	7725	7724	7596
9	7597	7598	7726	7725	7597
9	7598	7599	7727	7726	7598
9	7599	7600	7728	7727	7599
9	7600	7601	7729	7728	7600
9	7601	7602	7730	7729	7601
9	7602	7603	7731	7730	7602
9	7603	7604	7732	7731	7603
9	7604	7605	7733	7732	7604
9	7605	7606	7734	7733	7605
9	7606	7607	7735	7734	7606
9	7607	7608	7736	7735	7607
9	7608	7609	7737	7736	7608
9	7609	7610	7738	7737	7609
9	7610	7611	7739	7738	7610
9	7611	7612	7740	7739	7611
9	7612	7613	7741	7740	7612
9	7613	7614	7742	7741	7613
9	7614	7615	7743	7742	7614
9	7615	7616	7744	7743	7615
9	7616	7617	7745	7744	7616
9	7617	7618	7746	7745	7617
9	7618	7619	7747	7746	7618
9	7619	7620	7748	7747	7619
9	7620	7621	7749	7748	7620
9	7621	7622	7750	7749	7621
9	7622	7623	7751	7750	7622
9	7623	7624	7752	7751	7623
9	7624	7625	7753	7752	7624
9	7625	7626	7754	7753	7625
9	7626	7627	7755	7754	7626
9	7627	7628	7756	7755	7627
9	7628	7629	7757	7756	7628
9	7629	7630	7758	7757	7629
9	7630	7631	7759	7758	7630
9	7631	7632	7760	7759	7631
9	7632	7633	7761	7760	7632
9	7633	7634	7762	7761	7633
9	7634	7635	7763	7762	7634
9	7635	7636	7764	7763	7635
9	7636	7637	7765	7764	7636
9	7637	7638	7766	7765	7637
9	7638	7639	7767	7766	7638
9	7639	7640	7768	7767	7639
9	7640	7641	7769	7768	7640
9	7641	7642	7770	7769	7641
9	7642	7643	7771	7770	7642
9	7643	7644	7772	7771	7643
9	7644	7645	7773	7772	7644
9	7645	7646	7774	7773	7645
9	7646	7647	7775	7774	7646
9	7647	7648	7776	7775	7647
9	7648	7649	7777	7776	7648
9	7649	7650	7778	7777	7649
9	7650	7651	7779	7778	7650
9	7651	7652	7780	7779	7651
9	7652	7653	7781	7780	7652
9	7653	7654	7782	7781	7653
9	7654	7655	7783	7782	7654
9	7655	7656	7784	7783	7655
9	7656	7657	7785	7784	7656
9	7657	7658	7786	7785	7657
9	7658	7659	7787	7786	7658
9	7659	7660	7788	7787	7659
9	7660	7661	7789	7788	7660
9	7661	7662	7790	7789	7661
9	7662	7663	7791	7790	7662
9	7663	7664	7792	7791	7663
9	7664	7665	7793	7792	7664
9	7665	7666	7794	7793	7665
9	7666	7667	7795	7794	7666
9	7667	7668	7796	7795	7667
9	7668	7669	7797	7796	7668
9	7669	7670	7798	7797	7669
9	7670	7671	7799	7798	7670
9	7671	7672	7800	7799	7671
9	7672	7673	7801	7800	7672
9	7673	7674	7802	7801	7673
9	7674	7675	7803	7802	7674
9	7675	7676	7804	7803	7675
9	7676	7677	7805	7804	7676
9	7677	7678	7806	7805	7677
9	7678	7679	7807	7806	7678
9	7679	7552	7680	7807	7679
9	7680	7681	7809	7808	7680
9	7681	7682	7810	7809	7681
9	7682	7683	7811	7810	7682
9	7683	7684	7812	7811	7683
9	7684	7685	7813	7812	7684
9	7685	7686	7814	7813	7685
9	7686	7687	7815	7814	7686
9	7687	7688	7816	7815	7687
9	7688	7689	7817	7816	7688
9	7689	7690	7818	7817	7689
9	7690	7691	7819	7818	7690
9	7691	7692	7820	7819	7691
9	7692	7693	7821	7820	7692
9	7693	7694	7822	7821	7693
9	7694	7695	7823	7822	7694
9	7695	7696	7824	7823	7695
9	7696	7697	7825	7824	7696
9	7697	7698	7826	7825	7697
9	7698	7699	7827	7826	7698
9	7699	7700	7828	7827	7699
9	7700	7701	7829	7828	7700
9	7701	7702	7830	7829	7701
9	7702	7703	7831	7830	7702
9	7703	7704	7832	7831	7703
9	7704	7705	7833	7832	7704
9	7705	7706	7834	7833	7705
9	7706	7707	7835	7834	7706
9	7707	7708	7836	7835	7707
9	7708	7709	7837	7836	7708
9	7709	7710	7838	7837	7709
9	7710	7711	7839	7838	7710
9	7711	7712	7840	7839	7711
9	7712	7713	7841	7840	7712
9	7713	7714	7842	7841	7713
9	7714	7715	7843	7842	7714
9	7715	7716	7844	7843	7715
9	7716	7717	7845	7844	7716
9	7717	7718	7846	7845	7717
9	7718	7719	7847	7846	7718
9	7719	7720	7848	7847	7719
9	7720	7721	7849	7848	7720
9	7721	7722	7850	7849	7721
9	7722	7723	7851	7850	7722
9	7723	7724	7852	7851	7723
9	7724	7725	7853	7852	7724
9	7725	7726	7854	7853	7725
9	7726	7727	7855	7854	7726
9	7727	7728	7856	7855	7727
9	7728	7729	7857	7856	7728
9	7729	7730	7858	7857	7729
9	7730	7731	7859	7858	7730
9	7731	7732	7860	7859	7731
9	7732	7733	7861	7860	7732
9	7733	7734	7862	7861	7733
9	7734	7735	7863	7862	7734
9	7735	7736	7864	7863	7735
9	7736	7737	7865	7864	7736
9	7737	7738	7866	7865	7737
9	7738	7739	7867	7866	7738
9	7739	7740	7868	7867	7739
9	7740	7741	7869	7868	7740
9	7741	7742	7870	7869	7741
9	7742	7743	7871	7870	7742
9	7743	7744	7872	7871	7743
9	7744	7745	7873	7872	7744
9	7745	7746	7874	7873	7745
9	7746	7747	7875	7874	7746
9	7747	7748	7876	7875	7747
9	7748	7749	7877	7876	7748
9	7749	7750	7878	7877	7749
9	7750	7751	7879	7878	7750
9	7751	7752	7880	7879	7751
9	7752	7753	7881	7880	7752
9	7753	7754	7882	7881	7753
9	7754	7755	7883	7882	7754
9	7755	7756	7884	7883	7755
9	7756	7757	7885	7884	7756
9	7757	7758	7886	7885	7757
9	7758	7759	7887	7886	7758
9	7759	7760	7888	7887	7759
9	7760	7761	7889	7888	7760
9	7761	7762	7890	7889	7761
9	7762	7763	7891	7890	7762
9	7763	7764	7892	7891	7763
9	7764	7765	7893	7892	7764
9	7765	7766	7894	7893	7765
9	7766	7767	7895	7894	7766
9	7767	7768	7896	7895	7767
9	7768	7769	7897	7896	7768
9	7769	7770	7898	7897	7769
9	7770	7771	7899	7898	7770
9	7771	7772	7900	7899	7771
9	7772	7773	7901	7900	7772
9	7773	7774	7902	7901	7773
9	7774	7775	7903	7902	7774
9	7775	7776	7904	7903	7775
9	7776	7777	7905	7904	7776
9	7777	7778	7906	7905	7777
9	7778	7779	7907	7906	7778
9	7779	7780	7908	7907	7779
9	7780	7781	7909	7908	7780
9	7781	7782	7910	7909	7781
9	7782	7783	7911	7910	7782
9	7783	7784	7912	7911	7783
9	7784	7785	7913	7912	7784
9	7785	7786	7914	7913	7785
9	7786	7787	7915	7914	7786
9	7787	7788	7916	7915	7787
9	7788	7789	7917	7916	7788
9	7789	7790	7918	7917	7789
9	7790	7791	7919	7918	7790
9	7791	7792	7920	7919	7791
9	7792	7793	7921	7920	7792
9	7793	7794	7922	7921	7793
9	7794	7795	7923	7922	7794
9	7795	7796	7924	7923	7795
9	7796	7797	7925	7924	7796
9	7797	7798	7926	7925	7797
9	7798	7799	7927	7926	7798
9	7799	7800	7928	7927	7799
9	7800	7801	7929	7928	7800
9	7801	7802	7930	7929	7801
9	7802	7803	7931	7930	7802
9	7803	7804	7932	7931	7803
9	7804	7805	7933	7932	7804
9	7805	7806	7934	7933	7805
9	7806	7807	7935	7934	7806
9	7807	7680	7808	7935	7807
9	7808	7809	7937	7936	7808
9	7809	7810	7938	7937	7809
9	7810	7811	7939	7938	7810
9	7811	7812	7940	7939	7811
9	7812	7813	7941	7940	7812
9	7813	7814	7942	7941	7813
9	7814	7815	7943	7942	7814
9	7815	7816	7944	7943	7815
9	7816	7817	7945	7944	7816
9	7817	7818	7946	7945	7817
9	7818	7819	7947	7946	7818
9	7819	7820	7948	7947	7819
9	7820	7821	7949	7948	7820
9	7821	7822	7950	7949	7821
9	7822	7823	7951	7950	7822
9	7823	7824	7952	7951	7823
9	7824	7825	7953	7952	7824
9	7825	7826	7954	7953	7825
9	7826	7827	7955	7954	7826
9	7827	7828	7956	7955	7827
9	7828	7829	7957	7956	7828
9	7829	7830	7958	7957	7829
9	7830	7831	7959	7958	7830
9	7831	7832	7960	7959	7831
9	7832	7833	7961	7960	7832
9	7833	7834	7962	7961	7833
9	7834	7835	7963	7962	7834
9	7835	7836	7964	7963	7835
9	7836	7837	7965	7964	7836
9	7837	7838	7966	7965	7837
9	7838	7839	7967	7966	7838
9	7839	7840	7968	7967	7839
9	7840	7841	7969	7968	7840
9	7841	7842	7970	7969	7841
9	7842	7843	7971	7970	7842
9	7843	7844	7972	7971	7843
9	7844	7845	7973	7972	7844
9	7845	7846	7974	7973	7845
9	7846	7847	7975	7974	7846
9	7847	7848	7976	7975	7847
9	7848	7849	7977	7976	7848
9	7849	7850	7978	7977	7849
9	7850	7851	7979	7978	7850
9	7851	7852	7980	7979	7851
9	7852	7853	7981	7980	7852
9	7853	7854	7982	7981	7853
9	7854	7855	7983	7982	7854
9	7855	7856	7984	7983	7855
9	7856	7857	7985	7984	7856
9	7857	7858	7986	7985	7857
9	7858	7859	7987	7986	7858
9	7859	7860	7988	7987	7859
9	7860	7861	7989	7988	7860
9	7861	7862	7990	7989	7861
9	7862	7863	7991	7990	7862
9	7863	7864	7992	7991	7863
9	7864	7865	7993	7992	7864
9	7865	7866	7994	7993	7865
9	7866	7867	7995	7994	7866
9	7867	7868	7996	7995	7867
9	7868	7869	7997	7996	7868
9	7869	7870	7998	7997	7869
9	7870	7871	7999	7998	7870
9	7871	7872	8000	7999	7871
9	7872	7873	8001	8000	7872
9	7873	7874	8002	8001	7873
9	7874	7875	8003	8002	7874
9	7875	7876	8004	8003	7875
9	7876	7877	8005	8004	7876
9	7877	7878	8006	8005	7877
9	7878	7879	8007	8006	7878
9	7879	7880	8008	8007	7879
9	7880	7881	8009	8008	7880
9	7881	7882	8010	8009	7881
9	7882	7883	8011	8010	7882
9	7883	7884	8012	8011	7883
9	7884	7885	8013	8012	7884
9	7885	7886	8014	8013	7885
9	7886	7887	8015	8014	7886
9	7887	7888	8016	8015	7887
9	7888	7889	8017	8016	7888
9	7889	7890	8018	8017	7889
9	7890	7891	8019	8018	7890
9	7891	7892	8020	8019	7891
9	7892	7893	8021	8020	7892
9	7893	7894	8022	8021	7893
9	7894	7895	8023	8022	7894
9	7895	7896	8024	8023	7895
9	7896	7897	8025	8024	7896
9	7897	7898	8026	8025	7897
9	7898	7899	8027	8026	7898
9	7899	7900	8028	8027	7899
9	7900	7901	8029	8028	7900
9	7901	7902	8030	8029	7901
9	7902	7903	8031	8030	7902
9	7903	7904	8032	8031	7903
9	7904	7905	8033	8032	7904
9	7905	7906	8034	8033	7905
9	7906	7907	8035	8034	7906
9	7907	7908	8036	8035	7907
9	7908	7909	8037	8036	7908
9	7909	7910	8038	8037	7909
9	7910	7911	8039	8038	7910
9	7911	7912	8040	8039	7911
9	7912	7913	8041	8040	7912
9	7913	7914	8042	8041	7913
9	7914	7915	8043	8042	7914
9	7915	7916	8044	8043	7915
9	7916	7917	8045	8044	7916
9	7917	7918	8046	8045	7917
9	7918	7919	8047	8046	7918
9	7919	7920	8048	8047	7919
9	7920	7921	8049	8048	7920
9	7921	7922	8050	8049	7921
9	7922	7923	8051	8050	7922
9	7923	7924	8052	8051	7923
9	7924	7925	8053	8052	7924
9	7925	7926	8054	8053	7925
9	7926	7927	8055	8054	7926
9	7927	7928	8056	8055	7927
9	7928	7929	8057	8056	7928
9	7929	7930	8058	8057	7929
9	7930	7931	8059	8058	7930
9	7931	7932	8060	8059	7931
9	7932	7933	8061	8060	7932
9	7933	7934	8062	8061	7933
9	7934	7935	8063	8062	7934
9	7935	7808	7936	8063	7935
9	7936	7937	8065	8064	7936
9	7937	7938	8066	8065	7937
9	7938	7939	8067	8066	7938
9	7939	7940	8068	8067	7939
9	7940	7941	8069	8068	7940
9	7941	7942	8070	8069	7941
9	7942	7943	8071	8070	7942
9	7943	7944	8072	8071	7943
9	7944	7945	8073	8072	7944
9	7945	7946	8074	8073	7945
9	7946	7947	8075	8074	7946
9	7947	7948	8076	8075	7947
9	7948	7949	8077	8076	7948
9	7949	7950	8078	8077	7949
9	7950	7951	8079	8078	7950
9	7951	7952	8080	8079	7951
9	7952	7953	8081	8080	7952
9	7953	7954	8082	8081	7953
9	7954	7955	8083	8082	7954
9	7955	7956	8084	8083	7955
9	7956	7957	8085	8084	7956
9	7957	7958	8086	8085	7957
9	7958	7959	8087	8086	7958
9	7959	7960	8088	8087	7959
9	7960	7961	8089	8088	7960
9	7961	7962	8090	8089	7961
9	7962	7963	8091	8090	7962
9	7963	7964	8092	8091	7963
9	7964	7965	8093	8092	7964
9	7965	7966	8094	8093	7965
9	7966	7967	8095	8094	7966
9	7967	7968	8096	8095	7967
9	7968	7969	8097	8096	7968
9	7969	7970	8098	8097	7969
9	7970	7971	8099	8098	7970
9	7971	7972	8100	8099	7971
9	7972	7973	8101	8100	7972
9	7973	7974	8102	8101	7973
9	7974	7975	8103	8102	7974
9	7975	7976	8104	8103	7975
9	7976	7977	8105	8104	7976
9	7977	7978	8106	8105	7977
9	7978	7979	8107	8106	7978
9	7979	7980	8108	8107	7979
9	7980	7981	8109	8108	7980
9	7981	7982	8110	8109	7981
9	7982	7983	8111	8110	7982
9	7983	7984	8112	8111	7983
9	7984	7985	8113	8112	7984
9	7985	7986	8114	8113	7985
9	7986	7987	8115	8114	7986
9	7987	7988	8116	8115	7987
9	7988	7989	8117	8116	7988
9	7989	7990	8118	8117	7989
9	7990	7991	8119	8118	7990
9	7991	7992	8120	8119	7991
9	7992	7993	8121	8120	7992
9	7993	7994	8122	8121	7993
9	7994	7995	8123	8122	7994
9	7995	7996	8124	8123	7995
9	7996	7997	8125	8124	7996
9	7997	7998	8126	8125	7997
9	7998	7999	8127	8126	7998
9	7999	8000	8128	8127	7999
9	8000	8001	8129	8128	8000
9	8001	8002	8130	8129	8001
9	8002	8003	8131	8130	8002
9	8003	8004	8132	8131	8003
9	8004	8005	8133	8132	8004
9	8005	8006	8134	8133	8005
9	8006	8007	8135	8134	8006
9	8007	8008	8136	8135	8007
9	8008	8009	8137	8136	8008
9	8009	8010	8138	8137	8009
9	8010	8011	8139	8138	8010
9	8011	8012	8140	8139	8011
9	8012	8013	8141	8140	8012
9	8013	8014	8142	8141	8013
9	8014	8015	8143	8142	8014
9	8015	8016	8144	8143	8015
9	8016	8017	8145	8144	8016
9	8017	8018	8146	8145	8017
9	8018	8019	8147	8146	8018
9	8019	8020	8148	8147	8019
9	8020	8021	8149	8148	8020
9	8021	8022	8150	8149	8021
9	8022	8023	8151	8150	8022
9	8023	8024	8152	8151	8023
9	8024	8025	8153	8152	8024
9	8025	8026	8154	8153	8025
9	8026	8027	8155	8154	8026
9	8027	8028	8156	8155	8027
9	8028	8029	8157	8156	8028
9	8029	8030	8158	8157	8029
9	8030	8031	8159	8158	8030
9	8031	8032	8160	8159	8031
9	8032	8033	8161	8160	8032
9	8033	8034	8162	8161	8033
9	8034	8035	8163	8162	8034
9	8035	8036	8164	8163	8035
9	8036	8037	8165	8164	8036
9	8037	8038	8166	8165	8037
9	8038	8039	8167	8166	8038
9	8039	8040	8168	8167	8039
9	8040	8041	8169	8168	8040
9	8041	8042	8170	8169	8041
9	8042	8043	8171	8170	8042
9	8043	8044	8172	8171	8043
9	8044	8045	8173	8172	8044
9	8045	8046	8174	8173	8045
9	8046	8047	8175	8174	8046
9	8047	8048	8176	8175	8047
9	8048	8049	8177	8176	8048
9	8049	8050	8178	8177	8049
9	8050	8051	8179	8178	8050
9	8051	8052	8180	8179	8051
9	8052	8053	8181	8180	8052
9	8053	8054	8182	8181	8053
9	8054	8055	8183	8182	8054
9	8055	8056	8184	8183	8055
9	8056	8057	8185	8184	8056
9	8057	8058	8186	8185	8057
9	8058	8059	8187	8186	8058
9	8059	8060	8188	8187	8059
9	8060	8061	8189	8188	8060
9	8061	8062	8190	8189	8061
9	8062	8063	8191	8190	8062
9	8063	7936	8064	8191	8063
9	8064	8065	8193	8192	8064
9	8065	8066	8194	8193	8065
9	8066	8067	8195	8194	8066
9	8067	8068	8196	8195	8067
9	8068	8069	8197	8196	8068
9	8069	8070	8198	8197	8069
9	8070	8071	8199	8198	8070
9	8071	8072	8200	8199	8071
9	8072	8073	8201	8200	8072
9	8073	8074	8202	8201	8073
9	8074	8075	8203	8202	8074
9	8075	8076	8204	8203	8075
9	8076	8077	8205	8204	8076
9	8077	8078	8206	8205	8077
9	8078	8079	8207	8206	8078
9	8079	8080	8208	8207	8079
9	8080	8081	8209	8208	8080
9	8081	8082	8210	8209	8081
9	8082	8083	8211	8210	8082
9	8083	8084	8212	8211	8083
9	8084	8085	8213	8212	8084
9	8085	8086	8214	8213	8085
9	8086	8087	8215	8214	8086
9	8087	8088	8216	8215	8087
9	8088	8089	8217	8216	8088
9	8089	8090	8218	8217	8089
9	8090	8091	8219	8218	8090
9	8091	8092	8220	8219	8091
9	8092	8093	8221	8220	8092
9	8093	8094	8222	8221	8093
9	8094	8095	8223	8222	8094
9	8095	8096	8224	8223	8095
9	8096	8097	8225	8224	8096
9	8097	8098	8226	8225	8097
9	8098	8099	8227	8226	8098
9	8099	8100	8228	8227	8099
9	8100	8101	8229	8228	8100
9	8101	8102	8230	8229	8101
9	8102	8103	8231	8230	8102
9	8103	8104	8232	8231	8103
9	8104	8105	8233	8232	8104
9	8105	8106	8234	8233	8105
9	8106	8107	8235	8234	8106
9	8107	8108	8236	8235	8107
9	8108	8109	8237	8236	8108
9	8109	8110	8238	8237	8109
9	8110	8111	8239	8238	8110
9	8111	8112	8240	8239	8111
9	8112	8113	8241	8240	8112
9	8113	8114	8242	8241	8113
9	8114	8115	8243	8242	8114
9	8115	8116	8244	8243	8115
9	8116	8117	8245	8244	8116
9	8117	8118	8246	8245	8117
9	8118	8119	8247	8246	8118
9	8119	8120	8248	8247	8119
9	8120	8121	8249	8248	8120
9	8121	8122	8250	8249	8121
9	8122	8123	8251	8250	8122
9	8123	8124	8252	8251	8123
9	8124	8125	8253	8252	8124
9	8125	8126	8254	8253	8125
9	8126	8127	8255	8254	8126
9	8127	8128	8256	8255	8127
9	8128	8129	8257	8256	8128
9	8129	8130	8258	8257	8129
9	8130	8131	8259	8258	8130
9	8131	8132	8260	8259	8131
9	8132	8133	8261	8260	8132
9	8133	8134	8262	8261	8133
9	8134	8135	8263	8262	8134
9	8135	8136	8264	8263	8135
9	8136	8137	8265	8264	8136
9	8137	8138	8266	8265	8137
9	8138	8139	8267	8266	8138
9	8139	8140	8268	8267	8139
9	8140	8141	8269	8268	8140
9	8141	8142	8270	8269	8141
9	8142	8143	8271	8270	8142
9	8143	8144	8272	8271	8143
9	8144	8145	8273	8272	8144
9	8145	8146	8274	8273	8145
9	8146	8147	8275	8274	8146
9	8147	8148	8276	8275	8147
9	8148	8149	8277	8276	8148
9	8149	8150	8278	8277	8149
9	8150	8151	8279	8278	8150
9	8151	8152	8280	8279	8151
9	8152	8153	8281	8280	8152
9	8153	8154	8282	8281	8153
9	8154	8155	8283	8282	8154
9	8155	8156	8284	8283	8155
9	8156	8157	8285	8284	8156
9	8157	8158	8286	8285	8157
9	8158	8159	8287	8286	8158
9	8159	8160	8288	8287	8159
9	8160	8161	8289	8288	8160
9	8161	8162	8290	8289	8161
9	8162	8163	8291	8290	8162
9	8163	8164	8292	8291	8163
9	8164	8165	8293	8292	8164
9	8165	8166	8294	8293	8165
9	8166	8167	8295	8294	8166
9	8167	8168	8296	8295	8167
9	8168	8169	8297	8296	8168
9	8169	8170	8298	8297	8169
9	8170	8171	8299	8298	8170
9	8171	8172	8300	8299	8171
9	8172	8173	8301	8300	8172
9	8173	8174	8302	8301	8173
9	8174	8175	8303	8302	8174
9	8175	8176	8304	8303	8175
9	8176	8177	8305	8304	8176
9	8177	8178	8306	8305	8177
9	8178	8179	8307	8306	8178
9	8179	8180	8308	8307	8179
9	8180	8181	8309	8308	8180
9	8181	8182	8310	8309	8181
9	8182	8183	8311	8310	8182
9	8183	8184	8312	8311	8183
9	8184	8185	8313	8312	8184
9	8185	8186	8314	8313	8185
9	8186	8187	8315	8314	8186
9	8187	8188	8316	8315	8187
9	8188	8189	8317	8316	8188
9	8189	8190	8318	8317	8189
9	8190	8191	8319	8318	8190
9	8191	8064	8192	8319	8191
9	8192	8193	8321	8320	8192
9	8193	8194	8322	8321	8193
9	8194	8195	8323	8322	8194
9	8195	8196	8324	8323	8195
9	8196	8197	8325	8324	8196
9	8197	8198	8326	8325	8197
9	8198	8199	8327	8326	8198
9	8199	8200	8328	8327	8199
9	8200	8201	8329	8328	8200
9	8201	8202	8330	8329	8201
9	8202	8203	8331	8330	8202
9	8203	8204	8332	8331	8203
9	8204	8205	8333	8332	8204
9	8205	8206	8334	8333	8205
9	8206	8207	8335	8334	8206
9	8207	8208	8336	8335	8207
9	8208	8209	8337	8336	8208
9	8209	8210	8338	8337	8209
9	8210	8211	8339	8338	8210
9	8211	8212	8340	8339	8211
9	8212	8213	8341	8340	8212
9	8213	8214	8342	8341	8213
9	8214	8215	8343	8342	8214
9	8215	8216	8344	8343	8215
9	8216	8217	8345	8344	8216
9	8217	8218	8346	8345	8217
9	8218	8219	8347	8346	8218
9	8219	8220	8348	8347	8219
9	8220	8221	8349	8348	8220
9	8221	8222	8350	8349	8221
9	8222	8223	8351	8350	8222
9	8223	8224	8352	8351	8223
9	8224	8225	8353	8352	8224
9	8225	8226	8354	8353	8225
9	8226	8227	8355	8354	8226
9	8227	8228	8356	8355	8227
9	8228	8229	8357	8356	8228
9	8229	8230	8358	8357	8229
9	8230	8231	8359	8358	8230
9	8231	8232	8360	8359	8231
9	8232	8233	8361	8360	8232
9	8233	8234	8362	8361	8233
9	8234	8235	8363	8362	8234
9	8235	8236	8364	8363	8235
9	8236	8237	8365	8364	8236
9	8237	8238	8366	8365	8237
9	8238	8239	8367	8366	8238
9	8239	8240	8368	8367	8239
9	8240	8241	8369	8368	8240
9	8241	8242	8370	8369	8241
9	8242	8243	8371	8370	8242
9	8243	8244	8372	8371	8243
9	8244	8245	8373	8372	8244
9	8245	8246	8374	8373	8245
9	8246	8247	8375	8374	8246
9	8247	8248	8376	8375	8247
9	8248	8249	8377	8376	8248
9	8249	8250	8378	8377	8249
9	8250	8251	8379	8378	8250
9	8251	8252	8380	8379	8251
9	8252	8253	8381	8380	8252
9	8253	8254	8382	8381	8253
9	8254	8255	8383	8382	8254
9	8255	8256	8384	8383	8255
9	8256	8257	8385	8384	8256
9	8257	8258	8386	8385	8257
9	8258	8259	8387	8386	8258
9	8259	8260	8388	8387	8259
9	8260	8261	8389	8388	8260
9	8261	8262	8390	8389	8261
9	8262	8263	8391	8390	8262
9	8263	8264	8392	8391	8263
9	8264	8265	8393	8392	8264
9	8265	8266	8394	8393	8265
9	8266	8267	8395	8394	8266
9	8267	8268	8396	8395	8267
9	8268	8269	8397	8396	8268
9	8269	8270	8398	8397	8269
9	8270	8271	8399	8398	8270
9	8271	8272	8400	8399	8271
9	8272	8273	8401	8400	8272
9	8273	8274	8402	8401	8273
9	8274	8275	8403	8402	8274
9	8275	8276	8404	8403	8275
9	8276	8277	8405	8404	8276
9	8277	8278	8406	8405	8277
9	8278	8279	8407	8406	8278
9	8279	8280	8408	8407	8279
9	8280	8281	8409	8408	8280
9	8281	8282	8410	8409	8281
9	8282	8283	8411	8410	8282
9	8283	8284	8412	8411	8283
9	8284	8285	8413	8412	8284
9	8285	8286	8414	8413	8285
9	8286	8287	8415	8414	8286
9	8287	8288	8416	8415	8287
9	8288	8289	8417	8416	8288
9	8289	8290	8418	8417	8289
9	8290	8291	8419	8418	8290
9	8291	8292	8420	8419	8291
9	8292	8293	8421	8420	8292
9	8293	8294	8422	8421	8293
9	8294	8295	8423	8422	8294
9	8295	8296	8424	8423	8295
9	8296	8297	8425	8424	8296
9	8297	8298	8426	8425	8297
9	8298	8299	8427	8426	8298
9	8299	8300	8428	8427	8299
9	8300	8301	8429	8428	8300
9	8301	8302	8430	8429	8301
9	8302	8303	8431	8430	8302
9	8303	8304	8432	8431	8303
9	8304	8305	8433	8432	8304
9	8305	8306	8434	8433	8305
9	8306	8307	8435	8434	8306
9	8307	8308	8436	8435	8307
9	8308	8309	8437	8436	8308
9	8309	8310	8438	8437	8309
9	8310	8311	8439	8438	8310
9	8311	8312	8440	8439	8311
9	8312	8313	8441	8440	8312
9	8313	8314	8442	8441	8313
9	8314	8315	8443	8442	8314
9	8315	8316	8444	8443	8315
9	8316	8317	8445	8444	8316
9	8317	8318	8446	8445	8317
9	8318	8319	8447	8446	8318
9	8319	8192	8320	8447	8319
9	8320	8321	8449	8448	8320
9	8321	8322	8450	8449	8321
9	8322	8323	8451	8450	8322
9	8323	8324	8452	8451	8323
9	8324	8325	8453	8452	8324
9	8325	8326	8454	8453	8325
9	8326	8327	8455	8454	8326
9	8327	8328	8456	8455	8327
9	8328	8329	8457	8456	8328
9	8329	8330	8458	8457	8329
9	8330	8331	8459	8458	8330
9	8331	8332	8460	8459	8331
9	8332	8333	8461	8460	8332
9	8333	8334	8462	8461	8333
9	8334	8335	8463	8462	8334
9	8335	8336	8464	8463	8335
9	8336	8337	8465	8464	8336
9	8337	8338	8466	8465	8337
9	8338	8339	8467	8466	8338
9	8339	8340	8468	8467	8339
9	8340	8341	8469	8468	8340
9	8341	8342	8470	8469	8341
9	8342	8343	8471	8470	8342
9	8343	8344	8472	8471	8343
9	8344	8345	8473	8472	8344
9	8345	8346	8474	8473	8345
9	8346	8347	8475	8474	8346
9	8347	8348	8476	8475	8347
9	8348	8349	8477	8476	8348
9	8349	8350	8478	8477	8349
9	8350	8351	8479	8478	8350
9	8351	8352	8480	8479	8351
9	8352	8353	8481	8480	8352
9	8353	8354	8482	8481	8353
9	8354	8355	8483	8482	8354
9	8355	8356	8484	8483	8355
9	8356	8357	8485	8484	8356
9	8357	8358	8486	8485	8357
9	8358	8359	8487	8486	8358
9	8359	8360	8488	8487	8359
9	8360	8361	8489	8488	8360
9	8361	8362	8490	8489	8361
9	8362	8363	8491	8490	8362
9	8363	8364	8492	8491	8363
9	8364	8365	8493	8492	8364
9	8365	8366	8494	8493	8365
9	8366	8367	8495	8494	8366
9	8367	8368	8496	8495	8367
9	8368	8369	8497	8496	8368
9	8369	8370	8498	8497	8369
9	8370	8371	8499	8498	8370
9	8371	8372	8500	8499	8371
9	8372	8373	8501	8500	8372
9	8373	8374	8502	8501	8373
9	8374	8375	8503	8502	8374
9	8375	8376	8504	8503	8375
9	8376	8377	8505	8504	8376
9	8377	8378	8506	8505	8377
9	8378	8379	8507	8506	8378
9	8379	8380	8508	8507	8379
9	8380	8381	8509	8508	8380
9	8381	8382	8510	8509	8381
9	8382	8383	8511	8510	8382
9	8383	8384	8512	8511	8383
9	8384	8385	8513	8512	8384
9	8385	8386	8514	8513	8385
9	8386	8387	8515	8514	8386
9	8387	8388	8516	8515	8387
9	8388	8389	8517	8516	8388
9	8389	8390	8518	8517	8389
9	8390	8391	8519	8518	8390
9	8391	8392	8520	8519	8391
9	8392	8393	8521	8520	8392
9	8393	8394	8522	8521	8393
9	8394	8395	8523	8522	8394
9	8395	8396	8524	8523	8395
9	8396	8397	8525	8524	8396
9	8397	8398	8526	8525	8397
9	8398	8399	8527	8526	8398
9	8399	8400	8528	8527	8399
9	8400	8401	8529	8528	8400
9	8401	8402	8530	8529	8401
9	8402	8403	8531	8530	8402
9	8403	8404	8532	8531	8403
9	8404	8405	8533	8532	8404
9	8405	8406	8534	8533	8405
9	8406	8407	8535	8534	8406
9	8407	8408	8536	8535	8407
9	8408	8409	8537	8536	8408
9	8409	8410	8538	8537	8409
9	8410	8411	8539	8538	8410
9	8411	8412	8540	8539	8411
9	8412	8413	8541	8540	8412
9	8413	8414	8542	8541	8413
9	8414	8415	8543	8542	8414
9	8415	8416	8544	8543	8415
9	8416	8417	8545	8544	8416
9	8417	8418	8546	8545	8417
9	8418	8419	8547	8546	8418
9	8419	8420	8548	8547	8419
9	8420	8421	8549	8548	8420
9	8421	8422	8550	8549	8421
9	8422	8423	8551	8550	8422
9	8423	8424	8552	8551	8423
9	8424	8425	8553	8552	8424
9	8425	8426	8554	8553	8425
9	8426	8427	8555	8554	8426
9	8427	8428	8556	8555	8427
9	8428	8429	8557	8556	8428
9	8429	8430	8558	8557	8429
9	8430	8431	8559	8558	8430
9	8431	8432	8560	8559	8431
9	8432	8433	8561	8560	8432
9	8433	8434	8562	8561	8433
9	8434	8435	8563	8562	8434
9	8435	8436	8564	8563	8435
9	8436	8437	8565	8564	8436
9	8437	8438	8566	8565	8437
9	8438	8439	8567	8566	8438
9	8439	8440	8568	8567	8439
9	8440	8441	8569	8568	8440
9	8441	8442	8570	8569	8441
9	8442	8443	8571	8570	8442
9	8443	8444	8572	8571	8443
9	8444	8445	8573	8572	8444
9	8445	8446	8574	8573	8445
9	8446	8447	8575	8574	8446
9	8447	8320	8448	8575	8447
9	8448	8449	8577	8576	8448
9	8449	8450	8578	8577	8449
9	8450	8451	8579	8578	8450
9	8451	8452	8580	8579	8451
9	8452	8453	8581	8580	8452
9	8453	8454	8582	8581	8453
9	8454	8455	8583	8582	8454
9	8455	8456	8584	8583	8455
9	8456	8457	8585	8584	8456
9	8457	8458	8586	8585	8457
9	8458	8459	8587	8586	8458
9	8459	8460	8588	8587	8459
9	8460	8461	8589	8588	8460
9	8461	8462	8590	8589	8461
9	8462	8463	8591	8590	8462
9	8463	8464	8592	8591	8463
9	8464	8465	8593	8592	8464
9	8465	8466	8594	8593	8465
9	8466	8467	8595	8594	8466
9	8467	8468	8596	8595	8467
9	8468	8469	8597	8596	8468
9	8469	8470	8598	8597	8469
9	8470	8471	8599	8598	8470
9	8471	8472	8600	8599	8471
9	8472	8473	8601	8600	8472
9	8473	8474	8602	8601	8473
9	8474	8475	8603	8602	8474
9	8475	8476	8604	8603	8475
9	8476	8477	8605	8604	8476
9	8477	8478	8606	8605	8477
9	8478	8479	8607	8606	8478
9	8479	8480	8608	8607	8479
9	8480	8481	8609	8608	8480
9	8481	8482	8610	8609	8481
9	8482	8483	8611	8610	8482
9	8483	8484	8612	8611	8483
9	8484	8485	8613	8612	8484
9	8485	8486	8614	8613	8485
9	8486	8487	8615	8614	8486
9	8487	8488	8616	8615	8487
9	8488	8489	8617	8616	8488
9	8489	8490	8618	8617	8489
9	8490	8491	8619	8618	8490
9	8491	8492	8620	8619	8491
9	8492	8493	8621	8620	8492
9	8493	8494	8622	8621	8493
9	8494	8495	8623	8622	8494
9	8495	8496	8624	8623	8495
9	8496	8497	8625	8624	8496
9	8497	8498	8626	8625	8497
9	8498	8499	8627	8626	8498
9	8499	8500	8628	8627	8499
9	8500	8501	8629	8628	8500
9	8501	8502	8630	8629	8501
9	8502	8503	8631	8630	8502
9	8503	8504	8632	8631	8503
9	8504	8505	8633	8632	8504
9	8505	8506	8634	8633	8505
9	8506	8507	8635	8634	8506
9	8507	8508	8636	8635	8507
9	8508	8509	8637	8636	8508
9	8509	8510	8638	8637	8509
9	8510	8511	8639	8638	8510
9	8511	8512	8640	8639	8511
9	8512	8513	8641	8640	8512
9	8513	8514	8642	8641	8513
9	8514	8515	8643	8642	8514
9	8515	8516	8644	8643	8515
9	8516	8517	8645	8644	8516
9	8517	8518	8646	8645	8517
9	8518	8519	8647	8646	8518
9	8519	8520	8648	8647	8519
9	8520	8521	8649	8648	8520
9	8521	8522	8650	8649	8521
9	8522	8523	8651	8650	8522
9	8523	8524	8652	8651	8523
9	8524	8525	8653	8652	8524
9	8525	8526	8654	8653	8525
9	8526	8527	8655	8654	8526
9	8527	8528	8656	8655	8527
9	8528	8529	8657	8656	8528
9	8529	8530	8658	8657	8529
9	8530	8531	8659	8658	8530
9	8531	8532	8660	8659	8531
9	8532	8533	8661	8660	8532
9	8533	8534	8662	8661	8533
9	8534	8535	8663	8662	8534
9	8535	8536	8664	8663	8535
9	8536	8537	8665	8664	8536
9	8537	8538	8666	8665	8537
9	8538	8539	8667	8666	8538
9	8539	8540	8668	8667	8539
9	8540	8541	8669	8668	8540
9	8541	8542	8670	8669	8541
9	8542	8543	8671	8670	8542
9	8543	8544	8672	8671	8543
9	8544	8545	8673	8672	8544
9	8545	8546	8674	8673	8545
9	8546	8547	8675	8674	8546
9	8547	8548	8676	8675	8547
9	8548	8549	8677	8676	8548
9	8549	8550	8678	8677	8549
9	8550	8551	8679	8678	8550
9	8551	8552	8680	8679	8551
9	8552	8553	8681	8680	8552
9	8553	8554	8682	8681	8553
9	8554	8555	8683	8682	8554
9	8555	8556	8684	8683	8555
9	8556	8557	8685	8684	8556
9	8557	8558	8686	8685	8557
9	8558	8559	8687	8686	8558
9	8559	8560	8688	8687	8559
9	8560	8561	8689	8688	8560
9	8561	8562	8690	8689	8561
9	8562	8563	8691	8690	8562
9	8563	8564	8692	8691	8563
9	8564	8565	8693	8692	8564
9	8565	8566	8694	8693	8565
9	8566	8567	8695	8694	8566
9	8567	8568	8696	8695	8567
9	8568	8569	8697	8696	8568
9	8569	8570	8698	8697	8569
9	8570	8571	8699	8698	8570
9	8571	8572	8700	8699	8571
9	8572	8573	8701	8700	8572
9	8573	8574	8702	8701	8573
9	8574	8575	8703	8702	8574
9	8575	8448	8576	8703	8575
9	8576	8577	8705	8704	8576
9	8577	8578	8706	8705	8577
9	8578	8579	8707	8706	8578
9	8579	8580	8708	8707	8579
9	8580	8581	8709	8708	8580
9	8581	8582	8710	8709	8581
9	8582	8583	8711	8710	8582
9	8583	8584	8712	8711	8583
9	8584	8585	8713	8712	8584
9	8585	8586	8714	8713	8585
9	8586	8587	8715	8714	8586
9	8587	8588	8716	8715	8587
9	8588	8589	8717	8716	8588
9	8589	8590	8718	8717	8589
9	8590	8591	8719	8718	8590
9	8591	8592	8720	8719	8591
9	8592	8593	8721	8720	8592
9	8593	8594	8722	8721	8593
9	8594	8595	8723	8722	8594
9	8595	8596	8724	8723	8595
9	8596	8597	8725	8724	8596
9	8597	8598	8726	8725	8597
9	8598	8599	8727	8726	8598
9	8599	8600	8728	8727	8599
9	8600	8601	8729	8728	8600
9	8601	8602	8730	8729	8601
9	8602	8603	8731	8730	8602
9	8603	8604	8732	8731	8603
9	8604	8605	8733	8732	8604
9	8605	8606	8734	8733	8605
9	8606	8607	8735	8734	8606
9	8607	8608	8736	8735	8607
9	8608	8609	8737	8736	8608
9	8609	8610	8738	8737	8609
9	8610	8611	8739	8738	8610
9	8611	8612	8740	8739	8611
9	8612	8613	8741	8740	8612
9	8613	8614	8742	8741	8613
9	8614	8615	8743	8742	8614
9	8615	8616	8744	8743	8615
9	8616	8617	8745	8744	8616
9	8617	8618	8746	8745	8617
9	8618	8619	8747	8746	8618
9	8619	8620	8748	8747	8619
9	8620	8621	8749	8748	8620
9	8621	8622	8750	8749	8621
9	8622	8623	8751	8750	8622
9	8623	8624	8752	8751	8623
9	8624	8625	8753	8752	8624
9	8625	8626	8754	8753	8625
9	8626	8627	8755	8754	8626
9	8627	8628	8756	8755	8627
9	8628	8629	8757	8756	8628
9	8629	8630	8758	8757	8629
9	8630	8631	8759	8758	8630
9	8631	8632	8760	8759	8631
9	8632	8633	8761	8760	8632
9	8633	8634	8762	8761	8633
9	8634	8635	8763	8762	8634
9	8635	8636	8764	8763	8635
9	8636	8637	8765	8764	8636
9	8637	8638	8766	8765	8637
9	8638	8639	8767	8766	8638
9	8639	8640	8768	8767	8639
9	8640	8641	8769	8768	8640
9	8641	8642	8770	8769	8641
9	8642	8643	8771	8770	8642
9	8643	8644	8772	8771	8643
9	8644	8645	8773	8772	8644
9	8645	8646	8774	8773	8645
9	8646	8647	8775	8774	8646
9	8647	8648	8776	8775	8647
9	8648	8649	8777	8776	8648
9	8649	8650	8778	8777	8649
9	8650	8651	8779	8778	8650
9	8651	8652	8780	8779	8651
9	8652	8653	8781	8780	8652
9	8653	8654	8782	8781	8653
9	8654	8655	8783	8782	8654
9	8655	8656	8784	8783	8655
9	8656	8657	8785	8784	8656
9	8657	8658	8786	8785	8657
9	8658	8659	8787	8786	8658
9	8659	8660	8788	8787	8659
9	8660	8661	8789	8788	8660
9	8661	8662	8790	8789	8661
9	8662	8663	8791	8790	8662
9	8663	8664	8792	8791	8663
9	8664	8665	8793	8792	8664
9	8665	8666	8794	8793	8665
9	8666	8667	8795	8794	8666
9	8667	8668	8796	8795	8667
9	8668	8669	8797	8796	8668
9	8669	8670	8798	8797	8669
9	8670	8671	8799	8798	8670
9	8671	8672	8800	8799	8671
9	8672	8673	8801	8800	8672
9	8673	8674	8802	8801	8673
9	8674	8675	8803	8802	8674
9	8675	8676	8804	8803	8675
9	8676	8677	8805	8804	8676
9	8677	8678	8806	8805	8677
9	8678	8679	8807	8806	8678
9	8679	8680	8808	8807	8679
9	8680	8681	8809	8808	8680
9	8681	8682	8810	8809	8681
9	8682	8683	8811	8810	8682
9	8683	8684	8812	8811	8683
9	8684	8685	8813	8812	8684
9	8685	8686	8814	8813	8685
9	8686	8687	8815	8814	8686
9	8687	8688	8816	8815	8687
9	8688	8689	8817	8816	8688
9	8689	8690	8818	8817	8689
9	8690	8691	8819	8818	8690
9	8691	8692	8820	8819	8691
9	8692	8693	8821	8820	8692
9	8693	8694	8822	8821	8693
9	8694	8695	8823	8822	8694
9	8695	8696	8824	8823	8695
9	8696	8697	8825	8824	8696
9	8697	8698	8826	8825	8697
9	8698	8699	8827	8826	8698
9	8699	8700	8828	8827	8699
9	8700	8701	8829	8828	8700
9	8701	8702	8830	8829	8701
9	8702	8703	8831	8830	8702
9	8703	8576	8704	8831	8703
9	8704	8705	8833	8832	8704
9	8705	8706	8834	8833	8705
9	8706	8707	8835	8834	8706
9	8707	8708	8836	8835	8707
9	8708	8709	8837	8836	8708
9	8709	8710	8838	8837	8709
9	8710	8711	8839	8838	8710
9	8711	8712	8840	8839	8711
9	8712	8713	8841	8840	8712
9	8713	8714	8842	8841	8713
9	8714	8715	8843	8842	8714
9	8715	8716	8844	8843	8715
9	8716	8717	8845	8844	8716
9	8717	8718	8846	8845	8717
9	8718	8719	8847	8846	8718
9	8719	8720	8848	8847	8719
9	8720	8721	8849	8848	8720
9	8721	8722	8850	8849	8721
9	8722	8723	8851	8850	8722
9	8723	8724	8852	8851	8723
9	8724	8725	8853	8852	8724
9	8725	8726	8854	8853	8725
9	8726	8727	8855	8854	8726
9	8727	8728	8856	8855	8727
9	8728	8729	8857	8856	8728
9	8729	8730	8858	8857	8729
9	8730	8731	8859	8858	8730
9	8731	8732	8860	8859	8731
9	8732	8733	8861	8860	8732
9	8733	8734	8862	8861	8733
9	8734	8735	8863	8862	8734
9	8735	8736	8864	8863	8735
9	8736	8737	8865	8864	8736
9	8737	8738	8866	8865	8737
9	8738	8739	8867	8866	8738
9	8739	8740	8868	8867	8739
9	8740	8741	8869	8868	8740
9	8741	8742	8870	8869	8741
9	8742	8743	8871	8870	8742
9	8743	8744	8872	8871	8743
9	8744	8745	8873	8872	8744
9	8745	8746	8874	8873	8745
9	8746	8747	8875	8874	8746
9	8747	8748	8876	8875	8747
9	8748	8749	8877	8876	8748
9	8749	8750	8878	8877	8749
9	8750	8751	8879	8878	8750
9	8751	8752	8880	8879	8751
9	8752	8753	8881	8880	8752
9	8753	8754	8882	8881	8753
9	8754	8755	8883	8882	8754
9	8755	8756	8884	8883	8755
9	8756	8757	8885	8884	8756
9	8757	8758	8886	8885	8757
9	8758	8759	8887	8886	8758
9	8759	8760	8888	8887	8759
9	8760	8761	8889	8888	8760
9	8761	8762	8890	8889	8761
9	8762	8763	8891	8890	8762
9	8763	8764	8892	8891	8763
9	8764	8765	8893	8892	8764
9	8765	8766	8894	8893	8765
9	8766	8767	8895	8894	8766
9	8767	8768	8896	8895	8767
9	8768	8769	8897	8896	8768
9	8769	8770	8898	8897	8769
9	8770	8771	8899	8898	8770
9	8771	8772	8900	8899	8771
9	8772	8773	8901	8900	8772
9	8773	8774	8902	8901	8773
9	8774	8775	8903	8902	8774
9	8775	8776	8904	8903	8775
9	8776	8777	8905	8904	8776
9	8777	8778	8906	8905	8777
9	8778	8779	8907	8906	8778
9	8779	8780	8908	8907	8779
9	8780	8781	8909	8908	8780
9	8781	8782	8910	8909	8781
9	8782	8783	8911	8910	8782
9	8783	8784	8912	8911	8783
9	8784	8785	8913	8912	8784
9	8785	8786	8914	8913	8785
9	8786	8787	8915	8914	8786
9	8787	8788	8916	8915	8787
9	8788	8789	8917	8916	8788
9	8789	8790	8918	8917	8789
9	8790	8791	8919	8918	8790
9	8791	8792	8920	8919	8791
9	8792	8793	8921	8920	8792
9	8793	8794	8922	8921	8793
9	8794	8795	8923	8922	8794
9	8795	8796	8924	8923	8795
9	8796	8797	8925	8924	8796
9	8797	8798	8926	8925	8797
9	8798	8799	8927	8926	8798
9	8799	8800	8928	8927	8799
9	8800	8801	8929	8928	8800
9	8801	8802	8930	8929	8801
9	8802	8803	8931	8930	8802
9	8803	8804	8932	8931	8803
9	8804	8805	8933	8932	8804
9	8805	8806	8934	8933	8805
9	8806	8807	8935	8934	8806
9	8807	8808	8936	8935	8807
9	8808	8809	8937	8936	8808
9	8809	8810	8938	8937	8809
9	8810	8811	8939	8938	8810
9	8811	8812	8940	8939	8811
9	8812	8813	8941	8940	8812
9	8813	8814	8942	8941	8813
9	8814	8815	8943	8942	8814
9	8815	8816	8944	8943	8815
9	8816	8817	8945	8944	8816
9	8817	8818	8946	8945	8817
9	8818	8819	8947	8946	8818
9	8819	8820	8948	8947	8819
9	8820	8821	8949	8948	8820
9	8821	8822	8950	8949	8821
9	8822	8823	8951	8950	8822
9	8823	8824	8952	8951	8823
9	8824	8825	8953	8952	8824
9	8825	8826	8954	8953	8825
9	8826	8827	8955	8954	8826
9	8827	8828	8956	8955	8827
9	8828	8829	8957	8956	8828
9	8829	8830	8958	8957	8829
9	8830	8831	8959	8958	8830
9	8831	8704	8832	8959	8831
9	8832	8833	8961	8960	8832
9	8833	8834	8962	8961	8833
9	8834	8835	8963	8962	8834
9	8835	8836	8964	8963	8835
9	8836	8837	8965	8964	8836
9	8837	8838	8966	8965	8837
9	8838	8839	8967	8966	8838
9	8839	8840	8968	8967	8839
9	8840	8841	8969	8968	8840
9	8841	8842	8970	8969	8841
9	8842	8843	8971	8970	8842
9	8843	8844	8972	8971	8843
9	8844	8845	8973	8972	8844
9	8845	8846	8974	8973	8845
9	8846	8847	8975	8974	8846
9	8847	8848	8976	8975	8847
9	8848	8849	8977	8976	8848
9	8849	8850	8978	8977	8849
9	8850	8851	8979	8978	8850
9	8851	8852	8980	8979	8851
9	8852	8853	8981	8980	8852
9	8853	8854	8982	8981	8853
9	8854	8855	8983	8982	8854
9	8855	8856	8984	8983	8855
9	8856	8857	8985	8984	8856
9	8857	8858	8986	8985	8857
9	8858	8859	8987	8986	8858
9	8859	8860	8988	8987	8859
9	8860	8861	8989	8988	8860
9	8861	8862	8990	8989	8861
9	8862	8863	8991	8990	8862
9	8863	8864	8992	8991	8863
9	8864	8865	8993	8992	8864
9	8865	8866	8994	8993	8865
9	8866	8867	8995	8994	8866
9	8867	8868	8996	8995	8867
9	8868	8869	8997	8996	8868
9	8869	8870	8998	8997	8869
9	8870	8871	8999	8998	8870
9	8871	8872	9000	8999	8871
9	8872	8873	9001	9000	8872
9	8873	8874	9002	9001	8873
9	8874	8875	9003	9002	8874
9	8875	8876	9004	9003	8875
9	8876	8877	9005	9004	8876
9	8877	8878	9006	9005	8877
9	8878	8879	9007	9006	8878
9	8879	8880	9008	9007	8879
9	8880	8881	9009	9008	8880
9	8881	8882	9010	9009	8881
9	8882	8883	9011	9010	8882
9	8883	8884	9012	9011	8883
9	8884	8885	9013	9012	8884
9	8885	8886	9014	9013	8885
9	8886	8887	9015	9014	8886
9	8887	8888	9016	9015	8887
9	8888	8889	9017	9016	8888
9	8889	8890	9018	9017	8889
9	8890	8891	9019	9018	8890
9	8891	8892	9020	9019	8891
9	8892	8893	9021	9020	8892
9	8893	8894	9022	9021	8893
9	8894	8895	9023	9022	8894
9	8895	8896	9024	9023	8895
9	8896	8897	9025	9024	8896
9	8897	8898	9026	9025	8897
9	8898	8899	9027	9026	8898
9	8899	8900	9028	9027	8899
9	8900	8901	9029	9028	8900
9	8901	8902	9030	9029	8901
9	8902	8903	9031	9030	8902
9	8903	8904	9032	9031	8903
9	8904	8905	9033	9032	8904
9	8905	8906	9034	9033	8905
9	8906	8907	9035	9034	8906
9	8907	8908	9036	9035	8907
9	8908	8909	9037	9036	8908
9	8909	8910	9038	9037	8909
9	8910	8911	9039	9038	8910
9	8911	8912	9040	9039	8911
9	8912	8913	9041	9040	8912
9	8913	8914	9042	9041	8913
9	8914	8915	9043	9042	8914
9	8915	8916	9044	9043	8915
9	8916	8917	9045	9044	8916
9	8917	8918	9046	9045	8917
9	8918	8919	9047	9046	8918
9	8919	8920	9048	9047	8919
9	8920	8921	9049	9048	8920
9	8921	8922	9050	9049	8921
9	8922	8923	9051	9050	8922
9	8923	8924	9052	9051	8923
9	8924	8925	9053	9052	8924
9	8925	8926	9054	9053	8925
9	8926	8927	9055	9054	8926
9	8927	8928	9056	9055	8927
9	8928	8929	9057	9056	8928
9	8929	8930	9058	9057	8929
9	8930	8931	9059	9058	8930
9	8931	8932	9060	9059	8931
9	8932	8933	9061	9060	8932
9	8933	8934	9062	9061	8933
9	8934	8935	9063	9062	8934
9	8935	8936	9064	9063	8935
9	8936	8937	9065	9064	8936
9	8937	8938	9066	9065	8937
9	8938	8939	9067	9066	8938
9	8939	8940	9068	9067	8939
9	8940	8941	9069	9068	8940
9	8941	8942	9070	9069	8941
9	8942	8943	9071	9070	8942
9	8943	8944	9072	9071	8943
9	8944	8945	9073	9072	8944
9	8945	8946	9074	9073	8945
9	8946	8947	9075	9074	8946
9	8947	8948	9076	9075	8947
9	8948	8949	9077	9076	8948
9	8949	8950	9078	9077	8949
9	8950	8951	9079	9078	8950
9	8951	8952	9080	9079	8951
9	8952	8953	9081	9080	8952
9	8953	8954	9082	9081	8953
9	8954	8955	9083	9082	8954
9	8955	8956	9084	9083	8955
9	8956	8957	9085	9084	8956
9	8957	8958	9086	9085	8957
9	8958	8959	9087	9086	8958
9	8959	8832	8960	9087	8959
9	8960	8961	9089	9088	8960
9	8961	8962	9090	9089	8961
9	8962	8963	9091	9090	8962
9	8963	8964	9092	9091	8963
9	8964	8965	9093	9092	8964
9	8965	8966	9094	9093	8965
9	8966	8967	9095	9094	8966
9	8967	8968	9096	9095	8967
9	8968	8969	9097	9096	8968
9	8969	8970	9098	9097	8969
9	8970	8971	9099	9098	8970
9	8971	8972	9100	9099	8971
9	8972	8973	9101	9100	8972
9	8973	8974	9102	9101	8973
9	8974	8975	9103	9102	8974
9	8975	8976	9104	9103	8975
9	8976	8977	9105	9104	8976
9	8977	8978	9106	9105	8977
9	8978	8979	9107	9106	8978
9	8979	8980	9108	9107	8979
9	8980	8981	9109	9108	8980
9	8981	8982	9110	9109	8981
9	8982	8983	9111	9110	8982
9	8983	8984	9112	9111	8983
9	8984	8985	9113	9112	8984
9	8985	8986	9114	9113	8985
9	8986	8987	9115	9114	8986
9	8987	8988	9116	9115	8987
9	8988	8989	9117	9116	8988
9	8989	8990	9118	9117	8989
9	8990	8991	9119	9118	8990
9	8991	8992	9120	9119	8991
9	8992	8993	9121	9120	8992
9	8993	8994	9122	9121	8993
9	8994	8995	9123	9122	8994
9	8995	8996	9124	9123	8995
9	8996	8997	9125	9124	8996
9	8997	8998	9126	9125	8997
9	8998	8999	9127	9126	8998
9	8999	9000	9128	9127	8999
9	9000	9001	9129	9128	9000
9	9001	9002	9130	9129	9001
9	9002	9003	9131	9130	9002
9	9003	9004	9132	9131	9003
9	9004	9005	9133	9132	9004
9	9005	9006	9134	9133	9005
9	9006	9007	9135	9134	9006
9	9007	9008	9136	9135	9007
9	9008	9009	9137	9136	9008
9	9009	9010	9138	9137	9009
9	9010	9011	9139	9138	9010
9	9011	9012	9140	9139	9011
9	9012	9013	9141	9140	9012
9	9013	9014	9142	9141	9013
9	9014	9015	9143	9142	9014
9	9015	9016	9144	9143	9015
9	9016	9017	9145	9144	9016
9	9017	9018	9146	9145	9017
9	9018	9019	9147	9146	9018
9	9019	9020	9148	9147	9019
9	9020	9021	9149	9148	9020
9	9021	9022	9150	9149	9021
9	9022	9023	9151	9150	9022
9	9023	9024	9152	9151	9023
9	9024	9025	9153	9152	9024
9	9025	9026	9154	9153	9025
9	9026	9027	9155	9154	9026
9	9027	9028	9156	9155	9027
9	9028	9029	9157	9156	9028
9	9029	9030	9158	9157	9029
9	9030	9031	9159	9158	9030
9	9031	9032	9160	9159	9031
9	9032	9033	9161	9160	9032
9	9033	9034	9162	9161	9033
9	9034	9035	9163	9162	9034
9	9035	9036	9164	9163	9035
9	9036	9037	9165	9164	9036
9	9037	9038	9166	9165	9037
9	9038	9039	9167	9166	9038
9	9039	9040	9168	9167	9039
9	9040	9041	9169	9168	9040
9	9041	9042	9170	9169	9041
9	9042	9043	9171	9170	9042
9	9043	9044	9172	9171	9043
9	9044	9045	9173	9172	9044
9	9045	9046	9174	9173	9045
9	9046	9047	9175	9174	9046
9	9047	9048	9176	9175	9047
9	9048	9049	9177	9176	9048
9	9049	9050	9178	9177	9049
9	9050	9051	9179	9178	9050
9	9051	9052	9180	9179	9051
9	9052	9053	9181	9180	9052
9	9053	9054	9182	9181	9053
9	9054	9055	9183	9182	9054
9	9055	9056	9184	9183	9055
9	9056	9057	9185	9184	9056
9	9057	9058	9186	9185	9057
9	9058	9059	9187	9186	9058
9	9059	9060	9188	9187	9059
9	9060	9061	9189	9188	9060
9	9061	9062	9190	9189	9061
9	9062	9063	9191	9190	9062
9	9063	9064	9192	9191	9063
9	9064	9065	9193	9192	9064
9	9065	9066	9194	9193	9065
9	9066	9067	9195	9194	9066
9	9067	9068	9196	9195	9067
9	9068	9069	9197	9196	9068
9	9069	9070	9198	9197	9069
9	9070	9071	9199	9198	9070
9	9071	9072	9200	9199	9071
9	9072	9073	9201	9200	9072
9	9073	9074	9202	9201	9073
9	9074	9075	9203	9202	9074
9	9075	9076	9204	9203	9075
9	9076	9077	9205	9204	9076
9	9077	9078	9206	9205	9077
9	9078	9079	9207	9206	9078
9	9079	9080	9208	9207	9079
9	9080	9081	9209	9208	9080
9	9081	9082	9210	9209	9081
9	9082	9083	9211	9210	9082
9	9083	9084	9212	9211	9083
9	9084	9085	9213	9212	9084
9	9085	9086	9214	9213	9085
9	9086	9087	9215	9214	9086
9	9087	8960	9088	9215	9087
9	9088	9089	9217	9216	9088
9	9089	9090	9218	9217	9089
9	9090	9091	9219	9218	9090
9	9091	9092	9220	9219	9091
9	9092	9093	9221	9220	9092
9	9093	9094	9222	9221	9093
9	9094	9095	9223	9222	9094
9	9095	9096	9224	9223	9095
9	9096	9097	9225	9224	9096
9	9097	9098	9226	9225	9097
9	9098	9099	9227	9226	9098
9	9099	9100	9228	9227	9099
9	9100	9101	9229	9228	9100
9	9101	9102	9230	9229	9101
9	9102	9103	9231	9230	9102
9	9103	9104	9232	9231	9103
9	9104	9105	9233	9232	9104
9	9105	9106	9234	9233	9105
9	9106	9107	9235	9234	9106
9	9107	9108	9236	9235	9107
9	9108	9109	9237	9236	9108
9	9109	9110	9238	9237	9109
9	9110	9111	9239	9238	9110
9	9111	9112	9240	9239	9111
9	9112	9113	9241	9240	9112
9	9113	9114	9242	9241	9113
9	9114	9115	9243	9242	9114
9	9115	9116	9244	9243	9115
9	9116	9117	9245	9244	9116
9	9117	9118	9246	9245	9117
9	9118	9119	9247	9246	9118
9	9119	9120	9248	9247	9119
9	9120	9121	9249	9248	9120
9	9121	9122	9250	9249	9121
9	9122	9123	9251	9250	9122
9	9123	9124	9252	9251	9123
9	9124	9125	9253	9252	9124
9	9125	9126	9254	9253	9125
9	9126	9127	9255	9254	9126
9	9127	9128	9256	9255	9127
9	9128	9129	9257	9256	9128
9	9129	9130	9258	9257	9129
9	9130	9131	9259	9258	9130
9	9131	9132	9260	9259	9131
9	9132	9133	9261	9260	9132
9	9133	9134	9262	9261	9133
9	9134	9135	9263	9262	9134
9	9135	9136	9264	9263	9135
9	9136	9137	9265	9264	9136
9	9137	9138	9266	9265	9137
9	9138	9139	9267	9266	9138
9	9139	9140	9268	9267	9139
9	9140	9141	9269	9268	9140
9	9141	9142	9270	9269	9141
9	9142	9143	9271	9270	9142
9	9143	9144	9272	9271	9143
9	9144	9145	9273	9272	9144
9	9145	9146	9274	9273	9145
9	9146	9147	9275	9274	9146
9	9147	9148	9276	9275	9147
9	9148	9149	9277	9276	9148
9	9149	9150	9278	9277	9149
9	9150	9151	9279	9278	9150
9	9151	9152	9280	9279	9151
9	9152	9153	9281	9280	9152
9	9153	9154	9282	9281	9153
9	9154	9155	9283	9282	9154
9	9155	9156	9284	9283	9155
9	9156	9157	9285	9284	9156
9	9157	9158	9286	9285	9157
9	9158	9159	9287	9286	9158
9	9159	9160	9288	9287	9159
9	9160	9161	9289	9288	9160
9	9161	9162	9290	9289	9161
9	9162	9163	9291	9290	9162
9	9163	9164	9292	9291	9163
9	9164	9165	9293	9292	9164
9	9165	9166	9294	9293	9165
9	9166	9167	9295	9294	9166
9	9167	9168	9296	9295	9167
9	9168	9169	9297	9296	9168
9	9169	9170	9298	9297	9169
9	9170	9171	9299	9298	9170
9	9171	9172	9300	9299	9171
9	9172	9173	9301	9300	9172
9	9173	9174	9302	9301	9173
9	9174	9175	9303	9302	9174
9	9175	9176	9304	9303	9175
9	9176	9177	9305	9304	9176
9	9177	9178	9306	9305	9177
9	9178	9179	9307	9306	9178
9	9179	9180	9308	9307	9179
9	9180	9181	9309	9308	9180
9	9181	9182	9310	9309	9181
9	9182	9183	9311	9310	9182
9	9183	9184	9312	9311	9183
9	9184	9185	9313	9312	9184
9	9185	9186	9314	9313	9185
9	9186	9187	9315	9314	9186
9	9187	9188	9316	9315	9187
9	9188	9189	9317	9316	9188
9	9189	9190	9318	9317	9189
9	9190	9191	9319	9318	9190
9	9191	9192	9320	9319	9191
9	9192	9193	9321	9320	9192
9	9193	9194	9322	9321	9193
9	9194	9195	9323	9322	9194
9	9195	9196	9324	9323	9195
9	9196	9197	9325	9324	9196
9	9197	9198	9326	9325	9197
9	9198	9199	9327	9326	9198
9	9199	9200	9328	9327	9199
9	9200	9201	9329	9328	9200
9	9201	9202	9330	9329	9201
9	9202	9203	9331	9330	9202
9	9203	9204	9332	9331	9203
9	9204	9205	9333	9332	9204
9	9205	9206	9334	9333	9205
9	9206	9207	9335	9334	9206
9	9207	9208	9336	9335	9207
9	9208	9209	9337	9336	9208
9	9209	9210	9338	9337	9209
9	9210	9211	9339	9338	9210
9	9211	9212	9340	9339	9211
9	9212	9213	9341	9340	9212
9	9213	9214	9342	9341	9213
9	9214	9215	9343	9342	9214
9	9215	9088	9216	9343	9215
9	9216	9217	9345	9344	9216
9	9217	9218	9346	9345	9217
9	9218	9219	9347	9346	9218
9	9219	9220	9348	9347	9219
9	9220	9221	9349	9348	9220
9	9221	9222	9350	9349	9221
9	9222	9223	9351	9350	9222
9	9223	9224	9352	9351	9223
9	9224	9225	9353	9352	9224
9	9225	9226	9354	9353	9225
9	9226	9227	9355	9354	9226
9	9227	9228	9356	9355	9227
9	9228	9229	9357	9356	9228
9	9229	9230	9358	9357	9229
9	9230	9231	9359	9358	9230
9	9231	9232	9360	9359	9231
9	9232	9233	9361	9360	9232
9	9233	9234	9362	9361	9233
9	9234	9235	9363	9362	9234
9	9235	9236	9364	9363	9235
9	9236	9237	9365	9364	9236
9	9237	9238	9366	9365	9237
9	9238	9239	9367	9366	9238
9	9239	9240	9368	9367	9239
9	9240	9241	9369	9368	9240
9	9241	9242	9370	9369	9241
9	9242	9243	9371	9370	9242
9	9243	9244	9372	9371	9243
9	9244	9245	9373	9372	9244
9	9245	9246	9374	9373	9245
9	9246	9247	9375	9374	9246
9	9247	9248	9376	9375	9247
9	9248	9249	9377	9376	9248
9	9249	9250	9378	9377	9249
9	9250	9251	9379	9378	9250
9	9251	9252	9380	9379	9251
9	9252	9253	9381	9380	9252
9	9253	9254	9382	9381	9253
9	9254	9255	9383	9382	9254
9	9255	9256	9384	9383	9255
9	9256	9257	9385	9384	9256
9	9257	9258	9386	9385	9257
9	9258	9259	9387	9386	9258
9	9259	9260	9388	9387	9259
9	9260	9261	9389	9388	9260
9	9261	9262	9390	9389	9261
9	9262	9263	9391	9390	9262
9	9263	9264	9392	9391	9263
9	9264	9265	9393	9392	9264
9	9265	9266	9394	9393	9265
9	9266	9267	9395	9394	9266
9	9267	9268	9396	9395	9267
9	9268	9269	9397	9396	9268
9	9269	9270	9398	9397	9269
9	9270	9271	9399	9398	9270
9	9271	9272	9400	9399	9271
9	9272	9273	9401	9400	9272
9	9273	9274	9402	9401	9273
9	9274	9275	9403	9402	9274
9	9275	9276	9404	9403	9275
9	9276	9277	9405	9404	9276
9	9277	9278	9406	9405	9277
9	9278	9279	9407	9406	9278
9	9279	9280	9408	9407	9279
9	9280	9281	9409	9408	9280
9	9281	9282	9410	9409	9281
9	9282	9283	9411	9410	9282
9	9283	9284	9412	9411	9283
9	9284	9285	9413	9412	9284
9	9285	9286	9414	9413	9285
9	9286	9287	9415	9414	9286
9	9287	9288	9416	9415	9287
9	9288	9289	9417	9416	9288
9	9289	9290	9418	9417	9289
9	9290	9291	9419	9418	9290
9	9291	9292	9420	9419	9291
9	9292	9293	9421	9420	9292
9	9293	9294	9422	9421	9293
9	9294	9295	9423	9422	9294
9	9295	9296	9424	9423	9295
9	9296	9297	9425	9424	9296
9	9297	9298	9426	9425	9297
9	9298	9299	9427	9426	9298
9	9299	9300	9428	9427	9299
9	9300	9301	9429	9428	9300
9	9301	9302	9430	9429	9301
9	9302	9303	9431	9430	9302
9	9303	9304	9432	9431	9303
9	9304	9305	9433	9432	9304
9	9305	9306	9434	9433	9305
9	9306	9307	9435	9434	9306
9	9307	9308	9436	9435	9307
9	9308	9309	9437	9436	9308
9	9309	9310	9438	9437	9309
9	9310	9311	9439	9438	9310
9	9311	9312	9440	9439	9311
9	9312	9313	9441	9440	9312
9	9313	9314	9442	9441	9313
9	9314	9315	9443	9442	9314
9	9315	9316	9444	9443	9315
9	9316	9317	9445	9444	9316
9	9317	9318	9446	9445	9317
9	9318	9319	9447	9446	9318
9	9319	9320	9448	9447	9319
9	9320	9321	9449	9448	9320
9	9321	9322	9450	9449	9321
9	9322	9323	9451	9450	9322
9	9323	9324	9452	9451	9323
9	9324	9325	9453	9452	9324
9	9325	9326	9454	9453	9325
9	9326	9327	9455	9454	9326
9	9327	9328	9456	9455	9327
9	9328	9329	9457	9456	9328
9	9329	9330	9458	9457	9329
9	9330	9331	9459	9458	9330
9	9331	9332	9460	9459	9331
9	9332	9333	9461	9460	9332
9	9333	9334	9462	9461	9333
9	9334	9335	9463	9462	9334
9	9335	9336	9464	9463	9335
9	9336	9337	9465	9464	9336
9	9337	9338	9466	9465	9337
9	9338	9339	9467	9466	9338
9	9339	9340	9468	9467	9339
9	9340	9341	9469	9468	9340
9	9341	9342	9470	9469	9341
9	9342	9343	9471	9470	9342
9	9343	9216	9344	9471	9343
9	9344	9345	9473	9472	9344
9	9345	9346	9474	9473	9345
9	9346	9347	9475	9474	9346
9	9347	9348	9476	9475	9347
9	9348	9349	9477	9476	9348
9	9349	9350	9478	9477	9349
9	9350	9351	9479	9478	9350
9	9351	9352	9480	9479	9351
9	9352	9353	9481	9480	9352
9	9353	9354	9482	9481	9353
9	9354	9355	9483	9482	9354
9	9355	9356	9484	9483	9355
9	9356	9357	9485	9484	9356
9	9357	9358	9486	9485	9357
9	9358	9359	9487	9486	9358
9	9359	9360	9488	9487	9359
9	9360	9361	9489	9488	9360
9	9361	9362	9490	9489	9361
9	9362	9363	9491	9490	9362
9	9363	9364	9492	9491	9363
9	9364	9365	9493	9492	9364
9	9365	9366	9494	9493	9365
9	9366	9367	9495	9494	9366
9	9367	9368	9496	9495	9367
9	9368	9369	9497	9496	9368
9	9369	9370	9498	9497	9369
9	9370	9371	9499	9498	9370
9	9371	9372	9500	9499	9371
9	9372	9373	9501	9500	9372
9	9373	9374	9502	9501	9373
9	9374	9375	9503	9502	9374
9	9375	9376	9504	9503	9375
9	9376	9377	9505	9504	9376
9	9377	9378	9506	9505	9377
9	9378	9379	9507	9506	9378
9	9379	9380	9508	9507	9379
9	9380	9381	9509	9508	9380
9	9381	9382	9510	9509	9381
9	9382	9383	9511	9510	9382
9	9383	9384	9512	9511	9383
9	9384	9385	9513	9512	9384
9	9385	9386	9514	9513	9385
9	9386	9387	9515	9514	9386
9	9387	9388	9516	9515	9387
9	9388	9389	9517	9516	9388
9	9389	9390	9518	9517	9389
9	9390	9391	9519	9518	9390
9	9391	9392	9520	9519	9391
9	9392	9393	9521	9520	9392
9	9393	9394	9522	9521	9393
9	9394	9395	9523	9522	9394
9	9395	9396	9524	9523	9395
9	9396	9397	9525	9524	9396
9	9397	9398	9526	9525	9397
9	9398	9399	9527	9526	9398
9	9399	9400	9528	9527	9399
9	9400	9401	9529	9528	9400
9	9401	9402	9530	9529	9401
9	9402	9403	9531	9530	9402
9	9403	9404	9532	9531	9403
9	9404	9405	9533	9532	9404
9	9405	9406	9534	9533	9405
9	9406	9407	9535	9534	9406
9	9407	9408	9536	9535	9407
9	9408	9409	9537	9536	9408
9	9409	9410	9538	9537	9409
9	9410	9411	9539	9538	9410
9	9411	9412	9540	9539	9411
9	9412	9413	9541	9540	9412
9	9413	9414	9542	9541	9413
9	9414	9415	9543	9542	9414
9	9415	9416	9544	9543	9415
9	9416	9417	9545	9544	9416
9	9417	9418	9546	9545	9417
9	9418	9419	9547	9546	9418
9	9419	9420	9548	9547	9419
9	9420	9421	9549	9548	9420
9	9421	9422	9550	9549	9421
9	9422	9423	9551	9550	9422
9	9423	9424	9552	9551	9423
9	9424	9425	9553	9552	9424
9	9425	9426	9554	9553	9425
9	9426	9427	9555	9554	9426
9	9427	9428	9556	9555	9427
9	9428	9429	9557	9556	9428
9	9429	9430	9558	9557	9429
9	9430	9431	9559	9558	9430
9	9431	9432	9560	9559	9431
9	9432	9433	9561	9560	9432
9	9433	9434	9562	9561	9433
9	9434	9435	9563	9562	9434
9	9435	9436	9564	9563	9435
9	9436	9437	9565	9564	9436
9	9437	9438	9566	9565	9437
9	9438	9439	9567	9566	9438
9	9439	9440	9568	9567	9439
9	9440	9441	9569	9568	9440
9	9441	9442	9570	9569	9441
9	9442	9443	9571	9570	9442
9	9443	9444	9572	9571	9443
9	9444	9445	9573	9572	9444
9	9445	9446	9574	9573	9445
9	9446	9447	9575	9574	9446
9	9447	9448	9576	9575	9447
9	9448	9449	9577	9576	9448
9	9449	9450	9578	9577	9449
9	9450	9451	9579	9578	9450
9	9451	9452	9580	9579	9451
9	9452	9453	9581	9580	9452
9	9453	9454	9582	9581	9453
9	9454	9455	9583	9582	9454
9	9455	9456	9584	9583	9455
9	9456	9457	9585	9584	9456
9	9457	9458	9586	9585	9457
9	9458	9459	9587	9586	9458
9	9459	9460	9588	9587	9459
9	9460	9461	9589	9588	9460
9	9461	9462	9590	9589	9461
9	9462	9463	9591	9590	9462
9	9463	9464	9592	9591	9463
9	9464	9465	9593	9592	9464
9	9465	9466	9594	9593	9465
9	9466	9467	9595	9594	9466
9	9467	9468	9596	9595	9467
9	9468	9469	9597	9596	9468
9	9469	9470	9598	9597	9469
9	9470	9471	9599	9598	9470
9	9471	9344	9472	9599	9471
9	9472	9473	9601	9600	9472
9	9473	9474	9602	9601	9473
9	9474	9475	9603	9602	9474
9	9475	9476	9604	9603	9475
9	9476	9477	9605	9604	9476
9	9477	9478	9606	9605	9477
9	9478	9479	9607	9606	9478
9	9479	9480	9608	9607	9479
9	9480	9481	9609	9608	9480
9	9481	9482	9610	9609	9481
9	9482	9483	9611	9610	9482
9	9483	9484	9612	9611	9483
9	9484	9485	9613	9612	9484
9	9485	9486	9614	9613	9485
9	9486	9487	9615	9614	9486
9	9487	9488	9616	9615	9487
9	9488	9489	9617	9616	9488
9	9489	9490	9618	9617	9489
9	9490	9491	9619	9618	9490
9	9491	9492	9620	9619	9491
9	9492	9493	9621	9620	9492
9	9493	9494	9622	9621	9493
9	9494	9495	9623	9622	9494
9	9495	9496	9624	9623	9495
9	9496	9497	9625	9624	9496
9	9497	9498	9626	9625	9497
9	9498	9499	9627	9626	9498
9	9499	9500	9628	9627	9499
9	9500	9501	9629	9628	9500
9	9501	9502	9630	9629	9501
9	9502	9503	9631	9630	9502
9	9503	9504	9632	9631	9503
9	9504	9505	9633	9632	9504
9	9505	9506	9634	9633	9505
9	9506	9507	9635	9634	9506
9	9507	9508	9636	9635	9507
9	9508	9509	9637	9636	9508
9	9509	9510	9638	9637	9509
9	9510	9511	9639	9638	9510
9	9511	9512	9640	9639	9511
9	9512	9513	9641	9640	9512
9	9513	9514	9642	9641	9513
9	9514	9515	9643	9642	9514
9	9515	9516	9644	9643	9515
9	9516	9517	9645	9644	9516
9	9517	9518	9646	9645	9517
9	9518	9519	9647	9646	9518
9	9519	9520	9648	9647	9519
9	9520	9521	9649	9648	9520
9	9521	9522	9650	9649	9521
9	9522	9523	9651	9650	9522
9	9523	9524	9652	9651	9523
9	9524	9525	9653	9652	9524
9	9525	9526	9654	9653	9525
9	9526	9527	9655	9654	9526
9	9527	9528	9656	9655	9527
9	9528	9529	9657	9656	9528
9	9529	9530	9658	9657	9529
9	9530	9531	9659	9658	9530
9	9531	9532	9660	9659	9531
9	9532	9533	9661	9660	9532
9	9533	9534	9662	9661	9533
9	9534	9535	9663	9662	9534
9	9535	9536	9664	9663	9535
9	9536	9537	9665	9664	9536
9	9537	9538	9666	9665	9537
9	9538	9539	9667	9666	9538
9	9539	9540	9668	9667	9539
9	9540	9541	9669	9668	9540
9	9541	9542	9670	9669	9541
9	9542	9543	9671	9670	9542
9	9543	9544	9672	9671	9543
9	9544	9545	9673	9672	9544
9	9545	9546	9674	9673	9545
9	9546	9547	9675	9674	9546
9	9547	9548	9676	9675	9547
9	9548	9549	9677	9676	9548
9	9549	9550	9678	9677	9549
9	9550	9551	9679	9678	9550
9	9551	9552	9680	9679	9551
9	9552	9553	9681	9680	9552
9	9553	9554	9682	9681	9553
9	9554	9555	9683	9682	9554
9	9555	9556	9684	9683	9555
9	9556	9557	9685	9684	9556
9	9557	9558	9686	9685	9557
9	9558	9559	9687	9686	9558
9	9559	9560	9688	9687	9559
9	9560	9561	9689	9688	9560
9	9561	9562	9690	9689	9561
9	9562	9563	9691	9690	9562
9	9563	9564	9692	9691	9563
9	9564	9565	9693	9692	9564
9	9565	9566	9694	9693	9565
9	9566	9567	9695	9694	9566
9	9567	9568	9696	9695	9567
9	9568	9569	9697	9696	9568
9	9569	9570	9698	9697	9569
9	9570	9571	9699	9698	9570
9	9571	9572	9700	9699	9571
9	9572	9573	9701	9700	9572
9	9573	9574	9702	9701	9573
9	9574	9575	9703	9702	9574
9	9575	9576	9704	9703	9575
9	9576	9577	9705	9704	9576
9	9577	9578	9706	9705	9577
9	9578	9579	9707	9706	9578
9	9579	9580	9708	9707	9579
9	9580	9581	9709	9708	9580
9	9581	9582	9710	9709	9581
9	9582	9583	9711	9710	9582
9	9583	9584	9712	9711	9583
9	9584	9585	9713	9712	9584
9	9585	9586	9714	9713	9585
9	9586	9587	9715	9714	9586
9	9587	9588	9716	9715	9587
9	9588	9589	9717	9716	9588
9	9589	9590	9718	9717	9589
9	9590	9591	9719	9718	9590
9	9591	9592	9720	9719	9591
9	9592	9593	9721	9720	9592
9	9593	9594	9722	9721	9593
9	9594	9595	9723	9722	9594
9	9595	9596	9724	9723	9595
9	9596	9597	9725	9724	9596
9	9597	9598	9726	9725	9597
9	9598	9599	9727	9726	9598
9	9599	9472	9600	9727	9599
9	9600	9601	9729	9728	9600
9	9601	9602	9730	9729	9601
9	9602	9603	9731	9730	9602
9	9603	9604	9732	9731	9603
9	9604	9605	9733	9732	9604
9	9605	9606	9734	9733	9605
9	9606	9607	9735	9734	9606
9	9607	9608	9736	9735	9607
9	9608	9609	9737	9736	9608
9	9609	9610	9738	9737	9609
9	9610	9611	9739	9738	9610
9	9611	9612	9740	9739	9611
9	9612	9613	9741	9740	9612
9	9613	9614	9742	9741	9613
9	9614	9615	9743	9742	9614
9	9615	9616	9744	9743	9615
9	9616	9617	9745	9744	9616
9	9617	9618	9746	9745	9617
9	9618	9619	9747	9746	9618
9	9619	9620	9748	9747	9619
9	9620	9621	9749	9748	9620
9	9621	9622	9750	9749	9621
9	9622	9623	9751	9750	9622
9	9623	9624	9752	9751	9623
9	9624	9625	9753	9752	9624
9	9625	9626	9754	9753	9625
9	9626	9627	9755	9754	9626
9	9627	9628	9756	9755	9627
9	9628	9629	9757	9756	9628
9	9629	9630	9758	9757	9629
9	9630	9631	9759	9758	9630
9	9631	9632	9760	9759	9631
9	9632	9633	9761	9760	9632
9	9633	9634	9762	9761	9633
9	9634	9635	9763	9762	9634
9	9635	9636	9764	9763	9635
9	9636	9637	9765	9764	9636
9	9637	9638	9766	9765	9637
9	9638	9639	9767	9766	9638
9	9639	9640	9768	9767	9639
9	9640	9641	9769	9768	9640
9	9641	9642	9770	9769	9641
9	9642	9643	9771	9770	9642
9	9643	9644	9772	9771	9643
9	9644	9645	9773	9772	9644
9	9645	9646	9774	9773	9645
9	9646	9647	9775	9774	9646
9	9647	9648	9776	9775	9647
9	9648	9649	9777	9776	9648
9	9649	9650	9778	9777	9649
9	9650	9651	9779	9778	9650
9	9651	9652	9780	9779	9651
9	9652	9653	9781	9780	9652
9	9653	9654	9782	9781	9653
9	9654	9655	9783	9782	9654
9	9655	9656	9784	9783	9655
9	9656	9657	9785	9784	9656
9	9657	9658	9786	9785	9657
9	9658	9659	9787	9786	9658
9	9659	9660	9788	9787	9659
9	9660	9661	9789	9788	9660
9	9661	9662	9790	9789	9661
9	9662	9663	9791	9790	9662
9	9663	9664	9792	9791	9663
9	9664	9665	9793	9792	9664
9	9665	9666	9794	9793	9665
9	9666	9667	9795	9794	9666
9	9667	9668	9796	9795	9667
9	9668	9669	9797	9796	9668
9	9669	9670	9798	9797	9669
9	9670	9671	9799	9798	9670
9	9671	9672	9800	9799	9671
9	9672	9673	9801	9800	9672
9	9673	9674	9802	9801	9673
9	9674	9675	9803	9802	9674
9	9675	9676	9804	9803	9675
9	9676	9677	9805	9804	9676
9	9677	9678	9806	9805	9677
9	9678	9679	9807	9806	9678
9	9679	9680	9808	9807	9679
9	9680	9681	9809	9808	9680
9	9681	9682	9810	9809	9681
9	9682	9683	9811	9810	9682
9	9683	9684	9812	9811	9683
9	9684	9685	9813	9812	9684
9	9685	9686	9814	9813	9685
9	9686	9687	9815	9814	9686
9	9687	9688	9816	9815	9687
9	9688	9689	9817	9816	9688
9	9689	9690	9818	9817	9689
9	9690	9691	9819	9818	9690
9	9691	9692	9820	9819	9691
9	9692	9693	9821	9820	9692
9	9693	9694	9822	9821	9693
9	9694	9695	9823	9822	9694
9	9695	9696	9824	9823	9695
9	9696	9697	9825	9824	9696
9	9697	9698	9826	9825	9697
9	9698	9699	9827	9826	9698
9	9699	9700	9828	9827	9699
9	9700	9701	9829	9828	9700
9	9701	9702	9830	9829	9701
9	9702	9703	9831	9830	9702
9	9703	9704	9832	9831	9703
9	9704	9705	9833	9832	9704
9	9705	9706	9834	9833	9705
9	9706	9707	9835	9834	9706
9	9707	9708	9836	9835	9707
9	9708	9709	9837	9836	9708
9	9709	9710	9838	9837	9709
9	9710	9711	9839	9838	9710
9	9711	9712	9840	9839	9711
9	9712	9713	9841	9840	9712
9	9713	9714	9842	9841	9713
9	9714	9715	9843	9842	9714
9	9715	9716	9844	9843	9715
9	9716	9717	9845	9844	9716
9	9717	9718	9846	9845	9717
9	9718	9719	9847	9846	9718
9	9719	9720	9848	9847	9719
9	9720	9721	9849	9848	9720
9	9721	9722	9850	9849	9721
9	9722	9723	9851	9850	9722
9	9723	9724	9852	9851	9723
9	9724	9725	9853	9852	9724
9	9725	9726	9854	9853	9725
9	9726	9727	9855	9854	9726
9	9727	9600	9728	9855	9727
9	9728	9729	9857	9856	9728
9	9729	9730	9858	9857	9729
9	9730	9731	9859	9858	9730
9	9731	9732	9860	9859	9731
9	9732	9733	9861	9860	9732
9	9733	9734	9862	9861	9733
9	9734	9735	9863	9862	9734
9	9735	9736	9864	9863	9735
9	9736	9737	9865	9864	9736
9	9737	9738	9866	9865	9737
9	9738	9739	9867	9866	9738
9	9739	9740	9868	9867	9739
9	9740	9741	9869	9868	9740
9	9741	9742	9870	9869	9741
9	9742	9743	9871	9870	9742
9	9743	9744	9872	9871	9743
9	9744	9745	9873	9872	9744
9	9745	9746	9874	9873	9745
9	9746	9747	9875	9874	9746
9	9747	9748	9876	9875	9747
9	9748	9749	9877	9876	9748
9	9749	9750	9878	9877	9749
9	9750	9751	9879	9878	9750
9	9751	9752	9880	9879	9751
9	9752	9753	9881	9880	9752
9	9753	9754	9882	9881	9753
9	9754	9755	9883	9882	9754
9	9755	9756	9884	9883	9755
9	9756	9757	9885	9884	9756
9	9757	9758	9886	9885	9757
9	9758	9759	9887	9886	9758
9	9759	9760	9888	9887	9759
9	9760	9761	9889	9888	9760
9	9761	9762	9890	9889	9761
9	9762	9763	9891	9890	9762
9	9763	9764	9892	9891	9763
9	9764	9765	9893	9892	9764
9	9765	9766	9894	9893	9765
9	9766	9767	9895	9894	9766
9	9767	9768	9896	9895	9767
9	9768	9769	9897	9896	9768
9	9769	9770	9898	9897	9769
9	9770	9771	9899	9898	9770
9	9771	9772	9900	9899	9771
9	9772	9773	9901	9900	9772
9	9773	9774	9902	9901	9773
9	9774	9775	9903	9902	9774
9	9775	9776	9904	9903	9775
9	9776	9777	9905	9904	9776
9	9777	9778	9906	9905	9777
9	9778	9779	9907	9906	9778
9	9779	9780	9908	9907	9779
9	9780	9781	9909	9908	9780
9	9781	9782	9910	9909	9781
9	9782	9783	9911	9910	9782
9	9783	9784	9912	9911	9783
9	9784	9785	9913	9912	9784
9	9785	9786	9914	9913	9785
9	9786	9787	9915	9914	9786
9	9787	9788	9916	9915	9787
9	9788	9789	9917	9916	9788
9	9789	9790	9918	9917	9789
9	9790	9791	9919	9918	9790
9	9791	9792	9920	9919	9791
9	9792	9793	9921	9920	9792
9	9793	9794	9922	9921	9793
9	9794	9795	9923	9922	9794
9	9795	9796	9924	9923	9795
9	9796	9797	9925	9924	9796
9	9797	9798	9926	9925	9797
9	9798	9799	9927	9926	9798
9	9799	9800	9928	9927	9799
9	9800	9801	9929	9928	9800
9	9801	9802	9930	9929	9801
9	9802	9803	9931	9930	9802
9	9803	9804	9932	9931	9803
9	9804	9805	9933	9932	9804
9	9805	9806	9934	9933	9805
9	9806	9807	9935	9934	9806
9	9807	9808	9936	9935	9807
9	9808	9809	9937	9936	9808
9	9809	9810	9938	9937	9809
9	9810	9811	9939	9938	9810
9	9811	9812	9940	9939	9811
9	9812	9813	9941	9940	9812
9	9813	9814	9942	9941	9813
9	9814	9815	9943	9942	9814
9	9815	9816	9944	9943	9815
9	9816	9817	9945	9944	9816
9	9817	9818	9946	9945	9817
9	9818	9819	9947	9946	9818
9	9819	9820	9948	9947	9819
9	9820	9821	9949	9948	9820
9	9821	9822	9950	9949	9821
9	9822	9823	9951	9950	9822
9	9823	9824	9952	9951	9823
9	9824	9825	9953	9952	9824
9	9825	9826	9954	9953	9825
9	9826	9827	9955	9954	9826
9	9827	9828	9956	9955	9827
9	9828	9829	9957	9956	9828
9	9829	9830	9958	9957	9829
9	9830	9831	9959	9958	9830
9	9831	9832	9960	9959	9831
9	9832	9833	9961	9960	9832
9	9833	9834	9962	9961	9833
9	9834	9835	9963	9962	9834
9	9835	9836	9964	9963	9835
9	9836	9837	9965	9964	9836
9	9837	9838	9966	9965	9837
9	9838	9839	9967	9966	9838
9	9839	9840	9968	9967	9839
9	9840	9841	9969	9968	9840
9	9841	9842	9970	9969	9841
9	9842	9843	9971	9970	9842
9	9843	9844	9972	9971	9843
9	9844	9845	9973	9972	9844
9	9845	9846	9974	9973	9845
9	9846	9847	9975	9974	9846
9	9847	9848	9976	9975	9847
9	9848	9849	9977	9976	9848
9	9849	9850	9978	9977	9849
9	9850	9851	9979	9978	9850
9	9851	9852	9980	9979	9851
9	9852	9853	9981	9980	9852
9	9853	9854	9982	9981	9853
9	9854	9855	9983	9982	9854
9	9855	9728	9856	9983	9855
9	9856	9857	9985	9984	9856
9	9857	9858	9986	9985	9857
9	9858	9859	9987	9986	9858
9	9859	9860	9988	9987	9859
9	9860	9861	9989	9988	9860
9	9861	9862	9990	9989	9861
9	9862	9863	9991	9990	9862
9	9863	9864	9992	9991	9863
9	9864	9865	9993	9992	9864
9	9865	9866	9994	9993	9865
9	9866	9867	9995	9994	9866
9	9867	9868	9996	9995	9867
9	9868	9869	9997	9996	9868
9	9869	9870	9998	9997	9869
9	9870	9871	9999	9998	9870
9	9871	9872	10000	9999	9871
9	9872	9873	10001	10000	9872
9	9873	9874	10002	10001	9873
9	9874	9875	10003	10002	9874
9	9875	9876	10004	10003	9875
9	9876	9877	10005	10004	9876
9	9877	9878	10006	10005	9877
9	9878	9879	10007	10006	9878
9	9879	9880	10008	10007	9879
9	9880	9881	10009	10008	9880
9	9881	9882	10010	10009	9881
9	9882	9883	10011	10010	9882
9	9883	9884	10012	10011	9883
9	9884	9885	10013	10012	9884
9	9885	9886	10014	10013	9885
9	9886	9887	10015	10014	9886
9	9887	9888	10016	10015	9887
9	9888	9889	10017	10016	9888
9	9889	9890	10018	10017	9889
9	9890	9891	10019	10018	9890
9	9891	9892	10020	10019	9891
9	9892	9893	10021	10020	9892
9	9893	9894	10022	10021	9893
9	9894	9895	10023	10022	9894
9	9895	9896	10024	10023	9895
9	9896	9897	10025	10024	9896
9	9897	9898	10026	10025	9897
9	9898	9899	10027	10026	9898
9	9899	9900	10028	10027	9899
9	9900	9901	10029	10028	9900
9	9901	9902	10030	10029	9901
9	9902	9903	10031	10030	9902
9	9903	9904	10032	10031	9903
9	9904	9905	10033	10032	9904
9	9905	9906	10034	10033	9905
9	9906	9907	10035	10034	9906
9	9907	9908	10036	10035	9907
9	9908	9909	10037	10036	9908
9	9909	9910	10038	10037	9909
9	9910	9911	10039	10038	9910
9	9911	9912	10040	10039	9911
9	9912	9913	10041	10040	9912
9	9913	9914	10042	10041	9913
9	9914	9915	10043	10042	9914
9	9915	9916	10044	10043	9915
9	9916	9917	10045	10044	9916
9	9917	9918	10046	10045	9917
9	9918	9919	10047	10046	9918
9	9919	9920	10048	10047	9919
9	9920	9921	10049	10048	9920
9	9921	9922	10050	10049	9921
9	9922	9923	10051	10050	9922
9	9923	9924	10052	10051	9923
9	9924	9925	10053	10052	9924
9	9925	9926	10054	10053	9925
9	9926	9927	10055	10054	9926
9	9927	9928	10056	10055	9927
9	9928	9929	10057	10056	9928
9	9929	9930	10058	10057	9929
9	9930	9931	10059	10058	9930
9	9931	9932	10060	10059	9931
9	9932	9933	10061	10060	9932
9	9933	9934	10062	10061	9933
9	9934	9935	10063	10062	9934
9	9935	9936	10064	10063	9935
9	9936	9937	10065	10064	9936
9	9937	9938	10066	10065	9937
9	9938	9939	10067	10066	9938
9	9939	9940	10068	10067	9939
9	9940	9941	10069	10068	9940
9	9941	9942	10070	10069	9941
9	9942	9943	10071	10070	9942
9	9943	9944	10072	10071	9943
9	9944	9945	10073	10072	9944
9	9945	9946	10074	10073	9945
9	9946	9947	10075	10074	9946
9	9947	9948	10076	10075	9947
9	9948	9949	10077	10076	9948
9	9949	9950	10078	10077	9949
9	9950	9951	10079	10078	9950
9	9951	9952	10080	10079	9951
9	9952	9953	10081	10080	9952
9	9953	9954	10082	10081	9953
9	9954	9955	10083	10082	9954
9	9955	9956	10084	10083	9955
9	9956	9957	10085	10084	9956
9	9957	9958	10086	10085	9957
9	9958	9959	10087	10086	9958
9	9959	9960	10088	10087	9959
9	9960	9961	10089	10088	9960
9	9961	9962	10090	10089	9961
9	9962	9963	10091	10090	9962
9	9963	9964	10092	10091	9963
9	9964	9965	10093	10092	9964
9	9965	9966	10094	10093	9965
9	9966	9967	10095	10094	9966
9	9967	9968	10096	10095	9967
9	9968	9969	10097	10096	9968
9	9969	9970	10098	10097	9969
9	9970	9971	10099	10098	9970
9	9971	9972	10100	10099	9971
9	9972	9973	10101	10100	9972
9	9973	9974	10102	10101	9973
9	9974	9975	10103	10102	9974
9	9975	9976	10104	10103	9975
9	9976	9977	10105	10104	9976
9	9977	9978	10106	10105	9977
9	9978	9979	10107	10106	9978
9	9979	9980	10108	10107	9979
9	9980	9981	10109	10108	9980
9	9981	9982	10110	10109	9981
9	9982	9983	10111	10110	9982
9	9983	9856	9984	10111	9983
9	9984	9985	10113	10112	9984
9	9985	9986	10114	10113	9985
9	9986	9987	10115	10114	9986
9	9987	9988	10116	10115	9987
9	9988	9989	10117	10116	9988
9	9989	9990	10118	10117	9989
9	9990	9991	10119	10118	9990
9	9991	9992	10120	10119	9991
9	9992	9993	10121	10120	9992
9	9993	9994	10122	10121	9993
9	9994	9995	10123	10122	9994
9	9995	9996	10124	10123	9995
9	9996	9997	10125	10124	9996
9	9997	9998	10126	10125	9997
9	9998	9999	10127	10126	9998
9	9999	10000	10128	10127	9999
9	10000	10001	10129	10128	10000
9	10001	10002	10130	10129	10001
9	10002	10003	10131	10130	10002
9	10003	10004	10132	10131	10003
9	10004	10005	10133	10132	10004
9	10005	10006	10134	10133	10005
9	10006	10007	10135	10134	10006
9	10007	10008	10136	10135	10007
9	10008	10009	10137	10136	10008
9	10009	10010	10138	10137	10009
9	10010	10011	10139	10138	10010
9	10011	10012	10140	10139	10011
9	10012	10013	10141	10140	10012
9	10013	10014	10142	10141	10013
9	10014	10015	10143	10142	10014
9	10015	10016	10144	10143	10015
9	10016	10017	10145	10144	10016
9	10017	10018	10146	10145	10017
9	10018	10019	10147	10146	10018
9	10019	10020	10148	10147	10019
9	10020	10021	10149	10148	10020
9	10021	10022	10150	10149	10021
9	10022	10023	10151	10150	10022
9	10023	10024	10152	10151	10023
9	10024	10025	10153	10152	10024
9	10025	10026	10154	10153	10025
9	10026	10027	10155	10154	10026
9	10027	10028	10156	10155	10027
9	10028	10029	10157	10156	10028
9	10029	10030	10158	10157	10029
9	10030	10031	10159	10158	10030
9	10031	10032	10160	10159	10031
9	10032	10033	10161	10160	10032
9	10033	10034	10162	10161	10033
9	10034	10035	10163	10162	10034
9	10035	10036	10164	10163	10035
9	10036	10037	10165	10164	10036
9	10037	10038	10166	10165	10037
9	10038	10039	10167	10166	10038
9	10039	10040	10168	10167	10039
9	10040	10041	10169	10168	10040
9	10041	10042	10170	10169	10041
9	10042	10043	10171	10170	10042
9	10043	10044	10172	10171	10043
9	10044	10045	10173	10172	10044
9	10045	10046	10174	10173	10045
9	10046	10047	10175	10174	10046
9	10047	10048	10176	10175	10047
9	10048	10049	10177	10176	10048
9	10049	10050	10178	10177	10049
9	10050	10051	10179	10178	10050
9	10051	10052	10180	10179	10051
9	10052	10053	10181	10180	10052
9	10053	10054	10182	10181	10053
9	10054	10055	10183	10182	10054
9	10055	10056	10184	10183	10055
9	10056	10057	10185	10184	10056
9	10057	10058	10186	10185	10057
9	10058	10059	10187	10186	10058
9	10059	10060	10188	10187	10059
9	10060	10061	10189	10188	10060
9	10061	10062	10190	10189	10061
9	10062	10063	10191	10190	10062
9	10063	10064	10192	10191	10063
9	10064	10065	10193	10192	10064
9	10065	10066	10194	10193	10065
9	10066	10067	10195	10194	10066
9	10067	10068	10196	10195	10067
9	10068	10069	10197	10196	10068
9	10069	10070	10198	10197	10069
9	10070	10071	10199	10198	10070
9	10071	10072	10200	10199	10071
9	10072	10073	10201	10200	10072
9	10073	10074	10202	10201	10073
9	10074	10075	10203	10202	10074
9	10075	10076	10204	10203	10075
9	10076	10077	10205	10204	10076
9	10077	10078	10206	10205	10077
9	10078	10079	10207	10206	10078
9	10079	10080	10208	10207	10079
9	10080	10081	10209	10208	10080
9	10081	10082	10210	10209	10081
9	10082	10083	10211	10210	10082
9	10083	10084	10212	10211	10083
9	10084	10085	10213	10212	10084
9	10085	10086	10214	10213	10085
9	10086	10087	10215	10214	10086
9	10087	10088	10216	10215	10087
9	10088	10089	10217	10216	10088
9	10089	10090	10218	10217	10089
9	10090	10091	10219	10218	10090
9	10091	10092	10220	10219	10091
9	10092	10093	10221	10220	10092
9	10093	10094	10222	10221	10093
9	10094	10095	10223	10222	10094
9	10095	10096	10224	10223	10095
9	10096	10097	10225	10224	10096
9	10097	10098	10226	10225	10097
9	10098	10099	10227	10226	10098
9	10099	10100	10228	10227	10099
9	10100	10101	10229	10228	10100
9	10101	10102	10230	10229	10101
9	10102	10103	10231	10230	10102
9	10103	10104	10232	10231	10103
9	10104	10105	10233	10232	10104
9	10105	10106	10234	10233	10105
9	10106	10107	10235	10234	10106
9	10107	10108	10236	10235	10107
9	10108	10109	10237	10236	10108
9	10109	10110	10238	10237	10109
9	10110	10111	10239	10238	10110
9	10111	9984	10112	10239	10111
9	10112	10113	10241	10240	10112
9	10113	10114	10242	10241	10113
9	10114	10115	10243	10242	10114
9	10115	10116	10244	10243	10115
9	10116	10117	10245	10244	10116
9	10117	10118	10246	10245	10117
9	10118	10119	10247	10246	10118
9	10119	10120	10248	10247	10119
9	10120	10121	10249	10248	10120
9	10121	10122	10250	10249	10121
9	10122	10123	10251	10250	10122
9	10123	10124	10252	10251	10123
9	10124	10125	10253	10252	10124
9	10125	10126	10254	10253	10125
9	10126	10127	10255	10254	10126
9	10127	10128	10256	10255	10127
9	10128	10129	10257	10256	10128
9	10129	10130	10258	10257	10129
9	10130	10131	10259	10258	10130
9	10131	10132	10260	10259	10131
9	10132	10133	10261	10260	10132
9	10133	10134	10262	10261	10133
9	10134	10135	10263	10262	10134
9	10135	10136	10264	10263	10135
9	10136	10137	10265	10264	10136
9	10137	10138	10266	10265	10137
9	10138	10139	10267	10266	10138
9	10139	10140	10268	10267	10139
9	10140	10141	10269	10268	10140
9	10141	10142	10270	10269	10141
9	10142	10143	10271	10270	10142
9	10143	10144	10272	10271	10143
9	10144	10145	10273	10272	10144
9	10145	10146	10274	10273	10145
9	10146	10147	10275	10274	10146
9	10147	10148	10276	10275	10147
9	10148	10149	10277	10276	10148
9	10149	10150	10278	10277	10149
9	10150	10151	10279	10278	10150
9	10151	10152	10280	10279	10151
9	10152	10153	10281	10280	10152
9	10153	10154	10282	10281	10153
9	10154	10155	10283	10282	10154
9	10155	10156	10284	10283	10155
9	10156	10157	10285	10284	10156
9	10157	10158	10286	10285	10157
9	10158	10159	10287	10286	10158
9	10159	10160	10288	10287	10159
9	10160	10161	10289	10288	10160
9	10161	10162	10290	10289	10161
9	10162	10163	10291	10290	10162
9	10163	10164	10292	10291	10163
9	10164	10165	10293	10292	10164
9	10165	10166	10294	10293	10165
9	10166	10167	10295	10294	10166
9	10167	10168	10296	10295	10167
9	10168	10169	10297	10296	10168
9	10169	10170	10298	10297	10169
9	10170	10171	10299	10298	10170
9	10171	10172	10300	10299	10171
9	10172	10173	10301	10300	10172
9	10173	10174	10302	10301	10173
9	10174	10175	10303	10302	10174
9	10175	10176	10304	10303	10175
9	10176	10177	10305	10304	10176
9	10177	10178	10306	10305	10177
9	10178	10179	10307	10306	10178
9	10179	10180	10308	10307	10179
9	10180	10181	10309	10308	10180
9	10181	10182	10310	10309	10181
9	10182	10183	10311	10310	10182
9	10183	10184	10312	10311	10183
9	10184	10185	10313	10312	10184
9	10185	10186	10314	10313	10185
9	10186	10187	10315	10314	10186
9	10187	10188	10316	10315	10187
9	10188	10189	10317	10316	10188
9	10189	10190	10318	10317	10189
9	10190	10191	10319	10318	10190
9	10191	10192	10320	10319	10191
9	10192	10193	10321	10320	10192
9	10193	10194	10322	10321	10193
9	10194	10195	10323	10322	10194
9	10195	10196	10324	10323	10195
9	10196	10197	10325	10324	10196
9	10197	10198	10326	10325	10197
9	10198	10199	10327	10326	10198
9	10199	10200	10328	10327	10199
9	10200	10201	10329	10328	10200
9	10201	10202	10330	10329	10201
9	10202	10203	10331	10330	10202
9	10203	10204	10332	10331	10203
9	10204	10205	10333	10332	10204
9	10205	10206	10334	10333	10205
9	10206	10207	10335	10334	10206
9	10207	10208	10336	10335	10207
9	10208	10209	10337	10336	10208
9	10209	10210	10338	10337	10209
9	10210	10211	10339	10338	10210
9	10211	10212	10340	10339	10211
9	10212	10213	10341	10340	10212
9	10213	10214	10342	10341	10213
9	10214	10215	10343	10342	10214
9	10215	10216	10344	10343	10215
9	10216	10217	10345	10344	10216
9	10217	10218	10346	10345	10217
9	10218	10219	10347	10346	10218
9	10219	10220	10348	10347	10219
9	10220	10221	10349	10348	10220
9	10221	10222	10350	10349	10221
9	10222	10223	10351	10350	10222
9	10223	10224	10352	10351	10223
9	10224	10225	10353	10352	10224
9	10225	10226	10354	10353	10225
9	10226	10227	10355	10354	10226
9	10227	10228	10356	10355	10227
9	10228	10229	10357	10356	10228
9	10229	10230	10358	10357	10229
9	10230	10231	10359	10358	10230
9	10231	10232	10360	10359	10231
9	10232	10233	10361	10360	10232
9	10233	10234	10362	10361	10233
9	10234	10235	10363	10362	10234
9	10235	10236	10364	10363	10235
9	10236	10237	10365	10364	10236
9	10237	10238	10366	10365	10237
9	10238	10239	10367	10366	10238
9	10239	10112	10240	10367	10239
9	10240	10241	10369	10368	10240
9	10241	10242	10370	10369	10241
9	10242	10243	10371	10370	10242
9	10243	10244	10372	10371	10243
9	10244	10245	10373	10372	10244
9	10245	10246	10374	10373	10245
9	10246	10247	10375	10374	10246
9	10247	10248	10376	10375	10247
9	10248	10249	10377	10376	10248
9	10249	10250	10378	10377	10249
9	10250	10251	10379	10378	10250
9	10251	10252	10380	10379	10251
9	10252	10253	10381	10380	10252
9	10253	10254	10382	10381	10253
9	10254	10255	10383	10382	10254
9	10255	10256	10384	10383	10255
9	10256	10257	10385	10384	10256
9	10257	10258	10386	10385	10257
9	10258	10259	10387	10386	10258
9	10259	10260	10388	10387	10259
9	10260	10261	10389	10388	10260
9	10261	10262	10390	10389	10261
9	10262	10263	10391	10390	10262
9	10263	10264	10392	10391	10263
9	10264	10265	10393	10392	10264
9	10265	10266	10394	10393	10265
9	10266	10267	10395	10394	10266
9	10267	10268	10396	10395	10267
9	10268	10269	10397	10396	10268
9	10269	10270	10398	10397	10269
9	10270	10271	10399	10398	10270
9	10271	10272	10400	10399	10271
9	10272	10273	10401	10400	10272
9	10273	10274	10402	10401	10273
9	10274	10275	10403	10402	10274
9	10275	10276	10404	10403	10275
9	10276	10277	10405	10404	10276
9	10277	10278	10406	10405	10277
9	10278	10279	10407	10406	10278
9	10279	10280	10408	10407	10279
9	10280	10281	10409	10408	10280
9	10281	10282	10410	10409	10281
9	10282	10283	10411	10410	10282
9	10283	10284	10412	10411	10283
9	10284	10285	10413	10412	10284
9	10285	10286	10414	10413	10285
9	10286	10287	10415	10414	10286
9	10287	10288	10416	10415	10287
9	10288	10289	10417	10416	10288
9	10289	10290	10418	10417	10289
9	10290	10291	10419	10418	10290
9	10291	10292	10420	10419	10291
9	10292	10293	10421	10420	10292
9	10293	10294	10422	10421	10293
9	10294	10295	10423	10422	10294
9	10295	10296	10424	10423	10295
9	10296	10297	10425	10424	10296
9	10297	10298	10426	10425	10297
9	10298	10299	10427	10426	10298
9	10299	10300	10428	10427	10299
9	10300	10301	10429	10428	10300
9	10301	10302	10430	10429	10301
9	10302	10303	10431	10430	10302
9	10303	10304	10432	10431	10303
9	10304	10305	10433	10432	10304
9	10305	10306	10434	10433	10305
9	10306	10307	10435	10434	10306
9	10307	10308	10436	10435	10307
9	10308	10309	10437	10436	10308
9	10309	10310	10438	10437	10309
9	10310	10311	10439	10438	10310
9	10311	10312	10440	10439	10311
9	10312	10313	10441	10440	10312
9	10313	10314	10442	10441	10313
9	10314	10315	10443	10442	10314
9	10315	10316	10444	10443	10315
9	10316	10317	10445	10444	10316
9	10317	10318	10446	10445	10317
9	10318	10319	10447	10446	10318
9	10319	10320	10448	10447	10319
9	10320	10321	10449	10448	10320
9	10321	10322	10450	10449	10321
9	10322	10323	10451	10450	10322
9	10323	10324	10452	10451	10323
9	10324	10325	10453	10452	10324
9	10325	10326	10454	10453	10325
9	10326	10327	10455	10454	10326
9	10327	10328	10456	10455	10327
9	10328	10329	10457	10456	10328
9	10329	10330	10458	10457	10329
9	10330	10331	10459	10458	10330
9	10331	10332	10460	10459	10331
9	10332	10333	10461	10460	10332
9	10333	10334	10462	10461	10333
9	10334	10335	10463	10462	10334
9	10335	10336	10464	10463	10335
9	10336	10337	10465	10464	10336
9	10337	10338	10466	10465	10337
9	10338	10339	10467	10466	10338
9	10339	10340	10468	10467	10339
9	10340	10341	10469	10468	10340
9	10341	10342	10470	10469	10341
9	10342	10343	10471	10470	10342
9	10343	10344	10472	10471	10343
9	10344	10345	10473	10472	10344
9	10345	10346	10474	10473	10345
9	10346	10347	10475	10474	10346
9	10347	10348	10476	10475	10347
9	10348	10349	10477	10476	10348
9	10349	10350	10478	10477	10349
9	10350	10351	10479	10478	10350
9	10351	10352	10480	10479	10351
9	10352	10353	10481	10480	10352
9	10353	10354	10482	10481	10353
9	10354	10355	10483	10482	10354
9	10355	10356	10484	10483	10355
9	10356	10357	10485	10484	10356
9	10357	10358	10486	10485	10357
9	10358	10359	10487	10486	10358
9	10359	10360	10488	10487	10359
9	10360	10361	10489	10488	10360
9	10361	10362	10490	10489	10361
9	10362	10363	10491	10490	10362
9	10363	10364	10492	10491	10363
9	10364	10365	10493	10492	10364
9	10365	10366	10494	10493	10365
9	10366	10367	10495	10494	10366
9	10367	10240	10368	10495	10367
9	10368	10369	10497	10496	10368
9	10369	10370	10498	10497	10369
9	10370	10371	10499	10498	10370
9	10371	10372	10500	10499	10371
9	10372	10373	10501	10500	10372
9	10373	10374	10502	10501	10373
9	10374	10375	10503	10502	10374
9	10375	10376	10504	10503	10375
9	10376	10377	10505	10504	10376
9	10377	10378	10506	10505	10377
9	10378	10379	10507	10506	10378
9	10379	10380	10508	10507	10379
9	10380	10381	10509	10508	10380
9	10381	10382	10510	10509	10381
9	10382	10383	10511	10510	10382
9	10383	10384	10512	10511	10383
9	10384	10385	10513	10512	10384
9	10385	10386	10514	10513	10385
9	10386	10387	10515	10514	10386
9	10387	10388	10516	10515	10387
9	10388	10389	10517	10516	10388
9	10389	10390	10518	10517	10389
9	10390	10391	10519	10518	10390
9	10391	10392	10520	10519	10391
9	10392	10393	10521	10520	10392
9	10393	10394	10522	10521	10393
9	10394	10395	10523	10522	10394
9	10395	10396	10524	10523	10395
9	10396	10397	10525	10524	10396
9	10397	10398	10526	10525	10397
9	10398	10399	10527	10526	10398
9	10399	10400	10528	10527	10399
9	10400	10401	10529	10528	10400
9	10401	10402	10530	10529	10401
9	10402	10403	10531	10530	10402
9	10403	10404	10532	10531	10403
9	10404	10405	10533	10532	10404
9	10405	10406	10534	10533	10405
9	10406	10407	10535	10534	10406
9	10407	10408	10536	10535	10407
9	10408	10409	10537	10536	10408
9	10409	10410	10538	10537	10409
9	10410	10411	10539	10538	10410
9	10411	10412	10540	10539	10411
9	10412	10413	10541	10540	10412
9	10413	10414	10542	10541	10413
9	10414	10415	10543	10542	10414
9	10415	10416	10544	10543	10415
9	10416	10417	10545	10544	10416
9	10417	10418	10546	10545	10417
9	10418	10419	10547	10546	10418
9	10419	10420	10548	10547	10419
9	10420	10421	10549	10548	10420
9	10421	10422	10550	10549	10421
9	10422	10423	10551	10550	10422
9	10423	10424	10552	10551	10423
9	10424	10425	10553	10552	10424
9	10425	10426	10554	10553	10425
9	10426	10427	10555	10554	10426
9	10427	10428	10556	10555	10427
9	10428	10429	10557	10556	10428
9	10429	10430	10558	10557	10429
9	10430	10431	10559	10558	10430
9	10431	10432	10560	10559	10431
9	10432	10433	10561	10560	10432
9	10433	10434	10562	10561	10433
9	10434	10435	10563	10562	10434
9	10435	10436	10564	10563	10435
9	10436	10437	10565	10564	10436
9	10437	10438	10566	10565	10437
9	10438	10439	10567	10566	10438
9	10439	10440	10568	10567	10439
9	10440	10441	10569	10568	10440
9	10441	10442	10570	10569	10441
9	10442	10443	10571	10570	10442
9	10443	10444	10572	10571	10443
9	10444	10445	10573	10572	10444
9	10445	10446	10574	10573	10445
9	10446	10447	10575	10574	10446
9	10447	10448	10576	10575	10447
9	10448	10449	10577	10576	10448
9	10449	10450	10578	10577	10449
9	10450	10451	10579	10578	10450
9	10451	10452	10580	10579	10451
9	10452	10453	10581	10580	10452
9	10453	10454	10582	10581	10453
9	10454	10455	10583	10582	10454
9	10455	10456	10584	10583	10455
9	10456	10457	10585	10584	10456
9	10457	10458	10586	10585	10457
9	10458	10459	10587	10586	10458
9	10459	10460	10588	10587	10459
9	10460	10461	10589	10588	10460
9	10461	10462	10590	10589	10461
9	10462	10463	10591	10590	10462
9	10463	10464	10592	10591	10463
9	10464	10465	10593	10592	10464
9	10465	10466	10594	10593	10465
9	10466	10467	10595	10594	10466
9	10467	10468	10596	10595	10467
9	10468	10469	10597	10596	10468
9	10469	10470	10598	10597	10469
9	10470	10471	10599	10598	10470
9	10471	10472	10600	10599	10471
9	10472	10473	10601	10600	10472
9	10473	10474	10602	10601	10473
9	10474	10475	10603	10602	10474
9	10475	10476	10604	10603	10475
9	10476	10477	10605	10604	10476
9	10477	10478	10606	10605	10477
9	10478	10479	10607	10606	10478
9	10479	10480	10608	10607	10479
9	10480	10481	10609	10608	10480
9	10481	10482	10610	10609	10481
9	10482	10483	10611	10610	10482
9	10483	10484	10612	10611	10483
9	10484	10485	10613	10612	10484
9	10485	10486	10614	10613	10485
9	10486	10487	10615	10614	10486
9	10487	10488	10616	10615	10487
9	10488	10489	10617	10616	10488
9	10489	10490	10618	10617	10489
9	10490	10491	10619	10618	10490
9	10491	10492	10620	10619	10491
9	10492	10493	10621	10620	10492
9	10493	10494	10622	10621	10493
9	10494	10495	10623	10622	10494
9	10495	10368	10496	10623	10495
9	10496	10497	10625	10624	10496
9	10497	10498	10626	10625	10497
9	10498	10499	10627	10626	10498
9	10499	10500	10628	10627	10499
9	10500	10501	10629	10628	10500
9	10501	10502	10630	10629	10501
9	10502	10503	10631	10630	10502
9	10503	10504	10632	10631	10503
9	10504	10505	10633	10632	10504
9	10505	10506	10634	10633	10505
9	10506	10507	10635	10634	10506
9	10507	10508	10636	10635	10507
9	10508	10509	10637	10636	10508
9	10509	10510	10638	10637	10509
9	10510	10511	10639	10638	10510
9	10511	10512	10640	10639	10511
9	10512	10513	10641	10640	10512
9	10513	10514	10642	10641	10513
9	10514	10515	10643	10642	10514
9	10515	10516	10644	10643	10515
9	10516	10517	10645	10644	10516
9	10517	10518	10646	10645	10517
9	10518	10519	10647	10646	10518
9	10519	10520	10648	10647	10519
9	10520	10521	10649	10648	10520
9	10521	10522	10650	10649	10521
9	10522	10523	10651	10650	10522
9	10523	10524	10652	10651	10523
9	10524	10525	10653	10652	10524
9	10525	10526	10654	10653	10525
9	10526	10527	10655	10654	10526
9	10527	10528	10656	10655	10527
9	10528	10529	10657	10656	10528
9	10529	10530	10658	10657	10529
9	10530	10531	10659	10658	10530
9	10531	10532	10660	10659	10531
9	10532	10533	10661	10660	10532
9	10533	10534	10662	10661	10533
9	10534	10535	10663	10662	10534
9	10535	10536	10664	10663	10535
9	10536	10537	10665	10664	10536
9	10537	10538	10666	10665	10537
9	10538	10539	10667	10666	10538
9	10539	10540	10668	10667	10539
9	10540	10541	10669	10668	10540
9	10541	10542	10670	10669	10541
9	10542	10543	10671	10670	10542
9	10543	10544	10672	10671	10543
9	10544	10545	10673	10672	10544
9	10545	10546	10674	10673	10545
9	10546	10547	10675	10674	10546
9	10547	10548	10676	10675	10547
9	10548	10549	10677	10676	10548
9	10549	10550	10678	10677	10549
9	10550	10551	10679	10678	10550
9	10551	10552	10680	10679	10551
9	10552	10553	10681	10680	10552
9	10553	10554	10682	10681	10553
9	10554	10555	10683	10682	10554
9	10555	10556	10684	10683	10555
9	10556	10557	10685	10684	10556
9	10557	10558	10686	10685	10557
9	10558	10559	10687	10686	10558
9	10559	10560	10688	10687	10559
9	10560	10561	10689	10688	10560
9	10561	10562	10690	10689	10561
9	10562	10563	10691	10690	10562
9	10563	10564	10692	10691	10563
9	10564	10565	10693	10692	10564
9	10565	10566	10694	10693	10565
9	10566	10567	10695	10694	10566
9	10567	10568	10696	10695	10567
9	10568	10569	10697	10696	10568
9	10569	10570	10698	10697	10569
9	10570	10571	10699	10698	10570
9	10571	10572	10700	10699	10571
9	10572	10573	10701	10700	10572
9	10573	10574	10702	10701	10573
9	10574	10575	10703	10702	10574
9	10575	10576	10704	10703	10575
9	10576	10577	10705	10704	10576
9	10577	10578	10706	10705	10577
9	10578	10579	10707	10706	10578
9	10579	10580	10708	10707	10579
9	10580	10581	10709	10708	10580
9	10581	10582	10710	10709	10581
9	10582	10583	10711	10710	10582
9	10583	10584	10712	10711	10583
9	10584	10585	10713	10712	10584
9	10585	10586	10714	10713	10585
9	10586	10587	10715	10714	10586
9	10587	10588	10716	10715	10587
9	10588	10589	10717	10716	10588
9	10589	10590	10718	10717	10589
9	10590	10591	10719	10718	10590
9	10591	10592	10720	10719	10591
9	10592	10593	10721	10720	10592
9	10593	10594	10722	10721	10593
9	10594	10595	10723	10722	10594
9	10595	10596	10724	10723	10595
9	10596	10597	10725	10724	10596
9	10597	10598	10726	10725	10597
9	10598	10599	10727	10726	10598
9	10599	10600	10728	10727	10599
9	10600	10601	10729	10728	10600
9	10601	10602	10730	10729	10601
9	10602	10603	10731	10730	10602
9	10603	10604	10732	10731	10603
9	10604	10605	10733	10732	10604
9	10605	10606	10734	10733	10605
9	10606	10607	10735	10734	10606
9	10607	10608	10736	10735	10607
9	10608	10609	10737	10736	10608
9	10609	10610	10738	10737	10609
9	10610	10611	10739	10738	10610
9	10611	10612	10740	10739	10611
9	10612	10613	10741	10740	10612
9	10613	10614	10742	10741	10613
9	10614	10615	10743	10742	10614
9	10615	10616	10744	10743	10615
9	10616	10617	10745	10744	10616
9	10617	10618	10746	10745	10617
9	10618	10619	10747	10746	10618
9	10619	10620	10748	10747	10619
9	10620	10621	10749	10748	10620
9	10621	10622	10750	10749	10621
9	10622	10623	10751	10750	10622
9	10623	10496	10624	10751	10623
9	10624	10625	10753	10752	10624
9	10625	10626	10754	10753	10625
9	10626	10627	10755	10754	10626
9	10627	10628	10756	10755	10627
9	10628	10629	10757	10756	10628
9	10629	10630	10758	10757	10629
9	10630	10631	10759	10758	10630
9	10631	10632	10760	10759	10631
9	10632	10633	10761	10760	10632
9	10633	10634	10762	10761	10633
9	10634	10635	10763	10762	10634
9	10635	10636	10764	10763	10635
9	10636	10637	10765	10764	10636
9	10637	10638	10766	10765	10637
9	10638	10639	10767	10766	10638
9	10639	10640	10768	10767	10639
9	10640	10641	10769	10768	10640
9	10641	10642	10770	10769	10641
9	10642	10643	10771	10770	10642
9	10643	10644	10772	10771	10643
9	10644	10645	10773	10772	10644
9	10645	10646	10774	10773	10645
9	10646	10647	10775	10774	10646
9	10647	10648	10776	10775	10647
9	10648	10649	10777	10776	10648
9	10649	10650	10778	10777	10649
9	10650	10651	10779	10778	10650
9	10651	10652	10780	10779	10651
9	10652	10653	10781	10780	10652
9	10653	10654	10782	10781	10653
9	10654	10655	10783	10782	10654
9	10655	10656	10784	10783	10655
9	10656	10657	10785	10784	10656
9	10657	10658	10786	10785	10657
9	10658	10659	10787	10786	10658
9	10659	10660	10788	10787	10659
9	10660	10661	10789	10788	10660
9	10661	10662	10790	10789	10661
9	10662	10663	10791	10790	10662
9	10663	10664	10792	10791	10663
9	10664	10665	10793	10792	10664
9	10665	10666	10794	10793	10665
9	10666	10667	10795	10794	10666
9	10667	10668	10796	10795	10667
9	10668	10669	10797	10796	10668
9	10669	10670	10798	10797	10669
9	10670	10671	10799	10798	10670
9	10671	10672	10800	10799	10671
9	10672	10673	10801	10800	10672
9	10673	10674	10802	10801	10673
9	10674	10675	10803	10802	10674
9	10675	10676	10804	10803	10675
9	10676	10677	10805	10804	10676
9	10677	10678	10806	10805	10677
9	10678	10679	10807	10806	10678
9	10679	10680	10808	10807	10679
9	10680	10681	10809	10808	10680
9	10681	10682	10810	10809	10681
9	10682	10683	10811	10810	10682
9	10683	10684	10812	10811	10683
9	10684	10685	10813	10812	10684
9	10685	10686	10814	10813	10685
9	10686	10687	10815	10814	10686
9	10687	10688	10816	10815	10687
9	10688	10689	10817	10816	10688
9	10689	10690	10818	10817	10689
9	10690	10691	10819	10818	10690
9	10691	10692	10820	10819	10691
9	10692	10693	10821	10820	10692
9	10693	10694	10822	10821	10693
9	10694	10695	10823	10822	10694
9	10695	10696	10824	10823	10695
9	10696	10697	10825	10824	10696
9	10697	10698	10826	10825	10697
9	10698	10699	10827	10826	10698
9	10699	10700	10828	10827	10699
9	10700	10701	10829	10828	10700
9	10701	10702	10830	10829	10701
9	10702	10703	10831	10830	10702
9	10703	10704	10832	10831	10703
9	10704	10705	10833	10832	10704
9	10705	10706	10834	10833	10705
9	10706	10707	10835	10834	10706
9	10707	10708	10836	10835	10707
9	10708	10709	10837	10836	10708
9	10709	10710	10838	10837	10709
9	10710	10711	10839	10838	10710
9	10711	10712	10840	10839	10711
9	10712	10713	10841	10840	10712
9	10713	10714	10842	10841	10713
9	10714	10715	10843	10842	10714
9	10715	10716	10844	10843	10715
9	10716	10717	10845	10844	10716
9	10717	10718	10846	10845	10717
9	10718	10719	10847	10846	10718
9	10719	10720	10848	10847	10719
9	10720	10721	10849	10848	10720
9	10721	10722	10850	10849	10721
9	10722	10723	10851	10850	10722
9	10723	10724	10852	10851	10723
9	10724	10725	10853	10852	10724
9	10725	10726	10854	10853	10725
9	10726	10727	10855	10854	10726
9	10727	10728	10856	10855	10727
9	10728	10729	10857	10856	10728
9	10729	10730	10858	10857	10729
9	10730	10731	10859	10858	10730
9	10731	10732	10860	10859	10731
9	10732	10733	10861	10860	10732
9	10733	10734	10862	10861	10733
9	10734	10735	10863	10862	10734
9	10735	10736	10864	10863	10735
9	10736	10737	10865	10864	10736
9	10737	10738	10866	10865	10737
9	10738	10739	10867	10866	10738
9	10739	10740	10868	10867	10739
9	10740	10741	10869	10868	10740
9	10741	10742	10870	10869	10741
9	10742	10743	10871	10870	10742
9	10743	10744	10872	10871	10743
9	10744	10745	10873	10872	10744
9	10745	10746	10874	10873	10745
9	10746	10747	10875	10874	10746
9	10747	10748	10876	10875	10747
9	10748	10749	10877	10876	10748
9	10749	10750	10878	10877	10749
9	10750	10751	10879	10878	10750
9	10751	10624	10752	10879	10751
9	10752	10753	10881	10880	10752
9	10753	10754	10882	10881	10753
9	10754	10755	10883	10882	10754
9	10755	10756	10884	10883	10755
9	10756	10757	10885	10884	10756
9	10757	10758	10886	10885	10757
9	10758	10759	10887	10886	10758
9	10759	10760	10888	10887	10759
9	10760	10761	10889	10888	10760
9	10761	10762	10890	10889	10761
9	10762	10763	10891	10890	10762
9	10763	10764	10892	10891	10763
9	10764	10765	10893	10892	10764
9	10765	10766	10894	10893	10765
9	10766	10767	10895	10894	10766
9	10767	10768	10896	10895	10767
9	10768	10769	10897	10896	10768
9	10769	10770	10898	10897	10769
9	10770	10771	10899	10898	10770
9	10771	10772	10900	10899	10771
9	10772	10773	10901	10900	10772
9	10773	10774	10902	10901	10773
9	10774	10775	10903	10902	10774
9	10775	10776	10904	10903	10775
9	10776	10777	10905	10904	10776
9	10777	10778	10906	10905	10777
9	10778	10779	10907	10906	10778
9	10779	10780	10908	10907	10779
9	10780	10781	10909	10908	10780
9	10781	10782	10910	10909	10781
9	10782	10783	10911	10910	10782
9	10783	10784	10912	10911	10783
9	10784	10785	10913	10912	10784
9	10785	10786	10914	10913	10785
9	10786	10787	10915	10914	10786
9	10787	10788	10916	10915	10787
9	10788	10789	10917	10916	10788
9	10789	10790	10918	10917	10789
9	10790	10791	10919	10918	10790
9	10791	10792	10920	10919	10791
9	10792	10793	10921	10920	10792
9	10793	10794	10922	10921	10793
9	10794	10795	10923	10922	10794
9	10795	10796	10924	10923	10795
9	10796	10797	10925	10924	10796
9	10797	10798	10926	10925	10797
9	10798	10799	10927	10926	10798
9	10799	10800	10928	10927	10799
9	10800	10801	10929	10928	10800
9	10801	10802	10930	10929	10801
9	10802	10803	10931	10930	10802
9	10803	10804	10932	10931	10803
9	10804	10805	10933	10932	10804
9	10805	10806	10934	10933	10805
9	10806	10807	10935	10934	10806
9	10807	10808	10936	10935	10807
9	10808	10809	10937	10936	10808
9	10809	10810	10938	10937	10809
9	10810	10811	10939	10938	10810
9	10811	10812	10940	10939	10811
9	10812	10813	10941	10940	10812
9	10813	10814	10942	10941	10813
9	10814	10815	10943	10942	10814
9	10815	10816	10944	10943	10815
9	10816	10817	10945	10944	10816
9	10817	10818	10946	10945	10817
9	10818	10819	10947	10946	10818
9	10819	10820	10948	10947	10819
9	10820	10821	10949	10948	10820
9	10821	10822	10950	10949	10821
9	10822	10823	10951	10950	10822
9	10823	10824	10952	10951	10823
9	10824	10825	10953	10952	10824
9	10825	10826	10954	10953	10825
9	10826	10827	10955	10954	10826
9	10827	10828	10956	10955	10827
9	10828	10829	10957	10956	10828
9	10829	10830	10958	10957	10829
9	10830	10831	10959	10958	10830
9	10831	10832	10960	10959	10831
9	10832	10833	10961	10960	10832
9	10833	10834	10962	10961	10833
9	10834	10835	10963	10962	10834
9	10835	10836	10964	10963	10835
9	10836	10837	10965	10964	10836
9	10837	10838	10966	10965	10837
9	10838	10839	10967	10966	10838
9	10839	10840	10968	10967	10839
9	10840	10841	10969	10968	10840
9	10841	10842	10970	10969	10841
9	10842	10843	10971	10970	10842
9	10843	10844	10972	10971	10843
9	10844	10845	10973	10972	10844
9	10845	10846	10974	10973	10845
9	10846	10847	10975	10974	10846
9	10847	10848	10976	10975	10847
9	10848	10849	10977	10976	10848
9	10849	10850	10978	10977	10849
9	10850	10851	10979	10978	10850
9	10851	10852	10980	10979	10851
9	10852	10853	10981	10980	10852
9	10853	10854	10982	10981	10853
9	10854	10855	10983	10982	10854
9	10855	10856	10984	10983	10855
9	10856	10857	10985	10984	10856
9	10857	10858	10986	10985	10857
9	10858	10859	10987	10986	10858
9	10859	10860	10988	10987	10859
9	10860	10861	10989	10988	10860
9	10861	10862	10990	10989	10861
9	10862	10863	10991	10990	10862
9	10863	10864	10992	10991	10863
9	10864	10865	10993	10992	10864
9	10865	10866	10994	10993	10865
9	10866	10867	10995	10994	10866
9	10867	10868	10996	10995	10867
9	10868	10869	10997	10996	10868
9	10869	10870	10998	10997	10869
9	10870	10871	10999	10998	10870
9	10871	10872	11000	10999	10871
9	10872	10873	11001	11000	10872
9	10873	10874	11002	11001	10873
9	10874	10875	11003	11002	10874
9	10875	10876	11004	11003	10875
9	10876	10877	11005	11004	10876
9	10877	10878	11006	11005	10877
9	10878	10879	11007	11006	10878
9	10879	10752	10880	11007	10879
9	10880	10881	11009	11008	10880
9	10881	10882	11010	11009	10881
9	10882	10883	11011	11010	10882
9	10883	10884	11012	11011	10883
9	10884	10885	11013	11012	10884
9	10885	10886	11014	11013	10885
9	10886	10887	11015	11014	10886
9	10887	10888	11016	11015	10887
9	10888	10889	11017	11016	10888
9	10889	10890	11018	11017	10889
9	10890	10891	11019	11018	10890
9	10891	10892	11020	11019	10891
9	10892	10893	11021	11020	10892
9	10893	10894	11022	11021	10893
9	10894	10895	11023	11022	10894
9	10895	10896	11024	11023	10895
9	10896	10897	11025	11024	10896
9	10897	10898	11026	11025	10897
9	10898	10899	11027	11026	10898
9	10899	10900	11028	11027	10899
9	10900	10901	11029	11028	10900
9	10901	10902	11030	11029	10901
9	10902	10903	11031	11030	10902
9	10903	10904	11032	11031	10903
9	10904	10905	11033	11032	10904
9	10905	10906	11034	11033	10905
9	10906	10907	11035	11034	10906
9	10907	10908	11036	11035	10907
9	10908	10909	11037	11036	10908
9	10909	10910	11038	11037	10909
9	10910	10911	11039	11038	10910
9	10911	10912	11040	11039	10911
9	10912	10913	11041	11040	10912
9	10913	10914	11042	11041	10913
9	10914	10915	11043	11042	10914
9	10915	10916	11044	11043	10915
9	10916	10917	11045	11044	10916
9	10917	10918	11046	11045	10917
9	10918	10919	11047	11046	10918
9	10919	10920	11048	11047	10919
9	10920	10921	11049	11048	10920
9	10921	10922	11050	11049	10921
9	10922	10923	11051	11050	10922
9	10923	10924	11052	11051	10923
9	10924	10925	11053	11052	10924
9	10925	10926	11054	11053	10925
9	10926	10927	11055	11054	10926
9	10927	10928	11056	11055	10927
9	10928	10929	11057	11056	10928
9	10929	10930	11058	11057	10929
9	10930	10931	11059	11058	10930
9	10931	10932	11060	11059	10931
9	10932	10933	11061	11060	10932
9	10933	10934	11062	11061	10933
9	10934	10935	11063	11062	10934
9	10935	10936	11064	11063	10935
9	10936	10937	11065	11064	10936
9	10937	10938	11066	11065	10937
9	10938	10939	11067	11066	10938
9	10939	10940	11068	11067	10939
9	10940	10941	11069	11068	10940
9	10941	10942	11070	11069	10941
9	10942	10943	11071	11070	10942
9	10943	10944	11072	11071	10943
9	10944	10945	11073	11072	10944
9	10945	10946	11074	11073	10945
9	10946	10947	11075	11074	10946
9	10947	10948	11076	11075	10947
9	10948	10949	11077	11076	10948
9	10949	10950	11078	11077	10949
9	10950	10951	11079	11078	10950
9	10951	10952	11080	11079	10951
9	10952	10953	11081	11080	10952
9	10953	10954	11082	11081	10953
9	10954	10955	11083	11082	10954
9	10955	10956	11084	11083	10955
9	10956	10957	11085	11084	10956
9	10957	10958	11086	11085	10957
9	10958	10959	11087	11086	10958
9	10959	10960	11088	11087	10959
9	10960	10961	11089	11088	10960
9	10961	10962	11090	11089	10961
9	10962	10963	11091	11090	10962
9	10963	10964	11092	11091	10963
9	10964	10965	11093	11092	10964
9	10965	10966	11094	11093	10965
9	10966	10967	11095	11094	10966
9	10967	10968	11096	11095	10967
9	10968	10969	11097	11096	10968
9	10969	10970	11098	11097	10969
9	10970	10971	11099	11098	10970
9	10971	10972	11100	11099	10971
9	10972	10973	11101	11100	10972
9	10973	10974	11102	11101	10973
9	10974	10975	11103	11102	10974
9	10975	10976	11104	11103	10975
9	10976	10977	11105	11104	10976
9	10977	10978	11106	11105	10977
9	10978	10979	11107	11106	10978
9	10979	10980	11108	11107	10979
9	10980	10981	11109	11108	10980
9	10981	10982	11110	11109	10981
9	10982	10983	11111	11110	10982
9	10983	10984	11112	11111	10983
9	10984	10985	11113	11112	10984
9	10985	10986	11114	11113	10985
9	10986	10987	11115	11114	10986
9	10987	10988	11116	11115	10987
9	10988	10989	11117	11116	10988
9	10989	10990	11118	11117	10989
9	10990	10991	11119	11118	10990
9	10991	10992	11120	11119	10991
9	10992	10993	11121	11120	10992
9	10993	10994	11122	11121	10993
9	10994	10995	11123	11122	10994
9	10995	10996	11124	11123	10995
9	10996	10997	11125	11124	10996
9	10997	10998	11126	11125	10997
9	10998	10999	11127	11126	10998
9	10999	11000	11128	11127	10999
9	11000	11001	11129	11128	11000
9	11001	11002	11130	11129	11001
9	11002	11003	11131	11130	11002
9	11003	11004	11132	11131	11003
9	11004	11005	11133	11132	11004
9	11005	11006	11134	11133	11005
9	11006	11007	11135	11134	11006
9	11007	10880	11008	11135	11007
9	11008	11009	11137	11136	11008
9	11009	11010	11138	11137	11009
9	11010	11011	11139	11138	11010
9	11011	11012	11140	11139	11011
9	11012	11013	11141	11140	11012
9	11013	11014	11142	11141	11013
9	11014	11015	11143	11142	11014
9	11015	11016	11144	11143	11015
9	11016	11017	11145	11144	11016
9	11017	11018	11146	11145	11017
9	11018	11019	11147	11146	11018
9	11019	11020	11148	11147	11019
9	11020	11021	11149	11148	11020
9	11021	11022	11150	11149	11021
9	11022	11023	11151	11150	11022
9	11023	11024	11152	11151	11023
9	11024	11025	11153	11152	11024
9	11025	11026	11154	11153	11025
9	11026	11027	11155	11154	11026
9	11027	11028	11156	11155	11027
9	11028	11029	11157	11156	11028
9	11029	11030	11158	11157	11029
9	11030	11031	11159	11158	11030
9	11031	11032	11160	11159	11031
9	11032	11033	11161	11160	11032
9	11033	11034	11162	11161	11033
9	11034	11035	11163	11162	11034
9	11035	11036	11164	11163	11035
9	11036	11037	11165	11164	11036
9	11037	11038	11166	11165	11037
9	11038	11039	11167	11166	11038
9	11039	11040	11168	11167	11039
9	11040	11041	11169	11168	11040
9	11041	11042	11170	11169	11041
9	11042	11043	11171	11170	11042
9	11043	11044	11172	11171	11043
9	11044	11045	11173	11172	11044
9	11045	11046	11174	11173	11045
9	11046	11047	11175	11174	11046
9	11047	11048	11176	11175	11047
9	11048	11049	11177	11176	11048
9	11049	11050	11178	11177	11049
9	11050	11051	11179	11178	11050
9	11051	11052	11180	11179	11051
9	11052	11053	11181	11180	11052
9	11053	11054	11182	11181	11053
9	11054	11055	11183	11182	11054
9	11055	11056	11184	11183	11055
9	11056	11057	11185	11184	11056
9	11057	11058	11186	11185	11057
9	11058	11059	11187	11186	11058
9	11059	11060	11188	11187	11059
9	11060	11061	11189	11188	11060
9	11061	11062	11190	11189	11061
9	11062	11063	11191	11190	11062
9	11063	11064	11192	11191	11063
9	11064	11065	11193	11192	11064
9	11065	11066	11194	11193	11065
9	11066	11067	11195	11194	11066
9	11067	11068	11196	11195	11067
9	11068	11069	11197	11196	11068
9	11069	11070	11198	11197	11069
9	11070	11071	11199	11198	11070
9	11071	11072	11200	11199	11071
9	11072	11073	11201	11200	11072
9	11073	11074	11202	11201	11073
9	11074	11075	11203	11202	11074
9	11075	11076	11204	11203	11075
9	11076	11077	11205	11204	11076
9	11077	11078	11206	11205	11077
9	11078	11079	11207	11206	11078
9	11079	11080	11208	11207	11079
9	11080	11081	11209	11208	11080
9	11081	11082	11210	11209	11081
9	11082	11083	11211	11210	11082
9	11083	11084	11212	11211	11083
9	11084	11085	11213	11212	11084
9	11085	11086	11214	11213	11085
9	11086	11087	11215	11214	11086
9	11087	11088	11216	11215	11087
9	11088	11089	11217	11216	11088
9	11089	11090	11218	11217	11089
9	11090	11091	11219	11218	11090
9	11091	11092	11220	11219	11091
9	11092	11093	11221	11220	11092
9	11093	11094	11222	11221	11093
9	11094	11095	11223	11222	11094
9	11095	11096	11224	11223	11095
9	11096	11097	11225	11224	11096
9	11097	11098	11226	11225	11097
9	11098	11099	11227	11226	11098
9	11099	11100	11228	11227	11099
9	11100	11101	11229	11228	11100
9	11101	11102	11230	11229	11101
9	11102	11103	11231	11230	11102
9	11103	11104	11232	11231	11103
9	11104	11105	11233	11232	11104
9	11105	11106	11234	11233	11105
9	11106	11107	11235	11234	11106
9	11107	11108	11236	11235	11107
9	11108	11109	11237	11236	11108
9	11109	11110	11238	11237	11109
9	11110	11111	11239	11238	11110
9	11111	11112	11240	11239	11111
9	11112	11113	11241	11240	11112
9	11113	11114	11242	11241	11113
9	11114	11115	11243	11242	11114
9	11115	11116	11244	11243	11115
9	11116	11117	11245	11244	11116
9	11117	11118	11246	11245	11117
9	11118	11119	11247	11246	11118
9	11119	11120	11248	11247	11119
9	11120	11121	11249	11248	11120
9	11121	11122	11250	11249	11121
9	11122	11123	11251	11250	11122
9	11123	11124	11252	11251	11123
9	11124	11125	11253	11252	11124
9	11125	11126	11254	11253	11125
9	11126	11127	11255	11254	11126
9	11127	11128	11256	11255	11127
9	11128	11129	11257	11256	11128
9	11129	11130	11258	11257	11129
9	11130	11131	11259	11258	11130
9	11131	11132	11260	11259	11131
9	11132	11133	11261	11260	11132
9	11133	11134	11262	11261	11133
9	11134	11135	11263	11262	11134
9	11135	11008	11136	11263	11135
9	11136	11137	11265	11264	11136
9	11137	11138	11266	11265	11137
9	11138	11139	11267	11266	11138
9	11139	11140	11268	11267	11139
9	11140	11141	11269	11268	11140
9	11141	11142	11270	11269	11141
9	11142	11143	11271	11270	11142
9	11143	11144	11272	11271	11143
9	11144	11145	11273	11272	11144
9	11145	11146	11274	11273	11145
9	11146	11147	11275	11274	11146
9	11147	11148	11276	11275	11147
9	11148	11149	11277	11276	11148
9	11149	11150	11278	11277	11149
9	11150	11151	11279	11278	11150
9	11151	11152	11280	11279	11151
9	11152	11153	11281	11280	11152
9	11153	11154	11282	11281	11153
9	11154	11155	11283	11282	11154
9	11155	11156	11284	11283	11155
9	11156	11157	11285	11284	11156
9	11157	11158	11286	11285	11157
9	11158	11159	11287	11286	11158
9	11159	11160	11288	11287	11159
9	11160	11161	11289	11288	11160
9	11161	11162	11290	11289	11161
9	11162	11163	11291	11290	11162
9	11163	11164	11292	11291	11163
9	11164	11165	11293	11292	11164
9	11165	11166	11294	11293	11165
9	11166	11167	11295	11294	11166
9	11167	11168	11296	11295	11167
9	11168	11169	11297	11296	11168
9	11169	11170	11298	11297	11169
9	11170	11171	11299	11298	11170
9	11171	11172	11300	11299	11171
9	11172	11173	11301	11300	11172
9	11173	11174	11302	11301	11173
9	11174	11175	11303	11302	11174
9	11175	11176	11304	11303	11175
9	11176	11177	11305	11304	11176
9	11177	11178	11306	11305	11177
9	11178	11179	11307	11306	11178
9	11179	11180	11308	11307	11179
9	11180	11181	11309	11308	11180
9	11181	11182	11310	11309	11181
9	11182	11183	11311	11310	11182
9	11183	11184	11312	11311	11183
9	11184	11185	11313	11312	11184
9	11185	11186	11314	11313	11185
9	11186	11187	11315	11314	11186
9	11187	11188	11316	11315	11187
9	11188	11189	11317	11316	11188
9	11189	11190	11318	11317	11189
9	11190	11191	11319	11318	11190
9	11191	11192	11320	11319	11191
9	11192	11193	11321	11320	11192
9	11193	11194	11322	11321	11193
9	11194	11195	11323	11322	11194
9	11195	11196	11324	11323	11195
9	11196	11197	11325	11324	11196
9	11197	11198	11326	11325	11197
9	11198	11199	11327	11326	11198
9	11199	11200	11328	11327	11199
9	11200	11201	11329	11328	11200
9	11201	11202	11330	11329	11201
9	11202	11203	11331	11330	11202
9	11203	11204	11332	11331	11203
9	11204	11205	11333	11332	11204
9	11205	11206	11334	11333	11205
9	11206	11207	11335	11334	11206
9	11207	11208	11336	11335	11207
9	11208	11209	11337	11336	11208
9	11209	11210	11338	11337	11209
9	11210	11211	11339	11338	11210
9	11211	11212	11340	11339	11211
9	11212	11213	11341	11340	11212
9	11213	11214	11342	11341	11213
9	11214	11215	11343	11342	11214
9	11215	11216	11344	11343	11215
9	11216	11217	11345	11344	11216
9	11217	11218	11346	11345	11217
9	11218	11219	11347	11346	11218
9	11219	11220	11348	11347	11219
9	11220	11221	11349	11348	11220
9	11221	11222	11350	11349	11221
9	11222	11223	11351	11350	11222
9	11223	11224	11352	11351	11223
9	11224	11225	11353	11352	11224
9	11225	11226	11354	11353	11225
9	11226	11227	11355	11354	11226
9	11227	11228	11356	11355	11227
9	11228	11229	11357	11356	11228
9	11229	11230	11358	11357	11229
9	11230	11231	11359	11358	11230
9	11231	11232	11360	11359	11231
9	11232	11233	11361	11360	11232
9	11233	11234	11362	11361	11233
9	11234	11235	11363	11362	11234
9	11235	11236	11364	11363	11235
9	11236	11237	11365	11364	11236
9	11237	11238	11366	11365	11237
9	11238	11239	11367	11366	11238
9	11239	11240	11368	11367	11239
9	11240	11241	11369	11368	11240
9	11241	11242	11370	11369	11241
9	11242	11243	11371	11370	11242
9	11243	11244	11372	11371	11243
9	11244	11245	11373	11372	11244
9	11245	11246	11374	11373	11245
9	11246	11247	11375	11374	11246
9	11247	11248	11376	11375	11247
9	11248	11249	11377	11376	11248
9	11249	11250	11378	11377	11249
9	11250	11251	11379	11378	11250
9	11251	11252	11380	11379	11251
9	11252	11253	11381	11380	11252
9	11253	11254	11382	11381	11253
9	11254	11255	11383	11382	11254
9	11255	11256	11384	11383	11255
9	11256	11257	11385	11384	11256
9	11257	11258	11386	11385	11257
9	11258	11259	11387	11386	11258
9	11259	11260	11388	11387	11259
9	11260	11261	11389	11388	11260
9	11261	11262	11390	11389	11261
9	11262	11263	11391	11390	11262
9	11263	11136	11264	11391	11263
9	11264	11265	11393	11392	11264
9	11265	11266	11394	11393	11265
9	11266	11267	11395	11394	11266
9	11267	11268	11396	11395	11267
9	11268	11269	11397	11396	11268
9	11269	11270	11398	11397	11269
9	11270	11271	11399	11398	11270
9	11271	11272	11400	11399	11271
9	11272	11273	11401	11400	11272
9	11273	11274	11402	11401	11273
9	11274	11275	11403	11402	11274
9	11275	11276	11404	11403	11275
9	11276	11277	11405	11404	11276
9	11277	11278	11406	11405	11277
9	11278	11279	11407	11406	11278
9	11279	11280	11408	11407	11279
9	11280	11281	11409	11408	11280
9	11281	11282	11410	11409	11281
9	11282	11283	11411	11410	11282
9	11283	11284	11412	11411	11283
9	11284	11285	11413	11412	11284
9	11285	11286	11414	11413	11285
9	11286	11287	11415	11414	11286
9	11287	11288	11416	11415	11287
9	11288	11289	11417	11416	11288
9	11289	11290	11418	11417	11289
9	11290	11291	11419	11418	11290
9	11291	11292	11420	11419	11291
9	11292	11293	11421	11420	11292
9	11293	11294	11422	11421	11293
9	11294	11295	11423	11422	11294
9	11295	11296	11424	11423	11295
9	11296	11297	11425	11424	11296
9	11297	11298	11426	11425	11297
9	11298	11299	11427	11426	11298
9	11299	11300	11428	11427	11299
9	11300	11301	11429	11428	11300
9	11301	11302	11430	11429	11301
9	11302	11303	11431	11430	11302
9	11303	11304	11432	11431	11303
9	11304	11305	11433	11432	11304
9	11305	11306	11434	11433	11305
9	11306	11307	11435	11434	11306
9	11307	11308	11436	11435	11307
9	11308	11309	11437	11436	11308
9	11309	11310	11438	11437	11309
9	11310	11311	11439	11438	11310
9	11311	11312	11440	11439	11311
9	11312	11313	11441	11440	11312
9	11313	11314	11442	11441	11313
9	11314	11315	11443	11442	11314
9	11315	11316	11444	11443	11315
9	11316	11317	11445	11444	11316
9	11317	11318	11446	11445	11317
9	11318	11319	11447	11446	11318
9	11319	11320	11448	11447	11319
9	11320	11321	11449	11448	11320
9	11321	11322	11450	11449	11321
9	11322	11323	11451	11450	11322
9	11323	11324	11452	11451	11323
9	11324	11325	11453	11452	11324
9	11325	11326	11454	11453	11325
9	11326	11327	11455	11454	11326
9	11327	11328	11456	11455	11327
9	11328	11329	11457	11456	11328
9	11329	11330	11458	11457	11329
9	11330	11331	11459	11458	11330
9	11331	11332	11460	11459	11331
9	11332	11333	11461	11460	11332
9	11333	11334	11462	11461	11333
9	11334	11335	11463	11462	11334
9	11335	11336	11464	11463	11335
9	11336	11337	11465	11464	11336
9	11337	11338	11466	11465	11337
9	11338	11339	11467	11466	11338
9	11339	11340	11468	11467	11339
9	11340	11341	11469	11468	11340
9	11341	11342	11470	11469	11341
9	11342	11343	11471	11470	11342
9	11343	11344	11472	11471	11343
9	11344	11345	11473	11472	11344
9	11345	11346	11474	11473	11345
9	11346	11347	11475	11474	11346
9	11347	11348	11476	11475	11347
9	11348	11349	11477	11476	11348
9	11349	11350	11478	11477	11349
9	11350	11351	11479	11478	11350
9	11351	11352	11480	11479	11351
9	11352	11353	11481	11480	11352
9	11353	11354	11482	11481	11353
9	11354	11355	11483	11482	11354
9	11355	11356	11484	11483	11355
9	11356	11357	11485	11484	11356
9	11357	11358	11486	11485	11357
9	11358	11359	11487	11486	11358
9	11359	11360	11488	11487	11359
9	11360	11361	11489	11488	11360
9	11361	11362	11490	11489	11361
9	11362	11363	11491	11490	11362
9	11363	11364	11492	11491	11363
9	11364	11365	11493	11492	11364
9	11365	11366	11494	11493	11365
9	11366	11367	11495	11494	11366
9	11367	11368	11496	11495	11367
9	11368	11369	11497	11496	11368
9	11369	11370	11498	11497	11369
9	11370	11371	11499	11498	11370
9	11371	11372	11500	11499	11371
9	11372	11373	11501	11500	11372
9	11373	11374	11502	11501	11373
9	11374	11375	11503	11502	11374
9	11375	11376	11504	11503	11375
9	11376	11377	11505	11504	11376
9	11377	11378	11506	11505	11377
9	11378	11379	11507	11506	11378
9	11379	11380	11508	11507	11379
9	11380	11381	11509	11508	11380
9	11381	11382	11510	11509	11381
9	11382	11383	11511	11510	11382
9	11383	11384	11512	11511	11383
9	11384	11385	11513	11512	11384
9	11385	11386	11514	11513	11385
9	11386	11387	11515	11514	11386
9	11387	11388	11516	11515	11387
9	11388	11389	11517	11516	11388
9	11389	11390	11518	11517	11389
9	11390	11391	11519	11518	11390
9	11391	11264	11392	11519	11391
9	11392	11393	11521	11520	11392
9	11393	11394	11522	11521	11393
9	11394	11395	11523	11522	11394
9	11395	11396	11524	11523	11395
9	11396	11397	11525	11524	11396
9	11397	11398	11526	11525	11397
9	11398	11399	11527	11526	11398
9	11399	11400	11528	11527	11399
9	11400	11401	11529	11528	11400
9	11401	11402	11530	11529	11401
9	11402	11403	11531	11530	11402
9	11403	11404	11532	11531	11403
9	11404	11405	11533	11532	11404
9	11405	11406	11534	11533	11405
9	11406	11407	11535	11534	11406
9	11407	11408	11536	11535	11407
9	11408	11409	11537	11536	11408
9	11409	11410	11538	11537	11409
9	11410	11411	11539	11538	11410
9	11411	11412	11540	11539	11411
9	11412	11413	11541	11540	11412
9	11413	11414	11542	11541	11413
9	11414	11415	11543	11542	11414
9	11415	11416	11544	11543	11415
9	11416	11417	11545	11544	11416
9	11417	11418	11546	11545	11417
9	11418	11419	11547	11546	11418
9	11419	11420	11548	11547	11419
9	11420	11421	11549	11548	11420
9	11421	11422	11550	11549	11421
9	11422	11423	11551	11550	11422
9	11423	11424	11552	11551	11423
9	11424	11425	11553	11552	11424
9	11425	11426	11554	11553	11425
9	11426	11427	11555	11554	11426
9	11427	11428	11556	11555	11427
9	11428	11429	11557	11556	11428
9	11429	11430	11558	11557	11429
9	11430	11431	11559	11558	11430
9	11431	11432	11560	11559	11431
9	11432	11433	11561	11560	11432
9	11433	11434	11562	11561	11433
9	11434	11435	11563	11562	11434
9	11435	11436	11564	11563	11435
9	11436	11437	11565	11564	11436
9	11437	11438	11566	11565	11437
9	11438	11439	11567	11566	11438
9	11439	11440	11568	11567	11439
9	11440	11441	11569	11568	11440
9	11441	11442	11570	11569	11441
9	11442	11443	11571	11570	11442
9	11443	11444	11572	11571	11443
9	11444	11445	11573	11572	11444
9	11445	11446	11574	11573	11445
9	11446	11447	11575	11574	11446
9	11447	11448	11576	11575	11447
9	11448	11449	11577	11576	11448
9	11449	11450	11578	11577	11449
9	11450	11451	11579	11578	11450
9	11451	11452	11580	11579	11451
9	11452	11453	11581	11580	11452
9	11453	11454	11582	11581	11453
9	11454	11455	11583	11582	11454
9	11455	11456	11584	11583	11455
9	11456	11457	11585	11584	11456
9	11457	11458	11586	11585	11457
9	11458	11459	11587	11586	11458
9	11459	11460	11588	11587	11459
9	11460	11461	11589	11588	11460
9	11461	11462	11590	11589	11461
9	11462	11463	11591	11590	11462
9	11463	11464	11592	11591	11463
9	11464	11465	11593	11592	11464
9	11465	11466	11594	11593	11465
9	11466	11467	11595	11594	11466
9	11467	11468	11596	11595	11467
9	11468	11469	11597	11596	11468
9	11469	11470	11598	11597	11469
9	11470	11471	11599	11598	11470
9	11471	11472	11600	11599	11471
9	11472	11473	11601	11600	11472
9	11473	11474	11602	11601	11473
9	11474	11475	11603	11602	11474
9	11475	11476	11604	11603	11475
9	11476	11477	11605	11604	11476
9	11477	11478	11606	11605	11477
9	11478	11479	11607	11606	11478
9	11479	11480	11608	11607	11479
9	11480	11481	11609	11608	11480
9	11481	11482	11610	11609	11481
9	11482	11483	11611	11610	11482
9	11483	11484	11612	11611	11483
9	11484	11485	11613	11612	11484
9	11485	11486	11614	11613	11485
9	11486	11487	11615	11614	11486
9	11487	11488	11616	11615	11487
9	11488	11489	11617	11616	11488
9	11489	11490	11618	11617	11489
9	11490	11491	11619	11618	11490
9	11491	11492	11620	11619	11491
9	11492	11493	11621	11620	11492
9	11493	11494	11622	11621	11493
9	11494	11495	11623	11622	11494
9	11495	11496	11624	11623	11495
9	11496	11497	11625	11624	11496
9	11497	11498	11626	11625	11497
9	11498	11499	11627	11626	11498
9	11499	11500	11628	11627	11499
9	11500	11501	11629	11628	11500
9	11501	11502	11630	11629	11501
9	11502	11503	11631	11630	11502
9	11503	11504	11632	11631	11503
9	11504	11505	11633	11632	11504
9	11505	11506	11634	11633	11505
9	11506	11507	11635	11634	11506
9	11507	11508	11636	11635	11507
9	11508	11509	11637	11636	11508
9	11509	11510	11638	11637	11509
9	11510	11511	11639	11638	11510
9	11511	11512	11640	11639	11511
9	11512	11513	11641	11640	11512
9	11513	11514	11642	11641	11513
9	11514	11515	11643	11642	11514
9	11515	11516	11644	11643	11515
9	11516	11517	11645	11644	11516
9	11517	11518	11646	11645	11517
9	11518	11519	11647	11646	11518
9	11519	11392	11520	11647	11519
9	11520	11521	11649	11648	11520
9	11521	11522	11650	11649	11521
9	11522	11523	11651	11650	11522
9	11523	11524	11652	11651	11523
9	11524	11525	11653	11652	11524
9	11525	11526	11654	11653	11525
9	11526	11527	11655	11654	11526
9	11527	11528	11656	11655	11527
9	11528	11529	11657	11656	11528
9	11529	11530	11658	11657	11529
9	11530	11531	11659	11658	11530
9	11531	11532	11660	11659	11531
9	11532	11533	11661	11660	11532
9	11533	11534	11662	11661	11533
9	11534	11535	11663	11662	11534
9	11535	11536	11664	11663	11535
9	11536	11537	11665	11664	11536
9	11537	11538	11666	11665	11537
9	11538	11539	11667	11666	11538
9	11539	11540	11668	11667	11539
9	11540	11541	11669	11668	11540
9	11541	11542	11670	11669	11541
9	11542	11543	11671	11670	11542
9	11543	11544	11672	11671	11543
9	11544	11545	11673	11672	11544
9	11545	11546	11674	11673	11545
9	11546	11547	11675	11674	11546
9	11547	11548	11676	11675	11547
9	11548	11549	11677	11676	11548
9	11549	11550	11678	11677	11549
9	11550	11551	11679	11678	11550
9	11551	11552	11680	11679	11551
9	11552	11553	11681	11680	11552
9	11553	11554	11682	11681	11553
9	11554	11555	11683	11682	11554
9	11555	11556	11684	11683	11555
9	11556	11557	11685	11684	11556
9	11557	11558	11686	11685	11557
9	11558	11559	11687	11686	11558
9	11559	11560	11688	11687	11559
9	11560	11561	11689	11688	11560
9	11561	11562	11690	11689	11561
9	11562	11563	11691	11690	11562
9	11563	11564	11692	11691	11563
9	11564	11565	11693	11692	11564
9	11565	11566	11694	11693	11565
9	11566	11567	11695	11694	11566
9	11567	11568	11696	11695	11567
9	11568	11569	11697	11696	11568
9	11569	11570	11698	11697	11569
9	11570	11571	11699	11698	11570
9	11571	11572	11700	11699	11571
9	11572	11573	11701	11700	11572
9	11573	11574	11702	11701	11573
9	11574	11575	11703	11702	11574
9	11575	11576	11704	11703	11575
9	11576	11577	11705	11704	11576
9	11577	11578	11706	11705	11577
9	11578	11579	11707	11706	11578
9	11579	11580	11708	11707	11579
9	11580	11581	11709	11708	11580
9	11581	11582	11710	11709	11581
9	11582	11583	11711	11710	11582
9	11583	11584	11712	11711	11583
9	11584	11585	11713	11712	11584
9	11585	11586	11714	11713	11585
9	11586	11587	11715	11714	11586
9	11587	11588	11716	11715	11587
9	11588	11589	11717	11716	11588
9	11589	11590	11718	11717	11589
9	11590	11591	11719	11718	11590
9	11591	11592	11720	11719	11591
9	11592	11593	11721	11720	11592
9	11593	11594	11722	11721	11593
9	11594	11595	11723	11722	11594
9	11595	11596	11724	11723	11595
9	11596	11597	11725	11724	11596
9	11597	11598	11726	11725	11597
9	11598	11599	11727	11726	11598
9	11599	11600	11728	11727	11599
9	11600	11601	11729	11728	11600
9	11601	11602	11730	11729	11601
9	11602	11603	11731	11730	11602
9	11603	11604	11732	11731	11603
9	11604	11605	11733	11732	11604
9	11605	11606	11734	11733	11605
9	11606	11607	11735	11734	11606
9	11607	11608	11736	11735	11607
9	11608	11609	11737	11736	11608
9	11609	11610	11738	11737	11609
9	11610	11611	11739	11738	11610
9	11611	11612	11740	11739	11611
9	11612	11613	11741	11740	11612
9	11613	11614	11742	11741	11613
9	11614	11615	11743	11742	11614
9	11615	11616	11744	11743	11615
9	11616	11617	11745	11744	11616
9	11617	11618	11746	11745	11617
9	11618	11619	11747	11746	11618
9	11619	11620	11748	11747	11619
9	11620	11621	11749	11748	11620
9	11621	11622	11750	11749	11621
9	11622	11623	11751	11750	11622
9	11623	11624	11752	11751	11623
9	11624	11625	11753	11752	11624
9	11625	11626	11754	11753	11625
9	11626	11627	11755	11754	11626
9	11627	11628	11756	11755	11627
9	11628	11629	11757	11756	11628
9	11629	11630	11758	11757	11629
9	11630	11631	11759	11758	11630
9	11631	11632	11760	11759	11631
9	11632	11633	11761	11760	11632
9	11633	11634	11762	11761	11633
9	11634	11635	11763	11762	11634
9	11635	11636	11764	11763	11635
9	11636	11637	11765	11764	11636
9	11637	11638	11766	11765	11637
9	11638	11639	11767	11766	11638
9	11639	11640	11768	11767	11639
9	11640	11641	11769	11768	11640
9	11641	11642	11770	11769	11641
9	11642	11643	11771	11770	11642
9	11643	11644	11772	11771	11643
9	11644	11645	11773	11772	11644
9	11645	11646	11774	11773	11645
9	11646	11647	11775	11774	11646
9	11647	11520	11648	11775	11647
9	11648	11649	11777	11776	11648
9	11649	11650	11778	11777	11649
9	11650	11651	11779	11778	11650
9	11651	11652	11780	11779	11651
9	11652	11653	11781	11780	11652
9	11653	11654	11782	11781	11653
9	11654	11655	11783	11782	11654
9	11655	11656	11784	11783	11655
9	11656	11657	11785	11784	11656
9	11657	11658	11786	11785	11657
9	11658	11659	11787	11786	11658
9	11659	11660	11788	11787	11659
9	11660	11661	11789	11788	11660
9	11661	11662	11790	11789	11661
9	11662	11663	11791	11790	11662
9	11663	11664	11792	11791	11663
9	11664	11665	11793	11792	11664
9	11665	11666	11794	11793	11665
9	11666	11667	11795	11794	11666
9	11667	11668	11796	11795	11667
9	11668	11669	11797	11796	11668
9	11669	11670	11798	11797	11669
9	11670	11671	11799	11798	11670
9	11671	11672	11800	11799	11671
9	11672	11673	11801	11800	11672
9	11673	11674	11802	11801	11673
9	11674	11675	11803	11802	11674
9	11675	11676	11804	11803	11675
9	11676	11677	11805	11804	11676
9	11677	11678	11806	11805	11677
9	11678	11679	11807	11806	11678
9	11679	11680	11808	11807	11679
9	11680	11681	11809	11808	11680
9	11681	11682	11810	11809	11681
9	11682	11683	11811	11810	11682
9	11683	11684	11812	11811	11683
9	11684	11685	11813	11812	11684
9	11685	11686	11814	11813	11685
9	11686	11687	11815	11814	11686
9	11687	11688	11816	11815	11687
9	11688	11689	11817	11816	11688
9	11689	11690	11818	11817	11689
9	11690	11691	11819	11818	11690
9	11691	11692	11820	11819	11691
9	11692	11693	11821	11820	11692
9	11693	11694	11822	11821	11693
9	11694	11695	11823	11822	11694
9	11695	11696	11824	11823	11695
9	11696	11697	11825	11824	11696
9	11697	11698	11826	11825	11697
9	11698	11699	11827	11826	11698
9	11699	11700	11828	11827	11699
9	11700	11701	11829	11828	11700
9	11701	11702	11830	11829	11701
9	11702	11703	11831	11830	11702
9	11703	11704	11832	11831	11703
9	11704	11705	11833	11832	11704
9	11705	11706	11834	11833	11705
9	11706	11707	11835	11834	11706
9	11707	11708	11836	11835	11707
9	11708	11709	11837	11836	11708
9	11709	11710	11838	11837	11709
9	11710	11711	11839	11838	11710
9	11711	11712	11840	11839	11711
9	11712	11713	11841	11840	11712
9	11713	11714	11842	11841	11713
9	11714	11715	11843	11842	11714
9	11715	11716	11844	11843	11715
9	11716	11717	11845	11844	11716
9	11717	11718	11846	11845	11717
9	11718	11719	11847	11846	11718
9	11719	11720	11848	11847	11719
9	11720	11721	11849	11848	11720
9	11721	11722	11850	11849	11721
9	11722	11723	11851	11850	11722
9	11723	11724	11852	11851	11723
9	11724	11725	11853	11852	11724
9	11725	11726	11854	11853	11725
9	11726	11727	11855	11854	11726
9	11727	11728	11856	11855	11727
9	11728	11729	11857	11856	11728
9	11729	11730	11858	11857	11729
9	11730	11731	11859	11858	11730
9	11731	11732	11860	11859	11731
9	11732	11733	11861	11860	11732
9	11733	11734	11862	11861	11733
9	11734	11735	11863	11862	11734
9	11735	11736	11864	11863	11735
9	11736	11737	11865	11864	11736
9	11737	11738	11866	11865	11737
9	11738	11739	11867	11866	11738
9	11739	11740	11868	11867	11739
9	11740	11741	11869	11868	11740
9	11741	11742	11870	11869	11741
9	11742	11743	11871	11870	11742
9	11743	11744	11872	11871	11743
9	11744	11745	11873	11872	11744
9	11745	11746	11874	11873	11745
9	11746	11747	11875	11874	11746
9	11747	11748	11876	11875	11747
9	11748	11749	11877	11876	11748
9	11749	11750	11878	11877	11749
9	11750	11751	11879	11878	11750
9	11751	11752	11880	11879	11751
9	11752	11753	11881	11880	11752
9	11753	11754	11882	11881	11753
9	11754	11755	11883	11882	11754
9	11755	11756	11884	11883	11755
9	11756	11757	11885	11884	11756
9	11757	11758	11886	11885	11757
9	11758	11759	11887	11886	11758
9	11759	11760	11888	11887	11759
9	11760	11761	11889	11888	11760
9	11761	11762	11890	11889	11761
9	11762	11763	11891	11890	11762
9	11763	11764	11892	11891	11763
9	11764	11765	11893	11892	11764
9	11765	11766	11894	11893	11765
9	11766	11767	11895	11894	11766
9	11767	11768	11896	11895	11767
9	11768	11769	11897	11896	11768
9	11769	11770	11898	11897	11769
9	11770	11771	11899	11898	11770
9	11771	11772	11900	11899	11771
9	11772	11773	11901	11900	11772
9	11773	11774	11902	11901	11773
9	11774	11775	11903	11902	11774
9	11775	11648	11776	11903	11775
9	11776	11777	11905	11904	11776
9	11777	11778	11906	11905	11777
9	11778	11779	11907	11906	11778
9	11779	11780	11908	11907	11779
9	11780	11781	11909	11908	11780
9	11781	11782	11910	11909	11781
9	11782	11783	11911	11910	11782
9	11783	11784	11912	11911	11783
9	11784	11785	11913	11912	11784
9	11785	11786	11914	11913	11785
9	11786	11787	11915	11914	11786
9	11787	11788	11916	11915	11787
9	11788	11789	11917	11916	11788
9	11789	11790	11918	11917	11789
9	11790	11791	11919	11918	11790
9	11791	11792	11920	11919	11791
9	11792	11793	11921	11920	11792
9	11793	11794	11922	11921	11793
9	11794	11795	11923	11922	11794
9	11795	11796	11924	11923	11795
9	11796	11797	11925	11924	11796
9	11797	11798	11926	11925	11797
9	11798	11799	11927	11926	11798
9	11799	11800	11928	11927	11799
9	11800	11801	11929	11928	11800
9	11801	11802	11930	11929	11801
9	11802	11803	11931	11930	11802
9	11803	11804	11932	11931	11803
9	11804	11805	11933	11932	11804
9	11805	11806	11934	11933	11805
9	11806	11807	11935	11934	11806
9	11807	11808	11936	11935	11807
9	11808	11809	11937	11936	11808
9	11809	11810	11938	11937	11809
9	11810	11811	11939	11938	11810
9	11811	11812	11940	11939	11811
9	11812	11813	11941	11940	11812
9	11813	11814	11942	11941	11813
9	11814	11815	11943	11942	11814
9	11815	11816	11944	11943	11815
9	11816	11817	11945	11944	11816
9	11817	11818	11946	11945	11817
9	11818	11819	11947	11946	11818
9	11819	11820	11948	11947	11819
9	11820	11821	11949	11948	11820
9	11821	11822	11950	11949	11821
9	11822	11823	11951	11950	11822
9	11823	11824	11952	11951	11823
9	11824	11825	11953	11952	11824
9	11825	11826	11954	11953	11825
9	11826	11827	11955	11954	11826
9	11827	11828	11956	11955	11827
9	11828	11829	11957	11956	11828
9	11829	11830	11958	11957	11829
9	11830	11831	11959	11958	11830
9	11831	11832	11960	11959	11831
9	11832	11833	11961	11960	11832
9	11833	11834	11962	11961	11833
9	11834	11835	11963	11962	11834
9	11835	11836	11964	11963	11835
9	11836	11837	11965	11964	11836
9	11837	11838	11966	11965	11837
9	11838	11839	11967	11966	11838
9	11839	11840	11968	11967	11839
9	11840	11841	11969	11968	11840
9	11841	11842	11970	11969	11841
9	11842	11843	11971	11970	11842
9	11843	11844	11972	11971	11843
9	11844	11845	11973	11972	11844
9	11845	11846	11974	11973	11845
9	11846	11847	11975	11974	11846
9	11847	11848	11976	11975	11847
9	11848	11849	11977	11976	11848
9	11849	11850	11978	11977	11849
9	11850	11851	11979	11978	11850
9	11851	11852	11980	11979	11851
9	11852	11853	11981	11980	11852
9	11853	11854	11982	11981	11853
9	11854	11855	11983	11982	11854
9	11855	11856	11984	11983	11855
9	11856	11857	11985	11984	11856
9	11857	11858	11986	11985	11857
9	11858	11859	11987	11986	11858
9	11859	11860	11988	11987	11859
9	11860	11861	11989	11988	11860
9	11861	11862	11990	11989	11861
9	11862	11863	11991	11990	11862
9	11863	11864	11992	11991	11863
9	11864	11865	11993	11992	11864
9	11865	11866	11994	11993	11865
9	11866	11867	11995	11994	11866
9	11867	11868	11996	11995	11867
9	11868	11869	11997	11996	11868
9	11869	11870	11998	11997	11869
9	11870	11871	11999	11998	11870
9	11871	11872	12000	11999	11871
9	11872	11873	12001	12000	11872
9	11873	11874	12002	12001	11873
9	11874	11875	12003	12002	11874
9	11875	11876	12004	12003	11875
9	11876	11877	12005	12004	11876
9	11877	11878	12006	12005	11877
9	11878	11879	12007	12006	11878
9	11879	11880	12008	12007	11879
9	11880	11881	12009	12008	11880
9	11881	11882	12010	12009	11881
9	11882	11883	12011	12010	11882
9	11883	11884	12012	12011	11883
9	11884	11885	12013	12012	11884
9	11885	11886	12014	12013	11885
9	11886	11887	12015	12014	11886
9	11887	11888	12016	12015	11887
9	11888	11889	12017	12016	11888
9	11889	11890	12018	12017	11889
9	11890	11891	12019	12018	11890
9	11891	11892	12020	12019	11891
9	11892	11893	12021	12020	11892
9	11893	11894	12022	12021	11893
9	11894	11895	12023	12022	11894
9	11895	11896	12024	12023	11895
9	11896	11897	12025	12024	11896
9	11897	11898	12026	12025	11897
9	11898	11899	12027	12026	11898
9	11899	11900	12028	12027	11899
9	11900	11901	12029	12028	11900
9	11901	11902	12030	12029	11901
9	11902	11903	12031	12030	11902
9	11903	11776	11904	12031	11903
9	11904	11905	12033	12032	11904
9	11905	11906	12034	12033	11905
9	11906	11907	12035	12034	11906
9	11907	11908	12036	12035	11907
9	11908	11909	12037	12036	11908
9	11909	11910	12038	12037	11909
9	11910	11911	12039	12038	11910
9	11911	11912	12040	12039	11911
9	11912	11913	12041	12040	11912
9	11913	11914	12042	12041	11913
9	11914	11915	12043	12042	11914
9	11915	11916	12044	12043	11915
9	11916	11917	12045	12044	11916
9	11917	11918	12046	12045	11917
9	11918	11919	12047	12046	11918
9	11919	11920	12048	12047	11919
9	11920	11921	12049	12048	11920
9	11921	11922	12050	12049	11921
9	11922	11923	12051	12050	11922
9	11923	11924	12052	12051	11923
9	11924	11925	12053	12052	11924
9	11925	11926	12054	12053	11925
9	11926	11927	12055	12054	11926
9	11927	11928	12056	12055	11927
9	11928	11929	12057	12056	11928
9	11929	11930	12058	12057	11929
9	11930	11931	12059	12058	11930
9	11931	11932	12060	12059	11931
9	11932	11933	12061	12060	11932
9	11933	11934	12062	12061	11933
9	11934	11935	12063	12062	11934
9	11935	11936	12064	12063	11935
9	11936	11937	12065	12064	11936
9	11937	11938	12066	12065	11937
9	11938	11939	12067	12066	11938
9	11939	11940	12068	12067	11939
9	11940	11941	12069	12068	11940
9	11941	11942	12070	12069	11941
9	11942	11943	12071	12070	11942
9	11943	11944	12072	12071	11943
9	11944	11945	12073	12072	11944
9	11945	11946	12074	12073	11945
9	11946	11947	12075	12074	11946
9	11947	11948	12076	12075	11947
9	11948	11949	12077	12076	11948
9	11949	11950	12078	12077	11949
9	11950	11951	12079	12078	11950
9	11951	11952	12080	12079	11951
9	11952	11953	12081	12080	11952
9	11953	11954	12082	12081	11953
9	11954	11955	12083	12082	11954
9	11955	11956	12084	12083	11955
9	11956	11957	12085	12084	11956
9	11957	11958	12086	12085	11957
9	11958	11959	12087	12086	11958
9	11959	11960	12088	12087	11959
9	11960	11961	12089	12088	11960
9	11961	11962	12090	12089	11961
9	11962	11963	12091	12090	11962
9	11963	11964	12092	12091	11963
9	11964	11965	12093	12092	11964
9	11965	11966	12094	12093	11965
9	11966	11967	12095	12094	11966
9	11967	11968	12096	12095	11967
9	11968	11969	12097	12096	11968
9	11969	11970	12098	12097	11969
9	11970	11971	12099	12098	11970
9	11971	11972	12100	12099	11971
9	11972	11973	12101	12100	11972
9	11973	11974	12102	12101	11973
9	11974	11975	12103	12102	11974
9	11975	11976	12104	12103	11975
9	11976	11977	12105	12104	11976
9	11977	11978	12106	12105	11977
9	11978	11979	12107	12106	11978
9	11979	11980	12108	12107	11979
9	11980	11981	12109	12108	11980
9	11981	11982	12110	12109	11981
9	11982	11983	12111	12110	11982
9	11983	11984	12112	12111	11983
9	11984	11985	12113	12112	11984
9	11985	11986	12114	12113	11985
9	11986	11987	12115	12114	11986
9	11987	11988	12116	12115	11987
9	11988	11989	12117	12116	11988
9	11989	11990	12118	12117	11989
9	11990	11991	12119	12118	11990
9	11991	11992	12120	12119	11991
9	11992	11993	12121	12120	11992
9	11993	11994	12122	12121	11993
9	11994	11995	12123	12122	11994
9	11995	11996	12124	12123	11995
9	11996	11997	12125	12124	11996
9	11997	11998	12126	12125	11997
9	11998	11999	12127	12126	11998
9	11999	12000	12128	12127	11999
9	12000	12001	12129	12128	12000
9	12001	12002	12130	12129	12001
9	12002	12003	12131	12130	12002
9	12003	12004	12132	12131	12003
9	12004	12005	12133	12132	12004
9	12005	12006	12134	12133	12005
9	12006	12007	12135	12134	12006
9	12007	12008	12136	12135	12007
9	12008	12009	12137	12136	12008
9	12009	12010	12138	12137	12009
9	12010	12011	12139	12138	12010
9	12011	12012	12140	12139	12011
9	12012	12013	12141	12140	12012
9	12013	12014	12142	12141	12013
9	12014	12015	12143	12142	12014
9	12015	12016	12144	12143	12015
9	12016	12017	12145	12144	12016
9	12017	12018	12146	12145	12017
9	12018	12019	12147	12146	12018
9	12019	12020	12148	12147	12019
9	12020	12021	12149	12148	12020
9	12021	12022	12150	12149	12021
9	12022	12023	12151	12150	12022
9	12023	12024	12152	12151	12023
9	12024	12025	12153	12152	12024
9	12025	12026	12154	12153	12025
9	12026	12027	12155	12154	12026
9	12027	12028	12156	12155	12027
9	12028	12029	12157	12156	12028
9	12029	12030	12158	12157	12029
9	12030	12031	12159	12158	12030
9	12031	11904	12032	12159	12031
9	12032	12033	12161	12160	12032
9	12033	12034	12162	12161	12033
9	12034	12035	12163	12162	12034
9	12035	12036	12164	12163	12035
9	12036	12037	12165	12164	12036
9	12037	12038	12166	12165	12037
9	12038	12039	12167	12166	12038
9	12039	12040	12168	12167	12039
9	12040	12041	12169	12168	12040
9	12041	12042	12170	12169	12041
9	12042	12043	12171	12170	12042
9	12043	12044	12172	12171	12043
9	12044	12045	12173	12172	12044
9	12045	12046	12174	12173	12045
9	12046	12047	12175	12174	12046
9	12047	12048	12176	12175	12047
9	12048	12049	12177	12176	12048
9	12049	12050	12178	12177	12049
9	12050	12051	12179	12178	12050
9	12051	12052	12180	12179	12051
9	12052	12053	12181	12180	12052
9	12053	12054	12182	12181	12053
9	12054	12055	12183	12182	12054
9	12055	12056	12184	12183	12055
9	12056	12057	12185	12184	12056
9	12057	12058	12186	12185	12057
9	12058	12059	12187	12186	12058
9	12059	12060	12188	12187	12059
9	12060	12061	12189	12188	12060
9	12061	12062	12190	12189	12061
9	12062	12063	12191	12190	12062
9	12063	12064	12192	12191	12063
9	12064	12065	12193	12192	12064
9	12065	12066	12194	12193	12065
9	12066	12067	12195	12194	12066
9	12067	12068	12196	12195	12067
9	12068	12069	12197	12196	12068
9	12069	12070	12198	12197	12069
9	12070	12071	12199	12198	12070
9	12071	12072	12200	12199	12071
9	12072	12073	12201	12200	12072
9	12073	12074	12202	12201	12073
9	12074	12075	12203	12202	12074
9	12075	12076	12204	12203	12075
9	12076	12077	12205	12204	12076
9	12077	12078	12206	12205	12077
9	12078	12079	12207	12206	12078
9	12079	12080	12208	12207	12079
9	12080	12081	12209	12208	12080
9	12081	12082	12210	12209	12081
9	12082	12083	12211	12210	12082
9	12083	12084	12212	12211	12083
9	12084	12085	12213	12212	12084
9	12085	12086	12214	12213	12085
9	12086	12087	12215	12214	12086
9	12087	12088	12216	12215	12087
9	12088	12089	12217	12216	12088
9	12089	12090	12218	12217	12089
9	12090	12091	12219	12218	12090
9	12091	12092	12220	12219	12091
9	12092	12093	12221	12220	12092
9	12093	12094	12222	12221	12093
9	12094	12095	12223	12222	12094
9	12095	12096	12224	12223	12095
9	12096	12097	12225	12224	12096
9	12097	12098	12226	12225	12097
9	12098	12099	12227	12226	12098
9	12099	12100	12228	12227	12099
9	12100	12101	12229	12228	12100
9	12101	12102	12230	12229	12101
9	12102	12103	12231	12230	12102
9	12103	12104	12232	12231	12103
9	12104	12105	12233	12232	12104
9	12105	12106	12234	12233	12105
9	12106	12107	12235	12234	12106
9	12107	12108	12236	12235	12107
9	12108	12109	12237	12236	12108
9	12109	12110	12238	12237	12109
9	12110	12111	12239	12238	12110
9	12111	12112	12240	12239	12111
9	12112	12113	12241	12240	12112
9	12113	12114	12242	12241	12113
9	12114	12115	12243	12242	12114
9	12115	12116	12244	12243	12115
9	12116	12117	12245	12244	12116
9	12117	12118	12246	12245	12117
9	12118	12119	12247	12246	12118
9	12119	12120	12248	12247	12119
9	12120	12121	12249	12248	12120
9	12121	12122	12250	12249	12121
9	12122	12123	12251	12250	12122
9	12123	12124	12252	12251	12123
9	12124	12125	12253	12252	12124
9	12125	12126	12254	12253	12125
9	12126	12127	12255	12254	12126
9	12127	12128	12256	12255	12127
9	12128	12129	12257	12256	12128
9	12129	12130	12258	12257	12129
9	12130	12131	12259	12258	12130
9	12131	12132	12260	12259	12131
9	12132	12133	12261	12260	12132
9	12133	12134	12262	12261	12133
9	12134	12135	12263	12262	12134
9	12135	12136	12264	12263	12135
9	12136	12137	12265	12264	12136
9	12137	12138	12266	12265	12137
9	12138	12139	12267	12266	12138
9	12139	12140	12268	12267	12139
9	12140	12141	12269	12268	12140
9	12141	12142	12270	12269	12141
9	12142	12143	12271	12270	12142
9	12143	12144	12272	12271	12143
9	12144	12145	12273	12272	12144
9	12145	12146	12274	12273	12145
9	12146	12147	12275	12274	12146
9	12147	12148	12276	12275	12147
9	12148	12149	12277	12276	12148
9	12149	12150	12278	12277	12149
9	12150	12151	12279	12278	12150
9	12151	12152	12280	12279	12151
9	12152	12153	12281	12280	12152
9	12153	12154	12282	12281	12153
9	12154	12155	12283	12282	12154
9	12155	12156	12284	12283	12155
9	12156	12157	12285	12284	12156
9	12157	12158	12286	12285	12157
9	12158	12159	12287	12286	12158
9	12159	12032	12160	12287	12159
9	12160	12161	12289	12288	12160
9	12161	12162	12290	12289	12161
9	12162	12163	12291	12290	12162
9	12163	12164	12292	12291	12163
9	12164	12165	12293	12292	12164
9	12165	12166	12294	12293	12165
9	12166	12167	12295	12294	12166
9	12167	12168	12296	12295	12167
9	12168	12169	12297	12296	12168
9	12169	12170	12298	12297	12169
9	12170	12171	12299	12298	12170
9	12171	12172	12300	12299	12171
9	12172	12173	12301	12300	12172
9	12173	12174	12302	12301	12173
9	12174	12175	12303	12302	12174
9	12175	12176	12304	12303	12175
9	12176	12177	12305	12304	12176
9	12177	12178	12306	12305	12177
9	12178	12179	12307	12306	12178
9	12179	12180	12308	12307	12179
9	12180	12181	12309	12308	12180
9	12181	12182	12310	12309	12181
9	12182	12183	12311	12310	12182
9	12183	12184	12312	12311	12183
9	12184	12185	12313	12312	12184
9	12185	12186	12314	12313	12185
9	12186	12187	12315	12314	12186
9	12187	12188	12316	12315	12187
9	12188	12189	12317	12316	12188
9	12189	12190	12318	12317	12189
9	12190	12191	12319	12318	12190
9	12191	12192	12320	12319	12191
9	12192	12193	12321	12320	12192
9	12193	12194	12322	12321	12193
9	12194	12195	12323	12322	12194
9	12195	12196	12324	12323	12195
9	12196	12197	12325	12324	12196
9	12197	12198	12326	12325	12197
9	12198	12199	12327	12326	12198
9	12199	12200	12328	12327	12199
9	12200	12201	12329	12328	12200
9	12201	12202	12330	12329	12201
9	12202	12203	12331	12330	12202
9	12203	12204	12332	12331	12203
9	12204	12205	12333	12332	12204
9	12205	12206	12334	12333	12205
9	12206	12207	12335	12334	12206
9	12207	12208	12336	12335	12207
9	12208	12209	12337	12336	12208
9	12209	12210	12338	12337	12209
9	12210	12211	12339	12338	12210
9	12211	12212	12340	12339	12211
9	12212	12213	12341	12340	12212
9	12213	12214	12342	12341	12213
9	12214	12215	12343	12342	12214
9	12215	12216	12344	12343	12215
9	12216	12217	12345	12344	12216
9	12217	12218	12346	12345	12217
9	12218	12219	12347	12346	12218
9	12219	12220	12348	12347	12219
9	12220	12221	12349	12348	12220
9	12221	12222	12350	12349	12221
9	12222	12223	12351	12350	12222
9	12223	12224	12352	12351	12223
9	12224	12225	12353	12352	12224
9	12225	12226	12354	12353	12225
9	12226	12227	12355	12354	12226
9	12227	12228	12356	12355	12227
9	12228	12229	12357	12356	12228
9	12229	12230	12358	12357	12229
9	12230	12231	12359	12358	12230
9	12231	12232	12360	12359	12231
9	12232	12233	12361	12360	12232
9	12233	12234	12362	12361	12233
9	12234	12235	12363	12362	12234
9	12235	12236	12364	12363	12235
9	12236	12237	12365	12364	12236
9	12237	12238	12366	12365	12237
9	12238	12239	12367	12366	12238
9	12239	12240	12368	12367	12239
9	12240	12241	12369	12368	12240
9	12241	12242	12370	12369	12241
9	12242	12243	12371	12370	12242
9	12243	12244	12372	12371	12243
9	12244	12245	12373	12372	12244
9	12245	12246	12374	12373	12245
9	12246	12247	12375	12374	12246
9	12247	12248	12376	12375	12247
9	12248	12249	12377	12376	12248
9	12249	12250	12378	12377	12249
9	12250	12251	12379	12378	12250
9	12251	12252	12380	12379	12251
9	12252	12253	12381	12380	12252
9	12253	12254	12382	12381	12253
9	12254	12255	12383	12382	12254
9	12255	12256	12384	12383	12255
9	12256	12257	12385	12384	12256
9	12257	12258	12386	12385	12257
9	12258	12259	12387	12386	12258
9	12259	12260	12388	12387	12259
9	12260	12261	12389	12388	12260
9	12261	12262	12390	12389	12261
9	12262	12263	12391	12390	12262
9	12263	12264	12392	12391	12263
9	12264	12265	12393	12392	12264
9	12265	12266	12394	12393	12265
9	12266	12267	12395	12394	12266
9	12267	12268	12396	12395	12267
9	12268	12269	12397	12396	12268
9	12269	12270	12398	12397	12269
9	12270	12271	12399	12398	12270
9	12271	12272	12400	12399	12271
9	12272	12273	12401	12400	12272
9	12273	12274	12402	12401	12273
9	12274	12275	12403	12402	12274
9	12275	12276	12404	12403	12275
9	12276	12277	12405	12404	12276
9	12277	12278	12406	12405	12277
9	12278	12279	12407	12406	12278
9	12279	12280	12408	12407	12279
9	12280	12281	12409	12408	12280
9	12281	12282	12410	12409	12281
9	12282	12283	12411	12410	12282
9	12283	12284	12412	12411	12283
9	12284	12285	12413	12412	12284
9	12285	12286	12414	12413	12285
9	12286	12287	12415	12414	12286
9	12287	12160	12288	12415	12287
9	12288	12289	12417	12416	12288
9	12289	12290	12418	12417	12289
9	12290	12291	12419	12418	12290
9	12291	12292	12420	12419	12291
9	12292	12293	12421	12420	12292
9	12293	12294	12422	12421	12293
9	12294	12295	12423	12422	12294
9	12295	12296	12424	12423	12295
9	12296	12297	12425	12424	12296
9	12297	12298	12426	12425	12297
9	12298	12299	12427	12426	12298
9	12299	12300	12428	12427	12299
9	12300	12301	12429	12428	12300
9	12301	12302	12430	12429	12301
9	12302	12303	12431	12430	12302
9	12303	12304	12432	12431	12303
9	12304	12305	12433	12432	12304
9	12305	12306	12434	12433	12305
9	12306	12307	12435	12434	12306
9	12307	12308	12436	12435	12307
9	12308	12309	12437	12436	12308
9	12309	12310	12438	12437	12309
9	12310	12311	12439	12438	12310
9	12311	12312	12440	12439	12311
9	12312	12313	12441	12440	12312
9	12313	12314	12442	12441	12313
9	12314	12315	12443	12442	12314
9	12315	12316	12444	12443	12315
9	12316	12317	12445	12444	12316
9	12317	12318	12446	12445	12317
9	12318	12319	12447	12446	12318
9	12319	12320	12448	12447	12319
9	12320	12321	12449	12448	12320
9	12321	12322	12450	12449	12321
9	12322	12323	12451	12450	12322
9	12323	12324	12452	12451	12323
9	12324	12325	12453	12452	12324
9	12325	12326	12454	12453	12325
9	12326	12327	12455	12454	12326
9	12327	12328	12456	12455	12327
9	12328	12329	12457	12456	12328
9	12329	12330	12458	12457	12329
9	12330	12331	12459	12458	12330
9	12331	12332	12460	12459	12331
9	12332	12333	12461	12460	12332
9	12333	12334	12462	12461	12333
9	12334	12335	12463	12462	12334
9	12335	12336	12464	12463	12335
9	12336	12337	12465	12464	12336
9	12337	12338	12466	12465	12337
9	12338	12339	12467	12466	12338
9	12339	12340	12468	12467	12339
9	12340	12341	12469	12468	12340
9	12341	12342	12470	12469	12341
9	12342	12343	12471	12470	12342
9	12343	12344	12472	12471	12343
9	12344	12345	12473	12472	12344
9	12345	12346	12474	12473	12345
9	12346	12347	12475	12474	12346
9	12347	12348	12476	12475	12347
9	12348	12349	12477	12476	12348
9	12349	12350	12478	12477	12349
9	12350	12351	12479	12478	12350
9	12351	12352	12480	12479	12351
9	12352	12353	12481	12480	12352
9	12353	12354	12482	12481	12353
9	12354	12355	12483	12482	12354
9	12355	12356	12484	12483	12355
9	12356	12357	12485	12484	12356
9	12357	12358	12486	12485	12357
9	12358	12359	12487	12486	12358
9	12359	12360	12488	12487	12359
9	12360	12361	12489	12488	12360
9	12361	12362	12490	12489	12361
9	12362	12363	12491	12490	12362
9	12363	12364	12492	12491	12363
9	12364	12365	12493	12492	12364
9	12365	12366	12494	12493	12365
9	12366	12367	12495	12494	12366
9	12367	12368	12496	12495	12367
9	12368	12369	12497	12496	12368
9	12369	12370	12498	12497	12369
9	12370	12371	12499	12498	12370
9	12371	12372	12500	12499	12371
9	12372	12373	12501	12500	12372
9	12373	12374	12502	12501	12373
9	12374	12375	12503	12502	12374
9	12375	12376	12504	12503	12375
9	12376	12377	12505	12504	12376
9	12377	12378	12506	12505	12377
9	12378	12379	12507	12506	12378
9	12379	12380	12508	12507	12379
9	12380	12381	12509	12508	12380
9	12381	12382	12510	12509	12381
9	12382	12383	12511	12510	12382
9	12383	12384	12512	12511	12383
9	12384	12385	12513	12512	12384
9	12385	12386	12514	12513	12385
9	12386	12387	12515	12514	12386
9	12387	12388	12516	12515	12387
9	12388	12389	12517	12516	12388
9	12389	12390	12518	12517	12389
9	12390	12391	12519	12518	12390
9	12391	12392	12520	12519	12391
9	12392	12393	12521	12520	12392
9	12393	12394	12522	12521	12393
9	12394	12395	12523	12522	12394
9	12395	12396	12524	12523	12395
9	12396	12397	12525	12524	12396
9	12397	12398	12526	12525	12397
9	12398	12399	12527	12526	12398
9	12399	12400	12528	12527	12399
9	12400	12401	12529	12528	12400
9	12401	12402	12530	12529	12401
9	12402	12403	12531	12530	12402
9	12403	12404	12532	12531	12403
9	12404	12405	12533	12532	12404
9	12405	12406	12534	12533	12405
9	12406	12407	12535	12534	12406
9	12407	12408	12536	12535	12407
9	12408	12409	12537	12536	12408
9	12409	12410	12538	12537	12409
9	12410	12411	12539	12538	12410
9	12411	12412	12540	12539	12411
9	12412	12413	12541	12540	12412
9	12413	12414	12542	12541	12413
9	12414	12415	12543	12542	12414
9	12415	12288	12416	12543	12415
9	12416	12417	12545	12544	12416
9	12417	12418	12546	12545	12417
9	12418	12419	12547	12546	12418
9	12419	12420	12548	12547	12419
9	12420	12421	12549	12548	12420
9	12421	12422	12550	12549	12421
9	12422	12423	12551	12550	12422
9	12423	12424	12552	12551	12423
9	12424	12425	12553	12552	12424
9	12425	12426	12554	12553	12425
9	12426	12427	12555	12554	12426
9	12427	12428	12556	12555	12427
9	12428	12429	12557	12556	12428
9	12429	12430	12558	12557	12429
9	12430	12431	12559	12558	12430
9	12431	12432	12560	12559	12431
9	12432	12433	12561	12560	12432
9	12433	12434	12562	12561	12433
9	12434	12435	12563	12562	12434
9	12435	12436	12564	12563	12435
9	12436	12437	12565	12564	12436
9	12437	12438	12566	12565	12437
9	12438	12439	12567	12566	12438
9	12439	12440	12568	12567	12439
9	12440	12441	12569	12568	12440
9	12441	12442	12570	12569	12441
9	12442	12443	12571	12570	12442
9	12443	12444	12572	12571	12443
9	12444	12445	12573	12572	12444
9	12445	12446	12574	12573	12445
9	12446	12447	12575	12574	12446
9	12447	12448	12576	12575	12447
9	12448	12449	12577	12576	12448
9	12449	12450	12578	12577	12449
9	12450	12451	12579	12578	12450
9	12451	12452	12580	12579	12451
9	12452	12453	12581	12580	12452
9	12453	12454	12582	12581	12453
9	12454	12455	12583	12582	12454
9	12455	12456	12584	12583	12455
9	12456	12457	12585	12584	12456
9	12457	12458	12586	12585	12457
9	12458	12459	12587	12586	12458
9	12459	12460	12588	12587	12459
9	12460	12461	12589	12588	12460
9	12461	12462	12590	12589	12461
9	12462	12463	12591	12590	12462
9	12463	12464	12592	12591	12463
9	12464	12465	12593	12592	12464
9	12465	12466	12594	12593	12465
9	12466	12467	12595	12594	12466
9	12467	12468	12596	12595	12467
9	12468	12469	12597	12596	12468
9	12469	12470	12598	12597	12469
9	12470	12471	12599	12598	12470
9	12471	12472	12600	12599	12471
9	12472	12473	12601	12600	12472
9	12473	12474	12602	12601	12473
9	12474	12475	12603	12602	12474
9	12475	12476	12604	12603	12475
9	12476	12477	12605	12604	12476
9	12477	12478	12606	12605	12477
9	12478	12479	12607	12606	12478
9	12479	12480	12608	12607	12479
9	12480	12481	12609	12608	12480
9	12481	12482	12610	12609	12481
9	12482	12483	12611	12610	12482
9	12483	12484	12612	12611	12483
9	12484	12485	12613	12612	12484
9	12485	12486	12614	12613	12485
9	12486	12487	12615	12614	12486
9	12487	12488	12616	12615	12487
9	12488	12489	12617	12616	12488
9	12489	12490	12618	12617	12489
9	12490	12491	12619	12618	12490
9	12491	12492	12620	12619	12491
9	12492	12493	12621	12620	12492
9	12493	12494	12622	12621	12493
9	12494	12495	12623	12622	12494
9	12495	12496	12624	12623	12495
9	12496	12497	12625	12624	12496
9	12497	12498	12626	12625	12497
9	12498	12499	12627	12626	12498
9	12499	12500	12628	12627	12499
9	12500	12501	12629	12628	12500
9	12501	12502	12630	12629	12501
9	12502	12503	12631	12630	12502
9	12503	12504	12632	12631	12503
9	12504	12505	12633	12632	12504
9	12505	12506	12634	12633	12505
9	12506	12507	12635	12634	12506
9	12507	12508	12636	12635	12507
9	12508	12509	12637	12636	12508
9	12509	12510	12638	12637	12509
9	12510	12511	12639	12638	12510
9	12511	12512	12640	12639	12511
9	12512	12513	12641	12640	12512
9	12513	12514	12642	12641	12513
9	12514	12515	12643	12642	12514
9	12515	12516	12644	12643	12515
9	12516	12517	12645	12644	12516
9	12517	12518	12646	12645	12517
9	12518	12519	12647	12646	12518
9	12519	12520	12648	12647	12519
9	12520	12521	12649	12648	12520
9	12521	12522	12650	12649	12521
9	12522	12523	12651	12650	12522
9	12523	12524	12652	12651	12523
9	12524	12525	12653	12652	12524
9	12525	12526	12654	12653	12525
9	12526	12527	12655	12654	12526
9	12527	12528	12656	12655	12527
9	12528	12529	12657	12656	12528
9	12529	12530	12658	12657	12529
9	12530	12531	12659	12658	12530
9	12531	12532	12660	12659	12531
9	12532	12533	12661	12660	12532
9	12533	12534	12662	12661	12533
9	12534	12535	12663	12662	12534
9	12535	12536	12664	12663	12535
9	12536	12537	12665	12664	12536
9	12537	12538	12666	12665	12537
9	12538	12539	12667	12666	12538
9	12539	12540	12668	12667	12539
9	12540	12541	12669	12668	12540
9	12541	12542	12670	12669	12541
9	12542	12543	12671	12670	12542
9	12543	12416	12544	12671	12543
9	12544	12545	12673	12672	12544
9	12545	12546	12674	12673	12545
9	12546	12547	12675	12674	12546
9	12547	12548	12676	12675	12547
9	12548	12549	12677	12676	12548
9	12549	12550	12678	12677	12549
9	12550	12551	12679	12678	12550
9	12551	12552	12680	12679	12551
9	12552	12553	12681	12680	12552
9	12553	12554	12682	12681	12553
9	12554	12555	12683	12682	12554
9	12555	12556	12684	12683	12555
9	12556	12557	12685	12684	12556
9	12557	12558	12686	12685	12557
9	12558	12559	12687	12686	12558
9	12559	12560	12688	12687	12559
9	12560	12561	12689	12688	12560
9	12561	12562	12690	12689	12561
9	12562	12563	12691	12690	12562
9	12563	12564	12692	12691	12563
9	12564	12565	12693	12692	12564
9	12565	12566	12694	12693	12565
9	12566	12567	12695	12694	12566
9	12567	12568	12696	12695	12567
9	12568	12569	12697	12696	12568
9	12569	12570	12698	12697	12569
9	12570	12571	12699	12698	12570
9	12571	12572	12700	12699	12571
9	12572	12573	12701	12700	12572
9	12573	12574	12702	12701	12573
9	12574	12575	12703	12702	12574
9	12575	12576	12704	12703	12575
9	12576	12577	12705	12704	12576
9	12577	12578	12706	12705	12577
9	12578	12579	12707	12706	12578
9	12579	12580	12708	12707	12579
9	12580	12581	12709	12708	12580
9	12581	12582	12710	12709	12581
9	12582	12583	12711	12710	12582
9	12583	12584	12712	12711	12583
9	12584	12585	12713	12712	12584
9	12585	12586	12714	12713	12585
9	12586	12587	12715	12714	12586
9	12587	12588	12716	12715	12587
9	12588	12589	12717	12716	12588
9	12589	12590	12718	12717	12589
9	12590	12591	12719	12718	12590
9	12591	12592	12720	12719	12591
9	12592	12593	12721	12720	12592
9	12593	12594	12722	12721	12593
9	12594	12595	12723	12722	12594
9	12595	12596	12724	12723	12595
9	12596	12597	12725	12724	12596
9	12597	12598	12726	12725	12597
9	12598	12599	12727	12726	12598
9	12599	12600	12728	12727	12599
9	12600	12601	12729	12728	12600
9	12601	12602	12730	12729	12601
9	12602	12603	12731	12730	12602
9	12603	12604	12732	12731	12603
9	12604	12605	12733	12732	12604
9	12605	12606	12734	12733	12605
9	12606	12607	12735	12734	12606
9	12607	12608	12736	12735	12607
9	12608	12609	12737	12736	12608
9	12609	12610	12738	12737	12609
9	12610	12611	12739	12738	12610
9	12611	12612	12740	12739	12611
9	12612	12613	12741	12740	12612
9	12613	12614	12742	12741	12613
9	12614	12615	12743	12742	12614
9	12615	12616	12744	12743	12615
9	12616	12617	12745	12744	12616
9	12617	12618	12746	12745	12617
9	12618	12619	12747	12746	12618
9	12619	12620	12748	12747	12619
9	12620	12621	12749	12748	12620
9	12621	12622	12750	12749	12621
9	12622	12623	12751	12750	12622
9	12623	12624	12752	12751	12623
9	12624	12625	12753	12752	12624
9	12625	12626	12754	12753	12625
9	12626	12627	12755	12754	12626
9	12627	12628	12756	12755	12627
9	12628	12629	12757	12756	12628
9	12629	12630	12758	12757	12629
9	12630	12631	12759	12758	12630
9	12631	12632	12760	12759	12631
9	12632	12633	12761	12760	12632
9	12633	12634	12762	12761	12633
9	12634	12635	12763	12762	12634
9	12635	12636	12764	12763	12635
9	12636	12637	12765	12764	12636
9	12637	12638	12766	12765	12637
9	12638	12639	12767	12766	12638
9	12639	12640	12768	12767	12639
9	12640	12641	12769	12768	12640
9	12641	12642	12770	12769	12641
9	12642	12643	12771	12770	12642
9	12643	12644	12772	12771	12643
9	12644	12645	12773	12772	12644
9	12645	12646	12774	12773	12645
9	12646	12647	12775	12774	12646
9	12647	12648	12776	12775	12647
9	12648	12649	12777	12776	12648
9	12649	12650	12778	12777	12649
9	12650	12651	12779	12778	12650
9	12651	12652	12780	12779	12651
9	12652	12653	12781	12780	12652
9	12653	12654	12782	12781	12653
9	12654	12655	12783	12782	12654
9	12655	12656	12784	12783	12655
9	12656	12657	12785	12784	12656
9	12657	12658	12786	12785	12657
9	12658	12659	12787	12786	12658
9	12659	12660	12788	12787	12659
9	12660	12661	12789	12788	12660
9	12661	12662	12790	12789	12661
9	12662	12663	12791	12790	12662
9	12663	12664	12792	12791	12663
9	12664	12665	12793	12792	12664
9	12665	12666	12794	12793	12665
9	12666	12667	12795	12794	12666
9	12667	12668	12796	12795	12667
9	12668	12669	12797	12796	12668
9	12669	12670	12798	12797	12669
9	12670	12671	12799	12798	12670
9	12671	12544	12672	12799	12671
9	12672	12673	12801	12800	12672
9	12673	12674	12802	12801	12673
9	12674	12675	12803	12802	12674
9	12675	12676	12804	12803	12675
9	12676	12677	12805	12804	12676
9	12677	12678	12806	12805	12677
9	12678	12679	12807	12806	12678
9	12679	12680	12808	12807	12679
9	12680	12681	12809	12808	12680
9	12681	12682	12810	12809	12681
9	12682	12683	12811	12810	12682
9	12683	12684	12812	12811	12683
9	12684	12685	12813	12812	12684
9	12685	12686	12814	12813	12685
9	12686	12687	12815	12814	12686
9	12687	12688	12816	12815	12687
9	12688	12689	12817	12816	12688
9	12689	12690	12818	12817	12689
9	12690	12691	12819	12818	12690
9	12691	12692	12820	12819	12691
9	12692	12693	12821	12820	12692
9	12693	12694	12822	12821	12693
9	12694	12695	12823	12822	12694
9	12695	12696	12824	12823	12695
9	12696	12697	12825	12824	12696
9	12697	12698	12826	12825	12697
9	12698	12699	12827	12826	12698
9	12699	12700	12828	12827	12699
9	12700	12701	12829	12828	12700
9	12701	12702	12830	12829	12701
9	12702	12703	12831	12830	12702
9	12703	12704	12832	12831	12703
9	12704	12705	12833	12832	12704
9	12705	12706	12834	12833	12705
9	12706	12707	12835	12834	12706
9	12707	12708	12836	12835	12707
9	12708	12709	12837	12836	12708
9	12709	12710	12838	12837	12709
9	12710	12711	12839	12838	12710
9	12711	12712	12840	12839	12711
9	12712	12713	12841	12840	12712
9	12713	12714	12842	12841	12713
9	12714	12715	12843	12842	12714
9	12715	12716	12844	12843	12715
9	12716	12717	12845	12844	12716
9	12717	12718	12846	12845	12717
9	12718	12719	12847	12846	12718
9	12719	12720	12848	12847	12719
9	12720	12721	12849	12848	12720
9	12721	12722	12850	12849	12721
9	12722	12723	12851	12850	12722
9	12723	12724	12852	12851	12723
9	12724	12725	12853	12852	12724
9	12725	12726	12854	12853	12725
9	12726	12727	12855	12854	12726
9	12727	12728	12856	12855	12727
9	12728	12729	12857	12856	12728
9	12729	12730	12858	12857	12729
9	12730	12731	12859	12858	12730
9	12731	12732	12860	12859	12731
9	12732	12733	12861	12860	12732
9	12733	12734	12862	12861	12733
9	12734	12735	12863	12862	12734
9	12735	12736	12864	12863	12735
9	12736	12737	12865	12864	12736
9	12737	12738	12866	12865	12737
9	12738	12739	12867	12866	12738
9	12739	12740	12868	12867	12739
9	12740	12741	12869	12868	12740
9	12741	12742	12870	12869	12741
9	12742	12743	12871	12870	12742
9	12743	12744	12872	12871	12743
9	12744	12745	12873	12872	12744
9	12745	12746	12874	12873	12745
9	12746	12747	12875	12874	12746
9	12747	12748	12876	12875	12747
9	12748	12749	12877	12876	12748
9	12749	12750	12878	12877	12749
9	12750	12751	12879	12878	12750
9	12751	12752	12880	12879	12751
9	12752	12753	12881	12880	12752
9	12753	12754	12882	12881	12753
9	12754	12755	12883	12882	12754
9	12755	12756	12884	12883	12755
9	12756	12757	12885	12884	12756
9	12757	12758	12886	12885	12757
9	12758	12759	12887	12886	12758
9	12759	12760	12888	12887	12759
9	12760	12761	12889	12888	12760
9	12761	12762	12890	12889	12761
9	12762	12763	12891	12890	12762
9	12763	12764	12892	12891	12763
9	12764	12765	12893	12892	12764
9	12765	12766	12894	12893	12765
9	12766	12767	12895	12894	12766
9	12767	12768	12896	12895	12767
9	12768	12769	12897	12896	12768
9	12769	12770	12898	12897	12769
9	12770	12771	12899	12898	12770
9	12771	12772	12900	12899	12771
9	12772	12773	12901	12900	12772
9	12773	12774	12902	12901	12773
9	12774	12775	12903	12902	12774
9	12775	12776	12904	12903	12775
9	12776	12777	12905	12904	12776
9	12777	12778	12906	12905	12777
9	12778	12779	12907	12906	12778
9	12779	12780	12908	12907	12779
9	12780	12781	12909	12908	12780
9	12781	12782	12910	12909	12781
9	12782	12783	12911	12910	12782
9	12783	12784	12912	12911	12783
9	12784	12785	12913	12912	12784
9	12785	12786	12914	12913	12785
9	12786	12787	12915	12914	12786
9	12787	12788	12916	12915	12787
9	12788	12789	12917	12916	12788
9	12789	12790	12918	12917	12789
9	12790	12791	12919	12918	12790
9	12791	12792	12920	12919	12791
9	12792	12793	12921	12920	12792
9	12793	12794	12922	12921	12793
9	12794	12795	12923	12922	12794
9	12795	12796	12924	12923	12795
9	12796	12797	12925	12924	12796
9	12797	12798	12926	12925	12797
9	12798	12799	12927	12926	12798
9	12799	12672	12800	12927	12799
9	12800	12801	12929	12928	12800
9	12801	12802	12930	12929	12801
9	12802	12803	12931	12930	12802
9	12803	12804	12932	12931	12803
9	12804	12805	12933	12932	12804
9	12805	12806	12934	12933	12805
9	12806	12807	12935	12934	12806
9	12807	12808	12936	12935	12807
9	12808	12809	12937	12936	12808
9	12809	12810	12938	12937	12809
9	12810	12811	12939	12938	12810
9	12811	12812	12940	12939	12811
9	12812	12813	12941	12940	12812
9	12813	12814	12942	12941	12813
9	12814	12815	12943	12942	12814
9	12815	12816	12944	12943	12815
9	12816	12817	12945	12944	12816
9	12817	12818	12946	12945	12817
9	12818	12819	12947	12946	12818
9	12819	12820	12948	12947	12819
9	12820	12821	12949	12948	12820
9	12821	12822	12950	12949	12821
9	12822	12823	12951	12950	12822
9	12823	12824	12952	12951	12823
9	12824	12825	12953	12952	12824
9	12825	12826	12954	12953	12825
9	12826	12827	12955	12954	12826
9	12827	12828	12956	12955	12827
9	12828	12829	12957	12956	12828
9	12829	12830	12958	12957	12829
9	12830	12831	12959	12958	12830
9	12831	12832	12960	12959	12831
9	12832	12833	12961	12960	12832
9	12833	12834	12962	12961	12833
9	12834	12835	12963	12962	12834
9	12835	12836	12964	12963	12835
9	12836	12837	12965	12964	12836
9	12837	12838	12966	12965	12837
9	12838	12839	12967	12966	12838
9	12839	12840	12968	12967	12839
9	12840	12841	12969	12968	12840
9	12841	12842	12970	12969	12841
9	12842	12843	12971	12970	12842
9	12843	12844	12972	12971	12843
9	12844	12845	12973	12972	12844
9	12845	12846	12974	12973	12845
9	12846	12847	12975	12974	12846
9	12847	12848	12976	12975	12847
9	12848	12849	12977	12976	12848
9	12849	12850	12978	12977	12849
9	12850	12851	12979	12978	12850
9	12851	12852	12980	12979	12851
9	12852	12853	12981	12980	12852
9	12853	12854	12982	12981	12853
9	12854	12855	12983	12982	12854
9	12855	12856	12984	12983	12855
9	12856	12857	12985	12984	12856
9	12857	12858	12986	12985	12857
9	12858	12859	12987	12986	12858
9	12859	12860	12988	12987	12859
9	12860	12861	12989	12988	12860
9	12861	12862	12990	12989	12861
9	12862	12863	12991	12990	12862
9	12863	12864	12992	12991	12863
9	12864	12865	12993	12992	12864
9	12865	12866	12994	12993	12865
9	12866	12867	12995	12994	12866
9	12867	12868	12996	12995	12867
9	12868	12869	12997	12996	12868
9	12869	12870	12998	12997	12869
9	12870	12871	12999	12998	12870
9	12871	12872	13000	12999	12871
9	12872	12873	13001	13000	12872
9	12873	12874	13002	13001	12873
9	12874	12875	13003	13002	12874
9	12875	12876	13004	13003	12875
9	12876	12877	13005	13004	12876
9	12877	12878	13006	13005	12877
9	12878	12879	13007	13006	12878
9	12879	12880	13008	13007	12879
9	12880	12881	13009	13008	12880
9	12881	12882	13010	13009	12881
9	12882	12883	13011	13010	12882
9	12883	12884	13012	13011	12883
9	12884	12885	13013	13012	12884
9	12885	12886	13014	13013	12885
9	12886	12887	13015	13014	12886
9	12887	12888	13016	13015	12887
9	12888	12889	13017	13016	12888
9	12889	12890	13018	13017	12889
9	12890	12891	13019	13018	12890
9	12891	12892	13020	13019	12891
9	12892	12893	13021	13020	12892
9	12893	12894	13022	13021	12893
9	12894	12895	13023	13022	12894
9	12895	12896	13024	13023	12895
9	12896	12897	13025	13024	12896
9	12897	12898	13026	13025	12897
9	12898	12899	13027	13026	12898
9	12899	12900	13028	13027	12899
9	12900	12901	13029	13028	12900
9	12901	12902	13030	13029	12901
9	12902	12903	13031	13030	12902
9	12903	12904	13032	13031	12903
9	12904	12905	13033	13032	12904
9	12905	12906	13034	13033	12905
9	12906	12907	13035	13034	12906
9	12907	12908	13036	13035	12907
9	12908	12909	13037	13036	12908
9	12909	12910	13038	13037	12909
9	12910	12911	13039	13038	12910
9	12911	12912	13040	13039	12911
9	12912	12913	13041	13040	12912
9	12913	12914	13042	13041	12913
9	12914	12915	13043	13042	12914
9	12915	12916	13044	13043	12915
9	12916	12917	13045	13044	12916
9	12917	12918	13046	13045	12917
9	12918	12919	13047	13046	12918
9	12919	12920	13048	13047	12919
9	12920	12921	13049	13048	12920
9	12921	12922	13050	13049	12921
9	12922	12923	13051	13050	12922
9	12923	12924	13052	13051	12923
9	12924	12925	13053	13052	12924
9	12925	12926	13054	13053	12925
9	12926	12927	13055	13054	12926
9	12927	12800	12928	13055	12927
9	12928	12929	13057	13056	12928
9	12929	12930	13058	13057	12929
9	12930	12931	13059	13058	12930
9	12931	12932	13060	13059	12931
9	12932	12933	13061	13060	12932
9	12933	12934	13062	13061	12933
9	12934	12935	13063	13062	12934
9	12935	12936	13064	13063	12935
9	12936	12937	13065	13064	12936
9	12937	12938	13066	13065	12937
9	12938	12939	13067	13066	12938
9	12939	12940	13068	13067	12939
9	12940	12941	13069	13068	12940
9	12941	12942	13070	13069	12941
9	12942	12943	13071	13070	12942
9	12943	12944	13072	13071	12943
9	12944	12945	13073	13072	12944
9	12945	12946	13074	13073	12945
9	12946	12947	13075	13074	12946
9	12947	12948	13076	13075	12947
9	12948	12949	13077	13076	12948
9	12949	12950	13078	13077	12949
9	12950	12951	13079	13078	12950
9	12951	12952	13080	13079	12951
9	12952	12953	13081	13080	12952
9	12953	12954	13082	13081	12953
9	12954	12955	13083	13082	12954
9	12955	12956	13084	13083	12955
9	12956	12957	13085	13084	12956
9	12957	12958	13086	13085	12957
9	12958	12959	13087	13086	12958
9	12959	12960	13088	13087	12959
9	12960	12961	13089	13088	12960
9	12961	12962	13090	13089	12961
9	12962	12963	13091	13090	12962
9	12963	12964	13092	13091	12963
9	12964	12965	13093	13092	12964
9	12965	12966	13094	13093	12965
9	12966	12967	13095	13094	12966
9	12967	12968	13096	13095	12967
9	12968	12969	13097	13096	12968
9	12969	12970	13098	13097	12969
9	12970	12971	13099	13098	12970
9	12971	12972	13100	13099	12971
9	12972	12973	13101	13100	12972
9	12973	12974	13102	13101	12973
9	12974	12975	13103	13102	12974
9	12975	12976	13104	13103	12975
9	12976	12977	13105	13104	12976
9	12977	12978	13106	13105	12977
9	12978	12979	13107	13106	12978
9	12979	12980	13108	13107	12979
9	12980	12981	13109	13108	12980
9	12981	12982	13110	13109	12981
9	12982	12983	13111	13110	12982
9	12983	12984	13112	13111	12983
9	12984	12985	13113	13112	12984
9	12985	12986	13114	13113	12985
9	12986	12987	13115	13114	12986
9	12987	12988	13116	13115	12987
9	12988	12989	13117	13116	12988
9	12989	12990	13118	13117	12989
9	12990	12991	13119	13118	12990
9	12991	12992	13120	13119	12991
9	12992	12993	13121	13120	12992
9	12993	12994	13122	13121	12993
9	12994	12995	13123	13122	12994
9	12995	12996	13124	13123	12995
9	12996	12997	13125	13124	12996
9	12997	12998	13126	13125	12997
9	12998	12999	13127	13126	12998
9	12999	13000	13128	13127	12999
9	13000	13001	13129	13128	13000
9	13001	13002	13130	13129	13001
9	13002	13003	13131	13130	13002
9	13003	13004	13132	13131	13003
9	13004	13005	13133	13132	13004
9	13005	13006	13134	13133	13005
9	13006	13007	13135	13134	13006
9	13007	13008	13136	13135	13007
9	13008	13009	13137	13136	13008
9	13009	13010	13138	13137	13009
9	13010	13011	13139	13138	13010
9	13011	13012	13140	13139	13011
9	13012	13013	13141	13140	13012
9	13013	13014	13142	13141	13013
9	13014	13015	13143	13142	13014
9	13015	13016	13144	13143	13015
9	13016	13017	13145	13144	13016
9	13017	13018	13146	13145	13017
9	13018	13019	13147	13146	13018
9	13019	13020	13148	13147	13019
9	13020	13021	13149	13148	13020
9	13021	13022	13150	13149	13021
9	13022	13023	13151	13150	13022
9	13023	13024	13152	13151	13023
9	13024	13025	13153	13152	13024
9	13025	13026	13154	13153	13025
9	13026	13027	13155	13154	13026
9	13027	13028	13156	13155	13027
9	13028	13029	13157	13156	13028
9	13029	13030	13158	13157	13029
9	13030	13031	13159	13158	13030
9	13031	13032	13160	13159	13031
9	13032	13033	13161	13160	13032
9	13033	13034	13162	13161	13033
9	13034	13035	13163	13162	13034
9	13035	13036	13164	13163	13035
9	13036	13037	13165	13164	13036
9	13037	13038	13166	13165	13037
9	13038	13039	13167	13166	13038
9	13039	13040	13168	13167	13039
9	13040	13041	13169	13168	13040
9	13041	13042	13170	13169	13041
9	13042	13043	13171	13170	13042
9	13043	13044	13172	13171	13043
9	13044	13045	13173	13172	13044
9	13045	13046	13174	13173	13045
9	13046	13047	13175	13174	13046
9	13047	13048	13176	13175	13047
9	13048	13049	13177	13176	13048
9	13049	13050	13178	13177	13049
9	13050	13051	13179	13178	13050
9	13051	13052	13180	13179	13051
9	13052	13053	13181	13180	13052
9	13053	13054	13182	13181	13053
9	13054	13055	13183	13182	13054
9	13055	12928	13056	13183	13055
9	13056	13057	13185	13184	13056
9	13057	13058	13186	13185	13057
9	13058	13059	13187	13186	13058
9	13059	13060	13188	13187	13059
9	13060	13061	13189	13188	13060
9	13061	13062	13190	13189	13061
9	13062	13063	13191	13190	13062
9	13063	13064	13192	13191	13063
9	13064	13065	13193	13192	13064
9	13065	13066	13194	13193	13065
9	13066	13067	13195	13194	13066
9	13067	13068	13196	13195	13067
9	13068	13069	13197	13196	13068
9	13069	13070	13198	13197	13069
9	13070	13071	13199	13198	13070
9	13071	13072	13200	13199	13071
9	13072	13073	13201	13200	13072
9	13073	13074	13202	13201	13073
9	13074	13075	13203	13202	13074
9	13075	13076	13204	13203	13075
9	13076	13077	13205	13204	13076
9	13077	13078	13206	13205	13077
9	13078	13079	13207	13206	13078
9	13079	13080	13208	13207	13079
9	13080	13081	13209	13208	13080
9	13081	13082	13210	13209	13081
9	13082	13083	13211	13210	13082
9	13083	13084	13212	13211	13083
9	13084	13085	13213	13212	13084
9	13085	13086	13214	13213	13085
9	13086	13087	13215	13214	13086
9	13087	13088	13216	13215	13087
9	13088	13089	13217	13216	13088
9	13089	13090	13218	13217	13089
9	13090	13091	13219	13218	13090
9	13091	13092	13220	13219	13091
9	13092	13093	13221	13220	13092
9	13093	13094	13222	13221	13093
9	13094	13095	13223	13222	13094
9	13095	13096	13224	13223	13095
9	13096	13097	13225	13224	13096
9	13097	13098	13226	13225	13097
9	13098	13099	13227	13226	13098
9	13099	13100	13228	13227	13099
9	13100	13101	13229	13228	13100
9	13101	13102	13230	13229	13101
9	13102	13103	13231	13230	13102
9	13103	13104	13232	13231	13103
9	13104	13105	13233	13232	13104
9	13105	13106	13234	13233	13105
9	13106	13107	13235	13234	13106
9	13107	13108	13236	13235	13107
9	13108	13109	13237	13236	13108
9	13109	13110	13238	13237	13109
9	13110	13111	13239	13238	13110
9	13111	13112	13240	13239	13111
9	13112	13113	13241	13240	13112
9	13113	13114	13242	13241	13113
9	13114	13115	13243	13242	13114
9	13115	13116	13244	13243	13115
9	13116	13117	13245	13244	13116
9	13117	13118	13246	13245	13117
9	13118	13119	13247	13246	13118
9	13119	13120	13248	13247	13119
9	13120	13121	13249	13248	13120
9	13121	13122	13250	13249	13121
9	13122	13123	13251	13250	13122
9	13123	13124	13252	13251	13123
9	13124	13125	13253	13252	13124
9	13125	13126	13254	13253	13125
9	13126	13127	13255	13254	13126
9	13127	13128	13256	13255	13127
9	13128	13129	13257	13256	13128
9	13129	13130	13258	13257	13129
9	13130	13131	13259	13258	13130
9	13131	13132	13260	13259	13131
9	13132	13133	13261	13260	13132
9	13133	13134	13262	13261	13133
9	13134	13135	13263	13262	13134
9	13135	13136	13264	13263	13135
9	13136	13137	13265	13264	13136
9	13137	13138	13266	13265	13137
9	13138	13139	13267	13266	13138
9	13139	13140	13268	13267	13139
9	13140	13141	13269	13268	13140
9	13141	13142	13270	13269	13141
9	13142	13143	13271	13270	13142
9	13143	13144	13272	13271	13143
9	13144	13145	13273	13272	13144
9	13145	13146	13274	13273	13145
9	13146	13147	13275	13274	13146
9	13147	13148	13276	13275	13147
9	13148	13149	13277	13276	13148
9	13149	13150	13278	13277	13149
9	13150	13151	13279	13278	13150
9	13151	13152	13280	13279	13151
9	13152	13153	13281	13280	13152
9	13153	13154	13282	13281	13153
9	13154	13155	13283	13282	13154
9	13155	13156	13284	13283	13155
9	13156	13157	13285	13284	13156
9	13157	13158	13286	13285	13157
9	13158	13159	13287	13286	13158
9	13159	13160	13288	13287	13159
9	13160	13161	13289	13288	13160
9	13161	13162	13290	13289	13161
9	13162	13163	13291	13290	13162
9	13163	13164	13292	13291	13163
9	13164	13165	13293	13292	13164
9	13165	13166	13294	13293	13165
9	13166	13167	13295	13294	13166
9	13167	13168	13296	13295	13167
9	13168	13169	13297	13296	13168
9	13169	13170	13298	13297	13169
9	13170	13171	13299	13298	13170
9	13171	13172	13300	13299	13171
9	13172	13173	13301	13300	13172
9	13173	13174	13302	13301	13173
9	13174	13175	13303	13302	13174
9	13175	13176	13304	13303	13175
9	13176	13177	13305	13304	13176
9	13177	13178	13306	13305	13177
9	13178	13179	13307	13306	13178
9	13179	13180	13308	13307	13179
9	13180	13181	13309	13308	13180
9	13181	13182	13310	13309	13181
9	13182	13183	13311	13310	13182
9	13183	13056	13184	13311	13183
9	13184	13185	13313	13312	13184
9	13185	13186	13314	13313	13185
9	13186	13187	13315	13314	13186
9	13187	13188	13316	13315	13187
9	13188	13189	13317	13316	13188
9	13189	13190	13318	13317	13189
9	13190	13191	13319	13318	13190
9	13191	13192	13320	13319	13191
9	13192	13193	13321	13320	13192
9	13193	13194	13322	13321	13193
9	13194	13195	13323	13322	13194
9	13195	13196	13324	13323	13195
9	13196	13197	13325	13324	13196
9	13197	13198	13326	13325	13197
9	13198	13199	13327	13326	13198
9	13199	13200	13328	13327	13199
9	13200	13201	13329	13328	13200
9	13201	13202	13330	13329	13201
9	13202	13203	13331	13330	13202
9	13203	13204	13332	13331	13203
9	13204	13205	13333	13332	13204
9	13205	13206	13334	13333	13205
9	13206	13207	13335	13334	13206
9	13207	13208	13336	13335	13207
9	13208	13209	13337	13336	13208
9	13209	13210	13338	13337	13209
9	13210	13211	13339	13338	13210
9	13211	13212	13340	13339	13211
9	13212	13213	13341	13340	13212
9	13213	13214	13342	13341	13213
9	13214	13215	13343	13342	13214
9	13215	13216	13344	13343	13215
9	13216	13217	13345	13344	13216
9	13217	13218	13346	13345	13217
9	13218	13219	13347	13346	13218
9	13219	13220	13348	13347	13219
9	13220	13221	13349	13348	13220
9	13221	13222	13350	13349	13221
9	13222	13223	13351	13350	13222
9	13223	13224	13352	13351	13223
9	13224	13225	13353	13352	13224
9	13225	13226	13354	13353	13225
9	13226	13227	13355	13354	13226
9	13227	13228	13356	13355	13227
9	13228	13229	13357	13356	13228
9	13229	13230	13358	13357	13229
9	13230	13231	13359	13358	13230
9	13231	13232	13360	13359	13231
9	13232	13233	13361	13360	13232
9	13233	13234	13362	13361	13233
9	13234	13235	13363	13362	13234
9	13235	13236	13364	13363	13235
9	13236	13237	13365	13364	13236
9	13237	13238	13366	13365	13237
9	13238	13239	13367	13366	13238
9	13239	13240	13368	13367	13239
9	13240	13241	13369	13368	13240
9	13241	13242	13370	13369	13241
9	13242	13243	13371	13370	13242
9	13243	13244	13372	13371	13243
9	13244	13245	13373	13372	13244
9	13245	13246	13374	13373	13245
9	13246	13247	13375	13374	13246
9	13247	13248	13376	13375	13247
9	13248	13249	13377	13376	13248
9	13249	13250	13378	13377	13249
9	13250	13251	13379	13378	13250
9	13251	13252	13380	13379	13251
9	13252	13253	13381	13380	13252
9	13253	13254	13382	13381	13253
9	13254	13255	13383	13382	13254
9	13255	13256	13384	13383	13255
9	13256	13257	13385	13384	13256
9	13257	13258	13386	13385	13257
9	13258	13259	13387	13386	13258
9	13259	13260	13388	13387	13259
9	13260	13261	13389	13388	13260
9	13261	13262	13390	13389	13261
9	13262	13263	13391	13390	13262
9	13263	13264	13392	13391	13263
9	13264	13265	13393	13392	13264
9	13265	13266	13394	13393	13265
9	13266	13267	13395	13394	13266
9	13267	13268	13396	13395	13267
9	13268	13269	13397	13396	13268
9	13269	13270	13398	13397	13269
9	13270	13271	13399	13398	13270
9	13271	13272	13400	13399	13271
9	13272	13273	13401	13400	13272
9	13273	13274	13402	13401	13273
9	13274	13275	13403	13402	13274
9	13275	13276	13404	13403	13275
9	13276	13277	13405	13404	13276
9	13277	13278	13406	13405	13277
9	13278	13279	13407	13406	13278
9	13279	13280	13408	13407	13279
9	13280	13281	13409	13408	13280
9	13281	13282	13410	13409	13281
9	13282	13283	13411	13410	13282
9	13283	13284	13412	13411	13283
9	13284	13285	13413	13412	13284
9	13285	13286	13414	13413	13285
9	13286	13287	13415	13414	13286
9	13287	13288	13416	13415	13287
9	13288	13289	13417	13416	13288
9	13289	13290	13418	13417	13289
9	13290	13291	13419	13418	13290
9	13291	13292	13420	13419	13291
9	13292	13293	13421	13420	13292
9	13293	13294	13422	13421	13293
9	13294	13295	13423	13422	13294
9	13295	13296	13424	13423	13295
9	13296	13297	13425	13424	13296
9	13297	13298	13426	13425	13297
9	13298	13299	13427	13426	13298
9	13299	13300	13428	13427	13299
9	13300	13301	13429	13428	13300
9	13301	13302	13430	13429	13301
9	13302	13303	13431	13430	13302
9	13303	13304	13432	13431	13303
9	13304	13305	13433	13432	13304
9	13305	13306	13434	13433	13305
9	13306	13307	13435	13434	13306
9	13307	13308	13436	13435	13307
9	13308	13309	13437	13436	13308
9	13309	13310	13438	13437	13309
9	13310	13311	13439	13438	13310
9	13311	13184	13312	13439	13311
9	13312	13313	13441	13440	13312
9	13313	13314	13442	13441	13313
9	13314	13315	13443	13442	13314
9	13315	13316	13444	13443	13315
9	13316	13317	13445	13444	13316
9	13317	13318	13446	13445	13317
9	13318	13319	13447	13446	13318
9	13319	13320	13448	13447	13319
9	13320	13321	13449	13448	13320
9	13321	13322	13450	13449	13321
9	13322	13323	13451	13450	13322
9	13323	13324	13452	13451	13323
9	13324	13325	13453	13452	13324
9	13325	13326	13454	13453	13325
9	13326	13327	13455	13454	13326
9	13327	13328	13456	13455	13327
9	13328	13329	13457	13456	13328
9	13329	13330	13458	13457	13329
9	13330	13331	13459	13458	13330
9	13331	13332	13460	13459	13331
9	13332	13333	13461	13460	13332
9	13333	13334	13462	13461	13333
9	13334	13335	13463	13462	13334
9	13335	13336	13464	13463	13335
9	13336	13337	13465	13464	13336
9	13337	13338	13466	13465	13337
9	13338	13339	13467	13466	13338
9	13339	13340	13468	13467	13339
9	13340	13341	13469	13468	13340
9	13341	13342	13470	13469	13341
9	13342	13343	13471	13470	13342
9	13343	13344	13472	13471	13343
9	13344	13345	13473	13472	13344
9	13345	13346	13474	13473	13345
9	13346	13347	13475	13474	13346
9	13347	13348	13476	13475	13347
9	13348	13349	13477	13476	13348
9	13349	13350	13478	13477	13349
9	13350	13351	13479	13478	13350
9	13351	13352	13480	13479	13351
9	13352	13353	13481	13480	13352
9	13353	13354	13482	13481	13353
9	13354	13355	13483	13482	13354
9	13355	13356	13484	13483	13355
9	13356	13357	13485	13484	13356
9	13357	13358	13486	13485	13357
9	13358	13359	13487	13486	13358
9	13359	13360	13488	13487	13359
9	13360	13361	13489	13488	13360
9	13361	13362	13490	13489	13361
9	13362	13363	13491	13490	13362
9	13363	13364	13492	13491	13363
9	13364	13365	13493	13492	13364
9	13365	13366	13494	13493	13365
9	13366	13367	13495	13494	13366
9	13367	13368	13496	13495	13367
9	13368	13369	13497	13496	13368
9	13369	13370	13498	13497	13369
9	13370	13371	13499	13498	13370
9	13371	13372	13500	13499	13371
9	13372	13373	13501	13500	13372
9	13373	13374	13502	13501	13373
9	13374	13375	13503	13502	13374
9	13375	13376	13504	13503	13375
9	13376	13377	13505	13504	13376
9	13377	13378	13506	13505	13377
9	13378	13379	13507	13506	13378
9	13379	13380	13508	13507	13379
9	13380	13381	13509	13508	13380
9	13381	13382	13510	13509	13381
9	13382	13383	13511	13510	13382
9	13383	13384	13512	13511	13383
9	13384	13385	13513	13512	13384
9	13385	13386	13514	13513	13385
9	13386	13387	13515	13514	13386
9	13387	13388	13516	13515	13387
9	13388	13389	13517	13516	13388
9	13389	13390	13518	13517	13389
9	13390	13391	13519	13518	13390
9	13391	13392	13520	13519	13391
9	13392	13393	13521	13520	13392
9	13393	13394	13522	13521	13393
9	13394	13395	13523	13522	13394
9	13395	13396	13524	13523	13395
9	13396	13397	13525	13524	13396
9	13397	13398	13526	13525	13397
9	13398	13399	13527	13526	13398
9	13399	13400	13528	13527	13399
9	13400	13401	13529	13528	13400
9	13401	13402	13530	13529	13401
9	13402	13403	13531	13530	13402
9	13403	13404	13532	13531	13403
9	13404	13405	13533	13532	13404
9	13405	13406	13534	13533	13405
9	13406	13407	13535	13534	13406
9	13407	13408	13536	13535	13407
9	13408	13409	13537	13536	13408
9	13409	13410	13538	13537	13409
9	13410	13411	13539	13538	13410
9	13411	13412	13540	13539	13411
9	13412	13413	13541	13540	13412
9	13413	13414	13542	13541	13413
9	13414	13415	13543	13542	13414
9	13415	13416	13544	13543	13415
9	13416	13417	13545	13544	13416
9	13417	13418	13546	13545	13417
9	13418	13419	13547	13546	13418
9	13419	13420	13548	13547	13419
9	13420	13421	13549	13548	13420
9	13421	13422	13550	13549	13421
9	13422	13423	13551	13550	13422
9	13423	13424	13552	13551	13423
9	13424	13425	13553	13552	13424
9	13425	13426	13554	13553	13425
9	13426	13427	13555	13554	13426
9	13427	13428	13556	13555	13427
9	13428	13429	13557	13556	13428
9	13429	13430	13558	13557	13429
9	13430	13431	13559	13558	13430
9	13431	13432	13560	13559	13431
9	13432	13433	13561	13560	13432
9	13433	13434	13562	13561	13433
9	13434	13435	13563	13562	13434
9	13435	13436	13564	13563	13435
9	13436	13437	13565	13564	13436
9	13437	13438	13566	13565	13437
9	13438	13439	13567	13566	13438
9	13439	13312	13440	13567	13439
9	13440	13441	13569	13568	13440
9	13441	13442	13570	13569	13441
9	13442	13443	13571	13570	13442
9	13443	13444	13572	13571	13443
9	13444	13445	13573	13572	13444
9	13445	13446	13574	13573	13445
9	13446	13447	13575	13574	13446
9	13447	13448	13576	13575	13447
9	13448	13449	13577	13576	13448
9	13449	13450	13578	13577	13449
9	13450	13451	13579	13578	13450
9	13451	13452	13580	13579	13451
9	13452	13453	13581	13580	13452
9	13453	13454	13582	13581	13453
9	13454	13455	13583	13582	13454
9	13455	13456	13584	13583	13455
9	13456	13457	13585	13584	13456
9	13457	13458	13586	13585	13457
9	13458	13459	13587	13586	13458
9	13459	13460	13588	13587	13459
9	13460	13461	13589	13588	13460
9	13461	13462	13590	13589	13461
9	13462	13463	13591	13590	13462
9	13463	13464	13592	13591	13463
9	13464	13465	13593	13592	13464
9	13465	13466	13594	13593	13465
9	13466	13467	13595	13594	13466
9	13467	13468	13596	13595	13467
9	13468	13469	13597	13596	13468
9	13469	13470	13598	13597	13469
9	13470	13471	13599	13598	13470
9	13471	13472	13600	13599	13471
9	13472	13473	13601	13600	13472
9	13473	13474	13602	13601	13473
9	13474	13475	13603	13602	13474
9	13475	13476	13604	13603	13475
9	13476	13477	13605	13604	13476
9	13477	13478	13606	13605	13477
9	13478	13479	13607	13606	13478
9	13479	13480	13608	13607	13479
9	13480	13481	13609	13608	13480
9	13481	13482	13610	13609	13481
9	13482	13483	13611	13610	13482
9	13483	13484	13612	13611	13483
9	13484	13485	13613	13612	13484
9	13485	13486	13614	13613	13485
9	13486	13487	13615	13614	13486
9	13487	13488	13616	13615	13487
9	13488	13489	13617	13616	13488
9	13489	13490	13618	13617	13489
9	13490	13491	13619	13618	13490
9	13491	13492	13620	13619	13491
9	13492	13493	13621	13620	13492
9	13493	13494	13622	13621	13493
9	13494	13495	13623	13622	13494
9	13495	13496	13624	13623	13495
9	13496	13497	13625	13624	13496
9	13497	13498	13626	13625	13497
9	13498	13499	13627	13626	13498
9	13499	13500	13628	13627	13499
9	13500	13501	13629	13628	13500
9	13501	13502	13630	13629	13501
9	13502	13503	13631	13630	13502
9	13503	13504	13632	13631	13503
9	13504	13505	13633	13632	13504
9	13505	13506	13634	13633	13505
9	13506	13507	13635	13634	13506
9	13507	13508	13636	13635	13507
9	13508	13509	13637	13636	13508
9	13509	13510	13638	13637	13509
9	13510	13511	13639	13638	13510
9	13511	13512	13640	13639	13511
9	13512	13513	13641	13640	13512
9	13513	13514	13642	13641	13513
9	13514	13515	13643	13642	13514
9	13515	13516	13644	13643	13515
9	13516	13517	13645	13644	13516
9	13517	13518	13646	13645	13517
9	13518	13519	13647	13646	13518
9	13519	13520	13648	13647	13519
9	13520	13521	13649	13648	13520
9	13521	13522	13650	13649	13521
9	13522	13523	13651	13650	13522
9	13523	13524	13652	13651	13523
9	13524	13525	13653	13652	13524
9	13525	13526	13654	13653	13525
9	13526	13527	13655	13654	13526
9	13527	13528	13656	13655	13527
9	13528	13529	13657	13656	13528
9	13529	13530	13658	13657	13529
9	13530	13531	13659	13658	13530
9	13531	13532	13660	13659	13531
9	13532	13533	13661	13660	13532
9	13533	13534	13662	13661	13533
9	13534	13535	13663	13662	13534
9	13535	13536	13664	13663	13535
9	13536	13537	13665	13664	13536
9	13537	13538	13666	13665	13537
9	13538	13539	13667	13666	13538
9	13539	13540	13668	13667	13539
9	13540	13541	13669	13668	13540
9	13541	13542	13670	13669	13541
9	13542	13543	13671	13670	13542
9	13543	13544	13672	13671	13543
9	13544	13545	13673	13672	13544
9	13545	13546	13674	13673	13545
9	13546	13547	13675	13674	13546
9	13547	13548	13676	13675	13547
9	13548	13549	13677	13676	13548
9	13549	13550	13678	13677	13549
9	13550	13551	13679	13678	13550
9	13551	13552	13680	13679	13551
9	13552	13553	13681	13680	13552
9	13553	13554	13682	13681	13553
9	13554	13555	13683	13682	13554
9	13555	13556	13684	13683	13555
9	13556	13557	13685	13684	13556
9	13557	13558	13686	13685	13557
9	13558	13559	13687	13686	13558
9	13559	13560	13688	13687	13559
9	13560	13561	13689	13688	13560
9	13561	13562	13690	13689	13561
9	13562	13563	13691	13690	13562
9	13563	13564	13692	13691	13563
9	13564	13565	13693	13692	13564
9	13565	13566	13694	13693	13565
9	13566	13567	13695	13694	13566
9	13567	13440	13568	13695	13567
9	13568	13569	13697	13696	13568
9	13569	13570	13698	13697	13569
9	13570	13571	13699	13698	13570
9	13571	13572	13700	13699	13571
9	13572	13573	13701	13700	13572
9	13573	13574	13702	13701	13573
9	13574	13575	13703	13702	13574
9	13575	13576	13704	13703	13575
9	13576	13577	13705	13704	13576
9	13577	13578	13706	13705	13577
9	13578	13579	13707	13706	13578
9	13579	13580	13708	13707	13579
9	13580	13581	13709	13708	13580
9	13581	13582	13710	13709	13581
9	13582	13583	13711	13710	13582
9	13583	13584	13712	13711	13583
9	13584	13585	13713	13712	13584
9	13585	13586	13714	13713	13585
9	13586	13587	13715	13714	13586
9	13587	13588	13716	13715	13587
9	13588	13589	13717	13716	13588
9	13589	13590	13718	13717	13589
9	13590	13591	13719	13718	13590
9	13591	13592	13720	13719	13591
9	13592	13593	13721	13720	13592
9	13593	13594	13722	13721	13593
9	13594	13595	13723	13722	13594
9	13595	13596	13724	13723	13595
9	13596	13597	13725	13724	13596
9	13597	13598	13726	13725	13597
9	13598	13599	13727	13726	13598
9	13599	13600	13728	13727	13599
9	13600	13601	13729	13728	13600
9	13601	13602	13730	13729	13601
9	13602	13603	13731	13730	13602
9	13603	13604	13732	13731	13603
9	13604	13605	13733	13732	13604
9	13605	13606	13734	13733	13605
9	13606	13607	13735	13734	13606
9	13607	13608	13736	13735	13607
9	13608	13609	13737	13736	13608
9	13609	13610	13738	13737	13609
9	13610	13611	13739	13738	13610
9	13611	13612	13740	13739	13611
9	13612	13613	13741	13740	13612
9	13613	13614	13742	13741	13613
9	13614	13615	13743	13742	13614
9	13615	13616	13744	13743	13615
9	13616	13617	13745	13744	13616
9	13617	13618	13746	13745	13617
9	13618	13619	13747	13746	13618
9	13619	13620	13748	13747	13619
9	13620	13621	13749	13748	13620
9	13621	13622	13750	13749	13621
9	13622	13623	13751	13750	13622
9	13623	13624	13752	13751	13623
9	13624	13625	13753	13752	13624
9	13625	13626	13754	13753	13625
9	13626	13627	13755	13754	13626
9	13627	13628	13756	13755	13627
9	13628	13629	13757	13756	13628
9	13629	13630	13758	13757	13629
9	13630	13631	13759	13758	13630
9	13631	13632	13760	13759	13631
9	13632	13633	13761	13760	13632
9	13633	13634	13762	13761	13633
9	13634	13635	13763	13762	13634
9	13635	13636	13764	13763	13635
9	13636	13637	13765	13764	13636
9	13637	13638	13766	13765	13637
9	13638	13639	13767	13766	13638
9	13639	13640	13768	13767	13639
9	13640	13641	13769	13768	13640
9	13641	13642	13770	13769	13641
9	13642	13643	13771	13770	13642
9	13643	13644	13772	13771	13643
9	13644	13645	13773	13772	13644
9	13645	13646	13774	13773	13645
9	13646	13647	13775	13774	13646
9	13647	13648	13776	13775	13647
9	13648	13649	13777	13776	13648
9	13649	13650	13778	13777	13649
9	13650	13651	13779	13778	13650
9	13651	13652	13780	13779	13651
9	13652	13653	13781	13780	13652
9	13653	13654	13782	13781	13653
9	13654	13655	13783	13782	13654
9	13655	13656	13784	13783	13655
9	13656	13657	13785	13784	13656
9	13657	13658	13786	13785	13657
9	13658	13659	13787	13786	13658
9	13659	13660	13788	13787	13659
9	13660	13661	13789	13788	13660
9	13661	13662	13790	13789	13661
9	13662	13663	13791	13790	13662
9	13663	13664	13792	13791	13663
9	13664	13665	13793	13792	13664
9	13665	13666	13794	13793	13665
9	13666	13667	13795	13794	13666
9	13667	13668	13796	13795	13667
9	13668	13669	13797	13796	13668
9	13669	13670	13798	13797	13669
9	13670	13671	13799	13798	13670
9	13671	13672	13800	13799	13671
9	13672	13673	13801	13800	13672
9	13673	13674	13802	13801	13673
9	13674	13675	13803	13802	13674
9	13675	13676	13804	13803	13675
9	13676	13677	13805	13804	13676
9	13677	13678	13806	13805	13677
9	13678	13679	13807	13806	13678
9	13679	13680	13808	13807	13679
9	13680	13681	13809	13808	13680
9	13681	13682	13810	13809	13681
9	13682	13683	13811	13810	13682
9	13683	13684	13812	13811	13683
9	13684	13685	13813	13812	13684
9	13685	13686	13814	13813	13685
9	13686	13687	13815	13814	13686
9	13687	13688	13816	13815	13687
9	13688	13689	13817	13816	13688
9	13689	13690	13818	13817	13689
9	13690	13691	13819	13818	13690
9	13691	13692	13820	13819	13691
9	13692	13693	13821	13820	13692
9	13693	13694	13822	13821	13693
9	13694	13695	13823	13822	13694
9	13695	13568	13696	13823	13695
9	13696	13697	13825	13824	13696
9	13697	13698	13826	13825	13697
9	13698	13699	13827	13826	13698
9	13699	13700	13828	13827	13699
9	13700	13701	13829	13828	13700
9	13701	13702	13830	13829	13701
9	13702	13703	13831	13830	13702
9	13703	13704	13832	13831	13703
9	13704	13705	13833	13832	13704
9	13705	13706	13834	13833	13705
9	13706	13707	13835	13834	13706
9	13707	13708	13836	13835	13707
9	13708	13709	13837	13836	13708
9	13709	13710	13838	13837	13709
9	13710	13711	13839	13838	13710
9	13711	13712	13840	13839	13711
9	13712	13713	13841	13840	13712
9	13713	13714	13842	13841	13713
9	13714	13715	13843	13842	13714
9	13715	13716	13844	13843	13715
9	13716	13717	13845	13844	13716
9	13717	13718	13846	13845	13717
9	13718	13719	13847	13846	13718
9	13719	13720	13848	13847	13719
9	13720	13721	13849	13848	13720
9	13721	13722	13850	13849	13721
9	13722	13723	13851	13850	13722
9	13723	13724	13852	13851	13723
9	13724	13725	13853	13852	13724
9	13725	13726	13854	13853	13725
9	13726	13727	13855	13854	13726
9	13727	13728	13856	13855	13727
9	13728	13729	13857	13856	13728
9	13729	13730	13858	13857	13729
9	13730	13731	13859	13858	13730
9	13731	13732	13860	13859	13731
9	13732	13733	13861	13860	13732
9	13733	13734	13862	13861	13733
9	13734	13735	13863	13862	13734
9	13735	13736	13864	13863	13735
9	13736	13737	13865	13864	13736
9	13737	13738	13866	13865	13737
9	13738	13739	13867	13866	13738
9	13739	13740	13868	13867	13739
9	13740	13741	13869	13868	13740
9	13741	13742	13870	13869	13741
9	13742	13743	13871	13870	13742
9	13743	13744	13872	13871	13743
9	13744	13745	13873	13872	13744
9	13745	13746	13874	13873	13745
9	13746	13747	13875	13874	13746
9	13747	13748	13876	13875	13747
9	13748	13749	13877	13876	13748
9	13749	13750	13878	13877	13749
9	13750	13751	13879	13878	13750
9	13751	13752	13880	13879	13751
9	13752	13753	13881	13880	13752
9	13753	13754	13882	13881	13753
9	13754	13755	13883	13882	13754
9	13755	13756	13884	13883	13755
9	13756	13757	13885	13884	13756
9	13757	13758	13886	13885	13757
9	13758	13759	13887	13886	13758
9	13759	13760	13888	13887	13759
9	13760	13761	13889	13888	13760
9	13761	13762	13890	13889	13761
9	13762	13763	13891	13890	13762
9	13763	13764	13892	13891	13763
9	13764	13765	13893	13892	13764
9	13765	13766	13894	13893	13765
9	13766	13767	13895	13894	13766
9	13767	13768	13896	13895	13767
9	13768	13769	13897	13896	13768
9	13769	13770	13898	13897	13769
9	13770	13771	13899	13898	13770
9	13771	13772	13900	13899	13771
9	13772	13773	13901	13900	13772
9	13773	13774	13902	13901	13773
9	13774	13775	13903	13902	13774
9	13775	13776	13904	13903	13775
9	13776	13777	13905	13904	13776
9	13777	13778	13906	13905	13777
9	13778	13779	13907	13906	13778
9	13779	13780	13908	13907	13779
9	13780	13781	13909	13908	13780
9	13781	13782	13910	13909	13781
9	13782	13783	13911	13910	13782
9	13783	13784	13912	13911	13783
9	13784	13785	13913	13912	13784
9	13785	13786	13914	13913	13785
9	13786	13787	13915	13914	13786
9	13787	13788	13916	13915	13787
9	13788	13789	13917	13916	13788
9	13789	13790	13918	13917	13789
9	13790	13791	13919	13918	13790
9	13791	13792	13920	13919	13791
9	13792	13793	13921	13920	13792
9	13793	13794	13922	13921	13793
9	13794	13795	13923	13922	13794
9	13795	13796	13924	13923	13795
9	13796	13797	13925	13924	13796
9	13797	13798	13926	13925	13797
9	13798	13799	13927	13926	13798
9	13799	13800	13928	13927	13799
9	13800	13801	13929	13928	13800
9	13801	13802	13930	13929	13801
9	13802	13803	13931	13930	13802
9	13803	13804	13932	13931	13803
9	13804	13805	13933	13932	13804
9	13805	13806	13934	13933	13805
9	13806	13807	13935	13934	13806
9	13807	13808	13936	13935	13807
9	13808	13809	13937	13936	13808
9	13809	13810	13938	13937	13809
9	13810	13811	13939	13938	13810
9	13811	13812	13940	13939	13811
9	13812	13813	13941	13940	13812
9	13813	13814	13942	13941	13813
9	13814	13815	13943	13942	13814
9	13815	13816	13944	13943	13815
9	13816	13817	13945	13944	13816
9	13817	13818	13946	13945	13817
9	13818	13819	13947	13946	13818
9	13819	13820	13948	13947	13819
9	13820	13821	13949	13948	13820
9	13821	13822	13950	13949	13821
9	13822	13823	13951	13950	13822
9	13823	13696	13824	13951	13823
9	13824	13825	13953	13952	13824
9	13825	13826	13954	13953	13825
9	13826	13827	13955	13954	13826
9	13827	13828	13956	13955	13827
9	13828	13829	13957	13956	13828
9	13829	13830	13958	13957	13829
9	13830	13831	13959	13958	13830
9	13831	13832	13960	13959	13831
9	13832	13833	13961	13960	13832
9	13833	13834	13962	13961	13833
9	13834	13835	13963	13962	13834
9	13835	13836	13964	13963	13835
9	13836	13837	13965	13964	13836
9	13837	13838	13966	13965	13837
9	13838	13839	13967	13966	13838
9	13839	13840	13968	13967	13839
9	13840	13841	13969	13968	13840
9	13841	13842	13970	13969	13841
9	13842	13843	13971	13970	13842
9	13843	13844	13972	13971	13843
9	13844	13845	13973	13972	13844
9	13845	13846	13974	13973	13845
9	13846	13847	13975	13974	13846
9	13847	13848	13976	13975	13847
9	13848	13849	13977	13976	13848
9	13849	13850	13978	13977	13849
9	13850	13851	13979	13978	13850
9	13851	13852	13980	13979	13851
9	13852	13853	13981	13980	13852
9	13853	13854	13982	13981	13853
9	13854	13855	13983	13982	13854
9	13855	13856	13984	13983	13855
9	13856	13857	13985	13984	13856
9	13857	13858	13986	13985	13857
9	13858	13859	13987	13986	13858
9	13859	13860	13988	13987	13859
9	13860	13861	13989	13988	13860
9	13861	13862	13990	13989	13861
9	13862	13863	13991	13990	13862
9	13863	13864	13992	13991	13863
9	13864	13865	13993	13992	13864
9	13865	13866	13994	13993	13865
9	13866	13867	13995	13994	13866
9	13867	13868	13996	13995	13867
9	13868	13869	13997	13996	13868
9	13869	13870	13998	13997	13869
9	13870	13871	13999	13998	13870
9	13871	13872	14000	13999	13871
9	13872	13873	14001	14000	13872
9	13873	13874	14002	14001	13873
9	13874	13875	14003	14002	13874
9	13875	13876	14004	14003	13875
9	13876	13877	14005	14004	13876
9	13877	13878	14006	14005	13877
9	13878	13879	14007	14006	13878
9	13879	13880	14008	14007	13879
9	13880	13881	14009	14008	13880
9	13881	13882	14010	14009	13881
9	13882	13883	14011	14010	13882
9	13883	13884	14012	14011	13883
9	13884	13885	14013	14012	13884
9	13885	13886	14014	14013	13885
9	13886	13887	14015	14014	13886
9	13887	13888	14016	14015	13887
9	13888	13889	14017	14016	13888
9	13889	13890	14018	14017	13889
9	13890	13891	14019	14018	13890
9	13891	13892	14020	14019	13891
9	13892	13893	14021	14020	13892
9	13893	13894	14022	14021	13893
9	13894	13895	14023	14022	13894
9	13895	13896	14024	14023	13895
9	13896	13897	14025	14024	13896
9	13897	13898	14026	14025	13897
9	13898	13899	14027	14026	13898
9	13899	13900	14028	14027	13899
9	13900	13901	14029	14028	13900
9	13901	13902	14030	14029	13901
9	13902	13903	14031	14030	13902
9	13903	13904	14032	14031	13903
9	13904	13905	14033	14032	13904
9	13905	13906	14034	14033	13905
9	13906	13907	14035	14034	13906
9	13907	13908	14036	14035	13907
9	13908	13909	14037	14036	13908
9	13909	13910	14038	14037	13909
9	13910	13911	14039	14038	13910
9	13911	13912	14040	14039	13911
9	13912	13913	14041	14040	13912
9	13913	13914	14042	14041	13913
9	13914	13915	14043	14042	13914
9	13915	13916	14044	14043	13915
9	13916	13917	14045	14044	13916
9	13917	13918	14046	14045	13917
9	13918	13919	14047	14046	13918
9	13919	13920	14048	14047	13919
9	13920	13921	14049	14048	13920
9	13921	13922	14050	14049	13921
9	13922	13923	14051	14050	13922
9	13923	13924	14052	14051	13923
9	13924	13925	14053	14052	13924
9	13925	13926	14054	14053	13925
9	13926	13927	14055	14054	13926
9	13927	13928	14056	14055	13927
9	13928	13929	14057	14056	13928
9	13929	13930	14058	14057	13929
9	13930	13931	14059	14058	13930
9	13931	13932	14060	14059	13931
9	13932	13933	14061	14060	13932
9	13933	13934	14062	14061	13933
9	13934	13935	14063	14062	13934
9	13935	13936	14064	14063	13935
9	13936	13937	14065	14064	13936
9	13937	13938	14066	14065	13937
9	13938	13939	14067	14066	13938
9	13939	13940	14068	14067	13939
9	13940	13941	14069	14068	13940
9	13941	13942	14070	14069	13941
9	13942	13943	14071	14070	13942
9	13943	13944	14072	14071	13943
9	13944	13945	14073	14072	13944
9	13945	13946	14074	14073	13945
9	13946	13947	14075	14074	13946
9	13947	13948	14076	14075	13947
9	13948	13949	14077	14076	13948
9	13949	13950	14078	14077	13949
9	13950	13951	14079	14078	13950
9	13951	13824	13952	14079	13951
9	13952	13953	14081	14080	13952
9	13953	13954	14082	14081	13953
9	13954	13955	14083	14082	13954
9	13955	13956	14084	14083	13955
9	13956	13957	14085	14084	13956
9	13957	13958	14086	14085	13957
9	13958	13959	14087	14086	13958
9	13959	13960	14088	14087	13959
9	13960	13961	14089	14088	13960
9	13961	13962	14090	14089	13961
9	13962	13963	14091	14090	13962
9	13963	13964	14092	14091	13963
9	13964	13965	14093	14092	13964
9	13965	13966	14094	14093	13965
9	13966	13967	14095	14094	13966
9	13967	13968	14096	14095	13967
9	13968	13969	14097	14096	13968
9	13969	13970	14098	14097	13969
9	13970	13971	14099	14098	13970
9	13971	13972	14100	14099	13971
9	13972	13973	14101	14100	13972
9	13973	13974	14102	14101	13973
9	13974	13975	14103	14102	13974
9	13975	13976	14104	14103	13975
9	13976	13977	14105	14104	13976
9	13977	13978	14106	14105	13977
9	13978	13979	14107	14106	13978
9	13979	13980	14108	14107	13979
9	13980	13981	14109	14108	13980
9	13981	13982	14110	14109	13981
9	13982	13983	14111	14110	13982
9	13983	13984	14112	14111	13983
9	13984	13985	14113	14112	13984
9	13985	13986	14114	14113	13985
9	13986	13987	14115	14114	13986
9	13987	13988	14116	14115	13987
9	13988	13989	14117	14116	13988
9	13989	13990	14118	14117	13989
9	13990	13991	14119	14118	13990
9	13991	13992	14120	14119	13991
9	13992	13993	14121	14120	13992
9	13993	13994	14122	14121	13993
9	13994	13995	14123	14122	13994
9	13995	13996	14124	14123	13995
9	13996	13997	14125	14124	13996
9	13997	13998	14126	14125	13997
9	13998	13999	14127	14126	13998
9	13999	14000	14128	14127	13999
9	14000	14001	14129	14128	14000
9	14001	14002	14130	14129	14001
9	14002	14003	14131	14130	14002
9	14003	14004	14132	14131	14003
9	14004	14005	14133	14132	14004
9	14005	14006	14134	14133	14005
9	14006	14007	14135	14134	14006
9	14007	14008	14136	14135	14007
9	14008	14009	14137	14136	14008
9	14009	14010	14138	14137	14009
9	14010	14011	14139	14138	14010
9	14011	14012	14140	14139	14011
9	14012	14013	14141	14140	14012
9	14013	14014	14142	14141	14013
9	14014	14015	14143	14142	14014
9	14015	14016	14144	14143	14015
9	14016	14017	14145	14144	14016
9	14017	14018	14146	14145	14017
9	14018	14019	14147	14146	14018
9	14019	14020	14148	14147	14019
9	14020	14021	14149	14148	14020
9	14021	14022	14150	14149	14021
9	14022	14023	14151	14150	14022
9	14023	14024	14152	14151	14023
9	14024	14025	14153	14152	14024
9	14025	14026	14154	14153	14025
9	14026	14027	14155	14154	14026
9	14027	14028	14156	14155	14027
9	14028	14029	14157	14156	14028
9	14029	14030	14158	14157	14029
9	14030	14031	14159	14158	14030
9	14031	14032	14160	14159	14031
9	14032	14033	14161	14160	14032
9	14033	14034	14162	14161	14033
9	14034	14035	14163	14162	14034
9	14035	14036	14164	14163	14035
9	14036	14037	14165	14164	14036
9	14037	14038	14166	14165	14037
9	14038	14039	14167	14166	14038
9	14039	14040	14168	14167	14039
9	14040	14041	14169	14168	14040
9	14041	14042	14170	14169	14041
9	14042	14043	14171	14170	14042
9	14043	14044	14172	14171	14043
9	14044	14045	14173	14172	14044
9	14045	14046	14174	14173	14045
9	14046	14047	14175	14174	14046
9	14047	14048	14176	14175	14047
9	14048	14049	14177	14176	14048
9	14049	14050	14178	14177	14049
9	14050	14051	14179	14178	14050
9	14051	14052	14180	14179	14051
9	14052	14053	14181	14180	14052
9	14053	14054	14182	14181	14053
9	14054	14055	14183	14182	14054
9	14055	14056	14184	14183	14055
9	14056	14057	14185	14184	14056
9	14057	14058	14186	14185	14057
9	14058	14059	14187	14186	14058
9	14059	14060	14188	14187	14059
9	14060	14061	14189	14188	14060
9	14061	14062	14190	14189	14061
9	14062	14063	14191	14190	14062
9	14063	14064	14192	14191	14063
9	14064	14065	14193	14192	14064
9	14065	14066	14194	14193	14065
9	14066	14067	14195	14194	14066
9	14067	14068	14196	14195	14067
9	14068	14069	14197	14196	14068
9	14069	14070	14198	14197	14069
9	14070	14071	14199	14198	14070
9	14071	14072	14200	14199	14071
9	14072	14073	14201	14200	14072
9	14073	14074	14202	14201	14073
9	14074	14075	14203	14202	14074
9	14075	14076	14204	14203	14075
9	14076	14077	14205	14204	14076
9	14077	14078	14206	14205	14077
9	14078	14079	14207	14206	14078
9	14079	13952	14080	14207	14079
9	14080	14081	14209	14208	14080
9	14081	14082	14210	14209	14081
9	14082	14083	14211	14210	14082
9	14083	14084	14212	14211	14083
9	14084	14085	14213	14212	14084
9	14085	14086	14214	14213	14085
9	14086	14087	14215	14214	14086
9	14087	14088	14216	14215	14087
9	14088	14089	14217	14216	14088
9	14089	14090	14218	14217	14089
9	14090	14091	14219	14218	14090
9	14091	14092	14220	14219	14091
9	14092	14093	14221	14220	14092
9	14093	14094	14222	14221	14093
9	14094	14095	14223	14222	14094
9	14095	14096	14224	14223	14095
9	14096	14097	14225	14224	14096
9	14097	14098	14226	14225	14097
9	14098	14099	14227	14226	14098
9	14099	14100	14228	14227	14099
9	14100	14101	14229	14228	14100
9	14101	14102	14230	14229	14101
9	14102	14103	14231	14230	14102
9	14103	14104	14232	14231	14103
9	14104	14105	14233	14232	14104
9	14105	14106	14234	14233	14105
9	14106	14107	14235	14234	14106
9	14107	14108	14236	14235	14107
9	14108	14109	14237	14236	14108
9	14109	14110	14238	14237	14109
9	14110	14111	14239	14238	14110
9	14111	14112	14240	14239	14111
9	14112	14113	14241	14240	14112
9	14113	14114	14242	14241	14113
9	14114	14115	14243	14242	14114
9	14115	14116	14244	14243	14115
9	14116	14117	14245	14244	14116
9	14117	14118	14246	14245	14117
9	14118	14119	14247	14246	14118
9	14119	14120	14248	14247	14119
9	14120	14121	14249	14248	14120
9	14121	14122	14250	14249	14121
9	14122	14123	14251	14250	14122
9	14123	14124	14252	14251	14123
9	14124	14125	14253	14252	14124
9	14125	14126	14254	14253	14125
9	14126	14127	14255	14254	14126
9	14127	14128	14256	14255	14127
9	14128	14129	14257	14256	14128
9	14129	14130	14258	14257	14129
9	14130	14131	14259	14258	14130
9	14131	14132	14260	14259	14131
9	14132	14133	14261	14260	14132
9	14133	14134	14262	14261	14133
9	14134	14135	14263	14262	14134
9	14135	14136	14264	14263	14135
9	14136	14137	14265	14264	14136
9	14137	14138	14266	14265	14137
9	14138	14139	14267	14266	14138
9	14139	14140	14268	14267	14139
9	14140	14141	14269	14268	14140
9	14141	14142	14270	14269	14141
9	14142	14143	14271	14270	14142
9	14143	14144	14272	14271	14143
9	14144	14145	14273	14272	14144
9	14145	14146	14274	14273	14145
9	14146	14147	14275	14274	14146
9	14147	14148	14276	14275	14147
9	14148	14149	14277	14276	14148
9	14149	14150	14278	14277	14149
9	14150	14151	14279	14278	14150
9	14151	14152	14280	14279	14151
9	14152	14153	14281	14280	14152
9	14153	14154	14282	14281	14153
9	14154	14155	14283	14282	14154
9	14155	14156	14284	14283	14155
9	14156	14157	14285	14284	14156
9	14157	14158	14286	14285	14157
9	14158	14159	14287	14286	14158
9	14159	14160	14288	14287	14159
9	14160	14161	14289	14288	14160
9	14161	14162	14290	14289	14161
9	14162	14163	14291	14290	14162
9	14163	14164	14292	14291	14163
9	14164	14165	14293	14292	14164
9	14165	14166	14294	14293	14165
9	14166	14167	14295	14294	14166
9	14167	14168	14296	14295	14167
9	14168	14169	14297	14296	14168
9	14169	14170	14298	14297	14169
9	14170	14171	14299	14298	14170
9	14171	14172	14300	14299	14171
9	14172	14173	14301	14300	14172
9	14173	14174	14302	14301	14173
9	14174	14175	14303	14302	14174
9	14175	14176	14304	14303	14175
9	14176	14177	14305	14304	14176
9	14177	14178	14306	14305	14177
9	14178	14179	14307	14306	14178
9	14179	14180	14308	14307	14179
9	14180	14181	14309	14308	14180
9	14181	14182	14310	14309	14181
9	14182	14183	14311	14310	14182
9	14183	14184	14312	14311	14183
9	14184	14185	14313	14312	14184
9	14185	14186	14314	14313	14185
9	14186	14187	14315	14314	14186
9	14187	14188	14316	14315	14187
9	14188	14189	14317	14316	14188
9	14189	14190	14318	14317	14189
9	14190	14191	14319	14318	14190
9	14191	14192	14320	14319	14191
9	14192	14193	14321	14320	14192
9	14193	14194	14322	14321	14193
9	14194	14195	14323	14322	14194
9	14195	14196	14324	14323	14195
9	14196	14197	14325	14324	14196
9	14197	14198	14326	14325	14197
9	14198	14199	14327	14326	14198
9	14199	14200	14328	14327	14199
9	14200	14201	14329	14328	14200
9	14201	14202	14330	14329	14201
9	14202	14203	14331	14330	14202
9	14203	14204	14332	14331	14203
9	14204	14205	14333	14332	14204
9	14205	14206	14334	14333	14205
9	14206	14207	14335	14334	14206
9	14207	14080	14208	14335	14207
9	14208	14209	14337	14336	14208
9	14209	14210	14338	14337	14209
9	14210	14211	14339	14338	14210
9	14211	14212	14340	14339	14211
9	14212	14213	14341	14340	14212
9	14213	14214	14342	14341	14213
9	14214	14215	14343	14342	14214
9	14215	14216	14344	14343	14215
9	14216	14217	14345	14344	14216
9	14217	14218	14346	14345	14217
9	14218	14219	14347	14346	14218
9	14219	14220	14348	14347	14219
9	14220	14221	14349	14348	14220
9	14221	14222	14350	14349	14221
9	14222	14223	14351	14350	14222
9	14223	14224	14352	14351	14223
9	14224	14225	14353	14352	14224
9	14225	14226	14354	14353	14225
9	14226	14227	14355	14354	14226
9	14227	14228	14356	14355	14227
9	14228	14229	14357	14356	14228
9	14229	14230	14358	14357	14229
9	14230	14231	14359	14358	14230
9	14231	14232	14360	14359	14231
9	14232	14233	14361	14360	14232
9	14233	14234	14362	14361	14233
9	14234	14235	14363	14362	14234
9	14235	14236	14364	14363	14235
9	14236	14237	14365	14364	14236
9	14237	14238	14366	14365	14237
9	14238	14239	14367	14366	14238
9	14239	14240	14368	14367	14239
9	14240	14241	14369	14368	14240
9	14241	14242	14370	14369	14241
9	14242	14243	14371	14370	14242
9	14243	14244	14372	14371	14243
9	14244	14245	14373	14372	14244
9	14245	14246	14374	14373	14245
9	14246	14247	14375	14374	14246
9	14247	14248	14376	14375	14247
9	14248	14249	14377	14376	14248
9	14249	14250	14378	14377	14249
9	14250	14251	14379	14378	14250
9	14251	14252	14380	14379	14251
9	14252	14253	14381	14380	14252
9	14253	14254	14382	14381	14253
9	14254	14255	14383	14382	14254
9	14255	14256	14384	14383	14255
9	14256	14257	14385	14384	14256
9	14257	14258	14386	14385	14257
9	14258	14259	14387	14386	14258
9	14259	14260	14388	14387	14259
9	14260	14261	14389	14388	14260
9	14261	14262	14390	14389	14261
9	14262	14263	14391	14390	14262
9	14263	14264	14392	14391	14263
9	14264	14265	14393	14392	14264
9	14265	14266	14394	14393	14265
9	14266	14267	14395	14394	14266
9	14267	14268	14396	14395	14267
9	14268	14269	14397	14396	14268
9	14269	14270	14398	14397	14269
9	14270	14271	14399	14398	14270
9	14271	14272	14400	14399	14271
9	14272	14273	14401	14400	14272
9	14273	14274	14402	14401	14273
9	14274	14275	14403	14402	14274
9	14275	14276	14404	14403	14275
9	14276	14277	14405	14404	14276
9	14277	14278	14406	14405	14277
9	14278	14279	14407	14406	14278
9	14279	14280	14408	14407	14279
9	14280	14281	14409	14408	14280
9	14281	14282	14410	14409	14281
9	14282	14283	14411	14410	14282
9	14283	14284	14412	14411	14283
9	14284	14285	14413	14412	14284
9	14285	14286	14414	14413	14285
9	14286	14287	14415	14414	14286
9	14287	14288	14416	14415	14287
9	14288	14289	14417	14416	14288
9	14289	14290	14418	14417	14289
9	14290	14291	14419	14418	14290
9	14291	14292	14420	14419	14291
9	14292	14293	14421	14420	14292
9	14293	14294	14422	14421	14293
9	14294	14295	14423	14422	14294
9	14295	14296	14424	14423	14295
9	14296	14297	14425	14424	14296
9	14297	14298	14426	14425	14297
9	14298	14299	14427	14426	14298
9	14299	14300	14428	14427	14299
9	14300	14301	14429	14428	14300
9	14301	14302	14430	14429	14301
9	14302	14303	14431	14430	14302
9	14303	14304	14432	14431	14303
9	14304	14305	14433	14432	14304
9	14305	14306	14434	14433	14305
9	14306	14307	14435	14434	14306
9	14307	14308	14436	14435	14307
9	14308	14309	14437	14436	14308
9	14309	14310	14438	14437	14309
9	14310	14311	14439	14438	14310
9	14311	14312	14440	14439	14311
9	14312	14313	14441	14440	14312
9	14313	14314	14442	14441	14313
9	14314	14315	14443	14442	14314
9	14315	14316	14444	14443	14315
9	14316	14317	14445	14444	14316
9	14317	14318	14446	14445	14317
9	14318	14319	14447	14446	14318
9	14319	14320	14448	14447	14319
9	14320	14321	14449	14448	14320
9	14321	14322	14450	14449	14321
9	14322	14323	14451	14450	14322
9	14323	14324	14452	14451	14323
9	14324	14325	14453	14452	14324
9	14325	14326	14454	14453	14325
9	14326	14327	14455	14454	14326
9	14327	14328	14456	14455	14327
9	14328	14329	14457	14456	14328
9	14329	14330	14458	14457	14329
9	14330	14331	14459	14458	14330
9	14331	14332	14460	14459	14331
9	14332	14333	14461	14460	14332
9	14333	14334	14462	14461	14333
9	14334	14335	14463	14462	14334
9	14335	14208	14336	14463	14335
9	14336	14337	14465	14464	14336
9	14337	14338	14466	14465	14337
9	14338	14339	14467	14466	14338
9	14339	14340	14468	14467	14339
9	14340	14341	14469	14468	14340
9	14341	14342	14470	14469	14341
9	14342	14343	14471	14470	14342
9	14343	14344	14472	14471	14343
9	14344	14345	14473	14472	14344
9	14345	14346	14474	14473	14345
9	14346	14347	14475	14474	14346
9	14347	14348	14476	14475	14347
9	14348	14349	14477	14476	14348
9	14349	14350	14478	14477	14349
9	14350	14351	14479	14478	14350
9	14351	14352	14480	14479	14351
9	14352	14353	14481	14480	14352
9	14353	14354	14482	14481	14353
9	14354	14355	14483	14482	14354
9	14355	14356	14484	14483	14355
9	14356	14357	14485	14484	14356
9	14357	14358	14486	14485	14357
9	14358	14359	14487	14486	14358
9	14359	14360	14488	14487	14359
9	14360	14361	14489	14488	14360
9	14361	14362	14490	14489	14361
9	14362	14363	14491	14490	14362
9	14363	14364	14492	14491	14363
9	14364	14365	14493	14492	14364
9	14365	14366	14494	14493	14365
9	14366	14367	14495	14494	14366
9	14367	14368	14496	14495	14367
9	14368	14369	14497	14496	14368
9	14369	14370	14498	14497	14369
9	14370	14371	14499	14498	14370
9	14371	14372	14500	14499	14371
9	14372	14373	14501	14500	14372
9	14373	14374	14502	14501	14373
9	14374	14375	14503	14502	14374
9	14375	14376	14504	14503	14375
9	14376	14377	14505	14504	14376
9	14377	14378	14506	14505	14377
9	14378	14379	14507	14506	14378
9	14379	14380	14508	14507	14379
9	14380	14381	14509	14508	14380
9	14381	14382	14510	14509	14381
9	14382	14383	14511	14510	14382
9	14383	14384	14512	14511	14383
9	14384	14385	14513	14512	14384
9	14385	14386	14514	14513	14385
9	14386	14387	14515	14514	14386
9	14387	14388	14516	14515	14387
9	14388	14389	14517	14516	14388
9	14389	14390	14518	14517	14389
9	14390	14391	14519	14518	14390
9	14391	14392	14520	14519	14391
9	14392	14393	14521	14520	14392
9	14393	14394	14522	14521	14393
9	14394	14395	14523	14522	14394
9	14395	14396	14524	14523	14395
9	14396	14397	14525	14524	14396
9	14397	14398	14526	14525	14397
9	14398	14399	14527	14526	14398
9	14399	14400	14528	14527	14399
9	14400	14401	14529	14528	14400
9	14401	14402	14530	14529	14401
9	14402	14403	14531	14530	14402
9	14403	14404	14532	14531	14403
9	14404	14405	14533	14532	14404
9	14405	14406	14534	14533	14405
9	14406	14407	14535	14534	14406
9	14407	14408	14536	14535	14407
9	14408	14409	14537	14536	14408
9	14409	14410	14538	14537	14409
9	14410	14411	14539	14538	14410
9	14411	14412	14540	14539	14411
9	14412	14413	14541	14540	14412
9	14413	14414	14542	14541	14413
9	14414	14415	14543	14542	14414
9	14415	14416	14544	14543	14415
9	14416	14417	14545	14544	14416
9	14417	14418	14546	14545	14417
9	14418	14419	14547	14546	14418
9	14419	14420	14548	14547	14419
9	14420	14421	14549	14548	14420
9	14421	14422	14550	14549	14421
9	14422	14423	14551	14550	14422
9	14423	14424	14552	14551	14423
9	14424	14425	14553	14552	14424
9	14425	14426	14554	14553	14425
9	14426	14427	14555	14554	14426
9	14427	14428	14556	14555	14427
9	14428	14429	14557	14556	14428
9	14429	14430	14558	14557	14429
9	14430	14431	14559	14558	14430
9	14431	14432	14560	14559	14431
9	14432	14433	14561	14560	14432
9	14433	14434	14562	14561	14433
9	14434	14435	14563	14562	14434
9	14435	14436	14564	14563	14435
9	14436	14437	14565	14564	14436
9	14437	14438	14566	14565	14437
9	14438	14439	14567	14566	14438
9	14439	14440	14568	14567	14439
9	14440	14441	14569	14568	14440
9	14441	14442	14570	14569	14441
9	14442	14443	14571	14570	14442
9	14443	14444	14572	14571	14443
9	14444	14445	14573	14572	14444
9	14445	14446	14574	14573	14445
9	14446	14447	14575	14574	14446
9	14447	14448	14576	14575	14447
9	14448	14449	14577	14576	14448
9	14449	14450	14578	14577	14449
9	14450	14451	14579	14578	14450
9	14451	14452	14580	14579	14451
9	14452	14453	14581	14580	14452
9	14453	14454	14582	14581	14453
9	14454	14455	14583	14582	14454
9	14455	14456	14584	14583	14455
9	14456	14457	14585	14584	14456
9	14457	14458	14586	14585	14457
9	14458	14459	14587	14586	14458
9	14459	14460	14588	14587	14459
9	14460	14461	14589	14588	14460
9	14461	14462	14590	14589	14461
9	14462	14463	14591	14590	14462
9	14463	14336	14464	14591	14463
9	14464	14465	14593	14592	14464
9	14465	14466	14594	14593	14465
9	14466	14467	14595	14594	14466
9	14467	14468	14596	14595	14467
9	14468	14469	14597	14596	14468
9	14469	14470	14598	14597	14469
9	14470	14471	14599	14598	14470
9	14471	14472	14600	14599	14471
9	14472	14473	14601	14600	14472
9	14473	14474	14602	14601	14473
9	14474	14475	14603	14602	14474
9	14475	14476	14604	14603	14475
9	14476	14477	14605	14604	14476
9	14477	14478	14606	14605	14477
9	14478	14479	14607	14606	14478
9	14479	14480	14608	14607	14479
9	14480	14481	14609	14608	14480
9	14481	14482	14610	14609	14481
9	14482	14483	14611	14610	14482
9	14483	14484	14612	14611	14483
9	14484	14485	14613	14612	14484
9	14485	14486	14614	14613	14485
9	14486	14487	14615	14614	14486
9	14487	14488	14616	14615	14487
9	14488	14489	14617	14616	14488
9	14489	14490	14618	14617	14489
9	14490	14491	14619	14618	14490
9	14491	14492	14620	14619	14491
9	14492	14493	14621	14620	14492
9	14493	14494	14622	14621	14493
9	14494	14495	14623	14622	14494
9	14495	14496	14624	14623	14495
9	14496	14497	14625	14624	14496
9	14497	14498	14626	14625	14497
9	14498	14499	14627	14626	14498
9	14499	14500	14628	14627	14499
9	14500	14501	14629	14628	14500
9	14501	14502	14630	14629	14501
9	14502	14503	14631	14630	14502
9	14503	14504	14632	14631	14503
9	14504	14505	14633	14632	14504
9	14505	14506	14634	14633	14505
9	14506	14507	14635	14634	14506
9	14507	14508	14636	14635	14507
9	14508	14509	14637	14636	14508
9	14509	14510	14638	14637	14509
9	14510	14511	14639	14638	14510
9	14511	14512	14640	14639	14511
9	14512	14513	14641	14640	14512
9	14513	14514	14642	14641	14513
9	14514	14515	14643	14642	14514
9	14515	14516	14644	14643	14515
9	14516	14517	14645	14644	14516
9	14517	14518	14646	14645	14517
9	14518	14519	14647	14646	14518
9	14519	14520	14648	14647	14519
9	14520	14521	14649	14648	14520
9	14521	14522	14650	14649	14521
9	14522	14523	14651	14650	14522
9	14523	14524	14652	14651	14523
9	14524	14525	14653	14652	14524
9	14525	14526	14654	14653	14525
9	14526	14527	14655	14654	14526
9	14527	14528	14656	14655	14527
9	14528	14529	14657	14656	14528
9	14529	14530	14658	14657	14529
9	14530	14531	14659	14658	14530
9	14531	14532	14660	14659	14531
9	14532	14533	14661	14660	14532
9	14533	14534	14662	14661	14533
9	14534	14535	14663	14662	14534
9	14535	14536	14664	14663	14535
9	14536	14537	14665	14664	14536
9	14537	14538	14666	14665	14537
9	14538	14539	14667	14666	14538
9	14539	14540	14668	14667	14539
9	14540	14541	14669	14668	14540
9	14541	14542	14670	14669	14541
9	14542	14543	14671	14670	14542
9	14543	14544	14672	14671	14543
9	14544	14545	14673	14672	14544
9	14545	14546	14674	14673	14545
9	14546	14547	14675	14674	14546
9	14547	14548	14676	14675	14547
9	14548	14549	14677	14676	14548
9	14549	14550	14678	14677	14549
9	14550	14551	14679	14678	14550
9	14551	14552	14680	14679	14551
9	14552	14553	14681	14680	14552
9	14553	14554	14682	14681	14553
9	14554	14555	14683	14682	14554
9	14555	14556	14684	14683	14555
9	14556	14557	14685	14684	14556
9	14557	14558	14686	14685	14557
9	14558	14559	14687	14686	14558
9	14559	14560	14688	14687	14559
9	14560	14561	14689	14688	14560
9	14561	14562	14690	14689	14561
9	14562	14563	14691	14690	14562
9	14563	14564	14692	14691	14563
9	14564	14565	14693	14692	14564
9	14565	14566	14694	14693	14565
9	14566	14567	14695	14694	14566
9	14567	14568	14696	14695	14567
9	14568	14569	14697	14696	14568
9	14569	14570	14698	14697	14569
9	14570	14571	14699	14698	14570
9	14571	14572	14700	14699	14571
9	14572	14573	14701	14700	14572
9	14573	14574	14702	14701	14573
9	14574	14575	14703	14702	14574
9	14575	14576	14704	14703	14575
9	14576	14577	14705	14704	14576
9	14577	14578	14706	14705	14577
9	14578	14579	14707	14706	14578
9	14579	14580	14708	14707	14579
9	14580	14581	14709	14708	14580
9	14581	14582	14710	14709	14581
9	14582	14583	14711	14710	14582
9	14583	14584	14712	14711	14583
9	14584	14585	14713	14712	14584
9	14585	14586	14714	14713	14585
9	14586	14587	14715	14714	14586
9	14587	14588	14716	14715	14587
9	14588	14589	14717	14716	14588
9	14589	14590	14718	14717	14589
9	14590	14591	14719	14718	14590
9	14591	14464	14592	14719	14591
9	14592	14593	14721	14720	14592
9	14593	14594	14722	14721	14593
9	14594	14595	14723	14722	14594
9	14595	14596	14724	14723	14595
9	14596	14597	14725	14724	14596
9	14597	14598	14726	14725	14597
9	14598	14599	14727	14726	14598
9	14599	14600	14728	14727	14599
9	14600	14601	14729	14728	14600
9	14601	14602	14730	14729	14601
9	14602	14603	14731	14730	14602
9	14603	14604	14732	14731	14603
9	14604	14605	14733	14732	14604
9	14605	14606	14734	14733	14605
9	14606	14607	14735	14734	14606
9	14607	14608	14736	14735	14607
9	14608	14609	14737	14736	14608
9	14609	14610	14738	14737	14609
9	14610	14611	14739	14738	14610
9	14611	14612	14740	14739	14611
9	14612	14613	14741	14740	14612
9	14613	14614	14742	14741	14613
9	14614	14615	14743	14742	14614
9	14615	14616	14744	14743	14615
9	14616	14617	14745	14744	14616
9	14617	14618	14746	14745	14617
9	14618	14619	14747	14746	14618
9	14619	14620	14748	14747	14619
9	14620	14621	14749	14748	14620
9	14621	14622	14750	14749	14621
9	14622	14623	14751	14750	14622
9	14623	14624	14752	14751	14623
9	14624	14625	14753	14752	14624
9	14625	14626	14754	14753	14625
9	14626	14627	14755	14754	14626
9	14627	14628	14756	14755	14627
9	14628	14629	14757	14756	14628
9	14629	14630	14758	14757	14629
9	14630	14631	14759	14758	14630
9	14631	14632	14760	14759	14631
9	14632	14633	14761	14760	14632
9	14633	14634	14762	14761	14633
9	14634	14635	14763	14762	14634
9	14635	14636	14764	14763	14635
9	14636	14637	14765	14764	14636
9	14637	14638	14766	14765	14637
9	14638	14639	14767	14766	14638
9	14639	14640	14768	14767	14639
9	14640	14641	14769	14768	14640
9	14641	14642	14770	14769	14641
9	14642	14643	14771	14770	14642
9	14643	14644	14772	14771	14643
9	14644	14645	14773	14772	14644
9	14645	14646	14774	14773	14645
9	14646	14647	14775	14774	14646
9	14647	14648	14776	14775	14647
9	14648	14649	14777	14776	14648
9	14649	14650	14778	14777	14649
9	14650	14651	14779	14778	14650
9	14651	14652	14780	14779	14651
9	14652	14653	14781	14780	14652
9	14653	14654	14782	14781	14653
9	14654	14655	14783	14782	14654
9	14655	14656	14784	14783	14655
9	14656	14657	14785	14784	14656
9	14657	14658	14786	14785	14657
9	14658	14659	14787	14786	14658
9	14659	14660	14788	14787	14659
9	14660	14661	14789	14788	14660
9	14661	14662	14790	14789	14661
9	14662	14663	14791	14790	14662
9	14663	14664	14792	14791	14663
9	14664	14665	14793	14792	14664
9	14665	14666	14794	14793	14665
9	14666	14667	14795	14794	14666
9	14667	14668	14796	14795	14667
9	14668	14669	14797	14796	14668
9	14669	14670	14798	14797	14669
9	14670	14671	14799	14798	14670
9	14671	14672	14800	14799	14671
9	14672	14673	14801	14800	14672
9	14673	14674	14802	14801	14673
9	14674	14675	14803	14802	14674
9	14675	14676	14804	14803	14675
9	14676	14677	14805	14804	14676
9	14677	14678	14806	14805	14677
9	14678	14679	14807	14806	14678
9	14679	14680	14808	14807	14679
9	14680	14681	14809	14808	14680
9	14681	14682	14810	14809	14681
9	14682	14683	14811	14810	14682
9	14683	14684	14812	14811	14683
9	14684	14685	14813	14812	14684
9	14685	14686	14814	14813	14685
9	14686	14687	14815	14814	14686
9	14687	14688	14816	14815	14687
9	14688	14689	14817	14816	14688
9	14689	14690	14818	14817	14689
9	14690	14691	14819	14818	14690
9	14691	14692	14820	14819	14691
9	14692	14693	14821	14820	14692
9	14693	14694	14822	14821	14693
9	14694	14695	14823	14822	14694
9	14695	14696	14824	14823	14695
9	14696	14697	14825	14824	14696
9	14697	14698	14826	14825	14697
9	14698	14699	14827	14826	14698
9	14699	14700	14828	14827	14699
9	14700	14701	14829	14828	14700
9	14701	14702	14830	14829	14701
9	14702	14703	14831	14830	14702
9	14703	14704	14832	14831	14703
9	14704	14705	14833	14832	14704
9	14705	14706	14834	14833	14705
9	14706	14707	14835	14834	14706
9	14707	14708	14836	14835	14707
9	14708	14709	14837	14836	14708
9	14709	14710	14838	14837	14709
9	14710	14711	14839	14838	14710
9	14711	14712	14840	14839	14711
9	14712	14713	14841	14840	14712
9	14713	14714	14842	14841	14713
9	14714	14715	14843	14842	14714
9	14715	14716	14844	14843	14715
9	14716	14717	14845	14844	14716
9	14717	14718	14846	14845	14717
9	14718	14719	14847	14846	14718
9	14719	14592	14720	14847	14719
9	14720	14721	14849	14848	14720
9	14721	14722	14850	14849	14721
9	14722	14723	14851	14850	14722
9	14723	14724	14852	14851	14723
9	14724	14725	14853	14852	14724
9	14725	14726	14854	14853	14725
9	14726	14727	14855	14854	14726
9	14727	14728	14856	14855	14727
9	14728	14729	14857	14856	14728
9	14729	14730	14858	14857	14729
9	14730	14731	14859	14858	14730
9	14731	14732	14860	14859	14731
9	14732	14733	14861	14860	14732
9	14733	14734	14862	14861	14733
9	14734	14735	14863	14862	14734
9	14735	14736	14864	14863	14735
9	14736	14737	14865	14864	14736
9	14737	14738	14866	14865	14737
9	14738	14739	14867	14866	14738
9	14739	14740	14868	14867	14739
9	14740	14741	14869	14868	14740
9	14741	14742	14870	14869	14741
9	14742	14743	14871	14870	14742
9	14743	14744	14872	14871	14743
9	14744	14745	14873	14872	14744
9	14745	14746	14874	14873	14745
9	14746	14747	14875	14874	14746
9	14747	14748	14876	14875	14747
9	14748	14749	14877	14876	14748
9	14749	14750	14878	14877	14749
9	14750	14751	14879	14878	14750
9	14751	14752	14880	14879	14751
9	14752	14753	14881	14880	14752
9	14753	14754	14882	14881	14753
9	14754	14755	14883	14882	14754
9	14755	14756	14884	14883	14755
9	14756	14757	14885	14884	14756
9	14757	14758	14886	14885	14757
9	14758	14759	14887	14886	14758
9	14759	14760	14888	14887	14759
9	14760	14761	14889	14888	14760
9	14761	14762	14890	14889	14761
9	14762	14763	14891	14890	14762
9	14763	14764	14892	14891	14763
9	14764	14765	14893	14892	14764
9	14765	14766	14894	14893	14765
9	14766	14767	14895	14894	14766
9	14767	14768	14896	14895	14767
9	14768	14769	14897	14896	14768
9	14769	14770	14898	14897	14769
9	14770	14771	14899	14898	14770
9	14771	14772	14900	14899	14771
9	14772	14773	14901	14900	14772
9	14773	14774	14902	14901	14773
9	14774	14775	14903	14902	14774
9	14775	14776	14904	14903	14775
9	14776	14777	14905	14904	14776
9	14777	14778	14906	14905	14777
9	14778	14779	14907	14906	14778
9	14779	14780	14908	14907	14779
9	14780	14781	14909	14908	14780
9	14781	14782	14910	14909	14781
9	14782	14783	14911	14910	14782
9	14783	14784	14912	14911	14783
9	14784	14785	14913	14912	14784
9	14785	14786	14914	14913	14785
9	14786	14787	14915	14914	14786
9	14787	14788	14916	14915	14787
9	14788	14789	14917	14916	14788
9	14789	14790	14918	14917	14789
9	14790	14791	14919	14918	14790
9	14791	14792	14920	14919	14791
9	14792	14793	14921	14920	14792
9	14793	14794	14922	14921	14793
9	14794	14795	14923	14922	14794
9	14795	14796	14924	14923	14795
9	14796	14797	14925	14924	14796
9	14797	14798	14926	14925	14797
9	14798	14799	14927	14926	14798
9	14799	14800	14928	14927	14799
9	14800	14801	14929	14928	14800
9	14801	14802	14930	14929	14801
9	14802	14803	14931	14930	14802
9	14803	14804	14932	14931	14803
9	14804	14805	14933	14932	14804
9	14805	14806	14934	14933	14805
9	14806	14807	14935	14934	14806
9	14807	14808	14936	14935	14807
9	14808	14809	14937	14936	14808
9	14809	14810	14938	14937	14809
9	14810	14811	14939	14938	14810
9	14811	14812	14940	14939	14811
9	14812	14813	14941	14940	14812
9	14813	14814	14942	14941	14813
9	14814	14815	14943	14942	14814
9	14815	14816	14944	14943	14815
9	14816	14817	14945	14944	14816
9	14817	14818	14946	14945	14817
9	14818	14819	14947	14946	14818
9	14819	14820	14948	14947	14819
9	14820	14821	14949	14948	14820
9	14821	14822	14950	14949	14821
9	14822	14823	14951	14950	14822
9	14823	14824	14952	14951	14823
9	14824	14825	14953	14952	14824
9	14825	14826	14954	14953	14825
9	14826	14827	14955	14954	14826
9	14827	14828	14956	14955	14827
9	14828	14829	14957	14956	14828
9	14829	14830	14958	14957	14829
9	14830	14831	14959	14958	14830
9	14831	14832	14960	14959	14831
9	14832	14833	14961	14960	14832
9	14833	14834	14962	14961	14833
9	14834	14835	14963	14962	14834
9	14835	14836	14964	14963	14835
9	14836	14837	14965	14964	14836
9	14837	14838	14966	14965	14837
9	14838	14839	14967	14966	14838
9	14839	14840	14968	14967	14839
9	14840	14841	14969	14968	14840
9	14841	14842	14970	14969	14841
9	14842	14843	14971	14970	14842
9	14843	14844	14972	14971	14843
9	14844	14845	14973	14972	14844
9	14845	14846	14974	14973	14845
9	14846	14847	14975	14974	14846
9	14847	14720	14848	14975	14847
9	14848	14849	14977	14976	14848
9	14849	14850	14978	14977	14849
9	14850	14851	14979	14978	14850
9	14851	14852	14980	14979	14851
9	14852	14853	14981	14980	14852
9	14853	14854	14982	14981	14853
9	14854	14855	14983	14982	14854
9	14855	14856	14984	14983	14855
9	14856	14857	14985	14984	14856
9	14857	14858	14986	14985	14857
9	14858	14859	14987	14986	14858
9	14859	14860	14988	14987	14859
9	14860	14861	14989	14988	14860
9	14861	14862	14990	14989	14861
9	14862	14863	14991	14990	14862
9	14863	14864	14992	14991	14863
9	14864	14865	14993	14992	14864
9	14865	14866	14994	14993	14865
9	14866	14867	14995	14994	14866
9	14867	14868	14996	14995	14867
9	14868	14869	14997	14996	14868
9	14869	14870	14998	14997	14869
9	14870	14871	14999	14998	14870
9	14871	14872	15000	14999	14871
9	14872	14873	15001	15000	14872
9	14873	14874	15002	15001	14873
9	14874	14875	15003	15002	14874
9	14875	14876	15004	15003	14875
9	14876	14877	15005	15004	14876
9	14877	14878	15006	15005	14877
9	14878	14879	15007	15006	14878
9	14879	14880	15008	15007	14879
9	14880	14881	15009	15008	14880
9	14881	14882	15010	15009	14881
9	14882	14883	15011	15010	14882
9	14883	14884	15012	15011	14883
9	14884	14885	15013	15012	14884
9	14885	14886	15014	15013	14885
9	14886	14887	15015	15014	14886
9	14887	14888	15016	15015	14887
9	14888	14889	15017	15016	14888
9	14889	14890	15018	15017	14889
9	14890	14891	15019	15018	14890
9	14891	14892	15020	15019	14891
9	14892	14893	15021	15020	14892
9	14893	14894	15022	15021	14893
9	14894	14895	15023	15022	14894
9	14895	14896	15024	15023	14895
9	14896	14897	15025	15024	14896
9	14897	14898	15026	15025	14897
9	14898	14899	15027	15026	14898
9	14899	14900	15028	15027	14899
9	14900	14901	15029	15028	14900
9	14901	14902	15030	15029	14901
9	14902	14903	15031	15030	14902
9	14903	14904	15032	15031	14903
9	14904	14905	15033	15032	14904
9	14905	14906	15034	15033	14905
9	14906	14907	15035	15034	14906
9	14907	14908	15036	15035	14907
9	14908	14909	15037	15036	14908
9	14909	14910	15038	15037	14909
9	14910	14911	15039	15038	14910
9	14911	14912	15040	15039	14911
9	14912	14913	15041	15040	14912
9	14913	14914	15042	15041	14913
9	14914	14915	15043	15042	14914
9	14915	14916	15044	15043	14915
9	14916	14917	15045	15044	14916
9	14917	14918	15046	15045	14917
9	14918	14919	15047	15046	14918
9	14919	14920	15048	15047	14919
9	14920	14921	15049	15048	14920
9	14921	14922	15050	15049	14921
9	14922	14923	15051	15050	14922
9	14923	14924	15052	15051	14923
9	14924	14925	15053	15052	14924
9	14925	14926	15054	15053	14925
9	14926	14927	15055	15054	14926
9	14927	14928	15056	15055	14927
9	14928	14929	15057	15056	14928
9	14929	14930	15058	15057	14929
9	14930	14931	15059	15058	14930
9	14931	14932	15060	15059	14931
9	14932	14933	15061	15060	14932
9	14933	14934	15062	15061	14933
9	14934	14935	15063	15062	14934
9	14935	14936	15064	15063	14935
9	14936	14937	15065	15064	14936
9	14937	14938	15066	15065	14937
9	14938	14939	15067	15066	14938
9	14939	14940	15068	15067	14939
9	14940	14941	15069	15068	14940
9	14941	14942	15070	15069	14941
9	14942	14943	15071	15070	14942
9	14943	14944	15072	15071	14943
9	14944	14945	15073	15072	14944
9	14945	14946	15074	15073	14945
9	14946	14947	15075	15074	14946
9	14947	14948	15076	15075	14947
9	14948	14949	15077	15076	14948
9	14949	14950	15078	15077	14949
9	14950	14951	15079	15078	14950
9	14951	14952	15080	15079	14951
9	14952	14953	15081	15080	14952
9	14953	14954	15082	15081	14953
9	14954	14955	15083	15082	14954
9	14955	14956	15084	15083	14955
9	14956	14957	15085	15084	14956
9	14957	14958	15086	15085	14957
9	14958	14959	15087	15086	14958
9	14959	14960	15088	15087	14959
9	14960	14961	15089	15088	14960
9	14961	14962	15090	15089	14961
9	14962	14963	15091	15090	14962
9	14963	14964	15092	15091	14963
9	14964	14965	15093	15092	14964
9	14965	14966	15094	15093	14965
9	14966	14967	15095	15094	14966
9	14967	14968	15096	15095	14967
9	14968	14969	15097	15096	14968
9	14969	14970	15098	15097	14969
9	14970	14971	15099	15098	14970
9	14971	14972	15100	15099	14971
9	14972	14973	15101	15100	14972
9	14973	14974	15102	15101	14973
9	14974	14975	15103	15102	14974
9	14975	14848	14976	15103	14975
9	14976	14977	15105	15104	14976
9	14977	14978	15106	15105	14977
9	14978	14979	15107	15106	14978
9	14979	14980	15108	15107	14979
9	14980	14981	15109	15108	14980
9	14981	14982	15110	15109	14981
9	14982	14983	15111	15110	14982
9	14983	14984	15112	15111	14983
9	14984	14985	15113	15112	14984
9	14985	14986	15114	15113	14985
9	14986	14987	15115	15114	14986
9	14987	14988	15116	15115	14987
9	14988	14989	15117	15116	14988
9	14989	14990	15118	15117	14989
9	14990	14991	15119	15118	14990
9	14991	14992	15120	15119	14991
9	14992	14993	15121	15120	14992
9	14993	14994	15122	15121	14993
9	14994	14995	15123	15122	14994
9	14995	14996	15124	15123	14995
9	14996	14997	15125	15124	14996
9	14997	14998	15126	15125	14997
9	14998	14999	15127	15126	14998
9	14999	15000	15128	15127	14999
9	15000	15001	15129	15128	15000
9	15001	15002	15130	15129	15001
9	15002	15003	15131	15130	15002
9	15003	15004	15132	15131	15003
9	15004	15005	15133	15132	15004
9	15005	15006	15134	15133	15005
9	15006	15007	15135	15134	15006
9	15007	15008	15136	15135	15007
9	15008	15009	15137	15136	15008
9	15009	15010	15138	15137	15009
9	15010	15011	15139	15138	15010
9	15011	15012	15140	15139	15011
9	15012	15013	15141	15140	15012
9	15013	15014	15142	15141	15013
9	15014	15015	15143	15142	15014
9	15015	15016	15144	15143	15015
9	15016	15017	15145	15144	15016
9	15017	15018	15146	15145	15017
9	15018	15019	15147	15146	15018
9	15019	15020	15148	15147	15019
9	15020	15021	15149	15148	15020
9	15021	15022	15150	15149	15021
9	15022	15023	15151	15150	15022
9	15023	15024	15152	15151	15023
9	15024	15025	15153	15152	15024
9	15025	15026	15154	15153	15025
9	15026	15027	15155	15154	15026
9	15027	15028	15156	15155	15027
9	15028	15029	15157	15156	15028
9	15029	15030	15158	15157	15029
9	15030	15031	15159	15158	15030
9	15031	15032	15160	15159	15031
9	15032	15033	15161	15160	15032
9	15033	15034	15162	15161	15033
9	15034	15035	15163	15162	15034
9	15035	15036	15164	15163	15035
9	15036	15037	15165	15164	15036
9	15037	15038	15166	15165	15037
9	15038	15039	15167	15166	15038
9	15039	15040	15168	15167	15039
9	15040	15041	15169	15168	15040
9	15041	15042	15170	15169	15041
9	15042	15043	15171	15170	15042
9	15043	15044	15172	15171	15043
9	15044	15045	15173	15172	15044
9	15045	15046	15174	15173	15045
9	15046	15047	15175	15174	15046
9	15047	15048	15176	15175	15047
9	15048	15049	15177	15176	15048
9	15049	15050	15178	15177	15049
9	15050	15051	15179	15178	15050
9	15051	15052	15180	15179	15051
9	15052	15053	15181	15180	15052
9	15053	15054	15182	15181	15053
9	15054	15055	15183	15182	15054
9	15055	15056	15184	15183	15055
9	15056	15057	15185	15184	15056
9	15057	15058	15186	15185	15057
9	15058	15059	15187	15186	15058
9	15059	15060	15188	15187	15059
9	15060	15061	15189	15188	15060
9	15061	15062	15190	15189	15061
9	15062	15063	15191	15190	15062
9	15063	15064	15192	15191	15063
9	15064	15065	15193	15192	15064
9	15065	15066	15194	15193	15065
9	15066	15067	15195	15194	15066
9	15067	15068	15196	15195	15067
9	15068	15069	15197	15196	15068
9	15069	15070	15198	15197	15069
9	15070	15071	15199	15198	15070
9	15071	15072	15200	15199	15071
9	15072	15073	15201	15200	15072
9	15073	15074	15202	15201	15073
9	15074	15075	15203	15202	15074
9	15075	15076	15204	15203	15075
9	15076	15077	15205	15204	15076
9	15077	15078	15206	15205	15077
9	15078	15079	15207	15206	15078
9	15079	15080	15208	15207	15079
9	15080	15081	15209	15208	15080
9	15081	15082	15210	15209	15081
9	15082	15083	15211	15210	15082
9	15083	15084	15212	15211	15083
9	15084	15085	15213	15212	15084
9	15085	15086	15214	15213	15085
9	15086	15087	15215	15214	15086
9	15087	15088	15216	15215	15087
9	15088	15089	15217	15216	15088
9	15089	15090	15218	15217	15089
9	15090	15091	15219	15218	15090
9	15091	15092	15220	15219	15091
9	15092	15093	15221	15220	15092
9	15093	15094	15222	15221	15093
9	15094	15095	15223	15222	15094
9	15095	15096	15224	15223	15095
9	15096	15097	15225	15224	15096
9	15097	15098	15226	15225	15097
9	15098	15099	15227	15226	15098
9	15099	15100	15228	15227	15099
9	15100	15101	15229	15228	15100
9	15101	15102	15230	15229	15101
9	15102	15103	15231	15230	15102
9	15103	14976	15104	15231	15103
9	15104	15105	15233	15232	15104
9	15105	15106	15234	15233	15105
9	15106	15107	15235	15234	15106
9	15107	15108	15236	15235	15107
9	15108	15109	15237	15236	15108
9	15109	15110	15238	15237	15109
9	15110	15111	15239	15238	15110
9	15111	15112	15240	15239	15111
9	15112	15113	15241	15240	15112
9	15113	15114	15242	15241	15113
9	15114	15115	15243	15242	15114
9	15115	15116	15244	15243	15115
9	15116	15117	15245	15244	15116
9	15117	15118	15246	15245	15117
9	15118	15119	15247	15246	15118
9	15119	15120	15248	15247	15119
9	15120	15121	15249	15248	15120
9	15121	15122	15250	15249	15121
9	15122	15123	15251	15250	15122
9	15123	15124	15252	15251	15123
9	15124	15125	15253	15252	15124
9	15125	15126	15254	15253	15125
9	15126	15127	15255	15254	15126
9	15127	15128	15256	15255	15127
9	15128	15129	15257	15256	15128
9	15129	15130	15258	15257	15129
9	15130	15131	15259	15258	15130
9	15131	15132	15260	15259	15131
9	15132	15133	15261	15260	15132
9	15133	15134	15262	15261	15133
9	15134	15135	15263	15262	15134
9	15135	15136	15264	15263	15135
9	15136	15137	15265	15264	15136
9	15137	15138	15266	15265	15137
9	15138	15139	15267	15266	15138
9	15139	15140	15268	15267	15139
9	15140	15141	15269	15268	15140
9	15141	15142	15270	15269	15141
9	15142	15143	15271	15270	15142
9	15143	15144	15272	15271	15143
9	15144	15145	15273	15272	15144
9	15145	15146	15274	15273	15145
9	15146	15147	15275	15274	15146
9	15147	15148	15276	15275	15147
9	15148	15149	15277	15276	15148
9	15149	15150	15278	15277	15149
9	15150	15151	15279	15278	15150
9	15151	15152	15280	15279	15151
9	15152	15153	15281	15280	15152
9	15153	15154	15282	15281	15153
9	15154	15155	15283	15282	15154
9	15155	15156	15284	15283	15155
9	15156	15157	15285	15284	15156
9	15157	15158	15286	15285	15157
9	15158	15159	15287	15286	15158
9	15159	15160	15288	15287	15159
9	15160	15161	15289	15288	15160
9	15161	15162	15290	15289	15161
9	15162	15163	15291	15290	15162
9	15163	15164	15292	15291	15163
9	15164	15165	15293	15292	15164
9	15165	15166	15294	15293	15165
9	15166	15167	15295	15294	15166
9	15167	15168	15296	15295	15167
9	15168	15169	15297	15296	15168
9	15169	15170	15298	15297	15169
9	15170	15171	15299	15298	15170
9	15171	15172	15300	15299	15171
9	15172	15173	15301	15300	15172
9	15173	15174	15302	15301	15173
9	15174	15175	15303	15302	15174
9	15175	15176	15304	15303	15175
9	15176	15177	15305	15304	15176
9	15177	15178	15306	15305	15177
9	15178	15179	15307	15306	15178
9	15179	15180	15308	15307	15179
9	15180	15181	15309	15308	15180
9	15181	15182	15310	15309	15181
9	15182	15183	15311	15310	15182
9	15183	15184	15312	15311	15183
9	15184	15185	15313	15312	15184
9	15185	15186	15314	15313	15185
9	15186	15187	15315	15314	15186
9	15187	15188	15316	15315	15187
9	15188	15189	15317	15316	15188
9	15189	15190	15318	15317	15189
9	15190	15191	15319	15318	15190
9	15191	15192	15320	15319	15191
9	15192	15193	15321	15320	15192
9	15193	15194	15322	15321	15193
9	15194	15195	15323	15322	15194
9	15195	15196	15324	15323	15195
9	15196	15197	15325	15324	15196
9	15197	15198	15326	15325	15197
9	15198	15199	15327	15326	15198
9	15199	15200	15328	15327	15199
9	15200	15201	15329	15328	15200
9	15201	15202	15330	15329	15201
9	15202	15203	15331	15330	15202
9	15203	15204	15332	15331	15203
9	15204	15205	15333	15332	15204
9	15205	15206	15334	15333	15205
9	15206	15207	15335	15334	15206
9	15207	15208	15336	15335	15207
9	15208	15209	15337	15336	15208
9	15209	15210	15338	15337	15209
9	15210	15211	15339	15338	15210
9	15211	15212	15340	15339	15211
9	15212	15213	15341	15340	15212
9	15213	15214	15342	15341	15213
9	15214	15215	15343	15342	15214
9	15215	15216	15344	15343	15215
9	15216	15217	15345	15344	15216
9	15217	15218	15346	15345	15217
9	15218	15219	15347	15346	15218
9	15219	15220	15348	15347	15219
9	15220	15221	15349	15348	15220
9	15221	15222	15350	15349	15221
9	15222	15223	15351	15350	15222
9	15223	15224	15352	15351	15223
9	15224	15225	15353	15352	15224
9	15225	15226	15354	15353	15225
9	15226	15227	15355	15354	15226
9	15227	15228	15356	15355	15227
9	15228	15229	15357	15356	15228
9	15229	15230	15358	15357	15229
9	15230	15231	15359	15358	15230
9	15231	15104	15232	15359	15231
9	15232	15233	15361	15360	15232
9	15233	15234	15362	15361	15233
9	15234	15235	15363	15362	15234
9	15235	15236	15364	15363	15235
9	15236	15237	15365	15364	15236
9	15237	15238	15366	15365	15237
9	15238	15239	15367	15366	15238
9	15239	15240	15368	15367	15239
9	15240	15241	15369	15368	15240
9	15241	15242	15370	15369	15241
9	15242	15243	15371	15370	15242
9	15243	15244	15372	15371	15243
9	15244	15245	15373	15372	15244
9	15245	15246	15374	15373	15245
9	15246	15247	15375	15374	15246
9	15247	15248	15376	15375	15247
9	15248	15249	15377	15376	15248
9	15249	15250	15378	15377	15249
9	15250	15251	15379	15378	15250
9	15251	15252	15380	15379	15251
9	15252	15253	15381	15380	15252
9	15253	15254	15382	15381	15253
9	15254	15255	15383	15382	15254
9	15255	15256	15384	15383	15255
9	15256	15257	15385	15384	15256
9	15257	15258	15386	15385	15257
9	15258	15259	15387	15386	15258
9	15259	15260	15388	15387	15259
9	15260	15261	15389	15388	15260
9	15261	15262	15390	15389	15261
9	15262	15263	15391	15390	15262
9	15263	15264	15392	15391	15263
9	15264	15265	15393	15392	15264
9	15265	15266	15394	15393	15265
9	15266	15267	15395	15394	15266
9	15267	15268	15396	15395	15267
9	15268	15269	15397	15396	15268
9	15269	15270	15398	15397	15269
9	15270	15271	15399	15398	15270
9	15271	15272	15400	15399	15271
9	15272	15273	15401	15400	15272
9	15273	15274	15402	15401	15273
9	15274	15275	15403	15402	15274
9	15275	15276	15404	15403	15275
9	15276	15277	15405	15404	15276
9	15277	15278	15406	15405	15277
9	15278	15279	15407	15406	15278
9	15279	15280	15408	15407	15279
9	15280	15281	15409	15408	15280
9	15281	15282	15410	15409	15281
9	15282	15283	15411	15410	15282
9	15283	15284	15412	15411	15283
9	15284	15285	15413	15412	15284
9	15285	15286	15414	15413	15285
9	15286	15287	15415	15414	15286
9	15287	15288	15416	15415	15287
9	15288	15289	15417	15416	15288
9	15289	15290	15418	15417	15289
9	15290	15291	15419	15418	15290
9	15291	15292	15420	15419	15291
9	15292	15293	15421	15420	15292
9	15293	15294	15422	15421	15293
9	15294	15295	15423	15422	15294
9	15295	15296	15424	15423	15295
9	15296	15297	15425	15424	15296
9	15297	15298	15426	15425	15297
9	15298	15299	15427	15426	15298
9	15299	15300	15428	15427	15299
9	15300	15301	15429	15428	15300
9	15301	15302	15430	15429	15301
9	15302	15303	15431	15430	15302
9	15303	15304	15432	15431	15303
9	15304	15305	15433	15432	15304
9	15305	15306	15434	15433	15305
9	15306	15307	15435	15434	15306
9	15307	15308	15436	15435	15307
9	15308	15309	15437	15436	15308
9	15309	15310	15438	15437	15309
9	15310	15311	15439	15438	15310
9	15311	15312	15440	15439	15311
9	15312	15313	15441	15440	15312
9	15313	15314	15442	15441	15313
9	15314	15315	15443	15442	15314
9	15315	15316	15444	15443	15315
9	15316	15317	15445	15444	15316
9	15317	15318	15446	15445	15317
9	15318	15319	15447	15446	15318
9	15319	15320	15448	15447	15319
9	15320	15321	15449	15448	15320
9	15321	15322	15450	15449	15321
9	15322	15323	15451	15450	15322
9	15323	15324	15452	15451	15323
9	15324	15325	15453	15452	15324
9	15325	15326	15454	15453	15325
9	15326	15327	15455	15454	15326
9	15327	15328	15456	15455	15327
9	15328	15329	15457	15456	15328
9	15329	15330	15458	15457	15329
9	15330	15331	15459	15458	15330
9	15331	15332	15460	15459	15331
9	15332	15333	15461	15460	15332
9	15333	15334	15462	15461	15333
9	15334	15335	15463	15462	15334
9	15335	15336	15464	15463	15335
9	15336	15337	15465	15464	15336
9	15337	15338	15466	15465	15337
9	15338	15339	15467	15466	15338
9	15339	15340	15468	15467	15339
9	15340	15341	15469	15468	15340
9	15341	15342	15470	15469	15341
9	15342	15343	15471	15470	15342
9	15343	15344	15472	15471	15343
9	15344	15345	15473	15472	15344
9	15345	15346	15474	15473	15345
9	15346	15347	15475	15474	15346
9	15347	15348	15476	15475	15347
9	15348	15349	15477	15476	15348
9	15349	15350	15478	15477	15349
9	15350	15351	15479	15478	15350
9	15351	15352	15480	15479	15351
9	15352	15353	15481	15480	15352
9	15353	15354	15482	15481	15353
9	15354	15355	15483	15482	15354
9	15355	15356	15484	15483	15355
9	15356	15357	15485	15484	15356
9	15357	15358	15486	15485	15357
9	15358	15359	15487	15486	15358
9	15359	15232	15360	15487	15359
9	15360	15361	15489	15488	15360
9	15361	15362	15490	15489	15361
9	15362	15363	15491	15490	15362
9	15363	15364	15492	15491	15363
9	15364	15365	15493	15492	15364
9	15365	15366	15494	15493	15365
9	15366	15367	15495	15494	15366
9	15367	15368	15496	15495	15367
9	15368	15369	15497	15496	15368
9	15369	15370	15498	15497	15369
9	15370	15371	15499	15498	15370
9	15371	15372	15500	15499	15371
9	15372	15373	15501	15500	15372
9	15373	15374	15502	15501	15373
9	15374	15375	15503	15502	15374
9	15375	15376	15504	15503	15375
9	15376	15377	15505	15504	15376
9	15377	15378	15506	15505	15377
9	15378	15379	15507	15506	15378
9	15379	15380	15508	15507	15379
9	15380	15381	15509	15508	15380
9	15381	15382	15510	15509	15381
9	15382	15383	15511	15510	15382
9	15383	15384	15512	15511	15383
9	15384	15385	15513	15512	15384
9	15385	15386	15514	15513	15385
9	15386	15387	15515	15514	15386
9	15387	15388	15516	15515	15387
9	15388	15389	15517	15516	15388
9	15389	15390	15518	15517	15389
9	15390	15391	15519	15518	15390
9	15391	15392	15520	15519	15391
9	15392	15393	15521	15520	15392
9	15393	15394	15522	15521	15393
9	15394	15395	15523	15522	15394
9	15395	15396	15524	15523	15395
9	15396	15397	15525	15524	15396
9	15397	15398	15526	15525	15397
9	15398	15399	15527	15526	15398
9	15399	15400	15528	15527	15399
9	15400	15401	15529	15528	15400
9	15401	15402	15530	15529	15401
9	15402	15403	15531	15530	15402
9	15403	15404	15532	15531	15403
9	15404	15405	15533	15532	15404
9	15405	15406	15534	15533	15405
9	15406	15407	15535	15534	15406
9	15407	15408	15536	15535	15407
9	15408	15409	15537	15536	15408
9	15409	15410	15538	15537	15409
9	15410	15411	15539	15538	15410
9	15411	15412	15540	15539	15411
9	15412	15413	15541	15540	15412
9	15413	15414	15542	15541	15413
9	15414	15415	15543	15542	15414
9	15415	15416	15544	15543	15415
9	15416	15417	15545	15544	15416
9	15417	15418	15546	15545	15417
9	15418	15419	15547	15546	15418
9	15419	15420	15548	15547	15419
9	15420	15421	15549	15548	15420
9	15421	15422	15550	15549	15421
9	15422	15423	15551	15550	15422
9	15423	15424	15552	15551	15423
9	15424	15425	15553	15552	15424
9	15425	15426	15554	15553	15425
9	15426	15427	15555	15554	15426
9	15427	15428	15556	15555	15427
9	15428	15429	15557	15556	15428
9	15429	15430	15558	15557	15429
9	15430	15431	15559	15558	15430
9	15431	15432	15560	15559	15431
9	15432	15433	15561	15560	15432
9	15433	15434	15562	15561	15433
9	15434	15435	15563	15562	15434
9	15435	15436	15564	15563	15435
9	15436	15437	15565	15564	15436
9	15437	15438	15566	15565	15437
9	15438	15439	15567	15566	15438
9	15439	15440	15568	15567	15439
9	15440	15441	15569	15568	15440
9	15441	15442	15570	15569	15441
9	15442	15443	15571	15570	15442
9	15443	15444	15572	15571	15443
9	15444	15445	15573	15572	15444
9	15445	15446	15574	15573	15445
9	15446	15447	15575	15574	15446
9	15447	15448	15576	15575	15447
9	15448	15449	15577	15576	15448
9	15449	15450	15578	15577	15449
9	15450	15451	15579	15578	15450
9	15451	15452	15580	15579	15451
9	15452	15453	15581	15580	15452
9	15453	15454	15582	15581	15453
9	15454	15455	15583	15582	15454
9	15455	15456	15584	15583	15455
9	15456	15457	15585	15584	15456
9	15457	15458	15586	15585	15457
9	15458	15459	15587	15586	15458
9	15459	15460	15588	15587	15459
9	15460	15461	15589	15588	15460
9	15461	15462	15590	15589	15461
9	15462	15463	15591	15590	15462
9	15463	15464	15592	15591	15463
9	15464	15465	15593	15592	15464
9	15465	15466	15594	15593	15465
9	15466	15467	15595	15594	15466
9	15467	15468	15596	15595	15467
9	15468	15469	15597	15596	15468
9	15469	15470	15598	15597	15469
9	15470	15471	15599	15598	15470
9	15471	15472	15600	15599	15471
9	15472	15473	15601	15600	15472
9	15473	15474	15602	15601	15473
9	15474	15475	15603	15602	15474
9	15475	15476	15604	15603	15475
9	15476	15477	15605	15604	15476
9	15477	15478	15606	15605	15477
9	15478	15479	15607	15606	15478
9	15479	15480	15608	15607	15479
9	15480	15481	15609	15608	15480
9	15481	15482	15610	15609	15481
9	15482	15483	15611	15610	15482
9	15483	15484	15612	15611	15483
9	15484	15485	15613	15612	15484
9	15485	15486	15614	15613	15485
9	15486	15487	15615	15614	15486
9	15487	15360	15488	15615	15487
9	15488	15489	15617	15616	15488
9	15489	15490	15618	15617	15489
9	15490	15491	15619	15618	15490
9	15491	15492	15620	15619	15491
9	15492	15493	15621	15620	15492
9	15493	15494	15622	15621	15493
9	15494	15495	15623	15622	15494
9	15495	15496	15624	15623	15495
9	15496	15497	15625	15624	15496
9	15497	15498	15626	15625	15497
9	15498	15499	15627	15626	15498
9	15499	15500	15628	15627	15499
9	15500	15501	15629	15628	15500
9	15501	15502	15630	15629	15501
9	15502	15503	15631	15630	15502
9	15503	15504	15632	15631	15503
9	15504	15505	15633	15632	15504
9	15505	15506	15634	15633	15505
9	15506	15507	15635	15634	15506
9	15507	15508	15636	15635	15507
9	15508	15509	15637	15636	15508
9	15509	15510	15638	15637	15509
9	15510	15511	15639	15638	15510
9	15511	15512	15640	15639	15511
9	15512	15513	15641	15640	15512
9	15513	15514	15642	15641	15513
9	15514	15515	15643	15642	15514
9	15515	15516	15644	15643	15515
9	15516	15517	15645	15644	15516
9	15517	15518	15646	15645	15517
9	15518	15519	15647	15646	15518
9	15519	15520	15648	15647	15519
9	15520	15521	15649	15648	15520
9	15521	15522	15650	15649	15521
9	15522	15523	15651	15650	15522
9	15523	15524	15652	15651	15523
9	15524	15525	15653	15652	15524
9	15525	15526	15654	15653	15525
9	15526	15527	15655	15654	15526
9	15527	15528	15656	15655	15527
9	15528	15529	15657	15656	15528
9	15529	15530	15658	15657	15529
9	15530	15531	15659	15658	15530
9	15531	15532	15660	15659	15531
9	15532	15533	15661	15660	15532
9	15533	15534	15662	15661	15533
9	15534	15535	15663	15662	15534
9	15535	15536	15664	15663	15535
9	15536	15537	15665	15664	15536
9	15537	15538	15666	15665	15537
9	15538	15539	15667	15666	15538
9	15539	15540	15668	15667	15539
9	15540	15541	15669	15668	15540
9	15541	15542	15670	15669	15541
9	15542	15543	15671	15670	15542
9	15543	15544	15672	15671	15543
9	15544	15545	15673	15672	15544
9	15545	15546	15674	15673	15545
9	15546	15547	15675	15674	15546
9	15547	15548	15676	15675	15547
9	15548	15549	15677	15676	15548
9	15549	15550	15678	15677	15549
9	15550	15551	15679	15678	15550
9	15551	15552	15680	15679	15551
9	15552	15553	15681	15680	15552
9	15553	15554	15682	15681	15553
9	15554	15555	15683	15682	15554
9	15555	15556	15684	15683	15555
9	15556	15557	15685	15684	15556
9	15557	15558	15686	15685	15557
9	15558	15559	15687	15686	15558
9	15559	15560	15688	15687	15559
9	15560	15561	15689	15688	15560
9	15561	15562	15690	15689	15561
9	15562	15563	15691	15690	15562
9	15563	15564	15692	15691	15563
9	15564	15565	15693	15692	15564
9	15565	15566	15694	15693	15565
9	15566	15567	15695	15694	15566
9	15567	15568	15696	15695	15567
9	15568	15569	15697	15696	15568
9	15569	15570	15698	15697	15569
9	15570	15571	15699	15698	15570
9	15571	15572	15700	15699	15571
9	15572	15573	15701	15700	15572
9	15573	15574	15702	15701	15573
9	15574	15575	15703	15702	15574
9	15575	15576	15704	15703	15575
9	15576	15577	15705	15704	15576
9	15577	15578	15706	15705	15577
9	15578	15579	15707	15706	15578
9	15579	15580	15708	15707	15579
9	15580	15581	15709	15708	15580
9	15581	15582	15710	15709	15581
9	15582	15583	15711	15710	15582
9	15583	15584	15712	15711	15583
9	15584	15585	15713	15712	15584
9	15585	15586	15714	15713	15585
9	15586	15587	15715	15714	15586
9	15587	15588	15716	15715	15587
9	15588	15589	15717	15716	15588
9	15589	15590	15718	15717	15589
9	15590	15591	15719	15718	15590
9	15591	15592	15720	15719	15591
9	15592	15593	15721	15720	15592
9	15593	15594	15722	15721	15593
9	15594	15595	15723	15722	15594
9	15595	15596	15724	15723	15595
9	15596	15597	15725	15724	15596
9	15597	15598	15726	15725	15597
9	15598	15599	15727	15726	15598
9	15599	15600	15728	15727	15599
9	15600	15601	15729	15728	15600
9	15601	15602	15730	15729	15601
9	15602	15603	15731	15730	15602
9	15603	15604	15732	15731	15603
9	15604	15605	15733	15732	15604
9	15605	15606	15734	15733	15605
9	15606	15607	15735	15734	15606
9	15607	15608	15736	15735	15607
9	15608	15609	15737	15736	15608
9	15609	15610	15738	15737	15609
9	15610	15611	15739	15738	15610
9	15611	15612	15740	15739	15611
9	15612	15613	15741	15740	15612
9	15613	15614	15742	15741	15613
9	15614	15615	15743	15742	15614
9	15615	15488	15616	15743	15615
9	15616	15617	15745	15744	15616
9	15617	15618	15746	15745	15617
9	15618	15619	15747	15746	15618
9	15619	15620	15748	15747	15619
9	15620	15621	15749	15748	15620
9	15621	15622	15750	15749	15621
9	15622	15623	15751	15750	15622
9	15623	15624	15752	15751	15623
9	15624	15625	15753	15752	15624
9	15625	15626	15754	15753	15625
9	15626	15627	15755	15754	15626
9	15627	15628	15756	15755	15627
9	15628	15629	15757	15756	15628
9	15629	15630	15758	15757	15629
9	15630	15631	15759	15758	15630
9	15631	15632	15760	15759	15631
9	15632	15633	15761	15760	15632
9	15633	15634	15762	15761	15633
9	15634	15635	15763	15762	15634
9	15635	15636	15764	15763	15635
9	15636	15637	15765	15764	15636
9	15637	15638	15766	15765	15637
9	15638	15639	15767	15766	15638
9	15639	15640	15768	15767	15639
9	15640	15641	15769	15768	15640
9	15641	15642	15770	15769	15641
9	15642	15643	15771	15770	15642
9	15643	15644	15772	15771	15643
9	15644	15645	15773	15772	15644
9	15645	15646	15774	15773	15645
9	15646	15647	15775	15774	15646
9	15647	15648	15776	15775	15647
9	15648	15649	15777	15776	15648
9	15649	15650	15778	15777	15649
9	15650	15651	15779	15778	15650
9	15651	15652	15780	15779	15651
9	15652	15653	15781	15780	15652
9	15653	15654	15782	15781	15653
9	15654	15655	15783	15782	15654
9	15655	15656	15784	15783	15655
9	15656	15657	15785	15784	15656
9	15657	15658	15786	15785	15657
9	15658	15659	15787	15786	15658
9	15659	15660	15788	15787	15659
9	15660	15661	15789	15788	15660
9	15661	15662	15790	15789	15661
9	15662	15663	15791	15790	15662
9	15663	15664	15792	15791	15663
9	15664	15665	15793	15792	15664
9	15665	15666	15794	15793	15665
9	15666	15667	15795	15794	15666
9	15667	15668	15796	15795	15667
9	15668	15669	15797	15796	15668
9	15669	15670	15798	15797	15669
9	15670	15671	15799	15798	15670
9	15671	15672	15800	15799	15671
9	15672	15673	15801	15800	15672
9	15673	15674	15802	15801	15673
9	15674	15675	15803	15802	15674
9	15675	15676	15804	15803	15675
9	15676	15677	15805	15804	15676
9	15677	15678	15806	15805	15677
9	15678	15679	15807	15806	15678
9	15679	15680	15808	15807	15679
9	15680	15681	15809	15808	15680
9	15681	15682	15810	15809	15681
9	15682	15683	15811	15810	15682
9	15683	15684	15812	15811	15683
9	15684	15685	15813	15812	15684
9	15685	15686	15814	15813	15685
9	15686	15687	15815	15814	15686
9	15687	15688	15816	15815	15687
9	15688	15689	15817	15816	15688
9	15689	15690	15818	15817	15689
9	15690	15691	15819	15818	15690
9	15691	15692	15820	15819	15691
9	15692	15693	15821	15820	15692
9	15693	15694	15822	15821	15693
9	15694	15695	15823	15822	15694
9	15695	15696	15824	15823	15695
9	15696	15697	15825	15824	15696
9	15697	15698	15826	15825	15697
9	15698	15699	15827	15826	15698
9	15699	15700	15828	15827	15699
9	15700	15701	15829	15828	15700
9	15701	15702	15830	15829	15701
9	15702	15703	15831	15830	15702
9	15703	15704	15832	15831	15703
9	15704	15705	15833	15832	15704
9	15705	15706	15834	15833	15705
9	15706	15707	15835	15834	15706
9	15707	15708	15836	15835	15707
9	15708	15709	15837	15836	15708
9	15709	15710	15838	15837	15709
9	15710	15711	15839	15838	15710
9	15711	15712	15840	15839	15711
9	15712	15713	15841	15840	15712
9	15713	15714	15842	15841	15713
9	15714	15715	15843	15842	15714
9	15715	15716	15844	15843	15715
9	15716	15717	15845	15844	15716
9	15717	15718	15846	15845	15717
9	15718	15719	15847	15846	15718
9	15719	15720	15848	15847	15719
9	15720	15721	15849	15848	15720
9	15721	15722	15850	15849	15721
9	15722	15723	15851	15850	15722
9	15723	15724	15852	15851	15723
9	15724	15725	15853	15852	15724
9	15725	15726	15854	15853	15725
9	15726	15727	15855	15854	15726
9	15727	15728	15856	15855	15727
9	15728	15729	15857	15856	15728
9	15729	15730	15858	15857	15729
9	15730	15731	15859	15858	15730
9	15731	15732	15860	15859	15731
9	15732	15733	15861	15860	15732
9	15733	15734	15862	15861	15733
9	15734	15735	15863	15862	15734
9	15735	15736	15864	15863	15735
9	15736	15737	15865	15864	15736
9	15737	15738	15866	15865	15737
9	15738	15739	15867	15866	15738
9	15739	15740	15868	15867	15739
9	15740	15741	15869	15868	15740
9	15741	15742	15870	15869	15741
9	15742	15743	15871	15870	15742
9	15743	15616	15744	15871	15743
9	15744	15745	15873	15872	15744
9	15745	15746	15874	15873	15745
9	15746	15747	15875	15874	15746
9	15747	15748	15876	15875	15747
9	15748	15749	15877	15876	15748
9	15749	15750	15878	15877	15749
9	15750	15751	15879	15878	15750
9	15751	15752	15880	15879	15751
9	15752	15753	15881	15880	15752
9	15753	15754	15882	15881	15753
9	15754	15755	15883	15882	15754
9	15755	15756	15884	15883	15755
9	15756	15757	15885	15884	15756
9	15757	15758	15886	15885	15757
9	15758	15759	15887	15886	15758
9	15759	15760	15888	15887	15759
9	15760	15761	15889	15888	15760
9	15761	15762	15890	15889	15761
9	15762	15763	15891	15890	15762
9	15763	15764	15892	15891	15763
9	15764	15765	15893	15892	15764
9	15765	15766	15894	15893	15765
9	15766	15767	15895	15894	15766
9	15767	15768	15896	15895	15767
9	15768	15769	15897	15896	15768
9	15769	15770	15898	15897	15769
9	15770	15771	15899	15898	15770
9	15771	15772	15900	15899	15771
9	15772	15773	15901	15900	15772
9	15773	15774	15902	15901	15773
9	15774	15775	15903	15902	15774
9	15775	15776	15904	15903	15775
9	15776	15777	15905	15904	15776
9	15777	15778	15906	15905	15777
9	15778	15779	15907	15906	15778
9	15779	15780	15908	15907	15779
9	15780	15781	15909	15908	15780
9	15781	15782	15910	15909	15781
9	15782	15783	15911	15910	15782
9	15783	15784	15912	15911	15783
9	15784	15785	15913	15912	15784
9	15785	15786	15914	15913	15785
9	15786	15787	15915	15914	15786
9	15787	15788	15916	15915	15787
9	15788	15789	15917	15916	15788
9	15789	15790	15918	15917	15789
9	15790	15791	15919	15918	15790
9	15791	15792	15920	15919	15791
9	15792	15793	15921	15920	15792
9	15793	15794	15922	15921	15793
9	15794	15795	15923	15922	15794
9	15795	15796	15924	15923	15795
9	15796	15797	15925	15924	15796
9	15797	15798	15926	15925	15797
9	15798	15799	15927	15926	15798
9	15799	15800	15928	15927	15799
9	15800	15801	15929	15928	15800
9	15801	15802	15930	15929	15801
9	15802	15803	15931	15930	15802
9	15803	15804	15932	15931	15803
9	15804	15805	15933	15932	15804
9	15805	15806	15934	15933	15805
9	15806	15807	15935	15934	15806
9	15807	15808	15936	15935	15807
9	15808	15809	15937	15936	15808
9	15809	15810	15938	15937	15809
9	15810	15811	15939	15938	15810
9	15811	15812	15940	15939	15811
9	15812	15813	15941	15940	15812
9	15813	15814	15942	15941	15813
9	15814	15815	15943	15942	15814
9	15815	15816	15944	15943	15815
9	15816	15817	15945	15944	15816
9	15817	15818	15946	15945	15817
9	15818	15819	15947	15946	15818
9	15819	15820	15948	15947	15819
9	15820	15821	15949	15948	15820
9	15821	15822	15950	15949	15821
9	15822	15823	15951	15950	15822
9	15823	15824	15952	15951	15823
9	15824	15825	15953	15952	15824
9	15825	15826	15954	15953	15825
9	15826	15827	15955	15954	15826
9	15827	15828	15956	15955	15827
9	15828	15829	15957	15956	15828
9	15829	15830	15958	15957	15829
9	15830	15831	15959	15958	15830
9	15831	15832	15960	15959	15831
9	15832	15833	15961	15960	15832
9	15833	15834	15962	15961	15833
9	15834	15835	15963	15962	15834
9	15835	15836	15964	15963	15835
9	15836	15837	15965	15964	15836
9	15837	15838	15966	15965	15837
9	15838	15839	15967	15966	15838
9	15839	15840	15968	15967	15839
9	15840	15841	15969	15968	15840
9	15841	15842	15970	15969	15841
9	15842	15843	15971	15970	15842
9	15843	15844	15972	15971	15843
9	15844	15845	15973	15972	15844
9	15845	15846	15974	15973	15845
9	15846	15847	15975	15974	15846
9	15847	15848	15976	15975	15847
9	15848	15849	15977	15976	15848
9	15849	15850	15978	15977	15849
9	15850	15851	15979	15978	15850
9	15851	15852	15980	15979	15851
9	15852	15853	15981	15980	15852
9	15853	15854	15982	15981	15853
9	15854	15855	15983	15982	15854
9	15855	15856	15984	15983	15855
9	15856	15857	15985	15984	15856
9	15857	15858	15986	15985	15857
9	15858	15859	15987	15986	15858
9	15859	15860	15988	15987	15859
9	15860	15861	15989	15988	15860
9	15861	15862	15990	15989	15861
9	15862	15863	15991	15990	15862
9	15863	15864	15992	15991	15863
9	15864	15865	15993	15992	15864
9	15865	15866	15994	15993	15865
9	15866	15867	15995	15994	15866
9	15867	15868	15996	15995	15867
9	15868	15869	15997	15996	15868
9	15869	15870	15998	15997	15869
9	15870	15871	15999	15998	15870
9	15871	15744	15872	15999	15871
9	15872	15873	16001	16000	15872
9	15873	15874	16002	16001	15873
9	15874	15875	16003	16002	15874
9	15875	15876	16004	16003	15875
9	15876	15877	16005	16004	15876
9	15877	15878	16006	16005	15877
9	15878	15879	16007	16006	15878
9	15879	15880	16008	16007	15879
9	15880	15881	16009	16008	15880
9	15881	15882	16010	16009	15881
9	15882	15883	16011	16010	15882
9	15883	15884	16012	16011	15883
9	15884	15885	16013	16012	15884
9	15885	15886	16014	16013	15885
9	15886	15887	16015	16014	15886
9	15887	15888	16016	16015	15887
9	15888	15889	16017	16016	15888
9	15889	15890	16018	16017	15889
9	15890	15891	16019	16018	15890
9	15891	15892	16020	16019	15891
9	15892	15893	16021	16020	15892
9	15893	15894	16022	16021	15893
9	15894	15895	16023	16022	15894
9	15895	15896	16024	16023	15895
9	15896	15897	16025	16024	15896
9	15897	15898	16026	16025	15897
9	15898	15899	16027	16026	15898
9	15899	15900	16028	16027	15899
9	15900	15901	16029	16028	15900
9	15901	15902	16030	16029	15901
9	15902	15903	16031	16030	15902
9	15903	15904	16032	16031	15903
9	15904	15905	16033	16032	15904
9	15905	15906	16034	16033	15905
9	15906	15907	16035	16034	15906
9	15907	15908	16036	16035	15907
9	15908	15909	16037	16036	15908
9	15909	15910	16038	16037	15909
9	15910	15911	16039	16038	15910
9	15911	15912	16040	16039	15911
9	15912	15913	16041	16040	15912
9	15913	15914	16042	16041	15913
9	15914	15915	16043	16042	15914
9	15915	15916	16044	16043	15915
9	15916	15917	16045	16044	15916
9	15917	15918	16046	16045	15917
9	15918	15919	16047	16046	15918
9	15919	15920	16048	16047	15919
9	15920	15921	16049	16048	15920
9	15921	15922	16050	16049	15921
9	15922	15923	16051	16050	15922
9	15923	15924	16052	16051	15923
9	15924	15925	16053	16052	15924
9	15925	15926	16054	16053	15925
9	15926	15927	16055	16054	15926
9	15927	15928	16056	16055	15927
9	15928	15929	16057	16056	15928
9	15929	15930	16058	16057	15929
9	15930	15931	16059	16058	15930
9	15931	15932	16060	16059	15931
9	15932	15933	16061	16060	15932
9	15933	15934	16062	16061	15933
9	15934	15935	16063	16062	15934
9	15935	15936	16064	16063	15935
9	15936	15937	16065	16064	15936
9	15937	15938	16066	16065	15937
9	15938	15939	16067	16066	15938
9	15939	15940	16068	16067	15939
9	15940	15941	16069	16068	15940
9	15941	15942	16070	16069	15941
9	15942	15943	16071	16070	15942
9	15943	15944	16072	16071	15943
9	15944	15945	16073	16072	15944
9	15945	15946	16074	16073	15945
9	15946	15947	16075	16074	15946
9	15947	15948	16076	16075	15947
9	15948	15949	16077	16076	15948
9	15949	15950	16078	16077	15949
9	15950	15951	16079	16078	15950
9	15951	15952	16080	16079	15951
9	15952	15953	16081	16080	15952
9	15953	15954	16082	16081	15953
9	15954	15955	16083	16082	15954
9	15955	15956	16084	16083	15955
9	15956	15957	16085	16084	15956
9	15957	15958	16086	16085	15957
9	15958	15959	16087	16086	15958
9	15959	15960	16088	16087	15959
9	15960	15961	16089	16088	15960
9	15961	15962	16090	16089	15961
9	15962	15963	16091	16090	15962
9	15963	15964	16092	16091	15963
9	15964	15965	16093	16092	15964
9	15965	15966	16094	16093	15965
9	15966	15967	16095	16094	15966
9	15967	15968	16096	16095	15967
9	15968	15969	16097	16096	15968
9	15969	15970	16098	16097	15969
9	15970	15971	16099	16098	15970
9	15971	15972	16100	16099	15971
9	15972	15973	16101	16100	15972
9	15973	15974	16102	16101	15973
9	15974	15975	16103	16102	15974
9	15975	15976	16104	16103	15975
9	15976	15977	16105	16104	15976
9	15977	15978	16106	16105	15977
9	15978	15979	16107	16106	15978
9	15979	15980	16108	16107	15979
9	15980	15981	16109	16108	15980
9	15981	15982	16110	16109	15981
9	15982	15983	16111	16110	15982
9	15983	15984	16112	16111	15983
9	15984	15985	16113	16112	15984
9	15985	15986	16114	16113	15985
9	15986	15987	16115	16114	15986
9	15987	15988	16116	16115	15987
9	15988	15989	16117	16116	15988
9	15989	15990	16118	16117	15989
9	15990	15991	16119	16118	15990
9	15991	15992	16120	16119	15991
9	15992	15993	16121	16120	15992
9	15993	15994	16122	16121	15993
9	15994	15995	16123	16122	15994
9	15995	15996	16124	16123	15995
9	15996	15997	16125	16124	15996
9	15997	15998	16126	16125	15997
9	15998	15999	16127	16126	15998
9	15999	15872	16000	16127	15999
9	16000	16001	16129	16128	16000
9	16001	16002	16130	16129	16001
9	16002	16003	16131	16130	16002
9	16003	16004	16132	16131	16003
9	16004	16005	16133	16132	16004
9	16005	16006	16134	16133	16005
9	16006	16007	16135	16134	16006
9	16007	16008	16136	16135	16007
9	16008	16009	16137	16136	16008
9	16009	16010	16138	16137	16009
9	16010	16011	16139	16138	16010
9	16011	16012	16140	16139	16011
9	16012	16013	16141	16140	16012
9	16013	16014	16142	16141	16013
9	16014	16015	16143	16142	16014
9	16015	16016	16144	16143	16015
9	16016	16017	16145	16144	16016
9	16017	16018	16146	16145	16017
9	16018	16019	16147	16146	16018
9	16019	16020	16148	16147	16019
9	16020	16021	16149	16148	16020
9	16021	16022	16150	16149	16021
9	16022	16023	16151	16150	16022
9	16023	16024	16152	16151	16023
9	16024	16025	16153	16152	16024
9	16025	16026	16154	16153	16025
9	16026	16027	16155	16154	16026
9	16027	16028	16156	16155	16027
9	16028	16029	16157	16156	16028
9	16029	16030	16158	16157	16029
9	16030	16031	16159	16158	16030
9	16031	16032	16160	16159	16031
9	16032	16033	16161	16160	16032
9	16033	16034	16162	16161	16033
9	16034	16035	16163	16162	16034
9	16035	16036	16164	16163	16035
9	16036	16037	16165	16164	16036
9	16037	16038	16166	16165	16037
9	16038	16039	16167	16166	16038
9	16039	16040	16168	16167	16039
9	16040	16041	16169	16168	16040
9	16041	16042	16170	16169	16041
9	16042	16043	16171	16170	16042
9	16043	16044	16172	16171	16043
9	16044	16045	16173	16172	16044
9	16045	16046	16174	16173	16045
9	16046	16047	16175	16174	16046
9	16047	16048	16176	16175	16047
9	16048	16049	16177	16176	16048
9	16049	16050	16178	16177	16049
9	16050	16051	16179	16178	16050
9	16051	16052	16180	16179	16051
9	16052	16053	16181	16180	16052
9	16053	16054	16182	16181	16053
9	16054	16055	16183	16182	16054
9	16055	16056	16184	16183	16055
9	16056	16057	16185	16184	16056
9	16057	16058	16186	16185	16057
9	16058	16059	16187	16186	16058
9	16059	16060	16188	16187	16059
9	16060	16061	16189	16188	16060
9	16061	16062	16190	16189	16061
9	16062	16063	16191	16190	16062
9	16063	16064	16192	16191	16063
9	16064	16065	16193	16192	16064
9	16065	16066	16194	16193	16065
9	16066	16067	16195	16194	16066
9	16067	16068	16196	16195	16067
9	16068	16069	16197	16196	16068
9	16069	16070	16198	16197	16069
9	16070	16071	16199	16198	16070
9	16071	16072	16200	16199	16071
9	16072	16073	16201	16200	16072
9	16073	16074	16202	16201	16073
9	16074	16075	16203	16202	16074
9	16075	16076	16204	16203	16075
9	16076	16077	16205	16204	16076
9	16077	16078	16206	16205	16077
9	16078	16079	16207	16206	16078
9	16079	16080	16208	16207	16079
9	16080	16081	16209	16208	16080
9	16081	16082	16210	16209	16081
9	16082	16083	16211	16210	16082
9	16083	16084	16212	16211	16083
9	16084	16085	16213	16212	16084
9	16085	16086	16214	16213	16085
9	16086	16087	16215	16214	16086
9	16087	16088	16216	16215	16087
9	16088	16089	16217	16216	16088
9	16089	16090	16218	16217	16089
9	16090	16091	16219	16218	16090
9	16091	16092	16220	16219	16091
9	16092	16093	16221	16220	16092
9	16093	16094	16222	16221	16093
9	16094	16095	16223	16222	16094
9	16095	16096	16224	16223	16095
9	16096	16097	16225	16224	16096
9	16097	16098	16226	16225	16097
9	16098	16099	16227	16226	16098
9	16099	16100	16228	16227	16099
9	16100	16101	16229	16228	16100
9	16101	16102	16230	16229	16101
9	16102	16103	16231	16230	16102
9	16103	16104	16232	16231	16103
9	16104	16105	16233	16232	16104
9	16105	16106	16234	16233	16105
9	16106	16107	16235	16234	16106
9	16107	16108	16236	16235	16107
9	16108	16109	16237	16236	16108
9	16109	16110	16238	16237	16109
9	16110	16111	16239	16238	16110
9	16111	16112	16240	16239	16111
9	16112	16113	16241	16240	16112
9	16113	16114	16242	16241	16113
9	16114	16115	16243	16242	16114
9	16115	16116	16244	16243	16115
9	16116	16117	16245	16244	16116
9	16117	16118	16246	16245	16117
9	16118	16119	16247	16246	16118
9	16119	16120	16248	16247	16119
9	16120	16121	16249	16248	16120
9	16121	16122	16250	16249	16121
9	16122	16123	16251	16250	16122
9	16123	16124	16252	16251	16123
9	16124	16125	16253	16252	16124
9	16125	16126	16254	16253	16125
9	16126	16127	16255	16254	16126
9	16127	16000	16128	16255	16127
9	16128	16129	16257	16256	16128
9	16129	16130	16258	16257	16129
9	16130	16131	16259	16258	16130
9	16131	16132	16260	16259	16131
9	16132	16133	16261	16260	16132
9	16133	16134	16262	16261	16133
9	16134	16135	16263	16262	16134
9	16135	16136	16264	16263	16135
9	16136	16137	16265	16264	16136
9	16137	16138	16266	16265	16137
9	16138	16139	16267	16266	16138
9	16139	16140	16268	16267	16139
9	16140	16141	16269	16268	16140
9	16141	16142	16270	16269	16141
9	16142	16143	16271	16270	16142
9	16143	16144	16272	16271	16143
9	16144	16145	16273	16272	16144
9	16145	16146	16274	16273	16145
9	16146	16147	16275	16274	16146
9	16147	16148	16276	16275	16147
9	16148	16149	16277	16276	16148
9	16149	16150	16278	16277	16149
9	16150	16151	16279	16278	16150
9	16151	16152	16280	16279	16151
9	16152	16153	16281	16280	16152
9	16153	16154	16282	16281	16153
9	16154	16155	16283	16282	16154
9	16155	16156	16284	16283	16155
9	16156	16157	16285	16284	16156
9	16157	16158	16286	16285	16157
9	16158	16159	16287	16286	16158
9	16159	16160	16288	16287	16159
9	16160	16161	16289	16288	16160
9	16161	16162	16290	16289	16161
9	16162	16163	16291	16290	16162
9	16163	16164	16292	16291	16163
9	16164	16165	16293	16292	16164
9	16165	16166	16294	16293	16165
9	16166	16167	16295	16294	16166
9	16167	16168	16296	16295	16167
9	16168	16169	16297	16296	16168
9	16169	16170	16298	16297	16169
9	16170	16171	16299	16298	16170
9	16171	16172	16300	16299	16171
9	16172	16173	16301	16300	16172
9	16173	16174	16302	16301	16173
9	16174	16175	16303	16302	16174
9	16175	16176	16304	16303	16175
9	16176	16177	16305	16304	16176
9	16177	16178	16306	16305	16177
9	16178	16179	16307	16306	16178
9	16179	16180	16308	16307	16179
9	16180	16181	16309	16308	16180
9	16181	16182	16310	16309	16181
9	16182	16183	16311	16310	16182
9	16183	16184	16312	16311	16183
9	16184	16185	16313	16312	16184
9	16185	16186	16314	16313	16185
9	16186	16187	16315	16314	16186
9	16187	16188	16316	16315	16187
9	16188	16189	16317	16316	16188
9	16189	16190	16318	16317	16189
9	16190	16191	16319	16318	16190
9	16191	16192	16320	16319	16191
9	16192	16193	16321	16320	16192
9	16193	16194	16322	16321	16193
9	16194	16195	16323	16322	16194
9	16195	16196	16324	16323	16195
9	16196	16197	16325	16324	16196
9	16197	16198	16326	16325	16197
9	16198	16199	16327	16326	16198
9	16199	16200	16328	16327	16199
9	16200	16201	16329	16328	16200
9	16201	16202	16330	16329	16201
9	16202	16203	16331	16330	16202
9	16203	16204	16332	16331	16203
9	16204	16205	16333	16332	16204
9	16205	16206	16334	16333	16205
9	16206	16207	16335	16334	16206
9	16207	16208	16336	16335	16207
9	16208	16209	16337	16336	16208
9	16209	16210	16338	16337	16209
9	16210	16211	16339	16338	16210
9	16211	16212	16340	16339	16211
9	16212	16213	16341	16340	16212
9	16213	16214	16342	16341	16213
9	16214	16215	16343	16342	16214
9	16215	16216	16344	16343	16215
9	16216	16217	16345	16344	16216
9	16217	16218	16346	16345	16217
9	16218	16219	16347	16346	16218
9	16219	16220	16348	16347	16219
9	16220	16221	16349	16348	16220
9	16221	16222	16350	16349	16221
9	16222	16223	16351	16350	16222
9	16223	16224	16352	16351	16223
9	16224	16225	16353	16352	16224
9	16225	16226	16354	16353	16225
9	16226	16227	16355	16354	16226
9	16227	16228	16356	16355	16227
9	16228	16229	16357	16356	16228
9	16229	16230	16358	16357	16229
9	16230	16231	16359	16358	16230
9	16231	16232	16360	16359	16231
9	16232	16233	16361	16360	16232
9	16233	16234	16362	16361	16233
9	16234	16235	16363	16362	16234
9	16235	16236	16364	16363	16235
9	16236	16237	16365	16364	16236
9	16237	16238	16366	16365	16237
9	16238	16239	16367	16366	16238
9	16239	16240	16368	16367	16239
9	16240	16241	16369	16368	16240
9	16241	16242	16370	16369	16241
9	16242	16243	16371	16370	16242
9	16243	16244	16372	16371	16243
9	16244	16245	16373	16372	16244
9	16245	16246	16374	16373	16245
9	16246	16247	16375	16374	16246
9	16247	16248	16376	16375	16247
9	16248	16249	16377	16376	16248
9	16249	16250	16378	16377	16249
9	16250	16251	16379	16378	16250
9	16251	16252	16380	16379	16251
9	16252	16253	16381	16380	16252
9	16253	16254	16382	16381	16253
9	16254	16255	16383	16382	16254
9	16255	16128	16256	16383	16255
9	16256	16257	16385	16384	16256
9	16257	16258	16386	16385	16257
9	16258	16259	16387	16386	16258
9	16259	16260	16388	16387	16259
9	16260	16261	16389	16388	16260
9	16261	16262	16390	16389	16261
9	16262	16263	16391	16390	16262
9	16263	16264	16392	16391	16263
9	16264	16265	16393	16392	16264
9	16265	16266	16394	16393	16265
9	16266	16267	16395	16394	16266
9	16267	16268	16396	16395	16267
9	16268	16269	16397	16396	16268
9	16269	16270	16398	16397	16269
9	16270	16271	16399	16398	16270
9	16271	16272	16400	16399	16271
9	16272	16273	16401	16400	16272
9	16273	16274	16402	16401	16273
9	16274	16275	16403	16402	16274
9	16275	16276	16404	16403	16275
9	16276	16277	16405	16404	16276
9	16277	16278	16406	16405	16277
9	16278	16279	16407	16406	16278
9	16279	16280	16408	16407	16279
9	16280	16281	16409	16408	16280
9	16281	16282	16410	16409	16281
9	16282	16283	16411	16410	16282
9	16283	16284	16412	16411	16283
9	16284	16285	16413	16412	16284
9	16285	16286	16414	16413	16285
9	16286	16287	16415	16414	16286
9	16287	16288	16416	16415	16287
9	16288	16289	16417	16416	16288
9	16289	16290	16418	16417	16289
9	16290	16291	16419	16418	16290
9	16291	16292	16420	16419	16291
9	16292	16293	16421	16420	16292
9	16293	16294	16422	16421	16293
9	16294	16295	16423	16422	16294
9	16295	16296	16424	16423	16295
9	16296	16297	16425	16424	16296
9	16297	16298	16426	16425	16297
9	16298	16299	16427	16426	16298
9	16299	16300	16428	16427	16299
9	16300	16301	16429	16428	16300
9	16301	16302	16430	16429	16301
9	16302	16303	16431	16430	16302
9	16303	16304	16432	16431	16303
9	16304	16305	16433	16432	16304
9	16305	16306	16434	16433	16305
9	16306	16307	16435	16434	16306
9	16307	16308	16436	16435	16307
9	16308	16309	16437	16436	16308
9	16309	16310	16438	16437	16309
9	16310	16311	16439	16438	16310
9	16311	16312	16440	16439	16311
9	16312	16313	16441	16440	16312
9	16313	16314	16442	16441	16313
9	16314	16315	16443	16442	16314
9	16315	16316	16444	16443	16315
9	16316	16317	16445	16444	16316
9	16317	16318	16446	16445	16317
9	16318	16319	16447	16446	16318
9	16319	16320	16448	16447	16319
9	16320	16321	16449	16448	16320
9	16321	16322	16450	16449	16321
9	16322	16323	16451	16450	16322
9	16323	16324	16452	16451	16323
9	16324	16325	16453	16452	16324
9	16325	16326	16454	16453	16325
9	16326	16327	16455	16454	16326
9	16327	16328	16456	16455	16327
9	16328	16329	16457	16456	16328
9	16329	16330	16458	16457	16329
9	16330	16331	16459	16458	16330
9	16331	16332	16460	16459	16331
9	16332	16333	16461	16460	16332
9	16333	16334	16462	16461	16333
9	16334	16335	16463	16462	16334
9	16335	16336	16464	16463	16335
9	16336	16337	16465	16464	16336
9	16337	16338	16466	16465	16337
9	16338	16339	16467	16466	16338
9	16339	16340	16468	16467	16339
9	16340	16341	16469	16468	16340
9	16341	16342	16470	16469	16341
9	16342	16343	16471	16470	16342
9	16343	16344	16472	16471	16343
9	16344	16345	16473	16472	16344
9	16345	16346	16474	16473	16345
9	16346	16347	16475	16474	16346
9	16347	16348	16476	16475	16347
9	16348	16349	16477	16476	16348
9	16349	16350	16478	16477	16349
9	16350	16351	16479	16478	16350
9	16351	16352	16480	16479	16351
9	16352	16353	16481	16480	16352
9	16353	16354	16482	16481	16353
9	16354	16355	16483	16482	16354
9	16355	16356	16484	16483	16355
9	16356	16357	16485	16484	16356
9	16357	16358	16486	16485	16357
9	16358	16359	16487	16486	16358
9	16359	16360	16488	16487	16359
9	16360	16361	16489	16488	16360
9	16361	16362	16490	16489	16361
9	16362	16363	16491	16490	16362
9	16363	16364	16492	16491	16363
9	16364	16365	16493	16492	16364
9	16365	16366	16494	16493	16365
9	16366	16367	16495	16494	16366
9	16367	16368	16496	16495	16367
9	16368	16369	16497	16496	16368
9	16369	16370	16498	16497	16369
9	16370	16371	16499	16498	16370
9	16371	16372	16500	16499	16371
9	16372	16373	16501	16500	16372
9	16373	16374	16502	16501	16373
9	16374	16375	16503	16502	16374
9	16375	16376	16504	16503	16375
9	16376	16377	16505	16504	16376
9	16377	16378	16506	16505	16377
9	16378	16379	16507	16506	16378
9	16379	16380	16508	16507	16379
9	16380	16381	16509	16508	16380
9	16381	16382	16510	16509	16381
9	16382	16383	16511	16510	16382
9	16383	16256	16384	16511	16383
%
% Node coordinates
%
NPOIN= 16512
0.999997632	0.000125709763	0
0.999973355	-0.000217434768	1
0.999827947	-0.000542146621	2
0.999466375	-0.000849025102	3
0.998862564	-0.00114053123	4
0.998011844	-0.00141584443	5
0.996830313	-0.00163947542	6
0.995262517	-0.00177777444	7
0.993250079	-0.00185579803	8
0.990730558	-0.00195259892	9
0.987637017	-0.00208734323	10
0.983901404	-0.0022548096	11
0.979456373	-0.00244429007	12
0.974237449	-0.0026609219	13
0.968182914	-0.00291636339	14
0.961233266	-0.00321346427	15
0.953332157	-0.00355093419	16
0.944427616	-0.00393186908	17
0.934472438	-0.00436106595	18
0.923424506	-0.00484146754	19
0.911247453	-0.00537567476	20
0.897911274	-0.0059670733	21
0.88339279	-0.00661934736	22
0.867676108	-0.00733632497	23
0.850753048	-0.00812180114	24
0.832623534	-0.00897947085	25
0.813295933	-0.00991297019	26
0.792787349	-0.0109258007	27
0.771123847	-0.0120212185	28
0.748340619	-0.0132019596	29
0.724482013	-0.0144687902	30
0.69960157	-0.0158206172	31
0.673762072	-0.01725598	32
0.64703527	-0.0187703506	33
0.61950155	-0.020353751	34
0.591249973	-0.0219965671	35
0.562377524	-0.0236829679	36
0.532988851	-0.0253942522	37
0.503195466	-0.0271046261	38
0.473115534	-0.0287879691	39
0.442872876	-0.0304135931	40
0.412595649	-0.0319333	41
0.382419917	-0.0333760232	42
0.352488715	-0.0348560899	43
0.322940602	-0.0363603692	44
0.293912129	-0.0378252174	45
0.26553935	-0.0391918948	46
0.237956315	-0.0403973537	47
0.211294205	-0.0413785317	48
0.18568033	-0.0420717034	49
0.161237313	-0.0424154682	50
0.138082339	-0.0423517477	51
0.116326634	-0.0418247186	52
0.0960753658	-0.0407825205	53
0.077428605	-0.0391729959	54
0.0604835501	-0.0369470451	55
0.0453398532	-0.034052885	56
0.0321100337	-0.0304387582	57
0.020941329	-0.026052429	58
0.0120414654	-0.0208865829	59
0.00566948851	-0.0150958848	60
0.0019238189	-0.00919834903	61
0.000337726149	-0.00398949665	62
-9.63762625e-08	-5.80543953e-06	63
0.000314931358	0.00398012186	64
0.0016474738	0.00920892954	65
0.00453312933	0.0154594404	66
0.00931024426	0.0224229885	67
0.0161106146	0.029830053	68
0.0249505148	0.0374886806	69
0.0358015104	0.0452613021	70
0.0486186381	0.0530380161	71
0.063347791	0.0607196013	72
0.0799262026	0.0682095322	73
0.0982810929	0.0754098891	74
0.118326816	0.0822262115	75
0.139965685	0.0885655597	76
0.163087684	0.0943388641	77
0.187570275	0.0994676512	78
0.213280855	0.103880966	79
0.240077408	0.107522743	80
0.26781118	0.110349747	81
0.296328785	0.112330852	82
0.325473946	0.11345359	83
0.355090116	0.113717594	84
0.385022167	0.113132941	85
0.415120333	0.111768109	86
0.44525145	0.109831669	87
0.475286898	0.1074098	88
0.505101544	0.104542151	89
0.534577048	0.101276932	90
0.563602049	0.0976635947	91
0.592072467	0.0937507977	92
0.61989191	0.0895865359	93
0.646972122	0.085218618	94
0.67323346	0.0806954328	95
0.698604287	0.0760610787	96
0.723021879	0.0713595909	97
0.746432013	0.066632304	98
0.768788969	0.0619175949	99
0.790055775	0.0572523842	100
0.810203863	0.0526707546	101
0.829212873	0.0482037677	102
0.847070237	0.0438786269	103
0.863771256	0.0397199913	104
0.879318706	0.03574962	105
0.893722235	0.0319852917	106
0.906998229	0.02844177	107
0.919169367	0.0251306975	108
0.930263923	0.0220597596	109
0.940315522	0.0192334428	110
0.949362886	0.0166538659	111
0.957448936	0.0143196599	112
0.964620067	0.0122254372	113
0.970926721	0.0103651089	114
0.976423162	0.0087328758	115
0.981164531	0.00731630911	116
0.985206062	0.00609570988	117
0.988606778	0.00505652258	118
0.99143067	0.00419433778	119
0.993740277	0.00349776417	120
0.995590839	0.0029323235	121
0.997021452	0.00241723187	122
0.998082779	0.00192576864	123
0.998838981	0.0014773133	124
0.999369148	0.00109027943	125
0.99970775	0.00074987203	126
0.999894353	0.000433695161	127
0.999999626	0.000125957213	128
0.999975307	-0.000217907947	129
0.999829493	-0.000543428667	130
0.999467386	-0.00085076146	131
0.998863286	-0.00114240605	132
0.998012319	-0.0014177964	133
0.996830566	-0.00164146854	134
0.995262625	-0.00177978058	135
0.993250151	-0.00185780584	136
0.990730641	-0.00195460627	137
0.987637107	-0.0020893503	138
0.983901491	-0.00225681677	139
0.979456457	-0.0024462974	140
0.974237532	-0.00266292924	141
0.968183	-0.00291837066	142
0.961233352	-0.00321547152	143
0.953332243	-0.00355294145	144
0.944427702	-0.00393387631	145
0.934472525	-0.00436307315	146
0.923424594	-0.00484347471	147
0.911247541	-0.0053776819	148
0.897911363	-0.00596908039	149
0.883392881	-0.00662135439	150
0.867676201	-0.00733833193	151
0.850753142	-0.00812380802	152
0.83262363	-0.00898147765	153
0.813296031	-0.00991497688	154
0.792787449	-0.0109278072	155
0.77112395	-0.012023225	156
0.748340725	-0.0132039659	157
0.724482121	-0.0144707964	158
0.69960168	-0.0158226232	159
0.673762184	-0.0172579859	160
0.647035384	-0.0187723564	161
0.619501666	-0.0203557567	162
0.59125009	-0.0219985727	163
0.562377642	-0.0236849736	164
0.532988967	-0.0253962579	165
0.50319558	-0.027106632	166
0.473115645	-0.0287899752	167
0.44287298	-0.0304155995	168
0.412595746	-0.0319353067	169
0.382420014	-0.03337803	170
0.352488816	-0.0348580964	171
0.322940704	-0.0363623757	172
0.293912229	-0.037827224	173
0.265539443	-0.0391939018	174
0.237956396	-0.0403993611	175
0.21129427	-0.0413805398	176
0.185680372	-0.042073712	177
0.161237326	-0.0424174772	178
0.138082314	-0.0423537566	179
0.116326561	-0.0418267263	180
0.096075231	-0.040784525	181
0.0774283923	-0.0391749937	182
0.060483237	-0.0369490296	183
0.045339409	-0.0340548444	184
0.032109415	-0.0304406697	185
0.0209404759	-0.0260542479	186
0.0120403064	-0.020888224	187
0.00566797721	-0.0150972085	188
0.00192200987	-0.009199223	189
0.000335761449	-0.00398991663	190
-2.10546156e-06	-5.80559756e-06	191
0.000312956442	0.00398049083	192
0.00164559062	0.00920962959	193
0.00453139489	0.0154604544	194
0.00930868406	0.0224242543	195
0.0161092247	0.0298315038	196
0.0249492788	0.0374902644	197
0.0358004097	0.0452629829	198
0.0486176567	0.0530397692	199
0.0633469162	0.06072141	200
0.0799254248	0.0682113847	201
0.0982804048	0.0754117766	202
0.118326211	0.0822281277	203
0.139965161	0.0885674991	204
0.163087236	0.0943408226	205
0.1875699	0.099469625	206
0.213280551	0.103882952	207
0.240077172	0.107524738	208
0.267811009	0.110351749	209
0.296328677	0.112332858	210
0.325473899	0.113455598	211
0.355090128	0.113719603	212
0.385022233	0.113134949	213
0.415120444	0.111770115	214
0.445251595	0.109833673	215
0.475287076	0.107411801	216
0.505101751	0.10454415	217
0.534577283	0.101278927	218
0.56360231	0.0976655867	219
0.592072753	0.0937527864	220
0.619892219	0.0895885211	221
0.646972452	0.0852205997	222
0.673233811	0.0806974109	223
0.698604657	0.0760630534	224
0.723022267	0.071361562	225
0.74643242	0.0666342716	226
0.768789392	0.0619195591	227
0.790056213	0.057254345	228
0.810204316	0.0526727121	229
0.829213339	0.048205722	230
0.847070716	0.0438805781	231
0.863771747	0.0397219395	232
0.879319208	0.0357515653	233
0.893722748	0.0319872342	234
0.906998752	0.0284437099	235
0.919169898	0.025132635	236
0.930264463	0.0220616948	237
0.940316069	0.0192353759	238
0.94936344	0.0166557971	239
0.957449496	0.0143215894	240
0.964620633	0.012227365	241
0.970927291	0.0103670354	242
0.976423735	0.00873480136	243
0.981165109	0.00731823341	244
0.985206646	0.0060976322	245
0.988607366	0.00505844375	246
0.991431254	0.00419626011	247
0.993740855	0.0034996884	248
0.995591456	0.00293423524	249
0.997022198	0.00241909738	250
0.998083701	0.00192755354	251
0.998840072	0.00147900053	252
0.999370417	0.00109183701	253
0.999709311	0.000751136547	254
0.999896168	0.000434556917	255
1.00000191	0.000126233926	256
0.999977534	-0.000218470667	257
0.999831281	-0.000544871357	258
0.999468594	-0.000852715402	259
0.99886412	-0.00114454643	260
0.998012867	-0.00142002722	261
0.996830865	-0.00164374596	262
0.995262764	-0.00178207348	263
0.993250239	-0.00186010119	264
0.990730736	-0.00195690138	265
0.987637209	-0.00209164512	266
0.983901591	-0.00225911164	267
0.979456553	-0.00244859243	268
0.974237629	-0.00266522428	269
0.968183097	-0.00292066565	270
0.96123345	-0.00321776648	271
0.953332341	-0.00355523641	272
0.944427801	-0.00393617126	273
0.934472624	-0.00436536806	274
0.923424694	-0.00484576958	275
0.911247643	-0.00537997672	276
0.897911466	-0.00597137515	277
0.883392985	-0.00662364909	278
0.867676306	-0.00734062654	279
0.85075325	-0.00812610253	280
0.832623739	-0.00898377205	281
0.813296143	-0.00991727117	282
0.792787564	-0.0109301014	283
0.771124067	-0.012025519	284
0.748340845	-0.0132062597	285
0.724482244	-0.0144730901	286
0.699601806	-0.0158249168	287
0.673762313	-0.0172602793	288
0.647035515	-0.0187746496	289
0.619501799	-0.0203580498	290
0.591250223	-0.0220008658	291
0.562377775	-0.0236872666	292
0.532989099	-0.025398551	293
0.50319571	-0.0271089252	294
0.473115771	-0.0287922686	295
0.442873099	-0.0304178933	296
0.412595859	-0.0319376008	297
0.382420125	-0.0333803241	298
0.352488931	-0.0348603904	299
0.32294082	-0.0363646696	300
0.293912342	-0.0378295181	301
0.265539548	-0.0391961962	302
0.237956489	-0.040401656	303
0.211294343	-0.0413828354	304
0.18568042	-0.0420760083	305
0.161237339	-0.042419774	306
0.138082283	-0.0423560531	307
0.116326475	-0.0418290214	308
0.0960750746	-0.0407868164	309
0.0774281458	-0.0391772771	310
0.0604828746	-0.0369512975	311
0.0453388946	-0.0340570827	312
0.0321086981	-0.0304428516	313
0.0209394869	-0.0260563207	314
0.0120389657	-0.0208900887	315
0.00566623994	-0.0150987107	316
0.00191993959	-0.00920021719	317
0.000333513927	-0.00399038893	318
-4.40206414e-06	-5.81013637e-06	319
0.000310696243	0.00398089807	320
0.00164343506	0.00921042201	321
0.00452940777	0.0154616058	322
0.00930689496	0.0224256942	323
0.0161076308	0.0298331572	324
0.0249478616	0.0374920716	325
0.0357991482	0.045264902	326
0.0486165325	0.0530417719	327
0.0633459144	0.0607234766	328
0.0799245344	0.0682135016	329
0.0982796172	0.075413934	330
0.11832552	0.0822303178	331
0.139964561	0.088569716	332
0.163086723	0.0943430612	333
0.187569471	0.0994718813	334
0.213280202	0.103885222	335
0.240076901	0.107527019	336
0.267810814	0.110354037	337
0.296328554	0.112335152	338
0.325473845	0.113457894	339
0.35509014	0.1137219	340
0.385022308	0.113137244	341
0.41512057	0.111772408	342
0.445251761	0.109835963	343
0.475287278	0.107414089	344
0.505101988	0.104546434	345
0.534577551	0.101281208	346
0.563602608	0.0976678641	347
0.592073079	0.09375506	348
0.619892571	0.0895907907	349
0.64697283	0.0852228653	350
0.673234212	0.0806996725	351
0.69860508	0.0760653109	352
0.723022712	0.0713638155	353
0.746432884	0.0666365211	354
0.768789874	0.0619218046	355
0.790056713	0.0572565867	356
0.810204833	0.05267495	357
0.829213872	0.0482079562	358
0.847071264	0.0438828087	359
0.863772309	0.0397241667	360
0.879319783	0.0357537893	361
0.893723334	0.031989455	362
0.906999349	0.0284459278	363
0.919170506	0.0251348502	364
0.93026508	0.0220639073	365
0.940316695	0.0192375861	366
0.949364073	0.0166580051	367
0.957450136	0.0143237953	368
0.964621279	0.012229569	369
0.970927943	0.010369238	370
0.976424391	0.00873700281	371
0.981165769	0.00732043337	372
0.985207313	0.00609983011	373
0.988608037	0.00506064055	374
0.991431921	0.00419845802	375
0.993741521	0.00350188656	376
0.995592174	0.00293641714	377
0.997023058	0.00242122735	378
0.998084756	0.00192959397	379
0.998841322	0.00148092725	380
0.999371889	0.00109360043	381
0.999711103	0.000752573808	382
0.99989825	0.000435527322	383
1.00000451	0.000126539592	384
0.999980078	-0.0002191248	385
0.999833342	-0.000546498365	386
0.999470017	-0.000854922795	387
0.998865093	-0.00114698594	388
0.998013502	-0.00142257558	389
0.99683122	-0.00164634814	390
0.995262936	-0.00178469409	391
0.993250348	-0.00186272524	392
0.990730845	-0.00195952542	393
0.987637324	-0.0020942689	394
0.983901706	-0.00226173547	395
0.979456664	-0.00245121642	396
0.974237739	-0.00266784829	397
0.968183209	-0.0029232896	398
0.961233562	-0.0032203904	399
0.953332453	-0.00355786032	400
0.944427913	-0.00393879514	401
0.934472738	-0.0043679919	402
0.923424809	-0.00484839337	403
0.911247758	-0.00538260045	404
0.897911583	-0.00597399881	405
0.883393104	-0.00662627267	406
0.867676427	-0.00734325002	407
0.850753373	-0.00812872591	408
0.832623865	-0.0089863953	409
0.813296271	-0.00991989426	410
0.792787695	-0.0109327243	411
0.771124202	-0.0120281417	412
0.748340983	-0.0132088823	413
0.724482385	-0.0144757125	414
0.699601951	-0.0158275389	415
0.67376246	-0.0172629013	416
0.647035665	-0.0187772715	417
0.61950195	-0.0203606715	418
0.591250376	-0.0220034874	419
0.562377928	-0.0236898882	420
0.532989251	-0.0254011726	421
0.503195858	-0.027111547	422
0.473115914	-0.0287948907	423
0.442873236	-0.0304205157	424
0.412595988	-0.0319402236	425
0.382420253	-0.0333829469	426
0.352489062	-0.034863013	427
0.322940953	-0.0363672921	428
0.29391247	-0.0378321407	429
0.265539668	-0.0391988192	430
0.237956594	-0.0404042797	431
0.211294426	-0.0413854598	432
0.185680473	-0.0420786334	433
0.161237353	-0.0424223995	434
0.138082247	-0.0423586785	435
0.116326374	-0.0418316451	436
0.0960748928	-0.0407894356	437
0.0774278602	-0.0391798871	438
0.0604824548	-0.0369538892	439
0.0453382986	-0.0340596396	440
0.0321078667	-0.0304453418	441
0.0209383403	-0.0260586825	442
0.0120374154	-0.0208922074	443
0.00566424145	-0.0151004131	444
0.00191756846	-0.00920134414	445
0.000330943735	-0.00399092398	446
-7.02732368e-06	-5.8202521e-06	447
0.000308110383	0.00398135121	448
0.00164096663	0.00921131581	449
0.00452712979	0.0154629107	450
0.0093048427	0.0224273314	451
0.0161058023	0.0298350409	452
0.0249462365	0.0374941334	453
0.0357977024	0.0452670932	454
0.0486152445	0.0530440595	455
0.0633447672	0.060725838	456
0.079923515	0.0682159209	457
0.0982787157	0.0754163997	458
0.118324729	0.0822328211	459
0.139963874	0.08857225	460
0.163086136	0.0943456202	461
0.18756898	0.0994744604	462
0.213279804	0.103887817	463
0.240076591	0.107529626	464
0.26781059	0.110356653	465
0.296328412	0.112337773	466
0.325473783	0.113460519	467
0.355090153	0.113724525	468
0.385022391	0.113139869	469
0.415120712	0.11177503	470
0.44525195	0.109838582	471
0.475287508	0.107416705	472
0.505102257	0.104549046	473
0.534577858	0.101283816	474
0.563602949	0.0976704676	475
0.592073452	0.0937576591	476
0.619892974	0.0895933854	477
0.646973261	0.0852254554	478
0.67323467	0.080702258	479
0.698605564	0.0760678918	480
0.723023219	0.0713663918	481
0.746433414	0.0666390929	482
0.768790426	0.0619243719	483
0.790057285	0.0572591496	484
0.810205424	0.0526775086	485
0.829214481	0.0482105106	486
0.84707189	0.043885359	487
0.86377295	0.0397267131	488
0.879320439	0.0357563319	489
0.893724004	0.0319919941	490
0.907000032	0.0284484635	491
0.9191712	0.0251373827	492
0.930265785	0.0220664369	493
0.94031741	0.0192401129	494
0.949364797	0.0166605295	495
0.957450868	0.0143263173	496
0.964622019	0.012232089	497
0.970928688	0.0103717562	498
0.976425141	0.00873951968	499
0.981166525	0.00732294854	500
0.985208076	0.00610234311	501
0.988608804	0.0050631524	502
0.991432685	0.00420097064	503
0.993742291	0.00350439757	504
0.995593007	0.00293890778	505
0.997024049	0.00242365914	506
0.998085966	0.00193192493	507
0.99884276	0.00148312481	508
0.99937359	0.00109560062	509
0.999713161	0.000754205033	510
0.999900637	0.000436620831	511
1.0000075	0.000126876593	512
0.999982984	-0.000219878283	513
0.999835717	-0.000548336163	514
0.999471681	-0.000857421636	515
0.998866229	-0.0011497655	516
0.998014241	-0.00142548583	517
0.996831641	-0.00164932124	518
0.995263149	-0.00178768928	519
0.993250482	-0.00186572501	520
0.990730971	-0.0019625255	521
0.987637455	-0.00209726878	522
0.983901836	-0.0022647354	523
0.97945679	-0.0024542165	524
0.974237865	-0.0026708484	525
0.968183336	-0.00292628966	526
0.96123369	-0.00322339043	527
0.953332582	-0.00356086033	528
0.944428042	-0.00394179512	529
0.934472868	-0.00437099183	530
0.92342494	-0.00485139324	531
0.911247891	-0.00538560025	532
0.897911717	-0.00597699853	533
0.88339324	-0.00662927229	534
0.867676565	-0.00734624952	535
0.850753514	-0.00813172527	536
0.832624008	-0.0089893945	537
0.813296418	-0.0099228933	538
0.792787845	-0.0109357232	539
0.771124355	-0.0120311404	540
0.74834114	-0.0132118807	541
0.724482546	-0.0144787107	542
0.699602115	-0.0158305369	543
0.673762628	-0.017265899	544
0.647035836	-0.018780269	545
0.619502123	-0.0203636689	546
0.59125055	-0.0220064847	547
0.562378102	-0.0236928855	548
0.532989424	-0.0254041699	549
0.503196028	-0.0271145444	550
0.473116078	-0.0287978883	551
0.442873392	-0.0304235137	552
0.412596137	-0.0319432219	553
0.3824204	-0.0333859453	554
0.352489212	-0.0348660112	555
0.322941103	-0.0363702902	556
0.293912617	-0.037835139	557
0.265539804	-0.0392018179	558
0.237956712	-0.0404072791	559
0.21129452	-0.04138846	560
0.185680532	-0.0420816345	561
0.161237368	-0.0424254011	562
0.138082203	-0.0423616797	563
0.116326257	-0.0418346442	564
0.0960746817	-0.0407924296	565
0.0774275291	-0.0391828701	566
0.0604819683	-0.0369568508	567
0.0453376078	-0.0340625603	568
0.0321069027	-0.030448184	569
0.0209370119	-0.0260613736	570
0.0120356246	-0.0208946156	571
0.00566194378	-0.0151023437	572
0.0019148535	-0.00920262291	573
0.000328005164	-0.00399153298	574
-1.00282639e-05	-5.83720536e-06	575
0.000305152547	0.00398185816	576
0.00163814052	0.00921232518	577
0.00452451865	0.0154643898	578
0.0093024886	0.0224291925	579
0.0161037046	0.029837187	580
0.0249443727	0.0374964854	581
0.0357960449	0.045269595	582
0.0486137687	0.0530466725	583
0.0633434533	0.0607285361	584
0.0799223478	0.0682186857	585
0.0982776838	0.0754192178	586
0.118323824	0.0822356823	587
0.139963089	0.0885751465	588
0.163085465	0.0943485453	589
0.187568418	0.0994774085	590
0.213279347	0.103890784	591
0.240076237	0.107532606	592
0.267810333	0.110359644	593
0.29632825	0.11234077	594
0.325473711	0.11346352	595
0.355090168	0.113727526	596
0.385022485	0.113142869	597
0.415120873	0.111778027	598
0.445252165	0.109841576	599
0.475287772	0.107419695	600
0.505102565	0.104552032	601
0.534578207	0.101286797	602
0.563603338	0.0976734441	603
0.592073877	0.0937606305	604
0.619893435	0.0895963517	605
0.646973754	0.0852284165	606
0.673235194	0.0807052138	607
0.698606117	0.0760708424	608
0.7230238	0.0713693372	609
0.74643402	0.066642033	610
0.768791057	0.0619273069	611
0.790057939	0.0572620796	612
0.8102061	0.0526804337	613
0.829215177	0.0482134309	614
0.847072605	0.0438882747	615
0.863773684	0.0397296243	616
0.87932119	0.0357592388	617
0.89372477	0.031994897	618
0.907000813	0.0284513625	619
0.919171994	0.0251402781	620
0.930266591	0.022069329	621
0.940318227	0.0192430019	622
0.949365624	0.0166634156	623
0.957451705	0.0143292008	624
0.964622864	0.0122349701	625
0.97092954	0.0103746354	626
0.976425998	0.00874239718	627
0.981167388	0.0073258241	628
0.985208947	0.00610521635	629
0.98860968	0.00506602431	630
0.991433561	0.00420384271	631
0.993743178	0.00350726594	632
0.995593972	0.00294175121	633
0.997025193	0.00242643546	634
0.998087356	0.00193458668	635
0.998844415	0.00148563027	636
0.999375554	0.00109787174	637
0.999715526	0.000756055657	638
0.999903375	0.000437853794	639
1.00001091	0.000127248705	640
0.999986307	-0.000220742592	641
0.999838449	-0.000550414873	642
0.999473621	-0.000860254267	643
0.998867554	-0.00115293254	644
0.998015104	-0.00142880886	645
0.996832139	-0.0016527181	646
0.995263408	-0.00179111259	647
0.993250644	-0.0018691543	648
0.990731119	-0.00196595546	649
0.987637605	-0.00210069864	650
0.983901985	-0.00226816533	651
0.979456935	-0.00245764659	652
0.974238009	-0.00267427853	653
0.968183481	-0.00292971973	654
0.961233837	-0.00322682047	655
0.953332728	-0.00356429035	656
0.94442819	-0.0039452251	657
0.934473016	-0.00437442175	658
0.92342509	-0.00485482309	659
0.911248042	-0.00538903002	660
0.89791187	-0.00598042819	661
0.883393395	-0.00663270183	662
0.867676723	-0.00734967892	663
0.850753675	-0.0081351545	664
0.832624172	-0.00899282356	665
0.813296585	-0.00992632215	666
0.792788016	-0.0109391518	667
0.771124531	-0.0120345688	668
0.74834132	-0.0132153088	669
0.72448273	-0.0144821385	670
0.699602303	-0.0158339645	671
0.67376282	-0.0172693263	672
0.647036031	-0.018783696	673
0.619502321	-0.0203670958	674
0.59125075	-0.0220099114	675
0.562378301	-0.0236963121	676
0.532989621	-0.0254075966	677
0.503196221	-0.0271179713	678
0.473116265	-0.0288013155	679
0.44287357	-0.0304269413	680
0.412596307	-0.0319466498	681
0.382420569	-0.0333893732	682
0.352489383	-0.0348694388	683
0.322941275	-0.0363737178	684
0.293912783	-0.0378385667	685
0.265539958	-0.0392052461	686
0.237956847	-0.040410708	687
0.211294626	-0.0413918899	688
0.185680598	-0.0420850653	689
0.161237382	-0.0424288324	690
0.138082151	-0.0423651106	691
0.11632612	-0.0418380727	692
0.0960744365	-0.040795852	693
0.0774271453	-0.0391862796	694
0.0604814047	-0.0369602352	695
0.0453368072	-0.0340658964	696
0.0321057856	-0.0304514278	697
0.0209354741	-0.0260644404	698
0.0120335579	-0.0208973539	699
0.00565930413	-0.0151045349	700
0.00191174587	-0.00920407595	701
0.000324645834	-0.00399222815	702
-1.34586366e-05	-5.86241445e-06	703
0.000301769687	0.00398242749	704
0.00163490567	0.00921346689	705
0.00452152641	0.0154660673	706
0.00929978873	0.0224313087	707
0.0161012984	0.0298396319	708
0.0249422352	0.0374991686	709
0.035794145	0.0452724512	710
0.0486120778	0.0530496573	711
0.0633419484	0.0607316189	712
0.0799210114	0.0682218453	713
0.0982765025	0.0754224386	714
0.118322787	0.0822389527	715
0.139962189	0.0885784573	716
0.163084697	0.0943518889	717
0.187567775	0.0994807785	718
0.213278825	0.103894175	719
0.240075831	0.107536013	720
0.267810039	0.110363062	721
0.296328064	0.112344196	722
0.325473628	0.11346695	723
0.355090183	0.113730958	724
0.385022591	0.113146298	725
0.415121056	0.111781454	726
0.44525241	0.109844999	727
0.475288072	0.107423113	728
0.505102917	0.104555445	729
0.534578607	0.101290205	730
0.563603782	0.0976768468	731
0.592074364	0.0937640276	732
0.619893961	0.0895997428	733
0.646974318	0.0852318017	734
0.673235792	0.0807085931	735
0.698606749	0.0760742156	736
0.723024463	0.0713727045	737
0.746434713	0.0666453944	738
0.768791778	0.0619306624	739
0.790058686	0.0572654293	740
0.810206872	0.0526837778	741
0.829215972	0.0482167696	742
0.847073423	0.0438916081	743
0.863774522	0.0397329526	744
0.879322047	0.0357625623	745
0.893725646	0.0319982158	746
0.907001705	0.028454677	747
0.919172902	0.0251435885	748
0.930267513	0.0220726355	749
0.940319161	0.0192463048	750
0.94936657	0.0166667152	751
0.957452661	0.0143324975	752
0.964623829	0.012238264	753
0.970930513	0.0103779271	754
0.976426978	0.00874568701	755
0.981168376	0.00732911172	756
0.985209943	0.0061085014	757
0.988610681	0.00506930773	758
0.991434564	0.00420712548	759
0.993744202	0.00351054267	760
0.995595088	0.0029449977	761
0.997026511	0.0024296051	762
0.998088953	0.00193762544	763
0.99884632	0.00148848649	764
0.999377818	0.00110045234	765
0.999718242	0.000758155475	766
0.999906513	0.000439245045	767
1.00001481	0.000127660461	768
0.999990105	-0.000221731874	769
0.99984159	-0.000552768655	770
0.999475874	-0.000863468354	771
0.998869097	-0.00115654139	772
0.99801611	-0.00143260289	773
0.996832726	-0.00165659904	774
0.995263722	-0.0017950252	775
0.993250841	-0.00187307457	776
0.990731292	-0.00196987687	777
0.987637778	-0.00210462008	778
0.983902155	-0.00227208689	779
0.979457102	-0.00246156833	780
0.974238174	-0.00267820031	781
0.968183648	-0.00293364147	782
0.961234004	-0.00323074216	783
0.953332896	-0.00356821202	784
0.944428359	-0.00394914671	785
0.934473186	-0.00437834329	786
0.923425261	-0.00485874455	787
0.911248216	-0.00539295138	788
0.897912045	-0.00598434943	789
0.883393573	-0.00663662292	790
0.867676904	-0.00735359984	791
0.850753858	-0.00813907523	792
0.83262436	-0.00899674406	793
0.813296777	-0.00993024241	794
0.792788212	-0.0109430718	795
0.771124732	-0.0120384884	796
0.748341526	-0.0132192282	797
0.724482941	-0.0144860576	798
0.699602519	-0.0158378832	799
0.67376304	-0.0172732448	800
0.647036254	-0.0187876142	801
0.619502547	-0.0203710136	802
0.591250977	-0.0220138291	803
0.562378529	-0.0237002298	804
0.532989846	-0.0254115143	805
0.503196442	-0.0271218891	806
0.473116479	-0.0288052336	807
0.442873774	-0.0304308598	808
0.412596502	-0.0319505687	809
0.382420762	-0.033393292	810
0.352489579	-0.0348733575	811
0.32294147	-0.0363776363	812
0.293912972	-0.0378424855	813
0.265540134	-0.0392091654	814
0.237957	-0.0404146281	815
0.211294745	-0.041395811	816
0.185680672	-0.0420889874	817
0.161237396	-0.0424327551	818
0.138082089	-0.0423690326	819
0.11632596	-0.0418419919	820
0.0960741515	-0.0407997639	821
0.0774267002	-0.0391901765	822
0.0604807516	-0.0369641025	823
0.0453358796	-0.0340697072	824
0.0321044916	-0.0304551301	825
0.0209336956	-0.0260679357	826
0.0120311751	-0.0209004687	827
0.00565627354	-0.0151070237	828
0.00190818964	-0.00920572868	829
0.000320805774	-0.00399302299	830
-1.73798854e-05	-5.89748783e-06	831
0.000297901082	0.00398306857	832
0.00163120367	0.00921475998	833
0.00451809832	0.0154679712	834
0.00929669293	0.0224337155	835
0.0160985384	0.0298424175	836
0.024939784	0.0375022293	837
0.035791967	0.0452757121	838
0.0486101403	0.0530530666	839
0.0633402248	0.0607351412	840
0.0799194812	0.0682254559	841
0.0982751504	0.0754261197	842
0.118321601	0.0822426907	843
0.139961161	0.0885822416	844
0.163083817	0.0943557109	845
0.18756704	0.0994846308	846
0.213278228	0.103898051	847
0.240075366	0.107539907	848
0.267809703	0.11036697	849
0.29632785	0.112348113	850
0.325473532	0.113470871	851
0.3550902	0.11373488	852
0.385022711	0.113150219	853
0.415121263	0.111785371	854
0.445252689	0.109848911	855
0.475288415	0.107427021	856
0.505103319	0.104559347	857
0.534579063	0.101294102	858
0.56360429	0.0976807368	859
0.59207492	0.0937679111	860
0.619894562	0.0896036197	861
0.646974962	0.0852356718	862
0.673236477	0.0807124564	863
0.698607471	0.0760780721	864
0.723025221	0.0713765541	865
0.746435505	0.0666492373	866
0.768792602	0.0619344987	867
0.790059541	0.057269259	868
0.810207754	0.0526876011	869
0.829216882	0.0482205867	870
0.847074358	0.0438954192	871
0.863775481	0.0397367578	872
0.879323028	0.0357663619	873
0.893726647	0.0320020102	874
0.907002725	0.0284584663	875
0.919173939	0.0251473731	876
0.930268566	0.0220764158	877
0.94032023	0.019250081	878
0.949367651	0.0166704878	879
0.957453755	0.0143362666	880
0.964624933	0.0122420301	881
0.970931626	0.0103816906	882
0.976428099	0.00874944826	883
0.981169505	0.00733287043	884
0.985211082	0.00611225722	885
0.988611827	0.00507306146	886
0.991435716	0.00421087753	887
0.993745381	0.00351428598	888
0.995596377	0.00294870472	889
0.997028031	0.00243322379	890
0.998090789	0.00194109413	891
0.998848511	0.00149174254	892
0.999380426	0.00110338614	893
0.99972136	0.000760538757	894
0.99991011	0.000440816184	895
1.00001928	0.000128117008	896
0.999994448	-0.000222862684	897
0.999845199	-0.000555436097	898
0.999478486	-0.000867117742	899
0.998870893	-0.00116065403	900
0.998017283	-0.00143693448	901
0.996833419	-0.00166103297	902
0.995264101	-0.00179949704	903
0.993251079	-0.0018775561	904
0.990731496	-0.00197436011	905
0.987637977	-0.00210910355	906
0.98390235	-0.00227657054	907
0.979457292	-0.00246605218	908
0.974238363	-0.00268268422	909
0.968183838	-0.00293812533	910
0.961234195	-0.00323522597	911
0.953333088	-0.00357269579	912
0.944428551	-0.00395363043	913
0.934473381	-0.00438282692	914
0.923425457	-0.00486322808	915
0.911248414	-0.00539743479	916
0.897912246	-0.00598883269	917
0.883393776	-0.00664110601	918
0.867677111	-0.00735808273	919
0.850754069	-0.00814355789	920
0.832624575	-0.00900122646	921
0.813296996	-0.00993472451	922
0.792788437	-0.0109475536	923
0.771124961	-0.0120429699	924
0.748341761	-0.0132237093	925
0.724483181	-0.0144905382	926
0.699602765	-0.0158423635	927
0.673763291	-0.0172777247	928
0.647036509	-0.0187920938	929
0.619502805	-0.0203754929	930
0.591251237	-0.0220183082	931
0.562378789	-0.0237047087	932
0.532990103	-0.0254159933	933
0.503196694	-0.0271263682	934
0.473116723	-0.028809713	935
0.442874007	-0.0304353397	936
0.412596726	-0.0319550489	937
0.382420983	-0.0333977722	938
0.352489802	-0.0348778374	939
0.322941693	-0.0363821161	940
0.293913188	-0.0378469655	941
0.265540333	-0.039213646	942
0.237957173	-0.0404191096	943
0.21129488	-0.0414002937	944
0.185680755	-0.0420934712	945
0.16123741	-0.0424372394	946
0.138082014	-0.0423735162	947
0.116325773	-0.041846472	948
0.0960738204	-0.0408042355	949
0.0774261841	-0.0391946304	950
0.0604799948	-0.0369685217	951
0.0453348052	-0.0340740599	952
0.0321029938	-0.0304593557	953
0.0209316403	-0.0260719199	954
0.0120284301	-0.020904013	955
0.00565279595	-0.0151098526	956
0.00190412084	-0.00920761019	957
0.000316416368	-0.00399393266	958
-2.18622457e-05	-5.94434065e-06	959
0.000293477262	0.0039837918	960
0.00162696768	0.00921622604	961
0.00451417176	0.0154701334	962
0.00929314389	0.0224364536	963
0.0160953733	0.0298455916	964
0.0249369731	0.0375057211	965
0.0357894703	0.045279435	966
0.0486079201	0.0530569609	967
0.0633382505	0.0607391657	968
0.0799177292	0.0682295821	969
0.0982736025	0.0754303268	970
0.118320244	0.0822469632	971
0.139959983	0.0885865672	972
0.163082811	0.0943600797	973
0.187566198	0.0994890343	974
0.213277544	0.103902482	975
0.240074834	0.107544359	976
0.267809317	0.110371437	977
0.296327606	0.11235259	978
0.325473422	0.113475353	979
0.355090217	0.113739364	980
0.385022846	0.113154701	981
0.415121497	0.111789849	982
0.445253007	0.109853385	983
0.475288806	0.107431488	984
0.505103777	0.104563809	985
0.534579585	0.101298556	986
0.56360487	0.097685184	987
0.592075555	0.0937723509	988
0.619895249	0.0896080519	989
0.646975697	0.0852400963	990
0.673237258	0.080716873	991
0.698608296	0.0760824809	992
0.723026087	0.0713809552	993
0.74643641	0.0666536307	994
0.768793544	0.0619388845	995
0.790060517	0.0572736374	996
0.810208763	0.0526919722	997
0.829217922	0.0482249506	998
0.847075426	0.0438997762	999
0.863776576	0.0397411083	1000
0.879324149	0.035770706	1001
0.893727791	0.0320063482	1002
0.907003891	0.0284627987	1003
0.919175125	0.0251517001	1004
0.930269771	0.0220807378	1005
0.940321451	0.0192543984	1006
0.949368887	0.0166748009	1007
0.957455005	0.0143405759	1008
0.964626195	0.0122463359	1009
0.970932899	0.0103859934	1010
0.97642938	0.00875374847	1011
0.981170796	0.00733716773	1012
0.985212385	0.00611655119	1013
0.988613138	0.00507735273	1014
0.991437037	0.00421516582	1015
0.993746741	0.00351856238	1016
0.995597866	0.00295293781	1017
0.997029783	0.00243735512	1018
0.998092902	0.0019450532	1019
0.998851033	0.00149545446	1020
0.999383426	0.00110672277	1021
0.99972494	0.000763244581	1022
0.999914232	0.000442591734	1023
1.00002438	0.000128624107	1024
0.999999414	-0.000224154058	1025
0.999849343	-0.000558460781	1026
0.999481509	-0.000871263385	1027
0.998872981	-0.00116534113	1028
0.998018652	-0.00144187963	1029
0.996834236	-0.00166609859	1030
0.995264554	-0.00180460798	1031
0.993251365	-0.0018826792	1032
0.990731735	-0.00197948566	1033
0.987638206	-0.00211422955	1034
0.983902574	-0.00228169682	1035
0.97945751	-0.00247117871	1036
0.97423858	-0.00268781083	1037
0.968184056	-0.00294325188	1038
0.961234414	-0.00324035248	1039
0.953333308	-0.00357782225	1040
0.944428772	-0.00395875682	1041
0.934473603	-0.00438795321	1042
0.923425681	-0.00486835425	1043
0.91124864	-0.00540256081	1044
0.897912475	-0.00599395854	1045
0.883394009	-0.00664623165	1046
0.867677347	-0.00736320813	1047
0.850754309	-0.00814868301	1048
0.83262482	-0.00900635127	1049
0.813297247	-0.00993984898	1050
0.792788693	-0.0109526776	1051
0.771125224	-0.0120480935	1052
0.74834203	-0.0132288325	1053
0.724483456	-0.014495661	1054
0.699603046	-0.0158474858	1055
0.673763577	-0.0172828466	1056
0.647036801	-0.0187972152	1057
0.6195031	-0.0203806141	1058
0.591251534	-0.022023429	1059
0.562379085	-0.0237098294	1060
0.532990397	-0.0254211139	1061
0.503196982	-0.0271314891	1062
0.473117001	-0.0288148342	1063
0.442874275	-0.0304404613	1064
0.412596983	-0.0319601708	1065
0.382421236	-0.0334028942	1066
0.352490057	-0.0348829591	1067
0.322941947	-0.0363872376	1068
0.293913433	-0.0378520872	1069
0.265540559	-0.0392187683	1070
0.237957369	-0.040424233	1071
0.211295032	-0.0414054184	1072
0.185680846	-0.042098597	1073
0.161237423	-0.0424423659	1074
0.138081925	-0.0423786417	1075
0.116325554	-0.0418515934	1076
0.0960734358	-0.0408093469	1077
0.0774255858	-0.0391997209	1078
0.0604791182	-0.0369735716	1079
0.0453335612	-0.0340790318	1080
0.0321012611	-0.0304641789	1081
0.0209292669	-0.026076462	1082
0.0120252701	-0.0209080473	1083
0.00564880715	-0.0151130696	1084
0.00189946625	-0.00920975345	1085
0.000311399145	-0.00399497432	1086
-2.69860023e-05	-6.00523487e-06	1087
0.00028841878	0.00398460885	1088
0.00162212124	0.00921788955	1089
0.00450967509	0.01547259	1090
0.00928907604	0.0224395693	1091
0.0160917439	0.0298492086	1092
0.0249337501	0.0375097045	1093
0.0357866083	0.0452836853	1094
0.0486053762	0.0530614089	1095
0.0633359892	0.060743764	1096
0.079915723	0.0682342974	1097
0.0982718306	0.0754351351	1098
0.11831869	0.0822518466	1099
0.139958635	0.0885915116	1100
0.16308166	0.0943650735	1101
0.187565234	0.0994940679	1102
0.213276761	0.103907547	1103
0.240074225	0.107549448	1104
0.267808875	0.110376543	1105
0.296327325	0.112357708	1106
0.325473295	0.113480478	1107
0.355090236	0.11374449	1108
0.385022998	0.113159825	1109
0.415121764	0.111794968	1110
0.445253369	0.109858498	1111
0.475289253	0.107436595	1112
0.505104301	0.104568909	1113
0.53458018	0.101303648	1114
0.563605532	0.0976902682	1115
0.59207628	0.0937774266	1116
0.619896034	0.0896131189	1117
0.646976538	0.0852451545	1118
0.673238152	0.0807219224	1119
0.698609239	0.0760875214	1120
0.723027077	0.0713859868	1121
0.746437444	0.0666586535	1122
0.76879462	0.0619438986	1123
0.790061633	0.0572786429	1124
0.810209917	0.0526969694	1125
0.82921911	0.0482299398	1126
0.847076648	0.0439047575	1127
0.863777828	0.039746082	1128
0.87932543	0.0357756726	1129
0.893729099	0.0320113079	1130
0.907005224	0.0284677518	1131
0.919176481	0.0251566472	1132
0.930271147	0.0220856791	1133
0.940322846	0.0192593345	1134
0.9493703	0.0166797322	1135
0.957456433	0.0143455027	1136
0.964627638	0.0122512587	1137
0.970934353	0.0103909128	1138
0.976430845	0.00875866486	1139
0.981172273	0.00734208076	1140
0.985213874	0.00612146033	1141
0.98861464	0.00508225837	1142
0.991438553	0.00422006689	1143
0.993748307	0.00352344785	1144
0.995599584	0.00295777181	1145
0.997031801	0.00244207171	1146
0.998095332	0.0019495717	1147
0.998853934	0.00149968614	1148
0.999386878	0.0011105186	1149
0.999729049	0.000766317362	1150
0.999918953	0.000444599441	1151
1.00003022	0.000129188172	1152
1.00000509	-0.000225627761	1153
0.999854101	-0.000561892007	1154
0.999485004	-0.000875974407	1155
0.998875405	-0.00117068315	1156
0.998020247	-0.00144752499	1157
0.996835197	-0.00167188582	1158
0.995265097	-0.00181044933	1159
0.993251708	-0.00188853569	1160
0.990732016	-0.00198534549	1161
0.987638472	-0.00212009015	1162
0.983902831	-0.00228755782	1163
0.979457761	-0.00247704003	1164
0.974238828	-0.00269367224	1165
0.968184305	-0.00294911326	1166
0.961234664	-0.0032462138	1167
0.953333558	-0.00358368352	1168
0.944429024	-0.003964618	1169
0.934473857	-0.00439381427	1170
0.923425938	-0.00487421516	1171
0.911248899	-0.00540842155	1172
0.897912737	-0.00599981907	1173
0.883394275	-0.00665209194	1174
0.867677617	-0.00736906813	1175
0.850754585	-0.00815454269	1176
0.832625101	-0.00901221058	1177
0.813297534	-0.00994570787	1178
0.792788986	-0.0109585361	1179
0.771125524	-0.0120539515	1180
0.748342337	-0.0132346899	1181
0.724483771	-0.0145015179	1182
0.699603367	-0.0158533422	1183
0.673763905	-0.0172887024	1184
0.647037134	-0.0188030706	1185
0.619503437	-0.020386469	1186
0.591251873	-0.0220292836	1187
0.562379424	-0.0237156838	1188
0.532990732	-0.0254269683	1189
0.503197311	-0.0271373436	1190
0.47311732	-0.0288206891	1191
0.44287458	-0.0304463166	1192
0.412597276	-0.0319660265	1193
0.382421525	-0.0334087498	1194
0.352490348	-0.0348888143	1195
0.322942236	-0.0363930927	1196
0.293913712	-0.0378579425	1197
0.265540817	-0.0392246243	1198
0.237957591	-0.0404300902	1199
0.211295203	-0.0414112769	1200
0.185680949	-0.042104457	1201
0.161237434	-0.0424482264	1202
0.13808182	-0.042384501	1203
0.116325299	-0.0418574477	1204
0.0960729889	-0.0408151895	1205
0.0774248922	-0.0392055391	1206
0.0604781029	-0.036979342	1207
0.0453321214	-0.034084711	1208
0.0320992576	-0.0304696842	1209
0.020926528	-0.0260816406	1210
0.0120216344	-0.0209126406	1211
0.00564423358	-0.0151167299	1212
0.00189414208	-0.00921219601	1213
0.000305664384	-0.00399616746	1214
-3.28429339e-05	-6.08239739e-06	1215
0.000282634785	0.00398553289	1216
0.00161657686	0.00921977836	1217
0.00450452637	0.0154753825	1218
0.00928441438	0.0224431156	1219
0.0160875828	0.0298533308	1220
0.0249300548	0.037514249	1221
0.0357833277	0.0452885378	1222
0.0486024612	0.0530664895	1223
0.0633333989	0.0607490177	1224
0.0799134257	0.0682396858	1225
0.0982698021	0.0754406306	1226
0.118316912	0.0822574282	1227
0.139957093	0.0885971631	1228
0.163080342	0.0943707818	1229
0.187564132	0.0994998218	1230
0.213275865	0.103913337	1231
0.240073528	0.107555265	1232
0.26780837	0.11038238	1233
0.296327003	0.112363558	1234
0.325473149	0.113486335	1235
0.355090255	0.11375035	1236
0.385023169	0.113165682	1237
0.415122066	0.111800821	1238
0.445253782	0.109864344	1239
0.475289762	0.107442434	1240
0.505104899	0.104574739	1241
0.53458086	0.10130947	1242
0.563606289	0.0976960804	1243
0.592077109	0.0937832292	1244
0.619896931	0.0896189116	1245
0.646977499	0.0852509372	1246
0.673239173	0.080727695	1247
0.698610317	0.0760932838	1248
0.723028208	0.0713917391	1249
0.746438627	0.0666643958	1250
0.76879585	0.061949631	1251
0.790062908	0.0572843656	1252
0.810211235	0.0527026827	1253
0.829220468	0.0482356438	1254
0.847078043	0.0439104526	1255
0.86377926	0.0397517684	1256
0.879326894	0.0357813507	1257
0.893730594	0.0320169782	1258
0.907006747	0.0284734147	1259
0.91917803	0.0251623031	1260
0.930272721	0.0220913285	1261
0.940324442	0.0192649779	1262
0.949371916	0.0166853701	1263
0.957458066	0.0143511356	1264
0.964629287	0.012256887	1265
0.970936016	0.0103965372	1266
0.97643252	0.00876428572	1267
0.981173961	0.00734769771	1268
0.985215578	0.00612707271	1269
0.988616359	0.00508786622	1270
0.991440294	0.00422566821	1271
0.99375011	0.00352902919	1272
0.995601567	0.00296329215	1273
0.997034128	0.00244745644	1274
0.998098127	0.00195472842	1275
0.998857271	0.00150451044	1276
0.999390847	0.00111483771	1277
0.999733764	0.000769807547	1278
0.999924362	0.000446870681	1279
1.0000369	0.000129816323	1280
1.00001158	-0.000227308663	1281
0.999859562	-0.00056578564	1282
0.999489043	-0.000881329284	1283
0.998878218	-0.00117677181	1284
0.998022106	-0.00145396951	1285
0.996836327	-0.00167849731	1286
0.995265744	-0.0018171254	1287
0.993252119	-0.0018952305	1288
0.990732348	-0.00199204477	1289
0.98763878	-0.0021267906	1290
0.983903126	-0.00229425884	1291
0.979458048	-0.00248374144	1292
0.974239112	-0.00270037379	1293
0.96818459	-0.00295581477	1294
0.96123495	-0.00325291525	1295
0.953333845	-0.00359038491	1296
0.944429313	-0.00397131929	1297
0.934474148	-0.00440051542	1298
0.923426231	-0.00488091614	1299
0.911249195	-0.00541512232	1300
0.897913037	-0.00600651959	1301
0.883394579	-0.00665879216	1302
0.867677926	-0.00737576802	1303
0.850754899	-0.00816124219	1304
0.832625422	-0.00901890964	1305
0.813297862	-0.00995240645	1306
0.792789322	-0.0109652341	1307
0.771125867	-0.012060649	1308
0.748342688	-0.0132413868	1309
0.72448413	-0.0145082141	1310
0.699603734	-0.0158600377	1311
0.67376428	-0.0172953973	1312
0.647037514	-0.0188097649	1313
0.619503822	-0.0203931628	1314
0.59125226	-0.0220359771	1315
0.562379811	-0.023722377	1316
0.532991116	-0.0254336615	1317
0.503197686	-0.0271440369	1318
0.473117684	-0.0288273827	1319
0.442874929	-0.0304530106	1320
0.412597613	-0.0319727209	1321
0.382421857	-0.0334154441	1322
0.35249068	-0.0348955083	1323
0.322942565	-0.0363997864	1324
0.293914029	-0.0378646365	1325
0.265541109	-0.0392313191	1326
0.237957843	-0.0404367862	1327
0.211295396	-0.0414179746	1328
0.185681062	-0.042111156	1329
0.161237444	-0.0424549261	1330
0.138081694	-0.0423911991	1331
0.116325	-0.04186414	1332
0.0960724699	-0.0408218679	1333
0.0774240882	-0.0392121888	1334
0.0604769273	-0.0369859359	1335
0.0453304555	-0.034091198	1336
0.0320969423	-0.0304759684	1337
0.0209233691	-0.0260875456	1338
0.0120174535	-0.0209178717	1339
0.00563899104	-0.0151208959	1340
0.00188805251	-0.00921498068	1341
0.00029910951	-0.00399753432	1342
-3.95379488e-05	-6.17874432e-06	1343
0.000276021406	0.00398657886	1344
0.00161023451	0.00922192413	1345
0.00449863184	0.0154785579	1346
0.00927907306	0.0224471528	1347
0.0160828128	0.0298580293	1348
0.0249258182	0.0375194337	1349
0.0357795673	0.0452940778	1350
0.048599121	0.0530722926	1351
0.0633304319	0.0607550204	1352
0.0799107951	0.0682458435	1353
0.0982674799	0.0754469113	1354
0.118314877	0.0822638079	1355
0.139955328	0.088603623	1356
0.163078835	0.0943773068	1357
0.18756287	0.099506399	1358
0.21327484	0.103919955	1359
0.24007273	0.107561915	1360
0.26780779	0.110389053	1361
0.296326633	0.112370246	1362
0.32547298	0.113493032	1363
0.355090276	0.113757048	1364
0.385023363	0.113172379	1365
0.41512241	0.111807511	1366
0.445254251	0.109871027	1367
0.475290342	0.107449108	1368
0.505105581	0.104581404	1369
0.534581636	0.101316125	1370
0.563607154	0.0977027252	1371
0.592078056	0.093789863	1372
0.619897955	0.0896255341	1373
0.646978597	0.0852575482	1374
0.673240339	0.0807342944	1375
0.698611549	0.0760998717	1376
0.723029502	0.0713983155	1377
0.746439978	0.0666709607	1378
0.768797256	0.0619561846	1379
0.790064366	0.0572909082	1380
0.810212741	0.0527092144	1381
0.82922202	0.0482421649	1382
0.847079639	0.0439169635	1383
0.863780896	0.0397582696	1384
0.879328568	0.0357878425	1385
0.893732303	0.0320234609	1386
0.907008489	0.028479889	1387
0.919179802	0.0251687695	1388
0.93027452	0.0220977875	1389
0.940326266	0.01927143	1390
0.949373762	0.0166918159	1391
0.957459933	0.0143575756	1392
0.964631173	0.0122633218	1393
0.970937917	0.0104029675	1394
0.976434435	0.00877071198	1395
0.981175892	0.00735411939	1396
0.985217527	0.00613348896	1397
0.988618328	0.00509427665	1398
0.991442292	0.00423206971	1399
0.993752188	0.00353540555	1400
0.995603854	0.0029695964	1401
0.997036808	0.00245360392	1402
0.998101344	0.00196061326	1403
0.998861108	0.00151001038	1404
0.99939541	0.00111975296	1405
0.999739173	0.00077377244	1406
0.999930556	0.000449440942	1407
1.00004454	0.000130516432	1408
1.00001901	-0.000229225194	1409
0.999865829	-0.000570205098	1410
0.999493706	-0.000887417208	1411
0.998881481	-0.00118371159	1412
0.998024271	-0.00146132611	1413
0.996837653	-0.00168605034	1414
0.995266514	-0.00182475539	1415
0.993252611	-0.00190288359	1416
0.990732738	-0.00199970372	1417
0.987639137	-0.00213445121	1418
0.983903467	-0.00230192025	1419
0.979458377	-0.00249140336	1420
0.974239438	-0.00270803589	1421
0.968184916	-0.00296347685	1422
0.961235277	-0.00326057726	1423
0.953334173	-0.00359804684	1424
0.944429642	-0.00397898111	1425
0.93447448	-0.00440817707	1426
0.923426566	-0.00488857758	1427
0.911249534	-0.00542278351	1428
0.89791338	-0.0060141805	1429
0.883394927	-0.00666645272	1430
0.86767828	-0.00738342817	1431
0.850755259	-0.00816890188	1432
0.832625789	-0.00902656882	1433
0.813298236	-0.00996006505	1434
0.792789705	-0.0109728921	1435
0.77112626	-0.0120683063	1436
0.74834309	-0.0132490433	1437
0.724484541	-0.01451587	1438
0.699604154	-0.0158676928	1439
0.673764708	-0.0173030516	1440
0.647037949	-0.0188174185	1441
0.619504262	-0.0204008158	1442
0.591252703	-0.0220436296	1443
0.562380253	-0.0237300292	1444
0.532991553	-0.0254413136	1445
0.503198115	-0.0271516891	1446
0.4731181	-0.0288350352	1447
0.442875329	-0.0304606637	1448
0.412597998	-0.0319803743	1449
0.382422236	-0.0334230973	1450
0.352491059	-0.0349031611	1451
0.322942941	-0.036407439	1452
0.29391439	-0.0378722892	1453
0.265541441	-0.0392389727	1454
0.237958128	-0.0404444413	1455
0.211295614	-0.0414256314	1456
0.185681189	-0.0421188144	1457
0.16123745	-0.042462585	1458
0.138081545	-0.0423988561	1459
0.116324653	-0.0418717901	1460
0.0960718671	-0.0408295017	1461
0.0774231564	-0.039219789	1462
0.0604755663	-0.0369934706	1463
0.0453285288	-0.0340986078	1464
0.0320942679	-0.0304831419	1465
0.0209197278	-0.0260942795	1466
0.0120126478	-0.0209238303	1467
0.00563298312	-0.0151256393	1468
0.00188108793	-0.00921815628	1469
0.000291617266	-0.00399910028	1470
-4.71909677e-05	-6.29765851e-06	1471
0.000268459885	0.00398776369	1472
0.00160297978	0.00922436291	1473
0.00449188424	0.0154821701	1474
0.00927295388	0.0224517499	1475
0.0160773453	0.0298633851	1476
0.0249209617	0.0375253492	1477
0.0357752573	0.0453004027	1478
0.0485952937	0.053078921	1479
0.0633270333	0.0607618787	1480
0.0799077828	0.0682528803	1481
0.0982648213	0.0754540894	1482
0.118312547	0.0822710996	1483
0.139953308	0.0886110069	1484
0.163077109	0.0943847652	1485
0.187561426	0.0995139174	1486
0.213273666	0.103927521	1487
0.240071817	0.107569517	1488
0.267807127	0.110396681	1489
0.29632621	0.112377892	1490
0.325472785	0.113500687	1491
0.355090297	0.113764706	1492
0.385023582	0.113180034	1493
0.4151228	0.11181516	1494
0.445254786	0.109878668	1495
0.475291005	0.107456739	1496
0.50510636	0.104589024	1497
0.534582523	0.101323734	1498
0.563608141	0.0977103216	1499
0.592079138	0.0937974468	1500
0.619899126	0.0896331051	1501
0.646979851	0.0852651061	1502
0.673241672	0.0807418392	1503
0.698612956	0.0761074033	1504
0.72303098	0.0714058339	1505
0.746441522	0.0666784661	1506
0.768798863	0.0619636771	1507
0.790066032	0.0572983881	1508
0.810214463	0.0527166819	1509
0.829223795	0.0482496204	1510
0.847081463	0.0439244074	1511
0.863782766	0.0397657022	1512
0.879330481	0.0357952643	1513
0.893734256	0.0320308726	1514
0.907010479	0.028487291	1515
0.919181827	0.0251761624	1516
0.930276576	0.022105172	1517
0.94032835	0.0192788067	1518
0.949375873	0.0166991854	1519
0.957462068	0.0143649385	1520
0.964633328	0.0122706788	1521
0.970940091	0.0104103193	1522
0.976436625	0.00877805901	1523
0.981178101	0.00736146104	1524
0.985219758	0.00614082412	1525
0.988620583	0.0051016044	1526
0.991444586	0.00423938563	1527
0.993754579	0.00354269019	1528
0.995606491	0.00297679588	1529
0.997039896	0.00246062214	1530
0.998105044	0.00196732882	1531
0.998865522	0.00151628063	1532
0.999400654	0.00112534732	1533
0.999745378	0.000778277155	1534
0.999937651	0.000452350382	1535
1.00005327	0.000131297175	1536
1.0000275	-0.000231409911	1537
0.999873019	-0.000575222481	1538
0.999499086	-0.000894339638	1539
0.998885263	-0.00119162157	1540
0.998026792	-0.00146972365	1541
0.996839211	-0.00169467877	1542
0.995267429	-0.0018334755	1543
0.993253196	-0.00191163204	1544
0.990733198	-0.00200845975	1545
0.987639552	-0.00214320955	1546
0.983903859	-0.00231067968	1547
0.979458755	-0.00250016344	1548
0.974239811	-0.00271679621	1549
0.968185289	-0.00297223716	1550
0.961235651	-0.00326933751	1551
0.953334549	-0.00360680701	1552
0.94443002	-0.00398774113	1553
0.93447486	-0.00441693689	1554
0.923426949	-0.00489733716	1555
0.911249921	-0.0054315428	1556
0.897913772	-0.00602293943	1557
0.883395324	-0.00667521124	1558
0.867678684	-0.00739218622	1559
0.850755671	-0.00817765938	1560
0.832626208	-0.00903532571	1561
0.813298665	-0.00996882127	1562
0.792790143	-0.0109816476	1563
0.771126708	-0.0120770609	1564
0.748343549	-0.0132577971	1565
0.724485011	-0.0145246229	1566
0.699604634	-0.0158764448	1567
0.673765197	-0.0173118028	1568
0.647038446	-0.0188261689	1569
0.619504765	-0.0204095655	1570
0.591253208	-0.0220523787	1571
0.562380757	-0.0237387779	1572
0.532992053	-0.025450062	1573
0.503198605	-0.0271604376	1574
0.473118575	-0.0288437841	1575
0.442875786	-0.030469413	1576
0.412598438	-0.0319891239	1577
0.38242267	-0.0334318468	1578
0.352491493	-0.03491191	1579
0.322943369	-0.0364161876	1580
0.293914801	-0.0378810382	1581
0.265541818	-0.0392477226	1582
0.237958451	-0.0404531927	1583
0.21129586	-0.0414343847	1584
0.185681329	-0.0421275695	1585
0.161237452	-0.0424713406	1586
0.138081368	-0.0424076094	1587
0.116324246	-0.0418805352	1588
0.096071167	-0.0408382275	1589
0.0774220766	-0.0392284755	1590
0.0604739913	-0.0370020804	1591
0.0453263013	-0.0341070717	1592
0.0320911802	-0.0304913308	1593
0.0209155325	-0.0261019594	1594
0.0120071261	-0.0209306189	1595
0.00562609949	-0.0151310413	1596
0.00187312303	-0.00922177856	1597
0.00028305361	-0.00400089437	1598
-5.5939071e-05	-6.44306631e-06	1599
0.000259814452	0.00398910662	1600
0.00159468184	0.00922713578	1601
0.00448416089	0.0154862802	1602
0.00926594444	0.0224569854	1603
0.0160710791	0.0298694907	1604
0.0249153948	0.0375320987	1605
0.0357703175	0.045307624	1606
0.0485909082	0.0530864919	1607
0.0633231403	0.0607697145	1608
0.0799043333	0.0682609215	1609
0.0982617777	0.0754622931	1610
0.118309881	0.0822794339	1611
0.139950997	0.0886194469	1612
0.163075134	0.0943932907	1613
0.187559774	0.0995225116	1614
0.213272323	0.103936169	1615
0.240070771	0.107578207	1616
0.267806367	0.110405401	1617
0.296325724	0.112386631	1618
0.325472561	0.113509438	1619
0.355090319	0.11377346	1620
0.38502383	0.113188785	1621
0.415123243	0.111823904	1622
0.445255395	0.109887402	1623
0.47529176	0.107465462	1624
0.505107249	0.104597735	1625
0.534583536	0.101332432	1626
0.563609269	0.097719006	1627
0.592080374	0.0938061169	1628
0.619900464	0.0896417605	1629
0.646981285	0.0852737466	1630
0.673243196	0.0807504647	1631
0.698614565	0.0761160137	1632
0.723032669	0.0714144294	1633
0.746443287	0.0666870467	1634
0.7688007	0.061972243	1635
0.790067937	0.0573069395	1636
0.810216431	0.0527252193	1637
0.829225823	0.0482581441	1638
0.847083548	0.0439329177	1639
0.863784903	0.0397741998	1640
0.879332668	0.0358037497	1641
0.893736489	0.0320393463	1642
0.907012754	0.0284957537	1643
0.919184141	0.0251846148	1644
0.930278926	0.0221136146	1645
0.940330734	0.0192872404	1646
0.949378286	0.016707611	1647
0.957464507	0.0143733566	1648
0.964635792	0.01227909	1649
0.970942576	0.0104187246	1650
0.97643913	0.00878645872	1651
0.981180627	0.00736985442	1652
0.985222311	0.00614920969	1653
0.988623167	0.0051099806	1654
0.991447219	0.00424774649	1655
0.993757333	0.00355101252	1656
0.995609532	0.00298501768	1657
0.997043453	0.00246863438	1658
0.998109301	0.00197499219	1659
0.998870596	0.00152342914	1660
0.999406679	0.00113171521	1661
0.999752495	0.00078339571	1662
0.999945776	0.000455644454	1663
1.00006325	0.000132168063	1664
1.00003721	-0.000233900152	1665
0.999881266	-0.000580919876	1666
0.999505291	-0.000902212079	1667
0.998889644	-0.00120063751	1668
0.998029725	-0.00147930915	1669
0.996841038	-0.00170453533	1670
0.995268513	-0.00184344137	1671
0.993253893	-0.00192163257	1672
0.990733739	-0.00201846998	1673
0.987640034	-0.00215322289	1674
0.983904312	-0.00232069447	1675
0.97945919	-0.00251017906	1676
0.974240238	-0.00272681216	1677
0.968185716	-0.00298225313	1678
0.961236079	-0.00327935342	1679
0.953334978	-0.00361682281	1680
0.944430451	-0.00399775677	1681
0.934475294	-0.0044269523	1682
0.923427388	-0.00490735227	1683
0.911250364	-0.00544155756	1684
0.89791422	-0.00603295378	1685
0.883395779	-0.0066852251	1686
0.867679146	-0.00740219951	1687
0.850756141	-0.00818767203	1688
0.832626688	-0.00904533764	1689
0.813299155	-0.0099788324	1690
0.792790645	-0.0109916578	1691
0.771127221	-0.0120870702	1692
0.748344074	-0.0132678055	1693
0.724485548	-0.0145346302	1694
0.699605182	-0.015886451	1695
0.673765756	-0.017321808	1696
0.647039014	-0.0188361731	1697
0.619505339	-0.0204195688	1698
0.591253785	-0.0220623813	1699
0.562381334	-0.02374878	1700
0.532992624	-0.0254600639	1701
0.503199164	-0.0271704396	1702
0.473119118	-0.0288537863	1703
0.442876309	-0.0304794157	1704
0.412598943	-0.0319991269	1705
0.382423166	-0.0334418496	1706
0.352491987	-0.0349219122	1707
0.322943857	-0.0364261894	1708
0.293915268	-0.0378910402	1709
0.265542246	-0.0392577257	1710
0.237958817	-0.0404631976	1711
0.211296137	-0.0414443917	1712
0.185681485	-0.0421375784	1713
0.161237448	-0.04248135	1714
0.138081158	-0.0424176158	1715
0.116323773	-0.0418905318	1716
0.0960703542	-0.0408482015	1717
0.0774208257	-0.0392384033	1718
0.0604721688	-0.0370119187	1719
0.0453237268	-0.0341167398	1720
0.0320876168	-0.0305006789	1721
0.0209107007	-0.0261107189	1722
0.0120007838	-0.0209383544	1723
0.00561821386	-0.0151371951	1724
0.00186401452	-0.00922591112	1725
0.000273265321	-0.00400294976	1726
-6.59389553e-05	-6.61952444e-06	1727
0.000249929889	0.00399062955	1728
0.0015851911	0.00923028958	1729
0.00447532147	0.0154909581	1730
0.00925791615	0.022462949	1731
0.0160638984	0.0298764518	1732
0.0249090142	0.0375398	1733
0.0357646561	0.0453158686	1734
0.0485858834	0.0530951395	1735
0.063318681	0.0607786672	1736
0.0799003831	0.0682701105	1737
0.0982582931	0.0754716691	1738
0.118306828	0.0822889598	1739
0.139948351	0.088629094	1740
0.163072874	0.0944030359	1741
0.187557883	0.0995323355	1742
0.213270786	0.103946055	1743
0.240069573	0.10758814	1744
0.267805496	0.110415369	1745
0.296325166	0.112396622	1746
0.325472302	0.113519441	1747
0.355090341	0.113783468	1748
0.385024109	0.113198789	1749
0.415123746	0.1118339	1750
0.445256088	0.109897387	1751
0.475292622	0.107475435	1752
0.505108264	0.104607694	1753
0.534584692	0.101342376	1754
0.563610558	0.0977289341	1755
0.592081787	0.0938160288	1756
0.619901993	0.0896516557	1757
0.646982923	0.0852836248	1758
0.673244937	0.0807603257	1759
0.698616404	0.0761258576	1760
0.723034599	0.0714242561	1761
0.746445304	0.0666968564	1762
0.768802799	0.061982036	1763
0.790070114	0.0573167161	1764
0.810218681	0.0527349798	1765
0.829228142	0.0482678889	1766
0.847085931	0.0439426474	1767
0.863787347	0.0397839149	1768
0.879335168	0.0358134508	1769
0.893739042	0.0320490341	1770
0.907015355	0.028505429	1771
0.919186787	0.0251942782	1772
0.930281613	0.0221232671	1773
0.940333458	0.0192968827	1774
0.949381044	0.0167172439	1775
0.957467296	0.014382981	1776
0.964638609	0.0122887066	1777
0.970945417	0.0104283343	1778
0.976441994	0.0087960619	1779
0.981183517	0.00737945011	1780
0.985225232	0.00615879599	1781
0.988626127	0.00511955512	1782
0.991450243	0.00425730143	1783
0.993760502	0.00356052037	1784
0.995613038	0.00299440717	1785
0.997047549	0.00247778141	1786
0.998114199	0.00198373697	1787
0.99887643	0.00153157903	1788
0.999413601	0.00113896422	1789
0.999760658	0.000789212272	1790
0.99995508	0.000459373359	1791
1.00007467	0.000133139469	1792
1.00004831	-0.000236738823	1793
0.999890725	-0.000587390865	1794
0.999512445	-0.000911166135	1795
0.998894718	-0.00121091422	1796
0.998033138	-0.00149025046	1797
0.99684318	-0.0017157948	1798
0.995269797	-0.0018548307	1799
0.993254721	-0.00193306427	1800
0.990734378	-0.00202991399	1801
0.987640596	-0.002164671	1802
0.983904835	-0.0023321445	1803
0.97945969	-0.00252163015	1804
0.974240729	-0.00273826369	1805
0.968186205	-0.00299370472	1806
0.961236569	-0.00329080495	1807
0.953335469	-0.00362827423	1808
0.944430944	-0.00400920799	1809
0.934475791	-0.00443840325	1810
0.923427889	-0.00491880288	1811
0.91125087	-0.00545300775	1812
0.897914733	-0.00604440348	1813
0.883396299	-0.00669667422	1814
0.867679674	-0.00741364797	1815
0.850756679	-0.00819911973	1816
0.832627237	-0.00905678449	1817
0.813299716	-0.00999027831	1818
0.792791218	-0.0110031027	1819
0.771127808	-0.012098514	1820
0.748344674	-0.013279248	1821
0.724486162	-0.0145460715	1822
0.699605809	-0.0158978912	1823
0.673766395	-0.0173332469	1824
0.647039663	-0.0188476108	1825
0.619505995	-0.0204310055	1826
0.591254445	-0.0220738171	1827
0.562381993	-0.0237602152	1828
0.532993276	-0.0254714988	1829
0.503199804	-0.0271818745	1830
0.473119739	-0.0288652215	1831
0.442876907	-0.0304908513	1832
0.412599519	-0.0320105628	1833
0.382423733	-0.0334532851	1834
0.352492552	-0.034933347	1835
0.322944413	-0.0364376238	1836
0.293915801	-0.0379024749	1837
0.265542733	-0.0392691615	1838
0.237959232	-0.0404746353	1839
0.211296449	-0.0414558318	1840
0.185681657	-0.0421490205	1841
0.161237437	-0.0424927925	1842
0.13808091	-0.0424290547	1843
0.11632322	-0.0419019591	1844
0.0960694105	-0.0408596023	1845
0.0774193767	-0.0392497501	1846
0.0604700607	-0.0370231608	1847
0.0453207524	-0.0341277834	1848
0.0320835059	-0.0305113509	1849
0.0209051381	-0.0261207104	1850
0.011993501	-0.0209471701	1851
0.00560918173	-0.0151442067	1852
0.00185359854	-0.00923062658	1853
0.00026207725	-0.00400530439	1854
-7.73697395e-05	-6.83231938e-06	1855
0.000238628751	0.00399235737	1856
0.00157433652	0.00923387767	1857
0.00446520546	0.0154962835	1858
0.00924872185	0.022469743	1859
0.0160556705	0.0298843888	1860
0.0249017015	0.0375485876	1861
0.0357581679	0.0453252817	1862
0.0485801259	0.0531050169	1863
0.0633135729	0.0607888958	1864
0.0798958595	0.0682806112	1865
0.0982543036	0.0754823846	1866
0.118303334	0.0822998475	1867
0.139945323	0.0886401208	1868
0.163070288	0.0944141753	1869
0.187555718	0.0995435651	1870
0.213269026	0.103957356	1871
0.240068202	0.107599495	1872
0.267804499	0.110426764	1873
0.296324527	0.112408043	1874
0.325472003	0.113530877	1875
0.355090364	0.113794908	1876
0.385024425	0.113210226	1877
0.415124318	0.111845327	1878
0.445256878	0.109908802	1879
0.475293605	0.107486836	1880
0.505109422	0.104619079	1881
0.534586013	0.101353744	1882
0.56361203	0.0977402843	1883
0.5920834	0.0938273603	1884
0.61990374	0.0896629681	1885
0.646984795	0.0852949179	1886
0.673246927	0.0807715992	1887
0.698618505	0.0761371115	1888
0.723036805	0.0714354905	1889
0.74644761	0.0667080715	1890
0.768805199	0.061993232	1891
0.790072602	0.0573278933	1892
0.810221253	0.0527461386	1893
0.829230792	0.0482790299	1894
0.847088655	0.0439537712	1895
0.86379014	0.039795022	1896
0.879338025	0.0358245419	1897
0.893741959	0.0320601101	1898
0.907018329	0.0285164906	1899
0.919189811	0.0252053264	1900
0.930284684	0.0221343028	1901
0.940336572	0.0193079068	1902
0.949384197	0.0167282573	1903
0.957470485	0.0143939846	1904
0.964641829	0.0122997013	1905
0.970948665	0.010439321	1906
0.976445269	0.00880704093	1907
0.981186823	0.00739042027	1908
0.985228577	0.00616975483	1909
0.98862952	0.00513049927	1910
0.991453716	0.00426822089	1911
0.993764151	0.00357138239	1912
0.995617077	0.00300513024	1913
0.997052268	0.00248822393	1914
0.998119832	0.00199371569	1915
0.998883137	0.00154087075	1916
0.999421552	0.00114721693	1917
0.99977002	0.000795821423	1918
0.999965734	0.00046359522	1919
1.00008773	0.000134222626	1920
1.00006101	-0.00023997531	1921
0.999901572	-0.000594742264	1922
0.999520688	-0.000921351853	1923
0.998900591	-0.0012226283	1924
0.998037106	-0.00150273914	1925
0.996845688	-0.00172865665	1926
0.995271317	-0.00186784667	1927
0.993255704	-0.00194613185	1928
0.990735129	-0.00204299707	1929
0.98764125	-0.00217775944	1930
0.983905439	-0.00234523544	1931
0.979460265	-0.00253472245	1932
0.974241291	-0.00275135656	1933
0.968186765	-0.0030067977	1934
0.961237129	-0.00330389788	1935
0.95333603	-0.00364136703	1936
0.944431508	-0.00402230057	1937
0.934476359	-0.0044514955	1938
0.923428462	-0.00493189473	1939
0.91125145	-0.00546609912	1940
0.897915319	-0.00605749426	1941
0.883396894	-0.00670976432	1942
0.867680279	-0.00742673728	1943
0.850757295	-0.00821220815	1944
0.832627864	-0.00906987191	1945
0.813300357	-0.0100033646	1946
0.792791873	-0.0110161878	1947
0.771128478	-0.0121115978	1948
0.748345361	-0.0132923304	1949
0.724486863	-0.0145591525	1950
0.699606526	-0.0159109706	1951
0.673767125	-0.0173463249	1952
0.647040404	-0.0188606875	1953
0.619506744	-0.020444081	1954
0.591255198	-0.0220868915	1955
0.562382745	-0.0237732889	1956
0.53299402	-0.025484572	1957
0.503200534	-0.0271949476	1958
0.473120448	-0.0288782948	1959
0.44287759	-0.0305039251	1960
0.412600179	-0.0320236368	1961
0.382424381	-0.0334663587	1962
0.352493197	-0.0349464197	1963
0.322945047	-0.036450696	1964
0.293916406	-0.0379155473	1965
0.265543286	-0.0392822352	1966
0.237959702	-0.0404877112	1967
0.2112968	-0.0414689103	1968
0.185681848	-0.0421621012	1969
0.161237416	-0.0425058734	1970
0.138080616	-0.0424421312	1971
0.116322575	-0.0419150219	1972
0.0960683151	-0.0408726339	1973
0.0774176986	-0.0392627184	1974
0.0604676228	-0.0370360069	1975
0.045317317	-0.0341403983	1976
0.0320787652	-0.0305235344	1977
0.0208987364	-0.026132108	1978
0.0119851405	-0.0209572182	1979
0.00559883773	-0.015152197	1980
0.00184168775	-0.00923600789	1981
0.000249289192	-0.00400800165	1982
-9.04361691e-05	-7.08783144e-06	1983
0.000225708178	0.00399431845	1984
0.00156192252	0.00923796091	1985
0.00445362927	0.0155023472	1986
0.00923819317	0.0224774839	1987
0.0160462435	0.0298934392	1988
0.0248933211	0.0375586152	1989
0.0357507326	0.0453360291	1990
0.0485735291	0.0531162988	1991
0.0633077217	0.0608005823	1992
0.0798906791	0.0682926107	1993
0.098249736	0.0754946311	1994
0.118299335	0.0823122917	1995
0.139941856	0.0886527248	1996
0.163067328	0.0944269083	1997
0.187553241	0.0995564016	1998
0.213267012	0.103970274	1999
0.240066633	0.107612476	2000
0.267803356	0.110439789	2001
0.296323793	0.112421099	2002
0.325471659	0.11354395	2003
0.355090386	0.113807986	2004
0.385024783	0.1132233	2005
0.415124967	0.111858391	2006
0.445257778	0.109921852	2007
0.475294726	0.107499869	2008
0.505110744	0.104632095	2009
0.534587521	0.10136674	2010
0.563613711	0.09775326	2011
0.592085244	0.0938403148	2012
0.619905735	0.0896759009	2013
0.646986934	0.0853078285	2014
0.673249201	0.0807844876	2015
0.698620906	0.0761499775	2016
0.723039327	0.0714483343	2017
0.746450245	0.0667208931	2018
0.768807941	0.0620060318	2019
0.790075445	0.0573406717	2020
0.810224192	0.0527588962	2021
0.829233821	0.0482917671	2022
0.847091768	0.0439664886	2023
0.863793332	0.0398077204	2024
0.879341292	0.0358372222	2025
0.893745294	0.0320727731	2026
0.907021727	0.0285291373	2027
0.919193268	0.0252179578	2028
0.930288195	0.0221469198	2029
0.940340132	0.0193205105	2030
0.949387802	0.0167408489	2031
0.95747413	0.0144065649	2032
0.96464551	0.0123122714	2033
0.97095238	0.0104518819	2034
0.976449015	0.00881959289	2035
0.981190605	0.0074029617	2036
0.985232405	0.00618228262	2037
0.988633409	0.00514300882	2038
0.991457703	0.00428069965	2039
0.993768351	0.00358379151	2040
0.995621732	0.00301737642	2041
0.997057701	0.00250014549	2042
0.998126312	0.0020051025	2043
0.998890846	0.00155146458	2044
0.999430683	0.00115661309	2045
0.999780757	0.000803330853	2046
0.999977933	0.000468376323	2047
1.00010266	0.000135428386	2048
1.00007553	-0.000243666563	2049
0.999914008	-0.000603096127	2050
0.999530183	-0.000932940432	2051
0.998907384	-0.0012359813	2052
0.998041718	-0.00151699393	2053
0.996848623	-0.00174334872	2054
0.995273111	-0.00188272148	2055
0.993256871	-0.00196106917	2056
0.990736014	-0.00205795392	2057
0.987642013	-0.00219272319	2058
0.983906137	-0.00236020241	2059
0.979460927	-0.00254969116	2060
0.974241937	-0.00276632601	2061
0.968187406	-0.00302176734	2062
0.96123777	-0.00331886748	2063
0.953336672	-0.0036563365	2064
0.944432153	-0.00403726977	2065
0.934477009	-0.00446646432	2066
0.923429117	-0.00494686307	2067
0.911252112	-0.00548106688	2068
0.897915989	-0.00607246134	2069
0.883397574	-0.0067247306	2070
0.86768097	-0.00744170263	2071
0.850757998	-0.00822717245	2072
0.832628582	-0.00908483502	2073
0.81330109	-0.0100183264	2074
0.792792622	-0.0110311482	2075
0.771129245	-0.0121265566	2076
0.748346145	-0.0133072876	2077
0.724487666	-0.014574108	2078
0.699607345	-0.0159259244	2079
0.673767959	-0.017361277	2080
0.647041251	-0.018875638	2081
0.619507601	-0.02045903	2082
0.591256059	-0.0221018393	2083
0.562383604	-0.0237882357	2084
0.532994871	-0.0254995183	2085
0.503201368	-0.0272098937	2086
0.473121259	-0.0288932411	2087
0.442878371	-0.0305188717	2088
0.412600934	-0.0320385836	2089
0.382425122	-0.033481305	2090
0.352493932	-0.034961365	2091
0.32294577	-0.0364656406	2092
0.293917095	-0.0379304922	2093
0.265543913	-0.0392971815	2094
0.237960234	-0.0405026598	2095
0.211297196	-0.0414838618	2096
0.185682059	-0.042177055	2097
0.161237383	-0.0425208273	2098
0.138080269	-0.0424570797	2099
0.116321824	-0.0419299542	2100
0.0960670439	-0.0408875296	2101
0.0774157555	-0.03927754	2102
0.060464804	-0.0370506858	2103
0.0453133502	-0.0341548082	2104
0.0320732997	-0.0305374438	2105
0.0208913711	-0.0261451103	2106
0.0119755448	-0.0209686724	2107
0.00558699264	-0.0151613041	2108
0.00182806796	-0.00924214973	2109
0.000234672295	-0.00401109119	2110
-0.000105372296	-7.39303376e-06	2111
0.000210936263	0.00399654506	2112
0.00154772547	0.00924260868	2113
0.00444038293	0.0155092528	2114
0.00922613744	0.022486305	2115
0.0160354437	0.02990376	2116
0.0248837178	0.037570058	2117
0.0357422123	0.0453483	2118
0.0485659709	0.0531291852	2119
0.0633010192	0.0608139344	2120
0.0798847465	0.0683063229	2121
0.0982445064	0.0755086272	2122
0.118294756	0.082326515	2123
0.139937889	0.0886671314	2124
0.16306394	0.0944414629	2125
0.187550406	0.0995710748	2126
0.213264706	0.10398504	2127
0.240064836	0.107627314	2128
0.267802047	0.110454679	2129
0.296322952	0.112436024	2130
0.325471262	0.113558894	2131
0.355090407	0.113822937	2132
0.385025187	0.113238246	2133
0.415125706	0.111873326	2134
0.445258803	0.109936771	2135
0.475296004	0.107514769	2136
0.505112254	0.104646974	2137
0.534589244	0.101381597	2138
0.563615632	0.0977680941	2139
0.59208735	0.0938551247	2140
0.619908016	0.089690686	2141
0.646989378	0.0853225884	2142
0.6732518	0.0807992221	2143
0.69862365	0.0761646865	2144
0.723042209	0.0714630179	2145
0.746453257	0.0667355516	2146
0.768811076	0.0620206654	2147
0.790078696	0.0573552809	2148
0.810227552	0.0527734814	2149
0.829237283	0.0483063292	2150
0.847095327	0.0439810282	2151
0.863796982	0.0398222383	2152
0.879345026	0.0358517194	2153
0.893749106	0.0320872505	2154
0.907025612	0.0285435961	2155
0.91919722	0.0252323991	2156
0.930292209	0.0221613448	2157
0.940344202	0.0193349204	2158
0.949391922	0.0167552448	2159
0.957478297	0.0144209481	2160
0.96464972	0.0123266428	2161
0.970956627	0.0104662426	2162
0.976453299	0.00883394307	2163
0.981194932	0.00741729939	2164
0.985236788	0.00619660385	2165
0.988637866	0.00515730755	2166
0.991462282	0.00429496017	2167
0.993773185	0.00359796825	2168
0.995627094	0.00303136216	2169
0.997063956	0.0025137557	2170
0.998133764	0.00201809625	2171
0.998899705	0.00156354352	2172
0.999441167	0.0011673121	2173
0.999793068	0.00081186568	2174
0.9999919	0.000473790953	2175
1.00011974	0.000136768704	2176
1.00009213	-0.000247878355	2177
0.999928263	-0.000612592053	2178
0.999541115	-0.000946127323	2179
0.998915239	-0.00125120329	2180
0.998047073	-0.0015332646	2181
0.996852055	-0.00176013128	2182
0.995275227	-0.00189972046	2183
0.993258253	-0.00197814373	2184
0.990737057	-0.00207505278	2185
0.987642902	-0.00220983089	2186
0.983906946	-0.00237731424	2187
0.97946169	-0.00256680519	2188
0.974242679	-0.00278344101	2189
0.968188141	-0.0030388826	2190
0.961238504	-0.00333598274	2191
0.953337407	-0.0036734516	2192
0.944432891	-0.00405438457	2193
0.934477752	-0.00448357868	2194
0.923429867	-0.00496397687	2195
0.911252869	-0.00549818	2196
0.897916756	-0.00608957365	2197
0.883398351	-0.00674184195	2198
0.86768176	-0.00745881289	2199
0.850758803	-0.00824428147	2200
0.832629403	-0.00910194266	2201
0.813301928	-0.0100354325	2202
0.792793479	-0.0110482526	2203
0.771130121	-0.0121436592	2204
0.748347042	-0.0133243883	2205
0.724488582	-0.0145912067	2206
0.699608281	-0.0159430211	2207
0.673768913	-0.0173783717	2208
0.647042219	-0.0188927308	2209
0.619508579	-0.020476121	2210
0.591257043	-0.0221189289	2211
0.562384586	-0.0238053241	2212
0.532995843	-0.025516606	2213
0.503202322	-0.0272269811	2214
0.473122185	-0.0289103286	2215
0.442879265	-0.0305359596	2216
0.412601797	-0.0320556715	2217
0.382425969	-0.0334983922	2218
0.352494773	-0.034978451	2219
0.322946594	-0.0364827258	2220
0.29391788	-0.0379475777	2221
0.265544627	-0.0393142684	2222
0.237960837	-0.0405197493	2223
0.211297641	-0.0415009545	2224
0.185682291	-0.0421941503	2225
0.161237335	-0.0425379224	2226
0.138079858	-0.0424741682	2227
0.116320947	-0.0419470235	2228
0.0960655688	-0.0409045559	2229
0.077413506	-0.0392944798	2230
0.0604615457	-0.0370674592	2231
0.0453087712	-0.0341712684	2232
0.0320670008	-0.030553324	2233
0.0208828997	-0.0261599442	2234
0.0119645339	-0.0209817309	2235
0.00557342995	-0.0151716856	2236
0.00181249428	-0.00924916026	2237
0.000217964967	-0.00401462981	2238
-0.000122445661	-7.75612152e-06	2239
0.000194047893	0.00399907397	2240
0.0015314897	0.0092479001	2241
0.00442522629	0.0155171185	2242
0.00921233425	0.022496358	2243
0.016023072	0.0299155301	2244
0.024872714	0.0375831163	2245
0.035732449	0.0453623106	2246
0.0485573112	0.0531439041	2247
0.0632933417	0.0608291894	2248
0.0798779525	0.0683219922	2249
0.0982385186	0.0755246229	2250
0.118289515	0.0823427716	2251
0.139933348	0.0886835983	2252
0.163060062	0.0944580996	2253
0.187547161	0.0995878476	2254
0.213262067	0.10400192	2255
0.240062778	0.107644276	2256
0.267800547	0.110471701	2257
0.296321986	0.112453085	2258
0.325470804	0.113575978	2259
0.355090427	0.113840028	2260
0.385025644	0.113255332	2261
0.415126545	0.111890399	2262
0.445259971	0.109953826	2263
0.475297463	0.107531803	2264
0.505113977	0.104663985	2265
0.534591211	0.101398582	2266
0.563617826	0.0977850528	2267
0.592089756	0.0938720559	2268
0.619910621	0.0897075888	2269
0.646992171	0.0853394625	2270
0.673254769	0.0808160671	2271
0.698626787	0.0761815025	2272
0.723045503	0.0714798049	2273
0.7464567	0.0667523098	2274
0.768814659	0.0620373953	2275
0.790082411	0.057371983	2276
0.810231392	0.0527901563	2277
0.829241241	0.0483229776	2278
0.847099395	0.0439976509	2279
0.863801153	0.0398388364	2280
0.879349293	0.0358682938	2281
0.893753464	0.0321038024	2282
0.907030053	0.0285601267	2283
0.919201738	0.0252489097	2284
0.930296797	0.0221778368	2285
0.940348854	0.0193513951	2286
0.949396633	0.0167717037	2287
0.957483061	0.0144373923	2288
0.964654532	0.0123430736	2289
0.970961483	0.010482661	2290
0.976458199	0.00885034906	2291
0.981199884	0.0074336905	2292
0.985241806	0.00621297515	2293
0.988642975	0.00517365125	2294
0.991467542	0.00431125667	2295
0.993778747	0.00361416447	2296
0.99563327	0.00304733481	2297
0.997071156	0.00252929404	2298
0.998142333	0.00203292412	2299
0.998909884	0.00157731647	2300
0.999453205	0.00117949503	2301
0.999807183	0.000821566721	2302
1.00000789	0.000479923101	2303
1.00013926	0.000138257472	2304
1.00011111	-0.000252686771	2305
0.999944601	-0.000623389856	2306
0.999553695	-0.000961135789	2307
0.998924316	-0.00126855701	2308
0.99805329	-0.00155183643	2309
0.996856064	-0.00177930167	2310
0.995277718	-0.00191914676	2311
0.993259887	-0.0019976612	2312
0.990738284	-0.00209460029	2313
0.987643938	-0.00222938967	2314
0.983907882	-0.00239687825	2315
0.979462568	-0.00258637198	2316
0.97424353	-0.00280300905	2317
0.968188983	-0.00305845103	2318
0.961239343	-0.00335555119	2319
0.953338247	-0.0036930199	2320
0.944433735	-0.00407395252	2321
0.934478601	-0.00450314611	2322
0.923430724	-0.00498354363	2323
0.911253735	-0.00551774596	2324
0.897917633	-0.00610913865	2325
0.883399241	-0.00676140584	2326
0.867682664	-0.00747837549	2327
0.850759723	-0.00826384261	2328
0.832630341	-0.00912150217	2329
0.813302886	-0.0100549902	2330
0.792794459	-0.0110678083	2331
0.771131124	-0.0121632128	2332
0.748348067	-0.0133439397	2333
0.724489631	-0.0146107557	2334
0.699609351	-0.0159625678	2335
0.673770003	-0.017397916	2336
0.647043326	-0.0189122728	2337
0.619509697	-0.020495661	2338
0.591258166	-0.0221384671	2339
0.562385707	-0.023824861	2340
0.532996953	-0.0255361419	2341
0.503203411	-0.0272465166	2342
0.473123244	-0.0289298641	2343
0.442880286	-0.0305554953	2344
0.412602785	-0.0320752072	2345
0.382426938	-0.0335179269	2346
0.352495731	-0.0349979844	2347
0.322947532	-0.0365022583	2348
0.293918772	-0.0379671104	2349
0.265545436	-0.0393338027	2350
0.237961519	-0.0405392865	2351
0.211298142	-0.0415204951	2352
0.185682546	-0.0422136937	2353
0.161237268	-0.0425574653	2354
0.138079373	-0.0424937031	2355
0.116319926	-0.0419665356	2356
0.0960638574	-0.0409240177	2357
0.0774109023	-0.0393138403	2358
0.0604577803	-0.0370866257	2359
0.0453034867	-0.0341900709	2360
0.0320597433	-0.0305714545	2361
0.0208731585	-0.0261768684	2362
0.0119519012	-0.0209966196	2363
0.00555790197	-0.0151835214	2364
0.00179468671	-0.009257163	2365
0.000198868193	-0.00401868249	2366
-0.00014196209	-8.18663587e-06	2367
0.000174739995	0.00400194709	2368
0.00151292287	0.00925392544	2369
0.0044078847	0.015526079	2370
0.00919653139	0.0225078161	2371
0.0160089007	0.029928954	2372
0.0248601059	0.0375980185	2373
0.0357212618	0.0453783077	2374
0.0485473898	0.0531607163	2375
0.0632845473	0.0608466185	2376
0.0798701719	0.0683398979	2377
0.0982316629	0.0755429037	2378
0.118283515	0.0823613522	2379
0.139928151	0.0887024203	2380
0.163055624	0.0944771164	2381
0.187543447	0.0996070202	2382
0.213259046	0.104021216	2383
0.240060422	0.107663665	2384
0.26779883	0.110491158	2385
0.296320878	0.112472589	2386
0.325470277	0.113595507	2387
0.355090445	0.113859566	2388
0.38502616	0.113274865	2389
0.415127498	0.111909916	2390
0.445261301	0.109973323	2391
0.475299126	0.107551277	2392
0.505115944	0.104683431	2393
0.534593457	0.101418	2394
0.563620332	0.0978044403	2395
0.592092505	0.093891412	2396
0.619913599	0.0897269126	2397
0.646995363	0.0853587535	2398
0.673258163	0.0808353251	2399
0.698630371	0.0762007273	2400
0.723049267	0.0714989967	2401
0.746460634	0.0667714688	2402
0.768818754	0.0620565219	2403
0.790086658	0.0573910778	2404
0.810235781	0.0528092201	2405
0.829245764	0.0483420112	2406
0.847104045	0.0440166552	2407
0.863805921	0.0398578125	2408
0.879354172	0.035887243	2409
0.893758445	0.0321227259	2410
0.907035129	0.028579026	2411
0.919206902	0.0252677862	2412
0.930302041	0.022196692	2413
0.940354172	0.0193702307	2414
0.949402018	0.0167905211	2415
0.957488506	0.014456193	2416
0.964660034	0.0123618588	2417
0.970967037	0.0105014318	2418
0.976463804	0.0088691053	2419
0.98120555	0.00745242908	2420
0.985247552	0.00623168989	2421
0.988648832	0.00519233219	2422
0.991473581	0.00432988001	2423
0.993785146	0.00363266802	2424
0.995640381	0.00306557697	2425
0.997079442	0.00254703414	2426
0.998152185	0.00204984562	2427
0.998921578	0.00159302208	2428
0.999467027	0.00119336511	2429
0.999823364	0.000832594261	2430
1.0000262	0.000486867661	2431
1.00016159	0.000139907878	2432
1.00013282	-0.000258179993	2433
0.999963321	-0.000635672619	2434
0.999568167	-0.000978220986	2435
0.998934799	-0.00128834263	2436
0.998060501	-0.00157303533	2437
0.996860743	-0.00180119966	2438
0.995280648	-0.00194134688	2439
0.993261816	-0.00201997097	2440
0.990739727	-0.00211694709	2441
0.987645148	-0.0022517506	2442
0.983908965	-0.00241924584	2443
0.979463581	-0.00260874304	2444
0.974244508	-0.0028253817	2445
0.968189948	-0.00308082422	2446
0.961240305	-0.00337792447	2447
0.953339208	-0.00371539301	2448
0.9444347	-0.00409632523	2449
0.934479573	-0.00452551821	2450
0.923431703	-0.00500591496	2451
0.911254725	-0.00554011634	2452
0.897918635	-0.00613150791	2453
0.883400257	-0.00678377378	2454
0.867683697	-0.00750074192	2455
0.850760775	-0.00828620732	2456
0.832631414	-0.00914386497	2457
0.813303981	-0.0100773509	2458
0.792795579	-0.0110901667	2459
0.771132269	-0.0121855687	2460
0.748349239	-0.0133662929	2461
0.724490829	-0.0146331062	2462
0.699610574	-0.0159849155	2463
0.673771248	-0.0174202609	2464
0.64704459	-0.0189346151	2465
0.619510974	-0.0205180009	2466
0.59125945	-0.0221608049	2467
0.562386988	-0.0238471971	2468
0.532998221	-0.0255584768	2469
0.503204655	-0.0272688509	2470
0.473124453	-0.0289521982	2471
0.442881454	-0.0305778295	2472
0.412603914	-0.0320975413	2473
0.382428045	-0.0335402599	2474
0.352496826	-0.0350203157	2475
0.322948602	-0.0365245885	2476
0.293919787	-0.0379894408	2477
0.265546356	-0.0393561349	2478
0.237962292	-0.0405616218	2479
0.211298706	-0.0415428342	2480
0.185682827	-0.0422360356	2481
0.161237177	-0.0425798063	2482
0.138078802	-0.0425160346	2483
0.116318736	-0.0419888402	2484
0.0960618724	-0.0409462631	2485
0.0774078892	-0.0393359676	2486
0.0604534296	-0.0371085267	2487
0.0452973898	-0.0342115491	2488
0.0320513834	-0.0305921547	2489
0.0208619596	-0.0261961785	2490
0.0119374102	-0.0210135966	2491
0.00554012529	-0.0151970165	2492
0.00177432516	-0.00926629907	2493
0.000177040181	-0.00402332361	2494
-0.000164271171	-8.69562518e-06	2495
0.000152666102	0.00400521216	2496
0.00149169078	0.00926078767	2497
0.00438804406	0.0155362881	2498
0.00917844032	0.0225208771	2499
0.0159926693	0.0299442649	2500
0.0248456607	0.0376150256	2501
0.0357084437	0.045396573	2502
0.0485360229	0.0531799194	2503
0.0632744735	0.0608665315	2504
0.0798612613	0.0683603591	2505
0.0982238131	0.0755637962	2506
0.118276647	0.0823825888	2507
0.139922201	0.0887239342	2508
0.163050545	0.0944988536	2509
0.187539196	0.0996289362	2510
0.213255589	0.104043272	2511
0.240057725	0.107685829	2512
0.267796861	0.110513401	2513
0.296319608	0.112494884	2514
0.325469669	0.113617832	2515
0.355090459	0.113881901	2516
0.385026744	0.113297195	2517
0.415128582	0.111932229	2518
0.445262816	0.109995612	2519
0.475301024	0.107573539	2520
0.505118188	0.104705663	2521
0.534596022	0.101440199	2522
0.563623194	0.0978266047	2523
0.592095646	0.0939135404	2524
0.619917	0.0897490042	2525
0.64699901	0.0853808077	2526
0.673262042	0.0808573416	2527
0.698634468	0.076222706	2528
0.72305357	0.0715209377	2529
0.746465131	0.0667933724	2530
0.768823435	0.0620783886	2531
0.790091512	0.0574129083	2532
0.810240798	0.0528310151	2533
0.829250935	0.0483637717	2534
0.84710936	0.0440383824	2535
0.863811372	0.0398795076	2536
0.879359749	0.0359089073	2537
0.893764139	0.032144361	2538
0.907040932	0.0286006334	2539
0.919212804	0.0252893676	2540
0.930308036	0.0222182492	2541
0.940360251	0.0193917654	2542
0.949408173	0.016812035	2543
0.957494732	0.0144776877	2544
0.964666324	0.0123833357	2545
0.970973387	0.010522892	2546
0.976470214	0.00889054846	2547
0.981212033	0.00747385123	2548
0.985254132	0.00625308343	2549
0.988655547	0.00521368442	2550
0.991480516	0.00435116249	2551
0.993792506	0.00365380788	2552
0.995648567	0.00308641164	2553
0.997088975	0.00256728873	2554
0.998163508	0.00206915738	2555
0.998935008	0.00161093297	2556
0.99948289	0.00120916241	2557
0.999841913	0.000845130724	2558
1.00004716	0.00049473174	2559
1.00018713	0.000141732986	2560
1.00015764	-0.00026446126	2561
0.999984768	-0.000649650228	2562
0.999584808	-0.000997674633	2563
0.9989469	-0.00131090311	2564
0.998068859	-0.00159723368	2565
0.996866198	-0.00182621347	2566
0.995284089	-0.00196671682	2567
0.993264091	-0.00204547243	2568
0.990741423	-0.00214249397	2569
0.987646559	-0.0022773151	2570
0.983910221	-0.00244481871	2571
0.979464747	-0.00263432025	2572
0.974245631	-0.00285096094	2573
0.968191055	-0.00310640419	2574
0.961241405	-0.00340350459	2575
0.953340308	-0.00374097295	2576
0.944435803	-0.00412190472	2577
0.934480683	-0.00455109699	2578
0.923432824	-0.00503149283	2579
0.911255857	-0.0055656931	2580
0.897919781	-0.00615708334	2581
0.88340142	-0.00680934766	2582
0.867684879	-0.00752631402	2583
0.850761978	-0.00831177742	2584
0.832632641	-0.00916943282	2585
0.813305234	-0.0101029163	2586
0.792796859	-0.0111157294	2587
0.771133579	-0.0122111285	2588
0.748350579	-0.0133918496	2589
0.724492198	-0.0146586596	2590
0.699611972	-0.0160104657	2591
0.673772671	-0.0174458079	2592
0.647046034	-0.0189601589	2593
0.619512434	-0.0205435418	2594
0.591260916	-0.0221863433	2595
0.562388451	-0.0238727334	2596
0.53299967	-0.0255840117	2597
0.503206076	-0.0272943849	2598
0.473125836	-0.0289777319	2599
0.442882788	-0.0306033633	2600
0.412605204	-0.0321230747	2601
0.382429309	-0.033565792	2602
0.352498075	-0.0350458458	2603
0.322949821	-0.0365501172	2604
0.293920943	-0.0380149696	2605
0.2655474	-0.0393816656	2606
0.237963166	-0.040587156	2607
0.211299339	-0.0415683726	2608
0.185683135	-0.042261577	2609
0.161237057	-0.0426053463	2610
0.138078128	-0.0425415629	2611
0.11631735	-0.0420143368	2612
0.0960595702	-0.0409716904	2613
0.0774044028	-0.0393612567	2614
0.0604484037	-0.0371335526	2615
0.045290357	-0.0342360837	2616
0.032041756	-0.0306157892	2617
0.0208490879	-0.0262182118	2618
0.0119207901	-0.0210329563	2619
0.0055197757	-0.0152124053	2620
0.00175104366	-0.00927672968	2621
0.000152090249	-0.0040286383	2622
-0.000189772516	-9.29588162e-06	2623
0.000127430146	0.00400892358	2624
0.00146741128	0.00926860428	2625
0.00436534516	0.0155479214	2626
0.00915773095	0.0225357664	2627
0.0159740793	0.029961729	2628
0.0248291116	0.0376344352	2629
0.0356937573	0.0454174286	2630
0.0485230004	0.0532018535	2631
0.0632629344	0.0608892824	2632
0.0798510566	0.0683837404	2633
0.0982148249	0.0755876732	2634
0.118268783	0.0824068613	2635
0.139915391	0.0887485247	2636
0.16304473	0.0945237004	2637
0.18753433	0.0996539881	2638
0.21325163	0.104068486	2639
0.240054636	0.107711166	2640
0.267794607	0.110538828	2641
0.29631815	0.112520371	2642
0.325468968	0.113643353	2643
0.355090469	0.113907434	2644
0.385027404	0.113322721	2645
0.415129814	0.111957737	2646
0.445264543	0.110021094	2647
0.475303188	0.107598989	2648
0.505120751	0.104731078	2649
0.534598951	0.101465577	2650
0.563626464	0.0978519434	2651
0.592099234	0.0939388383	2652
0.619920887	0.0897742601	2653
0.647003177	0.0854060209	2654
0.673266474	0.0808825117	2655
0.698639149	0.076247833	2656
0.723058487	0.0715460217	2657
0.746470271	0.0668184138	2658
0.768828784	0.0621033879	2659
0.79009706	0.0574378662	2660
0.810246533	0.0528559327	2661
0.829256845	0.04838865	2662
0.847115436	0.0440632226	2663
0.863817602	0.039904311	2664
0.879366123	0.0359336757	2665
0.893770648	0.032169096	2666
0.907047565	0.0286253368	2667
0.919219552	0.0253140415	2668
0.930314889	0.0222428953	2669
0.9403672	0.0194163859	2670
0.94941521	0.0168366319	2671
0.95750185	0.0145022626	2672
0.964673516	0.0124078902	2673
0.970980648	0.0105474271	2674
0.976477547	0.00891506342	2675
0.981219452	0.00749834125	2676
0.985261666	0.00627753912	2677
0.988663245	0.00523809011	2678
0.991488479	0.00437548395	2679
0.99380097	0.00367796007	2680
0.995657988	0.00311020801	2681
0.997099939	0.00259041525	2682
0.998176518	0.00209119842	2683
0.998950433	0.00163135809	2684
0.999501093	0.00122715691	2685
0.999863174	0.000859383674	2686
1.00007116	0.000503636079	2687
1.00021632	0.000143745235	2688
1.00018601	-0.000271650133	2689
1.00000934	-0.000665559281	2690
0.999603934	-0.00101983035	2691
0.998960858	-0.00133663048	2692
0.99807854	-0.00162485706	2693
0.996872551	-0.00185478682	2694
0.995288125	-0.00199570917	2695
0.993266769	-0.0020746221	2696
0.990743414	-0.0021716991	2697
0.987648204	-0.00230654211	2698
0.983911676	-0.00247405612	2699
0.979466093	-0.0026635631	2700
0.974246922	-0.00288020634	2701
0.968192323	-0.00313565056	2702
0.961242665	-0.00343275119	2703
0.953341566	-0.00377021939	2704
0.944437065	-0.00415115063	2705
0.934481953	-0.00458034209	2706
0.923434105	-0.00506073685	2707
0.911257151	-0.00559493581	2708
0.897921091	-0.0061863245	2709
0.883402749	-0.006838587	2710
0.86768623	-0.00755555127	2711
0.850763354	-0.0083410123	2712
0.832634043	-0.00919866507	2713
0.813306666	-0.0101321456	2714
0.792798323	-0.0111449555	2715
0.771135077	-0.0122403512	2716
0.748352111	-0.0134210687	2717
0.724493764	-0.014687875	2718
0.69961357	-0.0160396772	2719
0.673774298	-0.0174750156	2720
0.647047685	-0.018989363	2721
0.619514101	-0.0205727425	2722
0.591262591	-0.0222155409	2723
0.562390123	-0.0239019286	2724
0.533001324	-0.0256132051	2725
0.5032077	-0.0273235772	2726
0.473127415	-0.0290069237	2727
0.442884314	-0.0306325548	2728
0.41260668	-0.0321522657	2729
0.382430754	-0.0335949813	2730
0.352499501	-0.0350750328	2731
0.322951211	-0.0365793026	2732
0.293922257	-0.038044155	2733
0.265548586	-0.0394108531	2734
0.237964156	-0.0406163472	2735
0.211300051	-0.0415975683	2736
0.185683472	-0.0422907759	2737
0.161236901	-0.0426345431	2738
0.138077334	-0.0425707458	2739
0.116315736	-0.0420434822	2740
0.0960569007	-0.0410007545	2741
0.0774003697	-0.0393901597	2742
0.0604425991	-0.0371621489	2743
0.0452822465	-0.03426411	2744
0.0320306714	-0.0306427743	2745
0.020834296	-0.0262433532	2746
0.0119017307	-0.0210550349	2747
0.00549648233	-0.0152299551	2748
0.00172442384	-0.00928863902	2749
0.000123571832	-0.00403472401	2750
-0.00021892292	-1.00022171e-05	2751
9.85793506e-05	0.0040131434	2752
0.0014396475	0.00927750936	2753
0.00433937723	0.0155611792	2754
0.00913402563	0.0225527415	2755
0.0159527893	0.0299816501	2756
0.0248101531	0.0376565873	2757
0.035676931	0.0454412419	2758
0.0485080812	0.0532269071	2759
0.0632497167	0.0609152754	2760
0.0798393697	0.0684104585	2761
0.0982045333	0.0756149611	2762
0.118259781	0.0824346033	2763
0.139907596	0.0887766319	2764
0.163038075	0.0945521016	2765
0.187528761	0.0996826244	2766
0.213247099	0.104097307	2767
0.2400511	0.107740129	2768
0.267792023	0.110567894	2769
0.296316477	0.112549506	2770
0.32546816	0.113672528	2771
0.355090473	0.113936623	2772
0.385028151	0.113351903	2773
0.415131215	0.111986897	2774
0.445266509	0.110050224	2775
0.475305657	0.107628084	2776
0.505123676	0.104760134	2777
0.534602295	0.10149459	2778
0.563630199	0.0978809113	2779
0.592103333	0.0939677594	2780
0.619925328	0.0898031334	2781
0.64700794	0.0854348455	2782
0.673271539	0.0809112873	2783
0.6986445	0.0762765594	2784
0.723064107	0.071574699	2785
0.746476145	0.0668470424	2786
0.768834899	0.0621319685	2787
0.790103401	0.0574663997	2788
0.810253087	0.0528844201	2789
0.829263601	0.0484170925	2790
0.84712238	0.0440916217	2791
0.863824723	0.0399326684	2792
0.879373409	0.0359619929	2793
0.893778088	0.0321973752	2794
0.907055147	0.0286535801	2795
0.919227265	0.0253422509	2796
0.930322723	0.0222710732	2797
0.940375144	0.0194445345	2798
0.949423255	0.0168647535	2799
0.957509987	0.0145303591	2800
0.964681738	0.0124359631	2801
0.970988951	0.0105754776	2802
0.976485934	0.00894309023	2803
0.981227941	0.0075263385	2804
0.985270294	0.00630549516	2805
0.988672069	0.00526598603	2806
0.991497619	0.00440327864	2807
0.993810702	0.00370555449	2808
0.995668825	0.00313738813	2809
0.997112545	0.00261682241	2810
0.998191465	0.00211635638	2811
0.998968146	0.00165465203	2812
0.999521978	0.00124765682	2813
0.999887543	0.000875589167	2814
1.00009864	0.000513716584	2815
1.00024971	0.000145955745	2816
1.00021844	-0.000279885696	2817
1.00003747	-0.000683678924	2818
0.999625908	-0.00104506976	2819
0.998976949	-0.00136597285	2820
0.998089744	-0.00165639187	2821
0.996879944	-0.00188742682	2822
0.995292851	-0.0020288413	2823
0.993269918	-0.00210794188	2824
0.990745749	-0.0022050863	2825
0.987650123	-0.00233995631	2826
0.983913361	-0.00250748318	2827
0.979467644	-0.00269699691	2828
0.974248405	-0.00291364335	2829
0.968193777	-0.00316908883	2830
0.961244107	-0.00346618982	2831
0.953343006	-0.00380365785	2832
0.944438509	-0.00418458849	2833
0.934483406	-0.004613779	2834
0.923435569	-0.00509417251	2835
0.911258631	-0.00562836994	2836
0.89792259	-0.00621975679	2837
0.883404269	-0.00687201716	2838
0.867687775	-0.00758897897	2839
0.850764926	-0.00837443724	2840
0.832635647	-0.00923208691	2841
0.813308304	-0.0101655641	2842
0.792799997	-0.0111783702	2843
0.771136789	-0.0122737619	2844
0.748353862	-0.0134544752	2845
0.724495553	-0.0147212771	2846
0.699615396	-0.0160730748	2847
0.673776157	-0.0175084087	2848
0.647049571	-0.0190227518	2849
0.619516006	-0.0206061272	2850
0.591264505	-0.0222489222	2851
0.562392033	-0.0239353069	2852
0.533003215	-0.0256465812	2853
0.503209555	-0.0273569518	2854
0.47312922	-0.0290402975	2855
0.442886058	-0.0306659282	2856
0.412608367	-0.0321856382	2857
0.382432406	-0.0336283517	2858
0.352501128	-0.0351084005	2859
0.322952795	-0.0366126683	2860
0.293923753	-0.0380775207	2861
0.265549933	-0.039444221	2862
0.237965275	-0.0406497193	2863
0.211300851	-0.0416309453	2864
0.185683839	-0.0423241561	2865
0.161236701	-0.0426679204	2866
0.138076399	-0.0426041062	2867
0.116313857	-0.0420767985	2868
0.0960538058	-0.0410339757	2869
0.0773957048	-0.0394231927	2870
0.0604358963	-0.0371948252	2871
0.045272895	-0.0342961248	2872
0.0320179116	-0.0306735855	2873
0.0208173008	-0.0262720422	2874
0.0118798767	-0.0210802158	2875
0.00546982092	-0.0152499712	2876
0.00169398743	-0.0093022376	2877
9.09744955e-05	-0.00404169233	2878
-0.000252244546	-1.08317864e-05	2879
6.55961229e-05	0.00401794235	2880
0.00140789998	0.00928765592	2881
0.00430967052	0.0155762898	2882
0.00910689236	0.0225720961	2883
0.0159284086	0.0300043749	2884
0.0247884354	0.0376818703	2885
0.0356576536	0.0454684327	2886
0.0484909895	0.053255524	2887
0.0632345763	0.0609449727	2888
0.0798259853	0.0684409896	2889
0.0981927489	0.075646147	2890
0.118249475	0.0824663109	2891
0.139898672	0.0888087586	2892
0.163030457	0.0945845656	2893
0.187522385	0.099715358	2894
0.213241911	0.104130253	2895
0.24004705	0.107773237	2896
0.267789063	0.11060112	2897
0.296314558	0.112582812	2898
0.325467229	0.113705879	2899
0.355090468	0.11396999	2900
0.385028996	0.113385263	2901
0.415132807	0.112020234	2902
0.445268749	0.110083526	2903
0.475308472	0.107661346	2904
0.505127014	0.10479335	2905
0.534606115	0.101527758	2906
0.563634465	0.097914028	2907
0.592108017	0.0940008229	2908
0.619930403	0.0898361422	2909
0.647013382	0.0854677988	2910
0.673277327	0.0809441846	2911
0.698650615	0.0763094006	2912
0.723070529	0.0716074843	2913
0.746482859	0.0668797722	2914
0.768841888	0.0621646435	2915
0.790110649	0.0574990209	2916
0.810260579	0.0529169888	2917
0.829271323	0.0484496101	2918
0.847130318	0.0441240897	2919
0.863832863	0.0399650887	2920
0.879381738	0.0359943676	2921
0.893786592	0.0322297064	2922
0.907063814	0.0286858703	2923
0.919236082	0.0253745026	2924
0.930331678	0.022303289	2925
0.940384225	0.0194767168	2926
0.949432451	0.0168969049	2927
0.957519289	0.0145624817	2928
0.964691139	0.0124680586	2929
0.970998446	0.0106075471	2930
0.976495527	0.00897513201	2931
0.981237655	0.00755834524	2932
0.985280173	0.00633745283	2933
0.988682182	0.00529787155	2934
0.991508111	0.00443504306	2935
0.993821887	0.00373708267	2936
0.995681288	0.00316843462	2937
0.997127035	0.00264697753	2938
0.998208629	0.00214507437	2939
0.998988477	0.0016812245	2940
0.999545934	0.00127101388	2941
0.999915472	0.000894015504	2942
1.00013009	0.00052512594	2943
1.00028789	0.000148373403	2944
1.00025552	-0.000289329897	2945
1.00006968	-0.000704327951	2946
0.999651142	-0.00107382942	2947
0.998995489	-0.00139944253	2948
0.9981027	-0.00169239413	2949
0.996888537	-0.00192471318	2950
0.995298378	-0.00206670461	2951
0.993273612	-0.00214602837	2952
0.990748484	-0.00224325441	2953
0.987652357	-0.00237815755	2954
0.983915314	-0.00254570028	2955
0.979469433	-0.00273522228	2956
0.974250109	-0.00295187273	2957
0.968195443	-0.00320731984	2958
0.961245758	-0.00350442132	2959
0.953344652	-0.0038418892	2960
0.944440159	-0.00422281917	2961
0.934485066	-0.00465200856	2962
0.923437244	-0.00513240061	2963
0.911260323	-0.00566659623	2964
0.897924303	-0.00625798093	2965
0.883406007	-0.00691023879	2966
0.867689541	-0.00762719773	2967
0.850766725	-0.00841265275	2968
0.832637481	-0.00927029879	2969
0.813310176	-0.010203772	2970
0.792801911	-0.0112165738	2971
0.771138746	-0.0123119608	2972
0.748355864	-0.0134926691	2973
0.724497599	-0.0147594658	2974
0.699617483	-0.0161112583	2975
0.673778282	-0.0175465869	2976
0.647051726	-0.0190609249	2977
0.619518183	-0.0206442957	2978
0.591266692	-0.0222870864	2979
0.562394214	-0.0239734675	2980
0.533005374	-0.0256847391	2981
0.503211674	-0.0273951078	2982
0.473131282	-0.0290784524	2983
0.442888051	-0.0307040824	2984
0.412610295	-0.0322237913	2985
0.382434292	-0.0336665023	2986
0.352502984	-0.0351465477	2987
0.322954599	-0.0366508133	2988
0.293925455	-0.0381156655	2989
0.265551461	-0.039482368	2990
0.237966542	-0.0406878709	2991
0.211301748	-0.0416691022	2992
0.185684239	-0.0423623164	2993
0.161236447	-0.0427060767	2994
0.1380753	-0.0426422424	2995
0.116311669	-0.0421148825	2996
0.0960502184	-0.0410719483	2997
0.0773903101	-0.0394609458	2998
0.0604281578	-0.0372321634	2999
0.0452621148	-0.0343326959	3000
0.0320032264	-0.0307087658	3001
0.0207977774	-0.0263047809	3002
0.0118548212	-0.0211089369	3003
0.00543930621	-0.0152728021	3004
0.00165918769	-0.00931776601	3005
5.3714809e-05	-0.00404967105	3006
-0.000290334273	-1.18044677e-05	3007
2.78887692e-05	0.0040234011	3008
0.0013715977	0.00929921866	3009
0.00427568786	0.0155935143	3010
0.00907583693	0.0225941654	3011
0.0159004901	0.0300302993	3012
0.0247635583	0.0377107271	3013
0.035635569	0.0454994803	3014
0.0484714094	0.0532882108	3015
0.0632172338	0.0609789021	3016
0.0798106566	0.0684758776	3017
0.0981792551	0.0756817877	3018
0.118237675	0.0825025508	3019
0.139888456	0.0888454797	3020
0.163021737	0.0946216735	3021
0.187515088	0.0997527751	3022
0.213235973	0.104167913	3023
0.240042412	0.107811083	3024
0.267785671	0.110639102	3025
0.296312356	0.112620885	3026
0.325466156	0.113744005	3027
0.355090454	0.114008135	3028
0.38502995	0.1134234	3029
0.415134617	0.112058343	3030
0.445271301	0.110121598	3031
0.475311684	0.107699371	3032
0.505130824	0.104831324	3033
0.534610476	0.101565676	3034
0.563639337	0.0979518878	3035
0.592113367	0.094038622	3036
0.619936201	0.089873879	3037
0.647019601	0.0855054723	3038
0.673283942	0.0809817942	3039
0.698657603	0.0763469462	3040
0.72307787	0.071644966	3041
0.746490533	0.0669171907	3042
0.768849876	0.0622019995	3043
0.790118933	0.0575363156	3044
0.810269143	0.0529542235	3045
0.82928015	0.0484867864	3046
0.847139391	0.0441612096	3047
0.863842168	0.0400021542	3048
0.879391259	0.0360313811	3049
0.893796314	0.0322666704	3050
0.907073721	0.0287227874	3051
0.919246161	0.0254113758	3052
0.930341914	0.0223401211	3053
0.940394605	0.0195135109	3054
0.949442963	0.0169336637	3055
0.957529923	0.0145992076	3056
0.964701887	0.0125047534	3057
0.971009303	0.0106442116	3058
0.976506499	0.00901176404	3059
0.98124877	0.0075949358	3060
0.985291484	0.00637398518	3061
0.988693773	0.00533431771	3062
0.99152015	0.00447134495	3063
0.993834738	0.00377310665	3064
0.995695613	0.00320389937	3065
0.997143682	0.00268141511	3066
0.998228344	0.00217785408	3067
0.999011804	0.00171154072	3068
0.999573411	0.00129762941	3069
0.999947479	0.000914967377	3070
1.0001661	0.000538035311	3071
1.00033155	0.000151003645	3072
1.00029789	-0.000300171373	3073
1.00010654	-0.000727871017	3074
0.999680116	-0.00110660263	3075
0.999016838	-0.00143762526	3076
0.998117671	-0.00173349948	3077
0.996898513	-0.00196730858	3078
0.995304831	-0.00210997516	3079
0.993277942	-0.00218956365	3080
0.990751683	-0.0022868881	3081
0.987654957	-0.00242183166	3082
0.983917574	-0.00258939382	3083
0.979471495	-0.00277892595	3084
0.974252067	-0.00299558136	3085
0.968197354	-0.00325103054	3086
0.961247648	-0.0035481327	3087
0.953346536	-0.00388560044	3088
0.944442046	-0.00426652963	3089
0.934486964	-0.00469571773	3090
0.923439158	-0.00517610806	3091
0.911262257	-0.00571030157	3092
0.897926261	-0.00630168375	3093
0.883407993	-0.00695393867	3094
0.86769156	-0.00767089423	3095
0.850768781	-0.00845634544	3096
0.832639577	-0.00931398725	3097
0.813312317	-0.0102474557	3098
0.792804099	-0.0112602525	3099
0.771140984	-0.012355634	3100
0.748358152	-0.0135363365	3101
0.724499937	-0.0148031272	3102
0.699619868	-0.0161549135	3103
0.67378071	-0.017590236	3104
0.647054189	-0.0191045681	3105
0.61952067	-0.0206879332	3106
0.59126919	-0.0223307189	3107
0.562396707	-0.0240170958	3108
0.533007842	-0.0257283641	3109
0.503214096	-0.0274387304	3110
0.473133639	-0.0291220735	3111
0.44289033	-0.0307477024	3112
0.412612499	-0.0322674097	3113
0.382436447	-0.0337101176	3114
0.352505103	-0.0351901592	3115
0.322956655	-0.036694422	3116
0.293927391	-0.0381592738	3117
0.265553196	-0.0395259789	3118
0.237967975	-0.0407314866	3119
0.211302756	-0.0417127237	3120
0.185684673	-0.0424059412	3121
0.161236128	-0.0427496963	3122
0.138074007	-0.0426858378	3123
0.116309123	-0.0421584165	3124
0.0960460606	-0.0411153519	3125
0.0773840724	-0.0395040935	3126
0.0604192251	-0.0372748287	3127
0.0452496898	-0.034374472	3128
0.0319863282	-0.0307489354	3129
0.0207753534	-0.026342142	3130
0.0118260985	-0.0211416978	3131
0.00540438319	-0.0152988458	3132
0.00161939966	-0.00933549932	3133
1.11259173e-05	-0.00405880662	3134
-0.000333874389	-1.29433127e-05	3135
-1.52191094e-05	0.00402961163	3136
0.00133008783	0.00931239697	3137
0.00423681503	0.0156131503	3138
0.00904029407	0.022619332	3139
0.0158685219	0.0300598751	3140
0.0247350634	0.0377436637	3141
0.0356102691	0.0455349321	3142
0.0484489788	0.0533255466	3143
0.0631973688	0.0610176665	3144
0.0797931012	0.0685157442	3145
0.0981638037	0.0757225194	3146
0.118224166	0.0825439707	3147
0.139876761	0.0888874519	3148
0.163011755	0.0946640897	3149
0.187506734	0.0997955459	3150
0.213229174	0.104210963	3151
0.240037102	0.107854346	3152
0.267781785	0.11068252	3153
0.296309829	0.112664409	3154
0.325464919	0.113787589	3155
0.355090426	0.114051741	3156
0.38503103	0.113466997	3157
0.415136674	0.11210191	3158
0.445274209	0.110165121	3159
0.475315347	0.107742841	3160
0.505135173	0.104874736	3161
0.534615456	0.101609025	3162
0.563644903	0.09799517	3163
0.592119479	0.094081835	3164
0.619942825	0.0899170209	3165
0.647026707	0.085548542	3166
0.673291501	0.0810247911	3167
0.698665589	0.07638987	3168
0.72308626	0.0716878171	3169
0.746499303	0.0669599695	3170
0.768859006	0.0622447071	3171
0.790128402	0.0575789532	3172
0.810278931	0.0529967927	3173
0.829290239	0.0485292891	3174
0.847149763	0.0442036478	3175
0.863852804	0.0400445304	3176
0.879402141	0.0360736979	3177
0.893807426	0.0323089308	3178
0.907085045	0.0287649945	3179
0.919257681	0.0254535328	3180
0.930353614	0.0223822313	3181
0.940406471	0.0195555776	3182
0.94945498	0.0169756901	3183
0.95754208	0.0146411964	3184
0.964714174	0.0125467065	3185
0.971021717	0.0106861297	3186
0.976519048	0.00905364409	3187
0.981261488	0.00763676705	3188
0.985304432	0.00641574749	3189
0.988707053	0.00537597749	3190
0.991533962	0.00451283359	3191
0.993849497	0.00381426926	3192
0.995712074	0.00324441361	3193
0.9971628	0.00272074655	3194
0.998250969	0.00221528008	3195
0.999038565	0.00174613249	3196
0.999604921	0.00132796114	3197
0.999984159	0.000938790437	3198
1.00020734	0.000552636061	3199
1.00038148	0.000153846892	3200
1.00034633	-0.000312629882	3201
1.00014873	-0.000754726582	3202
0.999713368	-0.00114396244	3203
0.999041407	-0.00148119061	3204
0.998134958	-0.00178043455	3205
0.996910083	-0.00201597058	3206
0.995312354	-0.00215942586	3207
0.993283006	-0.00223932751	3208
0.990755421	-0.00233677012	3209
0.987657981	-0.00247176278	3210
0.98392019	-0.0026393486	3211
0.979473871	-0.00282889308	3212
0.974254315	-0.00304555456	3213
0.968199543	-0.00330100636	3214
0.961249811	-0.00359810941	3215
0.95334869	-0.00393557704	3216
0.944444204	-0.00431650535	3217
0.934489134	-0.00474569195	3218
0.923441345	-0.00522608027	3219
0.911264468	-0.00576027129	3220
0.897928499	-0.00635165051	3221
0.883410264	-0.00700390197	3222
0.867693869	-0.00772085359	3223
0.850771131	-0.00850630033	3224
0.832641974	-0.00936393717	3225
0.813314765	-0.0102974002	3226
0.792806601	-0.011310191	3227
0.771143542	-0.0124055661	3228
0.748360768	-0.0135862618	3229
0.724502609	-0.0148530455	3230
0.699622594	-0.0162048246	3231
0.673783484	-0.0176401399	3232
0.647057003	-0.0191544649	3233
0.619523512	-0.0207378235	3234
0.591272044	-0.0223806033	3235
0.562399554	-0.0240669752	3236
0.53301066	-0.0257782394	3237
0.503216862	-0.0274886028	3238
0.473136331	-0.0291719438	3239
0.442892933	-0.0307975712	3240
0.412615018	-0.0323172764	3241
0.382438908	-0.0337599806	3242
0.35250752	-0.0352400176	3243
0.322958998	-0.0367442771	3244
0.293929593	-0.0382091283	3245
0.265555165	-0.0395758359	3246
0.237969594	-0.040781349	3247
0.211303885	-0.0417625924	3248
0.185685142	-0.0424558131	3249
0.16123573	-0.0427995614	3250
0.138072487	-0.0427356739	3251
0.116306161	-0.0422081804	3252
0.0960412427	-0.0411649631	3253
0.0773768611	-0.0395534065	3254
0.0604089154	-0.0373235809	3255
0.0452353717	-0.0344221939	3256
0.0319668869	-0.0307948023	3257
0.0207496016	-0.0263847797	3258
0.0117931753	-0.021179069	3259
0.00536441713	-0.0153285568	3260
0.00157390899	-0.0093557521	3261
-3.75543725e-05	-0.00406926686	3262
-0.000383644816	-1.42750825e-05	3263
-6.45007425e-05	0.00403667885	3264
0.00128262406	0.00932741858	3265
0.00419234966	0.0156355377	3266
0.00899961715	0.0226480328	3267
0.0158319185	0.0300936182	3268
0.024702426	0.037781258	3269
0.0355812868	0.0455754133	3270
0.0484232834	0.0533681926	3271
0.0631746146	0.061061955	3272
0.0797729955	0.0685612999	3273
0.0981461105	0.0757690691	3274
0.118208698	0.0825913109	3275
0.139863373	0.0889354261	3276
0.163000328	0.0947125733	3277
0.187497171	0.0998444362	3278
0.21322139	0.104260173	3279
0.24003102	0.1079038	3280
0.267777332	0.110732153	3281
0.296306931	0.112714162	3282
0.325463494	0.113837412	3283
0.355090382	0.11410159	3284
0.385032251	0.113516837	3285
0.415139013	0.112151715	3286
0.445277521	0.110214876	3287
0.475319525	0.107792537	3288
0.505140137	0.104924365	3289
0.534621143	0.101658583	3290
0.56365126	0.0980446513	3291
0.592126462	0.0941312373	3292
0.619950395	0.0899663422	3293
0.647034827	0.0855977808	3294
0.67330014	0.0810739468	3295
0.698674717	0.0764389425	3296
0.723095848	0.0717368065	3297
0.746509327	0.0670088766	3298
0.768869441	0.0622935329	3299
0.790139225	0.0576276991	3300
0.81029012	0.0530454607	3301
0.829301771	0.0485778812	3302
0.847161617	0.0442521664	3303
0.863864961	0.0400929782	3304
0.87941458	0.0361220781	3305
0.893820127	0.0323572466	3306
0.90709799	0.0288132495	3307
0.91927085	0.0255017307	3308
0.930366989	0.0224303759	3309
0.940420034	0.0196036727	3310
0.949468716	0.0170237392	3311
0.957555976	0.0146892024	3312
0.964728221	0.0125946715	3313
0.97103591	0.0107340544	3314
0.976533399	0.00910152434	3315
0.981276037	0.00768459004	3316
0.985319253	0.00646348915	3317
0.988722267	0.0054235977	3318
0.991549801	0.00456025156	3319
0.993866442	0.00386130572	3320
0.995730978	0.0032906994	3321
0.997184755	0.00276566804	3322
0.998276926	0.00225801584	3323
0.999069257	0.00178560749	3324
0.999641051	0.00136253075	3325
1.00002619	0.000965876288	3326
1.00025454	0.000569141468	3327
1.00043858	0.000156896547	3328
1.00040168	-0.000326961377	3329
1.00019701	-0.000785374597	3330
0.99975151	-0.00118656543	3331
0.999069683	-0.00153089495	3332
0.998154902	-0.00183403002	3333
0.996923487	-0.00207156528	3334
0.995321113	-0.00221594037	3335
0.993288919	-0.00229621149	3336
0.99075978	-0.00239379545	3337
0.987661494	-0.00252884744	3338
0.983923213	-0.00269646194	3339
0.979476608	-0.00288602138	3340
0.974256897	-0.00310269027	3341
0.968202051	-0.00335814533	3342
0.961252285	-0.00365524952	3343
0.953351152	-0.00399271708	3344
0.944446669	-0.00437364438	3345
0.934491613	-0.00480282922	3346
0.923443846	-0.00528321518	3347
0.911266995	-0.0058174033	3348
0.897931058	-0.00640877904	3349
0.883412861	-0.00706102645	3350
0.867696507	-0.00777797343	3351
0.850773818	-0.00856341495	3352
0.832644714	-0.00942104598	3353
0.813317562	-0.0103545026	3354
0.79280946	-0.0113672864	3355
0.771146466	-0.0124626541	3356
0.748363757	-0.0136433419	3357
0.724505664	-0.0149101173	3358
0.69962571	-0.016261888	3359
0.673786655	-0.0176971948	3360
0.647060219	-0.0192115117	3361
0.619526759	-0.0207948626	3362
0.591275304	-0.0224376353	3363
0.562402806	-0.0241240011	3364
0.53301388	-0.0258352605	3365
0.503220023	-0.0275456202	3366
0.473139408	-0.0292289586	3367
0.442895909	-0.0308545839	3368
0.412617897	-0.0323742864	3369
0.38244172	-0.0338169861	3370
0.352510278	-0.0352970177	3371
0.322961667	-0.0368012732	3372
0.293932098	-0.0382661235	3373
0.2655574	-0.0396328339	3374
0.237971426	-0.0408383528	3375
0.211305151	-0.0418196028	3376
0.185685647	-0.0425128266	3377
0.161235237	-0.0428565663	3378
0.138070702	-0.0427926441	3379
0.116302714	-0.0422650654	3380
0.0960356606	-0.0412216697	3381
0.0773685253	-0.0396097654	3382
0.0603970186	-0.0373792884	3383
0.0452188747	-0.034476708	3384
0.0319445234	-0.0308471752	3385
0.0207200324	-0.0264334405	3386
0.011755441	-0.0212217019	3387
0.00531868219	-0.0153624544	3388
0.0015218992	-0.00937888419	3389
-9.31972003e-05	-0.00408124426	3390
-0.000440537069	-1.5830889e-05	3391
-0.000120840053	0.00404472244	3392
0.00122835319	0.00934454347	3393
0.00414148869	0.0156610647	3394
0.0089530666	0.0226807664	3395
0.0157900098	0.0301321173	3396
0.0246650457	0.0378241694	3397
0.0355480872	0.0456216379	3398
0.0483938485	0.0534169043	3399
0.0631485511	0.0611125547	3400
0.0797499689	0.0686133562	3401
0.0981258499	0.0758222678	3402
0.118190989	0.0826454175	3403
0.139848046	0.0889902606	3404
0.162987248	0.0947679921	3405
0.187486223	0.0999003215	3406
0.213212478	0.104316425	3407
0.240024055	0.107960332	3408
0.26777223	0.11078889	3409
0.296303605	0.112771037	3410
0.325461852	0.113894367	3411
0.355090318	0.114158575	3412
0.385033631	0.113573812	3413
0.415141671	0.112208652	3414
0.445281295	0.110271757	3415
0.47532429	0.10784935	3416
0.505145803	0.104981102	3417
0.534627636	0.101715237	3418
0.563658521	0.0981012194	3419
0.59213444	0.0941877153	3420
0.619959043	0.0900227278	3421
0.647044106	0.0856540725	3422
0.673310011	0.0811301437	3423
0.698685148	0.0764950443	3424
0.723106807	0.0717928137	3425
0.746520784	0.0670647899	3426
0.768881368	0.0623493534	3427
0.790151596	0.0576834286	3428
0.810302908	0.0531011012	3429
0.829314952	0.0486334351	3430
0.847175168	0.0443076365	3431
0.863878857	0.0401483678	3432
0.879428799	0.0361773905	3433
0.893834646	0.0324124856	3434
0.907112786	0.0288684192	3435
0.919285902	0.0255568354	3436
0.930382276	0.0224854197	3437
0.940435537	0.0196586601	3438
0.949484417	0.0170786742	3439
0.95757186	0.0147440883	3440
0.964744278	0.0126495104	3441
0.971052137	0.0107888467	3442
0.976549809	0.00915626504	3443
0.981292679	0.00773926375	3444
0.985336215	0.00651806727	3445
0.988739692	0.00547803252	3446
0.991567961	0.00461444826	3447
0.993885887	0.00391505709	3448
0.995752679	0.00334358278	3449
0.997209949	0.00281698141	3450
0.998306695	0.00230682018	3451
0.999104451	0.00183065995	3452
0.999682476	0.00140193241	3453
1.00007437	0.000996667796	3454
1.00030859	0.000587788342	3455
1.00050387	0.000160136496	3456
1.00046494	-0.000343463796	3457
1.00025223	-0.000820365084	3458
0.999795249	-0.00123515758	3459
0.999102194	-0.0015876197	3460
0.99817791	-0.00189523074	3461
0.996939	-0.00213508279	3462
0.995331296	-0.00228052895	3463
0.993295813	-0.00236123494	3464
0.990764856	-0.00245898736	3465
0.987665569	-0.0025941107	3466
0.983926706	-0.0027617598	3467
0.979479756	-0.00295133727	3468
0.97425986	-0.00316801514	3469
0.968204922	-0.00342347419	3470
0.961255115	-0.00372057983	3471
0.953353967	-0.00405804736	3472
0.944449487	-0.0044389735	3473
0.934494447	-0.00486815629	3474
0.923446703	-0.00534853949	3475
0.911269882	-0.00588272418	3476
0.897933982	-0.00647409584	3477
0.883415828	-0.00712633851	3478
0.867699524	-0.00784328006	3479
0.85077689	-0.00862871547	3480
0.832647847	-0.0094863397	3481
0.813320761	-0.0104197888	3482
0.792812729	-0.0114325645	3483
0.771149809	-0.0125279234	3484
0.748367175	-0.013708602	3485
0.724509155	-0.0149753678	3486
0.699629271	-0.0163271286	3487
0.673790279	-0.0177624256	3488
0.647063893	-0.0192767329	3489
0.619530469	-0.0208600747	3490
0.591279029	-0.0225028391	3491
0.562406522	-0.0241891978	3492
0.533017558	-0.0259004512	3493
0.503223633	-0.0276108064	3494
0.473142924	-0.0292941414	3495
0.442899309	-0.0309197639	3496
0.412621187	-0.032439463	3497
0.382444931	-0.0338821574	3498
0.352513425	-0.0353621826	3499
0.322964708	-0.0368664333	3500
0.293934947	-0.0383312823	3501
0.265559936	-0.0396979956	3502
0.237973495	-0.0409035207	3503
0.211306569	-0.0418847779	3504
0.185686188	-0.0425780044	3505
0.161234628	-0.042921733	3506
0.138068606	-0.0428577695	3507
0.116298706	-0.0423300907	3508
0.0960291942	-0.0412864863	3509
0.0773588913	-0.0396741771	3510
0.0603832924	-0.0374429435	3511
0.0451998703	-0.0345389812	3512
0.0319188027	-0.0309069779	3513
0.020686084	-0.0264889768	3514
0.011712197	-0.0212703402	3515
0.00526634848	-0.0154011318	3516
0.00146243715	-0.00940530735	3517
-0.000156798196	-0.00409495968	3518
-0.000505570232	-1.76469675e-05	3519
-0.000185247504	0.00405387884	3520
0.00116629983	0.00936406861	3521
0.00408331389	0.0156901743	3522
0.00889979651	0.0227181019	3523
0.0157420294	0.0301760447	3524
0.0246222351	0.0378731512	3525
0.0355100579	0.0456744212	3526
0.0483601306	0.0534725447	3527
0.0631186974	0.061170365	3528
0.0797235969	0.0686728407	3529
0.0981026492	0.0758830649	3530
0.118170713	0.0827072576	3531
0.139830499	0.0890529361	3532
0.162972273	0.0948313383	3533
0.18747369	0.0999642027	3534
0.213202275	0.104380726	3535
0.240016079	0.108024955	3536
0.267766383	0.110853748	3537
0.296299788	0.112836054	3538
0.325459959	0.113959476	3539
0.355090227	0.11422372	3540
0.385035192	0.113638946	3541
0.415144694	0.112273742	3542
0.445285594	0.110336783	3543
0.475329725	0.1079143	3544
0.505152269	0.105045965	3545
0.534635051	0.101780006	3546
0.563666815	0.0981658894	3547
0.592143553	0.0942522827	3548
0.619968925	0.0900871896	3549
0.647054708	0.0857184272	3550
0.673321293	0.0811943903	3551
0.698697069	0.0765591826	3552
0.723119332	0.0718568439	3553
0.746533878	0.0671287129	3554
0.768895	0.0624131707	3555
0.790165735	0.0577471421	3556
0.810317525	0.0531647132	3557
0.829330018	0.0486969484	3558
0.847190656	0.0443710543	3559
0.86389474	0.0402116935	3560
0.879445051	0.0362406283	3561
0.89385124	0.0324756398	3562
0.907129698	0.0289314945	3563
0.919303106	0.0256198365	3564
0.93039975	0.0225483517	3565
0.940453257	0.0197215277	3566
0.949502363	0.0171414822	3567
0.957590015	0.0148068403	3568
0.964762632	0.0127122087	3569
0.971070686	0.0108514914	3570
0.976568571	0.00921884994	3571
0.981311711	0.00780177056	3572
0.985355622	0.00658046216	3573
0.988759642	0.00554025901	3574
0.991588772	0.00467639535	3575
0.99390819	0.00397648553	3576
0.995777582	0.00340400715	3577
0.997238845	0.00287560381	3578
0.998340825	0.00236256083	3579
0.999144799	0.00188208255	3580
0.99972997	0.00144684209	3581
1.00012959	0.00103164172	3582
1.00037048	0.000608815063	3583
1.00057853	0.000163538037	3584
1.00053722	-0.000362483577	3585
1.0003154	-0.00086032768	3586
0.999845396	-0.0012905902	3587
0.999139557	-0.00165236385	3588
0.99820443	-0.00196512267	3589
0.996956943	-0.00220765391	3590
0.995343118	-0.00235434663	3591
0.993303837	-0.0024355633	3592
0.990770758	-0.00253351584	3593
0.987670289	-0.00266872463	3594
0.983930735	-0.00283641524	3595
0.979483376	-0.00302601436	3596
0.974263256	-0.00324270303	3597
0.968208209	-0.00349816694	3598
0.961258351	-0.00379527438	3599
0.953357183	-0.0041327419	3600
0.944452706	-0.00451366669	3601
0.934497684	-0.00494284709	3602
0.923449967	-0.00542322704	3603
0.911273181	-0.00595740771	3604
0.897937324	-0.00654877459	3605
0.883419219	-0.00720101168	3606
0.867702972	-0.00791794687	3607
0.850780401	-0.00870337513	3608
0.832651428	-0.00956099141	3609
0.813324417	-0.0104944318	3610
0.792816466	-0.011507198	3611
0.77115363	-0.0126025467	3612
0.748371082	-0.0137832145	3613
0.724513146	-0.015049969	3614
0.699633341	-0.0164017183	3615
0.67379442	-0.0178370038	3616
0.647068092	-0.0193512998	3617
0.619534707	-0.0209346309	3618
0.591283285	-0.0225773856	3619
0.562410767	-0.0242637357	3620
0.53302176	-0.025974982	3621
0.503227758	-0.0276853316	3622
0.47314694	-0.0293686623	3623
0.442903195	-0.0309942813	3624
0.412624947	-0.0325139761	3625
0.382448598	-0.033956664	3626
0.352517014	-0.0354366816	3627
0.322968172	-0.0369409267	3628
0.293938187	-0.0384057741	3629
0.265562813	-0.0397724902	3630
0.237975834	-0.0409780221	3631
0.211308156	-0.0419592867	3632
0.185686765	-0.0426525155	3633
0.161233882	-0.0429962303	3634
0.138066147	-0.0429322175	3635
0.116294045	-0.0424044209	3636
0.0960217042	-0.0413605726	3637
0.0773477584	-0.0397477919	3638
0.0603674576	-0.0375156798	3639
0.0451779807	-0.034610118	3640
0.031889225	-0.030975265	3641
0.0206471134	-0.0265523623	3642
0.0116626436	-0.0213258329	3643
0.00520646718	-0.0154452671	3644
0.00139445647	-0.00943549301	3645
-0.00022949523	-0.00411066672	3646
-0.000579909201	-1.97656115e-05	3647
-0.000258878219	0.00406430365	3648
0.00109534894	0.00938633317	3649
0.00401677538	0.0157233727	3650
0.00883883945	0.0227606895	3651
0.0156870999	0.030226168	3652
0.0245732073	0.0379290634	3653
0.0354664977	0.0457346945	3654
0.0483215073	0.0535360992	3655
0.0630845024	0.0612364132	3656
0.0796933936	0.0687408131	3657
0.0980760814	0.0759525457	3658
0.118147497	0.0827779361	3659
0.13981041	0.0891245738	3660
0.16295513	0.0949037454	3661
0.187459343	0.100037224	3662
0.213190592	0.104454229	3663
0.240006944	0.108098827	3664
0.267759683	0.11092789	3665
0.296295408	0.112910378	3666
0.325457778	0.114033906	3667
0.355090105	0.114298191	3668
0.385036957	0.113713406	3669
0.41514813	0.112348153	3670
0.445290492	0.110411122	3671
0.475335924	0.10798855	3672
0.50515965	0.105120117	3673
0.534643517	0.101854051	3674
0.563676287	0.0982398218	3675
0.592153964	0.0943260978	3676
0.619980215	0.0901608846	3677
0.647066824	0.0857919999	3678
0.673334185	0.0812678397	3679
0.698710692	0.0766325083	3680
0.723133646	0.0719300464	3681
0.746548844	0.0672017932	3682
0.768910581	0.0624861304	3683
0.790181896	0.0578199833	3684
0.810334232	0.0532374387	3685
0.829347239	0.0487695614	3686
0.84720836	0.0444435584	3687
0.863912895	0.0402840928	3688
0.879463627	0.0363129273	3689
0.893870208	0.0325478435	3690
0.907149028	0.0290036082	3691
0.919322771	0.0256918659	3692
0.930419721	0.0226203023	3693
0.94047351	0.0197934053	3694
0.949522873	0.0172132919	3695
0.957610765	0.0148785861	3696
0.964783609	0.0127838934	3697
0.971091887	0.0109231146	3698
0.976590019	0.00929040419	3699
0.981333472	0.00787323415	3700
0.98537782	0.00665179522	3701
0.988782476	0.00561139491	3702
0.991612611	0.00474720445	3703
0.99393376	0.00404669185	3704
0.995806143	0.00347305377	3705
0.997271974	0.00294258275	3706
0.998379946	0.0024262297	3707
0.99919105	0.00194077976	3708
0.999784425	0.00149802444	3709
1.00019289	0.0010713759	3710
1.00044136	0.000632521199	3711
1.00066391	0.000167056204	3712
1.00061981	-0.000384422913	3713
1.00038764	-0.000905982142	3714
0.999902877	-0.00135383368	3715
0.999182485	-0.00172626643	3716
0.998234973	-0.00204494756	3717
0.996977689	-0.0022905691	3718
0.995356826	-0.00243871394	3719
0.993313161	-0.00252052914	3720
0.990777608	-0.00261871864	3721
0.98767575	-0.00275402935	3722
0.983935378	-0.00292176956	3723
0.979487533	-0.00311139449	3724
0.974267146	-0.00332809611	3725
0.968211967	-0.00358356587	3726
0.961262047	-0.0038806755	3727
0.953360856	-0.00421814302	3728
0.944456382	-0.00459906624	3729
0.93450138	-0.00502824382	3730
0.923453695	-0.00550861995	3731
0.91127695	-0.0060427959	3732
0.897941142	-0.00663415715	3733
0.883423094	-0.00728638771	3734
0.867706912	-0.00800331546	3735
0.850784414	-0.00878873535	3736
0.832655521	-0.00964634233	3737
0.813328597	-0.0105797725	3738
0.792820738	-0.0115925276	3739
0.771157997	-0.0126878644	3740
0.748375547	-0.0138685195	3741
0.724517706	-0.015135261	3742
0.699637992	-0.0164869969	3743
0.673799152	-0.0179222689	3744
0.64707289	-0.0194365517	3745
0.61953955	-0.0210198703	3746
0.591288147	-0.0226626134	3747
0.562415616	-0.0243489533	3748
0.53302656	-0.0260601912	3749
0.503232471	-0.027770534	3750
0.47315153	-0.0294538593	3751
0.442907636	-0.0310794737	3752
0.412629242	-0.0325991631	3753
0.382452786	-0.0340418432	3754
0.352521108	-0.035521852	3755
0.322972119	-0.0370260903	3756
0.293941871	-0.0384909354	3757
0.265566076	-0.0398576546	3758
0.237978477	-0.0410631936	3759
0.211309932	-0.0420444662	3760
0.185687378	-0.0427376966	3761
0.161232969	-0.0430813939	3762
0.138063262	-0.0430173224	3763
0.116288626	-0.0424893874	3764
0.0960130301	-0.041445254	3765
0.0773348949	-0.0398319244	3766
0.060349193	-0.0375987928	3767
0.0451527715	-0.0346913803	3768
0.031855217	-0.0310532412	3769
0.0206023835	-0.0266247085	3770
0.0116058658	-0.0213891502	3771
0.00513795373	-0.0154956351	3772
0.00131673864	-0.00946998108	3773
-0.000312588686	-0.0041286568	3774
-0.000664885542	-2.2236309e-05	3775
-0.000343052693	0.00407617427	3776
0.00101422579	0.00941172452	3777
0.00394067284	0.0157612379	3778
0.00876908901	0.0228092712	3779
0.0156242178	0.0302833637	3780
0.0245170619	0.0379928882	3781
0.035416604	0.0458035213	3782
0.0482772657	0.0536086941	3783
0.0630453352	0.0613118733	3784
0.0796588021	0.0688184846	3785
0.0980456575	0.0760319501	3786
0.118120915	0.0828587163	3787
0.139787411	0.0892064551	3788
0.162935503	0.0949865097	3789
0.187442916	0.100120692	3790
0.213177216	0.10453825	3791
0.239996481	0.108183271	3792
0.267752004	0.111012643	3793
0.296290383	0.11299534	3794
0.325455264	0.114118991	3795
0.355089944	0.114383324	3796
0.385038951	0.113798526	3797
0.415152037	0.112433219	3798
0.445296072	0.110496105	3799
0.475342995	0.108073434	3800
0.505168073	0.105204888	3801
0.534653184	0.101938701	3802
0.563687107	0.098324343	3803
0.592165858	0.0944104855	3804
0.619993115	0.090245135	3805
0.647080668	0.0858761109	3806
0.673348917	0.08135181	3807
0.698726262	0.0767163376	3808
0.723150005	0.0720137352	3809
0.746565949	0.0672853427	3810
0.768928389	0.0625695423	3811
0.790200367	0.0579032602	3812
0.810353328	0.0533205836	3813
0.829366922	0.048852578	3814
0.847228594	0.0445264507	3815
0.863933646	0.0403668656	3816
0.87948486	0.0363955859	3817
0.893891888	0.0326303936	3818
0.907171122	0.0290860559	3819
0.919345246	0.0257742176	3820
0.930442546	0.0227025645	3821
0.940496655	0.0198755843	3822
0.949546313	0.0172953938	3823
0.957634477	0.0149606157	3824
0.96480758	0.0128658535	3825
0.971116115	0.0110050045	3826
0.976614531	0.00937221472	3827
0.981358348	0.00795493986	3828
0.985403204	0.00673334927	3829
0.988808601	0.00569271898	3830
0.991639907	0.00482814738	3831
0.993963061	0.00412693502	3832
0.995838879	0.00355196194	3833
0.997309939	0.0030191163	3834
0.998424775	0.00249896021	3835
0.999244065	0.00200778278	3836
0.999846878	0.00155633498	3837
1.00026545	0.00111649948	3838
1.00052253	0.000659222861	3839
1.00076155	0.000170603946	3840
1.00071418	-0.000409747718	3841
1.00047026	-0.000958149816	3842
0.999968761	-0.00142599272	3843
0.999231797	-0.00181062599	3844
0.998270136	-0.00213612035	3845
0.997001641	-0.00238531025	3846
0.995372717	-0.0025351382	3847
0.993323979	-0.00261765602	3848
0.990785547	-0.00271612536	3849
0.987682057	-0.00285155717	3850
0.98394072	-0.00301935638	3851
0.9794923	-0.00320901198	3852
0.974271597	-0.00342572897	3853
0.96821626	-0.00368120574	3854
0.961266265	-0.00397831798	3855
0.953365048	-0.00431578553	3856
0.944460578	-0.00469670687	3857
0.934505599	-0.00512588111	3858
0.923457952	-0.00560625275	3859
0.911281255	-0.00614042313	3860
0.897945503	-0.00673177777	3861
0.883427522	-0.00738400068	3862
0.867711415	-0.0081009197	3863
0.850789	-0.00888632979	3864
0.832660198	-0.0097439259	3865
0.813333374	-0.0106773442	3866
0.79282562	-0.0116900863	3867
0.771162989	-0.0127854092	3868
0.74838065	-0.0139660496	3869
0.724522919	-0.0152327758	3870
0.699643307	-0.016584496	3871
0.673804559	-0.0180197522	3872
0.647078372	-0.0195340196	3873
0.619545083	-0.0211173235	3874
0.591293701	-0.022760053	3875
0.562421156	-0.0244463809	3876
0.533032043	-0.0261576085	3877
0.503237854	-0.0278679431	3878
0.473156773	-0.0295512617	3879
0.442912709	-0.0311768704	3880
0.41263415	-0.0326965532	3881
0.382457568	-0.0341392239	3882
0.352525779	-0.0356192222	3883
0.322976614	-0.0371234525	3884
0.293946061	-0.0385882947	3885
0.265569779	-0.0399550168	3886
0.237981461	-0.0411605634	3887
0.211311916	-0.0421418443	3888
0.185688022	-0.0428350755	3889
0.161231857	-0.0431787511	3890
0.138059881	-0.0431146098	3891
0.116282327	-0.0425865121	3892
0.0960029858	-0.0415420458	3893
0.0773200338	-0.0399280773	3894
0.0603281284	-0.0376937627	3895
0.0451237435	-0.0347842093	3896
0.0318161206	-0.0311422824	3897
0.0205510496	-0.0267072849	3898
0.0115408168	-0.0214613999	3899
0.00505956853	-0.0155531223	3900
0.00122789139	-0.00950939028	3901
-0.0004075646	-0.00414926511	3902
-0.000762021334	-2.5117129e-05	3903
-0.000439280479	0.00408969286	3904
0.000921473112	0.00944068501	3905
0.00385363394	0.0158044302	3906
0.00868927992	0.0228646948	3907
0.0155522353	0.0303486326	3908
0.0244527685	0.0380657471	3909
0.0353594579	0.0458821166	3910
0.0482265899	0.0536916154	3911
0.0630004733	0.0613980865	3912
0.0796191849	0.0689072388	3913
0.0980108176	0.0761226955	3914
0.118090477	0.0829510416	3915
0.139761078	0.0893000445	3916
0.162913034	0.0950811122	3917
0.18742411	0.100216102	3918
0.2131619	0.104634294	3919
0.239984498	0.1082798	3920
0.267743205	0.111109526	3921
0.296284616	0.113092464	3922
0.325452368	0.114216256	3923
0.355089735	0.114480645	3924
0.385041206	0.113895835	3925
0.415156478	0.112530466	3926
0.445302428	0.110593259	3927
0.475351059	0.108170474	3928
0.505177687	0.1053018	3929
0.534664222	0.102035474	3930
0.563699464	0.0984209697	3931
0.592179445	0.0945069598	3932
0.620007853	0.0903414529	3933
0.647096487	0.0859722697	3934
0.673365752	0.0814478084	3935
0.698744055	0.0768121752	3936
0.723168702	0.0721094125	3937
0.746585498	0.067380861	3938
0.768948743	0.0626649037	3939
0.790221479	0.0579984676	3940
0.810375154	0.0534156406	3941
0.82938942	0.0489474886	3942
0.847251722	0.0446212198	3943
0.863957364	0.0404614986	3944
0.879509128	0.0364900887	3945
0.893916667	0.0327247728	3946
0.907196373	0.0291803186	3947
0.919370931	0.0258683711	3948
0.930468631	0.0227966163	3949
0.940523105	0.0199695419	3950
0.949573097	0.017389264	3951
0.957661571	0.0150544041	3952
0.964834968	0.012959563	3953
0.971143797	0.0110986342	3954
0.976642539	0.00946575361	3955
0.981386775	0.00804835809	3956
0.98543222	0.00682659196	3957
0.98883848	0.00578569425	3958
0.991671146	0.00492067928	3959
0.993996622	0.00421865563	3960
0.995876383	0.00364214713	3961
0.997353434	0.00310657426	3962
0.998476138	0.00258204673	3963
0.999304832	0.00208426597	3964
0.999918498	0.00162277027	3965
1.00034864	0.00116771597	3966
1.0006155	0.000689260645	3967
1.0008732	0.00017410143	3968
1.00082199	-0.000438996258	3969
1.00056473	-0.00101776604	3970
1.00004427	-0.001508323	3971
0.999288443	-0.00190692147	3972
0.998310611	-0.00224025574	3973
0.99702928	-0.00249356637	3974
0.995391109	-0.00264534611	3975
0.993336514	-0.00272868581	3976
0.990794732	-0.00282748496	3977
0.987689329	-0.00296306019	3978
0.983946856	-0.0031309293	3979
0.97949776	-0.00332062116	3980
0.974276683	-0.00353735633	3981
0.968221159	-0.00379284138	3982
0.961271077	-0.0040899567	3983
0.953369828	-0.00442742424	3984
0.944465363	-0.00480834331	3985
0.934510413	-0.00523751361	3986
0.92346281	-0.00571787992	3987
0.911286169	-0.00625204374	3988
0.897950484	-0.00684339062	3989
0.883432579	-0.00749560453	3990
0.867716559	-0.00821251333	3991
0.85079424	-0.00899791196	3992
0.832665544	-0.00985549537	3993
0.813338833	-0.0107888997	3994
0.7928312	-0.0118016267	3995
0.771168695	-0.0128969334	3996
0.748386482	-0.0140775567	3997
0.724528875	-0.015344265	3998
0.699649382	-0.0166959669	3999
0.673810738	-0.0181312047	4000
0.647084635	-0.019645454	4001
0.619551404	-0.0212287406	4002
0.591300047	-0.0228714542	4003
0.562427485	-0.0245577678	4004
0.533038308	-0.0262689833	4005
0.503244005	-0.0279793077	4006
0.473162763	-0.0296626182	4007
0.442918506	-0.0312882197	4008
0.412639756	-0.0328078942	4009
0.382463028	-0.0342505539	4010
0.352531106	-0.0357305398	4011
0.322981734	-0.0372347606	4012
0.293950825	-0.0386995991	4013
0.265573977	-0.040066324	4014
0.23798483	-0.0412718786	4015
0.211314133	-0.0422531681	4016
0.185688695	-0.0429463988	4017
0.161230508	-0.0432900477	4018
0.138055918	-0.0432258233	4019
0.116275007	-0.0426975346	4020
0.0959913563	-0.0416526794	4021
0.0773028668	-0.0400379675	4022
0.0603038379	-0.0378022808	4023
0.0450903228	-0.0348902519	4024
0.0317711808	-0.03124396	4025
0.0204921445	-0.0268015414	4026
0.0114662992	-0.0215438479	4027
0.00496989507	-0.0156187423	4028
0.00112632418	-0.00955443002	4029
-0.000516121083	-0.0041728775	4030
-0.000873056416	-2.84764168e-05	4031
-0.000549287268	0.00410508974	4032
0.000815425137	0.00947372051	4033
0.00375408975	0.0158537039	4034
0.00859796531	0.0229279283	4035
0.015469839	0.0304231176	4036
0.0243791478	0.0381489211	4037
0.0352940075	0.0459718679	4038
0.0481685455	0.0537863327	4039
0.0629490893	0.0614965851	4040
0.079573812	0.069008657	4041
0.0979709204	0.0762264012	4042
0.118055626	0.0830565619	4043
0.139730928	0.089407016	4044
0.162887309	0.0951892463	4045
0.187402578	0.100325162	4046
0.213144362	0.104744082	4047
0.239970773	0.108390144	4048
0.26773312	0.111220277	4049
0.296277997	0.113203491	4050
0.325449031	0.114327445	4051
0.355089469	0.1145919	4052
0.385043754	0.114007077	4053
0.415161527	0.112641638	4054
0.44530967	0.110704325	4055
0.475360256	0.108281411	4056
0.50518866	0.105412592	4057
0.534676825	0.102146108	4058
0.563713578	0.0985314357	4059
0.592194967	0.094617252	4060
0.620024693	0.0904515666	4061
0.647114563	0.0860822021	4062
0.673384991	0.0815575578	4063
0.69876439	0.0769217412	4064
0.723190069	0.0722187957	4065
0.746607841	0.0674900628	4066
0.768972005	0.0627739266	4067
0.790245608	0.0581073149	4068
0.8104001	0.0535243164	4069
0.829415134	0.0490559976	4070
0.847278157	0.0447295674	4071
0.863984472	0.0405696911	4072
0.879536864	0.0365981331	4073
0.893944986	0.0328326766	4074
0.907225231	0.0292880899	4075
0.919400285	0.0259760184	4076
0.930498439	0.0229041481	4077
0.940553329	0.0200769669	4078
0.9496037	0.0174965904	4079
0.957692525	0.0151616381	4080
0.964866257	0.013066708	4081
0.971175419	0.0112056888	4082
0.976674533	0.00957270486	4083
0.981419251	0.00815517104	4084
0.985465375	0.00693320246	4085
0.988872636	0.00589199472	4086
0.991706883	0.00502646512	4087
0.994035036	0.00432350441	4088
0.995919329	0.0037452283	4089
0.997403251	0.00320652226	4090
0.998534982	0.00267696637	4091
0.999374508	0.0021715509	4092
1.00000065	0.00169844002	4093
1.00044404	0.00122580912	4094
1.00072198	0.000723002465	4095
1.00100087	0.000177434206	4096
1.00094515	-0.000472788383	4097
1.00067277	-0.00108589348	4098
1.00013083	-0.0016022493	4099
0.999353518	-0.00201683542	4100
0.9983572	-0.00235919526	4101
0.997061162	-0.00261726654	4102
0.995412373	-0.0027713108	4103
0.993351034	-0.00285560854	4104
0.990805343	-0.00295479718	4105
0.987697701	-0.00309054179	4106
0.983953895	-0.00325849342	4107
0.979504004	-0.00344822797	4108
0.974282487	-0.00366498451	4109
0.968226742	-0.00392047928	4110
0.961276558	-0.00421759815	4111
0.953375273	-0.0045550656	4112
0.944470816	-0.00493598195	4113
0.934515902	-0.0053651475	4114
0.923468352	-0.0058455075	4115
0.911291776	-0.00637966358	4116
0.89795617	-0.0069710013	4117
0.883438354	-0.00762320466	4118
0.867722435	-0.00834010148	4119
0.850800227	-0.00912548669	4120
0.832671652	-0.00998305525	4121
0.813345071	-0.0109164433	4122
0.792837576	-0.0119291527	4123
0.771175215	-0.0130244404	4124
0.748393148	-0.0142050437	4125
0.724535683	-0.0154717312	4126
0.699656323	-0.0168234117	4127
0.673817798	-0.018258628	4128
0.647091791	-0.0197728562	4129
0.619558626	-0.0213561226	4130
0.591307296	-0.0229988174	4131
0.562434714	-0.0246851142	4132
0.533045463	-0.0263963151	4133
0.503251031	-0.0281066274	4134
0.473169607	-0.0297899278	4135
0.442925129	-0.0314155203	4136
0.412646161	-0.0329351849	4137
0.382469262	-0.0343778313	4138
0.352537181	-0.0358578027	4139
0.322987565	-0.0373620122	4140
0.29395624	-0.0388268459	4141
0.265578738	-0.0401935735	4142
0.237988633	-0.0413991366	4143
0.211316608	-0.0423804347	4144
0.18568939	-0.0430736633	4145
0.161228874	-0.0434172793	4146
0.138051275	-0.0433529563	4147
0.1162665	-0.0428244432	4148
0.0959778931	-0.0417791341	4149
0.0772830387	-0.0401635576	4150
0.0602758307	-0.0379262796	4151
0.0450518498	-0.0350113891	4152
0.0317195313	-0.0313600688	4153
0.0204245601	-0.0269091337	4154
0.0113809439	-0.0216379405	4155
0.00486731492	-0.015693655	4156
0.00101022011	-0.00960591418	4157
-0.000640198473	-0.00419993864	4158
-0.000999979523	-3.2394872e-05	4159
-0.000675045847	0.00412262717	4160
0.000694177561	0.00951140873	4161
0.00364024663	0.0159099209	4162
0.00849349073	0.0230000776	4163
0.0153755269	0.0305081243	4164
0.0242948506	0.0382438731	4165
0.0352190488	0.0460743599	4166
0.0481020627	0.0538945244	4167
0.0628902358	0.06160912	4168
0.0795218472	0.069124546	4169
0.0979252315	0.076344918	4170
0.118015719	0.0831771628	4171
0.139696408	0.0895292827	4172
0.162857855	0.0953128471	4173
0.187377926	0.100449825	4174
0.21312428	0.10486958	4175
0.239955052	0.108516279	4176
0.267721562	0.11134688	4177
0.296270402	0.113330411	4178
0.325445185	0.114454552	4179
0.355089132	0.114719083	4180
0.385046633	0.114134246	4181
0.415167266	0.112768729	4182
0.44531792	0.110831297	4183
0.475370745	0.108408236	4184
0.505201183	0.10553925	4185
0.534691216	0.102272586	4186
0.563729698	0.0986577232	4187
0.592212699	0.0947433413	4188
0.620043932	0.0905774524	4189
0.647135217	0.0862078809	4190
0.673406976	0.081683028	4191
0.698787628	0.0770470022	4192
0.723214489	0.0723438481	4193
0.746633376	0.0676149085	4194
0.768998592	0.0628985683	4195
0.790273187	0.0582317563	4196
0.810428611	0.0536485623	4197
0.829444523	0.0491800534	4198
0.847308369	0.0448534394	4199
0.864015454	0.0406933864	4200
0.879568563	0.0367216598	4201
0.89397735	0.0329560432	4202
0.90725821	0.029411306	4203
0.919433828	0.0260990938	4204
0.930532499	0.0230270928	4205
0.94058786	0.0201997909	4206
0.94963866	0.0176193033	4207
0.957727883	0.015284247	4208
0.964901991	0.0131892169	4209
0.971211531	0.0113280961	4210
0.976711069	0.009694995	4211
0.981456337	0.00827730336	4212
0.985503245	0.00705510206	4213
0.988911665	0.00601353581	4214
0.991747741	0.00514741062	4215
0.994078987	0.00444336783	4216
0.995968492	0.00386305662	4217
0.997460297	0.00332074887	4218
0.998602398	0.00278540331	4219
0.999454405	0.00227115743	4220
1.0000949	0.00178459314	4221
1.00055346	0.00129164848	4222
1.00084395	0.000760842863	4223
1.00114685	0.000180445967	4224
1.00108586	-0.000511835313	4225
1.00079632	-0.00116373629	4226
1.00023007	-0.00170938525	4227
0.999428297	-0.00214227951	4228
0.998410834	-0.00249503763	4229
0.997097937	-0.00275861329	4230
0.995436945	-0.0029152862	4231
0.993367818	-0.00300070249	4232
0.990817586	-0.00310034842	4233
0.987707323	-0.00323629271	4234
0.983961953	-0.00340434146	4235
0.97951113	-0.00359412607	4236
0.974289097	-0.00381090759	4237
0.968233095	-0.00406641366	4238
0.961282794	-0.00436353659	4239
0.953381471	-0.00470100377	4240
0.944477025	-0.00508191677	4241
0.934522156	-0.00551107663	4242
0.92347467	-0.0059914291	4243
0.911298173	-0.00652557602	4244
0.897962659	-0.00711690297	4245
0.883444948	-0.00776909392	4246
0.867729145	-0.00848597668	4247
0.850807066	-0.0092713462	4248
0.83267863	-0.0101288974	4249
0.8133522	-0.0110622665	4250
0.792844863	-0.0120749552	4251
0.771182666	-0.0131702209	4252
0.748400765	-0.0143508009	4253
0.724543462	-0.015617464	4254
0.699664254	-0.0169691196	4255
0.673825865	-0.0184043109	4256
0.647099968	-0.0199185144	4257
0.619566877	-0.0215017571	4258
0.591315577	-0.0231444298	4259
0.562442972	-0.0248307066	4260
0.533053638	-0.0265418902	4261
0.503259057	-0.028252188	4262
0.473177425	-0.029935476	4263
0.442932696	-0.0315610575	4264
0.412653478	-0.0330807099	4265
0.382476378	-0.0345233406	4266
0.352544109	-0.0360032948	4267
0.322994206	-0.0375074909	4268
0.293962396	-0.0389723186	4269
0.265584135	-0.0403390487	4270
0.237992924	-0.0415446205	4271
0.211319366	-0.0425259273	4272
0.185690098	-0.0432191518	4273
0.161226901	-0.0435627274	4274
0.138045838	-0.0434982874	4275
0.116256616	-0.042969511	4276
0.0959623087	-0.041923672	4277
0.0772601391	-0.04030709	4278
0.0602435422	-0.0380679674	4279
0.0450075664	-0.03514977	4280
0.0316601786	-0.031492659	4281
0.0203470279	-0.0270319533	4282
0.0112831853	-0.0217453309	4283
0.00474997936	-0.0157791883	4284
0.000877504034	-0.00966477714	4285
-0.000782013753	-0.00423096154	4286
-0.00114506388	-3.69680996e-05	4287
-0.000818811507	0.00414260364	4288
0.000555553468	0.00955440978	4289
0.00351005411	0.015974066	4290
0.00837396445	0.0230824059	4291
0.0152675808	0.0306051435	4292
0.0241983329	0.0383522742	4293
0.0351332037	0.0461914033	4294
0.0480259167	0.0540181084	4295
0.062822828	0.0617376915	4296
0.0794623331	0.0692569705	4297
0.0978729099	0.0764803611	4298
0.117970023	0.0833149991	4299
0.139656884	0.0896690315	4300
0.162824133	0.0954541268	4301
0.187349699	0.100592324	4302
0.213101283	0.105013035	4303
0.239937045	0.108660466	4304
0.267708315	0.111491603	4305
0.296261685	0.113475499	4306
0.325440753	0.114599855	4307
0.355088709	0.114864475	4308
0.385049887	0.114279624	4309
0.415173791	0.112914018	4310
0.445327318	0.110976451	4311
0.475382708	0.108553223	4312
0.505215475	0.105684048	4313
0.534707647	0.102417178	4314
0.563748109	0.0988020982	4315
0.592232954	0.0948874902	4316
0.620065914	0.0907213692	4317
0.647158817	0.0863515618	4318
0.673432099	0.0818264708	4319
0.698814184	0.0771902064	4320
0.723242397	0.0724868146	4321
0.746662559	0.0677576392	4322
0.769028979	0.0630410663	4323
0.790304707	0.0583740261	4324
0.810461198	0.0537906091	4325
0.829478112	0.0493218837	4326
0.847342898	0.0449950602	4327
0.864050862	0.0408348062	4328
0.879604789	0.0368628876	4329
0.894014336	0.0330970893	4330
0.907295895	0.0295521812	4331
0.919472156	0.0262398094	4332
0.930571413	0.0231676607	4333
0.940627306	0.020340223	4334
0.949678592	0.0177596105	4335
0.957768262	0.0154244377	4336
0.964942795	0.0133292959	4337
0.971252759	0.0114680612	4338
0.976752776	0.00983482823	4339
0.981498674	0.00841695725	4340
0.985546481	0.00719448923	4341
0.98895624	0.00615250926	4342
0.991794431	0.0052856965	4343
0.99412925	0.00458040361	4344
0.996024755	0.00399774816	4345
0.997525618	0.00345129613	4346
0.998679648	0.00290927388	4347
0.999546048	0.0023848015	4348
1.00020309	0.00188263082	4349
1.000679	0.00136619441	4350
1.00098368	0.000803201624	4351
1.00131378	0.000182937744	4352
1.0012466	-0.000556949944	4353
1.00093763	-0.00125265525	4354
1.00034388	-0.0018315545	4355
0.999514263	-0.00228542272	4356
0.998472603	-0.00265017266	4357
0.997140362	-0.00292012028	4358
0.995465333	-0.00307984758	4359
0.993387205	-0.00316657037	4360
0.990831698	-0.00326675247	4361
0.987718365	-0.00340293223	4362
0.983971163	-0.00357109501	4363
0.979519247	-0.00376093812	4364
0.974296613	-0.00397774869	4365
0.968240311	-0.00423326782	4366
0.961289878	-0.00453039525	4367
0.953388514	-0.00486786188	4368
0.944484087	-0.00524877074	4369
0.934529274	-0.00567792374	4370
0.923481868	-0.0061582672	4371
0.911305466	-0.00669240325	4372
0.89797006	-0.00728371747	4373
0.883452473	-0.00793589383	4374
0.867736805	-0.0086527601	4375
0.850814876	-0.00943811123	4376
0.832686602	-0.0102956421	4377
0.813360343	-0.011228989	4378
0.792853188	-0.0122416537	4379
0.77119118	-0.0133368937	4380
0.748409468	-0.0145174464	4381
0.724552351	-0.0157840813	4382
0.699673317	-0.0171357078	4383
0.673835082	-0.0185708698	4384
0.64710931	-0.0200850445	4385
0.619576304	-0.0216682594	4386
0.591325038	-0.0233109061	4387
0.562452406	-0.0249971595	4388
0.533062975	-0.0267083225	4389
0.503268225	-0.0284186027	4390
0.473186357	-0.0301018758	4391
0.442941341	-0.0317274438	4392
0.412661835	-0.0332470813	4393
0.382484502	-0.0346896934	4394
0.35255201	-0.0361696274	4395
0.323001767	-0.0376738077	4396
0.293969393	-0.039138628	4397
0.265590253	-0.0405053599	4398
0.237997764	-0.0417109407	4399
0.211322439	-0.0426922562	4400
0.18569081	-0.0433854738	4401
0.161224524	-0.043729	4402
0.138039474	-0.0436644212	4403
0.116245135	-0.043135336	4404
0.095944271	-0.0420888787	4405
0.0772336953	-0.0404711277	4406
0.0602063221	-0.0382298673	4407
0.044956602	-0.0353078496	4408
0.0315919831	-0.0316440721	4409
0.0202580956	-0.027172161	4410
0.0111712341	-0.0218679089	4411
0.00461577699	-0.0158768625	4412
0.000725806185	-0.00973209233	4413
-0.000944099816	-0.00426653873	4414
-0.00131090789	-4.23097439e-05	4415
-0.000983162521	0.00416535863	4416
0.000397064312	0.00960347789	4417
0.00336116818	0.0160472648	4418
0.00823722356	0.0231763567	4419
0.0151440358	0.0307158786	4420
0.0240878283	0.038476033	4421
0.0350348952	0.0463250658	4422
0.0479387057	0.0541592752	4423
0.0627456239	0.0618845852	4424
0.0793941734	0.0694082898	4425
0.0978129925	0.0766351475	4426
0.117917698	0.0834725338	4427
0.139611628	0.0898287616	4428
0.162785523	0.0956156138	4429
0.18731738	0.10075521	4430
0.213074948	0.105177018	4431
0.239916417	0.108825288	4432
0.267693131	0.11165704	4433
0.296251681	0.113641355	4434
0.325435647	0.114765959	4435
0.355088184	0.115030682	4436
0.385053563	0.114445817	4437
0.415181207	0.113080112	4438
0.445338024	0.111142391	4439
0.475396352	0.108718973	4440
0.505231786	0.105849583	4441
0.534726407	0.102582479	4442
0.563769136	0.0989671512	4443
0.592256093	0.0950522855	4444
0.620091028	0.0908858998	4445
0.647185784	0.0865158232	4446
0.673460806	0.0819904608	4447
0.698844532	0.0773539243	4448
0.723274291	0.0726502613	4449
0.746695911	0.067920817	4450
0.769063706	0.063203979	4451
0.79034073	0.0585366786	4452
0.81049844	0.0539530076	4453
0.8295165	0.0494840354	4454
0.84738236	0.0451569736	4455
0.864091327	0.0409964907	4456
0.879646188	0.0370243539	4457
0.894056599	0.0332583491	4458
0.907338954	0.0297132472	4459
0.919515945	0.026400695	4460
0.930615866	0.0233283796	4461
0.940672361	0.0205007894	4462
0.949724193	0.017920037	4463
0.957814365	0.0155847345	4464
0.964989372	0.0134894685	4465
0.971299813	0.0116281072	4466
0.97680037	0.00999472655	4467
0.981546981	0.00857665259	4468
0.985595821	0.00735387964	4469
0.989007122	0.00631142466	4470
0.991847762	0.00544381692	4471
0.994186713	0.00473707921	4472
0.996089133	0.00415172088	4473
0.997600418	0.00360049382	4474
0.998768209	0.00305074675	4475
0.999651212	0.00251441926	4476
1.00032732	0.00199411963	4477
1.00082307	0.00145050239	4478
1.00114377	0.000850521697	4479
1.00150464	0.000184660805	4480
1.00143023	-0.000609057716	4481
1.00109928	-0.00135418383	4482
1.00047445	-0.00197081365	4483
0.999613147	-0.00244872201	4484
0.998543786	-0.00282731904	4485
0.997189329	-0.00310465484	4486
0.995498132	-0.00326793669	4487
0.993409589	-0.00335618716	4488
0.99084794	-0.00345699892	4489
0.987731017	-0.0035934553	4490
0.983981668	-0.00376175167	4491
0.979528476	-0.00395166296	4492
0.97430514	-0.0041685072	4493
0.968248493	-0.00442404125	4494
0.96129791	-0.00472117363	4495
0.953396507	-0.00505863925	4496
0.94449211	-0.00543954293	4497
0.934537369	-0.00586868762	4498
0.923490061	-0.0063490203	4499
0.911313775	-0.00688314338	4500
0.897978499	-0.00747444255	4501
0.883461056	-0.00812660172	4502
0.867745548	-0.00884344864	4503
0.850823792	-0.00962877822	4504
0.832695704	-0.0104862854	4505
0.813369645	-0.0114196063	4506
0.792862699	-0.012432243	4507
0.771200906	-0.0135274529	4508
0.748419412	-0.014707974	4509
0.724562506	-0.0159745758	4510
0.699683671	-0.0173261685	4511
0.673845612	-0.0187612963	4512
0.647119982	-0.0202754373	4513
0.619587072	-0.0218586197	4514
0.591335844	-0.023501236	4515
0.562463182	-0.0251874616	4516
0.533073641	-0.0268986002	4517
0.503278698	-0.0286088593	4518
0.47319656	-0.0302921144	4519
0.442951215	-0.0319176659	4520
0.41267138	-0.0334372855	4521
0.382493775	-0.0348798755	4522
0.352561018	-0.0363597858	4523
0.323010377	-0.0378639473	4524
0.293977345	-0.0393287583	4525
0.265597187	-0.0406954917	4526
0.238003222	-0.0419010815	4527
0.211325859	-0.0428824051	4528
0.185691508	-0.0435756125	4529
0.161221666	-0.0439190786	4530
0.138032026	-0.0438543354	4531
0.116231799	-0.0433248878	4532
0.0959233955	-0.0422777093	4533
0.0772031616	-0.0406585995	4534
0.0601634221	-0.0384148623	4535
0.044897956	-0.0354884325	4536
0.0315136384	-0.0318169833	4537
0.020156101	-0.0273322254	4538
0.0110430452	-0.0220078352	4539
0.00446229697	-0.0159884196	4540
0.000552420754	-0.00980909381	4541
-0.00112935027	-0.00430735541	4542
-0.00150048157	-4.85553424e-05	4543
-0.00117104644	0.00419127795	4544
0.000215865303	0.00965947486	4545
0.0031909093	0.0161308038	4546
0.00808079522	0.0232835791	4547
0.0150026446	0.0308422753	4548
0.0239613163	0.0386173297	4549
0.0349223185	0.0464777101	4550
0.0478388248	0.054320528	4551
0.0626572015	0.0620524125	4552
0.0793161128	0.0695811998	4553
0.0977443767	0.0768120396	4554
0.117857781	0.0836525818	4555
0.13955981	0.0900113297	4556
0.162741315	0.0958001981	4557
0.187280373	0.100941398	4558
0.213044791	0.105364465	4559
0.239892789	0.109013699	4560
0.267675728	0.111846155	4561
0.296240199	0.113830951	4562
0.325429762	0.114955842	4563
0.355087536	0.115220685	4564
0.385057716	0.114635806	4565
0.415189638	0.11326999	4566
0.44535022	0.111332094	4567
0.475411911	0.108908461	4568
0.5052504	0.106038825	4569
0.534747826	0.102771454	4570
0.563793151	0.0991558441	4571
0.592282525	0.0952406844	4572
0.62011972	0.0910739968	4573
0.647216596	0.0867036133	4574
0.673493611	0.0821779412	4575
0.698879212	0.0775410945	4576
0.72331074	0.0728371223	4577
0.746734027	0.0681073715	4578
0.769103394	0.0633902312	4579
0.790381899	0.0587226343	4580
0.810541002	0.0541386739	4581
0.82956037	0.0496694206	4582
0.847427457	0.0453420874	4583
0.864137568	0.0411813443	4584
0.879693493	0.0372089597	4585
0.894104889	0.0334427206	4586
0.907388149	0.0298973992	4587
0.919565967	0.0265846431	4588
0.930666639	0.0235121407	4589
0.940723812	0.0206843794	4590
0.949776256	0.0181034712	4591
0.957866989	0.015768025	4592
0.965042524	0.0136726221	4593
0.971353495	0.011811121	4594
0.976854656	0.0101775758	4595
0.981602078	0.00875927296	4596
0.9856521	0.00753615203	4597
0.989065171	0.00649315324	4598
0.991908653	0.00562462488	4599
0.99425239	0.0049162156	4600
0.996162793	0.00432773627	4601
0.997686089	0.00377099759	4602
0.998869769	0.0032123025	4603
0.999771964	0.0026621929	4604
1.00047005	0.00212080444	4605
1.00098847	0.00154572666	4606
1.0013272	0.000903266412	4607
1.00172287	0.000185309052	4608
1.00164002	-0.000669208111	4609
1.00128424	-0.00147004531	4610
1.00062433	-0.00212947681	4611
0.999726979	-0.00263495589	4612
0.998625889	-0.00302956621	4613
0.997245887	-0.00331548582	4614
0.995536043	-0.00348291295	4615
0.99343543	-0.00357295291	4616
0.99086662	-0.00367450495	4617
0.987745494	-0.00381128636	4618
0.983993629	-0.00397973906	4619
0.979538944	-0.00416972963	4620
0.974314791	-0.00438661271	4621
0.968257747	-0.00464216374	4622
0.961307	-0.0049393014	4623
0.953405562	-0.00527676536	4624
0.94450121	-0.00565766252	4625
0.934546563	-0.00608679709	4626
0.923499377	-0.00656711682	4627
0.911323233	-0.00710122441	4628
0.897988114	-0.00769250574	4629
0.883470843	-0.00834464464	4630
0.867755522	-0.00906146881	4631
0.850833968	-0.00984677314	4632
0.832706097	-0.0107042525	4633
0.813380267	-0.0116375432	4634
0.792873562	-0.0126501471	4635
0.771212018	-0.013745322	4636
0.748430773	-0.0149258061	4637
0.724574109	-0.0161923695	4638
0.699695501	-0.0175439226	4639
0.673857643	-0.0189790106	4640
0.647132174	-0.0204931122	4641
0.619599373	-0.0220762567	4642
0.591348189	-0.0237188372	4643
0.562475491	-0.0254050301	4644
0.533085824	-0.0271161397	4645
0.50329066	-0.0288263738	4646
0.473208214	-0.030509607	4647
0.442962495	-0.0321351384	4648
0.412682281	-0.0336547365	4649
0.382504359	-0.0350973003	4650
0.352571289	-0.0365771827	4651
0.323020179	-0.0380813221	4652
0.293986382	-0.0395461217	4653
0.265605044	-0.0409128556	4654
0.238009373	-0.0421184545	4655
0.21132966	-0.0430997855	4656
0.185692173	-0.0437929783	4657
0.161218235	-0.0441363715	4658
0.138023312	-0.0440714335	4659
0.116216311	-0.0435415611	4660
0.095899238	-0.0424935412	4661
0.0771679087	-0.0408728526	4662
0.0601139808	-0.0386262465	4663
0.0448304792	-0.035694723	4664
0.0314236466	-0.0320144481	4665
0.0200391424	-0.0275149671	4666
0.0108962823	-0.0221675809	4667
0.00428678712	-0.016115856	4668
0.000354258744	-0.00989720133	4669
-0.00134107055	-0.00435420494	4670
-0.00171717972	-5.58670667e-05	4671
-0.00138583303	0.00422079968	4672
8.70440245e-06	0.00972338534	4673
0.0029962145	0.0162261536	4674
0.00790185235	0.0234059581	4675
0.0148408374	0.0309865567	4676
0.0238164851	0.0387786552	4677
0.0347934082	0.0466520348	4678
0.047724437	0.0545047261	4679
0.0625559328	0.0622441573	4680
0.079226714	0.0697787813	4681
0.0976657996	0.0770141941	4682
0.117789171	0.08385836	4683
0.139500478	0.090220001	4684
0.162690697	0.0960111829	4685
0.187237999	0.101154223	4686
0.213010254	0.105578735	4687
0.239865721	0.109229072	4688
0.26765578	0.112062339	4689
0.29622702	0.114047687	4690
0.325422981	0.115172908	4691
0.355086738	0.11543789	4692
0.385062405	0.114852998	4693
0.41519922	0.113487057	4694
0.445364112	0.111548964	4695
0.475429656	0.109125085	4696
0.505271643	0.10625517	4697
0.53477228	0.102987495	4698
0.563820577	0.0993715625	4699
0.592312718	0.0954560677	4700
0.6201525	0.0912890358	4701
0.647251801	0.0869183023	4702
0.673531095	0.0823922772	4703
0.698918843	0.0777550766	4704
0.723352392	0.073050752	4705
0.746777586	0.0683206517	4706
0.769148751	0.0636031669	4707
0.790428948	0.0589352321	4708
0.810589642	0.0543509421	4709
0.829610505	0.0498813689	4710
0.84747899	0.045553727	4711
0.864190407	0.041392688	4712
0.879747544	0.037420022	4713
0.894160059	0.0336535175	4714
0.907444348	0.0301079479	4715
0.919623101	0.0267949627	4716
0.93072462	0.0237222501	4717
0.940782555	0.0208942979	4718
0.949835683	0.0183132171	4719
0.957927037	0.0159776129	4720
0.965103156	0.01388206	4721
0.971414713	0.0120204057	4722
0.97691655	0.0103866785	4723
0.981664887	0.00896811822	4724
0.985716262	0.00774460071	4725
0.989131372	0.00670097797	4726
0.991978153	0.00583138334	4727
0.994327444	0.00512103683	4728
0.996247082	0.00452894641	4729
0.997784252	0.00396582875	4730
0.998986311	0.00339674252	4731
0.999910717	0.00283057484	4732
1.00063414	0.00226462071	4733
1.00117842	0.00165312286	4734
1.00153739	0.000961916053	4735
1.00197237	0.000184510878	4736
1.0018797	-0.000738586966	4737
1.00149592	-0.0016021712	4738
1.00079646	-0.00231014208	4739
0.999858138	-0.00284726069	4740
0.998720692	-0.00326042065	4741
0.997311287	-0.00355633723	4742
0.9955799	-0.00372861155	4743
0.993465271	-0.00382075298	4744
0.990888093	-0.00392317703	4745
0.987762035	-0.00406034097	4746
0.984007222	-0.00422897639	4747
0.97955079	-0.00441905902	4748
0.974325687	-0.00463598679	4749
0.968268189	-0.00489155702	4750
0.961317263	-0.00518870018	4751
0.953415799	-0.00552616154	4752
0.944511514	-0.00590705046	4753
0.93455699	-0.00633617265	4754
0.923509958	-0.00681647676	4755
0.911333988	-0.00735056589	4756
0.897999061	-0.00794182595	4757
0.883481995	-0.00859394092	4758
0.867766895	-0.00931073833	4759
0.850845578	-0.010096013	4760
0.832717959	-0.0109534599	4761
0.813392395	-0.0118867151	4762
0.792885968	-0.0128992809	4763
0.771224708	-0.013994415	4764
0.748443749	-0.015174856	4765
0.724587363	-0.0164413745	4766
0.699709014	-0.0177928816	4767
0.673871385	-0.019227923	4768
0.647146101	-0.0207419787	4769
0.619613424	-0.0223250788	4770
0.591362289	-0.0239676173	4771
0.56248955	-0.0256537718	4772
0.533099739	-0.0273648471	4773
0.503304324	-0.0290750511	4774
0.473221526	-0.030758258	4775
0.442975379	-0.0323837653	4776
0.41269473	-0.0339033376	4777
0.382516438	-0.0353458703	4778
0.352582998	-0.03682572	4779
0.323031338	-0.0383298332	4780
0.293996648	-0.0397946188	4781
0.265613944	-0.0411613521	4782
0.238016303	-0.0423669598	4783
0.211333879	-0.0433482971	4784
0.185692779	-0.04404147	4785
0.161214125	-0.0443847747	4786
0.138013119	-0.0443196063	4787
0.116198325	-0.0437892358	4788
0.0958712848	-0.0427402349	4789
0.0771272108	-0.0411177121	4790
0.0600570066	-0.0388677839	4791
0.0447528515	-0.0359303817	4792
0.0313202908	-0.0322399573	4793
0.0199050438	-0.0277236092	4794
0.0107282767	-0.0223499728	4795
0.00408610632	-0.0162614605	4796
0.000127794293	-0.00999804949	4797
-0.0015830362	-0.00440800697	4798
-0.00196488259	-6.44395558e-05	4799
-0.00163137483	0.00425442068	4800
-0.000228136019	0.00979633427	4801
0.00277358249	0.0163349953	4802
0.007697163	0.0235456475	4803
0.0146556758	0.0311512626	4804
0.0236506907	0.0389628549	4805
0.0346458012	0.0468511233	4806
0.0475934399	0.0547151367	4807
0.0624399541	0.0624632291	4808
0.0791243313	0.0700045545	4809
0.0975758153	0.0772452187	4810
0.117710606	0.0840935453	4811
0.139432539	0.090458507	4812
0.162632737	0.096252344	4813
0.187189478	0.101397496	4814
0.212970702	0.105823664	4815
0.239834713	0.109475268	4816
0.267632914	0.112309464	4817
0.296211893	0.114295447	4818
0.325415167	0.115421047	4819
0.355085762	0.115686192	4820
0.385067701	0.115101287	4821
0.415210112	0.113735206	4822
0.445379937	0.11179689	4823
0.475449892	0.109372732	4824
0.505295886	0.106502498	4825
0.5348002	0.103234477	4826
0.563851899	0.0996181775	4827
0.592347207	0.0957023005	4828
0.62018995	0.091534876	4829
0.647292026	0.0871637433	4830
0.673573927	0.0826373157	4831
0.698964129	0.0779997116	4832
0.72339999	0.0732949851	4833
0.746827364	0.0685644867	4834
0.769200583	0.0638466092	4835
0.790482713	0.0591782895	4836
0.810645226	0.0545936242	4837
0.829667794	0.050123687	4838
0.847537875	0.045795694	4839
0.86425078	0.0416343191	4840
0.879809296	0.0376613341	4841
0.894223084	0.0338945291	4842
0.907508537	0.0303486798	4843
0.919688346	0.0270354371	4844
0.930790818	0.0239624895	4845
0.940849605	0.0211343255	4846
0.949903493	0.0185530546	4847
0.957995533	0.0162172778	4848
0.965172293	0.0141215623	4849
0.971484494	0.0122597415	4850
0.976987081	0.0106258137	4851
0.981736452	0.00920696475	4852
0.985789353	0.00798300265	4853
0.989206838	0.00693865565	4854
0.99205746	0.00606782335	4855
0.994413213	0.00535522615	4856
0.99634356	0.00475894653	4857
0.997896818	0.00418841285	4858
0.999120156	0.00360723431	4859
1.00007029	0.00302231249	4860
1.00082292	0.00242770619	4861
1.00139663	0.00177405003	4862
1.00177825	0.00102696386	4863
1.00225762	0.000181820444	4864
1.00215354	-0.000818529815	4865
1.00173825	-0.0017527212	4866
1.00099429	-0.00251571998	4867
1.00000942	-0.00308916986	4868
0.998830309	-0.00352385659	4869
0.997387019	-0.00383144824	4870
0.995630698	-0.00400940902	4871
0.993499759	-0.00410402646	4872
0.990912781	-0.00420748068	4873
0.98778092	-0.00434509576	4874
0.984022637	-0.00451394529	4875
0.979564163	-0.00470413445	4876
0.974337954	-0.00492111356	4877
0.968279937	-0.00517670536	4878
0.961328818	-0.00547385411	4879
0.953427344	-0.00581131158	4880
0.944523158	-0.00619219009	4881
0.934568795	-0.00662129707	4882
0.923521958	-0.00710158229	4883
0.911346205	-0.0076356493	4884
0.89801151	-0.00822688412	4885
0.883494693	-0.00887897069	4886
0.867779856	-0.00959573658	4887
0.850858817	-0.0103809765	4888
0.832731492	-0.0112383852	4889
0.813406237	-0.0121715991	4890
0.792900131	-0.0131841202	4891
0.7712392	-0.0142792067	4892
0.748458569	-0.0154595975	4893
0.724602501	-0.0167260637	4894
0.699724449	-0.0180775172	4895
0.673887083	-0.0195125044	4896
0.647162008	-0.0210265064	4897
0.619629473	-0.0226095545	4898
0.591378394	-0.0242520439	4899
0.562505607	-0.0259381531	4900
0.533115632	-0.0276491878	4901
0.503319931	-0.0293593562	4902
0.473236731	-0.0310425315	4903
0.442990095	-0.0326680096	4904
0.412708946	-0.0341875509	4905
0.382530222	-0.0356300469	4906
0.352596345	-0.0371098583	4907
0.32304404	-0.0386139406	4908
0.294008311	-0.0400787091	4909
0.265624023	-0.0414454404	4910
0.238024107	-0.0426510563	4911
0.211338557	-0.0436323982	4912
0.185693293	-0.0443255446	4913
0.161209207	-0.0446687423	4914
0.138001201	-0.0446033013	4915
0.116177441	-0.0440723471	4916
0.0958389416	-0.0430222025	4917
0.0770802305	-0.0413975491	4918
0.0599913585	-0.0391437751	4919
0.0446635569	-0.0361995904	4920
0.0312016033	-0.0324974987	4921
0.0197513168	-0.0279618351	4922
0.0105359808	-0.022558245	4923
0.0038566703	-0.0164278585	4924
-0.000130996421	-0.0101135216	4925
-0.00185955934	-0.00446982892	4926
-0.00224802524	-7.45070924e-05	4927
-0.00191207638	0.0042927038	4928
-0.0004989059	0.00987960659	4929
0.002519011	0.0164592506	4930
0.00746303253	0.0237051093	4931
0.0144437997	0.0313392954	4932
0.0234609086	0.0391731799	4933
0.0344767936	0.0470784981	4934
0.0474434273	0.0549554924	4935
0.0623071321	0.0627135234	4936
0.0790070806	0.0702625424	4937
0.0974727682	0.0775092362	4938
0.117620641	0.0843623397	4939
0.139354746	0.0907311133	4940
0.162566372	0.0965279969	4941
0.187133916	0.101675572	4942
0.212925403	0.106103639	4943
0.23979919	0.109756697	4944
0.267606703	0.112591959	4945
0.29619453	0.114578672	4946
0.325406162	0.115704709	4947
0.355084572	0.115970044	4948
0.38507368	0.115385128	4949
0.41522249	0.114018889	4950
0.445397962	0.112080319	4951
0.475472968	0.109655844	4952
0.50532355	0.106785248	4953
0.534832075	0.103516832	4954
0.563887669	0.0999001141	4955
0.592386603	0.0959838014	4956
0.620232733	0.0918159292	4957
0.647337984	0.0874443415	4958
0.673622868	0.0829174548	4959
0.699015876	0.0782793909	4960
0.723454381	0.0735742063	4961
0.746884247	0.068843254	4962
0.769259813	0.0641249292	4963
0.790544153	0.0594561712	4964
0.81070874	0.0548710788	4965
0.829733254	0.0504007275	4966
0.847605156	0.0460723359	4967
0.864319754	0.0419105798	4968
0.879879839	0.0379372334	4969
0.894295071	0.034170089	4970
0.907581839	0.0306239254	4971
0.91976284	0.027310394	4972
0.93086638	0.0242371847	4973
0.940926116	0.0214087867	4974
0.949980842	0.0188273082	4975
0.958073634	0.0164913446	4976
0.965251092	0.0143954544	4977
0.971563996	0.0125334543	4978
0.977067414	0.0108993068	4979
0.981817952	0.00948013431	4980
0.985872592	0.008255668	4981
0.989292836	0.00721048349	4982
0.992147945	0.00633820999	4983
0.994511239	0.00562298941	4984
0.996454041	0.00502183385	4985
0.998025992	0.00444265502	4986
0.999274032	0.00384735093	4987
1.000254	0.00324047303	4988
1.00104025	0.00261241165	4989
1.00164739	0.00190997171	4990
1.00205427	0.00109891153	4991
1.00258373	0.000176708259	4992
1.00246646	-0.000910536584	4993
1.00201578	-0.00192410495	4994
1.00122182	-0.00274946427	4995
1.00018413	-0.00336465628	4996
0.998957258	-0.00382437157	4997
0.997474871	-0.00414563993	4998
0.995689637	-0.00433029726	4999
0.993539669	-0.004427844	5000
0.990941179	-0.00453251996	5001
0.98780247	-0.00467066877	5002
0.984040085	-0.00483976998	5003
0.979579222	-0.00503008231	5004
0.974351724	-0.00524712034	5005
0.968293113	-0.00550273631	5006
0.961341791	-0.00579989054	5007
0.95344033	-0.00613734242	5008
0.944536285	-0.00651820776	5009
0.934582135	-0.00694729607	5010
0.923535548	-0.00742755839	5011
0.911360064	-0.00796159883	5012
0.898025655	-0.00855280356	5013
0.883509138	-0.00920485645	5014
0.867794615	-0.00992158514	5015
0.850873905	-0.0107067842	5016
0.832746925	-0.0115641483	5017
0.813422029	-0.0124973137	5018
0.792916296	-0.0135097827	5019
0.771255744	-0.0146048137	5020
0.748475491	-0.0157851459	5021
0.724619789	-0.0170515512	5022
0.699742078	-0.018402942	5023
0.673905012	-0.0198378661	5024
0.647180177	-0.0213518055	5025
0.619647804	-0.0229347929	5026
0.591396788	-0.0245772246	5027
0.562523947	-0.0262632806	5028
0.533133784	-0.0279742674	5029
0.503337755	-0.0296843933	5030
0.473254096	-0.0313675309	5031
0.443006901	-0.0329929738	5032
0.412725177	-0.034512478	5033
0.382545951	-0.0359549308	5034
0.352611559	-0.0374346971	5035
0.323058496	-0.0389387431	5036
0.294021559	-0.0404034908	5037
0.265635437	-0.0417702182	5038
0.238032892	-0.0429758414	5039
0.211343735	-0.0439571855	5040
0.185693673	-0.0446502971	5041
0.161203331	-0.0449933657	5042
0.137987267	-0.0449276025	5043
0.116153192	-0.0443959644	5044
0.0958015212	-0.0433444865	5045
0.0770260019	-0.0417173591	5046
0.0599157232	-0.0394591343	5047
0.0445608547	-0.036507127	5048
0.0310653301	-0.0327916286	5049
0.0195751164	-0.0282338552	5050
0.0103159161	-0.0227960996	5051
0.00359439101	-0.0166180641	5052
-0.00042670443	-0.0102457894	5053
-0.00217556452	-0.00454091108	5054
-0.00257167675	-8.63524246e-05	5055
-0.00223297344	0.00433628564	5056
-0.000808463833	0.00997466967	5057
0.00222792522	0.0166011168	5058
0.00719523768	0.0238871579	5059
0.0142013675	0.0315539719	5060
0.02324368	0.0394133447	5061
0.0342832921	0.047338184	5062
0.0472716455	0.0552300582	5063
0.0621550247	0.0629994917	5064
0.0788728051	0.070557342	5065
0.0973547628	0.0778109584	5066
0.117517621	0.0846695459	5067
0.139265669	0.0910426947	5068
0.162490379	0.0968430745	5069
0.187070291	0.101993429	5070
0.212873524	0.106423676	5071
0.239758493	0.110078401	5072
0.267576655	0.112914887	5073
0.296174598	0.114902438	5074
0.325395785	0.116028979	5075
0.355083126	0.116294534	5076
0.385080428	0.115709609	5077
0.415236557	0.114343193	5078
0.445418493	0.112404336	5079
0.475499283	0.109979501	5080
0.505355118	0.107108493	5081
0.534868464	0.103839627	5082
0.563928518	0.100222432	5083
0.592431601	0.0963056222	5084
0.620281608	0.0921372396	5085
0.647390491	0.0877651329	5086
0.673678787	0.083237723	5087
0.699075005	0.0785991348	5088
0.723516533	0.0738934282	5089
0.746949246	0.0691619588	5090
0.769327494	0.0644431247	5091
0.790614356	0.0597738677	5092
0.810781312	0.0551882894	5093
0.829808046	0.0507174675	5094
0.847682021	0.0463886232	5095
0.864398546	0.042226435	5096
0.879960414	0.03825268	5097
0.894377278	0.0344851537	5098
0.907665532	0.0309386369	5099
0.919847872	0.0276247831	5100
0.930952605	0.024551284	5101
0.941013392	0.0217226294	5102
0.950069039	0.0191409257	5103
0.958162647	0.0168047623	5104
0.965340859	0.0147086866	5105
0.971654526	0.012846495	5106
0.977158861	0.0112121079	5107
0.981910703	0.00979257698	5108
0.985967347	0.00856753303	5109
0.989390809	0.00752137602	5110
0.992251181	0.0066474172	5111
0.994623312	0.00592912631	5112
0.996580653	0.00532227072	5113
0.998174385	0.00473297329	5114
0.999451152	0.00412111215	5115
1.00046572	0.00348846788	5116
1.00129065	0.00282131069	5117
1.00193566	0.00206245649	5118
1.0023706	0.00117826434	5119
1.00295654	0.000168464649	5120
1.00282407	-0.00101628799	5121
1.00233373	-0.0021190061	5122
1.0014837	-0.0030150053	5123
1.00038615	-0.00367817772	5124
0.999104544	-0.00416704664	5125
0.997577003	-0.00450438908	5126
0.995758169	-0.00469696679	5127
0.993585938	-0.0047979961	5128
0.990973882	-0.00490412811	5129
0.987827061	-0.00504291112	5130
0.984059812	-0.00521230884	5131
0.979596137	-0.00540276425	5132
0.974367128	-0.00561986995	5133
0.968307838	-0.00587551295	5134
0.961356304	-0.00617267236	5135
0.95345489	-0.00651011645	5136
0.944551044	-0.00689096517	5137
0.934597174	-0.0073200305	5138
0.923550906	-0.00780026501	5139
0.911375762	-0.00833427348	5140
0.898041705	-0.00892544229	5141
0.883525553	-0.00957745527	5142
0.86781141	-0.0102941399	5143
0.85089109	-0.0110792908	5144
0.832764515	-0.0119366025	5145
0.81344004	-0.0128697113	5146
0.792934739	-0.0138821194	5147
0.771274626	-0.0149770855	5148
0.74849481	-0.0161573494	5149
0.724639528	-0.0174236837	5150
0.699762208	-0.0187750017	5151
0.673925486	-0.020209852	5152
0.647200927	-0.0217237184	5153
0.619668737	-0.0233066347	5154
0.591417794	-0.024948999	5155
0.562544891	-0.0266349924	5156
0.533154514	-0.0283459226	5157
0.50335811	-0.0300559981	5158
0.473273928	-0.0317390905	5159
0.443026093	-0.0333644915	5160
0.412743708	-0.0348839514	5161
0.382563897	-0.0363263532	5162
0.352628898	-0.0378060667	5163
0.323074947	-0.0393100697	5164
0.294036603	-0.0407747922	5165
0.265648356	-0.0421415135	5166
0.238042774	-0.0433471425	5167
0.211349457	-0.0443284857	5168
0.185693865	-0.0450215525	5169
0.161196318	-0.0453644655	5170
0.137970979	-0.0452983215	5171
0.116125039	-0.0447658822	5172
0.0957582287	-0.0437128504	5173
0.076963411	-0.0420828506	5174
0.0598285896	-0.0398194761	5175
0.0444427467	-0.03685845	5176
0.0309088893	-0.0331275528	5177
0.019373191	-0.028544483	5178
0.0100641136	-0.0230677752	5179
0.00329460687	-0.0168355384	5180
-0.000764566484	-0.0103973605	5181
-0.00253667479	-0.00462269738	5182
-0.0029416308	-0.000100317713	5183
-0.00259982356	0.00438588551	5184
-0.00116236395	0.0100832	5185
0.00189509635	0.016763107	5186
0.00688895143	0.0240950113	5187
0.0139239876	0.0317990832	5188
0.0229950495	0.0396875943	5189
0.0340617581	0.0476347795	5190
0.0470749436	0.0555437074	5191
0.061980837	0.0633262206	5192
0.0787190355	0.0708942066	5193
0.097219629	0.0781557699	5194
0.117399653	0.0850206528	5195
0.139163668	0.0913988233	5196
0.162403362	0.0972032149	5197
0.186997431	0.102356758	5198
0.212814105	0.106789505	5199
0.239711867	0.110446143	5200
0.267542208	0.113284034	5201
0.296151718	0.115272548	5202
0.325383826	0.11639967	5203
0.355081374	0.11666548	5204
0.385088043	0.116080549	5205
0.415252543	0.114713935	5206
0.445441876	0.112774754	5207
0.475529289	0.110349509	5208
0.50539114	0.107478031	5209
0.534910007	0.104208653	5210
0.563975166	0.100590914	5211
0.592482997	0.096673538	5212
0.62033744	0.0925045735	5213
0.647450479	0.0881318753	5214
0.673742677	0.0836038689	5215
0.699142565	0.0789646833	5216
0.723587548	0.0742583819	5217
0.747023515	0.0695263234	5218
0.769404827	0.0648069094	5219
0.790694568	0.0601370848	5220
0.810864227	0.0555509539	5221
0.829893491	0.0510795977	5222
0.847769826	0.0467502399	5223
0.864488542	0.0425875628	5224
0.880052429	0.0386133466	5225
0.89447114	0.034845391	5226
0.907761067	0.0312984788	5227
0.919944906	0.0279842667	5228
0.931050966	0.0249104484	5229
0.94111291	0.0220815144	5230
0.950169561	0.019499569	5231
0.958264048	0.0171631944	5232
0.965443066	0.0150669242	5233
0.971757555	0.0132045304	5234
0.977262899	0.0115698826	5235
0.982016183	0.0101499594	5236
0.986075168	0.00892424494	5237
0.989502405	0.00787695237	5238
0.992368984	0.00700101239	5239
0.994751515	0.00627911032	5240
0.996725933	0.00566554295	5241
0.998345084	0.00506436456	5242
0.999655315	0.00443302691	5243
1.00071002	0.00377007644	5244
1.00157936	0.00305720855	5245
1.00226713	0.0022331781	5246
1.00273312	0.00126552588	5247
1.0033827	0.000156365257	5248
1.00323279	-0.00113766406	5249
1.00269813	-0.00234040907	5250
1.00178535	-0.00331638622	5251
1.00062005	-0.00403472568	5252
0.999275765	-0.00455761141	5253
0.997696028	-0.00491390956	5254
0.995838072	-0.00511589991	5255
0.993639714	-0.00522109316	5256
0.991011609	-0.00532897079	5257
0.987855138	-0.00546851156	5258
0.984082096	-0.00563826024	5259
0.979615059	-0.00582888377	5260
0.974384302	-0.0060460661	5261
0.968324231	-0.00630173939	5262
0.961372478	-0.00659890346	5263
0.953471159	-0.00693633699	5264
0.944567586	-0.00731716484	5265
0.934614084	-0.00774620192	5266
0.923568226	-0.00822640262	5267
0.911393509	-0.00876037257	5268
0.898059891	-0.00935149839	5269
0.883544186	-0.0100034639	5270
0.867830499	-0.0107200964	5271
0.850910648	-0.0115051906	5272
0.832784553	-0.0123624408	5273
0.813460571	-0.0132954831	5274
0.792955774	-0.0143078201	5275
0.77129617	-0.0154027105	5276
0.748516858	-0.0165828948	5277
0.724662061	-0.0178491462	5278
0.69978519	-0.0192003792	5279
0.673948863	-0.0206351436	5280
0.64722462	-0.0221489247	5281
0.619692642	-0.0237317581	5282
0.591441782	-0.0253740434	5283
0.562568808	-0.0270599633	5284
0.533178186	-0.0287708267	5285
0.503381356	-0.0304808424	5286
0.473296575	-0.0321638811	5287
0.443048008	-0.0337892316	5288
0.412764862	-0.035308639	5289
0.38258437	-0.0367509807	5290
0.352648657	-0.0382306323	5291
0.323093665	-0.0397345848	5292
0.294053684	-0.0411992768	5293
0.265662975	-0.0425659888	5294
0.238053884	-0.0437716217	5295
0.211355768	-0.0447529599	5296
0.185693803	-0.0454459693	5297
0.161187958	-0.0457886952	5298
0.137951943	-0.0457221014	5299
0.116092355	-0.0451887237	5300
0.0957081439	-0.0441338811	5301
0.0768911717	-0.042500547	5302
0.0597282175	-0.0402312159	5303
0.0443069368	-0.037259795	5304
0.0307293213	-0.0335112181	5305
0.0191418212	-0.0288992188	5306
0.00977604089	-0.0233781215	5307
0.0029520008	-0.017084254	5308
-0.00115055578	-0.0105711295	5309
-0.00294931027	-0.00471687028	5310
-0.003364509	-0.000116817938	5311
-0.00301920965	0.00444231459	5312
-0.00156695596	0.0102071118	5313
0.00151454727	0.0169480939	5314
0.00653865551	0.0243323474	5315
0.0136066384	0.0320789611	5316
0.0227104931	0.0400007784	5317
0.033808143	0.0479735386	5318
0.0468497156	0.0559020078	5319
0.0617813696	0.0636995222	5320
0.078542945	0.0712791394	5321
0.0970648819	0.0785498245	5322
0.117264568	0.0854219337	5323
0.13904687	0.0918058676	5324
0.16230372	0.0976148628	5325
0.186913995	0.102772064	5326
0.212746051	0.10720768	5327
0.239658447	0.110866512	5328
0.267502717	0.113706016	5329
0.296125451	0.115695636	5330
0.325370043	0.116823426	5331
0.355079258	0.117089535	5332
0.385096633	0.116504601	5333
0.415270707	0.115137765	5334
0.445468507	0.113198216	5335
0.475563502	0.110772506	5336
0.505432242	0.107900494	5337
0.534957429	0.104630532	5338
0.564028432	0.101012173	5339
0.592541699	0.0970941516	5340
0.620401218	0.0929245238	5341
0.647519011	0.0885511513	5342
0.673815671	0.084022465	5343
0.699219755	0.0793825986	5344
0.723668687	0.0746756196	5345
0.747108372	0.0699428906	5346
0.769493181	0.0652228165	5347
0.790786209	0.0605523463	5348
0.810958949	0.0559655878	5349
0.829991095	0.0514936252	5350
0.847870115	0.0471636858	5351
0.864591319	0.0430004559	5352
0.880157489	0.0390257214	5353
0.894578284	0.0352572837	5354
0.907870091	0.0317099306	5355
0.920055603	0.0283953223	5356
0.931163129	0.0253211546	5357
0.94122634	0.0224919191	5358
0.950284073	0.0199097176	5359
0.958379496	0.0175731229	5360
0.965559368	0.0154766521	5361
0.971874735	0.0136140466	5362
0.977381194	0.0119791156	5363
0.982136102	0.0105587543	5364
0.986197816	0.00933226321	5365
0.989629513	0.0082836355	5366
0.992503454	0.00740535184	5367
0.994898289	0.0066791779	5368
0.996892831	0.00605767142	5369
0.998541755	0.00544246755	5370
0.999891024	0.0047881362	5371
1.00099228	0.00408946852	5372
1.00191248	0.00332315009	5373
1.00264836	0.0024239152	5374
1.00314856	0.0013611925	5375
1.00386986	0.000139592864	5376
1.00369999	-0.00127676527	5377
1.00311591	-0.00259162899	5378
1.00213306	-0.00365810273	5379
1.00089126	-0.00443987773	5380
0.999475229	-0.00500251383	5381
0.997835126	-0.00538124107	5382
0.995931525	-0.00559447472	5383
0.993702412	-0.00570467836	5384
0.991055244	-0.00581466342	5385
0.987887236	-0.00595511578	5386
0.984107254	-0.00612528241	5387
0.979636196	-0.00631610353	5388
0.974403378	-0.00653337399	5389
0.968342399	-0.00678908136	5390
0.961390422	-0.0070862494	5391
0.953489259	-0.00742366897	5392
0.944586058	-0.00780447077	5393
0.934633038	-0.00823347319	5394
0.923587707	-0.0087136328	5395
0.911413532	-0.00924755626	5396
0.89808046	-0.00983863057	5397
0.883565304	-0.0104905396	5398
0.867852172	-0.0112071104	5399
0.850932885	-0.0119921375	5400
0.83280736	-0.0128493153	5401
0.813483959	-0.0137822799	5402
0.792979752	-0.0147945336	5403
0.771320742	-0.0158893356	5404
0.748542013	-0.0170694268	5405
0.724687776	-0.0183355817	5406
0.699811424	-0.0196867156	5407
0.673975552	-0.0211213798	5408
0.64725167	-0.0226350614	5409
0.619719936	-0.0242177979	5410
0.591469171	-0.0258599907	5411
0.562596117	-0.0275458244	5412
0.533205216	-0.0292566091	5413
0.503407899	-0.0309665539	5414
0.473322436	-0.0326495285	5415
0.443073031	-0.034274819	5416
0.41278901	-0.0357941638	5417
0.382607724	-0.0372364347	5418
0.352671171	-0.0387160139	5419
0.32311496	-0.0402199069	5420
0.294073074	-0.0416845621	5421
0.265679514	-0.0430512612	5422
0.238066367	-0.0442568954	5423
0.211362714	-0.0452382231	5424
0.185693403	-0.0459311598	5425
0.161178	-0.0462736609	5426
0.137929696	-0.046206536	5427
0.116054409	-0.0456720591	5428
0.0956502012	-0.0446151067	5429
0.0768077985	-0.0429779026	5430
0.0596126019	-0.0407016829	5431
0.0441507861	-0.0377182853	5432
0.0305232327	-0.0339494174	5433
0.0188767524	-0.0293043489	5434
0.00944652396	-0.0237326893	5435
0.00256050866	-0.0173687713	5436
-0.00159148574	-0.0107704365	5437
-0.00342080101	-0.00482538888	5438
-0.00384787912	-0.000136356941	5439
-0.00349865886	0.00450648365	5440
-0.00202950064	0.010348585	5441
0.00107944356	0.0171593573	5442
0.0061380399	0.0246033673	5443
0.0132435768	0.032398554	5444
0.0223848351	0.0403584369	5445
0.033517814	0.0483604637	5446
0.046591834	0.0563113208	5447
0.0615529602	0.0641260375	5448
0.0783412973	0.0717190004	5449
0.0968876763	0.0790001548	5450
0.117109881	0.0858805582	5451
0.138913126	0.0922711066	5452
0.16218962	0.0980853841	5453
0.186818446	0.103246782	5454
0.212668103	0.107685689	5455
0.239597241	0.111347039	5456
0.267457441	0.114188393	5457
0.296095295	0.116179285	5458
0.325354158	0.117307845	5459
0.355076707	0.1175743	5460
0.38510632	0.11698937	5461
0.415291344	0.115622285	5462
0.445498834	0.11368232	5463
0.47560251	0.111256081	5464
0.505479138	0.108383461	5465
0.535011562	0.105112834	5466
0.564089255	0.101493769	5467
0.592608741	0.0975750113	5468
0.620474068	0.0934046274	5469
0.647597299	0.0890304864	5470
0.673899062	0.0845010255	5471
0.699307943	0.0798603835	5472
0.723761387	0.075152633	5473
0.747205318	0.0704191406	5474
0.76959412	0.0656983158	5475
0.790890897	0.0610271119	5476
0.811067149	0.0564396409	5477
0.830102574	0.0519669909	5478
0.847984645	0.0476363936	5479
0.864708665	0.0434725414	5480
0.880277418	0.0394972236	5481
0.894700559	0.035728247	5482
0.907994468	0.0321804045	5483
0.920181838	0.0288653604	5484
0.931290977	0.0257908134	5485
0.941355563	0.0229612561	5486
0.950414451	0.0203787869	5487
0.95851086	0.0180419672	5488
0.965691625	0.0159452928	5489
0.972007927	0.0140824679	5490
0.977515574	0.0124472407	5491
0.982272372	0.011026374	5492
0.986337295	0.00979897502	5493
0.989774305	0.00874876446	5494
0.992657039	0.0078676881	5495
0.99506651	0.00713642743	5496
0.997084876	0.00650547099	5497
0.998768767	0.00587362872	5498
1.00016362	0.00519205556	5499
1.0013188	0.00445122548	5500
1.00229712	0.00362242705	5501
1.00308691	0.00263655111	5502
1.00362463	0.00146574745	5503
1.00442671	0.000117163734	5504
1.00423412	-0.00143593667	5505
1.00359507	-0.00287634549	5506
1.00253416	-0.00404514656	5507
1.00120612	-0.00489985365	5508
0.999708104	-0.00550899467	5509
0.997998172	-0.00591434549	5510
0.996041225	-0.0061410802	5511
0.993775792	-0.00625735499	5512
0.991105884	-0.0063699046	5513
0.987924014	-0.00651146252	5514
0.984135663	-0.0066821306	5515
0.979659762	-0.00687318535	5516
0.974424475	-0.00709055841	5517
0.968362439	-0.00734630405	5518
0.961410231	-0.00764347527	5519
0.953509303	-0.00798087685	5520
0.944606598	-0.00836164638	5521
0.934654205	-0.00879060639	5522
0.923609551	-0.0092707161	5523
0.911436064	-0.00980458347	5524
0.898103677	-0.010395596	5525
0.883589202	-0.0110474376	5526
0.867876746	-0.0117639352	5527
0.850958137	-0.0125488832	5528
0.832833299	-0.0134059757	5529
0.813510585	-0.0143388489	5530
0.79300707	-0.0153510051	5531
0.771348752	-0.0164457037	5532
0.748570703	-0.0176256865	5533
0.724717115	-0.0188917288	5534
0.699841362	-0.0202427471	5535
0.674006013	-0.0216772945	5536
0.647282549	-0.02319086	5537
0.619751095	-0.0247734832	5538
0.591500441	-0.0264155678	5539
0.562627296	-0.0281013002	5540
0.533236078	-0.0298119923	5541
0.503438205	-0.0315218532	5542
0.473351962	-0.0332047516	5543
0.443101599	-0.0348299705	5544
0.412816572	-0.036349241	5545
0.382634361	-0.0377914288	5546
0.35269682	-0.0392709232	5547
0.323139182	-0.0407747462	5548
0.294095079	-0.0422393572	5549
0.265698216	-0.0436060387	5550
0.238080383	-0.0448116705	5551
0.21137034	-0.0457929808	5552
0.185692562	-0.0464858262	5553
0.161166149	-0.0468280575	5554
0.137903699	-0.0467603054	5555
0.116010354	-0.0462245414	5556
0.0955831654	-0.0451651306	5557
0.0767115749	-0.0435234353	5558
0.0594794321	-0.0412392505	5559
0.0439712609	-0.0382420571	5560
0.0302867325	-0.0344499103	5561
0.0185731182	-0.029767057	5562
0.00906965611	-0.0241378309	5563
0.00211321531	-0.0176943261	5564
-0.00209512661	-0.0109991383	5565
-0.00395951501	-0.00495053671	5566
-0.00440038993	-0.000159547085	5567
-0.00404677832	0.00457941203	5568
-0.00255830087	0.0105101019	5569
0.000581970362	0.0174006414	5570
0.0056798888	0.0249128692	5571
0.0128282338	0.0327635138	5572
0.0220121543	0.040766898	5573
0.0331854693	0.048802411	5574
0.0462965745	0.0567789138	5575
0.0612914154	0.0646133542	5576
0.0781103863	0.0722216282	5577
0.0966847541	0.0795147976	5578
0.116932748	0.0864047203	5579
0.138759977	0.0928028596	5580
0.162058962	0.0986231983	5581
0.186709022	0.103789412	5582
0.21257882	0.108232093	5583
0.239527111	0.111896332	5584
0.26740553	0.114739811	5585
0.296060672	0.116732163	5586
0.325335848	0.117861611	5587
0.355073637	0.118128469	5588
0.385117241	0.117543549	5589
0.415314787	0.116176185	5590
0.445533368	0.114235749	5591
0.475646984	0.111808909	5592
0.505532642	0.108935597	5593
0.535073351	0.105664212	5594
0.564158702	0.102044343	5595
0.592685307	0.0981247469	5596
0.620557278	0.0939535015	5597
0.647686728	0.0895784848	5598
0.673994325	0.0850481413	5599
0.699408688	0.0804066161	5600
0.723867287	0.0756979872	5601
0.747316067	0.0709636264	5602
0.769709425	0.0662419483	5603
0.791010475	0.0615699111	5604
0.811190726	0.056981632	5605
0.830229881	0.0525082038	5606
0.848115412	0.0481768641	5607
0.864842617	0.0440123115	5608
0.880414284	0.0400363401	5609
0.894840057	0.0362667633	5610
0.908136311	0.0327183802	5611
0.920325733	0.0294028601	5612
0.931436634	0.0263279051	5613
0.941502696	0.0234980088	5614
0.950562805	0.0209152647	5615
0.958660234	0.0185782198	5616
0.965841922	0.0164813432	5617
0.972159216	0.0146182925	5618
0.977668142	0.0129827532	5619
0.982427157	0.0115612983	5620
0.986495898	0.0103328261	5621
0.989939292	0.0092807213	5622
0.992832607	0.00839629003	5623
0.995259652	0.00765890513	5624
0.99730629	0.00701664904	5625
0.999031348	0.00636497002	5626
1.00047946	0.00565101633	5627
1.00169701	0.00486035945	5628
1.00274149	0.00395858467	5629
1.00359145	0.00287307355	5630
1.00417016	0.00157952777	5631
1.00506322	8.79457205e-05	5632
1.00484483	-0.00161779576	5633
1.00414481	-0.00319864082	5634
1.00299716	-0.00448305363	5635
1.00157215	-0.00542157599	5636
0.999980579	-0.00608516665	5637
0.998189898	-0.00652221046	5638
0.996170517	-0.00676524307	5639
0.993862063	-0.00688892906	5640
0.99116491	-0.00700462723	5641
0.987966287	-0.00714753853	5642
0.98416778	-0.00731881368	5643
0.979685993	-0.00751014697	5644
0.974447671	-0.00772764205	5645
0.968384426	-0.00798342971	5646
0.961431973	-0.00828060336	5647
0.953531378	-0.0086179823	5648
0.944629327	-0.00899871222	5649
0.934677745	-0.0094276206	5650
0.923633959	-0.00990766982	5651
0.911461346	-0.0104414695	5652
0.89812982	-0.0110324079	5653
0.88361619	-0.0116841689	5654
0.867904566	-0.0124005797	5655
0.85098678	-0.0131854341	5656
0.832862762	-0.0140424261	5657
0.81354087	-0.0149751918	5658
0.793038172	-0.0159872337	5659
0.771380666	-0.0170818115	5660
0.748603408	-0.0182616676	5661
0.724750574	-0.0195275784	5662
0.699875515	-0.0208784619	5663
0.674040772	-0.022312873	5664
0.647317791	-0.023826303	5665
0.61978666	-0.025408794	5666
0.591536135	-0.0270507518	5667
0.56266289	-0.0287363655	5668
0.53327131	-0.0304469484	5669
0.503472805	-0.0321567103	5670
0.473385671	-0.0338395183	5671
0.443134211	-0.0354646519	5672
0.412848025	-0.0369838344	5673
0.382664738	-0.0384259244	5674
0.352726037	-0.0399053196	5675
0.323166729	-0.0414090604	5676
0.294120048	-0.0428736183	5677
0.265719356	-0.0442402765	5678
0.238096106	-0.0454459012	5679
0.211378689	-0.0464271852	5680
0.185691149	-0.0471199164	5681
0.161152053	-0.0474618243	5682
0.137873317	-0.047393332	5683
0.1159592	-0.0468560605	5684
0.0955056036	-0.0457937851	5685
0.0766005157	-0.0441468778	5686
0.0593260426	-0.0418534845	5687
0.0437648716	-0.0388404036	5688
0.0300153566	-0.0350215587	5689
0.0182253498	-0.0302955511	5690
0.0086386929	-0.0246008153	5691
0.00160223481	-0.0180669293	5692
-0.00267033923	-0.0112616885	5693
-0.00457500436	-0.00509497665	5694
-0.00503192535	-0.00018713334	5695
-0.00467341049	0.00466223657	5696
-0.00316285216	0.0106944855	5697
1.31902413e-05	0.0176762176	5698
0.00515594915	0.025266331	5699
0.0123530946	0.0331802948	5700
0.0215856751	0.0412333889	5701
0.0328050404	0.0493072124	5702
0.0459585282	0.0573130893	5703
0.0609919341	0.0651701417	5704
0.0778459682	0.07279598	5705
0.0964523841	0.080102937	5706
0.116729911	0.0870037847	5707
0.138584605	0.0934106352	5708
0.161909341	0.0992379286	5709
0.186583706	0.104409666	5710
0.212476553	0.108856678	5711
0.239446755	0.112524232	5712
0.26734601	0.115370149	5713
0.296020917	0.11736418	5714
0.325314741	0.118494651	5715
0.355069951	0.118761977	5716
0.385129546	0.118177075	5717
0.415341416	0.1168094	5718
0.445572689	0.11486843	5719
0.475697683	0.112440909	5720
0.505593681	0.10956681	5721
0.535143876	0.106294563	5722
0.564237991	0.102673776	5723
0.592772742	0.0987532247	5724
0.620652314	0.0945809976	5725
0.647788876	0.0902049832	5726
0.674103142	0.0856736347	5727
0.699523769	0.0810311039	5728
0.723988256	0.0763214756	5729
0.747442569	0.0715861274	5730
0.769841123	0.0668634797	5731
0.791147043	0.0621904972	5732
0.811331843	0.0576013026	5733
0.830375235	0.0531269948	5734
0.848264681	0.0487948195	5735
0.864995489	0.0446294799	5736
0.880570432	0.0406527786	5737
0.894999148	0.0368825364	5738
0.908298004	0.0333335597	5739
0.92048968	0.0300175239	5740
0.931602488	0.0269421349	5741
0.941670121	0.024111887	5742
0.950731497	0.021528867	5743
0.958829969	0.019191603	5744
0.966012598	0.0170945303	5745
0.972330945	0.015231248	5746
0.977841286	0.0135953697	5747
0.982602914	0.0121732267	5748
0.986676251	0.0109434695	5749
0.990127396	0.00988907407	5750
0.993033539	0.00900057676	5751
0.995481803	0.00825576544	5752
0.997562148	0.00759990224	5753
0.999335766	0.00692445712	5754
1.00084609	0.00617190461	5755
1.00213561	0.00532233097	5756
1.00325513	0.00433542807	5757
1.00417196	0.00313557459	5758
1.00479529	0.00170264654	5759
1.00579076	5.06388961e-05	5760
1.00554321	-0.00182526447	5761
1.00477572	-0.00356304325	5762
1.00353191	-0.00497795742	5763
1.00199815	-0.0060127353	5764
1.00030006	-0.00674009826	5765
0.998416089	-0.00721495982	5766
0.996323568	-0.00747776613	5767
0.993964012	-0.00761056858	5768
0.991234073	-0.00773016949	5769
0.988015093	-0.00787475509	5770
0.984204172	-0.0080467729	5771
0.979715167	-0.00823844152	5772
0.974473116	-0.00845608138	5773
0.96840841	-0.00871191773	5774
0.961455681	-0.00900909334	5775
0.953555534	-0.00934644444	5776
0.944654331	-0.00972712626	5777
0.934703793	-0.0101559722	5778
0.923661116	-0.0106359483	5779
0.911489614	-0.0111696665	5780
0.898159174	-0.0117605158	5781
0.883646597	-0.0124121807	5782
0.867936	-0.013128488	5783
0.851019219	-0.0139132315	5784
0.832896191	-0.014770105	5785
0.813575282	-0.0157027442	5786
0.793073555	-0.0167146521	5787
0.771417003	-0.0178090884	5788
0.748640672	-0.0189887964	5789
0.724788717	-0.0202545537	5790
0.699914464	-0.02160528	5791
0.674080423	-0.023039532	5792
0.647358001	-0.0245528039	5793
0.619827246	-0.0261351404	5794
0.591576874	-0.02777695	5795
0.562703516	-0.0294624244	5796
0.533311527	-0.0311728789	5797
0.503512301	-0.0328825237	5798
0.47342415	-0.0345652244	5799
0.443171434	-0.0361902568	5800
0.412883915	-0.0377093351	5801
0.382699376	-0.0391513103	5802
0.352759313	-0.0406305894	5803
0.32319805	-0.0421342336	5804
0.294148369	-0.0435987279	5805
0.265743241	-0.0449653559	5806
0.238113729	-0.0461709673	5807
0.211387801	-0.0471522138	5808
0.185689003	-0.0478448031	5809
0.161135294	-0.0481863235	5810
0.137837808	-0.0481169574	5811
0.115899795	-0.0475779201	5812
0.0954158517	-0.0465123065	5813
0.0764723224	-0.0448593505	5814
0.0591493564	-0.0425553117	5815
0.0435276	-0.0395239376	5816
0.0297039798	-0.0356744821	5817
0.0178270712	-0.0308992074	5818
0.00814593049	-0.0251299573	5819
0.00101857262	-0.0184934788	5820
-0.00332722818	-0.0115632283	5821
-0.00527817208	-0.005261814	5822
-0.00575378041	-0.000220022244	5823
-0.0053898111	0.00475621928	5824
-0.0038540156	0.0109049402	5825
-0.000637120397	0.0179909535	5826
0.00455677873	0.0256700025	5827
0.0118095597	0.0336562638	5828
0.0210976414	0.0417661612	5829
0.0323695793	0.0498838116	5830
0.0455715012	0.0579233305	5831
0.0606490172	0.0658063042	5832
0.0775431824	0.0734522903	5833
0.0961862923	0.0807750684	5834
0.11649764	0.0876884538	5835
0.138383782	0.0941053007	5836
0.161738	0.0999405741	5837
0.186440187	0.105118649	5838
0.212359409	0.109570629	5839
0.239354677	0.113241986	5840
0.26727776	0.116090703	5841
0.295975268	0.118086663	5842
0.325290409	0.119218313	5843
0.35506553	0.119486182	5844
0.385143405	0.118901311	5845
0.415371656	0.117533287	5846
0.445617455	0.115591715	5847
0.475755476	0.113163419	5848
0.505663312	0.110288425	5849
0.535224364	0.107015195	5850
0.564328511	0.103393364	5851
0.592872582	0.0994717244	5852
0.620760848	0.0952983789	5853
0.647905542	0.0909212284	5854
0.674227431	0.0863887355	5855
0.699655215	0.0817450604	5856
0.724126423	0.0770342955	5857
0.747587049	0.0722978252	5858
0.769991526	0.0675740771	5859
0.791302988	0.062900023	5860
0.811492961	0.0583097927	5861
0.830541151	0.053834494	5862
0.848435031	0.0495013781	5863
0.865169897	0.0453351578	5864
0.880748514	0.0413576446	5865
0.89518051	0.0375866683	5866
0.908482238	0.0340370444	5867
0.920676372	0.0307204551	5868
0.931791225	0.0276446108	5869
0.941860505	0.0248140054	5870
0.950923177	0.0222307163	5871
0.95902269	0.019893247	5872
0.966206269	0.0177959891	5873
0.972525645	0.0159324947	5874
0.978037677	0.0142962139	5875
0.98280244	0.0128732508	5876
0.986881389	0.0116419331	5877
0.990342035	0.0105847372	5878
0.993263856	0.00969126575	5879
0.995737893	0.00893737538	5880
0.997858571	0.00826501719	5881
0.999689552	0.00756096641	5882
1.00127248	0.00676229715	5883
1.00264479	0.00584306474	5884
1.00384906	0.00475702851	5885
1.00483985	0.00342625079	5886
1.00551147	0.00183576575	5887
1.00662235	3.75288968e-06	5888
1.00634194	-0.00206160602	5889
1.00549997	-0.00397457636	5890
1.00414984	-0.0055366488	5891
1.00249445	-0.00668186129	5892
1.00067541	-0.00748390269	5893
0.998683802	-0.00800397042	5894
0.996505573	-0.00829087787	5895
0.994085176	-0.00843497994	5896
0.991315622	-0.00855946746	5897
0.988071767	-0.00870614853	5898
0.984245561	-0.00887908581	5899
0.979747623	-0.00907116274	5900
0.974500928	-0.00928897637	5901
0.968434377	-0.00954487138	5902
0.961481343	-0.00984204815	5903
0.953581772	-0.0101793659	5904
0.944681655	-0.01055999	5905
0.934732449	-0.0109887608	5906
0.923691185	-0.0114686491	5907
0.911521092	-0.0120022693	5908
0.898192022	-0.0125930119	5909
0.883680765	-0.0132445617	5910
0.867971439	-0.0139607459	5911
0.85105589	-0.014745358	5912
0.832934063	-0.0156020914	5913
0.813614332	-0.0165345819	5914
0.793113768	-0.017546332	5915
0.771458344	-0.0186406027	5916
0.748683103	-0.0198201374	5917
0.724832176	-0.0210857155	5918
0.699958863	-0.0224362581	5919
0.67412564	-0.0238703246	5920
0.647403867	-0.0253834119	5921
0.619873551	-0.0269655677	5922
0.591623359	-0.0286072038	5923
0.562749879	-0.0302925149	5924
0.533357426	-0.0320028184	5925
0.503557379	-0.033712325	5926
0.473468068	-0.0353948987	5927
0.443213916	-0.0370198109	5928
0.412924861	-0.0385387661	5929
0.382738865	-0.0399806065	5930
0.352797204	-0.0414597499	5931
0.323233654	-0.0429632809	5932
0.294180482	-0.0444276991	5933
0.265770213	-0.0457942882	5934
0.238133461	-0.0469998785	5935
0.211397705	-0.0479810733	5936
0.185685924	-0.048673487	5937
0.161115374	-0.0490145435	5938
0.137796298	-0.0489441457	5939
0.115830792	-0.0484030396	5940
0.0953119742	-0.0473335351	5941
0.0763243303	-0.0456735583	5942
0.0589458164	-0.0433572124	5943
0.0432548152	-0.0403047769	5944
0.0293467118	-0.0364202332	5945
0.0173709764	-0.0315887325	5946
0.00758256418	-0.0257347637	5947
0.000351966666	-0.0189818857	5948
-0.00407731729	-0.0119096891	5949
-0.00608146272	-0.00545466852	5950
-0.00657886222	-0.000259316625	5951
-0.00620885276	0.00486275306	5952
-0.00464421648	0.0111450965	5953
-0.00138065999	0.0183503892	5954
0.00387157062	0.0261310079	5955
0.0111877836	0.0341998247	5956
0.0205391714	0.0423746324	5957
0.0318711276	0.0505424202	5958
0.0451283977	0.0586204679	5959
0.0602563649	0.0665331557	5960
0.0771964597	0.0742022523	5961
0.0958815819	0.0815431845	5962
0.116231657	0.0884709581	5963
0.138153812	0.0948992768	5964
0.161541784	0.100743707	5965
0.186275815	0.105929053	5966
0.212225219	0.110386733	5967
0.239249161	0.114062454	5968
0.267199498	0.116914384	5969
0.295922846	0.118912561	5970
0.325262355	0.120045569	5971
0.355060234	0.12031407	5972
0.385159006	0.119729244	5973
0.415405992	0.11836083	5974
0.445668413	0.116418577	5975
0.475821347	0.113989402	5976
0.505742735	0.111113389	5977
0.535316217	0.107839042	5978
0.564431844	0.104216021	5979
0.592986578	0.100293142	5980
0.620884787	0.0961185226	5981
0.648038778	0.0917400785	5982
0.674369378	0.0872062832	5983
0.699805334	0.0825613065	5984
0.724284212	0.0778492498	5985
0.747752037	0.0731115055	5986
0.77016326	0.0683865096	5987
0.791481028	0.0637112423	5988
0.811676867	0.0591198436	5989
0.830730493	0.0546434287	5990
0.848629379	0.0503092578	5991
0.865368807	0.0461420552	5992
0.88095153	0.042163643	5993
0.895387162	0.038391862	5994
0.908692041	0.0348415381	5995
0.920888833	0.0315243618	5996
0.932005855	0.0284480477	5997
0.942076836	0.0256170881	5998
0.951140803	0.0230335466	5999
0.959241332	0.0206958943	6000
0.966425859	0.0185984669	6001
0.972746297	0.0167347663	6002
0.978260336	0.0150980114	6003
0.983028936	0.0136740499	6004
0.98711483	0.0124408095	6005
0.990587246	0.0113801507	6006
0.993528399	0.0104805286	6007
0.99603389	0.00971545347	6008
0.998202976	0.00902297305	6009
1.00010176	0.00828434924	6010
1.00176926	0.00743049374	6011
1.00323647	0.00642896414	6012
1.00453601	0.0052277299	6013
1.00560859	0.0037465753	6014
1.00633188	0.00197921565	6015
1.00757286	-5.44196224e-05	6016
1.00725555	-0.00233046743	6017
1.00633156	-0.00443881536	6018
1.00486416	-0.00616664341	6019
1.00307315	-0.00743840089	6020
1.00111715	-0.00832783235	6021
0.999001639	-0.00890199498	6022
0.996723014	-0.00921839245	6023
0.994230056	-0.00937660192	6024
0.991412459	-0.00950727123	6025
0.988138046	-0.00965660764	6026
0.984292892	-0.00983069863	6027
0.979783795	-0.0100232793	6028
0.974531238	-0.0102413041	6029
0.968462252	-0.0104972725	6030
0.961508886	-0.0107944493	6031
0.953610027	-0.0111317281	6032
0.944711277	-0.0115122841	6033
0.934763755	-0.0119409655	6034
0.923724284	-0.0124207487	6035
0.911555977	-0.0129542515	6036
0.898228636	-0.0135448662	6037
0.883719033	-0.0141962787	6038
0.868011289	-0.0149123161	6039
0.851097258	-0.0156967722	6040
0.832976897	-0.0165533401	6041
0.813658589	-0.0174856552	6042
0.793159411	-0.0184972202	6043
0.771505337	-0.0195912961	6044
0.748731382	-0.0207706281	6045
0.724881662	-0.0220359966	6046
0.700009449	-0.0233863248	6047
0.674177181	-0.0248201746	6048
0.647456168	-0.0263330462	6049
0.619926364	-0.027914991	6050
0.59167639	-0.0295564242	6051
0.562802777	-0.0312415438	6052
0.533409801	-0.0329516696	6053
0.503608821	-0.0346610131	6054
0.473518186	-0.0363434366	6055
0.443262389	-0.0379682064	6056
0.412971568	-0.0394870161	6057
0.382783876	-0.0409286984	6058
0.35284034	-0.0424076834	6059
0.323274115	-0.0439110814	6060
0.294216882	-0.0453754088	6061
0.265800652	-0.0467419485	6062
0.238155525	-0.0479475079	6063
0.211408421	-0.0489286332	6064
0.185681662	-0.0496208302	6065
0.1610917	-0.0499613314	6066
0.137747757	-0.0498897154	6067
0.115750617	-0.0493461846	6068
0.0951917155	-0.0482721433	6069
0.076153445	-0.0466040151	6070
0.0587113043	-0.044273439	6071
0.0429411711	-0.0411967551	6072
0.0289367748	-0.037271996	6073
0.0168486846	-0.0323763458	6074
0.0069385233	-0.0264260964	6075
-0.000409296739	-0.0195412159	6076
-0.0049337513	-0.012307907	6077
-0.00699907096	-0.00567779364	6078
-0.00752191939	-0.000306356964	6079
-0.00714525814	0.00498336467	6080
-0.00554767281	0.011419056	6081
-0.00223081968	0.0187608187	6082
0.00308794994	0.0266574587	6083
0.0104764886	0.0348205569	6084
0.0199000881	0.0430695457	6085
0.0313005646	0.0512946931	6086
0.0446210849	0.059416868	6087
0.059806756	0.0673636185	6088
0.0767994168	0.0750592246	6089
0.0955326406	0.0824209885	6090
0.115927064	0.0893652747	6091
0.137890455	0.0958067583	6092
0.161317073	0.101661695	6093
0.186087554	0.106855384	6094
0.212071495	0.111319604	6095
0.239128241	0.115000332	6096
0.267109746	0.11785595	6097
0.29586264	0.119856675	6098
0.325230004	0.120991249	6099
0.355053897	0.121260485	6100
0.385176557	0.120675722	6101
0.415444968	0.119306873	6102
0.445726412	0.117363849	6103
0.475896417	0.114933677	6104
0.505833319	0.112056506	6105
0.535421027	0.108780886	6106
0.564549791	0.105156512	6107
0.593116723	0.101232221	6108
0.621026303	0.0970561514	6109
0.648190919	0.0926762349	6110
0.674531469	0.0881409581	6111
0.699976755	0.0834945018	6112
0.724464384	0.0787809779	6113
0.747940412	0.0740417884	6114
0.770359312	0.069315379	6115
0.791684242	0.0646387411	6116
0.81188673	0.0600460258	6117
0.830946504	0.0555683567	6118
0.848851027	0.0512330066	6119
0.865595567	0.0470647127	6120
0.881182861	0.0430853105	6121
0.895622504	0.0393126536	6122
0.908930816	0.0357615803	6123
0.921130454	0.0324437902	6124
0.932249742	0.0293670017	6125
0.942322444	0.0265357026	6126
0.951387671	0.0239519374	6127
0.959489166	0.0216141341	6128
0.966674637	0.0195165558	6129
0.972996215	0.0176526443	6130
0.978512693	0.0160153162	6131
0.983286087	0.014590113	6132
0.987380694	0.0133544685	6133
0.990867833	0.0122894791	6134
0.993833095	0.0113821441	6135
0.996377056	0.0106032155	6136
0.998604366	0.00988604381	6137
1.00058326	0.0091054914	6138
1.00234901	0.00818554578	6139
1.00392453	0.00708692476	6140
1.00533065	0.00575215608	6141
1.00649304	0.00409919709	6142
1.00727155	0.00213327086	6143
1.00865928	-0.000125833877	6144
1.00830067	-0.00263592834	6145
1.00728657	-0.00496195155	6146
1.00569016	-0.00687625812	6147
1.00374838	-0.00829280502	6148
1.00163783	-0.00928438033	6149
0.999380049	-0.0099232907	6150
0.996983964	-0.0102758791	6151
0.994404392	-0.0104518167	6152
0.991528358	-0.0105903857	6153
0.988216224	-0.0107431309	6154
0.984347426	-0.0109186909	6155
0.979824262	-0.0111119022	6156
0.974564212	-0.0113301875	6157
0.968492026	-0.0115862467	6158
0.961538162	-0.011883426	6159
0.953640145	-0.0122206606	6160
0.944743086	-0.0126011373	6161
0.934797678	-0.0130297136	6162
0.923760467	-0.0135093721	6163
0.911594416	-0.0140427348	6164
0.898269255	-0.0146331969	6165
0.883761731	-0.0152844453	6166
0.86805596	-0.016000308	6167
0.851143807	-0.0167845788	6168
0.833025243	-0.0176409507	6169
0.813708664	-0.0185730589	6170
0.793211154	-0.019584406	6171
0.771558688	-0.0206782535	6172
0.748786265	-0.0218573477	6173
0.72493797	-0.023122471	6174
0.700067051	-0.0244725486	6175
0.674235903	-0.0259061451	6176
0.64751578	-0.0274187649	6177
0.619986581	-0.029000463	6178
0.591736869	-0.0306416585	6179
0.562863117	-0.0323265535	6180
0.533469552	-0.0340364706	6181
0.503667513	-0.0357456219	6182
0.473575369	-0.0374278677	6183
0.443317691	-0.0390524689	6184
0.413024835	-0.0405711069	6185
0.38283517	-0.042012604	6186
0.352889436	-0.0434914037	6187
0.323320082	-0.044994646	6188
0.294258122	-0.0464588651	6189
0.265834978	-0.0478253428	6190
0.238180162	-0.0490308586	6191
0.211419949	-0.0500118924	6192
0.185675905	-0.0507038227	6193
0.16106356	-0.0510436594	6194
0.13769097	-0.0509706041	6195
0.11565742	-0.0504242299	6196
0.095052442	-0.0493448959	6197
0.0759560654	-0.0476673001	6198
0.058441043	-0.0453202653	6199
0.0425804866	-0.0422156596	6200
0.0284663573	-0.0382448099	6201
0.0162505701	-0.0332759856	6202
0.00620227777	-0.0272163553	6203
-0.00127859662	-0.0201818462	6204
-0.00591152802	-0.0127657507	6205
-0.00804719611	-0.00593614455	6206
-0.00859980409	-0.000362770296	6207
-0.00821586702	0.00511971361	6208
-0.00658066374	0.0117314188	6209
-0.00320293538	0.0192293776	6210
0.00219173756	0.0272585774	6211
0.00966274732	0.0355293694	6212
0.0191687221	0.0438631479	6213
0.0306474302	0.0521539268	6214
0.044040235	0.060326647	6215
0.0592919086	0.0683124493	6216
0.0763447335	0.0760384668	6217
0.0951330329	0.0834241368	6218
0.115578242	0.0903873749	6219
0.137588854	0.0968439677	6220
0.161059718	0.102710961	6221
0.185871923	0.107914224	6222
0.211895386	0.112385946	6223
0.238989659	0.11607242	6224
0.26700681	0.118932274	6225
0.295793486	0.120935928	6226
0.325192694	0.122072305	6227
0.355046319	0.122342396	6228
0.385196287	0.121757718	6229
0.415489202	0.120388384	6230
0.445792412	0.11844449	6231
0.475981957	0.116013186	6232
0.505936618	0.113134699	6233
0.535540608	0.109857631	6234
0.564684404	0.106231715	6235
0.593265288	0.102305817	6236
0.621187867	0.0981280978	6237
0.648364626	0.0937465064	6238
0.674716538	0.0892095452	6239
0.70017247	0.0845614081	6240
0.724670074	0.0798462192	6241
0.748155444	0.075105392	6242
0.770583074	0.0703773838	6243
0.791916122	0.0656992014	6244
0.812126141	0.0611050042	6245
0.831192851	0.0566259304	6246
0.849103706	0.052289267	6247
0.865853954	0.0481197668	6248
0.881446313	0.044139281	6249
0.895890352	0.0403656788	6250
0.909202373	0.0368138127	6251
0.921405023	0.033495392	6252
0.932526641	0.0304181375	6253
0.942601042	0.0275865285	6254
0.951667452	0.025002582	6255
0.959769837	0.0226646686	6256
0.966956085	0.0205670044	6257
0.973279124	0.0187028155	6258
0.978798663	0.0170647683	6259
0.983578162	0.015637988	6260
0.987683842	0.0143992952	6261
0.991189564	0.0133288303	6262
0.99418502	0.012411757	6263
0.996776258	0.0116155231	6264
0.999073674	0.0108678972	6265
1.00114708	0.010036367	6266
1.0030266	0.00903728179	6267
1.00472513	0.00782434831	6268
1.00625057	0.0063341309	6269
1.00751033	0.00448675856	6270
1.00834769	0.0022981373	6271
1.00990107	-0.000212729032	6272
1.00949634	-0.00298255733	6273
1.00838345	-0.00555086643	6274
1.00664547	-0.00767469882	6275
1.00453661	-0.00925662645	6276
1.00225226	-0.0103673908	6277
0.999831675	-0.0110837545	6278
0.99729845	-0.0114808395	6279
0.994615497	-0.0116791771	6280
0.991668231	-0.0118279374	6281
0.988309347	-0.0119851162	6282
0.984410869	-0.0121625762	6283
0.97986983	-0.0123565902	6284
0.974600088	-0.0125752015	6285
0.968523616	-0.0128313751	6286
0.961568885	-0.0131285636	6287
0.953671865	-0.0134657483	6288
0.944776859	-0.0138461345	6289
0.934834072	-0.0142745884	6290
0.923799693	-0.0147541003	6291
0.911636483	-0.0152872972	6292
0.89831407	-0.0158775775	6293
0.883809156	-0.0165286306	6294
0.868105852	-0.0172442853	6295
0.85119603	-0.018028336	6296
0.833079678	-0.0188844756	6297
0.813765209	-0.0198163394	6298
0.793269718	-0.0208274299	6299
0.771619181	-0.0219210091	6300
0.748848588	-0.0230998243	6301
0.725001986	-0.0243646604	6302
0.700132595	-0.0257144448	6303
0.674302766	-0.0271477454	6304
0.647583693	-0.0286600707	6305
0.620055212	-0.0302414802	6306
0.59180582	-0.0318823977	6307
0.562931925	-0.0335670293	6308
0.5335377	-0.0352767009	6309
0.503734461	-0.0369856256	6310
0.473640598	-0.0386676614	6311
0.443380767	-0.0402920633	6312
0.413085571	-0.0418104989	6313
0.38289361	-0.0432517789	6314
0.352945299	-0.0447303624	6315
0.323372284	-0.0462334222	6316
0.294304821	-0.0476975126	6317
0.265873657	-0.0490639127	6318
0.238207626	-0.0502693694	6319
0.211432261	-0.0512502841	6320
0.185668262	-0.0519418869	6321
0.1610301	-0.0522809281	6322
0.137624495	-0.0522061712	6323
0.115549028	-0.0516564602	6324
0.0948910694	-0.0505709476	6325
0.075727991	-0.0488823484	6326
0.0581294784	-0.0465162687	6327
0.042165599	-0.0433795018	6328
0.0279264401	-0.0393558224	6329
0.0155655593	-0.0343035376	6330
0.00536061037	-0.0281196808	6331
-0.00227122651	-0.0209156378	6332
-0.00702776637	-0.0132922614	6333
-0.00924434997	-0.00623539014	6334
-0.0098317712	-0.00043052759	6335
-0.00943994187	0.00527358534	6336
-0.00776182181	0.0120873632	6337
-0.00431457979	0.0197641342	6338
0.00116667523	0.0279448308	6339
0.00873172854	0.0363386696	6340
0.0183316808	0.0447693887	6341
0.0298997177	0.0531352823	6342
0.0433751409	0.0613659124	6343
0.0587023172	0.0693964956	6344
0.0758240093	0.0771574069	6345
0.0946753748	0.0845705156	6346
0.115178746	0.0915555084	6347
0.137243435	0.0980294437	6348
0.160764961	0.103910275	6349
0.185624927	0.109124522	6350
0.211693617	0.113604854	6351
0.238830823	0.117297923	6352
0.266888742	0.12016264	6353
0.295714044	0.12216966	6354
0.325149653	0.123308117	6355
0.355037264	0.123579201	6356
0.385218446	0.122994636	6357
0.415539384	0.121624762	6358
0.445867502	0.119679885	6359
0.476079412	0.117247298	6360
0.506054399	0.114367315	6361
0.535677022	0.1110886	6362
0.564838016	0.10746093	6363
0.593434855	0.103533204	6364
0.621372293	0.0993536072	6365
0.648562921	0.0949701114	6366
0.674927805	0.0904312365	6367
0.700395879	0.0857811915	6368
0.724904849	0.0810641152	6369
0.748400847	0.0763214344	6370
0.770838379	0.0715916236	6371
0.792180634	0.0669117003	6372
0.812399162	0.0623158409	6373
0.831473678	0.0578351991	6374
0.849391623	0.0534970792	6375
0.86614822	0.0493262529	6376
0.881746159	0.0453445903	6377
0.896194984	0.0415699785	6378
0.909510971	0.0380172859	6379
0.921716763	0.0346982315	6380
0.932840726	0.031620536	6381
0.94291675	0.0287886642	6382
0.951984222	0.0262045935	6383
0.960087403	0.0238666192	6384
0.967274388	0.0217689018	6385
0.973599237	0.0199043667	6386
0.979122742	0.0182653848	6387
0.983910159	0.0168365628	6388
0.98803007	0.0155939545	6389
0.991559436	0.014516495	6390
0.994592885	0.0135870237	6391
0.997242358	0.0127690334	6392
0.999624175	0.0119836876	6393
1.00180884	0.0110900859	6394
1.00381949	0.00999633097	6395
1.00565701	0.00864915818	6396
1.00731508	0.00697888689	6397
1.00868012	0.0049118074	6398
1.00957994	0.00247393683	6399
1.01132042	-0.000317669821	6400
1.0108644	-0.003375306	6401
1.00964337	-0.00621321696	6402
1.0077504	-0.00857216163	6403
1.00545698	-0.0103426317	6404
1.00297793	-0.0115921812	6405
1.00037174	-0.0124010663	6406
0.997678862	-0.0128528926	6407
0.994872665	-0.0130796474	6408
0.991838487	-0.0132416657	6409
0.988421479	-0.013404685	6410
0.984485559	-0.0135846432	6411
0.979921646	-0.0137796977	6412
0.974639239	-0.0139987241	6413
0.968556933	-0.0142550442	6414
0.961600663	-0.0145522531	6415
0.953704794	-0.0148893828	6416
0.944812227	-0.0152696678	6417
0.934872652	-0.0156979817	6418
0.923841795	-0.0161773229	6419
0.911682144	-0.0167103247	6420
0.898363182	-0.01730039	6421
0.883861549	-0.0179512111	6422
0.868161332	-0.0186666187	6423
0.851254412	-0.019450408	6424
0.833140794	-0.0203062724	6425
0.813828913	-0.0212378472	6426
0.793335878	-0.0222486351	6427
0.771687668	-0.0233418987	6428
0.748919263	-0.0245203866	6429
0.72507469	-0.0257848856	6430
0.700207113	-0.0271343268	6431
0.674378848	-0.0285672812	6432
0.647661018	-0.0300792621	6433
0.620133393	-0.0316603341	6434
0.591884396	-0.0333009257	6435
0.563010362	-0.0349852485	6436
0.533615403	-0.0366946316	6437
0.503810805	-0.0384032893	6438
0.473714985	-0.0400850772	6439
0.443452693	-0.0417092435	6440
0.413154803	-0.0432274405	6441
0.382960171	-0.0446684664	6442
0.353008838	-0.0461467976	6443
0.323431542	-0.0476496438	6444
0.294357669	-0.0491135812	6445
0.265917197	-0.0504798851	6446
0.238238178	-0.051685263	6447
0.211445292	-0.0526660245	6448
0.185658243	-0.0533572257	6449
0.160990289	-0.0536953142	6450
0.137546617	-0.0536185439	6451
0.115422873	-0.0530649129	6452
0.0947039759	-0.0519721805	6453
0.0754643076	-0.0502707829	6454
0.0577701366	-0.047882651	6455
0.0416881888	-0.0447088215	6456
0.0273065864	-0.0406245715	6457
0.0147808901	-0.0354770913	6458
0.00439834812	-0.0291521773	6459
-0.0034046856	-0.021756125	6460
-0.00830201642	-0.0138978063	6461
-0.0106116544	-0.006582147	6462
-0.0112398199	-0.000512010496	6463
-0.0108395177	0.00544687728	6464
-0.00911248975	0.0124926596	6465
-0.00558590117	0.0203741839	6466
-5.89520638e-06	0.0287280731	6467
0.0076664001	0.0372625493	6468
0.0173735778	0.0458041418	6469
0.0290436304	0.0542560349	6470
0.0426134994	0.0625530355	6471
0.0580270613	0.0706349855	6472
0.0752275956	0.0784359452	6473
0.0941511877	0.0858805555	6474
0.114721177	0.0928905256	6475
0.136847802	0.0993843709	6476
0.16042734	0.105281086	6477
0.185341981	0.11050794	6478
0.21146243	0.114998153	6479
0.238648754	0.11869879	6480
0.266753301	0.121569092	6481
0.295622767	0.123579983	6482
0.325099988	0.124720838	6483
0.355026445	0.124993075	6484
0.385243309	0.124408658	6485
0.415596294	0.123038183	6486
0.44595291	0.121092198	6487
0.476190417	0.118658155	6488
0.506188668	0.115776473	6489
0.535832613	0.112495886	6490
0.565013279	0.108866221	6491
0.593628361	0.104936415	6492
0.621582777	0.100754684	6493
0.648789245	0.0963690243	6494
0.675168929	0.0918279767	6495
0.700650843	0.0871757683	6496
0.725172752	0.0824565549	6497
0.748680819	0.0777117818	6498
0.771129589	0.0729799382	6499
0.792482259	0.0682980595	6500
0.812710379	0.0637003412	6501
0.831793656	0.0592179561	6502
0.84971951	0.0548782291	6503
0.866483136	0.0507059547	6504
0.882087186	0.0467230251	6505
0.896541175	0.0429473482	6506
0.909861353	0.0393938096	6507
0.922070367	0.0360741369	6508
0.933196629	0.0329960461	6509
0.943274138	0.0301639783	6510
0.952342507	0.0275798558	6511
0.960446385	0.0252418736	6512
0.967634138	0.0231441202	6513
0.973961352	0.0212791213	6514
0.97949014	0.0196388875	6515
0.984287982	0.0182073788	6516
0.988426364	0.0169596826	6517
0.991986007	0.015873203	6518
0.995067412	0.0149278363	6519
0.997788676	0.0140823455	6520
1.00027195	0.0132501412	6521
1.00258708	0.0122809364	6522
1.00474816	0.0110741477	6523
1.00674314	0.00956824229	6524
1.00854623	0.00769225951	6525
1.01002494	0.00537699813	6526
1.01099075	0.00266068918	6527
1.01294272	-0.000444023553	6528
1.01242983	-0.00381981679	6529
1.0110911	-0.00695657963	6530
1.00902835	-0.00957995055	6531
1.0065317	-0.0115649308	6532
1.00383537	-0.0129756807	6533
1.00101847	-0.0138948434	6534
0.998140432	-0.0144139668	6535
0.995187659	-0.0146768564	6536
0.992047466	-0.0148562392	6537
0.98855806	-0.0150270432	6538
0.984574722	-0.0152103405	6539
0.979981363	-0.0154067708	6540
0.974682273	-0.0156263363	6541
0.968591938	-0.0158828463	6542
0.961633177	-0.0161800896	6543
0.953738394	-0.016517164	6544
0.944848643	-0.0168973383	6545
0.934912949	-0.0173254946	6546
0.923886432	-0.0178046399	6547
0.911731214	-0.0183374145	6548
0.898416575	-0.0189272269	6549
0.883919056	-0.0195777736	6550
0.868222706	-0.0202928881	6551
0.851319406	-0.0210763675	6552
0.83320918	-0.0219319058	6553
0.813900485	-0.0228631388	6554
0.793410451	-0.0238735696	6555
0.771765066	-0.0249664617	6556
0.748999296	-0.026144565	6557
0.725157146	-0.027408669	6558
0.70029175	-0.0287577073	6559
0.674465346	-0.0301902565	6560
0.647749	-0.0317018342	6561
0.620222403	-0.0332825109	6562
0.591973899	-0.034922721	6563
0.563099739	-0.0366066813	6564
0.533703966	-0.0383157254	6565
0.503897837	-0.0400240685	6566
0.473799792	-0.0417055637	6567
0.443534686	-0.0433294517	6568
0.413233695	-0.044847368	6569
0.383035957	-0.0462880964	6570
0.353081081	-0.0477661334	6571
0.323498774	-0.0492687295	6572
0.294417432	-0.0507324855	6573
0.265966149	-0.0520986705	6574
0.238272079	-0.0533039454	6575
0.211458921	-0.0542845112	6576
0.185645232	-0.0549752205	6577
0.160942875	-0.055312167	6578
0.137455291	-0.0552330111	6579
0.115275914	-0.0546747695	6580
0.094486893	-0.0535735908	6581
0.0751592483	-0.0518572907	6582
0.0573554484	-0.0494436012	6583
0.0411385668	-0.0462270307	6584
0.0265946907	-0.0420733032	6585
0.0138818238	-0.0368172233	6586
0.00329804444	-0.0303321592	6587
-0.00469901981	-0.0227187217	6588
-0.00975661867	-0.0145942437	6589
-0.0121732268	-0.00698406106	6590
-0.012849084	-0.000610088349	6591
-0.0124398026	0.00564157533	6592
-0.0106571214	0.0129537094	6593
-0.00704001669	0.021069742	6594
-0.00134740662	0.0296216961	6595
0.00644717989	0.0383169852	6596
0.0162767135	0.0469854481	6597
0.0280632947	0.0555358525	6598
0.0417411569	0.0639089579	6599
0.0572535807	0.0720498565	6600
0.0745443986	0.0798968001	6601
0.0935507266	0.0873775893	6602
0.114197035	0.0944162463	6603
0.136394607	0.100932955	6604
0.160040583	0.106847906	6605
0.18501782	0.112089233	6606
0.211197509	0.116590787	6607
0.238440029	0.120300113	6608
0.266597905	0.123176829	6609
0.29551787	0.125192171	6610
0.325042661	0.126335789	6611
0.355013519	0.126609369	6612
0.38527117	0.126025143	6613
0.415660803	0.124654001	6614
0.446050026	0.122706765	6615
0.476316827	0.120271073	6616
0.506341701	0.117387461	6617
0.53601004	0.114104746	6618
0.565213204	0.110472814	6619
0.593849139	0.106540643	6620
0.621822952	0.102356487	6621
0.649047499	0.0979683708	6622
0.675444061	0.0934248589	6623
0.700941741	0.0887702	6624
0.725478357	0.084048572	6625
0.749000125	0.079301439	6626
0.771461624	0.0745673089	6627
0.792826054	0.0698832402	6628
0.81306496	0.0652834505	6629
0.832158038	0.0607991359	6630
0.850092681	0.0564576463	6631
0.866864042	0.0522838029	6632
0.882474737	0.0482995239	6633
0.896934241	0.0445227402	6634
0.910258787	0.0409683553	6635
0.922471035	0.0376481027	6636
0.933599472	0.0345696868	6637
0.943678262	0.0317375113	6638
0.952747325	0.0291534223	6639
0.960851546	0.0268155546	6640
0.968040515	0.0247176792	6641
0.974370979	0.0228520205	6642
0.979906962	0.0212100712	6643
0.984718695	0.0197749796	6644
0.988881232	0.0185206057	6645
0.992479933	0.0174223645	6646
0.995621836	0.0164565339	6647
0.998431535	0.0155761405	6648
1.00103643	0.0146856319	6649
1.00350386	0.0136244254	6650
1.00583649	0.0122830405	6651
1.00800827	0.0105908064	6652
1.00996961	0.00847997819	6653
1.01157052	0.00588509686	6654
1.0126058	0.0028582914	6655
1.01479702	-0.000594878434	6656
1.01422115	-0.00432266303	6657
1.01275424	-0.0077908856	6658
1.01050631	-0.010710524	6659
1.00778645	-0.0129391297	6660
1.00484863	-0.01453659	6661
1.00179358	-0.015586811	6662
0.998701746	-0.0161885009	6663
0.995575265	-0.0164973598	6664
0.992305989	-0.0166995924	6665
0.988726363	-0.0168808778	6666
0.984682816	-0.0170687096	6667
0.980051384	-0.0172669975	6668
0.97473018	-0.0174872788	6669
0.968628714	-0.0177440389	6670
0.961665981	-0.018041336	6671
0.953771892	-0.0183783598	6672
0.944885352	-0.0187584151	6673
0.934954266	-0.0191863973	6674
0.923933041	-0.0196653211	6675
0.911783306	-0.0201978341	6676
0.898474057	-0.0207873517	6677
0.883981685	-0.0214375758	6678
0.868290177	-0.022152344	6679
0.851391398	-0.0229354564	6680
0.833285388	-0.0237906085	6681
0.813980632	-0.0247214373	6682
0.793494283	-0.0257314465	6683
0.771852342	-0.0268239007	6684
0.749089767	-0.0280015516	6685
0.725250538	-0.0292651918	6686
0.700387751	-0.030613758	6687
0.674563592	-0.0320458315	6688
0.647849025	-0.0335569371	6689
0.620323673	-0.0351371508	6690
0.592075788	-0.0367769135	6691
0.563201531	-0.0384604485	6692
0.533804865	-0.0401690939	6693
0.503997012	-0.0418770665	6694
0.473896442	-0.0435582163	6695
0.443628122	-0.0451817758	6696
0.413323561	-0.0466993617	6697
0.383122209	-0.0481397422	6698
0.35316318	-0.0496174361	6699
0.323575006	-0.05111974	6700
0.294484955	-0.0525832811	6701
0.266021106	-0.0539493199	6702
0.238309582	-0.0551544615	6703
0.211472949	-0.056134779	6704
0.185628447	-0.0568248857	6705
0.160886337	-0.0571604616	6706
0.137348059	-0.0570784749	6707
0.115104533	-0.0565148015	6708
0.0942347708	-0.0554037265	6709
0.0748060211	-0.0536700505	6710
0.0568765357	-0.0512267057	6711
0.0405054148	-0.0479607995	6712
0.0257766747	-0.0437273247	6713
0.0128513014	-0.038347311	6714
0.00203960285	-0.0316804196	6715
-0.00617722159	-0.023820943	6716
-0.011417121	-0.0153951001	6717
-0.0139566115	-0.00744994072	6718
-0.0146882771	-0.000728206258	6719
-0.0142696353	0.00585971913	6720
-0.0124237446	0.0134775693	6721
-0.00870346913	0.0218622351	6722
-0.00288250489	0.0306407848	6723
0.00505152546	0.039520054	6724
0.0150206999	0.0483337827	6725
0.0269404216	0.056997105	6726
0.0407418068	0.0654575348	6727
0.0563674092	0.0736661252	6728
0.073761647	0.0815658979	6729
0.0928627779	0.0890882596	6730
0.113596541	0.0961598782	6731
0.1358754	0.102702853	6732
0.159597477	0.108638748	6733
0.184646392	0.113896692	6734
0.210893888	0.118411267	6735
0.238200708	0.12213057	6736
0.266419584	0.125014653	6737
0.295397291	0.127035114	6738
0.324976462	0.128181921	6739
0.35499807	0.128457062	6740
0.385302346	0.12787308	6741
0.415733885	0.126501199	6742
0.446160414	0.124552553	6743
0.476460736	0.122114994	6744
0.506516073	0.119229192	6745
0.536212319	0.11594406	6746
0.565441209	0.11230955	6747
0.594100975	0.108374694	6748
0.622096936	0.104187785	6749
0.649342111	0.099796881	6750
0.675757908	0.095250577	6751
0.701273523	0.0905931475	6752
0.725826843	0.0858687954	6753
0.74936415	0.0811190051	6754
0.771840039	0.0763823108	6755
0.793217715	0.0716957973	6756
0.813468716	0.0670937092	6757
0.832572717	0.0626072704	6758
0.850517077	0.058263861	6759
0.8672969	0.0540883335	6760
0.882914756	0.0501026355	6761
0.897380084	0.0463247232	6762
0.910709102	0.0427695169	6763
0.922924509	0.0394487511	6764
0.934054912	0.0363701075	6765
0.944134711	0.0335379339	6766
0.953204249	0.0309539717	6767
0.961308713	0.0286162776	6768
0.968499412	0.0265181852	6769
0.974834514	0.0246515522	6770
0.98038045	0.0230072152	6771
0.985210856	0.0215672955	6772
0.989405151	0.0203040827	6773
0.993054407	0.0191903859	6774
0.996272523	0.0181981135	6775
0.999190889	0.01727331	6776
1.00194092	0.016310251	6777
1.00458515	0.0151373211	6778
1.00711499	0.0136335969	6779
1.00948086	0.0117267711	6780
1.01161453	0.00934813217	6781
1.01334627	0.00643898868	6782
1.01445446	0.0030660397	6783
1.01691653	-0.000773999977	6784
1.01627101	-0.00489109507	6785
1.01466461	-0.00872689616	6786
1.01221669	-0.0119757593	6787
1.00925092	-0.0144825093	6788
1.00604571	-0.0162955687	6789
1.00272277	-0.0175009954	6790
0.999385318	-0.01820366	6791
0.996053934	-0.0185709111	6792
0.992627999	-0.0188032791	6793
0.988936074	-0.0189987881	6794
0.984816002	-0.0191928672	6795
0.980135198	-0.0193937167	6796
0.974784561	-0.0196149725	6797
0.968667603	-0.0198720686	6798
0.961698644	-0.0201694462	6799
0.953804297	-0.0205064294	6800
0.944921361	-0.0208863589	6801
0.934995633	-0.0213141533	6802
0.923980778	-0.0217928309	6803
0.911837766	-0.022325047	6804
0.898535201	-0.0229142243	6805
0.884049249	-0.0235640718	6806
0.868363792	-0.024278433	6807
0.851470661	-0.0250611122	6808
0.833369905	-0.0259158078	6809
0.814070033	-0.0268461587	6810
0.793588227	-0.0278556699	6811
0.771950505	-0.0289476078	6812
0.749191822	-0.0301247262	6813
0.725356131	-0.031387821	6814
0.700496493	-0.0327358332	6815
0.674675035	-0.034167349	6816
0.647962632	-0.0356779004	6817
0.620438796	-0.0372575712	6818
0.592191698	-0.0388968092	6819
0.563317392	-0.0405798447	6820
0.533919757	-0.0422880212	6821
0.504109974	-0.0439955572	6822
0.474006542	-0.0456762996	6823
0.443734552	-0.0472994716	6824
0.413425884	-0.048816669	6825
0.383220326	-0.0502566426	6826
0.353256424	-0.0517339367	6827
0.323661377	-0.0532358992	6828
0.294561163	-0.054699186	6829
0.266082695	-0.0560650459	6830
0.23835091	-0.0572700167	6831
0.21148707	-0.0582500202	6832
0.185606895	-0.0589393886	6833
0.160818807	-0.0592733169	6834
0.137221958	-0.0591879644	6835
0.114904404	-0.0586178792	6836
0.0939416099	-0.0574951877	6837
0.074396596	-0.0557412173	6838
0.0563229486	-0.053263412	6839
0.03977547	-0.0499404887	6840
0.024836121	-0.0456153975	6841
0.0116695321	-0.0400938773	6842
0.000599831479	-0.0332205217	6843
-0.00786569884	-0.0250826446	6844
-0.0133127627	-0.0163157591	6845
-0.0159932757	-0.00798989983	6846
-0.0167901786	-0.000870826045	6847
-0.0163620496	0.00610300509	6848
-0.0144444946	0.0140719632	6849
-0.0106067569	0.0227643848	6850
-0.00463956153	0.0318022763	6851
0.00345345114	0.0408921614	6852
0.0135820155	0.0498723451	6853
0.0256539045	0.0586652068	6854
0.0395966325	0.067225919	6855
0.0553518598	0.0755123042	6856
0.0728646158	0.0834728158	6857
0.0920744199	0.0910429794	6858
0.112908434	0.0981524941	6859
0.135280457	0.104725659	6860
0.159089725	0.110685619	6861
0.184220731	0.11596265	6862
0.210545851	0.120492179	6863
0.237926253	0.12422294	6864
0.266214905	0.127115489	6865
0.295258642	0.129141838	6866
0.32489998	0.130292324	6867
0.354979597	0.130569281	6868
0.385337166	0.129985608	6869
0.415816626	0.128612911	6870
0.446285831	0.126662679	6871
0.476624511	0.124223006	6872
0.506714701	0.12133472	6873
0.536442865	0.118046843	6874
0.565701164	0.114409407	6875
0.594388154	0.110471502	6876
0.622409397	0.106281469	6877
0.649678093	0.101887407	6878
0.676115789	0.0973379449	6879
0.701651785	0.0926773887	6880
0.726224067	0.0879499667	6881
0.74977896	0.083197193	6882
0.772271084	0.0784576318	6883
0.793663643	0.0737683996	6884
0.81392816	0.0691637737	6885
0.833044284	0.0646750114	6886
0.850999327	0.0603295281	6887
0.867788338	0.0561522128	6888
0.883413835	0.0521650459	6889
0.897885225	0.0483860096	6890
0.911218727	0.0448300382	6891
0.923437116	0.0415088585	6892
0.934569181	0.0384301133	6893
0.944649664	0.0355980694	6894
0.953719483	0.0330143251	6895
0.961824258	0.0306768256	6896
0.969017611	0.0285783281	6897
0.975359479	0.0267102315	6898
0.980919317	0.0250625387	6899
0.985774964	0.0236160625	6900
0.990011148	0.0223410691	6901
0.99372567	0.0212070177	6902
0.997039702	0.0201804305	6903
1.00009103	0.0191990742	6904
1.00301331	0.0181458738	6905
1.00586255	0.0168368862	6906
1.00861427	0.0151412316	6907
1.01119408	0.0129862314	6908
1.01351453	0.0103032122	6909
1.01538583	0.00704168841	6910
1.01657033	0.00328245415	6911
1.01933922	-0.000985806205	6912
1.0186168	-0.00553328514	6913
1.01685876	-0.0097764656	6914
1.01419379	-0.0133926871	6915
1.01095928	-0.0162142366	6916
1.00745914	-0.0182754586	6917
1.00383629	-0.0196639491	6918
1.0002182	-0.0204895703	6919
0.996646479	-0.0209307429	6920
0.993031325	-0.0212028395	6921
0.989200024	-0.0214177468	6922
0.984982753	-0.0216205375	6923
0.980237853	-0.0218249913	6924
0.974847954	-0.0220476108	6925
0.968709416	-0.0223051699	6926
0.961730864	-0.0226026651	6927
0.953834811	-0.022939618	6928
0.94495543	-0.0233194221	6929
0.93503576	-0.0237470184	6930
0.924028455	-0.0242254281	6931
0.911893605	-0.0247573124	6932
0.898599266	-0.025346102	6933
0.884121285	-0.0259955141	6934
0.868443374	-0.0267093999	6935
0.851557297	-0.0274915698	6936
0.833463091	-0.0283457271	6937
0.814169288	-0.0292755137	6938
0.793693103	-0.030284437	6939
0.772060573	-0.0313757657	6940
0.749306653	-0.0325522567	6941
0.725475276	-0.03381471	6942
0.700619462	-0.0351620709	6943
0.674801275	-0.0365929323	6944
0.648091499	-0.0381028332	6945
0.620569542	-0.0396818664	6946
0.592323449	-0.0413204883	6947
0.563449176	-0.043002937	6948
0.534050504	-0.0447105619	6949
0.504238568	-0.0464175836	6950
0.474131897	-0.0480978453	6951
0.443855722	-0.0497205603	6952
0.413542327	-0.051237301	6953
0.383331873	-0.0526767992	6954
0.353362253	-0.0541536276	6955
0.323759146	-0.0556551916	6956
0.294647058	-0.0571181778	6957
0.266151566	-0.0584838192	6958
0.238396236	-0.0596885726	6959
0.211500826	-0.0606681805	6960
0.185579307	-0.0613566434	6961
0.160737987	-0.0616885865	6962
0.137073397	-0.0615992224	6963
0.114670333	-0.0610215507	6964
0.0936002513	-0.0598851928	6965
0.0739214406	-0.0581074712	6966
0.0556823417	-0.0555895497	6967
0.0389331415	-0.0522006339	6968
0.0237538314	-0.0477701726	6969
0.0103135033	-0.0420869689	6970
-0.0010480836	-0.0349791156	6971
-0.00979482408	-0.0265262778	6972
-0.0154770364	-0.0173736612	6973
-0.01831918	-0.00861551032	6974
-0.0191922597	-0.00104283853	6975
-0.0187547761	0.00637352936	6976
-0.0167562262	0.0147452789	6977
-0.0127849481	0.0237902823	6978
-0.00665127276	0.0331251181	6979
0.00162295964	0.0424562819	6980
0.0119334791	0.051627373	6981
0.0241793424	0.0605689919	6982
0.0382838812	0.0692449873	6983
0.0541876488	0.0776208689	6984
0.0718362984	0.0856512798	6985
0.0911707384	0.0932764555	6986
0.112119724	0.100429572	6987
0.134598564	0.107037459	6988
0.158507762	0.113025085	6989
0.183732808	0.118324052	6990
0.210146812	0.122870762	6991
0.237611427	0.126614688	6992
0.265979904	0.129516968	6993
0.295099151	0.131550094	6994
0.324811561	0.132704826	6995
0.354957483	0.132983898	6996
0.38537597	0.132400615	6997
0.415910225	0.131027018	6998
0.44642825	0.129075001	6999
0.476810814	0.126632938	7000
0.506940874	0.123741837	7001
0.536705537	0.120450846	7002
0.565997447	0.116810089	7003
0.594715526	0.112868727	7004
0.622765612	0.108675154	7005
0.650061105	0.104277518	7006
0.676523702	0.0997244907	7007
0.702082856	0.0950604084	7008
0.726676622	0.0903295364	7009
0.750251382	0.085573423	7010
0.772761778	0.0808306681	7011
0.794171007	0.0761384264	7012
0.814450572	0.0715310144	7013
0.833580081	0.0670397292	7014
0.851546794	0.0626920275	7015
0.868345696	0.0585128395	7016
0.883979252	0.0545241811	7017
0.898456846	0.0507440593	7018
0.911794729	0.0471874164	7019
0.924015805	0.0438659579	7020
0.935149141	0.0407872647	7021
0.945229961	0.037955488	7022
0.954299565	0.035372132	7023
0.962405444	0.0330346777	7024
0.969603016	0.03093544	7025
0.975954856	0.0290651362	7026
0.981534204	0.0274127032	7027
0.98642406	0.0259572734	7028
0.990715541	0.0246664929	7029
0.994514071	0.0235055656	7030
0.997948305	0.0224343876	7031
1.00116136	0.0213810902	7032
1.00428666	0.0202162334	7033
1.00737383	0.0187407369	7034
1.01037151	0.0168209134	7035
1.01318594	0.0143800149	7036
1.01570793	0.0113521639	7037
1.017728	0.00769489566	7038
1.01899158	0.00350806861	7039
1.02210848	-0.00123535996	7040
1.02130126	-0.00625845663	7041
1.01937852	-0.0109528901	7042
1.01647833	-0.0149785674	7043
1.012953	-0.0181533855	7044
1.00912657	-0.0205015479	7045
1.00516955	-0.0221050167	7046
1.00123266	-0.0230795867	7047
0.997380831	-0.0236138629	7048
0.993538537	-0.0239381763	7049
0.989535065	-0.024179585	7050
0.98519465	-0.0243946319	7051
0.980366588	-0.0246042488	7052
0.974924304	-0.0248288306	7053
0.968755748	-0.0250870488	7054
0.961762659	-0.0253847149	7055
0.95386248	-0.0257216505	7056
0.944986035	-0.0261013335	7057
0.935073008	-0.0265287254	7058
0.924074476	-0.02700685	7059
0.91194941	-0.0275383709	7060
0.898665113	-0.0281267253	7061
0.88419697	-0.0287756396	7062
0.868528436	-0.0294889746	7063
0.851651149	-0.0302705495	7064
0.833565111	-0.0311240741	7065
0.814278865	-0.0320531957	7066
0.793809651	-0.0330614255	7067
0.772183535	-0.0341520358	7068
0.749435474	-0.0353277873	7069
0.72560938	-0.0365894851	7070
0.700758238	-0.0379360802	7071
0.674944042	-0.0393661722	7072
0.648237475	-0.0408753095	7073
0.620717839	-0.0424535937	7074
0.592473059	-0.0440914909	7075
0.563598943	-0.0457732496	7076
0.534199182	-0.0474802253	7077
0.504384858	-0.0491866406	7078
0.474274534	-0.0508663354	7079
0.443993587	-0.0524885116	7080
0.413674755	-0.0540047157	7081
0.383458598	-0.0554436585	7082
0.353482261	-0.0569199449	7083
0.323869693	-0.0584210439	7084
0.294743717	-0.0598836753	7085
0.26622837	-0.0612490505	7086
0.238445641	-0.0624535286	7087
0.211513553	-0.0634326386	7088
0.185544056	-0.0641199891	7089
0.160641027	-0.064449534	7090
0.136897997	-0.0643553745	7091
0.114396047	-0.0637687009	7092
0.0932021119	-0.0626162224	7093
0.0733691918	-0.0608106369	7094
0.0549400763	-0.0582459162	7095
0.0379600413	-0.0547804847	7096
0.022507294	-0.0502286717	7097
0.00875639532	-0.0443605692	7098
-0.00293519919	-0.0369862803	7099
-0.0119995763	-0.0281771627	7100
-0.0179483391	-0.018588516	7101
-0.020975434	-0.0093399651	7102
-0.0219373312	-0.00125000129	7103
-0.0214910033	0.0066730599	7104
-0.0194012169	0.0155065466	7105
-0.0152783905	0.0249554505	7106
-0.00895535801	0.0346304234	7107
-0.000474626006	0.0442382079	7108
0.010043628	0.0536284772	7109
0.0224884728	0.0627411253	7110
0.0367783561	0.0715498137	7111
0.0528524472	0.0800287805	7112
0.0706570145	0.0881397267	7113
0.0901344867	0.0958282802	7114
0.111215401	0.103031613	7115
0.13381677	0.109679467	7116
0.157840546	0.115698923	7117
0.183173359	0.121023114	7118
0.209689164	0.125589574	7119
0.23725018	0.129348634	7120
0.265709991	0.132262103	7121
0.294915597	0.134303032	7122
0.324709264	0.135462667	7123
0.354930976	0.135744203	7124
0.385419096	0.135161409	7125
0.416016003	0.133786825	7126
0.446589871	0.131832803	7127
0.477022637	0.129388041	7128
0.507198299	0.126493751	7129
0.537004689	0.123199231	7130
0.566334999	0.119554709	7131
0.595088565	0.115609429	7132
0.623171533	0.11141185	7133
0.650497516	0.10701018	7134
0.67698843	0.102453129	7135
0.702573848	0.0977850815	7136
0.727191915	0.0930503434	7137
0.75078907	0.088290504	7138
0.773319975	0.0835442063	7139
0.794747813	0.078848651	7140
0.815044054	0.0742382009	7141
0.83418826	0.0697442001	7142
0.852167626	0.0653941529	7143
0.868977068	0.0612130347	7144
0.884619007	0.057222898	7145
0.899102826	0.0534417706	7146
0.912444851	0.0498845918	7147
0.924668202	0.0465630256	7148
0.935802356	0.0434845594	7149
0.945883212	0.0406531821	7150
0.954952585	0.0380702708	7151
0.963060657	0.0357326537	7152
0.97026499	0.0336321199	7153
0.976631551	0.0317584998	7154
0.982238297	0.0300993581	7155
0.987174514	0.028631654	7156
0.991538887	0.0273196337	7157
0.995444976	0.0261231954	7158
0.999028912	0.0249941067	7159
1.00243723	0.0238495585	7160
1.00580337	0.0225447482	7161
1.00915876	0.0208708174	7162
1.0124296	0.0186886616	7163
1.01549997	0.0159197852	7164
1.01823857	0.0125024534	7165
1.02041693	0.00840075759	7166
1.02176198	0.00374200114	7167
1.02527392	-0.00152846098	7168
1.02437329	-0.00707701501	7169
1.02227181	-0.0122710827	7170
1.01911697	-0.016752691	7171
1.01527705	-0.0203236701	7172
1.01109147	-0.0230018842	7173
1.00676377	-0.0248566519	7174
1.00246685	-0.0260106031	7175
0.99829085	-0.0266613768	7176
0.994177894	-0.0270539411	7177
0.989963097	-0.0273314926	7178
0.985467363	-0.0275638691	7179
0.980531678	-0.027780988	7180
0.975019614	-0.0280084678	7181
0.968809446	-0.0282676602	7182
0.961794677	-0.0285655803	7183
0.95388652	-0.0289025141	7184
0.945011235	-0.0292820831	7185
0.935105383	-0.0297092671	7186
0.924116789	-0.0301870955	7187
0.912003271	-0.0307182266	7188
0.898731102	-0.0313061012	7189
0.884275014	-0.0319544543	7190
0.868618073	-0.0326671579	7191
0.851751712	-0.0334480426	7192
0.833675848	-0.0343008275	7193
0.814399012	-0.0352291679	7194
0.793938465	-0.0362365809	7195
0.772320297	-0.0373263444	7196
0.74957947	-0.0385012244	7197
0.725759878	-0.0397620323	7198
0.700914471	-0.0411077256	7199
0.675105175	-0.0425369126	7200
0.64840256	-0.0440451519	7201
0.62088581	-0.0456225558	7202
0.592642724	-0.0472596011	7203
0.563768974	-0.0489405467	7204
0.5343681	-0.0506467575	7205
0.504551147	-0.052352458	7206
0.474436711	-0.0540314839	7207
0.444150332	-0.0556530249	7208
0.413825243	-0.0571685988	7209
0.383602441	-0.0586068931	7210
0.353618206	-0.0600825489	7211
0.323994516	-0.0615831061	7212
0.294852268	-0.0630453191	7213
0.266313729	-0.0644103705	7214
0.238499068	-0.065614501	7215
0.211524299	-0.0665929846	7216
0.185499041	-0.067278965	7217
0.160524372	-0.0676056029	7218
0.136690385	-0.0675056917	7219
0.114073936	-0.0669083014	7220
0.0927368528	-0.0657367488	7221
0.072726247	-0.0638983829	7222
0.0540787308	-0.0612789327	7223
0.0368344156	-0.0577246034	7224
0.0210700437	-0.0530328148	7225
0.00696688704	-0.0469530473	7226
-0.00509754531	-0.0392758906	7227
-0.0145202893	-0.030063779	7228
-0.0207707262	-0.0199825264	7229
-0.0240090506	-0.0101782519	7230
-0.0250742908	-0.00149924176	7231
-0.024620137	0.00700309715	7232
-0.0224279705	0.0163653999	7233
-0.0181335303	0.0262768895	7234
-0.0115953724	0.0363416185	7235
-0.00287944639	0.0462668037	7236
0.00787598128	0.0559089983	7237
0.0205484969	0.0652185482	7238
0.0350508097	0.0741801906	7239
0.0513203438	0.0827780682	7240
0.0693039398	0.0909819342	7241
0.0889456775	0.0987435983	7242
0.110178081	0.106004831	7243
0.132920092	0.112698741	7244
0.157075305	0.118754849	7245
0.182531668	0.124108068	7246
0.209164107	0.128697248	7247
0.236835503	0.132473713	7248
0.265399834	0.135400057	7249
0.294704222	0.137449975	7250
0.324590795	0.138615275	7251
0.354899144	0.138899685	7252
0.385466857	0.138317505	7253
0.416135399	0.13694184	7254
0.446773138	0.134985572	7255
0.477263328	0.132537762	7256
0.507491138	0.129639865	7257
0.537345221	0.126341347	7258
0.566719385	0.122692563	7259
0.595513431	0.11874285	7260
0.623633839	0.114540748	7261
0.650994524	0.110134523	7262
0.677517583	0.105572946	7263
0.703132742	0.100900451	7264
0.727778242	0.0961613939	7265
0.751400581	0.0913974139	7266
0.773954433	0.0866472056	7267
0.795402961	0.0819480241	7268
0.815717591	0.0773342872	7269
0.834877827	0.0728373934	7270
0.852870796	0.0684849002	7271
0.869691346	0.0643018313	7272
0.885341866	0.060310274	7273
0.899831781	0.0565282683	7274
0.91317757	0.0529707333	7275
0.925402684	0.0496492622	7276
0.936537197	0.0465712055	7277
0.946617945	0.0437403294	7278
0.955687555	0.0411578117	7279
0.963799763	0.0388196377	7280
0.971014838	0.0367169257	7281
0.977403044	0.0348383596	7282
0.983048164	0.0331697243	7283
0.988047053	0.0316851543	7284
0.992507135	0.030344491	7285
0.996549895	0.0291011933	7286
1.00031879	0.0278970892	7287
1.00396273	0.0266362381	7288
1.00760862	0.0251591533	7289
1.01126539	0.023249319	7290
1.01483771	0.0207617699	7291
1.01818594	0.0176181541	7292
1.02115761	0.0137595247	7293
1.02350225	0.00916459131	7294
1.02493155	0.0039830828	7295
1.02889228	-0.00187171371	7296
1.02788885	-0.00800069061	7297
1.02559348	-0.0137477839	7298
1.02216322	-0.0187366384	7299
1.01798225	-0.0227525067	7300
1.01340481	-0.0258068551	7301
1.00866686	-0.0279547618	7302
1.00396567	-0.0293234024	7303
0.999417204	-0.0301188405	7304
0.994984375	-0.0305999315	7305
0.990512253	-0.0309265266	7306
0.985821881	-0.0311834225	7307
0.980747555	-0.0314115458	7308
0.975142884	-0.0316434007	7309
0.968875329	-0.0319040896	7310
0.961828708	-0.0322024047	7311
0.953906657	-0.0325393578	7312
0.945029743	-0.0329188122	7313
0.935130607	-0.0333457908	7314
0.924152881	-0.0338233184	7315
0.912052719	-0.0343540413	7316
0.898795002	-0.0349413977	7317
0.884353545	-0.0355891286	7318
0.868710843	-0.0363011176	7319
0.851858003	-0.037081209	7320
0.833794783	-0.037933135	7321
0.81452966	-0.0388605619	7322
0.794079897	-0.0398670157	7323
0.772471599	-0.0409557826	7324
0.749739734	-0.0421296358	7325
0.725928179	-0.043389395	7326
0.70108985	-0.0447340262	7327
0.6752866	-0.0461621477	7328
0.648588882	-0.0476693299	7329
0.621075753	-0.0492456977	7330
0.592834866	-0.0508817404	7331
0.563961741	-0.0525617291	7332
0.534559797	-0.0542670371	7333
0.504739985	-0.0559718937	7334
0.474620938	-0.0576501305	7335
0.444328382	-0.0592709227	7336
0.413996092	-0.0607857566	7337
0.383765538	-0.0622232942	7338
0.353772002	-0.063698217	7339
0.324135215	-0.065198143	7340
0.294973868	-0.066659863	7341
0.266408189	-0.0680245208	7342
0.238556242	-0.069228213	7343
0.211531717	-0.070205908	7344
0.18544154	-0.0708901955	7345
0.160383563	-0.0712132958	7346
0.136443937	-0.0711064579	7347
0.113694712	-0.0704962609	7348
0.0921919607	-0.0693020599	7349
0.0719762545	-0.0674250073	7350
0.0530774973	-0.0647413765	7351
0.0355304527	-0.0610835269	7352
0.0194108947	-0.0562299988	7353
0.00490833376	-0.0499076444	7354
-0.00757711206	-0.0418858869	7355
-0.0174035216	-0.0322180763	7356
-0.0239947828	-0.0215806274	7357
-0.0274738125	-0.0111473392	7358
-0.0286590001	-0.00179869302	7359
-0.0281986877	0.00736476892	7360
-0.0258921352	0.0173320167	7361
-0.0214038518	0.0277731049	7362
-0.0146216483	0.0382845814	7363
-0.00563802302	0.0485742631	7364
0.00538817138	0.0585063797	7365
0.0183212767	0.0680429586	7366
0.0330672185	0.0771812002	7367
0.0495611996	0.0859164752	7368
0.0677505397	0.0942277269	7369
0.0875810915	0.10207386	7370
0.108987588	0.109401947	7371
0.131891143	0.116148994	7372
0.156197233	0.122247354	7373
0.181795311	0.127634012	7374
0.208561435	0.132249349	7375
0.23635926	0.13604585	7376
0.265043231	0.138987019	7377
0.294460625	0.141047298	7378
0.324453439	0.142219152	7379
0.354860826	0.142506916	7380
0.385519521	0.141925504	7381
0.416269965	0.140548665	7382
0.446980751	0.138589881	7383
0.477536617	0.136138637	7384
0.507824048	0.133236664	7385
0.537732624	0.129933625	7386
0.567156839	0.126280021	7387
0.595997015	0.122325302	7388
0.624160069	0.118118095	7389
0.651560183	0.113706743	7390
0.678119684	0.109140086	7391
0.703768463	0.104462617	7392
0.728444862	0.0997187542	7393
0.752095439	0.0949501941	7394
0.774674877	0.0901956939	7395
0.796146305	0.0854925727	7396
0.816481096	0.0808753126	7397
0.83565869	0.0763753736	7398
0.853666143	0.072020371	7399
0.870498247	0.0678353777	7400
0.886157397	0.0638425093	7401
0.900653123	0.0600598032	7402
0.914002167	0.0565021317	7403
0.926228492	0.0531809768	7404
0.937363016	0.0501034936	7405
0.947443386	0.0472732582	7406
0.956515002	0.0446907939	7407
0.964634644	0.0423513727	7408
0.971866529	0.0402451267	7409
0.978286309	0.0383592474	7410
0.983984898	0.0366771971	7411
0.989068082	0.0351694295	7412
0.993653033	0.0337901177	7413
0.997869841	0.0324843696	7414
1.00186563	0.0311830837	7415
1.00579026	0.0297751251	7416
1.00975503	0.0280894963	7417
1.01374904	0.0259002152	7418
1.01765217	0.0230589668	7419
1.02130076	0.0194887921	7420
1.02452276	0.015130471	7421
1.02704125	0.00999001732	7422
1.02855747	0.00422985581	7423
1.03302843	-0.00227265363	7424
1.03191193	-0.00904277118	7425
1.02940627	-0.0154018923	7426
1.0256783	-0.0209547043	7427
1.02112808	-0.0254693673	7428
1.01612923	-0.0289465772	7429
1.01093411	-0.0314392049	7430
1.00578151	-0.0330631132	7431
1.00080828	-0.0340366757	7432
0.996000797	-0.0346315097	7433
0.991218251	-0.0350241144	7434
0.986285991	-0.0353155779	7435
0.981034254	-0.03555991	7436
0.975307367	-0.0357984756	7437
0.968961198	-0.0360615438	7438
0.961868444	-0.03636051	7439
0.953923658	-0.0366975209	7440
0.945040375	-0.0370768523	7441
0.935146285	-0.037503624	7442
0.924179825	-0.0379808503	7443
0.912094696	-0.0385111559	7444
0.898853903	-0.0390979654	7445
0.88442999	-0.0397450198	7446
0.868804627	-0.0404562125	7447
0.85196842	-0.0412354031	7448
0.833920855	-0.0420863401	7449
0.814670285	-0.0430127051	7450
0.794233936	-0.0440180372	7451
0.772637912	-0.0451056338	7452
0.749917178	-0.0462782789	7453
0.726115592	-0.0475368031	7454
0.701286033	-0.0488801829	7455
0.675490282	-0.0503070489	7456
0.648798667	-0.0518129858	7457
0.621290105	-0.0533881329	7458
0.593052094	-0.0550229941	7459
0.564179982	-0.0567018546	7460
0.53477704	-0.0584060985	7461
0.504954147	-0.0601099589	7462
0.474829969	-0.0617872631	7463
0.444530408	-0.0634071722	7464
0.414189829	-0.0649211377	7465
0.383950221	-0.0663577925	7466
0.353945714	-0.0678318636	7467
0.324293472	-0.0693310552	7468
0.295109656	-0.0707921945	7469
0.266512146	-0.072156374	7470
0.238616567	-0.0733595132	7471
0.211533919	-0.074336213	7472
0.18536801	-0.0750184001	7473
0.160212971	-0.0753371754	7474
0.136150436	-0.0752219577	7475
0.113246984	-0.07459639	7476
0.0915522208	-0.0733751901	7477
0.0710994809	-0.0714523185	7478
0.0519114427	-0.068693194	7479
0.0340174467	-0.0649144955	7480
0.0174930263	-0.0598737273	7481
0.00253779927	-0.0532729996	7482
-0.0104227492	-0.0448587884	7483
-0.0207032058	-0.0346756151	7484
-0.0276786264	-0.0234107421	7485
-0.0314312678	-0.0122663756	7486
-0.0327552796	-0.00215785705	7487
-0.0322912841	0.00775870094	7488
-0.0298575501	0.0184170432	7489
-0.0251509536	0.0294641192	7490
-0.0180923819	0.0404877667	7491
-0.00880432707	0.0511963651	7492
0.00253092134	0.0614625576	7493
0.0157623829	0.0712613247	7494
0.0307879148	0.0806038365	7495
0.0475398724	0.0894981722	7496
0.0659658862	0.0979337625	7497
0.0860136827	0.105877664	7498
0.107620434	0.113283075	7499
0.130709705	0.120091522	7500
0.155189113	0.126238657	7501
0.180949847	0.131663881	7502
0.20786928	0.136309366	7503
0.235811973	0.140128951	7504
0.264632931	0.143087205	7505
0.294179636	0.145159441	7506
0.324293954	0.146338882	7507
0.354814566	0.146630567	7508
0.385577262	0.146050113	7509
0.416421346	0.144672007	7510
0.447215671	0.142710416	7511
0.477846639	0.140255308	7512
0.508202219	0.137348735	7513
0.53817302	0.134040591	7514
0.567654318	0.130381547	7515
0.596547076	0.12642118	7516
0.624758631	0.122208224	7517
0.652203494	0.117791116	7518
0.678804243	0.113218773	7519
0.704490949	0.108535763	7520
0.729202064	0.103786575	7521
0.752884203	0.0990129755	7522
0.775492051	0.0942537958	7523
0.796988697	0.0895464301	7524
0.81734545	0.0849254335	7525
0.836541686	0.080422334	7526
0.854564399	0.0760648073	7527
0.871408354	0.0718779714	7528
0.887076012	0.0678839577	7529
0.901577115	0.0641007771	7530
0.914928836	0.0605432168	7531
0.927155891	0.0572225915	7532
0.938290391	0.0541457848	7533
0.94837107	0.0513161181	7534
0.957447528	0.0487331484	7535
0.965579931	0.0463913471	7536
0.972837663	0.0442795265	7537
0.979303061	0.0423829229	7538
0.98507561	0.0406819532	7539
0.990271354	0.0391422862	7540
0.995017785	0.0377108973	7541
0.999452596	0.0363227816	7542
1.00372467	0.0348959661	7543
1.00797688	0.0333053601	7544
1.01230442	0.0313677051	7545
1.0166731	0.0288495952	7546
1.0209373	0.0256007683	7547
1.02491148	0.021542922	7548
1.02839801	0.0166277571	7549
1.03109941	0.0108809914	7550
1.03270508	0.00448056758	7551
1.03775651	-0.00273991023	7552
1.03651569	-0.0102183245	7553
1.03378197	-0.0172547587	7554
1.02973223	-0.023434284	7555
1.02478259	-0.0285074242	7556
1.01932599	-0.0324635445	7557
1.01362901	-0.0353544496	7558
1.00797504	-0.0372798482	7559
1.00252096	-0.0384707501	7560
0.99727873	-0.0392101303	7561
0.992125612	-0.0396906052	7562
0.986895801	-0.0400304073	7563
0.981419062	-0.040298568	7564
0.97553213	-0.0405475096	7565
0.969079161	-0.0408144544	7566
0.961920511	-0.0411145528	7567
0.953940077	-0.0414517096	7568
0.945042838	-0.0418309006	7569
0.93514976	-0.0422574495	7570
0.924194408	-0.0427343724	7571
0.912125563	-0.0432642592	7572
0.898904144	-0.0438505053	7573
0.884500947	-0.0444968401	7574
0.868896468	-0.0452071615	7575
0.852080564	-0.0459853438	7576
0.834052278	-0.0468351545	7577
0.814819732	-0.047760295	7578
0.794400047	-0.048764322	7579
0.772819291	-0.0498505496	7580
0.750112404	-0.0510217762	7581
0.726323216	-0.0522788473	7582
0.701504567	-0.0536207531	7583
0.675718158	-0.0550461396	7584
0.649034182	-0.0565506083	7585
0.621531409	-0.058124316	7586
0.593297167	-0.0597577834	7587
0.564426616	-0.0614353125	7588
0.535022859	-0.0631382998	7589
0.505196686	-0.0648409838	7590
0.475066794	-0.0665171875	7591
0.444759282	-0.0681360559	7592
0.414409171	-0.0696490015	7593
0.384158981	-0.0710846266	7594
0.354141514	-0.0725577085	7595
0.324470996	-0.0740560458	7596
0.29526068	-0.0755165012	7597
0.266625742	-0.0768800982	7598
0.238678981	-0.078082539	7599
0.211528276	-0.0790579783	7600
0.185273821	-0.0797375464	7601
0.160005454	-0.0800510058	7602
0.135799629	-0.0799255976	7603
0.112716712	-0.0792814931	7604
0.0907990534	-0.0780279671	7605
0.0700720247	-0.0760506195	7606
0.0505506038	-0.0732024021	7607
0.0322587895	-0.0692822515	7608
0.0152728964	-0.0640242945	7609
-0.000195078214	-0.0571037164	7610
-0.0136911385	-0.0482423234	7611
-0.0244816728	-0.0374761033	7612
-0.0318890608	-0.0255040593	7613
-0.0359518715	-0.0135569072	7614
-0.0374360469	-0.00258778083	7615
-0.0369718274	0.00818487592	7616
-0.0343974346	0.0196315048	7617
-0.0294457754	0.0313714666	7618
-0.0220748799	0.0429823194	7619
-0.0124410186	0.0541727271	7620
-0.000753153523	0.0648243616	7621
0.0128199664	0.0749264296	7622
0.0281665505	0.0845056802	7623
0.0452152834	0.0935845417	7624
0.0639138314	0.102164406	7625
0.0842118556	0.110221704	7626
0.106049203	0.117716723	7627
0.129352188	0.124596246	7628
0.154030868	0.130799776	7629
0.179978435	0.136269545	7630
0.207073788	0.140949821	7631
0.235182562	0.144796034	7632
0.264160432	0.147774	7633
0.293855143	0.149860049	7634
0.324108448	0.151048285	7635
0.35475852	0.151344564	7636
0.385640106	0.150765307	7637
0.416591251	0.149385845	7638
0.447481102	0.14742113	7639
0.478197938	0.144961683	7640
0.508631372	0.142049931	7641
0.538673195	0.138736032	7642
0.568219611	0.135070856	7643
0.597172229	0.131104131	7644
0.625438889	0.126884719	7645
0.652934466	0.122461164	7646
0.679581817	0.117882481	7647
0.705311211	0.113193322	7648
0.730061215	0.108438263	7649
0.753778504	0.103659154	7650
0.776417757	0.0988949115	7651
0.797942014	0.0941830168	7652
0.818322522	0.0895581064	7653
0.837538598	0.0850517808	7654
0.855577205	0.0806917741	7655
0.872433136	0.0765032392	7656
0.888109019	0.0725083018	7657
0.90261497	0.0687249097	7658
0.91596883	0.0651677113	7659
0.928196412	0.061847779	7660
0.939331483	0.0587716238	7661
0.94941455	0.0559421599	7662
0.958500563	0.053357734	7663
0.966654015	0.0510117709	7664
0.973950766	0.0488913552	7665
0.980481315	0.0469791482	7666
0.986355202	0.0452515712	7667
0.991699773	0.0436681301	7668
0.996652643	0.0421668547	7669
1.00135697	0.0406708859	7670
1.0059594	0.039084324	7671
1.01059116	0.0372683202	7672
1.01532773	0.0350286563	7673
1.02010994	0.0321261394	7674
1.02476642	0.0284098559	7675
1.02909309	0.0237949238	7676
1.0328579	0.0182618934	7677
1.03575152	0.0118417706	7678
1.03744909	0.00473306782	7679
1.04316131	-0.00328335517	7680
1.04178385	-0.0115444006	7681
1.03880272	-0.019330446	7682
1.03440522	-0.0262061948	7683
1.02902373	-0.0319039416	7684
1.02307061	-0.0364011784	7685
1.01683308	-0.0397437521	7686
1.01061624	-0.0420293627	7687
1.00462157	-0.0434830266	7688
0.998879555	-0.0444039459	7689
0.993288928	-0.044999867	7690
0.987697323	-0.0454064579	7691
0.981938334	-0.0457093737	7692
0.975843904	-0.0459743502	7693
0.969247312	-0.046247685	7694
0.961995864	-0.0465498203	7695
0.953961334	-0.0468873345	7696
0.945038492	-0.0472663705	7697
0.935139978	-0.0476926528	7698
0.924193398	-0.048169258	7699
0.912141209	-0.0486987257	7700
0.898941298	-0.0492844035	7701
0.884562084	-0.0499299908	7702
0.868982412	-0.0506393785	7703
0.852191045	-0.0514164512	7704
0.834186337	-0.0522649962	7705
0.814976008	-0.0531887386	7706
0.794576971	-0.0541912587	7707
0.773015187	-0.0552758927	7708
0.750325535	-0.0564454593	7709
0.726551794	-0.0577008238	7710
0.701746752	-0.059040995	7711
0.675972023	-0.0604646379	7712
0.649297652	-0.0619673752	7713
0.621802248	-0.0635393843	7714
0.593572954	-0.0651712063	7715
0.564704722	-0.0668471626	7716
0.535300467	-0.0685486648	7717
0.505470877	-0.0702499581	7718
0.475334674	-0.0719248616	7719
0.445018158	-0.0735425031	7720
0.41465705	-0.0750542526	7721
0.384394442	-0.0764886784	7722
0.35436159	-0.0779606133	7723
0.324669379	-0.0794579577	7724
0.295427751	-0.0809176056	7725
0.266748713	-0.0822804905	7726
0.238741745	-0.0834820454	7727
0.211511137	-0.0844558809	7728
0.185152894	-0.0851321644	7729
0.159751898	-0.0854390501	7730
0.135378662	-0.0853011782	7731
0.112086509	-0.0846346	7732
0.0899096789	-0.0833421857	7733
0.068864843	-0.081299802	7734
0.0489588851	-0.0783460799	7735
0.0302107618	-0.0742599092	7736
0.0126989597	-0.0687495241	7737
-0.00334954093	-0.0614608756	7738
-0.0174483893	-0.0520896718	7739
-0.0288108862	-0.0406639183	7740
-0.0367029271	-0.0278952773	7741
-0.0411162944	-0.015043113	7742
-0.0427846199	-0.00310124485	7743
-0.0423248075	0.00864248501	7744
-0.0395957384	0.020986709	7745
-0.0343699902	0.0335181788	7746
-0.0266469844	0.0458021774	7747
-0.0166208756	0.0575470542	7748
-0.00453094374	0.0686439261	7749
0.00943342717	0.0790974446	7750
0.0251488617	0.0889516218	7751
0.0425392961	0.0982450335	7752
0.0615520078	0.106992697	7753
0.0821385873	0.115181825	7754
0.10424178	0.122780918	7755
0.127790974	0.129742889	7756
0.152699	0.136011752	7757
0.17886136	0.141533059	7758
0.206158733	0.146253549	7759
0.23445802	0.150130524	7760
0.263615708	0.153131264	7761
0.293479886	0.155233292	7762
0.323892215	0.156431742	7763
0.354690332	0.156733412	7764
0.38570784	0.156155652	7765
0.416781389	0.15477476	7766
0.447780471	0.152806579	7767
0.478595436	0.150342275	7768
0.509117789	0.147424702	7769
0.53924069	0.144104327	7770
0.568861311	0.140432252	7771
0.597882015	0.136458388	7772
0.626211206	0.132231746	7773
0.653764165	0.127800998	7774
0.680464061	0.123215271	7775
0.706241377	0.118519322	7776
0.731034804	0.113757828	7777
0.754791077	0.108972738	7778
0.777464869	0.104203067	7779
0.799019171	0.0994863937	7780
0.819425174	0.0948574426	7781
0.838662167	0.0903478869	7782
0.856717135	0.0859855113	7783
0.873584998	0.0817954839	7784
0.889268709	0.0777998901	7785
0.903778996	0.0740165622	7786
0.917134709	0.0704599362	7787
0.929363221	0.0671407428	7788
0.940500174	0.0640650776	7789
0.950590177	0.0612349374	7790
0.959693431	0.0586474789	7791
0.967880413	0.0562946347	7792
0.975234973	0.0541612139	7793
0.981857351	0.0522264762	7794
0.987868469	0.0504616306	7795
0.993407401	0.0488183774	7796
0.998620611	0.0472239425	7797
1.00365342	0.0455880808	7798
1.00864561	0.0438004208	7799
1.01371227	0.0417091031	7800
1.01890619	0.039110558	7801
1.02414217	0.0357614409	7802
1.02922739	0.0315051856	7803
1.03392762	0.0262674077	7804
1.0379876	0.020044402	7805
1.04108308	0.0128768754	7806
1.04287486	0.00498471372	7807
1.04933972	-0.00391479538	7808
1.0478125	-0.0130387683	7809
1.0445628	-0.0216553748	7810
1.0397891	-0.0293050525	7811
1.03394083	-0.0357007357	7812
1.02744969	-0.0408081419	7813
1.02062552	-0.0446652267	7814
1.01378577	-0.0473737577	7815
1.00718721	-0.0491422823	7816
1.00087571	-0.0502884937	7817
0.994774258	-0.0510339439	7818
0.988748159	-0.0515314594	7819
0.98263951	-0.0518844183	7820
0.976279266	-0.0521739683	7821
0.969491844	-0.0524578269	7822
0.962111646	-0.0527636635	7823
0.953997226	-0.05310202	7824
0.945031511	-0.0534809328	7825
0.935117086	-0.0539068743	7826
0.92417404	-0.0543831132	7827
0.912137313	-0.0549121495	7828
0.89896026	-0.0554972596	7829
0.884608091	-0.0561420875	7830
0.86905737	-0.056850497	7831
0.852295282	-0.0576263725	7832
0.834319143	-0.0584735176	7833
0.815136026	-0.0593956836	7834
0.794762464	-0.0603964797	7835
0.773224203	-0.0614792711	7836
0.750555991	-0.062646904	7837
0.726801509	-0.0639002704	7838
0.702013471	-0.0652384035	7839
0.676253385	-0.0666599934	7840
0.649591129	-0.0681606888	7841
0.622105134	-0.0697306927	7842
0.59388234	-0.0713605707	7843
0.565017467	-0.0730346677	7844
0.535613221	-0.0747344132	7845
0.505780164	-0.0764340613	7846
0.475637036	-0.078107428	7847
0.445310339	-0.0797236228	7848
0.414936546	-0.0812339693	7849
0.384659341	-0.0826669982	7850
0.354608184	-0.0841376035	7851
0.324890123	-0.0856337947	7852
0.295611272	-0.0870924908	7853
0.26688006	-0.0884545016	7854
0.238802157	-0.0896549247	7855
0.211477464	-0.0906267067	7856
0.184997232	-0.0912988427	7857
0.15944062	-0.0915975449	7858
0.134871343	-0.0914443328	7859
0.111334752	-0.0907503521	7860
0.0888560712	-0.0894109194	7861
0.0674425494	-0.0872905579	7862
0.0470927205	-0.0842114548	7863
0.0278210919	-0.0799298987	7864
0.0097101619	-0.074125564	7865
-0.00699583823	-0.0664122403	7866
-0.0217714877	-0.056460074	7867
-0.0337741292	-0.044288311	7868
-0.0422088068	-0.0306225528	7869
-0.0470169232	-0.0167520635	7870
-0.0488962091	-0.00371296339	7871
-0.0484468042	0.00912977626	7872
-0.0455486739	0.0224941468	7873
-0.0400175825	0.0359287652	7874
-0.0318986924	0.0489841668	7875
-0.0214284337	0.0613673834	7876
-0.00888046769	0.0729791074	7877
0.00553185118	0.0838405282	7878
0.0216712009	0.0940146358	7879
0.0394553696	0.103558095	7880
0.0588306174	0.11250141	7881
0.0797503555	0.120844189	7882
0.10216042	0.128564464	7883
0.125993609	0.135622305	7884
0.1511659	0.141967022	7885
0.177575449	0.147548083	7886
0.205105016	0.152315144	7887
0.233623003	0.156227718	7888
0.262986877	0.159254815	7889
0.293045177	0.161375362	7890
0.323639513	0.162585694	7891
0.354606963	0.162893708	7892
0.385779884	0.162317826	7893
0.416993387	0.160935448	7894
0.448117321	0.158963445	7895
0.479044416	0.156493719	7896
0.509668355	0.153569617	7897
0.539883737	0.150241972	7898
0.569588854	0.146562159	7899
0.598686921	0.142580302	7900
0.627086971	0.138345589	7901
0.654704742	0.133906845	7902
0.681463746	0.12931333	7903
0.707294703	0.124609925	7904
0.73213644	0.119841427	7905
0.755935757	0.115049897	7906
0.778647327	0.110274464	7907
0.800234101	0.105552812	7908
0.820667248	0.100919757	7909
0.839926082	0.0964070391	7910
0.857997711	0.0920424747	7911
0.874877341	0.087851215	7912
0.89056849	0.0838552537	7913
0.90508284	0.0800722344	7914
0.918440718	0.0765162819	7915
0.930671691	0.0731976542	7916
0.941813843	0.0701219123	7917
0.951918366	0.067289605	7918
0.961050842	0.0646966242	7919
0.969289623	0.0623328395	7920
0.976728218	0.0601800483	7921
0.983478121	0.0582130269	7922
0.989672495	0.0563962705	7923
0.995461591	0.0546718352	7924
1.00099816	0.0529543517	7925
1.00642541	0.0511390644	7926
1.01187143	0.0491011693	7927
1.01743125	0.0466769988	7928
1.02313275	0.0436553886	7929
1.02886417	0.0397903558	7930
1.03441634	0.0349127347	7931
1.03951168	0.0289805436	7932
1.0438845	0.0219878631	7933
1.04719182	0.0139910578	7934
1.04908	0.00523226983	7935
1.05640261	-0.00464674796	7936
1.05471085	-0.0147243326	7937
1.05117084	-0.024257347	7938
1.04598913	-0.0327696954	7939
1.03963634	-0.0399446888	7940
1.03256265	-0.0457389568	7941
1.02510056	-0.0501820733	7942
1.0175868	-0.0533755899	7943
1.01030716	-0.0555249577	7944
1.00335208	-0.0569475212	7945
0.996660563	-0.0578838242	7946
0.990119219	-0.0585030848	7947
0.983583231	-0.0589269041	7948
0.976887092	-0.0592535575	7949
0.969849607	-0.0595545493	7950
0.962293589	-0.0598670527	7951
0.954063998	-0.0602072878	7952
0.945030538	-0.0605862636	7953
0.935083968	-0.0610117778	7954
0.924134676	-0.0614875449	7955
0.912109864	-0.0620161037	7956
0.898955506	-0.0626006378	7957
0.884632752	-0.0632447048	7958
0.869115036	-0.0639521124	7959
0.852387319	-0.0647267238	7960
0.834445391	-0.0655723492	7961
0.815295319	-0.0664927643	7962
0.794953001	-0.0674916107	7963
0.773443795	-0.0685722903	7964
0.750802197	-0.0697376848	7965
0.727071717	-0.0709887218	7966
0.702304944	-0.072324467	7967
0.676563245	-0.0737436434	7968
0.649916304	-0.0752419325	7969
0.62244235	-0.0768095693	7970
0.594228093	-0.0784371496	7971
0.565367993	-0.0801090469	7972
0.535964516	-0.0818067131	7973
0.506128077	-0.0835044137	7974
0.475977413	-0.085175963	7975
0.44563922	-0.0867904516	7976
0.415250769	-0.0882991525	7977
0.384956348	-0.0897305553	7978
0.354883328	-0.0911996201	7979
0.325134354	-0.0926944714	7980
0.295811137	-0.0941520405	7981
0.267017906	-0.0955129727	7982
0.238856013	-0.0967119409	7983
0.211420312	-0.0976810734	7984
0.184796272	-0.0983479325	7985
0.159056582	-0.0986363718	7986
0.134257187	-0.0984641509	7987
0.110434453	-0.0977365561	7988
0.0876036475	-0.0963399772	7989
0.0657619384	-0.0941257103	7990
0.04489946	-0.0908970837	7991
0.0250272467	-0.0863849822	7992
0.00623418268	-0.0802377398	7993
-0.0112150765	-0.072034358	7994
-0.0267500532	-0.0614194044	7995
-0.0394676954	-0.0484039406	7996
-0.0485083408	-0.0337286942	7997
-0.0537595772	-0.0187140051	7998
-0.0558796263	-0.00443979553	7999
-0.0554482	0.00964390548	8000
-0.0523664543	0.0241654038	8001
-0.0464966314	0.0386292	8002
-0.0379339904	0.0525680986	8003
-0.0269618555	0.0656863287	8004
-0.0138927421	0.0778939089	8005
0.00103218426	0.0892294476	8006
0.0176587999	0.0997765983	8007
0.0358969467	0.10961217	8008
0.0556909673	0.118784216	8009
0.0769958318	0.127306577	8010
0.0997605982	0.135168345	8011
0.123921807	0.142337965	8012
0.149398983	0.148770978	8013
0.176093334	0.154421485	8014
0.203890048	0.1592426	8015
0.232659305	0.163196459	8016
0.262259764	0.166254123	8017
0.292540546	0.168396176	8018
0.323343275	0.169620366	8019
0.354504459	0.169935872	8020
0.385855108	0.16936235	8021
0.417228604	0.167978469	8022
0.448495235	0.166002276	8023
0.479550517	0.163526515	8024
0.510290431	0.160595116	8025
0.540611243	0.157259334	8026
0.5704125	0.153570867	8027
0.599598371	0.149580091	8028
0.628078595	0.145336404	8029
0.655769422	0.14088881	8030
0.682594745	0.136286731	8031
0.708485553	0.131575192	8032
0.73338082	0.126799127	8033
0.757227433	0.122000729	8034
0.779980082	0.11721925	8035
0.801601713	0.112492486	8036
0.82206353	0.10785534	8037
0.841344982	0.103339602	8038
0.859433462	0.0989730896	8039
0.876324704	0.0947808869	8040
0.89202314	0.0907848228	8041
0.906541891	0.0870022526	8042
0.919903405	0.0834468589	8043
0.93214028	0.0801282565	8044
0.943294486	0.077051164	8045
0.95342522	0.0742143692	8046
0.962604917	0.0716120604	8047
0.970921548	0.0692313759	8048
0.978479947	0.0670501232	8049
0.985404043	0.0650372239	8050
0.991839251	0.0631487054	8051
0.997945137	0.0613150882	8052
1.00387692	0.059436903	8053
1.00977084	0.0573943198	8054
1.01573878	0.0550486984	8055
1.02185255	0.0522260645	8056
1.02811368	0.0487094017	8057
1.03439204	0.0442409288	8058
1.04043883	0.0386680375	8059
1.04595574	0.0319565073	8060
1.05065993	0.0241059603	8061
1.05418946	0.0151892642	8062
1.05617616	0.00546924205	8063
1.06447672	-0.00549375037	8064
1.0626042	-0.0166255681	8065
1.05874901	-0.0271730697	8066
1.05312795	-0.0366398029	8067
1.04622779	-0.0446883149	8068
1.03852359	-0.0512546764	8069
1.03036875	-0.0563634362	8070
1.02212441	-0.0601123084	8071
1.0140845	-0.0627161388	8072
1.00640751	-0.0644739687	8073
0.999041231	-0.0656503635	8074
0.991896423	-0.0664298135	8075
0.984845465	-0.06695205	8076
0.97773117	-0.0673336265	8077
0.970371035	-0.0676619712	8078
0.962578964	-0.067986219	8079
0.954187048	-0.0683304005	8080
0.945050992	-0.0687100067	8081
0.935048122	-0.0691350662	8082
0.924077028	-0.0696101961	8083
0.912056064	-0.0701381636	8084
0.898921655	-0.0707220771	8085
0.884629211	-0.071365377	8086
0.869147941	-0.0720717749	8087
0.852459716	-0.0728450808	8088
0.834558129	-0.0736890902	8089
0.815447736	-0.0746075944	8090
0.795143428	-0.0756042674	8091
0.773669906	-0.076682553	8092
0.751061227	-0.0778453778	8093
0.7273606	-0.0790937154	8094
0.702620405	-0.0804266745	8095
0.676901809	-0.0818430209	8096
0.65027425	-0.0833384785	8097
0.622815719	-0.0849033228	8098
0.59461266	-0.0865281876	8099
0.565759237	-0.0881974819	8100
0.536357635	-0.0898926854	8101
0.506518087	-0.0915880795	8102
0.476359297	-0.0932574788	8103
0.446008138	-0.0948699548	8104
0.41560271	-0.0963767261	8105
0.385287903	-0.0978062365	8106
0.355188647	-0.0992735171	8107
0.325402538	-0.100766809	8108
0.296026209	-0.102223038	8109
0.267159023	-0.103582625	8110
0.238897195	-0.104779706	8111
0.21133014	-0.105745392	8112
0.184536035	-0.106405481	8113
0.158580354	-0.106680948	8114
0.133510185	-0.106485004	8115
0.109351822	-0.105715917	8116
0.0861096371	-0.104249513	8117
0.0637701807	-0.101921669	8118
0.0423154345	-0.0985141303	8119
0.021754419	-0.0937293437	8120
0.00218539674	-0.0871814668	8121
-0.0161029841	-0.0784120578	8122
-0.0324883424	-0.067040799	8123
-0.046002873	-0.0530713911	8124
-0.0557184462	-0.0372610816	8125
-0.06146544	-0.0209627869	8126
-0.0638592417	-0.00530096596	8127
-0.063455135	0.0101807954	8128
-0.0601752652	0.0260120888	8129
-0.0539313237	0.0416469276	8130
-0.0448729237	0.0565968778	8131
-0.0333350513	0.0705613319	8132
-0.0196739251	0.0834589137	8133
-0.00416288716	0.0953462212	8134
0.0130237268	0.106329149	8135
0.0317855326	0.116506776	8136
0.0520637029	0.125946945	8137
0.0738142879	0.134679808	8138
0.0969895922	0.142707283	8139
0.121530204	0.150007619	8140
0.147359617	0.156543712	8141
0.17438253	0.162275154	8142
0.202486957	0.167159173	8143
0.23154519	0.171161034	8144
0.261417335	0.174254236	8145
0.291953269	0.17642133	8146
0.322994717	0.17766173	8147
0.354377631	0.177986114	8148
0.385931552	0.17741557	8149
0.4174879	0.176030227	8150
0.44891775	0.174049473	8151
0.480119499	0.17156703	8152
0.510991776	0.168627504	8153
0.54143271	0.165282647	8154
0.571343257	0.161584537	8155
0.600628657	0.157583849	8156
0.629199443	0.153330228	8157
0.656972436	0.148872894	8158
0.683871963	0.144261454	8159
0.709829315	0.139541105	8160
0.734783649	0.134756938	8161
0.758681967	0.129951292	8162
0.781479022	0.12516355	8163
0.803137826	0.120431618	8164
0.823629729	0.115790473	8165
0.842934488	0.111271924	8166
0.861040036	0.10690374	8167
0.877943	0.102710865	8168
0.893649227	0.0987148615	8169
0.908173938	0.0949326646	8170
0.921542565	0.0913773429	8171
0.933791727	0.0880576675	8172
0.944969813	0.0849769739	8173
0.955144768	0.0821320574	8174
0.964397885	0.0795147373	8175
0.972828547	0.0771085242	8176
0.980554346	0.0748859705	8177
0.987712098	0.072808485	8178
0.994458237	0.0708217277	8179
1.00095835	0.0688429537	8180
1.00736533	0.0667575844	8181
1.01380356	0.064430767	8182
1.02036493	0.0617110581	8183
1.02709578	0.0584157885	8184
1.03397051	0.0543236775	8185
1.04084639	0.0491577719	8186
1.04741982	0.0428045764	8187
1.05338614	0.0352196226	8188
1.05844119	0.0264135222	8189
1.06220404	0.0164746691	8190
1.06429081	0.00569227556	8191
1.07370694	-0.00647252235	8192
1.07163585	-0.018770028	8193
1.0674384	-0.0304407491	8194
1.06134355	-0.0409642739	8195
1.05385001	-0.0499903764	8196
1.04546356	-0.0574236171	8197
1.03655715	-0.0632866713	8198
1.02751625	-0.0676731487	8199
1.01865508	-0.070800813	8200
1.01015658	-0.0729711218	8201
1.00202574	-0.0744453966	8202
0.994182452	-0.0754319568	8203
0.986519593	-0.0760880789	8204
0.978892842	-0.0765490971	8205
0.971123326	-0.0769200211	8206
0.96302004	-0.0772643386	8207
0.954404332	-0.0776163296	8208
0.945118137	-0.0779979391	8209
0.935024244	-0.078422757	8210
0.924007675	-0.0788970666	8211
0.911975805	-0.0794242294	8212
0.898854454	-0.080007403	8213
0.884590574	-0.0806498936	8214
0.869147735	-0.081355274	8215
0.852503581	-0.0821272548	8216
0.834648607	-0.0829695823	8217
0.815585159	-0.0838860419	8218
0.795326589	-0.0848803323	8219
0.773896545	-0.0859559409	8220
0.751328358	-0.0871158468	8221
0.727664729	-0.088361081	8222
0.702957684	-0.0896908081	8223
0.677268086	-0.0911038494	8224
0.650665053	-0.0925959838	8225
0.623226272	-0.0941575389	8226
0.595037871	-0.0957791967	8227
0.56619366	-0.0974454111	8228
0.536795492	-0.0991376976	8229
0.506953368	-0.100830359	8230
0.476785915	-0.102497214	8231
0.446420138	-0.104107316	8232
0.415994988	-0.105611825	8233
0.385655922	-0.107039134	8234
0.355525018	-0.108504347	8235
0.325694068	-0.109995821	8236
0.296253854	-0.111450442	8237
0.26729809	-0.112808332	8238
0.238917014	-0.114002937	8239
0.211193578	-0.114964093	8240
0.184197986	-0.11561542	8241
0.157986757	-0.115874354	8242
0.132597219	-0.115648586	8243
0.108044458	-0.114827957	8244
0.0843210604	-0.113275789	8245
0.0614026334	-0.110810006	8246
0.0392636528	-0.107187734	8247
0.0179131746	-0.102079752	8248
-0.00253747744	-0.0950632247	8249
-0.0217717166	-0.0856396326	8250
-0.0391075311	-0.0734053429	8251
-0.053508204	-0.0583577454	8252
-0.0639735272	-0.0412722079	8253
-0.0702735394	-0.0235354114	8254
-0.072977202	-0.00631849963	8255
-0.0726117417	0.0107350083	8256
-0.0691195055	0.0280457916	8257
-0.0624642276	0.0450109012	8258
-0.052853927	0.0611166393	8259
-0.0406800739	0.0760549339	8260
-0.0263477565	0.0897517337	8261
-0.0101673786	0.102281783	8262
0.00766249695	0.113774591	8263
0.0270284157	0.124353634	8264
0.0478666842	0.134108945	8265
0.0701336568	0.143089294	8266
0.0937847438	0.151311453	8267
0.118764821	0.158765153	8268
0.145001772	0.165421975	8269
0.172404262	0.171248039	8270
0.200863584	0.176205487	8271
0.230254531	0.180263325	8272
0.260438967	0.183397967	8273
0.291267742	0.185594309	8274
0.322582812	0.186853739	8275
0.354219604	0.187188692	8276
0.386005908	0.186621926	8277
0.417771505	0.185235244	8278
0.449387972	0.183249577	8279
0.480757055	0.18075978	8280
0.511780346	0.177811245	8281
0.542358061	0.174456311	8282
0.572392731	0.170747502	8283
0.6017908	0.166735848	8284
0.630463694	0.162471289	8285
0.658328883	0.158003297	8286
0.685311189	0.1533817	8287
0.711342259	0.148651887	8288
0.736361486	0.14385913	8289
0.76031605	0.139045922	8290
0.783160852	0.13425178	8291
0.804859095	0.129514708	8292
0.825382464	0.124869728	8293
0.844711298	0.120348616	8294
0.862834455	0.115979022	8295
0.879749978	0.111785642	8296
0.895465821	0.107789642	8297
0.910000207	0.104007359	8298
0.923382693	0.100451023	8299
0.935655077	0.0971283173	8300
0.946876068	0.0940403432	8301
0.957121973	0.0911817844	8302
0.966485523	0.0885411148	8303
0.975079135	0.0860970397	8304
0.98303397	0.0838152873	8305
0.990499036	0.081647882	8306
0.997639042	0.079528261	8307
1.00462101	0.0773590856	8308
1.01159033	0.0750102896	8309
1.0186551	0.0723326026	8310
1.02588441	0.0691630575	8311
1.03329779	0.0653118287	8312
1.04085862	0.0605361445	8313
1.04836433	0.0545923514	8314
1.05550229	0.0473592269	8315
1.06194745	0.0387965041	8316
1.06737389	0.0289265601	8317
1.07138202	0.0178491597	8318
1.07356972	0.00589626687	8319
1.08425894	-0.00760209279	8320
1.08196976	-0.0211887173	8321
1.07740057	-0.0341031825	8322
1.07079305	-0.0457998895	8323
1.06266153	-0.0559108113	8324
1.05353315	-0.0643221372	8325
1.04381187	-0.071038267	8326
1.03390392	-0.0761541804	8327
1.024149	-0.0798872528	8328
1.01473509	-0.0825522807	8329
1.00574161	-0.0843930649	8330
0.997098589	-0.0856429017	8331
0.988718448	-0.0864773626	8332
0.980473563	-0.0870504562	8333
0.9721937	-0.0874857794	8334
0.963687918	-0.0878632075	8335
0.954770427	-0.0882297924	8336
0.945271005	-0.0886163029	8337
0.935037741	-0.0890417084	8338
0.92394075	-0.0895151371	8339
0.911873995	-0.0900411905	8340
0.898752447	-0.0906233852	8341
0.884511034	-0.0912649411	8342
0.869105861	-0.091969261	8343
0.852508879	-0.0927399022	8344
0.834706301	-0.0935805097	8345
0.815697313	-0.0944948263	8346
0.795492988	-0.0954865539	8347
0.774115351	-0.096559217	8348
0.751596573	-0.0977158505	8349
0.727978531	-0.0989575534	8350
0.70331267	-0.10028356	8351
0.67765938	-0.101692764	8352
0.651087324	-0.103181014	8353
0.62367379	-0.104738705	8354
0.595504506	-0.106356581	8355
0.56667285	-0.108019155	8356
0.537280266	-0.109707987	8357
0.507436448	-0.111397412	8358
0.477259875	-0.113061256	8359
0.446877613	-0.114668557	8360
0.416429449	-0.116170413	8361
0.38606135	-0.11759516	8362
0.35589204	-0.119057976	8363
0.326006642	-0.120547321	8364
0.296489188	-0.121999994	8365
0.267426837	-0.123355706	8366
0.238902871	-0.124547019	8367
0.210992567	-0.125502158	8368
0.183757511	-0.126142045	8369
0.157243093	-0.126379727	8370
0.131476034	-0.126116184	8371
0.106459071	-0.125231133	8372
0.0821722432	-0.123573096	8373
0.0585802006	-0.120939153	8374
0.0356510808	-0.117058468	8375
0.0133967182	-0.111566793	8376
-0.00805407601	-0.1040016	8377
-0.0283524962	-0.0938217232	8378
-0.04674831	-0.0806028274	8379
-0.0621320593	-0.0643372223	8380
-0.0734280451	-0.0458201913	8381
-0.0803430467	-0.0264733426	8382
-0.083395792	-0.00751919584	8383
-0.0830828243	0.0112971727	8384
-0.0793644626	0.0302774894	8385
-0.072258862	0.0487516693	8386
-0.0620364458	0.0661769297	8387
-0.0491498125	0.0822350804	8388
-0.0340583191	0.0968574857	8389
-0.0171148027	0.110136677	8390
0.00145330122	0.122226836	8391
0.0215159834	0.13327788	8392
0.0430024467	0.143404537	8393
0.0658681817	0.152676726	8394
0.0900713214	0.161128371	8395
0.115561149	0.168762634	8396
0.142270328	0.175561361	8397
0.170111983	0.181498444	8398
0.198981189	0.186541908	8399
0.228755691	0.190665249	8400
0.259299481	0.193848384	8401
0.290464654	0.196079014	8402
0.322093571	0.197360877	8403
0.354020984	0.197708477	8404
0.386073376	0.197146529	8405
0.418078352	0.19575876	8406
0.449908211	0.193767876	8407
0.481468456	0.191270045	8408
0.512663989	0.188311583	8409
0.543397358	0.184945515	8410
0.573572863	0.181224897	8411
0.603098297	0.177201179	8412
0.6318861	0.172924649	8413
0.659854485	0.168445076	8414
0.686928858	0.163812542	8415
0.713041302	0.159072657	8416
0.738131531	0.154270887	8417
0.762147017	0.149449886	8418
0.785042961	0.144649293	8419
0.806782963	0.139907183	8420
0.827339345	0.135258571	8421
0.84669344	0.13073513	8422
0.864835594	0.126364277	8423
0.881765994	0.12217033	8424
0.897495652	0.118173872	8425
0.912046981	0.114390417	8426
0.925455135	0.110831058	8427
0.937769809	0.107501802	8428
0.949061403	0.104401088	8429
0.959416611	0.101520686	8430
0.968941368	0.0988446169	8431
0.977762202	0.0963452934	8432
0.986023585	0.0939797916	8433
0.993884513	0.0916888284	8434
1.00151374	0.0893920552	8435
1.00907435	0.0869768092	8436
1.0166992	0.0842977983	8437
1.02447669	0.0811923275	8438
1.03245128	0.0774872194	8439
1.04062233	0.0729797155	8440
1.04892466	0.0674212499	8441
1.0571073	0.0605962342	8442
1.06484988	0.052372527	8443
1.07180504	0.0427162028	8444
1.07762611	0.031656356	8445
1.08188964	0.0193221505	8446
1.08417956	0.00607425672	8447
1.09632214	-0.00890411881	8448
1.0937935	-0.0239165278	8449
1.08882047	-0.0382083111	8450
1.08165807	-0.0512073675	8451
1.07283992	-0.0625224791	8452
1.06290537	-0.0720355334	8453
1.05230099	-0.0797148623	8454
1.04145036	-0.0856627592	8455
1.03071863	-0.0900960261	8456
1.0203211	-0.0933318212	8457
1.01033663	-0.0956313637	8458
1.00078682	-0.0972106125	8459
0.991576421	-0.0982778015	8460
0.982597376	-0.0990050443	8461
0.973692579	-0.099534839	8462
0.964676518	-0.099964878	8463
0.955361109	-0.100357287	8464
0.945567169	-0.100754238	8465
0.93512928	-0.101182359	8466
0.923902195	-0.101655303	8467
0.911764765	-0.102179965	8468
0.898619588	-0.10276079	8469
0.88438778	-0.103401143	8470
0.869014852	-0.104104267	8471
0.85246522	-0.10487352	8472
0.834719277	-0.105712379	8473
0.815771795	-0.106624489	8474
0.795630558	-0.107613514	8475
0.774315167	-0.108682995	8476
0.751856016	-0.109836016	8477
0.72829368	-0.111073752	8478
0.703678663	-0.11239552	8479
0.67807062	-0.113800302	8480
0.651537549	-0.115284037	8481
0.624156178	-0.116837207	8482
0.596011704	-0.118450638	8483
0.567196953	-0.120108916	8484
0.537812846	-0.121793664	8485
0.507968663	-0.123479256	8486
0.477782622	-0.125139539	8487
0.447381732	-0.126743536	8488
0.416906565	-0.12824228	8489
0.386503481	-0.129664045	8490
0.35628726	-0.131124073	8491
0.32633535	-0.132610905	8492
0.296724004	-0.13406118	8493
0.267532774	-0.135414051	8494
0.238836861	-0.136600924	8495
0.210702641	-0.137547984	8496
0.183181905	-0.138172786	8497
0.156306836	-0.138382917	8498
0.130092646	-0.138071187	8499
0.10452864	-0.137105138	8500
0.0795817804	-0.135315817	8501
0.05520618	-0.132476197	8502
0.0313654527	-0.128283881	8503
0.00807773921	-0.122336179	8504
-0.0145054731	-0.1141284	8505
-0.0359986137	-0.10307428	8506
-0.0555738386	-0.0887325841	8507
-0.0720455733	-0.071091883	8508
-0.0842594538	-0.0509693399	8509
-0.0918562737	-0.0298227244	8510
-0.0953011068	-0.00892850333	8511
-0.0950565402	0.0118576206	8512
-0.0911002823	0.0327122304	8513
-0.083503121	0.0529001099	8514
-0.0726038884	0.0718309563	8515
-0.058921018	0.0891754863	8516
-0.0429731498	0.104869313	8517
-0.0251613448	0.119021781	8518
-0.00574718492	0.131812381	8519
0.0151185841	0.143419324	8520
0.0373551866	0.153984564	8521
0.0609155823	0.16360189	8522
0.0857599069	0.172324949	8523
0.11184178	0.180172573	8524
0.139098948	0.187138733	8525
0.167449487	0.193206585	8526
0.196792793	0.198351208	8527
0.227010068	0.202551508	8528
0.257967868	0.205791621	8529
0.289519872	0.208062623	8530
0.321508967	0.209371058	8531
0.353769441	0.20973389	8532
0.386126558	0.209178122	8533
0.418405469	0.207789705	8534
0.450479381	0.205793388	8535
0.482258006	0.203286869	8536
0.513649945	0.200317545	8537
0.544560349	0.196939255	8538
0.574895497	0.193205682	8539
0.604564712	0.189168776	8540
0.633481589	0.184879236	8541
0.661565213	0.180387176	8542
0.688741691	0.175742969	8543
0.714943671	0.170992468	8544
0.740111336	0.166181344	8545
0.764192635	0.161352403	8546
0.787143312	0.156545382	8547
0.808927701	0.151798375	8548
0.829519215	0.147146315	8549
0.848900789	0.142620658	8550
0.867065041	0.13824845	8551
0.884015312	0.134053442	8552
0.899766922	0.130055401	8553
0.914348021	0.126268714	8554
0.927801218	0.122702939	8555
0.940187788	0.119361551	8556
0.951590281	0.116239892	8557
0.96210808	0.113325674	8558
0.971861599	0.110597049	8559
0.980991549	0.108018363	8560
0.989653964	0.105536088	8561
0.998014003	0.103077901	8562
1.00623913	0.100548634	8563
1.014483	0.097820251	8564
1.02286172	0.0947330101	8565
1.03144166	0.0911119465	8566
1.04024183	0.086774829	8567
1.04925991	0.0814870694	8568
1.05834904	0.0750493907	8569
1.06726019	0.0672262679	8570
1.07564998	0.0578889324	8571
1.0831482	0.0470103239	8572
1.08938816	0.0346209783	8573
1.09391779	0.0208986631	8574
1.09631087	0.00621792077	8575
1.11011315	-0.0104031817	8576
1.10732164	-0.0269926592	8577
1.10190985	-0.0428097652	8578
1.0941468	-0.0572544988	8579
1.08458613	-0.0699112353	8580
1.07378372	-0.0806529819	8581
1.06221788	-0.089424359	8582
1.05034326	-0.0963188036	8583
1.03854597	-0.101558406	8584
1.02706861	-0.105462294	8585
1.01600943	-0.108301078	8586
1.00541232	-0.110299403	8587
0.995251788	-0.111664499	8588
0.985413365	-0.11259858	8589
0.97575661	-0.113262768	8590
0.966106513	-0.113773273	8591
0.956278213	-0.114209072	8592
0.946088193	-0.114626223	8593
0.935360381	-0.115061602	8594
0.92393507	-0.11553557	8595
0.911675342	-0.116058881	8596
0.898469156	-0.116637864	8597
0.884224035	-0.117276556	8598
0.868870568	-0.117978183	8599
0.85236338	-0.118745895	8600
0.834675111	-0.119582942	8601
0.815794499	-0.120492795	8602
0.795724693	-0.121479018	8603
0.774481781	-0.122545126	8604
0.752093501	-0.123694232	8605
0.728598436	-0.12492758	8606
0.704045621	-0.126244578	8607
0.678493556	-0.127644317	8608
0.652009253	-0.129122846	8609
0.624668626	-0.13067076	8610
0.596556132	-0.132278987	8611
0.567763861	-0.133932213	8612
0.53839204	-0.13561214	8613
0.508549367	-0.137293203	8614
0.478353632	-0.138949276	8615
0.447931605	-0.140549377	8616
0.41742452	-0.14204447	8617
0.38697895	-0.143462755	8618
0.356705021	-0.144919525	8619
0.326671355	-0.146403359	8620
0.296945236	-0.147850623	8621
0.267597413	-0.149199704	8622
0.238693714	-0.150380501	8623
0.210290235	-0.151316591	8624
0.182427706	-0.151921317	8625
0.155122649	-0.152095439	8626
0.128378062	-0.151721817	8627
0.102168898	-0.150653384	8628
0.0764488626	-0.148700624	8629
0.0511625269	-0.145608785	8630
0.0262715631	-0.141040115	8631
0.0018047919	-0.134550128	8632
-0.022059807	-0.125588428	8633
-0.0448888409	-0.11352561	8634
-0.0657731095	-0.0979044026	8635
-0.0834459945	-0.0787124087	8636
-0.0966715564	-0.0567907703	8637
-0.105022067	-0.0336347229	8638
-0.108905685	-0.0105772844	8639
-0.108747688	0.0124088562	8640
-0.104541588	0.0353668429	8641
-0.0964138425	0.057483786	8642
-0.0847669539	0.0781359231	8643
-0.0701976987	0.0969560822	8644
-0.0532867311	0.113888973	8645
-0.0344894502	0.129059101	8646
-0.0141074461	0.142671352	8647
0.00768289032	0.154933778	8648
0.0307872079	0.166018026	8649
0.0551536591	0.176044609	8650
0.0807432141	0.185089712	8651
0.107513471	0.19319039	8652
0.135407418	0.200354901	8653
0.164348518	0.206577438	8654
0.19424104	0.211841554	8655
0.224970196	0.216132681	8656
0.256405611	0.219440058	8657
0.288402952	0.221758839	8658
0.320805546	0.223098914	8659
0.353448249	0.223480232	8660
0.386154484	0.222932445	8661
0.418747011	0.221544087	8662
0.451100123	0.219542274	8663
0.483128251	0.217026484	8664
0.514744117	0.214045386	8665
0.545855779	0.210653782	8666
0.576371743	0.206906102	8667
0.606203068	0.202854887	8668
0.635264691	0.198551318	8669
0.66347674	0.194045907	8670
0.690766199	0.189389354	8671
0.717066484	0.184627773	8672
0.742318475	0.179807038	8673
0.766470899	0.174970082	8674
0.78948043	0.170156688	8675
0.811312647	0.165404893	8676
0.831942717	0.160749433	8677
0.851356035	0.1562214	8678
0.869548577	0.151847273	8679
0.886528169	0.147649993	8680
0.902316071	0.143648202	8681
0.916948113	0.139854755	8682
0.930476847	0.136277085	8683
0.942978966	0.132915081	8684
0.954548967	0.12976039	8685
0.965301035	0.126795164	8686
0.975370369	0.12398996	8687
0.984910455	0.121299112	8688
0.994085437	0.118656647	8689
1.00306148	0.115975916	8690
1.011999	0.113146578	8691
1.02103733	0.110025779	8692
1.03027278	0.106440398	8693
1.03974845	0.102204289	8694
1.04948647	0.097100829	8695
1.05940051	0.0909364604	8696
1.06934036	0.0834964415	8697
1.07903482	0.0745450455	8698
1.08811711	0.0639571585	8699
1.09619735	0.0517023211	8700
1.10287658	0.0378447507	8701
1.10768471	0.0225836013	8702
1.11018148	0.00631740461	8703
1.12587964	-0.0121271436	8704
1.12279966	-0.0304610952	8705
1.11691119	-0.0479674594	8706
1.10849787	-0.0640168626	8707
1.09813416	-0.078167966	8708
1.08640016	-0.0902753723	8709
1.07378508	-0.100287062	8710
1.06079883	-0.108256116	8711
1.04784082	-0.114420936	8712
1.03518119	-0.119102307	8713
1.02294637	-0.122575995	8714
1.0111893	-0.125082711	8715
0.999929389	-0.126831785	8716
0.989098209	-0.128037031	8717
0.978551518	-0.128886811	8718
0.968128981	-0.129515867	8719
0.957654392	-0.13002108	8720
0.946945448	-0.130474445	8721
0.935819871	-0.130925682	8722
0.924106109	-0.131404425	8723
0.911652187	-0.13192739	8724
0.898329331	-0.132504256	8725
0.88403364	-0.133140665	8726
0.868675778	-0.133840257	8727
0.852197966	-0.134606083	8728
0.834562738	-0.13544114	8729
0.815750754	-0.136348646	8730
0.795758792	-0.137331986	8731
0.774597977	-0.138394576	8732
0.752292189	-0.139539514	8733
0.72887705	-0.140768091	8734
0.704399347	-0.142079806	8735
0.678915809	-0.143473865	8736
0.652491965	-0.144946455	8737
0.625202521	-0.146488306	8738
0.59713087	-0.148090483	8739
0.56836808	-0.149737795	8740
0.539013423	-0.151412055	8741
0.509174767	-0.153087776	8742
0.478969213	-0.154738881	8743
0.448523014	-0.156334389	8744
0.417977853	-0.157825194	8745
0.387480234	-0.159239405	8746
0.357134787	-0.160692337	8747
0.326999981	-0.162172529	8748
0.29713279	-0.163615918	8749
0.267593795	-0.16495983	8750
0.238438001	-0.166132188	8751
0.209709689	-0.167053222	8752
0.1814372	-0.167630991	8753
0.153618546	-0.167757687	8754
0.126244168	-0.167304085	8755
0.0992740198	-0.166105644	8756
0.0726488725	-0.163948783	8757
0.0463054687	-0.160547101	8758
0.0202069843	-0.155523593	8759
-0.00560184089	-0.148388821	8760
-0.0309141608	-0.13854198	8761
-0.0552313145	-0.125317524	8762
-0.0775647863	-0.108239537	8763
-0.0965605149	-0.0872989526	8764
-0.110898345	-0.06336308	8765
-0.120079662	-0.0379659928	8766
-0.124452601	-0.0124999147	8767
-0.124401856	0.0129392963	8768
-0.119934919	0.0382533086	8769
-0.111234374	0.0625446555	8770
-0.0987696913	0.0851488181	8771
-0.0832149359	0.105663572	8772
-0.0652244038	0.124027529	8773
-0.0453118548	0.140382627	8774
-0.0238252592	0.1549586	8775
-0.000972280491	0.16799445	8776
0.0231347752	0.179693807	8777
0.0484362613	0.1902068	8778
0.0748922463	0.199635186	8779
0.102463553	0.208037091	8780
0.131098325	0.215437552	8781
0.160725738	0.22184389	8782
0.191255452	0.227249829	8783
0.222577276	0.231648689	8784
0.254564461	0.235035899	8785
0.287074993	0.237411538	8786
0.319953124	0.23878956	8787
0.353034632	0.239193479	8788
0.386141121	0.23865607	8789
0.419092892	0.237268871	8790
0.451765552	0.235261736	8791
0.484078815	0.23273623	8792
0.515949993	0.229742523	8793
0.547290392	0.226336558	8794
0.578011033	0.222573651	8795
0.60802497	0.218507042	8796
0.637248725	0.214188475	8797
0.665603708	0.209668918	8798
0.693018052	0.204999426	8799
0.719426238	0.200226382	8800
0.744770214	0.195395841	8801
0.768999944	0.190550817	8802
0.792073621	0.185731057	8803
0.813958809	0.180974425	8804
0.834633378	0.176315301	8805
0.854086362	0.17178421	8806
0.872318535	0.167406815	8807
0.88934394	0.163204924	8808
0.905191823	0.159195639	8809
0.919908045	0.155389736	8810
0.933559016	0.151791504	8811
0.946237662	0.148396476	8812
0.958052008	0.145191261	8813
0.969131579	0.142150751	8814
0.979625191	0.139235983	8815
0.989695937	0.136389375	8816
0.999511099	0.133531045	8817
1.009232	0.130559385	8818
1.01900667	0.12734918	8819
1.0289563	0.123743725	8820
1.03915564	0.119557628	8821
1.04965049	0.114572818	8822
1.06039484	0.108593791	8823
1.0712792	0.101425867	8824
1.08213766	0.0928461749	8825
1.09267383	0.0826213995	8826
1.1024969	0.0706304978	8827
1.1111987	0.0568326848	8828
1.11834047	0.0413486092	8829
1.12343988	0.0243816327	8830
1.12604039	0.00636108643	8831
1.1439048	-0.0141075359	8832
1.14050841	-0.0343711237	8833
1.13410211	-0.0537482454	8834
1.12498481	-0.0715786125	8835
1.1137526	-0.0873937807	8836
1.10101086	-0.101028612	8837
1.08726317	-0.11243201	8838
1.07306638	-0.121623775	8839
1.05884529	-0.128847033	8840
1.04489381	-0.134428817	8841
1.03136681	-0.138649722	8842
1.01834412	-0.141759443	8843
1.00584505	-0.14398795	8844
0.993859058	-0.145548906	8845
0.98227493	-0.146647972	8846
0.970928734	-0.147445592	8847
0.959657521	-0.14805686	8848
0.948285849	-0.148571057	8849
0.936630811	-0.149052991	8850
0.92451336	-0.149544227	8851
0.91176894	-0.150069979	8852
0.898252997	-0.150645321	8853
0.883847619	-0.151278894	8854
0.868445601	-0.151975685	8855
0.851971715	-0.152738994	8856
0.834375676	-0.153571653	8857
0.815627586	-0.154476591	8858
0.795715681	-0.155456918	8859
0.774644242	-0.156515865	8860
0.752431705	-0.157656434	8861
0.729109394	-0.158879915	8862
0.704720755	-0.160185875	8863
0.679319854	-0.161573638	8864
0.652969996	-0.16303954	8865
0.625744085	-0.164574475	8866
0.597723946	-0.166169677	8867
0.568999194	-0.167810117	8868
0.539667743	-0.169477749	8869
0.509836255	-0.171147197	8870
0.479620756	-0.172792452	8871
0.44914656	-0.174382549	8872
0.418555454	-0.175868304	8873
0.387993459	-0.177277716	8874
0.3575587	-0.178726067	8875
0.327297988	-0.180201731	8876
0.297256477	-0.18163998	8877
0.267483062	-0.182976685	8878
0.238020317	-0.184137154	8879
0.208899056	-0.185037319	8880
0.180133242	-0.18557855	8881
0.151701018	-0.185642413	8882
0.123578611	-0.18508493	8883
0.0957113882	-0.183720817	8884
0.068028161	-0.181308542	8885
0.0404604003	-0.1775259	8886
0.0129771524	-0.171952775	8887
-0.0143548587	-0.164051937	8888
-0.0412950263	-0.153169117	8889
-0.0672679515	-0.138606588	8890
-0.0912015719	-0.119871826	8891
-0.111650632	-0.0969620966	8892
-0.12720838	-0.0707731069	8893
-0.137303083	-0.0428792008	8894
-0.142219869	-0.0147345409	8895
-0.142299663	0.013435805	8896
-0.137561917	0.0413842441	8897
-0.128245343	0.0681218838	8898
-0.114890657	0.0929327162	8899
-0.0982431819	0.115392135	8900
-0.0790467515	0.135406172	8901
-0.0578761	0.153139321	8902
-0.0351323477	0.168844902	8903
-0.0110607268	0.182793424	8904
0.0142033162	0.195222477	8905
0.0405885427	0.206314644	8906
0.068051693	0.216200428	8907
0.096555537	0.224962143	8908
0.12605294	0.232644435	8909
0.156478904	0.239270184	8910
0.18774892	0.244845307	8911
0.219757963	0.249372659	8912
0.25238351	0.25285518	8913
0.285485861	0.255298892	8914
0.318911809	0.25672279	8915
0.352497549	0.25715458	8916
0.386063294	0.256630762	8917
0.419426866	0.255246378	8918
0.452465478	0.25323447	8919
0.485104752	0.250699041	8920
0.517267114	0.247692043	8921
0.548867506	0.244270775	8922
0.579819807	0.240491604	8923
0.610039395	0.236408597	8924
0.63944471	0.232074147	8925
0.667958793	0.22753973	8926
0.695511319	0.222856785	8927
0.722038299	0.218071949	8928
0.747483302	0.213231417	8929
0.771798221	0.208378197	8930
0.79494362	0.203551884	8931
0.816890107	0.198790001	8932
0.837619549	0.194126364	8933
0.857126191	0.189590667	8934
0.875417462	0.185207416	8935
0.892515794	0.180996861	8936
0.908460879	0.176974006	8937
0.923311294	0.173146787	8938
0.937151547	0.169514977	8939
0.95008998	0.166068871	8940
0.962249351	0.162788265	8941
0.97377352	0.159638879	8942
0.984821943	0.156570295	8943
0.995562487	0.153511438	8944
1.00615969	0.150367669	8945
1.01676439	0.14702247	8946
1.02750789	0.143336542	8947
1.0384909	0.139140419	8948
1.04979312	0.134217027	8949
1.06139817	0.128361124	8950
1.07322906	0.121379539	8951
1.08516554	0.11306362	8952
1.09701503	0.103190882	8953
1.1084553	0.0915308387	8954
1.11907826	0.0779494686	8955
1.1284339	0.0624468116	8956
1.13606469	0.0451548209	8957
1.14146854	0.0262970647	8958
1.14417228	0.00633532005	8959
1.16451247	-0.0163800078	8960
1.1607692	-0.0387779533	8961
1.15380047	-0.0602266877	8962
1.14392112	-0.0800333999	8963
1.13174969	-0.0977010668	8964
1.11791793	-0.113043364	8965
1.10295832	-0.125994431	8966
1.08743339	-0.136587626	8967
1.07183892	-0.145018674	8968
1.05647796	-0.151639052	8969
1.04153434	-0.15673392	8970
1.02711477	-0.160561831	8971
1.01326194	-0.163365359	8972
0.999960798	-0.165380295	8973
0.987159554	-0.166813575	8974
0.974727546	-0.16784314	8975
0.962494637	-0.168609705	8976
0.950297143	-0.169220408	8977
0.937957375	-0.169756712	8978
0.925294423	-0.170274482	8979
0.91213547	-0.170810116	8980
0.898322838	-0.171386603	8981
0.883723109	-0.17201755	8982
0.868215341	-0.172710769	8983
0.85170205	-0.173470638	8984
0.83411727	-0.174300154	8985
0.815417714	-0.175202031	8986
0.795580453	-0.176179057	8987
0.774600589	-0.177234174	8988
0.752489063	-0.178370188	8989
0.729271141	-0.179588304	8990
0.704985436	-0.180888103	8991
0.679682086	-0.182269002	8992
0.653421116	-0.183727489	8993
0.626272741	-0.185254644	8994
0.59831647	-0.186841899	8995
0.569639801	-0.188474429	8996
0.540338698	-0.190134368	8997
0.510518042	-0.191796488	8998
0.480292211	-0.193434877	8999
0.449784963	-0.195018598	9000
0.419137645	-0.196498386	9001
0.38849521	-0.197902086	9002
0.357948071	-0.199344856	9003
0.327529689	-0.200814717	9004
0.297271734	-0.202245934	9005
0.267209756	-0.203572371	9006
0.237372171	-0.204715882	9007
0.207774592	-0.205586867	9008
0.178414745	-0.20607826	9009
0.149248889	-0.206058406	9010
0.120238519	-0.205365478	9011
0.0913153174	-0.203789759	9012
0.0623979145	-0.201057553	9013
0.0334159962	-0.196806592	9014
0.0043497634	-0.190569966	9015
-0.0247052834	-0.181760284	9016
-0.0534698113	-0.169666931	9017
-0.0812795223	-0.153565455	9018
-0.106975279	-0.132948817	9019
-0.129017233	-0.107823745	9020
-0.145909873	-0.0791165857	9021
-0.157006213	-0.0484434591	9022
-0.1625255	-0.017323284	9023
-0.162761785	0.0138837435	9024
-0.157744294	0.0447732083	9025
-0.147767468	0.0742580174	9026
-0.133444515	0.101564798	9027
-0.115593089	0.126244342	9028
-0.0950544989	0.148157245	9029
-0.0724695661	0.167490266	9030
-0.0482995893	0.184518292	9031
-0.0228342376	0.199543245	9032
0.00376193091	0.21283821	9033
0.0314014377	0.224620873	9034
0.0600344723	0.235053703	9035
0.0896238179	0.244246541	9036
0.120126145	0.252266789	9037
0.15148209	0.259155675	9038
0.183613231	0.264933687	9039
0.216420216	0.269615186	9040
0.249785354	0.273212237	9041
0.283571441	0.27573806	9042
0.317628862	0.277217833	9043
0.351794631	0.277684309	9044
0.385887827	0.277178419	9045
0.41972387	0.275799308	9046
0.453181933	0.273783725	9047
0.486194255	0.271238551	9048
0.518688952	0.268217846	9049
0.550585052	0.264780525	9050
0.58179972	0.260984205	9051
0.612251093	0.256883918	9052
0.641859987	0.252532805	9053
0.670551583	0.247982903	9054
0.698257679	0.243286039	9055
0.724916505	0.238489071	9056
0.750474071	0.233638253	9057
0.774885192	0.228776471	9058
0.798114005	0.223942991	9059
0.820135611	0.219174777	9060
0.840937595	0.214504802	9061
0.860521427	0.209961574	9062
0.87890351	0.205568001	9063
0.896117252	0.201342193	9064
0.912215578	0.197296283	9065
0.927272546	0.193434326	9066
0.941394063	0.189749911	9067
0.954701964	0.186226918	9068
0.967333566	0.182836288	9069
0.979444196	0.179532619	9070
0.991199212	0.176252388	9071
1.00276534	0.172910033	9072
1.01429847	0.169396004	9073
1.0259343	0.165579469	9074
1.0377846	0.161308033	9075
1.0499609	0.156378212	9076
1.06247335	0.15058817	9077
1.07527896	0.143730545	9078
1.08829292	0.135594858	9079
1.10136881	0.125969286	9080
1.1142868	0.11463205	9081
1.12669788	0.10135604	9082
1.13817865	0.0859861419	9083
1.14822736	0.0685881087	9084
1.15637502	0.0492870331	9085
1.16209679	0.0283337339	9086
1.16490259	0.00622415749	9087
1.18807296	-0.0189847666	9088
1.18394962	-0.043743328	9089
1.17637019	-0.067485858	9090
1.1656661	-0.0894853571	9091
1.15247916	-0.109214675	9092
1.13746858	-0.126464745	9093
1.1211971	-0.141153572	9094
1.10423385	-0.153329385	9095
1.08714453	-0.163138253	9096
1.07024758	-0.170952542	9097
1.053754	-0.177064343	9098
1.03779763	-0.181741047	9099
1.02244423	-0.185237904	9100
1.00769947	-0.187805178	9101
0.993508732	-0.189671065	9102
0.979787834	-0.191019784	9103
0.966415782	-0.192005181	9104
0.953212688	-0.192761406	9105
0.940011243	-0.193387345	9106
0.926634707	-0.193954876	9107
0.912907707	-0.194514021	9108
0.898663803	-0.195098387	9109
0.88375477	-0.195729046	9110
0.868051166	-0.196418598	9111
0.851430529	-0.197174046	9112
0.833808681	-0.197999315	9113
0.815126008	-0.198897237	9114
0.795345453	-0.19987035	9115
0.774450151	-0.200921251	9116
0.752441016	-0.20205244	9117
0.729335003	-0.203264927	9118
0.705163918	-0.204558213	9119
0.679972268	-0.205931753	9120
0.653815313	-0.207382157	9121
0.626759312	-0.208900696	9122
0.598880362	-0.210479026	9123
0.570262868	-0.21210256	9124
0.540999954	-0.213753657	9125
0.51119388	-0.215407278	9126
0.480956524	-0.21703764	9127
0.450409194	-0.218613845	9128
0.419691986	-0.220086527	9129
0.388947959	-0.22148332	9130
0.358258387	-0.222919103	9131
0.327641502	-0.224381254	9132
0.297113701	-0.225802541	9133
0.266695431	-0.227114075	9134
0.236399159	-0.228233149	9135
0.206223568	-0.229063059	9136
0.176148652	-0.229486162	9137
0.146105677	-0.229354293	9138
0.116042875	-0.22848436	9139
0.0858796015	-0.226638119	9140
0.055526998	-0.223505288	9141
0.0249174052	-0.218679317	9142
-0.00595170001	-0.211643147	9143
-0.0369486853	-0.201757427	9144
-0.067750587	-0.188252494	9145
-0.097591594	-0.170384162	9146
-0.125222714	-0.147632881	9147
-0.149006446	-0.120018023	9148
-0.167356523	-0.0884987992	9149
-0.179548613	-0.0547347005	9150
-0.185733282	-0.0203123494	9151
-0.186154698	0.0142670883	9152
-0.180849543	0.0484350261	9153
-0.170167225	0.080999495	9154
-0.154794247	0.111123773	9155
-0.135629634	0.13831771	9156
-0.113594182	0.16242529	9157
-0.0894252268	0.183611901	9158
-0.0636429205	0.202185502	9159
-0.0365886847	0.218478609	9160
-0.00846287551	0.232800781	9161
0.0206252782	0.245407144	9162
0.0506153195	0.256495281	9163
0.0814673361	0.266206034	9164
0.113140268	0.274632985	9165
0.145579751	0.281838859	9166
0.178713429	0.287861469	9167
0.212447974	0.292729015	9168
0.246671089	0.296464631	9169
0.281248115	0.299090255	9170
0.316034307	0.300638672	9171
0.350868045	0.301148731	9172
0.385567674	0.300666654	9173
0.419946393	0.299296403	9174
0.45388579	0.297279062	9175
0.487325509	0.294724904	9176
0.520200011	0.291690499	9177
0.552432944	0.288236685	9178
0.5839453	0.284422559	9179
0.614658562	0.280304283	9180
0.64449657	0.275935847	9181
0.673387375	0.271369891	9182
0.701265749	0.266658615	9183
0.728073132	0.261849034	9184
0.753759146	0.256987343	9185
0.778282919	0.252116127	9186
0.801613796	0.247274097	9187
0.823733275	0.242497365	9188
0.844636861	0.237817688	9189
0.864335739	0.233261924	9190
0.882858025	0.228850775	9191
0.900250995	0.224599416	9192
0.916583637	0.220516047	9193
0.931947832	0.216599441	9194
0.946471398	0.212835266	9195
0.960287899	0.209199252	9196
0.973546575	0.205651502	9197
0.986409521	0.202133792	9198
0.999042051	0.198568401	9199
1.01160366	0.19485498	9200
1.02423666	0.190869513	9201
1.0370584	0.186467708	9202
1.05020275	0.181457712	9203
1.06368792	0.175663608	9204
1.07751643	0.168869111	9205
1.09163496	0.16085082	9206
1.10593514	0.151390988	9207
1.12024396	0.14027466	9208
1.13431343	0.127281171	9209
1.14778017	0.112160648	9210
1.16016436	0.0948144306	9211
1.17095022	0.0753035423	9212
1.17964396	0.0537703793	9213
1.18569741	0.0304949222	9214
1.18860336	0.00600908325	9215
1.21500975	-0.0219670539	9216
1.21047026	-0.0493361777	9217
1.20222797	-0.0756181527	9218
1.19063154	-0.100050072	9219
1.17634688	-0.12207304	9220
1.16006181	-0.141453589	9221
1.14237069	-0.158092086	9222
1.12387351	-0.172028142	9223
1.10513506	-0.183430468	9224
1.08656581	-0.192613268	9225
1.06837899	-0.199903264	9226
1.05073606	-0.205576707	9227
1.03372585	-0.209901724	9228
1.01737429	-0.213143177	9229
1.00164616	-0.21554442	9230
0.986462159	-0.217308678	9231
0.971717979	-0.218604261	9232
0.957315721	-0.219570319	9233
0.943057075	-0.220335347	9234
0.928774847	-0.220988129	9235
0.914297267	-0.221594111	9236
0.899454937	-0.22219999	9237
0.884088126	-0.222837054	9238
0.868063637	-0.223524993	9239
0.851235626	-0.224275746	9240
0.833500323	-0.225095577	9241
0.814779277	-0.225988227	9242
0.795018294	-0.226956337	9243
0.774185441	-0.228002242	9244
0.752268627	-0.22912808	9245
0.729273733	-0.230334551	9246
0.705223263	-0.231620956	9247
0.680153854	-0.232986687	9248
0.654114009	-0.234428415	9249
0.627164279	-0.235937568	9250
0.59937579	-0.23750603	9251
0.570828454	-0.239119476	9252
0.541611261	-0.240760529	9253
0.511822623	-0.242404373	9254
0.481570692	-0.244025383	9255
0.450973042	-0.245592701	9256
0.420167339	-0.247056824	9257
0.38929361	-0.248445061	9258
0.35842231	-0.249871783	9259
0.327554395	-0.251323281	9260
0.296689133	-0.252730149	9261
0.265830085	-0.254019733	9262
0.234972002	-0.25510333	9263
0.204095026	-0.255875164	9264
0.173160186	-0.25620441	9265
0.142070218	-0.25592235	9266
0.110763364	-0.254820958	9267
0.0791487436	-0.252629091	9268
0.0471336607	-0.248995383	9269
0.0146584466	-0.243464989	9270
-0.0182553376	-0.23546782	9271
-0.0514322139	-0.224311403	9272
-0.0845008684	-0.209164485	9273
-0.116581221	-0.189271593	9274
-0.146332328	-0.164102477	9275
-0.172016272	-0.133692309	9276
-0.191954139	-0.0990353588	9277
-0.205342141	-0.0618361831	9278
-0.212259396	-0.023752217	9279
-0.212897258	0.0145685912	9280
-0.207297451	0.0523863043	9281
-0.195863275	0.088397492	9282
-0.179354927	0.121696013	9283
-0.158755439	0.151743504	9284
-0.135064456	0.178368435	9285
-0.109128069	0.201697519	9286
-0.0815299468	0.222073596	9287
-0.0526708761	0.239858198	9288
-0.0227943039	0.255397689	9289
0.00796246074	0.268986519	9290
0.0395233119	0.280860332	9291
0.0718420596	0.291194479	9292
0.104877631	0.300112355	9293
0.138579438	0.307701653	9294
0.17288076	0.314020648	9295
0.207694397	0.319114109	9296
0.242913882	0.32301855	9297
0.278406922	0.325766443	9298
0.314035138	0.327399941	9299
0.349639019	0.32796529	9300
0.385036745	0.327515046	9301
0.420039627	0.326158844	9302
0.454532239	0.324142848	9303
0.488462528	0.321581339	9304
0.521772036	0.318533879	9305
0.554389689	0.315063595	9306
0.586241012	0.311231337	9307
0.617251636	0.307094582	9308
0.647349336	0.302708271	9309
0.676466073	0.298125675	9310
0.704540801	0.293399332	9311
0.731519567	0.288576307	9312
0.757357219	0.283702565	9313
0.782019065	0.278820158	9314
0.805481797	0.273966935	9315
0.827735728	0.269177765	9316
0.848786971	0.264482701	9317
0.868659332	0.259906308	9318
0.887395653	0.255466257	9319
0.905059957	0.251173693	9320
0.921739632	0.247031455	9321
0.937545546	0.243031251	9322
0.95262295	0.239149524	9323
0.967117898	0.235351127	9324
0.981185348	0.231583933	9325
0.994988186	0.227775739	9326
1.00868548	0.22383422	9327
1.02242428	0.219644573	9328
1.03634694	0.215060175	9329
1.05055981	0.209915143	9330
1.06511153	0.20404054	9331
1.08003332	0.197233649	9332
1.09530747	0.189267743	9333
1.11085916	0.179909909	9334
1.1265562	0.168934935	9335
1.1421983	0.156124841	9336
1.15750822	0.141260614	9337
1.17211009	0.124061508	9338
1.18545738	0.10450913	9339
1.19702702	0.0826439057	9340
1.20629742	0.0586315562	9341
1.21269658	0.032783246	9342
1.21569994	0.00566871881	9343
1.2458071	-0.0253776242	9344
1.24081232	-0.0556333077	9345
1.23185088	-0.0847261916	9346
1.21928935	-0.111855695	9347
1.20381857	-0.136429493	9348
1.18615609	-0.158187956	9349
1.16692933	-0.177012187	9350
1.14677063	-0.192932049	9351
1.12624217	-0.206143576	9352
1.10585295	-0.216891884	9353
1.08581864	-0.225541931	9354
1.06632833	-0.232379641	9355
1.04749422	-0.237686257	9356
1.02936246	-0.241741481	9357
1.01191676	-0.244803938	9358
0.99509637	-0.247092354	9359
0.978814824	-0.248791034	9360
0.962962408	-0.250060488	9361
0.94741726	-0.251034224	9362
0.932016914	-0.251822917	9363
0.916579961	-0.252512171	9364
0.90094028	-0.253163605	9365
0.884934411	-0.253821195	9366
0.868423389	-0.254514326	9367
0.851248781	-0.255262494	9368
0.833287196	-0.256076508	9369
0.814440147	-0.256962485	9370
0.794633868	-0.257924019	9371
0.773818307	-0.258963579	9372
0.75196512	-0.26008305	9373
0.729065918	-0.261282777	9374
0.70513088	-0.262561745	9375
0.680185972	-0.263919158	9376
0.654270366	-0.265351634	9377
0.627436568	-0.266850691	9378
0.599748608	-0.268408398	9379
0.571279949	-0.27001069	9380
0.542113625	-0.271640461	9381
0.512342458	-0.273273142	9382
0.482069134	-0.27488327	9383
0.451405691	-0.276440001	9384
0.420485694	-0.277893609	9385
0.389444598	-0.279270905	9386
0.358340074	-0.280685378	9387
0.327153639	-0.282121604	9388
0.295865589	-0.283507055	9389
0.264460902	-0.284763982	9390
0.232914993	-0.285795861	9391
0.20118812	-0.286485424	9392
0.16922153	-0.286685589	9393
0.136885389	-0.286202138	9394
0.104113595	-0.284798465	9395
0.0708078029	-0.282165983	9396
0.036876036	-0.277907849	9397
0.00227270524	-0.271517278	9398
-0.0329492646	-0.262368836	9399
-0.0685627058	-0.24971643	9400
-0.104143508	-0.23266478	9401
-0.138684747	-0.210456879	9402
-0.170751962	-0.182553313	9403
-0.198504287	-0.149008143	9404
-0.220168292	-0.110852839	9405
-0.234858554	-0.0698388453	9406
-0.242579978	-0.0276977038	9407
-0.243468223	0.0147700253	9408
-0.237567564	0.0566459962	9409
-0.225333854	0.096508801	9410
-0.207601029	0.133376727	9411
-0.18543774	0.166656744	9412
-0.159923285	0.196160011	9413
-0.132022335	0.221959032	9414
-0.102387337	0.244431875	9415
-0.0714861997	0.263966755	9416
-0.0396132149	0.280946454	9417
-0.00694082893	0.295706075	9418
0.0264333131	0.30852194	9419
0.0604522366	0.319607316	9420
0.0950717145	0.329119159	9421
0.130242997	0.337173871	9422
0.165904018	0.343853686	9423
0.201973429	0.34922307	9424
0.238350808	0.353334637	9425
0.274905738	0.356233522	9426
0.311507828	0.357973416	9427
0.348000705	0.358609558	9428
0.384203153	0.358202106	9429
0.419925123	0.356867396	9430
0.455054905	0.354857549	9431
0.489549765	0.352291597	9432
0.523359189	0.349232667	9433
0.556418193	0.345746611	9434
0.588657779	0.34189635	9435
0.620008821	0.337740884	9436
0.650404297	0.333336211	9437
0.679781532	0.328736252	9438
0.708085326	0.323993809	9439
0.73526823	0.319155845	9440
0.761292461	0.314267869	9441
0.786131922	0.309371084	9442
0.809773328	0.304502075	9443
0.832218724	0.299693945	9444
0.853487921	0.29497437	9445
0.87362048	0.290364753	9446
0.892676886	0.285878591	9447
0.910740196	0.281521539	9448
0.92791725	0.277289271	9449
0.944337029	0.273164354	9450
0.960151024	0.269113932	9451
0.975524103	0.265087566	9452
0.990606385	0.261020824	9453
1.00555529	0.256827045	9454
1.02052786	0.252395393	9455
1.03566876	0.247588872	9456
1.05107067	0.24225961	9457
1.06680733	0.236237787	9458
1.08292368	0.229335804	9459
1.09943038	0.221340426	9460
1.11628903	0.212014615	9461
1.13340311	0.201115698	9462
1.15061603	0.188410894	9463
1.16769925	0.173679417	9464
1.18436746	0.156664683	9465
1.20016452	0.137170414	9466
1.21454062	0.115151724	9467
1.22694333	0.0906641797	9468
1.23682238	0.0638989797	9469
1.24358151	0.0352006018	9470
1.24667861	0.00517855633	9471
1.28101884	-0.0292732465	9472
1.27552637	-0.0627201295	9473
1.26578516	-0.0949237715	9474
1.25218036	-0.12504411	9475
1.23542854	-0.152453645	9476
1.21627814	-0.176864736	9477
1.19539108	-0.198137464	9478
1.17343361	-0.216290674	9479
1.15100087	-0.231515895	9480
1.12859533	-0.244088129	9481
1.10654747	-0.254303209	9482
1.08503676	-0.262494782	9483
1.06419944	-0.268957447	9484
1.04410224	-0.273986019	9485
1.02474777	-0.277854633	9486
1.00609326	-0.280797694	9487
0.988069581	-0.283015399	9488
0.970584118	-0.284684331	9489
0.953519882	-0.285956204	9490
0.936740919	-0.286955598	9491
0.920102553	-0.287782595	9492
0.903438259	-0.288517799	9493
0.886579265	-0.289221213	9494
0.869377155	-0.28993475	9495
0.851672554	-0.290687772	9496
0.833327722	-0.29149837	9497
0.814225312	-0.292377291	9498
0.794271087	-0.293330645	9499
0.773394586	-0.294361977	9500
0.751548147	-0.295473388	9501
0.728705722	-0.296665021	9502
0.704861736	-0.297935527	9503
0.680028149	-0.29928381	9504
0.654231625	-0.300706308	9505
0.62751365	-0.302194503	9506
0.599928378	-0.303740563	9507
0.571540203	-0.305330619	9508
0.542423725	-0.306947805	9509
0.512663774	-0.308567767	9510
0.48235518	-0.310165164	9511
0.451601969	-0.311709074	9512
0.4205313	-0.313149382	9513
0.389272006	-0.314512109	9514
0.357866712	-0.315909308	9515
0.326275284	-0.317322934	9516
0.294457352	-0.31867607	9517
0.26237783	-0.319884162	9518
0.229991483	-0.320840597	9519
0.197237754	-0.321413732	9520
0.164037866	-0.321436688	9521
0.130224784	-0.320683786	9522
0.095736585	-0.318886595	9523
0.06047072	-0.315694503	9524
0.02434126	-0.310661077	9525
-0.0126766909	-0.303224437	9526
-0.0504913455	-0.292702112	9527
-0.0888160942	-0.278294515	9528
-0.127169882	-0.259039946	9529
-0.164406872	-0.234190676	9530
-0.198997824	-0.203199374	9531
-0.228996528	-0.166141978	9532
-0.252533125	-0.124089263	9533
-0.268638249	-0.0788415166	9534
-0.277239783	-0.032207895	9535
-0.278414856	0.0148525455	9536
-0.272207736	0.0612360689	9537
-0.259125256	0.105396816	9538
-0.240074831	0.146271257	9539
-0.216212002	0.183205047	9540
-0.188708388	0.215972341	9541
-0.158619809	0.244628946	9542
-0.126709228	0.269534001	9543
-0.093507261	0.291117355	9544
-0.0593670982	0.30979709	9545
-0.0245039749	0.325949658	9546
0.0109562226	0.339894217	9547
0.0469403045	0.351885133	9548
0.0833968275	0.362116667	9549
0.12027611	0.370737849	9550
0.15751908	0.377858683	9551
0.195049455	0.383566851	9552
0.232772734	0.387934199	9553
0.270559473	0.391020987	9554
0.308288881	0.392895058	9555
0.345809139	0.393622619	9556
0.38294065	0.393272957	9557
0.419492784	0.391970329	9558
0.45535847	0.38997386	9559
0.490505466	0.387408211	9560
0.524892219	0.384340755	9561
0.558460877	0.380840589	9562
0.591149168	0.376973075	9563
0.622894698	0.372798974	9564
0.653637378	0.368375455	9565
0.683321863	0.363757083	9566
0.71190102	0.358996823	9567
0.739336382	0.35414133	9568
0.765600261	0.349235351	9569
0.79067813	0.344318825	9570
0.814569904	0.339426524	9571
0.837292648	0.334589079	9572
0.858883122	0.329830864	9573
0.879399574	0.325168927	9574
0.898922323	0.320611079	9575
0.917554327	0.316155646	9576
0.935420793	0.311789059	9577
0.952665351	0.307482644	9578
0.969444406	0.303191547	9579
0.985920356	0.298852655	9580
1.00225277	0.294382663	9581
1.01858998	0.289678411	9582
1.03506385	0.284617433	9583
1.05178525	0.279056533	9584
1.06883828	0.272831609	9585
1.08627698	0.26576127	9586
1.10412646	0.257646712	9587
1.1223772	0.248263856	9588
1.14096992	0.237365109	9589
1.15978571	0.224697916	9590
1.17864269	0.210021948	9591
1.19728826	0.193105623	9592
1.21541346	0.173673698	9593
1.23249187	0.151605424	9594
1.2479666	0.126831164	9595
1.26125444	0.0994240347	9596
1.2717756	0.0696030184	9597
1.27890914	0.0377481446	9598
1.28209534	0.00451069229	9599
1.32127834	-0.033717183	9600
1.31524236	-0.0706913916	9601
1.30465623	-0.106336847	9602
1.28992428	-0.139772165	9603
1.2717897	-0.170332869	9604
1.25103293	-0.197701362	9605
1.22835186	-0.221714835	9606
1.20444827	-0.2423797	9607
1.17995197	-0.259881951	9608
1.15535621	-0.274532833	9609
1.13111542	-0.286544432	9610
1.10739811	-0.296304257	9611
1.08436479	-0.304121112	9612
1.06210351	-0.310305183	9613
1.04063621	-0.315146387	9614
1.01993798	-0.31889513	9615
0.999956152	-0.321767808	9616
0.980613878	-0.323957197	9617
0.961810152	-0.325631049	9618
0.943425492	-0.326929945	9619
0.925326878	-0.327970608	9620
0.907369604	-0.328848763	9621
0.889400228	-0.329640216	9622
0.871261506	-0.330402584	9623
0.852798348	-0.331177495	9624
0.833864247	-0.331993281	9625
0.814327194	-0.332868154	9626
0.794074196	-0.333813087	9627
0.773013914	-0.334834405	9628
0.751077318	-0.335935493	9629
0.728217674	-0.337116871	9630
0.704410139	-0.33837708	9631
0.679648981	-0.339714747	9632
0.653944657	-0.341126032	9633
0.62732404	-0.342602249	9634
0.599827932	-0.344135519	9635
0.571508318	-0.345712046	9636
0.542428127	-0.347315086	9637
0.512661035	-0.34892039	9638
0.482290828	-0.350502598	9639
0.451410236	-0.352030502	9640
0.420136918	-0.353453295	9641
0.388590433	-0.354795725	9642
0.356795795	-0.356167595	9643
0.324689071	-0.357546994	9644
0.292207825	-0.35885097	9645
0.259295811	-0.359986022	9646
0.225886267	-0.360832738	9647
0.191897451	-0.36124176	9648
0.157230984	-0.361022496	9649
0.121677374	-0.359910707	9650
0.0851904804	-0.357603803	9651
0.0476670632	-0.353704655	9652
0.00903308735	-0.347713549	9653
-0.0307087818	-0.339010915	9654
-0.0714204299	-0.326856164	9655
-0.11275012	-0.310395505	9656
-0.154150553	-0.288602552	9657
-0.194331175	-0.260746233	9658
-0.231664877	-0.226273733	9659
-0.264097752	-0.185285726	9660
-0.289661474	-0.138894376	9661
-0.307300264	-0.0889509345	9662
-0.316862105	-0.0373459013	9663
-0.318362771	0.0147972034	9664
-0.311843906	0.0661823091	9665
-0.297861545	0.115132644	9666
-0.277396062	0.160496503	9667
-0.251690859	0.201551379	9668
-0.222014793	0.238024346	9669
-0.18950932	0.269962554	9670
-0.155066816	0.297680361	9671
-0.119283672	0.321653923	9672
-0.0825801844	0.342334795	9673
-0.0452224659	0.360140795	9674
-0.00737203617	0.375435534	9675
0.0308754081	0.388517311	9676
0.0694562167	0.399621305	9677
0.108316111	0.408933164	9678
0.147396563	0.416594706	9679
0.186624938	0.422720688	9680
0.225912084	0.427405729	9681
0.265128124	0.430727996	9682
0.304163266	0.432772573	9683
0.342872178	0.433619058	9684
0.381078176	0.433347698	9685
0.418591151	0.432092122	9686
0.455309846	0.430119685	9687
0.491213876	0.427561712	9688
0.526271867	0.424490632	9689
0.560434433	0.420979394	9690
0.593647679	0.417096242	9691
0.625857929	0.412903969	9692
0.657014313	0.408461039	9693
0.687071385	0.403822647	9694
0.715992925	0.39904177	9695
0.743752532	0.394164484	9696
0.770335913	0.389234362	9697
0.795743567	0.384289519	9698
0.819992105	0.379362167	9699
0.843116968	0.374479487	9700
0.86517478	0.369661296	9701
0.886244512	0.364918718	9702
0.906426928	0.360252002	9703
0.9258435	0.355650059	9704
0.944634101	0.351087994	9705
0.962951173	0.346524144	9706
0.980952758	0.341899547	9707
0.998795603	0.337136564	9708
1.01662739	0.33213765	9709
1.03458021	0.326786124	9710
1.05276733	0.320946798	9711
1.07128052	0.31446429	9712
1.09018507	0.307162491	9713
1.10951631	0.298848058	9714
1.12928013	0.28931051	9715
1.14944669	0.278314591	9716
1.16993507	0.265602035	9717
1.19060303	0.250910431	9718
1.21124222	0.23399206	9719
1.23160062	0.214562089	9720
1.25126786	0.192449424	9721
1.26971985	0.167496	9722
1.28636741	0.139644715	9723
1.30059533	0.108988408	9724
1.31179358	0.0757763015	9725
1.31931617	0.0404263286	9726
1.32258574	0.00363360584	9727
1.36730997	-0.0387796303	9728
1.36068112	-0.079651916	9729
1.34918013	-0.119104559	9730
1.33323124	-0.156212981	9731
1.31360505	-0.190273885	9732
1.29111517	-0.220937687	9733
1.26649691	-0.248016697	9734
1.24048929	-0.271503345	9735
1.21375854	-0.291576901	9736
1.18683527	-0.308545397	9737
1.16015934	-0.322660588	9738
1.13403513	-0.334230846	9739
1.10859841	-0.343626683	9740
1.08395955	-0.351173887	9741
1.06016067	-0.35717841	9742
1.03719505	-0.361907034	9743
1.0150261	-0.365592824	9744
0.993591659	-0.368445153	9745
0.97280523	-0.370647977	9746
0.952562435	-0.372357714	9747
0.932745865	-0.373706795	9748
0.913226151	-0.374806681	9749
0.893863613	-0.375748864	9750
0.874511463	-0.376606258	9751
0.855019929	-0.377434797	9752
0.83524139	-0.378275421	9753
0.815035946	-0.379156653	9754
0.794276665	-0.380097191	9755
0.772853737	-0.381108605	9756
0.75067687	-0.382197434	9757
0.727676946	-0.383365812	9758
0.703806955	-0.384612894	9759
0.67903987	-0.385937355	9760
0.653365991	-0.387335161	9761
0.626793502	-0.388797377	9762
0.599345771	-0.390315933	9763
0.571058325	-0.391876908	9764
0.541978424	-0.393463471	9765
0.512164608	-0.395051237	9766
0.481685577	-0.396614534	9767
0.450618561	-0.39812147	9768
0.419067738	-0.399520006	9769
0.387140056	-0.400832869	9770
0.354840087	-0.402166445	9771
0.322078155	-0.403493311	9772
0.28876882	-0.404722406	9773
0.254834087	-0.405748723	9774
0.220185338	-0.406436917	9775
0.184719883	-0.406616221	9776
0.148320853	-0.406068143	9777
0.110730462	-0.404481597	9778
0.0719327537	-0.401518932	9779
0.0318272841	-0.396732204	9780
-0.0096420127	-0.389565223	9781
-0.0524380688	-0.379338705	9782
-0.0963692294	-0.365253396	9783
-0.141024626	-0.346391701	9784
-0.185747587	-0.321692239	9785
-0.229132238	-0.290420234	9786
-0.269438788	-0.252029114	9787
-0.304503212	-0.206647046	9788
-0.332256488	-0.155429676	9789
-0.351553752	-0.100281525	9790
-0.362160116	-0.0431783956	9791
-0.36402718	0.0145856598	9792
-0.357191275	0.0715153044	9793
-0.342255679	0.125796384	9794
-0.320272963	0.176182516	9795
-0.292575119	0.221875964	9796
-0.26053063	0.262549584	9797
-0.225367662	0.298240356	9798
-0.188119317	0.329200678	9799
-0.149453166	0.355954014	9800
-0.109864843	0.378982888	9801
-0.0696797042	0.398745831	9802
-0.0291028314	0.415651929	9803
0.0117405341	0.4300458	9804
0.0527686745	0.442206898	9805
0.0939181476	0.452361435	9806
0.135127673	0.460687213	9807
0.176326126	0.467330198	9808
0.217428578	0.472411677	9809
0.258302789	0.476030788	9810
0.29885087	0.47829342	9811
0.338936565	0.479295519	9812
0.37838774	0.479130458	9813
0.417016296	0.477942946	9814
0.454728281	0.476009995	9815
0.491516767	0.473470809	9816
0.527362031	0.470403816	9817
0.56222485	0.466886534	9818
0.596061849	0.462990606	9819
0.628830627	0.458781177	9820
0.660492448	0.454318146	9821
0.691014979	0.449657297	9822
0.720376373	0.444851423	9823
0.748565944	0.439945644	9824
0.775586525	0.434981805	9825
0.801457336	0.429995419	9826
0.826215115	0.425015115	9827
0.849916529	0.420063307	9828
0.872639888	0.415153625	9829
0.894485162	0.410289353	9830
0.915571798	0.405461089	9831
0.936035783	0.400646285	9832
0.956025681	0.395807028	9833
0.975695671	0.39088759	9834
0.995198498	0.385814576	9835
1.01467967	0.380496149	9836
1.03427144	0.374821184	9837
1.05408817	0.368660124	9838
1.07422472	0.361865407	9839
1.09475467	0.354269406	9840
1.11572556	0.345683594	9841
1.1371548	0.335902099	9842
1.15902906	0.324702272	9843
1.18129751	0.311837454	9844
1.20385657	0.297038741	9845
1.22653934	0.280034045	9846
1.24912702	0.26054332	9847
1.27131685	0.23829692	9848
1.29264271	0.213169598	9849
1.31256673	0.184984526	9850
1.33046593	0.153699123	9851
1.34569201	0.119428325	9852
1.35760394	0.0824542099	9853
1.36553045	0.0432350783	9854
1.36887657	0.00251202008	9855
1.41994222	-0.0445381346	9856
1.41266741	-0.089717365	9857
1.40017668	-0.133380343	9858
1.38291486	-0.174557416	9859
1.36168077	-0.21250457	9860
1.33732235	-0.246838129	9861
1.31061383	-0.277343419	9862
1.28233313	-0.303997195	9863
1.2531848	-0.326970666	9864
1.22373872	-0.346567589	9865
1.1944164	-0.363087626	9866
1.16566936	-0.376742063	9867
1.13760604	-0.387971598	9868
1.11035985	-0.397118262	9869
1.08399419	-0.404504289	9870
1.0585212	-0.410413214	9871
1.03392049	-0.415095304	9872
1.01014404	-0.418777094	9873
0.987118684	-0.421659183	9874
0.964753562	-0.423914031	9875
0.942945304	-0.425689685	9876
0.921578986	-0.427113005	9877
0.900529269	-0.428290777	9878
0.879662471	-0.429311082	9879
0.858839057	-0.430244655	9880
0.837917032	-0.431146374	9881
0.816756164	-0.432057234	9882
0.795222671	-0.433006374	9883
0.773193739	-0.434013454	9884
0.750561015	-0.435090742	9885
0.727233833	-0.436244048	9886
0.70314183	-0.437474578	9887
0.678234039	-0.438781957	9888
0.652476988	-0.440162408	9889
0.62585602	-0.4416069	9890
0.598372624	-0.443107101	9891
0.570041284	-0.444648769	9892
0.540888942	-0.446214681	9893
0.510954286	-0.447779922	9894
0.480286075	-0.449318001	9895
0.448940935	-0.450795665	9896
0.417004665	-0.452158775	9897
0.384567582	-0.45342691	9898
0.351610807	-0.45470144	9899
0.318017339	-0.455947333	9900
0.283678383	-0.457062947	9901
0.248494172	-0.457928835	9902
0.212354446	-0.458390265	9903
0.175136351	-0.458251136	9904
0.136706173	-0.457260772	9905
0.0967517795	-0.455051796	9906
0.0553034571	-0.451252443	9907
0.0122668837	-0.445359873	9908
-0.03239004	-0.436758749	9909
-0.0785892694	-0.424708552	9910
-0.126078797	-0.408351227	9911
-0.174382739	-0.386704816	9912
-0.22272855	-0.358676642	9913
-0.269589467	-0.323533455	9914
-0.313109568	-0.280738269	9915
-0.351012113	-0.230449436	9916
-0.381124909	-0.173868228	9917
-0.402211097	-0.112954956	9918
-0.413949848	-0.04977492	9919
-0.416225755	0.0142011237	9920
-0.409067088	0.0772716433	9921
-0.393122222	0.137478607	9922
-0.369514953	0.193474285	9923
-0.339666373	0.244378392	9924
-0.305046753	0.289802167	9925
-0.26697676	0.329764471	9926
-0.226626493	0.364456935	9927
-0.184754215	0.394431929	9928
-0.141934402	0.420206107	9929
-0.0985601601	0.442277413	9930
-0.054888434	0.461100821	9931
-0.011081638	0.477069145	9932
0.0327538277	0.490509125	9933
0.0765399551	0.501691306	9934
0.120208584	0.510833661	9935
0.163687206	0.518117664	9936
0.206893374	0.523695462	9937
0.24969011	0.527690459	9938
0.291991508	0.530233288	9939
0.333673774	0.531439841	9940
0.374571341	0.531419147	9941
0.414500085	0.530328978	9942
0.453375235	0.528457655	9943
0.491205195	0.525953659	9944
0.527983656	0.522902505	9945
0.563683681	0.51938712	9946
0.598275099	0.515483145	9947
0.631729954	0.511258456	9948
0.664025187	0.506774534	9949
0.695145386	0.502087688	9950
0.725087047	0.497250236	9951
0.753859192	0.492305822	9952
0.781485624	0.487293788	9953
0.808007744	0.482245991	9954
0.833485135	0.477186103	9955
0.857997226	0.472130094	9956
0.881643881	0.467083461	9957
0.904543877	0.462039573	9958
0.926831015	0.456977393	9959
0.948649701	0.451861295	9960
0.970150214	0.446639338	9961
0.991481773	0.441241417	9962
1.0127865	0.435579991	9963
1.03419531	0.429549602	9964
1.0558237	0.423026107	9965
1.07776848	0.415867343	9966
1.10010706	0.407913272	9967
1.12289597	0.398983601	9968
1.14616576	0.388876789	9969
1.16991605	0.377373844	9970
1.19411385	0.364239549	9971
1.21868634	0.349215749	9972
1.24350586	0.332023065	9973
1.26837944	0.312380049	9974
1.2930999	0.289936759	9975
1.3172434	0.264545385	9976
1.34035293	0.236030672	9977
1.36185413	0.204228184	9978
1.38108882	0.16911208	9979
1.39737446	0.130821967	9980
1.41003844	0.0896755568	9981
1.41838401	0.0461740948	9982
1.42179875	0.00110684315	9983
1.48012268	-0.0510779922	9984
1.47214496	-0.101015074	9985
1.45858442	-0.1493332	9986
1.43990718	-0.195015753	9987
1.41694111	-0.237276081	9988
1.39056958	-0.275694234	9989
1.36160722	-0.310026343	9990
1.33087261	-0.340231655	9991
1.29911054	-0.366471821	9992
1.26693211	-0.389045127	9993
1.23479841	-0.408251954	9994
1.20313484	-0.424355311	9995
1.1722045	-0.437706897	9996
1.14210336	-0.448721673	9997
1.11291733	-0.457738375	9998
1.08467842	-0.465057686	9999
1.05738284	-0.47094765	10000
1.0309966	-0.475652598	10001
1.00545924	-0.47939036	10002
0.980692211	-0.482349893	10003
0.956604475	-0.484695115	10004
0.933093779	-0.486568271	10005
0.910047896	-0.488091181	10006
0.887346288	-0.489366744	10007
0.864861579	-0.490480334	10008
0.842461501	-0.491501111	10009
0.820011536	-0.492483635	10010
0.797378252	-0.493469369	10011
0.774433049	-0.494488572	10012
0.751055566	-0.495562009	10013
0.727137618	-0.496701806	10014
0.702587193	-0.49791345	10015
0.677328918	-0.499199176	10016
0.651303347	-0.500556548	10017
0.624469543	-0.501977033	10018
0.596802887	-0.503452236	10019
0.568292121	-0.504967497	10020
0.538938884	-0.506504871	10021
0.508756822	-0.508038382	10022
0.477769311	-0.509539976	10023
0.446006549	-0.510974016	10024
0.413530261	-0.512282968	10025
0.380409543	-0.513481668	10026
0.346599039	-0.51466439	10027
0.311953343	-0.515785969	10028
0.276340587	-0.516731384	10029
0.239639698	-0.517363563	10030
0.201719368	-0.517504753	10031
0.162437688	-0.516929524	10032
0.121640401	-0.515349256	10033
0.0789722821	-0.51233458	10034
0.0345087538	-0.507477758	10035
-0.0118296059	-0.500218797	10036
-0.0600452614	-0.489880988	10037
-0.110013049	-0.475661442	10038
-0.161414267	-0.456643455	10039
-0.213701154	-0.431781315	10040
-0.26598209	-0.399952462	10041
-0.316602572	-0.360431536	10042
-0.36358693	-0.312694421	10043
-0.404542844	-0.256932329	10044
-0.437192152	-0.194394423	10045
-0.460202857	-0.127099577	10046
-0.473165003	-0.0572070261	10047
-0.475893333	0.0136294973	10048
-0.468405245	0.0834953505	10049
-0.451391889	0.150282099	10050
-0.426047108	0.212533806	10051
-0.393881419	0.269280032	10052
-0.356468855	0.320062707	10053
-0.315241067	0.364856096	10054
-0.271462904	0.403846709	10055
-0.226040271	0.437542317	10056
-0.17961747	0.46651443	10057
-0.13266388	0.491298522	10058
-0.0854968273	0.512395274	10059
-0.0383239466	0.530247044	10060
0.00871647752	0.545230444	10061
0.0555257638	0.557663858	10062
0.102023999	0.567809512	10063
0.14813368	0.57588874	10064
0.193772485	0.582088929	10065
0.238796143	0.586561233	10066
0.283129575	0.589465186	10067
0.326665764	0.590940943	10068
0.369248148	0.591116097	10069
0.410699094	0.590163761	10070
0.450945324	0.588385449	10071
0.490012747	0.585940494	10072
0.527910547	0.58292274	10073
0.564626627	0.579421471	10074
0.600147245	0.575517025	10075
0.634462622	0.571280428	10076
0.667569441	0.566774891	10077
0.699473416	0.562057107	10078
0.73019357	0.557178497	10079
0.75976256	0.552180496	10080
0.788228549	0.547098884	10081
0.815657612	0.541960469	10082
0.842133346	0.536782265	10083
0.867757343	0.531571844	10084
0.892648378	0.526324542	10085
0.916939385	0.521021909	10086
0.940772346	0.515629767	10087
0.964293298	0.51009849	10088
0.9876479	0.504361829	10089
1.01097548	0.498335556	10090
1.0344045	0.49191848	10091
1.05805013	0.484991996	10092
1.08201136	0.477419142	10093
1.10636848	0.469045	10094
1.13118257	0.459696619	10095
1.15649385	0.449180454	10096
1.18231611	0.437281351	10097
1.20863083	0.423766692	10098
1.23538452	0.408388395	10099
1.2624811	0.390876803	10100
1.28976734	0.370942341	10101
1.31705941	0.348243612	10102
1.34405165	0.32250579	10103
1.37030326	0.29356884	10104
1.39533074	0.261250692	10105
1.41852164	0.225401329	10106
1.43918114	0.186014102	10107
1.45659145	0.143256071	10108
1.47004785	0.097483522	10109
1.47882803	0.0492433368	10110
1.48230236	-0.000624794618	10111
1.54893514	-0.0584926751	10112
1.54019355	-0.113685036	10113
1.5254777	-0.167149233	10114
1.50527568	-0.217819807	10115
1.48044522	-0.264865519	10116
1.45190625	-0.307827906	10117
1.42051528	-0.346431595	10118
1.38713324	-0.380616348	10119
1.35254711	-0.410532604	10120
1.31741127	-0.436471836	10121
1.28222823	-0.458734332	10122
1.24739294	-0.477644608	10123
1.21333584	-0.493444646	10124
1.18011184	-0.506632814	10125
1.14783089	-0.517564516	10126
1.11654595	-0.526557978	10127
1.08627052	-0.533899617	10128
1.05698489	-0.539852262	10129
1.02864105	-0.544651653	10130
1.00117201	-0.548503861	10131
0.974497694	-0.551589165	10132
0.948526748	-0.55406549	10133
0.923158131	-0.556069732	10134
0.898282907	-0.557719419	10135
0.87378531	-0.559114262	10136
0.849543863	-0.560337513	10137
0.825432835	-0.561457493	10138
0.801324201	-0.562528808	10139
0.777090104	-0.563593866	10140
0.752605206	-0.564684128	10141
0.727750197	-0.565820628	10142
0.702416206	-0.56701575	10143
0.676506131	-0.568276663	10144
0.649935023	-0.569604106	10145
0.622634211	-0.570991288	10146
0.594550017	-0.572430446	10147
0.565641458	-0.573906701	10148
0.535880206	-0.575401172	10149
0.505249727	-0.576886241	10150
0.473742446	-0.578331344	10151
0.441355983	-0.579697103	10152
0.408121801	-0.580920831	10153
0.374082847	-0.582010532	10154
0.33916445	-0.583050844	10155
0.303192327	-0.583983625	10156
0.266012336	-0.584677505	10157
0.227482815	-0.584974509	10158
0.187452071	-0.584670216	10159
0.145760234	-0.583505955	10160
0.102232755	-0.581150251	10161
0.0564719248	-0.57710369	10162
0.00860648573	-0.570923995	10163
-0.0414234541	-0.561991366	10164
-0.0935855535	-0.549565842	10165
-0.147701895	-0.532781292	10166
-0.203381213	-0.510662656	10167
-0.259995493	-0.48210285	10168
-0.316534864	-0.445947274	10169
-0.371208595	-0.401486392	10170
-0.421917369	-0.348212221	10171
-0.466150048	-0.286351586	10172
-0.501519354	-0.217204003	10173
-0.526594737	-0.142849987	10174
-0.540873841	-0.0655474204	10175
-0.544098712	0.0128606297	10176
-0.536273008	0.0902395297	10177
-0.518128167	0.1643239	10178
-0.490926696	0.233542522	10179
-0.456268704	0.296826883	10180
-0.415833807	0.353641594	10181
-0.37116815	0.403908722	10182
-0.323633994	0.447807165	10183
-0.274295718	0.485784523	10184
-0.223873768	0.518467749	10185
-0.172922265	0.546427435	10186
-0.121827514	0.570209242	10187
-0.0708506602	0.590305896	10188
-0.0201694734	0.607146014	10189
0.030090064	0.621098985	10190
0.0798308212	0.632475166	10191
0.128966096	0.641540048	10192
0.177410793	0.648520705	10193
0.225011097	0.653599727	10194
0.271699913	0.656969612	10195
0.317392315	0.658799911	10196
0.36194363	0.659240051	10197
0.405185827	0.658481076	10198
0.447059901	0.656839781	10199
0.487611723	0.654488103	10200
0.526868315	0.651529565	10201
0.564835359	0.648060868	10202
0.6015192	0.644167809	10203
0.636932358	0.639925004	10204
0.671095557	0.635397487	10205
0.704039869	0.630642074	10206
0.73581071	0.625708657	10207
0.766467574	0.620635462	10208
0.79608513	0.615453344	10209
0.824754836	0.610182376	10210
0.852583196	0.604831006	10211
0.879690884	0.59939646	10212
0.906210677	0.593862133	10213
0.9322835	0.588196394	10214
0.958053012	0.582351113	10215
0.983661019	0.576262444	10216
1.00924412	0.569850055	10217
1.03492912	0.563016025	10218
1.06082991	0.555645901	10219
1.08704627	0.547608069	10220
1.11366166	0.538752586	10221
1.14074099	0.528911348	10222
1.16832977	0.517897911	10223
1.19645217	0.505504885	10224
1.22510498	0.491502956	10225
1.25425086	0.47564544	10226
1.28381473	0.457671162	10227
1.31367579	0.437299044	10228
1.34365908	0.414222686	10229
1.37358525	0.388038377	10230
1.40302547	0.358590093	10231
1.43155205	0.325659037	10232
1.45864207	0.28907296	10233
1.4836434	0.24869852	10234
1.50582316	0.204550953	10235
1.52442744	0.156827765	10236
1.53871895	0.105926914	10237
1.54794989	0.0524437143	10238
1.55147375	-0.00272940835	10239
1.62761919	-0.0668843144	10240
1.61804858	-0.127881086	10241
1.60208613	-0.187033542	10242
1.5802426	-0.243225526	10243
1.55340639	-0.295579258	10244
1.52253507	-0.343595475	10245
1.48852839	-0.386964901	10246
1.4522914	-0.425605713	10247
1.4146552	-0.459655326	10248
1.37631948	-0.489396919	10249
1.33783003	-0.515129751	10250
1.29961387	-0.537190527	10251
1.26208203	-0.555867877	10252
1.22544349	-0.571576647	10253
1.18976802	-0.584748027	10254
1.15513087	-0.59571811	10255
1.12156378	-0.604792262	10256
1.08906185	-0.612252501	10257
1.05758971	-0.618353213	10258
1.02709149	-0.62331831	10259
0.997497168	-0.627345116	10260
0.968724702	-0.630607791	10261
0.940682305	-0.633258649	10262
0.913270551	-0.635429938	10263
0.886383455	-0.637235575	10264
0.85990926	-0.638772637	10265
0.833731272	-0.640122977	10266
0.807728874	-0.641354389	10267
0.781778839	-0.642521959	10268
0.755756358	-0.64366902	10269
0.729537395	-0.644827315	10270
0.703002558	-0.646018384	10271
0.676038383	-0.647256761	10272
0.648538103	-0.64854864	10273
0.62040698	-0.649890846	10274
0.591561976	-0.651277564	10275
0.561930429	-0.652694403	10276
0.531450837	-0.654121657	10277
0.500072353	-0.655529621	10278
0.467751545	-0.656884241	10279
0.43444763	-0.65814081	10280
0.400155618	-0.65922936	10281
0.364887375	-0.660148555	10282
0.328536478	-0.66097055	10283
0.290899872	-0.661621255	10284
0.251802193	-0.661950016	10285
0.211081773	-0.661774752	10286
0.168566898	-0.66086084	10287
0.124080439	-0.658912642	10288
0.0774277443	-0.655551078	10289
0.0281705386	-0.650199269	10290
-0.0235046211	-0.642381938	10291
-0.0776341643	-0.631417086	10292
-0.134146359	-0.616499835	10293
-0.192805424	-0.596700071	10294
-0.253142086	-0.570984734	10295
-0.314437781	-0.538190193	10296
-0.375569641	-0.497122852	10297
-0.434600454	-0.447098885	10298
-0.489303	-0.387629768	10299
-0.53704367	-0.318980844	10300
-0.575322535	-0.242504735	10301
-0.602606826	-0.160347058	10302
-0.618298417	-0.0748693584	10303
-0.622063839	0.01188952	10304
-0.613890114	0.0975681434	10305
-0.594546317	0.179737638	10306
-0.565362065	0.25670421	10307
-0.528027063	0.327293017	10308
-0.48432821	0.390882991	10309
-0.435929529	0.447336072	10310
-0.384294132	0.496820065	10311
-0.330653564	0.539708119	10312
-0.275811454	0.576681878	10313
-0.220415006	0.608344175	10314
-0.164928076	0.635284425	10315
-0.109673691	0.658046054	10316
-0.0548769093	0.67711137	10317
-0.000697950587	0.692903547	10318
0.0527429914	0.70578468	10319
0.105345398	0.716068548	10320
0.157018116	0.724026326	10321
0.207596626	0.729876039	10322
0.257016624	0.733846654	10323
0.305221687	0.73614313	10324
0.352082342	0.736940343	10325
0.397443846	0.736450131	10326
0.441264686	0.735006853	10327
0.483613345	0.732796899	10328
0.524537184	0.729934901	10329
0.564062834	0.726526086	10330
0.602220579	0.722662486	10331
0.639049391	0.7184227	10332
0.674598107	0.713873562	10333
0.708926775	0.709071556	10334
0.742110029	0.704064175	10335
0.774235847	0.698885165	10336
0.805405541	0.693558864	10337
0.835734315	0.688096817	10338
0.865348112	0.682497099	10339
0.894381655	0.676744978	10340
0.922975716	0.670810711	10341
0.951273092	0.664648818	10342
0.979413786	0.658197075	10343
1.00753147	0.651377642	10344
1.03575145	0.644096502	10345
1.0641873	0.636242376	10346
1.09293877	0.627687671	10347
1.12209122	0.618287614	10348
1.1517137	0.607878875	10349
1.18185654	0.59627959	10350
1.21255012	0.583289186	10351
1.24380244	0.56868582	10352
1.27559267	0.552225521	10353
1.30786367	0.533647176	10354
1.34051747	0.51267639	10355
1.3734069	0.489020893	10356
1.40638548	0.462288215	10357
1.43912166	0.432214191	10358
1.47121393	0.398571196	10359
1.50219647	0.361143526	10360
1.5315053	0.319770635	10361
1.55844704	0.274338356	10362
1.58224952	0.224886735	10363
1.60212185	0.171646925	10364
1.61729394	0.115061805	10365
1.62699267	0.0557780151	10366
1.63055511	-0.00525693833	10367
1.7175926	-0.0763643689	10368
1.70712334	-0.143772462	10369
1.68981676	-0.209212684	10370
1.66620694	-0.271516365	10371
1.63721374	-0.329757233	10372
1.60383335	-0.383392913	10373
1.56701017	-0.432077752	10374
1.52769497	-0.475706118	10375
1.48676488	-0.514400444	10376
1.44496687	-0.54843399	10377
1.40289186	-0.578103923	10378
1.36100658	-0.603753526	10379
1.31968189	-0.625742573	10380
1.27930865	-0.64436756	10381
1.23990861	-0.660150098	10382
1.20158077	-0.673444371	10383
1.16437626	-0.684575167	10384
1.12830583	-0.693844307	10385
1.09334727	-0.701525494	10386
1.05945597	-0.707861207	10387
1.02657147	-0.713066567	10388
0.994620074	-0.717332672	10389
0.963517668	-0.720827839	10390
0.933172332	-0.723699442	10391
0.903485604	-0.726075778	10392
0.874353282	-0.728067704	10393
0.845666059	-0.729770396	10394
0.817310095	-0.731264582	10395
0.789167625	-0.732617915	10396
0.761116944	-0.733885818	10397
0.733033547	-0.735111471	10398
0.704793029	-0.736326849	10399
0.676271648	-0.737555612	10400
0.647346613	-0.738811433	10401
0.61790181	-0.740096772	10402
0.587827918	-0.74140949	10403
0.557021909	-0.742736922	10404
0.525388746	-0.744059149	10405
0.492841487	-0.745344329	10406
0.459297811	-0.746554167	10407
0.424674032	-0.747637103	10408
0.38892321	-0.748513622	10409
0.352021613	-0.749170364	10410
0.313829184	-0.749664086	10411
0.274114624	-0.749901928	10412
0.23268228	-0.749711238	10413
0.18935055	-0.748882835	10414
0.143927443	-0.747148556	10415
0.0962186516	-0.744172291	10416
0.0460084981	-0.739522499	10417
-0.00717598665	-0.732539519	10418
-0.0630920885	-0.722715173	10419
-0.121749569	-0.709303024	10420
-0.183033355	-0.69143172	10421
-0.246645217	-0.668106479	10422
-0.312032834	-0.638236583	10423
-0.378374827	-0.600609655	10424
-0.444444779	-0.553980582	10425
-0.508147225	-0.497703269	10426
-0.567122426	-0.431312101	10427
-0.618610246	-0.355114084	10428
-0.659994195	-0.270518065	10429
-0.689635373	-0.179738679	10430
-0.706836463	-0.0852464996	10431
-0.71118572	0.010717321	10432
-0.70265063	0.10555785	10433
-0.682035125	0.196676185	10434
-0.650734204	0.282248431	10435
-0.610527044	0.360984799	10436
-0.563309414	0.432169827	10437
-0.5108665	0.495597044	10438
-0.454766743	0.551418212	10439
-0.396414987	0.599920091	10440
-0.336705963	0.641836457	10441
-0.276388143	0.677799083	10442
-0.216011376	0.708439474	10443
-0.155968886	0.734351632	10444
-0.0965408453	0.756072804	10445
-0.0379287311	0.774082349	10446
0.0197182076	0.788797382	10447
0.0762808437	0.800583875	10448
0.131658496	0.809761385	10449
0.18567684	0.816587939	10450
0.238266025	0.82133126	10451
0.289405729	0.824238684	10452
0.338985315	0.82551442	10453
0.386867507	0.825394188	10454
0.433031804	0.824232305	10455
0.477571973	0.822231492	10456
0.520558163	0.819518896	10457
0.562041055	0.816209344	10458
0.602078538	0.812401814	10459
0.640739684	0.808179149	10460
0.678104598	0.803609768	10461
0.714264548	0.798749148	10462
0.749324362	0.79364129	10463
0.783399929	0.788314052	10464
0.816616953	0.782783668	10465
0.849110545	0.777051577	10466
0.88102102	0.77110411	10467
0.912491467	0.764913599	10468
0.943665094	0.758436657	10469
0.974681844	0.751613908	10470
1.00567468	0.744369306	10471
1.03676725	0.736611424	10472
1.06807307	0.728232896	10473
1.09969294	0.71910922	10474
1.13171348	0.709099522	10475
1.16420679	0.698045468	10476
1.19722846	0.685769756	10477
1.23081475	0.672076077	10478
1.26498089	0.656749065	10479
1.29971817	0.639551895	10480
1.33498716	0.620225555	10481
1.37070962	0.598494311	10482
1.40676308	0.574070606	10483
1.44300073	0.546616207	10484
1.47921853	0.515750454	10485
1.51501213	0.481262366	10486
1.54997959	0.442879923	10487
1.58361528	0.400392132	10488
1.61531256	0.353652274	10489
1.64433536	0.302568096	10490
1.66987108	0.247207616	10491
1.69109121	0.187839022	10492
1.70719271	0.124953503	10493
1.71737749	0.0592519987	10494
1.7209668	-0.0082605344	10495
1.82047679	-0.0870545735	10496
1.80903448	-0.161545883	10497
1.79027933	-0.23393789	10498
1.76476945	-0.303007652	10499
1.73345684	-0.367778487	10500
1.6973773	-0.427662573	10501
1.65752109	-0.482275351	10502
1.61488625	-0.531485045	10503
1.57039777	-0.575397003	10504
1.52485177	-0.614272796	10505
1.47888607	-0.648406297	10506
1.43300882	-0.678146601	10507
1.38760008	-0.703887968	10508
1.34308684	-0.725926091	10509
1.2995951	-0.744745779	10510
1.25719836	-0.760764549	10511
1.21596835	-0.774326956	10512
1.17593252	-0.785755098	10513
1.13708266	-0.795342545	10514
1.0993859	-0.803350977	10515
1.06279137	-0.81001401	10516
1.02723324	-0.815540404	10517
0.992634129	-0.820115151	10518
0.95890813	-0.823901319	10519
0.925962346	-0.827042008	10520
0.893697866	-0.829662073	10521
0.862010458	-0.831870019	10522
0.830791035	-0.833759325	10523
0.799926018	-0.835409918	10524
0.769296714	-0.83688903	10525
0.738779572	-0.838251188	10526
0.708248226	-0.839539048	10527
0.677573205	-0.84078607	10528
0.64662128	-0.842014519	10529
0.615260865	-0.843233917	10530
0.583361852	-0.844447329	10531
0.550795385	-0.8456452	10532
0.517436092	-0.846808407	10533
0.483162663	-0.847903435	10534
0.447854083	-0.848887535	10535
0.41138191	-0.849701198	10536
0.373653472	-0.85025337	10537
0.334605916	-0.850516146	10538
0.294064401	-0.850528246	10539
0.251770199	-0.850175619	10540
0.207507898	-0.849261287	10541
0.161075324	-0.847546243	10542
0.112259273	-0.844725688	10543
0.0608476939	-0.840419771	10544
0.00660054378	-0.834138874	10545
-0.050977083	-0.82513945	10546
-0.111595556	-0.812877364	10547
-0.175235575	-0.796539554	10548
-0.241735467	-0.775186664	10549
-0.310730542	-0.747758545	10550
-0.381580825	-0.71310714	10551
-0.453348309	-0.669982281	10552
-0.52471576	-0.617069187	10553
-0.593416746	-0.553773555	10554
-0.656954146	-0.479656297	10555
-0.712436903	-0.395069505	10556
-0.757127746	-0.301481805	10557
-0.789277541	-0.201181278	10558
-0.808086339	-0.0967532826	10559
-0.813061447	0.00935210352	10560
-0.804147953	0.114299892	10561
-0.782181759	0.215314639	10562
-0.748621378	0.310434589	10563
-0.705335214	0.398246019	10564
-0.654329393	0.477929977	10565
-0.597513449	0.549202962	10566
-0.536568804	0.612191073	10567
-0.473071014	0.667094165	10568
-0.408020664	0.714685295	10569
-0.342273516	0.755624151	10570
-0.276473661	0.790582253	10571
-0.211092663	0.820203645	10572
-0.146473475	0.845081357	10573
-0.0828657453	0.865752955	10574
-0.0204536815	0.882693521	10575
0.0406202532	0.896324851	10576
0.100242438	0.907018959	10577
0.15823267	0.915079419	10578
0.214503126	0.920812932	10579
0.269078497	0.92451721	10580
0.32187078	0.926429827	10581
0.372764596	0.926813601	10582
0.421764035	0.926045205	10583
0.468990552	0.924345464	10584
0.514539145	0.921855313	10585
0.558487201	0.918700115	10586
0.600923138	0.914986334	10587
0.641948614	0.910801112	10588
0.681676515	0.906214024	10589
0.720229514	0.901278685	10590
0.757741272	0.896034452	10591
0.794352668	0.890501991	10592
0.830209536	0.884688177	10593
0.865461726	0.878583307	10594
0.900258488	0.872161303	10595
0.934746243	0.865381305	10596
0.969066565	0.858186397	10597
1.00335379	0.850503661	10598
1.03773247	0.842243643	10599
1.07231606	0.833301644	10600
1.10720689	0.823557055	10601
1.14249407	0.812872003	10602
1.17825221	0.801091945	10603
1.21454102	0.788044427	10604
1.25140308	0.77353753	10605
1.28886058	0.757359862	10606
1.32691308	0.739280727	10607
1.36553415	0.719047952	10608
1.40466441	0.696387326	10609
1.44420292	0.671008526	10610
1.48400094	0.642611123	10611
1.52394724	0.61076106	10612
1.56366711	0.57523486	10613
1.60279089	0.535740385	10614
1.64087868	0.492005101	10615
1.67738337	0.443824632	10616
1.7116542	0.391068467	10617
1.74291107	0.333669243	10618
1.77029999	0.271726343	10619
1.79295434	0.205548565	10620
1.81003823	0.13567891	10621
1.82072906	0.0628756636	10622
1.82433299	-0.0117963909	10623
1.9381261	-0.0990882268	10624
1.925631	-0.181408227	10625
1.90531506	-0.261489153	10626
1.87776105	-0.338052116	10627
1.84395376	-0.410068134	10628
1.80496941	-0.476901622	10629
1.76184527	-0.538126542	10630
1.71562803	-0.593582539	10631
1.6672922	-0.643355631	10632
1.6176848	-0.687693789	10633
1.56749221	-0.726886235	10634
1.51726562	-0.761286914	10635
1.46742271	-0.791301221	10636
1.41834536	-0.817299902	10637
1.37034959	-0.839646466	10638
1.32345697	-0.858851903	10639
1.27776115	-0.875280706	10640
1.23330746	-0.889275546	10641
1.19010269	-0.901150237	10642
1.14812643	-0.911186138	10643
1.10733782	-0.919635934	10644
1.06767891	-0.926726664	10645
1.02907867	-0.932660619	10646
0.991456326	-0.937617138	10647
0.954723237	-0.941754618	10648
0.918784035	-0.945212272	10649
0.883537509	-0.948112114	10650
0.848877154	-0.950560345	10651
0.814691563	-0.952648936	10652
0.780863575	-0.954456536	10653
0.74727003	-0.956048552	10654
0.713783284	-0.957477907	10655
0.680270308	-0.958787627	10656
0.646591135	-0.960008638	10657
0.612603643	-0.961157932	10658
0.578162674	-0.962244507	10659
0.543119579	-0.96326283	10660
0.507324437	-0.964195504	10661
0.470626666	-0.965008076	10662
0.432870539	-0.965653701	10663
0.393884698	-0.966064551	10664
0.35352979	-0.966136697	10665
0.311702077	-0.965825717	10666
0.268191889	-0.965150259	10667
0.222714249	-0.96397328	10668
0.175034185	-0.962071624	10669
0.124927806	-0.959174076	10670
0.0721593497	-0.954936392	10671
0.0164981005	-0.948932006	10672
-0.0423271486	-0.940605999	10673
-0.104811656	-0.929136245	10674
-0.170635514	-0.913935176	10675
-0.239748834	-0.894120898	10676
-0.311940858	-0.868684489	10677
-0.386777084	-0.836499706	10678
-0.463525804	-0.796361422	10679
-0.541117843	-0.746995541	10680
-0.61815979	-0.686994554	10681
-0.692201406	-0.615831629	10682
-0.760603233	-0.533097999	10683
-0.820338717	-0.439194563	10684
-0.868545383	-0.335653736	10685
-0.903359643	-0.224842014	10686
-0.923875506	-0.109465706	10687
-0.929516786	0.00780948509	10688
-0.920203377	0.123902128	10689
-0.896800193	0.235853757	10690
-0.860827268	0.341556746	10691
-0.814241887	0.439464076	10692
-0.759161915	0.528643838	10693
-0.697624302	0.608726518	10694
-0.631445395	0.679781595	10695
-0.562326853	0.741982608	10696
-0.491429858	0.796069541	10697
-0.419710233	0.842747531	10698
-0.347914289	0.882725654	10699
-0.27659979	0.916697073	10700
-0.206179861	0.945311072	10701
-0.136958945	0.969165079	10702
-0.069161828	0.988794765	10703
-0.00295875222	1.00468108	10704
0.0615205828	1.01725234	10705
0.124097664	1.02686457	10706
0.184649476	1.03386076	10707
0.243255993	1.03859804	10708
0.299855502	1.04135137	10709
0.354358845	1.04241386	10710
0.406797939	1.0421868	10711
0.457323634	1.04091064	10712
0.506057028	1.03874113	10713
0.553103912	1.03581486	10714
0.598584839	1.03224609	10715
0.642634751	1.02812612	10716
0.685398678	1.02352509	10717
0.727028568	1.01849391	10718
0.767683377	1.01306633	10719
0.807524346	1.00725493	10720
0.846712224	1.00105657	10721
0.885406405	0.994450117	10722
0.92376049	0.987397107	10723
0.961920715	0.979843815	10724
1.00002478	0.971720279	10725
1.03820044	0.96294052	10726
1.07656386	0.953402032	10727
1.11521903	0.94298697	10728
1.15425815	0.931561374	10729
1.19375967	0.918973667	10730
1.23378695	0.905055152	10731
1.27438771	0.88961869	10732
1.31559141	0.872457182	10733
1.35740562	0.853343667	10734
1.39981325	0.832031781	10735
1.44276878	0.808253878	10736
1.48619124	0.781720644	10737
1.52995517	0.752127467	10738
1.57394028	0.719093853	10739
1.61789925	0.682287337	10740
1.66145296	0.641454579	10741
1.7042091	0.596283901	10742
1.74568787	0.546504281	10743
1.78529912	0.491920181	10744
1.8223466	0.432419948	10745
1.85600505	0.367964342	10746
1.88537829	0.298687724	10747
1.90956133	0.224943246	10748
1.92768566	0.147329331	10749
1.93890484	0.0666647049	10750
1.94251085	-0.0159236546	10751
2.07266106	-0.112611834	10752
2.05902744	-0.203589855	10753
2.03702952	-0.292180249	10754
2.00727534	-0.377046599	10755
1.970783	-0.457105807	10756
1.92866985	-0.531672229	10757
1.88202107	-0.600275758	10758
1.83193328	-0.662724935	10759
1.77943194	-0.71908407	10760
1.72541653	-0.769585466	10761
1.67062346	-0.81451216	10762
1.6156485	-0.854221765	10763
1.56094867	-0.889129722	10764
1.50687722	-0.919674281	10765
1.45389426	-0.946126188	10766
1.40201954	-0.969053038	10767
1.351354	-0.988853335	10768
1.30196213	-1.00589039	10769
1.25386687	-1.02049841	10770
1.20706124	-1.0329787	10771
1.16151505	-1.0436034	10772
1.11717866	-1.05261827	10773
1.07398745	-1.06024336	10774
1.03186556	-1.06667475	10775
0.990727974	-1.07208654	10776
0.950481848	-1.07663265	10777
0.911027654	-1.0804488	10778
0.872259856	-1.08365397	10779
0.834067491	-1.08635201	10780
0.796333305	-1.08863263	10781
0.758933294	-1.09057157	10782
0.721737965	-1.09223133	10783
0.684611181	-1.09366378	10784
0.647407944	-1.09490786	10785
0.609978628	-1.09598755	10786
0.572167342	-1.09691756	10787
0.533811091	-1.09769646	10788
0.49474167	-1.09830888	10789
0.454785978	-1.09871997	10790
0.413760374	-1.09887933	10791
0.371456005	-1.0987111	10792
0.327689263	-1.09809792	10793
0.282316185	-1.09697768	10794
0.235093767	-1.09534771	10795
0.185712717	-1.09304693	10796
0.133918889	-1.08982471	10797
0.0794656553	-1.08537568	10798
0.022093575	-1.07931378	10799
-0.0384474739	-1.07116317	10800
-0.102470177	-1.06029424	10801
-0.17043993	-1.04581932	10802
-0.242028694	-1.02709531	10803
-0.317155296	-1.00316924	10804
-0.39555823	-0.972961032	10805
-0.476730577	-0.935277567	10806
-0.559845484	-0.888856872	10807
-0.643688273	-0.832417115	10808
-0.726804494	-0.764431338	10809
-0.806547956	-0.684456852	10810
-0.880132042	-0.592119154	10811
-0.944390114	-0.487871959	10812
-0.996330005	-0.373315918	10813
-1.03396944	-0.250901438	10814
-1.05629308	-0.123462343	10815
-1.06263885	0.00611328119	10816
-1.05289874	0.134491364	10817
-1.02796367	0.258523969	10818
-0.989413121	0.375949317	10819
-0.93929279	0.48507736	10820
-0.879833549	0.584853395	10821
-0.813202695	0.674812572	10822
-0.741355966	0.754959278	10823
-0.666129598	0.825430634	10824
-0.588844976	0.886933826	10825
-0.510569111	0.9402114	10826
-0.432158173	0.986007147	10827
-0.354263625	1.02506206	10828
-0.277375766	1.05808177	10829
-0.201860051	1.08572489	10830
-0.127987037	1.10858995	10831
-0.0559587502	1.12722011	10832
0.0140763032	1.14210349	10833
0.0819525392	1.15365722	10834
0.147489455	1.16225411	10835
0.210833809	1.16832085	10836
0.271953303	1.17217358	10837
0.33078871	1.17413868	10838
0.387402131	1.17464398	10839
0.441974346	1.17395071	10840
0.494652554	1.17223013	10841
0.545571235	1.16963053	10842
0.594882924	1.16627407	10843
0.642754467	1.16225588	10844
0.689360237	1.15764617	10845
0.734877412	1.15249253	10846
0.779485336	1.14682258	10847
0.823360388	1.14064059	10848
0.866673257	1.13393345	10849
0.909588642	1.12666892	10850
0.952261345	1.11879674	10851
0.994835493	1.11025098	10852
1.03744412	1.10094926	10853
1.08020848	1.09079297	10854
1.12323704	1.0796668	10855
1.16662526	1.06743975	10856
1.21045603	1.0539643	10857
1.25479776	1.03907481	10858
1.29970284	1.02258799	10859
1.34520675	1.00430158	10860
1.39132526	0.983992933	10861
1.43805029	0.961419256	10862
1.48534672	0.936318444	10863
1.5331483	0.908407527	10864
1.58135057	0.877382481	10865
1.62981382	0.842911325	10866
1.67842238	0.804552066	10867
1.72678164	0.762099412	10868
1.77453979	0.715226363	10869
1.82126472	0.663621118	10870
1.8664349	0.60701657	10871
1.90941566	0.54522858	10872
1.94946403	0.478167301	10873
1.98570867	0.405825103	10874
2.01721062	0.328375157	10875
2.04302648	0.246218868	10876
2.06225557	0.160013781	10877
2.07402847	0.0706421851	10878
2.07762394	-0.0207044035	10879
2.2265065	-0.127787111	10880
2.21164174	-0.228348593	10881
2.18783021	-0.326364706	10882
2.1557057	-0.42044004	10883
2.11632006	-0.50943564	10884
2.0708323	-0.592613562	10885
2.02037623	-0.669457029	10886
1.96609935	-0.739740879	10887
1.90907936	-0.803505194	10888
1.8502695	-0.860964377	10889
1.79045751	-0.91239353	10890
1.73028511	-0.958152485	10891
1.67025034	-0.998665316	10892
1.61074441	-1.0343817	10893
1.55217691	-1.06565105	10894
1.49476283	-1.09291893	10895
1.43854745	-1.1166781	10896
1.38361584	-1.13731226	10897
1.33000842	-1.1551759	10898
1.2777328	-1.17059028	10899
1.22677042	-1.1838471	10900
1.1770807	-1.19521106	10901
1.128606	-1.2049202	10902
1.08127566	-1.21318759	10903
1.03500828	-1.2202033	10904
0.989713309	-1.22613614	10905
0.945292366	-1.23113566	10906
0.901640106	-1.23533359	10907
0.858645025	-1.23884553	10908
0.816188725	-1.24177186	10909
0.774145376	-1.24419814	10910
0.732382921	-1.24619571	10911
0.690761913	-1.24782442	10912
0.649132894	-1.24913021	10913
0.607340246	-1.2501431	10914
0.565219955	-1.2508826	10915
0.522598521	-1.25135066	10916
0.479294546	-1.25153353	10917
0.435118813	-1.25139581	10918
0.389867442	-1.2508839	10919
0.343301734	-1.24991431	10920
0.295199093	-1.24835632	10921
0.24537842	-1.24612964	10922
0.193566603	-1.24320979	10923
0.13943311	-1.23941132	10924
0.0827058706	-1.23445544	10925
0.023115485	-1.22800125	10926
-0.0396212283	-1.21961911	10927
-0.105773667	-1.20878207	10928
-0.175708769	-1.19477415	10929
-0.249825353	-1.17666305	10930
-0.327811999	-1.15373417	10931
-0.409556176	-1.12496138	10932
-0.494744709	-1.08919185	10933
-0.582796448	-1.0451648	10934
-0.672786733	-0.991561617	10935
-0.763367515	-0.927077576	10936
-0.852961565	-0.850136158	10937
-0.938792199	-0.760296971	10938
-1.01789574	-0.657256771	10939
-1.08696105	-0.54152633	10940
-1.1428619	-0.414779399	10941
-1.18349319	-0.279556286	10942
-1.20772708	-0.138825259	10943
-1.21481342	0.00429645082	10944
-1.20461371	0.146216166	10945
-1.17804182	0.283590072	10946
-1.13673449	0.413993709	10947
-1.08282528	0.535583875	10948
-1.01865917	0.647172872	10949
-0.946536558	0.748190848	10950
-0.868556802	0.838568287	10951
-0.78670018	0.918393459	10952
-0.702444927	0.98834539	10953
-0.61698119	1.04919315	10954
-0.531282231	1.10171203	10955
-0.446100287	1.14668916	10956
-0.362009382	1.18488626	10957
-0.279441719	1.21702405	10958
-0.198718325	1.24376589	10959
-0.120076533	1.26571982	10960
-0.0436859501	1.28343698	10961
0.0303149835	1.29740586	10962
0.10166137	1.30801861	10963
0.170579022	1.31578246	10964
0.237067161	1.32105805	10965
0.301098994	1.32420757	10966
0.362767723	1.32568692	10967
0.422282983	1.32577884	10968
0.479816524	1.32467046	10969
0.535530183	1.32252202	10970
0.589606484	1.31946358	10971
0.642240914	1.31559394	10972
0.693632776	1.31098308	10973
0.743979377	1.30567512	10974
0.793475212	1.29969168	10975
0.84230696	1.29302908	10976
0.89065124	1.28566491	10977
0.938675092	1.27755666	10978
0.98653268	1.26864317	10979
1.03436521	1.25884707	10980
1.082301	1.24807416	10981
1.13045526	1.23621368	10982
1.17892942	1.22313763	10983
1.227811	1.20870186	10984
1.27717397	1.19274509	10985
1.32707673	1.17508739	10986
1.37756032	1.15553062	10987
1.42864731	1.13385716	10988
1.48033862	1.10982872	10989
1.53260913	1.08318672	10990
1.58540401	1.05365353	10991
1.63863438	1.02093134	10992
1.69217023	0.984702135	10993
1.74591978	0.944532051	10994
1.79957524	0.900141433	10995
1.85278798	0.851236627	10996
1.90516642	0.797489144	10997
1.95623663	0.738589619	10998
2.00543353	0.674277677	10999
2.05207655	0.604383517	11000
2.09537501	0.528842364	11001
2.13441073	0.447681948	11002
2.16820165	0.361118298	11003
2.19576614	0.269605118	11004
2.21617203	0.173862838	11005
2.22852789	0.0748404529	11006
2.23210043	-0.0262036817	11007
2.40243511	-0.144793354	11008
2.38623857	-0.255974409	11009
2.36046949	-0.364442794	11010
2.32578778	-0.468742767	11011
2.28327935	-0.567677868	11012
2.23414514	-0.660455668	11013
2.17956812	-0.746510134	11014
2.12074739	-0.82557972	11015
2.05881384	-0.897677612	11016
1.99477556	-0.96299787	11017
1.9294727	-1.02180567	11018
1.86359419	-1.07446126	11019
1.79768068	-1.12139556	11020
1.73216313	-1.16306803	11021
1.66740218	-1.19991161	11022
1.60380752	-1.23223884	11023
1.54137234	-1.26063989	11024
1.48020389	-1.28551827	11025
1.42036162	-1.30724823	11026
1.36186917	-1.32617069	11027
1.30472088	-1.34259675	11028
1.24888634	-1.35680994	11029
1.19431589	-1.36906625	11030
1.14094488	-1.37959576	11031
1.08869616	-1.38860452	11032
1.03748189	-1.39627618	11033
0.987205073	-1.40277409	11034
0.937760603	-1.4082426	11035
0.889036309	-1.41280878	11036
0.840912393	-1.41658335	11037
0.793260907	-1.41966109	11038
0.745946967	-1.42212149	11039
0.698827757	-1.42403148	11040
0.651749679	-1.42544296	11041
0.604551943	-1.42639082	11042
0.557063931	-1.42689818	11043
0.509104037	-1.42696921	11044
0.460481162	-1.4265907	11045
0.410994923	-1.42572593	11046
0.360428116	-1.42431781	11047
0.308520354	-1.42227545	11048
0.255016918	-1.41945498	11049
0.199704411	-1.41575778	11050
0.142284239	-1.41113752	11051
0.0824088854	-1.40538455	11052
0.0197909157	-1.39819175	11053
-0.045860221	-1.38918193	11054
-0.114849738	-1.37788099	11055
-0.187464623	-1.36370988	11056
-0.264139565	-1.34585303	11057
-0.345166525	-1.3233609	11058
-0.430275117	-1.29542942	11059
-0.519321591	-1.26095744	11060
-0.611940692	-1.21871805	11061
-0.707475915	-1.16738214	11062
-0.804902908	-1.10557463	11063
-0.902750614	-1.03195331	11064
-0.999266075	-0.944962385	11065
-1.09159921	-0.844080379	11066
-1.17658328	-0.72911276	11067
-1.25075864	-0.600631783	11068
-1.31086084	-0.460389512	11069
-1.35465807	-0.311022593	11070
-1.38090707	-0.155640945	11071
-1.38876768	0.00240233613	11072
-1.37806841	0.159250275	11073
-1.34974301	0.311356844	11074
-1.30548322	0.456126122	11075
-1.24750975	0.591551268	11076
-1.17828265	0.716301029	11077
-1.10023786	0.829690554	11078
-1.01562232	0.93156728	11079
-0.926570476	1.02195589	11080
-0.834711594	1.10151609	11081
-0.741371401	1.17102982	11082
-0.647647032	1.23130021	11083
-0.554398102	1.28315845	11084
-0.46228843	1.32742164	11085
-0.371822229	1.36487319	11086
-0.283375231	1.39624281	11087
-0.197223181	1.42220569	11088
-0.113558777	1.44337876	11089
-0.0325093413	1.4603207	11090
0.045641301	1.47346676	11091
0.121114334	1.483378	11092
0.193973074	1.49047494	11093
0.2642239	1.49515758	11094
0.331990143	1.49791086	11095
0.397507406	1.49903932	11096
0.460968863	1.49874619	11097
0.522560874	1.49720387	11098
0.58249245	1.49455044	11099
0.640983145	1.49088839	11100
0.698251963	1.48628768	11101
0.754511066	1.48078933	11102
0.809965294	1.4744097	11103
0.86480767	1.46713807	11104
0.919217801	1.45894383	11105
0.973363143	1.44977527	11106
1.02739618	1.43956133	11107
1.08145485	1.42821408	11108
1.13566286	1.41562814	11109
1.1901296	1.40168094	11110
1.24494972	1.38623207	11111
1.30020281	1.36912424	11112
1.35595372	1.35018247	11113
1.41225022	1.32921245	11114
1.46912111	1.30600119	11115
1.52657477	1.28031584	11116
1.58459578	1.25190266	11117
1.6431402	1.22048764	11118
1.70213156	1.18577823	11119
1.76145619	1.1474626	11120
1.82100234	1.10515992	11121
1.88058355	1.05848274	11122
1.93983927	1.00717316	11123
1.99841759	0.95089654	11124
2.05588506	0.889325376	11125
2.11172385	0.822155747	11126
2.16532367	0.749137281	11127
2.2159568	0.670117876	11128
2.26278401	0.585061436	11129
2.30483979	0.494035079	11130
2.3410989	0.39730196	11131
2.37054188	0.295372258	11132
2.39220599	0.189033105	11133
2.40517897	0.079303346	11134
2.40871677	-0.0324895757	11135
2.60361713	-0.163831072	11136
2.58597877	-0.286795809	11137
2.55809355	-0.406870643	11138
2.52064786	-0.522538287	11139
2.47476176	-0.632543212	11140
2.42167828	-0.736036386	11141
2.36262973	-0.832399936	11142
2.29886727	-0.921333175	11143
2.2315757	-1.00281955	11144
2.16181877	-1.07703012	11145
2.09048989	-1.14421783	11146
2.01832636	-1.20474118	11147
1.94591298	-1.25903565	11148
1.87372219	-1.30756838	11149
1.80212706	-1.35080564	11150
1.73155454	-1.38907737	11151
1.66212509	-1.42291372	11152
1.59391186	-1.45278969	11153
1.52699524	-1.47909842	11154
1.46141662	-1.50219978	11155
1.39718487	-1.52242374	11156
1.33428135	-1.54007224	11157
1.27266579	-1.55541888	11158
1.21228087	-1.56871044	11159
1.15305487	-1.58016869	11160
1.09490373	-1.58999192	11161
1.03773276	-1.59835699	11162
0.98143789	-1.60542054	11163
0.925906926	-1.61132076	11164
0.871019214	-1.61617822	11165
0.816645147	-1.62009638	11166
0.762647431	-1.62316215	11167
0.708880333	-1.62544864	11168
0.655186715	-1.62701274	11169
0.601401435	-1.62789303	11170
0.547348425	-1.62811499	11171
0.492839616	-1.62768362	11172
0.437676506	-1.62658488	11173
0.381651008	-1.62477949	11174
0.324538101	-1.62220598	11175
0.26606322	-1.61876587	11176
0.205946791	-1.61430207	11177
0.143948797	-1.60869753	11178
0.0797505454	-1.60188412	11179
0.0129925963	-1.59362828	11180
-0.0566239932	-1.58359463	11181
-0.129407434	-1.57136958	11182
-0.205681143	-1.5564345	11183
-0.285746027	-1.53815835	11184
-0.370116954	-1.51561208	11185
-0.458937801	-1.48786114	11186
-0.552001042	-1.45399349	11187
-0.649131497	-1.41283195	11188
-0.749911536	-1.36307467	11189
-0.853608622	-1.30332382	11190
-0.959097501	-1.23214835	11191
-1.06478229	-1.14816989	11192
-1.16872191	-1.04987703	11193
-1.26800964	-0.936630214	11194
-1.35926452	-0.808365306	11195
-1.43887488	-0.665720612	11196
-1.50343431	-0.510532008	11197
-1.55058074	-0.345539264	11198
-1.57895293	-0.174001359	11199
-1.58761898	0.000486164733	11200
-1.57637206	0.173796672	11201
-1.54616275	0.342175672	11202
-1.49873539	0.502846762	11203
-1.43639699	0.65362863	11204
-1.36172333	0.793035568	11205
-1.27728812	0.920257405	11206
-1.18548942	1.03504906	11207
-1.08862624	1.13735479	11208
-0.988471204	1.22782754	11209
-0.886498197	1.30724585	11210
-0.783934516	1.37643659	11211
-0.68175328	1.43627244	11212
-0.580713719	1.48762474	11213
-0.481396905	1.53133959	11214
-0.384237173	1.56821411	11215
-0.289551564	1.59899237	11216
-0.19755783	1.62435927	11217
-0.108393667	1.64493846	11218
-0.0222813675	1.66124277	11219
0.0608937303	1.67384629	11220
0.141295458	1.68324872	11221
0.218961968	1.68988916	11222
0.294043696	1.69428205	11223
0.366797588	1.69675386	11224
0.437433827	1.69752405	11225
0.50615933	1.69677754	11226
0.573205097	1.69466083	11227
0.638809532	1.69128053	11228
0.703205972	1.68670724	11229
0.766616529	1.68097986	11230
0.829252305	1.67411061	11231
0.891309559	1.66608307	11232
0.952968726	1.6568597	11233
1.01439629	1.64638086	11234
1.07574226	1.63456665	11235
1.13714089	1.62131945	11236
1.19871102	1.60652339	11237
1.260556	1.59004459	11238
1.3227633	1.57173056	11239
1.38540397	1.55141117	11240
1.4485328	1.52889792	11241
1.51218579	1.50398244	11242
1.57637804	1.4764372	11243
1.64110203	1.44601453	11244
1.70632407	1.41244584	11245
1.77197933	1.37544249	11246
1.83796744	1.33469795	11247
1.90415207	1.28988309	11248
1.97045629	1.24053035	11249
2.03650882	1.18640403	11250
2.10199369	1.12715974	11251
2.16651827	1.06246136	11252
2.22960513	0.991985348	11253
2.29069057	0.915436709	11254
2.34911743	0.832578853	11255
2.40410978	0.743281193	11256
2.4547792	0.647540295	11257
2.50011259	0.545466996	11258
2.53904171	0.43737606	11259
2.57050997	0.323838441	11260
2.59352512	0.205711841	11261
2.60715544	0.0840880913	11262
2.61064751	-0.0396340739	11263
2.83367718	-0.185126989	11264
2.81447564	-0.321188043	11265
2.78429823	-0.45417161	11266
2.74385797	-0.5824977	11267
2.69430908	-0.70485021	11268
2.63693657	-0.820321442	11269
2.57302211	-0.928239115	11270
2.50386906	-1.02826057	11271
2.43071658	-1.12033649	11272
2.35468464	-1.204612	11273
2.27672065	-1.28132515	11274
2.19761129	-1.35083001	11275
2.11798706	-1.41356385	11276
2.03836372	-1.46999883	11277
1.95915422	-1.52060984	11278
1.88072885	-1.56581434	11279
1.80341056	-1.60600589	11280
1.72721757	-1.64175446	11281
1.65225341	-1.67347072	11282
1.57857936	-1.70153233	11283
1.5062209	-1.7262872	11284
1.43517315	-1.74805485	11285
1.36540721	-1.76712582	11286
1.29687493	-1.78376294	11287
1.2295118	-1.79820319	11288
1.16323916	-1.81065898	11289
1.09796622	-1.82132018	11290
1.03359137	-1.83035525	11291
0.970003764	-1.83791298	11292
0.907083115	-1.84412322	11293
0.844699331	-1.84909744	11294
0.782713808	-1.85292924	11295
0.720978972	-1.8556971	11296
0.659335257	-1.85746188	11297
0.597614364	-1.85826477	11298
0.535636111	-1.85813235	11299
0.473207487	-1.85706911	11300
0.410124384	-1.85505868	11301
0.346173484	-1.85205769	11302
0.281126182	-1.84799907	11303
0.214700253	-1.84277599	11304
0.14659826	-1.83621788	11305
0.0765594142	-1.82818889	11306
0.00425045908	-1.81859889	11307
-0.0706946115	-1.80719053	11308
-0.148581491	-1.79360028	11309
-0.229730938	-1.77737831	11310
-0.314478722	-1.75796223	11311
-0.403133907	-1.73467011	11312
-0.496301576	-1.70644576	11313
-0.593937084	-1.67240486	11314
-0.695913652	-1.63150996	11315
-0.802023519	-1.58250797	11316
-0.911796	-1.52402217	11317
-1.02442195	-1.45458637	11318
-1.13867446	-1.37271433	11319
-1.25283168	-1.27699323	11320
-1.364754	-1.16598021	11321
-1.47149292	-1.03888061	11322
-1.56944423	-0.895781963	11323
-1.65484133	-0.73739329	11324
-1.7241327	-0.565639994	11325
-1.77482293	-0.383372029	11326
-1.80543058	-0.194004938	11327
-1.81493061	-0.00138304502	11328
-1.80307867	0.190092377	11329
-1.77083903	0.376452246	11330
-1.72000616	0.554730452	11331
-1.6529723	0.722560038	11332
-1.57242937	0.878289634	11333
-1.48109067	1.02097311	11334
-1.38150847	1.15026307	11335
-1.27615668	1.26600469	11336
-1.16694235	1.36885959	11337
-1.05549987	1.45958447	11338
-0.943192485	1.53902529	11339
-0.831112497	1.60809306	11340
-0.720119785	1.66771157	11341
-0.610876857	1.71878906	11342
-0.503880422	1.76219039	11343
-0.399491781	1.79872956	11344
-0.297956048	1.82916078	11345
-0.19942333	1.8541741	11346
-0.104036491	1.87437181	11347
-0.0118296075	1.89031975	11348
0.0774754778	1.90260853	11349
0.163945071	1.91171701	11350
0.247751732	1.9181893	11351
0.329167746	1.92237373	11352
0.408414991	1.92450636	11353
0.485716303	1.92478529	11354
0.561319659	1.92336612	11355
0.635476901	1.9203605	11356
0.708430553	1.91584074	11357
0.780408286	1.90984499	11358
0.851623992	1.90238282	11359
0.922274589	1.89343361	11360
0.992539501	1.88295436	11361
1.06258291	1.87087878	11362
1.13255136	1.85711929	11363
1.20257457	1.84156952	11364
1.27276572	1.82410387	11365
1.34322119	1.80457785	11366
1.41402016	1.78282744	11367
1.48522387	1.75867023	11368
1.55687553	1.73190475	11369
1.62899757	1.70230916	11370
1.70158946	1.66964209	11371
1.77462562	1.6336419	11372
1.84805175	1.59402615	11373
1.92177969	1.55049277	11374
1.99568264	1.50272273	11375
2.06967689	1.45028983	11376
2.14347971	1.39288677	11377
2.21677394	1.33018842	11378
2.28920445	1.26184686	11379
2.36033567	1.18752748	11380
2.42964406	1.10691416	11381
2.49651811	1.0197249	11382
2.56025225	0.925741235	11383
2.62002137	0.824858441	11384
2.67488744	0.717110166	11385
2.72378977	0.602655617	11386
2.76561755	0.481865875	11387
2.79927801	0.355377077	11388
2.82375067	0.224121358	11389
2.83808588	0.0892666506	11390
2.84152232	-0.0477148656	11391
3.09675949	-0.208935341	11392
3.07586022	-0.359578	11393
3.04319382	-0.506944796	11394
2.99950016	-0.649391864	11395
2.94596747	-0.785541023	11396
2.88392245	-0.914423847	11397
2.81469589	-1.03531107	11398
2.73964329	-1.1478151	11399
2.66005835	-1.25185061	11400
2.57711768	-1.34753351	11401
2.49182323	-1.43508386	11402
2.40501213	-1.51484808	11403
2.31736218	-1.58726179	11404
2.22943438	-1.65279891	11405
2.14168355	-1.71194016	11406
2.05446416	-1.76515872	11407
1.96818914	-1.81280155	11408
1.88293691	-1.85543603	11409
1.79880034	-1.89352058	11410
1.71586318	-1.92744909	11411
1.63417	-1.95758602	11412
1.55373216	-1.98426726	11413
1.47453454	-2.00779918	11414
1.39654055	-2.02845977	11415
1.31969515	-2.04650032	11416
1.24392733	-2.06214658	11417
1.16915231	-2.0756007	11418
1.09527307	-2.08704223	11419
1.02218208	-2.09662986	11420
0.94976135	-2.10450198	11421
0.877882162	-2.11077736	11422
0.806406384	-2.11555547	11423
0.735186339	-2.11891927	11424
0.664061775	-2.12093265	11425
0.592862987	-2.12163833	11426
0.521407487	-2.12106283	11427
0.449499184	-2.1192088	11428
0.376930212	-2.11605612	11429
0.303484148	-2.11155571	11430
0.228932241	-2.10563342	11431
0.152990279	-2.09817311	11432
0.0753495671	-2.08899007	11433
-0.00426567269	-2.07792909	11434
-0.0861978613	-2.06487758	11435
-0.170814266	-2.04955416	11436
-0.258422113	-2.031567	11437
-0.3493485	-2.01043034	11438
-0.443934185	-1.98553919	11439
-0.542488846	-1.95616268	11440
-0.645715038	-1.92110448	11441
-0.753340424	-1.87956748	11442
-0.865332402	-1.83037342	11443
-0.981448035	-1.77219491	11444
-1.10116203	-1.70358182	11445
-1.22358775	-1.62300095	11446
-1.34739601	-1.5289125	11447
-1.47073838	-1.41987132	11448
-1.5912683	-1.29452744	11449
-1.70600828	-1.15189538	11450
-1.81112399	-0.992234748	11451
-1.90269181	-0.81632999	11452
-1.97701258	-0.626201934	11453
-2.03145502	-0.424817974	11454
-2.0644158	-0.215757701	11455
-2.07477564	-0.00312022209	11456
-2.06225061	0.208414041	11457
-2.02781554	0.414655459	11458
-1.97331243	0.612438806	11459
-1.90121745	0.799200035	11460
-1.81433874	0.973110613	11461
-1.71553053	1.13307751	11462
-1.60750197	1.27864083	11463
-1.49291167	1.40952663	11464
-1.37379157	1.52642249	11465
-1.25194837	1.63004304	11466
-1.12888659	1.72124801	11467
-1.005823	1.80098289	11468
-0.883723121	1.87022138	11469
-0.763335411	1.92993242	11470
-0.645222888	1.98104812	11471
-0.529794511	2.02445247	11472
-0.417325826	2.0609694	11473
-0.307982509	2.0913557	11474
-0.201828828	2.11630775	11475
-0.0990419474	2.13637956	11476
0.000733907787	2.15224434	11477
0.0976033733	2.16442735	11478
0.191754517	2.17350227	11479
0.283467961	2.17983937	11480
0.37297146	2.18369191	11481
0.460498762	2.18527214	11482
0.546309548	2.18474587	11483
0.630663703	2.18223097	11484
0.713808038	2.17780297	11485
0.795971749	2.17150087	11486
0.87736835	2.16333328	11487
0.958192975	2.15327703	11488
1.0386221	2.14128516	11489
1.11881596	2.12728614	11490
1.19891613	2.11118589	11491
1.27904635	2.09287041	11492
1.35931259	2.07220535	11493
1.43980263	2.04903644	11494
1.52058558	2.02318907	11495
1.60171087	1.99446934	11496
1.68320797	1.96266377	11497
1.76508346	1.92753803	11498
1.84731864	1.88883803	11499
1.92986729	1.84628944	11500
2.01265178	1.79959748	11501
2.09555777	1.74844831	11502
2.17848355	1.69245947	11503
2.26122734	1.63126974	11504
2.34346976	1.5645753	11505
2.42488638	1.49201741	11506
2.50508035	1.41324792	11507
2.58357083	1.32793735	11508
2.65978604	1.23578117	11509
2.73306475	1.13651502	11510
2.80265158	1.02994353	11511
2.86767146	0.915992697	11512
2.92713653	0.794738075	11513
2.97993883	0.666392163	11514
3.02492566	0.531387228	11515
3.06096919	0.39042906	11516
3.08702225	0.244528084	11517
3.10211885	0.0949314383	11518
3.10549131	-0.0568130897	11519
3.39760262	-0.235540223	11520
3.37485559	-0.402450411	11521
3.33947915	-0.565875104	11522
3.29224003	-0.724105316	11523
3.23436023	-0.875699195	11524
3.16720775	-1.01962547	11525
3.09216201	-1.15509522	11526
3.01063042	-1.28167277	11527
2.92396121	-1.3992332	11528
2.83338789	-1.50785954	11529
2.7399675	-1.6077502	11530
2.64458868	-1.6992401	11531
2.54797826	-1.78275912	11532
2.45074459	-1.85877901	11533
2.3533866	-1.92778281	11534
2.25629822	-1.99025094	11535
2.1598295	-2.04661914	11536
2.06427393	-2.09731	11537
1.96966765	-2.14287348	11538
1.87611987	-2.18371754	11539
1.78369725	-2.22022135	11540
1.69243038	-2.25273554	11541
1.60232087	-2.28158086	11542
1.51334654	-2.30704915	11543
1.42546461	-2.32940486	11544
1.33861441	-2.34888601	11545
1.25271989	-2.36570603	11546
1.16769121	-2.38005462	11547
1.08342668	-2.39209946	11548
0.999813148	-2.40198656	11549
0.916725743	-2.40984107	11550
0.834029277	-2.41576739	11551
0.751578418	-2.41985201	11552
0.669214678	-2.42216082	11553
0.586769418	-2.42273702	11554
0.504060349	-2.42160589	11555
0.420890785	-2.41876706	11556
0.337051447	-2.41419521	11557
0.252325086	-2.40783406	11558
0.166485974	-2.39960079	11559
0.0792531111	-2.38936879	11560
-0.00968707795	-2.37693849	11561
-0.100619541	-2.36213459	11562
-0.19389052	-2.34482133	11563
-0.289863332	-2.32469276	11564
-0.388841266	-2.30132836	11565
-0.49115087	-2.27420673	11566
-0.597129504	-2.24268171	11567
-0.70720397	-2.20589165	11568
-0.821803385	-2.16274046	11569
-0.940765559	-2.11230344	11570
-1.06403605	-2.05333254	11571
-1.19133229	-1.98442965	11572
-1.32207149	-1.90407435	11573
-1.45528787	-1.8106693	11574
-1.5895492	-1.70262388	11575
-1.72288005	-1.57846356	11576
-1.85272051	-1.4369552	11577
-1.97607456	-1.27688957	11578
-2.08887305	-1.09871758	11579
-2.18703405	-0.903303926	11580
-2.26670897	-0.692770895	11581
-2.32512881	-0.470210704	11582
-2.36056716	-0.239374389	11583
-2.37180978	-0.00462139749	11584
-2.35853126	0.229084703	11585
-2.3217139	0.457327978	11586
-2.26324445	0.67673456	11587
-2.18568148	0.884531647	11588
-2.09194901	1.07870183	11589
-1.98504309	1.25799395	11590
-1.86784627	1.4217982	11591
-1.74316738	1.56978106	11592
-1.61319724	1.70259342	11593
-1.47991138	1.82091303	11594
-1.34496051	1.92560733	11595
-1.20969092	2.0176515	11596
-1.07517872	2.09806565	11597
-0.942262991	2.16787703	11598
-0.811577445	2.22808331	11599
-0.683582879	2.27963747	11600
-0.558589442	2.32343237	11601
-0.43678294	2.36029077	11602
-0.318235903	2.39097006	11603
-0.20301325	2.41611774	11604
-0.0909701557	2.43637056	11605
0.0181276987	2.45234308	11606
0.124475961	2.46463835	11607
0.228355934	2.47364881	11608
0.329995148	2.47964586	11609
0.429632995	2.48285714	11610
0.52753539	2.48346	11611
0.623964807	2.48158009	11612
0.719167535	2.47729781	11613
0.813370337	2.47065482	11614
0.906783134	2.4616606	11615
0.999596589	2.45029111	11616
1.09198187	2.43649708	11617
1.18409305	2.42020316	11618
1.27606456	2.40131018	11619
1.36801195	2.37969774	11620
1.46003168	2.35522393	11621
1.55220058	2.32772594	11622
1.64457515	2.29701967	11623
1.73719039	2.26290103	11624
1.83005923	2.22514579	11625
1.92316948	2.18350855	11626
2.01648132	2.13772412	11627
2.10992471	2.08750721	11628
2.2033955	2.03255272	11629
2.29678018	1.97250992	11630
2.38993377	1.90699004	11631
2.48254053	1.8357043	11632
2.57429977	1.75829484	11633
2.66484555	1.67440282	11634
2.75373666	1.58368386	11635
2.84044466	1.48581786	11636
2.92434745	1.38051655	11637
3.00473233	1.26753851	11638
3.08079277	1.14671691	11639
3.15160315	1.01801389	11640
3.21612579	0.881552133	11641
3.27320587	0.737602666	11642
3.32164973	0.58666404	11643
3.36029585	0.429516284	11644
3.38807194	0.267252032	11645
3.40399735	0.101200788	11646
3.40729963	-0.0670118051	11647
3.74162441	-0.265260904	11648
3.71686165	-0.450357363	11649
3.67852571	-0.63174691	11650
3.62741018	-0.807654037	11651
3.56477046	-0.976571486	11652
3.49201528	-1.13740287	11653
3.41057213	-1.28929675	11654
3.32189987	-1.43176593	11655
3.22740117	-1.5646419	11656
3.12836665	-1.68797064	11657
3.02590898	-1.80192462	11658
2.92096948	-1.9068227	11659
2.81432593	-2.00308414	11660
2.7066364	-2.09117387	11661
2.5984464	-2.17157311	11662
2.49019207	-2.24476567	11663
2.38221263	-2.31123493	11664
2.27487794	-2.37136866	11665
2.16830826	-2.42569178	11666
2.06259771	-2.4746611	11667
1.95783854	-2.51866814	11668
1.85408406	-2.55807619	11669
1.75135612	-2.59321846	11670
1.64965035	-2.62439897	11671
1.54893958	-2.65189383	11672
1.44917684	-2.67595193	11673
1.35029802	-2.6967967	11674
1.25222364	-2.71462679	11675
1.15486105	-2.7296177	11676
1.05810499	-2.74192199	11677
0.9618375	-2.75167009	11678
0.865929394	-2.75897025	11679
0.770240744	-2.7639114	11680
0.674617952	-2.76656029	11681
0.578896648	-2.76695946	11682
0.482898053	-2.76513181	11683
0.386428207	-2.76107269	11684
0.289279537	-2.75475034	11685
0.191236821	-2.74609975	11686
0.0920806916	-2.73502793	11687
-0.00846153129	-2.72139661	11688
-0.110701889	-2.70499054	11689
-0.214928421	-2.68561357	11690
-0.321485649	-2.66310604	11691
-0.43072761	-2.63713673	11692
-0.542947922	-2.60725585	11693
-0.658465205	-2.57290663	11694
-0.777604387	-2.53340331	11695
-0.900917827	-2.48773705	11696
-1.02850972	-2.43495795	11697
-1.16034568	-2.37399422	11698
-1.29633711	-2.30353619	11699
-1.43615543	-2.22212047	11700
-1.57915582	-2.12816149	11701
-1.72429063	-2.02000246	11702
-1.87002322	-1.89600616	11703
-2.01425077	-1.75467278	11704
-2.15425386	-1.59479526	11705
-2.28685055	-1.41525356	11706
-2.40790965	-1.2163659	11707
-2.51313188	-0.999196346	11708
-2.59851821	-0.765974838	11709
-2.66116074	-0.519925905	11710
-2.69920943	-0.264979264	11711
-2.71135471	-0.00575978508	11712
-2.69722805	0.252482353	11713
-2.65781606	0.505099329	11714
-2.59504744	0.748498963	11715
-2.51156136	0.979687888	11716
-2.41039694	1.19644798	11717
-2.29469235	1.39735857	11718
-2.1675206	1.58161771	11719
-2.03180175	1.74890483	11720
-1.88992355	1.8997569	11721
-1.74402473	2.03482386	11722
-1.59590678	2.15497371	11723
-1.44705046	2.26120557	11724
-1.2986475	2.35458129	11725
-1.1516327	2.43618268	11726
-1.00671561	2.50707012	11727
-0.864414091	2.56826313	11728
-0.725078395	2.62072147	11729
-0.588920531	2.66533194	11730
-0.456028461	2.7029109	11731
-0.326364217	2.73420051	11732
-0.199984178	2.75979868	11733
-0.0765704362	2.78039866	11734
0.0440890752	2.7966396	11735
0.162268234	2.80893658	11736
0.278188006	2.81758024	11737
0.392087846	2.82281512	11738
0.504234106	2.82483167	11739
0.61488618	2.82376492	11740
0.724284849	2.81970203	11741
0.832650255	2.8126892	11742
0.940185133	2.80273865	11743
1.04707247	2.78982732	11744
1.1534751	2.77390525	11745
1.25953797	2.75489494	11746
1.36538539	2.73269362	11747
1.47112171	2.70717599	11748
1.57683082	2.67819409	11749
1.68257537	2.64557804	11750
1.78839604	2.60913582	11751
1.89430997	2.56865477	11752
2.00031006	2.52390174	11753
2.10636173	2.47462225	11754
2.21240031	2.42054217	11755
2.31832819	2.36136775	11756
2.4240275	2.29677231	11757
2.52938296	2.22636524	11758
2.63409254	2.14986127	11759
2.73787303	2.06691039	11760
2.84038156	1.97715585	11761
2.94120753	1.88024312	11762
3.03986258	1.77583624	11763
3.13576826	1.66362947	11764
3.22825006	1.54335618	11765
3.316542	1.41480375	11766
3.39978516	1.2778401	11767
3.47700281	1.13246948	11768
3.54710759	0.978867421	11769
3.60889845	0.817369157	11770
3.66114184	0.648544895	11771
3.70264399	0.47325368	11772
3.73230925	0.292674394	11773
3.74914403	0.108222185	11774
3.75237273	-0.0783970568	11775
4.13501931	-0.298457709	11776
4.10805197	-0.503929077	11777
4.06647396	-0.705459704	11778
4.01110563	-0.901205912	11779
3.94323538	-1.08959303	11780
3.86431201	-1.26945703	11781
3.77581036	-1.43988079	11782
3.67924019	-1.60032179	11783
3.57605851	-1.75056339	11784
3.46761319	-1.89060968	11785
3.35507322	-2.02060226	11786
3.23943398	-2.1408385	11787
3.12152635	-2.2517214	11788
3.00206069	-2.35370363	11789
2.88163199	-2.44725969	11790
2.7607217	-2.53287226	11791
2.6397105	-2.6110275	11792
2.51890864	-2.6821943	11793
2.39865813	-2.74675087	11794
2.27899958	-2.80523791	11795
2.16005485	-2.85805639	11796
2.04190406	-2.90557962	11797
1.92459333	-2.94815097	11798
1.80814015	-2.98608449	11799
1.69253695	-3.01966603	11800
1.57775433	-3.04915362	11801
1.46374404	-3.07477906	11802
1.35044082	-3.09674842	11803
1.23776485	-3.11524366	11804
1.12562251	-3.13042251	11805
1.01390652	-3.14241938	11806
0.902497399	-3.15134513	11807
0.791264369	-3.15728985	11808
0.680062534	-3.16031993	11809
0.568735742	-3.16047601	11810
0.457112837	-3.15777734	11811
0.345006805	-3.15221385	11812
0.232215842	-3.14374603	11813
0.118530438	-3.13229879	11814
0.00374144144	-3.11776754	11815
-0.112410166	-3.10000111	11816
-0.230228181	-3.07876784	11817
-0.349997161	-3.05385008	11818
-0.472053885	-3.02506356	11819
-0.596737389	-2.9920511	11820
-0.724325438	-2.95433314	11821
-0.855120893	-2.91131782	11822
-0.989476659	-2.86224877	11823
-1.12792297	-2.80605536	11824
-1.27035243	-2.74187238	11825
-1.4168108	-2.66850398	11826
-1.56716561	-2.58458566	11827
-1.72103405	-2.48859599	11828
-1.8777031	-2.37889151	11829
-2.03603912	-2.25376272	11830
-2.19439893	-2.11153193	11831
-2.35055161	-1.95067955	11832
-2.50163046	-1.77000729	11833
-2.64422732	-1.56857933	11834
-2.77419426	-1.34647834	11835
-2.88699924	-1.10501334	11836
-2.97849257	-0.846528422	11837
-3.04562703	-0.574388027	11838
-3.0864289	-0.292707612	11839
-3.09949339	-0.00638201772	11840
-3.08440733	0.279049032	11841
-3.04215861	0.558700371	11842
-2.97471494	0.828751629	11843
-2.88479407	1.08597682	11844
-2.77554915	1.32794513	11845
-2.65026021	1.55305473	11846
-2.51219674	1.76028694	11847
-2.36438118	1.94935266	11848
-2.20940577	2.12064987	11849
-2.04957608	2.2747914	11850
-1.8868488	2.41263762	11851
-1.72284405	2.53520444	11852
-1.55887452	2.64358937	11853
-1.39597645	2.73892367	11854
-1.23494126	2.82232597	11855
-1.0763503	2.89487852	11856
-0.920600886	2.95760449	11857
-0.767938905	3.01145158	11858
-0.61847657	3.05729202	11859
-0.472191546	3.09591857	11860
-0.329011027	3.12802074	11861
-0.18890188	3.15422617	11862
-0.0515210327	3.17526124	11863
0.083389479	3.19156422	11864
0.216037386	3.20344632	11865
0.346656145	3.21117055	11866
0.475506222	3.21494202	11867
0.602837804	3.21490697	11868
0.728880737	3.21116117	11869
0.853843836	3.20375734	11870
0.977918413	3.1927124	11871
1.10127579	3.1780061	11872
1.22406663	3.15958969	11873
1.34642286	3.13738521	11874
1.4684548	3.11128813	11875
1.59025164	3.08117001	11876
1.71188067	3.04687869	11877
1.8333863	3.00823914	11878
1.9547891	2.96505353	11879
2.07608414	2.91710287	11880
2.19723998	2.86414751	11881
2.31819537	2.80592649	11882
2.43885651	2.74215961	11883
2.55910758	2.6725372	11884
2.67883569	2.59669129	11885
2.79776116	2.51433338	11886
2.91561489	2.42512182	11887
3.03207057	2.32870909	11888
3.14673953	2.22474438	11889
3.25916309	2.11288262	11890
3.36880271	1.99280179	11891
3.47502735	1.8642162	11892
3.57710789	1.72688701	11893
3.67422327	1.58063703	11894
3.76546093	1.4253758	11895
3.84979254	1.26115634	11896
3.92608126	1.08821341	11897
3.99308058	0.906952493	11898
4.04951826	0.71802123	11899
4.0941699	0.522362708	11900
4.12591824	0.321246265	11901
4.14375857	0.116176164	11902
4.14691372	-0.0910588529	11903
4.58486961	-0.335538393	11904
4.55548463	-0.563885891	11905
4.51034346	-0.788045628	11906
4.4502931	-1.00610372	11907
4.37665447	-1.2164157	11908
4.29091571	-1.41774696	11909
4.19459828	-1.60911114	11910
4.08926228	-1.789906	11911
3.97641889	-1.95986166	11912
3.85747358	-2.11893473	11913
3.73365243	-2.26723017	11914
3.60600651	-2.40501763	11915
3.47542227	-2.53267729	11916
3.3426653	-2.65064338	11917
3.20838325	-2.75937795	11918
3.07310646	-2.85935725	11919
2.93726106	-2.95106515	11920
2.80118839	-3.03498008	11921
2.66520589	-3.11152658	11922
2.52954823	-3.18113133	11923
2.39429305	-3.24426455	11924
2.25955193	-3.30130641	11925
2.12539997	-3.35260753	11926
1.99188115	-3.3984894	11927
1.85901214	-3.43924525	11928
1.72678576	-3.47514004	11929
1.5951742	-3.50641195	11930
1.464131	-3.53327264	11931
1.33359369	-3.55590875	11932
1.20348485	-3.57448157	11933
1.07371235	-3.58912796	11934
0.94417094	-3.59995987	11935
0.81474351	-3.60706714	11936
0.685298481	-3.6105144	11937
0.555692679	-3.61033902	11938
0.425767563	-3.60655531	11939
0.295348238	-3.5991465	11940
0.164243778	-3.58806417	11941
0.0322550779	-3.57322187	11942
-0.100812148	-3.55450205	11943
-0.235197404	-3.53173956	11944
-0.371189009	-3.50468564	11945
-0.509060746	-3.47310066	11946
-0.649134888	-3.43677528	11947
-0.791729051	-3.39532585	11948
-0.937098308	-3.34824269	11949
-1.08552137	-3.29489935	11950
-1.23749783	-3.23438184	11951
-1.39314985	-3.16581301	11952
-1.55251048	-3.08818059	11953
-1.71557682	-3.00024546	11954
-1.8821614	-2.90059631	11955
-2.05181735	-2.78766265	11956
-2.22375558	-2.65975241	11957
-2.39675092	-2.51511239	11958
-2.56905043	-2.3520327	11959
-2.73829389	-2.16898133	11960
-2.90146741	-1.9647755	11961
-3.05493386	-1.73869025	11962
-3.19453622	-1.49054139	11963
-3.3155077	-1.22190534	11964
-3.41354849	-0.93524716	11965
-3.48547229	-0.634079017	11966
-3.52918228	-0.322708972	11967
-3.54317894	-0.00630584106	11968
-3.52700313	0.309298723	11969
-3.48164098	0.618976852	11970
-3.40909621	0.918669826	11971
-3.31216301	1.20490668	11972
-3.19410703	1.47503164	11973
-3.05834954	1.7272498	11974
-2.90836142	1.96030113	11975
-2.74725942	2.17394465	11976
-2.57784659	2.36841436	11977
-2.40259869	2.54427555	11978
-2.22363177	2.70237146	11979
-2.04271042	2.84372625	11980
-1.86127401	2.96946546	11981
-1.68046665	3.08076295	11982
-1.50116871	3.17878952	11983
-1.32403284	3.26468467	11984
-1.14951194	3.33953008	11985
-0.977895117	3.40432987	11986
-0.809329243	3.46000806	11987
-0.643819326	3.50740435	11988
-0.481264275	3.54726775	11989
-0.321645132	3.58025487	11990
-0.164796515	3.6070736	11991
-0.0103809935	3.62822442	11992
0.141788727	3.64404049	11993
0.29193331	3.65480477	11994
0.440300239	3.66073871	11995
0.58712365	3.66200142	11996
0.732616322	3.65869928	11997
0.876970238	3.65089351	11998
1.02036015	3.63860774	11999
1.16294075	3.62182654	12000
1.30484558	3.60050434	12001
1.44618864	3.5745648	12002
1.58706123	3.54390367	12003
1.72753233	3.50839163	12004
1.86764758	3.46787463	12005
2.00742797	3.42217499	12006
2.14686901	3.37109174	12007
2.28593862	3.31440236	12008
2.42457614	3.25186373	12009
2.56268877	3.18321167	12010
2.70016817	3.10814944	12011
2.83688006	3.02634716	12012
2.97257163	2.93751438	12013
3.10698335	2.84132055	12014
3.23980178	2.73742838	12015
3.37065327	2.62549805	12016
3.49909932	2.50519029	12017
3.62462943	2.37617559	12018
3.74665159	2.23815216	12019
3.86447939	2.09086103	12020
3.97732678	1.93409805	12021
4.08431576	1.76772887	12022
4.18447886	1.59171233	12023
4.27673567	1.40615761	12024
4.35990012	1.21136568	12025
4.43268112	1.00781894	12026
4.493769	0.796248638	12027
4.54191044	0.577687253	12028
4.57596844	0.353499052	12029
4.59492895	0.125281154	12030
4.59801488	-0.105091924	12031
5.09927267	-0.376965239	12032
5.06722895	-0.631051699	12033
5.01815886	-0.880689194	12034
4.95293589	-1.12389107	12035
4.87291301	-1.3589401	12036
4.779617	-1.58452761	12037
4.67461517	-1.79959389	12038
4.55951747	-2.00347195	12039
4.43588921	-2.19583271	12040
4.30519391	-2.376579	12041
4.16871581	-2.54577241	12042
4.02756362	-2.70364771	12043
3.88268212	-2.85055485	12044
3.73489546	-2.98690254	12045
3.58490752	-3.11313393	12046
3.43330158	-3.22971266	12047
3.28055374	-3.33711445	12048
3.12705316	-3.43581232	12049
2.97311789	-3.52626097	12050
2.81906023	-3.60885389	12051
2.66505461	-3.6840269	12052
2.51120325	-3.75219775	12053
2.35761559	-3.81372083	12054
2.20436751	-3.8689219	12055
2.0515053	-3.91809867	12056
1.89904938	-3.96152038	12057
1.74699779	-3.99942913	12058
1.59532825	-4.03203988	12059
1.44400105	-4.05954187	12060
1.29296031	-4.08209794	12061
1.14213447	-4.0998456	12062
0.991437915	-4.11289612	12063
0.840772645	-4.12133744	12064
0.690025927	-4.12523085	12065
0.539073271	-4.12460895	12066
0.387774713	-4.11947972	12067
0.235973692	-4.10981842	12068
0.0834964057	-4.09556654	12069
-0.0698399689	-4.07662509	12070
-0.224209205	-4.05286237	12071
-0.379824668	-4.02409827	12072
-0.536951225	-3.99006645	12073
-0.695843685	-3.95050507	12074
-0.85680206	-3.90517954	12075
-1.02011517	-3.85367958	12076
-1.18600763	-3.79546548	12077
-1.35482822	-3.72981228	12078
-1.52691282	-3.6558313	12079
-1.70225325	-3.57267558	12080
-1.88091864	-3.47924251	12081
-2.06284496	-3.3742569	12082
-2.2477774	-3.25626973	12083
-2.43519373	-3.12367198	12084
-2.62421929	-2.97473428	12085
-2.81353035	-2.80767105	12086
-3.00125983	-2.62075079	12087
-3.18491621	-2.41243858	12088
-3.36133824	-2.1815757	12089
-3.5267037	-1.92755864	12090
-3.67671579	-1.65025723	12091
-3.80650953	-1.35118879	12092
-3.91159034	-1.03306297	12093
-3.9886338	-0.699547666	12094
-4.03542122	-0.355150262	12095
-4.05035913	-0.00531699149	12096
-4.03294131	0.343826705	12097
-3.98414907	0.686904957	12098
-3.90601909	1.01961022	12099
-3.8014196	1.33821384	12100
-3.67372695	1.63982248	12101
-3.52651849	1.92239706	12102
-3.36342247	2.18452821	12103
-3.18769053	2.42592049	12104
-3.00232601	2.64665786	12105
-2.80997783	2.84724645	12106
-2.61292568	3.02850143	12107
-2.4130838	3.19144501	12108
-2.21202463	3.33722135	12109
-2.0110074	3.46703834	12110
-1.81100975	3.58211101	12111
-1.6127649	3.68362892	12112
-1.41679147	3.77272582	12113
-1.22343277	3.85045649	12114
-1.03288227	3.9177917	12115
-0.845185338	3.97561369	12116
-0.660272395	4.02471121	12117
-0.478086348	4.06579629	12118
-0.298550831	4.09957911	12119
-0.121466952	4.12656028	12120
0.0534138952	4.14712539	12121
0.226291767	4.16157883	12122
0.397393032	4.17015981	12123
0.566927958	4.17304208	12124
0.735085138	4.1703445	12125
0.902033156	4.16213883	12126
1.06792391	4.14845755	12127
1.23288925	4.1292922	12128
1.39703943	4.10460261	12129
1.56046428	4.07431647	12130
1.72322986	4.03833233	12131
1.88537876	3.99652269	12132
2.04692884	3.94873448	12133
2.20787178	3.89479043	12134
2.3681721	3.83448963	12135
2.5277649	3.76760949	12136
2.68655458	3.69390704	12137
2.84444183	3.61309859	12138
3.00125591	3.52489934	12139
3.15676956	3.4290205	12140
3.31072725	3.32514945	12141
3.46282262	3.21296275	12142
3.61269288	3.09213316	12143
3.75991238	2.96233461	12144
3.90398827	2.82324596	12145
4.04435418	2.67456021	12146
4.18036101	2.51600317	12147
4.31126397	2.34735005	12148
4.43621763	2.16843929	12149
4.55428506	1.97918762	12150
4.66444254	1.77961164	12151
4.76555709	1.56988499	12152
4.85639368	1.35038248	12153
4.93561751	1.12167076	12154
5.00188286	0.884571337	12155
5.05390922	0.640211901	12156
5.09054173	0.390056468	12157
5.11075879	0.135799132	12158
5.11378497	-0.120596445	12159
5.68748641	-0.423263035	12160
5.65251048	-0.70636909	12161
5.599094	-0.98474952	12162
5.52813685	-1.25634161	12163
5.44102357	-1.51935164	12164
5.33931896	-1.77239272	12165
5.22463552	-2.01432686	12166
5.09863265	-2.24441654	12167
4.96292998	-2.46226666	12168
4.81904976	-2.66771897	12169
4.66833578	-2.86078407	12170
4.51195667	-3.04165368	12171
4.35091873	-3.21063917	12172
4.18610835	-3.36811582	12173
4.01828972	-3.51450048	12174
3.84810357	-3.65023722	12175
3.67608105	-3.77578681	12176
3.50266458	-3.89161057	12177
3.32822328	-3.9981545	12178
3.15306095	-4.09584504	12179
2.97747339	-4.18505673	12180
2.80161926	-4.26620226	12181
2.62561722	-4.33965721	12182
2.44958123	-4.4057478	12183
2.27359349	-4.46477272	12184
2.09770826	-4.51700224	12185
1.92195574	-4.56267945	12186
1.74634416	-4.60201982	12187
1.57086291	-4.63521265	12188
1.39548401	-4.66242	12189
1.22016289	-4.68377779	12190
1.04484001	-4.6993946	12191
0.869442993	-4.70935455	12192
0.693884562	-4.7137138	12193
0.518065693	-4.71249854	12194
0.341872063	-4.70570891	12195
0.165172826	-4.69331088	12196
-0.0121811837	-4.6752347	12197
-0.190349318	-4.65136782	12198
-0.369477971	-4.62156334	12199
-0.54974675	-4.58562542	12200
-0.731388146	-4.54326986	12201
-0.914628694	-4.4942127	12202
-1.09973719	-4.43819437	12203
-1.28696507	-4.37477832	12204
-1.47653669	-4.30337277	12205
-1.6688451	-4.22315506	12206
-1.86387233	-4.13339007	12207
-2.06171579	-4.03310707	12208
-2.26237618	-3.92117496	12209
-2.46571511	-3.79629035	12210
-2.67139714	-3.65697653	12211
-2.8788121	-3.50159785	12212
-3.08698879	-3.32840086	12213
-3.29449635	-3.13558122	12214
-3.49934786	-2.9213989	12215
-3.6989176	-2.68432804	12216
-3.88989627	-2.42324456	12217
-4.06830433	-2.13760997	12218
-4.22962355	-1.82757571	12219
-4.36897834	-1.49437078	12220
-4.48165207	-1.14104131	12221
-4.56418382	-0.771419304	12222
-4.61423475	-0.390218005	12223
-4.63011871	-0.00316397709	12224
-4.61128138	0.383322176	12225
-4.55869625	0.763611273	12226
-4.47442979	1.1331361	12227
-4.36142166	1.48789721	12228
-4.22315672	1.82475075	12229
-4.0633932	2.14133371	12230
-3.88584048	2.43626412	12231
-3.6939579	2.70900142	12232
-3.49092712	2.95952185	12233
-3.27957322	3.18825931	12234
-3.06234377	3.39598828	12235
-2.84130846	3.58371703	12236
-2.61817972	3.75259704	12237
-2.39434031	3.90385962	12238
-2.17087471	4.03875425	12239
-1.94860751	4.15851159	12240
-1.72813482	4.26430943	12241
-1.50986676	4.35724623	12242
-1.29405678	4.43833344	12243
-1.08080484	4.50849078	12244
-0.87008739	4.56854294	12245
-0.66188969	4.61923397	12246
-0.456129889	4.66131477	12247
-0.25265985	4.69530146	12248
-0.0514265952	4.72156838	12249
0.147849918	4.74047364	12250
0.34536551	4.75227557	12251
0.541297528	4.75716413	12252
0.735802011	4.7552726	12253
0.929016258	4.74668536	12254
1.1210616	4.73144592	12255
1.31203944	4.70955519	12256
1.50202906	4.68098102	12257
1.69108856	4.64565784	12258
1.8792513	4.60349006	12259
2.0665262	4.55435518	12260
2.25289624	4.49810454	12261
2.43831684	4.43456491	12262
2.62271478	4.36353928	12263
2.80599194	4.28480567	12264
2.98803463	4.19811044	12265
3.16864955	4.10320276	12266
3.34762199	3.99980676	12267
3.52469349	3.88763212	12268
3.69955807	3.766377	12269
3.87185668	3.63573136	12270
4.04117161	3.49538462	12271
4.20701992	3.34503156	12272
4.36884956	3.18437672	12273
4.5260337	3.01314364	12274
4.67786223	2.83109409	12275
4.82352869	2.63804603	12276
4.96212559	2.43388923	12277
5.09265497	2.21860073	12278
5.21403542	1.99226431	12279
5.32508075	1.75512711	12280
5.42450725	1.50764639	12281
5.51093728	1.25048097	12282
5.58299042	0.984550025	12283
5.63936071	0.711082725	12284
5.67887728	0.431648167	12285
5.70051278	0.148042068	12286
5.70349495	-0.137678804	12287
6.3600956	-0.475028043	12288
6.32187674	-0.790916424	12289
6.26363675	-1.10178543	12290
6.18630183	-1.40549203	12291
6.09128779	-1.70016142	12292
5.98019689	-1.98432327	12293
5.85468636	-2.25675562	12294
5.71646489	-2.51664358	12295
5.56720684	-2.76351824	12296
5.40849423	-2.99715197	12297
5.24173217	-3.21749569	12298
5.06815191	-3.42468886	12299
4.8888249	-3.61899499	12300
4.7047039	-3.80074706	12301
4.51661796	-3.9703273	12302
4.32527033	-4.12815223	12303
4.13125291	-4.27466004	12304
3.93506747	-4.41029307	12305
3.73714049	-4.53548193	12306
3.5378304	-4.65064129	12307
3.33743362	-4.75616881	12308
3.13622837	-4.85242121	12309
2.93439359	-4.93976567	12310
2.73205906	-5.01854295	12311
2.52935005	-5.08904853	12312
2.32636197	-5.15154983	12313
2.1231645	-5.20628735	12314
1.91980379	-5.25347377	12315
1.71630575	-5.29329544	12316
1.51267785	-5.32591079	12317
1.30891006	-5.35145158	12318
1.10497656	-5.37002128	12319
0.900838342	-5.38169803	12320
0.696441436	-5.38653082	12321
0.491720326	-5.38453761	12322
0.286594667	-5.37570909	12323
0.0809680112	-5.36000058	12324
-0.125275257	-5.33733001	12325
-0.332262343	-5.30757032	12326
-0.540103984	-5.27055863	12327
-0.748937183	-5.22608279	12328
-0.95895197	-5.17384077	12329
-1.17033602	-5.11352703	12330
-1.38331657	-5.04485775	12331
-1.59812284	-4.96735775	12332
-1.81507045	-4.88031854	12333
-2.03413684	-4.78308915	12334
-2.25542789	-4.67480911	12335
-2.47896617	-4.55448349	12336
-2.70467079	-4.42095907	12337
-2.93231518	-4.27291268	12338
-3.1614691	-4.10885082	12339
-3.39142068	-3.92712443	12340
-3.62108988	-3.72597096	12341
-3.84892872	-3.50358314	12342
-4.07282334	-3.25822804	12343
-4.29000982	-2.98840336	12344
-4.49702948	-2.6930328	12345
-4.68974597	-2.37165465	12346
-4.86345357	-2.0246202	12347
-5.01316989	-1.65317748	12348
-5.13405911	-1.26040098	12349
-5.22249208	-0.850406803	12350
-5.27601217	-0.428120604	12351
-5.29284209	0.000448311309	12352
-5.27237865	0.428583223	12353
-5.21558448	0.850396242	12354
-5.1245526	1.26104919	12355
-5.00229127	1.6562583	12356
-4.85240121	2.03258564	12357
-4.67879204	2.38741183	12358
-4.48527929	2.71929641	12359
-4.27552143	3.02746119	12360
-4.05287989	3.31175986	12361
-3.82035888	3.57253936	12362
-3.58057849	3.81051896	12363
-3.33577008	4.02667901	12364
-3.087794	4.2221649	12365
-2.83816604	4.39821869	12366
-2.58808853	4.55611253	12367
-2.33848974	4.69710742	12368
-2.09005671	4.82241555	12369
-1.84328056	4.93317081	12370
-1.59848947	5.03041829	12371
-1.3558535	5.11510936	12372
-1.11541069	5.18810023	12373
-0.877203318	5.25016421	12374
-0.641208098	5.3020776	12375
-0.407327323	5.34438203	12376
-0.175485749	5.37748838	12377
0.0544352431	5.4017501	12378
0.282573409	5.41745019	12379
0.509120221	5.42480737	12380
0.734189297	5.4239712	12381
0.957877186	5.41504078	12382
1.18026535	5.39807308	12383
1.40141542	5.373081	12384
1.62136659	5.34004333	12385
1.84013622	5.29890449	12386
2.0577162	5.24957824	12387
2.27407328	5.19195084	12388
2.4891473	5.12588205	12389
2.70285285	5.05120544	12390
2.91508164	4.96772674	12391
3.12567754	4.87523616	12392
3.33445368	4.77350339	12393
3.54118423	4.66227987	12394
3.74560138	4.54130261	12395
3.94739138	4.41029622	12396
4.14619091	4.26897655	12397
4.34158158	4.11705422	12398
4.53308454	3.95424307	12399
4.72015367	3.78026691	12400
4.90217224	3.59486463	12401
5.078448	3.39779946	12402
5.24820546	3.18887861	12403
5.41057284	2.96797246	12404
5.56457767	2.73503199	12405
5.70915867	2.49010473	12406
5.84317507	2.23335202	12407
5.96538681	1.96510463	12408
6.07446159	1.68591167	12409
6.16897975	1.39653301	12410
6.24752746	1.09799351	12411
6.30877502	0.791630876	12412
6.35153736	0.479125237	12413
6.37478305	0.162379264	12414
6.37774447	-0.156452429	12415
7.12920213	-0.532938098	12416
7.08738676	-0.885927099	12417
7.02377742	-1.23358382	12418
6.93932666	-1.5736795	12419
6.83548135	-1.90425239	12420
6.71388095	-2.22374253	12421
6.57622718	-2.53083703	12422
6.42427815	-2.82463578	12423
6.25976374	-3.1045871	12424
6.08432719	-3.37038455	12425
5.89943709	-3.62190959	12426
5.70639058	-3.85923908	12427
5.5063283	-4.08257831	12428
5.30027406	-4.29220812	12429
5.08912685	-4.48846679	12430
4.8736582	-4.67173428	12431
4.65452709	-4.84241745	12432
4.43230142	-5.00093145	12433
4.20747215	-5.14768383	12434
3.98045964	-5.28307031	12435
3.75161984	-5.40747287	12436
3.52125411	-5.52125464	12437
3.28962987	-5.62474851	12438
3.0569687	-5.71826775	12439
2.82341222	-5.80211989	12440
2.58910542	-5.87656492	12441
2.354166	-5.94183646	12442
2.11868663	-5.99814051	12443
1.88273849	-6.04565681	12444
1.64637327	-6.08453685	12445
1.40962443	-6.11490518	12446
1.17250891	-6.13685738	12447
0.935030201	-6.15046308	12448
0.697176944	-6.15576185	12449
0.458926626	-6.15276142	12450
0.220242671	-6.14144128	12451
-0.0189267902	-6.12174472	12452
-0.258653347	-6.09357631	12453
-0.499021731	-6.05679373	12454
-0.740097113	-6.01121753	12455
-0.981963583	-5.95661901	12456
-1.22475724	-5.89267874	12457
-1.46861485	-5.81907052	12458
-1.71376222	-5.73546257	12459
-1.96043754	-5.64130977	12460
-2.20860256	-5.53602933	12461
-2.45833451	-5.41886513	12462
-2.70966031	-5.28893423	12463
-2.96251441	-5.145223	12464
-3.21672042	-4.98656314	12465
-3.47194901	-4.81162101	12466
-3.72766015	-4.61889815	12467
-3.98302556	-4.40674651	12468
-4.23684284	-4.17341106	12469
-4.48743547	-3.91709954	12470
-4.73255421	-3.63610427	12471
-4.96929174	-3.32896378	12472
-5.1940378	-2.99466524	12473
-5.40249928	-2.63283802	12474
-5.58981525	-2.24394899	12475
-5.75080997	-1.82956874	12476
-5.88061338	-1.39253692	12477
-5.97541171	-0.937323509	12478
-6.03262917	-0.469091282	12479
-6.05039934	0.00586563397	12480
-6.02806954	0.480533734	12481
-5.96658848	0.948760811	12482
-5.86807246	1.40542591	12483
-5.73559534	1.84594684	12484
-5.5728973	2.26649441	12485
-5.38395883	2.66442114	12486
-5.17277785	3.03797669	12487
-4.94318585	3.38620694	12488
-4.69872543	3.70882655	12489
-4.44258311	4.0060788	12490
-4.17755658	4.2786112	12491
-3.90604587	4.52735994	12492
-3.63006819	4.75344867	12493
-3.35128308	4.95811539	12494
-3.07102319	5.14264106	12495
-2.79033441	5.30830437	12496
-2.51000976	5.45634073	12497
-2.2306371	5.58790979	12498
-1.95263559	5.70408221	12499
-1.6762621	5.80583428	12500
-1.40163313	5.89404859	12501
-1.1288638	5.9695243	12502
-0.858003907	6.03306117	12503
-0.589025903	6.08522403	12504
-0.32191552	6.12644798	12505
-0.0565940187	6.1571119	12506
0.207040977	6.17751949	12507
0.469070683	6.18790113	12508
0.729558066	6.18842733	12509
0.988540724	6.17921677	12510
1.24606978	6.16034394	12511
1.50215896	6.13183671	12512
1.75679651	6.09368811	12513
2.0099485	6.04585627	12514
2.26155214	5.98826915	12515
2.5115293	5.92082422	12516
2.75976894	5.84339299	12517
3.00612948	5.75582239	12518
3.25043759	5.65793622	12519
3.49248507	5.54953797	12520
3.73202699	5.43041356	12521
3.9687777	5.30033225	12522
4.20240788	5.159051	12523
4.43254034	5.0063169	12524
4.65874657	4.84187146	12525
4.88054137	4.66545445	12526
5.09737766	4.47681309	12527
5.30863963	4.27570961	12528
5.51363976	4.06192716	12529
5.71161484	3.83527906	12530
5.90171915	3.59562867	12531
6.08301157	3.34290971	12532
6.25445139	3.07714538	12533
6.4149114	2.79846502	12534
6.56318967	2.50711902	12535
6.69799131	2.20353296	12536
6.81793541	1.88835827	12537
6.92156095	1.56246565	12538
7.0074219	1.22699467	12539
7.0741664	0.883399415	12540
7.12059685	0.533477817	12541
7.14567934	0.17924573	12542
7.14865229	-0.177038653	12543
8.00864238	-0.597763959	12544
7.96282782	-0.992811319	12545
7.89322431	-1.38219176	12546
7.80081091	-1.76358392	12547
7.68706565	-2.1349319	12548
7.55366514	-2.49457842	12549
7.40235573	-2.84111156	12550
7.23494547	-3.17353674	12551
7.053221	-3.49120933	12552
6.85888869	-3.7937334	12553
6.65348335	-4.08090987	12554
6.43837175	-4.35274156	12555
6.2147684	-4.60936401	12556
5.98377336	-4.85099494	12557
5.74636131	-5.07791823	12558
5.50337848	-5.29046707	12559
5.25555808	-5.48900716	12560
5.00354178	-5.67391704	12561
4.74789293	-5.84557243	12562
4.48910216	-6.00434189	12563
4.22759354	-6.15058393	12564
3.9637349	-6.28464113	12565
3.69784578	-6.40683472	12566
3.43020279	-6.51746347	12567
3.16105837	-6.61679683	12568
2.89059613	-6.7050939	12569
2.61898475	-6.78257963	12570
2.34637345	-6.84944868	12571
2.07288888	-6.90586994	12572
1.79863725	-6.95198402	12573
1.52370597	-6.98790475	12574
1.24816536	-7.01371655	12575
0.972072212	-7.02947769	12576
0.695468725	-7.03521577	12577
0.418386561	-7.03092606	12578
0.14084439	-7.01657504	12579
-0.137153211	-6.99209257	12580
-0.415621561	-6.95736886	12581
-0.694590732	-6.91224578	12582
-0.974068573	-6.85652706	12583
-1.25407423	-6.78996759	12584
-1.53467679	-6.71223133	12585
-1.81605987	-6.62292438	12586
-2.09827655	-6.52172679	12587
-2.38137182	-6.40813605	12588
-2.66534212	-6.2815005	12589
-2.95018259	-6.14104264	12590
-3.23582682	-5.98586258	12591
-3.52210662	-5.81493452	12592
-3.80873531	-5.62708324	12593
-4.09526532	-5.42097489	12594
-4.38103102	-5.19511896	12595
-4.66507209	-4.94788404	12596
-4.9460491	-4.67754081	12597
-5.22214429	-4.38233205	12598
-5.49096324	-4.06059594	12599
-5.74944876	-3.7109318	12600
-5.99383581	-3.33240888	12601
-6.21967396	-2.92476461	12602
-6.42194839	-2.48859688	12603
-6.59533853	-2.02562346	12604
-6.73480801	-1.53902671	12605
-6.83649153	-1.03309811	12606
-6.89766062	-0.513391589	12607
-6.91635878	0.0134922624	12608
-6.89188335	0.54024255	12609
-6.82516626	1.06043673	12610
-6.71834369	1.56865859	12611
-6.57457421	2.05992496	12612
-6.39766734	2.53026157	12613
-6.19173963	2.97671737	12614
-5.96094674	3.39730325	12615
-5.70929299	3.79087149	12616
-5.44050366	4.1569793	12617
-5.15795114	4.49574746	12618
-4.86461634	4.80773284	12619
-4.56307593	5.09380886	12620
-4.25551396	5.35505943	12621
-3.94374587	5.59270136	12622
-3.62924862	5.80800846	12623
-3.31320124	6.00226253	12624
-2.99651945	6.1767093	12625
-2.6799052	6.33252313	12626
-2.3638864	6.47079091	12627
-2.04882486	6.59250616	12628
-1.73493376	6.69857181	12629
-1.42241843	6.7898086	12630
-1.11141779	6.86703701	12631
-0.801989332	6.93084361	12632
-0.494194016	6.98168704	12633
-0.188021341	7.0199694	12634
0.116561348	7.04601557	12635
0.419564753	7.06007592	12636
0.720983688	7.06234074	12637
1.02080042	7.05294746	12638
1.31898428	7.03198943	12639
1.6154854	6.99951368	12640
1.91023131	6.95553172	12641
2.20312714	6.90001951	12642
2.49405188	6.83292173	12643
2.78285847	6.75415513	12644
3.06937135	6.66361005	12645
3.35338399	6.56115287	12646
3.63465722	6.44662787	12647
3.91291581	6.31986025	12648
4.18784646	6.18065941	12649
4.45909373	6.02882021	12650
4.72625711	5.86412779	12651
4.98888664	5.68636047	12652
5.24647971	5.49529472	12653
5.49847585	5.29070929	12654
5.74425183	5.07239504	12655
5.98311473	4.8401634	12656
6.21429948	4.59385302	12657
6.43696572	4.33333909	12658
6.65019207	4.05855324	12659
6.85296354	3.76950476	12660
7.04416751	3.46630143	12661
7.22260793	3.14916695	12662
7.38701958	2.81845348	12663
7.53605152	2.47469378	12664
7.66827396	2.11865327	12665
7.78218501	1.75132438	12666
7.87630741	1.37397147	12667
7.94926856	0.988173881	12668
7.99985991	0.595855204	12669
8.02704649	0.199151794	12670
8.030074	-0.199567608	12671
9.01423597	-0.670382086	12672
8.96396329	-1.11318072	12673
8.8876501	-1.54995288	12674
8.78630243	-1.97827606	12675
8.66142975	-2.39599125	12676
8.5147462	-2.80133469	12677
8.34804331	-3.19278568	12678
8.1631801	-3.5692445	12679
7.96200172	-3.92996192	12680
7.74628016	-4.27444049	12681
7.5176198	-4.60238817	12682
7.2774614	-4.91372091	12683
7.02709863	-5.20849175	12684
6.76771372	-5.48684307	12685
6.50036351	-5.74899256	12686
6.22597622	-5.99521518	12687
5.94536727	-6.22582425	12688
5.65926068	-6.44115107	12689
5.36830119	-6.64152949	12690
5.07305904	-6.82729142	12691
4.77403629	-6.99876294	12692
4.4716774	-7.15625761	12693
4.16637704	-7.30007061	12694
3.85848526	-7.43047725	12695
3.54831229	-7.54773171	12696
3.23613306	-7.65206375	12697
2.92219302	-7.74367901	12698
2.60669975	-7.82275977	12699
2.28984511	-7.88945983	12700
1.97180191	-7.94390435	12701
1.65272373	-7.9861923	12702
1.33274674	-8.01639326	12703
1.01199369	-8.03455083	12704
0.690573177	-8.04067779	12705
0.368584164	-8.03475459	12706
0.0461139652	-8.01673273	12707
-0.276762585	-7.98652722	12708
-0.599990297	-7.94401305	12709
-0.923530311	-7.88901596	12710
-1.24731929	-7.82132295	12711
-1.57137287	-7.74064766	12712
-1.8956476	-7.64663884	12713
-2.2201173	-7.53893451	12714
-2.5448062	-7.41718367	12715
-2.86969744	-7.28085703	12716
-3.19469589	-7.12928598	12717
-3.51969851	-6.96167742	12718
-3.84452946	-6.77712134	12719
-4.16890207	-6.57458774	12720
-4.49240327	-6.35290391	12721
-4.81445081	-6.11074735	12722
-5.13423672	-5.84664961	12723
-5.45065204	-5.55901294	12724
-5.76220457	-5.24615352	12725
-6.06692145	-4.90637109	12726
-6.36225185	-4.53807276	12727
-6.64498099	-4.13994144	12728
-6.91118475	-3.71114997	12729
-7.15625402	-3.25156376	12730
-7.3750209	-2.76193001	12731
-7.56202258	-2.24412994	12732
-7.71209022	-1.70152861	12733
-7.82122714	-1.13871345	12734
-7.88662419	-0.561306742	12735
-7.90622993	0.0237997868	12736
-7.87928449	0.608945645	12737
-7.80670088	1.18741251	12738
-7.69064048	1.75343942	12739
-7.53431206	2.301783	12740
-7.3416211	2.82814884	12741
-7.11681166	3.32930495	12742
-6.86419289	3.80301509	12743
-6.58794175	4.24791841	12744
-6.29196798	4.66339402	12745
-5.9798339	5.04941897	12746
-5.65471015	5.40643809	12747
-5.31935887	5.7352409	12748
-4.97614232	6.03685106	12749
-4.62704538	6.31244468	12750
-4.27370486	6.56327019	12751
-3.91745016	6.79059596	12752
-3.55933809	6.9956633	12753
-3.20020381	7.17964862	12754
-2.84070333	7.34364445	12755
-2.48132317	7.4886526	12756
-2.12239298	7.61558917	12757
-1.76422743	7.72529121	12758
-1.40707252	7.81859626	12759
-1.05108775	7.89611026	12760
-0.696425899	7.95831393	12761
-0.343161725	8.0056318	12762
0.00865055878	8.03840988	12763
0.358934606	8.05691938	12764
0.70760114	8.06137192	12765
1.05455102	8.05192635	12766
1.3996735	8.02869778	12767
1.74283941	7.99175508	12768
2.08389763	7.94113211	12769
2.42267514	7.87682762	12770
2.75897329	7.79880975	12771
3.09256771	7.70701942	12772
3.42320543	7.60137205	12773
3.75060211	7.48176028	12774
4.07444018	7.34805623	12775
4.39436511	7.20011471	12776
4.70998335	7.03777708	12777
5.02085817	6.86087279	12778
5.32650679	6.66922477	12779
5.62639588	6.4626527	12780
5.91993855	6.24097875	12781
6.20648948	6.00403188	12782
6.4853403	5.75165844	12783
6.75571269	5.48373129	12784
7.01675639	5.20015744	12785
7.26754695	4.90088717	12786
7.50708126	4.58593405	12787
7.73426531	4.25539672	12788
7.94791038	3.90948135	12789
8.14674827	3.54851994	12790
8.3294479	3.17298051	12791
8.49460078	2.78351675	12792
8.6407276	2.3810211	12793
8.76628581	1.96661989	12794
8.86976767	1.54171368	12795
8.94978104	1.10801722	12796
9.00510773	0.667588861	12797
9.03471299	0.222694172	12798
9.03785093	-0.224179088	12799
10.16407	-0.751789012	12800
10.1088159	-1.24887626	12801
10.0249737	-1.73954872	12802
9.91357681	-2.22127219	12803
9.77616702	-2.69177371	12804
9.61449675	-3.14917189	12805
9.43040379	-3.59182581	12806
9.22579973	-4.01851827	12807
9.00259062	-4.42838213	12808
8.76261718	-4.82080481	12809
8.50755743	-5.1953874	12810
8.23893124	-5.55194466	12811
7.95811746	-5.89043294	12812
7.66638715	-6.21090564	12813
7.36488668	-6.51350102	12814
7.05463448	-6.79842278	12815
6.73653726	-7.06591924	12816
6.41141105	-7.31626233	12817
6.07999211	-7.54973256	12818
5.74294097	-7.76661431	12819
5.40084884	-7.96719086	12820
5.0542485	-8.15173701	12821
4.70362172	-8.32051266	12822
4.34940436	-8.47376112	12823
3.99199131	-8.61170731	12824
3.63174105	-8.73455398	12825
3.26898079	-8.84248211	12826
2.90400886	-8.935648	12827
2.53709893	-9.01418457	12828
2.16849835	-9.07819822	12829
1.79843598	-9.12776908	12830
1.42713274	-9.16294666	12831
1.05479212	-9.1837562	12832
0.681604216	-9.19019246	12833
0.307750583	-9.18221847	12834
-0.066597187	-9.15976872	12835
-0.441277973	-9.12274195	12836
-0.816193417	-9.07098873	12837
-1.19119435	-9.00431827	12838
-1.566132	-8.92249777	12839
-1.94085306	-8.82524743	12840
-2.31524628	-8.71219839	12841
-2.68920555	-8.5829699	12842
-3.06265354	-8.43719781	12843
-3.43546675	-8.27434129	12844
-3.8074405	-8.09372079	12845
-4.17835533	-7.89453492	12846
-4.54790801	-7.67587198	12847
-4.9156758	-7.43670735	12848
-5.28110169	-7.1758819	12849
-5.64345101	-6.89209759	12850
-6.00175566	-6.58392369	12851
-6.35474041	-6.24981463	12852
-6.70074356	-5.88815352	12853
-7.037622	-5.49732102	12854
-7.36265604	-5.0758186	12855
-7.67246421	-4.62243837	12856
-7.96295781	-4.1364813	12857
-8.22936676	-3.61796383	12858
-8.46637033	-3.06780383	12859
-8.66836568	-2.48806523	12860
-8.83005498	-1.88231282	12861
-8.94732411	-1.2553528	12862
-9.01726283	-0.613047971	12863
-9.03774038	0.0374161249	12864
-9.00794705	0.688101354	12865
-8.92877329	1.33199077	12866
-8.80239259	1.9630092	12867
-8.63206788	2.57556987	12868
-8.42179602	3.16505348	12869
-8.17594525	3.72793102	12870
-7.89897651	4.26169907	12871
-7.59523945	4.76476183	12872
-7.26883055	5.23629723	12873
-6.92350676	5.67611479	12874
-6.5626358	6.08452316	12875
-6.18917544	6.46220414	12876
-5.80567876	6.81009798	12877
-5.4143152	7.12931804	12878
-5.01689861	7.42106687	12879
-4.61492774	7.68658063	12880
-4.20962073	7.92707957	12881
-3.80196681	8.14372776	12882
-3.39277135	8.33761114	12883
-2.98266711	8.50972952	12884
-2.57212197	8.66100373	12885
-2.16158103	8.79228057	12886
-1.75141762	8.90440985	12887
-1.34191266	8.99801348	12888
-0.933329932	9.07359195	12889
-0.525849195	9.13159071	12890
-0.119631267	9.17237637	12891
0.285141366	9.19624147	12892
0.688276829	9.20342044	12893
1.08957634	9.1940958	12894
1.48883107	9.16840754	12895
1.88581491	9.12645023	12896
2.28028094	9.06828472	12897
2.6719614	8.99393784	12898
3.06056389	8.90340722	12899
3.44577102	8.7966645	12900
3.82723706	8.67365745	12901
4.20458491	8.53431283	12902
4.57740402	8.37853914	12903
4.94524643	8.20622995	12904
5.30762462	8.01726837	12905
5.66400736	7.81152891	12906
6.01381692	7.58888334	12907
6.3564244	7.34920442	12908
6.69114716	7.09237232	12909
7.01724409	6.81827917	12910
7.33391151	6.52684024	12911
7.64027631	6.21800386	12912
7.93539443	5.89175984	12913
8.2182495	5.54814857	12914
8.48774978	5.18728091	12915
8.74271639	4.80936035	12916
8.98187974	4.41470689	12917
9.20389558	4.00377641	12918
9.40736398	3.57716842	12919
9.59081686	3.13567288	12920
9.75272445	2.68032375	12921
9.89150331	2.21239509	12922
10.0056157	1.73343645	12923
10.0936507	1.24530977	12924
10.1543818	0.750218826	12925
10.1867753	0.250568765	12926
10.1900947	-0.251023352	12927
11.4788241	-0.843117557	12928
11.4179919	-1.40199988	12929
11.3256822	-1.95404577	12930
11.2029571	-2.49659647	12931
11.0513916	-3.02725191	12932
10.8727777	-3.54399988	12933
10.6690012	-4.04506575	12934
10.4420286	-4.52910047	12935
10.1938299	-4.99510391	12936
9.92631847	-5.44233297	12937
9.64125079	-5.8702662	12938
9.3402318	-6.27860116	12939
9.02473242	-6.66718171	12940
8.69612017	-7.03595696	12941
8.35563931	-7.38497081	12942
8.00440785	-7.71434099	12943
7.64343403	-8.02423646	12944
7.27363685	-8.31485602	12945
6.89585562	-8.58641376	12946
6.5108533	-8.83913402	12947
6.11932302	-9.07324537	12948
5.72189915	-9.28897258	12949
5.31916435	-9.48652968	12950
4.91165449	-9.66611794	12951
4.49986371	-9.82792378	12952
4.08424904	-9.97211424	12953
3.6652357	-10.0988373	12954
3.24321952	-10.2082185	12955
2.81857139	-10.300362	12956
2.39164	-10.3753465	12957
1.96275461	-10.4332269	12958
1.53222686	-10.4740301	12959
1.10035585	-10.4977589	12960
0.667428121	-10.5043861	12961
0.233723027	-10.4938534	12962
-0.200488064	-10.4660748	12963
-0.634941751	-10.4209296	12964
-1.06939207	-10.3582577	12965
-1.5036117	-10.27785	12966
-1.93734518	-10.1794587	12967
-2.37032461	-10.0627913	12968
-2.80231951	-9.92746897	12969
-3.23310472	-9.77310163	12970
-3.66248087	-9.59931709	12971
-4.09019745	-9.40556926	12972
-4.51591967	-9.19117522	12973
-4.93929107	-8.95533429	12974
-5.35986085	-8.69714341	12975
-5.77705059	-8.4155948	12976
-6.19014002	-8.10955594	12977
-6.59822283	-7.77776824	12978
-7.00015166	-7.41885621	12979
-7.39446628	-7.03134672	12980
-7.77931762	-6.61371307	12981
-8.152376	-6.16444289	12982
-8.5107391	-5.68215986	12983
-8.85084829	-5.16579371	12984
-9.16844357	-4.61480121	12985
-9.4585905	-4.02937619	12986
-9.71581499	-3.41063187	12987
-9.93437597	-2.76083733	12988
-10.1088499	-2.08377715	12989
-10.2350092	-1.38449345	12990
-10.3098468	-0.66910125	12991
-10.3311557	0.0549213468	12992
-10.298077	0.77933779	12993
-10.2114758	1.4968411	12994
-10.073535	2.20102019	12995
-9.88756867	2.88592724	12996
-9.65766156	3.54659997	12997
-9.38830324	4.17919235	12998
-9.08410494	4.7809116	12999
-8.74958948	5.34990266	13000
-8.3890429	5.88511651	13001
-8.00642238	6.3861684	13002
-7.60530118	6.85320384	13003
-7.18884405	7.28677014	13004
-6.7598091	7.68769818	13005
-6.32056706	8.05701391	13006
-5.8731278	8.39585094	13007
-5.41918024	8.7053922	13008
-4.96012598	8.98681803	13009
-4.49713131	9.24126382	13010
-4.03117422	9.46979489	13011
-3.56305734	9.67339713	13012
-3.09341071	9.85298609	13013
-2.62283341	10.0094104	13014
-2.15184889	10.1435259	13015
-1.68088168	10.2559659	13016
-1.2103288	10.3472474	13017
-0.740497707	10.4178344	13018
-0.271678491	10.4681131	13019
0.195818234	10.4983974	13020
0.661676566	10.5089458	13021
1.12557694	10.4999669	13022
1.5871916	10.4716287	13023
2.0461771	10.4240558	13024
2.50217086	10.357341	13025
2.95479117	10.2715454	13026
3.40363314	10.1667026	13027
3.84826808	10.0428227	13028
4.28823975	9.89989408	13029
4.7230609	9.73788663	13030
5.15221116	9.55675506	13031
5.5751328	9.35644228	13032
5.99122858	9.13688447	13033
6.39985755	8.89801319	13034
6.80033248	8.63976185	13035
7.19191506	8.36206965	13036
7.57381371	8.06488896	13037
7.94517912	7.74818981	13038
8.30510075	7.41197176	13039
8.65260002	7.0562745	13040
8.98662933	6.68118705	13041
9.30607148	6.28685684	13042
9.60973829	5.87350932	13043
9.89635931	5.4414702	13044
10.1645785	4.9911907	13045
10.4129711	4.52326796	13046
10.6400646	4.0384504	13047
10.8443288	3.53768134	13048
11.0241821	3.02215267	13049
11.1779994	2.49330167	13050
11.3042129	1.9528416	13051
11.4013938	1.40279514	13052
11.4683075	0.845524075	13053
11.5039226	0.283585491	13054
11.5075127	-0.280261835	13055
12.982142	-0.94565513	13056
12.9150513	-1.57495048	13057
12.8131997	-2.19694905	13058
12.6776792	-2.80885196	13059
12.5100998	-3.40811639	13060
12.3122952	-3.99258357	13061
12.0862014	-4.56032934	13062
11.8338429	-5.10985627	13063
11.5572575	-5.64001399	13064
11.2584361	-6.14991145	13065
10.9392194	-6.638887	13066
10.6013044	-7.10650309	13067
10.2462619	-7.55247335	13068
9.87556466	-7.97662539	13069
9.49056435	-8.37889185	13070
9.09248925	-8.75928784	13071
8.68246083	-9.11788668	13072
8.26151345	-9.45479842	13073
7.83060265	-9.77015573	13074
7.39060766	-10.0641086	13075
6.9423381	-10.3368173	13076
6.48654517	-10.5884435	13077
6.02392821	-10.8191431	13078
5.55513938	-11.0290639	13079
5.08078893	-11.218343	13080
4.60144969	-11.3871017	13081
4.11766265	-11.5354458	13082
3.62993929	-11.6634614	13083
3.13876622	-11.7712163	13084
2.64460813	-11.8587549	13085
2.14791087	-11.9261008	13086
1.64910337	-11.973251	13087
1.14860303	-12.000181	13088
0.64681618	-12.006838	13089
0.144143707	-11.9931405	13090
-0.359019156	-11.9589809	13091
-0.862282304	-11.9042197	13092
-1.36527128	-11.8286803	13093
-1.86763122	-11.7321384	13094
-2.36897784	-11.614333	13095
-2.86890675	-11.4749616	13096
-3.36704575	-11.313639	13097
-3.8630275	-11.1299712	13098
-4.35650723	-10.9235842	13099
-4.84708419	-10.6939345	13100
-5.33427017	-10.4403451	13101
-5.8175484	-10.1620271	13102
-6.29629785	-9.85809833	13103
-6.76976248	-9.52758162	13104
-7.23703738	-9.16938633	13105
-7.69702351	-8.78231065	13106
-8.14837363	-8.36505395	13107
-8.58942245	-7.9162379	13108
-9.01811441	-7.4344514	13109
-9.43191572	-6.91831722	13110
-9.82772629	-6.36661171	13111
-10.2017985	-5.77843347	13112
-10.549693	-5.15342603	13113
-10.8663065	-4.49199036	13114
-11.1460099	-3.79546329	13115
-11.3829252	-3.06634509	13116
-11.5715062	-2.30866348	13117
-11.7074155	-1.52771673	13118
-11.7875536	-0.729886307	13119
-11.8096407	0.0770502729	13120
-11.7727691	0.884553017	13121
-11.6777765	1.68501357	13122
-11.5268526	2.47166722	13123
-11.3233597	3.2381858	13124
-11.0714673	3.97924407	13125
-10.7757835	4.69065691	13126
-10.4410688	5.36931736	13127
-10.0720201	6.01308399	13128
-9.67311682	6.62065202	13129
-9.24852284	7.19141266	13130
-8.80202667	7.72531814	13131
-8.33701297	8.22275147	13132
-7.85646059	8.6844052	13133
-7.36296012	9.11119034	13134
-6.85873833	9.50414581	13135
-6.34569716	9.86437775	13136
-5.82544595	10.1930054	13137
-5.29935323	10.4911168	13138
-4.76859523	10.7597407	13139
-4.23417053	10.9998351	13140
-3.69689779	11.2122987	13141
-3.15755638	11.3979719	13142
-2.61684562	11.5577093	13143
-2.07535907	11.6921496	13144
-1.53365252	11.8018216	13145
-0.99218716	11.8872048	13146
-0.451408344	11.948703	13147
0.0882199467	11.9866515	13148
0.626233071	12.0013338	13149
1.16216627	11.9929866	13150
1.69554875	11.9618096	13151
2.22589618	11.9079617	13152
2.75270743	11.8315737	13153
3.27546454	11.7327472	13154
3.79362842	11.6115599	13155
4.30663795	11.4680684	13156
4.81390572	11.3023113	13157
5.31481429	11.1143121	13158
5.80871399	10.904083	13159
6.29491849	10.6716283	13160
6.77270265	10.4169503	13161
7.24129841	10.1400514	13162
7.69989235	9.84094116	13163
8.14762085	9.51964077	13164
8.58356835	9.17619085	13165
9.00676321	8.81065616	13166
9.41617484	8.42313809	13167
9.81070705	8.0137857	13168
10.1891975	7.58280582	13169
10.5504183	7.13047197	13170
10.8930756	6.65714368	13171
11.2157997	6.16328849	13172
11.5171417	5.64950835	13173
11.7955909	5.11656114	13174
12.0495981	4.56536367	13175
12.2775677	3.99703186	13176
12.4778638	3.41293392	13177
12.6488188	2.81468801	13178
12.7888344	2.20418795	13179
12.8964638	1.58363288	13180
12.9704648	0.955557474	13181
13.0098087	0.32268547	13182
13.0137801	-0.312067714	13183
14.7010568	-1.06086444	13184
14.6269316	-1.77046494	13185
14.514308	-2.47226326	13186
14.3643098	-3.16330192	13187
14.1785842	-3.8408767	13188
13.959009	-4.50266378	13189
13.707574	-5.14657096	13190
13.4263653	-5.77093329	13191
13.1174936	-6.37443046	13192
12.7830332	-6.95600375	13193
12.4249156	-7.51483132	13194
12.044938	-8.05032031	13195
11.6447803	-8.5620342	13196
11.2260303	-9.04965968	13197
10.7901583	-9.51299898	13198
10.338515	-9.95194569	13199
9.87234833	-10.366459	13200
9.39282232	-10.7565424	13201
8.90102364	-11.1222301	13202
8.39796369	-11.4635814	13203
7.88458526	-11.7806724	13204
7.36177384	-12.073587	13205
6.83036353	-12.3424088	13206
6.29114157	-12.5872188	13207
5.74485367	-12.8080926	13208
5.1922084	-13.005094	13209
4.633883	-13.1782759	13210
4.07052554	-13.3276752	13211
3.50275988	-13.4533144	13212
2.93118859	-13.5551957	13213
2.35639657	-13.6333039	13214
1.77895282	-13.6876004	13215
1.19941642	-13.7180278	13216
0.618337171	-13.7245036	13217
0.0362615772	-13.7069195	13218
-0.546266841	-13.6651445	13219
-1.12870648	-13.5990192	13220
-1.71052904	-13.5083502	13221
-2.29122641	-13.3928996	13222
-2.8702601	-13.2523956	13223
-3.44706392	-13.086529	13224
-4.02109821	-12.8949135	13225
-4.59182704	-12.6771571	13226
-5.15873377	-12.4328923	13227
-5.72124093	-12.1615877	13228
-6.27868048	-11.8625834	13229
-6.83034906	-11.5351154	13230
-7.37542989	-11.1783373	13231
-7.91296474	-10.7913186	13232
-8.44184018	-10.3730286	13233
-8.96074125	-9.9223421	13234
-9.46809838	-9.43805565	13235
-9.96201959	-8.91891053	13236
-10.4402223	-8.36363901	13237
-10.8999498	-7.77102972	13238
-11.3378876	-7.14004478	13239
-11.7500859	-6.46998602	13240
-12.1319164	-5.76071797	13241
-12.4781011	-5.01288213	13242
-12.7828537	-4.22807105	13243
-13.0401594	-3.40904605	13244
-13.2443516	-2.56010515	13245
-13.390987	-1.6868265	13246
-13.4768776	-0.795875546	13247
-13.4996745	0.104661077	13248
-13.4584217	1.00593214	13249
-13.3539279	1.90001383	13250
-13.1883873	2.77976768	13251
-12.9652078	3.63846374	13252
-12.6886406	4.47039165	13253
-12.3634104	5.27100246	13254
-11.9944261	6.0368473	13255
-11.5865607	6.76546811	13256
-11.1444912	7.4552722	13257
-10.6725964	8.10539363	13258
-10.1748911	8.71555778	13259
-9.65499434	9.28595025	13260
-9.11612327	9.8170931	13261
-8.56110883	10.3097518	13262
-7.99241769	10.7648418	13263
-7.41218983	11.1833663	13264
-6.82226903	11.5663593	13265
-6.22425377	11.9148406	13266
-5.6195468	12.2297838	13267
-5.00937151	12.5121031	13268
-4.39476461	12.7626661	13269
-3.77671519	12.9822941	13270
-3.15612762	13.1718305	13271
-2.53379347	13.331912	13272
-1.91045658	13.4630733	13273
-1.28676171	13.5658053	13274
-0.663339088	13.6405269	13275
-0.0408350137	13.6875937	13276
0.580108706	13.7073152	13277
1.19885397	13.6999582	13278
1.81475923	13.6657576	13279
2.42717209	13.6049119	13280
3.03542645	13.5175957	13281
3.63884234	13.4039588	13282
4.2367214	13.2641311	13283
4.82834557	13.098226	13284
5.41297243	12.9063428	13285
5.98983117	12.6885704	13286
6.55812039	12.4449913	13287
7.11700343	12.1756853	13288
7.66560642	11.8807355	13289
8.2030141	11.560231	13290
8.72826777	11.2142744	13291
9.2403603	10.8429861	13292
9.73823498	10.4465136	13293
10.2207816	10.0250355	13294
10.6868345	9.578775	13295
11.1351661	9.10801085	13296
11.5644865	8.61308877	13297
11.9734453	8.09442992	13298
12.3606332	7.55254988	13299
12.724572	6.9880801	13300
13.0637126	6.40179526	13301
13.3764517	5.79463585	13302
13.6611582	5.16770901	13303
13.9161673	4.52232481	13304
14.139786	3.86004872	13305
14.3303023	3.18269987	13306
14.486086	2.49237197	13307
14.6056721	1.791459	13308
14.6878109	1.08268603	13309
14.7314766	0.368960962	13310
14.7359649	-0.346626308	13311
16.6664764	-1.19040696	13312
16.5844316	-1.99166472	13313
16.4596282	-2.78456262	13314
16.2932239	-3.56596259	13315
16.0869057	-4.33297712	13316
15.8425992	-5.08309558	13317
15.5623519	-5.81403613	13318
15.2483167	-6.52394423	13319
14.902683	-7.21130713	13320
14.5276152	-7.87487593	13321
14.1251443	-8.51364594	13322
13.6971767	-9.12684621	13323
13.2455119	-9.71386754	13324
12.7718645	-10.2742337	13325
12.2778359	-10.8075948	13326
11.7649132	-11.3137013	13327
11.2344864	-11.7923774	13328
10.687865	-12.2434998	13329
10.1262841	-12.6669846	13330
9.55090542	-13.0627817	13331
8.96282413	-13.4308652	13332
8.36307999	-13.7712241	13333
7.75266266	-14.0838535	13334
7.13251603	-14.3687526	13335
6.50354358	-14.6259208	13336
5.86661261	-14.8553514	13337
5.22256022	-15.0570322	13338
4.57219533	-15.2309395	13339
3.91630385	-15.3770404	13340
3.25565166	-15.4952855	13341
2.59098859	-15.585613	13342
1.92305024	-15.6479413	13343
1.25256431	-15.6821747	13344
0.580251542	-15.6881959	13345
-0.0931680559	-15.6658668	13346
-0.766974474	-15.6150305	13347
-1.440446	-15.5355066	13348
-2.11287137	-15.4270859	13349
-2.7835597	-15.2895183	13350
-3.45178891	-15.1225246	13351
-4.11680194	-14.9257937	13352
-4.77786211	-14.6989442	13353
-5.43423496	-14.4415941	13354
-6.0852018	-14.1533921	13355
-6.72997842	-13.83383	13356
-7.36768705	-13.4822791	13357
-7.9974081	-13.0980155	13358
-8.61810032	-12.680246	13359
-9.22857568	-12.2281061	13360
-9.82748557	-11.7406458	13361
-10.4132734	-11.2168395	13362
-10.9841227	-10.6556063	13363
-11.5378912	-10.0558347	13364
-12.0720474	-9.41643107	13365
-12.5835909	-8.73638337	13366
-13.0689751	-8.01487553	13367
-13.5240332	-7.25145024	13368
-13.9439368	-6.44623086	13369
-14.3232261	-5.60013664	13370
-14.6559537	-4.71505197	13371
-14.9359676	-3.79403335	13372
-15.1574827	-2.84168044	13373
-15.3159526	-1.86387911	13374
-15.4081051	-0.867600219	13375
-15.4315252	0.138747061	13376
-15.3852097	1.14598888	13377
-15.269937	2.14586846	13378
-15.087904	3.13085047	13379
-14.8425622	4.09377912	13380
-14.538242	5.02853403	13381
-14.1797826	5.93017462	13382
-13.7722417	6.79487899	13383
-13.3206712	7.61983861	13384
-12.8299517	8.40313717	13385
-12.3046857	9.14361463	13386
-11.7491273	9.84073243	13387
-11.1671462	10.494442	13388
-10.5622174	11.1050592	13389
-9.93743495	11.67317	13390
-9.29553061	12.1995347	13391
-8.63890998	12.6850234	13392
-7.96968061	13.1305588	13393
-7.28970152	13.537068	13394
-6.60063327	13.9054484	13395
-5.90395615	14.2365519	13396
-5.2009577	14.5311989	13397
-4.49286983	14.7901776	13398
-3.78083495	15.0143088	13399
-3.06587569	15.2042179	13400
-2.34895741	15.3604385	13401
-1.63094241	15.4834671	13402
-0.912679626	15.5737344	13403
-0.195030757	15.6316149	13404
0.521152588	15.6574442	13405
1.23502663	15.6515215	13406
1.94574716	15.6141206	13407
2.65246249	15.5454846	13408
3.35431109	15.4458389	13409
4.05042128	15.3153897	13410
4.73990644	15.1543288	13411
5.42186332	14.9628371	13412
6.09536693	14.741087	13413
6.7594664	14.4892462	13414
7.41318269	14.2074822	13415
8.05550388	13.8959661	13416
8.68538333	13.5548787	13417
9.30173561	13.184414	13418
9.90343478	12.7847865	13419
10.4893093	12.3562361	13420
11.0581417	11.8990379	13421
11.6086646	11.4135062	13422
12.1395601	10.9000084	13423
12.649453	10.3589765	13424
13.1369118	9.79091875	13425
13.6004501	9.19642826	13426
14.0385309	8.57620146	13427
14.4495577	7.93105867	13428
14.8318717	7.2619721	13429
15.1837702	6.57008961	13430
15.5035336	5.8567333	13431
15.7894227	5.12343185	13432
16.0396838	4.37197168	13433
16.2525579	3.60439591	13434
16.4263812	2.82302043	13435
16.5596693	2.03045549	13436
16.6511647	1.22963723	13437
16.6998441	0.423678454	13438
16.7050148	-0.384135273	13439
18.9137391	-1.33616958	13440
18.8227659	-2.24210921	13441
18.6841717	-3.13907064	13442
18.4991511	-4.02370942	13443
18.2694346	-4.89292898	13444
17.9969998	-5.74400652	13445
17.6839569	-6.57444541	13446
17.3325317	-7.38217602	13447
16.9449997	-8.16546736	13448
16.5236238	-8.92285469	13449
16.0705436	-9.6531247	13450
15.5877859	-10.3553025	13451
15.0772821	-11.0285806	13452
14.5408867	-11.672295	13453
13.980347	-12.2859187	13454
13.3973028	-12.8690349	13455
12.793303	-13.4213087	13456
12.1698217	-13.9424668	13457
11.5282621	-14.4322854	13458
10.869957	-14.8905833	13459
10.1961759	-15.3172122	13460
9.50813579	-15.7120463	13461
8.80700583	-16.0749742	13462
8.09391139	-16.4058954	13463
7.36993939	-16.7047171	13464
6.63614236	-16.9713468	13465
5.89354453	-17.2056929	13466
5.14314366	-17.4076585	13467
4.38591641	-17.5771435	13468
3.62282126	-17.7140365	13469
2.85480301	-17.8182199	13470
2.08279442	-17.8895613	13471
1.30772303	-17.92792	13472
0.530512265	-17.9331393	13473
-0.247912189	-17.905047	13474
-1.02662127	-17.8434586	13475
-1.80468026	-17.748172	13476
-2.58116141	-17.6189627	13477
-3.35515714	-17.4555716	13478
-4.12572807	-17.2577161	13479
-4.89189275	-17.0250891	13480
-5.65268377	-16.7573217	13481
-6.40713393	-16.4540518	13482
-7.15428827	-16.1149555	13483
-7.89312187	-15.7395621	13484
-8.62251333	-15.3272895	13485
-9.34129347	-14.8774726	13486
-10.0481642	-14.389392	13487
-10.7416767	-13.8622711	13488
-11.4202173	-13.2952652	13489
-12.0819592	-12.6874749	13490
-12.7248118	-12.0379703	13491
-13.346357	-11.3458186	13492
-13.9437901	-10.6101339	13493
-14.5138452	-9.83014037	13494
-15.0527236	-9.00528329	13495
-15.556025	-8.13538728	13496
-16.0187087	-7.22087618	13497
-16.4351243	-6.26298834	13498
-16.799158	-5.26394049	13499
-17.1045191	-4.227123	13500
-17.3453049	-3.15747315	13501
-17.5168682	-2.06121704	13502
-17.6158563	-0.945657043	13503
-17.6397916	0.180457119	13504
-17.5876248	1.30761316	13505
-17.4601027	2.42719959	13506
-17.259424	3.53125745	13507
-16.9890821	4.61217791	13508
-16.6534848	5.66340231	13509
-16.2575848	6.67956706	13510
-15.8065898	7.65644224	13511
-15.3057343	8.59083102	13512
-14.7601099	9.48045362	13513
-14.1745539	10.3238151	13514
-13.553574	11.1200716	13515
-12.901309	11.8688999	13516
-12.2215137	12.57037	13517
-11.5175701	13.2248507	13518
-10.7925031	13.8329116	13519
-10.0490142	14.395257	13520
-9.28950706	14.9126676	13521
-8.51613511	15.3859509	13522
-7.73085156	15.8159038	13523
-6.93542925	16.2032944	13524
-6.13144327	16.5488772	13525
-5.32040552	16.8533908	13526
-4.5037338	17.1176199	13527
-3.68271942	17.3421672	13528
-2.8585874	17.5275563	13529
-2.03245631	17.6742823	13530
-1.20543225	17.7827835	13531
-0.378630124	17.8534508	13532
0.446851269	17.8866461	13533
1.26992539	17.8827024	13534
2.08950872	17.8419364	13535
2.90451446	17.7646416	13536
3.71385058	17.6511017	13537
4.51641946	17.5015879	13538
5.31111282	17.3163653	13539
6.09680961	17.0956941	13540
6.87237058	16.8398337	13541
7.63663398	16.549046	13542
8.38841339	16.2236002	13543
9.12649288	15.8637764	13544
9.84962547	15.4698729	13545
10.5565291	15.0422086	13546
11.2458854	14.581132	13547
11.9163345	14.087025	13548
12.5664755	13.5603142	13549
13.1948627	13.0014745	13550
13.800006	12.4110431	13551
14.3803646	11.7896313	13552
14.9343483	11.1379371	13553
15.4603196	10.4567529	13554
15.9566002	9.74698421	13555
16.4214628	9.00966828	13556
16.8531289	8.24600298	13557
17.249787	7.45737151	13558
17.6096218	6.64533883	13559
17.9308136	5.81167992	13560
18.2115432	4.95842922	13561
18.4500008	4.08788021	13562
18.6444865	3.20259671	13563
18.793495	2.30543027	13564
18.8957596	1.39955242	13565
18.9502592	0.488305379	13566
18.9563127	-0.42480457	13567
21.4832489	-1.50029488	13568
21.3821971	-2.5258565	13569
21.2279692	-3.54175135	13570
21.0218	-4.54439842	13571
20.7654682	-5.53046207	13572
20.4610083	-6.49697774	13573
20.1105998	-7.44120478	13574
19.7165486	-8.36082902	13575
19.281225	-9.25387163	13576
18.8070001	-10.1186227	13577
18.2961335	-10.9536308	13578
17.7507852	-11.7576876	13579
17.1730324	-12.5297586	13580
16.5648851	-13.2689632	13581
15.9282534	-13.9745693	13582
15.2649482	-14.6459649	13583
14.5766978	-15.2826288	13584
13.8651621	-15.8841116	13585
13.1319348	-16.4500237	13586
12.3785439	-16.9800289	13587
11.6064584	-17.4738326	13588
10.817099	-17.9311725	13589
10.011842	-18.3518088	13590
9.19202258	-18.7355217	13591
8.35894085	-19.0821073	13592
7.51386504	-19.3913701	13593
6.65803795	-19.6631231	13594
5.79267848	-19.8971812	13595
4.91898715	-20.0933639	13596
4.03814893	-20.2514862	13597
3.15133818	-20.3713642	13598
2.2597202	-20.452806	13599
1.36445836	-20.4956187	13600
0.466715366	-20.4996003	13601
-0.432340284	-20.4645413	13602
-1.33153298	-20.3902267	13603
-2.2296771	-20.2764331	13604
-3.12559001	-20.1229219	13605
-4.01810854	-19.9294284	13606
-4.90603722	-19.6956724	13607
-5.78813181	-19.4213578	13608
-6.66315557	-19.1061379	13609
-7.5298697	-18.7496819	13610
-8.38704411	-18.3517072	13611
-9.23337458	-17.911797	13612
-10.0674579	-17.4294348	13613
-10.8878377	-16.9040357	13614
-11.6929226	-16.3349776	13615
-12.480968	-15.7215981	13616
-13.2500618	-15.0631858	13617
-13.9980748	-14.3589981	13618
-14.7226124	-13.608289	13619
-15.4209524	-12.8103393	13620
-16.0899906	-11.9645088	13621
-16.7261712	-11.0702985	13622
-17.3254221	-10.127458	13623
-17.8830913	-9.13613919	13624
-18.3939113	-8.09711227	13625
-18.8520307	-7.01198045	13626
-19.2511632	-5.88333802	13627
-19.5848762	-4.71495289	13628
-19.8471493	-3.51214111	13629
-20.0332363	-2.28150676	13630
-20.1397067	-1.03071536	13631
-20.1640235	0.231119398	13632
-20.105093	1.49412553	13633
-19.9636295	2.74931002	13634
-19.7418332	3.9882592	13635
-19.4432388	5.20288004	13636
-19.0723298	6.38614347	13637
-18.6341728	7.53222715	13638
-18.1341276	8.6364538	13639
-17.577617	9.69519592	13640
-16.9699523	10.705766	13641
-16.3162183	11.6662886	13642
-15.6211931	12.5755693	13643
-14.8893052	13.4329649	13644
-14.1246136	14.2382561	13645
-13.3308161	14.9915524	13646
-12.5112614	15.6931931	13647
-11.6689806	16.3436801	13648
-10.8067092	16.9436177	13649
-9.92693256	17.493663	13650
-9.03193526	17.994485	13651
-8.12382265	18.4467431	13652
-7.20449848	18.8511039	13653
-6.27579648	19.2082372	13654
-5.33945211	19.5188756	13655
-4.39706812	19.7835856	13656
-3.45017259	20.0028696	13657
-2.50018436	20.1772132	13658
-1.54851044	20.3070564	13659
-0.596562079	20.3928037	13660
0.354271995	20.4348421	13661
1.30261999	20.4335405	13662
2.24711716	20.3892622	13663
3.18640038	20.3023569	13664
4.11910689	20.1731747	13665
5.04387377	20.0020625	13666
5.95933262	19.7893697	13667
6.86410705	19.5354504	13668
7.75680705	19.2406662	13669
8.63602455	18.9053905	13670
9.50033151	18.5300132	13671
10.348275	18.1149439	13672
11.1783759	17.6606199	13673
11.9891252	17.1675089	13674
12.7789831	16.6361175	13675
13.546374	16.0669959	13676
14.2896874	15.4607491	13677
15.0072752	14.8180407	13678
15.6974522	14.1396067	13679
16.3584909	13.4262678	13680
16.9886229	12.6789419	13681
17.5860424	11.8986523	13682
18.1489135	11.0865449	13683
18.6753641	10.243906	13684
19.1634836	9.37219095	13685
19.6113414	8.47305007	13686
20.0170173	7.54832287	13687
20.3786035	6.60006211	13688
20.6942093	5.63058117	13689
20.9619696	4.64245421	13690
21.1801448	3.63852281	13691
21.347206	2.62190895	13692
21.4618761	1.59604818	13693
21.5231349	0.564540988	13694
21.5303129	-0.468856167	13695
24.4212014	-1.68521558	13696
24.3087598	-2.84753278	13697
24.1367903	-3.99941355	13698
23.9065723	-5.13700514	13699
23.6199374	-6.25669794	13700
23.2789837	-7.35525122	13701
22.8859675	-8.42964643	13702
22.4432837	-9.4772908	13703
21.9534074	-10.4959237	13704
21.4188298	-11.4835562	13705
20.8419438	-12.4384653	13706
20.2250571	-13.3591757	13707
19.5704093	-14.2443925	13708
18.8801838	-15.0929862	13709
18.1564731	-15.9039874	13710
17.4012808	-16.6765568	13711
16.6165375	-17.4099563	13712
15.8041133	-18.1035302	13713
14.9658189	-18.7566945	13714
14.1034048	-19.3689294	13715
13.2185686	-19.9397679	13716
12.3129653	-20.4687849	13717
11.3882095	-20.9555888	13718
10.4458796	-21.3998172	13719
9.48752257	-21.8011341	13720
8.51465773	-22.1592206	13721
7.52878267	-22.4737763	13722
6.53137464	-22.7445113	13723
5.52389622	-22.9711495	13724
4.50779796	-23.1534187	13725
3.48452375	-23.2910575	13726
2.45551212	-23.3838043	13727
1.42220379	-23.4314063	13728
0.38604295	-23.4336102	13729
-0.651516352	-23.3901648	13730
-1.68900879	-23.3008231	13731
-2.72495434	-23.1653401	13732
-3.75787141	-22.9834656	13733
-4.78629668	-22.754934	13734
-5.80873417	-22.4794739	13735
-6.82363278	-22.1568096	13736
-7.82944237	-21.7866279	13737
-8.82460833	-21.3686431	13738
-9.80758133	-20.9026308	13739
-10.7767342	-20.3882469	13740
-11.7303387	-19.8250626	13741
-12.6666088	-19.2125985	13742
-13.583619	-18.5503571	13743
-14.4792896	-17.8378205	13744
-15.3513721	-17.0744431	13745
-16.1973997	-16.2596741	13746
-17.0146397	-15.3929889	13747
-17.8000347	-14.4739215	13748
-18.5501521	-13.5021197	13749
-19.2611198	-12.4774063	13750
-19.9285684	-11.399883	13751
-20.5475741	-10.2700786	13752
-21.1126262	-9.0891602	13753
-21.6176605	-7.85914665	13754
-22.0562099	-6.58306019	13755
-22.4216957	-5.26509545	13756
-22.7079786	-3.91099399	13757
-22.9102137	-2.52778167	13758
-23.0248953	-1.12352492	13759
-23.04943	0.29226862	13760
-22.9826808	1.70933962	13761
-22.8253299	3.11828073	13762
-22.579579	4.51018729	13763
-22.2490044	5.8764463	13764
-21.8381653	7.20952132	13765
-21.3522427	8.5030907	13766
-20.7967528	9.75198528	13767
-20.1773136	10.9520995	13768
-19.499467	12.1002886	13769
-18.7685602	13.1942468	13770
-17.9896609	14.232378	13771
-17.1675104	15.2136693	13772
-16.3064992	16.1375636	13773
-15.4106717	17.0038647	13774
-14.4837347	17.8126374	13775
-13.529086	18.5641398	13776
-12.5498327	19.2587617	13777
-11.5488337	19.8969747	13778
-10.5287484	20.479288	13779
-9.49205931	21.006224	13780
-8.44104492	21.4783361	13781
-7.37790797	21.8962033	13782
-6.30474943	22.2604864	13783
-5.22353199	22.5717	13784
-4.13613613	22.830312	13785
-3.04433089	23.0367886	13786
-1.94987394	23.1915642	13787
-0.85452198	23.2950528	13788
0.239997459	23.3476652	13789
1.33197878	23.3498072	13790
2.419728	23.3018928	13791
3.50155854	23.2043344	13792
4.57579066	23.057557	13793
5.64075095	22.8619943	13794
6.69476665	22.6180938	13795
7.73616288	22.3263185	13796
8.76325688	21.9871499	13797
9.77435354	21.6010923	13798
10.7677438	21.1686776	13799
11.7416998	20.6904681	13800
12.6944738	20.1670653	13801
13.624295	19.5991116	13802
14.5293689	18.9873003	13803
15.4078724	18.3323787	13804
16.2579558	17.6351613	13805
17.0777402	16.8965319	13806
17.8653193	16.1174586	13807
18.6187547	15.2990051	13808
19.3360776	14.4423442	13809
20.015293	13.5487651	13810
20.6543892	12.61969	13811
21.2513329	11.6566908	13812
21.8040668	10.6615163	13813
22.3105287	9.63612011	13814
22.7686826	8.58265226	13815
23.1765236	7.50347928	13816
23.532082	6.40122894	13817
23.8334313	5.27879099	13818
24.0787879	4.13931927	13819
24.2665959	2.98624021	13820
24.395565	1.82328691	13821
24.464675	0.654351966	13822
24.4732672	-0.516523449	13823
27.780414	-1.89369374	13824
27.6550882	-3.21241168	13825
27.4629669	-4.51983002	13826
27.2053787	-5.81178348	13827
26.8842146	-7.08434802	13828
26.5016435	-8.33396684	13829
26.0600078	-9.55730416	13830
25.5618019	-10.7514494	13831
25.0096178	-11.9138208	13832
24.4060805	-13.042112	13833
23.7537313	-14.1342896	13834
23.0550434	-15.1885728	13835
22.3124377	-16.2033688	13836
21.5282919	-17.1772618	13837
20.7049034	-18.1090082	13838
19.8444934	-18.9975053	13839
18.9492215	-19.8417627	13840
18.0211964	-20.6408843	13841
17.0624754	-21.3940583	13842
16.0750637	-22.1005499	13843
15.0609208	-22.7596884	13844
14.0219706	-23.3708577	13845
12.960103	-23.9334859	13846
11.877177	-24.4470425	13847
10.7750262	-24.9110348	13848
9.65546112	-25.3249979	13849
8.52027607	-25.6884972	13850
7.37124955	-26.0011188	13851
6.21015023	-26.2624742	13852
5.03873928	-26.4721888	13853
3.85877613	-26.6299104	13854
2.67201951	-26.7352972	13855
1.48023525	-26.7880274	13856
0.285197586	-26.7877899	13857
-0.911304722	-26.7342879	13858
-2.10746703	-26.6272405	13859
-3.30146493	-26.4663815	13860
-4.49146738	-26.2514525	13861
-5.67565996	-25.9821925	13862
-6.8521953	-25.6583479	13863
-8.01916498	-25.2796739	13864
-9.17465519	-24.8459047	13865
-10.3167452	-24.3568163	13866
-11.4435164	-23.8122618	13867
-12.5529691	-23.2119924	13868
-13.6430013	-22.5556932	13869
-14.7114496	-21.8430186	13870
-15.7560083	-21.0736283	13871
-16.7742179	-20.2471829	13872
-17.7634516	-19.3633405	13873
-18.7208644	-18.4217824	13874
-19.6433484	-17.4222476	13875
-20.527476	-16.3645689	13876
-21.3694542	-15.2487292	13877
-22.1650654	-14.0749233	13878
-22.9096167	-12.8436579	13879
-23.5978898	-11.5558935	13880
-24.2241128	-10.2132501	13881
-24.7819946	-8.81821844	13882
-25.2648773	-7.37430488	13883
-25.6660304	-5.88618594	13884
-25.9791932	-4.36008182	13885
-26.1994217	-2.80349051	13886
-26.323136	-1.22492439	13887
-26.3476891	0.365677605	13888
-26.2719024	1.95763362	13889
-26.0964265	3.54108225	13890
-25.8234662	5.10658543	13891
-25.45664	6.64496882	13892
-25.0005837	8.14814618	13893
-24.4605956	9.60925007	13894
-23.8423537	11.0225692	13895
-23.1516803	12.3834668	13896
-22.3943608	13.688286	13897
-21.5760224	14.9342341	13898
-20.7020439	16.1192578	13899
-19.7775062	17.2419193	13900
-18.8071611	18.3012696	13901
-17.7954346	19.296755	13902
-16.7464294	20.2281166	13903
-15.6639513	21.0953223	13904
-14.551523	21.8985043	13905
-13.4124238	22.637909	13906
-12.2497361	23.3138496	13907
-11.0663699	23.926679	13908
-9.86503029	24.4768081	13909
-8.64834209	24.9646991	13910
-7.41882591	25.3909187	13911
-6.17885939	25.7559106	13912
-4.93073144	26.0600928	13913
-3.67661793	26.3038997	13914
-2.41868364	26.4877516	13915
-1.15908673	26.6120664	13916
0.100050777	26.6772768	13917
1.356634	26.6838261	13918
2.60858485	26.6321828	13919
3.85383929	26.5228287	13920
5.09034768	26.3562737	13921
6.31607418	26.1330501	13922
7.52899089	25.8537182	13923
8.72707491	25.5188675	13924
9.90830244	25.1291191	13925
11.0706446	24.6851299	13926
12.2120661	24.1875981	13927
13.3305203	23.6372649	13928
14.4239493	23.0349239	13929
15.49028	22.3814226	13930
16.5274252	21.6776721	13931
17.5332779	20.9246507	13932
18.5057149	20.123417	13933
19.442594	19.2751112	13934
20.3417579	18.380971	13935
21.201029	17.4423414	13936
22.0182124	16.4606893	13937
22.7911003	15.43761	13938
23.5174837	14.374843	13939
24.1951485	13.2742863	13940
24.8218741	12.1380241	13941
25.3954516	10.9683539	13942
25.9137163	9.76777769	13943
26.3745552	8.53901679	13944
26.7759105	7.28505402	13945
27.1157872	6.00913498	13946
27.3923513	4.71476572	13947
27.6040156	3.40571673	13948
27.7494739	2.08605789	13949
27.8277038	0.760013489	13950
27.8380566	-0.568050299	13951
31.6212753	-2.1288655	13952
31.4813623	-3.62650479	13953
31.2663335	-5.11187378	13954
30.9775724	-6.58044742	13955
30.6170366	-8.02794037	13956
30.1869751	-9.45043358	13957
29.6898268	-10.8442285	13958
29.128198	-12.2060513	13959
28.5048119	-13.5329543	13960
27.8224433	-14.8222688	13961
27.0838001	-16.0716068	13962
26.2915411	-17.2788382	13963
25.4482906	-18.4420285	13964
24.5566448	-19.5594334	13965
23.6191325	-20.6294928	13966
22.638221	-21.6507994	13967
21.6163295	-22.6220699	13968
20.5558382	-23.5421286	13969
19.4590857	-24.4098985	13970
18.3283681	-25.2243931	13971
17.1659454	-25.9847036	13972
15.9740511	-26.6899888	13973
14.7548918	-27.3394657	13974
13.5106511	-27.9324056	13975
12.2434941	-28.4681315	13976
10.9555694	-28.9460068	13977
9.64901624	-29.3654387	13978
8.32596365	-29.725868	13979
6.98853718	-30.0267744	13980
5.6388605	-30.2676638	13981
4.27906157	-30.4480789	13982
2.91127332	-30.567585	13983
1.5376417	-30.6257822	13984
0.160326763	-30.6222943	13985
-1.2184915	-30.5567746	13986
-2.59661217	-30.4289067	13987
-3.97180914	-30.2384048	13988
-5.34184411	-29.9850063	13989
-6.70449323	-29.6684621	13990
-8.05749962	-29.2885464	13991
-9.39853982	-28.8450591	13992
-10.725279	-28.3377978	13993
-12.035373	-27.7666201	13994
-13.3264772	-27.1314793	13995
-14.5961635	-26.4322485	13996
-15.8419009	-25.6687561	13997
-17.0610946	-24.8408245	13998
-18.2510066	-23.9483067	13999
-19.408748	-22.9910823	14000
-20.5312657	-21.9690559	14001
-21.6152916	-20.8821867	14002
-22.6573005	-19.7305265	14003
-23.6534558	-18.5142575	14004
-24.5995682	-17.2337515	14005
-25.4910423	-15.8896313	14006
-26.3228325	-14.4828673	14007
-27.0894012	-13.0149127	14008
-27.7846944	-11.4879025	14009
-28.402178	-9.9048618	14010
-28.9349917	-8.26984378	14011
-29.3762457	-6.58806875	14012
-29.7195538	-4.86629568	14013
-29.9598708	-3.11255256	14014
-30.0935436	-1.33585073	14015
-30.1178736	0.453393626	14016
-30.0316422	2.24403239	14017
-29.8354697	4.02570228	14018
-29.5315662	5.78838234	14019
-29.1235948	7.52228905	14020
-28.6162701	9.21873721	14021
-28.015012	10.8702606	14022
-27.3256676	12.4705487	14023
-26.5542748	14.0143739	14024
-25.7068786	15.4975057	14025
-24.789406	16.9166025	14026
-23.8075721	18.2690913	14027
-22.7668266	19.5530478	14028
-21.6723176	20.7670712	14029
-20.5288904	21.9101928	14030
-19.3410864	22.9817749	14031
-18.1131652	23.9814432	14032
-16.8491146	24.9090235	14033
-15.5526863	25.764492	14034
-14.2274402	26.5479247	14035
-12.8767699	27.2594678	14036
-11.5038653	27.899356	14037
-10.1118335	28.4679045	14038
-8.70367599	28.9655602	14039
-7.28224763	29.3926734	14040
-5.85030924	29.7495941	14041
-4.41050777	30.0367103	14042
-2.96547919	30.2544175	14043
-1.51784683	30.4031309	14044
-0.0701907672	30.4833017	14045
1.37494158	30.4954111	14046
2.81502534	30.4399858	14047
4.24755728	30.3175843	14048
5.6700572	30.1288114	14049
7.08006733	29.8743117	14050
8.47514638	29.5547748	14051
9.85286652	29.1709357	14052
11.2108076	28.7235773	14053
12.5465532	28.2135339	14054
13.8576898	27.641697	14055
15.1418021	27.0090164	14056
16.3964735	26.3165096	14057
17.6192828	25.5652628	14058
18.8078059	24.7564417	14059
19.9596102	23.8912927	14060
21.0722594	22.9711579	14061
22.1433109	21.9974755	14062
23.1703214	20.9717946	14063
24.1508417	19.8957855	14064
25.0824211	18.7712538	14065
25.9626113	17.6001463	14066
26.7889811	16.384566	14067
27.5591132	15.1267842	14068
28.2706033	13.8292671	14069
28.9210787	12.4947033	14070
29.5082303	11.1259937	14071
30.0298241	9.72626147	14072
30.4837027	8.2988912	14073
30.8677937	6.84753082	14074
31.1802053	5.37608485	14075
31.4193138	3.88871389	14076
31.5837926	2.38987039	14077
31.6726148	0.884156464	14078
31.6851411	-0.623689805	14079
36.0128301	-2.39429191	14080
35.8563891	-4.09666516	14081
35.6153027	-5.78567389	14082
35.2910157	-7.45637872	14083
34.8855612	-9.10407892	14084
34.4012783	-10.7244398	14085
33.8407151	-12.3133473	14086
33.2066044	-13.8671119	14087
32.5018172	-15.3823679	14088
31.729297	-16.8560333	14089
30.8919395	-18.2853144	14090
29.9926123	-19.6676811	14091
29.0341689	-21.000808	14092
28.0194523	-22.282573	14093
26.9512532	-23.5110514	14094
25.832318	-24.6844837	14095
24.6653613	-25.801248	14096
23.453072	-26.8598444	14097
22.1981101	-27.8588871	14098
20.903105	-28.7970969	14099
19.5706615	-29.6732864	14100
18.2033687	-30.4863521	14101
16.8037988	-31.2352634	14102
15.3745097	-31.9190599	14103
13.9180504	-32.5368484	14104
12.4369615	-33.0877913	14105
10.9337822	-33.5711111	14106
9.41104913	-33.9860783	14107
7.87130319	-34.3320194	14108
6.31709019	-34.6083015	14109
4.75096766	-34.8143457	14110
3.17550482	-34.9496111	14111
1.59329091	-35.0136089	14112
0.00693592924	-35.0058905	14113
-1.58092407	-34.9260549	14114
-3.1676265	-34.7737489	14115
-4.75047788	-34.5486693	14116
-6.32676648	-34.2505547	14117
-7.8937924	-33.8791768	14118
-9.44882277	-33.4343503	14119
-10.9890532	-32.9159353	14120
-12.5116625	-32.3238126	14121
-14.0138179	-31.6579445	14122
-15.4926842	-30.9184112	14123
-16.9453415	-30.1052383	14124
-18.3687675	-29.2184327	14125
-19.7598752	-28.2580227	14126
-21.1154356	-27.2240975	14127
-22.4320742	-26.1168012	14128
-23.7062576	-24.9363343	14129
-24.934244	-23.6829867	14130
-26.1120437	-22.3571784	14131
-27.2353672	-20.9594987	14132
-28.2995895	-19.4907691	14133
-29.2997007	-17.9521035	14134
-30.2302706	-16.3450017	14135
-31.0854139	-14.6714773	14136
-31.8587712	-12.9342494	14137
-32.5435471	-11.1369474	14138
-33.132665	-9.2842411	14139
-33.6190667	-7.38196424	14140
-33.9962346	-5.43748253	14141
-34.2590193	-3.45942016	14142
-34.4036937	-1.45734954	14143
-34.4275091	0.557780266	14144
-34.3292093	2.57430139	14145
-34.109386	4.58129167	14146
-33.7702577	6.56808957	14147
-33.315536	8.52424681	14148
-32.7500179	10.4404225	14149
-32.079251	12.3084906	14150
-31.3092615	14.1214771	14151
-30.4463172	15.8734963	14152
-29.4967405	17.5596751	14153
-28.4667823	19.1760537	14154
-27.3625222	20.7194699	14155
-26.1898125	22.1874447	14156
-24.9542357	23.5780586	14157
-23.6610999	24.8898634	14158
-22.3154325	26.1217812	14159
-20.9219983	27.2730367	14160
-19.4853054	28.3430946	14161
-18.0096362	29.3316097	14162
-16.499089	30.2383741	14163
-14.9576045	31.0632846	14164
-13.3889234	31.8063608	14165
-11.7967025	32.4677368	14166
-10.1844933	33.047709	14167
-8.55569865	33.5465088	14168
-6.91362326	33.9643964	14169
-5.26145788	34.3016964	14170
-3.60238249	34.5587668	14171
-1.93955798	34.7360115	14172
-0.276094885	34.8338959	14173
1.38493466	34.8529388	14174
3.04048747	34.7937287	14175
4.68755058	34.656908	14176
6.32314381	34.443188	14177
7.94431932	34.1533399	14178
9.54815565	33.7882012	14179
11.1317548	33.3486736	14180
12.6922368	32.8357265	14181
14.226736	32.2503995	14182
15.7324011	31.593808	14183
17.2063904	30.8671437	14184
18.6458734	30.071684	14185
20.0480278	29.2087925	14186
21.4100418	28.2799295	14187
22.7291092	27.2866529	14188
24.0024351	26.2306329	14189
25.2272336	25.113652	14190
26.400735	23.9376193	14191
27.5201812	22.7045796	14192
28.582831	21.416728	14193
29.5859639	20.0764146	14194
30.5268971	18.6861585	14195
31.4029838	17.2486576	14196
32.2116129	15.7668136	14197
32.9502265	14.2437603	14198
33.6163533	12.6828509	14199
34.2076222	11.0876646	14200
34.7217632	9.46204153	14201
35.1566153	7.81008558	14202
35.51022	6.13615328	14203
35.78091	4.44484879	14204
35.9673335	2.74106045	14205
36.0684557	1.02982187	14206
36.0836456	-0.683702537	14207
41.0340203	-2.69401705	14208
40.85884	-4.63070542	14209
40.5880953	-6.55279349	14210
40.2233005	-8.45486453	14211
39.7665737	-10.33174	14212
39.2203564	-12.1786077	14213
38.5873207	-13.9908774	14214
37.8703428	-15.7643833	14215
37.0724609	-17.4952818	14216
36.1968091	-19.1800182	14217
35.2464955	-20.8153348	14218
34.224624	-22.3982435	14219
33.1343073	-23.9259707	14220
31.9786676	-25.3959605	14221
30.760793	-26.8058685	14222
29.4837474	-28.1535288	14223
28.1505815	-29.436928	14224
26.764337	-30.6541913	14225
25.3280409	-31.8035749	14226
23.8447045	-32.8834588	14227
22.3173286	-33.8923323	14228
20.7489116	-34.8287858	14229
19.1424466	-35.6915004	14230
17.5009242	-36.4792453	14231
15.8273368	-37.1908752	14232
14.1246789	-37.8253183	14233
12.3959536	-38.3815814	14234
10.6441709	-38.8587378	14235
8.87235388	-39.2559354	14236
7.08353937	-39.5723814	14237
5.28078452	-39.8073571	14238
3.46716629	-39.9602002	14239
1.64578975	-40.0303213	14240
-0.18021157	-40.0171917	14241
-2.00767116	-39.9203513	14242
-3.83338984	-39.7394097	14243
-5.65413148	-39.4740494	14244
-7.46663522	-39.1240168	14245
-9.26764906	-38.6891155	14246
-11.0538882	-38.1692158	14247
-12.8219921	-37.564257	14248
-14.5685786	-36.8742259	14249
-16.2902523	-36.0992167	14250
-17.9836144	-35.2394678	14251
-19.645181	-34.2951932	14252
-21.271368	-33.2666178	14253
-22.8585277	-32.154021	14254
-24.402874	-30.9577763	14255
-25.9004829	-29.6783448	14256
-27.3472804	-28.3162798	14257
-28.7389937	-26.8722615	14258
-30.0711153	-25.3471415	14259
-31.3388538	-23.7419824	14260
-32.5371037	-22.0581237	14261
-33.6604002	-20.2972414	14262
-34.7028922	-18.4614385	14263
-35.6583154	-16.5533649	14264
-36.5199785	-14.5764014	14265
-37.2808039	-12.5348592	14266
-37.9334822	-10.4341034	14267
-38.4707759	-8.28065931	14268
-38.8860288	-6.08257621	14269
-39.1739821	-3.84915006	14270
-39.330833	-1.59058666	14271
-39.353784	0.681565582	14272
-39.2415433	2.95505448	14273
-38.9946764	5.21833161	14274
-38.6154149	7.46002773	14275
-38.1075241	9.66896528	14276
-37.4758889	11.8350819	14277
-36.7261929	13.9495222	14278
-35.8646539	16.0045749	14279
-34.8977867	17.9936208	14280
-33.8322131	19.9110672	14281
-32.6745346	21.7522582	14282
-31.4312283	23.5133653	14283
-30.1085872	25.1912781	14284
-28.7126714	26.783484	14285
-27.2493002	28.2879833	14286
-25.7240401	29.7031883	14287
-24.1422191	31.0278574	14288
-22.5089272	32.2610319	14289
-20.8290431	33.4019876	14290
-19.1072723	34.4501794	14291
-17.3481736	35.4052055	14292
-15.5561129	36.2668267	14293
-13.7353731	37.034956	14294
-11.8901339	37.7097043	14295
-10.0244264	38.2911542	14296
-8.14218039	38.779451	14297
-6.24721307	39.1748353	14298
-4.34333091	39.477613	14299
-2.43431484	39.688166	14300
-0.523888241	39.8069683	14301
1.38426981	39.8345747	14302
3.28651621	39.7716394	14303
5.17924768	39.6188963	14304
7.05890473	39.377175	14305
8.92197141	39.0473899	14306
10.7649696	38.6305459	14307
12.5844566	38.1277362	14308
14.3770195	37.5401438	14309
16.1392729	36.8690447	14310
17.867859	36.1158129	14311
19.559444	35.2819194	14312
21.2107198	34.3689422	14313
22.8184017	33.3785657	14314
24.3792325	32.3125911	14315
25.8899766	31.1729358	14316
27.3474281	29.9616495	14317
28.7484083	28.6809113	14318
30.0897747	27.3330449	14319
31.3684171	25.9205263	14320
32.5812636	24.4459975	14321
33.7252843	22.9122707	14322
34.7975112	21.322341	14323
35.7950369	19.679394	14324
36.7150159	17.9868281	14325
37.554681	16.2482834	14326
38.3113769	14.4676275	14327
38.9825766	12.6489573	14328
39.5658816	10.7966306	14329
40.0590287	8.91526907	14330
40.4599822	7.00974311	14331
40.7670226	5.0851625	14332
40.9787667	3.14691338	14333
41.0941682	1.20052319	14334
41.1126023	-0.74835433	14335
46.7751034	-3.03263412	14336
46.578664	-5.23753283	14337
46.2741462	-7.42643327	14338
45.8631424	-9.59336887	14339
45.3478673	-11.7326112	14340
44.7308789	-13.8387994	14341
44.0149904	-15.9067966	14342
43.2032409	-17.9318909	14343
42.2988589	-19.9096918	14344
41.3051946	-21.8361038	14345
40.2255969	-23.7073374	14346
39.0634378	-25.51988	14347
37.8221242	-27.2704443	14348
36.5050952	-28.9559765	14349
35.1157774	-30.5736486	14350
33.6575966	-32.1208267	14351
32.1339871	-33.5950456	14352
30.5483931	-34.9939972	14353
28.9042622	-36.3155233	14354
27.2050438	-37.5576093	14355
25.4541934	-38.7183689	14356
23.6551804	-39.7960372	14357
21.811483	-40.7889604	14358
19.9265909	-41.6955932	14359
18.0040093	-42.5144975	14360
16.0472577	-43.2443293	14361
14.0598765	-43.8838453	14362
12.0454244	-44.4318898	14363
10.0074842	-44.8874051	14364
7.94966265	-45.2494138	14365
5.87559706	-45.5170369	14366
3.78895413	-45.6894743	14367
1.6934381	-45.7660236	14368
-0.407209605	-45.7460668	14369
-2.50920671	-45.6290808	14370
-4.60873158	-45.4146377	14371
-6.70191925	-45.1024099	14372
-8.78487321	-44.6921606	14373
-10.8537025	-44.1837383	14374
-12.9044836	-43.5770867	14375
-14.9332144	-42.8722468	14376
-16.9358662	-42.0693387	14377
-18.9083973	-41.16862	14378
-20.8467618	-40.170524	14379
-22.7468304	-39.0754939	14380
-24.6043775	-37.8840196	14381
-26.4151171	-36.5966823	14382
-28.1746309	-35.2141954	14383
-29.8783741	-33.7373977	14384
-31.5216636	-32.1672592	14385
-33.0996307	-30.5049194	14386
-34.6071906	-28.7517332	14387
-36.0389946	-26.9093117	14388
-37.389406	-24.9795901	14389
-38.65246	-22.9648868	14390
-39.8218437	-20.8679912	14391
-40.8908782	-18.6922747	14392
-41.8525112	-16.4418664	14393
-42.699358	-14.121847	14394
-43.4238586	-11.738365	14395
-44.0185822	-9.29872493	14396
-44.4767253	-6.81174686	14397
-44.792913	-4.28748459	14398
-44.9632636	-1.736861	14399
-44.9849316	0.827897471	14400
-44.8565918	3.39387744	14401
-44.5787866	5.94882508	14402
-44.1537669	8.48058545	14403
-43.585358	10.9771769	14404
-42.8785406	13.4277396	14405
-42.0391452	15.8226084	14406
-41.0735967	18.1532518	14407
-39.9886771	20.4122313	14408
-38.7913337	22.5931483	14409
-37.4885499	24.6905638	14410
-36.0872373	26.699896	14411
-34.5941729	28.6173181	14412
-33.0159434	30.4396407	14413
-31.3589341	32.1642315	14414
-29.6293102	33.7889155	14415
-27.8330278	35.3119108	14416
-25.9758281	36.7317653	14417
-24.0632599	38.0473101	14418
-22.1007131	39.2576023	14419
-20.0934455	40.3618863	14420
-18.0465314	41.3596128	14421
-15.9649664	42.2504285	14422
-13.8536471	43.0342186	14423
-11.7173229	43.7108818	14424
-9.56064157	44.2804194	14425
-7.38813992	44.7429647	14426
-5.2043447	45.0987529	14427
-3.01375051	45.3481315	14428
-0.820787405	45.4915758	14429
1.3701649	45.5296745	14430
3.55477038	45.4631504	14431
5.72874348	45.2928371	14432
7.88785469	45.0196955	14433
10.0279307	44.6448007	14434
12.1448494	44.1693476	14435
14.2345374	43.594647	14436
16.2929659	42.9221269	14437
18.3161482	42.1533344	14438
20.3001419	41.2899408	14439
22.2410448	40.333739	14440
24.1349983	39.2866533	14441
25.9781855	38.150738	14442
27.7668363	36.9281874	14443
29.4972223	35.6213333	14444
31.1656661	34.2326621	14445
32.7685389	32.7648098	14446
34.3022719	31.2205769	14447
35.7633525	29.602934	14448
37.1483317	27.9150362	14449
38.4538273	26.1602243	14450
39.6765464	24.3420383	14451
40.8132854	22.4642203	14452
41.8609319	20.5307355	14453
42.8164805	18.545801	14454
43.6770665	16.5138693	14455
44.4399848	14.4396264	14456
45.1026893	12.3280189	14457
45.6627989	10.1842577	14458
46.1181872	8.01379858	14459
46.4670725	5.82232884	14460
46.7080329	3.61580421	14461
46.8400057	1.40031812	14462
46.8623705	-0.817913497	14463
53.3392748	-3.41536089	14464
53.1187053	-5.92730334	14465
52.7757119	-8.42166408	14466
52.3119758	-10.8918431	14467
51.7298212	-13.3314791	14468
51.0319388	-15.7345805	14469
50.2213029	-18.0953824	14470
49.3011387	-20.4085462	14471
48.2748908	-22.6690547	14472
47.1461555	-24.8721934	14473
45.918556	-27.0135633	14474
44.5957691	-29.0890505	14475
43.1815362	-31.0947785	14476
41.6796575	-33.0271218	14477
40.0939455	-34.8826962	14478
38.4282391	-36.6583289	14479
36.6864111	-38.3510339	14480
34.8723662	-39.9580031	14481
32.990034	-41.4765997	14482
31.0433665	-42.9043523	14483
29.0363422	-44.2389397	14484
26.9729722	-45.478186	14485
24.8572939	-46.6200488	14486
22.6933729	-47.6626186	14487
20.4853064	-48.6041179	14488
18.2372213	-49.4428873	14489
15.9532797	-50.1773946	14490
13.6376757	-50.8062196	14491
11.2946406	-51.3280676	14492
8.92844179	-51.7417493	14493
6.54338957	-52.0462031	14494
4.14383444	-52.2404722	14495
1.73417532	-52.3237275	14496
-0.681141654	-52.2952527	14497
-3.09762075	-52.1544574	14498
-5.51071953	-51.9008769	14499
-7.91584559	-51.5341792	14500
-10.3083678	-51.0541547	14501
-12.6836571	-50.4607128	14502
-15.0370526	-49.7538923	14503
-17.3638122	-48.9338621	14504
-19.6591646	-48.0009073	14505
-21.9183253	-46.9554861	14506
-24.1365073	-45.7982688	14507
-26.3088434	-44.529976	14508
-28.430376	-43.1514156	14509
-30.4960931	-41.6635293	14510
-32.50086	-40.0674346	14511
-34.4394295	-38.3644164	14512
-36.3064324	-36.5559353	14513
-38.0963317	-34.6436682	14514
-39.8033967	-32.6295555	14515
-41.4216595	-30.515842	14516
-42.9448954	-28.3051467	14517
-44.3665879	-26.0005221	14518
-45.6799167	-23.6055371	14519
-46.8777488	-21.1243809	14520
-47.9526366	-18.5620288	14521
-48.8968616	-15.9244294	14522
-49.7025909	-13.2186136	14523
-50.3621857	-10.4527646	14524
-50.8686836	-7.63657163	14525
-51.2165851	-4.78094431	14526
-51.4019257	-1.89761911	14527
-51.4218112	1.00040727	14528
-51.274886	3.89946948	14529
-50.9616732	6.78651591	14530
-50.4844502	9.64851567	14531
-49.8471113	12.4725963	14532
-49.0547426	15.2470123	14533
-48.1133352	17.961197	14534
-47.0295402	20.6057039	14535
-45.810431	23.1721785	14536
-44.4633104	25.6533185	14537
-42.9955801	28.0428044	14538
-41.4146286	30.335204	14539
-39.7277665	32.525878	14540
-37.942162	34.6108665	14541
-36.0648281	36.586814	14542
-34.1025963	38.4508707	14543
-32.0621235	40.2006306	14544
-29.9498805	41.8340694	14545
-27.7721693	43.3494992	14546
-25.5351512	44.7455103	14547
-23.244874	46.0209298	14548
-20.9072148	47.1748408	14549
-18.5279795	48.2065713	14550
-16.1128818	49.1157341	14551
-13.6674922	49.9020044	14552
-11.1972808	50.5652054	14553
-8.70761006	51.1053354	14554
-6.20383325	51.5225376	14555
-3.69126516	51.8171101	14556
-1.17514929	51.9895199	14557
1.33932738	52.0403866	14558
3.84702985	51.9705041	14559
6.34288539	51.7808141	14560
8.82189084	51.4724226	14561
11.2791136	51.0465848	14562
13.7096874	50.5047103	14563
16.1088102	49.8483572	14564
18.4717416	49.0792328	14565
20.793801	48.1991945	14566
23.070371	47.2102547	14567
25.2968941	46.1145756	14568
27.468877	44.9144797	14569
29.5818902	43.6124467	14570
31.6315738	42.2111228	14571
33.6136329	40.7133167	14572
35.5238489	39.1220167	14573
37.3580772	37.4403835	14574
39.1122606	35.671765	14575
40.7824262	33.8196993	14576
42.3646938	31.8879288	14577
43.8552791	29.8803998	14578
45.2505184	27.8012745	14579
46.54687	25.6549311	14580
47.7409167	23.4459819	14581
48.8293814	21.1793012	14582
49.8091595	18.8600079	14583
50.677342	16.4934587	14584
51.431212	14.0852714	14585
52.0682523	11.641328	14586
52.5862295	9.16775287	14587
52.983288	6.67089357	14588
53.2579579	4.1573586	14589
53.4091546	1.63389088	14590
53.4362596	-0.892647362	14591
60.8445218	-3.84812571	14592
60.5965507	-6.71159773	14593
60.2097086	-9.55569262	14594
59.6857767	-12.3730807	14595
59.0272043	-15.1566723	14596
58.2368335	-17.8997502	14597
57.3178225	-20.5958279	14598
56.2736091	-23.2388472	14599
55.107885	-25.8230724	14600
53.8245268	-28.3430792	14601
52.4274708	-30.7937697	14602
50.9207414	-33.1703404	14603
49.3084613	-35.4682395	14604
47.5948428	-37.6831845	14605
45.7841394	-39.8111518	14606
43.8806625	-41.8483483	14607
41.8887861	-43.7911885	14608
39.8129432	-45.6362879	14609
37.6576156	-47.3804574	14610
35.4273332	-49.0206983	14611
33.1266753	-50.554187	14612
30.7602768	-51.978272	14613
28.3328195	-53.2904621	14614
25.849033	-54.4884265	14615
23.3136984	-55.5699955	14616
20.731644	-56.5331457	14617
18.1077513	-57.3760113	14618
15.446949	-58.0968678	14619
12.7542194	-58.6941482	14620
10.0345948	-59.1664208	14621
7.29316474	-59.512416	14622
4.5350715	-59.7309999	14623
1.76551834	-59.8212017	14624
-1.01023302	-59.7821973	14625
-3.78686147	-59.6133247	14626
-6.55899119	-59.3140839	14627
-9.32118951	-58.8841459	14628
-12.0679777	-58.3233415	14629
-14.7938753	-57.6316603	14630
-17.4933715	-56.809261	14631
-20.1608724	-55.8564716	14632
-22.7907538	-54.7737797	14633
-25.3773797	-53.5618868	14634
-27.9151146	-52.2217494	14635
-30.3982484	-50.7544206	14636
-32.8209892	-49.1610879	14637
-35.1774998	-47.4431211	14638
-37.4618333	-45.6021146	14639
-39.6679488	-43.639878	14640
-41.7897034	-41.5584469	14641
-43.8208094	-39.3601244	14642
-45.7548141	-37.0475301	14643
-47.5850593	-34.6236394	14644
-49.3046682	-32.0918559	14645
-50.9065146	-29.456069	14646
-52.3832194	-26.7207336	14647
-53.72715	-23.8909655	14648
-54.9304257	-20.9726961	14649
-55.9849629	-17.9728535	14650
-56.8826316	-14.899463	14651
-57.6155664	-11.7616984	14652
-58.1766329	-8.57022956	14653
-58.560197	-5.33693362	14654
-58.7622052	-2.07447136	14655
-58.7797145	1.20328275	14656
-58.6113411	4.48180529	14657
-58.2575935	7.74713963	14658
-57.7207849	10.9852746	14659
-57.0048892	14.1823465	14660
-56.1151102	17.3256225	14661
-55.0576165	20.4035291	14662
-53.8393082	23.4055961	14663
-52.4675792	26.3224441	14664
-50.9501222	29.1457573	14665
-49.2947993	31.8682252	14666
-47.509525	34.4834559	14667
-45.6021985	36.9858903	14668
-43.5806331	39.3706924	14669
-41.4525389	41.633681	14670
-39.2254896	43.7712332	14671
-36.9069255	45.7802249	14672
-34.5041352	47.6579696	14673
-32.0242672	49.4021765	14674
-29.4743529	51.0108909	14675
-26.8613327	52.4824504	14676
-24.1919936	53.8155044	14677
-21.4730619	55.0090021	14678
-18.7111817	56.0622315	14679
-15.912861	56.9745972	14680
-13.0845108	57.7457055	14681
-10.2324389	58.3753874	14682
-7.36294614	58.8636691	14683
-4.48228835	59.2107809	14684
-1.59664397	59.4171706	14685
1.28787135	59.4834835	14686
4.16520284	59.4105869	14687
7.02937089	59.199539	14688
9.87448047	58.851606	14689
12.6947232	58.3682445	14690
15.4843738	57.7511057	14691
18.23779	57.002028	14692
20.9494101	56.1230367	14693
23.6137531	55.1163433	14694
26.2254232	53.9843501	14695
28.7791075	52.7296426	14696
31.2695821	51.3549999	14697
33.691712	49.8633894	14698
36.0404589	48.2579765	14699
38.3108768	46.5421167	14700
40.4981257	44.7193746	14701
42.5974689	42.7935127	14702
44.6042894	40.7685062	14703
46.5140868	38.6485437	14704
48.3224875	36.4380399	14705
50.0252469	34.1416334	14706
51.618277	31.7641978	14707
53.0976495	29.3108378	14708
54.4595981	26.7869043	14709
55.7005341	24.1980214	14710
56.8170781	21.5500675	14711
57.806086	18.8491642	14712
58.6646438	16.1016947	14713
59.3900751	13.3143077	14714
59.9800216	10.4938908	14715
60.432539	7.64754829	14716
60.7460988	4.78263729	14717
60.9195876	1.9066467	14718
60.9523857	-0.972818012	14719
69.4257439	-4.33766556	14720
69.1466438	-7.60362271	14721
68.7098136	-10.8481652	14722
68.117148	-14.0631229	14723
67.3712387	-17.2405679	14724
66.4751008	-20.372948	14725
65.4321031	-23.452947	14726
64.2459269	-26.4736802	14727
62.920546	-29.4285873	14728
61.4601579	-32.3114301	14729
59.8690563	-35.1163085	14730
58.1516633	-37.8376282	14731
56.3125369	-40.4700623	14732
54.3563607	-43.008574	14733
52.2878926	-45.4484048	14734
50.1119855	-47.7850477	14735
47.8335878	-50.014228	14736
45.4577374	-52.131897	14737
42.989551	-54.1342295	14738
40.4342218	-56.0176184	14739
37.7970207	-57.7786607	14740
35.0833007	-59.4141562	14741
32.2984857	-60.9210958	14742
29.4480714	-62.2966627	14743
26.5376282	-63.538235	14744
23.5727943	-64.6433697	14745
20.559282	-65.6098172	14746
17.5028699	-66.4355036	14747
14.4094083	-67.11855	14748
11.2848144	-67.6572481	14749
8.1350787	-68.0500915	14750
4.96625947	-68.2957473	14751
1.78448986	-68.3930863	14752
-1.40402581	-68.3411662	14753
-4.59301286	-68.1392499	14754
-7.77613332	-67.7868049	14755
-10.9469852	-67.2835144	14756
-14.0991131	-66.6292655	14757
-17.2260558	-65.8241506	14758
-20.3213242	-64.8684783	14759
-23.3783455	-63.7627722	14760
-26.3905166	-62.5077653	14761
-29.3512264	-61.1044529	14762
-32.2538688	-59.5541343	14763
-35.0917716	-57.8582589	14764
-37.858193	-56.0184645	14765
-40.5463578	-54.036626	14766
-43.1493988	-51.9148987	14767
-45.6603778	-49.6557069	14768
-48.0722793	-47.261757	14769
-50.3779719	-44.7360799	14770
-52.5701943	-42.0820806	14771
-54.6415178	-39.3035761	14772
-56.584341	-36.4048687	14773
-58.3908626	-33.390802	14774
-60.0530856	-30.2668375	14775
-61.5628276	-27.0391407	14776
-62.9117312	-23.714724	14777
-64.0913124	-20.3016212	14778
-65.0931159	-16.8089782	14779
-65.909029	-13.2470869	14780
-66.53173	-9.62772413	14781
-66.9554376	-5.96386128	14782
-67.1760024	-2.2692104	14783
-67.1904309	1.44135187	14784
-66.9973141	5.15232069	14785
-66.5971522	8.84871051	14786
-65.992304	12.5154098	14787
-65.1868363	16.1374473	14788
-64.186086	19.7009855	14789
-62.9964196	23.1933228	14790
-61.6250132	26.6028428	14791
-60.0796149	29.9190167	14792
-58.3683484	33.1323906	14793
-56.499584	36.2345393	14794
-54.4818175	39.217988	14795
-52.3236014	42.0761361	14796
-50.0334645	44.8031531	14797
-47.619893	47.3939168	14798
-45.0912892	49.8439198	14799
-42.4559695	52.1492133	14800
-39.7221399	54.3063477	14801
-36.8979015	56.3123338	14802
-33.9912667	58.1645829	14803
-31.0101848	59.8608608	14804
-27.9624734	61.3993081	14805
-24.855904	62.7784268	14806
-21.6981799	63.9971185	14807
-18.496878	65.054465	14808
-15.2594841	65.9498097	14809
-11.9933883	66.6827791	14810
-8.70597521	67.2532531	14811
-5.40457965	67.6613725	14812
-2.09645307	67.9075519	14813
1.21122199	67.9924559	14814
4.51133344	67.9170269	14815
7.7968583	67.6824479	14816
11.0608747	67.2901619	14817
14.2965652	66.7418492	14818
17.4972151	66.0394333	14819
20.6562132	65.1850694	14820
23.7670512	64.1811438	14821
26.8233258	63.0302711	14822
29.8187445	61.7352986	14823
32.7471242	60.2992957	14824
35.6023996	58.7255639	14825
38.3786238	57.0176295	14826
41.0699783	55.179252	14827
43.6707685	53.2144141	14828
46.1754404	51.1273403	14829
48.5785776	48.9224826	14830
50.8749205	46.6045347	14831
53.0593638	44.1784296	14832
55.1269679	41.6493516	14833
57.0729607	39.0227306	14834
58.8927683	36.3042529	14835
60.5820182	33.4998532	14836
62.1365439	30.615726	14837
63.5523988	27.6583514	14838
64.8258872	24.6344741	14839
65.9535935	21.5510887	14840
66.9323752	18.4154529	14841
67.7593704	15.2350909	14842
68.4320736	12.0177642	14843
68.948435	8.77144405	14844
69.3068547	5.50434734	14845
69.5061823	2.22482015	14846
69.5457932	-1.05867712	14847
79.2371772	-4.89163785	14848
78.9227008	-8.61844053	14849
78.4288678	-12.3215145	14850
77.757702	-15.9917221	14851
76.9119573	-19.6201703	14852
75.8948467	-23.1983463	14853
74.7099803	-26.7179798	14854
73.3613183	-30.1712356	14855
71.8531579	-33.5506075	14856
70.1900635	-36.8489227	14857
68.3767385	-40.0593607	14858
66.4180599	-43.1754193	14859
64.319084	-46.1908823	14860
62.085034	-49.0998467	14861
59.7212464	-51.896709	14862
57.233194	-54.5761422	14863
54.6264844	-57.1330783	14864
51.9068502	-59.5627051	14865
49.0801366	-61.8604645	14866
46.1523001	-64.022049	14867
43.1294071	-66.043388	14868
40.0176371	-67.9206494	14869
36.8232694	-69.6502272	14870
33.5526829	-71.2287451	14871
30.2123582	-72.6530607	14872
26.8088688	-73.9202487	14873
23.3488863	-75.0276188	14874
19.8391706	-75.9726965	14875
16.2865751	-76.7532462	14876
12.6980392	-77.3672448	14877
9.08059459	-77.8129177	14878
5.44135761	-78.0887076	14879
1.78753527	-78.1933093	14880
-1.87357996	-78.1256516	14881
-5.53461325	-77.8849192	14882
-9.18811706	-77.4705506	14883
-12.8265726	-76.8822534	14884
-16.4424001	-76.1199901	14885
-20.0280106	-75.1839827	14886
-23.5757896	-74.0747249	14887
-27.0780408	-72.7929784	14888
-30.5270392	-71.3397721	14889
-33.915057	-69.7164532	14890
-37.2343794	-67.9247292	14891
-40.477237	-65.9665193	14892
-43.6358059	-63.8439929	14893
-46.702246	-61.5596188	14894
-49.6686472	-59.1162089	14895
-52.5270562	-56.516905	14896
-55.2694736	-53.7651935	14897
-57.8878187	-50.8649492	14898
-60.3739234	-47.8204838	14899
-62.7194983	-44.6365815	14900
-64.9161348	-41.3185735	14901
-66.9552817	-37.8723916	14902
-68.8282587	-34.3046403	14903
-70.5262754	-30.6226747	14904
-72.0404489	-26.8347303	14905
-73.3618545	-22.950089	14906
-74.4816797	-18.9791617	14907
-75.3915407	-14.933502	14908
-76.0839107	-10.8261375	14909
-76.5528467	-6.67127799	14910
-76.7940944	-2.48383181	14911
-76.8046082	1.72017885	14912
-76.5829574	5.92412516	14913
-76.1296398	10.1118501	14914
-75.447073	14.2670034	14915
-74.5394321	18.3733725	14916
-73.412205	22.4158796	14917
-72.0719811	26.3805566	14918
-70.5262445	30.2544999	14919
-68.7831368	34.0258909	14920
-66.8512597	37.6839965	14921
-64.7395469	41.2191366	14922
-62.4571397	44.6226142	14923
-60.0133159	47.8866508	14924
-57.4174011	51.0042867	14925
-54.6787471	53.9693288	14926
-51.806682	56.7762595	14927
-48.8105038	59.4201852	14928
-45.6994481	61.896778	14929
-42.4826886	64.2022424	14930
-39.1693445	66.3332545	14931
-35.7685053	68.2869149	14932
-32.2891557	70.0607692	14933
-28.7402544	71.6527945	14934
-25.1307086	73.061436	14935
-21.4693136	74.2853913	14936
-17.7647827	75.323689	14937
-14.0257417	76.1757075	14938
-10.2608153	76.8411462	14939
-6.47857341	77.3200308	14940
-2.68749765	77.6127257	14941
1.1040053	77.7199068	14942
4.8876093	77.6425917	14943
8.65509243	77.3820973	14944
12.3983519	76.9400602	14945
16.1094094	76.3184103	14946
19.7804109	75.519376	14947
23.4036297	74.5454704	14948
26.9714678	73.3994885	14949
30.4764595	72.0845034	14950
33.9112798	70.6038693	14951
37.268744	68.9612073	14952
40.5418183	67.1604159	14953
43.7236216	65.2056601	14954
46.8074378	63.1013795	14955
49.7867118	60.852274	14956
52.655069	58.4633234	14957
55.406312	55.9397686	14958
58.034443	53.2871257	14959
60.5336622	50.5111792	14960
62.8983803	47.6179931	14961
65.1232196	44.6139019	14962
67.2030482	41.5055208	14963
69.1329837	38.2997327	14964
70.9083989	35.0036955	14965
72.5249353	31.6248671	14966
73.9785324	28.1709814	14967
75.2654606	24.6500303	14968
76.3823119	21.0702708	14969
77.3260079	17.4402291	14970
78.0938702	13.768667	14971
78.6837228	10.0645504	14972
79.0938798	6.33708412	14973
79.3231441	2.59559941	14974
79.3708815	-1.1504597	14975
90.4551656	-5.51874799	14976
90.1004731	-9.77323134	14977
89.5416233	-14.0013565	14978
88.7807862	-18.1928717	14979
87.820901	-22.3377734	14980
86.6654073	-26.4264432	14981
85.3181917	-30.4495133	14982
83.7835344	-34.3980559	14983
82.0661032	-38.2634781	14984
80.1708834	-42.0375345	14985
78.1030481	-45.7123473	14986
75.8679953	-49.2803724	14987
73.4713529	-52.7343728	14988
70.9189628	-56.0674503	14989
68.216825	-59.2730311	14990
65.3711241	-62.3448454	14991
62.388224	-65.2769136	14992
59.2746551	-68.0635457	14993
56.0371005	-70.6993405	14994
52.6823941	-73.1791845	14995
49.217518	-75.4982392	14996
45.6496033	-77.6519452	14997
41.9859149	-79.6360103	14998
38.2338497	-81.4464146	14999
34.4009381	-83.0794177	15000
30.4948323	-84.5315405	15001
26.5233109	-85.7995877	15002
22.4942667	-86.8806266	15003
18.415711	-87.7720147	15004
14.2957632	-88.4713705	15005
10.142657	-88.9766166	15006
5.96472951	-89.2859433	15007
1.77042668	-89.3978503	15008
-2.4317043	-89.3111263	15009
-6.63302056	-89.0248745	15010
-10.8247965	-88.5385109	15011
-14.9982278	-87.8517816	15012
-19.144442	-86.9647475	15013
-23.254554	-85.8777921	15014
-27.3196571	-84.5916354	15015
-31.3307658	-83.1073267	15016
-35.2788703	-81.4262497	15017
-39.154966	-79.5501703	15018
-42.9500717	-77.4812803	15019
-46.6551668	-75.2220533	15020
-50.2611964	-72.7752834	15021
-53.7591107	-70.144135	15022
-57.1398177	-67.3321864	15023
-60.3942164	-64.3434139	15024
-63.5131968	-61.1822097	15025
-66.4876094	-57.8534235	15026
-69.3082684	-54.3624123	15027
-71.9659208	-50.7150712	15028
-74.4512572	-46.9179083	15029
-76.7548925	-42.9780955	15030
-78.8673879	-38.9035365	15031
-80.7792794	-34.7029346	15032
-82.4811033	-30.3859099	15033
-83.9634487	-25.9631549	15034
-85.2171093	-21.4465085	15035
-86.2334034	-16.84895	15036
-87.0045783	-12.1849208	15037
-87.5245126	-7.47003329	15038
-87.7888371	-2.72055749	15039
-87.7944516	2.04617424	15040
-87.5399072	6.81224511	15041
-87.0257071	11.560163	15042
-86.2543421	16.2721802	15043
-85.230114	20.9306886	15044
-83.958684	25.5192142	15045
-82.4468928	30.0223631	15046
-80.7025703	34.4257849	15047
-78.7342976	38.7162106	15048
-76.5512083	42.8814685	15049
-74.1628636	46.9104644	15050
-71.5791227	50.793122	15051
-68.8100716	54.5203297	15052
-65.8659247	58.0838474	15053
-62.7570011	61.4762639	15054
-59.4936649	64.690909	15055
-56.086315	67.7218079	15056
-52.5453444	70.5636247	15057
-48.8811343	73.2116349	15058
-45.1040532	75.6616643	15059
-41.2244799	77.910042	15060
-37.252721	79.9536206	15061
-33.1990821	81.789763	15062
-29.0738397	83.4163782	15063
-24.8871764	84.8317091	15064
-20.6492052	86.0344098	15065
-16.3699635	87.0235601	15066
-12.059492	87.798639	15067
-7.72777392	88.3595267	15068
-3.38469966	88.7065176	15069
0.95992098	88.8402877	15070
5.29636932	88.7619295	15071
9.61504717	88.4729028	15072
13.9064952	87.975056	15073
18.1614003	87.2705961	15074
22.3705985	86.3620934	15075
26.5250799	85.2524637	15076
30.6159927	83.9449648	15077
34.6346485	82.4431897	15078
38.5725345	80.7510692	15079
42.4213132	78.872853	15080
46.1728367	76.8131203	15081
49.8191491	74.5767654	15082
53.3525019	72.1690047	15083
56.7653504	69.5953578	15084
60.0503765	66.861668	15085
63.2004853	63.9740784	15086
66.2088306	60.9390449	15087
69.0688142	57.7633257	15088
71.7741003	54.4539905	15089
74.3186153	51.0184076	15090
76.6965855	47.4642534	15091
78.902542	43.7994941	15092
80.9313268	40.032389	15093
82.7781064	36.1715128	15094
84.4383989	32.2257298	15095
85.9081109	28.204172	15096
87.1835259	24.1162397	15097
88.2613123	19.9716059	15098
89.1385882	15.780179	15099
89.8130283	11.5520666	15100
90.2828424	7.29760844	15101
90.5467754	3.02726886	15102
90.6041784	-1.24837656	15103
103.28133	-6.22889481	15104
102.880906	-11.0875928	15105
102.247884	-15.9169432	15106
101.384598	-20.705412	15107
100.294202	-25.4417171	15108
98.9803917	-30.1149683	15109
97.4473727	-34.7145349	15110
95.6997923	-39.230233	15111
93.7427434	-43.652221	15112
91.5816943	-47.9710217	15113
89.2223572	-52.177543	15114
86.6707284	-56.2630442	15115
83.9330911	-60.2191165	15116
81.0159975	-64.0377192	15117
77.9262095	-67.7111631	15118
74.6707294	-71.2320955	15119
71.2567899	-74.5934899	15120
67.691838	-77.788647	15121
63.9835204	-80.8111969	15122
60.1396808	-83.6550995	15123
56.1683546	-86.3146335	15124
52.0777694	-88.7844037	15125
47.876325	-91.0593295	15126
43.5725915	-93.1346521	15127
39.1753097	-95.0059447	15128
34.6933755	-96.6690937	15129
30.1358445	-98.1203259	15130
25.5119162	-99.3561848	15131
20.8309375	-100.373565	15132
16.102389	-101.169677	15133
11.3358905	-101.742103	15134
6.54118681	-102.088749	15135
1.72815184	-102.2079	15136
-3.0932218	-102.098191	15137
-7.91283119	-101.758644	15138
-12.7204799	-101.188658	15139
-17.5058855	-100.388037	15140
-22.25869	-99.3569668	15141
-26.9685207	-98.0960306	15142
-31.624988	-96.6062224	15143
-36.2176288	-94.8889371	15144
-40.7359628	-92.945981	15145
-45.1695259	-90.7796169	15146
-49.5078913	-88.3926077	15147
-53.740613	-85.788079	15148
-57.857235	-82.9695568	15149
-61.8473341	-79.9410178	15150
-65.700479	-76.7069318	15151
-69.4062698	-73.2722444	15152
-72.9543425	-69.6423952	15153
-76.3343441	-65.8233602	15154
-79.5359445	-61.8216989	15155
-82.5488109	-57.6445805	15156
-85.3626272	-53.2998593	15157
-87.9670783	-48.7961207	15158
-90.3518816	-44.1427448	15159
-92.506826	-39.3499644	15160
-94.4218036	-34.4289671	15161
-96.0868655	-29.3920415	15162
-97.4923705	-24.2526402	15163
-98.629308	-19.0253546	15164
-99.4896764	-13.7262257	15165
-100.067157	-8.37245469	15166
-100.357254	-2.9818621	15167
-100.356808	2.42672117	15168
-100.064358	7.83390234	15169
-99.480421	13.220667	15170
-98.6075773	18.5676881	15171
-97.4502773	23.8557843	15172
-96.0143809	29.0669063	15173
-94.3070147	34.1840525	15174
-92.3363979	39.1912429	15175
-90.111604	44.073576	15176
-87.6423613	48.8172598	15177
-84.9389311	53.4096061	15178
-82.0119741	57.8389807	15179
-78.8724789	62.0947639	15180
-75.5316533	66.1672635	15181
-72.0008988	70.0476834	15182
-68.2917415	73.72804	15183
-64.4158158	77.2011227	15184
-60.3848165	80.4604401	15185
-56.2104859	83.5001994	15186
-51.9046033	86.3152458	15187
-47.479005	88.9010154	15188
-42.9454952	91.2535564	15189
-38.3159079	93.3695154	15190
-33.6020757	95.2461738	15191
-28.8157601	96.8812395	15192
-23.9686701	98.2729224	15193
-19.0724527	99.4199463	15194
-14.1387661	100.321523	15195
-9.17920827	100.977351	15196
-4.2052821	101.387632	15197
0.771595904	101.553027	15198
5.74011124	101.474703	15199
10.6890873	101.154271	15200
15.6075076	100.593811	15201
20.4845264	99.7958363	15202
25.3094744	98.7633004	15203
30.0718667	97.4995723	15204
34.7614097	96.0084323	15205
39.3680097	94.2940625	15206
43.8817872	92.3610483	15207
48.2930791	90.2143548	15208
52.5924558	87.8593367	15209
56.7707253	85.3017195	15210
60.818952	82.5476063	15211
64.7284529	79.6034526	15212
68.4908248	76.4760881	15213
72.0979409	73.1726862	15214
75.5419796	69.7007769	15215
78.8154242	66.0682313	15216
81.9110804	62.2832682	15217
84.8220741	58.3544372	15218
87.5418929	54.290627	15219
90.064392	50.101042	15220
92.3838016	45.7952004	15221
94.4947394	41.3829537	15222
96.3922363	36.8744583	15223
98.071777	32.2801503	15224
99.5292857	27.6107389	15225
100.761135	22.8772109	15226
101.764204	18.090789	15227
102.535991	13.262892	15228
103.074579	8.40516395	15229
103.378643	3.52937244	15230
103.447512	-1.35260529	15231
117.94619	-7.03333646	15232
117.49375	-12.5838822	15233
116.776095	-18.1016807	15234
115.795749	-23.5737215	15235
114.556106	-28.987252	15236
113.061161	-34.329918	15237
111.315482	-39.5896361	15238
109.324138	-44.7547776	15239
107.092712	-49.8140664	15240
104.627225	-54.75661	15241
101.934009	-59.5719208	15242
99.0197481	-64.2498847	15243
95.8914777	-68.7807472	15244
92.5565661	-73.1551551	15245
89.0226509	-77.3641384	15246
85.2976737	-81.3991007	15247
81.389866	-85.251813	15248
77.3077289	-88.914417	15249
73.0600174	-92.3794297	15250
68.655737	-95.6397466	15251
64.1041362	-98.6886326	15252
59.4147046	-101.519733	15253
54.5971493	-104.127062	15254
49.6613926	-106.505014	15255
44.6175697	-108.648375	15256
39.4760104	-110.552305	15257
34.2472422	-112.21237	15258
28.9419711	-113.624517	15259
23.5710834	-114.785112	15260
18.145629	-115.690907	15261
12.6768249	-116.339095	15262
7.17603782	-116.727269	15263
1.65478595	-116.853472	15264
-3.87527428	-116.716176	15265
-9.40236025	-116.314319	15266
-14.9145844	-115.647295	15267
-20.3999656	-114.714986	15268
-25.8464411	-113.517736	15269
-31.241931	-112.056373	15270
-36.5743459	-110.332219	15271
-41.8315304	-108.347084	15272
-47.001322	-106.103274	15273
-52.0715893	-103.603639	15274
-57.0302561	-100.851614	15275
-61.8652522	-97.8510884	15276
-66.5645282	-94.6064433	15277
-71.1161013	-91.1226009	15278
-75.5080219	-87.4050663	15279
-79.7284204	-83.4599077	15280
-83.765516	-79.2937753	15281
-87.6075987	-74.9139425	15282
-91.2430517	-70.3283508	15283
-94.6603298	-65.5456305	15284
-97.8479897	-60.5751744	15285
-100.794678	-55.4271789	15286
-103.489171	-50.1127031	15287
-105.920427	-44.643715	15288
-108.077622	-39.0331796	15289
-109.950211	-33.2951917	15290
-111.528071	-27.4450299	15291
-112.801827	-21.4991096	15292
-113.763203	-15.4752829	15293
-114.405661	-9.39255204	15294
-114.724564	-3.2705029	15295
-114.716693	2.87031994	15296
-114.380578	9.00883267	15297
-113.716758	15.1242847	15298
-112.727925	21.1955617	15299
-111.418702	27.201705	15300
-109.795178	33.1228843	15301
-107.864805	38.9402819	15302
-105.636243	44.6360799	15303
-103.119117	50.193537	15304
-100.323824	55.5970346	15305
-97.2614077	60.8320856	15306
-93.9434264	65.8852959	15307
-90.3818786	70.7443388	15308
-86.5890847	75.3978754	15309
-82.5776599	79.835536	15310
-78.3604342	84.0478409	15311
-73.9504313	88.0261684	15312
-69.3608115	91.7627047	15313
-64.6048519	95.2504301	15314
-59.6959255	98.4830609	15315
-54.6475173	101.455002	15316
-49.4731283	104.161371	15317
-44.1863263	106.59798	15318
-38.8007119	108.76138	15319
-33.3298434	110.64865	15320
-27.7872476	112.257477	15321
-22.1864072	113.586162	15322
-16.5408255	114.633595	15323
-10.8639453	115.399254	15324
-5.16911335	115.883213	15325
0.530415392	116.086108	15326
6.22149906	116.009173	15327
11.8911522	115.65418	15328
17.5265726	115.023461	15329
23.1151554	114.119871	15330
28.6445032	112.946788	15331
34.1024368	111.508093	15332
39.4770063	109.808154	15333
44.7565025	107.851821	15334
49.929475	105.644421	15335
54.9847368	103.191733	15336
59.9113845	100.499993	15337
64.6988047	97.5758737	15338
69.3366964	94.4264898	15339
73.8150675	91.0593642	15340
78.1242672	87.482452	15341
82.2549814	83.7041034	15342
86.1982664	79.7330752	15343
89.9455488	75.5785093	15344
93.4886462	71.2499377	15345
96.8197626	66.7572596	15346
99.931535	62.1107489	15347
102.817039	57.3210253	15348
105.469799	52.3990462	15349
107.883798	47.356123	15350
110.053503	42.2038904	15351
111.973908	36.9542766	15352
113.640521	31.6194902	15353
115.049368	26.2120233	15354
116.197047	20.7446067	15355
117.080847	15.2301644	15356
117.698702	9.68184051	15357
118.049198	4.11290097	15358
118.131636	-1.46327955	15359
134.713309	-7.94487965	15360
134.20169	-14.2876076	15361
133.387452	-20.5937202	15362
132.273335	-26.8485089	15363
130.863008	-33.0375283	15364
129.160807	-39.1467399	15365
127.171718	-45.1623891	15366
124.901294	-51.0711855	15367
122.355678	-56.8602044	15368
119.54153	-62.5169268	15369
116.465895	-68.0292623	15370
113.136244	-73.3855188	15371
109.56048	-78.5743968	15372
105.746907	-83.585036	15373
101.704171	-88.406995	15374
97.4412939	-93.0302498	15375
92.9676547	-97.4451905	15376
88.2929673	-101.642628	15377
83.4272621	-105.613802	15378
78.3808818	-109.350385	15379
73.1644713	-112.844479	15380
67.7889733	-116.088628	15381
62.2656008	-119.07581	15382
56.6058332	-121.799446	15383
50.8214126	-124.253423	15384
44.9243209	-126.43207	15385
38.9267814	-128.330199	15386
32.8412358	-129.943076	15387
26.6803444	-131.266468	15388
20.4569643	-132.296605	15389
14.1841522	-133.030245	15390
7.87514181	-133.464627	15391
1.54334365	-133.597531	15392
-4.79767218	-133.427253	15393
-11.1341921	-132.952645	15394
-17.4523853	-132.173111	15395
-23.7383206	-131.088636	15396
-29.9779791	-129.699762	15397
-36.1573241	-128.00761	15398
-42.2623185	-126.013902	15399
-48.2788697	-123.720934	15400
-54.1928922	-121.131609	15401
-59.9903505	-118.249464	15402
-65.6572872	-115.078724	15403
-71.1797818	-111.62417	15404
-76.5439728	-107.89118	15405
-81.7361062	-103.885774	15406
-86.7425113	-99.6146573	15407
-91.5496544	-95.0851959	15408
-96.1441537	-90.3054368	15409
-100.512768	-85.2841461	15410
-104.642432	-80.0308527	15411
-108.520237	-74.5558599	15412
-112.133477	-68.8703192	15413
-115.469636	-62.9862636	15414
-118.516441	-56.9166615	15415
-121.261922	-50.6754517	15416
-123.694459	-44.2776144	15417
-125.802843	-37.7392917	15418
-127.576417	-31.0778295	15419
-129.005405	-24.3117091	15420
-130.081224	-17.4608344	15421
-130.797093	-10.5462507	15422
-131.14822	-3.58955341	15423
-131.131321	3.38675372	15424
-130.744922	10.3596506	15425
-129.989599	17.3064066	15426
-128.868174	24.2038819	15427
-127.385474	31.029107	15428
-125.547851	37.7602343	15429
-123.363129	44.376392	15430
-120.840465	50.8576868	15431
-117.99011	57.185301	15432
-114.82321	63.3415547	15433
-111.351688	69.3099295	15434
-107.588107	75.0750415	15435
-103.545599	80.6226314	15436
-99.2377333	85.939493	15437
-94.6784872	91.0134685	15438
-89.8821565	95.8333749	15439
-84.8633285	100.388981	15440
-79.6368147	104.670959	15441
-74.2176243	108.670885	15442
-68.6209312	112.381176	15443
-62.8620864	115.795049	15444
-56.9565128	118.906544	15445
-50.9197459	121.710511	15446
-44.7673947	124.202644	15447
-38.5150611	126.379294	15448
-32.1783418	128.23753	15449
-25.7728116	129.775153	15450
-19.314078	130.990669	15451
-12.8176904	131.883285	15452
-6.29910226	132.452919	15453
0.226328863	132.700155	15454
6.74337007	132.626293	15455
13.2369644	132.233272	15456
19.692263	131.5237	15457
26.094644	130.500807	15458
32.4297267	129.16845	15459
38.6833875	127.531079	15460
44.8417743	125.593728	15461
50.8913221	123.362	15462
56.818776	120.842064	15463
62.6111972	118.040621	15464
68.2559883	114.964912	15465
73.7409017	111.622687	15466
79.0540663	108.022211	15467
84.1839846	104.172225	15468
89.1195706	100.081968	15469
93.8501442	95.7611328	15470
98.3654706	91.2198771	15471
102.65576	86.4687941	15472
106.711692	81.5189158	15473
110.524409	76.3816829	15474
114.085567	71.0689528	15475
117.387343	65.5929624	15476
120.422445	59.9663149	15477
123.184121	54.2019923	15478
125.666187	48.3133202	15479
127.863068	42.3139354	15480
129.769784	36.2177641	15481
131.381958	30.0390248	15482
132.695859	23.792178	15483
133.708527	17.491877	15484
134.417719	11.1529903	15485
134.821916	4.79050694	15486
134.920377	-1.58047623	15487
153.884026	-8.97809557	15488
153.305064	-16.2278738	15489
152.380592	-23.4366351	15490
151.113595	-30.5877166	15491
149.508056	-37.6647256	15492
147.5687	-44.651686	15493
145.300995	-51.5329202	15494
142.71105	-58.293227	15495
139.805653	-64.9177869	15496
136.592197	-71.3922117	15497
133.078544	-77.7025692	15498
129.273076	-83.8353549	15499
125.184688	-89.7774952	15500
120.822765	-95.5163986	15501
116.19711	-101.039935	15502
111.317988	-106.33644	15503
106.196098	-111.39472	15504
100.842549	-116.204059	15505
95.2688407	-120.754228	15506
89.4868536	-125.035499	15507
83.5088405	-129.03864	15508
77.3474171	-132.754932	15509
71.0155305	-136.176164	15510
64.5264536	-139.294645	15511
57.8937792	-142.103232	15512
51.1313916	-144.595305	15513
44.2534677	-146.764816	15514
37.274448	-148.606255	15515
30.2090351	-150.11471	15516
23.0721672	-151.28582	15517
15.879018	-152.115855	15518
8.6449695	-152.601657	15519
1.38560822	-152.740718	15520
-5.88329606	-152.531141	15521
-13.1458113	-151.971699	15522
-20.3858757	-151.061818	15523
-27.5873199	-149.80162	15524
-34.7338823	-148.191889	15525
-41.8092845	-146.234103	15526
-48.7972591	-143.930455	15527
-55.6814968	-141.283824	15528
-62.4457151	-138.297808	15529
-69.0737043	-134.976757	15530
-75.5493618	-131.325816	15531
-81.8566604	-127.350806	15532
-87.9796773	-123.058265	15533
-93.902647	-118.455486	15534
-99.609947	-113.550562	15535
-105.086159	-108.352358	15536
-110.316091	-102.87053	15537
-115.284773	-97.1155597	15538
-119.977507	-91.0987971	15539
-124.379852	-84.8324618	15540
-128.477681	-78.3297141	15541
-132.257178	-71.6046811	15542
-135.704893	-64.6725037	15543
-138.807821	-57.5493598	15544
-141.553455	-50.2525172	15545
-143.929846	-42.8004394	15546
-145.925743	-35.212815	15547
-147.530923	-27.5104676	15548
-148.736467	-19.7156274	15549
-149.535321	-11.8516577	15550
-149.92252	-3.9424416	15551
-149.894714	3.98727839	15552
-149.450429	11.9122664	15553
-148.590292	19.8075339	15554
-147.317282	27.647644	15555
-145.636461	35.4073481	15556
-143.554486	43.0625115	15557
-141.079605	50.5899359	15558
-138.221541	57.9673812	15559
-134.991252	65.1736845	15560
-131.400725	72.1888371	15561
-127.462874	78.9940247	15562
-123.191391	85.5716123	15563
-118.600681	91.9051519	15564
-113.705716	97.9793192	15565
-108.522006	103.779925	15566
-103.065497	109.293847	15567
-97.3525367	114.509019	15568
-91.3997991	119.414386	15569
-85.2242495	123.99991	15570
-78.8430981	128.25652	15571
-72.2738079	132.176067	15572
-65.5339798	135.751347	15573
-58.641382	138.976093	15574
-51.6139046	141.845013	15575
-44.4694737	144.3536	15576
-37.2260425	146.498205	15577
-29.9015686	148.27604	15578
-22.5140589	149.685153	15579
-15.0814665	150.724424	15580
-7.62165127	151.393573	15581
-0.152373832	151.69311	15582
7.30874144	151.624392	15583
14.7442666	151.189533	15584
22.1370089	150.391441	15585
29.4700342	149.233762	15586
36.726688	147.720882	15587
43.8906158	145.857893	15588
50.9457822	143.650579	15589
57.8764919	141.105393	15590
64.667417	138.229459	15591
71.3036064	135.030522	15592
77.7705157	131.516964	15593
84.0540192	127.69776	15594
90.1404403	123.582488	15595
96.0165503	119.181275	15596
101.669612	114.504824	15597
107.087375	109.56436	15598
112.258116	104.371638	15599
117.170647	98.9389092	15600
121.814336	93.2789181	15601
126.1791	87.4048673	15602
130.255466	81.330423	15603
134.034573	75.0696712	15604
137.508184	68.6370978	15605
140.668701	62.0475957	15606
143.509179	55.3164261	15607
146.023387	48.4591826	15608
148.205776	41.49176	15609
150.051499	34.4303567	15610
151.556438	27.2914179	15611
152.717341	20.0915836	15612
153.531753	12.8477043	15613
153.998027	5.57675053	15614
154.115372	-1.7042003	15615
175.802873	-10.1495662	15616
175.147265	-18.4378932	15617
174.096963	-26.6801928	15618
172.655233	-34.8575543	15619
170.826418	-42.9513451	15620
168.61569	-50.9433599	15621
166.029065	-58.8157092	15622
163.073296	-66.5509943	15623
159.75591	-74.1322177	15624
156.085144	-81.5428433	15625
152.069802	-88.7668221	15626
147.719309	-95.7885682	15627
143.043705	-102.59297	15628
138.053616	-109.16545	15629
132.760179	-115.491936	15630
127.175086	-121.558884	15631
121.310559	-127.353281	15632
115.179311	-132.862658	15633
108.79453	-138.075105	15634
102.16987	-142.979285	15635
95.319433	-147.564435	15636
88.2577617	-151.820393	15637
80.9997995	-155.737583	15638
73.5608842	-159.307044	15639
65.9567394	-162.520455	15640
58.2034402	-165.370112	15641
50.3174123	-167.848986	15642
42.3153969	-169.950686	15643
34.2144478	-171.66953	15644
26.031897	-173.000488	15645
17.785354	-173.93928	15646
9.49267062	-174.482307	15647
1.17193461	-174.626742	15648
-7.1585573	-174.370486	15649
-15.480326	-173.712232	15650
-23.7747492	-172.651452	15651
-32.0230909	-171.188439	15652
-40.2065192	-169.324276	15653
-48.3061885	-167.060868	15654
-56.3032789	-164.400967	15655
-64.1789464	-161.348138	15656
-71.914398	-157.906802	15657
-79.4909431	-154.082253	15658
-86.8900334	-149.880713	15659
-94.0932426	-145.309214	15660
-101.082303	-140.375637	15661
-107.839165	-135.088751	15662
-114.345993	-129.458252	15663
-120.585232	-123.494732	15664
-126.539642	-117.209699	15665
-132.192301	-110.615606	15666
-137.526669	-103.725892	15667
-142.52658	-96.5549673	15668
-147.176309	-89.1182886	15669
-151.460577	-81.4323706	15670
-155.364622	-73.5148271	15671
-158.874277	-65.3843813	15672
-161.976044	-57.0608992	15673
-164.657149	-48.565479	15674
-166.90568	-39.9204669	15675
-168.710917	-31.1493431	15676
-170.063566	-22.2769777	15677
-170.956273	-13.3293652	15678
-171.383881	-4.33299284	15679
-171.342966	4.68484002	15680
-170.832067	13.6963635	15681
-169.851873	22.6740151	15682
-168.405551	31.5897506	15683
-166.498436	40.4157358	15684
-164.137536	49.1252393	15685
-161.331585	57.6924259	15686
-158.09095	66.0923992	15687
-154.427386	74.3013443	15688
-150.353832	82.2966192	15689
-145.884317	90.0568126	15690
-141.033805	97.561741	15691
-135.818133	104.792476	15692
-130.253851	111.731291	15693
-124.358197	118.361688	15694
-118.148973	124.66834	15695
-111.644515	130.637085	15696
-104.863598	136.254897	15697
-97.8253966	141.509895	15698
-90.5494259	146.391297	15699
-83.0555399	150.889384	15700
-75.3638086	154.995522	15701
-67.4945333	158.702155	15702
-59.4681954	162.002842	15703
-51.3053633	164.892086	15704
-43.0266724	167.365398	15705
-34.6527943	169.419295	15706
-26.2044698	171.051287	15707
-17.7023947	172.259858	15708
-9.16717605	173.044486	15709
-0.619319779	173.405575	15710
7.92081596	173.344528	15711
16.433091	172.863643	15712
24.8976288	171.966152	15713
33.2948471	170.656159	15714
41.6054852	168.938644	15715
49.81063	166.819416	15716
57.8917421	164.305101	15717
65.8306809	161.403114	15718
73.6097385	158.121657	15719
81.2116527	154.469662	15720
88.6196424	150.456805	15721
95.8174231	146.093456	15722
102.789243	141.390682	15723
109.519883	136.360192	15724
115.994706	131.014358	15725
122.199652	125.366149	15726
128.121291	119.429146	15727
133.746818	113.21749	15728
139.064091	106.745884	15729
144.061619	100.029542	15730
148.728623	93.0841971	15731
153.055041	85.9260498	15732
157.031549	78.5717392	15733
160.649564	71.0383455	15734
163.901267	63.3433458	15735
166.779657	55.5045752	15736
169.278527	47.5401854	15737
171.39248	39.468645	15738
173.116946	31.308678	15739
174.44833	23.0792059	15740
175.383925	14.7993576	15741
175.921929	6.48838169	15742
176.06149	-1.83436694	15743
200.863768	-11.4781653	15744
200.120906	-20.9555675	15745
198.926959	-30.381238	15746
197.285509	-39.7336806	15747
195.20131	-48.9916864	15748
192.680048	-58.1344862	15749
189.728371	-67.1416463	15750
186.353766	-75.9932414	15751
182.564614	-84.6697702	15752
178.37012	-93.1522282	15753
173.780173	-101.422134	15754
168.8054	-109.461511	15755
163.457156	-117.252909	15756
157.747497	-124.779465	15757
151.689093	-132.024883	15758
145.295282	-138.97346	15759
138.580033	-145.610094	15760
131.55791	-151.920307	15761
124.244042	-157.890259	15762
116.654125	-163.50677	15763
108.80439	-168.757325	15764
100.711598	-173.630103	15765
92.3929889	-178.113973	15766
83.8662792	-182.198516	15767
75.1496448	-185.874067	15768
66.2616822	-189.131687	15769
57.2214051	-191.963227	15770
48.0482024	-194.361298	15771
38.761832	-196.319341	15772
29.3823799	-197.831571	15773
19.9302554	-198.893092	15774
10.4261492	-199.499814	15775
0.891022459	-199.648556	15776
-8.6539268	-199.337007	15777
-18.1872964	-198.563784	15778
-27.6875269	-197.328431	15779
-37.1329403	-195.631458	15780
-46.5017603	-193.474308	15781
-55.7722029	-190.859395	15782
-64.9225275	-187.790136	15783
-73.9309929	-184.270903	15784
-82.7759387	-180.307076	15785
-91.4358436	-175.905058	15786
-99.8893714	-171.072322	15787
-108.115364	-165.817305	15788
-116.092887	-160.149447	15789
-123.801295	-154.079222	15790
-131.22024	-147.618176	15791
-138.329749	-140.77889	15792
-145.110264	-133.575001	15793
-151.542654	-126.021226	15794
-157.6083	-118.133394	15795
-163.289089	-109.928427	15796
-168.567502	-101.424401	15797
-173.426616	-92.6405556	15798
-177.850191	-83.5973196	15799
-181.822763	-74.3163115	15800
-185.329721	-64.8203503	15801
-188.357373	-55.1335265	15802
-190.893068	-45.2812031	15803
-192.925535	-35.2898763	15804
-194.445063	-25.1874135	15805
-195.443963	-15.0027971	15806
-195.916864	-4.7654786	15807
-195.860269	5.49432386	15808
-195.272734	15.7459446	15809
-194.15503	25.9588873	15810
-192.510543	36.1021467	15811
-190.344927	46.1449523	15812
-187.665596	56.0576228	15813
-184.481837	65.811331	15814
-180.804751	75.3781718	15815
-176.646996	84.731328	15816
-172.022587	93.8451777	15817
-166.94681	102.695369	15818
-161.436064	111.258832	15819
-155.5078	119.513828	15820
-149.180347	127.4399	15821
-142.472889	135.01793	15822
-135.405325	142.230078	15823
-127.998232	149.059801	15824
-120.272759	155.491817	15825
-112.25058	161.512138	15826
-103.953817	167.108025	15827
-95.4050336	172.267954	15828
-86.6270984	176.981647	15829
-77.6431879	181.240059	15830
-68.4767269	185.035425	15831
-59.1512879	188.361098	15832
-49.6905582	191.211607	15833
-40.1182996	193.582661	15834
-30.4583684	195.471131	15835
-20.7345881	196.875033	15836
-10.9707014	197.793541	15837
-1.19034902	198.226921	15838
8.58298691	198.176608	15839
18.3260647	197.64509	15840
28.015937	196.635952	15841
37.6299893	195.153801	15842
47.145975	193.204277	15843
56.5420489	190.793995	15844
65.7967995	187.930528	15845
74.889281	184.622375	15846
83.7990544	180.878958	15847
92.5062033	176.710554	15848
100.991378	172.128307	15849
109.235813	167.144171	15850
117.221372	161.770912	15851
124.930546	156.022034	15852
132.346513	149.911812	15853
139.453135	143.455207	15854
146.235008	136.667878	15855
152.677473	129.566128	15856
158.766646	122.166892	15857
164.489409	114.487684	15858
169.833477	106.546599	15859
174.787406	98.3622552	15860
179.340609	89.9537548	15861
183.483368	81.3406815	15862
187.206845	72.5430501	15863
190.503152	63.5812636	15864
193.365312	54.4760611	15865
195.787288	45.2485162	15866
197.763982	35.9199674	15867
199.291394	26.5119574	15868
200.366521	17.0462335	15869
200.987376	7.5446633	15870
201.153027	-1.97078038	15871
229.517087	-12.9853793	15872
228.674881	-23.8241541	15873
227.316936	-34.6047018	15874
225.447195	-45.3025528	15875
223.070883	-55.8935358	15876
220.194272	-66.3539326	15877
216.824736	-76.6603841	15878
212.970609	-86.7900594	15879
208.64125	-96.7205802	15880
203.846981	-106.430105	15881
198.598937	-115.897357	15882
192.909128	-125.101615	15883
186.790425	-134.02274	15884
180.256528	-142.641251	15885
173.321872	-150.938294	15886
166.001688	-158.895688	15887
158.31196	-166.49594	15888
150.269375	-173.722264	15889
141.891304	-180.558608	15890
133.195788	-186.989681	15891
124.201511	-193.000957	15892
114.927785	-198.578723	15893
105.394498	-203.710061	15894
95.6220987	-208.382892	15895
85.6315874	-212.586014	15896
75.4444615	-216.309076	15897
65.0827123	-219.542662	15898
54.5687737	-222.27824	15899
43.9255137	-224.508262	15900
33.1761838	-226.226092	15901
22.3444112	-227.42614	15902
11.454148	-228.103768	15903
0.529654452	-228.255412	15904
-10.4045414	-227.878527	15905
-21.3236842	-226.971672	15906
-32.2028474	-225.534487	15907
-43.0169813	-223.567754	15908
-53.7409384	-221.07335	15909
-64.3495718	-218.054298	15910
-74.8178013	-214.514794	15911
-85.1205741	-210.46016	15912
-95.2329562	-205.896899	15913
-105.130196	-200.832703	15914
-114.787781	-195.2765	15915
-124.181441	-189.238357	15916
-133.287208	-182.729518	15917
-142.08149	-175.762425	15918
-150.541087	-168.350756	15919
-158.643282	-160.509383	15920
-166.365891	-152.254388	15921
-173.687288	-143.603084	15922
-180.586505	-134.57404	15923
-187.043233	-125.187046	15924
-193.037928	-115.463176	15925
-198.551818	-105.424773	15926
-203.567003	-95.0954759	15927
-208.066564	-84.500196	15928
-212.034644	-73.6651107	15929
-215.456522	-62.6177117	15930
-218.318722	-51.3867884	15931
-220.60936	-40.0022638	15932
-222.318263	-28.49541	15933
-223.437368	-16.898604	15934
-223.961069	-5.24467135	15935
-223.885789	6.43283968	15936
-223.210115	18.0999562	15937
-221.934919	29.7228386	15938
-220.063844	41.2671177	15939
-217.602914	52.6986859	15940
-214.560006	63.9845083	15941
-210.945047	75.0923607	15942
-206.769967	85.990927	15943
-202.048451	96.6499892	15944
-196.795733	107.04055	15945
-191.028519	117.134925	15946
-184.764825	126.906774	15947
-178.023926	136.331168	15948
-170.826159	145.384555	15949
-163.192902	154.044834	15950
-155.146422	162.291311	15951
-146.709829	170.104725	15952
-137.906954	177.467222	15953
-128.762301	184.362406	15954
-119.300942	190.775298	15955
-109.548511	196.692303	15956
-99.5310518	202.101253	15957
-89.2750029	206.991389	15958
-78.8071333	211.353419	15959
-68.1544307	215.17936	15960
-57.344055	218.462604	15961
-46.4032862	221.197914	15962
-35.35953	223.381411	15963
-24.2401758	225.010551	15964
-13.0725442	226.084143	15965
-1.88385492	226.602271	15966
9.29884152	226.566385	15967
20.448758	225.979167	15968
31.5394347	224.844583	15969
42.5447863	223.167797	15970
53.4391469	220.955182	15971
64.1973116	218.214255	15972
74.7945768	214.953655	15973
85.2067796	211.183103	15974
95.4103468	206.913401	15975
105.382316	202.156349	15976
115.100388	196.924756	15977
124.542947	191.232378	15978
133.689115	185.093907	15979
142.518751	178.524898	15980
151.012523	171.541788	15981
159.151896	164.161809	15982
166.919201	156.402994	15983
174.297636	148.284109	15984
181.271315	139.82464	15985
187.82524	131.044728	15986
193.945392	121.965167	15987
199.618726	112.60734	15988
204.833201	102.993168	15989
209.57778	93.1451004	15990
213.842447	83.0860574	15991
217.618283	72.8393848	15992
220.897417	62.4287887	15993
223.673066	51.8783306	15994
225.939515	41.2123505	15995
227.692287	30.4554011	15996
228.928033	19.6322389	15997
229.644544	8.76774139	15998
229.840788	-2.11310908	15999
262.277762	-14.6956732	16000
261.322428	-27.0930263	16001
259.777234	-39.4247548	16002
257.646535	-51.6629705	16003
254.936092	-63.7800959	16004
251.65285	-75.7490221	16005
247.805018	-87.543026	16006
243.4019	-99.1359365	16007
238.453983	-110.502069	16008
232.97287	-121.616321	16009
226.971134	-132.454206	16010
220.462376	-142.991848	16011
213.461209	-153.206023	16012
205.983227	-163.074241	16013
198.044897	-172.574716	16014
189.663628	-181.686423	16015
180.857722	-190.389124	16016
171.646314	-198.66339	16017
162.04935	-206.490632	16018
152.087573	-213.853139	16019
141.782491	-220.734086	16020
131.15635	-227.117589	16021
120.232083	-232.988693	16022
109.033287	-238.333416	16023
97.5842093	-243.138805	16024
85.9096847	-247.392902	16025
74.0351287	-251.084842	16026
61.9864767	-254.204802	16027
49.7901715	-256.74411	16028
37.4731026	-258.69517	16029
25.0625939	-260.051613	16030
12.5863423	-260.808193	16031
0.0723951096	-260.960921	16032
-12.4508993	-260.507013	16033
-24.9549409	-259.444973	16034
-37.4109436	-257.77458	16035
-49.7899958	-255.49695	16036
-62.0630905	-252.614481	16037
-74.2012342	-249.130913	16038
-86.175528	-245.051366	16039
-97.9571357	-240.38227	16040
-109.517386	-235.131439	16041
-120.827843	-229.308065	16042
-131.860372	-222.922765	16043
-142.587161	-215.987495	16044
-152.980792	-208.515579	16045
-163.01432	-200.521734	16046
-172.66131	-192.022092	16047
-181.895935	-183.034159	16048
-190.693033	-173.576825	16049
-199.028157	-163.670378	16050
-206.877679	-153.336526	16051
-214.218813	-142.598339	16052
-221.029731	-131.480314	16053
-227.289578	-120.008337	16054
-232.978588	-108.2097	16055
-238.078204	-96.1130683	16056
-242.571175	-83.7484378	16057
-246.441622	-71.1471682	16058
-249.675154	-58.3419444	16059
-252.2592	-45.3665838	16060
-254.183074	-32.2562289	16061
-255.438298	-19.0471148	16062
-256.019008	-5.77590675	16063
-255.92154	7.52004845	16064
-255.144527	20.803003	16065
-253.688963	34.0353091	16066
-251.558794	47.1787734	16067
-248.760468	60.1954944	16068
-245.3024	73.0486222	16069
-241.195243	85.7020744	16070
-236.451877	98.1206648	16071
-231.08715	110.27032	16072
-225.117676	122.118215	16073
-218.561767	133.632891	16074
-211.439269	144.784294	16075
-203.771516	155.543878	16076
-195.581112	165.884573	16077
-186.891917	175.780891	16078
-177.728873	185.208887	16079
-168.117952	194.146204	16080
-158.086022	202.572055	16081
-147.660785	210.467295	16082
-136.87066	217.814374	16083
-125.74476	224.597332	16084
-114.312729	230.801827	16085
-102.604712	236.415131	16086
-90.651275	241.426186	16087
-78.483289	245.825469	16088
-66.1318649	249.60505	16089
-53.6282876	252.758592	16090
-41.004006	255.281335	16091
-28.2904751	257.170073	16092
-15.5190968	258.423173	16093
-2.72117548	259.040486	16094
10.0721629	259.023455	16095
22.8300796	258.37496	16096
35.5220982	257.099378	16097
48.1181621	255.202488	16098
60.5886912	252.691479	16099
72.9046321	249.574876	16100
85.0375087	245.862514	16101
96.9594694	241.565498	16102
108.643346	236.696185	16103
120.062681	231.268102	16104
131.191787	225.295947	16105
142.005777	218.795518	16106
152.480623	211.783704	16107
162.593158	204.278385	16108
172.32116	196.298468	16109
181.64334	187.863771	16110
190.539418	178.995033	16111
198.990129	169.713831	16112
206.977274	160.042565	16113
214.483693	150.004376	16114
221.493361	139.623144	16115
227.991389	128.923413	16116
233.964049	117.930329	16117
239.398783	106.669621	16118
244.284209	95.1675389	16119
248.610209	83.4508003	16120
252.367877	71.5465129	16121
255.549559	59.4821663	16122
258.148819	47.2855451	16123
260.160627	34.9846589	16124
261.581218	22.6077214	16125
262.408123	10.1830694	16126
262.64019	-2.26085651	16127
299.734531	-16.6369083	16128
298.650353	-30.8185421	16129
296.89135	-44.9261253	16130
294.462341	-58.9278398	16131
291.369703	-72.7921924	16132
287.621153	-86.4881762	16133
283.225856	-99.9852004	16134
278.194232	-113.253255	16135
272.538064	-126.262855	16136
266.270432	-138.985152	16137
259.405559	-151.391971	16138
251.958878	-163.455814	16139
243.94701	-175.149914	16140
235.387726	-186.448329	16141
226.299832	-197.325905	16142
216.703248	-207.758357	16143
206.618938	-217.722298	16144
196.068856	-227.195269	16145
185.075914	-236.155773	16146
173.663965	-244.583328	16147
161.857761	-252.458476	16148
149.682929	-259.762851	16149
137.165904	-266.479167	16150
124.333905	-272.591271	16151
111.214914	-278.084209	16152
97.8376022	-282.944192	16153
84.2313233	-287.158709	16154
70.4260374	-290.716468	16155
56.4522952	-293.607527	16156
42.3411653	-295.823207	16157
28.1242168	-297.356264	16158
13.8334455	-298.200773	16159
-0.498756053	-298.352285	16160
-14.8396582	-297.807757	16161
-29.1562533	-296.565662	16162
-43.4153339	-294.625959	16163
-57.5835654	-291.990171	16164
-71.6275243	-288.661319	16165
-85.5138174	-284.643993	16166
-99.2091811	-279.944394	16167
-112.680457	-274.57025	16168
-125.894707	-268.530901	16169
-138.819295	-261.837282	16170
-151.421956	-254.501967	16171
-163.670845	-246.539095	16172
-175.534619	-237.964397	16173
-186.982523	-228.795206	16174
-197.984448	-219.050483	16175
-208.511034	-208.750757	16176
-218.533752	-197.918142	16177
-228.024951	-186.576338	16178
-236.958004	-174.750641	16179
-245.307319	-162.467878	16180
-253.04849	-149.756451	16181
-260.158318	-136.646289	16182
-266.61493	-123.168854	16183
-272.397931	-109.357079	16184
-277.4885	-95.24531	16185
-281.869467	-80.8693082	16186
-285.52541	-66.2661879	16187
-288.442996	-51.4741962	16188
-290.610969	-36.5328766	16189
-292.02039	-21.4828506	16190
-292.665108	-6.36515379	16191
-292.541372	8.77853646	16192
-291.647875	23.9061659	16193
-289.985759	38.9757489	16194
-287.559321	53.9447449	16195
-284.375501	68.7709362	16196
-280.443333	83.4131323	16197
-275.774298	97.8308655	16198
-270.382357	111.984557	16199
-264.283682	125.835759	16200
-257.496449	139.347305	16201
-250.040791	152.483453	16202
-241.938623	165.209938	16203
-233.213607	177.494103	16204
-223.890911	189.304884	16205
-213.9972	200.61294	16206
-203.560443	211.390626	16207
-192.609849	221.61206	16208
-181.175725	231.25311	16209
-169.289396	240.291485	16210
-156.983072	248.706705	16211
-144.289811	256.480093	16212
-131.243345	263.594815	16213
-117.878023	270.035879	16214
-104.228729	275.790195	16215
-90.3307488	280.84646	16216
-76.2196873	285.195215	16217
-61.931389	288.828839	16218
-47.5019082	291.741545	16219
-32.9673342	293.929344	16220
-18.3637238	295.390072	16221
-3.72704287	296.123289	16222
10.9069295	296.130402	16223
25.5027258	295.414491	16224
40.0252775	293.980377	16225
54.4399855	291.834514	16226
68.7127897	288.985	16227
82.8102301	285.441489	16228
96.6995084	281.215163	16229
110.348545	276.31868	16230
123.726049	270.766161	16231
136.801553	264.573084	16232
149.545481	257.756291	16233
161.929189	250.333901	16234
173.925029	242.325294	16235
185.506357	233.751004	16236
196.647629	224.632743	16237
207.324387	214.993279	16238
217.513346	204.856436	16239
227.192404	194.247002	16240
236.340696	183.190702	16241
244.938569	171.714103	16242
252.967686	159.844614	16243
260.411025	147.610392	16244
267.252911	135.040275	16245
273.479024	122.163747	16246
279.076401	109.010871	16247
284.033536	95.6122274	16248
288.340318	81.9988257	16249
291.98808	68.2020879	16250
294.969546	54.2537518	16251
297.279035	40.1857962	16252
298.912301	26.0304065	16253
299.866561	11.8198939	16254
300.140517	-2.41332702	16255
342.560517	-18.8408189	16256
341.329578	-35.0650369	16257
339.326421	-51.2056054	16258
336.556398	-67.2261899	16259
333.026589	-83.0907963	16260
328.745593	-98.7639369	16261
323.723674	-114.210576	16262
317.972536	-129.39629	16263
311.50545	-144.287229	16264
304.337194	-158.850241	16265
296.483893	-173.052912	16266
287.963085	-186.863586	16267
278.793703	-200.25143	16268
268.996024	-213.186536	16269
258.591547	-225.639889	16270
247.603077	-237.583463	16271
236.054648	-248.99026	16272
223.971457	-259.834347	16273
211.379826	-270.090898	16274
198.307186	-279.736255	16275
184.782025	-288.747948	16276
170.83386	-297.10477	16277
156.493151	-304.786772	16278
141.791283	-311.775321	16279
126.760533	-318.053182	16280
111.433986	-323.604479	16281
95.8455182	-328.414827	16282
80.0297161	-332.47127	16283
64.0218494	-335.762427	16284
47.8577862	-338.278394	16285
31.573969	-340.01095	16286
15.2073267	-340.953413	16287
-1.20476365	-341.100829	16288
-17.6245491	-340.449889	16289
-34.0139715	-338.99905	16290
-50.3347584	-336.748506	16291
-66.5485119	-333.700276	16292
-82.6167549	-329.858122	16293
-98.5010636	-325.227636	16294
-114.163186	-319.816285	16295
-129.565027	-313.633311	16296
-144.66878	-306.689829	16297
-159.437014	-298.998796	16298
-173.83276	-290.575051	16299
-187.819581	-281.435258	16300
-201.361665	-271.597922	16301
-214.423928	-261.083392	16302
-226.972084	-249.913877	16303
-238.972769	-238.113383	16304
-250.393629	-225.707723	16305
-261.20339	-212.724501	16306
-271.372025	-199.193126	16307
-280.870772	-185.144716	16308
-289.672315	-170.612134	16309
-297.750801	-155.629927	16310
-305.081991	-140.234305	16311
-311.643416	-124.463069	16312
-317.414493	-108.355517	16313
-322.3766	-91.9524195	16314
-326.513165	-75.295932	16315
-329.810004	-58.4293415	16316
-332.255228	-41.3971984	16317
-333.839384	-24.2451126	16318
-334.556006	-7.01909425	16319
-334.401255	10.2342437	16320
-333.373899	27.4679361	16321
-331.475261	44.6350578	16322
-328.710044	61.6881245	16323
-325.085759	78.5800067	16324
-320.612142	95.2645736	16325
-315.301628	111.696372	16326
-309.169409	127.830835	16327
-302.233158	143.624547	16328
-294.512825	159.035417	16329
-286.030605	174.022837	16330
-276.810757	188.547761	16331
-266.879578	202.572865	16332
-256.265137	216.062544	16333
-244.997276	228.983077	16334
-233.107384	241.302607	16335
-220.628342	252.991233	16336
-207.594346	264.021009	16337
-194.040829	274.366056	16338
-180.004299	284.002538	16339
-165.522291	292.90867	16340
-150.633174	301.064763	16341
-135.376076	308.453222	16342
-119.790783	315.058619	16343
-103.917602	320.867597	16344
-87.7972522	325.868928	16345
-71.4707683	330.053503	16346
-54.9794503	333.414335	16347
-38.3646694	335.946511	16348
-21.6677913	337.647234	16349
-4.93010008	338.515701	16350
11.8073128	338.553251	16351
28.5036924	337.763164	16352
45.1187214	336.150737	16353
61.6126063	333.72317	16354
77.9461604	330.489568	16355
94.0808794	326.460852	16356
109.979014	321.649716	16357
125.60364	316.070571	16358
140.918739	309.739528	16359
155.889244	302.674278	16360
170.481118	294.89409	16361
184.661401	286.419719	16362
198.39829	277.273379	16363
211.661144	267.47862	16364
224.420599	257.060351	16365
236.64855	246.044699	16366
248.318258	234.459009	16367
259.404351	222.331729	16368
269.882894	209.692382	16369
279.731359	196.57145	16370
288.92874	183.000376	16371
297.455556	169.011449	16372
305.29388	154.637729	16373
312.427355	139.913002	16374
318.841187	124.871696	16375
324.52226	109.548821	16376
329.459066	93.979859	16377
333.64176	78.2007424	16378
337.062087	62.2477462	16379
339.713608	46.1574059	16380
341.591507	29.9664687	16381
342.692635	13.7118115	16382
343.015512	-2.56958577	16383
391.52532	-21.343557	16384
390.127191	-39.9059577	16385
387.845219	-58.3737736	16386
384.685361	-76.7054797	16387
380.655486	-94.8599057	16388
375.765238	-112.796422	16389
370.026111	-130.474877	16390
363.4513	-147.855782	16391
356.055798	-164.900275	16392
347.85631	-181.570249	16393
338.871144	-197.828421	16394
329.120287	-213.638369	16395
318.625337	-228.964602	16396
307.409419	-243.772634	16397
295.497158	-258.029038	16398
282.914677	-271.701497	16399
269.689537	-284.758869	16400
255.850663	-297.171238	16401
241.428312	-308.909971	16402
226.454026	-319.947769	16403
210.960595	-330.258722	16404
194.981993	-339.818355	16405
178.553323	-348.603683	16406
161.710765	-356.59326	16407
144.491522	-363.767224	16408
126.933761	-370.107349	16409
109.076548	-375.59709	16410
90.9597922	-380.221629	16411
72.6241729	-383.967919	16412
54.1110789	-386.824728	16413
35.4625376	-388.782682	16414
16.7211427	-389.834305	16415
-2.07001543	-389.974058	16416
-20.8674256	-389.198377	16417
-39.6272426	-387.505714	16418
-58.305396	-384.89658	16419
-76.8576884	-381.373565	16420
-95.2398645	-376.94133	16421
-113.407751	-371.60665	16422
-131.317388	-365.378447	16423
-148.92505	-358.26775	16424
-166.187369	-350.287728	16425
-183.061453	-341.453688	16426
-199.504964	-331.783077	16427
-215.476235	-321.295479	16428
-230.934373	-310.0126	16429
-245.839365	-297.958252	16430
-260.15219	-285.15839	16431
-273.834931	-271.641006	16432
-286.850888	-257.436145	16433
-299.164697	-242.575901	16434
-310.742455	-227.094368	16435
-321.551843	-211.027587	16436
-331.562231	-194.413513	16437
-340.744787	-177.291962	16438
-349.0726	-159.704563	16439
-356.520852	-141.694657	16440
-363.066987	-123.307191	16441
-368.690744	-104.588635	16442
-373.374265	-85.586884	16443
-377.102447	-66.3509688	16444
-379.862653	-46.9311288	16445
-381.644871	-27.378652	16446
-382.442309	-7.74521241	16447
-382.251031	11.9169547	16448
-381.06989	31.5552858	16449
-378.900418	51.11723	16450
-375.747817	70.5496826	16451
-371.620248	89.7999255	16452
-366.528224	108.816195	16453
-360.485303	127.547377	16454
-353.508067	145.943234	16455
-345.615878	163.954703	16456
-336.830725	181.534106	16457
-327.177125	198.635304	16458
-316.682022	215.213836	16459
-305.374652	231.227047	16460
-293.286411	246.634197	16461
-280.450707	261.396558	16462
-266.902826	275.477494	16463
-252.679789	288.842514	16464
-237.820216	301.459334	16465
-222.364188	313.297967	16466
-206.353099	324.330762	16467
-189.829545	334.532346	16468
-172.83717	343.87977	16469
-155.420538	352.352469	16470
-137.624996	359.932303	16471
-119.496568	366.603562	16472
-101.08179	372.352971	16473
-82.427602	377.169687	16474
-63.5812832	381.045332	16475
-44.5902259	383.973925	16476
-25.5018438	385.951871	16477
-6.36349431	386.977976	16478
12.7776705	387.053418	16479
31.8748555	386.181708	16480
50.8817453	384.368641	16481
69.7526083	381.622249	16482
88.4423919	377.952748	16483
106.906817	373.372473	16484
125.102466	367.895823	16485
142.986868	361.539198	16486
160.518579	354.320936	16487
177.657262	346.261246	16488
194.363757	337.382143	16489
210.600156	327.70738	16490
226.329868	317.262373	16491
241.517683	306.074132	16492
256.129827	294.171187	16493
270.13402	281.58351	16494
283.499532	268.342444	16495
296.197232	254.480621	16496
308.199633	240.031888	16497
319.480925	225.031224	16498
330.017009	209.514669	16499
339.785552	193.519232	16500
348.766035	177.08281	16501
356.939741	160.244111	16502
364.289778	143.042574	16503
370.801138	125.518271	16504
376.460714	107.711822	16505
381.257263	89.6643257	16506
385.181446	71.4172745	16507
388.225883	53.0124222	16508
390.3851	34.4917584	16509
391.655523	15.8974054	16510
392.035489	-2.72841208	16511
%
% Boundary elements
%
NMARK= 2
MARKER_TAG= airfoil
MARKER_ELEMS= 128
3	0	1
3	1	2
3	2	3
3	3	4
3	4	5
3	5	6
3	6	7
3	7	8
3	8	9
3	9	10
3	10	11
3	11	12
3	12	13
3	13	14
3	14	15
3	15	16
3	16	17
3	17	18
3	18	19
3	19	20
3	20	21
3	21	22
3	22	23
3	23	24
3	24	25
3	25	26
3	26	27
3	27	28
3	28	29
3	29	30
3	30	31
3	31	32
3	32	33
3	33	34
3	34	35
3	35	36
3	36	37
3	37	38
3	38	39
3	39	40
3	40	41
3	41	42
3	42	43
3	43	44
3	44	45
3	45	46
3	46	47
3	47	48
3	48	49
3	49	50
3	50	51
3	51	52
3	52	53
3	53	54
3	54	55
3	55	56
3	56	57
3	57	58
3	58	59
3	59	60
3	60	61
3	61	62
3	62	63
3	63	64
3	64	65
3	65	66
3	66	67
3	67	68
3	68	69
3	69	70
3	70	71
3	71	72
3	72	73
3	73	74
3	74	75
3	75	76
3	76	77
3	77	78
3	78	79
3	79	80
3	80	81
3	81	82
3	82	83
3	83	84
3	84	85
3	85	86
3	86	87
3	87	88
3	88	89
3	89	90
3	90	91
3	91	92
3	92	93
3	93	94
3	94	95
3	95	96
3	96	97
3	97	98
3	98	99
3	99	100
3	100	101
3	101	102
3	102	103
3	103	104
3	104	105
3	105	106
3	106	107
3	107	108
3	108	109
3	109	110
3	110	111
3	111	112
3	112	113
3	113	114
3	114	115
3	115	116
3	116	117
3	117	118
3	118	119
3	119	120
3	120	121
3	121	122
3	122	123
3	123	124
3	124	125
3	125	126
3	126	127
3	127	0
MARKER_TAG= farfield
MARKER_ELEMS= 128
3	16384	16385
3	16385	16386
3	16386	16387
3	16387	16388
3	16388	16389
3	16389	16390
3	16390	16391
3	16391	16392
3	16392	16393
3	16393	16394
3	16394	16395
3	16395	16396
3	16396	16397
3	16397	16398
3	16398	16399
3	16399	16400
3	16400	16401
3	16401	16402
3	16402	16403
3	16403	16404
3	16404	16405
3	16405	16406
3	16406	16407
3	16407	16408
3	16408	16409
3	16409	16410
3	16410	16411
3	16411	16412
3	16412	16413
3	16413	16414
3	16414	16415
3	16415	16416
3	16416	16417
3	16417	16418
3	16418	16419
3	16419	16420
3	16420	16421
3	16421	16422
3	16422	16423
3	16423	16424
3	16424	16425
3	16425	16426
3	16426	16427
3	16427	16428
3	16428	16429
3	16429	16430
3	16430	16431
3	16431	16432
3	16432	16433
3	16433	16434
3	16434	16435
3	16435	16436
3	16436	16437
3	16437	16438
3	16438	16439
3	16439	16440
3	16440	16441
3	16441	16442
3	16442	16443
3	16443	16444
3	16444	16445
3	16445	16446
3	16446	16447
3	16447	16448
3	16448	16449
3	16449	16450
3	16450	16451
3	16451	16452
3	16452	16453
3	16453	16454
3	16454	16455
3	16455	16456
3	16456	16457
3	16457	16458
3	16458	16459
3	16459	16460
3	16460	16461
3	16461	16462
3	16462	16463
3	16463	16464
3	16464	16465
3	16465	16466
3	16466	16467
3	16467	16468
3	16468	16469
3	16469	16470
3	16470	16471
3	16471	16472
3	16472	16473
3	16473	16474
3	16474	16475
3	16475	16476
3	16476	16477
3	16477	16478
3	16478	16479
3	16479	16480
3	16480	16481
3	16481	16482
3	16482	16483
3	16483	16484
3	16484	16485
3	16485	16486
3	16486	16487
3	16487	16488
3	16488	16489
3	16489	16490
3	16490	16491
3	16491	16492
3	16492	16493
3	16493	16494
3	16494	16495
3	16495	16496
3	16496	16497
3	16497	16498
3	16498	16499
3	16499	16500
3	16500	16501
3	16501	16502
3	16502	16503
3	16503	16504
3	16504	16505
3	16505	16506
3	16506	16507
3	16507	16508
3	16508	16509
3	16509	16510
3	16510	16511
3	16511	16384
