"Time_Iter","Outer_Iter","Inner_Iter",    "rms[Rho]"    ,    "rms[RhoU]"   ,    "rms[RhoV]"   ,    "rms[RhoE]"   ,     "rms[nu]"    ,    "RefForce"    ,       "CD"       ,       "CL"       ,       "CSF"      ,       "CMx"      ,       "CMy"      ,       "CMz"      ,       "CFx"      ,       "CFy"      ,       "CFz"      ,      "CEff"      ,     "Buffet"     
          0,           0,           0,      -5.223800499,      -15.47758802,      -16.40163684,      -4.677782514,      -10.80602814,     0.01574983121,       1.959541147,    0.002825917425,                 0,                 0,                 0,    0.001316535482,       1.959541147,    0.002825917425,                 0,     0.00144213222,    0.001299350477
          0,           0,           1,      -6.014898407,      -5.342346907,      -5.508207821,      -5.447563095,      -11.21231978,     0.01574983121,      0.9399912161,   -0.006604637829,                 0,                 0,                 0,     0.00265399379,      0.9399912161,   -0.006604637829,                 0,   -0.007026276114,    0.001299350477
          0,           0,           2,       -5.77222698,      -5.438695219,      -5.799186226,      -5.217645649,      -11.79037626,     0.01574983121,      0.4006069437,  -0.0004410293408,                 0,                 0,                 0,    0.002971926742,      0.4006069437,  -0.0004410293408,                 0,   -0.001100902887,    0.001299350477
          0,           0,           3,      -5.909335045,      -5.534379902,      -5.916124262,        -5.3508911,      -12.48238861,     0.01574983121,      0.4403909486,    0.007324003459,                 0,                 0,                 0,   -0.001944824834,      0.4403909486,    0.007324003459,                 0,     0.01663068572,    0.001299350477
          0,           0,           4,      -5.895410377,      -5.603797986,       -5.96522506,      -5.334567633,      -12.67327666,     0.01574983121,        0.55637257,    0.008703757744,                 0,                 0,                 0,   -0.004125701349,        0.55637257,    0.008703757744,                 0,     0.01564375782,    0.001299350477
          0,           0,           5,      -5.966292099,      -5.647362611,      -5.959038335,      -5.396976239,      -12.72104137,     0.01574983121,      0.5198250592,    0.001299340124,                 0,                 0,                 0,  -0.0004963058189,      0.5198250592,    0.001299340124,                 0,    0.002499571926,    0.001299350477
          0,           0,           6,      -6.040659971,      -5.688250213,      -5.983844528,      -5.479790172,      -12.79017647,     0.01574983121,      0.4278234914,   -0.007715090945,                 0,                 0,                 0,   0.0009168056598,      0.4278234914,   -0.007715090945,                 0,    -0.01803335044,    0.001299350477
          0,           0,           7,      -6.023607116,      -5.738610109,      -5.988595098,      -5.447038889,      -12.72082466,     0.01574983121,       0.374649363,   -0.007895683385,                 0,                 0,                 0,   -0.001607458926,       0.374649363,   -0.007895683385,                 0,    -0.02107486136,    0.001299350477
          0,           0,           8,      -5.989919629,      -5.758068235,      -5.951414927,      -5.415934689,      -12.81785646,     0.01574983121,      0.3585405026,    0.001024217563,                 0,                 0,                 0,   -0.002498148076,      0.3585405026,    0.001024217563,                 0,     0.00285663002,    0.001299350477
          0,           0,           9,      -6.089055436,       -5.81014851,      -6.028296502,        -5.5385896,      -12.77596973,     0.01574983121,      0.3478464757,    0.007589041943,                 0,                 0,                 0,  -0.0001516097984,      0.3478464757,    0.007589041943,                 0,     0.02181721671,    0.001299350477
          0,           0,          10,      -6.094327301,      -5.838397125,       -6.06073033,      -5.513567537,      -12.71452009,     0.01574983121,      0.3274196802,    0.005051212739,                 0,                 0,                 0,    0.001269156154,      0.3274196802,    0.005051212739,                 0,     0.01542733392,    0.001299350477
          0,           0,          11,      -6.092713555,      -5.864211755,      -6.095070811,      -5.524049666,      -12.74805626,     0.01574983121,      0.3012192389,   -0.001793466881,                 0,                 0,                 0,  -7.189171466e-05,      0.3012192389,   -0.001793466881,                 0,   -0.005954025007,    0.001299350477
          0,           0,          12,      -6.235443657,      -5.911550876,       -6.20413982,      -5.688543537,      -12.69530836,     0.01574983121,      0.2788741641,    -0.00447895849,                 0,                 0,                 0,   -0.001635051056,      0.2788741641,    -0.00447895849,                 0,    -0.01606085851,    0.001299350477
          0,           0,          13,      -6.274000052,      -5.934695901,      -6.228834213,      -5.695055878,      -12.66160166,     0.01574983121,      0.2637663205,   -0.001735618992,                 0,                 0,                 0,   -0.001228039066,      0.2637663205,   -0.001735618992,                 0,   -0.006580138772,    0.001299350477
          0,           0,          14,      -6.298051761,      -5.961761928,      -6.297542405,      -5.731044952,      -12.63679997,     0.01574983121,      0.2522656998,    0.001609108387,                 0,                 0,                 0,   0.0002115975832,      0.2522656998,    0.001609108387,                 0,    0.006378625346,    0.001299350477
          0,           0,          15,      -6.447807567,      -5.986126251,      -6.410371089,      -5.900614525,      -12.58723693,     0.01574983121,      0.2399906106,    0.001984143784,                 0,                 0,                 0,   0.0008034042746,      0.2399906106,    0.001984143784,                 0,    0.008267589216,    0.001299350477
          0,           0,          16,      -6.533426411,      -5.998209556,      -6.458894833,      -5.959397647,      -12.54407259,     0.01574983121,      0.2262088881,   0.0004759184398,                 0,                 0,                 0,   0.0003099569123,      0.2262088881,   0.0004759184398,                 0,    0.002103889214,    0.001299350477
          0,           0,          17,      -6.563149824,      -6.011679334,      -6.535655035,      -5.993687118,      -12.50613375,     0.01574983121,      0.2127236819,  -0.0005103727768,                 0,                 0,                 0,  -0.0002710130088,      0.2127236819,  -0.0005103727768,                 0,   -0.002399228766,    0.001299350477
          0,           0,          18,       -6.67644863,       -6.02095223,      -6.607029138,      -6.121733254,      -12.46890506,     0.01574983121,       0.201026028,  -0.0002559464642,                 0,                 0,                 0,    -0.00025377153,       0.201026028,  -0.0002559464642,                 0,   -0.001273200623,    0.001299350477
          0,           0,          19,      -6.781832764,      -6.025498962,      -6.634502702,      -6.214451415,      -12.43454655,     0.01574983121,      0.1910715161,   0.0002531230957,                 0,                 0,                 0,   7.521511501e-05,      0.1910715161,   0.0002531230957,                 0,    0.001324755781,    0.001299350477
          0,           0,          20,      -6.811126652,      -6.029252464,      -6.675201109,      -6.235903914,      -12.40283276,     0.01574983121,      0.1821479485,   0.0002868397197,                 0,                 0,                 0,   0.0002183166395,      0.1821479485,   0.0002868397197,                 0,    0.001574762285,    0.001299350477
          0,           0,          21,      -6.851260755,       -6.03141324,      -6.709163046,      -6.279788873,      -12.37337303,     0.01574983121,      0.1737699978,  -7.052488671e-06,                 0,                 0,                 0,    9.71680082e-05,      0.1737699978,  -7.052488671e-06,                 0,  -4.058519168e-05,    0.001299350477
          0,           0,          22,      -6.916526473,       -6.03220762,      -6.718886371,      -6.343898707,      -12.34625384,     0.01574983121,      0.1657784113,  -0.0001310664362,                 0,                 0,                 0,  -2.561353713e-05,      0.1657784113,  -0.0001310664362,                 0,    -0.00079061221,    0.001299350477
          0,           0,          23,      -6.956378977,      -6.032756546,      -6.720673556,      -6.376004146,      -12.32138324,     0.01574983121,      0.1580972482,   5.216248026e-05,                 0,                 0,                 0,   1.022401721e-05,      0.1580972482,   5.216248026e-05,                 0,   0.0003299392043,    0.001299350477
          0,           0,          24,      -6.957362765,      -6.033070059,       -6.71862121,      -6.373482288,      -12.29864309,     0.01574983121,      0.1506822986,   0.0002527265347,                 0,                 0,                 0,   9.806065299e-05,      0.1506822986,   0.0002527265347,                 0,    0.001677214491,    0.001299350477
          0,           0,          25,      -6.966571877,      -6.032822584,      -6.713653433,      -6.383098415,      -12.27789428,     0.01574983121,      0.1436642035,   0.0002274639683,                 0,                 0,                 0,   9.810391308e-05,      0.1436642035,   0.0002274639683,                 0,    0.001583303027,    0.001299350477
          0,           0,          26,      -6.991578286,      -6.032206018,      -6.712496753,      -6.405422216,      -12.25897676,     0.01574983121,      0.1372570896,  -2.536557746e-06,                 0,                 0,                 0,   7.109300173e-06,      0.1372570896,  -2.536557746e-06,                 0,  -1.848034046e-05,    0.001299350477
          0,           0,          27,      -7.002682781,       -6.03149129,      -6.715319622,      -6.411338649,      -12.24178154,     0.01574983121,      0.1315066719,  -0.0002208505345,                 0,                 0,                 0,  -7.263308404e-05,      0.1315066719,  -0.0002208505345,                 0,   -0.001679386539,    0.001299350477
          0,           0,          28,      -7.004971267,      -6.030849427,      -6.717572163,      -6.412225432,      -12.22613516,     0.01574983121,      0.1262241047,   -0.000255554718,                 0,                 0,                 0,  -6.791493873e-05,      0.1262241047,   -0.000255554718,                 0,   -0.002024611057,    0.001299350477
          0,           0,          29,      -7.020730068,      -6.030503825,      -6.717324728,       -6.42776302,      -12.21198452,     0.01574983121,      0.1211664248,  -0.0001321783376,                 0,                 0,                 0,  -9.692929153e-06,      0.1211664248,  -0.0001321783376,                 0,   -0.001090882543,    0.001299350477
          0,           0,          30,      -7.037683788,      -6.030542595,       -6.71467663,       -6.44203692,      -12.19915981,     0.01574983121,      0.1162371062,   1.153799681e-05,                 0,                 0,                 0,   3.061081129e-05,      0.1162371062,   1.153799681e-05,                 0,   9.926259516e-05,    0.001299350477
          0,           0,          31,      -7.043012916,      -6.030927662,      -6.711067168,       -6.44500765,      -12.18754526,     0.01574983121,      0.1114965772,   5.630911685e-05,                 0,                 0,                 0,   2.524054421e-05,      0.1114965772,   5.630911685e-05,                 0,   0.0005050300042,    0.001299350477
          0,           0,          32,      -7.050667933,      -6.031622282,      -6.708800942,      -6.451604444,      -12.17710824,     0.01574983121,      0.1070454415,   -1.42534615e-05,                 0,                 0,                 0,  -4.621747226e-06,      0.1070454415,   -1.42534615e-05,                 0,  -0.0001331533721,    0.001299350477
          0,           0,          33,      -7.065744304,      -6.032611538,      -6.708725672,      -6.464288732,      -12.16779402,     0.01574983121,      0.1029272912,  -0.0001279813516,                 0,                 0,                 0,  -2.972758301e-05,      0.1029272912,  -0.0001279813516,                 0,   -0.001243415134,    0.001299350477
          0,           0,          34,       -7.07844023,      -6.033898203,      -6.710147389,      -6.473844698,      -12.15947608,     0.01574983121,     0.09911083698,  -0.0001858521019,                 0,                 0,                 0,   -3.14414299e-05,     0.09911083698,  -0.0001858521019,                 0,   -0.001875194556,    0.001299350477
          0,           0,          35,      -7.088130287,       -6.03550197,      -6.712050494,      -6.481561282,      -12.15215449,     0.01574983121,     0.09552857829,  -0.0001493053281,                 0,                 0,                 0,  -8.608617244e-06,     0.09552857829,  -0.0001493053281,                 0,   -0.001562938869,    0.001299350477
          0,           0,          36,      -7.100169306,      -6.037430453,      -6.713674671,      -6.491868721,      -12.14584782,     0.01574983121,     0.09211766328,  -7.138812298e-05,                 0,                 0,                 0,   1.811232249e-05,     0.09211766328,  -7.138812298e-05,                 0,  -0.0007749667157,    0.001299350477
          0,           0,          37,      -7.112658549,      -6.039661578,      -6.714908134,      -6.502067583,      -12.14048998,     0.01574983121,     0.08884695598,  -2.268812899e-05,                 0,                 0,                 0,   2.902725465e-05,     0.08884695598,  -2.268812899e-05,                 0,  -0.0002553619169,    0.001299350477
          0,           0,          38,      -7.123277527,      -6.042166365,       -6.71615604,      -6.510488147,      -12.13612232,     0.01574983121,     0.08571681365,  -2.314186644e-05,                 0,                 0,                 0,   2.610061632e-05,     0.08571681365,  -2.314186644e-05,                 0,  -0.0002699804794,    0.001299350477
          0,           0,          39,      -7.134724532,      -6.044924798,      -6.717890598,      -6.519847453,      -12.13255698,     0.01574983121,      0.0827427309,  -5.400113059e-05,                 0,                 0,                 0,   1.893242789e-05,      0.0827427309,  -5.400113059e-05,                 0,   -0.000652638969,    0.001299350477
          0,           0,          40,      -7.148091054,      -6.047927216,       -6.72027678,       -6.53067511,      -12.12980888,     0.01574983121,     0.07994019667,  -8.741581273e-05,                 0,                 0,                 0,   1.258604114e-05,     0.07994019667,  -8.741581273e-05,                 0,   -0.001093515107,    0.001299350477
          0,           0,          41,       -7.16131203,       -6.05117593,      -6.723145611,      -6.541128286,      -12.12795192,     0.01574983121,     0.07730965723,  -9.998528223e-05,                 0,                 0,                 0,   1.117185044e-05,     0.07730965723,  -9.998528223e-05,                 0,   -0.001293309087,    0.001299350477
          0,           0,          42,      -7.174117917,      -6.054687663,      -6.726202667,      -6.551310252,      -12.12706354,     0.01574983121,     0.07483047289,  -8.953904802e-05,                 0,                 0,                 0,   1.559217966e-05,     0.07483047289,  -8.953904802e-05,                 0,   -0.001196558629,    0.001299350477
          0,           0,          43,      -7.187781837,      -6.058481855,       -6.72924119,      -6.562259381,      -12.12715916,     0.01574983121,     0.07247101395,  -7.559055083e-05,                 0,                 0,                 0,   1.981030598e-05,     0.07247101395,  -7.559055083e-05,                 0,   -0.001043045305,    0.001299350477
          0,           0,          44,      -7.202065551,      -6.062569014,      -6.732256678,      -6.573596412,      -12.12823107,     0.01574983121,     0.07020855918,  -7.602695666e-05,                 0,                 0,                 0,   1.751131651e-05,     0.07020855918,  -7.602695666e-05,                 0,   -0.001082873051,    0.001299350477
          0,           0,          45,      -7.216180013,       -6.06695047,      -6.735382989,      -6.584749836,      -12.13028212,     0.01574983121,     0.06803955307,  -8.715106593e-05,                 0,                 0,                 0,   1.192000192e-05,     0.06803955307,  -8.715106593e-05,                 0,   -0.001280888278,    0.001299350477
          0,           0,          46,      -7.230388205,      -6.071621413,      -6.738777394,      -6.596046351,       -12.1332111,     0.01574983121,     0.06597041154,  -0.0001009248799,                 0,                 0,                 0,   7.498428479e-06,     0.06597041154,  -0.0001009248799,                 0,   -0.001529850694,    0.001299350477
          0,           0,          47,      -7.244933239,      -6.076572587,      -6.742530287,      -6.607627049,      -12.13701804,     0.01574983121,     0.06400646871,  -0.0001131252574,                 0,                 0,                 0,   5.031353178e-06,     0.06400646871,  -0.0001131252574,                 0,    -0.00176740351,    0.001299350477
          0,           0,          48,      -7.259329891,      -6.081793521,      -6.746648338,      -6.619083373,      -12.14170303,     0.01574983121,     0.06214602613,   -0.000119719612,                 0,                 0,                 0,   4.946086391e-06,     0.06214602613,   -0.000119719612,                 0,   -0.001926424254,    0.001299350477
          0,           0,          49,      -7.273352241,      -6.087275646,      -6.751093659,      -6.630303191,       -12.1474397,     0.01574983121,     0.06037952289,  -0.0001175187292,                 0,                 0,                 0,   8.489497182e-06,     0.06037952289,  -0.0001175187292,                 0,   -0.001946334181,    0.001299350477
          0,           0,          50,      -7.287281381,      -6.093012187,      -6.755834263,      -6.641510051,      -12.15427294,     0.01574983121,     0.05869341287,  -0.0001066502017,                 0,                 0,                 0,   1.560409761e-05,     0.05869341287,  -0.0001066502017,                 0,    -0.00181707276,    0.001299350477
          0,           0,          51,      -7.301210884,      -6.098997078,      -6.760869829,      -6.652729279,      -12.16213574,     0.01574983121,     0.05707665741,  -8.997847772e-05,                 0,                 0,                 0,   2.473465352e-05,     0.05707665741,  -8.997847772e-05,                 0,    -0.00157644967,    0.001299350477
          0,           0,          52,      -7.315045147,      -6.105224899,       -6.76622622,      -6.663891825,      -12.17101176,     0.01574983121,     0.05552523448,  -6.902198183e-05,                 0,                 0,                 0,    3.55367087e-05,     0.05552523448,  -6.902198183e-05,                 0,   -0.001243074117,    0.001299350477
          0,           0,          53,      -7.328884037,      -6.111691204,      -6.771935727,      -6.675104245,       -12.1808347,     0.01574983121,     0.05403971233,   -4.45177369e-05,                 0,                 0,                 0,   4.829990503e-05,     0.05403971233,   -4.45177369e-05,                 0,   -0.000823796704,    0.001299350477
          0,           0,          54,      -7.342836213,      -6.118391919,      -6.778015677,      -6.686454242,      -12.19160305,     0.01574983121,     0.05262102187,  -1.604975129e-05,                 0,                 0,                 0,   6.305265761e-05,     0.05262102187,  -1.604975129e-05,                 0,   -0.000305006454,    0.001299350477
          0,           0,          55,      -7.356779822,      -6.125322596,      -6.784458064,      -6.697862177,      -12.20329245,     0.01574983121,     0.05126785987,   1.800201132e-05,                 0,                 0,                 0,   7.980149436e-05,     0.05126785987,   1.800201132e-05,                 0,   0.0003511363915,    0.001299350477
          0,           0,          56,      -7.370596983,       -6.13247814,      -6.791236176,      -6.709269821,      -12.21589449,     0.01574983121,     0.04997590862,   5.907856919e-05,                 0,                 0,                 0,   9.861671937e-05,     0.04997590862,   5.907856919e-05,                 0,    0.001182140972,    0.001573800732
          0,           0,          57,      -7.384345523,      -6.139852901,      -6.798322561,      -6.720725783,       -12.2293353,     0.01574983121,      0.0487389569,   0.0001071201846,                 0,                 0,                 0,   0.0001190810623,      0.0487389569,   0.0001071201846,                 0,    0.002197834985,    0.001573800732
          0,           0,          58,      -7.398100436,      -6.147441052,      -6.805702641,      -6.732260954,      -12.24356165,     0.01574983121,     0.04755126233,   0.0001599020516,                 0,                 0,                 0,   0.0001400472482,     0.04755126233,   0.0001599020516,                 0,      0.0033627299,    0.002164801892
          0,           0,          59,      -7.411878997,      -6.155237336,       -6.81337603,      -6.743866504,      -12.25858208,     0.01574983121,     0.04640951316,    0.000214428351,                 0,                 0,                 0,   0.0001605058983,     0.04640951316,    0.000214428351,                 0,     0.00462035338,    0.002164801892
          0,           0,          60,      -7.425733399,      -6.163237768,      -6.821348651,      -6.755569215,      -12.27432093,     0.01574983121,     0.04531263847,   0.0002689453249,                 0,                 0,                 0,   0.0001801221308,     0.04531263847,   0.0002689453249,                 0,    0.005935326962,    0.002164801892
          0,           0,          61,      -7.439737077,       -6.17143968,      -6.829622756,      -6.767411783,      -12.29075693,     0.01574983121,     0.04426028308,   0.0003233620108,                 0,                 0,                 0,   0.0001989035443,     0.04426028308,   0.0003233620108,                 0,    0.007305918269,    0.002481352797
          0,           0,          62,      -7.453901579,      -6.179841302,      -6.838190616,      -6.779398243,       -12.3078718,     0.01574983121,     0.04325144589,   0.0003783022231,                 0,                 0,                 0,   0.0002168772628,     0.04325144589,   0.0003783022231,                 0,    0.008746579803,    0.002481352797
          0,           0,          63,      -7.468203027,      -6.188441195,      -6.847035202,      -6.791517255,      -12.32549633,     0.01574983121,     0.04228387009,   0.0004340441792,                 0,                 0,                 0,   0.0002340083453,     0.04228387009,   0.0004340441792,                 0,     0.01026500598,    0.002481352797
          0,           0,          64,      -7.482636603,      -6.197237767,      -6.856135636,      -6.803770532,      -12.34346243,     0.01574983121,     0.04135438629,   0.0004901673988,                 0,                 0,                 0,   0.0002501624462,     0.04135438629,   0.0004901673988,                 0,     0.01185285148,    0.002481352797
          0,           0,          65,      -7.497193256,      -6.206228993,      -6.865472616,      -6.816151454,      -12.36164125,     0.01574983121,     0.04045987615,   0.0005457450251,                 0,                 0,                 0,   0.0002651217328,     0.04045987615,   0.0005457450251,                 0,     0.01348854908,    0.002481352797
          0,           0,          66,      -7.511842427,      -6.215412416,      -6.875031518,      -6.828638814,       -12.3798703,     0.01574983121,     0.03959809641,   0.0005999049368,                 0,                 0,                 0,    0.000278760528,     0.03959809641,   0.0005999049368,                 0,     0.01514984282,    0.002481352797
          0,           0,          67,      -7.526568678,      -6.224785359,      -6.884803714,      -6.841222905,      -12.39803295,     0.01574983121,     0.03876778994,   0.0006523270518,                 0,                 0,                 0,   0.0002911655596,     0.03876778994,   0.0006523270518,                 0,     0.01682652152,    0.002481352797
          0,           0,          68,      -7.541385221,      -6.234345144,      -6.894786968,      -6.853909709,      -12.41605244,     0.01574983121,     0.03796820669,   0.0007032066418,                 0,                 0,                 0,   0.0003025421103,     0.03796820669,   0.0007032066418,                 0,     0.01852093378,    0.002481352797
          0,           0,          69,      -7.556306404,       -6.24408917,      -6.904985166,      -6.866702115,      -12.43372285,     0.01574983121,     0.03719850466,   0.0007528606399,                 0,                 0,                 0,   0.0003130662664,     0.03719850466,   0.0007528606399,                 0,      0.0202390028,    0.002481352797
          0,           0,          70,      -7.571337911,      -6.254014856,       -6.91540738,      -6.879596894,      -12.45078657,     0.01574983121,     0.03645738962,   0.0008014408657,                 0,                 0,                 0,   0.0003228289826,     0.03645738962,   0.0008014408657,                 0,     0.02198294705,    0.002481352797
          0,           0,          71,      -7.586486356,      -6.264119468,      -6.926065914,      -6.892591811,      -12.46703508,     0.01574983121,     0.03574315476,   0.0008488848984,                 0,                 0,                 0,   0.0003318430162,     0.03574315476,   0.0008488848984,                 0,     0.02374957958,    0.002481352797
          0,           0,          72,       -7.60175202,      -6.274399951,       -6.93697323,      -6.905681069,      -12.48231067,     0.01574983121,     0.03505402888,   0.0008949458713,                 0,                 0,                 0,   0.0003400583003,     0.03505402888,   0.0008949458713,                 0,      0.0255304711,    0.002803986714
          0,           0,          73,      -7.617116221,      -6.284852847,      -6.948138524,      -6.918849674,      -12.49634289,     0.01574983121,     0.03438854678,   0.0009392618349,                 0,                 0,                 0,   0.0003473967567,     0.03438854678,   0.0009392618349,                 0,     0.02731321684,    0.002803986714
          0,           0,          74,      -7.632547102,      -6.295474367,      -6.959565196,      -6.932078782,      -12.50895531,     0.01574983121,     0.03374568391,   0.0009814878913,                 0,                 0,                 0,   0.0003537973209,     0.03374568391,   0.0009814878913,                 0,     0.02908484219,    0.002803986714
          0,           0,          75,      -7.648011182,      -6.306260565,      -6.971250095,      -6.945351793,      -12.52039375,     0.01574983121,     0.03312471383,    0.001021394672,                 0,                 0,                 0,    0.000359229783,     0.03312471383,    0.001021394672,                 0,     0.03083482251,    0.002803986714
          0,           0,          76,      -7.663478196,      -6.317207558,      -6.983184626,      -6.958655592,      -12.53049463,     0.01574983121,     0.03252495227,    0.001058863461,                 0,                 0,                 0,     0.00036368071,     0.03252495227,    0.001058863461,                 0,     0.03255541936,    0.003126620633
          0,           0,          77,      -7.678928875,      -6.328311735,      -6.995357218,      -6.971983985,      -12.53905394,     0.01574983121,     0.03194556463,    0.001093823258,                 0,                 0,                 0,   0.0003671398824,     0.03194556463,    0.001093823258,                 0,     0.03424022304,    0.003126620633
          0,           0,          78,      -7.694365191,      -6.339569935,      -7.007756315,      -6.985342109,      -12.54591332,     0.01574983121,       0.031385545,    0.001126190137,                 0,                 0,                 0,   0.0003695971054,       0.031385545,    0.001126190137,                 0,     0.03588244644,    0.003126620633
          0,           0,          79,      -7.709809506,       -6.35097956,      -7.020372987,      -6.998744499,       -12.5511558,     0.01574983121,      0.0308438372,    0.001155827422,                 0,                 0,                 0,   0.0003710422257,      0.0308438372,    0.001155827422,                 0,     0.03747352883,    0.003126620633
          0,           0,          80,       -7.72529306,      -6.362538607,      -7.033202425,      -7.012208636,      -12.55494543,     0.01574983121,     0.03031949573,    0.001182569845,                 0,                 0,                 0,   0.0003714795612,     0.03031949573,    0.001182569845,                 0,     0.03900361192,    0.003126620633
          0,           0,          81,      -7.740845776,      -6.374245611,      -7.046244095,      -7.025750467,      -12.55757264,     0.01574983121,     0.02981176628,    0.001206314128,                 0,                 0,                 0,    0.000370954306,     0.02981176628,    0.001206314128,                 0,     0.04046436284,    0.003126620633
          0,           0,          82,      -7.756489673,      -6.386099516,      -7.059500755,      -7.039381798,      -12.55904419,     0.01574983121,     0.02932005204,    0.001227093996,                 0,                 0,                 0,   0.0003695660036,     0.02932005204,    0.001227093996,                 0,     0.04185169912,    0.003126620633
          0,           0,          83,      -7.772232528,      -6.398099487,      -7.072976709,      -7.053107509,      -12.55943691,     0.01574983121,     0.02884381192,    0.001245085008,                 0,                 0,                 0,   0.0003674595241,     0.02884381192,    0.001245085008,                 0,     0.04316645149,    0.003126620633
          0,           0,          84,      -7.788064125,      -6.410244705,      -7.086675908,      -7.066924188,      -12.55885909,     0.01574983121,     0.02838247134,    0.001260559907,                 0,                 0,                 0,    0.000364807213,     0.02838247134,    0.001260559907,                 0,     0.04441332439,    0.003126620633
          0,           0,          85,      -7.803958226,      -6.422534196,      -7.100600487,      -7.080821529,      -12.55740455,     0.01574983121,     0.02793539197,    0.001273830229,                 0,                 0,                 0,   0.0003617901704,     0.02793539197,    0.001273830229,                 0,     0.04559915361,    0.003126620633
          0,           0,          86,      -7.819877806,      -6.434966722,      -7.114750118,      -7.094784865,      -12.55518106,     0.01574983121,     0.02750190925,    0.001285207134,                 0,                 0,                 0,   0.0003585863461,     0.02750190925,    0.001285207134,                 0,     0.04673156042,    0.003126620633
          0,           0,          87,      -7.835781827,      -6.447540723,      -7.129122258,      -7.108798159,      -12.55234419,     0.01574983121,     0.02708139807,    0.001294993943,                 0,                 0,                 0,   0.0003553669584,     0.02708139807,    0.001294993943,                 0,     0.04781857787,    0.003126620633
          0,           0,          88,      -7.851633681,       -6.46025434,      -7.143713012,      -7.122847642,      -12.54905211,     0.01574983121,     0.02667331613,    0.001303502768,                 0,                 0,                 0,   0.0003522983996,     0.02667331613,    0.001303502768,                 0,     0.04886916801,    0.003126620633
          0,           0,          89,      -7.867409295,      -6.473105478,      -7.158518218,      -7.136925048,      -12.54546516,     0.01574983121,     0.02627720098,    0.001311068605,                 0,                 0,                 0,   0.0003495408964,     0.02627720098,    0.001311068605,                 0,     0.04989376938,    0.003126620633
          0,           0,          90,      -7.883100683,      -6.486091911,      -7.173534394,      -7.151028635,      -12.54173594,     0.01574983121,     0.02589263315,    0.001318040813,                 0,                 0,                 0,   0.0003472397561,     0.02589263315,    0.001318040813,                 0,     0.05090408555,    0.003126620633
          0,           0,          91,      -7.898714617,      -6.499211379,      -7.188759317,      -7.165162292,      -12.53799249,     0.01574983121,     0.02551919567,    0.001324757184,                 0,                 0,                 0,   0.0003455150303,     0.02551919567,    0.001324757184,                 0,      0.0519121841,    0.003126620633
          0,           0,          92,      -7.914268553,      -6.512461662,      -7.204192181,      -7.179333846,      -12.53433639,     0.01574983121,     0.02515645117,    0.001331511111,                 0,                 0,                 0,   0.0003444516547,     0.02515645117,    0.001331511111,                 0,     0.05292921094,    0.003126620633
          0,           0,          93,      -7.929785167,       -6.52584062,      -7.219833362,      -7.193552954,      -12.53087946,     0.01574983121,     0.02480395699,    0.001338531941,                 0,                 0,                 0,   0.0003440973337,     0.02480395699,    0.001338531941,                 0,     0.05396445178,    0.003126620633
          0,           0,          94,      -7.945286453,      -6.539346189,      -7.235683842,      -7.207828858,      -12.52762599,     0.01574983121,      0.0244612851,    0.001345979407,                 0,                 0,                 0,   0.0003444634139,      0.0244612851,    0.001345979407,                 0,     0.05502488532,    0.003126620633
          0,           0,          95,      -7.960788914,      -6.552976359,      -7.251744376,      -7.222168625,      -12.52461255,     0.01574983121,      0.0241280463,    0.001353957104,                 0,                 0,                 0,   0.0003455322179,      0.0241280463,    0.001353957104,                 0,     0.05611548848,    0.003126620633
          0,           0,          96,      -7.976301155,      -6.566729157,      -7.268014612,      -7.236576329,      -12.52187053,     0.01574983121,     0.02380389322,     0.00136252906,                 0,                 0,                 0,   0.0003472643562,     0.02380389322,     0.00136252906,                 0,     0.05723975685,    0.003126620633
          0,           0,          97,      -7.991823578,      -6.580602641,      -7.284492398,      -7.251052953,      -12.51944641,     0.01574983121,     0.02348850513,    0.001371728201,                 0,                 0,                 0,   0.0003496028403,     0.02348850513,    0.001371728201,                 0,     0.05839997878,    0.003126620633
          0,           0,          98,      -8.007349783,      -6.594594909,      -7.301173508,      -7.265596922,      -12.51735838,     0.01574983121,     0.02318157378,    0.001381557887,                 0,                 0,                 0,   0.0003524761912,     0.02318157378,    0.001381557887,                 0,     0.05959724305,    0.003126620633
          0,           0,          99,      -8.022869317,      -6.608704104,       -7.31805191,      -7.280205122,      -12.51561629,     0.01574983121,      0.0228827889,    0.001391986666,                 0,                 0,                 0,   0.0003557989124,      0.0228827889,    0.001391986666,                 0,      0.0608311632,    0.003126620633
          0,           0,         100,      -8.038370689,      -6.622928437,       -7.33512051,      -7.294873937,      -12.51425634,     0.01574983121,     0.02259184225,    0.001402950871,                 0,                 0,                 0,   0.0003594768486,     0.02259184225,    0.001402950871,                 0,     0.06209988791,    0.003126620633
          0,           0,         101,      -8.053843452,      -6.637266184,      -7.352372179,      -7.309599827,      -12.51331444,     0.01574983121,     0.02230843391,    0.001414359044,                 0,                 0,                 0,   0.0003634109347,     0.02230843391,    0.001414359044,                 0,     0.06340019427,    0.003126620633
          0,           0,         102,      -8.069279408,      -6.651715676,      -7.369800771,      -7.324379591,      -12.51278685,     0.01574983121,      0.0220322845,    0.001426103065,                 0,                 0,                 0,   0.0003675030156,      0.0220322845,    0.001426103065,                 0,      0.0647278799,    0.003126620633
          0,           0,         103,      -8.084673109,      -6.666275273,       -7.38740195,      -7.339210484,      -12.51264614,     0.01574983121,     0.02176313485,    0.001438068718,                 0,                 0,                 0,   0.0003716599547,     0.02176313485,    0.001438068718,                 0,      0.0660781973,    0.003126620633
          0,           0,         104,      -8.100021559,       -6.68094332,      -7.405173621,      -7.354090153,      -12.51288501,     0.01574983121,     0.02150074645,    0.001450144502,                 0,                 0,                 0,    0.000375797207,     0.02150074645,    0.001450144502,                 0,     0.06744623983,    0.003126620633
          0,           0,         105,       -8.11532329,       -6.69571809,      -7.423115947,      -7.369016446,      -12.51350461,     0.01574983121,     0.02124489066,    0.001462223226,                 0,                 0,                 0,   0.0003798389483,     0.02124489066,    0.001462223226,                 0,     0.06882705349,    0.003126620633
          0,           0,         106,      -8.130577026,      -6.710597723,      -7.441230931,      -7.383987128,      -12.51450603,     0.01574983121,     0.02099534407,    0.001474201671,                 0,                 0,                 0,   0.0003837183016,     0.02099534407,    0.001474201671,                 0,     0.07021564716,    0.003126620633
          0,           0,         107,      -8.145780384,      -6.725580162,      -7.459521703,       -7.39899956,      -12.51589647,     0.01574983121,     0.02075188607,    0.001485979328,                 0,                 0,                 0,   0.0003873768497,     0.02075188607,    0.001485979328,                 0,     0.07160695289,    0.003126620633
          0,           0,         108,      -8.160929134,      -6.740663098,      -7.477991598,      -7.414050521,      -12.51767565,     0.01574983121,     0.02051430418,    0.001497461117,                 0,                 0,                 0,   0.0003907661648,     0.02051430418,    0.001497461117,                 0,     0.07299594973,    0.003126620633
          0,           0,         109,      -8.176017214,      -6.755843938,      -7.496643228,      -7.429136304,      -12.51984208,     0.01574983121,     0.02028239761,    0.001508559217,                 0,                 0,                 0,   0.0003938477648,     0.02028239761,    0.001508559217,                 0,     0.07437775583,    0.003126620633
          0,           0,         110,      -8.191037719,      -6.771119788,       -7.51547767,      -7.444253124,      -12.52239032,     0.01574983121,     0.02005597446,    0.001519194582,                 0,                 0,                 0,   0.0003965923452,     0.02005597446,    0.001519194582,                 0,     0.07574773216,    0.003126620633
          0,           0,         111,      -8.205984055,      -6.786487458,      -7.534493875,      -7.459397531,      -12.52531888,     0.01574983121,      0.0198348577,    0.001529300513,                 0,                 0,                 0,   0.0003989807879,      0.0198348577,    0.001529300513,                 0,     0.07710166294,    0.003126620633
          0,           0,         112,       -8.22085094,      -6.801943494,      -7.553688399,      -7.474566717,      -12.52862067,     0.01574983121,     0.01961887736,    0.001538821387,                 0,                 0,                 0,   0.0004010023083,     0.01961887736,    0.001538821387,                 0,     0.07843575139,    0.003126620633
          0,           0,         113,      -8.235634968,      -6.817484207,      -7.573055485,      -7.489758589,      -12.53229653,     0.01574983121,     0.01940786865,    0.001547711212,                 0,                 0,                 0,   0.0004026532618,     0.01940786865,    0.001547711212,                 0,     0.07974658318,    0.003126620633
          0,           0,         114,      -8.250334128,      -6.833105709,       -7.59258747,      -7.504971431,      -12.53634646,     0.01574983121,     0.01920167114,    0.001555931401,                 0,                 0,                 0,   0.0004039356254,     0.01920167114,    0.001555931401,                 0,     0.08103104098,    0.003126620633
          0,           0,         115,      -8.264947195,       -6.84880394,      -7.612275486,      -7.520203514,      -12.54076042,     0.01574983121,     0.01900012922,    0.001563449019,                 0,                 0,                 0,   0.0004048556554,     0.01900012922,    0.001563449019,                 0,     0.08228623083,    0.003126620633
          0,           0,         116,      -8.279472938,      -6.864574669,      -7.632110274,       -7.53545264,       -12.5455361,     0.01574983121,     0.01880309425,    0.001570236549,                 0,                 0,                 0,   0.0004054233507,     0.01880309425,    0.001570236549,                 0,     0.08350947607,    0.003126620633
          0,           0,         117,      -8.293909426,      -6.880413492,      -7.652082938,      -7.550715801,      -12.55066781,     0.01574983121,     0.01861042482,    0.001576271151,                 0,                 0,                 0,   0.0004056512143,     0.01861042482,    0.001576271151,                 0,     0.08469828961,    0.003126620633
          0,           0,         118,      -8.308253316,      -6.896315801,      -7.672185559,      -7.565988854,      -12.55615179,     0.01574983121,     0.01842198495,    0.001581534532,                 0,                 0,                 0,   0.0004055535349,     0.01842198495,    0.001581534532,                 0,     0.08585038672,    0.003126620633
          0,           0,         119,      -8.322499391,      -6.912276739,      -7.692411509,      -7.581266316,      -12.56198174,     0.01574983121,     0.01823764746,    0.001586012611,                 0,                 0,                 0,   0.0004051459039,     0.01823764746,    0.001586012611,                 0,     0.08696366207,    0.003126620633
          0,           0,         120,      -8.336640352,      -6.928291155,      -7.712755443,      -7.596541302,      -12.56815274,     0.01574983121,     0.01805728723,    0.001589692779,                 0,                 0,                 0,   0.0004044432745,     0.01805728723,    0.001589692779,                 0,     0.08803607973,    0.003126620633
          0,           0,         121,       -8.35066695,      -6.944353544,      -7.733213028,      -7.611805603,      -12.57465949,     0.01574983121,     0.01788078384,     0.00159256313,                 0,                 0,                 0,   0.0004034596394,     0.01788078384,     0.00159256313,                 0,     0.08906562172,    0.003126620633
          0,           0,         122,      -8.364568594,         -6.960458,      -7.753780476,      -7.627049981,      -12.58149558,     0.01574983121,     0.01770802103,    0.001594611393,                 0,                 0,                 0,   0.0004022074813,     0.01770802103,    0.001594611393,                 0,     0.09005023146,    0.003126620633
          0,           0,         123,      -8.378333935,       -6.97659817,      -7.774453977,      -7.642264463,       -12.5886549,     0.01574983121,      0.0175388865,    0.001595824241,                 0,                 0,                 0,   0.0004006972885,      0.0175388865,    0.001595824241,                 0,     0.09098777398,    0.003126620633
          0,           0,         124,      -8.391951547,       -6.99276723,      -7.795229084,      -7.657438677,      -12.59613005,     0.01574983121,     0.01737327254,    0.001596187392,                 0,                 0,                 0,   0.0003989375462,     0.01737327254,    0.001596187392,                 0,     0.09187603475,    0.003126620633
          0,           0,         125,      -8.405410604,      -7.008957866,      -7.816100195,      -7.672562221,      -12.60391537,     0.01574983121,     0.01721107659,    0.001595685338,                 0,                 0,                 0,   0.0003969344524,     0.01721107659,    0.001595685338,                 0,     0.09271269755,    0.003126620633
          0,           0,         126,      -8.418701345,       -7.02516229,      -7.837060137,      -7.687624939,      -12.61200331,     0.01574983121,     0.01705220051,    0.001594301785,                 0,                 0,                 0,   0.0003946923035,     0.01705220051,    0.001594301785,                 0,     0.09349536937,    0.003126620633
          0,           0,         127,      -8.431815496,      -7.041372248,      -7.858099944,      -7.702617178,      -12.62038666,     0.01574983121,     0.01689654726,    0.001592018236,                 0,                 0,                 0,   0.0003922125886,     0.01689654726,    0.001592018236,                 0,     0.09422151231,    0.003126620633
          0,           0,         128,      -8.444746088,      -7.057579045,      -7.879208847,      -7.717529736,      -12.62905944,     0.01574983121,     0.01674402565,    0.001588816166,                 0,                 0,                 0,   0.0003894957315,     0.01674402565,    0.001588816166,                 0,     0.09488854111,    0.003126620633
          0,           0,         129,      -8.457487756,      -7.073773581,      -7.900374462,      -7.732354046,      -12.63801688,     0.01574983121,     0.01659454682,    0.001584675836,                 0,                 0,                 0,   0.0003865402876,     0.01659454682,    0.001584675836,                 0,     0.09549376993,    0.003126620633
          0,           0,         130,       -8.47003633,      -7.089946379,      -7.921583135,      -7.747081988,      -12.64725315,     0.01574983121,     0.01644802508,    0.001579577225,                 0,                 0,                 0,    0.000383343642,     0.01644802508,    0.001579577225,                 0,     0.09603446111,    0.003126620633
          0,           0,         131,      -8.482388656,      -7.106087613,      -7.942820362,      -7.761705797,      -12.65676038,     0.01574983121,     0.01630437837,    0.001573500585,                 0,                 0,                 0,   0.0003799023314,     0.01630437837,    0.001573500585,                 0,     0.09650785511,    0.003126620633
          0,           0,         132,      -8.494542463,      -7.122187144,      -7.964071196,      -7.776217976,      -12.66652862,     0.01574983121,     0.01616352684,    0.001566427453,                 0,                 0,                 0,   0.0003762126842,     0.01616352684,    0.001566427453,                 0,     0.09691124152,    0.003126620633
          0,           0,         133,      -8.506496232,      -7.138234543,      -7.985320583,      -7.790611211,      -12.67654703,     0.01574983121,     0.01602539396,    0.001558341078,                 0,                 0,                 0,   0.0003722710114,     0.01602539396,    0.001558341078,                 0,     0.09724198243,    0.003126620633
          0,           0,         134,       -8.51824922,       -7.15421912,      -8.006553539,      -7.804878371,      -12.68680587,     0.01574983121,     0.01588990667,    0.001549227218,                 0,                 0,                 0,   0.0003680741419,     0.01588990667,    0.001549227218,                 0,     0.09749756558,    0.003126620633
          0,           0,         135,      -8.529801421,      -7.170129939,      -8.027755193,       -7.81901247,      -12.69729367,     0.01574983121,     0.01575699415,    0.001539074754,                 0,                 0,                 0,   0.0003636198453,     0.01575699415,    0.001539074754,                 0,     0.09767565689,    0.003126620633
          0,           0,         136,      -8.541153523,      -7.185955861,      -8.048910667,      -7.833006633,      -12.70799897,     0.01574983121,     0.01562658893,    0.001527876194,                 0,                 0,                 0,   0.0003589071106,     0.01562658893,    0.001527876194,                 0,     0.09777413361,    0.003126620633
          0,           0,         137,      -8.552307013,      -7.201685562,      -8.070004887,      -7.846854242,      -12.71890935,     0.01574983121,     0.01549862307,    0.001515627378,                 0,                 0,                 0,   0.0003539358191,     0.01549862307,    0.001515627378,                 0,      0.0977910987,    0.003126620633
          0,           0,         138,      -8.563263924,      -7.217307579,       -8.09102222,      -7.860548805,       -12.7300095,     0.01574983121,     0.01537303378,    0.001502329695,                 0,                 0,                 0,   0.0003487082652,     0.01537303378,    0.001502329695,                 0,     0.09772499796,    0.003126620633
          0,           0,         139,      -8.574026874,      -7.232810349,       -8.11194607,      -7.874084101,      -12.74128423,     0.01574983121,     0.01524976015,    0.001487989408,                 0,                 0,                 0,   0.0003432285479,     0.01524976015,    0.001487989408,                 0,     0.09757461054,    0.003126620633
          0,           0,         140,      -8.584598884,      -7.248182266,      -8.132758576,      -7.887454173,      -12.75271766,     0.01574983121,      0.0151287426,    0.001472617371,                 0,                 0,                 0,   0.0003375022801,      0.0151287426,    0.001472617371,                 0,     0.09733904595,    0.003126620633
          0,           0,         141,      -8.594983147,      -7.263411742,       -8.15344027,      -7.900653266,      -12.76429136,     0.01574983121,     0.01500992442,    0.001456230552,                 0,                 0,                 0,    0.000331537669,     0.01500992442,    0.001456230552,                 0,     0.09701784707,    0.003126620633
          0,           0,         142,      -8.605182951,      -7.278487272,      -8.173969996,      -7.913675942,      -12.77598788,     0.01574983121,     0.01489325069,    0.001438851128,                 0,                 0,                 0,   0.0003253447988,     0.01489325069,    0.001438851128,                 0,     0.09661095201,    0.003126620633
          0,           0,         143,      -8.615201362,      -7.293397506,      -8.194324916,      -7.926516936,      -12.78778879,     0.01574983121,     0.01477866779,    0.001420507238,                 0,                 0,                 0,   0.0003189361637,     0.01477866779,    0.001420507238,                 0,     0.09611876106,    0.003126620633
          0,           0,         144,      -8.625041145,      -7.308131317,      -8.214480782,      -7.939171185,      -12.79967794,     0.01574983121,     0.01466612476,    0.001401232137,                 0,                 0,                 0,   0.0003123259909,     0.01466612476,    0.001401232137,                 0,      0.0955420849,    0.003126620633
          0,           0,         145,      -8.634704607,      -7.322677881,      -8.234412312,       -7.95163376,      -12.81163276,     0.01574983121,     0.01455557202,    0.001381064303,                 0,                 0,                 0,    0.000305530372,     0.01455557202,    0.001381064303,                 0,     0.09488217302,    0.003126620633
          0,           0,         146,      -8.644193625,       -7.33702674,      -8.254093658,      -7.963899901,      -12.82363267,     0.01574983121,     0.01444696157,    0.001360047383,                 0,                 0,                 0,   0.0002985672689,     0.01444696157,    0.001360047383,                 0,     0.09414072133,    0.003126620633
          0,           0,         147,      -8.653509705,       -7.35116788,      -8.273499077,      -7.975965057,      -12.83565287,     0.01574983121,     0.01434024767,    0.001338230118,                 0,                 0,                 0,   0.0002914564635,     0.01434024767,    0.001338230118,                 0,     0.09331987491,    0.003126620633
          0,           0,         148,      -8.662654033,      -7.365091789,      -8.292603501,      -7.987824874,      -12.84766822,     0.01574983121,     0.01423538485,    0.001315665495,                 0,                 0,                 0,   0.0002842189451,     0.01423538485,    0.001315665495,                 0,     0.09242219364,    0.003126620633
          0,           0,         149,      -8.671627504,      -7.378789521,      -8.311383103,      -7.999475242,      -12.85965371,     0.01574983121,      0.0141323307,    0.001292411033,                 0,                 0,                 0,   0.0002768771741,      0.0141323307,    0.001292411033,                 0,     0.09145066447,    0.003126620633
          0,           0,         150,      -8.680430995,      -7.392252751,      -8.329815757,      -8.010912424,      -12.87158316,     0.01574983121,     0.01403104197,    0.001268527147,                 0,                 0,                 0,   0.0002694540449,     0.01403104197,    0.001268527147,                 0,      0.0904086204,    0.003126620633
          0,           0,         151,      -8.689065511,      -7.405473819,       -8.34788134,      -8.022133139,      -12.88343106,     0.01574983121,     0.01393147909,    0.001244078224,                 0,                 0,                 0,   0.0002619738158,     0.01393147909,    0.001244078224,                 0,     0.08929979485,    0.003126620633
          0,           0,         152,      -8.697532273,      -7.418445786,      -8.365561911,      -8.033134614,      -12.89516785,     0.01574983121,     0.01383360302,    0.001219131214,                 0,                 0,                 0,   0.0002544611151,     0.01383360302,    0.001219131214,                 0,      0.0881282492,    0.003126620633
          0,           0,         153,      -8.705832634,      -7.431162475,      -8.382841716,      -8.043914564,      -12.90676202,     0.01574983121,     0.01373737583,    0.001193755425,                 0,                 0,                 0,   0.0002469408721,     0.01373737583,    0.001193755425,                 0,      0.0868983596,    0.003126620633
          0,           0,         154,      -8.713968342,      -7.443618505,       -8.39970715,      -8.054471375,      -12.91818822,     0.01574983121,     0.01364276065,    0.001168021989,                 0,                 0,                 0,   0.0002394380768,     0.01364276065,    0.001168021989,                 0,     0.08561478277,    0.003126620633
          0,           0,         155,      -8.721941541,      -7.455809331,      -8.416146615,      -8.064804109,       -12.9294072,     0.01574983121,     0.01354972246,    0.001142003471,                 0,                 0,                 0,   0.0002319776785,     0.01354972246,    0.001142003471,                 0,     0.08428242534,    0.003126620633
          0,           0,         156,      -8.729754653,      -7.467731272,      -8.432150435,      -8.074912489,      -12.94038061,     0.01574983121,     0.01345822591,      0.0011157733,                 0,                 0,                 0,   0.0002245843086,     0.01345822591,      0.0011157733,                 0,     0.08290641775,    0.003126620633
          0,           0,         157,      -8.737410453,      -7.479381531,      -8.447710718,      -8.084796925,      -12.95107194,     0.01574983121,     0.01336823801,    0.001089404993,                 0,                 0,                 0,   0.0002172818204,     0.01336823801,    0.001089404993,                 0,     0.08149204048,    0.003126620633
          0,           0,         158,      -8.744911976,      -7.490758209,      -8.462821469,      -8.094458504,      -12.96144583,     0.01574983121,     0.01327972652,    0.001062972184,                 0,                 0,                 0,   0.0002100934712,     0.01327972652,    0.001062972184,                 0,     0.08004473456,    0.003126620633
          0,           0,         159,      -8.752262396,      -7.501860318,      -8.477478585,      -8.103898903,      -12.97146293,     0.01574983121,     0.01319266007,    0.001036547656,                 0,                 0,                 0,   0.0002030413892,     0.01319266007,    0.001036547656,                 0,     0.07857002685,    0.003126620633
          0,           0,         160,      -8.759465026,      -7.512687775,      -8.491679881,      -8.113120369,       -12.9810859,     0.01574983121,     0.01310700827,    0.001010203023,                 0,                 0,                 0,   0.0001961465164,     0.01310700827,    0.001010203023,                 0,     0.07707350165,    0.003126620633
          0,           0,         161,      -8.766523328,      -7.523241394,      -8.505425345,      -8.122125726,      -12.99028236,     0.01574983121,     0.01302274157,   0.0009840081523,                 0,                 0,                 0,   0.0001894283601,     0.01302274157,   0.0009840081523,                 0,     0.07556075246,    0.003126620633
          0,           0,         162,      -8.773440887,      -7.533522853,      -8.518717354,      -8.130918344,         -12.99902,     0.01574983121,     0.01293983132,   0.0009580309146,                 0,                 0,                 0,   0.0001829049901,     0.01293983132,   0.0009580309146,                 0,     0.07403735727,    0.003126620633
          0,           0,         163,       -8.78022139,      -7.543534678,      -8.531560712,      -8.139502075,      -13.00727086,     0.01574983121,     0.01285824973,    0.000932336495,                 0,                 0,                 0,   0.0001765927092,     0.01285824973,    0.000932336495,                 0,     0.07250881844,    0.003126620633
          0,           0,         164,       -8.78686843,      -7.553280184,      -8.543962634,      -8.147881085,      -13.01501269,     0.01574983121,     0.01277796979,   0.0009069870169,                 0,                 0,                 0,   0.0001705059376,     0.01277796979,   0.0009069870169,                 0,     0.07098052601,    0.003126620633
          0,           0,         165,      -8.793385563,      -7.562763423,      -8.555932702,      -8.156059858,      -13.02222482,     0.01574983121,     0.01269896603,   0.0008820413539,                 0,                 0,                 0,   0.0001646572583,     0.01269896603,   0.0008820413539,                 0,     0.06945773002,    0.003126620633
          0,           0,         166,      -8.799776504,      -7.571989128,      -8.567482709,      -8.164043294,      -13.02889592,     0.01574983121,     0.01262121169,   0.0008575540533,                 0,                 0,                 0,   0.0001590568348,     0.01262121169,   0.0008575540533,                 0,     0.06794546153,    0.003126620633
          0,           0,         167,      -8.806044968,      -7.580962645,      -8.578626316,      -8.171836523,      -13.03501651,     0.01574983121,     0.01254468281,   0.0008335761705,                 0,                 0,                 0,   0.0001537132182,     0.01254468281,   0.0008335761705,                 0,     0.06644856495,    0.003126620633
          0,           0,         168,      -8.812194668,      -7.589689864,      -8.589378603,      -8.179444894,       -13.0405907,     0.01574983121,     0.01246935565,   0.0008101541179,                 0,                 0,                 0,   0.0001486326482,     0.01246935565,   0.0008101541179,                 0,     0.06497161044,    0.003126620633
          0,           0,         169,      -8.818229226,      -7.598177135,      -8.599755618,      -8.186873901,      -13.04562094,     0.01574983121,     0.01239520627,   0.0007873295151,                 0,                 0,                 0,   0.0001438190893,     0.01239520627,   0.0007873295151,                 0,     0.06351887159,    0.003126620633
          0,           0,         170,       -8.82415221,      -7.606431201,       -8.60977386,      -8.194129157,      -13.05012019,     0.01574983121,     0.01232221214,   0.0007651391929,                 0,                 0,                 0,   0.0001392743837,     0.01232221214,   0.0007651391929,                 0,     0.06209430449,    0.003126620633
          0,           0,         171,      -8.829967088,      -7.614459105,      -8.619449842,      -8.201216288,      -13.05409701,     0.01574983121,     0.01225035177,   0.0007436147978,                 0,                 0,                 0,   0.0001349981479,     0.01225035177,   0.0007436147978,                 0,     0.06070150568,    0.003126620633
          0,           0,         172,      -8.835677344,      -7.622268126,      -8.628799542,      -8.208141056,      -13.05757143,     0.01574983121,     0.01217960317,   0.0007227833166,                 0,                 0,                 0,   0.0001309883362,     0.01217960317,   0.0007227833166,                 0,     0.05934374924,    0.003126620633
          0,           0,         173,      -8.841286244,      -7.629865703,       -8.63783798,      -8.214909143,       -13.0605644,     0.01574983121,     0.01210994588,   0.0007026659274,                 0,                 0,                 0,   0.0001272404831,     0.01210994588,   0.0007026659274,                 0,     0.05802387016,    0.003126620633
          0,           0,         174,      -8.846796963,      -7.637259366,      -8.646578984,      -8.221526196,      -13.06310113,     0.01574983121,     0.01204135965,   0.0006832788292,                 0,                 0,                 0,   0.0001237484078,     0.01204135965,   0.0006832788292,                 0,     0.05674432529,    0.003126620633
          0,           0,         175,      -8.852212626,      -7.644456671,      -8.655034978,      -8.227997862,      -13.06520884,     0.01574983121,     0.01197382477,   0.0006646330254,                 0,                 0,                 0,   0.0001205041445,     0.01197382477,   0.0006646330254,                 0,     0.05550716149,    0.003126620633
          0,           0,         176,      -8.857536337,      -7.651465152,      -8.663216957,       -8.23432977,      -13.06691686,     0.01574983121,     0.01190732216,   0.0006467344043,                 0,                 0,                 0,   0.0001174980986,     0.01190732216,   0.0006467344043,                 0,     0.05431400912,    0.003126620633
          0,           0,         177,      -8.862771097,      -7.658292253,      -8.671134428,      -8.240527445,      -13.06825235,     0.01574983121,     0.01184183337,   0.0006295841319,                 0,                 0,                 0,   0.0001147194126,     0.01184183337,   0.0006295841319,                 0,     0.05316610294,    0.003126620633
          0,           0,         178,      -8.867919972,      -7.664945303,       -8.67879555,      -8.246596416,      -13.06922905,     0.01574983121,     0.01177733998,   0.0006131781244,                 0,                 0,                 0,   0.0001121555927,     0.01177733998,   0.0006131781244,                 0,      0.0520642289,    0.003126620633
          0,           0,         179,      -8.872986166,      -7.671431466,      -8.686207367,      -8.252542246,      -13.06986709,     0.01574983121,     0.01171382448,    0.000597508159,                 0,                 0,                 0,   0.0001097933316,     0.01171382448,    0.000597508159,                 0,     0.05100880247,    0.003126620633
          0,           0,         180,      -8.877973011,      -7.677757728,      -8.693376067,      -8.258370512,      -13.07018649,     0.01574983121,     0.01165126983,   0.0005825616861,                 0,                 0,                 0,   0.0001076183803,     0.01165126983,   0.0005825616861,                 0,     0.04999984503,    0.003126620633
          0,           0,         181,      -8.882884109,      -7.683930868,      -8.700307285,      -8.264086922,      -13.07021725,     0.01574983121,     0.01158965945,   0.0005683220782,                 0,                 0,                 0,   0.0001056157152,     0.01158965945,   0.0005683220782,                 0,     0.04903699548,    0.003126620633
          0,           0,         182,      -8.887723378,      -7.689957446,      -8.707006332,      -8.269697254,      -13.06998214,     0.01574983121,     0.01152897709,   0.0005547690298,                 0,                 0,                 0,   0.0001037697769,     0.01152897709,   0.0005547690298,                 0,     0.04811953616,    0.003454861473
          0,           0,         183,      -8.892495092,      -7.695843799,      -8.713478412,       -8.27520742,      -13.06950527,     0.01574983121,     0.01146920693,    0.000541878869,                 0,                 0,                 0,   0.0001020646431,     0.01146920693,    0.000541878869,                 0,      0.0472464114,    0.003454861473
          0,           0,         184,      -8.897203845,      -7.701596042,      -8.719728892,      -8.280623454,      -13.06880524,     0.01574983121,     0.01141033366,   0.0005296248451,                 0,                 0,                 0,    0.000100484182,     0.01141033366,   0.0005296248451,                 0,      0.0464162452,    0.003454861473
          0,           0,         185,      -8.901854514,      -7.707220065,      -8.725763547,      -8.285951486,      -13.06790462,     0.01574983121,     0.01135234239,   0.0005179776566,                 0,                 0,                 0,   9.901233547e-05,     0.01135234239,   0.0005179776566,                 0,     0.04562738146,    0.003454861473
          0,           0,         186,      -8.906452377,      -7.712721536,      -8.731588545,       -8.29119781,      -13.06682485,     0.01574983121,      0.0112952185,   0.0005069057519,                 0,                 0,                 0,   9.763321576e-05,      0.0112952185,   0.0005069057519,                 0,      0.0448779058,    0.003454861473
          0,           0,         187,       -8.91100302,      -7.718105917,      -8.737210591,      -8.296368812,      -13.06558116,     0.01574983121,     0.01123894836,   0.0004963759289,                 0,                 0,                 0,   9.633140018e-05,     0.01123894836,   0.0004963759289,                 0,     0.04416569174,    0.003454861473
          0,           0,         188,      -8.915512214,      -7.723378465,      -8.742636801,      -8.301470913,      -13.06418752,     0.01574983121,     0.01118351732,   0.0004863530728,                 0,                 0,                 0,   9.509159717e-05,     0.01118351732,   0.0004863530728,                 0,     0.04348838198,    0.003454861473
          0,           0,         189,      -8.919985618,      -7.728544242,      -8.747874645,      -8.306510363,      -13.06266291,     0.01574983121,     0.01112891221,   0.0004768013262,                 0,                 0,                 0,   9.389939628e-05,     0.01112891221,   0.0004768013262,                 0,     0.04284347989,    0.003454861473
          0,           0,         190,      -8.924428921,      -7.733608119,      -8.752931954,      -8.311493335,      -13.06101765,     0.01574983121,     0.01107512004,   0.0004676839042,                 0,                 0,                 0,   9.274098284e-05,     0.01107512004,   0.0004676839042,                 0,     0.04222833726,    0.003454861473
          0,           0,         191,       -8.92884764,      -7.738574788,      -8.757816642,      -8.316425779,      -13.05926767,     0.01574983121,      0.0110221281,   0.0004589636666,                 0,                 0,                 0,   9.160337951e-05,      0.0110221281,   0.0004589636666,                 0,     0.04164020437,    0.003454861473
          0,           0,         192,      -8.933246971,      -7.743448756,      -8.762536766,      -8.321313341,      -13.05742323,     0.01574983121,     0.01096992402,   0.0004506034879,                 0,                 0,                 0,   9.047451391e-05,     0.01096992402,   0.0004506034879,                 0,     0.04107626334,    0.003454861473
          0,           0,         193,      -8.937631661,      -7.748234349,      -8.767100216,      -8.326161274,      -13.05549275,     0.01574983121,     0.01091849565,   0.0004425666084,                 0,                 0,                 0,   8.934329484e-05,     0.01091849565,   0.0004425666084,                 0,     0.04053366164,    0.003454861473
          0,           0,         194,      -8.942005963,      -7.752935713,      -8.771514571,      -8.330974406,      -13.05348927,     0.01574983121,     0.01086783144,   0.0004348167673,                 0,                 0,                 0,   8.819955468e-05,     0.01086783144,   0.0004348167673,                 0,     0.04000952442,    0.003454861473
          0,           0,         195,      -8.946373515,      -7.757556808,      -8.775787248,      -8.335757066,      -13.05141757,     0.01574983121,     0.01081791934,   0.0004273188949,                 0,                 0,                 0,    8.70344143e-05,     0.01081791934,   0.0004273188949,                 0,     0.03950102433,    0.003454861473
          0,           0,         196,      -8.950737354,      -7.762101401,       -8.77992511,      -8.340513077,      -13.04928765,     0.01574983121,     0.01076874842,    0.000420038655,                 0,                 0,                 0,    8.58397766e-05,     0.01076874842,    0.000420038655,                 0,     0.03900533643,    0.003454861473
          0,           0,         197,       -8.95510007,      -7.766573074,      -8.783934608,      -8.345245905,      -13.04710589,     0.01574983121,     0.01072030774,   0.0004129433235,                 0,                 0,                 0,   8.460879125e-05,     0.01072030774,   0.0004129433235,                 0,     0.03851972664,    0.003454861473
          0,           0,         198,      -8.959463515,      -7.770975204,      -8.787821742,      -8.349958402,      -13.04487834,     0.01574983121,     0.01067258657,   0.0004060018892,                 0,                 0,                 0,   8.333574619e-05,     0.01067258657,   0.0004060018892,                 0,     0.03804156437,    0.003454861473
          0,           0,         199,      -8.963828929,       -7.77531096,      -8.791592185,      -8.354652913,      -13.04261378,     0.01574983121,     0.01062557456,   0.0003991851747,                 0,                 0,                 0,   8.201600665e-05,     0.01062557456,   0.0003991851747,                 0,     0.03756833784,    0.003454861473
          0,           0,         200,      -8.968197015,      -7.779583303,       -8.79525103,      -8.359331325,      -13.04031281,     0.01574983121,     0.01057926166,   0.0003924660836,                 0,                 0,                 0,   8.064607359e-05,     0.01057926166,   0.0003924660836,                 0,     0.03709768187,    0.003454861473
          0,           0,         201,       -8.97256791,      -7.783794987,      -8.798803084,      -8.363995055,      -13.03798275,     0.01574983121,     0.01053363762,   0.0003858195219,                 0,                 0,                 0,   7.922339146e-05,     0.01053363762,   0.0003858195219,                 0,     0.03662737754,    0.003454861473
          0,           0,         202,       -8.97694125,      -7.787948541,      -8.802252899,      -8.368645068,       -13.0356278,     0.01574983121,      0.0104886927,   0.0003792226186,                 0,                 0,                 0,   7.774639323e-05,      0.0104886927,   0.0003792226186,                 0,     0.03615537509,    0.003454861473
          0,           0,         203,      -8.981316388,       -7.79204629,       -8.80560486,      -8.373282072,      -13.03325073,     0.01574983121,     0.01044441752,   0.0003726549258,                 0,                 0,                 0,   7.621454622e-05,     0.01044441752,   0.0003726549258,                 0,     0.03567981892,    0.003454861473
          0,           0,         204,      -8.985692227,      -7.796090344,      -8.808863117,      -8.377906341,      -13.03085475,     0.01574983121,     0.01040080285,   0.0003660983828,                 0,                 0,                 0,   7.462823324e-05,     0.01040080285,   0.0003660983828,                 0,     0.03519905032,    0.003454861473
          0,           0,         205,      -8.990067416,      -7.800082608,      -8.812031734,      -8.382517885,      -13.02844198,     0.01574983121,     0.01035783963,    0.000359537411,                 0,                 0,                 0,   7.298870596e-05,     0.01035783963,    0.000359537411,                 0,     0.03471162173,    0.003454861473
          0,           0,         206,      -8.994440444,      -7.804024787,       -8.81511472,      -8.387116509,      -13.02601652,     0.01574983121,     0.01031551896,   0.0003529589087,                 0,                 0,                 0,   7.129801388e-05,     0.01031551896,   0.0003529589087,                 0,     0.03421630167,    0.003454861473
          0,           0,         207,      -8.998809738,        -7.8079184,      -8.818116087,      -8.391701901,      -13.02358166,     0.01574983121,     0.01027383217,   0.0003463522066,                 0,                 0,                 0,   6.955892517e-05,     0.01027383217,   0.0003463522066,                 0,     0.03371207557,    0.003454861473
          0,           0,         208,      -9.003173674,       -7.81176479,      -8.821039807,      -8.396273605,      -13.02113487,     0.01574983121,     0.01023277077,   0.0003397090588,                 0,                 0,                 0,   6.777489289e-05,     0.01023277077,   0.0003397090588,                 0,     0.03319814999,    0.003454861473
          0,           0,         209,      -9.007530556,      -7.815565136,      -8.823889842,       -8.40083103,      -13.01868343,     0.01574983121,     0.01019232645,   0.0003330234895,                 0,                 0,                 0,   6.594991861e-05,     0.01019232645,   0.0003330234895,                 0,     0.03267394262,    0.003454861473
          0,           0,         210,      -9.011878769,      -7.819320466,      -8.826670197,      -8.405373564,      -13.01622353,     0.01574983121,     0.01015249104,   0.0003262918175,                 0,                 0,                 0,    6.40885443e-05,     0.01015249104,   0.0003262918175,                 0,     0.03213908942,    0.003454861473
          0,           0,         211,      -9.016216675,      -7.823031675,      -8.829384837,      -8.409900513,      -13.01376062,     0.01574983121,     0.01011325661,   0.0003195125586,                 0,                 0,                 0,   6.219575638e-05,     0.01011325661,   0.0003195125586,                 0,     0.03159343929,    0.003454861473
          0,           0,         212,       -9.02054269,      -7.826699533,      -8.832037764,       -8.41441111,      -13.01129416,     0.01574983121,     0.01007461545,   0.0003126864794,                 0,                 0,                 0,   6.027703928e-05,     0.01007461545,   0.0003126864794,                 0,     0.03103706351,    0.003454861473
          0,           0,         213,      -9.024855255,      -7.830324707,      -8.834632797,      -8.418904553,      -13.00882503,     0.01574983121,     0.01003655966,   0.0003058160472,                 0,                 0,                 0,   5.833798215e-05,     0.01003655966,   0.0003058160472,                 0,     0.03047020668,    0.003454861473
          0,           0,         214,      -9.029152807,      -7.833907772,       -8.83717376,      -8.423379983,      -13.00635427,     0.01574983121,    0.009999081788,   0.0002989057427,                 0,                 0,                 0,   5.638455921e-05,    0.009999081788,   0.0002989057427,                 0,     0.02989331912,    0.003454861473
          0,           0,         215,      -9.033433831,      -7.837449229,      -8.839664285,      -8.427836514,      -13.00387883,     0.01574983121,    0.009962174517,   0.0002919616499,                 0,                 0,                 0,   5.442286996e-05,    0.009962174517,   0.0002919616499,                 0,     0.02930702021,    0.003454861473
          0,           0,         216,      -9.037696752,      -7.840949511,      -8.842107851,      -8.432273177,      -13.00140668,     0.01574983121,    0.009925830633,   0.0002849914098,                 0,                 0,                 0,   5.245914365e-05,    0.009925830633,   0.0002849914098,                 0,     0.02871209678,    0.003454861473
          0,           0,         217,      -9.041939935,      -7.844408994,      -8.844507767,      -8.436688904,      -12.99893317,     0.01574983121,    0.009890043017,   0.0002780040942,                 0,                 0,                 0,   5.049967917e-05,    0.009890043017,   0.0002780040942,                 0,     0.02810949292,    0.003454861473
          0,           0,         218,      -9.046161749,      -7.847828007,      -8.846867167,      -8.441082606,      -12.99645825,     0.01574983121,    0.009854804691,   0.0002710100372,                 0,                 0,                 0,   4.855077574e-05,    0.009854804691,   0.0002710100372,                 0,      0.0275002951,    0.003454861473
          0,           0,         219,      -9.050360508,      -7.851206845,      -8.849188974,      -8.445453124,      -12.99398392,     0.01574983121,    0.009820108817,   0.0002640206603,                 0,                 0,                 0,   4.661867899e-05,    0.009820108817,   0.0002640206603,                 0,     0.02688571636,    0.003454861473
          0,           0,         220,      -9.054534398,      -7.854545767,      -8.851475963,      -8.449799178,      -12.99151047,     0.01574983121,    0.009785948713,   0.0002570482471,                 0,                 0,                 0,    4.47094949e-05,    0.009785948713,   0.0002570482471,                 0,     0.02626707483,    0.003454861473
          0,           0,         221,      -9.058681535,      -7.857844998,       -8.85373068,      -8.454119414,      -12.98903638,     0.01574983121,    0.009752317633,   0.0002501058709,                 0,                 0,                 0,   4.282921322e-05,    0.009752317633,   0.0002501058709,                 0,     0.02564578804,    0.003454861473
          0,           0,         222,      -9.062799963,      -7.861104749,      -8.855955408,      -8.458412422,      -12.98656262,     0.01574983121,    0.009719209317,    0.000243207298,                 0,                 0,                 0,   4.098369808e-05,    0.009719209317,    0.000243207298,                 0,      0.0250233625,    0.003783102315
          0,           0,         223,      -9.066887731,      -7.864325208,      -8.858152245,      -8.462676803,      -12.98408733,     0.01574983121,    0.009686617004,   0.0002363666548,                 0,                 0,                 0,   3.917850021e-05,    0.009686617004,   0.0002363666548,                 0,     0.02440136269,    0.003783102315
          0,           0,         224,      -9.070942836,      -7.867506552,      -8.860323181,      -8.466911117,      -12.98161238,     0.01574983121,    0.009654534409,   0.0002295984683,                 0,                 0,                 0,   3.741897164e-05,    0.009654534409,   0.0002295984683,                 0,     0.02378141281,    0.003783102315
          0,           0,         225,      -9.074963089,      -7.870648937,      -8.862470064,       -8.47111377,      -12.97913702,     0.01574983121,    0.009622955419,   0.0002229173996,                 0,                 0,                 0,   3.571014584e-05,    0.009622955419,   0.0002229173996,                 0,     0.02316517015,    0.003783102315
          0,           0,         226,       -9.07894629,        -7.8737525,      -8.864594552,      -8.475283158,       -12.9766605,     0.01574983121,    0.009591873918,   0.0002163381243,                 0,                 0,                 0,   3.405675586e-05,    0.009591873918,   0.0002163381243,                 0,     0.02255431276,    0.003783102315
          0,           0,         227,      -9.082890315,      -7.876817368,      -8.866698151,      -8.479417737,      -12.97418222,     0.01574983121,    0.009561283861,   0.0002098752101,                 0,                 0,                 0,   3.246319762e-05,    0.009561283861,   0.0002098752101,                 0,     0.02195052602,    0.003783102315
          0,           0,         228,      -9.086793012,      -7.879843646,      -8.868782327,      -8.483515937,      -12.97170375,     0.01574983121,    0.009531179264,   0.0002035429824,                 0,                 0,                 0,   3.093349705e-05,    0.009531179264,   0.0002035429824,                 0,     0.02135548779,    0.003783102315
          0,           0,         229,      -9.090652342,      -7.882831428,      -8.870848422,      -8.487576264,      -12.96922322,     0.01574983121,    0.009501554242,   0.0001973554629,                 0,                 0,                 0,   2.947132761e-05,    0.009501554242,   0.0001973554629,                 0,     0.02077086105,    0.003783102315
          0,           0,         230,      -9.094466302,      -7.885780794,      -8.872897727,      -8.491597255,      -12.96674003,     0.01574983121,    0.009472402989,   0.0001913262327,                 0,                 0,                 0,   2.807998208e-05,    0.009472402989,   0.0001913262327,                 0,     0.02019827841,    0.003783102315
          0,           0,         231,      -9.098232988,      -7.888691812,      -8.874931425,      -8.495577507,      -12.96425512,     0.01574983121,    0.009443719771,   0.0001854683033,                 0,                 0,                 0,   2.676235611e-05,    0.009443719771,   0.0001854683033,                 0,     0.01963932728,    0.003783102315
          0,           0,         232,      -9.101950679,       -7.89156454,      -8.876950636,      -8.499515761,      -12.96176812,     0.01574983121,    0.009415498934,   0.0001797940145,                 0,                 0,                 0,   2.552093221e-05,    0.009415498934,   0.0001797940145,                 0,     0.01909553767,    0.003783102315
          0,           0,         233,      -9.105617789,      -7.894399028,      -8.878956464,      -8.503410843,      -12.95927964,     0.01574983121,    0.009387734871,   0.0001743149759,                 0,                 0,                 0,   2.435778957e-05,    0.009387734871,   0.0001743149759,                 0,     0.01856837441,    0.003783102315
          0,           0,         234,      -9.109232833,      -7.897195311,      -8.880949999,      -8.507261646,      -12.95678759,     0.01574983121,     0.00936042204,   0.0001690420734,                 0,                 0,                 0,   2.327465231e-05,     0.00936042204,   0.0001690420734,                 0,     0.01805923629,    0.003783102315
          0,           0,         235,      -9.112794538,      -7.899953419,      -8.882932174,      -8.511067196,      -12.95429208,     0.01574983121,    0.009333555111,   0.0001639852717,                 0,                 0,                 0,   2.227278649e-05,    0.009333555111,   0.0001639852717,                 0,     0.01756943305,    0.003783102315
          0,           0,         236,      -9.116301907,       -7.90267338,      -8.884903992,      -8.514826723,      -12.95179396,     0.01574983121,    0.009307128373,   0.0001591538512,                 0,                 0,                 0,   2.135321939e-05,    0.009307128373,   0.0001591538512,                 0,     0.01710021017,    0.003783102315
          0,           0,         237,      -9.119754069,      -7.905355216,      -8.886866391,      -8.518539532,       -12.9492922,     0.01574983121,     0.00928113663,   0.0001545558757,                 0,                 0,                 0,    2.05164013e-05,     0.00928113663,   0.0001545558757,                 0,     0.01665268833,    0.003783102315
          0,           0,         238,      -9.123150324,      -7.907998955,      -8.888820252,       -8.52220506,      -12.94678686,     0.01574983121,    0.009255574587,    0.000150198508,                 0,                 0,                 0,   1.976248196e-05,    0.009255574587,    0.000150198508,                 0,     0.01622789667,    0.003783102315
          0,           0,         239,      -9.126490196,      -7.910604628,      -8.890766465,      -8.525822898,      -12.94427737,     0.01574983121,    0.009230436977,   0.0001460879404,                 0,                 0,                 0,   1.909127543e-05,    0.009230436977,   0.0001460879404,                 0,     0.01582676321,    0.003783102315
          0,           0,         240,       -9.12977342,      -7.913172268,      -8.892705903,      -8.529392788,      -12.94176457,     0.01574983121,    0.009205718606,    0.000142229329,                 0,                 0,                 0,   1.850222666e-05,    0.009205718606,    0.000142229329,                 0,     0.01545010608,    0.003783102315
          0,           0,         241,      -9.132999925,       -7.91570192,      -8.894639423,      -8.532914608,      -12.93924771,     0.01574983121,    0.009181414309,   0.0001386268191,                 0,                 0,                 0,   1.799445259e-05,    0.009181414309,   0.0001386268191,                 0,     0.01509863453,    0.003783102315
          0,           0,         242,      -9.136169818,      -7.918193638,      -8.896567848,      -8.536388359,      -12.93672732,     0.01574983121,    0.009157518972,   0.0001352835219,                 0,                 0,                 0,   1.756675626e-05,    0.009157518972,   0.0001352835219,                 0,     0.01477294475,    0.003783102315
          0,           0,         243,      -9.139283436,       -7.92064749,      -8.898491999,      -8.539814214,      -12.93420264,     0.01574983121,     0.00913402754,   0.0001322015158,                 0,                 0,                 0,   1.721763659e-05,     0.00913402754,   0.0001322015158,                 0,     0.01447351841,    0.003783102315
          0,           0,         244,      -9.142341375,      -7.923063563,      -8.900412741,      -8.543192544,      -12.93167462,     0.01574983121,    0.009110934999,   0.0001293818726,                 0,                 0,                 0,    1.69453168e-05,    0.009110934999,   0.0001293818726,                 0,     0.01420072393,    0.003783102315
          0,           0,         245,      -9.145344266,      -7.925441956,      -8.902330889,      -8.546523745,      -12.92914277,     0.01574983121,     0.00908823637,   0.0001268246917,                 0,                 0,                 0,   1.674777458e-05,     0.00908823637,   0.0001268246917,                 0,      0.0139548188,    0.003783102315
          0,           0,         246,      -9.148292945,      -7.927782795,      -8.904247216,      -8.549808395,      -12.92660549,     0.01574983121,    0.009065926708,   0.0001245291221,                 0,                 0,                 0,    1.66227446e-05,    0.009065926708,   0.0001245291221,                 0,     0.01373595068,    0.003783102315
          0,           0,         247,      -9.151188411,      -7.930086221,       -8.90616251,      -8.553047191,      -12.92406362,     0.01574983121,     0.00904400113,   0.0001224933914,                 0,                 0,                 0,   1.656775602e-05,     0.00904400113,   0.0001224933914,                 0,     0.01354415923,    0.003783102315
          0,           0,         248,      -9.154031751,      -7.932352401,      -8.908077606,      -8.556240908,      -12.92151892,     0.01574983121,    0.009022454786,    0.000120714829,                 0,                 0,                 0,    1.65801414e-05,    0.009022454786,    0.000120714829,                 0,     0.01337937755,    0.003783102315
          0,           0,         249,      -9.156824164,      -7.934581526,      -8.909993305,      -8.559390408,      -12.91896973,     0.01574983121,    0.009001282858,   0.0001191899162,                 0,                 0,                 0,   1.665706443e-05,    0.009001282858,   0.0001191899162,                 0,     0.01324143659,    0.003783102315
          0,           0,         250,      -9.159566978,      -7.936773814,      -8.911910459,      -8.562496663,      -12.91641633,     0.01574983121,     0.00898048057,   0.0001179143394,                 0,                 0,                 0,   1.679553961e-05,     0.00898048057,   0.0001179143394,                 0,      0.0131300701,    0.003783102315
          0,           0,         251,      -9.162261639,      -7.938929505,       -8.91382989,      -8.565560759,      -12.91385864,     0.01574983121,    0.008960043188,   0.0001168830392,                 0,                 0,                 0,   1.699246467e-05,    0.008960043188,   0.0001168830392,                 0,     0.01304491917,    0.003783102315
          0,           0,         252,      -9.164909703,      -7.941048869,      -8.915752463,       -8.56858388,      -12.91129743,     0.01574983121,    0.008939966013,   0.0001160902536,                 0,                 0,                 0,   1.724463456e-05,    0.008939966013,   0.0001160902536,                 0,     0.01298553635,    0.003783102315
          0,           0,         253,      -9.167512711,      -7.943132198,       -8.91767903,      -8.571567205,      -12.90873189,     0.01574983121,    0.008920244382,   0.0001155295709,                 0,                 0,                 0,   1.754876052e-05,    0.008920244382,   0.0001155295709,                 0,     0.01295139079,    0.003783102315
          0,           0,         254,      -9.170072208,      -7.945179812,      -8.919610452,      -8.574511932,      -12.90616349,     0.01574983121,    0.008900873671,   0.0001151939749,                 0,                 0,                 0,   1.790148635e-05,    0.008900873671,   0.0001151939749,                 0,      0.0129418728,    0.003783102315
          0,           0,         255,      -9.172589786,      -7.947192056,       -8.92154753,      -8.577419306,      -12.90359077,     0.01574983121,    0.008881849294,   0.0001150759055,                 0,                 0,                 0,   1.829941462e-05,    0.008881849294,   0.0001150759055,                 0,     0.01295630017,    0.003783102315
          0,           0,         256,      -9.175067142,      -7.949169297,      -8.923491114,      -8.580290682,      -12.90101472,     0.01574983121,    0.008863166698,   0.0001151673264,                 0,                 0,                 0,   1.873913281e-05,    0.008863166698,   0.0001151673264,                 0,     0.01299392534,    0.003783102315
          0,           0,         257,      -9.177506018,      -7.951111928,      -8.925442047,      -8.583127455,      -12.89843536,     0.01574983121,    0.008844821376,    0.000115459755,                 0,                 0,                 0,   1.921721129e-05,    0.008844821376,    0.000115459755,                 0,     0.01305393858,    0.003783102315
          0,           0,         258,      -9.179907887,      -7.953020361,      -8.927401173,       -8.58593083,      -12.89585222,     0.01574983121,    0.008826808844,   0.0001159443043,                 0,                 0,                 0,   1.973021456e-05,    0.008826808844,   0.0001159443043,                 0,     0.01313547244,    0.003783102315
          0,           0,         259,      -9.182274217,      -7.954895032,       -8.92936926,      -8.588701998,      -12.89326587,     0.01574983121,    0.008809124651,   0.0001166117715,                 0,                 0,                 0,   2.027474443e-05,    0.008809124651,   0.0001166117715,                 0,     0.01323761169,    0.003783102315
          0,           0,         260,      -9.184606552,      -7.956736395,       -8.93134706,      -8.591442226,       -12.8906753,     0.01574983121,     0.00879176439,    0.000117452667,                 0,                 0,                 0,   2.084743597e-05,     0.00879176439,    0.000117452667,                 0,     0.01335939657,    0.003783102315
          0,           0,         261,      -9.186906332,      -7.958544923,      -8.933335286,      -8.594152711,      -12.88808175,     0.01574983121,    0.008774723697,     0.00011845726,                 0,                 0,                 0,   2.144496191e-05,    0.008774723697,     0.00011845726,                 0,     0.01349982793,    0.003783102315
          0,           0,         262,       -9.18917494,      -7.960321104,      -8.935334634,      -8.596834607,      -12.88548503,     0.01574983121,    0.008757998238,   0.0001196156266,                 0,                 0,                 0,   2.206405173e-05,    0.008757998238,   0.0001196156266,                 0,     0.01365787288,    0.003783102315
          0,           0,         263,      -9.191413596,       -7.96206544,       -8.93734578,       -8.59948894,      -12.88288546,     0.01574983121,    0.008741583709,   0.0001209176939,                 0,                 0,                 0,   2.270150813e-05,    0.008741583709,   0.0001209176939,                 0,     0.01383246995,    0.003783102315
          0,           0,         264,      -9.193623508,      -7.963778447,       -8.93936927,      -8.602116735,      -12.88028302,     0.01574983121,    0.008725475848,    0.000122353299,                 0,                 0,                 0,   2.335421122e-05,    0.008725475848,    0.000122353299,                 0,     0.01402253598,    0.003783102315
          0,           0,         265,      -9.195805793,       -7.96546065,       -8.94140563,      -8.604718939,      -12.87767688,     0.01574983121,    0.008709670426,   0.0001239122376,                 0,                 0,                 0,   2.401913672e-05,    0.008709670426,   0.0001239122376,                 0,     0.01422697203,    0.003783102315
          0,           0,         266,      -9.197961379,      -7.967112585,      -8.943455329,      -8.607296344,      -12.87506918,     0.01574983121,    0.008694163255,   0.0001255842986,                 0,                 0,                 0,   2.469336276e-05,    0.008694163255,   0.0001255842986,                 0,     0.01444466764,    0.003783102315
          0,           0,         267,      -9.200091089,      -7.968734793,      -8.945518769,      -8.609849666,      -12.87245817,     0.01574983121,    0.008678950187,   0.0001273593119,                 0,                 0,                 0,   2.537407185e-05,    0.008678950187,   0.0001273593119,                 0,     0.01467450661,    0.003783102315
          0,           0,         268,      -9.202195638,      -7.970327821,      -8.947596268,      -8.612379519,      -12.86984469,     0.01574983121,    0.008664027111,   0.0001292271806,                 0,                 0,                 0,     2.6058562e-05,    0.008664027111,   0.0001292271806,                 0,     0.01491537122,    0.003783102315
          0,           0,         269,      -9.204275602,      -7.971892216,      -8.949688113,      -8.614886409,      -12.86722895,     0.01574983121,    0.008649389975,   0.0001311779359,                 0,                 0,                 0,   2.674426327e-05,    0.008649389975,   0.0001311779359,                 0,     0.01516614886,    0.003783102315
          0,           0,         270,      -9.206331402,      -7.973428532,      -8.951794479,      -8.617370709,      -12.86460985,     0.01574983121,     0.00863503486,   0.0001332018263,                 0,                 0,                 0,    2.74287854e-05,     0.00863503486,   0.0001332018263,                 0,     0.01542574274,    0.003783102315
          0,           0,         271,      -9.208363186,      -7.974937316,      -8.953915463,      -8.619832551,      -12.86198886,     0.01574983121,    0.008620957516,   0.0001352891711,                 0,                 0,                 0,   2.810977331e-05,    0.008620957516,   0.0001352891711,                 0,     0.01569305623,    0.003783102315
          0,           0,         272,      -9.210371419,      -7.976419121,      -8.956051141,      -8.622272332,      -12.85936566,     0.01574983121,    0.008607153982,   0.0001374304892,                 0,                 0,                 0,   2.878499332e-05,    0.008607153982,   0.0001374304892,                 0,     0.01596700715,    0.003783102315
          0,           0,         273,      -9.212356129,      -7.977874487,        -8.9582015,      -8.624690073,      -12.85674046,     0.01574983121,    0.008593620441,   0.0001396165887,                 0,                 0,                 0,   2.945240628e-05,    0.008593620441,   0.0001396165887,                 0,     0.01624653889,    0.003783102315
          0,           0,         274,      -9.214317229,      -7.979303952,      -8.960366388,      -8.627085693,      -12.85411304,     0.01574983121,    0.008580353021,   0.0001418385384,                 0,                 0,                 0,    3.01101093e-05,    0.008580353021,   0.0001418385384,                 0,     0.01653061803,    0.003783102315
          0,           0,         275,      -9.216254524,      -7.980708048,      -8.962545625,      -8.629459009,      -12.85148281,     0.01574983121,    0.008567347865,   0.0001440876917,                 0,                 0,                 0,   3.075633415e-05,    0.008567347865,   0.0001440876917,                 0,     0.01681823757,    0.003783102315
          0,           0,         276,      -9.218167735,      -7.982087299,      -8.964738944,      -8.631809766,      -12.84885074,     0.01574983121,    0.008554601154,   0.0001463557065,                 0,                 0,                 0,   3.138943857e-05,    0.008554601154,   0.0001463557065,                 0,     0.01710841965,    0.003783102315
          0,           0,         277,      -9.220056469,      -7.983442221,      -8.966946023,      -8.634137591,      -12.84621658,     0.01574983121,    0.008542109107,   0.0001486345467,                 0,                 0,                 0,    3.20078944e-05,    0.008542109107,   0.0001486345467,                 0,     0.01740021636,    0.003783102315
          0,           0,         278,      -9.221920222,      -7.984773316,       -8.96916647,      -8.636442017,      -12.84357988,     0.01574983121,    0.008529867987,   0.0001509164764,                 0,                 0,                 0,   3.261029681e-05,    0.008529867987,   0.0001509164764,                 0,     0.01769270951,    0.003783102315
          0,           0,         279,      -9.223758422,      -7.986081082,       -8.97139982,      -8.638722505,      -12.84094003,     0.01574983121,    0.008517874113,   0.0001531940851,                 0,                 0,                 0,   3.319537739e-05,    0.008517874113,   0.0001531940851,                 0,     0.01798501399,    0.003783102315
          0,           0,         280,      -9.225570432,      -7.987366001,      -8.973645559,      -8.640978448,      -12.83829809,     0.01574983121,    0.008506123828,   0.0001554602967,                 0,                 0,                 0,   3.376197948e-05,    0.008506123828,   0.0001554602967,                 0,     0.01827627951,    0.003783102315
          0,           0,         281,      -9.227355526,      -7.988628541,      -8.975903099,      -8.643209151,      -12.83565453,     0.01574983121,     0.00849461352,   0.0001577083891,                 0,                 0,                 0,   3.430905904e-05,     0.00849461352,   0.0001577083891,                 0,     0.01856569328,    0.003783102315
          0,           0,         282,      -9.229112921,      -7.989869162,      -8.978171812,      -8.645413866,      -12.83300895,     0.01574983121,    0.008483339605,   0.0001599319818,                 0,                 0,                 0,   3.483567569e-05,    0.008483339605,   0.0001599319818,                 0,       0.018852479,    0.003783102315
          0,           0,         283,      -9.230841807,      -7.991088308,       -8.98045103,      -8.647591804,       -12.8303603,     0.01574983121,    0.008472298542,   0.0001621250221,                 0,                 0,                 0,   3.534098836e-05,    0.008472298542,   0.0001621250221,                 0,      0.0191358958,    0.003783102315
          0,           0,         284,      -9.232541274,       -7.99228641,      -8.982740048,      -8.649742075,      -12.82770912,     0.01574983121,    0.008461486835,   0.0001642818152,                 0,                 0,                 0,   3.582427269e-05,    0.008461486835,   0.0001642818152,                 0,     0.01941524208,    0.003783102315
          0,           0,         285,      -9.234210312,      -7.993463884,      -8.985038063,       -8.65186369,      -12.82505585,     0.01574983121,    0.008450901027,   0.0001663970109,                 0,                 0,                 0,   3.628490208e-05,    0.008450901027,   0.0001663970109,                 0,     0.01968985442,    0.003783102315
          0,           0,         286,      -9.235847931,      -7.994621134,      -8.987344235,      -8.653955676,      -12.82239979,     0.01574983121,     0.00844053771,    0.000168465597,                 0,                 0,                 0,   3.672232526e-05,     0.00844053771,    0.000168465597,                 0,      0.0199591072,    0.003783102315
          0,           0,         287,       -9.23745315,      -7.995758546,      -8.989657739,      -8.656017056,      -12.81974121,     0.01574983121,    0.008430393499,   0.0001704828966,                 0,                 0,                 0,   3.713607483e-05,    0.008430393499,   0.0001704828966,                 0,      0.0202224127,    0.003783102315
          0,           0,         288,      -9.239024977,      -7.996876496,      -8.991977702,      -8.658046828,      -12.81707976,     0.01574983121,    0.008420465049,   0.0001724445468,                 0,                 0,                 0,   3.752576086e-05,    0.008420465049,   0.0001724445468,                 0,     0.02047921888,    0.003783102315
          0,           0,         289,      -9.240562414,      -7.997975342,      -8.994303221,      -8.660043967,      -12.81441592,     0.01574983121,    0.008410749062,   0.0001743464877,                 0,                 0,                 0,   3.789105648e-05,    0.008410749062,   0.0001743464877,                 0,     0.02072900836,    0.003783102315
          0,           0,         290,      -9.242064452,      -7.999055431,      -8.996633376,      -8.662007436,      -12.81174914,     0.01574983121,    0.008401242277,   0.0001761849582,                 0,                 0,                 0,   3.823169863e-05,    0.008401242277,   0.0001761849582,                 0,     0.02097129834,    0.003783102315
          0,           0,         291,      -9.243530101,      -8.000117095,      -8.998967205,      -8.663936201,      -12.80907992,     0.01574983121,    0.008391941472,   0.0001779564988,                 0,                 0,                 0,   3.854748655e-05,    0.008391941472,   0.0001779564988,                 0,     0.02120564107,    0.003783102315
          0,           0,         292,      -9.244958345,      -8.001160649,       -9.00130372,      -8.665829198,      -12.80640756,     0.01574983121,    0.008382843464,   0.0001796579166,                 0,                 0,                 0,   3.883826005e-05,    0.008382843464,   0.0001796579166,                 0,     0.02143162011,    0.003783102315
          0,           0,         293,      -9.246348239,      -8.002186398,      -9.003641945,      -8.667685419,       -12.8037321,     0.01574983121,     0.00837394512,   0.0001812862698,                 0,                 0,                 0,   3.910389516e-05,     0.00837394512,   0.0001812862698,                 0,     0.02164884856,    0.003783102315
          0,           0,         294,      -9.247698858,      -8.003194632,      -9.005980886,      -8.669503861,      -12.80105411,     0.01574983121,    0.008365243378,   0.0001828389168,                 0,                 0,                 0,   3.934435278e-05,    0.008365243378,   0.0001828389168,                 0,     0.02185697517,    0.003783102315
          0,           0,         295,      -9.249009302,      -8.004185627,      -9.008319532,      -8.671283531,      -12.79837241,     0.01574983121,    0.008356735081,    0.000184313355,                 0,                 0,                 0,   3.955954997e-05,    0.008356735081,    0.000184313355,                 0,     0.02205566566,    0.003783102315
          0,           0,         296,      -9.250278749,      -8.005159648,       -9.01065687,      -8.673023503,      -12.79568658,     0.01574983121,    0.008348417204,   0.0001857074062,                 0,                 0,                 0,    3.97495088e-05,    0.008348417204,   0.0001857074062,                 0,     0.02224462454,    0.003783102315
          0,           0,         297,      -9.251506483,      -8.006116946,       -9.01299186,      -8.674722936,      -12.79299733,     0.01574983121,    0.008340286771,   0.0001870191321,                 0,                 0,                 0,   3.991429443e-05,    0.008340286771,   0.0001870191321,                 0,     0.02242358534,    0.003783102315
          0,           0,         298,      -9.252691664,       -8.00705776,       -9.01532348,      -8.676380868,      -12.79030502,     0.01574983121,    0.008332340841,   0.0001882468214,                 0,                 0,                 0,   4.005401127e-05,    0.008332340841,   0.0001882468214,                 0,     0.02259230929,    0.003783102315
          0,           0,         299,      -9.253833514,      -8.007982314,      -9.017650693,       -8.67799639,       -12.7876089,     0.01574983121,     0.00832457651,   0.0001893890113,                 0,                 0,                 0,   4.016881689e-05,     0.00832457651,   0.0001893890113,                 0,      0.0227505881,    0.003783102315
          0,           0,         300,       -9.25493134,      -8.008890822,       -9.01997245,      -8.679568664,      -12.78490986,     0.01574983121,    0.008316990895,   0.0001904444917,                 0,                 0,                 0,   4.025892674e-05,    0.008316990895,   0.0001904444917,                 0,     0.02289824458,    0.003783102315
          0,           0,         301,      -9.255984518,      -8.009783487,      -9.022287737,      -8.681096907,      -12.78220685,     0.01574983121,    0.008309581158,   0.0001914123014,                 0,                 0,                 0,   4.032461109e-05,    0.008309581158,   0.0001914123014,                 0,     0.02303513231,    0.003783102315
          0,           0,         302,      -9.256992488,      -8.010660498,      -9.024595499,      -8.682580384,      -12.77949998,     0.01574983121,    0.008302344499,   0.0001922917239,                 0,                 0,                 0,   4.036619834e-05,    0.008302344499,   0.0001922917239,                 0,     0.02316113526,    0.003783102315
          0,           0,         303,      -9.257954774,      -8.011522036,      -9.026894708,       -8.68401844,      -12.77678912,     0.01574983121,    0.008295278158,   0.0001930822987,                 0,                 0,                 0,   4.038408303e-05,    0.008295278158,   0.0001930822987,                 0,     0.02327616929,    0.003783102315
          0,           0,         304,      -9.258870944,      -8.012368271,      -9.029184313,      -8.685410456,      -12.77407421,     0.01574983121,    0.008288379403,    0.000193783815,                 0,                 0,                 0,   4.037872043e-05,    0.008288379403,    0.000193783815,                 0,     0.02338018152,    0.003783102315
          0,           0,         305,      -9.259740618,      -8.013199361,      -9.031463284,      -8.686755853,      -12.77135551,     0.01574983121,    0.008281645542,   0.0001943963044,                 0,                 0,                 0,   4.035062132e-05,    0.008281645542,   0.0001943963044,                 0,     0.02347314956,    0.003783102315
          0,           0,         306,      -9.260563453,      -8.014015456,      -9.033730575,      -8.688054094,      -12.76863296,     0.01574983121,    0.008275073922,   0.0001949200404,                 0,                 0,                 0,   4.030035396e-05,    0.008275073922,   0.0001949200404,                 0,     0.02355508148,    0.003783102315
          0,           0,         307,      -9.261339164,      -8.014816697,      -9.035985151,      -8.689304684,      -12.76590614,     0.01574983121,    0.008268661925,   0.0001953555112,                 0,                 0,                 0,   4.022852693e-05,    0.008268661925,   0.0001953555112,                 0,     0.02362601265,    0.003783102315
          0,           0,         308,      -9.262067543,      -8.015603217,      -9.038225994,      -8.690507205,      -12.76317433,     0.01574983121,    0.008262406962,    0.000195703441,                 0,                 0,                 0,   4.013581076e-05,    0.008262406962,    0.000195703441,                 0,     0.02368600843,    0.003783102315
          0,           0,         309,      -9.262748451,       -8.01637514,      -9.040452092,      -8.691661297,      -12.76043882,     0.01574983121,    0.008256306484,   0.0001959647472,                 0,                 0,                 0,   4.002290874e-05,    0.008256306484,   0.0001959647472,                 0,       0.023735159,    0.003783102315
          0,           0,         310,      -9.263381808,      -8.017132582,      -9.042662431,      -8.692766665,      -12.75769856,     0.01574983121,    0.008250357981,   0.0001961405401,                 0,                 0,                 0,   3.989055976e-05,    0.008250357981,   0.0001961405401,                 0,     0.02377357935,    0.003783102315
          0,           0,         311,      -9.263967547,      -8.017875655,      -9.044855999,       -8.69382302,      -12.75495433,     0.01574983121,    0.008244558983,   0.0001962321116,                 0,                 0,                 0,   3.973952852e-05,    0.008244558983,   0.0001962321116,                 0,     0.02380140793,    0.003783102315
          0,           0,         312,      -9.264505712,      -8.018604459,      -9.047031804,      -8.694830186,      -12.75220556,     0.01574983121,    0.008238907046,   0.0001962409126,                 0,                 0,                 0,   3.957060006e-05,    0.008238907046,   0.0001962409126,                 0,     0.02381880406,    0.003783102315
          0,           0,         313,        -9.2649964,      -8.019319093,      -9.049188841,      -8.695788033,      -12.74945268,     0.01574983121,    0.008233399761,   0.0001961685504,                 0,                 0,                 0,    3.93845791e-05,    0.008233399761,   0.0001961685504,                 0,      0.0238259475,    0.003783102315
          0,           0,         314,      -9.265439734,      -8.020019648,      -9.051326127,      -8.696696471,      -12.74669479,     0.01574983121,    0.008228034748,   0.0001960167798,                 0,                 0,                 0,   3.918229699e-05,    0.008228034748,   0.0001960167798,                 0,     0.02382303743,    0.003783102315
          0,           0,         315,      -9.265835908,      -8.020706208,      -9.053442686,      -8.697555477,      -12.74393249,     0.01574983121,    0.008222809663,   0.0001957874909,                 0,                 0,                 0,   3.896459713e-05,    0.008222809663,   0.0001957874909,                 0,       0.023810291,    0.003783102315
          0,           0,         316,       -9.26618516,      -8.021378853,      -9.055537567,      -8.698365079,      -12.74116589,     0.01574983121,      0.0082177222,   0.0001954826906,                 0,                 0,                 0,   3.873232301e-05,      0.0082177222,   0.0001954826906,                 0,     0.02378794096,    0.003783102315
          0,           0,         317,      -9.266487741,       -8.02203766,      -9.057609816,      -8.699125318,      -12.73839469,     0.01574983121,    0.008212770088,   0.0001951044901,                 0,                 0,                 0,   3.848631864e-05,    0.008212770088,   0.0001951044901,                 0,     0.02375623426,    0.003783102315
          0,           0,         318,      -9.266743938,      -8.022682697,      -9.059658498,      -8.699836278,      -12.73561887,     0.01574983121,     0.00820795109,   0.0001946551001,                 0,                 0,                 0,   3.822743568e-05,     0.00820795109,   0.0001946551001,                 0,     0.02371543128,    0.003783102315
          0,           0,         319,      -9.266954081,      -8.023314033,      -9.061682691,      -8.700498095,      -12.73283818,     0.01574983121,    0.008203262994,   0.0001941368135,                 0,                 0,                 0,   3.795652547e-05,    0.008203262994,   0.0001941368135,                 0,     0.02366580392,    0.003783102315
          0,           0,         320,      -9.267118558,       -8.02393173,      -9.063681488,      -8.701110965,      -12.73005261,     0.01574983121,     0.00819870363,   0.0001935520188,                 0,                 0,                 0,   3.767444686e-05,     0.00819870363,   0.0001935520188,                 0,     0.02360763695,    0.003783102315
          0,           0,         321,       -9.26723777,      -8.024535848,       -9.06565399,      -8.701675104,      -12.72726252,     0.01574983121,    0.008194270844,   0.0001929031945,                 0,                 0,                 0,   3.738205964e-05,    0.008194270844,   0.0001929031945,                 0,     0.02354122755,    0.003783102315
          0,           0,         322,      -9.267312151,      -8.025126445,      -9.067599336,      -8.702190771,      -12.72446808,     0.01574983121,    0.008189962522,   0.0001921928967,                 0,                 0,                 0,   3.708022641e-05,    0.008189962522,   0.0001921928967,                 0,     0.02346688353,    0.003783102315
          0,           0,         323,      -9.267342149,      -8.025703574,      -9.069516664,      -8.702658248,      -12.72166869,     0.01574983121,    0.008185776582,   0.0001914237548,                 0,                 0,                 0,   3.676981694e-05,    0.008185776582,   0.0001914237548,                 0,     0.02338492297,    0.003783102315
          0,           0,         324,      -9.267328235,      -8.026267287,      -9.071405116,      -8.703077846,      -12.71886459,     0.01574983121,    0.008181710975,   0.0001905984787,                 0,                 0,                 0,   3.645170841e-05,    0.008181710975,   0.0001905984787,                 0,     0.02329567486,    0.003783102315
          0,           0,         325,      -9.267270904,      -8.026817633,      -9.073263856,      -8.703449907,      -12.71605624,     0.01574983121,    0.008177763679,   0.0001897198517,                 0,                 0,                 0,   3.612678355e-05,    0.008177763679,   0.0001897198517,                 0,     0.02319947838,    0.003783102315
          0,           0,         326,      -9.267170651,      -8.027354657,      -9.075092072,      -8.703774783,      -12.71324374,     0.01574983121,     0.00817393271,   0.0001887907297,                 0,                 0,                 0,   3.579593307e-05,     0.00817393271,   0.0001887907297,                 0,     0.02309668264,    0.003783102315
          0,           0,         327,      -9.267027997,      -8.027878406,      -9.076888965,      -8.704052861,       -12.7104268,     0.01574983121,      0.0081702161,   0.0001878140273,                 0,                 0,                 0,   3.546005016e-05,      0.0081702161,   0.0001878140273,                 0,     0.02298764501,    0.003783102315
          0,           0,         328,      -9.266843484,      -8.028388922,       -9.07865374,      -8.704284553,      -12.70760566,     0.01574983121,    0.008166611918,   0.0001867927198,                 0,                 0,                 0,   3.512002871e-05,    0.008166611918,   0.0001867927198,                 0,     0.02287273127,    0.003783102315
          0,           0,         329,      -9.266617641,      -8.028886246,      -9.080385623,      -8.704470275,      -12.70478066,     0.01574983121,    0.008163118261,   0.0001857298307,                 0,                 0,                 0,   3.477676284e-05,    0.008163118261,   0.0001857298307,                 0,      0.0227523141,    0.003783102315
          0,           0,         330,      -9.266351009,      -8.029370418,       -9.08208385,      -8.704610461,      -12.70195162,     0.01574983121,    0.008159733257,   0.0001846284283,                 0,                 0,                 0,   3.443114591e-05,    0.008159733257,   0.0001846284283,                 0,     0.02262677253,    0.003783102315
          0,           0,         331,      -9.266044139,      -8.029841475,      -9.083747662,       -8.70470556,      -12.69911828,     0.01574983121,    0.008156455061,   0.0001834916104,                 0,                 0,                 0,   3.408406791e-05,    0.008156455061,   0.0001834916104,                 0,     0.02249649008,    0.003783102315
          0,           0,         332,       -9.26569756,      -8.030299453,      -9.085376329,      -8.704756011,      -12.69628077,     0.01574983121,    0.008153281861,   0.0001823225089,                 0,                 0,                 0,   3.373640921e-05,    0.008153281861,   0.0001823225089,                 0,     0.02236185526,    0.003783102315
          0,           0,         333,      -9.265311812,      -8.030744387,      -9.086969121,      -8.704762272,      -12.69343937,     0.01574983121,     0.00815021188,   0.0001811242812,                 0,                 0,                 0,   3.338904173e-05,     0.00815021188,   0.0001811242812,                 0,     0.02222326043,    0.003783102315
          0,           0,         334,      -9.264887428,       -8.03117631,      -9.088525326,        -8.7047248,      -12.69059365,     0.01574983121,    0.008147243352,   0.0001799000944,                 0,                 0,                 0,   3.304282677e-05,    0.008147243352,   0.0001799000944,                 0,      0.0220810999,    0.003783102315
          0,           0,         335,      -9.264424944,      -8.031595252,      -9.090044244,      -8.704644068,      -12.68774436,     0.01574983121,    0.008144374555,   0.0001786531031,                 0,                 0,                 0,   3.269860059e-05,    0.008144374555,   0.0001786531031,                 0,     0.02193576706,    0.003783102315
          0,           0,         336,      -9.263924884,      -8.032001244,      -9.091525204,      -8.704520544,      -12.68489144,     0.01574983121,     0.00814160378,   0.0001773864415,                 0,                 0,                 0,    3.23571713e-05,     0.00814160378,   0.0001773864415,                 0,     0.02178765342,    0.003783102315
          0,           0,         337,      -9.263387781,      -8.032394312,       -9.09296753,      -8.704354708,      -12.68203503,     0.01574983121,    0.008138929344,   0.0001761032166,                 0,                 0,                 0,   3.201931816e-05,    0.008138929344,   0.0001761032166,                 0,     0.02163714773,    0.003783102315
          0,           0,         338,      -9.262814165,      -8.032774482,      -9.094370563,      -8.704147054,      -12.67917512,     0.01574983121,    0.008136349598,   0.0001748064948,                 0,                 0,                 0,   3.168578852e-05,    0.008136349598,   0.0001748064948,                 0,     0.02148463419,    0.003783102315
          0,           0,         339,      -9.262204567,      -8.033141777,      -9.095733674,      -8.703898069,      -12.67631184,     0.01574983121,     0.00813386292,   0.0001734992947,                 0,                 0,                 0,   3.135729793e-05,     0.00813386292,   0.0001734992947,                 0,      0.0213304916,    0.003783102315
          0,           0,         340,      -9.261559486,      -8.033496217,      -9.097056239,      -8.703608226,      -12.67344476,     0.01574983121,     0.00813146771,    0.000172184569,                 0,                 0,                 0,    3.10345193e-05,     0.00813146771,    0.000172184569,                 0,     0.02117509103,    0.003454861474
          0,           0,         341,      -9.260879414,      -8.033837819,      -9.098337639,      -8.703277994,      -12.67057428,     0.01574983121,    0.008129162396,   0.0001708651908,                 0,                 0,                 0,   3.071808083e-05,    0.008129162396,   0.0001708651908,                 0,     0.02101879412,    0.003126620633
          0,           0,         342,      -9.260164834,      -8.034166599,      -9.099577296,      -8.702907843,      -12.66770048,     0.01574983121,    0.008126945436,   0.0001695439613,                 0,                 0,                 0,   3.040857381e-05,    0.008126945436,   0.0001695439613,                 0,     0.02086195393,    0.003126620633
          0,           0,         343,      -9.259416225,      -8.034482569,      -9.100774632,      -8.702498237,      -12.66482384,     0.01574983121,    0.008124815305,   0.0001682235959,                 0,                 0,                 0,   3.010654707e-05,    0.008124815305,   0.0001682235959,                 0,     0.02070491323,    0.003126620633
          0,           0,         344,      -9.258634049,      -8.034785737,      -9.101929103,      -8.702049632,      -12.66194411,     0.01574983121,     0.00812277051,   0.0001669067228,                 0,                 0,                 0,   2.981251211e-05,     0.00812277051,   0.0001669067228,                 0,     0.02054800423,    0.003126620633
          0,           0,         345,       -9.25781875,       -8.03507611,      -9.103040182,      -8.701562477,      -12.65906143,     0.01574983121,     0.00812080958,   0.0001655958794,                 0,                 0,                 0,   2.952694101e-05,     0.00812080958,   0.0001655958794,                 0,     0.02039154813,    0.003126620633
          0,           0,         346,       -9.25697077,      -8.035353689,      -9.104107338,      -8.701037217,      -12.65617615,     0.01574983121,    0.008118931065,    0.000164293511,                 0,                 0,                 0,   2.925026677e-05,    0.008118931065,    0.000164293511,                 0,      0.0202358549,    0.003126620633
          0,           0,         347,      -9.256090537,      -8.035618473,      -9.105130091,      -8.700474289,      -12.65328825,     0.01574983121,    0.008117133543,   0.0001630019712,                 0,                 0,                 0,   2.898289194e-05,    0.008117133543,   0.0001630019712,                 0,      0.0200812233,    0.003126620633
          0,           0,         348,      -9.255178455,      -8.035870457,       -9.10610797,      -8.699874114,      -12.65039751,     0.01574983121,    0.008115415626,   0.0001617235139,                 0,                 0,                 0,   2.872518167e-05,    0.008115415626,   0.0001617235139,                 0,     0.01992793978,    0.003126620633
          0,           0,         349,      -9.254234923,      -8.036109631,      -9.107040526,      -8.699237107,      -12.64750416,     0.01574983121,     0.00811377594,   0.0001604602946,                 0,                 0,                 0,   2.847746494e-05,     0.00811377594,   0.0001604602946,                 0,     0.01977627874,    0.003126620633
          0,           0,         350,      -9.253260316,      -8.036335984,       -9.10792732,      -8.698563665,      -12.64460844,     0.01574983121,    0.008112213124,   0.0001592143791,                 0,                 0,                 0,   2.824004217e-05,    0.008112213124,   0.0001592143791,                 0,     0.01962650348,    0.003126620633
          0,           0,         351,      -9.252255004,      -8.036549498,      -9.108767945,      -8.697854185,      -12.64171089,     0.01574983121,    0.008110725846,   0.0001579877425,                 0,                 0,                 0,   2.801319266e-05,    0.008110725846,   0.0001579877425,                 0,     0.01947886608,    0.003126620633
          0,           0,         352,      -9.251219323,      -8.036750154,      -9.109562016,      -8.697109032,      -12.63881105,     0.01574983121,    0.008109312797,   0.0001567822626,                 0,                 0,                 0,   2.779716897e-05,    0.008109312797,   0.0001567822626,                 0,      0.0193336065,    0.003126620633
          0,           0,         353,      -9.250153627,      -8.036937929,      -9.110309168,      -8.696328591,      -12.63590915,     0.01574983121,    0.008107972693,   0.0001555997267,                 0,                 0,                 0,   2.759219659e-05,    0.008107972693,   0.0001555997267,                 0,     0.01919095347,    0.003126620633
          0,           0,         354,      -9.249058254,      -8.037112795,      -9.111009062,      -8.695513234,      -12.63300515,     0.01574983121,    0.008106704278,    0.000154441836,                 0,                 0,                 0,   2.739847722e-05,    0.008106704278,    0.000154441836,                 0,     0.01905112493,    0.003126620633
          0,           0,         355,       -9.24793353,      -8.037274722,      -9.111661386,      -8.694663329,      -12.63009915,     0.01574983121,    0.008105506309,   0.0001533101951,                 0,                 0,                 0,   2.721619066e-05,    0.008105506309,   0.0001533101951,                 0,     0.01891432678,    0.003126620633
          0,           0,         356,      -9.246779765,      -8.037423679,      -9.112265846,      -8.693779221,      -12.62719121,     0.01574983121,     0.00810437757,   0.0001522063249,                 0,                 0,                 0,   2.704549988e-05,     0.00810437757,   0.0001522063249,                 0,     0.01878075442,    0.003126620633
          0,           0,         357,      -9.245597276,       -8.03755963,      -9.112822189,       -8.69286127,      -12.62428145,     0.01574983121,    0.008103316864,   0.0001511316596,                 0,                 0,                 0,   2.688654698e-05,    0.008103316864,   0.0001511316596,                 0,     0.01865059236,    0.003126620633
          0,           0,         358,      -9.244386352,       -8.03768254,      -9.113330184,       -8.69190981,         -12.62137,     0.01574983121,    0.008102323014,   0.0001500875493,                 0,                 0,                 0,   2.673945365e-05,    0.008102323014,   0.0001500875493,                 0,     0.01852401454,    0.003126620633
          0,           0,         359,      -9.243147291,      -8.037792367,      -9.113789624,      -8.690925186,      -12.61845693,     0.01574983121,    0.008101394869,   0.0001490752607,                 0,                 0,                 0,   2.660432588e-05,    0.008101394869,   0.0001490752607,                 0,     0.01840118437,    0.003126620633
          0,           0,         360,      -9.241880396,      -8.037889073,      -9.114200331,      -8.689907748,      -12.61554268,     0.01574983121,    0.008100531305,   0.0001480959893,                 0,                 0,                 0,   2.648126043e-05,    0.008100531305,   0.0001480959893,                 0,     0.01828225627,    0.003126620633
          0,           0,         361,       -9.24058591,      -8.037972613,      -9.114562163,      -8.688857789,      -12.61262716,     0.01574983121,    0.008099731201,   0.0001471508455,                 0,                 0,                 0,   2.637033344e-05,    0.008099731201,   0.0001471508455,                 0,     0.01816737394,    0.003126620633
          0,           0,         362,      -9.239264131,      -8.038042944,      -9.114874996,      -8.687775657,      -12.60971046,     0.01574983121,    0.008098993457,   0.0001462408615,                 0,                 0,                 0,   2.627160284e-05,    0.008098993457,   0.0001462408615,                 0,     0.01805667115,    0.003126620633
          0,           0,         363,      -9.237915322,      -8.038100022,      -9.115138741,       -8.68666167,      -12.60679275,     0.01574983121,    0.008098316998,   0.0001453669768,                 0,                 0,                 0,   2.618510155e-05,    0.008098316998,   0.0001453669768,                 0,     0.01795027002,    0.003126620633
          0,           0,         364,      -9.236539746,      -8.038143799,       -9.11535335,      -8.685516148,      -12.60387381,     0.01574983121,    0.008097700774,   0.0001445300397,                 0,                 0,                 0,   2.611084151e-05,    0.008097700774,   0.0001445300397,                 0,      0.0178482811,    0.003126620633
          0,           0,         365,      -9.235137664,      -8.038174233,      -9.115518811,      -8.684339403,      -12.60095348,     0.01574983121,    0.008097143757,   0.0001437308056,                 0,                 0,                 0,   2.604880966e-05,    0.008097143757,   0.0001437308056,                 0,     0.01775080324,    0.003126620633
          0,           0,         366,      -9.233709315,      -8.038191274,      -9.115635135,      -8.683131734,      -12.59803249,     0.01574983121,    0.008096644927,   0.0001429699437,                 0,                 0,                 0,   2.599896996e-05,    0.008096644927,   0.0001429699437,                 0,     0.01765792436,    0.003126620633
          0,           0,         367,      -9.232254969,      -8.038194873,      -9.115702378,      -8.681893467,      -12.59511064,     0.01574983121,    0.008096203283,   0.0001422480232,                 0,                 0,                 0,   2.596125512e-05,    0.008096203283,   0.0001422480232,                 0,     0.01756971981,    0.003126620633
          0,           0,         368,      -9.230774881,      -8.038184982,      -9.115720603,      -8.680624918,      -12.59218813,     0.01574983121,    0.008095817848,   0.0001415655238,                 0,                 0,                 0,   2.593557924e-05,    0.008095817848,   0.0001415655238,                 0,     0.01748625357,    0.003126620633
          0,           0,         369,      -9.229269288,       -8.03816155,      -9.115689941,      -8.679326379,       -12.5892651,     0.01574983121,    0.008095487657,   0.0001409228218,                 0,                 0,                 0,   2.592183139e-05,    0.008095487657,   0.0001409228218,                 0,     0.01740757664,    0.003126620633
          0,           0,         370,      -9.227738445,      -8.038124528,      -9.115610514,      -8.677998168,      -12.58634113,     0.01574983121,    0.008095211768,   0.0001403201913,                 0,                 0,                 0,   2.591986628e-05,    0.008095211768,   0.0001403201913,                 0,     0.01733372707,    0.003126620633
          0,           0,         371,      -9.226182591,      -8.038073864,      -9.115482514,      -8.676640584,       -12.5834167,     0.01574983121,    0.008094989258,   0.0001397577981,                 0,                 0,                 0,   2.592950339e-05,    0.008094989258,   0.0001397577981,                 0,     0.01726472929,    0.003126620633
          0,           0,         372,      -9.224601954,      -8.038009505,      -9.115306134,      -8.675253916,       -12.5804917,     0.01574983121,    0.008094819213,   0.0001392357001,                 0,                 0,                 0,   2.595052923e-05,    0.008094819213,   0.0001392357001,                 0,     0.01720059416,    0.003126620633
          0,           0,         373,      -9.222996787,      -8.037931396,      -9.115081617,      -8.673838479,      -12.57756613,     0.01574983121,    0.008094700743,   0.0001387538568,                 0,                 0,                 0,   2.598271256e-05,    0.008094700743,   0.0001387538568,                 0,     0.01714132013,    0.003126620633
          0,           0,         374,      -9.221367342,      -8.037839484,      -9.114809247,      -8.672394582,      -12.57464014,     0.01574983121,    0.008094632971,   0.0001383121355,                 0,                 0,                 0,   2.602580031e-05,    0.008094632971,   0.0001383121355,                 0,     0.01708689399,    0.003126620633
          0,           0,         375,      -9.219713844,      -8.037733712,      -9.114489304,      -8.670922508,      -12.57171374,     0.01574983121,    0.008094615042,   0.0001379103162,                 0,                 0,                 0,   2.607952205e-05,    0.008094615042,   0.0001379103162,                 0,     0.01703729152,    0.003126620633
          0,           0,         376,      -9.218036536,      -8.037614026,      -9.114122109,      -8.669422561,      -12.56878677,     0.01574983121,    0.008094646114,   0.0001375481039,                 0,                 0,                 0,   2.614359201e-05,    0.008094646114,   0.0001375481039,                 0,     0.01699247897,    0.003126620633
          0,           0,         377,      -9.216335648,      -8.037480371,      -9.113708016,      -8.667895028,      -12.56585954,     0.01574983121,    0.008094725362,   0.0001372251306,                 0,                 0,                 0,   2.621771663e-05,    0.008094725362,   0.0001372251306,                 0,     0.01695241338,    0.003126620633
          0,           0,         378,      -9.214611395,      -8.037332691,      -9.113247404,      -8.666340182,      -12.56293196,     0.01574983121,    0.008094851973,   0.0001369409679,                 0,                 0,                 0,   2.630159833e-05,    0.008094851973,   0.0001369409679,                 0,     0.01691704411,    0.003126620633
          0,           0,         379,      -9.212863995,      -8.037170932,      -9.112740662,      -8.664758298,      -12.56000401,     0.01574983121,    0.008095025147,   0.0001366951248,                 0,                 0,                 0,   2.639493205e-05,    0.008095025147,   0.0001366951248,                 0,     0.01688631255,    0.003126620633
          0,           0,         380,      -9.211093668,      -8.036995038,      -9.112188221,      -8.663149652,      -12.55707576,     0.01574983121,    0.008095244112,    0.000136487063,                 0,                 0,                 0,    2.64974125e-05,    0.008095244112,    0.000136487063,                 0,     0.01686015408,    0.003126620633
          0,           0,         381,      -9.209300627,      -8.036804956,      -9.111590523,      -8.661514514,      -12.55414719,     0.01574983121,    0.008095508104,   0.0001363161923,                 0,                 0,                 0,   2.660873056e-05,    0.008095508104,   0.0001363161923,                 0,     0.01683849742,    0.003126620633
          0,           0,         382,      -9.207485097,      -8.036600628,      -9.110948028,      -8.659853161,       -12.5512183,     0.01574983121,    0.008095816385,    0.000136181873,                 0,                 0,                 0,   2.672857048e-05,    0.008095816385,    0.000136181873,                 0,     0.01682126503,    0.003126620633
          0,           0,         383,      -9.205647297,      -8.036382001,      -9.110261234,      -8.658165868,      -12.54828912,     0.01574983121,    0.008096168208,   0.0001360834223,                 0,                 0,                 0,   2.685662005e-05,    0.008096168208,   0.0001360834223,                 0,     0.01680837389,    0.003126620633
          0,           0,         384,      -9.203787437,       -8.03614902,      -9.109530641,      -8.656452898,      -12.54535961,     0.01574983121,    0.008096562851,   0.0001360201238,                 0,                 0,                 0,    2.69925696e-05,    0.008096562851,   0.0001360201238,                 0,     0.01679973666,    0.003126620633
          0,           0,         385,      -9.201905747,      -8.035901631,       -9.10875677,      -8.654714534,      -12.54242983,     0.01574983121,    0.008096999611,   0.0001359912246,                 0,                 0,                 0,   2.713610574e-05,    0.008096999611,   0.0001359912246,                 0,     0.01679526135,    0.003126620633
          0,           0,         386,      -9.200002447,      -8.035639777,      -9.107940172,      -8.652951052,      -12.53949969,     0.01574983121,    0.008097477791,   0.0001359959333,                 0,                 0,                 0,   2.728691315e-05,    0.008097477791,   0.0001359959333,                 0,     0.01679485104,    0.003126620633
          0,           0,         387,      -9.198077761,      -8.035363404,      -9.107081407,      -8.651162728,      -12.53656904,     0.01574983121,    0.008097996706,   0.0001360334079,                 0,                 0,                 0,    2.74446647e-05,    0.008097996706,   0.0001360334079,                 0,     0.01679840248,    0.003126620633
          0,           0,         388,      -9.196131916,      -8.035072452,      -9.106181052,      -8.649349845,      -12.53363813,     0.01574983121,    0.008098555694,   0.0001361027594,                 0,                 0,                 0,   2.760902402e-05,    0.008098555694,   0.0001361027594,                 0,     0.01680580643,    0.003126620633
          0,           0,         389,      -9.194165146,      -8.034766864,      -9.105239708,      -8.647512692,      -12.53070683,     0.01574983121,    0.008099154102,     0.00013620306,                 0,                 0,                 0,   2.777965046e-05,    0.008099154102,     0.00013620306,                 0,     0.01681694882,    0.003126620633
          0,           0,         390,      -9.192177683,      -8.034446576,      -9.104257979,      -8.645651557,       -12.5277751,     0.01574983121,    0.008099791284,    0.000136333334,                 0,                 0,                 0,   2.795619254e-05,    0.008099791284,    0.000136333334,                 0,     0.01683170951,    0.003126620633
          0,           0,         391,      -9.190169749,      -8.034111527,      -9.103236483,      -8.643766718,      -12.52484292,     0.01574983121,    0.008100466613,   0.0001364925614,                 0,                 0,                 0,   2.813828994e-05,    0.008100466613,   0.0001364925614,                 0,     0.01684996284,    0.003126620633
          0,           0,         392,       -9.18814158,      -8.033761652,      -9.102175853,      -8.641858467,      -12.52191014,     0.01574983121,     0.00810117947,     0.00013667969,                 0,                 0,                 0,   2.832557894e-05,     0.00810117947,     0.00013667969,                 0,     0.01687157907,    0.003126620633
          0,           0,         393,      -9.186093406,      -8.033396887,      -9.101076736,      -8.639927089,      -12.51897685,     0.01574983121,    0.008101929252,   0.0001368936244,                 0,                 0,                 0,    2.85176852e-05,    0.008101929252,   0.0001368936244,                 0,     0.01689642308,    0.003126620633
          0,           0,         394,      -9.184025479,      -8.033017169,      -9.099939779,      -8.637972896,      -12.51604297,     0.01574983121,    0.008102715369,   0.0001371332277,                 0,                 0,                 0,   2.871422664e-05,    0.008102715369,   0.0001371332277,                 0,     0.01692435455,    0.003126620633
          0,           0,         395,      -9.181938007,      -8.032622431,      -9.098765635,      -8.635996152,      -12.51310848,     0.01574983121,    0.008103537232,    0.000137397344,                 0,                 0,                 0,   2.891482852e-05,    0.008103537232,    0.000137397344,                 0,     0.01695523079,    0.003126620633
          0,           0,         396,      -9.179831234,      -8.032212611,      -9.097554998,      -8.633997154,      -12.51017326,     0.01574983121,    0.008104394272,    0.000137684802,                 0,                 0,                 0,   2.911912173e-05,    0.008104394272,    0.000137684802,                 0,     0.01698890717,    0.003126620633
          0,           0,         397,      -9.177705402,      -8.031787648,      -9.096308523,      -8.631976202,      -12.50723721,     0.01574983121,    0.008105285932,   0.0001379944046,                 0,                 0,                 0,   2.932673221e-05,    0.008105285932,   0.0001379944046,                 0,     0.01702523585,    0.003126620633
          0,           0,         398,      -9.175560747,       -8.03134748,      -9.095026891,      -8.629933585,       -12.5043004,     0.01574983121,    0.008106211659,   0.0001383249514,                 0,                 0,                 0,   2.953729729e-05,    0.008106211659,   0.0001383249514,                 0,     0.01706406855,    0.003126620633
          0,           0,         399,      -9.173397509,      -8.030892052,      -9.093710787,      -8.627869598,       -12.5013628,     0.01574983121,    0.008107170912,    0.000138675247,                 0,                 0,                 0,   2.975046966e-05,    0.008107170912,    0.000138675247,                 0,     0.01710525762,    0.003126620633
          0,           0,         400,      -9.171215943,      -8.030421309,      -9.092360887,      -8.625784547,      -12.49842428,     0.01574983121,    0.008108163159,   0.0001390440893,                 0,                 0,                 0,   2.996590464e-05,    0.008108163159,   0.0001390440893,                 0,     0.01714865458,    0.003126620633
          0,           0,         401,      -9.169016302,      -8.029935198,      -9.090977894,      -8.623678737,      -12.49548484,     0.01574983121,    0.008109187895,   0.0001394303114,                 0,                 0,                 0,   3.018328956e-05,    0.008109187895,   0.0001394303114,                 0,     0.01719411528,    0.003126620633
          0,           0,         402,       -9.16679882,      -8.029433673,      -9.089562487,      -8.621552454,      -12.49254424,     0.01574983121,     0.00811024461,   0.0001398327561,                 0,                 0,                 0,   3.040232281e-05,     0.00811024461,   0.0001398327561,                 0,     0.01724149675,    0.003126620633
          0,           0,         403,      -9.164563738,      -8.028916685,      -9.088115357,      -8.619405989,      -12.48960257,     0.01574983121,    0.008111332802,   0.0001402502781,                 0,                 0,                 0,   3.062271125e-05,    0.008111332802,   0.0001402502781,                 0,     0.01729065759,    0.003126620633
          0,           0,         404,      -9.162311312,      -8.028384191,      -9.086637194,      -8.617239645,      -12.48665972,     0.01574983121,     0.00811245198,   0.0001406817521,                 0,                 0,                 0,   3.084417435e-05,     0.00811245198,   0.0001406817521,                 0,     0.01734145884,    0.003126620633
          0,           0,         405,      -9.160041803,      -8.027836154,      -9.085128686,      -8.615053732,      -12.48371573,     0.01574983121,    0.008113601663,   0.0001411260681,                 0,                 0,                 0,   3.106644221e-05,    0.008113601663,   0.0001411260681,                 0,     0.01739376346,    0.003126620633
          0,           0,         406,      -9.157755466,      -8.027272533,      -9.083590541,      -8.612848554,      -12.48077045,     0.01574983121,    0.008114781379,   0.0001415821291,                 0,                 0,                 0,    3.12892535e-05,    0.008114781379,   0.0001415821291,                 0,     0.01744743604,    0.003126620633
          0,           0,         407,       -9.15545258,      -8.026693294,      -9.082023439,      -8.610624435,      -12.47782387,     0.01574983121,    0.008115990665,   0.0001420488538,                 0,                 0,                 0,   3.151235735e-05,    0.008115990665,   0.0001420488538,                 0,     0.01750234318,    0.003126620633
          0,           0,         408,      -9.153133423,      -8.026098406,      -9.080428078,        -8.6083817,      -12.47487589,     0.01574983121,    0.008117229065,   0.0001425251793,                 0,                 0,                 0,   3.173551105e-05,    0.008117229065,   0.0001425251793,                 0,     0.01755835373,    0.003126620633
          0,           0,         409,      -9.150798274,       -8.02548784,      -9.078805152,      -8.606120671,      -12.47192647,     0.01574983121,    0.008118496131,   0.0001430100563,                 0,                 0,                 0,   3.195847544e-05,    0.008118496131,   0.0001430100563,                 0,     0.01761533836,    0.003126620633
          0,           0,         410,      -9.148447409,       -8.02486157,      -9.077155371,       -8.60384167,      -12.46897558,     0.01574983121,    0.008119791424,   0.0001435024518,                 0,                 0,                 0,   3.218101876e-05,    0.008119791424,   0.0001435024518,                 0,     0.01767316971,    0.003126620633
          0,           0,         411,      -9.146081118,      -8.024219573,      -9.075479411,       -8.60154503,      -12.46602311,     0.01574983121,    0.008121114514,   0.0001440013465,                 0,                 0,                 0,   3.240291531e-05,    0.008121114514,   0.0001440013465,                 0,      0.0177317222,    0.003126620633
          0,           0,         412,      -9.143699706,      -8.023561833,      -9.073777973,      -8.599231097,      -12.46306902,     0.01574983121,    0.008122464979,   0.0001445057279,                 0,                 0,                 0,   3.262393948e-05,    0.008122464979,   0.0001445057279,                 0,     0.01779087116,    0.003126620633
          0,           0,         413,      -9.141303451,      -8.022888337,      -9.072051755,      -8.596900192,      -12.46011327,     0.01574983121,    0.008123842401,   0.0001450145984,                 0,                 0,                 0,    3.28438708e-05,    0.008123842401,   0.0001450145984,                 0,      0.0178504938,    0.003126620633
          0,           0,         414,      -9.138892641,      -8.022199079,      -9.070301438,      -8.594552641,      -12.45715583,     0.01574983121,    0.008125246369,   0.0001455269851,                 0,                 0,                 0,   3.306250035e-05,    0.008125246369,   0.0001455269851,                 0,     0.01791047046,    0.003126620633
          0,           0,         415,      -9.136467563,      -8.021494057,       -9.06852772,      -8.592188768,      -12.45419664,     0.01574983121,    0.008126676482,   0.0001460419454,                 0,                 0,                 0,   3.327963272e-05,    0.008126676482,   0.0001460419454,                 0,     0.01797068527,    0.003126620633
          0,           0,         416,      -9.134028513,      -8.020773278,      -9.066731283,      -8.589808908,      -12.45123568,     0.01574983121,    0.008128132344,   0.0001465585532,                 0,                 0,                 0,   3.349507673e-05,    0.008128132344,   0.0001465585532,                 0,     0.01803102447,    0.003126620633
          0,           0,         417,      -9.131575793,      -8.020036754,      -9.064912796,      -8.587413397,      -12.44827289,     0.01574983121,    0.008129613562,   0.0001470759071,                 0,                 0,                 0,   3.370864742e-05,    0.008129613562,   0.0001470759071,                 0,      0.0180913774,    0.003126620633
          0,           0,         418,      -9.129109703,      -8.019284504,      -9.063072933,       -8.58500257,      -12.44530823,     0.01574983121,    0.008131119753,   0.0001475931285,                 0,                 0,                 0,   3.392016545e-05,    0.008131119753,   0.0001475931285,                 0,     0.01815163631,    0.003126620633
          0,           0,         419,      -9.126630553,      -8.018516554,      -9.061212376,      -8.582576771,      -12.44234164,     0.01574983121,    0.008132650543,   0.0001481093565,                 0,                 0,                 0,   3.412946039e-05,    0.008132650543,   0.0001481093565,                 0,     0.01821169564,    0.003126620633
          0,           0,         420,       -9.12413865,      -8.017732933,       -9.05933178,       -8.58013634,       -12.4393731,     0.01574983121,    0.008134205559,    0.000148623761,                 0,                 0,                 0,   3.433637475e-05,    0.008134205559,    0.000148623761,                 0,     0.01827145379,    0.003126620633
          0,           0,         421,      -9.121634306,      -8.016933675,      -9.057431804,      -8.577681621,      -12.43640258,     0.01574983121,    0.008135784436,   0.0001491355478,                 0,                 0,                 0,   3.454076224e-05,    0.008135784436,   0.0001491355478,                 0,     0.01833081358,    0.003126620633
          0,           0,         422,      -9.119117837,      -8.016118817,      -9.055513109,      -8.575212963,      -12.43343007,     0.01574983121,     0.00813738682,   0.0001496439553,                 0,                 0,                 0,   3.474248707e-05,     0.00813738682,   0.0001496439553,                 0,     0.01838968192,    0.003126620633
          0,           0,         423,       -9.11658956,      -8.015288397,      -9.053576313,      -8.572730714,      -12.43045551,     0.01574983121,    0.008139012351,   0.0001501482432,                 0,                 0,                 0,    3.49414167e-05,    0.008139012351,   0.0001501482432,                 0,     0.01844796846,    0.003126620633
          0,           0,         424,        -9.1140498,      -8.014442453,      -9.051622065,      -8.570235233,      -12.42747889,     0.01574983121,     0.00814066068,   0.0001506476877,                 0,                 0,                 0,   3.513742251e-05,     0.00814066068,   0.0001506476877,                 0,     0.01850558494,    0.003126620633
          0,           0,         425,      -9.111498892,       -8.01358102,      -9.049650998,      -8.567726887,       -12.4245002,     0.01574983121,    0.008142331464,   0.0001511415909,                 0,                 0,                 0,   3.533038461e-05,    0.008142331464,   0.0001511415909,                 0,     0.01856244635,    0.003126620633
          0,           0,         426,      -9.108937165,      -8.012704133,      -9.047663727,      -8.565206042,      -12.42151945,     0.01574983121,    0.008144024368,    0.000151629278,                 0,                 0,                 0,   3.552018294e-05,    0.008144024368,    0.000151629278,                 0,     0.01861847056,    0.003126620633
          0,           0,         427,      -9.106364959,      -8.011811815,      -9.045660867,      -8.562673065,      -12.41853661,     0.01574983121,    0.008145739055,   0.0001521100942,                 0,                 0,                 0,   3.570670252e-05,    0.008145739055,   0.0001521100942,                 0,     0.01867357808,    0.003126620633
          0,           0,         428,      -9.103782599,      -8.010904091,      -9.043643041,      -8.560128321,      -12.41555165,     0.01574983121,    0.008147475199,   0.0001525834029,                 0,                 0,                 0,   3.588983516e-05,    0.008147475199,   0.0001525834029,                 0,      0.0187276916,    0.003126620633
          0,           0,         429,      -9.101190434,      -8.009980976,      -9.041610829,      -8.557572188,      -12.41256459,     0.01574983121,    0.008149232476,   0.0001530485856,                 0,                 0,                 0,   3.606947399e-05,    0.008149232476,   0.0001530485856,                 0,     0.01878073623,    0.003126620633
          0,           0,         430,      -9.098588821,      -8.009042481,      -9.039564839,      -8.555005055,       -12.4095754,     0.01574983121,    0.008151010572,   0.0001535050401,                 0,                 0,                 0,   3.624551046e-05,    0.008151010572,   0.0001535050401,                 0,     0.01883263907,    0.003126620633
          0,           0,         431,      -9.095978117,      -8.008088614,      -9.037505666,      -8.552427311,      -12.40658409,     0.01574983121,    0.008152809173,   0.0001539521723,                 0,                 0,                 0,   3.641783724e-05,    0.008152809173,   0.0001539521723,                 0,     0.01888332831,    0.003126620633
          0,           0,         432,      -9.093358678,      -8.007119383,      -9.035433876,      -8.549839341,      -12.40359068,     0.01574983121,    0.008154627969,   0.0001543894031,                 0,                 0,                 0,   3.658635082e-05,    0.008154627969,   0.0001543894031,                 0,     0.01893273411,    0.003126620633
          0,           0,         433,      -9.090730876,      -8.006134793,      -9.033350062,      -8.547241548,      -12.40059518,     0.01574983121,    0.008156466655,   0.0001548161708,                 0,                 0,                 0,   3.675094994e-05,    0.008156466655,   0.0001548161708,                 0,     0.01898078879,    0.003126620633
          0,           0,         434,      -9.088095083,      -8.005134856,      -9.031254792,      -8.544634331,      -12.39759759,     0.01574983121,    0.008158324932,   0.0001552319247,                 0,                 0,                 0,   3.691153032e-05,    0.008158324932,   0.0001552319247,                 0,     0.01902742609,    0.003126620633
          0,           0,         435,      -9.085451679,       -8.00411959,      -9.029148621,      -8.542018092,      -12.39459792,     0.01574983121,    0.008160202506,   0.0001556361266,                 0,                 0,                 0,   3.706799303e-05,    0.008160202506,   0.0001556361266,                 0,      0.0190725814,    0.003126620633
          0,           0,         436,      -9.082801043,      -8.003089023,      -9.027032129,      -8.539393238,      -12.39159617,     0.01574983121,    0.008162099086,   0.0001560282482,                 0,                 0,                 0,   3.722024144e-05,    0.008162099086,   0.0001560282482,                 0,     0.01911619139,    0.003126620633
          0,           0,         437,      -9.080143576,      -8.002043195,      -9.024905848,      -8.536760184,      -12.38859236,     0.01574983121,    0.008164014387,   0.0001564077695,                 0,                 0,                 0,   3.736817661e-05,    0.008164014387,   0.0001564077695,                 0,     0.01915819376,    0.003126620633
          0,           0,         438,      -9.077479648,      -8.000982163,      -9.022770342,      -8.534119322,      -12.38558651,     0.01574983121,    0.008165948125,   0.0001567741762,                 0,                 0,                 0,   3.751169696e-05,    0.008165948125,   0.0001567741762,                 0,     0.01919852707,    0.003126620633
          0,           0,         439,      -9.074809637,         -7.999906,      -9.020626146,      -8.531471048,      -12.38257863,     0.01574983121,    0.008167900023,   0.0001571269674,                 0,                 0,                 0,   3.765070692e-05,    0.008167900023,   0.0001571269674,                 0,     0.01923713157,    0.003126620633
          0,           0,         440,      -9.072133935,        -7.9988148,      -9.018473794,      -8.528815767,      -12.37956875,     0.01574983121,    0.008169869807,   0.0001574656534,                 0,                 0,                 0,   3.778511473e-05,    0.008169869807,   0.0001574656534,                 0,     0.01927394893,    0.003126620633
          0,           0,         441,      -9.069452951,      -7.997708672,      -9.016313803,      -8.526153903,      -12.37655688,     0.01574983121,    0.008171857208,   0.0001577897467,                 0,                 0,                 0,   3.791482312e-05,    0.008171857208,   0.0001577897467,                 0,     0.01930892118,    0.003126620633
          0,           0,         442,      -9.066767101,      -7.996587746,      -9.014146702,      -8.523485883,      -12.37354305,     0.01574983121,    0.008173861958,   0.0001580987666,                 0,                 0,                 0,    3.80397369e-05,    0.008173861958,   0.0001580987666,                 0,     0.01934199127,    0.003126620633
          0,           0,         443,      -9.064076781,      -7.995452166,      -9.011973001,      -8.520812113,       -12.3705273,     0.01574983121,    0.008175883792,   0.0001583922508,                 0,                 0,                 0,   3.815977049e-05,    0.008175883792,   0.0001583922508,                 0,     0.01937310447,    0.003126620633
          0,           0,         444,      -9.061382392,      -7.994302089,      -9.009793199,      -8.518133005,      -12.36750966,     0.01574983121,    0.008177922449,   0.0001586697476,                 0,                 0,                 0,   3.827483955e-05,    0.008177922449,   0.0001586697476,                 0,     0.01940220742,    0.003126620633
          0,           0,         445,      -9.058684338,      -7.993137683,      -9.007607783,       -8.51544897,      -12.36449019,     0.01574983121,    0.008179977673,   0.0001589308119,                 0,                 0,                 0,   3.838486105e-05,    0.008179977673,   0.0001589308119,                 0,     0.01942924763,    0.003126620633
          0,           0,         446,      -9.055983023,      -7.991959121,       -9.00541724,      -8.512760426,      -12.36146891,     0.01574983121,    0.008182049213,   0.0001591750054,                 0,                 0,                 0,   3.848975303e-05,    0.008182049213,   0.0001591750054,                 0,     0.01945417355,    0.003126620633
          0,           0,         447,      -9.053278856,      -7.990766577,      -9.003222038,      -8.510067785,      -12.35844588,     0.01574983121,    0.008184136819,   0.0001594019036,                 0,                 0,                 0,   3.858943898e-05,    0.008184136819,   0.0001594019036,                 0,     0.01947693534,    0.003126620633
          0,           0,         448,      -9.050572263,      -7.989560225,      -9.001022655,      -8.507371484,      -12.35542112,     0.01574983121,    0.008186240248,    0.000159611093,                 0,                 0,                 0,   3.868384533e-05,    0.008186240248,    0.000159611093,                 0,     0.01949748457,    0.003126620633
          0,           0,         449,      -9.047863662,      -7.988340234,      -8.998819536,      -8.504671952,       -12.3523947,     0.01574983121,    0.008188359257,   0.0001598021743,                 0,                 0,                 0,   3.877290345e-05,    0.008188359257,   0.0001598021743,                 0,     0.01951577469,    0.003126620633
          0,           0,         450,      -9.045153468,      -7.987106762,      -8.996613116,      -8.501969614,      -12.34936665,     0.01574983121,    0.008190493605,     0.00015997476,                 0,                 0,                 0,   3.885654756e-05,    0.008190493605,     0.00015997476,                 0,     0.01953176057,    0.003126620633
          0,           0,         451,      -9.042442095,      -7.985859961,      -8.994403828,      -8.499264893,      -12.34633701,     0.01574983121,    0.008192643055,   0.0001601284745,                 0,                 0,                 0,   3.893471498e-05,    0.008192643055,   0.0001601284745,                 0,     0.01954539865,    0.003126620633
          0,           0,         452,      -9.039729939,      -7.984599968,      -8.992192091,      -8.496558197,      -12.34330585,     0.01574983121,    0.008194807375,   0.0001602629514,                 0,                 0,                 0,   3.900734453e-05,    0.008194807375,   0.0001602629514,                 0,     0.01955664656,    0.003126620633
          0,           0,         453,      -9.037017408,      -7.983326911,      -8.989978311,      -8.493849947,      -12.34027323,     0.01574983121,    0.008196986335,   0.0001603778323,                 0,                 0,                 0,   3.907437664e-05,    0.008196986335,   0.0001603778323,                 0,     0.01956546293,    0.003126620633
          0,           0,         454,      -9.034304916,      -7.982040911,      -8.987762877,      -8.491140568,      -12.33723922,     0.01574983121,     0.00819917971,   0.0001604727777,                 0,                 0,                 0,   3.913576082e-05,     0.00819917971,   0.0001604727777,                 0,     0.01957180881,    0.003126620633
          0,           0,         455,      -9.031592855,       -7.98074208,      -8.985546204,      -8.488430466,       -12.3342039,     0.01574983121,    0.008201387279,   0.0001605474661,                 0,                 0,                 0,   3.919145179e-05,    0.008201387279,   0.0001605474661,                 0,     0.01957564747,    0.003126620633
          0,           0,         456,      -9.028881634,      -7.979430526,      -8.983328663,      -8.485720063,      -12.33116733,     0.01574983121,    0.008203608821,   0.0001606015841,                 0,                 0,                 0,   3.924140409e-05,    0.008203608821,   0.0001606015841,                 0,     0.01957694322,    0.003126620633
          0,           0,         457,      -9.026171651,      -7.978106357,      -8.981110631,       -8.48300977,      -12.32812957,     0.01574983121,    0.008205844058,    0.000160634798,                 0,                 0,                 0,   3.928555205e-05,    0.008205844058,    0.000160634798,                 0,     0.01957565814,    0.003126620633
          0,           0,         458,      -9.023463348,      -7.976769684,      -8.978892485,       -8.48030004,      -12.32509068,     0.01574983121,    0.008208092842,   0.0001606468214,                 0,                 0,                 0,   3.932386037e-05,    0.008208092842,   0.0001606468214,                 0,     0.01957175978,    0.003126620633
          0,           0,         459,      -9.020757097,      -7.975420619,      -8.976674566,      -8.477591257,      -12.32205069,     0.01574983121,    0.008210355007,   0.0001606373963,                 0,                 0,                 0,    3.93563134e-05,    0.008210355007,   0.0001606373963,                 0,     0.01956521931,    0.003126620633
          0,           0,         460,      -9.018053239,       -7.97405928,      -8.974457225,      -8.474883769,      -12.31900965,     0.01574983121,    0.008212630309,   0.0001606062445,                 0,                 0,                 0,   3.938287163e-05,    0.008212630309,   0.0001606062445,                 0,     0.01955600563,    0.003126620633
          0,           0,         461,      -9.015352139,      -7.972685794,      -8.972240792,      -8.472177951,      -12.31596759,     0.01574983121,    0.008214918515,   0.0001605531024,                 0,                 0,                 0,   3.940349554e-05,    0.008214918515,   0.0001605531024,                 0,     0.01954408947,    0.003126620633
          0,           0,         462,      -9.012654177,      -7.971300296,      -8.970025599,      -8.469474188,      -12.31292453,     0.01574983121,    0.008217219416,     0.00016047773,                 0,                 0,                 0,   3.941815686e-05,    0.008217219416,     0.00016047773,                 0,     0.01952944444,    0.003126620633
          0,           0,         463,      -9.009959737,      -7.969902936,       -8.96781197,      -8.466772873,      -12.30988059,     0.01574983121,    0.008219532811,   0.0001603799005,                 0,                 0,                 0,   3.942683473e-05,    0.008219532811,   0.0001603799005,                 0,     0.01951204578,    0.003126620633
          0,           0,         464,      -9.007269161,       -7.96849388,      -8.965600217,      -8.464074349,      -12.30683585,     0.01574983121,    0.008221858509,   0.0001602593833,                 0,                 0,                 0,   3.942950222e-05,    0.008221858509,   0.0001602593833,                 0,     0.01949186831,    0.003126620633
          0,           0,         465,      -9.004582777,      -7.967073309,      -8.963390633,      -8.461378948,      -12.30379044,     0.01574983121,     0.00822419631,   0.0001601159662,                 0,                 0,                 0,   3.942613903e-05,     0.00822419631,   0.0001601159662,                 0,     0.01946888913,    0.003126620633
          0,           0,         466,      -9.001900908,       -7.96564142,      -8.961183508,      -8.458686994,      -12.30074444,     0.01574983121,    0.008226546013,   0.0001599494537,                 0,                 0,                 0,    3.94167291e-05,    0.008226546013,   0.0001599494537,                 0,     0.01944308747,    0.003126620633
          0,           0,         467,      -8.999223876,       -7.96419843,      -8.958979144,       -8.45599881,      -12.29769796,     0.01574983121,    0.008228907426,   0.0001597596683,                 0,                 0,                 0,     3.9401262e-05,    0.008228907426,   0.0001597596683,                 0,     0.01941444472,    0.003126620633
          0,           0,         468,      -8.996551996,      -7.962744572,      -8.956777798,       -8.45331471,      -12.29465106,     0.01574983121,    0.008231280345,   0.0001595464425,                 0,                 0,                 0,   3.937972906e-05,    0.008231280345,   0.0001595464425,                 0,     0.01938294357,    0.003126620633
          0,           0,         469,      -8.993885584,       -7.96128009,      -8.954579765,       -8.45063501,       -12.2916038,     0.01574983121,    0.008233664578,   0.0001593096155,                 0,                 0,                 0,   3.935212059e-05,    0.008233664578,   0.0001593096155,                 0,     0.01934856757,    0.003126620633
          0,           0,         470,      -8.991224951,      -7.959805241,      -8.952385287,      -8.447960023,      -12.28855624,     0.01574983121,    0.008236059929,   0.0001590490381,                 0,                 0,                 0,   3.931842984e-05,    0.008236059929,   0.0001590490381,                 0,      0.0193113017,    0.003126620633
          0,           0,         471,      -8.988570375,      -7.958320285,      -8.950194607,      -8.445290025,      -12.28550841,     0.01574983121,    0.008238466204,   0.0001587645779,                 0,                 0,                 0,   3.927865647e-05,    0.008238466204,   0.0001587645779,                 0,       0.019271133,    0.003126620633
          0,           0,         472,      -8.985922125,      -7.956825485,      -8.948007961,      -8.442625287,      -12.28246039,     0.01574983121,    0.008240883212,   0.0001584561131,                 0,                 0,                 0,   3.923280056e-05,    0.008240883212,   0.0001584561131,                 0,     0.01922804984,    0.003126620633
          0,           0,         473,      -8.983280465,      -7.955321099,      -8.945825567,      -8.439966077,      -12.27941229,     0.01574983121,    0.008243310756,   0.0001581235355,                 0,                 0,                 0,   3.918086478e-05,    0.008243310756,   0.0001581235355,                 0,     0.01918204229,    0.003126620633
          0,           0,         474,      -8.980645649,       -7.95380738,      -8.943647641,       -8.43731265,      -12.27636422,     0.01574983121,    0.008245748641,    0.000157766747,                 0,                 0,                 0,   3.912285349e-05,    0.008245748641,    0.000157766747,                 0,     0.01913310166,    0.003126620633
          0,           0,         475,      -8.978017936,       -7.95228457,       -8.94147439,       -8.43466527,      -12.27331632,     0.01574983121,    0.008248196675,   0.0001573856588,                 0,                 0,                 0,   3.905877338e-05,    0.008248196675,   0.0001573856588,                 0,     0.01908122042,    0.003126620633
          0,           0,         476,      -8.975397562,      -7.950752898,       -8.93930599,      -8.432024178,      -12.27026875,     0.01574983121,    0.008250654669,   0.0001569801894,                 0,                 0,                 0,   3.898863135e-05,    0.008250654669,   0.0001569801894,                 0,     0.01902639193,    0.003126620633
          0,           0,         477,      -8.972784764,      -7.949212582,      -8.937142627,      -8.429389612,      -12.26722165,     0.01574983121,    0.008253122431,   0.0001565502705,                 0,                 0,                 0,   3.891243685e-05,    0.008253122431,   0.0001565502705,                 0,     0.01896861119,    0.003126620633
          0,           0,         478,      -8.970179754,      -7.947663826,      -8.934984475,      -8.426761796,      -12.26417513,     0.01574983121,    0.008255599774,   0.0001560958465,                 0,                 0,                 0,   3.883020313e-05,    0.008255599774,   0.0001560958465,                 0,     0.01890787475,    0.003126620633
          0,           0,         479,      -8.967582754,      -7.946106819,      -8.932831691,      -8.424140951,      -12.26112924,     0.01574983121,    0.008258086508,   0.0001556168701,                 0,                 0,                 0,   3.874194364e-05,    0.008258086508,   0.0001556168701,                 0,     0.01884418018,    0.003126620633
          0,           0,         480,      -8.964993968,      -7.944541737,      -8.930684425,       -8.42152729,      -12.25808403,     0.01574983121,    0.008260582442,   0.0001551133009,                 0,                 0,                 0,   3.864767151e-05,    0.008260582442,   0.0001551133009,                 0,     0.01877752592,    0.003126620633
          0,           0,         481,      -8.962413594,      -7.942968743,      -8.928542812,      -8.418921019,      -12.25503953,     0.01574983121,    0.008263087386,   0.0001545851072,                 0,                 0,                 0,   3.854740033e-05,    0.008263087386,   0.0001545851072,                 0,     0.01870791146,    0.003126620633
          0,           0,         482,      -8.959841822,      -7.941387989,      -8.926406994,      -8.416322333,      -12.25199579,     0.01574983121,    0.008265601145,   0.0001540322662,                 0,                 0,                 0,   3.844114566e-05,    0.008265601145,   0.0001540322662,                 0,      0.0186353374,    0.003126620633
          0,           0,         483,      -8.957278827,      -7.939799624,      -8.924277086,      -8.413731416,      -12.24895289,     0.01574983121,    0.008268123522,    0.000153454767,                 0,                 0,                 0,   3.832892728e-05,    0.008268123522,    0.000153454767,                 0,     0.01855980581,    0.003126620633
          0,           0,         484,      -8.954724776,      -7.938203795,      -8.922153221,      -8.411148443,      -12.24591096,     0.01574983121,    0.008270654323,   0.0001528526112,                 0,                 0,                 0,   3.821076911e-05,    0.008270654323,   0.0001528526112,                 0,     0.01848132024,    0.003126620633
          0,           0,         485,      -8.952179828,      -7.936600654,      -8.920035493,      -8.408573581,      -12.24287019,     0.01574983121,    0.008273193368,   0.0001522258093,                 0,                 0,                 0,   3.808669521e-05,    0.008273193368,   0.0001522258093,                 0,     0.01839988533,    0.003126620633
          0,           0,         486,      -8.949644132,      -7.934990365,      -8.917924032,      -8.406006989,      -12.23983079,     0.01574983121,     0.00827574046,   0.0001515743769,                 0,                 0,                 0,   3.795672735e-05,     0.00827574046,   0.0001515743769,                 0,     0.01831550634,    0.003126620633
          0,           0,         487,      -8.947117829,      -7.933373104,      -8.915818927,      -8.403448813,      -12.23679298,     0.01574983121,      0.0082782954,   0.0001508983432,                 0,                 0,                 0,     3.7820893e-05,      0.0082782954,   0.0001508983432,                 0,     0.01822819021,    0.003126620633
          0,           0,         488,      -8.944601052,      -7.931749064,      -8.913720292,      -8.400899199,      -12.23375694,     0.01574983121,    0.008280857995,   0.0001501977479,                 0,                 0,                 0,   3.767922269e-05,    0.008280857995,   0.0001501977479,                 0,     0.01813794513,    0.003126620633
          0,           0,         489,       -8.94209393,      -7.930118453,      -8.911628225,       -8.39835828,      -12.23072277,     0.01574983121,    0.008283428049,   0.0001494726385,                 0,                 0,                 0,   3.753174575e-05,    0.008283428049,   0.0001494726385,                 0,     0.01804478021,    0.003126620633
          0,           0,         490,      -8.939596581,      -7.928481491,      -8.909542826,      -8.395826187,      -12.22769053,     0.01574983121,    0.008286005365,   0.0001487230722,                 0,                 0,                 0,    3.73784917e-05,    0.008286005365,   0.0001487230722,                 0,     0.01794870576,    0.003126620633
          0,           0,         491,      -8.937109116,      -7.926838408,      -8.907464189,      -8.393303039,      -12.22466024,     0.01574983121,    0.008288589742,   0.0001479491148,                 0,                 0,                 0,   3.721949032e-05,    0.008288589742,   0.0001479491148,                 0,     0.01784973312,    0.003126620633
          0,           0,         492,      -8.934631635,      -7.925189439,      -8.905392401,      -8.390788949,      -12.22163187,     0.01574983121,    0.008291180974,    0.000147150838,                 0,                 0,                 0,   3.705477052e-05,    0.008291180974,    0.000147150838,                 0,     0.01774787433,    0.003126620633
          0,           0,         493,      -8.932164234,       -7.92353482,      -8.903327539,      -8.388284023,      -12.21860545,     0.01574983121,    0.008293778852,   0.0001463283199,                 0,                 0,                 0,   3.688436189e-05,    0.008293778852,   0.0001463283199,                 0,     0.01764314223,    0.003126620633
          0,           0,         494,      -8.929706993,      -7.921874781,      -8.901269674,      -8.385788355,      -12.21558107,     0.01574983121,    0.008296383164,    0.000145481652,                 0,                 0,                 0,    3.67082992e-05,    0.008296383164,    0.000145481652,                 0,     0.01753555123,    0.003126620633
          0,           0,         495,      -8.927259987,       -7.92020955,       -8.89921888,      -8.383302036,       -12.2125589,     0.01574983121,    0.008298993699,     0.00014461093,                 0,                 0,                 0,   3.652661533e-05,    0.008298993699,     0.00014461093,                 0,     0.01742511626,    0.003126620633
          0,           0,         496,      -8.924823289,      -7.918539347,      -8.897175206,      -8.380825151,      -12.20953919,     0.01574983121,    0.008301610242,   0.0001437162548,                 0,                 0,                 0,   3.633934107e-05,    0.008301610242,   0.0001437162548,                 0,     0.01731185284,    0.003126620633
          0,           0,         497,      -8.922396962,      -7.916864385,      -8.895138704,      -8.378357777,      -12.20652221,     0.01574983121,    0.008304232577,   0.0001427977333,                 0,                 0,                 0,   3.614650758e-05,    0.008304232577,   0.0001427977333,                 0,     0.01719577721,    0.003126620633
          0,           0,         498,      -8.919981077,      -7.915184872,      -8.893109428,      -8.375899999,      -12.20350823,     0.01574983121,    0.008306860485,   0.0001418554796,                 0,                 0,                 0,    3.59481474e-05,    0.008306860485,   0.0001418554796,                 0,     0.01707690647,    0.003126620633
          0,           0,         499,       -8.91757569,      -7.913501003,      -8.891087408,      -8.373451888,      -12.20049744,     0.01574983121,    0.008309493752,   0.0001408896111,                 0,                 0,                 0,   3.574429053e-05,    0.008309493752,   0.0001408896111,                 0,     0.01695525808,    0.003126620633
          0,           0,         500,       -8.91518086,      -7.911812966,      -8.889072691,      -8.371013515,      -12.19748999,     0.01574983121,    0.008312132157,   0.0001399002517,                 0,                 0,                 0,   3.553496681e-05,    0.008312132157,   0.0001399002517,                 0,     0.01683085027,    0.003126620633
          0,           0,         501,      -8.912796634,      -7.910120931,      -8.887065296,      -8.368584944,      -12.19448589,     0.01574983121,    0.008314775477,   0.0001388875308,                 0,                 0,                 0,   3.532020423e-05,    0.008314775477,   0.0001388875308,                 0,     0.01670370189,    0.003126620633
          0,           0,         502,      -8.910423069,      -7.908425061,      -8.885065247,      -8.366166248,      -12.19148514,     0.01574983121,    0.008317423483,   0.0001378515813,                 0,                 0,                 0,   3.510002814e-05,    0.008317423483,   0.0001378515813,                 0,     0.01657383222,    0.003126620633
          0,           0,         503,      -8.908060192,      -7.906725499,      -8.883072558,      -8.363757474,      -12.18848769,     0.01574983121,    0.008320075938,   0.0001367925311,                 0,                 0,                 0,   3.487445871e-05,    0.008320075938,   0.0001367925311,                 0,     0.01644125993,    0.003126620633
          0,           0,         504,      -8.905708028,      -7.905022383,      -8.881087218,      -8.361358668,      -12.18549354,     0.01574983121,    0.008322732601,    0.000135710509,                 0,                 0,                 0,   3.464351562e-05,    0.008322732601,    0.000135710509,                 0,     0.01630600375,    0.003126620633
          0,           0,         505,      -8.903366604,      -7.903315839,      -8.879109227,      -8.358969878,      -12.18250279,     0.01574983121,    0.008325393225,    0.000134605646,                 0,                 0,                 0,    3.44072177e-05,    0.008325393225,    0.000134605646,                 0,     0.01616808267,    0.003126620633
          0,           0,         506,      -8.901035941,      -7.901605995,      -8.877138594,      -8.356591145,      -12.17951564,     0.01574983121,    0.008328057568,   0.0001334780752,                 0,                 0,                 0,   3.416558257e-05,    0.008328057568,   0.0001334780752,                 0,     0.01602751591,    0.003126620633
          0,           0,         507,      -8.898716054,      -7.899892979,       -8.87517532,      -8.354222508,      -12.17653239,     0.01574983121,     0.00833072538,   0.0001323279323,                 0,                 0,                 0,   3.391862787e-05,     0.00833072538,   0.0001323279323,                 0,     0.01588432295,    0.003126620633
          0,           0,         508,      -8.896406963,      -7.898176924,      -8.873219395,      -8.351864009,      -12.17355336,     0.01574983121,    0.008333396415,   0.0001311553594,                 0,                 0,                 0,   3.366637326e-05,    0.008333396415,   0.0001311553594,                 0,     0.01573852399,    0.003126620633
          0,           0,         509,      -8.894108682,      -7.896457967,       -8.87127083,      -8.349515684,      -12.17057886,     0.01574983121,    0.008336070418,   0.0001299604887,                 0,                 0,                 0,   3.340882766e-05,    0.008336070418,   0.0001299604887,                 0,     0.01559013806,    0.003126620633
          0,           0,         510,      -8.891821232,      -7.894736251,      -8.869329613,      -8.347177576,      -12.16760911,     0.01574983121,    0.008338747133,   0.0001287434503,                 0,                 0,                 0,   3.314599458e-05,    0.008338747133,   0.0001287434503,                 0,     0.01543918388,    0.003126620633
          0,           0,         511,      -8.889544665,      -7.893011916,      -8.867395758,      -8.344849759,      -12.16464424,     0.01574983121,    0.008341426299,   0.0001275043816,                 0,                 0,                 0,   3.287787947e-05,    0.008341426299,   0.0001275043816,                 0,     0.01528568102,    0.003126620633
          0,           0,         512,      -8.887278984,      -7.891285099,      -8.865469252,      -8.342532259,      -12.16168422,     0.01574983121,    0.008344107648,   0.0001262434236,                 0,                 0,                 0,   3.260448631e-05,    0.008344107648,   0.0001262434236,                 0,     0.01512964944,    0.003126620633
          0,           0,         513,      -8.885024165,       -7.88955593,      -8.863550079,      -8.340225073,      -12.15872898,     0.01574983121,    0.008346790906,   0.0001249607023,                 0,                 0,                 0,   3.232580566e-05,    0.008346790906,   0.0001249607023,                 0,      0.0149711073,    0.003126620633
          0,           0,         514,      -8.882780195,      -7.887824532,      -8.861638235,      -8.337928213,      -12.15577841,     0.01574983121,    0.008349475789,   0.0001236563428,                 0,                 0,                 0,   3.204182826e-05,    0.008349475789,   0.0001236563428,                 0,     0.01481007262,    0.003126620633
          0,           0,         515,      -8.880547084,       -7.88609102,      -8.859733689,      -8.335641712,      -12.15283248,     0.01574983121,    0.008352162009,   0.0001223304718,                 0,                 0,                 0,   3.175254775e-05,    0.008352162009,   0.0001223304718,                 0,     0.01464656357,    0.003126620633
          0,           0,         516,       -8.87832483,      -7.884355506,      -8.857836435,      -8.333365593,      -12.14989127,     0.01574983121,    0.008354849269,   0.0001209832103,                 0,                 0,                 0,   3.145795442e-05,    0.008354849269,   0.0001209832103,                 0,      0.0144805976,    0.003126620633
          0,           0,         517,      -8.876113429,      -7.882618103,      -8.855946434,      -8.331099876,      -12.14695498,     0.01574983121,    0.008357537273,   0.0001196146825,                 0,                 0,                 0,   3.115804027e-05,    0.008357537273,   0.0001196146825,                 0,     0.01431219252,    0.003126620633
          0,           0,         518,      -8.873912885,      -7.880878931,      -8.854063678,      -8.328844585,      -12.14402393,     0.01574983121,    0.008360225718,   0.0001182250154,                 0,                 0,                 0,   3.085279936e-05,    0.008360225718,   0.0001182250154,                 0,     0.01414136644,    0.003126620633
          0,           0,         519,        -8.8717232,      -7.879138117,      -8.852188156,      -8.326599746,      -12.14109843,     0.01574983121,    0.008362914302,   0.0001168143365,                 0,                 0,                 0,   3.054222444e-05,    0.008362914302,   0.0001168143365,                 0,     0.01396813746,    0.003126620633
          0,           0,         520,      -8.869544377,      -7.877395805,       -8.85031985,      -8.324365383,      -12.13817881,     0.01574983121,    0.008365602717,   0.0001153827777,                 0,                 0,                 0,   3.022630824e-05,    0.008365602717,   0.0001153827777,                 0,     0.01379252418,    0.003126620633
          0,           0,         521,      -8.867376418,      -7.875652146,      -8.848458757,      -8.322141522,      -12.13526524,     0.01574983121,    0.008368290649,   0.0001139304791,                 0,                 0,                 0,   2.990504531e-05,    0.008368290649,   0.0001139304791,                 0,     0.01361454614,    0.003126620633
          0,           0,         522,      -8.865219328,      -7.873907304,      -8.846604889,      -8.319928188,       -12.1323578,     0.01574983121,    0.008370977778,   0.0001124575916,                 0,                 0,                 0,   2.957843332e-05,    0.008370977778,   0.0001124575916,                 0,     0.01343422412,    0.003126620633
          0,           0,         523,      -8.863073111,      -7.872161449,      -8.844758253,      -8.317725411,      -12.12945641,     0.01574983121,    0.008373663773,   0.0001109642675,                 0,                 0,                 0,   2.924646646e-05,    0.008373663773,   0.0001109642675,                 0,     0.01325157906,    0.003126620633
          0,           0,         524,      -8.860937772,      -7.870414751,      -8.842918858,      -8.315533221,      -12.12656093,     0.01574983121,    0.008376348296,   0.0001094506636,                 0,                 0,                 0,   2.890913915e-05,    0.008376348296,   0.0001094506636,                 0,     0.01306663235,    0.003126620633
          0,           0,         525,      -8.858813321,       -7.86866738,      -8.841086713,      -8.313351653,      -12.12367122,     0.01574983121,    0.008379030998,   0.0001079169506,                 0,                 0,                 0,   2.856645534e-05,    0.008379030998,   0.0001079169506,                 0,     0.01287940701,    0.003126620633
          0,           0,         526,       -8.85669974,        -7.8669195,       -8.83926183,      -8.311180716,      -12.12078721,     0.01574983121,    0.008381711524,   0.0001063633123,                 0,                 0,                 0,   2.821842614e-05,    0.008381711524,   0.0001063633123,                 0,     0.01268992758,    0.003126620633
          0,           0,         527,      -8.854597034,       -7.86517127,      -8.837444222,      -8.309020442,      -12.11790897,     0.01574983121,    0.008384389512,    0.000104789943,                 0,                 0,                 0,   2.786506689e-05,    0.008384389512,    0.000104789943,                 0,      0.0124982198,    0.003126620633
          0,           0,         528,      -8.852505207,      -7.863422844,      -8.835633906,      -8.306870861,      -12.11503668,     0.01574983121,    0.008387064598,   0.0001031970474,                 0,                 0,                 0,   2.750639628e-05,    0.008387064598,   0.0001031970474,                 0,     0.01230431055,    0.003126620633
          0,           0,         529,      -8.850424279,      -7.861674368,      -8.833830895,      -8.304732022,      -12.11217062,     0.01574983121,    0.008389736412,   0.0001015848442,                 0,                 0,                 0,   2.714243877e-05,    0.008389736412,   0.0001015848442,                 0,     0.01210822834,    0.003126620633
          0,           0,         530,      -8.848354273,      -7.859925981,      -8.832035218,      -8.302603969,      -12.10931108,     0.01574983121,    0.008392404582,   9.995357209e-05,                 0,                 0,                 0,   2.677322702e-05,    0.008392404582,   9.995357209e-05,                 0,     0.01191000399,    0.003126620633
          0,           0,         531,      -8.846295216,      -7.858177815,      -8.830246887,      -8.300486759,       -12.1064583,     0.01574983121,    0.008395068731,   9.830349328e-05,                 0,                 0,                 0,   2.639880142e-05,    0.008395068731,   9.830349328e-05,                 0,     0.01170967105,    0.003126620633
          0,           0,         532,      -8.844247145,      -7.856429987,      -8.828465923,      -8.298380452,       -12.1036124,     0.01574983121,    0.008397728473,   9.663489443e-05,                 0,                 0,                 0,     2.6019208e-05,    0.008397728473,   9.663489443e-05,                 0,     0.01150726589,    0.003126620633
          0,           0,         533,      -8.842210102,      -7.854682599,      -8.826692343,      -8.296285115,      -12.10077338,     0.01574983121,    0.008400383414,   9.494808889e-05,                 0,                 0,                 0,   2.563449972e-05,    0.008400383414,   9.494808889e-05,                 0,       0.011302828,    0.003126620633
          0,           0,         534,      -8.840184129,      -7.852935744,      -8.824926162,      -8.294200819,      -12.09794111,     0.01574983121,    0.008403033151,   9.324341866e-05,                 0,                 0,                 0,   2.524473923e-05,    0.008403033151,   9.324341866e-05,                 0,     0.01109640019,    0.003126620633
          0,           0,         535,      -8.838169275,      -7.851189503,       -8.82316739,      -8.292127636,       -12.0951154,     0.01574983121,    0.008405677273,   9.152124873e-05,                 0,                 0,                 0,   2.484999545e-05,    0.008405677273,   9.152124873e-05,                 0,     0.01088802791,    0.003126620633
          0,           0,         536,       -8.83616561,      -7.849443954,      -8.821416055,      -8.290065667,      -12.09229609,     0.01574983121,     0.00840831536,   8.978196643e-05,                 0,                 0,                 0,   2.445034361e-05,     0.00840831536,   8.978196643e-05,                 0,     0.01067775917,    0.003126620633
          0,           0,         537,      -8.834173219,      -7.847699178,      -8.819672153,       -8.28801502,      -12.08948307,     0.01574983121,    0.008410946987,   8.802599585e-05,                 0,                 0,                 0,   2.404587498e-05,    0.008410946987,   8.802599585e-05,                 0,     0.01046564626,    0.003126620633
          0,           0,         538,      -8.832192146,      -7.845955265,      -8.817935721,      -8.285975768,      -12.08667635,     0.01574983121,    0.008413571723,   8.625381002e-05,                 0,                 0,                 0,   2.363670219e-05,    0.008413571723,   8.625381002e-05,                 0,     0.01025174716,    0.003126620633
          0,           0,         539,      -8.830222458,      -7.844212321,      -8.816206777,      -8.283948002,      -12.08387605,     0.01574983121,    0.008416189132,   8.446592015e-05,                 0,                 0,                 0,    2.32229477e-05,    0.008416189132,   8.446592015e-05,                 0,     0.01003612429,    0.003126620633
          0,           0,         540,      -8.828264242,      -7.842470477,      -8.814485373,      -8.281931835,       -12.0810824,     0.01574983121,    0.008418798771,   8.266287681e-05,                 0,                 0,                 0,   2.280474406e-05,    0.008418798771,   8.266287681e-05,                 0,    0.009818844595,    0.003126620633
          0,           0,         541,      -8.826317604,      -7.840729886,      -8.812771567,      -8.279927396,      -12.07829562,     0.01574983121,    0.008421400155,   8.084525546e-05,                 0,                 0,                 0,    2.23822224e-05,    0.008421400155,   8.084525546e-05,                 0,     0.00959997791,    0.003126620633
          0,           0,         542,      -8.824382654,      -7.838990729,      -8.811065443,       -8.27793482,      -12.07551585,     0.01574983121,    0.008423992891,   7.901370033e-05,                 0,                 0,                 0,   2.195554493e-05,    0.008423992891,   7.901370033e-05,                 0,    0.009379601971,    0.003126620633
          0,           0,         543,      -8.822459519,      -7.837253212,      -8.809367092,      -8.275954258,      -12.07274313,     0.01574983121,    0.008426576524,   7.716891412e-05,                 0,                 0,                 0,   2.152489257e-05,    0.008426576524,   7.716891412e-05,                 0,     0.00915780138,    0.003126620633
          0,           0,         544,      -8.820548327,       -7.83551756,      -8.807676642,      -8.273985861,      -12.06997739,     0.01574983121,    0.008429150556,   7.531164841e-05,                 0,                 0,                 0,   2.109045263e-05,    0.008429150556,   7.531164841e-05,                 0,    0.008934666419,    0.003126620633
          0,           0,         545,      -8.818649221,       -7.83378401,      -8.805994222,      -8.272029798,      -12.06721841,     0.01574983121,    0.008431714502,   7.344271681e-05,                 0,                 0,                 0,   2.065242978e-05,    0.008431714502,   7.344271681e-05,                 0,    0.008710294543,    0.003126620633
          0,           0,         546,      -8.816762356,      -7.832052806,      -8.804319984,      -8.270086248,       -12.0644659,     0.01574983121,    0.008434267872,   7.156299178e-05,                 0,                 0,                 0,   2.021104874e-05,    0.008434267872,   7.156299178e-05,                 0,     0.00848479001,    0.003126620633
          0,           0,         547,      -8.814887899,      -7.830324195,      -8.802654109,      -8.268155402,      -12.06171959,     0.01574983121,    0.008436810174,   6.967340777e-05,                 0,                 0,                 0,   1.976655722e-05,    0.008436810174,   6.967340777e-05,                 0,    0.008258264242,    0.003126620633
          0,           0,         548,      -8.813026023,       -7.82859842,      -8.800996769,      -8.266237458,      -12.05897928,     0.01574983121,    0.008439340908,   6.777496784e-05,                 0,                 0,                 0,   1.931922666e-05,    0.008439340908,   6.777496784e-05,                 0,      0.0080308366,    0.003126620633
          0,           0,         549,      -8.811176925,       -7.82687572,      -8.799348152,      -8.264332641,      -12.05624484,     0.01574983121,     0.00844185957,   6.586875149e-05,                 0,                 0,                 0,   1.886935342e-05,     0.00844185957,   6.586875149e-05,                 0,    0.007802635302,    0.003126620633
          0,           0,         550,      -8.809340822,      -7.825156333,       -8.79770847,      -8.262441189,      -12.05351631,     0.01574983121,    0.008444365651,   6.395591665e-05,                 0,                 0,                 0,   1.841725925e-05,    0.008444365651,   6.395591665e-05,                 0,    0.007573797642,    0.003126620633
          0,           0,         551,      -8.807517942,      -7.823440485,      -8.796077919,      -8.260563356,      -12.05079382,     0.01574983121,    0.008446858639,   6.203769956e-05,                 0,                 0,                 0,   1.796329306e-05,    0.008446858639,   6.203769956e-05,                 0,    0.007344469963,    0.003126620633
          0,           0,         552,      -8.805708533,      -7.821728398,      -8.794456723,      -8.258699414,      -12.04807747,     0.01574983121,    0.008449338022,   6.011541367e-05,                 0,                 0,                 0,   1.750783152e-05,    0.008449338022,   6.011541367e-05,                 0,    0.007114807517,    0.003126620633
          0,           0,         553,      -8.803912866,      -7.820020283,      -8.792845107,      -8.256849659,      -12.04536726,     0.01574983121,    0.008451803281,   5.819045058e-05,                 0,                 0,                 0,   1.705127929e-05,    0.008451803281,   5.819045058e-05,                 0,    0.006884974561,    0.003126620633
          0,           0,         554,      -8.802131225,      -7.818316339,      -8.791243303,      -8.255014401,      -12.04266304,     0.01574983121,    0.008454253893,   5.626428553e-05,                 0,                 0,                 0,   1.659407311e-05,    0.008454253893,   5.626428553e-05,                 0,    0.006655145001,    0.003126620633
          0,           0,         555,      -8.800363919,      -7.816616761,      -8.789651551,      -8.253193974,      -12.03996451,     0.01574983121,     0.00845668933,    5.43384818e-05,                 0,                 0,                 0,   1.613668436e-05,     0.00845668933,    5.43384818e-05,                 0,    0.006425502899,    0.003126620633
          0,           0,         556,      -8.798611276,      -7.814921745,      -8.788070079,      -8.251388735,      -12.03727125,     0.01574983121,    0.008459109062,   5.241469263e-05,                 0,                 0,                 0,   1.567961922e-05,    0.008459109062,   5.241469263e-05,                 0,    0.006196242684,    0.003126620633
          0,           0,         557,       -8.79687365,      -7.813231488,       -8.78649915,      -8.249599061,      -12.03458279,     0.01574983121,    0.008461512552,   5.049465972e-05,                 0,                 0,                 0,   1.522341589e-05,    0.008461512552,   5.049465972e-05,                 0,    0.005967568967,    0.003126620633
          0,           0,         558,      -8.795151407,      -7.811546203,      -8.784939019,      -8.247825348,      -12.03189872,     0.01574983121,    0.008463899263,   4.858021381e-05,                 0,                 0,                 0,   1.476864286e-05,    0.008463899263,   4.858021381e-05,                 0,    0.005739696598,    0.003126620633
          0,           0,         559,      -8.793444944,      -7.809866116,       -8.78338997,      -8.246068017,      -12.02921866,     0.01574983121,    0.008466268656,   4.667327626e-05,                 0,                 0,                 0,   1.431589836e-05,    0.008466268656,   4.667327626e-05,                 0,    0.005512850839,    0.003126620633
          0,           0,         560,      -8.791754676,      -7.808191475,      -8.781852299,      -8.244327509,       -12.0265423,     0.01574983121,    0.008468620188,   4.477585862e-05,                 0,                 0,                 0,   1.386580814e-05,    0.008468620188,   4.477585862e-05,                 0,    0.005287267304,    0.003126620633
          0,           0,         561,      -8.790081041,      -7.806522551,      -8.780326334,      -8.242604284,      -12.02386938,     0.01574983121,    0.008470953329,   4.289005973e-05,                 0,                 0,                 0,   1.341902193e-05,    0.008470953329,   4.289005973e-05,                 0,    0.005063191599,    0.003126620633
          0,           0,         562,        -8.7884245,      -7.804859636,      -8.778812423,      -8.240898829,      -12.02119972,     0.01574983121,    0.008473267543,   4.101805478e-05,                 0,                 0,                 0,   1.297620528e-05,    0.008473267543,   4.101805478e-05,                 0,    0.004840878041,    0.003126620633
          0,           0,         563,      -8.786785541,      -7.803203042,       -8.77731093,      -8.239211652,      -12.01853309,     0.01574983121,    0.008475562302,   3.916209501e-05,                 0,                 0,                 0,   1.253804213e-05,    0.008475562302,   3.916209501e-05,                 0,    0.004620589598,    0.003126620633
          0,           0,         564,      -8.785164683,      -7.801553096,      -8.775822252,      -8.237543295,      -12.01586915,     0.01574983121,    0.008477837043,   3.732449366e-05,                 0,                 0,                 0,   1.210522759e-05,    0.008477837043,   3.732449366e-05,                 0,     0.00440259626,    0.003126620633
          0,           0,         565,      -8.783562458,      -7.799910137,      -8.774346804,      -8.235894311,      -12.01320741,     0.01574983121,    0.008480091238,   3.550762959e-05,                 0,                 0,                 0,   1.167847408e-05,    0.008480091238,   3.550762959e-05,                 0,     0.00418717542,    0.003126620633
          0,           0,         566,      -8.781979424,      -7.798274507,      -8.772885015,       -8.23426528,      -12.01054721,     0.01574983121,    0.008482324351,     3.3713934e-05,                 0,                 0,                 0,   1.125850382e-05,    0.008482324351,     3.3713934e-05,                 0,    0.003974610332,    0.003126620633
          0,           0,         567,      -8.780416168,      -7.796646552,      -8.771437329,       -8.23265681,      -12.00788783,     0.01574983121,    0.008484535851,   3.194589965e-05,                 0,                 0,                 0,   1.084605755e-05,    0.008484535851,   3.194589965e-05,                 0,    0.003765191192,    0.003126620633
          0,           0,         568,      -8.778873296,      -7.795026618,      -8.770004224,       -8.23106953,      -12.00522847,     0.01574983121,    0.008486725197,   3.020605504e-05,                 0,                 0,                 0,   1.044187512e-05,    0.008486725197,   3.020605504e-05,                 0,    0.003559212104,    0.003126620633
          0,           0,         569,      -8.777351443,      -7.793415057,      -8.768586183,      -8.229504094,      -12.00256824,     0.01574983121,    0.008488891865,   2.849697938e-05,                 0,                 0,                 0,   1.004670777e-05,    0.008488891865,   2.849697938e-05,                 0,    0.003356972834,    0.003126620633
          0,           0,         570,      -8.775851274,      -7.791812231,      -8.767183708,      -8.227961186,      -11.99990632,     0.01574983121,    0.008491035339,   2.682128626e-05,                 0,                 0,                 0,   9.661307749e-06,    0.008491035339,   2.682128626e-05,                 0,    0.003158776896,    0.003126620633
          0,           0,         571,      -8.774373473,      -7.790218511,      -8.765797336,      -8.226441511,      -11.99724193,     0.01574983121,    0.008493155111,   2.518162274e-05,                 0,                 0,                 0,   9.286428446e-06,    0.008493155111,   2.518162274e-05,                 0,    0.002964931455,    0.003126620633
          0,           0,         572,      -8.772918765,      -7.788634285,      -8.764427626,       -8.22494581,      -11.99457422,     0.01574983121,    0.008495250686,   2.358066549e-05,                 0,                 0,                 0,    8.92282117e-06,    0.008495250686,   2.358066549e-05,                 0,    0.002775746868,    0.003126620633
          0,           0,         573,      -8.771487904,      -7.787059957,      -8.763075169,      -8.223474855,      -11.99190239,     0.01574983121,    0.008497321566,   2.202112682e-05,                 0,                 0,                 0,   8.571240023e-06,    0.008497321566,   2.202112682e-05,                 0,    0.002591537421,    0.003126620633
          0,           0,         574,      -8.770081672,      -7.785495943,      -8.761740562,      -8.222029447,      -11.98922552,     0.01574983121,    0.008499367275,   2.050572739e-05,                 0,                 0,                 0,   8.232424379e-06,    0.008499367275,   2.050572739e-05,                 0,    0.002412618108,    0.003126620633
          0,           0,         575,       -8.76870089,      -7.783942675,      -8.760424444,      -8.220610423,      -11.98654256,     0.01574983121,    0.008501387342,   1.903719479e-05,                 0,                 0,                 0,   7.907104011e-06,    0.008501387342,   1.903719479e-05,                 0,    0.002239304483,    0.003126620633
          0,           0,         576,      -8.767346411,      -7.782400597,      -8.759127458,      -8.219218651,      -11.98385232,     0.01574983121,    0.008503381307,   1.761825187e-05,                 0,                 0,                 0,   7.595996568e-06,    0.008503381307,   1.761825187e-05,                 0,    0.002071911306,    0.003126620633
          0,           0,         577,      -8.766019106,       -7.78087017,      -8.757850276,      -8.217855021,      -11.98115338,     0.01574983121,    0.008505348722,   1.625160542e-05,                 0,                 0,                 0,   7.299805685e-06,    0.008505348722,   1.625160542e-05,                 0,    0.001910751216,    0.003126620633
          0,           0,         578,      -8.764719875,       -7.77935187,      -8.756593583,      -8.216520447,      -11.97844418,     0.01574983121,    0.008507289157,   1.493993173e-05,                 0,                 0,                 0,   7.019215665e-06,    0.008507289157,   1.493993173e-05,                 0,    0.001756133059,    0.003126620633
          0,           0,         579,      -8.763449645,      -7.777846194,      -8.755358092,      -8.215215873,      -11.97572304,     0.01574983121,    0.008509202196,   1.368587742e-05,                 0,                 0,                 0,   6.754892043e-06,    0.008509202196,   1.368587742e-05,                 0,    0.001608361995,    0.003126620633
          0,           0,         580,      -8.762209379,      -7.776353657,      -8.754144534,      -8.213942275,       -11.9729882,     0.01574983121,     0.00851108744,   1.249205097e-05,                 0,                 0,                 0,   6.507477417e-06,     0.00851108744,   1.249205097e-05,                 0,    0.001467738531,    0.003126620633
          0,           0,         581,       -8.76100007,      -7.774874795,      -8.752953673,      -8.212700656,      -11.97023785,     0.01574983121,    0.008512944512,   1.136101432e-05,                 0,                 0,                 0,   6.277586476e-06,    0.008512944512,   1.136101432e-05,                 0,    0.001334557544,    0.003126620633
          0,           0,         582,      -8.759822739,      -7.773410162,      -8.751786295,      -8.211492049,      -11.96747015,     0.01574983121,     0.00851477305,   1.029527962e-05,                 0,                 0,                 0,   6.065805335e-06,     0.00851477305,   1.029527962e-05,                 0,    0.001209107931,    0.003126620633
          0,           0,         583,      -8.758678434,      -7.771960326,      -8.750643195,      -8.210317514,      -11.96468317,     0.01574983121,    0.008516572717,   9.297301297e-06,                 0,                 0,                 0,   5.872688089e-06,    0.008516572717,   9.297301297e-06,                 0,    0.001091671686,    0.003126620633
          0,           0,         584,      -8.757568233,      -7.770525871,      -8.749525202,      -8.209178136,      -11.96187482,     0.01574983121,    0.008518343192,   8.369467969e-06,                 0,                 0,                 0,   5.698754931e-06,    0.008518343192,   8.369467969e-06,                 0,   0.0009825229837,    0.003126620633
          0,           0,         585,      -8.756493231,      -7.769107389,      -8.748433141,      -8.208075017,      -11.95904285,     0.01574983121,    0.008520084174,   7.514092085e-06,                 0,                 0,                 0,   5.544490166e-06,    0.008520084174,   7.514092085e-06,                 0,   0.0008819269776,    0.003126620633
          0,           0,         586,       -8.75545454,      -7.767705481,      -8.747367848,      -8.207009277,      -11.95618482,     0.01574983121,    0.008521795383,   6.733391711e-06,                 0,                 0,                 0,   5.410335919e-06,    0.008521795383,   6.733391711e-06,                 0,    0.000790137689,    0.003126620633
          0,           0,         587,      -8.754453293,      -7.766320762,      -8.746330159,      -8.205982052,      -11.95329804,     0.01574983121,    0.008523476563,   6.029464545e-06,                 0,                 0,                 0,   5.296681504e-06,    0.008523476563,   6.029464545e-06,                 0,   0.0007073949814,    0.003126620633
          0,           0,         588,      -8.753490629,      -7.764953859,      -8.745320928,      -8.204994487,      -11.95037956,     0.01574983121,    0.008525127479,   5.404287845e-06,                 0,                 0,                 0,   5.203870732e-06,    0.008525127479,   5.404287845e-06,                 0,   0.0006339245786,    0.003126620633
          0,           0,         589,      -8.752567703,      -7.763605418,         -8.744341,      -8.204047735,      -11.94742627,     0.01574983121,    0.008526747922,   4.859714951e-06,                 0,                 0,                 0,   5.132202393e-06,    0.008526747922,   4.859714951e-06,                 0,   0.0005699376826,    0.003126620633
          0,           0,         590,      -8.751685686,      -7.762276106,      -8.743391242,      -8.203142967,      -11.94443483,     0.01574983121,    0.008528337709,   4.397476346e-06,                 0,                 0,                 0,    5.08193048e-06,    0.008528337709,   4.397476346e-06,                 0,   0.0005156311226,    0.003126620633
          0,           0,         591,      -8.750845746,      -7.760966612,      -8.742472522,      -8.202281348,      -11.94140173,     0.01574983121,    0.008529896679,   4.019184919e-06,                 0,                 0,                 0,   5.053267101e-06,    0.008529896679,   4.019184919e-06,                 0,   0.0004711879956,    0.003126620633
          0,           0,         592,      -8.750049057,      -7.759677646,      -8.741585727,      -8.201464047,      -11.93832326,     0.01574983121,    0.008531424702,   3.726340567e-06,                 0,                 0,                 0,   5.046387245e-06,    0.008531424702,   3.726340567e-06,                 0,   0.0004367782284,    0.003126620633
          0,           0,         593,      -8.749296795,      -7.758409934,      -8.740731748,       -8.20069223,      -11.93519557,     0.01574983121,    0.008532921672,   3.520313431e-06,                 0,                 0,                 0,   5.061420042e-06,    0.008532921672,   3.520313431e-06,                 0,   0.0004125566326,    0.003126620633
          0,           0,         594,      -8.748590155,       -7.75716422,      -8.739911468,      -8.199967087,      -11.93201456,     0.01574983121,     0.00853438751,   3.402326751e-06,                 0,                 0,                 0,   5.098442656e-06,     0.00853438751,   3.402326751e-06,                 0,   0.0003986609171,    0.003126620633
          0,           0,         595,      -8.747930338,       -7.75594126,      -8.739125795,      -8.199289805,      -11.92877604,     0.01574983121,    0.008535822164,   3.373457746e-06,                 0,                 0,                 0,    5.15748842e-06,    0.008535822164,   3.373457746e-06,                 0,   0.0003952118122,    0.003126620633
          0,           0,         596,      -8.747318512,      -7.754741821,      -8.738375607,      -8.198661539,      -11.92547556,     0.01574983121,    0.008537225609,   3.434670421e-06,                 0,                 0,                 0,   5.238570688e-06,    0.008537225609,   3.434670421e-06,                 0,   0.0004023169327,    0.003126620633
          0,           0,         597,      -8.746755837,      -7.753566679,      -8.737661816,      -8.198083435,      -11.92210844,     0.01574983121,    0.008538597845,   3.586777185e-06,                 0,                 0,                 0,    5.34165104e-06,    0.008538597845,   3.586777185e-06,                 0,   0.0004200662978,    0.003126620633
          0,           0,         598,      -8.746243465,       -7.75241662,      -8.736985297,      -8.197556629,      -11.91866975,     0.01574983121,    0.008539938901,   3.830430703e-06,                 0,                 0,                 0,    5.46663643e-06,    0.008539938901,   3.830430703e-06,                 0,   0.0004485313944,    0.003126620633
          0,           0,         599,      -8.745782527,      -7.751292438,      -8.736346949,      -8.197082232,      -11.91515431,     0.01574983121,    0.008541248831,   4.166138406e-06,                 0,                 0,                 0,   5.613396161e-06,    0.008541248831,   4.166138406e-06,                 0,   0.0004877668932,    0.003126620633
          0,           0,         600,      -8.745374153,      -7.750194941,      -8.735747649,      -8.196661355,      -11.91155669,     0.01574983121,    0.008542527695,   4.594253192e-06,                 0,                 0,                 0,   5.781756772e-06,    0.008542527695,   4.594253192e-06,                 0,   0.0005378095754,    0.003126620633
          0,           0,         601,      -8.745019488,      -7.749124944,      -8.735188282,      -8.196295118,      -11.90787138,     0.01574983121,    0.008543775638,   5.114995644e-06,                 0,                 0,                 0,   5.971517021e-06,    0.008543775638,   5.114995644e-06,                 0,   0.0005986809416,    0.003126620633
          0,           0,         602,      -8.744719623,      -7.748083272,      -8.734669723,       -8.19598459,      -11.90409267,     0.01574983121,    0.008544992797,   5.728452214e-06,                 0,                 0,                 0,   6.182442801e-06,    0.008544992797,   5.728452214e-06,                 0,    0.000670387015,    0.003126620633
          0,           0,         603,      -8.744475621,      -7.747070758,      -8.734192811,      -8.195730806,      -11.90021481,     0.01574983121,    0.008546179318,   6.434575543e-06,                 0,                 0,                 0,    6.41426673e-06,    0.008546179318,   6.434575543e-06,                 0,   0.0007529183865,    0.003126620633
          0,           0,         604,      -8.744288541,      -7.746088242,      -8.733758402,      -8.195534798,      -11.89623198,     0.01574983121,    0.008547335388,    7.23316981e-06,                 0,                 0,                 0,   6.666681553e-06,    0.008547335388,    7.23316981e-06,                 0,   0.0008462485068,    0.003126620633
          0,           0,         605,      -8.744159413,      -7.745136568,       -8.73336732,      -8.195397564,      -11.89213823,     0.01574983121,    0.008548461221,   8.123901375e-06,                 0,                 0,                 0,   6.939352782e-06,    0.008548461221,   8.123901375e-06,                 0,   0.0009503349392,    0.003126620633
          0,           0,         606,      -8.744089223,      -7.744216589,      -8.733020381,      -8.195320061,      -11.88792761,     0.01574983121,    0.008549557055,   9.106307049e-06,                 0,                 0,                 0,   7.231923228e-06,    0.008549557055,   9.106307049e-06,                 0,    0.001065120332,    0.003126620633
          0,           0,         607,      -8.744078934,       -7.74332916,      -8.732718368,      -8.195303218,      -11.88359415,     0.01574983121,    0.008550623154,   1.017979281e-05,                 0,                 0,                 0,   7.544007442e-06,    0.008550623154,   1.017979281e-05,                 0,    0.001190532272,    0.003126620633
          0,           0,         608,      -8.744129489,      -7.742475141,       -8.73246207,      -8.195347943,       -11.8791319,     0.01574983121,    0.008551659802,   1.134364514e-05,                 0,                 0,                 0,   7.875198261e-06,    0.008551659802,   1.134364514e-05,                 0,    0.001326484613,    0.003126620633
          0,           0,         609,      -8.744241784,      -7.741655398,      -8.732252251,      -8.195455096,      -11.87453487,     0.01574983121,    0.008552667307,   1.259703889e-05,                 0,                 0,                 0,   8.225071275e-06,    0.008552667307,   1.259703889e-05,                 0,    0.001472878395,    0.003126620633
          0,           0,         610,       -8.74441671,      -7.740870794,      -8.732089658,       -8.19562553,      -11.86979727,     0.01574983121,    0.008553645999,   1.393903778e-05,                 0,                 0,                 0,   8.593185316e-06,    0.008553645999,   1.393903778e-05,                 0,    0.001629601901,    0.003126620633
          0,           0,         611,      -8.744655109,      -7.740122196,      -8.731975029,       -8.19586005,      -11.86491357,     0.01574983121,     0.00855459623,   1.536857456e-05,                 0,                 0,                 0,   8.979067906e-06,     0.00855459623,   1.536857456e-05,                 0,     0.00179652834,    0.003126620633
          0,           0,         612,       -8.74495776,      -7.739410466,      -8.731909068,      -8.196159394,      -11.85987834,     0.01574983121,    0.008555518371,   1.688445365e-05,                 0,                 0,                 0,   9.382219387e-06,    0.008555518371,   1.688445365e-05,                 0,    0.001973516147,    0.003126620633
          0,           0,         613,      -8.745325418,      -7.738736467,      -8.731892473,      -8.196524277,      -11.85468652,     0.01574983121,    0.008556412816,   1.848537369e-05,                 0,                 0,                 0,   9.802127864e-06,    0.008556412816,   1.848537369e-05,                 0,    0.002160411622,    0.003126620633
          0,           0,         614,      -8.745758821,      -7.738101057,      -8.731925929,      -8.196955397,      -11.84933336,     0.01574983121,     0.00855727998,   2.016993719e-05,                 0,                 0,                 0,   1.023827093e-05,     0.00855727998,   2.016993719e-05,                 0,    0.002357050049,    0.003126620633
          0,           0,         615,      -8.746258648,      -7.737505088,      -8.732010108,      -8.197453391,       -11.8438145,     0.01574983121,    0.008558120287,   2.193663603e-05,                 0,                 0,                 0,   1.069009913e-05,    0.008558120287,   2.193663603e-05,                 0,    0.002563253996,    0.003126620633
          0,           0,         616,      -8.746825535,      -7.736949405,      -8.732145655,      -8.198018852,      -11.83812615,     0.01574983121,     0.00855893419,   2.378380744e-05,                 0,                 0,                 0,   1.115700983e-05,     0.00855893419,   2.378380744e-05,                 0,    0.002778828171,    0.003126620633
          0,           0,         617,      -8.747460084,      -7.736434845,      -8.732333197,      -8.198652341,      -11.83226501,     0.01574983121,    0.008559722149,   2.570967921e-05,                 0,                 0,                 0,   1.163838893e-05,    0.008559722149,   2.570967921e-05,                 0,    0.003003564691,    0.003126620633
          0,           0,         618,      -8.748162877,      -7.735962241,      -8.732573338,      -8.199354396,      -11.82622833,     0.01574983121,    0.008560484643,   2.771238278e-05,                 0,                 0,                 0,   1.213361578e-05,    0.008560484643,   2.771238278e-05,                 0,    0.003237244611,    0.003126620633
          0,           0,         619,      -8.748934456,      -7.735532417,      -8.732866671,      -8.200125516,      -11.82001396,     0.01574983121,    0.008561222163,   2.978997044e-05,                 0,                 0,                 0,   1.264206386e-05,    0.008561222163,   2.978997044e-05,                 0,    0.003479639925,    0.003126620633
          0,           0,         620,      -8.749775307,      -7.735146186,      -8.733213753,      -8.200966144,       -11.8136204,     0.01574983121,    0.008561935224,   3.194038766e-05,                 0,                 0,                 0,   1.316307568e-05,    0.008561935224,   3.194038766e-05,                 0,    0.003730510314,    0.003126620633
          0,           0,         621,      -8.750685891,      -7.734804354,      -8.733615134,      -8.201876697,      -11.80704688,     0.01574983121,    0.008562624334,     3.4161479e-05,                 0,                 0,                 0,   1.369597197e-05,    0.008562624334,     3.4161479e-05,                 0,    0.003989603849,    0.003126620633
          0,           0,         622,      -8.751666574,      -7.734507712,      -8.734071328,      -8.202857498,      -11.80029337,     0.01574983121,    0.008563290024,   3.645101781e-05,                 0,                 0,                 0,    1.42400761e-05,    0.008563290024,   3.645101781e-05,                 0,    0.004256660432,    0.003126620633
          0,           0,         623,      -8.752717727,      -7.734257044,      -8.734582844,      -8.203908874,      -11.79336055,     0.01574983121,    0.008563932836,   3.880667959e-05,                 0,                 0,                 0,   1.479469157e-05,    0.008563932836,   3.880667959e-05,                 0,     0.00453140868,    0.003126620633
          0,           0,         624,      -8.753839676,      -7.734053121,      -8.735150158,      -8.205031111,      -11.78624987,     0.01574983121,    0.008564553324,   4.122605946e-05,                 0,                 0,                 0,      1.535911e-05,    0.008564553324,   4.122605946e-05,                 0,    0.004813567958,    0.003126620633
          0,           0,         625,      -8.755032709,      -7.733896705,      -8.735773733,      -8.206224451,      -11.77896349,     0.01574983121,     0.00856515205,   4.370668102e-05,                 0,                 0,                 0,   1.593261403e-05,     0.00856515205,   4.370668102e-05,                 0,    0.005102849403,    0.003126620633
          0,           0,         626,      -8.756297081,      -7.733788544,      -8.736454043,      -8.207489109,      -11.77150435,     0.01574983121,    0.008565729586,   4.624598854e-05,                 0,                 0,                 0,    1.65144706e-05,    0.008565729586,   4.624598854e-05,                 0,    0.005398954995,    0.003126620633
          0,           0,         627,      -8.757633008,      -7.733729373,      -8.737191513,      -8.208825259,      -11.76387614,     0.01574983121,    0.008566286496,   4.884134827e-05,                 0,                 0,                 0,   1.710393416e-05,    0.008566286496,   4.884134827e-05,                 0,    0.005701577725,    0.003126620633
          0,           0,         628,      -8.759040677,      -7.733719909,      -8.737986566,      -8.210233045,      -11.75608334,     0.01574983121,    0.008566823369,   5.149004534e-05,                 0,                 0,                 0,   1.770024408e-05,    0.008566823369,   5.149004534e-05,                 0,    0.006010401187,    0.003126620633
          0,           0,         629,      -8.760520228,       -7.73376086,      -8.738839584,       -8.21171257,      -11.74813096,     0.01574983121,    0.008567340809,   5.418930342e-05,                 0,                 0,                 0,   1.830263495e-05,    0.008567340809,   5.418930342e-05,                 0,    0.006325101876,    0.003126620633
          0,           0,         630,      -8.762071783,      -7.733852917,      -8.739750964,      -8.213263912,      -11.74002464,     0.01574983121,    0.008567839374,    5.69362502e-05,                 0,                 0,                 0,   1.891030826e-05,    0.008567839374,    5.69362502e-05,                 0,    0.006645345193,    0.003126620633
          0,           0,         631,      -8.763695418,       -7.73399676,      -8.740721075,      -8.214887114,      -11.73177081,     0.01574983121,    0.008568319674,   5.972795722e-05,                 0,                 0,                 0,   1.952246431e-05,    0.008568319674,   5.972795722e-05,                 0,    0.006970790014,    0.003126620633
          0,           0,         632,      -8.765391187,      -7.734193048,      -8.741750292,      -8.216582187,      -11.72337639,     0.01574983121,     0.00856878231,   6.256143269e-05,                 0,                 0,                 0,   2.013829661e-05,     0.00856878231,   6.256143269e-05,                 0,    0.007301087882,    0.003126620633
          0,           0,         633,      -8.767159102,      -7.734442425,      -8.742838935,      -8.218349108,      -11.71484902,     0.01574983121,     0.00856922788,   6.543364719e-05,                 0,                 0,                 0,   2.075700505e-05,     0.00856922788,   6.543364719e-05,                 0,    0.007635885999,    0.003126620633
          0,           0,         634,      -8.768999167,       -7.73474552,       -8.74398736,      -8.220187844,      -11.70619662,     0.01574983121,    0.008569656984,   6.834152024e-05,                 0,                 0,                 0,   2.137777875e-05,    0.008569656984,   6.834152024e-05,                 0,     0.00797482564,    0.003126620633
          0,           0,         635,      -8.770911332,      -7.735102949,      -8.745195874,      -8.222098311,      -11.69742747,     0.01574983121,    0.008570070222,   7.128189553e-05,                 0,                 0,                 0,   2.199978112e-05,    0.008570070222,   7.128189553e-05,                 0,    0.008317539261,    0.003126620633
          0,           0,         636,      -8.772895525,      -7.735515308,      -8.746464764,      -8.224080402,      -11.68855023,     0.01574983121,    0.008570468191,   7.425158814e-05,                 0,                 0,                 0,   2.262218922e-05,    0.008570468191,   7.425158814e-05,                 0,    0.008663655997,    0.003126620633
          0,           0,         637,      -8.774951606,      -7.735983178,      -8.747794316,      -8.226133944,      -11.67957382,     0.01574983121,    0.008570851488,   7.724738223e-05,                 0,                 0,                 0,   2.324418801e-05,    0.008570851488,   7.724738223e-05,                 0,    0.009012801393,    0.003126620633
          0,           0,         638,      -8.777079488,      -7.736507126,      -8.749184806,      -8.228258819,      -11.67050736,     0.01574983121,    0.008571220708,   8.026604599e-05,                 0,                 0,                 0,   2.386496966e-05,    0.008571220708,   8.026604599e-05,                 0,    0.009364599131,    0.003126620633
          0,           0,         639,       -8.77927895,        -7.7370877,      -8.750636499,      -8.230454777,      -11.66136009,     0.01574983121,    0.008571576441,   8.330433666e-05,                 0,                 0,                 0,   2.448373418e-05,    0.008571576441,   8.330433666e-05,                 0,    0.009718671617,    0.003126620633
          0,           0,         640,      -8.781549797,      -7.737725428,      -8.752149632,      -8.232721591,      -11.65214139,     0.01574983121,    0.008571919271,   8.635901444e-05,                 0,                 0,                 0,    2.50996995e-05,    0.008571919271,   8.635901444e-05,                 0,      0.0100746416,    0.003126620633
          0,           0,         641,      -8.783891857,      -7.738420826,      -8.753724427,      -8.235059064,      -11.64286065,     0.01574983121,    0.008572249781,   8.942685358e-05,                 0,                 0,                 0,   2.571210856e-05,    0.008572249781,   8.942685358e-05,                 0,     0.01043213344,    0.003126620633
          0,           0,         642,      -8.786304914,      -7.739174393,      -8.755361116,      -8.237466952,       -11.6335273,     0.01574983121,    0.008572568548,   9.250465919e-05,                 0,                 0,                 0,   2.632023069e-05,    0.008572568548,   9.250465919e-05,                 0,     0.01079077509,    0.003126620633
          0,           0,         643,      -8.788788705,       -7.73998662,      -8.757059907,      -8.239944965,      -11.62415069,     0.01574983121,     0.00857287614,   9.558921868e-05,                 0,                 0,                 0,   2.692332726e-05,     0.00857287614,   9.558921868e-05,                 0,     0.01115019244,    0.003126620633
          0,           0,         644,       -8.79134294,      -7.740857969,      -8.758821015,      -8.242492792,      -11.61474004,     0.01574983121,    0.008573173116,   9.867736124e-05,                 0,                 0,                 0,    2.75206979e-05,    0.008573173116,   9.867736124e-05,                 0,     0.01151001617,    0.003126620633
          0,           0,         645,      -8.793967338,      -7.741788888,      -8.760644653,      -8.245110131,      -11.60530443,     0.01574983121,    0.008573460032,   0.0001017659845,                 0,                 0,                 0,   2.811169071e-05,    0.008573460032,   0.0001017659845,                 0,     0.01186988498,    0.003126620633
          0,           0,         646,      -8.796661628,      -7.742779813,      -8.762530972,      -8.247796687,      -11.59585259,     0.01574983121,    0.008573737433,   0.0001048520545,                 0,                 0,                 0,   2.869568951e-05,    0.008573737433,   0.0001048520545,                 0,     0.01222944548,    0.003126620633
          0,           0,         647,      -8.799425502,      -7.743831168,      -8.764480139,      -8.250552135,      -11.58639336,     0.01574983121,    0.008574005857,   0.0001079325975,                 0,                 0,                 0,     2.9272103e-05,    0.008574005857,   0.0001079325975,                 0,     0.01258835127,    0.003126620633
          0,           0,         648,      -8.802258564,       -7.74494335,      -8.766492319,      -8.253376064,      -11.57693532,     0.01574983121,    0.008574265833,      0.0001110047,                 0,                 0,                 0,   2.984036927e-05,    0.008574265833,      0.0001110047,                 0,     0.01294626294,    0.003126620633
          0,           0,         649,      -8.805160467,      -7.746116748,       -8.76856766,      -8.256268111,      -11.56748663,     0.01574983121,    0.008574517873,   0.0001140655174,                 0,                 0,                 0,    3.03999629e-05,    0.008574517873,   0.0001140655174,                 0,     0.01330284911,    0.003126620633
          0,           0,         650,      -8.808130847,      -7.747351736,       -8.77070629,      -8.259227899,      -11.55805527,     0.01574983121,    0.008574762497,    0.000117112287,                 0,                 0,                 0,     3.0950398e-05,    0.008574762497,    0.000117112287,                 0,     0.01365778784,    0.003126620633
          0,           0,         651,      -8.811169351,      -7.748648672,      -8.772908368,      -8.262255066,      -11.54864896,     0.01574983121,    0.008575000201,   0.0001201423417,                 0,                 0,                 0,   3.149122908e-05,    0.008575000201,   0.0001201423417,                 0,     0.01401076838,    0.003126620633
          0,           0,         652,      -8.814275601,        -7.7500079,       -8.77517402,      -8.265349223,      -11.53927512,     0.01574983121,    0.008575231471,   0.0001231531165,                 0,                 0,                 0,   3.202204941e-05,    0.008575231471,   0.0001231531165,                 0,      0.0143614918,    0.003126620633
          0,           0,         653,      -8.817449241,      -7.751429752,      -8.777503353,      -8.268510009,      -11.52994086,     0.01574983121,     0.00857545678,   0.0001261421421,                 0,                 0,                 0,   3.254248771e-05,     0.00857545678,   0.0001261421421,                 0,     0.01470967033,    0.003126620633
          0,           0,         654,      -8.820689864,      -7.752914541,      -8.779896496,       -8.27173701,      -11.52065294,     0.01574983121,    0.008575676592,   0.0001291070489,                 0,                 0,                 0,   3.305220929e-05,    0.008575676592,   0.0001291070489,                 0,     0.01505502773,    0.003126620633
          0,           0,         655,      -8.823997058,      -7.754462566,      -8.782353536,      -8.275029813,      -11.51141779,     0.01574983121,    0.008575891361,   0.0001320455661,                 0,                 0,                 0,   3.355091539e-05,    0.008575891361,   0.0001320455661,                 0,     0.01539729931,    0.003126620633
          0,           0,         656,      -8.827370421,      -7.756074113,      -8.784874564,      -8.278388013,      -11.50224151,     0.01574983121,    0.008576101531,   0.0001349555419,                 0,                 0,                 0,    3.40383533e-05,    0.008576101531,   0.0001349555419,                 0,     0.01573623416,    0.003126620633
          0,           0,         657,      -8.830809577,      -7.757749456,      -8.787459669,      -8.281811237,      -11.49312996,     0.01574983121,    0.008576307531,   0.0001378349613,                 0,                 0,                 0,   3.451432125e-05,    0.008576307531,   0.0001378349613,                 0,     0.01607159734,    0.003126620633
          0,           0,         658,      -8.834314108,      -7.759488857,      -8.790108957,      -8.285299071,      -11.48408867,     0.01574983121,    0.008576509778,   0.0001406819155,                 0,                 0,                 0,   3.497864094e-05,    0.008576509778,   0.0001406819155,                 0,     0.01640316622,    0.003126620633
          0,           0,         659,      -8.837883666,      -7.761292559,      -8.792822515,       -8.28885117,       -11.4751229,     0.01574983121,    0.008576708677,   0.0001434946055,                 0,                 0,                 0,   3.543116609e-05,    0.008576708677,   0.0001434946055,                 0,     0.01673073097,    0.003126620633
          0,           0,         660,      -8.841517877,      -7.763160799,      -8.795600418,      -8.292467172,      -11.46623763,     0.01574983121,    0.008576904615,   0.0001462713817,                 0,                 0,                 0,   3.587180881e-05,    0.008576904615,   0.0001462713817,                 0,     0.01705409915,    0.003126620633
          0,           0,         661,      -8.845216313,      -7.765093798,      -8.798442716,      -8.296146657,      -11.45743753,     0.01574983121,    0.008577097973,   0.0001490107268,                 0,                 0,                 0,   3.630051949e-05,    0.008577097973,   0.0001490107268,                 0,     0.01737309371,    0.003126620633
          0,           0,         662,      -8.848978573,      -7.767091768,      -8.801349443,      -8.299889241,      -11.44872698,     0.01574983121,    0.008577289115,   0.0001517112312,                 0,                 0,                 0,   3.671726787e-05,    0.008577289115,   0.0001517112312,                 0,     0.01768755013,    0.003126620633
          0,           0,         663,       -8.85280423,      -7.769154903,      -8.804320658,      -8.303694508,      -11.44011001,     0.01574983121,    0.008577478397,   0.0001543716059,                 0,                 0,                 0,    3.71220573e-05,    0.008577478397,   0.0001543716059,                 0,     0.01799731795,    0.003126620633
          0,           0,         664,      -8.856693004,      -7.771283391,      -8.807356424,      -8.307562198,      -11.43159048,     0.01574983121,    0.008577666159,   0.0001569906934,                 0,                 0,                 0,   3.751493319e-05,    0.008577666159,   0.0001569906934,                 0,       0.018302262,    0.003126620633
          0,           0,         665,      -8.860644416,      -7.773477404,      -8.810456781,      -8.311491852,      -11.42317197,     0.01574983121,     0.00857785273,    0.000159567508,                 0,                 0,                 0,   3.789599983e-05,     0.00857785273,    0.000159567508,                 0,     0.01860226714,    0.003126620633
          0,           0,         666,      -8.864658056,      -7.775737105,      -8.813621773,      -8.315483083,      -11.41485781,     0.01574983121,    0.008578038424,   0.0001621011899,                 0,                 0,                 0,   3.826538116e-05,    0.008578038424,   0.0001621011899,                 0,      0.0188972329,    0.003126620633
          0,           0,         667,      -8.868733666,      -7.778062649,      -8.816851453,      -8.319535658,      -11.40665107,     0.01574983121,    0.008578223547,   0.0001645909861,                 0,                 0,                 0,   3.862321829e-05,    0.008578223547,   0.0001645909861,                 0,     0.01918707122,    0.003126620633
          0,           0,         668,      -8.872870811,      -7.780454182,      -8.820145829,       -8.32364917,      -11.39855469,     0.01574983121,    0.008578408392,    0.000167036283,                 0,                 0,                 0,   3.896969405e-05,    0.008578408392,    0.000167036283,                 0,     0.01947171029,    0.003126620633
          0,           0,         669,      -8.877069064,      -7.782911825,      -8.823504959,      -8.327823224,      -11.39057138,     0.01574983121,    0.008578593233,    0.000169436567,                 0,                 0,                 0,   3.930500476e-05,    0.008578593233,    0.000169436567,                 0,     0.01975108999,    0.003126620633
          0,           0,         670,      -8.881328128,        -7.7854357,      -8.826928854,      -8.332057555,      -11.38270368,     0.01574983121,    0.008578778339,   0.0001717914571,                 0,                 0,                 0,   3.962938236e-05,    0.008578778339,   0.0001717914571,                 0,     0.02002516563,    0.003126620633
          0,           0,         671,      -8.885647681,      -7.788025925,      -8.830417507,      -8.336351877,      -11.37495397,     0.01574983121,     0.00857896397,   0.0001741007168,                 0,                 0,                 0,   3.994309652e-05,     0.00857896397,   0.0001741007168,                 0,     0.02029390931,    0.003126620633
          0,           0,         672,       -8.89002756,      -7.790682604,      -8.833970953,      -8.340706063,      -11.36732449,     0.01574983121,    0.008579150361,   0.0001763642132,                 0,                 0,                 0,   4.024642396e-05,    0.008579150361,   0.0001763642132,                 0,      0.0205573053,    0.003126620633
          0,           0,         673,      -8.894467439,      -7.793405836,      -8.837589189,      -8.345119827,      -11.35981736,     0.01574983121,    0.008579337745,   0.0001785818958,                 0,                 0,                 0,    4.05396432e-05,    0.008579337745,   0.0001785818958,                 0,     0.02081534742,    0.003126620633
          0,           0,         674,      -8.898966946,      -7.796195716,      -8.841272212,      -8.349592846,      -11.35243458,     0.01574983121,    0.008579526345,   0.0001807538034,                 0,                 0,                 0,   4.082305009e-05,    0.008579526345,   0.0001807538034,                 0,      0.0210680399,    0.003126620633
          0,           0,         675,       -8.90352588,      -7.799052318,      -8.845020059,      -8.354124961,      -11.34517796,     0.01574983121,    0.008579716371,   0.0001828800884,                 0,                 0,                 0,   4.109696875e-05,    0.008579716371,   0.0001828800884,                 0,     0.02131540024,    0.003126620633
          0,           0,         676,      -8.908143832,      -7.801975713,       -8.84883273,      -8.358715816,      -11.33804922,     0.01574983121,    0.008579908021,   0.0001849609888,                 0,                 0,                 0,   4.136172706e-05,    0.008579908021,   0.0001849609888,                 0,      0.0215574559,    0.003126620633
          0,           0,         677,      -8.912820436,      -7.804965963,       -8.85271017,      -8.363365096,      -11.33104989,     0.01574983121,    0.008580101482,   0.0001869968413,                 0,                 0,                 0,   4.161766676e-05,    0.008580101482,   0.0001869968413,                 0,     0.02179424587,    0.003126620633
          0,           0,         678,      -8.917555467,      -7.808023128,        -8.8566524,      -8.368072634,      -11.32418145,     0.01574983121,    0.008580296932,   0.0001889880681,                 0,                 0,                 0,   4.186513794e-05,    0.008580296932,   0.0001889880681,                 0,     0.02202581911,    0.003126620633
          0,           0,         679,      -8.922348641,      -7.811147258,      -8.860659396,      -8.372838203,       -11.3174453,     0.01574983121,    0.008580494538,    0.000190935168,                 0,                 0,                 0,   4.210449702e-05,    0.008580494538,    0.000190935168,                 0,      0.0222522335,    0.003126620633
          0,           0,         680,      -8.927199759,      -7.814338398,      -8.864731137,       -8.37766166,      -11.31084272,     0.01574983121,    0.008580694457,   0.0001928387011,                 0,                 0,                 0,   4.233610061e-05,    0.008580694457,   0.0001928387011,                 0,      0.0224735541,    0.003126620633
          0,           0,         681,      -8.932108762,      -7.817596592,      -8.868867618,      -8.382543009,      -11.30437486,     0.01574983121,    0.008580896837,   0.0001946992755,                 0,                 0,                 0,   4.256030123e-05,    0.008580896837,   0.0001946992755,                 0,     0.02268985157,    0.003126620633
          0,           0,         682,      -8.937075428,      -7.820921878,      -8.873068833,      -8.387482093,      -11.29804278,     0.01574983121,    0.008581101817,   0.0001965175864,                 0,                 0,                 0,   4.277747006e-05,    0.008581101817,   0.0001965175864,                 0,      0.0229012067,    0.003126620633
          0,           0,         683,      -8.942099674,      -7.824314288,      -8.877334785,      -8.392478896,      -11.29184744,     0.01574983121,    0.008581309524,   0.0001982944051,                 0,                 0,                 0,   4.298798304e-05,    0.008581309524,   0.0001982944051,                 0,     0.02310770921,    0.003126620633
          0,           0,         684,      -8.947181162,       -7.82777385,      -8.881665435,      -8.397533154,      -11.28578974,     0.01574983121,    0.008581520079,   0.0002000305242,                 0,                 0,                 0,   4.319219373e-05,    0.008581520079,   0.0002000305242,                 0,     0.02330945128,    0.003126620633
          0,           0,         685,      -8.952319675,      -7.831300588,      -8.886060741,      -8.402644725,       -11.2798706,     0.01574983121,    0.008581733594,   0.0002017267624,                 0,                 0,                 0,   4.339044864e-05,    0.008581733594,   0.0002017267624,                 0,     0.02350652816,    0.003126620633
          0,           0,         686,      -8.957515233,      -7.834894518,      -8.890520739,      -8.407813706,      -11.27409089,     0.01574983121,    0.008581950172,   0.0002033839661,                 0,                 0,                 0,   4.358309032e-05,    0.008581950172,   0.0002033839661,                 0,     0.02369903834,    0.003126620633
          0,           0,         687,      -8.962767642,      -7.838555655,      -8.895045355,       -8.41303998,      -11.26845135,     0.01574983121,    0.008582169907,   0.0002050030554,                 0,                 0,                 0,   4.377048153e-05,    0.008582169907,   0.0002050030554,                 0,     0.02388708889,    0.003126620633
          0,           0,         688,      -8.968076695,      -7.842284007,      -8.899634528,      -8.418323425,      -11.26295263,     0.01574983121,    0.008582392886,   0.0002065849947,                 0,                 0,                 0,   4.395297701e-05,    0.008582392886,   0.0002065849947,                 0,     0.02407079208,    0.003126620633
          0,           0,         689,      -8.973442356,      -7.846079582,      -8.904288218,       -8.42366409,      -11.25759531,     0.01574983121,    0.008582619188,   0.0002081307528,                 0,                 0,                 0,   4.413090753e-05,    0.008582619188,   0.0002081307528,                 0,      0.0242502607,    0.003126620633
          0,           0,         690,      -8.978864441,      -7.849942385,      -8.909006396,      -8.429061877,      -11.25238004,     0.01574983121,    0.008582848884,   0.0002096412766,                 0,                 0,                 0,   4.430458074e-05,    0.008582848884,   0.0002096412766,                 0,       0.024425605,    0.003126620633
          0,           0,         691,      -8.984342845,      -7.853872419,      -8.913789014,      -8.434516773,      -11.24730742,     0.01574983121,    0.008583082038,   0.0002111175149,                 0,                 0,                 0,   4.447430243e-05,    0.008583082038,   0.0002111175149,                 0,     0.02459693546,    0.003126620633
          0,           0,         692,      -8.989877518,      -7.857869685,      -8.918636051,      -8.440028823,      -11.24237796,     0.01574983121,    0.008583318706,    0.000212560438,                 0,                 0,                 0,   4.464037963e-05,    0.008583318706,    0.000212560438,                 0,     0.02476436508,    0.003126620633
          0,           0,         693,      -8.995468415,      -7.861934189,      -8.923547479,      -8.445598077,      -11.23759213,     0.01574983121,    0.008583558938,   0.0002139710218,                 0,                 0,                 0,   4.480310343e-05,    0.008583558938,   0.0002139710218,                 0,     0.02492800753,    0.003126620633
          0,           0,         694,      -9.001115481,      -7.866065925,      -8.928523273,      -8.451224582,      -11.23295028,     0.01574983121,    0.008583802775,   0.0002153502261,                 0,                 0,                 0,   4.496274267e-05,    0.008583802775,   0.0002153502261,                 0,     0.02508797462,    0.003126620633
          0,           0,         695,      -9.006818626,       -7.87026489,       -8.93356341,      -8.456908346,      -11.22845266,     0.01574983121,    0.008584050253,   0.0002166990084,                 0,                 0,                 0,   4.511956277e-05,    0.008584050253,   0.0002166990084,                 0,      0.0252443779,    0.003126620633
          0,           0,         696,      -9.012577789,      -7.874531077,      -8.938667872,      -8.462649414,      -11.22409951,     0.01574983121,    0.008584301398,    0.000218018316,                 0,                 0,                 0,   4.527381996e-05,    0.008584301398,    0.000218018316,                 0,     0.02539732774,    0.003126620633
          0,           0,         697,      -9.018392885,      -7.878864479,        -8.9438366,      -8.468447808,      -11.21989107,     0.01574983121,    0.008584556234,   0.0002193090892,                 0,                 0,                 0,   4.542575751e-05,    0.008584556234,   0.0002193090892,                 0,     0.02554693373,    0.003126620633
          0,           0,         698,      -9.024263996,      -7.883265092,      -8.949069598,      -8.474303716,      -11.21582757,     0.01574983121,    0.008584814776,   0.0002205722655,                 0,                 0,                 0,   4.557560527e-05,    0.008584814776,   0.0002205722655,                 0,     0.02569330512,    0.003126620633
          0,           0,         699,      -9.030191058,      -7.887732911,      -8.954366822,      -8.480217186,      -11.21190921,     0.01574983121,    0.008585077044,   0.0002218087735,                 0,                 0,                 0,    4.57235791e-05,    0.008585077044,   0.0002218087735,                 0,     0.02583655014,    0.003126620633
          0,           0,         700,      -9.036173962,      -7.892267928,       -8.95972825,      -8.486188227,      -11.20813618,     0.01574983121,    0.008585343027,   0.0002230195039,                 0,                 0,                 0,   4.586986826e-05,    0.008585343027,   0.0002230195039,                 0,     0.02597677265,    0.003126620633
          0,           0,         701,      -9.042212623,      -7.896870132,      -8.965153841,      -8.492216868,      -11.20450857,     0.01574983121,    0.008585612734,   0.0002242053114,                 0,                 0,                 0,   4.601464129e-05,    0.008585612734,   0.0002242053114,                 0,     0.02611407227,    0.003126620633
          0,           0,         702,      -9.048306952,      -7.901539518,      -8.970643544,      -8.498303137,      -11.20102644,     0.01574983121,    0.008585886161,   0.0002253669812,                 0,                 0,                 0,   4.615802742e-05,    0.008585886161,   0.0002253669812,                 0,     0.02624854056,    0.003126620633
          0,           0,         703,      -9.054457108,      -7.906276082,      -8.976197338,      -8.504447311,      -11.19768978,     0.01574983121,    0.008586163301,   0.0002265052592,                 0,                 0,                 0,   4.630014219e-05,    0.008586163301,   0.0002265052592,                 0,     0.02638026453,    0.003126620633
          0,           0,         704,       -9.06066318,      -7.911079822,      -8.981815224,      -8.510649593,      -11.19449856,     0.01574983121,    0.008586444139,    0.000227620876,                 0,                 0,                 0,   4.644109783e-05,    0.008586444139,    0.000227620876,                 0,     0.02650932939,    0.003126620633
          0,           0,         705,      -9.066925057,      -7.915950738,      -8.987497191,      -8.516909992,      -11.19145266,     0.01574983121,     0.00858672866,   0.0002287145287,                 0,                 0,                 0,   4.658098666e-05,     0.00858672866,   0.0002287145287,                 0,     0.02663581647,    0.003126620633
          0,           0,         706,      -9.073242721,      -7.920888835,      -8.993243248,      -8.523228613,      -11.18855191,     0.01574983121,     0.00858701684,   0.0002297868578,                 0,                 0,                 0,   4.671987317e-05,     0.00858701684,   0.0002297868578,                 0,     0.02675980053,    0.003126620633
          0,           0,         707,      -9.079616183,      -7.925894098,      -8.999053375,      -8.529605588,      -11.18579615,     0.01574983121,    0.008587308656,   0.0002308384442,                 0,                 0,                 0,   4.685780261e-05,    0.008587308656,   0.0002308384442,                 0,     0.02688134938,    0.003126620633
          0,           0,         708,      -9.086045523,      -7.930966531,      -9.004927531,      -8.536041131,      -11.18318517,     0.01574983121,    0.008587604078,   0.0002318698313,                 0,                 0,                 0,   4.699481548e-05,    0.008587604078,   0.0002318698313,                 0,     0.02700052648,    0.003126620633
          0,           0,         709,      -9.092530842,      -7.936106141,      -9.010865651,      -8.542535466,      -11.18071873,     0.01574983121,    0.008587903072,   0.0002328815526,                 0,                 0,                 0,   4.713095493e-05,    0.008587903072,   0.0002328815526,                 0,     0.02711739416,    0.003126620633
          0,           0,         710,      -9.099072211,      -7.941312939,       -9.01686777,      -8.549088801,      -11.17839654,     0.01574983121,    0.008588205602,   0.0002338741273,                 0,                 0,                 0,   4.726625778e-05,    0.008588205602,   0.0002338741273,                 0,     0.02723201308,    0.003126620633
          0,           0,         711,      -9.105669696,      -7.946586938,      -9.022933874,      -8.555701338,      -11.17621826,     0.01574983121,    0.008588511628,   0.0002348480425,                 0,                 0,                 0,   4.740074797e-05,    0.008588511628,   0.0002348480425,                 0,     0.02734444019,    0.003126620633
          0,           0,         712,      -9.112323374,      -7.951928157,         -9.029064,      -8.562373296,      -11.17418354,     0.01574983121,    0.008588821107,   0.0002358037395,                 0,                 0,                 0,   4.753443467e-05,    0.008588821107,   0.0002358037395,                 0,     0.02745472709,    0.003126620633
          0,           0,         713,      -9.119033306,      -7.957336617,      -9.035258157,      -8.569104881,      -11.17229196,     0.01574983121,     0.00858913399,   0.0002367416162,                 0,                 0,                 0,   4.766731728e-05,     0.00858913399,   0.0002367416162,                 0,     0.02756292037,    0.003126620633
          0,           0,         714,      -9.125799545,      -7.962812347,      -9.041516362,      -8.575896301,      -11.17054307,     0.01574983121,    0.008589450229,   0.0002376620402,                 0,                 0,                 0,   4.779938969e-05,    0.008589450229,   0.0002376620402,                 0,     0.02766906308,    0.003126620633
          0,           0,         715,      -9.132622136,      -7.968355376,       -9.04783863,      -8.582747757,      -11.16893638,     0.01574983121,    0.008589769771,   0.0002385653484,                 0,                 0,                 0,   4.793063509e-05,    0.008589769771,   0.0002385653484,                 0,     0.02777319472,    0.003126620633
          0,           0,         716,      -9.139501138,      -7.973965742,      -9.054224982,      -8.589659469,      -11.16747131,     0.01574983121,    0.008590092561,   0.0002394518441,                 0,                 0,                 0,   4.806102468e-05,    0.008590092561,   0.0002394518441,                 0,     0.02787535086,    0.003126620633
          0,           0,         717,      -9.146436597,      -7.979643487,      -9.060675463,      -8.596631649,      -11.16614732,     0.01574983121,    0.008590418541,   0.0002403217915,                 0,                 0,                 0,    4.81905189e-05,    0.008590418541,   0.0002403217915,                 0,     0.02797556258,    0.003126620633
          0,           0,         718,      -9.153428557,      -7.985388657,      -9.067190087,      -8.603664513,      -11.16496385,     0.01574983121,    0.008590747652,   0.0002411754129,                 0,                 0,                 0,   4.831906746e-05,    0.008590747652,   0.0002411754129,                 0,     0.02807385605,    0.003126620633
          0,           0,         719,      -9.160477075,      -7.991201304,      -9.073768912,      -8.610758293,      -11.16392033,     0.01574983121,     0.00859107983,   0.0002420128905,                 0,                 0,                 0,    4.84466094e-05,     0.00859107983,   0.0002420128905,                 0,     0.02817025278,    0.003126620633
          0,           0,         720,      -9.167582211,      -7.997081488,      -9.080411957,      -8.617913228,      -11.16301612,     0.01574983121,    0.008591415009,   0.0002428343728,                 0,                 0,                 0,   4.857307578e-05,    0.008591415009,   0.0002428343728,                 0,     0.02826477042,    0.003126620633
          0,           0,         721,      -9.174743989,      -8.003029272,      -9.087119295,      -8.625129525,      -11.16225052,     0.01574983121,    0.008591753123,   0.0002436399757,                 0,                 0,                 0,   4.869838897e-05,    0.008591753123,   0.0002436399757,                 0,     0.02835742278,    0.003126620633
          0,           0,         722,       -9.18196248,      -8.009044728,      -9.093890962,      -8.632407446,      -11.16162287,     0.01574983121,    0.008592094104,    0.000244429783,                 0,                 0,                 0,   4.882246412e-05,    0.008592094104,    0.000244429783,                 0,     0.02844821996,    0.003126620633
          0,           0,         723,      -9.189237709,      -8.015127934,      -9.100726996,      -8.639747207,      -11.16113243,     0.01574983121,    0.008592437881,   0.0002452038441,                 0,                 0,                 0,   4.894520848e-05,    0.008592437881,   0.0002452038441,                 0,     0.02853716809,    0.003126620633
          0,           0,         724,      -9.196569714,      -8.021278973,      -9.107627507,      -8.647149047,      -11.16077851,     0.01574983121,    0.008592784383,   0.0002459621773,                 0,                 0,                 0,   4.906652369e-05,    0.008592784383,   0.0002459621773,                 0,     0.02862426965,    0.003126620633
          0,           0,         725,      -9.203958529,      -8.027497937,       -9.11459254,      -8.654613199,      -11.16056031,     0.01574983121,    0.008593133537,   0.0002467047716,                 0,                 0,                 0,   4.918630586e-05,    0.008593133537,   0.0002467047716,                 0,     0.02870952378,    0.003126620633
          0,           0,         726,      -9.211404179,      -8.033784926,      -9.121622163,      -8.662139898,      -11.16047705,     0.01574983121,    0.008593485266,   0.0002474315908,                 0,                 0,                 0,   4.930444697e-05,    0.008593485266,   0.0002474315908,                 0,     0.02879292663,    0.003126620633
          0,           0,         727,      -9.218906686,      -8.040140046,      -9.128716432,      -8.669729377,        -11.160528,     0.01574983121,    0.008593839497,   0.0002481425747,                 0,                 0,                 0,   4.942083596e-05,    0.008593839497,   0.0002481425747,                 0,     0.02887447163,    0.003126620633
          0,           0,         728,      -9.226466083,      -8.046563411,      -9.135875463,      -8.677381882,      -11.16071227,     0.01574983121,    0.008594196151,    0.000248837641,                 0,                 0,                 0,   4.953535926e-05,    0.008594196151,    0.000248837641,                 0,     0.02895414959,    0.003126620633
          0,           0,         729,      -9.234082362,      -8.053055143,      -9.143099359,      -8.685097634,       -11.1610291,     0.01574983121,    0.008594555152,    0.000249516686,                 0,                 0,                 0,   4.964790126e-05,    0.008594555152,    0.000249516686,                 0,      0.0290319489,    0.003126620633
          0,           0,         730,      -9.241755533,      -8.059615373,      -9.150388181,      -8.692876864,      -11.16147766,     0.01574983121,    0.008594916419,   0.0002501795873,                 0,                 0,                 0,   4.975834507e-05,    0.008594916419,   0.0002501795873,                 0,     0.02910785575,    0.003126620633
          0,           0,         731,      -9.249485594,       -8.06624424,      -9.157742061,       -8.70071981,      -11.16205714,     0.01574983121,    0.008595279875,   0.0002508262078,                 0,                 0,                 0,   4.986657455e-05,    0.008595279875,   0.0002508262078,                 0,     0.02918185463,    0.003126620633
          0,           0,         732,      -9.257272541,      -8.072941891,        -9.1651611,      -8.708626703,       -11.1627667,     0.01574983121,    0.008595645438,   0.0002514563983,                 0,                 0,                 0,   4.997247513e-05,    0.008595645438,   0.0002514563983,                 0,     0.02925392864,    0.003126620633
          0,           0,         733,      -9.265116383,      -8.079708484,      -9.172645403,      -8.716597796,      -11.16360542,     0.01574983121,    0.008596013029,   0.0002520699951,                 0,                 0,                 0,   5.007593139e-05,    0.008596013029,   0.0002520699951,                 0,     0.02932405921,    0.003126620633
          0,           0,         734,      -9.273017061,      -8.086544184,        -9.1801951,      -8.724633282,      -11.16457251,     0.01574983121,    0.008596382566,   0.0002526668236,                 0,                 0,                 0,   5.017682952e-05,    0.008596382566,   0.0002526668236,                 0,     0.02939222652,    0.003126620633
          0,           0,         735,      -9.280974574,      -8.093449166,       -9.18781032,      -8.732733413,      -11.16566711,     0.01574983121,     0.00859675397,   0.0002532467008,                 0,                 0,                 0,   5.027505813e-05,     0.00859675397,   0.0002532467008,                 0,     0.02945840973,    0.003126620633
          0,           0,         736,      -9.288988862,      -8.100423615,      -9.195491221,      -8.740898401,      -11.16688838,     0.01574983121,    0.008597127158,   0.0002538094384,                 0,                 0,                 0,   5.037050976e-05,    0.008597127158,   0.0002538094384,                 0,     0.02952258746,    0.003126620633
          0,           0,         737,      -9.297059914,      -8.107467726,      -9.203237904,      -8.749128497,      -11.16823548,     0.01574983121,     0.00859750205,   0.0002543548517,                 0,                 0,                 0,   5.046308488e-05,     0.00859750205,   0.0002543548517,                 0,     0.02958473871,    0.003126620633
          0,           0,         738,      -9.305187652,      -8.114581703,      -9.211050531,      -8.757423904,      -11.16970755,     0.01574983121,    0.008597878564,   0.0002548827516,                 0,                 0,                 0,   5.055268503e-05,    0.008597878564,   0.0002548827516,                 0,     0.02964484201,    0.003126620633
          0,           0,         739,      -9.313372032,       -8.12176576,      -9.218929287,      -8.765784869,      -11.17130375,     0.01574983121,    0.008598256619,   0.0002553929498,                 0,                 0,                 0,    5.06392172e-05,    0.008598256619,   0.0002553929498,                 0,     0.02970287596,    0.003126620633
          0,           0,         740,      -9.321612968,      -8.129020122,      -9.226874322,      -8.774211587,      -11.17302325,     0.01574983121,    0.008598636133,   0.0002558852716,                 0,                 0,                 0,   5.072260121e-05,    0.008598636133,   0.0002558852716,                 0,     0.02975882078,    0.003126620633
          0,           0,         741,      -9.329910374,      -8.136345024,      -9.234885784,      -8.782704284,       -11.1748652,     0.01574983121,    0.008599017026,   0.0002563595491,                 0,                 0,                 0,   5.080276263e-05,    0.008599017026,   0.0002563595491,                 0,     0.02981265746,    0.003126620633
          0,           0,         742,       -9.33826416,      -8.143740711,      -9.242963811,      -8.791263172,      -11.17682879,     0.01574983121,    0.008599399217,   0.0002568156206,                 0,                 0,                 0,    5.08796315e-05,    0.008599399217,   0.0002568156206,                 0,     0.02986436774,    0.003126620633
          0,           0,         743,      -9.346674207,      -8.151207441,      -9.251108611,      -8.799888454,      -11.17891318,     0.01574983121,    0.008599782626,    0.000257253333,                 0,                 0,                 0,   5.095314454e-05,    0.008599782626,    0.000257253333,                 0,     0.02991393436,    0.003126620633
          0,           0,         744,       -9.35514041,      -8.158745479,      -9.259320333,      -8.808580346,       -11.1811176,     0.01574983121,    0.008600167175,   0.0002576725441,                 0,                 0,                 0,   5.102324632e-05,    0.008600167175,   0.0002576725441,                 0,     0.02996134132,    0.003126620633
          0,           0,         745,      -9.363662624,      -8.166355104,      -9.267599146,       -8.81733904,      -11.18344123,     0.01574983121,    0.008600552783,   0.0002580731254,                 0,                 0,                 0,   5.108988969e-05,    0.008600552783,   0.0002580731254,                 0,     0.03000657422,    0.003126620633
          0,           0,         746,      -9.372240704,      -8.174036606,       -9.27594527,      -8.826164734,       -11.1858832,     0.01574983121,    0.008600939373,   0.0002584549639,                 0,                 0,                 0,   5.115303547e-05,    0.008600939373,   0.0002584549639,                 0,     0.03004962047,    0.003126620633
          0,           0,         747,      -9.380874485,      -8.181790284,      -9.284358867,      -8.835057615,      -11.18844267,     0.01574983121,    0.008601326868,   0.0002588179628,                 0,                 0,                 0,   5.121265222e-05,    0.008601326868,   0.0002588179628,                 0,     0.03009046939,    0.003126620633
          0,           0,         748,      -9.389563785,       -8.18961645,      -9.292840099,      -8.844017864,      -11.19111891,     0.01574983121,    0.008601715189,   0.0002591620441,                 0,                 0,                 0,   5.126871756e-05,    0.008601715189,   0.0002591620441,                 0,     0.03012911244,    0.003126620633
          0,           0,         749,      -9.398308403,      -8.197515428,      -9.301389192,      -8.853045645,       -11.1939112,     0.01574983121,    0.008602104262,   0.0002594871504,                 0,                 0,                 0,   5.132121872e-05,    0.008602104262,   0.0002594871504,                 0,      0.0301655435,    0.003126620633
          0,           0,         750,      -9.407108117,      -8.205487551,      -9.310006289,      -8.862141129,      -11.19681873,     0.01574983121,    0.008602494011,   0.0002597932428,                 0,                 0,                 0,   5.137015055e-05,    0.008602494011,   0.0002597932428,                 0,     0.03019975863,    0.003126620633
          0,           0,         751,      -9.415962683,      -8.213533166,      -9.318691548,      -8.871304452,      -11.19984074,     0.01574983121,    0.008602884362,   0.0002600803031,                 0,                 0,                 0,   5.141551568e-05,    0.008602884362,   0.0002600803031,                 0,     0.03023175625,    0.003126620633
          0,           0,         752,       -9.42487184,       -8.22165263,      -9.327445173,      -8.880535753,      -11.20297654,     0.01574983121,    0.008603275241,   0.0002603483342,                 0,                 0,                 0,    5.14573249e-05,    0.008603275241,   0.0002603483342,                 0,     0.03026153725,    0.003126620633
          0,           0,         753,      -9.433835303,      -8.229846311,      -9.336267346,      -8.889835162,      -11.20622545,     0.01574983121,    0.008603666576,   0.0002605973611,                 0,                 0,                 0,   5.149559732e-05,    0.008603666576,   0.0002605973611,                 0,      0.0302891051,    0.003126620633
          0,           0,         754,      -9.442852767,      -8.238114589,      -9.345158192,       -8.89920279,      -11.20958678,     0.01574983121,    0.008604058297,    0.000260827432,                 0,                 0,                 0,   5.153036027e-05,    0.008604058297,    0.000260827432,                 0,     0.03031446592,    0.003126620633
          0,           0,         755,      -9.451923883,      -8.246457854,      -9.354117879,      -8.908638719,      -11.21305985,     0.01574983121,    0.008604450332,   0.0002610386181,                 0,                 0,                 0,    5.15616487e-05,    0.008604450332,   0.0002610386181,                 0,     0.03033762856,    0.003126620633
          0,           0,         756,      -9.461048297,       -8.25487651,       -9.36314656,      -8.918143027,      -11.21664402,     0.01574983121,    0.008604842612,   0.0002612310126,                 0,                 0,                 0,   5.158950395e-05,    0.008604842612,   0.0002612310126,                 0,     0.03035860438,    0.003126620633
          0,           0,         757,        -9.4702256,      -8.263370969,      -9.372244374,      -8.927715758,      -11.22033865,     0.01574983121,    0.008605235071,   0.0002614047302,                 0,                 0,                 0,   5.161397364e-05,    0.008605235071,   0.0002614047302,                 0,     0.03037740725,    0.003126620633
          0,           0,         758,      -9.479455388,      -8.271941657,       -9.38141142,      -8.937356965,      -11.22414314,     0.01574983121,    0.008605627641,   0.0002615599081,                 0,                 0,                 0,    5.16351122e-05,    0.008605627641,   0.0002615599081,                 0,     0.03039405364,    0.003126620633
          0,           0,         759,      -9.488737173,      -8.280589007,      -9.390647864,      -8.947066626,      -11.22805685,     0.01574983121,    0.008606020257,   0.0002616967042,                 0,                 0,                 0,    5.16529794e-05,    0.008606020257,   0.0002616967042,                 0,     0.03040856242,    0.003126620633
          0,           0,         760,      -9.498070462,      -8.289313464,      -9.399953714,      -8.956844715,      -11.23207918,     0.01574983121,    0.008606412855,   0.0002618152969,                 0,                 0,                 0,   5.166763974e-05,    0.008606412855,   0.0002618152969,                 0,     0.03042095486,    0.003126620633
          0,           0,         761,      -9.507454717,      -8.298115483,      -9.409329087,       -8.96669118,      -11.23620958,     0.01574983121,    0.008606805373,   0.0002619158841,                 0,                 0,                 0,   5.167916197e-05,    0.008606805373,   0.0002619158841,                 0,     0.03043125443,    0.003126620633
          0,           0,         762,      -9.516889358,      -8.306995529,      -9.418774056,       -8.97660593,       -11.2404474,     0.01574983121,    0.008607197749,   0.0002619986834,                 0,                 0,                 0,   5.168761972e-05,    0.008607197749,   0.0002619986834,                 0,     0.03043948694,    0.003126620633
          0,           0,         763,      -9.526373736,      -8.315954074,      -9.428288613,      -8.986588804,      -11.24479202,     0.01574983121,    0.008607589923,   0.0002620639312,                 0,                 0,                 0,   5.169309033e-05,    0.008607589923,   0.0002620639312,                 0,     0.03044568033,    0.003126620633
          0,           0,         764,      -9.535907183,      -8.324991602,      -9.437872783,      -8.996639641,      -11.24924306,     0.01574983121,    0.008607981837,   0.0002621118803,                 0,                 0,                 0,   5.169565346e-05,    0.008607981837,   0.0002621118803,                 0,     0.03044986447,    0.003126620633
          0,           0,         765,      -9.545488988,      -8.334108604,      -9.447526539,      -9.006758233,      -11.25380005,     0.01574983121,    0.008608373434,   0.0002621428006,                 0,                 0,                 0,   5.169539193e-05,    0.008608373434,   0.0002621428006,                 0,     0.03045207119,    0.003126620633
          0,           0,         766,      -9.555118294,      -8.343305574,      -9.457249813,      -9.016944219,      -11.25846255,     0.01574983121,    0.008608764658,   0.0002621569769,                 0,                 0,                 0,   5.169239062e-05,    0.008608764658,   0.0002621569769,                 0,     0.03045233402,    0.003126620633
          0,           0,         767,       -9.56479428,      -8.352583019,      -9.467042448,      -9.027197291,      -11.26323002,     0.01574983121,    0.008609155456,   0.0002621547077,                 0,                 0,                 0,   5.168673572e-05,    0.008609155456,   0.0002621547077,                 0,     0.03045068812,    0.003126620633
          0,           0,         768,      -9.574516036,      -8.361941446,      -9.476904425,      -9.037517034,      -11.26810199,     0.01574983121,    0.008609545774,   0.0002621363039,                 0,                 0,                 0,   5.167851418e-05,    0.008609545774,   0.0002621363039,                 0,     0.03044717001,    0.003126620633
          0,           0,         769,      -9.584282533,      -8.371381369,      -9.486835499,      -9.047902928,      -11.27307787,     0.01574983121,    0.008609935562,   0.0002621020873,                 0,                 0,                 0,   5.166781318e-05,    0.008609935562,   0.0002621020873,                 0,     0.03044181752,    0.003126620633
          0,           0,         770,      -9.594092731,      -8.380903307,      -9.496835445,      -9.058354424,      -11.27815733,     0.01574983121,     0.00861032477,   0.0002620523897,                 0,                 0,                 0,   5.165472013e-05,     0.00861032477,   0.0002620523897,                 0,     0.03043466962,    0.003126620633
          0,           0,         771,       -9.60394545,      -8.390507778,      -9.506903953,      -9.068870822,      -11.28334008,     0.01574983121,     0.00861071335,   0.0002619875509,                 0,                 0,                 0,   5.163932141e-05,     0.00861071335,   0.0002619875509,                 0,     0.03042576617,    0.003126620633
          0,           0,         772,      -9.613839494,      -8.400195302,      -9.517040732,      -9.079451405,      -11.28862567,     0.01574983121,    0.008611101255,   0.0002619079173,                 0,                 0,                 0,   5.162170236e-05,    0.008611101255,   0.0002619079173,                 0,     0.03041514779,    0.003126620633
          0,           0,         773,       -9.62377347,      -8.409966397,       -9.52724532,      -9.090095246,      -11.29401365,     0.01574983121,    0.008611488441,   0.0002618138412,                 0,                 0,                 0,   5.160194735e-05,    0.008611488441,   0.0002618138412,                 0,      0.0304028558,    0.003126620633
          0,           0,         774,      -9.633746022,      -8.419821578,       -9.53751729,      -9.100801403,      -11.29950364,     0.01574983121,    0.008611874863,   0.0002617056792,                 0,                 0,                 0,   5.158013881e-05,    0.008611874863,   0.0002617056792,                 0,     0.03038893196,    0.003126620633
          0,           0,         775,      -9.643755546,      -8.429761355,      -9.547855954,      -9.111568696,      -11.30509537,     0.01574983121,    0.008612260481,   0.0002615837886,                 0,                 0,                 0,   5.155635564e-05,    0.008612260481,   0.0002615837886,                 0,     0.03037341813,    0.003126620633
          0,           0,         776,      -9.653800418,       -8.43978623,      -9.558260758,       -9.12239588,      -11.31078858,     0.01574983121,    0.008612645253,   0.0002614485286,                 0,                 0,                 0,   5.153067485e-05,    0.008612645253,   0.0002614485286,                 0,     0.03035635638,    0.003126620633
          0,           0,         777,      -9.663878849,      -8.449896695,      -9.568730941,      -9.133281503,       -11.3165828,     0.01574983121,    0.008613029139,   0.0002613002574,                 0,                 0,                 0,   5.150317014e-05,    0.008613029139,   0.0002613002574,                 0,     0.03033778862,    0.003126620633
          0,           0,         778,      -9.673988925,      -8.460093229,      -9.579265638,      -9.144223951,      -11.32247785,     0.01574983121,    0.008613412104,   0.0002611393305,                 0,                 0,                 0,   5.147391136e-05,    0.008613412104,   0.0002611393305,                 0,     0.03031775646,    0.003126620633
          0,           0,         779,      -9.684128609,      -8.470376292,      -9.589863876,      -9.155221435,      -11.32847348,     0.01574983121,    0.008613794109,   0.0002609661002,                 0,                 0,                 0,   5.144296479e-05,    0.008613794109,   0.0002609661002,                 0,     0.03029630113,    0.003126620633
          0,           0,         780,      -9.694295711,      -8.480746327,      -9.600524575,      -9.166271957,      -11.33456948,     0.01574983121,    0.008614175123,   0.0002607809159,                 0,                 0,                 0,   5.141039392e-05,    0.008614175123,   0.0002607809159,                 0,     0.03027346347,    0.003126620633
          0,           0,         781,      -9.704487909,       -8.49120375,       -9.61124649,      -9.177373302,      -11.34076538,     0.01574983121,    0.008614555107,   0.0002605841176,                 0,                 0,                 0,   5.137625576e-05,    0.008614555107,   0.0002605841176,                 0,     0.03024928326,    0.003126620633
          0,           0,         782,      -9.714702649,       -8.50174895,      -9.622028237,      -9.188522959,      -11.34706099,     0.01574983121,    0.008614934032,   0.0002603760408,                 0,                 0,                 0,   5.134060473e-05,    0.008614934032,   0.0002603760408,                 0,     0.03022379973,    0.003126620633
          0,           0,         783,      -9.724937293,      -8.512382281,      -9.632868189,       -9.19971824,      -11.35345617,     0.01574983121,    0.008615311867,   0.0002601570112,                 0,                 0,                 0,   5.130348967e-05,    0.008615311867,   0.0002601570112,                 0,     0.03019705093,    0.003126620633
          0,           0,         784,      -9.735188936,      -8.523104055,      -9.643764799,      -9.210956086,      -11.35995067,     0.01574983121,    0.008615688582,   0.0002599273454,                 0,                 0,                 0,   5.126495525e-05,    0.008615688582,   0.0002599273454,                 0,     0.03016907388,    0.003126620633
          0,           0,         785,      -9.745454543,      -8.533914543,       -9.65471605,      -9.222233187,      -11.36654432,     0.01574983121,    0.008616064151,     0.00025968735,                 0,                 0,                 0,   5.122504146e-05,    0.008616064151,     0.00025968735,                 0,     0.03013990443,    0.003126620633
          0,           0,         786,      -9.755730857,      -8.544813956,       -9.66571982,      -9.233545888,      -11.37323721,     0.01574983121,    0.008616438545,    0.000259437321,                 0,                 0,                 0,   5.118378381e-05,    0.008616438545,    0.000259437321,                 0,     0.03010957714,    0.003126620633
          0,           0,         787,      -9.766014383,      -8.555802448,      -9.676773779,      -9.244890145,      -11.38002905,     0.01574983121,    0.008616811739,    0.000259177543,                 0,                 0,                 0,   5.114121327e-05,    0.008616811739,    0.000259177543,                 0,     0.03007812528,    0.003126620633
          0,           0,         788,      -9.776301425,        -8.5668801,      -9.687875487,       -9.25626153,      -11.38691962,     0.01574983121,    0.008617183709,   0.0002589082881,                 0,                 0,                 0,   5.109735612e-05,    0.008617183709,   0.0002589082881,                 0,     0.03004558065,    0.003126620633
          0,           0,         789,      -9.786588048,      -8.578046918,      -9.699021858,       -9.26765522,      -11.39390883,     0.01574983121,    0.008617554431,   0.0002586298159,                 0,                 0,                 0,   5.105223415e-05,    0.008617554431,   0.0002586298159,                 0,     0.03001197358,    0.003126620633
          0,           0,         790,      -9.796870146,      -8.589302814,      -9.710210054,       -9.27906603,       -11.4009967,     0.01574983121,    0.008617923883,   0.0002583423738,                 0,                 0,                 0,   5.100586547e-05,    0.008617923883,   0.0002583423738,                 0,     0.02997733297,    0.003126620633
          0,           0,         791,      -9.807143218,      -8.600647601,      -9.721436526,      -9.290488118,      -11.40818301,     0.01574983121,    0.008618292044,   0.0002580461945,                 0,                 0,                 0,   5.095826311e-05,    0.008618292044,   0.0002580461945,                 0,     0.02994168604,    0.003126620633
          0,           0,         792,      -9.817402658,      -8.612080975,      -9.732697484,      -9.301915332,      -11.41546772,     0.01574983121,    0.008618658895,   0.0002577414981,                 0,                 0,                 0,   5.090943638e-05,    0.008618658895,   0.0002577414981,                 0,     0.02990505846,    0.003126620633
          0,           0,         793,       -9.82764354,      -8.623602505,       -9.74398903,      -9.313340907,      -11.42285085,     0.01574983121,    0.008619024417,   0.0002574284906,                 0,                 0,                 0,   5.085939063e-05,    0.008619024417,   0.0002574284906,                 0,     0.02986747434,    0.003126620633
          0,           0,         794,      -9.837860556,      -8.635211611,      -9.755306613,      -9.324757456,      -11.43033238,     0.01574983121,    0.008619388592,   0.0002571073642,                 0,                 0,                 0,   5.080812739e-05,    0.008619388592,   0.0002571073642,                 0,     0.02982895613,    0.003126620633
          0,           0,         795,      -9.848048253,      -8.646907552,      -9.766645457,      -9.336157091,      -11.43791224,     0.01574983121,    0.008619751403,   0.0002567782972,                 0,                 0,                 0,   5.075564456e-05,    0.008619751403,   0.0002567782972,                 0,     0.02978952469,    0.003126620633
          0,           0,         796,      -9.858200953,      -8.658689406,      -9.778000337,      -9.347531399,      -11.44559041,     0.01574983121,    0.008620112835,    0.000256441454,                 0,                 0,                 0,   5.070193662e-05,    0.008620112835,    0.000256441454,                 0,     0.02974919922,    0.003126620633
          0,           0,         797,      -9.868312505,      -8.670556046,      -9.789365671,      -9.358871137,      -11.45336708,     0.01574983121,    0.008620472873,    0.000256096985,                 0,                 0,                 0,   5.064699465e-05,    0.008620472873,    0.000256096985,                 0,     0.02970799731,    0.003126620633
          0,           0,         798,      -9.878376613,      -8.682506118,      -9.800735205,      -9.370166557,       -11.4612422,     0.01574983121,    0.008620831503,   0.0002557450265,                 0,                 0,                 0,   5.059080645e-05,    0.008620831503,   0.0002557450265,                 0,     0.02966593494,    0.003126620633
          0,           0,         799,      -9.888386582,      -8.694538015,      -9.812102373,      -9.381407101,      -11.46921569,     0.01574983121,    0.008621188712,   0.0002553857009,                 0,                 0,                 0,   5.053335655e-05,    0.008621188712,   0.0002553857009,                 0,     0.02962302641,    0.003126620633
          0,           0,         800,      -9.898335658,       -8.70664985,       -9.82346019,      -9.392581817,      -11.47728782,     0.01574983121,     0.00862154449,   0.0002550191174,                 0,                 0,                 0,   5.047462691e-05,     0.00862154449,   0.0002550191174,                 0,     0.02957928451,    0.003126620633
          0,           0,         801,      -9.908216548,      -8.718839424,      -9.834800936,        -9.4036787,      -11.48545848,     0.01574983121,    0.008621898824,   0.0002546453719,                 0,                 0,                 0,   5.041459696e-05,    0.008621898824,   0.0002546453719,                 0,      0.0295347205,    0.003126620633
          0,           0,         802,      -9.918021931,      -8.731104193,      -9.846116483,      -9.414685418,      -11.49372803,     0.01574983121,    0.008622251704,    0.000254264547,                 0,                 0,                 0,   5.035324325e-05,    0.008622251704,    0.000254264547,                 0,     0.02948934405,    0.003126620633
          0,           0,         803,      -9.927744059,      -8.743441232,      -9.857398048,      -9.425588732,      -11.50209645,     0.01574983121,    0.008622603123,   0.0002538767119,                 0,                 0,                 0,   5.029053968e-05,    0.008622603123,   0.0002538767119,                 0,     0.02944316332,    0.003126620633
          0,           0,         804,       -9.93737507,      -8.755847194,      -9.868636415,      -9.436374907,      -11.51056386,     0.01574983121,     0.00862295307,   0.0002534819232,                 0,                 0,                 0,   5.022645782e-05,     0.00862295307,   0.0002534819232,                 0,     0.02939618494,    0.003126620633
          0,           0,         805,      -9.946906896,      -8.768318269,      -9.879821641,      -9.447029582,      -11.51913061,     0.01574983121,     0.00862330154,   0.0002530802247,                 0,                 0,                 0,   5.016096708e-05,     0.00862330154,   0.0002530802247,                 0,     0.02934841412,    0.003126620633
          0,           0,         806,      -9.956331221,      -8.780850136,      -9.890943379,      -9.457537797,      -11.52779665,     0.01574983121,    0.008623648525,    0.000252671648,                 0,                 0,                 0,   5.009403465e-05,    0.008623648525,    0.000252671648,                 0,     0.02929985461,    0.003126620633
          0,           0,         807,      -9.965639656,      -8.793437918,      -9.901990399,      -9.467884203,      -11.53656239,     0.01574983121,     0.00862399402,   0.0002522562131,                 0,                 0,                 0,   5.002562585e-05,     0.00862399402,   0.0002522562131,                 0,     0.02925050882,    0.003126620633
          0,           0,         808,      -9.974823691,      -8.806076124,      -9.912951283,      -9.478053029,      -11.54542809,     0.01574983121,    0.008624338019,   0.0002518339285,                 0,                 0,                 0,   4.995570424e-05,    0.008624338019,   0.0002518339285,                 0,     0.02920037781,    0.003126620633
          0,           0,         809,      -9.983874717,      -8.818758597,      -9.923813716,      -9.488028152,      -11.55439369,     0.01574983121,    0.008624680517,    0.000251404792,                 0,                 0,                 0,     4.9884232e-05,    0.008624680517,    0.000251404792,                 0,     0.02914946142,    0.003126620633
          0,           0,         810,       -9.99278413,      -8.831478454,      -9.934565004,      -9.497793327,      -11.56345982,     0.01574983121,    0.008625021512,    0.000250968791,                 0,                 0,                 0,   4.981116995e-05,    0.008625021512,    0.000250968791,                 0,     0.02909775827,    0.003126620633
          0,           0,         811,      -10.00154328,      -8.844228023,      -9.945192034,      -9.507332139,       -11.5726264,     0.01574983121,    0.008625360999,   0.0002505259033,                 0,                 0,                 0,   4.973647782e-05,    0.008625360999,   0.0002505259033,                 0,     0.02904526586,    0.003126620633
          0,           0,         812,      -10.01014365,      -8.856998783,      -9.955680981,      -9.516628362,      -11.58189414,     0.01574983121,    0.008625698976,   0.0002500760974,                 0,                 0,                 0,   4.966011437e-05,    0.008625698976,   0.0002500760974,                 0,     0.02899198061,    0.003126620633
          0,           0,         813,      -10.01857688,      -8.869781298,      -9.966017923,      -9.525665993,       -11.5912633,     0.01574983121,    0.008626035442,   0.0002496193333,                 0,                 0,                 0,   4.958203773e-05,    0.008626035442,   0.0002496193333,                 0,     0.02893789794,    0.003126620633
          0,           0,         814,       -10.0268347,      -8.882565149,      -9.976188372,      -9.534429352,      -11.60073433,     0.01574983121,    0.008626370393,   0.0002491555634,                 0,                 0,                 0,   4.950220594e-05,    0.008626370393,   0.0002491555634,                 0,     0.02888301244,    0.003126620633
          0,           0,         815,      -10.03490914,      -8.895338875,      -9.986177704,      -9.542903414,      -11.61030743,     0.01574983121,     0.00862670383,   0.0002486847336,                 0,                 0,                 0,   4.942057704e-05,     0.00862670383,   0.0002486847336,                 0,     0.02882731788,    0.003126620633
          0,           0,         816,      -10.04279265,      -8.908089907,        -9.9959711,      -9.551074005,      -11.61998328,     0.01574983121,    0.008627035751,    0.000248206784,                 0,                 0,                 0,   4.933710956e-05,    0.008627035751,    0.000248206784,                 0,      0.0287708074,    0.003126620633
          0,           0,         817,      -10.05047786,      -8.920804509,      -10.00555404,      -9.558927752,      -11.62976233,     0.01574983121,    0.008627366157,   0.0002477216496,                 0,                 0,                 0,   4.925176244e-05,    0.008627366157,   0.0002477216496,                 0,     0.02871347351,    0.003126620633
          0,           0,         818,      -10.05795787,       -8.93346773,      -10.01491129,      -9.566452417,      -11.63964511,     0.01574983121,    0.008627695049,   0.0002472292605,                 0,                 0,                 0,   4.916449527e-05,    0.008627695049,   0.0002472292605,                 0,     0.02865530818,    0.003126620633
          0,           0,         819,      -10.06522637,      -8.946063356,      -10.02402884,      -9.573637178,      -11.64963219,     0.01574983121,    0.008628022426,   0.0002467295431,                 0,                 0,                 0,   4.907526858e-05,    0.008628022426,   0.0002467295431,                 0,     0.02859630294,    0.003126620633
          0,           0,         820,      -10.07227769,       -8.95857389,      -10.03289232,       -9.58047283,      -11.65972418,     0.01574983121,    0.008628348291,   0.0002462224201,                 0,                 0,                 0,   4.898404378e-05,    0.008628348291,   0.0002462224201,                 0,     0.02853644891,    0.003126620633
          0,           0,         821,      -10.07910658,      -8.970980526,      -10.04148799,      -9.586951529,      -11.66992174,     0.01574983121,    0.008628672644,   0.0002457078122,                 0,                 0,                 0,   4.889078363e-05,    0.008628672644,   0.0002457078122,                 0,     0.02847573693,    0.003126620633
          0,           0,         822,      -10.08570854,      -8.983263153,      -10.04980296,      -9.593067298,      -11.68022558,     0.01574983121,    0.008628995487,   0.0002451856383,                 0,                 0,                 0,   4.879545246e-05,    0.008628995487,   0.0002451856383,                 0,     0.02841415767,    0.003126620633
          0,           0,         823,      -10.09207986,      -8.995400396,      -10.05782514,      -9.598816132,      -11.69063637,     0.01574983121,    0.008629316824,   0.0002446558165,                 0,                 0,                 0,   4.869801634e-05,    0.008629316824,   0.0002446558165,                 0,      0.0283517017,    0.003126620633
          0,           0,         824,      -10.09821746,      -9.007369652,      -10.06554332,       -9.60419575,        -11.701155,     0.01574983121,    0.008629636656,   0.0002441182645,                 0,                 0,                 0,   4.859844308e-05,    0.008629636656,   0.0002441182645,                 0,     0.02828835955,    0.003126620633
          0,           0,         825,      -10.10411911,      -9.019147194,      -10.07294746,        -9.6092059,      -11.71178226,     0.01574983121,    0.008629954986,   0.0002435729005,                 0,                 0,                 0,   4.849670241e-05,    0.008629954986,   0.0002435729005,                 0,     0.02822412178,    0.003126620633
          0,           0,         826,      -10.10978338,      -9.030708285,      -10.08002875,       -9.61384832,      -11.72251905,     0.01574983121,    0.008630271819,   0.0002430196434,                 0,                 0,                 0,   4.839276599e-05,    0.008630271819,   0.0002430196434,                 0,     0.02815897906,    0.003126620633
          0,           0,         827,      -10.11520969,      -9.042027339,      -10.08677969,      -9.618126662,      -11.73336634,     0.01574983121,    0.008630587157,   0.0002424584134,                 0,                 0,                 0,   4.828660753e-05,    0.008630587157,   0.0002424584134,                 0,     0.02809292218,    0.003126620633
          0,           0,         828,      -10.12039817,      -9.053078131,      -10.09319465,      -9.622046359,      -11.74432509,     0.01574983121,    0.008630901004,   0.0002418891327,                 0,                 0,                 0,   4.817820299e-05,    0.008630901004,   0.0002418891327,                 0,     0.02802594221,    0.003126620633
          0,           0,         829,      -10.12534994,      -9.063834043,        -10.099269,       -9.62561471,      -11.75539634,     0.01574983121,    0.008631213365,   0.0002413117261,                 0,                 0,                 0,   4.806753053e-05,    0.008631213365,   0.0002413117261,                 0,     0.02795803045,    0.003126620633
          0,           0,         830,       -10.1300667,      -9.074268346,      -10.10500015,      -9.628840452,      -11.76658124,     0.01574983121,    0.008631524244,   0.0002407261211,                 0,                 0,                 0,   4.795457053e-05,    0.008631524244,   0.0002407261211,                 0,     0.02788917858,    0.003126620633
          0,           0,         831,      -10.13455111,      -9.084354544,      -10.11038714,      -9.631734014,      -11.77788095,     0.01574983121,    0.008631833646,   0.0002401322485,                 0,                 0,                 0,   4.783930568e-05,    0.008631833646,   0.0002401322485,                 0,     0.02781937863,    0.003126620633
          0,           0,         832,      -10.13880645,      -9.094066731,      -10.11543069,      -9.634307003,      -11.78929672,     0.01574983121,    0.008632141581,   0.0002395300442,                 0,                 0,                 0,   4.772172198e-05,    0.008632141581,   0.0002395300442,                 0,      0.0277486232,    0.003126620633
          0,           0,         833,      -10.14283684,      -9.103379991,      -10.12013298,       -9.63657234,      -11.80082992,     0.01574983121,    0.008632448042,    0.000238919444,                 0,                 0,                 0,   4.760180471e-05,    0.008632448042,    0.000238919444,                 0,     0.02767690496,    0.003126620633
          0,           0,         834,      -10.14664694,      -9.112270818,       -10.1244982,      -9.638543729,      -11.81248193,     0.01574983121,    0.008632753042,   0.0002383003935,                 0,                 0,                 0,   4.747954521e-05,    0.008632753042,   0.0002383003935,                 0,      0.0276042176,    0.003126620633
          0,           0,         835,      -10.15024216,      -9.120717526,       -10.1285318,        -9.6402358,      -11.82425425,     0.01574983121,    0.008633056584,   0.0002376728406,                 0,                 0,                 0,   4.735493565e-05,    0.008633056584,   0.0002376728406,                 0,     0.02753055517,    0.003126620633
          0,           0,         836,      -10.15362829,      -9.128700679,      -10.13224093,      -9.641663662,      -11.83614846,     0.01574983121,    0.008633358676,    0.000237036739,                 0,                 0,                 0,   4.722797081e-05,    0.008633358676,    0.000237036739,                 0,     0.02745591233,    0.003126620633
          0,           0,         837,       -10.1568118,      -9.136203477,      -10.13563378,      -9.642842942,      -11.84816619,     0.01574983121,    0.008633659323,   0.0002363920477,                 0,                 0,                 0,   4.709864795e-05,    0.008633659323,   0.0002363920477,                 0,      0.0273802844,    0.003126620633
          0,           0,         838,      -10.15979946,      -9.143212107,      -10.13872032,      -9.643789417,      -11.86030918,     0.01574983121,     0.00863395853,   0.0002357387315,                 0,                 0,                 0,   4.696696667e-05,     0.00863395853,   0.0002357387315,                 0,     0.02730366733,    0.003126620633
          0,           0,         839,      -10.16259851,      -9.149716066,      -10.14151086,      -9.644519048,      -11.87257925,     0.01574983121,    0.008634256304,   0.0002350767612,                 0,                 0,                 0,     4.6832929e-05,    0.008634256304,   0.0002350767612,                 0,      0.0272260578,    0.003126620633
          0,           0,         840,      -10.16521634,      -9.155708365,      -10.14401753,      -9.645047598,      -11.88497833,     0.01574983121,     0.00863455265,   0.0002344061139,                 0,                 0,                 0,   4.669653939e-05,     0.00863455265,   0.0002344061139,                 0,     0.02714745319,    0.003126620633
          0,           0,         841,      -10.16766089,      -9.161185718,      -10.14625255,      -9.645390883,      -11.89750844,     0.01574983121,    0.008634847575,   0.0002337267731,                 0,                 0,                 0,   4.655780474e-05,    0.008634847575,   0.0002337267731,                 0,     0.02706785164,    0.003126620633
          0,           0,         842,      -10.16994006,      -9.166148585,      -10.14822911,      -9.645564207,      -11.91017169,     0.01574983121,    0.008635141085,   0.0002330387291,                 0,                 0,                 0,   4.641673432e-05,    0.008635141085,   0.0002330387291,                 0,     0.02698725206,    0.003126620633
          0,           0,         843,      -10.17206189,      -9.170601176,      -10.14996083,      -9.645582567,      -11.92297032,     0.01574983121,    0.008635433187,   0.0002323419784,                 0,                 0,                 0,   4.627333961e-05,    0.008635433187,   0.0002323419784,                 0,      0.0269056541,    0.003126620633
          0,           0,         844,      -10.17403455,      -9.174551326,      -10.15146173,      -9.645460436,      -11.93590666,     0.01574983121,    0.008635723887,   0.0002316365246,                 0,                 0,                 0,    4.61276343e-05,    0.008635723887,   0.0002316365246,                 0,     0.02682305822,    0.003126620633
          0,           0,         845,      -10.17586629,      -9.178010312,      -10.15274579,      -9.645211846,      -11.94898316,     0.01574983121,    0.008636013192,   0.0002309223782,                 0,                 0,                 0,   4.597963438e-05,    0.008636013192,   0.0002309223782,                 0,     0.02673946566,    0.003126620633
          0,           0,         846,      -10.17756519,      -9.180992589,      -10.15382735,      -9.644850112,      -11.96220237,     0.01574983121,    0.008636301108,   0.0002301995565,                 0,                 0,                 0,   4.582935792e-05,    0.008636301108,   0.0002301995565,                 0,     0.02665487847,    0.003126620633
          0,           0,         847,      -10.17913944,      -9.183515461,      -10.15472072,      -9.644388055,      -11.97556698,     0.01574983121,    0.008636587641,   0.0002294680833,                 0,                 0,                 0,   4.567682492e-05,    0.008636587641,   0.0002294680833,                 0,     0.02656929946,    0.003126620633
          0,           0,         848,      -10.18059699,      -9.185598711,      -10.15543971,      -9.643837755,      -11.98907981,     0.01574983121,    0.008636872799,     0.00022872799,                 0,                 0,                 0,   4.552205754e-05,    0.008636872799,     0.00022872799,                 0,     0.02648273227,    0.003126620633
          0,           0,         849,      -10.18194566,      -9.187264186,      -10.15599824,      -9.643210592,      -12.00274377,     0.01574983121,    0.008637156588,   0.0002279793144,                 0,                 0,                 0,   4.536507991e-05,    0.008637156588,   0.0002279793144,                 0,     0.02639518134,    0.003126620633
          0,           0,         850,      -10.18319321,      -9.188535395,       -10.1564095,      -9.642517402,      -12.01656195,     0.01574983121,    0.008637439015,   0.0002272221016,                 0,                 0,                 0,    4.52059181e-05,    0.008637439015,   0.0002272221016,                 0,     0.02630665191,    0.003126620633
          0,           0,         851,      -10.18434716,      -9.189437073,       -10.1566868,      -9.641768289,      -12.03053753,     0.01574983121,    0.008637720086,   0.0002264564033,                 0,                 0,                 0,   4.504459997e-05,    0.008637720086,   0.0002264564033,                 0,     0.02621715002,    0.003126620633
          0,           0,         852,      -10.18541461,       -9.18999477,      -10.15684262,      -9.640972553,      -12.04467387,     0.01574983121,    0.008637999809,   0.0002256822782,                 0,                 0,                 0,    4.48811551e-05,    0.008637999809,   0.0002256822782,                 0,     0.02612668247,    0.003126620633
          0,           0,         853,      -10.18640272,      -9.190234482,      -10.15688893,      -9.640139071,      -12.05897444,     0.01574983121,     0.00863827819,   0.0002248997915,                 0,                 0,                 0,   4.471561472e-05,     0.00863827819,   0.0002248997915,                 0,     0.02603525686,    0.003126620633
          0,           0,         854,      -10.18731823,      -9.190182288,       -10.1568374,      -9.639275956,      -12.07344286,     0.01574983121,    0.008638555235,   0.0002241090153,                 0,                 0,                 0,   4.454801206e-05,    0.008638555235,   0.0002241090153,                 0,     0.02594288156,    0.003126620633
          0,           0,         855,      -10.18816769,       -9.18986404,      -10.15669895,      -9.638390791,       -12.0880829,     0.01574983121,    0.008638830951,   0.0002233100278,                 0,                 0,                 0,   4.437838139e-05,    0.008638830951,   0.0002233100278,                 0,     0.02584956565,    0.003126620633
          0,           0,         856,      -10.18895727,      -9.189305084,      -10.15648403,      -9.637490476,      -12.10289846,     0.01574983121,    0.008639105346,   0.0002225029133,                 0,                 0,                 0,   4.420675832e-05,    0.008639105346,   0.0002225029133,                 0,     0.02575531891,    0.003126620633
          0,           0,         857,      -10.18969298,      -9.188530041,      -10.15620241,      -9.636581435,      -12.11789359,     0.01574983121,    0.008639378425,   0.0002216877626,                 0,                 0,                 0,   4.403318001e-05,    0.008639378425,   0.0002216877626,                 0,     0.02566015189,    0.003126620633
          0,           0,         858,      -10.19038053,      -9.187562623,      -10.15586332,      -9.635669557,      -12.13307245,     0.01574983121,    0.008639650196,   0.0002208646725,                 0,                 0,                 0,   4.385768491e-05,    0.008639650196,   0.0002208646725,                 0,      0.0255640758,    0.003126620633
          0,           0,         859,      -10.19102526,      -9.186425465,      -10.15547563,      -9.634760191,      -12.14843934,     0.01574983121,    0.008639920665,   0.0002200337455,                 0,                 0,                 0,   4.368031271e-05,    0.008639920665,   0.0002200337455,                 0,     0.02546710254,    0.003126620633
          0,           0,         860,      -10.19163234,      -9.185140054,      -10.15504717,      -9.633858272,      -12.16399866,     0.01574983121,    0.008640189838,   0.0002191950899,                 0,                 0,                 0,   4.350110422e-05,    0.008640189838,   0.0002191950899,                 0,     0.02536924466,    0.003126620633
          0,           0,         861,      -10.19220658,      -9.183726625,      -10.15458571,      -9.632968201,       -12.1797549,     0.01574983121,    0.008640457723,   0.0002183488194,                 0,                 0,                 0,   4.332010125e-05,    0.008640457723,   0.0002183488194,                 0,     0.02527051533,    0.003126620633
          0,           0,         862,      -10.19275263,      -9.182204136,      -10.15409809,      -9.632094124,      -12.19571264,     0.01574983121,    0.008640724325,   0.0002174950527,                 0,                 0,                 0,   4.313734646e-05,    0.008640724325,   0.0002174950527,                 0,     0.02517092833,    0.003126620633
          0,           0,         863,      -10.19327471,      -9.180590238,      -10.15359109,      -9.631239572,      -12.21187646,     0.01574983121,    0.008640989651,   0.0002166339142,                 0,                 0,                 0,   4.295288365e-05,    0.008640989651,   0.0002166339142,                 0,     0.02507049806,    0.003126620633
          0,           0,         864,      -10.19377693,      -9.178901298,      -10.15307044,       -9.63040792,      -12.22825099,     0.01574983121,    0.008641253707,    0.000215765533,                 0,                 0,                 0,   4.276675743e-05,    0.008641253707,    0.000215765533,                 0,     0.02496923945,    0.003126620633
          0,           0,         865,      -10.19426305,      -9.177152401,      -10.15254191,      -9.629602093,      -12.24484078,     0.01574983121,      0.0086415165,   0.0002148900425,                 0,                 0,                 0,   4.257901303e-05,      0.0086415165,   0.0002148900425,                 0,     0.02486716798,    0.003126620633
          0,           0,         866,      -10.19473671,      -9.175357404,      -10.15201047,      -9.628824781,      -12.26165029,     0.01574983121,    0.008641778037,   0.0002140075808,                 0,                 0,                 0,   4.238969637e-05,    0.008641778037,   0.0002140075808,                 0,     0.02476429965,    0.003126620633
          0,           0,         867,      -10.19520119,      -9.173528967,      -10.15148085,      -9.628078337,      -12.27868379,     0.01574983121,    0.008642038323,   0.0002131182903,                 0,                 0,                 0,   4.219885407e-05,    0.008642038323,   0.0002131182903,                 0,     0.02466065092,    0.003126620633
          0,           0,         868,      -10.19565961,      -9.171678618,      -10.15095738,      -9.627364835,      -12.29594531,     0.01574983121,    0.008642297366,    0.000212222318,                 0,                 0,                 0,   4.200653363e-05,    0.008642297366,    0.000212222318,                 0,     0.02455623881,    0.003126620633
          0,           0,         869,      -10.19611484,      -9.169816811,       -10.1504439,      -9.626686132,      -12.31343845,     0.01574983121,     0.00864255517,   0.0002113198137,                 0,                 0,                 0,   4.181278239e-05,     0.00864255517,   0.0002113198137,                 0,     0.02445108068,    0.003126620633
          0,           0,         870,      -10.19656962,      -9.167952991,      -10.14994408,      -9.626043897,      -12.33116631,     0.01574983121,     0.00864281174,   0.0002104109309,                 0,                 0,                 0,   4.161764807e-05,     0.00864281174,   0.0002104109309,                 0,     0.02434519427,    0.003126620633
          0,           0,         871,      -10.19702636,      -9.166095656,      -10.14946088,      -9.625439466,       -12.3491313,     0.01574983121,    0.008643067085,   0.0002094958267,                 0,                 0,                 0,   4.142117903e-05,    0.008643067085,   0.0002094958267,                 0,     0.02423859778,    0.003126620633
          0,           0,         872,      -10.19748745,       -9.16425242,      -10.14899753,      -9.624874139,      -12.36733489,     0.01574983121,     0.00864332121,   0.0002085746614,                 0,                 0,                 0,   4.122342402e-05,     0.00864332121,   0.0002085746614,                 0,     0.02413130975,    0.003126620633
          0,           0,         873,      -10.19795502,      -9.162430082,      -10.14855666,      -9.624348951,      -12.38577743,     0.01574983121,     0.00864357412,   0.0002076475982,                 0,                 0,                 0,   4.102443192e-05,     0.00864357412,   0.0002076475982,                 0,     0.02402334905,    0.003126620633
          0,           0,         874,      -10.19843099,      -9.160634689,      -10.14814034,      -9.623864775,      -12.40445776,     0.01574983121,    0.008643825822,   0.0002067148029,                 0,                 0,                 0,   4.082425169e-05,    0.008643825822,   0.0002067148029,                 0,     0.02391473488,    0.003126620633
          0,           0,         875,      -10.19891721,      -9.158871595,      -10.14775096,      -9.623422391,       -12.4233729,     0.01574983121,    0.008644076322,   0.0002057764439,                 0,                 0,                 0,   4.062293243e-05,    0.008644076322,   0.0002057764439,                 0,      0.0238054867,    0.003126620633
          0,           0,         876,      -10.19941533,      -9.157145515,      -10.14739046,      -9.623022397,      -12.44251755,     0.01574983121,    0.008644325624,   0.0002048326918,                 0,                 0,                 0,   4.042052323e-05,    0.008644325624,   0.0002048326918,                 0,     0.02369562424,    0.003126620633
          0,           0,         877,       -10.1999269,      -9.155460581,      -10.14706041,       -9.62266529,       -12.4618836,     0.01574983121,    0.008644573736,   0.0002038837189,                 0,                 0,                 0,   4.021707313e-05,    0.008644573736,   0.0002038837189,                 0,     0.02358516742,    0.003126620633
          0,           0,         878,      -10.20045326,        -9.1538204,      -10.14676222,      -9.622351449,      -12.48145943,     0.01574983121,    0.008644820662,   0.0002029296995,                 0,                 0,                 0,   4.001263117e-05,    0.008644820662,   0.0002029296995,                 0,     0.02347413641,    0.003126620633
          0,           0,         879,      -10.20099574,      -9.152228097,      -10.14649736,      -9.622081136,      -12.50122919,     0.01574983121,    0.008645066407,   0.0002019708095,                 0,                 0,                 0,   3.980724627e-05,    0.008645066407,   0.0002019708095,                 0,     0.02336255154,    0.003126620633
          0,           0,         880,      -10.20155543,       -9.15068635,      -10.14626693,      -9.621854557,      -12.52117189,     0.01574983121,    0.008645310978,   0.0002010072264,                 0,                 0,                 0,   3.960096717e-05,    0.008645310978,   0.0002010072264,                 0,     0.02325043331,    0.003126620633
          0,           0,         881,      -10.20213341,      -9.149197445,      -10.14607187,      -9.621671861,      -12.54126035,     0.01574983121,     0.00864555438,   0.0002000391285,                 0,                 0,                 0,   3.939384236e-05,     0.00864555438,   0.0002000391285,                 0,     0.02313780236,    0.003126620633
          0,           0,         882,      -10.20273062,      -9.147763319,      -10.14591313,      -9.621533019,      -12.56146003,     0.01574983121,    0.008645796619,   0.0001990666953,                 0,                 0,                 0,   3.918592006e-05,    0.008645796619,   0.0001990666953,                 0,      0.0230246794,    0.003126620633
          0,           0,         883,      -10.20334792,      -9.146385566,       -10.1457915,       -9.62143808,      -12.58172767,     0.01574983121,    0.008646037698,   0.0001980901069,                 0,                 0,                 0,   3.897724815e-05,    0.008646037698,   0.0001980901069,                 0,     0.02291108526,    0.003126620633
          0,           0,         884,      -10.20398604,       -9.14506551,      -10.14570741,      -9.621386843,      -12.60200982,     0.01574983121,    0.008646277625,   0.0001971095441,                 0,                 0,                 0,   3.876787424e-05,    0.008646277625,   0.0001971095441,                 0,     0.02279704083,    0.003126620633
          0,           0,         885,      -10.20464568,      -9.143804204,      -10.14566144,      -9.621379253,      -12.62224131,     0.01574983121,    0.008646516403,    0.000196125188,                 0,                 0,                 0,   3.855784551e-05,    0.008646516403,    0.000196125188,                 0,     0.02268256704,    0.003126620633
          0,           0,         886,      -10.20532741,      -9.142602459,      -10.14565409,      -9.621415049,      -12.64234364,     0.01574983121,    0.008646754038,     0.00019513722,                 0,                 0,                 0,   3.834720874e-05,    0.008646754038,     0.00019513722,                 0,     0.02256768484,    0.003126620633
          0,           0,         887,      -10.20603179,      -9.141460891,      -10.14568548,      -9.621494035,      -12.66222353,     0.01574983121,    0.008646990535,   0.0001941458216,                 0,                 0,                 0,   3.813601021e-05,    0.008646990535,   0.0001941458216,                 0,     0.02245241518,    0.003126620633
          0,           0,         888,      -10.20675922,      -9.140379917,       -10.1457561,      -9.621615868,      -12.68177175,     0.01574983121,      0.0086472259,   0.0001931511739,                 0,                 0,                 0,   3.792429572e-05,      0.0086472259,   0.0001931511739,                 0,     0.02233677901,    0.003126620633
          0,           0,         889,      -10.20751018,      -9.139359796,      -10.14586577,      -9.621780342,      -12.70086239,     0.01574983121,    0.008647460136,   0.0001921534581,                 0,                 0,                 0,   3.771211054e-05,    0.008647460136,   0.0001921534581,                 0,     0.02222079721,    0.003126620633
          0,           0,         890,      -10.20828495,      -9.138400629,       -10.1460148,      -9.621987012,      -12.71935308,     0.01574983121,    0.008647693249,   0.0001911528544,                 0,                 0,                 0,   3.749949939e-05,    0.008647693249,   0.0001911528544,                 0,     0.02210449063,    0.003126620633
          0,           0,         891,      -10.20908385,      -9.137502394,      -10.14620339,      -9.622235574,      -12.73708626,     0.01574983121,    0.008647925244,   0.0001901495428,                 0,                 0,                 0,   3.728650635e-05,    0.008647925244,   0.0001901495428,                 0,     0.02198788003,    0.003126620633
          0,           0,         892,      -10.20990704,      -9.136664948,      -10.14643122,       -9.62252556,      -12.75389204,     0.01574983121,    0.008648156126,   0.0001891437023,                 0,                 0,                 0,   3.707317503e-05,    0.008648156126,   0.0001891437023,                 0,     0.02187098609,    0.003126620633
          0,           0,         893,       -10.2107548,      -9.135888044,      -10.14669837,      -9.622856605,      -12.76959291,     0.01574983121,    0.008648385898,   0.0001881355112,                 0,                 0,                 0,    3.68595483e-05,    0.008648385898,   0.0001881355112,                 0,     0.02175382938,    0.003126620633
          0,           0,         894,      -10.21162718,      -9.135171348,      -10.14700467,      -9.623228239,       -12.7840103,     0.01574983121,    0.008648614567,   0.0001871251465,                 0,                 0,                 0,   3.664566834e-05,    0.008648614567,   0.0001871251465,                 0,     0.02163643033,    0.003126620633
          0,           0,         895,      -10.21252435,      -9.134514446,      -10.14734999,      -9.623640095,      -12.79697306,     0.01574983121,    0.008648842136,   0.0001861127841,                 0,                 0,                 0,   3.643157667e-05,    0.008648842136,   0.0001861127841,                 0,     0.02151880924,    0.003126620633
          0,           0,         896,      -10.21344633,      -9.133916854,      -10.14773399,       -9.62409157,       -12.8083272,     0.01574983121,     0.00864906861,   0.0001850985983,                 0,                 0,                 0,   3.621731413e-05,     0.00864906861,   0.0001850985983,                 0,     0.02140098624,    0.003126620633
          0,           0,         897,       -10.2143932,      -9.133378028,      -10.14815673,      -9.624582313,        -12.817946,     0.01574983121,    0.008649293993,   0.0001840827624,                 0,                 0,                 0,   3.600292081e-05,    0.008649293993,   0.0001840827624,                 0,      0.0212829813,    0.003126620633
          0,           0,         898,      -10.21536493,      -9.132897375,      -10.14861763,      -9.625111757,      -12.82573929,     0.01574983121,    0.008649518291,   0.0001830654476,                 0,                 0,                 0,   3.578843609e-05,    0.008649518291,   0.0001830654476,                 0,     0.02116481421,    0.003126620633
          0,           0,         899,      -10.21636154,      -9.132474253,      -10.14911671,      -9.625679505,      -12.83166064,     0.01574983121,    0.008649741507,    0.000182046824,                 0,                 0,                 0,   3.557389862e-05,    0.008649741507,    0.000182046824,                 0,     0.02104650455,    0.003126620633
          0,           0,         900,       -10.2173829,      -9.132107982,      -10.14965351,      -9.626284951,      -12.83571112,     0.01574983121,    0.008649963646,   0.0001810270594,                 0,                 0,                 0,   3.535934622e-05,    0.008649963646,   0.0001810270594,                 0,      0.0209280717,    0.003126620633
          0,           0,         901,      -10.21842893,      -9.131797855,      -10.15022759,      -9.626927621,      -12.83793925,     0.01574983121,    0.008650184712,   0.0001800063197,                 0,                 0,                 0,   3.514481593e-05,    0.008650184712,   0.0001800063197,                 0,     0.02080953479,    0.003126620633
          0,           0,         902,      -10.21949962,      -9.131543139,      -10.15083873,      -9.627607033,      -12.83843695,     0.01574983121,     0.00865040471,   0.0001789847692,                 0,                 0,                 0,   3.493034406e-05,     0.00865040471,   0.0001789847692,                 0,     0.02069091276,    0.003126620633
          0,           0,         903,      -10.22059481,       -9.13134307,      -10.15148661,      -9.628322722,      -12.83733224,     0.01574983121,    0.008650623644,   0.0001779625697,                 0,                 0,                 0,   3.471596612e-05,    0.008650623644,   0.0001779625697,                 0,     0.02057222427,    0.003126620633
          0,           0,         904,      -10.22171432,      -9.131196879,      -10.15217091,      -9.629074107,      -12.83477991,     0.01574983121,    0.008650841517,    0.000176939881,                 0,                 0,                 0,   3.450171678e-05,    0.008650841517,    0.000176939881,                 0,     0.02045348775,    0.003126620633
          0,           0,         905,      -10.22285799,      -9.131103771,      -10.15289095,      -9.629860692,      -12.83095134,     0.01574983121,    0.008651058335,   0.0001759168607,                 0,                 0,                 0,   3.428762993e-05,    0.008651058335,   0.0001759168607,                 0,     0.02033472135,    0.003126620633
          0,           0,         906,      -10.22402565,      -9.131062945,      -10.15364658,      -9.630681975,      -12.82602484,     0.01574983121,    0.008651274101,   0.0001748936639,                 0,                 0,                 0,   3.407373862e-05,    0.008651274101,   0.0001748936639,                 0,     0.02021594297,    0.003126620633
          0,           0,         907,      -10.22521719,      -9.131073599,      -10.15443725,      -9.631537452,      -12.82017729,     0.01574983121,     0.00865148882,   0.0001738704433,                 0,                 0,                 0,    3.38600751e-05,     0.00865148882,   0.0001738704433,                 0,     0.02009717021,    0.003126620633
          0,           0,         908,      -10.22643232,      -9.131134917,      -10.15526282,      -9.632426645,      -12.81357763,     0.01574983121,    0.008651702495,   0.0001728473494,                 0,                 0,                 0,    3.36466708e-05,    0.008651702495,   0.0001728473494,                 0,     0.01997842037,    0.003126620633
          0,           0,         909,      -10.22767084,      -9.131246086,      -10.15612253,       -9.63334896,      -12.80638225,     0.01574983121,     0.00865191513,   0.0001718245298,                 0,                 0,                 0,   3.343355634e-05,     0.00865191513,   0.0001718245298,                 0,     0.01985971051,    0.003126620633
          0,           0,         910,      -10.22893257,      -9.131406292,      -10.15701614,      -9.634304004,      -12.79873229,     0.01574983121,     0.00865212673,   0.0001708021298,                 0,                 0,                 0,    3.32207615e-05,     0.00865212673,   0.0001708021298,                 0,     0.01974105733,    0.003126620633
          0,           0,         911,      -10.23021724,      -9.131614724,      -10.15794296,      -9.635291194,      -12.79075233,     0.01574983121,    0.008652337299,    0.000169780292,                 0,                 0,                 0,   3.300831525e-05,    0.008652337299,    0.000169780292,                 0,     0.01962247727,    0.003126620633
          0,           0,         912,      -10.23152464,      -9.131870568,      -10.15890317,      -9.636310134,      -12.78255035,     0.01574983121,     0.00865254684,   0.0001687591561,                 0,                 0,                 0,   3.279624573e-05,     0.00865254684,   0.0001687591561,                 0,     0.01950398643,    0.003126620633
          0,           0,         913,      -10.23285447,       -9.13217302,      -10.15989568,      -9.637360233,      -12.77421838,     0.01574983121,    0.008652755357,   0.0001677388595,                 0,                 0,                 0,   3.258458028e-05,    0.008652755357,   0.0001677388595,                 0,     0.01938560061,    0.003126620633
          0,           0,         914,       -10.2342065,      -9.132521284,      -10.16092045,      -9.638441131,      -12.76583374,     0.01574983121,    0.008652962855,   0.0001667195365,                 0,                 0,                 0,   3.237334541e-05,    0.008652962855,   0.0001667195365,                 0,     0.01926733528,    0.003126620633
          0,           0,         915,      -10.23558046,      -9.132914562,      -10.16197692,      -9.639552241,      -12.75746052,     0.01574983121,    0.008653169337,   0.0001657013187,                 0,                 0,                 0,   3.216256686e-05,    0.008653169337,   0.0001657013187,                 0,      0.0191492056,    0.003126620633
          0,           0,         916,      -10.23697609,      -9.133352076,      -10.16306452,      -9.640693158,      -12.74915114,     0.01574983121,    0.008653374806,   0.0001646843351,                 0,                 0,                 0,   3.195226957e-05,    0.008653374806,   0.0001646843351,                 0,      0.0190312264,    0.003126620633
          0,           0,         917,      -10.23839311,      -9.133833045,      -10.16418314,      -9.641863358,      -12.74094792,     0.01574983121,    0.008653579268,   0.0001636687116,                 0,                 0,                 0,   3.174247765e-05,    0.008653579268,   0.0001636687116,                 0,     0.01891341219,    0.003126620633
          0,           0,         918,      -10.23983124,      -9.134356706,      -10.16533215,      -9.643062416,      -12.73288452,     0.01574983121,    0.008653782725,   0.0001626545715,                 0,                 0,                 0,   3.153321445e-05,    0.008653782725,   0.0001626545715,                 0,     0.01879577714,    0.003126620633
          0,           0,         919,      -10.24129021,      -9.134922304,       -10.1665111,      -9.644289883,       -12.7249873,     0.01574983121,    0.008653985181,   0.0001616420351,                 0,                 0,                 0,   3.132450256e-05,    0.008653985181,   0.0001616420351,                 0,     0.01867833509,    0.003126620633
          0,           0,         920,       -10.2427697,      -9.135529093,      -10.16771963,      -9.645545321,      -12.71727649,     0.01574983121,     0.00865418664,   0.0001606312197,                 0,                 0,                 0,   3.111636369e-05,     0.00865418664,   0.0001606312197,                 0,     0.01856109954,    0.003126620633
          0,           0,         921,      -10.24426946,      -9.136176338,      -10.16895724,      -9.646828245,       -12.7097672,     0.01574983121,    0.008654387105,   0.0001596222399,                 0,                 0,                 0,    3.09088189e-05,    0.008654387105,   0.0001596222399,                 0,     0.01844408367,    0.003126620633
          0,           0,         922,      -10.24578921,      -9.136863318,      -10.17022362,      -9.648138274,      -12.70247036,     0.01574983121,    0.008654586581,   0.0001586152076,                 0,                 0,                 0,   3.070188853e-05,    0.008654586581,   0.0001586152076,                 0,     0.01832730034,    0.003126620633
          0,           0,         923,      -10.24732863,      -9.137589321,      -10.17151833,      -9.649474954,      -12.69539343,     0.01574983121,    0.008654785071,   0.0001576102315,                 0,                 0,                 0,   3.049559212e-05,    0.008654785071,   0.0001576102315,                 0,     0.01821076204,    0.003126620633
          0,           0,         924,       -10.2488874,      -9.138353644,      -10.17284097,      -9.650837836,      -12.68854104,     0.01574983121,    0.008654982579,   0.0001566074177,                 0,                 0,                 0,   3.028994854e-05,    0.008654982579,   0.0001566074177,                 0,     0.01809448098,    0.003126620633
          0,           0,         925,      -10.25046531,      -9.139155608,      -10.17419104,      -9.652226522,      -12.68191556,     0.01574983121,    0.008655179108,   0.0001556068692,                 0,                 0,                 0,   3.008497583e-05,    0.008655179108,   0.0001556068692,                 0,     0.01797846899,    0.003126620633
          0,           0,         926,      -10.25206199,      -9.139994532,      -10.17556826,      -9.653640643,      -12.67551751,     0.01574983121,    0.008655374662,   0.0001546086864,                 0,                 0,                 0,   2.988069142e-05,    0.008655374662,   0.0001546086864,                 0,     0.01786273759,    0.003126620633
          0,           0,         927,      -10.25367718,      -9.140869752,      -10.17697209,      -9.655079732,      -12.66934594,     0.01574983121,    0.008655569245,   0.0001536129666,                 0,                 0,                 0,     2.9677112e-05,    0.008655569245,   0.0001536129666,                 0,     0.01774729798,    0.003126620633
          0,           0,         928,      -10.25531055,      -9.141780618,      -10.17840246,      -9.656543409,      -12.66339876,     0.01574983121,    0.008655762859,   0.0001526198045,                 0,                 0,                 0,   2.947425359e-05,    0.008655762859,   0.0001526198045,                 0,     0.01763216102,    0.003126620633
          0,           0,         929,      -10.25696183,      -9.142726495,      -10.17985852,      -9.658031343,      -12.65767295,     0.01574983121,    0.008655955509,   0.0001516292918,                 0,                 0,                 0,   2.927213156e-05,    0.008655955509,   0.0001516292918,                 0,     0.01751733724,    0.003126620633
          0,           0,         930,      -10.25863072,      -9.143706755,       -10.1813401,       -9.65954311,      -12.65216481,     0.01574983121,    0.008656147199,   0.0001506415176,                 0,                 0,                 0,   2.907076058e-05,    0.008656147199,   0.0001506415176,                 0,     0.01740283687,    0.003126620633
          0,           0,         931,      -10.26031694,      -9.144720781,      -10.18284703,      -9.661078285,      -12.64687008,     0.01574983121,    0.008656337931,   0.0001496565683,                 0,                 0,                 0,   2.887015473e-05,    0.008656337931,   0.0001496565683,                 0,     0.01728866981,    0.003126620633
          0,           0,         932,      -10.26202018,      -9.145767975,      -10.18437863,      -9.662636608,      -12.64178415,     0.01574983121,     0.00865652771,   0.0001486745272,                 0,                 0,                 0,   2.867032743e-05,     0.00865652771,   0.0001486745272,                 0,     0.01717484564,    0.003126620633
          0,           0,         933,      -10.26374012,      -9.146847742,      -10.18593472,      -9.664217558,       -12.6369021,     0.01574983121,    0.008656716538,   0.0001476954753,                 0,                 0,                 0,   2.847129146e-05,    0.008656716538,   0.0001476954753,                 0,     0.01706137364,    0.003126620633
          0,           0,         934,      -10.26547654,      -9.147959511,      -10.18751474,       -9.66582096,      -12.63221882,     0.01574983121,     0.00865690442,   0.0001467194908,                 0,                 0,                 0,   2.827305908e-05,     0.00865690442,   0.0001467194908,                 0,     0.01694826276,    0.003126620633
          0,           0,         935,      -10.26722906,      -9.149102705,      -10.18911869,       -9.66744629,      -12.62772911,     0.01574983121,    0.008657091358,   0.0001457466491,                 0,                 0,                 0,   2.807564188e-05,    0.008657091358,   0.0001457466491,                 0,     0.01683552166,    0.003126620633
          0,           0,         936,      -10.26899745,      -9.150276777,      -10.19074583,      -9.669093307,      -12.62342769,     0.01574983121,    0.008657277357,   0.0001447770232,                 0,                 0,                 0,   2.787905094e-05,    0.008657277357,   0.0001447770232,                 0,     0.01672315871,    0.003126620633
          0,           0,         937,      -10.27078138,       -9.15148118,      -10.19239609,      -9.670761634,      -12.61930929,     0.01574983121,    0.008657462419,   0.0001438106837,                 0,                 0,                 0,   2.768329678e-05,    0.008657462419,   0.0001438106837,                 0,     0.01661118197,    0.003126620633
          0,           0,         938,       -10.2725806,      -9.152715381,      -10.19406892,      -9.672450973,      -12.61536867,     0.01574983121,    0.008657646549,   0.0001428476982,                 0,                 0,                 0,   2.748838936e-05,    0.008657646549,   0.0001428476982,                 0,     0.01649959921,    0.003126620633
          0,           0,         939,       -10.2743948,      -9.153978861,      -10.19576415,       -9.67416097,      -12.61160064,     0.01574983121,    0.008657829749,   0.0001418881321,                 0,                 0,                 0,   2.729433806e-05,    0.008657829749,   0.0001418881321,                 0,     0.01638841791,    0.003126620633
          0,           0,         940,      -10.27622374,      -9.155271109,      -10.19748144,      -9.675891315,       -12.6080001,     0.01574983121,    0.008658012023,   0.0001409320484,                 0,                 0,                 0,   2.710115183e-05,    0.008658012023,   0.0001409320484,                 0,     0.01627764526,    0.003126620633
          0,           0,         941,      -10.27806705,      -9.156591621,      -10.19922035,      -9.677641615,      -12.60456205,     0.01574983121,    0.008658193375,   0.0001399795075,                 0,                 0,                 0,   2.690883909e-05,    0.008658193375,   0.0001399795075,                 0,     0.01616728819,    0.003126620633
          0,           0,         942,      -10.27992453,      -9.157939913,      -10.20098061,      -9.679411685,      -12.60128161,     0.01574983121,    0.008658373807,   0.0001390305676,                 0,                 0,                 0,   2.671740779e-05,    0.008658373807,   0.0001390305676,                 0,     0.01605735334,    0.003126620633
          0,           0,         943,      -10.28179586,      -9.159315505,      -10.20276201,       -9.68120118,      -12.59815401,     0.01574983121,    0.008658553324,   0.0001380852845,                 0,                 0,                 0,    2.65268654e-05,    0.008658553324,   0.0001380852845,                 0,      0.0159478471,    0.003126620633
          0,           0,         944,      -10.28368075,      -9.160717925,      -10.20456417,      -9.683009733,      -12.59517462,     0.01574983121,    0.008658731929,   0.0001371437118,                 0,                 0,                 0,   2.633721888e-05,    0.008658731929,   0.0001371437118,                 0,     0.01583877558,    0.003126620633
          0,           0,         945,      -10.28557895,      -9.162146714,      -10.20638666,      -9.684837088,      -12.59233895,     0.01574983121,    0.008658909625,   0.0001362059007,                 0,                 0,                 0,   2.614847481e-05,    0.008658909625,   0.0001362059007,                 0,     0.01573014462,    0.003126620633
          0,           0,         946,       -10.2874902,      -9.163601424,      -10.20822936,      -9.686682997,      -12.58964263,     0.01574983121,    0.008659086415,   0.0001352719003,                 0,                 0,                 0,   2.596063933e-05,    0.008659086415,   0.0001352719003,                 0,     0.01562195985,    0.003126620633
          0,           0,         947,       -10.2894142,      -9.165081616,      -10.21009207,      -9.688547148,      -12.58708146,     0.01574983121,    0.008659262304,   0.0001343417576,                 0,                 0,                 0,   2.577371814e-05,    0.008659262304,   0.0001343417576,                 0,      0.0155142266,    0.003126620633
          0,           0,         948,      -10.29135065,      -9.166586858,      -10.21197413,      -9.690429208,      -12.58465134,     0.01574983121,    0.008659437293,   0.0001334155174,                 0,                 0,                 0,   2.558771656e-05,    0.008659437293,   0.0001334155174,                 0,        0.01540695,    0.003126620633
          0,           0,         949,      -10.29329936,      -9.168116727,      -10.21387552,      -9.692329037,      -12.58234832,     0.01574983121,    0.008659611388,   0.0001324932225,                 0,                 0,                 0,   2.540263951e-05,    0.008659611388,   0.0001324932225,                 0,     0.01530013492,    0.003126620633
          0,           0,         950,      -10.29525999,       -9.16967081,      -10.21579597,      -9.694246196,      -12.58016861,     0.01574983121,     0.00865978459,   0.0001315749138,                 0,                 0,                 0,   2.521849154e-05,     0.00865978459,   0.0001315749138,                 0,     0.01519378599,    0.003126620633
          0,           0,         951,      -10.29723233,      -9.171248709,      -10.21773511,       -9.69618057,      -12.57810852,     0.01574983121,    0.008659956904,   0.0001306606299,                 0,                 0,                 0,   2.503527683e-05,    0.008659956904,   0.0001306606299,                 0,     0.01508790763,    0.003126620633
          0,           0,         952,      -10.29921609,      -9.172850021,       -10.2196927,      -9.698131803,      -12.57616451,     0.01574983121,    0.008660128332,   0.0001297504078,                 0,                 0,                 0,    2.48529992e-05,    0.008660128332,   0.0001297504078,                 0,     0.01498250405,    0.003126620633
          0,           0,         953,      -10.30121101,      -9.174474361,      -10.22166857,      -9.700099685,      -12.57433314,     0.01574983121,    0.008660298879,   0.0001288442826,                 0,                 0,                 0,   2.467166219e-05,    0.008660298879,   0.0001288442826,                 0,     0.01487757921,    0.003126620633
          0,           0,         954,      -10.30321682,      -9.176121352,      -10.22366242,      -9.702083932,      -12.57261113,     0.01574983121,    0.008660468547,   0.0001279422874,                 0,                 0,                 0,   2.449126896e-05,    0.008660468547,   0.0001279422874,                 0,      0.0147731369,    0.003126620633
          0,           0,         955,      -10.30523328,      -9.177790622,      -10.22567381,      -9.704084363,      -12.57099528,     0.01574983121,     0.00866063734,   0.0001270444538,                 0,                 0,                 0,   2.431182237e-05,     0.00866063734,   0.0001270444538,                 0,     0.01466918066,    0.003126620633
          0,           0,         956,      -10.30726017,      -9.179481807,      -10.22770274,      -9.706100689,      -12.56948253,     0.01574983121,    0.008660805261,   0.0001261508113,                 0,                 0,                 0,   2.413332497e-05,    0.008660805261,   0.0001261508113,                 0,     0.01456571387,    0.003126620633
          0,           0,         957,      -10.30929715,      -9.181194548,      -10.22974883,       -9.70813263,      -12.56806993,     0.01574983121,    0.008660972314,   0.0001252613881,                 0,                 0,                 0,   2.395577906e-05,    0.008660972314,   0.0001252613881,                 0,      0.0144627397,    0.003126620633
          0,           0,         958,      -10.31134403,        -9.1829285,      -10.23181188,      -9.710180019,      -12.56675463,     0.01574983121,    0.008661138502,   0.0001243762106,                 0,                 0,                 0,   2.377918663e-05,    0.008661138502,   0.0001243762106,                 0,     0.01436026113,    0.003126620633
          0,           0,         959,      -10.31340053,      -9.184683322,      -10.23389159,      -9.712242576,      -12.56553388,     0.01574983121,    0.008661303828,   0.0001234953034,                 0,                 0,                 0,   2.360354944e-05,    0.008661303828,   0.0001234953034,                 0,     0.01425828096,    0.003126620633
          0,           0,         960,      -10.31546641,      -9.186458675,      -10.23598791,       -9.71432016,      -12.56440503,     0.01574983121,    0.008661468295,   0.0001226186901,                 0,                 0,                 0,   2.342886897e-05,    0.008661468295,   0.0001226186901,                 0,     0.01415680181,    0.003126620633
          0,           0,         961,      -10.31754143,      -9.188254234,      -10.23810036,      -9.716412459,      -12.56336553,     0.01574983121,    0.008661631907,   0.0001217463922,                 0,                 0,                 0,   2.325514646e-05,    0.008661631907,   0.0001217463922,                 0,     0.01405582615,    0.003126620633
          0,           0,         962,      -10.31962533,      -9.190069681,      -10.24022885,      -9.718519331,      -12.56241292,     0.01574983121,    0.008661794668,   0.0001208784302,                 0,                 0,                 0,   2.308238292e-05,    0.008661794668,   0.0001208784302,                 0,     0.01395535623,    0.003126620633
          0,           0,         963,      -10.32171787,      -9.191904698,      -10.24237325,      -9.720640443,      -12.56154483,     0.01574983121,     0.00866195658,   0.0001200148229,                 0,                 0,                 0,   2.291057913e-05,     0.00866195658,   0.0001200148229,                 0,      0.0138553942,    0.003126620633
          0,           0,         964,      -10.32381884,      -9.193758977,      -10.24453316,      -9.722775693,      -12.56075897,     0.01574983121,    0.008662117647,   0.0001191555879,                 0,                 0,                 0,   2.273973566e-05,    0.008662117647,   0.0001191555879,                 0,     0.01375594199,    0.003126620633
          0,           0,         965,        -10.325928,      -9.195632219,      -10.24670831,      -9.724924854,      -12.56005314,     0.01574983121,    0.008662277872,   0.0001183007413,                 0,                 0,                 0,   2.256985287e-05,    0.008662277872,   0.0001183007413,                 0,     0.01365700143,    0.003126620633
          0,           0,         966,      -10.32804509,      -9.197524123,      -10.24889872,      -9.727087683,      -12.55942522,     0.01574983121,    0.008662437259,   0.0001174502982,                 0,                 0,                 0,   2.240093096e-05,    0.008662437259,   0.0001174502982,                 0,     0.01355857419,    0.003126620633
          0,           0,         967,      -10.33016989,      -9.199434406,      -10.25110415,       -9.72926408,      -12.55887314,     0.01574983121,     0.00866259581,   0.0001166042722,                 0,                 0,                 0,    2.22329699e-05,     0.00866259581,   0.0001166042722,                 0,     0.01346066176,    0.003126620633
          0,           0,         968,      -10.33230214,      -9.201362777,      -10.25332433,      -9.731453759,      -12.55839492,     0.01574983121,     0.00866275353,   0.0001157626757,                 0,                 0,                 0,    2.20659695e-05,     0.00866275353,   0.0001157626757,                 0,     0.01336326554,    0.003126620633
          0,           0,         969,      -10.33444161,      -9.203308964,      -10.25555889,      -9.733656553,      -12.55798867,     0.01574983121,    0.008662910421,   0.0001149255202,                 0,                 0,                 0,    2.18999294e-05,    0.008662910421,   0.0001149255202,                 0,     0.01326638677,    0.003126620633
          0,           0,         970,      -10.33658811,      -9.205272688,      -10.25780785,      -9.735872168,      -12.55765253,     0.01574983121,    0.008663066487,   0.0001140928158,                 0,                 0,                 0,   2.173484907e-05,    0.008663066487,   0.0001140928158,                 0,     0.01317002657,    0.003126620633
          0,           0,         971,       -10.3387414,      -9.207253683,       -10.2600711,        -9.7381006,      -12.55738472,     0.01574983121,    0.008663221731,   0.0001132645716,                 0,                 0,                 0,   2.157072786e-05,    0.008663221731,   0.0001132645716,                 0,     0.01307418593,    0.003126620633
          0,           0,         972,      -10.34090119,      -9.209251687,      -10.26234828,      -9.740341574,      -12.55718352,     0.01574983121,    0.008663376157,   0.0001124407958,                 0,                 0,                 0,   2.140756493e-05,    0.008663376157,   0.0001124407958,                 0,     0.01297886571,    0.003126620633
          0,           0,         973,      -10.34306736,      -9.211266444,       -10.2646393,      -9.742594927,      -12.55704728,     0.01574983121,    0.008663529767,   0.0001116214953,                 0,                 0,                 0,   2.124535933e-05,    0.008663529767,   0.0001116214953,                 0,     0.01288406669,    0.003126620633
          0,           0,         974,       -10.3452396,      -9.213297701,      -10.26694368,      -9.744860477,      -12.55697439,     0.01574983121,    0.008663682565,   0.0001108066762,                 0,                 0,                 0,   2.108410997e-05,    0.008663682565,   0.0001108066762,                 0,     0.01278978949,    0.003126620633
          0,           0,         975,       -10.3474177,      -9.215345205,      -10.26926176,       -9.74713799,       -12.5569633,     0.01574983121,    0.008663834554,   0.0001099963437,                 0,                 0,                 0,   2.092381564e-05,    0.008663834554,   0.0001099963437,                 0,     0.01269603465,    0.003126620633
          0,           0,         976,      -10.34960151,      -9.217408718,      -10.27159283,      -9.749427393,       -12.5570125,     0.01574983121,    0.008663985738,   0.0001091905021,                 0,                 0,                 0,   2.076447504e-05,    0.008663985738,   0.0001091905021,                 0,     0.01260280261,    0.003126620633
          0,           0,         977,      -10.35179072,         -9.219488,      -10.27393722,      -9.751728449,      -12.55712056,     0.01574983121,     0.00866413612,   0.0001083891547,                 0,                 0,                 0,   2.060608674e-05,     0.00866413612,   0.0001083891547,                 0,      0.0125100937,    0.003126620633
          0,           0,         978,      -10.35398514,      -9.221582816,      -10.27629428,      -9.754040972,      -12.55728607,     0.01574983121,    0.008664285704,   0.0001075923041,                 0,                 0,                 0,   2.044864919e-05,    0.008664285704,   0.0001075923041,                 0,     0.01241790815,    0.003126620633
          0,           0,         979,      -10.35618461,       -9.22369294,      -10.27866426,      -9.756364914,      -12.55750767,     0.01574983121,    0.008664434491,    0.000106799952,                 0,                 0,                 0,   2.029216073e-05,    0.008664434491,    0.000106799952,                 0,     0.01232624612,    0.003126620633
          0,           0,         980,      -10.35838886,      -9.225818143,      -10.28104665,      -9.758699996,      -12.55778406,     0.01574983121,    0.008664582487,   0.0001060120994,                 0,                 0,                 0,   2.013661965e-05,    0.008664582487,   0.0001060120994,                 0,     0.01223510764,    0.003126620633
          0,           0,         981,      -10.36059766,      -9.227958203,      -10.28344165,      -9.761046105,      -12.55811396,     0.01574983121,    0.008664729693,   0.0001052287465,                 0,                 0,                 0,   1.998202412e-05,    0.008664729693,   0.0001052287465,                 0,     0.01214449269,    0.003126620633
          0,           0,         982,      -10.36281084,      -9.230112906,      -10.28584874,      -9.763403124,      -12.55849615,     0.01574983121,    0.008664876114,   0.0001044498927,                 0,                 0,                 0,   1.982837224e-05,    0.008664876114,   0.0001044498927,                 0,     0.01205440117,    0.003126620633
          0,           0,         983,      -10.36502817,      -9.232282033,      -10.28826777,      -9.765770748,      -12.55892944,     0.01574983121,    0.008665021752,    0.000103675537,                 0,                 0,                 0,   1.967566201e-05,    0.008665021752,    0.000103675537,                 0,     0.01196483286,    0.003126620633
          0,           0,         984,       -10.3672495,      -9.234465381,      -10.29069893,      -9.768149007,      -12.55941268,     0.01574983121,    0.008665166612,   0.0001029056774,                 0,                 0,                 0,   1.952389138e-05,    0.008665166612,   0.0001029056774,                 0,     0.01187578751,    0.003126620633
          0,           0,         985,      -10.36947454,      -9.236662741,      -10.29314171,       -9.77053764,      -12.55994474,     0.01574983121,    0.008665310695,   0.0001021403115,                 0,                 0,                 0,   1.937305823e-05,    0.008665310695,   0.0001021403115,                 0,     0.01178726477,    0.003126620633
          0,           0,         986,      -10.37170317,      -9.238873911,      -10.29559625,       -9.77293658,      -12.56052455,     0.01574983121,    0.008665454006,   0.0001013794361,                 0,                 0,                 0,   1.922316032e-05,    0.008665454006,   0.0001013794361,                 0,     0.01169926423,    0.003126620633
          0,           0,         987,      -10.37393511,      -9.241098694,      -10.29806223,      -9.775345641,      -12.56115107,     0.01574983121,    0.008665596548,   0.0001006230475,                 0,                 0,                 0,   1.907419539e-05,    0.008665596548,   0.0001006230475,                 0,      0.0116117854,    0.003126620633
          0,           0,         988,      -10.37617019,      -9.243336893,      -10.30053949,      -9.777764704,      -12.56182327,     0.01574983121,    0.008665738324,   9.987114145e-05,                 0,                 0,                 0,   1.892616109e-05,    0.008665738324,   9.987114145e-05,                 0,     0.01152482774,    0.003126620633
          0,           0,         989,      -10.37840818,      -9.245588314,      -10.30302809,       -9.78019351,      -12.56254016,     0.01574983121,    0.008665879337,   9.912371307e-05,                 0,                 0,                 0,   1.877905502e-05,    0.008665879337,   9.912371307e-05,                 0,     0.01143839064,    0.003126620633
          0,           0,         990,      -10.38064891,      -9.247852774,      -10.30552758,      -9.782632128,      -12.56330081,     0.01574983121,     0.00866601959,   9.838075704e-05,                 0,                 0,                 0,   1.863287474e-05,     0.00866601959,   9.838075704e-05,                 0,     0.01135247342,    0.003126620633
          0,           0,         991,      -10.38289223,      -9.250130088,      -10.30803792,      -9.785080227,      -12.56410427,     0.01574983121,    0.008666159087,   9.764226748e-05,                 0,                 0,                 0,   1.848761774e-05,    0.008666159087,   9.764226748e-05,                 0,     0.01126707536,    0.003126620633
          0,           0,         992,      -10.38513783,      -9.252420067,      -10.31055913,      -9.787537823,      -12.56494965,     0.01574983121,    0.008666297832,   9.690823806e-05,                 0,                 0,                 0,   1.834328146e-05,    0.008666297832,   9.690823806e-05,                 0,     0.01118219567,    0.003126620633
          0,           0,         993,      -10.38738561,      -9.254722537,      -10.31309097,      -9.790004628,      -12.56583607,     0.01574983121,    0.008666435826,   9.617866194e-05,                 0,                 0,                 0,    1.81998633e-05,    0.008666435826,   9.617866194e-05,                 0,     0.01109783351,    0.003126620633
          0,           0,         994,      -10.38963538,      -9.257037325,      -10.31563322,      -9.792480742,       -12.5667627,     0.01574983121,    0.008666573074,    9.54535319e-05,                 0,                 0,                 0,   1.805736062e-05,    0.008666573074,    9.54535319e-05,                 0,     0.01101398801,    0.003126620633
          0,           0,         995,      -10.39188687,      -9.259364248,      -10.31818592,      -9.794965722,      -12.56772871,     0.01574983121,    0.008666709579,   9.473284027e-05,                 0,                 0,                 0,   1.791577074e-05,    0.008666709579,   9.473284027e-05,                 0,     0.01093065822,    0.003126620633
          0,           0,         996,      -10.39413996,      -9.261703148,      -10.32074877,      -9.797459665,       -12.5687333,     0.01574983121,    0.008666845344,   9.401657898e-05,                 0,                 0,                 0,   1.777509097e-05,    0.008666845344,   9.401657898e-05,                 0,     0.01084784316,    0.003126620633
          0,           0,         997,      -10.39639445,       -9.26405385,      -10.32332191,      -9.799962446,      -12.56977569,     0.01574983121,    0.008666980372,   9.330473956e-05,                 0,                 0,                 0,   1.763531851e-05,    0.008666980372,   9.330473956e-05,                 0,     0.01076554181,    0.003126620633
          0,           0,         998,      -10.39865012,      -9.266416195,      -10.32590484,      -9.802473868,      -12.57085514,     0.01574983121,    0.008667114666,   9.259731318e-05,                 0,                 0,                 0,   1.749645059e-05,    0.008667114666,   9.259731318e-05,                 0,      0.0106837531,    0.003126620633
          0,           0,         999,      -10.40090682,      -9.268790018,      -10.32849762,      -9.804993908,      -12.57197091,     0.01574983121,    0.008667248231,    9.18942906e-05,                 0,                 0,                 0,   1.735848437e-05,    0.008667248231,    9.18942906e-05,                 0,     0.01060247591,    0.003126620633
          0,           0,        1000,       -10.4031643,      -9.271175157,      -10.33110036,      -9.807522262,      -12.57312228,     0.01574983121,    0.008667381068,   9.119566227e-05,                 0,                 0,                 0,     1.7221417e-05,    0.008667381068,   9.119566227e-05,                 0,      0.0105217091,    0.003126620633
          0,           0,        1001,      -10.40542246,      -9.273571462,      -10.33371262,      -9.810058965,      -12.57430857,     0.01574983121,    0.008667513181,   9.050141829e-05,                 0,                 0,                 0,   1.708524558e-05,    0.008667513181,   9.050141829e-05,                 0,     0.01044145148,    0.003126620633
          0,           0,        1002,      -10.40768104,      -9.275978771,      -10.33633442,      -9.812603846,      -12.57552911,     0.01574983121,    0.008667644574,   8.981154847e-05,                 0,                 0,                 0,    1.69499672e-05,    0.008667644574,   8.981154847e-05,                 0,     0.01036170181,    0.003126620633
          0,           0,        1003,      -10.40993996,      -9.278396937,      -10.33896541,      -9.815156832,      -12.57678323,     0.01574983121,    0.008667775249,    8.91260423e-05,                 0,                 0,                 0,   1.681557892e-05,    0.008667775249,    8.91260423e-05,                 0,     0.01028245885,    0.003126620633
          0,           0,        1004,      -10.41219895,      -9.280825811,      -10.34160579,       -9.81771775,       -12.5780703,     0.01574983121,     0.00866790521,   8.844488904e-05,                 0,                 0,                 0,   1.668207779e-05,     0.00866790521,   8.844488904e-05,                 0,      0.0102037213,    0.003126620633
          0,           0,        1005,      -10.41445785,      -9.283265243,      -10.34425533,      -9.820286557,      -12.57938971,     0.01574983121,    0.008668034459,   8.776807755e-05,                 0,                 0,                 0,    1.65494608e-05,    0.008668034459,   8.776807755e-05,                 0,     0.01012548784,    0.003126620633
          0,           0,        1006,      -10.41671652,      -9.285715092,      -10.34691397,      -9.822863091,      -12.58074084,     0.01574983121,    0.008668163002,   8.709559646e-05,                 0,                 0,                 0,   1.641772491e-05,    0.008668163002,   8.709559646e-05,                 0,     0.01004775711,    0.003126620633
          0,           0,        1007,      -10.41897478,      -9.288175214,      -10.34958145,      -9.825447239,      -12.58212312,     0.01574983121,    0.008668290839,   8.642743414e-05,                 0,                 0,                 0,   1.628686709e-05,    0.008668290839,   8.642743414e-05,                 0,    0.009970527725,    0.003126620633
          0,           0,        1008,      -10.42123247,      -9.290645468,      -10.35225781,      -9.828038888,      -12.58353596,     0.01574983121,    0.008668417975,   8.576357865e-05,                 0,                 0,                 0,   1.615688425e-05,    0.008668417975,   8.576357865e-05,                 0,    0.009893798257,    0.003126620633
          0,           0,        1009,      -10.42348931,      -9.293125717,      -10.35494289,      -9.830638028,      -12.58497882,     0.01574983121,    0.008668544412,   8.510401799e-05,                 0,                 0,                 0,   1.602777333e-05,    0.008668544412,   8.510401799e-05,                 0,     0.00981756728,    0.003126620633
          0,           0,        1010,      -10.42574523,      -9.295615824,      -10.35763666,      -9.833244378,      -12.58645115,     0.01574983121,    0.008668670155,   8.444873983e-05,                 0,                 0,                 0,   1.589953126e-05,    0.008668670155,   8.444873983e-05,                 0,    0.009741833329,    0.003126620633
          0,           0,        1011,      -10.42800006,      -9.298115654,       -10.3603388,      -9.835858011,      -12.58795243,     0.01574983121,    0.008668795205,   8.379773159e-05,                 0,                 0,                 0,    1.57721549e-05,    0.008668795205,   8.379773159e-05,                 0,    0.009666594908,    0.003126620633
          0,           0,        1012,      -10.43025359,      -9.300625078,      -10.36304951,      -9.838478792,      -12.58948213,     0.01574983121,    0.008668919567,    8.31509805e-05,                 0,                 0,                 0,   1.564564111e-05,    0.008668919567,    8.31509805e-05,                 0,    0.009591850502,    0.003126620633
          0,           0,        1013,      -10.43250571,      -9.303143962,      -10.36576837,       -9.84110658,      -12.59103977,     0.01574983121,    0.008669043243,   8.250847358e-05,                 0,                 0,                 0,   1.551998672e-05,    0.008669043243,   8.250847358e-05,                 0,    0.009517598571,    0.003126620633
          0,           0,        1014,      -10.43475617,      -9.305672184,      -10.36849538,      -9.843741185,      -12.59262486,     0.01574983121,    0.008669166237,   8.187019763e-05,                 0,                 0,                 0,   1.539518855e-05,    0.008669166237,   8.187019763e-05,                 0,    0.009443837549,    0.003126620633
          0,           0,        1015,      -10.43700493,      -9.308209612,      -10.37123069,      -9.846382735,      -12.59423692,     0.01574983121,    0.008669288551,   8.123613933e-05,                 0,                 0,                 0,   1.527124344e-05,    0.008669288551,   8.123613933e-05,                 0,    0.009370565861,    0.003126620633
          0,           0,        1016,      -10.43925168,      -9.310756123,      -10.37397396,      -9.849030853,      -12.59587549,     0.01574983121,    0.008669410189,   8.060628513e-05,                 0,                 0,                 0,   1.514814816e-05,    0.008669410189,   8.060628513e-05,                 0,      0.0092977819,    0.003126620633
          0,           0,        1017,       -10.4414964,      -9.313311595,      -10.37672499,      -9.851685666,      -12.59754012,     0.01574983121,    0.008669531154,   7.998062133e-05,                 0,                 0,                 0,    1.50258995e-05,    0.008669531154,   7.998062133e-05,                 0,    0.009225484044,    0.003126620633
          0,           0,        1018,      -10.44373882,      -9.315875908,       -10.3794842,       -9.85434704,      -12.59923037,     0.01574983121,    0.008669651449,   7.935913402e-05,                 0,                 0,                 0,   1.490449424e-05,    0.008669651449,   7.935913402e-05,                 0,    0.009153670651,    0.003126620633
          0,           0,        1019,      -10.44597883,      -9.318448943,      -10.38225063,      -9.857014811,      -12.60094581,     0.01574983121,    0.008669771077,   7.874180916e-05,                 0,                 0,                 0,   1.478392911e-05,    0.008669771077,   7.874180916e-05,                 0,    0.009082340059,    0.003126620633
          0,           0,        1020,      -10.44821632,      -9.321030582,      -10.38502492,      -9.859688945,      -12.60268603,     0.01574983121,    0.008669890041,   7.812863254e-05,                 0,                 0,                 0,   1.466420084e-05,    0.008669890041,   7.812863254e-05,                 0,    0.009011490592,    0.003126620633
          0,           0,        1021,      -10.45045106,      -9.323620708,      -10.38780683,      -9.862369301,      -12.60445062,     0.01574983121,    0.008670008345,    7.75195898e-05,                 0,                 0,                 0,   1.454530616e-05,    0.008670008345,    7.75195898e-05,                 0,    0.008941120552,    0.003126620633
          0,           0,        1022,      -10.45268294,      -9.326219211,      -10.39059623,      -9.865055901,      -12.60623918,     0.01574983121,    0.008670125992,   7.691466649e-05,                 0,                 0,                 0,    1.44272418e-05,    0.008670125992,   7.691466649e-05,                 0,    0.008871228234,    0.003126620633
          0,           0,        1023,      -10.45491177,      -9.328825969,      -10.39339296,      -9.867748474,      -12.60805132,     0.01574983121,    0.008670242984,   7.631384792e-05,                 0,                 0,                 0,   1.431000443e-05,    0.008670242984,   7.631384792e-05,                 0,    0.008801811906,    0.003126620633
          0,           0,        1024,       -10.4571374,      -9.331440885,      -10.39619669,      -9.870447076,      -12.60988666,     0.01574983121,    0.008670359324,   7.571711938e-05,                 0,                 0,                 0,   1.419359076e-05,    0.008670359324,   7.571711938e-05,                 0,    0.008732869833,    0.003126620633
          0,           0,        1025,      -10.45935976,       -9.33406384,      -10.39900791,      -9.873151582,      -12.61174484,     0.01574983121,    0.008670475016,   7.512446593e-05,                 0,                 0,                 0,   1.407799745e-05,    0.008670475016,   7.512446593e-05,                 0,    0.008664400254,    0.003126620633
          0,           0,        1026,      -10.46157863,      -9.336694726,      -10.40182611,      -9.875861868,      -12.61362549,     0.01574983121,    0.008670590064,   7.453587253e-05,                 0,                 0,                 0,   1.396322115e-05,    0.008670590064,   7.453587253e-05,                 0,    0.008596401396,    0.003126620633
          0,           0,        1027,      -10.46379391,      -9.339333441,      -10.40465119,      -9.878577921,      -12.61552825,     0.01574983121,    0.008670704469,   7.395132408e-05,                 0,                 0,                 0,   1.384925853e-05,    0.008670704469,   7.395132408e-05,                 0,    0.008528871483,    0.003126620633
          0,           0,        1028,      -10.46600542,      -9.341979877,      -10.40748337,      -9.881299578,       -12.6174528,     0.01574983121,    0.008670818235,   7.337080531e-05,                 0,                 0,                 0,   1.373610623e-05,    0.008670818235,   7.337080531e-05,                 0,    0.008461808715,    0.003126620633
          0,           0,        1029,      -10.46821303,      -9.344633932,      -10.41032259,      -9.884026805,      -12.61939878,     0.01574983121,    0.008670931364,   7.279430085e-05,                 0,                 0,                 0,   1.362376088e-05,    0.008670931364,   7.279430085e-05,                 0,    0.008395211286,    0.003126620633
          0,           0,        1030,      -10.47041659,      -9.347295505,      -10.41316828,      -9.886759525,      -12.62136587,     0.01574983121,    0.008671043861,   7.222179522e-05,                 0,                 0,                 0,    1.35122191e-05,    0.008671043861,   7.222179522e-05,                 0,    0.008329077372,    0.003126620633
          0,           0,        1031,      -10.47261602,      -9.349964493,      -10.41602071,      -9.889497686,      -12.62335375,     0.01574983121,    0.008671155728,   7.165327284e-05,                 0,                 0,                 0,   1.340147749e-05,    0.008671155728,   7.165327284e-05,                 0,    0.008263405142,    0.003126620633
          0,           0,        1032,      -10.47481107,      -9.352640797,      -10.41887963,      -9.892241156,       -12.6253621,     0.01574983121,    0.008671266968,   7.108871803e-05,                 0,                 0,                 0,   1.329153265e-05,    0.008671266968,   7.108871803e-05,                 0,    0.008198192754,    0.003126620633
          0,           0,        1033,      -10.47700173,      -9.355324321,      -10.42174536,      -9.894989878,      -12.62739062,     0.01574983121,    0.008671377585,   7.052811503e-05,                 0,                 0,                 0,   1.318238119e-05,    0.008671377585,   7.052811503e-05,                 0,    0.008133438354,    0.003126620633
          0,           0,        1034,      -10.47918776,      -9.358014959,      -10.42461732,      -9.897743692,      -12.62943901,     0.01574983121,     0.00867148758,   6.997144795e-05,                 0,                 0,                 0,   1.307401967e-05,     0.00867148758,   6.997144795e-05,                 0,    0.008069140076,    0.003126620633
          0,           0,        1035,      -10.48136909,      -9.360712629,      -10.42749573,      -9.900502623,      -12.63150698,     0.01574983121,    0.008671596957,   6.941870087e-05,                 0,                 0,                 0,   1.296644468e-05,    0.008671596957,   6.941870087e-05,                 0,     0.00800529605,    0.003126620633
          0,           0,        1036,      -10.48354561,      -9.363417231,      -10.43038024,      -9.903266561,      -12.63359423,     0.01574983121,     0.00867170572,   6.886985773e-05,                 0,                 0,                 0,   1.285965278e-05,     0.00867170572,   6.886985773e-05,                 0,     0.00794190439,    0.003126620633
          0,           0,        1037,      -10.48571715,      -9.366128671,       -10.4332712,      -9.906035509,       -12.6357005,     0.01574983121,    0.008671813871,   6.832490239e-05,                 0,                 0,                 0,   1.275364053e-05,    0.008671813871,   6.832490239e-05,                 0,    0.007878963203,    0.003126620633
          0,           0,        1038,      -10.48788362,      -9.368846859,      -10.43616816,      -9.908809299,      -12.63782549,     0.01574983121,    0.008671921412,   6.778381869e-05,                 0,                 0,                 0,   1.264840447e-05,    0.008671921412,   6.778381869e-05,                 0,    0.007816470592,    0.003126620633
          0,           0,        1039,       -10.4900448,      -9.371571698,      -10.43907131,       -9.91158778,      -12.63996895,     0.01574983121,    0.008672028348,   6.724659033e-05,                 0,                 0,                 0,   1.254394115e-05,    0.008672028348,   6.724659033e-05,                 0,    0.007754424644,    0.003126620633
          0,           0,        1040,      -10.49220067,      -9.374303103,      -10.44198049,      -9.914371013,       -12.6421306,     0.01574983121,    0.008672134681,   6.671320098e-05,                 0,                 0,                 0,   1.244024712e-05,    0.008672134681,   6.671320098e-05,                 0,    0.007692823443,    0.003126620633
          0,           0,        1041,      -10.49435111,       -9.37704099,      -10.44489547,      -9.917158984,       -12.6443102,     0.01574983121,    0.008672240414,   6.618363419e-05,                 0,                 0,                 0,   1.233731888e-05,    0.008672240414,   6.618363419e-05,                 0,    0.007631665064,    0.003126620633
          0,           0,        1042,      -10.49649595,      -9.379785262,      -10.44781613,      -9.919951388,      -12.64650748,     0.01574983121,    0.008672345549,    6.56578735e-05,                 0,                 0,                 0,   1.223515298e-05,    0.008672345549,    6.56578735e-05,                 0,    0.007570947575,    0.003126620633
          0,           0,        1043,      -10.49863509,      -9.382535842,      -10.45074296,      -9.922748327,      -12.64872219,     0.01574983121,    0.008672450091,   6.513590234e-05,                 0,                 0,                 0,    1.21337459e-05,    0.008672450091,   6.513590234e-05,                 0,    0.007510669033,    0.003126620633
          0,           0,        1044,      -10.50076841,       -9.38529264,      -10.45367513,      -9.925549665,      -12.65095409,     0.01574983121,    0.008672554041,   6.461770412e-05,                 0,                 0,                 0,   1.203309419e-05,    0.008672554041,   6.461770412e-05,                 0,    0.007450827497,    0.003126620633
          0,           0,        1045,      -10.50289584,      -9.388055578,      -10.45661309,      -9.928355484,      -12.65320293,     0.01574983121,    0.008672657403,   6.410326217e-05,                 0,                 0,                 0,   1.193319434e-05,    0.008672657403,   6.410326217e-05,                 0,    0.007391421014,    0.003126620633
          0,           0,        1046,      -10.50501724,       -9.39082456,       -10.4595568,      -9.931165508,      -12.65546849,     0.01574983121,     0.00867276018,   6.359255978e-05,                 0,                 0,                 0,   1.183404284e-05,     0.00867276018,   6.359255978e-05,                 0,    0.007332447625,    0.003126620633
          0,           0,        1047,      -10.50713244,      -9.393599515,      -10.46250583,      -9.933979753,      -12.65775052,     0.01574983121,    0.008672862374,   6.308558016e-05,                 0,                 0,                 0,    1.17356362e-05,    0.008672862374,   6.308558016e-05,                 0,    0.007273905366,    0.003126620633
          0,           0,        1048,      -10.50924136,      -9.396380357,      -10.46546029,      -9.936798118,       -12.6600488,     0.01574983121,    0.008672963988,   6.258230644e-05,                 0,                 0,                 0,   1.163797088e-05,    0.008672963988,   6.258230644e-05,                 0,    0.007215792262,    0.003126620633
          0,           0,        1049,      -10.51134394,      -9.399167008,       -10.4684201,      -9.939620617,      -12.66236311,     0.01574983121,    0.008673065026,   6.208272177e-05,                 0,                 0,                 0,   1.154104338e-05,    0.008673065026,   6.208272177e-05,                 0,    0.007158106343,    0.003126620633
          0,           0,        1050,      -10.51344016,      -9.401959392,      -10.47138523,      -9.942447221,      -12.66469322,     0.01574983121,     0.00867316549,   6.158680921e-05,                 0,                 0,                 0,   1.144485018e-05,     0.00867316549,   6.158680921e-05,                 0,    0.007100845624,    0.003126620633
          0,           0,        1051,      -10.51552976,       -9.40475742,       -10.4743555,      -9.945277628,      -12.66703891,     0.01574983121,    0.008673265383,   6.109455179e-05,                 0,                 0,                 0,   1.134938773e-05,    0.008673265383,   6.109455179e-05,                 0,    0.007044008121,    0.003126620633
          0,           0,        1052,      -10.51761267,      -9.407561028,      -10.47733112,      -9.948112074,      -12.66939998,     0.01574983121,    0.008673364708,   6.060593249e-05,                 0,                 0,                 0,   1.125465252e-05,    0.008673364708,   6.060593249e-05,                 0,    0.006987591843,    0.003126620633
          0,           0,        1053,       -10.5196888,       -9.41037013,      -10.48031187,       -9.95095022,      -12.67177621,     0.01574983121,    0.008673463467,   6.012093421e-05,                 0,                 0,                 0,     1.1160641e-05,    0.008673463467,   6.012093421e-05,                 0,    0.006931594794,    0.003126620633
          0,           0,        1054,      -10.52175808,      -9.413184656,       -10.4832976,      -9.953792174,       -12.6741674,     0.01574983121,    0.008673561664,   5.963953987e-05,                 0,                 0,                 0,   1.106734962e-05,    0.008673561664,   5.963953987e-05,                 0,    0.006876014973,    0.003126620633
          0,           0,        1055,      -10.52382047,      -9.416004525,      -10.48628817,      -9.956637817,      -12.67657336,     0.01574983121,    0.008673659302,   5.916173233e-05,                 0,                 0,                 0,   1.097477485e-05,    0.008673659302,   5.916173233e-05,                 0,    0.006820850378,    0.003126620633
          0,           0,        1056,      -10.52587577,      -9.418829673,      -10.48928376,      -9.959487089,      -12.67899387,     0.01574983121,    0.008673756383,    5.86874944e-05,                 0,                 0,                 0,   1.088291311e-05,    0.008673756383,    5.86874944e-05,                 0,    0.006766099001,    0.003126620633
          0,           0,        1057,      -10.52792399,      -9.421660018,      -10.49228417,      -9.962339893,      -12.68142876,     0.01574983121,     0.00867385291,   5.821680884e-05,                 0,                 0,                 0,   1.079176086e-05,     0.00867385291,   5.821680884e-05,                 0,    0.006711758828,    0.003126620633
          0,           0,        1058,      -10.52996496,      -9.424495491,      -10.49528955,      -9.965196264,      -12.68387783,     0.01574983121,    0.008673948885,   5.774965843e-05,                 0,                 0,                 0,   1.070131454e-05,    0.008673948885,   5.774965843e-05,                 0,    0.006657827847,    0.003126620633
          0,           0,        1059,      -10.53199871,      -9.427336024,      -10.49829928,      -9.968056171,       -12.6863409,     0.01574983121,    0.008674044313,   5.728602587e-05,                 0,                 0,                 0,   1.061157058e-05,    0.008674044313,   5.728602587e-05,                 0,    0.006604304037,    0.003126620633
          0,           0,        1060,      -10.53402505,      -9.430181545,      -10.50131404,      -9.970919417,      -12.68881777,     0.01574983121,    0.008674139195,   5.682589383e-05,                 0,                 0,                 0,   1.052252541e-05,    0.008674139195,   5.682589383e-05,                 0,    0.006551185375,    0.003126620633
          0,           0,        1061,      -10.53604384,      -9.433031976,      -10.50433324,      -9.973785898,      -12.69130829,     0.01574983121,    0.008674233533,   5.636924495e-05,                 0,                 0,                 0,   1.043417545e-05,    0.008674233533,   5.636924495e-05,                 0,    0.006498469835,    0.003126620633
          0,           0,        1062,      -10.53805514,      -9.435887262,      -10.50735709,      -9.976655743,      -12.69381226,     0.01574983121,    0.008674327332,   5.591606189e-05,                 0,                 0,                 0,   1.034651712e-05,    0.008674327332,   5.591606189e-05,                 0,     0.00644615539,    0.003126620633
          0,           0,        1063,       -10.5400588,      -9.438747321,      -10.51038565,      -9.979528777,      -12.69632952,     0.01574983121,    0.008674420594,   5.546632723e-05,                 0,                 0,                 0,   1.025954686e-05,    0.008674420594,   5.546632723e-05,                 0,    0.006394240011,    0.003126620633
          0,           0,        1064,      -10.54205477,      -9.441612095,      -10.51341827,      -9.982404986,      -12.69885989,     0.01574983121,    0.008674513321,   5.502002353e-05,                 0,                 0,                 0,   1.017326107e-05,    0.008674513321,   5.502002353e-05,                 0,     0.00634272166,    0.003126620633
          0,           0,        1065,        -10.544043,      -9.444481514,      -10.51645548,      -9.985284228,      -12.70140321,     0.01574983121,    0.008674605516,   5.457713335e-05,                 0,                 0,                 0,   1.008765616e-05,    0.008674605516,   5.457713335e-05,                 0,    0.006291598303,    0.003126620633
          0,           0,        1066,       -10.5460234,      -9.447355517,      -10.51949678,      -9.988166564,      -12.70395931,     0.01574983121,    0.008674697183,   5.413763923e-05,                 0,                 0,                 0,   1.000272855e-05,    0.008674697183,   5.413763923e-05,                 0,    0.006240867905,    0.003126620633
          0,           0,        1067,      -10.54799592,      -9.450234029,      -10.52254262,      -9.991051894,      -12.70652803,     0.01574983121,    0.008674788323,   5.370152368e-05,                 0,                 0,                 0,   9.918474663e-06,    0.008674788323,   5.370152368e-05,                 0,    0.006190528424,    0.003126620633
          0,           0,        1068,       -10.5499604,      -9.453116991,      -10.52559257,      -9.993940094,       -12.7091092,     0.01574983121,    0.008674878939,   5.326876915e-05,                 0,                 0,                 0,   9.834890875e-06,    0.008674878939,   5.326876915e-05,                 0,    0.006140577814,    0.003126620633
          0,           0,        1069,      -10.55191685,      -9.456004342,      -10.52864676,      -9.996831266,      -12.71170268,     0.01574983121,    0.008674969034,   5.283935814e-05,                 0,                 0,                 0,   9.751973609e-06,    0.008674969034,   5.283935814e-05,                 0,    0.006091014035,    0.003126620633
          0,           0,        1070,      -10.55386524,      -9.458896011,      -10.53170501,      -9.999725203,      -12.71430829,     0.01574983121,    0.008675058611,   5.241327308e-05,                 0,                 0,                 0,   9.669719247e-06,    0.008675058611,   5.241327308e-05,                 0,    0.006041835039,    0.003126620633
          0,           0,        1071,      -10.55580546,      -9.461791938,       -10.5347673,      -10.00262182,      -12.71692589,     0.01574983121,    0.008675147673,   5.199049644e-05,                 0,                 0,                 0,   9.588124209e-06,    0.008675147673,   5.199049644e-05,                 0,    0.005993038782,    0.003126620633
          0,           0,        1072,      -10.55773747,      -9.464692068,      -10.53783363,      -10.00552134,      -12.71955533,     0.01574983121,    0.008675236221,   5.157101065e-05,                 0,                 0,                 0,   9.507184894e-06,    0.008675236221,   5.157101065e-05,                 0,    0.005944623216,    0.003126620633
          0,           0,        1073,       -10.5596612,      -9.467596331,       -10.5409036,      -10.00842321,      -12.72219644,     0.01574983121,    0.008675324259,   5.115479806e-05,                 0,                 0,                 0,   9.426897674e-06,    0.008675324259,   5.115479806e-05,                 0,    0.005896586287,    0.003126620633
          0,           0,        1074,      -10.56157673,       -9.47050467,      -10.54397754,      -10.01132794,       -12.7248491,     0.01574983121,     0.00867541179,   5.074184111e-05,                 0,                 0,                 0,   9.347258965e-06,     0.00867541179,   5.074184111e-05,                 0,    0.005848925946,    0.003126620633
          0,           0,        1075,      -10.56348379,      -9.473417021,      -10.54705578,      -10.01423522,      -12.72751314,     0.01574983121,    0.008675498816,   5.033212218e-05,                 0,                 0,                 0,   9.268265142e-06,    0.008675498816,   5.033212218e-05,                 0,    0.005801640141,    0.003126620633
          0,           0,        1076,      -10.56538241,      -9.476333331,      -10.55013741,      -10.01714488,      -12.73018842,     0.01574983121,    0.008675585339,   4.992562362e-05,                 0,                 0,                 0,   9.189912605e-06,    0.008675585339,   4.992562362e-05,                 0,    0.005754726819,    0.003126620633
          0,           0,        1077,      -10.56727261,      -9.479253534,      -10.55322275,      -10.02005693,      -12.73287481,     0.01574983121,    0.008675671363,   4.952232784e-05,                 0,                 0,                 0,   9.112197752e-06,    0.008675671363,   4.952232784e-05,                 0,    0.005708183928,    0.003126620633
          0,           0,        1078,      -10.56915431,      -9.482177572,      -10.55631205,      -10.02297147,      -12.73557215,     0.01574983121,     0.00867575689,   4.912221718e-05,                 0,                 0,                 0,   9.035116959e-06,     0.00867575689,   4.912221718e-05,                 0,    0.005662009414,    0.003126620633
          0,           0,        1079,      -10.57102741,      -9.485105394,      -10.55940451,      -10.02588831,      -12.73828033,     0.01574983121,    0.008675841922,   4.872527398e-05,                 0,                 0,                 0,   8.958666613e-06,    0.008675841922,   4.872527398e-05,                 0,     0.00561620122,    0.003126620633
          0,           0,        1080,      -10.57289201,      -9.488036935,       -10.5625012,      -10.02880741,      -12.74099919,     0.01574983121,    0.008675926462,    4.83314806e-05,                 0,                 0,                 0,    8.88284311e-06,    0.008675926462,    4.83314806e-05,                 0,    0.005570757291,    0.003126620633
          0,           0,        1081,      -10.57474793,      -9.490972143,      -10.56560074,      -10.03172873,      -12.74372861,     0.01574983121,    0.008676010513,   4.794081938e-05,                 0,                 0,                 0,   8.807642834e-06,    0.008676010513,   4.794081938e-05,                 0,    0.005525675575,    0.003126620633
          0,           0,        1082,      -10.57659519,      -9.493910962,      -10.56870415,      -10.03465225,      -12.74646845,     0.01574983121,    0.008676094077,   4.755327266e-05,                 0,                 0,                 0,   8.733062171e-06,    0.008676094077,   4.755327266e-05,                 0,    0.005480954015,    0.003126620633
          0,           0,        1083,      -10.57843378,      -9.496853329,      -10.57181094,      -10.03757793,      -12.74921858,     0.01574983121,    0.008676177157,    4.71688228e-05,                 0,                 0,                 0,    8.65909752e-06,    0.008676177157,    4.71688228e-05,                 0,    0.005436590557,    0.003126620633
          0,           0,        1084,      -10.58026364,      -9.499799201,      -10.57492095,      -10.04050577,      -12.75197888,     0.01574983121,    0.008676259755,   4.678745213e-05,                 0,                 0,                 0,   8.585745257e-06,    0.008676259755,   4.678745213e-05,                 0,    0.005392583147,    0.003126620633
          0,           0,        1085,      -10.58208472,      -9.502748511,      -10.57803445,      -10.04343551,      -12.75474922,     0.01574983121,    0.008676341874,     4.6409143e-05,                 0,                 0,                 0,    8.51300178e-06,    0.008676341874,     4.6409143e-05,                 0,     0.00534892973,    0.003126620633
          0,           0,        1086,      -10.58389706,      -9.505701203,      -10.58115103,      -10.04636723,      -12.75752947,     0.01574983121,    0.008676423517,   4.603387771e-05,                 0,                 0,                 0,   8.440863459e-06,    0.008676423517,   4.603387771e-05,                 0,    0.005305628249,    0.003126620633
          0,           0,        1087,      -10.58570055,      -9.508657236,      -10.58427105,      -10.04930097,       -12.7603195,     0.01574983121,    0.008676504685,   4.566163865e-05,                 0,                 0,                 0,   8.369326706e-06,    0.008676504685,   4.566163865e-05,                 0,    0.005262676655,    0.003126620633
          0,           0,        1088,      -10.58749531,      -9.511616552,      -10.58739401,      -10.05223646,       -12.7631192,     0.01574983121,    0.008676585382,   4.529240811e-05,                 0,                 0,                 0,   8.298387879e-06,    0.008676585382,   4.529240811e-05,                 0,    0.005220072887,    0.003126620633
          0,           0,        1089,       -10.5892811,      -9.514579099,      -10.59052026,      -10.05517384,      -12.76592845,     0.01574983121,     0.00867666561,   4.492616849e-05,                 0,                 0,                 0,   8.228043396e-06,     0.00867666561,   4.492616849e-05,                 0,    0.005177814901,    0.003126620633
          0,           0,        1090,      -10.59105808,      -9.517544811,      -10.59364971,      -10.05811305,      -12.76874712,     0.01574983121,    0.008676745371,    4.45629021e-05,                 0,                 0,                 0,   8.158289636e-06,    0.008676745371,    4.45629021e-05,                 0,     0.00513590064,    0.003126620633
          0,           0,        1091,      -10.59282622,      -9.520513658,      -10.59678176,      -10.06105394,      -12.77157509,     0.01574983121,    0.008676824669,   4.420259134e-05,                 0,                 0,                 0,   8.089122999e-06,    0.008676824669,   4.420259134e-05,                 0,    0.005094328055,    0.003126620633
          0,           0,        1092,      -10.59458542,      -9.523485573,      -10.59991726,      -10.06399665,      -12.77441225,     0.01574983121,    0.008676903504,   4.384521852e-05,                 0,                 0,                 0,   8.020539859e-06,    0.008676903504,   4.384521852e-05,                 0,    0.005053095093,    0.003126620633
          0,           0,        1093,      -10.59633575,      -9.526460507,      -10.60305562,      -10.06694088,      -12.77725849,     0.01574983121,    0.008676981881,   4.349076606e-05,                 0,                 0,                 0,   7.952536635e-06,    0.008676981881,   4.349076606e-05,                 0,     0.00501219971,    0.003126620633
          0,           0,        1094,      -10.59807717,      -9.529438405,       -10.6061964,       -10.0698867,      -12.78011369,     0.01574983121,    0.008677059801,   4.313921635e-05,                 0,                 0,                 0,   7.885109726e-06,    0.008677059801,   4.313921635e-05,                 0,    0.004971639858,    0.003126620633
          0,           0,        1095,       -10.5998096,      -9.532419236,      -10.60934091,      -10.07283428,      -12.78297775,     0.01574983121,    0.008677137266,   4.279055176e-05,                 0,                 0,                 0,   7.818255521e-06,    0.008677137266,   4.279055176e-05,                 0,    0.004931413488,    0.003126620633
          0,           0,        1096,       -10.6015332,      -9.535402925,      -10.61248731,      -10.07578293,      -12.78585056,     0.01574983121,     0.00867721428,   4.244475475e-05,                 0,                 0,                 0,   7.751970447e-06,     0.00867721428,   4.244475475e-05,                 0,    0.004891518565,    0.003126620633
          0,           0,        1097,      -10.60324785,       -9.53838944,      -10.61563682,      -10.07873339,      -12.78873201,     0.01574983121,    0.008677290845,   4.210180767e-05,                 0,                 0,                 0,   7.686250874e-06,    0.008677290845,   4.210180767e-05,                 0,    0.004851953038,    0.003126620633
          0,           0,        1098,      -10.60495352,      -9.541378727,      -10.61878922,      -10.08168526,      -12.79162202,     0.01574983121,    0.008677366962,   4.176169297e-05,                 0,                 0,                 0,    7.62109323e-06,    0.008677366962,   4.176169297e-05,                 0,    0.004812714866,    0.003126620633
          0,           0,        1099,      -10.60665029,      -9.544370731,       -10.6219442,      -10.08463842,      -12.79452047,     0.01574983121,    0.008677442635,   4.142439311e-05,                 0,                 0,                 0,   7.556493923e-06,    0.008677442635,   4.142439311e-05,                 0,    0.004773802012,    0.003126620633
          0,           0,        1100,      -10.60833814,      -9.547365412,       -10.6251016,      -10.08759289,      -12.79742729,     0.01574983121,    0.008677517865,   4.108989056e-05,                 0,                 0,                 0,   7.492449377e-06,    0.008677517865,   4.108989056e-05,                 0,    0.004735212442,    0.003126620633
          0,           0,        1101,      -10.61001711,      -9.550362716,      -10.62826171,       -10.0905487,      -12.80034239,     0.01574983121,    0.008677592656,   4.075816779e-05,                 0,                 0,                 0,   7.428955994e-06,    0.008677592656,   4.075816779e-05,                 0,    0.004696944118,    0.003126620633
          0,           0,        1102,      -10.61168709,      -9.553362601,      -10.63142414,      -10.09350558,      -12.80326567,     0.01574983121,     0.00867766701,    4.04292073e-05,                 0,                 0,                 0,   7.366010221e-06,     0.00867766701,    4.04292073e-05,                 0,     0.00465899501,    0.003126620633
          0,           0,        1103,      -10.61334815,      -9.556365013,      -10.63458936,      -10.09646372,      -12.80619708,     0.01574983121,    0.008677740928,    4.01029916e-05,                 0,                 0,                 0,   7.303608459e-06,    0.008677740928,    4.01029916e-05,                 0,    0.004621363087,    0.003126620633
          0,           0,        1104,      -10.61500036,      -9.559369911,      -10.63775695,      -10.09942305,      -12.80913652,     0.01574983121,    0.008677814414,    3.97795032e-05,                 0,                 0,                 0,   7.241747148e-06,    0.008677814414,    3.97795032e-05,                 0,    0.004584046317,    0.003126620633
          0,           0,        1105,      -10.61664368,      -9.562377244,      -10.64092685,       -10.1023836,      -12.81208394,     0.01574983121,    0.008677887469,   3.945872467e-05,                 0,                 0,                 0,   7.180422719e-06,    0.008677887469,   3.945872467e-05,                 0,    0.004547042678,    0.003126620633
          0,           0,        1106,       -10.6182781,      -9.565386965,      -10.64409908,      -10.10534501,      -12.81503925,     0.01574983121,    0.008677960096,   3.914063861e-05,                 0,                 0,                 0,   7.119631621e-06,    0.008677960096,   3.914063861e-05,                 0,    0.004510350148,    0.003126620633
          0,           0,        1107,       -10.6199037,      -9.568399035,      -10.64727359,      -10.10830763,      -12.81800241,     0.01574983121,    0.008678032297,   3.882522759e-05,                 0,                 0,                 0,    7.05937029e-06,    0.008678032297,   3.882522759e-05,                 0,    0.004473966709,    0.003126620633
          0,           0,        1108,      -10.62152045,      -9.571413405,      -10.65045014,      -10.11127093,      -12.82097335,     0.01574983121,    0.008678104075,   3.851247426e-05,                 0,                 0,                 0,   6.999635184e-06,    0.008678104075,   3.851247426e-05,                 0,    0.004437890341,    0.003126620633
          0,           0,        1109,      -10.62312843,      -9.574430023,      -10.65362921,      -10.11423544,        -12.823952,     0.01574983121,    0.008678175432,   3.820236123e-05,                 0,                 0,                 0,   6.940422747e-06,    0.008678175432,   3.820236123e-05,                 0,    0.004402119032,    0.003126620633
          0,           0,        1110,      -10.62472756,      -9.577448848,      -10.65681069,      -10.11720076,      -12.82693832,     0.01574983121,     0.00867824637,   3.789487117e-05,                 0,                 0,                 0,   6.881729432e-06,     0.00867824637,   3.789487117e-05,                 0,    0.004366650767,    0.003126620633
          0,           0,        1111,      -10.62631796,      -9.580469839,      -10.65999344,      -10.12016671,      -12.82993225,     0.01574983121,    0.008678316891,    3.75899868e-05,                 0,                 0,                 0,   6.823551713e-06,    0.008678316891,    3.75899868e-05,                 0,    0.004331483543,    0.003126620633
          0,           0,        1112,      -10.62789957,      -9.583492951,       -10.6631792,      -10.12313384,      -12.83293374,     0.01574983121,    0.008678386998,   3.728769082e-05,                 0,                 0,                 0,   6.765886057e-06,    0.008678386998,   3.728769082e-05,                 0,    0.004296615353,    0.003126620633
          0,           0,        1113,      -10.62947243,      -9.586518131,       -10.6663669,      -10.12610147,      -12.83594273,     0.01574983121,    0.008678456693,   3.698796598e-05,                 0,                 0,                 0,   6.708728941e-06,    0.008678456693,   3.698796598e-05,                 0,    0.004262044196,    0.003126620633
          0,           0,        1114,      -10.63103657,       -9.58954535,      -10.66955588,      -10.12906994,      -12.83895917,     0.01574983121,    0.008678525979,   3.669079508e-05,                 0,                 0,                 0,   6.652076838e-06,    0.008678525979,   3.669079508e-05,                 0,    0.004227768076,    0.003126620633
          0,           0,        1115,       -10.6325921,      -9.592574555,      -10.67274746,      -10.13203904,      -12.84198302,     0.01574983121,    0.008678594856,   3.639616092e-05,                 0,                 0,                 0,   6.595926255e-06,    0.008678594856,   3.639616092e-05,                 0,    0.004193784999,    0.003126620633
          0,           0,        1116,      -10.63413903,      -9.595605699,      -10.67594083,      -10.13500886,      -12.84501423,     0.01574983121,    0.008678663329,   3.610404632e-05,                 0,                 0,                 0,   6.540273672e-06,    0.008678663329,   3.610404632e-05,                 0,    0.004160092972,    0.003126620633
          0,           0,        1117,      -10.63567724,      -9.598638752,      -10.67913579,      -10.13797918,      -12.84805273,     0.01574983121,    0.008678731398,   3.581443418e-05,                 0,                 0,                 0,   6.485115604e-06,    0.008678731398,   3.581443418e-05,                 0,    0.004126690013,    0.003126620633
          0,           0,        1118,      -10.63720696,       -9.60167366,      -10.68233283,      -10.14094996,       -12.8510985,     0.01574983121,    0.008678799066,   3.552730742e-05,                 0,                 0,                 0,   6.430448554e-06,    0.008678799066,   3.552730742e-05,                 0,    0.004093574139,    0.003126620633
          0,           0,        1119,       -10.6387282,      -9.604710385,       -10.6855317,      -10.14392156,      -12.85415147,     0.01574983121,    0.008678866336,   3.524264896e-05,                 0,                 0,                 0,   6.376269045e-06,    0.008678866336,   3.524264896e-05,                 0,    0.004060743373,    0.003126620633
          0,           0,        1120,      -10.64024087,      -9.607748876,      -10.68873223,      -10.14689337,       -12.8572116,     0.01574983121,     0.00867893321,   3.496044176e-05,                 0,                 0,                 0,   6.322573586e-06,     0.00867893321,   3.496044176e-05,                 0,    0.004028195737,    0.003126620633
          0,           0,        1121,      -10.64174508,       -9.61078911,      -10.69193412,      -10.14986566,      -12.86027884,     0.01574983121,    0.008678999689,   3.468066888e-05,                 0,                 0,                 0,   6.269358732e-06,    0.008678999689,   3.468066888e-05,                 0,    0.003995929268,    0.003126620633
          0,           0,        1122,      -10.64324094,      -9.613831028,      -10.69513842,      -10.15283847,      -12.86335314,     0.01574983121,    0.008679065775,   3.440331331e-05,                 0,                 0,                 0,   6.216621007e-06,    0.008679065775,   3.440331331e-05,                 0,    0.003963941996,    0.003126620633
          0,           0,        1123,       -10.6447284,      -9.616874598,        -10.698344,      -10.15581147,      -12.86643445,     0.01574983121,    0.008679131472,   3.412835818e-05,                 0,                 0,                 0,   6.164356972e-06,    0.008679131472,   3.412835818e-05,                 0,    0.003932231963,    0.003126620633
          0,           0,        1124,      -10.64620748,      -9.619919775,      -10.70155106,      -10.15878499,      -12.86952274,     0.01574983121,    0.008679196781,   3.385578663e-05,                 0,                 0,                 0,   6.112563183e-06,    0.008679196781,   3.385578663e-05,                 0,    0.003900797214,    0.003126620633
          0,           0,        1125,       -10.6476782,      -9.622966522,      -10.70475935,      -10.16175855,      -12.87261794,     0.01574983121,    0.008679261705,   3.358558176e-05,                 0,                 0,                 0,   6.061236198e-06,    0.008679261705,   3.358558176e-05,                 0,    0.003869635794,    0.003126620633
          0,           0,        1126,      -10.64914077,      -9.626014794,      -10.70796957,      -10.16473251,      -12.87572002,     0.01574983121,    0.008679326244,   3.331772684e-05,                 0,                 0,                 0,   6.010372606e-06,    0.008679326244,   3.331772684e-05,                 0,    0.003838745762,    0.003126620633
          0,           0,        1127,      -10.65059519,      -9.629064548,      -10.71118105,      -10.16770675,      -12.87882892,     0.01574983121,    0.008679390403,   3.305220515e-05,                 0,                 0,                 0,   5.959968996e-06,    0.008679390403,   3.305220515e-05,                 0,    0.003808125181,    0.003126620633
          0,           0,        1128,      -10.65204141,      -9.632115751,      -10.71439444,       -10.1706811,      -12.88194461,     0.01574983121,    0.008679454182,   3.278899991e-05,                 0,                 0,                 0,   5.910021951e-06,    0.008679454182,   3.278899991e-05,                 0,    0.003777772106,    0.003126620633
          0,           0,        1129,      -10.65347949,      -9.635168366,      -10.71760842,      -10.17365559,      -12.88506703,     0.01574983121,    0.008679517584,   3.252809448e-05,                 0,                 0,                 0,   5.860528078e-06,    0.008679517584,   3.252809448e-05,                 0,    0.003747684611,    0.003126620633
          0,           0,        1130,      -10.65490954,      -9.638222341,      -10.72082446,      -10.17663009,      -12.88819615,     0.01574983121,    0.008679580611,   3.226947227e-05,                 0,                 0,                 0,   5.811483997e-06,    0.008679580611,   3.226947227e-05,                 0,    0.003717860772,    0.003126620633
          0,           0,        1131,      -10.65633152,      -9.641277653,      -10.72404134,      -10.17960469,      -12.89133191,     0.01574983121,    0.008679643264,   3.201311669e-05,                 0,                 0,                 0,    5.76288633e-06,    0.008679643264,   3.201311669e-05,                 0,    0.003688298668,    0.003126620633
          0,           0,        1132,      -10.65774566,      -9.644334249,      -10.72725947,       -10.1825794,      -12.89447428,     0.01574983121,    0.008679705547,   3.175901126e-05,                 0,                 0,                 0,   5.714731728e-06,    0.008679705547,   3.175901126e-05,                 0,     0.00365899639,    0.003126620633
          0,           0,        1133,      -10.65915196,      -9.647392089,      -10.73047897,      -10.18555406,      -12.89762321,     0.01574983121,    0.008679767461,   3.150713946e-05,                 0,                 0,                 0,   5.667016821e-06,    0.008679767461,   3.150713946e-05,                 0,    0.003629952024,    0.003126620633
          0,           0,        1134,      -10.66055024,      -9.650451154,      -10.73369992,      -10.18852869,      -12.90077866,     0.01574983121,    0.008679829008,   3.125748488e-05,                 0,                 0,                 0,   5.619738275e-06,    0.008679829008,   3.125748488e-05,                 0,    0.003601163669,    0.003126620633
          0,           0,        1135,      -10.66194083,      -9.653511377,      -10.73692188,      -10.19150314,      -12.90394058,     0.01574983121,     0.00867989019,   3.101003116e-05,                 0,                 0,                 0,   5.572892753e-06,     0.00867989019,   3.101003116e-05,                 0,    0.003572629432,    0.003126620633
          0,           0,        1136,      -10.66332364,      -9.656572739,      -10.74014452,       -10.1944773,      -12.90710894,     0.01574983121,     0.00867995101,   3.076476197e-05,                 0,                 0,                 0,   5.526476942e-06,     0.00867995101,   3.076476197e-05,                 0,     0.00354434742,    0.003126620633
          0,           0,        1137,      -10.66469867,      -9.659635204,      -10.74336839,      -10.19745158,      -12.91028369,     0.01574983121,    0.008680011468,   3.052166104e-05,                 0,                 0,                 0,   5.480487532e-06,    0.008680011468,   3.052166104e-05,                 0,    0.003516315751,    0.003126620633
          0,           0,        1138,      -10.66606624,      -9.662698722,      -10.74659376,      -10.20042565,      -12.91346479,     0.01574983121,    0.008680071568,   3.028071215e-05,                 0,                 0,                 0,   5.434921222e-06,    0.008680071568,   3.028071215e-05,                 0,    0.003488532544,    0.003126620633
          0,           0,        1139,      -10.66742635,      -9.665763265,      -10.74981954,      -10.20339943,       -12.9166522,     0.01574983121,    0.008680131312,   3.004189913e-05,                 0,                 0,                 0,   5.389774729e-06,    0.008680131312,   3.004189913e-05,                 0,    0.003460995928,    0.003126620633
          0,           0,        1140,       -10.6687788,      -9.668828789,      -10.75304636,      -10.20637296,      -12.91984589,     0.01574983121,      0.0086801907,   2.980520588e-05,                 0,                 0,                 0,   5.345044783e-06,      0.0086801907,   2.980520588e-05,                 0,    0.003433704041,    0.003126620633
          0,           0,        1141,      -10.67012391,      -9.671895263,      -10.75627471,      -10.20934595,       -12.9230458,     0.01574983121,    0.008680249736,   2.957061637e-05,                 0,                 0,                 0,   5.300728129e-06,    0.008680249736,   2.957061637e-05,                 0,    0.003406655024,    0.003126620633
          0,           0,        1142,      -10.67146147,      -9.674962647,      -10.75950343,      -10.21231904,       -12.9262519,     0.01574983121,    0.008680308421,   2.933811457e-05,                 0,                 0,                 0,    5.25682151e-06,    0.008680308421,   2.933811457e-05,                 0,    0.003379847022,    0.003126620633
          0,           0,        1143,      -10.67279191,      -9.678030908,      -10.76273261,      -10.21529148,      -12.92946415,     0.01574983121,    0.008680366758,   2.910768452e-05,                 0,                 0,                 0,   5.213321685e-06,    0.008680366758,   2.910768452e-05,                 0,    0.003353278189,    0.003126620633
          0,           0,        1144,      -10.67411497,      -9.681100008,      -10.76596304,      -10.21826363,       -12.9326825,     0.01574983121,    0.008680424747,   2.887931038e-05,                 0,                 0,                 0,   5.170225437e-06,    0.008680424747,   2.887931038e-05,                 0,    0.003326946689,    0.003126620633
          0,           0,        1145,      -10.67543095,      -9.684169901,      -10.76919476,      -10.22123518,      -12.93590692,     0.01574983121,    0.008680482392,   2.865297633e-05,                 0,                 0,                 0,   5.127529563e-06,    0.008680482392,   2.865297633e-05,                 0,    0.003300850694,    0.003126620633
          0,           0,        1146,      -10.67673956,      -9.687240569,      -10.77242617,      -10.22420656,      -12.93913736,     0.01574983121,    0.008680539693,   2.842866655e-05,                 0,                 0,                 0,   5.085230855e-06,    0.008680539693,   2.842866655e-05,                 0,    0.003274988371,    0.003126620633
          0,           0,        1147,      -10.67804135,      -9.690311965,      -10.77565886,      -10.22717722,      -12.94237378,     0.01574983121,    0.008680596654,   2.820636537e-05,                 0,                 0,                 0,   5.043326137e-06,    0.008680596654,   2.820636537e-05,                 0,    0.003249357907,    0.003126620633
          0,           0,        1148,      -10.67933599,      -9.693384054,      -10.77889229,      -10.23014751,      -12.94561614,     0.01574983121,    0.008680653276,   2.798605717e-05,                 0,                 0,                 0,   5.001812238e-06,    0.008680653276,   2.798605717e-05,                 0,    0.003223957492,    0.003126620633
          0,           0,        1149,      -10.68062381,      -9.696456808,      -10.78212571,      -10.23311703,      -12.94886438,     0.01574983121,     0.00868070956,   2.776772632e-05,                 0,                 0,                 0,   4.960685992e-06,     0.00868070956,   2.776772632e-05,                 0,    0.003198785322,    0.003126620633
          0,           0,        1150,      -10.68190475,      -9.699530172,      -10.78536034,      -10.23608593,      -12.95211846,     0.01574983121,    0.008680765509,   2.755135735e-05,                 0,                 0,                 0,   4.919944271e-06,    0.008680765509,   2.755135735e-05,                 0,    0.003173839602,    0.003126620633
          0,           0,        1151,      -10.68317885,      -9.702604142,      -10.78859553,      -10.23905435,      -12.95537833,     0.01574983121,    0.008680821125,   2.733693478e-05,                 0,                 0,                 0,   4.879583936e-06,    0.008680821125,   2.733693478e-05,                 0,    0.003149118544,    0.003126620633
          0,           0,        1152,      -10.68444627,      -9.705678653,      -10.79183051,      -10.24202214,      -12.95864393,     0.01574983121,    0.008680876409,    2.71244432e-05,                 0,                 0,                 0,   4.839601868e-06,    0.008680876409,    2.71244432e-05,                 0,    0.003124620364,    0.003126620633
          0,           0,        1153,      -10.68570703,      -9.708753699,      -10.79506683,      -10.24498926,       -12.9619152,     0.01574983121,    0.008680931364,   2.691386733e-05,                 0,                 0,                 0,   4.799994981e-06,    0.008680931364,   2.691386733e-05,                 0,    0.003100343293,    0.003126620633
          0,           0,        1154,      -10.68696113,      -9.711829222,      -10.79830315,      -10.24795555,      -12.96519209,     0.01574983121,    0.008680985991,   2.670519187e-05,                 0,                 0,                 0,    4.76076017e-06,    0.008680985991,   2.670519187e-05,                 0,    0.003076285563,    0.003126620633
          0,           0,        1155,      -10.68820871,        -9.7149052,      -10.80154015,      -10.25092111,      -12.96847452,     0.01574983121,    0.008681040292,   2.649840161e-05,                 0,                 0,                 0,   4.721894367e-06,    0.008681040292,   2.649840161e-05,                 0,    0.003052445412,    0.003126620633
          0,           0,        1156,      -10.68944976,      -9.717981603,      -10.80477724,      -10.25388587,      -12.97176245,     0.01574983121,    0.008681094269,   2.629348145e-05,                 0,                 0,                 0,   4.683394514e-06,    0.008681094269,   2.629348145e-05,                 0,    0.003028821095,    0.003126620633
          0,           0,        1157,      -10.69068449,      -9.721058394,      -10.80801446,      -10.25684986,      -12.97505578,     0.01574983121,    0.008681147924,   2.609041633e-05,                 0,                 0,                 0,    4.64525757e-06,    0.008681147924,   2.609041633e-05,                 0,    0.003005410869,    0.003126620633
          0,           0,        1158,      -10.69191289,      -9.724135526,      -10.81125214,       -10.2598129,      -12.97835446,     0.01574983121,    0.008681201258,   2.588919123e-05,                 0,                 0,                 0,   4.607480505e-06,    0.008681201258,   2.588919123e-05,                 0,    0.002982212998,    0.003126620633
          0,           0,        1159,      -10.69313509,       -9.72721298,      -10.81449067,       -10.2627752,      -12.98165839,     0.01574983121,    0.008681254274,   2.568979126e-05,                 0,                 0,                 0,    4.57006031e-06,    0.008681254274,   2.568979126e-05,                 0,    0.002959225758,    0.003126620633
          0,           0,        1160,      -10.69435098,      -9.730290734,      -10.81772871,      -10.26573663,      -12.98496751,     0.01574983121,    0.008681306973,   2.549220153e-05,                 0,                 0,                 0,   4.532993978e-06,    0.008681306973,   2.549220153e-05,                 0,    0.002936447427,    0.003126620633
          0,           0,        1161,      -10.69556087,      -9.733368719,      -10.82096731,      -10.26869702,      -12.98828172,     0.01574983121,    0.008681359357,   2.529640725e-05,                 0,                 0,                 0,   4.496278519e-06,    0.008681359357,   2.529640725e-05,                 0,    0.002913876297,    0.003126620633
          0,           0,        1162,      -10.69676469,      -9.736446942,      -10.82420585,      -10.27165652,      -12.99160094,     0.01574983121,    0.008681411428,   2.510239374e-05,                 0,                 0,                 0,   4.459910975e-06,    0.008681411428,   2.510239374e-05,                 0,    0.002891510666,    0.003126620633
          0,           0,        1163,      -10.69796238,      -9.739525357,      -10.82744475,      -10.27461493,      -12.99492507,     0.01574983121,    0.008681463187,   2.491014629e-05,                 0,                 0,                 0,   4.423888379e-06,    0.008681463187,   2.491014629e-05,                 0,    0.002869348836,    0.003126620633
          0,           0,        1164,      -10.69915419,      -9.742603934,      -10.83068352,      -10.27757248,      -12.99825401,     0.01574983121,    0.008681514637,   2.471965035e-05,                 0,                 0,                 0,   4.388207806e-06,    0.008681514637,   2.471965035e-05,                 0,    0.002847389123,    0.003126620633
          0,           0,        1165,      -10.70034033,      -9.745682621,      -10.83392221,      -10.28052868,      -13.00158768,     0.01574983121,     0.00868156578,   2.453089142e-05,                 0,                 0,                 0,   4.352866326e-06,     0.00868156578,   2.453089142e-05,                 0,    0.002825629851,    0.003126620633
          0,           0,        1166,      -10.70152063,      -9.748761405,      -10.83716131,      -10.28348412,      -13.00492598,     0.01574983121,    0.008681616616,   2.434385508e-05,                 0,                 0,                 0,   4.317861027e-06,    0.008681616616,   2.434385508e-05,                 0,    0.002804069352,    0.003126620633
          0,           0,        1167,      -10.70269528,      -9.751840257,      -10.84039985,      -10.28643822,      -13.00826879,     0.01574983121,    0.008681667147,   2.415852696e-05,                 0,                 0,                 0,   4.283189024e-06,    0.008681667147,   2.415852696e-05,                 0,    0.002782705965,    0.003126620633
          0,           0,        1168,      -10.70386423,      -9.754919132,      -10.84363949,      -10.28939126,      -13.01161603,     0.01574983121,    0.008681717377,   2.397489272e-05,                 0,                 0,                 0,   4.248847423e-06,    0.008681717377,   2.397489272e-05,                 0,    0.002761538032,    0.003126620633
          0,           0,        1169,      -10.70502756,      -9.757998021,      -10.84687795,      -10.29234326,      -13.01496759,     0.01574983121,    0.008681767305,   2.379293821e-05,                 0,                 0,                 0,   4.214833387e-06,    0.008681767305,   2.379293821e-05,                 0,    0.002740563917,    0.003126620633
          0,           0,        1170,       -10.7061854,      -9.761076879,      -10.85011696,      -10.29529417,      -13.01832337,     0.01574983121,    0.008681816934,   2.361264924e-05,                 0,                 0,                 0,    4.18114405e-06,    0.008681816934,   2.361264924e-05,                 0,    0.002719781979,    0.003126620633
          0,           0,        1171,      -10.70733799,      -9.764155668,      -10.85335545,      -10.29824334,      -13.02168328,     0.01574983121,    0.008681866266,   2.343401177e-05,                 0,                 0,                 0,   4.147776589e-06,    0.008681866266,   2.343401177e-05,                 0,    0.002699190595,    0.003126620633
          0,           0,        1172,      -10.70848511,      -9.767234369,      -10.85659402,      -10.30119172,      -13.02504722,     0.01574983121,    0.008681915302,   2.325701181e-05,                 0,                 0,                 0,   4.114728198e-06,    0.008681915302,   2.325701181e-05,                 0,    0.002678788147,    0.003126620633
          0,           0,        1173,      -10.70962696,      -9.770312962,      -10.85983178,      -10.30413876,      -13.02841509,     0.01574983121,    0.008681964044,   2.308163544e-05,                 0,                 0,                 0,   4.081996075e-06,    0.008681964044,   2.308163544e-05,                 0,    0.002658573029,    0.003126620633
          0,           0,        1174,      -10.71076356,      -9.773391389,      -10.86307026,      -10.30708452,       -13.0317868,     0.01574983121,    0.008682012494,   2.290786882e-05,                 0,                 0,                 0,   4.049577439e-06,    0.008682012494,   2.290786882e-05,                 0,    0.002638543637,    0.003126620633
          0,           0,        1175,      -10.71189505,      -9.776469644,      -10.86630786,      -10.31002897,      -13.03516227,     0.01574983121,    0.008682060653,   2.273569816e-05,                 0,                 0,                 0,   4.017469514e-06,    0.008682060653,   2.273569816e-05,                 0,    0.002618698379,    0.003126620633
          0,           0,        1176,      -10.71302146,      -9.779547694,      -10.86954509,      -10.31297189,       -13.0385414,     0.01574983121,    0.008682108523,   2.256510974e-05,                 0,                 0,                 0,   3.985669546e-06,    0.008682108523,   2.256510974e-05,                 0,     0.00259903567,    0.003126620633
          0,           0,        1177,      -10.71414302,      -9.782625497,      -10.87278264,      -10.31591363,      -13.04192411,     0.01574983121,    0.008682156105,   2.239608999e-05,                 0,                 0,                 0,   3.954174822e-06,    0.008682156105,   2.239608999e-05,                 0,     0.00257955394,    0.003126620633
          0,           0,        1178,      -10.71525945,      -9.785703041,      -10.87601896,      -10.31885397,      -13.04531034,     0.01574983121,    0.008682203402,   2.222862538e-05,                 0,                 0,                 0,   3.922982622e-06,    0.008682203402,   2.222862538e-05,                 0,    0.002560251626,    0.003126620633
          0,           0,        1179,      -10.71637105,       -9.78878029,      -10.87925495,      -10.32179281,      -13.04869999,     0.01574983121,    0.008682250415,   2.206270242e-05,                 0,                 0,                 0,   3.892090233e-06,    0.008682250415,   2.206270242e-05,                 0,     0.00254112717,    0.003126620633
          0,           0,        1180,      -10.71747798,      -9.791857211,       -10.8824911,       -10.3247302,      -13.05209301,     0.01574983121,    0.008682297146,   2.189830774e-05,                 0,                 0,                 0,   3.861494973e-06,    0.008682297146,   2.189830774e-05,                 0,    0.002522179023,    0.003126620633
          0,           0,        1181,         -10.71858,      -9.794933789,      -10.88572696,       -10.3276664,      -13.05548933,     0.01574983121,    0.008682343596,   2.173542801e-05,                 0,                 0,                 0,   3.831194179e-06,    0.008682343596,   2.173542801e-05,                 0,     0.00250340565,    0.003126620633
          0,           0,        1182,      -10.71967744,      -9.798009968,      -10.88896204,      -10.33060065,       -13.0588889,     0.01574983121,    0.008682389766,   2.157405001e-05,                 0,                 0,                 0,   3.801185196e-06,    0.008682389766,   2.157405001e-05,                 0,    0.002484805519,    0.003126620633
          0,           0,        1183,      -10.72077026,       -9.80108576,       -10.8921967,      -10.33353376,      -13.06229164,     0.01574983121,     0.00868243566,   2.141416057e-05,                 0,                 0,                 0,   3.771465384e-06,     0.00868243566,   2.141416057e-05,                 0,     0.00246637711,    0.003126620633
          0,           0,        1184,       -10.7218585,      -9.804161108,      -10.89543049,      -10.33646522,      -13.06569752,     0.01574983121,    0.008682481277,   2.125574664e-05,                 0,                 0,                 0,   3.742032127e-06,    0.008682481277,   2.125574664e-05,                 0,    0.002448118914,    0.003126620633
          0,           0,        1185,      -10.72294239,      -9.807235997,      -10.89866363,      -10.33939531,      -13.06910648,     0.01574983121,     0.00868252662,   2.109879522e-05,                 0,                 0,                 0,   3.712882834e-06,     0.00868252662,   2.109879522e-05,                 0,    0.002430029431,    0.003126620633
          0,           0,        1186,      -10.72402189,      -9.810310387,      -10.90189661,      -10.34232341,      -13.07251847,     0.01574983121,     0.00868257169,   2.094329337e-05,                 0,                 0,                 0,     3.6840149e-06,     0.00868257169,   2.094329337e-05,                 0,    0.002412107163,    0.003126620633
          0,           0,        1187,      -10.72509706,      -9.813384269,      -10.90512919,      -10.34525006,      -13.07593344,     0.01574983121,    0.008682616489,   2.078922824e-05,                 0,                 0,                 0,   3.655425756e-06,    0.008682616489,   2.078922824e-05,                 0,    0.002394350627,    0.003126620633
          0,           0,        1188,      -10.72616795,      -9.816457608,       -10.9083607,      -10.34817516,      -13.07935134,     0.01574983121,    0.008682661018,   2.063658709e-05,                 0,                 0,                 0,   3.627112859e-06,    0.008682661018,   2.063658709e-05,                 0,    0.002376758351,    0.003126620633
          0,           0,        1189,      -10.72723467,      -9.819530375,      -10.91159158,      -10.35109875,      -13.08277212,     0.01574983121,    0.008682705279,   2.048535723e-05,                 0,                 0,                 0,   3.599073674e-06,    0.008682705279,   2.048535723e-05,                 0,     0.00235932887,    0.003126620633
          0,           0,        1190,      -10.72829718,      -9.822602556,        -10.914822,      -10.35402051,      -13.08619575,     0.01574983121,    0.008682749274,   2.033552605e-05,                 0,                 0,                 0,   3.571305671e-06,    0.008682749274,   2.033552605e-05,                 0,    0.002342060724,    0.003126620633
          0,           0,        1191,      -10.72935568,      -9.825674108,      -10.91805129,      -10.35694065,      -13.08962217,     0.01574983121,    0.008682793004,   2.018708103e-05,                 0,                 0,                 0,   3.543806344e-06,    0.008682793004,   2.018708103e-05,                 0,    0.002324952469,    0.003126620633
          0,           0,        1192,      -10.73041021,      -9.828745009,      -10.92128018,      -10.35985911,      -13.09305133,     0.01574983121,     0.00868283647,   2.004000972e-05,                 0,                 0,                 0,   3.516573212e-06,     0.00868283647,   2.004000972e-05,                 0,    0.002308002665,    0.003126620633
          0,           0,        1193,      -10.73146068,       -9.83181525,      -10.92450795,      -10.36277579,       -13.0964832,     0.01574983121,    0.008682879675,   1.989429974e-05,                 0,                 0,                 0,   3.489603808e-06,    0.008682879675,   1.989429974e-05,                 0,    0.002291209885,    0.003126620633
          0,           0,        1194,      -10.73250745,      -9.834884784,      -10.92773465,      -10.36569043,      -13.09991772,     0.01574983121,    0.008682922619,   1.974993881e-05,                 0,                 0,                 0,   3.462895678e-06,    0.008682922619,   1.974993881e-05,                 0,    0.002274572708,    0.003126620633
          0,           0,        1195,      -10.73355041,      -9.837953608,      -10.93096103,      -10.36860358,      -13.10335485,     0.01574983121,    0.008682965304,   1.960691469e-05,                 0,                 0,                 0,   3.436446365e-06,    0.008682965304,   1.960691469e-05,                 0,     0.00225808972,    0.003126620633
          0,           0,        1196,       -10.7345895,      -9.841021674,      -10.93418722,      -10.37151519,      -13.10679456,     0.01574983121,    0.008683007732,   1.946521531e-05,                 0,                 0,                 0,   3.410253471e-06,    0.008683007732,   1.946521531e-05,                 0,    0.002241759528,    0.003126620633
          0,           0,        1197,      -10.73562497,      -9.844088968,      -10.93741161,      -10.37442449,      -13.11023679,     0.01574983121,    0.008683049904,   1.932482859e-05,                 0,                 0,                 0,   3.384314581e-06,    0.008683049904,   1.932482859e-05,                 0,    0.002225580735,    0.003126620633
          0,           0,        1198,      -10.73665671,      -9.847155479,      -10.94063464,      -10.37733253,       -13.1136815,     0.01574983121,    0.008683091821,   1.918574253e-05,                 0,                 0,                 0,    3.35862731e-06,    0.008683091821,   1.918574253e-05,                 0,    0.002209551957,    0.003126620633
          0,           0,        1199,      -10.73768507,      -9.850221171,      -10.94385757,      -10.38023837,      -13.11712864,     0.01574983121,    0.008683133486,   1.904794524e-05,                 0,                 0,                 0,   3.333189282e-06,    0.008683133486,   1.904794524e-05,                 0,     0.00219367182,    0.003126620633
          0,           0,        1200,         -10.73871,      -9.853285999,      -10.94707937,      -10.38314213,      -13.12057818,     0.01574983121,    0.008683174899,   1.891142493e-05,                 0,                 0,                 0,   3.307998144e-06,    0.008683174899,   1.891142493e-05,                 0,    0.002177938963,    0.003126620633
          0,           0,        1201,      -10.73973133,       -9.85634998,      -10.95029986,      -10.38604424,      -13.12403008,     0.01574983121,    0.008683216062,   1.877616986e-05,                 0,                 0,                 0,   3.283051554e-06,    0.008683216062,   1.877616986e-05,                 0,    0.002162352028,    0.003126620633
          0,           0,        1202,      -10.74074923,       -9.85941307,      -10.95351926,       -10.3889447,      -13.12748428,     0.01574983121,    0.008683256977,   1.864216837e-05,                 0,                 0,                 0,   3.258347195e-06,    0.008683256977,   1.864216837e-05,                 0,    0.002146909669,    0.003126620633
          0,           0,        1203,      -10.74176397,      -9.862475245,      -10.95673782,      -10.39184296,      -13.13094075,     0.01574983121,    0.008683297645,   1.850940889e-05,                 0,                 0,                 0,   3.233882762e-06,    0.008683297645,   1.850940889e-05,                 0,    0.002131610552,    0.003126620633
          0,           0,        1204,      -10.74277535,      -9.865536482,      -10.95995638,      -10.39473943,      -13.13439944,     0.01574983121,    0.008683338067,   1.837787989e-05,                 0,                 0,                 0,   3.209655955e-06,    0.008683338067,   1.837787989e-05,                 0,    0.002116453344,    0.003126620633
          0,           0,        1205,      -10.74378359,      -9.868596767,      -10.96317247,      -10.39763366,      -13.13786031,     0.01574983121,    0.008683378245,      1.824757e-05,                 0,                 0,                 0,   3.185664513e-06,    0.008683378245,      1.824757e-05,                 0,    0.002101436732,    0.003126620633
          0,           0,        1206,      -10.74478853,      -9.871656071,      -10.96638719,      -10.40052635,      -13.14132332,     0.01574983121,     0.00868341818,   1.811846787e-05,                 0,                 0,                 0,   3.161906181e-06,     0.00868341818,   1.811846787e-05,                 0,    0.002086559405,    0.003126620633
          0,           0,        1207,      -10.74579057,      -9.874714365,      -10.96960191,      -10.40341667,      -13.14478843,     0.01574983121,    0.008683457874,   1.799056222e-05,                 0,                 0,                 0,   3.138378704e-06,    0.008683457874,   1.799056222e-05,                 0,    0.002071820061,    0.003126620633
          0,           0,        1208,      -10.74678955,      -9.877771644,      -10.97281432,      -10.40630517,       -13.1482556,     0.01574983121,    0.008683497328,   1.786384186e-05,                 0,                 0,                 0,   3.115079864e-06,    0.008683497328,   1.786384186e-05,                 0,    0.002057217407,    0.003126620633
          0,           0,        1209,      -10.74778544,      -9.880827883,      -10.97602682,      -10.40919163,      -13.15172478,     0.01574983121,    0.008683536543,    1.77382957e-05,                 0,                 0,                 0,   3.092007446e-06,    0.008683536543,    1.77382957e-05,                 0,    0.002042750164,    0.003126620633
          0,           0,        1210,      -10.74877849,      -9.883883045,      -10.97923811,      -10.41207626,      -13.15519592,     0.01574983121,    0.008683575521,   1.761391276e-05,                 0,                 0,                 0,   3.069159289e-06,    0.008683575521,   1.761391276e-05,                 0,    0.002028417063,    0.003126620633
          0,           0,        1211,      -10.74976857,      -9.886937125,      -10.98244727,      -10.41495872,      -13.15866898,     0.01574983121,    0.008683614264,   1.749068203e-05,                 0,                 0,                 0,   3.046533178e-06,    0.008683614264,   1.749068203e-05,                 0,    0.002014216835,    0.003126620633
          0,           0,        1212,      -10.75075592,      -9.889990108,      -10.98565468,      -10.41783897,      -13.16214392,     0.01574983121,    0.008683652772,   1.736859268e-05,                 0,                 0,                 0,   3.024126971e-06,    0.008683652772,   1.736859268e-05,                 0,    0.002000148225,    0.003126620633
          0,           0,        1213,      -10.75174065,      -9.893041942,      -10.98886171,      -10.42071706,      -13.16562067,     0.01574983121,    0.008683691047,   1.724763392e-05,                 0,                 0,                 0,   3.001938528e-06,    0.008683691047,   1.724763392e-05,                 0,    0.001986209991,    0.003126620633
          0,           0,        1214,      -10.75272255,       -9.89609264,      -10.99206703,      -10.42359335,      -13.16909919,     0.01574983121,     0.00868372909,   1.712779502e-05,                 0,                 0,                 0,   2.979965715e-06,     0.00868372909,   1.712779502e-05,                 0,    0.001972400894,    0.003126620633
          0,           0,        1215,      -10.75370202,      -9.899142154,      -10.99527157,      -10.42646728,      -13.17257943,     0.01574983121,    0.008683766903,   1.700906536e-05,                 0,                 0,                 0,   2.958206425e-06,    0.008683766903,   1.700906536e-05,                 0,    0.001958719707,    0.003126620633
          0,           0,        1216,      -10.75467874,      -9.902190501,      -10.99847469,      -10.42933945,      -13.17606133,     0.01574983121,    0.008683804487,    1.68914344e-05,                 0,                 0,                 0,   2.936658555e-06,    0.008683804487,    1.68914344e-05,                 0,    0.001945165212,    0.003126620633
          0,           0,        1217,      -10.75565302,      -9.905237629,      -11.00167576,      -10.43220898,      -13.17954483,     0.01574983121,    0.008683841844,   1.677489163e-05,                 0,                 0,                 0,   2.915320029e-06,    0.008683841844,   1.677489163e-05,                 0,    0.001931736198,    0.003126620633
          0,           0,        1218,      -10.75662465,      -9.908283541,      -11.00487602,      -10.43507662,      -13.18302989,     0.01574983121,    0.008683878974,   1.665942665e-05,                 0,                 0,                 0,   2.894188775e-06,    0.008683878974,   1.665942665e-05,                 0,    0.001918431464,    0.003126620633
          0,           0,        1219,      -10.75759402,      -9.911328196,       -11.0080741,        -10.437942,      -13.18651643,     0.01574983121,     0.00868391588,   1.654502919e-05,                 0,                 0,                 0,   2.873262766e-06,     0.00868391588,   1.654502919e-05,                 0,    0.001905249823,    0.003126620633
          0,           0,        1220,      -10.75856088,      -9.914371579,      -11.01127245,       -10.4408056,      -13.19000441,     0.01574983121,    0.008683952561,   1.643168895e-05,                 0,                 0,                 0,    2.85253995e-06,    0.008683952561,   1.643168895e-05,                 0,    0.001892190087,    0.003126620633
          0,           0,        1221,      -10.75952535,      -9.917413694,      -11.01446838,      -10.44366657,      -13.19349376,     0.01574983121,    0.008683989021,   1.631939581e-05,                 0,                 0,                 0,   2.832018326e-06,    0.008683989021,   1.631939581e-05,                 0,    0.001879251087,    0.003126620633
          0,           0,        1222,      -10.76048759,      -9.920454514,      -11.01766283,      -10.44652558,      -13.19698442,     0.01574983121,    0.008684025259,   1.620813964e-05,                 0,                 0,                 0,   2.811695882e-06,    0.008684025259,   1.620813964e-05,                 0,    0.001866431656,    0.003126620633
          0,           0,        1223,      -10.76144758,      -9.923494008,      -11.02085565,      -10.44938219,      -13.20047633,     0.01574983121,    0.008684061278,   1.609791045e-05,                 0,                 0,                 0,   2.791570631e-06,    0.008684061278,   1.609791045e-05,                 0,    0.001853730637,    0.003126620633
          0,           0,        1224,      -10.76240537,      -9.926532172,      -11.02404701,      -10.45223677,      -13.20396942,     0.01574983121,    0.008684097079,   1.598869826e-05,                 0,                 0,                 0,   2.771640598e-06,    0.008684097079,   1.598869826e-05,                 0,    0.001841146882,    0.003126620633
          0,           0,        1225,      -10.76336104,      -9.929568972,      -11.02723676,      -10.45508884,      -13.20746364,     0.01574983121,    0.008684132662,   1.588049325e-05,                 0,                 0,                 0,   2.751903848e-06,    0.008684132662,   1.588049325e-05,                 0,    0.001828679256,    0.003126620633
          0,           0,        1226,      -10.76431455,      -9.932604413,      -11.03042449,      -10.45793923,      -13.21095892,     0.01574983121,    0.008684168029,   1.577328566e-05,                 0,                 0,                 0,   2.732358442e-06,    0.008684168029,   1.577328566e-05,                 0,    0.001816326631,    0.003126620633
          0,           0,        1227,      -10.76526614,      -9.935638458,      -11.03361129,      -10.46078677,       -13.2144552,     0.01574983121,    0.008684203182,   1.566706572e-05,                 0,                 0,                 0,   2.713002436e-06,    0.008684203182,   1.566706572e-05,                 0,    0.001804087882,    0.003126620633
          0,           0,        1228,      -10.76621571,      -9.938671093,      -11.03679691,       -10.4636322,      -13.21795242,     0.01574983121,    0.008684238122,   1.556182382e-05,                 0,                 0,                 0,   2.693833935e-06,    0.008684238122,   1.556182382e-05,                 0,    0.001791961898,    0.003126620633
          0,           0,        1229,      -10.76716332,      -9.941702311,       -11.0399814,      -10.46647564,       -13.2214505,     0.01574983121,    0.008684272849,   1.545755039e-05,                 0,                 0,                 0,   2.674851038e-06,    0.008684272849,   1.545755039e-05,                 0,    0.001779947574,    0.003126620633
          0,           0,        1230,      -10.76810898,      -9.944732098,       -11.0431622,       -10.4693165,       -13.2249494,     0.01574983121,    0.008684307366,   1.535423596e-05,                 0,                 0,                 0,   2.656051881e-06,    0.008684307366,   1.535423596e-05,                 0,    0.001768043819,    0.003126620633
          0,           0,        1231,      -10.76905277,      -9.947760442,      -11.04634292,       -10.4721552,      -13.22844904,     0.01574983121,    0.008684341673,   1.525187113e-05,                 0,                 0,                 0,   2.637434595e-06,    0.008684341673,   1.525187113e-05,                 0,    0.001756249547,    0.003126620633
          0,           0,        1232,      -10.76999481,      -9.950787304,      -11.04952177,      -10.47499149,      -13.23194937,     0.01574983121,    0.008684375772,   1.515044656e-05,                 0,                 0,                 0,   2.618997333e-06,    0.008684375772,   1.515044656e-05,                 0,     0.00174456368,    0.003126620633
          0,           0,        1233,      -10.77093494,      -9.953812686,      -11.05269851,      -10.47782546,      -13.23545032,     0.01574983121,    0.008684409663,   1.504995298e-05,                 0,                 0,                 0,   2.600738267e-06,    0.008684409663,   1.504995298e-05,                 0,     0.00173298515,    0.003126620633
          0,           0,        1234,      -10.77187348,      -9.956836577,      -11.05587449,      -10.48065728,      -13.23895183,     0.01574983121,    0.008684443349,   1.495038121e-05,                 0,                 0,                 0,    2.58265558e-06,    0.008684443349,   1.495038121e-05,                 0,    0.001721512895,    0.003126620633
          0,           0,        1235,      -10.77281016,      -9.959858949,      -11.05904796,      -10.48348671,      -13.24245385,     0.01574983121,     0.00868447683,   1.485172213e-05,                 0,                 0,                 0,   2.564747459e-06,     0.00868447683,   1.485172213e-05,                 0,    0.001710145864,    0.003126620633
          0,           0,        1236,      -10.77374529,      -9.962879793,      -11.06221984,      -10.48631369,      -13.24595631,     0.01574983121,    0.008684510108,   1.475396671e-05,                 0,                 0,                 0,   2.547012127e-06,    0.008684510108,   1.475396671e-05,                 0,    0.001698883014,    0.003126620633
          0,           0,        1237,      -10.77467865,      -9.965899119,      -11.06538964,      -10.48913842,      -13.24945915,     0.01574983121,    0.008684543184,   1.465710598e-05,                 0,                 0,                 0,   2.529447815e-06,    0.008684543184,   1.465710598e-05,                 0,    0.001687723311,    0.003126620633
          0,           0,        1238,      -10.77561064,      -9.968916856,      -11.06855746,      -10.49196056,      -13.25296232,     0.01574983121,    0.008684576058,   1.456113105e-05,                 0,                 0,                 0,   2.512052754e-06,    0.008684576058,   1.456113105e-05,                 0,    0.001676665729,    0.003126620633
          0,           0,        1239,      -10.77654114,      -9.971933033,      -11.07172447,      -10.49478059,      -13.25646576,     0.01574983121,    0.008684608733,   1.446603312e-05,                 0,                 0,                 0,   2.494825217e-06,    0.008684608733,   1.446603312e-05,                 0,    0.001665709252,    0.003126620633
          0,           0,        1240,      -10.77747007,      -9.974947628,      -11.07488972,       -10.4975981,      -13.25996941,     0.01574983121,    0.008684641208,   1.437180344e-05,                 0,                 0,                 0,   2.477763471e-06,    0.008684641208,   1.437180344e-05,                 0,    0.001654852871,    0.003126620633
          0,           0,        1241,      -10.77839741,      -9.977960643,      -11.07805208,      -10.50041347,      -13.26347322,     0.01574983121,    0.008684673487,    1.42784333e-05,                 0,                 0,                 0,   2.460865799e-06,    0.008684673487,    1.42784333e-05,                 0,     0.00164409558,    0.003126620633
          0,           0,        1242,      -10.77932347,      -9.980972038,      -11.08121386,      -10.50322603,      -13.26697713,     0.01574983121,    0.008684705569,   1.418591412e-05,                 0,                 0,                 0,   2.444130502e-06,    0.008684705569,   1.418591412e-05,                 0,    0.001633436391,    0.003126620633
          0,           0,        1243,       -10.7802482,      -9.983981805,       -11.0843735,      -10.50603666,      -13.27048109,     0.01574983121,    0.008684737456,    1.40942374e-05,                 0,                 0,                 0,    2.42755591e-06,    0.008684737456,    1.40942374e-05,                 0,     0.00162287432,    0.003126620633
          0,           0,        1244,      -10.78117147,      -9.986989949,      -11.08753106,      -10.50884463,      -13.27398506,     0.01574983121,    0.008684769148,   1.400339463e-05,                 0,                 0,                 0,   2.411140339e-06,    0.008684769148,   1.400339463e-05,                 0,    0.001612408389,    0.003126620633
          0,           0,        1245,      -10.78209332,      -9.989996459,      -11.09068659,      -10.51165054,      -13.27748898,     0.01574983121,    0.008684800648,   1.391337745e-05,                 0,                 0,                 0,   2.394882136e-06,    0.008684800648,   1.391337745e-05,                 0,     0.00160203763,    0.003126620633
          0,           0,        1246,      -10.78301412,      -9.993001286,      -11.09384099,      -10.51445376,      -13.28099282,     0.01574983121,    0.008684831956,   1.382417751e-05,                 0,                 0,                 0,   2.378779652e-06,    0.008684831956,   1.382417751e-05,                 0,    0.001591761082,    0.003126620633
          0,           0,        1247,      -10.78393368,      -9.996004473,      -11.09699221,      -10.51725467,      -13.28449654,     0.01574983121,    0.008684863074,   1.373578662e-05,                 0,                 0,                 0,   2.362831284e-06,    0.008684863074,   1.373578662e-05,                 0,    0.001581577798,    0.003126620633
          0,           0,        1248,      -10.78485193,      -9.999005966,      -11.10014202,      -10.52005303,      -13.28800008,     0.01574983121,    0.008684894002,   1.364819656e-05,                 0,                 0,                 0,   2.347035406e-06,    0.008684894002,   1.364819656e-05,                 0,    0.001571486832,    0.003126620633
          0,           0,        1249,        -10.785769,      -10.00200577,      -11.10329103,      -10.52284902,      -13.29150342,     0.01574983121,    0.008684924742,   1.356139923e-05,                 0,                 0,                 0,   2.331390414e-06,    0.008684924742,   1.356139923e-05,                 0,    0.001561487248,    0.003126620633
          0,           0,        1250,      -10.78668489,      -10.00500387,      -11.10643718,      -10.52564258,      -13.29500652,     0.01574983121,    0.008684955294,    1.34753866e-05,                 0,                 0,                 0,   2.315894733e-06,    0.008684955294,    1.34753866e-05,                 0,    0.001551578119,    0.003126620633
          0,           0,        1251,       -10.7875999,      -10.00800026,      -11.10958019,      -10.52843339,      -13.29850936,     0.01574983121,    0.008684985661,   1.339015069e-05,                 0,                 0,                 0,    2.30054678e-06,    0.008684985661,   1.339015069e-05,                 0,    0.001541758526,    0.003126620633
          0,           0,        1252,      -10.78851377,      -10.01099492,      -11.11272293,      -10.53122212,      -13.30201188,     0.01574983121,    0.008685015842,   1.330568361e-05,                 0,                 0,                 0,   2.285345014e-06,    0.008685015842,   1.330568361e-05,                 0,    0.001532027558,    0.003126620633
          0,           0,        1253,      -10.78942635,      -10.01398786,      -11.11586419,      -10.53400862,      -13.30551408,     0.01574983121,     0.00868504584,   1.322197753e-05,                 0,                 0,                 0,   2.270287886e-06,     0.00868504584,   1.322197753e-05,                 0,    0.001522384311,    0.003126620633
          0,           0,        1254,      -10.79033833,      -10.01697906,      -11.11900197,      -10.53679227,       -13.3090159,     0.01574983121,    0.008685075654,   1.313902467e-05,                 0,                 0,                 0,   2.255373861e-06,    0.008685075654,   1.313902467e-05,                 0,    0.001512827889,    0.003126620633
          0,           0,        1255,      -10.79124908,       -10.0199685,      -11.12213862,      -10.53957359,      -13.31251733,     0.01574983121,    0.008685105287,   1.305681733e-05,                 0,                 0,                 0,   2.240601423e-06,    0.008685105287,   1.305681733e-05,                 0,    0.001503357403,    0.003126620633
          0,           0,        1256,      -10.79215905,      -10.02295617,      -11.12527227,      -10.54235244,      -13.31601833,     0.01574983121,    0.008685134739,   1.297534787e-05,                 0,                 0,                 0,   2.225969063e-06,    0.008685134739,   1.297534787e-05,                 0,    0.001493971972,    0.003126620633
          0,           0,        1257,      -10.79306818,      -10.02594209,      -11.12840542,      -10.54512869,      -13.31951887,     0.01574983121,    0.008685164012,   1.289460878e-05,                 0,                 0,                 0,   2.211475318e-06,    0.008685164012,   1.289460878e-05,                 0,    0.001484670729,    0.003126620633
          0,           0,        1258,      -10.79397619,      -10.02892622,      -11.13153549,      -10.54790277,      -13.32301892,     0.01574983121,    0.008685193106,   1.281459253e-05,                 0,                 0,                 0,   2.197118699e-06,    0.008685193106,   1.281459253e-05,                 0,    0.001475452805,    0.003126620633
          0,           0,        1259,      -10.79488348,      -10.03190857,      -11.13466405,      -10.55067442,      -13.32651844,     0.01574983121,    0.008685222023,   1.273529169e-05,                 0,                 0,                 0,   2.182897739e-06,    0.008685222023,   1.273529169e-05,                 0,    0.001466317344,    0.003126620633
          0,           0,        1260,      -10.79578973,      -10.03488913,      -11.13779096,      -10.55344374,       -13.3300174,     0.01574983121,    0.008685250763,   1.265669891e-05,                 0,                 0,                 0,   2.168811002e-06,    0.008685250763,   1.265669891e-05,                 0,    0.001457263498,    0.003126620633
          0,           0,        1261,      -10.79669554,      -10.03786787,      -11.14091541,      -10.55620992,      -13.33351577,     0.01574983121,    0.008685279328,   1.257880691e-05,                 0,                 0,                 0,   2.154857057e-06,    0.008685279328,   1.257880691e-05,                 0,    0.001448290427,    0.003126620633
          0,           0,        1262,      -10.79760059,      -10.04084481,      -11.14403639,      -10.55897367,      -13.33701351,     0.01574983121,    0.008685307718,   1.250160844e-05,                 0,                 0,                 0,   2.141034475e-06,    0.008685307718,   1.250160844e-05,                 0,    0.001439397296,    0.003126620633
          0,           0,        1263,      -10.79850456,      -10.04381994,      -11.14715712,       -10.5617358,      -13.34051059,     0.01574983121,    0.008685335936,   1.242509635e-05,                 0,                 0,                 0,   2.127341856e-06,    0.008685335936,   1.242509635e-05,                 0,    0.001430583277,    0.003126620633
          0,           0,        1264,      -10.79940808,      -10.04679324,      -11.15027529,      -10.56449477,      -13.34400697,     0.01574983121,    0.008685363981,   1.234926353e-05,                 0,                 0,                 0,     2.1137778e-06,    0.008685363981,   1.234926353e-05,                 0,    0.001421847554,    0.003126620633
          0,           0,        1265,      -10.80031085,      -10.04976471,      -11.15339146,      -10.56725152,      -13.34750262,     0.01574983121,    0.008685391854,   1.227410299e-05,                 0,                 0,                 0,   2.100340942e-06,    0.008685391854,   1.227410299e-05,                 0,    0.001413189318,    0.003126620633
          0,           0,        1266,      -10.80121306,      -10.05273432,      -11.15650447,      -10.57000567,       -13.3509975,     0.01574983121,    0.008685419558,   1.219960773e-05,                 0,                 0,                 0,   2.087029906e-06,    0.008685419558,   1.219960773e-05,                 0,    0.001404607763,    0.003126620633
          0,           0,        1267,      -10.80211444,      -10.05570214,       -11.1596164,      -10.57275751,      -13.35449158,     0.01574983121,    0.008685447092,   1.212577087e-05,                 0,                 0,                 0,   2.073843334e-06,    0.008685447092,   1.212577087e-05,                 0,    0.001396102093,    0.003126620633
          0,           0,        1268,      -10.80301538,      -10.05866806,      -11.16272632,      -10.57550674,      -13.35798481,     0.01574983121,    0.008685474459,   1.205258556e-05,                 0,                 0,                 0,    2.06077989e-06,    0.008685474459,   1.205258556e-05,                 0,    0.001387671521,    0.003126620633
          0,           0,        1269,      -10.80391587,      -10.06163214,      -11.16583376,      -10.57825357,      -13.36147717,     0.01574983121,    0.008685501658,   1.198004502e-05,                 0,                 0,                 0,   2.047838254e-06,    0.008685501658,   1.198004502e-05,                 0,    0.001379315265,    0.003126620633
          0,           0,        1270,      -10.80481568,      -10.06459435,      -11.16893941,      -10.58099768,      -13.36496861,     0.01574983121,    0.008685528691,   1.190814257e-05,                 0,                 0,                 0,   2.035017104e-06,    0.008685528691,   1.190814257e-05,                 0,    0.001371032553,    0.003126620633
          0,           0,        1271,      -10.80571481,      -10.06755471,      -11.17204265,      -10.58373959,       -13.3684591,     0.01574983121,    0.008685555558,   1.183687152e-05,                 0,                 0,                 0,   2.022315126e-06,    0.008685555558,   1.183687152e-05,                 0,    0.001362822613,    0.003126620633
          0,           0,        1272,      -10.80661353,      -10.07051321,      -11.17514282,      -10.58647872,       -13.3719486,     0.01574983121,    0.008685582262,   1.176622532e-05,                 0,                 0,                 0,   2.009731042e-06,    0.008685582262,   1.176622532e-05,                 0,     0.00135468469,    0.003126620633
          0,           0,        1273,      -10.80751183,      -10.07346979,      -11.17824369,      -10.58921576,      -13.37543706,     0.01574983121,    0.008685608802,   1.169619742e-05,                 0,                 0,                 0,   1.997263568e-06,    0.008685608802,   1.169619742e-05,                 0,     0.00134661803,    0.003126620633
          0,           0,        1274,      -10.80840972,      -10.07642451,      -11.18133938,      -10.59195012,      -13.37892446,     0.01574983121,     0.00868563518,   1.162678135e-05,                 0,                 0,                 0,   1.984911433e-06,     0.00868563518,   1.162678135e-05,                 0,    0.001338621886,    0.003126620633
          0,           0,        1275,      -10.80930692,      -10.07937736,      -11.18443397,      -10.59468242,      -13.38241074,     0.01574983121,    0.008685661397,   1.155797071e-05,                 0,                 0,                 0,   1.972673389e-06,    0.008685661397,   1.155797071e-05,                 0,     0.00133069552,    0.003126620633
          0,           0,        1276,      -10.81020395,      -10.08232831,      -11.18752602,      -10.59741177,      -13.38589587,     0.01574983121,    0.008685687453,   1.148975916e-05,                 0,                 0,                 0,   1.960548182e-06,    0.008685687453,   1.148975916e-05,                 0,    0.001322838201,    0.003126620633
          0,           0,        1277,      -10.81110048,      -10.08527735,      -11.19061729,      -10.60013854,      -13.38937981,     0.01574983121,     0.00868571335,   1.142214043e-05,                 0,                 0,                 0,    1.94853459e-06,     0.00868571335,   1.142214043e-05,                 0,    0.001315049204,    0.003126620633
          0,           0,        1278,       -10.8119967,      -10.08822452,       -11.1937047,      -10.60286294,      -13.39286252,     0.01574983121,    0.008685739089,   1.135510828e-05,                 0,                 0,                 0,   1.936631396e-06,    0.008685739089,   1.135510828e-05,                 0,    0.001307327812,    0.003126620633
          0,           0,        1279,      -10.81289261,      -10.09116977,      -11.19679043,      -10.60558508,      -13.39634396,     0.01574983121,     0.00868576467,   1.128865654e-05,                 0,                 0,                 0,   1.924837379e-06,     0.00868576467,   1.128865654e-05,                 0,    0.001299673312,    0.003126620633
          0,           0,        1280,      -10.81378825,      -10.09411313,      -11.19987408,      -10.60830475,      -13.39982408,     0.01574983121,    0.008685790094,    1.12227791e-05,                 0,                 0,                 0,   1.913151345e-06,    0.008685790094,    1.12227791e-05,                 0,       0.001292085,    0.003126620633
          0,           0,        1281,      -10.81468347,      -10.09705456,      -11.20295616,      -10.61102182,      -13.40330285,     0.01574983121,    0.008685815363,    1.11574699e-05,                 0,                 0,                 0,   1.901572115e-06,    0.008685815363,    1.11574699e-05,                 0,    0.001284562178,    0.003126620633
          0,           0,        1282,      -10.81557834,      -10.09999411,       -11.2060347,      -10.61373669,       -13.4067802,     0.01574983121,    0.008685840478,   1.109272296e-05,                 0,                 0,                 0,   1.890098507e-06,    0.008685840478,   1.109272296e-05,                 0,    0.001277104154,    0.003126620633
          0,           0,        1283,      -10.81647305,      -10.10293173,      -11.20911134,      -10.61644845,      -13.41025612,     0.01574983121,    0.008685865438,   1.102853235e-05,                 0,                 0,                 0,    1.87872937e-06,    0.008685865438,   1.102853235e-05,                 0,    0.001269710246,    0.003126620633
          0,           0,        1284,      -10.81736744,      -10.10586745,       -11.2121867,      -10.61915846,      -13.41373055,     0.01574983121,    0.008685890246,   1.096489223e-05,                 0,                 0,                 0,    1.86746356e-06,    0.008685890246,   1.096489223e-05,                 0,    0.001262379781,    0.003126620633
          0,           0,        1285,      -10.81826171,      -10.10880123,      -11.21525923,      -10.62186564,      -13.41720347,     0.01574983121,    0.008685914902,   1.090179673e-05,                 0,                 0,                 0,   1.856299928e-06,    0.008685914902,   1.090179673e-05,                 0,    0.001255112081,    0.003126620633
          0,           0,        1286,      -10.81915572,      -10.11173312,       -11.2183287,      -10.62457036,      -13.42067482,     0.01574983121,    0.008685939407,   1.083924008e-05,                 0,                 0,                 0,   1.845237336e-06,    0.008685939407,   1.083924008e-05,                 0,    0.001247906481,    0.003126620633
          0,           0,        1287,      -10.82004943,      -10.11466308,      -11.22139756,      -10.62727307,      -13.42414458,     0.01574983121,    0.008685963762,   1.077721658e-05,                 0,                 0,                 0,   1.834274677e-06,    0.008685963762,   1.077721658e-05,                 0,    0.001240762324,    0.003126620633
          0,           0,        1288,      -10.82094313,      -10.11759112,      -11.22446346,       -10.6299728,       -13.4276127,     0.01574983121,    0.008685987967,   1.071572063e-05,                 0,                 0,                 0,    1.82341086e-06,    0.008685987967,   1.071572063e-05,                 0,    0.001233678963,    0.003126620633
          0,           0,        1289,      -10.82183647,      -10.12051724,      -11.22752748,      -10.63267028,      -13.43107914,     0.01574983121,    0.008686012025,    1.06547466e-05,                 0,                 0,                 0,   1.812644785e-06,    0.008686012025,    1.06547466e-05,                 0,     0.00122665575,    0.003126620633
          0,           0,        1290,      -10.82272999,      -10.12344144,      -11.23058818,      -10.63536523,      -13.43454386,     0.01574983121,    0.008686035934,   1.059428894e-05,                 0,                 0,                 0,   1.801975361e-06,    0.008686035934,   1.059428894e-05,                 0,    0.001219692046,    0.003126620633
          0,           0,        1291,      -10.82362319,      -10.12636373,      -11.23364694,      -10.63805788,      -13.43800683,     0.01574983121,    0.008686059698,    1.05343422e-05,                 0,                 0,                 0,   1.791401525e-06,    0.008686059698,    1.05343422e-05,                 0,    0.001212787221,    0.003126620633
          0,           0,        1292,      -10.82451611,       -10.1292841,      -11.23670421,      -10.64074808,      -13.44146801,     0.01574983121,    0.008686083315,   1.047490093e-05,                 0,                 0,                 0,   1.780922215e-06,    0.008686083315,   1.047490093e-05,                 0,    0.001205940646,    0.003126620633
          0,           0,        1293,      -10.82540929,      -10.13220252,      -11.23975898,      -10.64343579,      -13.44492736,     0.01574983121,    0.008686106788,   1.041595976e-05,                 0,                 0,                 0,   1.770536396e-06,    0.008686106788,   1.041595976e-05,                 0,    0.001199151705,    0.003126620633
          0,           0,        1294,      -10.82630218,      -10.13511905,      -11.24281052,      -10.64612133,      -13.44838483,     0.01574983121,    0.008686130117,   1.035751337e-05,                 0,                 0,                 0,   1.760243006e-06,    0.008686130117,   1.035751337e-05,                 0,    0.001192419781,    0.003126620633
          0,           0,        1295,      -10.82719498,      -10.13803364,       -11.2458605,       -10.6488044,      -13.45184039,     0.01574983121,    0.008686153303,   1.029955652e-05,                 0,                 0,                 0,   1.750041041e-06,    0.008686153303,   1.029955652e-05,                 0,    0.001185744271,    0.003126620633
          0,           0,        1296,      -10.82808809,      -10.14094628,      -11.24890978,      -10.65148457,      -13.45529399,     0.01574983121,    0.008686176347,   1.024208397e-05,                 0,                 0,                 0,   1.739929475e-06,    0.008686176347,   1.024208397e-05,                 0,    0.001179124572,    0.003126620633
          0,           0,        1297,      -10.82898071,      -10.14385706,      -11.25195431,      -10.65416277,       -13.4587456,     0.01574983121,    0.008686199249,   1.018509055e-05,                 0,                 0,                 0,   1.729907299e-06,    0.008686199249,   1.018509055e-05,                 0,    0.001172560088,    0.003126620633
          0,           0,        1298,      -10.82987364,      -10.14676589,      -11.25499663,      -10.65683794,      -13.46219517,     0.01574983121,    0.008686222011,   1.012857118e-05,                 0,                 0,                 0,   1.719973523e-06,    0.008686222011,   1.012857118e-05,                 0,     0.00116605023,    0.003126620633
          0,           0,        1299,      -10.83076652,       -10.1496728,      -11.25803636,      -10.65951127,      -13.46564267,     0.01574983121,    0.008686244633,   1.007252077e-05,                 0,                 0,                 0,   1.710127158e-06,    0.008686244633,   1.007252077e-05,                 0,    0.001159594416,    0.003126620633
          0,           0,        1300,      -10.83165938,      -10.15257779,      -11.26107618,      -10.66218214,      -13.46908805,     0.01574983121,    0.008686267117,   1.001693438e-05,                 0,                 0,                 0,   1.700367247e-06,    0.008686267117,   1.001693438e-05,                 0,    0.001153192073,    0.003126620633
          0,           0,        1301,      -10.83255236,      -10.15548086,      -11.26411302,      -10.66485059,      -13.47253127,     0.01574983121,    0.008686289462,   9.961807032e-06,                 0,                 0,                 0,    1.69069281e-06,    0.008686289462,   9.961807032e-06,                 0,    0.001146842628,    0.003126620633
          0,           0,        1302,      -10.83344511,      -10.15838205,      -11.26714657,      -10.66751697,      -13.47597231,     0.01574983121,     0.00868631167,    9.90713377e-06,                 0,                 0,                 0,   1.681102886e-06,     0.00868631167,    9.90713377e-06,                 0,     0.00114054551,    0.003126620633
          0,           0,        1303,      -10.83433817,      -10.16128131,      -11.27017773,      -10.67018049,      -13.47941111,     0.01574983121,    0.008686333742,   9.852909792e-06,                 0,                 0,                 0,   1.671596542e-06,    0.008686333742,   9.852909792e-06,                 0,    0.001134300164,    0.003126620633
          0,           0,        1304,      -10.83523108,      -10.16417867,      -11.27320733,      -10.67284185,      -13.48284766,     0.01574983121,    0.008686355679,   9.799130298e-06,                 0,                 0,                 0,   1.662172848e-06,    0.008686355679,   9.799130298e-06,                 0,    0.001128106039,    0.003126620633
          0,           0,        1305,      -10.83612427,      -10.16707411,      -11.27623501,      -10.67550092,      -13.48628192,     0.01574983121,     0.00868637748,   9.745790552e-06,                 0,                 0,                 0,   1.652830883e-06,     0.00868637748,   9.745790552e-06,                 0,    0.001121962587,    0.003126620633
          0,           0,        1306,      -10.83701748,      -10.16996766,      -11.27925972,       -10.6781576,      -13.48971386,     0.01574983121,    0.008686399148,   9.692885814e-06,                 0,                 0,                 0,   1.643569713e-06,    0.008686399148,   9.692885814e-06,                 0,    0.001115869263,    0.003126620633
          0,           0,        1307,      -10.83791058,      -10.17285932,      -11.28228184,       -10.6808121,      -13.49314343,     0.01574983121,    0.008686420683,   9.640411455e-06,                 0,                 0,                 0,    1.63438845e-06,    0.008686420683,   9.640411455e-06,                 0,    0.001109825532,    0.003126620633
          0,           0,        1308,      -10.83880413,      -10.17574907,      -11.28530153,      -10.68346367,      -13.49657061,     0.01574983121,    0.008686442085,    9.58836284e-06,                 0,                 0,                 0,   1.625286185e-06,    0.008686442085,    9.58836284e-06,                 0,     0.00110383086,    0.003126620633
          0,           0,        1309,      -10.83969782,       -10.1786369,      -11.28831916,      -10.68611314,      -13.49999538,     0.01574983121,    0.008686463356,   9.536735426e-06,                 0,                 0,                 0,   1.616262046e-06,    0.008686463356,   9.536735426e-06,                 0,    0.001097884724,    0.003126620633
          0,           0,        1310,      -10.84059153,      -10.18152288,       -11.2913347,      -10.68876031,      -13.50341771,     0.01574983121,    0.008686484496,   9.485524709e-06,                 0,                 0,                 0,   1.607315149e-06,    0.008686484496,   9.485524709e-06,                 0,    0.001091986604,    0.003126620633
          0,           0,        1311,      -10.84148531,      -10.18440695,      -11.29434859,      -10.69140541,      -13.50683757,     0.01574983121,    0.008686505507,   9.434726264e-06,                 0,                 0,                 0,    1.59844464e-06,    0.008686505507,   9.434726264e-06,                 0,    0.001086135991,    0.003126620633
          0,           0,        1312,      -10.84237941,      -10.18728916,       -11.2973593,      -10.69404785,      -13.51025494,     0.01574983121,    0.008686526388,   9.384335626e-06,                 0,                 0,                 0,   1.589649643e-06,    0.008686526388,   9.384335626e-06,                 0,    0.001080332368,    0.003126620633
          0,           0,        1313,      -10.84327366,      -10.19016948,      -11.30036635,      -10.69668817,      -13.51366979,     0.01574983121,    0.008686547141,   9.334348425e-06,                 0,                 0,                 0,   1.580929316e-06,    0.008686547141,   9.334348425e-06,                 0,    0.001074575234,    0.003126620633
          0,           0,        1314,      -10.84416802,      -10.19304794,      -11.30337302,      -10.69932579,      -13.51708212,     0.01574983121,    0.008686567766,   9.284760347e-06,                 0,                 0,                 0,    1.57228282e-06,    0.008686567766,   9.284760347e-06,                 0,     0.00106886409,    0.003126620633
          0,           0,        1315,      -10.84506275,       -10.1959245,      -11.30637766,      -10.70196126,      -13.52049189,     0.01574983121,    0.008686588264,   9.235567128e-06,                 0,                 0,                 0,   1.563709331e-06,    0.008686588264,   9.235567128e-06,                 0,    0.001063198444,    0.003126620633
          0,           0,        1316,      -10.84595737,      -10.19879922,      -11.30937991,      -10.70459497,      -13.52389906,     0.01574983121,    0.008686608636,    9.18676452e-06,                 0,                 0,                 0,   1.555208016e-06,    0.008686608636,    9.18676452e-06,                 0,    0.001057577808,    0.003126620633
          0,           0,        1317,      -10.84685237,      -10.20167209,      -11.31237779,      -10.70722614,      -13.52730362,     0.01574983121,    0.008686628883,   9.138348371e-06,                 0,                 0,                 0,   1.546778079e-06,    0.008686628883,   9.138348371e-06,                 0,    0.001052001702,    0.003126620633
          0,           0,        1318,      -10.84774779,      -10.20454308,      -11.31537476,      -10.70985493,      -13.53070554,     0.01574983121,    0.008686649006,   9.090314512e-06,                 0,                 0,                 0,    1.53841871e-06,    0.008686649006,   9.090314512e-06,                 0,    0.001046469646,    0.003126620633
          0,           0,        1319,      -10.84864322,      -10.20741224,      -11.31836988,      -10.71248081,       -13.5341048,     0.01574983121,    0.008686669004,   9.042658836e-06,                 0,                 0,                 0,   1.530129108e-06,    0.008686669004,   9.042658836e-06,                 0,    0.001040981167,    0.003126620633
          0,           0,        1320,      -10.84953901,      -10.21027955,      -11.32136116,       -10.7151052,      -13.53750137,     0.01574983121,     0.00868668888,   8.995377283e-06,                 0,                 0,                 0,   1.521908487e-06,     0.00868668888,   8.995377283e-06,                 0,    0.001035535796,    0.003126620633
          0,           0,        1321,      -10.85043487,      -10.21314502,      -11.32435202,        -10.717727,      -13.54089522,     0.01574983121,    0.008686708633,     8.9484659e-06,                 0,                 0,                 0,   1.513756087e-06,    0.008686708633,     8.9484659e-06,                 0,    0.001030133078,    0.003126620633
          0,           0,        1322,      -10.85133126,      -10.21600865,       -11.3273401,      -10.72034658,      -13.54428634,     0.01574983121,    0.008686728265,    8.90192067e-06,                 0,                 0,                 0,   1.505671123e-06,    0.008686728265,    8.90192067e-06,                 0,    0.001024772549,    0.003126620633
          0,           0,        1323,      -10.85222767,      -10.21887046,      -11.33032412,      -10.72296424,      -13.54767469,     0.01574983121,    0.008686747776,    8.85573767e-06,                 0,                 0,                 0,    1.49765284e-06,    0.008686747776,    8.85573767e-06,                 0,    0.001019453759,    0.003126620633
          0,           0,        1324,      -10.85312457,      -10.22173045,      -11.33330712,      -10.72557943,      -13.55106026,     0.01574983121,    0.008686767166,   8.809913046e-06,                 0,                 0,                 0,   1.489700493e-06,    0.008686767166,   8.809913046e-06,                 0,    0.001014176261,    0.003126620633
          0,           0,        1325,       -10.8540216,      -10.22458864,      -11.33628923,      -10.72819263,      -13.55444302,     0.01574983121,    0.008686786438,   8.764442961e-06,                 0,                 0,                 0,   1.481813335e-06,    0.008686786438,   8.764442961e-06,                 0,    0.001008939615,    0.003126620633
          0,           0,        1326,      -10.85491902,      -10.22744501,      -11.33926608,      -10.73080312,      -13.55782295,     0.01574983121,     0.00868680559,   8.719323603e-06,                 0,                 0,                 0,   1.473990636e-06,     0.00868680559,   8.719323603e-06,                 0,     0.00100374338,    0.003126620633
          0,           0,        1327,      -10.85581662,      -10.23029959,      -11.34224275,      -10.73341143,      -13.56120004,     0.01574983121,    0.008686824625,   8.674551205e-06,                 0,                 0,                 0,   1.466231659e-06,    0.008686824625,   8.674551205e-06,                 0,   0.0009985871224,    0.003126620633
          0,           0,        1328,      -10.85671492,      -10.23315235,      -11.34521614,      -10.73601728,      -13.56457424,     0.01574983121,    0.008686843542,   8.630122058e-06,                 0,                 0,                 0,   1.458535691e-06,    0.008686843542,   8.630122058e-06,                 0,   0.0009934704149,    0.003126620633
          0,           0,        1329,      -10.85761307,      -10.23600336,      -11.34818752,      -10.73862176,      -13.56794555,     0.01574983121,    0.008686862343,   8.586032524e-06,                 0,                 0,                 0,   1.450902035e-06,    0.008686862343,   8.586032524e-06,                 0,    0.000988392838,    0.003126620633
          0,           0,        1330,      -10.85851188,      -10.23885257,      -11.35115652,      -10.74122339,      -13.57131392,     0.01574983121,    0.008686881028,   8.542278939e-06,                 0,                 0,                 0,   1.443329975e-06,    0.008686881028,   8.542278939e-06,                 0,   0.0009833539692,    0.003126620633
          0,           0,        1331,       -10.8594107,          -10.2417,      -11.35412348,      -10.74382344,      -13.57467935,     0.01574983121,    0.008686899598,   8.498857724e-06,                 0,                 0,                 0,   1.435818828e-06,    0.008686899598,   8.498857724e-06,                 0,   0.0009783533961,    0.003126620633
          0,           0,        1332,      -10.86030998,      -10.24454568,      -11.35708624,      -10.74642082,      -13.57804181,     0.01574983121,    0.008686918053,   8.455765324e-06,                 0,                 0,                 0,     1.4283679e-06,    0.008686918053,   8.455765324e-06,                 0,   0.0009733907091,    0.003126620633
          0,           0,        1333,      -10.86120971,      -10.24738961,      -11.36004942,      -10.74901618,      -13.58140128,     0.01574983121,    0.008686936395,   8.412998227e-06,                 0,                 0,                 0,   1.420976518e-06,    0.008686936395,   8.412998227e-06,                 0,   0.0009684655032,    0.003126620633
          0,           0,        1334,      -10.86210975,      -10.25023177,      -11.36300865,       -10.7516093,      -13.58475773,     0.01574983121,    0.008686954624,   8.370552962e-06,                 0,                 0,                 0,   1.413644014e-06,    0.008686954624,   8.370552962e-06,                 0,   0.0009635773784,    0.003126620633
          0,           0,        1335,      -10.86301022,      -10.25307219,      -11.36596557,      -10.75420024,      -13.58811116,     0.01574983121,     0.00868697274,   8.328426092e-06,                 0,                 0,                 0,   1.406369723e-06,     0.00868697274,   8.328426092e-06,                 0,   0.0009587259384,    0.003126620633
          0,           0,        1336,      -10.86391077,      -10.25591089,      -11.36892153,      -10.75678924,      -13.59146153,     0.01574983121,    0.008686990744,   8.286614214e-06,                 0,                 0,                 0,   1.399152992e-06,    0.008686990744,   8.286614214e-06,                 0,   0.0009539107912,    0.003126620633
          0,           0,        1337,       -10.8648119,      -10.25874788,      -11.37187326,      -10.75937604,      -13.59480883,     0.01574983121,    0.008687008638,   8.245113995e-06,                 0,                 0,                 0,   1.391993177e-06,    0.008687008638,   8.245113995e-06,                 0,   0.0009491315526,    0.003126620633
          0,           0,        1338,      -10.86571337,      -10.26158313,      -11.37482375,      -10.76196098,      -13.59815303,     0.01574983121,    0.008687026421,   8.203922108e-06,                 0,                 0,                 0,   1.384889643e-06,    0.008687026421,   8.203922108e-06,                 0,    0.000944387839,    0.003126620633
          0,           0,        1339,      -10.86661538,      -10.26441669,      -11.37777227,      -10.76454355,       -13.6014941,     0.01574983121,    0.008687044094,   8.163035247e-06,                 0,                 0,                 0,   1.377841742e-06,    0.008687044094,   8.163035247e-06,                 0,   0.0009396792693,    0.003126620633
          0,           0,        1340,      -10.86751764,      -10.26724852,      -11.38071686,      -10.76712351,      -13.60483204,     0.01574983121,    0.008687061658,   8.122450183e-06,                 0,                 0,                 0,   1.370848865e-06,    0.008687061658,   8.122450183e-06,                 0,   0.0009350054717,    0.003126620633
          0,           0,        1341,      -10.86842032,      -10.27007866,       -11.3836611,      -10.76970255,      -13.60816682,     0.01574983121,    0.008687079114,   8.082163705e-06,                 0,                 0,                 0,   1.363910386e-06,    0.008687079114,   8.082163705e-06,                 0,   0.0009303660758,    0.003126620633
          0,           0,        1342,       -10.8693234,      -10.27290715,      -11.38660189,      -10.77227826,      -13.61149841,     0.01574983121,    0.008687096462,   8.042172646e-06,                 0,                 0,                 0,   1.357025699e-06,    0.008687096462,   8.042172646e-06,                 0,   0.0009257607167,    0.003126620633
          0,           0,        1343,      -10.87022705,      -10.27573395,        -11.389541,      -10.77485228,      -13.61482681,     0.01574983121,    0.008687113703,   8.002473874e-06,                 0,                 0,                 0,   1.350194206e-06,    0.008687113703,   8.002473874e-06,                 0,   0.0009211890333,    0.003126620633
          0,           0,        1344,      -10.87113074,       -10.2785591,      -11.39247674,      -10.77742432,      -13.61815197,     0.01574983121,    0.008687130838,   7.963064276e-06,                 0,                 0,                 0,   1.343415303e-06,    0.008687130838,   7.963064276e-06,                 0,   0.0009166506669,    0.003126620633
          0,           0,        1345,      -10.87203508,      -10.28138259,      -11.39541154,       -10.7799943,      -13.62147389,     0.01574983121,    0.008687147867,   7.923940805e-06,                 0,                 0,                 0,   1.336688413e-06,    0.008687147867,   7.923940805e-06,                 0,   0.0009121452664,    0.003126620633
          0,           0,        1346,      -10.87293979,       -10.2842044,      -11.39834228,      -10.78256202,      -13.62479253,     0.01574983121,     0.00868716479,   7.885100407e-06,                 0,                 0,                 0,    1.33001294e-06,     0.00868716479,   7.885100407e-06,                 0,   0.0009076724797,    0.003126620633
          0,           0,        1347,      -10.87384496,      -10.28702462,      -11.40127127,      -10.78512869,      -13.62810787,     0.01574983121,    0.008687181609,   7.846540081e-06,                 0,                 0,                 0,   1.323388308e-06,    0.008687181609,   7.846540081e-06,                 0,   0.0009032319611,    0.003126620633
          0,           0,        1348,      -10.87475067,      -10.28984319,      -11.40419811,      -10.78769231,      -13.63141989,     0.01574983121,    0.008687198325,   7.808256886e-06,                 0,                 0,                 0,   1.316813962e-06,    0.008687198325,   7.808256886e-06,                 0,   0.0008988233714,    0.003126620633
          0,           0,        1349,       -10.8756566,      -10.29266016,       -11.4071222,      -10.79025407,      -13.63472858,     0.01574983121,    0.008687214936,   7.770247913e-06,                 0,                 0,                 0,   1.310289342e-06,    0.008687214936,   7.770247913e-06,                 0,   0.0008944463755,    0.003126620633
          0,           0,        1350,      -10.87656324,      -10.29547549,      -11.41004555,      -10.79281338,      -13.63803391,     0.01574983121,    0.008687231446,   7.732510239e-06,                 0,                 0,                 0,   1.303813881e-06,    0.008687231446,   7.732510239e-06,                 0,   0.0008901006365,    0.003126620633
          0,           0,        1351,      -10.87747007,      -10.29828925,      -11.41296572,      -10.79537099,      -13.64133587,     0.01574983121,    0.008687247853,   7.695041005e-06,                 0,                 0,                 0,   1.297387035e-06,    0.008687247853,   7.695041005e-06,                 0,   0.0008857858248,    0.003126620633
          0,           0,        1352,      -10.87837742,      -10.30110143,      -11.41588372,      -10.79792694,      -13.64463443,     0.01574983121,    0.008687264159,    7.65783739e-06,                 0,                 0,                 0,   1.291008263e-06,    0.008687264159,    7.65783739e-06,                 0,   0.0008815016154,    0.003126620633
          0,           0,        1353,      -10.87928532,      -10.30391202,      -11.41879698,      -10.80048047,      -13.64792959,     0.01574983121,    0.008687280364,   7.620896596e-06,                 0,                 0,                 0,   1.284677032e-06,    0.008687280364,   7.620896596e-06,                 0,   0.0008772476859,    0.003126620633
          0,           0,        1354,      -10.88019359,      -10.30672102,      -11.42171146,      -10.80303229,      -13.65122134,     0.01574983121,    0.008687296469,   7.584215853e-06,                 0,                 0,                 0,   1.278392804e-06,    0.008687296469,   7.584215853e-06,                 0,   0.0008730237169,    0.003126620633
          0,           0,        1355,      -10.88110217,      -10.30952853,       -11.4246213,       -10.8055829,      -13.65450965,     0.01574983121,    0.008687312474,   7.547792443e-06,                 0,                 0,                 0,   1.272155063e-06,    0.008687312474,   7.547792443e-06,                 0,   0.0008688293952,    0.003126620633
          0,           0,        1356,      -10.88201148,      -10.31233446,      -11.42752894,      -10.80813006,      -13.65779452,     0.01574983121,    0.008687328381,    7.51162366e-06,                 0,                 0,                 0,   1.265963297e-06,    0.008687328381,    7.51162366e-06,                 0,    0.000864664409,    0.003126620633
          0,           0,        1357,      -10.88292108,      -10.31513884,      -11.43043637,      -10.81067587,      -13.66107593,     0.01574983121,    0.008687344189,    7.47570683e-06,                 0,                 0,                 0,   1.259816982e-06,    0.008687344189,    7.47570683e-06,                 0,   0.0008605284501,    0.003126620633
          0,           0,        1358,      -10.88383133,      -10.31794171,      -11.43333896,      -10.81321991,      -13.66435389,     0.01574983121,    0.008687359899,   7.440039338e-06,                 0,                 0,                 0,   1.253715625e-06,    0.008687359899,   7.440039338e-06,                 0,   0.0008564212171,    0.003126620633
          0,           0,        1359,      -10.88474189,       -10.3207431,      -11.43624038,      -10.81576176,      -13.66762839,     0.01574983121,    0.008687375512,   7.404618555e-06,                 0,                 0,                 0,   1.247658726e-06,    0.008687375512,   7.404618555e-06,                 0,    0.000852342407,    0.003126620633
          0,           0,        1360,      -10.88565291,      -10.32354295,      -11.43913883,      -10.81830189,      -13.67089941,     0.01574983121,    0.008687391029,     7.3694419e-06,                 0,                 0,                 0,   1.241645785e-06,    0.008687391029,     7.3694419e-06,                 0,   0.0008482917225,    0.003126620633
          0,           0,        1361,       -10.8865647,      -10.32634131,      -11.44203602,      -10.82083957,      -13.67416695,     0.01574983121,    0.008687406449,   7.334506841e-06,                 0,                 0,                 0,   1.235676327e-06,    0.008687406449,   7.334506841e-06,                 0,   0.0008442688717,    0.003126620633
          0,           0,        1362,      -10.88747664,      -10.32913821,      -11.44492906,      -10.82337614,      -13.67743099,     0.01574983121,    0.008687421774,   7.299810849e-06,                 0,                 0,                 0,   1.229749857e-06,    0.008687421774,   7.299810849e-06,                 0,   0.0008402735632,    0.003126620633
          0,           0,        1363,      -10.88838918,      -10.33193362,      -11.44782218,      -10.82591051,      -13.68069154,     0.01574983121,    0.008687437004,   7.265351462e-06,                 0,                 0,                 0,   1.223865919e-06,    0.008687437004,   7.265351462e-06,                 0,   0.0008363055132,    0.003126620633
          0,           0,        1364,      -10.88930222,      -10.33472756,      -11.45071163,      -10.82844248,      -13.68394859,     0.01574983121,     0.00868745214,   7.231126168e-06,                 0,                 0,                 0,   1.218024017e-06,     0.00868745214,   7.231126168e-06,                 0,   0.0008323644322,    0.003126620633
          0,           0,        1365,      -10.89021586,      -10.33752011,      -11.45359787,      -10.83097296,      -13.68720212,     0.01574983121,    0.008687467182,   7.197132604e-06,                 0,                 0,                 0,   1.212223716e-06,    0.008687467182,   7.197132604e-06,                 0,    0.000828450048,    0.003126620633
          0,           0,        1366,      -10.89112984,       -10.3403112,      -11.45648396,      -10.83350192,      -13.69045215,     0.01574983121,    0.008687482131,   7.163368334e-06,                 0,                 0,                 0,   1.206464543e-06,    0.008687482131,   7.163368334e-06,                 0,   0.0008245620798,    0.003126620633
          0,           0,        1367,      -10.89204431,      -10.34310086,      -11.45936644,      -10.83602822,      -13.69369866,     0.01574983121,    0.008687496988,   7.129830984e-06,                 0,                 0,                 0,   1.200746045e-06,    0.008687496988,   7.129830984e-06,                 0,   0.0008207002539,    0.003126620633
          0,           0,        1368,      -10.89295927,      -10.34588912,      -11.46224539,      -10.83855301,      -13.69694165,     0.01574983121,    0.008687511752,   7.096518219e-06,                 0,                 0,                 0,   1.195067782e-06,    0.008687511752,   7.096518219e-06,                 0,   0.0008168643015,    0.003126620633
          0,           0,        1369,      -10.89387498,      -10.34867597,      -11.46512219,      -10.84107612,      -13.70018112,     0.01574983121,    0.008687526425,   7.063427719e-06,                 0,                 0,                 0,   1.189429311e-06,    0.008687526425,   7.063427719e-06,                 0,   0.0008130539549,    0.003126620633
          0,           0,        1370,      -10.89479088,      -10.35146143,      -11.46799893,      -10.84359736,      -13.70341706,     0.01574983121,    0.008687541007,   7.030557177e-06,                 0,                 0,                 0,    1.18383019e-06,    0.008687541007,   7.030557177e-06,                 0,   0.0008092689486,    0.003126620633
          0,           0,        1371,      -10.89570745,      -10.35424553,      -11.47087333,      -10.84611676,      -13.70664949,     0.01574983121,    0.008687555499,   6.997904354e-06,                 0,                 0,                 0,   1.178269997e-06,    0.008687555499,   6.997904354e-06,                 0,   0.0008055090244,    0.003126620633
          0,           0,        1372,      -10.89662447,      -10.35702828,      -11.47374359,      -10.84863442,      -13.70987839,     0.01574983121,    0.008687569901,    6.96546701e-06,                 0,                 0,                 0,   1.172748305e-06,    0.008687569901,    6.96546701e-06,                 0,   0.0008017739241,    0.003126620633
          0,           0,        1373,      -10.89754217,      -10.35980966,      -11.47661015,      -10.85114972,      -13.71310377,     0.01574983121,    0.008687584213,    6.93324294e-06,                 0,                 0,                 0,   1.167264691e-06,    0.008687584213,    6.93324294e-06,                 0,   0.0007980633937,    0.003126620633
          0,           0,        1374,      -10.89846016,      -10.36258971,      -11.47947757,      -10.85366337,      -13.71632563,     0.01574983121,    0.008687598437,   6.901229947e-06,                 0,                 0,                 0,   1.161818747e-06,    0.008687598437,   6.901229947e-06,                 0,   0.0007943771799,    0.003126620633
          0,           0,        1375,      -10.89937893,      -10.36536839,      -11.48234016,      -10.85617533,      -13.71954399,     0.01574983121,    0.008687612573,   6.869425868e-06,                 0,                 0,                 0,   1.156410048e-06,    0.008687612573,   6.869425868e-06,                 0,   0.0007907150336,    0.003126620633
          0,           0,        1376,       -10.9002978,      -10.36814581,      -11.48520152,      -10.85868609,      -13.72275885,     0.01574983121,    0.008687626621,   6.837828608e-06,                 0,                 0,                 0,   1.151038211e-06,    0.008687626621,   6.837828608e-06,                 0,   0.0007870767134,    0.003126620633
          0,           0,        1377,      -10.90121752,      -10.37092192,       -11.4880604,       -10.8611942,      -13.72597022,     0.01574983121,    0.008687640582,   6.806436033e-06,                 0,                 0,                 0,   1.145702822e-06,    0.008687640582,   6.806436033e-06,                 0,   0.0007834619733,    0.003126620633
          0,           0,        1378,      -10.90213749,      -10.37369673,      -11.49091688,      -10.86370124,      -13.72917811,     0.01574983121,    0.008687654456,   6.775246082e-06,                 0,                 0,                 0,   1.140403499e-06,    0.008687654456,   6.775246082e-06,                 0,   0.0007798705757,    0.003126620633
          0,           0,        1379,      -10.90305834,      -10.37647024,      -11.49377225,      -10.86620604,      -13.73238252,     0.01574983121,    0.008687668244,   6.744256673e-06,                 0,                 0,                 0,   1.135139835e-06,    0.008687668244,   6.744256673e-06,                 0,   0.0007763022808,    0.003126620633
          0,           0,        1380,      -10.90397949,      -10.37924251,      -11.49662361,      -10.86870917,      -13.73558347,     0.01574983121,    0.008687681947,   6.713465785e-06,                 0,                 0,                 0,   1.129911455e-06,    0.008687681947,   6.713465785e-06,                 0,   0.0007727568558,    0.003126620633
          0,           0,        1381,      -10.90490117,      -10.38201354,      -11.49947105,      -10.87121062,      -13.73878096,     0.01574983121,    0.008687695565,   6.682871404e-06,                 0,                 0,                 0,   1.124717978e-06,    0.008687695565,   6.682871404e-06,                 0,   0.0007692340683,    0.003126620633
          0,           0,        1382,      -10.90582342,      -10.38478332,      -11.50231954,      -10.87371004,      -13.74197501,     0.01574983121,    0.008687709098,   6.652471574e-06,                 0,                 0,                 0,   1.119559036e-06,    0.008687709098,   6.652471574e-06,                 0,   0.0007657336933,    0.003126620633
          0,           0,        1383,      -10.90674615,      -10.38755188,       -11.5051625,      -10.87620847,      -13.74516563,     0.01574983121,    0.008687722547,   6.622264326e-06,                 0,                 0,                 0,   1.114434247e-06,    0.008687722547,   6.622264326e-06,                 0,   0.0007622555037,    0.003126620633
          0,           0,        1384,      -10.90766967,       -10.3903192,      -11.50800517,      -10.87870413,      -13.74835282,     0.01574983121,    0.008687735913,   6.592247723e-06,                 0,                 0,                 0,   1.109343252e-06,    0.008687735913,   6.592247723e-06,                 0,   0.0007587992762,    0.003126620633
          0,           0,        1385,      -10.90859368,      -10.39308532,      -11.51084425,      -10.88119843,       -13.7515366,     0.01574983121,    0.008687749195,   6.562419836e-06,                 0,                 0,                 0,   1.104285687e-06,    0.008687749195,   6.562419836e-06,                 0,   0.0007553647888,    0.003126620633
          0,           0,        1386,      -10.90951784,      -10.39585025,      -11.51368338,      -10.88369178,      -13.75471698,     0.01574983121,    0.008687762396,   6.532778782e-06,                 0,                 0,                 0,     1.0992612e-06,    0.008687762396,   6.532778782e-06,                 0,   0.0007519518243,    0.003126620633
          0,           0,        1387,      -10.91044268,      -10.39861404,      -11.51651734,       -10.8861833,      -13.75789395,     0.01574983121,    0.008687775514,   6.503322702e-06,                 0,                 0,                 0,   1.094269426e-06,    0.008687775514,   6.503322702e-06,                 0,   0.0007485601685,    0.003126620633
          0,           0,        1388,      -10.91136821,      -10.40137662,      -11.51934895,      -10.88867185,      -13.76106753,     0.01574983121,    0.008687788551,   6.474049758e-06,                 0,                 0,                 0,   1.089310031e-06,    0.008687788551,   6.474049758e-06,                 0,   0.0007451896096,    0.003126620633
          0,           0,        1389,      -10.91229426,      -10.40413805,      -11.52218117,      -10.89115942,      -13.76423771,     0.01574983121,    0.008687801506,   6.444958118e-06,                 0,                 0,                 0,   1.084382665e-06,    0.008687801506,   6.444958118e-06,                 0,   0.0007418399365,    0.003126620633
          0,           0,        1390,      -10.91322079,      -10.40689837,       -11.5250098,      -10.89364512,      -13.76740451,     0.01574983121,    0.008687814382,   6.416045972e-06,                 0,                 0,                 0,   1.079486988e-06,    0.008687814382,   6.416045972e-06,                 0,   0.0007385109408,    0.003126620633
          0,           0,        1391,      -10.91414781,      -10.40965758,      -11.52783185,      -10.89613018,      -13.77056793,     0.01574983121,    0.008687827177,   6.387311574e-06,                 0,                 0,                 0,   1.074622669e-06,    0.008687827177,   6.387311574e-06,                 0,    0.000735202421,    0.003126620633
          0,           0,        1392,      -10.91507549,      -10.41241563,      -11.53065651,      -10.89861245,      -13.77372796,     0.01574983121,    0.008687839893,   6.358753153e-06,                 0,                 0,                 0,   1.069789375e-06,    0.008687839893,   6.358753153e-06,                 0,   0.0007319141733,    0.003126620633
          0,           0,        1393,      -10.91600377,      -10.41517257,      -11.53347661,      -10.90109287,      -13.77688461,     0.01574983121,    0.008687852529,    6.33036897e-06,                 0,                 0,                 0,   1.064986785e-06,    0.008687852529,    6.33036897e-06,                 0,   0.0007286459973,    0.003126620633
          0,           0,        1394,      -10.91693232,      -10.41792848,       -11.5362944,      -10.90357219,       -13.7800379,     0.01574983121,    0.008687865087,   6.302157295e-06,                 0,                 0,                 0,   1.060214566e-06,    0.008687865087,   6.302157295e-06,                 0,   0.0007253976934,    0.003126620633
          0,           0,        1395,      -10.91786155,      -10.42068331,      -11.53910897,      -10.90604972,      -13.78318781,     0.01574983121,    0.008687877568,   6.274116435e-06,                 0,                 0,                 0,   1.055472395e-06,    0.008687877568,   6.274116435e-06,                 0,   0.0007221690668,    0.003126620633
          0,           0,        1396,      -10.91879152,      -10.42343703,      -11.54192322,      -10.90852573,      -13.78633434,     0.01574983121,     0.00868788997,   6.246244738e-06,                 0,                 0,                 0,   1.050759969e-06,     0.00868788997,   6.246244738e-06,                 0,    0.000718959927,    0.003126620633
          0,           0,        1397,       -10.9197219,      -10.42618971,      -11.54473478,      -10.91100025,       -13.7894775,     0.01574983121,    0.008687902295,   6.218540569e-06,                 0,                 0,                 0,    1.04607699e-06,    0.008687902295,   6.218540569e-06,                 0,   0.0007157700855,    0.003126620633
          0,           0,        1398,      -10.92065269,      -10.42894141,      -11.54754156,       -10.9134733,      -13.79261728,     0.01574983121,    0.008687914544,   6.191002271e-06,                 0,                 0,                 0,   1.041423136e-06,    0.008687914544,   6.191002271e-06,                 0,   0.0007125993516,    0.003126620633
          0,           0,        1399,      -10.92158397,      -10.43169204,      -11.55035004,      -10.91594468,      -13.79575369,     0.01574983121,    0.008687926716,   6.163628224e-06,                 0,                 0,                 0,   1.036798103e-06,    0.008687926716,   6.163628224e-06,                 0,   0.0007094475386,    0.003126620633
          0,           0,        1400,      -10.92251604,      -10.43444172,      -11.55314993,      -10.91841479,      -13.79888673,     0.01574983121,    0.008687938813,   6.136416845e-06,                 0,                 0,                 0,   1.032201594e-06,    0.008687938813,   6.136416845e-06,                 0,   0.0007063144639,    0.003126620633
          0,           0,        1401,      -10.92344845,      -10.43719033,      -11.55595213,      -10.92088321,      -13.80201639,     0.01574983121,    0.008687950835,   6.109366555e-06,                 0,                 0,                 0,   1.027633314e-06,    0.008687950835,   6.109366555e-06,                 0,   0.0007031999457,    0.003126620633
          0,           0,        1402,      -10.92438169,      -10.43993796,      -11.55875095,      -10.92334756,      -13.80514269,     0.01574983121,    0.008687962781,   6.082475806e-06,                 0,                 0,                 0,   1.023092978e-06,    0.008687962781,   6.082475806e-06,                 0,   0.0007001038057,    0.003126620633
          0,           0,        1403,      -10.92531534,      -10.44268465,       -11.5615439,      -10.92581225,      -13.80826563,     0.01574983121,    0.008687974654,   6.055743055e-06,                 0,                 0,                 0,   1.018580291e-06,    0.008687974654,   6.055743055e-06,                 0,   0.0006970258658,    0.003126620633
          0,           0,        1404,      -10.92624942,      -10.44543038,      -11.56433972,      -10.92827631,       -13.8113852,     0.01574983121,    0.008687986452,   6.029166799e-06,                 0,                 0,                 0,   1.014094972e-06,    0.008687986452,   6.029166799e-06,                 0,   0.0006939659531,    0.003126620633
          0,           0,        1405,      -10.92718425,      -10.44817516,      -11.56712894,      -10.93073754,       -13.8145014,     0.01574983121,    0.008687998177,   6.002745537e-06,                 0,                 0,                 0,   1.009636751e-06,    0.008687998177,   6.002745537e-06,                 0,   0.0006909238947,    0.003126620633
          0,           0,        1406,      -10.92811946,      -10.45091903,      -11.56991724,      -10.93319777,      -13.81761425,     0.01574983121,    0.008688009829,   5.976477792e-06,                 0,                 0,                 0,   1.005205344e-06,    0.008688009829,   5.976477792e-06,                 0,   0.0006878995201,    0.003126620633
          0,           0,        1407,      -10.92905531,      -10.45366197,      -11.57270376,      -10.93565687,      -13.82072373,     0.01574983121,    0.008688021408,   5.950362099e-06,                 0,                 0,                 0,   1.000800468e-06,    0.008688021408,   5.950362099e-06,                 0,   0.0006848926607,    0.003126620633
          0,           0,        1408,       -10.9299915,      -10.45640403,       -11.5754846,      -10.93811361,      -13.82382985,     0.01574983121,    0.008688032915,   5.924396987e-06,                 0,                 0,                 0,   9.964218591e-07,    0.008688032915,   5.924396987e-06,                 0,   0.0006819031471,    0.003126620633
          0,           0,        1409,       -10.9309285,      -10.45914516,      -11.57826763,      -10.94056879,       -13.8269326,     0.01574983121,    0.008688044351,   5.898581041e-06,                 0,                 0,                 0,    9.92069254e-07,    0.008688044351,   5.898581041e-06,                 0,   0.0006789308161,    0.003126620633
          0,           0,        1410,      -10.93186604,       -10.4618854,      -11.58104504,      -10.94302301,      -13.83003199,     0.01574983121,    0.008688055715,    5.87291288e-06,                 0,                 0,                 0,   9.877423922e-07,    0.008688055715,    5.87291288e-06,                 0,   0.0006759755086,    0.003126620633
          0,           0,        1411,      -10.93280403,      -10.46462483,      -11.58382031,      -10.94547576,        -13.833128,     0.01574983121,    0.008688067008,   5.847391111e-06,                 0,                 0,                 0,   9.834410185e-07,    0.008688067008,   5.847391111e-06,                 0,    0.000673037064,    0.003126620633
          0,           0,        1412,      -10.93374269,      -10.46736336,      -11.58659364,      -10.94792677,      -13.83622064,     0.01574983121,    0.008688078231,   5.822014334e-06,                 0,                 0,                 0,   9.791648648e-07,    0.008688078231,   5.822014334e-06,                 0,   0.0006701153211,    0.003126620633
          0,           0,        1413,      -10.93468174,      -10.47010111,      -11.58936361,      -10.95037575,       -13.8393099,     0.01574983121,    0.008688089384,   5.796781191e-06,                 0,                 0,                 0,    9.74913684e-07,    0.008688089384,   5.796781191e-06,                 0,   0.0006672101235,    0.003126620633
          0,           0,        1414,      -10.93562146,      -10.47283798,      -11.59213139,      -10.95282379,      -13.84239577,     0.01574983121,    0.008688100468,   5.771690346e-06,                 0,                 0,                 0,   9.706872205e-07,    0.008688100468,   5.771690346e-06,                 0,   0.0006643213171,    0.003126620633
          0,           0,        1415,      -10.93656187,      -10.47557405,      -11.59489618,      -10.95526887,      -13.84547825,     0.01574983121,    0.008688111482,   5.746740473e-06,                 0,                 0,                 0,   9.664852364e-07,    0.008688111482,   5.746740473e-06,                 0,   0.0006614487492,    0.003126620633
          0,           0,        1416,      -10.93750263,      -10.47830931,      -11.59765991,      -10.95771423,      -13.84855731,     0.01574983121,    0.008688122428,   5.721930269e-06,                 0,                 0,                 0,   9.623074872e-07,    0.008688122428,   5.721930269e-06,                 0,   0.0006585922696,    0.003126620633
          0,           0,        1417,      -10.93844393,       -10.4810438,      -11.60041902,      -10.96015775,      -13.85163297,     0.01574983121,    0.008688133306,   5.697258462e-06,                 0,                 0,                 0,   9.581537352e-07,    0.008688133306,   5.697258462e-06,                 0,   0.0006557517318,    0.003126620633
          0,           0,        1418,      -10.93938573,       -10.4837775,      -11.60317727,      -10.96259949,      -13.85470519,     0.01574983121,    0.008688144115,   5.672723714e-06,                 0,                 0,                 0,   9.540237281e-07,    0.008688144115,   5.672723714e-06,                 0,   0.0006529269817,    0.003126620633
          0,           0,        1419,      -10.94032826,      -10.48651046,      -11.60592965,      -10.96504029,      -13.85777398,     0.01574983121,    0.008688154857,   5.648324803e-06,                 0,                 0,                 0,   9.499172507e-07,    0.008688154857,   5.648324803e-06,                 0,   0.0006501178783,    0.003126620633
          0,           0,        1420,      -10.94127121,       -10.4892427,      -11.60868183,      -10.96747832,      -13.86083934,     0.01574983121,    0.008688165532,   5.624060471e-06,                 0,                 0,                 0,   9.458340563e-07,    0.008688165532,   5.624060471e-06,                 0,    0.000647324277,    0.003126620633
          0,           0,        1421,      -10.94221489,      -10.49197414,      -11.61143331,      -10.96991602,      -13.86390124,     0.01574983121,    0.008688176141,    5.59992951e-06,                 0,                 0,                 0,   9.417739311e-07,    0.008688176141,    5.59992951e-06,                 0,   0.0006445460381,    0.003126620633
          0,           0,        1422,      -10.94315912,       -10.4947049,      -11.61417991,      -10.97235224,      -13.86695967,     0.01574983121,    0.008688186683,   5.575930688e-06,                 0,                 0,                 0,   9.377366442e-07,    0.008688186683,   5.575930688e-06,                 0,     0.00064178302,    0.003126620633
          0,           0,        1423,      -10.94410372,      -10.49743493,       -11.6169223,       -10.9747864,      -13.87001463,     0.01574983121,     0.00868819716,   5.552062785e-06,                 0,                 0,                 0,   9.337219695e-07,     0.00868819716,   5.552062785e-06,                 0,    0.000639035082,    0.003126620633
          0,           0,        1424,      -10.94504873,      -10.50016433,      -11.61966575,      -10.97722015,       -13.8730661,     0.01574983121,    0.008688207571,   5.528324627e-06,                 0,                 0,                 0,   9.297296941e-07,    0.008688207571,   5.528324627e-06,                 0,    0.000636302089,    0.003126620633
          0,           0,        1425,      -10.94599472,      -10.50289294,      -11.62240342,      -10.97965071,      -13.87611408,     0.01574983121,    0.008688217917,    5.50471504e-06,                 0,                 0,                 0,   9.257595904e-07,    0.008688217917,    5.50471504e-06,                 0,   0.0006335839055,    0.003126620633
          0,           0,        1426,      -10.94694092,      -10.50562096,       -11.6251377,      -10.98208173,      -13.87915855,     0.01574983121,    0.008688228198,   5.481232876e-06,                 0,                 0,                 0,   9.218114567e-07,    0.008688228198,   5.481232876e-06,                 0,   0.0006308803994,    0.003126620633
          0,           0,        1427,      -10.94788782,      -10.50834832,      -11.62787141,      -10.98451034,      -13.88219953,     0.01574983121,    0.008688238416,   5.457876992e-06,                 0,                 0,                 0,   9.178850818e-07,    0.008688238416,   5.457876992e-06,                 0,   0.0006281914389,    0.003126620633
          0,           0,        1428,      -10.94883545,      -10.51107496,       -11.6306019,       -10.9869365,        -13.885237,     0.01574983121,    0.008688248569,   5.434646246e-06,                 0,                 0,                 0,   9.139802454e-07,    0.008688248569,   5.434646246e-06,                 0,   0.0006255168925,    0.003126620633
          0,           0,        1429,      -10.94978318,      -10.51380104,      -11.63332991,      -10.98936374,      -13.88827097,     0.01574983121,    0.008688258659,   5.411539531e-06,                 0,                 0,                 0,   9.100967554e-07,    0.008688258659,   5.411539531e-06,                 0,   0.0006228566325,    0.003126620633
          0,           0,        1430,      -10.95073196,      -10.51652651,      -11.63605329,       -10.9917871,      -13.89130143,     0.01574983121,    0.008688268686,   5.388555749e-06,                 0,                 0,                 0,   9.062344053e-07,    0.008688268686,   5.388555749e-06,                 0,   0.0006202105326,    0.003126620633
          0,           0,        1431,      -10.95168087,      -10.51925134,       -11.6387768,      -10.99421151,      -13.89432839,     0.01574983121,     0.00868827865,   5.365693786e-06,                 0,                 0,                 0,    9.02392987e-07,     0.00868827865,   5.365693786e-06,                 0,   0.0006175784643,    0.003126620633
          0,           0,        1432,      -10.95263072,      -10.52197554,       -11.6414972,      -10.99663209,      -13.89735186,     0.01574983121,    0.008688288552,    5.34295258e-06,                 0,                 0,                 0,   8.985723039e-07,    0.008688288552,    5.34295258e-06,                 0,   0.0006149603053,    0.003126620633
          0,           0,        1433,      -10.95358081,      -10.52469923,      -11.64421107,        -10.999052,      -13.90037185,     0.01574983121,    0.008688298392,   5.320331077e-06,                 0,                 0,                 0,    8.94772172e-07,    0.008688298392,   5.320331077e-06,                 0,    0.000612355934,    0.003126620633
          0,           0,        1434,      -10.95453165,      -10.52742227,      -11.64692694,      -11.00147059,      -13.90338835,     0.01574983121,    0.008688308171,   5.297828197e-06,                 0,                 0,                 0,   8.909923884e-07,    0.008688308171,   5.297828197e-06,                 0,   0.0006097652262,    0.003126620633
          0,           0,        1435,       -10.9554831,      -10.53014483,      -11.64963625,      -11.00388826,       -13.9064014,     0.01574983121,    0.008688317888,   5.275442938e-06,                 0,                 0,                 0,   8.872327663e-07,    0.008688317888,   5.275442938e-06,                 0,   0.0006071880663,    0.003126620633
          0,           0,        1436,      -10.95643499,      -10.53286681,       -11.6523448,      -11.00630411,      -13.90941098,     0.01574983121,    0.008688327545,    5.25317428e-06,                 0,                 0,                 0,   8.834931207e-07,    0.008688327545,    5.25317428e-06,                 0,   0.0006046243369,    0.003126620633
          0,           0,        1437,       -10.9573872,      -10.53558828,      -11.65504918,      -11.00871889,      -13.91241713,     0.01574983121,    0.008688337141,    5.23102119e-06,                 0,                 0,                 0,   8.797732656e-07,    0.008688337141,    5.23102119e-06,                 0,   0.0006020739188,    0.003126620633
          0,           0,        1438,      -10.95834006,      -10.53830921,      -11.65775274,      -11.01113236,      -13.91541986,     0.01574983121,    0.008688346677,   5.208982664e-06,                 0,                 0,                 0,   8.760730116e-07,    0.008688346677,   5.208982664e-06,                 0,   0.0005995366964,    0.003126620633
          0,           0,        1439,       -10.9592935,      -10.54102967,      -11.66045077,      -11.01354462,      -13.91841917,     0.01574983121,    0.008688356153,   5.187057709e-06,                 0,                 0,                 0,   8.723921806e-07,    0.008688356153,   5.187057709e-06,                 0,   0.0005970125554,    0.003126620633
          0,           0,        1440,      -10.96024772,      -10.54374961,      -11.66314664,      -11.01595485,       -13.9214151,     0.01574983121,     0.00868836557,   5.165245351e-06,                 0,                 0,                 0,   8.687305902e-07,     0.00868836557,   5.165245351e-06,                 0,   0.0005945013834,    0.003126620633
          0,           0,        1441,      -10.96120245,      -10.54646905,      -11.66584075,      -11.01836375,      -13.92440766,     0.01574983121,    0.008688374929,   5.143544653e-06,                 0,                 0,                 0,   8.650880732e-07,    0.008688374929,   5.143544653e-06,                 0,   0.0005920030726,    0.003126620633
          0,           0,        1442,      -10.96215748,      -10.54918804,      -11.66853123,       -11.0207717,      -13.92739686,     0.01574983121,    0.008688384228,   5.121954634e-06,                 0,                 0,                 0,   8.614644523e-07,    0.008688384228,   5.121954634e-06,                 0,   0.0005895175097,    0.003126620633
          0,           0,        1443,       -10.9631133,      -10.55190653,      -11.67121881,       -11.0231768,      -13.93038272,     0.01574983121,     0.00868839347,   5.100474377e-06,                 0,                 0,                 0,   8.578595606e-07,     0.00868839347,   5.100474377e-06,                 0,   0.0005870445894,    0.003126620633
          0,           0,        1444,      -10.96406966,      -10.55462462,      -11.67390315,      -11.02558209,      -13.93336527,     0.01574983121,    0.008688402653,    5.07910295e-06,                 0,                 0,                 0,   8.542732236e-07,    0.008688402653,    5.07910295e-06,                 0,   0.0005845842041,    0.003126620633
          0,           0,        1445,      -10.96502639,      -10.55734226,      -11.67658375,       -11.0279852,      -13.93634453,     0.01574983121,    0.008688411779,   5.057839401e-06,                 0,                 0,                 0,   8.507052701e-07,    0.008688411779,   5.057839401e-06,                 0,   0.0005821362442,    0.003126620633
          0,           0,        1446,      -10.96598386,      -10.56005946,      -11.67926321,      -11.03038758,      -13.93932052,     0.01574983121,    0.008688420848,   5.036682834e-06,                 0,                 0,                 0,   8.471555378e-07,    0.008688420848,   5.036682834e-06,                 0,   0.0005797006063,    0.003126620633
          0,           0,        1447,       -10.9669416,      -10.56277633,      -11.68193838,      -11.03278863,      -13.94229325,     0.01574983121,     0.00868842986,   5.015632383e-06,                 0,                 0,                 0,   8.436238706e-07,     0.00868842986,   5.015632383e-06,                 0,   0.0005772771909,    0.003126620633
          0,           0,        1448,       -10.9679003,      -10.56549271,      -11.68461136,      -11.03518817,      -13.94526276,     0.01574983121,    0.008688438816,    4.99468714e-06,                 0,                 0,                 0,   8.401100997e-07,    0.008688438816,    4.99468714e-06,                 0,   0.0005748658932,    0.003126620633
          0,           0,        1449,      -10.96885956,      -10.56820869,      -11.68728048,      -11.03758603,      -13.94822905,     0.01574983121,    0.008688447715,   4.973846224e-06,                 0,                 0,                 0,   8.366140651e-07,    0.008688447715,   4.973846224e-06,                 0,   0.0005724666116,    0.003126620633
          0,           0,        1450,      -10.96981905,      -10.57092435,      -11.68994537,      -11.03998322,      -13.95119216,     0.01574983121,    0.008688456559,   4.953108767e-06,                 0,                 0,                 0,   8.331356128e-07,    0.008688456559,   4.953108767e-06,                 0,   0.0005700792463,    0.003126620633
          0,           0,        1451,      -10.97077922,      -10.57363961,      -11.69260896,      -11.04237801,      -13.95415211,     0.01574983121,    0.008688465347,   4.932473947e-06,                 0,                 0,                 0,   8.296745953e-07,    0.008688465347,   4.932473947e-06,                 0,   0.0005677037026,    0.003126620633
          0,           0,        1452,       -10.9717398,      -10.57635455,       -11.6952716,      -11.04477181,      -13.95710892,     0.01574983121,     0.00868847408,   4.911940893e-06,                 0,                 0,                 0,   8.262308534e-07,     0.00868847408,   4.911940893e-06,                 0,   0.0005653398799,    0.003126620633
          0,           0,        1453,      -10.97270101,      -10.57906918,      -11.69792748,      -11.04716519,      -13.96006261,     0.01574983121,    0.008688482758,   4.891508774e-06,                 0,                 0,                 0,   8.228042313e-07,    0.008688482758,   4.891508774e-06,                 0,   0.0005629876826,    0.003126620633
          0,           0,        1454,      -10.97366252,      -10.58178343,      -11.70057989,      -11.04955692,      -13.96301321,     0.01574983121,    0.008688491382,   4.871176784e-06,                 0,                 0,                 0,   8.193945862e-07,    0.008688491382,   4.871176784e-06,                 0,   0.0005606470179,    0.003126620633
          0,           0,        1455,      -10.97462495,      -10.58449734,      -11.70323107,      -11.05194544,      -13.96596074,     0.01574983121,    0.008688499952,   4.850944098e-06,                 0,                 0,                 0,    8.16001773e-07,    0.008688499952,   4.850944098e-06,                 0,   0.0005583177907,    0.003126620633
          0,           0,        1456,      -10.97558807,      -10.58721095,      -11.70587903,      -11.05433475,      -13.96890523,     0.01574983121,    0.008688508468,   4.830809881e-06,                 0,                 0,                 0,   8.126256382e-07,    0.008688508468,   4.830809881e-06,                 0,   0.0005559999048,    0.003126620633
          0,           0,        1457,      -10.97655145,      -10.58992432,        -11.708522,      -11.05672191,      -13.97184669,     0.01574983121,    0.008688516931,   4.810773372e-06,                 0,                 0,                 0,   8.092660444e-07,    0.008688516931,   4.810773372e-06,                 0,   0.0005536932725,    0.003126620633
          0,           0,        1458,      -10.97751541,      -10.59263737,       -11.7111627,      -11.05910829,      -13.97478517,     0.01574983121,     0.00868852534,   4.790833796e-06,                 0,                 0,                 0,   8.059228528e-07,     0.00868852534,   4.790833796e-06,                 0,   0.0005513978043,    0.003126620633
          0,           0,        1459,      -10.97847972,      -10.59535017,      -11.71380091,       -11.0614937,      -13.97772067,     0.01574983121,    0.008688533697,   4.770990366e-06,                 0,                 0,                 0,   8.025959195e-07,    0.008688533697,   4.770990366e-06,                 0,   0.0005491134099,    0.003126620633
          0,           0,        1460,      -10.97944494,      -10.59806266,       -11.7164347,      -11.06387715,      -13.98065322,     0.01574983121,    0.008688542002,   4.751242299e-06,                 0,                 0,                 0,    7.99285109e-07,    0.008688542002,   4.751242299e-06,                 0,    0.000546839999,    0.003126620633
          0,           0,        1461,      -10.98041051,      -10.60077494,      -11.71906589,      -11.06625842,      -13.98358286,     0.01574983121,    0.008688550254,   4.731588833e-06,                 0,                 0,                 0,   7.959902765e-07,    0.008688550254,   4.731588833e-06,                 0,   0.0005445774836,    0.003126620633
          0,           0,        1462,      -10.98137658,      -10.60348693,      -11.72169281,      -11.06863907,       -13.9865096,     0.01574983121,    0.008688558454,    4.71202925e-06,                 0,                 0,                 0,   7.927112964e-07,    0.008688558454,    4.71202925e-06,                 0,   0.0005423257811,    0.003126620633
          0,           0,        1463,      -10.98234332,      -10.60619873,      -11.72431725,      -11.07101969,      -13.98943348,     0.01574983121,    0.008688566603,   4.692562783e-06,                 0,                 0,                 0,   7.894480338e-07,    0.008688566603,   4.692562783e-06,                 0,   0.0005400848031,    0.003126620633
          0,           0,        1464,      -10.98331047,      -10.60891031,      -11.72693916,      -11.07339766,      -13.99235451,     0.01574983121,    0.008688574701,   4.673188725e-06,                 0,                 0,                 0,   7.862003598e-07,    0.008688574701,   4.673188725e-06,                 0,   0.0005378544682,    0.003126620633
          0,           0,        1465,      -10.98427841,      -10.61162168,      -11.72955612,      -11.07577345,      -13.99527271,     0.01574983121,    0.008688582747,   4.653906339e-06,                 0,                 0,                 0,   7.829681424e-07,    0.008688582747,   4.653906339e-06,                 0,   0.0005356346914,    0.003126620633
          0,           0,        1466,      -10.98524675,      -10.61433279,      -11.73217165,      -11.07814852,      -13.99818813,     0.01574983121,    0.008688590744,   4.634714905e-06,                 0,                 0,                 0,   7.797512521e-07,    0.008688590744,   4.634714905e-06,                 0,   0.0005334253899,    0.003126620633
          0,           0,        1467,      -10.98621542,      -10.61704383,      -11.73478251,      -11.08052397,      -14.00110078,     0.01574983121,     0.00868859869,   4.615613707e-06,                 0,                 0,                 0,   7.765495571e-07,     0.00868859869,   4.615613707e-06,                 0,    0.000531226481,    0.003126620633
          0,           0,        1468,      -10.98718456,      -10.61975464,      -11.73738857,      -11.08289579,      -14.00401068,     0.01574983121,    0.008688606586,   4.596602095e-06,                 0,                 0,                 0,   7.733629498e-07,    0.008688606586,   4.596602095e-06,                 0,     0.00052903789,    0.003126620633
          0,           0,        1469,      -10.98815478,      -10.62246525,      -11.73999359,      -11.08526768,      -14.00691786,     0.01574983121,    0.008688614432,   4.577679354e-06,                 0,                 0,                 0,   7.701913036e-07,    0.008688614432,   4.577679354e-06,                 0,   0.0005268595344,    0.003126620633
          0,           0,        1470,      -10.98912523,      -10.62517575,      -11.74259234,      -11.08763826,      -14.00982235,     0.01574983121,    0.008688622229,   4.558844766e-06,                 0,                 0,                 0,   7.670344788e-07,    0.008688622229,   4.558844766e-06,                 0,   0.0005246913315,    0.003126620633
          0,           0,        1471,      -10.99009619,      -10.62788607,       -11.7451895,      -11.09000649,      -14.01272418,     0.01574983121,    0.008688629977,   4.540097713e-06,                 0,                 0,                 0,   7.638923706e-07,    0.008688629977,   4.540097713e-06,                 0,     0.00052253321,    0.003126620633
          0,           0,        1472,      -10.99106768,      -10.63059626,      -11.74778253,      -11.09237375,      -14.01562336,     0.01574983121,    0.008688637677,   4.521437525e-06,                 0,                 0,                 0,   7.607648623e-07,    0.008688637677,   4.521437525e-06,                 0,   0.0005203850929,    0.003126620633
          0,           0,        1473,      -10.99204009,      -10.63330631,      -11.75037349,      -11.09474021,      -14.01851993,     0.01574983121,    0.008688645328,   4.502863513e-06,                 0,                 0,                 0,   7.576518292e-07,    0.008688645328,   4.502863513e-06,                 0,   0.0005182469008,    0.003126620633
          0,           0,        1474,       -10.9930126,      -10.63601625,      -11.75295865,      -11.09710502,      -14.02141389,     0.01574983121,     0.00868865293,   4.484375021e-06,                 0,                 0,                 0,   7.545531519e-07,     0.00868865293,   4.484375021e-06,                 0,   0.0005161185579,    0.003126620633
          0,           0,        1475,      -10.99398573,      -10.63872609,      -11.75554126,      -11.09946815,      -14.02430529,     0.01574983121,    0.008688660485,   4.465971433e-06,                 0,                 0,                 0,   7.514687234e-07,    0.008688660485,   4.465971433e-06,                 0,   0.0005139999935,    0.003126620633
          0,           0,        1476,      -10.99495956,      -10.64143583,      -11.75811864,      -11.10183067,      -14.02719413,     0.01574983121,    0.008688667993,   4.447652125e-06,                 0,                 0,                 0,   7.483984351e-07,    0.008688667993,   4.447652125e-06,                 0,   0.0005118911355,    0.003126620633
          0,           0,        1477,      -10.99593365,      -10.64414549,      -11.76069465,      -11.10419237,      -14.03008044,     0.01574983121,    0.008688675453,   4.429416461e-06,                 0,                 0,                 0,   7.453421748e-07,    0.008688675453,   4.429416461e-06,                 0,   0.0005097919107,    0.003126620633
          0,           0,        1478,       -10.9969085,      -10.64685508,      -11.76326538,      -11.10655037,      -14.03296425,     0.01574983121,    0.008688682866,   4.411263804e-06,                 0,                 0,                 0,   7.422998263e-07,    0.008688682866,   4.411263804e-06,                 0,   0.0005077022457,    0.003126620633
          0,           0,        1479,       -10.9978839,      -10.64956455,      -11.76583429,      -11.10890987,      -14.03584558,     0.01574983121,    0.008688690233,   4.393193534e-06,                 0,                 0,                 0,   7.392712768e-07,    0.008688690233,   4.393193534e-06,                 0,   0.0005056220692,    0.003126620633
          0,           0,        1480,      -10.99885998,      -10.65227395,      -11.76839658,      -11.11126645,      -14.03872445,     0.01574983121,    0.008688697553,   4.375205065e-06,                 0,                 0,                 0,   7.362564312e-07,    0.008688697553,   4.375205065e-06,                 0,   0.0005035513135,    0.003126620633
          0,           0,        1481,      -10.99983605,      -10.65498344,      -11.77095958,      -11.11362213,      -14.04160089,     0.01574983121,    0.008688704827,   4.357297788e-06,                 0,                 0,                 0,   7.332551725e-07,    0.008688704827,   4.357297788e-06,                 0,   0.0005014899084,    0.003126620633
          0,           0,        1482,      -11.00081304,      -10.65769276,      -11.77351567,      -11.11597651,      -14.04447492,     0.01574983121,    0.008688712055,    4.33947114e-06,                 0,                 0,                 0,   7.302674121e-07,    0.008688712055,    4.33947114e-06,                 0,   0.0004994377892,    0.003126620633
          0,           0,        1483,      -11.00179055,      -10.66040207,      -11.77606831,      -11.11833002,      -14.04734656,     0.01574983121,    0.008688719238,   4.321724488e-06,                 0,                 0,                 0,   7.272930275e-07,    0.008688719238,   4.321724488e-06,                 0,   0.0004973948829,    0.003126620633
          0,           0,        1484,      -11.00276846,      -10.66311143,      -11.77861639,      -11.12068339,      -14.05021585,     0.01574983121,    0.008688726375,   4.304057274e-06,                 0,                 0,                 0,   7.243319221e-07,    0.008688726375,   4.304057274e-06,                 0,   0.0004953611253,    0.003126620633
          0,           0,        1485,      -11.00374708,      -10.66582074,      -11.78116218,      -11.12303394,       -14.0530828,     0.01574983121,    0.008688733468,   4.286468915e-06,                 0,                 0,                 0,   7.213839991e-07,    0.008688733468,   4.286468915e-06,                 0,    0.000493336449,    0.003126620633
          0,           0,        1486,       -11.0047261,      -10.66852998,      -11.78370022,      -11.12538189,      -14.05594744,     0.01574983121,    0.008688740516,   4.268958861e-06,                 0,                 0,                 0,   7.184491598e-07,    0.008688740516,   4.268958861e-06,                 0,   0.0004913207908,    0.003126620633
          0,           0,        1487,      -11.00570592,      -10.67123926,      -11.78624029,      -11.12772887,       -14.0588098,     0.01574983121,    0.008688747519,   4.251526574e-06,                 0,                 0,                 0,   7.155273066e-07,    0.008688747519,   4.251526574e-06,                 0,   0.0004893140887,    0.003126620633
          0,           0,        1488,      -11.00668583,      -10.67394859,      -11.78877134,      -11.13007596,      -14.06166989,     0.01574983121,    0.008688754478,   4.234171464e-06,                 0,                 0,                 0,   7.126183351e-07,    0.008688754478,   4.234171464e-06,                 0,   0.0004873162747,    0.003126620633
          0,           0,        1489,      -11.00766665,      -10.67665789,      -11.79130089,      -11.13242043,      -14.06452775,     0.01574983121,    0.008688761394,   4.216893003e-06,                 0,                 0,                 0,   7.097221576e-07,    0.008688761394,   4.216893003e-06,                 0,    0.000485327288,    0.003126620633
          0,           0,        1490,       -11.0086478,      -10.67936725,      -11.79382732,      -11.13476436,      -14.06738341,     0.01574983121,    0.008688768265,   4.199690638e-06,                 0,                 0,                 0,   7.068386749e-07,    0.008688768265,   4.199690638e-06,                 0,   0.0004833470648,    0.003126620633
          0,           0,        1491,      -11.00962956,      -10.68207665,      -11.79635028,      -11.13710753,      -14.07023688,     0.01574983121,    0.008688775094,   4.182563832e-06,                 0,                 0,                 0,   7.039677928e-07,    0.008688775094,   4.182563832e-06,                 0,   0.0004813755434,    0.003126620633
          0,           0,        1492,      -11.01061179,      -10.68478608,      -11.79886599,      -11.13944866,      -14.07308819,     0.01574983121,    0.008688781879,   4.165512054e-06,                 0,                 0,                 0,    7.01109413e-07,    0.008688781879,   4.165512054e-06,                 0,   0.0004794126624,    0.003126620633
          0,           0,        1493,      -11.01159451,      -10.68749555,       -11.8013798,      -11.14178837,      -14.07593736,     0.01574983121,    0.008688788622,   4.148534807e-06,                 0,                 0,                 0,   6.982634564e-07,    0.008688788622,   4.148534807e-06,                 0,   0.0004774583647,    0.003126620633
          0,           0,        1494,      -11.01257789,       -10.6902051,      -11.80388904,      -11.14412696,      -14.07878444,     0.01574983121,    0.008688795322,   4.131631558e-06,                 0,                 0,                 0,   6.954298307e-07,    0.008688795322,   4.131631558e-06,                 0,    0.000475512589,    0.003126620633
          0,           0,        1495,      -11.01356168,      -10.69291472,      -11.80639204,      -11.14646419,      -14.08162943,     0.01574983121,    0.008688801979,   4.114801795e-06,                 0,                 0,                 0,   6.926084428e-07,    0.008688801979,   4.114801795e-06,                 0,   0.0004735752759,    0.003126620633
          0,           0,        1496,      -11.01454634,      -10.69562441,      -11.80889605,      -11.14879895,      -14.08447237,     0.01574983121,    0.008688808595,   4.098044994e-06,                 0,                 0,                 0,   6.897991959e-07,    0.008688808595,   4.098044994e-06,                 0,   0.0004716463655,    0.003126620633
          0,           0,        1497,      -11.01553119,       -10.6983342,      -11.81138736,      -11.15113421,      -14.08731328,     0.01574983121,    0.008688815169,   4.081360669e-06,                 0,                 0,                 0,   6.870020086e-07,    0.008688815169,   4.081360669e-06,                 0,   0.0004697258015,    0.003126620633
          0,           0,        1498,      -11.01651653,      -10.70104406,      -11.81388158,      -11.15346658,      -14.09015219,     0.01574983121,    0.008688821702,   4.064748361e-06,                 0,                 0,                 0,   6.842168094e-07,    0.008688821702,   4.064748361e-06,                 0,   0.0004678135311,    0.003126620633
          0,           0,        1499,      -11.01750281,      -10.70375403,      -11.81636902,      -11.15579819,      -14.09298914,     0.01574983121,    0.008688828193,   4.048207543e-06,                 0,                 0,                 0,   6.814435029e-07,    0.008688828193,   4.048207543e-06,                 0,   0.0004659094936,    0.003126620633
          0,           0,        1500,      -11.01848929,      -10.70646409,      -11.81885513,      -11.15812947,      -14.09582415,     0.01574983121,    0.008688834643,   4.031737705e-06,                 0,                 0,                 0,   6.786819859e-07,    0.008688834643,   4.031737705e-06,                 0,   0.0004640136302,    0.003126620633
          0,           0,        1501,      -11.01947637,      -10.70917429,      -11.82133055,      -11.16045829,      -14.09865724,     0.01574983121,    0.008688841052,   4.015338427e-06,                 0,                 0,                 0,   6.759322059e-07,    0.008688841052,   4.015338427e-06,                 0,   0.0004621258927,    0.003126620633
          0,           0,        1502,      -11.02046375,      -10.71188463,      -11.82381136,      -11.16278619,      -14.10148844,     0.01574983121,    0.008688847421,   3.999009218e-06,                 0,                 0,                 0,    6.73194066e-07,    0.008688847421,   3.999009218e-06,                 0,   0.0004602462242,    0.003126620633
          0,           0,        1503,      -11.02145214,      -10.71459505,      -11.82627913,      -11.16511279,      -14.10431777,     0.01574983121,     0.00868885375,   3.982749587e-06,                 0,                 0,                 0,   6.704674852e-07,     0.00868885375,   3.982749587e-06,                 0,   0.0004583745684,    0.003126620633
          0,           0,        1504,      -11.02244042,       -10.7173057,      -11.82874733,      -11.16743875,      -14.10714526,     0.01574983121,    0.008688860039,   3.966559093e-06,                 0,                 0,                 0,   6.677523818e-07,    0.008688860039,   3.966559093e-06,                 0,   0.0004565108743,    0.003126620633
          0,           0,        1505,      -11.02342946,      -10.72001644,      -11.83120884,      -11.16976201,      -14.10997094,     0.01574983121,    0.008688866288,   3.950437272e-06,                 0,                 0,                 0,   6.650486824e-07,    0.008688866288,   3.950437272e-06,                 0,   0.0004546550886,    0.003126620633
          0,           0,        1506,      -11.02441924,      -10.72272728,      -11.83366718,      -11.17208301,      -14.11279483,     0.01574983121,    0.008688872497,   3.934383666e-06,                 0,                 0,                 0,   6.623563045e-07,    0.008688872497,   3.934383666e-06,                 0,   0.0004528071585,    0.003126620633
          0,           0,        1507,       -11.0254095,      -10.72543835,      -11.83611882,      -11.17440634,      -14.11561697,     0.01574983121,    0.008688878668,   3.918397845e-06,                 0,                 0,                 0,   6.596751756e-07,    0.008688878668,   3.918397845e-06,                 0,   0.0004509670344,    0.003126620633
          0,           0,        1508,       -11.0263999,      -10.72814957,      -11.83856794,      -11.17672586,      -14.11843738,     0.01574983121,    0.008688884799,   3.902479367e-06,                 0,                 0,                 0,   6.570052167e-07,    0.008688884799,   3.902479367e-06,                 0,   0.0004491346654,    0.003126620633
          0,           0,        1509,      -11.02739147,      -10.73086092,      -11.84101501,      -11.17904259,      -14.12125608,     0.01574983121,    0.008688890891,    3.88662777e-06,                 0,                 0,                 0,   6.543463472e-07,    0.008688890891,    3.88662777e-06,                 0,   0.0004473099983,    0.003126620633
          0,           0,        1510,      -11.02838331,       -10.7335725,      -11.84345202,      -11.18136012,      -14.12407311,     0.01574983121,    0.008688896945,   3.870842617e-06,                 0,                 0,                 0,    6.51698492e-07,    0.008688896945,   3.870842617e-06,                 0,   0.0004454929827,    0.003126620633
          0,           0,        1511,       -11.0293755,      -10.73628423,      -11.84588582,      -11.18367672,      -14.12688849,     0.01574983121,    0.008688902961,   3.855123481e-06,                 0,                 0,                 0,   6.490615782e-07,    0.008688902961,   3.855123481e-06,                 0,   0.0004436835695,    0.003126620633
          0,           0,        1512,      -11.03036828,       -10.7389961,      -11.84831746,         -11.18599,      -14.12970226,     0.01574983121,    0.008688908938,   3.839469985e-06,                 0,                 0,                 0,   6.464355487e-07,    0.008688908938,   3.839469985e-06,                 0,   0.0004418817152,    0.003126620633
          0,           0,        1513,      -11.03136177,      -10.74170824,      -11.85074516,      -11.18830318,      -14.13251443,     0.01574983121,    0.008688914878,   3.823881667e-06,                 0,                 0,                 0,   6.438203151e-07,    0.008688914878,   3.823881667e-06,                 0,   0.0004400873665,    0.003126620633
          0,           0,        1514,      -11.03235564,      -10.74442058,      -11.85316709,      -11.19061302,      -14.13532504,     0.01574983121,     0.00868892078,   3.808358103e-06,                 0,                 0,                 0,    6.41215803e-07,     0.00868892078,   3.808358103e-06,                 0,   0.0004383004748,    0.003126620633
          0,           0,        1515,      -11.03334974,      -10.74713312,      -11.85558348,      -11.19292462,      -14.13813411,     0.01574983121,    0.008688926645,   3.792898884e-06,                 0,                 0,                 0,   6.386219446e-07,    0.008688926645,   3.792898884e-06,                 0,   0.0004365209926,    0.003126620633
          0,           0,        1516,      -11.03434485,      -10.74984585,      -11.85799384,      -11.19523342,      -14.14094167,     0.01574983121,    0.008688932473,   3.777503625e-06,                 0,                 0,                 0,   6.360386779e-07,    0.008688932473,   3.777503625e-06,                 0,   0.0004347488759,    0.003126620633
          0,           0,        1517,      -11.03534033,       -10.7525588,      -11.86040483,      -11.19754015,      -14.14374775,     0.01574983121,    0.008688938264,   3.762171918e-06,                 0,                 0,                 0,   6.334659268e-07,    0.008688938264,   3.762171918e-06,                 0,   0.0004329840775,    0.003126620633
          0,           0,        1518,      -11.03633657,      -10.75527193,      -11.86280278,      -11.19984652,      -14.14655238,     0.01574983121,    0.008688944018,   3.746903374e-06,                 0,                 0,                 0,    6.30903634e-07,    0.008688944018,   3.746903374e-06,                 0,   0.0004312265526,    0.003126620633
          0,           0,        1519,      -11.03733286,      -10.75798541,      -11.86520495,      -11.20215138,      -14.14935557,     0.01574983121,    0.008688949735,   3.731697587e-06,                 0,                 0,                 0,   6.283517204e-07,    0.008688949735,   3.731697587e-06,                 0,   0.0004294762544,    0.003126620633
          0,           0,        1520,      -11.03832978,      -10.76069908,      -11.86759556,      -11.20445228,      -14.15215736,     0.01574983121,    0.008688955417,   3.716554157e-06,                 0,                 0,                 0,   6.258101202e-07,    0.008688955417,   3.716554157e-06,                 0,    0.000427733137,    0.003126620633
          0,           0,        1521,      -11.03932739,      -10.76341296,      -11.86998287,      -11.20675428,      -14.15495777,     0.01574983121,    0.008688961062,   3.701472695e-06,                 0,                 0,                 0,   6.232787649e-07,    0.008688961062,   3.701472695e-06,                 0,   0.0004259971553,    0.003126620633
          0,           0,        1522,      -11.04032562,      -10.76612707,      -11.87236526,      -11.20905524,      -14.15775684,     0.01574983121,    0.008688966672,   3.686452851e-06,                 0,                 0,                 0,   6.207576023e-07,    0.008688966672,   3.686452851e-06,                 0,   0.0004242682692,    0.003126620633
          0,           0,        1523,      -11.04132398,      -10.76884149,      -11.87474465,      -11.21135432,      -14.16055457,     0.01574983121,    0.008688972246,   3.671494212e-06,                 0,                 0,                 0,   6.182465535e-07,    0.008688972246,   3.671494212e-06,                 0,    0.000422546431,    0.003126620633
          0,           0,        1524,      -11.04232305,      -10.77155614,       -11.8771203,       -11.2136517,      -14.16335101,     0.01574983121,    0.008688977785,   3.656596424e-06,                 0,                 0,                 0,   6.157455641e-07,    0.008688977785,   3.656596424e-06,                 0,      0.0004208316,    0.003126620633
          0,           0,        1525,      -11.04332273,      -10.77427105,      -11.87948704,      -11.21594813,      -14.16614618,     0.01574983121,    0.008688983289,   3.641759121e-06,                 0,                 0,                 0,   6.132545706e-07,    0.008688983289,   3.641759121e-06,                 0,   0.0004191237341,    0.003126620633
          0,           0,        1526,      -11.04432271,      -10.77698628,      -11.88185139,      -11.21824366,      -14.16894011,     0.01574983121,    0.008688988757,    3.62698193e-06,                 0,                 0,                 0,   6.107735089e-07,    0.008688988757,    3.62698193e-06,                 0,   0.0004174227901,    0.003126620633
          0,           0,        1527,      -11.04532325,      -10.77970174,      -11.88420884,      -11.22053666,      -14.17173281,     0.01574983121,    0.008688994192,   3.612264475e-06,                 0,                 0,                 0,   6.083023127e-07,    0.008688994192,   3.612264475e-06,                 0,   0.0004157287248,    0.003126620633
          0,           0,        1528,       -11.0463247,      -10.78241746,      -11.88656431,      -11.22282603,      -14.17452431,     0.01574983121,    0.008688999591,   3.597606404e-06,                 0,                 0,                 0,    6.05840923e-07,    0.008688999591,   3.597606404e-06,                 0,   0.0004140414977,    0.003126620633
          0,           0,        1529,      -11.04732621,      -10.78513339,      -11.88891259,      -11.22511563,      -14.17731464,     0.01574983121,    0.008689004957,   3.583007366e-06,                 0,                 0,                 0,   6.033892795e-07,    0.008689004957,   3.583007366e-06,                 0,   0.0004123610682,    0.003126620633
          0,           0,        1530,      -11.04832855,      -10.78784965,      -11.89125273,      -11.22740694,      -14.18010382,     0.01574983121,    0.008689010288,   3.568467005e-06,                 0,                 0,                 0,   6.009473214e-07,    0.008689010288,   3.568467005e-06,                 0,   0.0004106873956,    0.003126620633
          0,           0,        1531,      -11.04933117,      -10.79056631,      -11.89359512,      -11.22969513,      -14.18289187,     0.01574983121,    0.008689015586,   3.553984991e-06,                 0,                 0,                 0,   5.985149986e-07,    0.008689015586,   3.553984991e-06,                 0,   0.0004090204414,    0.003126620633
          0,           0,        1532,      -11.05033442,      -10.79328314,      -11.89592773,      -11.23197833,      -14.18567882,     0.01574983121,     0.00868902085,   3.539560966e-06,                 0,                 0,                 0,   5.960922496e-07,     0.00868902085,   3.539560966e-06,                 0,   0.0004073601649,    0.003126620633
          0,           0,        1533,      -11.05133825,      -10.79600035,       -11.8982565,      -11.23426469,      -14.18846469,     0.01574983121,     0.00868902608,   3.525194579e-06,                 0,                 0,                 0,   5.936790044e-07,     0.00868902608,   3.525194579e-06,                 0,   0.0004057065253,    0.003126620633
          0,           0,        1534,      -11.05234235,      -10.79871776,      -11.90057926,      -11.23654695,      -14.19124951,     0.01574983121,    0.008689031278,   3.510885489e-06,                 0,                 0,                 0,   5.912752121e-07,    0.008689031278,   3.510885489e-06,                 0,   0.0004040594834,    0.003126620633
          0,           0,        1535,      -11.05334733,      -10.80143552,      -11.90289737,       -11.2388291,      -14.19403329,     0.01574983121,    0.008689036442,    3.49663339e-06,                 0,                 0,                 0,   5.888808282e-07,    0.008689036442,    3.49663339e-06,                 0,   0.0004024190039,    0.003126620633
          0,           0,        1536,      -11.05435235,      -10.80415361,      -11.90520747,      -11.24110906,      -14.19681607,     0.01574983121,    0.008689041574,   3.482437936e-06,                 0,                 0,                 0,   5.864957877e-07,    0.008689041574,   3.482437936e-06,                 0,   0.0004007850471,    0.003126620633
          0,           0,        1537,      -11.05535828,        -10.806872,      -11.90751775,      -11.24338664,      -14.19959786,     0.01574983121,    0.008689046673,   3.468298798e-06,                 0,                 0,                 0,   5.841200343e-07,    0.008689046673,   3.468298798e-06,                 0,   0.0003991575749,    0.003126620633
          0,           0,        1538,      -11.05636464,      -10.80959063,      -11.90981803,      -11.24566433,       -14.2023787,     0.01574983121,    0.008689051739,   3.454215634e-06,                 0,                 0,                 0,   5.817535089e-07,    0.008689051739,   3.454215634e-06,                 0,    0.000397536548,    0.003126620633
          0,           0,        1539,       -11.0573714,      -10.81230966,      -11.91211552,      -11.24793858,       -14.2051586,     0.01574983121,    0.008689056774,   3.440188145e-06,                 0,                 0,                 0,   5.793961591e-07,    0.008689056774,   3.440188145e-06,                 0,    0.000395921932,    0.003126620633
          0,           0,        1540,       -11.0583787,      -10.81502906,      -11.91440716,      -11.25021505,      -14.20793758,     0.01574983121,    0.008689061776,      3.426216e-06,                 0,                 0,                 0,   5.770479339e-07,    0.008689061776,      3.426216e-06,                 0,   0.0003943136887,    0.003126620633
          0,           0,        1541,      -11.05938695,      -10.81774866,      -11.91669128,      -11.25248617,      -14.21071568,     0.01574983121,    0.008689066747,     3.4122989e-06,                 0,                 0,                 0,   5.747087922e-07,    0.008689066747,     3.4122989e-06,                 0,   0.0003927117836,    0.003126620633
          0,           0,        1542,      -11.06039505,      -10.82046861,      -11.91897447,      -11.25475544,      -14.21349291,     0.01574983121,    0.008689071686,   3.398436516e-06,                 0,                 0,                 0,   5.723786625e-07,    0.008689071686,   3.398436516e-06,                 0,   0.0003911161789,    0.003126620633
          0,           0,        1543,      -11.06140405,      -10.82318896,      -11.92125007,      -11.25702693,       -14.2162693,     0.01574983121,    0.008689076593,   3.384628556e-06,                 0,                 0,                 0,   5.700575021e-07,    0.008689076593,   3.384628556e-06,                 0,   0.0003895268409,    0.003126620633
          0,           0,        1544,      -11.06241341,      -10.82590961,      -11.92351802,      -11.25929505,      -14.21904486,     0.01574983121,     0.00868908147,   3.370874713e-06,                 0,                 0,                 0,   5.677452603e-07,     0.00868908147,   3.370874713e-06,                 0,   0.0003879437343,    0.003126620633
          0,           0,        1545,      -11.06342333,      -10.82863057,      -11.92578516,      -11.26156079,      -14.22181963,     0.01574983121,    0.008689086315,   3.357174669e-06,                 0,                 0,                 0,    5.65441883e-07,    0.008689086315,   3.357174669e-06,                 0,   0.0003863668224,    0.003126620633
          0,           0,        1546,      -11.06443367,      -10.83135192,      -11.92804497,      -11.26382656,      -14.22459362,     0.01574983121,     0.00868909113,    3.34352812e-06,                 0,                 0,                 0,   5.631473142e-07,     0.00868909113,    3.34352812e-06,                 0,   0.0003847960702,    0.003126620633
          0,           0,        1547,      -11.06544468,      -10.83407352,      -11.93029688,      -11.26608821,      -14.22736686,     0.01574983121,    0.008689095914,   3.329934794e-06,                 0,                 0,                 0,   5.608615176e-07,    0.008689095914,   3.329934794e-06,                 0,   0.0003832314462,    0.003126620633
          0,           0,        1548,      -11.06645619,      -10.83679551,      -11.93254405,      -11.26835192,      -14.23013936,     0.01574983121,    0.008689100668,   3.316394377e-06,                 0,                 0,                 0,   5.585844356e-07,    0.008689100668,   3.316394377e-06,                 0,   0.0003816729145,    0.003126620633
          0,           0,        1549,      -11.06746826,      -10.83951784,      -11.93478553,       -11.2706109,      -14.23291115,     0.01574983121,    0.008689105391,   3.302906594e-06,                 0,                 0,                 0,   5.563160189e-07,    0.008689105391,   3.302906594e-06,                 0,   0.0003801204434,    0.003126620633
          0,           0,        1550,      -11.06848059,      -10.84224062,      -11.93702208,      -11.27287055,      -14.23568225,     0.01574983121,    0.008689110085,   3.289471138e-06,                 0,                 0,                 0,   5.540562182e-07,    0.008689110085,   3.289471138e-06,                 0,   0.0003785739973,    0.003126620633
          0,           0,        1551,      -11.06949349,      -10.84496369,      -11.93925192,      -11.27512924,      -14.23845268,     0.01574983121,    0.008689114748,   3.276087724e-06,                 0,                 0,                 0,   5.518049887e-07,    0.008689114748,   3.276087724e-06,                 0,   0.0003770335436,    0.003126620633
          0,           0,        1552,      -11.07050744,      -10.84768699,      -11.94147882,      -11.27738362,      -14.24122247,     0.01574983121,    0.008689119382,   3.262756086e-06,                 0,                 0,                 0,   5.495622847e-07,    0.008689119382,   3.262756086e-06,                 0,   0.0003754990515,    0.003126620633
          0,           0,        1553,      -11.07152095,      -10.85041078,      -11.94370312,      -11.27963677,      -14.24399164,     0.01574983121,    0.008689123986,   3.249475923e-06,                 0,                 0,                 0,   5.473280596e-07,    0.008689123986,   3.249475923e-06,                 0,   0.0003739704863,    0.003126620633
          0,           0,        1554,      -11.07253562,      -10.85313487,      -11.94591589,      -11.28188931,      -14.24676021,     0.01574983121,    0.008689128561,   3.236246968e-06,                 0,                 0,                 0,   5.451022613e-07,    0.008689128561,   3.236246968e-06,                 0,   0.0003724478174,    0.003126620633
          0,           0,        1555,      -11.07355054,      -10.85585933,      -11.94812778,      -11.28414195,      -14.24952819,     0.01574983121,    0.008689133107,   3.223068947e-06,                 0,                 0,                 0,   5.428848438e-07,    0.008689133107,   3.223068947e-06,                 0,   0.0003709310131,    0.003126620633
          0,           0,        1556,      -11.07456618,      -10.85858406,      -11.95032816,       -11.2863906,       -14.2522956,     0.01574983121,    0.008689137624,   3.209941598e-06,                 0,                 0,                 0,   5.406757739e-07,    0.008689137624,   3.209941598e-06,                 0,   0.0003694200434,    0.003126620633
          0,           0,        1557,      -11.07558235,      -10.86130924,      -11.95252647,      -11.28863695,      -14.25506247,     0.01574983121,    0.008689142113,   3.196864641e-06,                 0,                 0,                 0,   5.384749965e-07,    0.008689142113,   3.196864641e-06,                 0,   0.0003679148758,    0.003126620633
          0,           0,        1558,      -11.07659894,      -10.86403476,      -11.95471322,      -11.29088419,      -14.25782882,     0.01574983121,    0.008689146572,   3.183837793e-06,                 0,                 0,                 0,   5.362824643e-07,    0.008689146572,   3.183837793e-06,                 0,   0.0003664154778,    0.003126620633
          0,           0,        1559,       -11.0776162,      -10.86676058,       -11.9569042,      -11.29312855,      -14.26059466,     0.01574983121,    0.008689151003,   3.170860796e-06,                 0,                 0,                 0,   5.340981346e-07,    0.008689151003,   3.170860796e-06,                 0,   0.0003649218197,    0.003126620633
          0,           0,        1560,      -11.07863358,      -10.86948689,      -11.95908591,      -11.29537239,      -14.26336002,     0.01574983121,    0.008689155406,   3.157933388e-06,                 0,                 0,                 0,   5.319219636e-07,    0.008689155406,   3.157933388e-06,                 0,   0.0003634338714,    0.003126620633
          0,           0,        1561,      -11.07965179,      -10.87221345,      -11.96125763,       -11.2976132,      -14.26612491,     0.01574983121,    0.008689159781,   3.145055305e-06,                 0,                 0,                 0,   5.297539128e-07,    0.008689159781,   3.145055305e-06,                 0,   0.0003619516023,    0.003126620633
          0,           0,        1562,      -11.08067008,      -10.87494045,      -11.96343004,      -11.29985248,      -14.26888935,     0.01574983121,    0.008689164128,   3.132226324e-06,                 0,                 0,                 0,   5.275939373e-07,    0.008689164128,   3.132226324e-06,                 0,   0.0003604749868,    0.003126620633
          0,           0,        1563,       -11.0816894,      -10.87766778,      -11.96559276,      -11.30208984,      -14.27165337,     0.01574983121,    0.008689168448,    3.11944617e-06,                 0,                 0,                 0,   5.254419992e-07,    0.008689168448,    3.11944617e-06,                 0,   0.0003590039932,    0.003126620633
          0,           0,        1564,      -11.08270895,      -10.88039539,      -11.96774984,      -11.30432687,      -14.27441698,     0.01574983121,     0.00868917274,   3.106714573e-06,                 0,                 0,                 0,   5.232980524e-07,     0.00868917274,   3.106714573e-06,                 0,   0.0003575385904,    0.003126620633
          0,           0,        1565,      -11.08372879,      -10.88312351,      -11.96990217,      -11.30656414,      -14.27718021,     0.01574983121,    0.008689177004,   3.094031271e-06,                 0,                 0,                 0,   5.211620472e-07,    0.008689177004,   3.094031271e-06,                 0,   0.0003560787482,    0.003126620633
          0,           0,        1566,      -11.08474958,      -10.88585193,       -11.9720472,      -11.30879744,      -14.27994307,     0.01574983121,    0.008689181241,    3.08139605e-06,                 0,                 0,                 0,   5.190339497e-07,    0.008689181241,    3.08139605e-06,                 0,   0.0003546244421,    0.003126620633
          0,           0,        1567,      -11.08577084,      -10.88858066,      -11.97418583,       -11.3110271,      -14.28270558,     0.01574983121,    0.008689185452,   3.068808662e-06,                 0,                 0,                 0,   5.169137289e-07,    0.008689185452,   3.068808662e-06,                 0,   0.0003531756434,    0.003126620633
          0,           0,        1568,      -11.08679231,      -10.89130988,      -11.97631907,       -11.3132581,      -14.28546776,     0.01574983121,    0.008689189635,   3.056268831e-06,                 0,                 0,                 0,   5.148013277e-07,    0.008689189635,   3.056268831e-06,                 0,   0.0003517323202,    0.003126620633
          0,           0,        1569,       -11.0878145,      -10.89403935,      -11.97844856,      -11.31548519,      -14.28822964,     0.01574983121,    0.008689193792,   3.043776347e-06,                 0,                 0,                 0,   5.126967125e-07,    0.008689193792,   3.043776347e-06,                 0,   0.0003502944485,    0.003126620633
          0,           0,        1570,      -11.08883711,      -10.89676924,      -11.98057155,      -11.31771155,      -14.29099122,     0.01574983121,    0.008689197922,   3.031330958e-06,                 0,                 0,                 0,   5.105998438e-07,    0.008689197922,   3.031330958e-06,                 0,   0.0003488619991,    0.003126620633
          0,           0,        1571,      -11.08986003,      -10.89949951,      -11.98268694,      -11.31993733,      -14.29375253,     0.01574983121,    0.008689202026,   3.018932428e-06,                 0,                 0,                 0,   5.085106834e-07,    0.008689202026,   3.018932428e-06,                 0,   0.0003474349451,    0.003126620633
          0,           0,        1572,      -11.09088377,      -10.90223005,      -11.98479654,      -11.32215853,      -14.29651359,     0.01574983121,    0.008689206104,   3.006580532e-06,                 0,                 0,                 0,   5.064291971e-07,    0.008689206104,   3.006580532e-06,                 0,   0.0003460132601,    0.003126620633
          0,           0,        1573,      -11.09190813,      -10.90496106,      -11.98690082,      -11.32438272,      -14.29927442,     0.01574983121,    0.008689210155,   2.994275025e-06,                 0,                 0,                 0,   5.043553377e-07,    0.008689210155,   2.994275025e-06,                 0,   0.0003445969163,    0.003126620633
          0,           0,        1574,      -11.09293284,      -10.90769228,      -11.98899821,      -11.32660027,      -14.30203503,     0.01574983121,    0.008689214181,   2.982015673e-06,                 0,                 0,                 0,   5.022890656e-07,    0.008689214181,   2.982015673e-06,                 0,   0.0003431858866,    0.003126620633
          0,           0,        1575,      -11.09395777,      -10.91042401,      -11.99109158,      -11.32881981,      -14.30479545,     0.01574983121,    0.008689218181,   2.969802252e-06,                 0,                 0,                 0,    5.00230352e-07,    0.008689218181,   2.969802252e-06,                 0,   0.0003417801452,    0.003126620633
          0,           0,        1576,      -11.09498374,      -10.91315602,      -11.99317752,      -11.33103663,      -14.30755568,     0.01574983121,    0.008689222156,   2.957634543e-06,                 0,                 0,                 0,   4.981791575e-07,    0.008689222156,   2.957634543e-06,                 0,   0.0003403796669,    0.003126620633
          0,           0,        1577,      -11.09600975,      -10.91588852,       -11.9952614,      -11.33325044,      -14.31031575,     0.01574983121,    0.008689226105,   2.945512296e-06,                 0,                 0,                 0,    4.96135436e-07,    0.008689226105,   2.945512296e-06,                 0,   0.0003389844228,    0.003126620633
          0,           0,        1578,      -11.09703679,      -10.91862115,      -11.99733091,      -11.33546179,      -14.31307567,     0.01574983121,    0.008689230029,   2.933435325e-06,                 0,                 0,                 0,   4.940991629e-07,    0.008689230029,   2.933435325e-06,                 0,   0.0003375943916,    0.003126620633
          0,           0,        1579,      -11.09806355,      -10.92135441,      -11.99940348,      -11.33767647,      -14.31583547,     0.01574983121,    0.008689233928,   2.921403388e-06,                 0,                 0,                 0,   4.920702917e-07,    0.008689233928,   2.921403388e-06,                 0,   0.0003362095454,    0.003126620633
          0,           0,        1580,      -11.09909132,      -10.92408785,      -12.00146886,       -11.3398837,      -14.31859515,     0.01574983121,    0.008689237802,   2.909416275e-06,                 0,                 0,                 0,   4.900487964e-07,    0.008689237802,   2.909416275e-06,                 0,   0.0003348298598,    0.003126620633
          0,           0,        1581,      -11.10011941,      -10.92682171,      -12.00352484,      -11.34209151,      -14.32135474,     0.01574983121,    0.008689241651,   2.897473742e-06,                 0,                 0,                 0,   4.880346313e-07,    0.008689241651,   2.897473742e-06,                 0,    0.000333455307,    0.003126620633
          0,           0,        1582,      -11.10114808,      -10.92955583,      -12.00557047,      -11.34429688,      -14.32411427,     0.01574983121,    0.008689245476,   2.885575581e-06,                 0,                 0,                 0,   4.860277616e-07,    0.008689245476,   2.885575581e-06,                 0,   0.0003320858628,    0.003126620633
          0,           0,        1583,      -11.10217722,      -10.93229038,      -12.00761632,      -11.34650341,      -14.32687374,     0.01574983121,    0.008689249276,   2.873721606e-06,                 0,                 0,                 0,   4.840281579e-07,    0.008689249276,   2.873721606e-06,                 0,   0.0003307215059,    0.003126620633
          0,           0,        1584,      -11.10320702,      -10.93502527,      -12.00965555,      -11.34870479,      -14.32963317,     0.01574983121,    0.008689253052,   2.861911603e-06,                 0,                 0,                 0,   4.820357905e-07,    0.008689253052,   2.861911603e-06,                 0,   0.0003293622116,    0.003126620633
          0,           0,        1585,      -11.10423738,       -10.9377605,       -12.0116865,      -11.35090753,      -14.33239256,     0.01574983121,    0.008689256804,   2.850145331e-06,                 0,                 0,                 0,   4.800506111e-07,    0.008689256804,   2.850145331e-06,                 0,   0.0003280079523,    0.003126620633
          0,           0,        1586,      -11.10526817,      -10.94049604,      -12.01371434,       -11.3531042,      -14.33515195,     0.01574983121,    0.008689260532,   2.838422602e-06,                 0,                 0,                 0,   4.780725944e-07,    0.008689260532,   2.838422602e-06,                 0,   0.0003266587061,    0.003126620633
          0,           0,        1587,      -11.10629924,      -10.94323203,      -12.01573117,      -11.35530083,      -14.33791133,     0.01574983121,    0.008689264236,   2.826743216e-06,                 0,                 0,                 0,   4.761017064e-07,    0.008689264236,   2.826743216e-06,                 0,     0.00032531445,    0.003126620633
          0,           0,        1588,      -11.10733094,      -10.94596827,      -12.01774617,      -11.35749475,      -14.34067073,     0.01574983121,    0.008689267916,   2.815106952e-06,                 0,                 0,                 0,   4.741379043e-07,    0.008689267916,   2.815106952e-06,                 0,   0.0003239751587,    0.003126620633
          0,           0,        1589,      -11.10836286,      -10.94870484,      -12.01975941,      -11.35969077,      -14.34343017,     0.01574983121,    0.008689271573,   2.803513631e-06,                 0,                 0,                 0,   4.721811673e-07,    0.008689271573,   2.803513631e-06,                 0,   0.0003226408115,    0.003126620633
          0,           0,        1590,       -11.1093957,      -10.95144179,      -12.02175733,      -11.36188205,      -14.34618965,     0.01574983121,    0.008689275207,   2.791963016e-06,                 0,                 0,                 0,   4.702314519e-07,    0.008689275207,   2.791963016e-06,                 0,   0.0003213113809,    0.003126620633
          0,           0,        1591,      -11.11042887,      -10.95417907,      -12.02375516,      -11.36407051,       -14.3489492,     0.01574983121,    0.008689278817,   2.780454943e-06,                 0,                 0,                 0,   4.682887342e-07,    0.008689278817,   2.780454943e-06,                 0,   0.0003199868483,    0.003126620633
          0,           0,        1592,      -11.11146258,       -10.9569167,      -12.02574074,      -11.36626033,      -14.35170883,     0.01574983121,    0.008689282404,   2.768989202e-06,                 0,                 0,                 0,   4.663529775e-07,    0.008689282404,   2.768989202e-06,                 0,   0.0003186671894,    0.003126620633
          0,           0,        1593,       -11.1124967,      -10.95965466,      -12.02772735,      -11.36844562,      -14.35446854,     0.01574983121,    0.008689285968,    2.75756562e-06,                 0,                 0,                 0,   4.644241575e-07,    0.008689285968,    2.75756562e-06,                 0,   0.0003173523843,    0.003126620633
          0,           0,        1594,      -11.11353133,      -10.96239288,      -12.02970216,      -11.37063046,      -14.35722837,     0.01574983121,    0.008689289509,   2.746183965e-06,                 0,                 0,                 0,   4.625022319e-07,    0.008689289509,   2.746183965e-06,                 0,   0.0003160424063,    0.003126620633
          0,           0,        1595,      -11.11456662,       -10.9651315,      -12.03167775,      -11.37281501,      -14.35998832,     0.01574983121,    0.008689293028,   2.734844059e-06,                 0,                 0,                 0,   4.605871681e-07,    0.008689293028,   2.734844059e-06,                 0,   0.0003147372347,    0.003126620633
          0,           0,        1596,      -11.11560208,       -10.9678704,      -12.03363701,       -11.3749948,       -14.3627484,     0.01574983121,    0.008689296524,   2.723545703e-06,                 0,                 0,                 0,   4.586789386e-07,    0.008689296524,   2.723545703e-06,                 0,   0.0003134368467,    0.003126620633
          0,           0,        1597,      -11.11663852,      -10.97060958,      -12.03560259,      -11.37717231,      -14.36550864,     0.01574983121,    0.008689299998,   2.712288735e-06,                 0,                 0,                 0,     4.5677752e-07,    0.008689299998,   2.712288735e-06,                 0,   0.0003121412238,    0.003126620633
          0,           0,        1598,      -11.11767534,      -10.97334903,      -12.03755535,      -11.37934895,      -14.36826904,     0.01574983121,     0.00868930345,   2.701072948e-06,                 0,                 0,                 0,   4.548828733e-07,     0.00868930345,   2.701072948e-06,                 0,   0.0003108503419,    0.003126620633
          0,           0,        1599,      -11.11871246,      -10.97608898,      -12.03949963,      -11.38152752,      -14.37102962,     0.01574983121,    0.008689306879,   2.689898146e-06,                 0,                 0,                 0,   4.529949648e-07,    0.008689306879,   2.689898146e-06,                 0,   0.0003095641785,    0.003126620633
          0,           0,        1600,       -11.1197497,      -10.97882919,      -12.04144179,      -11.38369979,      -14.37379041,     0.01574983121,    0.008689310287,   2.678764165e-06,                 0,                 0,                 0,   4.511137659e-07,    0.008689310287,   2.678764165e-06,                 0,   0.0003082827148,    0.003126620633
          0,           0,        1601,      -11.12078819,      -10.98156964,      -12.04337926,      -11.38586985,       -14.3765514,     0.01574983121,    0.008689313672,   2.667670803e-06,                 0,                 0,                 0,   4.492392521e-07,    0.008689313672,   2.667670803e-06,                 0,   0.0003070059274,    0.003126620633
          0,           0,        1602,      -11.12182643,       -10.9843104,      -12.04530864,      -11.38804125,      -14.37931261,     0.01574983121,    0.008689317036,   2.656617898e-06,                 0,                 0,                 0,    4.47371402e-07,    0.008689317036,   2.656617898e-06,                 0,   0.0003057337978,    0.003126620633
          0,           0,        1603,      -11.12286588,      -10.98705127,      -12.04722787,      -11.39020768,      -14.38207407,     0.01574983121,    0.008689320379,   2.645605281e-06,                 0,                 0,                 0,   4.455101735e-07,    0.008689320379,   2.645605281e-06,                 0,   0.0003044663064,    0.003126620633
          0,           0,        1604,      -11.12390519,      -10.98979276,      -12.04914086,      -11.39237578,      -14.38483578,     0.01574983121,      0.0086893237,   2.634632748e-06,                 0,                 0,                 0,   4.436555342e-07,      0.0086893237,   2.634632748e-06,                 0,   0.0003032034297,    0.003126620633
          0,           0,        1605,      -11.12494557,      -10.99253433,      -12.05105724,      -11.39453913,      -14.38759775,     0.01574983121,       0.008689327,   2.623700117e-06,                 0,                 0,                 0,   4.418074587e-07,       0.008689327,   2.623700117e-06,                 0,   0.0003019451469,    0.003126620633
          0,           0,        1606,      -11.12598654,      -10.99527612,      -12.05296158,      -11.39669975,      -14.39036001,     0.01574983121,    0.008689330278,   2.612807223e-06,                 0,                 0,                 0,   4.399659216e-07,    0.008689330278,   2.612807223e-06,                 0,   0.0003006914387,    0.003126620633
          0,           0,        1607,      -11.12702753,       -10.9980184,      -12.05485193,      -11.39886105,      -14.39312256,     0.01574983121,    0.008689333536,   2.601953907e-06,                 0,                 0,                 0,   4.381308956e-07,    0.008689333536,   2.601953907e-06,                 0,   0.0002994422871,    0.003126620633
          0,           0,        1608,      -11.12806945,      -11.00076092,      -12.05675573,      -11.40101874,      -14.39588542,     0.01574983121,    0.008689336773,   2.591139981e-06,                 0,                 0,                 0,   4.363023496e-07,    0.008689336773,   2.591139981e-06,                 0,   0.0002981976701,    0.003126620633
          0,           0,        1609,      -11.12911139,      -11.00350357,      -12.05864056,      -11.40317277,       -14.3986486,     0.01574983121,    0.008689339989,   2.580365275e-06,                 0,                 0,                 0,   4.344802539e-07,    0.008689339989,   2.580365275e-06,                 0,   0.0002969575685,    0.003126620633
          0,           0,        1610,      -11.13015402,      -11.00624649,      -12.06051822,      -11.40532655,      -14.40141211,     0.01574983121,    0.008689343184,   2.569629633e-06,                 0,                 0,                 0,   4.326645889e-07,    0.008689343184,   2.569629633e-06,                 0,   0.0002957219641,    0.003126620633
          0,           0,        1611,      -11.13119685,      -11.00898981,      -12.06239128,      -11.40748236,      -14.40417598,     0.01574983121,    0.008689346359,   2.558932884e-06,                 0,                 0,                 0,   4.308553182e-07,    0.008689346359,   2.558932884e-06,                 0,   0.0002944908372,    0.003126620633
          0,           0,        1612,      -11.13224036,       -11.0117334,      -12.06426301,      -11.40963321,      -14.40694021,     0.01574983121,    0.008689349514,   2.548274829e-06,                 0,                 0,                 0,   4.290524151e-07,    0.008689349514,   2.548274829e-06,                 0,   0.0002932641649,    0.003126620633
          0,           0,        1613,      -11.13328465,      -11.01447702,      -12.06612531,      -11.41178072,      -14.40970484,     0.01574983121,    0.008689352648,   2.537655314e-06,                 0,                 0,                 0,   4.272558505e-07,    0.008689352648,   2.537655314e-06,                 0,   0.0002920419296,    0.003126620633
          0,           0,        1614,      -11.13432926,      -11.01722113,      -12.06798194,      -11.41392775,      -14.41246985,     0.01574983121,    0.008689355762,   2.527074203e-06,                 0,                 0,                 0,   4.254656028e-07,    0.008689355762,   2.527074203e-06,                 0,   0.0002908241154,    0.003126620633
          0,           0,        1615,      -11.13537425,      -11.01996528,       -12.0698299,      -11.41607059,      -14.41523527,     0.01574983121,    0.008689358857,   2.516531343e-06,                 0,                 0,                 0,    4.23681656e-07,    0.008689358857,   2.516531343e-06,                 0,   0.0002896107048,    0.003126620633
          0,           0,        1616,      -11.13641967,       -11.0227099,      -12.07167291,      -11.41821606,      -14.41800109,     0.01574983121,    0.008689361931,   2.506026549e-06,                 0,                 0,                 0,   4.219039761e-07,    0.008689361931,   2.506026549e-06,                 0,   0.0002884016766,    0.003126620633
          0,           0,        1617,      -11.13746586,      -11.02545464,      -12.07351185,      -11.42035839,      -14.42076734,     0.01574983121,    0.008689364986,   2.495559649e-06,                 0,                 0,                 0,   4.201325256e-07,    0.008689364986,   2.495559649e-06,                 0,   0.0002871970107,    0.003126620633
          0,           0,        1618,      -11.13851265,      -11.02819952,      -12.07534692,      -11.42249333,      -14.42353403,     0.01574983121,    0.008689368021,   2.485130473e-06,                 0,                 0,                 0,   4.183672791e-07,    0.008689368021,   2.485130473e-06,                 0,   0.0002859966878,    0.003126620633
          0,           0,        1619,      -11.13955972,      -11.03094477,      -12.07716591,      -11.42463386,      -14.42630117,     0.01574983121,    0.008689371036,   2.474738899e-06,                 0,                 0,                 0,   4.166082225e-07,    0.008689371036,   2.474738899e-06,                 0,   0.0002848006937,    0.003126620633
          0,           0,        1620,      -11.14060695,      -11.03369008,      -12.07898995,       -11.4267661,      -14.42906877,     0.01574983121,    0.008689374033,   2.464384767e-06,                 0,                 0,                 0,   4.148553325e-07,    0.008689374033,   2.464384767e-06,                 0,     0.00028360901,    0.003126620633
          0,           0,        1621,      -11.14165492,      -11.03643567,      -12.08080746,      -11.42889749,      -14.43183685,     0.01574983121,     0.00868937701,   2.454067917e-06,                 0,                 0,                 0,   4.131085802e-07,     0.00868937701,   2.454067917e-06,                 0,   0.0002824216183,    0.003126620633
          0,           0,        1622,      -11.14270366,      -11.03918133,      -12.08261572,      -11.43102894,      -14.43460541,     0.01574983121,    0.008689379968,   2.443788178e-06,                 0,                 0,                 0,   4.113679326e-07,    0.008689379968,   2.443788178e-06,                 0,   0.0002812384989,    0.003126620633
          0,           0,        1623,      -11.14375257,      -11.04192737,      -12.08441523,      -11.43315877,      -14.43737446,     0.01574983121,    0.008689382907,   2.433545414e-06,                 0,                 0,                 0,   4.096333682e-07,    0.008689382907,   2.433545414e-06,                 0,    0.000280059636,    0.003126620633
          0,           0,        1624,      -11.14480249,      -11.04467343,      -12.08621244,      -11.43528506,      -14.44014403,     0.01574983121,    0.008689385827,   2.423339448e-06,                 0,                 0,                 0,   4.079048588e-07,    0.008689385827,   2.423339448e-06,                 0,   0.0002788850094,    0.003126620633
          0,           0,        1625,      -11.14585227,      -11.04741992,      -12.08800518,      -11.43740911,      -14.44291412,     0.01574983121,    0.008689388728,   2.413170166e-06,                 0,                 0,                 0,   4.061823916e-07,    0.008689388728,   2.413170166e-06,                 0,   0.0002777146059,    0.003126620633
          0,           0,        1626,      -11.14690243,      -11.05016642,      -12.08979433,      -11.43953165,      -14.44568474,     0.01574983121,    0.008689391611,   2.403037399e-06,                 0,                 0,                 0,   4.044659355e-07,    0.008689391611,   2.403037399e-06,                 0,    0.000276548406,    0.003126620633
          0,           0,        1627,      -11.14795322,      -11.05291299,      -12.09156909,      -11.44165121,       -14.4484559,     0.01574983121,    0.008689394475,   2.392941029e-06,                 0,                 0,                 0,   4.027554736e-07,    0.008689394475,   2.392941029e-06,                 0,   0.0002753863961,    0.003126620633
          0,           0,        1628,      -11.14900498,      -11.05565989,      -12.09334852,      -11.44377143,      -14.45122762,     0.01574983121,    0.008689397321,   2.382880874e-06,                 0,                 0,                 0,    4.01050971e-07,    0.008689397321,   2.382880874e-06,                 0,   0.0002742285554,    0.003126620633
          0,           0,        1629,      -11.15005693,      -11.05840706,      -12.09510825,      -11.44589096,      -14.45399991,     0.01574983121,    0.008689400149,   2.372856797e-06,                 0,                 0,                 0,   3.993524092e-07,    0.008689400149,   2.372856797e-06,                 0,   0.0002730748679,    0.003126620633
          0,           0,        1630,      -11.15110938,      -11.06115436,      -12.09687353,      -11.44800836,      -14.45677278,     0.01574983121,    0.008689402958,   2.362868656e-06,                 0,                 0,                 0,   3.976597627e-07,    0.008689402958,   2.362868656e-06,                 0,   0.0002719253172,    0.003126620633
          0,           0,        1631,      -11.15216205,      -11.06390163,      -12.09863288,      -11.45011843,      -14.45954625,     0.01574983121,    0.008689405749,   2.352916309e-06,                 0,                 0,                 0,   3.959730072e-07,    0.008689405749,   2.352916309e-06,                 0,   0.0002707798872,    0.003126620633
          0,           0,        1632,       -11.1532157,      -11.06664913,      -12.10037316,      -11.45222996,      -14.46232031,     0.01574983121,    0.008689408523,   2.342999617e-06,                 0,                 0,                 0,   3.942921219e-07,    0.008689408523,   2.342999617e-06,                 0,   0.0002696385618,    0.003126620633
          0,           0,        1633,      -11.15426968,      -11.06939652,      -12.10212787,      -11.45433418,        -14.465095,     0.01574983121,    0.008689411278,   2.333118457e-06,                 0,                 0,                 0,   3.926170946e-07,    0.008689411278,   2.333118457e-06,                 0,   0.0002685013267,    0.003126620633
          0,           0,        1634,      -11.15532361,      -11.07214426,      -12.10386084,      -11.45644085,      -14.46787031,     0.01574983121,    0.008689414016,   2.323272652e-06,                 0,                 0,                 0,   3.909478895e-07,    0.008689414016,   2.323272652e-06,                 0,   0.0002673681617,    0.003126620633
          0,           0,        1635,      -11.15637907,      -11.07489209,      -12.10558869,      -11.45854553,      -14.47064627,     0.01574983121,    0.008689416737,   2.313462074e-06,                 0,                 0,                 0,   3.892844774e-07,    0.008689416737,   2.313462074e-06,                 0,    0.000266239052,    0.003126620633
          0,           0,        1636,      -11.15743445,      -11.07763998,        -12.107322,      -11.46064783,      -14.47342287,     0.01574983121,    0.008689419439,   2.303686606e-06,                 0,                 0,                 0,   3.876268515e-07,    0.008689419439,   2.303686606e-06,                 0,   0.0002651139839,    0.003126620633
          0,           0,        1637,      -11.15848999,      -11.08038816,      -12.10904253,      -11.46274989,      -14.47620014,     0.01574983121,    0.008689422125,   2.293946093e-06,                 0,                 0,                 0,    3.85974982e-07,    0.008689422125,   2.293946093e-06,                 0,     0.00026399294,    0.003126620633
          0,           0,        1638,       -11.1595466,      -11.08313623,      -12.11076594,      -11.46484553,      -14.47897809,     0.01574983121,    0.008689424793,   2.284240421e-06,                 0,                 0,                 0,   3.843288518e-07,    0.008689424793,   2.284240421e-06,                 0,   0.0002628759067,    0.003126620633
          0,           0,        1639,      -11.16060298,      -11.08588445,      -12.11247575,      -11.46694579,      -14.48175672,     0.01574983121,    0.008689427444,   2.274569415e-06,                 0,                 0,                 0,   3.826884292e-07,    0.008689427444,   2.274569415e-06,                 0,    0.000261762864,    0.003126620633
          0,           0,        1640,      -11.16166048,      -11.08863258,      -12.11417518,      -11.46903748,      -14.48453605,     0.01574983121,    0.008689430078,   2.264932976e-06,                 0,                 0,                 0,   3.810536992e-07,    0.008689430078,   2.264932976e-06,                 0,   0.0002606538008,    0.003126620633
          0,           0,        1641,      -11.16271784,      -11.09138114,      -12.11588386,      -11.47112933,      -14.48731609,     0.01574983121,    0.008689432695,   2.255330974e-06,                 0,                 0,                 0,   3.794246467e-07,    0.008689432695,   2.255330974e-06,                 0,   0.0002595487016,    0.003126620633
          0,           0,        1642,      -11.16377619,       -11.0941294,      -12.11757689,      -11.47321834,      -14.49009685,     0.01574983121,    0.008689435296,   2.245763254e-06,                 0,                 0,                 0,   3.778012379e-07,    0.008689435296,   2.245763254e-06,                 0,    0.000258447549,    0.003126620633
          0,           0,        1643,      -11.16483551,      -11.09687779,       -12.1192562,      -11.47530416,      -14.49287835,     0.01574983121,    0.008689437879,    2.23622972e-06,                 0,                 0,                 0,    3.76183463e-07,    0.008689437879,    2.23622972e-06,                 0,   0.0002573503317,    0.003126620633
          0,           0,        1644,      -11.16589432,      -11.09962632,      -12.12094604,       -11.4773886,      -14.49566059,     0.01574983121,    0.008689440446,   2.226730222e-06,                 0,                 0,                 0,   3.745712972e-07,    0.008689440446,   2.226730222e-06,                 0,   0.0002562570324,    0.003126620633
          0,           0,        1645,        -11.166954,      -11.10237496,      -12.12261551,       -11.4794735,      -14.49844361,     0.01574983121,    0.008689442996,   2.217264616e-06,                 0,                 0,                 0,   3.729647154e-07,    0.008689442996,   2.217264616e-06,                 0,   0.0002551676347,    0.003126620633
          0,           0,        1646,      -11.16801411,      -11.10512356,      -12.12428732,      -11.48155885,      -14.50122741,     0.01574983121,     0.00868944553,   2.207832772e-06,                 0,                 0,                 0,   3.713636899e-07,     0.00868944553,   2.207832772e-06,                 0,   0.0002540821234,    0.003126620633
          0,           0,        1647,      -11.16907477,      -11.10787227,      -12.12595569,      -11.48363746,      -14.50401199,     0.01574983121,    0.008689448048,   2.198434605e-06,                 0,                 0,                 0,   3.697682179e-07,    0.008689448048,   2.198434605e-06,                 0,   0.0002530004889,    0.003126620633
          0,           0,        1648,      -11.17013611,      -11.11062081,      -12.12762312,      -11.48571041,      -14.50679735,     0.01574983121,     0.00868945055,   2.189069978e-06,                 0,                 0,                 0,   3.681782748e-07,     0.00868945055,   2.189069978e-06,                 0,   0.0002519227154,    0.003126620633
          0,           0,        1649,      -11.17119767,      -11.11336938,      -12.12927968,       -11.4877878,      -14.50958352,     0.01574983121,    0.008689453035,   2.179738748e-06,                 0,                 0,                 0,   3.665938313e-07,    0.008689453035,   2.179738748e-06,                 0,   0.0002508487864,    0.003126620633
          0,           0,        1650,       -11.1722597,      -11.11611826,      -12.13093255,      -11.48986184,       -14.5123705,     0.01574983121,    0.008689455505,   2.170440787e-06,                 0,                 0,                 0,   3.650148702e-07,    0.008689455505,   2.170440787e-06,                 0,    0.000249778687,    0.003126620633
          0,           0,        1651,      -11.17332238,       -11.1188667,       -12.1325705,      -11.49192924,       -14.5151583,     0.01574983121,    0.008689457958,   2.161176003e-06,                 0,                 0,                 0,   3.634413814e-07,    0.008689457958,   2.161176003e-06,                 0,   0.0002487124069,    0.003126620633
          0,           0,        1652,      -11.17438573,      -11.12161528,      -12.13420798,      -11.49399817,      -14.51794693,     0.01574983121,    0.008689460396,    2.15194425e-06,                 0,                 0,                 0,   3.618733385e-07,    0.008689460396,    2.15194425e-06,                 0,   0.0002476499289,    0.003126620633
          0,           0,        1653,      -11.17544895,      -11.12436402,      -12.13585028,      -11.49606958,       -14.5207364,     0.01574983121,    0.008689462818,   2.142745412e-06,                 0,                 0,                 0,   3.603107162e-07,    0.008689462818,   2.142745412e-06,                 0,   0.0002465912401,    0.003126620633
          0,           0,        1654,      -11.17651308,      -11.12711244,      -12.13747045,      -11.49812935,      -14.52352673,     0.01574983121,    0.008689465225,    2.13357937e-06,                 0,                 0,                 0,   3.587534978e-07,    0.008689465225,    2.13357937e-06,                 0,   0.0002455363265,    0.003126620633
          0,           0,        1655,      -11.17757756,      -11.12986085,      -12.13910138,       -11.5001924,      -14.52631792,     0.01574983121,    0.008689467616,   2.124446014e-06,                 0,                 0,                 0,   3.572016733e-07,    0.008689467616,   2.124446014e-06,                 0,   0.0002444851754,    0.003126620633
          0,           0,        1656,      -11.17864263,      -11.13260926,      -12.14071702,      -11.50225348,      -14.52910997,     0.01574983121,    0.008689469991,   2.115345211e-06,                 0,                 0,                 0,   3.556552125e-07,    0.008689469991,   2.115345211e-06,                 0,   0.0002434377716,    0.003126620633
          0,           0,        1657,      -11.17970777,      -11.13535776,      -12.14233991,      -11.50431234,      -14.53190291,     0.01574983121,    0.008689472351,   2.106276874e-06,                 0,                 0,                 0,   3.541141061e-07,    0.008689472351,   2.106276874e-06,                 0,    0.000242394105,    0.003126620633
          0,           0,        1658,       -11.1807737,      -11.13810591,      -12.14394251,      -11.50636562,      -14.53469674,     0.01574983121,    0.008689474697,   2.097240856e-06,                 0,                 0,                 0,   3.525783252e-07,    0.008689474697,   2.097240856e-06,                 0,   0.0002413541589,    0.003126620633
          0,           0,        1659,      -11.18184044,      -11.14085403,        -12.145547,       -11.5084193,      -14.53749146,     0.01574983121,    0.008689477027,   2.088237055e-06,                 0,                 0,                 0,    3.51047855e-07,    0.008689477027,   2.088237055e-06,                 0,   0.0002403179212,    0.003126620633
          0,           0,        1660,      -11.18290704,      -11.14360219,      -12.14714052,      -11.51046973,      -14.54028709,     0.01574983121,    0.008689479342,   2.079265355e-06,                 0,                 0,                 0,    3.49522681e-07,    0.008689479342,   2.079265355e-06,                 0,   0.0002392853787,    0.003126620633
          0,           0,        1661,      -11.18397452,      -11.14635017,       -12.1487366,      -11.51251923,      -14.54308363,     0.01574983121,    0.008689481642,   2.070325627e-06,                 0,                 0,                 0,   3.480027779e-07,    0.008689481642,   2.070325627e-06,                 0,   0.0002382565166,    0.003126620633
          0,           0,        1662,      -11.18504228,        -11.149098,      -12.15033199,      -11.51456704,      -14.54588109,     0.01574983121,    0.008689483927,   2.061417782e-06,                 0,                 0,                 0,   3.464881331e-07,    0.008689483927,   2.061417782e-06,                 0,   0.0002372313245,    0.003126620633
          0,           0,        1663,      -11.18611059,      -11.15184558,      -12.15191961,      -11.51660735,      -14.54867949,     0.01574983121,    0.008689486198,   2.052541692e-06,                 0,                 0,                 0,   3.449787249e-07,    0.008689486198,   2.052541692e-06,                 0,   0.0002362097879,    0.003126620633
          0,           0,        1664,      -11.18717984,       -11.1545931,      -12.15348606,      -11.51865414,      -14.55147883,     0.01574983121,    0.008689488454,   2.043697259e-06,                 0,                 0,                 0,    3.43474535e-07,    0.008689488454,   2.043697259e-06,                 0,   0.0002351918953,    0.003126620633
          0,           0,        1665,      -11.18824856,      -11.15734095,      -12.15506674,      -11.52069742,      -14.55427911,     0.01574983121,    0.008689490695,   2.034884385e-06,                 0,                 0,                 0,   3.419755533e-07,    0.008689490695,   2.034884385e-06,                 0,   0.0002341776356,    0.003126620633
          0,           0,        1666,       -11.1893185,      -11.16008799,      -12.15663518,      -11.52273175,      -14.55708035,     0.01574983121,    0.008689492922,   2.026102919e-06,                 0,                 0,                 0,   3.404817522e-07,    0.008689492922,   2.026102919e-06,                 0,   0.0002331669912,    0.003126620633
          0,           0,        1667,      -11.19038853,      -11.16283502,      -12.15819474,      -11.52476784,      -14.55988254,     0.01574983121,    0.008689495135,   2.017352774e-06,                 0,                 0,                 0,   3.389931156e-07,    0.008689495135,   2.017352774e-06,                 0,    0.000232159952,    0.003126620633
          0,           0,        1668,      -11.19145925,        -11.165582,       -12.1597603,      -11.52680389,      -14.56268571,     0.01574983121,    0.008689497334,   2.008633842e-06,                 0,                 0,                 0,   3.375096263e-07,    0.008689497334,   2.008633842e-06,                 0,    0.000231156506,    0.003126620633
          0,           0,        1669,      -11.19253027,      -11.16832864,      -12.16131697,      -11.52883449,      -14.56548985,     0.01574983121,    0.008689499518,   1.999946035e-06,                 0,                 0,                 0,    3.36031271e-07,    0.008689499518,   1.999946035e-06,                 0,   0.0002301566426,    0.003126620633
          0,           0,        1670,       -11.1936019,      -11.17107532,      -12.16286133,      -11.53086176,      -14.56829497,     0.01574983121,    0.008689501688,   1.991289223e-06,                 0,                 0,                 0,   3.345580341e-07,    0.008689501688,   1.991289223e-06,                 0,   0.0002291603472,    0.003126620633
          0,           0,        1671,      -11.19467401,      -11.17382166,      -12.16441093,      -11.53288981,      -14.57110108,     0.01574983121,    0.008689503844,   1.982663305e-06,                 0,                 0,                 0,   3.330898889e-07,    0.008689503844,   1.982663305e-06,                 0,   0.0002281676077,    0.003126620633
          0,           0,        1672,      -11.19574689,      -11.17656778,      -12.16595536,      -11.53491697,      -14.57390817,     0.01574983121,    0.008689505987,   1.974068179e-06,                 0,                 0,                 0,   3.316268281e-07,    0.008689505987,   1.974068179e-06,                 0,    0.000227178413,    0.003126620633
          0,           0,        1673,      -11.19681957,       -11.1793135,       -12.1674873,      -11.53693757,      -14.57671627,     0.01574983121,    0.008689508115,   1.965503746e-06,                 0,                 0,                 0,   3.301688278e-07,    0.008689508115,   1.965503746e-06,                 0,   0.0002261927511,    0.003126620633
          0,           0,        1674,      -11.19789313,      -11.18205895,      -12.16902349,      -11.53895576,      -14.57952536,     0.01574983121,     0.00868951023,   1.956969904e-06,                 0,                 0,                 0,   3.287158728e-07,     0.00868951023,   1.956969904e-06,                 0,   0.0002252106105,    0.003126620633
          0,           0,        1675,      -11.19896664,      -11.18480455,      -12.17056129,      -11.54097879,      -14.58233547,     0.01574983121,    0.008689512331,   1.948466548e-06,                 0,                 0,                 0,   3.272679504e-07,    0.008689512331,   1.948466548e-06,                 0,   0.0002242319791,    0.003126620633
          0,           0,        1676,      -11.20004144,      -11.18754991,      -12.17206789,      -11.54299477,      -14.58514658,     0.01574983121,    0.008689514419,   1.939993553e-06,                 0,                 0,                 0,   3.258250379e-07,    0.008689514419,   1.939993553e-06,                 0,   0.0002232568426,    0.003126620633
          0,           0,        1677,      -11.20111608,      -11.19029437,      -12.17359756,       -11.5450051,      -14.58795872,     0.01574983121,    0.008689516493,    1.93155085e-06,                 0,                 0,                 0,   3.243871279e-07,    0.008689516493,    1.93155085e-06,                 0,   0.0002222851929,    0.003126620633
          0,           0,        1678,      -11.20219183,      -11.19303904,      -12.17510386,      -11.54701924,      -14.59077192,     0.01574983121,    0.008689518554,   1.923138329e-06,                 0,                 0,                 0,   3.229541954e-07,    0.008689518554,   1.923138329e-06,                 0,   0.0002213170174,    0.003126620633
          0,           0,        1679,      -11.20326776,      -11.19578356,      -12.17660737,      -11.54902917,      -14.59358613,     0.01574983121,    0.008689520601,   1.914755896e-06,                 0,                 0,                 0,   3.215262311e-07,    0.008689520601,   1.914755896e-06,                 0,   0.0002203523053,    0.003126620633
          0,           0,        1680,       -11.2043437,      -11.19852763,      -12.17812325,      -11.55104095,      -14.59640138,     0.01574983121,    0.008689522636,   1.906403425e-06,                 0,                 0,                 0,   3.201032048e-07,    0.008689522636,   1.906403425e-06,                 0,    0.000219391042,    0.003126620633
          0,           0,        1681,      -11.20542114,      -11.20127105,      -12.17962395,      -11.55303947,      -14.59921765,     0.01574983121,    0.008689524657,   1.898080835e-06,                 0,                 0,                 0,   3.186851149e-07,    0.008689524657,   1.898080835e-06,                 0,   0.0002184332182,    0.003126620633
          0,           0,        1682,      -11.20649824,      -11.20401449,      -12.18111681,      -11.55504009,      -14.60203496,     0.01574983121,    0.008689526665,   1.889788038e-06,                 0,                 0,                 0,   3.172719407e-07,    0.008689526665,   1.889788038e-06,                 0,   0.0002174788238,    0.003126620633
          0,           0,        1683,      -11.20757586,      -11.20675728,      -12.18260992,      -11.55704154,       -14.6048533,     0.01574983121,    0.008689528661,   1.881524954e-06,                 0,                 0,                 0,   3.158636815e-07,    0.008689528661,   1.881524954e-06,                 0,   0.0002165278494,    0.003126620633
          0,           0,        1684,      -11.20865394,      -11.20949989,      -12.18409559,      -11.55904078,      -14.60767268,     0.01574983121,    0.008689530643,   1.873291441e-06,                 0,                 0,                 0,   3.144602938e-07,    0.008689530643,   1.873291441e-06,                 0,    0.000215580279,    0.003126620633
          0,           0,        1685,      -11.20973265,      -11.21224228,       -12.1855778,      -11.56103824,       -14.6104931,     0.01574983121,    0.008689532613,   1.865087426e-06,                 0,                 0,                 0,   3.130617746e-07,    0.008689532613,   1.865087426e-06,                 0,    0.000214636104,    0.003126620633
          0,           0,        1686,      -11.21081144,      -11.21498391,      -12.18705883,      -11.56303127,      -14.61331456,     0.01574983121,     0.00868953457,   1.856912796e-06,                 0,                 0,                 0,   3.116681074e-07,     0.00868953457,   1.856912796e-06,                 0,   0.0002136953114,    0.003126620633
          0,           0,        1687,      -11.21189165,      -11.21772541,      -12.18853709,       -11.5650232,      -14.61613707,     0.01574983121,    0.008689536514,   1.848767489e-06,                 0,                 0,                 0,   3.102792843e-07,    0.008689536514,   1.848767489e-06,                 0,   0.0002127578941,    0.003126620633
          0,           0,        1688,       -11.2129714,      -11.22046619,      -12.19001687,      -11.56700839,      -14.61896062,     0.01574983121,    0.008689538446,   1.840651407e-06,                 0,                 0,                 0,   3.088952852e-07,    0.008689538446,   1.840651407e-06,                 0,   0.0002118238407,    0.003126620633
          0,           0,        1689,        -11.214052,      -11.22320715,      -12.19147066,      -11.56899994,      -14.62178521,     0.01574983121,    0.008689540365,   1.832564442e-06,                 0,                 0,                 0,   3.075160963e-07,    0.008689540365,   1.832564442e-06,                 0,   0.0002108931388,    0.003126620633
          0,           0,        1690,      -11.21513281,      -11.22594733,      -12.19294092,      -11.57098854,      -14.62461085,     0.01574983121,    0.008689542272,   1.824506494e-06,                 0,                 0,                 0,   3.061416964e-07,    0.008689542272,   1.824506494e-06,                 0,   0.0002099657769,    0.003126620633
          0,           0,        1691,      -11.21621459,       -11.2286871,      -12.19439383,       -11.5729689,      -14.62743754,     0.01574983121,    0.008689544167,   1.816477487e-06,                 0,                 0,                 0,   3.047720787e-07,    0.008689544167,   1.816477487e-06,                 0,   0.0002090417463,    0.003126620633
          0,           0,        1692,       -11.2172966,      -11.23142641,      -12.19584874,      -11.57494836,      -14.63026527,     0.01574983121,    0.008689546049,    1.80847733e-06,                 0,                 0,                 0,   3.034072204e-07,    0.008689546049,    1.80847733e-06,                 0,   0.0002081210364,    0.003126620633
          0,           0,        1693,      -11.21837888,      -11.23416509,      -12.19731328,       -11.5769212,      -14.63309405,     0.01574983121,     0.00868954792,   1.800505927e-06,                 0,                 0,                 0,   3.020471113e-07,     0.00868954792,   1.800505927e-06,                 0,   0.0002072036363,    0.003126620633
          0,           0,        1694,      -11.21946128,      -11.23690345,      -12.19876006,      -11.57889971,      -14.63592389,     0.01574983121,    0.008689549778,   1.792563186e-06,                 0,                 0,                 0,   3.006917369e-07,    0.008689549778,   1.792563186e-06,                 0,   0.0002062895353,    0.003126620633
          0,           0,        1695,      -11.22054445,      -11.23964124,      -12.20019873,      -11.58087288,      -14.63875476,     0.01574983121,    0.008689551624,   1.784649025e-06,                 0,                 0,                 0,   2.993410833e-07,    0.008689551624,   1.784649025e-06,                 0,   0.0002053787241,    0.003126620633
          0,           0,        1696,      -11.22162825,      -11.24237883,      -12.20164214,      -11.58285087,      -14.64158669,     0.01574983121,    0.008689553459,   1.776763357e-06,                 0,                 0,                 0,   2.979951401e-07,    0.008689553459,   1.776763357e-06,                 0,   0.0002044711923,    0.003126620633
          0,           0,        1697,       -11.2227126,      -11.24511559,      -12.20307699,      -11.58481705,      -14.64441967,     0.01574983121,    0.008689555281,   1.768906081e-06,                 0,                 0,                 0,   2.966538832e-07,    0.008689555281,   1.768906081e-06,                 0,   0.0002035669288,    0.003126620633
          0,           0,        1698,      -11.22379719,      -11.24785204,      -12.20450455,       -11.5867833,       -14.6472537,     0.01574983121,    0.008689557092,   1.761077127e-06,                 0,                 0,                 0,   2.953173068e-07,    0.008689557092,   1.761077127e-06,                 0,   0.0002026659251,    0.003126620633
          0,           0,        1699,      -11.22488225,      -11.25058736,      -12.20593676,      -11.58874431,      -14.65008878,     0.01574983121,    0.008689558891,   1.753276398e-06,                 0,                 0,                 0,   2.939853913e-07,    0.008689558891,   1.753276398e-06,                 0,   0.0002017681703,    0.003126620633
          0,           0,        1700,      -11.22596767,      -11.25332252,      -12.20736617,      -11.59070749,      -14.65292492,     0.01574983121,    0.008689560679,   1.745503796e-06,                 0,                 0,                 0,   2.926581196e-07,    0.008689560679,   1.745503796e-06,                 0,    0.000200873653,    0.003126620633
          0,           0,        1701,      -11.22705397,      -11.25605733,      -12.20879014,      -11.59266734,       -14.6557621,     0.01574983121,    0.008689562455,   1.737759241e-06,                 0,                 0,                 0,   2.913354838e-07,    0.008689562455,   1.737759241e-06,                 0,   0.0001999823639,    0.003126620633
          0,           0,        1702,      -11.22814018,       -11.2587917,      -12.21021098,      -11.59462857,      -14.65860033,     0.01574983121,    0.008689564219,   1.730042664e-06,                 0,                 0,                 0,   2.900174751e-07,    0.008689564219,   1.730042664e-06,                 0,   0.0001990942952,    0.003126620633
          0,           0,        1703,      -11.22922726,      -11.26152517,      -12.21162177,      -11.59658556,      -14.66143962,     0.01574983121,    0.008689565973,    1.72235397e-06,                 0,                 0,                 0,   2.887040739e-07,    0.008689565973,    1.72235397e-06,                 0,   0.0001982094359,    0.003126620633
          0,           0,        1704,      -11.23031451,      -11.26425808,       -12.2130354,      -11.59853668,      -14.66427995,     0.01574983121,    0.008689567715,    1.71469307e-06,                 0,                 0,                 0,   2.873952642e-07,    0.008689567715,    1.71469307e-06,                 0,   0.0001973277758,    0.003126620633
          0,           0,        1705,      -11.23140272,      -11.26699025,      -12.21444401,      -11.60048806,      -14.66712133,     0.01574983121,    0.008689569445,   1.707059907e-06,                 0,                 0,                 0,   2.860910418e-07,    0.008689569445,   1.707059907e-06,                 0,   0.0001964493083,    0.003126620633
          0,           0,        1706,      -11.23249088,      -11.26972194,      -12.21585522,      -11.60244043,      -14.66996377,     0.01574983121,    0.008689571165,   1.699454353e-06,                 0,                 0,                 0,   2.847913734e-07,    0.008689571165,   1.699454353e-06,                 0,   0.0001955740186,    0.003126620633
          0,           0,        1707,      -11.23357971,      -11.27245283,      -12.21725626,       -11.6043829,      -14.67280725,     0.01574983121,    0.008689572873,   1.691876353e-06,                 0,                 0,                 0,   2.834962635e-07,    0.008689572873,   1.691876353e-06,                 0,   0.0001947019006,    0.003126620633
          0,           0,        1708,      -11.23466867,      -11.27518309,      -12.21864201,      -11.60633013,      -14.67565178,     0.01574983121,    0.008689574571,   1.684325816e-06,                 0,                 0,                 0,   2.822056997e-07,    0.008689574571,   1.684325816e-06,                 0,   0.0001938329434,    0.003126620633
          0,           0,        1709,      -11.23575828,      -11.27791304,      -12.22004197,      -11.60827787,      -14.67849736,     0.01574983121,    0.008689576257,   1.676802672e-06,                 0,                 0,                 0,   2.809196555e-07,    0.008689576257,   1.676802672e-06,                 0,   0.0001929671393,    0.003126620633
          0,           0,        1710,      -11.23684843,      -11.28064184,      -12.22143835,      -11.61021625,      -14.68134399,     0.01574983121,    0.008689577933,   1.669306855e-06,                 0,                 0,                 0,   2.796381355e-07,    0.008689577933,   1.669306855e-06,                 0,   0.0001921044806,    0.003126620633
          0,           0,        1711,       -11.2379388,      -11.28336999,      -12.22283016,      -11.61214906,      -14.68419168,     0.01574983121,    0.008689579597,    1.66183826e-06,                 0,                 0,                 0,   2.783611164e-07,    0.008689579597,    1.66183826e-06,                 0,   0.0001912449551,    0.003126620633
          0,           0,        1712,      -11.23902991,      -11.28609745,      -12.22420767,      -11.61408258,      -14.68704047,     0.01574983121,    0.008689581251,   1.654396778e-06,                 0,                 0,                 0,    2.77088575e-07,    0.008689581251,   1.654396778e-06,                 0,   0.0001903885504,    0.003126620633
          0,           0,        1713,      -11.24012143,      -11.28882443,      -12.22558786,      -11.61602332,      -14.68989032,     0.01574983121,    0.008689582895,   1.646982382e-06,                 0,                 0,                 0,    2.75820512e-07,    0.008689582895,   1.646982382e-06,                 0,   0.0001895352633,    0.003126620633
          0,           0,        1714,      -11.24121338,       -11.2915508,       -12.2269798,      -11.61795561,      -14.69274121,     0.01574983121,    0.008689584527,   1.639594968e-06,                 0,                 0,                 0,   2.745569112e-07,    0.008689584527,   1.639594968e-06,                 0,   0.0001886850819,    0.003126620633
          0,           0,        1715,       -11.2423054,      -11.29427609,      -12.22834981,      -11.61988268,      -14.69559315,     0.01574983121,     0.00868958615,   1.632234473e-06,                 0,                 0,                 0,   2.732977702e-07,     0.00868958615,   1.632234473e-06,                 0,   0.0001878379988,    0.003126620633
          0,           0,        1716,      -11.24339862,      -11.29700013,      -12.22972794,      -11.62180341,      -14.69844614,     0.01574983121,    0.008689587761,   1.624900807e-06,                 0,                 0,                 0,   2.720430598e-07,    0.008689587761,   1.624900807e-06,                 0,   0.0001869940039,    0.003126620633
          0,           0,        1717,      -11.24449165,      -11.29972395,      -12.23110023,      -11.62372648,      -14.70130018,     0.01574983121,    0.008689589363,   1.617593898e-06,                 0,                 0,                 0,    2.70792776e-07,    0.008689589363,   1.617593898e-06,                 0,   0.0001861530886,    0.003126620633
          0,           0,        1718,      -11.24558516,      -11.30244677,       -12.2324582,      -11.62564907,      -14.70415527,     0.01574983121,    0.008689590954,   1.610313661e-06,                 0,                 0,                 0,   2.695469026e-07,    0.008689590954,   1.610313661e-06,                 0,   0.0001853152432,    0.003126620633
          0,           0,        1719,      -11.24667942,      -11.30516896,      -12.23383676,      -11.62757284,      -14.70701141,     0.01574983121,    0.008689592535,   1.603060023e-06,                 0,                 0,                 0,   2.683054269e-07,    0.008689592535,   1.603060023e-06,                 0,   0.0001844804594,    0.003126620633
          0,           0,        1720,       -11.2477738,      -11.30789058,      -12.23518472,      -11.62949661,      -14.70986861,     0.01574983121,    0.008689594105,   1.595832926e-06,                 0,                 0,                 0,   2.670683445e-07,    0.008689594105,   1.595832926e-06,                 0,   0.0001836487305,    0.003126620633
          0,           0,        1721,      -11.24886887,      -11.31061118,       -12.2365454,      -11.63141261,      -14.71272685,     0.01574983121,    0.008689595666,   1.588632252e-06,                 0,                 0,                 0,   2.658356319e-07,    0.008689595666,   1.588632252e-06,                 0,   0.0001828200429,    0.003126620633
          0,           0,        1722,      -11.24996493,      -11.31333045,      -12.23791054,      -11.63332572,      -14.71558614,     0.01574983121,    0.008689597216,   1.581457929e-06,                 0,                 0,                 0,   2.646072755e-07,    0.008689597216,   1.581457929e-06,                 0,   0.0001819943882,    0.003126620633
          0,           0,        1723,      -11.25106043,       -11.3160495,      -12.23926776,      -11.63523902,      -14.71844648,     0.01574983121,    0.008689598757,    1.57430994e-06,                 0,                 0,                 0,   2.633832799e-07,    0.008689598757,    1.57430994e-06,                 0,   0.0001811717645,    0.003126620633
          0,           0,        1724,      -11.25215696,      -11.31876728,      -12.24061097,      -11.63714467,      -14.72130788,     0.01574983121,    0.008689600287,   1.567188186e-06,                 0,                 0,                 0,   2.621636307e-07,    0.008689600287,   1.567188186e-06,                 0,   0.0001803521605,    0.003126620633
          0,           0,        1725,      -11.25325333,      -11.32148457,      -12.24196078,      -11.63905351,      -14.72417033,     0.01574983121,    0.008689601808,    1.56009258e-06,                 0,                 0,                 0,   2.609483045e-07,    0.008689601808,    1.56009258e-06,                 0,   0.0001795355662,    0.003126620633
          0,           0,        1726,      -11.25435125,      -11.32420055,       -12.2433089,      -11.64095837,      -14.72703383,     0.01574983121,    0.008689603319,   1.553023041e-06,                 0,                 0,                 0,    2.59737294e-07,    0.008689603319,   1.553023041e-06,                 0,   0.0001787219719,    0.003126620633
          0,           0,        1727,      -11.25544873,      -11.32691562,      -12.24465142,      -11.64285979,      -14.72989839,     0.01574983121,     0.00868960482,   1.545979488e-06,                 0,                 0,                 0,   2.585305821e-07,     0.00868960482,   1.545979488e-06,                 0,   0.0001779113688,    0.003126620633
          0,           0,        1728,      -11.25654679,      -11.32962935,      -12.24598618,      -11.64475746,        -14.732764,     0.01574983121,    0.008689606311,   1.538961872e-06,                 0,                 0,                 0,    2.57328164e-07,    0.008689606311,   1.538961872e-06,                 0,   0.0001771037509,    0.003126620633
          0,           0,        1729,      -11.25764557,      -11.33234262,      -12.24733561,      -11.64665837,      -14.73563068,     0.01574983121,    0.008689607793,   1.531970126e-06,                 0,                 0,                 0,   2.561300295e-07,    0.008689607793,   1.531970126e-06,                 0,   0.0001762991107,    0.003126620633
          0,           0,        1730,      -11.25874412,      -11.33505492,      -12.24867147,      -11.64855233,      -14.73849842,     0.01574983121,    0.008689609265,   1.525004159e-06,                 0,                 0,                 0,   2.549361588e-07,    0.008689609265,   1.525004159e-06,                 0,   0.0001754974375,    0.003126620633
          0,           0,        1731,        -11.259844,      -11.33776594,      -12.24999786,      -11.65044806,      -14.74136722,     0.01574983121,    0.008689610728,   1.518063921e-06,                 0,                 0,                 0,   2.537465517e-07,    0.008689610728,   1.518063921e-06,                 0,   0.0001746987257,    0.003126620633
          0,           0,        1732,      -11.26094388,      -11.34047642,      -12.25131811,      -11.65233679,       -14.7442371,     0.01574983121,    0.008689612181,   1.511149304e-06,                 0,                 0,                 0,    2.52561187e-07,    0.008689612181,   1.511149304e-06,                 0,   0.0001739029628,    0.003126620633
          0,           0,        1733,      -11.26204386,      -11.34318545,      -12.25266567,      -11.65422575,      -14.74710804,     0.01574983121,    0.008689613625,   1.504260263e-06,                 0,                 0,                 0,   2.513800527e-07,    0.008689613625,   1.504260263e-06,                 0,   0.0001731101436,    0.003126620633
          0,           0,        1734,      -11.26314468,      -11.34589366,      -12.25397994,      -11.65611403,      -14.74998007,     0.01574983121,     0.00868961506,   1.497396735e-06,                 0,                 0,                 0,   2.502031471e-07,     0.00868961506,   1.497396735e-06,                 0,    0.000172320261,    0.003126620633
          0,           0,        1735,      -11.26424594,      -11.34860086,      -12.25530961,      -11.65800077,      -14.75285317,     0.01574983121,    0.008689616485,    1.49055864e-06,                 0,                 0,                 0,   2.490304521e-07,    0.008689616485,    1.49055864e-06,                 0,   0.0001715333056,    0.003126620633
          0,           0,        1736,      -11.26534716,       -11.3513071,      -12.25663703,      -11.65988545,      -14.75572736,     0.01574983121,    0.008689617902,   1.483745913e-06,                 0,                 0,                 0,   2.478619611e-07,    0.008689617902,   1.483745913e-06,                 0,     0.00017074927,    0.003126620633
          0,           0,        1737,      -11.26644907,       -11.3540118,      -12.25795725,       -11.6617607,      -14.75860264,     0.01574983121,    0.008689619309,   1.476958469e-06,                 0,                 0,                 0,   2.466976558e-07,    0.008689619309,   1.476958469e-06,                 0,   0.0001699681444,    0.003126620633
          0,           0,        1738,      -11.26755158,      -11.35671554,      -12.25926711,      -11.66364095,      -14.76147901,     0.01574983121,    0.008689620707,    1.47019623e-06,                 0,                 0,                 0,   2.455375198e-07,    0.008689620707,    1.47019623e-06,                 0,   0.0001691899197,    0.003126620633
          0,           0,        1739,      -11.26865515,      -11.35941816,      -12.26058365,      -11.66551723,      -14.76435647,     0.01574983121,    0.008689622096,   1.463459169e-06,                 0,                 0,                 0,   2.443815579e-07,    0.008689622096,   1.463459169e-06,                 0,    0.000168414593,    0.003126620633
          0,           0,        1740,      -11.26975793,      -11.36212006,      -12.26188994,      -11.66739098,      -14.76723503,     0.01574983121,    0.008689623476,   1.456747192e-06,                 0,                 0,                 0,   2.432297583e-07,    0.008689623476,   1.456747192e-06,                 0,   0.0001676421534,    0.003126620633
          0,           0,        1741,      -11.27086232,      -11.36482069,      -12.26320878,      -11.66926833,       -14.7701147,     0.01574983121,    0.008689624847,   1.450060241e-06,                 0,                 0,                 0,   2.420821004e-07,    0.008689624847,   1.450060241e-06,                 0,   0.0001668725942,    0.003126620633
          0,           0,        1742,      -11.27196595,      -11.36752006,      -12.26452875,      -11.67113281,      -14.77299547,     0.01574983121,    0.008689626209,   1.443398242e-06,                 0,                 0,                 0,   2.409385777e-07,    0.008689626209,   1.443398242e-06,                 0,   0.0001661059069,    0.003126620633
          0,           0,        1743,        -11.273071,      -11.37021843,       -12.2658247,      -11.67300213,      -14.77587734,     0.01574983121,    0.008689627563,   1.436761117e-06,                 0,                 0,                 0,   2.397991763e-07,    0.008689627563,   1.436761117e-06,                 0,   0.0001653420824,    0.003126620633
          0,           0,        1744,      -11.27417592,      -11.37291554,       -12.2671368,      -11.67487007,      -14.77876033,     0.01574983121,    0.008689628908,   1.430148825e-06,                 0,                 0,                 0,   2.386638961e-07,    0.008689628908,   1.430148825e-06,                 0,   0.0001645811162,    0.003126620633
          0,           0,        1745,      -11.27528154,      -11.37561164,      -12.26843697,      -11.67673719,       -14.7816445,     0.01574983121,    0.008689630244,   1.423561274e-06,                 0,                 0,                 0,   2.375327154e-07,    0.008689630244,   1.423561274e-06,                 0,   0.0001638229976,    0.003126620633
          0,           0,        1746,      -11.27638747,      -11.37830572,      -12.26973565,      -11.67859324,      -14.78452986,     0.01574983121,    0.008689631571,   1.416998423e-06,                 0,                 0,                 0,   2.364056251e-07,    0.008689631571,   1.416998423e-06,                 0,   0.0001630677217,    0.003126620633
          0,           0,        1747,      -11.27749392,      -11.38099983,      -12.27103787,      -11.68045723,      -14.78741634,     0.01574983121,     0.00868963289,   1.410460172e-06,                 0,                 0,                 0,   2.352826129e-07,     0.00868963289,   1.410460172e-06,                 0,   0.0001623152773,    0.003126620633
          0,           0,        1748,      -11.27860065,      -11.38369126,      -12.27233332,      -11.68230361,      -14.79030394,     0.01574983121,    0.008689634201,   1.403946477e-06,                 0,                 0,                 0,   2.341636705e-07,    0.008689634201,   1.403946477e-06,                 0,   0.0001615656591,    0.003126620633
          0,           0,        1749,      -11.27970773,       -11.3863824,      -12.27364731,      -11.68416385,      -14.79319267,     0.01574983121,    0.008689635503,   1.397457282e-06,                 0,                 0,                 0,   2.330487907e-07,    0.008689635503,   1.397457282e-06,                 0,   0.0001608188607,    0.003126620633
          0,           0,        1750,      -11.28081573,      -11.38907217,         -12.27492,      -11.68601451,      -14.79608252,     0.01574983121,    0.008689636797,   1.390992529e-06,                 0,                 0,                 0,   2.319379692e-07,    0.008689636797,   1.390992529e-06,                 0,   0.0001600748755,    0.003126620633
          0,           0,        1751,      -11.28192326,      -11.39176077,      -12.27621522,      -11.68786728,       -14.7989735,     0.01574983121,    0.008689638082,   1.384552115e-06,                 0,                 0,                 0,   2.308311799e-07,    0.008689638082,   1.384552115e-06,                 0,   0.0001593336917,    0.003126620633
          0,           0,        1752,      -11.28303221,      -11.39444786,      -12.27752003,      -11.68972042,       -14.8018656,     0.01574983121,    0.008689639359,   1.378136004e-06,                 0,                 0,                 0,   2.297284184e-07,    0.008689639359,   1.378136004e-06,                 0,   0.0001585953049,    0.003126620633
          0,           0,        1753,       -11.2841412,      -11.39713325,      -12.27879793,       -11.6915618,      -14.80475883,     0.01574983121,    0.008689640628,   1.371744126e-06,                 0,                 0,                 0,   2.286296771e-07,    0.008689640628,   1.371744126e-06,                 0,   0.0001578597073,    0.003126620633
          0,           0,        1754,      -11.28525026,      -11.39981792,      -12.28009726,      -11.69341701,      -14.80765318,     0.01574983121,    0.008689641889,   1.365376417e-06,                 0,                 0,                 0,   2.275349488e-07,    0.008689641889,   1.365376417e-06,                 0,   0.0001571268914,    0.003126620633
          0,           0,        1755,      -11.28636018,      -11.40250045,      -12.28138507,      -11.69524885,      -14.81054864,     0.01574983121,    0.008689643141,   1.359032808e-06,                 0,                 0,                 0,   2.264442149e-07,    0.008689643141,   1.359032808e-06,                 0,   0.0001563968492,    0.003126620633
          0,           0,        1756,       -11.2874704,      -11.40518212,      -12.28265308,      -11.69709099,      -14.81344522,     0.01574983121,    0.008689644386,   1.352713227e-06,                 0,                 0,                 0,   2.253574673e-07,    0.008689644386,   1.352713227e-06,                 0,   0.0001556695726,    0.003126620633
          0,           0,        1757,      -11.28858057,      -11.40786306,      -12.28393994,      -11.69893607,      -14.81634291,     0.01574983121,    0.008689645622,   1.346417645e-06,                 0,                 0,                 0,    2.24274701e-07,    0.008689645622,   1.346417645e-06,                 0,    0.000154945058,    0.003126620633
          0,           0,        1758,      -11.28969236,      -11.41054173,      -12.28523199,      -11.70076763,      -14.81924171,     0.01574983121,    0.008689646851,   1.340145963e-06,                 0,                 0,                 0,   2.231959012e-07,    0.008689646851,   1.340145963e-06,                 0,   0.0001542232943,    0.003126620633
          0,           0,        1759,      -11.29080342,      -11.41321956,      -12.28651146,      -11.70260528,       -14.8221416,     0.01574983121,    0.008689648072,   1.333898135e-06,                 0,                 0,                 0,   2.221210592e-07,    0.008689648072,   1.333898135e-06,                 0,   0.0001535042759,    0.003126620633
          0,           0,        1760,      -11.29191505,      -11.41589561,       -12.2877766,      -11.70443381,      -14.82504258,     0.01574983121,    0.008689649284,     1.3276741e-06,                 0,                 0,                 0,   2.210501687e-07,    0.008689649284,     1.3276741e-06,                 0,    0.000152787996,    0.003126620633
          0,           0,        1761,       -11.2930273,       -11.4185703,      -12.28907113,      -11.70626449,      -14.82794466,     0.01574983121,    0.008689650489,   1.321473792e-06,                 0,                 0,                 0,   2.199832182e-07,    0.008689650489,   1.321473792e-06,                 0,   0.0001520744469,    0.003126620633
          0,           0,        1762,      -11.29414017,      -11.42124358,      -12.29034282,       -11.7080939,      -14.83084781,     0.01574983121,    0.008689651687,   1.315297138e-06,                 0,                 0,                 0,    2.18920192e-07,    0.008689651687,   1.315297138e-06,                 0,   0.0001513636202,    0.003126620633
          0,           0,        1763,      -11.29525337,      -11.42391497,      -12.29162536,      -11.70992011,      -14.83375204,     0.01574983121,    0.008689652876,   1.309144076e-06,                 0,                 0,                 0,   2.178610786e-07,    0.008689652876,   1.309144076e-06,                 0,   0.0001506555089,    0.003126620633
          0,           0,        1764,      -11.29636659,      -11.42658459,      -12.29289495,      -11.71173815,      -14.83665733,     0.01574983121,    0.008689654058,   1.303014576e-06,                 0,                 0,                 0,    2.16805878e-07,    0.008689654058,   1.303014576e-06,                 0,   0.0001499501094,    0.003126620633
          0,           0,        1765,      -11.29748122,       -11.4292535,      -12.29416519,      -11.71356299,      -14.83956369,     0.01574983121,    0.008689655232,   1.296908557e-06,                 0,                 0,                 0,   2.157545791e-07,    0.008689655232,   1.296908557e-06,                 0,   0.0001492474122,    0.003126620633
          0,           0,        1766,      -11.29859602,      -11.43192138,       -12.2954376,      -11.71539227,      -14.84247111,     0.01574983121,    0.008689656399,   1.290825956e-06,                 0,                 0,                 0,   2.147071708e-07,    0.008689656399,   1.290825956e-06,                 0,   0.0001485474104,    0.003126620633
          0,           0,        1767,      -11.29971036,      -11.43458703,      -12.29671338,       -11.7172071,      -14.84537957,     0.01574983121,    0.008689657558,   1.284766721e-06,                 0,                 0,                 0,   2.136636437e-07,    0.008689657558,   1.284766721e-06,                 0,   0.0001478500979,    0.003126620633
          0,           0,        1768,       -11.3008252,      -11.43725056,      -12.29797513,      -11.71901246,      -14.84828908,     0.01574983121,     0.00868965871,   1.278730781e-06,                 0,                 0,                 0,   2.126239802e-07,     0.00868965871,   1.278730781e-06,                 0,   0.0001471554664,    0.003126620633
          0,           0,        1769,      -11.30194055,      -11.43991332,      -12.29924102,      -11.72083566,      -14.85119963,     0.01574983121,    0.008689659854,   1.272718094e-06,                 0,                 0,                 0,   2.115881838e-07,    0.008689659854,   1.272718094e-06,                 0,   0.0001464635113,    0.003126620633
          0,           0,        1770,      -11.30305656,      -11.44257468,      -12.30050732,      -11.72264903,      -14.85411121,     0.01574983121,    0.008689660991,   1.266728566e-06,                 0,                 0,                 0,   2.105562318e-07,    0.008689660991,   1.266728566e-06,                 0,   0.0001457742215,    0.003126620633
          0,           0,        1771,      -11.30417274,      -11.44523364,      -12.30179421,      -11.72445187,      -14.85702381,     0.01574983121,    0.008689662121,   1.260762156e-06,                 0,                 0,                 0,   2.095281223e-07,    0.008689662121,   1.260762156e-06,                 0,   0.0001450875924,    0.003126620633
          0,           0,        1772,      -11.30528962,      -11.44789151,      -12.30305557,       -11.7262565,      -14.85993744,     0.01574983121,    0.008689663243,   1.254818811e-06,                 0,                 0,                 0,   2.085038432e-07,    0.008689663243,   1.254818811e-06,                 0,   0.0001444036179,    0.003126620633
          0,           0,        1773,      -11.30640686,      -11.45054677,      -12.30429947,      -11.72806135,      -14.86285207,     0.01574983121,    0.008689664359,    1.24889848e-06,                 0,                 0,                 0,   2.074833926e-07,    0.008689664359,    1.24889848e-06,                 0,   0.0001437222922,    0.003126620633
          0,           0,        1774,      -11.30752454,      -11.45320104,      -12.30556169,      -11.72987055,      -14.86576771,     0.01574983121,    0.008689665467,   1.243001094e-06,                 0,                 0,                 0,   2.064667505e-07,    0.008689665467,   1.243001094e-06,                 0,   0.0001430436072,    0.003126620633
          0,           0,        1775,      -11.30864304,      -11.45585358,      -12.30683914,      -11.73166873,      -14.86868434,     0.01574983121,    0.008689666568,   1.237126573e-06,                 0,                 0,                 0,   2.054539105e-07,    0.008689666568,   1.237126573e-06,                 0,   0.0001423675538,    0.003126620633
          0,           0,        1776,      -11.30976146,      -11.45850556,      -12.30809445,      -11.73347314,      -14.87160197,     0.01574983121,    0.008689667661,   1.231274886e-06,                 0,                 0,                 0,    2.04444863e-07,    0.008689667661,   1.231274886e-06,                 0,   0.0001416941284,    0.003126620633
          0,           0,        1777,      -11.31088018,      -11.46115528,      -12.30936097,      -11.73527486,      -14.87452058,     0.01574983121,    0.008689668748,   1.225445967e-06,                 0,                 0,                 0,   2.034396051e-07,    0.008689668748,   1.225445967e-06,                 0,   0.0001410233235,    0.003126620633
          0,           0,        1778,      -11.31199976,      -11.46380291,      -12.31061603,      -11.73707135,      -14.87744018,     0.01574983121,    0.008689669828,   1.219639744e-06,                 0,                 0,                 0,   2.024381174e-07,    0.008689669828,   1.219639744e-06,                 0,   0.0001403551307,    0.003126620633
          0,           0,        1779,      -11.31311937,      -11.46644834,      -12.31187466,      -11.73885787,      -14.88036087,     0.01574983121,    0.008689670901,   1.213856176e-06,                 0,                 0,                 0,    2.01440402e-07,    0.008689670901,   1.213856176e-06,                 0,   0.0001396895452,    0.003126620633
          0,           0,        1780,      -11.31423978,      -11.46909335,      -12.31312264,      -11.74065978,      -14.88328277,     0.01574983121,    0.008689671967,   1.208095194e-06,                 0,                 0,                 0,   2.004464367e-07,    0.008689671967,   1.208095194e-06,                 0,   0.0001390265591,    0.003126620633
          0,           0,        1781,      -11.31535985,      -11.47173599,      -12.31439555,      -11.74245188,      -14.88620564,     0.01574983121,    0.008689673026,   1.202356744e-06,                 0,                 0,                 0,   1.994562159e-07,    0.008689673026,   1.202356744e-06,                 0,   0.0001383661664,    0.003126620633
          0,           0,        1782,      -11.31648029,      -11.47437681,      -12.31566371,      -11.74423273,       -14.8891295,     0.01574983121,    0.008689674079,   1.196640782e-06,                 0,                 0,                 0,   1.984697443e-07,    0.008689674079,   1.196640782e-06,                 0,   0.0001377083618,    0.003126620633
          0,           0,        1783,      -11.31760152,      -11.47701589,      -12.31690443,      -11.74602177,      -14.89205432,     0.01574983121,    0.008689675124,   1.190947239e-06,                 0,                 0,                 0,   1.974870006e-07,    0.008689675124,   1.190947239e-06,                 0,   0.0001370531374,    0.003126620633
          0,           0,        1784,      -11.31872313,      -11.47965343,      -12.31815822,      -11.74780915,      -14.89498012,     0.01574983121,    0.008689676163,   1.185276061e-06,                 0,                 0,                 0,    1.96507978e-07,    0.008689676163,   1.185276061e-06,                 0,    0.000136400487,    0.003126620633
          0,           0,        1785,      -11.31984552,      -11.48228813,      -12.31941034,      -11.74958809,      -14.89790688,     0.01574983121,    0.008689677195,   1.179627154e-06,                 0,                 0,                 0,   1.955326563e-07,    0.008689677195,   1.179627154e-06,                 0,   0.0001357503999,    0.003126620633
          0,           0,        1786,      -11.32096808,      -11.48492194,      -12.32066766,      -11.75137252,       -14.9008346,     0.01574983121,    0.008689678221,   1.174000488e-06,                 0,                 0,                 0,   1.945610383e-07,    0.008689678221,   1.174000488e-06,                 0,   0.0001351028724,    0.003126620633
          0,           0,        1787,      -11.32209109,      -11.48755357,      -12.32192343,      -11.75315015,      -14.90376329,     0.01574983121,     0.00868967924,   1.168396038e-06,                 0,                 0,                 0,   1.935931181e-07,     0.00868967924,   1.168396038e-06,                 0,   0.0001344579018,    0.003126620633
          0,           0,        1788,      -11.32321351,      -11.49018337,      -12.32317071,       -11.7549268,      -14.90669293,     0.01574983121,    0.008689680253,    1.16281373e-06,                 0,                 0,                 0,   1.926288858e-07,    0.008689680253,    1.16281373e-06,                 0,   0.0001338154796,    0.003126620633
          0,           0,        1789,      -11.32433748,      -11.49281188,      -12.32441745,       -11.7567063,      -14.90962353,     0.01574983121,    0.008689681259,   1.157253459e-06,                 0,                 0,                 0,   1.916683179e-07,    0.008689681259,   1.157253459e-06,                 0,   0.0001331755935,    0.003126620633
          0,           0,        1790,      -11.32546156,      -11.49543665,      -12.32567144,      -11.75846547,      -14.91255508,     0.01574983121,    0.008689682258,   1.151715219e-06,                 0,                 0,                 0,   1.907114138e-07,    0.008689682258,   1.151715219e-06,                 0,    0.000132538243,    0.003126620633
          0,           0,        1791,      -11.32658614,      -11.49806184,      -12.32692611,      -11.76025117,      -14.91548758,     0.01574983121,    0.008689683251,   1.146198956e-06,                 0,                 0,                 0,   1.897581724e-07,    0.008689683251,   1.146198956e-06,                 0,   0.0001319034219,    0.003126620633
          0,           0,        1792,      -11.32771033,        -11.500684,      -12.32817829,      -11.76201692,      -14.91842102,     0.01574983121,    0.008689684238,   1.140704586e-06,                 0,                 0,                 0,   1.888085804e-07,    0.008689684238,   1.140704586e-06,                 0,   0.0001312711204,    0.003126620633
          0,           0,        1793,      -11.32883617,      -11.50330428,      -12.32943432,       -11.7637815,       -14.9213554,     0.01574983121,    0.008689685219,   1.135232073e-06,                 0,                 0,                 0,   1.878626251e-07,    0.008689685219,   1.135232073e-06,                 0,   0.0001306413344,    0.003126620633
          0,           0,        1794,      -11.32996188,      -11.50592182,      -12.33066785,      -11.76553661,      -14.92429072,     0.01574983121,    0.008689686193,   1.129781346e-06,                 0,                 0,                 0,   1.869202973e-07,    0.008689686193,   1.129781346e-06,                 0,   0.0001300140558,    0.003126620633
          0,           0,        1795,      -11.33108818,      -11.50853881,      -12.33193777,      -11.76730919,      -14.92722697,     0.01574983121,    0.008689687161,    1.12435236e-06,                 0,                 0,                 0,   1.859815929e-07,    0.008689687161,    1.12435236e-06,                 0,   0.0001293892794,    0.003126620633
          0,           0,        1796,      -11.33221439,      -11.51115303,      -12.33317632,      -11.76907286,      -14.93016416,     0.01574983121,    0.008689688122,   1.118945049e-06,                 0,                 0,                 0,   1.850464977e-07,    0.008689688122,   1.118945049e-06,                 0,   0.0001287669975,    0.003126620633
          0,           0,        1797,      -11.33334111,      -11.51376535,      -12.33443701,      -11.77083323,      -14.93310229,     0.01574983121,    0.008689689078,   1.113559366e-06,                 0,                 0,                 0,   1.841150103e-07,    0.008689689078,   1.113559366e-06,                 0,   0.0001281472049,    0.003126620633
          0,           0,        1798,      -11.33446832,      -11.51637584,      -12.33567449,       -11.7725829,      -14.93604136,     0.01574983121,    0.008689690027,   1.108195255e-06,                 0,                 0,                 0,   1.831871131e-07,    0.008689690027,   1.108195255e-06,                 0,   0.0001275298948,    0.003126620633
          0,           0,        1799,      -11.33559634,      -11.51898373,      -12.33693243,      -11.77435139,      -14.93898137,     0.01574983121,    0.008689690971,   1.102852667e-06,                 0,                 0,                 0,      1.822628e-07,    0.008689690971,   1.102852667e-06,                 0,   0.0001269150618,    0.003126620633
          0,           0,        1800,      -11.33672372,      -11.52159152,      -12.33817082,      -11.77611035,      -14.94192233,     0.01574983121,    0.008689691908,   1.097531524e-06,                 0,                 0,                 0,   1.813420668e-07,    0.008689691908,   1.097531524e-06,                 0,    0.000126302697,    0.003126620633
          0,           0,        1801,      -11.33785218,      -11.52419574,      -12.33942277,      -11.77785432,      -14.94486424,     0.01574983121,    0.008689692839,   1.092231789e-06,                 0,                 0,                 0,   1.804248975e-07,    0.008689692839,   1.092231789e-06,                 0,    0.000125692796,    0.003126620633
          0,           0,        1802,       -11.3389806,      -11.52679815,      -12.34066667,      -11.77960923,      -14.94780712,     0.01574983121,    0.008689693765,     1.0869534e-06,                 0,                 0,                 0,   1.795112926e-07,    0.008689693765,     1.0869534e-06,                 0,   0.0001250853517,    0.003126620633
          0,           0,        1803,      -11.34011026,        -11.529399,      -12.34191393,      -11.78135975,      -14.95075096,     0.01574983121,    0.008689694684,   1.081696294e-06,                 0,                 0,                 0,   1.786012323e-07,    0.008689694684,   1.081696294e-06,                 0,   0.0001244803567,    0.003126620633
          0,           0,        1804,       -11.3412391,      -11.53199717,      -12.34316745,      -11.78310404,      -14.95369578,     0.01574983121,    0.008689695598,   1.076460434e-06,                 0,                 0,                 0,   1.776947129e-07,    0.008689695598,   1.076460434e-06,                 0,    0.000123877807,    0.003126620633
          0,           0,        1805,      -11.34236865,      -11.53459207,      -12.34442133,      -11.78484894,      -14.95664158,     0.01574983121,    0.008689696506,   1.071245766e-06,                 0,                 0,                 0,    1.76791729e-07,    0.008689696506,   1.071245766e-06,                 0,   0.0001232776962,    0.003126620633
          0,           0,        1806,      -11.34349954,      -11.53718638,       -12.3456594,      -11.78659535,      -14.95958836,     0.01574983121,    0.008689697408,    1.06605222e-06,                 0,                 0,                 0,   1.758922687e-07,    0.008689697408,    1.06605222e-06,                 0,   0.0001226800164,    0.003126620633
          0,           0,        1807,      -11.34463018,      -11.53977807,      -12.34690254,      -11.78833407,      -14.96253615,     0.01574983121,    0.008689698304,   1.060879733e-06,                 0,                 0,                 0,   1.749963223e-07,    0.008689698304,   1.060879733e-06,                 0,   0.0001220847601,    0.003126620633
          0,           0,        1808,      -11.34576143,      -11.54236839,      -12.34814909,      -11.79008206,      -14.96548493,     0.01574983121,    0.008689699194,   1.055728271e-06,                 0,                 0,                 0,    1.74103882e-07,    0.008689699194,   1.055728271e-06,                 0,   0.0001214919236,    0.003126620633
          0,           0,        1809,      -11.34689247,      -11.54495587,      -12.34940384,      -11.79182207,      -14.96843471,     0.01574983121,    0.008689700079,   1.050597779e-06,                 0,                 0,                 0,   1.732149366e-07,    0.008689700079,   1.050597779e-06,                 0,   0.0001209015005,    0.003126620633
          0,           0,        1810,       -11.3480241,      -11.54754109,      -12.35064371,      -11.79355854,      -14.97138551,     0.01574983121,    0.008689700958,   1.045488187e-06,                 0,                 0,                 0,   1.723294863e-07,    0.008689700958,   1.045488187e-06,                 0,   0.0001203134829,    0.003126620633
          0,           0,        1811,       -11.3491565,      -11.55012467,      -12.35189237,      -11.79529912,      -14.97433732,     0.01574983121,    0.008689701831,   1.040399452e-06,                 0,                 0,                 0,   1.714475122e-07,    0.008689701831,   1.040399452e-06,                 0,   0.0001197278655,    0.003126620633
          0,           0,        1812,       -11.3502889,      -11.55270566,       -12.3531325,      -11.79702496,      -14.97729015,     0.01574983121,    0.008689702699,   1.035331524e-06,                 0,                 0,                 0,   1.705690124e-07,    0.008689702699,   1.035331524e-06,                 0,   0.0001191446428,    0.003126620633
          0,           0,        1813,      -11.35142185,      -11.55528498,      -12.35437896,      -11.79876761,      -14.98024464,     0.01574983121,    0.008689703562,   1.030284347e-06,                 0,                 0,                 0,   1.696939786e-07,    0.008689703562,   1.030284347e-06,                 0,   0.0001185638083,    0.003126620633
          0,           0,        1814,      -11.35255489,      -11.55786062,      -12.35563379,      -11.80048034,       -14.9832002,     0.01574983121,    0.008689704418,   1.025257853e-06,                 0,                 0,                 0,   1.688223957e-07,    0.008689704418,   1.025257853e-06,                 0,   0.0001179853542,    0.003126620633
          0,           0,        1815,      -11.35368824,      -11.56043455,      -12.35688235,      -11.80222094,      -14.98615678,     0.01574983121,     0.00868970527,   1.020251984e-06,                 0,                 0,                 0,   1.679542539e-07,     0.00868970527,   1.020251984e-06,                 0,   0.0001174092737,    0.003126620633
          0,           0,        1816,      -11.35482255,      -11.56300759,      -12.35813326,      -11.80394923,      -14.98911439,     0.01574983121,    0.008689706116,   1.015266707e-06,                 0,                 0,                 0,   1.670895563e-07,    0.008689706116,   1.015266707e-06,                 0,   0.0001168355631,    0.003126620633
          0,           0,        1817,      -11.35595645,      -11.56557763,        -12.359367,      -11.80567642,      -14.99207301,     0.01574983121,    0.008689706956,   1.010301972e-06,                 0,                 0,                 0,    1.66228286e-07,    0.008689706956,   1.010301972e-06,                 0,   0.0001162642167,    0.003126620633
          0,           0,        1818,       -11.3570911,      -11.56814346,      -12.36064948,      -11.80738837,      -14.99503264,     0.01574983121,    0.008689707791,   1.005357719e-06,                 0,                 0,                 0,   1.653704402e-07,    0.008689707791,   1.005357719e-06,                 0,   0.0001156952274,    0.003126620633
          0,           0,        1819,      -11.35822665,      -11.57070899,      -12.36187239,      -11.80911298,      -14.99799328,     0.01574983121,    0.008689708621,   1.000433871e-06,                 0,                 0,                 0,   1.645160025e-07,    0.008689708621,   1.000433871e-06,                 0,   0.0001151285865,    0.003126620633
          0,           0,        1820,      -11.35936249,       -11.5732735,       -12.3631164,      -11.81084482,      -15.00095492,     0.01574983121,    0.008689709446,   9.955303968e-07,                 0,                 0,                 0,   1.636649668e-07,    0.008689709446,   9.955303968e-07,                 0,   0.0001145642904,    0.003126620633
          0,           0,        1821,      -11.36049785,      -11.57583484,      -12.36437502,      -11.81256918,      -15.00391756,     0.01574983121,    0.008689710265,   9.906472313e-07,                 0,                 0,                 0,   1.628173267e-07,    0.008689710265,   9.906472313e-07,                 0,   0.0001140023316,    0.003126620633
          0,           0,        1822,      -11.36163523,       -11.5783912,      -12.36562991,      -11.81427027,      -15.00688117,     0.01574983121,    0.008689711079,   9.857843429e-07,                 0,                 0,                 0,   1.619730737e-07,    0.008689711079,   9.857843429e-07,                 0,   0.0001134427064,    0.003126620633
          0,           0,        1823,      -11.36277145,      -11.58094762,       -12.3668536,      -11.81598859,      -15.00984575,     0.01574983121,    0.008689711888,    9.80941648e-07,                 0,                 0,                 0,   1.611321975e-07,    0.008689711888,    9.80941648e-07,                 0,   0.0001128854053,    0.003126620633
          0,           0,        1824,      -11.36390798,      -11.58350138,      -12.36811559,      -11.81771296,      -15.01281129,     0.01574983121,    0.008689712692,   9.761191251e-07,                 0,                 0,                 0,   1.602946936e-07,    0.008689712692,   9.761191251e-07,                 0,   0.0001123304256,    0.003126620633
          0,           0,        1825,      -11.36504515,      -11.58605213,      -12.36936361,      -11.81941911,      -15.01577775,     0.01574983121,     0.00868971349,   9.713166844e-07,                 0,                 0,                 0,   1.594605501e-07,     0.00868971349,   9.713166844e-07,                 0,   0.0001117777572,    0.003126620633
          0,           0,        1826,      -11.36618249,      -11.58860044,      -12.37061054,       -11.8211244,      -15.01874514,     0.01574983121,    0.008689714284,   9.665342895e-07,                 0,                 0,                 0,   1.586297565e-07,    0.008689714284,   9.665342895e-07,                 0,   0.0001112273957,    0.003126620633
          0,           0,        1827,       -11.3673206,      -11.59114753,      -12.37185055,      -11.82284301,      -15.02171343,     0.01574983121,    0.008689715072,   9.617718878e-07,                 0,                 0,                 0,   1.578023002e-07,    0.008689715072,   9.617718878e-07,                 0,   0.0001106793353,    0.003126620633
          0,           0,        1828,      -11.36845884,      -11.59369132,      -12.37311693,      -11.82455003,       -15.0246826,     0.01574983121,    0.008689715856,   9.570294374e-07,                 0,                 0,                 0,   1.569781904e-07,    0.008689715856,   9.570294374e-07,                 0,   0.0001101335709,    0.003126620633
          0,           0,        1829,      -11.36959803,      -11.59623344,       -12.3743733,      -11.82625789,      -15.02765264,     0.01574983121,    0.008689716634,   9.523068605e-07,                 0,                 0,                 0,   1.561574018e-07,    0.008689716634,   9.523068605e-07,                 0,   0.0001095900937,    0.003126620633
          0,           0,        1830,      -11.37073742,      -11.59877202,      -12.37561886,      -11.82795413,      -15.03062354,     0.01574983121,    0.008689717408,   9.476041302e-07,                 0,                 0,                 0,   1.553399383e-07,    0.008689717408,   9.476041302e-07,                 0,   0.0001090489006,    0.003126620633
          0,           0,        1831,      -11.37187705,      -11.60130881,      -12.37686977,      -11.82965877,      -15.03359529,     0.01574983121,    0.008689718176,   9.429211647e-07,                 0,                 0,                 0,   1.545257763e-07,    0.008689718176,   9.429211647e-07,                 0,   0.0001085099822,    0.003126620633
          0,           0,        1832,      -11.37301621,      -11.60384463,       -12.3781141,      -11.83137071,      -15.03656787,     0.01574983121,     0.00868971894,   9.382579494e-07,                 0,                 0,                 0,   1.537149215e-07,     0.00868971894,   9.382579494e-07,                 0,   0.0001079733368,    0.003126620633
          0,           0,        1833,      -11.37415665,      -11.60637555,      -12.37937578,       -11.8330681,      -15.03954129,     0.01574983121,    0.008689719699,    9.33614393e-07,                 0,                 0,                 0,   1.529073568e-07,    0.008689719699,    9.33614393e-07,                 0,   0.0001074389538,    0.003126620633
          0,           0,        1834,      -11.37529667,      -11.60890388,      -12.38062496,      -11.83475836,      -15.04251553,     0.01574983121,    0.008689720453,   9.289904512e-07,                 0,                 0,                 0,   1.521030808e-07,    0.008689720453,   9.289904512e-07,                 0,   0.0001069068282,    0.003126620633
          0,           0,        1835,      -11.37643799,      -11.61143196,      -12.38188249,      -11.83646763,      -15.04549059,     0.01574983121,    0.008689721202,    9.24386084e-07,                 0,                 0,                 0,    1.51302087e-07,    0.008689721202,    9.24386084e-07,                 0,   0.0001063769553,    0.003126620633
          0,           0,        1836,      -11.37757907,      -11.61395645,      -12.38313376,      -11.83816183,      -15.04846647,     0.01574983121,    0.008689721946,   9.198012262e-07,                 0,                 0,                 0,   1.505043478e-07,    0.008689721946,   9.198012262e-07,                 0,   0.0001058493277,    0.003126620633
          0,           0,        1837,      -11.37872086,      -11.61647838,      -12.38440424,      -11.83985307,      -15.05144318,     0.01574983121,    0.008689722686,   9.152358512e-07,                 0,                 0,                 0,   1.497098785e-07,    0.008689722686,   9.152358512e-07,                 0,   0.0001053239423,    0.003126620633
          0,           0,        1838,      -11.37986226,      -11.61899836,      -12.38562499,      -11.84154933,       -15.0544207,     0.01574983121,    0.008689723421,   9.106898687e-07,                 0,                 0,                 0,   1.489186556e-07,    0.008689723421,   9.106898687e-07,                 0,   0.0001048007888,    0.003126620633
          0,           0,        1839,      -11.38100435,      -11.62151397,      -12.38690556,      -11.84324521,      -15.05739905,     0.01574983121,    0.008689724152,    9.06163256e-07,                 0,                 0,                 0,   1.481306846e-07,    0.008689724152,    9.06163256e-07,                 0,   0.0001042798644,    0.003126620633
          0,           0,        1840,      -11.38214744,      -11.62402789,      -12.38815787,      -11.84492657,      -15.06037822,     0.01574983121,    0.008689724877,   9.016559237e-07,                 0,                 0,                 0,   1.473459435e-07,    0.008689724877,   9.016559237e-07,                 0,   0.0001037611589,    0.003126620633
          0,           0,        1841,      -11.38329043,      -11.62653993,      -12.38941156,      -11.84661646,      -15.06335822,     0.01574983121,    0.008689725598,   8.971678514e-07,                 0,                 0,                 0,   1.465644237e-07,    0.008689725598,   8.971678514e-07,                 0,     0.00010324467,    0.003126620633
          0,           0,        1842,      -11.38443432,      -11.62904839,      -12.39065017,      -11.84830021,      -15.06633903,     0.01574983121,    0.008689726315,    8.92698986e-07,                 0,                 0,                 0,   1.457861305e-07,    0.008689726315,    8.92698986e-07,                 0,   0.0001027303915,    0.003126620633
          0,           0,        1843,      -11.38557785,      -11.63155579,      -12.39191313,      -11.84999005,      -15.06932068,     0.01574983121,    0.008689727027,   8.882492611e-07,                 0,                 0,                 0,   1.450110427e-07,    0.008689727027,   8.882492611e-07,                 0,   0.0001022183158,    0.003126620633
          0,           0,        1844,      -11.38672181,      -11.63406064,      -12.39317992,       -11.8516807,      -15.07230316,     0.01574983121,    0.008689727735,   8.838186453e-07,                 0,                 0,                 0,   1.442391633e-07,    0.008689727735,   8.838186453e-07,                 0,   0.0001017084392,    0.003126620633
          0,           0,        1845,      -11.38786592,      -11.63656069,      -12.39445379,      -11.85335596,      -15.07528653,     0.01574983121,    0.008689728438,   8.794070628e-07,                 0,                 0,                 0,   1.434704726e-07,    0.008689728438,   8.794070628e-07,                 0,   0.0001012007532,    0.003126620633
          0,           0,        1846,      -11.38901081,      -11.63905926,      -12.39570196,      -11.85503035,      -15.07827071,     0.01574983121,    0.008689729136,    8.75014463e-07,                 0,                 0,                 0,    1.42704965e-07,    0.008689729136,    8.75014463e-07,                 0,   0.0001006952518,    0.003126620633
          0,           0,        1847,      -11.39015557,      -11.64155425,      -12.39696484,      -11.85671008,      -15.08125572,     0.01574983121,     0.00868972983,   8.706407906e-07,                 0,                 0,                 0,   1.419426397e-07,     0.00868972983,   8.706407906e-07,                 0,   0.0001001919286,    0.003126620633
          0,           0,        1848,      -11.39130093,      -11.64405009,       -12.3982193,       -11.8583949,      -15.08424155,     0.01574983121,     0.00868973052,   8.662860003e-07,                 0,                 0,                 0,   1.411834749e-07,     0.00868973052,   8.662860003e-07,                 0,   9.969077847e-05,    0.003126620633
          0,           0,        1849,      -11.39244676,      -11.64654067,       -12.3994853,      -11.86007633,       -15.0872282,     0.01574983121,    0.008689731205,   8.619500373e-07,                 0,                 0,                 0,   1.404274754e-07,    0.008689731205,   8.619500373e-07,                 0,   9.919179511e-05,    0.003126620633
          0,           0,        1850,      -11.39359295,      -11.64902895,      -12.40074882,       -11.8617492,      -15.09021568,     0.01574983121,    0.008689731886,   8.576328607e-07,                 0,                 0,                 0,   1.396746266e-07,    0.008689731886,   8.576328607e-07,                 0,   9.869497378e-05,    0.003126620633
          0,           0,        1851,       -11.3947391,       -11.6515148,      -12.40200592,      -11.86342661,      -15.09320397,     0.01574983121,    0.008689732563,   8.533344324e-07,                 0,                 0,                 0,    1.38924925e-07,    0.008689732563,   8.533344324e-07,                 0,    9.82003101e-05,    0.003126620633
          0,           0,        1852,      -11.39588615,       -11.6539977,      -12.40328455,      -11.86510283,      -15.09619308,     0.01574983121,    0.008689733236,   8.490546522e-07,                 0,                 0,                 0,   1.381783573e-07,    0.008689733236,   8.490546522e-07,                 0,   9.770779253e-05,    0.003126620633
          0,           0,        1853,      -11.39703334,      -11.65647924,      -12.40454887,      -11.86677097,      -15.09918302,     0.01574983121,    0.008689733904,   8.447934851e-07,                 0,                 0,                 0,   1.374349152e-07,    0.008689733904,   8.447934851e-07,                 0,   9.721741707e-05,    0.003126620633
          0,           0,        1854,       -11.3981804,      -11.65895577,      -12.40581129,      -11.86843991,      -15.10217377,     0.01574983121,    0.008689734568,   8.405508813e-07,                 0,                 0,                 0,   1.366945919e-07,    0.008689734568,   8.405508813e-07,                 0,   9.672917794e-05,    0.003126620633
          0,           0,        1855,      -11.39932851,      -11.66142999,      -12.40708379,      -11.87010173,      -15.10516533,     0.01574983121,    0.008689735228,   8.363267973e-07,                 0,                 0,                 0,   1.359573773e-07,    0.008689735228,   8.363267973e-07,                 0,   9.624307017e-05,    0.003126620633
          0,           0,        1856,      -11.40047629,      -11.66390256,      -12.40831517,      -11.87177479,      -15.10815772,     0.01574983121,    0.008689735883,   8.321211811e-07,                 0,                 0,                 0,   1.352232641e-07,    0.008689735883,   8.321211811e-07,                 0,   9.575908777e-05,    0.003126620633
          0,           0,        1857,      -11.40162462,      -11.66637236,      -12.40959961,      -11.87344687,      -15.11115091,     0.01574983121,    0.008689736535,   8.279339882e-07,                 0,                 0,                 0,   1.344922505e-07,    0.008689736535,   8.279339882e-07,                 0,   9.527722559e-05,    0.003126620633
          0,           0,        1858,      -11.40277386,      -11.66883771,      -12.41088006,      -11.87510711,      -15.11414492,     0.01574983121,    0.008689737182,   8.237651508e-07,                 0,                 0,                 0,   1.337643257e-07,    0.008689737182,   8.237651508e-07,                 0,   9.479747587e-05,    0.003126620633
          0,           0,        1859,      -11.40392291,       -11.6713026,      -12.41214614,      -11.87677598,      -15.11713974,     0.01574983121,    0.008689737825,   8.196145885e-07,                 0,                 0,                 0,   1.330394699e-07,    0.008689737825,   8.196145885e-07,                 0,   9.431982932e-05,    0.003126620633
          0,           0,        1860,      -11.40507283,      -11.67376511,      -12.41342771,      -11.87843371,      -15.12013537,     0.01574983121,    0.008689738465,   8.154822929e-07,                 0,                 0,                 0,   1.323176818e-07,    0.008689738465,   8.154822929e-07,                 0,   9.384428498e-05,    0.003126620633
          0,           0,        1861,      -11.40622225,      -11.67622362,      -12.41467117,      -11.88009588,      -15.12313181,     0.01574983121,      0.0086897391,   8.113682103e-07,                 0,                 0,                 0,   1.315989628e-07,      0.0086897391,   8.113682103e-07,                 0,   9.337083668e-05,    0.003126620633
          0,           0,        1862,      -11.40737268,      -11.67868017,      -12.41593948,      -11.88176405,      -15.12612905,     0.01574983121,    0.008689739731,    8.07272267e-07,                 0,                 0,                 0,    1.30883289e-07,    0.008689739731,    8.07272267e-07,                 0,   9.289947593e-05,    0.003126620633
          0,           0,        1863,      -11.40852228,      -11.68113402,      -12.41722776,      -11.88341866,       -15.1291271,     0.01574983121,    0.008689740358,   8.031944155e-07,                 0,                 0,                 0,   1.301706611e-07,    0.008689740358,   8.031944155e-07,                 0,   9.243019726e-05,    0.003126620633
          0,           0,        1864,      -11.40967286,      -11.68358373,      -12.41851155,      -11.88507098,      -15.13212595,     0.01574983121,    0.008689740982,   7.991346055e-07,                 0,                 0,                 0,   1.294610663e-07,    0.008689740982,   7.991346055e-07,                 0,    9.19629949e-05,    0.003126620633
          0,           0,        1865,      -11.41082408,      -11.68602975,      -12.41978331,      -11.88672501,       -15.1351256,     0.01574983121,    0.008689741601,   7.950927887e-07,                 0,                 0,                 0,   1.287544994e-07,    0.008689741601,   7.950927887e-07,                 0,   9.149786325e-05,    0.003126620633
          0,           0,        1866,      -11.41197568,      -11.68847571,      -12.42108232,      -11.88838596,      -15.13812606,     0.01574983121,    0.008689742216,   7.910689155e-07,                 0,                 0,                 0,   1.280509576e-07,    0.008689742216,   7.910689155e-07,                 0,   9.103479664e-05,    0.003126620633
          0,           0,        1867,      -11.41312679,      -11.69091882,      -12.42232711,      -11.89005373,      -15.14112731,     0.01574983121,    0.008689742828,   7.870629308e-07,                 0,                 0,                 0,   1.273504254e-07,    0.008689742828,   7.870629308e-07,                 0,    9.05737887e-05,    0.003126620633
          0,           0,        1868,      -11.41427927,      -11.69335685,      -12.42361276,      -11.89168692,      -15.14412936,     0.01574983121,    0.008689743436,   7.830747531e-07,                 0,                 0,                 0,   1.266528905e-07,    0.008689743436,   7.830747531e-07,                 0,   9.011483008e-05,    0.003126620633
          0,           0,        1869,      -11.41543193,      -11.69579266,      -12.42489452,      -11.89333932,      -15.14713222,     0.01574983121,     0.00868974404,   7.791043738e-07,                 0,                 0,                 0,   1.259583484e-07,     0.00868974404,   7.791043738e-07,                 0,   8.965791976e-05,    0.003126620633
          0,           0,        1870,      -11.41658452,      -11.69822774,      -12.42617075,       -11.8950004,      -15.15013587,     0.01574983121,     0.00868974464,   7.751517152e-07,                 0,                 0,                 0,   1.252667942e-07,     0.00868974464,   7.751517152e-07,                 0,   8.920304881e-05,    0.003126620633
          0,           0,        1871,      -11.41773736,      -11.70065841,      -12.42745379,      -11.89664585,      -15.15314031,     0.01574983121,    0.008689745236,   7.712167254e-07,                 0,                 0,                 0,   1.245782169e-07,    0.008689745236,   7.712167254e-07,                 0,   8.875021125e-05,    0.003126620633
          0,           0,        1872,      -11.41889103,       -11.7030861,      -12.42871691,      -11.89829281,      -15.15614555,     0.01574983121,    0.008689745829,   7.672993736e-07,                 0,                 0,                 0,   1.238926091e-07,    0.008689745829,   7.672993736e-07,                 0,   8.829940354e-05,    0.003126620633
          0,           0,        1873,      -11.42004362,      -11.70551283,      -12.43000626,      -11.89993973,      -15.15915159,     0.01574983121,    0.008689746417,   7.633995837e-07,                 0,                 0,                 0,   1.232099648e-07,    0.008689746417,   7.633995837e-07,                 0,   8.785061692e-05,    0.003126620633
          0,           0,        1874,       -11.4211981,      -11.70793242,      -12.43129661,      -11.90157816,      -15.16215843,     0.01574983121,    0.008689747003,   7.595173221e-07,                 0,                 0,                 0,   1.225302705e-07,    0.008689747003,   7.595173221e-07,                 0,   8.740384754e-05,    0.003126620633
          0,           0,        1875,       -11.4223524,      -11.71035592,      -12.43257531,      -11.90324189,       -15.1651661,     0.01574983121,    0.008689747584,   7.556525107e-07,                 0,                 0,                 0,   1.218535199e-07,    0.008689747584,   7.556525107e-07,                 0,   8.695908636e-05,    0.003126620633
          0,           0,        1876,      -11.42350706,      -11.71277035,      -12.43386247,      -11.90486885,      -15.16817455,     0.01574983121,    0.008689748162,   7.518051379e-07,                 0,                 0,                 0,   1.211797094e-07,    0.008689748162,   7.518051379e-07,                 0,   8.651633211e-05,    0.003126620633
          0,           0,        1877,      -11.42466125,        -11.715185,      -12.43515743,      -11.90652065,      -15.17118379,     0.01574983121,    0.008689748736,   7.479750988e-07,                 0,                 0,                 0,   1.205088225e-07,    0.008689748736,   7.479750988e-07,                 0,   8.607557267e-05,    0.003126620633
          0,           0,        1878,      -11.42581682,      -11.71759465,      -12.43644717,      -11.90814914,      -15.17419382,     0.01574983121,    0.008689749307,   7.441623697e-07,                 0,                 0,                 0,   1.198408485e-07,    0.008689749307,   7.441623697e-07,                 0,   8.563680532e-05,    0.003126620633
          0,           0,        1879,      -11.42697251,      -11.72000232,        -12.437744,      -11.90979226,      -15.17720464,     0.01574983121,    0.008689749874,   7.403668897e-07,                 0,                 0,                 0,   1.191757871e-07,    0.008689749874,   7.403668897e-07,                 0,   8.520002307e-05,    0.003126620633
          0,           0,        1880,      -11.42812781,      -11.72240875,      -12.43903913,      -11.91143832,      -15.18021628,     0.01574983121,    0.008689750437,    7.36588631e-07,                 0,                 0,                 0,   1.185136294e-07,    0.008689750437,    7.36588631e-07,                 0,   8.476522269e-05,    0.003126620633
          0,           0,        1881,       -11.4292843,      -11.72480932,      -12.44032279,       -11.9130649,       -15.1832287,     0.01574983121,    0.008689750997,   7.328275204e-07,                 0,                 0,                 0,   1.178543735e-07,    0.008689750997,   7.328275204e-07,                 0,   8.433239578e-05,    0.003126620633
          0,           0,        1882,      -11.43044049,      -11.72721104,      -12.44159861,      -11.91471768,       -15.1862419,     0.01574983121,    0.008689751554,   7.290835032e-07,                 0,                 0,                 0,   1.171979978e-07,    0.008689751554,   7.290835032e-07,                 0,   8.390153604e-05,    0.003126620633
          0,           0,        1883,      -11.43159752,      -11.72960845,      -12.44291464,      -11.91635578,      -15.18925588,     0.01574983121,    0.008689752107,   7.253565159e-07,                 0,                 0,                 0,    1.16544493e-07,    0.008689752107,   7.253565159e-07,                 0,   8.347263616e-05,    0.003126620633
          0,           0,        1884,      -11.43275495,      -11.73200156,      -12.44419936,      -11.91799097,      -15.19227063,     0.01574983121,    0.008689752656,   7.216465283e-07,                 0,                 0,                 0,   1.158938613e-07,    0.008689752656,   7.216465283e-07,                 0,   8.304569265e-05,    0.003126620633
          0,           0,        1885,      -11.43391173,        -11.734395,        -12.445497,      -11.91963152,      -15.19528616,     0.01574983121,    0.008689753203,   7.179534783e-07,                 0,                 0,                 0,   1.152460849e-07,    0.008689753203,   7.179534783e-07,                 0,   8.262069837e-05,    0.003126620633
          0,           0,        1886,      -11.43506946,        -11.736782,      -12.44680787,      -11.92125351,      -15.19830246,     0.01574983121,    0.008689753745,   7.142773389e-07,                 0,                 0,                 0,   1.146011727e-07,    0.008689753745,   7.142773389e-07,                 0,   8.219765023e-05,    0.003126620633
          0,           0,        1887,      -11.43622752,      -11.73916869,      -12.44809514,      -11.92288483,      -15.20131953,     0.01574983121,    0.008689754285,   7.106180019e-07,                 0,                 0,                 0,   1.139590934e-07,    0.008689754285,   7.106180019e-07,                 0,   8.177653575e-05,    0.003126620633
          0,           0,        1888,      -11.43738562,      -11.74155098,      -12.44939539,      -11.92450759,      -15.20433737,     0.01574983121,    0.008689754821,   7.069754477e-07,                 0,                 0,                 0,   1.133198479e-07,    0.008689754821,   7.069754477e-07,                 0,   8.135735268e-05,    0.003126620633
          0,           0,        1889,      -11.43854431,      -11.74392941,      -12.45067771,       -11.9261365,      -15.20735597,     0.01574983121,    0.008689755353,   7.033496255e-07,                 0,                 0,                 0,   1.126834296e-07,    0.008689755353,   7.033496255e-07,                 0,   8.094009519e-05,    0.003126620633
          0,           0,        1890,      -11.43970302,      -11.74630653,      -12.45198881,      -11.92776635,      -15.21037534,     0.01574983121,    0.008689755882,    6.99740483e-07,                 0,                 0,                 0,   1.120498323e-07,    0.008689755882,    6.99740483e-07,                 0,   8.052475725e-05,    0.003126620633
          0,           0,        1891,      -11.44086118,      -11.74867981,       -12.4532902,      -11.92939471,      -15.21339546,     0.01574983121,    0.008689756408,   6.961479556e-07,                 0,                 0,                 0,   1.114190413e-07,    0.008689756408,   6.961479556e-07,                 0,   8.011133142e-05,    0.003126620633
          0,           0,        1892,      -11.44202172,      -11.75104907,      -12.45459183,      -11.93101622,      -15.21641634,     0.01574983121,    0.008689756931,   6.925719931e-07,                 0,                 0,                 0,   1.107910544e-07,    0.008689756931,   6.925719931e-07,                 0,   7.969981192e-05,    0.003126620633
          0,           0,        1893,      -11.44318144,      -11.75341818,      -12.45591596,      -11.93265878,      -15.21943798,     0.01574983121,    0.008689757451,    6.89012569e-07,                 0,                 0,                 0,     1.1016586e-07,    0.008689757451,    6.89012569e-07,                 0,   7.929019571e-05,    0.003126620633
          0,           0,        1894,      -11.44434155,      -11.75578329,      -12.45722381,      -11.93427225,      -15.22246036,     0.01574983121,    0.008689757967,   6.854695964e-07,                 0,                 0,                 0,   1.095434511e-07,    0.008689757967,   6.854695964e-07,                 0,    7.88824728e-05,    0.003126620633
          0,           0,        1895,      -11.44550208,      -11.75814465,      -12.45852186,      -11.93589901,       -15.2254835,     0.01574983121,     0.00868975848,   6.819430442e-07,                 0,                 0,                 0,   1.089238187e-07,     0.00868975848,   6.819430442e-07,                 0,   7.847663957e-05,    0.003126620633
          0,           0,        1896,      -11.44666251,      -11.76050489,      -12.45983047,      -11.93752111,      -15.22850739,     0.01574983121,     0.00868975899,   6.784328424e-07,                 0,                 0,                 0,   1.083069468e-07,     0.00868975899,   6.784328424e-07,                 0,     7.8072688e-05,    0.003126620633
          0,           0,        1897,      -11.44782333,      -11.76286073,      -12.46115914,      -11.93914282,      -15.23153202,     0.01574983121,    0.008689759496,   6.749389399e-07,                 0,                 0,                 0,    1.07692836e-07,    0.008689759496,   6.749389399e-07,                 0,   7.767061219e-05,    0.003126620633
          0,           0,        1898,      -11.44898412,      -11.76521629,      -12.46245116,      -11.94077226,      -15.23455739,     0.01574983121,        0.00868976,   6.714613022e-07,                 0,                 0,                 0,   1.070814831e-07,        0.00868976,   6.714613022e-07,                 0,   7.727040819e-05,    0.003126620633
          0,           0,        1899,      -11.45014557,      -11.76756484,      -12.46375577,      -11.94238426,      -15.23758351,     0.01574983121,      0.0086897605,   6.679998543e-07,                 0,                 0,                 0,   1.064728614e-07,      0.0086897605,   6.679998543e-07,                 0,   7.687206733e-05,    0.003126620633
          0,           0,        1900,      -11.45130726,      -11.76991228,      -12.46509311,      -11.94400217,      -15.24061037,     0.01574983121,    0.008689760997,   6.645545677e-07,                 0,                 0,                 0,   1.058669798e-07,    0.008689760997,   6.645545677e-07,                 0,   7.647558637e-05,    0.003126620633
          0,           0,        1901,      -11.45246946,      -11.77225734,      -12.46640332,      -11.94561708,      -15.24363797,     0.01574983121,    0.008689761492,   6.611253692e-07,                 0,                 0,                 0,   1.052638286e-07,    0.008689761492,   6.611253692e-07,                 0,   7.608095686e-05,    0.003126620633
          0,           0,        1902,      -11.45363169,      -11.77459862,      -12.46770028,      -11.94722766,       -15.2466663,     0.01574983121,    0.008689761983,   6.577122096e-07,                 0,                 0,                 0,   1.046633841e-07,    0.008689761983,   6.577122096e-07,                 0,   7.568817315e-05,    0.003126620633
          0,           0,        1903,      -11.45479453,      -11.77694011,       -12.4690662,      -11.94886241,      -15.24969537,     0.01574983121,    0.008689762471,   6.543150425e-07,                 0,                 0,                 0,   1.040656453e-07,    0.008689762471,   6.543150425e-07,                 0,   7.529722989e-05,    0.003126620633
          0,           0,        1904,      -11.45595683,      -11.77927311,      -12.47037034,      -11.95046267,      -15.25272518,     0.01574983121,    0.008689762956,   6.509338214e-07,                 0,                 0,                 0,   1.034706209e-07,    0.008689762956,   6.509338214e-07,                 0,   7.490812174e-05,    0.003126620633
          0,           0,        1905,      -11.45712071,      -11.78160584,      -12.47167385,       -11.9520762,      -15.25575573,     0.01574983121,    0.008689763438,   6.475684938e-07,                 0,                 0,                 0,   1.028782809e-07,    0.008689763438,   6.475684938e-07,                 0,   7.452084265e-05,    0.003126620633
          0,           0,        1906,      -11.45828376,       -11.7839363,      -12.47298881,       -11.9536844,      -15.25878701,     0.01574983121,    0.008689763917,   6.442189926e-07,                 0,                 0,                 0,   1.022886232e-07,    0.008689763917,   6.442189926e-07,                 0,    7.41353849e-05,    0.003126620633
          0,           0,        1907,      -11.45944769,      -11.78626469,       -12.4743361,      -11.95530903,      -15.26181902,     0.01574983121,    0.008689764393,   6.408852579e-07,                 0,                 0,                 0,   1.017016387e-07,    0.008689764393,   6.408852579e-07,                 0,   7.375174158e-05,    0.003126620633
          0,           0,        1908,      -11.46061202,      -11.78859002,      -12.47563995,      -11.95693159,      -15.26485177,     0.01574983121,    0.008689764866,   6.375672377e-07,                 0,                 0,                 0,   1.011173146e-07,    0.008689764866,   6.375672377e-07,                 0,   7.336990672e-05,    0.003126620633
          0,           0,        1909,      -11.46177598,      -11.79090994,      -12.47699978,      -11.95853815,      -15.26788524,     0.01574983121,    0.008689765337,   6.342648968e-07,                 0,                 0,                 0,   1.005356549e-07,    0.008689765337,   6.342648968e-07,                 0,   7.298987628e-05,    0.003126620633
          0,           0,        1910,      -11.46294086,      -11.79322721,      -12.47831324,      -11.96013505,      -15.27091945,     0.01574983121,    0.008689765804,   6.309781797e-07,                 0,                 0,                 0,    9.99566422e-08,    0.008689765804,   6.309781797e-07,                 0,   7.261164385e-05,    0.003126620633
          0,           0,        1911,      -11.46410564,      -11.79554423,      -12.47962521,      -11.96175367,      -15.27395439,     0.01574983121,    0.008689766268,    6.27707048e-07,                 0,                 0,                 0,   9.938027425e-08,    0.008689766268,    6.27707048e-07,                 0,   7.223520502e-05,    0.003126620633
          0,           0,        1912,      -11.46527042,      -11.79785723,      -12.48096247,      -11.96336531,      -15.27699005,     0.01574983121,     0.00868976673,   6.244514128e-07,                 0,                 0,                 0,   9.880653418e-08,     0.00868976673,   6.244514128e-07,                 0,   7.186054957e-05,    0.003126620633
          0,           0,        1913,      -11.46643589,      -11.80016561,      -12.48232906,      -11.96496473,      -15.28002645,     0.01574983121,    0.008689767189,   6.212112481e-07,                 0,                 0,                 0,   9.823541645e-08,    0.008689767189,   6.212112481e-07,                 0,   7.148767448e-05,    0.003126620633
          0,           0,        1914,      -11.46760178,      -11.80247283,      -12.48363541,      -11.96657109,      -15.28306361,     0.01574983121,    0.008689767645,   6.179864729e-07,                 0,                 0,                 0,    9.76669119e-08,    0.008689767645,   6.179864729e-07,                 0,   7.111657045e-05,    0.003126620633
          0,           0,        1915,      -11.46876755,      -11.80477565,      -12.48497833,      -11.96818284,      -15.28610151,     0.01574983121,    0.008689768098,   6.147770691e-07,                 0,                 0,                 0,   9.710101974e-08,    0.008689768098,   6.147770691e-07,                 0,   7.074723539e-05,    0.003126620633
          0,           0,        1916,      -11.46993341,      -11.80707918,      -12.48629684,      -11.96978386,      -15.28914013,     0.01574983121,    0.008689768548,   6.115829586e-07,                 0,                 0,                 0,   9.653772307e-08,    0.008689768548,   6.115829586e-07,                 0,   7.037966031e-05,    0.003126620633
          0,           0,        1917,      -11.47110012,      -11.80937454,      -12.48764609,      -11.97138733,      -15.29217948,     0.01574983121,    0.008689768996,   6.084041088e-07,                 0,                 0,                 0,    9.59770132e-08,    0.008689768996,   6.084041088e-07,                 0,   7.001384146e-05,    0.003126620633
          0,           0,        1918,      -11.47226693,       -11.8116697,       -12.4889986,      -11.97298846,      -15.29521955,     0.01574983121,     0.00868976944,   6.052404432e-07,                 0,                 0,                 0,   9.541888086e-08,     0.00868976944,   6.052404432e-07,                 0,   6.964977003e-05,    0.003126620633
          0,           0,        1919,      -11.47343379,      -11.81396289,      -12.49032647,      -11.97461062,      -15.29826035,     0.01574983121,    0.008689769882,   6.020919379e-07,                 0,                 0,                 0,   9.486332962e-08,    0.008689769882,   6.020919379e-07,                 0,   6.928744328e-05,    0.003126620633
          0,           0,        1920,      -11.47460183,      -11.81625373,      -12.49166019,      -11.97621284,      -15.30130187,     0.01574983121,    0.008689770322,   5.989585117e-07,                 0,                 0,                 0,   9.431034322e-08,    0.008689770322,   5.989585117e-07,                 0,   6.892685187e-05,    0.003126620633
          0,           0,        1921,      -11.47576927,      -11.81853995,      -12.49302765,       -11.9777987,      -15.30434411,     0.01574983121,    0.008689770758,   5.958401252e-07,                 0,                 0,                 0,   9.375990318e-08,    0.008689770758,   5.958401252e-07,                 0,   6.856799124e-05,    0.003126620633
          0,           0,        1922,      -11.47693634,      -11.82082227,      -12.49438031,      -11.97939825,      -15.30738708,     0.01574983121,    0.008689771192,   5.927367263e-07,                 0,                 0,                 0,   9.321201243e-08,    0.008689771192,   5.927367263e-07,                 0,    6.82108554e-05,    0.003126620633
          0,           0,        1923,      -11.47810391,      -11.82310436,      -12.49571633,      -11.98099165,      -15.31043077,     0.01574983121,    0.008689771624,   5.896482686e-07,                 0,                 0,                 0,   9.266666916e-08,    0.008689771624,   5.896482686e-07,                 0,   6.785543904e-05,    0.003126620633
          0,           0,        1924,      -11.47927209,      -11.82538205,      -12.49709027,      -11.98260002,      -15.31347517,     0.01574983121,    0.008689772052,   5.865746895e-07,                 0,                 0,                 0,   9.212384592e-08,    0.008689772052,   5.865746895e-07,                 0,   6.750173491e-05,    0.003126620633
          0,           0,        1925,      -11.48044178,      -11.82765526,      -12.49844789,      -11.98419501,       -15.3165203,     0.01574983121,    0.008689772478,   5.835159241e-07,                 0,                 0,                 0,   9.158354738e-08,    0.008689772478,   5.835159241e-07,                 0,   6.714973557e-05,    0.003126620633
          0,           0,        1926,      -11.48160982,      -11.82993098,       -12.4997525,      -11.98581301,      -15.31956614,     0.01574983121,    0.008689772902,    5.80471925e-07,                 0,                 0,                 0,   9.104576134e-08,    0.008689772902,    5.80471925e-07,                 0,   6.679943556e-05,    0.003126620633
          0,           0,        1927,      -11.48277949,      -11.83219628,      -12.50109644,      -11.98739538,       -15.3226127,     0.01574983121,    0.008689773323,   5.774426655e-07,                 0,                 0,                 0,    9.05104834e-08,    0.008689773323,   5.774426655e-07,                 0,   6.645083181e-05,    0.003126620633
          0,           0,        1928,      -11.48394891,      -11.83446706,      -12.50244012,      -11.98900915,      -15.32565998,     0.01574983121,    0.008689773741,   5.744280831e-07,                 0,                 0,                 0,   8.997769751e-08,    0.008689773741,   5.744280831e-07,                 0,   6.610391711e-05,    0.003126620633
          0,           0,        1929,      -11.48511826,      -11.83672599,      -12.50386516,      -11.99057864,      -15.32870797,     0.01574983121,    0.008689774157,   5.714280928e-07,                 0,                 0,                 0,   8.944739594e-08,    0.008689774157,   5.714280928e-07,                 0,    6.57586817e-05,    0.003126620633
          0,           0,        1930,      -11.48628861,         -11.83899,      -12.50519219,      -11.99218352,      -15.33175667,     0.01574983121,     0.00868977457,   5.684426698e-07,                 0,                 0,                 0,   8.891958129e-08,     0.00868977457,   5.684426698e-07,                 0,   6.541512271e-05,    0.003126620633
          0,           0,        1931,      -11.48745832,      -11.84124371,      -12.50655617,      -11.99375233,       -15.3348061,     0.01574983121,     0.00868977498,   5.654717855e-07,                 0,                 0,                 0,   8.839423033e-08,     0.00868977498,   5.654717855e-07,                 0,   6.507323685e-05,    0.003126620633
          0,           0,        1932,      -11.48862915,      -11.84349932,      -12.50791241,      -11.99535687,      -15.33785623,     0.01574983121,    0.008689775389,   5.625153572e-07,                 0,                 0,                 0,   8.787134893e-08,    0.008689775389,   5.625153572e-07,                 0,   6.473301461e-05,    0.003126620633
          0,           0,        1933,      -11.48979942,       -11.8457537,      -12.50927648,      -11.99697677,      -15.34090707,     0.01574983121,    0.008689775794,   5.595733057e-07,                 0,                 0,                 0,   8.735091995e-08,    0.008689775794,   5.595733057e-07,                 0,   6.439444687e-05,    0.003126620633
          0,           0,        1934,       -11.4909705,      -11.84800384,      -12.51067091,        -11.998556,      -15.34395862,     0.01574983121,    0.008689776197,   5.566456146e-07,                 0,                 0,                 0,   8.683291999e-08,    0.008689776197,   5.566456146e-07,                 0,   6.405753175e-05,    0.003126620633
          0,           0,        1935,      -11.49214095,      -11.85024534,      -12.51202145,      -12.00013186,      -15.34701089,     0.01574983121,    0.008689776598,   5.537322176e-07,                 0,                 0,                 0,   8.631736638e-08,    0.008689776598,   5.537322176e-07,                 0,   6.372226159e-05,    0.003126620633
          0,           0,        1936,      -11.49331273,      -11.85249062,      -12.51334796,      -12.00173432,      -15.35006387,     0.01574983121,    0.008689776996,   5.508330851e-07,                 0,                 0,                 0,   8.580425037e-08,    0.008689776996,   5.508330851e-07,                 0,   6.338863303e-05,    0.003126620633
          0,           0,        1937,      -11.49448445,      -11.85473034,      -12.51475213,      -12.00332009,      -15.35311755,     0.01574983121,    0.008689777392,   5.479481755e-07,                 0,                 0,                 0,     8.5293551e-08,    0.008689777392,   5.479481755e-07,                 0,   6.305664124e-05,    0.003126620633
          0,           0,        1938,      -11.49565593,      -11.85696935,      -12.51610331,      -12.00491627,      -15.35617195,     0.01574983121,    0.008689777786,   5.450774029e-07,                 0,                 0,                 0,   8.478525749e-08,    0.008689777786,   5.450774029e-07,                 0,   6.272627636e-05,    0.003126620633
          0,           0,        1939,      -11.49682834,       -11.8592024,      -12.51747804,      -12.00649955,      -15.35922705,     0.01574983121,    0.008689778177,    5.42220684e-07,                 0,                 0,                 0,   8.427935707e-08,    0.008689778177,    5.42220684e-07,                 0,   6.239752879e-05,    0.003126620633
          0,           0,        1940,      -11.49800089,      -11.86143467,      -12.51887353,      -12.00809611,      -15.36228286,     0.01574983121,    0.008689778565,   5.393780098e-07,                 0,                 0,                 0,   8.377586643e-08,    0.008689778565,   5.393780098e-07,                 0,   6.207039751e-05,    0.003126620633
          0,           0,        1941,      -11.49917349,      -11.86366523,      -12.52023869,      -12.00967503,      -15.36533939,     0.01574983121,    0.008689778952,   5.365493413e-07,                 0,                 0,                 0,   8.327475613e-08,    0.008689778952,   5.365493413e-07,                 0,   6.174487801e-05,    0.003126620633
          0,           0,        1942,       -11.5003457,      -11.86589341,      -12.52162634,      -12.01127842,      -15.36839662,     0.01574983121,    0.008689779336,   5.337346094e-07,                 0,                 0,                 0,   8.277602416e-08,    0.008689779336,   5.337346094e-07,                 0,   6.142096235e-05,    0.003126620633
          0,           0,        1943,      -11.50151869,      -11.86811522,      -12.52300769,      -12.01285149,      -15.37145457,     0.01574983121,    0.008689779717,     5.3093375e-07,                 0,                 0,                 0,   8.227965737e-08,    0.008689779717,     5.3093375e-07,                 0,   6.109864315e-05,    0.003126620633
          0,           0,        1944,      -11.50269224,      -11.87033463,      -12.52437494,       -12.0144348,      -15.37451323,     0.01574983121,    0.008689780097,   5.281467218e-07,                 0,                 0,                 0,   8.178564873e-08,    0.008689780097,   5.281467218e-07,                 0,   6.077791566e-05,    0.003126620633
          0,           0,        1945,      -11.50386542,      -11.87255424,      -12.52575663,      -12.01603453,       -15.3775726,     0.01574983121,    0.008689780474,   5.253734423e-07,                 0,                 0,                 0,   8.129399524e-08,    0.008689780474,   5.253734423e-07,                 0,   6.045877038e-05,    0.003126620633
          0,           0,        1946,      -11.50503983,      -11.87477253,      -12.52715478,      -12.01762683,      -15.38063268,     0.01574983121,    0.008689780849,   5.226138999e-07,                 0,                 0,                 0,   8.080468161e-08,    0.008689780849,   5.226138999e-07,                 0,   6.014120598e-05,    0.003126620633
          0,           0,        1947,      -11.50621421,      -11.87698328,      -12.52852643,      -12.01920709,      -15.38369348,     0.01574983121,    0.008689781221,    5.19868056e-07,                 0,                 0,                 0,   8.031770618e-08,    0.008689781221,    5.19868056e-07,                 0,   5.982521801e-05,    0.003126620633
          0,           0,        1948,      -11.50738785,      -11.87919435,      -12.52991758,      -12.02078369,      -15.38675499,     0.01574983121,    0.008689781591,   5.171358301e-07,                 0,                 0,                 0,   7.983306564e-08,    0.008689781591,   5.171358301e-07,                 0,   5.951079721e-05,    0.003126620633
          0,           0,        1949,       -11.5085634,      -11.88140067,      -12.53127143,      -12.02235974,      -15.38981721,     0.01574983121,    0.008689781959,   5.144171391e-07,                 0,                 0,                 0,   7.935072445e-08,    0.008689781959,   5.144171391e-07,                 0,   5.919793402e-05,    0.003126620633
          0,           0,        1950,      -11.50973766,      -11.88360371,      -12.53270144,       -12.0239387,      -15.39288015,     0.01574983121,    0.008689782325,   5.117119493e-07,                 0,                 0,                 0,   7.887069816e-08,    0.008689782325,   5.117119493e-07,                 0,   5.888662456e-05,    0.003126620633
          0,           0,        1951,      -11.51091289,      -11.88580452,      -12.53406985,      -12.02552145,      -15.39594384,     0.01574983121,    0.008689782689,    5.09020233e-07,                 0,                 0,                 0,   7.839297139e-08,    0.008689782689,    5.09020233e-07,                 0,   5.857686564e-05,    0.003126620633
          0,           0,        1952,      -11.51208754,      -11.88800586,      -12.53547238,      -12.02711802,      -15.39900827,     0.01574983121,     0.00868978305,   5.063419372e-07,                 0,                 0,                 0,   7.791753791e-08,     0.00868978305,   5.063419372e-07,                 0,   5.826865116e-05,    0.003126620633
          0,           0,        1953,      -11.51326305,      -11.89020077,      -12.53688564,      -12.02868142,      -15.40207341,     0.01574983121,    0.008689783409,   5.036770189e-07,                 0,                 0,                 0,   7.744439797e-08,    0.008689783409,   5.036770189e-07,                 0,   5.796197617e-05,    0.003126620633
          0,           0,        1954,      -11.51443838,      -11.89239349,      -12.53827539,      -12.03026818,      -15.40513928,     0.01574983121,    0.008689783766,   5.010254071e-07,                 0,                 0,                 0,    7.69735331e-08,    0.008689783766,   5.010254071e-07,                 0,    5.76568325e-05,    0.003126620633
          0,           0,        1955,      -11.51561413,      -11.89458444,       -12.5396712,      -12.03185059,      -15.40820586,     0.01574983121,    0.008689784121,   4.983870338e-07,                 0,                 0,                 0,   7.650492985e-08,    0.008689784121,   4.983870338e-07,                 0,   5.735321233e-05,    0.003126620633
          0,           0,        1956,      -11.51679033,      -11.89677208,      -12.54105601,      -12.03343673,      -15.41127317,     0.01574983121,    0.008689784474,   4.957618406e-07,                 0,                 0,                 0,   7.603857623e-08,    0.008689784474,   4.957618406e-07,                 0,   5.705110893e-05,    0.003126620633
          0,           0,        1957,      -11.51796648,      -11.89896142,       -12.5424967,       -12.0350336,      -15.41434119,     0.01574983121,    0.008689784825,   4.931497911e-07,                 0,                 0,                 0,   7.557447369e-08,    0.008689784825,   4.931497911e-07,                 0,   5.675051812e-05,    0.003126620633
          0,           0,        1958,       -11.5191429,      -11.90114184,      -12.54387302,      -12.03659525,      -15.41740994,     0.01574983121,    0.008689785173,   4.905508714e-07,                 0,                 0,                 0,    7.51126232e-08,    0.008689785173,   4.905508714e-07,                 0,   5.645143829e-05,    0.003126620633
          0,           0,        1959,       -11.5203202,      -11.90332311,      -12.54527778,      -12.03817622,      -15.42047941,     0.01574983121,     0.00868978552,   4.879650094e-07,                 0,                 0,                 0,   7.465300534e-08,     0.00868978552,   4.879650094e-07,                 0,   5.615386114e-05,    0.003126620633
          0,           0,        1960,      -11.52149704,      -11.90550049,      -12.54670606,      -12.03974659,       -15.4235496,     0.01574983121,    0.008689785864,   4.853921301e-07,                 0,                 0,                 0,   7.419560997e-08,    0.008689785864,   4.853921301e-07,                 0,   5.585777804e-05,    0.003126620633
          0,           0,        1961,      -11.52267341,      -11.90767381,      -12.54809799,      -12.04132686,      -15.42662052,     0.01574983121,    0.008689786207,   4.828321942e-07,                 0,                 0,                 0,   7.374042963e-08,    0.008689786207,   4.828321942e-07,                 0,   5.556318449e-05,    0.003126620633
          0,           0,        1962,      -11.52385222,      -11.90984288,      -12.54952982,      -12.04289836,      -15.42969216,     0.01574983121,    0.008689786547,   4.802851432e-07,                 0,                 0,                 0,   7.328745463e-08,    0.008689786547,   4.802851432e-07,                 0,   5.527007373e-05,    0.003126620633
          0,           0,        1963,       -11.5250293,      -11.91201325,      -12.55091931,      -12.04447805,      -15.43276452,     0.01574983121,    0.008689786885,   4.777509527e-07,                 0,                 0,                 0,   7.283669194e-08,    0.008689786885,   4.777509527e-07,                 0,   5.497844297e-05,    0.003126620633
          0,           0,        1964,       -11.5262074,       -11.9141816,      -12.55236064,      -12.04605241,      -15.43583762,     0.01574983121,    0.008689787221,   4.752295152e-07,                 0,                 0,                 0,   7.238810145e-08,    0.008689787221,   4.752295152e-07,                 0,   5.468827983e-05,    0.003126620633
          0,           0,        1965,      -11.52738505,      -11.91634586,      -12.55376652,      -12.04761912,      -15.43891144,     0.01574983121,    0.008689787556,   4.727208319e-07,                 0,                 0,                 0,   7.194169852e-08,    0.008689787556,   4.727208319e-07,                 0,   5.439958444e-05,    0.003126620633
          0,           0,        1966,      -11.52856346,      -11.91850607,      -12.55519642,      -12.04920605,      -15.44198599,     0.01574983121,    0.008689787888,   4.702248246e-07,                 0,                 0,                 0,   7.149747218e-08,    0.008689787888,   4.702248246e-07,                 0,   5.411234781e-05,    0.003126620633
          0,           0,        1967,       -11.5297415,       -11.9206647,      -12.55660284,      -12.05077206,      -15.44506127,     0.01574983121,    0.008689788218,   4.677414846e-07,                 0,                 0,                 0,   7.105542173e-08,    0.008689788218,   4.677414846e-07,                 0,   5.382656894e-05,    0.003126620633
          0,           0,        1968,      -11.53092037,      -11.92282331,      -12.55802535,      -12.05235518,      -15.44813727,     0.01574983121,    0.008689788546,   4.652707225e-07,                 0,                 0,                 0,    7.06155243e-08,    0.008689788546,   4.652707225e-07,                 0,   5.354223754e-05,    0.003126620633
          0,           0,        1969,      -11.53209902,      -11.92497528,        -12.559451,      -12.05392023,      -15.45121401,     0.01574983121,    0.008689788873,   4.628124648e-07,                 0,                 0,                 0,   7.017776984e-08,    0.008689788873,   4.628124648e-07,                 0,   5.325934514e-05,    0.003126620633
          0,           0,        1970,      -11.53327782,       -11.9271268,      -12.56085977,      -12.05550109,      -15.45429148,     0.01574983121,    0.008689789197,   4.603666783e-07,                 0,                 0,                 0,   6.974215621e-08,    0.008689789197,   4.603666783e-07,                 0,   5.297788794e-05,    0.003126620633
          0,           0,        1971,      -11.53445753,      -11.92927949,      -12.56230429,      -12.05708169,      -15.45736968,     0.01574983121,     0.00868978952,   4.579333358e-07,                 0,                 0,                 0,   6.930867621e-08,     0.00868978952,   4.579333358e-07,                 0,   5.269786279e-05,    0.003126620633
          0,           0,        1972,      -11.53563767,      -11.93142259,      -12.56373209,      -12.05865522,      -15.46044861,     0.01574983121,     0.00868978984,   4.555123757e-07,                 0,                 0,                 0,   6.887732099e-08,     0.00868978984,   4.555123757e-07,                 0,   5.241926262e-05,    0.003126620633
          0,           0,        1973,      -11.53681654,      -11.93356811,      -12.56518594,      -12.06023185,      -15.46352828,     0.01574983121,    0.008689790159,   4.531037352e-07,                 0,                 0,                 0,    6.84480861e-08,    0.008689790159,   4.531037352e-07,                 0,   5.214208018e-05,    0.003126620633
          0,           0,        1974,      -11.53799649,      -11.93570942,       -12.5665936,      -12.06180248,      -15.46660868,     0.01574983121,    0.008689790476,   4.507073868e-07,                 0,                 0,                 0,   6.802095357e-08,    0.008689790476,   4.507073868e-07,                 0,   5.186631232e-05,    0.003126620633
          0,           0,        1975,      -11.53917702,      -11.93784517,      -12.56805176,      -12.06335974,      -15.46968982,     0.01574983121,    0.008689790791,   4.483232496e-07,                 0,                 0,                 0,   6.759592401e-08,    0.008689790791,   4.483232496e-07,                 0,   5.159194972e-05,    0.003126620633
          0,           0,        1976,       -11.5403573,      -11.93998329,      -12.56946967,      -12.06493549,       -15.4727717,     0.01574983121,    0.008689791104,   4.459512622e-07,                 0,                 0,                 0,   6.717297549e-08,    0.008689791104,   4.459512622e-07,                 0,   5.131898533e-05,    0.003126620633
          0,           0,        1977,      -11.54153816,      -11.94211522,      -12.57091994,      -12.06650784,      -15.47585432,     0.01574983121,    0.008689791415,   4.435913979e-07,                 0,                 0,                 0,   6.675211084e-08,    0.008689791415,   4.435913979e-07,                 0,   5.104741607e-05,    0.003126620633
          0,           0,        1978,      -11.54271839,      -11.94424602,      -12.57233449,      -12.06806966,      -15.47893768,     0.01574983121,    0.008689791724,   4.412436251e-07,                 0,                 0,                 0,   6.633332394e-08,    0.008689791724,   4.412436251e-07,                 0,   5.077723829e-05,    0.003126620633
          0,           0,        1979,      -11.54389925,      -11.94637607,      -12.57377423,      -12.06965213,      -15.48202179,     0.01574983121,    0.008689792032,   4.389078672e-07,                 0,                 0,                 0,   6.591660708e-08,    0.008689792032,   4.389078672e-07,                 0,    5.05084432e-05,    0.003126620633
          0,           0,        1980,      -11.54508059,      -11.94850358,      -12.57523864,       -12.0712219,      -15.48510665,     0.01574983121,    0.008689792337,   4.365841034e-07,                 0,                 0,                 0,   6.550195319e-08,    0.008689792337,   4.365841034e-07,                 0,   5.024102837e-05,    0.003126620633
          0,           0,        1981,      -11.54626083,      -11.95062832,      -12.57670217,      -12.07279422,      -15.48819225,     0.01574983121,    0.008689792641,   4.342722304e-07,                 0,                 0,                 0,   6.508933882e-08,    0.008689792641,   4.342722304e-07,                 0,   4.997498195e-05,    0.003126620633
          0,           0,        1982,      -11.54744272,      -11.95275021,       -12.5781529,      -12.07436239,      -15.49127861,     0.01574983121,    0.008689792943,   4.319722183e-07,                 0,                 0,                 0,   6.467876264e-08,    0.008689792943,   4.319722183e-07,                 0,   4.971030048e-05,    0.003126620633
          0,           0,        1983,      -11.54862443,       -11.9548682,       -12.5795655,       -12.0759203,      -15.49436572,     0.01574983121,    0.008689793244,   4.296840298e-07,                 0,                 0,                 0,   6.427022519e-08,    0.008689793244,   4.296840298e-07,                 0,   4.944697967e-05,    0.003126620633
          0,           0,        1984,       -11.5498067,      -11.95698676,      -12.58100646,      -12.07750671,      -15.49745359,     0.01574983121,    0.008689793542,   4.274076103e-07,                 0,                 0,                 0,   6.386370776e-08,    0.008689793542,   4.274076103e-07,                 0,   4.918501323e-05,    0.003126620633
          0,           0,        1985,      -11.55098872,      -11.95910012,       -12.5824788,      -12.07907631,      -15.50054228,     0.01574983121,    0.008689793839,   4.251429345e-07,                 0,                 0,                 0,   6.345921283e-08,    0.008689793839,   4.251429345e-07,                 0,   4.892439826e-05,    0.003126620633
          0,           0,        1986,       -11.5521709,      -11.96121177,       -12.5839357,       -12.0806401,      -15.50363175,     0.01574983121,    0.008689794134,    4.22889886e-07,                 0,                 0,                 0,   6.305672032e-08,    0.008689794134,    4.22889886e-07,                 0,   4.866512135e-05,    0.003126620633
          0,           0,        1987,      -11.55335316,      -11.96332107,      -12.58541657,      -12.08220787,      -15.50672198,     0.01574983121,    0.008689794427,   4.206484812e-07,                 0,                 0,                 0,   6.265622779e-08,    0.008689794427,   4.206484812e-07,                 0,   4.840718439e-05,    0.003126620633
          0,           0,        1988,      -11.55453611,      -11.96542837,      -12.58685969,      -12.08377299,      -15.50981297,     0.01574983121,    0.008689794719,   4.184186372e-07,                 0,                 0,                 0,   6.225773301e-08,    0.008689794719,   4.184186372e-07,                 0,   4.815057786e-05,    0.003126620633
          0,           0,        1989,      -11.55571825,      -11.96753099,      -12.58833666,      -12.08533274,      -15.51290475,     0.01574983121,    0.008689795009,   4.162002956e-07,                 0,                 0,                 0,   6.186121077e-08,    0.008689795009,   4.162002956e-07,                 0,   4.789529502e-05,    0.003126620633
          0,           0,        1990,      -11.55690174,      -11.96963232,      -12.58978838,       -12.0868794,      -15.51599729,     0.01574983121,    0.008689795297,   4.139934281e-07,                 0,                 0,                 0,   6.146667002e-08,    0.008689795297,   4.139934281e-07,                 0,   4.764133262e-05,    0.003126620633
          0,           0,        1991,      -11.55808532,      -11.97173124,      -12.59123646,      -12.08845559,      -15.51909061,     0.01574983121,    0.008689795584,   4.117979906e-07,                 0,                 0,                 0,   6.107409993e-08,    0.008689795584,   4.117979906e-07,                 0,   4.738868557e-05,    0.003126620633
          0,           0,        1992,      -11.55926777,      -11.97382951,       -12.5927136,      -12.09002852,      -15.52218472,     0.01574983121,    0.008689795869,   4.096139223e-07,                 0,                 0,                 0,   6.068348777e-08,    0.008689795869,   4.096139223e-07,                 0,   4.713734689e-05,    0.003126620633
          0,           0,        1993,      -11.56045143,      -11.97592816,      -12.59417452,        -12.091611,       -15.5252796,     0.01574983121,    0.008689796152,   4.074411664e-07,                 0,                 0,                 0,   6.029482401e-08,    0.008689796152,   4.074411664e-07,                 0,   4.688731005e-05,    0.003126620633
          0,           0,        1994,      -11.56163507,      -11.97801934,      -12.59567072,        -12.093172,      -15.52837527,     0.01574983121,    0.008689796433,   4.052796621e-07,                 0,                 0,                 0,   5.990809571e-08,    0.008689796433,   4.052796621e-07,                 0,   4.663856803e-05,    0.003126620633
          0,           0,        1995,        -11.562819,      -11.98011268,      -12.59712121,      -12.09473532,      -15.53147173,     0.01574983121,    0.008689796713,   4.031293872e-07,                 0,                 0,                 0,   5.952330834e-08,    0.008689796713,   4.031293872e-07,                 0,   4.639111829e-05,    0.003126620633
          0,           0,        1996,      -11.56400286,      -11.98220114,      -12.59862735,      -12.09629206,      -15.53456898,     0.01574983121,    0.008689796992,   4.009902806e-07,                 0,                 0,                 0,   5.914044836e-08,    0.008689796992,   4.009902806e-07,                 0,   4.614495379e-05,    0.003126620633
          0,           0,        1997,      -11.56518719,      -11.98428518,      -12.60004342,       -12.0978559,      -15.53766703,     0.01574983121,    0.008689797268,   3.988623088e-07,                 0,                 0,                 0,   5.875950112e-08,    0.008689797268,   3.988623088e-07,                 0,   4.590007068e-05,    0.003126620633
          0,           0,        1998,      -11.56637168,      -11.98636895,      -12.60155413,      -12.09941958,      -15.54076587,     0.01574983121,    0.008689797543,   3.967453884e-07,                 0,                 0,                 0,   5.838046774e-08,    0.008689797543,   3.967453884e-07,                 0,   4.565645936e-05,    0.003126620633
          0,           0,        1999,      -11.56755614,      -11.98845027,      -12.60304857,      -12.10098732,      -15.54386551,     0.01574983121,    0.008689797817,   3.946394944e-07,                 0,                 0,                 0,   5.800333712e-08,    0.008689797817,   3.946394944e-07,                 0,   4.541411695e-05,    0.003126620633
          0,           0,        2000,      -11.56874072,       -11.9905316,      -12.60451194,      -12.10256687,      -15.54696595,     0.01574983121,    0.008689798089,   3.925445644e-07,                 0,                 0,                 0,   5.762809934e-08,    0.008689798089,   3.925445644e-07,                 0,   4.517303629e-05,    0.003126620633
          0,           0,        2001,      -11.56992684,      -11.99261054,      -12.60602002,        -12.104127,      -15.55006719,     0.01574983121,    0.008689798359,   3.904605671e-07,                 0,                 0,                 0,   5.725474695e-08,    0.008689798359,   3.904605671e-07,                 0,   4.493321375e-05,    0.003126620633
          0,           0,        2002,      -11.57111078,      -11.99468557,      -12.60750224,      -12.10566127,      -15.55316925,     0.01574983121,    0.008689798628,   3.883874523e-07,                 0,                 0,                 0,   5.688327151e-08,    0.008689798628,   3.883874523e-07,                 0,   4.469464356e-05,    0.003126620633
          0,           0,        2003,      -11.57229703,      -11.99675948,      -12.60900203,      -12.10724324,      -15.55627211,     0.01574983121,    0.008689798895,   3.863251452e-07,                 0,                 0,                 0,   5.651366235e-08,    0.008689798895,   3.863251452e-07,                 0,   4.445731712e-05,    0.003126620633
          0,           0,        2004,      -11.57348194,      -11.99883038,      -12.61043876,      -12.10880967,      -15.55937578,     0.01574983121,     0.00868979916,   3.842735966e-07,                 0,                 0,                 0,   5.614591712e-08,     0.00868979916,   3.842735966e-07,                 0,   4.422122876e-05,    0.003126620633
          0,           0,        2005,      -11.57466713,      -12.00089848,      -12.61197096,      -12.11037423,      -15.56248026,     0.01574983121,    0.008689799425,   3.822328006e-07,                 0,                 0,                 0,    5.57800296e-08,    0.008689799425,   3.822328006e-07,                 0,   4.398637781e-05,    0.003126620633
          0,           0,        2006,      -11.57585205,      -12.00296433,      -12.61346417,      -12.11194132,      -15.56558557,     0.01574983121,    0.008689799687,   3.802026781e-07,                 0,                 0,                 0,   5.541598213e-08,    0.008689799687,   3.802026781e-07,                 0,   4.375275516e-05,    0.003126620633
          0,           0,        2007,      -11.57703795,      -12.00502941,      -12.61495629,      -12.11349754,      -15.56869169,     0.01574983121,    0.008689799948,   3.781831967e-07,                 0,                 0,                 0,   5.505378203e-08,    0.008689799948,   3.781831967e-07,                 0,   4.352035708e-05,    0.003126620633
          0,           0,        2008,      -11.57822397,      -12.00709293,      -12.61644055,      -12.11506974,      -15.57179864,     0.01574983121,    0.008689800208,   3.761742733e-07,                 0,                 0,                 0,   5.469339589e-08,    0.008689800208,   3.761742733e-07,                 0,   4.328917401e-05,    0.003126620633
          0,           0,        2009,      -11.57941007,      -12.00915726,      -12.61796416,       -12.1166341,      -15.57490642,     0.01574983121,    0.008689800466,   3.741758879e-07,                 0,                 0,                 0,   5.433483729e-08,    0.008689800466,   3.741758879e-07,                 0,   4.305920364e-05,    0.003126620633
          0,           0,        2010,      -11.58059632,      -12.01121404,      -12.61945498,       -12.1181781,      -15.57801503,     0.01574983121,    0.008689800722,   3.721879819e-07,                 0,                 0,                 0,    5.39780913e-08,    0.008689800722,   3.721879819e-07,                 0,   4.283043925e-05,    0.003126620633
          0,           0,        2011,      -11.58178309,      -12.01327264,       -12.6209502,      -12.11975114,      -15.58112447,     0.01574983121,    0.008689800978,    3.70210524e-07,                 0,                 0,                 0,   5.362315092e-08,    0.008689800978,    3.70210524e-07,                 0,   4.260287721e-05,    0.003126620633
          0,           0,        2012,      -11.58296989,      -12.01532812,      -12.62245163,       -12.1213241,      -15.58423475,     0.01574983121,    0.008689801231,   3.682434512e-07,                 0,                 0,                 0,   5.327001231e-08,    0.008689801231,   3.682434512e-07,                 0,   4.237651028e-05,    0.003126620633
          0,           0,        2013,      -11.58415685,      -12.01738127,      -12.62399594,      -12.12288103,      -15.58734588,     0.01574983121,    0.008689801483,   3.662867105e-07,                 0,                 0,                 0,   5.291865971e-08,    0.008689801483,   3.662867105e-07,                 0,   4.215133237e-05,    0.003126620633
          0,           0,        2014,      -11.58534422,      -12.01943368,       -12.6254845,        -12.124441,      -15.59045785,     0.01574983121,    0.008689801734,   3.643402791e-07,                 0,                 0,                 0,   5.256909412e-08,    0.008689801734,   3.643402791e-07,                 0,   4.192734083e-05,    0.003126620633
          0,           0,        2015,      -11.58653046,      -12.02148139,       -12.6269936,      -12.12600083,      -15.59357067,     0.01574983121,    0.008689801984,   3.624040823e-07,                 0,                 0,                 0,   5.222129739e-08,    0.008689801984,   3.624040823e-07,                 0,   4.170452709e-05,    0.003126620633
          0,           0,        2016,      -11.58771788,      -12.02352225,      -12.62851181,      -12.12754775,      -15.59668435,     0.01574983121,    0.008689802231,   3.604780759e-07,                 0,                 0,                 0,   5.187526948e-08,    0.008689802231,   3.604780759e-07,                 0,   4.148288606e-05,    0.003126620633
          0,           0,        2017,      -11.58890514,      -12.02557068,      -12.63001914,      -12.12912677,       -15.5997989,     0.01574983121,    0.008689802478,   3.585622416e-07,                 0,                 0,                 0,   5.153100248e-08,    0.008689802478,   3.585622416e-07,                 0,   4.126241563e-05,    0.003126620633
          0,           0,        2018,      -11.59009264,      -12.02761883,      -12.63153379,      -12.13070181,      -15.60291433,     0.01574983121,    0.008689802723,   3.566564904e-07,                 0,                 0,                 0,   5.118847727e-08,    0.008689802723,   3.566564904e-07,                 0,   4.104310556e-05,    0.003126620633
          0,           0,        2019,       -11.5912801,      -12.02965303,       -12.6330874,      -12.13224712,      -15.60603069,     0.01574983121,    0.008689802967,   3.547607973e-07,                 0,                 0,                 0,    5.08476946e-08,    0.008689802967,   3.547607973e-07,                 0,   4.082495296e-05,    0.003126620633
          0,           0,        2020,      -11.59246823,      -12.03169286,      -12.63459992,       -12.1338062,      -15.60914793,     0.01574983121,    0.008689803209,   3.528751233e-07,                 0,                 0,                 0,   5.050865253e-08,    0.008689803209,   3.528751233e-07,                 0,   4.060795335e-05,    0.003126620633
          0,           0,        2021,      -11.59365524,      -12.03373014,       -12.6361003,      -12.13536841,      -15.61226605,     0.01574983121,     0.00868980345,   3.509994058e-07,                 0,                 0,                 0,   5.017134508e-08,     0.00868980345,   3.509994058e-07,                 0,   4.039209953e-05,    0.003126620633
          0,           0,        2022,      -11.59484457,      -12.03576688,      -12.63764019,      -12.13693181,      -15.61538505,     0.01574983121,     0.00868980369,    3.49133588e-07,                 0,                 0,                 0,   4.983574109e-08,     0.00868980369,    3.49133588e-07,                 0,   4.017738495e-05,    0.003126620633
          0,           0,        2023,      -11.59603266,      -12.03780207,      -12.63919242,      -12.13849456,      -15.61850495,     0.01574983121,    0.008689803928,   3.472776591e-07,                 0,                 0,                 0,   4.950185212e-08,    0.008689803928,   3.472776591e-07,                 0,   3.996380839e-05,    0.003126620633
          0,           0,        2024,      -11.59722069,      -12.03983136,      -12.64073974,      -12.14003372,      -15.62162574,     0.01574983121,    0.008689804165,   3.454315293e-07,                 0,                 0,                 0,   4.916966864e-08,    0.008689804165,   3.454315293e-07,                 0,   3.975135949e-05,    0.003126620633
          0,           0,        2025,      -11.59840891,      -12.04186536,      -12.64221197,      -12.14160361,      -15.62474744,     0.01574983121,      0.0086898044,   3.435951938e-07,                 0,                 0,                 0,   4.883918936e-08,      0.0086898044,   3.435951938e-07,                 0,   3.954003772e-05,    0.003126620633
          0,           0,        2026,      -11.59959835,      -12.04389053,      -12.64375361,      -12.14318267,      -15.62787004,     0.01574983121,    0.008689804634,    3.41768574e-07,                 0,                 0,                 0,   4.851038646e-08,    0.008689804634,    3.41768574e-07,                 0,   3.932983403e-05,    0.003126620633
          0,           0,        2027,       -11.6007869,      -12.04591911,      -12.64532041,      -12.14472883,      -15.63099355,     0.01574983121,    0.008689804867,   3.399516332e-07,                 0,                 0,                 0,   4.818326679e-08,    0.008689804867,   3.399516332e-07,                 0,   3.912074418e-05,    0.003126620633
          0,           0,        2028,      -11.60197514,      -12.04794175,      -12.64685223,      -12.14627969,      -15.63411798,     0.01574983121,    0.008689805099,   3.381443412e-07,                 0,                 0,                 0,   4.785782663e-08,    0.008689805099,   3.381443412e-07,                 0,   3.891276471e-05,    0.003126620633
          0,           0,        2029,      -11.60316505,      -12.04995743,      -12.64838868,      -12.14781491,      -15.63724333,     0.01574983121,    0.008689805329,   3.363466316e-07,                 0,                 0,                 0,   4.753405028e-08,    0.008689805329,   3.363466316e-07,                 0,   3.870588798e-05,    0.003126620633
          0,           0,        2030,      -11.60435345,      -12.05198415,      -12.64991433,      -12.14941035,      -15.64036961,     0.01574983121,    0.008689805558,   3.345584605e-07,                 0,                 0,                 0,   4.721192733e-08,    0.008689805558,   3.345584605e-07,                 0,   3.850010892e-05,    0.003126620633
          0,           0,        2031,      -11.60554414,      -12.05400403,      -12.65149706,      -12.15098064,      -15.64349681,     0.01574983121,    0.008689805786,   3.327797807e-07,                 0,                 0,                 0,   4.689144789e-08,    0.008689805786,   3.327797807e-07,                 0,   3.829542212e-05,    0.003126620633
          0,           0,        2032,       -11.6067333,      -12.05602624,      -12.65302835,      -12.15253473,      -15.64662495,     0.01574983121,    0.008689806012,   3.310105619e-07,                 0,                 0,                 0,   4.657262395e-08,    0.008689806012,   3.310105619e-07,                 0,   3.809182408e-05,    0.003126620633
          0,           0,        2033,       -11.6079223,      -12.05803766,      -12.65459679,      -12.15409006,      -15.64975404,     0.01574983121,    0.008689806237,   3.292507368e-07,                 0,                 0,                 0,   4.625542755e-08,    0.008689806237,   3.292507368e-07,                 0,   3.788930706e-05,    0.003126620633
          0,           0,        2034,      -11.60911174,      -12.06005065,      -12.65611045,      -12.15565112,      -15.65288407,     0.01574983121,    0.008689806461,   3.275002841e-07,                 0,                 0,                 0,   4.593985975e-08,    0.008689806461,   3.275002841e-07,                 0,    3.76878686e-05,    0.003126620633
          0,           0,        2035,      -11.61030192,      -12.06205983,      -12.65771728,      -12.15720723,      -15.65601505,     0.01574983121,    0.008689806684,   3.257591461e-07,                 0,                 0,                 0,   4.562591412e-08,    0.008689806684,   3.257591461e-07,                 0,   3.748750208e-05,    0.003126620633
          0,           0,        2036,      -11.61149193,      -12.06407701,      -12.65927605,       -12.1587784,      -15.65914698,     0.01574983121,    0.008689806905,   3.240272704e-07,                 0,                 0,                 0,   4.531357083e-08,    0.008689806905,   3.240272704e-07,                 0,   3.728820145e-05,    0.003126620633
          0,           0,        2037,      -11.61268175,      -12.06609291,       -12.6607568,      -12.16034988,      -15.66227987,     0.01574983121,    0.008689807125,   3.223046057e-07,                 0,                 0,                 0,   4.500284012e-08,    0.008689807125,   3.223046057e-07,                 0,   3.708996081e-05,    0.003126620633
          0,           0,        2038,      -11.61387156,      -12.06809419,      -12.66238127,      -12.16188392,      -15.66541373,     0.01574983121,    0.008689807344,   3.205911262e-07,                 0,                 0,                 0,   4.469370497e-08,    0.008689807344,   3.205911262e-07,                 0,   3.689277719e-05,    0.003126620633
          0,           0,        2039,      -11.61506122,      -12.07010252,      -12.66390532,      -12.16346019,      -15.66854856,     0.01574983121,    0.008689807562,   3.188867928e-07,                 0,                 0,                 0,   4.438615824e-08,    0.008689807562,   3.188867928e-07,                 0,   3.669664611e-05,    0.003126620633
          0,           0,        2040,      -11.61625153,       -12.0721103,      -12.66547484,      -12.16502443,      -15.67168436,     0.01574983121,    0.008689807778,    3.17191534e-07,                 0,                 0,                 0,   4.408019625e-08,    0.008689807778,    3.17191534e-07,                 0,   3.650155931e-05,    0.003126620633
          0,           0,        2041,      -11.61744196,      -12.07410857,      -12.66706208,      -12.16656484,      -15.67482114,     0.01574983121,    0.008689807993,   3.155053126e-07,                 0,                 0,                 0,   4.377580552e-08,    0.008689807993,   3.155053126e-07,                 0,   3.630751253e-05,    0.003126620633
          0,           0,        2042,      -11.61863281,      -12.07610881,      -12.66862634,      -12.16812332,      -15.67795891,     0.01574983121,    0.008689808207,   3.138280884e-07,                 0,                 0,                 0,   4.347298054e-08,    0.008689808207,   3.138280884e-07,                 0,   3.611450114e-05,    0.003126620633
          0,           0,        2043,      -11.61982383,      -12.07810783,      -12.67020217,      -12.16965728,      -15.68109767,     0.01574983121,     0.00868980842,   3.121598299e-07,                 0,                 0,                 0,    4.31717161e-08,     0.00868980842,   3.121598299e-07,                 0,   3.592252152e-05,    0.003126620633
          0,           0,        2044,      -11.62101451,      -12.08010777,       -12.6717727,      -12.17124283,      -15.68423742,     0.01574983121,    0.008689808632,   3.105004698e-07,                 0,                 0,                 0,   4.287200438e-08,    0.008689808632,   3.105004698e-07,                 0,    3.57315659e-05,    0.003126620633
          0,           0,        2045,      -11.62220543,      -12.08211111,       -12.6733706,      -12.17281979,      -15.68737818,     0.01574983121,    0.008689808842,   3.088499815e-07,                 0,                 0,                 0,    4.25738427e-08,    0.008689808842,   3.088499815e-07,                 0,   3.554163125e-05,    0.003126620633
          0,           0,        2046,      -11.62339595,      -12.08410253,      -12.67492777,      -12.17435088,      -15.69051994,     0.01574983121,    0.008689809052,   3.072083041e-07,                 0,                 0,                 0,    4.22772088e-08,    0.008689809052,   3.072083041e-07,                 0,   3.535271054e-05,    0.003126620633
          0,           0,        2047,      -11.62458778,      -12.08609999,      -12.67652641,      -12.17594071,      -15.69366273,     0.01574983121,     0.00868980926,   3.055753889e-07,                 0,                 0,                 0,   4.198210699e-08,     0.00868980926,   3.055753889e-07,                 0,   3.516479819e-05,    0.003126620633
          0,           0,        2048,      -11.62577876,       -12.0880931,      -12.67812353,      -12.17749805,      -15.69680654,     0.01574983121,    0.008689809467,    3.03951234e-07,                 0,                 0,                 0,   4.168853675e-08,    0.008689809467,    3.03951234e-07,                 0,   3.497789396e-05,    0.003126620633
          0,           0,        2049,      -11.62697026,      -12.09007966,      -12.67969257,      -12.17903568,      -15.69995137,     0.01574983121,    0.008689809673,   3.023357626e-07,                 0,                 0,                 0,   4.139647323e-08,    0.008689809673,   3.023357626e-07,                 0,   3.479198901e-05,    0.003126620633
          0,           0,        2050,      -11.62816184,      -12.09207258,      -12.68124689,      -12.18060708,       -15.7030973,     0.01574983121,    0.008689809878,   3.007289378e-07,                 0,                 0,                 0,   4.110591925e-08,    0.008689809878,   3.007289378e-07,                 0,    3.46070791e-05,    0.003126620633
          0,           0,        2051,      -11.62935329,      -12.09405635,      -12.68284313,      -12.18215089,      -15.70624431,     0.01574983121,    0.008689810081,   2.991306954e-07,                 0,                 0,                 0,   4.081686576e-08,    0.008689810081,   2.991306954e-07,                 0,   3.442315685e-05,    0.003126620633
          0,           0,        2052,      -11.63054472,      -12.09605294,      -12.68445326,      -12.18374506,      -15.70939237,     0.01574983121,    0.008689810284,   2.975410258e-07,                 0,                 0,                 0,   4.052931277e-08,    0.008689810284,   2.975410258e-07,                 0,   3.424022114e-05,    0.003126620633
          0,           0,        2053,      -11.63173647,      -12.09803401,       -12.6860451,      -12.18528532,      -15.71254149,     0.01574983121,    0.008689810485,   2.959598518e-07,                 0,                 0,                 0,    4.02432394e-08,    0.008689810485,   2.959598518e-07,                 0,    3.40582631e-05,    0.003126620633
          0,           0,        2054,      -11.63292905,       -12.1000198,      -12.68766054,      -12.18684576,      -15.71569168,     0.01574983121,    0.008689810686,   2.943871664e-07,                 0,                 0,                 0,   3.995864704e-08,    0.008689810686,   2.943871664e-07,                 0,   3.387728191e-05,    0.003126620633
          0,           0,        2055,      -11.63412098,      -12.10200068,      -12.68918568,      -12.18838785,      -15.71884294,     0.01574983121,    0.008689810885,   2.928229265e-07,                 0,                 0,                 0,   3.967552836e-08,    0.008689810885,   2.928229265e-07,                 0,   3.369727263e-05,    0.003126620633
          0,           0,        2056,      -11.63531162,      -12.10398378,      -12.69086052,      -12.18998805,      -15.72199529,     0.01574983121,    0.008689811083,   2.912670753e-07,                 0,                 0,                 0,   3.939387725e-08,    0.008689811083,   2.912670753e-07,                 0,   3.351822871e-05,    0.003126620633
          0,           0,        2057,      -11.63650449,      -12.10596049,      -12.69243734,      -12.19152433,      -15.72514872,     0.01574983121,     0.00868981128,   2.897195701e-07,                 0,                 0,                 0,   3.911368187e-08,     0.00868981128,   2.897195701e-07,                 0,   3.334014523e-05,    0.003126620633
          0,           0,        2058,      -11.63769677,      -12.10793963,      -12.69403363,      -12.19307617,      -15.72830326,     0.01574983121,    0.008689811476,   2.881803521e-07,                 0,                 0,                 0,   3.883493973e-08,    0.008689811476,   2.881803521e-07,                 0,   3.316301543e-05,    0.003126620633
          0,           0,        2059,      -11.63888822,       -12.1099171,      -12.69565435,      -12.19463666,       -15.7314589,     0.01574983121,    0.008689811671,   2.866493775e-07,                 0,                 0,                 0,   3.855763116e-08,    0.008689811671,   2.866493775e-07,                 0,   3.298683427e-05,    0.003126620633
          0,           0,        2060,      -11.64008077,      -12.11189243,      -12.69728447,      -12.19618892,      -15.73461565,     0.01574983121,    0.008689811865,   2.851266311e-07,                 0,                 0,                 0,   3.828176703e-08,    0.008689811865,   2.851266311e-07,                 0,   3.281160002e-05,    0.003126620633
          0,           0,        2061,      -11.64127369,      -12.11386119,      -12.69885865,      -12.19773667,      -15.73777352,     0.01574983121,    0.008689812058,   2.836120746e-07,                 0,                 0,                 0,   3.800733706e-08,    0.008689812058,   2.836120746e-07,                 0,   3.263730823e-05,    0.003126620633
          0,           0,        2062,      -11.64246525,      -12.11584729,      -12.70045869,      -12.19933657,      -15.74093252,     0.01574983121,    0.008689812249,   2.821056459e-07,                 0,                 0,                 0,   3.773432097e-08,    0.008689812249,   2.821056459e-07,                 0,   3.246395179e-05,    0.003126620633
          0,           0,        2063,       -11.6436586,      -12.11781784,      -12.70211488,      -12.20089118,      -15.74409265,     0.01574983121,     0.00868981244,   2.806073153e-07,                 0,                 0,                 0,   3.746272397e-08,     0.00868981244,   2.806073153e-07,                 0,   3.229152726e-05,    0.003126620633
          0,           0,        2064,      -11.64485133,      -12.11979726,      -12.70372207,      -12.20246326,      -15.74725392,     0.01574983121,     0.00868981263,   2.791170103e-07,                 0,                 0,                 0,   3.719253515e-08,     0.00868981263,   2.791170103e-07,                 0,   3.212002631e-05,    0.003126620633
          0,           0,        2065,      -11.64604399,      -12.12176484,      -12.70533782,       -12.2040144,      -15.75041634,     0.01574983121,    0.008689812819,   2.776347031e-07,                 0,                 0,                 0,   3.692374692e-08,    0.008689812819,   2.776347031e-07,                 0,   3.194944574e-05,    0.003126620633
          0,           0,        2066,      -11.64723666,      -12.12373311,       -12.7070166,      -12.20556465,      -15.75357992,     0.01574983121,    0.008689813006,   2.761604027e-07,                 0,                 0,                 0,   3.665635412e-08,    0.008689813006,   2.761604027e-07,                 0,   3.177978657e-05,    0.003126620633
          0,           0,        2067,      -11.64842924,      -12.12570493,      -12.70859301,      -12.20713104,      -15.75674467,     0.01574983121,    0.008689813193,   2.746940055e-07,                 0,                 0,                 0,   3.639034358e-08,    0.008689813193,   2.746940055e-07,                 0,    3.16110369e-05,    0.003126620633
          0,           0,        2068,      -11.64962287,       -12.1276757,      -12.71021556,      -12.20869797,      -15.75991058,     0.01574983121,    0.008689813378,   2.732355065e-07,                 0,                 0,                 0,   3.612572394e-08,    0.008689813378,   2.732355065e-07,                 0,   3.144319614e-05,    0.003126620633
          0,           0,        2069,      -11.65081601,      -12.12964018,      -12.71187314,      -12.21024708,      -15.76307767,     0.01574983121,    0.008689813563,   2.717848145e-07,                 0,                 0,                 0,    3.58624661e-08,    0.008689813563,   2.717848145e-07,                 0,    3.12762538e-05,    0.003126620633
          0,           0,        2070,      -11.65200843,      -12.13160076,      -12.71351059,      -12.21179114,      -15.76624595,     0.01574983121,    0.008689813747,    2.70341958e-07,                 0,                 0,                 0,   3.560058336e-08,    0.008689813747,    2.70341958e-07,                 0,   3.111021316e-05,    0.003126620633
          0,           0,        2071,       -11.6532021,      -12.13356094,      -12.71513256,      -12.21333563,      -15.76941541,     0.01574983121,    0.008689813929,   2.689068375e-07,                 0,                 0,                 0,   3.534005781e-08,    0.008689813929,   2.689068375e-07,                 0,   3.094506277e-05,    0.003126620633
          0,           0,        2072,      -11.65439588,      -12.13552852,      -12.71674286,      -12.21493344,      -15.77258608,     0.01574983121,    0.008689814111,   2.674794576e-07,                 0,                 0,                 0,   3.508088927e-08,    0.008689814111,   2.674794576e-07,                 0,   3.078080316e-05,    0.003126620633
          0,           0,        2073,      -11.65558944,      -12.13749531,      -12.71844162,      -12.21650594,      -15.77575796,     0.01574983121,    0.008689814292,   2.660597651e-07,                 0,                 0,                 0,   3.482306875e-08,    0.008689814292,   2.660597651e-07,                 0,    3.06174282e-05,    0.003126620633
          0,           0,        2074,      -11.65678248,      -12.13946004,      -12.72001645,      -12.21806207,      -15.77893105,     0.01574983121,    0.008689814472,   2.646476916e-07,                 0,                 0,                 0,   3.456658236e-08,    0.008689814472,   2.646476916e-07,                 0,   3.045493002e-05,    0.003126620633
          0,           0,        2075,      -11.65797532,      -12.14141706,       -12.7216744,       -12.2196184,      -15.78210537,     0.01574983121,     0.00868981465,   2.632432004e-07,                 0,                 0,                 0,   3.431142166e-08,     0.00868981465,   2.632432004e-07,                 0,   3.029330441e-05,    0.003126620633
          0,           0,        2076,      -11.65916874,      -12.14337271,      -12.72333095,      -12.22116423,      -15.78528091,     0.01574983121,    0.008689814828,   2.618462737e-07,                 0,                 0,                 0,   3.405759377e-08,    0.008689814828,   2.618462737e-07,                 0,    3.01325493e-05,    0.003126620633
          0,           0,        2077,      -11.66036261,       -12.1453288,      -12.72499976,       -12.2227191,       -15.7884577,     0.01574983121,    0.008689815005,   2.604568728e-07,                 0,                 0,                 0,   3.380508842e-08,    0.008689815005,   2.604568728e-07,                 0,   2.997266026e-05,    0.003126620633
          0,           0,        2078,      -11.66155579,      -12.14728736,       -12.7266327,      -12.22426559,      -15.79163574,     0.01574983121,    0.008689815181,   2.590749587e-07,                 0,                 0,                 0,    3.35538918e-08,    0.008689815181,   2.590749587e-07,                 0,   2.981363277e-05,    0.003126620633
          0,           0,        2079,      -11.66274927,      -12.14924236,      -12.72830416,      -12.22584972,      -15.79481504,     0.01574983121,    0.008689815356,   2.577004765e-07,                 0,                 0,                 0,   3.330400992e-08,    0.008689815356,   2.577004765e-07,                 0,   2.965546055e-05,    0.003126620633
          0,           0,        2080,      -11.66394313,      -12.15119326,      -12.72997243,      -12.22739023,      -15.79799561,     0.01574983121,     0.00868981553,   2.563334131e-07,                 0,                 0,                 0,   3.305542544e-08,     0.00868981553,   2.563334131e-07,                 0,   2.949814207e-05,    0.003126620633
          0,           0,        2081,      -11.66513763,      -12.15315236,      -12.73160027,      -12.22897072,      -15.80117745,     0.01574983121,    0.008689815703,   2.549736748e-07,                 0,                 0,                 0,    3.28081225e-08,    0.008689815703,   2.549736748e-07,                 0,   2.934166655e-05,    0.003126620633
          0,           0,        2082,      -11.66633121,      -12.15510739,      -12.73326947,      -12.23054775,      -15.80436058,     0.01574983121,    0.008689815876,   2.536212928e-07,                 0,                 0,                 0,   3.256211576e-08,    0.008689815876,   2.536212928e-07,                 0,   2.918603759e-05,    0.003126620633
          0,           0,        2083,      -11.66752439,      -12.15705977,      -12.73498501,      -12.23209844,      -15.80754509,     0.01574983121,    0.008689816047,   2.522761791e-07,                 0,                 0,                 0,   3.231739127e-08,    0.008689816047,   2.522761791e-07,                 0,   2.903124505e-05,    0.003126620633
          0,           0,        2084,      -11.66871795,      -12.15901283,      -12.73660937,      -12.23365155,      -15.81073093,     0.01574983121,    0.008689816217,   2.509383069e-07,                 0,                 0,                 0,   3.207393077e-08,    0.008689816217,   2.509383069e-07,                 0,   2.887728585e-05,    0.003126620633
          0,           0,        2085,      -11.66991301,      -12.16097328,      -12.73831034,      -12.23525427,      -15.81391809,     0.01574983121,    0.008689816387,   2.496076636e-07,                 0,                 0,                 0,   3.183175142e-08,    0.008689816387,   2.496076636e-07,                 0,   2.872415854e-05,    0.003126620633
          0,           0,        2086,       -11.6711072,      -12.16292394,      -12.73993003,      -12.23680141,      -15.81710658,     0.01574983121,    0.008689816556,   2.482841882e-07,                 0,                 0,                 0,   3.159082263e-08,    0.008689816556,   2.482841882e-07,                 0,    2.85718561e-05,    0.003126620633
          0,           0,        2087,      -11.67230015,      -12.16487148,       -12.7415985,      -12.23834537,      -15.82029641,     0.01574983121,    0.008689816723,   2.469678077e-07,                 0,                 0,                 0,   3.135114258e-08,    0.008689816723,   2.469678077e-07,                 0,   2.842037013e-05,    0.003126620633
          0,           0,        2088,      -11.67349492,      -12.16681753,      -12.74333545,      -12.23990053,      -15.82348759,     0.01574983121,     0.00868981689,   2.456585328e-07,                 0,                 0,                 0,   3.111271001e-08,     0.00868981689,   2.456585328e-07,                 0,   2.826970187e-05,    0.003126620633
          0,           0,        2089,      -11.67468928,      -12.16877099,      -12.74499589,      -12.24147483,      -15.82668013,     0.01574983121,    0.008689817056,   2.443563111e-07,                 0,                 0,                 0,   3.087552602e-08,    0.008689817056,   2.443563111e-07,                 0,   2.811984527e-05,    0.003126620633
          0,           0,        2090,      -11.67588354,      -12.17071199,      -12.74667167,      -12.24302743,      -15.82987405,     0.01574983121,    0.008689817221,   2.430611027e-07,                 0,                 0,                 0,   3.063957262e-08,    0.008689817221,   2.430611027e-07,                 0,   2.797079576e-05,    0.003126620633
          0,           0,        2091,      -11.67707811,      -12.17265854,      -12.74834563,      -12.24460419,      -15.83306934,     0.01574983121,    0.008689817386,   2.417728841e-07,                 0,                 0,                 0,   3.040485076e-08,    0.008689817386,   2.417728841e-07,                 0,   2.782255062e-05,    0.003126620633
          0,           0,        2092,       -11.6782724,      -12.17460593,      -12.75001881,      -12.24615883,      -15.83626603,     0.01574983121,    0.008689817549,   2.404915829e-07,                 0,                 0,                 0,   3.017135027e-08,    0.008689817549,   2.404915829e-07,                 0,   2.767510152e-05,    0.003126620633
          0,           0,        2093,      -11.67946638,      -12.17655203,      -12.75174233,      -12.24773071,      -15.83946412,     0.01574983121,    0.008689817712,   2.392171743e-07,                 0,                 0,                 0,   2.993905551e-08,    0.008689817712,   2.392171743e-07,                 0,   2.752844562e-05,    0.003126620633
          0,           0,        2094,      -11.68066075,      -12.17849579,      -12.75338777,      -12.24926413,      -15.84266362,     0.01574983121,    0.008689817873,   2.379496205e-07,                 0,                 0,                 0,   2.970797071e-08,    0.008689817873,   2.379496205e-07,                 0,   2.738257854e-05,    0.003126620633
          0,           0,        2095,      -11.68185467,      -12.18044293,      -12.75511142,      -12.25085048,      -15.84586455,     0.01574983121,    0.008689818034,   2.366889351e-07,                 0,                 0,                 0,    2.94781021e-08,    0.008689818034,   2.366889351e-07,                 0,   2.723750188e-05,    0.003126620633
          0,           0,        2096,      -11.68305013,      -12.18238519,      -12.75684012,      -12.25241063,      -15.84906691,     0.01574983121,    0.008689818194,    2.35435011e-07,                 0,                 0,                 0,   2.924942419e-08,    0.008689818194,    2.35435011e-07,                 0,    2.70932033e-05,    0.003126620633
          0,           0,        2097,      -11.68424334,      -12.18433269,       -12.7585064,       -12.2539805,      -15.85227071,     0.01574983121,    0.008689818354,   2.341878385e-07,                 0,                 0,                 0,   2.902193712e-08,    0.008689818354,   2.341878385e-07,                 0,   2.694968168e-05,    0.003126620633
          0,           0,        2098,      -11.68543811,      -12.18627581,      -12.76018035,      -12.25555282,      -15.85547597,     0.01574983121,    0.008689818512,   2.329474001e-07,                 0,                 0,                 0,   2.879562801e-08,    0.008689818512,   2.329474001e-07,                 0,   2.680693501e-05,    0.003126620633
          0,           0,        2099,      -11.68663306,      -12.18821597,      -12.76188036,      -12.25709485,      -15.85868269,     0.01574983121,     0.00868981867,   2.317136215e-07,                 0,                 0,                 0,   2.857049832e-08,     0.00868981867,   2.317136215e-07,                 0,   2.666495473e-05,    0.003126620633
          0,           0,        2100,      -11.68782724,       -12.1901583,      -12.76364371,        -12.258683,      -15.86189089,     0.01574983121,    0.008689818826,   2.304864744e-07,                 0,                 0,                 0,   2.834654519e-08,    0.008689818826,   2.304864744e-07,                 0,   2.652373761e-05,    0.003126620633
          0,           0,        2101,      -11.68902184,       -12.1920947,      -12.76537954,      -12.26021542,      -15.86510057,     0.01574983121,    0.008689818982,    2.29265962e-07,                 0,                 0,                 0,   2.812375452e-08,    0.008689818982,    2.29265962e-07,                 0,   2.638328398e-05,    0.003126620633
          0,           0,        2102,      -11.69021667,      -12.19404017,      -12.76702945,      -12.26178704,      -15.86831175,     0.01574983121,    0.008689819138,   2.280519956e-07,                 0,                 0,                 0,    2.79021214e-08,    0.008689819138,   2.280519956e-07,                 0,   2.624358367e-05,    0.003126620633
          0,           0,        2103,      -11.69141075,      -12.19597291,      -12.76876228,      -12.26332347,      -15.87152443,     0.01574983121,    0.008689819292,   2.268445866e-07,                 0,                 0,                 0,   2.768164801e-08,    0.008689819292,   2.268445866e-07,                 0,   2.610463796e-05,    0.003126620633
          0,           0,        2104,      -11.69260527,      -12.19791875,      -12.77047822,        -12.264935,      -15.87473864,     0.01574983121,    0.008689819446,   2.256436616e-07,                 0,                 0,                 0,   2.746231886e-08,    0.008689819446,   2.256436616e-07,                 0,   2.596643843e-05,    0.003126620633
          0,           0,        2105,      -11.69380072,      -12.19985377,      -12.77220412,      -12.26649233,      -15.87795436,     0.01574983121,    0.008689819598,   2.244492008e-07,                 0,                 0,                 0,   2.724412796e-08,    0.008689819598,   2.244492008e-07,                 0,   2.582898278e-05,    0.003126620633
          0,           0,        2106,      -11.69499465,       -12.2017875,      -12.77392814,      -12.26803787,      -15.88117163,     0.01574983121,     0.00868981975,   2.232611919e-07,                 0,                 0,                 0,   2.702707535e-08,     0.00868981975,   2.232611919e-07,                 0,   2.569226961e-05,    0.003126620633
          0,           0,        2107,      -11.69618914,      -12.20372596,      -12.77562809,      -12.26959665,      -15.88439044,     0.01574983121,    0.008689819902,   2.220795365e-07,                 0,                 0,                 0,   2.681114847e-08,    0.008689819902,   2.220795365e-07,                 0,   2.555628759e-05,    0.003126620633
          0,           0,        2108,      -11.69738403,      -12.20566498,      -12.77735397,      -12.27117433,      -15.88761081,     0.01574983121,    0.008689820052,   2.209042553e-07,                 0,                 0,                 0,   2.659634728e-08,    0.008689820052,   2.209042553e-07,                 0,    2.54210391e-05,    0.003126620633
          0,           0,        2109,      -11.69857875,      -12.20760549,       -12.7791052,      -12.27274453,      -15.89083276,     0.01574983121,    0.008689820202,   2.197353066e-07,                 0,                 0,                 0,   2.638266934e-08,    0.008689820202,   2.197353066e-07,                 0,   2.528651934e-05,    0.003126620633
          0,           0,        2110,      -11.69977453,      -12.20954131,      -12.78080884,       -12.2743259,      -15.89405628,     0.01574983121,    0.008689820351,   2.185726191e-07,                 0,                 0,                 0,   2.617009237e-08,    0.008689820351,   2.185726191e-07,                 0,   2.515272011e-05,    0.003126620633
          0,           0,        2111,      -11.70096799,      -12.21147607,      -12.78256381,      -12.27586781,       -15.8972814,     0.01574983121,    0.008689820499,   2.174161993e-07,                 0,                 0,                 0,   2.595862235e-08,    0.008689820499,   2.174161993e-07,                 0,   2.501964216e-05,    0.003126620633
          0,           0,        2112,      -11.70216214,      -12.21341333,      -12.78430279,      -12.27743111,      -15.90050813,     0.01574983121,    0.008689820647,   2.162660052e-07,                 0,                 0,                 0,   2.574825617e-08,    0.008689820647,   2.162660052e-07,                 0,   2.488728064e-05,    0.003126620633
          0,           0,        2113,       -11.7033577,      -12.21534903,      -12.78605599,      -12.27903583,      -15.90373647,     0.01574983121,    0.008689820793,   2.151219566e-07,                 0,                 0,                 0,    2.55389803e-08,    0.008689820793,   2.151219566e-07,                 0,   2.475562635e-05,    0.003126620633
          0,           0,        2114,      -11.70455166,      -12.21728598,        -12.787782,      -12.28056073,      -15.90696646,     0.01574983121,    0.008689820939,   2.139840948e-07,                 0,                 0,                 0,    2.53307928e-08,    0.008689820939,   2.139840948e-07,                 0,   2.462468402e-05,    0.003126620633
          0,           0,        2115,       -11.7057466,      -12.21922149,       -12.7895129,      -12.28214261,      -15.91019809,     0.01574983121,    0.008689821084,   2.128523322e-07,                 0,                 0,                 0,   2.512368864e-08,    0.008689821084,   2.128523322e-07,                 0,   2.449444357e-05,    0.003126620633
          0,           0,        2116,      -11.70694189,      -12.22115273,      -12.79131939,      -12.28371535,       -15.9134314,     0.01574983121,    0.008689821229,   2.117266566e-07,                 0,                 0,                 0,    2.49176609e-08,    0.008689821229,   2.117266566e-07,                 0,    2.43649036e-05,    0.003126620633
          0,           0,        2117,       -11.7081356,      -12.22309119,      -12.79307218,      -12.28526194,      -15.91666647,     0.01574983121,    0.008689821373,   2.106070044e-07,                 0,                 0,                 0,   2.471270199e-08,    0.008689821373,   2.106070044e-07,                 0,   2.423605681e-05,    0.003126620633
          0,           0,        2118,       -11.7093306,      -12.22502222,      -12.79479029,      -12.28683537,      -15.91990323,     0.01574983121,    0.008689821516,    2.09493378e-07,                 0,                 0,                 0,   2.450880819e-08,    0.008689821516,    2.09493378e-07,                 0,   2.410790344e-05,    0.003126620633
          0,           0,        2119,      -11.71052581,      -12.22696069,      -12.79656901,       -12.2884128,      -15.92314169,     0.01574983121,    0.008689821658,   2.083857301e-07,                 0,                 0,                 0,   2.430597263e-08,    0.008689821658,   2.083857301e-07,                 0,   2.398043807e-05,    0.003126620633
          0,           0,        2120,      -11.71171955,       -12.2288922,      -12.79827971,      -12.28997637,      -15.92638187,     0.01574983121,      0.0086898218,   2.072840424e-07,                 0,                 0,                 0,   2.410419329e-08,      0.0086898218,   2.072840424e-07,                 0,   2.385365859e-05,    0.003126620633
          0,           0,        2121,      -11.71291523,       -12.2308291,      -12.80009633,      -12.29154696,      -15.92962378,     0.01574983121,    0.008689821941,   2.061882408e-07,                 0,                 0,                 0,   2.390345647e-08,    0.008689821941,   2.061882408e-07,                 0,   2.372755647e-05,    0.003126620633
          0,           0,        2122,      -11.71410888,      -12.23275819,      -12.80186969,      -12.29309369,      -15.93286743,     0.01574983121,    0.008689822081,   2.050983136e-07,                 0,                 0,                 0,   2.370376642e-08,    0.008689822081,   2.050983136e-07,                 0,   2.360213037e-05,    0.003126620633
          0,           0,        2123,       -11.7153038,      -12.23469528,      -12.80358577,        -12.294673,      -15.93611284,     0.01574983121,     0.00868982222,   2.040142672e-07,                 0,                 0,                 0,   2.350511318e-08,     0.00868982222,   2.040142672e-07,                 0,   2.347738101e-05,    0.003126620633
          0,           0,        2124,      -11.71649808,      -12.23663322,      -12.80536531,      -12.29625073,      -15.93936002,     0.01574983121,    0.008689822359,   2.029360197e-07,                 0,                 0,                 0,   2.330749148e-08,    0.008689822359,   2.029360197e-07,                 0,   2.335329899e-05,    0.003126620633
          0,           0,        2125,      -11.71769296,      -12.23856897,      -12.80714937,      -12.29782358,      -15.94260899,     0.01574983121,    0.008689822497,   2.018635403e-07,                 0,                 0,                 0,   2.311089263e-08,    0.008689822497,   2.018635403e-07,                 0,   2.322988074e-05,    0.003126620633
          0,           0,        2126,      -11.71888655,      -12.24049102,      -12.80898259,      -12.29934369,      -15.94585976,     0.01574983121,    0.008689822635,   2.007968187e-07,                 0,                 0,                 0,   2.291531322e-08,    0.008689822635,   2.007968187e-07,                 0,   2.310712509e-05,    0.003126620633
          0,           0,        2127,      -11.72008079,        -12.242422,      -12.81073294,      -12.30092932,      -15.94911235,     0.01574983121,    0.008689822772,   1.997358015e-07,                 0,                 0,                 0,   2.272074703e-08,    0.008689822772,   1.997358015e-07,                 0,   2.298502591e-05,    0.003126620633
          0,           0,        2128,      -11.72127628,      -12.24435284,      -12.81244028,      -12.30249497,      -15.95236676,     0.01574983121,    0.008689822908,   1.986804738e-07,                 0,                 0,                 0,   2.252718721e-08,    0.008689822908,   1.986804738e-07,                 0,   2.286358144e-05,    0.003126620633
          0,           0,        2129,      -11.72247097,      -12.24629127,      -12.81426766,      -12.30408006,      -15.95562301,     0.01574983121,    0.008689823043,   1.976308129e-07,                 0,                 0,                 0,     2.2334641e-08,    0.008689823043,   1.976308129e-07,                 0,   2.274278911e-05,    0.003126620633
          0,           0,        2130,      -11.72366529,      -12.24821805,      -12.81606109,      -12.30564732,      -15.95888113,     0.01574983121,    0.008689823178,    1.96586731e-07,                 0,                 0,                 0,   2.214308011e-08,    0.008689823178,    1.96586731e-07,                 0,    2.26226388e-05,    0.003126620633
          0,           0,        2131,      -11.72485908,      -12.25015155,      -12.81782577,      -12.30722981,      -15.96214111,     0.01574983121,    0.008689823312,   1.955482731e-07,                 0,                 0,                 0,   2.195252161e-08,    0.008689823312,   1.955482731e-07,                 0,   2.250313569e-05,    0.003126620633
          0,           0,        2132,      -11.72605398,      -12.25207618,      -12.81968069,      -12.30878804,      -15.96540298,     0.01574983121,    0.008689823446,   1.945153757e-07,                 0,                 0,                 0,   2.176294766e-08,    0.008689823446,   1.945153757e-07,                 0,   2.238427247e-05,    0.003126620633
          0,           0,        2133,      -11.72724796,      -12.25401159,        -12.821456,      -12.31033958,      -15.96866675,     0.01574983121,    0.008689823578,   1.934879792e-07,                 0,                 0,                 0,   2.157435465e-08,    0.008689823578,   1.934879792e-07,                 0,   2.226604229e-05,    0.003126620633
          0,           0,        2134,      -11.72844286,      -12.25594916,      -12.82321079,      -12.31193989,      -15.97193243,     0.01574983121,    0.008689823711,   1.924660635e-07,                 0,                 0,                 0,   2.138673307e-08,    0.008689823711,   1.924660635e-07,                 0,   2.214844281e-05,    0.003126620633
          0,           0,        2135,      -11.72963685,      -12.25787795,      -12.82508059,      -12.31349637,      -15.97520004,     0.01574983121,    0.008689823842,   1.914496316e-07,                 0,                 0,                 0,   2.120008747e-08,    0.008689823842,   1.914496316e-07,                 0,   2.203147441e-05,    0.003126620633
          0,           0,        2136,      -11.73083108,      -12.25979903,      -12.82689847,      -12.31505023,       -15.9784696,     0.01574983121,    0.008689823973,    1.90438644e-07,                 0,                 0,                 0,   2.101440822e-08,    0.008689823973,    1.90438644e-07,                 0,   2.191513252e-05,    0.003126620633
          0,           0,        2137,      -11.73202636,       -12.2617402,      -12.82868185,      -12.31664178,       -15.9817411,     0.01574983121,    0.008689824103,   1.894330384e-07,                 0,                 0,                 0,   2.082969234e-08,    0.008689824103,   1.894330384e-07,                 0,   2.179940999e-05,    0.003126620633
          0,           0,        2138,      -11.73321895,      -12.26366919,      -12.83044165,       -12.3181923,      -15.98501458,     0.01574983121,    0.008689824233,   1.884327947e-07,                 0,                 0,                 0,    2.06459269e-08,    0.008689824233,   1.884327947e-07,                 0,   2.168430449e-05,    0.003126620633
          0,           0,        2139,      -11.73441399,      -12.26560773,      -12.83224551,      -12.31978279,      -15.98829005,     0.01574983121,    0.008689824362,    1.87437915e-07,                 0,                 0,                 0,   2.046311195e-08,    0.008689824362,    1.87437915e-07,                 0,   2.156981628e-05,    0.003126620633
          0,           0,        2140,      -11.73560768,      -12.26754556,      -12.83409305,      -12.32137661,      -15.99156751,     0.01574983121,     0.00868982449,   1.864483384e-07,                 0,                 0,                 0,   2.028124591e-08,     0.00868982449,   1.864483384e-07,                 0,   2.145593834e-05,    0.003126620633
          0,           0,        2141,      -11.73680256,       -12.2694662,      -12.83586767,      -12.32291062,      -15.99484699,     0.01574983121,    0.008689824618,   1.854640535e-07,                 0,                 0,                 0,   2.010031822e-08,    0.008689824618,   1.854640535e-07,                 0,   2.134266934e-05,    0.003126620633
          0,           0,        2142,      -11.73799605,      -12.27140053,      -12.83776469,      -12.32447631,       -15.9981285,     0.01574983121,    0.008689824745,    1.84484993e-07,                 0,                 0,                 0,   1.992032359e-08,    0.008689824745,    1.84484993e-07,                 0,   2.123000158e-05,    0.003126620633
          0,           0,        2143,       -11.7391893,      -12.27333403,      -12.83960443,      -12.32604537,      -16.00141205,     0.01574983121,    0.008689824871,   1.835111526e-07,                 0,                 0,                 0,   1.974125914e-08,    0.008689824871,   1.835111526e-07,                 0,   2.111793452e-05,    0.003126620633
          0,           0,        2144,      -11.74038376,      -12.27526279,      -12.84138578,      -12.32762508,      -16.00469766,     0.01574983121,    0.008689824997,   1.825424958e-07,                 0,                 0,                 0,    1.95631101e-08,    0.008689824997,   1.825424958e-07,                 0,   2.100646398e-05,    0.003126620633
          0,           0,        2145,      -11.74157689,      -12.27720092,      -12.84319657,      -12.32921812,      -16.00798535,     0.01574983121,    0.008689825123,   1.815790152e-07,                 0,                 0,                 0,    1.93858893e-08,    0.008689825123,   1.815790152e-07,                 0,   2.089558911e-05,    0.003126620633
          0,           0,        2146,      -11.74277099,      -12.27913835,      -12.84506848,      -12.33078702,      -16.01127514,     0.01574983121,    0.008689825247,   1.806206785e-07,                 0,                 0,                 0,   1.920958981e-08,    0.008689825247,   1.806206785e-07,                 0,   2.078530619e-05,    0.003126620633
          0,           0,        2147,      -11.74396395,      -12.28106655,      -12.84694541,      -12.33235616,      -16.01456704,     0.01574983121,    0.008689825371,   1.796674048e-07,                 0,                 0,                 0,   1.903418271e-08,    0.008689825371,   1.796674048e-07,                 0,   2.067560591e-05,    0.003126620633
          0,           0,        2148,      -11.74515848,      -12.28299999,      -12.84872197,      -12.33390679,      -16.01786106,     0.01574983121,    0.008689825495,   1.787192486e-07,                 0,                 0,                 0,   1.885969933e-08,    0.008689825495,   1.787192486e-07,                 0,   2.056649454e-05,    0.003126620633
          0,           0,        2149,      -11.74635198,      -12.28493386,       -12.8505395,      -12.33549183,      -16.02115723,     0.01574983121,    0.008689825618,   1.777760872e-07,                 0,                 0,                 0,    1.86861015e-08,    0.008689825618,   1.777760872e-07,                 0,   2.045795796e-05,    0.003126620633
          0,           0,        2150,       -11.7475451,      -12.28687115,      -12.85241305,      -12.33708483,      -16.02445557,     0.01574983121,     0.00868982574,   1.768379607e-07,                 0,                 0,                 0,   1.851339933e-08,     0.00868982574,   1.768379607e-07,                 0,   2.035000079e-05,    0.003126620633
          0,           0,        2151,      -11.74873842,      -12.28879958,       -12.8543078,      -12.33861801,      -16.02775608,     0.01574983121,    0.008689825862,   1.759048088e-07,                 0,                 0,                 0,    1.83415861e-08,    0.008689825862,   1.759048088e-07,                 0,   2.024261609e-05,    0.003126620633
          0,           0,        2152,      -11.74993326,      -12.29074521,      -12.85610595,      -12.34019638,      -16.03105879,     0.01574983121,    0.008689825983,    1.74976634e-07,                 0,                 0,                 0,   1.817066304e-08,    0.008689825983,    1.74976634e-07,                 0,   2.013580414e-05,    0.003126620633
          0,           0,        2153,      -11.75112675,      -12.29266596,      -12.85802086,      -12.34176456,      -16.03436372,     0.01574983121,    0.008689826104,   1.740533724e-07,                 0,                 0,                 0,   1.800061177e-08,    0.008689826104,   1.740533724e-07,                 0,   2.002955759e-05,    0.003126620633
          0,           0,        2154,       -11.7523192,      -12.29460429,      -12.85984686,      -12.34335417,      -16.03767097,     0.01574983121,    0.008689826224,   1.731350193e-07,                 0,                 0,                 0,   1.783144433e-08,    0.008689826224,   1.731350193e-07,                 0,    1.99238759e-05,    0.003126620633
          0,           0,        2155,      -11.75351285,      -12.29653865,      -12.86167496,      -12.34493472,      -16.04098051,     0.01574983121,    0.008689826343,   1.722215329e-07,                 0,                 0,                 0,   1.766314079e-08,    0.008689826343,   1.722215329e-07,                 0,   1.981875427e-05,    0.003126620633
          0,           0,        2156,      -11.75470615,      -12.29847882,      -12.86355999,      -12.34650491,      -16.04429233,     0.01574983121,    0.008689826462,   1.713128897e-07,                 0,                 0,                 0,   1.749570362e-08,    0.008689826462,   1.713128897e-07,                 0,   1.971418997e-05,    0.003126620633
          0,           0,        2157,      -11.75589866,      -12.30041072,      -12.86541312,      -12.34806706,      -16.04760645,     0.01574983121,    0.008689826581,   1.704090596e-07,                 0,                 0,                 0,   1.732912775e-08,    0.008689826581,   1.704090596e-07,                 0,   1.961017957e-05,    0.003126620633
          0,           0,        2158,      -11.75709173,      -12.30234455,      -12.86733135,      -12.34965879,      -16.05092288,     0.01574983121,    0.008689826698,   1.695100129e-07,                 0,                 0,                 0,   1.716340554e-08,    0.008689826698,   1.695100129e-07,                 0,   1.950671962e-05,    0.003126620633
          0,           0,        2159,      -11.75828471,      -12.30429107,      -12.86920177,      -12.35123307,      -16.05424164,     0.01574983121,    0.008689826816,   1.686157432e-07,                 0,                 0,                 0,   1.699853822e-08,    0.008689826816,   1.686157432e-07,                 0,    1.94038094e-05,    0.003126620633
          0,           0,        2160,        -11.759477,      -12.30623464,      -12.87101366,      -12.35281256,      -16.05756275,     0.01574983121,    0.008689826932,   1.677262047e-07,                 0,                 0,                 0,   1.683451398e-08,    0.008689826932,   1.677262047e-07,                 0,   1.930144363e-05,    0.003126620633
          0,           0,        2161,      -11.76067052,      -12.30816784,      -12.87294779,      -12.35438155,      -16.06088623,     0.01574983121,    0.008689827048,    1.66841364e-07,                 0,                 0,                 0,   1.667133255e-08,    0.008689827048,    1.66841364e-07,                 0,   1.919961848e-05,    0.003126620633
          0,           0,        2162,      -11.76186322,      -12.31009627,      -12.87485385,       -12.3559437,      -16.06421209,     0.01574983121,    0.008689827164,   1.659612097e-07,                 0,                 0,                 0,   1.650898469e-08,    0.008689827164,   1.659612097e-07,                 0,   1.909833263e-05,    0.003126620633
          0,           0,        2163,      -11.76305441,      -12.31203489,      -12.87668638,      -12.35752095,      -16.06754037,     0.01574983121,    0.008689827279,   1.650856873e-07,                 0,                 0,                 0,   1.634747178e-08,    0.008689827279,   1.650856873e-07,                 0,   1.899757982e-05,    0.003126620633
          0,           0,        2164,      -11.76424751,      -12.31397427,      -12.87863867,      -12.35909971,      -16.07087108,     0.01574983121,    0.008689827394,   1.642148206e-07,                 0,                 0,                 0,   1.618678881e-08,    0.008689827394,   1.642148206e-07,                 0,   1.889736277e-05,    0.003126620633
          0,           0,        2165,      -11.76543946,      -12.31590915,      -12.88049096,      -12.36065651,      -16.07420423,     0.01574983121,    0.008689827508,   1.633485516e-07,                 0,                 0,                 0,   1.602693224e-08,    0.008689827508,   1.633485516e-07,                 0,   1.879767481e-05,    0.003126620633
          0,           0,        2166,      -11.76663219,      -12.31784766,      -12.88234268,      -12.36224007,      -16.07753985,     0.01574983121,    0.008689827621,   1.624868317e-07,                 0,                 0,                 0,   1.586788487e-08,    0.008689827621,   1.624868317e-07,                 0,   1.869851034e-05,    0.003126620633
          0,           0,        2167,      -11.76782432,       -12.3197868,      -12.88425498,      -12.36382896,      -16.08087795,     0.01574983121,    0.008689827734,   1.616296664e-07,                 0,                 0,                 0,   1.570965412e-08,    0.008689827734,   1.616296664e-07,                 0,   1.859987003e-05,    0.003126620633
          0,           0,        2168,       -11.7690172,      -12.32173241,       -12.8861954,      -12.36539969,      -16.08421857,     0.01574983121,    0.008689827847,   1.607770254e-07,                 0,                 0,                 0,   1.555223304e-08,    0.008689827847,   1.607770254e-07,                 0,   1.850175035e-05,    0.003126620633
          0,           0,        2169,      -11.77020801,       -12.3236704,      -12.88815382,      -12.36697841,       -16.0875617,     0.01574983121,    0.008689827959,   1.599288631e-07,                 0,                 0,                 0,   1.539561831e-08,    0.008689827959,   1.599288631e-07,                 0,   1.840414608e-05,    0.003126620633
          0,           0,        2170,      -11.77140018,       -12.3256106,      -12.88994352,      -12.36853331,      -16.09090739,     0.01574983121,     0.00868982807,   1.590851877e-07,                 0,                 0,                 0,   1.523980618e-08,     0.00868982807,   1.590851877e-07,                 0,   1.830705814e-05,    0.003126620633
          0,           0,        2171,      -11.77259323,      -12.32754564,      -12.89191668,      -12.37011497,      -16.09425563,     0.01574983121,    0.008689828181,   1.582459592e-07,                 0,                 0,                 0,   1.508478836e-08,    0.008689828181,   1.582459592e-07,                 0,   1.821048195e-05,    0.003126620633
          0,           0,        2172,      -11.77378408,      -12.32948637,      -12.89389301,      -12.37170478,      -16.09760646,     0.01574983121,    0.008689828291,   1.574111368e-07,                 0,                 0,                 0,   1.493056052e-08,    0.008689828291,   1.574111368e-07,                 0,    1.81144128e-05,    0.003126620633
          0,           0,        2173,       -11.7749763,      -12.33143428,      -12.89572205,      -12.37328943,      -16.10095989,     0.01574983121,    0.008689828401,   1.565806916e-07,                 0,                 0,                 0,    1.47771189e-08,    0.008689828401,   1.565806916e-07,                 0,   1.801884737e-05,    0.003126620633
          0,           0,        2174,       -11.7761672,      -12.33335947,      -12.89777615,      -12.37482938,      -16.10431595,     0.01574983121,    0.008689828511,   1.557546364e-07,                 0,                 0,                 0,   1.462446359e-08,    0.008689828511,   1.557546364e-07,                 0,   1.792378713e-05,    0.003126620633
          0,           0,        2175,      -11.77735802,       -12.3353241,      -12.89957229,      -12.37644426,      -16.10767466,     0.01574983121,    0.008689828619,   1.549329082e-07,                 0,                 0,                 0,   1.447258355e-08,    0.008689828619,   1.549329082e-07,                 0,   1.782922483e-05,    0.003126620633
          0,           0,        2176,       -11.7785507,      -12.33726886,      -12.90151934,      -12.37802063,      -16.11103602,     0.01574983121,    0.008689828728,   1.541154908e-07,                 0,                 0,                 0,   1.432148056e-08,    0.008689828728,   1.541154908e-07,                 0,   1.773515862e-05,    0.003126620633
          0,           0,        2177,      -11.77974079,      -12.33920524,       -12.9034079,      -12.37955669,      -16.11440008,     0.01574983121,    0.008689828836,   1.533023816e-07,                 0,                 0,                 0,   1.417114758e-08,    0.008689828836,   1.533023816e-07,                 0,   1.764158817e-05,    0.003126620633
          0,           0,        2178,      -11.78093228,      -12.34115544,      -12.90533965,      -12.38116026,      -16.11776683,     0.01574983121,    0.008689828943,   1.524935141e-07,                 0,                 0,                 0,   1.402157905e-08,    0.008689828943,   1.524935141e-07,                 0,   1.754850585e-05,    0.003126620633
          0,           0,        2179,      -11.78212349,      -12.34310429,      -12.90732073,      -12.38276484,      -16.12113631,     0.01574983121,     0.00868982905,   1.516888981e-07,                 0,                 0,                 0,   1.387277147e-08,     0.00868982905,   1.516888981e-07,                 0,    1.74559128e-05,    0.003126620633
          0,           0,        2180,      -11.78331379,      -12.34504093,      -12.90930431,      -12.38428178,      -16.12450854,     0.01574983121,    0.008689829157,   1.508884958e-07,                 0,                 0,                 0,   1.372472285e-08,    0.008689829157,   1.508884958e-07,                 0,   1.736380464e-05,    0.003126620633
          0,           0,        2181,        -11.784504,      -12.34699738,      -12.91118234,      -12.38591931,      -16.12788354,     0.01574983121,    0.008689829263,   1.500922962e-07,                 0,                 0,                 0,   1.357742559e-08,    0.008689829263,   1.500922962e-07,                 0,   1.727218012e-05,    0.003126620632
          0,           0,        2182,      -11.78569483,      -12.34894272,      -12.91312639,      -12.38747546,      -16.13126132,     0.01574983121,    0.008689829368,   1.493002449e-07,                 0,                 0,                 0,   1.343087644e-08,    0.008689829368,   1.493002449e-07,                 0,   1.718103297e-05,    0.003126620632
          0,           0,        2183,      -11.78688512,      -12.35088648,      -12.91517546,      -12.38902831,      -16.13464192,     0.01574983121,    0.008689829473,   1.485123366e-07,                 0,                 0,                 0,   1.328506752e-08,    0.008689829473,   1.485123366e-07,                 0,    1.70903626e-05,    0.003126620632
          0,           0,        2184,      -11.78807607,      -12.35284294,      -12.91709093,      -12.39062053,      -16.13802536,     0.01574983121,    0.008689829578,   1.477285812e-07,                 0,                 0,                 0,   1.314001388e-08,    0.008689829578,   1.477285812e-07,                 0,   1.700017013e-05,    0.003126620632
          0,           0,        2185,      -11.78926584,      -12.35479217,      -12.91905613,      -12.39219865,      -16.14141165,     0.01574983121,    0.008689829682,   1.469488952e-07,                 0,                 0,                 0,   1.299568733e-08,    0.008689829682,   1.469488952e-07,                 0,   1.691044596e-05,    0.003126620632
          0,           0,        2186,      -11.79045673,      -12.35674096,      -12.92096149,      -12.39377525,      -16.14480082,     0.01574983121,    0.008689829785,   1.461732874e-07,                 0,                 0,                 0,   1.285209279e-08,    0.008689829785,   1.461732874e-07,                 0,    1.68211911e-05,    0.003126620632
          0,           0,        2187,      -11.79164745,      -12.35868944,      -12.92290273,      -12.39534491,       -16.1481929,     0.01574983121,    0.008689829889,   1.454017284e-07,                 0,                 0,                 0,   1.270922284e-08,    0.008689829889,   1.454017284e-07,                 0,   1.673240216e-05,    0.003126620632
          0,           0,        2188,      -11.79283621,      -12.36065149,      -12.92492679,       -12.3969674,      -16.15158791,     0.01574983121,    0.008689829991,     1.4463418e-07,                 0,                 0,                 0,   1.256707867e-08,    0.008689829991,     1.4463418e-07,                 0,   1.664407475e-05,    0.003126620632
          0,           0,        2189,      -11.79402555,      -12.36259939,      -12.92688816,      -12.39850477,      -16.15498587,     0.01574983121,    0.008689830094,   1.438706462e-07,                 0,                 0,                 0,   1.242565485e-08,    0.008689830094,   1.438706462e-07,                 0,   1.655620935e-05,    0.003126620632
          0,           0,        2190,      -11.79521504,      -12.36454395,      -12.92885867,       -12.4000742,      -16.15838681,     0.01574983121,    0.008689830195,   1.431111124e-07,                 0,                 0,                 0,   1.228495516e-08,    0.008689830195,   1.431111124e-07,                 0,   1.646880424e-05,    0.003126620632
          0,           0,        2191,      -11.79640439,       -12.3665019,      -12.93080345,      -12.40166722,      -16.16179076,     0.01574983121,    0.008689830297,   1.423555116e-07,                 0,                 0,                 0,   1.214495891e-08,    0.008689830297,   1.423555116e-07,                 0,   1.638185175e-05,    0.003126620632
          0,           0,        2192,      -11.79759355,      -12.36846274,      -12.93282371,      -12.40323303,      -16.16519773,     0.01574983121,    0.008689830398,   1.416038475e-07,                 0,                 0,                 0,   1.200567418e-08,    0.008689830398,   1.416038475e-07,                 0,   1.629535227e-05,    0.003126620632
          0,           0,        2193,      -11.79878307,      -12.37041351,      -12.93485057,      -12.40485205,      -16.16860776,     0.01574983121,    0.008689830498,   1.408560804e-07,                 0,                 0,                 0,   1.186709356e-08,    0.008689830498,   1.408560804e-07,                 0,   1.620930126e-05,    0.003126620632
          0,           0,        2194,      -11.79997346,      -12.37237576,      -12.93688232,      -12.40643479,      -16.17202097,     0.01574983121,    0.008689830598,    1.40112244e-07,                 0,                 0,                 0,   1.172921917e-08,    0.008689830598,    1.40112244e-07,                 0,   1.612370257e-05,    0.003126620632
          0,           0,        2195,      -11.80116185,      -12.37433406,      -12.93877844,      -12.40798238,      -16.17543731,     0.01574983121,    0.008689830698,   1.393722272e-07,                 0,                 0,                 0,   1.159202776e-08,    0.008689830698,   1.393722272e-07,                 0,   1.603854345e-05,    0.003126620632
          0,           0,        2196,      -11.80234959,      -12.37629144,      -12.94078372,      -12.40956465,       -16.1788568,     0.01574983121,    0.008689830797,   1.386360752e-07,                 0,                 0,                 0,    1.14555406e-08,    0.008689830797,   1.386360752e-07,                 0,   1.595382907e-05,    0.003126620632
          0,           0,        2197,      -11.80353838,      -12.37825074,      -12.94286124,      -12.41115143,      -16.18227944,     0.01574983121,    0.008689830896,   1.379037334e-07,                 0,                 0,                 0,   1.131973305e-08,    0.008689830896,   1.379037334e-07,                 0,   1.586955316e-05,    0.003126620632
          0,           0,        2198,      -11.80472644,      -12.38020183,      -12.94481467,      -12.41270129,      -16.18570526,     0.01574983121,    0.008689830994,   1.371751973e-07,                 0,                 0,                 0,   1.118461617e-08,    0.008689830994,   1.371751973e-07,                 0,   1.578571521e-05,    0.003126620632
          0,           0,        2199,      -11.80591434,      -12.38216589,      -12.94685497,      -12.41427848,       -16.1891343,     0.01574983121,    0.008689831092,   1.364504481e-07,                 0,                 0,                 0,   1.105017838e-08,    0.008689831092,   1.364504481e-07,                 0,   1.570231304e-05,    0.003126620632
          0,           0,        2200,       -11.8071036,      -12.38412576,      -12.94889641,      -12.41587769,      -16.19256658,     0.01574983121,    0.008689831189,   1.357294518e-07,                 0,                 0,                 0,   1.091641994e-08,    0.008689831189,   1.357294518e-07,                 0,   1.561934275e-05,    0.003126620632
          0,           0,        2201,      -11.80829098,      -12.38609262,        -12.950842,      -12.41745858,      -16.19600212,     0.01574983121,    0.008689831286,   1.350122016e-07,                 0,                 0,                 0,   1.078333626e-08,    0.008689831286,   1.350122016e-07,                 0,   1.553680356e-05,    0.003126620632
          0,           0,        2202,      -11.80947877,       -12.3880572,      -12.95290932,      -12.41905249,      -16.19944095,     0.01574983121,    0.008689831383,   1.342986424e-07,                 0,                 0,                 0,   1.065092231e-08,    0.008689831383,   1.342986424e-07,                 0,    1.54546891e-05,    0.003126620632
          0,           0,        2203,      -11.81066658,      -12.39002079,      -12.95490285,       -12.4206158,      -16.20288309,     0.01574983121,    0.008689831479,   1.335887613e-07,                 0,                 0,                 0,   1.051916935e-08,    0.008689831479,   1.335887613e-07,                 0,   1.537299793e-05,    0.003126620632
          0,           0,        2204,      -11.81185362,      -12.39198947,      -12.95696624,      -12.42221822,      -16.20632859,     0.01574983121,    0.008689831575,   1.328825693e-07,                 0,                 0,                 0,   1.038807869e-08,    0.008689831575,   1.328825693e-07,                 0,   1.529173128e-05,    0.003126620632
          0,           0,        2205,      -11.81304092,      -12.39395375,      -12.95898565,      -12.42377362,      -16.20977745,     0.01574983121,     0.00868983167,   1.321800037e-07,                 0,                 0,                 0,   1.025764482e-08,     0.00868983167,   1.321800037e-07,                 0,   1.521088195e-05,    0.003126620632
          0,           0,        2206,      -11.81422718,      -12.39591309,      -12.96101296,      -12.42538202,      -16.21322972,     0.01574983121,    0.008689831765,   1.314810848e-07,                 0,                 0,                 0,   1.012787318e-08,    0.008689831765,   1.314810848e-07,                 0,   1.513045227e-05,    0.003126620632
          0,           0,        2207,      -11.81541485,      -12.39788093,      -12.96307446,       -12.4269445,      -16.21668541,     0.01574983121,     0.00868983186,   1.307857878e-07,                 0,                 0,                 0,   9.998754648e-09,     0.00868983186,   1.307857878e-07,                 0,    1.50504394e-05,    0.003126620632
          0,           0,        2208,      -11.81660119,      -12.39987085,       -12.9650605,      -12.42857541,      -16.22014456,     0.01574983121,    0.008689831954,   1.300940565e-07,                 0,                 0,                 0,   9.870279565e-09,    0.008689831954,   1.300940565e-07,                 0,   1.497083685e-05,    0.003126620632
          0,           0,        2209,       -11.8177885,       -12.4018492,      -12.96716161,      -12.43017345,      -16.22360719,     0.01574983121,    0.008689832048,   1.294058838e-07,                 0,                 0,                 0,   9.742446851e-09,    0.008689832048,   1.294058838e-07,                 0,   1.489164383e-05,    0.003126620632
          0,           0,        2210,      -11.81897428,       -12.4038061,      -12.96916949,      -12.43169791,      -16.22707333,     0.01574983121,    0.008689832141,   1.287212543e-07,                 0,                 0,                 0,   9.615254231e-09,    0.008689832141,   1.287212543e-07,                 0,   1.481285854e-05,    0.003126620632
          0,           0,        2211,      -11.82015982,      -12.40577008,      -12.97124432,      -12.43327338,        -16.230543,     0.01574983121,    0.008689832234,   1.280401533e-07,                 0,                 0,                 0,   9.488700067e-09,    0.008689832234,   1.280401533e-07,                 0,   1.473447931e-05,    0.003126620632
          0,           0,        2212,      -11.82134663,      -12.40774549,      -12.97322296,      -12.43486446,      -16.23401624,     0.01574983121,    0.008689832327,    1.27362564e-07,                 0,                 0,                 0,   9.362783426e-09,    0.008689832327,    1.27362564e-07,                 0,    1.46565042e-05,    0.003126620632
          0,           0,        2213,      -11.82253149,      -12.40972379,      -12.97533207,      -12.43647496,      -16.23749308,     0.01574983121,    0.008689832419,   1.266884607e-07,                 0,                 0,                 0,   9.237488627e-09,    0.008689832419,   1.266884607e-07,                 0,   1.457893025e-05,    0.003126620632
          0,           0,        2214,      -11.82371862,      -12.41169112,      -12.97741326,      -12.43803609,      -16.24097353,     0.01574983121,    0.008689832511,   1.260178043e-07,                 0,                 0,                 0,   9.112830627e-09,    0.008689832511,   1.260178043e-07,                 0,   1.450175296e-05,    0.003126620632
          0,           0,        2215,      -11.82490374,      -12.41368024,      -12.97950134,      -12.43964148,      -16.24445764,     0.01574983121,    0.008689832602,   1.253506018e-07,                 0,                 0,                 0,   8.988788166e-09,    0.008689832602,   1.253506018e-07,                 0,   1.442497313e-05,    0.003126620632
          0,           0,        2216,      -11.82608967,      -12.41564753,      -12.98158102,       -12.4411916,      -16.24794542,     0.01574983121,    0.008689832693,   1.246868049e-07,                 0,                 0,                 0,    8.86536602e-09,    0.008689832693,   1.246868049e-07,                 0,   1.434858521e-05,    0.003126620632
          0,           0,        2217,        -11.827274,       -12.4176105,      -12.98364553,      -12.44274179,      -16.25143691,     0.01574983121,    0.008689832784,   1.240264186e-07,                 0,                 0,                 0,   8.742560642e-09,    0.008689832784,   1.240264186e-07,                 0,   1.427258979e-05,    0.003126620632
          0,           0,        2218,      -11.82845952,      -12.41960427,      -12.98576976,      -12.44435363,      -16.25493213,     0.01574983121,    0.008689832874,   1.233694396e-07,                 0,                 0,                 0,    8.62037288e-09,    0.008689832874,   1.233694396e-07,                 0,   1.419698645e-05,    0.003126620632
          0,           0,        2219,      -11.82964371,      -12.42158202,      -12.98778631,      -12.44593276,      -16.25843111,     0.01574983121,    0.008689832964,   1.227157985e-07,                 0,                 0,                 0,   8.498785214e-09,    0.008689832964,   1.227157985e-07,                 0,   1.412176724e-05,    0.003126620632
          0,           0,        2220,      -11.83082874,      -12.42355567,      -12.98993991,       -12.4475016,      -16.26193388,     0.01574983121,    0.008689833053,   1.220655282e-07,                 0,                 0,                 0,   8.377810572e-09,    0.008689833053,   1.220655282e-07,                 0,   1.404693594e-05,    0.003126620632
          0,           0,        2221,      -11.83201116,      -12.42554918,      -12.99193614,       -12.4491248,      -16.26544049,     0.01574983121,    0.008689833142,   1.214185543e-07,                 0,                 0,                 0,   8.257436794e-09,    0.008689833142,   1.214185543e-07,                 0,   1.397248398e-05,    0.003126620632
          0,           0,        2222,      -11.83319625,      -12.42753599,      -12.99404795,      -12.45068228,      -16.26895096,     0.01574983121,    0.008689833231,   1.207748957e-07,                 0,                 0,                 0,   8.137663296e-09,    0.008689833231,   1.207748957e-07,                 0,   1.389841353e-05,    0.003126620632
          0,           0,        2223,      -11.83438055,      -12.42950249,      -12.99622145,      -12.45222165,       -16.2724653,     0.01574983121,     0.00868983332,   1.201345484e-07,                 0,                 0,                 0,    8.01848974e-09,     0.00868983332,   1.201345484e-07,                 0,   1.382472413e-05,    0.003126620632
          0,           0,        2224,      -11.83556325,      -12.43149292,      -12.99826889,      -12.45384288,      -16.27598355,     0.01574983121,    0.008689833408,   1.194974469e-07,                 0,                 0,                 0,    7.89990103e-09,    0.008689833408,   1.194974469e-07,                 0,   1.375140826e-05,    0.003126620632
          0,           0,        2225,      -11.83674721,      -12.43348786,      -13.00049041,      -12.45543694,      -16.27950576,     0.01574983121,    0.008689833495,   1.188636315e-07,                 0,                 0,                 0,   7.781906417e-09,    0.008689833495,   1.188636315e-07,                 0,   1.367847055e-05,    0.003126620632
          0,           0,        2226,      -11.83793084,      -12.43545873,      -13.00255637,      -12.45696221,      -16.28303195,     0.01574983121,    0.008689833583,   1.182330187e-07,                 0,                 0,                 0,   7.664496907e-09,    0.008689833583,   1.182330187e-07,                 0,   1.360590138e-05,    0.003126620632
          0,           0,        2227,      -11.83911353,      -12.43746737,      -13.00455048,      -12.45858473,      -16.28656215,     0.01574983121,     0.00868983367,   1.176055942e-07,                 0,                 0,                 0,   7.547663972e-09,     0.00868983367,   1.176055942e-07,                 0,   1.353369911e-05,    0.003126620632
          0,           0,        2228,      -11.84029697,      -12.43944358,      -13.00673662,      -12.46017593,       -16.2900964,     0.01574983121,    0.008689833756,   1.169814097e-07,                 0,                 0,                 0,   7.431421881e-09,    0.008689833756,   1.169814097e-07,                 0,   1.346186969e-05,    0.003126620632
          0,           0,        2229,      -11.84147929,      -12.44144939,      -13.00886023,      -12.46177068,      -16.29363473,     0.01574983121,    0.008689833843,    1.16360396e-07,                 0,                 0,                 0,   7.315751311e-09,    0.008689833843,    1.16360396e-07,                 0,   1.339040517e-05,    0.003126620632
          0,           0,        2230,      -11.84266225,      -12.44343748,      -13.01101967,      -12.46333574,      -16.29717718,     0.01574983121,    0.008689833928,    1.15742547e-07,                 0,                 0,                 0,   7.200654048e-09,    0.008689833928,    1.15742547e-07,                 0,   1.331930483e-05,    0.003126620632
          0,           0,        2231,      -11.84384483,      -12.44542878,      -13.01317463,      -12.46490107,      -16.30072377,     0.01574983121,    0.008689834014,    1.15127804e-07,                 0,                 0,                 0,     7.0861246e-09,    0.008689834014,    1.15127804e-07,                 0,   1.324856192e-05,    0.003126620632
          0,           0,        2232,      -11.84502682,      -12.44743498,      -13.01530867,      -12.46649931,      -16.30427455,     0.01574983121,    0.008689834099,   1.145162313e-07,                 0,                 0,                 0,   6.972170866e-09,    0.008689834099,   1.145162313e-07,                 0,   1.317818384e-05,    0.003126620632
          0,           0,        2233,       -11.8462088,      -12.44943361,      -13.01745964,      -12.46808471,      -16.30782955,     0.01574983121,    0.008689834184,   1.139077515e-07,                 0,                 0,                 0,   6.858779893e-09,    0.008689834184,   1.139077515e-07,                 0,   1.310816168e-05,    0.003126620632
          0,           0,        2234,      -11.84738986,      -12.45142212,      -13.01952741,      -12.46964516,       -16.3113888,     0.01574983121,    0.008689834269,   1.133023506e-07,                 0,                 0,                 0,   6.745940548e-09,    0.008689834269,   1.133023506e-07,                 0,   1.303849384e-05,    0.003126620632
          0,           0,        2235,      -11.84857098,      -12.45341525,      -13.02174905,      -12.47124451,      -16.31495233,     0.01574983121,    0.008689834353,   1.127000256e-07,                 0,                 0,                 0,   6.633665921e-09,    0.008689834353,   1.127000256e-07,                 0,   1.296917997e-05,    0.003126620632
          0,           0,        2236,      -11.84975132,      -12.45541527,       -13.0238896,      -12.47281096,       -16.3185202,     0.01574983121,    0.008689834437,   1.121007554e-07,                 0,                 0,                 0,   6.521945257e-09,    0.008689834437,   1.121007554e-07,                 0,   1.290021763e-05,    0.003126620632
          0,           0,        2237,      -11.85093379,      -12.45742703,      -13.02605158,      -12.47443684,      -16.32209243,     0.01574983121,     0.00868983452,   1.115045057e-07,                 0,                 0,                 0,    6.41077422e-09,     0.00868983452,   1.115045057e-07,                 0,   1.283160289e-05,    0.003126620632
          0,           0,        2238,      -11.85211292,      -12.45942914,       -13.0281788,      -12.47601724,      -16.32566905,     0.01574983121,    0.008689834603,   1.109112877e-07,                 0,                 0,                 0,   6.300157497e-09,    0.008689834603,   1.109112877e-07,                 0,   1.276333702e-05,    0.003126620632
          0,           0,        2239,      -11.85329389,      -12.46141685,      -13.03043067,       -12.4775627,      -16.32925011,     0.01574983121,    0.008689834686,   1.103210751e-07,                 0,                 0,                 0,   6.190081453e-09,    0.008689834686,   1.103210751e-07,                 0,   1.269541701e-05,    0.003126620632
          0,           0,        2240,      -11.85447371,       -12.4634294,      -13.03256119,       -12.4791466,      -16.33283564,     0.01574983121,    0.008689834769,   1.097338544e-07,                 0,                 0,                 0,    6.08055269e-09,    0.008689834769,   1.097338544e-07,                 0,   1.262784131e-05,    0.003126620632
          0,           0,        2241,      -11.85565442,      -12.46543314,      -13.03479027,      -12.48074967,      -16.33642567,     0.01574983121,    0.008689834851,   1.091495829e-07,                 0,                 0,                 0,   5.971558905e-09,    0.008689834851,   1.091495829e-07,                 0,   1.256060498e-05,    0.003126620632
          0,           0,        2242,      -11.85683288,      -12.46743549,      -13.03691248,      -12.48232128,      -16.34002023,     0.01574983121,    0.008689834933,   1.085682381e-07,                 0,                 0,                 0,    5.86309826e-09,    0.008689834933,   1.085682381e-07,                 0,   1.249370546e-05,    0.003126620632
          0,           0,        2243,      -11.85801313,       -12.4694439,      -13.03913156,      -12.48391136,      -16.34361944,     0.01574983121,    0.008689835014,   1.079898628e-07,                 0,                 0,                 0,   5.755181534e-09,    0.008689835014,   1.079898628e-07,                 0,   1.242714765e-05,    0.003126620632
          0,           0,        2244,      -11.85919258,      -12.47145289,       -13.0413446,      -12.48547501,      -16.34722338,     0.01574983121,    0.008689835095,   1.074144306e-07,                 0,                 0,                 0,   5.647799343e-09,    0.008689835095,   1.074144306e-07,                 0,   1.236092854e-05,    0.003126620632
          0,           0,        2245,      -11.86037142,      -12.47347256,       -13.0434895,      -12.48708196,      -16.35083196,     0.01574983121,    0.008689835176,   1.068418377e-07,                 0,                 0,                 0,   5.540928919e-09,    0.008689835176,   1.068418377e-07,                 0,   1.229503616e-05,    0.003126620632
          0,           0,        2246,      -11.86155026,      -12.47549172,      -13.04566444,      -12.48865519,      -16.35444525,     0.01574983121,    0.008689835257,   1.062721735e-07,                 0,                 0,                 0,   5.434595581e-09,    0.008689835257,   1.062721735e-07,                 0,   1.222948081e-05,    0.003126620632
          0,           0,        2247,      -11.86272853,      -12.47749605,      -13.04800704,      -12.49020445,      -16.35806329,     0.01574983121,    0.008689835337,   1.057053559e-07,                 0,                 0,                 0,   5.328780921e-09,    0.008689835337,   1.057053559e-07,                 0,   1.216425304e-05,    0.003126620632
          0,           0,        2248,      -11.86390739,      -12.47950407,      -13.05012669,      -12.49177638,      -16.36168608,     0.01574983121,    0.008689835417,   1.051413774e-07,                 0,                 0,                 0,   5.223484148e-09,    0.008689835417,   1.051413774e-07,                 0,   1.209935199e-05,    0.003126620632
          0,           0,        2249,      -11.86508435,        -12.481514,       -13.0522188,      -12.49336837,       -16.3653137,     0.01574983121,    0.008689835497,   1.045802299e-07,                 0,                 0,                 0,   5.118702437e-09,    0.008689835497,   1.045802299e-07,                 0,   1.203477671e-05,    0.003126620632
          0,           0,        2250,      -11.86626269,      -12.48353924,      -13.05454985,      -12.49497178,      -16.36894616,     0.01574983121,    0.008689835576,   1.040219474e-07,                 0,                 0,                 0,   5.014445876e-09,    0.008689835576,   1.040219474e-07,                 0,   1.197053114e-05,    0.003126620632
          0,           0,        2251,      -11.86743899,       -12.4855592,      -13.05680971,      -12.49657101,      -16.37258351,     0.01574983121,    0.008689835655,   1.034664539e-07,                 0,                 0,                 0,   4.910694662e-09,    0.008689835655,   1.034664539e-07,                 0,   1.190660653e-05,    0.003126620632
          0,           0,        2252,       -11.8686165,      -12.48757005,       -13.0590105,      -12.49812705,      -16.37622581,     0.01574983121,    0.008689835734,   1.029137602e-07,                 0,                 0,                 0,   4.807449206e-09,    0.008689835734,   1.029137602e-07,                 0,   1.184300409e-05,    0.003126620632
          0,           0,        2253,      -11.86979396,      -12.48959103,      -13.06134205,      -12.49973153,      -16.37987307,     0.01574983121,    0.008689835812,   1.023638183e-07,                 0,                 0,                 0,   4.704712223e-09,    0.008689835812,   1.023638183e-07,                 0,   1.177971834e-05,    0.003126620632
          0,           0,        2254,      -11.87096935,      -12.49163198,      -13.06343171,      -12.50131188,      -16.38352535,     0.01574983121,     0.00868983589,   1.018166234e-07,                 0,                 0,                 0,    4.60247747e-09,     0.00868983589,   1.018166234e-07,                 0,   1.171674871e-05,    0.003126620632
          0,           0,        2255,      -11.87214726,      -12.49364973,       -13.0657986,      -12.50287892,      -16.38718268,     0.01574983121,    0.008689835968,    1.01272168e-07,                 0,                 0,                 0,   4.500738911e-09,    0.008689835968,    1.01272168e-07,                 0,   1.165409433e-05,    0.003126620632
          0,           0,        2256,      -11.87332304,      -12.49567115,      -13.06802958,      -12.50444899,       -16.3908451,     0.01574983121,    0.008689836045,   1.007304676e-07,                 0,                 0,                 0,   4.399502495e-09,    0.008689836045,   1.007304676e-07,                 0,   1.159175697e-05,    0.003126620632
          0,           0,        2257,      -11.87449804,      -12.49769154,      -13.07022507,      -12.50600604,      -16.39451265,     0.01574983121,    0.008689836122,    1.00191461e-07,                 0,                 0,                 0,   4.298759029e-09,    0.008689836122,    1.00191461e-07,                 0,   1.152972963e-05,    0.003126620632
          0,           0,        2258,      -11.87567403,      -12.49972964,      -13.07249032,      -12.50762547,      -16.39818539,     0.01574983121,    0.008689836199,   9.965519323e-08,                 0,                 0,                 0,   4.198516866e-09,    0.008689836199,   9.965519323e-08,                 0,   1.146801746e-05,    0.003126620632
          0,           0,        2259,      -11.87684836,      -12.50175734,      -13.07470366,      -12.50920629,      -16.40186335,     0.01574983121,    0.008689836276,   9.912156271e-08,                 0,                 0,                 0,   4.098756821e-09,    0.008689836276,   9.912156271e-08,                 0,   1.140660877e-05,    0.003126620632
          0,           0,        2260,      -11.87802372,      -12.50379532,      -13.07708892,      -12.51077606,      -16.40554655,     0.01574983121,    0.008689836352,   9.859061431e-08,                 0,                 0,                 0,   3.999483736e-09,    0.008689836352,   9.859061431e-08,                 0,   1.134550874e-05,    0.003126620632
          0,           0,        2261,      -11.87919823,      -12.50581668,      -13.07935435,      -12.51233461,      -16.40923508,     0.01574983121,    0.008689836428,   9.806232129e-08,                 0,                 0,                 0,   3.900692675e-09,    0.008689836428,   9.806232129e-08,                 0,   1.128471429e-05,    0.003126620632
          0,           0,        2262,      -11.88037287,      -12.50786168,      -13.08150749,      -12.51394662,      -16.41292894,     0.01574983121,    0.008689836504,   9.753663197e-08,                 0,                 0,                 0,   3.802380894e-09,    0.008689836504,   9.753663197e-08,                 0,   1.122421946e-05,    0.003126620632
          0,           0,        2263,      -11.88154765,       -12.5099006,      -13.08387991,      -12.51553257,      -16.41662818,     0.01574983121,    0.008689836579,   9.701361209e-08,                 0,                 0,                 0,   3.704558958e-09,    0.008689836579,   9.701361209e-08,                 0,   1.116403182e-05,    0.003126620632
          0,           0,        2264,      -11.88272024,      -12.51192463,      -13.08620658,       -12.5170727,      -16.42033286,     0.01574983121,    0.008689836655,   9.649318667e-08,                 0,                 0,                 0,   3.607209886e-09,    0.008689836655,   9.649318667e-08,                 0,   1.110414275e-05,    0.003126620632
          0,           0,        2265,      -11.88389427,      -12.51396727,      -13.08842803,      -12.51867773,      -16.42404301,     0.01574983121,    0.008689836729,   9.597533678e-08,                 0,                 0,                 0,   3.510332117e-09,    0.008689836729,   9.597533678e-08,                 0,   1.104455006e-05,    0.003126620632
          0,           0,        2266,      -11.88506751,      -12.51599024,      -13.09071248,      -12.52021514,      -16.42775866,     0.01574983121,    0.008689836804,   9.546007649e-08,                 0,                 0,                 0,   3.413924983e-09,    0.008689836804,   9.546007649e-08,                 0,   1.098525538e-05,    0.003126620632
          0,           0,        2267,      -11.88624115,      -12.51804454,        -13.093074,      -12.52186062,      -16.43147987,     0.01574983121,    0.008689836878,   9.494738718e-08,                 0,                 0,                 0,   3.317989202e-09,    0.008689836878,   9.494738718e-08,                 0,   1.092625656e-05,    0.003126620632
          0,           0,        2268,      -11.88741222,      -12.52008925,      -13.09542987,      -12.52341517,      -16.43520667,     0.01574983121,    0.008689836952,   9.443724427e-08,                 0,                 0,                 0,   3.222518854e-09,    0.008689836952,   9.443724427e-08,                 0,   1.086755077e-05,    0.003126620632
          0,           0,        2269,      -11.88858446,      -12.52214705,      -13.09768816,      -12.52500284,      -16.43893914,     0.01574983121,    0.008689837026,   9.392963232e-08,                 0,                 0,                 0,    3.12751251e-09,    0.008689837026,   9.392963232e-08,                 0,   1.080913624e-05,    0.003126620632
          0,           0,        2270,      -11.88975667,      -12.52417622,      -13.10000479,      -12.52656137,       -16.4426773,     0.01574983121,      0.0086898371,   9.342453437e-08,                 0,                 0,                 0,   3.032965213e-09,      0.0086898371,   9.342453437e-08,                 0,   1.075101101e-05,    0.003126620632
          0,           0,        2271,      -11.89092935,      -12.52622839,      -13.10230942,       -12.5281458,      -16.44642119,     0.01574983121,    0.008689837173,   9.292196633e-08,                 0,                 0,                 0,   2.938881472e-09,    0.008689837173,   9.292196633e-08,                 0,   1.069317692e-05,    0.003126620632
          0,           0,        2272,      -11.89210085,      -12.52825903,      -13.10471473,      -12.52970793,      -16.45017083,     0.01574983121,    0.008689837246,   9.242188567e-08,                 0,                 0,                 0,   2.845251746e-09,    0.008689837246,   9.242188567e-08,                 0,   1.063562908e-05,    0.003126620632
          0,           0,        2273,      -11.89327281,      -12.53032081,      -13.10692243,      -12.53130346,      -16.45392631,     0.01574983121,    0.008689837318,   9.192430247e-08,                 0,                 0,                 0,    2.75208123e-09,    0.008689837318,   9.192430247e-08,                 0,   1.057836863e-05,    0.003126620632
          0,           0,        2274,      -11.89444339,      -12.53238026,      -13.10939536,      -12.53290801,      -16.45768766,     0.01574983121,    0.008689837391,   9.142918107e-08,                 0,                 0,                 0,   2.659363032e-09,    0.008689837391,   9.142918107e-08,                 0,   1.052139148e-05,    0.003126620632
          0,           0,        2275,       -11.8956134,      -12.53442099,      -13.11178633,      -12.53443842,      -16.46145492,     0.01574983121,    0.008689837463,   9.093650681e-08,                 0,                 0,                 0,   2.567086095e-09,    0.008689837463,   9.093650681e-08,                 0,   1.046469594e-05,    0.003126620632
          0,           0,        2276,      -11.89678324,      -12.53647656,      -13.11401226,       -12.5360394,      -16.46522815,     0.01574983121,    0.008689837535,   9.044626656e-08,                 0,                 0,                 0,   2.475259706e-09,    0.008689837535,   9.044626656e-08,                 0,    1.04082805e-05,    0.003126620632
          0,           0,        2277,      -11.89795274,      -12.53853003,      -13.11629048,      -12.53761228,      -16.46900739,     0.01574983121,    0.008689837606,   8.995845175e-08,                 0,                 0,                 0,   2.383875964e-09,    0.008689837606,   8.995845175e-08,                 0,   1.035214417e-05,    0.003126620632
          0,           0,        2278,       -11.8991231,      -12.54059715,      -13.11877483,      -12.53923471,       -16.4727927,     0.01574983121,    0.008689837678,    8.94730746e-08,                 0,                 0,                 0,   2.292937959e-09,    0.008689837678,    8.94730746e-08,                 0,   1.029628837e-05,    0.003126620632
          0,           0,        2279,      -11.90029189,      -12.54265601,      -13.12119736,      -12.54078585,      -16.47658412,     0.01574983121,    0.008689837749,   8.899006549e-08,                 0,                 0,                 0,   2.202439187e-09,    0.008689837749,   8.899006549e-08,                 0,   1.024070507e-05,    0.003126620632
          0,           0,        2280,       -11.9014601,      -12.54470458,      -13.12352557,      -12.54234384,       -16.4803817,     0.01574983121,    0.008689837819,   8.850947361e-08,                 0,                 0,                 0,   2.112379131e-09,    0.008689837819,   8.850947361e-08,                 0,   1.018539994e-05,    0.003126620632
          0,           0,        2281,      -11.90262887,      -12.54677375,      -13.12589588,      -12.54391634,      -16.48418549,     0.01574983121,     0.00868983789,   8.803126087e-08,                 0,                 0,                 0,   2.022759271e-09,     0.00868983789,   8.803126087e-08,                 0,    1.01303686e-05,    0.003126620632
          0,           0,        2282,      -11.90379627,      -12.54884654,       -13.1282076,      -12.54549915,      -16.48799556,     0.01574983121,     0.00868983796,   8.755539212e-08,                 0,                 0,                 0,   1.933563455e-09,     0.00868983796,   8.755539212e-08,                 0,   1.007560699e-05,    0.003126620632
          0,           0,        2283,      -11.90496519,      -12.55092058,       -13.1305696,      -12.54711108,      -16.49181192,     0.01574983121,     0.00868983803,   8.708183833e-08,                 0,                 0,                 0,   1.844795192e-09,     0.00868983803,   8.708183833e-08,                 0,   1.002111179e-05,    0.003126620632
          0,           0,        2284,      -11.90613223,      -12.55297724,      -13.13296313,      -12.54864038,      -16.49563465,     0.01574983121,      0.0086898381,   8.661067084e-08,                 0,                 0,                 0,   1.756460558e-09,      0.0086898381,   8.661067084e-08,                 0,   9.966891194e-06,    0.003126620632
          0,           0,        2285,      -11.90730021,      -12.55504084,      -13.13547229,       -12.5502182,       -16.4994638,     0.01574983121,     0.00868983817,   8.614180929e-08,                 0,                 0,                 0,   1.668553761e-09,     0.00868983817,   8.614180929e-08,                 0,   9.912935961e-06,    0.003126620632
          0,           0,        2286,      -11.90846645,      -12.55710136,      -13.13786269,      -12.55177669,      -16.50329943,     0.01574983121,    0.008689838239,   8.567527827e-08,                 0,                 0,                 0,   1.581076687e-09,    0.008689838239,   8.567527827e-08,                 0,    9.85924892e-06,    0.003126620632
          0,           0,        2287,      -11.90963439,      -12.55917494,      -13.14035718,      -12.55335262,      -16.50714156,     0.01574983121,    0.008689838308,   8.521102716e-08,                 0,                 0,                 0,   1.494015046e-09,    0.008689838308,   8.521102716e-08,                 0,   9.805824245e-06,    0.003126620632
          0,           0,        2288,      -11.91080001,      -12.56124107,        -13.142716,      -12.55489636,      -16.51099026,     0.01574983121,    0.008689838377,   8.474907076e-08,                 0,                 0,                 0,   1.407369905e-09,    0.008689838377,   8.474907076e-08,                 0,   9.752663639e-06,    0.003126620632
          0,           0,        2289,      -11.91196532,      -12.56331406,      -13.14512943,      -12.55648091,      -16.51484559,     0.01574983121,    0.008689838445,   8.428937359e-08,                 0,                 0,                 0,   1.321147224e-09,    0.008689838445,   8.428937359e-08,                 0,   9.699763018e-06,    0.003126620632
          0,           0,        2290,      -11.91313109,      -12.56538469,       -13.1475352,      -12.55807616,      -16.51870759,     0.01574983121,    0.008689838513,   8.383192222e-08,                 0,                 0,                 0,     1.2353362e-09,    0.008689838513,   8.383192222e-08,                 0,    9.64712084e-06,    0.003126620632
          0,           0,        2291,      -11.91429667,      -12.56745379,      -13.14988776,       -12.5596572,      -16.52257633,     0.01574983121,    0.008689838581,   8.337674558e-08,                 0,                 0,                 0,   1.149943905e-09,    0.008689838581,   8.337674558e-08,                 0,   9.594740431e-06,    0.003126620632
          0,           0,        2292,      -11.91546093,      -12.56955073,      -13.15236299,      -12.56125146,      -16.52645185,     0.01574983121,    0.008689838649,   8.292379621e-08,                 0,                 0,                 0,   1.064955725e-09,    0.008689838649,   8.292379621e-08,                 0,   9.542616331e-06,    0.003126620632
          0,           0,        2293,      -11.91662572,      -12.57161823,      -13.15495632,       -12.5628092,      -16.53033422,     0.01574983121,    0.008689838717,   8.247308706e-08,                 0,                 0,                 0,   9.803814342e-10,    0.008689838717,   8.247308706e-08,                 0,   9.490750029e-06,    0.003126620632
          0,           0,        2294,      -11.91778969,      -12.57370016,      -13.15731428,      -12.56437582,      -16.53422346,     0.01574983121,    0.008689838784,   8.202459166e-08,                 0,                 0,                 0,   8.962146915e-10,    0.008689838784,   8.202459166e-08,                 0,   9.439138481e-06,    0.003126620632
          0,           0,        2295,      -11.91895225,      -12.57578447,      -13.15979131,      -12.56593768,      -16.53811966,     0.01574983121,    0.008689838851,   8.157828378e-08,                 0,                 0,                 0,   8.124506755e-10,    0.008689838851,   8.157828378e-08,                 0,   9.387778666e-06,    0.003126620632
          0,           0,        2296,      -11.92011698,      -12.57786893,      -13.16216273,      -12.56752541,      -16.54202284,     0.01574983121,    0.008689838918,   8.113416394e-08,                 0,                 0,                 0,   7.290862126e-10,    0.008689838918,   8.113416394e-08,                 0,   9.336670645e-06,    0.003126620632
          0,           0,        2297,      -11.92128049,      -12.57996142,      -13.16485974,      -12.56911273,      -16.54593308,     0.01574983121,    0.008689838985,   8.069225986e-08,                 0,                 0,                 0,   6.461293794e-10,    0.008689838985,   8.069225986e-08,                 0,   9.285817609e-06,    0.003126620632
          0,           0,        2298,      -11.92244194,      -12.58202725,       -13.1672279,       -12.5706187,      -16.54985042,     0.01574983121,    0.008689839051,   8.025247435e-08,                 0,                 0,                 0,   5.635630851e-10,    0.008689839051,   8.025247435e-08,                 0,   9.235208371e-06,    0.003126620632
          0,           0,        2299,      -11.92360435,      -12.58411122,      -13.16968733,      -12.57218201,      -16.55377493,     0.01574983121,    0.008689839117,   7.981487301e-08,                 0,                 0,                 0,   4.813992675e-10,    0.008689839117,   7.981487301e-08,                 0,   9.184850482e-06,    0.003126620632
          0,           0,        2300,      -11.92476628,      -12.58620904,      -13.17209336,      -12.57380805,      -16.55770664,     0.01574983121,    0.008689839183,   7.937941369e-08,                 0,                 0,                 0,   3.996278714e-10,    0.008689839183,   7.937941369e-08,                 0,   9.134739092e-06,    0.003126620632
          0,           0,        2301,       -11.9259272,       -12.5882932,      -13.17471206,      -12.57535889,      -16.56164564,     0.01574983121,    0.008689839249,   7.894607669e-08,                 0,                 0,                 0,   3.182474638e-10,    0.008689839249,   7.894607669e-08,                 0,   9.084871933e-06,    0.003126620632
          0,           0,        2302,      -11.92708871,      -12.59039138,      -13.17724952,      -12.57692233,      -16.56559198,     0.01574983121,    0.008689839314,   7.851487238e-08,                 0,                 0,                 0,   2.372575806e-10,    0.008689839314,   7.851487238e-08,                 0,   9.035250197e-06,    0.003126620632
          0,           0,        2303,      -11.92824991,      -12.59248862,      -13.17968393,      -12.57850456,      -16.56954567,     0.01574983121,    0.008689839379,   7.808578004e-08,                 0,                 0,                 0,   1.566602253e-10,    0.008689839379,   7.808578004e-08,                 0,   8.985871502e-06,    0.003126620632
          0,           0,        2304,      -11.92941032,      -12.59459768,      -13.18214724,      -12.58006641,      -16.57350683,     0.01574983121,    0.008689839444,   7.765876655e-08,                 0,                 0,                 0,   7.644188247e-11,    0.008689839444,   7.765876655e-08,                 0,   8.936732037e-06,    0.003126620632
          0,           0,        2305,      -11.93057094,      -12.59670216,      -13.18476543,      -12.58164421,      -16.57747547,     0.01574983121,    0.008689839509,   7.723384974e-08,                 0,                 0,                 0,   -3.38942718e-12,    0.008689839509,   7.723384974e-08,                 0,    8.88783385e-06,    0.003126620632
          0,           0,        2306,      -11.93173064,      -12.59878266,      -13.18724084,      -12.58316242,      -16.58145165,     0.01574983121,    0.008689839574,   7.681102784e-08,                 0,                 0,                 0,  -8.283461652e-11,    0.008689839574,   7.681102784e-08,                 0,   8.839176741e-06,    0.003126620632
          0,           0,        2307,      -11.93288943,      -12.60089377,      -13.18988242,      -12.58475427,      -16.58543544,     0.01574983121,    0.008689839638,   7.639024791e-08,                 0,                 0,                 0,  -1.619062789e-10,    0.008689839638,   7.639024791e-08,                 0,   8.790754616e-06,    0.003126620632
          0,           0,        2308,      -11.93404835,      -12.60298579,      -13.19235116,      -12.58631684,      -16.58942704,     0.01574983121,    0.008689839702,   7.597153474e-08,                 0,                 0,                 0,  -2.405921348e-10,    0.008689839702,   7.597153474e-08,                 0,   8.742570329e-06,    0.003126620632
          0,           0,        2309,      -11.93520683,      -12.60509846,      -13.19495403,       -12.5879237,      -16.59342643,     0.01574983121,    0.008689839766,   7.555490481e-08,                 0,                 0,                 0,  -3.188980004e-10,    0.008689839766,   7.555490481e-08,                 0,   8.694625775e-06,    0.003126620632
          0,           0,        2310,      -11.93636522,      -12.60717824,      -13.19752862,      -12.58942424,      -16.59743361,     0.01574983121,     0.00868983983,   7.514026321e-08,                 0,                 0,                 0,  -3.968373052e-10,     0.00868983983,   7.514026321e-08,                 0,   8.646910033e-06,    0.003126620632
          0,           0,        2311,      -11.93752233,      -12.60929229,      -13.19988533,      -12.59099945,      -16.60144864,     0.01574983121,    0.008689839893,   7.472762984e-08,                 0,                 0,                 0,  -4.744047607e-10,    0.008689839893,   7.472762984e-08,                 0,   8.599425393e-06,    0.003126620632
          0,           0,        2312,      -11.93867898,      -12.61141393,      -13.20252382,      -12.59262779,      -16.60547155,     0.01574983121,    0.008689839956,   7.431701136e-08,                 0,                 0,                 0,  -5.516056543e-10,    0.008689839956,   7.431701136e-08,                 0,   8.552172621e-06,    0.003126620632
          0,           0,        2313,      -11.93983664,      -12.61350462,      -13.20526194,      -12.59414599,      -16.60950242,     0.01574983121,    0.008689840019,   7.390840435e-08,                 0,                 0,                 0,  -6.284321602e-10,    0.008689840019,   7.390840435e-08,                 0,   8.505151325e-06,    0.003126620632
          0,           0,        2314,      -11.94099304,      -12.61562283,      -13.20776655,      -12.59570458,      -16.61354134,     0.01574983121,    0.008689840082,   7.350180241e-08,                 0,                 0,                 0,  -7.048850617e-10,    0.008689840082,   7.350180241e-08,                 0,   8.458360766e-06,    0.003126620632
          0,           0,        2315,      -11.94214993,       -12.6177573,      -13.21022249,      -12.59730074,      -16.61758831,     0.01574983121,    0.008689840145,   7.309718857e-08,                 0,                 0,                 0,  -7.809725147e-10,    0.008689840145,   7.309718857e-08,                 0,   8.411798992e-06,    0.003126620632
          0,           0,        2316,      -11.94330497,      -12.61985599,      -13.21301962,      -12.59880549,      -16.62164343,     0.01574983121,    0.008689840207,   7.269454379e-08,                 0,                 0,                 0,  -8.566986922e-10,    0.008689840207,   7.269454379e-08,                 0,   8.365463813e-06,    0.003126620632
          0,           0,        2317,      -11.94446052,      -12.62196897,      -13.21545773,      -12.60037319,      -16.62570673,     0.01574983121,    0.008689840269,   7.229381111e-08,                 0,                 0,                 0,  -9.320756257e-10,    0.008689840269,   7.229381111e-08,                 0,   8.319348672e-06,    0.003126620632
          0,           0,        2318,      -11.94561606,      -12.62407946,      -13.21820315,      -12.60194729,      -16.62977827,     0.01574983121,    0.008689840331,   7.189505957e-08,                 0,                 0,                 0,  -1.007085199e-09,    0.008689840331,   7.189505957e-08,                 0,   8.273461518e-06,    0.003126620632
          0,           0,        2319,      -11.94677112,      -12.62620335,      -13.22074791,      -12.60352265,      -16.63385811,     0.01574983121,    0.008689840393,   7.149827228e-08,                 0,                 0,                 0,  -1.081730343e-09,    0.008689840393,   7.149827228e-08,                 0,   8.227800402e-06,    0.003126620632
          0,           0,        2320,      -11.94792373,      -12.62831301,      -13.22343822,      -12.60507021,      -16.63794633,     0.01574983121,    0.008689840455,   7.110338603e-08,                 0,                 0,                 0,  -1.156022101e-09,    0.008689840455,   7.110338603e-08,                 0,   8.182358054e-06,    0.003126620632
          0,           0,        2321,       -11.9490774,      -12.63044354,      -13.22607733,      -12.60661395,      -16.64204297,     0.01574983121,    0.008689840516,    7.07104387e-08,                 0,                 0,                 0,  -1.229961852e-09,    0.008689840516,    7.07104387e-08,                 0,   8.137138831e-06,    0.003126620632
          0,           0,        2322,      -11.95023064,      -12.63255809,       -13.2286706,      -12.60814686,       -16.6461481,     0.01574983121,    0.008689840577,   7.031937314e-08,                 0,                 0,                 0,  -1.303554055e-09,    0.008689840577,   7.031937314e-08,                 0,   8.092136158e-06,    0.003126620632
          0,           0,        2323,      -11.95138451,      -12.63468495,      -13.23119729,      -12.60972462,      -16.65026176,     0.01574983121,    0.008689840638,   6.993023809e-08,                 0,                 0,                 0,  -1.376788281e-09,    0.008689840638,   6.993023809e-08,                 0,   8.047355642e-06,    0.003126620632
          0,           0,        2324,      -11.95253635,      -12.63680719,      -13.23414228,      -12.61125841,      -16.65438402,     0.01574983121,    0.008689840699,   6.954297853e-08,                 0,                 0,                 0,  -1.449675712e-09,    0.008689840699,   6.954297853e-08,                 0,   8.002790954e-06,    0.003126620632
          0,           0,        2325,      -11.95368903,      -12.63894021,      -13.23659741,      -12.61283635,      -16.65851491,     0.01574983121,    0.008689840759,   6.915759269e-08,                 0,                 0,                 0,  -1.522217539e-09,    0.008689840759,   6.915759269e-08,                 0,   7.958441887e-06,    0.003126620632
          0,           0,        2326,      -11.95484034,      -12.64106695,      -13.23930966,      -12.61439401,      -16.66265453,     0.01574983121,    0.008689840819,   6.877408362e-08,                 0,                 0,                 0,  -1.594412307e-09,    0.008689840819,   6.877408362e-08,                 0,   7.914308795e-06,    0.003126620632
          0,           0,        2327,      -11.95599162,      -12.64319789,      -13.24196019,      -12.61595496,       -16.6668029,     0.01574983121,     0.00868984088,    6.83924398e-08,                 0,                 0,                 0,  -1.666261802e-09,     0.00868984088,    6.83924398e-08,                 0,    7.87039035e-06,    0.003126620632
          0,           0,        2328,       -11.9571425,      -12.64531105,      -13.24462857,      -12.61749303,      -16.67096012,     0.01574983121,     0.00868984094,   6.801262786e-08,                 0,                 0,                 0,  -1.737773681e-09,     0.00868984094,   6.801262786e-08,                 0,   7.826682713e-06,    0.003126620632
          0,           0,        2329,      -11.95829262,      -12.64744426,      -13.24743298,       -12.6190392,      -16.67512619,     0.01574983121,    0.008689840999,   6.763468917e-08,                 0,                 0,                 0,   -1.80893677e-09,    0.008689840999,   6.763468917e-08,                 0,   7.783190645e-06,    0.003126620632
          0,           0,        2330,      -11.95944202,      -12.64958964,      -13.25006355,      -12.62060327,      -16.67930121,     0.01574983121,    0.008689841059,    6.72585862e-08,                 0,                 0,                 0,  -1.879764422e-09,    0.008689841059,    6.72585862e-08,                 0,   7.739909826e-06,    0.003126620632
          0,           0,        2331,      -11.96059134,       -12.6517182,      -13.25279648,      -12.62213776,      -16.68348519,     0.01574983121,    0.008689841118,   6.688428225e-08,                 0,                 0,                 0,  -1.950259568e-09,    0.008689841118,   6.688428225e-08,                 0,   7.696836034e-06,    0.003126620632
          0,           0,        2332,      -11.96173978,      -12.65383784,      -13.25550951,      -12.62368591,      -16.68767824,     0.01574983121,    0.008689841177,   6.651179266e-08,                 0,                 0,                 0,  -2.020419264e-09,    0.008689841177,   6.651179266e-08,                 0,   7.653971034e-06,    0.003126620632
          0,           0,        2333,      -11.96288933,      -12.65597847,      -13.25809416,       -12.6252555,      -16.69188038,     0.01574983121,    0.008689841236,   6.614114422e-08,                 0,                 0,                 0,  -2.090233818e-09,    0.008689841236,   6.614114422e-08,                 0,   7.611317909e-06,    0.003126620632
          0,           0,        2334,      -11.96403811,      -12.65813215,      -13.26099934,       -12.6268336,      -16.69609164,     0.01574983121,    0.008689841295,   6.577226993e-08,                 0,                 0,                 0,  -2.159724147e-09,    0.008689841295,   6.577226993e-08,                 0,   7.568868946e-06,    0.003126620632
          0,           0,        2335,      -11.96518402,      -12.66026374,      -13.26365438,      -12.62833204,       -16.7003121,     0.01574983121,    0.008689841354,   6.540516597e-08,                 0,                 0,                 0,  -2.228887901e-09,    0.008689841354,   6.540516597e-08,                 0,    7.52662371e-06,    0.003126620632
          0,           0,        2336,      -11.96633127,      -12.66242074,      -13.26647739,      -12.62990503,      -16.70454184,     0.01574983121,    0.008689841412,   6.503984039e-08,                 0,                 0,                 0,  -2.297722045e-09,    0.008689841412,   6.503984039e-08,                 0,   7.484583125e-06,    0.003126620632
          0,           0,        2337,      -11.96747874,      -12.66455732,        -13.269217,      -12.63142856,      -16.70878086,     0.01574983121,     0.00868984147,   6.467629907e-08,                 0,                 0,                 0,  -2.366224228e-09,     0.00868984147,   6.467629907e-08,                 0,   7.442747867e-06,    0.003126620632
          0,           0,        2338,       -11.9686244,      -12.66669771,      -13.27196028,      -12.63295179,      -16.71302925,     0.01574983121,    0.008689841528,   6.431453596e-08,                 0,                 0,                 0,  -2.434400443e-09,    0.008689841528,   6.431453596e-08,                 0,   7.401117241e-06,    0.003126620632
          0,           0,        2339,       -11.9697707,      -12.66883791,      -13.27461388,      -12.63449236,      -16.71728704,     0.01574983121,    0.008689841586,    6.39545189e-08,                 0,                 0,                 0,  -2.502251085e-09,    0.008689841586,    6.39545189e-08,                 0,   7.359687547e-06,    0.003126620632
          0,           0,        2340,       -11.9709158,      -12.67100118,      -13.27731369,      -12.63607632,       -16.7215543,     0.01574983121,    0.008689841644,    6.35962088e-08,                 0,                 0,                 0,  -2.569785994e-09,    0.008689841644,    6.35962088e-08,                 0,   7.318454283e-06,    0.003126620632
          0,           0,        2341,      -11.97206161,       -12.6731381,       -13.2802796,      -12.63761927,      -16.72583104,     0.01574983121,    0.008689841701,   6.323966388e-08,                 0,                 0,                 0,  -2.636995402e-09,    0.008689841701,   6.323966388e-08,                 0,   7.277424153e-06,    0.003126620632
          0,           0,        2342,      -11.97320545,      -12.67528664,      -13.28311251,      -12.63918052,      -16.73011737,     0.01574983121,    0.008689841758,   6.288484257e-08,                 0,                 0,                 0,  -2.703886602e-09,    0.008689841758,   6.288484257e-08,                 0,   7.236592371e-06,    0.003126620632
          0,           0,        2343,      -11.97434859,      -12.67740626,      -13.28599216,      -12.64064656,       -16.7344133,     0.01574983121,    0.008689841815,    6.25317516e-08,                 0,                 0,                 0,  -2.770455723e-09,    0.008689841815,    6.25317516e-08,                 0,   7.195959711e-06,    0.003126620632
          0,           0,        2344,      -11.97549275,      -12.67958067,      -13.28855753,      -12.64224475,      -16.73871887,     0.01574983121,    0.008689841872,   6.218033427e-08,                 0,                 0,                 0,  -2.836708604e-09,    0.008689841872,   6.218033427e-08,                 0,    7.15551965e-06,    0.003126620632
          0,           0,        2345,      -11.97663496,      -12.68171637,      -13.29150325,      -12.64372557,      -16.74303416,     0.01574983121,    0.008689841929,   6.183061076e-08,                 0,                 0,                 0,  -2.902656301e-09,    0.008689841929,   6.183061076e-08,                 0,   7.115274509e-06,    0.003126620632
          0,           0,        2346,      -11.97777905,      -12.68387556,      -13.29439905,      -12.64528921,      -16.74735923,     0.01574983121,    0.008689841986,   6.148258153e-08,                 0,                 0,                 0,  -2.968291049e-09,    0.008689841986,   6.148258153e-08,                 0,    7.07522434e-06,    0.003126620632
          0,           0,        2347,      -11.97892109,      -12.68603768,      -13.29731251,      -12.64685295,      -16.75169407,     0.01574983121,    0.008689842042,   6.113625607e-08,                 0,                 0,                 0,  -3.033606304e-09,    0.008689842042,   6.113625607e-08,                 0,   7.035370238e-06,    0.003126620632
          0,           0,        2348,       -11.9800623,      -12.68817795,      -13.30005834,      -12.64835238,      -16.75603876,     0.01574983121,    0.008689842098,   6.079160989e-08,                 0,                 0,                 0,  -3.098609346e-09,    0.008689842098,   6.079160989e-08,                 0,   6.995709381e-06,    0.003126620632
          0,           0,        2349,      -11.98120384,      -12.69033637,      -13.30283471,      -12.64990594,      -16.76039333,     0.01574983121,    0.008689842154,   6.044862553e-08,                 0,                 0,                 0,  -3.163306292e-09,    0.008689842154,   6.044862553e-08,                 0,   6.956239763e-06,    0.003126620632
          0,           0,        2350,      -11.98234384,      -12.69248597,       -13.3057669,       -12.6514236,      -16.76475785,     0.01574983121,     0.00868984221,   6.010728114e-08,                 0,                 0,                 0,  -3.227700282e-09,     0.00868984221,   6.010728114e-08,                 0,   6.916958869e-06,    0.003126620632
          0,           0,        2351,      -11.98348407,      -12.69462911,      -13.30872261,      -12.65292213,       -16.7691323,     0.01574983121,    0.008689842266,   5.976757591e-08,                 0,                 0,                 0,  -3.291789952e-09,    0.008689842266,   5.976757591e-08,                 0,   6.877866604e-06,    0.003126620632
          0,           0,        2352,      -11.98462357,      -12.69681918,      -13.31132594,      -12.65449976,      -16.77351679,     0.01574983121,    0.008689842321,   5.942951791e-08,                 0,                 0,                 0,  -3.355575982e-09,    0.008689842321,   5.942951791e-08,                 0,   6.838963898e-06,    0.003126620632
          0,           0,        2353,      -11.98576357,      -12.69898129,      -13.31431551,      -12.65606175,      -16.77791133,     0.01574983121,    0.008689842376,   5.909311136e-08,                 0,                 0,                 0,  -3.419049514e-09,    0.008689842376,   5.909311136e-08,                 0,   6.800251236e-06,    0.003126620632
          0,           0,        2354,      -11.98690109,      -12.70111727,      -13.31758358,      -12.65753315,      -16.78231595,     0.01574983121,    0.008689842432,   5.875832476e-08,                 0,                 0,                 0,  -3.482223825e-09,    0.008689842432,   5.875832476e-08,                 0,   6.761724994e-06,    0.003126620632
          0,           0,        2355,      -11.98803955,      -12.70330885,      -13.32000356,      -12.65909708,      -16.78673069,     0.01574983121,    0.008689842487,   5.842515902e-08,                 0,                 0,                 0,  -3.545098025e-09,    0.008689842487,   5.842515902e-08,                 0,   6.723385275e-06,    0.003126620632
          0,           0,        2356,       -11.9891779,      -12.70546832,      -13.32317658,      -12.66064268,      -16.79115557,     0.01574983121,    0.008689842541,   5.809358467e-08,                 0,                 0,                 0,  -3.607681493e-09,    0.008689842541,   5.809358467e-08,                 0,    6.68522869e-06,    0.003126620632
          0,           0,        2357,      -11.99031547,      -12.70762464,      -13.32607237,      -12.66216112,       -16.7955906,     0.01574983121,    0.008689842596,   5.776361128e-08,                 0,                 0,                 0,  -3.669967014e-09,    0.008689842596,   5.776361128e-08,                 0,   6.647256339e-06,    0.003126620632
          0,           0,        2358,      -11.99145106,      -12.70978309,      -13.32904474,      -12.66365899,      -16.80003585,     0.01574983121,     0.00868984265,   5.743524905e-08,                 0,                 0,                 0,  -3.731952409e-09,     0.00868984265,   5.743524905e-08,                 0,   6.609469396e-06,    0.003126620632
          0,           0,        2359,      -11.99258754,      -12.71195228,      -13.33202263,      -12.66519337,      -16.80449131,     0.01574983121,    0.008689842705,   5.710847309e-08,                 0,                 0,                 0,  -3.793640005e-09,    0.008689842705,   5.710847309e-08,                 0,   6.571864996e-06,    0.003126620632
          0,           0,        2360,      -11.99372413,      -12.71412379,      -13.33479309,      -12.66671843,      -16.80895704,     0.01574983121,    0.008689842759,   5.678326215e-08,                 0,                 0,                 0,  -3.855037681e-09,    0.008689842759,   5.678326215e-08,                 0,   6.534440694e-06,    0.003126620632
          0,           0,        2361,      -11.99485818,      -12.71630012,      -13.33782663,      -12.66824614,      -16.81343303,     0.01574983121,    0.008689842813,   5.645962054e-08,                 0,                 0,                 0,  -3.916149566e-09,    0.008689842813,   5.645962054e-08,                 0,   6.497196987e-06,    0.003126620632
          0,           0,        2362,      -11.99599369,      -12.71845814,      -13.34082441,       -12.6697572,      -16.81791927,     0.01574983121,    0.008689842867,   5.613756297e-08,                 0,                 0,                 0,   -3.97696604e-09,    0.008689842867,   5.613756297e-08,                 0,   6.460135567e-06,    0.003126620632
          0,           0,        2363,      -11.99712781,      -12.72064176,      -13.34383268,      -12.67128488,      -16.82241583,     0.01574983121,     0.00868984292,   5.581705647e-08,                 0,                 0,                 0,   -4.03749023e-09,     0.00868984292,   5.581705647e-08,                 0,   6.423252639e-06,    0.003126620632
          0,           0,        2364,      -11.99826128,       -12.7227938,      -13.34697959,      -12.67276966,      -16.82692272,     0.01574983121,    0.008689842974,   5.549807455e-08,                 0,                 0,                 0,  -4.097736306e-09,    0.008689842974,   5.549807455e-08,                 0,   6.386545156e-06,    0.003126620632
          0,           0,        2365,      -11.99939515,      -12.72495662,      -13.34991229,      -12.67429752,      -16.83143985,     0.01574983121,    0.008689843027,   5.518065071e-08,                 0,                 0,                 0,  -4.157690348e-09,    0.008689843027,   5.518065071e-08,                 0,   6.350016972e-06,    0.003126620632
          0,           0,        2366,      -12.00052767,      -12.72716371,      -13.35282327,      -12.67584401,      -16.83596735,     0.01574983121,     0.00868984308,    5.48647382e-08,                 0,                 0,                 0,  -4.217366568e-09,     0.00868984308,    5.48647382e-08,                 0,   6.313662709e-06,    0.003126620632
